wave,flux,uncertainty
3821.3299652622804,30.82044005413794,inf
3822.7130231845263,17.208080020404,inf
3824.0960811067725,-19.203701410069982,0.29783578268313254
3825.4791390290184,-58.06358449064173,0.30582119663139296
3826.8621969512647,-76.17514055571839,0.3097816107261318
3828.2452548735105,-121.48322155859869,0.32029200500787813
3829.6283127957568,-153.79663108632573,0.328689706285999
3831.0113707180026,-200.48237466425275,0.3434541675044192
3832.394428640249,-270.0747692896331,0.3682241388875102
3833.7774865624947,-347.7539522329496,0.4023986173938016
3835.160544484741,-384.78756155061285,0.4220393961857254
3836.543602406987,-353.1670025480847,0.40439005606972783
3837.926660329233,-279.53221411938745,0.37294445865838194
3839.309718251479,-233.25128867975243,0.3555445813504812
3840.6927761737247,-180.86677652813714,0.33920288312193353
3842.075834095971,-126.37679858101913,0.3273231357301615
3843.458892018217,-88.07193791609589,0.3181283000906369
3844.841949940463,-54.370147234886524,0.31185037637065205
3846.225007862709,-25.198225954307027,0.3066897672938434
3847.608065784955,-0.4657290265005827,0.30150441424684865
3848.991123707201,19.154866900382004,0.2980051809431376
3850.3741816294473,25.732088204019718,0.2958740981977993
3851.757239551693,44.03261085853576,0.2929987114846348
3853.1402974739394,67.12148658215885,0.289501748903318
3854.5233553961853,63.15979494865504,0.2899492714719942
3855.9064133184315,46.31111149523384,0.29329781283878414
3857.2894712406774,45.18763972207638,0.2940642736895756
3858.672529162923,48.92759954422948,0.2944022863021974
3860.0555870851695,58.85296713757603,0.292478072739703
3861.4386450074153,84.07232392903757,0.2881262467018197
3862.8217029296616,102.48070367185869,0.28494516659593255
3864.2047608519074,109.8237549805038,0.28305781747645786
3865.5878187741537,112.92612576887552,0.2818658662594928
3866.9708766963995,107.7743886694489,0.2826029812746918
3868.353934618646,102.02992630553473,0.2825786076418516
3869.7369925408916,93.91225825619338,0.2846558551616512
3871.120050463138,53.96298649411194,0.2918285581496278
3872.5031083853837,19.669430436570565,0.298441626776303
3873.88616630763,22.501013905715887,0.2976703034850504
3875.269224229876,26.95575780278439,0.29547684049661105
3876.6522821521216,3.402152803124956,0.3000815986642193
3878.035340074368,-74.15025744941087,0.3164861642999818
3879.4183979966137,-73.76788336954507,0.31511211803411454
3880.80145591886,-64.24809616139987,0.3131954419709858
3882.184513841106,-108.89047990988556,0.32251361031818127
3883.567571763352,-149.80400528543373,0.33311713171597734
3884.950629685598,-217.55780677844305,0.3529469978116169
3886.3336876078442,-288.7043626403119,0.3802075820527089
3887.71674553009,-371.6376355442681,0.4194649884724899
3889.0998034523363,-400.48481436226916,0.43354388635826435
3890.482861374582,-345.63250587853577,0.40367358646688695
3891.8659192968285,-271.7775040836203,0.3689003154543634
3893.2489772190743,-214.56142097442358,0.3473968745697235
3894.63203514132,-187.6148110730421,0.3368715522267681
3896.0150930635664,-142.85151954606226,0.3229695399348335
3897.398150985812,-109.37726953780142,0.3144490235027308
3898.7812089080585,-102.4118552474317,0.31162062526716683
3900.1642668303043,-92.61901808148647,0.3086392915747108
3901.5473247525506,-51.52810144739915,0.30055857015978693
3902.9303826747964,-31.2551260695884,0.2959267616268136
3904.3134405970427,-31.286243066342337,0.295404661066706
3905.6964985192885,-13.042037800071938,0.29145902150129605
3907.079556441535,27.742621114167306,0.2840235735155418
3908.4626143637806,74.85817866338539,0.27714927071979206
3909.845672286027,77.7960139573672,0.2750881487370807
3911.2287302082727,80.76667172793177,0.2747253596786873
3912.6117881305186,44.74176180996818,0.28019994746484184
3913.994846052765,33.394654757869546,0.2818667727156669
3915.3779039750107,54.589400161501416,0.2785758308963335
3916.760961897257,63.383755001010364,0.27649278049372056
3918.144019819503,54.96556918471982,0.2774121710515208
3919.527077741749,57.766156694417646,0.2768516733196678
3920.910135663995,64.99732042235797,0.2755404479177143
3922.293193586241,74.44608961292357,0.27391834817310445
3923.676251508487,77.14454041504129,0.27267047342649525
3925.0593094307333,86.82749110488263,0.2719508630834559
3926.442367352979,72.37158441813473,0.27412997291307956
3927.8254252752254,40.58575650594466,0.27829097423402394
3929.208483197471,-9.473435800749293,0.2866052069732398
3930.591541119717,-102.83416868878065,0.3055751547224328
3931.9745990419633,-299.3886421750475,0.3618449375354987
3933.357656964209,-444.9658088043941,0.38952246562167314
3934.7407148864554,-339.92646562159933,0.3755787605195741
3936.1237728087012,-134.19024317091058,0.31216293917858456
3937.5068307309475,-26.974717103433445,0.2872696469765507
3938.8898886531933,16.916508337537696,0.2790404336347372
3940.2729465754396,53.25615598572963,0.2740923749123804
3941.6560044976854,41.95049647922866,0.275084805414595
3943.0390624199317,11.402326194655563,0.2784817409217639
3944.4221203421775,6.617562167804563,0.2797707582367136
3945.805178264424,22.357159244740537,0.27763389307788694
3947.1882361866697,7.557767467641425,0.280094524233987
3948.5712941089155,-8.43351404241919,0.28265275819873287
3949.9543520311618,-16.280627828652698,0.2840303252265279
3951.3374099534076,-24.368975357514536,0.28567034724763407
3952.720467875654,-36.766109900037065,0.28708569650693405
3954.1035257978997,-33.667428297686364,0.28738287289776443
3955.486583720146,-72.76725360488489,0.2928749246371413
3956.869641642392,-104.77570792957076,0.29890768379287475
3958.252699564638,-111.71876074572462,0.3000253815562265
3959.635757486884,-128.71305800134806,0.2816146375268284
3961.01881540913,-180.29815286486036,0.3117097129195473
3962.401873331376,-207.77128200952706,0.3215113064507164
3963.784931253622,-238.72586131048865,0.329331352384077
3965.167989175868,-288.30495786432664,0.3435735892440865
3966.551047098114,-382.07479167835953,0.37781066625384685
3967.93410502036,-495.97495717604534,0.43365119159377025
3969.317162942606,-545.1898834432546,0.46069044040157
3970.7002208648523,-467.31787450165143,0.42191872407614694
3972.083278787098,-365.6088767036253,0.3720390740597671
3973.4663367093444,-292.9458634349147,0.34664435841045194
3974.8493946315903,-219.2848268965847,0.3259108087790551
3976.2324525538365,-188.43895397312923,0.31910544863634804
3977.6155104760824,-152.2224409667155,0.31129987003787934
3978.9985683983286,-116.35430276909803,0.3041830969959265
3980.3816263205745,-105.26275832959331,0.30176613431910804
3981.7646842428203,-91.77426285065243,0.30074198001176156
3983.1477421650666,-70.27135728927509,0.2967502443877331
3984.5308000873124,-52.9302102610213,0.29472040726530646
3985.9138580095587,-63.82531087500168,0.2963297293981534
3987.2969159318045,-49.62400367197402,0.29447093067163826
3988.679973854051,-29.892963220662338,0.29104078584200654
3990.0630317762966,-9.8637236601066,0.2876530013729975
3991.446089698543,19.364394387239884,0.28312367025970203
3992.8291476207887,36.25141187107069,0.2804494216798004
3994.212205543035,38.91879085010913,0.2801513265456156
3995.595263465281,30.224171020108887,0.28227961672029056
3996.978321387527,11.266348917381936,0.28511463316420466
3998.361379309773,16.80534512718113,0.2845151957353773
3999.7444372320188,37.26262344977981,0.2811511263307556
4001.127495154265,43.033968195031754,0.279855751425114
4002.510553076511,44.04036250392217,0.2795820605571802
4003.893610998757,37.69586534540808,0.2810881764100268
4005.276668921003,8.133002313844909,0.28481605471133364
4006.6597268432492,34.868784725022365,0.2808476069048697
4008.042784765495,63.74643682424314,0.27641466136186393
4009.4258426877414,45.474984479783004,0.27758082555060004
4010.808900609987,33.03647156878276,0.279126321035061
4012.1919585322335,25.380574721631763,0.2801671919457664
4013.5750164544793,29.831328453693544,0.2794316611524528
4014.9580743767256,23.271400999425452,0.27952656825440836
4016.3411322989714,36.896370378210406,0.2775437780009344
4017.724190221217,46.45083336474482,0.2759158522673555
4019.1072481434635,51.79871497275912,0.2751026277467407
4020.4903060657093,52.56064877600014,0.27526577707266764
4021.8733639879556,33.67952005436434,0.27764709374049856
4023.2564219102014,23.49590847388003,0.279506095598427
4024.6394798324477,13.654840989919604,0.28040088581862455
4026.0225377546935,29.47352737098504,0.27810448391773385
4027.40559567694,46.566785810043,0.2752716556012607
4028.7886535991856,29.55303847891131,0.2776657596012555
4030.171711521432,-1.5823072358524648,0.28268653308579633
4031.5547694436777,-7.640779831017708,0.2834273108741445
4032.937827365924,12.08074797804669,0.28100024965895537
4034.32088528817,3.887817176432142,0.2814381351293338
4035.7039432104157,19.549467682581927,0.27946990227759616
4037.087001132662,42.252621094926674,0.2754610281222682
4038.470059054908,57.16125828161265,0.27281895069333173
4039.853116977154,46.750997242767326,0.2746581207785086
4041.2361748994,43.697958493835735,0.27433211778490835
4042.619232821646,50.28176971178036,0.2745975343598056
4044.002290743892,16.605254407753044,0.2792530695449958
4045.3853486661383,-3.383214950476951,0.2827323293126421
4046.768406588384,-2.7065771821775213,0.2828167074352437
4048.1514645106304,42.475436753302844,0.2760371264936418
4049.534522432876,32.589792716033315,0.27600255401018814
4050.9175803551225,44.57462522255832,0.27601705826611955
4052.3006382773683,35.58563684283234,0.27723462363951373
4053.683696199614,26.24534070097078,0.2783220424969096
4055.0667541218604,30.13377640613254,0.2780047508820085
4056.4498120441062,20.39830406021911,0.2791837518477957
4057.8328699663525,16.63063794146157,0.27952580964532425
4059.2159278885983,38.78139786561764,0.2764972261943327
4060.5989858108446,35.25462252087551,0.27672334244624885
4061.9820437330904,21.4678481092271,0.2790702973192191
4063.3651016553367,4.024048713348585,0.2804564914434356
4064.7481595775826,34.46662280291529,0.2736310258374653
4066.131217499829,30.10948332464833,0.2766442972984369
4067.5142754220747,3.619289418409731,0.28171897622787806
4068.897333344321,17.522997973919313,0.2805956734531523
4070.2803912665668,2.87463140612482,0.282799395713949
4071.6634491888126,-12.595814780361952,0.28524247731752145
4073.046507111059,-4.992327321955216,0.28422309738766954
4074.4295650333047,4.88840356373648,0.28285501103476535
4075.812622955551,-25.275010505088044,0.28827975078020884
4077.195680877797,-66.43295208872142,0.29562719619911154
4078.578738800043,-69.141869572596,0.2956328305165722
4079.961796722289,-37.148653035321836,0.29077195939186684
4081.344854644535,-24.34072696957964,0.2885453409996767
4082.727912566781,-44.1064874803926,0.2913938640035413
4084.1109704890273,-64.36746202932196,0.295284083156131
4085.494028411273,-82.3613864189445,0.2986000727990044
4086.8770863335194,-91.02432358474181,0.30043731436364834
4088.260144255765,-98.6980880759817,0.3018889201573005
4089.643202178011,-113.72975924979028,0.30531649752456697
4091.0262601002573,-136.58632816961006,0.3102787364445011
4092.4093180225036,-162.61327696567278,0.3164516191688065
4093.7923759447494,-189.4866495087461,0.323538822082051
4095.1754338669953,-217.37372317142916,0.3309046268223436
4096.558491789241,-262.170362446536,0.3437480077980982
4097.941549711488,-306.039947296473,0.3599124409845604
4099.324607633734,-380.3980607823506,0.3896320046039086
4100.7076655559795,-453.80856519797715,0.4263950759862201
4102.090723478225,-481.9972534634779,0.44132820026992037
4103.473781400472,-410.677789653962,0.40483695733568303
4104.856839322718,-337.2915562308869,0.3710598165834495
4106.239897244964,-281.045368646104,0.3509507938853583
4107.6229551672095,-246.73580753159703,0.33957652655910603
4109.006013089456,-212.96848931792493,0.329946817870766
4110.389071011702,-188.98997111445306,0.32351712048481646
4111.772128933948,-166.224688308487,0.3176541562713508
4113.155186856194,-132.81155947923247,0.30978891040517603
4114.53824477844,-119.60092658462719,0.3065042112256121
4115.921302700686,-92.41999191590725,0.3009058505109678
4117.304360622932,-95.23980706806893,0.3012600275667443
4118.687418545178,-98.29584121126017,0.3015824426570676
4120.070476467424,-78.3057404825569,0.29844769824247247
4121.4535343896705,-64.32819209390563,0.2952521397136304
4122.836592311916,-57.79867184220125,0.2939368332092525
4124.219650234162,-38.31715978848439,0.29049219664558473
4125.602708156408,-44.29097032134772,0.29158791405580686
4126.985766078655,-48.84203276047067,0.2922705969006513
4128.3688240009005,-39.15330334779917,0.2909514861320075
4129.751881923146,-42.257942207463955,0.29141142832106787
4131.134939845392,-41.281819660409205,0.2914164920748159
4132.517997767638,-51.51758897372995,0.292950615933809
4133.901055689885,-32.918602602860304,0.29004564665721644
4135.284113612131,-11.817289017493477,0.2862944454057381
4136.667171534376,0.0,0.28441685579524073
4138.050229456622,4.564064611445756,0.2835162035767058
4139.433287378869,13.259992479223323,0.2822767013520273
4140.816345301115,14.963319614275362,0.28225147620139696
4142.199403223361,-4.755540066848198,0.28596528961538725
4143.582461145606,-28.583025656722768,0.28992333879492277
4144.965519067853,-7.726243246795056,0.2864009682153281
4146.348576990099,-7.9122346749447985,0.2865962345195596
4147.731634912345,-2.0707325515725943,0.2860142560906881
4149.114692834591,3.341931292957927,0.28507865330571514
4150.4977507568365,10.18980972268378,0.28400597386756166
4151.880808679083,14.583254071847582,0.2836051364526625
4153.263866601329,-5.58446060941117,0.286818418411403
4154.646924523575,-17.65484221942086,0.28904373585688137
4156.029982445821,-12.10941980784471,0.2880313630132662
4157.413040368067,-11.78936671363111,0.2888171664422776
4158.796098290313,-1.609510634580083,0.2864972294541519
4160.179156212559,3.209379158237498,0.28567147976971574
4161.562214134805,-5.320808932190647,0.28737494908977385
4162.945272057052,-9.826467003736093,0.2882524480947678
4164.328329979297,-1.671256177134647,0.28694067206802
4165.711387901543,12.37712937371026,0.28479946587107136
4167.094445823789,-2.571968526648979,0.2872497176564641
4168.477503746035,13.96720546859996,0.2848384219881129
4169.860561668282,12.620258436083365,0.2854145826096787
4171.2436195905275,-18.059791070536594,0.29055726651770614
4172.626677512773,-38.25679022668605,0.2939020367169732
4174.009735435019,-22.649413397450022,0.2918248927997366
4175.392793357266,0.23625316624845638,0.2877419428808545
4176.775851279512,-10.417043604738824,0.2899227361052838
4178.1589092017575,-30.13889220138514,0.2932528584417448
4179.541967124003,-12.963842403102827,0.29028436208033187
4180.92502504625,5.260456298449034,0.28736905965343407
4182.308082968496,7.374675051156609,0.28761916499964485
4183.691140890742,-0.6395105791377325,0.2884442719234723
4185.074198812988,16.82057146780089,0.28568366044279797
4186.457256735233,-1.002872562515947,0.28895406030344356
4187.84031465748,-10.518469574965126,0.29036795943891774
4189.223372579726,9.088660544547658,0.28738369180914847
4190.606430501972,13.774426366820382,0.286305252499413
4191.989488424218,11.37260834901877,0.28582877818909835
4193.372546346464,32.102233000832676,0.2836994704132002
4194.75560426871,36.27400877611363,0.2833470509379244
4196.138662190956,7.834580795569325,0.28815820407834913
4197.521720113202,2.528486974333493,0.2894614981863458
4198.9047780354485,-5.371212672021342,0.2904053259976437
4200.287835957694,13.282470740402964,0.28800397318069093
4201.67089387994,13.826228567781676,0.2873334144620839
4203.053951802186,14.817335247120624,0.28726071101176837
4204.437009724432,28.944304466710058,0.28485148929158194
4205.820067646679,41.50223906783046,0.282589811252057
4207.203125568924,51.443449415142865,0.28103593089395595
4208.58618349117,33.53552347198595,0.2834671785395636
4209.969241413416,28.595015950360917,0.28413702186026085
4211.352299335663,46.03963164613136,0.2817658237456566
4212.735357257909,40.47993192352659,0.2825132993387135
4214.118415180154,14.052921067263808,0.28672160197957347
4215.5014731024,-9.806810425543024,0.2906445898310439
4216.884531024647,3.4747055235822373,0.28847887907922626
4218.267588946893,25.824868854643334,0.28467406785154065
4219.650646869139,24.53920739417816,0.28467350500913335
4221.0337047913845,26.89691204721051,0.2850662791813616
4222.41676271363,23.313158127786373,0.28530405246027696
4223.799820635877,6.47497815853437,0.28774621825924246
4225.182878558123,-16.0668082409449,0.2929486876289956
4226.565936480369,-47.49178643304161,0.29812542136451037
4227.9489944026145,-17.333485881196836,0.29293440950969263
4229.332052324861,27.65545417161206,0.2847761275246194
4230.715110247107,37.84686710543455,0.28331943471877286
4232.098168169353,5.002354318100172,0.28958964490617856
4233.481226091599,-23.199455017533964,0.2936727629077528
4234.8642840138455,-4.802637824422076,0.2914837096183426
4236.247341936091,6.97214289055203,0.28927863981807383
4237.630399858337,13.98951875799432,0.28786726425050924
4239.013457780583,10.482105014087516,0.28870029719134843
4240.396515702829,7.607735134223949,0.28924280681618664
4241.7795736250755,14.165096704902076,0.28797305622656744
4243.162631547321,16.49359849329027,0.2875667704318721
4244.545689469567,12.307687895054784,0.28814955775061174
4245.928747391813,-7.669649477002542,0.2918724443974425
4247.31180531406,-31.74982384814159,0.2948068940799961
4248.6948632363055,-12.337720222551456,0.2926550811545508
4250.077921158551,-18.712169541922723,0.293325941636737
4251.460979080797,-13.31115819738333,0.2922795889045412
4252.844037003044,9.164368797555941,0.28849196825931483
4254.22709492529,0.5361282223277215,0.28975605841699276
4255.610152847536,9.128127167461768,0.28829138506551966
4256.993210769781,18.270355079030814,0.287169482103162
4258.376268692027,6.452557058842212,0.28902320062038317
4259.759326614274,-8.137374879680513,0.29161958296230867
4261.14238453652,-16.871655536043576,0.2938220227124946
4262.525442458766,8.151303790579934,0.28927412102629985
4263.908500381011,19.47710855871188,0.28721728272634606
4265.291558303258,24.022371467720696,0.2866222163047168
4266.674616225504,23.55201207800183,0.28693599664414904
4268.05767414775,17.01367932769693,0.28820396728351516
4269.440732069996,1.0135619110733007,0.29160014181473004
4270.823789992242,-29.718899145852276,0.29649126022445244
4272.206847914488,-35.23394832075814,0.29863978098189925
4273.589905836734,-16.795032082533982,0.2950370631942014
4274.97296375898,-6.917870425641324,0.29315233761318044
4276.356021681226,6.633981323658501,0.2910204315973874
4277.739079603472,25.503057100638483,0.2879568467708017
4279.122137525718,27.361692817092536,0.2874246827222508
4280.505195447964,31.702544270447248,0.28726432592204637
4281.88825337021,11.926266249984883,0.2906833914942159
4283.271311292457,-6.597387043619991,0.29406249450258976
4284.6543692147025,10.285270528528564,0.27164993170996227
4286.037427136948,2.423582973015831,0.2726140949334381
4287.420485059194,-15.535699546823997,0.27617831970728407
4288.803542981441,-39.17670976021247,0.3009200404337779
4290.186600903687,-41.76422296322948,0.30124835654721244
4291.5696588259325,-7.714856974129639,0.2952830438482978
4292.952716748178,0.5159512917476694,0.2940644477576732
4294.335774670424,-7.282832867153365,0.2956053232655988
4295.718832592671,-3.061773103607429,0.29484378170323233
4297.101890514917,-5.804020780140812,0.29560968050409786
4298.4849484371625,-39.41557536916888,0.30229132569852024
4299.868006359408,-63.1967039299687,0.3074369801429955
4301.251064281655,-65.20966382803296,0.30833152832800537
4302.634122203901,-57.91084958610468,0.30664467023309894
4304.017180126147,-31.11761522995641,0.30163009334240964
4305.400238048393,-17.43321364999282,0.2989721611386189
4306.783295970639,-38.24842618967417,0.30280464070438573
4308.166353892885,-49.42188673221729,0.3055014947167665
4309.549411815131,-30.782282315031466,0.30129077544063854
4310.932469737377,-7.978268076609159,0.29771637562298214
4312.315527659623,-31.51090161889069,0.3022006867175049
4313.698585581869,-69.9936364686632,0.3097724589435124
4315.081643504115,-74.29873218915886,0.31067174640138967
4316.464701426361,-41.14248848318904,0.30487493355303213
4317.847759348607,-37.59139438065842,0.3036409224672189
4319.230817270854,-48.632698604979346,0.30587823626939004
4320.613875193099,-62.50773334308203,0.3092272736086199
4321.996933115345,-59.66249197170413,0.30882848538314944
4323.379991037591,-65.95924376156928,0.3107702275541688
4324.763048959838,-97.90859385998729,0.3173691782187118
4326.146106882084,-106.62146688459997,0.3197224837920423
4327.529164804329,-98.30177671516351,0.318238618736136
4328.912222726575,-99.68666056066975,0.3191721014750168
4330.295280648821,-129.14237457950014,0.32632743386035384
4331.678338571068,-143.90005286786564,0.3310015510659098
4333.061396493314,-160.17656763825747,0.33594165274418186
4334.444454415559,-196.1549942030608,0.347145282312227
4335.827512337805,-241.59966214919007,0.36308557327057206
4337.210570260051,-299.4570919846586,0.3867324923651768
4338.593628182298,-369.3842461166914,0.42186410474753006
4339.976686104544,-424.63866720484924,0.4525075309459097
4341.3597440267895,-408.0450199718635,0.44445594230109947
4342.742801949036,-333.867547855837,0.40290320504441557
4344.125859871282,-273.7638540396044,0.37590461647948026
4345.508917793528,-226.64250219845766,0.35824444717025467
4346.891975715774,-184.8244192579445,0.3449016306656991
4348.2750336380195,-158.16225415933678,0.33693703692827437
4349.658091560266,-140.93186835876853,0.33241685918628044
4351.041149482512,-144.43293561212155,0.332740477876768
4352.424207404758,-137.46231744570935,0.3303186361799638
4353.807265327004,-102.17225727190231,0.3217139201187354
4355.19032324925,-70.18359323434292,0.3143262835359998
4356.573381171496,-58.70638644577493,0.31062540765425706
4357.956439093742,-48.62238396999882,0.30885256540260625
4359.339497015988,-55.78007267773786,0.3100283634654206
4360.722554938235,-38.32068178479355,0.3070437914353143
4362.1056128604805,-23.0451041784519,0.30387399567907103
4363.488670782726,-10.559343178394421,0.3015947965172218
4364.871728704972,-9.778049304170093,0.30124670036796447
4366.254786627218,-11.615162348953541,0.3019087105826507
4367.637844549465,-19.95244513729955,0.3033804911520108
4369.0209024717105,-20.551375466907015,0.3036093436136628
4370.403960393956,-1.994299249522618,0.3000462242696643
4371.787018316202,3.931944815333278,0.29864045783677656
4373.170076238448,0.5913500319869902,0.29965533495851226
4374.553134160695,-26.969414125295195,0.3045270059695561
4375.936192082941,-15.383877970212891,0.3020500517254553
4377.319250005186,23.85878593867576,0.29595032851726977
4378.702307927433,19.251705240215426,0.2951925098207881
4380.085365849679,22.94079221568542,0.29503629858958147
4381.468423771925,23.057081335108673,0.29523371470110454
4382.851481694171,-17.10824112713634,0.3031329686257015
4384.234539616416,-31.37883990284804,0.3064414742235581
4385.617597538663,-22.621696031816597,0.3046088854304235
4387.000655460909,-0.18355078469899855,0.30023650797405027
4388.383713383155,11.368410847694818,0.29789321735190527
4389.766771305401,14.87752140630122,0.2969142066486101
4391.1498292276465,24.46827742499319,0.29544788302354313
4392.532887149893,20.71824547207578,0.29606808792774186
4393.915945072139,-7.223659654338837,0.3014423641346801
4395.299002994385,-24.013770442867656,0.305025598989562
4396.682060916632,13.62735455039181,0.2978155927350481
4398.065118838877,15.119962241648771,0.2977704648838942
4399.448176761123,-4.190999535779666,0.3015992037085116
4400.831234683369,-14.143249383463127,0.3027080111920645
4402.214292605615,9.644903107891203,0.29923678579363744
4403.597350527862,5.928005625082847,0.2988392857486573
4404.9804084501075,-0.11161257814831993,0.30057037319677193
4406.363466372353,16.300209383914996,0.29762339736206356
4407.746524294599,13.171664598369942,0.29814637885647016
4409.129582216845,13.017428120055415,0.29820730851227595
4410.512640139092,14.842767575351509,0.2977529246598889
4411.8956980613375,26.12496681309718,0.2964508822842376
4413.278755983583,14.174413480278238,0.2982859054210724
4414.66181390583,-11.104456226441961,0.30306355589544104
4416.044871828076,-33.3317917246315,0.3075955280881094
4417.427929750322,-28.330597513253046,0.30662312459445223
4418.8109876725675,-6.968014550062264,0.3020303748931241
4420.194045594813,26.347943092435784,0.2957936906418282
4421.57710351706,15.740580341135868,0.2977943772583573
4422.960161439306,8.02011213695365,0.2981492680697234
4424.343219361552,10.64014741619852,0.2986981318025264
4425.726277283798,13.280925279390198,0.29791087272616645
4427.109335206043,9.50998431629389,0.29821394254832806
4428.49239312829,20.884202325011024,0.2965125247475842
4429.875451050536,21.952269318305113,0.2960426559876734
4431.258508972782,21.349034231614255,0.2960801192457124
4432.6415668950285,21.17996191182828,0.2964164178312487
4434.024624817274,-0.8584540741353539,0.30121821124261583
4435.40768273952,-7.090487590124608,0.3015853700051547
4436.790740661766,14.485818443992743,0.2979786731739895
4438.173798584012,20.18859176524621,0.29642016047096603
4439.556856506259,18.138912172638744,0.29696354587813495
4440.939914428504,6.513537471206092,0.29959637807819944
4442.32297235075,-26.619391356667627,0.30535750116727745
4443.706030272996,-38.679214524104374,0.30723698858936216
4445.089088195242,-8.590276405613357,0.30166247165579957
4446.472146117489,17.835358154365352,0.2964663717960031
4447.855204039734,13.980539003194771,0.29674650821207726
4449.23826196198,3.558753440463693,0.29891508473129247
4450.621319884227,-7.602547639328163,0.3010321718249648
4452.004377806473,2.3914813919347684,0.29935826650946457
4453.387435728719,-4.593243433447003,0.30085805355042866
4454.770493650964,-20.792875750960423,0.30378517844465086
4456.15355157321,-18.516773382863896,0.30320050570330087
4457.536609495457,1.3508690648247552,0.29986927601713054
4458.919667417703,1.0903967935004633,0.29924434188402976
4460.302725339949,3.998007150117507,0.2989689856874002
4461.6857832621945,8.49435614940056,0.29812471038669475
4463.06884118444,4.415803863499297,0.29892524187451947
4464.451899106687,2.816199180389545,0.2992110707271346
4465.834957028933,3.36335175312515,0.2991390857147856
4467.218014951179,-12.118564395599869,0.30304452922934977
4468.601072873425,-33.0728469140106,0.3063746458474769
4469.984130795671,-20.325539186246825,0.3046473961926936
4471.367188717917,-2.4677182188060485,0.3005198483637907
4472.750246640163,6.647306305048408,0.2985540816010632
4474.133304562409,17.84187731982986,0.29665830679222754
4475.5163624846555,7.942381790199458,0.29843249038071434
4476.899420406901,1.6091941279555733,0.29986854852029526
4478.282478329147,8.71749965006613,0.2982240648890607
4479.665536251393,-24.00413770143772,0.3058895211924174
4481.048594173639,-65.01959276113088,0.3135818178670697
4482.4316520958855,-41.218277886091364,0.30919936055969466
4483.814710018131,0.6795370421816314,0.3009824173616611
4485.197767940377,8.34645102721931,0.29860096165744293
4486.580825862624,18.279045846400297,0.2977388136739991
4487.96388378487,0.3557065376327282,0.300200936134495
4489.346941707116,-9.445748036697587,0.3022840588886312
4490.729999629361,-15.345723053775622,0.3037391069802137
4492.113057551607,0.009543541923318077,0.3005797298103008
4493.496115473854,4.5046043651827015,0.2997853750492117
4494.8791733961,-4.16244147819739,0.30105393432032396
4496.262231318346,12.313062887440479,0.2985619741385046
4497.645289240591,8.173802994441042,0.29901130694913847
4499.028347162837,7.5546125157628135,0.3000212708613161
4500.411405085084,-12.699966289395451,0.3035897855279355
4501.79446300733,-24.752453535441973,0.30595953898245254
4503.177520929576,-9.06309363270805,0.30337696833455524
4504.560578851822,9.017921261729501,0.29976893056514914
4505.943636774068,7.929064618448859,0.3000359201290908
4507.326694696314,-9.230991811984973,0.303418693316209
4508.70975261856,-12.454886638115845,0.3039546156339703
4510.092810540806,2.4894475710823625,0.3010559442746122
4511.475868463052,16.427150978064216,0.29860845503372474
4512.858926385298,8.608936419387014,0.29994016236846593
4514.241984307544,-4.158458080840974,0.3025073874317913
4515.62504222979,-10.895757047990575,0.3036694141849226
4517.008100152036,4.910410906681912,0.30130570137882373
4518.391158074282,-2.6630376158354934,0.3023899763749163
4519.774215996528,-5.419908436207287,0.3034436536748576
4521.157273918774,-11.203957810185667,0.304296601808644
4522.540331841021,-13.773568376904324,0.3049869923526673
4523.923389763267,-7.49039851762195,0.3036097795117035
4525.3064476855125,4.187203956028377,0.3015240086366764
4526.689505607758,-2.9583272624383974,0.30278749891529
4528.072563530004,-11.858465643494068,0.30451195381629764
4529.455621452251,-18.082621311288815,0.3059925076364069
4530.838679374497,-5.555404874588124,0.30383797013190506
4532.2217372967425,-6.884774638865652,0.30440262681892294
4533.604795218988,-39.069891330746664,0.30983181965404266
4534.987853141234,-23.960297544701312,0.30751188103520694
4536.370911063481,3.507983705668702,0.3016509421790218
4537.753968985727,19.572649148218424,0.2982901545627893
4539.1370269079725,16.222946211974154,0.2990929411805148
4540.520084830219,12.694699680598656,0.29982900080401353
4541.903142752465,9.006805767932011,0.296033034538708
4543.286200674711,11.865341365929854,0.2794371236095277
4544.669258596957,12.55784421768016,0.2792682118487513
4546.052316519203,10.877065222521527,0.3006700446252332
4547.435374441449,-3.718503942231602,0.30387789212821414
4548.818432363695,-33.57316152219469,0.3099080455411888
4550.201490285941,-41.25556964892138,0.3118297122196764
4551.584548208187,-11.994557329852833,0.3062021125492599
4552.967606130433,-5.915360991818965,0.3042615234312818
4554.350664052679,-30.491368549272647,0.31054578477704625
4555.733721974925,-31.675840810599453,0.3101860807812082
4557.116779897171,-11.029162062759589,0.3061718875129185
4558.499837819418,-5.10996281878458,0.3050286431145498
4559.882895741664,3.2722105580064604,0.302888215622569
4561.265953663909,15.06376411501191,0.3012924624266932
4562.649011586155,1.7014676330207852,0.3036810631494203
4564.032069508401,-19.189698485351023,0.3077857351371233
4565.415127430648,-9.28376529634334,0.3061073740459954
4566.798185352894,13.622369690923072,0.30150928824874246
4568.181243275139,15.693469406977776,0.3008982728412399
4569.564301197385,9.653252528488512,0.3023274419528553
4570.947359119631,-5.01266388678192,0.3052836549187248
4572.330417041878,-12.647652459084547,0.3071498022533575
4573.713474964124,0.08600581139239516,0.3047075540215207
4575.0965328863695,0.4010245410957052,0.30443277493092963
4576.479590808616,-1.03087021950828,0.30490808921587886
4577.862648730862,1.530832542031746,0.3044535871918714
4579.245706653108,1.8045864375827327,0.30488266595999525
4580.628764575354,-9.862821468619643,0.30666915363440755
4582.0118224975995,-17.717365918019382,0.30931460669770977
4583.394880419846,-37.972015413246964,0.31321296745974914
4584.777938342092,-23.25578710510054,0.31073253244681914
4586.160996264338,-8.940671769404496,0.30706861268396257
4587.544054186584,-9.10004782751205,0.30732030761074536
4588.9271121088295,-21.044430957145654,0.30961712458138824
4590.310170031076,-11.994422988001777,0.3082737329457253
4591.693227953322,-7.8163001686697635,0.3072470708471332
4593.076285875568,0.0012750692502727645,0.3052749896754692
4594.459343797815,12.774301772756319,0.30308157117982837
4595.8424017200605,9.410346403092277,0.30341978677275727
4597.225459642306,7.06968811674423,0.3039906267343604
4598.608517564552,6.977744967319049,0.304175599353728
4599.991575486798,0.8229458775695644,0.30555803069168436
4601.374633409045,-0.05622144586631972,0.3055818581454168
4602.7576913312905,-2.484783002208649,0.30701460840961975
4604.140749253536,-5.199824786259542,0.30665768455098913
4605.523807175782,7.459700312841732,0.30439775287388576
4606.906865098028,16.16374569978708,0.3027227080155387
4608.289923020275,10.986889555267808,0.303426727897677
4609.672980942521,13.874735682941207,0.3033564933142228
4611.056038864766,2.665995833568517,0.305230612493952
4612.439096787013,2.8315540860343598,0.30534099124981656
4613.822154709259,7.135314535531573,0.30484434496003365
4615.205212631505,0.6493581685032455,0.3057683619430388
4616.588270553751,2.248877646952188,0.3060242612178631
4617.971328475996,-6.037118510224163,0.30763577972702644
4619.354386398243,-12.388439946406535,0.3089777315936445
4620.737444320489,-5.375377081564597,0.3075464053711416
4622.120502242735,-0.11772879229699118,0.30643393051251894
4623.503560164981,8.010826231761683,0.3050218615770006
4624.886618087226,-1.098333034650481,0.3060923481290832
4626.269676009473,11.14588052548218,0.30502788653463736
4627.652733931719,-7.734812951440734,0.3079977278886819
4629.035791853965,-14.954777507662405,0.30993850438129966
4630.418849776212,-14.894698497431218,0.30896199981001826
4631.801907698457,2.0388993462053575,0.3069290387372931
4633.184965620703,-7.943552123841281,0.30847467848971255
4634.568023542949,-7.504445141616921,0.3079376581654904
4635.951081465195,-3.604758407007363,0.3076943054492456
4637.334139387442,-1.0130801608529947,0.3070479252104416
4638.717197309687,-2.641173110842897,0.30743964416823666
4640.100255231933,-2.0935739050041313,0.30744166246828075
4641.483313154179,5.843483502259466,0.30568667122339066
4642.866371076425,5.6969105475170165,0.30572057529494256
4644.249428998672,2.200746367761041,0.3064292849677993
4645.6324869209175,4.838151118212777,0.3061950816528401
4647.015544843163,0.38567880186884107,0.30713044093794767
4648.39860276541,-5.215078544674367,0.3079574044450292
4649.781660687656,2.0121460867771654,0.3068315426960615
4651.164718609902,8.199016357219218,0.3055340575928127
4652.5477765321475,6.437806067275053,0.3059988365783508
4653.930834454393,3.282980777695961,0.3066390244135378
4655.31389237664,-4.499341378502091,0.30842943146377494
4656.696950298886,-4.699553358923738,0.30849503625394054
4658.080008221132,-0.22875387342001918,0.3075325738823652
4659.463066143378,6.2009674389578,0.3060997140046698
4660.846124065623,6.382051707838576,0.3061481960893511
4662.22918198787,5.056596273281743,0.3064939929837205
4663.612239910116,4.233696095242095,0.3064598836646905
4664.995297832362,6.379967590358245,0.3064109450830051
4666.3783557546085,-2.04305991598616,0.30805496618566736
4667.761413676854,-9.923610527588156,0.3096607682422315
4669.1444715991,-8.352810345160098,0.309702897890444
4670.527529521346,-5.125860286290721,0.30881856581976785
4671.910587443592,3.4445358881917105,0.30744583341333503
4673.2936453658385,1.3471757683418577,0.3075586149905256
4674.676703288084,-1.4639311615174821,0.3084033126107186
4676.05976121033,0.49750948449652466,0.3081635624187221
4677.442819132576,-8.220951022418078,0.3100447198563402
4678.825877054822,-4.043640208308554,0.3094088363215384
4680.208934977069,-6.0097900482386155,0.3098382904760554
4681.591992899314,-6.770047551906213,0.3099218584174346
4682.97505082156,-5.138384312745517,0.30973155817374215
4684.358108743807,0.48140986384916795,0.3085447532790437
4685.741166666053,4.253474628266668,0.3077068876352948
4687.124224588299,6.404620762731901,0.3073733900888868
4688.507282510544,8.12132961245026,0.3071140044939548
4689.89034043279,1.3467403091861065,0.30853731997067363
4691.273398355037,0.6569460549987443,0.3086612259023861
4692.656456277283,-2.545462589475707,0.3096974769755254
4694.039514199529,-6.64588922681378,0.31032211591878944
4695.4225721217745,-7.347040219329265,0.31075948138533
4696.80563004402,-8.612796128719571,0.3111894659831506
4698.188687966267,-2.1743651974654323,0.3091882969824699
4699.571745888513,-1.6914108959245213,0.3094986122360658
4700.954803810759,-6.738501554350839,0.31061469450493656
4702.337861733005,-19.36169263953756,0.31280756528023446
4703.720919655251,-16.253709814909143,0.31252333232245827
4705.103977577497,-5.8126963792237945,0.31067035411693794
4706.487035499743,-7.421438158656237,0.3106571921921916
4707.870093421989,-7.441172850509674,0.3110450351536301
4709.253151344235,-7.91607657310448,0.31084209542045776
4710.636209266481,1.8112856140237539,0.3093511443657208
4712.019267188727,6.316896225370483,0.3077775661847747
4713.402325110973,-2.6111441289812376,0.30996036954795286
4714.785383033219,-0.5041854551873586,0.30956843735101314
4716.1684409554655,3.4232862036430003,0.30879736341638053
4717.551498877711,5.877409464688176,0.3082595694299046
4718.934556799957,4.869903296882756,0.3085771626314069
4720.317614722204,2.0918276720477387,0.30918770737346596
4721.70067264445,7.221647843071902,0.3083194999279406
4723.0837305666955,3.097577071569763,0.3091851628118101
4724.466788488941,2.8261820028565525,0.3092374339339097
4725.849846411187,10.305841926234773,0.307967492260939
4727.232904333434,8.63371300412989,0.3085857221250084
4728.61596225568,-1.2241711596216043,0.3102240653003472
4729.999020177926,-2.0466050742567896,0.3108080662504302
4731.382078100171,-1.3082267035648911,0.3106179097849336
4732.765136022417,7.961369190407374,0.30902039596956465
4734.148193944664,8.705792159854427,0.3088415386509142
4735.53125186691,5.864196762778127,0.3095801902963974
4736.914309789156,2.5732002560780196,0.3102625060031631
4738.297367711402,4.728696783327378,0.3104124606250412
4739.680425633648,3.2063768919619164,0.3106800378042552
4741.063483555894,-3.3366522431574914,0.3123127744666284
4742.44654147814,2.4952280497201564,0.31097270278493955
4743.829599400386,8.476628870423898,0.30985615818759304
4745.212657322632,2.286820434798108,0.311277840445166
4746.595715244878,5.136680615743882,0.3109709999408111
4747.978773167124,4.953695349655577,0.3109883504392847
4749.36183108937,2.901657212653661,0.3114099578564484
4750.744889011616,6.029723256646438,0.3112179664587302
4752.127946933862,2.7815035625305695,0.3119014870159459
4753.511004856108,0.37619545381364844,0.31249388511432724
4754.894062778354,2.344661889297273,0.29068181929080894
4756.277120700601,-2.296735119920365,0.2914364894034651
4757.660178622847,-1.8649174969868796,0.29206375011198255
4759.043236545092,9.425541517070537,0.3104144347374189
4760.426294467338,0.2594894998615489,0.3132835320417302
4761.809352389584,-6.079532581954301,0.3149637377628801
4763.192410311831,-10.888507702543745,0.31635814145920904
4764.575468234077,-9.950210086973387,0.31627479498957944
4765.9585261563225,-4.686538010269501,0.3149713654636137
4767.341584078568,0.21007178973355,0.3139207165885341
4768.724642000814,2.5482637175586498,0.3136559980269949
4770.107699923061,-1.3411592879442635,0.3145521846384958
4771.490757845307,-2.767273451284593,0.3150903240575501
4772.8738157675525,-2.4820866981997645,0.31499435130424375
4774.256873689799,3.496758756968829,0.31424840183038505
4775.639931612045,2.2243916595573676,0.31414017514972564
4777.022989534291,5.601432462234674,0.31390613319973387
4778.406047456537,1.349730353313481,0.31474102673082915
4779.789105378783,2.110058036797074,0.3149286764252982
4781.172163301029,-3.10506314640993,0.31571506980660624
4782.555221223275,4.290150134977458,0.31444075099304075
4783.938279145521,8.042881629733037,0.3134471148840521
4785.321337067767,9.25527888121624,0.3138882341755583
4786.704394990013,0.7495293819117999,0.3154152726999716
4788.087452912259,0.19334656850684884,0.31588872277890345
4789.470510834505,1.6790350025133889,0.31562003577803305
4790.853568756751,2.045445660794018,0.31567168459342365
4792.236626678998,2.031253184140822,0.31566465507536295
4793.6196846012435,7.359390264460535,0.3146034846860035
4795.002742523489,5.744365425037223,0.31494506026914076
4796.385800445735,0.14822434883933033,0.3163181566396178
4797.768858367981,-2.2102594373339794,0.31690490548747335
4799.151916290228,0.5632390755915018,0.3165124100421726
4800.534974212474,3.6933011937665245,0.31599730462251463
4801.918032134719,3.4078498373666193,0.3160209395399873
4803.301090056965,-0.7229922509790361,0.3175663634513786
4804.684147979211,-14.58621891211041,0.32036765916655635
4806.067205901458,-14.137049916230671,0.3206639712494824
4807.450263823704,-8.388802747354424,0.3192549336432527
4808.833321745949,-1.1183727584373169,0.3178955257053113
4810.216379668196,-4.614902578894605,0.3187399865458598
4811.599437590442,-12.466163835963885,0.32085481210707567
4812.982495512688,-7.7949514439545995,0.319796498346042
4814.365553434934,-3.543369987408289,0.3193612565001385
4815.7486113571795,-7.104362129133553,0.32011490900040734
4817.131669279426,-2.7773753014103377,0.3200450143366968
4818.514727201672,-5.577179721874315,0.31946052453338836
4819.897785123918,0.02456423254907325,0.31976310883552744
4821.280843046164,-4.988822484626529,0.3209662801177108
4822.6639009684095,-17.38863217434802,0.32427976854076956
4824.046958890656,-23.358718427032667,0.32619275114439406
4825.430016812902,-18.495901052668906,0.3253734022598631
4826.813074735148,-10.587982067234625,0.32383554045751084
4828.196132657395,-4.096569118830628,0.3227350131884483
4829.57919057964,-9.263578609504739,0.3236212924141736
4830.962248501886,-10.03676476046237,0.3244505368463577
4832.345306424132,-4.152247482041138,0.32377312408571585
4833.728364346378,-12.701400913114671,0.32603925426924935
4835.111422268625,-17.611232764343967,0.3284702622158658
4836.4944801908705,-17.324744358664454,0.32819606838656085
4837.877538113116,-22.821602192228195,0.3310619393065117
4839.260596035362,-26.81559437823436,0.3325096115080936
4840.643653957608,-25.222722117951395,0.33252880469077906
4842.026711879855,-29.339550799120154,0.33431112379124606
4843.4097698021005,-30.985139457642198,0.3348759540397713
4844.792827724346,-33.43221660049116,0.33623065059427687
4846.175885646593,-48.22365726130145,0.34070950227304064
4847.558943568839,-56.105602985998615,0.34385690921665135
4848.942001491085,-70.73897899793167,0.34811792045573653
4850.325059413331,-75.6668963871716,0.35033257845645716
4851.708117335576,-85.54275477113256,0.35448444708945015
4853.091175257823,-105.3628950488437,0.3598426079213346
4854.474233180069,-126.52155144942597,0.36926578028791124
4855.857291102315,-160.23502503170587,0.381902660771113
4857.240349024561,-188.8141717169871,0.3957336625618126
4858.623406946806,-224.84216719576523,0.4159982658585259
4860.006464869053,-284.37737760237275,0.45169115975414753
4861.389522791299,-319.7169866761996,0.4739907738487139
4862.772580713545,-285.71317494053085,0.4530080251834851
4864.155638635792,-230.1121869632978,0.4178221298989936
4865.538696558037,-185.63826800075466,0.3942743590189314
4866.921754480283,-148.032413355627,0.37831341807698593
4868.304812402529,-124.59058186768175,0.3694724714469604
4869.687870324775,-103.03781662944489,0.36094881146958924
4871.070928247022,-96.88624464820408,0.3611714898801374
4872.453986169267,-89.14858997311758,0.35697115915475447
4873.837044091513,-65.79643778554976,0.3506240623039043
4875.220102013759,-49.34559048378406,0.3453678798990828
4876.603159936005,-43.82963716603673,0.34369857161456957
4877.986217858252,-35.67546333434294,0.3409375176803966
4879.369275780497,-25.0999155913589,0.3380790701802705
4880.752333702743,-12.8490197048425,0.3348073958914946
4882.13539162499,-8.994753224582286,0.3341934496980817
4883.518449547236,-20.09967758528861,0.336445221796196
4884.901507469482,-12.859495550214715,0.33511029291662636
4886.2845653917275,-3.320301323386923,0.3325572815411816
4887.667623313973,-0.030601598939979047,0.3314507372302938
4889.05068123622,-2.5661870830649973,0.33194889888782675
4890.433739158466,-14.304888142023442,0.33442497847818214
4891.816797080712,-18.645123880724974,0.3352889925626085
4893.1998550029575,-11.515849380441086,0.3331511466656957
4894.582912925203,-2.2774038908287437,0.3300651218461723
4895.96597084745,5.846109479804566,0.3280505396155094
4897.349028769696,5.56699592936585,0.3274727239594809
4898.732086691942,1.549840456556995,0.3283429440606621
4900.1151446141885,-4.651279467525386,0.3300765178125822
4901.498202536434,-1.274380397611864,0.3290375821973213
4902.88126045868,3.8945263411949855,0.32756765587019976
4904.264318380926,3.0315703691776807,0.3276295024465753
4905.647376303172,6.789816817281383,0.32705106886824675
4907.0304342254185,7.338670784023784,0.3262388785181789
4908.413492147664,9.480643274406223,0.3262671513766216
4909.79655006991,2.988512433506321,0.32778536677817127
4911.179607992156,0.517914974536133,0.32817310634798985
4912.562665914402,9.809073577142263,0.32600096321008437
4913.9457238366485,21.859357654458492,0.3236450860145817
4915.328781758894,14.533202881728947,0.3249468692918889
4916.71183968114,11.188802274086882,0.3261502890637526
4918.094897603387,-0.9864943985335195,0.3292148325086425
4919.477955525633,-15.823875933980085,0.33318917060892883
4920.861013447879,-17.545798659715864,0.3329813746234146
4922.244071370124,-15.658689341359329,0.33327991986646655
4923.62712929237,-26.14996359092993,0.3349716605408304
4925.010187214617,-8.66849412553991,0.3310551581159758
4926.393245136863,8.395060671267625,0.32607326296241157
4927.776303059109,13.627369349741116,0.32444731486571504
4929.159360981354,18.80645627069209,0.3227866613198998
4930.5424189036,14.181712723251763,0.3235545124374197
4931.925476825847,6.641805589151282,0.32554519561820894
4933.308534748093,-2.218337450651885,0.32823059904141094
4934.691592670339,-6.173231531958853,0.32892766846940386
4936.074650592585,5.639172010657268,0.325764524162272
4937.457708514831,0.8831235612137247,0.3269490842778008
4938.840766437077,-2.935678691960588,0.3276758010409474
4940.223824359323,2.507730458601637,0.3264859691348226
4941.606882281569,8.372159211185531,0.3248053977591341
4942.989940203815,9.234539355493206,0.3244937267223795
4944.372998126061,10.417288564288206,0.32439298188594623
4945.756056048307,6.3379315760355395,0.32542758152052936
4947.139113970553,1.6940325825224947,0.3263087236747963
4948.522171892799,6.102427798979513,0.3252410102876364
4949.9052298150455,13.741234677854237,0.32355404488509487
4951.288287737291,13.788630865204698,0.323620771019001
4952.671345659537,6.194171852323186,0.3251742928176263
4954.054403581784,5.085353380776216,0.32580323514053344
4955.43746150403,3.7994984956431512,0.3269870515137181
4956.8205194262755,-19.71643944983296,0.3321728622186878
4958.203577348521,-23.947278503590766,0.3332876736184719
4959.586635270767,-1.1989043642728885,0.3281128880399978
4960.969693193014,9.889913120312784,0.32496332615993195
4962.35275111526,9.064869781011872,0.32478563994917986
4963.7358090375055,6.399672272227463,0.32548696218862966
4965.118866959751,2.0792379113223616,0.3263583545431647
4966.501924881997,-3.297906347515722,0.3278489319537234
4967.884982804244,-2.7392886847718723,0.32777906918092364
4969.26804072649,-0.5708556682836672,0.3272871443490582
4970.651098648736,0.8755742634677751,0.32717235770891545
4972.034156570982,2.4520579013637285,0.3264661451097156
4973.417214493228,3.8855114688967234,0.32621283941267265
4974.800272415474,4.2361083569951505,0.3260042379511542
4976.18333033772,1.6585453758859159,0.32647769162965246
4977.566388259966,4.844933795152018,0.3262084327667717
4978.949446182212,0.5804276995342033,0.3267749256373957
4980.332504104458,-2.3956256962818827,0.32818576083952017
4981.715562026704,-9.042511690137076,0.33005010884117925
4983.09861994895,-18.34008457004662,0.33274342179891686
4984.481677871196,-10.28360033552252,0.3309135995870084
4985.864735793442,-5.977731537181553,0.3301308937996177
4987.247793715688,5.756571996327757,0.3270884363663934
4988.630851637934,7.667086718679368,0.32680697963353444
4990.013909560181,2.6450379123076417,0.32828665067626117
4991.396967482427,-2.829216560809186,0.30729177894470205
4992.780025404672,-0.7305411082985948,0.3129534570451873
4994.163083326918,-1.9023041147520339,0.32986672366864844
4995.546141249164,-0.12640974765720847,0.3293328121926606
4996.929199171411,6.02254195502616,0.32836795468476915
4998.312257093657,1.403713302671184,0.3294955655402331
4999.695315015902,5.845027813756911,0.33086567741331824
5001.078372938148,3.9770190636312686,0.33155681690218836
5002.461430860394,3.0397321243708695,0.3314411203210619
5003.844488782641,10.468475793662652,0.3306274911047054
5005.227546704887,-2.0530515318852167,0.33274842524717324
5006.6106046271325,-4.601770175455195,0.33388874449999695
5007.993662549379,0.9521861277329586,0.33254356214872116
5009.376720471625,8.344232062377543,0.33081691073880154
5010.759778393871,7.269441876983877,0.3312223392189921
5012.142836316117,-5.443888377974377,0.3336250640692813
5013.5258942383625,2.6414633452663967,0.3326282928203661
5014.908952160609,-3.8651722522492857,0.33367805086773256
5016.292010082855,-7.844659566921037,0.3353203324402876
5017.675068005101,-24.675530999943017,0.3392251659101695
5019.058125927347,-29.33748742893749,0.3409287550468357
5020.441183849593,-9.742210409554506,0.33538165662816155
5021.824241771839,3.3496706122302737,0.3316682270239567
5023.207299694085,8.432909722296964,0.32913076535803115
5024.590357616331,10.172757993166272,0.3294274530677867
5025.973415538578,8.498258686711674,0.3305103687002507
5027.3564734608235,0.2164597262918131,0.3321925036582095
5028.739531383069,1.2490104514684512,0.33242004849412365
5030.122589305315,3.561512569376254,0.3315873778162396
5031.505647227561,0.22247360041037578,0.33251240248137515
5032.888705149808,-1.1350488219742778,0.3330208958965812
5034.271763072054,-2.693382567803172,0.33339114774924095
5035.654820994299,-8.98711417805121,0.33521469428776995
5037.037878916545,-7.081219901065192,0.3346507056995774
5038.420936838791,-5.1235518821927934,0.33426199427546344
5039.803994761038,-9.288929408137196,0.3353438957147918
5041.187052683284,-17.83619454155376,0.33777379325716655
5042.570110605529,-9.750494684748746,0.33521705247185063
5043.953168527776,2.0598464164143806,0.33221485312613375
5045.336226450022,6.110900736269249,0.3308730151199969
5046.719284372268,8.261173457433852,0.33048379900537506
5048.102342294514,-0.040060281187116686,0.33236338061073933
5049.485400216759,0.5946207670191511,0.33231042130472394
5050.868458139006,-4.82733606990544,0.33389494644816975
5052.251516061252,-5.787377117446899,0.3341042751161719
5053.634573983498,-0.00035709226141344974,0.3322082714716888
5055.017631905744,5.801668291788446,0.33125644211153576
5056.4006898279895,-3.516940112168493,0.3333995690684137
5057.783747750236,-1.714388098100565,0.33281617218343906
5059.166805672482,5.7928140767677,0.3312123964275038
5060.549863594728,3.7380939604198993,0.33140730932353557
5061.932921516975,7.125138663778767,0.33080472165772506
5063.31597943922,6.577463013169381,0.33124611212806226
5064.699037361466,-2.2632277651618025,0.33321958275265995
5066.082095283712,-3.581585406492081,0.33384162452715127
5067.465153205958,-3.6892671969364725,0.3337667013528814
5068.848211128205,-4.188933757881178,0.3343254702975754
5070.2312690504505,-4.039326124378313,0.33437864992311095
5071.614326972696,-6.3821574200454725,0.33513428786754645
5072.997384894942,-8.255355834803769,0.3358290592342055
5074.380442817188,-6.518682830208013,0.33530891946687535
5075.763500739435,-2.9314035801777885,0.33471460262108144
5077.1465586616805,-1.6904593913195178,0.3342898315310123
5078.529616583926,-7.248966134095477,0.33591628823141556
5079.912674506173,-11.754548156213945,0.336982238374223
5081.295732428419,-6.9953880648332,0.33605439814312466
5082.678790350665,-2.2231077893581515,0.33445815109366134
5084.0618482729105,1.6030978108293776,0.33381981254652354
5085.444906195156,0.8454449462940985,0.3336842299605424
5086.827964117403,-0.2842149791293713,0.33410286408983947
5088.211022039649,1.8684270473447664,0.3337049693337227
5089.594079961895,2.632530338271068,0.33341609740735895
5090.977137884141,4.840487882715722,0.33309876409462885
5092.360195806386,6.878444969700067,0.33222200778147265
5093.743253728633,7.323559347015621,0.3323064915933668
5095.126311650879,3.745268931153352,0.3333195733569612
5096.509369573125,0.007088911510530926,0.3342287996409914
5097.8924274953715,-1.4218145798230948,0.33489326031946304
5099.275485417617,-2.9597142350005963,0.33499958152313764
5100.658543339863,-2.2444826851568225,0.3352351757040043
5102.041601262109,0.8386905112589448,0.3344043378815087
5103.424659184355,3.6293662711230277,0.3338640202319637
5104.807717106602,3.75383394642644,0.33375767678077645
5106.190775028847,-0.945429385769593,0.33535949621981564
5107.573832951093,8.70436410189818,0.3324993126503426
5108.956890873339,-5.8521829363420315,0.3367270893518708
5110.339948795585,-6.924816224642621,0.33708501619756304
5111.723006717832,0.36759571522109546,0.3350467035134152
5113.106064640077,-0.9847918773948279,0.335382224612563
5114.489122562323,2.7322432398508756,0.3345385163962471
5115.87218048457,2.214503456979081,0.33454356237536387
5117.255238406816,0.44927626890362227,0.3352775696762818
5118.638296329062,0.6189815351327488,0.3352817914316228
5120.0213542513075,-1.5768683796680452,0.3359753093232011
5121.404412173553,-3.180862780909551,0.3366314135873001
5122.7874700958,-4.105688955887238,0.3368394234860717
5124.170528018046,-2.6960660722546006,0.3366752678582836
5125.553585940292,-5.147808038246103,0.33740521076155716
5126.9366438625375,-5.909589438516597,0.3376541903081087
5128.319701784783,-10.631970332595893,0.33900831102055057
5129.70275970703,-10.341550500244844,0.33880401792066434
5131.085817629276,-0.3504649415653689,0.3364026834545108
5132.468875551522,-3.9472227801983513,0.3372202114352319
5133.851933473768,-4.719121328415287,0.3370970956702028
5135.234991396014,1.2221551140325526,0.3359091692038025
5136.61804931826,-3.503286443550693,0.33724162140127845
5138.001107240506,-8.489754300543446,0.3388876421157461
5139.384165162752,-17.303699277705206,0.34126966145352744
5140.7672230849985,-11.21543432097723,0.33944179864813523
5142.150281007244,-3.028792741345595,0.3379765977647355
5143.53333892949,-5.984055199856422,0.33832742666627097
5144.916396851736,-0.7328778912195453,0.3373191278558555
5146.299454773982,-1.01291688232643,0.3376690346061481
5147.6825126962285,-3.7193752559403963,0.3380445179191182
5149.065570618474,-4.052729004022284,0.3391141881613743
5150.44862854072,-2.5863669685850175,0.33829728531196296
5151.831686462967,-1.8748902003426626,0.33881544799090785
5153.214744385213,-7.134322634645566,0.3399802016000979
5154.597802307459,-2.2544120155769143,0.3390599353995198
5155.980860229704,4.393528597776323,0.33749804847375986
5157.36391815195,4.338689353367824,0.3375908400794967
5158.746976074197,6.0170546037537695,0.33749333371796536
5160.130033996443,2.883916974893113,0.33851502720804083
5161.513091918689,0.0343692920334393,0.33945721909101645
5162.896149840934,0.45432190328597577,0.3394950370365252
5164.27920776318,5.328287040706818,0.33874604636870354
5165.662265685427,-6.759818818807207,0.3431082398443881
5167.045323607673,-39.459287438187296,0.35257387437719995
5168.428381529919,-53.21717882055503,0.3567882013381202
5169.811439452165,-34.55878791332218,0.35207602761552753
5171.194497374411,-23.313172389253143,0.3493406044882572
5172.577555296657,-33.493684973144894,0.3508913858368972
5173.960613218903,-18.136659831730725,0.34696726214608303
5175.343671141149,12.262714006403415,0.3389045352591687
5176.726729063395,18.369522349809074,0.33667037699845326
5178.109786985641,17.88649301654734,0.3366232877379181
5179.492844907887,14.918238043783274,0.33751034454557544
5180.875902830133,11.766099789289592,0.3393069291152354
5182.258960752379,-10.540550597173459,0.34578400212464233
5183.642018674625,-32.15392251851428,0.35163610577090465
5185.025076596871,-22.381015573483367,0.3490521940608205
5186.408134519117,-6.546394090158587,0.3449606430538489
5187.791192441364,-5.846657996887632,0.344471685926047
5189.17425036361,-8.24384290210544,0.3449452596724628
5190.5573082858555,-6.0955159818948585,0.3446261134866591
5191.940366208101,-2.0257627216650875,0.3436464989490962
5193.323424130347,-2.967175815439697,0.3437317543422802
5194.706482052594,-2.066478795224877,0.34373866073020576
5196.08953997484,-4.199237484553476,0.3442052435155586
5197.4725978970855,-4.246908333364981,0.3445213660625535
5198.855655819331,-1.8115380830610777,0.3431604591623413
5200.238713741577,7.700662650643027,0.34140452996974135
5201.621771663824,10.502800334341401,0.3404493809634347
5203.00482958607,7.3532564111082435,0.34130135245492926
5204.3878875083155,1.247274678510422,0.3437478742771273
5205.770945430562,-10.25628783912909,0.346058515622299
5207.154003352808,-2.2891302111405913,0.3450551732209766
5208.537061275054,-2.5656238152162434,0.3440917793603493
5209.9201191973,6.064658485798148,0.34220455900964286
5211.303177119546,9.20733989144501,0.34128924026329654
5212.686235041792,6.794817161469541,0.34175044727761344
5214.069292964038,7.343171608683053,0.34194336746539894
5215.452350886284,5.346343438477455,0.34259880961321115
5216.83540880853,3.185423114330792,0.3429360793233393
5218.218466730776,5.708811100592722,0.34251380001031434
5219.601524653022,11.805222664059709,0.34073899695551724
5220.984582575268,16.909181644978382,0.33954168223408143
5222.367640497514,13.917169390554054,0.3403014695933536
5223.750698419761,12.271751215946226,0.3411730809624586
5225.133756342007,-0.04382569782588863,0.34539539033786715
5226.516814264252,-27.384583899919328,0.35270923576475904
5227.899872186498,-26.907771440769825,0.3524633925043287
5229.282930108744,0.9718132953130221,0.3452809210636593
5230.665988030991,4.039755132095062,0.3439336036459248
5232.049045953237,-4.610712880370784,0.34629450927005995
5233.432103875482,-13.528448024769938,0.34921905803382247
5234.815161797728,-18.085392429744054,0.3500946406697531
5236.198219719974,-5.673233738263551,0.347034269137178
5237.581277642221,1.3831168929997473,0.34484422453962443
5238.964335564467,0.2318090303341931,0.34496310854542894
5240.3473934867125,1.1111488020361993,0.34468990588357057
5241.730451408959,7.296571743786149,0.3432334295912558
5243.113509331205,9.483311772055034,0.34245833123753366
5244.496567253451,11.925622216098526,0.34203447094171974
5245.879625175697,11.724622172122364,0.3420953218821782
5247.2626830979425,8.899965509722456,0.34302744951477504
5248.645741020189,7.1480280371977365,0.34380646148371413
5250.028798942435,1.6189550516701212,0.3453317074789355
5251.411856864681,3.47612010420481,0.3448894627514653
5252.794914786927,8.00633642556809,0.343684145895241
5254.1779727091725,9.771820506073464,0.3430602707843785
5255.561030631419,7.279825360618552,0.34416320483972374
5256.944088553665,8.900187010828045,0.3428368256372185
5258.327146475911,12.973675200904378,0.3428125859731987
5259.710204398158,6.3734390500354765,0.344179479297718
5261.0932623204035,4.9446334760110355,0.345278589591524
5262.476320242649,-3.1495059585122673,0.34751795750558284
5263.859378164895,-11.421107237445945,0.35069191595847143
5265.242436087141,-21.197663370985442,0.3528900861933035
5266.625494009388,-12.846299269933663,0.3516383606644523
5268.0085519316335,-19.372612302136723,0.35361619151030116
5269.391609853879,-30.17442405303095,0.3569653308457836
5270.774667776125,-27.171904430538003,0.35559598861392555
5272.157725698371,-5.959940838112939,0.34988804647578464
5273.540783620618,-2.291739179437969,0.348256725927754
5274.923841542864,-7.879392530089726,0.35000826402805413
5276.306899465109,-11.51107189169502,0.3510520523080319
5277.689957387356,-3.5545635314711057,0.3485271568724228
5279.073015309602,4.231270303009053,0.34660739280840025
5280.456073231848,5.244187084561274,0.3461905231617395
5281.839131154094,1.9747666456835145,0.3475006850135101
5283.222189076339,-7.262508986981317,0.35025487646073866
5284.605246998586,-8.359423165683967,0.35070229296847544
5285.988304920832,5.252740349864133,0.3463431113858244
5287.371362843078,14.037170504376911,0.34437123563711364
5288.754420765324,9.158116318622536,0.34552677041646707
5290.1374786875695,9.124777650701288,0.34554782243608034
5291.520536609816,16.87359007900941,0.3433747893796943
5292.903594532062,21.24136216189942,0.3421842980555045
5294.286652454308,17.549699839205253,0.34337515241014593
5295.669710376555,12.968649320246165,0.34476837130378113
5297.0527682988,11.311303304714983,0.3454911209636111
5298.435826221046,9.981133804054435,0.3458566775797228
5299.818884143292,13.640017777595618,0.34500499678633956
5301.201942065538,14.453553230456304,0.34474056666351677
5302.584999987785,14.634514573861713,0.3450379494432369
5303.96805791003,12.82613649414693,0.34485079652822487
5305.351115832276,15.792751043433348,0.346161345880713
5306.734173754522,16.286812007525647,0.3435078167030233
5308.117231676768,15.66036316825179,0.3457498096472858
5309.500289599015,15.234059913337969,0.34516090265289145
5310.8833475212605,14.46056840875367,0.3457317687736962
5312.266405443506,17.92636496683465,0.34477844959280485
5313.649463365753,9.56622090697438,0.3472608431060806
5315.032521287999,-0.5836282900267529,0.3506529343199099
5316.415579210245,-8.948070645926224,0.35308422906409126
5317.7986371324905,-5.242042298234999,0.35197956252098855
5319.181695054736,8.40264515996687,0.34780877153270146
5320.564752976983,13.494948910024359,0.3462071466035142
5321.947810899229,6.088095421001559,0.34839100658799793
5323.330868821475,0.0,0.3505384513157346
5324.713926743721,-1.965401112793788,0.3508134496212373
5326.096984665966,2.0641844686295743,0.3511980253360434
5327.480042588213,-15.250903740273479,0.35436665969548653
5328.863100510459,-17.83084153408019,0.35662889963445066
5330.246158432705,0.0,0.35088246464443223
5331.6292163549515,9.764238648387103,0.3477572211088307
5333.012274277197,12.38496378221203,0.3468241393284167
5334.395332199443,11.315711004782504,0.347331732039346
5335.778390121689,5.107849029204647,0.34915830651503205
5337.161448043935,-2.5722996099958984,0.3514925306977206
5338.5445059661815,-4.244731342258888,0.35243454792762957
5339.927563888427,-4.576165009167729,0.3524697853361792
5341.310621810673,-0.192995471588433,0.35108317051701526
5342.693679732919,7.533622700361759,0.34886998112878287
5344.076737655165,15.655274429601402,0.3466178841386136
5345.459795577412,13.502416131247806,0.3473651919801802
5346.842853499657,5.662842185608651,0.3495052662649377
5348.225911421903,5.55897633666959,0.349602745154564
5349.60896934415,10.380284162178963,0.34845881491977737
5350.992027266396,14.300268633571143,0.3433187826640128
5352.375085188642,13.773229327929954,0.32467781861572315
5353.758143110887,10.019351941984727,0.32460809910609767
5355.141201033133,7.177725327936704,0.33843827360870515
5356.52425895538,8.301053262378957,0.34935435050232655
5357.907316877626,11.804218961841531,0.3481130144001014
5359.290374799872,11.80631839263743,0.348766932883224
5360.6734327221175,9.480447995445571,0.3488065995309335
5362.056490644363,4.024005632518346,0.35115818013612443
5363.43954856661,-4.967258691114527,0.3534351971334759
5364.822606488856,0.13517942092980917,0.3523669606595429
5366.205664411102,-0.21472889282113217,0.3525506981151467
5367.588722333348,-1.244842269747413,0.35302080298695576
5368.971780255594,-8.322586290535167,0.3553873928078037
5370.35483817784,-15.381956233358263,0.35771886705388056
5371.737896100086,-12.020669516722064,0.35642123768605055
5373.120954022332,-2.515185782719751,0.3535207484822346
5374.504011944578,5.531974011055583,0.3508257194210546
5375.887069866824,9.547938636870436,0.3495591621882847
5377.27012778907,11.743068594155076,0.348911877673826
5378.653185711316,7.418050941568839,0.35052270844563
5380.036243633562,-2.905506762114136,0.3537827664512286
5381.4193015558085,-4.853562511967041,0.35467258870498297
5382.802359478054,-3.6744793323296823,0.35421822063964314
5384.1854174003,-9.170691363834834,0.35613305598524614
5385.568475322547,0.5007330680798168,0.35280518132933475
5386.951533244793,6.524784776080699,0.3511743154227121
5388.3345911670385,3.7775523634439274,0.351577721552835
5389.717649089284,0.30174246433742935,0.3529265307345171
5391.10070701153,-1.6651252183688898,0.3536279751456473
5392.483764933777,-1.956314268134837,0.3535665083204096
5393.866822856023,-2.5017712797831795,0.35405244617215315
5395.249880778269,-1.9297010914225932,0.35382031620389115
5396.632938700514,-4.560296929593344,0.3548887049689843
5398.01599662276,-10.942164611935313,0.35627370230812355
5399.399054545007,-0.08050374906260505,0.35341224850776937
5400.782112467253,3.6387790373947593,0.35210526723421454
5402.165170389499,-0.14316203293509133,0.35300545349337437
5403.548228311745,-2.6619728060359487,0.3543981602398876
5404.931286233991,-10.363991474736885,0.3562992687918758
5406.314344156237,-7.593531419698131,0.3559951888236542
5407.697402078483,-3.0463389785265633,0.3548824072089724
5409.080460000729,-8.282060661096745,0.35618854890698076
5410.463517922975,-12.839154705681791,0.35760619936034627
5411.846575845221,-7.087168035207775,0.35580275605307443
5413.229633767467,-3.3177995905052593,0.35515305547376186
5414.612691689713,-8.932138419778656,0.3563624025456899
5415.995749611959,-5.849518828041603,0.35564471490207505
5417.378807534205,-1.1685579451162345,0.35473907427061646
5418.761865456451,-2.861770534959423,0.35466516443961404
5420.144923378697,0.3089436607821763,0.3540130259431597
5421.527981300944,3.2379318054757986,0.35347417365194356
5422.91103922319,-6.816101280655183,0.3565103808341433
5424.294097145435,-13.181952049767062,0.3585970057374693
5425.677155067681,-6.6486719424626965,0.3564638673735734
5427.060212989927,1.5807442815314525,0.354142933646321
5428.443270912174,-3.9075663302119805,0.3558813209245429
5429.82632883442,-12.602701598727094,0.35887946819096533
5431.2093867566655,-7.225442407610397,0.35682085613458775
5432.592444678911,-1.1744126246115956,0.35537233729388773
5433.975502601157,-6.790679012626354,0.3567108009119083
5435.358560523404,-7.656406359429158,0.357563310356531
5436.74161844565,-1.7107445225707172,0.3552125912463961
5438.1246763678955,1.9917337314561054,0.3544131356884372
5439.507734290142,6.593734363842698,0.3524326039439066
5440.890792212388,9.903572120858941,0.35190605921404017
5442.273850134634,7.309456896614751,0.3523650669825194
5443.65690805688,6.600574486941938,0.35268133067248786
5445.039965979126,-0.11006683145665996,0.3553839564278798
5446.423023901372,-6.791769373188748,0.35662251807961326
5447.806081823618,-5.724671822268578,0.3572630455671834
5449.189139745864,0.5824274433872589,0.3549346271981751
5450.57219766811,4.260792592093733,0.35406550615876053
5451.955255590356,1.4981178977593137,0.35466323396585414
5453.338313512602,1.3267032752032883,0.3550773129741469
5454.721371434848,-3.272302151048263,0.35653982976810056
5456.104429357094,-7.6139599594692156,0.3574087832441864
5457.487487279341,-0.42893057110068966,0.3554631941240731
5458.8705452015865,3.8826021470078684,0.353436372308358
5460.253603123832,7.090083772450374,0.35245664353263784
5461.636661046078,5.530005218243474,0.35352303239952226
5463.019718968324,-0.7004451474538781,0.35579275485088907
5464.402776890571,-4.432858787962907,0.35727087629266296
5465.785834812817,-4.938461867461166,0.3575923786600727
5467.168892735062,-2.628793585544568,0.35687103855528374
5468.551950657308,1.922111973634093,0.35560611078771337
5469.935008579554,1.5154431651327405,0.3556468009246086
5471.318066501801,5.3654799602616885,0.35442221089922515
5472.701124424047,7.362209462210764,0.35386782794663446
5474.084182346292,0.034124530137172426,0.3565820837699009
5475.467240268539,-1.376883451263065,0.35659366256248587
5476.850298190785,-9.546357249535948,0.3602839666499559
5478.233356113031,-8.443052355150927,0.35932142341199164
5479.616414035277,-1.6849941113239615,0.3575563393749633
5480.9994719575225,-0.01673107884426206,0.35678474114665143
5482.382529879769,-0.4181346282755043,0.357034844677266
5483.765587802015,-1.2275628938934247,0.35723485084001444
5485.148645724261,1.1437647275010692,0.35677252706908513
5486.531703646507,-2.275252236696631,0.35774458664359077
5487.9147615687525,-4.699004077428084,0.35830626207064764
5489.297819490999,2.0095224594504235,0.3569158617619387
5490.680877413245,-2.055591384973451,0.35761802939760345
5492.063935335491,-4.255047314383894,0.3583366756348948
5493.446993257738,1.2508742751211628,0.35693796752913964
5494.8300511799835,3.235097591908212,0.3564140137815917
5496.213109102229,0.6243982997405967,0.35687803242045385
5497.596167024475,2.0636680299892785,0.3566504282785902
5498.979224946721,2.8485678471471223,0.35632983267016727
5500.362282868968,3.1008007621248908,0.3564233467759254
5501.7453407912135,1.5399133383463837,0.3571032117554522
5503.128398713459,-3.2460222456093346,0.35838928382378626
5504.511456635705,0.9022968098664627,0.3576481307529438
5505.894514557951,-2.929370125304682,0.3583515873311734
5507.277572480198,-4.284134388730584,0.3596757604839998
5508.6606304024435,-0.6692119417477922,0.3571951610916105
5510.043688324689,2.874070294702173,0.3570545578950337
5511.426746246936,3.021455707618366,0.3566245822718691
5512.809804169182,1.0533977465477304,0.3571194358429076
5514.192862091428,-0.4326033236809752,0.358183079861672
5515.575920013674,1.126914766355413,0.35733654261119474
5516.958977935919,5.289643248406506,0.35637323303967305
5518.342035858166,6.053995241312439,0.3561124779306665
5519.725093780412,-0.12577557741106404,0.35774797799084335
5521.108151702658,1.1598695123117309,0.35777373074780267
5522.491209624904,6.630410554113835,0.356224104335455
5523.874267547149,3.482185706864073,0.3570569709756158
5525.257325469396,-2.9515620116444654,0.3593130918173791
5526.640383391642,-10.388904785796457,0.3620919219944431
5528.023441313888,-20.21596990530324,0.36502395861937054
5529.406499236135,-14.031551599003167,0.3631319764659717
5530.78955715838,-1.0222879332636055,0.3594825197907033
5532.172615080626,0.6020707927281744,0.35838155527953797
5533.555673002872,-3.2705868130144484,0.35982861369756286
5534.938730925118,-4.4029736011463365,0.36007579354099123
5536.321788847365,-1.6919421867037951,0.35969441593886753
5537.70484676961,-0.1092770237437295,0.35858664397370427
5539.087904691856,1.0310028685821673,0.3591102815122708
5540.470962614102,1.4976034961838463,0.358094071842583
5541.854020536348,0.797905226734233,0.3587912617895487
5543.237078458595,0.964448974627524,0.3585523734695649
5544.62013638084,0.4079109297092738,0.3589611951429719
5546.003194303086,-0.5167053843138041,0.3593651802200206
5547.386252225333,-0.82574521659165,0.3596966378117745
5548.769310147579,-2.395799781945469,0.36002906947308727
5550.152368069825,-0.7767919268892398,0.3603210577113045
5551.5354259920705,-3.9170151136674196,0.36031906750796777
5552.918483914316,-5.564357236621774,0.36191684851301825
5554.301541836563,-2.01150013604016,0.360316738248582
5555.684599758809,1.021760982390039,0.3596676156680564
5557.067657681055,0.9366117726365752,0.3594311269221248
5558.4507156033005,3.3615043784516203,0.3587776991608871
5559.833773525546,5.508233249247465,0.3584039699386192
5561.216831447793,3.209525690173506,0.3589156337910729
5562.599889370039,1.4249356348777105,0.35976194545165413
5563.982947292285,0.2062808178467166,0.3601369754664371
5565.3660052145315,2.704771858481539,0.3597503688248973
5566.749063136777,1.913687643091962,0.35983300399709717
5568.132121059023,2.045939121576877,0.36032099814906093
5569.515178981269,1.5953121782060398,0.35992886871012575
5570.898236903515,-0.7712489672606634,0.3615367260479104
5572.2812948257615,2.907646319083272,0.35903593446177984
5573.664352748007,3.659705114337043,0.343558877672051
5575.047410670253,-15.959832069362484,0.31185207229066236
5576.430468592499,-28.965678288105412,0.3225370668549406
5577.813526514745,2.602762976779348,0.31988403959335526
5579.1965844369915,19.73093450161861,0.3327638450983068
5580.579642359237,9.369142620844904,0.3467552317179076
5581.962700281483,1.8942711072601912,0.3586193235906548
5583.34575820373,-0.08469008072942885,0.362019267505338
5584.728816125976,-2.250665498900452,0.3633892123488198
5586.111874048222,-9.645835242859075,0.3656616972085082
5587.494931970467,-11.2634940565768,0.36708057993820287
5588.877989892713,-14.307417901903861,0.3680962578357668
5590.26104781496,-12.570331259901721,0.3674550560482794
5591.644105737206,-5.006439810307892,0.3652193873144659
5593.027163659452,-4.377666790190009,0.36526998051794923
5594.410221581697,-10.691717928801658,0.3670841848735057
5595.793279503943,-4.674459696071327,0.36507114482162345
5597.17633742619,-1.8357649655381691,0.3645822108806633
5598.559395348436,-7.242267820617068,0.36619762457584437
5599.942453270682,-1.2134694455801873,0.3641203023212545
5601.325511192928,-2.7761514465330985,0.36484631369952497
5602.708569115174,-4.41096925783504,0.365569679903515
5604.09162703742,-8.684637778910188,0.3666441989014741
5605.474684959666,0.8990775551480006,0.3646354440670797
5606.857742881912,6.503803010145212,0.3616631697190804
5608.240800804158,3.2547528415677407,0.3633551298579805
5609.623858726404,1.3195862777826917,0.3638973233272399
5611.00691664865,4.703476061476341,0.36293086932988605
5612.389974570896,7.670748960834411,0.3623650211810104
5613.773032493142,-0.20063472204078803,0.36491895885115583
5615.1560904153885,-7.717478406195763,0.3559172394817488
5616.539148337634,-6.6284727420616,0.34119325335170697
5617.92220625988,0.8790122007884489,0.3543701344930363
5619.305264182127,-1.4528016038960798,0.3657752092972793
5620.688322104373,-1.7675665041821622,0.36580043866793455
5622.0713800266185,3.715944304410153,0.36417570500648694
5623.454437948864,2.633846905603715,0.3646075336334828
5624.83749587111,-4.7584536605162615,0.3674478000346646
5626.220553793357,-5.728839922915977,0.36786170401995616
5627.603611715603,3.7861507819609983,0.3644293328497333
5628.9866696378485,3.3969820597291305,0.364684224995019
5630.369727560094,2.20682059838815,0.3650184080611768
5631.75278548234,5.19553201008633,0.3642679457450482
5633.135843404587,4.234325959052684,0.36460360084671994
5634.518901326833,-0.20218344671535682,0.3660484199937171
5635.901959249079,0.27476461457719936,0.3663346192248973
5637.285017171325,-2.9706001790771426,0.3673610637679252
5638.668075093571,-4.161874498202419,0.3675671185591464
5640.051133015817,-0.09735576509926025,0.36698851074500166
5641.434190938063,-3.999360323479431,0.3674743816559274
5642.817248860309,2.8504416301848763,0.36577028754752144
5644.200306782555,3.8456986040890193,0.3650319407514387
5645.583364704801,3.391655513603786,0.36528920568344325
5646.966422627047,5.075900560877285,0.3645816295898334
5648.349480549293,3.524828663968011,0.3654846605351211
5649.732538471539,2.1275529124896018,0.3659960659389394
5651.115596393785,0.005930410229892491,0.3670923899991315
5652.498654316031,1.6975122858211256,0.3660992167427853
5653.881712238277,-0.39365230737815293,0.36739306195715754
5655.264770160524,-2.5593568683308723,0.3678707220891501
5656.64782808277,-3.784916179999329,0.36872887566820123
5658.030886005015,-8.723593464853884,0.37019285429678284
5659.413943927261,-6.987716233925568,0.36969090186475106
5660.797001849507,1.1437854808385108,0.36711462577860066
5662.180059771754,1.9267417929529747,0.36652822576972
5663.563117694,0.9023290034869111,0.3666113395528381
5664.9461756162455,4.687739447768587,0.36575133641204544
5666.329233538491,2.8626319150205184,0.3662613802143028
5667.712291460737,1.1919101147484181,0.36695281124428014
5669.095349382984,-2.392761576253945,0.3683854739033431
5670.47840730523,-1.742873923936255,0.3676525521467542
5671.8614652274755,4.500242047132759,0.3659559533994238
5673.244523149722,5.3226094928128385,0.3654022940636467
5674.627581071968,4.564809827051899,0.36625395365894464
5676.010638994214,1.710053300031337,0.366356855281244
5677.39369691646,3.9786395401607075,0.3669258617572277
5678.7767548387055,5.058723108761269,0.36539193093668776
5680.159812760952,4.867470577179599,0.3659387297153473
5681.542870683198,3.974965951123382,0.3660827120485622
5682.925928605444,0.8121243620827034,0.3673437436268464
5684.30898652769,-1.0907238574999063,0.3680734815303446
5685.692044449936,-2.314908983561205,0.3685254638635998
5687.075102372182,-3.4286027650534243,0.36890150267334937
5688.458160294428,-4.787851385764356,0.3694083961335924
5689.841218216674,-2.307109255076839,0.36875900982267523
5691.224276138921,1.4591433541798087,0.36762807906031114
5692.6073340611665,1.139863080785665,0.3679742213933955
5693.990391983412,-1.7348176164022924,0.3689840304211488
5695.373449905658,-2.277817614982066,0.36938863815640505
5696.756507827904,-1.444849769116238,0.3688722195136605
5698.139565750151,-5.511576458844471,0.371007261367439
5699.522623672397,-2.770787496063212,0.3692788296369522
5700.905681594642,-3.2548501583631166,0.37028721588747093
5702.288739516888,0.2983270961647997,0.3683988955211952
5703.671797439134,3.9121701566243297,0.3676487978399008
5705.054855361381,0.41370297410844925,0.36852499460009486
5706.437913283627,-2.1326139306725076,0.3697503220011279
5707.820971205872,-5.037352168452905,0.37080250260007036
5709.204029128119,-5.678793285133367,0.3709657672119264
5710.587087050365,-1.7806479147790057,0.3697669872606191
5711.970144972611,-1.7834129133514045,0.3696307046673928
5713.353202894857,-0.2806309278539171,0.3688913983581612
5714.736260817102,2.0890745425921065,0.36885241916209005
5716.119318739349,3.908891326650216,0.3666741043379133
5717.502376661595,4.164273819516549,0.3683666335006709
5718.885434583841,2.4019110028792405,0.36788754043840205
5720.268492506087,2.7529286183308246,0.3681389223467267
5721.6515504283325,4.158525588573333,0.367921831863569
5723.034608350579,4.375303938631401,0.36739341378008367
5724.417666272825,1.9172607758954858,0.3687291591461565
5725.800724195071,-1.2172352741059318,0.36959165315995685
5727.183782117318,0.28031270406772524,0.3690890897038369
5728.566840039563,4.856523076586699,0.3678881827755841
5729.949897961809,2.8871120661312832,0.3684023306729908
5731.332955884055,-0.005088547240931773,0.3695482527504229
5732.716013806301,-1.0175894622122228,0.36995039808663766
5734.099071728548,-0.400702893059216,0.36989341900418793
5735.4821296507935,-1.7976555074184513,0.3705021444294236
5736.865187573039,0.9971940605591887,0.36989683969823994
5738.248245495285,3.305007317081904,0.36841783880469897
5739.631303417531,1.6201468583412304,0.36944286315604963
5741.014361339778,2.399244093969995,0.368725060356986
5742.3974192620235,3.7350181037920853,0.36864635846696187
5743.780477184269,2.087279686836709,0.3688875222096566
5745.163535106516,6.635601295489746,0.36849355294290403
5746.546593028762,0.2159088261555595,0.3694522194891618
5747.929650951008,-2.793190049992196,0.37126547811629
5749.3127088732535,0.9045536403349956,0.36985785725003356
5750.695766795499,1.22590815632915,0.37043154762393166
5752.078824717746,-2.0768178468492486,0.37125071668521814
5753.461882639992,-7.403632158153974,0.3733166390035113
5754.844940562238,-3.810066226318031,0.3717906288424336
5756.227998484484,0.6118764700708711,0.3704448444706245
5757.611056406729,-0.8790837126445732,0.3706368969778792
5758.994114328976,-0.03745673125992455,0.37054033856173874
5760.377172251222,3.155722107489842,0.36951699805781185
5761.760230173468,-2.3231646853880292,0.37120157449636154
5763.1432880957145,-1.9394200762059601,0.37152457836667424
5764.52634601796,-1.355074487915843,0.3709316088284844
5765.909403940206,-0.2533731522547302,0.3707413799673053
5767.292461862452,-0.8165052162949202,0.3707890258818124
5768.675519784698,-0.976286011288694,0.3704320056885187
5770.058577706945,6.47805735536225,0.3681080484791926
5771.44163562919,8.906911689473583,0.3674850056032466
5772.824693551436,3.9651483128537013,0.36913027030295925
5774.207751473682,3.6189982193761083,0.3692274228158377
5775.590809395928,0.16523189517938408,0.3706307430162269
5776.973867318175,-0.5839210227787974,0.3709179124144374
5778.35692524042,-2.03774980203835,0.3716979400660864
5779.739983162666,-3.234301574349355,0.37168662917091627
5781.123041084913,-0.07206736224966459,0.3708256474489559
5782.506099007159,3.285981539513015,0.37003746340898874
5783.889156929405,-1.7813682297403806,0.3711082468505045
5785.2722148516505,0.6669679417294953,0.3703873593926443
5786.655272773896,5.767648930090944,0.3688602503253763
5788.038330696143,2.385930470017435,0.36976558187067265
5789.421388618389,1.4578382061348458,0.36940543626483363
5790.804446540635,6.348429848052223,0.3682668030412453
5792.1875044628805,5.3818428610979945,0.36858861202173837
5793.570562385126,3.0484916957757515,0.369557827859684
5794.953620307373,2.1363333261478905,0.3706728994823054
5796.336678229619,-1.3819781504172712,0.37102949805241037
5797.719736151865,-3.816731143677721,0.3729444299919018
5799.102794074111,-3.538568622967079,0.37255008436153264
5800.485851996357,-2.959852331202193,0.37250706500456765
5801.868909918603,-2.142734090839847,0.37191348285970927
5803.251967840849,-3.4548179785101847,0.3809048894294349
5804.635025763095,-4.799646272054597,0.38863734277001727
5806.0180836853415,-0.6872380079487073,0.3882321526075817
5807.401141607587,-0.9516220128285244,0.3892218463297613
5808.784199529833,-8.857416949337578,0.3931739389088206
5810.167257452079,-11.607468056235184,0.39414645865399195
5811.550315374325,-7.668385704380488,0.3946541307195882
5812.9333732965715,-5.8208153562202956,0.3937698735998352
5814.316431218817,-7.399672673218781,0.39524207721259835
5815.699489141063,-3.4651824287862167,0.39444544217419547
5817.08254706331,-2.1635619766628635,0.39524141456162454
5818.465604985556,-2.9424642070166493,0.39526950640648323
5819.848662907802,-1.4105573985154543,0.39603734424688697
5821.231720830047,-1.4845551162064108,0.3967241352851319
5822.614778752293,-3.9994486832009217,0.39805600519350093
5823.99783667454,-1.4355220995344546,0.39826232206919443
5825.380894596786,-4.843600729083569,0.39982851392885127
5826.763952519032,-2.642419731221597,0.3997889056560872
5828.147010441277,-0.46100916439648176,0.39960737019218473
5829.530068363523,-1.3621982612618675,0.400877870752725
5830.91312628577,-1.5268540215781572,0.4011190069958143
5832.296184208016,0.17293267782165778,0.4016520760771349
5833.679242130262,-2.1662706904444393,0.4029767938516614
5835.062300052508,-1.9663228462584066,0.4037305167816734
5836.445357974754,-0.7947905294878036,0.40389553459578337
5837.828415897,-0.8151168695281263,0.404710195385934
5839.211473819246,-2.437422384197136,0.40588170873028095
5840.594531741492,-2.8342529929799505,0.4070296235374603
5841.977589663738,-2.2917240277700315,0.4072799414592278
5843.360647585984,-2.8520888947317307,0.4079597893125534
5844.74370550823,-0.8928673320537606,0.40800935747386996
5846.126763430476,0.06292756928647103,0.40802265256674103
5847.509821352722,0.5907154093412961,0.40897767444763106
5848.892879274968,2.1102379111314646,0.4090153560340253
5850.275937197214,1.4304281104935808,0.410040491580667
5851.65899511946,-0.4096990742855715,0.41146674503055947
5853.042053041707,-1.67687937310686,0.41252606192475166
5854.425110963953,-2.9731279700059963,0.413642580536382
5855.8081688861985,-2.600257732200328,0.4143116755174221
5857.191226808444,-3.018060925906423,0.41466018263198423
5858.57428473069,-1.1198450760606558,0.4153247477664622
5859.957342652937,-1.8279855956089368,0.41502981389815635
5861.340400575183,-3.135505485703692,0.4170121860572432
5862.7234584974285,0.4749830454096657,0.41563167421890007
5864.106516419674,1.8500277116076367,0.414807595168089
5865.48957434192,4.716770221483921,0.41550413129565344
5866.872632264167,-1.068192652446736,0.4175688400409876
5868.255690186413,1.99346955786736,0.4170610824790447
5869.638748108659,8.679345381273274,0.4159255262282914
5871.021806030905,3.4308012242283246,0.41885970795830385
5872.40486395315,-1.0382144350794387,0.42020690459547366
5873.787921875397,7.033237393411502,0.4192942671900372
5875.170979797643,3.0368623497975924,0.4192392004461891
5876.554037719889,2.6660067612731417,0.4218154803310614
5877.937095642135,4.905265391542998,0.4209385239118936
5879.320153564381,3.1417723605597767,0.42310227074810197
5880.703211486627,2.9168290905943843,0.4236097050205344
5882.086269408874,-0.4672700894469507,0.42528219574761683
5883.469327331119,4.1637918878747815,0.42498048437028113
5884.852385253365,0.7499908496318916,0.4261289642661082
5886.235443175611,-3.92590077409934,0.42742335066123893
5887.618501097857,-9.823539356747855,0.42901961048577186
5889.001559020104,-30.014123056850387,0.4357638645444024
5890.384616942349,-38.56934789117174,0.44166108903096246
5891.767674864595,-19.261972227473038,0.43796121595517684
5893.150732786841,-9.346928474734685,0.4333716160472693
5894.533790709087,-18.70934123833962,0.43577233259903425
5895.916848631334,-28.89359880374431,0.44134578700154714
5897.29990655358,-24.207624479298175,0.4425019579057621
5898.682964475825,-11.60369991660543,0.4387982559826779
5900.066022398072,-4.909441217867029,0.43633126152217866
5901.449080320317,0.5770440875616736,0.43473492691212223
5902.832138242564,3.300866691750308,0.43422173528826596
5904.21519616481,4.0545511769988405,0.4342372120646524
5905.5982540870555,3.1547374103541026,0.43540819450040896
5906.981312009302,0.7551785453285286,0.43717072795678313
5908.364369931547,-0.39188102867619856,0.4382182516304987
5909.747427853794,-2.180526436315785,0.4396027833005137
5911.13048577604,-1.8539484986417327,0.4400933184643712
5912.5135436982855,0.9809494422852995,0.4393361552694331
5913.896601620532,3.004383206180731,0.43927422526969656
5915.279659542778,1.833668537738657,0.4406392620571166
5916.662717465024,-2.8366894667550024,0.4434512651090067
5918.045775387271,-6.287941640904503,0.4456750947321756
5919.4288333095155,-4.30377705074187,0.44523340488769725
5920.811891231762,0.5211695033628767,0.4436681822916405
5922.194949154008,-4.017428407151434,0.4453133618819215
5923.578007076254,-4.5695859285831135,0.44530699283957503
5924.961064998501,3.805389469768108,0.4423703291109013
5926.344122920746,7.691732122113343,0.44046087177440063
5927.727180842992,3.0546020508071194,0.4423241560513434
5929.110238765238,2.58644162326166,0.4428585521737448
5930.493296687484,0.7657696532831699,0.443228669364907
5931.876354609731,0.7284473539879761,0.4436363585331075
5933.2594125319765,1.6957038518738359,0.44329890129708843
5934.642470454222,0.987856903599686,0.4444590598863294
5936.025528376469,1.5304743297100305,0.4440684211894754
5937.408586298714,5.5052711442888,0.4424046432682081
5938.791644220961,3.1793499633550386,0.4439234642014455
5940.174702143207,-3.1151855266468265,0.44600036383489905
5941.557760065452,-5.291769115967968,0.4479055851352157
5942.940817987699,-2.040864565093917,0.44647193724427275
5944.323875909944,1.0772863324283568,0.4446085475277428
5945.706933832191,0.0,0.4449267062638905
5947.089991754437,1.230696244013843,0.4447975008509129
5948.473049676682,0.2467091451004979,0.44557550874866686
5949.856107598929,0.3807970758852024,0.44502598309314634
5951.239165521175,3.042712868216786,0.4442882879533355
5952.622223443421,3.547232507377203,0.44433225813089106
5954.0052813656675,-0.8459048941902454,0.44555643318542604
5955.3883392879125,1.765627889135207,0.44603540343973824
5956.771397210159,0.8451273264369417,0.44533713586697743
5958.154455132405,1.7672811061572342,0.44587768760005775
5959.537513054651,3.2794317523748315,0.44470674741903915
5960.920570976898,2.920336646357602,0.4453006875806574
5962.3036288991425,8.401941672575424,0.442863141678164
5963.686686821389,5.892104874335555,0.4443612431621811
5965.069744743635,0.5094674667479118,0.44603221347434635
5966.452802665881,-1.3043881559445791,0.44760364107473277
5967.835860588128,-2.586303288633513,0.44832735955801223
5969.218918510373,-3.122434374739788,0.44795970127016427
5970.601976432619,5.747685178401019,0.4451939261886602
5971.985034354866,3.46056523256771,0.4454685587150866
5973.368092277111,-1.0941324614528627,0.44668745613056354
5974.751150199358,1.9436583308222823,0.4473768420553102
5976.1342081216035,2.9440254366926615,0.44566185125841357
5977.517266043849,-4.720651676037881,0.4505651081393481
5978.900323966096,-5.854173176369985,0.45064976018696895
5980.283381888341,0.38603111347562646,0.44764520442446254
5981.666439810588,0.7488900875804778,0.44820180978533564
5983.0494977328335,0.7664016998272638,0.44771856107191765
5984.432555655079,0.644858605093672,0.44840760308824823
5985.815613577326,0.04784271397297046,0.44799758644458454
5987.198671499572,4.611668228922603,0.44650839743740056
5988.581729421818,3.826070234524629,0.44695267502253244
5989.9647873440645,1.8561068440079111,0.44755199614816743
5991.347845266309,-0.9671468164218642,0.44974803260481594
5992.730903188556,-3.115210554062071,0.4507984872281385
5994.113961110802,-2.756567696917429,0.4510254991651512
5995.497019033048,-0.5834126956812069,0.4499439802315443
5996.8800769552945,2.835123558841312,0.44910983087371786
5998.263134877539,-3.444902124922527,0.4508559621595751
5999.646192799786,-3.7821817089432663,0.4516512551633691
6001.029250722032,0.14747839881971503,0.44997337228839346
6002.412308644278,-0.3655646904053018,0.4503098967894679
6003.7953665665245,-0.4314612953232857,0.45034543801011545
6005.17842448877,-1.8507463199841023,0.4510519173003637
6006.561482411016,3.516188603987144,0.44924642693204203
6007.944540333263,1.3499995182879982,0.45003002560551647
6009.327598255508,-3.2650885547254394,0.4523048098465262
6010.710656177755,-0.3043496948355542,0.45148890841414907
6012.0937141,1.3798633838994392,0.45070048162098014
6013.476772022246,0.5686492709963322,0.45083269938822224
6014.859829944493,0.8752668711225355,0.4508624846792781
6016.242887866738,-1.0420530952282054,0.45163740422676646
6017.625945788985,-0.4693705341163388,0.4512959058607477
6019.00900371123,2.3107546703389388,0.4501066276738037
6020.392061633476,-3.5342331394608846,0.4517946758311969
6021.775119555723,-1.0819958928965003,0.4512310937921618
6023.158177477969,-3.050151303579578,0.4503590421135988
6024.541235400215,-4.078795045176771,0.45103574117036205
6025.924293322461,-4.615911081846146,0.45089395896358925
6027.307351244706,-4.996914165467254,0.4498582563883528
6028.690409166953,2.476811625719958,0.44646859813566786
6030.073467089199,2.3838078419417403,0.445875622539628
6031.456525011445,0.704789933761891,0.4459525649294893
6032.839582933691,-0.828961000608546,0.4461940228998818
6034.222640855936,1.7091425006738945,0.4441725738079459
6035.605698778183,4.821201603776393,0.4430753662407963
6036.988756700429,-3.9893615199997905,0.44516863242751975
6038.371814622675,-4.061286881468032,0.44590427595341997
6039.754872544921,-1.6539068462231568,0.4439946398329279
6041.137930467167,-2.1197869272654155,0.44345878792292354
6042.520988389413,-2.4619587261211606,0.4440059110235643
6043.90404631166,0.9065385608773715,0.44086187741747157
6045.287104233905,2.9772631812152173,0.43927436606784526
6046.6701621561515,-0.7657696532831699,0.44045882538808195
6048.053220078397,3.75245180272742,0.4382976721766185
6049.436278000643,3.793812460338105,0.4373654962256926
6050.81933592289,-1.0367289434014708,0.43913979942572595
6052.202393845135,-2.948959040703274,0.43959935744473144
6053.5854517673815,-5.907271001962854,0.4402950112115734
6054.968509689627,-6.465244958958243,0.44011283356797387
6056.351567611873,-1.2802022540539708,0.4375970071121424
6057.73462553412,-1.64566683049097,0.43672212257734716
6059.117683456366,-4.024521559885537,0.4373247316736903
6060.500741378612,0.0228794329252473,0.43512282832051347
6061.883799300858,2.098249843517597,0.43329104292521775
6063.266857223103,2.0163660330830773,0.43276578433387225
6064.64991514535,-0.2927577299400723,0.4331770497468785
6066.032973067596,-3.1901515818947583,0.433410345144747
6067.416030989842,-3.984188625765589,0.43328304064744216
6068.799088912088,-0.9291567505521783,0.43088480776569726
6070.182146834333,3.8445153087408914,0.4285720956911567
6071.56520475658,2.438293854710043,0.42785462129695817
6072.948262678826,1.685426596228355,0.4278938043407955
6074.331320601072,3.566210313301495,0.42644264881317984
6075.714378523318,3.107968199699638,0.4265047472931947
6077.097436445564,-0.5599241445887835,0.42723479067279707
6078.48049436781,1.4946880167089776,0.42565989544774446
6079.863552290057,2.6304818137545203,0.4246315332113706
6081.246610212302,2.909005478286849,0.4236989297886592
6082.629668134548,3.6396697480967166,0.42312768061006567
6084.012726056794,1.212614992426728,0.423499317825911
6085.39578397904,-3.3242233557972334,0.4226899173038606
6086.778841901287,0.7743535933309746,0.4199874687427885
6088.161899823532,-2.4051424854492223,0.420569429617423
6089.544957745778,0.6817386269631172,0.4201601129608974
6090.928015668024,3.713829896701325,0.4188310214626228
6092.31107359027,-0.04662385992021312,0.41915032545716313
6093.694131512517,0.9040676376365631,0.4182248132115856
6095.077189434763,2.8897525824134336,0.4166889950751243
6096.4602473570085,1.578400966507946,0.41627363094862013
6097.843305279255,2.3862692167758204,0.4149537811686112
6099.2263632015,3.6998454085723056,0.413893269788457
6100.609421123747,2.1356933984600786,0.41400751051407797
6101.992479045993,-0.12541376784519032,0.41448108269808
6103.3755369682385,-2.6612984678497726,0.4147136356914426
6104.758594890485,-1.2271881104731062,0.4132197106698744
6106.14165281273,4.536269897543166,0.4103802174900235
6107.524710734977,6.43890833665364,0.40888187376753693
6108.907768657223,3.1484160858749615,0.4094608164972398
6110.290826579469,0.5771210967766043,0.410046255742028
6111.673884501715,1.9797489027459816,0.40908489277918514
6113.056942423961,2.7040381760333014,0.40828851380850884
6114.440000346207,0.4860861478230567,0.4088273329117536
6115.823058268454,0.1254155851824572,0.40861635228092014
6117.206116190699,1.5418697330975202,0.4078080895222937
6118.589174112945,0.5999015842494668,0.4078391675685282
6119.972232035191,-0.9977941267120194,0.4083854854956642
6121.355289957437,-2.07590807790859,0.4089372570944572
6122.738347879684,-7.245374469380133,0.41010145570008794
6124.121405801929,-4.155254958334239,0.4094092782926743
6125.504463724175,-1.1592255326797196,0.4076145978679066
6126.887521646421,-2.2473176738861014,0.407415762393702
6128.270579568667,-1.517836989099825,0.4068205576872866
6129.653637490914,3.6197450744138058,0.4042985746534442
6131.03669541316,3.0278589600780323,0.4041086077967944
6132.419753335405,-0.21454992155111952,0.4053931375451507
6133.802811257652,2.089532769424846,0.4034483232536536
6135.185869179897,3.3025458210127097,0.40348401798198286
6136.568927102144,-4.62156444764056,0.40617214437882654
6137.95198502439,-10.097741232537874,0.4078256371848389
6139.335042946635,-5.286037471120991,0.4052125001961581
6140.718100868882,-6.299144796280508,0.4052102886836342
6142.101158791127,-11.323076885758475,0.40738575247112774
6143.484216713374,-11.416277252560846,0.40730719561566375
6144.86727463562,-5.644480079124379,0.405235255649248
6146.2503325578655,-4.416728214882826,0.40462567414806855
6147.633390480112,-6.563362360611615,0.4050971277084045
6149.016448402358,-4.207615518511568,0.4043640682551253
6150.399506324604,-1.5137186685860535,0.40268321268116436
6151.782564246851,0.21380339098758028,0.40188935083069144
6153.1656221690955,1.8187221258780708,0.40139420881127474
6154.548680091342,-1.306656765178585,0.4026572815706658
6155.931738013588,-2.7643404197879784,0.4037297762770624
6157.314795935834,-4.772982018120825,0.4048190220427706
6158.697853858081,-6.555387073547344,0.38519198085184864
6160.080911780326,-7.1701600332463595,0.3778967308956734
6161.463969702572,-9.24597850987879,0.3974556048915891
6162.847027624818,-12.124632597502396,0.40763407961399495
6164.230085547064,-8.503435721706868,0.40668071847981996
6165.613143469311,-3.541951527454928,0.40463223497381123
6166.9962013915565,-2.4707644897880505,0.40432272668546365
6168.379259313802,-2.790351899289384,0.4043675846454796
6169.762317236049,-1.992455353674437,0.4038928273192643
6171.145375158294,-1.6225434278157964,0.4039209463403169
6172.528433080541,-1.6333347844548083,0.40389472320236797
6173.9114910027865,0.0,0.40326581437576264
6175.294548925032,0.659662632319294,0.4032246885223373
6176.677606847279,-0.8982253295798085,0.40369497181776653
6178.060664769524,0.5793997401282549,0.4030495182777858
6179.443722691771,1.4674789926350018,0.40329314117429915
6180.826780614017,-2.4931886588817296,0.4039807040331258
6182.209838536262,1.0770878357969016,0.40347279914928885
6183.592896458509,0.4968300066282165,0.40352065408039905
6184.975954380755,-3.1036885837718446,0.4049392811266927
6186.359012303001,-2.567991995836465,0.40517357147505456
6187.742070225247,0.7065927252153008,0.4035096373686173
6189.125128147492,-2.6463968021289896,0.40516279343249073
6190.508186069739,1.255115606803178,0.4033998383902531
6191.891243991985,-2.9682270621784475,0.4054506668662702
6193.274301914231,-5.340347697077866,0.4060523030591854
6194.657359836478,-1.7939104292264691,0.4046050009841941
6196.0404177587225,1.2244432540368269,0.4033836200725644
6197.423475680969,2.9568133459335453,0.402515024313141
6198.806533603215,4.277348104612357,0.4019710749058971
6200.189591525461,4.965296433944628,0.40156097853543077
6201.572649447708,5.458659497171789,0.40140815007769376
6202.955707369953,5.3223317208891965,0.40142651500052684
6204.338765292199,5.091785385294159,0.40175765269220953
6205.721823214445,6.659441871533524,0.4013447656753507
6207.104881136691,4.50010617171402,0.4024970569355305
6208.487939058938,0.9578321182623899,0.40437526533157536
6209.870996981183,-1.9559816670761117,0.4059362771768124
6211.254054903429,-4.929959102265519,0.407777940438407
6212.637112825676,-7.304786878396426,0.4090732850730168
6214.020170747921,-7.182666869702269,0.408931171387494
6215.403228670168,-3.6393957171148035,0.40747662472638835
6216.7862865924135,0.00242284906165402,0.40587230571188143
6218.169344514659,0.9147074482804658,0.4053296898506011
6219.552402436906,0.3319372337979649,0.405564771138896
6220.935460359152,0.838680349071049,0.40560857253708377
6222.318518281398,1.4046484872818727,0.405730201889482
6223.7015762036435,0.07510579976115578,0.4062770724652128
6225.084634125889,1.0441277963706128,0.4060487571053314
6226.467692048136,3.6501377525736096,0.40515274284869723
6227.850749970382,4.42093847843849,0.39896188616571054
6229.233807892628,1.223942584228907,0.3793883558337576
6230.6168658148745,-0.8115569961701246,0.38341225471216345
6231.999923737119,6.144296578980922,0.4043806499302456
6233.382981659366,3.5088880846700556,0.404956658281162
6234.766039581612,1.8976258190740922,0.40575306986826726
6236.149097503858,1.3211230942841408,0.4068929226498045
6237.5321554261045,-3.569706203839802,0.4097064284646495
6238.91521334835,-8.104665941036368,0.41089257474266033
6240.298271270596,0.40309221561623376,0.4093445578291209
6241.681329192842,-2.7423401814523443,0.4090653897745874
6243.064387115088,-2.767118795977173,0.4106750496206218
6244.447445037335,-3.0008442330937606,0.4104268595379064
6245.83050295958,-6.447214442745491,0.4123233966267504
6247.213560881826,-6.698637169805902,0.4126636513783239
6248.596618804073,-2.2035583425749916,0.41057936452056687
6249.979676726318,1.7719049863875205,0.40879878156989563
6251.362734648565,2.1512360991664905,0.40878749958202637
6252.74579257081,0.5356477757424836,0.40976661270696174
6254.128850493056,-0.5197228766790418,0.4101790709465685
6255.511908415303,-0.1549111463901851,0.4099939503319168
6256.894966337549,0.6228253361074441,0.40963298994782954
6258.278024259795,2.730111764238495,0.40872483576962015
6259.66108218204,6.171721454842461,0.4076845102964143
6261.044140104286,7.432006804522969,0.4074313010733638
6262.427198026533,4.997516707272464,0.40831621984055055
6263.810255948779,3.536654625450542,0.409086064318205
6265.193313871025,5.577285972829266,0.4085428315176697
6266.576371793271,4.917411039822195,0.4091330613278812
6267.959429715516,2.2919710509001243,0.41036480616065335
6269.342487637763,7.781446038970016,0.40862883963074836
6270.725545560009,8.66567097987923,0.4074197937798365
6272.108603482255,4.319072173082237,0.4102829111822561
6273.491661404501,3.115467292466635,0.41123296423772476
6274.874719326747,-6.093079012056866,0.41610108858263345
6276.257777248993,-15.989940245878838,0.4207228420368123
6277.640835171239,-14.160536161498731,0.42069729586229293
6279.023893093485,-10.193671350987161,0.4191272169831616
6280.4069510157315,-8.549823661716875,0.4178494145601174
6281.790008937977,-4.3486555801313616,0.4160572088838931
6283.173066860223,-1.704014156438651,0.4144942452225654
6284.55612478247,1.0371302532495317,0.41324990639525194
6285.939182704715,0.7550401513955383,0.4129989723142581
6287.3222406269615,0.019763537453563407,0.4134077341913496
6288.705298549207,3.262128193054486,0.4124108793142173
6290.088356471453,3.2090499428073933,0.41245242416625105
6291.4714143937,-1.020299218477328,0.4149688402210337
6292.854472315946,-0.9665709938630307,0.4151076501722261
6294.2375302381915,0.0,0.414666895887562
6295.620588160437,1.0734337383958037,0.414153452002609
6297.003646082683,0.5026522271641813,0.41337514242753254
6298.38670400493,1.2190658864326753,0.41250905265806587
6299.769761927176,4.188264283959152,0.41148180816891955
6301.152819849422,-0.4776152612682073,0.4136834246099628
6302.535877771668,-0.6456762421603854,0.4160408033827539
6303.918935693913,-0.9114642756540445,0.41498149962796893
6305.30199361616,2.1813786348014927,0.4142846298372534
6306.685051538406,5.864516454662846,0.4124101974749121
6308.068109460652,4.187865836698807,0.4135775218910332
6309.451167382898,1.9247021344321165,0.41514147504961424
6310.834225305144,4.147680965162126,0.4139746718392651
6312.21728322739,5.219989249895141,0.4139455076825203
6313.600341149636,5.732818500805253,0.41311791279851584
6314.983399071882,6.72015028662201,0.3978962801332633
6316.366456994128,4.978055014517243,0.38645952965854624
6317.749514916374,2.661095321670479,0.39954697584496157
6319.13257283862,3.593382599646028,0.4146046178553014
6320.515630760867,5.418180059765683,0.41381037659231323
6321.898688683112,5.646949053486793,0.4136724495270642
6323.281746605358,4.7490638945490815,0.41415792654186107
6324.664804527604,4.7262150561919025,0.41414215509144753
6326.04786244985,5.692889965549135,0.4138562756396091
6327.430920372097,4.524555655195371,0.414120966460876
6328.813978294343,2.4109436627688674,0.41550509033370436
6330.1970362165885,-1.1549062348184878,0.41635486687444184
6331.580094138834,1.1653991188394273,0.4171272145727467
6332.96315206108,3.177930514884363,0.41539631661977405
6334.346209983327,-1.999770777445525,0.41844365175832515
6335.729267905573,-0.7237367110083632,0.41800028779735043
6337.1123258278185,-1.6712685791131416,0.4183066689992201
6338.495383750065,-1.2748227050678482,0.41815811016125654
6339.87844167231,-0.8817207563625715,0.4181965341508656
6341.261499594557,-1.463852816708372,0.4182414995253957
6342.644557516803,-0.3815831991555887,0.41791494421537856
6344.0276154390485,-0.7240002787071962,0.4185468850645274
6345.410673361295,-5.856890083795926,0.42065231488790095
6346.793731283541,-10.653538957532865,0.42233662672190203
6348.176789205787,-8.914609119196623,0.4219126657767077
6349.559847128033,-2.88927400175186,0.41982989072316623
6350.942905050279,0.19623984851444765,0.41803462588425866
6352.325962972525,-1.1162235503763962,0.4182935218197878
6353.709020894771,2.1819627101734502,0.4166599828914788
6355.092078817017,3.029432602636331,0.41628501346636265
6356.475136739264,2.277097396928543,0.4161932813539022
6357.858194661509,0.3843662971832018,0.4183673915378183
6359.241252583755,-1.485609909054039,0.41873088911136763
6360.624310506001,-1.6278073070739243,0.41891119485321093
6362.007368428247,0.4194915137181394,0.4176835007176988
6363.390426350494,2.2062494973037903,0.41697265125397137
6364.77348427274,0.5830757187420681,0.4180158644257143
6366.156542194985,-1.7484425405296458,0.4194311030987031
6367.539600117231,-2.1266459733520264,0.41997299367336594
6368.922658039477,-2.6349121670082702,0.42070152307408265
6370.305715961724,-6.599179157469404,0.4224780546673006
6371.68877388397,-9.350261029207871,0.42367458224196325
6373.071831806215,-4.914364083108426,0.422138206308631
6374.454889728462,0.3764771406792786,0.41917262657402893
6375.837947650707,0.876112173325629,0.4190345440045379
6377.221005572954,-2.187059038102451,0.42056387761213143
6378.6040634952,-4.468671747067674,0.4221293884423598
6379.987121417445,-6.698071240341692,0.4233679297502826
6381.370179339692,-7.3232059531547815,0.42413154715145157
6382.753237261938,-1.7532800575536824,0.4208789793245763
6384.136295184184,1.0479295635180605,0.42051509300860695
6385.51935310643,-2.1722995163536294,0.4216540840696169
6386.9024110286755,-5.364374575484006,0.4230265267887616
6388.285468950922,-2.1789686942594435,0.42225759060733337
6389.668526873168,0.3204827596061044,0.42082703198441856
6391.051584795414,1.7792407463087268,0.4201164450589822
6392.434642717661,2.9997844524347466,0.41978527537406196
6393.8177006399055,2.3495631758893745,0.4201141674317278
6395.200758562152,0.8417292730970072,0.4210644422196451
6396.583816484398,0.6923932663714241,0.4214618999281657
6397.966874406644,0.7500019958637574,0.4217139704355129
6399.349932328891,-0.7750546515187358,0.4226601210508505
6400.7329902511365,-2.499243958464561,0.42358839876032417
6402.116048173382,-1.8498200806509573,0.4235887968250326
6403.499106095628,1.9912243361817836,0.4212532824840481
6404.882164017874,5.719272995694144,0.41972797535971007
6406.265221940121,3.603470369130383,0.4209628206593097
6407.6482798623665,-0.3247232588458524,0.4229302528437847
6409.031337784612,0.6265876792801439,0.4229516188572677
6410.414395706859,1.5752751311030773,0.42272814197818437
6411.797453629104,0.44053911873895846,0.4233465155381383
6413.180511551351,0.08094215257161297,0.42382359779683587
6414.5635694735965,-1.2444132236441825,0.4101883815603914
6415.946627395842,-2.2249149421354986,0.39643491221260746
6417.329685318089,0.13208064197511815,0.4055507040430689
6418.712743240335,2.8035963046037113,0.42117229191610145
6420.095801162581,3.4285636892121074,0.4224445877352829
6421.478859084827,2.617313225206413,0.422889853246564
6422.861917007072,2.5375518141203184,0.4232047716704362
6424.244974929319,3.2961524315474175,0.42304706690345095
6425.628032851565,1.9731696164318797,0.4238947235832409
6427.011090773811,-3.2516154460727726,0.4273619983780088
6428.3941486960575,-3.3430889579705987,0.4269340895584583
6429.777206618302,-0.05557039648336204,0.4259701100026471
6431.160264540549,-1.5447125196041158,0.4267349905967454
6432.543322462795,-3.3410311847927243,0.4276693072470076
6433.926380385041,-2.3915443945907047,0.4274462436811394
6435.309438307288,-1.067891350250921,0.42703956460022524
6436.692496229533,-2.1658958335355205,0.4277096328503784
6438.075554151779,-3.775547049666879,0.428302782964573
6439.458612074025,-1.3450634682856721,0.42708988924130903
6440.841669996271,3.510999857396409,0.4251678259798083
6442.224727918518,3.8938820260119327,0.4242391086149313
6443.607785840763,7.2193580819820955,0.42341816984343644
6444.990843763009,4.4296363824654845,0.42410251913558666
6446.373901685256,3.640959501306701,0.4250543690616024
6447.756959607501,7.3820013250642065,0.42322988401974593
6449.140017529748,6.480434220911052,0.423829428396301
6450.5230754519935,2.1802374385318624,0.42640991548939866
6451.906133374239,4.326945024165168,0.42553321558206997
6453.289191296486,4.307406898987961,0.4257374830145323
6454.672249218732,0.22678433222286998,0.4282320358646353
6456.055307140978,-3.0994750934697315,0.4301391496771493
6457.4383650632235,-2.6586638707751744,0.42993148653335717
6458.821422985469,0.9502719010701961,0.4284647531248574
6460.204480907716,3.140265263337016,0.4276921886585766
6461.587538829962,-0.383103970129433,0.4291949093906742
6462.970596752208,-2.8460211069658605,0.43059109037899246
6464.353654674454,-1.9584683985523457,0.43037375287903407
6465.736712596699,-0.2612502613052001,0.4297675105281942
6467.119770518946,0.46278736038129153,0.4291112162494176
6468.502828441192,4.215568816794788,0.42838334607660017
6469.885886363438,-0.7949878874148126,0.43012799041531624
6471.2689442856845,-2.2498724408242188,0.43153064464071417
6472.65200220793,-0.28728189904054524,0.4307949980938256
6474.035060130176,0.49618509170744307,0.43030219331289066
6475.418118052422,0.38451067063095223,0.43039076627459644
6476.801175974668,1.166120378551403,0.4300069253140151
6478.1842338969145,0.04358095803385709,0.4307940610215918
6479.56729181916,-3.641341433845769,0.4331146405512145
6480.950349741406,-2.7762876737483815,0.43268568992448275
6482.333407663653,-0.9795092762521636,0.43175076709772475
6483.716465585898,-1.8241998476181243,0.4326615636422341
6485.099523508145,-3.043592396281081,0.43306731684142374
6486.48258143039,-3.8405449595549612,0.4336557749142681
6487.865639352636,-3.426423705976802,0.43354747504695496
6489.248697274883,-2.113483257942007,0.4329630987215379
6490.631755197129,-2.7216870243454006,0.4334604083132818
6492.014813119375,-5.433566047003336,0.43487069163838554
6493.39787104162,-7.559823559522852,0.43613065224012715
6494.780928963866,-8.68590403259865,0.436760355909921
6496.163986886113,-9.382044017291445,0.43669103991648595
6497.547044808359,-7.449607431911408,0.43526476855842766
6498.930102730605,-1.794978573749706,0.4322528445335422
6500.313160652851,2.694735790945357,0.42992191225952725
6501.696218575096,2.709964551116981,0.42992887336471575
6503.079276497343,1.246101199284082,0.4308492309964897
6504.462334419589,1.5123420286928613,0.43068631937723434
6505.845392341835,-0.26930977156791513,0.43195736082771524
6507.228450264081,-3.029306635741813,0.4337661793690948
6508.611508186327,-2.9762259820002424,0.4334372744246735
6509.994566108573,-1.6787008017730738,0.433321007364315
6511.377624030819,-3.43831108577273,0.43427182473520837
6512.760681953065,-6.027254623313696,0.4357318186617415
6514.143739875311,-8.511587055237943,0.43747619267847554
6515.526797797557,-11.62138564124691,0.4390369417335315
6516.909855719803,-11.025056336856004,0.4389477162637318
6518.29291364205,-6.608692130881267,0.4367908472020674
6519.675971564295,-3.187106807069882,0.43522978214440794
6521.0590294865415,-5.200888899233605,0.4358800697433462
6522.442087408787,-6.238629730122434,0.43665384388428186
6523.825145331033,-6.996977600481485,0.437865214913634
6525.20820325328,-5.82409667261875,0.43667545132981506
6526.591261175526,-4.89744865576413,0.4366770110625687
6527.9743190977715,-4.900234195184672,0.4366994619601005
6529.357377020017,-5.427779851350798,0.43689779349170876
6530.740434942263,-6.27331634775535,0.43740998342084036
6532.12349286451,-5.901859681504148,0.43721596676151764
6533.506550786756,-5.471704494503666,0.4373894187813103
6534.889608709002,-9.824976336249918,0.44040280445958296
6536.272666631248,-12.294829650127223,0.44225559959342614
6537.655724553493,-11.073879332794167,0.4421027544654228
6539.03878247574,-14.412311234105154,0.44440109349934476
6540.421840397986,-18.725286698402666,0.447176076068997
6541.804898320232,-22.468450338767898,0.4492927971914857
6543.187956242478,-22.357665140843018,0.44980414255895484
6544.571014164724,-22.0062475988252,0.45012443056939244
6545.95407208697,-24.554041020574207,0.45209980362894286
6547.337130009216,-28.26498985348734,0.4545519147059959
6548.720187931462,-29.681534181476902,0.4557525629216801
6550.103245853708,-31.081494574846165,0.4572631307209314
6551.486303775954,-36.17830282512311,0.46048417934417724
6552.8693616982,-37.97842698529541,0.4615215916753854
6554.252419620447,-43.34905842711164,0.4669959625540452
6555.635477542692,-54.67853146924063,0.4756034729541079
6557.018535464938,-63.93463092650634,0.4842297414720097
6558.401593387184,-79.30057355295857,0.49826529222110777
6559.78465130943,-98.84256375626455,0.5182652579971233
6561.167709231677,-128.60405464753276,0.5540804933399911
6562.550767153923,-151.18251924813853,0.5813495635441225
6563.933825076168,-148.53980549285194,0.5764884532737015
6565.316882998414,-122.18573581503438,0.5465150119448376
6566.69994092066,-93.41178238181844,0.5160730931484323
6568.082998842907,-77.24073862611618,0.4972122274340685
6569.466056765153,-63.2462275816425,0.48545838769924393
6570.8491146873985,-56.30038309022855,0.4786828596053722
6572.232172609645,-48.15778309410852,0.4719260841488721
6573.61523053189,-37.596723839887034,0.4651959804270852
6574.998288454137,-33.989341003177714,0.4616266923497504
6576.381346376383,-31.92925677404525,0.4593587601017459
6577.7644042986285,-27.669408700134472,0.45758726314432774
6579.147462220875,-25.097448924454326,0.455613231297837
6580.530520143121,-22.77777277999003,0.4538376441326859
6581.913578065367,-17.701942400168363,0.4513724931835335
6583.296635987613,-14.520540528647505,0.44889207252471247
6584.6796939098585,-16.672824468792953,0.45027115829832254
6586.062751832105,-11.110627597285134,0.44686525684395806
6587.445809754351,-11.580117523058544,0.44789312348722665
6588.828867676597,-7.5900795228571365,0.4436450095736189
6590.211925598844,-4.361469099551995,0.44324000605213537
6591.594983521089,-4.998199944319824,0.4425445375563489
6592.978041443335,-5.810239818009803,0.4431690482742565
6594.361099365581,-5.283440694773358,0.44296257009355855
6595.744157287827,-3.3494283421981486,0.44160642353188884
6597.127215210074,-1.4781248791005797,0.44071589700678726
6598.5102731323195,-1.374320127404494,0.44089628677781656
6599.893331054565,-2.7234674952867435,0.44145999630243604
6601.276388976811,-3.468661817050784,0.4420771978125637
6602.659446899057,-2.6298665990712173,0.44104860968019716
6604.042504821304,0.5296309153475638,0.44008924365094365
6605.42556274355,-1.6956414551884889,0.4408864978941937
6606.808620665795,-2.3642560102828396,0.44157218939980253
6608.191678588042,-1.4480529910492042,0.4412514595256258
6609.574736510287,-0.3633776068631589,0.44051504900395694
6610.957794432534,1.36290028671313,0.43947137251608437
6612.34085235478,2.9405463630864137,0.4385975099035521
6613.723910277025,2.623014925370691,0.43867518606527284
6615.106968199272,0.8520233656940377,0.43989916328850215
6616.490026121518,-3.55308198577522,0.4424616615110855
6617.873084043764,-3.3787201541872607,0.44260273059654276
6619.25614196601,0.0,0.44066458389800156
6620.6391998882555,-2.535535106150631,0.44199409316669536
6622.022257810502,-1.6451158661184389,0.4418332824595119
6623.405315732748,-2.6790185206483397,0.4424185490305174
6624.788373654994,-1.6189688092185814,0.44151257147152384
6626.171431577241,-0.2173611813423204,0.4411895803269506
6627.5544894994855,-2.0824056244299642,0.4423487800228031
6628.937547421732,-4.184282451816682,0.4423846058827394
6630.320605343978,-0.8959465014641439,0.44159934087578895
6631.703663266224,-1.372968162059419,0.44104163877697017
6633.086721188471,0.6405729666818281,0.44046923366548507
6634.469779110716,0.2859924421639457,0.44054646170973044
6635.852837032962,-0.18557455789990795,0.440844085106564
6637.235894955208,0.5110896984847486,0.4407369826003547
6638.618952877454,0.09941733753509485,0.4411769921154229
6640.002010799701,-1.750411080979644,0.44192949802516496
6641.3850687219465,-1.409295674907217,0.44190295457439943
6642.768126644192,1.6827928795496945,0.4405012111877907
6644.151184566439,2.7763580252164752,0.43915692738159234
6645.534242488684,1.4082936782643327,0.4406532566063969
6646.917300410931,-0.4591192359097347,0.44140146607260217
6648.3003583331765,-1.2017428591955805,0.4422888238390461
6649.683416255422,0.4408575808690407,0.4410963992050563
6651.066474177669,1.6496924617541344,0.4407166485275733
6652.449532099915,3.902244771088388,0.438612053770131
6653.832590022161,4.153390814133917,0.43915195047480565
6655.215647944407,1.4741918285081943,0.44095548807545243
6656.598705866652,-0.6718161424777165,0.4418255915784274
6657.981763788899,-1.1099673986221081,0.4430730643022769
6659.364821711145,-4.242857720633646,0.44433294682806773
6660.747879633391,-2.951827910982032,0.4441988863056925
6662.1309375556375,-2.4577516221813522,0.44403781412368726
6663.513995477882,-3.472251755153364,0.4446231616385177
6664.897053400129,-2.548056549276383,0.44364278849533056
6666.280111322375,-0.10930694112228911,0.44312186285602095
6667.663169244621,-2.6797452664108032,0.4441339271211535
6669.0462271668675,-4.084466234966692,0.4448567877998725
6670.429285089113,-1.7693065256395442,0.4442940160701403
6671.812343011359,-1.194209039031644,0.4438426928635659
6673.195400933605,-2.7564351182177713,0.4447167953754632
6674.578458855851,-4.103862303712389,0.445812294585849
6675.961516778098,-5.01508031470567,0.4464548204643508
6677.344574700343,-4.660277089599585,0.44627258555988064
6678.727632622589,-1.7805160145529193,0.4445727496310643
6680.110690544836,-0.47659775755086375,0.44388907473694156
6681.493748467081,0.3228514473690076,0.44331768706524616
6682.876806389328,1.9428412892803766,0.44238045161623313
6684.259864311573,2.922106560629185,0.44202382346296964
6685.642922233819,1.3603676624710892,0.44314729837501426
6687.025980156066,-1.1922036896250932,0.4449621493743722
6688.409038078312,-1.5867389150985614,0.4454081022449798
6689.792096000558,-0.5234747758045675,0.4446457590413141
6691.1751539228035,-0.49196146160182685,0.4453478596602535
6692.558211845049,-1.0762913075463874,0.4452648785432957
6693.941269767296,-0.40329825236002437,0.445316962296788
6695.324327689542,-0.6785077852879091,0.445434758715574
6696.707385611788,-0.007483357159953741,0.4450439709285812
6698.090443534034,1.4929287544582506,0.44458829582783743
6699.473501456279,0.4036743718133309,0.44517922259541665
6700.856559378526,-1.7895127356098541,0.44647021206914306
6702.239617300772,-1.6956454684536961,0.44647013176992073
6703.622675223018,0.6511697144616146,0.44551866140097385
6705.0057331452645,1.3584707285014508,0.44488399676978785
6706.38879106751,2.4898833013402064,0.4444431718255207
6707.771848989756,3.305543017717743,0.4440183636576477
6709.154906912002,2.9831576390588053,0.4443320922255503
6710.537964834248,1.7112512785418952,0.4452734323477429
6711.9210227564945,0.8140898955468652,0.4459412587535238
6713.30408067874,1.4412296458868892,0.44574873472348103
6714.687138600986,2.8804750048437864,0.44489662660181584
6716.070196523233,2.5515659813275895,0.4453563720030085
6717.453254445478,2.3134008969169013,0.44534724186118857
6718.8363123677245,0.339184102287057,0.4471344899222823
6720.21937028997,-1.276747361727801,0.44793659838292177
6721.602428212216,2.141502514472404,0.4457156774452802
6722.985486134463,8.301202021814548,0.44216635309943914
6724.368544056709,9.33403200359767,0.4417473344785063
6725.751601978955,3.7217036793784923,0.44511437282442884
6727.1346599012,2.5086886129713792,0.44576631667016564
6728.517717823446,3.0036512194473226,0.4465463319050742
6729.900775745693,0.7122671202973057,0.44711200982104676
6731.283833667939,1.659504816233111,0.44712128768418624
6732.666891590185,1.6714572246767356,0.447324715117157
6734.049949512431,0.626291157638577,0.4477770311077768
6735.433007434676,1.3037715669381638,0.447445576394378
6736.816065356923,3.446202016663277,0.4464607131509884
6738.199123279169,4.131600859267293,0.44602595098177283
6739.582181201415,2.9199917045577886,0.446486390255813
6740.965239123661,3.1201373163811312,0.44664726420422696
6742.348297045907,2.767215510872665,0.4468540808770458
6743.731354968153,2.486403549169998,0.4472277114584788
6745.114412890399,1.813849111282393,0.44755567929357265
6746.497470812645,2.1950723937714463,0.4474950196489674
6747.880528734891,3.523253523830495,0.4469370391714942
6749.263586657137,3.7112685759650006,0.44690364025303275
6750.646644579383,2.368827842800316,0.4476965657494387
6752.02970250163,1.8137431762007568,0.44825710107545913
6753.412760423875,1.0763411321647913,0.4496747504027559
6754.795818346121,-1.5300739930623966,0.44991662168877317
6756.178876268367,-1.0824172198791326,0.45108295546850824
6757.561934190613,2.2683395425571633,0.44835491682983303
6758.94499211286,3.6533681034599454,0.44751235724084004
6760.328050035106,3.6209043666385443,0.44774485422367283
6761.7111079573515,3.930330241411182,0.4474341930569434
6763.094165879597,3.529148548515036,0.447988302492541
6764.477223801843,0.4068244430860588,0.4507015282121107
6765.86028172409,-1.221484027328632,0.4497674240007937
6767.243339646336,-0.32268997058169013,0.4521307866000586
6768.6263975685815,-2.411051881164378,0.4514101858455754
6770.009455490828,1.896228960632786,0.4497732353807998
6771.392513413073,1.8708028358964404,0.44975576941346157
6772.77557133532,0.6997388177735964,0.45003115431239193
6774.158629257566,1.4379618687273594,0.4498133603741446
6775.541687179812,2.0289007913689603,0.44968048802250127
6776.924745102058,0.9593115926912037,0.4498506513340355
6778.307803024304,1.2392814033723019,0.44992422675704463
6779.69086094655,2.668693025913386,0.44979721353370783
6781.073918868796,1.5084948767092525,0.44965594164962
6782.456976791042,0.8095536537751666,0.45072849075351484
6783.840034713288,0.6456293878011792,0.4507931922237638
6785.223092635534,0.594955182925442,0.4506960803070051
6786.60615055778,1.0029971432042109,0.450398960984244
6787.989208480027,2.9979915787742524,0.44903076998516356
6789.372266402272,5.394354174566978,0.44776793456496267
6790.755324324518,4.886012146079107,0.44658629195013844
6792.138382246764,7.265320742350731,0.4471127562333737
6793.52144016901,6.090404567455538,0.44690765641435914
6794.904498091257,2.636679027131013,0.4494864717812566
6796.287556013503,3.8759654777069175,0.44888438622533094
6797.670613935748,3.221897402814202,0.4492299884061408
6799.053671857994,-0.6262098522573223,0.4518789469342172
6800.43672978024,0.16798544103461088,0.4514796537935333
6801.819787702487,0.023699310507774296,0.4516377172289563
6803.202845624733,-1.2567757427649928,0.452465798598719
6804.585903546978,-1.3357038967136194,0.45264854702884894
6805.968961469225,-1.5626691369628252,0.4526878032970444
6807.35201939147,-0.35165342521303433,0.45213031961118166
6808.735077313717,0.1630138231554885,0.45198036586863677
6810.118135235963,-1.1149675772791112,0.452743112423043
6811.5011931582085,-2.280149573564052,0.45294172970220886
6812.884251080455,-0.7823073025629883,0.4509894255703068
6814.267309002701,0.5285275112771748,0.45232496547894196
6815.650366924947,-5.42348261278404,0.45438689366385904
6817.033424847193,-0.26497795420124604,0.45297903690065416
6818.4164827694385,0.7495263368585512,0.45193836690367095
6819.799540691685,0.27475646376698215,0.4519782997795922
6821.182598613931,-0.05957669056318604,0.4524121067600857
6822.565656536177,-0.7485072706426013,0.4526706618894859
6823.948714458424,-0.7700330792157022,0.45248129669509063
6825.331772380669,2.565602585057839,0.4510210767910848
6826.714830302915,-2.1732324219259453,0.4511488415745243
6828.097888225161,1.843060462264321,0.4515129502587757
6829.480946147407,-0.6595072857847146,0.451180027082056
6830.864004069654,-5.076664798592382,0.4544815269680518
6832.2470619918995,-4.954022786432313,0.4551819192077136
6833.630119914145,-2.1860501553353044,0.453191859730841
6835.013177836391,-2.556883176854279,0.454184336303313
6836.396235758637,-4.683320812842924,0.45633228621391725
6837.779293680884,-5.51087930566337,0.45709300609843173
6839.1623516031295,-3.6550971426449372,0.45587083935403794
6840.545409525375,-2.437986730831076,0.4550829657024392
6841.928467447622,-1.6515959033922911,0.4547067273728276
6843.311525369867,0.2695604108371734,0.45381855550838324
6844.694583292114,-0.2280648421755962,0.45449785417968425
6846.07764121436,-4.217319538218932,0.45719265573309675
6847.460699136605,-3.9537184702233015,0.4572131319026528
6848.843757058852,-3.543429300229364,0.4569132288492997
6850.226814981098,-3.9765314913861776,0.45738252804175006
6851.609872903344,-4.489746725108199,0.4582118282356929
6852.99293082559,-5.847652609627586,0.45907716970011875
6854.375988747835,-5.126462648345644,0.4589686813543005
6855.759046670082,-4.377961179434896,0.4584434567706394
6857.142104592328,-4.299880920629902,0.4577930857846403
6858.525162514574,-0.6864957491280319,0.4560120518526308
6859.908220436821,0.0,0.4553917779704566
6861.2912783590655,-3.6359079160197254,0.4551741985210231
6862.674336281312,2.253115516921657,0.45204496729030524
6864.057394203558,4.1081488918302655,0.45035361585346934
6865.440452125804,1.6686069204936769,0.4510833466212584
6866.823510048051,-1.7000685314179955,0.45230162252334166
6868.206567970296,-2.856429123950601,0.452047354328409
6869.589625892542,0.0,0.4508575536250335
6870.972683814788,2.2640943336744987,0.45136333638574333
6872.355741737034,-5.768766343298683,0.45551345560381706
6873.738799659281,-1.4473979680550841,0.45495700827323493
6875.1218575815265,-1.7546074837148482,0.45539142827229256
6876.504915503772,-2.498245077990715,0.4563141235203315
6877.887973426019,-1.24063679477733,0.45651406126657984
6879.271031348264,-0.22993771971036403,0.45619864793532694
6880.654089270511,-0.0026273253850410683,0.45591998390458893
6882.0371471927565,5.501751385744663,0.45189198005909353
6883.420205115002,-0.6971990849885876,0.4569697523546462
6884.803263037249,-0.9681488539368939,0.45661100310268676
6886.186320959495,-0.7105426369549495,0.4557858561780638
6887.569378881741,-1.4264608287558722,0.4552471968219527
6888.9524368039865,-1.085394742351966,0.45470132985185646
6890.335494726232,1.8050431538558318,0.4537517288734791
6891.718552648479,4.0187240920679415,0.45251389808634646
6893.101610570725,-2.4328279470518686,0.4569707819851589
6894.484668492971,0.019162296198400597,0.45644175912719215
6895.8677264152175,-0.29878694113395365,0.45775583144089965
6897.250784337462,-0.41340101077850266,0.45719618403809076
6898.633842259709,2.1689914442350973,0.4556184165309751
6900.016900181955,3.4144979602780907,0.4555916828288591
6901.399958104201,-0.49299324782488374,0.4578985998305648
6902.7830160264475,-2.2430706197968493,0.4598123237467518
6904.166073948693,-1.9179629639154085,0.4598568457005171
6905.549131870939,0.33516693534936626,0.45894217392953995
6906.932189793185,0.025929047547436523,0.4594658918056765
6908.315247715431,-1.9593237478095316,0.46011336395133146
6909.698305637678,-0.8196698296852791,0.4593883506162508
6911.081363559923,2.292592588561887,0.4578104304435936
6912.464421482169,1.631441292784153,0.4573105889711292
6913.847479404416,3.8141066852742385,0.45735270189503485
6915.230537326661,4.240262476141263,0.4571666425152149
6916.613595248908,1.6614560056706784,0.4590261771374107
6917.996653171153,-0.14314387499492476,0.45986830682226293
6919.379711093399,1.5299577111277163,0.4587358248750838
6920.762769015646,3.6689950057361242,0.45726706183560545
6922.145826937892,2.798273148267562,0.45726715457851325
6923.528884860138,0.9301202876109285,0.45834910636214865
6924.911942782383,2.117462563028806,0.45972883282403987
6926.295000704629,2.8307353128272044,0.4590420784273795
6927.678058626876,1.6211807451006166,0.4598621028151571
6929.061116549122,2.8346416455216654,0.45878952246625043
6930.444174471368,7.217015523489968,0.44356969178017613
6931.827232393614,9.258328743414044,0.42545260763402115
6933.210290315859,3.7727393318553366,0.43233304984271803
6934.593348238106,-1.0600763156338782,0.46190052714331153
6935.976406160352,-0.13905583975210656,0.46253537318751425
6937.359464082598,1.529526707817833,0.46045513698283663
6938.742522004844,0.29694535640174813,0.4611920776109702
6940.12557992709,-0.4817711063579778,0.4622099233269462
6941.508637849336,-0.27471177429300186,0.462560708399592
6942.891695771582,0.8353934478566859,0.46198451771268106
6944.274753693828,4.977916234948269,0.4588019137416039
6945.6578116160745,6.6893507889009935,0.4571219046547309
6947.04086953832,4.5988049554286885,0.4571972043824736
6948.423927460566,7.373017724802976,0.4557001652911775
6949.806985382813,6.116329836369721,0.4572658747898962
6951.190043305058,4.6298443947264705,0.4587728196113924
6952.5731012273045,6.016664431955021,0.4585125010124214
6953.95615914955,5.812427462133396,0.45924005783194405
6955.339217071796,3.9178130187256865,0.45928850860212306
6956.722274994043,0.2100375241948611,0.4644856556371185
6958.105332916289,-8.115170018142447,0.4693974693050898
6959.4883908385345,-9.401858012459428,0.4707737446663215
6960.87144876078,-6.442586768516916,0.4693273225498307
6962.254506683026,-3.6468002432538413,0.46718761385446533
6963.637564605273,-2.406052896400047,0.46603953329858183
6965.020622527519,-2.246146110078545,0.4659431947760332
6966.403680449765,-1.7021091372301465,0.4650316513167863
6967.786738372011,-0.10102512505144512,0.4641311283646074
6969.169796294256,-0.058766606262631915,0.463922024719586
6970.552854216503,-0.34368565824603736,0.4643203465296811
6971.935912138749,-1.0100530713188212,0.46511618440583724
6973.318970060995,-2.2299248841299457,0.4658518526661295
6974.702027983241,-2.486251866940363,0.4657293017633272
6976.085085905487,-1.0763995122286332,0.464473184947047
6977.468143827733,-1.6712117440112941,0.46414638203253356
6978.851201749979,-1.2074833899700184,0.46471067132777
6980.234259672225,-1.5236997176879785,0.46504145764067617
6981.617317594471,-1.8160395080582938,0.4654223580882907
6983.000375516717,-1.0702297092657158,0.4657451945195875
6984.383433438963,-0.4626247476347711,0.4650041570092178
6985.76649136121,-1.9988298780531355,0.4663535915433016
6987.149549283455,-3.9747367788683468,0.46792813851863685
6988.532607205701,-5.390561715157156,0.46880736650182137
6989.915665127947,-3.927652431648613,0.46823919769023753
6991.298723050193,-2.425039212162411,0.46724665273243043
6992.68178097244,-2.6150151638809493,0.4669488710252642
6994.064838894686,-1.9558932822202801,0.4669971801224783
6995.4478968169315,1.3097913153247782,0.4644833562875428
6996.830954739177,-1.2950363812688794,0.4664474154058679
6998.214012661423,-3.5920651565705226,0.4681494983722755
6999.59707058367,-2.7803024823468583,0.4676759019523809
7000.980128505916,-1.5703157647967405,0.4668198364196131
7002.3631864281615,-2.460641367367038,0.4674819018640692
7003.746244350408,-4.6837543271727755,0.46935402793333453
7005.129302272653,-4.781853779647943,0.4697388600029883
7006.5123601949,-1.3396255457723742,0.46716376878112637
7007.895418117146,0.8637195282576198,0.46555905875633186
7009.2784760393915,0.8946474480071913,0.46501844504211254
7010.661533961638,1.0015254575918875,0.46498529611899353
7012.044591883884,1.9876319648789842,0.46492207387316564
7013.42764980613,1.684873435748652,0.4651838071386362
7014.810707728376,-1.9377530076172005,0.46856156033347934
7016.193765650622,-3.1308488235159535,0.4688783942268509
7017.576823572868,-0.6224183515738317,0.4672303961715387
7018.959881495114,2.6515874363506766,0.4651963773177026
7020.34293941736,3.508474342796459,0.4648431326700733
7021.725997339607,1.5484391837077278,0.4663522919741613
7023.109055261852,-0.8934851645693352,0.46794886258714363
7024.492113184098,-2.1374363089898885,0.4698815016578881
7025.875171106344,-5.201445189615209,0.4707258927835984
7027.25822902859,-0.3309660280317388,0.4681784098714553
7028.641286950837,3.7548372784810846,0.46530940806916354
7030.024344873083,5.950663668162054,0.46346026709851706
7031.407402795328,7.145375697015583,0.4629849350745428
7032.790460717574,5.87065116675544,0.4640036607525864
7034.17351863982,1.846896079658605,0.46598237021253497
7035.556576562067,3.0458868828965295,0.46653708297059
7036.939634484313,0.09023439108759079,0.4679162183041765
7038.322692406558,-0.848978586466518,0.46881122839166206
7039.705750328805,0.37078850270479735,0.46838737528428587
7041.08880825105,1.7040712320512819,0.4670152124150031
7042.471866173297,3.5562909147103805,0.46604069359174777
7043.854924095543,5.8640223529427,0.46490417475052154
7045.237982017788,2.0186813364183096,0.466763707191415
7046.621039940035,-0.500797737055785,0.4689092610614859
7048.004097862281,-0.3934191124807093,0.46907477682299314
7049.387155784527,-0.1722340964347132,0.46918059739108503
7050.770213706773,-1.8260216486176368,0.4712117513937112
7052.1532716290185,-3.4201981340067293,0.47190706820643524
7053.536329551265,-1.5401176476969345,0.47126965673636806
7054.919387473511,-0.9196885612787824,0.4711243213009787
7056.302445395757,-1.8347171134905318,0.4713525673483385
7057.685503318004,-1.4785578088937485,0.4713327150206084
7059.0685612402485,0.3907889248944538,0.4704576917800337
7060.451619162495,1.2561205975483243,0.4692014814972956
7061.834677084741,-0.2917374535683847,0.4707652138974356
7063.217735006987,-1.5549376991857948,0.4715204852784883
7064.600792929234,-0.2330127957986567,0.4712049902359512
7065.9838508514795,-1.3554031049198205,0.47149321799757654
7067.366908773725,-1.1469104879015073,0.47171831510814394
7068.749966695971,1.6900629774526372,0.4704532989468915
7070.133024618217,2.6278098807031984,0.46741953267734054
7071.516082540464,2.056986848776912,0.4675189506477965
7072.8991404627095,2.877467434939574,0.4685923686837418
7074.282198384955,0.9292145912095668,0.4707553847078952
7075.665256307202,-1.470426450743186,0.4728802652538195
7077.048314229447,-2.2501134283581585,0.4736129834182295
7078.431372151694,-0.9728261686068902,0.47267297522510976
7079.81443007394,0.6910115429397228,0.4717629223326242
7081.197487996185,0.7736988530800659,0.4711139192156309
7082.580545918432,-0.22420905854851148,0.4724101792489446
7083.963603840678,-0.8951924836110903,0.4731271690991423
7085.346661762924,-1.5167671981105322,0.47335302254024364
7086.72971968517,-1.5375653702824716,0.4735100547542088
7088.112777607415,0.18336143435317465,0.4729862685233372
7089.495835529662,2.8231432790361914,0.46832766615231036
7090.878893451908,3.0334151199630264,0.47148228433342104
7092.261951374154,2.129734977580513,0.4706070483195213
7093.6450092964005,3.48334285567942,0.4697457783509874
7095.028067218645,3.9197905134125417,0.4702844239376801
7096.411125140892,1.999681363857049,0.47126929605078904
7097.794183063138,2.7976079690333573,0.47110160360158587
7099.177240985384,1.0745812949099862,0.47307508368590695
7100.560298907631,-1.4096132243347688,0.4742193887952188
7101.943356829876,-1.3794821053328534,0.4745015153702941
7103.326414752122,-0.44449947080771013,0.4743170006695773
7104.709472674368,-0.5956201834975715,0.47436646582971215
7106.092530596614,-1.795736382680364,0.47486719620947
7107.475588518861,0.2955186085011655,0.473788167019983
7108.858646441106,2.223620720896804,0.4723983127565746
7110.241704363352,2.7708426104351287,0.47206124160109875
7111.624762285599,2.213973021023349,0.47258569079084584
7113.007820207844,0.7913454154258601,0.47361599189239695
7114.390878130091,-0.5139907141569546,0.47446594815850357
7115.7739360523365,0.63547218177936,0.4741309017193006
7117.156993974582,0.8281899116582931,0.4737094242512613
7118.540051896829,1.9877639498548585,0.47313211355325063
7119.923109819075,2.66702013671365,0.4730262656140383
7121.306167741321,1.6605690856507342,0.4739467905761708
7122.6892256635665,-0.33184914063605614,0.4751398113551716
7124.072283585812,-0.45534866798265544,0.4749632438245341
7125.455341508059,3.70375236851544,0.47368672399373196
7126.838399430305,-1.0700621634110128,0.47582430105210577
7128.221457352551,-2.6859259563876847,0.47705630832129314
7129.604515274797,-1.2128821248477515,0.4760809837474501
7130.987573197042,0.09034428041893572,0.4743930750168282
7132.370631119289,-1.0466518701522212,0.4739746707294146
7133.753689041535,-0.6840047051573177,0.473952052258952
7135.136746963781,0.7250927013143615,0.47348529938130046
7136.5198048860275,0.07916708224799318,0.4736394464579014
7137.902862808272,0.10003782726420535,0.47359484714618116
7139.285920730519,1.1222524878995388,0.47306605035367827
7140.668978652765,1.8720085653142404,0.47273967682773893
7142.052036575011,0.9940557041785585,0.4741627565526532
7143.4350944972575,0.24252049307735923,0.4762365059784422
7144.818152419503,-0.5598043281938765,0.4773981196619148
7146.201210341749,-1.8051011934903178,0.47833436825558273
7147.584268263996,-2.5182610425856335,0.4789404151986443
7148.967326186241,-1.700715112304054,0.4786331825546714
7150.350384108488,0.8696930315200322,0.47709896279976716
7151.733442030733,2.1231393043958553,0.4771913827471883
7153.116499952979,-3.1566749991026164,0.4803827239152778
7154.499557875226,-3.652960856005815,0.48142796116542363
7155.882615797471,-3.479973902193076,0.48177400476465204
7157.265673719718,-4.321924212781489,0.4821661404782382
7158.648731641963,-4.259827670078509,0.4820701789483428
7160.031789564209,-1.9365924269627086,0.4806056630798127
7161.414847486456,0.28616511640921455,0.478858913427701
7162.797905408702,0.5597026233870618,0.47836672566258776
7164.180963330948,0.7427982415468377,0.4778981847407806
7165.564021253194,-0.35341685215276286,0.4784963969818754
7166.947079175439,-2.963063351606011,0.4803433882058903
7168.330137097686,-0.42770261437652246,0.4785668225509081
7169.713195019932,2.4174503900355395,0.47661421833586365
7171.096252942178,-0.699022083647573,0.47868237034053
7172.479310864424,-3.299512994806837,0.48074642214010493
7173.862368786669,-3.5755550573463006,0.4810864227758788
7175.245426708916,-2.52717266130327,0.48019150416110334
7176.628484631162,-2.0244748259547167,0.4802857752330059
7178.011542553408,1.0051663905607129,0.4777230207676038
7179.394600475654,1.7248832365193831,0.4776551573350183
7180.7776583979,0.28603108811620426,0.4784504118828392
7182.160716320146,1.211442262486522,0.4773589616807623
7183.543774242393,2.5071027187274115,0.47605983378443
7184.926832164638,-6.9329822302334545,0.481787246649535
7186.3098900868845,-1.398185412007093,0.48074115292118014
7187.69294800913,7.628321876649805,0.4721107750191914
7189.076005931376,7.971466797196234,0.4724036697801283
7190.459063853623,-0.46894978581701857,0.47990140522254876
7191.842121775868,-8.68613760808585,0.47889555189482386
7193.2251796981145,-3.3279585668595146,0.44981039326523875
7194.60823762036,4.79115905693835,0.44580362105797855
7195.991295542606,0.9904071342181463,0.47072302907620595
7197.374353464853,-4.609622134439291,0.4838822890248629
7198.757411387099,-6.824555788007467,0.4856379737442326
7200.140469309345,-4.431632462607042,0.48314588964980704
7201.523527231591,-0.17616704066778865,0.4799086522926685
7202.906585153836,1.4043369690788179,0.4786467921915395
7204.289643076083,-0.43117761283828154,0.4801374337305818
7205.672700998329,4.334019531522659,0.47738690101950604
7207.055758920575,9.256968842547773,0.47357903740349905
7208.438816842821,8.660489489326705,0.47377257505540255
7209.821874765066,3.225830776544391,0.48058590796609174
7211.204932687313,1.016840548519998,0.4812211765267909
7212.587990609559,0.4883226818255596,0.48237523956419615
7213.971048531805,0.6793440749553493,0.4826012489837132
7215.354106454051,1.2799453913014573,0.4819093723347704
7216.737164376297,2.0240195343813374,0.4812347905226596
7218.120222298543,2.562850350140021,0.48189863236492203
7219.50328022079,0.8337844193279632,0.48266955501308395
7220.886338143035,-1.9197437768822765,0.4850605826953783
7222.269396065281,-1.0582177797107564,0.4842082360922262
7223.652453987527,1.5312200406446212,0.4822627222762555
7225.035511909773,2.0550800694330595,0.4822764724204781
7226.41856983202,-2.245606143215589,0.4855321145415864
7227.801627754265,-2.409503128502501,0.4856522429694751
7229.184685676511,0.14377213013759677,0.48359071124131536
7230.567743598757,0.08695640091997242,0.48316134079398854
7231.950801521003,-2.131411871319353,0.4839728468053473
7233.33385944325,-3.1069541658650275,0.4840196539576669
7234.716917365496,1.4816165157203285,0.48110831624063843
7236.0999752877415,3.072889792183529,0.47995247656925366
7237.483033209988,-0.19630116508716533,0.48035674145079904
7238.866091132233,-2.631075404382039,0.4806158709614125
7240.24914905448,-2.006953559727807,0.4800078725142563
7241.632206976726,-0.33838574969896806,0.4792324828363698
7243.0152648989715,-4.573263417967986,0.48069153784006646
7244.398322821218,-2.199148367726574,0.47983616422322367
7245.781380743463,-0.6057212708453614,0.4808270453626037
7247.16443866571,3.207545271082024,0.4800248399315367
7248.547496587956,7.2154023432142305,0.477959638005853
7249.930554510202,7.355529002132941,0.4775124845586997
7251.313612432448,-0.26102396352906787,0.4826613575098269
7252.696670354694,-2.5974682683813097,0.4839950972302001
7254.07972827694,3.1860669232945544,0.48154567941814375
7255.462786199187,2.089313277019121,0.4838343710574235
7256.845844121432,-3.7489144999641377,0.4879709593709211
7258.228902043678,-4.438319630166658,0.4872389510990641
7259.611959965924,1.9852286268413368,0.48490768363965453
7260.99501788817,3.707564871181091,0.48141964851566027
7262.378075810417,3.012215234130741,0.4821884500957922
7263.761133732662,-0.7801608815718531,0.48541649617847177
7265.144191654908,-3.8564240892296864,0.4878054249975521
7266.527249577154,-1.058549443885245,0.48668493694054094
7267.9103074994,0.5154426123548745,0.4860350889409443
7269.293365421647,-1.9761230147546054,0.48808932627311535
7270.676423343893,-3.5717699654124373,0.48811162018128934
7272.059481266138,-2.561973687514293,0.4852740128146699
7273.442539188385,-0.8158053956682391,0.4808802779192094
7274.82559711063,-2.891168081319453,0.4779133714123196
7276.208655032877,-2.853527646847029,0.4798419240445193
7277.591712955123,-2.0869201676770217,0.483789267223424
7278.974770877368,-1.7532378058854694,0.486445776363849
7280.357828799615,-1.6524038673345398,0.4869705741350665
7281.74088672186,-1.0970001849691602,0.48563099295088535
7283.123944644107,0.7628499219698486,0.4832913981328859
7284.507002566353,1.8908211761239848,0.48260755705943703
7285.8900604885985,2.7506149201737484,0.4827671263120518
7287.273118410845,2.797899142185683,0.48309649791261844
7288.656176333091,2.0325461046283637,0.4838213452120753
7290.039234255337,0.7797902202274252,0.4849382964013397
7291.422292177584,0.6915005887456802,0.4835975567790403
7292.8053500998285,3.362165171380459,0.48305337797004716
7294.188408022075,3.361307998518914,0.4838158534701847
7295.571465944321,2.035978382372047,0.48505291733990946
7296.954523866567,1.0754811103105046,0.4860767089148454
7298.337581788814,1.5672954205424734,0.486450729202129
7299.7206397110585,2.5046624488896585,0.48455283458713766
7301.103697633305,1.1170142584562592,0.48559803615615094
7302.486755555551,-1.576803999422668,0.4863120119549474
7303.869813477797,-0.08759350585015452,0.485263289668839
7305.252871400044,5.981813337192166,0.4831610077980244
7306.6359293222895,5.223424549223454,0.4837418311177288
7308.018987244535,1.1239561794540192,0.48666136160446893
7309.402045166782,0.8388546747686351,0.48642497232685156
7310.785103089027,1.9700304392131742,0.48649967479752465
7312.168161011274,0.19298450950505838,0.4871248250349291
7313.5512189335195,-5.571066205567155,0.4861733070776601
7314.934276855765,3.174292497544029,0.4798346271610113
7316.317334778012,1.0282723901456277,0.48204086645049876
7317.700392700257,-1.3742142104647406,0.4863214429748519
7319.083450622504,-1.704794958918931,0.48981325617355287
7320.46650854475,-0.822772000744491,0.4913327456038285
7321.849566466995,-2.387057604467243,0.4913779107513521
7323.232624389242,0.2420297025280147,0.48961248462937335
7324.615682311488,3.075266076827987,0.48752325173491956
7325.998740233734,1.546679697658259,0.48750381295508755
7327.3817981559805,-0.7549567295933691,0.48791569557652975
7328.764856078225,0.7750550268198082,0.487003247681671
7330.147914000472,2.9328547270110104,0.488299757815223
7331.530971922718,-1.3627593131873375,0.49042616533349837
7332.914029844964,-0.6854682596931838,0.4909626945005227
7334.2970877672105,-0.5143709244250161,0.4917641035561658
7335.6801456894555,-2.5013966175918663,0.49264939272019226
7337.063203611702,-2.752609281855885,0.491236475314417
7338.446261533948,-3.794114107204062,0.4904160652785653
7339.829319456194,-4.460481057107037,0.488011668781451
7341.212377378441,-3.6529456110268312,0.4898603985293788
7342.595435300686,-2.968458230554649,0.492848764735818
7343.978493222932,-2.7525545556368782,0.4924373888701605
7345.361551145179,3.9126557797667534,0.48957476349964246
7346.744609067424,1.013588971098107,0.49114150391323846
7348.127666989671,-0.4025003436326266,0.4919091381635592
7349.510724911916,0.4630635388236366,0.49160836553254433
7350.893782834162,1.501348218343604,0.4913106333948389
7352.276840756409,-0.8436691277543755,0.4927438721523199
7353.659898678654,-0.22683781449809037,0.49293069324055144
7355.042956600901,-1.9355868724290581,0.4933701908758418
7356.4260145231465,-2.919080853019478,0.49339230185934324
7357.809072445392,-2.785267309277434,0.49321151223287574
7359.192130367639,-2.3366290777531775,0.4935396068561756
7360.575188289885,-3.0443705539029415,0.49568169349687297
7361.958246212131,-3.8882760043336564,0.496062349713776
7363.341304134377,-2.2580240045949584,0.4949837860007113
7364.724362056622,-0.023272786047666916,0.49275023581322297
7366.107419978869,1.0022212128460717,0.4901519272816177
7367.490477901115,0.14357365492296154,0.48848647402095646
7368.873535823361,0.25327762308229096,0.48834478975530615
7370.2565937456075,-0.021610873253376572,0.49161414799115327
7371.639651667852,-0.8881201451184774,0.49388841188726706
7373.022709590099,-0.386117042011612,0.49390401554507507
7374.405767512345,3.0859478314214184,0.4925540530360113
7375.788825434591,2.3835007510022264,0.4927949518302103
7377.1718833568375,0.12173799153910347,0.4943780197972235
7378.554941279083,0.0,0.4946010078236377
7379.937999201329,2.0274787497156335,0.49301905647861594
7381.321057123576,4.644296422616538,0.485770724365973
7382.704115045821,4.798551898629037,0.4607541606128252
7384.0871729680675,2.0447741569341815,0.4599312883351871
7385.470230890313,2.956668574179429,0.4793513678489952
7386.853288812559,2.6978702359933795,0.49314678246874954
7388.236346734806,0.11743678196360757,0.49484129860670617
7389.619404657051,-2.0965159089473806,0.49636141414148516
7391.002462579298,-0.01858324783783155,0.49310921870400454
7392.385520501543,2.3115457666920687,0.4932723045455688
7393.768578423789,0.9688115718644608,0.4950963389504006
7395.151636346036,-1.5115173020224306,0.4970772855636135
7396.534694268282,-1.3509523086087578,0.4978227925518271
7397.917752190528,-1.535341466102224,0.4959418720638665
7399.300810112774,0.5467541607052531,0.49385421154170855
7400.683868035019,2.0325323004076394,0.49157249765915856
7402.066925957266,1.0352513293353804,0.4928879087793563
7403.449983879512,-1.9477065751108618,0.4979625382572395
7404.833041801758,-1.9833992193194023,0.49841336855211915
7406.216099724004,-3.633364852436054,0.5000325184727237
7407.599157646249,-2.547508330657623,0.49965319799887065
7408.982215568496,-0.8980335488318597,0.49830816888353824
7410.365273490742,-0.5738341215850811,0.4978437459482215
7411.748331412988,-2.6269665885658875,0.5003129648211622
7413.131389335234,-3.2316613813914987,0.49910062284156137
7414.51444725748,1.0761628776288847,0.4961404601725995
7415.897505179726,2.8537465318801227,0.49530782097256265
7417.280563101973,1.5979218930525358,0.4964653268601852
7418.663621024218,0.21573682723482102,0.4976147054348302
7420.046678946464,-0.43264177507154666,0.498921522677744
7421.42973686871,-2.0331571783364346,0.5002444245046821
7422.812794790956,-3.4152984423849797,0.5014172009143312
7424.195852713203,-2.2360239098581203,0.500469083001782
7425.578910635448,1.952896469383242,0.49682905684577594
7426.9619685576945,2.1511743951548485,0.4961864702044077
7428.34502647994,0.8401120375897295,0.4968587356032613
7429.728084402186,1.0878853755369844,0.49705925901318065
7431.111142324433,2.083145623940994,0.49689091672885205
7432.494200246679,2.3267153917988215,0.49712974959488787
7433.8772581689245,-0.17166287380623357,0.49939033904415225
7435.260316091171,-0.4925136494229986,0.49895644137651446
7436.643374013416,3.1423287208102,0.4952287342372095
7438.026431935663,4.948946045995202,0.4938486377410928
7439.409489857909,3.0611475593823902,0.4962958261707277
7440.792547780155,0.6082001995466917,0.4991106481856231
7442.175605702401,1.175136075507707,0.49933180923101284
7443.558663624646,1.1768233085627107,0.4993859900239553
7444.941721546893,-0.6645305006009047,0.5011881584020799
7446.324779469139,-2.761336881394311,0.5031064777137062
7447.707837391385,-1.7874912328834334,0.5016033890787132
7449.090895313631,0.9958882668236466,0.5007596459931963
7450.473953235877,2.443629974723687,0.4981160974128593
7451.857011158123,2.621446474681627,0.4983714534420824
7453.24006908037,2.068970418221924,0.5000057652239616
7454.623127002615,1.6209685095433015,0.49963275675276403
7456.006184924861,1.1715073515502565,0.5004014581061714
7457.389242847107,0.7539424996462198,0.5013968677510067
7458.772300769353,0.2907484015709624,0.5013117631235378
7460.1553586916,0.21396285941989618,0.5010932085076376
7461.538416613845,0.6602502394536293,0.5016668136203171
7462.921474536091,0.1741230716630735,0.500849619404392
7464.304532458337,-1.8723091279806208,0.5032710607730964
7465.687590380583,-1.5575391580865892,0.5035437590964836
7467.07064830283,-0.8717228362169696,0.502912557145086
7468.453706225076,-1.4420219914589005,0.502995982353915
7469.836764147321,-0.1485778486630338,0.502604561900546
7471.219822069568,-0.42150364091362635,0.501809963338397
7472.602879991813,-1.79748297482823,0.5034610847261471
7473.98593791406,-2.50300969438937,0.5049189682814039
7475.368995836306,-1.4236071792882141,0.5041900194046175
7476.7520537585515,0.6346334482464974,0.5023170397376748
7478.135111680798,0.8611023112736518,0.5008956758515907
7479.518169603043,1.1993061656544812,0.5011147275658978
7480.90122752529,1.5044690298402126,0.5011055490477306
7482.284285447536,1.6329610539349984,0.5003078224225196
7483.6673433697815,2.0252848110902555,0.5010991264789892
7485.050401292028,2.6093601648801483,0.501120651489601
7486.433459214274,0.5359869680517679,0.5030443521852171
7487.81651713652,-1.192582219613092,0.5049520525465789
7489.199575058767,-1.3298769648355482,0.5056511164448527
7490.582632981012,-1.7240477338519309,0.5054189963040516
7491.965690903258,-2.3925609557536225,0.5063706324278756
7493.348748825504,-2.6365909422195,0.5069729589180778
7494.73180674775,-2.8780107626146654,0.5076031775332587
7496.114864669997,-3.4768774208072606,0.5083787823080713
7497.497922592242,-4.7980016645534285,0.5089694847132354
7498.880980514488,-1.4219158661305202,0.5070487320175071
7500.264038436734,0.26931860963602705,0.5052289216915925
7501.64709635898,0.44025053264144626,0.5049367936801125
7503.030154281227,-0.253130842290418,0.5060211638395905
7504.4132122034725,-0.9698384571405223,0.5063944681407453
7505.796270125718,-0.7623363533787977,0.5062948287467556
7507.179328047965,1.0039826392546576,0.5056632869807792
7508.56238597021,0.5873672884328429,0.5058972212271153
7509.945443892457,-2.3864605448216656,0.507544723794925
7511.328501814703,-3.756795715211683,0.5101179329036025
7512.711559736948,-2.2679679596677635,0.5084985574985272
7514.094617659195,-1.2432484642240484,0.507807173329143
7515.47767558144,-1.3975517214038544,0.5078134336632576
7516.860733503687,-2.01926660507011,0.5080320793564826
7518.243791425933,-1.0389463388192732,0.5077695708593032
7519.626849348178,-1.1795044700464279,0.5067906366329964
7521.009907270425,-1.0787566088498994,0.505309764851274
7522.392965192671,-0.909740051600025,0.5039699404769358
7523.776023114917,-0.7593297496147879,0.5035683816513291
7525.159081037164,-0.5790642921754519,0.5052002694400176
7526.5421389594085,0.12130974898767177,0.5060696626437792
7527.925196881655,0.5807185125540295,0.5055924700527458
7529.308254803901,1.6492084205003008,0.504791966969372
7530.691312726147,2.3465945615307873,0.5049604376754414
7532.074370648394,-1.3812756931585373,0.5079111230479176
7533.4574285706385,-2.744557208971819,0.5094712533661847
7534.840486492885,-1.5068191477308075,0.5087120934612975
7536.223544415131,0.19031065873991188,0.507269925749164
7537.606602337377,1.299418363956812,0.5061158287925732
7538.989660259624,3.3137677105107146,0.5047136307368439
7540.3727181818695,1.707189413952685,0.5060265343685965
7541.755776104115,0.16508977236548,0.507586721149947
7543.138834026362,-0.43183089372127487,0.5083421997269841
7544.521891948607,0.2395862831460892,0.5079309151707917
7545.904949870854,1.1061572220728655,0.5073189554100906
7547.2880077930995,0.9018783719720236,0.5074882745478535
7548.671065715345,0.6529903583292336,0.5078087704678648
7550.054123637592,0.23993620987519354,0.5081598471408855
7551.437181559837,-0.314946787801181,0.5085724445695414
7552.820239482084,0.10525734693053618,0.5094397390499341
7554.2032974043295,0.489959620711212,0.5070339882278337
7555.586355326575,0.2540500758021085,0.5080417265359424
7556.969413248822,-0.3564563414103795,0.5094990991381483
7558.352471171068,-0.7693056428982057,0.5081666593290827
7559.735529093314,0.0,0.5091731114175457
7561.1185870155605,-0.2141300006725504,0.5095853070616041
7562.501644937805,-0.3334944187242176,0.5094523564438204
7563.884702860052,-0.10163095292201713,0.5091862892646544
7565.267760782298,0.5008060965513024,0.5091404863199075
7566.650818704544,1.0262345972983093,0.5077384288201656
7568.0338766267905,1.1181144351649601,0.5069421320287996
7569.416934549035,1.1535998464368018,0.5062074368306341
7570.799992471282,1.8850994034538742,0.4974549432133752
7572.183050393528,4.141267006475322,0.4710495158162879
7573.566108315774,-0.052736113569537335,0.47611553559042663
7574.949166238021,-2.727729086233951,0.49856558338244855
7576.332224160266,-2.8039996654870913,0.5118561580196421
7577.715282082512,-1.0983567390850684,0.5092602017090837
7579.098340004759,-0.439384620920985,0.4992856501042775
7580.481397927004,0.22514364837987583,0.5076309394690413
7581.864455849251,0.6021398390433309,0.5092931814656569
7583.247513771496,1.200111382172121,0.5083548582947512
7584.630571693742,1.700977272558275,0.5077583442067845
7586.013629615989,0.3459429910296241,0.5087764770766056
7587.396687538234,-1.513797003251344,0.5114600564493996
7588.779745460481,-1.2759543967940146,0.5115623791995526
7590.162803382726,-0.574495028470468,0.5102856086179677
7591.545861304972,-0.9723991251693429,0.5084404624343019
7592.928919227219,-3.644371420001807,0.5042746337189715
7594.311977149465,-2.693733909536054,0.4970260718942151
7595.695035071711,0.6532267838547525,0.48706299692916527
7597.078092993957,2.385999249449748,0.47888460340553757
7598.461150916202,-1.0904542480568902,0.4767965089236213
7599.844208838449,-11.073748798766196,0.4784858848571991
7601.227266760695,-7.256241596267225,0.47341730828734163
7602.610324682941,-2.1598889745502787,0.4681132305447429
7603.993382605187,0.16504749445080424,0.4656965590981973
7605.376440527432,-1.1676319819328285,0.46803310692979894
7606.759498449679,-1.9595826674190162,0.4722552356683731
7608.142556371925,-0.3907709858428113,0.4760237626254388
7609.525614294171,1.3908986183579024,0.4801676325972479
7610.9086722164175,0.9768031116519853,0.48624086480388407
7612.291730138663,-4.828631080879515,0.49699632843049674
7613.674788060909,-8.256849126244584,0.5044894960893537
7615.057845983156,-0.45370856134634246,0.5032727834747359
7616.440903905401,8.467272036219214,0.49920087525925055
7617.8239618276475,10.552768762436132,0.49758022088607523
7619.207019749893,2.8762629806885687,0.5026349173185195
7620.590077672139,1.1892445174104902,0.49914188191208186
7621.973135594386,1.4440082841056447,0.49625697175983263
7623.356193516631,1.310175994235162,0.49519118945960433
7624.739251438878,-0.9780253639922439,0.49567808294326754
7626.122309361123,-4.143498907128216,0.4965650829518108
7627.505367283369,-1.713744455538452,0.49209274526887176
7628.888425205616,0.2369115094108628,0.4938322737220855
7630.271483127862,-1.8552950236659318,0.5007097916211632
7631.654541050108,-10.68973936402709,0.5048733634552945
7633.037598972354,-0.8938749277956544,0.5002793050492113
7634.420656894599,0.7619227993613316,0.5000170441860041
7635.803714816846,2.032185622188053,0.49783817653537593
7637.186772739092,4.245920336066687,0.49554993104323636
7638.569830661338,-1.971202258420383,0.5095776553664781
7639.952888583584,-7.138219476959629,0.5074054948500589
7641.335946505829,-1.1223017201317098,0.5041310830798676
7642.719004428076,2.037333446262371,0.5050616921407178
7644.102062350322,-6.399496145625511,0.5105278413052257
7645.485120272568,10.514957024014993,0.4976102129949397
7646.868178194814,1.795683545948532,0.5049015684816943
7648.25123611706,-6.552333915951426,0.5146161648068708
7649.634294039306,-5.8102698339180385,0.5164009658151971
7651.017351961553,6.4306749401836205,0.5019112517635068
7652.400409883798,-1.192785191754204,0.5109603726558419
7653.783467806044,-5.245511774226473,0.515597323859875
7655.16652572829,0.4828386159793352,0.5110554648905342
7656.549583650536,11.15458995471543,0.5015752077542681
7657.932641572783,1.1224199796774093,0.5086093164552963
7659.315699495028,1.6627585442401867,0.5091199096342099
7660.6987574172745,10.744572002797105,0.5021078759194453
7662.08181533952,14.777653385607314,0.49922771125511944
7663.464873261766,2.841419453215703,0.5103021812751992
7664.847931184013,-9.164753880320163,0.5206737837975823
7666.230989106259,-0.8337592000992566,0.5175676495919526
7667.6140470285045,2.2659906078961134,0.5152223394744743
7668.997104950751,-3.074655516616999,0.5177315458529081
7670.380162872996,-9.034388198047322,0.5245310539395375
7671.763220795243,-2.0271481508096114,0.5187955743704422
7673.146278717489,3.0954946971939554,0.5155511036666186
7674.5293366397345,1.2896039902062277,0.5169271813651041
7675.912394561981,-6.714375099674586,0.5221214335944647
7677.295452484226,-3.487682786978843,0.5225520365885832
7678.678510406473,-2.2171536860877765,0.520868381619289
7680.061568328719,-2.4560434928186266,0.5206599538445509
7681.444626250965,-2.978854120778532,0.521167558665981
7682.827684173211,-2.250061381006611,0.5205489657818734
7684.210742095457,-0.5836907208011453,0.5190936346558503
7685.593800017703,0.9318210121676311,0.51824473845463
7686.97685793995,0.47517537201210597,0.5185695939341834
7688.359915862195,-1.2356186955981836,0.5194421181730081
7689.742973784441,0.7327930132412546,0.5181932247690844
7691.126031706687,0.49090001104367786,0.5191630667407312
7692.509089628933,-1.0670523248503532,0.5204593141976348
7693.89214755118,-1.5281028752921668,0.5205717593179905
7695.275205473425,1.1309327717603617,0.5184795931594348
7696.658263395671,1.8886501595878151,0.5171426252607152
7698.041321317917,3.5034041912255653,0.5158559252206893
7699.424379240163,2.6844763083154533,0.5171464152877402
7700.80743716241,-0.08339054599746937,0.5202221137697525
7702.190495084656,-1.1196904405327657,0.5211291272601845
7703.573553006901,0.8287059546676867,0.52005594183901
7704.956610929148,1.2284564042900987,0.5196854871213007
7706.339668851393,1.21829887296615,0.5194918008925977
7707.72272677364,1.6140830410441531,0.5188327963365661
7709.105784695886,-1.0417093910270834,0.5173006854242895
7710.4888426181315,-0.7053124434277837,0.5141758295135085
7711.871900540378,0.5523550454962015,0.5110415867888546
7713.254958462623,1.6264334813783692,0.509232499235398
7714.63801638487,1.2805038210954787,0.5104961238054264
7716.021074307116,0.8181879085650541,0.5100816700435348
7717.4041322293615,0.20921020012448188,0.5137632613804768
7718.787190151608,-0.7209436085929922,0.5188458567659877
7720.170248073854,-1.7370743933549107,0.5221830924446591
7721.5533059961,1.7135667715941452,0.5182265519899502
7722.936363918347,1.827332639365098,0.5175053397434366
7724.3194218405915,-0.11812046426224854,0.5188449686765814
7725.702479762838,-1.6536812514873327,0.5205600955448827
7727.085537685084,1.3204404416748665,0.5199251304043665
7728.46859560733,0.580923540688167,0.520410041561998
7729.851653529577,1.6730248290819134,0.5203673886133019
7731.234711451822,2.056665172666834,0.5203995853351365
7732.617769374068,0.06414715135598636,0.5210877051881542
7734.000827296314,-1.3839471284461997,0.5228858498600278
7735.38388521856,-0.7590550175508753,0.5228991450077154
7736.766943140807,-0.0626211910662019,0.5224251616842258
7738.1500010630525,0.3118239708356889,0.5217857855535878
7739.533058985298,1.6299391100038858,0.520887357188419
7740.916116907545,2.097007849198972,0.5209170484577336
7742.29917482979,-0.31491260471999216,0.5227392919590274
7743.682232752037,-2.237058532409584,0.5239554912123724
7745.065290674283,-0.7834127706127252,0.5223368676310918
7746.448348596528,1.998369478676949,0.5167023628663956
7747.831406518775,0.3871360857688435,0.5120239932033341
7749.21446444102,3.4035323542820954,0.5076468730707935
7750.597522363267,8.242506657861924,0.5068871833455659
7751.980580285513,-0.30399807320344086,0.5188747722281903
7753.363638207758,-0.5156804319452061,0.5219904562273912
7754.746696130005,0.2961712659177702,0.5216044877736417
7756.129754052251,0.008172156289237065,0.5207824663960248
7757.512811974497,-2.2489031195230336,0.5218567550225537
7758.8958698967435,0.805800869187185,0.5176225809518463
7760.278927818988,1.6850545612386203,0.518400662072917
7761.661985741235,0.33682809058829966,0.5220730614779141
7763.045043663481,-2.186217452351718,0.5262441502974541
7764.428101585727,-2.1433286751378873,0.5258080487514608
7765.811159507974,-0.6311692847028526,0.5252807558814155
7767.1942174302185,-0.3302743824618141,0.5249954698007364
7768.577275352465,-2.0634649347102343,0.5264747707447596
7769.960333274711,-6.6928711017905,0.5316777383794602
7771.343391196957,-14.357170245149378,0.5393114505285371
7772.726449119204,-21.441334551352966,0.5478080232833958
7774.109507041449,-23.967303299320488,0.5515404470422546
7775.492564963695,-19.97710716300955,0.5475346986381499
7776.875622885942,-12.469153544473933,0.5389502395844885
7778.258680808187,-6.249807837643882,0.5301821079600443
7779.641738730434,-1.625201976951085,0.5245817024776223
7781.0247966526795,0.3113845262306284,0.5231568160849264
7782.407854574925,-3.033326624319168,0.5261397048571754
7783.790912497172,0.6792647194092933,0.524526026446422
7785.173970419417,2.995302230255632,0.5224814346150217
7786.557028341664,3.455418969994102,0.5215360606889857
7787.9400862639095,2.3947450842361144,0.5226623640699601
7789.323144186155,0.9101090858697385,0.5219811518207751
7790.706202108402,-0.3698001154145112,0.4988411152847434
7792.089260030648,1.156210087228391,0.48084865174442104
7793.472317952894,4.544163200043616,0.483131697847397
7794.85537587514,1.1403884624636333,0.515829952084877
7796.238433797385,-1.1202413121277126,0.5248381472192293
7797.621491719632,-1.4746862229364495,0.5271212742929396
7799.004549641878,-0.6280812410126245,0.5270059284251158
7800.387607564124,-0.16022758705267837,0.5267495641969464
7801.7706654863705,-1.420358898404447,0.5278972178728607
7803.153723408615,-1.0413052272658434,0.5269572469740099
7804.536781330862,0.7765796868426444,0.5240178762611786
7805.919839253108,3.397127379615131,0.5197044685651961
7807.302897175354,3.1773193054326927,0.518387093598339
7808.6859550976005,1.1342293519209015,0.5225716023851388
7810.069013019846,-0.5769759162755719,0.5259464397760574
7811.452070942092,-0.8987615904904421,0.5264606983932818
7812.835128864339,0.8413959767280489,0.5259648356110336
7814.218186786584,-0.9967978351004145,0.5273013713479341
7815.601244708831,-1.292021897060215,0.5275853351980799
7816.984302631076,-0.9041461204864076,0.5257593730233092
7818.367360553322,-2.4613338208635733,0.5209096391149017
7819.750418475569,-2.3211069963720306,0.5165789771944463
7821.133476397814,-1.1548383374353446,0.5163608091439512
7822.516534320061,-0.8366278580984768,0.5207266528126274
7823.899592242306,-2.413699066068987,0.528873695163348
7825.282650164552,-0.49867875657704364,0.5279411259949608
7826.665708086799,0.6435413357989241,0.5274563047201177
7828.048766009045,0.28216936223442746,0.5278874807466721
7829.431823931291,-1.525694418860394,0.5293799642927974
7830.814881853537,-3.0963633977809324,0.5316682151257959
7832.197939775782,-2.500254872940215,0.5306986970142876
7833.580997698029,-0.9971259120064058,0.5294137001013195
7834.964055620275,0.4752804883219164,0.5282901840121376
7836.347113542521,0.5686809762417457,0.5270307468599469
7837.730171464767,2.440952426386314,0.52402272930085
7839.113229387012,3.259703292562992,0.5216503306821635
7840.496287309259,2.9335922525662186,0.5217749235876189
7841.879345231505,1.6671299399361608,0.5259985714216223
7843.262403153751,0.9981624258291721,0.5261105035410565
7844.645461075997,0.7349983003303322,0.5278744541167008
7846.028518998243,-0.02471617602663434,0.5293145065862438
7847.411576920489,-1.4343308123999168,0.5289216478832485
7848.794634842736,-0.29845508436114576,0.5247384507166448
7850.177692764981,0.7615279011658638,0.5198086238742313
7851.5607506872275,2.4094271723140936,0.5118513615054389
7852.943808609473,4.3777085326461975,0.5055511549845588
7854.326866531719,4.959299170789468,0.5193578295477365
7855.709924453966,1.3975693570759002,0.5250314233979879
7857.092982376211,0.4664800350689664,0.5256129158623765
7858.4760402984575,0.7821837771147542,0.5245836283078907
7859.859098220703,-2.2353814124620506,0.5274270230578425
7861.242156142949,-2.112615843265799,0.528870390851233
7862.625214065196,-1.155281535508896,0.5292484362486011
7864.008271987442,-0.12064157134987613,0.5284286667475144
7865.391329909688,0.4737502196224135,0.5262519249243978
7866.774387831934,3.2461993932191797,0.5213524184393243
7868.157445754179,6.095654217091307,0.5171973987354833
7869.540503676426,5.682568926292415,0.5168830347897677
7870.923561598672,0.962642618090304,0.5218169990402143
7872.306619520918,0.3717883448346153,0.5275211911155414
7873.689677443164,0.42451151993503156,0.5289411271027672
7875.072735365409,-0.5028049626153197,0.5293649944200494
7876.455793287656,-2.3807594170663906,0.5298129115668924
7877.838851209902,-2.8755342078133967,0.5294411302381196
7879.221909132148,-3.3232926547537387,0.5303238958636819
7880.604967054394,-3.3696566185304615,0.5311610519286232
7881.98802497664,-2.6002804256879752,0.5313567696641147
7883.371082898886,-0.2729849197315697,0.5301417752128039
7884.754140821133,1.4729174887298584,0.5276249476592676
7886.137198743378,2.4218338687970977,0.5243735513963225
7887.520256665624,2.753860484492599,0.5211816051025402
7888.90331458787,2.685789607759313,0.5191170279489187
7890.286372510116,-1.5141323006172454,0.5273949652133829
7891.669430432363,-3.6759269504122494,0.5327877821778962
7893.052488354608,-4.090627771378209,0.5352969874665096
7894.435546276854,-3.46110140970113,0.5353908239100866
7895.8186041991,-3.9965179578782175,0.535739802943965
7897.201662121346,-4.120390118691274,0.5362146125695113
7898.584720043593,-2.9637962937801645,0.5353103313050158
7899.967777965839,-0.7029066742962253,0.5327492971164337
7901.3508358880845,-2.501355368111597,0.5343339798639095
7902.733893810331,-0.48691940658368416,0.5323315952502895
7904.116951732576,0.8628717931356112,0.5309310559092063
7905.500009654823,0.03430903461700208,0.5316264270137682
7906.883067577069,-1.7571824638742348,0.533432082851202
7908.2661254993145,-2.272188549051223,0.5314374656921431
7909.649183421561,-2.226249443738734,0.5262139906190508
7911.032241343806,-1.0592485694366298,0.5192875037268521
7912.415299266053,3.679476237763823,0.5149282779088922
7913.798357188299,1.2667686093073085,0.5202505781321957
7915.181415110545,-1.622687481105877,0.5273044249068685
7916.564473032791,-3.3003956467103936,0.5321020502131338
7917.947530955036,-2.3954090695048973,0.528920298500336
7919.330588877283,-0.2592682578955047,0.5249562310221816
7920.71364679953,1.3694592004758939,0.52493660185973
7922.096704721775,1.6718493613258496,0.527913567033368
7923.479762644021,-0.13480320153120884,0.5318714597618774
7924.862820566268,0.6197619841573241,0.5325438856369701
7926.245878488513,0.15201708779777368,0.5316206126239291
7927.62893641076,-0.5020120296598536,0.5301547046784637
7929.011994333005,-0.038058353389972654,0.5291874911767113
7930.395052255251,1.4234801406730313,0.5250257890648333
7931.778110177498,0.6072535018076866,0.5282143557932768
7933.161168099743,0.6240796520837508,0.531247248646263
7934.54422602199,3.657446037689113,0.5286115991719492
7935.927283944235,2.5773337241122283,0.530784404246639
7937.310341866481,2.1766291994698554,0.531032079189137
7938.693399788728,1.390958518359104,0.5317632281026637
7940.076457710973,-0.4037579435554638,0.5341241160332245
7941.45951563322,-2.108081769365845,0.5350167585034442
7942.8425735554665,-0.3401246603093946,0.5339312961796135
7944.225631477711,-0.0821551476547171,0.5332585077174028
7945.608689399958,-2.412636029046238,0.5334919186088664
7946.991747322203,0.521727479850308,0.5306590971921918
7948.37480524445,1.4710239441525736,0.5291949481906377
7949.757863166697,1.194719716514837,0.5297857762601406
7951.1409210889415,0.5081977212047784,0.5319681389042251
7952.523979011188,1.4162990997646059,0.5323029748500717
7953.907036933433,1.9184022886482521,0.5323561361822625
7955.29009485568,0.6256451378516685,0.5329928291734541
7956.673152777927,-1.6077079155186293,0.533958585038937
7958.0562107001715,0.0,0.5334280406014615
7959.439268622418,-1.9333052378649729,0.5336613765648655
7960.822326544665,-2.9153578079058184,0.5317532769606245
7962.20538446691,-1.7698351851044865,0.5265948809616123
7963.588442389157,2.5945274550372095,0.5166618202065885
7964.9715003114015,2.3459538379389704,0.5223783555275054
7966.354558233648,1.0111877563835314,0.5294874223869663
7967.737616155895,-0.20300069135578686,0.5340445175506883
7969.12067407814,0.2319873873318351,0.5321497837717839
7970.503732000387,-0.3204748972600082,0.5362598344531827
7971.886789922632,-0.22080943182241064,0.5356987318150639
7973.269847844878,0.9355769749694103,0.531701992432491
7974.652905767125,3.531297649290176,0.529772154140111
7976.03596368937,4.048003722619521,0.5266595859224832
7977.419021611617,2.971730717158374,0.5264772962100015
7978.802079533863,1.3237945310627355,0.5286536106915493
7980.185137456108,0.9091425390355872,0.5314158489157178
7981.568195378355,0.11360695910882779,0.5344779468494992
7982.9512533006,-0.09515860586196423,0.5356383187730202
7984.334311222847,0.17331749277988134,0.5356257909859625
7985.7173691450935,0.7173383775313665,0.535910638975263
7987.100427067338,0.384244938063832,0.5343107105226447
7988.483484989585,2.439836112460635,0.5293826206734329
7989.86654291183,4.299774867308119,0.5228002352665396
7991.249600834077,1.6239050368116352,0.5171931469594735
7992.6326587563235,3.043554008616787,0.5180232760055404
7994.015716678568,2.89357220763999,0.5252856177610314
7995.398774600815,0.6035024585364185,0.5344982949687977
7996.781832523062,-4.366355823377681,0.5393654573529539
7998.164890445307,-3.0598250754249903,0.5400186812446547
7999.5479483675535,-1.8683522383622133,0.5393517649936943
8000.9310062897985,-1.0222118858483937,0.5380114077520336
8002.314064212045,-0.4597639860285728,0.5366790224502799
8003.697122134292,-0.16059548211982042,0.5381329332926376
8005.080180056537,-0.9308927702037905,0.538714462313839
8006.463237978784,-2.1629381196588016,0.5392363513049039
8007.8462959010285,-3.0280969333094383,0.5409640636117675
8009.229353823275,-1.0571520306376916,0.5386935160082318
8010.612411745522,-1.6643491641697754,0.5363452193496067
8011.995469667767,-2.127750357368608,0.5345654723271399
8013.378527590014,1.4165570543640158,0.5340328161122464
8014.76158551226,0.5920322067165888,0.5342105044047268
8016.144643434505,-0.503181403463024,0.5362233791220822
8017.527701356752,-0.8430803489647851,0.5381112409536704
8018.910759278997,0.7242089249275405,0.537165436671661
8020.293817201244,-0.6731248171898998,0.5377021347562084
8021.67687512349,-2.326839974823034,0.5362391655556916
8023.059933045735,-2.285826934238313,0.532537902204701
8024.442990967982,1.980776969714125,0.5263775084183541
8025.826048890227,1.19060347403707,0.5301656141489083
8027.209106812474,0.5505978752260349,0.5329277145301584
8028.59216473472,0.5516428601388561,0.5349043712049087
8029.975222656965,1.5890227391517528,0.5372550497368459
8031.358280579212,-3.0532139894460397,0.5421966104594542
8032.741338501459,-4.362283023123405,0.5445828630020737
8034.124396423704,-3.867864683095208,0.5446487508929828
8035.5074543459505,-4.912456133464182,0.5431698860521892
8036.890512268195,-2.520890886908572,0.5441101261101926
8038.273570190442,-0.7873900959124815,0.5417435457313731
8039.656628112689,-0.5567193443997149,0.5392985270271993
8041.039686034934,-2.95454056877279,0.5435116882875937
8042.4227439571805,-2.686564006334399,0.5429481669776164
8043.805801879425,-1.7965176079290046,0.542225884395048
8045.188859801672,-1.1967460325882262,0.5418519616940691
8046.571917723919,-2.515292030574693,0.5419617367000436
8047.954975646164,-1.9195225083009362,0.5410864905289094
8049.3380335684105,-1.256056003014372,0.5398229389195024
8050.721091490657,-0.7415021610685999,0.538550337743063
8052.104149412902,-0.6695298767342208,0.5380210068519148
8053.487207335149,0.9293758387730491,0.5385505010289545
8054.870265257394,0.46264099611701737,0.540072258872126
8056.253323179641,-1.3798600609485006,0.5414074989867261
8057.636381101887,-1.2200671947297281,0.5390509724808461
8059.019439024132,1.754833357184508,0.5360382541093023
8060.402496946379,3.4283255463054028,0.5319008636780869
8061.785554868624,3.142374155202676,0.529242311767675
8063.168612790871,1.2638974377778092,0.538224961084414
8064.551670713117,3.055764248638334,0.5366777821527056
8065.934728635362,2.549781470825333,0.5373402912380255
8067.317786557609,-0.8143541795804246,0.5420315936202603
8068.700844479856,-2.1306932943512074,0.5435445451710462
8070.083902402101,-0.5963833222892163,0.5424758086679392
8071.466960324347,1.1266303445300583,0.5407394785254505
8072.850018246592,2.4456764827363817,0.5392228698151459
8074.233076168839,2.0996010803262157,0.5396782377870475
8075.616134091086,1.5322044394429835,0.5402412916166462
8076.999192013331,1.282122252745361,0.5406157124625579
8078.382249935577,1.4140420676321215,0.5407267312863241
8079.765307857822,0.783598887365911,0.5412220656229895
8081.148365780069,1.922995738280202,0.5398043006812963
8082.531423702316,2.4470806554887448,0.539821711728896
8083.914481624561,1.058524185467992,0.5429862010399924
8085.2975395468075,-1.2317981516430627,0.5427823676602482
8086.680597469054,1.1637363337633648,0.5414607521083885
8088.063655391299,3.1356090017003524,0.5406051511619568
8089.446713313546,0.6611109167703221,0.541473633468525
8090.829771235791,2.267727362574125,0.5401587694677916
8092.2128291580375,2.188797319087743,0.5398765940636175
8093.595887080284,1.2919217534285818,0.5409550865316889
8094.978945002529,0.3619520788110576,0.5438570003631116
8096.362002924776,2.3478639348040913,0.5408355960376963
8097.745060847021,4.304809541241228,0.5383012429147439
8099.1281187692675,5.29953482716992,0.5366658396744264
8100.511176691514,3.977666913646826,0.5362849134918755
8101.894234613759,3.0150939237872545,0.5379042629348211
8103.277292536006,1.5080366632957996,0.5404862127541129
8104.660350458253,-0.19483394950928035,0.5434430074898489
8106.043408380498,-1.0840941413259368,0.5456385124082134
8107.426466302744,-0.09748711793972975,0.5446252830995956
8108.809524224989,0.9349077114949834,0.5437087235337134
8110.192582147236,1.3682007590343541,0.5436504128037796
8111.575640069483,-0.04949502498095126,0.5452314266370083
8112.958697991728,-2.4803197105682444,0.5479191782552721
8114.341755913974,-2.905310372588619,0.549181997668854
8115.724813836219,-0.8106050730634923,0.5481597021401778
8117.107871758466,1.0858674511356448,0.5440631438633429
8118.490929680713,0.2526278490155126,0.5462678826703944
8119.873987602958,-1.1765160874509244,0.5485357270859809
8121.257045525204,-2.2970621748791653,0.5483927917956866
8122.640103447451,-2.9219337444932636,0.550066349236424
8124.023161369696,-2.9225293035857094,0.5507137117264848
8125.406219291943,-2.9728669713732554,0.5508801075676344
8126.789277214188,-3.5907239801421156,0.5509205337181532
8128.172335136434,-3.0518764483316767,0.5506245256045187
8129.555393058681,-2.5811199441658452,0.550056607524641
8130.938450980926,-3.176508789611513,0.5502367765503889
8132.321508903173,-6.274461543754654,0.5524775653690563
8133.704566825418,-4.27601301279079,0.5499986481883263
8135.087624747664,1.420328685564288,0.5440637091332171
8136.470682669911,7.298183405333897,0.5378884793847484
8137.853740592156,6.456289536358238,0.5378850475296113
8139.236798514403,0.4983867265036559,0.545543842823702
8140.61985643665,-3.311286181989427,0.5493509458427978
8142.0029143588945,-3.2702970270840965,0.5480849797565792
8143.385972281141,2.9308380494535493,0.5431677573154314
8144.769030203386,3.1037800312963943,0.5415466317116396
8146.152088125633,1.293550801032575,0.542582749967489
8147.53514604788,-0.90209781515758,0.5455131006196646
8148.9182039701245,0.008223236068002349,0.545574612978792
8150.301261892371,1.348643248650632,0.5441814645560358
8151.684319814616,2.1368460562003886,0.5431427012105615
8153.067377736863,1.8559412171981946,0.5434644461034898
8154.45043565911,1.4253386322393868,0.545551524252086
8155.833493581355,0.3346405882612825,0.5465904040176
8157.216551503601,-0.2019366975480339,0.5469211685577364
8158.599609425848,1.2097334862791782,0.5468039906844272
8159.982667348093,-0.24726210763051748,0.5448797431830392
8161.36572527034,-2.638958496784355,0.5474043318234624
8162.748783192585,-4.60232053862241,0.550985660894182
8164.131841114831,-3.4920789601105318,0.5487053840263527
8165.514899037078,-0.13330861482791923,0.5479555169016977
8166.897956959323,-1.9555568023028957,0.5502763387101873
8168.28101488157,-6.452595592968535,0.5535291123974933
8169.664072803815,-0.0470007690999501,0.5485610120493096
8171.047130726061,6.1282591515317915,0.5407317974373858
8172.430188648308,8.386866328614127,0.538297638120502
8173.813246570553,5.684896568328821,0.5432392586815668
8175.1963044928,-0.7135442203566329,0.5465694620172988
8176.5793624150465,-2.730637866299319,0.547891047969494
8177.962420337291,-0.4048924452841376,0.5461918998631544
8179.345478259538,6.671891535416286,0.5405766509556958
8180.728536181783,-2.473055070266719,0.5496621576633117
8182.11159410403,-3.879258006315266,0.5529518739768282
8183.4946520262765,-0.4195596056604711,0.5511370237177932
8184.877709948521,4.271267563995826,0.5445218143955973
8186.260767870768,-0.29008752964506646,0.5480462223703936
8187.643825793013,-3.6510100264679073,0.5518584913020509
8189.02688371526,-4.988459670320993,0.5544404150498523
8190.409941637507,-4.775537043010555,0.553999020755541
8191.7929995597515,-2.191229446043342,0.5520713136932204
8193.176057481998,-0.4920312984739429,0.5489574355644385
8194.559115404245,-0.5454783138021825,0.5458708013784457
8195.94217332649,-1.472601861272252,0.552350409143288
8197.325231248737,-1.29642934742317,0.5496743676700261
8198.708289170982,-0.8805766710227012,0.5478593226050088
8200.091347093228,-0.726174754283744,0.5531655910804333
8201.474405015475,-0.3955308048002948,0.5527394742632906
8202.85746293772,0.2567102101321338,0.5519272470556659
8204.240520859967,0.7201859525122468,0.5515924921169612
8205.623578782212,0.19706937170894046,0.5531099407187869
8207.006636704458,0.2275818066551616,0.5525689211933243
8208.389694626705,0.00700002464839411,0.5532020962618484
8209.77275254895,-0.9786957333356816,0.5551664022813294
8211.155810471197,-4.545387513109876,0.557866106669244
8212.538868393443,-2.366896021680038,0.5571547126322067
8213.921926315688,-1.943049604736677,0.557273569067382
8215.304984237935,-5.233952664702495,0.5593398528400919
8216.68804216018,-4.9718742245082925,0.559541821555891
8218.071100082427,-2.9280256712262323,0.5570586731096516
8219.454158004673,-0.8799186905514631,0.5544139504821087
8220.837215926918,-0.29707545923371237,0.5536713004212803
8222.220273849165,-0.10613026636409573,0.5517203025211561
8223.60333177141,-1.1080701582012993,0.5520198996817752
8224.986389693657,-3.162513148267643,0.5524278870421456
8226.369447615903,-6.185593836698921,0.5480650724118032
8227.752505538148,-3.466468774749959,0.5496762790402931
8229.135563460395,-0.5806241710306352,0.5486377403719981
8230.518621382642,0.8559066637723685,0.5455197183094712
8231.901679304887,-2.528525563094679,0.5546126790407929
8233.284737227134,-2.905345665548086,0.5571470170501711
8234.667795149378,-1.6082106961367293,0.555934920064973
8236.050853071625,0.8368847669839722,0.5521565178258286
8237.433910993872,6.468388849432275,0.5471144656488363
8238.816968916117,6.628478669362721,0.546378516338399
8240.200026838364,3.5724041518186005,0.5484986880234091
8241.583084760608,0.14723441807910698,0.5517368206144684
8242.966142682855,4.074912153843435,0.5475434192608966
8244.349200605102,9.1800569651003,0.5419792318961295
8245.732258527347,13.260332792755902,0.5374445551765105
8247.115316449594,9.940150719732236,0.5413593235920268
8248.49837437184,6.556768139058922,0.5445313012003182
8249.881432294085,4.5950724552302376,0.5470802887818841
8251.264490216332,5.067418994898391,0.5489142544424428
8252.647548138577,4.824207907210785,0.5470915423747481
8254.030606060824,1.756465808433151,0.5508926972737377
8255.41366398307,-2.3318034356272266,0.5563039370440737
8256.796721905315,-5.298642084823784,0.5582558600644117
8258.179779827562,3.1620927184314196,0.5513047061715237
8259.562837749807,6.327948668389674,0.5476347141338493
8260.945895672054,4.047445574631935,0.5479734153120108
8262.3289535943,2.944992216489344,0.5499664149967002
8263.712011516545,5.6727185525987425,0.5468479033680845
8265.095069438792,9.066605382572318,0.5431557898236806
8266.478127361039,11.594106223281011,0.5408356012755682
8267.861185283284,10.24216460674051,0.5421697737639258
8269.24424320553,6.396563228811338,0.5471380425580722
8270.627301127775,0.29540717133747707,0.5548851738213173
8272.010359050022,-8.044341930096895,0.5648497005864523
8273.393416972269,-9.32499664257421,0.5667493767202968
8274.776474894514,-7.518754722483485,0.5619761676215315
8276.15953281676,-4.210141121636865,0.5529919666126273
8277.542590739005,-4.553001562498484,0.5504184353452245
8278.925648661252,-7.020475972504408,0.551497921129293
8280.308706583499,-5.820814008325304,0.5503270763455178
8281.691764505744,2.1446855144693693,0.5438813782065975
8283.07482242799,6.946663592357346,0.5422363667275504
8284.457880350237,3.263504853326338,0.5435225655364201
8285.840938272482,-5.090442545622478,0.5471857916503817
8287.223996194729,-11.750129197330448,0.5528086248087668
8288.607054116974,-7.967140345617328,0.5534322175594748
8289.99011203922,-3.50937257876513,0.5544011894975281
8291.373169961467,-0.9988896692379217,0.5567600299547457
8292.756227883712,-6.865334495200742,0.5612575908181907
8294.139285805959,-3.0050951261265784,0.5493808952441147
8295.522343728204,3.1024477642728874,0.5354313512831146
8296.90540165045,6.722226778975446,0.5288535304212999
8298.288459572697,3.593938286289314,0.5333996172052768
8299.671517494942,-0.07128207568059111,0.545551890806594
8301.054575417189,-4.227359328408928,0.5601655408110153
8302.437633339436,-7.3167602445712125,0.5645824138776357
8303.82069126168,-6.340756132407551,0.5638773976686668
8305.203749183927,-1.106997815832739,0.5578242056281822
8306.586807106172,7.759977980086928,0.5469253968856671
8307.969865028419,7.751824954739082,0.5448752030274492
8309.352922950666,4.47242234592622,0.5463973692670282
8310.73598087291,1.3326691356417877,0.5498216659073544
8312.119038795157,1.99228595758751,0.5536868236029574
8313.502096717402,3.9873220729017493,0.5525387009506094
8314.885154639649,1.698520810279612,0.5554369545711633
8316.268212561896,-3.899439919605541,0.5620470610532108
8317.65127048414,-5.120545768443017,0.5660023141967737
8319.034328406387,-6.056671597020048,0.5651167881217676
8320.417386328634,-5.1041515002092455,0.5630928579300575
8321.800444250879,-1.0904673704643528,0.5618095113239955
8323.183502173126,6.047593782547583,0.5511130244810957
8324.56656009537,7.433078392268587,0.5486327876482286
8325.949618017617,5.037558222094242,0.5516238313428676
8327.332675939864,2.925038959091073,0.5541257191107328
8328.71573386211,1.0712228749249837,0.5562027462966802
8330.098791784356,-0.0762460283466746,0.5575342426474571
8331.4818497066,-0.516876520869272,0.5581461201050044
8332.864907628848,-1.7867386118007915,0.5608187065531997
8334.247965551094,-4.288222859619024,0.5638973485726823
8335.63102347334,-6.792242452107153,0.5662344489980707
8337.014081395586,-7.433747880336082,0.5661213261927452
8338.397139317833,-1.5654721158197673,0.5575557760108392
8339.780197240078,0.5194321927371707,0.5418075959240685
8341.163255162324,-1.4636937402836336,0.5221821612911343
8342.54631308457,0.23353743650426184,0.5197507133490693
8343.929371006816,0.944812077438617,0.5220636609534263
8345.312428929063,0.20863961915969875,0.5319993732204347
8346.695486851308,-2.6500711712965246,0.5534490575717782
8348.078544773554,3.2439124535775092,0.5492285445531666
8349.4616026958,4.751562770295974,0.5424085062715338
8350.844660618046,3.111257406752696,0.5359814603090878
8352.227718540293,5.244495693886846,0.5360905167968364
8353.610776462538,5.223233592493328,0.5434263448947004
8354.993834384784,3.627096693001773,0.5512553953803908
8356.376892307031,0.5840556941293227,0.5565467417518422
8357.759950229276,0.4534497932676316,0.5577011285786281
8359.143008151523,1.546346298345887,0.5559472250425753
8360.526066073768,2.5058666763117206,0.5533676338740734
8361.909123996014,-0.1110230808071846,0.554797653041885
8363.292181918261,-0.500198623972073,0.5551226132274838
8364.675239840506,-0.12893520015396476,0.5558482759065088
8366.058297762753,0.6115265870060544,0.5574053215538572
8367.441355684998,1.3148527084559556,0.5580051836756253
8368.824413607244,1.2480126508496878,0.5589274765388695
8370.207471529491,0.04447712748888444,0.5606126682672558
8371.590529451736,-3.350501619321989,0.5640647247599739
8372.973587373983,-2.560272919066324,0.5639135124978869
8374.35664529623,-1.0499390058498772,0.5622270114196415
8375.739703218474,0.31708537008861604,0.5595591930734414
8377.122761140721,-0.5654344563608418,0.5582765660039003
8378.505819062966,-0.3461737036748708,0.5540191572329262
8379.888876985213,0.8694022024085193,0.5489644638845277
8381.27193490746,3.246625520813114,0.545630186321928
8382.654992829704,1.3643472030111035,0.552156551348963
8384.038050751951,-1.0409634744151155,0.558848115054918
8385.421108674196,-2.9882390796499028,0.5636743171383475
8386.804166596443,0.40100031055889307,0.5620693987782208
8388.18722451869,2.0373119948819474,0.5588062197082506
8389.570282440935,2.1597485250175614,0.556842386857704
8390.953340363181,0.5632765183831883,0.5596809575022065
8392.336398285428,0.1658802734343986,0.5601034661357905
8393.719456207673,0.3244253194718212,0.5558919245334494
8395.10251412992,0.905462135716232,0.546431926907416
8396.485572052165,1.49595585328686,0.5290411105420891
8397.868629974411,3.8325452147332095,0.5217237968160564
8399.251687896658,5.13032154998438,0.5270275093891245
8400.634745818903,2.4568945331262717,0.5511879932228142
8402.01780374115,-0.2425302766605838,0.5568965167210185
8403.400861663395,-0.5926749806704498,0.5603374280998105
8404.783919585641,1.0061112714668654,0.5627665454372152
8406.166977507888,0.5113547394862112,0.5608136735524987
8407.550035430133,1.184273858939355,0.5596879933721582
8408.93309335238,1.429196851631234,0.5592539911355403
8410.316151274626,-0.2700112790813324,0.559606240266608
8411.699209196871,-3.5750897499419834,0.5587598811875047
8413.082267119118,-4.619738746888293,0.5551702901088666
8414.465325041363,-3.1712203185109895,0.5503208231996557
8415.84838296361,-0.026282011080687062,0.5550868995802533
8417.231440885857,-2.4579174748873287,0.5610412961254693
8418.614498808101,-4.3330893900056235,0.5649635323267963
8419.997556730348,0.04585890195520759,0.5633170444078459
8421.380614652593,-2.0002972488657287,0.5648890972161841
8422.76367257484,-3.128145134681658,0.5652652688469907
8424.146730497087,-2.5631257503135774,0.5628537264828029
8425.529788419331,-0.41644481753789897,0.5492337186666434
8426.912846341578,0.6630827519978191,0.5312655681286057
8428.295904263825,2.048565603776193,0.5169094326061257
8429.67896218607,5.209419891618463,0.5153245166935483
8431.062020108317,0.35228710257080253,0.5373774746270829
8432.445078030561,-3.5589584329390904,0.5565097151818488
8433.828135952808,-5.351397279089218,0.5686989550549113
8435.211193875055,-5.157437086929532,0.5695060613779847
8436.5942517973,-5.353113725920856,0.5706638259964052
8437.977309719547,-5.811162751832464,0.5714739772335287
8439.360367641792,-6.481869146355942,0.5709719052521579
8440.743425564038,-6.349426492456859,0.5716452040221958
8442.126483486285,-6.649400608645206,0.5729726916715607
8443.50954140853,-7.702925189189504,0.5749280565215679
8444.892599330777,-11.573627705299728,0.5780378290273874
8446.275657253023,-13.710878363202976,0.579588303999792
8447.658715175268,-13.706209189056388,0.5777671829015284
8449.041773097515,-10.051678878993867,0.568339353084849
8450.42483101976,-4.5493076260482,0.5593098575396955
8451.807888942007,-0.0004276499228926811,0.5544625344917328
8453.190946864253,2.723613831227872,0.5549873420292822
8454.574004786498,0.153985112479175,0.5589460045777722
8455.957062708745,-0.22378139637535166,0.560079626444035
8457.34012063099,0.9018753622712684,0.5597849564799229
8458.723178553237,2.697206142228395,0.5604870194815574
8460.106236475483,0.9707496928420293,0.5534496164051097
8461.489294397728,-1.9551397060739095,0.5445959540166719
8462.872352319975,-5.428892098661492,0.5357776668681923
8464.255410242222,-2.4055419574608576,0.5298857690301596
8465.638468164467,-4.723608415543073,0.5423183200519146
8467.021526086713,-9.406786160345753,0.5644185879580649
8468.404584008958,-6.7263455980846825,0.5697040886141354
8469.787641931205,-4.351529870138748,0.569172703108685
8471.170699853452,-2.983424844868172,0.5673692960858904
8472.553757775697,-3.293795576503048,0.5665605995346629
8473.936815697944,-1.9647296959185594,0.5650082277710512
8475.319873620188,-0.040108187254193406,0.5632490932765881
8476.702931542435,1.8736739940327796,0.5616705020297375
8478.085989464682,0.5082809184696297,0.56245541293473
8479.469047386927,1.219439533238778,0.5616376748830357
8480.852105309174,2.7014304028844878,0.5600066510593334
8482.23516323142,4.110173463690225,0.5580098192890878
8483.618221153665,2.9229935159399347,0.5601615834367073
8485.001279075912,1.6284722760491155,0.5618804113184874
8486.384336998157,0.6776131600026937,0.5623653229833077
8487.767394920404,3.1366127903863985,0.5605141349462558
8489.15045284265,1.2878141270307069,0.5592882673223929
8490.533510764895,-1.692725793484522,0.5586572237596825
8491.916568687142,-0.7585331286414934,0.5588580474830325
8493.299626609387,-0.7156519717519086,0.5595315305287335
8494.682684531634,-3.030869584302036,0.5649609067687252
8496.06574245388,-8.526635480498703,0.5771991500456658
8497.448800376125,-15.32635315517969,0.58367310370087
8498.831858298372,-18.44935034504067,0.586297105975561
8500.214916220619,-18.02077907979492,0.5830704436767349
8501.597974142864,-13.386671914931105,0.5639951902240435
8502.98103206511,-10.429348268060778,0.5537166702501028
8504.364089987355,-8.033619336639301,0.5514807901160954
8505.747147909602,-5.433916418927821,0.5594651892624009
8507.130205831849,-2.2515711750469753,0.562699908712449
8508.513263754094,-0.16031739601338219,0.5639381595963779
8509.89632167634,0.28482909834627806,0.5638454898064617
8511.279379598585,-2.3959787697924684,0.566342377817172
8512.662437520832,-1.7551348871037513,0.5659655235787453
8514.045495443079,0.2856166368079758,0.5641333728619149
8515.428553365324,1.6057588261598905,0.5622711557492692
8516.81161128757,2.0833223330848805,0.5609708756261629
8518.194669209817,2.3367139057617687,0.560285563282608
8519.577727132062,2.515733936236355,0.5603124189097006
8520.960785054309,2.9192734536378024,0.5598431805017037
8522.343842976554,3.418771899361153,0.5594241428189972
8523.7269008988,3.796478652135539,0.5591987471254726
8525.109958821047,3.1455103183832045,0.5598036944407995
8526.493016743292,4.28111718823381,0.5586840880626174
8527.876074665539,5.0936497862595855,0.5578964530246856
8529.259132587784,3.906786201084876,0.5591332450238203
8530.64219051003,1.6689940367289626,0.5612896901379798
8532.025248432277,0.32480549737818093,0.5628713581137972
8533.408306354522,-0.004558009285779485,0.5635543909274132
8534.791364276769,-0.83551452751595,0.5616575689039877
8536.174422199016,-1.3895616588320072,0.5605125615475198
8537.55748012126,-3.1544837187034678,0.5562586626380979
8538.940538043507,-9.98507850737447,0.5391386013641813
8540.323595965752,-21.56139590152829,0.5504092556972964
8541.706653887999,-31.70509315983365,0.5772450903723406
8543.089711810246,-37.75306621817648,0.6179150783730031
8544.47276973249,-31.13961972395994,0.6045002970651924
8545.855827654737,-23.0344161171979,0.5886638129008788
8547.238885576982,-14.476384260774143,0.5743044966396003
8548.621943499229,-8.54430665437002,0.569391239643341
8550.005001421476,-5.187096013345026,0.5673733340654717
8551.38805934372,-3.701723706265499,0.5677058314169858
8552.771117265967,-4.06271249417098,0.5709066228858766
8554.154175188212,-3.677429961738295,0.5680825140034749
8555.537233110459,-2.504737741427286,0.5662313464612452
8556.920291032706,0.04653118598684636,0.5674942438741908
8558.30334895495,0.4207403626232644,0.5649928501346869
8559.686406877197,0.5010533397594122,0.5634117333687049
8561.069464799444,0.9721273449803522,0.5627683864624926
8562.45252272169,0.7004804135313236,0.5632439510291344
8563.835580643936,1.2353076347499252,0.5622515553868986
8565.21863856618,2.1370792905903384,0.560860048020453
8566.601696488427,3.1602897685882767,0.5599669516477092
8567.984754410674,3.196771998701449,0.5597153623376867
8569.36781233292,2.6547838148785865,0.5596886363463268
8570.750870255166,1.942923247823272,0.5598152430813543
8572.13392817741,2.5422186178080155,0.5593436923814835
8573.516986099658,2.2126987189122804,0.5599955596298195
8574.900044021904,1.730003104959927,0.5608968484138217
8576.28310194415,2.9984236855024564,0.5586045139322247
8577.666159866396,3.427401646089691,0.5589392048896862
8579.049217788643,2.7197018207702266,0.5606218077661891
8580.432275710888,-0.00990012264763962,0.5631242755919875
8581.815333633134,-0.13880431595043696,0.5636722889574222
8583.19839155538,-0.703394098763453,0.5643885080934945
8584.581449477626,-2.3801161975303606,0.5656854019807739
8585.964507399873,-3.22624010748235,0.5649393500293417
8587.347565322118,-3.5473787498446514,0.5662478430882187
8588.730623244364,-3.771116387130772,0.5686695875325117
8590.11368116661,-5.987777694036451,0.5689678542452286
8591.496739088856,-9.70750996719363,0.5758206015921417
8592.879797011103,-13.174172272568693,0.5820461090362565
8594.262854933348,-14.761875552368084,0.5804918033893124
8595.645912855594,-19.2627316697629,0.5853318523733837
8597.028970777841,-22.77664190344055,0.5910145442015823
8598.412028700086,-24.346204350604104,0.5964218353744748
8599.795086622333,-21.00298779611508,0.5916105246636494
8601.178144544578,-17.273240368908677,0.5869388816370377
8602.561202466824,-13.404730986364777,0.5823570206389822
8603.944260389071,-11.448040613091496,0.5774912349099591
8605.327318311316,-9.51638516567244,0.5743775907944261
8606.710376233563,-7.804776827941517,0.5722524512008414
8608.093434155808,-6.752985457624329,0.5707829640105889
8609.476492078054,-5.4318982034765995,0.5656373538201633
8610.859550000301,-3.838382658672723,0.5622779680397052
8612.242607922546,-1.7142020282733208,0.5626606262806478
8613.625665844793,0.5985338289200486,0.5547766101333292
8615.00872376704,2.2278575026718506,0.5496132392725216
8616.391781689284,3.1409618015260485,0.5471281142142211
8617.774839611531,2.3628815750468983,0.5452436064396928
8619.157897533776,2.8541351414411102,0.543420633696357
8620.540955456023,4.035511170526231,0.5415048495913033
8621.92401337827,4.402786054091813,0.5391748732516893
8623.307071300515,3.3741988838141026,0.5386216944828446
8624.690129222761,2.157277898042854,0.5386723354789577
8626.073187145006,2.0279594040720994,0.5389818625277655
8627.456245067253,3.795768851698967,0.535178731397786
8628.8393029895,3.811635270670673,0.5221304966274447
8630.222360911745,1.8412079364442773,0.50085871146343
8631.605418833991,-1.1222607150881854,0.501487044307463
8632.988476756238,-0.8645575278903224,0.5205952253902514
8634.371534678483,0.7600791866844392,0.5458280631465627
8635.75459260073,3.2702845266034393,0.545181320910084
8637.137650522975,4.224342003499158,0.5458292436707336
8638.520708445221,4.408008098744533,0.5475248344298029
8639.903766367468,4.081675271637482,0.5505918713437848
8641.286824289713,5.861727470176902,0.5503691952650055
8642.66988221196,6.043193797517909,0.5512569449692046
8644.052940134205,3.873591847597819,0.5543723180037363
8645.435998056451,2.455316015765275,0.5494093103861234
8646.819055978698,1.459150391865636,0.5472670412040981
8648.202113900943,0.7715441038305497,0.5470910540408389
8649.58517182319,0.5053898098147571,0.5427543580627457
8650.968229745436,0.4657376288797642,0.5413673297598914
8652.351287667681,0.26896951542832204,0.541695306251965
8653.734345589928,-0.924204453527417,0.5428269032865346
8655.117403512173,-3.58556930951667,0.5455759658353562
8656.50046143442,-6.663501117120737,0.5495363805617859
8657.883519356667,-9.717766045803536,0.554961864890408
8659.266577278911,-17.709318182591108,0.559176298071091
8660.649635201158,-27.207399884099328,0.5719505137712061
8662.032693123403,-37.69739437578799,0.5943726552476928
8663.41575104565,-39.43688095030687,0.5905062198383576
8664.798808967897,-34.342317759822286,0.5851920813492231
8666.181866890141,-25.807570821373975,0.5793787535213784
8667.564924812388,-27.417174436192948,0.5771959959617854
8668.947982734635,-21.395719226011053,0.5691644723852759
8670.33104065688,-13.584094711513456,0.5612244947748422
8671.714098579127,-10.34822618756408,0.5614803214832633
8673.097156501372,-10.227710372777722,0.5594395535229513
8674.480214423618,-9.057175818416203,0.5582649786139597
8675.863272345865,-4.946916528736871,0.5596172727225005
8677.24633026811,-7.537403144814107,0.5626115245965742
8678.629388190357,-9.797555611330933,0.5649908142668403
8680.012446112602,-11.067584918735092,0.5663967128784816
8681.395504034848,-8.472091557670248,0.5635646176790002
8682.778561957095,-4.3340156607388,0.5600503764476654
8684.16161987934,0.43901474796565676,0.5563127027795985
8685.544677801587,2.188949392750384,0.5542765991322955
8686.927735723833,0.42370332272775935,0.5556586017011304
8688.310793646078,-1.9904643038298944,0.5579852009481693
8689.693851568325,-1.5997647631952387,0.5584763882895359
8691.07690949057,1.15960717606843,0.5555870511536981
8692.459967412817,2.996552366295208,0.5545652784378015
8693.843025335063,1.8889592796231134,0.5586058136991076
8695.226083257308,1.1973819019898229,0.5575482544296447
8696.609141179555,1.2221020082803413,0.5566217280875138
8697.9921991018,2.347725957532703,0.5565012748747116
8699.375257024047,3.546855283091376,0.555536945704385
8700.758314946293,4.016878453466116,0.5550305635705279
8702.141372868538,4.123986409852322,0.5547516767857033
8703.524430790785,4.546105180782685,0.5533983870876766
8704.907488713032,5.926214612816945,0.5502555335437178
8706.290546635277,6.974498217661098,0.5486701622960511
8707.673604557524,4.9753703407469585,0.5562546266383964
8709.056662479768,2.361835235569832,0.5568031365506971
8710.439720402015,0.8179992124454039,0.5567151261896292
8711.822778324262,1.9002644195078355,0.5600345937928575
8713.205836246507,2.712878997098174,0.558379353841735
8714.588894168754,2.8582292744747186,0.5573320099794735
8715.971952090998,2.410948693961918,0.5582829797645908
8717.355010013245,3.091324318218375,0.5575055853624993
8718.738067935492,2.679841413300517,0.5577660189902821
8720.121125857737,1.1723388904896814,0.5592143793812442
8721.504183779984,-0.4846078497965811,0.5626490783668666
8722.88724170223,-0.11231584373581072,0.5609441635645462
8724.270299624475,1.521019641030608,0.5566867186551088
8725.653357546722,3.1194350501728434,0.5567398565388257
8727.036415468967,2.638795122602906,0.5566676397644725
8728.419473391214,1.4844421859245789,0.5574999137781995
8729.80253131346,0.9715347209848808,0.5612288038746301
8731.185589235705,-0.18913985193014393,0.5623492795228303
8732.568647157952,-1.9981283180677099,0.564187724091285
8733.951705080197,-4.84693358004351,0.5687040986539098
8735.334763002444,-7.1234362143156496,0.5702426904109079
8736.71782092469,-8.117943577496082,0.5708597197142664
8738.100878846935,-7.673337223463934,0.5707645313863468
8739.483936769182,-7.984631709922446,0.5704537107411825
8740.866994691429,-8.874332880358983,0.5715854299569009
8742.250052613674,-10.397193000738254,0.5742649379090111
8743.63311053592,-14.176189564489675,0.5801011576259805
8745.016168458165,-18.379741666188718,0.5870367148599139
8746.399226380412,-22.494263102223336,0.5946150605711342
8747.782284302659,-26.866004696911638,0.6019181194134713
8749.165342224904,-32.73478225568017,0.610771599853259
8750.54840014715,-37.30852753127239,0.6175155541129019
8751.931458069395,-35.31956665461206,0.6156785920944555
8753.314515991642,-28.768927118488808,0.6023836863304565
8754.697573913889,-21.463216860697834,0.5869763537999426
8756.080631836134,-15.100677419018886,0.5735701943222167
8757.46368975838,-13.755667719838298,0.5564144967981783
8758.846747680627,-13.483031780099385,0.5457741524305562
8760.229805602872,-13.668867444856728,0.5451202692213671
8761.612863525119,-6.8882843614800215,0.5439934000829196
8762.995921447364,-6.445604219743114,0.5422933307762272
8764.37897936961,-11.899905259841123,0.5397506226560527
8765.762037291857,-2.3911393431026022,0.5300645334018385
8767.145095214102,1.945244759222548,0.5320380948735314
8768.528153136349,1.847336163969221,0.5431115057076958
8769.911211058594,-3.226348116488115,0.5587979953079816
8771.29426898084,-2.173526971396602,0.559122034357906
8772.677326903087,0.953989724501435,0.5504171894122516
8774.060384825332,-0.29436707837435905,0.537301008668181
8775.443442747579,-0.5437204356435775,0.5268397602946648
8776.826500669826,-0.4001540090538766,0.5220878674317546
8778.20955859207,-0.11163645308932002,0.5297502971310389
8779.592616514317,-0.09525146771087478,0.5452635668235075
8780.975674436562,0.061599823214050664,0.5577658970852046
8782.358732358809,0.5720607993466615,0.561570172894109
8783.741790281056,1.3862247993462589,0.5618175732562154
8785.1248482033,1.715619102911453,0.5606571955308136
8786.507906125547,1.3976571338828538,0.5581994425651379
8787.890964047792,2.7037595236216863,0.5507285248722791
8789.274021970039,2.916638621268397,0.545112215865548
8790.657079892286,2.053004363360509,0.5420209333125849
8792.04013781453,2.3583723393644975,0.5514651748198274
8793.423195736777,2.854420762775179,0.5570868958373452
8794.806253659024,2.8582609721284022,0.5596730286299616
8796.189311581269,2.2657858754065,0.5603876237939747
8797.572369503516,3.247242243754977,0.5593893463333411
8798.95542742576,4.730995641766596,0.557583082615002
8800.338485348007,4.737070476782071,0.5562966223783902
8801.721543270254,5.2772103764097205,0.5560314083691862
8803.1046011925,4.919494218494288,0.5569177042677494
8804.487659114746,1.2298877167375413,0.5600152145467197
8805.87071703699,-2.449877595652112,0.5645151497363007
8807.253774959237,-4.134551436447337,0.566856753353603
8808.636832881484,-1.8266523415436833,0.5638703769664966
8810.01989080373,0.03916934806814809,0.5629342201080995
8811.402948725976,0.5902183950109103,0.5628936461999186
8812.786006648223,-0.7050783609522808,0.5637169897963153
8814.169064570468,1.504800133625686,0.5625130999574629
8815.552122492714,2.0069138483285816,0.5612485755763278
8816.93518041496,0.0,0.5601162836054517
8818.318238337206,-2.180217772394326,0.5657291604530056
8819.701296259453,-1.3785191321004815,0.5619692860444703
8821.084354181698,1.620330110728605,0.5486674600626398
8822.467412103944,0.0421632766104878,0.5208298445880328
8823.85047002619,0.11211177724898813,0.4935661199900907
8825.233527948436,1.9091879476066207,0.4712477725342614
8826.616585870683,6.523290718838356,0.4845768903054507
8827.999643792928,5.976540152349838,0.5134086872931136
8829.382701715174,2.5689546310686353,0.5457049260167907
8830.765759637421,-1.341637587610987,0.5535974054325037
8832.148817559666,0.6976583927573092,0.5464565736895695
8833.531875481913,4.523160353767855,0.5339862876022684
8834.914933404158,5.747445536349254,0.5248228564740164
8836.297991326404,3.58816193840942,0.533939483953516
8837.681049248651,0.8022706273551575,0.5489985053467681
8839.064107170896,-1.0260457465187547,0.5646501647126256
8840.447165093143,-2.243249615560197,0.5672047088705179
8841.830223015388,-2.6159985424318286,0.5674637834909007
8843.213280937634,-1.8616143625884551,0.5688168369784075
8844.596338859881,-0.38916211327972594,0.5623353920240549
8845.979396782126,-0.8744675264459957,0.5579296303062562
8847.362454704373,-4.365614536681143,0.5582360700683208
8848.74551262662,-6.456153540767829,0.5615376048741436
8850.128570548864,-7.457582997675717,0.5653135206715282
8851.511628471111,-7.3761401534835,0.5693871069644436
8852.894686393356,-9.032417449335911,0.5776380283635149
8854.277744315603,-11.77419310355626,0.58494233591667
8855.66080223785,-15.56956354688043,0.5912827809007687
8857.043860160094,-19.918305561215774,0.5979062209468606
8858.426918082341,-24.88589622860636,0.605153403304688
8859.809976004586,-30.352039840570768,0.6129449580883792
8861.193033926833,-34.447564524452716,0.6213396105635612
8862.57609184908,-37.58145425218823,0.6180336588592821
8863.959149771325,-38.887465432573315,0.6061780848705436
8865.342207693571,-32.24300061609562,0.5872396772925947
8866.725265615818,-24.788867301276703,0.5756017015643452
8868.108323538063,-18.577067114972902,0.5713281750641056
8869.49138146031,-18.34803000102105,0.5830554901011912
8870.874439382555,-14.437710231626042,0.5859491944402909
8872.257497304801,-10.9822876765324,0.5847921653734919
8873.640555227048,-11.479513301765719,0.5823145654461501
8875.023613149293,-9.896223910866523,0.5839848218168548
8876.40667107154,-7.9458816581634215,0.5833915644124562
8877.789728993785,-6.822283185939801,0.5732791139561529
8879.172786916031,-6.119653145972818,0.5705796380705496
8880.555844838278,-4.8818314817647135,0.5599316900305776
8881.938902760523,-1.9944156611485884,0.5283522241457999
8883.32196068277,-0.9894610787722662,0.5005740512366361
8884.705018605016,-0.9460198454057056,0.4916112077781237
8886.088076527261,-1.8115319380170334,0.514541488323154
8887.471134449508,-2.4545811296227305,0.542787084957733
8888.854192371753,-2.224825054514641,0.5624772274177208
8890.237250294,-0.44090081109801527,0.5684550704016021
8891.620308216246,1.9742187580536799,0.5635690479872157
8893.003366138491,3.2297543234060306,0.5607145393636102
8894.386424060738,3.0989880808551726,0.5615522742490373
8895.769481982983,1.465156171344886,0.5624308760962834
8897.15253990523,1.3363827894263118,0.5596670770360586
8898.535597827477,2.7284471836829187,0.5529762506484985
