wave,flux,uncertainty
3825.667831828248,-35.51199699158169,0.4420359432697296
3827.0517335349455,-30.96087584149379,0.5756427176018934
3828.4356352416426,-28.589672582905173,0.5715063119323462
3829.81953694834,-17.990181484293018,0.5510386410030959
3831.203438655037,-18.182240840027447,0.5544439471701136
3832.5873403617347,-39.706776524027006,0.5858043459471605
3833.971242068432,-36.91964896057941,0.5818425142661109
3835.3551437751294,-15.873528438730819,0.54915427030024
3836.7390454818265,-20.743492335828094,0.5532612561164328
3838.122947188524,-38.2031550945981,0.5845304840377783
3839.506848895221,-43.73086550272619,0.5951758633493869
3840.8907506019186,-25.59990330815203,0.5634615988411688
3842.2746523086157,14.475034643970545,0.5146147062685755
3843.6585540153133,23.617896702656317,0.49979945356411115
3845.0424557220103,29.15178667338928,0.4957837705594023
3846.426357428708,30.500645813262075,0.4966263419889236
3847.810259135405,34.05929301966153,0.49697172717165616
3849.1941608421025,16.87828152752047,0.518313093223651
3850.5780625488,12.511477734805737,0.5253305489789302
3851.961964255497,30.969752778503864,0.5083681133058537
3853.3458659621947,18.41694064510152,0.519973853628493
3854.729767668892,8.694712115598314,0.533060530167089
3856.1136693755893,2.575545097266499,0.5385732063962083
3857.4975710822864,3.6030413761507667,0.5374309182874277
3858.881472788984,-30.41790587445754,0.5850924097020508
3860.265374495681,-34.8403907477842,0.5917604904466642
3861.6492762023786,11.1614037939583,0.5264857190734673
3863.0331779090757,27.93728973012085,0.4989638940236678
3864.417079615773,25.136434465293842,0.5027058095918215
3865.8009813224703,10.404269961052272,0.5160208277674765
3867.184883029168,12.413749829391094,0.5145547878898038
3868.568784735865,-0.4425608480945442,0.5286347995261887
3869.9526864425625,-19.6220811495438,0.5554499672681475
3871.3365881492596,-34.86545644453192,0.578730631164098
3872.720489855957,-26.25273150226259,0.5614029662905983
3874.1043915626547,15.77589596510591,0.5035624302367595
3875.4882932693517,30.664152725783552,0.4896321564942589
3876.8721949760493,2.898880612713242,0.5184834695956098
3878.2560966827464,-26.64139862338073,0.5515185439892915
3879.639998389444,-14.655727682806713,0.5407807235450122
3881.023900096141,-17.17819853260172,0.5428808434455953
3882.4078018028385,-24.73787139044851,0.5495340918108834
3883.7917035095356,0.9121685885827375,0.5172436782190648
3885.175605216233,-11.190896619868695,0.5330759116432788
3886.5595069229303,-37.11714050216484,0.5605078197264259
3887.943408629628,-25.349685549416346,0.5463792872934836
3889.327310336325,-15.380731155947664,0.5292158551040249
3890.7112120430224,10.397824949106713,0.49669027587073183
3892.0951137497195,28.617873829326328,0.47774927724814387
3893.479015456417,21.62618534062607,0.4825301863405004
3894.862917163114,13.816260499376133,0.4880772475558364
3896.2468188698117,20.885598622087706,0.4810990229643372
3897.6307205765092,34.12952810436616,0.47098441947281205
3899.0146222832063,4.6616286406347704,0.4942251838439974
3900.398523989904,4.703526643891964,0.49072065262561415
3901.782425696601,11.491740313653,0.4851998788186011
3903.1663274032985,-13.797552542566862,0.5043289703388437
3904.5502291099956,-18.949148577148673,0.5142058422939834
3905.934130816693,-28.128406787901135,0.5215683479298144
3907.3180325233902,10.735212518805739,0.4819577849452734
3908.7019342300878,26.29565498129342,0.46393182813981904
3910.085835936785,21.930064840098368,0.4667069750420861
3911.4697376434824,31.477177680040505,0.4601272863952645
3912.8536393501795,36.6995958786343,0.45477164262818137
3914.237541056877,35.326680941429004,0.45523373334687595
3915.621442763574,21.60243317729678,0.4651997533299205
3917.0053444702717,16.830608610238805,0.47004266112616716
3918.3892461769688,3.6483114018959473,0.4801156396934481
3919.7731478836663,-17.591090866651133,0.5047511541910342
3921.157049590364,-27.335687368595345,0.5177068001870402
3922.540951297061,-18.037336152368514,0.5080737699492998
3923.9248530037585,-8.601498089883233,0.49821389692886586
3925.3087547104556,-27.343024055992313,0.5169360839964278
3926.692656417153,-47.126909378052666,0.5422620832262519
3928.07655812385,-71.43914764426947,0.5815022330681984
3929.4604598305477,-92.95340222145909,0.6230274836733569
3930.844361537245,-106.6025603939186,0.6593601567614752
3932.2282632439424,-124.30276578170199,0.7119232428365022
3933.6121649506395,-136.06580105997833,0.7551692302528815
3934.996066657337,-124.16781806268503,0.7105948488847029
3936.379968364034,-103.66085209157454,0.6461674320674669
3937.7638700707316,-81.8138973472086,0.5963203853473674
3939.1477717774287,-52.94913140816517,0.5467923688175648
3940.5316734841263,-41.566624139986594,0.5311004055091597
3941.9155751908233,-46.36105228176496,0.5360707561072661
3943.299476897521,-55.52023020012354,0.5463270933802187
3944.6833786042184,-47.37058948210809,0.5349614591214087
3946.0672803109155,-8.934256986772095,0.49194268064278435
3947.451182017613,-10.507823204564545,0.4903958295396497
3948.83508372431,-8.53273940175352,0.4872593049813081
3950.2189854310077,15.167826571016004,0.46544782373041177
3951.602887137705,15.198258155852571,0.4650061681659235
3952.9867888444023,1.866146032115509,0.4753203434661881
3954.3706905510994,15.010370313400172,0.46430187243424736
3955.754592257797,6.027969282594938,0.471759512168753
3957.138493964494,-9.589490427260863,0.48189096153038957
3958.5223956711916,5.131952466300255,0.4710647790071194
3959.9062973778887,-11.53275169942529,0.4886416762217634
3961.290199084586,-59.49742826501094,0.5451158702178768
3962.6741007912833,-76.77096660022532,0.5707490023349523
3964.058002497981,-76.75249605750825,0.5714840648501901
3965.441904204678,-96.44876679674783,0.6044655339189797
3966.8258059113755,-127.21620207433037,0.67897826494887
3968.2097076180726,-148.58832282294188,0.6848593886275824
3969.59360932477,-136.60002039711,0.6637015610018773
3970.9775110314677,-109.36431620939503,0.6348930745316628
3972.3614127381647,-86.21741121803461,0.5869706457052396
3973.7453144448623,-66.48237954613015,0.5513970924080844
3975.1292161515594,-42.93965485127347,0.5179522533203493
3976.513117858257,-27.193939956377335,0.49553647704677695
3977.897019564954,-5.115859737007735,0.47434950564300377
3979.2809212716516,13.249351363995265,0.45720100792124696
3980.6648229783486,22.194544708529655,0.4493595687533641
3982.048724685046,8.281431258323346,0.4593373326937843
3983.4326263917433,3.860889368173332,0.46164673498587966
3984.816528098441,6.110435926674865,0.45857381563075056
3986.200429805138,3.5528905641999096,0.459361091226108
3987.5843315118354,18.928367566038375,0.4492958755383582
3988.9682332185325,22.568090121724723,0.443974640195335
3990.35213492523,18.39786784487362,0.4463040905140978
3991.736036631927,25.81686564134786,0.4396692421641286
3993.1199383386247,36.104182220832406,0.43214230231946005
3994.5038400453222,24.901200374748573,0.43877825020654926
3995.8877417520193,17.815170472346,0.44503767002665445
3997.271643458717,-3.3995818706023027,0.4568390467873754
3998.655545165414,9.473225819922774,0.44840727068020425
4000.0394468721115,27.18211534083711,0.4321598048774963
4001.4233485788086,28.56899524817833,0.4284755881690978
4002.807250285506,37.77306995954874,0.4232558063119107
4004.1911519922032,6.5340558121575265,0.4463039820114565
4005.575053698901,-29.796221563945437,0.47303298851362924
4006.958955405598,-12.3638676800025,0.4587512280738069
4008.3428571122954,16.875825170090092,0.43688100345295583
4009.7267588189925,14.068612504219363,0.43732246947968906
4011.11066052569,20.394353856979897,0.4313211856536571
4012.494562232387,19.567152612506383,0.43032940384216684
4013.8784639390847,23.406235108216443,0.4275967012238587
4015.2623656457818,25.090628586037063,0.4262316928257429
4016.6462673524793,15.021452098151627,0.43423127614214946
4018.030169059177,-1.7200834432832544,0.4411490323390759
4019.414070765874,27.16093949999516,0.42566424282533744
4020.7979724725715,25.148308058128393,0.4263069175457167
4022.1818741792686,18.659907545510375,0.42978431941727974
4023.565775885966,19.865642627578808,0.4293251498269628
4024.949677592663,13.403273894347613,0.43267005874358927
4026.3335792993607,16.785876109095437,0.42907405871012205
4027.717481006058,31.921757386470976,0.420278976065494
4029.1013827127554,19.213823121503097,0.4283206221945272
4030.4852844194525,-20.305095626089884,0.4570131764780564
4031.86918612615,-35.715450950057814,0.46918380783823743
4033.253087832847,-35.725217379204786,0.4686921779334616
4034.6369895395446,-21.01895987697083,0.4564157940584451
4036.0208912462417,10.876480690987439,0.4325946650076171
4037.4047929529393,39.33832340974055,0.4139213075389592
4038.7886946596363,31.61433158469079,0.41685853452351607
4040.172596366334,17.211791861441665,0.42529939831988034
4041.5564980730314,19.39771497371155,0.42465947645333185
4042.9403997797285,14.880405381989139,0.429029845950078
4044.324301486426,-45.139938350777875,0.47773570591371917
4045.708203193123,-91.42784322441216,0.5132876628471799
4047.0921048998207,-36.79080231388895,0.4689425317630857
4048.476006606518,10.319686411553263,0.4290049341091997
4049.8599083132153,21.37499468388234,0.42045675510316133
4051.2438100199124,18.464727869527906,0.42321574285383495
4052.62771172661,-2.869231112981065,0.4375372737221664
4054.011613433307,-12.474175531866653,0.44349982060034254
4055.3955151400046,-20.783482430579767,0.4501499392488674
4056.7794168467017,-29.721045277703123,0.4578849959170474
4058.163318553399,-41.777266369792095,0.46375223154572254
4059.5472202600963,-11.705018298099787,0.44339552604942245
4060.931121966794,-1.1031848236206674,0.4360215989693499
4062.315023673491,-44.38005456987236,0.47170743766786954
4063.6989253801885,-76.93209707574083,0.500332525847219
4065.082827086886,-38.37597799095321,0.4661944669646622
4066.466728793583,-24.803659384876088,0.4538395305802145
4067.8506305002807,-11.837805192651967,0.4414138602103492
4069.2345322069777,28.117854964223937,0.4192418182824769
4070.6184339136753,-20.75340346139471,0.4454735065393095
4072.0023356203724,-47.47774002279079,0.46754908281560453
4073.38623732707,1.5853845814342709,0.4336971554938913
4074.770139033767,3.0584073028658523,0.43190362478805483
4076.1540407404646,-31.051401274993985,0.45568165191800436
4077.5379424471616,-50.02730954660085,0.46928174500400927
4078.921844153859,-21.11495325930175,0.4474059475738982
4080.3057458605563,12.118287678595566,0.4235898145181415
4081.689647567254,27.5494400660363,0.4136329000652835
4083.0735492739514,2.299953639094511,0.42833624590084474
4084.4574509806484,-15.747422466647999,0.44074869735044414
4085.8413526873455,-3.997427456993532,0.43093218732616506
4087.225254394043,24.927032192617816,0.41454874155119287
4088.6091561007406,33.21405159332185,0.40752602932106263
4089.9930578074377,28.923117940409067,0.4106663176056157
4091.3769595141353,14.449973746034086,0.41891123583116074
4092.7608612208323,16.313949918360912,0.4179754679607026
4094.14476292753,19.347681843118963,0.41730039596842045
4095.528664634227,-7.934835750202803,0.43508433414089354
4096.912566340924,-19.13516211220924,0.4425124239154874
4098.296468047622,-14.632293991490835,0.4409376209974103
4099.680369754319,-35.24719261956752,0.4573701474590798
4101.064271461017,-67.1464671769042,0.48437900318522487
4102.448173167713,-63.85736465502493,0.4810390972522342
4103.832074874411,-26.616450797003612,0.4483911340438694
4105.215976581108,-3.5536761190620876,0.4314127784326037
4106.599878287806,5.4012527831425725,0.4245830500695239
4107.9837799945035,10.802710088409281,0.4229983789306327
4109.3676817012,-0.20280367132785493,0.4291681395875435
4110.751583407898,-3.170332153165728,0.4299457011501936
4112.135485114595,6.7009611758628695,0.42395238316840234
4113.519386821293,27.010567282310312,0.4113404824009949
4114.903288527989,29.36567393896084,0.4093725478662168
4116.287190234687,27.852822319926965,0.4100348073187457
4117.6710919413845,12.688869299149097,0.4206936061749694
4119.054993648082,-6.6464467806506065,0.43037589557620576
4120.438895354779,11.877121826169137,0.42184164053038786
4121.822797061476,11.188391292995721,0.4201879926926929
4123.206698768174,10.561072696605283,0.4211135627115473
4124.590600474871,20.450094662712996,0.41425296370638737
4125.974502181568,13.243733632484712,0.41855897530980224
4127.3584038882655,-0.9663760365441671,0.42812693808855995
4128.742305594963,1.3970101064998026,0.428384965601164
4130.1262073016605,1.5313642844950346,0.43039846473201815
4131.510109008357,-28.505538410606096,0.44978747170972255
4132.894010715055,-43.00243420718773,0.46176451028532334
4134.277912421752,-23.16743306072569,0.4467137852842193
4135.66181412845,5.216648898271513,0.42714794149341234
4137.045715835147,14.304259836120446,0.41997378266241653
4138.429617541844,21.045810969588267,0.41617560454033653
4139.8135192485415,26.280657184339816,0.41251143338618007
4141.197420955239,14.467024065527587,0.4210327580500905
4142.581322661937,-35.70953701207896,0.4576347500451593
4143.965224368633,-57.15733383596269,0.47414155729604623
4145.349126075331,-5.492084446420449,0.43680608712260177
4146.733027782028,10.110736179437598,0.42451378858926825
4148.116929488726,8.225612279159975,0.4259397939647092
4149.5008311954225,-4.259908189181722,0.4342441448252916
4150.88473290212,-1.7712697299400277,0.4326227008713714
4152.268634608818,0.8380192923898555,0.4320638505744938
4153.652536315515,-12.457175750262877,0.44097257352524283
4155.036438022213,-15.286576962733186,0.44379743862263205
4156.420339728909,-11.033875164136315,0.44019419406190524
4157.804241435607,-9.832027354536875,0.43854068272089625
4159.188143142304,7.446037788092555,0.4282007196645175
4160.572044849002,12.790348896295528,0.4232416100560418
4161.955946555699,23.1688675351303,0.4173473178048988
4163.339848262396,30.864975229958326,0.4131816158361669
4164.723749969094,27.91463158673164,0.4148226604051324
4166.107651675791,16.533375829861356,0.42236017448695584
4167.491553382488,-1.0683424449934091,0.4336741523465285
4168.875455089185,12.348249540645707,0.42482426963347014
4170.259356795883,14.889942369818701,0.42625063450633793
4171.6432585025805,-25.512391796042213,0.4531532319907475
4173.027160209277,-38.32665342049766,0.46381522984087553
4174.411061915975,-22.14790965380967,0.45303931797567576
4175.794963622672,-11.474156911128436,0.44405932131493375
4177.17886532937,-10.197474885960572,0.4427754041416376
4178.562767036066,-4.523495601255337,0.43845683740362
4179.946668742764,3.664052092716533,0.43330624761198117
4181.330570449461,-9.042815509973298,0.44283291453920304
4182.714472156159,-14.7081974521939,0.4448030239769645
4184.0983738628565,2.296827247595553,0.43380850872462395
4185.482275569553,5.541584814839918,0.43222722142716613
4186.866177276251,-28.397445484480134,0.45550502091828177
4188.250078982948,-28.144911310708444,0.45579670579851406
4189.633980689646,3.2271062911291146,0.4337475761704358
4191.017882396342,2.2631153385806275,0.4304445780959463
4192.40178410304,14.055100866854414,0.4237303977269613
4193.7856858097375,28.437887964092003,0.41750998792185245
4195.169587516435,-4.357641606802521,0.43604760485964267
4196.553489223132,-26.051329241591496,0.4527914879445906
4197.937390929829,-37.30949029600832,0.4609263903832909
4199.321292636527,-34.62498629550498,0.45888180329178513
4200.705194343224,-19.700955439567494,0.4489183765933584
4202.089096049922,-28.270375917299436,0.45438753045023583
4203.4729977566185,-8.759702343917596,0.4396412354828635
4204.856899463316,7.774526171280545,0.4283944642272034
4206.240801170014,17.84799906412841,0.42083640130912653
4207.624702876711,29.353545554284736,0.4141351703907063
4209.008604583408,27.759032537002405,0.4149392645407615
4210.392506290105,11.617533623977405,0.4212593593429199
4211.776407996803,29.50575554714866,0.41239235865137963
4213.1603097035,32.58688443688728,0.4121822385218781
4214.544211410197,9.323652066250844,0.42898319361384596
4215.928113116895,-18.113069732129958,0.44504940317707525
4217.312014823592,6.148751131799595,0.4319701140422923
4218.69591653029,21.05579988109654,0.42132397176283326
4220.079818236986,28.706725103234092,0.41572210395670095
4221.463719943684,32.71815945026325,0.4143633267391746
4222.847621650381,7.7174341352371245,0.4295116808331644
4224.231523357079,-28.24384287989654,0.4586090534687883
4225.615425063776,-83.14302922078814,0.5120889337150335
4226.999326770473,-102.06502164187434,0.5310382729898374
4228.383228477171,-21.445216243365333,0.4611819812200743
4229.767130183868,18.973194622845305,0.41976828717057413
4231.151031890566,26.69842434509188,0.41775516575462296
4232.534933597262,6.5670973330604685,0.4299527316775343
4233.91883530396,-4.281693368182799,0.43748892046009025
4235.302737010657,-10.636666794724295,0.44369284087352073
4236.686638717355,-33.520153770223466,0.46055939114824757
4238.070540424052,-12.440750928299998,0.44591802401065406
4239.454442130749,-9.703578877773987,0.44105276522236114
4240.838343837447,12.569763922834793,0.42799938281625205
4242.222245544144,13.042502669381554,0.42386799551126475
4243.606147250841,20.843114952888953,0.4212842244917555
4244.990048957538,36.927365688619936,0.411416029701228
4246.373950664236,9.343300981348406,0.42775647391109145
4247.7578523709335,-16.594689831388877,0.44671396765901755
4249.141754077631,-37.103148712309036,0.4646118348544182
4250.525655784328,-36.765950951834654,0.4613340542219912
4251.909557491025,2.8623298348002937,0.4354993299302913
4253.293459197723,2.973611889031245,0.43455457347882565
4254.67736090442,-24.815867914069628,0.4511708896860355
4256.061262611117,3.050599666308341,0.4354899721521088
4257.4451643178145,21.04634115812544,0.42258911936061694
4258.829066024512,-18.72465469908864,0.451006405728343
4260.21296773121,-57.17578379301364,0.4812879062304344
4261.596869437906,-29.711057250132757,0.4587683103920051
4262.980771144604,26.230939832039972,0.42224199814222996
4264.364672851301,27.216760085233844,0.4174839488694936
4265.748574557999,33.17318232875804,0.4153002099820687
4267.1324762646955,16.408932205074827,0.42561714223732333
4268.516377971393,-6.749414674712449,0.4413763574107367
4269.900279678091,-24.718747088673187,0.458417037416704
4271.284181384788,-73.63609543733716,0.5009927212457596
4272.668083091485,-59.654769400914546,0.4887623930491564
4274.051984798182,-41.02303351527625,0.4711307810399377
4275.43588650488,-26.379551309782887,0.4571660483829604
4276.819788211577,20.360798051318564,0.4267441368519264
4278.203689918275,28.344203225763504,0.42094503749521145
4279.5875916249715,-1.72437406213308,0.4391001724142529
4280.971493331669,-14.468808674902967,0.4490416226213304
4282.355395038367,4.615694002355129,0.43606269677413473
4283.739296745064,5.320552805426701,0.43619197810192106
4285.123198451761,-8.470951456147898,0.44647670354379354
4286.507100158458,-22.89554023112463,0.4539336577488034
4287.891001865156,-16.370598787737883,0.45476058604369823
4289.274903571853,-47.1575880376398,0.47634845794488134
4290.65880527855,-43.69491778249163,0.47505064759664123
4292.042706985248,-6.898348982500318,0.44645134683481025
4293.426608691945,-6.162277787745909,0.44333312019842247
4294.810510398643,-14.7317642311773,0.44898318285598715
4296.19441210534,-20.159005045196317,0.4542121214089334
4297.578313812037,-51.52900619508242,0.4818553628604377
4298.962215518734,-88.28094647704297,0.5195299180524642
4300.346117225432,-94.38701709853218,0.5280995539107001
4301.7300189321295,-82.99226334478665,0.5121199154657646
4303.113920638826,-76.71167140607814,0.5023918354932098
4304.497822345524,-71.94184144206329,0.4976877926105365
4305.881724052221,-79.34523679594244,0.5057741425610435
4307.265625758919,-103.18661590523931,0.5315566041496765
4308.649527465615,-117.39016115505156,0.5513582121676792
4310.033429172313,-100.65930661419647,0.5304799474489241
4311.4173308790105,-84.0898416948342,0.5078535278504422
4312.801232585708,-53.214718848184994,0.4768696789486967
4314.185134292405,-21.06110474680162,0.4460502592668978
4315.569035999102,26.438356416823723,0.41445513125863154
4316.9529377058,59.467052868265625,0.39522472585429835
4318.336839412497,58.041185570924014,0.39404813246185216
4319.720741119194,47.753679197124235,0.4004950980195753
4321.1046428258915,36.37705699258316,0.408313961164815
4322.488544532589,3.1340980623140258,0.4300203561246976
4323.872446239287,-57.9179575929154,0.4793089823507823
4325.256347945984,-93.12217214307816,0.5078160589743264
4326.640249652681,-44.73173902768632,0.4663528972105673
4328.024151359378,26.10813152354701,0.4152486594035339
4329.408053066076,41.09073695969809,0.4027680676430103
4330.791954772773,29.554285325559416,0.4090420382513382
4332.17585647947,33.72023368025886,0.40659787653006957
4333.5597581861675,43.79999509934987,0.4016417556776941
4334.943659892865,46.75271969045579,0.4001587369266227
4336.327561599563,19.111661545824486,0.41713827962638433
4337.711463306259,-27.59654693296549,0.4501511425673156
4339.095365012957,-58.25829235264514,0.4769481387044005
4340.479266719654,-72.19803835943343,0.48851021849216625
4341.863168426352,-37.66184441679075,0.4596563190150154
4343.247070133049,-11.856632453138332,0.4353324248217308
4344.630971839746,8.826352641632726,0.42259322227225343
4346.014873546444,30.322998710181725,0.4095044367294264
4347.398775253141,27.912344118623892,0.4092187030083551
4348.782676959838,45.73321699548087,0.40020288083661454
4350.166578666535,33.246242871052715,0.4076369852603342
4351.550480373233,-19.8431472604137,0.4400574956800166
4352.93438207993,-22.302381581743095,0.4418207696527267
4354.318283786628,5.536828802146308,0.4230753421889551
4355.702185493325,14.061731792762735,0.41628262863090615
4357.086087200022,24.423321697878535,0.4096973023584304
4358.46998890672,13.526918603460302,0.4147552610800503
4359.853890613417,15.487717450019272,0.4134884768317271
4361.237792320114,45.93591943588838,0.39754938666370543
4362.621694026811,38.414272136683245,0.40073635952274583
4364.005595733509,31.530033602299206,0.40202020593547916
4365.3894974402065,50.27763971338506,0.39689238443347635
4366.773399146903,19.410087698373463,0.4095117507712742
4368.157300853601,9.6001091970777,0.4161322833162047
4369.541202560298,11.307320148896967,0.4152435201986567
4370.925104266996,12.976609455104683,0.4142389035170188
4372.309005973693,16.211896694239943,0.4135173334935539
4373.69290768039,-15.6293311174081,0.43223587973511657
4375.076809387087,-27.013559022111828,0.43927326275353573
4376.460711093785,-9.439023894186395,0.42681600454599866
4377.8446128004825,17.297393479366736,0.41134625193362223
4379.228514507179,14.661040981786893,0.41064146073028857
4380.612416213877,-2.1253312792139143,0.4218215110367383
4381.996317920574,-41.133243048988575,0.45500381814226715
4383.380219627272,-121.83015771694782,0.5221883565804515
4384.764121333968,-97.574703844424,0.5017744600660662
4386.148023040666,-29.416216521008018,0.44050790022723896
4387.5319247473635,-13.3330710905629,0.4249497293760534
4388.915826454061,-25.635570560989184,0.4328708133172403
4390.299728160759,-30.186477178024326,0.43463145982004714
4391.683629867455,-17.815568362324996,0.42766313822472535
4393.067531574153,-9.64583827351819,0.42188011185133045
4394.45143328085,-16.399891522561397,0.4251630926032249
4395.835334987547,-10.490620519651058,0.4202015910660131
4397.2192366942445,10.282254237638014,0.40853069638686634
4398.603138400942,5.602470859403764,0.41019362685393185
4399.98704010764,-20.83315369238208,0.4264554428589048
4401.370941814337,-19.41515941252457,0.4254623782651149
4402.754843521034,-9.27063361473774,0.42232636552274333
4404.138745227731,-63.368245514314445,0.457663170068638
4405.522646934429,-64.30717267231127,0.4537012472901129
4406.906548641126,-16.60656376712592,0.4229138404702667
4408.290450347823,-17.620135830943642,0.42249546622450657
4409.674352054521,0.6297177799251941,0.41248360663993944
4411.058253761218,24.1703477000626,0.39872443697594356
4412.442155467916,34.306034344205365,0.393318799914855
4413.826057174612,-1.395937802335605,0.41309008356777555
4415.20995888131,-43.465692390081955,0.43766308153080896
4416.593860588007,-23.384121320091186,0.42484716906751324
4417.977762294705,8.475031102004323,0.40577313070527427
4419.3616640014025,29.24827926795097,0.3941330453786846
4420.745565708099,25.63618366494358,0.39680637319499273
4422.129467414797,-6.469389164502524,0.41183369531741504
4423.513369121494,-8.832543653962048,0.41470019870786556
4424.897270828192,-1.0668014792817773,0.40981006581055035
4426.281172534888,-0.22984309383973378,0.4090451140248597
4427.665074241586,10.90566343208123,0.4034369379587198
4429.048975948283,12.88168157063541,0.4008070372911928
4430.432877654981,-6.586594138513862,0.4129307417878458
4431.816779361678,0.6352264167529147,0.4096745439150443
4433.200681068375,-8.1725565354314,0.4150053308556899
4434.584582775073,-35.29017795603535,0.4302709578520875
4435.96848448177,-30.647316920467883,0.4268379932386222
4437.352386188468,8.20810539462877,0.40471015606677324
4438.736287895164,31.06344067276497,0.39201123250600245
4440.120189601862,11.793334625046544,0.40128964919623533
4441.5040913085595,-17.271465415616973,0.41849904027640306
4442.887993015256,-25.905515217078822,0.42373774252557955
4444.271894721954,1.4226556531084187,0.40743762001096534
4445.655796428651,32.69862144687184,0.39066379855714
4447.039698135349,19.686865581723044,0.3962558341104591
4448.423599842046,15.735185052388513,0.39677744523439634
4449.807501548743,22.281956730319294,0.3952272195047565
4451.1914032554405,11.175200150226269,0.3996012252106021
4452.575304962138,11.16366596388418,0.4017052633077555
4453.959206668836,-25.17701013759389,0.42192178687323734
4455.343108375532,-50.19429942074554,0.43825885997423897
4456.72701008223,-36.307537485263815,0.4295504452808587
4458.110911788927,-27.610890863263638,0.4238131265067839
4459.494813495625,-32.69173052965822,0.4277903239308443
4460.8787152023215,-34.2539373723144,0.42767318787009806
4462.262616909019,-29.111272094642032,0.4249215125314983
4463.646518615717,-3.0592151676470833,0.40978575167107123
4465.030420322414,-3.6149242605431073,0.4075755706585217
4466.414322029112,-7.042775113174871,0.4084558397496179
4467.798223735808,-0.6352264167529147,0.40622430528509895
4469.182125442506,-16.14560654442275,0.4128379908878534
4470.566027149203,-9.011917295091877,0.4088362997636771
4471.949928855901,10.406592282603246,0.3984124609625786
4473.3338305625975,21.171159276595606,0.3920911009231903
4474.717732269295,21.92176042700441,0.39194072853380607
4476.101633975993,14.837087433899882,0.3941860252360627
4477.48553568269,33.51953468238491,0.3861877708965471
4478.869437389387,19.335847376291476,0.3943369306451928
4480.253339096084,-26.71038213174893,0.4172467727523978
4481.637240802782,-36.412575835190346,0.4232941328556636
4483.021142509479,-7.394702507781353,0.40767048832562286
4484.405044216177,21.397406886438816,0.39060800628258285
4485.788945922874,28.358762349241022,0.38683570238563486
4487.172847629571,21.574136464405534,0.39044484079517444
4488.556749336269,-7.466046577676287,0.40543009322472956
4489.940651042965,-15.523515236555362,0.409741248722806
4491.324552749663,2.669727813336224,0.39961589452995955
4492.70845445636,16.81239482113383,0.3927945987421977
4494.092356163058,-2.573584843843249,0.4020194257478546
4495.4762578697555,-12.85901445659329,0.40738749181646644
4496.860159576452,3.7063262132772405,0.3979632032313193
4498.24406128315,18.188679412886586,0.390571367601
4499.627962989847,20.966691841101994,0.38923448561332086
4501.011864696545,-1.4155422388773369,0.39735634657206986
4502.395766403241,14.710687308814473,0.3915325463663762
4503.779668109939,36.34814115227682,0.3808469151500247
4505.1635698166365,45.49433623818438,0.3757162113684814
4506.547471523334,37.33594492044594,0.37979065323000655
4507.931373230031,26.249135882815253,0.3841663285282723
4509.315274936728,30.23617945802431,0.3822573969857476
4510.699176643426,32.38264842360925,0.3826227734151341
4512.083078350123,15.710666882109383,0.38923399014256915
4513.466980056821,12.84369105777158,0.39027903254470425
4514.8508817635175,13.180331684751806,0.3875489559235923
4516.234783470215,13.491242884048294,0.3893657848040294
4517.618685176913,6.887175862161333,0.39295238365481905
4519.00258688361,10.281586326983371,0.39104798724138323
4520.386488590307,24.270531544499118,0.3841921447895618
4521.770390297004,18.001550936725106,0.38781384141509573
4523.154292003702,3.2765662790854364,0.3942337738083547
4524.538193710399,-7.874877230702731,0.4009485176199397
4525.922095417096,-21.57004285479026,0.40955268847593673
4527.3059971237935,-43.509404831404545,0.42112318680774014
4528.689898830491,-48.609814933786716,0.42471616886782443
4530.073800537189,-42.46209101740501,0.41993717529473135
4531.457702243886,-24.215181652538035,0.40999952465620826
4532.841603950583,-19.56227517225012,0.4066231073484527
4534.22550565728,-38.040356952950205,0.41772734482217866
4535.609407363978,-38.24410218024133,0.416262333083196
4536.9933090706745,2.3823587321911717,0.39461355304788537
4538.377210777372,21.719396961402055,0.38450334661505264
4539.76111248407,-1.4199176591671536,0.39479673032709445
4541.145014190767,-3.531095420790506,0.39579871668735045
4542.528915897465,4.76945945748552,0.3918985341571631
4543.912817604161,-0.2653092663220784,0.39466832547735
4545.296719310859,-15.622138633483743,0.40132781628335185
4546.680621017556,-12.04661035789983,0.400301644642556
4548.064522724254,-15.130698662368548,0.40268165869177186
4549.448424430951,-33.90636521309426,0.41120020961572823
4550.832326137648,-15.659460301434036,0.402740905825594
4552.216227844346,-9.648159766345582,0.3979296104160538
4553.600129551043,-13.462573795972144,0.40024083616478756
4554.98403125774,-21.959955088988462,0.4044371644260316
4556.367932964437,-15.425452263659459,0.40077817183616793
4557.751834671135,6.942407621821091,0.3893543251185572
4559.1357363778325,10.03678821427254,0.3869520213058133
4560.51963808453,11.087062113100199,0.3873993880372059
4561.903539791227,13.698126033917031,0.3861184133297934
4563.287441497924,1.1188164873545419,0.3926394966295523
4564.671343204622,-20.44206506628645,0.4036748729013174
4566.055244911319,-14.137235426655081,0.40006794244722066
4567.439146618016,6.981562049960164,0.3897990260673638
4568.823048324713,6.364843257186328,0.3890262944303068
4570.206950031411,5.865862905645032,0.39094186324763675
4571.5908517381085,-14.206290116225608,0.40046717348195904
4572.974753444805,6.6432577345612085,0.38931738150851025
4574.358655151503,25.385469322951124,0.3818786454273174
4575.7425568582,13.25909083074785,0.38589015252926046
4577.126458564898,16.00614929463113,0.3855860012929711
4578.510360271595,2.9713918937635713,0.3925404095544173
4579.894261978292,-19.700072760916846,0.40392571625637536
4581.2781636849895,-29.538272764096998,0.40858515649354066
4582.662065391687,-13.911915547372379,0.40319774319014484
4584.045967098384,-14.4011357077997,0.4010961489296444
4585.429868805081,-16.955064051169003,0.40265805272763927
4586.813770511779,-9.604280771346083,0.3987969845525854
4588.197672218476,13.238725067739258,0.38737579634617936
4589.581573925174,16.794025849939285,0.3860177495652822
4590.9654756318705,0.6340778403329546,0.3944228967992842
4592.349377338568,-13.159532340532998,0.4012064013799553
4593.733279045266,-8.57420791210873,0.39974147652771586
4595.117180751963,-16.070843108624803,0.4031405386129921
4596.50108245866,-22.687864611116893,0.4070348599921585
4597.884984165357,-13.836411717852604,0.38381451454687987
4599.268885872055,-8.305624887618608,0.36170374123514465
4600.652787578752,-12.048927624799926,0.4014840064989426
4602.036689285449,-6.81015688458279,0.3993705152914964
4603.420590992147,-0.6355767210558535,0.39621344019113375
4604.804492698844,-6.809187094967818,0.3992306760812935
4606.188394405542,1.727008166767126,0.39455193468002414
4607.572296112239,13.559315116799414,0.387931194471234
4608.956197818936,26.42023993754986,0.38276513107777504
4610.340099525633,18.370958656159694,0.3853972261023369
4611.724001232331,3.6357911718112246,0.39325044586470476
4613.1079029390285,-0.7374098032320087,0.39510809508378714
4614.491804645725,6.122132314039485,0.3917174050753235
4615.875706352423,13.673042856400638,0.38775702360032144
4617.25960805912,10.52425508765225,0.38839276633643793
4618.643509765818,12.625773679458227,0.388946601150127
4620.027411472514,10.070248113418948,0.3883023559538204
4621.411313179212,19.650719062697544,0.3843604321557935
4622.795214885909,15.411407014105754,0.38726221632648294
4624.179116592607,13.628761724483338,0.38764380606423127
4625.5630182993045,9.688901517016268,0.38979087302469506
4626.946920006001,16.03985382611217,0.3867680747440841
4628.330821712699,17.290011977265436,0.38651410668645
4629.714723419396,13.620462997119455,0.38747841359971574
4631.098625126093,24.103084014687717,0.38359284398928295
4632.48252683279,16.359300514975196,0.3866564385320811
4633.866428539488,6.226193431987738,0.39105579784432115
4635.2503302461855,9.210438126466562,0.39065250372604987
4636.634231952883,3.8467790122166496,0.39287895867363765
4638.01813365958,-8.962066266254794,0.4007391018144875
4639.402035366277,-16.3086776715266,0.40365740045245196
4640.785937072975,0.8587521603833548,0.39615291320438023
4642.169838779672,11.83284760842838,0.3900300101990017
4643.553740486369,3.7970522513878464,0.394145342739846
4644.9376421930665,-12.32809608421843,0.40267550510791605
4646.321543899764,-27.071441457111714,0.4117203261508298
4647.705445606462,-34.25979732960578,0.41577757644318775
4649.089347313158,-19.011332916818116,0.4067155156102971
4650.473249019856,0.35039115665736187,0.39634550049092604
4651.857150726553,5.791714770944711,0.39270547320763854
4653.241052433251,4.414173202628902,0.39373198209911003
4654.624954139948,-5.803635484819889,0.3989868825788796
4656.008855846645,-11.227963493898054,0.4006865303944183
4657.392757553343,2.0864714151588695,0.3938914573687422
4658.77665926004,21.5131085321084,0.3846121627499012
4660.160560966738,27.384770975567335,0.38054676189020026
4661.544462673434,17.03168698600738,0.38650508729000715
4662.928364380132,1.383864395861278,0.39388606512991114
4664.312266086829,-11.416723792132679,0.40082808912241796
4665.696167793527,-23.447158705278696,0.4099678997274731
4667.0800695002235,-61.10797280154559,0.43121580002284843
4668.463971206921,-51.82872122063537,0.4256349196841027
4669.847872913619,-15.486818346951159,0.40339492697648227
4671.231774620316,2.664123264993696,0.3934600735106629
4672.615676327014,-7.41112181315785,0.39738655272946244
4673.99957803371,-9.276476191020173,0.39803723804060864
4675.383479740408,7.558056300561627,0.3892230432024523
4676.767381447105,13.353242846493504,0.38754594591547226
4678.151283153802,-9.420680457179037,0.39722195735621607
4679.5351848605,-24.55453280887972,0.40620015147066674
4680.919086567197,-22.23758454445819,0.4045906500955085
4682.302988273895,-13.624009675908793,0.40026356098930865
4683.686889980592,-0.5863331060297456,0.3940831735265407
4685.070791687289,-3.3399323286760625,0.3941201330963379
4686.454693393986,0.9704194300094369,0.3928586761301452
4687.838595100684,-3.1344365932375524,0.3943481170170501
4689.2224968073815,-6.516974396267644,0.39695551338725527
4690.606398514078,-11.485714054507099,0.3993647086751855
4691.990300220776,-12.867830835751052,0.4004314469710654
4693.374201927473,-7.4955071923797965,0.39784603358762827
4694.758103634171,2.078936237486308,0.3927147851342413
4696.142005340867,3.37834635354561,0.3931193208718608
4697.525907047565,-8.712041535827208,0.399034613280505
4698.9098087542625,-24.113331170543645,0.40693519076925777
4700.29371046096,-22.728576808940876,0.40741471572488264
4701.677612167658,-26.852331154145897,0.4108623980703792
4703.061513874354,-45.146917148103846,0.41893330489905567
4704.445415581052,-23.167130477174798,0.40987892132763093
4705.829317287749,-11.121416248177612,0.4009603415913668
4707.213218994447,-16.795699246024263,0.4043489182857768
4708.5971207011435,-26.64162614396412,0.40893708409381196
4709.981022407841,-13.399036337849658,0.4019350837360854
4711.364924114539,-2.436671558402276,0.3954747633427645
4712.748825821236,-3.9348336053981665,0.3963766323919248
4714.132727527933,-21.867544137081268,0.4054478992581287
4715.51662923463,-13.912845649422195,0.40075168582708776
4716.900530941328,10.127574864745155,0.3889236557778807
4718.284432648025,17.201385064735955,0.3143615377751215
4719.668334354723,27.939386302810874,0.29202168370814624
4721.0522360614195,26.101694176231998,0.3803781803024675
4722.436137768117,12.739674960928326,0.3853593816464127
4723.820039474815,15.814938174380698,0.38452553683790897
4725.203941181511,20.11146675181864,0.3825192224376707
4726.587842888209,3.9581729409931423,0.39077357393309836
4727.971744594906,-19.75652517351957,0.4025079702835814
4729.355646301604,-25.801040291894424,0.40641519737197107
4730.739548008301,-27.073351272141792,0.406826621522981
4732.123449714998,-8.337048589565548,0.396735934920001
4733.507351421696,0.1195691313267937,0.39160288234700724
4734.891253128393,2.5168159790626703,0.39103248791661827
4736.275154835091,-15.506625344615859,0.3995857629156878
4737.659056541787,-11.160866924787173,0.39721269442380336
4739.042958248485,6.542950898543233,0.3897232585340222
4740.426859955182,-4.833512878161221,0.39284326832896743
4741.81076166188,1.4758784132922096,0.39045386944269445
4743.194663368577,12.639217513032415,0.38648863379324566
4744.578565075274,3.607490196933748,0.38918457182533217
4745.962466781972,8.714545357177704,0.38693327463034227
4747.346368488669,19.01869285762114,0.38286643670434994
4748.730270195367,10.276580452994137,0.38573534321646946
4750.114171902063,10.166609126125577,0.38699623437072744
4751.498073608761,6.179073835013076,0.38823921370886577
4752.8819753154585,-2.9282170767190765,0.3930241984279059
4754.265877022156,-11.906128871907594,0.39725244791197034
4755.649778728853,-14.86380916172735,0.3989247279151008
4757.03368043555,-6.52509381965713,0.3942797635388562
4758.417582142248,3.846715524053728,0.38868369960966537
4759.801483848945,13.034413814112813,0.3846382470550008
4761.185385555642,3.461385261558129,0.38966097311757525
4762.5692872623395,-18.945844399239036,0.4003983549518493
4763.953188969037,-16.83674882279627,0.3999580474741364
4765.3370906757345,-23.711184366992782,0.4031333114367576
4766.720992382432,-23.866026097709135,0.4028553895740898
4768.104894089129,-4.810938926057702,0.39301742466650225
4769.488795795826,13.000933078981625,0.38465851688571306
4770.872697502524,5.656255065849706,0.3875740837017607
4772.25659920922,-6.1816677198606556,0.3919372879140423
4773.640500915918,7.156812985913108,0.3864294040543191
4775.0244026226155,14.664631251955171,0.38230859980865617
4776.408304329313,11.947297076464348,0.38327490824411103
4777.792206036011,20.470368699116502,0.37970091911440995
4779.176107742707,16.450262594211924,0.3811022962867044
4780.560009449405,18.699078016400392,0.3804349364800971
4781.943911156102,15.981259876546712,0.3820015865660769
4783.3278128628,0.8205930683110505,0.3890293849298948
4784.7117145694965,4.6570841668222105,0.38780272434992624
4786.095616276194,-2.903659638300034,0.39163543271319234
4787.479517982892,-3.9832017725456605,0.39253782710230845
4788.863419689589,-3.317093556125606,0.39216477269805966
4790.247321396286,-0.33302083623183965,0.3901313712220532
4791.631223102983,1.5197266995266983,0.389413210710618
4793.015124809681,10.453498387781423,0.383240206864882
4794.399026516378,31.86366108803342,0.3752532499295166
4795.782928223076,31.86471718922006,0.3741980844271297
4797.166829929773,21.839357452589315,0.3778790943760054
4798.55073163647,-0.8873422651330296,0.39017043473889657
4799.934633343168,-8.584690801306758,0.39304530169627466
4801.318535049865,4.2872179547177325,0.3879370328469241
4802.702436756562,14.43038332037352,0.38265960805561744
4804.086338463259,7.529611086249011,0.386186834753359
4805.470240169957,1.387656417323973,0.38858358729403
4806.8541418766545,0.9355289183660194,0.3896405423036301
4808.238043583351,-8.440279367781852,0.3936256765309737
4809.621945290049,-0.2842404414959514,0.39097970381254904
4811.005846996746,10.073594697672302,0.38484594681508283
4812.389748703444,10.72131167253382,0.3848576056742964
4813.773650410141,7.589378016630862,0.3858171091929661
4815.157552116838,18.52368335088767,0.38088459557073207
4816.541453823535,24.447030516206816,0.3781282106335134
4817.925355530233,20.765033804139026,0.3796148380462452
4819.30925723693,21.245602952355206,0.37962286232418774
4820.693158943627,19.749698052006156,0.380103494857276
4822.077060650325,8.689218446341545,0.3860350076995791
4823.460962357022,-10.18196574915081,0.39273730249259803
4824.84486406372,-6.578321630189698,0.38851172829871494
4826.228765770416,11.335719876183472,0.38496865651633766
4827.612667477114,7.304695448603815,0.38665537267697636
4828.9965691838115,-1.7447016728160314,0.3902116415390538
4830.380470890509,-1.2214798898415582,0.39110973780406455
4831.764372597206,-4.927084452643445,0.39248647972855416
4833.148274303903,-4.327982306644609,0.3918459070299795
4834.532176010601,7.140952228748061,0.38711363595002557
4835.916077717298,5.670014223456604,0.38699239662164064
4837.299979423995,5.347287957437384,0.38797811028768975
4838.6838811306925,-5.364331830593603,0.39274771403146874
4840.06778283739,-15.593609943331314,0.3980006290293151
4841.451684544088,-8.92569620755842,0.3948704945740888
4842.835586250785,-7.051055408741495,0.3933407062481912
4844.219487957482,-5.41417418685236,0.3922181943743676
4845.603389664179,8.725438706818018,0.38560708025361656
4846.987291370877,3.936546162143929,0.38778859065118815
4848.371193077574,-9.250498509925519,0.394227880310031
4849.755094784271,-4.791962817339486,0.3925843259642194
4851.138996490969,0.9670943066096611,0.3897380999369217
4852.522898197666,-3.829083772136685,0.39204642636896264
4853.906799904364,-11.722051277458528,0.39717234265263945
4855.29070161106,-35.50785182581126,0.40795433087240957
4856.674603317758,-34.745383432670685,0.41005516784081597
4858.058505024455,-37.27179017711334,0.41358653788687455
4859.442406731153,-71.84588479197988,0.4400253129289303
4860.8263084378505,-128.0712077331372,0.4778278078276452
4862.210210144547,-114.3610824063174,0.46954102652327073
4863.594111851245,-70.21805028259222,0.43628230135000284
4864.978013557942,-40.60341771439141,0.4143751649244672
4866.361915264639,-23.15364036146714,0.4046860088615952
4867.745816971336,-17.01922078903624,0.4006871896082672
4869.129718678034,-21.7549078184337,0.40389280891971
4870.513620384731,-44.411271918711485,0.4174733908845375
4871.897522091429,-67.56510534623627,0.43125107670262935
4873.281423798126,-42.01271644522387,0.4173026252102049
4874.665325504823,-16.698860494403654,0.4017165188389941
4876.049227211521,-15.082361649141209,0.40115111888209637
4877.433128918218,-10.657316961125781,0.3987607432556817
4878.817030624916,-0.17770125893810484,0.39341537361762047
4880.200932331612,7.144102340251244,0.3896811725541292
4881.58483403831,-2.6936237852907183,0.39439538979788075
4882.9687357450075,-1.961583075019,0.39435620383296527
4884.352637451704,-5.222554678072158,0.3977564913258054
4885.736539158402,-24.77744801530852,0.407404435306095
4887.120440865099,-26.695895095557205,0.4088052560776598
4888.504342571797,-19.02500306278334,0.4061128926253491
4889.888244278494,-34.59773026471903,0.41468460347450303
4891.272145985191,-56.00974430582831,0.42597037037976315
4892.6560476918885,-23.04155646805762,0.4077408214377304
4894.039949398586,18.813954461445,0.38667048756402445
4895.423851105283,30.306570930543025,0.3800411704464797
4896.80775281198,26.646247793004985,0.38070736801684857
4898.191654518678,23.096328799288894,0.38320556934294514
4899.575556225375,18.216075472849226,0.3853269550861547
4900.959457932073,18.55526444075715,0.38542254156159
4902.3433596387695,15.580110184270179,0.38702449106220516
4903.727261345467,4.008150471723622,0.392425819272729
4905.111163052165,14.879517029011762,0.38746910792869993
4906.495064758862,25.256766710610837,0.382766707472182
4907.87896646556,11.988082648285792,0.387184148478784
4909.262868172256,-2.0034656051142643,0.3967523722055396
4910.646769878954,-22.57437971214522,0.4077525622202288
4912.030671585651,-7.367575491923653,0.39978590349648546
4913.414573292348,13.143942071004652,0.3889308744973421
4914.7984749990455,24.05017894937939,0.3832149422022768
4916.182376705743,21.668659100857614,0.3851166942136693
4917.566278412441,-9.731864463546987,0.4024627189677293
4918.950180119138,-55.35806700105394,0.43002597566898404
4920.334081825835,-69.22412936884241,0.43741001431620835
4921.717983532532,-37.26615398622733,0.41840029732889306
4923.10188523923,-16.234234048858514,0.4050007626595739
4924.485786945927,-12.522953493638163,0.40264780707876235
4925.869688652625,-1.0210684714971316,0.39545219183718533
4927.253590359322,16.912940461534085,0.3897604914018239
4928.637492066019,13.128557843260667,0.38784307289073455
4930.021393772717,18.096286436943537,0.38663549070648007
4931.405295479413,12.289354666048046,0.3891787850925747
4932.789197186111,-2.9089858252171172,0.3975894355977996
4934.173098892808,-21.984490619470396,0.4033856764595057
4935.557000599506,-1.8288635689332828,0.3969145853915505
4936.9409023062035,-13.720162721565412,0.4029595406538087
4938.3248040129,-38.41052134610746,0.4157501966729421
4939.708705719598,-30.58996040070058,0.41265336887976733
4941.092607426295,6.750137309824295,0.3938767718006873
4942.476509132992,19.90171601996083,0.3869876025219691
4943.860410839689,23.299776422923753,0.386002542722729
4945.244312546387,13.061815585180003,0.3905115809210273
4946.6282142530845,6.981448267506369,0.39390364773061187
4948.012115959782,21.29285459434881,0.3871084498593936
4949.396017666479,28.057432711992707,0.3839894041749
4950.779919373176,23.715925633925956,0.3856470239146141
4952.163821079874,20.830555557486726,0.3873200136063268
4953.547722786571,17.014409531310157,0.38898577411748636
4954.931624493269,9.111252771736293,0.3940975192988422
4956.3155261999655,-20.0234437634673,0.41132265240612154
4957.699427906663,-52.71064729493037,0.43031094169956846
4959.083329613361,-14.917959750263126,0.40801729134252696
4960.467231320057,29.612109257956966,0.38405471537983343
4961.851133026755,29.570120449806982,0.38265815266822106
4963.235034733452,27.72179636727067,0.38374634441501215
4964.61893644015,12.878222248681384,0.39113893902350355
4966.002838146847,0.0,0.39718810123702625
4967.386739853544,-2.2104535518888246,0.3994452737809006
4968.7706415602415,-2.3594079608114837,0.399382637304449
4970.154543266939,-0.5943764222069365,0.3982933402024278
4971.538444973637,6.177273889788431,0.39485590119721015
4972.922346680334,18.22763624790751,0.38858209221123496
4974.306248387031,23.114732202112414,0.3862409862553719
4975.690150093728,19.674164972993594,0.3875697717397962
4977.074051800426,12.982413301774761,0.39121916759759234
4978.4579535071225,-1.751462216117579,0.39772388132174835
4979.84185521382,-3.2761305151319577,0.40005962134333983
4981.225756920518,-8.897149016091564,0.40546452236832004
4982.609658627215,-36.41898810672865,0.42061322651977406
4983.993560333913,-41.784448021586606,0.425148490093417
4985.377462040609,-20.619058280667854,0.41182821251945695
4986.761363747307,10.494752088501684,0.397027238204417
4988.145265454004,21.629316476286437,0.39018793996817086
4989.529167160701,13.189701959295927,0.39391745519746196
4990.913068867399,8.525403332253301,0.3961059799339064
4992.296970574096,7.398281835335481,0.39742974647589596
4993.680872280794,8.517449382392165,0.3957025881622301
4995.064773987491,13.921399453413716,0.3933234633654581
4996.448675694188,18.500298687891675,0.39024029411784367
4997.832577400885,17.499585968128386,0.3915264241142126
4999.216479107583,-2.0654405737925408,0.39814732081071647
5000.6003808142805,-15.902408929108725,0.40777353546660805
5001.984282520978,-19.16147068358304,0.4091785085361009
5003.368184227675,-15.569678555425915,0.4076328614914032
5004.752085934372,-18.774788490348975,0.4109263602405995
5006.13598764107,-45.10735804302825,0.4250630064230395
5007.519889347766,-27.33438548887508,0.4161969553866612
5008.903791054464,2.441880329589752,0.3991987346840473
5010.287692761161,2.6309942209263317,0.3984945876146428
5011.671594467859,-18.984900666177122,0.41031292344274484
5013.0554961745565,-39.22833268854078,0.42216225201252394
5014.439397881253,-40.89910785954376,0.4242474956206906
5015.823299587951,-27.404250078686015,0.41575983838643654
5017.207201294648,-28.18218121070121,0.41631104844176336
5018.591103001346,-33.390301242770526,0.41922610518582504
5019.975004708043,-17.914995993944615,0.41093637563044827
5021.35890641474,-11.519074122345478,0.4072172567658697
5022.7428081214375,-13.32705064577708,0.4083376409643044
5024.126709828135,-6.451116160271203,0.4045965658509264
5025.510611534832,-0.4270220320313127,0.4017446311674536
5026.894513241529,-12.1974859739082,0.40768613281775995
5028.278414948227,-8.008922351384886,0.40534944303810405
5029.662316654924,7.992036473963811,0.39721721413003547
5031.046218361622,14.764971856479587,0.3933611762901484
5032.4301200683185,20.85026434104241,0.3902181964235342
5033.814021775016,23.981303366936345,0.3894519318361193
5035.197923481714,1.678655434110051,0.4007718198052602
5036.58182518841,-14.027954281413933,0.4085603603613793
5037.965726895108,-9.702768520205879,0.40790487218227656
5039.349628601805,-25.002540980262015,0.4181063804933769
5040.733530308503,-55.69593808573449,0.43581563003280877
5042.1174320152,-46.454247205260955,0.4304661416138136
5043.501333721897,-4.394217097335748,0.4054701666424983
5044.885235428595,20.24618534408464,0.3917468244929564
5046.269137135292,26.41260666321145,0.38835578874620996
5047.65303884199,9.047268407196157,0.3970398855601382
5049.036940548687,-17.998339274951057,0.41042804183993925
5050.420842255384,-15.973239491185282,0.41009075880898815
5051.804743962081,-9.508694443525373,0.40742229631928645
5053.188645668779,-3.0387025689966674,0.4029446723402536
5054.572547375476,16.000837324508236,0.3939781150429413
5055.956449082173,20.77651130131178,0.3910175353067418
5057.340350788871,17.472831283060096,0.3925296345897629
5058.724252495568,17.851406716595605,0.392418527435198
5060.108154202266,20.218657802186563,0.3906768295596342
5061.492055908962,27.863144160914814,0.38743589565137687
5062.87595761566,28.427184743680396,0.3876071740560068
5064.259859322357,5.612212952685188,0.3984895607518388
5065.643761029054,-10.571814597097772,0.4061611381165156
5067.0276627357525,-2.5328013055678493,0.4031930031587682
5068.411564442449,-0.5426812782919264,0.4023042003642009
5069.795466149147,11.62560689605723,0.39639418647151714
5071.179367855844,14.087150406564321,0.39585082930599214
5072.563269562541,-1.2754943991290357,0.40306756832342605
5073.947171269238,0.5825716806270158,0.40264689063634473
5075.331072975936,5.8365844942373215,0.3999299269967328
5076.7149746826335,14.240569687230867,0.39561849235447527
5078.098876389331,12.462807509644044,0.39783551514179505
5079.482778096028,-21.174353679603563,0.41583523430217556
5080.866679802725,-30.478410042813117,0.42149196903265695
5082.250581509423,-9.694565059235936,0.41025012779586995
5083.634483216119,-4.567780338766287,0.4064622458688199
5085.018384922817,7.587518887445773,0.39961440392660963
5086.4022866295145,25.387598921499723,0.391031534364673
5087.786188336212,14.96721379931117,0.39590532237089704
5089.17009004291,12.728912102907202,0.39738354213072036
5090.553991749606,16.15786523253599,0.3958044799254564
5091.937893456304,22.155231960593774,0.39293787352083026
5093.321795163001,29.11747673357793,0.38908351496485377
5094.705696869699,30.172324937177244,0.38904643782318526
5096.089598576396,12.913561059539372,0.3983192707853831
5097.473500283093,-13.356162044136628,0.41310225302750997
5098.857401989791,-30.557920775579365,0.4230401313901414
5100.241303696488,-11.129729102295753,0.41165806231527885
5101.625205403185,14.965428628179334,0.3974277229975598
5103.009107109882,16.665131742545267,0.39621637831691586
5104.39300881658,11.39026351049205,0.3999213544987045
5105.776910523277,6.999065308185821,0.4022454787995994
5107.160812229975,-1.507278087819028,0.4071748485977925
5108.5447139366715,-8.312779448521578,0.4112748827929812
5109.928615643369,-7.97195443421468,0.41036372757201545
5111.312517350067,3.464850306873574,0.4043313500297989
5112.696419056763,16.803399453444165,0.39630232633582385
5114.080320763462,20.67419163782665,0.3944304775601388
5115.464222470158,12.729460378581992,0.39776196020760407
5116.848124176856,22.1700188947435,0.39357831555607303
5118.232025883553,28.619140132833053,0.3895319297747498
5119.61592759025,29.563761284888145,0.3902587081810134
5120.999829296948,17.59646887214794,0.3957029479137386
5122.383731003645,5.905323214207559,0.40277340362270264
5123.767632710343,-8.56013939604101,0.4112797798472624
5125.15153441704,-20.88138478371285,0.41814918196987216
5126.535436123737,-13.217910972190875,0.4138818607532868
5127.919337830434,-7.625413801393334,0.41060286417800934
5129.303239537132,-8.72204907257096,0.4105642931268554
5130.687141243829,-5.408733652726731,0.4080791687912931
5132.071042950526,3.849816000236741,0.4032945243998689
5133.454944657224,1.3483406911416003,0.40345491606966105
5134.838846363921,7.55815739501441,0.40030216794570905
5136.222748070619,11.836304642837598,0.3986294496418391
5137.606649777315,-6.5591439611296085,0.40869968620884417
5138.990551484013,-22.25183947243805,0.41724114821836056
5140.3744531907105,-14.504749879682075,0.41345405009641056
5141.758354897408,-9.656573612164264,0.4109330646203869
5143.142256604106,-22.368151429099584,0.417314689901531
5144.526158310802,-2.8838346447971315,0.4067821107856155
5145.9100600175,-4.469952682215197,0.40776341602003996
5147.293961724197,-14.492176519038972,0.41269116201773937
5148.677863430894,-14.082731290207546,0.41384919447306634
5150.0617651375915,-0.704514646827608,0.4054369370826766
5151.445666844289,-7.1733926722398405,0.4097473112993833
5152.829568550987,-10.829852333510699,0.4115001335581201
5154.213470257684,-11.451264908119347,0.4118238353443035
5155.597371964381,-1.285200814846375,0.40488195101108065
5156.981273671078,5.468315238726387,0.4029551224111476
5158.365175377776,8.940205106426852,0.39884594459759076
5159.749077084472,13.997700024706585,0.3975072362883473
5161.132978791171,5.449290157598391,0.4019648187684515
5162.5168804978675,-10.683741336123214,0.4108940124299461
5163.900782204565,-21.913822608056577,0.41832962197943374
5165.284683911263,-42.91413260504138,0.434099535213174
5166.668585617959,-87.60955153028534,0.46819586162053184
5168.052487324657,-109.08035623000916,0.4858701695558103
5169.436389031354,-71.66623543958944,0.4554716090174314
5170.820290738052,-59.99102323242923,0.449274546388119
5172.204192444749,-107.38734686074098,0.48538675836480377
5173.588094151446,-101.51891132089298,0.4798117671860835
5174.971995858144,-27.3864613488618,0.4253468466701933
5176.355897564841,3.711004413087034,0.40394741860445155
5177.739799271538,3.8361945857167328,0.4013315553750997
5179.123700978235,2.8836159394929064,0.40206310354409525
5180.507602684933,-10.502661151165585,0.41108779586772537
5181.89150439163,-57.09635049672871,0.4435479181370671
5183.275406098328,-120.95561325756208,0.49956460713467404
5184.659307805025,-116.60849206019594,0.48985919471694156
5186.043209511722,-43.37288451449492,0.4350406569788857
5187.42711121842,-7.825751755402312,0.41004288681165246
5188.811012925117,-6.241527163064044,0.40736339988077663
5190.194914631815,-2.5238054990905887,0.4055575163303367
5191.578816338511,-26.294071978761604,0.4214508878582731
5192.962718045209,-44.52766904516871,0.4276583734598201
5194.3466197519065,-16.698553600079656,0.41458326723254724
5195.730521458603,-19.2002467559063,0.4140995119149524
5197.114423165301,-17.05503605930963,0.4120774463669778
5198.498324871998,-4.503294565485497,0.4050988423808877
5199.882226578696,4.913928581272152,0.399371306870862
5201.266128285393,11.729937061966044,0.39609005487314325
5202.65002999209,2.9983747435340278,0.40054998235645367
5204.0339316987875,-8.988268826185285,0.4080701865010034
5205.417833405485,-27.66048170167916,0.41882269358147567
5206.801735112182,-35.15695023315595,0.42328897396183673
5208.18563681888,-34.259621509763974,0.4229314217134151
5209.569538525577,-25.205248559218898,0.41676819038231083
5210.953440232274,7.322748634892207,0.398649059140483
5212.337341938972,17.75654925842593,0.39350559467974394
5213.721243645668,9.219719271325992,0.39731180917513104
5215.105145352366,-9.872795389870696,0.40837164756269956
5216.4890470590635,-20.46553232979582,0.4145211414315181
5217.872948765761,-10.842131312514232,0.40812565091260056
5219.256850472459,7.090008211701255,0.4000157187660966
5220.640752179155,15.543863718861148,0.393502992825164
5222.024653885853,12.1081005116995,0.39647402346423777
5223.40855559255,1.203237489031678,0.40229792744476134
5224.792457299247,-19.25877868332516,0.41487199685965853
5226.1763590059445,-48.26041743666184,0.43383747378032794
5227.560260712642,-56.803859029227944,0.43850071668007323
5228.94416241934,-16.2983932036641,0.4136578158505255
5230.328064126037,-0.025815612615454064,0.40323297679738435
5231.711965832734,-5.1697349747597725,0.40625874124880934
5233.095867539431,-21.662141284150735,0.41529426805268277
5234.479769246129,-19.337054059724267,0.41367519286552057
5235.863670952826,-3.9383548568861317,0.40488743202392863
5237.247572659524,8.72687570535264,0.39747769637988006
5238.631474366221,20.29520325795504,0.39109791492759444
5240.015376072918,19.150067988180965,0.3923349734339156
5241.399277779616,16.935526730979834,0.39330972457348506
5242.783179486312,11.3625439312084,0.39679445613376696
5244.16708119301,17.814899380379238,0.3934705918478941
5245.550982899707,25.481103885268027,0.38983522836858814
5246.934884606405,12.122457701542423,0.39666458502964347
5248.3187863131025,2.2634622849812978,0.402317875147876
5249.702688019799,-3.0215360580216064,0.4054073703326214
5251.086589726497,-5.0497901628847375,0.40635687020841826
5252.470491433194,2.982145545839704,0.40198320751413
5253.854393139891,2.4343437425738683,0.4019070926584187
5255.238294846589,-0.6293259685109334,0.40306763082978186
5256.622196553286,10.57608590912321,0.3965106473728608
5258.006098259983,26.290354754293773,0.38878590329227997
5259.389999966681,22.852130357364004,0.3903178493467442
5260.773901673378,5.034125299285684,0.39996536540567357
5262.157803380075,-17.518775072142972,0.41327202544457137
5263.541705086773,-42.12052610332174,0.4287027115546085
5264.92560679347,-56.063844378498636,0.43873800423772413
5266.309508500168,-64.6728173067231,0.44238537121577653
5267.693410206864,-42.67575851046976,0.4335865081065072
5269.077311913562,-62.824442189019074,0.44091899114011907
5270.4612136202595,-70.80979015703187,0.4495515041113763
5271.845115326956,-32.452216000808725,0.4242385407130445
5273.229017033654,-12.240766734017981,0.4108509684262565
5274.612918740351,-21.503972672983416,0.4142601339675608
5275.996820447049,-19.09732681495472,0.41302137038987885
5277.380722153746,5.264878278300315,0.4003345126704313
5278.764623860443,19.212924792100395,0.3928055312849703
5280.1485255671405,7.474448434496878,0.3984341284963885
5281.532427273838,-7.253870899997402,0.4063176723820956
5282.916328980536,-20.30377157030656,0.4133802709723461
5284.300230687233,-19.895800890156114,0.41306934531919864
5285.68413239393,6.315187555544823,0.39905420922279355
5287.068034100627,29.089306342919073,0.3882236226705193
5288.451935807325,28.532303710247263,0.38652337710455614
5289.8358375140215,30.452892394353597,0.3856959325424751
5291.219739220719,31.62352989500553,0.38550264028077086
5292.603640927417,24.07202082776259,0.38895576478146693
5293.987542634114,17.587761035913125,0.39190924830674573
5295.371444340812,18.537873475476445,0.39359864149203877
5296.755346047508,-1.6642613100835182,0.40294263504283634
5298.139247754206,-22.061551800894556,0.41396410120593063
5299.523149460903,-9.58748577106711,0.40779325136651
5300.9070511676,5.151082014830308,0.40042814361012763
5302.2909528742985,5.850484030890982,0.39879455098116284
5303.674854580995,14.704306669072496,0.3940581182389325
5305.058756287693,31.022975657356564,0.38677995536317705
5306.44265799439,30.03800548657913,0.3858969079139225
5307.826559701087,21.198859752959898,0.39062233574976246
5309.210461407784,27.96903327445441,0.3863881564898443
5310.594363114482,34.1924293552547,0.3843490430748903
5311.978264821179,32.13482314462617,0.3849516300646245
5313.362166527877,26.30222915205701,0.38745711096645996
5314.746068234574,17.97217999064985,0.3920778733400781
5316.129969941271,7.404376926744475,0.3968976788407908
5317.513871647969,5.356704529769878,0.3977317858038515
5318.897773354665,23.13390936518624,0.38944210099705956
5320.281675061363,17.765127702528364,0.3918977091322763
5321.66557676806,11.382602958696607,0.39489637127617017
5323.049478474758,-3.6631955736340664,0.40384343161585073
5324.4333801814555,-18.99636490159154,0.4113526038839509
5325.817281888152,-11.999481609755145,0.40977351178656884
5327.20118359485,-34.01327665866127,0.42108660240465345
5328.585085301547,-64.01331826874164,0.44373660047464675
5329.968987008245,-38.392246724270336,0.4227140915407046
5331.352888714942,4.832261637359071,0.3999434791697984
5332.736790421639,8.928118081774844,0.39530550122960484
5334.1206921283365,8.62051234077348,0.39483887199711953
5335.504593835034,15.215512116723533,0.39125427183558137
5336.888495541731,16.091117206896016,0.3905959579576942
5338.272397248428,13.827198757753512,0.39256777142899396
5339.656298955126,-6.940666394451748,0.4043907173682399
5341.040200661823,-22.217657148778393,0.41200079605455203
5342.424102368521,-5.365774687561064,0.4028543422594837
5343.8080040752175,8.026588677616681,0.3954348577736545
5345.191905781915,3.5516051402858597,0.3973121625153646
5346.575807488613,-0.04285206534949282,0.39953392539253474
5347.959709195309,-4.635340008857234,0.4022137106453262
5349.343610902008,-9.95644617543229,0.40389059600973903
5350.727512608704,1.8406393041516256,0.3990796379659528
5352.111414315402,14.302012253785561,0.3919967606271231
5353.495316022099,14.951917070311934,0.3907344906454901
5354.879217728796,20.311609427669197,0.3883360301137556
5356.2631194354935,26.59742274340597,0.3853330473120612
5357.647021142191,28.765661276433974,0.38412031415730347
5359.030922848889,25.644006833808625,0.3856764888927898
5360.414824555586,21.53047250178917,0.3875939394011963
5361.798726262283,14.76014206843732,0.3911544535209853
5363.18262796898,2.8425405428157973,0.397492191083122
5364.566529675678,-6.956934308825554,0.40262527321196623
5365.9504313823745,-11.269845862789335,0.4053569368794187
5367.334333089072,-10.816113144766861,0.40518206904522924
5368.71823479577,-13.088466098055708,0.4079998266633148
5370.102136502467,-36.71257956291206,0.4206252255086809
5371.486038209165,-44.59960226976943,0.42468669039036944
5372.869939915861,-16.66193507103265,0.40908273234643977
5374.253841622559,13.272478788072384,0.3927705119692011
5375.637743329256,21.65455878621901,0.38781309354208804
5377.021645035954,16.209406914778597,0.3905595940547988
5378.4055467426515,5.94822728078166,0.39542016023600696
5379.789448449348,6.80484838879779,0.39522867631777187
5381.173350156046,3.729549774221782,0.397142944676646
5382.557251862743,-3.8785093855639845,0.40161881517613035
5383.94115356944,-9.078803287062787,0.40379925150700025
5385.325055276137,9.583284652462439,0.39401502522279624
5386.708956982835,12.435794223280357,0.3933447694662388
5388.0928586895325,3.795260036200223,0.3970816794036503
5389.47676039623,-3.4272134565309695,0.40157628119023187
5390.860662102927,-11.277457481832927,0.4059092882677053
5392.244563809624,-16.422152110820463,0.4088028272567979
5393.628465516322,-17.51283820281896,0.40904203522687915
5395.012367223018,-11.712250507193076,0.4063885792838424
5396.396268929717,-15.047424008650442,0.40874917343580225
5397.7801706364135,-34.98911481035025,0.41831883814944076
5399.164072343111,-13.677168847576477,0.4081586631580961
5400.5479740498085,-7.748763409488859,0.4029526977694847
5401.931875756505,-4.34931843118643,0.40260091509840956
5403.315777463203,-14.173359685087107,0.4080646555005241
5404.6996791699,-36.05564005298993,0.42068717644186143
5406.083580876598,-43.66219434112516,0.4243849490196915
5407.467482583295,-21.180406841575994,0.41395317284387206
5408.851384289992,-18.18404376264756,0.4096696454265231
5410.2352859966895,-27.500405685542844,0.4147770347566156
5411.619187703387,-18.886774002023945,0.40957334710729515
5413.003089410084,-3.785323374379849,0.4022717886491816
5414.386991116781,-5.690665771343063,0.40252845808599624
5415.770892823479,-7.937088515505149,0.4030673528614928
5417.154794530176,2.9132107999222905,0.3978144240584299
5418.538696236874,5.4515670773877645,0.39677384634511775
5419.9225979435705,-3.325147377337202,0.4006770420993853
5421.306499650268,-8.403719052884924,0.40335748486832657
5422.690401356966,-5.878195373038661,0.4029128489902352
5424.074303063663,-19.542874870029436,0.4095371566751756
5425.458204770361,-12.941881822285275,0.40570616997333175
5426.842106477057,10.578603190304193,0.3934755531447063
5428.226008183755,3.9868827303535346,0.39795682070447547
5429.609909890452,-27.55205318425803,0.4145846032665522
5430.993811597149,-20.317502542685826,0.4109531303352687
5432.377713303847,-5.295680635129354,0.4031157085816084
5433.761615010544,-20.011345020586344,0.41088386214763817
5435.145516717242,-27.051093722341598,0.4146054858166566
5436.529418423939,-15.67295320300169,0.408166756329024
5437.913320130636,2.6188946816532317,0.39826341980052726
5439.297221837333,17.447621255952868,0.3898672612898049
5440.681123544031,19.020613801007457,0.3895016318734395
5442.065025250728,16.608478131304558,0.390274837710775
5443.448926957425,14.407416933265983,0.39254056154637706
5444.832828664123,-0.3217089195054328,0.4008655915410191
5446.21673037082,-25.235579011284955,0.4135191144203053
5447.600632077518,-23.982442773801623,0.41378161085558773
5448.984533784214,5.12095431192225,0.3988113249083832
5450.368435490912,19.412846523547163,0.3911111397686931
5451.752337197609,15.061899933019577,0.39224411510489476
5453.136238904307,7.413025508994915,0.396883853347465
5454.5201406110045,-10.430154996089941,0.4062705553988477
5455.904042317701,-22.615808952761697,0.41171132649966335
5457.287944024399,-4.755650419805862,0.4027104984382234
5458.671845731096,14.81750242437334,0.3928253728463016
5460.055747437793,15.312313827102365,0.3915940641506125
5461.43964914449,8.579483257822304,0.39501163693063546
5462.823550851188,-10.236537301563907,0.4052845985805865
5464.2074525578855,-12.99122967557971,0.40707852622450197
5465.591354264583,3.352055007526498,0.3991537310708274
5466.97525597128,5.821862707723406,0.3976274152923581
5468.359157677977,9.232265701186304,0.39580124887684653
5469.743059384675,7.241111213141695,0.39726454544110373
5471.126961091372,3.0390204313158202,0.3989223038955828
5472.51086279807,6.170834135141243,0.3981708287474298
5473.8947645047665,-2.8751411666531137,0.40268940941869646
5475.278666211464,-4.749515979267801,0.4058176364957542
5476.662567918162,-29.808590766450664,0.41746829045219397
5478.046469624858,-27.83243094823866,0.4195015550153891
5479.430371331556,-5.653267356129985,0.40624789805759665
5480.814273038253,-5.674696004107424,0.4058329124292907
5482.198174744951,-11.404176461875675,0.40800146529771275
5483.582076451648,0.09407409513977538,0.40220019399292045
5484.965978158345,13.052898742515039,0.3951753389447304
5486.349879865043,14.886972294241122,0.39510352665705084
5487.73378157174,-2.141927062042188,0.40181195310417034
5489.117683278437,-2.7110230192975378,0.40343413483090607
5490.501584985134,4.476518170420772,0.3987629783986679
5491.885486691832,15.709662385386514,0.39482409915511113
5493.269388398529,8.076514916071845,0.3975944858448689
5494.653290105227,3.6983557704792327,0.3995336494711604
5496.037191811924,8.917805640778585,0.3977937893907664
5497.421093518621,6.655436595565415,0.3979070482823937
5498.804995225319,10.104217395044877,0.3970816467212146
5500.188896932016,10.126568454584183,0.3963003368081046
5501.572798638714,1.135884773230541,0.4024308833480386
5502.95670034541,-6.133444958243935,0.4051056614731875
5504.340602052108,3.135139098508264,0.40170094109086174
5505.724503758805,-0.624630235117575,0.4019167092759634
5507.108405465502,-2.3343348213452275,0.40480192314670327
5508.4923071722,5.134463033851711,0.399402787647414
5509.876208878897,6.6823849880770005,0.39959639177044215
5511.260110585595,-0.21823931041583622,0.4029941289640419
5512.644012292292,-8.567645447657306,0.4075967067574521
5514.027913998989,-8.610214760665269,0.4078300539110086
5515.411815705686,2.455514104577979,0.4020971211644332
5516.795717412384,8.990564793476107,0.3977845714091161
5518.1796191190815,16.586352036936503,0.3944212765995065
5519.563520825779,16.722097032746852,0.3937836304632222
5520.947422532476,13.91760981434772,0.3953531755574492
5522.331324239173,14.123543557399383,0.395139107802787
5523.715225945871,12.135204386533584,0.39633874066643426
5525.099127652567,8.91295851054256,0.39835622667444026
5526.483029359265,-0.9203385333026488,0.4039495037602367
5527.8669310659625,-19.615242408364786,0.413994772398777
5529.25083277266,-16.999458839075956,0.41225034533532595
5530.634734479358,6.3255189392457885,0.3993660364039912
5532.018636186054,16.878539196736376,0.3938938014406568
5533.402537892752,9.183669539358284,0.3973620512476941
5534.786439599449,1.088042340571855,0.40218746916874215
5536.170341306146,-0.5079622082629061,0.40285980445954483
5537.5542430128435,5.125700866129121,0.3998488179316791
5538.938144719541,9.913036786441864,0.3972319047836989
5540.322046426239,13.69986000606199,0.3953545355908639
5541.705948132936,15.411315890929526,0.39469043178427193
5543.089849839633,6.9064319851048515,0.39874585708864807
5544.47375154633,4.164038960109339,0.4003459496037083
5545.857653253028,10.931235242530326,0.39751535385211006
5547.241554959725,8.893266870384227,0.3975620369033126
5548.625456666423,14.228883012767817,0.3949640956066865
5550.0093583731195,18.881566136823242,0.39263525780969
5551.393260079817,17.62992000941132,0.3929517111627903
5552.777161786515,10.050131065886669,0.3974928578066562
5554.161063493211,0.7487033850707794,0.40129643821265903
5555.544965199909,1.2053271561829504,0.40175944769514305
5556.928866906606,8.459337650406372,0.39675509602000714
5558.312768613304,6.842096452523535,0.39825065515087693
5559.696670320001,4.0826275273620025,0.4001774720867226
5561.080572026698,1.4644809158314656,0.4013990545135538
5562.464473733396,-3.6753926336560543,0.40425728008507633
5563.848375440093,-8.40460899091733,0.4070172947907253
5565.232277146791,-3.0889368321164454,0.40408071838375387
5566.616178853488,-1.5984427507900798,0.4044512664245943
5568.000080560185,-2.4473476272604655,0.4033845153727057
5569.383982266882,-5.745448822133729,0.4068588392579422
5570.76788397358,-6.626035075904482,0.4064087455017242
5572.151785680277,-7.329838490540715,0.4082988399394601
5573.535687386974,-20.30355538125164,0.41213722321905333
5574.919589093672,-8.932089251959052,0.4061773108712869
5576.303490800369,-4.041366927222458,0.39328393157380526
5577.687392507067,8.764646130736136,0.37735760246124117
5579.071294213763,10.957655358615302,0.380858803105469
5580.455195920461,3.6425083236010893,0.39559373724160746
5581.8390976271585,-1.8676458216087792,0.40260761016736263
5583.222999333855,1.7662251399618127,0.4025579857304714
5584.606901040553,0.0,0.4031411852632605
5585.99080274725,-21.73590664668836,0.4168812419114407
5587.374704453948,-41.88392663771918,0.42874045528238347
5588.758606160645,-38.6244508189575,0.4271734602156813
5590.142507867342,-23.432752990271695,0.41724891765008404
5591.5264095740395,-11.706441748051246,0.4104978801781872
5592.910311280737,-9.889048902492105,0.40904237860472337
5594.294212987435,-13.190733647177536,0.4102285764493332
5595.678114694132,-5.320610810582407,0.40640297286251736
5597.062016400829,0.4393080214588858,0.40333791744822944
5598.445918107526,-8.62261210474797,0.4075381590212966
5599.829819814224,-13.47596075585691,0.41117368195942233
5601.21372152092,-19.70037535763587,0.4147331424640866
5602.597623227618,-27.00214090838243,0.41811082999201604
5603.9815249343155,-17.074491672759066,0.4120296797851372
5605.365426641013,11.495233294290003,0.3972817734937156
5606.749328347711,15.942044813042962,0.39383572788060645
5608.133230054407,11.827740787561364,0.3951821969759467
5609.517131761105,14.763420782626774,0.3936862832269758
5610.901033467802,15.459614276105714,0.39347822267611426
5612.2849351745,15.061843847253325,0.3937783938013284
5613.668836881197,6.485012628496893,0.39900262796791364
5615.052738587894,-23.849786265534938,0.41497753143957306
5616.436640294592,-34.39963994577104,0.42217336969514313
5617.820542001289,-12.559711062090763,0.40983697917415407
5619.204443707986,-2.7267103275827718,0.4035376136276367
5620.588345414683,-1.7519646328810747,0.4020455579006126
5621.972247121381,4.963542867102048,0.4002545423780263
5623.356148828078,-3.638209305328772,0.40387388864302515
5624.740050534776,-21.100797342044793,0.41294355100247326
5626.123952241473,-15.311701046553683,0.41007117442940344
5627.50785394817,-5.388611183188467,0.40473823765383427
5628.891755654868,3.6258313676800698,0.3998341740739415
5630.275657361564,10.422372298084143,0.3958517830646191
5631.659559068262,11.107179888874333,0.39562000936573816
5633.043460774959,4.199091197916508,0.3988712621498447
5634.427362481657,-3.06199818106833,0.40298423433503
5635.8112641883545,-5.750226316082203,0.40455792129057516
5637.195165895051,-10.187085296793473,0.40674866625703093
5638.579067601749,-10.582436002571612,0.40713004067204994
5639.962969308446,-6.106707301686536,0.4048993906807899
5641.346871015144,-10.588240592155675,0.4068956909657365
5642.730772721841,-8.648360718430776,0.40560652097506666
5644.114674428538,-0.4219483383687903,0.4021516492675704
5645.498576135235,-1.8670772524659212,0.40109846495481205
5646.882477841933,3.8032657765594093,0.39890036198249956
5648.26637954863,10.421359005065778,0.3960541205859173
5649.650281255327,-3.6392788470190407,0.40321507234814397
5651.034182962025,-6.476807343161076,0.40425243040437475
5652.418084668722,0.009883352415901825,0.4015082832006623
5653.80198637542,-5.266075049925348,0.404068046051375
5655.185888082116,-15.042614756108248,0.40976856021202523
5656.569789788814,-13.713871231333727,0.4090942873350769
5657.9536914955115,-22.492655239974912,0.41477853022883
5659.337593202209,-29.341577813118246,0.41897100667889176
5660.721494908907,-16.475550829886394,0.4116506417038018
5662.105396615603,-12.063857288085941,0.4091581979250822
5663.489298322301,-10.185808518165144,0.40787728190653977
5664.873200028998,-2.4972587722804533,0.40413095481915895
5666.257101735695,-2.9780955804619187,0.40365069665839126
5667.6410034423925,-4.904483527888922,0.4052993865075669
5669.02490514909,-4.814238792912127,0.40401607145735213
5670.408806855788,1.174210025295721,0.4019323646997625
5671.792708562485,8.421193545223302,0.39652692333038253
5673.176610269182,10.108014819538617,0.39671448989390895
5674.560511975879,8.628178583732453,0.3968999566533045
5675.944413682577,3.476476182931454,0.39944759790481277
5677.3283153892735,8.016417151928868,0.3972288947076355
5678.712217095971,6.321307579960118,0.3987354388199177
5680.096118802669,2.498584349850691,0.4001140032644406
5681.480020509366,-2.610225617473426,0.40385354138958357
5682.863922216064,-12.51239898342614,0.40889554651292465
5684.24782392276,-8.213769861842275,0.4069486383219662
5685.631725629458,-1.8696942438591457,0.4040935334750147
5687.015627336155,-8.629458356959264,0.40643434305518084
5688.399529042853,-9.576709757961657,0.4068868927536703
5689.7834307495505,-3.0623008144000083,0.403451501176615
5691.167332456247,-0.8941841012216472,0.4016201661690787
5692.551234162945,5.126282793530168,0.3986829544588806
5693.935135869642,4.559369667344223,0.3996870316956342
5695.319037576339,2.0069685613049018,0.40004267395341403
5696.702939283036,8.794610891624805,0.39690272539604
5698.086840989734,2.565711087338959,0.40026360865447985
5699.470742696431,-5.905374827284639,0.4051826006499578
5700.854644403129,-8.145723749995279,0.40557578891378293
5702.238546109826,-8.796087945695415,0.4067504303705875
5703.622447816523,-6.307915617279531,0.4049434112552567
5705.006349523221,-6.101783827129064,0.40527959762498594
5706.390251229918,-11.982239005859537,0.4084598851687495
5707.774152936616,-21.4060714226737,0.413545922514396
5709.158054643312,-29.51619587115582,0.4178212081788784
5710.54195635001,-29.932363649717153,0.41876938064532876
5711.9258580567075,-26.912809597266914,0.4159758427041926
5713.309759763404,-12.918382865250694,0.408387007903251
5714.693661470102,-5.911584516843361,0.4031896871313307
5716.077563176799,3.0554140380053423,0.3991841994283722
5717.461464883497,5.774592257591195,0.3967009455220114
5718.845366590194,1.8755044666980274,0.39941366500447595
5720.229268296891,10.559619679791908,0.39406676720342526
5721.6131700035885,11.844375802546638,0.3933190247156323
5722.997071710286,9.992740913942185,0.39465861117494205
5724.380973416983,9.095306421889703,0.39416352681439304
5725.76487512368,9.829913529675812,0.39440627746982276
5727.148776830378,9.282166182437944,0.39407473594247433
5728.532678537075,10.182695266693774,0.39396548432732126
5729.916580243773,11.290828466872263,0.393712135053237
5731.3004819504695,4.164136807216136,0.39692738701197805
5732.684383657167,2.7195880503206102,0.3978209916620222
5734.068285363865,7.1764387397795435,0.39562421185334323
5735.452187070562,10.59096245561773,0.39422036671016153
5736.83608877726,9.735514511500947,0.3942653614023213
5738.219990483956,8.942050051723298,0.395328372670239
5739.603892190654,6.460472538853086,0.39600892335131255
5740.987793897351,5.3710379263249095,0.39702610238117436
5742.371695604048,7.5899345927408985,0.395858006816551
5743.7555973107455,7.8323900920400815,0.3946448845930565
5745.139499017443,15.215715808649247,0.39258670332605466
5746.523400724141,8.709138731037092,0.3947515934051712
5747.907302430838,-5.281832700770533,0.40207756073041584
5749.291204137535,-0.6460943309152367,0.39865494564376797
5750.675105844232,8.800783129875247,0.39609137060786925
5752.05900755093,-4.570269254878643,0.40136360326701387
5753.442909257627,-16.796167091019324,0.40848948365541815
5754.826810964325,-15.075868902844048,0.40724674409917133
5756.210712671022,1.3465190275027017,0.3986417611583505
5757.594614377719,7.714750107640077,0.3950102917192552
5758.978516084417,2.940694441778401,0.39726029512012373
5760.362417791113,-1.7489786225963222,0.40020107000890026
5761.746319497811,-9.39771001716578,0.404073522524449
5763.130221204508,-11.945544545030824,0.40508306020008944
5764.514122911206,-3.6962710436165693,0.40107498407082853
5765.8980246179035,5.246058789860185,0.39573564995636623
5767.2819263246,12.055330785581535,0.3925367965187377
5768.665828031298,8.096245375043093,0.39373214551489427
5770.049729737995,8.611865488804085,0.39375635424913485
5771.433631444692,6.197988023714296,0.3945650443375236
5772.817533151389,-0.17049699225603598,0.3987250473415104
5774.201434858087,-1.3559170073988454,0.39924237607088586
5775.5853365647845,-3.4980847191879842,0.40048756943918656
5776.969238271482,2.517486822216933,0.397315642126603
5778.353139978179,3.331759887025904,0.39808478822474225
5779.737041684876,-10.52306144728669,0.40405599233325634
5781.120943391574,-25.019163801392466,0.4124623342110052
5782.504845098271,-23.49846160625386,0.410514516209824
5783.888746804969,-14.129541315275674,0.40662023292715793
5785.2726485116655,-23.702895007521146,0.40951362337832087
5786.656550218363,-18.722301140541568,0.4081447577805946
5788.040451925061,-7.855140707291623,0.40253110581022367
5789.424353631757,-5.078063346040148,0.400005807917187
5790.808255338455,-9.216158634100056,0.4027399515680438
5792.192157045152,-10.519710430656094,0.40302721200450053
5793.57605875185,-5.920405845902634,0.4005580355448685
5794.959960458547,-1.79945312989403,0.3984278041843388
5796.343862165244,-3.144188755772671,0.3988343160140089
5797.7277638719415,-3.763807284612693,0.39905233814733093
5799.111665578639,-1.3745227254003018,0.3975294938459807
5800.495567285337,3.9144935485124526,0.39510786678416526
5801.879468992034,4.450420533901827,0.39471659543886817
5803.263370698731,-1.3107020022570754,0.3972803309231135
5804.647272405428,-6.873421550341613,0.4006197759035873
5806.031174112126,-9.97703489814019,0.40219430533114836
5807.4150758188225,-9.319838049170443,0.40187548871798445
5808.79897752552,-5.0479237930267145,0.3995281117881205
5810.182879232218,-2.5889783770923707,0.39799717661608636
5811.566780938915,0.31269559929584734,0.39624105329063536
5812.950682645613,1.7646044003407657,0.395907737437385
5814.334584352309,-2.48992101499161,0.3974054011136883
5815.718486059007,-11.1140835775937,0.40208546023012454
5817.102387765704,-16.802007692889447,0.40365896564138165
5818.486289472401,1.4902579288740885,0.39574602273372955
5819.870191179099,3.970697339885163,0.3935791613729771
5821.254092885796,3.608779580835826,0.3929204610583535
5822.637994592494,5.818935568388795,0.3921919100982018
5824.021896299191,0.2706518300764893,0.39422502012243177
5825.405798005888,8.728032302803781,0.3908112624758916
5826.789699712585,5.231523478868848,0.39113240308866654
5828.173601419283,5.332403614601903,0.39252070854010557
5829.5575031259805,5.144798993895726,0.39157600028181944
5830.941404832678,3.79184354521466,0.3923703276959128
5832.325306539375,4.726691262053591,0.3919292694687848
5833.709208246072,1.1543056586048746,0.3932429658722357
5835.09310995277,-2.354441739930321,0.39472826034668645
5836.477011659466,-0.9295493384964275,0.39411045397078515
5837.860913366164,-0.9347503421049925,0.3942679963362624
5839.2448150728615,0.4563572647103049,0.3925328809478212
5840.628716779559,3.490129200611171,0.39151184256059435
5842.0126184862565,5.93658980543492,0.3900748495939617
5843.396520192953,4.395749895845358,0.3909104869373295
5844.780421899651,0.09592388684271924,0.39259711529334596
5846.164323606348,-0.048109717649685635,0.39327538508048787
5847.548225313046,-5.302164111303643,0.39536333392395384
5848.932127019743,-3.0408866297206183,0.39412998350220124
5850.31602872644,3.185961135947533,0.390864905626854
5851.6999304331375,0.7927967061367367,0.39238308603996885
5853.083832139835,-6.064375548913988,0.3951643305691082
5854.467733846532,-9.864152575809275,0.3980419308398697
5855.851635553229,-13.09897370872945,0.39947711498239785
5857.235537259927,-24.14245005378819,0.40395674562169676
5858.619438966624,-28.156793404044215,0.4187758653785744
5860.003340673322,-16.579754698611293,0.41442638089694905
5861.3872423800185,-7.4014759150279765,0.4106787994631389
5862.771144086716,-6.886190247956391,0.40954836025903163
5864.155045793414,1.3972147342731116,0.40703158098557424
5865.53894750011,4.228550508362288,0.40546749234638796
5866.922849206808,-2.078235873680677,0.4093784120191464
5868.306750913505,1.4596601906951197,0.4074781620944969
5869.690652620203,6.251515003527202,0.40763243755400935
5871.0745543269,5.288438259621274,0.4074909602885637
5872.458456033597,5.703647283674926,0.40910424857581457
5873.842357740295,5.331375992911787,0.41018859830845666
5875.226259446992,-0.11473680329055957,0.4130781207223086
5876.610161153689,-0.7656963012105678,0.414698981376473
5877.994062860387,1.1296715127861168,0.41468051172664927
5879.377964567084,1.2634927691253672,0.4153271991796195
5880.761866273781,-0.1758713311430684,0.41700361380361267
5882.145767980479,-1.8939593241488932,0.41848676636337145
5883.529669687176,-3.1161569914192073,0.41984138945563554
5884.913571393874,-3.191164605774678,0.4209073297181409
5886.297473100571,-0.9898230369584256,0.41963254616040524
5887.681374807268,-12.516483357743494,0.42796313507125805
5889.065276513966,-51.27787545524787,0.4491404606108636
5890.449178220662,-79.1865116052815,0.4635404102504307
5891.83307992736,-57.53380049826835,0.45432009354638864
5893.216981634057,-31.02621666615221,0.44285300685496665
5894.600883340754,-39.07892451435007,0.4482422561229885
5895.9847850474525,-61.579820448906254,0.4591327978020144
5897.368686754149,-52.04274549075681,0.45404942811415555
5898.752588460847,-22.055254309967687,0.4395420980792876
5900.136490167544,-4.863988933061773,0.43113980082847675
5901.520391874241,1.8901613975098845,0.42772958686192086
5902.904293580938,3.528021841237681,0.42712096115802445
5904.288195287636,3.0125241417991795,0.4281472452395551
5905.6720969943335,3.206467104908322,0.42854058510069426
5907.055998701031,3.9673154388984644,0.4289732383992131
5908.439900407728,3.144617722544144,0.429513679842575
5909.823802114425,3.382855253021117,0.4306494557260831
5911.207703821123,4.930967350943382,0.43025684332618697
5912.591605527819,-0.3140212735578092,0.4338447630332038
5913.975507234518,-8.553677424992806,0.4391084450350495
5915.3594089412145,-11.91462471646338,0.4410102063724568
5916.743310647912,-8.805520655891385,0.4399568519542664
5918.12721235461,-1.54615426033619,0.43676924854883487
5919.511114061306,5.003550140816234,0.43448602977134065
5920.895015768004,5.045686073557329,0.4344766399589923
5922.278917474701,4.2493700838479285,0.43499660192980494
5923.662819181398,6.562166948156201,0.4351330552079502
5925.046720888096,6.342959888229653,0.4350332277618573
5926.430622594793,4.862575861866973,0.4374893971042032
5927.814524301491,3.0335546133578646,0.43845048013571963
5929.198426008188,-4.44403356348532,0.44416422866966077
5930.582327714885,-9.523819854063333,0.4469513386246984
5931.966229421583,2.20969130874336,0.4424461135096587
5933.35013112828,6.22403410155569,0.4402155635660626
5934.734032834977,0.17508858145754225,0.4442840760621881
5936.117934541675,-0.056422021462116057,0.44369555564599394
5937.501836248372,8.43556888599458,0.44172865872947115
5938.885737955069,5.632762071599692,0.4434084905624332
5940.269639661767,2.2818539857901046,0.44552772095563437
5941.653541368463,-3.065774607911945,0.4499062567492683
5943.037443075162,-3.0809361449550248,0.45002358709299645
5944.421344781858,2.7320939203496835,0.44808146885341643
5945.805246488556,2.7497238506308195,0.4482327183510721
5947.189148195253,2.881397246626319,0.4499473494113879
5948.57304990195,-11.16162704390695,0.45697813295666995
5949.956951608648,-8.995003647311247,0.45774662920475967
5951.340853315345,-2.1673544114683865,0.4545047793567359
5952.724755022043,-6.366816761826898,0.45806348651860795
5954.10865672874,-8.153441909385485,0.4579259282099844
5955.492558435437,3.8396628097853442,0.45374780103551543
5956.876460142134,-0.007901563652219501,0.45453187276798757
5958.260361848832,-2.6720151200593487,0.45860810764314414
5959.644263555529,-2.9883991623087973,0.4585030453885924
5961.028165262227,-1.3090118749906057,0.4585141949593718
5962.412066968924,5.7530202948646165,0.4555862245839784
5963.795968675621,1.7848843048698013,0.4584211789575418
5965.179870382319,0.7724696148998951,0.45959554257834945
5966.563772089015,1.6665910275941545,0.45995386302942826
5967.947673795713,1.204347728662169,0.46120114004519785
5969.3315755024105,1.6455164496441883,0.46117272847167107
5970.715477209107,5.3078818909426415,0.4598496595094072
5972.099378915806,8.32268300226847,0.45895247908023806
5973.483280622502,6.150630232047267,0.46067485275159153
5974.8671823292,1.5311665446171627,0.4644772717800398
5976.251084035897,-5.069923395443651,0.4685751083845849
5977.634985742594,-9.846110152553226,0.47234809068307615
5979.018887449292,-4.612384111933206,0.46966521530646993
5980.402789155989,1.9595599074263075,0.46704100303336527
5981.786690862687,1.6477982152268713,0.4679149397612415
5983.170592569384,-7.55158499251927,0.4735037226357985
5984.554494276081,-16.168704692369744,0.48060154094428026
5985.938395982778,-16.89717962461956,0.4812075706695159
5987.322297689476,-12.079818736765798,0.47837930719669325
5988.706199396172,-6.439521503932985,0.47462374186564277
5990.090101102871,-1.085127102052641,0.4718783436826572
5991.4740028095675,-3.40525382469575,0.47245035493720383
5992.857904516265,-2.6702314902462856,0.4711550014661906
5994.241806222963,3.697537268155119,0.4685124933910743
5995.625707929659,2.4309255016028892,0.46912660583917
5997.009609636357,-5.8885619092746335,0.47368957915778026
5998.393511343054,-8.100373159075708,0.47147881384858914
5999.777413049752,-7.300614974723476,0.45583880857459735
6001.161314756449,-6.246591061752651,0.4590085253601951
6002.545216463146,-7.261709732264116,0.47554947896244315
6003.929118169844,-7.034854568073258,0.47519907624589386
6005.313019876541,-1.311513190361523,0.4726220518865922
6006.696921583238,-8.191962645697902,0.4771195091963859
6008.080823289936,-12.750726907784365,0.4786793149241036
6009.464724996633,-7.155163255588805,0.47629245351608646
6010.84862670333,-0.35478228917644783,0.4720476465917257
6012.232528410028,-1.5968819784032942,0.47259306407428586
6013.616430116725,-4.827177157155067,0.4743873517321327
6015.000331823422,-5.746888963355877,0.4753372355842347
6016.38423353012,-5.860977122040601,0.4756639918006844
6017.768135236816,-8.308430069172596,0.47782590566350347
6019.152036943515,-11.097589308645116,0.4791841569029717
6020.535938650211,-12.738552044543752,0.48144110859112005
6021.919840356909,-15.875871632675945,0.4829425656555697
6023.3037420636065,-10.158493965992085,0.47947864455972544
6024.687643770303,-4.339792022523522,0.4756921895346711
6026.071545477002,-1.5725830322983265,0.47310972256814254
6027.455447183698,-0.3213549143068726,0.4727761336760754
6028.839348890396,0.6607280854897772,0.4720130675068263
6030.223250597093,2.0565390051480326,0.4716342644427733
6031.60715230379,2.545157876647212,0.4716040493697924
6032.9910540104875,4.670998523385632,0.47015748133831753
6034.374955717185,6.406089111544776,0.46915582609489476
6035.758857423882,8.75112361619544,0.46782442905067806
6037.14275913058,12.991199769527281,0.4657993508433137
6038.526660837277,11.11521831799405,0.466641536443388
6039.910562543974,6.400393015260743,0.4700080959525855
6041.294464250672,3.08676627570338,0.4719096989863168
6042.678365957368,2.2695278157368937,0.47173495808144617
6044.062267664066,3.0809361449550248,0.4712592955193031
6045.4461693707635,4.774425843771738,0.46925225391147984
6046.830071077461,6.257071553219275,0.46879184106413874
6048.213972784159,4.907019511363865,0.4678791641732573
6049.597874490855,7.518487632388999,0.46654114101348226
6050.981776197553,9.212724409772468,0.4620492503626725
6052.36567790425,4.9674390281281005,0.44933382552058093
6053.749579610947,0.6692786305381659,0.45383300579930325
6055.133481317645,1.0357524719440694,0.4684078737685318
6056.517383024342,0.0,0.46778863432132556
6057.90128473104,3.1604304466918487,0.46609976331147535
6059.285186437737,7.33239434994291,0.46206793118825146
6060.669088144434,8.60266191650334,0.46091773249959095
6062.052989851131,8.683278812847936,0.4603363890708617
6063.436891557829,5.15128476714955,0.461678637029933
6064.8207932645255,-2.12890814988791,0.4654594355795456
6066.204694971224,-5.265967882867756,0.46664176445295
6067.588596677921,2.2066166430991414,0.4612280710590201
6068.972498384618,12.422448271809618,0.45491948449690545
6070.356400091316,11.136471739567856,0.45449848456587677
6071.740301798012,11.751968884423919,0.45384931423237806
6073.124203504711,10.384242384928706,0.45409325299159153
6074.508105211407,8.824253365228193,0.4538101580635334
6075.892006918105,10.481309273125943,0.4525489817817389
6077.2759086248025,7.629463823823156,0.4547133506028281
6078.659810331499,-7.953997760715971,0.46104982330233607
6080.043712038197,-3.1855821380913785,0.4595287996619048
6081.427613744894,1.6845134993242235,0.45454646492530715
6082.811515451591,-0.29264983485458074,0.4555367338531187
6084.195417158289,-1.5653773948785465,0.4551063799665616
6085.579318864986,0.6311552522656656,0.45390489005700524
6086.963220571683,-1.8628274719931797,0.4541745718079642
6088.347122278381,-3.865811750801332,0.4542397884236745
6089.731023985078,-3.267053523372874,0.4544136335149751
6091.114925691775,-5.8383728631717835,0.4530862191288337
6092.498827398473,-7.908971358894283,0.45524654615788707
6093.88272910517,-2.829331697530916,0.4498579042886962
6095.266630811868,4.454625713712501,0.44674039999601406
6096.650532518564,-0.31241421772508665,0.44665497723903386
6098.034434225262,3.6901981880342554,0.4442894103845378
6099.4183359319595,6.30779604352797,0.4430300002738462
6100.802237638656,-2.4203221761407336,0.4468491698846385
6102.186139345355,-16.18922667977131,0.45492715746109014
6103.570041052051,-21.477103360939058,0.45712543894554375
6104.953942758749,-10.587573121611396,0.4498358109052766
6106.337844465446,-1.9136914025290177,0.44354922281472725
6107.721746172143,-0.3367470209159876,0.44174846039917776
6109.1056478788405,2.2347160404823305,0.43903139933212526
6110.489549585538,5.736826388910812,0.43665285799048
6111.873451292235,2.7117140768554564,0.4363903726323861
6113.257352998933,6.26168361979117,0.43399528848427554
6114.64125470563,7.220009259779629,0.43267990076046636
6116.025156412327,4.6873096182547345,0.43318891351436667
6117.409058119025,5.828914365726423,0.43245473724456523
6118.7929598257215,6.526570477620124,0.4324983821533529
6120.17686153242,-0.1512424384986133,0.43608379874516695
6121.560763239117,-10.095997323797736,0.4409162951595862
6122.944664945814,-14.435032020965545,0.4431005970891288
6124.328566652512,-9.074783257690779,0.4398982134120505
6125.712468359208,-1.1198767501619251,0.43439996136239395
6127.096370065906,-0.9158828109888483,0.4333695831204825
6128.480271772603,-2.295993814959596,0.43402061164498695
6129.8641734793,0.08062241603073607,0.43192321818107937
6131.2480751859985,1.5853806901684933,0.4304592553230171
6132.631976892695,3.876522419825154,0.42903291587098824
6134.015878599393,3.896227251091643,0.42855389459916393
6135.39978030609,-4.560862120938284,0.4341107319393508
6136.783682012787,-18.574513400155904,0.44164979590687203
6138.167583719484,-22.37057271553086,0.4427363977936988
6139.551485426182,-9.079121511390145,0.43586958340338383
6140.935387132879,-1.3841085634821741,0.43038566725050814
6142.319288839577,-4.532690862179397,0.43037992460211816
6143.703190546274,-5.055467083593251,0.43006251617262337
6145.087092252971,0.6898275246628236,0.426913528070812
6146.470993959669,-0.9140871031220565,0.4268540276144545
6147.854895666365,-4.247307402770084,0.4281411173059902
6149.238797373064,-6.252968353138804,0.4291460249097544
6150.62269907976,-3.4611374219215443,0.4262732235076343
6152.006600786458,-0.8321204930566629,0.42465226242857995
6153.3905024931555,-2.6578395163860464,0.4248068591548326
6154.774404199852,-4.578034915763765,0.4251700381321084
6156.15830590655,-5.38965651064161,0.4252811666022564
6157.542207613247,-3.135766953549854,0.4229014306233306
6158.926109319944,-4.967458659756093,0.42495812618748274
6160.310011026642,-14.858859011318941,0.42892708927585677
6161.693912733339,-27.923611696742316,0.43544317225464496
6163.0778144400365,-31.804996666164055,0.43639252890029656
6164.461716146734,-17.631632552033324,0.4293186051978474
6165.845617853431,-10.19336686407011,0.4238271931422617
6167.229519560129,-7.036527230066174,0.4217583993061264
6168.613421266826,-10.018479692431074,0.42373446621879945
6169.997322973523,-17.831811086345233,0.4281931519924702
6171.381224680221,-12.494472339505364,0.424871693277163
6172.7651263869175,-3.2077315417180436,0.41942156393815777
6174.149028093615,1.622587243683082,0.4163883093352518
6175.532929800313,1.2448149862096336,0.416660610699202
6176.916831507009,-1.0002783549562195,0.4178339810159196
6178.300733213708,-1.1241481194344938,0.41805084421800626
6179.684634920404,1.310199841185697,0.4166129072186362
6181.068536627102,4.0838195887744595,0.4151854131444551
6182.452438333799,3.387698462434048,0.41552306186407534
6183.836340040496,2.2191247039967585,0.41600637659717465
6185.2202417471935,3.8514000986339036,0.4155719138287631
6186.604143453891,3.0333661569367463,0.416095226177561
6187.988045160589,-0.006517050889739862,0.41758530482095396
6189.371946867286,-0.5730442298455087,0.41840679332665665
6190.755848573983,-3.6786935610941094,0.42024286073308104
6192.13975028068,-7.776164638076169,0.4219967532411131
6193.523651987378,1.7071925474464513,0.4173707656315863
6194.9075536940745,9.759895843898345,0.41228209041346164
6196.291455400773,7.617446102841313,0.4133294234594908
6197.67535710747,9.001972510780334,0.41287812738585206
6199.059258814167,4.212958527461918,0.4157705411557118
6200.443160520865,-3.442044864017792,0.4203648095256663
6201.827062227561,-0.00569101784924686,0.4177479795968732
6203.210963934259,7.244561085373759,0.4148202400582489
6204.594865640956,7.45640350487933,0.4135195548457342
6205.978767347653,8.401966365081663,0.41314000533590906
6207.3626690543515,11.260859067692092,0.4114957098368549
6208.746570761048,11.89080081160866,0.4115787765359379
6210.130472467746,10.680375599311006,0.4110555490884114
6211.514374174443,7.279077133229453,0.41288276838632304
6212.89827588114,2.17610984502343,0.4169473695498107
6214.282177587838,-1.6889798959962958,0.4200495762507257
6215.666079294535,-3.4165176001529955,0.42139823950737443
6217.0499810012325,-2.9822696062849543,0.42093438347059414
6218.43388270793,-3.0710297669827926,0.42153165437151296
6219.817784414627,-4.679522781489613,0.4222298347861477
6221.201686121324,-4.47582548372627,0.42196225666184556
6222.585587828022,1.4046452894149715,0.4186552768287281
6223.969489534718,5.661169108112429,0.4161630612432065
6225.353391241417,4.4839923906587575,0.4167341578878992
6226.7372929481135,3.4573209342604985,0.4173396394682505
6228.121194654811,2.055609340036572,0.41905915312148867
6229.505096361509,-6.907733889597482,0.4249374815074951
6230.888998068205,-17.939388604999138,0.4307218946297288
6232.272899774903,-15.749451987424047,0.42966253282022815
6233.6568014816,-2.9390160240950522,0.4230683165802349
6235.040703188298,2.486280782825479,0.41856539179399
6236.424604894995,1.627965677395705,0.4190574152329862
6237.808506601692,-1.3501138040659002,0.4209868919283948
6239.1924083083895,-3.963481236820658,0.4229379587220452
6240.576310015087,-5.129862953277959,0.4240997866406483
6241.960211721784,-5.480001892845437,0.4247381278184807
6243.344113428482,-6.804072155439668,0.4251653928179827
6244.728015135179,-10.043561879864255,0.42813824427308717
6246.111916841876,-11.660480770380065,0.4283566694369757
6247.495818548574,-5.680785129719679,0.4247255362557975
6248.8797202552705,6.852775289446332,0.41754810942348264
6250.263621961968,8.381096590607282,0.4162047090660167
6251.647523668666,1.3363064525033943,0.42056032531792087
6253.031425375362,-7.953271045112744,0.4267452993359905
6254.415327082061,-12.931940576926223,0.4294212848688627
6255.799228788757,-12.62696485593354,0.43019233922073524
6257.183130495455,-12.726939092510033,0.42995438843960915
6258.567032202152,-10.548741647287805,0.4282840636643969
6259.950933908849,-6.104692579161551,0.4258522242948033
6261.3348356155475,-0.6331443215607706,0.4225220925796717
6262.718737322244,3.145579188128421,0.42014172884178685
6264.102639028942,2.8293507277495182,0.42028465738586335
6265.486540735639,1.8488471485986047,0.42050047926130996
6266.870442442336,4.760333115777987,0.4188754920127641
6268.254344149033,7.546640777625988,0.417391752758214
6269.638245855731,6.8090247540026505,0.4178125122262183
6271.022147562428,5.860349289661434,0.4187782985106691
6272.406049269126,6.82566966401526,0.41785564489960403
6273.789950975823,9.940477801603182,0.4164670471078814
6275.17385268252,9.691474007199524,0.41695006146877556
6276.557754389218,0.2807441316549629,0.42269247443981883
6277.941656095914,-7.700030714338398,0.4284956304487106
6279.325557802612,-15.772452215875596,0.43341219982225765
6280.709459509309,-17.95752347722726,0.4347531486246593
6282.093361216007,-10.771281084725183,0.43017699384063623
6283.4772629227045,-2.9076515459433625,0.4255503837578459
6284.861164629401,1.9704010174545616,0.4219807345100716
6286.245066336099,6.669308433950139,0.41900776947916607
6287.628968042796,10.43013671523349,0.41688907568982264
6289.012869749493,9.532805804986321,0.4176838773482945
6290.396771456191,3.3055351835436175,0.42163842514415806
6291.780673162888,-1.7765956001549252,0.42487863194693676
6293.1645748695855,-0.7928360869595639,0.4247577937205218
6294.548476576283,2.287124337471144,0.42262590158045094
6295.93237828298,2.2329775928669497,0.42306448924807494
6297.316279989677,-1.7023693938628526,0.4257159785711694
6298.700181696375,-6.753593595924496,0.42814034792266087
6300.084083403071,-8.950533746587194,0.42957428318419233
6301.46798510977,-9.16030423780013,0.42949263459585557
6302.8518868164665,-9.724417729158459,0.4298977827932969
6304.235788523164,-3.228220596509578,0.4267661406534245
6305.619690229862,4.767066792627507,0.42176846669988544
6307.003591936558,8.385869195523094,0.42002844852250504
6308.387493643257,7.42893070853057,0.41968864400719413
6309.771395349953,5.163128396933984,0.42185816335308307
6311.155297056651,0.9641427917141723,0.42442894350185273
6312.539198763348,3.486787437530123,0.4232010259779528
6313.923100470045,-0.9827284013010509,0.42670474660906377
6315.307002176743,-8.87398660808666,0.43117187423399506
6316.69090388344,-11.931482187205699,0.4338580123228361
6318.074805590137,-15.630762510087257,0.436014593742789
6319.458707296835,-11.41220772069945,0.43315910802472446
6320.842609003532,-4.533174766145622,0.42865767675484373
6322.226510710229,0.1365745108694325,0.425361575498856
6323.610412416927,2.877789345171021,0.42346645664901694
6324.994314123624,4.987556093677001,0.42228027917770555
6326.378215830321,6.053667954072811,0.4215352061362855
6327.762117537019,7.019685142022496,0.42077292871080524
6329.146019243715,7.635994846451878,0.42033261489629686
6330.529920950414,6.9999630185976525,0.42051363120107454
6331.91382265711,8.996108935422829,0.41991935951843945
6333.297724363808,6.83194297468952,0.42239983291833955
6334.681626070505,-2.008971034147285,0.42663430029749205
6336.065527777202,-6.176588525003943,0.4305537615199404
6337.4494294839005,-11.03594297251935,0.43309202610127484
6338.833331190597,-7.235056646859502,0.43080950332249507
6340.217232897295,-0.7642574533796722,0.42694903639445664
6341.601134603992,2.0860694414325103,0.4250767850117502
6342.985036310689,-0.29165038330614035,0.42639176111538873
6344.368938017386,-5.182541464233213,0.42892816091034586
6345.752839724084,-2.592546624821549,0.4278662339140155
6347.136741430781,0.13730465164103967,0.42555464189175213
6348.520643137479,2.441460978576084,0.4242412276426687
6349.904544844176,4.691934515573742,0.42288794090928056
6351.288446550873,4.936756250096544,0.4225232760697384
6352.672348257571,4.441029962173808,0.42304910132563656
6354.056249964267,1.7480857436486112,0.4248251658983122
6355.440151670966,-2.6337655850816795,0.4272358309825754
6356.8240533776625,-3.0300461660202616,0.42763423638996373
6358.20795508436,-5.0856549938488005,0.42944222420602024
6359.591856791058,-9.916475269240244,0.4328551396648652
6360.975758497754,-14.067110557230459,0.4350866537267803
6362.359660204452,-16.007322147222638,0.4362863412371632
6363.743561911149,-12.21186490712274,0.4340901708494648
6365.127463617846,-6.83713459309852,0.42972595326813584
6366.511365324544,-2.1558237351153147,0.42754296972193223
6367.895267031241,0.5861488233010865,0.42520099147849255
6369.279168737939,1.1732358452607905,0.4251241786328551
6370.663070444636,1.5180112228543048,0.42454464608861153
6372.046972151333,4.1881739935350195,0.42290871897058174
6373.43087385803,6.181050150294046,0.4219250138540264
6374.814775564728,5.854824315559947,0.4219666708962259
6376.1986772714245,4.018479245003496,0.4231583798527412
6377.582578978123,1.858847862989143,0.4246441149919033
6378.9664806848195,0.027999410091760657,0.42566194286739845
6380.350382391517,-0.1554035082380656,0.4258451262604555
6381.734284098215,1.5400211790831126,0.424649478443279
6383.118185804911,3.435812026543384,0.4236472627876219
6384.50208751161,2.808180039932336,0.4240004192243095
6385.885989218306,1.6114529628350815,0.4244126099728293
6387.269890925004,3.6283375106904936,0.4229617319893799
6388.653792631701,7.59999077252882,0.4212454122385036
6390.037694338398,5.094318385785813,0.42282334112084746
6391.421596045096,-1.2615827429464093,0.4265496587677523
6392.805497751793,-7.319267063021298,0.43097254339526436
6394.18939945849,-8.920592214126724,0.431496271143908
6395.573301165188,-4.186986453857325,0.42880090760161277
6396.957202871885,2.1132841096646637,0.42621261775782715
6398.341104578582,-3.590600503385979,0.42919199889204857
6399.72500628528,-14.105446265578513,0.43557086359516894
6401.108907991977,-14.99196128797062,0.43667105472278545
6402.492809698675,-5.726310701781515,0.4305843589333659
6403.876711405372,3.8869149727041985,0.42454608656709497
6405.260613112069,4.461016878907102,0.4242058147741681
6406.644514818767,-3.3761001209013393,0.429073560649591
6408.028416525463,-9.62887820481207,0.4331160714645596
6409.412318232161,-7.047104100530136,0.43211076269950427
6410.7962199388585,-6.943854746791827,0.4315653016122857
6412.180121645555,-9.333845685268685,0.4336775990509115
6413.564023352254,-6.802986094874068,0.4316603092672463
6414.94792505895,-5.350351254771503,0.4309304656515647
6416.331826765648,-4.8053809360206605,0.4306245813034693
6417.715728472345,-5.450589766000947,0.4314734285154436
6419.099630179042,-8.267671764892075,0.4332738512558886
6420.4835318857395,-11.34355772276382,0.43512052797900863
6421.867433592437,-9.948953193200541,0.4337965397937901
6423.251335299134,-2.322053091029299,0.42930498269957884
6424.635237005832,3.925912965901591,0.4257715426757043
6426.019138712529,3.9684234964843847,0.42487586567966706
6427.403040419226,5.183064571130218,0.424455563455902
6428.786942125924,5.544996280649103,0.4247087221405785
6430.17084383262,0.9729067779760588,0.4275980940614135
6431.554745539319,-6.324776012609856,0.4318252003823431
6432.9386472460155,-5.698556232035986,0.43194558225133706
6434.322548952713,2.3210556489332013,0.4269956411403742
6435.706450659411,5.298676811886569,0.4255185101282287
6437.090352366107,1.9157973745806134,0.4273124391931896
6438.474254072805,-4.667150228361095,0.43222444300626306
6439.858155779502,-7.800737922269661,0.43397472593474157
6441.242057486199,-0.8121297992566693,0.4294247113221395
6442.625959192897,7.976036142221085,0.42372051893876284
6444.009860899594,10.002506637877191,0.4223169150105131
6445.393762606292,8.777214084090934,0.42299848689967895
6446.777664312989,8.358032293178075,0.4235238368606723
6448.161566019686,2.8430407369724424,0.4282439596322615
6449.545467726384,-9.77766329585942,0.4355489992098828
6450.929369433081,-11.522784479056126,0.4362232930493249
6452.313271139778,2.728872139596819,0.4298199273030029
6453.697172846476,4.237613897252881,0.4272388395815084
6455.081074553173,-1.1880968449650955,0.43053293792644654
6456.46497625987,0.3095246927533757,0.4278714122220837
6457.848877966568,8.471873615347482,0.4245573386222423
6459.232779673264,9.650207662642138,0.4239215930422608
6460.616681379963,5.061537309490531,0.4273774147058205
6462.000583086659,-4.001730836661998,0.4325288772557335
6463.384484793357,-8.409819560768483,0.4356386366196057
6464.7683865000545,-2.0205163514257913,0.43210728134435966
6466.152288206751,7.617009778800409,0.4253585384479237
6467.536189913449,8.732344907721448,0.4249430074026604
6468.920091620146,1.5593598255190884,0.4294465844890826
6470.303993326843,-1.8018524171863257,0.4316269195273021
6471.687895033541,-0.6926219891309437,0.4316318971544578
6473.071796740238,1.5896176041895376,0.42919921983306336
6474.4556984469355,2.4166626498178694,0.42990036001459164
6475.839600153633,1.8820601992645172,0.429437203218078
6477.22350186033,1.8226849261966742,0.4296634336988777
6478.607403567028,3.894379708754479,0.4283664773413521
6479.991305273725,2.2559122160654708,0.42982286234773315
6481.375206980422,-1.2706967806306304,0.4315113576436224
6482.75910868712,-1.8028740977778224,0.43162072179194044
6484.143010393816,1.479781622077557,0.42995537127229766
6485.526912100514,5.065907386454617,0.4274904936054105
6486.9108138072115,7.447900873558569,0.4257026623019532
6488.294715513908,10.576234005351749,0.42424634841834297
6489.678617220607,8.351292949185371,0.4258711592762034
6491.062518927303,-0.01065505002881062,0.4312109255834433
6492.446420634001,-10.11905674982887,0.4380701262729637
6493.830322340698,-19.46142195397051,0.4463115530495009
6495.214224047395,-32.69554591827976,0.45439885366656213
6496.598125754093,-31.597744867178786,0.45477065066409755
6497.98202746079,-21.01716077894277,0.4465400342973755
6499.365929167488,-11.549210544601369,0.4395262953031019
6500.749830874185,-6.484026209670955,0.4353502669929341
6502.133732580882,-2.187765593567973,0.43214522116321463
6503.517634287579,3.0124710582700738,0.42906252323454097
6504.901535994277,6.212819840762513,0.42679303981655825
6506.2854377009735,6.002154810998831,0.426745413993158
6507.669339407672,6.219978335867366,0.42664669163595836
6509.053241114369,7.204286600277778,0.42682859420390207
6510.437142821066,6.4148303309842625,0.4262254290390615
6511.821044527764,3.019476187700516,0.4293441553773076
6513.20494623446,1.457039009742493,0.43017145831567677
6514.588847941158,2.8563794103506597,0.4294835142714628
6515.972749647855,0.6148054765350737,0.43114801511978074
6517.356651354552,-3.041517218440357,0.4333809155991362
6518.7405530612505,-5.422888932608733,0.4350261157620997
6520.124454767947,-5.406405763435701,0.4346980162091454
6521.508356474645,0.0,0.4309391289150927
6522.892258181342,7.234054180692547,0.4258011852540892
6524.276159888039,4.146991357259773,0.42597564557982504
6525.660061594737,-4.392638228655298,0.43453239698957885
6527.043963301434,-7.957233447800102,0.43621479626179716
6528.427865008131,-4.119187521040485,0.43462278499025103
6529.811766714829,1.1827783217004915,0.43052502828239597
6531.195668421526,4.207104696470489,0.4291267688231522
6532.579570128223,-0.3859855992851706,0.4307574639536641
6533.963471834921,0.7554256849348664,0.43053537593188523
6535.347373541617,3.906935524681668,0.42851279701523975
6536.731275248316,3.8177083493394885,0.4284076091533922
6538.115176955012,2.9710566962735836,0.42935098917984216
6539.49907866171,2.118916656512065,0.4298717887230978
6540.8829803684075,0.049436479587138704,0.4310697536681456
6542.266882075104,0.9109626653718869,0.43102928369061905
6543.650783781803,-2.27820986382799,0.43129936721342577
6545.034685488499,-10.46461861495229,0.4303536809465946
6546.418587195197,-15.464698126321592,0.4315612987814667
6547.802488901894,-11.947443355832721,0.43034602380748804
6549.186390608591,-8.292669528467524,0.42812364807876013
6550.5702923152885,-8.905660167122152,0.42804891342103674
6551.954194021986,-10.804927320361305,0.429212266318914
6553.338095728683,-12.301263341846871,0.43055647937909985
6554.721997435381,-15.323436468228516,0.432916823534912
6556.105899142078,-20.039592428923587,0.43834052505108057
6557.489800848775,-22.015682970879435,0.44539982653562327
6558.873702555473,-22.118861566299834,0.4513562624670218
6560.2576042621695,-42.07157940639939,0.4676634861975401
6561.641505968867,-77.11822475736908,0.4982070567538501
6563.025407675565,-99.21394220873844,0.51990712368101
6564.409309382261,-87.37424814147342,0.5087926853461048
6565.79321108896,-51.20253902988758,0.4765728833380348
6567.177112795656,-31.36452505205395,0.4570887110999003
6568.561014502354,-23.92475752750537,0.45019008551269585
6569.944916209051,-21.15651889657479,0.44775925730550503
6571.328817915748,-19.351987753751647,0.4462725326835235
6572.7127196224465,-17.841388063855362,0.4454783595880256
6574.096621329143,-17.792418858506196,0.4452332674872927
6575.480523035841,-16.08858103428893,0.44348469588464445
6576.864424742538,-3.9242222160333218,0.43469933227220503
6578.248326449235,2.3276143521499124,0.4301014379440672
6579.632228155932,0.39260186710502787,0.4320865686938186
6581.01612986263,-2.6939435484804815,0.4334942288766746
6582.4000315693265,-2.77516930609833,0.4342163784673788
6583.783933276025,-1.0649773250624595,0.43331344470298194
6585.167834982722,-2.84377513778043,0.4343340041255991
6586.551736689419,-3.8471109901440057,0.43502205110721653
6587.935638396117,-2.404136595419915,0.4341710814944138
6589.319540102813,-1.5646530825643927,0.4335404893638366
6590.703441809512,-1.549103030832283,0.4339009857847264
6592.087343516208,-6.3610457219021495,0.43813215701098135
6593.471245222906,-17.030344387846295,0.4436547966394025
6594.8551469296035,-13.524198140331393,0.4425596976680591
6596.2390486363,-7.349924786213143,0.43870481208721807
6597.622950342998,-6.999369467617684,0.43828629541861885
6599.006852049695,-7.656954636139251,0.4381401908565317
6600.390753756392,-5.2952716094016505,0.43675293035859714
6601.77465546309,-1.3339122667301684,0.4345507796165689
6603.158557169787,0.11670701983814302,0.43345948775213516
6604.5424588764845,-0.6141048676234855,0.43345560432725844
6605.926360583182,-0.0005441344149367255,0.4331004112737147
6607.310262289879,0.03732783874141343,0.4340226911247396
6608.694163996576,-2.265094497107243,0.43392753018737057
6610.078065703274,-2.284298068021971,0.43530059981679275
6611.46196740997,3.5795230093225614,0.43110460551665775
6612.845869116669,4.330828197540872,0.43086509697371084
6614.2297708233655,2.8465097196285214,0.4314710274740772
6615.613672530063,2.9863165409009245,0.43184403508780755
6616.997574236761,4.335592025788813,0.43090606708433904
6618.381475943457,5.042518983184112,0.4303290284119103
6619.765377650156,4.195757445897497,0.43117375471972447
6621.149279356852,3.4512182756564638,0.4314159166097744
6622.53318106355,4.867211373737515,0.4305335759019162
6623.917082770247,7.295330369270946,0.42946076854032866
6625.300984476944,3.689762114113922,0.431664534804421
6626.6848861836415,-0.056759675439439716,0.434070916972177
6628.068787890339,-1.440258721582802,0.4353622086237614
6629.452689597036,-1.8080977507877094,0.43546227445210905
6630.836591303734,-1.5258496564246098,0.43611673672980644
6632.220493010431,-6.434842923225092,0.43964704323991777
6633.604394717128,-13.383531427697381,0.44366002493532547
6634.988296423826,-12.94284818009259,0.4433927496453347
6636.3721981305225,-4.796200990153164,0.4386062340151393
6637.756099837221,1.903323787086543,0.43446604134004807
6639.140001543918,-0.9119750347691403,0.4353011764020036
6640.523903250615,-1.135364844338901,0.4349256179091063
6641.907804957313,2.831295965597661,0.4342400186390786
6643.291706664009,0.6924974692564896,0.4339397227451617
6644.675608370707,-1.9609686481441477,0.43623716812089003
6646.059510077404,-0.5775724705538181,0.4355582359792299
6647.443411784101,2.9173346628482832,0.43302854839498667
6648.8273134907995,5.5805106707827825,0.43152863355731025
6650.211215197496,6.556763464380333,0.4308250646092211
6651.595116904194,5.404084231228319,0.4317819061895399
6652.979018610891,5.043240361536922,0.4318608961651636
6654.362920317588,3.5709704198623307,0.4332652078265127
6655.746822024285,2.2242645711003037,0.4338120981364144
6657.130723730983,4.211966723676695,0.43269183188612553
6658.51462543768,5.763373371632895,0.4314895582401429
6659.898527144378,5.18578668977066,0.43220854233035544
6661.282428851075,1.3040953489693736,0.4347008201922583
6662.666330557772,-3.844153573578492,0.4383842941141136
6664.05023226447,-6.573163942581383,0.44100320451824054
6665.434133971166,-5.538282386823434,0.4394837705247963
6666.818035677865,-2.407763345249054,0.43801677418427976
6668.2019373845615,0.5410165337404149,0.4357350525337182
6669.585839091259,1.8942573960448281,0.43516240008918555
6670.969740797957,1.5292486913592347,0.4348737334579942
6672.353642504653,3.3100163993858542,0.4336417486030121
6673.737544211351,5.213030453897448,0.4331235104530403
6675.121445918048,2.866382580856375,0.4346801711845547
6676.505347624745,-2.4339839583930285,0.43781927371845647
6677.889249331443,-6.528524173362227,0.4407635413775824
6679.27315103814,-7.552764633644307,0.44161148370547015
6680.6570527448375,-3.611820273158507,0.4390598428396448
6682.040954451535,1.2992432478530986,0.4360012902940794
6683.424856158232,3.7026985433582773,0.43406312511578815
6684.80875786493,3.9409555073920144,0.4342443710695434
6686.192659571627,2.1685006124885717,0.43490265387494786
6687.576561278324,4.18846694382964,0.4337186963291042
6688.960462985022,5.478799645346043,0.43311833339074
6690.3443646917185,4.866032090689094,0.43332203465051505
6691.728266398416,6.119425624274964,0.4324381594891418
6693.112168105114,7.730418885717136,0.4318580626497352
6694.49606981181,3.3185099822232194,0.43498622951157173
6695.879971518509,-2.737821075625803,0.4385128651176465
6697.263873225205,-1.5083417833679544,0.43835183617140594
6698.647774931903,-0.24492384182178428,0.43741016402765603
6700.0316766386,1.5374878385665616,0.43618891462141995
6701.415578345297,2.4485148228663594,0.43583152264252883
6702.799480051995,-0.02094425985620596,0.4375054769633269
6704.183381758692,-3.0059702897099463,0.4395523638202321
6705.567283465389,-2.2092047686057628,0.4392825708323098
6706.951185172087,-0.14967690636096043,0.4375264677443533
6708.335086878784,1.1182755782269083,0.4374182709527944
6709.718988585481,1.5322381038683384,0.4364772524745434
6711.102890292179,0.5137671494222582,0.43761691130639646
6712.486791998876,-2.0600303835390466,0.43938887884176464
6713.870693705574,-4.189153773258259,0.4412582004181909
6715.254595412271,-8.809628308257768,0.44474480467116617
6716.638497118968,-12.476093741638191,0.44714211618419897
6718.022398825666,-10.69330999230515,0.4458298060781635
6719.406300532362,-5.458518140230289,0.4425485075026192
6720.79020223906,-1.5698051379000275,0.43981408320735693
6722.174103945757,-1.5123087593321753,0.439475538144895
6723.558005652454,-1.4358560706012118,0.4394927217110723
6724.9419073591525,-2.0762150539589976,0.4396783321522516
6726.325809065849,-2.829816292616975,0.4399428097959314
6727.709710772547,-1.8073797347352898,0.43921210696238755
6729.093612479244,0.77412954386216,0.43763698290689745
6730.477514185941,2.530804465605919,0.4365640230235863
6731.861415892639,1.9577297738319732,0.43676407604843626
6733.245317599336,1.0899463485602956,0.4371706924286146
6734.6292193060335,2.2565921465256658,0.4368300437987077
6736.013121012731,3.767383835138106,0.43588961676064064
6737.397022719428,1.3794939657457608,0.4376636614785559
6738.780924426125,-2.5507257585888783,0.4403392824083705
6740.164826132823,-3.0813355823952686,0.4407450940115367
6741.548727839519,-0.4784646715147569,0.43927401836321317
6742.932629546218,0.7073222405009223,0.4385638152892185
6744.3165312529145,-1.017638487861912,0.4395942489372801
6745.700432959612,-1.9704652412374744,0.4405512178378326
6747.08433466631,-2.972165196857925,0.44133486652792053
6748.468236373006,-3.0998009793365253,0.4413991044342777
6749.852138079704,-0.527989892155218,0.439941719464657
6751.236039786401,-2.670198275361909,0.4410259914084925
6752.619941493098,-0.8595963795437029,0.4399501413850585
6754.003843199796,2.403835142777097,0.43776060603445344
6755.387744906493,3.6722100311919568,0.4367576447461384
6756.771646613191,3.1412455646901587,0.4372129495954857
6758.155548319888,2.571848090506306,0.43767985435500417
6759.539450026585,2.8149630203925833,0.4375045783277449
6760.923351733283,3.205819999300087,0.43756933391102376
6762.30725343998,2.1700290692787787,0.43829456861829613
6763.691155146677,1.725184430236979,0.43847607645391606
6765.075056853375,-0.17535284827223752,0.4404438313677216
6766.458958560072,-3.1097503523070036,0.44216216850114265
6767.842860266769,-4.396371431132534,0.4428730417521893
6769.226761973467,-3.652169718685075,0.4430549637091583
6770.610663680163,-3.6223003809411676,0.4427309061315469
6771.994565386862,-4.012230297722307,0.4427322391519314
6773.378467093558,-3.1684727401886055,0.4424477225822163
6774.762368800256,-0.2886533600367347,0.43995165952154286
6776.146270506953,2.34835114471425,0.4387314406288692
6777.53017221365,3.218667107896113,0.43760726825825785
6778.9140739203485,4.976263900194805,0.4362647159060523
6780.297975627045,6.456475889011189,0.4356423135708682
6781.681877333743,5.279766999264118,0.43634638012978316
6783.06577904044,2.9020069595923097,0.4378098806375686
6784.449680747137,0.09270355184351997,0.44003793412091696
6785.833582453834,-1.5368108328984882,0.4411616571363546
6787.217484160532,0.013536345856409504,0.44019770936423014
6788.601385867229,1.6976944901611337,0.4392595777562741
6789.985287573927,0.5947103670965244,0.4401929746410999
6791.369189280624,-1.568598616377594,0.4416480043334591
6792.753090987321,-2.5500684875010196,0.44232160522439634
6794.136992694019,-2.2198910661406623,0.44233417905631744
6795.520894400715,-1.921972908149729,0.442221146593918
6796.904796107413,-2.506534167170458,0.44218159390067235
6798.2886978141105,-0.4808701692035928,0.4410985149316604
6799.672599520807,1.9378283070230609,0.4389676923256302
6801.056501227506,3.674089008447841,0.4383139760527797
6802.440402934202,4.475525696215902,0.4374979930588794
6803.8243046409,4.024630218196106,0.437758133782548
6805.208206347597,2.269629897989817,0.43939704448913725
6806.592108054294,0.264495498683218,0.44039776759345656
6807.976009760992,0.3851482777420263,0.44091754472069783
6809.359911467689,-0.22512013829069666,0.44085756410932353
6810.743813174387,0.17823880216694254,0.440738508790416
6812.127714881084,1.598003842673677,0.43990048555382333
6813.511616587781,2.6690029191140656,0.43903857319271955
6814.895518294478,2.811978790415158,0.43879535772859996
6816.279420001176,3.7432524830204468,0.43820257993675094
6817.6633217078725,5.172880950548925,0.43742861305677777
6819.047223414571,3.086289528037148,0.43899919457146647
6820.4311251212675,0.8156752987903895,0.4402574431913504
6821.815026827965,1.4879561705251039,0.44007221311642764
6823.198928534663,3.2070745970831798,0.43895372445201114
6824.582830241359,3.4094360162993187,0.43889838646744295
6825.966731948058,2.4431705878373844,0.43969641128440506
6827.350633654754,-0.04273048840401428,0.4409966515031422
6828.734535361452,-1.9910778097833952,0.4420739594021408
6830.118437068149,-0.4048846417222549,0.44182212458986203
6831.502338774846,0.9830691765070516,0.4401253993049569
6832.886240481544,0.2772070389085184,0.4412698317129618
6834.270142188241,1.6502902024831574,0.44028990641486215
6835.654043894938,0.35059990814074027,0.4415442083081589
6837.037945601636,-3.5736367096073653,0.4445198228773328
6838.421847308333,-7.367941952810336,0.44770801639684354
6839.80574901503,-10.465114448030405,0.4505275609170395
6841.189650721728,-14.057215979782939,0.45312580017940973
6842.573552428425,-16.42120039460083,0.45462490649112136
6843.957454135122,-11.950087935493016,0.4513856724995535
6845.34135584182,-5.587795198372991,0.44737468003246167
6846.725257548516,-3.0883266864437044,0.44524713392042004
6848.109159255215,-1.0766361486186495,0.4437680675460407
6849.493060961911,0.5348640456586802,0.4426369745254761
6850.876962668609,0.7096730348659235,0.44253134138645683
6852.2608643753065,-0.47238229297313916,0.4434956242364498
6853.644766082003,-1.516985296750936,0.4441636388959204
6855.028667788702,-2.6148342156509803,0.44556790521543277
6856.412569495398,-7.0632388293226,0.44816959534028883
6857.796471202096,-6.517723719776058,0.44802794844152705
6859.180372908793,-4.259413947339015,0.44702151417099456
6860.56427461549,-3.2605305897569075,0.44602908289986876
6861.9481763221875,-2.933727151818508,0.44516518723689047
6863.332078028885,-1.311924363322674,0.4437470006075323
6864.715979735582,2.151566266575254,0.4406865017387719
6866.09988144228,9.386014924161561,0.43635843791238277
6867.483783148977,6.86980336328833,0.43669398860831365
6868.867684855674,1.3029762532301166,0.4389075466444339
6870.251586562372,-1.5476610892819616,0.44083741366945206
6871.635488269068,-2.3921773088014073,0.4419606116704593
6873.019389975767,-3.5762072902611526,0.44300163409824816
6874.4032916824635,-3.1293917042246275,0.44311515278173313
6875.787193389161,3.7642850784635877,0.4398345168486738
6877.171095095859,5.068287206058378,0.4380865850571514
6878.554996802555,-0.029431781643692645,0.44296156808603043
6879.938898509253,-4.788049838568517,0.44700139671667194
6881.32280021595,-7.4893668523103605,0.4496228751287782
6882.706701922647,-7.737261031245392,0.45036459515477906
6884.090603629345,-6.969656344724276,0.45000073286752174
6885.474505336042,-6.580934012970284,0.44938969159008063
6886.85840704274,-5.441784816609741,0.448016597282209
6888.242308749437,-1.1142153738871856,0.4451050786615972
6889.626210456134,3.0093055017519186,0.4418046196694258
6891.010112162831,1.856162485143234,0.44279014059590976
6892.394013869529,0.5550006426499277,0.4438741912385744
6893.7779155762255,-0.9861662999684753,0.4453589971586437
6895.161817282924,-2.0589949959831264,0.4461785154403859
6896.545718989621,0.09503567446090222,0.4442417845002329
6897.929620696318,5.932181312027438,0.4403820639801228
6899.313522403016,9.855393003626771,0.437601550523076
6900.697424109712,5.750635780294329,0.4404831973093043
6902.081325816411,5.239855238523155,0.44113095290190235
6903.465227523107,3.3077241699157653,0.44278218064370534
6904.849129229805,0.66215236495567,0.44502649478816764
6906.2330309365025,-0.5581120196675984,0.44633769782234656
6907.616932643199,-0.4387187664543355,0.4465685486064192
6909.000834349897,-0.5557779188698887,0.44709293452279614
6910.384736056594,-1.374667277464344,0.4471590886216381
6911.768637763291,1.7862764739341277,0.4454734245183826
6913.152539469989,1.3720453385459153,0.44576652070800016
6914.536441176686,-0.8949531670677093,0.44743618363953913
6915.9203428833835,-1.824136051991919,0.44813757522178704
6917.304244590081,-0.8589559426383263,0.44765245897607325
6918.688146296778,-0.4484428058237644,0.44825743050840555
6920.072048003476,-3.251500754921225,0.44824365880298944
6921.455949710173,3.5016754540613384,0.4456079136523812
6922.83985141687,0.7524260941857019,0.4466732516940305
6924.223753123568,-3.2784342928685124,0.44900715973353855
6925.607654830264,-3.6543066498175145,0.449522561246135
6926.991556536962,-0.715180583536644,0.4482039907091368
6928.3754582436595,1.6618892917937942,0.4471295407744406
6929.759359950356,0.3648674524495621,0.44723287040241655
6931.143261657055,1.9022552124285999,0.4469859475222763
6932.527163363751,1.655483302733086,0.4469057249985797
6933.911065070449,1.2194360615118485,0.4471011487268973
6935.294966777146,2.1393084893419037,0.4465043962673254
6936.678868483843,4.522802851857131,0.4447933600059979
6938.0627701905405,7.500970334304278,0.4426241849554501
6939.446671897238,9.44521409417979,0.44118935661100706
6940.830573603935,9.16556171311536,0.44123229736772523
6942.214475310633,7.77359109292327,0.44278248525695774
6943.59837701733,3.670309668668027,0.44551194279938416
6944.982278724027,0.3242743539940436,0.4485056422770208
6946.366180430725,-0.8495867448873091,0.449519280566341
6947.7500821374215,-1.0326069201399868,0.4492199583018151
6949.13398384412,-1.0219954987847517,0.4489320393212383
6950.517885550817,1.6311342162547549,0.44688062254158833
6951.901787257514,1.9106427263211931,0.4470832341769486
6953.285688964212,3.0400378547159663,0.4462061245671559
6954.669590670908,4.70409471806674,0.4452875102453677
6956.053492377606,5.0009339484301245,0.44534810608623987
6957.437394084303,2.813058409274398,0.4470524387727983
6958.821295791,-0.5283071093977205,0.4496477973929327
6960.2051974976985,-2.441776131676396,0.4514361980198161
6961.589099204395,-4.7431887330864555,0.4537963252820552
6962.973000911093,-2.7758627034818515,0.4510297503721633
6964.35690261779,-0.9022452705571784,0.4508131220764942
6965.740804324487,-0.9723919817475135,0.45051841456364417
6967.124706031185,-1.005600542795842,0.45011872753170307
6968.508607737882,0.5276681835167593,0.44932300272381587
6969.892509444579,2.6420617220770772,0.4475988138924597
6971.276411151277,2.5463913631025257,0.44758249927526816
6972.660312857974,-0.9882250336284106,0.4507686611928196
6974.044214564671,-2.1639890866213087,0.4511454794476047
6975.428116271369,-2.992320461488948,0.4526200547653297
6976.812017978065,-8.412912071474388,0.45687287196291104
6978.195919684764,-14.710882292046566,0.4611305319410919
6979.57982139146,-14.144948899491855,0.4609160012840663
6980.963723098158,-6.87155566245686,0.45521314106693245
6982.3476248048555,1.971803873923203,0.44813016482426304
6983.731526511552,5.9063600026431455,0.44613960483509074
6985.11542821825,5.0509685960746555,0.44618688539065005
6986.499329924947,2.2724436144371563,0.4482153083843537
6987.883231631644,-1.4070615781960096,0.45144652908315397
6989.267133338342,-4.041387839574687,0.4532889185386903
6990.651035045039,-0.7252209829639222,0.45053807835363807
6992.0349367517365,1.4310876057172575,0.4497334109550341
6993.418838458434,1.8010360053104264,0.44893690028933403
6994.802740165131,2.588893994248757,0.4484280501081182
6996.186641871829,2.9011733957733394,0.4483858222671354
6997.570543578526,1.1698607186941237,0.44978660389302194
6998.954445285223,-2.547339406212633,0.4526920876308893
7000.338346991921,-5.4222385911566535,0.4550466759807969
7001.7222486986175,-4.557819763917627,0.45468616546030416
7003.106150405315,-4.9239656202611854,0.45478964912649783
7004.490052112013,-7.725125342136276,0.4573038126971685
7005.873953818709,-8.92384225618251,0.4579940553336891
7007.257855525408,-6.295951531711206,0.4558507994970255
7008.641757232104,-1.1632028546025315,0.4523767229797791
7010.025658938802,2.0308597037866205,0.4498490374092818
7011.409560645499,-0.9754115561839474,0.45192929874910664
7012.793462352196,-3.3492758528869895,0.45327420808401286
7014.177364058894,-4.892670009864097,0.45577421991894906
7015.561265765591,-10.183695585158992,0.45985506702765144
7016.945167472289,-13.869466549234303,0.46215186892887766
7018.329069178986,-10.461741626799713,0.45995644229253513
7019.712970885683,-3.177393265902272,0.45484918243857064
7021.09687259238,0.522258224395191,0.4516405851537525
7022.480774299078,-3.150247778272144,0.4552196029191658
7023.8646760057745,-7.772227764157422,0.4576234031848179
7025.248577712473,-7.258413248869417,0.45755366592207214
7026.63247941917,-4.830719372342839,0.45626009196855655
7028.016381125867,-3.9122380416356908,0.4549683905252088
7029.400282832565,-1.0990285057938036,0.45329622931270147
7030.784184539261,0.5061140227313524,0.45189138839037524
7032.168086245959,1.2128564764719258,0.4511837241455906
7033.551987952656,1.2310065223928852,0.45171069189518104
7034.935889659353,-0.6624817679698765,0.45323058450165865
7036.3197913660515,-3.160794922323098,0.4549620148997369
7037.703693072748,-4.12642724601181,0.4560469146856434
7039.087594779446,-4.078366460994664,0.455979198604243
7040.471496486143,-1.4130437517505379,0.454154215654435
7041.85539819284,0.836681036112494,0.4526436115864109
7043.239299899538,1.5044221022575535,0.4517584921610048
7044.623201606235,2.5686512931733945,0.45079972625954795
7046.0071033129325,4.405827511142601,0.4495572602403676
7047.39100501963,5.968825801631703,0.44860989253618366
7048.774906726327,4.649789804907797,0.449079146265481
7050.158808433024,2.6971792054669486,0.45042703284863844
7051.542710139722,1.4181237546955454,0.45186020469184246
7052.926611846418,0.0,0.45299832855287514
7054.310513553117,-1.6278117452595298,0.45415151852666535
7055.6944152598135,-1.544897708693484,0.45462638576304987
7057.078316966511,0.9989993594261113,0.45357509168053806
7058.462218673209,1.029613452571808,0.4528729028465478
7059.846120379905,-0.22270195277876637,0.4540300488599585
7061.230022086603,-0.8138929414334246,0.45466464013187047
7062.6139237933,-0.3858583374652841,0.4544550524742364
7063.997825499998,0.7623593850496574,0.45373887340287605
7065.381727206695,1.7888591618780956,0.4532485275335266
7066.765628913392,1.2819573976056455,0.45384123530057086
7068.1495306200895,-2.966746950866937,0.4563232549466757
7069.533432326787,-1.4602996602048501,0.4560477526946457
7070.917334033484,1.452494131866676,0.45398168926032995
7072.301235740182,2.6515734985548334,0.45299519725789417
7073.685137446879,3.2007129563514947,0.4525192788620944
7075.069039153576,4.946492348752981,0.4512400258536251
7076.452940860274,6.663758391855544,0.45030849301139636
7077.8368425669705,3.4952171525373,0.4527426939054873
7079.220744273668,2.138192171295131,0.45330795968309917
7080.604645980366,2.483695794207989,0.4534995691372908
7081.988547687062,1.781573062954045,0.4546543303344379
7083.372449393761,-1.6338835002190168,0.4572818675914386
7084.756351100457,-6.1062229848525265,0.4602271924973689
7086.140252807155,-4.2955714488680705,0.4595439008026426
7087.524154513852,-0.35962321283896825,0.45648739291328655
7088.908056220549,0.6492163770308059,0.45599240274101316
7090.2919579272475,-0.2821253112938244,0.4564008262331552
7091.675859633944,-1.2220219600465552,0.45697054191667186
7093.059761340642,-0.8867455217945539,0.4571707267348027
7094.443663047339,0.4685140077126188,0.456405797534784
7095.827564754036,0.5557608869702413,0.45564569444231645
7097.211466460733,1.7350171840494806,0.45570535305011994
7098.595368167431,3.2446149152697874,0.45404658677331844
7099.979269874128,4.644322708948285,0.4529865718318273
7101.363171580826,5.610865843467467,0.4527024361821593
7102.747073287523,5.781025988657078,0.4523201530784697
7104.13097499422,4.546428284602066,0.4536173373713398
7105.514876700918,2.428672241451304,0.4549135446586214
7106.898778407614,-0.5860713483912505,0.4580832723083343
7108.282680114312,-1.887170753716738,0.4588932039505897
7109.6665818210095,-2.0485594116448596,0.4590087991732422
7111.050483527707,-2.566251615534305,0.460032783796732
7112.4343852344045,-3.815681333118825,0.4605234504902669
7113.818286941101,-2.0975617034688954,0.4594990043137913
7115.202188647799,1.3776244884363997,0.45681271462189454
7116.586090354496,1.5271852997308941,0.45679824905487054
7117.969992061193,0.3346829633401663,0.45766134593349717
7119.353893767891,-0.5753693760414658,0.4584723661844325
7120.737795474588,-1.251597955935385,0.45951885825299876
7122.1216971812855,-2.8647907862343036,0.4604841749832111
7123.505598887983,-2.957303572104974,0.4604624615002316
7124.88950059468,2.485909719508531,0.4566923407129649
7126.273402301377,2.0140104465349955,0.4571629900500608
7127.657304008075,-1.2254708258466578,0.45943056218515405
7129.041205714771,-2.2206803711514636,0.4602284598201013
7130.42510742147,-3.933846043476183,0.4626323549074205
7131.8090091281665,-8.81247215578746,0.46544038946083055
7133.192910834864,-3.7882387908149338,0.4620431451871276
7134.576812541562,1.3267281976519787,0.45778988412728705
7135.960714248258,4.265245086802117,0.45541575334383416
7137.344615954957,5.730059432705896,0.4544873784519823
7138.728517661653,6.991604474545387,0.4530280382742113
7140.112419368351,5.8349855256756396,0.45483830520060514
7141.496321075048,2.796062895704519,0.4562832161314582
7142.880222781745,2.835666992750956,0.45684807244535386
7144.264124488443,2.0089671968523293,0.4576967157438355
7145.64802619514,-1.317924469956076,0.46029061761396783
7147.031927901837,-5.801242620402631,0.46446874647628245
7148.415829608535,-8.770837836790653,0.4657268195271542
7149.799731315232,-4.441335266217548,0.4631120828889562
7151.183633021929,2.5763459937607305,0.4576055062514107
7152.567534728627,5.018872542886252,0.45544832663267754
7153.951436435324,3.171940452375431,0.4568227950555594
7155.335338142021,1.4929258096164149,0.45805124210596054
7156.719239848719,4.421058636987315,0.45473012366035415
7158.103141555416,1.9847765181163388,0.45789527599160523
7159.487043262114,-0.8826118214745731,0.4604614655601455
7160.87094496881,-1.058813927856185,0.4610458741698093
7162.254846675508,-2.304972192430862,0.4623665820247596
7163.638748382205,-7.048152706583121,0.46605483552787175
7165.022650088902,-12.515456304268344,0.4702672217650941
7166.4065517956005,-9.523473557323747,0.46871854933277224
7167.790453502297,-0.6626492514802675,0.46013106813539006
7169.174355208995,7.532249689263915,0.4531630592528534
7170.558256915692,10.727636849896511,0.4499072746653601
7171.942158622389,7.6923955926301995,0.45168174388026744
7173.326060329086,1.341042463102104,0.458098568989955
7174.709962035784,2.0399361576200645,0.4585132552871944
7176.093863742481,1.2006723262162002,0.4593519750317944
7177.477765449179,-0.6343837740700428,0.46026225781660357
7178.861667155876,-3.1681217922510174,0.46280141924621443
7180.245568862573,-5.439434878759188,0.4653505464159146
7181.629470569271,-5.474065486732069,0.46455398909571866
7183.013372275967,0.42716816775904165,0.4599670386161427
7184.397273982666,5.478143787617649,0.45628566270745435
7185.7811756893625,-0.41495715873893657,0.4594434442539692
7187.16507739606,-6.875660230292457,0.4650550541140857
7188.548979102758,-8.397517217618027,0.4676203792627767
7189.932880809454,-5.829220301566026,0.46524833612163125
7191.316782516152,-5.991221518070704,0.4665096362608345
7192.700684222849,-10.608964915259838,0.4695298442095933
7194.084585929546,-7.707181580926163,0.4668540241610392
7195.468487636244,-5.781782532978982,0.4657620796401285
7196.852389342941,-5.187015053503823,0.46547717790133447
7198.236291049639,-2.9061358234343286,0.4629701412032454
7199.620192756336,-0.25147856954320885,0.46192223279112765
7201.004094463033,-1.6183157978056173,0.4617709486332367
7202.38799616973,-1.6730395269778675,0.46174576795179173
7203.771897876428,0.2772865952087689,0.4609808162315959
7205.155799583125,-0.4836598377946583,0.46169287550833826
7206.539701289823,-6.454379671054203,0.4656541054602937
7207.92360299652,-9.857831654706409,0.4700628272255381
7209.307504703217,-5.57057133384023,0.4659001164074336
7210.691406409915,-0.1426920753931331,0.4619753129177318
7212.075308116611,2.434739549891959,0.46000039121684544
7213.45920982331,1.6369157654337838,0.46053335950844065
7214.843111530006,-0.5215964806858687,0.46245514401557
7216.227013236704,-0.9134001138478096,0.46228306228290805
7217.610914943401,-2.410346366408834,0.4643352631482067
7218.994816650098,-2.300835013224871,0.46336736840325676
7220.378718356796,-0.49540118285220314,0.46199481638364165
7221.762620063493,0.020921288625959322,0.4619934415037024
7223.14652177019,-2.2277024797246927,0.4633804897773122
7224.530423476888,-1.9462502332748355,0.46332177358050447
7225.914325183585,2.635283772868239,0.4598688765720386
7227.298226890282,2.6223243634807663,0.45959369266739153
7228.68212859698,0.5217845371163949,0.4612854761451004
7230.066030303677,0.2464093187152454,0.4617914002934029
7231.449932010375,3.4492060588483504,0.4592957046546639
7232.833833717072,6.2921876235272265,0.4578354576247919
7234.217735423769,-1.3242701812612094,0.46207371504523326
7235.601637130467,-4.056547373838414,0.4646410657142557
7236.985538837163,-1.7845496566131622,0.463075934185067
7238.369440543861,1.5153468988389889,0.4602592492397868
7239.7533422505585,1.2112497744298172,0.4603706253382055
7241.137243957255,-3.141430017702612,0.4618460639430303
7242.521145663954,-0.22799884495295553,0.4602028591517551
7243.90504737065,1.9685610646893954,0.45842227598805496
7245.288949077348,2.647918942594291,0.4576140876517747
7246.672850784045,2.6150102824798256,0.4580429962274511
7248.056752490742,2.56477410995766,0.45924975562180587
7249.4406541974395,2.341265202812826,0.46011157320496165
7250.824555904137,0.30133464275475835,0.4621482676774294
7252.208457610835,-2.7837911303780953,0.46366603770743303
7253.592359317532,-2.3309710087734175,0.463287083686724
7254.976261024229,0.9408856432110795,0.46143248007507964
7256.360162730926,1.9551579076798824,0.4600882581902299
7257.744064437624,1.5657528224924764,0.46119308808622084
7259.12796614432,1.3826663497520684,0.4614669855405481
7260.511867851019,0.5921981575142838,0.4621904608075862
7261.8957695577155,-1.0066818972555307,0.46328995421674163
7263.279671264413,-1.768335989357541,0.46364907844759
7264.663572971111,0.9566792122799131,0.46171654161098485
7266.047474677807,0.6939993130023796,0.46180768510767983
7267.431376384505,3.0537593461562023,0.459743055080855
7268.815278091202,5.05945145284471,0.4586907738492285
7270.199179797899,4.481646375488731,0.4595145090328338
7271.583081504597,1.4424008616436137,0.46151061971169577
7272.966983211294,0.6948502797410319,0.4625296289974157
7274.350884917992,-0.9625217507834742,0.4615093906233239
7275.734786624689,1.0130644629895942,0.45984923435950165
7277.118688331386,2.0788926690023737,0.458160266735132
7278.502590038084,2.0621880596221245,0.4577726712564085
7279.886491744781,3.003881947254058,0.4591709528532479
7281.270393451478,5.4068598091582025,0.45955233817447694
7282.654295158176,-1.3374597562506831,0.46372117522517664
7284.038196864873,-3.9641419814132983,0.4657923800178433
7285.42209857157,-2.31753458913855,0.4647187999057403
7286.806000278268,0.1017668110995576,0.46304649389830005
7288.189901984964,-1.2995835490646201,0.46460641635050437
7289.573803691663,-4.963810086774615,0.4668873770819162
7290.957705398359,-7.342186590033898,0.4699490149477202
7292.341607105057,-10.57545133854961,0.4717595666115271
7293.7255088117545,-8.021166965446518,0.46971820163065114
7295.109410518451,0.37572848808878356,0.46425867643393864
7296.493312225149,4.705962967960103,0.4596715505397882
7297.877213931846,6.04158371288993,0.45883375511437746
7299.261115638544,5.293338436336036,0.4598904025255204
7300.645017345241,3.9252782934001904,0.4602273235085486
7302.028919051938,5.190430802508111,0.458723003069349
7303.4128207586355,9.509831976044708,0.4561239489481316
7304.796722465333,8.737762927192275,0.4563189570349843
7306.18062417203,2.2125393909274367,0.46133034067164885
7307.564525878728,-0.4210582020881619,0.4638637690419231
7308.948427585425,-1.351936533960762,0.46565550718348675
7310.332329292122,-3.010020456402173,0.4674190748581608
7311.71623099882,-6.1036868700407725,0.4685169135930134
7313.100132705516,-2.1936243875021275,0.4664526521160806
7314.484034412214,1.3954513401139133,0.46226545437164906
7315.8679361189115,5.036105971115106,0.4585798763135147
7317.251837825608,6.033754912669647,0.4573731970477493
7318.635739532307,3.512150336946397,0.4593967406801307
7320.019641239003,0.23279456917485652,0.4635929264757061
7321.403542945701,1.5410962084797324,0.4632024371707316
7322.787444652398,2.060440447990969,0.4634803631949619
7324.171346359095,0.4356272932269656,0.46516533307253893
7325.555248065793,-2.899317657151961,0.4676083084639299
7326.93914977249,-5.87672167216242,0.46921687374508125
7328.323051479188,-3.3241439695444845,0.46727128460513095
7329.706953185885,0.8263123091793068,0.46349489816410083
7331.090854892582,1.4787237354034501,0.46317206867554483
7332.474756599279,0.19858650144166679,0.464374120769061
7333.858658305977,-0.6272253119170872,0.4650293205325498
7335.2425600126735,1.0653720211487525,0.4640994092528866
7336.626461719372,3.6936786524881056,0.4625782130893755
7338.010363426069,4.159704019443691,0.46135075112813856
7339.394265132766,2.7930302664410136,0.46227900916685427
7340.778166839464,1.17686075424057,0.46239391210419234
7342.16206854616,1.0662385801415843,0.45987172625011624
7343.545970252858,3.4586636251315643,0.46213321002814095
7344.929871959555,-1.5015306061140552,0.46586920323940695
7346.313773666253,-0.9180247936422253,0.4659098948995886
7347.6976753729505,0.4759493842845791,0.46552969993829424
7349.081577079647,-0.5711211672276968,0.46655378003277914
7350.465478786345,-3.5508553572668413,0.4683562119264252
7351.849380493042,-3.953840547686716,0.46964912125126834
7353.233282199739,-6.40366077637646,0.4717097202073041
7354.617183906437,-7.029410762305347,0.47231925062784447
7356.001085613134,-7.046276644197377,0.4721082444114404
7357.384987319831,-7.4898248096000835,0.4717484909611556
7358.768889026529,-3.0764987148804552,0.46837964634849305
7360.152790733226,-0.26140227149013195,0.4656929480496293
7361.536692439923,-2.9018145037849123,0.46814777088469955
7362.920594146621,-5.003239636772591,0.47014483238815874
7364.304495853317,-3.7098195270327006,0.46917885137486814
7365.688397560016,-2.277812095932189,0.4676967536038968
7367.072299266712,0.2360576902033127,0.46640742047758194
7368.45620097341,0.8470396202522382,0.4639946240279537
7369.8401026801075,1.6290373065466315,0.4627642088055467
7371.224004386804,3.259944479372691,0.46224533480961877
7372.607906093503,4.848712427020238,0.4618367947911397
7373.991807800199,-0.11261965448432909,0.46660545717081797
7375.375709506897,-0.9987569239632654,0.4673447520682866
7376.759611213594,0.46254697869200945,0.4667013655247806
7378.143512920291,2.474121090540348,0.46520160803607974
7379.5274146269885,3.481989099856329,0.4639371556189762
7380.911316333686,2.4798045687654056,0.4653291580394138
7382.295218040383,0.05817089240291751,0.46729045361074234
7383.679119747081,-2.3605830076835845,0.4699798612411118
7385.063021453778,-7.753454191336644,0.47489188894866713
7386.446923160475,-14.274692229499166,0.480722795689646
7387.830824867173,-17.04274550868253,0.48410350323173407
7389.2147265738695,-14.617403302566263,0.48078098022618776
7390.598628280567,-9.484133818372358,0.4765752642731558
7391.982529987265,-4.879864598457239,0.4722889773920184
7393.366431693962,-3.1762917237119153,0.47022399693336786
7394.75033340066,-4.104750620836093,0.47097826018568834
7396.134235107356,0.15611467419677216,0.4682828515117411
7397.518136814054,-0.7048430488104569,0.4688677598885087
7398.902038520751,-1.88092012487002,0.4698477203075535
7400.285940227448,-1.7659692588199485,0.4688565872918221
7401.6698419341465,-0.29415572535430057,0.4662971276605667
7403.053743640843,0.79964695550609,0.46632126373466093
7404.437645347541,-0.1924319868779333,0.46743347830093335
7405.821547054238,-1.5611478325503274,0.46994774608474776
7407.205448760935,-2.6124919609087947,0.4709812012218243
7408.589350467632,-5.055677641140931,0.4727308508682755
7409.97325217433,-11.177440481475704,0.4793900406163729
7411.3571538810265,-12.729721577394713,0.47953225677820294
7412.741055587725,-6.418486362123483,0.47567331544322566
7414.124957294422,-5.335620678851288,0.47447976841631767
7415.508859001119,-7.2062051076075635,0.4749701931764427
7416.892760707817,-6.257525452009585,0.4742988033356721
7418.276662414513,-2.3085638192664795,0.47231627479071997
7419.660564121212,-2.8452691411229307,0.47246182846883256
7421.044465827908,-6.594813989102579,0.47528041200919696
7422.428367534606,-10.30409844981418,0.47837821047789647
7423.8122692413035,-10.906145662067258,0.47899378124826714
7425.196170948,-6.045928516066693,0.47450962310748424
7426.580072654698,1.9185536533296808,0.4686633916000102
7427.963974361395,4.910780538254234,0.4658535265887176
7429.347876068092,3.752206098955568,0.46634832998984094
7430.73177777479,0.6698304848419219,0.4686980988761451
7432.115679481487,-1.0148931342461047,0.4699301834210099
7433.4995811881845,1.508915129476296,0.4682615113814977
7434.883482894882,4.225364241693536,0.4664211863917047
7436.267384601579,5.232624089136058,0.4655205710346521
7437.651286308276,4.494864561347181,0.46563224366216394
7439.035188014974,3.2475254919212166,0.4663333742238677
7440.419089721671,1.036106065209692,0.46915303094999833
7441.802991428369,-1.5618430646790578,0.47121298866076905
7443.1868931350655,-4.4893557023128094,0.47449086065057494
7444.570794841763,-8.09673458319711,0.478325835536603
7445.954696548461,-11.783211641973518,0.48090827001334663
7447.338598255157,-9.490009881302992,0.4791882842173362
7448.722499961856,-4.03406814134355,0.4744686843682813
7450.106401668552,0.8037580481967042,0.4704745839948424
7451.49030337525,3.5815557793648494,0.4680035818289652
7452.874205081947,4.085871109681594,0.4671079868256588
7454.258106788644,3.323048583465612,0.4675435531750583
7455.6420084953415,3.7328074749083475,0.46767036028218884
7457.025910202039,3.4986024951170984,0.467831291629214
7458.409811908736,3.4720091280964978,0.467985265525961
7459.793713615434,2.600720271049093,0.46919580232446606
7461.177615322131,-3.8770983469911657,0.47487837773243285
7462.561517028828,-7.861041763195905,0.4782406421580099
7463.945418735526,-4.076615962937427,0.47509998883944854
7465.3293204422225,0.20598823512420616,0.47136929844589964
7466.713222148921,1.7510454828303184,0.46991015543619175
7468.097123855618,3.7961857746700614,0.4687381735925578
7469.481025562315,2.7955323522606497,0.46851724650371535
7470.864927269013,2.424394590465373,0.4696282306122937
7472.248828975709,2.073826069724666,0.4698990901279709
7473.632730682407,1.1023993229882958,0.4698364967180374
7475.016632389104,-0.9929990094502268,0.4723903989734347
7476.400534095801,1.2871182181981178,0.4701894865912465
7477.7844358024995,1.9431141713486295,0.4701870509991671
7479.168337509196,2.835457516270455,0.4694343613955203
7480.552239215894,3.283882570068635,0.4686498223789614
7481.936140922591,0.9297748485996432,0.47093889003878575
7483.320042629288,-1.5475163063825086,0.47290886324389325
7484.703944335985,-0.15713041841215813,0.47201955115575855
7486.087846042683,1.3837887312008212,0.47097201034967545
7487.4717477493805,2.310391676450437,0.47028963396887785
7488.855649456078,3.8274070635890007,0.46948305652671346
7490.239551162775,1.975942930772126,0.47108480944573855
7491.623452869472,-2.519984084302135,0.475153049281301
7493.00735457617,-7.475212504111742,0.479399622090808
7494.391256282866,-10.825064335682706,0.48202885770636866
7495.775157989565,-10.260201960795646,0.4814699189685426
7497.1590596962615,-3.005788972137693,0.4760088401159716
7498.542961402959,1.46399361252027,0.4722851965635931
7499.926863109657,3.05314320694956,0.47060287742573603
7501.310764816353,2.8530401897144917,0.47063717591232607
7502.694666523051,2.1713791565191105,0.4717331018623311
7504.078568229748,-0.040407686272930565,0.4735615012733048
7505.462469936445,-3.1886616045183818,0.4759966889282287
7506.846371643143,-3.2571003554012097,0.47630822781471777
7508.23027334984,-1.8368236691666857,0.47570968012284326
7509.6141750565375,-2.6918668041280895,0.4767861379520229
7510.998076763235,-8.572293568504364,0.48082902999444266
7512.381978469932,-8.84184538377484,0.4808751321800591
7513.76588017663,-3.828251675640794,0.4767194720311671
7515.149781883327,2.7991500706995645,0.47140566677399837
7516.533683590024,5.855182518598474,0.4691256014059357
7517.917585296722,0.1973194177654296,0.4724729911627225
7519.3014870034185,-0.23466219107294728,0.47364369186649763
7520.685388710116,-0.316316679092402,0.4735312982442561
7522.069290416814,-1.075067624501382,0.4736429480503481
7523.45319212351,-1.922895226512785,0.47503757128351887
7524.837093830209,-1.1797511199944641,0.47175563341846916
7526.220995536905,0.551692898605161,0.4717158399905582
7527.604897243603,1.8906002466103766,0.47144127416484966
7528.9887989503,1.6854502897180508,0.47175146901178305
7530.372700656997,-0.9466661371489935,0.4746091356068851
7531.756602363695,-3.509706135898125,0.4761563494310414
7533.140504070392,-2.551802646312153,0.4757123153638403
7534.52440577709,-0.06589341327733345,0.4739191440770115
7535.908307483787,2.090214486170499,0.4721408644221164
7537.292209190484,2.2010014900883252,0.4719772661752268
7538.676110897181,1.7465194419048988,0.47218867344848936
7540.060012603879,0.3323104517045057,0.47418629622222436
7541.443914310576,0.24407555723627428,0.47351932529682744
7542.827816017274,0.9395070462429813,0.4721428350709807
7544.211717723971,0.1723909307077376,0.47517000594137987
7545.595619430668,-1.6917324235592008,0.47528706670128684
7546.979521137366,-1.5558331412188173,0.4754437175459884
7548.363422844062,-0.5226759396728121,0.47467053556532557
7549.74732455076,0.9513760747274618,0.4732209375140646
7551.1312262574575,2.6366882791133612,0.47227608644832403
7552.515127964154,-0.19257975793302373,0.4743058411041718
7553.8990296708525,-3.0918124877993574,0.4768220927219112
7555.282931377549,-5.199781854315336,0.4789519672364179
7556.666833084247,-6.124838231843565,0.479987945643486
7558.050734790944,-6.011461041983452,0.4793057445702256
7559.434636497641,-2.318072035683628,0.4766125454078326
7560.818538204339,-0.8093000804303675,0.4752905311779042
7562.202439911036,0.7971352749161182,0.4738435545204368
7563.5863416177335,3.2583383625829434,0.4718258420363989
7564.970243324431,5.147552985050186,0.47039601390701036
7566.354145031128,4.311532588081295,0.4710509666115026
7567.738046737825,2.088408772550463,0.47291847305630996
7569.121948444523,-0.1500284794123461,0.47457740085082
7570.505850151219,-1.1715870354657358,0.47497804140135236
7571.889751857918,1.280186144369217,0.4737178555963732
7573.2736535646145,-0.6536635883175466,0.4743937639748779
7574.657555271312,-0.938374810129145,0.4742137753180423
7576.04145697801,0.5740395384666216,0.4730538721947169
7577.425358684706,2.5406739943592647,0.4718178217011755
7578.809260391404,0.8540361492202152,0.47437116178563743
7580.193162098101,0.8010255310393323,0.4749525508249316
7581.577063804799,0.0,0.47572922033708254
7582.960965511496,-2.7071347805754886,0.4782519588563728
7584.344867218193,-7.396879009639861,0.48297829030679656
7585.728768924891,-8.463633308689127,0.4830956773363734
7587.112670631588,-6.594860659696751,0.48147867467791167
7588.496572338285,-4.69922748449318,0.4801506544959642
7589.880474044983,-2.9017341452675214,0.47870457802861943
7591.26437575168,-0.09140365754961455,0.47573070774143933
7592.648277458377,6.188048996027881,0.4700892852987588
7594.032179165075,4.576205592479484,0.46843989570473743
7595.416080871772,-0.6751785443055849,0.46948256851731524
7596.799982578469,-3.635358522865538,0.4678376437083147
7598.183884285167,4.363632776099209,0.4537201795049644
7599.567785991863,17.393266316534,0.4426993732835754
7600.951687698562,3.8968343957609557,0.44883102131126823
7602.335589405258,-9.157466727528515,0.4557440064254466
7603.719491111956,-9.057853510203596,0.4539633288243801
7605.103392818653,-5.1475400878165845,0.444761852464934
7606.48729452535,-3.7178109538284367,0.4466826244994027
7607.8711962320485,-4.484314514106639,0.4499027773217192
7609.255097938745,-5.917895985749012,0.4533332771744353
7610.638999645443,-5.775915630756502,0.456107714251313
7612.02290135214,2.636087322543486,0.45448834141273636
7613.406803058837,5.413443565337453,0.4562307910231245
7614.790704765534,-1.939813158542779,0.4661721561438573
7616.174606472232,-12.166984424489323,0.4786338227203236
7617.558508178929,-14.601071589153513,0.48475468258878224
7618.942409885627,-3.6137223329053105,0.47748268924336834
7620.326311592324,2.272964498134514,0.4735993761273055
7621.710213299021,-0.9950135740343471,0.47394598596657406
7623.094115005719,-7.815955017635774,0.4753848602342571
7624.478016712415,-4.50140356648251,0.4712872296360968
7625.861918419113,5.512691523124342,0.46283358761883925
7627.2458201258105,7.032824149409233,0.46124178136424543
7628.629721832508,4.351487680233677,0.46142078360976196
7630.013623539206,2.3705159650296554,0.4606413166023069
7631.397525245902,8.294327882570537,0.4604852887811504
7632.7814269526,2.1885348017430144,0.46399853338665487
7634.165328659297,2.1055748535405026,0.4638563200025981
7635.549230365994,3.2719238875572265,0.46481302429321286
7636.933132072692,0.7041202967577247,0.46956718598923036
7638.317033779389,5.5256178239830795,0.45854802472564726
7639.700935486087,7.59367058364325,0.464479645841238
7641.084837192784,2.511912486136974,0.46879763425067333
7642.468738899481,0.27478997160389196,0.4669945298646925
7643.852640606178,17.12930965189885,0.4602412673406665
7645.236542312876,-3.9539172683849575,0.47400851326129606
7646.6204440195725,2.8495117077568617,0.4702731517596989
7648.004345726271,11.302973947720096,0.4638199499089291
7649.388247432968,7.940936939061092,0.4647312673502835
7650.772149139665,-7.125243842457732,0.48051785658487495
7652.156050846363,4.0116316474461025,0.4705988181543265
7653.539952553059,5.615468979864969,0.46938140491998054
7654.923854259758,-3.5476132801902773,0.47848871742267934
7656.307755966454,-17.221229462501725,0.4920884854942917
7657.691657673152,-3.5506398275608273,0.4799380541133267
7659.075559379849,-4.0740330864712675,0.48115488894331354
7660.459461086546,-11.131049523903334,0.48643928785219065
7661.843362793244,-13.693656889094322,0.48817285006616506
7663.227264499941,2.1588944240563324,0.4783657547764306
7664.611166206638,-9.667206679209242,0.48468516631358916
7665.995067913336,-10.977144469027895,0.4867153256598085
7667.378969620033,-4.022370661711767,0.48241400475221896
7668.76287132673,6.117763782246458,0.47413993006794214
7670.146773033428,6.627997296547168,0.47328058975645393
7671.530674740125,1.1469370466567768,0.47669804150883033
7672.914576446822,1.7061318877823692,0.47619642152921454
7674.29847815352,5.936658687778139,0.47365026706995333
7675.682379860217,8.665366269446407,0.47264460372794337
7677.066281566915,-0.7330550604598458,0.47902341777440377
7678.450183273611,-1.609346131119902,0.48014867261387684
7679.834084980309,1.5000381678039456,0.4778473578984496
7681.2179866870065,4.762423844468927,0.47526754954431294
7682.601888393703,3.303658082333497,0.47779457431747147
7683.985790100402,-1.4344221419036438,0.4806628650560507
7685.369691807098,-1.8523661368973774,0.4812641192770001
7686.753593513796,-0.1698871023811438,0.48028550252362484
7688.137495220493,1.1910792746422052,0.47903948985241296
7689.52139692719,-1.211753156343986,0.48127336430108475
7690.9052986338875,-4.486349746330409,0.4844681480371423
7692.289200340585,-5.161962077673804,0.4851382877045858
7693.673102047282,-2.5498012916007076,0.482793778429499
7695.05700375398,2.9061906237937736,0.4780983411721392
7696.440905460677,1.4939462015431066,0.4792167870359842
7697.824807167374,-3.388349053599306,0.48302772722700116
7699.208708874072,-5.416075215342744,0.48496606539170695
7700.592610580768,-2.038144244776927,0.48280010940828594
7701.976512287467,2.3715717120514457,0.4776651373590537
7703.3604139941635,3.2386342084404083,0.47778589865827237
7704.744315700861,3.077693592583758,0.4780496273079153
7706.128217407559,2.2404193748765726,0.47862796412836656
7707.512119114255,0.7973907712665195,0.48059881806838806
7708.896020820953,-1.9899549270616927,0.48317877715217356
7710.27992252765,-4.461384729306125,0.484043912135209
7711.663824234347,-4.284361423578858,0.4825061386575497
7713.047725941045,-1.949010861770215,0.4800442280231303
7714.431627647742,-2.394282653050522,0.48225862916538864
7715.81552935444,-8.081370762573986,0.48325366922005336
7717.199431061137,-2.9813449368341702,0.4798935845841224
7718.583332767834,3.2404011106773876,0.47712761432946904
7719.967234474531,-1.9538663956532534,0.48039048414745605
7721.351136181229,-4.314062263338894,0.483956089784337
7722.7350378879255,-3.9237172677240304,0.4843575560118428
7724.118939594624,-2.9020407982963325,0.48360504378302177
7725.502841301321,-2.024476507762364,0.48258470593212643
7726.886743008018,-0.964537643072749,0.4814392624374505
7728.270644714716,-1.039894400333113,0.4810989013384669
7729.654546421412,1.0810694305160324,0.4798717723282665
7731.038448128111,3.1921090668969505,0.4785508346165074
7732.422349834807,2.6702908365673386,0.4782524541644438
7733.806251541505,1.2611212577495867,0.480190188604684
7735.1901532482025,1.4919069939547458,0.47956748588493725
7736.574054954899,2.40480310142273,0.478555194419828
7737.957956661597,3.247001132597174,0.47835033279973654
7739.341858368294,2.0375002770026382,0.47984829718294636
7740.725760074991,-0.8732470440674096,0.48213672753126197
7742.109661781689,-3.076720800906292,0.4842564359150194
7743.493563488386,-4.060127513258001,0.4855400021938626
7744.8774651950835,-3.7363003668673516,0.48549975395576456
7746.261366901781,-4.783405252995232,0.48633959738011623
7747.645268608478,-7.7274809832493805,0.4881563793968347
7749.029170315176,-8.377484666183694,0.4872693751240449
7750.413072021873,-4.5544031767566215,0.48214926775070877
7751.79697372857,4.458773294608846,0.473324430003603
7753.180875435268,4.3944176545109,0.47469492096643384
7754.564777141964,2.6092051688374505,0.4777453892907833
7755.948678848662,1.1632682332050015,0.48027955177447945
7757.3325805553595,1.1120904324233605,0.48106027105952615
7758.716482262056,-1.7008193423802092,0.4825838365086869
7760.100383968755,-1.0837008620304835,0.48176960245444794
7761.484285675451,-0.262748297105051,0.4810674481238088
7762.868187382149,-0.7398794655873805,0.48167896580129455
7764.252089088846,-0.3101007784595222,0.48252253017510155
7765.635990795543,0.525060962278832,0.4819172744576878
7767.0198925022405,1.337816112560327,0.48108355587268864
7768.403794208938,1.9747371289468254,0.48043152330566374
7769.787695915635,2.504601391377833,0.4802296254256068
7771.171597622333,0.5965255170094514,0.48205233064485525
7772.55549932903,-2.296930575009327,0.4843250538003143
7773.939401035727,-3.879900380152934,0.48549657099668053
7775.323302742425,-2.4873114425086102,0.4845670289206917
7776.7072044491215,0.03453333301570316,0.4827990255552238
7778.09110615582,-0.6171934785409776,0.4832622978321227
7779.475007862517,-3.387327884282632,0.48547108159277513
7780.858909569214,-5.957544615373133,0.4875753917557264
7782.242811275912,-3.085925062684993,0.48505691816886537
7783.626712982608,-0.11291629885671961,0.4827620980661025
7785.010614689306,0.7160133431564932,0.48221290299119585
7786.394516396003,0.05883965854933404,0.48279711196832764
7787.7784181027,-0.9627656970611239,0.4835863953268078
7789.1623198093985,-1.61103156939492,0.4846528480504948
7790.546221516095,-1.6283612353278205,0.48386028785972557
7791.930123222793,1.048336510874382,0.4805916097644511
7793.31402492949,6.0418976514243825,0.47564220199272866
7794.697926636187,6.556738835489214,0.47431842758808
7796.081828342885,4.082343223784802,0.4763320054670279
7797.465730049582,0.7501522115476851,0.4805726555070479
7798.849631756279,-2.367974820093248,0.48533803822385707
7800.233533462977,-3.8440793892481633,0.48774266670885197
7801.617435169674,-2.0566033571322055,0.48561647312493417
7803.001336876371,0.04915305906348033,0.4839450224274018
7804.385238583069,1.097594611778417,0.48334674202413547
7805.769140289765,-0.04368391363037527,0.4841733995112276
7807.153041996464,-3.0749351872250292,0.48696791087794933
7808.53694370316,-4.076316317133065,0.48712323223707055
7809.920845409858,-4.413819427498827,0.48734718352376544
7811.3047471165555,-5.060717968327694,0.48889804510979606
7812.688648823252,-7.792714172254136,0.4919470595773054
7814.07255052995,-4.125519633577963,0.4885759234043082
7815.456452236647,0.21357194188380513,0.48417926861997174
7816.840353943344,3.295873542368782,0.4809860694358708
7818.224255650042,3.5790320895482823,0.48118836573643564
7819.608157356739,2.90754913252393,0.4795846414114666
7820.9920590634365,3.849357831275192,0.47733407416761603
7822.375960770134,5.7589622708435675,0.4753143311471158
7823.759862476831,7.432282576193551,0.4746014985685269
7825.143764183529,2.288468643071642,0.4798737350091297
7826.527665890226,2.449305938444688,0.4815702799734223
7827.911567596923,3.1609209520749895,0.4822042968909624
7829.295469303621,1.7203836615097268,0.4836645437319781
7830.6793710103175,-3.897264186036381,0.4891521524963202
7832.063272717015,-7.647281338210802,0.49198624890742837
7833.447174423713,-7.936617702534167,0.4930181064087763
7834.831076130409,-6.921210457464917,0.49305185115049993
7836.214977837108,-9.488952198824254,0.4934217032637025
7837.598879543804,-2.765285914504723,0.4885230592129993
7838.982781250502,0.3480334201919497,0.4854659272669298
7840.366682957199,1.114142690015206,0.48345339246170427
7841.750584663896,2.0037055289074885,0.4810615241273977
7843.1344863705945,4.186248202574921,0.48021999959851164
7844.518388077291,2.864174127137219,0.481840903581299
7845.902289783989,2.0112851580747404,0.4830672710098893
7847.286191490686,3.1723956662511457,0.48278952787619045
7848.670093197383,-0.6405843956273705,0.4855762855831827
7850.05399490408,-2.254044613454603,0.4870560815705252
7851.437896610778,-1.8617518571428793,0.4854021626103207
7852.8217983174745,0.027109977992286538,0.48130082813536523
7854.205700024173,2.101417557555828,0.47880108770756086
7855.58960173087,2.7974237190274893,0.47900667274550396
7856.973503437567,1.7658509834458056,0.4816342712548828
7858.357405144265,1.0943351183131602,0.4836790697787481
7859.741306850961,4.4063980043969435,0.48011369809843474
7861.125208557659,4.282818576835351,0.48077930220350124
7862.509110264356,2.5629286669046696,0.4823192728035944
7863.893011971053,0.9994519427194692,0.48377180156889893
7865.2769136777515,1.2103397330137553,0.4843010711594334
7866.660815384448,3.06955028002705,0.4834767261697183
7868.044717091146,1.3810906838403638,0.4839563587854265
7869.428618797843,0.32726344500633897,0.48404106662443336
7870.81252050454,2.0122076394141306,0.4828093282034104
7872.196422211238,4.143955243493083,0.48067322729877676
7873.580323917935,3.3782955818696125,0.4822694440795651
7874.9642256246325,1.1763663749762312,0.48497516807706176
7876.34812733133,-1.2025790431191141,0.48729061952599695
7877.732029038027,-0.9995412854084631,0.4869716785811741
7879.115930744724,0.12949648783830314,0.485645995332026
7880.499832451422,-0.012798895964313495,0.4854036043111809
7881.883734158118,-0.5617666036325908,0.4857738613713105
7883.267635864817,0.9171891867565993,0.48508036092851575
7884.6515375715135,2.7665908265475494,0.4834851193929212
7886.035439278211,3.835310541075329,0.48244677736072655
7887.419340984909,4.350972941521868,0.48181091025789924
7888.803242691605,4.528281597139706,0.4812507753013571
7890.187144398304,2.253780304347754,0.4817655123565899
7891.571046105,1.2286677108114423,0.48333313410005274
7892.954947811698,0.7096405741331635,0.4850370019494742
7894.338849518395,0.04396253678108697,0.4862341673358477
7895.722751225092,-1.3606925202907518,0.48830169873709023
7897.1066529317895,-1.7478081530695644,0.48855879682309516
7898.490554638487,-0.8259786938341145,0.4878150470180463
7899.874456345184,1.0242883879209375,0.48675281391026853
7901.258358051882,0.4718892542938793,0.4870965561806746
7902.642259758579,0.0846549029573389,0.4869585273961267
7904.026161465276,1.3052665203374163,0.4860028243808348
7905.410063171974,3.712890524425549,0.4844141637296471
7906.7939648786705,3.948155452438743,0.48326579434431494
7908.177866585368,1.2060573984880527,0.48683912447690203
7909.561768292066,-0.8998292440343176,0.48860044663292074
7910.945669998762,-1.666239971464226,0.4878282652472189
7912.329571705461,-1.0743206194738115,0.485774002067573
7913.713473412157,-0.14756225378992782,0.48424259956780596
7915.097375118855,-1.4488876378281987,0.4841405007985269
7916.481276825552,-4.553282514009568,0.4873105027320954
7917.865178532249,-8.347654705287415,0.49652479690494894
7919.2490802389475,-8.22759893352416,0.4952215727815674
7920.632981945644,-4.661533370111479,0.4910668919103571
7922.016883652341,0.03698187123018126,0.4866471077978373
7923.400785359039,3.2264260671848732,0.4845073642393116
7924.784687065736,-2.0919170411702335,0.4886976536460581
7926.168588772434,-2.3396603394323416,0.49035155036547307
7927.552490479131,-1.4262250031363437,0.4909445566362604
7928.936392185828,-2.6326344869026714,0.4917971406823886
7930.320293892526,-8.121185189827276,0.4948696640315762
7931.704195599223,-8.468143142072185,0.4951336653058139
7933.088097305919,-7.324386530194894,0.49459612438738415
7934.471999012618,-6.844694596249708,0.49459559092403527
7935.855900719314,-7.5615000846738125,0.49670655555641136
7937.239802426013,-8.560600802394486,0.4972616286969279
7938.6237041327095,-8.455599702316077,0.49705035738651066
7940.007605839406,-6.85844107086504,0.4963141900955825
7941.391507546105,-5.051233512298732,0.49456807234221134
7942.775409252801,-7.464810304462702,0.49687850008071444
7944.1593109595,-11.409858364633108,0.500626969194775
7945.543212666196,-14.56361812088091,0.5037604421313754
7946.927114372893,-10.96016086335181,0.5012604460044262
7948.311016079591,-5.954031773450811,0.49401845063695876
7949.694917786288,-1.747114779161856,0.48938785357753145
7951.078819492985,0.8854226403591132,0.4881801489081595
7952.462721199683,1.0526185362704128,0.48786837200974303
7953.84662290638,-0.6499913421247911,0.4894464081173629
7955.230524613078,-1.501454921821317,0.49087664405064785
7956.614426319775,-1.50173393414878,0.491427820166257
7957.998328026471,-1.665515999325599,0.4901514778047578
7959.38222973317,-1.2944187227881847,0.49135472550753234
7960.7661314398665,-0.6753541813213181,0.4901856802604671
7962.150033146565,-0.36746499992316284,0.48840035527446196
7963.533934853262,-1.3288102177604664,0.4903553528212723
7964.917836559958,-2.752494562811419,0.4872670063488362
7966.301738266657,-0.06021600306470276,0.4852194227211334
7967.685639973353,2.55469312912115,0.48584915652891353
7969.06954168005,-2.0160257538533504,0.49098890630087044
7970.453443386748,-1.806644845501071,0.491225631841475
7971.837345093445,0.042846603595611654,0.48998093286043554
7973.2212468001435,2.032011991760202,0.488450069185752
7974.60514850684,2.366515415253347,0.4879623652084618
7975.989050213537,2.787812964668915,0.4871953960832048
7977.372951920235,2.8448898053384726,0.4863849805051089
7978.756853626932,2.9117098551370337,0.48587263281088505
7980.1407553336285,3.35970893880999,0.4860321927605709
7981.524657040327,3.5704853013298026,0.4851201128238689
7982.908558747024,2.794997809883269,0.48693359703626055
7984.292460453722,1.5002351866000936,0.489303383298725
7985.676362160419,0.0822854302070053,0.49006616409792136
7987.060263867115,0.4980188965789105,0.4905395589808028
7988.444165573814,0.4748747660603214,0.49032099802165247
7989.82806728051,1.206181239085243,0.4892452358719641
7991.211968987209,3.1073869704255435,0.4872413473860951
7992.595870693905,-0.8849826093815354,0.48777961126071606
7993.979772400602,-2.581935777161181,0.48647412433272624
7995.3636741073005,-2.457763619860299,0.487041861350057
7996.747575813997,-1.2156146291232797,0.492410109243043
7998.131477520694,-7.665625871011674,0.49902913719722486
7999.515379227392,-9.252804685854919,0.5013109552682504
8000.899280934089,-7.401852544267832,0.4998486234332455
8002.283182640787,-3.4480301319063935,0.4952823115443745
8003.667084347484,-1.052905873756002,0.49374866414490165
8005.050986054181,-1.047936494271863,0.4936275376380369
8006.434887760879,-1.9491760168495753,0.4941573688718577
8007.818789467576,-2.1810358765986497,0.49464912472884714
8009.202691174274,1.4902719132589728,0.491858841010619
8010.586592880971,0.7747886759728011,0.4918111974015889
8011.970494587667,-1.0920833618476478,0.49289393899601136
8013.354396294366,-1.7269412418225214,0.49378071652300193
8014.7382980010625,1.4220939383240467,0.4900538182994756
8016.122199707759,3.3059527363868004,0.4888389788561146
8017.506101414458,3.4221180311160904,0.48941101691864974
8018.890003121154,1.5824241457381119,0.49117318881194016
8020.273904827853,1.199096406594082,0.491306592856798
8021.657806534549,2.063743822349208,0.49142969352658356
8023.041708241246,0.7739189695192437,0.4925444548660971
8024.425609947944,-4.679152387910229,0.4952288062178644
8025.809511654641,-3.184807544750765,0.49544826983038576
8027.193413361338,-2.3240345574871375,0.4928481643170916
8028.577315068036,-2.625766112416452,0.49273206385317336
8029.961216774733,-4.408938248493921,0.4985826252311122
8031.345118481431,-0.22098605845358132,0.49401075040811854
8032.729020188128,1.7953967006711422,0.49213867744994194
8034.1129218948245,1.6913587600303588,0.49252757484239185
8035.496823601523,-0.43149467118645984,0.49479438085448024
8036.88072530822,-0.7998610413853234,0.49491984156313845
8038.264627014918,1.1031523331494142,0.49287631582766156
8039.648528721615,3.7841140683917196,0.49047263381429607
8041.032430428311,5.9722580401989385,0.4892978846937553
8042.41633213501,2.976044526370123,0.4917252506005969
8043.800233841706,-0.991113882947195,0.4955861188154012
8045.184135548403,-5.101557134867845,0.49973265807908257
8046.568037255101,-8.255410403546264,0.5030528846206984
8047.951938961798,-6.05406308786603,0.5009158914526671
8049.3358406684965,-3.247561742660775,0.4981441883327082
8050.719742375193,-0.4679233530692738,0.49519454738496066
8052.10364408189,1.3684957309486305,0.4925480135706986
8053.487545788588,2.5941525507679253,0.49150454019887146
8054.871447495285,0.7515270658106756,0.4934514989137816
8056.255349201983,-0.7132501416972064,0.4949652855933692
8057.63925090868,2.867551990540432,0.49147627860212906
8059.023152615377,3.778500410737658,0.4909277332686499
8060.407054322075,4.1523639054687855,0.4900610970385837
8061.790956028772,4.681308934835981,0.4887076975723803
8063.174857735468,6.304033682537299,0.4868131595937202
8064.558759442167,5.863134198399257,0.48756587366656695
8065.942661148863,5.371458955909712,0.4888840802150008
8067.326562855562,4.328752228033356,0.49066670435729764
8068.7104645622585,1.516995873725237,0.4930659883018198
8070.094366268955,-0.695547625889188,0.49596387461346664
8071.478267975654,-1.7095528176754533,0.4969772866300963
8072.86216968235,-1.5973271197192611,0.49663878110089693
8074.246071389047,-0.6118740039759556,0.4968036886855193
8075.629973095745,0.137674476667277,0.4954642073342143
8077.013874802442,0.5796534318107747,0.49495358337800394
8078.39777650914,1.0377546348422897,0.49480995026640534
8079.781678215837,2.6624055827986473,0.4923802795110889
8081.165579922534,3.2270044249404775,0.49305227505670857
8082.549481629232,2.096433106777647,0.49422485871550176
8083.933383335929,-0.4504315182149864,0.495569221793421
8085.317285042627,-2.584288319485812,0.49817536508177906
8086.701186749324,-0.6363432106428797,0.4966089004214444
8088.0850884560205,1.967559499114647,0.4942909812356033
8089.468990162719,3.6049537404978924,0.4926617074966898
8090.8528918694155,1.573956500655318,0.4942487871853854
8092.236793576112,-0.6321367844822516,0.4967292386572639
8093.620695282811,-2.2430646065456568,0.49830866696468257
8095.004596989507,-2.911001229602991,0.4983667386758194
8096.388498696206,-2.6848752214034217,0.4987814874553079
8097.772400402902,-2.1700990295747165,0.4985404163565177
8099.156302109599,-1.4306908368925424,0.49781221158858574
8100.540203816297,-0.3311043638758825,0.49657043722690575
8101.924105522994,3.436327819824713,0.4924406488032726
8103.3080072296925,5.32846322232538,0.49028040072167
8104.691908936389,5.050159111794706,0.49071386648329507
8106.075810643086,2.1941157525674604,0.4944305758447184
8107.459712349784,-0.04325884393650237,0.49726239400086075
8108.843614056481,0.5937307159986824,0.49673952328891746
8110.2275157631775,2.074183295744022,0.49533627308507505
8111.611417469876,1.9046464981250737,0.4962099136498694
8112.995319176573,0.8037284499397017,0.49650851078125924
8114.379220883271,-0.8994093493324198,0.4983635943815032
8115.763122589968,-2.276386455041857,0.5002399933520616
8117.147024296664,-1.5264267694745068,0.49891068594649035
8118.530926003363,1.0967460319653781,0.49680669397931654
8119.914827710059,2.4565561111193666,0.49523579458189143
8121.298729416756,2.671227699879171,0.4944016275028669
8122.6826311234545,3.3542424089386005,0.49447140461412314
8124.066532830151,1.7634582421597893,0.49580980085719384
8125.45043453685,0.05052303354190307,0.49767872795866175
8126.834336243546,-1.2933107683378804,0.4995219715072838
8128.218237950243,-1.9312319428992064,0.4993286081657206
8129.602139656941,-1.397416620762858,0.49922059445186945
8130.986041363638,0.27440825485743714,0.49774617055867315
8132.369943070336,2.7206365392347864,0.49469471685048855
8133.753844777033,1.5229009636974777,0.49422223537011944
8135.13774648373,1.2420244413143673,0.47048964428172513
8136.521648190428,2.0686580548678455,0.4486740180017312
8137.905549897125,4.138694446273943,0.4453496895821494
8139.289451603821,3.870203571159136,0.4815326599566883
8140.67335331052,1.9251568995699964,0.4952341399127235
8142.057255017216,-0.41763524593346757,0.4973627787474719
8143.441156723915,-1.6372954166643525,0.49872592984071856
8144.8250584306115,-2.0273381017125303,0.4994408181072733
8146.208960137308,-2.287888591727236,0.4999005446156222
8147.592861844007,-2.4520709750731067,0.49986312889725654
8148.976763550703,-2.3667317639970227,0.4987665772732144
8150.360665257402,-0.40276639949856685,0.4975966644789086
8151.744566964098,1.2064926192971865,0.4962008230900502
8153.128468670795,1.4186315267398288,0.49564407820551176
8154.512370377493,-2.425668443934736,0.49979811505786853
8155.89627208419,-0.3841096812208044,0.49840766339049714
8157.280173790887,1.3051379144966653,0.4963360354199429
8158.664075497585,0.8757309586250925,0.4954599446093318
8160.047977204282,-1.6599309844124372,0.4995538179196502
8161.43187891098,-2.1840284704437343,0.4993916041048644
8162.815780617677,-1.3728453586978238,0.4977442663481669
8164.1996823243735,0.41194909102766564,0.49607990454471945
8165.583584031072,-0.4837739302880423,0.4969903982355566
8166.967485737769,0.4110396073381384,0.49686238485763484
8168.351387444465,1.5800493113477085,0.4962454041812398
8169.735289151164,1.4873628783537807,0.49564829181994324
8171.11919085786,0.0022152944973228283,0.49794037875174546
8172.503092564559,-0.6606800960290384,0.49898537845955376
8173.886994271255,-0.3082459577686823,0.4987985234411218
8175.270895977952,1.2051823239422799,0.4976249534799222
8176.6547976846505,2.219232066623425,0.4953483026166778
8178.038699391347,2.7047833804175565,0.4936951320112328
8179.422601098046,2.842597076031916,0.49296190173072685
8180.806502804742,3.7682671384214768,0.49328783250287195
8182.190404511439,-1.5014323750833751,0.4988528058115364
8183.574306218137,-6.33262134921057,0.5038916985769936
8184.958207924834,-7.97023301410509,0.5058712654764957
8186.342109631531,-1.6681338998030657,0.499837974815215
8187.726011338229,1.5440560005863198,0.49664131120802774
8189.109913044926,2.452589486764271,0.49550864928653426
8190.493814751624,1.749916433664562,0.4960780492428707
8191.877716458321,-0.3006949130864225,0.4989418089579846
8193.261618165017,-5.554323426014619,0.5043827962339638
8194.645519871716,-11.167249438606007,0.5098502165698752
8196.029421578412,-12.321990837507448,0.5110165995729948
8197.41332328511,-8.018265453731535,0.506838457651876
8198.797224991808,-6.691200382669366,0.5055124240810154
8200.181126698504,-7.670706900496574,0.5065301370791101
8201.565028405203,-4.383595327301301,0.5040916979428092
8202.9489301119,-2.840368822813256,0.5026973358858319
8204.332831818596,-3.009041256219498,0.5031391283727147
8205.716733525294,-4.7310553052940065,0.5054713288651334
8207.100635231991,-4.955771413123973,0.5061829913253436
8208.48453693869,-4.053571680435475,0.5050917318228066
8209.868438645386,-4.003596426387128,0.5049054260675194
8211.252340352083,-6.509580903999991,0.5078755532109063
8212.636242058781,-10.398062212714946,0.5107963122211746
8214.020143765478,-9.142511025574283,0.5096767641303044
8215.404045472174,-4.286955364830199,0.5054445378749318
8216.787947178873,1.4378179970220577,0.49955434205416593
8218.17184888557,1.4254678957950788,0.4992194108471326
8219.555750592268,-2.0172134907414305,0.5029157805803567
8220.939652298965,-7.313513043475589,0.5089170344815531
8222.323554005661,-8.896247488555531,0.50991382891771
8223.70745571236,-4.168952831803413,0.5048741764350277
8225.091357419056,0.2697951225459152,0.49983699536279824
8226.475259125755,1.3897234749690786,0.49754004882088987
8227.859160832451,-2.349672731124229,0.4990925975697777
8229.243062539148,-4.249252942945825,0.5007704722918601
8230.626964245846,-4.48528058339288,0.5018598001713205
8232.010865952543,-2.962607822594598,0.5014210572221267
8233.39476765924,-4.784761377205478,0.5035182017095576
8234.778669365938,-3.042640684042313,0.5029147483493752
8236.162571072635,0.9537932204314419,0.5002596880050283
8237.546472779333,1.7278499849339282,0.4985841479253402
8238.93037448603,2.6686115537363135,0.4978001662073397
8240.314276192727,2.663773871125913,0.4982028082412751
8241.698177899425,1.3916131039276771,0.499766137479524
8243.082079606122,-0.46889944646128745,0.5006230280187334
8244.46598131282,1.3201844930288398,0.4760799765931103
8245.849883019517,2.4679869449323633,0.45276277268901677
8247.233784726213,-0.7071113938676803,0.4530946453477441
8248.617686432912,0.19919598522831716,0.4861058729257967
8250.001588139608,2.296057899353083,0.49857996824982775
8251.385489846305,4.664332171173036,0.4963318351439147
8252.769391553004,5.421854088134215,0.4959381563711589
8254.1532932597,3.7858402572964147,0.4972676809680679
8255.537194966399,1.310169386658365,0.49968105038649935
8256.921096673095,-1.4075788420411834,0.5026837026413793
8258.304998379792,-2.2121212287263017,0.5031403383898888
8259.68890008649,-0.3461827671810995,0.5014107516691301
8261.072801793187,2.0900007396743936,0.49911950034638125
8262.456703499884,3.685038038702808,0.49734852080473896
8263.840605206582,4.68334554853896,0.49645932983753865
8265.224506913279,6.282933719903996,0.4946336012246378
8266.608408619977,7.911952580481895,0.4926000086281659
8267.992310326674,8.756258130493977,0.4920803305724462
8269.37621203337,7.69334858493233,0.4936194577893033
8270.760113740069,5.6124516208137525,0.4959751498016544
8272.144015446765,2.3467592375092927,0.4992403961395376
8273.527917153464,-3.7561758631713973,0.5063620364560124
8274.91181886016,-8.184236458674558,0.5101842021492753
8276.295720566857,-9.604186977661175,0.510926845986553
8277.679622273556,-6.846941510617797,0.5082298195244878
8279.063523980252,-2.726160768093607,0.5030935854717734
8280.447425686949,-1.2013110665138504,0.5002295045199295
8281.831327393647,-1.4306098435697279,0.4990143634560575
8283.215229100344,-0.4473035407973577,0.49778542175158796
8284.599130807042,2.0150866033221804,0.49668191608213497
8285.983032513739,3.0664113537764686,0.49635246586223514
8287.366934220436,1.8463854839610845,0.4969542441871701
8288.750835927134,-1.3774108294490892,0.49792708875115044
8290.13473763383,-0.9188338865453487,0.4978065226143663
8291.51863934053,0.35985704151053177,0.49811910605933934
8292.902541047226,0.0,0.5003957143976004
8294.286442753923,-3.321877654309962,0.5036954624090958
8295.670344460621,-2.4582103524189285,0.5019419640907818
8297.054246167318,1.8423859709831594,0.4961441447695237
8298.438147874014,6.859617064533515,0.49047489160280566
8299.822049580713,7.240854487656684,0.48922057918070405
8301.20595128741,6.042350585776541,0.4912036213462681
8302.589852994108,4.07498000161115,0.4961281285057395
8303.973754700804,0.4821561710270592,0.5003181832705009
8305.357656407501,-1.6894489313358605,0.5035073733287324
8306.7415581142,-2.127820680436912,0.504696781155732
8308.125459820896,0.0,0.5019317066269409
8309.509361527593,0.6917882013215768,0.500196997396662
8310.893263234291,0.20018689912789223,0.5000227644094587
8312.277164940988,-0.7254461757886188,0.5008275659721826
8313.661066647686,2.2506335358269,0.49864279483597995
8315.044968354383,4.238996778591185,0.49814946412287087
8316.42887006108,3.552652591345281,0.4994276029637709
8317.812771767778,-1.1429677542213517,0.5028312211424782
8319.196673474475,-1.7844295091749127,0.5041764031594115
8320.580575181173,-1.994652107376126,0.5052386988952388
8321.96447688787,-2.2620624127474556,0.5060927446931726
8323.348378594566,-3.6714595303948303,0.5067474778350484
8324.732280301265,-1.7954033246927292,0.5049171263339266
8326.116182007961,-2.259841819887792,0.5055345286471727
8327.500083714658,-6.488512270092377,0.5096421437054323
8328.883985421357,-2.7334247968743646,0.505637183341012
8330.267887128053,-1.720828496622715,0.5050044134817503
8331.651788834752,-3.0085525592755706,0.5064815956254262
8333.035690541448,-6.409201111932529,0.5089923517733738
8334.419592248145,-6.354306223037799,0.5088063576837303
8335.803493954843,-5.465938023770567,0.508436024489156
8337.18739566154,-4.86360574876133,0.5086195292745909
8338.571297368238,-9.552341397383314,0.5118931422697734
8339.955199074935,-7.248420277287486,0.5099231619770631
8341.339100781632,-2.6317878900409646,0.5036954443804331
8342.72300248833,1.4710969515625458,0.4930143555649517
8344.106904195027,3.836862187411716,0.4885429826605064
8345.490805901723,4.364273105751571,0.4858274238163639
8346.874707608422,2.3958637213897904,0.4872489459525652
8348.258609315119,-5.179895236082748,0.5026876552256518
8349.642511021817,-2.7271115859374677,0.5038561525992851
8351.026412728514,1.3442961946004268,0.5001943434728892
8352.41031443521,3.826669300188568,0.4950573116902424
8353.794216141909,5.739300111309329,0.4928054572528189
8355.178117848605,5.628499516644414,0.4940191703852995
8356.562019555302,3.710710374775804,0.4976377463460953
8357.945921262,-0.2148954297069272,0.5021889769056637
8359.329822968697,-0.4659697726314389,0.5034190555178594
8360.713724675395,-0.7177670679873482,0.5041990571118642
8362.097626382092,-1.8120765099468001,0.5050986954693233
8363.481528088789,-2.0175127461872484,0.5041593927250898
8364.865429795487,-1.7411153432675528,0.5037615344333464
8366.249331502184,-0.9313188552657111,0.5030706873803125
8367.633233208882,0.6452349921936185,0.5008804753065966
8369.017134915579,2.255565209951815,0.5010318357540942
8370.401036622276,2.8818888913457545,0.500982312675738
8371.784938328974,2.556682189369361,0.5005342253141637
8373.16884003567,2.7255411202443636,0.5013932067103681
8374.552741742367,1.4485411678474962,0.5023330149418117
8375.936643449066,-0.3524268171011439,0.5037004296990466
8377.320545155762,-1.9430424559061292,0.5059438467775995
8378.70444686246,-0.7348755351581975,0.504472779470111
8380.088348569157,1.0492589532685925,0.5022548247523678
8381.472250275854,2.635062131255775,0.5001506885398136
8382.856151982553,0.2608996624563149,0.501365024761365
8384.24005368925,-1.8416703075971375,0.5034595836567474
8385.623955395948,-4.683169156844547,0.507587726464362
8387.007857102644,-8.962773079976555,0.5150685133523187
8388.39175880934,-8.319096850023069,0.51383868141311
8389.77566051604,-4.221007886788879,0.5093581763816334
8391.159562222736,2.105367307647769,0.5029669104785299
8392.543463929433,6.915041586425745,0.49849503575675164
8393.927365636131,6.162907422895884,0.4984045303892122
8395.311267342828,4.155483657899591,0.49942597333452227
8396.695169049526,3.101184510832606,0.4998926378604735
8398.079070756223,2.538505991184392,0.49671716761022533
8399.46297246292,3.552334572823289,0.4902365961517899
8400.846874169618,5.24139675552915,0.4846596642970022
8402.230775876315,4.293946839533129,0.49580401674730606
8403.614677583011,1.4015847977936295,0.5006035817564144
8404.99857928971,0.42639341146482357,0.5026360807615406
8406.382480996406,3.7019361600271803,0.5032102057042631
8407.766382703105,1.9393730619039315,0.5042298439322561
8409.150284409801,1.3532637913619374,0.5046329356622075
8410.534186116498,1.567769812242938,0.5046700196020325
8411.918087823196,0.7741003335406237,0.5051948974812907
8413.301989529893,-0.09763546087253594,0.5045159672261572
8414.685891236591,-0.1300660954663323,0.5027490266421212
8416.069792943288,1.277926092828455,0.4997511205838731
8417.453694649985,2.134632540957825,0.5007645442550145
8418.837596356683,0.028679403663931957,0.5041250044589223
8420.22149806338,-3.4150202887084626,0.5086638389761636
8421.605399770076,-3.000839610022588,0.5108859198813996
8422.989301476775,-2.8240802559136338,0.5088164727443251
8424.373203183472,-2.6808441762965813,0.5078945892556261
8425.75710489017,-2.560733208159225,0.5110713559437956
8427.141006596867,-0.07471580999107363,0.5050679161857312
8428.524908303563,2.9806615614912855,0.49771026727743245
8429.908810010262,6.344060291552641,0.4901902880557263
8431.292711716958,9.252614038728604,0.48596055511639136
8432.676613423657,3.270346805249143,0.4941479136651577
8434.060515130353,-3.903711291485381,0.505287611000722
8435.44441683705,-8.207224531510352,0.5147601831772481
8436.828318543749,-6.548486586587302,0.5146011910177061
8438.212220250445,-4.916055047430759,0.5132524567812708
8439.596121957142,-3.5964129237664473,0.5116006397029375
8440.98002366384,-3.1397284198617417,0.5116678694944702
8442.363925370537,-1.3732930263414729,0.5093601532434626
8443.747827077235,-0.6629101301340586,0.5083511809573751
8445.131728783932,-2.899949955626007,0.5114828419721879
8446.515630490629,-2.0063475787126204,0.5099634332673888
8447.899532197327,-0.1436774382220355,0.5079366552011185
8449.283433904024,2.0760246112341574,0.5058361973963791
8450.66733561072,2.0441968954656855,0.5043355270026151
8452.051237317419,2.424696953802683,0.5024138393467403
8453.435139024115,3.111447953584121,0.5008028330255913
8454.819040730814,4.073261895862538,0.5002520891079965
8456.20294243751,4.474964544415881,0.5020311256816877
8457.586844144207,4.135768300165533,0.5035697597288917
8458.970745850906,3.007426465350136,0.5047168789592957
8460.354647557602,1.4008637218849216,0.5069138871298717
8461.7385492643,0.23628213080005867,0.5072253263130546
8463.122450970997,-0.27244960307863225,0.5051998442409716
8464.506352677694,0.30954286875454495,0.4993135548608904
8465.890254384392,2.9021711974954956,0.49526596458256233
8467.274156091089,1.9345744690982807,0.4972558909444225
8468.658057797786,-3.0434109603600996,0.5058513778518114
8470.041959504484,-3.9222359204155124,0.5100891698850737
8471.42586121118,-2.2984404038661133,0.5109084888196179
8472.80976291788,0.3524268171011439,0.5093686397342944
8474.193664624576,1.4039110777922499,0.5063877985945237
8475.577566331272,2.0399577268167617,0.5062640620042508
8476.961468037971,2.4058731671631577,0.5065714079578981
8478.345369744668,2.514074699594031,0.506595114568019
8479.729271451366,4.009909721884608,0.5041186772991549
8481.113173158063,4.026882142017585,0.5044895238916545
8482.49707486476,3.0762846684637393,0.5062932494534033
8483.880976571458,2.441890955150509,0.5054916240984889
8485.264878278154,3.182693776490978,0.5057775819972197
8486.648779984851,3.250362353011459,0.5065427396180376
8488.03268169155,1.3208166827040002,0.5075751754077428
8489.416583398246,0.4659191861243105,0.5089898653827278
8490.800485104945,-0.018277113734342154,0.5093222141838233
8492.184386811641,-0.28684494790434584,0.5088189473281151
8493.568288518338,-0.47957988863165857,0.5094364625627412
8494.952190225036,-8.289690204246009,0.5183368100529901
8496.336091931733,-21.11833257009607,0.5340198416575215
8497.71999363843,-38.36304417790933,0.5577590742609616
8499.103895345128,-37.33976108770283,0.5568614494752654
8500.487797051825,-27.622265307298672,0.545046595791709
8501.871698758523,-11.259981299858838,0.5249708701900707
8503.25560046522,-4.226938618302623,0.5127591060296177
8504.639502171916,0.7537237738677243,0.5034789547043328
8506.023403878615,4.396432883407339,0.49765529346188553
8507.407305585311,7.032462580161995,0.49813511840232894
8508.79120729201,6.092078729769653,0.5008115381968968
8510.175108998706,3.1915350594327956,0.5054252507998437
8511.559010705403,-1.4213488141034751,0.5122528101845892
8512.942912412102,-4.493489606532807,0.5150421674859719
8514.326814118798,-7.269425807662589,0.5182398394772441
8515.710715825495,-9.18927211333885,0.5210298498310122
8517.094617532193,-7.635580775932429,0.5186085839605168
8518.47851923889,-4.285541042758725,0.5152756639254351
8519.862420945588,-0.849064569751855,0.5118555173854288
8521.246322652285,1.1888746999344577,0.5090456160930912
8522.630224358982,0.1347680928726802,0.5104045870193303
8524.01412606568,-0.8110605519669942,0.5115705419530637
8525.398027772377,-1.4355993014683457,0.5120873883256597
8526.781929479075,-4.533115416592502,0.5160956399957615
8528.165831185772,-5.628296201081957,0.5179902450341779
8529.549732892468,-5.320347256246117,0.5180906404889102
8530.933634599167,-4.281288239691811,0.5161177163953178
8532.317536305864,-5.97655287165132,0.5184661638244406
8533.70143801256,-8.803837812694603,0.5224354663845002
8535.085339719259,-12.380559339432654,0.527228557286222
8536.469241425955,-17.746724002453654,0.5339985837314042
8537.853143132654,-25.57043581042439,0.5459766014246252
8539.23704483935,-36.69975383930809,0.5642425941002952
8540.620946546047,-57.60067841758597,0.5968050936665529
8542.004848252745,-70.67303643371213,0.6208440198569736
8543.388749959442,-73.0932466174149,0.6266120498069196
8544.772651666139,-56.09703532177937,0.5932639226019817
8546.156553372837,-35.449933365600565,0.5606769597959536
8547.540455079534,-19.436419548500666,0.5368250270142841
8548.924356786232,-10.275313508869148,0.5245653139990412
8550.308258492929,-8.145687483848231,0.5185573336097411
8551.692160199626,-6.481202168083533,0.5169878727288649
8553.076061906324,-5.172263359616947,0.5181345574762659
8554.45996361302,-3.9743963510424263,0.516755030464291
8555.843865319719,-4.132110060017636,0.517326701264742
8557.227767026416,-4.999959274731884,0.5184347048434159
8558.611668733112,-6.335987110237871,0.5191779836522367
8559.99557043981,-3.625228269071445,0.5167487230556624
8561.379472146507,-2.3285288213451967,0.5152598750210712
8562.763373853204,-3.193664518169996,0.5152677427718515
8564.147275559902,-1.1725444070292586,0.5139948009113775
8565.5311772666,0.4970505205204407,0.512224577850951
8566.915078973298,1.179896637313397,0.5109526362679219
8568.298980679994,-1.2408164829149442,0.5131516835202521
8569.68288238669,-0.9202975887113625,0.5136127933551615
8571.06678409339,-1.2073877075757262,0.5142321655624192
8572.450685800086,-4.318196998608654,0.5162150902617002
8573.834587506784,-1.4022185680494617,0.5131374439754484
8575.218489213481,1.2679623900802455,0.5109269535026679
8576.602390920178,2.800575549315328,0.5100418220739014
8577.986292626876,2.7880448821034087,0.5073094673883831
8579.370194333573,3.089255098625295,0.50787157722487
8580.75409604027,2.7006608074885357,0.5103557590477893
8582.137997746968,-1.1005281751639684,0.51282941304052
8583.521899453664,-1.483148570225921,0.5134689454627744
8584.905801160363,-0.7934353786188191,0.5130351806709134
8586.28970286706,0.07809826267431141,0.5115819062610849
8587.673604573756,1.8720083687440656,0.5097489778120254
8589.057506280455,3.3048958748142563,0.507961739792767
8590.441407987151,4.22827765461332,0.506567649048852
8591.825309693848,2.146281162503708,0.509933736817384
8593.209211400546,-0.579383898816619,0.5132707020398998
8594.593113107243,-3.1922063163787415,0.5155880217144805
8595.977014813941,-1.9574897611460662,0.5139461595166812
8597.360916520638,-2.124927835109874,0.514140885599802
8598.744818227335,-1.9773254190416667,0.5139265097575296
8600.128719934033,-0.5658483841525973,0.5118771057127404
8601.51262164073,1.0955370967634939,0.5115727928997804
8602.896523347428,1.5239101746693708,0.5112485323537599
8604.280425054125,0.6877008200454033,0.5108144140950193
8605.664326760821,0.3739981395546655,0.5123052683915424
8607.04822846752,0.9423692163264341,0.5115792198307989
8608.432130174217,1.5344589875597456,0.5104361267165155
8609.816031880913,-0.2031555468816465,0.5135536118781339
8611.199933587612,-3.0910735123873354,0.5166554185768126
8612.583835294308,-5.131467074026066,0.5183790215369088
8613.967737001007,-4.412229312129268,0.5171729039526491
8615.351638707703,-0.6400189511584764,0.5135333718534273
8616.7355404144,1.346163253978687,0.5108891566455581
8618.119442121098,0.7268238718441988,0.5098459676619388
8619.503343827795,0.6804188779132546,0.5097698242912897
8620.887245534494,1.2289797097788324,0.5087373327731487
8622.27114724119,2.2101647271103904,0.5073024300317462
8623.655048947887,2.977667644560732,0.5074310497581537
8625.038950654585,3.3499389607542502,0.5049699294487582
8626.422852361282,3.6849512491806626,0.5027938946523322
8627.806754067979,4.340098259263929,0.5039883114718369
8629.190655774677,5.8940409574752515,0.501560327942671
8630.574557481374,6.418755446981366,0.500970872017148
8631.958459188072,5.19963588034358,0.5039910888064564
8633.342360894769,1.6210236459610534,0.5055972429706151
8634.726262601465,0.10686926000247454,0.5070920590617917
8636.110164308164,0.6631504305804758,0.5081255816493996
8637.49406601486,3.314853998176191,0.5055800593325699
8638.877967721557,4.545583904875414,0.5047693772958666
8640.261869428256,4.861714091199303,0.5048604574125818
8641.645771134952,4.531823805422997,0.50502226734805
8643.02967284165,5.080019105307611,0.505991993825622
8644.413574548347,4.794602637119384,0.5066137020966054
8645.797476255044,2.5690419232576116,0.5061856812598378
8647.181377961742,-1.271621939839184,0.5123348011049089
8648.565279668439,-3.903663857802002,0.5155012407065099
8649.949181375137,-4.861717368282157,0.5145531989733877
8651.333083081834,-2.3065519443982367,0.5113276808176859
8652.71698478853,-1.3645137063053299,0.5107151772776202
8654.10088649523,-1.7370187578446177,0.5118659111319026
8655.484788201926,-3.7381054828187086,0.5129131465529632
8656.868689908622,-8.872736822620018,0.5184453018696602
8658.25259161532,-16.75433490990851,0.5284711303744472
8659.636493322017,-29.97224909524702,0.5456469692054978
8661.020395028716,-45.988156397527035,0.5688085070416586
8662.404296735413,-56.65683596012789,0.5836389187585147
8663.78819844211,-58.861678166629304,0.5837374628705686
8665.172100148808,-33.26909064801162,0.55362524283977
8666.556001855504,-15.590680132361898,0.5309864262347394
8667.939903562203,-7.374865742923085,0.5176796980283893
8669.3238052689,-3.5220949247484614,0.5133788602774795
8670.707706975596,-0.5056801826393771,0.5095537301106066
8672.091608682294,1.1760488196417422,0.5072328118141507
8673.475510388991,-0.8572781562635223,0.5103712773309681
8674.859412095688,-3.5320875917003756,0.5133496124320321
8676.243313802386,-3.8539085959671526,0.5140114513502327
8677.627215509083,1.9263938048360065,0.50930199833698
8679.011117215781,1.970488313178407,0.5086685401035859
8680.395018922478,1.0947235898999128,0.5091825333842085
8681.778920629175,0.3988774507310522,0.5103367400579306
8683.162822335873,0.9605851329526769,0.511324703252565
8684.54672404257,0.4593692212001331,0.5116670856336816
8685.930625749266,-1.3090643237594837,0.5120422902997817
8687.314527455965,-6.219658359971593,0.520187006243476
8688.698429162661,-9.873651434925254,0.5244761799626318
8690.08233086936,-10.861743624623042,0.524784194995164
8691.466232576056,-3.4839958375598474,0.5174874119412289
8692.850134282753,1.6080359191211633,0.5110870073663477
8694.234035989452,4.704071816915644,0.5067931704128719
8695.617937696148,4.995036838307465,0.5068541065358715
8697.001839402847,3.2019431272297694,0.5087879339663512
8698.385741109543,1.0428695234187217,0.5106213022874944
8699.76964281624,-1.0739315121941893,0.5117783084776892
8701.153544522938,0.860434287227803,0.5109314308494259
8702.537446229635,2.2194783708226753,0.5097524260078173
8703.921347936332,2.8075348759182868,0.5084506636408935
8705.30524964303,2.643131630811734,0.5089227764522576
8706.689151349727,3.4874915987279813,0.5082719352757168
8708.073053056425,4.399519691071586,0.5074638244417257
8709.456954763122,2.481031057366822,0.5097285688272807
8710.840856469818,-2.6204948033158866,0.5155807376945318
8712.224758176517,-7.305022453592187,0.5208249427279147
8713.608659883213,-7.188177834514688,0.5200955519556747
8714.992561589912,-3.5788151769029217,0.5172137335323458
8716.376463296609,-0.6556210661764574,0.5144011992916628
8717.760365003305,-0.4721052455513506,0.5126182201943543
8719.144266710004,0.9420340505926027,0.5113700151808067
8720.5281684167,3.551358726422687,0.5086693956018771
8721.912070123397,7.2185772205984655,0.5042109329334378
8723.295971830095,8.368268640026908,0.5030884954188494
8724.679873536792,7.811243550151732,0.5036105776533651
8726.06377524349,5.687098756388957,0.5056942641142321
8727.447676950187,1.9477010860933046,0.5099041248153031
8728.831578656884,-0.017278192094574152,0.5120673988885677
8730.215480363582,-0.14703598423810493,0.5123569188604846
8731.599382070279,3.674278314269113,0.5095138344779235
8732.983283776975,3.620045199854296,0.5092357210348115
8734.367185483674,0.12297967153130696,0.5126883207069822
8735.75108719037,-8.399254812874029,0.5230152862527033
8737.134988897069,-7.575253478682604,0.5221411025172514
8738.518890603766,-4.074450197912461,0.5181840992846505
8739.902792310462,0.8523569864709502,0.5127082517806367
8741.28669401716,0.7910904162357211,0.5126258652897333
8742.670595723857,-0.2709217903037902,0.5133358734710098
8744.054497430556,-1.975806969879609,0.5144526896917397
8745.438399137252,-1.2881607633060335,0.514186789735938
8746.822300843949,0.15138203694102947,0.5130820464535784
8748.206202550648,1.7296761710893345,0.5116618704708866
8749.590104257344,-0.0653241145774317,0.512748892801463
8750.97400596404,-3.4759886370864788,0.5168110767557256
8752.35790767074,-6.683512134348405,0.520933914003761
8753.741809377436,-5.756884648818312,0.5191652260229256
8755.125711084134,-2.603694078890158,0.5159360307177568
8756.509612790831,0.800134876713167,0.5117628045983396
8757.893514497528,3.1523742345896397,0.5064928507764042
8759.277416204226,4.124084560109518,0.5027938749780804
8760.661317910923,4.9725193120563285,0.49944422906378655
8762.045219617621,6.082743108583724,0.49614640725544346
8763.429121324318,-0.6231230735552444,0.5041635001434017
8764.813023031014,-3.711273925751085,0.5077656783330804
8766.196924737713,-1.6815386438358673,0.5049306767100337
8767.58082644441,3.6378268334600836,0.49683821897488706
8768.964728151106,5.3471524089048525,0.49505269482246905
8770.348629857805,3.534345871177204,0.4992537806663043
8771.732531564501,-3.0834592285525955,0.5106083787383436
8773.1164332712,-5.097287602727306,0.5154230495953193
8774.500334977896,-3.498539718945378,0.5145802566428338
8775.884236684593,2.1807550011206405,0.5050306163415141
8777.268138391291,6.515801534417137,0.4959274463264233
8778.652040097988,8.755908731059774,0.4893564489159359
8780.035941804685,6.40129892552101,0.49010329127654434
8781.419843511383,2.51530827565383,0.5002535103612383
8782.80374521808,-0.7512982729935694,0.5101828684643822
8784.187646924778,-1.7541354687377582,0.514087394587505
8785.571548631475,-1.1580218920137462,0.5145608436249974
8786.955450338171,-0.2347637586278865,0.5138483488760682
8788.33935204487,0.787597239781734,0.5121899145239605
8789.723253751567,-2.5420067176794987,0.515233055671297
8791.107155458265,-5.172043234437214,0.5162258011912988
8792.491057164962,-6.665484461640982,0.5146184011297641
8793.874958871658,-5.961237141399911,0.5173135074641301
8795.258860578357,-5.248859604124949,0.5183129795562386
8796.642762285053,-4.245354063804912,0.517709850674569
8798.02666399175,-0.36558039771434925,0.5149243654240662
8799.410565698448,0.0007480984879315589,0.5144025543312014
8800.794467405145,-1.3903015050349423,0.5150958805342771
8802.178369111843,-0.6896311707725454,0.5148564763767701
8803.56227081854,-5.076563317263712,0.5209035007480751
8804.946172525237,-12.409622994693292,0.530378326943516
8806.330074231935,-21.739412241183615,0.5419771260342733
8807.713975938632,-22.096201070972654,0.5418253516598941
8809.097877645328,-16.652246119739523,0.5348850813389987
8810.481779352027,-4.082771645912037,0.5205531676337936
8811.865681058724,-0.0414667295848713,0.5143069261827057
8813.249582765422,1.389137819107908,0.5114950477602361
8814.633484472119,1.2928723025446425,0.5117940727102991
8816.017386178815,2.038198946327259,0.5105620920486054
8817.401287885514,2.609749346778348,0.5100823385952977
8818.78518959221,2.829808960100389,0.5108266520095303
8820.169091298909,0.8768010915369482,0.5122540539031292
8821.552993005605,-1.3977992811708664,0.5132704999081664
8822.936894712302,-3.8440997567750212,0.5135128930866792
8824.320796419,-3.0921676553775352,0.502448546549703
8825.704698125697,0.37817387888673293,0.4864932008359017
8827.088599832394,5.522433189278972,0.46898537047260946
8828.472501539092,5.384432542141512,0.4741061988124694
8829.856403245789,2.2073332923462217,0.48733542366930216
8831.240304952487,-2.265239479720372,0.5038269116741039
8832.624206659184,-3.64889692467914,0.5112595188045658
8834.00810836588,-1.7809444297128256,0.5110733503806947
8835.392010072579,1.336765452341727,0.5069804102898968
8836.775911779276,3.5626794998725493,0.5014550030359692
8838.159813485974,1.6405940585097802,0.5003993552010727
8839.54371519267,-0.8917589895252724,0.5030899618755744
8840.927616899367,-1.3221756203549115,0.5116456425444722
8842.311518606066,-0.15641520629502925,0.5138991409255261
8843.695420312763,0.4494308198364006,0.514697759975687
8845.07932201946,-0.9120546022205445,0.5156841332847572
8846.463223726158,-1.1120385784639986,0.5161344080048846
8847.847125432854,-0.9090636727943258,0.5152926170093087
8849.231027139553,-0.40984866890580196,0.5125517843782539
8850.61492884625,-0.13331253396622317,0.5130434422852754
8851.998830552946,-0.1611828494033097,0.5137668570831473
8853.382732259644,-0.5525193663989585,0.5144088339511609
8854.766633966341,-1.039040196315542,0.5164985324395337
8856.150535673038,-1.331913060030332,0.5174377397800747
8857.534437379736,-1.4552896749464221,0.5172078124904141
8858.918339086433,-2.2284711553748857,0.5185707477910504
8860.302240793131,-4.099042664575439,0.5206822549756046
8861.686142499828,-6.5677248028473985,0.52313726749257
8863.070044206524,-5.334823633694289,0.5222908120586277
8864.453945913223,-4.53971666106446,0.5199035635365862
8865.83784761992,-4.011534220944793,0.5163964204487331
8867.221749326618,-3.5213890094357603,0.5122195037712893
8868.605651033315,-1.383172533798251,0.5095614230911633
8869.989552740011,1.2208642481199632,0.5079323913072136
8871.37345444671,1.8366179553500288,0.5073101584334357
8872.757356153406,1.7206144401810466,0.5108905289638916
8874.141257860103,1.4861629750781074,0.5146846381328842
8875.525159566801,2.1991297280308335,0.5129151505945272
8876.909061273498,1.6440512595155146,0.5138621844938893
8878.292962980197,0.4958009697131092,0.5157912764158196
8879.676864686893,-1.1391952682237294,0.5178777995914279
8881.06076639359,-0.469520665360275,0.5157896990346558
8882.444668100288,1.592142252956212,0.510703066624885
8883.828569806985,5.181641226137685,0.5014668254347708
8885.212471513683,6.981219796672752,0.4874739679856706
8886.59637322038,8.044845626340365,0.4774252496932423
8887.980274927077,8.421692325581423,0.4761240612073321
8889.364176633775,4.8785210088768185,0.49622689182740415
8890.748078340472,1.141398118957254,0.5117739082727399
8892.131980047168,-2.1159064897622795,0.5160859987524405
8893.515881753867,-0.3303412216769551,0.5161531840581999
8894.899783460563,0.9137139816126829,0.5156182126983233
8896.283685167262,0.9417460901304706,0.5147826828019355
8897.667586873958,2.3233901603020457,0.512673512826899
8899.051488580655,2.6225042587037866,0.5122130086178658
8900.435390287354,1.6715601256458,0.513589084148407
