wave,flux,uncertainty
3810.9774788968894,-0.7170598753921262,inf
3812.3589630839297,-0.6784080322087447,inf
3813.7404472709695,-0.7209038104755474,inf
3815.12193145801,-0.7567776909552231,inf
3816.5034156450497,-0.7245245568266843,inf
3817.88489983209,-0.6856497772979198,inf
3819.26638401913,-0.7279270225334671,inf
3820.64786820617,-0.6889538375409061,inf
3822.02935239321,-0.6499159033969719,inf
3823.4108365802504,-0.6054182283433198,inf
3824.79232076729,-0.6529099458970629,inf
3826.1738049543305,-0.3638960353295486,0.7278238448297
3827.5552891413704,-0.48979258315286556,0.7298386506996459
3828.9367733284107,-3.328635555680278,0.7466096771158122
3830.3182575154506,0.8691725718100278,0.7166385887262101
3831.699741702491,-0.3728983600221274,0.7262526978884182
3833.0812258895307,-3.033413779788808,0.7426160769753326
3834.462710076571,-3.231060638975981,0.7540022271339598
3835.844194263611,1.131606009300495,0.7348438408869193
3837.2256784506512,0.2410879920633815,0.7448858023064264
3838.607162637691,-1.910048989744935,0.7622948412312148
3839.9886468247314,1.50714039475394,0.7498256203013267
3841.3701310117717,-2.3603918274159703,0.7795466977213912
3842.7516151988116,-3.402871970094175,0.7992822092977186
3844.133099385852,0.7009342371489953,0.7707203902422434
3845.5145835728918,2.068887179837117,0.767168618259225
3846.896067759932,-1.525325822653766,0.8039541808359265
3848.277551946972,-0.8007336916896082,0.8061562773543955
3849.6590361340122,0.8704918481828934,0.7968389734747964
3851.040520321052,0.8012092610546131,0.8017606433291858
3852.4220045080924,-0.2724310554723002,0.8005080194822219
3853.8034886951323,0.532228660648371,0.8006123196045338
3855.1849728821726,-1.2773441925790736,0.803900895445475
3856.5664570692124,0.06807911246829534,0.8177709116377907
3857.9479412562528,-0.45604897862315497,0.8416731539745006
3859.3294254432926,-0.46701885998086334,0.838486961718469
3860.710909630333,0.09149937862428348,0.8177863612746803
3862.092393817373,0.5665931688608519,0.8140197084716715
3863.473878004413,1.9315164808344312,0.8125975043514653
3864.855362191453,0.22147570856510246,0.8316808614387387
3866.2368463784933,0.46210493076229553,0.8393255122914832
3867.618330565533,-0.1600154316990272,0.8565656371377703
3868.9998147525735,0.4061078991120144,0.8536506856648525
3870.3812989396138,-1.5503257101974053,0.8410537783039338
3871.7627831266536,0.7992084972210527,0.8293314907203994
3873.144267313694,0.1796509510421922,0.824949792068378
3874.525751500734,0.28383450137574195,0.8270537309309058
3875.907235687774,-1.5357804929167895,0.8480025000548599
3877.288719874814,-0.3505165034019575,0.8404411135744345
3878.6702040618543,-1.9667774775635172,0.8593112536625025
3880.051688248894,1.2354141928810534,0.8388570159779764
3881.4331724359345,1.2628777359989185,0.8364488726443096
3882.8146566229743,-0.5707050865780814,0.8341936661892569
3884.1961408100146,0.5024049592800113,0.8318451740181202
3885.5776249970545,-1.1076668943908299,0.8367940314509812
3886.959109184095,-0.2818767152088566,0.8211351761621304
3888.3405933711347,2.142501504729169,0.8176080528110358
3889.722077558175,-1.1676509075684645,0.8571124924940394
3891.103561745215,-0.8412159227595024,0.8666833695220325
3892.485045932255,0.36689827064774194,0.8498578079202801
3893.866530119295,-0.9027444584702473,0.8588546860765195
3895.2480143063353,-0.9264256850407131,0.8557620900934285
3896.629498493375,0.00533428765508992,0.8545260925631614
3898.0109826804155,0.307324251314109,0.8471263816675445
3899.392466867456,0.7068431632525396,0.8365757987859735
3900.7739510544957,-0.685791797728992,0.8482458632576614
3902.155435241536,0.55589735951063,0.8322563355599353
3903.536919428576,-0.1941440463819788,0.823159635564068
3904.918403615616,0.7742847789657845,0.7995966041532648
3906.299887802656,-1.7457669185430575,0.8204774978565066
3907.6813719896963,-2.0676398989129634,0.8250420255785001
3909.062856176736,0.30106780269642286,0.8243416436271452
3910.4443403637765,1.8582394078612063,0.822064754399451
3911.8258245508164,0.35248605279943934,0.8270805538249436
3913.2073087378567,-0.6668234912205488,0.8379111515247671
3914.5887929248966,0.8259237901405436,0.8353881335570437
3915.970277111937,0.36444545532417383,0.8392200018484373
3917.3517612989767,-0.4406407343942693,0.846338468421787
3918.733245486017,-1.109612823559691,0.8686633920053435
3920.114729673057,0.3192445178902754,0.8657630079038193
3921.496213860097,0.6808588761758885,0.8689833043453955
3922.877698047137,0.7458771286389063,0.8728750535540524
3924.2591822341774,-2.0399974567793104,0.8936661397344421
3925.6406664212172,0.22061316491068084,0.8701875097902594
3927.0221506082576,-0.39661895858004526,0.8778758380993029
3928.403634795298,-0.15269898849153618,0.89322040127112
3929.7851189823377,-3.112653851336464,0.9331578473868786
3931.166603169378,-1.8964995144983727,0.9257506312063309
3932.548087356418,0.013438546145819519,0.9080154199214985
3933.929571543458,0.7932455340770166,0.9047905836682706
3935.311055730498,1.1233350385001586,0.9061917032187156
3936.6925399175384,-1.460943480481152,0.9341178946179477
3938.0740241045783,-0.008459738029051866,0.9038222581374703
3939.4555082916186,1.6360617022228947,0.8746054718962841
3940.8369924786584,-2.594837714804715,0.9212691778665341
3942.2184766656987,-1.2581894489779701,0.9104906157450376
3943.5999608527386,-0.47941391366175923,0.8961693991313967
3944.981445039779,-2.855230442008245,0.9145545298016688
3946.362929226819,-1.719164818414363,0.9021403379230646
3947.744413413859,-1.9406552546886018,0.9041737539216376
3949.125897600899,0.628887989326862,0.8844015397331626
3950.5073817879393,0.15334114755936445,0.8895249403499161
3951.888865974979,2.4121768250972933,0.8603282395971457
3953.2703501620194,1.2939286349353734,0.8540656182274663
3954.6518343490598,-0.2936178206321771,0.8754977966205202
3956.0333185360996,-1.5102273230571117,0.8878461747038201
3957.41480272314,-0.08655478628275359,0.8995255197553352
3958.79628691018,-0.5586800414462112,0.9046259729986431
3960.17777109722,-1.2722604030349673,0.9152388168138784
3961.55925528426,-0.8771081706723103,0.9142931171427029
3962.9407394713003,-0.17591957683761095,0.9042739485332405
3964.32222365834,-0.905072060889804,0.9051544249819714
3965.7037078453804,-0.929002808154171,0.9038417415572781
3967.0851920324203,-0.27017602501499205,0.8833713864463336
3968.4666762194606,-2.6247976938384685,0.882989902883423
3969.8481604065005,-1.2176121784773863,0.8607597482596837
3971.229644593541,-0.9525909607035521,0.8367914025091548
3972.6111287805807,3.5047030625299183,0.772772017502519
3973.992612967621,-2.149613512018065,0.761444987439473
3975.374097154661,-1.4068995247751188,0.7435942978716233
3976.755581341701,1.9679418409838627,0.7293788927168691
3978.137065528741,1.5121775759682237,0.8280262002245901
3979.5185497157813,1.4343284837353387,0.8531611882472175
3980.900033902821,-1.2937406258123512,0.8776344732605924
3982.2815180898615,-0.44533821242286553,0.8822383203285067
3983.6630022769014,0.2836481367162613,0.9015260663819649
3985.0444864639417,-1.4596028843841293,0.9145680242344943
3986.425970650982,4.7154330746819575,0.8803646447213204
3987.807454838022,1.3316382873484676,0.896544358997919
3989.188939025062,-0.0775355406667253,0.9314489093929079
3990.570423212102,1.1300625586411037,0.9277794344208264
3991.9519073991423,0.712495806193961,0.9295126698492289
3993.333391586182,0.5344736474194267,0.9356071569894686
3994.7148757732225,-1.686377232612742,0.9606814290992629
3996.0963599602624,-0.7911631938514296,0.9590948056057426
3997.4778441473027,-0.28924859913650236,0.953494076507499
3998.8593283343425,-0.5969273782351125,0.9667894018890344
4000.240812521383,1.0860287928714527,0.9405654964922878
4001.6222967084227,0.9289877187692923,0.9388611762654117
4003.003780895463,-0.8529370263257192,0.9629028634023543
4004.385265082503,-0.18834943561270467,0.9707079818112809
4005.766749269543,0.32404791816877854,0.9649058927057134
4007.148233456583,1.2312884238364514,0.9506878076851191
4008.5297176436234,0.024979500572260616,0.9501322983986169
4009.9112018306632,0.8752573131094104,0.9547418007967857
4011.2926860177035,0.9949196654833452,0.9433897851086493
4012.674170204744,-0.08733485831345256,0.9560471678108837
4014.0556543917837,0.045454819094972176,0.9563680129441309
4015.437138578824,1.0040276765501561,0.9467518970341444
4016.818622765864,2.713757809382857,0.9299408869831929
4018.200106952904,2.2096828944387394,0.9420201842479413
4019.581591139944,-0.1411971304668418,0.9705026368085644
4020.9630753269844,0.8616652907773075,0.9633445151482339
4022.3445595140242,0.29530120963603723,0.9645361728827002
4023.7260437010646,1.9122354942933408,0.9399224527018617
4025.1075278881044,-0.39052575878086415,0.9493866870227494
4026.4890120751447,0.03237816939585958,0.9517606254091702
4027.8704962621846,1.5252932323517423,0.9408634850688206
4029.251980449225,0.6570395594972256,0.9681422633899598
4030.6334646362648,0.37331012245345585,0.963762432831791
4032.014948823305,-0.4932022396413762,0.9744092153214478
4033.396433010345,-2.132056103365225,0.9948439293706309
4034.7779171973852,0.18119920723526795,0.9812435823790395
4036.159401384425,0.505233478647555,0.9681444476759512
4037.5408855714654,-0.048008664863790074,0.9584058143967071
4038.9223697585053,0.4695212903493666,0.9625887030957865
4040.3038539455456,0.7514985091229347,0.948582523830333
4041.6853381325855,-0.2756124183002582,0.9560230567605801
4043.0668223196258,-2.0679649975846353,0.9636664173952658
4044.448306506666,-0.7655985228763433,0.9416944524434684
4045.829790693706,-1.4302187670110222,0.8976967219623658
4047.2112748807463,-1.1822521226683134,0.8893494210877864
4048.592759067786,-0.43577725486757846,0.9287226629392198
4049.9742432548264,0.6175149562585025,0.9406046315639953
4051.3557274418663,0.43448380899490413,0.9475313227419019
4052.7372116289066,1.9998638120297128,0.9421269117697221
4054.1186958159465,-0.6763782376409146,0.9510378358294238
4055.500180002987,1.1131524232649301,0.9255706132591119
4056.8816641900266,0.16440810972090203,0.9461229626418524
4058.263148377067,0.2715517398258349,0.9381001166146014
4059.644632564107,0.7372305422926786,0.8813274825193433
4061.026116751147,-0.9736177120435725,0.8471542848109904
4062.407600938187,1.85711175086885,0.8266988388365486
4063.7890851252273,-0.02987065798993127,0.9119589196761791
4065.170569312267,-0.9559621618884591,0.9327825761772374
4066.5520534993075,0.09807507973208374,0.9236402855765374
4067.9335376863473,-0.06668531363161989,0.9262780562430019
4069.3150218733876,0.3473187969135956,0.9298486236403372
4070.696506060428,-1.6547969075172406,0.961399430025661
4072.077990247468,-2.194517669200327,0.9715439015435547
4073.4594744345077,1.2273732746104904,0.9346619174287033
4074.840958621548,1.2763183935870925,0.9190027301643514
4076.2224428085883,-0.9779783012590713,0.9288909056821012
4077.603926995628,0.17358624411252155,0.9441189661607583
4078.9854111826685,-0.9427461357059923,0.9609639655991699
4080.3668953697083,0.3592817629598821,0.9495367805643999
4081.7483795567487,-1.1446020977898614,0.9700459217161349
4083.1298637437885,-0.7790120863235597,0.9726701306793377
4084.511347930829,0.8657346521492304,0.962274861578676
4085.8928321178687,-0.8511306516357933,0.9889396290574696
4087.274316304909,0.9285994276039857,0.9667460987416256
4088.655800491949,1.1424345959909572,0.9728594138919341
4090.037284678989,0.26177911069483484,0.9819924737127268
4091.418768866029,1.060392550045044,0.9696999881551094
4092.8002530530694,0.9219081040848232,0.966725951524723
4094.181737240109,0.3527001771065783,0.9728449471206277
4095.5632214271495,-0.03835746816013863,0.988439933118313
4096.94470561419,-0.45531445273736626,1.0139091564718787
4098.32618980123,0.1861328560043054,1.0081474237328942
4099.70767398827,-1.7449717787679462,1.0359673139697407
4101.089158175309,-1.07315997338734,1.0083617129546099
4102.47064236235,0.1382459181280522,0.9847699918836615
4103.85212654939,0.6414709804169494,0.9992530896126529
4105.23361073643,1.0661976626773617,1.0002760563872932
4106.615094923471,0.4368422877192728,1.0046615136637276
4107.9965791105105,1.240539074503233,0.9998696556758666
4109.37806329755,-0.32606845100792103,1.0100597106052316
4110.75954748459,0.2315397645533741,0.9991066106709625
4112.141031671631,-0.4329319552131463,1.0163944516642367
4113.522515858671,-0.7790811732924365,1.0242001609047378
4114.904000045711,-0.4262847795111009,1.0131548538998785
4116.285484232751,1.0486878134139337,0.9974733421568536
4117.666968419791,0.034890262902592006,1.0120048359798348
4119.048452606831,-0.27270963641363943,1.0117272482563855
4120.429936793871,1.6702014776267773,0.9919734749571028
4121.811420980911,0.16361853210743238,1.0043413361842428
4123.192905167952,1.323965635833753,0.9895476644588249
4124.574389354992,1.3530113627563458,0.9815836779230751
4125.955873542031,-0.05585565642669632,1.0066512697864882
4127.337357729071,-0.2871700858598465,1.019429138751228
4128.718841916112,-0.7338779424103739,1.029930931201435
4130.100326103152,-1.2512073538226516,1.0331497657612148
4131.481810290192,-0.42800848754209664,1.0301104999764146
4132.863294477233,-0.8923097573659904,1.021939072633548
4134.244778664272,-0.1999302118591273,1.0135972978167975
4135.626262851312,0.5751468166301006,1.0018090674151758
4137.007747038352,0.3395771912657537,0.9990136372097843
4138.389231225393,0.04022999601418675,1.0157024976453166
4139.770715412433,0.041824673417685254,1.0280804097430867
4141.152199599473,-0.5000714276992428,1.0343774051116508
4142.5336837865125,-0.38935720143758257,1.0387910537424292
4143.915167973553,-0.08921798260630132,1.0323448682045693
4145.296652160593,-0.8917939565226525,1.0330373252110938
4146.678136347633,0.6856608332344605,1.027243940387892
4148.059620534673,0.0882447997364042,1.044583957778743
4149.441104721714,0.3025740843552214,1.0428666439188987
4150.8225889087535,1.6300999832767848,1.026362947012686
4152.204073095793,1.236123740512201,1.0299463971145115
4153.585557282833,0.9592412480392927,1.0304388323935738
4154.967041469874,1.287595831415289,1.0276196387762142
4156.348525656914,1.261388808166168,1.0351203966141778
4157.730009843954,0.9886648872818942,1.014505456897644
4159.111494030994,0.4665503260254962,1.0237798645395015
4160.492978218034,0.9652130556769629,1.0279273111625038
4161.874462405074,0.38419925191493043,1.0364992833623714
4163.255946592114,0.5875878729603707,1.0242922387449511
4164.637430779155,-0.1553501337438039,1.0264449702200122
4166.018914966195,-0.6749448016941066,1.0477868520673266
4167.4003991532345,0.737021143676702,1.0317767289249464
4168.781883340274,-0.0008748905383195726,1.0396272619306182
4170.163367527315,1.6175841261389508,1.0468921023613247
4171.544851714355,-0.9979047108968588,1.0597468323635626
4172.926335901395,1.1102679751475337,1.0389849845818449
4174.307820088435,-0.6921145257139139,1.061145974540284
4175.6893042754755,-0.1227839146700398,1.0639026480799036
4177.070788462515,-0.37987021454571757,1.0594824205778224
4178.452272649555,1.8728652143598472,1.0122734328269323
4179.833756836595,1.5520469278954288,1.0230350876995085
4181.215241023636,1.3921848737398959,1.0446365476537547
4182.596725210676,0.024943183783557643,1.0560741952987749
4183.978209397716,1.6560531338634519,1.0393888964999014
4185.359693584756,-0.5383953513305522,1.050514606203973
4186.741177771796,-0.009698259030690437,1.0634777916602598
4188.122661958836,-0.5290181482750986,1.0739991161411597
4189.504146145876,-1.0448586528366728,1.0756521955942298
4190.885630332917,-0.843439404644772,1.0658693515423021
4192.2671145199565,0.8889700461426733,1.044616090124635
4193.648598706996,0.38394465885740736,1.0543199584464218
4195.030082894036,2.945448942037787,0.9633261401912602
4196.411567081077,-0.5653220653408839,1.0239264930746765
4197.793051268117,0.6885982690191312,1.0656934359791346
4199.174535455157,0.516441178186116,1.0662814562605132
4200.556019642197,0.6847107200239178,1.0653642057112527
4201.937503829237,0.2859626778146662,1.0726657399509059
4203.318988016277,1.1866199167690175,1.0582831011655705
4204.700472203317,1.90683446982651,1.0273331631109321
4206.081956390357,1.1836047903190607,1.0128190226358804
4207.463440577398,-0.41102039652477496,1.0230617978082646
4208.844924764438,1.842476125641495,1.0224099053407703
4210.226408951477,0.10219224989323106,1.066687932527639
4211.607893138518,-1.727592865690279,1.0893620826891053
4212.989377325558,0.45584678339859597,1.0728676323427744
4214.370861512598,-0.696684132723485,1.0836565133353928
4215.752345699638,-0.6505448011599331,1.0803039282218259
4217.133829886678,-1.0094164107248065,1.0855432641216851
4218.515314073718,-0.7439214014292612,1.098117674719947
4219.896798260758,-2.3741308567867616,1.120814494565018
4221.278282447798,-0.7030216092123465,1.0806589845519778
4222.659766634839,-2.566682133259315,1.1203177023739197
4224.041250821879,-3.4651424714208523,1.1371048283426815
4225.422735008919,-2.470750410122601,1.138364569021173
4226.8042191959585,-2.1338710081065972,1.133914496065537
4228.185703382999,-3.0779139873938677,1.1232023410733778
4229.567187570039,-2.1326654726141103,1.0969466363207645
4230.948671757079,1.3300189163858729,1.0466969704960525
4232.330155944119,-1.1996400441763893,1.100902916458202
4233.71164013116,-1.1786285214921408,1.1028136485859537
4235.093124318199,-1.3830742643048821,1.1048635369467539
4236.474608505239,-1.5850335318631457,1.1118495918473603
4237.856092692279,-2.244242275698661,1.1008307389306868
4239.23757687932,-1.1372690637320346,1.0818736822838628
4240.61906106636,-0.5984606811184561,1.0801867316883873
4242.0005452534,-0.09324299342136566,1.0942864053943504
4243.3820294404395,-0.7020512909035865,1.0969535541468296
4244.76351362748,-0.480335106489298,1.0688367016058125
4246.14499781452,0.895030312354832,1.0654370366628498
4247.52648200156,-1.9815638912409885,1.0893442307156944
4248.907966188601,0.18149169231275764,1.0796305114783127
4250.289450375641,-0.4457107578049717,1.076415524640593
4251.6709345626805,-0.541742343419997,1.0776701828809527
4253.05241874972,-1.6266246135388633,1.1026054159531786
4254.433902936761,-0.22340496639669105,1.0846881503166776
4255.815387123801,-1.5807367044206018,1.091929796677939
4257.196871310841,-0.5786256001995245,1.0926841185619884
4258.578355497881,-1.8871454304434794,1.128964205729529
4259.9598396849215,-1.2948536796344463,1.1279350499161556
4261.341323871961,-0.4061380397340315,1.1134744737028408
4262.722808059001,-0.8795353403997996,1.111161980514008
4264.104292246041,-0.021738698343817475,1.0969200369760643
4265.485776433082,-1.3721866674666576,1.1151785355644108
4266.867260620122,0.1777467867437199,1.0907523531541117
4268.2487448071615,0.49436580134799435,1.0871159461239772
4269.630228994201,-0.9263542580445869,1.1156991754476437
4271.011713181242,-1.9832103600758026,1.129350071369106
4272.393197368282,-1.9413252328200463,1.104330755173253
4273.774681555322,-0.3327067131571244,1.0792832020856435
4275.156165742363,-0.8679996213457764,1.1048322701962707
4276.5376499294025,-1.6015200551817301,1.1230382251919953
4277.919134116442,0.3166734823595707,1.0950182454283857
4279.300618303482,-0.5526570570126572,1.1029569734143747
4280.682102490523,-0.7088369024884633,1.0967827092812912
4282.063586677563,1.0638032830025725,1.0711077937112636
4283.445070864603,-0.2279088406427121,1.081707760206591
4284.826555051643,0.9422332847712713,1.083150047427438
4286.208039238683,1.0860766509854383,1.0903447634345256
4287.589523425723,-0.025419614991384343,1.107865829431379
4288.971007612763,-1.8158541731113007,1.1306155392361192
4290.352491799803,-1.5691677863582054,1.1056657171243005
4291.733975986844,-0.48829822828656155,1.0830189441660534
4293.115460173884,0.06928588765909449,1.0716250350620662
4294.496944360923,0.21892623116235832,1.0730074729628634
4295.878428547963,-0.4848498259099667,1.083484899993899
4297.259912735004,-0.16208916549037689,1.0893314595287458
4298.641396922044,-0.34476684554197234,1.1128004816901347
4300.022881109084,0.10011995328602818,1.1185402392126362
4301.4043652961245,-0.8717873785257604,1.1218735260234243
4302.785849483164,0.03457275854847541,1.1112069239589943
4304.167333670204,0.39239671516557006,1.0990656347289438
4305.548817857244,-1.691950450709352,1.130973975260012
4306.930302044285,-0.48340322755342946,1.125493760948695
4308.311786231325,-1.3982585001375876,1.1327244444141638
4309.693270418365,0.7105026152756109,1.1066578458219067
4311.074754605404,1.1758845963747584,1.0883084865496262
4312.456238792445,-0.23936171189365307,1.1028495954943736
4313.837722979485,0.873092116120791,1.0872012183307758
4315.219207166525,0.1027005767741338,1.1032421439241564
4316.600691353565,-0.6555505042213161,1.1116335616626902
4317.982175540606,-0.799894587197941,1.1034180660038129
4319.363659727645,0.9948785437342806,1.0666449783556005
4320.745143914685,0.6569687259731456,1.07478875982579
4322.126628101725,-0.21471092332379005,1.1028578478987114
4323.508112288766,1.4928671768281028,1.1015215220233008
4324.889596475806,-0.4532832853762816,1.1264698443917167
4326.271080662846,0.05611972749405503,1.1168735835845907
4327.652564849886,0.6650465459314931,1.1018860686919398
4329.034049036926,1.0433021010597283,1.0986113839911185
4330.415533223966,0.48629238212214254,1.08561436817036
4331.797017411006,1.6281287890389757,1.0557229945801818
4333.178501598046,-0.20523494207558546,1.0857224927588789
4334.559985785087,1.6904467328027692,1.0910662609505033
4335.9414699721265,0.45868401324608055,1.1084503305676108
4337.322954159166,-0.6246099738380595,1.133738336581262
4338.704438346207,-1.2718077782214428,1.1369670375381853
4340.085922533247,-0.900327948702814,1.1186180588387045
4341.467406720287,1.267285704070324,1.096696952536779
4342.848890907327,0.09186754083292481,1.1082353941578178
4344.230375094367,-0.5940076478394278,1.106052827963113
4345.611859281407,-0.25163081651704644,1.1007728373444339
4346.993343468447,0.9793492470120801,1.0793722330832152
4348.374827655487,1.8654628582748263,1.0659600351424419
4349.756311842528,2.4419216786017914,1.0636414046730036
4351.137796029568,0.34676860510875684,1.0828120539880923
4352.5192802166075,-1.0226348746048526,1.1048718856612376
4353.900764403648,0.7492157575080576,1.0973278599420713
4355.282248590688,-0.470112927948767,1.0799589839415993
4356.663732777728,0.594891653143331,0.991006704093061
4358.045216964768,-0.03839834930102892,0.9216681676501222
4359.426701151808,1.4042919902902726,0.9521208897377644
4360.8081853388485,-0.9223557119663788,1.0489755518567918
4362.189669525888,-0.5889578721910649,1.0933078982037008
4363.571153712928,0.9073227333743432,1.0779797503989554
4364.952637899969,1.2439329380612518,1.0728795989660465
4366.334122087009,-0.27695302133652966,1.0772115870101437
4367.715606274049,-0.3942734662767782,1.0814839048370912
4369.097090461089,-0.1577605432843443,1.099919761712337
4370.478574648129,-0.7169211349786604,1.1082139568980645
4371.860058835169,-0.14289591712938599,1.1126716472093487
4373.241543022209,-0.3315453778055275,1.1011532942090936
4374.623027209249,0.012674207072981503,1.0847720452271776
4376.00451139629,0.02835597657412059,1.0826893605462582
4377.3859955833295,-0.8780522433536957,1.1048576849634593
4378.767479770369,0.8327041611988255,1.0941438964123686
4380.148963957409,1.7010565525056167,1.0822925269123087
4381.53044814445,1.0780493028084512,1.097498780004122
4382.91193233149,-1.259396227392906,1.1358196016055062
4384.29341651853,-1.0645841440091504,1.1366617375932904
4385.67490070557,-0.9194574903843993,1.0990323479751571
4387.05638489261,-0.09090699064717267,1.1039008345447043
4388.43786907965,-0.5124102027005044,1.1155363582988131
4389.81935326669,-0.47098406628588574,1.1198091142405584
4391.200837453731,0.1354778051420329,1.1055142031873764
4392.582321640771,-0.5092622406874474,1.1225229479040997
4393.963805827811,-1.871637484377426,1.1279413056256111
4395.34529001485,0.35239226942858703,1.0334432508795945
4396.726774201891,0.2953664583312241,0.9793986120405561
4398.108258388931,1.1967786103379705,1.096257049370177
4399.489742575971,0.6367661677861722,1.088597269919427
4400.871226763011,0.1060329490277887,1.0866913004080685
4402.252710950052,1.860144718267052,1.0700178559109503
4403.634195137091,-0.543144780462768,1.1075394846797681
4405.015679324131,-1.4568083073995242,1.1107711970672502
4406.397163511171,-1.2596950636466682,1.1134052202186102
4407.778647698212,-1.1647906361712952,1.117632691761019
4409.160131885252,-1.7372240745325707,1.11865649995151
4410.541616072292,0.4165361270166441,1.0983676983204258
4411.9231002593315,0.07291672732955323,1.0997169492301622
4413.304584446372,0.685806246800519,1.0972864147430959
4414.686068633412,0.23418931999883608,1.1052648084667698
4416.067552820452,-0.4760408297320966,1.105472781866566
4417.449037007493,-0.7156155843101208,1.1180947744637766
4418.830521194533,0.36565322212976703,1.104417158734796
4420.212005381572,-0.021055112783153085,1.1053417255312867
4421.593489568612,0.536606774242034,1.0996991248164403
4422.974973755652,0.5403283764242728,1.1065169754203816
4424.356457942693,-0.7699355576570062,1.1298332076969242
4425.737942129733,-0.9467004339584504,1.1271217660108017
4427.119426316773,-0.7578535926223715,1.1301239460739638
4428.500910503813,-0.20304480804740255,1.1152336264538332
4429.882394690853,0.1227413304777647,1.1146545920832036
4431.263878877893,-0.46191165169260895,1.1248682002548647
4432.645363064933,0.10674318319906995,1.1161489469049979
4434.026847251974,-1.678877745070456,1.1474749219352078
4435.408331439014,-1.4807198566243134,1.144508666049079
4436.7898156260535,-1.7714164488680932,1.1381517185586298
4438.171299813093,0.5308361499353795,1.109797289554485
4439.552784000134,-0.06476371555082316,1.103425773564555
4440.934268187174,0.9949569926615132,1.1106534148300395
4442.315752374214,-0.8678951100783561,1.1377578725406285
4443.697236561255,1.0368277203157454,1.083266283836144
4445.0787207482945,0.28586747374475063,1.0868208077530765
4446.460204935334,0.6960167129383947,1.0960946606325057
4447.841689122374,1.4927541492593157,1.1028721166879052
4449.223173309414,1.807360557083209,1.0889678966662923
4450.604657496455,0.4534067768742398,1.0998177233399689
4451.986141683495,-0.6332555922582888,1.1202847444294668
4453.3676258705345,-0.3933527891440436,1.1339350880056598
4454.749110057575,-2.1824183898752487,1.1570509707869587
4456.130594244615,-1.7218750667395284,1.145660184036456
4457.512078431655,-0.7159802381007223,1.1403850081085005
4458.893562618695,0.7131434286736908,1.1175622572477701
4460.275046805736,-1.656857315362699,1.159835155740394
4461.6565309927755,-1.905748644801398,1.1526458707880893
4463.038015179815,0.11310756434987912,1.1135482325174522
4464.419499366855,-0.12861723353381294,1.1188055361068014
4465.800983553896,0.22325224267704602,1.1184568638480907
4467.182467740936,1.630638406474044,1.0906754235687843
4468.563951927976,0.5824167229705477,1.0653040486926308
4469.9454361150165,-0.010372809734370492,1.1008860013825694
4471.326920302056,-0.060725326280981484,1.1273680735160871
4472.708404489096,0.38042035100393345,1.1152316387078562
4474.089888676136,1.0829861303889166,1.0940728801548332
4475.471372863176,-0.05295394774680595,1.0903221776826328
4476.852857050217,1.7149962980923972,1.0761596800747337
4478.234341237257,1.077380618359646,1.0894595226096062
4479.615825424296,1.006205141095454,1.1028345426715098
4480.997309611337,-0.0029129792572550883,1.1289928503777382
4482.378793798377,-0.8151316149712047,1.1273991227290139
4483.760277985417,-0.9603919004158525,1.1076089556796065
4485.141762172457,0.7580496245069401,1.0303833526707828
4486.5232463594975,0.5354152613707273,0.9826285035907906
4487.904730546537,1.2193139949349643,0.9900393286570788
4489.286214733577,0.45234451851433377,1.007835916958864
4490.667698920617,0.5904893002355358,1.0841271003152682
4492.049183107658,-1.0619776825685747,1.0992863092996163
4493.430667294698,-0.3416144068100717,1.0912944589496638
4494.812151481738,0.31765112433381226,1.0957875207625123
4496.1936356687775,0.3651831530726426,1.0966713941684538
4497.575119855818,-0.09604142926069503,1.1092300066595238
4498.956604042858,0.2931718791306466,1.099540478291018
4500.338088229898,2.0560971025290193,1.0805382181812806
4501.719572416938,0.5237903272794693,1.1073457431397127
4503.101056603979,0.6569100987248238,1.1042130785903221
4504.482540791018,1.0509381303434147,1.0955608566745922
4505.864024978058,1.395615709673832,1.082768375368416
4507.245509165099,0.5300006064296934,1.0951641515499462
4508.626993352139,0.0,1.1144822072163507
4510.008477539179,0.8331271882695219,1.1080861575902032
4511.389961726219,0.2766294980155166,1.1155790618520562
4512.771445913259,-1.684503247874309,1.1367605659024809
4514.152930100299,-0.37478862392390333,1.1236411479188124
4515.534414287339,1.0864078267024961,1.108965029180764
4516.915898474379,-0.113570739840128,1.1192470537935888
4518.29738266142,-1.2847628522320047,1.1464753886040495
4519.67886684846,0.13314182826995236,1.1078452259475802
4521.0603510354995,0.9923144495556357,1.0966501793927756
4522.441835222539,-0.25603306861209774,1.1184967147427698
4523.82331940958,0.26224130347435803,1.11301387645044
4525.20480359662,-0.7136588584339849,1.1241795268625945
4526.58628778366,-1.495102844384327,1.1422878896696924
4527.9677719707,-1.771316934002642,1.1419379454992664
4529.3492561577405,-0.3884437442171258,1.1234758934351496
4530.73074034478,-0.21930125251306265,1.1124855316485533
4532.11222453182,-1.3563078153755876,1.1151942500024175
4533.493708718861,-2.717292684121201,1.1320110385000948
4534.875192905901,-3.0895858081019067,1.1159228845353113
4536.256677092941,-1.4387278981509777,1.0860412139642157
4537.6381612799805,-0.5713741546067572,1.0800686722660153
4539.01964546702,1.010870929786675,1.0823114066470247
4540.401129654061,0.8651470627971545,1.086314251700498
4541.782613841101,0.5997921051923942,1.0766262524414691
4543.164098028141,-0.34416089724517285,1.0865816463413196
4544.545582215182,-1.3612316327128893,1.1055827845985782
4545.9270664022215,0.2537848123911388,1.0984441351028176
4547.308550589261,-0.6838886059479492,1.1059384858824706
4548.690034776301,-0.6782153320953022,1.1043104216109778
4550.071518963342,0.31574903139470933,1.0954986664966546
4551.453003150382,0.6063482001167504,1.0979517090591195
4552.834487337422,0.8900555535249985,1.0881567643446295
4554.215971524462,-0.5664139394080099,1.1145833970000336
4555.597455711502,-1.2726855922570506,1.121762882134172
4556.978939898542,-0.20207589836909534,1.1088162635573358
4558.360424085582,0.8851909646086416,1.09095842150338
4559.741908272623,1.82015396523839,1.0773928687001693
4561.123392459663,1.8116432242565974,1.0886033614874877
4562.5048766467025,0.7777215037847149,1.102890750362249
4563.886360833742,0.2358307758721736,1.116734327640021
4565.267845020782,1.624336545137668,1.0961033934272422
4566.649329207823,1.230101470153313,1.0963309388936098
4568.030813394863,1.9949337277113308,1.076977884107246
4569.412297581903,0.31075954652853,1.095475312138281
4570.7937817689435,0.26003006590580036,1.1136246599909676
4572.175265955983,0.653119025577789,1.1168763013293295
4573.556750143023,1.7175983641324013,1.1006359823527794
4574.938234330063,1.3216483606716398,1.1019967370874446
4576.319718517104,1.8235286573089127,1.0993755025201206
4577.701202704144,1.1244218002904507,1.1055194107698976
4579.082686891184,1.1579982785153966,1.0973211836209638
4580.464171078223,0.3979716522206367,1.098219607425359
4581.845655265264,1.0219454790510714,1.0945182440275545
4583.227139452304,-0.7314830768532588,1.1268483381750438
4584.608623639344,-0.2505477169218846,1.1352279275079014
4585.990107826385,-1.2595689429132069,1.1454974239195777
4587.371592013425,-0.5789064194597788,1.1317997703527953
4588.753076200464,-0.7411824053913989,1.1081055121354992
4590.134560387504,-0.6757515231570412,1.1060241391698358
4591.516044574544,-0.07172474094743286,1.1083715098270153
4592.897528761585,-0.15792839415863824,1.1159037278793638
4594.279012948625,0.24367362371436485,1.125775606776929
4595.660497135665,1.1292654972956786,1.1176300880841752
4597.041981322705,0.3389729476090615,1.1198966822617182
4598.423465509745,1.562105262750043,1.1044486203022226
4599.804949696785,1.348985359863308,1.1069632494636548
4601.186433883825,0.3452349116644893,1.1248580822454548
4602.567918070866,-0.5623388652398198,1.1442955208183856
4603.949402257906,-0.11933460942811713,1.1335835747519754
4605.3308864449455,1.5810695369408663,1.1067595221706232
4606.712370631985,0.6188200402957591,1.1155578605473906
4608.093854819026,1.403733808615824,1.0994271491317889
4609.475339006066,1.1839373972470817,1.081357501665665
4610.856823193106,-0.7659114736706183,1.01187967714485
4612.238307380147,0.7725920483830429,1.0724066542201456
4613.619791567186,2.47111378105995,1.0891691692698624
4615.001275754226,1.7721299967283457,1.093938774260535
4616.382759941266,0.3620540687710143,1.1115262231433847
4617.764244128306,0.030711647674129594,1.1157881680135444
4619.145728315347,-0.4312120298780222,1.1207264525909453
4620.527212502387,0.9802147248264212,1.1096885323813137
4621.9086966894265,1.9640028951518538,1.0976868161900477
4623.290180876467,1.0535509117282391,1.0959550873987036
4624.671665063507,-0.306079580070449,1.1116028998225593
4626.053149250547,0.7283542369712848,1.025179507848752
4627.434633437587,0.7445169305336439,0.9963987335635555
4628.816117624628,-0.820554539593866,1.1195665189557407
4630.1976018116675,0.2374383064199641,1.1176622016088407
4631.579085998707,0.522728289558728,1.1173783814927478
4632.960570185747,0.5992215032630543,1.1160613843716012
4634.342054372788,1.473487348471405,1.0843051099164387
4635.723538559828,0.7535294236813233,1.026267937268648
4637.105022746868,-0.7517800961400987,1.1180713983009847
4638.486506933908,-1.0523978953296833,1.1407392873889364
4639.867991120948,-1.20633542187357,1.1313717166685038
4641.249475307988,0.6728756565361351,1.1071469102280425
4642.630959495028,0.8091109574776745,1.1100714362379063
4644.012443682068,0.0,1.1253054150852109
4645.393927869109,-0.1434685302657126,1.131257622066435
4646.7754120561485,-0.2761846901383347,1.1275927027400356
4648.156896243188,-0.8167105831623296,1.115071694517316
4649.538380430229,-0.3563006735158307,1.1122922226686671
4650.919864617269,0.04497067818316047,1.1233202730955827
4652.301348804309,0.3444304914739007,1.1160278454827637
4653.682832991349,0.3698045271182995,1.1122596037529868
4655.064317178389,-1.052357115208343,1.1253224146662912
4656.445801365429,-0.14150429919305907,1.120898951258228
4657.827285552469,0.3084890542017735,1.089262525552548
4659.208769739509,1.9553747547362512,1.069312946541267
4660.59025392655,2.535665249453201,1.075738712038769
4661.97173811359,0.9437875052367257,1.0972609309071226
4663.35322230063,0.7406349071180998,1.0946846229077676
4664.734706487669,0.7436819086811006,1.0950493487438504
4666.11619067471,-0.7601857246120982,1.1230450130313012
4667.49767486175,-1.318453010614606,1.136525420470494
4668.87915904879,-0.8821389124992685,1.1248338912099036
4670.26064323583,-0.12672251155212955,1.1056543273579051
4671.6421274228705,-0.625768483924471,1.1188277658986054
4673.02361160991,-0.6139871819252889,1.1264669204612225
4674.40509579695,0.5479302003602484,1.1188758393770206
4675.786579983991,-1.3697388007210876,1.1349403083963292
4677.168064171031,-0.48295728475773103,1.1318557685012245
4678.549548358071,-0.2948628156341613,1.1312393667645135
4679.931032545111,-0.7938671048767585,1.136942933209821
4681.3125167321505,-0.7130564493920808,1.1304978650857855
4682.694000919191,-0.625291894303011,1.1219269539190324
4684.075485106231,-0.3243981273968579,1.1184538804261168
4685.456969293271,0.12796481994679887,1.1267744306798784
4686.838453480312,0.030151085561637814,1.1357654989291734
4688.219937667352,0.3207705931312095,1.1290784260150641
4689.601421854391,-0.24367362371436485,1.1311729810869313
4690.982906041431,0.5506740907483003,1.1321739064701233
4692.364390228472,0.0,1.1361617735775524
4693.745874415512,1.0078858586647161,1.126501343006477
4695.127358602552,0.2305221481872799,1.133420205090355
4696.508842789592,0.7043926831546905,1.13012183089347
4697.890326976632,0.029827894647693753,1.1397832391419929
4699.271811163672,0.7208071683642956,1.1320588144373696
4700.653295350712,-0.06517048630586864,1.1286966672745642
4702.034779537753,-0.0009777445192717948,1.1315523848079092
4703.416263724793,-1.4047766339513306,1.1430811474851503
4704.797747911833,1.944242541140392,1.1151543846914989
4706.1792320988725,0.8508620921455172,1.1063240061790338
4707.560716285912,-0.18790535198160896,1.1151147934147292
4708.942200472953,0.4170451393300816,1.1118692056094313
4710.323684659993,-0.22072925250903097,1.119373132924548
4711.705168847033,1.1179351486855271,1.1072726205447818
4713.086653034074,1.38486183289789,1.1007688887315112
4714.4681372211135,0.06794655682766226,1.1137525433663955
4715.849621408153,-0.8699929509185385,1.1295339244826283
4717.231105595193,-0.03604967393702729,1.1103721538079188
4718.612589782234,-0.16461482322808685,1.1111641731420294
4719.994073969274,0.6914794296280871,1.102906081044434
4721.375558156314,0.6794472125852575,1.1181668584168114
4722.7570423433535,-0.6911223218219522,1.124982223080859
4724.138526530394,0.3202721615713351,1.1098569173195667
4725.520010717434,1.118558150923329,1.1059241238833646
4726.901494904474,1.4994653701964396,1.1051153840309111
4728.282979091515,0.8735906067427042,1.1143756391003021
4729.664463278555,-0.691879867409936,1.1308499757667807
4731.0459474655945,0.5502894546871833,1.11792022530813
4732.427431652634,1.319440903317453,1.1069331773971791
4733.808915839674,0.6826687095839361,1.1049775485664521
4735.190400026715,2.2650568990703572,1.0928720854849303
4736.571884213755,1.4048707029261962,1.109012715473525
4737.953368400795,1.092492576634605,1.114203650288889
4739.3348525878355,1.1949756849254207,1.1062057469751732
4740.716336774875,0.8044643388253867,1.1332626152904972
4742.097820961915,0.455258413201614,1.1274634312739058
4743.479305148955,0.5141573354987052,1.1337204991626264
4744.860789335996,1.532885459048586,1.1196941704321162
4746.242273523036,1.418066260878101,1.127868162878935
4747.623757710076,1.6941032418207218,1.1138322292710363
4749.005241897115,1.6223201604942474,1.1055839079354357
4750.386726084156,-0.09621044645835397,1.1288791429629126
4751.768210271196,1.0779694605480223,1.1196886732609945
4753.149694458236,1.1844244324848887,1.1206732320878334
4754.531178645276,0.6973800259502401,1.140192758060486
4755.9126628323165,0.8355628632615808,1.1525851304373174
4757.294147019356,-0.08073955767733487,1.162888452885839
4758.675631206396,-0.1004707384700314,1.1611805874693992
4760.057115393436,-0.9307363271221973,1.1785288018783
4761.438599580477,-1.420804819698966,1.1936869698933783
4762.820083767517,-0.7551892183945412,1.1824368093709665
4764.201567954557,-1.668516312873506,1.1902010569721497
4765.583052141597,-2.033936237072732,1.1962300136015278
4766.964536328637,-2.495480619108732,1.2090373760978794
4768.346020515677,-1.2678119879419345,1.1872005187298063
4769.727504702717,-0.8309103975693741,1.163528433580567
4771.108988889758,-1.193777441103454,1.1543416732207263
4772.490473076798,-0.9041229201553893,1.1659202873439687
4773.871957263837,-1.9173283687262606,1.1934386375676898
4775.253441450877,-2.36506379474928,1.204698629625705
4776.634925637918,-1.9497752237745996,1.2017331137214646
4778.016409824958,-2.4275801185307113,1.2034421714859052
4779.397894011998,-2.1098553715094877,1.2004409173130213
4780.779378199038,-1.3058715042730737,1.1946234602802088
4782.160862386078,-3.1629734263731866,1.22066848308193
4783.542346573118,-2.4944144188161745,1.21527718279796
4784.923830760158,-3.100555255952184,1.2205792129539086
4786.305314947198,-1.6642241630322294,1.1962782360668787
4787.686799134239,-2.2328814883538257,1.2040366303119787
4789.068283321279,-0.05851443864673378,1.1693834920821893
4790.4497675083185,-0.5542868654038884,1.1782472901131424
4791.831251695359,-1.041612568047503,1.1793737471901724
4793.212735882399,-0.5733779781258761,1.1692618099351781
4794.594220069439,1.015613571437461,1.1504001923253984
4795.975704256479,0.557990119434395,1.1532421917316555
4797.357188443519,-0.15669858614821308,1.1601930245593697
4798.738672630559,-0.15456040921674052,1.1541319395477387
4800.120156817599,0.31514573839638693,1.1434983252110924
4801.501641004639,0.339059538377132,1.1513242817263303
4802.88312519168,-0.9677410131356279,1.172768410339461
4804.26460937872,-0.8645115761210338,1.1761970362364658
4805.64609356576,-0.8997167463027491,1.1738500831378051
4807.0275777527995,-0.5624919080227819,1.1664197153932718
4808.40906193984,0.4266310530268793,1.1470431784742083
4809.79054612688,-1.545845248725552,1.1823413231208189
4811.17203031392,-0.3389509213391726,1.1665449355135842
4812.55351450096,-0.6062549574668559,1.1738893769416314
4813.934998688001,-1.304473121067204,1.1790386965410182
4815.3164828750405,-0.3341232301031969,1.1527939400871918
4816.69796706208,-1.4161091440879314,1.1615219864128878
4818.079451249121,-0.8080876682024485,1.1602319902986524
4819.460935436161,-0.900685832383818,1.1653418998996812
4820.842419623201,-0.18432297218922677,1.1488285843578003
4822.223903810241,-0.09500916793200886,1.1465914234549985
4823.605387997281,-1.4434283237842163,1.175939243997395
4824.986872184321,-1.2447050029170441,1.1761129635491605
4826.368356371361,-0.8627725584263395,1.1619964301017338
4827.749840558401,-0.6774234250618321,1.1584173910957163
4829.131324745442,-1.0269883373645659,1.1641791690899816
4830.512808932482,0.17386574024494372,1.137025913972318
4831.8942931195215,-0.32592440966977776,1.1386088273609898
4833.275777306561,-2.106062706617106,1.175893334603891
4834.657261493602,-0.8169507437904073,1.1664332102090085
4836.038745680642,-0.41640207778318583,1.1420727593904199
4837.420229867682,-0.30069800398487345,1.1300886042776033
4838.801714054722,0.6427066680333233,1.1118900780841199
4840.1831982417625,0.9433248127791032,1.135781414551745
4841.564682428802,-0.4042164486414972,1.1658553302575072
4842.946166615842,-1.4273830397692535,1.1798807700001082
4844.327650802883,-2.027697305663567,1.1891689181195266
4845.709134989923,-2.154890610213215,1.196228908822915
4847.090619176963,-1.078942177299929,1.1770712177527412
4848.472103364003,-1.227332784501824,1.177324050619323
4849.853587551042,-0.8006306820120255,1.1623619186062302
4851.235071738083,-0.7134999743571093,1.1596618809057415
4852.616555925123,-1.1442265988038542,1.15883618984633
4853.998040112163,-1.267324804015697,1.1597187576263637
4855.379524299204,-1.484224684233718,1.15975997820261
4856.761008486244,-1.9713523125545107,1.1780386018390572
4858.142492673283,-2.1307133820741377,1.1944102197839528
4859.523976860323,-0.8591044422543312,1.1744171397495369
4860.905461047363,-0.39834647988482175,1.1608936509208185
4862.286945234404,-1.6418591810940733,1.167057731036772
4863.668429421444,-0.6832400309912074,1.163951532659364
4865.049913608484,0.338493763262564,1.1517139953986633
4866.431397795524,1.0454302248885483,1.1338148931776928
4867.812881982564,0.6666781453937158,1.127207537953562
4869.194366169604,2.267544602268879,1.112626264797319
4870.575850356645,-0.9672621555249972,1.1520120173849768
4871.957334543685,-0.7202298927268433,1.1606601380278578
4873.338818730725,0.7815267453953165,1.1311333247823028
4874.7203029177645,1.1078624860512747,1.1408801720499557
4876.101787104804,1.0715172801294042,1.1370317993910586
4877.483271291845,0.9333292134759095,1.1436391457064243
4878.864755478885,0.20882814871093558,1.1527890227482318
4880.246239665925,1.0801947744406277,1.1352626433765338
4881.627723852966,0.9402886848427556,1.1306146175463117
4883.009208040005,1.7988096256923445,1.1280574970945743
4884.390692227045,1.228965397358829,1.142808991348917
4885.772176414085,0.6655457851515596,1.1549641051964123
4887.153660601125,1.1369928509754725,1.1528231622741167
4888.535144788166,1.3407609261076274,1.1585304116497017
4889.916628975206,0.7006397563814133,1.165000068805278
4891.2981131622455,-0.0957214427896762,1.169622925070109
4892.679597349286,1.3608470932215795,1.1582237406623994
4894.061081536326,1.843333767526751,1.1500239383985986
4895.442565723366,1.3570254887544557,1.1545801867275254
4896.824049910407,1.4421750913498528,1.153943948062718
4898.205534097447,1.7661018542300422,1.1666697069354972
4899.5870182844865,0.6928442093156111,1.1693678661831712
4900.968502471526,0.6996669499935528,1.1794614683441917
4902.349986658566,-0.0916747400851019,1.191594836825389
4903.731470845607,0.7563010968766282,1.1739703450160304
4905.112955032647,1.164087254640025,1.1451863008329703
4906.494439219687,2.419586779828121,1.1305333817625354
4907.875923406727,2.0417653884011706,1.141277054534323
4909.257407593767,1.6936361520781684,1.1523533541251307
4910.638891780807,1.756283676826044,1.1603415024638741
4912.020375967847,3.444166668064037,1.1422647956094665
4913.401860154887,1.584836312846985,1.1715597166479612
4914.783344341928,1.5704870896422563,1.1558940463982172
4916.1648285289675,2.8381853931598044,1.1320316001585473
4917.546312716007,-0.29134265064636544,1.1877602894778498
4918.927796903048,0.2552413549996242,1.1875455718166579
4920.309281090088,0.6665080733727589,1.1825346981054152
4921.690765277128,0.9595068283961847,1.1848163601282853
4923.072249464169,1.4648859783208792,1.166280125046607
4924.4537336512085,2.271430547016333,1.1561052105389098
4925.835217838248,0.996101468781065,1.168506060009
4927.216702025288,2.646122644790468,1.1488302348415358
4928.598186212328,3.7698524388466286,1.13509561022883
4929.979670399369,2.3560647686403264,1.145942419132344
4931.361154586409,1.6969397756462392,1.162675438710469
4932.742638773449,1.0590366544463325,1.1759348758862918
4934.124122960489,2.3528594752489163,1.1617274100104547
4935.505607147529,1.4846004975391889,1.169270646429361
4936.887091334569,2.0305144694909245,1.160773742041339
4938.268575521609,2.038631984608122,1.1658105123975626
4939.650059708649,0.9356022482952113,1.179102620477401
4941.0315438956895,1.5172841365401961,1.1569224569881036
4942.413028082729,2.5891109967863386,1.1327037063955527
4943.794512269769,2.265717620615032,1.1473611180355139
4945.17599645681,2.6334395750185173,1.1553900389652143
4946.55748064385,2.9309330566301774,1.1526486229652604
4947.93896483089,2.5342748202621337,1.151748723807326
4949.32044901793,3.783948342966493,1.1256094400488101
4950.7019332049695,2.9964120030794508,1.1252910824238873
4952.08341739201,3.299187786372636,1.1164087882522373
4953.46490157905,2.8945583811079896,1.1242169215969726
4954.84638576609,-0.15847954624167748,1.1594440840940052
4956.227869953131,-1.2109576224543304,1.1798143269437305
4957.609354140171,-1.9648249324040963,1.2330697047207713
4958.99083832721,-1.7035911633890608,1.2284181334078192
4960.372322514251,-0.9348240418313161,1.2020848813033778
4961.753806701291,-1.5465719000074838,1.198090084244635
4963.135290888331,-1.3244597807053502,1.2055286856128518
4964.516775075371,-0.9150242700639257,1.2109823692914368
4965.898259262411,-0.6477964864809991,1.205212618420542
4967.279743449451,-0.9068987184180788,1.2021688037440512
4968.661227636491,0.24455377880257245,1.1858566682984961
4970.042711823531,0.2246652682000594,1.17844419053605
4971.424196010572,0.20294557060408458,1.173269436950648
4972.805680197612,-0.2528175144554332,1.1741948544432002
4974.187164384652,-0.03288915978659368,1.1824996490337831
4975.5686485716915,1.072684392136857,1.1657868610453779
4976.950132758731,0.2925504846806817,1.1683455698252985
4978.331616945772,-0.6548720272621793,1.170116297007779
4979.713101132812,0.19809478278672543,1.164847931105385
4981.094585319852,-1.0853693825246555,1.1841974894892646
4982.476069506893,-2.3811336112400676,1.215066052922112
4983.8575536939325,-0.9616718037661283,1.18161253965815
4985.239037880972,-0.42017716552471285,1.1686428767943846
4986.620522068013,-0.5164367648750439,1.1669142540862003
4988.002006255053,-1.0838797531534894,1.1906010871631663
4989.383490442093,-1.065287585425816,1.203513090194409
4990.764974629133,-1.6058152495465894,1.2176136521756173
4992.1464588161725,-0.5834333796889855,1.1992163300842884
4993.527943003213,0.3894573618083541,1.1918572394195965
4994.909427190253,0.24250203295399508,1.190198060041117
4996.290911377293,-0.4069541709192226,1.2029612463361488
4997.672395564334,0.9495256059855173,1.1844114132214532
4999.053879751374,-0.23144150216581494,1.207085840394202
5000.4353639384135,-1.2138841432831509,1.2140512917598492
5001.816848125453,-2.060326395443658,1.2395211325554367
5003.198332312493,-1.4148850058303193,1.2275461978018558
5004.579816499534,-0.5304172137266647,1.2161439967058132
5005.961300686574,-1.0641036894744005,1.2250766443384749
5007.342784873614,-2.045588817602063,1.2388628903821306
5008.7242690606545,-1.0192173895267445,1.222239799613649
5010.105753247694,0.5150059931385975,1.2013055489587154
5011.487237434734,-0.7174639972755905,1.2262764074009513
5012.868721621775,-1.4748382840050578,1.2406396474266759
5014.250205808815,-2.2081711042907575,1.255122604456464
5015.631689995855,-2.446858944346352,1.2595685360565716
5017.0131741828945,-0.8181462905485564,1.2239943520480292
5018.394658369934,0.09418499600703178,1.2146161825291026
5019.776142556975,-1.1354290803803533,1.2288265625913053
5021.157626744015,-0.2376954222694927,1.2207705919963727
5022.539110931055,-0.633608248574772,1.223937619004113
5023.920595118096,-0.16483631475277072,1.2197198010541817
5025.3020793051355,-0.09023945241970388,1.2187319861723234
5026.683563492175,0.09713733797614132,1.2146916008235409
5028.065047679215,0.21186981431865348,1.2102706552734763
5029.446531866255,-0.15476717832950193,1.217990963299213
5030.828016053296,0.5568234222411927,1.20409117975836
5032.209500240336,-0.4852629222722751,1.223455630484591
5033.590984427376,-0.20446170918420492,1.2255693094823148
5034.972468614416,-0.5605942322207351,1.2080850184054885
5036.353952801456,-1.3471002174116418,1.1830019367835247
5037.735436988496,-0.9407324212114219,1.1617627158836552
5039.116921175537,-0.06787271687192487,1.1925048768961632
5040.498405362577,-1.0592079397389913,1.244229713111618
5041.879889549617,-0.6077114920429256,1.2375502308439137
5043.261373736656,0.2903489790955156,1.2122182737113303
5044.642857923696,0.6141011610344957,1.2080990794567574
5046.024342110737,0.957038601539157,1.19489678530978
5047.405826297777,1.497192236861597,1.1917918513970567
5048.787310484817,0.019760308353411915,1.210947007128352
5050.1687946718575,-0.24611022410805639,1.2132684124251196
5051.550278858897,0.1112407219703968,1.2226640389302386
5052.931763045937,0.08029064010848685,1.2193377823415101
5054.313247232977,0.6818273449918273,1.2118838052138392
5055.694731420017,-0.5126321300333423,1.2273857899154368
5057.076215607058,-0.24077589614908668,1.2121169795513818
5058.457699794098,1.4078286338731694,1.171419999398909
5059.8391839811375,0.32378227667825854,1.1850194562402327
5061.220668168178,0.6997728361817117,1.1996434525832202
5062.602152355218,0.24362764214811605,1.2138754882121237
5063.983636542258,0.8215898776753097,1.1988952100487642
5065.365120729298,0.21500650842146207,1.1801345309471682
5066.746604916338,0.867820184370677,1.1712999576455467
5068.128089103378,-0.9847660581139372,1.2049991673756881
5069.509573290418,0.23083679929218093,1.2008959927849736
5070.891057477458,0.38336832443714997,1.1990495108913348
5072.272541664499,0.40673539363745626,1.1981368904543601
5073.654025851539,1.0983303809222438,1.201586619310016
5075.035510038579,0.535446749599803,1.2104619409427693
5076.416994225619,0.32507043390275214,1.2090190431671917
5077.798478412659,1.1663226919373297,1.2000441571807945
5079.179962599699,0.39065572933239423,1.2152728440216036
5080.561446786739,0.264306142289632,1.2152052081488343
5081.942930973779,-1.0195576480090374,1.210606555728501
5083.32441516082,-0.5584584090400462,1.2010695203069819
5084.7058993478595,1.0263441079246292,1.1851532803889564
5086.087383534899,1.5623537518059099,1.1815866697093718
5087.46886772194,0.9469678193236799,1.1953087942582645
5088.85035190898,0.12417106907571807,1.2146110995105424
5090.23183609602,-0.3246204840347602,1.2277143913361972
5091.61332028306,-0.04054738512372147,1.222097950623115
5092.9948044701,1.6937887279289399,1.1839770450094262
5094.37628865714,0.7326701193953973,1.1844240353231104
5095.75777284418,0.1126153413194384,1.2128949659566461
5097.13925703122,-0.49657928489169123,1.2390091237541019
5098.520741218261,-1.2689459603259987,1.245655605579154
5099.902225405301,-0.6422312643130823,1.2317296527487944
5101.2837095923405,-0.27336517753686707,1.2352795507385164
5102.665193779381,-1.118104905296594,1.2493830126403997
5104.046677966421,-0.8805419920267195,1.241980341610581
5105.428162153461,-0.7560672027185671,1.2157235290141437
5106.809646340501,-1.221278255316145,1.2447982445997445
5108.191130527541,-0.40248904833944366,1.2436081090368751
5109.5726147145815,-0.4467519208037345,1.235393205864524
5110.954098901621,-0.09083321458195748,1.221316102118363
5112.335583088661,0.05688031448702979,1.2138923256269158
5113.717067275702,-0.14692749628449064,1.2297209772359714
5115.098551462742,1.0044688550422496,1.207738220601215
5116.480035649782,0.9475607600236877,1.204556863178217
5117.861519836822,0.3240596086234646,1.2138853991136995
5119.243004023861,-0.33148234965220524,1.231828097476711
5120.624488210902,-0.2746975043453759,1.232998802358288
5122.005972397942,-0.8796188335562061,1.2457835313525378
5123.387456584982,-1.1848313432193933,1.2541513610235007
5124.768940772023,0.047273486029482115,1.227001132596091
5126.150424959063,-1.145561038657279,1.2379394017687857
5127.531909146102,-1.3002974928958242,1.2507318951927144
5128.913393333143,-1.4750858298085419,1.2645476087703302
5130.294877520183,-0.5610213855442563,1.241959732573152
5131.676361707223,-0.4775046841746846,1.230989099758231
5133.057845894263,0.9943912600448517,1.198054277008579
5134.439330081303,0.6133225943593317,1.193710472706084
5135.820814268343,1.302690064487983,1.1888203648562377
5137.202298455383,1.9134614522900701,1.1871332554342775
5138.583782642423,1.7917430760269681,1.198424465826457
5139.965266829464,0.6655751326327959,1.2061210461672454
5141.346751016504,1.4252467451642001,1.1937154348021004
5142.728235203544,0.7064607513262207,1.1908055849436547
5144.109719390583,0.4421209661618626,1.201036508705226
5145.491203577623,-0.3208945505739056,1.2103422643485675
5146.872687764664,0.2406567982338359,1.1996497334574725
5148.254171951704,-0.4206494642791423,1.2146659942625802
5149.635656138744,-0.8144648150285327,1.229856348155077
5151.017140325785,-0.8750123966303907,1.2309067460727325
5152.398624512824,-0.741954405219877,1.2141810804204407
5153.780108699864,-0.9940836669882991,1.2194320630759226
5155.161592886905,-0.7492978036847884,1.2196681595139338
5156.543077073945,0.5409335571873068,1.1970527123397892
5157.924561260985,1.3047539121474916,1.1896319764336776
5159.306045448025,1.6252013697346968,1.182214926269311
5160.6875296350645,2.076987333550674,1.1690931611486193
5162.069013822105,2.3427168846265882,1.1678113865367035
5163.450498009145,1.8745589508449125,1.1854850018239629
5164.831982196185,0.9059400035127165,1.2091158153694723
5166.213466383226,-0.3315973061935633,1.2304758611507012
5167.594950570266,-2.274961546753951,1.277614321766963
5168.9764347573055,-3.854643897053987,1.312501066046279
5170.357918944345,-4.069044872208489,1.31079964639135
5171.739403131385,-3.5393207977805323,1.3118814702498347
5173.120887318426,-4.359102649193276,1.310295356834953
5174.502371505466,-3.573982115350283,1.2860187439254918
5175.883855692506,-2.326183726091677,1.2528381780335798
5177.265339879546,-2.809349452121885,1.260245254996277
5178.646824066586,-2.701832589511322,1.2558619274166394
5180.028308253626,-2.9946754872869583,1.261055544586139
5181.409792440666,-3.258185558504633,1.2862458308043865
5182.791276627707,-3.4457802531818373,1.3005936935056677
5184.172760814747,-2.853588938983261,1.2845065836678118
5185.5542450017865,-1.7334675490316478,1.2560010668304
5186.935729188826,-0.7293167553075044,1.2289820531407252
5188.317213375867,-0.40117833417612303,1.2219549036340904
5189.698697562907,-0.7302107222960128,1.2279092552091377
5191.080181749947,-0.8708210848105189,1.236910970949455
5192.461665936988,-1.09199315453216,1.2464850731224737
5193.8431501240275,-1.3219013130923827,1.2361331739654504
5195.224634311067,-0.7428549091508163,1.2062875222445297
5196.606118498107,0.4020335831590618,1.1806932908614645
5197.987602685147,-0.13717461851052803,1.172250014858141
5199.369086872188,-0.8421006532319062,1.2168328703873879
5200.750571059228,-0.6665099420596317,1.2096715683560109
5202.132055246268,-1.0246331956344417,1.2177155684800864
5203.513539433308,-2.083800481453242,1.248876231519748
5204.895023620348,-3.802501931415322,1.2818947976051718
5206.276507807388,-4.9319236568562195,1.3417199560470796
5207.657991994428,-4.84977079699398,1.3066151154375114
5209.039476181468,-4.334455574765138,1.3054575034726754
5210.4209603685085,-3.9862858756883908,1.2874781259329187
5211.802444555548,-1.8908013043425438,1.245893428301611
5213.183928742588,-0.08722289877387013,1.2120341038054305
5214.565412929629,0.25051416270524385,1.202777315920736
5215.946897116669,-0.4964963338218755,1.2085485548666424
5217.328381303709,1.2033161505737944,1.1793535323460411
5218.7098654907495,2.030687101855051,1.167528428907415
5220.091349677789,1.6279908608911526,1.167973606145503
5221.472833864829,1.6030760815430387,1.1549575538131103
5222.854318051869,1.5225322272958373,1.1478099930839123
5224.235802238909,0.8876536507855572,1.1620578526606746
5225.61728642595,0.44403671902647623,1.1808155282200188
5226.99877061299,-0.5388891055942953,1.2077020936795437
5228.380254800029,0.7981295408021225,1.1851534441558051
5229.76173898707,1.4997800286049863,1.1681798863761312
5231.14322317411,1.0708137964124038,1.1728482175127524
5232.52470736115,1.2768378588413043,1.1722731960195005
5233.90619154819,1.5547632578065773,1.1748879609493217
5235.28767573523,0.819867412666266,1.1680992317277925
5236.66915992227,0.03918595477061437,1.1854386291370766
5238.05064410931,0.6827717735105896,1.1658926705165604
5239.43212829635,1.8537820796444695,1.1546261051425621
5240.813612483391,0.9533569209251986,1.16614841903522
5242.195096670431,0.09233289622182816,1.1858006855216838
5243.576580857471,1.4391699425479327,1.161352621913681
5244.958065044511,0.48021632183959184,1.1815525091288548
5246.339549231551,0.3585433269970597,1.1817473932457028
5247.721033418591,-0.09737490880630162,1.1897251027765459
5249.102517605631,0.11852229671236358,1.1888705199151435
5250.484001792671,-1.1149392772246252,1.2026396973076077
5251.865485979712,-0.1675963178786688,1.178525620099119
5253.246970166751,0.6627179585945058,1.1591910028892256
5254.628454353791,0.7637042327433914,1.1533944091372907
5256.009938540832,1.19229337848863,1.1396025116140331
5257.391422727872,1.3277430281266422,1.1392670264178397
5258.772906914912,0.7198165163888053,1.155162113625877
5260.154391101952,0.0877033012410493,1.1650412825009826
5261.5358752889915,-1.0091927663830624,1.179397232957301
5262.917359476032,-3.3951023965684364,1.230916909140483
5264.298843663072,-3.101496142212751,1.2399008071321531
5265.680327850112,-2.095238416089618,1.2241708770522817
5267.061812037153,-2.825395325585669,1.2260644158227278
5268.443296224193,-2.14045754221649,1.214770925383188
5269.8247804112325,-2.519520295256246,1.2174030729986114
5271.206264598273,-1.67382710487575,1.2042351074231368
5272.587748785313,-0.8625954095516697,1.1914657405414117
5273.969232972353,0.0022887590322042684,1.1758259103845516
5275.350717159393,0.20338544311823448,1.1687387452214346
5276.732201346433,0.25212683463153773,1.1663507652052363
5278.1136855334735,1.1170284051991395,1.158145847589278
5279.495169720513,0.9031948254487983,1.1563291558044646
5280.876653907553,0.2346704570795275,1.1626185336371764
5282.258138094594,-1.151999304319686,1.1785698249381669
5283.639622281634,-0.8026876397967921,1.1900341026513799
5285.021106468674,0.6281544365623528,1.156661927931558
5286.4025906557135,1.4912579690006957,1.1485527438073138
5287.784074842753,0.8591333613407954,1.151818942872918
5289.165559029794,0.27411871875138694,1.1557388773913826
5290.547043216834,0.7969848512760915,1.1521485446127206
5291.928527403874,0.5315105496803305,1.1531003398370734
5293.310011590915,0.6547862437734722,1.1569577971921414
5294.6914957779545,0.8686507626373281,1.1573234621756365
5296.072979964994,-1.2388234902368769,1.1895340072250515
5297.454464152034,-2.2197806829594633,1.2042332748271323
5298.835948339075,-1.4001116058954697,1.190972901972214
5300.217432526115,-0.10802240649962513,1.1736948141473866
5301.598916713155,-0.5633627558147598,1.175271873493811
5302.980400900195,-0.09346488798427366,1.1627755059365381
5304.361885087235,2.020162850985182,1.1383968375815914
5305.743369274275,1.3994328420825166,1.1358656720678626
5307.124853461315,1.2755169110797961,1.1318167002103314
5308.506337648356,0.31012518465766803,1.1373687456833395
5309.887821835396,0.7937172215778396,1.142097677147805
5311.269306022436,1.423913780322657,1.1389851759127263
5312.650790209475,0.29117731769191657,1.14652931303092
5314.032274396515,0.5392134923169962,1.144581459614974
5315.413758583556,0.44902321728118544,1.156709234381343
5316.795242770596,0.08843779674021768,1.1558106072389838
5318.176726957636,0.5495183330341522,1.154282927615562
5319.5582111446765,-0.4222013507059046,1.1594173556529002
5320.939695331716,-0.08527714687303245,1.1612812120518954
5322.321179518756,-0.5235108589691233,1.1629457738339175
5323.702663705796,-0.8715568965158287,1.1680948737987005
5325.084147892836,-0.21231858670396164,1.157461912188466
5326.465632079877,-0.9093634397557615,1.1779503584392688
5327.847116266917,-3.325827591209727,1.2056802282149608
5329.2286004539565,-2.4964617271990424,1.1870263400070131
5330.610084640997,-0.720264093242875,1.157867696246624
5331.991568828037,0.0004019876629541841,1.1478244661705124
5333.373053015077,0.5427832925063374,1.1484945690233197
5334.754537202118,0.9675538022103236,1.1481973089522592
5336.136021389158,0.2730106158443295,1.160433130357023
5337.517505576197,0.46874169967128587,1.1541435547877579
5338.898989763237,0.45941808025933284,1.1578883972921306
5340.280473950277,-0.5534724157798152,1.1698684463301396
5341.661958137318,0.2450909320461374,1.1494537876898345
5343.043442324358,0.33544297628802155,1.1362613692461536
5344.424926511398,0.6092204507249335,1.1377765987658357
5345.806410698438,-0.30588174898715614,1.1574852714783166
5347.187894885478,-0.9084657716571325,1.1719765834133788
5348.569379072518,-0.3930500966797581,1.1688412201187401
5349.950863259558,0.035401134862064865,1.150942666330206
5351.332347446598,1.1079351178625299,1.137878831380033
5352.713831633639,0.8536410440403532,1.137609940051819
5354.0953158206785,0.23726981578119677,1.1540504929066082
5355.476800007718,0.044097289206828094,1.1562090192345558
5356.858284194759,0.5731277676749258,1.1535878157293564
5358.239768381799,2.078218014498674,1.1284141779991863
5359.621252568839,1.6989856518362103,1.1360860489896796
5361.00273675588,-0.2569802298013286,1.1615015684151433
5362.3842209429195,0.06072304864419209,1.1571431425700796
5363.765705129959,1.1248586453030605,1.1423090687857553
5365.147189316999,0.9238065202637848,1.143141503227316
5366.528673504039,0.3497128952876256,1.1558952752518636
5367.91015769108,0.2609487065436866,1.1583941211469881
5369.29164187812,0.29533653063049314,1.158098549021374
5370.6731260651595,-0.25958469048532073,1.17084401805327
5372.0546102522,-1.9909539869396369,1.1769226005328721
5373.43609443924,-0.23633110464339957,1.1628410422170325
5374.81757862628,0.4862005100314928,1.149226621101181
5376.19906281332,0.31587916111385184,1.1517957818514981
5377.58054700036,0.9076047539983403,1.1498014827421073
5378.9620311874005,1.4861407240652351,1.14239051033947
5380.34351537444,2.291725730265627,1.1336662851653796
5381.72499956148,2.3038893763577573,1.1311663451498855
5383.106483748521,1.3985388655601554,1.1428280023631388
5384.487967935561,1.2799253397862742,1.1399681217269788
5385.869452122601,2.509264629445152,1.1114490302292013
5387.2509363096415,2.5386291777198835,1.104795894124106
5388.632420496681,1.6263793026881803,1.111931000362367
5390.013904683721,1.6830236587877092,1.1228260627550481
5391.395388870761,0.8795295143697075,1.1451580756180275
5392.776873057801,-0.3413272387935571,1.1660814488493378
5394.158357244842,0.10736189881390601,1.1581131344015039
5395.5398414318815,-0.21493360990958266,1.1626919284207797
5396.921325618921,-0.2995562903179181,1.16996388700189
5398.302809805962,0.5142872914987233,1.1488329091667693
5399.684293993002,0.9261849214099609,1.1339791056446331
5401.065778180042,0.937411684058091,1.135911079032255
5402.447262367082,0.7282504580453555,1.145729223528209
5403.828746554122,0.6534833219339315,1.1562249975360641
5405.210230741162,-0.020436519372413642,1.1672586407769625
5406.591714928202,0.09485311166423926,1.1662999258354507
5407.973199115242,-0.4858868585244682,1.1769226896045961
5409.354683302283,-1.3366012572194137,1.183475247391969
5410.736167489323,-0.9915547466706176,1.184080989485197
5412.117651676363,0.28590185976471183,1.1559514014251129
5413.499135863403,1.8973136488186935,1.140509296753671
5414.880620050443,2.2794268285504113,1.127277102112741
5416.262104237483,2.0582382013495106,1.1253782072174034
5417.643588424523,2.3612630854305525,1.1183238499882657
5419.025072611563,2.065571189747434,1.126751070436417
5420.406556798604,1.6771667103647339,1.1324639319460998
5421.788040985643,2.20418019858875,1.1301386296882345
5423.169525172683,2.134998163417201,1.1324850652151444
5424.551009359724,1.8298677363972065,1.1313985836941076
5425.932493546764,2.120557593231487,1.1286629631714535
5427.313977733804,1.6918666695195483,1.1302322426213016
5428.695461920844,0.9954397825507044,1.1395977608257928
5430.0769461078835,0.3999812267625291,1.1475207411253123
5431.458430294924,0.1075415601444547,1.1547216176025903
5432.839914481964,-1.000464173828167,1.173872540964594
5434.221398669004,-0.8238253121009969,1.1690743878787007
5435.602882856045,0.5158855726366873,1.1478935877776282
5436.984367043085,0.7508838646138436,1.1379497218596348
5438.3658512301245,2.215554339530451,1.126951160249044
5439.747335417164,2.3631012384627574,1.1231579875639015
5441.128819604204,2.1114432294113215,1.1250657469533782
5442.510303791245,2.95703834985283,1.1167059790931817
5443.891787978285,2.649622320569982,1.1199632516102846
5445.273272165325,0.14763719735213598,1.150999934876148
5446.654756352365,-0.6885825104273593,1.1618667016757855
5448.036240539405,-1.659851546766106,1.1841956529779922
5449.417724726445,-2.3525034532771567,1.0849926911671317
5450.799208913486,-2.055117064133711,1.1549034318829274
5452.180693100526,-2.328760405844095,1.1891457878129266
5453.562177287566,-3.012687572808961,1.1988623279600286
5454.9436614746055,-3.34075074289378,1.1969506142894284
5456.325145661645,-3.3581252271747246,1.19116664776079
5457.706629848686,-1.5994539166555626,1.1535782658058273
5459.088114035726,-1.1866506245465605,1.0884346400768854
5460.469598222766,-2.17878738177202,1.0443331458190026
5461.851082409807,-1.3166877666600225,1.044863817795952
5463.2325665968465,-1.468467714485488,1.1125476676887134
5464.614050783886,-1.6708927951437964,1.149215059636963
5465.995534970926,-1.2248184413823004,1.1601900675167196
5467.377019157966,-0.8328123607336746,1.1577184514005239
5468.758503345007,-0.579851901694477,1.157721972807798
5470.139987532047,-1.1715215666225234,1.1625647779223687
5471.521471719087,-1.2558467834357945,1.1599765111934497
5472.902955906127,0.17907677392081567,1.1450275681810276
5474.284440093167,-0.3464107767827276,1.152037612081657
5475.665924280207,-1.294909463441316,1.1636974763822439
5477.047408467248,-1.0296195942747275,1.16781899559469
5478.428892654288,-0.7978623754856802,1.1652974025644949
5479.8103768413275,-0.1521382876420745,1.1566546491100147
5481.191861028367,-0.485578752043887,1.1591761926459225
5482.573345215407,-1.1914383755119324,1.1626529557460432
5483.954829402448,-0.7586177901485449,1.1470168157510074
5485.336313589488,-0.20194661268850034,1.1445454561017399
5486.717797776528,0.09754624676008383,1.14276565104215
5488.0992819635685,0.12032688830000993,1.1565275558332018
5489.480766150608,0.6450552183481371,1.140382904970411
5490.862250337648,-0.29112754907455063,1.1667218705702425
5492.243734524688,0.3099945212539321,1.1434923665580878
5493.625218711728,0.18303863879757643,1.154011436166089
5495.006702898769,0.3535989987100905,1.1416126946680907
5496.388187085809,-0.26830620518192205,1.1639574310592653
5497.769671272848,-1.1561079424273366,1.1712433395667945
5499.151155459889,-1.1819567674523306,1.168131352118579
5500.532639646929,-1.19038963189222,1.1602672889638017
5501.914123833969,-1.0609513355461218,1.160773173536259
5503.29560802101,-1.5960793914888498,1.1780291310672841
5504.6770922080495,-2.469705715517682,1.1930769381731696
5506.058576395089,-1.9714962185461697,1.1842492736683974
5507.440060582129,-0.6247017108944384,1.1619480035749254
5508.821544769169,-0.11205613490881383,1.151233867023768
5510.20302895621,-0.24439501462041235,1.153351332223402
5511.58451314325,-0.820923590722396,1.1690820506731934
5512.96599733029,-1.8591513724828612,1.1811458463813027
5514.34748151733,-1.7819583233144662,1.1739703885933015
5515.72896570437,-0.24908717400156277,1.1492202611855908
5517.11044989141,0.4952372517706767,1.1187392030863161
5518.49193407845,0.4687772945699926,1.139401526090901
5519.87341826549,1.1247819963540007,1.1275461247182619
5521.254902452531,0.5834302794822861,1.1434813263914931
5522.63638663957,1.2215093142036295,1.1369264688595317
5524.01787082661,0.7922357927260641,1.1416977625621005
5525.399355013651,-0.08009523817869635,1.1531810478658115
5526.780839200691,-0.5700929186620076,1.1612634698961213
5528.162323387731,-0.6975819060088444,1.169542061015538
5529.543807574772,0.025273859014109945,1.156817552182866
5530.925291761811,-0.202793070844546,1.1598130018415618
5532.306775948851,-1.042634632639496,1.1695120232456782
5533.688260135891,0.0033411456154883723,1.1571318716428265
5535.069744322931,0.18343751213464365,1.148040967825259
5536.451228509972,0.30391917019894343,1.139902345070227
5537.832712697012,0.7411086695642286,1.1280999234299538
5539.2141968840515,-0.5241493484206057,1.1392079177663208
5540.595681071092,-0.07576918560826584,1.1433689789408923
5541.977165258132,0.44468653781887646,1.142752367429339
5543.358649445172,-0.33011559595126627,1.1443288191430576
5544.740133632212,0.19003167040229663,1.1417363045035391
5546.121617819252,0.3241156440663673,1.1461556132218396
5547.5031020062925,0.6501274744754912,1.1424159980181419
5548.884586193332,0.7339749405067479,1.1377513345958186
5550.266070380372,0.7403867403662883,1.137663676784243
5551.647554567413,0.6887075166617276,1.1395972845673312
5553.029038754453,1.117339229204772,1.1365418857874041
5554.410522941493,1.5158746196202166,1.1350901157732014
5555.7920071285325,1.7934645799907614,1.0957668870833728
5557.173491315572,1.1945008698169133,1.0415580629872268
5558.554975502613,0.5541030363321013,1.1406584511019837
5559.936459689653,1.4946034520139477,1.1303501086317647
5561.317943876693,1.0197720814955762,1.1371084481112512
5562.699428063734,0.696513262158275,1.1363403661247324
5564.0809122507735,0.009014125263949069,1.142626585558559
5565.462396437813,0.017121800620166994,1.147253036284882
5566.843880624854,1.1264265428692628,1.138107880828681
5568.225364811894,0.8187607493457385,1.1312541667936111
5569.606848998934,0.9771499991081356,1.118069519242274
5570.988333185974,1.141559652209061,1.1234155759304412
5572.369817373014,0.9558220922613039,1.1285379004909837
5573.751301560054,1.1891691586475126,1.0420234911091062
5575.132785747094,-2.3025527804658488,0.7876989836688109
5576.514269934134,-4.494463015078548,0.5992846682525906
5577.895754121175,-3.2091493274824003,0.613355520905052
5579.277238308215,0.0,0.6686904481792187
5580.658722495255,2.502173143594579,0.7758986186838438
5582.040206682294,1.3983331227239724,0.9535440840065841
5583.421690869334,-0.3005519365829521,1.1143337858744526
5584.803175056375,0.3043953264314503,1.14168403513848
5586.184659243415,0.5553698588634717,1.136349522878408
5587.566143430455,-0.7469602012883367,1.1541347866418983
5588.9476276174955,-1.4356889737556084,1.1622329727396212
5590.329111804535,-0.22235170991729092,1.145886347146671
5591.710595991575,0.3492237534522129,1.1426416072496277
5593.092080178616,0.3672793262690348,1.1387251506453198
5594.473564365656,0.3548466664936143,1.138227227238688
5595.855048552696,0.005609876126975166,1.1345084340383347
5597.236532739736,-1.2575267277162077,1.1435967991337441
5598.618016926775,-2.4173341846847745,1.1669645410951832
5599.999501113816,-2.4555529561424976,1.1828407241404733
5601.380985300856,-2.25228234414117,1.1822547201988918
5602.762469487896,-1.6887644040291825,1.1687201620164198
5604.143953674937,-0.7521729500755807,1.14484665540519
5605.525437861977,-0.9616785766393097,1.1455469736578827
5606.906922049016,-1.0482608685574313,1.1599273567823154
5608.288406236056,-1.3781758945978329,1.1622596034392834
5609.669890423096,-1.3038693173984335,1.1679245533561984
5611.051374610137,-1.1874214664818066,1.1556396566511127
5612.432858797177,-1.7124165189901408,1.154323912145532
5613.814342984217,-0.596040298947452,1.1493893181250012
5615.195827171257,-0.44753740586250146,1.1491338884889644
5616.577311358297,-0.9285096723511685,1.1613292133336206
5617.958795545337,-1.275521402775789,1.1605234732904266
5619.340279732378,-1.540075178234087,1.1663048147756947
5620.721763919418,-0.7578410699311338,1.1540875474138872
5622.103248106458,-0.15932937238430078,1.1386220041316915
5623.4847322934975,-0.6018232121711424,1.1375804799581344
5624.866216480537,-0.7850633744589821,1.1354526308168822
5626.247700667578,-0.7544786173925573,1.1347066869092703
5627.629184854618,-1.0470052522321023,1.15099337762368
5629.010669041658,-2.1765962326878476,1.1660257848872067
5630.392153228699,-1.8540992391460698,1.1627139777014406
5631.773637415738,-1.0153922478715032,1.1478737374277157
5633.155121602778,-0.042523858428978656,1.130786910912006
5634.536605789818,0.3966584773339452,1.1234320624506504
5635.918089976858,0.29480060915588346,1.1323017028949773
5637.299574163899,0.34096491783036065,1.1377677704563909
5638.681058350939,-0.17843375914250714,1.1399454387008647
5640.0625425379785,0.2088024718814676,1.1300195386980831
5641.444026725019,-0.3478974971809006,1.1334353791903207
5642.825510912059,-0.21222052096958954,1.1380128751335339
5644.206995099099,-0.27137204833349493,1.1379531267494285
5645.58847928614,-1.210017383897565,1.1471933094887194
5646.96996347318,-1.3623028391968681,1.1511270477517546
5648.3514476602195,-0.14675116332876037,1.1371821626895366
5649.732931847259,1.288930646550149,1.118366086855128
5651.114416034299,1.3606576589148318,1.116793029957633
5652.49590022134,-0.2793867375683625,1.1356381117172845
5653.87738440838,-0.20541974093631765,1.1304507298875168
5655.25886859542,0.32730782198448694,1.1101783063145683
5656.6403527824605,-0.020861159505129123,1.1255191821964403
5658.0218369695,-0.3067995672629156,1.1332873806655834
5659.40332115654,0.23655902134055395,1.1297943763518667
5660.78480534358,-0.01750084397207452,1.1284387559509566
5662.16628953062,-1.0083291218181039,1.1399145682567062
5663.547773717661,-1.1948947421762952,1.1421646033724544
5664.9292579047005,-0.5500009175608849,1.128873217461416
5666.31074209174,0.5329132259139957,1.105829642404315
5667.692226278781,0.13622043623142233,1.1025307581462211
5669.073710465821,-1.2719203959546785,1.1180317617038933
5670.455194652861,-1.4762740459162096,1.123518509352555
5671.836678839901,-1.2113347769313965,1.1253119144481625
5673.2181630269415,-1.2931537388939027,1.1212760897988705
5674.599647213981,-0.9525627291308219,1.1145304355745413
5675.981131401021,-1.1026187068061493,1.1202596928861586
5677.362615588061,0.8848278149386601,1.1003297841538626
5678.744099775102,-0.06689783370032387,1.1073891895387493
5680.125583962142,-0.15380979383430038,1.1032579098049602
5681.507068149182,0.19996959143850646,1.094051290747537
5682.888552336222,-1.0628367687238587,1.0927818454212948
5684.270036523262,-0.8753183692457593,1.084976264443456
5685.651520710302,-0.43127201313908614,1.0839054073745478
5687.033004897342,-0.5259613706530644,1.0814633857944242
5688.414489084382,-0.7969718685234692,1.0757107722108075
5689.795973271423,-1.019726633114752,1.0744424505374248
5691.177457458462,-0.04827766371227327,1.0711729130005234
5692.558941645502,-0.2752689343120416,1.0759700324074706
5693.940425832543,-0.7597071389085546,1.0900837134507104
5695.321910019583,-0.0012279453043326782,1.098054757963205
5696.703394206623,0.7507546914342917,1.0875274006679434
5698.084878393663,0.8811274633968651,1.0894598475147441
5699.4663625807025,0.9374812833128132,1.0913125170246618
5700.847846767743,0.3051529798573931,1.0933311783786992
5702.229330954783,1.815358090236618,1.0810961975798017
5703.610815141823,1.219745768364323,1.090548843061023
5704.992299328864,-0.20374056050902212,1.109980257410753
5706.373783515904,0.7762917109640881,1.1018432131219518
5707.7552677029435,0.29809727690104637,1.1024539385026877
5709.136751889984,0.9055804856392946,1.093935205068184
5710.518236077024,0.6515718742635457,1.089225534969891
5711.899720264064,0.0007213433974655459,1.0905690184303423
5713.281204451104,0.00496691706313257,1.0972157621640615
5714.662688638144,-0.01191831370095997,1.1053544604885421
5716.044172825184,0.22938470213444973,1.101817625648935
5717.425657012224,0.46267502689558526,1.0882722351439083
5718.807141199264,1.2044410252823106,1.071614743107254
5720.188625386305,2.446391443885922,1.0730320140862
5721.570109573345,0.8926407925835065,1.0956048225075723
5722.951593760385,1.0060326963867077,1.0895147531199556
5724.3330779474245,0.45045728346592284,1.0976484885992828
5725.714562134464,-0.4112113112435125,1.1003383747087223
5727.096046321505,-0.069173237727302,1.0956708560130721
5728.477530508545,0.07356068051968734,1.0825735576927655
5729.859014695585,-0.9748390436446321,1.0954834524551536
5731.240498882626,0.9716579121253304,1.0920954577897013
5732.6219830696655,0.971350912763782,1.0783359300025581
5734.003467256705,0.7387695663619667,1.0736451523512627
5735.384951443746,0.10829254627656937,1.0892819406485157
5736.766435630786,0.34034572492614146,1.0920288779137535
5738.147919817826,1.026253831423901,1.090269290197622
5739.529404004866,-0.23164555349111282,1.0981150445564878
5740.9108881919055,-0.28484409442396696,1.0981358098376877
5742.292372378946,1.1638369670829896,1.07835944360653
5743.673856565986,1.7680565713581977,1.068608631166361
5745.055340753026,1.3109264587197131,1.0856525421659584
5746.436824940067,0.7276546628225091,1.088307120406043
5747.818309127107,1.4795640878893437,1.0828462492087978
5749.1997933141465,1.198505984691014,1.0836456257087559
5750.581277501186,0.37976740606240256,1.0896418572598996
5751.962761688226,1.2184336499069595,1.076563307109813
5753.344245875267,1.6650607722906976,1.0608273649358053
5754.725730062307,2.403553111959223,1.0617637233748278
5756.107214249347,0.7689378646098746,1.0862209908052434
5757.4886984363875,1.523733274421609,1.0646092941168601
5758.870182623427,2.039524342479748,1.0781498556073044
5760.251666810467,0.8386578955671276,1.0737537418838168
5761.633150997508,0.807861156896962,1.0851415845116494
5763.014635184548,-1.7260600303229712,1.102573628482047
5764.396119371588,-0.39734186781048564,1.0797903857953204
5765.777603558628,-0.05241824375242743,1.0607170317259533
5767.159087745667,0.33060508903129815,1.0554811572626426
5768.540571932708,0.5322037473473422,1.0422095134706284
5769.922056119748,0.07716225551498468,1.0382983408623525
5771.303540306788,0.9616205747404045,1.0397880687126146
5772.685024493829,0.8621970007326318,1.0556652045786887
5774.0665086808685,0.4106304060337109,1.0692172796594583
5775.447992867908,0.8058434319035328,1.0645394531530807
5776.829477054948,0.43169078904612945,1.0625170514661748
5778.210961241988,1.1463096078491084,1.0576133393363916
5779.592445429029,1.2101037673770634,1.0653379357394488
5780.973929616069,0.26223565871022814,1.073201916444322
5782.355413803109,0.6103353962392113,1.0691220431587103
5783.736897990149,0.8091009372829774,1.062964106717098
5785.118382177189,1.210272922160101,1.0587834410319943
5786.499866364229,0.8601724607605412,1.0561000995208114
5787.881350551269,0.9593161297063055,1.0442667543728958
5789.26283473831,2.0486605627588865,1.0133888351178377
5790.64431892535,2.384121830154175,1.0052160255775129
5792.025803112389,1.7739727547539452,1.0106117593634456
5793.407287299429,2.0800035479684986,1.0278972163025561
5794.78877148647,2.138328228650522,1.0237267092409812
5796.17025567351,1.8338880078750215,1.0405422529911734
5797.55173986055,1.1459781468980559,1.0292130291101427
5798.933224047591,1.5779852668018535,1.0462650147303036
5800.31470823463,3.2866345090668077,1.019259663926868
5801.69619242167,4.182682712107258,1.013879214171547
5803.07767660871,2.9525198000594806,1.0204285236615156
5804.45916079575,2.2922492180093634,1.0237283205543906
5805.840644982791,3.268207202884593,1.0095487999193238
5807.222129169831,4.123387062592034,1.0018660363912324
5808.6036133568705,2.689862938624934,1.0204885917447093
5809.985097543911,0.8842247968225045,1.0326107010598067
5811.366581730951,0.7243149537634572,1.034927333796977
5812.748065917991,0.4066621091534479,1.0301651868869377
5814.129550105031,0.8786564267281314,1.0278583793558236
5815.511034292071,-0.35968018166303395,1.0450102742079614
5816.8925184791115,-1.1724877668493328,1.0532847797792888
5818.274002666151,-1.9499780996280123,1.0598693804468278
5819.655486853191,-2.121979673118,1.0576359620062292
5821.036971040232,-0.7216201573657166,1.0440876807727086
5822.418455227272,-0.3247289894635408,1.0548617199952992
5823.799939414312,-0.7865190197500951,1.0812663177054016
5825.181423601352,-0.03888391844235173,1.0686910006145458
5826.562907788392,0.26330934672789397,1.0642342320654743
5827.944391975432,-0.8829486353670184,1.0761965118035683
5829.325876162472,-0.568612363484938,1.0635182367410934
5830.707360349512,0.5304262180411854,1.0384724370798275
5832.088844536553,0.8468017275453157,1.0451649764588753
5833.4703287235925,1.635838047713552,1.04764663732904
5834.851812910632,1.9578352036484432,1.051830318503588
5836.233297097673,0.4477615345260446,1.0622469172616447
5837.614781284713,-0.0778869898186052,1.079287042851686
5838.996265471753,0.8581664887192311,1.0619751264123634
5840.377749658793,1.2989248307888595,1.0637829043108713
5841.759233845833,0.7013891357331019,1.0657881782448204
5843.140718032873,1.3894831603755158,1.066162652539977
5844.522202219913,0.5420066892873976,1.0738263070958391
5845.903686406953,1.052189947023745,1.0645836620356406
5847.285170593994,1.6201184007129399,1.0558326057302043
5848.666654781034,1.1252997293445368,1.065086417749487
5850.0481389680735,0.7095305495688393,1.0820153754475705
5851.429623155114,0.647188660109812,1.082076932366851
5852.811107342154,-0.18844134800155743,1.0883006311970425
5854.192591529194,-0.45662778956139505,1.0908981321843867
5855.574075716234,-0.7573459462064012,1.0982608510778402
5856.955559903274,-1.1555696950358136,1.1005136213419118
5858.3370440903145,-0.7922307366954993,1.1016442276767118
5859.718528277354,0.6898228766074261,1.085619160833797
5861.100012464394,1.1898248879003326,1.0763685451253422
5862.481496651435,-0.8514384881526045,1.0906274046971316
5863.862980838475,-2.0888622466734112,1.1027119830122512
5865.244465025515,-1.4682242478255194,1.0972267222909793
5866.6259492125555,-1.3991124707777836,1.093854772358147
5868.007433399594,-1.3993838081947985,1.0957474868651182
5869.388917586635,-1.4131334482984048,1.0998148133087642
5870.770401773675,-1.915091082391788,1.1031371459737345
5872.151885960715,-1.7636326668047175,1.1111731625732293
5873.533370147756,-2.5471924379430817,1.130716551825705
5874.914854334796,-1.5587785615632281,1.1325839412063672
5876.296338521835,-2.1747957119027674,1.1440968499986388
5877.677822708876,-3.662505604805773,1.1600590087035536
5879.059306895915,-3.2216263925963897,1.1578987305631974
5880.440791082956,-2.6174476973103005,1.1528734053874552
5881.822275269996,-3.2961161252387647,1.1638961586500876
5883.203759457036,-4.038700802897148,1.1758521923319387
5884.585243644076,-4.51716790402172,1.1853096284254905
5885.966727831116,-4.6655850297874455,1.166174399727183
5887.348212018156,-6.270673235619812,1.0763335706159813
5888.729696205197,-8.44927537076763,0.9328738180598967
5890.111180392237,-7.206742819578375,0.8849986724496276
5891.492664579277,-6.1801095848906815,1.0201911480345172
5892.874148766317,-6.367301298260809,1.1173417904485088
5894.255632953356,-7.316329708642341,1.0323806072268287
5895.637117140397,-8.790501862239712,0.9279426527627692
5897.018601327437,-9.417442410554685,0.9958937253356974
5898.400085514477,-7.738883591491433,1.1556774838585222
5899.781569701518,-6.335964119470619,1.222281307843711
5901.163053888557,-4.004096477584458,1.1979664063733162
5902.544538075597,-2.857786841766586,1.18689204930583
5903.926022262638,-2.839228448866834,1.1807904255521964
5905.307506449677,-2.683101188229136,1.1815090428368118
5906.688990636718,-2.52044852151635,1.1765369274338182
5908.070474823758,-3.6799876720342812,1.1945097225265728
5909.4519590107975,-2.635277317695051,1.183427378160563
5910.833443197838,-1.9609361317143303,1.1825394534835396
5912.214927384878,-2.4625313603960475,1.1847604234069309
5913.596411571918,-2.953393998201882,1.1782151831224947
5914.977895758959,-2.185451118903087,1.1634507077720475
5916.359379945998,-0.8949637727232567,1.160466558504089
5917.7408641330385,-1.3037142148201983,1.1763103413718932
5919.122348320079,-1.4815364562413933,1.1831654805029939
5920.503832507118,-1.1875265510318265,1.1813189075015809
5921.885316694159,-1.929291149828753,1.19427383107944
5923.266800881199,-3.191576933187285,1.19825219806121
5924.648285068239,-2.2030217407812795,1.187585590326055
5926.0297692552795,-1.7481686935915004,1.1768023256198457
5927.411253442319,-0.8258253772439321,1.1706776536205408
5928.792737629359,-0.3790070522410893,1.1749891037504643
5930.1742218164,-0.6774335307579058,1.174122778692625
5931.555706003439,-0.6298978605045757,1.1614205657755226
5932.93719019048,-0.5687572798326723,1.154532381800773
5934.3186743775195,-1.1227789421805987,1.161314393368522
5935.700158564559,-0.5812869779458474,1.1573599857929697
5937.0816427516,-0.4181270682618319,1.1651898589517498
5938.46312693864,-0.3933963912163989,1.171348628914942
5939.84461112568,-0.26093145869377565,1.1767282052231713
5941.226095312721,-0.9771166679077528,1.1795258045630685
5942.60757949976,-0.785203633023329,1.1806348444459027
5943.9890636868,-0.2178791536173712,1.1733586444951307
5945.37054787384,-0.1690371692300232,1.1634210663524802
5946.75203206088,-0.884510040245809,1.167546430164399
5948.133516247921,-1.3703107820181746,1.1726648406681497
5949.515000434961,-1.0313877956943625,1.1744701413027232
5950.896484622001,-0.5513067008871282,1.1685658311747915
5952.277968809041,-0.531612288573605,1.1599807705289515
5953.659452996081,-0.8422604256474262,1.157789529410656
5955.040937183121,-0.58289995717384,1.154755361257456
5956.422421370162,-0.6755247547363901,1.1638469279841928
5957.803905557201,-1.5536307849098243,1.1745698021810664
5959.185389744242,-1.624728994924327,1.1832055138712698
5960.566873931281,-1.1873229039927704,1.1857303476059011
5961.948358118321,-0.756696889831634,1.1809215438026854
5963.329842305362,-0.6077191825423114,1.1819891148929331
5964.711326492402,-0.8723425509134088,1.1885155038225286
5966.092810679442,-1.8301648610961418,1.206264346866415
5967.4742948664825,-1.8867778776212365,1.2044604968039685
5968.8557790535215,-0.657881512046762,1.187104676525909
5970.237263240562,-0.6836444951036391,1.1881908800967214
5971.618747427602,-1.4365993108191049,1.1935729115408882
5973.000231614642,-0.6501910833144517,1.1878433920217997
5974.381715801683,0.03977844913372408,1.1753470115235618
5975.763199988723,0.06190740520272087,1.1678330181611964
5977.144684175762,0.0,1.1680366150874881
5978.526168362803,-0.7090200506410156,1.181518997852299
5979.907652549843,-0.5114164413860927,1.186572169369236
5981.289136736883,-0.007588123469421504,1.1827125701739039
5982.670620923924,0.34851689317192935,1.1769627643117138
5984.052105110963,0.39863820408492145,1.1724128449170734
5985.433589298003,0.09573121488883274,1.1775347064288026
5986.815073485043,0.37576981771372076,1.1766284234586852
5988.196557672083,0.47069673174230786,1.1742882537321477
5989.578041859124,-0.2865402697663342,1.1796877127379946
5990.959526046164,0.3258967534580215,1.1727039335565266
5992.341010233204,1.4237968087494224,1.1534502837963414
5993.722494420244,1.5426326715801366,1.1451691532754853
5995.103978607283,1.3731125073734987,1.150093933784886
5996.485462794324,0.6121342391170188,1.1605857191766622
5997.866946981364,1.0289175917731477,1.1612733456129376
5999.248431168404,0.9844755008891184,1.1702069956392749
6000.629915355445,-0.37747439052191467,1.187242515956046
6002.0113995424845,-0.9410927350451743,1.1925367209587763
6003.392883729524,-0.73522364345461,1.1937552013385568
6004.774367916565,-1.0036684256131956,1.1983233326275224
6006.155852103605,-0.7252151753918596,1.1977428798435763
6007.537336290645,-0.44208096104479466,1.1999982976573031
6008.918820477686,-0.04765389080187532,1.1945011137261672
6010.3003046647245,0.14526747148740782,1.1875199061552428
6011.681788851765,-0.8658209267482775,1.1955740588734884
6013.063273038805,-1.1088442036290225,1.1972868287458676
6014.444757225845,0.025599141748646304,1.183565699932598
6015.826241412886,0.6065402687930721,1.175652475827874
6017.207725599926,0.16972638026234677,1.1808711319796767
6018.5892097869655,-0.1531696351768943,1.1876071183423085
6019.970693974006,0.09102684106314385,1.1899661393756482
6021.352178161045,0.08971814177309767,1.1900150557269542
6022.733662348086,0.001660172904038859,1.187635685973127
6024.115146535126,0.4967840297269319,1.180683929775839
6025.496630722166,1.1414188352270997,1.1718101908900256
6026.8781149092065,1.6258745429094894,1.1441915225272634
6028.259599096246,2.123592669918061,1.1222286570955637
6029.641083283286,2.3612867704103166,1.1400906113327576
6031.022567470327,1.1078083989342105,1.171844164322006
6032.404051657366,0.20240550565871018,1.1818623092057863
6033.785535844407,0.30828827500718603,1.1796707764239036
6035.1670200314475,-0.04076757562014066,1.1830757892489279
6036.548504218486,-0.41138928793020213,1.1892928898111648
6037.929988405527,-0.5934836610948118,1.1920760695767605
6039.311472592567,-0.6380460741689369,1.1883686262645696
6040.692956779607,0.0,1.1797865824498792
6042.074440966648,1.243336406247554,1.1679893315179457
6043.4559251536875,2.222482046260101,1.1558668455028722
6044.837409340727,2.4207797245119274,1.1519183092103897
6046.218893527768,2.0394765842673834,1.1559596857042138
6047.600377714807,1.723570634216351,1.1562062823804966
6048.981861901848,1.403247355800982,1.1581686391960748
6050.363346088888,1.234372210706951,1.1615188007147594
6051.744830275928,1.2593899356503861,1.1674236653865322
6053.126314462968,0.5002188251686555,1.1682433358235131
6054.507798650008,0.8284189633950483,1.1533733257040917
6055.889282837048,1.6938077023378284,1.1420382298450125
6057.270767024089,1.0498034410238546,1.1473533603151287
6058.652251211128,1.2343354394639547,1.1494013086136474
6060.033735398169,1.026826258991946,1.1527418990009146
6061.415219585208,0.6789928868412929,1.1629311530872355
6062.796703772248,-0.23005074380026969,1.175898354382957
6064.178187959289,-1.0465764393366435,1.1832586516707504
6065.559672146329,-0.4822654424478472,1.183028200964172
6066.941156333369,-0.6245469968224988,1.1830613963998151
6068.32264052041,0.33084405264261463,1.1642275886905644
6069.704124707449,1.1774791874284638,1.1576582611647124
6071.085608894489,1.9119573287018738,1.1426557454420754
6072.46709308153,2.2428389463567378,1.1484599346377502
6073.848577268569,0.36572383594551283,1.1659347528330275
6075.23006145561,1.4254933926022169,1.160420890896691
6076.61154564265,2.1917466295892396,1.1510355274504322
6077.9930298296895,1.5740716744084011,1.1542714631496773
6079.37451401673,0.6888017578138559,1.16040750144726
6080.75599820377,0.23923080531027097,1.166085188086147
6082.13748239081,0.07426381063107357,1.1694905886908429
6083.518966577851,1.4099143968094694,1.1638733627045248
6084.90045076489,1.488933149845053,1.1573949127040837
6086.28193495193,1.1990045301254533,1.1684327349449042
6087.66341913897,1.6495357644322937,1.1609398431822744
6089.04490332601,1.805501256458701,1.1562381737586234
6090.426387513051,1.41208632299778,1.1639797306246356
6091.807871700091,2.3969090668612303,1.1549932649921673
6093.189355887131,3.710309116611633,1.1317756327996318
6094.570840074171,3.9212541334765803,1.1284479757718706
6095.952324261211,3.141311124475063,1.132266447397928
6097.333808448251,2.729402237781951,1.1404739982892422
6098.715292635292,2.7139561062993742,1.1466006807264866
6100.096776822331,3.5834957298998447,1.1452708093248418
6101.478261009372,2.463021659792357,1.1645906533827424
6102.8597451964115,-0.24909928402985315,1.1915565284830247
6104.241229383451,-0.930558291989179,1.2080446136747076
6105.622713570492,2.238458399056956,1.169812531773236
6107.004197757532,2.403404275102872,1.1656236033711167
6108.385681944572,2.3432404429974305,1.1625709209647985
6109.767166131613,2.1953376859474005,1.1638171641689392
6111.148650318652,2.3998104513369825,1.1634848836333096
6112.530134505692,2.7120478395498857,1.166001704623845
6113.911618692732,1.9928351023258202,1.1708086366631798
6115.293102879772,1.941907119763247,1.1734429955052221
6116.674587066813,1.9042338035121134,1.174282116525835
6118.056071253853,2.5363199421721347,1.1702884805428282
6119.4375554408925,1.9765962030973085,1.1777434497757309
6120.819039627933,-0.3099582591899761,1.2149425665749365
6122.200523814973,-1.0639388763824442,1.1537094627273865
6123.582008002013,-0.2702684805682729,1.1052990861401273
6124.963492189054,2.767948874562073,1.0717058477946926
6126.344976376093,3.954342523732347,1.121956214247577
6127.7264605631335,2.822659153176584,1.163399488220852
6129.107944750173,2.901940566803244,1.159297824882557
6130.489428937213,4.107085356613222,1.1504320493925921
6131.870913124254,4.15356026835428,1.1511164335745325
6133.252397311294,3.403845585170128,1.1628637640347965
6134.633881498334,2.693295320377196,1.1718539825145107
6136.0153656853745,1.9881288712922576,1.175892691962027
6137.396849872413,1.7429756176367732,1.1745833019828942
6138.778334059454,2.2126618734061623,1.16386986424117
6140.159818246494,3.260971375749161,1.1501637022628537
6141.541302433534,3.9763444820022293,1.1452350058670189
6142.922786620575,3.7403851642211237,1.1503625613211337
6144.304270807615,3.7267147545193176,1.1454317522678183
6145.685754994654,4.207808211705597,1.1344803681487254
6147.067239181695,4.491145799558716,1.1336870028907844
6148.448723368734,4.018701502243346,1.1434979360046582
6149.830207555775,2.5960949279099665,1.158981107055277
6151.211691742816,2.4844457291003614,1.1646410661367004
6152.593175929855,2.1887234041265167,1.1629299615027437
6153.974660116895,2.4174692088846896,1.1571978942197623
6155.356144303935,3.0642681609573934,1.1497362855712858
6156.737628490975,2.424239428162352,1.1628674179526848
6158.119112678016,1.4615913353749654,1.1785819310152599
6159.500596865056,-1.160235577435662,1.2102307795666403
6160.882081052096,-2.777037695915693,1.2325789653812573
6162.263565239136,-3.50477241782016,1.2638505152597477
6163.645049426175,-3.845401193708703,1.2734101789439078
6165.026533613216,-2.993132245208212,1.2525430148099002
6166.408017800256,-1.857188889979799,1.2358757256253141
6167.789501987296,-1.8890898874120676,1.2361699473854937
6169.170986174337,-2.6772055931140404,1.240163664088238
6170.552470361376,-2.108421903287656,1.2262973488867732
6171.933954548416,-0.7772707767158717,1.2089956149604002
6173.315438735457,-1.583001837303371,1.2123084357056735
6174.696922922496,-1.3399077134816082,1.216610936055172
6176.078407109537,-1.1307383382042389,1.2150515109328284
6177.459891296577,-0.1515187816870167,1.2097138867040935
6178.8413754836165,0.8954091803834103,1.189705260071532
6180.222859670657,0.5337932369998732,1.1942632986196102
6181.604343857697,-0.641189501205206,1.2136402207899362
6182.985828044737,-1.407737140263972,1.2192104185799268
6184.367312231778,-1.7838749312926954,1.2178247182688957
6185.748796418818,-2.1398530709265327,1.2240178812685507
6187.1302806058575,-2.3088542941572445,1.2343138056946727
6188.511764792898,-2.1186533793700537,1.2364110072325212
6189.893248979937,-2.094677548054138,1.2381489656571556
6191.274733166978,-2.975923072673238,1.248123163760898
6192.656217354018,-3.119588637224261,1.2439222662838991
6194.037701541058,-1.5149995457959093,1.2237354652508257
6195.4191857280985,-1.1735457022070328,1.2179610120148183
6196.800669915138,-1.3918756809026451,1.2230487407298312
6198.182154102178,-1.2743348498903586,1.2258243203284482
6199.563638289219,-1.5353056859126095,1.2249371881556146
6200.945122476258,-1.7428720685965278,1.2190263803586185
6202.326606663299,-1.2802816934450156,1.2017063120901035
6203.7080908503385,-0.6740560948838379,1.2022615636955656
6205.089575037378,-0.5876923855871716,1.202876633004548
6206.471059224419,-0.549299153050633,1.2116900999468716
6207.852543411459,0.21728269089445718,1.2041387104673769
6209.234027598499,-0.5713595780877263,1.2115465566854688
6210.61551178554,-1.1443180099288845,1.222712687222009
6211.9969959725795,-1.325223408694276,1.2252484916317272
6213.378480159619,-1.6819299199080717,1.2362682912782357
6214.75996434666,-2.4942016851433575,1.2534811242136386
6216.141448533699,-3.376697195997977,1.2748414353355868
6217.52293272074,-3.7161093996186008,1.2797764294951774
6218.90441690778,-3.4293394287604997,1.2643551039559668
6220.28590109482,-3.0403788764317667,1.2464904739449993
6221.66738528186,-3.316098957306618,1.249805064171666
6223.0488694689,-3.988582235496164,1.2755621082659463
6224.43035365594,-3.732579736590523,1.283662060141175
6225.811837842981,-2.924154583184272,1.2749419629495589
6227.19332203002,-2.565582520972214,1.270854985451224
6228.5748062170605,-2.9447574695972705,1.2758837673094106
6229.9562904041,-3.2710388101350905,1.2781173567657675
6231.33777459114,-2.854552673262777,1.2660937875281804
6232.719258778181,-2.6688084172328974,1.2445795373443165
6234.100742965221,-2.7664202154320936,1.21899542174969
6235.482227152261,-1.9502120072726221,1.1965687393315487
6236.8637113393015,-1.9018113362157933,1.2013636391441636
6238.245195526341,-2.8487800511670827,1.2309364812270798
6239.626679713381,-3.1247478579964127,1.2552738913579087
6241.008163900422,-2.2344116968023098,1.2532964978788963
6242.389648087461,-1.9999500260553607,1.2524081034080874
6243.771132274502,-3.351130892593309,1.2734788130445018
6245.152616461542,-2.6917084776648093,1.2675840512966414
6246.534100648581,-3.453742594892642,1.174912925970136
6247.915584835622,-3.1839985425227937,1.1553194427296312
6249.297069022662,-0.8072555021564511,1.2472279162824687
6250.678553209702,-0.4753601676225294,1.2518561398157895
6252.060037396743,-1.3630070119766202,1.258238322182669
6253.441521583782,-1.1323461060693791,1.2560771655696341
6254.823005770822,-0.7397562538224118,1.2393858832125777
6256.204489957862,-0.907912353257796,1.2216297257911803
6257.585974144902,-1.4700654797474044,1.2119544444521804
6258.967458331943,-1.940579936941651,1.2240735039815822
6260.348942518983,-1.4664775820163882,1.243715732508225
6261.730426706023,-0.5464469241139867,1.2419559268181941
6263.111910893063,-0.07563882662524435,1.2311849924913303
6264.493395080102,-0.3085168125382154,1.235863071209614
6265.874879267143,-0.7492190601373583,1.248176107122911
6267.256363454184,-0.4429962568885166,1.2526426644129491
6268.637847641223,0.0,1.2573788690176932
6270.019331828264,-0.7702790013454575,1.2718725502784165
6271.4008160153035,-1.0697979613715596,1.2768867942647337
6272.782300202343,-0.1814564285338136,1.2660090434568052
6274.163784389384,0.1924326069189739,1.259002511253286
6275.545268576424,-0.5808649628447888,1.2648441362666762
6276.926752763464,-0.8203834053663339,1.2681398824737518
6278.308236950505,-0.5662157872766329,1.276097131290091
6279.6897211375435,-1.6174731688325714,1.2951298275921526
6281.071205324584,-1.434468508674069,1.3171930779925631
6282.452689511624,-0.87774598846927,1.2941301806946415
6283.834173698664,-0.8918813982939024,1.2992009511635612
6285.215657885705,-0.6553484716762554,1.2674794519103205
6286.597142072745,-0.2765923926659326,1.2378868023571252
6287.9786262597845,0.0,1.226085907817023
6289.360110446825,-0.5593601453286468,1.2519645761637188
6290.741594633864,-0.8767693349677401,1.2654892285777204
6292.123078820905,0.3343761865478925,1.2628971374672657
6293.504563007945,0.4690782843591741,1.2616061567098884
6294.886047194985,-0.11884737063106243,1.2561845328115406
6296.2675313820255,0.13142649998291844,1.2232548660585338
6297.649015569065,0.0,1.1341636276676716
6299.030499756105,-0.3864900025142717,1.0234147782407728
6300.411983943146,1.2088036203062273,0.9770422543715921
6301.793468130186,2.748202816510286,1.0205865244204533
6303.174952317226,0.8198874407645746,1.1583425633181723
6304.5564365042665,0.2535168304605939,1.2226770295749383
6305.937920691305,-0.5839138311427554,1.2011170426348614
6307.319404878346,-0.816595768504186,1.1980769051386828
6308.700889065386,0.2692450890257412,1.2226584724962601
6310.082373252426,0.9444612015284015,1.232066740340248
6311.463857439467,0.21512076582455464,1.245094878127461
6312.8453416265065,0.8401894437539426,1.2415104180471122
6314.226825813546,0.5354922298769544,1.2428110780283792
6315.608310000587,0.358507273124097,1.2440303438877511
6316.989794187626,0.7066731102279817,1.2388364399577536
6318.371278374667,0.843468195916639,1.233410678610157
6319.752762561707,0.48323276158903994,1.230512654210333
6321.134246748747,-0.15538134587772134,1.231870302453829
6322.515730935787,-0.37534762293354973,1.2366202712936503
6323.897215122827,-0.4046120348930238,1.2422777390464406
6325.278699309867,-0.5562166057765054,1.24723606028408
6326.660183496908,-0.0015538460796165054,1.2354865588190636
6328.041667683948,0.6155203769805908,1.2024014955122706
6329.423151870988,0.6727977169405079,1.1862993789177152
6330.804636058028,1.5316038279182678,1.1869697133484036
6332.186120245067,1.5462229465231303,1.202378492596329
6333.567604432108,0.9185371959871809,1.2151576006131155
6334.949088619148,0.30761201126627213,1.2289556783589959
6336.330572806188,0.6268362432359886,1.2162962064001326
6337.7120569932285,1.8832463441278477,1.209205604352449
6339.093541180268,1.0352219036998385,1.2073074976840645
6340.475025367308,1.9782686954773112,1.1949248749016312
6341.856509554349,2.448882176892944,1.1856699826847352
6343.237993741388,1.9096527491828894,1.193148192285706
6344.619477928429,1.2378206940140473,1.2056636050833196
6346.000962115469,0.9677270400684179,1.2090717216410567
6347.3824463025085,0.8279756448555737,1.2049938572622099
6348.763930489549,0.9972020014333047,1.1989616969771875
6350.145414676589,1.084121876008087,1.2003358106275874
6351.526898863629,1.0600115829230887,1.2055215552121172
6352.90838305067,1.5158137374362255,1.1954365165482044
6354.28986723771,1.8394221923573966,1.176441199069721
6355.671351424749,1.0616398121941302,1.175828179884184
6357.05283561179,0.7019721342660645,1.1883847424233487
6358.434319798829,-0.278508363508557,1.2111484083176782
6359.81580398587,0.37580216208933237,1.204739961168975
6361.19728817291,-0.315412694256203,1.182260710627735
6362.57877235995,-2.2304848175961247,1.151309412328852
6363.96025654699,-0.37580216208933237,1.1285316159681702
6365.34174073403,-0.554544820467612,1.1531312922044321
6366.72322492107,-1.3704776979907933,1.1986396723833304
6368.104709108111,-0.7741282288126001,1.2174475918265226
6369.48619329515,0.07963778739817329,1.2057566283912104
6370.867677482191,-0.0579650960660274,1.20899063459472
6372.2491616692305,-0.03107645810744586,1.2102940830095306
6373.63064585627,0.17891394319470422,1.2062400842020515
6375.012130043311,-0.3503364181529882,1.2143670736922227
6376.393614230351,-0.8071482480956291,1.2199985335111676
6377.775098417391,-0.7311650085705423,1.2185687585907619
6379.156582604432,-1.894833910855386,1.2336137487648442
6380.5380667914715,-3.153039820400025,1.2439047220411221
6381.919550978511,-1.4345724482758087,1.2334681270199315
6383.301035165552,-2.109915286375685,1.231810113564671
6384.682519352591,-1.504868567352009,1.227117596700285
6386.064003539632,-1.6868383870211439,1.2211202380838442
6387.445487726672,-2.015419388357678,1.2237565301198432
6388.8269719137115,-1.6177337014210202,1.226154909007823
6390.208456100752,-1.5578013931612453,1.2323808026251357
6391.589940287792,-1.5403004503500846,1.2344776269031832
6392.971424474832,-1.6251371701665853,1.2332075744065598
6394.352908661873,-1.2588764254642442,1.2277731206484874
6395.734392848912,-0.46821409130454583,1.216145121579433
6397.1158770359525,0.16667275830380035,1.2034216506241016
6398.497361222992,0.41131873059264734,1.1948535846985375
6399.878845410032,0.385247718084905,1.1932876419309486
6401.260329597073,-0.03798429284152505,1.1969331336367834
6402.641813784113,0.324151291793207,1.1903603385621189
6404.023297971153,1.2022584318820826,1.1811898453650287
6405.4047821581935,1.700416083709868,1.1716813143346985
6406.786266345232,1.3289220991221526,1.1840157237713413
6408.167750532273,0.8636422314951844,1.181211460174432
6409.549234719314,1.5266928643955318,1.0838718578018616
6410.930718906353,0.9291024726480259,1.0737949978191568
6412.312203093394,0.6218770695681144,1.1586888841061636
6413.693687280434,0.5526649204301144,1.1867748253517365
6415.075171467473,0.29369320937435006,1.1898267472506858
6416.456655654514,0.40540250991754334,1.1902861989353635
6417.838139841554,0.0,1.194687135284397
6419.219624028594,-0.7963537924715922,1.2017958624206173
6420.601108215635,-1.174468164796572,1.2098550130779604
6421.982592402674,-1.2409871542451754,1.2154039691966336
6423.364076589714,-0.6633719579244364,1.2009330419826028
6424.745560776754,0.1698775962387522,1.1943951262885004
6426.127044963794,0.019548037666606177,1.1913822591792504
6427.508529150835,-0.6603860655567857,1.1967524583315956
6428.890013337875,0.23744362554461063,1.188811569254242
6430.271497524915,0.8130187975623073,1.1857642155346864
6431.652981711955,1.0256604768172934,1.1835345912692397
6433.034465898994,0.9257194169283842,1.1826419717646766
6434.415950086035,0.24714482547688021,1.1820393409105403
6435.797434273075,0.6049307929214578,1.1841678987152675
6437.178918460115,-0.19666782186744314,1.1986287813651613
6438.560402647156,-1.7247874307043105,1.2187404464056437
6439.941886834195,-1.905859394285553,1.2259393906221072
6441.323371021235,-1.0546400531243165,1.2147477723615017
6442.704855208276,0.12695809976125716,1.1934366270757215
6444.086339395316,1.6888399612959972,1.170063277551454
6445.467823582356,2.358647342471734,1.1632496748866439
6446.849307769397,0.6788274446981397,1.1813675748413623
6448.2307919564355,-0.18457665062399187,1.1969335474671456
6449.612276143476,-0.8474281418860166,1.1984509365167446
6450.993760330516,-1.0384191378491217,1.0965712308906972
6452.375244517556,1.6651403137065408,1.0680040812917067
6453.756728704597,1.9745456544970459,1.1371102720766415
6455.138212891637,1.6850285180236,1.1661075681801498
6456.5196970786765,1.2996990185035067,1.172886245787536
6457.901181265717,0.9544717938022451,1.1751529580872317
6459.282665452756,1.2745999604980476,1.1729157761778712
6460.664149639797,1.1016824338480724,1.1767059273360827
6462.045633826837,-0.475678045900942,1.1864900263849412
6463.427118013877,-1.606191725648646,1.1880258489067612
6464.808602200917,-0.1614184804228529,1.1725663385912628
6466.190086387957,1.4341190803886725,1.1489976663486894
6467.571570574997,1.8980196090845673,1.1465116820490857
6468.953054762038,1.6219235074519283,1.1476761216938767
6470.334538949078,1.0640727522464992,1.1560910845654793
6471.716023136118,0.8675100560627449,1.161349051290088
6473.097507323158,1.74549684398621,1.1568614015338252
6474.478991510197,1.9162363263854374,1.1566999005545275
6475.860475697238,1.9120990886128695,1.1545623390960769
6477.241959884278,2.254275331565534,1.1506482016030402
6478.623444071318,1.748048103735936,1.1574484975122823
6480.004928258359,0.9566871017846132,1.1672302798594467
6481.3864124453985,1.2675663215930228,1.1675047047614946
6482.767896632438,0.5277798695756566,1.1754924619893536
6484.149380819479,0.1856385124820612,1.182126253146737
6485.530865006518,-0.1059764334852531,1.1900144054539898
6486.912349193559,-0.8300608962766383,1.1955594253364994
6488.293833380599,-0.2804119415198585,1.1906249214900682
6489.675317567639,-0.10002712384470414,1.1905843195502666
6491.056801754679,-1.182566004558737,1.2014513549874843
6492.438285941719,-1.553592560399398,1.2098525767274606
6493.819770128759,-1.85789120082255,1.2128881231433604
6495.2012543158,-2.7974461354541447,1.2151832198466574
6496.58273850284,-2.6807213422769145,1.19199360842489
6497.9642226898795,-1.2091532601372919,1.15437654351966
6499.34570687692,-0.0641390499217529,1.141756524845946
6500.727191063959,0.6008943731958034,1.1480464036328961
6502.108675251,0.43313459295291423,1.1669723551562183
6503.49015943804,0.4975991277739027,1.1537342988843629
6504.87164362508,1.3104506594357446,1.1522931211170102
6506.2531278121205,1.0702634316673176,1.1543196421859456
6507.63461199916,0.3646920932442832,1.1648083789884665
6509.0160961862,0.809432857866458,1.1626802902089406
6510.397580373241,1.6665521202430078,1.1536740691265113
6511.77906456028,1.8378670178996686,1.1518003901668243
6513.160548747321,1.0158347895371769,1.1605342488681425
6514.542032934361,0.0,1.1707198146040585
6515.9235171214,0.004171171299773846,1.1728650283737083
6517.305001308441,0.7649533118982923,1.1677140079356942
6518.686485495481,0.6589793489418305,1.1636896645716406
6520.067969682521,0.5668399338805195,1.161877673742632
6521.449453869562,1.3740563493283737,1.1369466887188109
6522.830938056601,2.5203344944089494,1.1010121632946666
6524.212422243641,2.2395297872922058,1.1247989626684491
6525.593906430682,1.2765393232652968,1.143951098721132
6526.975390617721,2.540337621757942,1.1343160518120574
6528.356874804762,3.489431086232237,1.1238433937211179
6529.738358991802,3.156121590241746,1.1237396955829937
6531.119843178842,2.505452925014776,1.1208668444950496
6532.501327365882,2.231917388919232,1.1114735789891261
6533.882811552922,2.6680384301690303,1.1052341315446867
6535.264295739962,3.8533713979458533,1.105512646936117
6536.645779927003,4.230537162694169,1.1109205726133882
6538.027264114042,3.6573474350820234,1.1198270881433914
6539.408748301083,3.5201714171767797,1.1169975844760702
6540.7902324881225,3.9854266389796003,1.1140864744755967
6542.171716675162,3.234193706811876,1.1147286374625998
6543.553200862203,2.862667774021041,1.1224189220630643
6544.934685049243,1.0455833313060978,1.1434853869471209
6546.316169236283,-0.050695022778981524,1.1596364088658233
6547.697653423324,0.5687826783894039,1.1548608579940087
6549.0791376103625,1.5565189205610928,1.142464668116832
6550.460621797403,1.7172331876947275,1.13745814324006
6551.842105984443,1.333050092499743,1.1305733722760336
6553.223590171483,0.9788712878423844,1.1194088559568187
6554.605074358524,0.8481632732083462,1.1238929866182867
6555.986558545564,0.41204948286402043,1.1524339452210206
6557.3680427326035,0.32061850750295307,1.1636257354215132
6558.749526919644,0.8961755438409362,1.158388189386771
6560.131011106684,1.0023007774434554,1.14585130788851
6561.512495293724,-0.23783640706860254,1.1461683510006326
6562.893979480765,-0.9836803967574319,1.1522875053272195
6564.275463667804,-0.7276625054953492,1.1614637695748347
6565.6569478548445,-0.2745428980226876,1.168716396584577
6567.038432041884,-0.17878364273905234,1.1695406963523838
6568.419916228924,-0.4388467181649638,1.1696536356364737
6569.801400415965,-0.5510465800447442,1.1646164011112616
6571.182884603005,0.40942447373015867,1.1565194157415768
6572.564368790045,0.6916103053137093,1.1573418417742678
6573.945852977085,-0.5670580700372732,1.1646711346094383
6575.327337164124,-0.8765552045275093,1.1578665386947267
6576.708821351165,0.11191890546081495,1.145027062994705
6578.090305538205,-0.18879339824682617,1.152118926591512
6579.471789725245,-0.37134052336629253,1.1680955532559085
6580.853273912286,0.0,1.1734913847319548
6582.2347580993255,0.23459347268517305,1.169661511009528
6583.616242286365,0.6402524191388608,1.1659348724529561
6584.997726473406,1.250171902698444,1.157718874059703
6586.379210660446,1.9157656407898251,1.1501774840088117
6587.760694847486,2.8881679953822648,1.134535427168355
6589.142179034527,2.416449153167413,1.1351717834264134
6590.523663221566,1.772108981686337,1.141762213758208
6591.905147408606,1.2473293596387158,1.1533764052026085
6593.286631595646,0.6612006368606202,1.167060828171149
6594.668115782686,0.20080119188425272,1.166605852719306
6596.049599969727,0.5518275138427349,1.1562043311488235
6597.431084156767,0.6779583220860737,1.155184998150023
6598.812568343807,0.16256414272310593,1.164789302254437
6600.194052530847,1.1292009452827934,1.1658042573186147
6601.575536717886,0.6527537052522057,1.1684180925613108
6602.957020904927,0.14424764206727048,1.1660973459213748
6604.338505091967,0.9727685755235065,1.1641586273744706
6605.719989279007,-0.002124184521697714,1.1726446529130599
6607.1014734660475,0.31568691912534064,1.1764431439435954
6608.482957653087,0.7137109361020322,1.1738626316103773
6609.864441840127,0.8167708219413754,1.1738752502742467
6611.245926027168,0.9234703593040337,1.173302313619203
6612.627410214208,1.0460850991501296,1.1704578676212993
6614.008894401248,1.384641450965141,1.168669935525951
6615.3903785882885,1.9188056293708016,1.1641713273022176
6616.7718627753275,1.3155835425966522,1.1753553015519007
6618.153346962368,0.6142931048940987,1.1783484836446774
6619.534831149408,0.2800732420583998,1.1917501956100711
6620.916315336448,0.07188031583051924,1.1918175893285683
6622.297799523489,0.16140774907482935,1.1918174417889327
6623.679283710529,0.6895131816813453,1.1857217369811397
6625.060767897568,0.053664546741508445,1.19238321310545
6626.442252084609,-0.9552927821256603,1.2025206375307418
6627.823736271648,-0.7178776368280992,1.1992943829457527
6629.205220458689,-0.10198135505409311,1.1941327692397616
6630.586704645729,0.11154194713575905,1.193058777549122
6631.968188832769,-0.25410515520675503,1.1970137912080565
6633.349673019809,-0.5789159064593967,1.19830637279088
6634.731157206849,0.07260274900905728,1.1938516017384044
6636.112641393889,0.22570693986680013,1.1947911429592915
6637.49412558093,-0.2557111861658292,1.2022794196726287
6638.875609767969,-0.3024639398553859,1.2030877991625895
6640.25709395501,0.4679379944892901,1.1942158629253248
6641.63857814205,0.9707609404992894,1.1902535398695566
6643.020062329089,0.41730951313898146,1.2000362658506571
6644.40154651613,0.08616003388100424,1.2078163981001688
6645.78303070317,0.19737147223127138,1.206327648246533
6647.16451489021,0.30617020626037217,1.2088333172908343
6648.545999077251,0.0,1.213575140893518
6649.9274832642905,-0.8035827740763146,1.2277957170478175
6651.30896745133,-1.7153109964146687,1.2449300685960003
6652.690451638371,-1.764181653026018,1.2496278591966026
6654.07193582541,-1.5216157732547266,1.2477936338519362
6655.453420012451,-1.4872959593019281,1.2515465159526953
6656.834904199491,-1.8260031545048214,1.2560277776048405
6658.2163883865305,-1.3455146787398355,1.2475661844160686
6659.597872573571,-0.5047429354039927,1.2414571304633648
6660.979356760611,-0.45609344887546044,1.2425763068570843
6662.360840947651,-0.36772461733893635,1.242579459796657
6663.742325134692,0.0,1.23931988539862
6665.123809321731,0.24734808766942606,1.2333486216209844
6666.5052935087715,0.7929707664754382,1.2234422988292322
6667.886777695811,1.4165727971201676,1.2162300434385798
6669.268261882851,1.6665000282809324,1.2163532306215217
6670.649746069892,1.3091626964932992,1.2227138759780982
6672.031230256932,0.7287556373226778,1.2311295420883703
6673.412714443972,0.7605135851272458,1.2330239924313475
6674.7941986310125,1.7148115042604708,1.216317287249764
6676.175682818052,1.814500891137854,1.206036043869172
6677.557167005092,0.6225547531457423,1.22573152371538
6678.938651192133,0.2084028580102526,1.2477122901504218
6680.320135379172,-0.5292356400235256,1.265897596448696
6681.701619566213,-1.2378801761363434,1.2787432023876548
6683.0831037532525,-1.2054470456199375,1.2819035669616028
6684.464587940292,-0.912188719937653,1.2765375332623217
6685.846072127333,-0.7291716142908591,1.2729957454330378
6687.227556314373,-0.6875700681232537,1.2708296474604246
6688.609040501413,-0.40381530623914585,1.2611769737259877
6689.990524688454,0.32560117589710913,1.2585624753999534
6691.372008875493,0.37167273674462464,1.2592995117964307
6692.753493062533,0.11012230033453818,1.2706825050261532
6694.134977249573,-0.39270552679691306,1.277987645415654
6695.516461436613,-0.7820289957470408,1.2826071486445274
6696.897945623654,-0.7540626654365994,1.2844260562114516
6698.279429810694,-0.5049837506749846,1.27998683253838
6699.660913997734,-0.9625952811826402,1.2795092873277993
6701.042398184774,-0.17680414248265208,1.2651240914136774
6702.423882371814,0.7748311627645137,1.253775656241862
6703.805366558854,1.1066701912760024,1.2521389942489372
6705.186850745895,1.0261781610822496,1.2516850002798308
6706.568334932934,0.9065773989075581,1.2535496539603788
6707.949819119975,0.4559164947045602,1.2613086427589577
6709.331303307014,0.07505152519003389,1.2702739550446533
6710.712787494054,0.14734834838134603,1.273889885988315
6712.094271681095,0.2532938390166173,1.2736884191342506
6713.475755868135,-0.08691827028012256,1.27635534994241
6714.857240055175,-0.7789135669662741,1.2876504101032569
6716.2387242422155,-1.2499189251226568,1.3055683140676007
6717.6202084292545,-2.78539010300166,1.3297583382527447
6719.001692616295,-2.656362201107619,1.331496381760784
6720.383176803335,-2.281514028092335,1.3209747741496587
6721.764660990375,-2.143030930772724,1.3153205636933059
6723.146145177416,-1.5583124298129007,1.3070488693782454
6724.527629364456,-0.6679537135839126,1.2893242756833772
6725.9091135514955,-0.9795439343560943,1.2933900427206948
6727.290597738536,-0.5391466357338217,1.2818770792741212
6728.672081925576,-1.005174258861807,1.2874887339921346
6730.053566112616,-0.8390173866057822,1.2809974945101996
6731.435050299657,-0.6519078402521572,1.2864091744491208
6732.816534486696,-1.1241232706646471,1.2971527753685783
6734.198018673736,-1.5176299950295657,1.302544701850879
6735.579502860776,-1.1289010413848217,1.2970460578163767
6736.960987047816,-0.45159786774229715,1.2859189647382603
6738.342471234857,-0.45259286347520344,1.280533055144842
6739.723955421897,0.18525689337813844,1.2700426969000234
6741.105439608937,0.26911870771799684,1.276709983616137
6742.486923795977,-0.5614553937433122,1.2797903996340656
6743.868407983016,0.001962045478105523,1.2775411124467164
6745.249892170057,-0.3321911805656974,1.2825246497816418
6746.631376357097,-1.0447013585763827,1.2943631058704816
6748.012860544137,-1.3984844223787078,1.3054536665060068
6749.394344731178,-1.5064155421345475,1.3104746416895237
6750.7758289182175,-1.639586560028281,1.3093286829792556
6752.157313105257,-1.5406708594155667,1.3023955064947317
6753.538797292298,-1.325841185768521,1.2955895645608424
6754.920281479337,-0.4462143464029005,1.2879750327256025
6756.301765666378,-0.5251181807426661,1.2796792820556315
6757.683249853419,-0.7921293144590642,1.2830240024316821
6759.064734040458,-0.6941033415005613,1.2835868046050771
6760.446218227498,-0.2717820414846557,1.2787489210515222
6761.827702414538,0.157264778315497,1.2765639989638151
6763.209186601578,0.30181550798995715,1.2736183619232662
6764.590670788619,-0.45381982099743823,1.2867558749868215
6765.972154975659,-0.021847330638220086,1.2748592557480412
6767.3536391626985,-0.3012938507580394,1.2818669129282727
6768.735123349739,-0.3997063087165209,1.282441731183675
6770.116607536778,0.2867193103664043,1.271546878021728
6771.498091723819,0.5259561198619522,1.2666826613233555
6772.879575910859,0.3296659035931313,1.2679838643348988
6774.261060097899,0.7148010201536437,1.2622828025322317
6775.6425442849395,0.9089507872497684,1.2581970793253103
6777.024028471979,1.0411566912903254,1.2556719633860174
6778.405512659019,0.7977749297087513,1.2645895988401252
6779.78699684606,0.16015579583255857,1.2716805301874679
6781.168481033099,-0.2786670211037787,1.2795273056599399
6782.54996522014,-0.7862508108978759,1.2858168832916193
6783.93144940718,-1.3064911021860546,1.2898590582027876
6785.312933594219,-1.5985830506577514,1.2939648814090787
6786.69441778126,-1.6609824319790043,1.3005696568495893
6788.0759019683,-1.8542835233387969,1.3075502747938155
6789.45738615534,-2.095993996841379,1.3059493282886927
6790.838870342381,-1.4204529995283863,1.2963973345846191
6792.220354529421,-1.645433342979139,1.3002057099108821
6793.60183871646,-1.06554175786923,1.2910922227783574
6794.983322903501,-0.48775595274117833,1.2854217633811702
6796.36480709054,-0.7758535641299034,1.2904730263031052
6797.746291277581,-1.4536243534702002,1.2970498002055133
6799.127775464621,-1.2072369052838674,1.2969255270130136
6800.509259651661,0.31082086070303916,1.2740796298564028
6801.890743838701,-0.752068416936563,1.2876312940025652
6803.272228025741,-0.9710214672257393,1.2871346153855983
6804.653712212781,-0.07182421389203952,1.267875162184305
6806.035196399822,0.343023430476066,1.2577867929180016
6807.416680586861,-0.2981135693235082,1.2694925866936804
6808.798164773902,-0.5299670999648427,1.2778488670817414
6810.179648960941,0.6919944506727624,1.2607888739184419
6811.561133147981,0.20069743030691356,1.2659220959134008
6812.942617335022,0.3980558046788083,1.2621788907967146
6814.324101522062,-0.0768638787837439,1.2607835235849618
6815.705585709102,-0.93657233962848,1.2808728519798853
6817.087069896143,-1.1253360980921947,1.285023340864717
6818.468554083182,-0.6008485480779662,1.2785504532502168
6819.850038270222,-0.35752248988430324,1.2770074351341532
6821.231522457263,-0.8056003669709924,1.2822269625994054
6822.613006644302,-0.7370628938081971,1.2836721539614175
6823.994490831343,-0.5727477161279957,1.279929945875071
6825.375975018383,0.07089402742894535,1.2511491219321778
6826.7574592054225,0.8724055390434842,1.22069307822379
6828.138943392463,0.3932048657760241,1.1985458058150822
6829.520427579503,0.31778711653103286,1.1923783779203205
6830.901911766543,0.5871102315678662,1.202409116354068
6832.283395953584,-0.029584175068400498,1.2156042607666004
6833.664880140623,-0.4445419525257783,1.2143281270773472
6835.0463643276635,-0.04635591978857079,1.2092271924148754
6836.427848514703,0.4648945604562087,1.2211470318973636
6837.809332701743,0.5908730406800657,1.2315770565646431
6839.190816888784,0.9739655459680634,1.2387115808407263
6840.572301075824,0.7194184611553496,1.2465062310790138
6841.953785262864,0.30997676832405574,1.2502328380962269
6843.335269449904,0.2601401741771028,1.2523672225199076
6844.716753636944,0.4111855771998485,1.2628603830643543
6846.098237823984,0.13467472466360775,1.267244647462653
6847.479722011025,-0.336604469477507,1.2738917130115597
6848.861206198064,-0.49746071100447864,1.2766242367550018
6850.242690385105,-0.8493922094058171,1.2786432928591096
6851.6241745721445,-0.9683400954244341,1.2830746100300905
6853.005658759184,-0.8088695884159911,1.2829704052121915
6854.387142946225,-0.6245571919414168,1.2788905779860327
6855.768627133265,-0.6678681681692638,1.2806226283981992
6857.150111320305,-0.8240854248865226,1.2822690607047715
6858.531595507346,-1.2059008470300476,1.2866777616212843
6859.913079694385,-0.8822120071778983,1.2690508732789247
6861.294563881425,-0.7519423481029115,1.2286080161413857
6862.676048068465,-0.9502031889326723,1.1827013520536258
6864.057532255505,-1.040470368052322,1.1600609674111586
6865.439016442546,-0.7806804027120826,1.1716420812124237
6866.820500629586,-0.7279065639309827,1.1979637952514728
6868.201984816626,-2.2889189496801237,1.208247893757113
6869.583469003666,-1.9164203265647437,1.1937066701647732
6870.964953190705,-1.6327314112243307,1.1961809779273933
6872.346437377746,-1.3142912783628056,1.2019211480887089
6873.727921564787,-0.5332308832158574,1.2082193280243598
6875.109405751826,-0.11747171811757795,1.2120812316728058
6876.4908899388665,-0.08341696138688448,1.212306902937606
6877.872374125906,0.3096145882187997,1.2145219857121825
6879.253858312946,-0.487574061205855,1.2339134388857547
6880.635342499987,-1.4368628856147723,1.257240539028375
6882.016826687027,-1.3758303881687048,1.2619407229354118
6883.398310874067,-0.7231785035127416,1.2527433860254686
6884.7797950611075,-0.325598352863846,1.1820285339886447
6886.1612792481465,-0.10481643917449901,1.115381658623043
6887.542763435187,0.14830010973990682,1.1312319836850995
6888.924247622227,-0.02447237980469197,1.1942475081592718
6890.305731809267,0.07544030477446384,1.2147412438530132
6891.687215996308,0.19602128001574215,1.2241003916295063
6893.068700183348,-0.030579326729483824,1.2316082816817018
6894.450184370387,0.020530226858284095,1.2335252625911197
6895.831668557428,-0.09980231777568349,1.23395185809237
6897.213152744467,-0.2472242242900542,1.2350170297888254
6898.594636931508,-0.2340360114165101,1.2292455060438259
6899.976121118548,-0.9739655459680634,1.2069343434918691
6901.357605305588,-1.6421767883950515,1.2309442871303207
6902.739089492628,-0.8264716998828234,1.2357758028279715
6904.120573679668,0.2801802070920658,1.2282222766449882
6905.502057866708,0.9128249830023023,1.2171788201514546
6906.883542053749,0.9128601203936988,1.2192930746079849
6908.265026240789,0.331137069463427,1.2306037632727977
6909.646510427829,0.13959580008923922,1.2248132434702386
6911.027994614869,1.155109381522692,1.1870117234652564
6912.409478801908,2.385372279629806,1.1534789867055157
6913.790962988949,0.5032444608470676,1.1853562659259147
6915.172447175989,0.540772375725254,1.2046644832743845
6916.553931363029,0.039447985401089625,1.2215066703385968
6917.93541555007,-0.9656914687818556,1.23797551011745
6919.316899737109,-1.604731815100866,1.239106634143539
6920.698383924149,-1.4990170091545103,1.2136722724969056
6922.07986811119,-1.2945471617730142,1.1764960464628347
6923.461352298229,-0.36846169823116526,1.1597036230961018
6924.84283648527,-0.1351607665702197,1.1784148939284647
6926.22432067231,-0.29390152558526594,1.2005834173283891
6927.6058048593495,-0.41410518641301053,1.208113007186549
6928.98728904639,0.0,1.2029144416270514
6930.36877323343,0.20539855133032958,1.1963127415262065
6931.75025742047,0.5113223846626589,1.189013382218094
6933.131741607511,0.16576636725285,1.192539788658929
6934.513225794551,-0.3655831824609521,1.2002458187302736
6935.8947099815905,-0.13988622157419783,1.1936276380794342
6937.276194168631,0.6687590931670613,1.1728545675694781
6938.65767835567,1.3588276640668546,1.150185592625715
6940.039162542711,1.528928766537149,1.1402273081861738
6941.420646729751,1.2256629231236325,1.1484661361452129
6942.802130916791,1.3155354037684148,1.1574194204439663
6944.1836151038315,2.0314453638071406,1.1573966332777954
6945.565099290871,1.9575040950233351,1.1484684663371612
6946.946583477911,1.7188889179970204,1.1342648117978573
6948.328067664952,1.5863958046120672,1.1206730119575434
6949.709551851991,1.2474880314468635,1.1187858535079542
6951.091036039032,0.8916634553819769,1.1361630344851996
6952.4725202260715,1.7421943590825322,1.1494868140667236
6953.854004413111,0.36036103087468163,1.1673551055256914
6955.235488600152,-0.9323274648861606,1.1909617479043877
6956.616972787192,-0.9763229387958141,1.1985891006763447
6957.998456974232,-0.5216297441682514,1.1930838725426873
6959.379941161273,-0.4797383382232958,1.1901273550978797
6960.7614253483125,-0.7755666881236394,1.1964622639444809
6962.142909535352,0.06841806817733698,1.1879778915174382
6963.524393722393,0.4073110517400309,1.1835958282194476
6964.905877909432,0.3642393648548996,1.1742107992276622
6966.287362096473,0.24450573632045547,1.175488825530953
6967.668846283513,0.05082167373496915,1.1745358403075081
6969.050330470553,-0.13467256509560954,1.1713607924260208
6970.431814657593,0.0,1.1708912327889363
6971.813298844633,0.8481792894931424,1.1632648026311736
6973.194783031673,1.1281785030600133,1.1651690316500767
6974.576267218714,0.568608891688875,1.173162156424762
6975.957751405753,0.3710924351849272,1.1610548219400423
6977.339235592794,0.23143394014468655,1.148754398395092
6978.720719779833,-0.06546659234984276,1.1466409286041406
6980.102203966873,0.10413875615646973,1.1504867752149255
6981.483688153914,1.7793870421598115,1.1513058098580906
6982.865172340954,1.330152157967202,1.1582181117504151
6984.246656527994,0.7747816515337647,1.164083349581197
6985.6281407150345,0.9204890996605108,1.1646453770348817
6987.009624902074,0.9611414476200224,1.1639079858021748
6988.391109089114,0.6205179790277384,1.1221589228214517
6989.772593276155,0.7228792963597286,1.0519149167713702
6991.154077463194,2.2708312868392895,1.059723085075897
6992.535561650235,1.0011017340026633,1.154373739041246
6993.917045837275,1.048772053678185,1.1640830007083254
6995.2985300243145,1.1053989916283413,1.1627826660751068
6996.680014211355,0.79932248099432,1.164344726078157
6998.061498398395,0.6194629449257896,1.1641497517863695
6999.442982585435,1.059785220418366,1.1573501683628633
7000.824466772476,1.8595486641948433,1.1493506625829548
7002.205950959515,1.492274808418891,1.147333565670225
7003.587435146555,1.7387505905183573,1.146052785068126
7004.968919333595,1.8144813617794995,1.1460980732018573
7006.350403520635,1.839776254138794,1.1475934186893018
7007.731887707676,2.0576909960748786,1.1461123594509661
7009.113371894716,2.281416226538905,1.1403254782420793
7010.494856081756,1.9631945913755011,1.1354415961333562
7011.876340268796,2.3531513837459173,1.1293411254443186
7013.257824455835,2.5467463587974954,1.1307486285499915
7014.639308642876,1.8737647796002612,1.1451459818895255
7016.020792829917,1.498021330092417,1.153580883604494
7017.402277016956,2.2269816451947193,1.145900352666134
7018.783761203997,3.4475572839525306,1.1290838116525261
7020.1652453910365,3.2604984289281944,1.123328860353203
7021.546729578076,2.9754212853281565,1.1242201237211737
7022.928213765117,2.8715215381018844,1.1233803763994996
7024.309697952157,2.261356658440558,1.132617783604559
7025.691182139197,1.8679474784929226,1.1326704889102315
7027.072666326238,2.48736320329974,1.1210676954922014
7028.4541505132765,4.009757973468631,1.1096887536485267
7029.835634700317,4.877455936329479,1.1109776070450061
7031.217118887357,3.7573210972439703,1.1229144650339886
7032.598603074397,3.7462196028170283,1.1222699087264936
7033.980087261438,4.222348785728169,1.118183209099647
7035.361571448478,4.510125597083267,1.1149137266708964
7036.7430556355175,4.432327714444387,1.1148921053275007
7038.124539822558,4.350821856845084,1.1156006983103628
7039.506024009597,4.885669557207503,1.106308291931228
7040.887508196638,5.367074076456603,1.1038033048132192
7042.268992383678,5.763819707105476,1.0897194286903682
7043.650476570718,6.179776769654474,1.0938050715187912
7045.0319607577585,6.5399686568099895,1.0878903957294617
7046.413444944798,6.604857491092645,1.076282344735107
7047.794929131838,6.101997283214882,1.0902153232695417
7049.176413318879,4.989803672503356,1.096539789462402
7050.557897505919,5.230296814617638,1.0956544824421495
7051.939381692959,5.08978918300371,1.1023050647614958
7053.3208658799995,2.945771340699878,1.1298727937772042
7054.702350067038,-0.1761417203902269,1.1731425386474994
7056.083834254079,-2.0421658139836154,1.2044905844229226
7057.465318441119,-1.029120124041743,1.190720492359668
7058.846802628159,0.5216863580604283,1.1727824560305842
7060.2282868152,-0.15375276768120116,1.1757148590347755
7061.6097710022395,-1.34313710629646,1.1912898864707995
7062.991255189279,-1.6802407866782296,1.1992626083643567
7064.37273937632,-1.176614320876947,1.1954697201051612
7065.754223563359,-0.654157281426329,1.1873625994720036
7067.1357077504,-0.5990567265066922,1.1819173477910387
7068.51719193744,0.9439142505590432,1.1659901786502602
7069.89867612448,1.0474616733084758,1.159914198714063
7071.28016031152,0.634421116163626,1.1587448339723516
7072.66164449856,0.834913361720325,1.156188266104616
7074.0431286856,1.689951054403135,1.1523842361978613
7075.424612872641,2.382452199049453,1.1529802770344175
7076.806097059681,1.6611717602679796,1.1599470352645702
7078.187581246721,1.72410923951945,1.159196294743718
7079.569065433761,2.308806161422428,1.1536726844914484
7080.9505496208,2.411989129636151,1.1522962766101015
7082.332033807841,1.9204758657695642,1.158261746642841
7083.713517994881,1.1966444976637263,1.1672218526441283
7085.095002181921,0.907107254206931,1.1702812790998554
7086.476486368962,0.6118578843283906,1.1837006681116589
7087.857970556001,-1.8566730180280224,1.2143479179089725
7089.239454743041,-3.105328340566693,1.2345980758668513
7090.620938930082,-2.792711331938456,1.238115723641519
7092.002423117121,-1.776537978781981,1.22973959145959
7093.383907304162,-1.3563581486946,1.2211137888804713
7094.765391491202,-1.7208274179643368,1.2259831033854671
7096.1468756782415,-1.906166197978937,1.2296785800064722
7097.528359865282,-1.6845710371994649,1.2282466968836496
7098.909844052322,-1.6720059396070859,1.225501575333883
7100.291328239362,-1.7116030540208662,1.223826605638427
7101.672812426403,-1.500373318655999,1.221611684732199
7103.054296613443,-1.0766193616391107,1.2137350118721149
7104.4357808004825,-0.5269354964096244,1.2115358360059896
7105.817264987523,-0.05508992439079918,1.2086448148549647
7107.198749174562,-0.02197969285330359,1.2084869508082883
7108.580233361603,-0.3791031033418122,1.2123375496565783
7109.961717548643,-0.455425811058646,1.2131641797858306
7111.343201735683,0.5179227235335446,1.2028340455698348
7112.724685922723,1.1303776030069024,1.196889938884223
7114.106170109763,0.8102776838707797,1.1990747861930207
7115.487654296803,0.5637851273432943,1.2005763821183737
7116.869138483844,0.634167508565838,1.198241865995219
7118.250622670883,1.0207299595740835,1.191873487739062
7119.632106857924,1.565092054256354,1.1852001320387282
7121.0135910449635,2.019901803241453,1.1862186573730988
7122.395075232003,1.351259945170085,1.192180768974542
7123.776559419044,-0.14699067471705618,1.2168016118124887
7125.158043606084,-1.83713822010343,1.2415784323125503
7126.539527793124,-3.2854309467764864,1.264359302265645
7127.921011980165,-4.0695276173446295,1.2803544486062424
7129.302496167204,-3.874774704959858,1.2783548553705264
7130.683980354244,-3.560655854339366,1.2747037429407542
7132.065464541285,-3.087307393161659,1.2652157962008599
7133.446948728324,-3.0110724631063945,1.1896062886750745
7134.828432915365,-3.4246583673292257,1.1511903039755393
7136.209917102405,-3.7356661802331494,1.1973288198790994
7137.591401289445,-3.429138219146001,1.2832471090281714
7138.972885476485,-4.309982241046082,1.30209325850739
7140.354369663525,-3.713548868375277,1.2752882278285267
7141.735853850565,-3.1105486944827163,1.2615240869562079
7143.117338037606,-2.737756733302607,1.250118001868192
7144.498822224645,-2.6139691630388526,1.2471957954972341
7145.8803064116855,-2.9661535526024316,1.2645707814565592
7147.261790598725,-4.720945061739794,1.2960987123522003
7148.643274785765,-3.617862070882204,1.275611696133754
7150.024758972806,-3.1245064534241216,1.268934094088891
7151.406243159846,-2.7873930660808846,1.2658667613930676
7152.787727346886,-2.193390781878623,1.2594899242499
7154.1692115339265,-1.3600718270393592,1.2487546241437057
7155.550695720965,-0.9809873697709044,1.2398997546291086
7156.932179908006,-2.059554194028699,1.2464843282078808
7158.313664095046,-2.42345259612566,1.2465619000295782
7159.695148282086,-2.445030421017215,1.252165648336478
7161.076632469127,-2.1223066663351275,1.2479966413272665
7162.458116656167,-1.640913768422081,1.2346839034610806
7163.839600843206,-1.5290610741189212,1.239138782390465
7165.221085030247,-2.061066716575965,1.233020789377596
7166.602569217287,-1.496243190223705,1.2244647910166517
7167.984053404327,-1.4352430144048682,1.2188159207174087
7169.365537591368,-1.5812784165706368,1.21527361114071
7170.747021778407,-1.6209288973264613,1.214180346469691
7172.128505965447,-1.6819592405881068,1.207720385110406
7173.509990152487,-1.9668533571198523,1.1101187276106181
7174.891474339527,-2.0161800369810052,1.1024868291283454
7176.272958526568,-1.5389808531641336,1.1617089215365166
7177.654442713608,-1.5700261816410723,1.2113271027343548
7179.035926900648,-1.9394443786921833,1.222026218784071
7180.417411087688,-1.5450792278672978,1.2177496904251686
7181.798895274727,-1.3327851749093895,1.2127709193769647
7183.180379461768,-1.4354265415519087,1.20188692130588
7184.561863648808,-1.2765604939408917,1.1927179098153649
7185.943347835848,-0.7370529669968384,1.1829468744690719
7187.324832022889,-0.1251576447092333,1.1762546770015732
7188.706316209928,0.0,1.1799110243637507
7190.087800396968,-0.20679515594252607,1.1923727289687065
7191.469284584009,-1.042082903887028,1.1982744873467777
7192.850768771049,-1.0060221470051687,1.1919774252617354
7194.232252958089,-0.08069065857327828,1.1822494177384306
7195.61373714513,0.09110944628416817,1.1862920631821439
7196.9952213321685,-1.9443412336982533,1.2126527196719208
7198.376705519209,-2.3410336620792442,1.2158916283142638
7199.758189706249,-1.2603013571197188,1.1949965167270953
7201.139673893289,-1.1074172218505005,1.194083791440684
7202.52115808033,-1.698657814400324,1.200621009365235
7203.90264226737,-2.1571531986049948,1.206552510306557
7205.2841264544095,-1.6962591389018868,1.2104215856716942
7206.66561064145,-1.166808497738618,1.2049610314036514
7208.047094828489,-1.6471993399497968,1.2181117809277935
7209.42857901553,-2.4422815260260293,1.237865687324686
7210.81006320257,-2.5359834217358603,1.245872898290808
7212.19154738961,-1.8569644805575223,1.2406834136291134
7213.5730315766505,-1.245137899729773,1.2335423235605218
7214.95451576369,-1.477367251029417,1.2279792960487252
7216.33599995073,-0.6182751876158434,1.2177338496431311
7217.717484137771,-0.8706980221750555,1.2168054371242156
7219.098968324811,-1.1728441893354606,1.2173210180688565
7220.480452511851,-1.1581870642794883,1.2147104271242721
7221.861936698891,-1.0570395896193396,1.209774661436378
7223.24342088593,-1.2167955002956958,1.2031268711796723
7224.624905072971,-0.527349366760756,1.190001691305178
7226.006389260011,0.4918868084989718,1.1816280047974288
7227.387873447051,0.0,1.1878618173458209
7228.769357634092,-1.4134646904850463,1.2001829402714987
7230.1508418211315,-1.2866165078218295,1.1941703331211506
7231.532326008171,0.27230513489081787,1.1553813133299706
7232.913810195212,0.8861453320361896,1.1384482964592484
7234.295294382251,0.22405446865801437,1.1411240065373935
7235.676778569292,-0.47527163563073316,1.1428886426270695
7237.058262756332,-0.4493045346871227,1.124276039387973
7238.439746943372,-0.03337268812395067,1.0770728022760456
7239.821231130412,-0.18152767690870064,1.0347683303514126
7241.202715317452,-0.367842163139116,1.0270999153205214
7242.584199504492,-0.6169463138216678,1.0271896733107375
7243.965683691533,-1.1957067694483747,1.0297648141288178
7245.347167878572,-0.9153683387478395,1.0387238100605714
7246.728652065613,0.3949286122677087,1.0625191911287029
7248.110136252653,2.2907274361797185,1.0868261024562542
7249.491620439692,1.559918722181024,1.1091736925493783
7250.873104626733,0.20794374254747083,1.1178674132933821
7252.254588813773,-0.511910861631776,1.1157515093963624
7253.636073000813,-0.27405581691400727,1.1114931253284308
7255.0175571878535,0.13667640243279422,1.1127861774463088
7256.399041374893,0.32498994705598605,1.1262599705102236
7257.780525561933,-0.6137706851309765,1.1412546298348842
7259.162009748974,-0.6258540207687311,1.1427870011293708
7260.543493936013,0.09237273571686799,1.1303151570940855
7261.924978123054,0.9960005321878214,1.1133730223628842
7263.306462310094,0.8788810540564569,1.1053638464866298
7264.687946497133,0.24819105853597634,1.1097375809926207
7266.069430684174,0.06054322383003097,1.1125150597493585
7267.450914871214,0.0,1.1156094046917393
7268.832399058254,-0.5826685094586033,1.1225147893386356
7270.213883245295,-1.3858400320516324,1.1331128705037228
7271.595367432334,-0.9668964931535129,1.1190516575112246
7272.976851619374,0.0,1.0721296958043376
7274.358335806414,0.0,1.0091848332049855
7275.739819993454,-0.6135330450759398,0.972112917464143
7277.121304180495,-0.7551484588230117,0.9853229471607066
7278.502788367535,1.137741956821138,1.0358972950939958
7279.884272554575,0.13478960832529197,1.0779103658514797
7281.265756741615,-0.10944004272769092,1.084567959474851
7282.647240928655,0.22507595423315507,1.0691150560843048
7284.028725115695,0.478681316704332,1.0531930276408012
7285.410209302736,0.38803237692528114,1.0537916932619185
7286.791693489775,1.8047449026792037,1.0656312287995813
7288.173177676816,-0.32966548089039804,1.084672594168365
7289.5546618638555,0.2903964018851255,1.088698124319881
7290.936146050895,1.2288272351166007,1.0824440195412517
7292.317630237936,1.0994770224796788,1.0799314835132172
7293.699114424976,-0.3856377901950445,1.09392644422662
7295.080598612016,-0.38803237692528114,1.0927889657775696
7296.462082799057,0.33698141258561876,1.0214047444263297
7297.8435669860955,-0.22331743789175462,0.9968739080290001
7299.225051173136,-0.5895195171836072,1.025954653511724
7300.606535360176,0.0,1.072210439592694
7301.988019547216,-0.3286914236875589,1.0726175044464437
7303.369503734257,-0.9200400496091206,1.065493355494995
7304.750987921297,0.02027637006460381,1.0662228027495766
7306.1324721083365,0.6723147518115269,1.07543902338541
7307.513956295377,0.4631717693569648,1.0877500519024093
7308.895440482417,-0.38523959757871395,1.0944574484720762
7310.276924669457,0.02521973286791024,1.0847443670773906
7311.658408856498,0.33332211790032673,1.0807613728620737
7313.039893043537,-0.03793209921186502,1.0660904400320068
7314.4213772305775,-0.5239876444358309,1.031809442359147
7315.802861417617,-0.5526024397155354,0.9901927365575551
7317.184345604657,0.053403003673228255,0.9744271982411062
7318.565829791698,0.9005783455878209,1.015230459577623
7319.947313978738,0.7657631810965846,1.0580210222416224
7321.328798165778,0.7795550430623592,1.081186854742159
7322.7102823528185,0.7602327949001548,1.0909241701390586
7324.091766539857,0.0,1.1002136160598406
7325.473250726898,-2.0208375663775726,1.11169475337576
7326.854734913938,-1.5768947879418995,1.0928775463907898
7328.236219100978,-0.8383336257768192,1.062672286072579
7329.617703288019,-0.2872272324639731,1.047555223294973
7330.9991874750585,-0.08509645695156465,1.0575947281703808
7332.380671662098,-0.2150885934812159,1.0834258176523106
7333.762155849139,0.07369179926018177,1.0886829952018826
7335.143640036179,0.627199421652552,1.0848362452226459
7336.525124223219,0.7603351813292889,1.0743137005413423
7337.90660841026,0.6364162570814038,1.046700099588519
7339.288092597299,0.48949508262542807,0.9959940822128034
7340.669576784339,0.580066459494816,0.9381000230079213
7342.051060971379,0.5607900031552013,0.971415944482272
7343.432545158419,0.12887585962647918,1.0344789500623655
7344.81402934546,-0.5084017891901631,1.079123601702155
7346.1955135325,-0.5765302181397054,1.08893582455583
7347.57699771954,0.7235312738473851,1.080984705826621
7348.95848190658,0.46777236448570747,1.0817965373140828
7350.339966093619,0.62244266521013,1.0774494110138182
7351.72145028066,0.8052254695471,1.0753270553798355
7353.1029344677,0.9854535405351754,1.076620465032453
7354.48441865474,0.513735069086966,1.079114378051974
7355.865902841781,-0.5865720690273477,1.0769533022452942
7357.24738702882,-0.7965141779983931,1.061089099607508
7358.62887121586,-0.5712619136172314,1.0531014000591883
7360.010355402901,-0.36026264316208767,1.0596288777203178
7361.39183958994,-0.5607900031552013,1.078432293748947
7362.773323776981,-1.4715180731595652,1.0979733177062583
7364.1548079640215,-1.4892975926525658,1.0953630798197906
7365.5362921510605,-0.2542045978153631,1.0762146142997016
7366.917776338101,-0.16010614610976504,1.0438998208040695
7368.299260525141,-0.7533305539169177,1.00805698448125
7369.680744712181,-0.3641457161718087,0.9848941235019453
7371.062228899222,0.20148773045162827,1.0131870554196873
7372.443713086262,0.9070326374800466,1.0430937106925136
7373.8251972733015,1.1757090856878598,1.0622222830353676
7375.206681460342,0.7568222941422249,1.0703660351317124
7376.588165647381,0.4331451690964947,1.0697357184798053
7377.969649834422,2.015857719119662,1.061385221700828
7379.351134021462,1.2650552880498154,1.0631873775624885
7380.732618208502,0.5340235650565575,1.069186205051319
7382.114102395542,0.16472539644832906,1.0742783647971867
7383.495586582582,0.27535086635689154,1.0762095711058646
7384.877070769622,0.37440684755368636,1.0759058329842963
7386.258554956663,-0.01545880004937672,1.0784473578395706
7387.640039143702,-0.19653535670151,1.0772925316459494
7389.021523330743,-0.08669654175519881,1.0698222887266828
7390.4030075177825,0.04677785136449231,1.059722478283005
7391.784491704822,-0.26900033157358294,1.0536608945517403
7393.165975891863,-0.18524356337622905,1.0591422255776286
7394.547460078903,-0.2609459739215012,1.0729744264616705
7395.928944265943,-0.5305115496305497,1.0789303113371176
7397.310428452984,0.004564760473407148,1.073198680646248
7398.6919126400235,0.9957683365379424,1.059095603126455
7400.073396827063,-1.669045490941187,1.0502762277927227
7401.454881014104,-0.535058252171023,1.036986668152235
7402.836365201143,0.4110198194749586,1.0396532332576631
7404.217849388184,0.439092427596254,1.0522983458360409
7405.599333575224,-0.04662804414472177,1.0648972552301106
7406.9808177622635,0.5469554467371189,1.0658033350882299
7408.362301949304,0.4011818383428398,1.068371055815726
7409.743786136344,0.4852696381983428,1.0699279299193791
7411.125270323384,0.272312333515508,1.071674652969147
7412.506754510425,0.1457582865855187,1.0705168023172391
7413.888238697464,0.8431207067613329,1.0622810963343619
7415.2697228845045,1.6914986869401858,1.057529760238385
7416.651207071544,0.7606162220095598,1.0678843925405475
7418.032691258584,-0.4793459586290645,1.0804742109843521
7419.414175445625,-1.3105151546100302,1.088948387964336
7420.795659632665,-1.3878961371227199,1.0901468328320985
7422.177143819705,-0.9615337176453878,1.085162026424904
7423.5586280067455,-0.7217396082032721,1.0849123272405246
7424.940112193785,-0.6442192754246321,1.0826666212026494
7426.321596380825,-0.46093743039826407,1.0773182434984847
7427.703080567866,0.0,1.0687842673647459
7429.084564754905,0.7029849522330593,1.056850809625048
7430.466048941946,0.25483987564926736,1.0604380624118943
7431.847533128986,0.6793069251343766,1.0613660415029114
7433.229017316025,1.035383799241643,1.0622305749349414
7434.610501503066,0.7648365352924955,1.0634715690305832
7435.991985690106,0.08678596296292085,1.0601788497920337
7437.373469877146,0.5541363275447466,1.0471106180329945
7438.754954064187,0.2526194309226355,1.049043452479632
7440.136438251226,0.03310970644415079,1.0574756243812036
7441.517922438266,0.08719175897484632,1.0667848587534985
7442.899406625306,-0.10358261573219352,1.0746740267140724
7444.280890812346,-0.23529890724754665,1.075290304850527
7445.662374999387,-0.25483987564926736,1.0803283086661777
7447.043859186427,-0.3642873904895332,1.0816917708796419
7448.425343373467,-0.5427964829437997,1.0792196315106104
7449.806827560507,-0.48063076627546764,1.0768446371634448
7451.188311747547,0.6385851958512205,1.067241603158693
7452.569795934587,0.1257694794186719,1.075091700977706
7453.951280121628,-0.1806965749519165,1.0759411301383652
7455.332764308667,0.16484070392005634,1.0698017769054147
7456.714248495708,0.6711296499539046,1.0665878867620264
7458.095732682747,-0.22414183540082178,1.0739480353549318
7459.477216869787,0.17800019105354892,1.0701922605217127
7460.858701056828,-0.93157096198658,1.0794861377106022
7462.240185243868,-2.0594841881351336,1.0897517148032712
7463.621669430908,-1.1027977723056281,1.0830290519407082
7465.003153617949,-0.25288152293984467,1.0646104067496824
7466.3846378049875,-0.2027336729532081,1.0701789388978844
7467.766121992028,0.251419432320489,1.0643813435426608
7469.147606179068,0.4552430917412096,1.0586186537514222
7470.529090366108,-0.08388416735440529,1.0635165482771365
7471.910574553149,0.22625022467948952,1.0488941819182338
7473.292058740189,-0.6864874699509684,1.0679014852368771
7474.6735429272285,-0.9453013495458187,1.0707674269691327
7476.055027114269,-0.3004041565167057,1.065339978602988
7477.436511301308,0.8349299314724306,1.0615274153825094
7478.817995488349,1.0448920292412893,1.0466058573404924
7480.19947967539,0.6952759103704764,1.050144896882871
7481.580963862429,-0.16576586597022214,1.0554440497819344
7482.9624480494695,-0.5492397676962497,1.0582121888264977
7484.343932236509,0.13410841318453492,1.0570492552730102
7485.725416423549,1.2102884638700289,1.0538121802583533
7487.10690061059,1.3827821334977841,1.059925962890757
7488.48838479763,0.927176061570421,1.0671642185275918
7489.86986898467,0.41968160929924636,1.0720878262895823
7491.25135317171,0.32022775782151314,1.072393855380638
7492.632837358749,0.6480069133606108,1.0667702514265818
7494.01432154579,0.2875020875179217,1.0692254720560408
7495.39580573283,0.30913276347329344,1.0702361620666634
7496.77728991987,0.6446774375968474,1.0699649121276065
7498.158774106911,0.9216782338200318,1.0698558465048933
7499.5402582939505,0.46556250187087045,1.0723683869197453
7500.92174248099,0.8698740450381734,1.067605003692134
7502.303226668031,1.2392044831725428,1.0624814446850739
7503.68471085507,1.0265912299757147,1.0618903856917221
7505.066195042111,0.2867644885121834,1.0670397548779744
7506.447679229152,0.4161719585858705,1.071628831269132
7507.829163416191,1.006729480604335,1.06807605315253
7509.210647603231,0.7014941938277701,1.0700595264666162
7510.592131790271,0.12369931515269172,1.073948936292383
7511.973615977311,-0.11624188601336272,1.0758414842631048
7513.355100164352,0.17094029770993302,1.0746902018194322
7514.736584351392,0.9416276557032575,1.066713677820643
7516.1180685384315,1.4926188684079094,1.0607314554654512
7517.499552725472,1.49926815756168,1.0606460062890934
7518.881036912511,0.9167464904641278,1.0647190310750563
7520.262521099552,0.26455764424500217,1.0571131807784901
7521.644005286592,1.086006548615245,1.0255323614315073
7523.025489473632,0.809790566450495,1.0105100505890279
7524.4069736606725,0.28947490385762364,1.0165963615412172
7525.788457847712,0.324339194434792,1.0386340160180578
7527.169942034752,0.14832757405640962,1.0566973522404832
7528.551426221793,0.06990368982103234,1.0605409945477058
7529.932910408832,0.549154728082371,1.0604560953291573
7531.314394595873,0.6395385915438396,1.0631326288717022
7532.695878782913,-0.15110887653692373,1.071295982301673
7534.077362969952,0.6277824646751142,1.073153382512041
7535.458847156993,0.5379826040970102,1.0724304453799918
7536.840331344033,0.6201731865567197,1.0690346599340739
7538.221815531073,1.0004883562430962,1.0642533388066244
7539.603299718114,1.5159319297413774,1.0599344021606882
7540.984783905154,1.4102140037766304,1.0590110150788854
7542.366268092193,2.1928714208115707,1.0583233968397618
7543.747752279234,1.2725734891035074,1.0672212331181405
7545.129236466273,-0.00599531178195889,1.07583959003345
7546.510720653314,0.4872432911307314,1.0711111861122662
7547.892204840354,0.9220488638947657,1.0698684382627184
7549.273689027394,1.0794202804097992,1.0656508785492798
7550.655173214434,1.6920925022871884,1.0614843229275293
7552.036657401474,1.8707803465240502,1.0624852092780557
7553.418141588514,0.221679225054082,1.0733096021252744
7554.799625775555,0.9103548047904084,1.0659501127045952
7556.181109962594,0.2925670764313324,1.0648580184090806
7557.562594149635,0.42568541309247365,1.059130537522909
7558.9440783366745,1.6616964051577554,1.0494820489479635
7560.325562523714,3.1982798002072528,1.0450271424355773
7561.707046710755,1.3646206667916303,1.0618148877403841
7563.088530897795,0.6095415871734815,1.0702134861846468
7564.470015084835,0.06670611735528098,1.0764766138354946
7565.851499271876,-0.23107213053589248,1.0783059095221792
7567.232983458915,0.8475874852125784,1.0620178851139848
7568.614467645955,1.614754481830012,1.0421084664610485
7569.995951832996,1.3061100972913735,1.0280120273264093
7571.377436020035,0.6952898870137645,1.0251287377991796
7572.758920207076,0.6874107629720214,1.0316215406938574
7574.140404394116,2.648936899164127,1.03025171413291
7575.5218885811555,1.915838209977757,1.0520417213574387
7576.903372768196,0.9720200005523907,1.0681700700972203
7578.284856955236,0.40319442652601367,1.0756877309378658
7579.666341142276,0.4307328108869939,1.0745901813493557
7581.047825329317,1.083121212495513,1.0621232620670638
7582.429309516356,1.5705790819108927,1.0563325020407133
7583.8107937033965,0.9092489837897375,1.0568149063762184
7585.192277890436,0.3313652996899066,1.0580837931379639
7586.573762077476,1.0470862756220072,1.0547935850216468
7587.955246264517,-0.04107230785136551,1.062010658455756
7589.336730451557,-1.5333412435379046,1.090365745950741
7590.718214638597,-2.1531211418803267,1.09823533139369
7592.0996988256375,-1.6171596172791602,1.0766232044268875
7593.481183012677,-0.2585085496556765,1.0344834645475625
7594.862667199717,-0.5297195085578004,0.987753314327906
7596.244151386758,-0.3948345603403034,0.9380629525546509
7597.625635573797,-0.3597554351910084,0.8931102178823118
7599.007119760838,-0.5697009993904913,0.8586662464523361
7600.3886039478775,0.11808757128652658,0.8399683277923006
7601.770088134917,0.7821192866770552,0.8291205694354742
7603.151572321958,-0.01358515297245333,0.8284238718302457
7604.533056508998,-1.2555845169615303,0.8349255753666803
7605.914540696038,-1.6996326507750759,0.8446942106539086
7607.296024883079,-0.7577086449059998,0.8517204899358175
7608.677509070118,-0.10353834696386599,0.8695342450126433
7610.058993257158,-0.7973214267772732,0.8993705482795463
7611.440477444198,-1.7936455243006755,0.9300802840178743
7612.821961631238,-1.5099309182671234,0.9488799610803901
7614.203445818279,1.8944598500699357,0.9619550128534119
7615.584930005319,1.1138472804140633,0.9908337573006937
7616.966414192359,0.17771886974637496,1.0190225560999906
7618.347898379399,0.41609301284843525,1.0351791853079793
7619.729382566438,1.7351602487882118,1.0289167202499556
7621.110866753479,1.274696383361288,1.0039596109237325
7622.49235094052,0.502316118329329,0.987157758870864
7623.873835127559,0.5260936060797761,0.973509625252723
7625.2553193146,1.3118435603871887,0.9609088236890433
7626.636803501639,0.6972586425481282,0.9531593451474056
7628.018287688679,-0.7266785445482569,0.9457492099933426
7629.39977187572,-1.7077464570533252,0.9531061623319462
7630.78125606276,-1.5661491893600505,0.9677225028417527
7632.1627402498,-0.04978428587439154,0.9793933414777681
7633.5442244368405,0.7753473401988451,0.9804044774521197
7634.9257086238795,-0.28636079956997307,0.9937404608963406
7636.30719281092,0.250031802196375,0.9950045491203532
7637.68867699796,1.0069468473752146,0.9954323773888012
7639.070161185,-1.7728217689269776,1.0246677693444102
7640.451645372041,-0.8584463465086394,1.0229378480793085
7641.833129559081,0.0054138429344305905,1.0203909652339649
7643.21461374612,0.1307547381147991,1.0243387158885866
7644.596097933161,-0.3100914113196147,1.0330578561880446
7645.9775821202,0.46662274258093106,1.0272660277039494
7647.359066307241,1.165867215513849,1.02662586209898
7648.740550494281,0.7695728476183312,1.0367389786906818
7650.122034681321,0.32316277353139355,1.044081990979827
7651.503518868361,0.7676327449940246,1.0371717619253777
7652.885003055401,0.22252749209304667,1.0422427857186727
7654.266487242441,-0.3023900166052087,1.0529043908946585
7655.647971429482,0.49004106904579103,1.0528791226973726
7657.029455616522,1.859182348407323,1.0452325475809543
7658.410939803562,1.4341086964030758,1.045801635093052
7659.792423990602,0.4788510732531499,1.0581570904566695
7661.173908177641,0.6272907620175516,1.049459223951068
7662.555392364682,-0.15527663758497212,1.0587430521335643
7663.936876551722,-3.032697412882694,1.104509127258179
7665.318360738762,-6.715928607918734,1.153387681164314
7666.699844925803,-5.478590925598006,1.1512486133112148
7668.0813291128425,-2.8831737294496733,1.1330763721087427
7669.462813299882,-1.4425401616414,1.120909164430189
7670.844297486923,-3.34926423150106,1.1340818091222469
7672.225781673962,-3.201699198362416,1.1427795457157912
7673.607265861003,-2.601941544974167,1.1366903382117755
7674.988750048043,-2.0831611016679012,1.1272624729659133
7676.3702342350825,-1.6075453707393699,1.119260637713922
7677.751718422123,-0.517057504847461,1.111265773525387
7679.133202609163,-0.3311986787801757,1.1087058968725334
7680.514686796203,-0.7975180679186558,1.1120792215464657
7681.896170983244,-1.3935722639502863,1.1183066986413308
7683.277655170284,-1.5883681900009279,1.1231648720865723
7684.6591393573235,-1.10474289849952,1.1164632430749313
7686.040623544364,-0.5411382703456482,1.108775251897818
7687.422107731403,-0.276042978667455,1.1034278172390657
7688.803591918444,-0.4074824085595452,1.102082719157942
7690.185076105484,-0.8670544503604134,1.1058934989340357
7691.566560292524,-0.013137857671278397,1.1003075870528902
7692.9480444795645,0.26765663519243077,1.0989300584298882
7694.329528666604,0.12952063012219028,1.1011707606422516
7695.711012853644,-0.3133696519437059,1.1062743019519852
7697.092497040685,-1.7744594092047876,1.11708892324456
7698.473981227724,-4.122855361353011,1.142220032791715
7699.855465414765,-4.405878277999474,1.1501804519821666
7701.236949601805,-2.8574429832593182,1.1406686565291582
7702.618433788844,-1.4246924492748114,1.1293604083635116
7703.999917975885,-0.8820545490268756,1.1244468427819692
7705.381402162925,-0.7996038277250399,1.1215050692404935
7706.762886349965,-0.911192384009432,1.1202919603075796
7708.144370537006,-0.8668387296174274,1.115373982408992
7709.5258547240455,-0.4874261425006594,1.0751426690962445
7710.907338911085,-1.3061701752565433,1.0278234181890138
7712.288823098126,-1.9622738888808158,1.0014434960490854
7713.670307285165,-1.9068537236085703,0.997090894910628
7715.051791472206,-0.7721997073889391,1.003964102660464
7716.433275659246,-0.5291472748479542,0.974777252659215
7717.814759846286,-0.7355339552658435,0.9993249845150782
7719.196244033326,-0.755867535024219,1.0483667552940519
7720.577728220366,-0.4957334392157229,1.0936569583414626
7721.959212407406,-1.388310646841255,1.1032576966953251
7723.340696594447,-0.5617791185720051,1.0874703230340803
7724.722180781486,-0.04298059943051058,1.0751198606743464
7726.103664968527,-0.08391969599242088,1.0753173654967685
7727.485149155566,-0.18765940414983717,1.0915457170517884
7728.866633342606,0.26728710924843924,1.0995811259962491
7730.248117529647,0.4390951127190377,1.103916792422581
7731.629601716687,0.3827180774434389,1.1048672210421002
7733.011085903727,0.22052645140680482,1.1025143880003587
7734.392570090768,0.3853007108605375,1.0953398807459171
7735.7740542778065,1.3234019966801682,1.0862459996693954
7737.155538464847,1.4644915885598557,1.0891079052692372
7738.537022651888,0.6749644692483621,1.1009096046265572
7739.918506838927,-0.3645575983290392,1.1064878438440096
7741.299991025968,0.6660086082682817,1.1027440441686078
7742.681475213008,0.4008572235093837,1.1061881128362294
7744.0629594000475,-0.1616753601372274,1.1092395925362035
7745.444443587088,0.01569282319540477,1.1028891707364494
7746.825927774128,0.4889302232051769,1.0725949747468748
7748.207411961168,-0.719678258732035,1.0136811963465513
7749.588896148209,-2.3824992999821397,0.9627460878639623
7750.970380335248,-3.419353295273126,0.9452789519233958
7752.351864522288,-2.032538563690654,0.9960189196101876
7753.733348709328,-1.3418309742072978,1.0744263573353356
7755.114832896368,-1.3838221914084414,1.1120999075756766
7756.496317083409,-1.4199547520102023,1.1046452047721484
7757.877801270449,-0.7235683271908471,1.0599763002427371
7759.259285457489,-0.6154044729919477,1.0424058779884717
7760.640769644529,-0.9052251818799562,1.060665970244995
7762.022253831568,-1.039735253590539,1.0895387178940548
7763.403738018609,-0.9879857238592784,1.1141736882562219
7764.785222205649,-1.9314979126988234,1.1276838202464465
7766.166706392689,-1.1441241561594069,1.1182176861310624
7767.54819057973,-0.4364653416377742,1.1110585211822046
7768.9296747667695,-0.0658089837015936,1.1059040992137044
7770.311158953809,0.1219156931890879,1.0938828982406457
7771.69264314085,0.30891869081563783,1.080953487973554
7773.07412732789,0.12071798834118752,1.0791764868792875
7774.45561151493,-0.16715904163812212,1.0857554535342266
7775.837095701971,-0.3010285469084124,1.0961757254515092
7777.21857988901,-0.0847760499573802,1.0949962974768073
7778.60006407605,-0.7446886863924931,1.0829347395868
7779.98154826309,-1.2747533240706836,1.077193307551398
7781.36303245013,-1.2360443556526732,1.0826809104825073
7782.744516637171,-0.5026202802756181,1.0962174119889971
7784.126000824211,-0.4512454634354839,1.1072621923987265
7785.5074850112505,-0.6536322662276319,1.1122709791039982
7786.888969198291,-0.9527751071586437,1.113230517348364
7788.27045338533,-1.0527626861177914,1.113281852607477
7789.651937572371,-0.6591889506408357,1.0948345794221641
7791.033421759411,-0.301275722088608,1.0606904275570277
7792.414905946451,-0.11754382174527933,1.0197747258566947
7793.7963901334915,-0.1365621329089457,0.985961194129723
7795.177874320531,-0.11465957606921151,1.0113685290886592
7796.559358507571,-0.07836863031795716,1.0600588923386154
7797.940842694612,-0.23188557462608017,1.0951351744323854
7799.322326881652,-0.6593634654565008,1.1121624961063024
7800.703811068692,-1.4365208788174044,1.1275831081590877
7802.0852952557325,-0.8592671179080824,1.1124693442967515
7803.466779442771,0.35175529135574024,1.0964768974758314
7804.848263629812,1.4599645226350155,1.076772323764448
7806.229747816852,1.6731855591456615,1.046738338699845
7807.611232003892,1.514158804270604,1.0306682007845227
7808.992716190933,0.9202735318293414,1.0417356777420037
7810.374200377973,0.5400594226848447,1.0632686003169973
7811.755684565012,0.6762236337294176,1.082286328607577
7813.137168752053,0.8348238112005468,1.0857034419007383
7814.518652939092,0.7375128020588235,1.0845668083349798
7815.900137126133,0.781051424900042,1.074820360995622
7817.281621313173,1.0566523963979506,1.0530913519404546
7818.663105500213,1.5217907712413385,1.0132112996582876
7820.044589687253,1.0691234700384875,0.9725774967176085
7821.426073874293,-0.014553406447308959,0.959536017004431
7822.807558061333,-1.0149967307771703,0.9804671689903374
7824.189042248374,-0.9425784494888454,1.038230143215529
7825.570526435414,-0.23263574942644283,1.0765780143356014
7826.952010622454,-0.5335110613119625,1.0961709773481398
7828.333494809494,-0.9111520187945956,1.1023099515885948
7829.714978996533,-0.6862371382969599,1.1004450406173896
7831.096463183574,-0.4099668863620316,1.0988079117483838
7832.477947370614,-0.3317498007176276,1.0989590715333926
7833.859431557654,-0.294975332387132,1.0594312202587288
7835.240915744695,-0.19327836830407108,0.9877245105394924
7836.622399931734,0.06558567621116396,0.9904407844573228
7838.003884118774,0.11454049073352834,1.0368841875963568
7839.385368305815,-0.16991269340369541,1.0501115691843488
7840.766852492854,-0.6140118113039215,1.0398553810176236
7842.148336679895,-0.7962804395117971,1.0621448323456977
7843.529820866935,-0.807708025101757,1.0811189830927677
7844.9113050539745,-0.9076725871288005,1.0961670786059587
7846.292789241015,-0.8973466400189984,1.0980698638438589
7847.674273428055,-0.5120263535042255,1.0765831218125406
7849.055757615095,0.6312947764216226,1.0585157000861554
7850.437241802136,0.5244912190342994,1.0184844535078066
7851.818725989175,-0.5652983216737937,0.9697201420423239
7853.2002101762155,-2.0782522964720727,0.928210772563036
7854.581694363256,-0.8430306168856525,0.9551716201388032
7855.963178550295,0.28112022226560995,1.0090877958238382
7857.344662737336,0.7815704906108856,1.0384980428792154
7858.726146924376,0.6686124206417325,1.0312005022894242
7860.107631111416,0.9501398303628434,1.024928869730722
7861.489115298456,0.19427868245596258,1.0381064164141038
7862.870599485496,-0.22369765614214643,1.050615323367368
7864.252083672536,-0.17098377407863552,1.0581116931815573
7865.633567859577,-0.022400957559977286,1.060805747208982
7867.015052046616,-0.408919445757455,1.0523835107793373
7868.396536233657,-0.7014790022936808,1.035767039256581
7869.7780204206965,-0.7021601281895293,1.0211582838027509
7871.159504607736,-0.2090528793624351,1.0227537891082727
7872.540988794777,-1.011064411239893,1.0542207994982207
7873.922472981817,-0.5336449941702952,1.0700190900550552
7875.303957168857,-0.002410669303170465,1.0725116335774822
7876.685441355898,-0.5133443649043379,1.0649872680696382
7878.066925542937,-0.5560032669417403,1.0459838510550072
7879.448409729977,0.24121821174846403,1.033347228727159
7880.829893917017,0.7014213951114208,1.0311038655177711
7882.211378104057,0.253026414113954,1.0420783724034408
7883.592862291098,-1.2947675186257683,1.0702023936985487
7884.974346478138,-0.8470163056494009,1.073119553195352
7886.355830665178,-0.3826852404167447,1.057738685557636
7887.737314852218,-0.5221624463148054,1.0279711133068834
7889.118799039258,-0.8111184251028085,0.9898321083291389
7890.500283226298,-0.3639761169090079,0.9808353526458414
7891.881767413339,0.12565380823094685,1.00447926651027
7893.263251600378,0.2998889546906547,1.045923186007909
7894.6447357874185,-0.3867618250086231,1.0643676480913193
7896.026219974458,0.003375513503097949,1.0676371657164418
7897.407704161498,0.39830735220872526,1.0625166954182192
7898.789188348539,0.6162725851833031,1.058014558567625
7900.170672535579,0.6190303956398502,1.0682577963836521
7901.552156722619,0.38100439137836517,1.0683464135000018
7902.9336409096595,0.01351302920208397,1.0686743643210859
7904.3151250966985,0.03374683086328645,1.0676053860012122
7905.696609283739,0.8156683506608751,1.062581990050436
7907.07809347078,0.27109305334528955,1.063015176544646
7908.459577657819,-0.025117421898439574,1.0565284994162556
7909.84106184486,-0.16475674818970276,1.0312381533185246
7911.2225460319005,-0.29536690816870603,0.9778164661901307
7912.604030218939,-0.6794041240761253,0.9060144985404475
7913.98551440598,-0.8085068441834693,0.8887134814332937
7915.366998593019,-0.43342374597969524,0.925530187087037
7916.74848278006,0.4740271971968575,1.0034023766236113
7918.129966967101,0.7759956485461785,1.0001355625489012
7919.51145115414,0.27963058271968677,0.9646932932339627
7920.89293534118,-0.22724634260222132,0.946399236850457
7922.274419528221,-0.3548579569853061,0.9665664508541227
7923.65590371526,-0.10731943816866263,1.0235804474122947
7925.037387902301,-0.11582247193344841,1.0503318815655722
7926.41887208934,0.17025851866838693,1.0548937917113737
7927.800356276381,0.5098650161811413,1.0436135029330242
7929.181840463421,-1.1043261102635817,1.03211740868538
7930.56332465046,-0.5139603741444176,1.0144602492796937
7931.944808837501,0.29305674268471904,1.0108237050531956
7933.326293024542,0.6312854132962471,1.024426524963866
7934.707777211581,-0.13768549745458714,1.0514793429457485
7936.089261398622,0.00234829509134471,1.05732217975923
7937.470745585661,0.31530363626510294,1.0580900158742796
7938.852229772701,0.44416831742120166,1.0575445630893368
7940.233713959742,-0.00972728561589875,1.0582738836603285
7941.615198146781,-0.2933050253238392,1.0616147636461595
7942.996682333822,-0.4857217216092309,1.0608890907739061
7944.378166520863,-0.619648098686401,1.0581027291072735
7945.7596507079015,-1.0329847303994448,1.0581776272919419
7947.141134894942,-1.5077322591602709,1.0423364218900044
7948.522619081983,-0.9367594779281134,1.0265491683230463
7949.904103269022,-0.027599097578150378,1.0184227774071726
7951.285587456063,0.1679012674349245,1.0275164429820498
7952.667071643102,0.7424586976608829,1.0344780096243713
7954.0485558301425,1.0910889522064124,1.0381700887400034
7955.430040017183,1.0747349137806381,1.0420309148572167
7956.811524204222,0.5567142498187643,1.0502875574776538
7958.193008391263,0.37302544590263764,1.0521257820405892
7959.574492578304,0.4233834047925953,1.0471972435563452
7960.955976765343,0.22320338744442836,1.0303842342589578
7962.3374609523835,-0.7075707977600061,0.9965390889118969
7963.718945139422,-0.30229595658908437,0.9478140588042208
7965.100429326463,0.06330162777310733,0.9507278263976368
7966.481913513504,0.21879325690914797,0.9827498026465739
7967.863397700543,0.03379857902704231,1.0225437100399575
7969.244881887584,0.47965470716727054,1.0321905197382324
7970.6263660746245,0.6542140194890287,1.0357116237059576
7972.007850261663,0.533993178741099,1.0392022722329237
7973.389334448704,0.04120692844721319,1.0468068962521762
7974.770818635745,-0.05223564053766694,1.0408752838460111
7976.152302822784,0.058261648577495606,1.024319047187168
7977.533787009825,0.2619178800514703,1.005393184141973
7978.915271196864,0.3762946163739045,0.9911149857884473
7980.296755383904,0.2157617965425267,1.0028937892844798
7981.678239570945,-0.13393456266754455,1.0242424216832087
7983.059723757984,-0.22320338744442836,1.040665793010765
7984.441207945025,0.14972119216371027,1.0436894674219805
7985.822692132066,-0.35814805168413244,1.051177805143743
7987.204176319105,-0.2787818338319674,1.0441104197127173
7988.585660506145,0.1701666468798173,1.0285877246478647
7989.967144693184,0.6903966924832581,1.0055475825328204
7991.348628880225,-0.08162944194086919,0.9390018531675419
7992.730113067266,-0.14972119216371027,0.9050574550288302
7994.111597254305,-0.18838159627003392,0.9136362237592993
7995.493081441346,-0.5442115074397265,0.968563521680232
7996.874565628386,-0.7634133527886391,1.0293516712837394
7998.256049815425,-0.9750745712243614,1.0469538711552224
7999.637534002466,-1.1255102272308832,1.0487847098085974
8001.019018189507,-1.1152087061415834,1.0497845637577352
8002.400502376546,-0.5562404967323147,1.042565214302485
8003.7819865635865,-0.20606676148360492,1.0428110507667494
8005.1634707506255,-0.01818045262273671,1.044181947167231
8006.544954937666,0.0,1.04362109290883
8007.926439124707,-0.09840877297736839,1.049190096212343
8009.307923311746,-0.0640739233226526,1.0446406736676486
8010.689407498787,-0.05532796192935052,1.0335615623799534
8012.0708916858275,-0.20259993886027772,1.018519633849212
8013.4523758728665,-0.5698775441555028,1.0083829403705924
8014.833860059907,0.16861460970609699,1.0112479624960204
8016.215344246946,0.5846146276901649,1.0224522436471342
8017.596828433987,-0.1346146118264926,1.0379829994873238
8018.978312621028,0.02253571168003532,1.0352634863158312
8020.359796808067,0.36022836472089637,1.033524835397977
8021.741280995107,0.3977656265780638,1.0254775152676892
8023.122765182148,-0.12682215766703564,1.0056618366652619
8024.504249369187,-0.6724496759245682,0.9669197796558444
8025.885733556228,-0.13037460541507073,0.9404128752449639
8027.267217743269,0.38330858236957965,0.943661479540326
8028.648701930308,0.08020327505116853,0.9885822837608285
8030.030186117348,0.07984567457591396,1.0118321313819303
8031.411670304387,0.3629571880102702,1.0285418423972283
8032.793154491428,0.6718274412846981,1.0365206205181807
8034.174638678469,0.6490423652816375,1.0340013665498866
8035.556122865508,-0.002294007579635604,1.0427010319973185
8036.937607052549,0.1954153290126328,1.0427332681439097
8038.319091239589,0.6343955021917296,1.03898253559921
8039.700575426628,0.6887617450087049,1.0360127758721032
8041.082059613669,0.8957567744611481,1.034431200625256
8042.463543800708,0.4677711099098545,1.036736556796893
8043.845027987749,-0.25231125436187796,1.0413496629636587
8045.22651217479,-0.8626939311870885,1.0465412644027363
8046.607996361829,0.03445203475021685,1.0407331760022003
8047.989480548869,-0.4925333001979766,1.0401332399779404
8049.37096473591,-1.0339667852571388,1.0337865809970521
8050.752448922949,0.4891917903537788,1.0057027724572531
8052.13393310999,0.15228889035903848,1.0141481875849758
8053.515417297029,0.018896575788417636,1.0212053035613244
8054.8969014840695,0.3287372730355287,1.024958431990134
8056.27838567111,1.3561277987329063,1.025504559084985
8057.659869858149,1.0979251792468148,1.022432126908029
8059.04135404519,1.5278151954069372,1.0090992860975672
8060.422838232231,1.9456060866366585,0.9927255282083728
8061.80432241927,0.45845470399633115,0.9898428841116037
8063.1858066063105,0.28087213097790453,0.9950969816911018
8064.567290793351,0.700213306721416,1.005214390387235
8065.94877498039,1.3300343227868012,1.0168289773653598
8067.330259167431,1.1634308595898872,1.021857475328016
8068.71174335447,0.46589958872219484,1.0291168618423743
8070.093227541511,0.5493701351565718,1.0303998011886448
8071.4747117285515,1.279762395333762,1.0263489710646807
8072.85619591559,1.1769140421382716,1.025338632046016
8074.237680102631,0.4556168513292249,1.029512910623827
8075.619164289672,0.04283147296341383,1.0308497922304036
8077.000648476711,0.22099318145875912,1.0272861210271136
8078.382132663752,1.233986878942865,1.0196814489317552
8079.763616850791,1.8919931684499147,1.015635148664803
8081.145101037831,2.1336629016678614,1.0140740184040042
8082.526585224872,1.8899901040861593,1.0152048804229012
8083.908069411911,0.9570286379099073,1.0237112272731554
8085.289553598952,1.1685080640433156,1.0207370160416704
8086.671037785993,1.7073616485726504,1.0166845263816306
8088.052521973032,2.0962044854252895,1.0169968676383285
8089.434006160072,1.42706029955351,1.0188433318487038
8090.815490347113,0.9867199789209167,1.0190503619391782
8092.196974534152,0.9528680617280969,1.0174522120939946
8093.578458721193,1.4634727888506092,1.0138973775269031
8094.959942908232,-0.22328546381492487,1.0256243088095889
8096.341427095273,-0.5473363742653206,1.0310276715715356
8097.722911282313,0.06681851763129742,1.0284964670649048
8099.104395469352,1.1846329941933362,1.0155094298884977
8100.485879656393,1.363545950544271,1.0037097517487368
8101.867363843434,1.3076937282051588,0.9994605694078608
8103.248848030473,1.1047580558557897,1.002712411172758
8104.630332217514,0.8207596606088501,1.0136196236060728
8106.0118164045525,0.22404097717754468,1.0215460910854244
8107.393300591593,0.17533059991201583,1.0260621070243314
8108.774784778634,0.48385604955741,1.0259881923695042
8110.156268965673,0.40270378481687175,1.017669297869528
8111.537753152714,0.0011871409062820248,1.0259431727791222
8112.9192373397545,-0.024054498466362872,1.0279694427194945
8114.3007215267935,0.23399798781780135,1.0237267144546562
8115.682205713834,-0.5276770755055722,1.0364025430009673
8117.063689900875,-0.7880318833728097,1.0398013719285828
8118.445174087914,-0.756118814950554,1.039417604715835
8119.826658274955,-0.4915227472867727,1.0365332992621272
8121.208142461994,0.3782450691225492,1.0258554645085896
8122.5896266490345,0.9665611553307087,1.018844761480256
8123.971110836075,1.008359817135748,1.0151196832039446
8125.352595023114,0.36913888203127243,1.0146019735181133
8126.734079210155,1.3787362975626039,1.0147768558288253
8128.115563397196,0.555000978568323,1.021814486928477
8129.497047584235,-0.6695635133751736,1.0295848087415103
8130.878531771275,-0.9428796244499864,1.0317402283386579
8132.260015958314,-0.9561982278519423,1.0238560480315853
8133.641500145355,-1.0162960045234115,1.0210208588942857
8135.022984332396,-0.7284365060955977,1.0175945828758732
8136.404468519435,0.7020889086542823,1.0019220762010501
8137.785952706476,1.6760225487848217,0.9897515256587515
8139.167436893516,1.820933931403367,0.9849038392959163
8140.548921080555,1.2065051024062328,0.9883280864166704
8141.930405267596,0.10130757761708509,1.0023297331949075
8143.311889454637,0.03624118120344377,1.0083952928307183
8144.693373641676,0.4433286832197396,1.0039748533716806
8146.074857828717,1.0290587918444274,0.9831466820540983
8147.456342015756,0.6047956132980943,0.9108492347638116
8148.837826202796,0.7999762566547659,0.8986103399682951
8150.219310389837,0.6683511976618703,0.9313465053346944
8151.600794576876,-0.21139340547401275,0.999895719165804
8152.982278763917,0.5801022493846659,0.9901440934072302
8154.363762950958,0.8879134717939934,0.9898590049539931
8155.745247137997,0.5918522309515666,0.9972181576005411
8157.126731325037,-0.6335739677860275,1.0112926432019154
8158.508215512076,-0.6928197292046221,1.0126556113060066
8159.889699699117,-0.28169260062101387,0.9983547195937253
8161.271183886158,0.07936414032356254,0.9799924988977204
8162.652668073197,-0.6518237378692646,0.9809482687741472
8164.0341522602375,0.3370510743903026,0.9886060528008067
8165.415636447278,1.0564850184873293,0.9907571916789003
8166.797120634317,1.018420334929182,0.9898896805044929
8168.178604821358,-0.5954465357746841,1.00502217812026
8169.560089008397,-0.9479318150662408,1.009165798262363
8170.941573195438,-0.07199491885256037,1.0063539059469617
8172.3230573824785,1.8386753568678031,0.9980930604463607
8173.7045415695175,1.9539135493734392,0.9890690111020785
8175.086025756558,0.579790029112722,0.9923979543383105
8176.467509943599,-0.7703346876448478,0.9948066589007686
8177.848994130638,-0.9131881722152855,0.9859671228388224
8179.230478317679,0.6123825817117705,0.9751109353568604
8180.6119625047195,0.23262608728672518,0.9889374980538274
8181.993446691758,-2.118492919539527,1.0200820590816833
8183.374930878799,-6.798821700097108,1.0576505314584639
8184.756415065838,-4.766529919996138,1.0438023899456177
8186.137899252879,-2.4559475466283516,1.0221345602210858
8187.51938343992,-0.8653808735464352,1.0023592285831895
8188.900867626959,-0.572439972593898,0.9997869028763405
8190.282351813999,-0.56441594587033,0.9982395228735983
8191.66383600104,-1.380962664147944,1.005380889624701
8193.04532018808,-3.2537738020249876,1.023411337191089
8194.42680437512,-5.997294414940004,1.0406103069392525
8195.808288562159,-6.445872336919365,1.0457579769497096
8197.1897727492,-5.170375274487789,1.0382099312027209
8198.57125693624,-2.3701328922388285,1.0157162992231004
8199.95274112328,-1.0147208708819235,1.0066931526076421
8201.33422531032,-0.49492413569341664,1.0058174509233246
8202.71570949736,-0.3637044530193734,1.0107955013598826
8204.0971936844,0.3140240983296252,1.018301715020139
8205.47867787144,-0.6822042715933421,1.0246874206944374
8206.860162058481,-0.8155035000718271,1.0233308270657087
8208.24164624552,0.10971138524767099,1.0145855338258387
8209.623130432561,0.7726764489132663,1.006464775846588
8211.0046146196,0.44846457318579525,1.0072204473318787
8212.38609880664,0.00670058389307826,1.0104311998461342
8213.767582993682,-0.13147474306437346,1.0129457990945914
8215.14906718072,0.8486652329354456,1.0046584324430725
8216.530551367761,-0.004195018359610003,1.0110558735626123
8217.912035554802,-1.1211367058083113,1.0200541146883504
8219.293519741841,-0.581247184841871,1.0169564312242307
8220.675003928882,-0.9256218560644243,1.0205165979382764
8222.05648811592,-1.214453565841147,1.0179577444774972
8223.437972302961,-1.1718326129613423,1.0077881411886764
8224.819456490002,-0.2300955611397626,0.9878311633364882
8226.200940677041,0.30852163603551475,0.9639525963124119
8227.582424864082,0.5840865694199024,0.9467684060200172
8228.963909051123,0.6063439679551195,0.9412329367863875
8230.345393238162,-0.07300283610102554,0.9620391068403265
8231.726877425202,-0.8405331619438101,0.9839053183082692
8233.108361612243,-1.0339638436398921,0.99838618084418
8234.489845799282,0.017159094306393285,0.9964396520591511
8235.871329986323,1.4642723322490099,0.9909470093660963
8237.252814173362,1.5526856796437656,0.9910432409814914
8238.634298360403,0.8544460506026681,0.9945700825872019
8240.015782547443,0.9692181942081248,0.9950890502280036
8241.397266734482,0.41304384912580616,0.9932272532946228
8242.778750921523,0.30306576951771547,0.993604960938557
8244.160235108564,0.9766796495066998,0.9950506682884225
8245.541719295603,2.746386679892744,0.9732752810073044
8246.923203482644,3.872934901759912,0.9656556794294583
8248.304687669683,4.040862972805428,0.9665701938963004
8249.686171856723,2.874796897562078,0.9729467970527936
8251.067656043764,2.7739089440158793,0.9751949191566167
8252.449140230803,2.922800879381903,0.9763618137536658
8253.830624417844,2.7739925211012064,0.979654215705792
8255.212108604885,0.8343738131430456,0.9933603850623046
8256.593592791924,-0.2569121767532607,1.0027783228869884
8257.975076978964,-0.28285546337749423,1.0021695049550232
8259.356561166005,0.679662087460251,0.9916087470109507
8260.738045353044,0.7878129433665606,0.9911103142729272
8262.119529540085,0.7545809130950616,0.9385252973083574
8263.501013727124,1.9056621621020469,0.8505230916885358
8264.882497914165,5.586430342964199,0.7346002858775198
8266.263982101205,5.614859943786371,0.827949260103161
8267.645466288244,4.628564141784217,0.9118528471474928
8269.026950475285,3.1432544729356593,0.9699780091059532
8270.408434662326,2.119505019661041,0.9842442943970238
8271.789918849365,-0.012212231934526585,1.0010713879494189
8273.171403036406,-1.9371560234607301,1.013244691470339
8274.552887223444,-3.0404813649834708,1.016741172541586
8275.934371410485,-0.5917937683806969,0.9888399033769472
8277.315855597526,0.5430721543998089,0.9640520536746818
8278.697339784565,0.6022266098730995,0.9445137790531984
8280.078823971606,-0.3849247533329603,0.9338057299609992
8281.460308158647,-0.5553176957995163,0.93534395178477
8282.841792345685,-0.08708783376580698,0.9382250387713843
8284.223276532726,0.691965451212532,0.9388574815424598
8285.604760719765,0.5590836317351133,0.9263513779856289
8286.986244906806,-1.0443251337934285,0.9137371453445947
8288.367729093847,-1.9705815653049257,0.9139271368382578
8289.749213280886,-1.1839120685432967,0.9337070651140363
8291.130697467926,0.2603999452960366,0.9589220692776901
8292.512181654967,0.4864878019640244,0.9731444424074711
8293.893665842006,-0.00903302411473561,0.9728592549202306
8295.275150029047,-0.6323420482209023,0.9483017073090309
8296.656634216088,1.3153640557166213,0.9085492383958836
8298.038118403127,1.6408364128464399,0.8894170841095891
8299.419602590167,0.09072201930242585,0.8973729510636601
8300.801086777206,0.7294904837657015,0.9302211230875981
8302.182570964247,0.8778857432515608,0.9622239461773423
8303.564055151288,0.35923810432551306,0.9885220532456592
8304.945539338327,-0.9211401993532391,1.004182711697317
8306.327023525368,0.3836427760024961,0.9924442693574047
8307.708507712408,1.0454479686686824,0.9743949699485104
8309.089991899447,1.0768452650402693,0.9539129048584373
8310.471476086488,0.9065245300153961,0.9393418096752851
8311.852960273527,0.7069912757348433,0.9503083922106808
8313.234444460568,0.3412139208340079,0.9698360153595785
8314.615928647609,-0.24789372775377672,0.9919974407976995
8315.997412834648,-0.9734148840003733,1.002167027500375
8317.378897021688,-1.6434615021612942,1.009711906035237
8318.760381208729,-2.4489945498528947,1.016335972241373
8320.141865395768,-3.7578532780251166,1.0245834398528153
8321.523349582809,-1.6874232587912488,1.0134350705116126
8322.90483376985,0.1184173950631191,1.0018621630231097
8324.286317956889,0.8477963315153687,0.9945150344869709
8325.66780214393,-0.499934754365853,1.0015687027037032
8327.049286330968,-1.4685272055593295,1.0101865696192271
8328.430770518009,-1.8205789585917458,1.0142805593221524
8329.81225470505,-0.9384633493337766,1.0072586908856154
8331.193738892089,-0.8693558146438143,1.0090186724992969
8332.57522307913,-0.28271382458615335,1.0058878306251666
8333.95670726617,0.5586701317381539,0.9987084573320232
8335.33819145321,0.9226529205199228,0.9952503620874861
8336.71967564025,-0.04352531473880106,0.9969678136325937
8338.101159827289,-1.0212471129158942,0.9934292310695696
8339.48264401433,-1.320302508205998,0.9783692096782973
8340.86412820137,1.509672596991301,0.918507830155294
8342.24561238841,1.8808088455181178,0.8450869576887163
8343.62709657545,0.6850940377627737,0.7757932984661225
8345.008580762491,0.294662208468111,0.7571936899581044
8346.39006494953,1.1617595586711715,0.8285944659194147
8347.77154913657,1.7740919681060063,0.8953787410243033
8349.153033323611,1.599141546972092,0.925956018511981
8350.53451751065,0.3972474000127022,0.9163834037736316
8351.916001697691,0.230461605566731,0.9044702719649813
8353.29748588473,0.3992127822160114,0.9002484539189114
8354.67897007177,0.14863879298477656,0.923711661833097
8356.060454258812,0.012781904419398415,0.9643180471662138
8357.44193844585,0.32961443508681043,0.9886117761295377
8358.823422632891,1.0886906586466338,0.990248199663222
8360.204906819932,0.6281025493991805,0.9903989057257686
8361.586391006971,-0.2813082063593697,0.984941068807011
8362.967875194012,-0.8697430976145775,0.9770107954642172
8364.34935938105,-0.06314696018919363,0.9696887327421436
8365.730843568092,-0.7137972149001364,0.9780285027213934
8367.112327755132,-0.4626355301104432,0.9852359396620838
8368.493811942171,0.791640200946631,0.9897114325044769
8369.875296129212,0.8604869086065108,0.9988338909445188
8371.256780316253,0.40769908826301204,1.0003531317676642
8372.638264503292,-0.06022330337027881,1.0011316687056162
8374.019748690333,-0.06695968805634323,1.0074911476117645
8375.401232877373,-0.031033694859381455,1.0041601400716942
8376.782717064412,-0.41176219468836806,0.9991705930366863
8378.164201251453,-0.8181806062522945,0.9910160224651765
8379.545685438492,1.1976431912605783,0.9645434978659264
8380.927169625533,0.4720737462934963,0.9456453543363721
8382.308653812574,-1.1528486909066302,0.9427903459035791
8383.690137999612,-2.4580582945347054,0.9670877487710393
8385.071622186653,-1.9311433107581344,0.9917885449522625
8386.453106373694,-2.1671419571032295,1.0108290096535184
8387.834590560733,-2.796155171942676,1.0208905958468943
8389.216074747774,-0.7932881320429601,1.0052576493944663
8390.597558934813,0.14336716083217382,0.9989413685820276
8391.979043121853,0.4129217133322314,0.9980228214840468
8393.360527308894,0.08233415887190887,1.0011299043525463
8394.742011495933,0.20218909355428494,0.9719159292818628
8396.123495682974,0.26334452083001736,0.9018954609591048
8397.504979870015,0.1728045625052239,0.8087175468976109
8398.886464057054,-0.4183576537209355,0.7768254487648848
8400.267948244094,1.0903504249432778,0.8236144708135752
8401.649432431135,2.232819992854864,0.8968610644004026
8403.030916618174,1.1570903601445615,0.9677020621246161
8404.412400805215,0.09555967865303217,0.993884809392484
8405.793884992254,-0.3838443438437089,1.0033019464865236
8407.175369179295,-0.374592129238156,1.0021773081727257
8408.556853366335,-0.3715923002950525,1.0095483977750384
8409.938337553374,-0.5282337078726123,1.0072467220530374
8411.319821740415,-0.30165711218274893,0.9896019652120585
8412.701305927456,0.8188556679177381,0.9483025067403624
8414.082790114495,0.5463096667952669,0.8957125138923026
8415.464274301536,0.15054771394164845,0.8884596450597254
8416.845758488575,-0.044299339361128176,0.9239153815032164
8418.227242675615,0.9373089729458748,0.9712788492504697
8419.608726862656,1.99296785708367,0.983161987514204
8420.990211049695,2.5026389467498653,0.9827503412743233
8422.371695236736,1.788269918284886,0.9849398558953948
8423.753179423777,1.492864430478157,0.9792922941111732
8425.134663610816,1.9227151309299195,0.9574817794574094
8426.516147797856,2.762332506682796,0.9175256751668316
8427.897631984895,1.5279833257222322,0.8490639189223383
8429.279116171936,0.3810092863398289,0.8087593483273656
8430.660600358977,-0.3997516358626392,0.7982346016265751
8432.042084546016,-0.41391345058163864,0.8297545729379201
8433.423568733057,-1.6166125071387611,0.9259804118193189
8434.805052920097,-2.7977282063082427,0.996359582384919
8436.186537107136,-3.6595377878039876,1.0290147696510397
8437.568021294177,-2.901433179337829,1.0328291324893986
8438.949505481218,-1.8609942404572557,1.0234246569610899
8440.330989668257,-0.6863292075668674,1.0102077815778006
8441.712473855298,0.5308172566372349,1.0038194030546583
8443.093958042336,0.9445943439266209,0.9983722517472711
8444.475442229377,0.5641067852105692,0.9958238193200053
8445.856926416418,-0.5698573127666329,0.9962991956615511
8447.238410603457,-0.18537543039110105,0.9915442218537718
8448.619894790498,-0.15459426010108857,0.9744862969447035
8450.001378977538,-0.5035614600105589,0.9512510102819997
8451.382863164577,-1.3281167084033108,0.9304760016643981
8452.764347351618,-1.415327966287201,0.9174905617347143
8454.145831538657,-1.0753127497657324,0.9330834932444222
8455.527315725698,-0.2680666532198366,0.9864630095776847
8456.908799912739,-0.28152538498159174,0.9976013550350503
8458.290284099778,0.13862048115559844,0.9986084180359079
8459.671768286818,0.9102884504413353,0.989193426341115
8461.05325247386,1.9624552561805189,0.9642457239535184
8462.434736660898,1.4815963951379416,0.9246624155124621
8463.816220847939,0.35169901004473303,0.8795361152644066
8465.19770503498,-1.1559674267833593,0.8321262174670432
8466.579189222019,-1.692943943177582,0.8597535531937699
8467.96067340906,-1.819892670394129,0.9146998267230428
8469.342157596098,-1.6367434343321285,0.9819792432399025
8470.72364178314,-1.4242438167287474,0.9991992142510239
8472.10512597018,-0.5776876027874636,0.9971783555784365
8473.486610157219,0.20245059161081969,0.9899516176316551
8474.86809434426,0.2888681301512186,0.987810952549909
8476.2495785313,-0.6418729247298636,0.9950427425442674
8477.63106271834,-1.2628450518725032,1.0020048091365998
8479.01254690538,-1.3355860142272142,1.006559646430536
8480.394031092419,0.21968204550019976,0.9984674169775408
8481.77551527946,0.2752986079561346,0.9983143808588483
8483.1569994665,-0.07424774794744593,1.0006113263203273
8484.53848365354,0.7581886871010823,0.9976017161967354
8485.91996784058,0.6270131674417776,0.9970183679980353
8487.301452027621,0.33251807144370815,0.9958605068138942
8488.68293621466,0.10597284656375194,0.9931831916681034
8490.0644204017,0.6521611411050117,0.9722224655629742
8491.445904588742,0.5811000696847728,0.9582091272456641
8492.82738877578,0.058252163805349255,0.951541717787889
8494.208872962821,-0.5300905746430686,0.9566881538677071
8495.59035714986,-2.097726491810956,0.9797237280154801
8496.971841336901,-3.5174914236329506,1.0043547731402938
8498.353325523942,-3.999568640637758,1.0206545368445934
8499.73480971098,-2.849350947019566,1.0091394183724474
8501.116293898021,-1.3680167065359434,0.9815215173287501
8502.497778085062,0.18407231474341756,0.940055050815493
8503.879262272101,0.512412645821037,0.8946649973917654
8505.260746459142,-0.2336331266630367,0.8946520951746589
8506.64223064618,-1.0269542753926686,0.9231208045600433
8508.023714833222,-0.38395977718579033,0.9698562878617283
8509.405199020262,-0.0547390792478879,0.9871277850055244
8510.786683207301,0.009013440679833451,0.9955987270925678
8512.168167394342,-0.1911133646863341,0.9999040564036218
8513.549651581383,-0.8612403134493505,1.0010127609128074
8514.931135768422,-1.8433794607743401,1.0065898959656454
8516.312619955463,-2.60839776239073,1.0125624217405549
8517.694104142503,-1.4159255881824784,1.003519277512081
8519.075588329542,-1.721747225096884,1.003297806074676
8520.457072516583,-2.1054956019813034,1.0046681625328107
8521.838556703622,-1.5363423156540108,1.0028485985729423
8523.220040890663,-0.5439652822077861,0.9992390743970467
8524.601525077704,-0.059996701669120966,0.9959779648334156
8525.983009264743,-0.19422272851649325,0.9937996761408483
8527.364493451783,-0.8032066023412483,0.9994722201044134
8528.745977638824,-1.2495359597350841,1.0004754443914243
8530.127461825863,-1.3923411188826762,0.9980943094332038
8531.508946012904,-0.7300450903675362,0.9930675929694007
8532.890430199943,-0.0018067737702338604,0.9843306942205169
8534.271914386984,0.5353410082542887,0.976257389588286
8535.653398574024,0.722492280210755,0.9709319331283004
8537.034882761063,-0.37483207375953853,0.9752132877443069
8538.416366948104,-2.4416732861896975,0.9923850047005227
8539.797851135145,-5.2500609308713315,1.0209046608064638
8541.179335322184,-7.351595796909187,1.0512700961326675
8542.560819509225,-6.956914698965015,1.053414691309824
8543.942303696263,-5.068579606377163,1.0187098511443882
8545.323787883304,-2.1750475444659756,0.9155085600029518
8546.705272070345,-1.0590256173313009,0.8765905823551989
8548.086756257384,-0.8735189568672688,0.8872917946829613
8549.468240444425,-1.5046079043188954,0.9512923891913163
8550.849724631466,-0.39154096336593014,0.9657680967582025
8552.231208818504,0.25703380554178423,0.9752932546658997
8553.612693005545,0.5530468372270185,0.9810010230189182
8554.994177192586,1.0195182501765458,0.98281878755285
8556.375661379625,0.4793346170748265,0.9880985847941263
8557.757145566666,-0.3397662578883569,0.9930422163095092
8559.138629753705,-0.818008860766291,0.9934073317232119
8560.520113940745,-0.6309509981898209,0.9950373735546695
8561.901598127786,-0.600905046706945,0.9941797436404544
8563.283082314825,-0.9846134397525965,0.9896846853517558
8564.664566501866,0.7964503035600998,0.9798109903616272
8566.046050688907,1.443806143519403,0.9760185361050272
8567.427534875946,1.1000563080387487,0.9781216514659993
8568.809019062986,-0.1478855483650392,0.9881893787428703
8570.190503250025,-0.846575548851046,0.944247684189636
8571.571987437066,-0.971765441143841,0.8977213736984433
8572.953471624107,-0.2193243125780171,0.8978507813404315
8574.334955811146,0.6776758502936922,0.9432642548171847
8575.716439998187,1.1335114093105325,0.9737932168245884
8577.097924185227,0.982978087997104,0.9746921604052864
8578.479408372266,0.30936676649770334,0.9792458981674677
8579.860892559307,-0.10619575701531758,0.9831284967333553
8581.242376746348,-0.30212047210539694,0.9854976082850293
8582.623860933387,-0.3606329382576625,0.9816963095200191
8584.005345120428,-0.12123878676657185,0.9792155068821122
8585.386829307467,0.3620241541087168,0.9751643285868121
8586.768313494507,1.161258616343062,0.9656695179583485
8588.149797681548,-0.08829084900101591,0.9699478660545519
8589.531281868587,-0.6357213661443559,0.9734809457665519
8590.912766055628,0.3116617983379939,0.9725233050262189
8592.294250242669,0.1369638372792572,0.9755087386593341
8593.675734429708,0.17078115874381794,0.9702060304374533
8595.057218616748,0.46400784119192906,0.959037646721094
8596.438702803787,1.313791342605228,0.9542932701508077
8597.820186990828,0.6931174753505438,0.9586163449498181
8599.201671177869,-0.3345662961715554,0.96859445838037
8600.583155364908,-0.6268118495240671,0.9830791420896982
8601.964639551948,-0.3356014445136779,0.9211579461247458
8603.34612373899,0.5744885306806147,0.8707954186946238
8604.727607926028,2.2814597223139472,0.8648985153150999
8606.109092113069,2.5642076999601926,0.9042586084221675
8607.49057630011,1.8000883098173617,0.9359921671869896
8608.872060487149,0.23249266423948356,0.9574955420536431
8610.25354467419,-0.18776406352222352,0.9666743615657253
8611.635028861228,-0.07715999756413083,0.9639625922876661
8613.01651304827,0.31501836925106375,0.9564133180102711
8614.39799723531,0.6949751077366564,0.9546436462516733
8615.779481422349,0.46529094224503,0.9396713992857127
8617.16096560939,0.3474871505906023,0.9280247071738154
8618.54244979643,0.7771274271635562,0.929968931063038
8619.92393398347,1.271469216674305,0.9129665820497889
8621.30541817051,0.852034446131249,0.907020277436338
8622.68690235755,-0.5138393212048094,0.9151345121527465
8624.06838654459,0.5163821013874035,0.903911316206545
8625.44987073163,1.3283458549705784,0.8943179709512585
8626.83135491867,1.7138977347309847,0.8874759547611185
8628.21283910571,0.6290644059717145,0.8894236201441876
8629.594323292751,0.12977769375682158,0.889992752110514
8630.97580747979,0.151414923073947,0.8896398677809163
8632.35729166683,0.9888424722382751,0.888303823264907
8633.738775853872,0.5988828686566983,0.8918475152328117
8635.12026004091,0.12284702410365966,0.8998049853727126
8636.501744227951,-0.1404846670177946,0.9129397997377923
8637.88322841499,0.009411836719614541,0.9212062976809543
8639.264712602031,-0.07824393608996871,0.929348799672085
8640.646196789072,-0.35792394628637325,0.9377039614625421
8642.02768097611,-0.2731915014566191,0.9478012831433217
8643.409165163152,-0.10421120473332479,0.9498517455184914
8644.790649350192,-0.05765018260125032,0.946881496154939
8646.172133537231,-0.66570995389527,0.9416629424872706
8647.553617724272,0.26220687261202613,0.9233777754054825
8648.935101911311,1.0690617499195092,0.9021902644923302
8650.316586098352,0.5166418267492254,0.8834744188473365
8651.698070285393,-0.05079222881138179,0.8952423328901965
8653.079554472431,-0.30506236170008805,0.8987692150587567
8654.461038659472,-0.15398557961539439,0.8863257341735108
8655.842522846513,0.061669483737610165,0.8844038257625015
8657.224007033552,-0.4605111633844885,0.886486477159784
8658.605491220593,-1.8581203280532854,0.8921247655365402
8659.986975407632,-5.438273936451093,0.9006384242271723
8661.368459594672,-5.923666485993767,0.9100778636388792
8662.749943781713,-5.01574489646546,0.9158416753402776
8664.131427968752,-4.6749786305577,0.9071433374479938
8665.512912155793,-3.5129530566111207,0.918352868269568
8666.894396342834,-1.9633277599982684,0.9237414537984662
8668.275880529873,-0.20610392555366275,0.9062563241790129
8669.657364716913,-1.649282098666454,0.9141694950697258
8671.038848903954,-1.488376606203449,0.9183159910056488
8672.420333090993,1.1394036850636553,0.9138195577861115
8673.801817278034,-0.3760007363742339,0.9206321393607173
8675.183301465073,-1.545821865597496,0.9284485915879739
8676.564785652114,-2.2532590634203693,0.936426153224072
8677.946269839154,-1.2105375443563666,0.9390849115034438
8679.327754026193,-0.27594235818416735,0.932548391710654
8680.709238213234,0.29946179629009606,0.9265143088971467
8682.090722400275,-0.19948123653543348,0.9395378122078738
8683.472206587314,0.33594525091618266,0.9395716968322368
8684.853690774355,0.502869845893219,0.9375755126277885
8686.235174961394,-0.7761040012019649,0.9396082912242765
8687.616659148434,-1.7648338809301585,0.952729478328655
8688.998143335475,-2.2904516089392537,0.9632243614479792
8690.379627522514,-2.243776390848904,0.967974628652213
8691.761111709555,-1.4780802826806152,0.959172771107638
8693.142595896596,-0.4712761803766057,0.9526745192178192
8694.524080083635,0.5876787763026741,0.9489560742092774
8695.905564270675,0.33901415160969606,0.9502295457443544
8697.287048457716,0.4085549316571715,0.9457581996693883
8698.668532644755,0.6459981336948672,0.9396936677013271
8700.050016831796,0.8880690439300452,0.9417757897469438
8701.431501018835,0.7403532976122094,0.9434602020573863
8702.812985205876,0.5565454380657293,0.94279787478175
8704.194469392916,0.6445046382898418,0.9364686743369862
8705.575953579955,1.5354641101027013,0.9283671645231477
8706.957437766996,1.7245769042490267,0.9271071481752636
8708.338921954037,0.47914432868488177,0.9377071965545338
8709.720406141076,0.30296787628777366,0.9441225956546544
8711.101890328116,-0.015596618761421155,0.9484124597765371
8712.483374515155,-0.600461212100047,0.9509904540037174
8713.864858702196,-1.0582477928649965,0.9650718747200944
8715.246342889237,-1.162547738817569,0.9652816471139677
8716.627827076276,-1.049328940732785,0.9568610697214854
8718.009311263317,-1.1945235286396603,0.9619135188266434
8719.390795450357,-0.7527561064438189,0.9580994883628648
8720.772279637396,-0.1814086374697368,0.9519263861006134
8722.153763824437,-0.2233723362060438,0.9535926347185346
8723.535248011478,-0.012140780178011568,0.9502930008489668
8724.916732198517,0.21386306669424116,0.9457437836474011
8726.298216385558,0.3122596311425063,0.9419611320850457
8727.679700572597,0.11486728721048323,0.9427009676923034
8729.061184759637,0.12365252406488736,0.9399072689840597
8730.442668946678,0.5281215310173444,0.9304802082550883
8731.824153133717,0.740837339952126,0.9281424018256775
8733.205637320758,0.0710389379799139,0.9327834620659402
8734.587121507799,-1.4881545590475973,0.9441704452390645
8735.968605694838,-1.3760640068733565,0.9491898785073004
8737.350089881878,-0.8174041586806027,0.9479415701740621
8738.731574068917,-0.07209264699906015,0.9424571818116855
8740.113058255958,-0.45769675051788994,0.9402424758410058
8741.494542442999,-1.105564763145491,0.9416235597922636
8742.876026630038,-1.458219100047824,0.9419513197236098
8744.257510817079,0.18778701720727398,0.9308818657353443
8745.63899500412,-0.18171056461794066,0.8891519160105378
8747.020479191158,-0.8861463696870118,0.854207115501413
8748.401963378199,-0.7829242742021627,0.8618611244732133
8749.78344756524,-0.24215053942703335,0.9042299217509384
8751.164931752279,0.08500068628084279,0.9370321618255809
8752.54641593932,0.00974218559110085,0.9416523310184396
8753.927900126359,0.45850850712250946,0.9341745274516369
8755.3093843134,0.5913558405360675,0.9199974904064281
8756.69086850044,0.37617370477800804,0.8991497679636267
8758.072352687479,0.9359449335031051,0.8642149182588074
8759.45383687452,0.830166549598335,0.8383512338980356
8760.83532106156,0.26278182134269557,0.8224857104233987
8762.2168052486,1.2846170492266324,0.8318885532240049
8763.59828943564,2.501358042085485,0.8247922888011503
8764.97977362268,3.186090833444915,0.805646219758259
8766.36125780972,0.15333839275900374,0.777141118349418
8767.74274199676,0.14109336720284915,0.7829033848581215
8769.1242261838,1.1349259958266131,0.8122956309709037
8770.50571037084,0.9204518960239341,0.8697029354195691
8771.887194557881,0.13037556717774024,0.8916530158203674
8773.26867874492,-0.5748723424524478,0.8881749884773196
8774.650162931961,-0.7431586387167144,0.8513482179706066
8776.031647119,-0.6461109897640469,0.810796513021262
8777.41313130604,-0.7750430421936549,0.7904199807273844
8778.794615493081,-1.3452529455081503,0.8037046372060114
8780.17609968012,-0.8967419844328894,0.8536540317593152
8781.557583867161,-0.43650992503076225,0.8971214589064137
8782.939068054202,-0.0731454370531388,0.9290324108422475
8784.32055224124,0.15341953363057925,0.9333071450208026
8785.702036428282,0.8390340278734314,0.9268167394133345
8787.083520615322,1.8610625458982284,0.9104983219433727
8788.465004802361,1.9144515736816103,0.8882318012363227
8789.846488989402,0.021721525357161653,0.8799834740079217
8791.227973176441,-2.7257385978156137,0.8840157703558812
8792.609457363482,-2.514545991843338,0.906792586758415
8793.990941550523,-1.4626479396789343,0.9217692772274368
8795.372425737562,-0.22409115664145673,0.9315210355873499
8796.753909924602,0.1271023944963936,0.9359312108110864
8798.135394111643,-0.059560582795228356,0.9380507982451646
8799.516878298682,-0.400346231748415,0.9396394149967341
8800.898362485723,-0.6280008142796412,0.9420032098226652
8802.279846672762,-0.9898573132750066,0.9464236357762985
8803.661330859803,-1.6704183271710455,0.9522809544413339
8805.042815046843,-2.923632820319501,0.9599804556184798
8806.424299233882,-2.9532951504637346,0.9588743847016452
8807.805783420923,-2.601632399326739,0.95196474877398
8809.187267607964,-1.9681057245063052,0.938375362470045
8810.568751795003,-1.119864910969035,0.9329535167117572
8811.950235982044,-0.3633972236942,0.9312058000681888
8813.331720169084,0.32131206335121476,0.9330165458470687
8814.713204356123,0.2103784274205367,0.9358748064310467
8816.094688543164,0.36621347076236077,0.935918531599784
8817.476172730203,0.798798418520839,0.9330320038147485
8818.857656917244,1.7618015829558509,0.9235995209055027
8820.239141104284,1.9389277791324062,0.917118363365785
8821.620625291323,1.579925199530443,0.9034092495413049
8823.002109478364,1.4380597882112838,0.819723850732962
8824.383593665405,1.315343518615812,0.7440158547869458
8825.765077852444,0.9436815649039296,0.6861833001644346
8827.146562039485,-0.6333752888321911,0.6916481548963873
8828.528046226524,0.7921147463318441,0.7346118243024033
8829.909530413564,2.4910675045913493,0.7936901921921242
8831.291014600605,0.9940781640401894,0.8541190853798047
8832.672498787644,0.45850274353301756,0.8616417535720832
8834.053982974685,0.48784544928543383,0.8401023176528585
8835.435467161726,1.1714298119545745,0.7878786363392576
8836.816951348765,0.7890030861538939,0.7928885023143655
8838.198435535805,0.19712804187891209,0.8260656072838952
8839.579919722846,-0.35786998507422396,0.8884844501771388
8840.961403909885,0.38560785826204125,0.8606004041898755
8842.342888096926,0.6885761134894715,0.8364530264708957
8843.724372283965,0.01923402977005395,0.8383283405578051
8845.105856471006,0.0,0.8349100433728961
8846.487340658046,0.1735259721889051,0.8261848990166326
8847.868824845085,0.5001925734180048,0.811488861326592
8849.250309032126,-0.07985152313690946,0.8032841412788434
8850.631793219167,-0.6455123397435365,0.8073703551044686
8852.013277406206,-1.1259770135369074,0.8248788424909463
8853.394761593247,0.6436265552057421,0.8937095001724553
8854.776245780286,1.6785894988697407,0.9241987424720377
8856.157729967326,1.8952332444066542,0.9243317989463707
8857.539214154367,-0.7292988566564418,0.9392935960608512
8858.920698341406,-2.8231312944199978,0.9472253332644491
8860.302182528447,-4.1745065758991835,0.9483762897623943
8861.683666715488,-2.7169687693936737,0.9346607023610648
8863.065150902527,-0.8877164192452867,0.9119768905568719
8864.446635089567,0.9189537077361081,0.8827675779446528
8865.828119276608,1.5714440807561303,0.8457689958850114
8867.209603463647,0.2859541224940578,0.8397486906349584
8868.591087650688,-1.605429544174882,0.8551695660865831
8869.972571837727,-2.469684658529534,0.8984106391312875
8871.354056024767,-2.2739891069308484,0.9257284210283325
8872.735540211808,-1.723105230570205,0.9426769134002442
8874.117024398847,-1.297083316146587,0.9462488508440654
8875.498508585888,-1.1782943152532255,0.9448407052483813
8876.879992772929,-1.0562727047550275,0.9420570808363898
8878.261476959968,-0.7696472432005805,0.9394548206702781
8879.642961147008,-0.1847200995462046,0.9237144294445251
8881.024445334047,0.6982253535072118,0.8865446649644787
8882.405929521088,1.9856705797131333,0.8128000459285809
8883.787413708129,2.1701926690694435,0.7403059057228212
8885.168897895168,1.619270149993806,0.6964823471288379
8886.550382082209,0.1427198248964885,0.7002258300575585
8887.93186626925,-0.154739506138732,0.776242510106001
8889.313350456288,0.4643138049173139,0.845228786222799
8890.69483464333,2.18357994807932,0.8918561624132106
8892.076318830368,0.5244796904356654,0.9172096944300487
8893.457803017409,-0.61623014573631,0.9308681718646502
8894.83928720445,-0.8337672304877835,0.9320919989016313
8896.220771391489,0.628814040731708,0.913562712021795
8897.60225557853,1.6039723691632481,0.8993625380168778
8898.98373976557,1.917602817723914,0.8905434012413025
