wave,flux,uncertainty
3811.522719840978,43.55923202027628,inf
3812.904401678554,39.32180592620546,inf
3814.2860835161305,35.096512205004615,inf
3815.667765353707,33.52462405412871,inf
3817.0494471912834,31.96798567182941,inf
3818.4311290288597,29.329184500416318,inf
3819.812810866436,26.707507570374332,inf
3821.1944927040126,25.062126845821354,inf
3822.576174541589,23.437843225918186,inf
3823.957856379165,21.901599075777767,inf
3825.3395382167414,-0.3757364773396148,0.27862449435312175
3826.721220054318,0.1878682386698074,0.2810911695374189
3828.1029018918944,-22.758133032077524,0.28544465118061196
3829.4845837294706,-35.41248907235746,0.28882909412444246
3830.866265567047,-53.42572346531216,0.29331407966410683
3832.2479474046236,-50.387002204037174,0.29409089010827
3833.6296292422,-57.50513143824804,0.2961436590241204
3835.011311079776,-58.97163438721691,0.29706334570158416
3836.3929929173523,-63.35591830877354,0.29809354947597416
3837.7746747549286,-35.754613314720814,0.29366639289090224
3839.1563565925053,-31.473080718538995,0.2927385901788444
3840.5380384300815,-37.807158078254645,0.294511785189043
3841.919720267658,-19.333199856237,0.2919031769721744
3843.301402105234,-16.060172987606734,0.29150312814754464
3844.6830839428108,-8.256029770486691,0.29004271355835454
3846.064765780387,-13.220681010999385,0.2909681472589675
3847.4464476179633,-6.557406482907879,0.29059350324405747
3848.8281294555395,-5.473679056783624,0.2899328975042796
3850.209811293116,10.47924030250988,0.2880050159345351
3851.5914931306925,5.886905726862437,0.28927092833665835
3852.9731749682687,17.318610378943504,0.2876012077283458
3854.354856805845,16.598861497932376,0.2880664294426196
3855.7365386434217,23.119881573772886,0.2871318108559496
3857.118220480998,20.016128133964457,0.28753074919302124
3858.499902318574,23.687381749259373,0.28736840311269024
3859.8815841561504,19.676416915295363,0.2882315753337326
3861.2632659937267,25.664401437945003,0.2875852870855027
3862.6449478313034,16.042498575874788,0.28953959359438286
3864.0266296688797,23.37547500028819,0.2886309775859068
3865.408311506456,6.695901191908035,0.29175501069511595
3866.789993344032,3.318055432133633,0.2930381522402973
3868.171675181609,7.659230957722684,0.29282854334929764
3869.553357019185,-3.6785960116590104,0.29543203821978425
3870.9350388567614,-9.373110382385278,0.29741356394635865
3872.3167206943376,-32.11502332299074,0.30274933617143285
3873.6984025319143,-40.0590245064775,0.3046774355820323
3875.0800843694906,-38.9033090801953,0.30481790117361407
3876.461766207067,-53.17183935062377,0.3077948485588473
3877.843448044643,-67.65400726808576,0.3111767001551635
3879.22512988222,-69.90515278774677,0.3124078747420172
3880.606811719796,-86.83443991992897,0.31640339180817695
3881.9884935573723,-88.3460834333614,0.3169494046987547
3883.3701753949485,-108.40713500386363,0.32258818992515537
3884.7518572325253,-127.36183954550017,0.3272230793178451
3886.1335390701015,-121.79896807407806,0.32553025387927054
3887.5152209076778,-134.80795127823143,0.32876897483182005
3888.896902745254,-147.42568230066735,0.33171381413411827
3890.2785845828303,-128.25933144432872,0.3248171664490284
3891.660266420407,-112.43422758470263,0.3201134794187175
3893.041948257983,-104.65413569403,0.31646839083275985
3894.4236300955595,-84.79634731217106,0.312065215506808
3895.8053119331357,-66.75854746580103,0.30875780831184285
3897.1869937707124,-47.845560738186066,0.30262829308553785
3898.5686756082887,-38.49264211042555,0.30102484709658756
3899.950357445865,-35.98271073896382,0.3004919915260246
3901.332039283441,-16.70947508903828,0.2965190029545502
3902.713721121018,-12.91782285366719,0.29572497822296223
3904.095402958594,-9.830521252609685,0.29426188826810656
3905.4770847961704,13.258956704477441,0.2897206152719173
3906.8587666337467,14.775086732169257,0.28965652501156114
3908.2404484713234,35.128821686140554,0.2856310203939056
3909.6221303088996,40.45864157314929,0.2841491848955465
3911.003812146476,51.793008978213834,0.2826273399684867
3912.385493984052,57.94043629334635,0.2811985593750477
3913.7671758216284,59.2664308684499,0.28100943113824634
3915.148857659205,69.24711945674778,0.27926675338451995
3916.5305394967813,67.73791586916457,0.27937763087259
3917.9122213343576,75.15341649777884,0.27788828856837827
3919.293903171934,89.71827420752311,0.2753527969034497
3920.6755850095105,78.83822610533628,0.27645704209877825
3922.057266847087,92.63080514997591,0.2756728921125851
3923.438948684663,82.09909683050478,0.27621554001383075
3924.8206305222393,83.48502822611113,0.27608590663996574
3926.202312359816,103.25520673682968,0.27261817321887444
3927.5839941973923,98.67735924781232,0.2731287911273266
3928.9656760349685,98.28502480706982,0.27292971545621963
3930.3473578725448,97.31467375903242,0.2738729391720697
3931.7290397101215,95.19577917759625,0.27373307929244267
3933.1107215476977,89.23372265232979,0.2736452035477841
3934.492403385274,90.5201245186471,0.2738927717510405
3935.87408522285,74.50471893231634,0.2758356981829285
3937.2557670604265,81.12817119996066,0.2749608620564022
3938.637448898003,75.1563200413583,0.27583064539898927
3940.0191307355794,64.0989522726959,0.2779992207160992
3941.4008125731557,55.255670842223935,0.27979022653977265
3942.782494410732,32.85976836104794,0.28386913549670423
3944.1641762483086,29.14324490707918,0.2851662381854535
3945.545858085885,18.92596256719787,0.2866865095765954
3946.927539923461,20.216011204431766,0.2868688996764432
3948.3092217610374,7.785715163797818,0.2882018155456475
3949.690903598614,-7.389744607019338,0.2922980951313372
3951.0725854361904,-36.3934763818429,0.29844293692967033
3952.4542672737666,-43.74150692902026,0.3002277098822866
3953.835949111343,-49.47227848873115,0.3011496996966505
3955.2176309489196,-75.31533119960045,0.306509468235099
3956.599312786496,-80.60623056216508,0.3062117771531262
3957.980994624072,-80.11955810427776,0.30513600293658305
3959.3626764616483,-76.18428691315648,0.30414529042708166
3960.7443582992246,-75.59776545924046,0.30349200289865397
3962.1260401368013,-81.43450442454485,0.3046005557702815
3963.5077219743775,-85.8943565528366,0.3068323568984252
3964.889403811954,-111.70086983420134,0.31422641854909583
3966.27108564953,-126.05124181554646,0.3204102385156212
3967.6527674871068,-148.80751781537316,0.3288394193276728
3969.034449324683,-168.73404146716854,0.33775038825020565
3970.4161311622593,-180.951151262559,0.3419197728599717
3971.7978129998355,-173.67374958309927,0.3242626963593888
3973.179494837412,-154.76202707800098,0.3350840361241473
3974.5611766749885,-128.13283406665494,0.3290677484323016
3975.9428585125647,-124.36036551784264,0.3278325992548163
3977.324540350141,-115.09661835838591,0.3263367890192396
3978.7062221877177,-110.88374294004888,0.3249180387057016
3980.087904025294,-99.37287913487637,0.3221319730238988
3981.46958586287,-80.6950150839067,0.3170584900418918
3982.8512677004464,-82.30337453381685,0.3180095493815966
3984.2329495380227,-57.8383145328948,0.3117297323818396
3985.6146313755994,-55.362358490633255,0.31076298128427077
3986.9963132131757,-48.97183669898436,0.3097291828454423
3988.377995050752,-42.54256482691716,0.30717517545801837
3989.759676888328,-30.459452400492978,0.3053431894303753
3991.141358725905,-19.833592189118747,0.3025995062500057
3992.523040563481,2.544542769584041,0.2972896252558781
3993.9047224010574,10.658738053852858,0.295412422296138
3995.2864042386336,10.591475637668282,0.29544533669546286
3996.6680860762103,17.850149771478073,0.29432105121352936
3998.0497679137866,13.728913234111587,0.2955882412645255
3999.431449751363,21.19345932982469,0.2927251814127977
4000.813131588939,25.94386070891187,0.2930844854261544
4002.194813426516,43.715458414527234,0.2899979364343821
4003.576495264092,43.34076632342885,0.2892632821052605
4004.9581771016683,46.762896180794996,0.28849950774621713
4006.3398589392446,53.72925031037278,0.28740679804490643
4007.721540776821,44.58050571758952,0.2886910876210352
4009.1032226143975,56.65852816500603,0.2866198522780634
4010.4849044519738,61.1079995388925,0.2861643575783255
4011.86658628955,66.87295930668404,0.28452815151198513
4013.2482681271263,55.40762736109741,0.28582829391381814
4014.629949964703,66.11150259473072,0.28450473982037483
4016.011631802279,78.82281104296453,0.2824257495346049
4017.3933136398555,68.12100317453314,0.2834992696128958
4018.7749954774317,90.79848364496877,0.2795417637018174
4020.1566773150084,72.62491102691638,0.281845488650699
4021.5383591525847,73.23186070782276,0.2815354464809099
4022.920040990161,78.93759302255967,0.28037736116720574
4024.301722827737,81.95700424839083,0.27934892257294847
4025.683404665314,81.8042201665105,0.27932416073465455
4027.06508650289,76.71835050599941,0.28021674179242445
4028.4467683404664,68.59785266016388,0.2813917498562037
4029.8284501780427,61.39289767483069,0.2825020162598054
4031.210132015619,60.051746371761965,0.28227869141570067
4032.5918138531956,76.69877098113102,0.27921229342855985
4033.973495690772,79.99502126599975,0.278414629930238
4035.355177528348,71.75841072971002,0.27945858127165624
4036.7368593659244,72.60384947326736,0.27952512679504177
4038.118541203501,62.656478166667284,0.2799483760370409
4039.5002230410773,63.51430620063093,0.2819923318540697
4040.8819048786536,55.43667458215032,0.2822889009151985
4042.26358671623,57.86669448404177,0.2820187929296523
4043.6452685538065,63.69044894247986,0.28073051880171596
4045.026950391383,73.22806392139762,0.27867792700167365
4046.408632228959,78.7870684191115,0.277503345239206
4047.7903140665353,70.53577726134279,0.27876447140262206
4049.171995904112,61.30163937902614,0.28084097773193073
4050.5536777416883,56.82608074697271,0.2818525267757113
4051.9353595792645,50.59861748035246,0.28308986674720915
4053.3170414168408,50.329957158504044,0.2835886476357195
4054.698723254417,45.437520625821094,0.2840601637066308
4056.0804050919937,51.420682871009035,0.2834040106323623
4057.46208692957,56.26978782834817,0.2825641433633732
4058.8437687671462,48.095450844092966,0.28421412823238984
4060.2254506047225,35.580244046976645,0.2870320325821561
4061.607132442299,27.29757875321934,0.2882680881930786
4062.9888142798754,24.48179774364553,0.28981904963650135
4064.3704961174517,18.48733119092242,0.29084862161947256
4065.752177955028,17.33257155171168,0.29181435063304517
4067.1338597926047,-0.9636677510731033,0.2957025946600451
4068.515541630181,10.087097706653708,0.29346411203536765
4069.897223467757,-8.606817637950257,0.2976677819547228
4071.2789053053334,-16.16870736309056,0.2993349307830749
4072.66058714291,-17.45395238973333,0.30035853890067227
4074.0422689804864,-37.42066817671639,0.30351302661919255
4075.4239508180626,-45.60647147687291,0.30557936415381926
4076.805632655639,-63.828929484817024,0.3092421033733588
4078.187314493215,-74.97827772111276,0.3120503283650961
4079.568996330792,-86.21087580305897,0.314793131164872
4080.950678168368,-99.92351668909214,0.3178802108144843
4082.3323600059443,-101.82562189681653,0.31884409141185605
4083.714041843521,-116.17712807694392,0.3225610627428356
4085.0957236810973,-132.2258678970175,0.326690381532336
4086.4774055186735,-149.7484039282872,0.3315181383224759
4087.85908735625,-161.80858565237685,0.3358459596451053
4089.240769193826,-166.05502856937903,0.337106375425608
4090.6224510314028,-189.5600133449555,0.3441395148534596
4092.004132868979,-198.17887475772437,0.34871867207539475
4093.3858147065553,-220.28575246682038,0.3553249024186004
4094.7674965441315,-229.70737611655335,0.3598123500949123
4096.149178381708,-235.9607554936345,0.36272468991483164
4097.5308602192845,-260.536662386792,0.3711130462043521
4098.912542056861,-286.05988072520734,0.38194870501018685
4100.294223894437,-309.8427953028685,0.3942206018746195
4101.675905732013,-319.0036231062112,0.3984936229156589
4103.0575875695895,-309.0171903448513,0.39165662282354036
4104.439269407167,-282.8941309529898,0.3794288629945142
4105.820951244743,-268.92928101405283,0.3708412611653707
4107.202633082319,-242.51593100825147,0.3598171463130225
4108.584314919895,-230.2137137110264,0.3529385973191526
4109.965996757472,-229.40773820395947,0.35159106650926353
4111.347678595048,-216.81451232641655,0.3470785914143316
4112.729360432624,-213.92271033046256,0.34480739617422623
4114.1110422702,-194.58764697110388,0.33813250861980015
4115.492724107777,-175.82458943510977,0.3323409771471333
4116.874405945354,-174.42027144684016,0.33132024536193755
4118.25608778293,-171.7067638317119,0.32965916354870284
4119.637769620506,-157.28230056186248,0.3253557456880316
4121.019451458083,-140.56729480020522,0.32022801390654465
4122.401133295659,-140.29764857343116,0.3195024115930305
4123.782815133235,-135.40380494764622,0.3177603934401969
4125.164496970811,-124.20303137669492,0.31504988597306366
4126.546178808388,-117.12468895973558,0.3134678223332789
4127.927860645965,-105.14394601915632,0.3093593337251317
4129.309542483541,-100.11078827530218,0.3071520228586355
4130.691224321117,-96.83909077365928,0.3077277594408206
4132.0729061586935,-89.80224491813897,0.30534183743288107
4133.45458799627,-81.54576226189522,0.3036948368746851
4134.836269833846,-85.38057127918205,0.30424665738537365
4136.217951671422,-79.99231238762127,0.3030377136203574
4137.5996335089985,-66.15379809634715,0.3003441416152485
4138.981315346575,-78.53172910302806,0.30125522867001153
4140.362997184152,-69.43258173204072,0.3008787549767801
4141.744679021728,-52.398887751354096,0.2972543295170251
4143.126360859304,-50.51250697626642,0.29626399643627604
4144.508042696881,-45.180658010256934,0.2955435581955107
4145.889724534457,-43.757087035894756,0.29514016798763054
4147.271406372033,-33.73497587309714,0.2935394770313275
4148.653088209609,-33.7939850443247,0.29343687463379015
4150.034770047186,-36.450873412430155,0.29386994295976543
4151.416451884763,-21.68705985231327,0.2921229564322862
4152.798133722339,-20.12862493220962,0.2906358524904685
4154.179815559915,-17.618558507003513,0.2904746669940736
4155.561497397492,-8.734727546633394,0.28011335123120035
4156.943179235068,-5.410653244779496,0.26010161089470224
4158.324861072644,-8.100816574418445,0.26055223065737715
4159.70654291022,22.230261560173062,0.27343268654059544
4161.088224747797,6.9350931770189845,0.28565978890868476
4162.469906585373,4.394032804079075,0.2863717163233027
4163.85158842295,4.625706923835878,0.2877953164997238
4165.233270260526,9.262552492876239,0.2855178419964853
4166.614952098103,13.949774625145665,0.2849815280633668
4167.996633935679,17.962954100429897,0.28511884207905147
4169.378315773255,11.327365659142288,0.2862767261078544
4170.759997610831,10.442120238441476,0.28666435329901463
4172.141679448408,19.427500770750953,0.2850332231230764
4173.523361285984,19.265200341337618,0.28524773335183085
4174.905043123561,20.976108394900393,0.28493055263931716
4176.286724961137,24.81490260483713,0.2841450254993413
4177.6684067987135,33.62828752813391,0.28279144508472587
4179.05008863629,38.62411291198862,0.2817478753268108
4180.431770473866,43.48965852262859,0.28117225086037506
4181.813452311442,53.66178811116208,0.2799903999019152
4183.1951341490185,54.66469514231483,0.2798157194201447
4184.576815986595,50.97416327769611,0.28079220450441994
4185.958497824171,57.82783776739768,0.27960314546855997
4187.340179661748,71.33322019138234,0.2773259808188662
4188.721861499324,60.01651508386942,0.2785561851453774
4190.103543336901,64.03700546049333,0.27862917477629573
4191.485225174477,64.0287350458542,0.2781874058704637
4192.866907012053,70.07433441574983,0.27744642539333414
4194.248588849629,67.01650074549275,0.2778059654046039
4195.630270687206,71.38226675384487,0.27708529476319843
4197.011952524782,66.83485019700913,0.27790669623177
4198.393634362359,67.79034138938243,0.2774534994397136
4199.775316199935,77.00240870986443,0.27647415988330715
4201.156998037512,70.26981234421328,0.2768930681111947
4202.538679875088,80.85634329745903,0.27608640020851055
4203.920361712664,72.12674555553576,0.27680797072363905
4205.30204355024,72.21790533031583,0.27699224975533054
4206.683725387817,77.6762973797704,0.2759860303480437
4208.065407225393,81.13146051255478,0.2752999133058161
4209.447089062969,82.3754638690757,0.2752489816707047
4210.828770900546,79.76886529213016,0.27591524051973415
4212.2104527381225,74.72451381772305,0.2761072762455184
4213.592134575699,88.18606154489441,0.2746494489213506
4214.973816413275,89.08459232365158,0.2732817486383334
4216.355498250851,87.64317693415649,0.27465261272186575
4217.7371800884275,81.01445761464288,0.27570468499604306
4219.118861926004,78.53165336356335,0.2762866307051013
4220.50054376358,67.96637676034686,0.2783782463548121
4221.882225601157,61.005928657930326,0.2791530380511706
4223.263907438733,78.71441476351367,0.27681673652088334
4224.64558927631,68.1978902192717,0.2779213936042756
4226.027271113886,68.45738252112153,0.2784406366089002
4227.408952951462,65.09917053258744,0.27888329656826627
4228.790634789038,73.65633980898565,0.27762795567915516
4230.172316626615,62.305589254510664,0.27969830256293865
4231.553998464191,54.47125518553503,0.28112164772767184
4232.935680301767,55.524715284239846,0.28115234198733985
4234.317362139344,54.706637057254056,0.2807078825093854
4235.699043976921,72.43228770700648,0.27594348592747764
4237.080725814497,75.08369690746952,0.276904481869427
4238.462407652073,77.38884597340007,0.274998436894196
4239.844089489649,68.33284787082005,0.2777053440582537
4241.225771327226,53.00437642214251,0.28154032668814927
4242.607453164802,56.59616080911826,0.28108161427430456
4243.989135002378,50.25831422960266,0.28209922173802054
4245.370816839955,52.96791662295152,0.2817809631133829
4246.752498677532,49.25435579080579,0.28214222717912635
4248.134180515108,60.089037479991816,0.2813701111525899
4249.515862352684,49.31300527103008,0.28220523071425824
4250.89754419026,45.99518163666403,0.2828354675796981
4252.279226027837,49.17367378095241,0.28268164333932394
4253.660907865413,45.94918416718588,0.2830789916528363
4255.042589702989,44.31150556299417,0.2835967138302651
4256.424271540565,41.62174155168714,0.2842500521963797
4257.8059533781425,33.98601870817777,0.28596484398781913
4259.187635215719,28.917482216710823,0.2862569363078386
4260.569317053295,38.978788289120075,0.28501433345080607
4261.950998890871,29.487500794565335,0.28609871271022
4263.3326807284475,26.35489871271966,0.28729341833090283
4264.714362566024,19.8864101934538,0.28861726266218385
4266.0960444036,19.713049431406034,0.2888824654620555
4267.477726241176,15.100434005466582,0.289641590772808
4268.859408078753,18.607077751570273,0.2890259529441202
4270.24108991633,17.748979768249455,0.28939172925362777
4271.622771753906,11.789903791306756,0.29053627986501707
4273.004453591482,8.457720781794592,0.2913154943993541
4274.386135429058,7.064552523971429,0.29168754369427735
4275.767817266635,6.666990548092372,0.29169651027705706
4277.149499104211,-0.0196190633768083,0.2931845071913551
4278.531180941787,2.0968022817099836,0.29292416491079826
4279.912862779363,0.0,0.2940324125991212
4281.294544616941,0.0,0.2947267562244409
4282.676226454517,-2.1187704988105907,0.295392375042551
4284.057908292093,2.1187704988105907,0.29571192499741333
4285.439590129669,0.0,0.29807887057829074
4286.821271967246,0.0,0.2983009525292169
4288.202953804822,0.0,0.30040443940787515
4289.584635642398,-4.938212976176146,0.2969906914059704
4290.966317479974,-2.782510652162159,0.27174117667443315
4292.3479993175515,-9.16866472374761,0.30079151235146384
4293.729681155128,-11.576217713952587,0.3034913526828757
4295.111362992704,-21.615161848576804,0.3053137976530721
4296.49304483028,-23.704056875372203,0.30550082768026565
4297.8747266678565,-21.575905672629574,0.3059923743131129
4299.256408505433,-42.29737750194272,0.31100593266689724
4300.638090343009,-40.40026405965318,0.3105401195544742
4302.019772180585,-49.138888217393514,0.31289791418013085
4303.4014540181615,-52.52763554423029,0.31383303508111404
4304.783135855739,-54.59324961683109,0.3149025952840056
4306.164817693315,-65.17421140000783,0.3170848868372239
4307.546499530891,-71.1814874533714,0.31922820675738217
4308.928181368467,-78.17664468910829,0.32142083110725705
4310.309863206044,-77.5479766538308,0.32111361514782305
4311.69154504362,-87.25335363689089,0.32392168702706003
4313.073226881196,-96.25429589411448,0.3264562514965106
4314.4549087187725,-102.74940886704883,0.3285372658920309
4315.83659055635,-110.16968806670212,0.33140629425011287
4317.218272393926,-120.4438346997348,0.33233180676785384
4318.599954231502,-122.10438466444731,0.3035729001058883
4319.981636069078,-134.07085000673942,0.333145124334286
4321.363317906655,-141.84826858721067,0.34215146719891
4322.744999744231,-150.69859429686318,0.3451902407139241
4324.126681581807,-161.00391092319603,0.3489804743589808
4325.508363419383,-167.29634463283492,0.35125906304544047
4326.89004525696,-171.31908518416725,0.35305270569617647
4328.271727094537,-183.9113583730682,0.3571939899206383
4329.653408932113,-196.36473104410192,0.36309097235568616
4331.035090769689,-212.175272099499,0.3696906330183737
4332.416772607266,-219.87724638918598,0.37359221879967747
4333.798454444842,-229.53153520071703,0.37832212530388765
4335.180136282418,-242.47359531200408,0.38483804511991143
4336.561818119994,-261.6166290254917,0.3949090627148089
4337.943499957571,-281.58613525450636,0.4064769120952523
4339.325181795148,-306.71522690949865,0.42202930145357537
4340.706863632724,-316.5036499407795,0.42766232805088383
4342.0885454703,-297.86126255440166,0.4161010144022315
4343.4702273078765,-268.9624513920088,0.39977616008535355
4344.851909145453,-253.4993762789312,0.3900076291490456
4346.233590983029,-239.30256405092217,0.3826292765153101
4347.615272820605,-224.8113639960356,0.37617114295609516
4348.9969546581815,-210.99669233502414,0.37053044134407
4350.378636495758,-207.92306312581167,0.3683085851708709
4351.760318333335,-189.81622991397114,0.3387891548900083
4353.142000170911,-188.83618567042055,0.32429537113094264
4354.523682008487,-166.055654006049,0.3331397951033199
4355.905363846064,-169.90614159898405,0.35194786417498203
4357.28704568364,-162.66132069147875,0.34917683461370935
4358.668727521216,-153.48824036450372,0.3452771842152928
4360.050409358792,-149.35064012089003,0.3436151530637837
4361.432091196369,-132.51920740391796,0.33916820291952193
4362.813773033946,-129.75840730109815,0.3372283939076257
4364.195454871522,-131.29831002595034,0.33950022291971554
4365.577136709098,-123.39284209388939,0.33503427250561285
4366.958818546675,-111.10977416967313,0.33045123370458274
4368.340500384251,-95.9375567458124,0.3260765288538596
4369.722182221827,-98.21655511759468,0.326762927464649
4371.103864059403,-95.18502655259994,0.32640659389388643
4372.48554589698,-93.47069147126109,0.32558003290727694
4373.867227734556,-82.5100246968999,0.3226453668809268
4375.248909572133,-76.96671428161807,0.3209694866079575
4376.630591409709,-76.46940622549783,0.3205898154380067
4378.0122732472855,-69.04161614238717,0.31855132294960364
4379.393955084862,-60.80724731298068,0.316136686211528
4380.775636922438,-47.7928199129413,0.3129122618222625
4382.157318760014,-49.480677179018755,0.3135306895595567
4383.5390005975905,-51.60216167758506,0.3133666522412711
4384.920682435167,-38.50723500977438,0.3109738955328888
4386.302364272744,-50.319499312020696,0.31287240107900277
4387.68404611032,-42.43333179590377,0.31178955987573925
4389.065727947896,-39.86616296519276,0.3106394009437937
4390.447409785473,-26.790929119093562,0.3075383022090871
4391.829091623049,-31.30359642062558,0.3085462534260592
4393.210773460625,-26.21858087495923,0.3076135076290591
4394.5924552982015,-24.611274261405583,0.3068188687816422
4395.974137135778,-16.023980272049357,0.3054033130657445
4397.355818973354,-24.428440914918838,0.30637134246745035
4398.737500810931,-21.564798269777725,0.30692905588476477
4400.119182648507,-23.670490829721416,0.3069372110684693
4401.500864486084,-16.458656993479394,0.30552436670457483
4402.88254632366,-13.811751320053759,0.3046972673288997
4404.264228161236,-6.414912415403364,0.3028381946107534
4405.645909998812,-8.671112262494034,0.30382972379387324
4407.027591836389,-7.930750368553049,0.303340883097852
4408.409273673966,-7.0213078209615105,0.30348455377789496
4409.790955511542,-11.430780515413062,0.3041538349280811
4411.172637349118,-6.074998586729976,0.3033116166427676
4412.554319186695,-4.990157205069181,0.302875480438048
4413.936001024271,-4.468312664830364,0.3023193559095832
4415.317682861847,-3.177099457608847,0.3016924157358716
4416.699364699423,4.289368459835828,0.29963353706072027
4418.081046537,0.030340136986183097,0.3006214829423439
4419.462728374576,7.999414989560478,0.2987359734735647
4420.844410212152,9.309358965563092,0.2984434064144232
4422.226092049729,-0.5229171313920915,0.3003357377460335
4423.6077738873055,2.3705632066004227,0.299905216320695
4424.989455724882,-4.704293373993437,0.30105243551191035
4426.371137562458,-5.249513411907856,0.30119862171105166
4427.752819400034,-4.533854909267575,0.3006351579797937
4429.1345012376105,1.546801529702634,0.3001083913435825
4430.516183075187,-3.2771547956301674,0.3003466364280621
4431.897864912764,6.288862965851308,0.29824638042329044
4433.27954675034,0.37442635345587405,0.2996817147416349
4434.661228587916,-4.57149918784944,0.30078547363941954
4436.042910425493,6.530881251612868,0.29791103633502586
4437.424592263069,4.420592804629564,0.29854604679068963
4438.806274100645,3.060610499100335,0.2990238649247678
4440.187955938221,4.607122455246326,0.298594685742955
4441.569637775798,4.12728201717573,0.2989347024835268
4442.951319613374,4.552928629452595,0.29883503391987865
4444.33300145095,1.6251699086318467,0.2985177549406317
4445.714683288527,1.4148582245373973,0.29839105338735605
4447.096365126104,1.9122031086385505,0.2980962482204526
4448.47804696368,-0.22543277051602217,0.2990292789300784
4449.859728801256,5.701430505203007,0.29737254275774566
4451.241410638832,7.326969124096422,0.29679772466689164
4452.623092476409,12.64934130266522,0.29616595827063075
4454.004774313985,8.673335521624267,0.2967003821037299
4455.386456151562,8.442221869630089,0.29737928517994583
4456.768137989138,-4.827061668442184,0.29957686215928137
4458.1498198267145,-2.325278958052195,0.2996357089326577
4459.531501664291,4.056246562266665,0.2977412188812655
4460.913183501867,12.929989220413063,0.2964669324505816
4462.294865339443,14.571287681651938,0.2956892442664069
4463.6765471770195,13.462491390451987,0.2959610425204462
4465.058229014596,18.32824163963039,0.29511548743308086
4466.439910852172,19.250364906373193,0.2949140737516607
4467.821592689748,19.59007404709871,0.29524764400854653
4469.203274527325,5.305374910807814,0.2979255852178192
4470.584956364902,9.301178739646275,0.29702639290096045
4471.966638202478,18.31338934343671,0.29594785135506546
4473.348320040054,15.68155685611191,0.29541370223187774
4474.7300018776305,18.625295872689776,0.29538037345736146
4476.111683715207,4.281680881850548,0.29830572393972976
4477.493365552783,14.762070179543912,0.2962055718585559
4478.87504739036,13.37746810614442,0.29676692479254335
4480.256729227936,11.984547698241045,0.29665367052798935
4481.638411065513,11.838001161216198,0.29711763310996925
4483.020092903089,11.288339718027487,0.29667362261896846
4484.401774740665,22.418632901925662,0.29553420270539105
4485.783456578241,12.190372909844086,0.2966789214612367
4487.165138415818,14.352211126832685,0.2967968655723739
4488.546820253394,9.20925896717506,0.2977314086857475
4489.92850209097,7.436065967096397,0.29817582086550976
4491.310183928546,9.06747378403827,0.2982808744682907
4492.691865766124,3.0526264596607007,0.29872462502564545
4494.0735476037,12.012796200543221,0.2978140205259773
4495.455229441276,13.642276710768783,0.2974642986840666
4496.836911278852,16.304851885027006,0.297024570122453
4498.218593116429,11.921539219352098,0.297951201575189
4499.600274954005,9.769650799551982,0.2985135278253301
4500.981956791581,7.084604445767809,0.2992651226583596
4502.363638629158,6.869615746335626,0.2992327907800005
4503.7453204667345,11.242546283237402,0.2984882105790212
4505.127002304311,8.255207091588204,0.2989026146937308
4506.508684141887,5.534205338894253,0.29958930611835904
4507.890365979463,7.6798901856795965,0.2993034336109667
4509.2720478170395,11.25191138917694,0.29786704316649976
4510.653729654616,3.7414787329795445,0.3002870141501702
4512.035411492192,4.878828407147125,0.3002241612834936
4513.417093329768,4.577363156763681,0.29973843924902865
4514.7987751673445,4.589214629407479,0.3000533657692736
4516.180457004922,4.444764915524274,0.3001651794422433
4517.562138842498,0.9564349962047345,0.30098844624849064
4518.943820680074,-1.851096784239985,0.3014121573421425
4520.32550251765,-0.26428995527749066,0.3008287790826338
4521.707184355227,6.780878805429666,0.29999641897317914
4523.088866192803,4.871967491178339,0.299524410241551
4524.470548030379,4.774740991355088,0.2997869848585113
4525.852229867956,5.978983181352078,0.2994856666309259
4527.233911705533,8.963340962472785,0.298726742284389
4528.615593543109,10.58848314538659,0.2983792847900988
4529.997275380685,8.758145364524466,0.29891787995494645
4531.378957218261,4.994774496315131,0.2994719494833838
4532.760639055838,6.749805581647365,0.29887331938617945
4534.142320893414,19.776610653581884,0.2970896441634789
4535.52400273099,11.497366735519904,0.29781154103724183
4536.905684568566,9.92638191551032,0.2984132760229677
4538.287366406143,12.524654132434193,0.2979133903276569
4539.66904824372,13.972220735669566,0.29764348419849157
4541.050730081296,18.631659311952717,0.2966651093898688
4542.432411918872,12.888852808480578,0.2984457613226336
4543.8140937564485,5.595987609887402,0.2996419865446671
4545.195775594025,3.998798764414005,0.3005373914229186
4546.577457431601,0.0,0.30133244953435306
4547.959139269177,9.64742023301892,0.29925005053234266
4549.340821106754,16.17687597751808,0.29856061144573587
4550.722502944331,3.1135415308480106,0.30019947963972293
4552.104184781907,14.194809129073406,0.3000231745863697
4553.485866619483,0.0,0.3013637035501973
4554.8675484570595,13.703213822564067,0.2991411080360699
4556.249230294636,8.536156642540845,0.3001998648154178
4557.630912132212,2.4848341958373794,0.3018340456896332
4559.012593969788,-0.17366334009489037,0.3027468320938473
4560.3942758073645,0.0,0.30277764012534175
4561.775957644941,-3.752150983259753,0.30385809811604514
4563.157639482518,-9.516343507667557,0.304974161581586
4564.539321320094,-3.811451685626025,0.3044816817969214
4565.92100315767,-5.879774276496278,0.30444261539990164
4567.302684995247,1.868987176523433,0.3032782799508905
4568.684366832823,0.8333274154155106,0.3031529436761419
4570.066048670399,4.874849008626029,0.3029835316776861
4571.447730507975,-3.501829129201383,0.30474687236064696
4572.829412345553,-2.057271371086699,0.3045651346057186
4574.211094183129,0.0,0.3043731562288066
4575.592776020705,3.098409103811491,0.30384357828379116
4576.974457858281,-1.5664208514396023,0.30505502849759814
4578.356139695858,-4.070776745523858,0.3054597577758028
4579.737821533434,5.879774276496278,0.3036578477516885
4581.11950337101,3.141055474749578,0.30415766323194854
4582.501185208586,1.5664208514396023,0.30481462550617394
4583.882867046163,-1.2091671879989008,0.30582524993643545
4585.264548883739,-6.00372653726663,0.3070655163260465
4586.646230721316,-8.697010913225654,0.30743209961067314
4588.027912558892,4.499549760937953,0.30502981371338017
4589.4095943964685,0.7527254142705715,0.3053870953143355
4590.791276234045,10.884977854453382,0.30355422449418584
4592.172958071621,3.0936049785818795,0.30544540701893
4593.554639909197,-0.03645644230118705,0.30665303907900776
4594.9363217467735,-0.4298218025606957,0.30681268033307074
4596.318003584351,0.0,0.30680060539062814
4597.699685421927,3.5225423982360553,0.306055935940179
4599.081367259503,1.589444410544047,0.306706821557979
4600.463049097079,-0.4508923789483106,0.3067541923985815
4601.844730934656,-2.123942398049053,0.307582173676196
4603.226412772232,-0.7591515105680173,0.30733396953005554
4604.608094609808,-1.2146096538551774,0.30754346750547146
4605.989776447384,0.4484668005364938,0.3073130133223478
4607.371458284961,-1.2093302346032715,0.307758693949594
4608.753140122537,3.195652280136187,0.3067836001279034
4610.134821960114,-1.3646425695430935,0.30819962786954713
4611.51650379769,-3.140496782511377,0.30828787790263973
4612.898185635267,3.4466400009371227,0.3069301278719395
4614.279867472843,1.619207077395231,0.30757511548664257
4615.661549310419,-2.642004794137506,0.3086897230378217
4617.043231147995,-6.925766470079566,0.3096621552448082
4618.424912985572,-5.973836929495633,0.30999414936320474
4619.806594823149,-6.706144539938464,0.3097247619714499
4621.188276660725,-0.9911023096349254,0.3090378252458264
4622.569958498301,-0.4254322110539306,0.3085394330855452
4623.9516403358775,-4.696289960074864,0.30968058399985815
4625.333322173454,-1.8040036595900801,0.3091905192080684
4626.71500401103,-5.5014217617456325,0.30974424301164905
4628.096685848606,6.7479460767709725,0.3076551977228816
4629.4783676861825,-2.3198503411089177,0.3093352291830259
4630.860049523759,-0.1571415187315779,0.30915701984591154
4632.241731361335,2.717895885691405,0.3086165835911603
4633.623413198912,-4.210955616833758,0.3103440843243216
4635.0050950364885,-5.510498080930802,0.31070890504634086
4636.386776874065,1.30679716548957,0.3093634005730761
4637.768458711641,1.4192597747020272,0.3097296832230787
4639.150140549217,0.0,0.3096267114549547
4640.5318223867935,7.010796143665971,0.3084996698946636
4641.91350422437,4.089107653866563,0.3087284782960274
4643.295186061947,-0.13682808981684502,0.30975874076036597
4644.676867899523,6.775141811433286,0.3083694042513465
4646.058549737099,8.988095988641135,0.30763546174917356
4647.440231574676,8.646845722403327,0.3085473344424278
4648.821913412252,0.0,0.3104441871414121
4650.203595249828,-7.534616804967413,0.31241290590422455
4651.585277087404,-7.942644857163373,0.3131313531573619
4652.966958924981,-5.748949543250774,0.3122441113118296
4654.348640762557,1.0585991639570693,0.31097131178214676
4655.730322600133,-5.061011075623696,0.31240116193758255
4657.11200443771,-2.679553027049792,0.3113581063527423
4658.493686275287,9.407924890542745,0.29631393679350554
4659.875368112863,3.9154864676028183,0.2811732722370105
4661.257049950439,4.373067163138444,0.2811532209263752
4662.638731788015,8.148254606295154,0.3105096203077362
4664.020413625592,7.278469410421849,0.310999813320548
4665.402095463168,0.1745755797877564,0.3124157503686348
4666.783777300745,2.649278415387812,0.31271945312624494
4668.165459138321,-3.5081877098817813,0.3138283698156485
4669.5471409758975,0.32547633055480674,0.31313337148026343
4670.928822813474,-5.12454334512438,0.3149775639764273
4672.31050465105,0.9036997902924213,0.31305411183397275
4673.692186488626,3.1827113793269746,0.31343992021109496
4675.0738683262025,0.709543838749255,0.31357613507089693
4676.455550163779,0.0,0.31485306508809097
4677.837232001355,-1.6497933817806825,0.3146617644747486
4679.218913838931,0.7511432725600571,0.31454262791337106
4680.600595676508,-0.486782030465406,0.3147919589055575
4681.982277514085,-2.8607131426622345,0.3155004562813136
4683.363959351661,-3.4591223719073696,0.3157816955950602
4684.745641189237,-3.93634165791093,0.31581666819412624
4686.127323026813,-3.5794583509733684,0.31593407180779537
4687.50900486439,-2.487375765034699,0.3154125091911274
4688.890686701966,1.5992790934684535,0.31451172126943977
4690.272368539543,2.2606245640453153,0.3143909377462958
4691.654050377119,0.0,0.3150564241621695
4693.035732214696,-1.9983617326123522,0.31569245883183805
4694.417414052272,-3.084416007172763,0.3164950395228333
4695.799095889848,1.6577077017767579,0.31461518951079814
4697.180777727424,3.0527990254662427,0.314680740528015
4698.562459565001,2.5466447332952384,0.31466507943871086
4699.944141402577,6.431156904105933,0.31385217582624386
4701.325823240153,0.27698135528316925,0.3153008640264681
4702.707505077729,3.5794583509733684,0.31475499859810147
4704.0891869153065,-1.1769407878467746,0.31572645099795893
4705.470868752883,-1.983715161395594,0.31685579179375056
4706.852550590459,-3.5770623120846494,0.3168590011108659
4708.234232428035,-4.761447433359422,0.31777079244090756
4709.6159142656115,-13.558983119035645,0.3197479881148954
4710.997596103188,-5.576901060150078,0.3181392348738889
4712.379277940764,-4.4513449571263095,0.3177426538946056
4713.760959778341,-5.641349009922294,0.318389097068428
4715.1426416159175,-1.7495312358472574,0.3169749237741712
4716.524323453494,1.11073980497315,0.3168225917817044
4717.90600529107,-0.7303117054077575,0.31734077110644426
4719.287687128646,6.750144900839814,0.31568593720824567
4720.6693689662225,6.551908290685105,0.3160843245158174
4722.051050803799,6.272760916386517,0.3160121637446001
4723.432732641375,5.6943889635441,0.31657186316177205
4724.814414478951,9.46990379814548,0.31656470208412635
4726.196096316528,10.8620186304193,0.317517234492552
4727.577778154105,-0.25383461037762345,0.3204090423227983
4728.959459991681,0.6577510690210602,0.3207060916520779
4730.341141829257,0.9896741741668507,0.32112981185108386
4731.722823666833,-1.0440055573777727,0.3227176793951924
4733.10450550441,0.5220027786888863,0.3229445689417379
4734.486187341986,-2.6605703299494508,0.32406295741615593
4735.867869179562,0.0,0.3238452600458913
4737.249551017139,-2.7514546713059644,0.3248785839400035
4738.631232854716,-5.736618718298132,0.3258694968687369
4740.012914692292,0.6526860029999284,0.32218412288651094
4741.394596529868,1.8804247391134936,0.32410923059514474
4742.776278367444,0.9412800856993044,0.3251277768335381
4744.157960205021,-3.3826212778095623,0.32649836649713343
4745.539642042597,2.201563686906013,0.3253550739529561
4746.921323880173,3.3826212778095623,0.32588806732005154
4748.303005717749,0.0,0.32694383759821966
4749.6846875553265,-2.6809210765225657,0.32878627579708364
4751.066369392903,0.0,0.3290528466548831
4752.448051230479,-1.700357025744438,0.3297139653403603
4753.829733068055,-5.115186498743867,0.3311412328011747
4755.2114149056315,0.0,0.3303047511128711
4756.593096743208,6.90690476980069,0.32884202341246505
4757.974778580784,2.589559831210181,0.33018649367666547
4759.35646041836,-2.9996612213083154,0.3322319289659102
4760.738142255937,0.0,0.3316613658619607
4762.119824093514,2.9996612213083154,0.33126989232723125
4763.50150593109,0.0,0.3332437637134546
4764.883187768666,-2.3270157033026635,0.33407667081816056
4766.264869606242,2.3270157033026635,0.3333120330392337
4767.646551443819,-1.4916972985308234,0.3349251336633872
4769.028233281395,0.0,0.3345348256889797
4770.409915118971,1.4916972985308234,0.33453541864088165
4771.791596956547,0.0,0.3350392942427541
4773.173278794125,0.0,0.33614536505774634
4774.554960631701,0.0,0.336787233582857
4775.936642469277,0.0,0.3376512648655542
4777.318324306853,-1.3116540483046037,0.3384995550299767
4778.70000614443,-1.6993815222978128,0.3386065259150766
4780.081687982006,-0.5327749814207436,0.3387602023130565
4781.463369819582,-0.40855159155807996,0.33866171823094604
4782.845051657158,2.4872317983348466,0.33796797676478657
4784.2267334947355,1.4651303452463935,0.33898504531612267
4785.608415332312,0.0,0.34039744223247015
4786.990097169888,0.0,0.3411880261227284
4788.371779007464,0.0,0.3423726331107849
4789.7534608450405,0.0,0.3428666348112051
4791.135142682617,0.0,0.3442487294422603
4792.516824520193,0.0,0.3457288723717943
4793.898506357769,-3.081533019434744,0.3468455385931162
4795.2801881953455,0.0,0.3476745874647749
4796.661870032923,-0.7823638590433575,0.3476983887068925
4798.043551870499,3.8638968784781014,0.34701650117297445
4799.425233708075,0.0,0.3491425648447076
4800.8069155456515,0.0,0.3501715202194408
4802.188597383228,0.0,0.3519721895043826
4803.570279220804,-8.031894084196779,0.3543946979860341
4804.95196105838,0.0,0.3533254144760198
4806.3336428959565,4.359237172233463,0.3520632831744023
4807.715324733534,0.33060724307028977,0.35352335444674876
4809.09700657111,0.0,0.3540489141372186
4810.478688408686,3.3420496688930257,0.354781827057699
4811.860370246262,-5.10348623440558,0.35683787144330154
4813.242052083839,-7.198919486814475,0.36000118266802505
4814.623733921415,-12.12778351664241,0.3615632972229094
4816.005415758991,-19.262175604784147,0.36432750631491656
4817.387097596567,-15.200856352942878,0.3630883027303004
4818.768779434144,-18.989376514376943,0.3643331150464669
4820.150461271721,-24.92965714839511,0.3668419653710862
4821.532143109297,-28.094164761455374,0.36816851111360105
4822.913824946873,-29.4223991211436,0.3689820761520915
4824.29550678445,-38.64102970821267,0.372619478743334
4825.677188622026,-38.14598041732455,0.37288683532822475
4827.058870459602,-42.83746657309075,0.3748473597073372
4828.440552297178,-51.17705624191956,0.3782971056657682
4829.822234134755,-49.239853928551895,0.37809014886409525
4831.203915972332,-55.72202303273457,0.38069824942352826
4832.585597809908,-60.26020851015841,0.38298477095412264
4833.967279647484,-62.281348642770524,0.38466849531874625
4835.3489614850605,-71.2301907745657,0.38826738570524033
4836.730643322637,-75.10755790739955,0.3903662932892379
4838.112325160213,-79.91125122948273,0.39375951395391495
4839.494006997789,-87.40499098608854,0.3962109082927978
4840.8756888353655,-91.66927816163667,0.39920129748729183
4842.257370672942,-91.38845430867246,0.39938945695882627
4843.639052510518,-100.43121994175158,0.40449206394972226
4845.020734348095,-106.7481894160752,0.40731311141604587
4846.402416185671,-111.11730467279597,0.4110612665918544
4847.784098023248,-113.27652463114413,0.4117834247882862
4849.165779860824,-122.93773024891897,0.4180004461724027
4850.5474616984,-126.07311194281613,0.4203463015955329
4851.929143535976,-129.89843820908072,0.42227952293501814
4853.310825373554,-138.27541899183655,0.42846409417186987
4854.69250721113,-145.66604441070592,0.4338377447154981
4856.074189048706,-158.98984410355533,0.4433448766142218
4857.455870886282,-170.93920673902673,0.45370970224593704
4858.837552723859,-184.67960648210882,0.4658549731919094
4860.219234561435,-203.40876173862682,0.482990858444592
4861.600916399011,-213.50137053015612,0.4909090678361005
4862.982598236587,-196.47319805785997,0.47733000073490167
4864.364280074164,-177.0528017429932,0.45967411142053755
4865.74596191174,-164.2294925437893,0.4489497275659569
4867.127643749316,-153.4635997998241,0.44041792950401487
4868.509325586893,-141.9176299387501,0.43263825917856824
4869.8910074244695,-135.4235829524937,0.4275759983184738
4871.272689262046,-127.10760270980256,0.4226000472958042
4872.654371099622,-122.16959686099494,0.41895693589417926
4874.036052937198,-118.52437652297863,0.4168880096897277
4875.4177347747745,-109.56432351648624,0.41229758127633415
4876.799416612352,-113.210175492833,0.4134558737568506
4878.181098449928,-106.6136545511713,0.4099537227894053
4879.562780287504,-99.12461087866296,0.40587252027499515
4880.9444621250805,-92.3766230272389,0.40150236531933264
4882.326143962657,-94.56943166206628,0.4026592238758827
4883.707825800233,-87.78658199741977,0.39901355523702675
4885.089507637809,-84.38693317139268,0.3969098751578663
4886.4711894753855,-81.76991704050204,0.395990450791409
4887.852871312962,-78.68876021122736,0.39386553496452853
4889.234553150538,-74.45152587693173,0.39191891796918615
4890.616234988114,-69.34087876149056,0.3891265570218879
4891.997916825691,-68.82175934090247,0.3888295265644367
4893.379598663268,-66.92389306738085,0.38740861104486035
4894.761280500844,-60.62666144717389,0.38473645783653976
4896.14296233842,-57.222646006074456,0.3829824451256503
4897.524644175996,-54.96370494086875,0.3816666177358914
4898.906326013573,-50.2325782536189,0.3800457775493462
4900.28800785115,-50.55160597994001,0.3796381577137656
4901.669689688726,-45.06470796893632,0.3772734996315973
4903.051371526302,-44.16536934700275,0.3768491382992024
4904.433053363879,-46.6935158087872,0.3777506031570042
4905.814735201455,-43.03863048814043,0.3758837848188278
4907.196417039031,-32.84089586672491,0.3720374914210944
4908.578098876607,-32.79805705752142,0.3715318130366813
4909.959780714184,-33.107675103681515,0.37192849909359166
4911.34146255176,-33.698228857032916,0.3712408695004234
4912.723144389336,-25.378748450764192,0.3689258567732713
4914.104826226912,-24.591375062314057,0.36776146835286344
4915.4865080644895,-22.303654021889884,0.3670743120933725
4916.868189902066,-26.36034059116173,0.36852711715155984
4918.249871739642,-19.429846134096692,0.3657016696837945
4919.631553577218,-15.061758730909446,0.3640451958510286
4921.0132354147945,-15.79297903500941,0.36433614066893005
4922.394917252371,-21.620968786955586,0.3667001385095135
4923.776599089948,-13.004368564158653,0.3632836593223799
4925.158280927524,-19.26762020418539,0.36582986914741106
4926.5399627651,-13.076002338964656,0.36344876473263243
4927.921644602677,-17.35513107780605,0.3648765974402873
4929.303326440253,-10.751575650430482,0.3624367392592752
4930.685008277829,-6.5257619104160085,0.3608259546100855
4932.066690115405,-9.300075004043038,0.36131686129971685
4933.448371952982,-1.9528754573520928,0.35893817306185305
4934.830053790558,-1.395872536861532,0.3583038242418865
4936.211735628134,0.2846177668641303,0.35816383318902995
4937.59341746571,-3.500948224117792,0.35873972450064634
4938.975099303288,-1.5200218419690827,0.358067058262404
4940.356781140864,-0.705973827106618,0.3576707165544846
4941.73846297844,-1.1254240367242119,0.35724789967910053
4943.120144816016,-3.411013979016161,0.35757991296506747
4944.501826653593,-2.39086194774751,0.3560020723505684
4945.883508491169,3.0513885055895003,0.35450101270257467
4947.265190328746,-0.9401164116794689,0.35508774894117584
4948.646872166322,4.164492819957729,0.3538576066011782
4950.0285540038985,-1.0751685600654923,0.3545896058576246
4951.410235841475,0.6578206561814568,0.354641071092091
4952.791917679051,-2.351824097547592,0.3553227607574643
4954.173599516627,-2.6783633855981748,0.35542801032775734
4955.5552813542035,-1.4830443401600064,0.3550358649477856
4956.93696319178,1.7962312805620968,0.35366176427810914
4958.318645029356,0.2510827241338802,0.3540702539943552
4959.700326866932,-0.06755794023587214,0.3542387451841052
4961.082008704509,2.209827981900787,0.35310254136737834
4962.463690542086,4.475498522149849,0.35264160396477
4963.845372379662,10.906937117543634,0.34987398215231774
4965.227054217238,4.751123863639634,0.35204263438075445
4966.6087360548145,7.248266151451617,0.3516689615843443
4967.990417892391,6.0028755874973285,0.3509751513615368
4969.372099729967,5.114381385028025,0.3528543815365228
4970.753781567544,3.9674604640250095,0.3502265574706071
4972.13546340512,0.6406668743801447,0.35190389503487957
4973.517145242697,3.024547904557835,0.32959295832729607
4974.898827080273,8.053390176214293,0.31590728533616974
4976.280508917849,8.006681063986434,0.34926061550300286
4977.662190755425,2.147029688267878,0.35115849811158345
4979.043872593002,5.255937384843548,0.35049507573049843
4980.425554430578,0.12482747811526451,0.35209651693375876
4981.807236268154,3.6263004061734705,0.35060005664448285
4983.18891810573,5.50472800792528,0.35085498374950397
4984.570599943307,3.2110146838287505,0.35096899372826434
4985.952281780884,2.2328520396382032,0.3515322755786957
4987.33396361846,4.146510571000533,0.3510879109576343
4988.715645456036,3.6304458603461285,0.35060274373286787
4990.097327293613,6.843005347223482,0.3504460440306176
4991.479009131189,4.556759333712193,0.35066037913958575
4992.860690968765,4.720365437105556,0.3506532179645472
4994.242372806342,10.557508574411258,0.34869865291957175
4995.6240546439185,9.98459981018766,0.3487174804850441
4997.005736481495,11.054638806842036,0.3483266750551441
4998.387418319071,9.5135395985086,0.3493333922223657
4999.769100156647,5.683224999257163,0.3506846653033441
5001.1507819942235,3.5963549680482743,0.35132015338871236
5002.5324638318,2.5329144543057964,0.35209699172475334
5003.914145669376,4.901837566111112,0.35149896959967364
5005.295827506952,1.8424368210245916,0.3522054128015666
5006.6775093445285,4.917442604237749,0.3514687459495941
5008.059191182105,4.160664108377603,0.351684142886586
5009.440873019682,3.9453026387581644,0.35188305034064443
5010.822554857258,2.456607083671827,0.3522579247987672
5012.204236694834,4.520404695326306,0.35198176653572494
5013.585918532411,7.653765375668797,0.3510293609124634
5014.967600369987,7.2635510661039575,0.35049338257394275
5016.349282207563,3.7424028474470674,0.3528724070046676
5017.73096404514,2.05496852618694,0.3529600952657308
5019.112645882717,3.9939581234987145,0.3526180995415999
5020.494327720293,7.894491560195206,0.35132534847360336
5021.876009557869,6.967645781555348,0.35115591674651053
5023.257691395445,3.503190313509492,0.35308720114797276
5024.639373233022,7.488350139738202,0.35109907731581497
5026.021055070598,11.251986546303328,0.3501158634910794
5027.402736908174,9.5321984018031,0.35063723980238753
5028.78441874575,6.078999127391114,0.35218758627510877
5030.166100583327,3.947408237755269,0.3526289782910935
5031.547782420903,9.419626891234486,0.3512247315904028
5032.92946425848,8.635385506799253,0.35106825985693174
5034.311146096056,9.028501452056673,0.35111558618872046
5035.6928279336325,6.947719895859109,0.3520247947778004
5037.074509771209,10.654541900694937,0.34992699301916086
5038.456191608785,10.265786113153922,0.35156251508927566
5039.837873446361,8.053545111854135,0.35109983894505714
5041.2195552839385,5.241101672033267,0.35154964465282457
5042.601237121515,5.078171407670766,0.352510526548565
5043.982918959091,3.587975338417266,0.3535197021577317
5045.364600796667,5.062391907695144,0.35222793737407054
5046.7462826342435,2.067916172064656,0.3537858884927665
5048.12796447182,3.8334340267550147,0.3532385765594205
5049.509646309396,1.296370335348115,0.35406696784077185
5050.891328146972,5.2306681929212,0.35327126293582756
5052.2730099845485,3.0976151095599676,0.35335317149097156
5053.654691822125,4.598988068117137,0.3535456873620561
5055.036373659702,-0.04586447213193878,0.3546485887593191
5056.418055497278,0.8605125996115817,0.3543638609969432
5057.799737334854,4.493055825979184,0.35330136900900067
5059.181419172431,6.921006264365076,0.3519965365218254
5060.563101010007,8.18335326111071,0.3518764637736446
5061.944782847583,8.89481822090255,0.3513775048384975
5063.326464685159,9.690201966723066,0.3512523184175984
5064.708146522737,7.145171437096508,0.352387368896424
5066.089828360313,1.3875933149020625,0.35410819629031687
5067.471510197889,-0.5807964157986021,0.35497882225965655
5068.853192035465,5.645860333710004,0.35313825972277946
5070.234873873042,5.095616708950445,0.35309428374407764
5071.616555710618,-0.7014940411915518,0.3551261057685696
5072.998237548194,-0.5717208499988828,0.355224077862328
5074.37991938577,0.2713470103568625,0.3551421544660154
5075.761601223347,-2.411341577659016,0.35594895534220994
5077.143283060923,0.846584891202042,0.35461200978425733
5078.5249648985,5.164121354810163,0.35359496625272907
5079.906646736076,1.2667611315656018,0.3544741160972093
5081.2883285736525,0.4234998927669267,0.3547207951004667
5082.670010411229,4.171872689114082,0.35424492343065966
5084.051692248805,-3.099398378405283,0.3556769995212205
5085.433374086381,1.672234403585776,0.3551659252272336
5086.8150559239575,-0.7035194767568669,0.3555365938135382
5088.196737761535,-1.3931877237608887,0.35590203387980585
5089.578419599111,1.4050135179484187,0.3553091184493542
5090.960101436687,0.0,0.3557286103896181
5092.341783274263,0.0,0.3561186815225346
5093.72346511184,-0.37506725355274284,0.3562048873793494
5095.105146949416,-1.1543579527194652,0.35665853640152684
5096.486828786992,-3.254486180718118,0.3576354392448226
5097.868510624568,-7.8574450308838095,0.35939636989352436
5099.250192462145,0.0,0.35667378492552254
5100.631874299721,1.1543579527194652,0.35653131266493826
5102.013556137298,-5.397538369620577,0.35875103735953684
5103.395237974874,-4.665696430116441,0.3586282614089045
5104.776919812451,-1.997828244439404,0.35815822333787334
5106.158601650027,4.928364813967335,0.35512386406767493
5107.540283487603,3.8894535626084235,0.3559963038785689
5108.921965325179,1.1122692378739316,0.35662903040829275
5110.303647162756,0.0024749692982481974,0.3571680703080909
5111.685329000333,0.08015087120224962,0.3576368636659218
5113.067010837909,-0.5307216156338654,0.357023126033664
5114.448692675485,-3.420181088985089,0.3597627469189019
5115.8303745130615,1.511195829119174,0.35690534834077164
5117.212056350638,-1.6788010892286138,0.35886193103576386
5118.593738188214,-5.04974797387564,0.36016094810567273
5119.97542002579,0.255728690493811,0.35904321625280333
5121.357101863367,3.201118201378165,0.3568992433829129
5122.738783700943,-2.0911766933750187,0.35999185175041143
5124.120465538519,-3.0692374139200638,0.35966056153648274
5125.502147376096,0.0,0.3588903756820996
5126.8838292136725,-0.7896790176254171,0.3590717090215951
5128.265511051249,4.054313760763307,0.35728289352980747
5129.647192888825,4.266125258317118,0.35718759134055644
5131.028874726401,9.248401613906765,0.35558310258124953
5132.4105565639775,3.2827438240950073,0.35777958335429877
5133.792238401554,1.5672848929755787,0.35868033421211354
5135.173920239131,-1.984328988213747,0.3604017474951352
5136.555602076707,-2.742362855198053,0.36080747862452184
5137.937283914283,-4.573233634322719,0.3616458750539142
5139.31896575186,2.065294477467603,0.35926044984611
5140.700647589436,-4.1315202612929625,0.36155855117787483
5142.082329427012,-2.79388176256532,0.3612577231049283
5143.464011264588,-0.09026228636315636,0.36000723200113943
5144.845693102165,1.2165739953806565,0.35950956841951576
5146.227374939741,-0.40001357974995244,0.3602926805066582
5147.609056777317,4.310223404092426,0.3588956266581261
5148.990738614894,-0.6836042488272938,0.36031448911967234
5150.372420452471,-0.6129992584734509,0.36076710603427137
5151.754102290047,1.5460728514530047,0.3597464417192073
5153.135784127623,-0.5821101269929727,0.36065743359660635
5154.517465965199,1.5267910108182718,0.35997069726239517
5155.899147802776,-0.029456734177074395,0.3605890732659888
5157.280829640352,-0.2407962998278208,0.36081952228239456
5158.662511477929,-4.648786900124151,0.36255887508253803
5160.044193315505,-7.111006268401354,0.3636285245566418
5161.4258751530815,0.9821237067429252,0.36020314065842274
5162.807556990658,1.797838742993406,0.3603333402326749
5164.189238828234,1.0145469500674835,0.35972285536086884
5165.57092066581,5.646184039300238,0.3591559159093906
5166.9526025033865,4.49864700016991,0.35925448049055747
5168.334284340963,1.797348156075543,0.360539022021156
5169.715966178539,-0.8647240091247568,0.3614184904818725
5171.097648016115,-1.3360512318101883,0.3623202587548876
5172.479329853692,2.1015633285244917,0.36028176205859186
5173.861011691269,1.0823626510574513,0.3613665599622462
5175.242693528845,-0.6143688294565663,0.3618269132871107
5176.624375366421,0.9328267845674532,0.36166081223301144
5178.006057203997,-0.7323520652330444,0.36239296118133946
5179.387739041574,-2.7161372454595494,0.3633844373445235
5180.76942087915,4.630533470357136,0.3594969605807943
5182.151102716727,0.1894333532774226,0.36249142601187795
5183.532784554303,-2.0477965845872177,0.3635499859474727
5184.91446639188,4.82429094837164,0.36155221830984596
5186.296148229456,0.3212418046427956,0.3633385779555757
5187.677830067032,-1.899975868874435,0.36432999777511366
5189.059511904608,-1.2568776391120764,0.36381781934716795
5190.441193742185,5.6438800385245145,0.36226563623107716
5191.822875579761,-0.9347121131227709,0.3632853957402677
5193.204557417337,-3.0019471109433766,0.3656425279148501
5194.586239254913,-2.962369719556648,0.36529560586470916
5195.9679210924905,-5.280539824976984,0.3667740639889366
5197.349602930067,1.725255127706987,0.36338316620841216
5198.731284767643,-2.812656725387342,0.36735957713190953
5200.112966605219,-4.004572565737988,0.3658508297080068
5201.494648442796,-1.1772440446181918,0.3667096676748877
5202.876330280372,-3.8231770058191614,0.3669509668328049
5204.258012117948,4.5872326056576185,0.36349163577206356
5205.639693955525,8.17785812641523,0.33905215685126217
5207.0213757931015,0.2809578574880902,0.33166593519112614
5208.403057630678,-1.9347347810646056,0.3325073987672292
5209.784739468254,6.069382158468045,0.3621710002942982
5211.16642130583,-0.21921423560104358,0.3665400380859843
5212.5481031434065,-4.447909835732048,0.3686090657091155
5213.929784980983,-4.562250098920913,0.36870891986446797
5215.311466818559,-3.602151650724636,0.36835306283041336
5216.693148656135,2.250316216784654,0.36616223698478134
5218.0748304937115,3.096656093367926,0.36579308777612957
5219.456512331289,4.747391506451947,0.3651598183962604
5220.838194168865,1.8140172195048763,0.3663806512834202
5222.219876006441,2.0318796298781763,0.3666264289976092
5223.601557844017,0.8052253852534932,0.3671942278935266
5224.983239681594,3.3648475837069327,0.3669922326210553
5226.36492151917,-2.8011279908768074,0.3687775713750968
5227.746603356746,-3.2428692402124284,0.3705014588477165
5229.128285194323,3.6308446155925935,0.366996629872519
5230.5099670319,1.2100658644052942,0.3681955591931312
5231.891648869476,-2.2439541447666898,0.3701948447675712
5233.273330707052,-0.7813367395590944,0.3687685084093781
5234.655012544628,-1.3941079118467314,0.3709725743781194
5236.036694382205,2.201064518200951,0.3677593300514597
5237.418376219781,4.322072657190404,0.36848609520073566
5238.800058057357,-1.0806652771065615,0.36990082863189183
5240.181739894933,-1.88384596448833,0.3707104853186121
5241.56342173251,-2.8217584504703837,0.3712122985291761
5242.945103570087,-1.8321116367513355,0.370904404241335
5244.326785407663,1.0297011143448458,0.37017148060172334
5245.708467245239,-5.478864223507287,0.37211566839952853
5247.0901490828155,-2.678705483544661,0.37156015268666903
5248.471830920392,-1.0184844018515946,0.3706928493642621
5249.853512757968,-1.5665543388766423,0.3709742918799207
5251.235194595544,-1.5062596683267202,0.3711409953096848
5252.616876433121,-3.8080173596208624,0.37183563053453295
5253.998558270698,2.099149678958156,0.3700369957031441
5255.380240108274,3.980922408464494,0.3682212840629864
5256.76192194585,2.0520120734678926,0.37009017793992105
5258.143603783426,1.7371200785688075,0.37010093943668876
5259.525285621003,4.827964122151002,0.36935176121858704
5260.906967458579,3.495011729688258,0.3696565072182336
5262.288649296155,2.4235906642459213,0.3705272811111241
5263.670331133731,0.0,0.3713332062088888
5265.052012971308,1.5735330004022217,0.3715196353156736
5266.433694808885,4.489245185890866,0.3705437912671375
5267.815376646461,-1.248868671810385,0.3728807160392988
5269.197058484037,-3.209817560371846,0.37379078154686257
5270.578740321614,-2.0758265953094224,0.373661070996228
5271.96042215919,-1.8565447273521158,0.37362333629656613
5273.342103996766,-1.2534019042893192,0.3731182970905657
5274.723785834343,1.671734856002388,0.37266774367709815
5276.1054676719195,0.4886373755314253,0.3729839883447836
5277.487149509496,0.0,0.37325579956117283
5278.868831347072,-1.9831624763872355,0.37442030620356304
5280.250513184648,-2.344725568714466,0.37457606516837805
5281.632195022225,-2.334812603105206,0.37434163333695925
5283.013876859801,2.2219664027807084,0.37337081552185114
5284.395558697377,-4.875943026484094,0.3750185461452769
5285.777240534953,-0.6949172482775339,0.37441138728977613
5287.15892237253,0.6732784059320238,0.37396769925105894
5288.540604210106,-0.8856243256913672,0.374377660129156
5289.922286047683,-1.090201062900178,0.3746090475640977
5291.303967885259,2.4489477121780965,0.3734836699386935
5292.6856497228355,1.1108983178044696,0.37432689920758927
5294.067331560412,-5.127305870701321,0.3760194362527051
5295.449013397988,0.8220513041459867,0.37416359105200087
5296.830695235564,5.18716301727153,0.3727190000253668
5298.212377073141,-2.739582123462583,0.37539633480018764
5299.594058910718,0.6742199933732422,0.3743756178861636
5300.975740748294,6.564515342209631,0.37233203193514663
5302.35742258587,3.9784765154020647,0.3739048736028398
5303.739104423446,-2.0098313561930468,0.3758358562475533
5305.120786261023,0.6621774197606669,0.3756699973880062
5306.502468098599,0.0,0.37566563762456184
5307.884149936175,0.372686851719493,0.37584543360378264
5309.265831773751,-2.1666885996713745,0.3769840419002181
5310.647513611328,-2.60674173339072,0.3770381855440998
5312.029195448904,0.0,0.37624378154995675
5313.410877286481,0.7966907497767011,0.3760252632446544
5314.792559124057,0.1648508121949135,0.3760315489897409
5316.174240961634,2.0098313561930468,0.37551175358103667
5317.55592279921,2.5802480829794945,0.3755355283468515
5318.937604636786,0.19244644499758579,0.37653167462348475
5320.319286474362,4.9671274543143795,0.37467975064011405
5321.7009683119395,1.3711002614465997,0.3764799290564864
5323.082650149516,0.0,0.3769347285121518
5324.464331987092,-0.5986968909959387,0.37781274346096494
5325.846013824668,-5.734127075524384,0.37982766347439123
5327.2276956622445,0.09454649131572523,0.37812375205740917
5328.609377499821,-2.8738449473254946,0.37818810907048805
5329.991059337397,0.6666891383355846,0.3780574337591114
5331.372741174973,2.5704424836620774,0.37666823631897317
5332.7544230125495,0.5401712885592929,0.37772773939054494
5334.136104850126,0.6758216534449843,0.3784325595778673
5335.517786687702,-2.031315235340969,0.37868754145650213
5336.899468525279,-1.9992162934410658,0.3809400601765065
5338.281150362855,1.8119266660425524,0.37787181826079674
5339.662832200432,1.1060390065947558,0.3789978479860246
5341.044514038008,0.9798200479363572,0.37921597486319725
5342.426195875584,1.3692637788453226,0.3795012387308995
5343.80787771316,-1.3539456025593495,0.3810133805157898
5345.189559550738,-2.475636922397314,0.38197153307534115
5346.571241388314,-3.184232657517555,0.3824914044406088
5347.95292322589,0.0,0.38140373525855303
5349.334605063466,-1.2141070627090471,0.38121961649452685
5350.716286901043,7.1151674038564465,0.37911338832117825
5352.097968738619,1.2141070627090471,0.3810255675958354
5353.479650576195,-1.3827172867822242,0.38224855529913715
5354.861332413771,2.1203263476562597,0.3812579573879729
5356.243014251348,0.9262238983286011,0.3816661751965086
5357.624696088924,-0.24925398418469058,0.3824406018092481
5359.0063779265,1.0661746763617543,0.3821954864888665
5360.388059764077,1.2477444651677843,0.38167953416593886
5361.769741601654,-0.7337309417997631,0.38369092850189906
5363.15142343923,-1.8084431157525387,0.38333070802422553
5364.533105276806,-0.03847755940444131,0.3831906229890307
5365.914787114382,0.3374127627949406,0.38311677648813336
5367.296468951959,-2.038450435176742,0.384085481848765
5368.678150789536,-1.1841229652758898,0.384399569052642
5370.059832627112,-1.1952570758639354,0.3844312292857343
5371.441514464688,-0.6939150631366715,0.38434688991655475
5372.8231963022645,-3.808976707112606,0.3856420001705282
5374.204878139841,2.8841851885659935,0.38250095176041105
5375.586559977417,0.9978680740329651,0.38386703800089866
5376.968241814993,-3.425480294021554,0.385619997164629
5378.3499236525695,1.0545989408886953,0.3836539383154294
5379.731605490146,0.6956434343874207,0.38390304190756486
5381.113287327722,-1.796285058808678,0.38526805112547197
5382.494969165298,-1.3425430753989076,0.38530321992448036
5383.876651002875,0.0,0.38487883273597195
5385.258332840452,-1.823615718997985,0.3862308683165087
5386.640014678028,-7.322691626076278,0.38877885477067736
5388.021696515604,2.5998376372780285,0.3841271523302568
5389.40337835318,2.078684683092604,0.38451868682247686
5390.785060190757,2.8066828337324523,0.38450016556929045
5392.166742028334,1.5842158107530508,0.38552778742101784
5393.54842386591,-4.10480543537858,0.38759325717726156
5394.930105703486,1.3265907785407762,0.38649314278670943
5396.311787541063,0.7516885106376208,0.38591697173393846
5397.693469378639,-2.584640658015246,0.38773129944387985
5399.075151216215,0.44182985870230596,0.3867386817695249
5400.456833053791,0.2828954820327567,0.3867841221290289
5401.838514891368,0.9393377199892257,0.3866936772555861
5403.220196728944,1.6816833722188562,0.3872083897277486
5404.60187856652,-1.1317417165283246,0.3886322233329516
5405.983560404096,0.0,0.38818725463956955
5407.3652422416735,-1.8528829760682584,0.3880219973002491
5408.74692407925,-5.367303195384977,0.3897957668722824
5410.128605916826,-4.539778848003948,0.39063196988135157
5411.510287754402,-0.5356366530514833,0.38920456754103677
5412.8919695919785,-0.6597597902342045,0.38925627448958133
5414.273651429555,-0.8096613125349563,0.38921698631385215
5415.655333267132,1.106511230548449,0.38853799113782217
5417.037015104708,0.5031113818207587,0.38857133190199267
5418.418696942284,2.0763673654918193,0.3886606180161641
5419.800378779861,0.20061824241253134,0.38875418253807664
5421.182060617437,-6.245030909826312,0.3930932023892753
5422.563742455013,-2.928096992895803,0.3905315925378066
5423.945424292589,-0.6718822994858442,0.3899822863724341
5425.327106130166,-5.242594156293308,0.39213875348850247
5426.708787967742,-1.5051340506910833,0.3901935815649554
5428.090469805318,2.169990479291016,0.38862406367311225
5429.4721516428945,0.0,0.38926600518021176
5430.853833480472,0.0,0.3892955041801664
5432.235515318048,1.0460026171805907,0.3879280471669387
5433.617197155624,-1.988843585922325,0.35793497479202585
5434.9988789932,6.180424791599023,0.3505796059578797
5436.380560830777,13.950530408887687,0.37931004065150736
5437.762242668353,1.0277036683759206,0.38943415040883195
5439.14392450593,2.120134967732838,0.38961528301277076
5440.525606343506,2.9178142684140767,0.3893892837774403
5441.907288181083,0.9102326232914493,0.39026824987890085
5443.288970018659,0.5754973375744044,0.3907890302761584
5444.670651856235,-1.0547338935208472,0.39147310750601033
5446.052333693811,0.35356963536690955,0.3911992382960374
5447.434015531388,3.220759043637088,0.38989702998688175
5448.815697368964,-0.15650977560488855,0.39171945318495177
5450.19737920654,-1.9634386117195959,0.39236773759677285
5451.579061044116,2.3822125525127262,0.390648333234255
5452.960742881693,5.18836873888182,0.3899222721237576
5454.34242471927,3.154633562345282,0.39087209129106143
5455.724106556846,0.0,0.3923577106393712
5457.105788394422,0.0564163409367211,0.3923985020723496
5458.4874702319985,1.2141456610846717,0.39201813745527114
5459.869152069575,0.0,0.3917121347749047
5461.250833907151,0.04728067020562321,0.3920063238910834
5462.632515744728,0.2547804173520376,0.39168751251138656
5464.014197582304,-1.4316126647178748,0.3935658344331575
5465.395879419881,-2.376022635039874,0.3944344217656866
5466.777561257457,-1.5603479440757155,0.3942479351860644
5468.159243095033,-1.5431781668232247,0.39446137844306656
5469.540924932609,-0.5403710505931372,0.39408772493872973
5470.922606770186,1.8106435439193547,0.39290209803979953
5472.304288607762,1.2655593067832456,0.3931141212326953
5473.685970445338,0.5403710505931372,0.39386700676382197
5475.067652282914,-3.384712834811296,0.3955882367739105
5476.449334120491,1.966756100016653,0.3943831753903821
5477.831015958068,-1.6296684755416777,0.39538747973693195
5479.212697795644,-5.259286082755352,0.397403304870139
5480.59437963322,-3.171311357700972,0.3966269666160003
5481.976061470797,-0.8004879951142243,0.3955563949112905
5483.357743308373,-1.4769941448984127,0.3961314475727708
5484.739425145949,-1.3666182203721746,0.39583452235087
5486.121106983526,-0.05394664764656909,0.3954621893357147
5487.5027888211025,2.713409551336156,0.3939394712416599
5488.884470658679,2.7938157631634226,0.39476242500778425
5490.266152496255,-3.0058806321346196,0.3965721589183728
5491.647834333831,2.041194729853032,0.3954827901727128
5493.0295161714075,-3.222431335362785,0.39793987794877
5494.411198008984,2.0250546501458757,0.3939692923370779
5495.79287984656,2.682475842384804,0.3931594028112295
5497.174561684136,-0.08876343929466657,0.3963980822648021
5498.5562435217125,1.954941564697151,0.39536509486709054
5499.937925359289,2.0944749511431837,0.395851429615522
5501.319607196866,-0.7651033330532186,0.396781200936316
5502.701289034442,-3.5707132916020328,0.3986322554977371
5504.082970872018,-2.236401835798233,0.3982450389272817
5505.464652709595,-0.6856824656147751,0.3979311689723061
5506.846334547171,-2.411522171673653,0.3982091959924774
5508.228016384747,2.1206303024504223,0.39711189919071554
5509.609698222324,1.942226020043222,0.3962562780252588
5510.991380059901,1.7499617066833935,0.39691789735268135
5512.373061897477,0.7478027565517209,0.39735485348437966
5513.754743735053,0.47298312103345097,0.3973900399440281
5515.136425572629,4.281687047837806,0.39620859521459545
5516.518107410206,4.965546544314805,0.39603661752903374
5517.899789247782,2.411522171673653,0.39728744141382244
5519.281471085358,-0.06552676366453625,0.3991305737236952
5520.663152922934,-2.643227880791187,0.40028778494828154
5522.044834760511,-4.788167529350744,0.40175525587007416
5523.426516598087,-3.984430062110448,0.40171642796261736
5524.808198435664,-4.406348385814169,0.40221673311296086
5526.18988027324,0.0,0.3996772176473477
5527.571562110817,1.8371398406715116,0.3996378887144416
5528.953243948393,1.5265648245511443,0.3996213170080159
5530.334925785969,2.643227880791187,0.3991853309395047
5531.716607623545,-0.006706498520884452,0.40088382815616924
5533.0982894611225,-0.7119788297342211,0.4004570007046735
5534.479971298699,0.0,0.4011639175328837
5535.861653136275,0.6027842222417235,0.40028550471917057
5537.243334973851,2.6214735788702797,0.3999711338171211
5538.6250168114275,0.0,0.40055988415832533
5540.006698649004,1.0105769014231782,0.4011552891315931
5541.38838048658,-0.21405469181718217,0.401454994435241
5542.770062324156,-2.352419887338442,0.4026355393936059
5544.1517441617325,0.0,0.40175938099086766
5545.533425999309,0.844504113894402,0.40156879922326494
5546.915107836885,-0.6009262301669196,0.40230593627398176
5548.296789674462,-1.8617647051426616,0.40350168179572177
5549.678471512038,-4.166671332211479,0.40414697332737326
5551.060153349615,1.5120284434694895,0.40203303363670206
5552.441835187191,-1.1220963246367432,0.40320859810583504
5553.823517024767,-1.0753931016639626,0.4035402600350961
5555.205198862343,5.020320241787715,0.39922445222156633
5556.586880699921,4.365324840341657,0.4017040131156178
5557.968562537497,1.1220963246367432,0.40181321707956275
5559.350244375073,2.412272275797079,0.4024463283805991
5560.731926212649,-1.3552497511068395,0.4044986362725151
5562.113608050226,0.14327612896005348,0.4037369378187429
5563.495289887802,-0.5702267476657994,0.4043188334208947
5564.876971725378,-2.051617770602718,0.4048242977022382
5566.258653562954,0.36641489980758024,0.40429648438916993
5567.640335400531,0.0,0.40398821273177593
5569.022017238107,0.9147354366000968,0.40396562771454775
5570.403699075683,2.729257008157333,0.4030216927608569
5571.78538091326,1.502789084338417,0.40399365567290424
5573.1670627508365,-0.7101685395725781,0.4055196760220371
5574.548744588413,-1.011391878707343,0.4037560255030327
5575.930426425989,-0.4674667489385911,0.3859096942695971
5577.312108263565,-4.930192716548959,0.3658774263254272
5578.6937901011415,-2.4314914326424173,0.3669975447112183
5580.075471938719,-0.6019482970715444,0.38130749546606796
5581.457153776295,-0.06102326425167348,0.3951829067304687
5582.838835613871,-0.005083769858117648,0.40198401380628324
5584.220517451447,-1.3921059620965934,0.4060257205219126
5585.602199289024,1.3053035808902678,0.40568960213970756
5586.9838811266,3.295472997323941,0.4043058787138012
5588.365562964176,-0.15618479996794576,0.40704517357903175
5589.7472448017525,2.6230492915582886,0.4054704008557684
5591.128926639329,2.9755282569805104,0.40606512565087877
5592.510608476905,-1.938192238004035,0.40739645622961734
5593.892290314481,-1.1195569348964796,0.40817137536990866
5595.273972152058,0.30114469817976897,0.40734432699672385
5596.655653989635,0.878571939872927,0.40730889066895093
5598.037335827211,0.3386828149770622,0.4077823426508395
5599.419017664787,-1.8654162759096948,0.4087264460806141
5600.800699502363,0.4793721639648538,0.4077529798072393
5602.18238133994,-0.0701896612249584,0.4081605475015973
5603.564063177517,-1.7598408573813344,0.40903988914362815
5604.945745015093,-2.0730804729373062,0.4090032253184276
5606.327426852669,-0.5079322311550527,0.4080475024502631
5607.709108690246,-0.05741278192363097,0.40938953851208676
5609.090790527822,0.7467842143080929,0.4067457641899388
5610.472472365398,1.2201346801406316,0.40838208641085966
5611.854154202974,-0.8684150228751832,0.408430183816035
5613.235836040551,-1.3693395596900473,0.40945295514013985
5614.617517878127,2.8434018953724376,0.40730533320932394
5615.999199715703,1.730384871706974,0.4078219513038491
5617.380881553279,0.9657094830694177,0.40819133670923063
5618.7625633908565,1.512885659198048,0.40801091098988707
5620.144245228433,2.212662874989576,0.4077713171823165
5621.525927066009,0.5486890444094001,0.4087757726174949
5622.907608903585,0.22067542471063462,0.4090373929302965
5624.2892907411615,0.0,0.40958275564494756
5625.670972578738,-1.651641315457141,0.41049829648949543
5627.052654416315,-1.3393587923729342,0.4113717720214402
5628.434336253891,-4.348488473734733,0.41288588384346964
5629.816018091467,-1.3898629185706,0.41222421916440233
5631.197699929044,-3.2830101221259156,0.4113264622144931
5632.57938176662,-1.3579678000957642,0.41312090358770887
5633.961063604196,1.6373218315288227,0.4094084578385175
5635.342745441772,0.6015833780073763,0.4113902077855693
5636.724427279349,-1.0478717852575983,0.40198683085715003
5638.106109116925,1.8930248992197107,0.3710080011766317
5639.487790954501,4.208775915192291,0.3866388732412338
5640.869472792078,2.8675659930556776,0.41047461032104365
5642.251154629655,-0.10971981012738752,0.4124325440061991
5643.632836467231,-0.7826951727802225,0.41281762380243675
5645.014518304807,1.3941446423493744,0.4122878084024589
5646.396200142383,-2.386479984129039,0.4137410242239554
5647.77788197996,-1.8808898470519466,0.4142214768547305
5649.159563817536,-0.0022720847306345604,0.41274247805496944
5650.541245655113,-3.21596354025678,0.4152424726222654
5651.922927492689,1.5998641132484863,0.4117743923576245
5653.3046093302655,0.8697452294876484,0.41357543053023715
5654.686291167842,0.07173642416819348,0.412239721432126
5656.067973005418,-0.04082004078571799,0.41401247926672874
5657.449654842994,0.04082004078571799,0.41310054853494305
5658.8313366805705,1.2040949971755595,0.413247260141935
5660.213018518147,-0.09929001184622166,0.41412041142310374
5661.594700355723,-2.820177115587171,0.41561988987539294
5662.976382193299,0.4323930940487344,0.4140000385848706
5664.358064030876,3.1105989623018786,0.4126568295853102
5665.739745868453,0.0,0.4141639474460157
5667.121427706029,-1.3571412101454143,0.4153224271978979
5668.503109543605,-1.363489648279085,0.41562550813675
5669.8847913811815,-1.294203939026147,0.41581139499907627
5671.266473218758,1.20050972052951,0.4145734167908139
5672.648155056334,1.8877207499544397,0.4139879154812795
5674.029836893911,-0.9211843278584411,0.4160104717414584
5675.411518731487,0.2442806576632961,0.4153484633332539
5676.793200569064,-0.7994541873354137,0.415536449406226
5678.17488240664,0.0,0.4162576039359389
5679.556564244216,4.7969656655404265,0.41205772690631254
5680.938246081792,1.0377384998875527,0.41586007483595927
5682.319927919369,-3.208931906811756,0.4171289858396861
5683.701609756945,1.2972980861404153,0.41547205795752046
5685.083291594521,-1.2747009952533404,0.41635588909353327
5686.464973432097,-1.1404523911228353,0.41651076025118694
5687.846655269675,-0.3479855034140087,0.41603783747483525
5689.228337107251,1.1899025426802154,0.4156720748118943
5690.610018944827,0.8874443313393954,0.41595029209593404
5691.991700782403,-1.4636416367287666,0.417119125976483
5693.37338261998,-0.0290432457999259,0.4167530041919622
5694.755064457556,0.7124445673480864,0.4164992975321674
5696.136746295132,-1.8103335918327161,0.41824678413338884
5697.518428132709,-3.0188219484719525,0.4188147169260422
5698.9001099702855,-2.8743255444312013,0.41888928105329204
5700.281791807862,-3.355371412732268,0.41960782161115134
5701.663473645438,1.325691704310998,0.416192176220169
5703.045155483014,4.1476677880297075,0.4160130694324907
5704.4268373205905,1.1877520124957641,0.4162705425633188
5705.808519158167,-1.9113491392931792,0.4190710440534765
5707.190200995743,1.1589377060936954,0.41724384650908297
5708.571882833319,2.388552832581638,0.4170469668496222
5709.9535646708955,-0.5970125761314193,0.41875913270520687
5711.335246508473,-1.451785200779284,0.41905355921310167
5712.716928346049,2.554129842520524,0.41736006476933635
5714.098610183625,1.5451363418638948,0.4178244878464997
5715.480292021201,-2.055735622263569,0.41993726586984265
5716.861973858778,0.15779323252121458,0.4183506694475942
5718.243655696354,1.9614807304499209,0.4178106556542981
5719.62533753393,1.212684589582011,0.4177270801525483
5721.007019371507,0.9265740901255981,0.41826322859587156
5722.388701209084,0.7349255239147965,0.41812146103702086
5723.77038304666,1.451785200779284,0.41908731883374334
5725.152064884236,-2.9984944936988995,0.4202455047767473
5726.533746721812,-3.0017243629115455,0.42154896414051835
5727.915428559389,0.4801530543647914,0.4200315312246415
5729.297110396965,0.025105944296853977,0.41956598008651
5730.678792234541,-1.2117542015256504,0.42096679274392235
5732.060474072117,-1.9239153729571399,0.42167401772013025
5733.442155909694,-3.8692438403111282,0.4229157548222468
5734.823837747271,2.2643138771636018,0.4190048513854561
5736.205519584847,3.63063775275873,0.41862138243121677
5737.587201422423,-0.7475020853041201,0.4210611674177473
5738.9688832599995,-2.247791887485789,0.42270740827881315
5740.350565097576,-3.3605634583582287,0.4228321870369406
5741.732246935152,-1.4055281491475284,0.4219684188937774
5743.113928772728,0.3631958809488083,0.42127946611538847
5744.495610610305,-1.1237049451866028,0.4218826262838468
5745.877292447882,-1.9393732480776293,0.4222933821903069
5747.258974285458,1.4055281491475284,0.4211387244681498
5748.640656123034,1.552261121270476,0.4205127125937388
5750.0223379606105,2.848359709153783,0.4193257434822647
5751.404019798187,3.979781355478849,0.41983233409846854
5752.785701635763,0.0,0.42109206997780774
5754.167383473339,-0.12417828247475882,0.4221463206599927
5755.5490653109155,-1.1338621018514345,0.4225357608930064
5756.930747148492,-2.2166962723057395,0.4232997024692378
5758.312428986069,-4.747315911092926,0.4245679199032096
5759.694110823645,-3.0129514412849403,0.4238674581932698
5761.075792661221,0.7021344041010593,0.42261146724420323
5762.457474498798,-6.138112111607029,0.42569953364245966
5763.839156336374,-6.649345026691833,0.4265085094770972
5765.22083817395,-0.607449208143521,0.4228435623908854
5766.602520011526,-0.4625383680776167,0.42247836963669166
5767.984201849104,-0.6077127523840318,0.4215066502559712
5769.36588368668,4.00014958230031,0.41844299056913287
5770.747565524256,4.453064798761716,0.41804115747911547
5772.129247361832,-0.8832839117891353,0.4211358429145339
5773.510929199409,1.637437752907715,0.4199118377372279
5774.892611036985,2.230381441163729,0.4205064570631412
5776.274292874561,1.187544385468243,0.42076829102146807
5777.655974712137,-0.897531935097561,0.42228922347965225
5779.037656549714,-2.0375946054649035,0.4233698975074479
5780.41933838729,-4.245536711664272,0.4243006283664212
5781.801020224867,-2.0035719060726933,0.42345668039475315
5783.182702062443,0.9223906247642049,0.4220227687885928
5784.5643839000195,-1.9796853032765398,0.42277385000666684
5785.946065737596,3.2638451703518285,0.42044485420644506
5787.327747575172,3.084843003550759,0.42023129322775543
5788.709429412748,-0.03570799700992211,0.42174972539253136
5790.0911112503245,0.03570799700992211,0.42198090344392575
5791.472793087902,-0.72166734471665,0.42246092301296617
5792.854474925478,-2.7518890715028874,0.42310060468727695
5794.236156763054,0.984727305770889,0.42185221924910066
5795.61783860063,1.8009053555820174,0.4200023888026665
5796.999520438207,5.591363871149497,0.41903146491193477
5798.381202275783,5.253128609361454,0.41918608607743196
5799.762884113359,1.993095754800379,0.42066418782930154
5801.144565950935,4.633461325997587,0.41828219516540194
5802.526247788512,7.778186587122832,0.41818458952470833
5803.907929626088,-2.520499082368758,0.4250701307109052
5805.289611463665,0.7587933167025085,0.42592469617847417
5806.671293301241,-2.1970190775454057,0.4275605273624521
5808.052975138818,-3.504597129566946,0.4308446328893863
5809.434656976394,-1.577066406890367,0.4290545161842365
5810.81633881397,-1.1241568566439923,0.42926180213717036
5812.198020651546,1.9890587775044537,0.42673180736792105
5813.579702489123,1.415686860893004,0.4299732105979574
5814.9613843267,-0.7125197987198817,0.43240175942648595
5816.343066164276,0.8741625934939634,0.43233033898008166
5817.724748001852,-0.03672675122254532,0.43405000209556605
5819.1064298394285,-2.760688992138455,0.43615867333141906
5820.488111677005,-1.4189117932806994,0.43608893259490605
5821.869793514581,0.8635669562980297,0.43548422307816875
5823.251475352157,0.7274010538071707,0.4365655700177651
5824.6331571897335,-0.07139453922866323,0.43759187406558575
5826.01483902731,0.26544835119290155,0.4381044489349992
5827.396520864886,0.05594045118579061,0.4390345944476079
5828.778202702463,-0.48323425255063057,0.4397597961135427
5830.1598845400395,0.0,0.4407649007417139
5831.541566377616,-0.15971786546555222,0.4417674418524941
5832.923248215192,-0.9433605223961763,0.44254364373427335
5834.304930052768,1.5498176133831976,0.4424811843747948
5835.6866118903445,-1.415527211754977,0.4448515212112955
5837.068293727921,-0.8655509047746364,0.44546266773790894
5838.449975565498,-1.8729322667355177,0.44752744531538957
5839.831657403074,-2.8286482682538576,0.448632663777276
5841.21333924065,-1.3529265858101098,0.44861978388580853
5842.595021078227,-2.932647609379387,0.4503650046894668
5843.976702915803,1.2407286181117456,0.4481299523582937
5845.358384753379,-0.953965642309754,0.45163789330642223
5846.740066590955,-1.8166673800033095,0.4509172685932766
5848.121748428532,0.41805760483140375,0.451861221779724
5849.503430266108,-0.7671220014806863,0.45300506927748885
5850.885112103684,-5.0964475559351285,0.4561365623019578
5852.266793941261,-2.4479829321966236,0.45611186115255814
5853.648475778838,-3.4922484798497067,0.45729861051504406
5855.030157616414,0.05287858525690581,0.45485079971903697
5856.41183945399,1.48633772570264,0.4562663972146962
5857.793521291566,-0.9990484281829026,0.4571301700682058
5859.175203129143,0.09878625475926128,0.4577782396788789
5860.55688496672,3.090675841061625,0.4566550912478769
5861.938566804296,4.639920278543002,0.45645304540385717
5863.320248641872,4.575066616657352,0.4574107739518277
5864.7019304794485,0.7675416023440675,0.46063987416341345
5866.083612317025,-0.11025273620793996,0.461634832385541
5867.465294154601,3.204757294060528,0.4609056290489536
5868.846975992177,1.2431892416959158,0.4633035626171965
5870.2286578297535,-0.845152336987212,0.4648413069431706
5871.61033966733,1.6078289580761975,0.46440796676751483
5872.992021504906,2.238922141175806,0.46505080815040484
5874.373703342482,4.342341306331377,0.4644409253729414
5875.7553851800585,2.6276287375125094,0.4659964193570664
5877.137067017636,2.8071085355110768,0.4679788760198795
5878.518748855212,2.5384057165682634,0.47013224673485937
5879.900430692788,0.0,0.47297143846739137
5881.282112530364,-1.6895563228167134,0.47547808218901166
5882.663794367942,-5.256258599046021,0.47850961151479726
5884.045476205518,-5.148724965142776,0.47932679129869454
5885.427158043094,-1.7264585152773861,0.478361538335986
5886.80883988067,-0.09502555249906663,0.47721622978923484
5888.190521718247,0.6108980755427069,0.4753584551507849
5889.572203555823,2.3714637114966877,0.47084675999284475
5890.953885393399,0.4275405668302028,0.47194218206101124
5892.335567230975,-0.8744444419716615,0.47782498621400854
5893.717249068552,-1.630868895477363,0.48102648456951036
5895.098930906128,1.20399254594804,0.47901326362641744
5896.480612743704,0.7512479584917742,0.47913872519885375
5897.86229458128,-3.944890332762327,0.4838070557641203
5899.243976418857,-1.2573277437193155,0.4854372327723962
5900.625658256434,-0.9097161605423594,0.48745559744800876
5902.00734009401,-1.2888771381269635,0.48747113924646285
5903.389021931586,-0.822556217266083,0.48971304529670995
5904.7707037691625,1.0558531644991263,0.48743167086714007
5906.15238560674,1.4815382296119424,0.48932779871260546
5907.534067444316,-0.43826946939890377,0.4904127026343099
5908.915749281892,0.3582193228053825,0.49197608720884717
5910.2974311194685,-4.153341958664441,0.49499938184213604
5911.679112957045,-0.4289024324659749,0.4935024346607961
5913.060794794621,2.864338813172367,0.4927841399751301
5914.442476632197,-1.0304793992976897,0.4950886442103192
5915.8241584697735,-1.3410231601860687,0.49569552075236833
5917.20584030735,5.053702070970985,0.4930666857001744
5918.587522144926,-1.5949126979084554,0.4974882959883575
5919.969203982502,-3.4087315764531922,0.5011979708749896
5921.3508858200785,-1.0032481096528159,0.5001514842550531
5922.732567657655,-2.2525698187924377,0.5016660112743043
5924.114249495232,-3.170082655085878,0.5025709725984555
5925.495931332808,0.06999973940389737,0.5014919855579784
5926.877613170384,1.3367845475469267,0.5009511215449736
5928.259295007961,3.1096058460805125,0.5009449644980242
5929.640976845538,3.175211761999549,0.5014299290318849
5931.022658683114,2.7073536916398098,0.5020683278834563
5932.40434052069,4.289494683726275,0.5013566263787808
5933.786022358267,4.517265272787142,0.5024341997470592
5935.167704195843,2.404164386313653,0.5052558788243816
5936.549386033419,-1.2196125816469703,0.5090694680660907
5937.931067870995,-2.224550488865475,0.5118631018387629
5939.312749708572,-3.4516514882741376,0.5133477005042343
5940.694431546148,-5.490048158433694,0.5154397620725852
5942.076113383724,-5.57447606168256,0.5165692750292548
5943.4577952213,-5.473538588689905,0.5172189058543766
5944.839477058877,-3.7026844503496363,0.5163839305739634
5946.221158896453,-4.418127741959296,0.5174883215313776
5947.60284073403,-2.9317306274143675,0.5163652249442826
5948.984522571606,0.672987544759792,0.5144371209785449
5950.3662044091825,0.12944340399150178,0.5140981046148074
5951.747886246759,2.230680065085437,0.5130528117782226
5953.129568084336,3.2632965578842743,0.5126213771611566
5954.511249921912,1.7591501391509041,0.5144399854492393
5955.892931759488,0.18013894342325898,0.5159571737421375
5957.274613597065,-1.5586009621062544,0.5177072087245895
5958.656295434641,-2.3141113670363893,0.5186665931442522
5960.037977272217,-0.10088784911721405,0.5172261603417974
5961.419659109793,1.501998733670689,0.515536860524491
5962.80134094737,3.9816373736749426,0.5136046861460191
5964.183022784946,5.497122732383843,0.5128345997629795
5965.564704622522,4.808982811291742,0.5135571876160416
5966.946386460098,0.7797093783244122,0.5172035791763764
5968.328068297675,-4.789173008454696,0.5218213145422844
5969.709750135251,-5.534829298706654,0.5229273076434071
5971.091431972828,-2.211871452446559,0.5200805690656803
5972.473113810404,1.978658543384654,0.5166757369613799
5973.854795647981,3.970859263085657,0.51493163674108
5975.236477485557,3.4247317893847082,0.5153285257243398
5976.618159323134,1.1634491772818194,0.5170462391990317
5977.99984116071,-0.8588806510631457,0.5190840303475416
5979.3815229982865,0.3709528114301577,0.5185974841730852
5980.763204835863,2.1831198649176713,0.5175689421869021
5982.144886673439,1.3923288242891942,0.5184209637643643
5983.526568511015,1.6170934405930097,0.5186421688151267
5984.9082503485915,2.3131961302341324,0.51798485454623
5986.289932186168,0.5760054913040165,0.5186702636900945
5987.671614023744,-1.5843426901097928,0.5208201246416789
5989.05329586132,-2.827453146888814,0.522449874053649
5990.434977698897,-3.209134056946084,0.5233671659893323
5991.816659536473,-3.926970965945742,0.5241770181449493
5993.198341374049,-4.022150431862883,0.5243359855026335
5994.580023211626,-1.2866968544387305,0.5227068630638038
5995.9617050492025,1.0263512655717477,0.5210612135568177
5997.343386886779,1.218371887187459,0.5208705313627556
5998.725068724355,0.663051834511748,0.5208754223921814
6000.106750561932,2.640494457741511,0.5196212903560924
6001.488432399508,5.71080820916211,0.5171612928821608
6002.870114237085,6.453055029858007,0.5167201272301888
6004.251796074661,5.251473936693742,0.5181646360196657
6005.633477912237,2.9206175205607394,0.5202978376841116
6007.015159749813,0.28335536201291234,0.5230324780408155
6008.39684158739,-1.53016407856029,0.5255483977536818
6009.778523424966,-1.5309007434636897,0.5253819244249649
6011.160205262542,-1.9341785951768315,0.5261542714160985
6012.541887100118,-3.394573141306239,0.5270211195567515
6013.923568937695,0.0,0.5245264428535055
6015.305250775271,2.2073212034692915,0.5224764434759394
6016.686932612847,2.1924633280194143,0.522844356003089
6018.068614450424,0.38443814839993706,0.5242380252893067
6019.450296288001,-2.121911171886353,0.5258298305541956
6020.831978125577,-0.21916624409053043,0.5248976473365917
6022.213659963153,0.2571237306490275,0.5247375057652239
6023.59534180073,-2.5614654133359807,0.5268433038204
6024.9770236383065,-1.368510812427985,0.5250727210234353
6026.358705475883,1.8186806149456345,0.5220060327105688
6027.740387313459,1.4852088549116615,0.5218104924592953
6029.122069151035,-0.16114843081783192,0.5218469466374354
6030.5037509886115,1.622490141039151,0.5205008506222654
6031.885432826188,0.5156553734669274,0.5205635396047188
6033.267114663764,0.0,0.5200665409215552
6034.64879650134,2.2558282221806394,0.5185652449873529
6036.0304783389165,-0.1343758499196781,0.5197672005698777
6037.412160176493,-2.4817380949004075,0.5209371403618682
6038.793842014069,-0.49449888990332624,0.5189369522244441
6040.175523851645,0.0,0.5179209189872259
6041.557205689222,-1.4743323811014761,0.5182182226642863
6042.938887526799,-1.0082252007889565,0.5172405808430897
6044.320569364375,-0.7362772446974475,0.5161351128631859
6045.702251201951,0.610844498965605,0.5140531037350372
6047.083933039528,2.7389398921652344,0.5120159569076979
6048.465614877105,2.5614654133359807,0.5114669738968435
6049.847296714681,0.7188585568981694,0.5119060836080473
6051.228978552257,-0.21170874712333898,0.5117336842819779
6052.610660389833,1.288422095250212,0.5103576403635709
6053.99234222741,2.9927445027132364,0.5085397555024896
6055.374024064986,1.4462537583831931,0.5095814638587628
6056.755705902562,-1.5096356128163109,0.5108659634391821
6058.137387740138,-1.0779756293955245,0.5102431293184393
6059.519069577715,0.6033223644445798,0.5067108661826086
6060.900751415291,1.3977576919172634,0.5036550303449111
6062.282433252867,0.7003023378931914,0.5071224768150562
6063.664115090443,0.0,0.5056673348402585
6065.0457969280205,0.32186771064490927,0.5051185013171199
6066.427478765597,0.8315942873571771,0.5034533785625527
6067.809160603173,0.32906650158477646,0.5033558647152229
6069.190842440749,0.0,0.5044442993275293
6070.5725242783265,-1.5872075577521798,0.5057052051761974
6071.954206115903,-1.9749329820873243,0.5051269535629827
6073.335887953479,0.0,0.5030288788460556
6074.717569791055,1.0639212175138937,0.5014716505961885
6076.0992516286315,0.0,0.5010495324397575
6077.480933466208,-0.1590037324782827,0.5010050841206976
6078.862615303784,0.07917365456569314,0.4996786995654192
6080.24429714136,-0.4533262719026254,0.49835580801617135
6081.6259789789365,0.0,0.4976902293430552
6083.007660816513,0.8213993557364745,0.49650620499959525
6084.389342654089,-1.9135340092875026,0.4975616610027743
6085.771024491665,-2.2924309366386524,0.49580241017442706
6087.1527063292415,0.209329032263895,0.4931360084199772
6088.534388166819,1.8573192999926391,0.49161692264438867
6089.916070004395,0.3984152844914206,0.4922049559289079
6091.297751841971,0.11761368209468515,0.49142113166231527
6092.679433679547,0.9861230671970702,0.4906645669363046
6094.061115517125,-0.6907475566512744,0.49126001287455373
6095.442797354701,-3.2666057248714253,0.4927832765077404
6096.824479192277,-3.9290872112674435,0.4934155515747798
6098.206161029853,-4.801541816099984,0.49295042442894427
6099.58784286743,-1.31366130521306,0.4892983648211795
6100.969524705006,-2.437067439772534,0.4900421696693325
6102.351206542582,-1.0798015118780881,0.488048610684258
6103.732888380158,0.5495074407443212,0.4881610503089538
6105.114570217735,-0.456458608061979,0.4863382290235608
6106.496252055311,1.9460895410794024,0.4853866489252915
6107.877933892887,1.6936214047628084,0.4850053995081431
6109.259615730463,1.7380971749642526,0.4845179017646544
6110.64129756804,1.4370560417249862,0.4852834583628153
6112.022979405617,-0.5158478114914544,0.4863471160367495
6113.404661243193,-1.7090942339449668,0.48757693482867426
6114.786343080769,-2.5489383659434566,0.4879644417885589
6116.1680249183455,-1.8280971825358563,0.48741652537047375
6117.549706755923,0.6168176758029063,0.4517827565418882
6118.931388593499,3.2469830752953612,0.44167597706119277
6120.313070431075,4.537205285700395,0.44178917108181676
6121.694752268651,3.4236215303994584,0.469903864799282
6123.076434106228,0.16131810554136905,0.4834672272287788
6124.458115943804,0.9978204965866553,0.48337100676244676
6125.83979778138,-0.14398794416362648,0.4839104724982739
6127.221479618956,-0.39407145897800433,0.4834510095655543
6128.603161456533,2.1650411178588342,0.4815045183838372
6129.984843294109,1.665387263417216,0.4812154539865378
6131.366525131685,0.8802867762176732,0.4818792363075237
6132.748206969261,-1.259374494390471,0.48275756417235766
6134.129888806838,-1.261172135764383,0.4830009587139317
6135.511570644415,1.3200181280728032,0.48023080330892615
6136.893252481991,0.5231786466042365,0.4798632120906607
6138.274934319567,-1.0959565632983868,0.4813892164539066
6139.656616157144,-0.765358934293431,0.48028134537763767
6141.038297994721,-0.8573732527509037,0.4804628774787131
6142.419979832297,-1.5552300439705675,0.48003059493905437
6143.801661669873,-0.2626933066917161,0.4776075982738102
6145.1833435074495,1.2349725165744871,0.4751573501382776
6146.565025345026,1.6108009507001384,0.47475875982135146
6147.946707182602,1.3586498699901028,0.4751496441353698
6149.328389020178,0.8019515920330207,0.47610898598214324
6150.7100708577545,-1.4629095148089561,0.47780045328093973
6152.091752695331,-3.0206286019826507,0.4795689289184025
6153.473434532907,-2.806149236711292,0.4794882946780055
6154.855116370483,-2.2765822655985914,0.47949477209673935
6156.23679820806,-2.5717434148812686,0.4795219216227649
6157.618480045636,-2.95038089705605,0.48000680269208873
6159.000161883213,0.8144376246002025,0.4764538180420129
6160.381843720789,3.7678145749972884,0.47440998118394384
6161.7635255583655,1.0170096026329816,0.4772487784680335
6163.145207395942,-2.2881978120296935,0.4795309337049673
6164.526889233519,-1.34713307135803,0.48021255658386275
6165.908571071095,-1.343838040875852,0.4803268032899623
6167.290252908671,-1.901232339950866,0.4783943916349281
6168.671934746248,-1.9511852106245726,0.47858051432957516
6170.053616583824,-1.1922444379089256,0.47995539159013095
6171.4352984214,-0.15982043116474642,0.47957713538992053
6172.816980258976,-0.7844703626888929,0.4800496984166405
6174.198662096553,-2.18863429504529,0.4811186867483614
6175.580343934129,-0.02856448797248845,0.4796607357783567
6176.962025771705,2.994534155848527,0.47587992125739437
6178.343707609281,3.708732398191785,0.4766287004463168
6179.725389446858,3.021755917207628,0.4764097614714379
6181.107071284434,3.19524003169019,0.476930444646976
6182.488753122011,1.6737958739319936,0.4789407245969635
6183.870434959587,-1.8668417269165616,0.48164040496532556
6185.252116797164,-2.0615687718801894,0.48228552426514515
6186.63379863474,-1.0527759229890705,0.4818633347496688
6188.015480472317,-1.7092976841638006,0.4819474409069902
6189.397162309893,-0.763722730473404,0.48149848231502385
6190.7788441474695,0.0,0.4808380689427068
6192.160525985046,0.7122647153015293,0.47992885101155097
6193.542207822622,3.027245328802394,0.47834110895870946
6194.923889660198,3.5700592003059057,0.4778263239685146
6196.3055714977745,2.7200199820075284,0.47888668785994043
6197.687253335351,1.2963717225614175,0.4804882603523084
6199.068935172927,1.1473045898240173,0.4810599622441716
6200.450617010503,3.3310092284986865,0.4790958013174868
6201.8322988480795,2.841209474932498,0.47994905797505294
6203.213980685656,-0.20362338499745647,0.4826108089794668
6204.595662523232,0.13219263672689863,0.4825843873411075
6205.977344360809,-0.022119278129167697,0.4840671293472417
6207.359026198385,-2.8500270551009237,0.48489651562623304
6208.740708035962,0.9880991590987662,0.48408498030252217
6210.122389873538,0.0,0.48417541120651414
6211.504071711115,-0.6728641189065172,0.4848127744279498
6212.885753548691,0.0,0.4847546433319162
6214.267435386268,0.5344866546847413,0.48452186099790556
6215.649117223844,0.0,0.48527648360310255
6217.03079906142,-0.8881537847581455,0.4862683000420887
6218.412480898996,-0.005072912710858191,0.4857523232912361
6219.794162736573,-0.12912855347826735,0.48605393368264704
6221.175844574149,-0.5884925706934041,0.48655271689954704
6222.557526411725,-0.18372062269858702,0.48641125211994224
6223.939208249301,0.024114523905865326,0.48656984965344025
6225.320890086878,-0.919034253978964,0.487548186490815
6226.702571924454,-0.9623297258265779,0.4876214197334437
6228.08425376203,1.100331838460903,0.4862578505555309
6229.465935599607,1.5610179036646628,0.48594725534372274
6230.8476174371835,-0.019465068178305955,0.4870127656161554
6232.22929927476,0.019465068178305955,0.48701645104165525
6233.610981112336,1.0433534661387682,0.4865287049502561
6234.992662949913,-0.34423080593973054,0.4879000718987941
6236.3743447874895,-1.0978506040933382,0.4888520986401044
6237.756026625066,0.24894867706873924,0.4876543493158168
6239.137708462642,-0.07814910148954368,0.4895031472381644
6240.519390300218,-1.60138667395168,0.4900375641605692
6241.9010721377945,-2.269897561760473,0.49195271116091177
6243.282753975371,-2.649869374143435,0.4917938521984347
6244.664435812947,0.09471134320918395,0.4895385852371974
6246.046117650523,1.7668919380359966,0.4886560564919778
6247.4277994880995,2.176490956865024,0.48810623188525415
6248.809481325676,0.9087945783801388,0.49051535042866645
6250.191163163252,-1.7168697677070952,0.4922695611151649
6251.572845000828,-2.155914900829572,0.49439784158512895
6252.954526838405,-4.420672325401455,0.49574438471474663
6254.336208675982,-1.4938792826875158,0.49464019002425424
6255.717890513558,-1.7582298497629267,0.49441026440378655
6257.099572351134,-3.1865793078255535,0.49528641781729454
6258.481254188711,1.5410705976655663,0.4914473415402866
6259.862936026288,2.6661697431399602,0.49037297709171596
6261.244617863864,1.1312282275830796,0.4922041244232434
6262.62629970144,0.8602372920701669,0.4928091099138397
6264.007981539016,1.5666920672925642,0.49240701345658816
6265.389663376593,2.5005716203002635,0.49159306994462504
6266.771345214169,2.101160893244156,0.4920160670519203
6268.153027051745,0.4528015422143028,0.49432741455125423
6269.534708889321,-0.4128089695868198,0.49527734493997244
6270.916390726898,0.8186924439682173,0.49487909231104543
6272.298072564474,0.9943223870232032,0.4947108976295454
6273.67975440205,2.0561856038926294,0.494354989419258
6275.061436239627,1.0490433295561843,0.4960198856291025
6276.4431180772035,-3.3189681338337778,0.5000783225345663
6277.82479991478,-7.431073928671651,0.5047851439527311
6279.206481752356,-9.810516617709169,0.5076578008815019
6280.588163589932,-5.229623287272403,0.5036192575285355
6281.969845427509,-3.3777651140649425,0.5021550764652789
6283.351527265086,-3.074360369173718,0.5009299310695663
6284.733209102662,0.29902523869671427,0.4980320557708421
6286.114890940238,1.8375953869413593,0.4965850434015858
6287.496572777814,1.6919388596827218,0.49699316979424596
6288.878254615391,-0.024933676397267845,0.4990134993889526
6290.259936452967,-1.621679686226173,0.5013303648084203
6291.641618290543,-1.6944550111292358,0.5014334340902319
6293.023300128119,-1.1273762377240075,0.5010104386387048
6294.404981965696,0.7061113484114685,0.500352404296082
6295.786663803272,0.0,0.5006307594507081
6297.168345640848,-2.3657702971550236,0.5019646066388141
6298.550027478425,-1.5722737436340992,0.5007173846563877
6299.931709316002,1.8160492461300066,0.49677640599979955
6301.313391153578,2.798483306593539,0.49534816703502327
6302.695072991154,0.6179017016605428,0.49822994000269355
6304.07675482873,-1.2210693381494195,0.501837487309028
6305.4584366663075,-1.794076120991349,0.5028687856406957
6306.840118503884,0.13438238441352723,0.5009412405597099
6308.22180034146,0.9491439792516871,0.4998119613954424
6309.603482179036,2.462299778645871,0.4985907901030069
6310.9851640166125,4.756032933346376,0.49703154005467887
6312.366845854189,0.9687407520774514,0.5003912656013623
6313.748527691765,2.2700739562031913,0.4994233570320727
6315.130209529341,5.18504948731001,0.49697123718381964
6316.511891366918,3.62977598526993,0.49907073964942883
6317.893573204494,0.317116155299658,0.5013212112624588
6319.27525504207,0.5518140739816033,0.501402985960176
6320.656936879646,2.754253119293992,0.5001382468696152
6322.0386187172235,1.7867461258216792,0.4999043400402331
6323.4203005548,1.1910269180493174,0.5012679382099865
6324.801982392376,1.2844245323187806,0.502122219678234
6326.183664229952,-0.6238284015555848,0.5033837040988889
6327.5653460675285,-0.9229638655599786,0.5044423698162159
6328.947027905106,1.0359037627873704,0.502247994053212
6330.328709742682,1.0622762882439645,0.5016853068996726
6331.710391580258,1.1767096852614713,0.5015467903281474
6333.092073417834,0.25799421021127955,0.5041348605171895
6334.473755255411,0.0,0.5028346580302203
6335.855437092987,0.4168943007528014,0.5049400893544749
6337.237118930563,0.5103052768638747,0.5030443632874769
6338.618800768139,0.7989082915323706,0.5041221792091694
6340.000482605716,-1.9570928967218038,0.5065970910161175
6341.382164443292,-2.356795975692876,0.5075222706279027
6342.763846280868,-1.3819116480422622,0.5067603314170346
6344.145528118444,0.5828179467055179,0.5054125635369198
6345.527209956022,1.6160138334239775,0.5046923853759896
6346.908891793598,0.558687022431883,0.5056938157554122
6348.290573631174,-0.6705080950579827,0.5073797891232174
6349.67225546875,-0.2917268369585031,0.5073215940707722
6351.053937306327,-0.5497291957675259,0.5077023378922593
6352.435619143904,-0.9838421026583717,0.5088642056447128
6353.81730098148,-0.5010081244641356,0.5079378470002013
6355.198982819056,0.15249147182194633,0.5074348978077151
6356.5806646566325,-0.4948032953101631,0.507852777274999
6357.962346494209,-0.358301170948522,0.507999871698067
6359.344028331785,-0.2716930872421699,0.5081674227311672
6360.725710169361,0.4211931676478855,0.5071673134200017
6362.1073920069375,2.1084612707287818,0.5052190030078005
6363.489073844514,3.7893457361579124,0.5028611295796418
6364.87075568209,3.647543282788405,0.5033270581666531
6366.252437519666,0.9514957332908125,0.5060450840671905
6367.6341193572425,0.22641507033046082,0.5082622905313062
6369.01580119482,-0.3674240822527679,0.5108445261098663
6370.397483032396,-3.261280646896637,0.5142576664096925
6371.779164869972,-4.2509934205244235,0.5155675590972967
6373.160846707548,-2.3544929868966733,0.5140428440159377
6374.542528545125,-1.1245670402729218,0.5127087343401702
6375.924210382702,-0.7444050847840629,0.5122610792548905
6377.305892220278,0.3123811363215623,0.5116042235247152
6378.687574057854,0.4320239484625006,0.5117990556617676
6380.069255895431,-0.7487374082852511,0.5128697882675562
6381.450937733007,-0.9618561875477383,0.5134988781470715
6382.832619570583,0.0,0.5126723660855909
6384.214301408159,-0.4546113888874004,0.5138525018789258
6385.595983245736,-4.310754928044275,0.5180981737268762
6386.977665083312,-2.739672751254375,0.5156271878261811
6388.359346920888,0.0,0.5146056226736303
6389.741028758464,-1.157355790823516,0.5138127716405563
6391.122710596041,1.873304448558173,0.5123898114681787
6392.504392433618,0.29027414677722163,0.5127465580399453
6393.886074271194,0.6580691296533985,0.5129231834275375
6395.26775610877,2.3837763931589393,0.512044433909794
6396.649437946347,1.4140440516121657,0.5130754209732431
6398.031119783923,-1.151429158501628,0.5158427333241461
6399.4128016215,-1.7598129733629264,0.5168020185862925
6400.794483459076,-0.6834968322590385,0.5161323405856026
6402.1761652966525,-0.8466755260984655,0.5161059350101693
6403.557847134229,0.08466288121798016,0.514986404045674
6404.939528971805,1.1011681463713785,0.5150387196579381
6406.321210809381,1.0257192397941992,0.5145320566655955
6407.7028926469575,2.019582504631046,0.5137122841111547
6409.084574484534,4.708441267575239,0.5109382140939539
6410.46625632211,4.2217100142621575,0.5117549774570666
6411.847938159686,2.739672751254375,0.5137441953405419
6413.2296199972625,1.3965676382379968,0.5152983313578644
6414.611301834839,0.7002405696760832,0.516501134938501
6415.992983672416,0.08999459625937334,0.5177277996264609
6417.374665509992,-0.9291541972619939,0.5196108237998448
6418.756347347568,-1.9659808835807837,0.5209065986912673
6420.138029185145,-1.1809797066902092,0.5208811440976342
6421.519711022722,-0.7647259951168337,0.5209891314699812
6422.901392860298,-2.0489681242311235,0.5222585912644132
6424.283074697874,-2.5530685424455726,0.5230356398940866
6425.664756535451,-0.2570841888714597,0.5212063976582051
6427.046438373027,1.7045541274941627,0.5191764900753997
6428.428120210603,1.613233319737276,0.5183976908688315
6429.809802048179,2.791345505295425,0.5186517579297965
6431.191483885756,0.9000124297181458,0.5193400755199532
6432.573165723332,-0.6644285931659226,0.5223811770808467
6433.954847560908,0.8719541254023682,0.5206190964108621
6435.336529398484,-1.0705597789337844,0.5232830848491455
6436.718211236061,-2.0487889878933174,0.5248954464702715
6438.099893073637,-1.0815716999144627,0.5241184001482906
6439.481574911214,-0.1733226698809176,0.5235166437778941
6440.86325674879,-0.5838437018331888,0.5241201049275307
6442.2449385863665,-1.342395249149007,0.5245658378297864
6443.626620423943,-0.3488406518223144,0.523466505742175
6445.00830226152,1.7183236474089938,0.522247804158012
6446.389984099096,0.21738438173719032,0.5233855009276775
6447.771665936672,0.0,0.5250906578644697
6449.153347774249,-0.5481531634414694,0.5261039128116854
6450.535029611825,-2.7463317789872974,0.5291836070463211
6451.916711449401,-2.8883576060379426,0.5310050469556379
6453.298393286977,0.16094337955482274,0.5285650666920143
6454.680075124554,-0.086853323097273,0.5282571534851188
6456.06175696213,-0.26328841267965686,0.528491546885586
6457.443438799706,0.40372576131611027,0.5281438251900811
6458.825120637282,0.7906868726328469,0.5279642860940585
6460.206802474859,1.1500390164263763,0.528523073494854
6461.588484312435,1.140489145622979,0.5300803829883842
6462.970166150012,0.0,0.5315484267806685
6464.351847987588,0.0,0.531724405332883
6465.733529825165,0.0,0.5338877773512428
6467.115211662741,-0.6316027809867535,0.5355672939694565
6468.496893500318,0.0,0.5342660633023526
6469.878575337894,0.6316027809867535,0.5356027197116248
6471.2602571754705,0.0,0.5372996739198354
6472.641939013047,0.0,0.5390290307627851
6474.023620850623,-0.09563195472844654,0.5400549325050745
6475.405302688199,0.09563195472844654,0.5400590961937154
6476.786984525776,0.0,0.5404168862072237
6478.168666363352,0.0,0.5417904449793491
6479.550348200928,-0.5042498410087148,0.5433605343870921
6480.932030038504,-0.10725595995364756,0.543800249134199
6482.313711876081,0.6115058009623624,0.5436537777604776
6483.695393713657,0.0,0.5458647994762389
6485.077075551233,-1.856432232205293,0.550183928536133
6486.45875738881,-1.4531593123775508,0.5497989920820548
6487.8404392263865,0.06524319700019987,0.5479653544495415
6489.222121063963,-0.5687159602823328,0.548947584314072
6490.603802901539,-0.5431036819565236,0.5497244206364219
6491.985484739116,-0.19375135411019073,0.549666621094054
6493.367166576692,-0.1859211723188423,0.5501336178547633
6494.748848414269,-0.5782638956170274,0.5503068231180757
6496.130530251845,-0.843601419783937,0.5500910393409351
6497.512212089421,0.0,0.5485715555509921
6498.893893926997,1.476660033961707,0.5463859195676997
6500.275575764574,2.447106466417125,0.5458138439967154
6501.65725760215,2.2339393312726656,0.5473352554741774
6503.038939439726,-0.02016676579407317,0.5503837960205414
6504.420621277302,-1.3754827157840737,0.5518607402721579
6505.802303114879,0.964121623394874,0.5513615623021516
6507.183984952455,-1.352373262505239,0.5532879921851933
6508.565666790031,-0.5793774889170891,0.5530548774570806
6509.947348627608,1.010905347100362,0.5522192989181708
6511.329030465185,1.352373262505239,0.5526705796414646
6512.710712302761,0.0,0.5562849314041618
6514.092394140337,-2.6442878616142877,0.5623932181256736
6515.474075977914,-5.817798422389245,0.5678271063596904
6516.8557578154905,-8.056323221209766,0.5715948473836864
6518.237439653067,-9.31529530615876,0.5737234753765178
6519.619121490643,-7.757254421084895,0.5716979986328161
6521.000803328219,-6.501223237066711,0.568467447595846
6522.3824851657955,-7.648816949370456,0.5721586686465749
6523.764167003372,-8.80539799835401,0.5713946689070944
6525.145848840948,-6.5822098214271705,0.5699979502023326
6526.527530678524,-7.059828686254974,0.5704508685859362
6527.9092125161005,-8.774781938304386,0.5726516298383114
6529.290894353677,-9.604080001266112,0.5739460843118449
6530.672576191253,-10.149443496616072,0.5749571238928408
6532.054258028829,-11.813342364643091,0.5767213917398623
6533.435939866406,-13.520569906990744,0.5790042736649317
6534.817621703983,-14.925704684418008,0.581935158048551
6536.199303541559,-17.52071320194031,0.5862660392749104
6537.580985379135,-18.81116438711794,0.5903789923375
6538.962667216712,-19.22551199389619,0.591322476267067
6540.344349054289,-20.449544692163784,0.5939300977560532
6541.726030891865,-23.28681934319826,0.5986784693866047
6543.107712729441,-26.320748600923025,0.6039276365999872
6544.489394567017,-28.22937604657355,0.6072037547844661
6545.871076404594,-27.563800634085567,0.6067387701724614
6547.25275824217,-27.807803864204885,0.6071812989704303
6548.634440079746,-30.57040024506213,0.6126417977876549
6550.016121917322,-33.842855432852105,0.6189004393721868
6551.397803754899,-35.67203172221346,0.62241060434177
6552.779485592475,-38.44157598274586,0.6283202506135894
6554.161167430051,-43.712511265564444,0.6385081995232225
6555.542849267627,-45.8927641809676,0.6441386049816639
6556.924531105205,-47.57040825215748,0.651375149269617
6558.306212942781,-51.16292556372062,0.6593683970847836
6559.687894780357,-56.84454480980263,0.6768635370844145
6561.069576617933,-66.50907205481231,0.70246252644008
6562.4512584555105,-75.45179336072476,0.7240311671063884
6563.832940293087,-74.98314128393079,0.7254416385975561
6565.214622130663,-67.03765965301271,0.7056510146189068
6566.596303968239,-59.02485497700833,0.6819184340871528
6567.9779858058155,-54.09062923351121,0.6675253472164787
6569.359667643392,-50.531344675629526,0.6575655903914616
6570.741349480968,-46.86350059462724,0.6487236667712178
6572.123031318544,-43.88150473714579,0.6417758399641881
6573.5047131561205,-39.10896414432429,0.6305498933039919
6574.886394993697,-36.412769888440295,0.6250056219441243
6576.268076831273,-34.59463830481414,0.6196120131380345
6577.649758668849,-31.07673991454365,0.6123037200509521
6579.0314405064255,-29.03941197053595,0.6084812688734111
6580.413122344003,-27.986364922571,0.6069598243393798
6581.794804181579,-26.6039180901395,0.6046461139088435
6583.176486019155,-25.121310209468987,0.6020965776396112
6584.558167856731,-24.33113914854124,0.6009700639311389
6585.939849694309,-24.141979376283757,0.5998445164281792
6587.321531531885,-23.41738810105963,0.5985812359068429
6588.703213369461,-21.153974951692675,0.5953006722265322
6590.084895207037,-21.124132030511532,0.5940480197890111
6591.466577044614,-19.76241540901762,0.5923940196297558
6592.84825888219,-19.76925472964996,0.5924168573607916
6594.229940719766,-19.929821074590564,0.5916054138327917
6595.611622557342,-17.89958726139625,0.5887973572766776
6596.993304394919,-16.673377914457063,0.5864573411870891
6598.374986232495,-16.960595034313087,0.5860414477244852
6599.756668070071,-16.530156010171027,0.5856269663176393
6601.138349907647,-15.161421755081278,0.5837908532071445
6602.520031745224,-14.687006502072222,0.5824381253036665
6603.901713582801,-14.07121363723408,0.5813579701084648
6605.283395420377,-12.227470683489855,0.5787514150312207
6606.665077257953,-13.126493816661565,0.5799578952570671
6608.0467590955295,-12.346870775954216,0.5790610596508357
6609.428440933107,-11.35451689193323,0.5776503325255995
6610.810122770683,-9.945588731871823,0.575247988446313
6612.191804608259,-8.706088571563129,0.5734513029122809
6613.573486445835,-9.019263893584679,0.5740592806143217
6614.955168283412,-9.437902063385422,0.5743517872072661
6616.336850120988,-6.827557120124624,0.570767995161653
6617.718531958564,-7.246353133446547,0.5710909040306097
6619.10021379614,-6.230001909341809,0.5691563166517687
6620.481895633717,-5.718493342461272,0.5696307126894469
6621.863577471293,-5.9142268366573205,0.568624807349718
6623.245259308869,-5.354693652459872,0.5684188416461463
6624.6269411464455,-5.112941357265754,0.5680622150374958
6626.008622984022,-4.667244358386142,0.5667370788447267
6627.390304821599,-2.8298000298956367,0.5644529910455389
6628.771986659175,-1.2000420183843232,0.5628505204408939
6630.153668496751,-2.419828164075426,0.563699646119834
6631.535350334328,-3.5920990849377574,0.5649263543078472
6632.917032171905,-1.0648603714242881,0.5630487094512359
6634.298714009481,-3.2376206762062907,0.5638942736859659
6635.680395847057,-2.166757614513074,0.5643898219667389
6637.062077684634,-0.42339788582017945,0.560953849882488
6638.44375952221,-0.6703985611252108,0.5613585622795608
6639.825441359786,-0.9992593327530983,0.5616645383038398
6641.207123197362,0.570617040982853,0.5588307090254201
6642.588805034939,1.43470984810034,0.5577727632002685
6643.970486872515,-1.1250416940656294,0.5610487697331494
6645.352168710091,-0.8201600611109825,0.5610223169460248
6646.733850547667,-0.7507264027901499,0.5604312097809251
6648.115532385244,-1.7491390200428896,0.562486805353989
6649.49721422282,-2.210599130495922,0.5626803000135848
6650.878896060397,-1.057609166287648,0.5609240593593788
6652.260577897973,0.629806304404184,0.5585580870184244
6653.6422597355495,1.0445984843649683,0.5577908802762743
6655.023941573126,0.5777683949688424,0.5582913092772485
6656.405623410703,0.25373911491234935,0.558756325856223
6657.787305248279,0.7468183012923078,0.5582646431466548
6659.168987085855,1.568262272398158,0.5570365288291979
6660.550668923432,1.6088334976229817,0.5575658914593007
6661.932350761008,0.15177380436981025,0.5581392250580408
6663.314032598584,1.6517610222630026,0.5575294130100096
6664.69571443616,0.5695100905281265,0.5582152430267853
6666.077396273737,0.18713875753462617,0.5587295830926866
6667.459078111313,0.3632453381400751,0.5591034664177305
6668.840759948889,-1.1590641636019825,0.5599163966010959
6670.222441786465,-1.1730750022332757,0.5593245326735581
6671.604123624042,1.4877430385556067,0.5566471845822291
6672.985805461618,2.8324962689531787,0.5552387104646269
6674.367487299195,0.37222984749107013,0.5562442947710935
6675.749169136771,0.514779298617924,0.5585517423876257
6677.130850974348,2.343669842200626,0.555441033496231
6678.512532811924,0.28431265431629527,0.5581007649069231
6679.894214649501,-0.6057866220388632,0.5595499340314926
6681.275896487077,0.08755833744763208,0.5584601090355701
6682.6575783246535,0.5432877650138153,0.5581645197358944
6684.03926016223,0.07529720655716687,0.5589436524808792
6685.420941999806,-0.38571817258392116,0.5590969870141138
6686.802623837382,0.14253522897755033,0.559053303560744
6688.1843056749585,1.6828290597615876,0.556359141646054
6689.565987512535,3.1611445440760804,0.5544911892400389
6690.947669350111,3.220806199153145,0.5544753048435561
6692.329351187687,1.7163429620547959,0.5565594504136918
6693.7110330252635,1.1623224334993552,0.5568833653944083
6695.09271486284,2.0343030721536763,0.5559674625674444
6696.474396700416,2.861296419057112,0.5551090403252957
6697.856078537993,2.7274025156982304,0.5549670876394991
6699.237760375569,2.3913241559403673,0.5552252954424972
6700.619442213146,2.855801826076828,0.5547252669860245
6702.001124050722,3.9032962631019643,0.5534207494980405
6703.382805888299,3.586015190919227,0.5540666747917029
6704.764487725875,2.485204587836847,0.5551775344964612
6706.146169563452,2.026158391679985,0.5561803614580938
6707.527851401028,1.530641076694053,0.5564079780810417
6708.909533238604,2.823616169823822,0.5547241209178158
6710.29121507618,4.3555066742021324,0.5529461298335451
6711.672896913757,3.7689047679999987,0.5534194888055423
6713.054578751333,2.217796934435654,0.5554474776646413
6714.436260588909,1.3846986341428646,0.5566716094535229
6715.817942426485,2.0630974494806935,0.5557302035311068
6717.199624264062,4.491801959497366,0.5531091939741104
6718.581306101638,1.7818618279948453,0.5559728240682507
6719.962987939214,0.9430058168568678,0.5577397321080196
6721.344669776791,1.3490135936984018,0.5572437407892704
6722.726351614368,0.8155865301358176,0.5579582125176523
6724.108033451944,-0.2919788834962844,0.5597982898124139
6725.48971528952,0.1911684723177416,0.558951489571323
6726.871397127097,1.8891031734750356,0.5568463260339778
6728.2530789646735,-1.3816052246468473,0.5610626401410861
6729.63476080225,-0.19370615384090684,0.5597130642356412
6731.016442639826,1.676029068208976,0.5566282484652061
6732.398124477402,1.7185151838854154,0.5571666880496324
6733.7798063149785,1.3214464209503944,0.5570817721789653
6735.161488152555,1.8512090458108332,0.5562249883240049
6736.543169990131,2.224027683755793,0.5560113495572858
6737.924851827707,1.8808592997564517,0.5558692505490201
6739.3065336652835,3.235498625778149,0.5544780690577186
6740.68821550286,3.4078012696612063,0.5542907712788353
6742.069897340436,2.334336169904674,0.5551205877149512
6743.451579178012,2.8285608739797397,0.5553136230225592
6744.833261015589,1.2969233746607358,0.5568122087309787
6746.214942853166,0.533043490333938,0.5584468497610087
6747.596624690742,0.15783375089930018,0.5587135188431352
6748.978306528318,0.5787016124201045,0.5576404044187422
6750.359988365895,2.435968217259955,0.556105023701237
6751.741670203472,3.099346064123239,0.5551192444990389
6753.123352041048,-0.18640514084253823,0.5583197550258322
6754.505033878624,1.1436127520836123,0.5573932847944799
6755.8867157162,0.370390926797711,0.5593087049494446
6757.268397553777,-0.34526330033813224,0.5588651271180002
6758.650079391353,-0.47483753346708113,0.5597345443232427
6760.031761228929,0.33788613091908815,0.5587822003856971
6761.413443066505,1.8392941632011457,0.5560565317930963
6762.795124904082,2.14214533908725,0.5561332566540251
6764.176806741658,-0.5229543559276237,0.5595519066747805
6765.558488579234,-0.038400056387757786,0.558542536871186
6766.94017041681,-0.12327524403687562,0.5598678662627099
6768.3218522543875,-0.7010015380379855,0.5594118609864653
6769.703534091964,-0.5173683422117108,0.5597831912162733
6771.08521592954,0.4795892840976137,0.558245937162987
6772.466897767116,1.2777908466068766,0.5568948132967696
6773.848579604693,0.9118581427299262,0.5575780285071313
6775.23026144227,0.07501092376091378,0.5584905101093917
6776.611943279846,0.8705567786374502,0.5574817460177258
6777.993625117422,0.21133424163585346,0.5595051951764034
6779.375306954998,-1.0084626895877022,0.5592636943111566
6780.756988792575,0.5637023404176205,0.5586745807860365
6782.138670630151,0.18640514084253823,0.5585305298060738
6783.520352467727,0.6669649546753078,0.5579619972500458
6784.9020343053035,1.1715745522099894,0.5576140737671139
6786.28371614288,0.7287317720162321,0.5577577817676873
6787.665397980456,1.3746544642613685,0.5572692504731022
6789.047079818032,2.100764545025527,0.5561977715577582
6790.4287616556085,-0.5554413459630325,0.5585016342962433
6791.810443493186,0.9668868090236629,0.5593569844827265
6793.192125330762,-0.31156278769427104,0.5595868897449473
6794.573807168338,-0.7313934600497305,0.5613677910981388
6795.955489005914,-0.027016751716644194,0.560777058868226
6797.337170843492,1.0153173959901096,0.5587254049118758
6798.718852681068,1.561519120353097,0.5582794129866374
6800.100534518644,1.741997791350542,0.5581377199814589
6801.48221635622,1.0545285512185103,0.5589813624982698
6802.863898193797,-0.9177702049204584,0.56389293112361
6804.245580031373,-2.4490398715165043,0.5644534607470544
6805.627261868949,-2.3587334035468643,0.5664152576469951
6807.008943706525,-1.8888253565525304,0.5657080825694764
6808.390625544102,-0.9266852148437295,0.5640599070011993
6809.772307381678,0.4443938832541505,0.562641171637803
6811.153989219254,1.4912313903431595,0.5607700586912789
6812.53567105683,0.5640202407456059,0.5636563276891586
6813.917352894407,-0.5508551885783106,0.5630048128278123
6815.299034731984,-0.11757206052777747,0.5650898718976426
6816.68071656956,0.006903612580373419,0.56356828024239
6818.062398407136,-0.816926430381443,0.5650659212100424
6819.4440802447125,-0.6885068852925542,0.5654805087950984
6820.82576208229,0.01853374395525975,0.5643565805083594
6822.207443919866,0.0,0.564408880836479
6823.589125757442,0.444663807896319,0.5633548694867809
6824.970807595018,1.2109440295814977,0.5636460617240814
6826.352489432595,0.0,0.5641638751805403
6827.734171270171,-2.301387023938588,0.5661494702585383
6829.115853107747,-0.410182354655916,0.56459356309543
6830.497534945323,0.534831345683898,0.563439420747538
6831.8792167829,0.031630597347657385,0.563856585959259
6833.260898620476,-0.013358850668510058,0.564119465720432
6834.642580458052,0.12310302805121864,0.5638692460002778
6836.024262295628,-0.323068845829539,0.564939216141303
6837.405944133205,-0.6907639909489092,0.5659523805254529
6838.787625970782,-0.38605847816515393,0.5663783553642553
6840.169307808358,-0.5537152761690436,0.566770497745309
6841.550989645934,-0.9850106056074139,0.5670371196771694
6842.932671483511,-0.8872151425455286,0.5670493046379241
6844.314353321088,-0.4653619694365432,0.5670529866514248
6845.696035158664,-0.4927168145133294,0.5673671225778993
6847.07771699624,-0.9023865101473518,0.56725766938443
6848.4593988338165,2.0291599651068566,0.5647277669669906
6849.841080671393,0.20123798483669475,0.5665219093427414
6851.222762508969,-0.4642623726286672,0.5675567089019116
6852.604444346545,-0.08474027996470568,0.5676779197186801
6853.9861261841215,-0.41469750988363785,0.5684678863903204
6855.367808021698,-2.175360070926132,0.5707875098823201
6856.749489859274,-3.213423557383976,0.5726873271007746
6858.13117169685,-0.5031639723883075,0.5689708221070401
6859.5128535344265,2.248133130345792,0.5645055432271187
6860.894535372003,3.6451824724929907,0.5183031762377222
6862.27621720958,1.9589339540473247,0.5088140508298037
6863.657899047156,-1.0291328726143547,0.5419325158169489
6865.0395808847325,-1.9911844723063155,0.5677919123408443
6866.421262722309,-0.3688986599187274,0.5644887833600317
6867.802944559886,0.28357033822015865,0.5624120744052356
6869.184626397462,-3.772812276553765,0.566748745694039
6870.566308235038,0.4784288052369732,0.5575589347825314
6871.947990072615,2.839447644116433,0.5579260626777298
6873.329671910191,0.021080973748240694,0.5618838156449393
6874.711353747767,-2.2941457230817264,0.5662526389910925
6876.093035585343,-1.112503717909732,0.566534390453634
6877.47471742292,1.4123190339708458,0.564158428113158
6878.856399260496,0.3445266164111729,0.5662798532391131
6880.238081098072,-1.6796833084000014,0.5697410335964715
6881.619762935648,0.3054901730183701,0.5674159643133344
6883.001444773225,2.1636061397336164,0.5667972876793246
6884.383126610802,0.48486822949152497,0.5681345066587684
6885.764808448378,-0.09622117794765472,0.5681428613795528
6887.146490285954,1.046797615585234,0.5665490664477811
6888.528172123531,1.3833191006909544,0.5656018859465645
6889.909853961107,0.2875278646202162,0.5668086044380912
6891.291535798684,-0.4690729286115811,0.5680044149331801
6892.67321763626,0.0,0.5685143729640612
6894.0548994738365,0.020970800716952454,0.5689639216654102
6895.436581311413,-1.2991883378978173,0.5708488664641074
6896.818263148989,-2.5326587541575805,0.572990567333509
6898.199944986565,-2.381503630738507,0.5734342449793749
6899.5816268241415,-1.5653866529911795,0.5723275170180777
6900.963308661718,-2.140105073244115,0.5730922823081557
6902.344990499294,-2.638966931946044,0.5741564036403722
6903.72667233687,-1.166926641797403,0.5739614504252856
6905.1083541744465,-2.8811364130688446,0.5752822363065455
6906.490036012023,-0.5474586494731852,0.5730064354672008
6907.8717178496,1.2716591485412607,0.5706576923819234
6909.253399687176,-0.5417536783504886,0.5717966702839065
6910.635081524752,-1.6611166020252597,0.5738551267793455
6912.016763362329,1.2586110531737802,0.569879852443708
6913.398445199905,3.6143630848724797,0.56671001403515
6914.780127037482,0.4713931044768742,0.5703980119273732
6916.161808875058,0.7789058381245866,0.5721329071517348
6917.543490712635,0.6204424203649239,0.5721539863286319
6918.925172550211,-0.19460746507607496,0.5730598671930291
6920.306854387787,0.48114210460880713,0.5735778842347138
6921.688536225363,1.9439170273955142,0.5690565511226224
6923.07021806294,-0.6028906477715168,0.572315273162896
6924.451899900516,0.22726679429271712,0.570979574824656
6925.833581738092,-0.004580536513884681,0.572045810211859
6927.215263575668,-0.12696915048752544,0.5735159137484197
6928.596945413245,-0.0866494801571207,0.5737494842800088
6929.978627250821,-0.31245433535195843,0.5736070513811555
6931.360309088398,-0.23245051080064627,0.5743066087386297
6932.741990925974,0.7154719176103868,0.5727055589813368
6934.1236727635505,-0.8863423098647445,0.5756671688375067
6935.505354601127,-0.5881320038043896,0.5748784887063814
6936.887036438703,0.5692645491547808,0.5736119369401427
6938.26871827628,0.4702611426793055,0.5727999539836875
6939.650400113856,-0.5659941724784971,0.5729420304402809
6941.032081951433,-0.12276668778247313,0.5724121347034189
6942.413763789009,3.4043667314064976,0.5678981436539702
6943.795445626585,3.394103260749006,0.5684612332519685
6945.1771274641615,3.02601159196783,0.5701400283317228
6946.558809301738,0.9425493565639727,0.5727565787386024
6947.940491139314,-0.3530586228720267,0.5737741120944299
6949.32217297689,-0.38882910778477253,0.5737595166684681
6950.7038548144665,-0.565060934256735,0.574046254780197
6952.085536652043,-0.737097302785287,0.5736733331023323
6953.467218489619,6.0767427587010445,0.5667865904488927
6954.848900327196,4.1755080215324085,0.5672339653618028
6956.230582164772,0.25490127515624295,0.5741711168613376
6957.612264002349,-2.6205256047759633,0.5800711022674366
6958.993945839925,-5.112297181278819,0.5859910743096195
6960.375627677501,-8.262108575303529,0.5917008989933426
6961.757309515078,-10.44661252302771,0.5934541434133053
6963.138991352655,-5.22104888186297,0.5884979366710493
6964.520673190231,-4.735537415054893,0.5850318633746978
6965.902355027807,-3.8634582203750654,0.5838431666717742
6967.284036865383,-2.5083527701557387,0.5820129619698584
6968.66571870296,-1.3337172395468428,0.5800882082740693
6970.047400540536,-0.5252156358263278,0.5788884865317453
6971.429082378112,-0.24404494179810854,0.5783926686423833
6972.810764215688,0.0,0.5777042057782381
6974.192446053265,2.0918300217730064,0.5769035966696118
6975.574127890841,1.9436549103036498,0.5750490865832357
6976.955809728417,1.2730274798876167,0.5761193266334578
6978.337491565994,0.9494360174877272,0.5765617611395923
6979.7191734035705,0.35683015236941173,0.5772194249941668
6981.100855241147,-0.32406945859264624,0.5793095015971108
6982.482537078723,-0.2826651268052842,0.57953732013813
6983.864218916299,2.3448375465965796,0.5771120732560503
6985.245900753876,0.38428122205911563,0.5784993316687636
6986.627582591453,-2.2613816673250824,0.5835869102959544
6988.009264429029,-3.9148559421449534,0.5866795286861839
6989.390946266605,-5.051755494447178,0.5884846400989316
6990.772628104181,-5.106474574554397,0.5888891068158136
6992.154309941758,-1.696357651177948,0.5835403657028158
6993.535991779334,-2.685429160976554,0.5839416115772577
6994.91767361691,-0.12189736218041958,0.5814763732780123
6996.299355454486,0.5415180371822146,0.5792695010767474
6997.681037292063,-0.9914924593436751,0.58206732582672
6999.062719129639,-1.62958244768501,0.5836337877916352
7000.444400967215,0.08557715356073459,0.5804333372036756
7001.826082804792,1.134527154414485,0.579172743107478
7003.207764642369,2.599972327881403,0.5773696039321983
7004.589446479945,-1.2975059764974048,0.5830074849676344
7005.971128317521,-2.8939850192870438,0.5863174055300328
7007.352810155097,-0.8019142043399654,0.582914249162575
7008.7344919926745,1.6150383397098267,0.5584342417502253
7010.116173830251,1.1020255061134208,0.525295027478954
7011.497855667827,-0.16289606829215586,0.5311911724266061
7012.879537505403,5.682918656921942,0.5636766735997802
7014.2612193429795,3.054998093130905,0.5754010223284474
7015.642901180556,-1.3138376733038513,0.5840670578957867
7017.024583018132,-2.5793775415376103,0.5867626155544354
7018.406264855708,-1.094190576242056,0.584763516483161
7019.7879466932845,1.2933819464196574,0.581232503563028
7021.169628530861,3.771838662649401,0.5773583713261036
7022.551310368437,4.71525806009754,0.5763645245529958
7023.932992206013,2.237939619662882,0.5801073029830377
7025.3146740435905,0.0,0.5836006627997775
7026.696355881167,-1.0437285427859706,0.5862700659963432
7028.078037718743,-1.6993362923944915,0.587413762527568
7029.459719556319,-1.0936928386990985,0.5858216264753219
7030.841401393896,3.440310933958415,0.5807187729035068
7032.223083231473,3.894143560600412,0.5789025930683506
7033.604765069049,3.83523619140405,0.5788624113033424
7034.986446906625,3.661043810058686,0.5800063202101208
7036.368128744201,2.29473748734722,0.5825351778868322
7037.749810581778,0.12643630191865896,0.5856923592320793
7039.131492419354,-1.2227229179989934,0.587391388166261
7040.51317425693,1.4208585487018581,0.5846593493436905
7041.894856094506,3.189455842474672,0.5816040533921104
7043.276537932083,2.753704841014212,0.5819476496946878
7044.658219769659,2.4411262221551624,0.5823963624020657
7046.039901607235,3.025019440356658,0.5816772870790545
7047.421583444811,3.614889509464774,0.5809849796868699
7048.803265282389,2.8581888688146364,0.5825505871510734
7050.184947119965,0.7975718818438793,0.5859775615682323
7051.566628957541,-1.1136560401465658,0.5892482774426833
7052.948310795117,-1.2824468959175022,0.590127749651702
7054.3299926326945,-0.753572858906324,0.5894880331910626
7055.711674470271,-0.08784797544865341,0.5884461154802741
7057.093356307847,0.5953572931275062,0.5877079491101351
7058.475038145423,1.1744022339790092,0.5875975807816965
7059.8567199829995,-0.732525121973282,0.5901446680429855
7061.238401820576,-1.024969460751521,0.5914096216627043
7062.620083658152,-0.6002134880745302,0.5910365138612341
7064.001765495728,-0.24412935058140306,0.5905105685910227
7065.3834473333045,-0.1292431998770951,0.5902429414507305
7066.765129170881,0.20183238698672312,0.5895679036979238
7068.146811008457,1.4988894989890582,0.5874831366136908
7069.528492846033,3.7861730887190106,0.5854981981704049
7070.9101746836095,1.212568576374366,0.5874815949813111
7072.291856521187,1.1568995878494945,0.5889293013542459
7073.673538358763,2.0235959978998324,0.5884380371890486
7075.055220196339,1.2511405215181526,0.5888288994515006
7076.436902033915,-1.0827696796443718,0.5929337160241813
7077.818583871493,-0.2173368215154312,0.5918665565575936
7079.200265709069,-0.0005939614535179771,0.5921167371463116
7080.581947546645,-1.3735016608147532,0.5934033652251417
7081.963629384221,-1.301444588655528,0.59397169318078
7083.345311221798,-0.18223672491473053,0.5929001582047614
7084.726993059374,-0.11205273643352598,0.5918583273730423
7086.10867489695,-1.2413484283844411,0.59465728607601
7087.490356734526,-0.5749810704961078,0.5933340103090262
7088.872038572103,-0.8670968004121562,0.5938978214693736
7090.253720409679,-1.0854124841506803,0.5940931532370419
7091.635402247255,0.0,0.5926041493734739
7093.017084084831,1.9757784877800475,0.5901394706039418
7094.398765922408,2.444898371465058,0.5890021102762153
7095.780447759985,1.2467147801488068,0.5915702535093066
7097.162129597561,1.0948345492731448,0.5918656623248314
7098.543811435137,1.2363357505395811,0.5920646441937759
7099.9254932727135,0.4668406444855293,0.5935664066311317
7101.307175110291,-0.42680831378868334,0.5954119174868925
7102.688856947867,-0.4467281042338982,0.5957914763936506
7104.070538785443,0.5325108834008745,0.5937071336005408
7105.4522206230195,1.8262082646866702,0.5922547089773331
7106.833902460596,1.8009039360569545,0.5923339462975533
7108.215584298172,0.1668200473440038,0.5957653636030669
7109.597266135748,-0.5176361295247602,0.5968994717427595
7110.9789479733245,0.01727600968476395,0.5960423648109426
7112.360629810901,0.0,0.5976963493087135
7113.742311648477,0.18232786264715628,0.5946558110715157
7115.123993486053,0.25820066626184257,0.597570375085034
7116.5056753236295,-2.0090308856781007,0.6009165441885567
7117.887357161206,-1.887715613453281,0.6010656222103178
7119.269038998783,-0.7918983129161745,0.5998405763330903
7120.650720836359,-0.7661178072444557,0.5998554158654563
7122.032402673935,-0.5825460434973024,0.5990809426831444
7123.414084511512,-0.32009258406017693,0.5997418484985514
7124.795766349089,-0.025283374596341446,0.5988980174936275
7126.177448186665,-0.021422183495729996,0.5990653655521913
7127.559130024241,-0.6550058636868812,0.6005325864460442
7128.940811861818,-1.731202379848554,0.6023068804719538
7130.322493699394,-1.6716825763972452,0.6025258199284833
7131.70417553697,1.2137042537179354,0.5969888644941584
7133.085857374546,0.9334397714626732,0.6001407732305244
7134.467539212123,-1.2147027343838772,0.6017857757618769
7135.849221049699,-0.8792364253173446,0.6010296516121075
7137.230902887275,0.9426937984589188,0.5998385752601697
7138.612584724851,0.14597036159224785,0.6005259191047359
7139.994266562428,-1.1779053369178314,0.6023771289135436
7141.375948400004,0.3897221967685027,0.6003039866471651
7142.757630237581,1.5066641112447599,0.5985122338962705
7144.139312075157,0.8507611053355504,0.5997785015192086
7145.5209939127335,-0.3977432971442454,0.6024260695955538
7146.90267575031,-1.3059127838057236,0.6038513232760263
7148.284357587887,-2.669305407577127,0.6057456892826181
7149.666039425463,-0.09801705099371816,0.6020974939244105
7151.047721263039,1.6324727240577772,0.599559281653621
7152.429403100616,0.7220253485848787,0.6014569071116943
7153.811084938192,-1.8736943353229378,0.6057595758173276
7155.192766775768,-3.655715523698433,0.6087535475502153
7156.574448613344,-2.5589368498094416,0.6083807748627211
7157.956130450921,-3.8099008548225584,0.6090700742976791
7159.337812288497,-2.70600222424099,0.6075501648855745
7160.719494126073,-1.8356489437237258,0.6063190383883592
7162.101175963649,-1.6733148250267789,0.6052311733894911
7163.482857801226,-1.2434651362213458,0.6037846141695128
7164.864539638802,0.055108853814459735,0.6020086860813949
7166.246221476379,1.1429945727264226,0.5991070168110049
7167.627903313955,-1.4257044362891804,0.6018382616841017
7169.009585151532,-1.2633336752195135,0.6031000321431211
7170.391266989108,-0.6648493357987206,0.602819294490873
7171.772948826685,-1.233594874272569,0.6033523395597465
7173.154630664261,-2.5664700343605205,0.6063205001326512
7174.5363125018375,-1.8496069443504553,0.6020683789044353
7175.917994339414,2.0796256680266083,0.5985704121981065
7177.29967617699,0.7918909775094107,0.5991565741630881
7178.681358014566,0.07184002401558587,0.5999340322763127
7180.0630398521425,1.7586380509629294,0.5992183965958893
7181.444721689719,2.0088953754450642,0.5983146826057774
7182.826403527295,2.3642251677023864,0.5971636860341598
7184.208085364871,2.038985185344899,0.5984151071913197
7185.589767202448,-1.5352073651501712,0.6015240521632793
7186.971449040024,-1.6185860629444733,0.5763793408370901
7188.3531308776,2.193990123155089,0.5408860460728246
7189.734812715177,4.224687871527351,0.5454435186659401
7191.1164945527535,-1.2529395333947377,0.6012344801504488
7192.49817639033,-3.637810280875698,0.6065207421705702
7193.879858227906,-0.2630769645023747,0.6015180659589248
7195.261540065483,2.7164471494410236,0.5985496287478091
7196.643221903059,1.2038973630384078,0.601397290439093
7198.024903740636,-3.439948798748418,0.6065461730285796
7199.406585578212,0.9566728824207473,0.601611048079296
7200.788267415788,3.9570019051597853,0.5943312198171242
7202.169949253364,4.665426478925156,0.5936357712661463
7203.551631090941,3.6205064203911093,0.596794141868172
7204.933312928517,1.3926742673984904,0.6010601017604903
7206.314994766093,-0.8908079990917201,0.6043528607756569
7207.696676603669,2.2542506863640313,0.6030428577673186
7209.078358441246,1.2329838451644548,0.6042478985923373
7210.460040278822,-0.40165791476601953,0.608203820393588
7211.841722116398,-0.5959437469865065,0.60875983014581
7213.223403953975,0.778146614801301,0.6060880988764809
7214.605085791552,1.9658691055714712,0.6053393824676525
7215.986767629128,-0.19549068768526467,0.6090604929879945
7217.368449466704,-1.5548693935341191,0.611997771291286
7218.750131304281,-2.4706900289396856,0.6144491099383107
7220.1318131418575,-2.3967011673170475,0.6148882651442417
7221.513494979434,-1.5529756687735699,0.6139075392819486
7222.89517681701,-1.2148776959386396,0.6133688849724361
7224.276858654586,-0.831833030356421,0.6110904531944228
7225.6585404921625,1.246129834149741,0.6091681784957867
7227.040222329739,-0.33066450082424126,0.611384208146079
7228.421904167315,-1.8403565919931566,0.6139480921178789
7229.803586004891,-1.7811947687606562,0.6143556952839007
7231.1852678424675,-0.9191718978001688,0.6127326394748989
7232.566949680044,-0.15263444024131445,0.609100898085783
7233.94863151762,-0.22254746472643205,0.6076120891974287
7235.330313355196,-0.6046910463948052,0.6070729420322392
7236.711995192773,0.6161392568004658,0.6058269233698113
7238.09367703035,1.9906334017993288,0.6039944188247001
7239.475358867926,-1.3506042966379823,0.6038472035738096
7240.857040705502,-2.0982046946945445,0.6061310653116408
7242.238722543079,-1.0435273773234144,0.6039275345601355
7243.620404380656,-0.14022583995404148,0.6019645595138434
7245.002086218232,0.730533797417479,0.6008776786329012
7246.383768055808,1.520840333621834,0.6009229968824209
7247.765449893384,1.0819725655837829,0.6033161375444425
7249.147131730961,2.4379347346647364,0.6045735225904408
7250.528813568537,1.5640854088936749,0.606424161580143
7251.910495406113,0.0,0.6076142728580567
7253.292177243689,-0.015266148391219758,0.6062193139881867
7254.673859081266,2.643537918560952,0.6020873582693608
7256.055540918842,6.585142904891114,0.5995572057741246
7257.437222756418,0.6536346698588034,0.607920773028508
7258.818904593994,-2.761071972592134,0.6159651258868565
7260.2005864315715,-2.244048557828961,0.6159965918783752
7261.582268269148,0.2417909569126664,0.61102791270757
7262.963950106724,1.4223560054391555,0.6089745749864452
7264.3456319443,-1.1474770679815265,0.6122378059995728
7265.7273137818775,-3.4530987380091176,0.615321800257633
7267.108995619454,-1.50655887624319,0.614308091082702
7268.49067745703,-0.3652360900288443,0.6128052629913693
7269.872359294606,-0.7370427812127502,0.6126587413679635
7271.2540411321825,0.0432900477030671,0.6128790857776857
7272.635722969759,1.0470165203998647,0.6093118695467281
7274.017404807335,0.5757135532474535,0.6064048392909082
7275.399086644911,0.0,0.602351074638172
7276.7807684824875,-1.678207192434371,0.600174464598534
7278.162450320064,-3.0210540353494935,0.6015453467316292
7279.54413215764,0.7934715453368426,0.6044537772756384
7280.925813995216,2.730465766794424,0.6057671309476885
7282.3074958327925,0.9061257770582642,0.6095453418197799
7283.68917767037,-0.7716139768658365,0.6113737697256596
7285.070859507946,-0.11630058619471129,0.6098759442923459
7286.452541345522,2.8494891785489074,0.6068587188673733
7287.834223183098,0.5261383619370008,0.6091820403480476
7289.215905020676,0.5144239258688117,0.6105442466490144
7290.597586858252,-0.040808333779807526,0.6110832022469534
7291.979268695828,-0.10443738273255576,0.6107690886507232
7293.360950533404,1.0212536279127562,0.6095026929424486
7294.742632370981,2.8203524672132403,0.6077980779452737
7296.124314208557,1.1404404001925172,0.6109497492259438
7297.505996046133,-0.6756042975374612,0.6148417212798746
7298.887677883709,-1.0677200877837265,0.6164854886843949
7300.269359721286,-0.7121699777939341,0.6159354630399348
7301.651041558862,-0.6248451682463951,0.6140012385180752
7303.032723396438,-1.0359412907754688,0.6116030841292989
7304.414405234014,-0.791788427244569,0.6106126450659526
7305.796087071591,0.4701377744500519,0.6107070002646099
7307.177768909168,0.7503411329360574,0.6119554171097364
7308.559450746744,0.45724057741102797,0.6133098902650616
7309.94113258432,0.4967627449323686,0.6136396706291589
7311.3228144218965,0.4099520296749688,0.6134628610018853
7312.704496259474,-0.3251006606854787,0.6148193329224098
7314.08617809705,-0.4183726147502398,0.6133370266439889
7315.467859934626,0.540583728728592,0.6095357446790303
7316.849541772202,1.0018739597672663,0.6067118650574749
7318.231223609779,-1.9184946665982636,0.6097186794959965
7319.612905447355,-0.12092870513217235,0.61361637900025
7320.994587284931,0.9674343050958214,0.6138555627979245
7322.376269122507,1.2655081411145659,0.6144163228305054
7323.757950960084,1.427338752690872,0.6147042852970285
7325.13963279766,1.9792160599059514,0.6135661368033909
7326.521314635236,2.2193648378824378,0.6128691504011575
7327.902996472812,1.0356529236975405,0.6135244430954138
7329.284678310389,0.14552651537312045,0.6144028131378301
7330.666360147966,0.0,0.6162742761281643
7332.048041985542,-0.7796170387651955,0.6188963219993324
7333.429723823118,-1.4509178516350971,0.6211270595664934
7334.811405660695,-2.1218675778465013,0.6239237937550923
7336.193087498272,-3.0615352315769258,0.6260030115035093
7337.574769335848,-2.752401414405739,0.6255159886093121
7338.956451173424,-1.7623539566908732,0.6217354685745958
7340.3381330110005,-0.035181033503221215,0.6154689252582093
7341.719814848577,1.761508309340229,0.6104692555127178
7343.101496686153,0.9664071439858049,0.6142645468329535
7344.483178523729,-0.7418140249220073,0.6192510887004993
7345.864860361306,-0.9119232447623062,0.6218422467515564
7347.246542198882,0.04332013373993959,0.6222335730335019
7348.628224036458,-0.6205908063384413,0.6239620015843005
7350.009905874034,-2.7619946821035626,0.627574899895603
7351.391587711611,-1.8905490261412865,0.6260869324215657
7352.773269549187,0.5803104285203915,0.6220604331015914
7354.154951386764,2.6603826052135844,0.6185903072121228
7355.53663322434,2.8594472289210557,0.6180292636083461
7356.9183150619165,1.2093129372911449,0.6195470926340142
7358.299996899493,-0.4481088590747788,0.6211602990154336
7359.68167873707,-1.0860920712107145,0.6234964034872978
7361.063360574646,-1.7393693301993096,0.6262929002739547
7362.445042412222,-2.34992746322024,0.6288085955138459
7363.826724249799,-2.050405929971447,0.6298817584560158
7365.208406087375,-1.156547360156793,0.6280019287300845
7366.590087924951,-1.5511599643905072,0.6269410905845018
7367.971769762527,-0.3017234065332275,0.6232937060303936
7369.353451600104,1.157977056738872,0.6189894239632785
7370.73513343768,0.3464496943557549,0.6181656096946576
7372.116815275256,0.5900829964319598,0.6210976529784725
7373.498497112832,1.7688457975153824,0.6209622611038967
7374.880178950409,2.386495080006881,0.6221189332401018
7376.261860787985,2.181261827018659,0.6231861292950047
7377.643542625562,1.821328332579867,0.6226394496934693
7379.025224463138,3.560574812461084,0.6212109400247072
7380.406906300715,2.871834563849063,0.6229416317386621
7381.788588138291,1.7171663891687103,0.625113158756159
7383.170269975868,0.5855405201007784,0.6280497427991899
7384.551951813444,0.0,0.6301715268080462
7385.9336336510205,-0.03812010786012365,0.6284184081334748
7387.315315488597,1.2131758692695769,0.6281833812398286
7388.696997326173,-0.1337501257713427,0.6300634890322099
7390.078679163749,-1.22236024257937,0.631631892822177
7391.4603610013255,-1.3007333996885961,0.6314120616681389
7392.842042838902,-0.7395138041449343,0.6294835685346014
7394.223724676478,-0.6409168490031618,0.6318164841647685
7395.605406514054,-1.1270380037211396,0.6322084288700495
7396.9870883516305,-1.0791625464164696,0.6324938536655341
7398.368770189207,0.00980992318693552,0.6306612681243561
7399.750452026783,1.6412299945282598,0.6264034860701033
7401.13213386436,1.5247696053309028,0.6250387887229746
7402.513815701936,-0.11235948528653239,0.6259314854814437
7403.895497539513,-0.35218499819833937,0.628740305894937
7405.277179377089,0.18055053393405274,0.6298806707271593
7406.658861214666,0.4576083458544815,0.6303774162137624
7408.040543052242,-2.039021105461984,0.6364843761307577
7409.422224889819,-0.8565202281820348,0.634836284654228
7410.803906727395,-0.7548607796235416,0.6339583246024553
7412.185588564971,-0.7747741030407553,0.634699257064631
7413.567270402547,-0.4667269796411233,0.6347997847983455
7414.948952240124,-0.1467641996144522,0.6312971590581417
7416.3306340777,0.2715106379152701,0.6331870539453734
7417.712315915276,1.3743900461525271,0.6303545526793148
7419.093997752852,1.1206571672774146,0.6308256349033493
7420.475679590429,0.246937331347155,0.6333345906533088
7421.857361428005,-0.22210998477646626,0.6345156918126145
7423.239043265581,-0.6865865551682333,0.635462973679787
7424.620725103158,-0.5162356974194893,0.6354394088549192
7426.0024069407345,0.3865506831072878,0.6333685463351867
7427.384088778311,1.2421934335436617,0.6310645913027625
7428.765770615887,1.3859139360848474,0.6301320418838653
7430.147452453464,1.157932648688032,0.6304642649876628
7431.5291342910405,1.3312683321105254,0.6309221907155037
7432.910816128617,0.6314747577346367,0.633076346086618
7434.292497966193,0.18648204721478123,0.6342757858956223
7435.674179803769,0.41816874778095325,0.633403338552866
7437.0558616413455,0.8422122334637976,0.6320256486628711
7438.437543478922,-1.776031610791506,0.6364554803599023
7439.819225316498,-0.6278012000281166,0.6348671412881448
7441.200907154074,0.3020455338152175,0.6337834531972631
7442.5825889916505,0.010068045082391563,0.6352470790733853
7443.964270829227,0.41709694053513147,0.6367077441327759
7445.345952666803,1.1141890045512781,0.6340977380057636
7446.727634504379,0.5668440048416699,0.635682290530129
7448.109316341956,0.0,0.6373092910003956
7449.490998179533,-0.19342444492409072,0.637642596225944
7450.872680017109,0.18943745688217462,0.6372194475691209
7452.254361854685,-0.028024089966820043,0.6382460641926084
7453.636043692262,-0.7949787303944333,0.6393865379200069
7455.017725529839,-1.139969439557973,0.6408940393839685
7456.399407367415,-1.3255613802369055,0.6418326077009916
7457.781089204991,-1.0393270023518113,0.6412282714354234
7459.162771042567,-0.9817482498596348,0.6414104936879613
7460.544452880144,-0.1525197493454442,0.6403827352416631
7461.92613471772,-0.5025469873187944,0.640732259700993
7463.307816555296,-1.3094565725773606,0.6420415268441074
7464.689498392872,-1.3420666785016948,0.6428208539628036
7466.071180230449,-0.5771864812702034,0.6406285824442817
7467.452862068025,0.0,0.6394209599812685
7468.834543905601,0.6834473407735686,0.6385252622211302
7470.216225743178,0.553138714296864,0.6389061071522436
7471.5979075807545,-1.007283774780504,0.64059970962885
7472.979589418331,0.00010192455474111739,0.638877767221975
7474.361271255907,1.0828511323127543,0.636724577699554
7475.742953093483,1.7269133627756048,0.6357914701251575
7477.12463493106,1.947714331032003,0.6357711196416983
7478.506316768637,1.795815101242681,0.6363158419577241
7479.887998606213,0.7814189907000753,0.6380746471470554
7481.269680443789,-0.14914135518154126,0.6401567859792449
7482.651362281365,-0.8035335988240462,0.6410238809486948
7484.033044118942,-0.5866605260846853,0.6407850580190191
7485.414725956518,0.4324190792902698,0.640174330850929
7486.796407794094,0.6732869224264704,0.6409902167030604
7488.17808963167,-0.4964013138563246,0.642876054399847
7489.559771469247,-0.7097005755023389,0.6438974897824338
7490.941453306823,-0.5586165639793848,0.6440007834963637
7492.323135144399,-0.4068252100295382,0.6432893298929129
7493.704816981976,0.8024267907175897,0.6416661726072087
7495.086498819553,0.4125763425562212,0.6419707014831499
7496.468180657129,0.22289617668742778,0.6425118710204561
7497.849862494705,0.5859640842964637,0.6420932052835749
7499.231544332281,1.288590313568406,0.6410129120092034
7500.6132261698585,0.48620719510080335,0.6428896632426647
7501.994908007435,-0.32576529439116086,0.6445472398735858
7503.376589845011,-0.5085456753595281,0.6448300824084976
7504.758271682587,-0.06567172040480784,0.6441789183823053
7506.1399535201635,0.6554159685880165,0.6430307958110554
7507.52163535774,0.974773549615378,0.6414253480434894
7508.903317195316,0.0278412305579252,0.644891456568688
7510.284999032892,-1.34349719127664,0.6471529075550102
7511.666680870469,-1.8271085281676704,0.6476769172025066
7513.048362708045,-0.9094715338649166,0.6466899433928395
7514.430044545621,0.0,0.6448171696732747
7515.811726383197,-0.8577551188857342,0.6469165249646672
7517.1934082207745,-1.1995884431284907,0.6468112720833934
7518.575090058351,-0.5341483554726238,0.6455221910287304
7519.956771895927,0.336282938589747,0.6447834769169711
7521.338453733503,-1.0169819284399466,0.6463947681937658
7522.7201355710795,-2.391947843170371,0.6467163269517024
7524.101817408657,-0.7857486320241236,0.6418133964474749
7525.483499246233,1.2145463650234092,0.637756848732726
7526.865181083809,1.16175315891212,0.6397804130007496
7528.246862921385,-0.6394724816733373,0.647009843161105
7529.628544758962,-0.6775390128950676,0.6462893340595005
7531.010226596538,0.1212582135945155,0.6446976015428078
7532.391908434114,0.12524070596477088,0.6455019941592292
7533.77359027169,-1.4258846043151863,0.649497949329481
7535.155272109267,-0.8114658603872016,0.6496410709210334
7536.536953946843,-0.893177564503219,0.6495752051726859
7537.918635784419,-0.8204945758197937,0.64937413667497
7539.300317621995,0.0,0.6475415689434755
7540.681999459573,1.6014311364813096,0.643478576386822
7542.063681297149,1.5537012590693422,0.6438649572063109
7543.445363134725,0.0,0.6474279208876881
7544.827044972301,-1.0422192894683917,0.6502139300830749
7546.208726809878,-1.398903878906296,0.6513165080433054
7547.590408647455,-1.245145892884608,0.650945054512952
7548.972090485031,-1.2537374151617797,0.6509882673404184
7550.353772322607,-1.2284302070685413,0.6506997172401766
7551.7354541601835,-0.7760700897327979,0.6497387438278386
7553.11713599776,0.0,0.6483176142120933
7554.498817835336,0.7683158434193444,0.6471070167659989
7555.880499672912,-1.0104031990925932,0.650071139843208
7557.2621815104885,-0.688001802804223,0.6494678368864369
7558.643863348065,0.02437359987675336,0.6484177587095965
7560.025545185641,-0.01287964759350757,0.6487823084011684
7561.407227023217,-1.7515830394018508,0.6516973367475458
7562.7889088607935,-0.28175968089774983,0.6491451412644926
7564.170590698371,1.424444889710145,0.6469792530044484
7565.552272535947,1.0993354828427186,0.6476611538643027
7566.933954373523,-1.4147232696032717,0.6515695871573824
7568.315636211099,-3.664961490273157,0.6566463494338983
7569.697318048676,-2.1019758016389716,0.6517355593696006
7571.078999886253,0.11215607952976825,0.6462947068807092
7572.460681723829,0.24329540514958126,0.6452616699452945
7573.842363561405,-2.2055601983962703,0.6499788124893199
7575.224045398982,-2.9934281912728693,0.6549184042349527
7576.605727236558,-2.4505426503267955,0.6554386734021908
7577.987409074134,-1.1483212373090623,0.6531756387518034
7579.36909091171,-0.05132295498573569,0.6510430525593888
7580.750772749287,-0.06310945177884264,0.6511613239575976
7582.132454586863,-1.1236745590629766,0.6517303094247545
7583.514136424439,0.08578118873431606,0.6495104632679382
7584.895818262015,1.3372919231827751,0.6462149914856399
7586.277500099592,2.3688905639834985,0.6438362630483777
7587.659181937169,2.6763559742855563,0.6447829244018988
7589.040863774745,-1.872751740991987,0.6544845725994614
7590.422545612321,-3.2004696580654155,0.6589920970245635
7591.804227449898,-0.7970215906070592,0.6528483584709076
7593.185909287474,1.870737856826267,0.6430635986092099
7594.567591125051,-1.1810948557486682,0.6446016019310091
7595.949272962627,-6.881384851850726,0.6430489891665399
7597.3309548002035,-3.495939002853632,0.6238166003658756
7598.71263663778,1.4955073238797354,0.6033663626343609
7600.094318475356,3.445268727173371,0.5916995923179195
7601.476000312932,0.31365770413847827,0.5930533552835787
7602.8576821505085,-1.5812473159173095,0.5914850867630628
7604.239363988085,0.43755579639274345,0.5830738741312232
7605.621045825661,0.9527519030966403,0.5806617881013356
7607.002727663237,-2.602063879905259,0.5903751678796556
7608.3844095008135,-2.436932574621366,0.5942503075371397
7609.76609133839,-3.7507717623867336,0.6072547297008032
7611.147773175967,-2.9561579265218967,0.6131216228043477
7612.529455013543,0.4049949055520585,0.612584328354357
7613.911136851119,5.53944555472826,0.6112675888928292
7615.292818688696,2.2055601983962703,0.6244145043202862
7616.674500526273,0.5130247118095923,0.6374048561227603
7618.056182363849,0.00909348732517401,0.6437184525310828
7619.437864201425,0.3561430817446336,0.6446526110574505
7620.819546039002,0.457683670713223,0.6468466000863015
7622.201227876578,-2.129929206825139,0.6445777503164181
7623.582909714154,-3.7345336389469566,0.6422278117633922
7624.96459155173,-1.7361885622720905,0.6362319897765112
7626.346273389307,1.9323422791719906,0.6275936856370339
7627.727955226883,-2.3428633862469894,0.6268341424828847
7629.109637064459,0.0,0.6283359932193353
7630.491318902035,0.20136812638804713,0.6273809933706551
7631.873000739612,-0.2047285486893884,0.6266957353242302
7633.254682577188,1.5697310574198724,0.6289128486336432
7634.636364414765,5.388756373997396,0.6295862833707081
7636.018046252341,-2.5044551370487795,0.6394045640736282
7637.3997280899175,-2.4568170567180516,0.6425566707593517
7638.781409927494,1.6852045650525582,0.6413658323826817
7640.163091765071,-5.07117316950756,0.647127543385336
7641.544773602647,-2.2292516500163657,0.6472651582053857
7642.926455440223,-0.34240439848586846,0.6481663524013761
7644.3081372778,-2.4151152949056467,0.652236137503934
7645.689819115376,-5.698019810391685,0.6559588020439228
7647.071500952952,4.223213538964643,0.6429740803329231
7648.453182790528,0.43949050165511494,0.6486739980996961
7649.834864628105,-3.121850140757104,0.6560888375808347
7651.216546465681,-2.5516035608485907,0.6550405867220227
7652.598228303257,3.2558528197579903,0.6413951281733951
7653.979910140833,2.613945210204079,0.6523497583473282
7655.36159197841,-2.818870693056155,0.6569913569488852
7656.743273815986,-0.40048201326990807,0.6520039243780448
7658.124955653563,6.005202802604302,0.6443310292973834
7659.506637491139,2.1063594758197297,0.6493906123628449
7660.888319328716,3.663767218369557,0.6460465194468393
7662.270001166292,7.313589978214381,0.6364306457188332
7663.651683003869,8.240198176784759,0.6347379283549747
7665.033364841445,4.042507830317646,0.6478802855524651
7666.4150466790215,-3.179559024132928,0.6656810948220089
7667.796728516598,0.18355107974059592,0.6593893738741365
7669.178410354174,1.5866946436972427,0.6572275757656645
7670.56009219175,0.29472767873690486,0.6608429270112771
7671.941774029327,-1.7142675260665214,0.6654694786015769
7673.323455866903,0.07137475911460456,0.6633348296409406
7674.705137704479,1.5580350519912969,0.6596556284844636
7676.086819542055,1.1453885866426674,0.6601730760303562
7677.468501379632,-0.7659583308421247,0.6649348558278133
7678.850183217208,-1.4424530634956625,0.6665320585505089
7680.231865054784,1.1338245587836582,0.6614632586295882
7681.613546892361,1.242726730091249,0.6614991191176226
7682.9952287299375,-0.4376195790271993,0.665336976903384
7684.376910567514,-2.453944569074565,0.6698372113832085
7685.75859240509,-1.929870287587434,0.6689095476950905
7687.140274242667,0.5647173486580641,0.6640952314192755
7688.521956080243,2.4151152949056467,0.6602725117431351
7689.90363791782,2.879224335196696,0.659304227310621
7691.285319755396,0.920430009693959,0.6616856623754817
7692.667001592972,1.0863874914350475,0.6640728488003435
7694.048683430548,1.1407305380921002,0.6639323560460193
7695.430365268125,1.457053629513041,0.6626231488852681
7696.812047105701,2.339530444789361,0.6612413443289604
7698.193728943277,3.4554177669872246,0.6587036124463713
7699.575410780853,1.7017167474725312,0.662876343205251
7700.95709261843,0.1325512054072533,0.667381443676077
7702.338774456006,-0.705289760857795,0.6708332212529883
7703.720456293582,-1.8145179666975793,0.6738184308704113
7705.102138131159,-1.0158621267908927,0.6713641785343132
7706.483819968736,0.4621671051728953,0.6684829000077824
7707.865501806312,1.5658607988128495,0.6660084199225641
7709.247183643888,1.6177634726311965,0.6643718239756723
7710.628865481465,0.7666605190692195,0.6631427856375284
7712.0105473190415,2.402382700462354,0.655351009289915
7713.392229156618,2.1236493090087976,0.6531862985689696
7714.773910994194,0.6926592922357884,0.6550461095669462
7716.15559283177,1.025681049835086,0.6528470131507988
7717.5372746693465,1.3531943442004035,0.6415131555195457
7718.918956506923,0.04884781384076575,0.6505354987810102
7720.300638344499,-0.6113808044124198,0.6632578186183562
7721.682320182075,0.4511105574680272,0.6680194683529254
7723.0640020196515,0.2286960721607727,0.6691522771143805
7724.445683857228,-0.16008607406975273,0.668975232291261
7725.827365694804,-0.11587850291302004,0.6686722851810021
7727.20904753238,0.10327021729472108,0.6687859267327033
7728.590729369957,0.0727421011205962,0.669774523423333
7729.972411207534,-0.4304561935286131,0.6720031477108392
7731.35409304511,-0.037294333332297924,0.6721973314072102
7732.735774882686,-0.17941270396600828,0.672503830653359
7734.117456720263,-1.2646193417627813,0.6740430563220607
7735.49913855784,-0.17763288920664877,0.6726457757421705
7736.880820395416,0.490912954685669,0.67074422443373
7738.262502232992,0.6001880141466671,0.6702076234466999
7739.644184070568,0.529066778781285,0.6705762979234388
7741.025865908145,1.0083680517711713,0.6696994996368977
7742.407547745721,1.558024423156155,0.6685969182774992
7743.789229583297,1.311909810039836,0.6693576642084054
7745.170911420873,0.2540656910040724,0.6718137714936693
7746.55259325845,-1.1478417147854003,0.6747039591956934
7747.934275096026,-1.0336875753339143,0.6682516326430089
7749.315956933602,-0.49065497900052435,0.6595395085959888
7750.697638771178,-0.035574077297354734,0.6541097656233086
7752.079320608756,0.3657806299435151,0.6541458733719483
7753.461002446332,1.610077926662214,0.6601280712139316
7754.842684283908,-0.6812252279175084,0.670085179168024
7756.224366121484,-1.3067040584488865,0.6737102809845946
7757.6060479590615,-0.8077297374645553,0.6733757295844737
7758.987729796638,-0.3725775432604479,0.6730956033545994
7760.369411634214,-0.20151799596807507,0.6675883976069759
7761.75109347179,0.29042843673751406,0.6683455682868885
7763.1327753093665,0.1745258878268885,0.6714418597147089
7764.514457146943,-0.7448866804120655,0.674937777698342
7765.896138984519,-1.6000064293991159,0.6794614518538294
7767.277820822095,-1.4773210221292317,0.6779151630494299
7768.6595026596715,-0.570637485931627,0.6762108584606301
7770.041184497248,0.538111145020423,0.6742802314807581
7771.422866334824,0.9906275660858057,0.6700808613597745
7772.8045481724,-0.05546029697124766,0.6725930218586433
7774.1862300099765,-0.5452307689244407,0.6735699153875372
7775.567911847554,0.054471108605241625,0.6725638065940238
7776.94959368513,1.6701060609027252,0.6700485568048569
7778.331275522706,0.4911528547845023,0.6714185013929099
7779.712957360282,0.7178950155161061,0.6704543904726441
7781.09463919786,1.0137774559127593,0.6696077686496308
7782.476321035436,0.6704656005689031,0.6702980712616314
7783.858002873012,-1.1110773923723514,0.674203974844979
7785.239684710588,0.4710323747228671,0.6738042158212412
7786.621366548165,0.24620592946834563,0.6745084262339607
7788.003048385741,-0.7372391663355131,0.6756261079227374
7789.384730223317,-0.3069675786268249,0.6753672426700288
7790.766412060893,0.6677667877658706,0.671173215600237
7792.14809389847,0.7653081737698955,0.6683319753858704
7793.529775736046,0.4792328142119828,0.6645272214438889
7794.911457573622,0.009794304491279604,0.6598462159976111
7796.293139411198,0.2276447415618179,0.664746872192657
7797.674821248775,-1.0019031583015732,0.6728843046445273
7799.056503086352,-1.0726286103794251,0.676584581504202
7800.438184923928,-0.28672458676135193,0.6770631242651095
7801.819866761504,-1.6488223589623487,0.6833122628375796
7803.2015485990805,-1.614306828372591,0.679353611258276
7804.583230436658,0.5650022321624846,0.6739576622971708
7805.964912274234,2.2599921036159145,0.6707010175709706
7807.34659411181,0.11760924116515525,0.6727340638211057
7808.728275949386,-0.2155471304062928,0.6728772519132614
7810.109957786963,0.7954477971495919,0.6698303036619965
7811.491639624539,1.761106694509138,0.668749237447237
7812.873321462115,1.5197254633492747,0.6722539964542715
7814.255003299691,0.0,0.6754819719865233
7815.636685137268,-0.5100172856096776,0.6764563219467349
7817.018366974844,0.11619383235888847,0.6727735438537291
7818.40004881242,1.0340964168864133,0.6670811531936656
7819.7817306499965,-0.7407715887254653,0.6692900942687213
7821.163412487573,0.6327732938047035,0.6628328381610105
7822.54509432515,0.2535014892697802,0.6626060453774743
7823.926776162726,-1.4328668309791368,0.6686258186914502
7825.308458000302,-2.964540127209787,0.6779943651218088
7826.690139837879,-0.5176187072374887,0.6777048770094742
7828.071821675456,0.09212028884759604,0.6768432418933428
7829.453503513032,0.365680528825834,0.6757906432675876
7830.835185350608,1.3343543633526025,0.6750089540859483
7832.216867188185,0.2075756986744608,0.6770657776187059
7833.598549025761,-0.21193209986273587,0.6787351239686347
7834.980230863337,-0.11909827678464069,0.6787192581393049
7836.361912700913,0.363380354780233,0.6774983084890887
7837.74359453849,-0.09189884065440879,0.6794523517414917
7839.125276376066,-1.1862017132719558,0.6791104392854483
7840.506958213642,-0.15503231724323996,0.6747467960496744
7841.888640051218,1.9766221776072967,0.6691473212620521
7843.270321888795,1.4265126128191241,0.6691485982181624
7844.652003726371,1.0884500478606043,0.673963702647489
7846.033685563948,0.7722461860256686,0.6754484304107574
7847.415367401524,0.24693115789764875,0.6762628429882892
7848.7970492391005,-0.7617037926955135,0.6802286364787827
7850.178731076677,0.40854083555805687,0.6732285197933391
7851.560412914254,0.431554202820152,0.668098611723733
7852.94209475183,0.8272088359493637,0.6617670652463642
7854.323776589406,1.4749212374522216,0.6541761377187388
7855.705458426983,0.473491420776341,0.666042447587738
7857.087140264559,-0.5199554590525253,0.6739957543993981
7858.468822102135,-0.8855875034780638,0.6771447982912756
7859.850503939711,-0.44405165874141517,0.6760448239176278
7861.232185777288,-0.8763278798541734,0.6746818053671145
7862.613867614864,-1.004132829168853,0.6777574709681078
7863.99554945244,-0.4931764555030611,0.6796107846475982
7865.377231290016,0.04145246796812785,0.6797511641305815
7866.758913127593,0.0,0.68000788360803
7868.140594965169,-0.2960857966892405,0.678143252309522
7869.522276802746,0.0,0.6748430011348104
7870.903958640322,0.6233670294535898,0.6717352543486032
7872.285640477899,1.2086035997517683,0.6710560490940909
7873.667322315475,1.901360525615715,0.6731211865649083
7875.049004153052,1.2549312522737068,0.6766376019593757
7876.430685990628,0.0,0.6806082635705906
7877.8123678282045,-0.8941377948002724,0.6836446507619617
7879.194049665781,0.024364156894563394,0.6756388324959286
7880.575731503357,1.2223638953476694,0.6735064538831165
7881.957413340933,1.118200782838386,0.6758286007054933
7883.3390951785095,-0.5791486588050105,0.6808492455539
7884.720777016086,-0.5150455056804617,0.6815738557542481
7886.102458853662,-0.2155440763265517,0.6849864431633526
7887.484140691238,-0.2716500001045574,0.6837608797291863
7888.8658225288145,-1.1220223423508884,0.6784797878554998
7890.247504366391,-2.698501565271613,0.6827976548342816
7891.629186203967,-3.7639825475198165,0.6858195890883717
7893.010868041544,-3.9800693622983943,0.6895137302242766
7894.39254987912,-3.4512038111392513,0.6930296001764039
7895.774231716697,-2.7293437664260836,0.6929896437591226
7897.155913554273,-2.086001878970862,0.6912273278320622
7898.53759539185,-0.8899348409909038,0.6892892842368918
7899.919277229426,0.0,0.6879344563514949
7901.300959067003,0.0,0.6881443316775054
7902.682640904579,-1.6969863996973373,0.6913381741034406
7904.064322742155,-1.5167686691130768,0.6910812333997162
7905.446004579731,-0.42936662181280383,0.6893437391783438
7906.827686417308,-0.3904276427289659,0.6888939679018437
7908.209368254884,-1.9506385481629565,0.6932184311927791
7909.59105009246,-2.579176637953438,0.6916080052070882
7910.972731930036,-1.807107100767297,0.6837176445434682
7912.354413767613,0.3582669794413249,0.6694320155931103
7913.736095605189,2.3080232725258156,0.6497512362561954
7915.117777442765,1.6492666917055914,0.6531575251211669
7916.499459280341,0.38450472573290995,0.6663296480653444
7917.881141117918,-0.4750162842687189,0.6798120148800129
7919.262822955496,-0.10413581870395205,0.6804134992710223
7920.644504793072,-0.7709624277992191,0.6782172720677363
7922.026186630648,-1.9012882688410713,0.6795421694152414
7923.4078684682245,-2.936041628853687,0.6859298696628585
7924.789550305801,-2.0933968323373904,0.6902079448589128
7926.171232143377,-0.2396200608852297,0.6883418266482731
7927.552913980953,0.27957452648149683,0.6871105984768603
7928.9345958185295,-0.4777971669890917,0.6873768213215278
7930.316277656106,-0.0990428056974082,0.6840153781216469
7931.697959493682,0.46105226202745087,0.6798271320544724
7933.079641331258,0.795476785962066,0.6792284640563512
7934.4613231688345,0.843611624031567,0.6819687248009855
7935.843005006411,1.1927256181075876,0.6843621995217853
7937.224686843987,2.285362032104885,0.683313633171381
7938.606368681563,2.9652835594772,0.6825455555669784
7939.9880505191395,2.9151505531055477,0.6828817935589526
7941.369732356716,1.6649599756816116,0.6848553101608534
7942.751414194294,1.2904876009164639,0.6871597877766642
7944.13309603187,1.6105188859169601,0.6858536119809167
7945.514777869446,2.176139711549453,0.6830847972191676
7946.896459707023,2.469803091170917,0.683493766513577
7948.278141544599,2.8234752799152147,0.6793275144393174
7949.659823382175,1.591085240496497,0.6807857343298355
7951.041505219751,0.20064028611895424,0.6853346268835052
7952.423187057328,0.521946463118752,0.688232543469344
7953.804868894904,1.31739317476665,0.6865832986859477
7955.18655073248,1.7512932839465378,0.6873693508851668
7956.568232570056,1.5297433528400148,0.6893986573065145
7957.949914407633,0.5766672417468612,0.6908815177782245
7959.331596245209,-1.1415718540495021,0.6955522173499373
7960.713278082785,-1.7178057366850794,0.695102216403323
7962.094959920361,-1.5156054927295912,0.6908166593121178
7963.476641757938,-1.494211308300379,0.6841784713255475
7964.858323595514,-1.599198235620122,0.6727343576505753
7966.240005433092,-1.5456690440694274,0.6698012814631518
7967.621687270668,-1.2389831095643586,0.6747808702508167
7969.003369108244,-0.7690661438402486,0.6867817899900363
7970.385050945821,-0.22809554083390537,0.6920729863963353
7971.766732783397,0.1602269208559619,0.6932445712299627
7973.148414620973,0.4681636467683603,0.6928152124997615
7974.530096458549,0.6388992218308118,0.6926904328616099
7975.911778296126,0.09469345893354841,0.6907956246889225
7977.293460133702,0.3195363910164275,0.6896970244452282
7978.675141971278,1.1779267118310628,0.685782858852376
7980.0568238088545,2.706593195227782,0.6775207701119093
7981.438505646431,1.2339253894531623,0.6853362741098399
7982.820187484007,0.5897127404349334,0.6907165841980807
7984.201869321583,0.014257184492294073,0.6944202055821156
7985.5835511591595,-0.8354923423649296,0.6968012854080297
7986.965232996736,0.07790215612811835,0.6961761973885079
7988.346914834312,0.7931982457112667,0.6930126397157089
7989.72859667189,0.9276460979295535,0.6889797714148866
7991.110278509466,0.5587948953880613,0.6842683774769514
7992.491960347043,2.848206622302584,0.6676624440122585
7993.873642184619,2.1507248424046708,0.6656000381585242
7995.255324022195,0.48039021365225665,0.6728009635330678
7996.637005859771,-0.8154603375818539,0.6857005205502397
7998.018687697348,-1.1332311496903031,0.6956601699766828
7999.400369534924,-1.0378879753166785,0.6991995244504525
8000.7820513725,-0.6899113062205231,0.699057465502296
8002.163733210076,-0.22710182562326509,0.6970335332385541
8003.545415047653,-0.08531947220552638,0.697021377344956
8004.927096885229,-0.06171137304575325,0.6976573226241086
8006.308778722805,-1.0556279043519226,0.701295071921665
8007.690460560381,-3.3205587349368386,0.7082181185620172
8009.072142397958,-2.6035264840617316,0.7029159136493013
8010.453824235534,-1.7416853007072035,0.7029891640109296
8011.83550607311,-1.9680530390301385,0.7031187872414565
8013.217187910688,-3.728612765158573,0.7003159933191958
8014.598869748264,-2.283138940979626,0.697381720196815
8015.980551585841,-1.0117023741243258,0.6958280889752088
8017.362233423417,-0.36090241339393003,0.6965370587995378
8018.743915260993,-0.44224336469194725,0.6998157560824245
8020.125597098569,-0.5653697690797657,0.7003254250863901
8021.507278936146,-0.7668634143019517,0.6997583710994065
8022.888960773722,-0.7995659651414968,0.6971170742307835
8024.270642611298,-0.4891061889604629,0.6915873961521858
8025.652324448874,0.8271571957611172,0.6816227335441821
8027.034006286451,0.8124239167495801,0.679669014653608
8028.415688124027,0.565769755934781,0.6838337827642488
8029.797369961603,0.824671755264788,0.6924751171900385
8031.179051799179,1.3274893633287945,0.6916011290709437
8032.560733636756,1.7718852029917684,0.6908002979410813
8033.942415474332,1.778731255734769,0.6909125443952163
8035.324097311908,1.1408680671851101,0.6926731881992806
8036.705779149486,-0.7559729205921286,0.6968643127346963
8038.0874609870625,0.06055531935123781,0.6952270772215582
8039.469142824639,1.647824720139738,0.6914916467143278
8040.850824662215,2.1893951567564045,0.6891650131499988
8042.232506499791,-0.49311097501137624,0.6986796662441607
8043.6141883373675,-2.6029633862656425,0.7068625731779858
8044.995870174944,-3.3234105532685305,0.7109719206186123
8046.37755201252,-1.7985568308214113,0.7078002977535727
8047.759233850096,-1.0859387935361156,0.7049000509367144
8049.1409156876725,-0.2666952686976316,0.7013208256869842
8050.522597525249,0.3272643343925381,0.6977695646946177
8051.904279362825,0.4991329083570264,0.695254497971929
8053.285961200401,1.1118178514608275,0.6939757090400238
8054.6676430379775,1.5382769736648214,0.6946087369925023
8056.049324875554,1.6026903889996476,0.696438563321713
8057.43100671313,0.9608906805063953,0.6982814204149859
8058.812688550706,0.9194887061508439,0.6982302640925598
8060.194370388284,0.6371025342265568,0.6967268100621014
8061.576052225861,0.15146027808795282,0.6946280367772198
8062.957734063437,-0.6329260538758632,0.6936352438403997
8064.339415901013,-0.37970796575800136,0.6950071248131856
8065.721097738589,0.059730624959712486,0.6983105085242614
8067.102779576166,0.4626518218947382,0.7017596927400649
8068.484461413742,0.45408980472201677,0.7005186607905768
8069.866143251318,0.8588189957460628,0.7005787841385478
8071.247825088894,0.8066169423028953,0.7010349681175719
8072.629506926471,0.14533854855969253,0.7020068621581967
8074.011188764047,-0.41588137414440496,0.7046445708827137
8075.392870601623,0.33761325696710287,0.7015587639746113
8076.774552439199,0.9987726035746789,0.6995787662528224
8078.156234276776,1.1876182584674382,0.7004411047650067
8079.537916114352,-0.12147560553215442,0.703387950618649
8080.919597951928,0.2262959025046598,0.7032275600275336
8082.301279789504,0.4856106620551941,0.7029489299002595
8083.6829616270825,-0.0166445282987695,0.7036230296642031
8085.064643464659,-0.4327196285755974,0.704606049006257
8086.446325302235,-0.5560875922381143,0.7052791805846459
8087.828007139811,-0.47253857095073215,0.7056419423400757
8089.2096889773875,-0.23694457873372698,0.7056479970678383
8090.591370814964,0.0,0.7047614148412696
8091.97305265254,0.835026119372003,0.7017983298739885
8093.354734490116,1.5650238339099332,0.6992475955774362
8094.7364163276925,1.6321946055713283,0.6990865827261867
8096.118098165269,-0.09705993075500885,0.7041111292214852
8097.499780002845,-0.14864493404830625,0.7049272278657893
8098.881461840421,1.106024106733443,0.7017527197759622
8100.2631436779975,3.0776130355249762,0.6945443572996268
8101.644825515574,2.6895175444688846,0.6938759307343948
8103.02650735315,1.6669993180611016,0.6967831229626187
8104.408189190726,0.6354480792773813,0.7016727591036065
8105.7898710283025,0.22873460567244308,0.7061372717430467
8107.171552865881,-0.3824129890894312,0.7084901679370178
8108.553234703457,-0.6247540557211977,0.7098294518317975
8109.934916541033,-0.4769051294598654,0.7104467979485164
8111.316598378609,-0.7453136316529054,0.7107323760195164
8112.698280216186,-1.7535039819057232,0.712697507182059
8114.079962053762,-1.8011977526689549,0.7129331005751213
8115.461643891338,-0.7818160460265204,0.7111783699577294
8116.843325728914,-0.4794328926403324,0.7096558392210781
8118.225007566491,0.22805311426422747,0.7082054663085439
8119.606689404067,0.17470731445276044,0.7090519483260103
8120.988371241643,-0.8318571418516854,0.7126790297269658
8122.370053079219,-2.392095447510087,0.7152486784874049
8123.751734916796,-2.655372792406112,0.715951848091825
8125.133416754372,-2.1640929689361172,0.7151630704538802
8126.515098591948,-1.2413013270280118,0.7130548300615578
8127.896780429524,-1.5470297552899837,0.7113161284772033
8129.278462267101,-1.74790878706483,0.7134642104082626
8130.660144104679,-1.3749963001526169,0.7130924182146756
8132.041825942255,-0.09415552220862367,0.7032328756919121
8133.423507779831,-0.492951566487406,0.7057342942402755
8134.805189617407,-1.9861269366843288,0.7087559787189284
8136.186871454984,-2.6397143942733123,0.7094246513188436
8137.56855329256,0.9387306717520261,0.7030125719157005
8138.950235130136,2.197425029328528,0.6997820945505073
8140.3319169677125,0.8452220621662008,0.7032532949772012
8141.713598805289,-2.347254014536844,0.7109103676808869
8143.095280642865,-3.284802715540309,0.7130696639254488
8144.476962480441,-2.025352428198545,0.7116385987133844
8145.8586443180175,-1.0426361241508317,0.7085857753083115
8147.240326155594,-0.9082057534469214,0.7050555279270472
8148.62200799317,-1.0400366011587465,0.7055628698093065
8150.003689830746,0.1116941870944288,0.7027523206419701
8151.3853716683225,1.2167198901792062,0.6992970090146235
8152.767053505901,1.4896071840834537,0.696949270186479
8154.148735343477,-1.1880016952316197,0.7059571650524334
8155.530417181053,-2.759109929615505,0.7111600242069528
8156.912099018629,-2.742035592264628,0.7120856054811623
8158.293780856206,-0.17545470771540295,0.7077297129444751
8159.675462693782,-1.1010065790048458,0.709112277566544
8161.057144531358,-2.392906085395367,0.7093890957913602
8162.438826368934,-3.414024578143568,0.7084482012988994
8163.820508206511,-3.219602647093879,0.7065144914003818
8165.202190044087,-1.3012056449938996,0.7031482478472348
8166.583871881663,0.027227053351978725,0.7026285063225739
8167.965553719239,0.19063470372753955,0.7054518560564341
8169.347235556816,-2.3843863095083435,0.711003875580092
8170.728917394392,-3.113870086604493,0.7133026360378223
8172.110599231968,-2.1405147119569676,0.7127548701071861
8173.492281069544,0.0611311649233528,0.7101460937737797
8174.873962907121,-2.224616798423284,0.7148052851164846
8176.255644744699,-2.97654786159697,0.7145040128483053
8177.637326582275,-2.032220026104895,0.7077533730634666
8179.019008419851,0.8993450598116084,0.692686219603268
8180.400690257427,1.5934434022707649,0.6949346713738703
8181.782372095004,0.6853967718154479,0.7000166573024975
8183.16405393258,-0.04425143090939798,0.7045506351096766
8184.545735770156,2.1182902328416446,0.7030037869616584
8185.927417607732,0.14998626025716533,0.7054824690245656
8187.309099445309,-1.0985195779412322,0.7074125068504801
8188.690781282885,-0.6994566480686757,0.7074600086313029
8190.072463120461,0.9482605373629127,0.7026040827519587
8191.454144958037,0.6289925233824079,0.7023253563773837
8192.835826795614,0.42066330640818705,0.7024322451644938
8194.21750863319,1.0607427172571136,0.7014369695780762
8195.599190470766,2.271574512978148,0.6988641506945419
8196.980872308342,1.4446978860580941,0.7020325785135623
8198.362554145919,-0.3364359950773803,0.707032398799609
8199.744235983497,-2.3100565683567567,0.7108884761700706
8201.125917821073,-2.4695757181904554,0.7167334383783568
8202.50759965865,-2.3803966042187596,0.7192201052601898
8203.889281496226,-2.365399431107633,0.7205844718157649
8205.270963333802,-3.5136014053222198,0.7255042615517364
8206.652645171378,-2.1130303810447373,0.7235856928778454
8208.034327008954,-0.8199785245419946,0.7191467680443758
8209.41600884653,-0.14635866874648684,0.7142874131201066
8210.797690684107,-0.64456063925671,0.7162528897393924
8212.179372521683,-0.8368070479842089,0.7162210250837722
8213.56105435926,-0.7612926884623761,0.7162848228594979
8214.942736196836,-0.3732590520017851,0.7174605453062457
8216.324418034412,-1.403765709288706,0.720275124302346
8217.706099871988,-2.844470248460439,0.7231377781471094
8219.087781709564,-3.120721380271732,0.7234974891960948
8220.46946354714,-0.6909255513998005,0.7176896916823061
8221.851145384717,-1.941164186159071,0.7199890084465658
8223.232827222295,-3.4919180808193744,0.7244286545960399
8224.614509059871,-4.048242804288904,0.7256233573964379
8225.996190897447,-0.6717510110426588,0.7067121421942045
8227.377872735024,-2.4759898500795856,0.7038836618604651
8228.7595545726,-4.102705847261944,0.7039235378240459
8230.141236410176,-3.7396157913213415,0.7027854648002709
8231.522918247752,-1.4618497784288706,0.7015676123872614
8232.904600085329,-1.7572916394556728,0.7086135130823623
8234.286281922905,-2.9287374428587043,0.7165080308812867
8235.667963760481,-3.4685088755897198,0.7186021443955852
8237.049645598057,0.7191692204285545,0.7107625717007058
8238.431327435634,2.8295059593633454,0.7044215301830478
8239.81300927321,3.4384573661808275,0.7001001662702544
8241.194691110786,4.645507106220833,0.6979221688475683
8242.576372948362,2.4286067821428077,0.7039656914256839
8243.958054785939,1.30714223745359,0.7067767085919482
8245.339736623515,2.563519372233884,0.7031930045493451
8246.721418461093,6.540252748132232,0.6929302053761617
8248.10310029867,7.901835633310583,0.6889888119388499
8249.484782136245,7.720861804624633,0.6897823615706197
8250.866463973822,6.084126653891701,0.6948429444028206
8252.248145811398,5.913737522355717,0.6960490870916923
8253.629827648974,5.247904927324299,0.6986962953419302
8255.01150948655,3.6431034655901726,0.7034553023204271
8256.393191324127,0.42795903350976516,0.7119021518017835
8257.774873161703,-1.2483104073484412,0.7157310344523427
8259.15655499928,-0.7755756433072349,0.7151347488622691
8260.538236836856,1.7124707286719314,0.7104864146948725
8261.919918674432,2.550533325322732,0.7069158214465007
8263.301600512008,2.843576745445006,0.7058283149496531
8264.683282349584,3.655741913524821,0.7033309533469883
8266.06496418716,6.005793697192118,0.6958145881407819
8267.446646024737,7.703793315302448,0.6907306790249894
8268.828327862313,7.974815410887771,0.661607026410687
8270.210009699891,6.991361295365053,0.6258562009239383
8271.591691537467,3.3184258799617936,0.6372311578230483
8272.973373375044,-3.0645625782812687,0.6539760812592488
8274.35505521262,-6.631407572949243,0.6862315713212239
8275.736737050196,-5.825510288314177,0.7334517787695082
8277.118418887772,-4.20180240626577,0.72603273587057
8278.500100725349,-3.4304590109222204,0.7182276598698452
8279.881782562925,-3.236527802097001,0.7108036247782054
8281.263464400501,-3.3574283664676585,0.7046950751621546
8282.645146238077,-2.26221318970029,0.7038112741977735
8284.026828075654,0.2519720960621896,0.7010309668246238
8285.40850991323,2.849656020413704,0.6974003062541105
8286.790191750806,0.46150975579985243,0.6998871793715501
8288.171873588382,-3.2007837145890505,0.7047251442193107
8289.553555425959,-5.0856526707511875,0.7062722392270344
8290.935237263535,-3.5091158717717974,0.7019646868842372
8292.316919101111,-0.15328134404022364,0.7082758138107669
8293.69860093869,0.1587353048886797,0.7120877820738644
8295.080282776265,-1.3578725243728087,0.7125609665438863
8296.461964613842,-2.7966308936577065,0.7073951794208564
8297.843646451418,0.6319025847237469,0.6927322523336803
8299.225328288994,3.1337338865881463,0.684233203292394
8300.60701012657,3.4094789526574942,0.6853169232684652
8301.988691964147,1.560417207708511,0.6998959713632366
8303.370373801723,-0.7554649252975452,0.717374367081852
8304.7520556393,-3.1001196497475974,0.7305610437460588
8306.133737476875,-4.6884737410775585,0.7330166600719649
8307.515419314452,-0.2750451737859976,0.7211869813512137
8308.897101152028,3.416900288320747,0.7091388127433527
8310.278782989604,5.135165346912501,0.7004445163854628
8311.66046482718,1.9688393198524068,0.7050391085979546
8313.042146664757,0.3296553997850964,0.7153205037885817
8314.423828502333,-0.09238653535818742,0.7210396366328619
8315.80551033991,0.6713426913911462,0.7183836683439931
8317.187192177487,-0.45089633415416586,0.722919396473958
8318.568874015064,-1.3819423770774648,0.7272160373976408
8319.95055585264,-2.5266228145401755,0.7320046170189294
8321.332237690216,-5.583109800421042,0.7386314599098073
8322.713919527792,-3.6502556145358227,0.7357950405151296
8324.095601365369,0.03317653369187212,0.7266886057441545
8325.477283202945,4.428395364475918,0.7132992583639145
8326.858965040521,5.255532070789258,0.7089815503547772
8328.240646878097,3.3547610889459634,0.714746326868135
8329.622328715674,1.3895974077208706,0.7210075326843256
8331.00401055325,1.513743698536942,0.7193026437744415
8332.385692390826,-0.005902603053328903,0.7260069669204955
8333.767374228402,-0.9448692863712012,0.7280144023989406
8335.149056065979,-1.0318702142634635,0.7257160036232537
8336.530737903555,0.07365620202381251,0.7246526641137753
8337.912419741131,0.24812082156385884,0.7217336775683765
8339.294101578707,-0.12605342006960996,0.7180014127388056
8340.675783416285,-0.9319147858566197,0.7138722387974452
8342.057465253862,2.1811715397274156,0.6862753174542442
8343.439147091438,3.557209531994019,0.6584841809752712
8344.820828929014,3.94548484442592,0.6352322353667624
8346.20251076659,5.032364320840273,0.6292766201170297
8347.584192604167,4.0413092852895005,0.6617904857558616
8348.965874441743,2.152295218337727,0.6942772006150629
8350.34755627932,0.07557437982589477,0.7137342149209976
8351.729238116895,0.9549513537535006,0.708486446175975
8353.110919954472,0.7385380171020159,0.7044168545433467
8354.492601792048,0.44355743728256414,0.7038671021479047
8355.874283629624,1.734031623436266,0.712067059076411
8357.2559654672,0.8775879659262102,0.7187739040030677
8358.637647304777,-0.019859319661094332,0.7244813314585334
8360.019329142353,-0.49740773854927056,0.7286760764318682
8361.40101097993,0.2048702113311407,0.7240042312706865
8362.782692817505,0.4677508227988625,0.7208123855914906
8364.164374655084,0.8347002738891263,0.7181750658265735
8365.54605649266,1.7675440544986714,0.7151262017355815
8366.927738330236,2.2187808632555033,0.71624066147978
8368.309420167812,2.1134600695165204,0.7194276113899533
8369.691102005389,1.320484931811535,0.7240553923145252
8371.072783842965,0.7781324269597576,0.7273200239019532
8372.454465680541,0.8197060637710507,0.7272663290888493
8373.836147518117,1.1155202351630606,0.7264184397681877
8375.217829355694,1.3953557594716983,0.7269451255560535
8376.59951119327,0.8189658511996356,0.7261380530764696
8377.981193030846,1.5136245985607815,0.7242579190634384
8379.362874868422,3.1105072658992583,0.720649619066103
8380.744556705999,2.3366371566646222,0.7108420259642317
8382.126238543575,1.0748941042750602,0.7102928771989272
8383.507920381151,-0.11233647514134759,0.7148443335300796
8384.889602218727,-0.7539274661765489,0.7226066550438803
8386.271284056304,-1.0437512709484196,0.7292959419813261
8387.652965893882,-0.19886632311515484,0.7314251926223968
8389.034647731458,1.1534908149949814,0.7298111882446926
8390.416329569034,0.918211340951288,0.7295304252839451
8391.79801140661,0.39699251223115084,0.7306296562145469
8393.179693244187,0.0,0.731344147456976
8394.561375081763,0.02563362615454423,0.730323707777681
8395.94305691934,-0.7168685471933003,0.7252153661871628
8397.324738756915,-1.3064157529714038,0.7107411439598482
8398.706420594492,-1.0489845180324266,0.6892822524685132
8400.088102432068,3.4672735823602494,0.6727472838535651
8401.469784269644,2.2026002969274003,0.6818218702879876
8402.85146610722,0.0,0.7018994684455968
8404.233147944797,0.0,0.7258457391812112
8405.614829782373,-0.14207026891237717,0.7331043600397423
8406.99651161995,-0.6613350503218527,0.7366164083887868
8408.378193457525,-1.1798942502736622,0.7373552794940108
8409.759875295102,0.0176939525222366,0.7350258321209917
8411.14155713268,0.0026345944576462443,0.7331138013274264
8412.523238970256,0.08117544652814956,0.7284446159843934
8413.904920807832,1.1107364333083893,0.717983062595165
8415.286602645408,0.03551339282419974,0.7126792241375495
8416.668284482985,-1.2708046536525046,0.7175839408310866
8418.049966320561,-2.2798941858140154,0.7303054221442937
8419.431648158137,-1.944573028407774,0.7367618619130898
8420.813329995714,-0.5630095374269501,0.73624173880103
8422.19501183329,0.9368760900828335,0.7328216241961449
8423.576693670866,2.10866304327142,0.7288910968241337
8424.958375508442,2.104983043941104,0.7266435797753908
8426.340057346019,1.7131873205772905,0.7192915258479097
8427.721739183595,1.067711540671354,0.7066496547806715
8429.103421021171,-0.7116596158264201,0.6915437286991757
8430.485102858747,-1.6840300026573232,0.6742540252031489
8431.866784696324,-1.7285872047111894,0.6682714411108458
8433.2484665339,-0.38606553472997973,0.6909263237319875
8434.630148371478,-2.071721846099649,0.7208848225723488
8436.011830209054,-2.1316449814063247,0.7369461813789269
8437.39351204663,-0.2086509501278897,0.7373678003119181
8438.775193884207,0.25692730501297945,0.7359218587408033
8440.156875721783,0.14840828362068237,0.7357799394357514
8441.53855755936,-0.1809120268002431,0.7363527329921894
8442.920239396935,-0.4569684295499883,0.7371695506719165
8444.301921234512,-0.6315839741005789,0.736918435275029
8445.683603072088,0.08052517019892491,0.7351577680786695
8447.065284909664,1.7946036038379702,0.7317573740188532
8448.44696674724,2.254830480008664,0.7276007463048024
8449.828648584817,2.5688821575156453,0.7197858321501065
8451.210330422393,2.486496722238158,0.7119749146410603
8452.59201225997,1.3633233931097237,0.7109953111210571
8453.973694097545,0.05693537709538532,0.7169341666425336
8455.355375935122,-0.677626948258478,0.7258894786587161
8456.737057772698,-0.4746923221895827,0.7369403141285905
8458.118739610276,-0.07533048812724985,0.7351737713211548
8459.500421447852,0.5386426861787896,0.734013466614593
8460.882103285428,0.9978882337183848,0.7320488696843044
8462.263785123005,0.24910964773738442,0.7247645487329534
8463.645466960581,-0.23159225634530856,0.7086467242117229
8465.027148798157,-0.41040980402205207,0.6924355830233704
8466.408830635733,-0.1626695015830535,0.6804944909555163
8467.79051247331,-0.15770924070095305,0.7013114296491871
8469.172194310886,0.20511841547522636,0.7191523941013777
8470.553876148462,0.7217289617615137,0.7317281481027483
8471.935557986038,0.21954141518860126,0.7347266538784145
8473.317239823615,0.4057556830494917,0.7361672351318582
8474.698921661191,0.7126891736938887,0.735861299825103
8476.080603498767,0.6816897628677197,0.7329930550667738
8477.462285336343,0.0264163969709017,0.7368518707927271
8478.84396717392,-0.37028117334715205,0.7393007481556029
8480.225649011496,-0.29628604756707944,0.739361567118074
8481.607330849074,0.21444729364806392,0.7388690472353207
8482.98901268665,-0.1536433289189887,0.7396842419068266
8484.370694524227,-0.4888386733244374,0.7401016961708367
8485.752376361803,0.5509632993957609,0.7371472208536335
8487.134058199379,0.8246524640170492,0.7365858142769492
8488.515740036955,0.7522852954592878,0.7366830853001395
8489.897421874532,0.2872056913783183,0.7370127306491158
8491.279103712108,1.1478653222544182,0.7309393951657317
8492.660785549684,1.2942533025421312,0.7253931500103492
8494.04246738726,0.9485800550999244,0.7218295946409277
8495.424149224837,0.37030371742518753,0.7261464656271862
8496.805831062413,-0.30810972129670233,0.7332529443646029
8498.187512899989,-0.7924066352276071,0.7392112031555268
8499.569194737565,-0.9776964062748448,0.7411310801034035
8500.950876575142,-0.5704870567764857,0.7377090520289568
8502.332558412718,-0.20446935774302233,0.7304653990387009
8503.714240250294,0.04751280457369944,0.7206442852186198
8505.095922087872,-0.598998454631058,0.7183538412371717
8506.477603925448,-0.6783937940162161,0.720111200074858
8507.859285763025,-0.5325997499071207,0.7258170412045981
8509.240967600601,-0.38017019260158236,0.7373116989088252
8510.622649438177,-1.124100427511209,0.7416236553212928
8512.004331275753,-1.9599093119683175,0.7447768377040817
8513.38601311333,-2.6229060874834715,0.7482959154302724
8514.767694950906,-1.2038841648754044,0.7428032335830308
8516.149376788482,0.3922248064115621,0.7382108315388649
8517.531058626058,1.6334825108779256,0.7353757402738308
8518.912740463635,0.3651738196285663,0.738270345865441
8520.294422301211,0.206283206533584,0.7376398236763938
8521.676104138787,0.2845605729607428,0.7382340991108373
8523.057785976363,-0.04873988053232381,0.7440511975827824
8524.43946781394,-0.24580178454789348,0.7387124262939185
8525.821149651516,0.4400858967226071,0.7351991348544497
8527.202831489092,1.9565906482540214,0.7349456821572096
8528.58451332667,1.5297696266513867,0.7336451116813423
8529.966195164247,1.0745566831193258,0.7351861387263781
8531.347877001823,0.598998454631058,0.7376638490178365
8532.729558839399,0.5502957628832092,0.7376726102342261
8534.111240676975,0.13757361772489674,0.7385277846973319
8535.492922514552,-0.46387467864305165,0.7395614275784745
8536.874604352128,-1.327782083791618,0.7405255556776126
8538.256286189704,-1.2360712317354086,0.7375771879197959
8539.63796802728,-0.529811520161175,0.7353526709065777
8541.019649864857,0.6460399146271385,0.7343390576686919
8542.401331702433,0.3232105648554153,0.7365532205686831
8543.783013540009,0.7691399466975639,0.7360639189633377
8545.164695377585,1.315087851620234,0.7341127404852599
8546.546377215162,1.0765278241583047,0.7316151277122932
8547.928059052738,0.21735647941417824,0.7291459025349303
8549.309740890314,-0.2429180543697811,0.7279702801025525
8550.69142272789,0.04218803198243393,0.7286696427702848
8552.073104565468,-0.6515450881632603,0.7358833481273838
8553.454786403045,-1.0555170510867526,0.7409125982752873
8554.83646824062,-1.090181783925999,0.7433754432773355
8556.218150078197,-0.2654234214162159,0.7409768535833571
8557.599831915773,0.21244781635580523,0.7402940189073163
8558.98151375335,0.325833610631193,0.7400972260647941
8560.363195590926,-0.0962542229071488,0.7393115050486263
8561.744877428502,-0.2168088265246837,0.7398790910866433
8563.126559266078,0.0779164661355054,0.739521701133743
8564.508241103655,0.7472139747377327,0.7376077116126573
8565.88992294123,-0.11379430658861622,0.7396469578836907
8567.271604778807,0.2707217787940692,0.7384160368528283
8568.653286616383,1.362683192838233,0.735136243055475
8570.03496845396,1.4181054039479335,0.7342350224473598
8571.416650291536,0.21648472277716735,0.737861094054463
8572.798332129112,-1.1085548758884016,0.7421113392273823
8574.180013966688,-1.5092215739060464,0.7434601907065586
8575.561695804266,-0.9543619819045404,0.7437415615831608
8576.943377641843,-0.1021208564366276,0.7419896011420333
8578.325059479419,1.1173080042582768,0.7377738812845315
8579.706741316995,0.34484834532868547,0.7393174879942892
8581.088423154572,0.017947499048162285,0.7399853220142284
8582.470104992148,0.16139820740701794,0.7395779714410485
8583.851786829724,0.9799098990078505,0.7366250217202313
8585.2334686673,0.9041597964600498,0.7356612704821958
8586.615150504877,0.5438135282803103,0.735293846708488
8587.996832342453,0.6233523720165266,0.7343690850986625
8589.378514180029,0.8121451446161387,0.7348945612404748
8590.760196017605,0.5435022445888222,0.7372490675560441
8592.141877855182,-0.022004049877310194,0.7417995159097872
8593.523559692758,-0.5758794582911264,0.7422426452268314
8594.905241530334,-0.5343335105840055,0.7412092071362314
8596.28692336791,-0.06529884174655365,0.738771567611962
8597.668605205487,1.03439615369372,0.7344310669086394
8599.050287043065,1.26729295876207,0.7339617155361264
8600.43196888064,0.7543956434314083,0.7366157296883215
8601.813650718217,-0.8206447489507411,0.7432668412930004
8603.195332555793,-0.8591700470230705,0.7431665768961307
8604.57701439337,-0.4280166691971772,0.7419604512816724
8605.958696230946,0.21474256360349386,0.7413248118569461
8607.340378068522,0.08998414689654055,0.7399337761552814
8608.722059906098,-0.17825590380908807,0.7407220946009883
8610.103741743675,-0.390308806610534,0.7431751187881117
8611.48542358125,-0.32344677059930405,0.7414524390984314
8612.867105418827,-0.01230304459987508,0.7384519565495505
8614.248787256403,0.412762623321683,0.7355820254539641
8615.63046909398,0.7193110003206158,0.7357184893743534
8617.012150931556,0.3195909469805116,0.7352871156572723
8618.393832769132,-0.40987826917643133,0.7351854644434985
8619.775514606708,-1.3359244261114185,0.7360266944162279
8621.157196444285,-1.6038392524376377,0.7338652908018732
8622.538878281863,-1.1120740485312837,0.7309036281939101
8623.920560119439,0.07280342437873344,0.7273333689637075
8625.302241957015,0.6651271023219749,0.7221060179483794
8626.683923794591,0.43479177680916337,0.7218775476227565
8628.065605632168,-0.376936588837367,0.7245765367909327
8629.447287469744,-1.1571141130607288,0.7247423758000128
8630.82896930732,-1.0755238473185926,0.726351301780755
8632.210651144896,-0.4871438643526176,0.7266847111149348
8633.592332982473,0.7688073840709819,0.7223166724965026
8634.974014820049,1.5276302049665986,0.7224644230320934
8636.355696657625,0.6740503056958005,0.7265362510820091
8637.737378495201,-2.465482736886088,0.7351619206971938
8639.119060332778,-1.4180497279033517,0.7353163774949731
8640.500742170354,-0.32077394261314396,0.7356862301738977
8641.88242400793,0.5087136212626859,0.7364845958402118
8643.264105845506,0.0,0.7367078137761303
8644.645787683083,0.5534410976711257,0.7361069374613824
8646.02746952066,1.3217570734540942,0.7348315007894498
8647.409151358237,0.6065953051616475,0.732697801746202
8648.790833195813,-0.09039403028558013,0.7330056668373115
8650.17251503339,-0.9428088150379637,0.733134562946027
8651.554196870966,-1.9029241429198578,0.7312766634237401
8652.935878708542,-1.2123108653359367,0.7307964503905902
8654.317560546118,-0.11954516678828497,0.7271341814723279
8655.699242383695,1.34964150546935,0.7191372420597492
8657.08092422127,0.7434166277716514,0.723289801690902
8658.462606058847,-0.07249163637314382,0.7262375695677931
8659.844287896423,-0.8113047430974092,0.7277526641951292
8661.225969734,-0.20171540256522746,0.7259436918813841
8662.607651571576,-0.40587039938274927,0.7279084476293111
8663.989333409152,-0.7164555702321422,0.730244439904662
8665.371015246728,-0.18433535897189302,0.7272710238490542
8666.752697084305,0.6712582269528298,0.7261826410689863
8668.13437892188,1.0635246532572182,0.7262980302132439
8669.516060759459,0.34726689343577277,0.7277432073886888
8670.897742597035,0.9796171202677186,0.7280690721406116
8672.279424434611,0.455252218326919,0.7318315227203767
8673.661106272188,-1.7846906697830747,0.7400603778064905
8675.042788109764,-0.7805628205521771,0.7356096589686407
8676.42446994734,-0.2976718869312691,0.7352814704244159
8677.806151784916,-0.5411153698571951,0.7384271946289943
8679.187833622493,-1.630229052898386,0.7427592624087448
8680.569515460069,-0.8714420575781929,0.7408485333043101
8681.951197297645,0.40749100113725945,0.7372177404234255
8683.332879135221,0.0,0.7389869583155046
8684.714560972798,-1.1031131488959147,0.7433942021837086
8686.096242810374,-1.6464892890686258,0.7455848283753085
8687.47792464795,-0.48479901128128233,0.7413817104018952
8688.859606485526,-0.1293337758635147,0.7401225917661193
8690.241288323103,-0.2293422744405973,0.740961270726748
8691.622970160679,-0.8093179762116591,0.7440593873837563
8693.004651998257,0.38353486123504865,0.7410472466901277
8694.386333835833,0.5641265174643308,0.7412508837303728
8695.76801567341,-0.23691539170661713,0.7444261061228212
8697.149697510986,-1.4564916047618084,0.747175225394051
8698.531379348562,-2.050640382829201,0.7478493479811005
8699.913061186138,-1.9798021034989688,0.7466869327061054
8701.294743023715,-0.6127151744296242,0.742718564541259
8702.67642486129,0.5978647312522156,0.7403246433831169
8704.058106698867,1.3091637637907922,0.7388640418443078
8705.439788536443,1.0155434697731636,0.7383071721319109
8706.82147037402,1.7785575098349113,0.7352181211341143
8708.203152211596,1.7026456894714528,0.7355269872543212
8709.584834049172,-0.17486443171361543,0.7422871716915019
8710.966515886748,-0.17055548033135892,0.744109127897251
8712.348197724325,0.24467834928407228,0.7439389281243686
8713.7298795619,0.8987281703272174,0.7421430380998216
8715.111561399477,-0.3197893832966656,0.7464589940008409
8716.493243237055,-1.8736476181050392,0.7516954843582734
8717.874925074631,-3.3156421398652185,0.7563025075725661
8719.256606912208,-1.5372889194565857,0.7510351845723374
8720.638288749784,-0.2557064724507967,0.747541836574181
8722.01997058736,0.5296375237237925,0.7452729630263115
8723.401652424936,0.40468961700895534,0.7442366881703737
8724.783334262513,0.8491989912646432,0.7431291474919337
8726.165016100089,1.1481778143395474,0.7425471683963464
8727.546697937665,0.7682100725372436,0.7432198856913729
8728.928379775241,-1.3499907543465781,0.7490794475614024
8730.310061612818,-2.4201357349459585,0.7528514081869853
8731.691743450394,-1.289712065286679,0.7520237823715169
8733.07342528797,-1.9420205051278145,0.7527668612970263
8734.455107125546,-1.818880351837322,0.7520712963060875
8735.836788963123,-0.9662742218512221,0.7496739327152862
8737.218470800699,0.0,0.7450576899591415
8738.600152638277,0.1209062369803462,0.7441271771886272
8739.981834475853,-0.4645752927389566,0.7459330495491894
8741.36351631343,-1.2533489852977056,0.7476718750498618
8742.745198151006,-0.9267911409073406,0.7459552170549538
8744.126879988582,0.0,0.7427781158275361
8745.508561826158,1.0161982630383477,0.7408517486269178
8746.890243663735,0.7903434262213977,0.7423631697878068
8748.27192550131,0.18804263410183353,0.7443300608600808
8749.653607338887,-0.3264426409107699,0.7445262472694621
8751.035289176463,0.021548499284804734,0.7459151271774428
8752.41697101404,0.47716966607552536,0.7450634878314419
8753.798652851616,0.6336136947379316,0.7400121442539416
8755.180334689192,-0.44940191705299526,0.744084678895175
8756.562016526768,-1.1308850368002936,0.7420287594990251
8757.943698364345,-1.3665450251723001,0.73155749991761
8759.32538020192,-1.1499532846863474,0.7135612766068368
8760.707062039497,0.3009670110127871,0.6956083988106226
8762.088743877075,2.649000385202825,0.6798365126836665
8763.470425714651,3.4206724719099952,0.6900934469706376
8764.852107552228,1.7855024056278523,0.6963086826963873
8766.233789389804,-0.4807416673178011,0.6965269645554857
8767.61547122738,2.7115103934932563,0.6777050924640194
8768.997153064956,2.260003595810261,0.6757968567198543
8770.378834902533,0.7034569517628029,0.6864075889144626
8771.760516740109,0.5984329334442293,0.7136876250008917
8773.142198577685,0.7925575569198031,0.72430234917268
8774.523880415261,0.8456546972060153,0.7242913266764981
8775.905562252838,0.3963251435048676,0.7115891852368882
8777.287244090414,1.0622471870671717,0.691981287627443
8778.66892592799,1.9277077008998162,0.6783922050655917
8780.050607765566,2.7401431279418063,0.6765567986277954
8781.432289603143,1.5380083644140825,0.702072186369046
8782.813971440719,0.40760733076213285,0.7271427910273339
8784.195653278295,-0.4327526738376406,0.7488280951343922
8785.577335115873,0.04450826138025832,0.7450539603784274
8786.95901695345,0.4212073837404091,0.7426802398197279
8788.340698791026,0.588708428142084,0.7413302788165278
8789.722380628602,-0.43906011773802334,0.7341044889731808
8791.104062466178,-1.0451454059372765,0.7303708984481951
8792.485744303754,-1.3297766795371615,0.7304031417592333
8793.86742614133,-1.385753410269146,0.7396678930823413
8795.249107978907,-1.5082318625429139,0.7488019261518218
8796.630789816483,-1.6869911606822967,0.7560453565651576
8798.01247165406,-2.246850210401931,0.7561159343299225
8799.394153491636,-2.4312069747967087,0.7567368882129186
8800.775835329212,-2.079928871289013,0.756166472862925
8802.157517166788,-0.7037017972696304,0.7518504921056928
8803.539199004364,-0.06910189737899941,0.7504122086070265
8804.92088084194,0.10542985733182775,0.7504302757545932
8806.302562679517,-0.29040047719460915,0.7519332217637879
8807.684244517093,-0.7060202070688035,0.7513609360641137
8809.065926354671,-0.9469740720161042,0.750727178822065
8810.447608192248,-0.9294585287757258,0.7504682773030038
8811.829290029824,-0.8112926637138855,0.748186305284531
8813.2109718674,-0.6645792661426526,0.7477244285519021
8814.592653704976,-0.5226548779646834,0.7495262466045679
8815.974335542553,0.4398290453580245,0.7467124120909052
8817.356017380129,0.5639419004469204,0.7463162910992518
8818.737699217705,-0.11106751756588551,0.7480813271086628
8820.119381055281,-1.5729201969790125,0.7493841589283388
8821.501062892858,-1.3813349789229363,0.7427015140895709
8822.882744730434,-0.1188772047775899,0.7281751317440809
8824.26442656801,0.43526495446181457,0.6968239990747714
8825.646108405586,-1.1589520447963508,0.652143595449505
8827.027790243163,-2.436305873584061,0.6044955238411738
8828.409472080739,3.2181691482751233,0.5770273806405305
8829.791153918315,2.673488298511657,0.6148423053558605
8831.172835755891,-0.0059525500123811526,0.6712272326528245
8832.55451759347,-1.2023536431828035,0.6987981849780999
8833.936199431046,-2.350545887966632,0.710295522712223
8835.317881268622,-3.2136757386604557,0.7127554658294618
8836.699563106198,-3.4545409049983107,0.7053822912787615
8838.081244943774,-0.5065533915589526,0.704071078870744
8839.46292678135,1.214776193038304,0.7136600491668643
8840.844608618927,-0.7194277436622798,0.7414491034720831
8842.226290456503,-2.1945739281295005,0.7545659560532169
8843.60797229408,-2.8479578443317735,0.760658302322579
8844.989654131656,-1.9964778680832609,0.7593955428478146
8846.371335969232,-1.3373726855239738,0.7536651689587492
8847.753017806808,-1.293964332623844,0.7493807915009432
8849.134699644384,-2.040912023233716,0.7473256947446557
8850.51638148196,-2.2848737644487045,0.7447716443183907
8851.898063319537,-1.3062373154634912,0.7436212983622515
8853.279745157113,0.7984808987158658,0.744003626029128
8854.66142699469,0.5960703434107728,0.7489380913893122
8856.043108832268,-0.9531909426768692,0.7556838360202424
8857.424790669844,-3.4382376616682393,0.7635824077904512
8858.80647250742,-3.809892342021584,0.7672034060758253
8860.188154344996,-3.1858069085474057,0.7653226204685581
8861.569836182573,-2.2088716484909696,0.760595107170896
8862.951518020149,-3.4684230583727214,0.7622667318417147
8864.333199857725,-4.362246715245277,0.7579501287163457
8865.714881695301,-4.532430811463826,0.7478228588142517
8867.096563532878,-2.3214550791310984,0.725182674198115
8868.478245370454,-1.700107537428707,0.7210534445660295
8869.85992720803,-1.8456670235450332,0.7282089494450888
8871.241609045606,-2.2197970931886744,0.7462510446797556
8872.623290883183,-1.6158552154617638,0.754026116400813
8874.004972720759,-0.8222999685979033,0.7568451486508285
8875.386654558335,-0.49863137127216817,0.7561384264541386
8876.768336395911,-1.945172752469233,0.7601105460382023
8878.150018233488,-3.3998488601371974,0.7638902457900263
8879.531700071066,-3.6196858455262912,0.7639515962889891
8880.913381908642,-1.7871513172523663,0.753999514006206
8882.295063746218,-0.4789229870665821,0.73528303490525
8883.676745583794,-1.138123391064795,0.7036904384676488
8885.05842742137,-2.699311976533224,0.653690736790556
8886.440109258947,-2.85569977223129,0.6221519776777851
8887.821791096523,-0.4534856931679201,0.6266870509320944
8889.2034729341,-0.4926408123552193,0.6772843314666498
8890.585154771676,-1.1917535518561522,0.72271988462294
8891.966836609252,-2.4155731700084573,0.7529331757466423
8893.348518446828,-1.8685820808346847,0.7592782114425142
8894.730200284404,-1.5234277342407978,0.76058824606781
8896.11188212198,-1.5934056203815032,0.7579030802053213
8897.493563959557,-1.4187736561960094,0.759560911842214
8898.875245797133,-0.3337951278797249,0.7533835030716489
8900.25692763471,1.7484489064261055,0.7386571168899536
