wave,flux,uncertainty
3800.6644988544285,-0.0038095032296151157,316.227783203125
3802.044416109292,-0.002438499966462308,316.227783203125
3803.4243333641552,-0.0013521329241097356,316.227783203125
3804.8042506190186,-0.0009287469922196218,316.227783203125
3806.184167873882,-0.0007651972726671636,316.227783203125
3807.5640851287453,-0.00018860689230581866,316.227783203125
3808.9440023836087,0.0006560462806164177,316.227783203125
3810.323919638472,0.001221043104387351,316.227783203125
3811.7038368933354,0.0009009276124521699,316.227783203125
3813.0837541481988,0.00032695470090583767,316.227783203125
3814.463671403062,-7.5569554097989e-05,316.227783203125
3815.8435886579255,4.220310210253063e-05,316.227783203125
3817.223505912789,0.0005235360536812849,316.227783203125
3818.603423167652,9.284030905762179e-05,316.227783203125
3819.9833404225155,-0.0005938580559149333,316.227783203125
3821.363257677379,-0.00030982760830521386,316.227783203125
3822.7431749322423,-0.00011260532815569185,316.227783203125
3824.1230921871056,-0.0008224392417003745,316.227783203125
3825.503009441969,-0.0015365374301079086,316.227783203125
3826.8829266968323,-0.001930198570709453,316.227783203125
3828.2628439516957,-0.002284953695072865,316.227783203125
3829.642761206559,-0.0027559520352379036,316.227783203125
3831.0226784614224,-0.0038383977292286414,316.227783203125
3832.4025957162853,-0.004969599603891079,316.227783203125
3833.7825129711487,-0.004914999264396735,316.227783203125
3835.162430226012,-0.004252387374939054,316.227783203125
3836.5423474808754,-0.004782407730534611,316.227783203125
3837.9222647357387,-0.004929710503733035,316.227783203125
3839.302181990602,-0.004103316127564077,316.227783203125
3840.6820992454655,-0.002851352232641961,316.227783203125
3842.062016500329,-0.0015392580447865008,316.227783203125
3843.441933755192,-0.0006808773564510352,316.227783203125
3844.8218510100555,-0.00017397693569098233,316.227783203125
3846.201768264919,0.00028443256832370346,316.227783203125
3847.5816855197822,0.0006383714644726604,316.227783203125
3848.9616027746456,0.0006716482042346487,316.227783203125
3850.341520029509,0.0008465753497426502,316.227783203125
3851.7214372843723,0.0013471730316636198,316.227783203125
3853.1013545392357,0.0014777592961016973,316.227783203125
3854.481271794099,0.0012677359422446736,316.227783203125
3855.8611890489624,0.0011390471762754897,316.227783203125
3857.2411063038257,0.0011521274677964086,316.227783203125
3858.621023558689,0.0008755506370246424,316.227783203125
3860.0009408135525,0.0009500998059036349,316.227783203125
3861.380858068416,0.0016007890219366487,316.227783203125
3862.760775323279,0.001937443906535002,316.227783203125
3864.1406925781425,0.0018934301090997932,316.227783203125
3865.520609833006,0.0019749879833381827,316.227783203125
3866.9005270878692,0.0033840752004478045,316.227783203125
3868.2804443427326,0.005234067623034166,316.227783203125
3869.660361597596,0.003907619407135139,316.227783203125
3871.0402788524593,0.0013240488996069874,316.227783203125
3872.4201961073227,0.00036010967187736186,316.227783203125
3873.800113362186,0.0005854375779519687,316.227783203125
3875.1800306170494,0.0007808900892465314,316.227783203125
3876.5599478719128,0.00012244023455399052,316.227783203125
3877.939865126776,-0.0005907850011057179,316.227783203125
3879.3197823816395,-0.0007044390274733147,316.227783203125
3880.699699636503,-0.0009479385705225014,316.227783203125
3882.079616891366,-0.0017067571688658134,316.227783203125
3883.4595341462295,-0.002387090488019973,316.227783203125
3884.839451401093,-0.003466981355549738,316.227783203125
3886.2193686559563,-0.00394607759199612,316.227783203125
3887.5992859108196,-0.0019877485740214043,316.227783203125
3888.979203165683,-0.0010178235668005624,316.227783203125
3890.3591204205463,-0.0031381610096533202,316.227783203125
3891.7390376754097,-0.003927155344716294,316.227783203125
3893.118954930273,-0.0032459977400080015,316.227783203125
3894.498872185136,-0.002629886088676512,316.227783203125
3895.8787894399993,-0.0019145691244874304,316.227783203125
3897.2587066948627,-0.001281808399268218,316.227783203125
3898.638623949726,-0.0010737954382404168,316.227783203125
3900.0185412045894,-0.0007001020933532377,316.227783203125
3901.3984584594527,-0.00019089191763146073,316.227783203125
3902.778375714316,0.0,316.227783203125
3904.1582929691795,-0.00013746336124559506,316.227783203125
3905.538210224043,-0.00023000873168450495,316.227783203125
3906.918127478906,0.00021926032434842896,316.227783203125
3908.2980447337695,0.0008310707334142665,316.227783203125
3909.677961988633,0.0010733868599397713,316.227783203125
3911.0578792434962,0.0011414525943998707,316.227783203125
3912.4377964983596,0.0009433521207990805,316.227783203125
3913.817713753223,0.0007722540571379506,316.227783203125
3915.1976310080863,0.0007399416588245687,316.227783203125
3916.5775482629497,0.0006810138944638479,316.227783203125
3917.957465517813,0.0005355798852206411,316.227783203125
3919.3373827726764,0.0002860629718565953,316.227783203125
3920.7173000275397,0.00025821404722558075,316.227783203125
3922.097217282403,0.0004794712251300244,316.227783203125
3923.4771345372665,0.0006727542084247196,316.227783203125
3924.85705179213,0.00043640035909251265,316.227783203125
3926.236969046993,-0.00015155676426156436,316.227783203125
3927.6168863018565,-0.0008517755270814348,316.227783203125
3928.99680355672,-0.0016159562159023047,316.227783203125
3930.3767208115833,-0.002811216128203866,316.227783203125
3931.7566380664466,-0.0043528881837516555,316.227783203125
3933.13655532131,-0.005490775636166971,316.227783203125
3934.5164725761733,-0.004817215841769919,316.227783203125
3935.8963898310367,-0.003120285387676603,316.227783203125
3937.2763070859,-0.0016850728559610357,316.227783203125
3938.6562243407634,-0.0007285230008799715,316.227783203125
3940.0361415956268,-0.00021790076306828568,316.227783203125
3941.41605885049,-0.00012271467365532543,316.227783203125
3942.7959761053535,-0.0002489661628929593,316.227783203125
3944.175893360217,-0.00020844099136141728,316.227783203125
3945.55581061508,0.00014030421117264963,316.227783203125
3946.9357278699435,0.00016221420323363211,316.227783203125
3948.315645124807,-0.00013034965924105593,316.227783203125
3949.6955623796703,-9.959545252196181e-05,316.227783203125
3951.0754796345336,-0.00023754746554813244,316.227783203125
3952.455396889397,-0.00039477271547112835,316.227783203125
3953.8353141442603,-0.0003935196161110842,316.227783203125
3955.2152313991237,-0.0006525721524805114,316.227783203125
3956.595148653987,-0.0010483869172304393,316.227783203125
3957.9750659088504,-0.0010758412443659382,316.227783203125
3959.3549831637138,-0.0012509167237154985,316.227783203125
3960.7349004185767,-0.002124669267499702,316.227783203125
3962.11481767344,-0.0031002986335584154,316.227783203125
3963.4947349283034,-0.003909421852376336,316.227783203125
3964.8746521831667,-0.004915586983813227,316.227783203125
3966.25456943803,-0.006008665976956335,316.227783203125
3967.6344866928935,-0.006351932031706675,316.227783203125
3969.014403947757,-0.004615254860009197,316.227783203125
3970.39432120262,-0.003804697955502709,316.227783203125
3971.7742384574835,-0.005423846252336346,316.227783203125
3973.154155712347,-0.005555987462197331,316.227783203125
3974.5340729672102,-0.004484801596201477,316.227783203125
3975.9139902220736,-0.0034310270121436486,316.227783203125
3977.293907476937,-0.0025647056357668303,316.227783203125
3978.6738247318003,-0.0017045552964750684,316.227783203125
3980.0537419866637,-0.001165773678054715,316.227783203125
3981.433659241527,-0.0010473703688198173,316.227783203125
3982.8135764963904,-0.000942067352547895,316.227783203125
3984.1934937512538,-0.00047868765692792546,316.227783203125
3985.573411006117,-8.713868680051626e-05,316.227783203125
3986.9533282609805,0.00022286218277679792,316.227783203125
3988.333245515844,0.0004551724869502685,316.227783203125
3989.713162770707,0.0005210865084167605,316.227783203125
3991.0930800255705,0.0007204686350993465,316.227783203125
3992.472997280434,0.0009811986723697562,316.227783203125
3993.8529145352973,0.0008921879100396608,316.227783203125
3995.2328317901606,0.0005738623445683856,316.227783203125
3996.612749045024,0.0003597612421925647,316.227783203125
3997.9926662998873,0.000566180428889694,316.227783203125
3999.3725835547507,0.0010643841236681328,316.227783203125
4000.752500809614,0.0013173352392526622,316.227783203125
4002.1324180644774,0.0013348403642170492,316.227783203125
4003.5123353193408,0.0009323791787029384,316.227783203125
4004.892252574204,0.0002638643311152662,316.227783203125
4006.2721698290675,0.0003259061462536385,316.227783203125
4007.652087083931,0.0008343100884392607,316.227783203125
4009.032004338794,0.001066736100237397,316.227783203125
4010.4119215936576,0.0010895740137777873,316.227783203125
4011.791838848521,0.0010490252170129027,316.227783203125
4013.1717561033843,0.001104233029491121,316.227783203125
4014.5516733582476,0.0012497492040659981,316.227783203125
4015.931590613111,0.0012539435267860041,316.227783203125
4017.3115078679743,0.0012226611835166913,316.227783203125
4018.6914251228372,0.001441203420828402,316.227783203125
4020.0713423777006,0.001458332968833232,316.227783203125
4021.451259632564,0.0011238301225432283,316.227783203125
4022.8311768874273,0.0007145288836367253,316.227783203125
4024.2110941422907,0.00041367507536647224,316.227783203125
4025.591011397154,0.0007049251374855042,316.227783203125
4026.9709286520174,0.0011182422417335518,316.227783203125
4028.3508459068807,0.001033916650186928,316.227783203125
4029.730763161744,0.0004982231917959115,316.227783203125
4031.1106804166075,5.057636430182144e-07,316.227783203125
4032.490597671471,7.419143733022535e-05,316.227783203125
4033.870514926334,0.00037227210614369094,316.227783203125
4035.2504321811975,0.0008946791124637837,316.227783203125
4036.630349436061,0.0014169256280166104,316.227783203125
4038.0102666909243,0.0016347809654159197,316.227783203125
4039.3901839457876,0.0013306692583684374,316.227783203125
4040.770101200651,0.001148220648114432,316.227783203125
4042.1500184555143,0.0011239807294976395,316.227783203125
4043.5299357103777,0.0005965330138565095,316.227783203125
4044.909852965241,-0.0002813577684626506,316.227783203125
4046.2897702201044,-3.129591837047058e-05,316.227783203125
4047.6696874749678,0.000929300845777345,316.227783203125
4049.049604729831,0.0013427024539056955,316.227783203125
4050.4295219846945,0.0012485925497116059,316.227783203125
4051.809439239558,0.0010049389254459529,316.227783203125
4053.189356494421,0.0005382416307798711,316.227783203125
4054.5692737492845,0.0003807255833748052,316.227783203125
4055.949191004148,0.00037925312840784986,316.227783203125
4057.3291082590113,0.00032959053796079163,316.227783203125
4058.7090255138746,0.0006016125190373423,316.227783203125
4060.088942768738,0.0009618216327514917,316.227783203125
4061.4688600236013,0.000579584027284967,316.227783203125
4062.8487772784647,-0.0001928732482169397,316.227783203125
4064.228694533328,-0.00012188278162499067,316.227783203125
4065.6086117881914,0.0003938179260645526,316.227783203125
4066.9885290430548,0.0008756178161742796,316.227783203125
4068.368446297918,0.0014926134843386146,316.227783203125
4069.7483635527815,0.0009569352824615324,316.227783203125
4071.128280807645,-9.73698761700531e-05,316.227783203125
4072.508198062508,-0.00015648352538722224,316.227783203125
4073.8881153173716,0.00016410600340771575,316.227783203125
4075.268032572235,-0.00013516985838395515,316.227783203125
4076.6479498270983,-0.0008649723965171267,316.227783203125
4078.0278670819616,-0.0010322931095524488,316.227783203125
4079.407784336825,-0.0003480418838782036,316.227783203125
4080.7877015916883,0.0001673291874213466,316.227783203125
4082.1676188465517,-4.4025425207677715e-05,316.227783203125
4083.547536101415,-0.0006165161470862122,316.227783203125
4084.9274533562784,-0.0009292392940358427,316.227783203125
4086.307370611142,-0.0008215261838321504,316.227783203125
4087.6872878660047,-0.0006578399844385623,316.227783203125
4089.067205120868,-0.0008119254874360791,316.227783203125
4090.4471223757314,-0.0011577608068329137,316.227783203125
4091.8270396305948,-0.001524104817865737,316.227783203125
4093.206956885458,-0.001866169404677015,316.227783203125
4094.5868741403215,-0.0025640551659845325,316.227783203125
4095.966791395185,-0.0035259499282996806,316.227783203125
4097.346708650049,-0.004291370652183445,316.227783203125
4098.726625904912,-0.004391329130630008,316.227783203125
4100.106543159775,-0.0015518205991315905,316.227783203125
4101.486460414639,0.0013703471307687648,316.227783203125
4102.866377669502,-0.0013297084546671865,316.227783203125
4104.246294924365,-0.00411475791732102,316.227783203125
4105.626212179229,-0.003944806382013454,316.227783203125
4107.006129434092,-0.003230523851434901,316.227783203125
4108.3860466889555,-0.0027678146928319745,316.227783203125
4109.765963943819,-0.0024801367784450887,316.227783203125
4111.145881198681,-0.0020031074855421643,316.227783203125
4112.525798453546,-0.001420976735439337,316.227783203125
4113.905715708408,-0.0009097879065775479,316.227783203125
4115.285632963272,-0.0005765736026549818,316.227783203125
4116.665550218135,-0.0005131995419065186,316.227783203125
4118.045467472999,-0.0008516717669490199,316.227783203125
4119.4253847278615,-0.0009107568174917431,316.227783203125
4120.805301982725,-0.0006841355867166568,316.227783203125
4122.185219237588,-0.0005655290300878822,316.227783203125
4123.5651364924515,-0.000288383304044397,316.227783203125
4124.945053747315,-1.8065478797311962e-05,316.227783203125
4126.324971002178,-0.00019907662383797028,316.227783203125
4127.704888257042,-0.0004650124496467234,316.227783203125
4129.084805511905,-0.0004994842145230848,316.227783203125
4130.464722766768,-0.0005914296639401677,316.227783203125
4131.844640021632,-0.0007448375814150046,316.227783203125
4133.224557276495,-0.0005223397866102042,316.227783203125
4134.604474531358,3.87250419264136e-05,316.227783203125
4135.984391786222,0.0005252404390867355,316.227783203125
4137.364309041085,0.0007690955869831817,316.227783203125
4138.7442262959485,0.0009931367601773988,316.227783203125
4140.124143550812,0.0008870738070182078,316.227783203125
4141.504060805675,0.00017697711617906814,316.227783203125
4142.8839780605385,-0.0006643710966061991,316.227783203125
4144.263895315402,-0.0004989317835552148,316.227783203125
4145.643812570265,0.0003016166665630281,316.227783203125
4147.023729825129,0.0007230450204036044,316.227783203125
4148.403647079992,0.0006460012512808505,316.227783203125
4149.783564334855,0.0005090863439756801,316.227783203125
4151.163481589719,0.0005618474296656892,316.227783203125
4152.543398844582,0.0004038428679713664,316.227783203125
4153.923316099445,0.00016806324229628328,316.227783203125
4155.303233354309,0.00011092986714545186,316.227783203125
4156.683150609172,0.00026852138936873937,316.227783203125
4158.0630678640355,0.0005492938625243221,316.227783203125
4159.442985118899,0.0007311013374138552,316.227783203125
4160.822902373762,0.0007434964708450814,316.227783203125
4162.202819628626,0.0008233324102964769,316.227783203125
4163.582736883489,0.0008950886483980736,316.227783203125
4164.962654138352,0.0008230418054542762,316.227783203125
4166.342571393216,0.000649462445959998,316.227783203125
4167.722488648079,0.0006246041599522294,316.227783203125
4169.102405902942,0.0006840594031893785,316.227783203125
4170.482323157806,0.0002993127999795196,316.227783203125
4171.862240412669,-0.0004556519711129761,316.227783203125
4173.242157667532,-0.0006683357036095482,316.227783203125
4174.622074922396,-0.00021692295152194244,316.227783203125
4176.001992177259,1.7761754525797563e-05,316.227783203125
4177.3819094321225,-8.139030899958002e-05,316.227783203125
4178.761826686986,6.170317842055933e-05,316.227783203125
4180.141743941849,0.0003480418838782036,316.227783203125
4181.521661196713,0.0003040163668130251,316.227783203125
4182.901578451576,0.000253415321964396,316.227783203125
4184.281495706439,0.0004838350992153323,316.227783203125
4185.661412961303,0.00039618190073211976,316.227783203125
4187.041330216166,0.0001080684598837138,316.227783203125
4188.421247471029,0.00025131453303334564,316.227783203125
4189.801164725893,0.0005437708545345185,316.227783203125
4191.181081980756,0.000701986680244019,316.227783203125
4192.560999235619,0.001021887344457472,316.227783203125
4193.940916490483,0.000999562484426772,316.227783203125
4195.320833745346,0.0005562797871205526,316.227783203125
4196.7007510002095,9.829750340694526e-05,316.227783203125
4198.080668255073,-0.000158247282298761,316.227783203125
4199.460585509936,-3.830618815108336e-05,316.227783203125
4200.8405027648,4.764561868822806e-05,316.227783203125
4202.220420019663,4.3223410617035385e-05,316.227783203125
4203.600337274526,0.000158120275613894,316.227783203125
4204.98025452939,0.0003039677673766436,316.227783203125
4206.360171784253,0.0005683629988576626,316.227783203125
4207.740089039116,0.0007920391148763979,316.227783203125
4209.12000629398,0.000740785134864412,316.227783203125
4210.499923548843,0.0007461297150552389,316.227783203125
4211.879840803706,0.0009465825156019896,316.227783203125
4213.25975805857,0.0007477294766412255,316.227783203125
4214.639675313433,0.0002334505838681028,316.227783203125
4216.0195925682965,0.0001182188242060192,316.227783203125
4217.39950982316,0.0005410691991620913,316.227783203125
4218.779427078023,0.0008350035147786025,316.227783203125
4220.159344332887,0.0008919905279333,316.227783203125
4221.53926158775,0.0007821199568807079,316.227783203125
4222.919178842613,0.00029928132994025414,316.227783203125
4224.299096097477,-0.0004663013737787134,316.227783203125
4225.67901335234,-0.001299498012445598,316.227783203125
4227.058930607203,-0.0011272692762368895,316.227783203125
4228.438847862067,7.29105179765703e-05,316.227783203125
4229.81876511693,0.0009192194102346993,316.227783203125
4231.198682371793,0.000795324182322598,316.227783203125
4232.578599626657,0.00017612102752612505,316.227783203125
4233.95851688152,-0.00010439874520002529,316.227783203125
4235.3384341363835,-0.0001622799833844446,316.227783203125
4236.718351391246,-0.00016134373770368415,316.227783203125
4238.09826864611,-7.284114552276455e-05,316.227783203125
4239.478185900973,4.0001565817314455e-05,316.227783203125
4240.858103155837,0.0002721813365574692,316.227783203125
4242.238020410699,0.0004155702475210597,316.227783203125
4243.617937665564,0.0005688088311421625,316.227783203125
4244.997854920426,0.0004441385018188193,316.227783203125
4246.3777721752895,1.5727427195647015e-07,316.227783203125
4247.757689430153,-0.00024657219962274934,316.227783203125
4249.137606685016,-0.000313026231327021,316.227783203125
4250.5175239398795,-0.00022843860050692638,316.227783203125
4251.897441194743,9.422101662068597e-05,316.227783203125
4253.277358449606,2.2251552031605365e-05,316.227783203125
4254.65727570447,-2.0038325550676694e-05,316.227783203125
4256.037192959333,0.00037901096997340275,316.227783203125
4257.417110214196,0.0003816501830219872,316.227783203125
4258.79702746906,-0.00018749263899303995,316.227783203125
4260.176944723923,-0.0005619308654943641,316.227783203125
4261.556861978786,-0.00017404685263413058,316.227783203125
4262.93677923365,0.0005264432567804005,316.227783203125
4264.316696488513,0.0008523619000169284,316.227783203125
4265.6966137433765,0.0008385004101849267,316.227783203125
4267.07653099824,0.0005464766566085633,316.227783203125
4268.456448253103,0.00022489176572550174,316.227783203125
4269.836365507967,-0.00027185399360626743,316.227783203125
4271.21628276283,-0.0008165733303838029,316.227783203125
4272.596200017693,-0.0007355669760179383,316.227783203125
4273.976117272557,-0.0004204815916902076,316.227783203125
4275.35603452742,1.3667872155027211e-05,316.227783203125
4276.735951782283,0.0005391700494514033,316.227783203125
4278.115869037147,0.0006918328579585999,316.227783203125
4279.49578629201,0.000344030439053334,316.227783203125
4280.875703546873,6.330082828924499e-05,316.227783203125
4282.255620801737,5.900501213292053e-05,316.227783203125
4283.6355380566,0.00010460328037488129,316.227783203125
4285.0154553114635,8.07271678182793e-05,316.227783203125
4286.395372566327,0.00010915327416449738,316.227783203125
4287.77528982119,-0.00023627128271487725,316.227783203125
4289.155207076054,-0.0009081887820133628,316.227783203125
4290.535124330917,-0.0008552953848489555,316.227783203125
4291.91504158578,-0.00019134033459941406,316.227783203125
4293.294958840644,1.219855368731447e-05,316.227783203125
4294.674876095507,-0.0001316666680230838,316.227783203125
4296.05479335037,-0.0002022108441238485,316.227783203125
4297.434710605234,-0.0005722729449940799,316.227783203125
4298.814627860097,-0.0012655786090903665,316.227783203125
4300.19454511496,-0.0015054507534919704,316.227783203125
4301.574462369824,-0.0012846840161868864,316.227783203125
4302.954379624687,-0.0009255801021181998,316.227783203125
4304.3342968795505,-0.0006914178220488142,316.227783203125
4305.714214134414,-0.0007452559461832119,316.227783203125
4307.094131389277,-0.0011187243137966707,316.227783203125
4308.474048644141,-0.0013120577175964113,316.227783203125
4309.853965899004,-0.0009022349617010938,316.227783203125
4311.233883153867,-0.0006254088779070778,316.227783203125
4312.613800408731,-0.0007003769481088006,316.227783203125
4313.993717663594,-0.0007440710957208087,316.227783203125
4315.373634918457,-0.00020546389447523641,316.227783203125
4316.753552173321,0.00039987457634580413,316.227783203125
4318.133469428184,0.0003958483374898892,316.227783203125
4319.513386683047,8.170680649309883e-05,316.227783203125
4320.893303937911,-0.0001469476285001145,316.227783203125
4322.273221192774,-0.0004731565926952442,316.227783203125
4323.6531384476375,-0.0012371298407002906,316.227783203125
4325.033055702501,-0.0019169334180398345,316.227783203125
4326.412972957364,-0.0015320340218026186,316.227783203125
4327.792890212228,-0.0007569390803727587,316.227783203125
4329.172807467091,-0.0007651938440196657,316.227783203125
4330.552724721954,-0.0012512653712653619,316.227783203125
4331.932641976818,-0.0015975924329960887,316.227783203125
4333.312559231681,-0.0018436365457397963,316.227783203125
4334.692476486544,-0.002245798091600165,316.227783203125
4336.072393741408,-0.0031140874672405984,316.227783203125
4337.452310996271,-0.002737593545385792,316.227783203125
4338.832228251134,0.0033178005820105726,316.227783203125
4340.212145505998,0.008949464227696744,316.227783203125
4341.592062760861,0.004229813063143732,316.227783203125
4342.9719800157245,-0.002117879312438913,316.227783203125
4344.351897270588,-0.0032313827118541846,316.227783203125
4345.731814525451,-0.0026918023738456837,316.227783203125
4347.111731780315,-0.002075822613648231,316.227783203125
4348.491649035178,-0.0015476102951434492,316.227783203125
4349.871566290041,-0.0016417818146427787,316.227783203125
4351.251483544905,-0.0020752031722140723,316.227783203125
4352.631400799768,-0.0017510149618460182,316.227783203125
4354.011318054631,-0.0008975748979403696,316.227783203125
4355.391235309495,-0.00030563745712501415,316.227783203125
4356.771152564358,-2.2856768270419422e-05,316.227783203125
4358.151069819221,-9.881915966008202e-05,316.227783203125
4359.530987074084,-6.447943920589137e-05,316.227783203125
4360.910904328948,0.0003044229422965398,316.227783203125
4362.290821583811,0.0007658177128494065,316.227783203125
4363.670738838675,0.0009457206122912634,316.227783203125
4365.050656093537,0.0007514591063212117,316.227783203125
4366.430573348402,0.00024372332666579635,316.227783203125
4367.810490603264,-0.00011351291188102346,316.227783203125
4369.190407858128,1.6442743091801826e-05,316.227783203125
4370.570325112991,0.00023219118698331737,316.227783203125
4371.950242367855,0.00024224084085142442,316.227783203125
4373.3301596227175,-0.00019072100214996036,316.227783203125
4374.710076877581,-0.0005139083313817627,316.227783203125
4376.089994132444,1.668839145560659e-05,316.227783203125
4377.469911387308,0.0006814943794198596,316.227783203125
4378.849828642171,0.0009071908513997029,316.227783203125
4380.229745897034,0.000725351741019134,316.227783203125
4381.609663151898,-2.949080855295383e-05,316.227783203125
4382.989580406761,-0.0011882153372146254,316.227783203125
4384.369497661624,-0.001404130185325328,316.227783203125
4385.749414916488,-0.0006543182337336237,316.227783203125
4387.129332171351,-9.72796079817817e-05,316.227783203125
4388.509249426214,-6.690932668591311e-05,316.227783203125
4389.889166681078,-0.00012714619401299476,316.227783203125
4391.269083935941,6.823933513920577e-05,316.227783203125
4392.6490011908045,0.00016696119917115199,316.227783203125
4394.028918445668,-0.00011160467976997768,316.227783203125
4395.408835700531,-4.658436454436747e-05,316.227783203125
4396.788752955395,0.0004101846020684759,316.227783203125
4398.168670210258,0.0004214725397443161,316.227783203125
4399.548587465121,-3.0963698091740835e-05,316.227783203125
4400.928504719985,1.4044609108105482e-05,316.227783203125
4402.308421974848,0.00022943652960443796,316.227783203125
4403.688339229711,-0.00014043629221952535,316.227783203125
4405.068256484575,-0.0003377734388989792,316.227783203125
4406.448173739438,-7.713918456475448e-05,316.227783203125
4407.828090994301,-3.682406486340585e-05,316.227783203125
4409.208008249165,0.00011565089079873525,316.227783203125
4410.587925504028,0.0005720142173555962,316.227783203125
4411.9678427588915,0.0007991153363678151,316.227783203125
4413.347760013755,0.00037785862937023997,316.227783203125
4414.727677268618,-0.0004339418889102737,316.227783203125
4416.107594523482,-0.0006698461594130799,316.227783203125
4417.487511778345,-0.00023732799950131403,316.227783203125
4418.867429033208,0.00031863823464558724,316.227783203125
4420.247346288072,0.0004875607133719255,316.227783203125
4421.627263542935,0.00016574569014154647,316.227783203125
4423.007180797798,6.0921540924121706e-05,316.227783203125
4424.387098052662,0.0001686629766197885,316.227783203125
4425.767015307525,0.00018491206283007683,316.227783203125
4427.146932562388,0.0001507644164714106,316.227783203125
4428.526849817252,0.0001562406784883126,316.227783203125
4429.906767072115,6.094452918466858e-05,316.227783203125
4431.2866843269785,9.008454841018601e-05,316.227783203125
4432.666601581842,1.2983738063819528e-06,316.227783203125
4434.046518836705,-0.000423656450814304,316.227783203125
4435.426436091569,-0.0004401244468648629,316.227783203125
4436.806353346432,0.00022622968006705615,316.227783203125
4438.186270601295,0.000764836370534731,316.227783203125
4439.566187856159,0.0006796874658489948,316.227783203125
4440.946105111022,1.0198987147309532e-05,316.227783203125
4442.326022365885,-0.0006255346325685258,316.227783203125
4443.705939620749,-0.0005246499152859064,316.227783203125
4445.085856875612,9.146637397895209e-05,316.227783203125
4446.465774130475,0.00037016365894198405,316.227783203125
4447.845691385339,0.00036009698876277897,316.227783203125
4449.225608640202,0.00024338928522776165,316.227783203125
4450.6055258950655,0.0002495828213430924,316.227783203125
4451.985443149929,0.00031560913562600316,316.227783203125
4453.365360404792,-4.755928846120194e-06,316.227783203125
4454.745277659656,-0.0004358040783931892,316.227783203125
4456.125194914519,-0.0003731688865969557,316.227783203125
4457.505112169382,-0.00016506137785571307,316.227783203125
4458.885029424246,-0.0002171011252666867,316.227783203125
4460.264946679109,-0.00032244734096523696,316.227783203125
4461.644863933972,-0.00034684786174271447,316.227783203125
4463.024781188836,-6.769600658021804e-05,316.227783203125
4464.404698443699,7.952078558943684e-05,316.227783203125
4465.784615698562,-8.102008178532266e-05,316.227783203125
4467.164532953426,-0.00039785345384816227,316.227783203125
4468.544450208289,-0.0006281986815888704,316.227783203125
4469.9243674631525,-0.0001995887687238837,316.227783203125
4471.304284718016,0.0005157154500898403,316.227783203125
4472.684201972879,0.0006538154528666663,316.227783203125
4474.064119227743,0.0005422110777746226,316.227783203125
4475.444036482606,0.000518723165399252,316.227783203125
4476.823953737469,0.000616242304138797,316.227783203125
4478.203870992333,0.00030510956994351905,316.227783203125
4479.583788247196,-0.0006112718723433191,316.227783203125
4480.963705502059,-0.0012630279256555087,316.227783203125
4482.343622756923,-0.0007944761652987301,316.227783203125
4483.723540011786,9.569292351930755e-05,316.227783203125
4485.103457266649,0.0006253046856755737,316.227783203125
4486.483374521513,0.0005358546664024719,316.227783203125
4487.863291776375,8.248382650724237e-06,316.227783203125
4489.2432090312395,-0.0003572412952721777,316.227783203125
4490.623126286102,-0.00012595984807451353,316.227783203125
4492.003043540966,0.00022415332311819837,316.227783203125
4493.382960795829,0.00015161631015253932,316.227783203125
4494.762878050693,-8.659205428785538e-05,316.227783203125
4496.142795305555,4.572879864667839e-05,316.227783203125
4497.52271256042,0.00037348636227618574,316.227783203125
4498.902629815282,0.0004188635176716731,316.227783203125
4500.2825470701455,0.00011300129030816265,316.227783203125
4501.662464325009,0.00011572824547509755,316.227783203125
4503.042381579872,0.00059545377018215,316.227783203125
4504.422298834736,0.0008591550441666117,316.227783203125
4505.802216089599,0.0006684214006617041,316.227783203125
4507.182133344462,0.000385971607939831,316.227783203125
4508.562050599326,0.00034932872895976873,316.227783203125
4509.941967854189,0.0005664271671273809,316.227783203125
4511.321885109052,0.0005528777978384952,316.227783203125
4512.701802363916,0.0003297386583811634,316.227783203125
4514.081719618779,0.00013293476785137745,316.227783203125
4515.461636873642,6.279962511779487e-05,316.227783203125
4516.841554128506,6.833501362864258e-05,316.227783203125
4518.221471383369,9.177116625922084e-05,316.227783203125
4519.6013886382325,0.0002140571376177975,316.227783203125
4520.981305893096,0.00018669360279674127,316.227783203125
4522.361223147959,0.0,316.227783203125
4523.741140402823,-9.317176730195935e-05,316.227783203125
4525.121057657686,-0.00015146107821633822,316.227783203125
4526.500974912549,-0.000392163987990456,316.227783203125
4527.880892167413,-0.0005992290109815886,316.227783203125
4529.260809422276,-0.000514580642355246,316.227783203125
4530.640726677139,-0.000220216526407949,316.227783203125
4532.020643932003,-0.0001754232183784378,316.227783203125
4533.400561186866,-0.0005226890384809491,316.227783203125
4534.780478441729,-0.0006740349331060703,316.227783203125
4536.160395696593,-5.182086086217598e-05,316.227783203125
4537.540312951456,0.0005305220124304389,316.227783203125
4538.9202302063195,0.00042376980670567194,316.227783203125
4540.300147461183,5.600661068243598e-05,316.227783203125
4541.680064716046,6.121649346671303e-05,316.227783203125
4543.05998197091,0.00015190650870998412,316.227783203125
4544.439899225773,6.63107246541509e-05,316.227783203125
4545.819816480636,7.984196368070184e-06,316.227783203125
4547.1997337355,-0.00014060975586987524,316.227783203125
4548.579650990363,-0.0005640084094722005,316.227783203125
4549.959568245226,-0.0006192526668664169,316.227783203125
4551.33948550009,-0.0003915626781704328,316.227783203125
4552.719402754953,-0.0005417754595837612,316.227783203125
4554.099320009816,-0.0008319783083221739,316.227783203125
4555.47923726468,-0.0007088384951960142,316.227783203125
4556.859154519543,-0.0002024773364638719,316.227783203125
4558.2390717744065,0.0001156737392565086,316.227783203125
4559.61898902927,0.00025048441331936185,316.227783203125
4560.998906284133,0.0004091681780033895,316.227783203125
4562.378823538997,0.00014612305342074326,316.227783203125
4563.75874079386,-0.00031842560530822954,316.227783203125
4565.138658048723,-0.0003969581607015261,316.227783203125
4566.518575303587,2.4881905155925074e-05,316.227783203125
4567.89849255845,0.00034659449004337435,316.227783203125
4569.278409813313,0.00031172576011103716,316.227783203125
4570.658327068177,-4.8734666584547906e-05,316.227783203125
4572.03824432304,-0.00012710805657863491,316.227783203125
4573.418161577903,0.00016456466972701415,316.227783203125
4574.798078832767,0.00029218808925739713,316.227783203125
4576.17799608763,0.00027201658280167663,316.227783203125
4577.5579133424935,0.00019368641364414171,316.227783203125
4578.937830597357,-0.00010734652198058844,316.227783203125
4580.31774785222,-0.000384725451212287,316.227783203125
4581.697665107084,-0.0004607672994986767,316.227783203125
4583.077582361947,-0.0005069561159005368,316.227783203125
4584.45749961681,-0.00048756736440526936,316.227783203125
4585.837416871674,-0.00029187054659360334,316.227783203125
4587.217334126537,-2.6517794238668096e-06,316.227783203125
4588.5972513814,0.0001364409832806581,316.227783203125
4589.977168636264,1.9433031554095398e-05,316.227783203125
4591.357085891127,-0.0002673786506031152,316.227783203125
4592.7370031459905,-0.0003131521970291453,316.227783203125
4594.116920400854,-0.00022035782438240177,316.227783203125
4595.496837655717,-0.00014516054555634324,316.227783203125
4596.8767549105805,-7.339627726944166e-05,316.227783203125
4598.256672165444,3.0103278440558878e-05,316.227783203125
4599.636589420307,-2.3780595500047866e-05,316.227783203125
4601.016506675171,-8.280543608138631e-05,316.227783203125
4602.396423930034,-2.7060884048192915e-05,316.227783203125
4603.776341184897,-7.879491423085083e-07,316.227783203125
4605.156258439761,-1.748544624253362e-05,316.227783203125
4606.536175694624,0.00014570413165250484,316.227783203125
4607.916092949487,0.00046184737702466457,316.227783203125
4609.296010204351,0.0005465266190033836,316.227783203125
4610.675927459213,0.0003484198822251306,316.227783203125
4612.0558447140775,9.632256167083596e-05,316.227783203125
4613.43576196894,5.224404986340844e-05,316.227783203125
4614.815679223804,0.00012120275373767725,316.227783203125
4616.195596478667,6.918555734353182e-05,316.227783203125
4617.575513733531,-1.3516606227642614e-05,316.227783203125
4618.955430988393,-0.00012533934037918006,316.227783203125
4620.335348243258,0.0,316.227783203125
4621.71526549812,0.0002596446145066208,316.227783203125
4623.095182752984,0.00034076225939953277,316.227783203125
4624.475100007847,0.0002920910312656025,316.227783203125
4625.85501726271,0.00021176038709862233,316.227783203125
4627.2349345175735,0.00013869509918774774,316.227783203125
4628.614851772437,-1.705548249030832e-05,316.227783203125
4629.9947690273,5.019809140274778e-05,316.227783203125
4631.374686282164,0.00023492563964694173,316.227783203125
4632.754603537027,0.00013917626879274454,316.227783203125
4634.13452079189,-3.6623191112042375e-07,316.227783203125
4635.514438046754,1.8284710716628266e-05,316.227783203125
4636.894355301617,-9.953368020485659e-06,316.227783203125
4638.27427255648,-8.360894873703922e-05,316.227783203125
4639.654189811344,2.0515681399975103e-05,316.227783203125
4641.034107066207,0.00025635357891057656,316.227783203125
4642.41402432107,0.00036347515682408175,316.227783203125
4643.793941575934,0.00024806426440691573,316.227783203125
4645.173858830797,-0.00012292230585160893,316.227783203125
4646.5537760856605,-0.0004439515137994593,316.227783203125
4647.933693340524,-0.00046252211730729055,316.227783203125
4649.313610595387,-0.00013340077857881827,316.227783203125
4650.693527850251,0.0001477697702811885,316.227783203125
4652.073445105114,0.0002571682123522455,316.227783203125
4653.453362359977,6.603403654370857e-05,316.227783203125
4654.833279614841,-0.00019918711969592155,316.227783203125
4656.213196869704,-9.44734747094899e-05,316.227783203125
4657.593114124567,0.0004274217297531562,316.227783203125
4658.973031379431,0.0007646100088644584,316.227783203125
4660.352948634294,0.0006509507638911144,316.227783203125
4661.732865889157,0.0003068814487711541,316.227783203125
4663.112783144021,7.31024113746672e-05,316.227783203125
4664.492700398884,-5.8910998739987105e-05,316.227783203125
4665.8726176537475,-0.0004457357195399754,316.227783203125
4667.252534908611,-0.0008533006615119888,316.227783203125
4668.632452163474,-0.000612300797530569,316.227783203125
4670.012369418338,-0.00011800746509506473,316.227783203125
4671.392286673201,0.0002113655457172594,316.227783203125
4672.772203928064,0.00021292380031358304,316.227783203125
4674.152121182928,0.00023932439976293192,316.227783203125
4675.532038437791,0.00043160144024425445,316.227783203125
4676.911955692654,0.00047873653699510334,316.227783203125
4678.291872947518,0.00018161800034448977,316.227783203125
4679.671790202381,-2.4806375146171553e-05,316.227783203125
4681.051707457244,-3.7320801218850355e-05,316.227783203125
4682.431624712108,0.00018666934096800425,316.227783203125
4683.811541966971,0.0004867162256316313,316.227783203125
4685.1914592218345,0.0006140590370243386,316.227783203125
4686.571376476698,0.00048243696308706077,316.227783203125
4687.951293731561,0.00031676227302821283,316.227783203125
4689.331210986425,0.00018047598933253368,316.227783203125
4690.711128241288,9.294363847122018e-05,316.227783203125
4692.091045496151,0.00012711844710287974,316.227783203125
4693.470962751015,0.00030191371932438045,316.227783203125
4694.850880005878,0.0005395506048657614,316.227783203125
4696.230797260741,0.0005410249665938581,316.227783203125
4697.610714515605,0.00019016486275869743,316.227783203125
4698.990631770468,-5.2653082312677235e-06,316.227783203125
4700.3705490253315,-2.5167222693698102e-05,316.227783203125
4701.750466280195,-0.00015921479554731333,316.227783203125
4703.130383535058,-0.0002425704245016553,316.227783203125
4704.5103007899215,-6.0599851092241544e-05,316.227783203125
4705.890218044785,-3.79039358684493e-05,316.227783203125
4707.270135299648,-0.0002903646791133502,316.227783203125
4708.650052554512,-0.00037585429318034123,316.227783203125
4710.029969809375,-0.00012052197017908828,316.227783203125
4711.409887064238,0.0001390311619003711,316.227783203125
4712.789804319102,1.1752533003558246e-05,316.227783203125
4714.169721573965,-0.00018813421918501862,316.227783203125
4715.549638828828,-0.00011457107075237005,316.227783203125
4716.929556083692,0.000140347565908824,316.227783203125
4718.309473338555,0.00025192001775085036,316.227783203125
4719.6893905934185,0.0003058906526641394,316.227783203125
4721.069307848282,0.00024474223823893297,316.227783203125
4722.449225103145,0.00023136835076253102,316.227783203125
4723.8291423580085,0.0003424089449458132,316.227783203125
4725.209059612872,0.0003059326634870154,316.227783203125
4726.588976867735,-5.471646980459259e-05,316.227783203125
4727.968894122599,-0.00042036666480763964,316.227783203125
4729.348811377462,-0.0004626243641245222,316.227783203125
4730.728728632325,-0.00034553359887568545,316.227783203125
4732.108645887189,-0.00012835193348201962,316.227783203125
4733.488563142052,8.186560235019964e-05,316.227783203125
4734.868480396915,6.609295948476965e-05,316.227783203125
4736.248397651778,-8.658203495761317e-05,316.227783203125
4737.628314906642,-4.850900050796733e-05,316.227783203125
4739.008232161505,4.460308894032976e-05,316.227783203125
4740.388149416369,-3.326477284370036e-05,316.227783203125
4741.768066671231,-4.073464916941501e-05,316.227783203125
4743.147983926096,-1.4179252629004102e-05,316.227783203125
4744.527901180958,2.9136728532818193e-05,316.227783203125
4745.907818435822,5.684061388106128e-05,316.227783203125
4747.287735690685,0.00013560220191387133,316.227783203125
4748.667652945549,0.0001319066112281924,316.227783203125
4750.047570200411,0.0001385583460576864,316.227783203125
4751.427487455275,8.30298109591298e-05,316.227783203125
4752.807404710138,-5.219576973323689e-05,316.227783203125
4754.1873219650015,-0.00016749626536355193,316.227783203125
4755.567239219865,-0.00018327029832329068,316.227783203125
4756.947156474728,-0.00011663126817677491,316.227783203125
4758.327073729592,-5.235328275466841e-06,316.227783203125
4759.706990984455,7.371484604000618e-05,316.227783203125
4761.086908239318,-0.0001559373352789141,316.227783203125
4762.466825494182,-0.000474006240008696,316.227783203125
4763.846742749045,-0.0006167298431227243,316.227783203125
4765.226660003908,-0.0005855516402277217,316.227783203125
4766.606577258772,-0.0003797813005380537,316.227783203125
4767.986494513635,-9.295481773714635e-05,316.227783203125
4769.366411768498,0.00013579001345138952,316.227783203125
4770.746329023362,2.4228347037847514e-05,316.227783203125
4772.126246278225,-5.396005633522688e-05,316.227783203125
4773.5061635330885,0.00013488986807884754,316.227783203125
4774.886080787952,0.00028022158050825495,316.227783203125
4776.265998042815,0.0003124293300832085,316.227783203125
4777.645915297679,0.00027873531575319486,316.227783203125
4779.025832552542,0.0001865212372878025,316.227783203125
4780.405749807405,0.0001495849254286065,316.227783203125
4781.785667062269,0.00010517118910081252,316.227783203125
4783.165584317132,1.8397092029030088e-06,316.227783203125
4784.545501571995,-5.8447881079854574e-05,316.227783203125
4785.925418826859,-0.0001319933587657883,316.227783203125
4787.305336081722,-0.00018383779215020227,316.227783203125
4788.685253336585,-0.00020592025522842006,316.227783203125
4790.065170591449,-0.00017736629498462872,316.227783203125
4791.445087846312,-2.3122560210678614e-05,316.227783203125
4792.8250051011755,0.00021415763156592584,316.227783203125
4794.204922356039,0.00042383220225932286,316.227783203125
4795.584839610902,0.00040388690598981876,316.227783203125
4796.964756865766,0.00012974237830727132,316.227783203125
4798.344674120629,-0.00016314232951343197,316.227783203125
4799.724591375492,-0.0002115787431426954,316.227783203125
4801.104508630356,3.7081716456471847e-07,316.227783203125
4802.484425885219,0.00017766424405227417,316.227783203125
4803.864343140082,4.3977535237280443e-05,316.227783203125
4805.244260394946,-0.00015643717887048672,316.227783203125
4806.624177649809,-0.00018832425341610247,316.227783203125
4808.0040949046725,-0.0001136756188625191,316.227783203125
4809.384012159536,-2.930591028011721e-05,316.227783203125
4810.763929414399,2.8294680745100803e-05,316.227783203125
4812.1438466692625,7.450456505257545e-05,316.227783203125
4813.523763924126,0.00010628727410610071,316.227783203125
4814.903681178989,0.00015672405680569254,316.227783203125
4816.283598433853,0.0002467437722173879,316.227783203125
4817.663515688716,0.00025557873038828394,316.227783203125
4819.043432943579,0.00031239764003674654,316.227783203125
4820.423350198443,0.0002491726004693034,316.227783203125
4821.803267453306,-4.417788729212113e-05,316.227783203125
4823.183184708169,-0.000403998284718295,316.227783203125
4824.563101963033,-0.0003839574648207521,316.227783203125
4825.943019217896,-9.439198206746824e-05,316.227783203125
4827.3229364727595,5.6476868252886e-07,316.227783203125
4828.702853727623,-8.32915803244405e-05,316.227783203125
4830.082770982486,-0.00018195006129482702,316.227783203125
4831.4626882373495,-0.00028157485250850794,316.227783203125
4832.842605492213,-0.00022947591323707085,316.227783203125
4834.222522747076,-0.0001307569519888984,316.227783203125
4835.60244000194,-0.0001696261403806073,316.227783203125
4836.982357256803,-0.0002497652867488268,316.227783203125
4838.362274511666,-0.00040573646985040887,316.227783203125
4839.74219176653,-0.0005781080640795081,316.227783203125
4841.122109021393,-0.0006343951241646936,316.227783203125
4842.502026276256,-0.0006331090033568198,316.227783203125
4843.88194353112,-0.0005939951579063511,316.227783203125
4845.261860785983,-0.0005672083015976492,316.227783203125
4846.6417780408465,-0.0007807475833254054,316.227783203125
4848.02169529571,-0.0011828845816559026,316.227783203125
4849.401612550573,-0.0012736407920341183,316.227783203125
4850.781529805437,-0.0012497011053918278,316.227783203125
4852.1614470603,-0.001402877777164975,316.227783203125
4853.541364315162,-0.001847389387971599,316.227783203125
4854.921281570027,-0.0024451514073983976,316.227783203125
4856.301198824889,-0.002528051940730084,316.227783203125
4857.681116079753,-0.0009336967259164306,316.227783203125
4859.061033334616,0.008169474620689308,316.227783203125
4860.44095058948,0.025036161569736197,316.227783203125
4861.8208678443425,0.025309300809456717,316.227783203125
4863.200785099207,0.009438195742655017,316.227783203125
4864.580702354069,-0.0007602719133727506,316.227783203125
4865.9606196089335,-0.002407639728268355,316.227783203125
4867.340536863796,-0.0021064804774381246,316.227783203125
4868.72045411866,-0.0018384551879737643,316.227783203125
4870.100371373523,-0.001985002862008728,316.227783203125
4871.480288628387,-0.0021658244276568494,316.227783203125
4872.860205883249,-0.0017341883684600205,316.227783203125
4874.240123138114,-0.001335813423011022,316.227783203125
4875.620040392976,-0.001141377765468925,316.227783203125
4876.99995764784,-0.0009661891313892425,316.227783203125
4878.379874902703,-0.000671317532920046,316.227783203125
4879.759792157567,-0.0004325025078032972,316.227783203125
4881.1397094124295,-0.00047491118852563234,316.227783203125
4882.519626667294,-0.0005654275400039134,316.227783203125
4883.899543922156,-0.0006428496779804851,316.227783203125
4885.27946117702,-0.0007448724465036818,316.227783203125
4886.659378431883,-0.0007091597689011676,316.227783203125
4888.039295686746,-0.0006239999567113838,316.227783203125
4889.41921294161,-0.0007885308922891826,316.227783203125
4890.799130196473,-0.0009868472026470891,316.227783203125
4892.179047451336,-0.0006304673623669741,316.227783203125
4893.5589647062,9.578740452136775e-06,316.227783203125
4894.938881961063,0.0003929083521457197,316.227783203125
4896.318799215926,0.0004488704435737477,316.227783203125
4897.69871647079,0.00029223831919149464,316.227783203125
4899.078633725653,2.678704831850058e-05,316.227783203125
4900.4585509805165,-0.00012335008923770006,316.227783203125
4901.83846823538,-0.00012091126399675807,316.227783203125
4903.218385490243,-0.00010449181917149969,316.227783203125
4904.598302745107,0.000129799390416312,316.227783203125
4905.97821999997,0.000380440794610918,316.227783203125
4907.358137254833,0.00027682861274796154,316.227783203125
4908.738054509697,-0.00016137052400743215,316.227783203125
4910.11797176456,-0.00040572749359954995,316.227783203125
4911.497889019423,-0.000259232974384448,316.227783203125
4912.877806274287,5.976489189621695e-05,316.227783203125
4914.25772352915,0.0004028499376644776,316.227783203125
4915.6376407840135,0.00049899082408578,316.227783203125
4917.017558038877,0.00010442163581118186,316.227783203125
4918.39747529374,-0.0006189732250486031,316.227783203125
4919.7773925486035,-0.0010691236764104103,316.227783203125
4921.157309803467,-0.0008660796341708136,316.227783203125
4922.53722705833,-0.000550492988076759,316.227783203125
4923.917144313194,-0.0005118334034364767,316.227783203125
4925.297061568057,-0.00026219692025761243,316.227783203125
4926.67697882292,0.00015998708462717538,316.227783203125
4928.056896077784,0.0004368677124192231,316.227783203125
4929.436813332647,0.0005487689166987463,316.227783203125
4930.81673058751,0.00046122074331607366,316.227783203125
4932.196647842374,6.661440701705851e-05,316.227783203125
4933.576565097237,-0.00029788082563905575,316.227783203125
4934.9564823521005,-0.00018360204050583105,316.227783203125
4936.336399606964,-0.00010814170520544002,316.227783203125
4937.716316861827,-0.0003711859704506777,316.227783203125
4939.0962341166905,-0.0004084615768946056,316.227783203125
4940.476151371554,2.4349532967033252e-05,316.227783203125
4941.856068626417,0.0003958665421442756,316.227783203125
4943.235985881281,0.0004880063290681816,316.227783203125
4944.615903136144,0.00040632719433165466,316.227783203125
4945.995820391007,0.00032460742961753185,316.227783203125
4947.375737645871,0.00033865828340968844,316.227783203125
4948.755654900734,0.0004961522910951945,316.227783203125
4950.135572155597,0.0006088299292627171,316.227783203125
4951.515489410461,0.0006017914879578052,316.227783203125
4952.895406665324,0.0005729977601147147,316.227783203125
4954.2753239201875,0.0006345338522249552,316.227783203125
4955.655241175051,0.0013979273781790612,316.227783203125
4957.035158429914,0.0057827665933904045,316.227783203125
4958.415075684778,0.012118196235662662,316.227783203125
4959.794992939641,0.010769017230798032,316.227783203125
4961.174910194504,0.004100652438359156,316.227783203125
4962.554827449368,0.0012751202289477542,316.227783203125
4963.934744704231,0.0006129009658602316,316.227783203125
4965.314661959094,0.0002527227534682378,316.227783203125
4966.694579213958,8.232989151694438e-05,316.227783203125
4968.074496468821,4.972960946484327e-05,316.227783203125
4969.454413723684,0.00011402149475685242,316.227783203125
4970.834330978548,0.00024161366500734596,316.227783203125
4972.214248233411,0.0004076068081930173,316.227783203125
4973.5941654882745,0.0005638241197233121,316.227783203125
4974.974082743138,0.000628118624913852,316.227783203125
4976.353999998001,0.0005140711098241303,316.227783203125
4977.733917252865,0.00033817932490280006,316.227783203125
4979.113834507727,0.00019376369964278946,316.227783203125
4980.493751762591,-7.578836139991545e-05,316.227783203125
4981.873669017454,-0.00047928801499873795,316.227783203125
4983.253586272318,-0.0005726226319779613,316.227783203125
4984.63350352718,-0.00017379581236515,316.227783203125
4986.013420782045,0.000342804280116793,316.227783203125
4987.393338036907,0.0005194504385735137,316.227783203125
4988.773255291771,0.0003197471862273725,316.227783203125
4990.153172546634,0.00010306168108528517,316.227783203125
4991.533089801498,4.790110542113313e-05,316.227783203125
4992.913007056361,6.646441940195112e-05,316.227783203125
4994.292924311225,0.00016513273885655246,316.227783203125
4995.672841566087,0.0003346952688033037,316.227783203125
4997.052758820952,0.0003665311890374799,316.227783203125
4998.432676075814,0.00021030377436396033,316.227783203125
4999.812593330678,2.668818246206496e-05,316.227783203125
5001.192510585541,0.00010645310837831962,316.227783203125
5002.572427840405,0.0010362100628217297,316.227783203125
5003.952345095267,0.006582330139291581,316.227783203125
5005.332262350132,0.02354863134400792,316.227783203125
5006.712179604994,0.03801880591592402,316.227783203125
5008.092096859858,0.024889510783210618,316.227783203125
5009.472014114721,0.007249831771540297,316.227783203125
5010.851931369584,0.0013068113510398115,316.227783203125
5012.231848624448,-2.9362633581053732e-05,316.227783203125
5013.611765879311,-0.00030134124784069946,316.227783203125
5014.991683134174,-1.9116458174548226e-05,316.227783203125
5016.371600389038,0.0,316.227783203125
5017.751517643901,-0.0003693353425995166,316.227783203125
5019.131434898764,-0.00046972857289922544,316.227783203125
5020.511352153628,-0.00032219723552449724,316.227783203125
5021.891269408491,-0.0002346605220718001,316.227783203125
5023.2711866633545,-7.908115135622264e-05,316.227783203125
5024.651103918218,3.651149022265536e-05,316.227783203125
5026.031021173081,-6.461685356548216e-05,316.227783203125
5027.4109384279445,-0.00017144022144395012,316.227783203125
5028.790855682808,-2.5020166570464616e-05,316.227783203125
5030.170772937671,0.0001728574157510744,316.227783203125
5031.550690192535,0.00032086236033163594,316.227783203125
5032.930607447398,0.00043596860311385065,316.227783203125
5034.310524702261,0.00024140281397812095,316.227783203125
5035.690441957125,-8.463059958085939e-05,316.227783203125
5037.070359211988,-0.00018535983802511063,316.227783203125
5038.450276466851,-0.00033617567392648165,316.227783203125
5039.830193721715,-0.0007480527499216637,316.227783203125
5041.210110976578,-0.0009020444239390829,316.227783203125
5042.5900282314415,-0.00039751246117786243,316.227783203125
5043.969945486305,0.0002640240627356169,316.227783203125
5045.349862741168,0.0005423935589322568,316.227783203125
5046.7297799960315,0.00038909964321062404,316.227783203125
5048.109697250895,-1.3686275350338617e-05,316.227783203125
5049.489614505758,-0.0003379061771114477,316.227783203125
5050.869531760622,-0.0004070280932661225,316.227783203125
5052.249449015485,-0.00023782537444784653,316.227783203125
5053.629366270348,8.648461872109645e-05,316.227783203125
5055.009283525212,0.00025679353357314395,316.227783203125
5056.389200780075,0.00028732314279549843,316.227783203125
5057.769118034938,0.0003417699967043254,316.227783203125
5059.149035289802,0.0003860154020946076,316.227783203125
5060.528952544665,0.00044663942469823185,316.227783203125
5061.9088697995285,0.00043385882994037214,316.227783203125
5063.288787054392,0.00010248448307605303,316.227783203125
5064.668704309255,-0.00024299425428232248,316.227783203125
5066.048621564119,-0.0002545887534731745,316.227783203125
5067.428538818982,-7.997044562274395e-05,316.227783203125
5068.808456073845,3.919881726970227e-05,316.227783203125
5070.188373328709,7.319726686127667e-05,316.227783203125
5071.568290583572,1.6956785616662265e-05,316.227783203125
5072.948207838435,-5.306793717372443e-05,316.227783203125
5074.328125093299,7.580396474676093e-07,316.227783203125
5075.708042348162,8.123172073197689e-05,316.227783203125
5077.087959603025,2.5163780890269036e-05,316.227783203125
5078.467876857889,-0.00032970304749454366,316.227783203125
5079.847794112752,-0.0006619603573556794,316.227783203125
5081.2277113676155,-0.0005129399718511105,316.227783203125
5082.607628622479,-0.0002206374010600906,316.227783203125
5083.987545877342,-1.722495604761752e-05,316.227783203125
5085.367463132206,0.00016184191393981903,316.227783203125
5086.747380387069,0.0001831220149437849,316.227783203125
5088.127297641932,0.00017111657256596927,316.227783203125
5089.507214896796,0.00021354413165309422,316.227783203125
5090.887132151659,0.0002861242113380638,316.227783203125
5092.267049406522,0.0004176405133792336,316.227783203125
5093.646966661386,0.00048678843139804764,316.227783203125
5095.026883916249,0.0003435469242707573,316.227783203125
5096.406801171112,5.932755022201169e-06,316.227783203125
5097.786718425976,-0.00036028076769002715,316.227783203125
5099.166635680839,-0.00039887784068730163,316.227783203125
5100.5465529357025,-6.117868046221289e-05,316.227783203125
5101.926470190566,0.0002511882512408192,316.227783203125
5103.306387445429,0.0003387675711806464,316.227783203125
5104.686304700292,0.0002453987048210392,316.227783203125
5106.066221955156,2.8272293233438592e-05,316.227783203125
5107.446139210018,-0.0001640574773033223,316.227783203125
5108.826056464883,-0.00021425837429065245,316.227783203125
5110.205973719745,-0.00012448257892754347,316.227783203125
5111.585890974609,7.118835883444634e-05,316.227783203125
5112.965808229472,0.0002297698821880339,316.227783203125
5114.345725484336,0.00031028519390334866,316.227783203125
5115.7256427391985,0.0004213308916265323,316.227783203125
5117.105559994063,0.0005236271227531432,316.227783203125
5118.485477248925,0.000508723055858671,316.227783203125
5119.8653945037895,0.00033884945428935484,316.227783203125
5121.245311758652,0.00011851099773471652,316.227783203125
5122.625229013516,-0.000147242781689998,316.227783203125
5124.005146268379,-0.00028661519960585316,316.227783203125
5125.385063523243,-0.0002366703320600301,316.227783203125
5126.764980778105,-0.00015778476008215803,316.227783203125
5128.14489803297,-0.00018248014858240902,316.227783203125
5129.524815287832,-0.00013904322397609303,316.227783203125
5130.904732542696,-2.1390589186053716e-05,316.227783203125
5132.284649797559,8.034463620282609e-05,316.227783203125
5133.664567052423,0.00017165566882590584,316.227783203125
5135.0444843072855,0.00020964623123278722,316.227783203125
5136.424401562149,4.6101462131572374e-05,316.227783203125
5137.804318817012,-0.00024101088476665734,316.227783203125
5139.184236071876,-0.0003201666597368452,316.227783203125
5140.564153326739,-0.00023092070889241603,316.227783203125
5141.944070581602,-0.00024690203468408396,316.227783203125
5143.323987836466,-0.00019120410338041224,316.227783203125
5144.703905091329,-7.012893650035733e-05,316.227783203125
5146.083822346192,-4.271914102781972e-05,316.227783203125
5147.463739601056,-5.9690052945324604e-05,316.227783203125
5148.843656855919,2.4264298953415378e-05,316.227783203125
5150.2235741107825,-4.720933934960515e-05,316.227783203125
5151.603491365646,-0.00019257376553997833,316.227783203125
5152.983408620509,-0.00021633719681053883,316.227783203125
5154.3633258753725,-0.00013512375315608005,316.227783203125
5155.743243130236,0.00016433828965224835,316.227783203125
5157.123160385099,0.00045712624415976573,316.227783203125
5158.503077639963,0.000553179616430307,316.227783203125
5159.882994894826,0.0005306205216327881,316.227783203125
5161.262912149689,0.00043648857410348747,316.227783203125
5162.642829404553,0.00038148656968526803,316.227783203125
5164.022746659416,0.00011887259164387876,316.227783203125
5165.402663914279,-0.0005459050325911756,316.227783203125
5166.782581169143,-0.001229217175038386,316.227783203125
5168.162498424006,-0.0013063484572942135,316.227783203125
5169.5424156788695,-0.0007937455007858418,316.227783203125
5170.922332933733,-0.0008440462342792169,316.227783203125
5172.302250188596,-0.0011453177167265946,316.227783203125
5173.68216744346,-0.0006909846707321993,316.227783203125
5175.062084698323,0.0001397028142286899,316.227783203125
5176.442001953186,0.00060105004866998,316.227783203125
5177.82191920805,0.0007438684212085038,316.227783203125
5179.201836462913,0.0007099254569604557,316.227783203125
5180.581753717776,0.0002997685259997374,316.227783203125
5181.96167097264,-0.0005488728829536604,316.227783203125
5183.341588227503,-0.0011995556489094329,316.227783203125
5184.721505482366,-0.000859390097339402,316.227783203125
5186.10142273723,-0.00010214787717194827,316.227783203125
5187.481339992093,0.00019529737833185422,316.227783203125
5188.8612572469565,0.00016152887162817868,316.227783203125
5190.24117450182,-7.190921632930537e-05,316.227783203125
5191.621091756683,-0.00045100214867687186,316.227783203125
5193.001009011547,-0.0005881104861609355,316.227783203125
5194.38092626641,-0.0003833978720576541,316.227783203125
5195.760843521273,-2.066672454372788e-05,316.227783203125
5197.140760776137,0.0005718492240473459,316.227783203125
5198.520678031,0.0010749147730765643,316.227783203125
5199.900595285863,0.0011211573262032426,316.227783203125
5201.280512540727,0.0007728456295704334,316.227783203125
5202.66042979559,0.0001985300138609286,316.227783203125
5204.040347050453,-0.000280528243258785,316.227783203125
5205.420264305317,-0.0006060098596055424,316.227783203125
5206.80018156018,-0.0006692525769225102,316.227783203125
5208.1800988150435,-0.0005931546048916301,316.227783203125
5209.560016069907,-0.0003646344410167743,316.227783203125
5210.93993332477,5.4966121823332714e-06,316.227783203125
5212.319850579634,0.00028250539172413984,316.227783203125
5213.699767834497,0.00018034748410161554,316.227783203125
5215.07968508936,-0.0001654876789446303,316.227783203125
5216.459602344224,-0.0003214862966862183,316.227783203125
5217.839519599087,-0.00015556151568143356,316.227783203125
5219.21943685395,0.00017738176478251932,316.227783203125
5220.599354108814,0.00034564486370712924,316.227783203125
5221.979271363677,0.0003178876416375792,316.227783203125
5223.35918861854,0.0,316.227783203125
5224.739105873404,-0.0006300875201488785,316.227783203125
5226.119023128267,-0.0011097624522958763,316.227783203125
5227.4989403831305,-0.0009483629436559601,316.227783203125
5228.878857637994,-0.00028605812696766084,316.227783203125
5230.258774892856,0.00011262434073651753,316.227783203125
5231.638692147721,-1.7076793884017102e-05,316.227783203125
5233.018609402583,-0.00038175636617474723,316.227783203125
5234.398526657447,-0.000494783668007313,316.227783203125
5235.77844391231,-0.00026061813322990346,316.227783203125
5237.158361167174,3.573252858315133e-05,316.227783203125
5238.5382784220365,0.00016550207536731448,316.227783203125
5239.918195676901,0.00018210331871085401,316.227783203125
5241.298112931763,0.0001720940806517364,316.227783203125
5242.678030186627,0.0002306357405157406,316.227783203125
5244.05794744149,0.00030800260485884523,316.227783203125
5245.437864696354,0.00017786185429119993,316.227783203125
5246.817781951217,-7.808712092663254e-05,316.227783203125
5248.197699206081,-0.00021672424239384605,316.227783203125
5249.577616460943,-0.00027075267042224634,316.227783203125
5250.957533715808,-0.0002657826418938445,316.227783203125
5252.33745097067,-0.00014488709470352433,316.227783203125
5253.717368225534,-0.00013981273489246417,316.227783203125
5255.097285480397,-8.187433507635296e-05,316.227783203125
5256.477202735261,0.00018473596554763154,316.227783203125
5257.8571199901235,0.00045187988907448816,316.227783203125
5259.237037244988,0.0004631348649813249,316.227783203125
5260.61695449985,0.00017597865176863237,316.227783203125
5261.9968717547135,-0.00030504295661894394,316.227783203125
5263.376789009577,-0.0008115669863019339,316.227783203125
5264.75670626444,-0.0010030664794697351,316.227783203125
5266.136623519304,-0.0008211963849434362,316.227783203125
5267.516540774167,-0.0006533599463171801,316.227783203125
5268.89645802903,-0.0008344848531364052,316.227783203125
5270.276375283894,-0.000820081164885314,316.227783203125
5271.656292538757,-0.00035969615784812135,316.227783203125
5273.03620979362,-0.00017599038572404212,316.227783203125
5274.416127048484,-0.0003297273621958464,316.227783203125
5275.796044303347,-0.0002619103274068297,316.227783203125
5277.1759615582105,0.0001085892957480919,316.227783203125
5278.555878813074,0.0002806499461241174,316.227783203125
5279.935796067937,0.00010409185867649509,316.227783203125
5281.315713322801,-0.00016748027864247478,316.227783203125
5282.695630577664,-0.0003680488641444324,316.227783203125
5284.075547832527,-0.00027566655686443557,316.227783203125
5285.455465087391,0.00015955232214456307,316.227783203125
5286.835382342254,0.0004557304919873932,316.227783203125
5288.215299597117,0.0005018792491219247,316.227783203125
5289.595216851981,0.0005025178392704718,316.227783203125
5290.975134106844,0.0004870116265364502,316.227783203125
5292.355051361707,0.0004114295207225723,316.227783203125
5293.734968616571,0.00032770441653444914,316.227783203125
5295.114885871434,0.00012739789728317442,316.227783203125
5296.4948031262975,-0.00022363689637427443,316.227783203125
5297.874720381161,-0.0004319733563137168,316.227783203125
5299.254637636024,-0.00027808264773638604,316.227783203125
5300.634554890888,-8.095564112424111e-05,316.227783203125
5302.014472145751,4.084056793756882e-05,316.227783203125
5303.394389400614,0.00027321212538416496,316.227783203125
5304.774306655478,0.00039373302266833103,316.227783203125
5306.154223910341,0.00027258992776060115,316.227783203125
5307.534141165204,0.00021760912498138517,316.227783203125
5308.914058420068,0.0003244186601136685,316.227783203125
5310.293975674931,0.00038262012447229377,316.227783203125
5311.673892929794,0.0003454318876590281,316.227783203125
5313.053810184658,0.00026810308145753733,316.227783203125
5314.433727439521,0.00013587747957099702,316.227783203125
5315.8136446943845,-7.418886021036235e-05,316.227783203125
5317.193561949248,-0.00013932281549225434,316.227783203125
5318.573479204111,5.266198485154652e-05,316.227783203125
5319.953396458975,0.00022897038301909235,316.227783203125
5321.333313713838,0.00020742643306740326,316.227783203125
5322.713230968701,8.4863528626411e-05,316.227783203125
5324.093148223565,-6.165546310638037e-05,316.227783203125
5325.473065478428,-0.00020411924286145404,316.227783203125
5326.852982733291,-0.000629790661639363,316.227783203125
5328.232899988155,-0.0009987586721252502,316.227783203125
5329.612817243018,-0.000630651560621814,316.227783203125
5330.992734497881,-4.61184286672002e-05,316.227783203125
5332.372651752745,0.0001897136459994616,316.227783203125
5333.752569007608,0.0002563612135214593,316.227783203125
5335.1324862624715,0.0002786665808584658,316.227783203125
5336.512403517335,0.0002164661528617686,316.227783203125
5337.892320772198,3.329972391803715e-05,316.227783203125
5339.272238027062,-0.0002167851708609718,316.227783203125
5340.652155281925,-0.000309869072969109,316.227783203125
5342.032072536788,-6.633988561910789e-05,316.227783203125
5343.411989791652,0.00019792530867793721,316.227783203125
5344.791907046515,0.0002125965476349797,316.227783203125
5346.171824301378,0.00011141477196419461,316.227783203125
5347.551741556242,-2.6254302984366623e-05,316.227783203125
5348.931658811105,-9.544245547391493e-05,316.227783203125
5350.311576065968,3.326302315938799e-05,316.227783203125
5351.691493320832,0.00021620480176765856,316.227783203125
5353.071410575695,0.00031815183400309664,316.227783203125
5354.4513278305585,0.00041159323845322594,316.227783203125
5355.831245085421,0.0005202112822591271,316.227783203125
5357.211162340285,0.0005562501657760711,316.227783203125
5358.591079595148,0.0005024217873470654,316.227783203125
5359.970996850012,0.00035783921800677625,316.227783203125
5361.350914104874,0.00012406394067865194,316.227783203125
5362.730831359739,-5.7771762729344825e-05,316.227783203125
5364.110748614601,-8.644216882615699e-05,316.227783203125
5365.490665869465,-7.182604312474389e-05,316.227783203125
5366.870583124328,-2.5378848326049544e-05,316.227783203125
5368.250500379192,-0.0001250585351579188,316.227783203125
5369.6304176340545,-0.00046279450422370173,316.227783203125
5371.010334888919,-0.0006996298427204926,316.227783203125
5372.390252143781,-0.0003346282705779472,316.227783203125
5373.7701693986455,0.00027814094957578743,316.227783203125
5375.150086653508,0.000528840335333014,316.227783203125
5376.530003908372,0.00045699867948156316,316.227783203125
5377.909921163235,0.00033090613364232524,316.227783203125
5379.289838418099,0.00020218956875616388,316.227783203125
5380.669755672961,8.329633182038026e-05,316.227783203125
5382.049672927826,-7.729065308348729e-06,316.227783203125
5383.429590182688,-5.142730329792816e-06,316.227783203125
5384.809507437552,0.0001664276692199089,316.227783203125
5386.189424692415,0.0002763965600707831,316.227783203125
5387.569341947278,0.0002461563972114538,316.227783203125
5388.949259202142,0.00011315815944817897,316.227783203125
5390.329176457005,-3.66216282617262e-05,316.227783203125
5391.709093711868,-9.458862705003825e-05,316.227783203125
5393.089010966732,-0.00010207174921861989,316.227783203125
5394.468928221595,-0.00010530633152623474,316.227783203125
5395.848845476458,-0.0002814076853186985,316.227783203125
5397.228762731322,-0.0004176962433195368,316.227783203125
5398.608679986185,-0.00019650206833040848,316.227783203125
5399.988597241048,5.916587029062767e-05,316.227783203125
5401.368514495912,9.486053956278377e-05,316.227783203125
5402.748431750775,-9.397535011802967e-05,316.227783203125
5404.1283490056385,-0.0004482174877901996,316.227783203125
5405.508266260502,-0.0006538907127872327,316.227783203125
5406.888183515365,-0.000466536350917127,316.227783203125
5408.268100770229,-0.00033485836459417814,316.227783203125
5409.648018025092,-0.00033495330594467305,316.227783203125
5411.027935279955,-0.00018568812980894293,316.227783203125
5412.407852534819,1.9084800106169628e-05,316.227783203125
5413.787769789682,5.850827640880435e-05,316.227783203125
5415.167687044545,7.5495819036887e-05,316.227783203125
5416.547604299409,0.00016215793955787032,316.227783203125
5417.927521554272,0.00019662545432909233,316.227783203125
5419.307438809135,9.486400310091195e-05,316.227783203125
5420.687356063999,1.3708178061242263e-05,316.227783203125
5422.067273318862,0.0,316.227783203125
5423.4471905737255,-0.00015390728278205298,316.227783203125
5424.827107828589,-0.00013929322212812185,316.227783203125
5426.207025083452,0.00010311279328578844,316.227783203125
5427.586942338316,7.867467680201974e-05,316.227783203125
5428.966859593179,-0.0001951190545724825,316.227783203125
5430.346776848042,-0.0002953338329532273,316.227783203125
5431.726694102906,-0.00022653691657492127,316.227783203125
5433.106611357769,-0.00029596310035216386,316.227783203125
5434.486528612632,-0.00044897220066236407,316.227783203125
5435.866445867496,-0.000296775101210232,316.227783203125
5437.246363122359,4.1145333759536745e-05,316.227783203125
5438.626280377222,0.0003354756621543713,316.227783203125
5440.006197632086,0.0004823309206250341,316.227783203125
5441.386114886949,0.0004981232944455231,316.227783203125
5442.7660321418125,0.00040085291932969065,316.227783203125
5444.145949396676,8.429531281805257e-05,316.227783203125
5445.525866651539,-0.0003816145333896369,316.227783203125
5446.905783906403,-0.0005029743113984571,316.227783203125
5448.285701161266,-0.00014915554638314163,316.227783203125
5449.665618416129,0.00024464064694708007,316.227783203125
5451.045535670993,0.00036284449705172896,316.227783203125
5452.425452925856,0.00023558672146000402,316.227783203125
5453.805370180719,-0.00011613469999729141,316.227783203125
5455.185287435583,-0.0004310033321001678,316.227783203125
5456.565204690446,-0.0002591305763720471,316.227783203125
5457.945121945309,0.00018371224307774103,316.227783203125
5459.325039200173,0.00034738063430245214,316.227783203125
5460.704956455036,0.00019404583843073663,316.227783203125
5462.0848737098995,-7.771068566721218e-05,316.227783203125
5463.464790964763,-0.00017285593176130133,316.227783203125
5464.844708219626,-9.709020932934312e-06,316.227783203125
5466.22462547449,0.00013145607312704463,316.227783203125
5467.604542729353,0.00020100279686413244,316.227783203125
5468.984459984216,0.00025372928249916757,316.227783203125
5470.36437723908,0.00024346675904560015,316.227783203125
5471.744294493943,0.00016554898009908323,316.227783203125
5473.124211748806,1.2263444746200142e-05,316.227783203125
5474.50412900367,-0.00018210864585649356,316.227783203125
5475.884046258533,-0.00041009387928286206,316.227783203125
5477.263963513396,-0.00041278457574796604,316.227783203125
5478.64388076826,-9.969268975030046e-05,316.227783203125
5480.023798023123,1.889576629958943e-05,316.227783203125
5481.403715277986,-7.99939191529972e-05,316.227783203125
5482.78363253285,-1.695584884896413e-05,316.227783203125
5484.163549787712,0.00019280629987018447,316.227783203125
5485.543467042577,0.0002328604182111789,316.227783203125
5486.923384297439,5.774288861992022e-05,316.227783203125
5488.303301552303,-5.212332272506309e-05,316.227783203125
5489.683218807166,1.8552714023718428e-05,316.227783203125
5491.06313606203,9.48082810567942e-05,316.227783203125
5492.4430533168925,8.3224004273897e-05,316.227783203125
5493.822970571757,8.648781691351914e-05,316.227783203125
5495.202887826619,9.972088429694402e-05,316.227783203125
5496.5828050814835,4.3155328215336436e-05,316.227783203125
5497.962722336346,3.785337044301569e-05,316.227783203125
5499.34263959121,0.00010787467878507241,316.227783203125
5500.722556846073,3.335742551809247e-05,316.227783203125
5502.102474100937,-5.339946918559574e-05,316.227783203125
5503.482391355799,-4.2500989170522405e-05,316.227783203125
5504.862308610664,-9.988308563155072e-05,316.227783203125
5506.242225865526,-0.00015619610776016792,316.227783203125
5507.62214312039,-9.226240173583998e-05,316.227783203125
5509.002060375253,2.246411316495986e-05,316.227783203125
5510.381977630117,-1.3252654907322872e-05,316.227783203125
5511.7618948849795,-0.00016731685448565826,316.227783203125
5513.141812139843,-0.00023171975897205016,316.227783203125
5514.521729394706,-8.563900861036262e-05,316.227783203125
5515.90164664957,0.00012823030655868123,316.227783203125
5517.281563904433,0.00029381247887335683,316.227783203125
5518.661481159296,0.000380718494329111,316.227783203125
5520.04139841416,0.00039474556148355947,316.227783203125
5521.421315669023,0.00029219560199667156,316.227783203125
5522.801232923886,0.00020666682752809584,316.227783203125
5524.18115017875,0.0001519203481129723,316.227783203125
5525.561067433613,-2.1444362993585514e-05,316.227783203125
5526.940984688476,-0.00023771793539891645,316.227783203125
5528.32090194334,-0.00028587234488625796,316.227783203125
5529.700819198203,-0.00010414493766348724,316.227783203125
5531.0807364530665,8.891373404523728e-05,316.227783203125
5532.46065370793,7.426105497619802e-05,316.227783203125
5533.840570962793,-6.22244307920336e-05,316.227783203125
5535.220488217657,-0.00016531318596532153,316.227783203125
5536.60040547252,-7.167237275625647e-05,316.227783203125
5537.980322727383,0.00011463839676555988,316.227783203125
5539.360239982247,0.00021317130838191013,316.227783203125
5540.74015723711,0.0002356717779998102,316.227783203125
5542.120074491973,0.00017245618711580167,316.227783203125
5543.499991746837,3.989504179019096e-06,316.227783203125
5544.8799090017,-6.885943954722425e-05,316.227783203125
5546.259826256563,-2.9088198322700307e-05,316.227783203125
5547.639743511427,0.00011156293876470741,316.227783203125
5549.01966076629,0.00024367509086973584,316.227783203125
5550.3995780211535,0.0002949740465885524,316.227783203125
5551.779495276017,0.00024086334443198902,316.227783203125
5553.15941253088,0.00013594222895065532,316.227783203125
5554.539329785744,6.365780070104014e-05,316.227783203125
5555.919247040607,9.88916635176855e-05,316.227783203125
5557.29916429547,0.00013076477034394164,316.227783203125
5558.679081550334,0.0001248439217344452,316.227783203125
5560.058998805197,0.00012209979440024228,316.227783203125
5561.43891606006,6.22244307920336e-05,316.227783203125
5562.818833314924,-2.4567725301511203e-05,316.227783203125
5564.198750569787,-7.970820951517729e-05,316.227783203125
5565.57866782465,-6.822283637446247e-05,316.227783203125
5566.958585079514,-6.151410964953981e-05,316.227783203125
5568.338502334377,-5.6136646945485064e-05,316.227783203125
5569.7184195892405,-4.56429409384472e-05,316.227783203125
5571.098336844104,-5.263625224203976e-05,316.227783203125
5572.478254098967,-7.924226327253418e-05,316.227783203125
5573.858171353831,-3.0179811888979627e-05,316.227783203125
5575.238088608694,4.331343736384795e-05,316.227783203125
5576.618005863557,8.894339111969497e-05,316.227783203125
5577.997923118421,0.00015019332123830144,316.227783203125
5579.377840373284,0.00020911324403886065,316.227783203125
5580.757757628147,0.0001818437848937291,316.227783203125
5582.137674883011,0.00015669925165411394,316.227783203125
5583.517592137874,0.00012524114669636675,316.227783203125
5584.897509392737,-2.1834230199165375e-05,316.227783203125
5586.277426647601,-0.0003064502747655573,316.227783203125
5587.657343902464,-0.0005334787228637068,316.227783203125
5589.0372611573275,-0.0004940719490475129,316.227783203125
5590.417178412191,-0.00028563379699560014,316.227783203125
5591.797095667054,-0.00013826619710575506,316.227783203125
5593.177012921918,-0.00012312586150900126,316.227783203125
5594.556930176781,-5.440773347213136e-05,316.227783203125
5595.936847431644,5.119196129852767e-05,316.227783203125
5597.316764686508,-1.7313233006271966e-07,316.227783203125
5598.696681941371,-0.00019476331374047862,316.227783203125
5600.076599196234,-0.0003449968128663855,316.227783203125
5601.456516451098,-0.0004330702023596419,316.227783203125
5602.836433705961,-0.000358393373885239,316.227783203125
5604.2163509608245,-8.603322766664694e-05,316.227783203125
5605.596268215688,0.0001772779257444724,316.227783203125
5606.97618547055,0.0002981347289835873,316.227783203125
5608.3561027254145,0.00028508478862624906,316.227783203125
5609.736019980277,0.0002819970108361349,316.227783203125
5611.115937235141,0.0003074004389971921,316.227783203125
5612.495854490004,0.00022172978645357971,316.227783203125
5613.875771744868,-0.00010685310718149162,316.227783203125
5615.25568899973,-0.00041878638558149293,316.227783203125
5616.635606254595,-0.0003503924322061473,316.227783203125
5618.015523509457,-0.0001207644056670544,316.227783203125
5619.395440764321,-2.7820255416241557e-06,316.227783203125
5620.775358019184,6.353953295775393e-05,316.227783203125
5622.155275274048,3.776967849873636e-05,316.227783203125
5623.535192528911,-0.00011044545696059158,316.227783203125
5624.915109783775,-0.00021863421620039493,316.227783203125
5626.295027038637,-0.00013049150049840134,316.227783203125
5627.6749442935015,5.99603601183895e-05,316.227783203125
5629.054861548364,0.00023427334727127783,316.227783203125
5630.434778803228,0.0003219760590959589,316.227783203125
5631.814696058091,0.00029712254153621553,316.227783203125
5633.194613312955,0.00019151106288441827,316.227783203125
5634.574530567817,6.78636078168815e-05,316.227783203125
5635.954447822682,-5.3545830065834105e-05,316.227783203125
5637.334365077544,-0.00011905356300858164,316.227783203125
5638.7142823324075,-8.959215283775752e-05,316.227783203125
5640.094199587271,-0.00010488450859899578,316.227783203125
5641.474116842134,-0.00012261356034504352,316.227783203125
5642.854034096998,-7.806750361460599e-05,316.227783203125
5644.233951351861,-1.4602908396220068e-05,316.227783203125
5645.613868606724,4.052757855969001e-05,316.227783203125
5646.993785861588,7.726830642064593e-05,316.227783203125
5648.373703116451,8.525910236253063e-05,316.227783203125
5649.753620371314,8.655532123059972e-05,316.227783203125
5651.133537626178,0.00010156053634800648,316.227783203125
5652.513454881041,0.00012562372062347414,316.227783203125
5653.893372135904,6.214937657640814e-05,316.227783203125
5655.273289390768,-7.229516590561737e-05,316.227783203125
5656.653206645631,-0.00027763840741963815,316.227783203125
5658.0331239004945,-0.00048767228788966846,316.227783203125
5659.413041155358,-0.00045142011753529325,316.227783203125
5660.792958410221,-0.0003144039311512876,316.227783203125
5662.172875665085,-0.00022943481113396787,316.227783203125
5663.552792919948,-0.00011804604364255497,316.227783203125
5664.932710174811,-6.263143186059639e-06,316.227783203125
5666.312627429675,-1.5312519149716236e-05,316.227783203125
5667.692544684538,-8.892046597370161e-05,316.227783203125
5669.072461939401,-9.907878035812952e-05,316.227783203125
5670.452379194265,-2.4523417489768704e-05,316.227783203125
5671.832296449128,8.928923508213886e-05,316.227783203125
5673.212213703991,0.00018035540526033927,316.227783203125
5674.592130958855,0.0002015843193497735,316.227783203125
5675.972048213718,0.00018790280908156758,316.227783203125
5677.3519654685815,0.0001502224796385062,316.227783203125
5678.731882723445,0.00011884790714971998,316.227783203125
5680.111799978308,8.174034448029353e-05,316.227783203125
5681.491717233172,-7.958599062777433e-06,316.227783203125
5682.871634488035,-0.00010875928240744633,316.227783203125
5684.251551742898,-9.178108352125847e-05,316.227783203125
5685.631468997762,-9.762989917466366e-05,316.227783203125
5687.011386252625,-0.00013662938831048195,316.227783203125
5688.391303507488,-9.652887630430713e-05,316.227783203125
5689.771220762352,2.439592332643785e-05,316.227783203125
5691.151138017215,0.0001418708770298885,316.227783203125
5692.531055272078,0.00019467297303428152,316.227783203125
5693.910972526942,0.00018754703914986015,316.227783203125
5695.290889781805,0.00014327258154035218,316.227783203125
5696.6708070366685,9.480074244261338e-05,316.227783203125
5698.050724291532,3.0216533542303664e-05,316.227783203125
5699.430641546395,-3.26764119784901e-05,316.227783203125
5700.810558801259,-9.461111795458672e-05,316.227783203125
5702.190476056122,-0.00012108246946324758,316.227783203125
5703.570393310985,-7.086800814088898e-05,316.227783203125
5704.950310565849,-0.00010382558113588604,316.227783203125
5706.330227820712,-0.00023267125364105114,316.227783203125
5707.710145075575,-0.0004034668987559515,316.227783203125
5709.090062330439,-0.0005228259005447353,316.227783203125
5710.469979585302,-0.0004940886796306419,316.227783203125
5711.8498968401655,-0.0003057636059006479,316.227783203125
5713.229814095029,-8.984593197610899e-05,316.227783203125
5714.609731349892,4.1863595835306064e-05,316.227783203125
5715.9896486047555,8.823077231338156e-05,316.227783203125
5717.369565859619,0.00011082126378017705,316.227783203125
5718.749483114482,0.00011746827036659795,316.227783203125
5720.129400369346,0.00016428133474109298,316.227783203125
5721.509317624209,0.0002293823800893647,316.227783203125
5722.889234879072,0.0002534124508445264,316.227783203125
5724.269152133936,0.00021579838767468197,316.227783203125
5725.649069388799,0.0001081617071975547,316.227783203125
5727.028986643662,5.213725853184595e-05,316.227783203125
5728.408903898526,5.931487884295629e-05,316.227783203125
5729.788821153389,3.6558107925082836e-05,316.227783203125
5731.1687384082525,-2.163691352193714e-06,316.227783203125
5732.548655663115,3.263089490265075e-05,316.227783203125
5733.928572917979,0.00013279500068531618,316.227783203125
5735.308490172842,0.00016162239142782954,316.227783203125
5736.688407427706,0.00013873601855815716,316.227783203125
5738.068324682568,9.269074103506088e-05,316.227783203125
5739.448241937433,4.217138895775199e-05,316.227783203125
5740.828159192295,5.733999503477333e-06,316.227783203125
5742.208076447159,-4.910088833657775e-06,316.227783203125
5743.587993702022,4.1274870200431676e-05,316.227783203125
5744.967910956886,8.69683034977111e-05,316.227783203125
5746.3478282117485,6.533119217666007e-05,316.227783203125
5747.727745466613,9.171703846008045e-06,316.227783203125
5749.107662721475,1.97484989065827e-05,316.227783203125
5750.4875799763395,4.51927058075334e-05,316.227783203125
5751.867497231202,5.3798599611906e-06,316.227783203125
5753.247414486066,-2.08236592388715e-05,316.227783203125
5754.627331740929,4.854618327794838e-05,316.227783203125
5756.007248995793,0.0001807829523765847,316.227783203125
5757.387166250655,0.0002453271924870194,316.227783203125
5758.76708350552,0.00014143396368298915,316.227783203125
5760.147000760382,-6.259568130228578e-05,316.227783203125
5761.526918015246,-0.0002154051708463528,316.227783203125
5762.906835270109,-0.00022315960569344213,316.227783203125
5764.286752524972,-4.3255156561587335e-05,316.227783203125
5765.6666697798355,0.0001403272612120962,316.227783203125
5767.046587034699,0.00018081312489475095,316.227783203125
5768.426504289562,0.0001575532552848674,316.227783203125
5769.806421544426,9.42815431349605e-05,316.227783203125
5771.186338799289,1.2252446094030561e-05,316.227783203125
5772.566256054152,-2.2973894884079082e-05,316.227783203125
5773.946173309016,-5.4656310411351286e-05,316.227783203125
5775.326090563879,-1.0774301146982204e-05,316.227783203125
5776.706007818742,2.9672438073048008e-05,316.227783203125
5778.085925073606,-5.741758924975027e-05,316.227783203125
5779.465842328469,-0.00028558794367561716,316.227783203125
5780.845759583332,-0.0005004909549817804,316.227783203125
5782.225676838196,-0.000551024875860253,316.227783203125
5783.605594093059,-0.0004815365887715535,316.227783203125
5784.9855113479225,-0.0003705846438392061,316.227783203125
5786.365428602786,-0.00020973686717009644,316.227783203125
5787.745345857649,-7.042437181612425e-05,316.227783203125
5789.125263112513,-1.7906408285261327e-05,316.227783203125
5790.505180367376,-5.050836599233485e-05,316.227783203125
5791.885097622239,-7.18899590073617e-05,316.227783203125
5793.265014877103,-3.481717065382216e-05,316.227783203125
5794.644932131966,-1.3340968359759273e-05,316.227783203125
5796.024849386829,-7.452456950512824e-05,316.227783203125
5797.404766641693,-0.00015311832408404329,316.227783203125
5798.784683896556,-0.00010098947689953994,316.227783203125
5800.164601151419,6.606031585732787e-05,316.227783203125
5801.544518406283,0.00014157095678368238,316.227783203125
5802.924435661146,4.678557784264237e-05,316.227783203125
5804.3043529160095,-9.763664873717152e-05,316.227783203125
5805.684270170873,-0.00016232066897893006,316.227783203125
5807.064187425736,-0.00011070598310178661,316.227783203125
5808.4441046806,-3.639880066006254e-05,316.227783203125
5809.824021935463,9.21256992046128e-06,316.227783203125
5811.203939190326,5.3426820279088225e-05,316.227783203125
5812.58385644519,1.5686017549920717e-05,316.227783203125
5813.963773700053,-6.041256835171392e-05,316.227783203125
5815.343690954916,-0.0001318013351747152,316.227783203125
5816.72360820978,-0.00015365810807468384,316.227783203125
5818.103525464643,-2.0213698727346643e-05,316.227783203125
5819.4834427195065,0.00011216500552574046,316.227783203125
5820.86335997437,0.00013726461538899302,316.227783203125
5822.243277229233,8.932536932695738e-05,316.227783203125
5823.6231944840965,4.6053071237710935e-05,316.227783203125
5825.00311173896,5.5866976138614285e-05,316.227783203125
5826.383028993823,8.138060334030549e-05,316.227783203125
5827.762946248687,0.00010140982092309882,316.227783203125
5829.14286350355,0.00011448972735219297,316.227783203125
5830.522780758413,0.00010730132544986039,316.227783203125
5831.902698013277,7.003389223774609e-05,316.227783203125
5833.28261526814,2.686751660535211e-05,316.227783203125
5834.662532523003,2.074530985282999e-06,316.227783203125
5836.042449777867,-2.074530985282999e-06,316.227783203125
5837.42236703273,1.3254251159649372e-05,316.227783203125
5838.8022842875935,3.454128392287904e-05,316.227783203125
5840.182201542457,6.81741094579625e-05,316.227783203125
5841.56211879732,9.251658822888136e-05,316.227783203125
5842.9420360521835,9.773700132727214e-05,316.227783203125
5844.321953307047,8.144514659801094e-05,316.227783203125
5845.70187056191,2.873904109489296e-05,316.227783203125
5847.081787816774,-2.3070529662947217e-05,316.227783203125
5848.461705071637,-2.1004122303359962e-05,316.227783203125
5849.841622326499,-4.5921813421508084e-07,316.227783203125
5851.221539581364,-6.086578420344199e-05,316.227783203125
5852.601456836226,-0.000156442320210861,316.227783203125
5853.98137409109,-0.00021927468745833179,316.227783203125
5855.361291345953,-0.00026622003234210573,316.227783203125
5856.741208600817,-0.0003309163723901158,316.227783203125
5858.12112585568,-0.0003178549336986924,316.227783203125
5859.501043110544,-0.00022454187635643705,316.227783203125
5860.880960365406,-8.985056004537362e-05,316.227783203125
5862.260877620271,-1.5510676374629745e-05,316.227783203125
5863.640794875133,2.7149714449392626e-06,316.227783203125
5865.020712129997,-2.528365997634882e-06,316.227783203125
5866.40062938486,-8.693080006392725e-06,316.227783203125
5867.780546639724,2.777276689760501e-05,316.227783203125
5869.160463894586,0.00010231081248785259,316.227783203125
5870.540381149451,0.00022936131575567419,316.227783203125
5871.920298404313,0.0005077805411100762,316.227783203125
5873.300215659177,0.0013587477890974371,316.227783203125
5874.68013291404,0.002542413913977918,316.227783203125
5876.060050168904,0.0028315975986770194,316.227783203125
5877.439967423767,0.0018728924296545022,316.227783203125
5878.819884678631,0.0007020238265417703,316.227783203125
5880.199801933493,0.0001897753030044337,316.227783203125
5881.579719188358,0.00016051667109939424,316.227783203125
5882.95963644322,0.00022866324781025543,316.227783203125
5884.339553698084,0.00030420308879417976,316.227783203125
5885.719470952947,0.0002841215348070164,316.227783203125
5887.099388207811,2.4498804049408185e-05,316.227783203125
5888.479305462673,-0.0004079565692396564,316.227783203125
5889.859222717538,-0.0006303864862994574,316.227783203125
5891.2391399724,-0.0004326048890337473,316.227783203125
5892.619057227264,-0.00013077438623440747,316.227783203125
5893.998974482127,-0.00011793804444545919,316.227783203125
5895.378891736991,-0.0002497615091579704,316.227783203125
5896.758808991854,-0.00018807459655043046,316.227783203125
5898.138726246718,7.996226103094625e-05,316.227783203125
5899.51864350158,0.00030713110175205165,316.227783203125
5900.898560756445,0.0003687024630268567,316.227783203125
5902.278478011307,0.000327251688914865,316.227783203125
5903.658395266171,0.00022430277214657499,316.227783203125
5905.038312521034,0.00013859984453798435,316.227783203125
5906.418229775897,0.00010952749242613621,316.227783203125
5907.79814703076,0.00011519310036584539,316.227783203125
5909.178064285624,0.00013942223832900946,316.227783203125
5910.557981540487,0.00013397109645460308,316.227783203125
5911.9378987953505,6.741022743862388e-05,316.227783203125
5913.317816050214,-6.22068321530448e-05,316.227783203125
5914.697733305077,-0.00016323175733296523,316.227783203125
5916.077650559941,-0.00013009461992667497,316.227783203125
5917.457567814804,-2.1546598315684215e-05,316.227783203125
5918.837485069667,7.100207376661664e-05,316.227783203125
5920.217402324531,0.00010023445650853696,316.227783203125
5921.597319579394,0.00010743021277210586,316.227783203125
5922.977236834257,0.00012125711846669614,316.227783203125
5924.357154089121,0.00012330828901822855,316.227783203125
5925.737071343984,0.00011850949017986993,316.227783203125
5927.1169885988475,6.157700269708924e-05,316.227783203125
5928.496905853711,-3.8578595063874094e-05,316.227783203125
5929.876823108574,-7.61865369405118e-05,316.227783203125
5931.2567403634375,-9.140221193490103e-06,316.227783203125
5932.636657618301,1.5203520317348326e-05,316.227783203125
5934.016574873164,-3.250140326918442e-05,316.227783203125
5935.396492128028,6.605931332361731e-06,316.227783203125
5936.776409382891,9.681403608153248e-05,316.227783203125
5938.156326637754,0.0001385320421278969,316.227783203125
5939.536243892618,9.074607957620766e-05,316.227783203125
5940.916161147481,5.237514312668792e-06,316.227783203125
5942.296078402344,1.0533680354652894e-05,316.227783203125
5943.675995657208,8.220632776958017e-05,316.227783203125
5945.055912912071,0.00012644052872371435,316.227783203125
5946.4358301669345,0.00011136956325442753,316.227783203125
5947.815747421798,1.4630364245872898e-05,316.227783203125
5949.195664676661,-4.493713951631874e-05,316.227783203125
5950.5755819315245,-4.385458917920311e-05,316.227783203125
5951.955499186388,-2.3752279255702044e-05,316.227783203125
5953.335416441251,-2.9257211737940964e-05,316.227783203125
5954.715333696115,-2.7683256333031758e-05,316.227783203125
5956.095250950978,-8.825436323810915e-06,316.227783203125
5957.475168205841,-1.977382964618926e-05,316.227783203125
5958.855085460705,4.080827114260645e-05,316.227783203125
5960.235002715568,0.00014395584836231386,316.227783203125
5961.614919970431,0.00019141178067797436,316.227783203125
5962.994837225295,0.0001422404276200974,316.227783203125
5964.374754480158,3.901909617732083e-05,316.227783203125
5965.7546717350215,2.890799522999553e-05,316.227783203125
5967.134588989885,6.452290715993833e-05,316.227783203125
5968.514506244748,0.00010750196307540358,316.227783203125
5969.894423499611,0.00016855234137836718,316.227783203125
5971.274340754475,0.00018251269951676495,316.227783203125
5972.654258009337,0.0001587814030182457,316.227783203125
5974.034175264202,7.738435614529013e-05,316.227783203125
5975.414092519064,-1.2441841824337857e-05,316.227783203125
5976.794009773928,-7.060902027678125e-05,316.227783203125
5978.173927028791,1.6511586932010242e-06,316.227783203125
5979.553844283655,0.00010706596528533771,316.227783203125
5980.9337615385175,8.852027417011014e-05,316.227783203125
5982.313678793382,-2.755131677936555e-05,316.227783203125
5983.693596048244,-0.0001355237021924971,316.227783203125
5985.0735133031085,-0.000137478623804135,316.227783203125
5986.453430557971,-8.807345013696864e-05,316.227783203125
5987.833347812835,1.943463522282099e-06,316.227783203125
5989.213265067698,2.3914346048547336e-05,316.227783203125
5990.593182322562,2.9138686060772162e-05,316.227783203125
5991.973099577424,5.6955092479760855e-05,316.227783203125
5993.353016832289,9.153785478236906e-05,316.227783203125
5994.732934087151,0.00010129992386338944,316.227783203125
5996.112851342015,5.7310689352808863e-05,316.227783203125
5997.492768596878,3.953818510961382e-08,316.227783203125
5998.872685851742,1.5769376625791864e-06,316.227783203125
6000.2526031066045,4.8084162511622536e-06,316.227783203125
6001.632520361469,1.9597626504195415e-06,316.227783203125
6003.012437616331,-1.8059320836564738e-05,316.227783203125
6004.3923548711955,-5.602148087265231e-05,316.227783203125
6005.772272126058,-0.00011836980481758248,316.227783203125
6007.152189380922,-0.00022051938993201958,316.227783203125
6008.532106635785,-0.0002117735285961514,316.227783203125
6009.912023890649,-9.719525148362516e-05,316.227783203125
6011.291941145511,-6.684330079873013e-05,316.227783203125
6012.671858400376,-0.0001042063608474135,316.227783203125
6014.051775655238,-9.112309981979504e-05,316.227783203125
6015.431692910102,-0.00011278478982620563,316.227783203125
6016.811610164965,-0.00013378739295093547,316.227783203125
6018.191527419829,-0.00015614897096651037,316.227783203125
6019.5714446746915,-0.00018766817092860655,316.227783203125
6020.951361929556,-0.00023301065148338337,316.227783203125
6022.331279184418,-0.0002314136391057993,316.227783203125
6023.7111964392825,-0.00018548977415975935,316.227783203125
6025.091113694145,-0.00011345351345523266,316.227783203125
6026.471030949009,-6.441139490855757e-05,316.227783203125
6027.850948203872,-2.876113075464537e-06,316.227783203125
6029.230865458736,3.473226780041812e-05,316.227783203125
6030.610782713598,5.384686609838894e-05,316.227783203125
6031.990699968462,5.16911335178491e-05,316.227783203125
6033.370617223325,6.779569733170177e-05,316.227783203125
6034.7505344781885,8.586775868806712e-05,316.227783203125
6036.130451733052,9.341234230274623e-05,316.227783203125
6037.510368987915,9.159356988138086e-05,316.227783203125
6038.8902862427785,5.543204824051337e-05,316.227783203125
6040.270203497642,-8.081408021698086e-06,316.227783203125
6041.650120752505,-3.1134535254178156e-05,316.227783203125
6043.030038007369,-5.349242913028213e-06,316.227783203125
6044.409955262232,5.998321182418623e-05,316.227783203125
6045.789872517095,0.00011121263600839294,316.227783203125
6047.169789771959,0.00012609512708863617,316.227783203125
6048.549707026822,0.00012237864991644642,316.227783203125
6049.929624281685,0.00010287710653463476,316.227783203125
6051.309541536549,8.08947815494291e-05,316.227783203125
6052.689458791412,1.792399740920686e-05,316.227783203125
6054.0693760462755,-3.674802350966955e-05,316.227783203125
6055.449293301139,-6.0320840023891584e-05,316.227783203125
6056.829210556002,-4.277529870956413e-05,316.227783203125
6058.2091278108655,3.9886803932621256e-05,316.227783203125
6059.589045065729,0.00011344674876766388,316.227783203125
6060.968962320592,0.0001151344423941103,316.227783203125
6062.348879575456,2.124425704905057e-05,316.227783203125
6063.728796830319,-0.0001215418709014527,316.227783203125
6065.108714085182,-0.00018917688751973576,316.227783203125
6066.488631340046,-0.00010965953361117241,316.227783203125
6067.868548594909,5.403504496168457e-05,316.227783203125
6069.248465849772,0.00017752156667979156,316.227783203125
6070.628383104636,0.00020996086593899448,316.227783203125
6072.008300359499,0.00021642242188541806,316.227783203125
6073.3882176143625,0.00020443700584824032,316.227783203125
6074.768134869226,0.0001781553913613454,316.227783203125
6076.148052124089,0.00010116519855382991,316.227783203125
6077.527969378953,1.2019052404159403e-05,316.227783203125
6078.907886633816,-4.3200022233579743e-05,316.227783203125
6080.287803888679,-6.42869226005656e-05,316.227783203125
6081.667721143543,-4.924972997613283e-05,316.227783203125
6083.047638398406,-5.857084878851948e-05,316.227783203125
6084.427555653269,-3.822024940296383e-05,316.227783203125
6085.807472908133,2.4921046093535903e-05,316.227783203125
6087.187390162996,5.872252932351621e-05,316.227783203125
6088.567307417859,2.2886744332600503e-05,316.227783203125
6089.947224672723,-4.325004749935156e-05,316.227783203125
6091.327141927586,-6.140523274771569e-05,316.227783203125
6092.7070591824495,-2.7857700908236888e-05,316.227783203125
6094.086976437313,2.8019784917782467e-05,316.227783203125
6095.466893692175,7.813820166496614e-05,316.227783203125
6096.84681094704,0.00010278094854235253,316.227783203125
6098.226728201902,0.00011279592808694124,316.227783203125
6099.606645456766,3.135927134737329e-05,316.227783203125
6100.986562711629,-0.00016661610604308368,316.227783203125
6102.366479966493,-0.0003414699511443773,316.227783203125
6103.746397221355,-0.00032490362580633175,316.227783203125
6105.12631447622,-0.0001455370596720254,316.227783203125
6106.506231731082,-6.310392099036222e-07,316.227783203125
6107.886148985946,4.388108670925518e-05,316.227783203125
6109.266066240809,4.6653135547296276e-05,316.227783203125
6110.645983495673,5.231711170964118e-05,316.227783203125
6112.025900750536,5.06171805049211e-05,316.227783203125
6113.4058180054,6.442025895148085e-05,316.227783203125
6114.785735260262,9.271345142452397e-05,316.227783203125
6116.165652515127,0.00012143775540423944,316.227783203125
6117.545569769989,0.00012391307580908277,316.227783203125
6118.925487024853,2.216577832891628e-05,316.227783203125
6120.305404279716,-0.00013382096756174577,316.227783203125
6121.68532153458,-0.00024338081800934913,316.227783203125
6123.065238789442,-0.00017888928693209592,316.227783203125
6124.445156044307,-5.7729455908740734e-06,316.227783203125
6125.825073299169,5.1145089637641764e-05,316.227783203125
6127.204990554033,4.156559806614557e-05,316.227783203125
6128.584907808896,5.294316783075598e-05,316.227783203125
6129.96482506376,0.00012397129736260552,316.227783203125
6131.344742318623,0.00021093382875057333,316.227783203125
6132.724659573487,0.00020365722662976302,316.227783203125
6134.104576828349,-2.532825911262526e-06,316.227783203125
6135.484494083214,-0.0003526376877954016,316.227783203125
6136.864411338076,-0.0005636563511346847,316.227783203125
6138.24432859294,-0.000460820303945942,316.227783203125
6139.624245847803,-0.0002606660885526961,316.227783203125
6141.004163102667,-0.0001701908668463089,316.227783203125
6142.3840803575295,-9.827059220564316e-05,316.227783203125
6143.763997612394,3.5535858903314524e-05,316.227783203125
6145.143914867256,0.00012153978153852697,316.227783203125
6146.52383212212,8.571277996645942e-05,316.227783203125
6147.903749376983,-1.3691150696692675e-05,316.227783203125
6149.283666631847,-6.312634871344716e-05,316.227783203125
6150.66358388671,-2.5287818776720608e-05,316.227783203125
6152.043501141574,4.155736092206937e-05,316.227783203125
6153.423418396436,7.633970546211746e-05,316.227783203125
6154.803335651301,6.267700334715298e-05,316.227783203125
6156.183252906163,3.229040091457837e-05,316.227783203125
6157.563170161026,0.0,316.227783203125
6158.94308741589,-9.376013377293199e-05,316.227783203125
6160.323004670753,-0.00030293739388239337,316.227783203125
6161.7029219256165,-0.0005082427934107354,316.227783203125
6163.08283918048,-0.0005118115773190338,316.227783203125
6164.462756435343,-0.00030680632909792227,316.227783203125
6165.8426736902065,-0.00011497925781351823,316.227783203125
6167.22259094507,-9.940734362573131e-05,316.227783203125
6168.602508199933,-0.0002336060590182893,316.227783203125
6169.982425454797,-0.0002932240050138417,316.227783203125
6171.36234270966,-0.00019904746122668265,316.227783203125
6172.742259964523,-9.824931974411998e-05,316.227783203125
6174.122177219387,-4.182756815679714e-05,316.227783203125
6175.50209447425,-3.466913005526623e-05,316.227783203125
6176.882011729113,-2.3609492263767032e-05,316.227783203125
6178.261928983977,4.756942941011588e-07,316.227783203125
6179.64184623884,3.644051635205009e-05,316.227783203125
6181.0217634937035,0.00010255831725887107,316.227783203125
6182.401680748567,0.00014040325503729585,316.227783203125
6183.78159800343,0.00014866325662584064,316.227783203125
6185.161515258294,0.00010716995019690971,316.227783203125
6186.541432513157,1.6478507491063388e-05,316.227783203125
6187.92134976802,-7.910079681886124e-05,316.227783203125
6189.301267022884,-0.00017942900966637712,316.227783203125
6190.681184277747,-0.0002732361460539307,316.227783203125
6192.06110153261,-0.0002197243719053079,316.227783203125
6193.441018787474,-4.7979628754390644e-05,316.227783203125
6194.820936042337,0.00012741406553234275,316.227783203125
6196.2008532972,0.00019251618111073426,316.227783203125
6197.580770552064,0.000127068980524633,316.227783203125
6198.960687806927,1.4526335021455838e-06,316.227783203125
6200.3406050617905,-6.174017692217072e-05,316.227783203125
6201.720522316654,-1.6738924980623862e-05,316.227783203125
6203.100439571517,8.764416236944558e-05,316.227783203125
6204.480356826381,0.0001529984572426809,316.227783203125
6205.860274081244,0.00018342252436370256,316.227783203125
6207.240191336107,0.00020783134788031864,316.227783203125
6208.620108590971,0.00022666806883604555,316.227783203125
6210.000025845834,0.0001947066305744271,316.227783203125
6211.379943100697,8.258184725691564e-05,316.227783203125
6212.759860355561,-5.9016365735848134e-05,316.227783203125
6214.139777610424,-0.00014541717202319268,316.227783203125
6215.519694865287,-0.00014507343895769909,316.227783203125
6216.899612120151,-8.656463550565062e-05,316.227783203125
6218.279529375014,-4.131840537041111e-05,316.227783203125
6219.6594466298775,-2.9975805987217732e-05,316.227783203125
6221.03936388474,-6.703379786214894e-06,316.227783203125
6222.419281139604,5.902985878688573e-05,316.227783203125
6223.799198394467,0.00011274031764504922,316.227783203125
6225.179115649331,0.0001479251919444726,316.227783203125
6226.559032904193,0.0001565432669380206,316.227783203125
6227.938950159058,2.1598356901932764e-05,316.227783203125
6229.31886741392,-0.0001788815529902947,316.227783203125
6230.698784668784,-0.00027453782012813385,316.227783203125
6232.078701923647,-0.0002003961128730549,316.227783203125
6233.458619178511,-8.59062528137805e-07,316.227783203125
6234.8385364333735,0.00016383831088733966,316.227783203125
6236.218453688238,0.00018401869430721002,316.227783203125
6237.5983709431,6.883641511921251e-05,316.227783203125
6238.9782881979645,-6.832666385547283e-05,316.227783203125
6240.358205452827,-0.00014316474410557174,316.227783203125
6241.738122707691,-0.0001782576174052964,316.227783203125
6243.118039962554,-0.00022055600550292993,316.227783203125
6244.497957217418,-0.0002535374319348957,316.227783203125
6245.87787447228,-0.00023031566089174067,316.227783203125
6247.257791727145,-0.00012407961163380526,316.227783203125
6248.637708982007,2.2209498422073176e-06,316.227783203125
6250.017626236871,4.472729760478765e-05,316.227783203125
6251.397543491734,-7.159129618574019e-05,316.227783203125
6252.777460746598,-0.00022194526925574387,316.227783203125
6254.1573780014605,-0.00027285549914394906,316.227783203125
6255.537295256325,-0.00029534085710172624,316.227783203125
6256.917212511187,-0.0003104537100884451,316.227783203125
6258.2971297660515,-0.00028509306816752907,316.227783203125
6259.677047020914,-0.00018045428536953706,316.227783203125
6261.056964275778,-6.71844444426542e-06,316.227783203125
6262.436881530641,7.178639310517244e-05,316.227783203125
6263.816798785505,5.4659874985067344e-05,316.227783203125
6265.196716040367,2.602940274710336e-05,316.227783203125
6266.576633295232,4.334001651645769e-06,316.227783203125
6267.956550550094,-2.6094363293869757e-05,316.227783203125
6269.336467804958,-3.0995852806647156e-05,316.227783203125
6270.716385059821,-5.439578166534925e-06,316.227783203125
6272.096302314685,3.33955285323987e-05,316.227783203125
6273.4762195695475,6.464376800071649e-05,316.227783203125
6274.856136824412,7.509594013646592e-05,316.227783203125
6276.236054079274,5.623383377661474e-05,316.227783203125
6277.6159713341385,-1.6927604788576772e-05,316.227783203125
6278.995888589001,-0.00014584708354908708,316.227783203125
6280.375805843865,-0.00028938698272854,316.227783203125
6281.755723098728,-0.00036845301499891826,316.227783203125
6283.135640353591,-0.00034530472372154043,316.227783203125
6284.515557608454,-0.00028159905991399434,316.227783203125
6285.895474863318,-0.00016501841989872458,316.227783203125
6287.275392118181,-2.955688140281361e-05,316.227783203125
6288.6553093730445,7.088840633294805e-05,316.227783203125
6290.035226627908,6.804022533841818e-05,316.227783203125
6291.415143882771,1.9836568548215958e-05,316.227783203125
6292.795061137635,3.0328035067766004e-05,316.227783203125
6294.174978392498,8.024751710481413e-05,316.227783203125
6295.554895647361,0.0002004327694427495,316.227783203125
6296.934812902225,0.0007025608076477834,316.227783203125
6298.314730157088,0.0017255558500232394,316.227783203125
6299.694647411951,0.0026058004850288852,316.227783203125
6301.074564666815,0.002488846181675327,316.227783203125
6302.454481921678,0.001495653648750827,316.227783203125
6303.834399176541,0.0005411457142286257,316.227783203125
6305.214316431405,0.00015120468260120673,316.227783203125
6306.594233686268,0.00012154439408200955,316.227783203125
6307.9741509411315,0.0001626569789279185,316.227783203125
6309.354068195995,0.00019544840291852404,316.227783203125
6310.733985450858,0.00021116889227026057,316.227783203125
6312.113902705722,0.00019797824891062965,316.227783203125
6313.493819960585,9.705816454390857e-05,316.227783203125
6314.873737215448,-6.580762010176093e-05,316.227783203125
6316.253654470312,-0.00023945680976064122,316.227783203125
6317.633571725175,-0.0003099127682516436,316.227783203125
6319.013488980038,-0.00025707136289078274,316.227783203125
6320.393406234902,-0.00013241597663236557,316.227783203125
6321.773323489765,-2.218744885307787e-05,316.227783203125
6323.153240744628,5.4909138781724515e-05,316.227783203125
6324.533157999492,9.578930207385615e-05,316.227783203125
6325.913075254355,0.00010011907682081454,316.227783203125
6327.2929925092185,8.559257130554172e-05,316.227783203125
6328.672909764082,7.880971540497918e-05,316.227783203125
6330.052827018945,0.00011378875540330423,316.227783203125
6331.432744273809,0.00013149361420962576,316.227783203125
6332.812661528672,6.911679294836423e-05,316.227783203125
6334.192578783535,-6.008257225460778e-05,316.227783203125
6335.572496038399,-0.00019647854596984045,316.227783203125
6336.952413293262,-0.00020679887843127152,316.227783203125
6338.332330548125,-9.74263801702055e-05,316.227783203125
6339.712247802989,4.4299021836356756e-05,316.227783203125
6341.092165057852,9.15974476642864e-05,316.227783203125
6342.472082312715,2.204080848776553e-05,316.227783203125
6343.851999567579,-7.769097448760177e-05,316.227783203125
6345.231916822442,-9.956553356076439e-05,316.227783203125
6346.611834077305,-2.05898423272545e-05,316.227783203125
6347.991751332169,7.123445517847639e-05,316.227783203125
6349.371668587031,0.00014407682984606332,316.227783203125
6350.751585841896,0.0001903676814996036,316.227783203125
6352.131503096758,0.00016877664568517095,316.227783203125
6353.511420351622,0.000106560456595765,316.227783203125
6354.891337606485,4.132401297172496e-05,316.227783203125
6356.271254861349,-8.747253010806672e-06,316.227783203125
6357.6511721162115,-5.620354578004562e-05,316.227783203125
6359.031089371076,-8.216167211389652e-05,316.227783203125
6360.411006625938,4.5796230945442315e-05,316.227783203125
6361.790923880802,0.0003935650615673695,316.227783203125
6363.170841135665,0.0007819752456978881,316.227783203125
6364.550758390529,0.0008560404112129046,316.227783203125
6365.930675645392,0.000578655022443161,316.227783203125
6367.310592900256,0.00029670868729522216,316.227783203125
6368.690510155118,0.00016703641438574855,316.227783203125
6370.070427409983,0.00013750646046015343,316.227783203125
6371.450344664845,0.0001469166600274463,316.227783203125
6372.830261919709,0.00016000579558709226,316.227783203125
6374.210179174572,0.00017315099413029236,316.227783203125
6375.590096429436,0.00017918384706344138,316.227783203125
6376.9700136842985,0.00013453229278272312,316.227783203125
6378.349930939163,6.644113382772883e-05,316.227783203125
6379.729848194025,2.7084821359770264e-05,316.227783203125
6381.109765448889,3.3496990446231154e-05,316.227783203125
6382.489682703752,5.529911193213194e-05,316.227783203125
6383.869599958616,6.922068015197125e-05,316.227783203125
6385.249517213479,9.775608865416306e-05,316.227783203125
6386.629434468343,0.00013241597663236557,316.227783203125
6388.009351723205,0.00015108348177465987,316.227783203125
6389.38926897807,0.00012799024100763022,316.227783203125
6390.769186232932,3.47832864060222e-05,316.227783203125
6392.149103487796,-0.00010982528021667888,316.227783203125
6393.529020742659,-0.00016956547926899775,316.227783203125
6394.908937997523,-6.306743938939464e-05,316.227783203125
6396.2888552523855,5.728696638394003e-05,316.227783203125
6397.66877250725,2.5430890482040433e-05,316.227783203125
6399.048689762112,-0.00010246041260570521,316.227783203125
6400.4286070169765,-0.00015442474418005635,316.227783203125
6401.808524271839,-4.236773565140413e-05,316.227783203125
6403.188441526703,0.00011973075330241889,316.227783203125
6404.568358781566,0.00019016424185203107,316.227783203125
6405.94827603643,0.00012232928649475935,316.227783203125
6407.328193291292,2.8429465093425532e-06,316.227783203125
6408.708110546156,-5.054120430517291e-05,316.227783203125
6410.088027801019,-8.191939123969663e-05,316.227783203125
6411.467945055882,-7.264771995830512e-05,316.227783203125
6412.847862310746,-3.405087543820358e-05,316.227783203125
6414.227779565609,-3.3634788258445764e-06,316.227783203125
6415.6076968204725,1.770920561618844e-05,316.227783203125
6416.987614075336,1.295004014212689e-06,316.227783203125
6418.367531330199,-8.689379616493714e-05,316.227783203125
6419.747448585063,-0.00017491693711528013,316.227783203125
6421.127365839926,-0.00017345180929357294,316.227783203125
6422.507283094789,-5.9839497286650126e-05,316.227783203125
6423.887200349653,8.986788376508584e-05,316.227783203125
6425.267117604516,0.0001776056714932646,316.227783203125
6426.647034859379,0.0001851342250505112,316.227783203125
6428.026952114243,0.00010317529083979024,316.227783203125
6429.406869369106,-7.340501192073905e-05,316.227783203125
6430.786786623969,-0.00022210042272941856,316.227783203125
6432.166703878833,-0.0001893946498720666,316.227783203125
6433.546621133696,-4.9001870057149496e-05,316.227783203125
6434.9265383885595,4.040064773887936e-05,316.227783203125
6436.306455643423,0.0,316.227783203125
6437.686372898286,-0.00010360188350856496,316.227783203125
6439.06629015315,-0.00014165046529804153,316.227783203125
6440.446207408013,-5.543193522929493e-05,316.227783203125
6441.826124662876,9.173625788090264e-05,316.227783203125
6443.20604191774,0.0001959586065688728,316.227783203125
6444.585959172603,0.00022228616398604385,316.227783203125
6445.965876427466,0.00018416979486053815,316.227783203125
6447.34579368233,2.8122482124401382e-05,316.227783203125
6448.725710937193,-0.00021319327529413339,316.227783203125
6450.105628192056,-0.0003456369768729591,316.227783203125
6451.48554544692,-0.00024551501947669627,316.227783203125
6452.865462701783,-9.290130919222504e-05,316.227783203125
6454.2453799566465,-0.00010037071826425777,316.227783203125
6455.62529721151,-0.00015298176198430373,316.227783203125
6457.005214466373,-0.00010016698337235973,316.227783203125
6458.385131721237,3.1858901708252396e-06,316.227783203125
6459.7650489761,7.733487983850595e-08,316.227783203125
6461.144966230963,-0.00013925579287091087,316.227783203125
6462.524883485827,-0.0002711738615753193,316.227783203125
6463.90480074069,-0.0002369936698200549,316.227783203125
6465.284717995553,-6.375322056183415e-05,316.227783203125
6466.664635250417,8.216540044010158e-05,316.227783203125
6468.04455250528,8.773766123155828e-05,316.227783203125
6469.424469760143,9.335168084262727e-06,316.227783203125
6470.804387015007,-7.905968942552473e-05,316.227783203125
6472.184304269869,-7.682840704995378e-05,316.227783203125
6473.5642215247335,-2.370261124726332e-05,316.227783203125
6474.944138779596,1.2277192261815617e-05,316.227783203125
6476.32405603446,5.359344758421557e-05,316.227783203125
6477.703973289323,8.955625109780853e-05,316.227783203125
6479.083890544187,6.475491876509025e-05,316.227783203125
6480.463807799049,-3.521766982663224e-05,316.227783203125
6481.843725053914,-0.00013826245164305813,316.227783203125
6483.223642308776,-0.00014569767607973058,316.227783203125
6484.60355956364,-3.559850903569507e-05,316.227783203125
6485.983476818503,9.365446206324388e-05,316.227783203125
6487.363394073367,0.0001513100301355954,316.227783203125
6488.7433113282295,0.0001327834482069811,316.227783203125
6490.123228583094,1.4596888680676323e-05,316.227783203125
6491.503145837956,-0.0001808911343884629,316.227783203125
6492.8830630928205,-0.0004624947065697306,316.227783203125
6494.262980347683,-0.0007350475053751575,316.227783203125
6495.642897602547,-0.0008576344084727846,316.227783203125
6497.02281485741,-0.000782145777163042,316.227783203125
6498.402732112274,-0.0005697561070053484,316.227783203125
6499.782649367136,-0.0003281612361649231,316.227783203125
6501.162566622001,-0.00012165634403275144,316.227783203125
6502.542483876863,2.545373361942209e-05,316.227783203125
6503.922401131727,9.79767677553884e-05,316.227783203125
6505.30231838659,0.00010700495722002108,316.227783203125
6506.682235641454,8.495096964848334e-05,316.227783203125
6508.062152896317,5.889829014595234e-05,316.227783203125
6509.442070151181,5.051724335135635e-05,316.227783203125
6510.821987406043,6.128412231510942e-05,316.227783203125
6512.2019046609075,6.889739226888757e-05,316.227783203125
6513.58182191577,3.7293125516970824e-05,316.227783203125
6514.961739170634,-3.6681925267062834e-05,316.227783203125
6516.341656425497,-0.00011975642167951113,316.227783203125
6517.721573680361,-0.00016214630246164444,316.227783203125
6519.101490935223,-0.00012100857330573853,316.227783203125
6520.481408190088,-3.845373562606953e-05,316.227783203125
6521.86132544495,3.254347900320115e-05,316.227783203125
6523.241242699814,6.346030507897553e-05,316.227783203125
6524.621159954677,1.5276466121299376e-05,316.227783203125
6526.001077209541,-5.852700936579032e-05,316.227783203125
6527.380994464404,-9.570257980287197e-05,316.227783203125
6528.760911719268,-9.741891240430157e-05,316.227783203125
6530.14082897413,-8.185475366049959e-05,316.227783203125
6531.5207462289945,-8.590692047328805e-05,316.227783203125
6532.900663483857,-9.050392465968261e-05,316.227783203125
6534.28058073872,-6.596135639987989e-05,316.227783203125
6535.660497993584,-2.2895297310539242e-05,316.227783203125
6537.040415248447,2.3060774477437138e-05,316.227783203125
6538.42033250331,4.353988584866221e-05,316.227783203125
6539.800249758174,6.949736335056661e-05,316.227783203125
6541.180167013037,0.00013271480480833535,316.227783203125
6542.5600842679005,0.0003277708276339993,316.227783203125
6543.940001522764,0.0011903644635316672,316.227783203125
6545.319918777627,0.003422723584569822,316.227783203125
6546.699836032491,0.006307051918227039,316.227783203125
6548.079753287354,0.007649194554907942,316.227783203125
6549.459670542217,0.00623223094297129,316.227783203125
6550.839587797081,0.003244537198208922,316.227783203125
6552.219505051944,0.0008873243336073745,316.227783203125
6553.599422306807,-6.564171012374623e-05,316.227783203125
6554.979339561671,-0.00020903235841992877,316.227783203125
6556.359256816534,0.00034441568867428496,316.227783203125
6557.739174071397,0.0036064861032712846,316.227783203125
6559.119091326261,0.01719157178610123,316.227783203125
6560.499008581124,0.04740662774665303,316.227783203125
6561.8789258359875,0.07818399745832072,316.227783203125
6563.258843090851,0.0825985985571073,316.227783203125
6564.638760345714,0.05754007506610412,316.227783203125
6566.018677600578,0.025178581188248558,316.227783203125
6567.398594855441,0.006161716070442703,316.227783203125
6568.778512110304,0.000736714834811622,316.227783203125
6570.158429365168,-0.0001757262176119486,316.227783203125
6571.538346620031,-0.0003597927443534342,316.227783203125
6572.918263874894,-0.00035648427497717537,316.227783203125
6574.298181129758,-0.00029557619774880396,316.227783203125
6575.678098384621,-3.878867501449883e-05,316.227783203125
6577.058015639484,0.0004909089912267517,316.227783203125
6578.437932894348,0.0020327318300714086,316.227783203125
6579.817850149211,0.0064771667987763674,316.227783203125
6581.1977674040745,0.014502768794754633,316.227783203125
6582.577684658938,0.022479981240479514,316.227783203125
6583.957601913801,0.023983494464527858,316.227783203125
6585.337519168665,0.01672937666387671,316.227783203125
6586.717436423528,0.007056985308986248,316.227783203125
6588.097353678391,0.001953111211517115,316.227783203125
6589.477270933255,0.0005730436666062134,316.227783203125
6590.857188188118,5.4041388623120995e-05,316.227783203125
6592.237105442981,-0.0002000041979848058,316.227783203125
6593.617022697845,-0.0002755470006696216,316.227783203125
6594.996939952708,-0.00022157729527950282,316.227783203125
6596.376857207571,-0.00011906589483610432,316.227783203125
6597.756774462434,-3.9350986389869586e-05,316.227783203125
6599.136691717298,1.807577818074141e-05,316.227783203125
6600.516608972161,7.966478106683807e-05,316.227783203125
6601.896526227025,0.00011971044995148263,316.227783203125
6603.276443481887,6.68402744025201e-05,316.227783203125
6604.656360736752,-2.2263052121255025e-05,316.227783203125
6606.036277991614,-0.00010760870414286416,316.227783203125
6607.416195246478,-0.00016786088481777518,316.227783203125
6608.796112501341,-0.00017553741395264812,316.227783203125
6610.176029756205,-0.0001198267632334226,316.227783203125
6611.5559470110675,-4.04584046370185e-05,316.227783203125
6612.935864265932,1.6488631258778155e-05,316.227783203125
6614.315781520794,4.9320959335529685e-05,316.227783203125
6615.6956987756585,7.914210064125828e-05,316.227783203125
6617.075616030521,0.00010289045733879836,316.227783203125
6618.455533285385,0.00011475338928737186,316.227783203125
6619.835450540248,0.00014039999079867513,316.227783203125
6621.215367795112,0.00011978109206887445,316.227783203125
6622.595285049974,3.5389962761471494e-05,316.227783203125
6623.975202304839,-4.019601014388502e-05,316.227783203125
6625.355119559701,-4.7983525502632435e-05,316.227783203125
6626.735036814565,1.536574504475141e-07,316.227783203125
6628.114954069428,4.013310262338844e-05,316.227783203125
6629.494871324292,3.8278889169537575e-05,316.227783203125
6630.8747885791545,-1.2803606753443095e-05,316.227783203125
6632.254705834019,-9.347862834769953e-05,316.227783203125
6633.634623088881,-0.00015071203704873463,316.227783203125
6635.0145403437455,-0.0001031293806142454,316.227783203125
6636.394457598608,-1.0448604367089068e-05,316.227783203125
6637.774374853472,4.04554562726811e-05,316.227783203125
6639.154292108335,4.544649064991066e-05,316.227783203125
6640.534209363199,2.3031829074265583e-05,316.227783203125
6641.914126618061,-2.1188307691481778e-05,316.227783203125
6643.294043872926,-7.020925396564875e-05,316.227783203125
6644.673961127788,-7.892235706502028e-05,316.227783203125
6646.053878382652,-2.4503010081528e-05,316.227783203125
6647.433795637515,5.829759307265231e-06,316.227783203125
6648.813712892379,2.8876378319405913e-05,316.227783203125
6650.1936301472415,3.252286956814156e-05,316.227783203125
6651.573547402106,2.367590714870936e-05,316.227783203125
6652.953464656968,1.713613525409878e-05,316.227783203125
6654.3333819118325,2.8909121472376134e-05,316.227783203125
6655.713299166695,5.423968213143747e-05,316.227783203125
6657.093216421559,6.443672251141459e-05,316.227783203125
6658.473133676422,5.062604724442692e-05,316.227783203125
6659.853050931285,2.9541980493168543e-05,316.227783203125
6661.232968186148,-4.926081670025319e-05,316.227783203125
6662.612885441012,-0.00013900845040376933,316.227783203125
6663.992802695875,-0.00014140421397368028,316.227783203125
6665.372719950738,-7.561933428333265e-05,316.227783203125
6666.752637205602,-2.200242147308226e-06,316.227783203125
6668.132554460465,5.454028491460629e-05,316.227783203125
6669.5124717153285,0.00010170235901557807,316.227783203125
6670.892388970192,0.00014281856172119155,316.227783203125
6672.272306225055,0.00016330133194028366,316.227783203125
6673.652223479919,0.00018897952766804178,316.227783203125
6675.032140734782,0.0002822185878093384,316.227783203125
6676.412057989645,0.00042831448442296957,316.227783203125
6677.791975244509,0.0005227539966820016,316.227783203125
6679.171892499372,0.00047303582651632425,316.227783203125
6680.551809754235,0.0003012039485765089,316.227783203125
6681.931727009099,0.00017481927862069216,316.227783203125
6683.311644263962,0.00013557936108478906,316.227783203125
6684.691561518825,0.00012692411396347109,316.227783203125
6686.071478773689,0.00011156885055099534,316.227783203125
6687.451396028552,0.00010233243517220568,316.227783203125
6688.8313132834155,0.00011623703097645745,316.227783203125
6690.211230538279,0.00011910055554993984,316.227783203125
6691.591147793142,0.00012077767888983744,316.227783203125
6692.971065048006,0.00010655194781381341,316.227783203125
6694.350982302869,7.756082326306445e-05,316.227783203125
6695.730899557732,4.307629941206412e-05,316.227783203125
6697.110816812596,2.4128439822281023e-05,316.227783203125
6698.490734067459,4.5567792038951616e-05,316.227783203125
6699.870651322322,8.518652931111328e-05,316.227783203125
6701.250568577186,9.335247432924049e-05,316.227783203125
6702.630485832049,4.92158504415887e-05,316.227783203125
6704.010403086912,1.3277984629984224e-05,316.227783203125
6705.390320341776,2.5763265063998356e-05,316.227783203125
6706.770237596639,6.257289135543943e-05,316.227783203125
6708.1501548515025,0.00010321007115018412,316.227783203125
6709.530072106366,0.00020335979221410005,316.227783203125
6710.909989361229,0.0006175767763008568,316.227783203125
6712.289906616093,0.0020764478281706175,316.227783203125
6713.669823870956,0.006422522782526103,316.227783203125
6715.049741125819,0.013119310339295028,316.227783203125
6716.429658380683,0.016026335548034336,316.227783203125
6717.809575635546,0.012702899364139505,316.227783203125
6719.189492890409,0.006731195816226559,316.227783203125
6720.569410145273,0.0022372554063889143,316.227783203125
6721.949327400136,0.0004920098684616271,316.227783203125
6723.329244654999,0.0001912049082003417,316.227783203125
6724.709161909863,0.0002617021606072332,316.227783203125
6726.089079164725,0.000784604841911115,316.227783203125
6727.4689964195895,0.0031411615372988703,316.227783203125
6728.848913674452,0.007614770313451365,316.227783203125
6730.228830929316,0.011140194161746443,316.227783203125
6731.608748184179,0.01068900909253333,316.227783203125
6732.988665439043,0.006894222396390544,316.227783203125
6734.368582693905,0.0027829889605476,316.227783203125
6735.74849994877,0.000662370899741244,316.227783203125
6737.128417203632,0.00014567387951444806,316.227783203125
6738.508334458496,-2.4231241273243997e-06,316.227783203125
6739.888251713359,-5.165989918941294e-05,316.227783203125
6741.268168968223,-7.557931288065464e-05,316.227783203125
6742.648086223086,-7.11290739023162e-05,316.227783203125
6744.02800347795,-3.904795461541835e-05,316.227783203125
6745.407920732812,-9.643648198704932e-06,316.227783203125
6746.7878379876765,-1.1869200458716755e-05,316.227783203125
6748.167755242539,-3.1148004514496355e-05,316.227783203125
6749.547672497403,-6.772878071667314e-05,316.227783203125
6750.927589752266,-8.35352401695813e-05,316.227783203125
6752.30750700713,-7.779321039589476e-05,316.227783203125
6753.687424261992,-5.2102763528226806e-05,316.227783203125
6755.067341516857,-1.1083938893452841e-05,316.227783203125
6756.447258771719,4.339830087108851e-05,316.227783203125
6757.827176026583,9.261855407537503e-05,316.227783203125
6759.207093281446,0.000117549506054547,316.227783203125
6760.58701053631,0.00012869750475694164,316.227783203125
6761.966927791173,0.0001275888921419971,316.227783203125
6763.346845046037,0.00011331078301691187,316.227783203125
6764.726762300899,6.913473207150432e-05,316.227783203125
6766.106679555764,-4.739103901148234e-08,316.227783203125
6767.486596810626,-4.3421314086153004e-05,316.227783203125
6768.86651406549,-4.662135350454698e-05,316.227783203125
6770.246431320353,-3.4746080838586255e-05,316.227783203125
6771.626348575217,-1.7018820384923777e-05,316.227783203125
6773.006265830079,1.8133142637448765e-05,316.227783203125
6774.386183084944,8.122019790829035e-05,316.227783203125
6775.766100339806,0.0001309419240682931,316.227783203125
6777.14601759467,0.00015759914178229383,316.227783203125
6778.525934849533,0.00017888420363928494,316.227783203125
6779.905852104397,0.00014695218719461799,316.227783203125
6781.28576935926,7.145262198019267e-05,316.227783203125
6782.665686614124,-2.0530749394216327e-05,316.227783203125
6784.045603868986,-9.25087100186843e-05,316.227783203125
6785.42552112385,-9.472019153228782e-05,316.227783203125
6786.805438378713,-2.9616619988424853e-05,316.227783203125
6788.185355633576,3.207886218393151e-05,316.227783203125
6789.56527288844,6.626003719661412e-05,316.227783203125
6790.945190143303,5.2102763528226806e-05,316.227783203125
6792.325107398166,1.3665936844178134e-05,316.227783203125
6793.70502465303,-1.1395751610646099e-05,316.227783203125
6795.084941907893,-1.2213714804696837e-05,316.227783203125
6796.4648591627565,5.723514836651622e-06,316.227783203125
6797.84477641762,3.2353787837557935e-05,316.227783203125
6799.224693672483,4.5683708137745846e-05,316.227783203125
6800.604610927347,5.75121946547498e-05,316.227783203125
6801.98452818221,6.107644166652645e-05,316.227783203125
6803.364445437073,4.1157495127581295e-05,316.227783203125
6804.744362691937,1.964949309099344e-05,316.227783203125
6806.1242799468,8.438185604975335e-06,316.227783203125
6807.504197201663,4.345036063212529e-06,316.227783203125
6808.884114456527,4.0595573178904554e-07,316.227783203125
6810.26403171139,-3.0929249499253575e-06,316.227783203125
6811.643948966253,-1.0583357778967684e-06,316.227783203125
6813.023866221117,1.2756407802946845e-05,316.227783203125
6814.40378347598,1.1207539879013947e-05,316.227783203125
6815.7837007308435,2.0184493595885866e-05,316.227783203125
6817.163617985707,3.931148544032703e-05,316.227783203125
6818.54353524057,5.068975203284358e-05,316.227783203125
6819.923452495434,4.16731883901688e-05,316.227783203125
6821.303369750297,4.385544241820513e-05,316.227783203125
6822.68328700516,7.821969281967926e-05,316.227783203125
6824.063204260024,9.21595513563439e-05,316.227783203125
6825.443121514887,6.198078308120893e-05,316.227783203125
6826.82303876975,-1.1989580626165647e-05,316.227783203125
6828.202956024614,-6.53938515040569e-05,316.227783203125
6829.582873279477,-5.757379579726142e-05,316.227783203125
6830.9627905343405,-6.651985310635045e-07,316.227783203125
6832.342707789204,4.580020460228859e-05,316.227783203125
6833.722625044067,7.194050382314937e-05,316.227783203125
6835.1025422989305,6.83176289320922e-05,316.227783203125
6836.482459553794,4.1835459903598327e-05,316.227783203125
6837.862376808657,-3.660436140026126e-05,316.227783203125
6839.242294063521,-0.00013405714012155664,316.227783203125
6840.622211318384,-0.0002110673573517234,316.227783203125
6842.002128573247,-0.00023220327849411866,316.227783203125
6843.382045828111,-0.0001499725846086722,316.227783203125
6844.761963082974,-4.1193401213822714e-05,316.227783203125
6846.141880337837,2.7152074635206774e-05,316.227783203125
6847.521797592701,6.604762579491899e-05,316.227783203125
6848.901714847563,6.855817715642996e-05,316.227783203125
6850.2816321024275,4.102205402178524e-05,316.227783203125
6851.66154935729,-1.6660359702727612e-06,316.227783203125
6853.041466612154,-5.654009971411619e-05,316.227783203125
6854.421383867017,-0.00013594531084580065,316.227783203125
6855.801301121881,-0.00018507631458187547,316.227783203125
6857.181218376743,-0.00017163766574373324,316.227783203125
6858.561135631608,-0.00015222485080511848,316.227783203125
6859.94105288647,-0.00015101938279373991,316.227783203125
6861.320970141334,-0.0001496689009834809,316.227783203125
6862.700887396197,-0.00010153135764381926,316.227783203125
6864.080804651061,-2.0738169421823105e-07,316.227783203125
6865.4607219059235,6.574566450302972e-05,316.227783203125
6866.840639160788,8.15334799376833e-05,316.227783203125
6868.22055641565,0.00010735589308924487,316.227783203125
6869.6004736705145,8.610667306217096e-05,316.227783203125
6870.980390925377,2.718877577541877e-05,316.227783203125
6872.360308180241,-1.345132907670972e-05,316.227783203125
6873.740225435104,-1.3810733385863708e-05,316.227783203125
6875.120142689968,3.0285264137914353e-06,316.227783203125
6876.50005994483,2.4835988851184057e-05,316.227783203125
6877.879977199695,4.493416172601447e-05,316.227783203125
6879.259894454557,6.481887448174864e-06,316.227783203125
6880.639811709421,-5.053574100668569e-05,316.227783203125
6882.019728964284,-8.84240690843495e-05,316.227783203125
6883.399646219148,-7.647067978995559e-05,316.227783203125
6884.7795634740105,-2.359684025285934e-05,316.227783203125
6886.159480728875,2.9604760113377537e-05,316.227783203125
6887.539397983737,5.5951222840975104e-05,316.227783203125
6888.9193152386015,0.00010191008175993582,316.227783203125
6890.299232493464,0.0001341698365638546,316.227783203125
6891.679149748328,0.00012203142048395482,316.227783203125
6893.059067003191,9.201192736254214e-05,316.227783203125
6894.438984258055,6.26146938022161e-05,316.227783203125
6895.818901512917,3.877355010425271e-05,316.227783203125
6897.198818767782,2.545896665730185e-05,316.227783203125
6898.578736022644,2.989666746321118e-05,316.227783203125
6899.958653277508,2.7164424533479212e-05,316.227783203125
6901.338570532371,4.1323333377196736e-05,316.227783203125
6902.718487787235,8.683352477347264e-05,316.227783203125
6904.0984050420975,0.0001225461736417202,316.227783203125
6905.478322296962,0.00013318618910958951,316.227783203125
6906.858239551824,0.00013543226165836988,316.227783203125
6908.2381568066885,0.00013294016665004078,316.227783203125
6909.618074061551,0.00010289401383028508,316.227783203125
6910.997991316414,5.606247630412543e-05,316.227783203125
6912.377908571278,-1.1869554585717049e-05,316.227783203125
6913.757825826141,-5.342256768384526e-05,316.227783203125
6915.137743081004,-6.320287917684769e-05,316.227783203125
6916.517660335868,-4.887947212695032e-05,316.227783203125
6917.897577590731,-8.209426289823227e-06,316.227783203125
6919.277494845594,6.81784843635895e-05,316.227783203125
6920.657412100458,9.47289027952939e-05,316.227783203125
6922.037329355321,5.6581115924806205e-05,316.227783203125
6923.4172466101845,-1.535203198456056e-05,316.227783203125
6924.797163865048,-8.844806577565194e-05,316.227783203125
6926.177081119911,-0.00011523312544499745,316.227783203125
6927.556998374775,-6.029972703758962e-05,316.227783203125
6928.936915629638,1.3394925340219285e-05,316.227783203125
6930.316832884501,2.3521885051407468e-05,316.227783203125
6931.696750139365,-3.2474813370167444e-06,316.227783203125
6933.076667394228,-2.9608265760349903e-05,316.227783203125
6934.456584649091,-1.9018335728470184e-05,316.227783203125
6935.836501903955,7.056184976173344e-06,316.227783203125
6937.216419158818,2.0649173933703566e-05,316.227783203125
6938.5963364136815,3.9620448495139224e-05,316.227783203125
6939.976253668545,6.440676200379809e-05,316.227783203125
6941.356170923408,4.537200951693597e-05,316.227783203125
6942.7360881782715,-4.553562323859027e-05,316.227783203125
6944.116005433135,-0.00013984597465298808,316.227783203125
6945.495922687998,-0.00015215052582815206,316.227783203125
6946.875839942862,-9.004006921600576e-05,316.227783203125
6948.255757197725,-1.9726112499018206e-05,316.227783203125
6949.635674452588,-2.805512658471572e-05,316.227783203125
6951.015591707452,-9.549640161458407e-05,316.227783203125
6952.395508962315,-0.00012726958228205694,316.227783203125
6953.775426217178,-0.00013017858443973435,316.227783203125
6955.155343472042,-9.87694566589592e-05,316.227783203125
6956.535260726905,-4.2297187957320015e-05,316.227783203125
6957.9151779817685,1.0678289917699299e-05,316.227783203125
6959.295095236632,3.0023807903940478e-05,316.227783203125
6960.675012491495,4.224316025616161e-05,316.227783203125
6962.0549297463585,6.0906109430275066e-05,316.227783203125
6963.434847001222,4.9259434541438704e-05,316.227783203125
6964.814764256085,2.96828285809847e-05,316.227783203125
6966.194681510949,3.0133275006323165e-05,316.227783203125
6967.574598765812,5.5943996001417765e-05,316.227783203125
6968.954516020675,6.395084425300963e-05,316.227783203125
6970.334433275539,5.5016183724563086e-05,316.227783203125
6971.714350530402,6.261264097207064e-05,316.227783203125
6973.094267785265,5.4284360346802674e-05,316.227783203125
6974.474185040128,-2.6012994727158886e-05,316.227783203125
6975.854102294992,-0.0001712806621929127,316.227783203125
6977.234019549855,-0.0003112885944299669,316.227783203125
6978.613936804719,-0.0003736837445991268,316.227783203125
6979.993854059581,-0.00028451056862099054,316.227783203125
6981.373771314446,-0.0001054641516956157,316.227783203125
6982.753688569308,4.246705179455912e-05,316.227783203125
6984.133605824172,0.00011016168822048679,316.227783203125
6985.513523079035,0.00010383313478369224,316.227783203125
6986.893440333899,5.3312755799618874e-05,316.227783203125
6988.273357588761,2.6694818878961885e-06,316.227783203125
6989.653274843626,-1.010030982141058e-05,316.227783203125
6991.033192098488,1.434776916216414e-05,316.227783203125
6992.413109353352,4.2412810959836095e-05,316.227783203125
6993.793026608215,5.9697246224612796e-05,316.227783203125
6995.172943863079,4.6986062378039095e-05,316.227783203125
6996.552861117942,9.986541783798403e-06,316.227783203125
6997.932778372806,-3.7565773112674394e-05,316.227783203125
6999.312695627668,-8.980962863012684e-05,316.227783203125
7000.692612882533,-9.685399846925437e-05,316.227783203125
7002.072530137395,-7.757069022578875e-05,316.227783203125
7003.452447392259,-7.65647434190532e-05,316.227783203125
7004.832364647122,-9.064485715531284e-05,316.227783203125
7006.212281901986,-6.687839105365238e-05,316.227783203125
7007.592199156848,2.98534717371908e-06,316.227783203125
7008.972116411713,4.257749425018442e-05,316.227783203125
7010.352033666575,3.315534157384038e-05,316.227783203125
7011.731950921439,1.9388506574343628e-05,316.227783203125
7013.111868176302,-3.7245782871394434e-05,316.227783203125
7014.491785431166,-0.0001404475740937449,316.227783203125
7015.871702686029,-0.00022530846415600228,316.227783203125
7017.251619940893,-0.000198484537257973,316.227783203125
7018.631537195755,-5.69576973816939e-05,316.227783203125
7020.01145445062,3.497179685317195e-05,316.227783203125
7021.391371705482,1.148932561552754e-05,316.227783203125
7022.771288960346,-6.933899405111438e-05,316.227783203125
7024.151206215209,-0.00012599638294691524,316.227783203125
7025.531123470073,-0.00011133676174977965,316.227783203125
7026.911040724935,-3.8723146443200504e-05,316.227783203125
7028.2909579798,1.3617383983938885e-05,316.227783203125
7029.670875234662,3.08345803102638e-05,316.227783203125
7031.050792489526,1.532554398568642e-05,316.227783203125
7032.430709744389,1.0891362799778787e-05,316.227783203125
7033.810626999253,1.3765824425812992e-05,316.227783203125
7035.190544254116,-1.6715515154207966e-05,316.227783203125
7036.570461508979,-7.982487237513484e-05,316.227783203125
7037.950378763842,-0.0001014975317491628,316.227783203125
7039.330296018706,-5.127307113027453e-05,316.227783203125
7040.710213273569,4.708049645013937e-05,316.227783203125
7042.090130528432,0.0001272261084682251,316.227783203125
7043.470047783296,0.00014229801730855814,316.227783203125
7044.849965038159,0.000106792677450597,316.227783203125
7046.2298822930225,0.00012334707080650584,316.227783203125
7047.609799547886,0.0001806068508788828,316.227783203125
7048.989716802749,0.00020481514904193386,316.227783203125
7050.3696340576125,0.000147867626448717,316.227783203125
7051.749551312476,2.6113317406357625e-05,316.227783203125
7053.129468567339,-8.784412737712459e-05,316.227783203125
7054.509385822203,-9.901562504563595e-05,316.227783203125
7055.889303077066,-4.656252623943223e-05,316.227783203125
7057.269220331929,-3.098185689792872e-05,316.227783203125
7058.649137586793,-3.5775650947695095e-05,316.227783203125
7060.029054841656,-2.785585740204717e-05,316.227783203125
7061.408972096519,3.7695467866796437e-05,316.227783203125
7062.788889351383,0.00018301503586909754,316.227783203125
7064.168806606246,0.0003521018215839212,316.227783203125
7065.5487238611095,0.0003055100286460978,316.227783203125
7066.928641115973,0.00011217544681516554,316.227783203125
7068.308558370836,-3.088584697118549e-05,316.227783203125
7069.6884756256995,-5.6476971836508585e-05,316.227783203125
7071.068392880563,6.155256440688872e-07,316.227783203125
7072.448310135426,6.074703898175347e-05,316.227783203125
7073.82822739029,8.512275662967903e-05,316.227783203125
7075.208144645153,9.081518159489987e-05,316.227783203125
7076.588061900016,0.00010460849125253947,316.227783203125
7077.96797915488,0.00013732922727882103,316.227783203125
7079.347896409743,0.00017415724843583384,316.227783203125
7080.727813664606,0.00016627036571178339,316.227783203125
7082.10773091947,8.851236411733764e-05,316.227783203125
7083.487648174333,-3.516108448717477e-05,316.227783203125
7084.8675654291965,-0.00011038751394877588,316.227783203125
7086.24748268406,-0.00012602558092935333,316.227783203125
7087.627399938923,-0.00012059300555231425,316.227783203125
7089.007317193787,-0.00012259172558230606,316.227783203125
7090.38723444865,-0.00012316811911448726,316.227783203125
7091.767151703513,-0.00010273956613201032,316.227783203125
7093.147068958377,-7.871470293458957e-05,316.227783203125
7094.52698621324,-5.32120237728452e-05,316.227783203125
7095.906903468103,-2.0118414888399203e-05,316.227783203125
7097.286820722967,1.815997611073067e-05,316.227783203125
7098.66673797783,4.783983788537831e-05,316.227783203125
7100.0466552326925,4.835404503668317e-05,316.227783203125
7101.426572487557,3.915697010343708e-05,316.227783203125
7102.806489742419,3.808215956167989e-05,316.227783203125
7104.1864069972835,5.086994061207287e-05,316.227783203125
7105.566324252146,6.615729335219395e-05,316.227783203125
7106.94624150701,5.2854491637424963e-05,316.227783203125
7108.326158761873,-5.417152912409046e-07,316.227783203125
7109.706076016737,-8.028844989023051e-05,316.227783203125
7111.085993271599,-0.0001193096276194943,316.227783203125
7112.465910526464,-9.985910709492049e-05,316.227783203125
7113.845827781326,-5.009458337617255e-05,316.227783203125
7115.22574503619,-1.6631004507994263e-06,316.227783203125
7116.605662291053,2.7394060066188164e-05,316.227783203125
7117.985579545917,1.4819926865522817e-05,316.227783203125
7119.3654968007795,-3.333910602176457e-06,316.227783203125
7120.745414055644,-2.1212941004693925e-05,316.227783203125
7122.125331310506,-2.2805330970442766e-05,316.227783203125
7123.5052485653705,-1.7946760554929386e-05,316.227783203125
7124.885165820233,-2.7427708205724974e-05,316.227783203125
7126.265083075097,-6.492335090956848e-05,316.227783203125
7127.64500032996,-0.00010609361032344611,316.227783203125
7129.024917584824,-0.00014663472073298857,316.227783203125
7130.404834839686,-0.00013777470288121353,316.227783203125
7131.784752094551,5.13324250640667e-05,316.227783203125
7133.164669349413,0.0005180760933730603,316.227783203125
7134.544586604277,0.0012030076066532544,316.227783203125
7135.92450385914,0.001454121159577668,316.227783203125
7137.304421114004,0.0010769929483498732,316.227783203125
7138.6843383688665,0.0005534767415506046,316.227783203125
7140.064255623731,0.00018602182209581826,316.227783203125
7141.444172878593,6.288126953079252e-05,316.227783203125
7142.8240901334575,5.0646054437400445e-05,316.227783203125
7144.20400738832,1.2571682382288979e-05,316.227783203125
7145.583924643184,-8.027148867229689e-05,316.227783203125
7146.963841898047,-0.00017358862920823816,316.227783203125
7148.343759152911,-0.00020784293185810085,316.227783203125
7149.723676407773,-0.00016418817627488792,316.227783203125
7151.103593662638,-7.008306664732858e-05,316.227783203125
7152.4835109175,1.9428220127079912e-05,316.227783203125
7153.863428172364,6.807058827905388e-05,316.227783203125
7155.243345427227,7.96958266569784e-05,316.227783203125
7156.623262682091,7.675181006953219e-05,316.227783203125
7158.0031799369535,7.228803227332832e-05,316.227783203125
7159.383097191818,7.138311414399065e-05,316.227783203125
7160.76301444668,3.7106045554494496e-05,316.227783203125
7162.142931701544,-4.989413884179915e-05,316.227783203125
7163.522848956407,-0.0001540077117880151,316.227783203125
7164.90276621127,-0.0001832025873903919,316.227783203125
7166.282683466134,-0.00011304740957631884,316.227783203125
7167.662600720997,1.8860975426764418e-05,316.227783203125
7169.04251797586,0.0001239472054284877,316.227783203125
7170.422435230724,0.00016002685699720992,316.227783203125
7171.802352485587,0.0001534473923609208,316.227783203125
7173.1822697404505,0.00011780216407395773,316.227783203125
7174.562186995314,7.411784525166408e-05,316.227783203125
7175.942104250177,4.516558451360224e-05,316.227783203125
7177.3220215050405,3.4476105313520355e-05,316.227783203125
7178.701938759904,-1.991514481081147e-05,316.227783203125
7180.081856014767,-7.290015842382341e-05,316.227783203125
7181.461773269631,-7.302024038459247e-05,316.227783203125
7182.841690524494,-1.4376725675455462e-05,316.227783203125
7184.221607779357,4.6409088674792195e-05,316.227783203125
7185.601525034221,-8.106472174114823e-06,316.227783203125
7186.981442289084,-0.000141850119494572,316.227783203125
7188.361359543947,-0.00018082726071452782,316.227783203125
7189.741276798811,-0.0001385452746253688,316.227783203125
7191.121194053674,-7.09069285640164e-05,316.227783203125
7192.5011113085375,-3.11338524506561e-05,316.227783203125
7193.881028563401,-1.2080680911784672e-05,316.227783203125
7195.260945818264,-1.1330530829330512e-05,316.227783203125
7196.640863073128,-9.514077801758489e-06,316.227783203125
7198.020780327991,-9.430510646019769e-06,316.227783203125
7199.400697582854,-1.5843115558231147e-05,316.227783203125
7200.780614837718,-3.371409569679143e-05,316.227783203125
7202.160532092581,-5.331049668239052e-05,316.227783203125
7203.540449347444,-5.1571188733744167e-05,316.227783203125
7204.920366602308,-9.669745367727779e-05,316.227783203125
7206.300283857171,-0.00017521100904303692,316.227783203125
7207.680201112034,-0.00022371103934743907,316.227783203125
7209.060118366898,-0.00017947580126533025,316.227783203125
7210.440035621761,-3.933100246733025e-05,316.227783203125
7211.8199528766245,2.1578765982166112e-05,316.227783203125
7213.199870131488,6.146973146912288e-06,316.227783203125
7214.579787386351,-2.64501300696017e-05,316.227783203125
7215.959704641215,-3.438835325974762e-05,316.227783203125
7217.339621896078,-9.827327293420243e-06,316.227783203125
7218.719539150941,-4.249343492329638e-06,316.227783203125
7220.099456405805,-6.1009492953855576e-05,316.227783203125
7221.479373660668,-0.00014255936522832892,316.227783203125
7222.859290915531,-0.00018226752463508088,316.227783203125
7224.239208170395,-0.00016247070403248992,316.227783203125
7225.619125425257,-0.00010184776714130053,316.227783203125
7226.999042680121,-2.4161629649181726e-05,316.227783203125
7228.378959934984,1.831725215705078e-05,316.227783203125
7229.758877189848,6.171739849130872e-05,316.227783203125
7231.138794444711,0.00011463922449812987,316.227783203125
7232.518711699575,0.00015198227970809539,316.227783203125
7233.898628954437,0.00013275225624846676,316.227783203125
7235.278546209302,9.929191830612173e-05,316.227783203125
7236.658463464164,4.822611755308376e-05,316.227783203125
7238.038380719028,2.7738353670954743e-05,316.227783203125
7239.418297973891,4.1391962608942207e-05,316.227783203125
7240.798215228755,5.854427086056553e-05,316.227783203125
7242.178132483617,3.040847175913783e-05,316.227783203125
7243.558049738482,-1.898286873565358e-05,316.227783203125
7244.937966993344,-3.3957973279605605e-05,316.227783203125
7246.317884248208,1.3205958935440243e-05,316.227783203125
7247.697801503071,7.24408993663158e-05,316.227783203125
7249.077718757935,8.044784867716238e-05,316.227783203125
7250.457636012798,-1.1922022506036245e-05,316.227783203125
7251.837553267662,-5.759613256695745e-05,316.227783203125
7253.217470522524,-2.887139881568683e-05,316.227783203125
7254.597387777389,3.2079563126220095e-05,316.227783203125
7255.977305032251,8.625346868355518e-05,316.227783203125
7257.357222287115,9.882970880617861e-05,316.227783203125
7258.737139541978,5.186916690425557e-05,316.227783203125
7260.117056796842,-4.7344594368619805e-05,316.227783203125
7261.4969740517045,-0.00011985626370535421,316.227783203125
7262.876891306569,-0.0001088155271837532,316.227783203125
7264.256808561431,-2.964426813211428e-05,316.227783203125
7265.636725816295,5.928769698403981e-05,316.227783203125
7267.016643071158,0.00010766900695030612,316.227783203125
7268.396560326022,9.970275331059285e-05,316.227783203125
7269.776477580885,6.457948150966931e-05,316.227783203125
7271.156394835749,3.175512649459221e-05,316.227783203125
7272.536312090611,1.4917647365391903e-05,316.227783203125
7273.916229345476,9.209616204680637e-06,316.227783203125
7275.296146600338,3.551573824536053e-05,316.227783203125
7276.676063855202,5.955664300278177e-05,316.227783203125
7278.055981110065,8.186088255895604e-05,316.227783203125
7279.435898364929,7.206158092185923e-05,316.227783203125
7280.8158156197915,2.913733673556851e-05,316.227783203125
7282.195732874656,-4.829238498418528e-05,316.227783203125
7283.575650129518,-7.724515194551008e-05,316.227783203125
7284.955567384382,-6.757329569277888e-05,316.227783203125
7286.335484639245,-5.5776476924392776e-05,316.227783203125
7287.715401894108,-7.961960103853097e-05,316.227783203125
7289.095319148972,-0.0001434028933253095,316.227783203125
7290.475236403835,-0.00018105452100747928,316.227783203125
7291.855153658698,-0.00016781619270506143,316.227783203125
7293.235070913562,-9.692876139023344e-05,316.227783203125
7294.614988168425,1.5753870947132417e-05,316.227783203125
7295.994905423288,0.00010846983794289902,316.227783203125
7297.374822678152,0.000116174041621675,316.227783203125
7298.754739933015,5.909851794663919e-05,316.227783203125
7300.1346571878785,8.10127481712386e-06,316.227783203125
7301.514574442742,-4.637664360467725e-06,316.227783203125
7302.894491697605,-2.6226287894379197e-06,316.227783203125
7304.274408952469,-7.530673337165922e-06,316.227783203125
7305.654326207332,-3.986905525777719e-05,316.227783203125
7307.034243462195,-8.489068476894533e-05,316.227783203125
7308.414160717059,-0.0001260911855957324,316.227783203125
7309.794077971922,-0.00014034264394282518,316.227783203125
7311.173995226785,-0.00011133522572675039,316.227783203125
7312.553912481649,-4.2037135320653965e-05,316.227783203125
7313.933829736512,2.2044025421393e-05,316.227783203125
7315.313746991375,8.165671323879034e-05,316.227783203125
7316.693664246239,0.00021292919673363778,316.227783203125
7318.073581501102,0.0004030926580327176,316.227783203125
7319.4534987559655,0.0005811622656942059,316.227783203125
7320.833416010829,0.0005786563190823373,316.227783203125
7322.213333265692,0.0003529600663230662,316.227783203125
7323.593250520556,0.00011549364557367041,316.227783203125
7324.973167775419,-1.376052671980734e-05,316.227783203125
7326.353085030282,2.4206788492687516e-05,316.227783203125
7327.733002285146,0.0002190099509590919,316.227783203125
7329.112919540009,0.00043177962016943683,316.227783203125
7330.492836794872,0.0004554593305466526,316.227783203125
7331.872754049736,0.00032415953508618464,316.227783203125
7333.252671304599,0.00016251024794781098,316.227783203125
7334.632588559462,8.075082304959298e-05,316.227783203125
7336.012505814326,9.680209350515414e-05,316.227783203125
7337.392423069189,0.00010006876858516256,316.227783203125
7338.7723403240525,8.781691931115682e-05,316.227783203125
7340.152257578916,6.927081955824133e-05,316.227783203125
7341.532174833779,3.66610174848854e-05,316.227783203125
7342.912092088643,-2.207365410696136e-05,316.227783203125
7344.292009343506,-9.22236850040524e-05,316.227783203125
7345.671926598369,-7.736844899023168e-05,316.227783203125
7347.051843853233,-1.0846460482273092e-05,316.227783203125
7348.431761108096,4.3161522123419914e-05,316.227783203125
7349.811678362959,1.665660657451315e-05,316.227783203125
7351.191595617822,-4.457688188258188e-05,316.227783203125
7352.571512872686,-8.468468811901036e-05,316.227783203125
7353.9514301275485,-0.00014270510553461482,316.227783203125
7355.331347382413,-0.00019253421058081088,316.227783203125
7356.711264637275,-0.00018690699082031786,316.227783203125
7358.0911818921395,-9.251234672126053e-05,316.227783203125
7359.471099147002,1.160925728222427e-06,316.227783203125
7360.851016401866,9.744192945025307e-06,316.227783203125
7362.230933656729,-2.5473301367848894e-05,316.227783203125
7363.610850911593,-5.689434864315432e-05,316.227783203125
7364.990768166455,-2.788981117623872e-05,316.227783203125
7366.37068542132,2.037584417930935e-05,316.227783203125
7367.750602676182,5.587508068616905e-05,316.227783203125
7369.130519931046,8.591078852031482e-05,316.227783203125
7370.510437185909,0.00010633698145280732,316.227783203125
7371.890354440773,0.00010690369192269556,316.227783203125
7373.2702716956355,9.909210657582396e-05,316.227783203125
7374.6501889505,0.0001283726907448969,316.227783203125
7376.030106205362,0.00018141362592792674,316.227783203125
7377.4100234602265,0.00024329037280277233,316.227783203125
7378.789940715089,0.000275332171630744,316.227783203125
7380.169857969953,0.00023150248481161248,316.227783203125
7381.549775224816,0.00011516488942425393,316.227783203125
7382.92969247968,2.671804442893992e-05,316.227783203125
7384.309609734542,-5.7102461388442056e-05,316.227783203125
7385.689526989407,-0.00014073472130570874,316.227783203125
7387.069444244269,-0.00022415314667319566,316.227783203125
7388.449361499133,-0.00022360704671495289,316.227783203125
7389.829278753996,-0.00016114907169124948,316.227783203125
7391.20919600886,-9.722726033046733e-05,316.227783203125
7392.5891132637225,-3.4686206269525684e-05,316.227783203125
7393.969030518587,3.350421830498277e-05,316.227783203125
7395.348947773449,8.944098638380762e-05,316.227783203125
7396.7288650283135,8.534512429746524e-05,316.227783203125
7398.108782283176,3.118339896583666e-05,316.227783203125
7399.48869953804,-2.2215254311077313e-05,316.227783203125
7400.868616792903,-3.117382328784047e-05,316.227783203125
7402.248534047767,-2.3432387611056413e-06,316.227783203125
7403.628451302629,6.466470994715388e-05,316.227783203125
7405.008368557494,7.762917744405604e-05,316.227783203125
7406.388285812356,3.727146595294481e-05,316.227783203125
7407.76820306722,-2.785950436950263e-05,316.227783203125
7409.148120322083,-7.471819361232809e-05,316.227783203125
7410.528037576947,-5.630993160774759e-05,316.227783203125
7411.90795483181,-2.101600110874114e-05,316.227783203125
7413.287872086673,-3.2918247472690614e-05,316.227783203125
7414.667789341536,-9.268219699862332e-05,316.227783203125
7416.0477065964,-0.000160216126661482,316.227783203125
7417.427623851263,-0.00013232485100254238,316.227783203125
7418.807541106126,-7.704082003560236e-05,316.227783203125
7420.18745836099,-7.306408094302514e-05,316.227783203125
7421.567375615853,-0.00011865211965863317,316.227783203125
7422.947292870716,-0.00016330659921272393,316.227783203125
7424.32721012558,-8.368172760557947e-05,316.227783203125
7425.707127380443,5.599753816188432e-05,316.227783203125
7427.0870446353065,0.00012196774755414159,316.227783203125
7428.46696189017,0.00010054362655840827,316.227783203125
7429.846879145033,2.261657291291984e-05,316.227783203125
7431.226796399897,-3.863178552532959e-05,316.227783203125
7432.60671365476,-4.631018054659583e-05,316.227783203125
7433.986630909623,-4.285034009166716e-07,316.227783203125
7435.366548164487,5.10062768423903e-05,316.227783203125
7436.74646541935,6.832930317300645e-05,316.227783203125
7438.126382674213,2.0522427979889624e-05,316.227783203125
7439.506299929077,-2.6325228696269173e-05,316.227783203125
7440.88621718394,-4.5116804356523654e-05,316.227783203125
7442.266134438803,-5.34919738262498e-05,316.227783203125
7443.646051693667,-6.590120583417278e-05,316.227783203125
7445.02596894853,-9.00713716557042e-05,316.227783203125
7446.4058862033935,-0.0001143140044332306,316.227783203125
7447.785803458257,-7.330570165147397e-05,316.227783203125
7449.16572071312,-4.501034238280251e-06,316.227783203125
7450.545637967984,6.304881699553937e-05,316.227783203125
7451.925555222847,0.00012064101231497315,316.227783203125
7453.30547247771,0.00015461465109107946,316.227783203125
7454.685389732574,0.0001609024500070829,316.227783203125
7456.065306987437,0.00014795759041774225,316.227783203125
7457.4452242423,0.00011013915041720515,316.227783203125
7458.825141497164,3.7935924587806716e-05,316.227783203125
7460.205058752027,-7.942949978843265e-05,316.227783203125
7461.58497600689,-0.00015213794574777534,316.227783203125
7462.964893261754,-0.000130498927781191,316.227783203125
7464.344810516617,-1.8043121355520823e-05,316.227783203125
7465.7247277714805,0.00013764226482216538,316.227783203125
7467.104645026344,0.00022142810150832873,316.227783203125
7468.484562281207,0.00018965258050845316,316.227783203125
7469.864479536071,0.00012451893519688836,316.227783203125
7471.244396790934,4.969156455446842e-05,316.227783203125
7472.624314045797,-4.899895283272913e-06,316.227783203125
7474.004231300661,-2.5205292884027293e-05,316.227783203125
7475.384148555524,0.0,316.227783203125
7476.7640658103865,1.9671483422678375e-05,316.227783203125
7478.143983065251,2.1757632386956022e-05,316.227783203125
7479.523900320113,5.711701102311013e-06,316.227783203125
7480.903817574977,-2.394597452601635e-05,316.227783203125
7482.28373482984,-4.722632926848318e-05,316.227783203125
7483.663652084704,-1.3931005353986364e-05,316.227783203125
7485.043569339567,5.313117063239763e-05,316.227783203125
7486.423486594431,0.00011396906295770438,316.227783203125
7487.803403849293,9.449012073286297e-05,316.227783203125
7489.183321104158,3.465171269477225e-05,316.227783203125
7490.56323835902,-4.2324943836974556e-05,316.227783203125
7491.943155613884,-0.00012969618334615976,316.227783203125
7493.323072868747,-0.00021878461578285664,316.227783203125
7494.702990123611,-0.00022545489686945103,316.227783203125
7496.0829073784735,-0.00013214356450059247,316.227783203125
7497.462824633338,-9.191153976240152e-07,316.227783203125
7498.8427418882,0.00011338714964612313,316.227783203125
7500.222659143064,0.00017144643521059457,316.227783203125
7501.602576397927,0.00018028513605275465,316.227783203125
7502.982493652791,0.00014761000589544066,316.227783203125
7504.362410907654,8.796064595539745e-05,316.227783203125
7505.742328162518,3.0196283858158895e-05,316.227783203125
7507.12224541738,-9.171496718667592e-06,316.227783203125
7508.502162672245,-6.037405707413554e-05,316.227783203125
7509.882079927107,-0.0001269879414277867,316.227783203125
7511.261997181971,-0.00014011941882094946,316.227783203125
7512.641914436834,-9.420345390515408e-05,316.227783203125
7514.021831691698,-7.07332113212937e-06,316.227783203125
7515.4017489465605,5.553271671392742e-05,316.227783203125
7516.781666201425,0.00011693204180327366,316.227783203125
7518.161583456287,0.00014671962881541902,316.227783203125
7519.5415007111515,0.00013046735717414052,316.227783203125
7520.921417966014,6.707869707070751e-05,316.227783203125
7522.301335220878,1.583658687080887e-06,316.227783203125
7523.681252475741,-4.5719002078721364e-05,316.227783203125
7525.061169730605,-4.275250499076455e-05,316.227783203125
7526.441086985467,-8.390133054922595e-06,316.227783203125
7527.821004240332,3.246207939606744e-05,316.227783203125
7529.200921495194,2.2678924774056745e-05,316.227783203125
7530.580838750058,4.867745830789902e-06,316.227783203125
7531.960756004921,8.390133054922595e-06,316.227783203125
7533.340673259785,3.248266584080471e-05,316.227783203125
7534.7205905146475,7.534021851066022e-05,316.227783203125
7536.100507769512,0.00010359178638685417,316.227783203125
7537.480425024374,8.247010700771721e-05,316.227783203125
7538.860342279238,4.586518350555187e-05,316.227783203125
7540.240259534101,2.0664678309173685e-05,316.227783203125
7541.620176788964,1.9104436389427888e-05,316.227783203125
7543.000094043828,3.273721967398356e-05,316.227783203125
7544.380011298691,1.9642791463496574e-05,316.227783203125
7545.759928553554,3.018274646596729e-06,316.227783203125
7547.139845808418,6.1786265578515215e-06,316.227783203125
7548.519763063281,6.120404026776528e-05,316.227783203125
7549.899680318144,0.0001082275424986916,316.227783203125
7551.279597573008,9.881075883473849e-05,316.227783203125
7552.659514827871,5.092385675725935e-05,316.227783203125
7554.0394320827345,-7.260095419404401e-06,316.227783203125
7555.419349337598,-3.966421414536639e-05,316.227783203125
7556.799266592461,-1.4755054001875864e-05,316.227783203125
7558.179183847325,3.3465004733663e-06,316.227783203125
7559.559101102188,5.166128425006765e-06,316.227783203125
7560.939018357051,-3.113321249364684e-06,316.227783203125
7562.318935611915,1.9026533126667924e-05,316.227783203125
7563.698852866778,2.6195464173499675e-05,316.227783203125
7565.078770121641,4.734865894556739e-06,316.227783203125
7566.458687376505,-2.1975196855292083e-05,316.227783203125
7567.838604631368,-3.3347066356922105e-05,316.227783203125
7569.218521886231,-4.742033104534766e-05,316.227783203125
7570.598439141095,-4.931568118528816e-05,316.227783203125
7571.978356395958,-3.6783845833543265e-05,316.227783203125
7573.3582736508215,-1.3770304370333379e-05,316.227783203125
7574.738190905685,1.180113306613155e-05,316.227783203125
7576.118108160548,5.942661676580901e-05,316.227783203125
7577.498025415412,9.088850274002053e-05,316.227783203125
7578.877942670275,9.919754999317305e-05,316.227783203125
7580.257859925138,8.107033082080124e-05,316.227783203125
7581.637777180002,5.1692789608405454e-05,316.227783203125
7583.017694434865,-4.1804306835434984e-05,316.227783203125
7584.397611689728,-0.0001220114446722452,316.227783203125
7585.777528944592,-0.00015243387801720104,316.227783203125
7587.157446199455,-0.00012871114205850655,316.227783203125
7588.537363454318,-0.00011616440704038684,316.227783203125
7589.917280709182,-9.833011746647902e-05,316.227783203125
7591.297197964045,-4.2054344490523483e-05,316.227783203125
7592.6771152189085,2.2384765767445407e-05,316.227783203125
7594.057032473772,6.649665737055131e-05,316.227783203125
7595.436949728635,6.994684005729324e-05,316.227783203125
7596.816866983499,6.047981864054815e-05,316.227783203125
7598.196784238362,3.774140266290041e-05,316.227783203125
7599.576701493225,1.9817488638002555e-05,316.227783203125
7600.956618748089,1.4833341734467667e-05,316.227783203125
7602.336536002951,1.7237353133510956e-05,316.227783203125
7603.716453257815,2.4362251254866733e-05,316.227783203125
7605.096370512678,1.546849163073117e-05,316.227783203125
7606.476287767542,2.0544329033542544e-06,316.227783203125
7607.8562050224045,1.4156188437557636e-05,316.227783203125
7609.236122277269,5.315624092882068e-05,316.227783203125
7610.616039532131,6.053227426372834e-05,316.227783203125
7611.9959567869955,4.9218304806203025e-05,316.227783203125
7613.375874041858,1.1438426464303875e-05,316.227783203125
7614.755791296722,-7.144433601143519e-05,316.227783203125
7616.135708551585,-0.0001648826431127036,316.227783203125
7617.515625806449,-0.00021845560697271362,316.227783203125
7618.895543061311,-0.0002021382005215292,316.227783203125
7620.275460316176,-0.00013632158784698638,316.227783203125
7621.655377571038,-2.2902278068528265e-05,316.227783203125
7623.035294825902,5.648291019173194e-05,316.227783203125
7624.415212080765,0.00010549584427109286,316.227783203125
7625.795129335629,0.00010224513433772838,316.227783203125
7627.175046590492,5.090590374193151e-05,316.227783203125
7628.554963845356,1.0603078950483825e-05,316.227783203125
7629.934881100218,4.835133602916833e-06,316.227783203125
7631.3147983550825,2.2642478362016466e-05,316.227783203125
7632.694715609945,4.873313834717792e-05,316.227783203125
7634.074632864809,6.957791126423803e-05,316.227783203125
7635.454550119672,2.9997338495234803e-05,316.227783203125
7636.834467374536,9.236723132770817e-06,316.227783203125
7638.214384629398,1.1818542739162885e-05,316.227783203125
7639.594301884263,2.8815067968548068e-05,316.227783203125
7640.974219139125,4.9304458615349704e-05,316.227783203125
7642.354136393989,8.197855014039582e-05,316.227783203125
7643.734053648852,7.990445736461103e-05,316.227783203125
7645.113970903716,4.197650472959752e-05,316.227783203125
7646.493888158579,0.0,316.227783203125
7647.873805413443,1.2913554357748755e-05,316.227783203125
7649.253722668305,3.7720956197103035e-05,316.227783203125
7650.6336399231695,3.2729963401304484e-05,316.227783203125
7652.013557178032,0.0,316.227783203125
7653.393474432896,-1.2479074690250648e-05,316.227783203125
7654.773391687759,-2.991224233528291e-05,316.227783203125
7656.153308942623,-7.087662689985331e-05,316.227783203125
7657.533226197485,-0.00011846984216415217,316.227783203125
7658.91314345235,-0.000141273499830878,316.227783203125
7660.293060707212,-0.0001153188624636722,316.227783203125
7661.672977962076,-0.00018550542679005282,316.227783203125
7663.052895216939,-0.00029662527712015323,316.227783203125
7664.432812471802,-0.00037790484236251403,316.227783203125
7665.812729726666,-0.00030001382809701025,316.227783203125
7667.192646981529,-0.00011722571370042286,316.227783203125
7668.572564236392,-7.0203335167697e-06,316.227783203125
7669.952481491256,3.190961615137395e-05,316.227783203125
7671.332398746119,2.0462497922577906e-05,316.227783203125
7672.712316000982,9.107399366559306e-06,316.227783203125
7674.092233255846,1.1684115725888594e-05,316.227783203125
7675.472150510709,3.55729200776601e-05,316.227783203125
7676.852067765572,5.1486189885490904e-05,316.227783203125
7678.231985020436,2.8841948444762767e-05,316.227783203125
7679.611902275299,-1.2697371275832876e-05,316.227783203125
7680.9918195301625,-2.3790612548652522e-05,316.227783203125
7682.371736785026,-1.411274839513161e-05,316.227783203125
7683.751654039889,4.8201134372066745e-08,316.227783203125
7685.131571294753,3.8730943381098774e-05,316.227783203125
7686.511488549616,4.690716858028743e-05,316.227783203125
7687.891405804479,2.9548010302732526e-05,316.227783203125
7689.271323059343,-1.4820949403564904e-06,316.227783203125
7690.651240314206,-3.0961904738199646e-05,316.227783203125
7692.031157569069,-4.0494202039983995e-05,316.227783203125
7693.411074823933,-1.3399459183718702e-05,316.227783203125
7694.790992078796,-1.7137083161836326e-05,316.227783203125
7696.170909333659,-7.250843136189043e-05,316.227783203125
7697.550826588523,-0.0001453010178521768,316.227783203125
7698.930743843386,-0.00011870138604665962,316.227783203125
7700.3106610982495,-5.300630158193258e-05,316.227783203125
7701.690578353113,2.2763477589135203e-05,316.227783203125
7703.070495607976,7.593452607694735e-05,316.227783203125
7704.45041286284,7.839304274077571e-05,316.227783203125
7705.830330117703,6.0038223255110684e-05,316.227783203125
7707.210247372566,3.028771379230341e-05,316.227783203125
7708.59016462743,-2.044488474205533e-05,316.227783203125
7709.970081882293,-0.00011168361289453418,316.227783203125
7711.349999137156,-0.0002127260765523312,316.227783203125
7712.72991639202,-0.00026634374778484234,316.227783203125
7714.109833646883,-0.0002602983097208071,316.227783203125
7715.489750901746,-0.000196828798137998,316.227783203125
7716.86966815661,-8.645745706299061e-05,316.227783203125
7718.249585411473,0.0,316.227783203125
7719.6295026663365,3.505029468036259e-05,316.227783203125
7721.0094199212,1.714777753706112e-05,316.227783203125
7722.389337176063,-9.39845712881384e-06,316.227783203125
7723.769254430927,-4.735786595684837e-05,316.227783203125
7725.14917168579,-7.142770030265505e-05,316.227783203125
7726.529088940653,-7.044834295132779e-05,316.227783203125
7727.909006195516,-4.248661982128848e-05,316.227783203125
7729.28892345038,-2.5634351076206374e-06,316.227783203125
7730.6688407052425,1.9315672445782e-05,316.227783203125
7732.048757960107,3.106177260557997e-05,316.227783203125
7733.428675214969,4.30022385737314e-05,316.227783203125
7734.8085924698335,6.841169388338477e-05,316.227783203125
7736.188509724696,7.965312020006849e-05,316.227783203125
7737.56842697956,8.836824524939384e-05,316.227783203125
7738.948344234423,8.914990129507087e-05,316.227783203125
7740.328261489287,9.152669316258438e-05,316.227783203125
7741.708178744149,5.31891955420187e-05,316.227783203125
7743.088095999014,-1.2934854079754005e-07,316.227783203125
7744.468013253876,-6.755866043306556e-05,316.227783203125
7745.84793050874,-0.00013082817384540372,316.227783203125
7747.227847763603,-0.00016862885416355031,316.227783203125
7748.607765018467,-8.804995803874272e-05,316.227783203125
7749.9876822733295,5.6889181276254495e-05,316.227783203125
7751.367599528194,0.00020837084762426183,316.227783203125
7752.747516783056,0.00023569154353669103,316.227783203125
7754.1274340379205,0.00016596301942677343,316.227783203125
7755.507351292783,0.00011534648079699911,316.227783203125
7756.887268547647,8.200922408130654e-05,316.227783203125
7758.26718580251,3.512453941119983e-05,316.227783203125
7759.647103057374,7.974475783677215e-06,316.227783203125
7761.027020312236,1.8868866632757754e-05,316.227783203125
7762.406937567101,3.4341680267939434e-05,316.227783203125
7763.786854821963,3.532895215402603e-05,316.227783203125
7765.166772076827,4.144714641941046e-05,316.227783203125
7766.54668933169,2.9861708275597844e-05,316.227783203125
7767.926606586554,-1.4095393004843505e-05,316.227783203125
7769.3065238414165,-7.47216363069696e-05,316.227783203125
7770.686441096281,-0.00012708300106467792,316.227783203125
7772.066358351143,-0.00021371676548748424,316.227783203125
7773.4462756060075,-0.00025281843074202205,316.227783203125
7774.82619286087,-0.00022758529061582197,316.227783203125
7776.206110115734,-0.00013948919905959044,316.227783203125
7777.586027370597,-9.903419792599896e-05,316.227783203125
7778.965944625461,-9.638253504862249e-05,316.227783203125
7780.345861880323,-9.739683141143061e-05,316.227783203125
7781.725779135188,-7.139725064922442e-05,316.227783203125
7783.10569639005,-1.7672525848174726e-05,316.227783203125
7784.485613644914,1.1338128300981444e-05,316.227783203125
7785.865530899777,-5.038911788261824e-06,316.227783203125
7787.245448154641,-5.3870640201365144e-05,316.227783203125
7788.6253654095035,-0.00010088878117237108,316.227783203125
7790.005282664367,-4.616597252132034e-05,316.227783203125
7791.38519991923,9.317970945131593e-06,316.227783203125
7792.765117174094,4.65682565493758e-05,316.227783203125
7794.145034428957,4.756951589699344e-05,316.227783203125
7795.52495168382,4.9671396484018623e-05,316.227783203125
7796.904868938684,3.230359867649642e-05,316.227783203125
7798.284786193547,1.23988857505513e-05,316.227783203125
7799.66470344841,6.556266898324198e-06,316.227783203125
7801.044620703274,3.103854739771022e-05,316.227783203125
7802.424537958137,6.058599408011872e-05,316.227783203125
7803.804455213,7.139155364158361e-05,316.227783203125
7805.184372467864,5.751845468672436e-05,316.227783203125
7806.564289722727,8.428239885544149e-06,316.227783203125
7807.9442069775905,-5.810461843436081e-06,316.227783203125
7809.324124232454,0.0,316.227783203125
7810.704041487317,2.250541032847511e-05,316.227783203125
7812.083958742181,4.1494682525060334e-05,316.227783203125
7813.463875997044,8.523231977230605e-05,316.227783203125
7814.843793251907,0.0001316338007196381,316.227783203125
7816.223710506771,0.0001554282179669006,316.227783203125
7817.603627761634,0.00014647770638368928,316.227783203125
7818.983545016497,0.00011686962230347993,316.227783203125
7820.363462271361,9.047751362049623e-05,316.227783203125
7821.743379526224,8.526295962288637e-05,316.227783203125
7823.123296781087,0.00010243419813435288,316.227783203125
7824.503214035951,0.0001359646348104114,316.227783203125
7825.883131290814,0.00011689011317323958,316.227783203125
7827.2630485456775,9.00551266429881e-05,316.227783203125
7828.642965800541,4.748845363713571e-05,316.227783203125
7830.022883055404,-2.4863133979456838e-05,316.227783203125
7831.402800310268,-9.441315798596611e-05,316.227783203125
7832.782717565131,-0.00011521261820083423,316.227783203125
7834.162634819994,-0.00010259680121502916,316.227783203125
7835.542552074858,-6.993932221160872e-05,316.227783203125
7836.922469329721,-3.238970205146716e-05,316.227783203125
7838.302386584584,2.996867472256602e-05,316.227783203125
7839.682303839448,8.0038530671879e-05,316.227783203125
7841.062221094311,0.00010324471278606775,316.227783203125
7842.4421383491745,0.00010671398512147618,316.227783203125
7843.822055604038,0.00012271169281205703,316.227783203125
7845.201972858901,0.00012713660077943566,316.227783203125
7846.5818901137645,0.00010793141788228468,316.227783203125
7847.961807368628,3.8171345602537946e-05,316.227783203125
7849.341724623491,-3.488257148977908e-05,316.227783203125
7850.721641878355,-6.060026599628756e-05,316.227783203125
7852.101559133218,-5.00278878119249e-05,316.227783203125
7853.48147638808,-2.4480625052170947e-05,316.227783203125
7854.861393642945,5.450577733940275e-06,316.227783203125
7856.241310897807,4.73532927099847e-05,316.227783203125
7857.621228152671,8.78565856722276e-05,316.227783203125
7859.001145407534,9.618150232838275e-05,316.227783203125
7860.381062662398,6.845188665385079e-05,316.227783203125
7861.760979917261,4.700463857574503e-05,316.227783203125
7863.140897172125,4.057174345285016e-05,316.227783203125
7864.520814426987,5.7040837496140535e-05,316.227783203125
7865.9007316818515,6.705109977105626e-05,316.227783203125
7867.280648936714,4.4826036028653565e-05,316.227783203125
7868.660566191578,1.1980534647619556e-05,316.227783203125
7870.040483446441,-2.807900748447341e-05,316.227783203125
7871.420400701305,-1.8292457432309527e-05,316.227783203125
7872.800317956167,0.0,316.227783203125
7874.180235211032,1.0919351407619876e-05,316.227783203125
7875.560152465894,2.526391732346478e-05,316.227783203125
7876.940069720758,6.380941224344745e-05,316.227783203125
7878.319986975621,5.7443982480197796e-05,316.227783203125
7879.699904230485,2.363632797379011e-05,316.227783203125
7881.079821485348,-1.2004028926324364e-05,316.227783203125
7882.459738740212,-6.166391314480976e-06,316.227783203125
7883.839655995074,3.6953938720076657e-07,316.227783203125
7885.219573249939,2.7815363891446968e-05,316.227783203125
7886.599490504801,7.298439581605864e-05,316.227783203125
7887.979407759665,0.00011900950266561638,316.227783203125
7889.359325014528,0.00014089274196097887,316.227783203125
7890.739242269392,0.00013117645680187865,316.227783203125
7892.119159524254,7.825703664728935e-05,316.227783203125
7893.499076779119,-1.697787550378714e-05,316.227783203125
7894.878994033981,-6.523410613334165e-05,316.227783203125
7896.258911288845,-8.627837358601235e-05,316.227783203125
7897.638828543708,-8.937801583721802e-05,316.227783203125
7899.018745798571,-8.468657677485406e-05,316.227783203125
7900.398663053435,-3.984360334547202e-05,316.227783203125
7901.778580308298,1.037385202694828e-05,316.227783203125
7903.158497563161,4.454372533988903e-05,316.227783203125
7904.538414818025,6.950051918909721e-05,316.227783203125
7905.918332072888,8.415644216841923e-05,316.227783203125
7907.298249327751,4.389110101811738e-05,316.227783203125
7908.678166582615,8.347039568566e-06,316.227783203125
7910.058083837478,-1.807909976994735e-05,316.227783203125
7911.438001092341,-5.4050327206423346e-05,316.227783203125
7912.817918347205,-8.282864771993418e-05,316.227783203125
7914.197835602068,-7.833278502955825e-05,316.227783203125
7915.5777528569315,-7.037557781174215e-05,316.227783203125
7916.957670111795,-9.40975517065212e-05,316.227783203125
7918.337587366658,-8.718318712532154e-05,316.227783203125
7919.717504621522,-5.0101540802096126e-05,316.227783203125
7921.097421876385,5.788164805238527e-06,316.227783203125
7922.477339131248,5.8084107170182364e-05,316.227783203125
7923.857256386112,6.669409535087906e-05,316.227783203125
7925.237173640975,6.201548076821464e-05,316.227783203125
7926.617090895838,3.7990680674232155e-05,316.227783203125
7927.997008150702,8.545385963365862e-07,316.227783203125
7929.376925405565,-3.473857659582868e-05,316.227783203125
7930.756842660428,-5.209032045244526e-05,316.227783203125
7932.136759915292,-5.541865154578499e-05,316.227783203125
7933.516677170155,-4.45872154614009e-05,316.227783203125
7934.8965944250185,-2.7004719155609806e-05,316.227783203125
7936.276511679882,-4.943219452647595e-05,316.227783203125
7937.656428934745,-7.308022120028086e-05,316.227783203125
7939.036346189609,-7.218773979839922e-05,316.227783203125
7940.416263444472,-8.050963477198008e-05,316.227783203125
7941.796180699335,-0.00011364426736803004,316.227783203125
7943.176097954199,-0.00017264289042889965,316.227783203125
7944.556015209062,-0.00023383791918893566,316.227783203125
7945.935932463925,-0.0002149046130262358,316.227783203125
7947.315849718789,-0.00015281977328453038,316.227783203125
7948.695766973652,-8.432274331478598e-05,316.227783203125
7950.0756842285155,-2.431395368943535e-05,316.227783203125
7951.455601483379,4.286741437283491e-05,316.227783203125
7952.835518738242,6.787717157994907e-05,316.227783203125
7954.2154359931055,5.0739835144678405e-05,316.227783203125
7955.595353247969,5.41254534601205e-06,316.227783203125
7956.975270502832,-2.624663157885926e-06,316.227783203125
7958.355187757696,8.597316250309739e-06,316.227783203125
7959.735105012559,1.6152217553882207e-05,316.227783203125
7961.115022267422,9.671236179465033e-06,316.227783203125
7962.494939522286,-2.0211934264802688e-05,316.227783203125
7963.874856777149,-3.704191238136645e-06,316.227783203125
7965.254774032012,3.283361309419988e-05,316.227783203125
7966.634691286876,7.731734683687902e-05,316.227783203125
7968.014608541739,8.40671367253569e-05,316.227783203125
7969.3945257966025,6.66478746210045e-05,316.227783203125
7970.774443051466,5.045296984973382e-05,316.227783203125
7972.154360306329,4.175291343256563e-05,316.227783203125
7973.5342775611925,5.917678088157054e-05,316.227783203125
7974.914194816056,4.8767310214388807e-05,316.227783203125
7976.294112070919,1.8901408343423298e-05,316.227783203125
7977.674029325783,-2.4384998963785515e-05,316.227783203125
7979.053946580646,-6.322536199335205e-05,316.227783203125
7980.433863835509,-3.139829225535639e-05,316.227783203125
7981.813781090373,1.2637242793225867e-05,316.227783203125
7983.193698345236,4.647228629588423e-05,316.227783203125
7984.573615600099,1.4340047411346389e-05,316.227783203125
7985.953532854963,-2.1713150997776376e-05,316.227783203125
7987.333450109826,-9.651486696922625e-06,316.227783203125
7988.7133673646895,4.3920868950051047e-05,316.227783203125
7990.093284619553,9.018657551115167e-05,316.227783203125
7991.473201874416,5.366357780292076e-05,316.227783203125
7992.85311912928,0.0,316.227783203125
7994.233036384143,-5.50894392257811e-05,316.227783203125
7995.612953639006,-8.26075459740552e-05,316.227783203125
7996.99287089387,-0.00010276686746842501,316.227783203125
7998.372788148733,-0.00010093906225982791,316.227783203125
7999.752705403596,-8.028522690266705e-05,316.227783203125
8001.13262265846,-3.515949117405791e-05,316.227783203125
8002.512539913323,1.518532763119737e-05,316.227783203125
8003.892457168186,5.180654097856983e-05,316.227783203125
8005.27237442305,7.380766227858652e-05,316.227783203125
8006.652291677913,9.486615388479627e-05,316.227783203125
8008.0322089327765,5.752332470744005e-05,316.227783203125
8009.412126187639,1.730849587305589e-05,316.227783203125
8010.792043442502,-6.205256843589378e-06,316.227783203125
8012.171960697366,8.602379159878756e-06,316.227783203125
8013.551877952229,4.090905713686945e-05,316.227783203125
8014.931795207092,7.298989737969733e-05,316.227783203125
8016.311712461956,9.589368774526579e-05,316.227783203125
8017.691629716819,9.343312035775802e-05,316.227783203125
8019.071546971682,8.872143174183666e-05,316.227783203125
8020.451464226546,6.95702007538733e-05,316.227783203125
8021.831381481409,5.167103966108918e-05,316.227783203125
8023.2112987362725,0.0,316.227783203125
8024.591215991136,-9.269176447724778e-05,316.227783203125
8025.971133245999,-0.00018939478558762605,316.227783203125
8027.351050500863,-0.00023753344512526635,316.227783203125
8028.730967755726,-0.00013708271504327043,316.227783203125
8030.110885010589,-2.1117564986283636e-05,316.227783203125
8031.490802265453,6.390600056885038e-05,316.227783203125
8032.870719520316,0.00010434052470852714,316.227783203125
8034.250636775179,9.769847304180908e-05,316.227783203125
8035.630554030043,0.00012046194262092802,316.227783203125
8037.010471284906,0.00015649153197757303,316.227783203125
8038.390388539769,0.0001766784195824829,316.227783203125
8039.770305794633,0.00011526365666278231,316.227783203125
8041.150223049496,6.176628397811749e-05,316.227783203125
8042.5301403043595,8.897070480105157e-06,316.227783203125
8043.910057559223,-5.338093364347634e-05,316.227783203125
8045.289974814086,-0.0001475343244658747,316.227783203125
8046.66989206895,-0.0001603189321467231,316.227783203125
8048.049809323813,-0.00014403057721498313,316.227783203125
8049.429726578676,-8.133055879703914e-05,316.227783203125
8050.80964383354,0.0,316.227783203125
8052.189561088403,5.2525000666707455e-05,316.227783203125
8053.569478343266,6.925626061093579e-05,316.227783203125
8054.94939559813,4.804049062000909e-05,316.227783203125
8056.329312852993,5.208612376806591e-05,316.227783203125
8057.7092301078565,6.55007409647761e-05,316.227783203125
8059.08914736272,8.546544602410465e-05,316.227783203125
8060.469064617583,9.469281021869981e-05,316.227783203125
8061.8489818724465,7.734971595013077e-05,316.227783203125
8063.22889912731,5.601482302429895e-05,316.227783203125
8064.608816382173,4.5362295225013886e-05,316.227783203125
8065.988733637037,5.6896135815424735e-05,316.227783203125
8067.3686508919,1.0828601529300382e-05,316.227783203125
8068.748568146763,-4.1393027026877076e-05,316.227783203125
8070.128485401627,-8.923465596893422e-05,316.227783203125
8071.50840265649,-9.391534322437944e-05,316.227783203125
8072.888319911353,-5.258764276419581e-05,316.227783203125
8074.268237166217,-7.964731061684341e-06,316.227783203125
8075.64815442108,3.190996049636397e-05,316.227783203125
8077.0280716759435,6.171511254091534e-05,316.227783203125
8078.407988930807,7.453604171024988e-05,316.227783203125
8079.78790618567,5.812265926911399e-05,316.227783203125
8081.1678234405335,2.982619229011975e-05,316.227783203125
8082.547740695397,4.918109074132995e-05,316.227783203125
8083.92765795026,4.570728393413388e-05,316.227783203125
8085.307575205124,3.307465176569362e-05,316.227783203125
8086.687492459987,1.6413490115814097e-05,316.227783203125
8088.06740971485,4.201051748898947e-05,316.227783203125
8089.447326969714,1.5567280619581576e-05,316.227783203125
8090.827244224577,-5.358536028932971e-05,316.227783203125
8092.20716147944,-0.00015795997266270304,316.227783203125
8093.587078734304,-0.00016083345133749687,316.227783203125
8094.966995989167,-8.05917520645882e-05,316.227783203125
8096.3469132440305,1.268402897232606e-05,316.227783203125
8097.726830498894,8.301116751586839e-05,316.227783203125
8099.106747753757,5.343299322187016e-05,316.227783203125
8100.486665008621,2.4163834273715004e-05,316.227783203125
8101.866582263484,3.530390352509717e-06,316.227783203125
8103.246499518347,2.930817055791894e-06,316.227783203125
8104.626416773211,2.6999416985889167e-05,316.227783203125
8106.006334028074,2.3727448277991413e-05,316.227783203125
8107.386251282937,8.675500480366007e-06,316.227783203125
8108.766168537801,5.139369999248612e-06,316.227783203125
8110.146085792664,3.9166383511129305e-05,316.227783203125
8111.526003047527,5.8241481843025224e-05,316.227783203125
8112.905920302391,3.392671555210638e-05,316.227783203125
8114.285837557254,-6.669327169671682e-05,316.227783203125
8115.6657548121175,-0.00012875539445864493,316.227783203125
8117.045672066981,-0.00012708592734271638,316.227783203125
8118.425589321844,-5.567420791074192e-05,316.227783203125
8119.805506576708,1.9211924140484504e-05,316.227783203125
8121.185423831571,2.559464569580963e-05,316.227783203125
8122.565341086434,1.0878618460409377e-05,316.227783203125
8123.945258341298,1.7131267322275517e-06,316.227783203125
8125.325175596161,1.6994466988053472e-05,316.227783203125
8126.705092851024,3.395172652167523e-05,316.227783203125
8128.085010105888,5.4208945118376824e-05,316.227783203125
8129.464927360751,5.8785592258998355e-05,316.227783203125
8130.844844615614,7.2667725265571775e-06,316.227783203125
8132.224761870478,-1.1189205285088398e-05,316.227783203125
8133.604679125341,4.777744512350288e-06,316.227783203125
8134.984596380204,4.404846400623153e-05,316.227783203125
8136.364513635067,5.26840933997531e-05,316.227783203125
8137.74443088993,4.33464434223688e-05,316.227783203125
8139.124348144794,1.887884961686813e-05,316.227783203125
8140.504265399657,-4.926291781792887e-06,316.227783203125
8141.88418265452,-3.8233296746374365e-06,316.227783203125
8143.264099909384,0.0,316.227783203125
8144.644017164247,7.798687160494137e-06,316.227783203125
8146.02393441911,9.509342959361858e-07,316.227783203125
8147.403851673974,-1.4767913347739185e-05,316.227783203125
8148.783768928837,-2.6534575717085916e-05,316.227783203125
8150.1636861837005,-1.1750044097487422e-05,316.227783203125
8151.543603438564,-2.4103420667182657e-06,316.227783203125
8152.923520693427,2.4103420667182657e-06,316.227783203125
8154.303437948291,1.3917730758433375e-05,316.227783203125
8155.683355203154,4.133702737673349e-05,316.227783203125
8157.063272458017,8.22466555383105e-06,316.227783203125
8158.443189712881,-4.0264508196496095e-05,316.227783203125
8159.823106967744,-8.570838881993663e-05,316.227783203125
8161.203024222607,-9.954195457990544e-05,316.227783203125
8162.582941477471,-5.35816442502543e-05,316.227783203125
8163.962858732334,-7.943219834830734e-06,316.227783203125
8165.3427759871975,2.3256295535943085e-05,316.227783203125
8166.722693242061,1.5086044381216676e-05,316.227783203125
8168.102610496924,1.502022293612109e-05,316.227783203125
8169.4825277517875,1.0245462550509052e-05,316.227783203125
8170.862445006651,-4.551501865276107e-06,316.227783203125
8172.242362261514,-4.222720266300068e-05,316.227783203125
8173.622279516378,-4.2036709254068307e-05,316.227783203125
8175.002196771241,-2.0466615547037187e-05,316.227783203125
8176.382114026104,1.8174563260640528e-05,316.227783203125
8177.762031280968,2.9500167361164002e-05,316.227783203125
8179.141948535831,1.4246852838616444e-05,316.227783203125
8180.521865790694,-3.906860639086695e-05,316.227783203125
8181.901783045558,-0.0001273868512469906,316.227783203125
8183.281700300421,-0.0001429752807706212,316.227783203125
8184.6616175552845,-0.00010842253684951314,316.227783203125
8186.041534810148,-6.009725984911819e-05,316.227783203125
8187.421452065011,2.7980349824384236e-05,316.227783203125
8188.8013693198745,0.00013398228931103644,316.227783203125
8190.181286574738,0.0002011358124353801,316.227783203125
8191.561203829601,0.00017988138051310866,316.227783203125
8192.941121084465,0.0,316.227783203125
8194.321038339327,-0.00011589140220004141,316.227783203125
8195.700955594191,-0.000153989103662407,316.227783203125
8197.080872849056,-8.589250653451199e-05,316.227783203125
8198.460790103918,-2.3689328821713262e-05,316.227783203125
8199.84070735878,1.1059896563550727e-05,316.227783203125
8201.220624613645,0.0,316.227783203125
8202.600541868509,-8.49189578183843e-05,316.227783203125
8203.980459123371,-0.0001328176253693929,316.227783203125
8205.360376378234,-0.00012476478942702839,316.227783203125
8206.740293633098,-0.00010367636424003096,316.227783203125
8208.120210887962,-8.117664618463669e-05,316.227783203125
8209.500128142825,-2.452407712906675e-05,316.227783203125
8210.880045397687,1.334243115449791e-05,316.227783203125
8212.259962652552,-3.872845361474475e-05,316.227783203125
8213.639879907416,-5.063155959436801e-06,316.227783203125
8215.019797162278,7.639456241272883e-05,316.227783203125
8216.39971441714,0.00015073669675020988,316.227783203125
8217.779631672005,0.00011672488050179421,316.227783203125
8219.15954892687,8.41885476339857e-06,316.227783203125
8220.539466181732,-3.268738208514737e-05,316.227783203125
8221.919383436594,1.6377600062711037e-05,316.227783203125
8223.299300691458,0.00013928508446666918,316.227783203125
8224.679217946323,0.0001917556630020847,316.227783203125
8226.059135201185,0.0002073827911223151,316.227783203125
8227.439052456048,0.00019871498374257612,316.227783203125
8228.818969710912,0.00013349086054374217,316.227783203125
8230.198886965776,6.844099465084554e-05,316.227783203125
8231.578804220639,5.2062530128118775e-06,316.227783203125
8232.958721475501,-3.689085148346569e-05,316.227783203125
8234.338638730365,-3.904273168090552e-05,316.227783203125
8235.71855598523,-3.359441976962668e-05,316.227783203125
8237.098473240092,-2.3617642983761802e-05,316.227783203125
8238.478390494955,0.0,316.227783203125
8239.858307749819,-1.949812705469983e-06,316.227783203125
8241.238225004683,5.809477134894811e-06,316.227783203125
8242.618142259545,4.307431558227791e-05,316.227783203125
8243.998059514408,5.622091849227361e-05,316.227783203125
8245.377976769272,4.261078272593203e-05,316.227783203125
8246.757894024136,1.3962825648667666e-05,316.227783203125
8248.137811278999,-1.3673628496572998e-05,316.227783203125
8249.517728533861,1.0680846945342742e-07,316.227783203125
8250.897645788726,9.523107098530562e-06,316.227783203125
8252.27756304359,-1.635270466282448e-05,316.227783203125
8253.657480298452,-9.847254528761937e-05,316.227783203125
8255.037397553315,-0.0001037342140062297,316.227783203125
8256.417314808179,-6.876709764540214e-05,316.227783203125
8257.797232063043,-7.430095059556691e-06,316.227783203125
8259.177149317906,5.455720351239986e-05,316.227783203125
8260.557066572768,6.967606576203586e-05,316.227783203125
8261.936983827633,4.8885560576780555e-05,316.227783203125
8263.316901082495,2.9719889929752386e-06,316.227783203125
8264.696818337357,-2.6233722469854413e-05,316.227783203125
8266.076735592222,-2.8786086657976197e-05,316.227783203125
8267.456652847086,-1.16526985761891e-06,316.227783203125
8268.836570101948,5.3615184052641963e-05,316.227783203125
8270.21648735681,4.039169495385561e-05,316.227783203125
8271.596404611675,-5.9474271827267625e-06,316.227783203125
8272.97632186654,-9.955607162674077e-05,316.227783203125
8274.356239121402,-0.00013744993641931665,316.227783203125
8275.736156376264,-0.00011443578090715185,316.227783203125
8277.116073631129,-4.9739356904054954e-05,316.227783203125
8278.495990885993,2.1545850523642385e-05,316.227783203125
8279.875908140855,3.837765974631837e-05,316.227783203125
8281.255825395718,4.180961567227821e-05,316.227783203125
8282.635742650582,3.133222914012898e-05,316.227783203125
8284.015659905446,6.754529186297348e-05,316.227783203125
8285.395577160309,9.342569015817048e-05,316.227783203125
8286.775494415171,9.348756552277245e-05,316.227783203125
8288.155411670035,2.5543911682841466e-05,316.227783203125
8289.5353289249,-1.0858797631300293e-06,316.227783203125
8290.915246179762,-1.664858767665145e-05,316.227783203125
8292.295163434625,-1.4470857645492753e-05,316.227783203125
8293.675080689489,-5.442876885398094e-06,316.227783203125
8295.054997944353,-2.9405066493386894e-05,316.227783203125
8296.434915199216,-4.7516943685168254e-05,316.227783203125
8297.814832454078,-3.114481920425075e-05,316.227783203125
8299.194749708942,1.3447157941668189e-05,316.227783203125
8300.574666963807,2.8275470912352864e-05,316.227783203125
8301.954584218669,2.8816790966218822e-05,316.227783203125
8303.334501473531,4.0206343665159794e-05,316.227783203125
8304.714418728396,5.388794125775649e-05,316.227783203125
8306.09433598326,1.8661659283227515e-05,316.227783203125
8307.474253238122,-8.244591740749329e-05,316.227783203125
8308.854170492985,-0.00011536410410471851,316.227783203125
8310.23408774785,-0.00010774793729423533,316.227783203125
8311.614005002713,-6.183830147003539e-05,316.227783203125
8312.993922257576,-8.053576108169903e-06,316.227783203125
8314.373839512438,5.663926395594286e-05,316.227783203125
8315.753756767303,0.0001028582944953265,316.227783203125
8317.133674022167,0.00011390120898573108,316.227783203125
8318.51359127703,7.861745477706541e-05,316.227783203125
8319.893508531892,4.021445380339352e-05,316.227783203125
8321.273425786756,-4.096092821105277e-06,316.227783203125
8322.65334304162,-4.681513965871121e-05,316.227783203125
8324.033260296483,-0.0001185563689245989,316.227783203125
8325.413177551345,-0.000169639081799163,316.227783203125
8326.79309480621,-0.000193820447527953,316.227783203125
8328.173012061074,-0.0001689577706764072,316.227783203125
8329.552929315936,-0.000145144448421659,316.227783203125
8330.932846570799,-0.00012293981428568822,316.227783203125
8332.312763825663,-8.227051293424516e-05,316.227783203125
8333.692681080527,-6.91836031669205e-05,316.227783203125
8335.07259833539,-5.0428173237790364e-05,316.227783203125
8336.452515590252,-3.1468554576728064e-05,316.227783203125
8337.832432845116,-2.840238993915417e-05,316.227783203125
8339.21235009998,-5.676678174108482e-06,316.227783203125
8340.592267354843,4.581754889514643e-06,316.227783203125
8341.972184609705,5.676678174108482e-06,316.227783203125
8343.35210186457,-2.5661936606939315e-05,316.227783203125
8344.732019119434,-5.710271104846735e-05,316.227783203125
8346.111936374296,-9.29330220659835e-05,316.227783203125
8347.491853629159,-0.00014065667538252797,316.227783203125
8348.871770884023,-0.00011545760362455422,316.227783203125
8350.251688138887,-6.464909698643273e-05,316.227783203125
8351.63160539375,-1.0863202066119758e-05,316.227783203125
8353.011522648612,1.2198271527955225e-05,316.227783203125
8354.391439903477,1.4809235501221998e-05,316.227783203125
8355.77135715834,1.7471830135510485e-05,316.227783203125
8357.151274413203,4.009078579035163e-05,316.227783203125
8358.531191668066,7.687301599336536e-05,316.227783203125
8359.91110892293,5.6034638521904566e-05,316.227783203125
8361.291026177794,-2.8888271633337702e-05,316.227783203125
8362.670943432657,-0.00018548187809618727,316.227783203125
8364.05086068752,-0.00022068533117101247,316.227783203125
8365.430777942383,-0.00017568244044093018,316.227783203125
8366.810695197248,-6.272982470667196e-05,316.227783203125
8368.19061245211,4.6675537566796994e-05,316.227783203125
8369.570529706973,9.98137816354246e-05,316.227783203125
8370.950446961837,0.00010635896642982243,316.227783203125
8372.330364216701,0.00010108452926297935,316.227783203125
8373.710281471564,8.74743476971902e-05,316.227783203125
8375.090198726426,5.79994011134545e-05,316.227783203125
8376.47011598129,5.050143058773528e-06,316.227783203125
8377.850033236155,-3.26202362872759e-05,316.227783203125
8379.229950491017,-6.159214531237332e-05,316.227783203125
8380.60986774588,-8.420798853995409e-05,316.227783203125
8381.989785000744,-0.00011177902628682623,316.227783203125
8383.369702255608,-0.00013826471045410085,316.227783203125
8384.74961951047,-0.0001823632341262319,316.227783203125
8386.129536765333,-0.0002522140692071623,316.227783203125
8387.509454020197,-0.0002923671053558039,316.227783203125
8388.88937127506,-0.00022607817732480176,316.227783203125
8390.269288529922,-7.002964133262946e-05,316.227783203125
8391.649205784786,0.00013917468481692077,316.227783203125
8393.02912303965,0.00018109344847545058,316.227783203125
8394.409040294513,0.00013239220843680802,316.227783203125
8395.788957549375,1.436626641325954e-05,316.227783203125
8397.16887480424,-3.070303706424835e-05,316.227783203125
8398.548792059104,-3.746299455579562e-05,316.227783203125
8399.928709313966,-2.3159186933859044e-05,316.227783203125
8401.308626568829,-3.3328366899912365e-05,316.227783203125
8402.688543823693,-4.819822188205196e-05,316.227783203125
8404.068461078557,-3.195473756576004e-05,316.227783203125
8405.44837833342,4.1531834903412064e-05,316.227783203125
8406.828295588282,3.714425059070901e-05,316.227783203125
8408.208212843147,-7.476788784772058e-06,316.227783203125
8409.58813009801,-7.622491457625301e-05,316.227783203125
8410.968047352873,-0.00011535139166641683,316.227783203125
8412.347964607736,-8.850077429666328e-05,316.227783203125
8413.7278818626,-3.165478619078857e-05,316.227783203125
8415.107799117464,4.169738099922982e-05,316.227783203125
8416.487716372327,7.1527359369657345e-06,316.227783203125
8417.86763362719,-2.087106722786433e-05,316.227783203125
8419.247550882053,-3.5715820345446486e-05,316.227783203125
8420.627468136918,-3.729700302640762e-05,316.227783203125
8422.00738539178,-6.63891791808386e-05,316.227783203125
8423.387302646643,-0.00010343475448995002,316.227783203125
8424.767219901507,-0.00013712155211983296,316.227783203125
8426.147137156371,-0.00010845843010646831,316.227783203125
8427.527054411234,-2.4900772023089997e-05,316.227783203125
8428.906971666096,9.834660131646366e-05,316.227783203125
8430.28688892096,0.0001617413881989634,316.227783203125
8431.666806175825,8.8030499201747e-05,316.227783203125
8433.046723430687,-7.163569495612521e-05,316.227783203125
8434.42664068555,-0.000297598660038278,316.227783203125
8435.806557940414,-0.00024285225171193428,316.227783203125
8437.186475195278,-0.0001375337133147263,316.227783203125
8438.56639245014,-2.2493457448002387e-05,316.227783203125
8439.946309705003,-6.983528221491189e-06,316.227783203125
8441.326226959867,8.403982887537562e-06,316.227783203125
8442.706144214731,3.503016819371169e-05,316.227783203125
8444.086061469594,9.307599189944601e-05,316.227783203125
8445.465978724456,8.199059540296445e-05,316.227783203125
8446.84589597932,7.429612758882553e-05,316.227783203125
8448.225813234185,8.580970493944975e-05,316.227783203125
8449.605730489047,6.13107178309754e-05,316.227783203125
8450.98564774391,4.88353806534763e-05,316.227783203125
8452.365564998774,3.9538217305841276e-05,316.227783203125
8453.745482253638,1.8368616737057634e-05,316.227783203125
8455.1253995085,2.1525760749360745e-06,316.227783203125
8456.505316763363,-2.5159328818444987e-06,316.227783203125
8457.885234018227,1.0226250517245301e-05,316.227783203125
8459.265151273092,7.340690696577834e-05,316.227783203125
8460.645068527954,9.432167224589661e-05,316.227783203125
8462.024985782817,7.552555043631014e-05,316.227783203125
8463.404903037681,1.9582195903908306e-05,316.227783203125
8464.784820292545,-6.227376952084706e-05,316.227783203125
8466.164737547408,-0.0001436039861612082,316.227783203125
8467.54465480227,-0.00020653724170020468,316.227783203125
8468.924572057134,-0.00015092882623387455,316.227783203125
8470.304489311999,-9.669016680020296e-05,316.227783203125
8471.684406566861,-5.2101808267947074e-05,316.227783203125
8473.064323821724,1.7966379660620119e-06,316.227783203125
8474.444241076588,4.145897122607295e-05,316.227783203125
8475.824158331452,5.983856701532661e-05,316.227783203125
8477.204075586315,4.209859330254681e-05,316.227783203125
8478.583992841177,4.493673288919614e-05,316.227783203125
8479.963910096041,5.42387933179728e-05,316.227783203125
8481.343827350905,6.678843703918514e-05,316.227783203125
8482.723744605768,6.975836926142055e-05,316.227783203125
8484.10366186063,8.896887340854344e-05,316.227783203125
8485.483579115495,0.00010856334386753156,316.227783203125
8486.863496370359,8.660057516708414e-05,316.227783203125
8488.243413625221,5.742374883684412e-05,316.227783203125
8489.623330880084,5.419814882763347e-05,316.227783203125
8491.003248134948,0.00010163234256559735,316.227783203125
8492.383165389812,-2.8229224326954856e-05,316.227783203125
8493.763082644675,-0.0002487684024511964,316.227783203125
8495.142999899537,-0.0005467129551323677,316.227783203125
8496.522917154402,-0.0009018708082246026,316.227783203125
8497.902834409266,-0.0010165317458649065,316.227783203125
8499.282751664128,-0.0009077090130453942,316.227783203125
8500.66266891899,-0.0004891188775985851,316.227783203125
8502.042586173855,-0.00022246298816635483,316.227783203125
8503.42250342872,-9.077095776880133e-05,316.227783203125
8504.802420683582,-0.00010160925639970259,316.227783203125
8506.182337938444,-3.828110048181323e-05,316.227783203125
8507.562255193308,2.2588010375152595e-05,316.227783203125
8508.942172448173,6.265320862102602e-05,316.227783203125
8510.322089703035,-4.513280600568215e-06,316.227783203125
8511.702006957898,-0.0001168974655897468,316.227783203125
8513.081924212762,-0.00021741056692813326,316.227783203125
8514.461841467624,-0.0002647422954441042,316.227783203125
8515.841758722487,-0.00028412597388848427,316.227783203125
8517.221675977351,-0.00023655671291254905,316.227783203125
8518.601593232215,-0.0001213153177375267,316.227783203125
8519.981510487078,2.237470489091682e-06,316.227783203125
8521.36142774194,3.288517157212442e-05,316.227783203125
8522.741344996804,1.6212299879234116e-05,316.227783203125
8524.121262251669,8.899922331998683e-06,316.227783203125
8525.501179506531,-6.194021750598015e-06,316.227783203125
8526.881096761394,-1.3970108485130035e-05,316.227783203125
8528.261014016258,-6.661097621664044e-06,316.227783203125
8529.640931271122,2.2293503437013917e-05,316.227783203125
8531.020848525985,1.447730222118096e-05,316.227783203125
8532.400765780847,-2.5440685130697673e-05,316.227783203125
8533.780683035711,-8.796038242778106e-05,316.227783203125
8535.160600290576,-0.0001862168930133615,316.227783203125
8536.540517545438,-0.00036177466474121046,316.227783203125
8537.9204348003,-0.000713163346733223,316.227783203125
8539.300352055165,-0.0012861997823204003,316.227783203125
8540.680269310029,-0.001792283826449836,316.227783203125
8542.060186564891,-0.0021387035970609272,316.227783203125
8543.440103819754,-0.0017394948148267116,316.227783203125
8544.820021074618,-0.001232895848005667,316.227783203125
8546.199938329482,-0.0006935847355121214,316.227783203125
8547.579855584345,-0.00045662815336211787,316.227783203125
8548.959772839207,-0.00034462560069604964,316.227783203125
8550.339690094072,-0.0002513134968200933,316.227783203125
8551.719607348936,-7.687307700005291e-05,316.227783203125
8553.099524603798,-6.758504341964396e-05,316.227783203125
8554.47944185866,-7.82255253807488e-05,316.227783203125
8555.859359113525,-7.85154425599361e-05,316.227783203125
8557.23927636839,-8.481857669050564e-05,316.227783203125
8558.619193623252,-8.38893629644252e-05,316.227783203125
8559.999110878114,-8.19322895715081e-05,316.227783203125
8561.379028132978,-7.745200861024489e-05,316.227783203125
8562.758945387843,-3.3975256829646416e-05,316.227783203125
8564.138862642705,1.4375032891710687e-05,316.227783203125
8565.518779897568,2.5861531116127927e-05,316.227783203125
8566.898697152432,1.6266242626864803e-05,316.227783203125
8568.278614407296,-3.827406218302569e-06,316.227783203125
8569.658531662159,-3.397144047509373e-05,316.227783203125
8571.038448917021,-2.1950497564752168e-05,316.227783203125
8572.418366171885,-2.382496217214966e-05,316.227783203125
8573.79828342675,-2.7068916389596034e-05,316.227783203125
8575.178200681612,2.7262121145821792e-05,316.227783203125
8576.558117936474,0.00010104400347780117,316.227783203125
8577.938035191339,0.0001565117736791596,316.227783203125
8579.317952446203,0.00015204109297400382,316.227783203125
8580.697869701065,6.867738291790448e-05,316.227783203125
8582.077786955928,-2.5862694082523854e-06,316.227783203125
8583.457704210792,-3.672131994501924e-05,316.227783203125
8584.837621465656,6.200536629060848e-05,316.227783203125
8586.217538720519,9.38631951212382e-05,316.227783203125
8587.597455975381,6.42556584521713e-05,316.227783203125
8588.977373230246,-1.8942660450294371e-06,316.227783203125
8590.35729048511,-5.950698490441754e-05,316.227783203125
8591.737207739972,-0.00011495353133308527,316.227783203125
8593.117124994835,-0.0001744104125766515,316.227783203125
8594.497042249699,-0.0002059583667373254,316.227783203125
8595.876959504563,-0.00019493218456392847,316.227783203125
8597.256876759426,-0.00010790785682143755,316.227783203125
8598.636794014288,-5.062897319130753e-05,316.227783203125
8600.016711269152,-1.536301116955921e-05,316.227783203125
8601.396628524017,-4.546466231551867e-06,316.227783203125
8602.77654577888,-5.442750430046956e-05,316.227783203125
8604.156463033742,-8.630688064662547e-05,316.227783203125
8605.536380288606,-0.0001009861083150496,316.227783203125
8606.91629754347,-8.810394455325502e-05,316.227783203125
8608.296214798333,-9.695790853830096e-05,316.227783203125
8609.676132053195,-0.00010845511776471067,316.227783203125
8611.05604930806,-0.00011235286178477594,316.227783203125
8612.435966562924,-8.195543708529405e-05,316.227783203125
8613.815883817786,-6.585499709358192e-05,316.227783203125
8615.195801072648,-6.96384306256223e-05,316.227783203125
8616.575718327513,-1.2624105860795098e-05,316.227783203125
8617.955635582377,3.3370821095804644e-05,316.227783203125
8619.33555283724,6.157695105593348e-05,316.227783203125
8620.715470092102,3.2441009885898764e-05,316.227783203125
8622.095387346966,-2.14296697425816e-05,316.227783203125
8623.47530460183,-2.8951375522751066e-05,316.227783203125
8624.855221856693,0.0001167722147534505,316.227783203125
8626.235139111555,0.00019405652231258182,316.227783203125
8627.61505636642,0.00017738664434646754,316.227783203125
8628.994973621284,3.888756224425943e-05,316.227783203125
8630.374890876146,-8.695251005109463e-05,316.227783203125
8631.754808131009,-0.00015113386908456247,316.227783203125
8633.134725385873,-0.00014423047319176135,316.227783203125
8634.514642640737,3.0575170338487806e-06,316.227783203125
8635.8945598956,0.00015223670884598195,316.227783203125
8637.274477150462,0.0002555251535328448,316.227783203125
8638.654394405326,0.00017027764731880092,316.227783203125
8640.034311660189,0.00014273631587359645,316.227783203125
8641.414228915051,0.00011791545101939166,316.227783203125
8642.794146169916,5.5623980851095094e-05,316.227783203125
8644.17406342478,-2.713385773647943e-05,316.227783203125
8645.553980679642,-6.424393494520574e-05,316.227783203125
8646.933897934505,-3.450817435454376e-05,316.227783203125
8648.313815189369,2.44152253001265e-05,316.227783203125
8649.693732444233,6.990496104608817e-05,316.227783203125
8651.073649699096,9.866184880714859e-05,316.227783203125
8652.453566953958,7.87463866798125e-05,316.227783203125
8653.833484208822,6.28757947526773e-05,316.227783203125
8655.213401463687,2.0444545556465125e-05,316.227783203125
8656.59331871855,-0.00013808840073410624,316.227783203125
8657.973235973412,-0.0005173833280699798,316.227783203125
8659.353153228276,-0.0010110865419989002,316.227783203125
8660.73307048314,-0.0016092681066839053,316.227783203125
8662.112987738003,-0.001824180933562671,316.227783203125
8663.492904992865,-0.001669370163251826,316.227783203125
8664.87282224773,-0.001093571236839722,316.227783203125
8666.252739502594,-0.000623196032137602,316.227783203125
8667.632656757456,-0.00030644437211312797,316.227783203125
8669.012574012319,-0.00013266347768485336,316.227783203125
8670.392491267183,-7.613182835663167e-05,316.227783203125
8671.772408522047,-8.608782171624918e-05,316.227783203125
8673.15232577691,-0.00012870097173733018,316.227783203125
8674.532243031772,-0.00015442357387860078,316.227783203125
8675.912160286636,-7.492403966974284e-05,316.227783203125
8677.2920775415,8.718748221811339e-06,316.227783203125
8678.671994796363,1.4571623283022965e-05,316.227783203125
8680.051912051225,-6.169305271612989e-06,316.227783203125
8681.43182930609,-3.764911659018006e-05,316.227783203125
8682.811746560954,-8.31649211333052e-05,316.227783203125
8684.191663815816,-4.735267069984079e-05,316.227783203125
8685.571581070679,-8.758506430323835e-05,316.227783203125
8686.951498325543,-0.00020050000254604947,316.227783203125
8688.331415580407,-0.00022892866288331658,316.227783203125
8689.71133283527,-0.000125750673636172,316.227783203125
8691.091250090132,4.710140183947654e-05,316.227783203125
8692.471167344997,0.00013370221539705986,316.227783203125
8693.85108459986,0.00014904410037110908,316.227783203125
8695.231001854723,0.00011326541687091927,316.227783203125
8696.610919109586,2.4159542001178473e-05,316.227783203125
8697.99083636445,-5.4997191587195966e-05,316.227783203125
8699.370753619314,-0.00012324442847856405,316.227783203125
8700.750670874177,-0.00017129034314611238,316.227783203125
8702.13058812904,-4.336842674960897e-05,316.227783203125
8703.510505383903,0.00011244157046677496,316.227783203125
8704.890422638768,0.00027403910667709534,316.227783203125
8706.27033989363,0.0002676770583320519,316.227783203125
8707.650257148493,0.00023127225040068047,316.227783203125
8709.030174403357,0.0001714154755360093,316.227783203125
8710.410091658221,0.00010267238162834681,316.227783203125
8711.790008913084,9.428323731368662e-07,316.227783203125
8713.169926167946,-9.539399611478878e-05,316.227783203125
8714.54984342281,-8.496297976182642e-05,316.227783203125
8715.929760677674,-4.75726129528474e-05,316.227783203125
8717.309677932537,-7.435206374490494e-06,316.227783203125
8718.6895951874,1.5082290520153536e-05,316.227783203125
8720.069512442264,4.317810091795764e-05,316.227783203125
8721.449429697128,8.692148741145864e-05,316.227783203125
8722.82934695199,0.00015520560096233746,316.227783203125
8724.209264206853,0.0001444678704714559,316.227783203125
8725.589181461717,9.415554890758633e-05,316.227783203125
8726.969098716581,1.3796474368989349e-05,316.227783203125
8728.349015971444,1.991500545067172e-05,316.227783203125
8729.728933226306,3.142128865200357e-05,316.227783203125
8731.10885048117,3.319234429843658e-05,316.227783203125
8732.488767736035,-4.1467725355269665e-05,316.227783203125
8733.868684990897,-8.767107330017333e-05,316.227783203125
8735.24860224576,-9.947705993822945e-05,316.227783203125
8736.628519500624,-2.196377393221243e-05,316.227783203125
8738.008436755488,-6.36928329783553e-05,316.227783203125
8739.38835401035,-0.0001538054250183607,316.227783203125
8740.768271265213,-0.00025005384841315405,316.227783203125
8742.148188520077,-0.00020317789167937673,316.227783203125
8743.528105774942,-0.0001250235224024912,316.227783203125
8744.908023029804,-5.573297834770511e-05,316.227783203125
8746.287940284667,-5.6292831888096924e-05,316.227783203125
8747.66785753953,-7.75290407844121e-05,316.227783203125
8749.047774794395,-0.00011691188903687963,316.227783203125
8750.427692049258,-0.000190533825078428,316.227783203125
8751.80760930412,-0.00024223055799824436,316.227783203125
8753.187526558984,-0.0002814046233557523,316.227783203125
8754.567443813849,-0.00036375649774416773,316.227783203125
8755.947361068711,-0.0003897946429211093,316.227783203125
8757.327278323573,-0.00034578186300995416,316.227783203125
8758.707195578438,-0.00011991836435195063,316.227783203125
8760.087112833302,6.191710590219834e-05,316.227783203125
8761.467030088164,0.00016046533152280253,316.227783203125
8762.846947343027,3.326944352816368e-05,316.227783203125
8764.226864597891,1.4313917486940761e-05,316.227783203125
8765.606781852754,5.216677559690807e-05,316.227783203125
8766.986699107616,0.00013037416870644372,316.227783203125
8768.36661636248,8.331646872915179e-05,316.227783203125
8769.746533617345,1.723286106657812e-06,316.227783203125
8771.126450872207,-8.905353999967471e-05,316.227783203125
8772.50636812707,-0.0001573580564148665,316.227783203125
8773.886285381934,-0.00010900743534533221,316.227783203125
8775.266202636798,0.00010005925939394599,316.227783203125
8776.64611989166,0.00018282846680138347,316.227783203125
8778.026037146523,0.0002096354912920744,316.227783203125
8779.405954401387,0.00018975316626202582,316.227783203125
8780.785871656251,0.0001610397887167733,316.227783203125
8782.165788911114,0.00012517545089460198,316.227783203125
8783.545706165976,9.368584477451036e-05,316.227783203125
8784.92562342084,0.00015924676332083106,316.227783203125
8786.305540675705,0.00017938012398707823,316.227783203125
8787.685457930567,0.0001685105479951243,316.227783203125
8789.06537518543,0.00013714281321779327,316.227783203125
8790.445292440294,0.00014461321267494366,316.227783203125
8791.825209695158,0.00015067417270329345,316.227783203125
8793.20512695002,9.165323872556766e-05,316.227783203125
8794.585044204883,0.00011284376219420668,316.227783203125
8795.964961459747,0.00015483047408997204,316.227783203125
8797.344878714612,0.00018528615519727756,316.227783203125
8798.724795969474,0.000130282648806216,316.227783203125
8800.104713224337,9.215198091931925e-05,316.227783203125
8801.4846304792,0.0001227222968107353,316.227783203125
8802.864547734065,2.406353630645102e-05,316.227783203125
8804.244464988928,-9.535594826708214e-05,316.227783203125
8805.62438224379,-0.00022025732675829898,316.227783203125
8807.004299498654,-8.865404410317908e-05,316.227783203125
8808.384216753519,1.5340734133642737e-05,316.227783203125
8809.764134008381,7.240800752054532e-05,316.227783203125
8811.144051263243,9.196766691869831e-05,316.227783203125
8812.523968518108,0.00015008025333627332,316.227783203125
8813.903885772972,0.0002314563840894483,316.227783203125
8815.283803027834,0.00021688764436225,316.227783203125
8816.663720282697,0.0001370452043770714,316.227783203125
8818.043637537561,3.958562127977846e-05,316.227783203125
8819.423554792425,0.00010846200116474032,316.227783203125
8820.803472047288,6.211967804757058e-05,316.227783203125
8822.18338930215,-4.028381982363726e-05,316.227783203125
8823.563306557015,-0.00012374854743932556,316.227783203125
8824.943223811879,-1.7670280249383608e-05,316.227783203125
8826.323141066741,0.0001640679135308477,316.227783203125
8827.703058321604,0.0003430363807162872,316.227783203125
8829.082975576468,0.0003076135129789588,316.227783203125
8830.462892831332,0.0001928908657854193,316.227783203125
8831.842810086195,3.4499305565597466e-05,316.227783203125
8833.222727341057,-3.4407259798360096e-05,316.227783203125
8834.602644595921,-4.286101473280259e-05,316.227783203125
8835.982561850786,2.9177388769366548e-05,316.227783203125
8837.362479105648,0.00011135809680297686,316.227783203125
8838.74239636051,0.0001615470515273481,316.227783203125
8840.122313615375,0.00015809284421346333,316.227783203125
8841.50223087024,0.0001660088170275095,316.227783203125
8842.882148125102,0.00018709313591251057,316.227783203125
8844.262065379964,0.0002208563890296186,316.227783203125
8845.641982634828,0.00010678963913796167,316.227783203125
8847.021899889693,-3.99784405239155e-05,316.227783203125
8848.401817144555,-0.00020437155062841012,316.227783203125
8849.781734399417,7.003870124917214e-05,316.227783203125
8851.161651654282,0.00018770755673148346,316.227783203125
8852.541568909146,0.00016773812981800418,316.227783203125
8853.921486164008,3.981683272490967e-05,316.227783203125
8855.30140341887,1.6080679557822254e-05,316.227783203125
8856.681320673735,6.490326010962031e-05,316.227783203125
8858.0612379286,9.335869049494593e-05,316.227783203125
8859.441155183462,5.111111602891429e-05,316.227783203125
8860.821072438324,-2.187374070620595e-05,316.227783203125
8862.200989693189,-5.031645302725884e-05,316.227783203125
8863.580906948053,-7.022345144582116e-05,316.227783203125
8864.960824202915,-0.00012746068944839446,316.227783203125
8866.340741457778,-0.0003641535844176591,316.227783203125
8867.720658712642,-0.0004527300787855364,316.227783203125
8869.100575967506,-0.00044502791408810964,316.227783203125
8870.480493222369,-0.0003180873789333386,316.227783203125
8871.860410477231,-0.0001903009587199021,316.227783203125
8873.240327732095,-3.323298774978237e-05,316.227783203125
8874.62024498696,0.0001964994133614147,316.227783203125
8876.000162241822,0.00019952641179384056,316.227783203125
8877.380079496685,0.0001583939511926452,316.227783203125
8878.759996751549,0.00013890975879218923,316.227783203125
8880.139914006413,0.00019336601222139788,316.227783203125
8881.519831261276,0.0001749822337862401,316.227783203125
8882.899748516138,-1.6587646961049168e-06,316.227783203125
8884.279665771002,-7.562005804555294e-05,316.227783203125
8885.659583025867,-0.0001267097116112734,316.227783203125
8887.039500280729,-0.0001633461120687258,316.227783203125
8888.419417535591,-0.0002686207779656223,316.227783203125
8889.799334790456,-0.0002901132579185171,316.227783203125
8891.179252045318,-0.0001885933643636312,316.227783203125
8892.55916930018,-1.6561071716343807e-05,316.227783203125
8893.939086555045,5.4981049777029674e-05,316.227783203125
8895.31900380991,-6.131798939799232e-07,316.227783203125
8896.698921064772,-5.13277707494663e-06,316.227783203125
8898.078838319634,-6.508710212166889e-05,316.227783203125
8899.458755574498,-0.00018218417936695114,316.227783203125
