wave,flux,uncertainty
3499.1179361352497,0.006740000098943898,6.739999776073279e-07
3499.923733705058,0.0069329951190003365,6.932994847971768e-07
3500.729716838696,0.007060998179659044,7.060997875887234e-07
3501.5358855788954,0.007068994340757649,7.068994118830691e-07
3502.3422399683996,0.007204990468359938,7.204990295572029e-07
3503.1487800499613,0.007196009556718347,7.19600909835933e-07
3503.955505866342,0.0071320009380585695,7.132000496016261e-07
3504.7624174603143,0.007130016051847668,7.130015873531385e-07
3505.5695148746595,0.0069540320053330185,6.954032039894931e-07
3506.3767981521705,0.006899991273979448,6.899991143045974e-07
3507.184267335648,0.006955996654976128,6.9559964258318e-07
3507.9919224679043,0.006905020746584566,6.905020291852883e-07
3508.79976359176,0.006823034999715378,6.823034661356263e-07
3509.607790750047,0.006669056089489896,6.669055802023769e-07
3510.416003985606,0.006508050477249397,6.508050465395361e-07
3511.2244033412885,0.006402022300246402,6.402022159315443e-07
3512.0329888599545,0.006368016214270441,6.368016112377304e-07
3512.8417605844757,0.006300036933567188,6.30003680720887e-07
3513.6507185577316,0.006253980613128015,6.253980402955079e-07
3514.4598628226136,0.00640289357931521,6.402893642066873e-07
3515.2691934220215,0.006653866134504712,6.653865887280969e-07
3516.0787103988655,0.006886912419857568,6.886912065153402e-07
3516.8884137960663,0.00699295138807955,6.992951059716961e-07
3517.698303656553,0.007072976304080194,7.072976122937232e-07
3518.5083800232665,0.007040066993862784,7.040066953094292e-07
3519.3186429391553,0.006879112355824807,6.879111919253519e-07
3520.12909244718,0.0067121026448521285,6.712102603811716e-07
3520.93972859031,0.006548125169224645,6.548124895619382e-07
3521.7505514115246,0.006333169464628994,6.333169198111863e-07
3522.561560953813,0.00611411128341853,6.114110983324585e-07
3523.3727572601747,0.006005098695173497,6.005098428566743e-07
3524.184140373619,0.005855076686773494,5.855076614865105e-07
3524.995710337164,0.0058619229342977,5.861922740773306e-07
3525.80746719384,0.005981921127636467,5.981920819150044e-07
3526.6194109866847,0.006096805910410428,6.096805914025927e-07
3527.4315417587472,0.006445663456120723,6.445663197054367e-07
3528.2438595530866,0.006755808679326726,6.755808520055889e-07
3529.056364412771,0.006895892225376853,6.895892053540937e-07
3529.869056380879,0.006993965442716391,6.993965317891886e-07
3530.6819355004995,0.006958073988184892,6.958074063805996e-07
3531.49500181473,0.006905996641547097,6.905996288129033e-07
3532.30825536668,0.006973886993468504,6.973886663799042e-07
3533.1216961994664,0.007104839918090863,7.104839961873656e-07
3533.935324356218,0.007244899901248598,7.24489946677995e-07
3534.749139880073,0.007287973396185127,7.287973207450161e-07
3535.563142814179,0.007323947413414817,7.323947490634081e-07
3536.3773332016945,0.007383911696025377,7.383911716165037e-07
3537.1917110857867,0.0074629259146625155,7.462925878240046e-07
3538.006276509634,0.0075189088191678875,7.518908787560038e-07
3538.8210295164236,0.007596958837123407,7.596958545239269e-07
3539.6359701493534,0.007571067769632833,7.571067598676712e-07
3540.4510984516314,0.0075140831172524816,7.514082840521739e-07
3541.266414466475,0.007459026071079666,7.459026096750697e-07
3542.081918237112,0.007478947155647881,7.478946714607852e-07
3542.897609806779,0.007515958215127837,7.515958242839425e-07
3543.7134892187246,0.007548937168814281,7.548937057489336e-07
3544.529556516206,0.007591981407114707,7.591980973506053e-07
3545.34581174249,0.00757403420229402,7.574033867996913e-07
3546.1622549408544,0.007554044071318536,7.554044101184108e-07
3546.9788861545862,0.007511061566410676,7.511061452883129e-07
3547.795705426983,0.0074880000289623124,7.487999873774606e-07
3548.6127128013522,0.007501978287967799,7.501977888466185e-07
3549.4299083210103,0.007497046136843468,7.497046163890907e-07
3550.2472920292857,0.007454059864477985,7.454059645644897e-07
3551.0648639695146,0.007409128273448616,7.409128071437624e-07
3551.8826241850443,0.0072882192800578375,7.28821909169542e-07
3552.7005727192322,0.007172141826195644,7.172141793124423e-07
3553.5187096154455,0.00710809672952333,7.108096713731694e-07
3554.337034917061,0.007060028689951424,7.060028285091978e-07
3555.155548667466,0.007089877986829942,7.089878069947189e-07
3555.974250910058,0.007160940263767876,7.160940209765088e-07
3556.7931416882434,0.007155023543542168,7.155023246419775e-07
3557.6122210454396,0.007165940208274094,7.165939829929644e-07
3558.4314890250735,0.007193013034077051,7.193012738171162e-07
3559.2509456705825,0.00716004125524714,7.160041099792239e-07
3560.0705910254137,0.007184864766528019,7.184864389589717e-07
3560.8904251330237,0.007263919756299476,7.263919321936784e-07
3561.7104480368803,0.007269977129159938,7.269977040939159e-07
3562.53065978046,0.007272128329282805,7.272127977374289e-07
3563.3510604072503,0.007101490865485372,7.101490867421616e-07
3564.1716499607487,0.006807634881224428,6.807634948274466e-07
3564.9924284844615,0.006498543916568252,6.49854351876167e-07
3565.813396021906,0.006306191834580419,6.306191484956996e-07
3566.63455261661,0.006291934809072404,6.291934600593548e-07
3567.4558983121105,0.0063150116693315335,6.315011502970647e-07
3568.2774331519545,0.00624730062880099,6.247300437596733e-07
3569.0991571796994,0.006086226051084662,6.086226032727353e-07
3569.9210704389125,0.006085814659685988,6.085814641274338e-07
3570.7431729731716,0.006206731994197661,6.206732065628234e-07
3571.5654648260634,0.006328675029163349,6.32867472189404e-07
3572.3879460411854,0.006499640962236941,6.499640868596226e-07
3573.210616662145,0.006626780955587216,6.626780625292422e-07
3574.0334767325608,0.006704859217002707,6.70485929733352e-07
3574.8565262960587,0.006752927703052257,6.752927604956229e-07
3575.679765396277,0.00677693631428094,6.776935892189406e-07
3576.503194076864,0.006783121473041751,6.783121395783044e-07
3577.3268123814764,0.00667132318474627,6.671323202480388e-07
3578.1506203537824,0.006522435042137289,6.522434786889519e-07
3578.97461803746,0.006288676076537853,6.288675827509176e-07
3579.7988054761963,0.006001623138127386,6.001622830069717e-07
3580.62318271369,0.005815277743646126,5.815277830931161e-07
3581.4477497936487,0.0057709546933686585,5.770954433655094e-07
3582.2725067597903,0.005813908566433914,5.813908551965033e-07
3583.0974536558433,0.005811111200833557,5.811111247818831e-07
3583.9225905255457,0.005741200591867033,5.741200411469808e-07
3584.747917412646,0.005656274004180714,5.65627410358763e-07
3585.573434360902,0.0055670460647649425,5.567045731387917e-07
3586.3991414140824,0.0056505772366123004,5.650577091108528e-07
3587.225038615966,0.005837511299290482,5.837510962313181e-07
3588.051126010341,0.006029369543355619,6.029369623457572e-07
3588.877403641006,0.00632014260372328,6.320142215069751e-07
3589.7038715517697,0.006627229631863077,6.627229504612535e-07
3590.530529786451,0.006899222485986101,6.899222355620856e-07
3591.357378388879,0.00716546131665293,7.165460938802271e-07
3592.184417402893,0.007275817526013273,7.275817213852755e-07
3593.0116468723413,0.007342790723588661,7.342790801947701e-07
3593.8390668410834,0.007445584500785264,7.44558420019561e-07
3594.666677352989,0.007627446938665871,7.627446770563066e-07
3595.494478451937,0.007813472449427402,7.813471989506618e-07
3596.3224701818176,0.007996475611850053,7.996475282727298e-07
3597.1506525865298,0.008149697966456386,8.149697484760181e-07
3597.979025709983,0.008194994799292277,8.194994766138263e-07
3598.807589596098,0.008192942292927613,8.192942058304895e-07
3599.636344288804,0.008203166856374044,8.203166905074776e-07
3600.4652898320414,0.008051667812295391,8.051667649562552e-07
3601.2944262697606,0.0078117153954097695,7.81171499581934e-07
3602.1237536459216,0.007585728118266851,7.585727702495616e-07
3602.9532720044945,0.0073436783495491875,7.343678426945519e-07
3603.7829813894605,0.007176350540042676,7.176350548621965e-07
3604.61288184481,0.00710118029805347,7.101180300740504e-07
3605.4429734145438,0.007055065632427781,7.055065552093068e-07
3606.273256142673,0.007039145346239086,7.039145101529179e-07
3607.1037300732187,0.006946393550636815,6.946393502636203e-07
3607.9343952502118,0.006821378631512143,6.821378558182225e-07
3608.7652517176934,0.006747020055194285,6.747019610007913e-07
3609.596299519716,0.006802715952356299,6.802715977386188e-07
3610.427538700341,0.006898619117404279,6.89861888555601e-07
3611.2589693036393,0.007047380749015479,7.047380789955893e-07
3612.0905913736938,0.0072265873434600855,7.226587009648648e-07
3612.922404954596,0.0072987469155024135,7.298746645876454e-07
3613.754410090449,0.007404625528364158,7.404625285370433e-07
3614.586606825364,0.007491783921586301,7.491783704745916e-07
3615.4189952034644,0.007509172691298717,7.509172272765835e-07
3616.251575268883,0.00737573448788244,7.375734324662507e-07
3617.084347065762,0.00710806862268747,7.108068402363577e-07
3617.9173106382545,0.006821786356041299,6.8217862818785e-07
3618.7504660305244,0.006708976914706612,6.708976469080595e-07
3619.583813286745,0.006814368884816894,6.814368464144634e-07
3620.4173524510998,0.00704494969319311,7.044949428488244e-07
3621.2510835677817,0.007367883320395376,7.367883379560211e-07
3622.085006680996,0.007632171395566221,7.632171472684221e-07
3622.9191218349556,0.00784227564242145,7.842275467429725e-07
3623.7534290738854,0.008035313850313601,8.035313725932866e-07
3624.58792844202,0.008231182073563733,8.231182045065982e-07
3625.422619983603,0.008471126273554263,8.471126015004005e-07
3626.2575037428905,0.008651629147476995,8.651629182653015e-07
3627.092579764147,0.008655301767115296,8.655301639727911e-07
3627.927848091648,0.008500879609362159,8.500879638185692e-07
3628.7633087696786,0.00818256733433781,8.182566977038682e-07
3629.598961842534,0.007709904438293408,7.709904416803686e-07
3630.434807354521,0.007258440831794458,7.258440521447894e-07
3631.270845349955,0.006996569844525753,6.996569454556723e-07
3632.1070758731626,0.006957760084781121,6.957760160627323e-07
3632.9434989684796,0.007074465552019381,7.074465108086389e-07
3633.7801146802535,0.007204468694390969,7.204468520945175e-07
3634.6169230528403,0.00735829706222002,7.358296736044449e-07
3635.4539241306074,0.00756603109953596,7.566030887415322e-07
3636.291117957933,0.007819056880028687,7.819056661839393e-07
3637.128504579203,0.008028173374271738,8.028173373428373e-07
3637.966084038816,0.008244099795591596,8.244099319044278e-07
3638.8038563811797,0.008435467051870987,8.4354669933018e-07
3639.6418216507127,0.0084831136794312,8.48311333988618e-07
3640.479979891843,0.008411385275220333,8.411385336303177e-07
3641.3183311490093,0.008301599457957517,8.301598987250911e-07
3642.156875466661,0.008118865926043679,8.118865684287734e-07
3642.9956128892563,0.007907872416014762,7.907872327354501e-07
3643.834543461265,0.007718684003879672,7.718683800351968e-07
3644.6736672271672,0.007584483353337582,7.584483406684331e-07
3645.512984231452,0.007472514914105836,7.47251459464864e-07
3646.3524945186196,0.007350451661259741,7.350451720638706e-07
3647.1921981331807,0.007275214949050033,7.275214537373751e-07
3648.032095119655,0.007262815101947564,7.262815134412868e-07
3648.8721855225745,0.0073702790024390355,7.370278800390166e-07
3649.7124693864794,0.007572018498894701,7.572018064763094e-07
3650.5529467559218,0.007812827472747102,7.812827011806304e-07
3651.3936176754623,0.008082926100586824,8.082925898850681e-07
3652.2344821896736,0.00829112141293675,8.291121223841086e-07
3653.0755403431376,0.00848423792643248,8.484237788674482e-07
3653.916792180447,0.008624458203766476,8.624458156188581e-07
3654.7582377462036,0.008737518080001484,8.737518040231486e-07
3655.599877085021,0.008846461979224243,8.846461905202557e-07
3656.4417102415223,0.008972435717852096,8.972435772305454e-07
3657.283737260341,0.009076647433172502,9.076647415030571e-07
3658.1259581861204,0.009129816386641175,9.129816331712807e-07
3658.968373063515,0.00916487247855872,9.164872018547885e-07
3659.8109819371894,0.009164222141568507,9.164222044415757e-07
3660.6537848518174,0.009073519787378788,9.073519729077369e-07
3661.4967818520845,0.008967461734411273,8.967461545834665e-07
3662.339972982686,0.008870493396172546,8.870493364400879e-07
3663.183358288327,0.00877035195022867,8.770351670556324e-07
3664.026937813723,0.008738964510337167,8.738964105414684e-07
3664.870711603601,0.008758950012214769,8.758949810405331e-07
3665.714679702697,0.008746135009055215,8.746135051569571e-07
3666.5588421557572,0.008702331544008467,8.702331137627018e-07
3667.403199007539,0.00860754950880165,8.607549093893724e-07
3668.2477503028094,0.008505336807578598,8.505336873987918e-07
3669.0924960863467,0.008480947171386888,8.480946995231953e-07
3669.9374364029377,0.008530492821412104,8.5304924044419e-07
3670.7825712973818,0.008683091686836791,8.683091481297756e-07
3671.6279008144866,0.008859266062596153,8.859265745871996e-07
3672.473424999071,0.008952838672470365,8.952838728615023e-07
3673.319143895965,0.008939195975900597,8.939195501931166e-07
3674.1650575500075,0.008895248456553945,8.895248304926898e-07
3675.0111660060484,0.008819621596328304,8.819621236210661e-07
3675.857469308948,0.00864112481318403,8.64112472542916e-07
3676.7039675035767,0.008409131036491617,8.409130693252982e-07
3677.550660634815,0.0082197872651091,8.21978690821824e-07
3678.3975487475545,0.008100450970238602,8.100450931898718e-07
3679.2446318866964,0.00803918758838546,8.039187508667749e-07
3680.091910097153,0.008037762814513513,8.037762529805336e-07
3680.939383423846,0.008125413252563848,8.125413094454762e-07
3681.7870519117077,0.008241398607409346,8.241398293528444e-07
3682.6349156056817,0.008328807492883245,8.328807308079073e-07
3683.482974550721,0.008301438225862379,8.30143775346463e-07
3684.331228791789,0.00817685653915379,8.176856503899719e-07
3685.1796783738596,0.007998945261883075,7.998945137610888e-07
3686.028323341917,0.007854498623517336,7.854498367248884e-07
3686.877163740956,0.007830738799486477,7.830738501870865e-07
3687.7261996159814,0.007949007873740267,7.949007462121809e-07
3688.5754310120087,0.008181552343758242,8.181552187364093e-07
3689.4248579740643,0.008483110009375823,8.483109871591483e-07
3690.274480547183,0.008835362830400444,8.835362835925487e-07
3691.124298776412,0.009037389808557448,9.037389586386645e-07
3691.9743127068086,0.00907910019656162,9.079099811927092e-07
3692.824522383439,0.009008698780464806,9.008698431407438e-07
3693.6749278513817,0.008871539964144403,8.871539566953226e-07
3694.525529155724,0.008842889303208803,8.84288918715726e-07
3695.376326341565,0.008884672791502282,8.884672720695093e-07
3696.2273194540126,0.008969294877474911,8.969294527631972e-07
3697.0785085381863,0.009127067802656924,9.127067339485481e-07
3697.9298936392156,0.009291983044134568,9.29198254967327e-07
3698.7814748022406,0.009471177062392025,9.471176865941689e-07
3699.633252072412,0.00954207061138008,9.542069969621565e-07
3700.4852254948896,0.009444024632918466,9.444024510229772e-07
3701.3373951148446,0.00919676662387344,9.196766654389436e-07
3702.189760977459,0.008847186090912654,8.847185610222461e-07
3703.042323127925,0.008438586332685122,8.438586271993449e-07
3703.8950816114443,0.00798933118530819,7.98933114264571e-07
3704.74803647323,0.007684195007181977,7.68419463997325e-07
3705.6011877585047,0.007564284585625728,7.564284432847627e-07
3706.454535512503,0.007577513276898829,7.577512986046883e-07
3707.3080797804673,0.007700260234113261,7.700259765048338e-07
3708.1618206076537,0.007816225843565292,7.816225789178244e-07
3709.0157580393256,0.007986756525399031,7.986756115871462e-07
3709.8698921207597,0.008234303587504205,8.234303599067024e-07
3710.72422289724,0.008544076358175764,8.544075903662255e-07
3711.578750414064,0.008877857820633805,8.877857502120517e-07
3712.4334747165376,0.00924783866873813,9.247838498598704e-07
3713.288395849978,0.009556550748844879,9.556550271961252e-07
3714.143513859712,0.009716490745980794,9.716490355597774e-07
3714.9988287910783,0.009735259390949377,9.73525957292046e-07
3715.8543406894246,0.009630069273169879,9.630069329542822e-07
3716.7100496001094,0.009365260978839886,9.36526081602258e-07
3717.565955568503,0.008894426706689294,8.894426513954109e-07
3718.422058639984,0.008292818094129748,8.292818067677836e-07
3719.2783588599423,0.007714125742292179,7.714125559529707e-07
3720.134856273779,0.007330508895013508,7.330508648892682e-07
3720.9915509269053,0.007264168082136286,7.264167850533701e-07
3721.848442864742,0.007625245179419461,7.625245215300646e-07
3722.705532132721,0.008583991506175436,8.583991133965335e-07
3723.5628187762854,0.010724283316795981,1.072428286802853e-06
3724.4203028408874,0.014370435333238252,1.4370435027262926e-06
3725.27798437199,0.01810515486013523,1.8105154486701733e-06
3726.135863415068,0.020142400475213283,2.0142401091632426e-06
3726.9939400156045,0.021367157773399415,2.136715655206106e-06
3727.8522142190945,0.022740341715311637,2.2740342192673493e-06
3728.7106860710437,0.022228254149975545,2.222825399772469e-06
3729.569355616967,0.018158354552704193,1.8158354391343608e-06
3730.4282229023916,0.013054816989336053,1.3054816112824767e-06
3731.287287972853,0.009695307988352168,9.695307800086944e-07
3732.146550873899,0.008018667729032158,8.018667362246281e-07
3733.0060116510867,0.007100522676533476,7.100522536664724e-07
3733.8656703499846,0.006576417486687928,6.576417195425869e-07
3734.725527016171,0.006345588842050817,6.345588696448877e-07
3735.5855816952353,0.006393780639555327,6.393780621998869e-07
3736.445834432777,0.006707094076000084,6.707093730059937e-07
3737.3062852744056,0.0072478609492272125,7.24786096030724e-07
3738.1669342657424,0.007894807317873948,7.894807146646145e-07
3739.0277814524184,0.008463644035956668,8.463644102145964e-07
3739.888826880075,0.008874033365627799,8.874033009264639e-07
3740.7500705943644,0.009035764130724221,9.035764065656088e-07
3741.6115126409486,0.008965114011357448,8.965113987349479e-07
3742.4731530655017,0.008724113863585198,8.724113659165704e-07
3743.334991913707,0.008366589063413811,8.3665890437663e-07
3744.1970292312585,0.00798752453873174,7.987524087291169e-07
3745.0592650638614,0.007630335222408994,7.630335053671757e-07
3745.92169945723,0.00728942566733631,7.289425275384939e-07
3746.784332457091,0.006921518141755815,6.921518011301509e-07
3747.64716410918,0.006601657287166944,6.601656876159636e-07
3748.510194459244,0.006478964561826129,6.478964160943319e-07
3749.37342355304,0.00661907667456871,6.619076565498728e-07
3750.236851436337,0.007014549678509422,7.014549696614438e-07
3751.1004781549123,0.007574765028705038,7.574764941261113e-07
3751.9643037545557,0.008195675820946728,8.195675465580556e-07
3752.8283282810658,0.008795915594215269,8.795915232573116e-07
3753.6925517802533,0.009329815857248739,9.329815567755495e-07
3754.5569742979387,0.009662563771886979,9.66256342404636e-07
3755.421595879953,0.009723644815817,9.723644307575032e-07
3756.2864165721385,0.009490561421932744,9.4905611820287e-07
3757.1514364203463,0.009071033381559745,9.07103307697059e-07
3758.01665547044,0.008735416055161444,8.735415974864936e-07
3758.882073768293,0.008682580865098535,8.682580456226655e-07
3759.7476913597893,0.008793966761863233,8.793966721483372e-07
3760.613508290823,0.008947824964271628,8.947824981611707e-07
3761.4795246073,0.009089360192415191,9.08935972787525e-07
3762.3457403551347,0.00911805801654107,9.11805783439931e-07
3763.2121555802546,0.009097250200410535,9.097250182350613e-07
3764.0787703285955,0.009049440529386377,9.049440226195998e-07
3764.9455846461055,0.008956086647940864,8.956086336313713e-07
3765.8125985787424,0.008753707993116767,8.753707709727467e-07
3766.6798121724746,0.008533374813599772,8.533374396658379e-07
3767.547225473281,0.008400560810621616,8.40056038114892e-07
3768.414838527152,0.008372907746280111,8.372907805172961e-07
3769.2826513800874,0.008415460341827465,8.415460079045214e-07
3770.150664078098,0.00851898952353156,8.518989551607948e-07
3771.018876667206,0.008696302911255187,8.696302462764839e-07
3771.8872891934425,0.008968728599608115,8.968728452312235e-07
3772.755901702851,0.009276763930984717,9.276763475280528e-07
3773.624714241485,0.009551128743502469,9.551128793901567e-07
3774.493726855407,0.009783312234985594,9.78331197342737e-07
3775.3629395906937,0.010006339360105816,1.000633964150805e-06
3776.232352493428,0.010226289626343496,1.022628891075988e-06
3777.1019656097073,0.01046702741107028,1.0467026659477633e-06
3777.9717789856372,0.010734028210614546,1.0734027885437667e-06
3778.8417926673346,0.010981111376554787,1.0981110700444926e-06
3779.7120067009278,0.01122527568417635,1.1225275384495566e-06
3780.582421132554,0.011407989101056597,1.1407988937707132e-06
3781.4530360083627,0.011489694437078254,1.1489694160069647e-06
3782.3238513745137,0.01150500856267302,1.1505008242380517e-06
3783.194867277176,0.011478545900513486,1.1478546064203332e-06
3784.0660837625314,0.011329901480265943,1.1329901642205205e-06
3784.9375008767706,0.010993180446736866,1.0993179852950353e-06
3785.809118666096,0.010552545912716394,1.055254598357652e-06
3786.68093717672,0.010132766812449028,1.0132766248759217e-06
3787.552956454866,0.009850833487031368,9.850833672976622e-07
3788.425176546768,0.009652177736589761,9.652177631056913e-07
3789.2975974986703,0.009546614324130115,9.546614292785827e-07
3790.1702193568285,0.009478458901777587,9.478458381162904e-07
3791.0430421675082,0.009410774812074543,9.410774366425304e-07
3791.9160659769864,0.009250872700310168,9.250872323340343e-07
3792.7892908315494,0.008944864397856073,8.94486432977282e-07
3793.662716777496,0.008567999924717613,8.567999468970701e-07
3794.536343861134,0.008216578202005194,8.216578168753187e-07
3795.410172128783,0.00792706475191922,7.927064461679551e-07
3796.2842016267728,0.007715211723140739,7.715211479149367e-07
3797.158432401444,0.007619492912410048,7.6194925620171e-07
3798.0328644991473,0.007599586043323462,7.599585691549125e-07
3798.907497966245,0.007763626688276343,7.76362630466888e-07
3799.7823328491095,0.008177794127226187,8.17779397138656e-07
3800.657369194124,0.008741330154728529,8.741330195452927e-07
3801.532607047682,0.009291656159807342,9.291656077411162e-07
3802.408046456189,0.009793287759551567,9.79328705345367e-07
3803.2836874660597,0.010168682121947305,1.0168681963838533e-06
3804.1595301237203,0.010349335838890745,1.0349335409665577e-06
3805.0355744756066,0.010359306777861826,1.0359306635421774e-06
3805.911820568167,0.01031919806664283,1.0319197511482625e-06
3806.7882684478595,0.010346211021408992,1.0346211320049433e-06
3807.664918161152,0.010509208226230287,1.0509208094630212e-06
3808.5417697545245,0.010748897791627621,1.0748897426720274e-06
3809.4188232744673,0.010973603913595356,1.0973603363371149e-06
3810.2960787674806,0.01104334796282867,1.1043347326594824e-06
3811.1735362800764,0.01089307565346907,1.0893075942718486e-06
3812.051195858777,0.010568348403837758,1.0568348435564916e-06
3812.9290575501154,0.010144431708155393,1.0144431634237996e-06
3813.8071214006354,0.009793510820355397,9.793510237556478e-07
3814.6853874568906,0.009551523019488509,9.551522457466867e-07
3815.563855765447,0.009452033585133222,9.452033182664985e-07
3816.4425263728804,0.009516213681618976,9.516213361661902e-07
3817.321399325777,0.009562300178485339,9.562300306566883e-07
3818.200474670734,0.009423980945781707,9.42398099152555e-07
3819.07975245436,0.009144520685258443,9.144520182977307e-07
3819.959232723273,0.00890526067430789,8.905260602591183e-07
3820.8389155241034,0.008871431415396001,8.871431017540889e-07
3821.7188009034912,0.008967383305785087,8.967383317938442e-07
3822.5988889080872,0.008954891856098882,8.954891910701671e-07
3823.479179584553,0.008759489333410756,8.759489295237085e-07
3824.3596729795613,0.00843080407534179,8.430803935633229e-07
3825.240369139795,0.008155049425826627,8.155049348970101e-07
3826.1212681119487,0.007959291543594805,7.959291577838843e-07
3827.0023699427265,0.007847812029722331,7.847811895602751e-07
3827.8836746788443,0.0077577386753862505,7.757738676456836e-07
3828.765182367028,0.0076747864748615445,7.674786495153576e-07
3829.646893054015,0.007545723808287262,7.545723554485724e-07
3830.5288067865527,0.007272965984308466,7.272965897108364e-07
3831.4109236114,0.006912212755905832,6.912212342177292e-07
3832.2932435753255,0.006590294208478971,6.590294236794111e-07
3833.1757667251104,0.0064264907811550295,6.426490889489993e-07
3834.0584931075446,0.00647769203604932,6.477691637627928e-07
3834.9414227694297,0.006645860459763343,6.645860333448797e-07
3835.8245557575788,0.006680455374173586,6.680455107284764e-07
3836.7078921188145,0.006596663158702797,6.596663273053219e-07
3837.591431899971,0.006589329005571308,6.589328775757748e-07
3838.475175147893,0.006754715383725452,6.754715325759088e-07
3839.359121909436,0.007079522237290646,7.079521875683748e-07
3840.2432722314666,0.0075213975904148056,7.521397434049557e-07
3841.127626160861,0.008079722309516308,8.079722311666793e-07
3842.012183744508,0.008639309920886391,8.639309876516119e-07
3842.8969450293066,0.009091487638482004,9.091487416060801e-07
3843.781910062165,0.009418491198425768,9.418491242489037e-07
3844.6670788900046,0.009653200779273952,9.653200151701278e-07
3845.5524515597563,0.009825554604315806,9.825553811017561e-07
3846.4380281183617,0.009968915844239305,9.968916120457017e-07
3847.323808612774,0.010048652881259145,1.004865263803787e-06
3848.209793089956,0.010045385995542557,1.0045386279425479e-06
3849.0959815968827,0.00998848044563264,9.988479958248453e-07
3849.9823741805394,0.00998047642393291,9.980476048870473e-07
3850.8689708879215,0.010095612185833512,1.009561222325703e-06
3851.755771766036,0.010225255658312924,1.0225255876478266e-06
3852.642776861901,0.010244238296874713,1.0244237737991902e-06
3853.5299862225447,0.010181059173396944,1.0181059301725755e-06
3854.4173998950064,0.0100256683800532,1.0025667694136278e-06
3855.3050179263355,0.009859305943810286,9.859305276478737e-07
3856.1928403635943,0.009742082037280239,9.742081893762962e-07
3857.0808672538537,0.009613297561312108,9.61329725019353e-07
3857.9690986441965,0.00947040723088984,9.470406988267694e-07
3858.8575345817167,0.00934660609939091,9.346606135129819e-07
3859.746175113518,0.009393306324677027,9.393306285848394e-07
3860.6350202867156,0.009689361734776783,9.6893613099691e-07
3861.524070148436,0.010090361183201772,1.0090360815053902e-06
3862.4133247458153,0.01041159471334018,1.0411594735409372e-06
3863.3027841260023,0.010596811623563603,1.059681104888215e-06
3864.192448336155,0.010675625565021432,1.0675625395263752e-06
3865.082317423443,0.01069974555213809,1.0699745628236847e-06
3865.972391435046,0.010775500548522764,1.0775500842881825e-06
3866.862670418156,0.011023867585882708,1.102386679196086e-06
3867.7531544199746,0.011324180932966211,1.1324180886744802e-06
3868.643843487715,0.011301454931244584,1.1301454233335323e-06
3869.534737668601,0.010858617674963371,1.0858617962393416e-06
3870.425837009867,0.010258439334117514,1.025843906418492e-06
3871.3171415587585,0.00981303975194298,9.813039736716342e-07
3872.2086513625327,0.009647152986227345,9.647152274732959e-07
3873.100366468456,0.009757876897852883,9.757876187015667e-07
3873.9922869238067,0.010014534896239366,1.001453432136964e-06
3874.884412775874,0.010193223741648763,1.019322362594583e-06
3875.776744071958,0.010147719338320395,1.0147718941044361e-06
3876.66928085937,0.009885040019998606,9.885039601926529e-07
3877.562023185431,0.009599327279327136,9.599327005951162e-07
3878.454971097474,0.009438817802518288,9.438817440731928e-07
3879.3481246428423,0.009409977352552562,9.409976905385057e-07
3880.2414838688906,0.009390702149576883,9.390702068045386e-07
3881.135048822984,0.009269413368526411,9.269412997197443e-07
3882.0288195524995,0.009137214490894581,9.137214108661603e-07
3882.922796104823,0.009023080752888435,9.023080364351668e-07
3883.8169785273544,0.00888308878015816,8.883088664015109e-07
3884.711366867501,0.008598328882368833,8.598328917032972e-07
3885.6059611726837,0.008297196814282612,8.297196465021949e-07
3886.5007614903325,0.008244453879435806,8.244453603138906e-07
3887.3957678678903,0.00858228599551151,8.582285948388458e-07
3888.2909803528087,0.009029651275576154,9.029650808395804e-07
3889.1863989925523,0.009184925420268658,9.18492516431413e-07
3890.082023834595,0.009142289631215831,9.142289130389069e-07
3890.9778549264224,0.009209158363672561,9.209157986462333e-07
3891.873892315531,0.009475873243113072,9.475872919785607e-07
3892.770136049428,0.009762456637454788,9.762456743671421e-07
3893.666586175632,0.009969244314738472,9.969243663758694e-07
3894.563242741672,0.01013031901311232,1.0130318647750231e-06
3895.4601057950886,0.010310995075339375,1.0310994645171923e-06
3896.357175383432,0.010506149138545839,1.050614859438605e-06
3897.2544515542654,0.01065192696165717,1.0651926753134558e-06
3898.151934355161,0.010718614574267291,1.0718614091644296e-06
3899.049623833703,0.010761242185215372,1.0761241376050985e-06
3899.947520037487,0.010869732885376045,1.086973239911603e-06
3900.845623014118,0.010970341602815853,1.0970341576978486e-06
3901.743932811213,0.010985335524314724,1.0985335255867646e-06
3902.6424494764005,0.010918943120273795,1.0918942930098754e-06
3903.541173057319,0.010818119818628152,1.0818119173137695e-06
3904.440103601618,0.010722700506647073,1.0722700418001543e-06
3905.3392411569585,0.010723016351639754,1.0723016474526955e-06
3906.238585771012,0.010921926808238001,1.0921926496115163e-06
3907.1381374914613,0.011274888021777993,1.127488769018056e-06
3908.037896366,0.011666090637262842,1.166609008404132e-06
3908.9378624423334,0.011987316836307951,1.198731666188872e-06
3909.8380357681763,0.01218527837462727,1.218527850346949e-06
3910.7384163912557,0.012327831567304584,1.2327831425581017e-06
3911.639004359309,0.01238703313403206,1.2387032622762156e-06
3912.5397997200857,0.012337749213090696,1.2337749147468637e-06
3913.4408025213447,0.012267781295163855,1.2267780899042296e-06
3914.3420128108564,0.012182090711642137,1.2182090956886671e-06
3915.243430636403,0.01206726107455994,1.2067261117648013e-06
3916.1450560457765,0.011939630736902341,1.193963080706451e-06
3917.046889086781,0.011751349999127789,1.1751350067585897e-06
3917.9489298072313,0.01151268584913582,1.151268500686567e-06
3918.8511782549526,0.011256808119872737,1.1256807337029255e-06
3919.753634477782,0.011006370886834187,1.1006370047022253e-06
3920.6562985235664,0.01084302205730436,1.0843021855184404e-06
3921.5591704401654,0.010804041947230588,1.08040417538779e-06
3922.4622502754482,0.010807924934050273,1.0807924211234163e-06
3923.3655380772957,0.010794578676849702,1.0794577988563215e-06
3924.2690338935995,0.010667367642964777,1.0667366987446307e-06
3925.1727377722627,0.010355303734118885,1.0355303504382752e-06
3926.076649761199,0.009897560793262669,9.897560662641617e-07
3926.9807699083335,0.00934545479204234,9.345454384164694e-07
3927.8850982616013,0.008724982607564201,8.72498235896969e-07
3928.7896348689505,0.00807813384534661,8.07813388593704e-07
3929.694379778338,0.007420289708849136,7.420289550246426e-07
3930.5993330377337,0.006744538463800587,6.744538201803054e-07
3931.504494695117,0.006071928952469036,6.071928628293804e-07
3932.4098647984792,0.005534587962213368,5.534587826836812e-07
3933.315443395823,0.005298150940544725,5.298151018128952e-07
3934.221230535161,0.005517223346000675,5.517223133555412e-07
3935.127226264517,0.006096364165247221,6.09636404727323e-07
3936.033430631928,0.006833554692345556,6.833554356585263e-07
3936.939843685439,0.007584912267831871,7.584911935267807e-07
3937.846465473108,0.008279650569341998,8.27965013577539e-07
3938.753296043003,0.008892887906133679,8.892887588680344e-07
3939.6603354432045,0.009366526543092498,9.366526456683493e-07
3940.5675837218027,0.00969521533593114,9.695215519518714e-07
3941.475040926899,0.009873664297324598,9.87366400003074e-07
3942.382707106607,0.00996896721196545,9.968967494335302e-07
3943.29058230905,0.010090177376049914,1.0090176606576077e-06
3944.1986665823633,0.010312699758753669,1.0312699929954848e-06
3945.1069599746925,0.010656866001627966,1.0656865880312012e-06
3946.0154625341956,0.010997683357754952,1.0997683252265098e-06
3946.92417430904,0.01123293143033464,1.1232931214410448e-06
3947.833095347406,0.011386438371702947,1.1386438568503457e-06
3948.742225697483,0.011536989166080711,1.1536989384196938e-06
3949.6515654074733,0.011727019379689953,1.1727018675841678e-06
3950.561114525589,0.011849312697507736,1.1849312067548262e-06
3951.470873100054,0.011863119283093441,1.1863119348128768e-06
3952.3808411791038,0.011859862312367065,1.1859861980865124e-06
3953.291018810983,0.011881789515620864,1.1881789009865996e-06
3954.20140604395,0.011863860783215633,1.1863860852189515e-06
3955.1120029262725,0.011724217799495427,1.172421721157743e-06
3956.0228095062294,0.011517216793896003,1.1517216755904013e-06
3956.933825832112,0.011356577668754045,1.1356577342507516e-06
3957.8450519522203,0.011212968590288872,1.1212968334848063e-06
3958.7564879148686,0.010972855944470523,1.0972855515172778e-06
3959.66813376838,0.010521625505432983,1.0521624841946799e-06
3960.5799895610894,0.009867054887815023,9.867054425073637e-07
3961.4920553413426,0.00919040706035059,9.190406963029178e-07
3962.4043311574974,0.008604211059381838,8.60421093304787e-07
3963.3168170579215,0.00808909461487731,8.08909420869901e-07
3964.2295130909947,0.007527004095634995,7.52700416018827e-07
3965.142419305107,0.006893691734160014,6.893691749190868e-07
3966.0555357486614,0.006241230362180782,6.241229948707195e-07
3966.9688624700693,0.005718518449115791,5.718518186015031e-07
3967.882399517756,0.005543051673489876,5.543051296151601e-07
3968.7961469401557,0.0058610821584742165,5.861082205716553e-07
3969.7101047857154,0.006401312173083146,6.401312276206939e-07
3970.624273102892,0.006751310877455009,6.751310986070088e-07
3971.5386519401545,0.00695203116135424,6.952030830814328e-07
3972.453241345983,0.0073435551531513595,7.343555211767311e-07
3973.368041368868,0.008007260166484778,8.007259840166612e-07
3974.283052057312,0.00876201192051733,8.762011840782264e-07
3975.1982734598278,0.009505451400506666,9.505451247280959e-07
3976.11370562494,0.01019229997149512,1.0192299739327655e-06
3977.0293486011847,0.010810840388682618,1.0810839945536655e-06
3977.9452024371085,0.011393484925190812,1.139348468398963e-06
3978.8612671812693,0.011881962210959855,1.1881961391247127e-06
3979.7775428822365,0.012224960267991549,1.2224959661120952e-06
3980.6940295885906,0.012394875123343784,1.239487490026948e-06
3981.6107273489224,0.012439877248562676,1.243987670282094e-06
3982.5276362118357,0.012463160787404812,1.2463160480746569e-06
3983.444756225944,0.012592938729666008,1.2592938795422558e-06
3984.3620874398716,0.012773847840386448,1.2773848052982692e-06
3985.279629902256,0.012942056767061746,1.2942056013274792e-06
3986.197383661745,0.01310880324493743,1.3108802653328777e-06
3987.1153487669962,0.013305552336730935,1.3305551842046716e-06
3988.03352526668,0.013487262709691219,1.3487262146884482e-06
3988.951913209478,0.013591041618907732,1.3591040777574542e-06
3989.870512644082,0.013674756961335233,1.367475620541036e-06
3990.7893236191953,0.01380222095638257,1.380222016099605e-06
3991.7083461835336,0.013944508462312436,1.3944508526436766e-06
3992.627580385823,0.01402078322661437,1.4020783304198963e-06
3993.5470262747995,0.013978173175763435,1.3978173367993e-06
3994.466683899213,0.013848865690378387,1.3848865726018987e-06
3995.386553307822,0.01369188975513408,1.3691888957972494e-06
3996.306634549398,0.013576558168776363,1.3576558295513982e-06
3997.226927672723,0.013624303308813505,1.362430299676083e-06
3998.1474327265905,0.013836562351972025,1.3836562500104326e-06
3999.0681497598052,0.014149029361106197,1.4149028879078929e-06
3999.989078821183,0.014433268044181626,1.4433268140185925e-06
4000.91021995955,0.014583843808978484,1.4583843724740978e-06
4001.831573223746,0.014621450484927787,1.4621449989460673e-06
4002.75313866262,0.014494737917225275,1.4494737458000785e-06
4003.6749163250324,0.014194554244226769,1.4194553553059761e-06
4004.596906259856,0.013828857562369318,1.3828857744873578e-06
4005.519108515974,0.013650237825908405,1.3650237759837606e-06
4006.4415231422804,0.013777004370244962,1.3777004475437977e-06
4007.364150187682,0.014065141140739293,1.4065140575230408e-06
4008.286989701095,0.014354783109406213,1.4354782797335667e-06
4009.210041731448,0.014567901553536758,1.4567901292748154e-06
4010.1333063276816,0.0146987282295216,1.4698728351952705e-06
4011.0567835387455,0.014790819283831058,1.4790818441821258e-06
4011.980473413603,0.014882102523485145,1.488210183072118e-06
4012.904376001226,0.014933397824839231,1.4933397835016455e-06
4013.828491350601,0.014989266496328106,1.4989265942457171e-06
4014.752819510723,0.015038561410223212,1.5038561343297036e-06
4015.6773605305993,0.01505115994626184,1.5051159437873655e-06
4016.602114459249,0.015031086178855976,1.503108602545738e-06
4017.527081345702,0.015060136953481065,1.506013693444928e-06
4018.4522612389987,0.015148868633683725,1.5148868372563932e-06
4019.3776541881925,0.015204890664823669,1.5204890572677163e-06
4020.303260242347,0.015163065767627893,1.5163065062443306e-06
4021.229079450537,0.015055584130292418,1.5055584019122795e-06
4022.1551118618486,0.01492568762293355,1.492568735350077e-06
4023.08135752538,0.01479562121371489,1.4795620767570898e-06
4024.00781649024,0.01470524480108823,1.4705244597095712e-06
4024.9344888055493,0.014768394850773569,1.4768394166556387e-06
4025.8613745204384,0.014918912108993695,1.4918911424908155e-06
4026.7884736840515,0.015051092442157786,1.5051092130163057e-06
4027.715786345542,0.015016055634330599,1.5016055332754346e-06
4028.6433125540757,0.014735964002232349,1.4735963103655205e-06
4029.5710523588295,0.014290230997235505,1.4290230886175369e-06
4030.4990058089916,0.01382440305326324,1.38244022245608e-06
4031.4271729537613,0.013503571668371527,1.3503571782619002e-06
4032.35555384235,0.013424713838579246,1.3424713967350102e-06
4033.284148523979,0.01353137655734564,1.3531376084064027e-06
4034.2129570478833,0.013827993732260315,1.382799286858741e-06
4035.141979463306,0.014279421050473261,1.4279420201449494e-06
4036.0712158195047,0.014790739393065107,1.4790739353511023e-06
4037.000666165746,0.01520355369800595,1.5203553080765247e-06
4037.9303305513095,0.015442654287215848,1.544265395699315e-06
4038.860209025485,0.015416594064797836,1.5416593825291049e-06
4039.7903016375744,0.015262125492973254,1.5262124632012202e-06
4040.72060843689,0.015099388791711625,1.509938835362132e-06
4041.651129472757,0.014876507362905673,1.4876507335163003e-06
4042.5818647945102,0.014533928770526349,1.453392790293344e-06
4043.5128144514974,0.013975393395505506,1.3975393302273651e-06
4044.443978493077,0.01336658666232919,1.336658613360408e-06
4045.375356968618,0.013091054738459928,1.3091054514867361e-06
4046.3069499275016,0.013345770770748383,1.3345770157625595e-06
4047.2387574191207,0.013913118020121755,1.3913117846085573e-06
4048.1707794928793,0.014454732386266867,1.4454731804075712e-06
4049.103016198192,0.014843082928603521,1.4843082446272473e-06
4050.0354675844865,0.015041686544076147,1.5041685948924273e-06
4050.9681337012,0.015054831281210315,1.5054831169964023e-06
4051.9010145977813,0.014928584418824173,1.4928584350220877e-06
4052.8341103236926,0.014691391847643976,1.469139128218708e-06
4053.767420928405,0.014448082217495668,1.4448081461033334e-06
4054.700946461403,0.014241278175165534,1.424127818207345e-06
4055.6346869721806,0.014102632455751638,1.4102632011319863e-06
4056.5686425102444,0.013989279177169528,1.3989278928723923e-06
4057.5028131251124,0.013939755682149635,1.3939754947158205e-06
4058.437198866314,0.014029039133765584,1.4029038553799962e-06
4059.371799783389,0.014185169303243766,1.4185169347162965e-06
4060.30661592589,0.014236958207353809,1.4236957818238927e-06
4061.24164734338,0.014021729285406197,1.402172874782789e-06
4062.1768940854345,0.013610548517850674,1.3610548563837448e-06
4063.1123562016387,0.01330601123639616,1.3306011277584015e-06
4064.0480337415906,0.013326767121373548,1.3326766467851444e-06
4064.9839267548996,0.013571031961061285,1.3571031879560231e-06
4065.920035291186,0.013873815660824665,1.3873815810750973e-06
4066.8563594000816,0.01419047651512202,1.4190476639844766e-06
4067.79289913123,0.014516118951935164,1.451611914744795e-06
4068.7296545342856,0.01468688922752764,1.4686888457125066e-06
4069.6666256589147,0.014526066893304728,1.4526066348319911e-06
4070.6038125547952,0.014187367406362764,1.4187366839011417e-06
4071.541215271616,0.013968257180343807,1.396825708973096e-06
4072.4788338590774,0.013985765835102883,1.3985765386556576e-06
4073.4166683668914,0.014069484310695239,1.4069483743422745e-06
4074.354718844782,0.014009396010318663,1.4009395188517134e-06
4075.2929853424835,0.013738648092987861,1.3738648103932996e-06
4076.2314679097426,0.013410705697182302,1.3410705463279147e-06
4077.1701665963164,0.013267856519446763,1.326785581829563e-06
4078.109081451975,0.01344047043610637,1.3440470195411375e-06
4079.0482125264984,0.013872132794484147,1.3872132011203695e-06
4079.9875598696794,0.014353179014334798,1.4353178899825589e-06
4080.927123531321,0.014666309235462582,1.46663092327283e-06
4081.8669035612384,0.01474351873120728,1.4743518529517017e-06
4082.8069000092587,0.01463117665468595,1.4631176246092536e-06
4083.7471129252194,0.014492246173590904,1.4492245500445208e-06
4084.68754235897,0.014481033436636804,1.4481033621248525e-06
4085.628188360372,0.014624990499203799,1.4624989888927049e-06
4086.5690509792976,0.014881236405949044,1.4881235922288046e-06
4087.5101302656303,0.015116524194338309,1.5116523806291836e-06
4088.4514262692664,0.015211903690628874,1.5211903678904525e-06
4089.392939040112,0.015144766826297217,1.5144766480625285e-06
4090.3346686280865,0.014981751152636988,1.4981751249701874e-06
4091.276615083119,0.014757535358628867,1.4757534518089452e-06
4092.218778455151,0.014493651037282047,1.449365015613585e-06
4093.161158794136,0.014228176026015216,1.4228176071787258e-06
4094.103756150038,0.01387285710915309,1.3872856772703476e-06
4095.046570572833,0.013409027371490473,1.3409027446509983e-06
4095.9896021125082,0.01290974719133259,1.2909747165290093e-06
4096.932850819063,0.012476406800751544,1.2476406383582858e-06
4097.876316742508,0.01214016447447125,1.2140163706576138e-06
4098.819999932864,0.011934779860627133,1.193477932361556e-06
4099.763900440166,0.012086789347037944,1.2086788694348073e-06
4100.708018314459,0.012549803128478906,1.2549802990817893e-06
4101.652353605798,0.012772921367476167,1.2772920968280532e-06
4102.596906364252,0.012476834462824164,1.2476834036046716e-06
4103.541676639902,0.012164709181048446,1.2164709059754551e-06
4104.486664482837,0.012281477830915261,1.2281478002443289e-06
4105.431869943161,0.012686887675700644,1.2686887800966217e-06
4106.3772930709865,0.01306923226677121,1.3069231879817945e-06
4107.322933916441,0.013338355304833533,1.3338355343563736e-06
4108.268792529661,0.013448169492926838,1.3448168731138132e-06
4109.214868960797,0.013495276245108307,1.349527575307136e-06
4110.161163260007,0.01357237121801517,1.3572371149491178e-06
4111.107675477464,0.013726257720529414,1.3726257135576026e-06
4112.054405663352,0.013946436050744622,1.3946435591179168e-06
4113.001353867865,0.014209142140060986,1.4209141702693444e-06
4113.948520141211,0.014457918595119662,1.4457918013853043e-06
4114.895904533606,0.014617577948653038,1.4617577242616268e-06
4115.843507095282,0.014655300623844424,1.4655300656071713e-06
4116.791327876479,0.014576098807787315,1.4576098036162695e-06
4117.739366927451,0.014387951371047822,1.4387950563621535e-06
4118.687624298461,0.014219570058381467,1.4219570224499306e-06
4119.636100039786,0.01418358722002855,1.4183586864762577e-06
4120.584794201713,0.014243962325492543,1.4243962013976074e-06
4121.533706834542,0.014308116582918137,1.430811577829112e-06
4122.482837988583,0.014382513605728807,1.438251374440835e-06
4123.432187714159,0.014510950479673462,1.4510949656446336e-06
4124.3817560616035,0.014628920188966334,1.4628919976156831e-06
4125.331543081262,0.01463500389539546,1.4635003155054926e-06
4126.281548823492,0.01450554832622982,1.4505548351297067e-06
4127.231773338662,0.014320634267919364,1.4320633550997e-06
4128.182216677153,0.0141572117101546,1.4157211633211748e-06
4129.132878889355,0.014010160023760055,1.4010159209322643e-06
4130.083760025674,0.01385543488679192,1.3855434581432947e-06
4131.034860136523,0.013687323258980564,1.3687322788895984e-06
4131.98617927233,0.013573658444638854,1.3573658170185747e-06
4132.937717483534,0.013628533895135698,1.3628533263548657e-06
4133.889474820583,0.01389009951602576,1.3890098890818936e-06
4134.841451333939,0.014253337097144816,1.4253336744791268e-06
4135.793647074077,0.014615429113577393,1.4615428411948512e-06
4136.746062091481,0.014860080119713185,1.4860079803178175e-06
4137.698696436646,0.015024173693906826,1.5024172935069814e-06
4138.6515501600825,0.015085293031796803,1.5085293049865092e-06
4139.604623312308,0.014975903527346464,1.4975902615890498e-06
4140.557915943856,0.014685063630756884,1.4685062768948311e-06
4141.5114281052665,0.014182339445530101,1.4182338791481655e-06
4142.465159847097,0.013665110283592734,1.3665110497980858e-06
4143.419111219913,0.013437345663924426,1.343734535061145e-06
4144.373282274292,0.013588702158073217,1.3588701520116422e-06
4145.327673060824,0.013928705974713691,1.3928705551894756e-06
4146.282283630109,0.014227842766620884,1.4227842700436062e-06
4147.237114032761,0.01434627007543852,1.434626927694321e-06
4148.1921643194055,0.014346835323928286,1.4346835452593352e-06
4149.147434540677,0.014254555985184261,1.4254555757195823e-06
4150.102924747223,0.014171826453503874,1.41718263281805e-06
4151.058634989705,0.01412879619844631,1.4128796404243573e-06
4152.014565318793,0.014050468033706588,1.4050467830420407e-06
4152.97071578517,0.013947536752298664,1.394753681858781e-06
4153.927086439529,0.013862851193420506,1.3862851186338316e-06
4154.883677332579,0.013850405165968221,1.3850404664365306e-06
4155.840488515037,0.013941880240222422,1.3941880105885135e-06
4156.797520037631,0.014120747532616242,1.4120747331568346e-06
4157.754771951103,0.014356278514141332,1.435627860941986e-06
4158.712244306207,0.01458886449555791,1.4588864295657925e-06
4159.669937153707,0.014766617322227837,1.4766616425214055e-06
4160.627850544379,0.014909112330300931,1.4909112293044958e-06
4161.58598452901,0.015010824129845475,1.5010823426011867e-06
4162.544339158401,0.015055933571060803,1.505593272626707e-06
4163.502914483364,0.015017202749883196,1.5017202641958357e-06
4164.461710554721,0.014909023778035298,1.4909023138539113e-06
4165.420727423307,0.014752848520267271,1.4752848195437352e-06
4166.379965139968,0.014561509291579757,1.4561508546075875e-06
4167.339423755563,0.014450933603848427,1.445093345963368e-06
4168.299103320962,0.014417328229283915,1.4417327759319583e-06
4169.259003887045,0.014362830395657,1.4362830494012776e-06
4170.219125504707,0.01414880471195635,1.4148803950105317e-06
4171.179468224854,0.01377511589263754,1.3775115497817451e-06
4172.1400320984,0.01342795595926837,1.342795587483228e-06
4173.100817176275,0.013296997717203881,1.3296997866354515e-06
4174.06182350942,0.013393500789635698,1.3393501001011506e-06
4175.023051148786,0.013560738503620435,1.3560737741737364e-06
4175.984500145337,0.013664042175126602,1.36640420635294e-06
4176.946170550047,0.013707330349497702,1.3707329919010235e-06
4177.908062413906,0.013778320114658288,1.3778320216536498e-06
4178.870175787911,0.013916633568436643,1.3916632995471934e-06
4179.832510723072,0.014054309746764184,1.405430941078348e-06
4180.795067270414,0.014125446186932655,1.4125446188667223e-06
4181.757845480968,0.014146631986364068,1.4146631828786568e-06
4182.720845405783,0.014199552873424701,1.419955287806538e-06
4183.6840670959145,0.014320035658773477,1.4320035557011225e-06
4184.647510602434,0.014407606241116866,1.440760549633779e-06
4185.61117597642,0.014356897452087554,1.4356896725525358e-06
4186.575063268967,0.014211056331320249,1.4211056420087922e-06
4187.539172531179,0.01415145519590316,1.415145451906151e-06
4188.503503814174,0.01426833821419088,1.4268337413469484e-06
4189.468057169079,0.014443425620338287,1.4443424862913366e-06
4190.432832647034,0.014583172634074278,1.45831725353171e-06
4191.397830299191,0.014696962329957916,1.4696962250081722e-06
4192.363050176714,0.014822730057743542,1.4822729539292155e-06
4193.328492330778,0.014809878821330957,1.480987813505146e-06
4194.294156812571,0.014592747771700764,1.459274695300493e-06
4195.26004367329,0.014253500309036054,1.4253499458974244e-06
4196.226152964147,0.013926756624217195,1.3926756643442783e-06
4197.192484736365,0.013663352079757347,1.366335230026689e-06
4198.1590390411775,0.013521921351774033,1.3521921121279226e-06
4199.125815929831,0.013532093565163097,1.3532092888713306e-06
4200.092815453583,0.01360566580264488,1.3605664913418003e-06
4201.060037663704,0.013693555065409011,1.3693554875700205e-06
4202.027482611475,0.013809382548913274,1.3809381848546573e-06
4202.995150348189,0.014026991932947232,1.4026991354019223e-06
4203.963040925152,0.014285900710653698,1.428590048092124e-06
4204.93115439368,0.01454088471719095,1.4540884215776513e-06
4205.899490805103,0.014801927107462053,1.4801927140367209e-06
4206.86805021076,0.015029103780305903,1.502910384662214e-06
4207.836832662005,0.015147214640507651,1.5147213975543427e-06
4208.805838210202,0.015143631985320987,1.5143631641139819e-06
4209.775066906726,0.01509576454372061,1.5095763911008718e-06
4210.744518802966,0.015062206905751288,1.5062206881189587e-06
4211.714193950321,0.01504391483980511,1.504391425117044e-06
4212.684092400203,0.014920023395835893,1.4920023233509267e-06
4213.654214204035,0.014690091263972612,1.4690091418009328e-06
4214.624559413253,0.014468338475344818,1.4468338507558361e-06
4215.595128079305,0.014450940352503758,1.4450939685080106e-06
4216.565920253647,0.01470147202861509,1.4701472016271164e-06
4217.536935987752,0.015071119710806755,1.5071119652095647e-06
4218.508175333103,0.015380270653830127,1.5380270290966584e-06
4219.479638341193,0.015516373955180393,1.5516373230879566e-06
4220.451325063529,0.015453839276400948,1.5453838822637384e-06
4221.42323555163,0.015158789727086978,1.5158789667566506e-06
4222.395369857025,0.014625391065672774,1.4625390894335583e-06
4223.367728031256,0.01390470773951378,1.3904707649570514e-06
4224.340310125877,0.01310857261952483,1.3108572071671189e-06
4225.313116192455,0.012435390423896537,1.2435390321530603e-06
4226.286146282567,0.01216833232374507,1.2168331885594884e-06
4227.2594004478005,0.012514970377781461,1.2514970114478704e-06
4228.232878739759,0.013282104198272356,1.3282104146160379e-06
4229.2065812100545,0.014099176665733336,1.40991767098276e-06
4230.180507910313,0.014661913208834268,1.4661913001176294e-06
4231.154658892172,0.014857332302033848,1.4857332301273178e-06
4232.129034207279,0.01480019752443163,1.4800197694912408e-06
4233.103633907295,0.014639635821489722,1.463963549108761e-06
4234.078458043894,0.014503804960577809,1.4503804784865525e-06
4235.053506668759,0.014410375926716982,1.441037537491681e-06
4236.028779833588,0.014346383576437013,1.4346383705547234e-06
4237.004277590087,0.014374785078322195,1.437478513601171e-06
4237.979999989979,0.014479834882301966,1.4479835067706967e-06
4238.9559470849945,0.014642609347765907,1.4642609304518913e-06
4239.9321189268785,0.014883756531085469,1.4883756453449905e-06
4240.908515567386,0.01513311969389107,1.5133119682517793e-06
4241.885137058286,0.015354508987773114,1.535450818284081e-06
4242.861983451358,0.01555119265631837,1.555119172018459e-06
4243.8390547983945,0.015671107973364764,1.5671107853655697e-06
4244.8163511511975,0.01563723907921179,1.5637239180643615e-06
4245.793872561584,0.015404324377848479,1.5404323967996168e-06
4246.771619081382,0.015038301697063517,1.5038301751612897e-06
4247.74959076243,0.014687117583654118,1.468711714003942e-06
4248.7277876565795,0.014427545521398414,1.4427544929058908e-06
4249.706209815694,0.014269393946798523,1.4269393666247841e-06
4250.68485729165,0.014267727485958736,1.426772741561607e-06
4251.663730136333,0.014372492103320079,1.4372491954620698e-06
4252.642828401643,0.014413061650703867,1.4413061716554492e-06
4253.622152139491,0.014398969880082175,1.43989690603278e-06
4254.601701401802,0.014457770180492427,1.4457769375098404e-06
4255.581476240508,0.014644588709745911,1.46445888661307e-06
4256.561476707558,0.014791204787108478,1.4791203946181723e-06
4257.541702854911,0.014714250146456696,1.4714249607590344e-06
4258.522154734537,0.014451962414564942,1.4451961872041548e-06
4259.50283239842,0.014206386413806366,1.4206385687156037e-06
4260.483735898554,0.01422472128522053,1.4224720809483219e-06
4261.464865286947,0.014572074877586579,1.457207397411145e-06
4262.446220615618,0.015087393312288847,1.5087392879836966e-06
4263.427801936596,0.015528193542374521,1.552819298749739e-06
4264.409609301925,0.015762904077235212,1.5762903197320918e-06
4265.3916427636605,0.01578063860567965,1.5780638615393218e-06
4266.373902373868,0.015572363382993941,1.5572363354960696e-06
4267.356388184628,0.015172814871577482,1.5172814578934851e-06
4268.339100248029,0.01467302130017064,1.4673020486527993e-06
4269.322038616176,0.014109072813949634,1.41090721557421e-06
4270.305203341182,0.013523003811877933,1.3523003690563263e-06
4271.288594475176,0.013109522627547094,1.310952237380274e-06
4272.272212070295,0.012997377851848731,1.299737725332291e-06
4273.2560561786895,0.013140193677684858,1.31401936182601e-06
4274.240126852524,0.013430625488215713,1.3430625165809338e-06
4275.224424143971,0.013883333680951909,1.3883333586284356e-06
4276.20894810522,0.014400528915229627,1.4400528375757566e-06
4277.193698788468,0.014824601005287147,1.4824600155103919e-06
4278.178676245928,0.015004417364028879,1.5004416765009987e-06
4279.16388052982,0.014933355161975723,1.4933354759781596e-06
4280.14931169238,0.014792105293635498,1.4792105369664918e-06
4281.134969785856,0.014701097626505222,1.4701097754235958e-06
4282.120854862506,0.014650714838083025,1.4650714266058078e-06
4283.106966974602,0.014602123387855478,1.4602123248326756e-06
4284.093306174426,0.014498649223840893,1.449864916297905e-06
4285.079872514273,0.014311261790479719,1.4311261928819966e-06
4286.066666046451,0.014134084396205907,1.4134084074950982e-06
4287.053686823279,0.013912002446886118,1.3912002515288963e-06
4288.040934897088,0.013565267182308815,1.3565266950265132e-06
4289.028410320221,0.013251936562964311,1.3251936234215686e-06
4290.016113145035,0.01316161551386027,1.3161614881548603e-06
4291.0040434238945,0.013390233541913741,1.3390233743021069e-06
4291.992201209182,0.013731872755716268,1.3731872050069506e-06
4292.980586553286,0.01392662212860031,1.392662183009534e-06
4293.969199508613,0.013903907039921119,1.3903906306426415e-06
4294.958040127577,0.013731986176276505,1.3731985378593788e-06
4295.947108462606,0.013443164468895678,1.3443164133626077e-06
4296.93640456614,0.013011864845414216,1.3011865061829374e-06
4297.925928490631,0.012446261906916464,1.2446261889380035e-06
4298.915680288542,0.011893228657557573,1.1893228766400649e-06
4299.90566001235,0.011548373119156909,1.154837301515829e-06
4300.895867714543,0.011472970488373386,1.1472969841486874e-06
4301.886303447622,0.011505818045476391,1.1505817924086755e-06
4302.876967264097,0.01159438904356007,1.1594388694028473e-06
4303.867859216494,0.011663410022749487,1.1663409785783481e-06
4304.85897935735,0.01163969465984644,1.1639694917910154e-06
4305.850327739213,0.011478572554827636,1.1478572124503156e-06
4306.841904414642,0.011271339567877809,1.1271338748543994e-06
4307.833709436213,0.01115017103135556,1.1150170513617587e-06
4308.825742856508,0.011285050581330936,1.1285050739634508e-06
4309.818004728127,0.011676782076144051,1.1676781485671546e-06
4310.810495103676,0.012178760865508516,1.2178760981843537e-06
4311.803214035777,0.01272028818947834,1.272028811965369e-06
4312.7961615770655,0.013296258574315408,1.329625787449001e-06
4313.789337780185,0.013961271082157629,1.3961270870348651e-06
4314.782742697793,0.014739524689885004,1.4739523848451077e-06
4315.776376382561,0.015548927443951277,1.5548926586298708e-06
4316.770238887168,0.016141953460857558,1.6141953414280435e-06
4317.76433026431,0.016350239336562326,1.6350239072291438e-06
4318.758650566693,0.01626774830872089,1.6267747758898372e-06
4319.753199847035,0.015961515406165448,1.5961514539570164e-06
4320.747978158067,0.015543681131368708,1.5543680765069934e-06
4321.74298555253,0.014972282583489743,1.4972282112947037e-06
4322.7382220831805,0.014292636073165806,1.4292635353837258e-06
4323.733687802784,0.013597126950612645,1.3597126231732613e-06
4324.72938276412,0.013142677359728882,1.3142676484002902e-06
4325.725307019979,0.013228316599370198,1.3228316495745388e-06
4326.7214606231655,0.013811069412686647,1.381106939995947e-06
4327.717843626494,0.014550844208433023,1.4550844072158284e-06
4328.714456082793,0.015100015722313948,1.5100015783320085e-06
4329.711298044901,0.015352589393691208,1.5352589310285295e-06
4330.708369565671,0.015436810983852455,1.543681078682574e-06
4331.7056706979665,0.015502244794265228,1.5502244109607762e-06
4332.703201494664,0.015496093883030897,1.5496093320587251e-06
4333.700962008654,0.015368650143703772,1.5368649209366485e-06
4334.698952292833,0.015057957450590949,1.5057956725882904e-06
4335.697172400118,0.01447748656053642,1.4477486373505273e-06
4336.69562238343,0.013780623117140378,1.378062293653804e-06
4337.69430229571,0.01352466784089077,1.352466768306285e-06
4338.693212189905,0.014292448861857477,1.4292448675580535e-06
4339.692352118977,0.015494454295482199,1.549445369779639e-06
4340.691722135901,0.01569308754113633,1.5693086783797351e-06
4341.691322293662,0.014759589079158027,1.4759588264762708e-06
4342.691152645258,0.013910652253038357,1.3910651506901983e-06
4343.6912132437,0.013817063011020453,1.3817062583509637e-06
4344.69150414201,0.014183876252010952,1.418387597452201e-06
4345.692025393223,0.014627546303415565,1.4627545776584583e-06
4346.692777050386,0.014991360456825817,1.499135976916267e-06
4347.693759166559,0.015240966261333954,1.5240966372596555e-06
4348.694971794813,0.01529267081864233,1.5292670082680873e-06
4349.696414988231,0.015046169111265849,1.504616903712829e-06
4350.698088799909,0.014591782483624319,1.45917821941562e-06
4351.699993282957,0.014300062042360874,1.430006188593104e-06
4352.702128490492,0.01437066508715571,1.4370665150149492e-06
4353.70449447565,0.014705980262695107,1.4705979930787389e-06
4354.707091291574,0.015086410438460644,1.5086410542932702e-06
4355.709918991422,0.015413905454144233,1.541390468890897e-06
4356.712977628362,0.015638022896843132,1.5638022649470075e-06
4357.716267255577,0.015747907887297307,1.5747907997165447e-06
4358.719787926259,0.015802403310761978,1.5802402642991234e-06
4359.723539693617,0.015957951568915073,1.5957951709650705e-06
4360.727522610866,0.016225569180435516,1.622556923065098e-06
4361.731736731239,0.016515286596884445,1.6515286709153955e-06
4362.736182107978,0.016721226832202944,1.67212259885621e-06
4363.740858794336,0.016822111935447297,1.6822111114258741e-06
4364.7457668435845,0.016803932231802026,1.680393179051704e-06
4365.750906309,0.016600479271568158,1.6600478441689156e-06
4366.756277243876,0.01626009268713294,1.6260092776342969e-06
4367.761879701516,0.015995344593017678,1.5995343941986857e-06
4368.767713735236,0.015877450621669675,1.5877450679978304e-06
4369.773779398364,0.01580713248079711,1.5807132237372161e-06
4370.780076744244,0.01573678381165545,1.573678300987338e-06
4371.786605826226,0.015586938732688625,1.5586938861694916e-06
4372.793366697678,0.015319553692754673,1.5319553003836667e-06
4373.800359411976,0.015040957341920926,1.5040957061434722e-06
4374.807584022512,0.01494795432878561,1.494795449801399e-06
4375.815040582686,0.015147108047389928,1.5147108204313983e-06
4376.822729145915,0.015497129947273211,1.5497129266326775e-06
4377.830649765625,0.015712193445625182,1.5712193013034615e-06
4378.838802495256,0.015685893139006216,1.5685892593790132e-06
4379.847187388258,0.01539698604707576,1.5396985350114592e-06
4380.855804498096,0.014829909799460686,1.4829909399401656e-06
4381.864653878248,0.014054087305119407,1.4054086605941421e-06
4382.8737355821995,0.013320479572080325,1.3320479483575205e-06
4383.883049663454,0.01302006751623649,1.3020066965095303e-06
4384.892596175522,0.01327809162877969,1.3278091504019796e-06
4385.902375171931,0.013846287478617762,1.384628664763851e-06
4386.912386706219,0.014338689997931335,1.4338690130244643e-06
4387.922630831936,0.01463800050414488,1.4637999855933639e-06
4388.933107602644,0.01479406312841923,1.4794062879179931e-06
4389.943817071918,0.014890676973394957,1.4890676580836e-06
4390.954759293344,0.015055607094572343,1.5055606660002192e-06
4391.965934320524,0.0152251688407101,1.522516878269187e-06
4392.977342207068,0.015344607932778719,1.5344607576830066e-06
4393.988983006602,0.01540153806536291,1.540153712065174e-06
4395.000856772761,0.015555350537673691,1.5555350619271066e-06
4396.012963559194,0.015860254458066093,1.5860254045387921e-06
4397.025303419563,0.016089702717611322,1.6089702317794036e-06
4398.037876407541,0.016084567730066397,1.608456683046058e-06
4399.050682576815,0.015858231500644783,1.5858231517913161e-06
4400.063721981082,0.01559886285485191,1.5598862550952877e-06
4401.076994674055,0.015452112152014218,1.5452111507598765e-06
4402.090500709454,0.01530335083158711,1.530335016215408e-06
4403.104240141017,0.01497829318589048,1.4978293200907426e-06
4404.11821302249,0.014624741326864029,1.4624740629278317e-06
4405.132419407634,0.014531730085938317,1.4531730023412863e-06
4406.146859350223,0.014707419175699801,1.4707418855352289e-06
4407.16153290404,0.014971591658504532,1.4971591340213673e-06
4408.176440122883,0.01530152058818873,1.5301520424839907e-06
4409.1915810605615,0.015756805623758332,1.575680495602018e-06
4410.206955770898,0.01622116207027021,1.6221161711087169e-06
4411.222564307728,0.016540299167378984,1.654029838739035e-06
4412.238406724897,0.016584328241906244,1.6584327451109166e-06
4413.2544830762645,0.0163173401252177,1.631733964708644e-06
4414.270793415703,0.01590406902058981,1.5904068721931299e-06
4415.287337797096,0.015657735443272234,1.565773517445757e-06
4416.30411627434,0.015726762275788817,1.5726761807666406e-06
4417.321128901345,0.016048710248730537,1.6048709831685087e-06
4418.338375732032,0.01642741089385569,1.642741090882372e-06
4419.355856820333,0.016689273078474055,1.668927304331296e-06
4420.373572220197,0.016696395629837928,1.669639485629158e-06
4421.391521985582,0.016503893559374153,1.650389309564686e-06
4422.409706170457,0.016347948331405654,1.6347947454239261e-06
4423.428124828807,0.016297027070856316,1.6297026627928973e-06
4424.446778014629,0.016326112098945692,1.632611158515757e-06
4425.46566578193,0.016370301403758163,1.6370300969392353e-06
4426.48478818473,0.016403260892614555,1.6403260589081613e-06
4427.504145277064,0.01644441954798802,1.6444418719640764e-06
4428.523737112977,0.016439057727296442,1.6439057015134388e-06
4429.543563746527,0.016347939596215517,1.6347938718934024e-06
4430.563625231785,0.016264245738884735,1.6264244977457285e-06
4431.583921622834,0.01619111372467681,1.6191112953613175e-06
4432.604452973769,0.01602228497323729,1.6022284555631476e-06
4433.625219338699,0.015787042215166913,1.57870419083751e-06
4434.646220771742,0.015671609034522527,1.5671608933758134e-06
4435.667457327034,0.015857181344409083,1.5857180524677345e-06
4436.688929058719,0.016317182115592733,1.6317181585537349e-06
4437.710636020954,0.016774156007699312,1.6774155930599923e-06
4438.73257826791,0.016987696054704838,1.698769542562223e-06
4439.754755853769,0.016917124229141906,1.691712358865387e-06
4440.777168832728,0.01661176207727572,1.6611761332650267e-06
4441.799817258993,0.01630618869563577,1.6306188139061714e-06
4442.822701186786,0.016234111696700942,1.623411120886762e-06
4443.845820670337,0.016481875886304252,1.64818758680037e-06
4444.869175763894,0.016882619408799614,1.6882618737931274e-06
4445.892766521713,0.017189630491678983,1.7189629815714009e-06
4446.9165929980645,0.01733949371195373,1.7339493571886148e-06
4447.940655247231,0.017357773628155986,1.7357773664595148e-06
4448.964953323508,0.017279023472386027,1.7279023105525837e-06
4449.989487281203,0.01715689884065578,1.7156898180574962e-06
4451.014257174636,0.016977021091308168,1.697702028537265e-06
4452.039263058141,0.016725283475107235,1.6725283145311401e-06
4453.0645049860605,0.016325931058662646,1.6325930466128997e-06
4454.089983012755,0.015866165356669324,1.5866164858502446e-06
4455.115697192593,0.015542985210966576,1.554298432207778e-06
4456.141647579958,0.015444329571458673,1.5444329239347924e-06
4457.167834229244,0.01545284116454974,1.5452840917155267e-06
4458.19425719486,0.015439571633137035,1.5439571637322692e-06
4459.220916531227,0.015412257296024197,1.5412256654572597e-06
4460.247812292777,0.015427091543545044,1.5427091042352954e-06
4461.274944533955,0.015526556186317568,1.552655635302158e-06
4462.302313309219,0.015784572319324085,1.5784572105911462e-06
4463.32991867304,0.016119316540757312,1.6119316257960765e-06
4464.357760679901,0.016329241337092886,1.6329240708474225e-06
4465.385839384297,0.016422074228260468,1.6422073552451409e-06
4466.414154840736,0.016427776194636347,1.6427775918331485e-06
4467.442707103739,0.016368039879256984,1.636803977873833e-06
4468.47149622784,0.01636189392327109,1.6361893407543434e-06
4469.5005222675845,0.01650041772550825,1.6500417867199253e-06
4470.529785277529,0.016817391279765503,1.6817390880866428e-06
4471.559285312247,0.01721196957952594,1.7211969365801956e-06
4472.58902242632,0.01750328128180285,1.7503280396862637e-06
4473.618996674346,0.01771244830671103,1.771244798155629e-06
4474.649208110932,0.017859924530355186,1.7859924558895167e-06
4475.679656790699,0.017932869750057166,1.7932869373016416e-06
4476.710342768281,0.017961684206886017,1.7961684271440206e-06
4477.7412660983255,0.017812706593484086,1.7812706263834941e-06
4478.7724268354905,0.017396265076533798,1.7396264102214065e-06
4479.803825034448,0.01686928579079989,1.6869285179217149e-06
4480.835460749881,0.01654869524662577,1.654869486638034e-06
4481.867334036488,0.016613692060013063,1.6613691491206383e-06
4482.899444948976,0.01702298879973982,1.70229878424023e-06
4483.931793542069,0.017522213441412502,1.7522212590288824e-06
4484.9643798705,0.01785292479445657,1.7852924199132311e-06
4485.997203989017,0.01792162157229121,1.7921621446359827e-06
4487.03026595238,0.017716975441613762,1.771697452723342e-06
4488.063565815361,0.017382767626508876,1.7382767294182608e-06
4489.097103632744,0.017097825920560583,1.7097825012371934e-06
4490.130879459327,0.017019421053083884,1.7019420521017084e-06
4491.164893349921,0.017099252120938054,1.7099252226647857e-06
4492.199145359347,0.017132813997695756,1.7132813094036233e-06
4493.233635542443,0.01702316575389626,1.7023165226508224e-06
4494.2683639540555,0.01687404145436732,1.687404133658844e-06
4495.303330649045,0.016861232970883166,1.6861232581335071e-06
4496.3385356822855,0.01704364571182201,1.7043644907301846e-06
4497.373979108662,0.017350701514110334,1.735070154099978e-06
4498.409660983074,0.01761999404352252,1.7619993577361882e-06
4499.445581360433,0.01774950043340799,1.774949992311264e-06
4500.4817402956605,0.01782475027853588,1.7824749777127414e-06
4501.518137843696,0.018016348915810162,1.8016348302010252e-06
4502.5547740594875,0.01835766727281104,1.835766687437494e-06
4503.591648997996,0.018684748418792044,1.8684748091807212e-06
4504.628762714197,0.018849869282325,1.8849868520373968e-06
4505.666115263079,0.018817949793176594,1.8817949219282639e-06
4506.703706699638,0.01869951850329416,1.8699518051320665e-06
4507.741537078889,0.018598210200475748,1.8598209499600746e-06
4508.779606455858,0.018579802064946253,1.8579801402345597e-06
4509.817914885581,0.018575928273658508,1.8575927728060845e-06
4510.8564624231085,0.01846549064800368,1.8465490301639352e-06
4511.895249123504,0.018255594831457195,1.8255594437943626e-06
4512.934275041845,0.0180361509782074,1.803615043807668e-06
4513.973540233217,0.017856895662754897,1.7856895601233284e-06
4515.0130447527235,0.017759911328433454,1.7759910913760606e-06
4516.052788655478,0.01775927793409527,1.775927729556868e-06
4517.092771996607,0.017804237402761415,1.7804237067427337e-06
4518.132994831249,0.0178464278740071,1.7846426996856107e-06
4519.173457214556,0.017958656742971292,1.7958656812973826e-06
4520.214159201694,0.018027942925186956,1.802794199255745e-06
4521.2551008478395,0.017946484449745757,1.7946484346048293e-06
4522.296282208183,0.017713419444839975,1.7713419064044282e-06
4523.3377033379265,0.01743415298255798,1.7434152412399973e-06
4524.3793642922865,0.017103205170932244,1.7103204654801588e-06
4525.421265126491,0.016728152362446787,1.6728152238118135e-06
4526.46340589578,0.01632469424702468,1.6324693665749307e-06
4527.505786655408,0.01601078502570059,1.6010784121135164e-06
4528.548407460641,0.01586787283945998,1.5867872611496835e-06
4529.591268366759,0.015910638100732972,1.5910637972394591e-06
4530.634369429054,0.016059713172725122,1.6059712652247276e-06
4531.677710702828,0.016184763725009245,1.6184762753968085e-06
4532.721292243401,0.016184669638514775,1.6184669384482286e-06
4533.765114106102,0.01617798332390831,1.617798321747975e-06
4534.809176346274,0.016339669173533453,1.6339668294378739e-06
4535.853479019273,0.01677824918891946,1.6778249173996402e-06
4536.898022180467,0.01730118374680685,1.7301183711460558e-06
4537.942805885237,0.017663808740803255,1.7663807943261961e-06
4538.987830188976,0.0177172997135237,1.771729939487218e-06
4540.033095147091,0.01762176363343069,1.762176347355226e-06
4541.078600815003,0.017581021819271566,1.7581021878595224e-06
4542.124347248142,0.017591938321483813,1.7591937527847972e-06
4543.170334501953,0.017563345695852675,1.7563344970994166e-06
4544.216562631894,0.017467425660287,1.7467424878380832e-06
4545.263031693436,0.017349186853008486,1.7349186802902264e-06
4546.309741742061,0.01725494583292847,1.7254945228950848e-06
4547.356692833267,0.017127762389520833,1.712776139116426e-06
4548.40388502256,0.016923488543211976,1.6923487780495665e-06
4549.451318365463,0.01684563763083422,1.6845636850816627e-06
4550.49899291751,0.016923780181062317,1.6923780223923905e-06
4551.546908734247,0.017007212437984583,1.7007212168534998e-06
4552.595065871236,0.01699973026134973,1.6999730119414384e-06
4553.643464384049,0.01698710461291366,1.6987103781668565e-06
4554.692104328271,0.017118343764502796,1.7118342973920065e-06
4555.7409857595,0.017426062802757842,1.742606190472581e-06
4556.790108733348,0.01783387485636452,1.783387430404506e-06
4557.839473305437,0.018164603286045237,1.8164602999111082e-06
4558.8890795314055,0.01836202273397651,1.836202235235639e-06
4559.938927466903,0.018465707647623546,1.8465706768732755e-06
4560.989017167591,0.018464911594613862,1.8464911452192015e-06
4562.039348689144,0.018277556007924287,1.8277555250625881e-06
4563.089922087252,0.01798489576806727,1.7984895270501342e-06
4564.140737417613,0.01777414667282266,1.7774145802930201e-06
4565.191794735943,0.017793230843015134,1.7793230212530594e-06
4566.2430940979675,0.017994927200310398,1.7994926345321021e-06
4567.294635559426,0.018226920569603428,1.822691959910715e-06
4568.3464191760695,0.018353129551845808,1.835312887704065e-06
4569.398445003664,0.018303023233759607,1.8303022389396826e-06
4570.450713097988,0.018118567946352554,1.811856769424254e-06
4571.50322351483,0.018032557161699943,1.8032556842600242e-06
4572.5559763099955,0.018138756921052903,1.813875599290929e-06
4573.6089715393,0.01828266255714678,1.8282661755211202e-06
4574.662209258572,0.01834475675142081,1.8344755793647644e-06
4575.715689523655,0.01830974435709347,1.8309743587382359e-06
4576.769412390402,0.018179758978524713,1.817975877498056e-06
4577.823377914682,0.01794808755226626,1.794808725988394e-06
4578.877586152375,0.01763142435264636,1.7631424080741158e-06
4579.932037159377,0.0173799075733073,1.7379907240069206e-06
4580.98673099159,0.01725921416075483,1.7259214147202936e-06
4582.041667704936,0.017240867019040273,1.724086664846399e-06
4583.096847355347,0.01725923545870876,1.7259234724981815e-06
4584.152269998767,0.017318263027703007,1.7318262115374136e-06
4585.207935691155,0.01742799008282732,1.742799010696963e-06
4586.263844488481,0.01760837469926846,1.7608374683938283e-06
4587.3199964467285,0.01784324193446244,1.7843241067643562e-06
4588.376391621894,0.018015979265902374,1.801597896500166e-06
4589.433030069988,0.018026435387404095,1.8026434981496914e-06
4590.489911847032,0.017898879605556132,1.7898879023680337e-06
4591.547037009061,0.01769602811216316,1.7696027558803695e-06
4592.604405612124,0.01754912364647873,1.7549122962852371e-06
4593.66201771228,0.017487581392118423,1.7487580863984937e-06
4594.719873365606,0.01747424426589277,1.7474243782531092e-06
4595.777972628187,0.017464840006756136,1.7464839236822712e-06
4596.836315556123,0.01750067524110346,1.7500674666041028e-06
4597.894902205527,0.017566018597893057,1.7566018481658808e-06
4598.9537326325235,0.017584911737887225,1.758491107238988e-06
4600.012806893253,0.017590791485158085,1.7590790467744753e-06
4601.072125043865,0.017612159539326884,1.7612159489151304e-06
4602.131687140525,0.017670460323369715,1.767046035104796e-06
4603.191493239411,0.017748299977435992,1.7748299273319731e-06
4604.251543396712,0.01783483812971208,1.7834837691905854e-06
4605.311837668632,0.01797012770604688,1.7970127733124126e-06
4606.372376111386,0.01821054752162437,1.8210547532049258e-06
4607.433158781204,0.01853834290612485,1.853834245361675e-06
4608.494185734328,0.018781683229822443,1.878168253845339e-06
4609.555457027013,0.018847385270817186,1.8847384817554815e-06
4610.6169727155275,0.018775360274952625,1.877536023137905e-06
4611.678732856152,0.018654588061327693,1.8654587742370614e-06
4612.74073750518,0.0185712703718663,1.8571269424149202e-06
4613.802986718918,0.018617620512950746,1.8617620059022443e-06
4614.865480553687,0.01866141367125876,1.8661412688514775e-06
4615.928219065819,0.01868071936051908,1.8680719140200863e-06
4616.991202311659,0.018683342102655806,1.8683341893418132e-06
4618.054430347568,0.018647105334828464,1.8647105319180972e-06
4619.117903229916,0.018608051028749763,1.8608051029158899e-06
4620.181621015087,0.018654165036575427,1.8654164381910685e-06
4621.245583759481,0.018747286920494804,1.8747286634678651e-06
4622.309791519507,0.018796559065995016,1.879655814990531e-06
4623.3742443515885,0.01878983107000665,1.8789830043727471e-06
4624.438942312163,0.018729491522897088,1.8729491191408418e-06
4625.503885457681,0.018670872440958202,1.8670871546409944e-06
4626.569073844602,0.018641667791407964,1.864166717138104e-06
4627.634507529404,0.01859721012239238,1.8597209222102076e-06
4628.700186568575,0.018543802382328323,1.8543801503466618e-06
4629.766111018618,0.01853645094103215,1.8536450404217767e-06
4630.832280936046,0.01856501738265786,1.8565016341749883e-06
4631.898696377387,0.018504615053949663,1.8504615113333898e-06
4632.965357399182,0.018344878280262347,1.8344877647830346e-06
4634.032264057984,0.018178962401158436,1.8178962203515822e-06
4635.099416410361,0.018060663966673367,1.806066296236531e-06
4636.166814512892,0.017917322761099228,1.7917321808667629e-06
4637.234458422171,0.01776897243697633,1.7768971878538075e-06
4638.302348194801,0.017658513828160687,1.7658513870315224e-06
4639.370483887404,0.017641152220111322,1.7641152332848837e-06
4640.43886555661,0.017716983162601816,1.7716982323889307e-06
4641.507493259064,0.01779304167115361,1.7793041772187213e-06
4642.576367051425,0.017781763650478444,1.7781762860934226e-06
4643.645486990364,0.017624083073833733,1.7624083126182505e-06
4644.714853132564,0.01733981963093334,1.73398186992366e-06
4645.7844655347235,0.017050008196972617,1.7050008116294207e-06
4646.854324253551,0.016908108100150192,1.690810780440939e-06
4647.924429345771,0.016953559920491804,1.695355895578237e-06
4648.994780868119,0.01719662509028915,1.7196624698047158e-06
4650.065378877346,0.017483285129613804,1.7483284614274872e-06
4651.136223430213,0.017701364490228386,1.7701363489570783e-06
4652.207314583496,0.0178100692342073,1.7810068558328938e-06
4653.278652393983,0.017792562056110347,1.7792561545967083e-06
4654.350236918476,0.017708388330534956,1.7708387742245267e-06
4655.422068213791,0.017710174287619132,1.7710173562589997e-06
4656.494146336754,0.01789354109499052,1.7893541122503926e-06
4657.566471344207,0.018253890410312487,1.8253889578097406e-06
4658.639043293004,0.018556505278468638,1.8556504961404028e-06
4659.711862240011,0.018646616521985085,1.8646616522951164e-06
4660.784928242109,0.018511318195194863,1.851131752900227e-06
4661.858241356193,0.0181996558410836,1.8199655794457434e-06
4662.931801639166,0.01784586113085167,1.784586092540394e-06
4664.00560914795,0.017473626711428852,1.7473625932532926e-06
4665.079663939477,0.017057487137601295,1.7057487259385465e-06
4666.153966070692,0.0166401990543633,1.6640199171949065e-06
4667.2285155985555,0.016377218201266107,1.6377218181700096e-06
4668.303312580038,0.01645754163175968,1.645754136593271e-06
4669.378357072125,0.016803207824417757,1.6803207873976163e-06
4670.453649131815,0.017192121830172075,1.7192121248130372e-06
4671.529188816119,0.017487339793763927,1.748733987061301e-06
4672.604976182061,0.017629806103155895,1.7629805721699433e-06
4673.68101128668,0.017725798104916566,1.7725797551588866e-06
4674.757294187025,0.01783261650024089,1.783261608315142e-06
4675.833824940161,0.017916217011845613,1.7916216264414156e-06
4676.910603603164,0.017871146022039416,1.787114572220343e-06
4677.987630233127,0.017670575310031272,1.7670574510441212e-06
4679.064904887149,0.017495474365506913,1.749547443502781e-06
4680.14242762235,0.017370262807144897,1.7370262618562878e-06
4681.220198495857,0.017399661764787824,1.7399660949656268e-06
4682.298217564815,0.017547199050090636,1.7547198765827248e-06
4683.376484886378,0.017719289840137323,1.7719289401310878e-06
4684.455000517717,0.01786744177847008,1.7867441894449065e-06
4685.5337645160125,0.01793101146598241,1.7931010478644498e-06
4686.612776938461,0.017886357686329426,1.7886357745632084e-06
4687.692037842271,0.017826577356781136,1.7826576461782797e-06
4688.771547284663,0.017751284461020183,1.7751283744063092e-06
4689.8513053228735,0.017712857119668447,1.771285639974598e-06
4690.9313120141505,0.01767247811889165,1.7672478119466645e-06
4692.011567415754,0.017693456476621263,1.7693456543577443e-06
4693.09207158496,0.017794487894017115,1.779448747032981e-06
4694.172824579055,0.01789793477739634,1.789793479516537e-06
4695.2538264553405,0.017953297048443728,1.7953297038238277e-06
4696.33507727113,0.017848373206327123,1.7848373078170577e-06
4697.416577083752,0.01759903191955264,1.7599031322395284e-06
4698.498325950545,0.017350760461706607,1.7350760200525757e-06
4699.580323928864,0.017184507693954118,1.7184507683215027e-06
4700.662571076076,0.01709803502634189,1.7098034522794024e-06
4701.745067449561,0.016992162948747547,1.6992162515816056e-06
4702.827813106712,0.016945440800079987,1.6945440274610174e-06
4703.910808104935,0.017035991161863665,1.7035991015364462e-06
4704.994052501651,0.01715923416088377,1.7159233384282898e-06
4706.077546354292,0.017176735914874626,1.7176735086841628e-06
4707.161289720305,0.017130812580099474,1.7130811667559098e-06
4708.245282657148,0.017131971621914467,1.7131970908605048e-06
4709.329525222295,0.017233266923575272,1.723326614020431e-06
4710.414017473231,0.017438296715940292,1.7438296098036217e-06
4711.498759467456,0.017599021165168007,1.7599020655084473e-06
4712.583751262481,0.01761491005467091,1.7614909085224104e-06
4713.668992915834,0.01757407190001494,1.7574071650569093e-06
4714.754484485051,0.017651219044718315,1.7651218697535314e-06
4715.840226027686,0.017896154335971044,1.789615384169022e-06
4716.9262176013035,0.018212283560736075,1.8212282830478593e-06
4718.012459263483,0.018467278076356362,1.846727780798737e-06
4719.0989510718155,0.018638962091498467,1.8638961672247327e-06
4720.185693083906,0.01872935264559756,1.8729352728057942e-06
4721.272685357373,0.01870900833616887,1.8709007450244206e-06
4722.359927949849,0.018671573944844245,1.8671573245444127e-06
4723.447420918979,0.0186412999241561,1.864129909626136e-06
4724.53516432242,0.018528035737469792,1.8528035634634975e-06
4725.623158217844,0.01827363277951547,1.8273632346948801e-06
4726.711402662937,0.017877595361831845,1.7877595057695877e-06
4727.799897715395,0.017486256226837,1.748625563470203e-06
4728.888643432931,0.017261869811639085,1.7261868857128327e-06
4729.977639873268,0.017219082569686545,1.7219082537967657e-06
4731.066887094145,0.017323410594547117,1.7323410711668699e-06
4732.156385153314,0.01750852439714895,1.7508524132344078e-06
4733.246134108538,0.017686849358976024,1.7686848396314597e-06
4734.336134017596,0.01778722371442566,1.7787223210192005e-06
4735.426384938278,0.017854002612368587,1.7854001616187672e-06
4736.51688692839,0.017895391258982384,1.789539108174349e-06
4737.607640045748,0.018019141092221858,1.8019140273292794e-06
4738.698644348184,0.018189046892837304,1.8189046847815938e-06
4739.789899893542,0.018264995604855762,1.8264995179081748e-06
4740.88140673968,0.018309825377659177,1.8309824815372006e-06
4741.973164944468,0.018371438696612803,1.8371438380279173e-06
4743.065174565793,0.018446103098135602,1.844610299180743e-06
4744.15743566155,0.01853032703885414,1.8530327034328913e-06
4745.249948289652,0.018587933178793772,1.8587932404619152e-06
4746.342712508022,0.01863949296334875,1.8639492332686111e-06
4747.435728374598,0.018706062704341747,1.8706062728113733e-06
4748.528995947331,0.01870764674561915,1.870764679189523e-06
4749.622515284185,0.018658689561198354,1.8658689104746998e-06
4750.716286443139,0.018557909562670612,1.855790959432885e-06
4751.810309482184,0.018409770042951648,1.8409769141736601e-06
4752.904584459323,0.018245405336834945,1.824540463677646e-06
4753.999111432574,0.01812038549309421,1.8120385440908985e-06
4755.093890459969,0.018042823583257046,1.8042823550579064e-06
4756.1889215995525,0.018045376632685826,1.804537586266677e-06
4757.284204909382,0.018081907114648094,1.8081906535843521e-06
4758.379740447529,0.018123652169926716,1.8123651803621817e-06
4759.475528272078,0.018087220583010297,1.8087220014585614e-06
4760.571568441127,0.017923406826061555,1.7923406278690866e-06
4761.667861012787,0.0176474782067182,1.7647478090305344e-06
4762.764406045184,0.017396872310392535,1.7396872154587617e-06
4763.861203596454,0.017224964154775247,1.7224963422021223e-06
4764.958253724751,0.017148204464171857,1.7148203699522736e-06
4766.055556488239,0.0172165797868552,1.7216579765688813e-06
4767.153111945095,0.017423341554923838,1.742334119923061e-06
4768.250920153512,0.017679096346740853,1.76790959027229e-06
4769.348981171695,0.01790234719102232,1.7902347302624456e-06
4770.447295057863,0.017993938207785946,1.7993937874984286e-06
4771.545861870248,0.018040452612190807,1.804045257772807e-06
4772.644681667093,0.018153176633064632,1.8153175658044976e-06
4773.74375450666,0.018347562202642963,1.8347562249819064e-06
4774.843080447219,0.0185024707865573,1.8502469936587724e-06
4775.942659547056,0.01857028263102214,1.857028167770914e-06
4777.042491864471,0.018574530027709965,1.8574529282105895e-06
4778.142577457776,0.018520169585391814,1.8520168681219605e-06
4779.242916385296,0.018394346669848766,1.8394345788263825e-06
4780.34350870537,0.018252977325113308,1.8252976718080602e-06
4781.444354476353,0.018125397312205454,1.8125396937437137e-06
4782.545453756609,0.017964409941875096,1.796441001362906e-06
4783.646806604519,0.017851897434857992,1.7851896978553543e-06
4784.748413078475,0.017783486022381122,1.7783485645454072e-06
4785.850273236884,0.017726786521494828,1.772678556475838e-06
4786.952387138167,0.017722550198083338,1.7722549764932507e-06
4788.054754840756,0.01775591776172192,1.7755916926699596e-06
4789.157376403097,0.01782554271706349,1.7825542419080359e-06
4790.260251883653,0.01797274293009417,1.7972742022487888e-06
4791.363381340896,0.018186271444410103,1.8186271405863743e-06
4792.4667648333125,0.018453648161699948,1.8453647416796265e-06
4793.570402419406,0.018707841851228906,1.8707841558563357e-06
4794.674294157688,0.01886361417372975,1.8863613180463138e-06
4795.778440106687,0.018824795594859292,1.882479468155168e-06
4796.8828403249445,0.01865871051402734,1.8658710577168342e-06
4797.987494871016,0.018451452713224244,1.8451452424864984e-06
4799.092403803467,0.018310663518281842,1.8310662955437555e-06
4800.197567180881,0.018318932899303,1.831893283178868e-06
4801.302985061853,0.01844881080492416,1.8448809990881752e-06
4802.408657504992,0.018532933100148963,1.8532932137045497e-06
4803.5145845689185,0.01845799516608738,1.8457994945398404e-06
4804.62076631227,0.018310781395657005,1.8310780442563557e-06
4805.727202793693,0.018155068901684036,1.8155068437564288e-06
4806.833894071853,0.01806599298880607,1.8065992989946536e-06
4807.940840205425,0.018061396675029484,1.806139607165952e-06
4809.048041253098,0.018104621468058683,1.8104620927799422e-06
4810.155497273575,0.01817417112642611,1.817417093892594e-06
4811.263208325573,0.018254194325724775,1.8254193394046735e-06
4812.371174467823,0.018327304820229456,1.8327304826081242e-06
4813.479395759068,0.018404996405923704,1.840499570662726e-06
4814.5878722580655,0.018504247695879196,1.8504247218971245e-06
4815.696604023586,0.018634836591661118,1.863483649572783e-06
4816.805591114413,0.018754817572407184,1.8754817382622462e-06
4817.914833589345,0.018811558427975904,1.8811557466675493e-06
4819.024331507194,0.018798025536369233,1.879802460343846e-06
4820.134084926784,0.01871154217568716,1.871154126836259e-06
4821.244093906954,0.018498072401222594,1.8498071978986048e-06
4822.354358506556,0.018224585833834097,1.8224584907290947e-06
4823.464878784455,0.017989304232877916,1.7989303616048336e-06
4824.575654799531,0.01796523772821035,1.7965236739089958e-06
4825.686686610676,0.01807081700880957,1.8070817066068787e-06
4826.797974276796,0.01811122444798038,1.8111224542031903e-06
4827.909517856811,0.018069505361574267,1.806950483901919e-06
4829.021317409655,0.017996898808002152,1.7996898464502716e-06
4830.133372994275,0.017914836153778327,1.791483614217804e-06
4831.2456846696305,0.017851970518020045,1.7851970266887546e-06
4832.358252494696,0.01784884021970574,1.7848839761681555e-06
4833.471076528459,0.017938455700525126,1.7938455196217897e-06
4834.584156829921,0.018024871774216786,1.8024871567300946e-06
4835.697493458098,0.01802503626669941,1.8025035654111786e-06
4836.811086472016,0.017951314355451903,1.7951313936130448e-06
4837.924935930719,0.01783058931305579,1.7830588807766803e-06
4839.039041893261,0.017666537317929137,1.7666537045605926e-06
4840.153404418713,0.017559438693282633,1.7559438290058122e-06
4841.268023566156,0.017533993408618387,1.7533993176400524e-06
4842.382899394689,0.01755294708585569,1.755294629171272e-06
4843.49803196342,0.017627493743379775,1.7627492931399617e-06
4844.613421331472,0.017736987316784043,1.7736987039576505e-06
4845.729067557984,0.01777047509826347,1.777047495614913e-06
4846.844970702106,0.017697133814609422,1.7697133661989824e-06
4847.961130823003,0.01754043042786542,1.7540430403590267e-06
4849.077547979853,0.01744132135371115,1.7441320545069706e-06
4850.194222231848,0.01740113693848293,1.7401136838070776e-06
4851.311153638192,0.017312381023269152,1.7312380984732316e-06
4852.428342258106,0.01709629141953979,1.7096291034822564e-06
4853.545788150821,0.016716172514945195,1.6716172222346339e-06
4854.663491375584,0.016298949135001614,1.6298948818439663e-06
4855.781451991655,0.01600089632034897,1.600089607569338e-06
4856.8996700583075,0.015916382034648888,1.5916381372951472e-06
4858.018145634829,0.01639039802009767,1.6390397863961918e-06
4859.13687878052,0.018467404696887034,1.8467404768161223e-06
4860.255869554696,0.021755675677985562,2.1755675533764103e-06
4861.375118016684,0.02294568392058069,2.2945684127644796e-06
4862.494624225827,0.020441071087512554,2.0441071145264206e-06
4863.614388241478,0.01730718228825691,1.730718239625384e-06
4864.73441012301,0.015956344847415038,1.5956344843975231e-06
4865.854689929803,0.015848713857955977,1.5848713680406431e-06
4866.975227721255,0.016015805491083505,1.601580548471534e-06
4868.0960235567745,0.016152360353349625,1.615236019799783e-06
4869.217077495788,0.01612794851416549,1.6127948238032875e-06
4870.338389597731,0.015957952273264207,1.595795161125128e-06
4871.459959922056,0.015884572723547537,1.5884572853789328e-06
4872.581788528228,0.016074080825403996,1.6074080885910238e-06
4873.703875475724,0.01639145703771778,1.6391456123809234e-06
4874.826220824038,0.0166758363496707,1.6675836205139553e-06
4875.9488246326755,0.016919310584481227,1.691931044690435e-06
4877.071686961157,0.017154522549271765,1.7154521569695544e-06
4878.194807869015,0.01737575958073628,1.7375758710346777e-06
4879.318187415796,0.017560357939778004,1.7560357421523288e-06
4880.441825661063,0.017570968681030655,1.7570967837068557e-06
4881.56572266439,0.017439679327696255,1.7439678827875576e-06
4882.689878485365,0.01729804778387106,1.7298047563775046e-06
4883.814293183589,0.017163110648985208,1.7163110591824773e-06
4884.93896681868,0.016966427547213715,1.6966427201414557e-06
4886.063899450264,0.016831103482833187,1.6831102761172506e-06
4887.189091137989,0.01677208068621251,1.6772080105946028e-06
4888.314541941508,0.01672146104168509,1.6721460914582737e-06
4889.440251920494,0.01665922514905418,1.66592247870305e-06
4890.56622113463,0.016676676576098153,1.6676676040072726e-06
4891.692449643615,0.016973905945279835,1.6973905630370242e-06
4892.8189375071615,0.01754077493968246,1.7540774535019076e-06
4893.945684784993,0.018141429380083514,1.814142934978198e-06
4895.072691536852,0.018544114358513816,1.8544113579139763e-06
4896.19995782249,0.01872429137024879,1.8724291026933108e-06
4897.327483701674,0.018708149826520918,1.870814966736398e-06
4898.455269234185,0.018571428477865134,1.8571427850239446e-06
4899.583314479817,0.0183790489783265,1.8379049062348554e-06
4900.711619498378,0.018255280721798356,1.8255280736814844e-06
4901.840184349692,0.018172707649920107,1.8172707571387066e-06
4902.969009093594,0.018130819962782492,1.8130819879126679e-06
4904.098093789931,0.01819709849075193,1.8197098549275933e-06
4905.22743849857,0.018323717186337067,1.8323716584862402e-06
4906.357043279387,0.018338871347762537,1.8338871442132391e-06
4907.4869081922725,0.018172119025231175,1.8172118345455795e-06
4908.617033297131,0.017883918876034566,1.7883918839278261e-06
4909.747418653881,0.017662233390987166,1.7662233460855322e-06
4910.878064322456,0.017633106898987425,1.7633105987232774e-06
4912.008970362802,0.017777680942859357,1.7777680539802824e-06
4913.140136834877,0.017954612327445905,1.795461239603087e-06
4914.271563798658,0.018101410191319674,1.8101410196671626e-06
4915.403251314129,0.0180444759896878,1.8044475549933856e-06
4916.535199441293,0.017723753827569015,1.7723753106881888e-06
4917.667408240167,0.017136139310458178,1.7136139240756365e-06
4918.799877770777,0.016581162834443032,1.658116270266134e-06
4919.932608093168,0.016278397386833312,1.6278397315313945e-06
4921.065599267395,0.01636826366883178,1.6368263445652956e-06
4922.19885135353,0.016659300115014337,1.6659299625885713e-06
4923.332364411656,0.016965738720964154,1.696573792648785e-06
4924.466138501873,0.017281171368059477,1.7281170539225272e-06
4925.600173684291,0.017689515499734708,1.768951502421354e-06
4926.734470019037,0.01809606797608679,1.8096067254108137e-06
4927.86902756625,0.018407730758667477,1.8407729916101216e-06
4929.003846386085,0.018604008958118444,1.8604008728240167e-06
4930.138926538708,0.01863952108370964,1.8639521005942277e-06
4931.2742680843,0.018481245034962217,1.8481244247036426e-06
4932.409871083058,0.018168305394271382,1.8168305027666476e-06
4933.5457355951885,0.017869422423600845,1.7869421725354985e-06
4934.681861680916,0.017724446360304225,1.7724445720789111e-06
4935.818249400477,0.01761257865804925,1.7612578213165197e-06
4936.954898814122,0.017428087037366872,1.7428086990294358e-06
4938.091809982116,0.017266415969553726,1.7266415841149434e-06
4939.228982964735,0.017362684661897988,1.736268444716899e-06
4940.366417822274,0.017722871838466287,1.772287190635507e-06
4941.504114615038,0.01811901173246296,1.8119011045371463e-06
4942.642073403347,0.018435723200744908,1.8435723016499708e-06
4943.780294247535,0.01862131473773373,1.8621313765564668e-06
4944.9187772079495,0.018684818881177824,1.8684818138072173e-06
4946.057522344952,0.0187453391001875,1.8745338399080107e-06
4947.196529718919,0.01882260231838107,1.8822602042272429e-06
4948.33579939024,0.018924085813576994,1.8924084850584756e-06
4949.475331419317,0.01896832105589282,1.8968320689801284e-06
4950.615125866568,0.01896944685385909,1.8969446297582438e-06
4951.755182792424,0.018844189205283468,1.8844188875244611e-06
4952.895502257331,0.01865054578970224,1.8650545579312392e-06
4954.036084321748,0.0183949321981848,1.8394931847174593e-06
4955.176929046146,0.018134811007257626,1.8134810728150893e-06
4956.318036491015,0.018178116364265463,1.8178115728145768e-06
4957.459406716853,0.019028566802659425,1.9028566192110405e-06
4958.6010397841765,0.020061170512702346,2.006117089775162e-06
4959.742935753513,0.020028909236792417,2.002890941018361e-06
4960.885094685406,0.01919647251205908,1.919647181987548e-06
4962.027516640412,0.01859086779730886,1.8590866931623748e-06
4963.170201679101,0.018293530568172615,1.8293529750392966e-06
4964.313149862058,0.01801083785799305,1.8010837804277286e-06
4965.456361249881,0.017772723126612364,1.7772722593883898e-06
4966.599835903183,0.01763128583847429,1.76312848365488e-06
4967.74357388259,0.017590460843378754,1.7590459836064693e-06
4968.887575248742,0.017664252153283426,1.7664251143476098e-06
4970.031840062294,0.017798878215500847,1.77988774698367e-06
4971.176368383913,0.017987163771204545,1.7987162812541147e-06
4972.321160274281,0.018158724343755248,1.815872438694356e-06
4973.466215794097,0.01824673657014741,1.824673558550361e-06
4974.611535004067,0.01825533290080164,1.825533195370277e-06
4975.757117964919,0.018130774811569265,1.8130774842351532e-06
4976.902964737389,0.017883506035893452,1.788350582110908e-06
4978.04907538223,0.01755057093732042,1.7550570785788762e-06
4979.195449960207,0.01721045474187444,1.7210454164863931e-06
4980.342088532101,0.016861057090136477,1.686105640838972e-06
4981.488991158706,0.016503988353805156,1.6503987489550536e-06
4982.636157900829,0.016280092416248067,1.6280091609235184e-06
4983.783588819294,0.01634971594124591,1.6349715351235546e-06
4984.9312839749355,0.0166611289584876,1.666112813523571e-06
4986.079243428604,0.017080034156872804,1.7080033960000864e-06
4987.227467241164,0.01740152732758234,1.7401527132331454e-06
4988.375955473493,0.01753044763682525,1.7530446998520995e-06
4989.5247081864845,0.017562837925610093,1.7562837397185395e-06
4990.673725441044,0.0175572626014809,1.7557262400757066e-06
4991.8230072980905,0.017556575359896378,1.75565751728535e-06
4992.9725538185585,0.017591809846920693,1.7591809252016137e-06
4994.122365063398,0.017644549308650285,1.7644548675083467e-06
4995.27244109357,0.01769526730300403,1.7695266421643109e-06
4996.422781970051,0.01767893204678955,1.767893153739739e-06
4997.5733877538305,0.017542633591591025,1.7542632610580604e-06
4998.724258505915,0.01733266180309503,1.7332661912223648e-06
4999.875394287321,0.017127807284823965,1.712780631207872e-06
5001.026795159082,0.01706960587956536,1.7069604910939777e-06
5002.178461182245,0.017245511771854755,1.7245511139862074e-06
5003.330392417869,0.017818938500427803,1.7818938167224603e-06
5004.4825889270305,0.01961806609470818,1.961806505338175e-06
5005.6350507708175,0.022858484498845432,2.285848406119852e-06
5006.787778010333,0.024715155906694854,2.4715154834423633e-06
5007.940770706692,0.022808458063144254,2.2808458367193826e-06
5009.094028921028,0.019681615685380155,1.9681615272072727e-06
5010.247552714486,0.017879130985887573,1.7879130507218074e-06
5011.401342148224,0.017016688542409363,1.7016688606020973e-06
5012.555397283415,0.01645557869825842,1.6455577878246582e-06
5013.709718181248,0.01619263501354999,1.6192634439031277e-06
5014.864304902922,0.016196006272449427,1.6196005793034565e-06
5016.019157509654,0.016277764661060158,1.6277764066698087e-06
5017.174276062674,0.01628152522944187,1.6281524626621164e-06
5018.329660623224,0.016288313774162236,1.628831344667862e-06
5019.485311252563,0.016409460410416132,1.6409460396983548e-06
5020.641228011964,0.016525842734994047,1.6525841801413792e-06
5021.79741096271,0.016607210522225215,1.6607209644095833e-06
5022.953860166104,0.016755898093204526,1.6755897952434233e-06
5024.110575683459,0.016900015989964316,1.6900016007308946e-06
5025.267557576102,0.016980190252361232,1.698018955209558e-06
5026.424805905378,0.016987653394525907,1.698765253643584e-06
5027.582320732642,0.017051702906120573,1.7051702919653898e-06
5028.740102119265,0.017239294530449166,1.7239293836662777e-06
5029.8981501266335,0.017462882791621868,1.746288261312031e-06
5031.0564648161435,0.017637057705460434,1.7637057608554276e-06
5032.215046249211,0.01775678897258884,1.7756788345258045e-06
5033.373894487261,0.017697499767902275,1.7697499416315454e-06
5034.533009591736,0.01742846908725834,1.7428468434980906e-06
5035.692391624092,0.01708247771096118,1.7082477361978842e-06
5036.852040645797,0.016777066431686524,1.6777065671827463e-06
5038.011956718338,0.016491191263082915,1.6491190417963985e-06
5039.17213990321,0.01614053676350502,1.614053675196701e-06
5040.332590261926,0.015907771580976865,1.5907771580626413e-06
5041.493307856014,0.016045024626553543,1.604502422255217e-06
5042.654292747013,0.01653950278044725,1.653950248058973e-06
5043.815544996477,0.017091143460859968,1.709114303718916e-06
5044.977064665976,0.01750285907145832,1.7502858589933036e-06
5046.138851817094,0.017631737060773273,1.763173646941395e-06
5047.300906511427,0.01748410566474337,1.7484104851194182e-06
5048.463228810586,0.017216707886926606,1.7216707386160724e-06
5049.625818776198,0.017006393527225685,1.700639264265207e-06
5050.7886764699015,0.016960950165239533,1.6960949812852405e-06
5051.951801953351,0.01708078567618739,1.7080784671977425e-06
5053.115195288215,0.017339780745430824,1.7339780697493681e-06
5054.278856536175,0.017605938310522904,1.7605937357334238e-06
5055.44278575893,0.017810602676695,1.7810602398955009e-06
5056.606983018188,0.01796064812053661,1.7960647670508277e-06
5057.771448375675,0.018080260270392185,1.808025971240124e-06
5058.93618189313,0.01817034965670851,1.8170348633489016e-06
5060.101183632308,0.018201197530393072,1.8201197370349347e-06
5061.2664536549755,0.01813757903891891,1.8137578030692922e-06
5062.431992022914,0.01791190461744085,1.791190430731779e-06
5063.5977987979195,0.01755743157289587,1.7557431097733489e-06
5064.763874041804,0.017232369609336322,1.7232369266580355e-06
5065.930217816391,0.017074812357888748,1.707481181686125e-06
5067.096830183519,0.01706307726606326,1.7063076429343466e-06
5068.263711205042,0.017114699956081156,1.7114699288134432e-06
5069.430860942825,0.017153196441688855,1.7153195763988898e-06
5070.5982794587535,0.017174958049136588,1.7174958144994821e-06
5071.76596681472,0.0171585915392228,1.7158591294608565e-06
5072.933923072636,0.017145911796118688,1.7145911054144362e-06
5074.102148294426,0.0171550342168843,1.7155033351575859e-06
5075.270642542028,0.01712556072440209,1.7125559709882546e-06
5076.439405877395,0.017019329135881632,1.701932914915815e-06
5077.608438362494,0.016778080570529673,1.677807980682939e-06
5078.777740059307,0.01643353573557803,1.6433535461513346e-06
5079.947311029829,0.01618614528542807,1.6186144848475057e-06
5081.11715133607,0.01619578385305683,1.6195783566602952e-06
5082.287261040055,0.016374876400172274,1.637487626098162e-06
5083.457640203821,0.016578104382512483,1.6578104001252104e-06
5084.628288889422,0.016835212485057472,1.6835212448673141e-06
5085.799207158924,0.017075700170424587,1.7075699709546884e-06
5086.970395074411,0.01724361594881143,1.7243615641553082e-06
5088.141852697975,0.017361836975592425,1.736183708752504e-06
5089.313580091729,0.01749562032141208,1.7495620285558659e-06
5090.485577317795,0.017615123063356008,1.7615122926242213e-06
5091.657844438314,0.017712242891966934,1.77122421689732e-06
5092.830381515437,0.017733870004466423,1.773387006055001e-06
5094.003188611331,0.017635452381109723,1.7635451785514304e-06
5095.176265788179,0.01739293449245362,1.7392934449777818e-06
5096.349613108176,0.017050234418187545,1.7050233551759547e-06
5097.523230633532,0.016724755691509524,1.672475515084195e-06
5098.697118426471,0.016559434828300683,1.6559434213130974e-06
5099.871276549234,0.01661645582963298,1.6616455242529067e-06
5101.045705064072,0.016842613186678363,1.6842612827337172e-06
5102.2204040332535,0.016979024006176215,1.6979023293540064e-06
5103.39537351906,0.017012382911838042,1.7012382309915847e-06
5104.570613583787,0.016948963900351544,1.6948963387250574e-06
5105.746124289746,0.01680218662829528,1.6802185776356616e-06
5106.9219056992615,0.01665509503750785,1.665509458019222e-06
5108.097957874674,0.01658049020188464,1.6580489418537017e-06
5109.274280878334,0.016620424067135497,1.6620423879643085e-06
5110.450874772612,0.016768043107525003,1.6768042956237718e-06
5111.62773961989,0.016983113468400125,1.6983112839081399e-06
5112.804875482564,0.017202718061410424,1.720271754876485e-06
5113.982282423045,0.017388554258596433,1.7388554287526498e-06
5115.159960503759,0.017546425823631605,1.7546425765857224e-06
5116.337909787146,0.017658813755419795,1.7658813080997418e-06
5117.516130335658,0.017701431139706587,1.7701430856569853e-06
5118.694622211767,0.01760954699329107,1.7609546885965155e-06
5119.873385477952,0.017367623490894723,1.736762299913866e-06
5121.052420196714,0.01704603036434849,1.7046030210653994e-06
5122.231726430563,0.016691927444350538,1.669192712946015e-06
5123.411304242024,0.01639024794073148,1.639024705646286e-06
5124.591153693639,0.016220589959351158,1.6220590027332146e-06
5125.7712748479635,0.01616938866288371,1.6169388486793664e-06
5126.951667767566,0.01617247303303537,1.617247210889838e-06
5128.132332515029,0.01621782466530261,1.6217824007268315e-06
5129.313269152952,0.016344655159622586,1.6344654889866572e-06
5130.494477743947,0.016532850924565752,1.65328504707669e-06
5131.675958350642,0.01672057194214964,1.6720571288715734e-06
5132.857711035677,0.01687238272408701,1.687238227812029e-06
5134.039735861708,0.016989040509989443,1.6989040278446266e-06
5135.222032891407,0.01700247461466376,1.7002474457945865e-06
5136.4046021874565,0.016877084621281128,1.6877084521284855e-06
5137.587443812557,0.016646217513836027,1.664621657181337e-06
5138.770557829421,0.016454074965610972,1.6454074922631103e-06
5139.953944300777,0.01640608815865963,1.640608825822714e-06
5141.137603289367,0.016391407259454743,1.6391407212605805e-06
5142.321534857949,0.016323678963223853,1.63236780453085e-06
5143.505739069293,0.016351048507831346,1.6351048415517976e-06
5144.690215986186,0.016360184023800725,1.6360184061080678e-06
5145.874965671427,0.016339251607198825,1.6339250648739006e-06
5147.059988187832,0.016283781165878298,1.6283780962267902e-06
5148.2452835982285,0.01629413348357448,1.6294133048450441e-06
5149.430851965461,0.01630780601534311,1.630780606991712e-06
5150.616693352389,0.016243647681806098,1.624364689744797e-06
5151.802807821884,0.016218595572607606,1.621859470967709e-06
5152.989195436832,0.016273458420503283,1.6273458333174402e-06
5154.175856260136,0.016420492922437566,1.6420492879807897e-06
5155.362790354711,0.01668503015098108,1.66850291869341e-06
5156.549997783489,0.01698125036349222,1.6981249503679062e-06
5157.737478609413,0.017163522426229684,1.7163522245643104e-06
5158.925232895444,0.017180291638563664,1.7180291013469783e-06
5160.113260704556,0.017065381696016374,1.7065381578974883e-06
5161.301562099737,0.016777189226508817,1.6777189186915887e-06
5162.490137143989,0.016369987131884048,1.6369986949487445e-06
5163.678985900332,0.015770519405145247,1.577051899277377e-06
5164.868108431796,0.014988199627958155,1.4988198819544026e-06
5166.057504801429,0.014154149733359473,1.415414979842532e-06
5167.24717507229,0.013548303324682452,1.3548303461308055e-06
5168.437119307457,0.013369789349967106,1.3369789116531356e-06
5169.627337570018,0.013433228353349464,1.3433227628196398e-06
5170.817829923079,0.01337857758934901,1.3378577202125814e-06
5172.00859642976,0.013347158895003944,1.3347159019785207e-06
5173.199637153192,0.013675655127218904,1.3675654347856574e-06
5174.390952156526,0.014424471584447275,1.4424470825938e-06
5175.582541502923,0.015161879336977331,1.5161878597126009e-06
5176.774405255561,0.015621817500042432,1.562181656553453e-06
5177.9665434776325,0.015793530955161825,1.5793530913927614e-06
5179.1589562323425,0.015657837334172166,1.5657837404985087e-06
5180.351643582913,0.015215498136689196,1.521549744138723e-06
5181.5446055925795,0.014548381579834384,1.454838111161506e-06
5182.737842324592,0.013966608800642573,1.3966608424629073e-06
5183.931353842215,0.01392091918823382,1.3920919088934561e-06
5185.125140208727,0.0144910823534736,1.4491082459089684e-06
5186.319201487425,0.015253675591892474,1.5253675439759447e-06
5187.513537741614,0.015814520292083845,1.5814519455123561e-06
5188.708149034617,0.01614320064927277,1.6143200611068735e-06
5189.903035429774,0.016247803387678415,1.624780246790619e-06
5191.098196990435,0.016129954647666176,1.612995455380496e-06
5192.293633779968,0.016030653184215933,1.6030652550505882e-06
5193.489345861754,0.01609399780386246,1.6093997059988686e-06
5194.68533329919,0.016313562485268558,1.6313562290117897e-06
5195.881596155684,0.01664010824159691,1.664010779415476e-06
5197.078134494663,0.01703367147799857,1.70336711998153e-06
5198.274948379565,0.01736381683249198,1.7363816830979917e-06
5199.472037873847,0.01747993436753447,1.7479933977152686e-06
5200.669403040976,0.017373221705875127,1.7373221091478495e-06
5201.867043944437,0.017024842685367463,1.7024842281022894e-06
5203.0649606477255,0.016533548549579336,1.6533548649261366e-06
5204.263153214358,0.016046862020801987,1.604686197571934e-06
5205.461621707858,0.015667741586255293,1.5667741719838614e-06
5206.660366191772,0.01547073546720007,1.547073538719315e-06
5207.859386729653,0.015466870081275251,1.5466870212927598e-06
5209.058683385074,0.015703755798735262,1.5703755179574683e-06
5210.25825622162,0.016125212143013778,1.6125211802744495e-06
5211.458105302893,0.016611842320561027,1.6611842359969245e-06
5212.6582306925075,0.0169822468669874,1.6982246237674914e-06
5213.858632454093,0.01711815719453693,1.7118156730781905e-06
5215.059310651295,0.017109241958073576,1.7109241003230018e-06
5216.2602653477725,0.01714749952947439,1.714749916661666e-06
5217.461496607199,0.017295647242004494,1.729564712022567e-06
5218.663004493263,0.01751171684740054,1.75117162524223e-06
5219.8647890696675,0.017651174885502833,1.7651174133225878e-06
5221.066850400131,0.017632286772037382,1.7632285756925038e-06
5222.269188548386,0.017401107274344543,1.7401107092309917e-06
5223.47180357818,0.016975255661215386,1.697525532579816e-06
5224.674695553274,0.01646310543248194,1.6463104475272557e-06
5225.877864537446,0.016078799523599238,1.6078799460472547e-06
5227.081310594485,0.01607230354836955,1.6072303404852777e-06
5228.2850337882,0.016439404696967422,1.6439403759560095e-06
5229.489034182409,0.016894040835151558,1.6894039883619204e-06
5230.693311840949,0.017134048864515312,1.713404897056993e-06
5231.8978668276695,0.017160786284946418,1.7160785310519821e-06
5233.102699206434,0.017140393511457387,1.7140392873912703e-06
5234.307809041125,0.017240076065264565,1.7240075354777614e-06
5235.513196395635,0.01748350872162848,1.7483508603696402e-06
5236.718861333871,0.017758194628944766,1.775819387893004e-06
5237.92480391976,0.017968859224677964,1.7968859053330761e-06
5239.1310242172385,0.018072314260442045,1.8072313411375303e-06
5240.33752229026,0.018114343887583987,1.8114343631047453e-06
5241.544298202792,0.018122382156606772,1.8122381804355128e-06
5242.751352018818,0.01809197999860034,1.8091979499269607e-06
5243.958683802333,0.018037646643873487,1.8037646722155834e-06
5245.166293617352,0.017871378044739483,1.7871377545730065e-06
5246.374181527899,0.017590984285084037,1.759098432311454e-06
5247.582347598017,0.017328368447745213,1.7328368171850703e-06
5248.790791891762,0.01719615225051725,1.7196151589122222e-06
5249.999514473205,0.017148296431305395,1.7148295677920417e-06
5251.208515406432,0.017182562349283784,1.7182561800136412e-06
5252.417794755542,0.017304744096740345,1.7304743836070055e-06
5253.627352584652,0.017405433961725156,1.7405433961947216e-06
5254.837188957892,0.017529348258515345,1.7529348021314638e-06
5256.0473039394055,0.017748382871457514,1.7748382777673737e-06
5257.2576975933525,0.017965920562107624,1.7965919783371386e-06
5258.468369983909,0.017999071869607332,1.7999071721757082e-06
5259.679321175261,0.01773593787969937,1.7735937865015631e-06
5260.890551231615,0.017227063529188576,1.722706322488544e-06
5262.102060217188,0.01658877971214605,1.658877978288045e-06
5263.313848196216,0.01596385830150108,1.5963857777957682e-06
5264.5259152329445,0.015525411899040201,1.5525411177307323e-06
5265.738261391637,0.015329321816295333,1.5329320877276502e-06
5266.950886736573,0.015297447789439393,1.529744693094881e-06
5268.163791332044,0.015261297101104992,1.5261296221751098e-06
5269.376975242357,0.015269412566845221,1.5269412587016007e-06
5270.5904385318345,0.015568697782586134,1.556869751427522e-06
5271.804181264814,0.016088115016414772,1.6088114696619037e-06
5273.018203505649,0.01652628154481515,1.6526280683647165e-06
5274.232505318702,0.016837270744365685,1.6837270162287853e-06
5275.447086768359,0.017142695875723566,1.7142695936180547e-06
5276.661947919014,0.01751771293872541,1.7517712627945644e-06
5277.877088835078,0.017837271874060114,1.7837271525928348e-06
5279.092509580979,0.01791627414748393,1.791627412948352e-06
5280.308210221156,0.017794500955716178,1.7794500671116024e-06
5281.524190820064,0.017638388430404363,1.7638387516843777e-06
5282.740451442176,0.017583823638645437,1.7583822944509442e-06
5283.956992151977,0.01774612775211702,1.7746127436432773e-06
5285.173813013965,0.01812067532620279,1.8120675052758007e-06
5286.390914092657,0.018504488452703728,1.850448766100947e-06
5287.608295452583,0.018736524497165216,1.8736524135283012e-06
5288.825957158287,0.018862560969944268,1.8862559956015314e-06
5290.043899274329,0.018916758577000845,1.891675845720274e-06
5291.262121865284,0.018875544363379237,1.8875543450506088e-06
5292.48062499574,0.018730466107300905,1.873046555864488e-06
5293.699408730303,0.018480010216825556,1.8480009952304381e-06
5294.918473133592,0.018140752394350954,1.8140752104799236e-06
5296.137818270239,0.017720885689696493,1.7720885713174932e-06
5297.357444204896,0.017410034193852023,1.741003358496956e-06
5298.5773510022245,0.01737280525830877,1.7372804935669265e-06
5299.797538726904,0.017584117167749134,1.7584116159589566e-06
5301.018007443629,0.01783664279011609,1.7836642636526527e-06
5302.2387572171065,0.01814358999509539,1.8143589759339295e-06
5303.459788112061,0.0184989177852293,1.8498917535154108e-06
5304.681100193229,0.018770696813666728,1.8770695850953375e-06
5305.902693525367,0.01889612740984029,1.8896126507123952e-06
5307.12456817324,0.018949343086944938,1.8949342572246254e-06
5308.346724201632,0.019031456026124636,1.9031455375057976e-06
5309.569161675342,0.019107904876770294,1.910790517722867e-06
5310.7918806591815,0.019103183501840298,1.9103182813107254e-06
5312.01488121798,0.01902899329967913,1.9028992572745905e-06
5313.238163416579,0.018896810206630144,1.889680983510324e-06
5314.461727319835,0.01875616271856575,1.8756162636986924e-06
5315.685572992623,0.018598888016972463,1.8598887338245009e-06
5316.909700499829,0.018496451204278976,1.84964502360309e-06
5318.134109906357,0.01848083621064057,1.8480836227740795e-06
5319.358801277122,0.01846849737786867,1.8468496524753402e-06
5320.583774677059,0.018350997313349854,1.8350996545408875e-06
5321.8090301711145,0.01811383526102341,1.8113834730417642e-06
5323.03456782425,0.01779999117282611,1.7799990666405772e-06
5324.2603877014435,0.017468210439856805,1.7468209977421035e-06
5325.486489867687,0.01711169970166269,1.711169980810654e-06
5326.7128743879875,0.016704639964916314,1.6704639194148029e-06
5327.939541327368,0.01643488091176178,1.6434880724131591e-06
5329.166490750864,0.016599707408124345,1.6599706567103441e-06
5330.393722723529,0.017079703216063665,1.7079702282017743e-06
5331.62123731043,0.01756045667343387,1.7560456436815141e-06
5332.849034576649,0.017924282201091137,1.792428161605067e-06
5334.077114587282,0.018196435125236485,1.8196435169282814e-06
5335.305477407443,0.01832158557195463,1.832158479131606e-06
5336.534123102257,0.018305603183239545,1.8305602529425413e-06
5337.763051736867,0.018143891555067702,1.814389134261609e-06
5338.99226337643,0.01791142348844575,1.7911423412887803e-06
5340.221758086119,0.017728441399272148,1.7728440446088484e-06
5341.451535931119,0.017751625052048043,1.775162492146257e-06
5342.681596976634,0.01791815069485096,1.7918150780341886e-06
5343.91194128788,0.018050224161310795,1.8050223468865037e-06
5345.1425689300895,0.018057636788649686,1.8057636698258573e-06
5346.37347996851,0.018031887673423033,1.8031886954854955e-06
5347.604674468403,0.018006015100925553,1.800601430768457e-06
5348.836152495045,0.018060517829209023,1.8060517625616395e-06
5350.067914113731,0.01825511484315828,1.8255114005108273e-06
5351.299959389765,0.018530098594206745,1.8530098247215267e-06
5352.532288388471,0.018808781390544677,1.8808780821940078e-06
5353.7649011751855,0.01905177266847364,1.9051772295343277e-06
5354.997797815262,0.019257220096612696,1.9257218745471943e-06
5356.2309783740675,0.019389600488735698,1.9389600411300227e-06
5357.464442916984,0.01942385808471943,1.9423858180584205e-06
5358.698191509409,0.019333813259494965,1.933381295822658e-06
5359.9322242167555,0.019160856471799454,1.916085685962255e-06
5361.166541104451,0.01891456560234756,1.8914565022000308e-06
5362.401142237939,0.018639988028178827,1.863998732491718e-06
5363.636027682676,0.018413872989092837,1.8413872468116547e-06
5364.871197504136,0.01821182687108061,1.82118267968519e-06
5366.106651767806,0.018057312283373005,1.8057311800747032e-06
5367.34239053919,0.0178720860466306,1.7872085741121192e-06
5368.578413883805,0.01762431246525276,1.7624312120951063e-06
5369.814721867186,0.017391385390748134,1.7391384621768782e-06
5371.051314554879,0.017363337488000345,1.7363336869270433e-06
5372.288192012449,0.017649268247389584,1.764926757212589e-06
5373.525354305474,0.018123252186727716,1.8123251569916403e-06
5374.762801499547,0.018500257850071807,1.8500257589753486e-06
5376.000533660278,0.018691931427659226,1.8691930972429954e-06
5377.23855085329,0.018749639366468365,1.8749639287781199e-06
5378.476853144222,0.018733276604625735,1.8733275957676539e-06
5379.7154405987285,0.01866719998158876,1.8667199609019544e-06
5380.954313282477,0.018584344435540755,1.8584343771123582e-06
5382.193471261154,0.018509481151510087,1.8509480887204946e-06
5383.4329146004575,0.018491340552196336,1.8491340124376727e-06
5384.672643366102,0.018537726233263715,1.8537726107765065e-06
5385.912657623819,0.01854901645856221,1.8549015475410953e-06
5387.152957439351,0.01846079995656056,1.8460799712923808e-06
5388.393542878458,0.018287711070696374,1.8287710802661624e-06
5389.634414006917,0.01806719241935132,1.8067192018386315e-06
5390.875570890516,0.01786835879451381,1.786835809164575e-06
5392.117013595063,0.01774601652962643,1.7746015938274193e-06
5393.358742186377,0.017633998291782443,1.7633997689213585e-06
5394.600756730293,0.017524483130193037,1.7524482917103827e-06
5395.843057292663,0.01738849962436842,1.7388499590079084e-06
5397.085643939353,0.01732034700009499,1.7320346316802213e-06
5398.328516736243,0.01742851622945235,1.7428515525214804e-06
5399.57167574923,0.017578919632727008,1.7578919476485058e-06
5400.8151210442265,0.017623713288992426,1.7623712619587817e-06
5402.058852687159,0.017522310079129022,1.7522309470132045e-06
5403.302870743967,0.017256957991923356,1.7256957484544227e-06
5404.547175280611,0.016946914039078786,1.694691383721237e-06
5405.7917663630615,0.016818621566398673,1.681862148664301e-06
5407.036644057305,0.016933322157688845,1.6933321979257957e-06
5408.281808429347,0.01709848347946028,1.70984828449755e-06
5409.5272595452025,0.017274200025496952,1.7274199852195155e-06
5410.772997470906,0.01753046867092877,1.753046791198227e-06
5412.019022272506,0.017857103251793453,1.7857102937534388e-06
5413.265334016065,0.01813191613479573,1.8131915943505923e-06
5414.511932767662,0.018313222395636646,1.831322172668975e-06
5415.758818593392,0.01848664674774283,1.8486646102942676e-06
5417.005991559362,0.018598446960622413,1.8598446877468152e-06
5418.253451731698,0.01859567971341057,1.8595678808185802e-06
5419.50119917654,0.018506676264801153,1.8506676312941014e-06
5420.74923396004,0.018427706312833636,1.8427705969969699e-06
5421.997556148372,0.01836809486688426,1.8368094688230945e-06
5423.246165807718,0.018279328837768,1.827932794975272e-06
5424.49506300428,0.01823926947529518,1.8239269517568829e-06
5425.744247804275,0.01829888929925714,1.8298888469789454e-06
5426.993720273931,0.018255002232458552,1.8255001833962804e-06
5428.243480479497,0.018035509503614072,1.8035508560615577e-06
5429.493528487232,0.0177835738031118,1.778357373406826e-06
5430.743864363415,0.017661378348730706,1.7661377491050507e-06
5431.994488174337,0.017637967041088824,1.7637966100270112e-06
5433.2453999863055,0.01758322533777648,1.758322516486327e-06
5434.4965998656435,0.017600159420025595,1.7600159321821662e-06
5435.748087878688,0.017795911220589097,1.7795910671915455e-06
5436.999864091793,0.018145090852959473,1.814509080832353e-06
5438.251928571327,0.018527194331356148,1.8527193806434751e-06
5439.504281383673,0.01881592413427073,1.8815923241996035e-06
5440.756922595229,0.018949015277821696,1.894901455120145e-06
5442.009852272412,0.018893857362231713,1.8893856798318877e-06
5443.263070481649,0.018675983416985294,1.867598303421526e-06
5444.516577289386,0.01828013250011614,1.8280132460921048e-06
5445.770372762084,0.01789058497778935,1.7890584863087206e-06
5447.024456966217,0.01772110451466984,1.7721103671344332e-06
5448.278829968276,0.017846207310541734,1.7846207251899966e-06
5449.533491834768,0.018047355814624542,1.8047355127071225e-06
5450.788442632214,0.01814076606680661,1.8140766047460873e-06
5452.04368242715,0.018069095948629096,1.8069095957180923e-06
5453.299211286129,0.017871822136170844,1.787182164586817e-06
5454.555029275718,0.017642552613319207,1.7642551894929134e-06
5455.8111364625,0.017611526930998194,1.761152617174023e-06
5457.067532913072,0.01784114522022231,1.784114453666454e-06
5458.324218694049,0.018082997986584318,1.8082998027024586e-06
5459.581193872058,0.018173156515830565,1.8173155723705006e-06
5460.838458513745,0.018093809915423968,1.809380921649716e-06
5462.096012685767,0.017957887642496975,1.7957886907798532e-06
5463.353856454801,0.017913724308443804,1.7913723363299625e-06
5464.611989887536,0.017967179700819895,1.7967178919798112e-06
5465.870413050678,0.01808591763829683,1.8085916735068712e-06
5467.1291260109465,0.01815989636727143,1.8159896190282356e-06
5468.388128835079,0.01816958546233763,1.8169585398440001e-06
5469.647421589827,0.018122097697450372,1.812209694493512e-06
5470.907004341958,0.01802350822947907,1.8023507202471552e-06
5472.166877158252,0.017869398503900562,1.786939780141817e-06
5473.427040105509,0.017657908831868227,1.7657907855086965e-06
5474.687493250542,0.01745970380510802,1.7459703870957235e-06
5475.948236660177,0.017275488418178615,1.7275488175265944e-06
5477.20927040126,0.01725166647428772,1.7251666062104e-06
5478.470594540651,0.017397230045239416,1.7397229247720555e-06
5479.732209145222,0.017535326409308622,1.75353254205567e-06
5480.994114281866,0.017602178592764656,1.7602178673011137e-06
5482.256310017486,0.017703638459524745,1.7703638085070657e-06
5483.5187964190045,0.017897129187806553,1.789712868474507e-06
5484.781573553356,0.018067075397042894,1.806707487102783e-06
5486.044641487494,0.01809135303482524,1.8091352334554877e-06
5487.308000288384,0.018020622419763474,1.8020622325718075e-06
5488.57165002301,0.01800817598547223,1.8008175432529695e-06
5489.83559075837,0.018056501834013996,1.8056500806565502e-06
5491.099822561476,0.018099073925128557,1.8099073705978192e-06
5492.364345499357,0.018124474088775867,1.812447392839562e-06
5493.629159639057,0.01813777181782466,1.8137771621324093e-06
5494.894265047638,0.01813738826398056,1.8137387862484117e-06
5496.159661792173,0.018110078043174962,1.8110077714382756e-06
5497.425349939753,0.018084726846399418,1.8084726290218673e-06
5498.691329557484,0.018118298688486228,1.8118297702362739e-06
5499.957600712487,0.01809708911460157,1.8097089020178547e-06
5501.2241634719,0.01798945638753118,1.7989455789492527e-06
5502.491017902875,0.01788789080744203,1.7887889936248235e-06
5503.758164072579,0.01784337215955101,1.7843371604420033e-06
5505.0256020481975,0.017783440570230753,1.7783440193395854e-06
5506.293331896926,0.017758110094545223,1.7758109454839641e-06
5507.561353685982,0.017770148537981468,1.7770148596810531e-06
5508.829667482593,0.017797921829538557,1.7797921210327264e-06
5510.098273354006,0.017755522391691998,1.7755521884456905e-06
5511.36717136748,0.017640539492378052,1.7640538564436848e-06
5512.636361590292,0.01755069607257701,1.7550695977144834e-06
5513.905844089733,0.01760725246437567,1.7607252451607378e-06
5515.175618933113,0.017789610326125655,1.7789609701678194e-06
5516.445686187751,0.018033760433380997,1.8033760176549556e-06
5517.716045920986,0.01827493889757729,1.8274938432422098e-06
5518.986698200174,0.018449144412714495,1.844914377064868e-06
5520.257643092682,0.01854099408687997,1.854099414383596e-06
5521.528880665895,0.018524635949576585,1.8524635658316147e-06
5522.800410987214,0.01844302160333602,1.8443021414781932e-06
5524.072234124054,0.018303366149911456,1.8303366040426018e-06
5525.344350143848,0.018076017750138482,1.8076017436901575e-06
5526.61675911404,0.01784664032975456,1.784663958515066e-06
5527.889461102094,0.017708605648406664,1.7708605053641855e-06
5529.162456175488,0.017745230727660762,1.7745229822709712e-06
5530.435744401716,0.01792656455053949,1.792656374376884e-06
5531.709325848285,0.01807068375835729,1.8070683834508329e-06
5532.983200582721,0.01809821021600431,1.8098209619001003e-06
5534.257368672564,0.018091774027588808,1.8091773729881758e-06
5535.531830185369,0.018128980116954574,1.8128980036392734e-06
5536.806585188707,0.018226635130058087,1.8226635098754732e-06
5538.081633750166,0.018347686758421418,1.834768661153744e-06
5539.356975937348,0.018447710094775388,1.8447709987030455e-06
5540.632611817869,0.018509661697638062,1.8509661643949577e-06
5541.908541459365,0.018529760935320164,1.8529760331583088e-06
5543.184764929483,0.01847528730510785,1.8475286296440649e-06
5544.461282295889,0.018465604447253682,1.846560448464618e-06
5545.738093626262,0.01849999771325766,1.849999778944281e-06
5547.015198988299,0.01860347440018586,1.8603474188235899e-06
5548.292598449711,0.018723829000595937,1.8723828872573823e-06
5549.570292078223,0.01880869374788317,1.8808693522436067e-06
5550.848279941581,0.018808317577113626,1.8808316723855882e-06
5552.126562107541,0.018729976406703576,1.8729976260242344e-06
5553.405138643877,0.018619113897833113,1.8619113979332377e-06
5554.684009618378,0.01853064348470947,1.8530642880480943e-06
5555.963175098849,0.018495843259263955,1.8495842301783557e-06
5557.242635153112,0.018462751180865336,1.8462750825478715e-06
5558.522389849002,0.01843999592735505,1.8439995546027092e-06
5559.802439254371,0.018386816124571163,1.8386815585355485e-06
5561.082783437087,0.01831004140016199,1.831004043486777e-06
5562.363422465031,0.01818629217504093,1.8186291837848365e-06
5563.644356406104,0.01809621155053047,1.8096211274819197e-06
5564.925585328219,0.018024679737738546,1.8024678929345136e-06
5566.207109299307,0.017983701820496658,1.7983700989414972e-06
5567.488928387314,0.017971979493985168,1.7971979120156936e-06
5568.7710426602,0.017977853332947286,1.797785262956631e-06
5570.053452185942,0.017987236240897344,1.798723602917771e-06
5571.336157032532,0.018023299742316232,1.8023299122209635e-06
5572.619157267981,0.01804086247737864,1.8040862434622938e-06
5573.902452960309,0.018117117658335086,1.811711688982726e-06
5575.18604417756,0.018212787964445767,1.8212787957162173e-06
5576.469930987785,0.01827327431164257,1.8273274158690455e-06
5577.754113459057,0.018335592310505223,1.833559241374619e-06
5579.038591659462,0.018353511890998705,1.8353511037615735e-06
5580.323365657104,0.018304217318577006,1.8304216448645594e-06
5581.608435520098,0.018203703097422485,1.8203703145388257e-06
5582.89380131658,0.018044543352289593,1.8044542698759304e-06
5584.179463114698,0.01781673230706612,1.7816732357971828e-06
5585.465420982618,0.017514489085182484,1.751448873390719e-06
5586.751674988519,0.017202363652978146,1.7202363196216904e-06
5588.038225200599,0.01704255201895819,1.7042551143264532e-06
5589.32507168707,0.017077764679098745,1.7077764193707369e-06
5590.612214516159,0.01722989271315732,1.7229892648831279e-06
5591.899653756111,0.0173988414941189,1.7398841614382948e-06
5593.187389475183,0.017522445567707854,1.752244526506922e-06
5594.475421741652,0.017657075910588557,1.7657075234491193e-06
5595.763750623807,0.01776623028732992,1.776622973231238e-06
5597.052376189957,0.017763058359216852,1.7763057921417428e-06
5598.341298508421,0.017652579099942806,1.7652579065917269e-06
5599.630517647538,0.01754644059978065,1.7546440452215945e-06
5600.920033675663,0.017495140116008504,1.7495139673531334e-06
5602.209846661164,0.017561391120205726,1.7561390806265993e-06
5603.499956672426,0.017808742322371635,1.780874153723607e-06
5604.790363777851,0.01815036087838188,1.8150360498820889e-06
5606.081068045854,0.01844104581298627,1.8441045718781576e-06
5607.372069544869,0.01862550829007408,1.862550790768341e-06
5608.663368343343,0.018691454178003216,1.8691454256838617e-06
5609.95496450974,0.018680144243524235,1.8680143635384843e-06
5611.24685811254,0.018603791788006405,1.8603791681791954e-06
5612.539049220239,0.018402119191823944,1.8402118941323605e-06
5613.831537901347,0.01806939523491638,1.8069394434935208e-06
5615.124324224391,0.017755388723191125,1.7755387790971682e-06
5616.417408257914,0.017655605603688136,1.7655605453009506e-06
5617.710790070475,0.017730924137406463,1.773092327864029e-06
5619.004469730648,0.017830370568735397,1.7830369737162636e-06
5620.298447307023,0.017907322745910205,1.7907321908003269e-06
5621.592722868207,0.017928934558335524,1.7928934492091543e-06
5622.887296482819,0.017849167145124255,1.7849167016606772e-06
5624.1821682194995,0.017754589742046523,1.7754589239363614e-06
5625.4773381469,0.01776369685949621,1.776369630290387e-06
5626.77280633369,0.017901541858128915,1.7901541754706809e-06
5628.068572848555,0.018108921424621564,1.8108921191749138e-06
5629.364637760195,0.018291836396407836,1.829183588520823e-06
5630.661001137328,0.018385816820281745,1.8385816255428336e-06
5631.9576630486845,0.018382243362937447,1.8382243142504638e-06
5633.254623563013,0.018310006225544233,1.8310005271168228e-06
5634.551882749079,0.01818594710411312,1.8185946568611455e-06
5635.849440675661,0.018058166602378713,1.805816610617709e-06
5637.147297411555,0.017974719604990946,1.7974719428622575e-06
5638.445453025573,0.01793461589738137,1.7934615534168571e-06
5639.743907586543,0.017925080321033238,1.7925079653656954e-06
5641.042661163307,0.017927616764478838,1.7927616695129742e-06
5642.341713824724,0.01795938761900927,1.7959387702041248e-06
5643.641065639671,0.018034425119248194,1.803442447943049e-06
5644.940716677036,0.018126288128079558,1.8126287626354555e-06
5646.240667005728,0.018212867492199653,1.8212867493674286e-06
5647.540916694668,0.01826702184624459,1.8267021813531676e-06
5648.841465812797,0.018290331869982066,1.8290331893740398e-06
5650.142314429066,0.018316376816113023,1.8316375954676038e-06
5651.443462612447,0.018322395703172557,1.8322394688183687e-06
5652.744910431925,0.018276665877512026,1.827666550512816e-06
5654.046657956504,0.018142806857441574,1.8142806662171779e-06
5655.3487052552,0.017961802356357654,1.79618018291745e-06
5656.651052397047,0.01775037074309761,1.7750369948989598e-06
5657.953699451096,0.017557937003861743,1.7557936200400536e-06
5659.256646486411,0.017500491513026913,1.7500490730970007e-06
5660.5598935720745,0.01756517800525545,1.7565178071885001e-06
5661.863440777183,0.017676240747784528,1.7676240863600836e-06
5663.167288170851,0.01781495112599419,1.7814950540484307e-06
5664.471435822206,0.017940800236825424,1.7940800331425783e-06
5665.775883800395,0.018031927467671027,1.8031927370342576e-06
5667.080632174577,0.018080376880499082,1.8080375895773357e-06
5668.3856810139305,0.018101453136844168,1.8101453130365806e-06
5669.6910303876475,0.018199311962353516,1.8199311087075585e-06
5670.996680364938,0.018335613141904707,1.8335612699663817e-06
5672.302631015025,0.01848701825546071,1.8487017633645203e-06
5673.608882407151,0.018595572260759727,1.8595571755613827e-06
5674.9154346105715,0.01865783366089125,1.8657833203072903e-06
5676.22228769456,0.01867338936563003,1.8673389068139425e-06
5677.529441728404,0.01863292627791592,1.8632926300779058e-06
5678.836896781409,0.018545286184284627,1.8545286256755814e-06
5680.144652922895,0.018413307171292127,1.8413306867051092e-06
5681.452710222198,0.018264212933568686,1.8264212823513367e-06
5682.761068748671,0.0181388880828399,1.8138887487840395e-06
5684.069728571683,0.018068334558436414,1.8068333827920973e-06
5685.378689760617,0.018036662145350994,1.8036661287821902e-06
5686.687952384874,0.018023847233700565,1.8023846608362167e-06
5687.99751651387,0.01806619166407711,1.8066191327503475e-06
5689.307382217038,0.0182098520483047,1.8209852053426577e-06
5690.617549563825,0.01838890478425111,1.8388904531444952e-06
5691.928018623697,0.018541430624957052,1.8541430155487861e-06
5693.238789466133,0.018622036257022166,1.8622036205780273e-06
5694.54986216063,0.018614213023460825,1.8614212496498017e-06
5695.861236776699,0.018546911391116434,1.8546910727607394e-06
5697.17291338387,0.01841941875053314,1.8419418105517477e-06
5698.484892051686,0.018259784293653273,1.825978429461728e-06
5699.797172849709,0.01810511321995858,1.8105112820250937e-06
5701.109755847512,0.017982157139461184,1.7982156654169187e-06
5702.422641114691,0.01789467784719225,1.78946768530144e-06
5703.735828720853,0.017845210469026537,1.7845210125319566e-06
5705.0493187356215,0.017725460886555956,1.7725460050628927e-06
5706.3631112286375,0.017561139009889256,1.7561138612111607e-06
5707.677206269558,0.017397830703702998,1.7397829806379278e-06
5708.991603928056,0.017317842650016277,1.731784265898437e-06
5710.306304273819,0.01735154004526822,1.7351540101874346e-06
5711.621307376551,0.017546500877828847,1.7546500088679238e-06
5712.936613305974,0.01783087396436741,1.783087301511549e-06
5714.252222131824,0.018134134367166904,1.813413342071155e-06
5715.568133923855,0.018359025209801264,1.835902482012272e-06
5716.884348751834,0.018551114480501136,1.855111356994086e-06
5718.200866685547,0.018688489463490797,1.8688489516199642e-06
5719.517687794795,0.018806437712739037,1.880643750102108e-06
5720.8348121493955,0.018923075519423276,1.8923074545447028e-06
5722.15223981918,0.018991958889392632,1.8991958773095123e-06
5723.469970873999,0.018995818849168216,1.8995818023080922e-06
5724.788005383717,0.018938648323086935,1.8938647829836383e-06
5726.106343418217,0.01883580475836288,1.8835804553848016e-06
5727.424985047394,0.018766351867550202,1.8766351748170328e-06
5728.743930341164,0.018736473947448398,1.873647369651001e-06
5730.063179369456,0.01872259487744294,1.8722594867095439e-06
5731.382732202214,0.018703967227101763,1.870396707443076e-06
5732.702588909402,0.018738085062291267,1.8738084494031043e-06
5734.022749560998,0.01880839682483344,1.8808396567101538e-06
5735.343214226994,0.018835711953654483,1.8835711963181737e-06
5736.663982977402,0.018838208177998427,1.8838207466948994e-06
5737.985055882249,0.01882264542488806,1.8822644529361073e-06
5739.306433011576,0.018800559003586268,1.8800558264612167e-06
5740.628114435442,0.01878724288885871,1.8787242585189405e-06
5741.950100223921,0.01878300061082416,1.8783000667864319e-06
5743.272390447106,0.018790428430939962,1.8790427420083121e-06
5744.594985175102,0.01880991711498463,1.8809916859967266e-06
5745.917884478034,0.018787235916660497,1.8787235425990867e-06
5747.241088426039,0.01873215459487769,1.873215467094333e-06
5748.564597089274,0.018659461280094505,1.8659460636270101e-06
5749.88841053791,0.018629159429355464,1.862915884395059e-06
5751.212528842136,0.01856158639682535,1.8561585698692496e-06
5752.536952072154,0.018484349767057533,1.8484349044037767e-06
5753.861680298186,0.018486529423716664,1.8486529316633115e-06
5755.186713590467,0.01857157037853509,1.8571569853385223e-06
5756.51205201925,0.01868365773691112,1.8683656994832231e-06
5757.837695654804,0.01870417988682505,1.8704179508324627e-06
5759.163644567413,0.018617747810155075,1.861774747958016e-06
5760.489898827378,0.018479881196154,1.8479880612773482e-06
5761.816458505017,0.01839352282496575,1.839352234588015e-06
5763.143323670663,0.018453103234093365,1.8453103011673372e-06
5764.470494394665,0.018627005961904905,1.8627005279180913e-06
5765.7979707473905,0.018815606216042217,1.8815605320146597e-06
5767.12575279922,0.01891140896020498,1.8911408437114262e-06
5768.453840620552,0.018937164508420482,1.8937163829914926e-06
5769.7822342818,0.01890101301029951,1.8901012322800364e-06
5771.110933853396,0.01881843586680256,1.8818435290750342e-06
5772.439939405787,0.018746075208071887,1.8746075031143236e-06
5773.769251009435,0.01867774274859502,1.867774266286371e-06
5775.09886873482,0.018631167375356177,1.863116719859057e-06
5776.428792652437,0.018572998233401843,1.857299822694864e-06
5777.759022832798,0.01841618862968286,1.8416188124158978e-06
5779.089559346431,0.018163992806786492,1.8163992549640397e-06
5780.4204022638805,0.017852160025495445,1.7852159901263632e-06
5781.751551655707,0.017657370189451717,1.765736962398072e-06
5783.083007592487,0.017605965456220264,1.7605965551281773e-06
5784.414770144813,0.017649192951560495,1.7649192004531233e-06
5785.746839383295,0.01779238835188457,1.7792387714528526e-06
5787.079215378558,0.018001641931096646,1.8001641140727504e-06
5788.411898201244,0.01819510508271702,1.8195105118267986e-06
5789.744887922011,0.01833067628696043,1.8330675800165597e-06
5791.078184611533,0.018433024796194956,1.8433023785375417e-06
5792.4117883405015,0.018538651153419634,1.8538651195568248e-06
5793.745699179623,0.018649991627592642,1.8649991516067919e-06
5795.07991719962,0.01872392473995546,1.872392420514257e-06
5796.414442471232,0.01873572937687298,1.8735729135269418e-06
5797.749275065215,0.018771844926810277,1.8771843963794622e-06
5799.084415052342,0.01887345745905866,1.8873456914655259e-06
5800.4198625034,0.018982468473727393,1.898246828283088e-06
5801.755617489193,0.01902250833486108,1.9022507940046547e-06
5803.091680080544,0.01895698863801396,1.8956988331771292e-06
5804.42805034829,0.01885556715720765,1.8855566378942721e-06
5805.764728363281,0.018796997250508134,1.8796997252146101e-06
5807.101714196392,0.018783741851705543,1.8783740973155268e-06
5808.439007918505,0.018807969264279373,1.8807968796836592e-06
5809.776609600525,0.018840295847236094,1.884029572991532e-06
5811.114519313371,0.018848289456646027,1.8848289215073568e-06
5812.4527371279755,0.018820422848078135,1.8820422883246085e-06
5813.791263115292,0.018761826062961784,1.8761826072686514e-06
5815.1300973462885,0.018711063553179953,1.8711063063839393e-06
5816.469239891949,0.01871218647304794,1.871218637508517e-06
5817.808690823273,0.01882116367377219,1.8821163412326332e-06
5819.148450211278,0.018937818566571386,1.8937817570284406e-06
5820.488518126998,0.019024453254817907,1.9024452520850339e-06
5821.828894641481,0.019043037819732316,1.9043037471339575e-06
5823.169579825795,0.01904099939427462,1.904099865298337e-06
5824.51057375102,0.019047539193436467,1.9047538300616955e-06
5825.851876488257,0.019065628651136774,1.9065628346839738e-06
5827.193488108619,0.019070847858279612,1.9070847016661484e-06
5828.535408683239,0.01907608188255126,1.907608204104086e-06
5829.877638283264,0.019062585031818142,1.9062585065309434e-06
5831.2201769798585,0.01903531194691348,1.903531133179946e-06
5832.563024844202,0.01898055156331061,1.89805505536795e-06
5833.906181947494,0.018939144430827178,1.8939143941593372e-06
5835.249648360945,0.018905541092870192,1.8905540496240335e-06
5836.593424155786,0.018906573146647686,1.8906572548639835e-06
5837.937509403264,0.018928059898373917,1.8928059119808037e-06
5839.281904174641,0.01896856823950386,1.8968568093410258e-06
5840.626608541194,0.019015765813566947,1.9015764814633114e-06
5841.971622574222,0.019039092970240264,1.903909291649889e-06
5843.316946345035,0.019009527244725172,1.900952711675008e-06
5844.6625799249605,0.018937129318791383,1.8937128444666076e-06
5846.008523385345,0.018811818053155575,1.881181738859379e-06
5847.354776797548,0.018698148825472077,1.8698148386143332e-06
5848.701340232948,0.01859871485876864,1.8598713940647414e-06
5850.048213762938,0.018505385306907974,1.8505385359693469e-06
5851.3953974589285,0.018368525607852137,1.836852504008987e-06
5852.742891392348,0.018222073948946687,1.8222073007164602e-06
5854.090695634638,0.01809574019366912,1.809573990459477e-06
5855.438810257259,0.017971506621533385,1.7971505859886282e-06
5856.787235331687,0.017879619178031308,1.7879618227169675e-06
5858.135970929416,0.017870897537826023,1.7870896889818222e-06
5859.485017121952,0.017942874125319946,1.794287423783653e-06
5860.834373980824,0.01805675639590604,1.8056755790257887e-06
5862.184041577572,0.018146722618881957,1.8146722681465004e-06
5863.5340199837565,0.018213305568904884,1.8213305589896823e-06
5864.88430927095,0.01825807089320334,1.8258070576370876e-06
5866.234909510746,0.018288606483343427,1.8288606297389778e-06
5867.5858207747515,0.018358402535616592,1.8358401753191112e-06
5868.937043134591,0.01845012419944414,1.8450123547521458e-06
5870.288576661906,0.018539747133655922,1.8539747196975228e-06
5871.640421428354,0.018622244027926466,1.8622243466892713e-06
5872.992577505608,0.018816108120164633,1.8816107624068195e-06
5874.345044965359,0.01908358370734123,1.908358362600501e-06
5875.697823879315,0.01915810565072606,1.915810604607954e-06
5877.050914319199,0.01888931765793034,1.888931715273863e-06
5878.40431635675,0.01844361727403524,1.8443616801827687e-06
5879.758030063726,0.018115078135182698,1.8115077604617976e-06
5881.1120555119,0.01793112334185431,1.793112288542427e-06
5882.46639277306,0.01774114828786961,1.774114762015921e-06
5883.821041919013,0.017505973320006515,1.7505972858436162e-06
5885.176003021582,0.01711590031410712,1.7115900403753088e-06
5886.531276152607,0.01650924314235224,1.6509243135592399e-06
5887.886861383941,0.015688728855100097,1.5688728476072343e-06
5889.24275878746,0.014938753896190003,1.4938753209462682e-06
5890.59896843505,0.01464569441374629,1.4645694156384596e-06
5891.955490398617,0.014787224009252763,1.4787223572131713e-06
5893.3123247500835,0.01496614083388997,1.4966140432321465e-06
5894.6694715613885,0.015005542767771465,1.500554257829011e-06
5896.026930904486,0.015169929477018545,1.5169929146301317e-06
5897.384702851348,0.015673485338204257,1.5673484855582676e-06
5898.742787473964,0.01636255820957559,1.6362558261122149e-06
5900.101184844337,0.0169625157394555,1.6962515548192456e-06
5901.459895034489,0.017389677725882804,1.7389677654521143e-06
5902.818918116458,0.017659944477289212,1.765994368231133e-06
5904.178254162299,0.01781249066656795,1.781249058905521e-06
5905.537903244082,0.017916918769478016,1.7916918642481142e-06
5906.897865433897,0.018016398939032053,1.8016398848834514e-06
5908.258140803846,0.018085243474493248,1.8085243317357616e-06
5909.618729426052,0.018128569124590342,1.8128568643738603e-06
5910.97963137265,0.018107579505915364,1.8107578984364662e-06
5912.340846715797,0.018033871856745758,1.803387111209264e-06
5913.702375527661,0.017932844005152375,1.7932843928678367e-06
5915.064217880433,0.01787504494510194,1.787504495847396e-06
5916.426373846314,0.017928190258031017,1.7928189269795284e-06
5917.788843497526,0.018031785152821167,1.803178520265541e-06
5919.151626906306,0.018128470440363958,1.812847038297561e-06
5920.514724144908,0.01819552755124233,1.8195526987886218e-06
5921.878135285602,0.018228416519036585,1.8228416276218565e-06
5923.241860400676,0.018243486076342203,1.8243485797596293e-06
5924.6058995624335,0.01825982306674299,1.8259822958658142e-06
5925.970252843196,0.018244223924980502,1.8244223445336566e-06
5927.334920315299,0.018186081738397728,1.8186081617337138e-06
5928.6999020510975,0.01812254275843101,1.8122542214652335e-06
5930.065198122962,0.018095862860202254,1.8095861834986343e-06
5931.43080860328,0.018121967762450477,1.812196757871684e-06
5932.7967335644535,0.018145707794215465,1.8145707695016007e-06
5934.1629730789045,0.018150605937496143,1.8150605280264973e-06
5935.529527219071,0.01818521911800305,1.818521920638799e-06
5936.896396057405,0.01825404039612937,1.825403948002781e-06
5938.263579666377,0.018296517118150793,1.8296516793147354e-06
5939.631078118476,0.018288835698344882,1.828883509548616e-06
5940.998891486205,0.018261369353875404,1.8261369431209794e-06
5942.367019842084,0.01827398558671953,1.8273985447634936e-06
5943.735463258652,0.018311103042775095,1.8311102687576889e-06
5945.104221808461,0.018327710724864377,1.8327710526625977e-06
5946.473295564084,0.018315788793039505,1.8315788838326403e-06
5947.842684598107,0.018220031760960768,1.822003178314749e-06
5949.212388983134,0.018143833927975455,1.81438330156095e-06
5950.582408791786,0.018090373192798274,1.809037228086561e-06
5951.952744096701,0.018056578462810592,1.805657816358382e-06
5953.3233949705345,0.01804812348888326,1.8048123125127553e-06
5954.694361485955,0.01804676642776973,1.80467658594311e-06
5956.065643715652,0.018066130927292444,1.8066130194249434e-06
5957.43724173233,0.018106196449673314,1.8106195909032073e-06
5958.80915560871,0.018187868648996186,1.8187868403744127e-06
5960.18138541753,0.018295036761754518,1.829503664930511e-06
5961.553931231544,0.018369443669472327,1.8369443380417808e-06
5962.926793123525,0.01839792478728343,1.8397923796485925e-06
5964.2999711662615,0.01839184616795323,1.839184548148001e-06
5965.673465432556,0.018415128588506524,1.8415128154581037e-06
5967.047275995234,0.01844745383076177,1.8447453528875265e-06
5968.421402927132,0.018511267027728092,1.8511266254100068e-06
5969.795846301104,0.018547340471465196,1.8547339477977763e-06
5971.170606190025,0.0185527187112808,1.8552718117540674e-06
5972.545682666781,0.018494731560559276,1.8494731129625597e-06
5973.921075804281,0.01838486365248867,1.8384863429210167e-06
5975.296785675446,0.018253908382227665,1.8253907778335613e-06
5976.672812353215,0.018148091519500743,1.814809139478462e-06
5978.049155910543,0.018120760431430415,1.8120759885909826e-06
5979.425816420406,0.0181349865399377,1.813498571114828e-06
5980.802793955791,0.018104816385804412,1.8104816383173603e-06
5982.180088589705,0.018026785087224273,1.8026784469586616e-06
5983.557700395171,0.017947427716904957,1.7947427824390794e-06
5984.935629445232,0.01794395468321097,1.7943953884560022e-06
5986.313875812941,0.018005251357855186,1.800525057650467e-06
5987.692439571374,0.018108842906934673,1.8108842038827086e-06
5989.071320793621,0.018199549340375078,1.819954937218541e-06
5990.450519552791,0.018272050037991563,1.827204969472672e-06
5991.830035922006,0.018325730376797897,1.832572998208624e-06
5993.209869974408,0.018353615559511365,1.8353614899910618e-06
5994.590021783155,0.01834605733594887,1.8346056366416445e-06
5995.970491421423,0.018284613391099398,1.8284613103591792e-06
5997.351278962401,0.01819901103525556,1.8199010492751208e-06
5998.732384479299,0.0181579421291641,1.8157941147076466e-06
6000.113808045343,0.018125852844547673,1.8125852661817645e-06
6001.495549733774,0.018100899219425703,1.8100899029373237e-06
6002.877609617853,0.018063303045485406,1.8063302442640646e-06
6004.2599877708535,0.018017579948878225,1.8017579237154087e-06
6005.642684266069,0.01795534018326489,1.795534015832492e-06
6007.025699176812,0.017877879706522933,1.7877879502053991e-06
6008.4090325764055,0.017856121106676795,1.7856120524510086e-06
6009.792684538194,0.017915999544537157,1.7915999012317602e-06
6011.176655135539,0.017952074353851412,1.7952073409507806e-06
6012.560944441817,0.01792680235254317,1.7926801889509719e-06
6013.945552530421,0.017910606559184496,1.7910605926547074e-06
6015.330479474765,0.017883696641698362,1.7883696711506646e-06
6016.715725348275,0.01786486470655184,1.7864864012188975e-06
6018.101290224395,0.017830679863884043,1.7830679551382799e-06
6019.487174176589,0.01782690507457433,1.7826904573982466e-06
6020.873377278334,0.017836092591134608,1.783609217314068e-06
6022.259899603127,0.017890774262698507,1.7890773282214172e-06
6023.64674122448,0.017979461354971242,1.7979460530814687e-06
6025.033902215922,0.018109236360514293,1.810923569321264e-06
6026.421382651,0.018219435620217894,1.8219435704654437e-06
6027.809182603277,0.01834350805472849,1.8343507525716151e-06
6029.197302146335,0.018441098447487595,1.8441097534652538e-06
6030.585741353768,0.0185327564466744,1.853275550054202e-06
6031.974500299192,0.018584673693509704,1.8584672691248042e-06
6033.363579056239,0.018628772190228942,1.8628772008326421e-06
6034.752977698557,0.0186566444924656,1.8656644040109117e-06
6036.142696299808,0.018654355112441158,1.865435517161215e-06
6037.5327349336785,0.01863865095836826,1.8638650885901387e-06
6038.923093673864,0.018611065737247343,1.8611065010195174e-06
6040.313772594083,0.01858134282744487,1.8581341961306517e-06
6041.704771768067,0.018594974904341616,1.8594973993005524e-06
6043.0960912695655,0.01863930187764679,1.8639301251900657e-06
6044.487731172347,0.018700992250842614,1.8700991871870802e-06
6045.879691550194,0.01875873306458153,1.8758733052666482e-06
6047.271972476909,0.018779861062216508,1.8779860922541237e-06
6048.6645740263075,0.018774458233936725,1.8774457267865e-06
6050.057496272226,0.018749209148586007,1.8749208642585478e-06
6051.450739288516,0.018691464884578696,1.869146436586963e-06
6052.844303149048,0.01859705390043448,1.8597052978909529e-06
6054.2381879277045,0.018506427281657543,1.850642734402744e-06
6055.632393698392,0.01844518148569806,1.844518058168348e-06
6057.026920535027,0.018433456168100184,1.843345589141902e-06
6058.421768511549,0.018465986751827784,1.8465985897558144e-06
6059.816937701912,0.018482107051252583,1.8482106133307227e-06
6061.212428180085,0.018454753864083722,1.8454753213495278e-06
6062.6082400200585,0.018377634576899265,1.8377634670886337e-06
6064.004373295836,0.018310061659009766,1.8310061124332002e-06
6065.40082808144,0.018328441767861144,1.8328441049721121e-06
6066.79760445091,0.01846278844941337,1.8462787776946026e-06
6068.194702478301,0.018638549962276273,1.863854953231146e-06
6069.592122237688,0.01879258328798774,1.879258328489862e-06
6070.989863803161,0.018861603566268353,1.8861603304588684e-06
6072.387927248827,0.018889275100750426,1.888927433821795e-06
6073.786312648809,0.01884221535243547,1.8842215012746801e-06
6075.1850200772515,0.01875362187969015,1.875362180357753e-06
6076.584049608311,0.01861082260258377,1.8610822186266226e-06
6077.983401316164,0.01846030862540196,1.8460308589444766e-06
6079.383075275004,0.018339960114502354,1.8339960229786804e-06
6080.783071559039,0.018265777247336207,1.8265776410188527e-06
6082.183390242497,0.018215396475127817,1.8215396254714565e-06
6083.584031399622,0.018184111908422656,1.8184111809976766e-06
6084.984995104675,0.018202317977408216,1.8202317101831476e-06
6086.3862814319355,0.01821199137770053,1.821199074837789e-06
6087.7878904556965,0.01820275398311614,1.8202754029045538e-06
6089.189822250272,0.018168093240463753,1.8168092758462812e-06
6090.592076889991,0.018146108831133115,1.8146108720767706e-06
6091.994654449201,0.01816377405826914,1.8163773168215228e-06
6093.397555002266,0.018222579714836727,1.8222579773507763e-06
6094.800778623565,0.018303877043818657,1.8303877037654328e-06
6096.204325387497,0.018345563207921196,1.834556246270322e-06
6097.608195368478,0.01833421299227396,1.833421226942727e-06
6099.01238864094,0.018260666716549245,1.826066598807671e-06
6100.416905279332,0.018100066568200176,1.8100066262429025e-06
6101.821745358121,0.017910597503034108,1.7910597614336819e-06
6103.22690895179,0.017844950141388722,1.7844950002776609e-06
6104.632396134842,0.01795599033425668,1.7955990402422062e-06
6106.0382069817915,0.01811756985718586,1.8117569514736426e-06
6107.444341567178,0.018230307199937176,1.82303062420133e-06
6108.85079996555,0.018304894495263114,1.8304893522654766e-06
6110.25758225148,0.01836834578453543,1.836834526191481e-06
6111.664688499553,0.018408171888205416,1.84081715771609e-06
6113.072118784374,0.018426607731162153,1.8426607584806386e-06
6114.479873180563,0.0184249408110199,1.8424940476906478e-06
6115.887951762759,0.018359959750869754,1.8359959261790034e-06
6117.296354605618,0.018244194928458426,1.8244194985212214e-06
6118.705081783812,0.018086821835930238,1.80868208706551e-06
6120.114133372031,0.01788681466071763,1.788681430546458e-06
6121.523509444981,0.017754659668320828,1.775465916770867e-06
6122.933210077387,0.017780121815975724,1.7780121223422056e-06
6124.343235343991,0.017898232475799657,1.789823178471995e-06
6125.753585319552,0.018002227632817985,1.8002226638063422e-06
6127.1642600788455,0.018078197402838937,1.8078197345565198e-06
6128.575259696663,0.018127355299470262,1.812735483257211e-06
6129.9865842478175,0.018180890009117753,1.8180889469647463e-06
6131.398233807135,0.018178447452049298,1.8178447457010678e-06
6132.81020844946,0.01807365104700201,1.8073650532728287e-06
6134.222508249655,0.017820644477068937,1.7820643813642243e-06
6135.635133282601,0.017516758260161108,1.7516757557708291e-06
6137.048083623191,0.017378189642645092,1.7378189716210458e-06
6138.461359346342,0.01748304825231393,1.748304774142713e-06
6139.874960526983,0.017701149735820394,1.770114932878237e-06
6141.288887240063,0.017899482735251007,1.78994826496123e-06
6142.703139560548,0.018063234503002356,1.8063233971897282e-06
6144.117717563419,0.018198782650202756,1.8198782684005685e-06
6145.532621323679,0.018252218559247805,1.8252218372254946e-06
6146.947850916344,0.01819404961058572,1.8194049378460395e-06
6148.363406416447,0.018086225382173644,1.8086224814695454e-06
6149.779287899041,0.018003775178824233,1.8003774731947734e-06
6151.195495439197,0.01796309131615077,1.7963090444791719e-06
6152.612029111999,0.01791514551360999,1.791514548635889e-06
6154.0288889925505,0.01781891920040539,1.78189189501063e-06
6155.446075155975,0.017667467498289437,1.7667467029488465e-06
6156.86358767741,0.01747269586658042,1.747269528884499e-06
6158.281426632009,0.017227999810376617,1.7227999597036445e-06
6159.699592094948,0.016900904584933745,1.6900903899641716e-06
6161.118084141415,0.01657898789260008,1.657898794609388e-06
6162.536902846619,0.016428847686790784,1.6428847628456243e-06
6163.956048285784,0.016504066922119223,1.6504066761341393e-06
6165.375520534153,0.016687403187133684,1.668740221518108e-06
6166.795319666986,0.01682170449146955,1.6821703876051557e-06
6168.215445759558,0.016850694427834538,1.6850693552646452e-06
6169.635898887164,0.016886466460550163,1.6886465559500197e-06
6171.056679125117,0.017015804625510732,1.7015804312154612e-06
6172.477786548743,0.017187982960313753,1.718798248988725e-06
6173.8992212333915,0.017323513811970347,1.7323513932352862e-06
6175.320983254424,0.01742213584556048,1.7422135079016746e-06
6176.743072687223,0.01751231735921883,1.7512317462230198e-06
6178.165489607185,0.017594463486629717,1.7594463318150446e-06
6179.588234089726,0.017672827064636496,1.7672826149956112e-06
6181.011306210281,0.01772778919306375,1.7727788433257267e-06
6182.434706044298,0.017742616720877222,1.7742615920008929e-06
6183.858433667247,0.017681300379294464,1.768130006225565e-06
6185.282489154611,0.017544897438248813,1.7544896884170707e-06
6186.706872581893,0.017380431618567494,1.738043108123353e-06
6188.131584024614,0.017206128848165015,1.7206128462450912e-06
6189.556623558311,0.01706368547384601,1.70636853640961e-06
6190.981991258539,0.016991033411239677,1.6991033198540612e-06
6192.407687200869,0.017067494716771235,1.70674939618775e-06
6193.833711460892,0.017243068592488166,1.7243068287064322e-06
6195.2600641142135,0.017416475490623345,1.74164750393687e-06
6196.686745236459,0.017517481046760878,1.7517480856888666e-06
6198.113754903269,0.017524666639523588,1.7524665913065937e-06
6199.541093190304,0.01750691403028647,1.7506914051315873e-06
6200.96876017324,0.017542864663105975,1.7542864725173397e-06
6202.396755927771,0.01762812587941728,1.7628125295609104e-06
6203.825080529609,0.017711755357904813,1.771175463914494e-06
6205.253734054482,0.01776508344635599,1.7765082888576376e-06
6206.682716578137,0.017769603824621488,1.776960348575212e-06
6208.112028176338,0.017721760527865928,1.7721759693970038e-06
6209.541668924865,0.01759403129720161,1.7594031002792999e-06
6210.971638899518,0.017406002038642905,1.7406001761567802e-06
6212.401938176113,0.017161676470380364,1.716167581475378e-06
6213.832566830482,0.016948250074603707,1.6948249345082588e-06
6215.263524938479,0.016835702608615142,1.6835702467518264e-06
6216.69481257597,0.016821600280550773,1.6821600422869081e-06
6218.126429818842,0.01684214566054106,1.6842144708238288e-06
6219.558376742998,0.016873867303214392,1.6873866647746564e-06
6220.99065342436,0.016919093650852448,1.6919093089315342e-06
6222.423259938865,0.016988920497996315,1.6988920256471915e-06
6223.85619636247,0.017037154470907766,1.7037154523420186e-06
6225.2894627711485,0.017045267566144513,1.7045267520827143e-06
6226.72305924089,0.017006837263078438,1.7006836586421254e-06
6228.156985847704,0.016870037980336074,1.6870037964690573e-06
6229.591242667617,0.016724634200952444,1.6724634292417795e-06
6231.025829776671,0.01666633102388814,1.6666330548035752e-06
6232.460747250929,0.016764886008032893,1.6764885221785182e-06
6233.8959951664665,0.016943792544793886,1.6943792615741777e-06
6235.331573599382,0.017059342137818352,1.7059342246337802e-06
6236.767482625788,0.01704651428788636,1.704651403923352e-06
6238.203722321816,0.016923661368408248,1.6923660418533303e-06
6239.640292763614,0.01678094546910876,1.6780944552764512e-06
6241.077194027347,0.01667675715092205,1.66767569435094e-06
6242.514426189201,0.01660452288985049,1.6604522152970826e-06
6243.951989325376,0.01658469930241515,1.6584699114157031e-06
6245.389883512091,0.016624594740547755,1.6624594271151546e-06
6246.828108825582,0.0167273408770396,1.6727339885880742e-06
6248.266665342102,0.016831519142851678,1.6831519017862166e-06
6249.705553137925,0.01686028246891397,1.6860281681848346e-06
6251.144772289337,0.01675306465091741,1.675306402055887e-06
6252.584322872646,0.01658188354941309,1.6581883299570794e-06
6254.024204964176,0.01645637109027999,1.6456370342393254e-06
6255.464418640268,0.0163658355696545,1.6365835249734474e-06
6256.904963977283,0.01634832388200212,1.6348323614464043e-06
6258.345841051596,0.016414024690571252,1.641402454640813e-06
6259.787049939601,0.01659957844573661,1.659957812408529e-06
6261.228590717713,0.01684485116204353,1.684485047165513e-06
6262.670463462358,0.01702769552044299,1.7027695477844508e-06
6264.112668249986,0.017126049384712398,1.7126049220739375e-06
6265.55520515706,0.01716981764435593,1.7169816941872145e-06
6266.998074260065,0.017207100823901613,1.720710031029559e-06
6268.441275635497,0.01722552736658874,1.722552703804207e-06
6269.884809359877,0.017250653070017906,1.7250652241670947e-06
6271.328675509739,0.017308923345544267,1.7308923276749165e-06
6272.772874161636,0.017368498650037575,1.7368498642539802e-06
6274.217405392138,0.017402308620757093,1.7402308754865139e-06
6275.662269277835,0.01741131237138208,1.741131145079414e-06
6277.10746589533,0.01737604629676702,1.7376045554698492e-06
6278.552995321249,0.017292803301539515,1.7292802471019687e-06
6279.998857632232,0.017214078738433145,1.7214078622584406e-06
6281.445052904938,0.017173971832009118,1.7173971749276658e-06
6282.891581216043,0.01721479955447106,1.7214798934715928e-06
6284.338442642242,0.017303381922432422,1.7303381464071464e-06
6285.7856372602455,0.017438421219493204,1.7438420614460416e-06
6287.233165146783,0.01757337088374813,1.7573370128070495e-06
6288.681026378602,0.017651135289613522,1.765113431946851e-06
6290.129221032467,0.017633596075197745,1.763359566382012e-06
6291.577749185161,0.017573935172405096,1.757393494020543e-06
6293.026610913484,0.017521294238352705,1.7521293841272758e-06
6294.475806294253,0.017489808670984267,1.74898081419456e-06
6295.925335404304,0.017495669287267528,1.7495669030609257e-06
6297.37519832049,0.017672744628915757,1.7672744723543047e-06
6298.825395119681,0.018015798122563296,1.8015797915685218e-06
6300.275925878767,0.018199568115407377,1.819956797255194e-06
6301.726790674655,0.017995666177458253,1.7995665354622667e-06
6303.1779895842665,0.01765752742281332,1.7657527376640648e-06
6304.629522684544,0.017507203459926342,1.7507203310570354e-06
6306.081390052447,0.017531165860836077,1.7531165435365058e-06
6307.5335917649545,0.017582814119074065,1.7582813231932305e-06
6308.986127899058,0.01759013026407474,1.7590129963991704e-06
6310.438998531773,0.01752160350491912,1.7521603329954192e-06
6311.892203740128,0.01743530053494718,1.7435299633644595e-06
6313.345743601171,0.01730665842959615,1.7306658494627473e-06
6314.79961819197,0.017153853919079937,1.715385338044185e-06
6316.253827589606,0.017020032971841726,1.7020032967964736e-06
6317.708371871182,0.0169775177506585,1.6977517579492032e-06
6319.163251113816,0.017045183857671096,1.704518306661119e-06
6320.618465394645,0.017197632454307703,1.7197632049020498e-06
6322.074014790824,0.017364845309812,1.7364845318335504e-06
6323.529899379525,0.01751855771782592,1.7518556811083852e-06
6324.9861192379385,0.017639898033710563,1.7639897174237609e-06
6326.442674443272,0.017714380098674713,1.77143797927774e-06
6327.899565072751,0.017748391837336418,1.7748390933863884e-06
6329.35679120362,0.01775708307295188,1.7757082242408443e-06
6330.8143529131385,0.017741966269695705,1.774196525824671e-06
6332.272250278586,0.017689592864742986,1.7689592821926606e-06
6333.730483377261,0.017575637499789493,1.7575637088278802e-06
6335.189052286478,0.017428674926761024,1.7428674136490302e-06
6336.647957083566,0.01736550635238714,1.7365506467269575e-06
6338.107197845879,0.01738515810446736,1.7385157344170994e-06
6339.566774650784,0.017457983641327113,1.7457983384473505e-06
6341.026687575666,0.017489075408897162,1.7489074895297575e-06
6342.48693669793,0.017466075940989423,1.7466075175850107e-06
6343.947522094996,0.017442088553885852,1.7442087721288178e-06
6345.408443844305,0.0174736886660277,1.7473688585218611e-06
6346.869702023313,0.01757351015421945,1.7573509401951892e-06
6348.331296709495,0.017675047002320622,1.7675046670568153e-06
6349.793227980344,0.01774693286654699,1.7746932881054557e-06
6351.255495913372,0.017734731505926388,1.7734731563550672e-06
6352.718100586106,0.017646005931074828,1.7646006024385135e-06
6354.181042076093,0.01749611010742784,1.74961100092954e-06
6355.644320460897,0.01733977383373669,1.7339772902003705e-06
6357.1079358181005,0.017189048811741024,1.7189048064659844e-06
6358.571888225303,0.017036800098075563,1.703679913284653e-06
6360.036177760123,0.016976754037507737,1.6976753630530738e-06
6361.500804500196,0.017053209807182435,1.7053209297769389e-06
6362.965768523175,0.017247357282007998,1.7247356871528775e-06
6364.431069906733,0.017429481779043732,1.742948089131063e-06
6365.896708728557,0.01753632127805488,1.7536320505186985e-06
6367.362685066357,0.017620149604014097,1.7620148922218346e-06
6368.828998997857,0.017718675524733392,1.7718674890348463e-06
6370.295650600799,0.01782371186115384,1.7823711340442803e-06
6371.762639952945,0.01791846780726344,1.7918467879201005e-06
6373.229967132074,0.017977813975553102,1.7977813487711982e-06
6374.6976322159835,0.017995090044403972,1.7995089716256869e-06
6376.165635282487,0.01797065146020293,1.7970650490895952e-06
6377.633976409416,0.017903142359487242,1.7903141437765062e-06
6379.102655674624,0.017846644253605947,1.7846643889617572e-06
6380.571673155977,0.017809117499982638,1.7809117563684062e-06
6382.041028931363,0.01783402643085264,1.783402602640974e-06
6383.510723078686,0.017856186071950803,1.7856185478535586e-06
6384.980755675868,0.017890827134346265,1.7890827065649321e-06
6386.451126800849,0.017919466949767728,1.791946683086202e-06
6387.921836531587,0.01791873298911993,1.7918732450858917e-06
6389.392884946059,0.01786860877032816,1.7868608467976984e-06
6390.8642721222595,0.017758318036934787,1.7758317720708245e-06
6392.335998138199,0.01762264547555217,1.7622645535186034e-06
6393.808063071908,0.017555329845979035,1.755532925027493e-06
6395.280467001435,0.01758720005049265,1.7587199774348124e-06
6396.753210004846,0.017627001389900667,1.7627000407717482e-06
6398.226292160224,0.01758603046374002,1.7586029555988557e-06
6399.699713545672,0.017541096043191904,1.754109569209794e-06
6401.17347423931,0.01759545726259363,1.7595456330165418e-06
6402.647574319275,0.01772894759667205,1.7728947638719117e-06
6404.122013863723,0.017813941562287855,1.781394130250785e-06
6405.596792950828,0.017796138138293106,1.7796138238301746e-06
6407.0719116587825,0.017710540921014466,1.7710540542973893e-06
6408.547370065796,0.01764974172484034,1.7649741477310821e-06
6410.023168250096,0.017597234342569892,1.7597234368321338e-06
6411.499306289928,0.0175763108104116,1.7576309866680459e-06
6412.975784263558,0.017575497059529495,1.7575496077684943e-06
6414.452602249266,0.01760038311177305,1.7600382584338746e-06
6415.9297603253535,0.017601502934917503,1.7601502422384667e-06
6417.407258570138,0.017571479656480756,1.7571479011336793e-06
6418.885097061954,0.01751946244389003,1.7519462039780034e-06
6420.363275879157,0.017502201093682754,1.7502200724687897e-06
6421.841795100119,0.017578799502317027,1.7578799547141075e-06
6423.320654803231,0.017734227557007973,1.7734227297263257e-06
6424.7998550669,0.017848485405239797,1.7848485149066019e-06
6426.279395969553,0.017894680597086727,1.7894680028019714e-06
6427.759277589634,0.017859061280765205,1.7859060490048625e-06
6429.239500005605,0.01772726957550337,1.7727269131007962e-06
6430.7200632959475,0.017629822744226267,1.7629822659646198e-06
6432.200967539159,0.017617666436584446,1.761766650293494e-06
6433.682212813757,0.017694165903427983,1.769416524277301e-06
6435.163799198276,0.017757299153984586,1.7757298529247307e-06
6436.645726771269,0.01773764854256563,1.7737647651919248e-06
6438.127995611307,0.01769508539034325,1.7695085428229675e-06
6439.610605796977,0.017751493681087468,1.775149358586963e-06
6441.093557406889,0.017885465996136274,1.7885465939114465e-06
6442.5768505196675,0.018008045711075213,1.8008045556309187e-06
6444.060485213954,0.018054379336693266,1.8054378647216306e-06
6445.544461568412,0.01798042375963372,1.7980423071992717e-06
6447.028779661719,0.017786955466643557,1.7786954456055768e-06
6448.513439572575,0.01752188826758897,1.7521888187086005e-06
6449.998441379694,0.017350161912073205,1.735016095112496e-06
6451.48378516181,0.0173796566566288,1.7379656177232853e-06
6452.969470997677,0.017503221707404475,1.7503221748321738e-06
6454.455498966063,0.017599340907376464,1.7599340616241395e-06
6455.941869145757,0.017685005580994066,1.7685004626280382e-06
6457.428581615564,0.017784817034395436,1.7784816326494463e-06
6458.915636454311,0.01785458665136255,1.7854585651640881e-06
6460.40303374084,0.017803310436993965,1.7803310201778058e-06
6461.8907735540115,0.017694665813838113,1.7694665268066965e-06
6463.3788559727045,0.017675125139714882,1.767512462941545e-06
6464.867281075817,0.017790341406206032,1.7790340573494606e-06
6466.356048942263,0.017922620236023555,1.7922619775577583e-06
6467.845159650978,0.01799104259677503,1.7991041670632802e-06
6469.334613280911,0.01799084466730023,1.7990843705098047e-06
6470.824409911034,0.017961475450685233,1.796147549469873e-06
6472.314549620336,0.01797291700006277,1.7972917058282021e-06
6473.80503248782,0.018011937254743288,1.8011936369662888e-06
6475.295858592514,0.01803078985268061,1.803078911218687e-06
6476.787028013458,0.01802839360682395,1.8028392665432194e-06
6478.278540829716,0.017997007824719063,1.7997007468431375e-06
6479.770397120364,0.017901888055426342,1.790188808714174e-06
6481.2625969645,0.017779438493207494,1.7779438047369932e-06
6482.75514044124,0.017711527013568394,1.7711526091496678e-06
6484.248027629717,0.017736394711349805,1.77363942408886e-06
6485.741258609086,0.01777839268193827,1.7778391694204503e-06
6487.234833458513,0.017759920768372725,1.7759920127268145e-06
6488.728752257189,0.01765145333927153,1.7651452705035579e-06
6490.22301508432,0.017421208740356887,1.7421208010187929e-06
6491.717622019131,0.01709645130634144,1.7096450506870907e-06
6493.212573140865,0.016736963661207197,1.6736963213774945e-06
6494.707868528783,0.01645883841397062,1.6458837657680637e-06
6496.203508262166,0.0163950439889156,1.639504379730081e-06
6497.699492420311,0.016550536699500705,1.6550536085649213e-06
6499.195821082533,0.01682315197179296,1.6823151643587796e-06
6500.692494328169,0.01713721452009092,1.7137213985823188e-06
6502.1895122365695,0.017412289695089952,1.7412289042119492e-06
6503.686874887107,0.017617524691357273,1.7617524014662752e-06
6505.184582359169,0.01775481461523614,1.7754813969345914e-06
6506.682634732165,0.017822625213187036,1.782262523164062e-06
6508.18103208552,0.017856034603602397,1.7856034041494092e-06
6509.679774498678,0.01788524423748559,1.788524337279228e-06
6511.178862051101,0.017901607190059076,1.7901606465417703e-06
6512.678294822271,0.01790726582317444,1.7907265733563588e-06
6514.178072891685,0.017879536775169166,1.7879535838372272e-06
6515.678196338862,0.017821889785188772,1.7821889377426949e-06
6517.1786652433375,0.01777860398502012,1.7778603927176098e-06
6518.679479684665,0.01779056845465036,1.7790568149714397e-06
6520.180639742417,0.01785646711353873,1.7856466942674486e-06
6521.682145496184,0.017930977761506137,1.7930977183160488e-06
6523.183997025574,0.017971605874398607,1.7971605507471785e-06
6524.686194410217,0.01796083443558265,1.7960833567070752e-06
6526.188737729755,0.017929245794954342,1.7929245741475356e-06
6527.691627063854,0.01789455208026969,1.789455130084913e-06
6529.194862492196,0.01789756086618272,1.7897560869311797e-06
6530.6984440944825,0.01790696739952697,1.7906967331191375e-06
6532.2023719504305,0.017908482753786408,1.7908481922353659e-06
6533.706646139779,0.017948971683023354,1.7948971664624318e-06
6535.2112667422825,0.018019804400834182,1.8019803805755066e-06
6536.716233837716,0.018081028608063272,1.808102803244662e-06
6538.221547505872,0.018135948516236882,1.8135948099761068e-06
6539.7272078265605,0.018148670254507112,1.8148670331328462e-06
6541.233214879611,0.018180989604153278,1.818098930598651e-06
6542.739568744872,0.01830762554124454,1.8307624670502638e-06
6544.246269502208,0.018732152728960783,1.8732152087897066e-06
6545.753317231503,0.01970537010950087,1.970537036945508e-06
6547.260712012663,0.020742281347068858,2.0742280938428458e-06
6548.768453925605,0.0207463567544321,2.0746357260605296e-06
6550.276543050272,0.019604164101235073,1.9604164244736076e-06
6551.78497946662,0.01836054621710966,1.8360546048501716e-06
6553.293763254625,0.017629534104486557,1.7629533137238596e-06
6554.8028944942835,0.017343199205640987,1.7343199056910363e-06
6556.312373265608,0.0175605476201659,1.7560547458485198e-06
6557.82219964863,0.018989382493970922,1.898938269669608e-06
6559.3323737233995,0.023859131415699213,2.385912976073502e-06
6560.842895569985,0.03349891306540301,3.349891128691272e-06
6562.353765268474,0.041533065750300684,4.1533065494511455e-06
6563.86498289897,0.03882282481599622,3.882282243142257e-06
6565.3765485416,0.028526516224121543,2.852651653349153e-06
6566.888462276504,0.020742608471585107,2.074260796344984e-06
6568.400724183843,0.017927707409009244,1.7927706950334922e-06
6569.913334343796,0.017275257044142796,1.727525616976829e-06
6571.426292836562,0.017152200894506624,1.7152200951435315e-06
6572.939599742356,0.017213357003571357,1.7213356387059865e-06
6574.453255141414,0.017376206221634976,1.7376205977527334e-06
6575.967259113987,0.01772109266397757,1.7721091784471595e-06
6577.481611740348,0.018352694329616278,1.8352694103083164e-06
6578.996313100787,0.01968333038982622,1.9683329390397547e-06
6580.511363275612,0.022475333378994163,2.2475333432692557e-06
6582.02676234515,0.026226888512514673,2.6226887896509e-06
6583.542510389747,0.02789993460023469,2.7899934107435196e-06
6585.0586074897665,0.025656011765935325,2.565601219450798e-06
6586.575053725592,0.021859652674222484,2.185965296164214e-06
6588.091849177623,0.019364539198843785,1.936453836316075e-06
6589.608993926281,0.01829306140587393,1.8293060425033575e-06
6591.126488052003,0.017756071859269047,1.77560712710137e-06
6592.644331635245,0.01745606050368065,1.7456059754991568e-06
6594.162524756483,0.01736320686133357,1.7363206975442058e-06
6595.681067496212,0.017407418887649215,1.7407418183111105e-06
6597.199959934941,0.01749786775629445,1.7497866974489237e-06
6598.719202153203,0.017593975705825177,1.7593975489439988e-06
6600.238794231547,0.017679619653961424,1.7679619756278567e-06
6601.758736250541,0.017727701543180006,1.7727701006937367e-06
6603.279028290771,0.0176952556220113,1.769525525471569e-06
6604.799670432842,0.017606243090213504,1.7606242988670525e-06
6606.320662757376,0.017511631554365244,1.7511630877142329e-06
6607.842005345018,0.017457545735269853,1.7457545282734045e-06
6609.363698276427,0.01748730033015443,1.7487299997120802e-06
6610.8857416322835,0.01760203640004024,1.7602036484022015e-06
6612.408135493284,0.01770623412428944,1.7706233951385048e-06
6613.930879940144,0.017780735073552423,1.7780734495418473e-06
6615.453975053601,0.017847190775268952,1.7847190090423943e-06
6616.977420914407,0.017884493472380227,1.7884493539915002e-06
6618.501217603334,0.01788703280990824,1.7887032152145778e-06
6620.025365201174,0.01787720778514503,1.7877207569719006e-06
6621.549863788736,0.017805200510494338,1.780519955695096e-06
6623.0747134468465,0.017698485212206315,1.7698485244028627e-06
6624.599914256353,0.017607069274429624,1.760706917330141e-06
6626.125466298122,0.017566940360967207,1.7566940048005418e-06
6627.6513696530355,0.01753418922200713,1.7534188771549625e-06
6629.1776244019975,0.017486231409197785,1.7486231415332583e-06
6630.704230625928,0.0173999972760276,1.7399996595398946e-06
6632.231188405767,0.01731632978361563,1.7316329204580875e-06
6633.758497822473,0.01727559805858039,1.7275597463885193e-06
6635.286158957023,0.017337069299485138,1.7337069381837596e-06
6636.814171890413,0.017421789040751687,1.7421788091479103e-06
6638.342536703656,0.01747172138271896,1.747172066157142e-06
6639.871253477787,0.017498948576455783,1.7498948542279844e-06
6641.400322293856,0.01747431867448273,1.747431799302629e-06
6642.929743232934,0.01743777713522721,1.7437776833952304e-06
6644.45951637611,0.017436188789332282,1.7436188516024687e-06
6645.989641804491,0.017472073884794607,1.7472073198399866e-06
6647.520119599204,0.017488385021475105,1.748838448774465e-06
6649.050949841394,0.017511604202255053,1.7511603716268592e-06
6650.582132612224,0.017503731152810724,1.7503730784095035e-06
6652.113667992878,0.017476923674638718,1.7476923590109828e-06
6653.6455560645545,0.01745255255623727,1.7452552252160969e-06
6655.177796908476,0.017440411249335756,1.7440410426949697e-06
6656.710390605879,0.017417276107174407,1.741727617494086e-06
6658.243337238021,0.0173630892535686,1.7363088969735548e-06
6659.776636886179,0.017291693607961386,1.7291693709015289e-06
6661.310289631647,0.017199154227984674,1.719915399686595e-06
6662.8442955557375,0.017116689919931927,1.7116689037538786e-06
6664.378654739784,0.01710509038109415,1.7105090357659334e-06
6665.913367265137,0.017158667923432503,1.7158667147398864e-06
6667.448433213164,0.0172381534372075,1.723815305289188e-06
6668.983852665257,0.017329978357395765,1.7329977435512994e-06
6670.519625702819,0.01741474306181474,1.7414742194124616e-06
6672.055752407278,0.017458627995216656,1.745862754247566e-06
6673.592232860079,0.017442213212559458,1.74422126149535e-06
6675.129067142683,0.01739667802119302,1.7396677319505022e-06
6676.666255336575,0.017342811317909695,1.7342811174414338e-06
6678.203797523253,0.01728951949103405,1.7289519398817714e-06
6679.741693784239,0.017255565136448634,1.725556494143109e-06
6681.279944201069,0.01725907565175393,1.7259074899924022e-06
6682.818548855302,0.017302473104286658,1.7302473172674155e-06
6684.357507828512,0.01734281686291949,1.7342816212987746e-06
6685.8968212022955,0.01737610809960847,1.73761079728738e-06
6687.436489058266,0.017394724650923708,1.739472395782293e-06
6688.976511478053,0.017393371630530407,1.739337166556738e-06
6690.51688854331,0.01737478829316038,1.7374787570729414e-06
6692.057620335708,0.017339793191102005,1.73397928459246e-06
6693.598706936932,0.01726666522227498,1.7266664885976494e-06
6695.140148428693,0.017190191205207577,1.7190190870297822e-06
6696.681944892715,0.01713986741251096,1.7139866783697578e-06
6698.224096410744,0.017141907104586424,1.7141906878366994e-06
6699.766603064544,0.01719137431103674,1.7191373852935583e-06
6701.309464935897,0.017226338634789194,1.722633848765674e-06
6702.852682106606,0.017235082178932788,1.7235082124690812e-06
6704.396254658491,0.01723452237383993,1.7234522320402263e-06
6705.94018267339,0.017263081878960498,1.726308156262345e-06
6707.4844662331625,0.017281516633559025,1.7281515722565749e-06
6709.029105419685,0.01731653001056797,1.7316530015941828e-06
6710.574100314853,0.017467765051341025,1.7467764996610208e-06
6712.119451000582,0.01796814555357043,1.7968144704199694e-06
6713.665157558805,0.01939926587541012,1.9399265224401566e-06
6715.211220071474,0.02141776933469302,2.1417768482715e-06
6716.757638620561,0.022064522938408528,2.206452220147483e-06
6718.304413288056,0.020498234609606803,2.049823365248055e-06
6719.851544155968,0.0184965189355879,1.849651840735949e-06
6721.399031306326,0.01753652660078517,1.7536526409472445e-06
6722.946874821175,0.017299988427017823,1.7299987692414915e-06
6724.495074782581,0.017332379820674853,1.7332379289317173e-06
6726.04363127263,0.017646483418076134,1.7646482421559577e-06
6727.592544373424,0.018562386068964636,1.8562385623361571e-06
6729.1418141670865,0.020110624414805114,2.0110624204023404e-06
6730.691440735758,0.021086821448024543,2.1086820154645793e-06
6732.2414241616,0.02034600806027324,2.0346008245771894e-06
6733.79176452679,0.018751353734581692,1.8751353579334041e-06
6735.342461913528,0.017703719587054734,1.7703719681764647e-06
6736.893516404029,0.01727638520154383,1.7276384568481336e-06
6738.44492808053,0.017088981164927613,1.7088980351353536e-06
6739.996697025286,0.01700408147825282,1.7004081526275627e-06
6741.5488233205715,0.01694740092173162,1.6947400411696579e-06
6743.101307048678,0.016917727214565782,1.6917726973068839e-06
6744.654148291918,0.01689842522361562,1.6898424639077625e-06
6746.207347132622,0.016884824175495805,1.6884823402665038e-06
6747.760903653139,0.01684639253805471,1.6846391978573633e-06
6749.3148179358395,0.01681540019876012,1.6815399311117273e-06
6750.869090063109,0.01682047306766724,1.6820472260913467e-06
6752.423720117355,0.016849256853188783,1.6849255955475028e-06
6753.978708181003,0.01692877859034302,1.6928778303274184e-06
6755.534054336497,0.017032557363467635,1.7032557011633503e-06
6757.089758666301,0.01713297063643103,1.7132970541026192e-06
6758.645821252898,0.017208408722100308,1.7208408215361963e-06
6760.202242178789,0.017228187219604667,1.7228187280451081e-06
6761.7590215264945,0.017208915547420378,1.7208915071950754e-06
6763.3161593785535,0.01717088161680766,1.7170880895457642e-06
6764.873655817525,0.017093918697266855,1.7093918706774182e-06
6766.431510925987,0.017010229237543004,1.7010228976581243e-06
6767.989724786535,0.01697017983560662,1.6970179553714492e-06
6769.548297481785,0.01699081107583742,1.699081104390535e-06
6771.107229094372,0.01703507626289576,1.7035076136626204e-06
6772.666519706949,0.017113725461510326,1.7113724597490314e-06
6774.226169402189,0.01721984047250258,1.7219839911482924e-06
6775.786178262783,0.017291517786170676,1.7291517582193538e-06
6777.346546371443,0.017313092426008737,1.731309165905731e-06
6778.907273810898,0.017284934238720743,1.7284933527903741e-06
6780.468360663896,0.017191335277715575,1.7191334737857403e-06
6782.029807013208,0.017038093865055427,1.7038092915520972e-06
6783.591612941616,0.01690716789619301,1.6907166959683514e-06
6785.153778531931,0.01685497883019983,1.6854978332517527e-06
6786.716303866974,0.016892180421374595,1.689218014466744e-06
6788.279189029591,0.016945303202153688,1.6945302875854026e-06
6789.842434102646,0.016990948133807127,1.6990948122128085e-06
6791.40603916902,0.01700329402636261,1.7003293152387773e-06
6792.9700043116145,0.016983661148438696,1.6983660830533497e-06
6794.534329613351,0.016973043570275303,1.6973042779722092e-06
6796.099015157168,0.016981324626720473,1.698132410207461e-06
6797.664061026025,0.01701179717103162,1.7011796768889942e-06
6799.229467302898,0.017051536343729738,1.705153636453417e-06
6800.795234070786,0.017094907453511853,1.7094906953434116e-06
6802.361361412705,0.01711194470531005,1.7111944358096841e-06
6803.927849411689,0.01710987719961812,1.7109876465907552e-06
6805.494698150792,0.017115271592394208,1.711527069791253e-06
6807.061907713088,0.017093623795840566,1.7093623813139995e-06
6808.62947818167,0.017087035066238754,1.708703427788299e-06
6810.197409639648,0.017083224050707908,1.708322397435789e-06
6811.765702170155,0.01707342826913499,1.707342774160098e-06
6813.334355856339,0.01706393511155316,1.7063934271723262e-06
6814.9033707813705,0.017079219955484854,1.7079219284656503e-06
6816.472747028437,0.017106891859370976,1.7106891094894912e-06
6818.0424846807455,0.017142941237238734,1.7142941215183336e-06
6819.612583821523,0.01716830464666655,1.7168303962593415e-06
6821.183044534016,0.017192918379117798,1.7192917694855185e-06
6822.7538669014875,0.01722633314213695,1.7226332996327042e-06
6824.325051007223,0.017227391087750697,1.722739095157009e-06
6825.896596934525,0.017206196079169726,1.7206196097606142e-06
6827.468504766716,0.01716044414689045,1.716044410807571e-06
6829.040774587139,0.017133182481261135,1.7133181770223364e-06
6830.613406479153,0.01714342040873825,1.714342037076494e-06
6832.186400526139,0.01715858816395322,1.7158588118044157e-06
6833.759756811494,0.01716241624261223,1.7162415683474453e-06
6835.33347541864,0.01712425851839814,1.712425750637789e-06
6836.907556431012,0.017027061530564203,1.7027061617043412e-06
6838.481999932068,0.0168969676770893,1.6896967205190892e-06
6840.056806005284,0.01679945126041316,1.6799451320364375e-06
6841.631974734154,0.016758625285935178,1.6758625395175457e-06
6843.207506202194,0.016824340069695624,1.6824339150994015e-06
6844.783400492937,0.016949976797688344,1.6949976344805694e-06
6846.359657689936,0.017048670512412312,1.7048670115720239e-06
6847.936277876764,0.01709245574846722,1.709245576535577e-06
6849.51326113701,0.017088701302184983,1.7088700733037293e-06
6851.090607554288,0.017050965974146896,1.7050965170270546e-06
6852.668317212226,0.016972942472798708,1.6972942175869234e-06
6854.246390194473,0.01688289585361093,1.6882895839199165e-06
6855.824826584698,0.016808607614583346,1.6808606646548982e-06
6857.403626466589,0.016787017087953,1.67870166758315e-06
6858.9827899238535,0.016797313048905613,1.679731220283345e-06
6860.562317040216,0.016831272296735183,1.6831271962522238e-06
6862.142207899424,0.01690577538375824,1.6905775056962623e-06
6863.7224625852405,0.017018995396460228,1.7018995500679748e-06
6865.3030811814515,0.017130123305207016,1.7130122613321778e-06
6866.8840637718595,0.017192470858600067,1.7192470185987077e-06
6868.465410440287,0.017229331383502307,1.7229330717273983e-06
6870.047121270576,0.017226010018304674,1.7226009484092851e-06
6871.629196346589,0.017184146177733152,1.7184145220358245e-06
6873.211635752205,0.017166310743377832,1.7166310552933105e-06
6874.794439571326,0.017157204283194828,1.7157203815698076e-06
6876.37760788787,0.01715226638417201,1.7152266444073443e-06
6877.961140785775,0.017135865089645878,1.7135864783895986e-06
6879.545038349,0.01710044755817354,1.7100447670419978e-06
6881.1293006615215,0.017057127612536815,1.7057126710548803e-06
6882.713927807337,0.01704990499889262,1.7049904586321505e-06
6884.298919870462,0.017117167988734326,1.7117167735647116e-06
6885.884276934932,0.017204067772218574,1.7204067078175119e-06
6887.469999084802,0.01729588911140681,1.7295888553418168e-06
6889.0560864041445,0.017382765288442577,1.738276525624529e-06
6890.642538977055,0.01742354455007957,1.7423543589392819e-06
6892.229356887645,0.01741865077126561,1.7418650117159752e-06
6893.816540220047,0.01739476320107363,1.7394762301016596e-06
6895.404089058411,0.01737737594770016,1.7377375798843792e-06
6896.992003486911,0.017370140929019704,1.7370140933688755e-06
6898.580283589735,0.01736887353432706,1.7368873324103337e-06
6900.1689294510925,0.01737670367718537,1.7376703567775427e-06
6901.757941155213,0.017387443217262894,1.7387442248719896e-06
6903.347318786346,0.017404770359097016,1.7404769734572162e-06
6904.937062428758,0.017402024072203134,1.7402023274971757e-06
6906.527172166737,0.017408772340473683,1.7408771385692995e-06
6908.117648084589,0.017401940923612236,1.7401941018575497e-06
6909.70849026664,0.017356686939615968,1.735668699642342e-06
6911.2996987972365,0.017301374566774184,1.7301374036913324e-06
6912.8912737607425,0.017218484901710254,1.721848448317534e-06
6914.483215241542,0.017169671070508728,1.7169670374118698e-06
6916.075523324041,0.01716863944461546,1.7168638730867338e-06
6917.66819809266,0.017184244055193684,1.7184243520014344e-06
6919.261239631843,0.017212975715860935,1.7212974880936464e-06
6920.854648026051,0.01722854962415654,1.7228549664462008e-06
6922.448423359767,0.01717747006364897,1.7177470191301812e-06
6924.042565717492,0.017103979890617366,1.7103979080237635e-06
6925.637075183745,0.01706923446038325,1.7069233492756044e-06
6927.231951843067,0.017087544598115574,1.7087544194699745e-06
6928.827195780017,0.01714137018020907,1.7141369960950144e-06
6930.422807079175,0.017169865457748724,1.7169864970946173e-06
6932.0187858251375,0.01716127107135429,1.7161270276122406e-06
6933.615132102524,0.017171822424885033,1.7171822120814474e-06
6935.211845995969,0.017220515516348192,1.7220514781150357e-06
6936.808927590133,0.017253036679953766,1.725303624427067e-06
6938.40637696969,0.017284998345594403,1.728499825936665e-06
6940.004194219337,0.017300357062141863,1.730035672664281e-06
6941.602379423788,0.017260168805366016,1.7260168794472215e-06
6943.200932667779,0.0171818379706633,1.7181837364569006e-06
6944.799854036063,0.017110273046865927,1.7110272096893308e-06
6946.399143613416,0.017115464568187615,1.7115463670390876e-06
6947.998801484629,0.017166253488589703,1.7166253502339586e-06
6949.598827734516,0.017148321520097303,1.7148321001109726e-06
6951.19922244791,0.01711557988810362,1.7115579016622499e-06
6952.799985709662,0.0171155440279136,1.7115543350189218e-06
6954.401117604643,0.017140652116400465,1.7140651687507072e-06
6956.002618217745,0.017198524961531722,1.7198524577017728e-06
6957.604487633879,0.017277627708261228,1.7277627537152023e-06
6959.206725937975,0.01732907219658907,1.7329071777777834e-06
6960.809333214981,0.01734632874552547,1.734632870929231e-06
6962.412309549868,0.017372376546878853,1.7372375623640155e-06
6964.015655027624,0.017374402610838592,1.7374401868316692e-06
6965.619369733259,0.017365674617597242,1.736567379219996e-06
6967.223453751799,0.017390316477538453,1.7390316106785978e-06
6968.827907168292,0.0173942097865112,1.7394208908834613e-06
6970.432730067805,0.017375458866883048,1.7375458101286305e-06
6972.037922535426,0.01730491732607093,1.7304917404921864e-06
6973.643484656261,0.017198625213444733,1.719862454578391e-06
6975.249416515434,0.01702907380025775,1.7029073897105525e-06
6976.855718198092,0.016865171982840054,1.6865171187663439e-06
6978.462389789402,0.016802419540819367,1.680241928171455e-06
6980.069431374545,0.016895687150906315,1.6895686762204742e-06
6981.676843038727,0.01708905120178844,1.708905069044302e-06
6983.284624867174,0.017279047271071466,1.727904678109888e-06
6984.892776945127,0.017377348344533167,1.7377347498313316e-06
6986.501299357849,0.017396179587367618,1.7396178688302584e-06
6988.110192190625,0.017381625364112488,1.7381624499422085e-06
6989.719455528756,0.017368103041616362,1.7368102608413815e-06
6991.329089457566,0.01737191073845983,1.7371910741048103e-06
6992.939094062393,0.017366416686059205,1.736641588668951e-06
6994.549469428603,0.01734514971810534,1.7345149042551635e-06
6996.160215641574,0.01729695036959807,1.7296950152301161e-06
6997.771332786708,0.01722870738922175,1.7228707045291e-06
6999.382820949426,0.017146183188145658,1.714618316965146e-06
7000.994680215166,0.017104824077514836,1.7104823661352654e-06
7002.60691066939,0.017081839998489487,1.7081839530320629e-06
7004.219512397577,0.017057485315486134,1.705748461272113e-06
7005.832485485225,0.01706300843226007,1.7063007582931071e-06
7007.445830017854,0.01711104830353908,1.7111048145631623e-06
7009.059546081003,0.01715834276368572,1.7158342702781414e-06
7010.673633760228,0.017145298947730876,1.7145298943899266e-06
7012.288093141109,0.01709038820981705,1.709038761490443e-06
7013.902924309244,0.017005172594071666,1.7005172644339278e-06
7015.5181273502485,0.016921643803138778,1.6921643066929534e-06
7017.133702349761,0.01692590894345629,1.6925908237660837e-06
7018.749649393438,0.017019762212724065,1.7019762303680317e-06
7020.3659685669545,0.017087934463087998,1.7087934096963644e-06
7021.982659956009,0.017086102617260776,1.7086101836731426e-06
7023.599723646317,0.017049531853835887,1.7049531034898186e-06
7025.217159723614,0.017066640637292806,1.7066640619614596e-06
7026.834968273654,0.017119757693537695,1.711975671984798e-06
7028.453149382215,0.017191848190228308,1.7191847509067805e-06
7030.07170313509,0.017237208510611553,1.7237207923388608e-06
7031.690629618094,0.01724873344659696,1.7248733153613395e-06
7033.309928917062,0.017258760243174038,1.7258759316303733e-06
7034.9296011178485,0.017259195728641485,1.7259194767987e-06
7036.549646306326,0.0172539378026127,1.725393737522345e-06
7038.17006456839,0.017281679611381724,1.7281679126221174e-06
7039.790855989953,0.01739056964635753,1.7390568947245076e-06
7041.41202065695,0.017522010822143236,1.752201050808895e-06
7043.033558655332,0.017613340248917822,1.7613339481980823e-06
7044.655470071074,0.017628216323315737,1.76282162446455e-06
7046.277754990167,0.017616607179673772,1.7616606625544748e-06
7047.900413498624,0.017583863910496215,1.7583863753991907e-06
7049.523445682478,0.01748345561298441,1.748345482109109e-06
7051.146851627781,0.017261700149512258,1.7261699508029526e-06
7052.770631420604,0.016994633605110717,1.6994633492894703e-06
7054.394785147041,0.016768740274040534,1.67687396487332e-06
7056.0193128932015,0.01664321896170939,1.6643218000796842e-06
7057.644214745218,0.01654640055365246,1.6546400673104545e-06
7059.269490789241,0.016444901264035132,1.6444901382737736e-06
7060.895141111443,0.016387699990506526,1.6387699730795047e-06
7062.5211657980135,0.016396002900406517,1.6396002705057884e-06
7064.147564935165,0.016420944387019073,1.6420944439617104e-06
7065.774338609126,0.016389928891416657,1.6389928846296713e-06
7067.401486906149,0.016334947300426433,1.6334946668626732e-06
7069.029009912504,0.016360044293157967,1.6360043785743585e-06
7070.656907714481,0.01648654505802529,1.6486544296927177e-06
7072.28518039839,0.01659797928796316,1.6597979273340124e-06
7073.913828050561,0.016670354046616587,1.6670353440492312e-06
7075.542850757344,0.016705007290978617,1.670500699983479e-06
7077.172248605109,0.016731600240592025,1.6731599470764515e-06
7078.802021680246,0.016715646571019593,1.6715646336954612e-06
7080.4321700691635,0.016628348933437308,1.662834897738303e-06
7082.062693858292,0.016460636817872968,1.646063627420324e-06
7083.69359313408,0.016251796041075937,1.6251795843588556e-06
7085.3248679829985,0.01607280766272055,1.6072807026808914e-06
7086.956518491535,0.01596355277267603,1.5963551995197984e-06
7088.588544746198,0.015904617647418892,1.590461700387044e-06
7090.220946833519,0.015863819694459526,1.5863819798377053e-06
7091.853724840044,0.015857709582432846,1.5857709091813662e-06
7093.486878852345,0.015876023369263324,1.5876023214410682e-06
7095.120408957009,0.01591175899335641,1.5911758877568781e-06
7096.754315240645,0.015951366152050492,1.5951365309968355e-06
7098.388597789882,0.016004535444263012,1.6004534534201891e-06
7100.023256691368,0.01603061324387029,1.6030612782772433e-06
7101.658292031773,0.016034144886485576,1.6034144630330663e-06
7103.293703897784,0.01602807581123223,1.6028075875148724e-06
7104.929492376111,0.01602817055899078,1.6028170658679948e-06
7106.56565755348,0.016007368136397526,1.60073672513001e-06
7108.202199516643,0.015952038247426494,1.5952037881617985e-06
7109.839118352366,0.01589295859793239,1.589295864471771e-06
7111.476414147439,0.015849277144406544,1.584927635852376e-06
7113.1140869886685,0.015876465888817796,1.5876465931500267e-06
7114.752136962885,0.01591880642170279,1.5918806199432314e-06
7116.390564156935,0.015944557265257515,1.5944556315729168e-06
7118.029368657688,0.015944482337326697,1.5944482305804786e-06
7119.668550552033,0.01591461467203751,1.5914614551904062e-06
7121.308109926877,0.015854157949175503,1.5854157761509228e-06
7122.948046869149,0.01578933830154552,1.5789338413264896e-06
7124.588361465798,0.015709033558657295,1.5709033051487374e-06
7126.229053803791,0.015609565010541867,1.560956516205411e-06
7127.870123970119,0.015503285443117978,1.5503285511865248e-06
7129.511572051788,0.015428300543643289,1.542829985772541e-06
7131.153398135828,0.01544231248300392,1.5442312151666982e-06
7132.7956023092875,0.015594406426872121,1.5594405980950828e-06
7134.438184659235,0.015845568970319426,1.5845569007399057e-06
7136.081145272759,0.015970071425349758,1.5970070533654778e-06
7137.724484236969,0.01587201212483679,1.5872011878903682e-06
7139.368201638993,0.015736481131364905,1.5736481087464436e-06
7141.01229756598,0.015667393793836356,1.5667392892562678e-06
7142.6567721051,0.015636776247017717,1.5636775400026084e-06
7144.30162534354,0.015602090473437812,1.5602089638145155e-06
7145.946857368511,0.01551871041781837,1.5518709470707057e-06
7147.592468267241,0.015468394697713574,1.546839460767328e-06
7149.23845812698,0.015494869291105263,1.5494868933498644e-06
7150.884827034997,0.015584325162598873,1.558432497706271e-06
7152.531575078582,0.015693874191598314,1.5693873404008537e-06
7154.178702345044,0.015758811959597867,1.5758811597875445e-06
7155.826208921714,0.015777621939170032,1.5777621757759115e-06
7157.47409489594,0.015783352932945638,1.578335263458228e-06
7159.1223603550925,0.015755258269454408,1.5755257848059505e-06
7160.771005386562,0.01570825955708265,1.5708259033544258e-06
7162.4200300777575,0.015623901654381779,1.562390178228117e-06
7164.069434516111,0.015564446875102958,1.5564446459393872e-06
7165.719218789072,0.015605851630080058,1.5605851056548672e-06
7167.369382984111,0.015728483824546828,1.5728483763145293e-06
7169.019927188719,0.01585337344748199,1.5853372758772016e-06
7170.670851490406,0.015943569609500625,1.594356887008491e-06
7172.322155976704,0.015990780818490806,1.599077996152667e-06
7173.973840735164,0.015962557774816383,1.596255699547225e-06
7175.625905853357,0.015916551601755525,1.5916550741048773e-06
7177.278351418875,0.01586594212836039,1.5865941300869537e-06
7178.931177519329,0.015798548293815374,1.5798547531142696e-06
7180.584384242351,0.015726784161115653,1.5726784001831933e-06
7182.237971675593,0.01570189423612833,1.5701894058623744e-06
7183.891939906728,0.015702118326869387,1.5702117934199976e-06
7185.546289023448,0.015622683217985043,1.5622683135244824e-06
7187.201019113464,0.015517719338055347,1.5517719357381774e-06
7188.856130264511,0.015480503782506618,1.5480503251440277e-06
7190.511622564341,0.015528038585432755,1.5528038747880912e-06
7192.1674961007275,0.015579326031416818,1.5579325758438191e-06
7193.823750961464,0.01562591435245735,1.5625914375979731e-06
7195.480387234363,0.015649925912715787,1.5649925043943984e-06
7197.137405007259,0.015692728493731684,1.5692728207759781e-06
7198.794804368007,0.015709250782392024,1.570925047119274e-06
7200.4525854044805,0.01568784540002083,1.5687845265767133e-06
7202.110748204574,0.015668487788198873,1.566848687397468e-06
7203.769292856202,0.015649109081163185,1.5649108708240443e-06
7205.4282194473,0.015597288639444285,1.5597288334240045e-06
7207.087528065823,0.015535145910707038,1.5535145349133516e-06
7208.747218799747,0.015553314195952883,1.5553313678575886e-06
7210.407291737068,0.015665356511971956,1.5665355794457764e-06
7212.067746965801,0.01574227014421176,1.5742269629990367e-06
7213.728584573983,0.015782906363354294,1.5782905858257407e-06
7215.389804649671,0.01581846007871236,1.5818459564344808e-06
7217.051407280941,0.015868668179414402,1.5868668152984794e-06
7218.71339255589,0.015890643012272426,1.5890643037166843e-06
7220.375760562637,0.015893388217530353,1.5893388265525617e-06
7222.038511389318,0.01587895196771071,1.5878951101191188e-06
7223.7016451240925,0.015910952942421105,1.5910952803839663e-06
7225.365161855138,0.015988140829771277,1.5988139987518224e-06
7227.0290616706525,0.016068629496541607,1.6068629021678478e-06
7228.693344658856,0.016130118184508848,1.613011818046809e-06
7230.358010907988,0.016189745978856786,1.618974584526485e-06
7232.023060506307,0.016253558787471915,1.6253557944756264e-06
7233.688493542094,0.016267319591820983,1.6267319238540984e-06
7235.3543101036485,0.01624785846472159,1.6247857532966936e-06
7237.020510279292,0.016223653877250707,1.6223653844421359e-06
7238.687094157363,0.016211183463284606,1.6211182536458227e-06
7240.354061826226,0.016208147712039805,1.6208147710745083e-06
7242.021413374261,0.016194899303251544,1.6194898438569892e-06
7243.68914888987,0.01616733429374333,1.6167333677375187e-06
7245.3572684614755,0.01618833198928588,1.618833141369422e-06
7247.02577217752,0.016244511010692422,1.624451101724717e-06
7248.694660126466,0.016258645983915753,1.625864536747049e-06
7250.363932396798,0.01622044470685938,1.622044384666185e-06
7252.03358907702,0.016192243854839427,1.6192243677134873e-06
7253.703630255655,0.016208634596800005,1.620863461077234e-06
7255.374056021248,0.01625668169542212,1.6256681079367608e-06
7257.044866462365,0.016272290093780055,1.6272289184119805e-06
7258.716061667589,0.016242710965655098,1.6242711089053957e-06
7260.387641725529,0.01618381445454288,1.6183813818265423e-06
7262.059606724808,0.016156586573791567,1.6156586595125618e-06
7263.7319567540735,0.0162072816297328,1.6207281638241935e-06
7265.404691901994,0.016296126697861475,1.629612667691183e-06
7267.077812257256,0.01636354761435212,1.6363547112705456e-06
7268.751317908566,0.016378557504818946,1.637855694698764e-06
7270.4252089446545,0.01634427296285411,1.6344272608069566e-06
7272.099485454269,0.01631841598367613,1.6318415589989985e-06
7273.774147526178,0.016313150205186585,1.6313149937121078e-06
7275.449195249172,0.016301670605699398,1.630166986560022e-06
7277.124628712061,0.016273235769124362,1.6273234867655583e-06
7278.800448003675,0.016225163598642848,1.6225163540237505e-06
7280.476653212865,0.01614508183647296,1.6145081936810303e-06
7282.153244428503,0.016055585039006618,1.6055584435031599e-06
7283.83022173948,0.016003695517021726,1.600369514567519e-06
7285.507585234709,0.016001025635206882,1.6001024856355652e-06
7287.185335003122,0.015981450681611928,1.5981450266138675e-06
7288.863471133674,0.015924899359399183,1.592489857810218e-06
7290.5419937153365,0.01589641112369031,1.5896410822667552e-06
7292.220902837105,0.01596696092087341,1.5966960228617888e-06
7293.900198587994,0.016119061906198252,1.6119061594534697e-06
7295.579881057039,0.01628751966086629,1.6287519769982275e-06
7297.259950333295,0.01637521582039837,1.6375215069343157e-06
7298.94040650584,0.016412268587763294,1.6412268549440793e-06
7300.621249663768,0.01642389058170401,1.6423890136276883e-06
7302.302479896199,0.016423121675742967,1.6423120996970233e-06
7303.984097292268,0.01641731128067937,1.641731093278892e-06
7305.666101941137,0.01640181723749073,1.6401816726941672e-06
7307.3484939319815,0.016372910386511667,1.637291015756413e-06
7309.031273354002,0.01635792463541042,1.635792424408638e-06
7310.7144402964195,0.01637960614889214,1.6379605808244104e-06
7312.397994848473,0.016434800625788806,1.6434799718148466e-06
7314.081937099424,0.016497323323210876,1.6497322650566016e-06
7315.766267138555,0.016535749465874786,1.6535748787206538e-06
7317.450985055167,0.01658394738713031,1.6583947405116437e-06
7319.136090938583,0.016641808907183673,1.6641808596279716e-06
7320.821584878147,0.016635763514509086,1.663576289366056e-06
7322.507466963222,0.016549647188921827,1.6549646812149566e-06
7324.193737283193,0.016447646842227628,1.6447646019270934e-06
7325.880395927465,0.01641420318541963,1.6414202427746633e-06
7327.567442985463,0.016487260928453214,1.6487260178659974e-06
7329.254878546633,0.016602634200956527,1.6602633646041957e-06
7330.942702700443,0.016665377494611992,1.6665377218227894e-06
7332.63091553638,0.016662898872548217,1.6662897968886357e-06
7334.319517143951,0.016697731693200733,1.6697731700500386e-06
7336.008507612686,0.016778425696684748,1.6778425642780524e-06
7337.697887032134,0.01683567263301186,1.683567197868273e-06
7339.387655491864,0.016858006170385187,1.6858006296779132e-06
7341.077813081468,0.0168327472619181,1.683274654984054e-06
7342.768359890555,0.016760028557330938,1.6760028213176751e-06
7344.459296008759,0.01667594019554229,1.6675939991492367e-06
7346.150621525731,0.01665290976017978,1.6652909504740985e-06
7347.842336531145,0.016654512317933585,1.6654512260772596e-06
7349.534441114693,0.01661042095280282,1.661042084174883e-06
7351.226935366091,0.01652227495224392,1.6522274123822138e-06
7352.9198193750735,0.016422510019155755,1.642251005533381e-06
7354.613093231396,0.016330889595033975,1.6330889515362846e-06
7356.306757024836,0.016315582363611032,1.6315581557887369e-06
7358.000810845188,0.016343311166789425,1.6343311209297465e-06
7359.695254782273,0.016402395546018116,1.640239523880371e-06
7361.390088925927,0.016428513583243636,1.6428513721390932e-06
7363.085313366009,0.016453403485551795,1.6453403147775134e-06
7364.7809281924,0.016528650025557378,1.6528649897205686e-06
7366.476933495,0.01664365192256553,1.66436510728974e-06
7368.17332936373,0.016774865240902218,1.6774864741582377e-06
7369.870115888532,0.016881881377638224,1.68818808189541e-06
7371.567293159369,0.016957329425482177,1.695732886713886e-06
7373.264861266223,0.01698815429124042,1.698815366337593e-06
7374.962820299101,0.01701799575169963,1.70179950177732e-06
7376.661170348024,0.01704690193389144,1.7046902055611294e-06
7378.359911503039,0.017068417418508928,1.7068417399209813e-06
7380.059043854213,0.017005784651755524,1.7005784718304718e-06
7381.758567491633,0.016865187869969624,1.6865187266292462e-06
7383.458482505404,0.01671311858332168,1.67131186904867e-06
7385.158788985658,0.016564645864669304,1.6564645276683093e-06
7386.859487022543,0.01645248011692997,1.645247914031115e-06
7388.560576706229,0.016427967725144193,1.6427967858069292e-06
7390.262058126906,0.01649600817974244,1.6496007530990045e-06
7391.963931374786,0.01658861318786503,1.65886128712505e-06
7393.666196540101,0.016695381583823322,1.6695381425186878e-06
7395.368853713104,0.01679141102762092,1.6791410499806084e-06
7397.07190298407,0.01683324641680973,1.6833246102877652e-06
7398.775344443293,0.01679894782095511,1.679894696974538e-06
7400.479178181087,0.016802128836346422,1.68021285890839e-06
7402.183404287791,0.016835697077808333,1.6835696432829035e-06
7403.888022853759,0.016871118309682596,1.6871118193262897e-06
7405.593033969371,0.01686776242036177,1.6867761517936522e-06
7407.298437725026,0.016773836717047297,1.6773835912517006e-06
7409.004234211141,0.01667268218455515,1.667268229690089e-06
7410.710423518159,0.01661444582845309,1.6614445189995637e-06
7412.417005736539,0.016568980012866903,1.6568979263965777e-06
7414.123980956764,0.016494763954607427,1.64947633869204e-06
7415.831349269337,0.016429952071330065,1.6429952214578051e-06
7417.539110764781,0.01644434643661031,1.6444345820042927e-06
7419.2472655336405,0.016499513386482156,1.6499513116229385e-06
7420.955813666482,0.016522705213639258,1.6522704796652264e-06
7422.66475525389,0.016544117036345635,1.6544116659055048e-06
7424.374090386473,0.016651572706008037,1.6651572129329153e-06
7426.083819154857,0.01682779335813267,1.68277930364285e-06
7427.793941649693,0.01692026172114534,1.692026116026663e-06
7429.504457961649,0.016902819075047974,1.6902818877454508e-06
7431.215368181417,0.016899638477665114,1.6899637882794887e-06
7432.926672399707,0.01691526812987763,1.6915267681248562e-06
7434.638370707252,0.016938364341467952,1.6938363946623932e-06
7436.350463194805,0.016938063356498407,1.693806295141745e-06
7438.062949953141,0.016874948572111265,1.6874948466033976e-06
7439.775831073053,0.016785640435560453,1.6785639633794597e-06
7441.489106645358,0.01672737207532528,1.6727371622172394e-06
7443.202776760894,0.016701278789403966,1.6701277904899945e-06
7444.916841510518,0.016708344855333294,1.6708344025111626e-06
7446.631300985107,0.016746592992078015,1.6746592575955507e-06
7448.346155275563,0.016844417771511872,1.6844417410467037e-06
7450.061404472805,0.016940993052171102,1.6940992550871416e-06
7451.7770486677755,0.01701633202181389,1.7016331094957647e-06
7453.493087951437,0.017036176756600085,1.703617640421104e-06
7455.2095224147715,0.017012522959774085,1.7012522164493794e-06
7456.926352148784,0.016947803107004552,1.6947802783711754e-06
7458.643577244499,0.016850759085028706,1.6850758531732222e-06
7460.361197792965,0.0167437830573985,1.6743782547829696e-06
7462.079213885248,0.016707426969322568,1.6707427087121716e-06
7463.797625612435,0.016775014218231424,1.677501374120126e-06
7465.516433065636,0.016906269423533987,1.6906269292377608e-06
7467.235636335981,0.016970230841639792,1.6970230783220198e-06
7468.9552355146225,0.016960594643970185,1.696059409679133e-06
7470.67523069273,0.016893301533026532,1.6893301047536342e-06
7472.395621961499,0.016841309600105926,1.6841309163675505e-06
7474.116409412142,0.01682065842166417,1.68206576235104e-06
7475.837593135896,0.016852817983629517,1.6852817277047118e-06
7477.559173224015,0.01687816743729617,1.6878167209020112e-06
7479.281149767777,0.01690344602629215,1.6903445099670951e-06
7481.00352285848,0.016909844047156244,1.6909843918091403e-06
7482.726292587444,0.0169231768711646,1.6923176510424256e-06
7484.449459046007,0.01694853227574416,1.6948532372263771e-06
7486.173022325533,0.016943663377302527,1.694366266951441e-06
7487.896982517403,0.016904457618205984,1.6904457399666894e-06
7489.62133971302,0.016802884203293657,1.6802884277254548e-06
7491.3460940038085,0.016688951296002567,1.6688951388549751e-06
7493.071245481215,0.01658253140194338,1.6582530638448844e-06
7494.796794236704,0.016563391341732576,1.6563390592715103e-06
7496.522740361765,0.016666998967127863,1.6666998344479168e-06
7498.249083947905,0.016821325347592394,1.682132513173488e-06
7499.975825086655,0.016923774012109084,1.6923774064283116e-06
7501.702963869566,0.016961573558789075,1.6961573219421114e-06
7503.430500388208,0.016952233303063915,1.6952232663014925e-06
7505.158434734175,0.016900740196077742,1.690073979455819e-06
7506.886766999081,0.016861078562860798,1.6861077977091458e-06
7508.615497274563,0.0168291725673049,1.6829171631117094e-06
7510.344625652273,0.016803037262509868,1.6803036997930907e-06
7512.074152223892,0.016839477271397677,1.6839477240156964e-06
7513.804077081117,0.01693365977275885,1.6933659393701216e-06
7515.534400315668,0.017023209363318345,1.7023208538007076e-06
7517.265122019285,0.017090706558081623,1.7090705630131556e-06
7518.99624228373,0.017090342922830886,1.709034253772206e-06
7520.7277612007865,0.017021194219396303,1.7021193301615897e-06
7522.459678862258,0.016932846347226405,1.693284586685366e-06
7524.191995359971,0.01691871274013116,1.6918711773745692e-06
7525.92471078577,0.016929484845252456,1.6929484557520687e-06
7527.657825231524,0.016951042515647777,1.6951042084192588e-06
7529.39133878912,0.01697749235973546,1.697749216190346e-06
7531.125251550469,0.01698998579662819,1.6989985562437649e-06
7532.859563607503,0.01704290807972447,1.7042908028653373e-06
7534.594275052173,0.017098330952838026,1.7098330134099186e-06
7536.329385976452,0.01713818049785647,1.7138179869687169e-06
7538.064896472335,0.017145272680044354,1.714527173632426e-06
7539.800806631837,0.017132375104161733,1.7132374191768961e-06
7541.537116546996,0.017122568016766537,1.7122567009610918e-06
7543.27382630987,0.01709785480410051,1.709785449266834e-06
7545.010936012538,0.017073989377637693,1.7073988815819568e-06
7546.7484457471,0.017048156306959116,1.704815645017817e-06
7548.486355605678,0.01706974855603533,1.7069747616223614e-06
7550.2246656804155,0.017095982412244335,1.7095981891701132e-06
7551.963376063476,0.01706673891533715,1.7066738273475143e-06
7553.702486847045,0.017011707408591318,1.7011707527492476e-06
7555.44199812333,0.016976536193535775,1.6976536027286142e-06
7557.181909984557,0.016980227935036864,1.6980227226417256e-06
7558.922222522977,0.017010085900785864,1.7010085103189499e-06
7560.662935830859,0.017026710448486245,1.702670979236089e-06
7562.404050000495,0.017030098689267727,1.7030098672732005e-06
7564.145565124198,0.017018759699945693,1.7018758796262947e-06
7565.887481294301,0.01698996727377955,1.6989966629345496e-06
7567.629798603161,0.016966672384455216,1.696667169474852e-06
7569.372517143153,0.016949427028960014,1.6949427101455802e-06
7571.1156370066765,0.016948403487701966,1.6948403582944633e-06
7572.85915828615,0.01697801348135524,1.6978013501386433e-06
7574.603081074013,0.016997527498586112,1.6997527150688461e-06
7576.347405462729,0.01700790029628754,1.70079000319738e-06
7578.092131544779,0.016996996328125666,1.6996995571778627e-06
7579.837259412669,0.016941968679370888,1.6941968279413042e-06
7581.582789158923,0.016820284843377994,1.682028396526439e-06
7583.32872087609,0.01664699304025696,1.6646992280048773e-06
7585.075054656737,0.01649293904471023,1.6492939009716441e-06
7586.8217905934525,0.016407459721565106,1.6407459630662848e-06
7588.56892877885,0.016336916861111248,1.6336916424242946e-06
7590.31646930556,0.016306070006323267,1.6306069855974116e-06
7592.064412266235,0.01631857164404824,1.6318571059383767e-06
7593.812757753552,0.016317473156021355,1.6317472552073526e-06
7595.561505860207,0.016297711043257893,1.6297710613561591e-06
7597.3106566789165,0.016271434666737226,1.6271433793375307e-06
7599.060210302419,0.016221299150596752,1.6221298487810372e-06
7600.810166823477,0.016199683364125177,1.6199683091503594e-06
7602.56052633487,0.016174630747446704,1.6174630021704482e-06
7604.311288929402,0.016168009204899133,1.6168008805003086e-06
7606.062454699897,0.01617247210814173,1.6172471184375164e-06
7607.814023739201,0.01619621724697507,1.6196216560364585e-06
7609.565996140181,0.016208957335805872,1.6208956403594095e-06
7611.318371995725,0.016192463628825458,1.6192463264539565e-06
7613.071151398744,0.016123959173390465,1.6123958479760542e-06
7614.824334442169,0.0160302929716793,1.6030292844756938e-06
7616.577921218952,0.015947708312985736,1.5947707578087552e-06
7618.331911822067,0.015935374137884074,1.5935374032650312e-06
7620.08630634451,0.015984739023978397,1.5984738700373509e-06
7621.841104879299,0.016112524504064474,1.61125241426378e-06
7623.59630751947,0.01621747570929772,1.6217475062878593e-06
7625.351914358085,0.016253497561105053,1.6253497429156606e-06
7627.107925488224,0.016204976810053125,1.6204976935504335e-06
7628.864341002991,0.016156566298670256,1.6156566346357989e-06
7630.621160995508,0.016119345887832304,1.6119345927998074e-06
7632.378385558922,0.01613065603267163,1.6130655853964638e-06
7634.136014786399,0.016120853037132468,1.612085215170876e-06
7635.894048771128,0.016094643447259215,1.6094643011093704e-06
7637.652487606319,0.016088794740324715,1.6088794857357944e-06
7639.411331385203,0.016106834489862464,1.6106834266839426e-06
7641.170580201033,0.01615054533157848,1.6150544763160695e-06
7642.930234147084,0.016178702061382964,1.6178701923504477e-06
7644.69029331665,0.016164376858765164,1.6164376988929837e-06
7646.450757803051,0.01610988436679727,1.610988414164485e-06
7648.211627699623,0.016055283850541183,1.6055283244572372e-06
7649.972903099728,0.015967522629990096,1.5967522049556924e-06
7651.734584096746,0.015854200381887902,1.5854199797863926e-06
7653.496670784082,0.015719948160962293,1.5719947534228933e-06
7655.259163255161,0.0155672585728168,1.5567257720848398e-06
7657.022061603428,0.015412362285002054,1.541236194524331e-06
7658.785365922351,0.015260456066099047,1.526045573145406e-06
7660.5490763054195,0.015145918474537211,1.5145918138916323e-06
7662.313192846145,0.015015758524323958,1.5015757819456937e-06
7664.077715638059,0.014907166445574924,1.4907165790848683e-06
7665.842644774715,0.014971641821418816,1.4971641516279014e-06
7667.6079803496905,0.015169216644792012,1.5169215707006844e-06
7669.373722456581,0.015331805875539888,1.5331805204048579e-06
7671.139871189005,0.015432877772385745,1.543287736613337e-06
7672.906426640603,0.015523298802665553,1.5523298358763946e-06
7674.6733889050365,0.015587253645679597,1.5587253445951965e-06
7676.440758075989,0.015625411577181877,1.56254113840752e-06
7678.208534247165,0.015618992260685945,1.5618992009057528e-06
7679.9767175122915,0.015591118677878846,1.5591117743765794e-06
7681.745307965116,0.015612210546350095,1.5612210588911512e-06
7683.514305699408,0.015622740124888814,1.5622739532937567e-06
7685.283710808959,0.015629186037376803,1.5629186044649568e-06
7687.053523387583,0.015600834558735947,1.5600833739210622e-06
7688.823743529111,0.015535131842828368,1.553513125393575e-06
7690.594371327403,0.015484511732345075,1.5484511625587344e-06
7692.3654068763335,0.015449436115276794,1.5449435268702024e-06
7694.136850269803,0.015445717733536812,1.5445717395758637e-06
7695.908701601733,0.015392529252837673,1.5392528766311003e-06
7697.680960966065,0.015325456756617215,1.5325456538126956e-06
7699.453628456763,0.015328907012598182,1.5328906698497294e-06
7701.226704167813,0.015430037003376506,1.543003619206573e-06
7703.000188193223,0.015518627333932411,1.5518626991943903e-06
7704.774080627022,0.015514983826389694,1.5514983833490388e-06
7706.54838156326,0.015476007529614732,1.5476007147075902e-06
7708.323091096009,0.015391670371142124,1.5391669479274772e-06
7710.098209319364,0.015272190054501414,1.5272189272130492e-06
7711.87373632744,0.015158342227377079,1.5158341422519069e-06
7713.649672214376,0.015093453658123217,1.5093453733183997e-06
7715.426017074329,0.015135844136423972,1.5135844333551511e-06
7717.20277100148,0.01524368437871256,1.5243683983803344e-06
7718.979934090033,0.015318748882584816,1.5318748065270374e-06
7720.75750643421,0.015381409933750069,1.5381409345119048e-06
7722.535488128258,0.015407610961044638,1.540761082658324e-06
7724.313879266445,0.01542293279513772,1.5422932830406698e-06
7726.092679943059,0.015468438713033647,1.5468438840982803e-06
7727.8718902524115,0.015518438780265133,1.5518438666401883e-06
7729.651510288834,0.015609463168208444,1.5609463029837303e-06
7731.431540146684,0.01565297617455638,1.5652975491463793e-06
7733.211979920335,0.015694061457446618,1.5694061574621746e-06
7734.992829704184,0.01575443726425464,1.5754437261025026e-06
7736.774089592654,0.01577499198004733,1.5774991595435334e-06
7738.555759680183,0.01575656392689445,1.5756563708526222e-06
7740.3378400612355,0.0156796453910782,1.567964456669439e-06
7742.120330830297,0.015551895042673023,1.5551894227113807e-06
7743.903232081872,0.015403062579888802,1.54030621525379e-06
7745.686543910491,0.015263270048883545,1.5263270118371006e-06
7747.4702664107035,0.015166781552800912,1.5166781257243895e-06
7749.25439967708,0.015171630896371253,1.5171630688633651e-06
7751.038943804217,0.015278100184214563,1.5278099360577554e-06
7752.823898886727,0.015375117078590333,1.5375117022382807e-06
7754.609265019249,0.015455418774449775,1.5455418230177e-06
7756.39504229644,0.015515951378839866,1.5515950643425568e-06
7758.181230812984,0.01552566452008611,1.552566408373578e-06
7759.967830663581,0.015551778993285945,1.5551778079457354e-06
7761.754841942957,0.015584217808552563,1.5584216991756126e-06
7763.542264745857,0.015595888093334603,1.5595887755089773e-06
7765.33009916705,0.01559786919528652,1.559786929440724e-06
7767.1183453013255,0.015593916557364501,1.5593915861479631e-06
7768.907003243496,0.01554852776624908,1.554852694124613e-06
7770.696073088393,0.015508769114872928,1.5508769024255143e-06
7772.485554930874,0.015453039888321012,1.5453039654590842e-06
7774.275448865816,0.015458185006888576,1.545818465198105e-06
7776.065754988117,0.015479412380868885,1.5479411656621324e-06
7777.856473392699,0.015487258302374681,1.54872576573993e-06
7779.647604174504,0.015465986269992635,1.5465985567849874e-06
7781.439147428497,0.015445990879211391,1.5445990756177857e-06
7783.231103249664,0.015463279016424346,1.546327834216558e-06
7785.023471733014,0.015466798676794456,1.546679817876153e-06
7786.816252973578,0.015429965861835883,1.5429965572994333e-06
7788.6094470664075,0.015429144469975753,1.542914419594614e-06
7790.403054106576,0.01547020697904546,1.5470206363961671e-06
7792.19707418918,0.015520663226469443,1.552066330507506e-06
7793.991507409337,0.01554098934280846,1.5540988889652583e-06
7795.786353862187,0.015525051760399793,1.5525050909360885e-06
7797.581613642892,0.015490051280199086,1.549005082181345e-06
7799.377286846636,0.015482029514225311,1.5482029382843855e-06
7801.173373568622,0.015535136903819585,1.5535136967543486e-06
7802.9698739040805,0.015575775911277978,1.5575775047469645e-06
7804.76678794826,0.01560747403230716,1.5607473251850934e-06
7806.56411579643,0.015602644533933457,1.5602644103372553e-06
7808.361857543886,0.015585257790453482,1.558525698266135e-06
7810.160013285942,0.015595933112873528,1.5595932979845363e-06
7811.958583117936,0.01564751020806578,1.5647510257948175e-06
7813.757567135225,0.015731138564740708,1.5731138717678587e-06
7815.556965433193,0.01580305628681471,1.580305582673744e-06
7817.356778107241,0.01583878115977632,1.5838781023583857e-06
7819.157005252794,0.015819297494910026,1.5819296606326346e-06
7820.957646965299,0.015780995833653364,1.5780994907343977e-06
7822.758703340227,0.01576160803434395,1.5761607477642334e-06
7824.560174473067,0.015731637097793263,1.5731636432304785e-06
7826.362060459331,0.01566392724020545,1.5663926433413558e-06
7828.164361394555,0.015553999936861627,1.5553999528455917e-06
7829.967077374297,0.01538289144687241,1.5382891188746994e-06
7831.770208494135,0.015239530167895539,1.523953020512061e-06
7833.573754849669,0.015178613205042263,1.5178612475926565e-06
7835.377716536524,0.015190763838365389,1.5190763054286388e-06
7837.182093650343,0.015248027569942145,1.5248026620185006e-06
7838.9868862867925,0.015357029263992378,1.5357028838063762e-06
7840.7920945415635,0.01545655252374097,1.5456552164021177e-06
7842.597718510367,0.015503859920780476,1.5503859625898754e-06
7844.403758288934,0.01552967560205425,1.5529675772952151e-06
7846.210213973022,0.015520784283654818,1.5520783972202068e-06
7848.017085658407,0.01548579943936654,1.5485799314746102e-06
7849.824373440888,0.015416735901480889,1.541673547317054e-06
7851.632077416287,0.015352777472456126,1.535277675564703e-06
7853.4401976804465,0.01537793908108241,1.5377939240594987e-06
7855.248734329232,0.015446689994006432,1.5446689165576862e-06
7857.057687458533,0.01550076973587794,1.5500769040474447e-06
7858.867057164257,0.015523454009625456,1.5523453174219286e-06
7860.6768435423355,0.015538604861654313,1.5538603955716006e-06
7862.487046688724,0.015550353525892105,1.5550353326220921e-06
7864.297666699397,0.015570735327519628,1.5570734761308507e-06
7866.108703670353,0.015548061496118934,1.5548061621009475e-06
7867.920157697611,0.015461356180216804,1.5461355624403268e-06
7869.732028877215,0.015371612026401048,1.5371611702646743e-06
7871.544317305229,0.015313240192527602,1.5313239289757284e-06
7873.357023077738,0.01528882887011992,1.5288828837309928e-06
7875.170146290851,0.01526525699403635,1.5265256950257507e-06
7876.983687040701,0.015272785283394525,1.5272785305725335e-06
7878.797645423438,0.015260140972122273,1.5260141056033059e-06
7880.612021535237,0.01523089690770557,1.5230896337030095e-06
7882.426815472297,0.015261168834226922,1.526116838098095e-06
7884.242027330836,0.015273866278960404,1.5273865383233477e-06
7886.057657207096,0.015341168157698983,1.5341167562737467e-06
7887.873705197339,0.01540053050859358,1.5400530494921906e-06
7889.690171397854,0.015371746062733099,1.5371745958436674e-06
7891.507055904946,0.015300981004741223,1.5300980157072576e-06
7893.324358814947,0.015152784865622862,1.5152784184643921e-06
7895.142080224207,0.015060440215670365,1.5060439783385618e-06
7896.9602202291035,0.015050662557053196,1.505066205422787e-06
7898.778778926031,0.015070681362937209,1.507068068596498e-06
7900.597756411409,0.015112337391936568,1.5112337119576578e-06
7902.417152781679,0.015097312704589604,1.509731229205406e-06
7904.236968133303,0.015058967753532057,1.505896711431408e-06
7906.057202562768,0.015032505830834927,1.5032505669137223e-06
7907.87785616658,0.014964688983178947,1.4964688735025815e-06
7909.698929041271,0.014884950631843296,1.4884949735454936e-06
7911.520421283392,0.014793074953657974,1.479307502376963e-06
7913.342332989518,0.014714202971019474,1.471420264648815e-06
7915.164664256245,0.014677732773737854,1.467773285404224e-06
7916.987415180192,0.014721914491476156,1.4721913733932946e-06
7918.810585858,0.01477820425821798,1.47782038380832e-06
7920.634176386334,0.014823890039616983,1.4823889714633864e-06
7922.458186861877,0.014841791531424509,1.4841791381970131e-06
7924.282617381339,0.014845747351029647,1.4845746669966437e-06
7926.107468041449,0.014843190517763926,1.484319033556142e-06
7927.93273893896,0.014783849519377005,1.4783849540662208e-06
7929.758430170647,0.014748226062776355,1.4748225333191853e-06
7931.584541833307,0.014707010387939258,1.470701018026391e-06
7933.411074023759,0.01469425955337407,1.469425866735044e-06
7935.238026838844,0.014668892970016462,1.466889253227685e-06
7937.065400375428,0.014595347463876165,1.4595347264994106e-06
7938.8931947303945,0.01455080454805474,1.4550803725138979e-06
7940.721410000654,0.014525562836318753,1.4525562492684396e-06
7942.550046283137,0.014456624713145636,1.445662403797817e-06
7944.379103674796,0.014405197100996098,1.4405197076530908e-06
7946.208582272608,0.014457233970767647,1.4457233388635498e-06
7948.038482173569,0.014595184880448083,1.4595184752468872e-06
7949.8688034747,0.014720937848415296,1.4720937073584563e-06
7951.699546273044,0.014831936033470331,1.4831935988943223e-06
7953.530710665665,0.014891024678187027,1.489102408644579e-06
7955.36229674965,0.014902836107945207,1.4902835971743383e-06
7957.19430462211,0.014917878146115808,1.491787820350101e-06
7959.026734380177,0.014967005235108435,1.4967004855489358e-06
7960.859586121003,0.01501154732498954,1.5011546618494547e-06
7962.692859941767,0.01500314003605918,1.5003139225520255e-06
7964.526555939667,0.015020964636171457,1.502096440602545e-06
7966.360674211925,0.01505011979536837,1.5050119276935467e-06
7968.195214855784,0.015069602546042914,1.5069602609886878e-06
7970.0301779685105,0.015078564313575904,1.507856352923147e-06
7971.865563647394,0.015090998237975314,1.5090998117249202e-06
7973.701371989744,0.015068548452235252,1.5068548122651962e-06
7975.537603092896,0.015014696589902364,1.5014696066812244e-06
7977.374257054204,0.014972545038174094,1.4972545039091476e-06
7979.211333971047,0.014933337590775964,1.4933337603586943e-06
7981.048833940826,0.014961161993724836,1.4961161936935941e-06
7982.886757060964,0.01500467926643617,1.5004678680932323e-06
7984.725103428906,0.014977542831438682,1.497754249842557e-06
7986.5638731421195,0.014941688442498074,1.4941688543793097e-06
7988.403066298097,0.014935909639621894,1.493590894489659e-06
7990.24268299435,0.014928997429425769,1.4928996610582582e-06
7992.0827233284135,0.014879901246532523,1.4879900894018226e-06
7993.923187397846,0.01482424292595235,1.4824241997715161e-06
7995.764075300229,0.01475219318497125,1.4752192841908375e-06
7997.605387133162,0.01472048752411912,1.47204872715884e-06
7999.447122994274,0.014765374625771752,1.4765374668713633e-06
8001.28928298121,0.014808782653124337,1.4808782373325303e-06
8003.1318671916415,0.014893409919697701,1.489340992294682e-06
8004.97487572326,0.014945514653845924,1.494551442812216e-06
8006.818308673783,0.014998773294208375,1.4998773211542274e-06
8008.662166140945,0.015061524416468384,1.5061524608856968e-06
8010.506448222509,0.01508077186563737,1.5080771290777972e-06
8012.351155016256,0.015095890734537458,1.509589029503474e-06
8014.196286619992,0.015135102755047938,1.5135102527286022e-06
8016.041843131545,0.015137463586597618,1.5137463561851979e-06
8017.887824648765,0.015109808790620478,1.5109808853364028e-06
8019.734231269524,0.015026796053416613,1.5026795840274495e-06
8021.581063091718,0.01491051084227714,1.4910510204824655e-06
8023.428320213266,0.014814071077460163,1.481407058541727e-06
8025.276002732106,0.014678867976096181,1.4678867633985594e-06
8027.124110746203,0.014638238728475425,1.4638238795414126e-06
8028.972644353542,0.014754997975945624,1.4754997936984262e-06
8030.821603652132,0.014896973300047286,1.4896973200761001e-06
8032.670988740001,0.015037274277749998,1.5037273501138842e-06
8034.520799715206,0.015108349102029175,1.5108348405883637e-06
8036.37103667582,0.015151746885209727,1.515174702542321e-06
8038.221699719942,0.015158706140003187,1.51587057718647e-06
8040.072788945694,0.015056411658135743,1.5056411349154842e-06
8041.924304451219,0.014933874713635512,1.4933874126942706e-06
8043.776246334683,0.014813122880345605,1.4813122179750186e-06
8045.628614694275,0.014649733574454026,1.4649733327929162e-06
8047.481409628206,0.014573370904552208,1.457337012377312e-06
8049.334631234712,0.014619468753087053,1.461946864153122e-06
8051.188279612047,0.014746766021469317,1.4746765917675382e-06
8053.042354858492,0.014843472966774397,1.484347229047968e-06
8054.896857072349,0.014906114623888935,1.4906114164855914e-06
8056.751786351942,0.014954729775516524,1.4954729826520027e-06
8058.6071427956185,0.014982196820879904,1.4982196411658784e-06
8060.4629265017475,0.01499723049782415,1.4997229803774408e-06
8062.319137568723,0.014959360967228571,1.4959361017740656e-06
8064.175776094959,0.014879498907287018,1.4879498347882852e-06
8066.032842178894,0.014794758401152007,1.4794758475572792e-06
8067.890335918987,0.014618252361691052,1.46182518147699e-06
8069.748257413724,0.014542953187301755,1.4542952265675271e-06
8071.606606761608,0.014569688149298255,1.4569687887484636e-06
8073.46538406117,0.014552215255220916,1.4552214635597375e-06
8075.32458941096,0.014583987057824498,1.4583986946786752e-06
8077.184222909552,0.01463887306894362,1.4638873139740533e-06
8079.0442846555425,0.014647994923516365,1.4647995078554115e-06
8080.904774747551,0.01465279948844894,1.4652799342975392e-06
8082.765693284219,0.0146568795008303,1.4656878795629247e-06
8084.627040364213,0.014647349842445262,1.4647349797158524e-06
8086.488816086219,0.014582435946489536,1.4582435059031474e-06
8088.351020548947,0.014516458639344792,1.4516458010222376e-06
8090.213653851131,0.014426763285975494,1.4426762484224556e-06
8092.076716091527,0.014316058667685424,1.4316058476454466e-06
8093.940207368912,0.014277151676635541,1.4277150779931915e-06
8095.804127782088,0.01435051446857087,1.4350513527356923e-06
8097.668477429878,0.014439094904582667,1.4439094678168796e-06
8099.5332564111295,0.014459985798029916,1.4459985031561048e-06
8101.398464824712,0.014473454998072012,1.4473454145398305e-06
8103.264102769518,0.014545359321693015,1.454535922835689e-06
8105.130170344462,0.014588390460529862,1.4588389650735622e-06
8106.996667648482,0.014540692630281132,1.4540692232662e-06
8108.863594780538,0.014523525837079908,1.4523525503472516e-06
8110.730951839614,0.014545614184668682,1.4545613870852082e-06
8112.598738924716,0.014522263862912816,1.4522264060372403e-06
8114.466956134873,0.014426714189452607,1.4426713419192672e-06
8116.335603569136,0.014356724845242159,1.4356724307178704e-06
8118.20468132658,0.014445165686909244,1.444516555611728e-06
8120.074189506303,0.014570533978427662,1.4570533201141714e-06
8121.944128207424,0.01459265200586948,1.4592651772272201e-06
8123.814497529087,0.01462175206795567,1.4621751977077643e-06
8125.685297570458,0.014652176963327017,1.4652176814713413e-06
8127.556528430725,0.014669667411028334,1.466966647681493e-06
8129.428190209099,0.014667646526682182,1.4667646105215949e-06
8131.300283004816,0.014635339111476063,1.463533837931909e-06
8133.172806917132,0.01461258535622914,1.461258477961193e-06
8135.045762045327,0.014655182547850039,1.4655181832275806e-06
8136.919148488705,0.014686134045896679,1.4686134203999963e-06
8138.792966346591,0.014658077169053856,1.4658076478673904e-06
8140.667215718334,0.014639423079171179,1.4639423140933725e-06
8142.541896703305,0.014628236372285984,1.4628235785709347e-06
8144.417009400899,0.014625997928529914,1.4625997087081301e-06
8146.292553910533,0.01463048845170863,1.463048843764793e-06
8148.168530331647,0.014649632910796462,1.4649632354203546e-06
8150.044938763705,0.014643658467207938,1.464365799638572e-06
8151.921779306193,0.014624363985439353,1.4624363898998126e-06
8153.799052058619,0.01463381089862439,1.4633810369309316e-06
8155.6767571205155,0.014673354280001464,1.467335395111543e-06
8157.554894591437,0.014644808733807961,1.4644808080963902e-06
8159.433464570962,0.014534830621430175,1.4534830159266448e-06
8161.31246715869,0.014467915039732071,1.446791433260751e-06
8163.191902454245,0.014514440253064705,1.4514439827079631e-06
8165.071770557274,0.014530736057363615,1.453073558443215e-06
8166.952071567446,0.014556336814313283,1.4556336990685788e-06
8168.832805584453,0.014607981009904228,1.4607980975748428e-06
8170.713972708011,0.014600311399398073,1.4600311064067621e-06
8172.595573037859,0.014569713348358439,1.4569713100043462e-06
8174.477606673757,0.014597234336233576,1.4597233601997823e-06
8176.360073715489,0.014546643526664443,1.4546643014209487e-06
8178.242974262864,0.014495981023457912,1.449598057297329e-06
8180.126308415711,0.014289122413040797,1.4289121680378224e-06
8182.010076273884,0.014048595152944526,1.4048595069690925e-06
8183.894277937258,0.013983546447180006,1.3983545601325077e-06
8185.778913505733,0.014037836231265435,1.403783591619857e-06
8187.663983079232,0.014138121844363893,1.4138121818703343e-06
8189.549486757698,0.014182875229095856,1.4182874668430946e-06
8191.435424641102,0.014130571491915435,1.4130571467976906e-06
8193.321796829434,0.013945469098767488,1.3945469312319962e-06
8195.208603422707,0.013806836671781269,1.3806835902385824e-06
8197.09584452096,0.013773517655647511,1.377351694175957e-06
8198.983520224254,0.013808710599177338,1.3808709698966028e-06
8200.871630632671,0.01381992243473424,1.3819921585934751e-06
8202.760175846317,0.013771508966919505,1.3771508780274433e-06
8204.649155965324,0.0137457330676782,1.3745732450611462e-06
8206.538571089843,0.013722501056136129,1.3722500383259673e-06
8208.428421320048,0.01373431601364293,1.373431529594949e-06
8210.31870675614,0.013791184878153742,1.3791184527650692e-06
8212.209427498341,0.013777480502315793,1.3777480188830857e-06
8214.100583646894,0.013800001348482641,1.3800001490670686e-06
8215.992175302068,0.013865400089515322,1.3865399774529892e-06
8217.884202564153,0.013872091096775703,1.3872090244717655e-06
8219.776665533465,0.0138344845384374,1.3834483646941258e-06
8221.669564310341,0.013887138696485415,1.3887138599612817e-06
8223.562898995142,0.01407681480093424,1.407681400801072e-06
8225.456669688248,0.01419406394804153,1.4194063139500595e-06
8227.350876490067,0.01421141814042891,1.4211417288570163e-06
8229.245519501032,0.014185347518771162,1.4185347141450072e-06
8231.140598821592,0.014127924992247,1.4127924797649673e-06
8233.036114552224,0.014034467443781899,1.4034466878750334e-06
8234.932066793426,0.013995772093399706,1.3995771702598126e-06
8236.828455645724,0.013976270464761915,1.397627065431901e-06
8238.72528120966,0.013973467748164797,1.397346756624382e-06
8240.622543585801,0.013954968875598028,1.3954968092968636e-06
8242.520242874745,0.013979086645125588,1.3979086312042974e-06
8244.418379177101,0.0139999398723648,1.3999939174652098e-06
8246.31695259351,0.014026434858397208,1.4026434611421168e-06
8248.215963224631,0.013965022549282731,1.3965021663787805e-06
8250.11541117115,0.01388873428329897,1.3888733563608552e-06
8252.015296533775,0.01383999045711379,1.3839990186959903e-06
8253.915619413234,0.013726857996740633,1.372685774967667e-06
8255.816379910286,0.013712592566830453,1.3712591799159286e-06
8257.717578125703,0.01379709015900977,1.379709029973484e-06
8259.619214160288,0.01395868413200696,1.3958683453619479e-06
8261.521288114864,0.014010373499827797,1.4010373074291422e-06
8263.423800090277,0.013973594916553008,1.3973594510953496e-06
8265.3267501874,0.013927861462647271,1.3927860959765346e-06
8267.230138507122,0.013868720694538577,1.3868720367259797e-06
8269.133965150362,0.013821306454566282,1.3821305619177615e-06
8271.03823021806,0.01372850656624063,1.3728506492993415e-06
8272.942933811179,0.013642120409081535,1.3642119871549464e-06
8274.848076030703,0.013616342270115035,1.3616341663523546e-06
8276.753656977644,0.013662285184727497,1.3662284863067931e-06
8278.659676753034,0.013687229289097371,1.368722903575283e-06
8280.566135457928,0.013667336369750312,1.3667335532123455e-06
8282.473033193408,0.013663952147984852,1.3663951834393403e-06
8284.380370060573,0.013597144135633862,1.3597143490498463e-06
8286.28814616055,0.013503159214855226,1.350315932483835e-06
8288.19636159449,0.0134383887463019,1.3438388643418596e-06
8290.105016463564,0.013452496031231477,1.3452495666633027e-06
8292.014110868966,0.0133878021890475,1.3387801906027003e-06
8293.923644911918,0.013329991639434947,1.33299909962972e-06
8295.833618693661,0.013320988493158869,1.3320987752529342e-06
8297.744032315462,0.013301997042908876,1.330199646315068e-06
8299.654885878608,0.01321951180332043,1.3219511332636774e-06
8301.56617948441,0.013168762786877663,1.316876276793536e-06
8303.477913234208,0.013114133054466851,1.311413287346925e-06
8305.39008722936,0.013100748796379793,1.3100748859831296e-06
8307.302701571243,0.01305403163001395,1.305403121832892e-06
8309.215756361269,0.013005006680834466,1.3005005974644345e-06
8311.129251700864,0.01300935611586952,1.300935526937275e-06
8313.043187691483,0.013100476969281067,1.3100476693534433e-06
8314.957564434597,0.013244410000090365,1.3244409674834358e-06
8316.872382031708,0.013328595956162183,1.3328595309690278e-06
8318.78764058434,0.013279859128442852,1.3279858495532004e-06
8320.703340194035,0.013199456486373764,1.3199456385274368e-06
8322.619480962365,0.013130695973548396,1.3130695750672568e-06
8324.536062990923,0.013029353960561431,1.3029354020419293e-06
8326.453086381323,0.012896983860708106,1.2896983357307397e-06
8328.370551235206,0.012824626755066177,1.2824626112391437e-06
8330.288457654233,0.012838365323366968,1.2838364625866516e-06
8332.206805740092,0.012848321783621644,1.2848321586665524e-06
8334.125595594493,0.012882801920679606,1.2882801322255142e-06
8336.044827319167,0.012909159263101405,1.2909159101903797e-06
8337.964501015871,0.01293070388255714,1.2930703569756017e-06
8339.884616786387,0.012932591332203223,1.2932591226332453e-06
8341.805174732515,0.012938320162038811,1.2938319534143996e-06
8343.726174956086,0.01285876085195677,1.2858760510564805e-06
8345.647617558947,0.012813538408806844,1.2813538428057953e-06
8347.569502642973,0.012821670834498509,1.2821669996230696e-06
8349.49183031006,0.012896052457060284,1.2896052009827557e-06
8351.41460066213,0.013002575289013787,1.300257458940706e-06
8353.337813801129,0.012981860901079917,1.2981860127809252e-06
8355.26146982902,0.012999437663231585,1.299943747308454e-06
8357.185568847795,0.013041178846392274,1.3041178145504566e-06
8359.110110959473,0.013044281500550911,1.3044280977434223e-06
8361.035096266087,0.013003858882369008,1.3003858677075253e-06
8362.9605248697,0.012855695545982357,1.285569576496467e-06
8364.886396872398,0.012850920746687146,1.2850920050452164e-06
8366.81271237629,0.012991181201780595,1.2991180382061259e-06
8368.739471483508,0.013126989058721244,1.3126988842400143e-06
8370.666674296204,0.01311168956317458,1.3111688765962178e-06
8372.594320916562,0.01307845461843967,1.307845481999762e-06
8374.522411446782,0.013055389963750809,1.3055389769499296e-06
8376.45094598909,0.012933990048082112,1.2933989321776287e-06
8378.379924645738,0.01280639633648688,1.280639605790537e-06
8380.309347518998,0.012728512408751225,1.272851170975334e-06
8382.239214711166,0.012643317498775977,1.2643317636942604e-06
8384.169526324562,0.01253702986365971,1.2537029708917317e-06
8386.100282461532,0.012427710212776865,1.2427709705120358e-06
8388.031483224442,0.012416231601472106,1.2416231401368085e-06
8389.963128715683,0.012593692187314941,1.2593692345113512e-06
8391.895219037671,0.012871030057145696,1.287102960246992e-06
8393.827754292843,0.012972333452858505,1.2972332608589319e-06
8395.76073458366,0.012999911518026328,1.2999911110653345e-06
8397.694160012612,0.012934022226075804,1.2934021925003346e-06
8399.628030682203,0.012927432744590319,1.2927432018327632e-06
8401.562346694967,0.012983994437488622,1.2983994286486036e-06
8403.49710815346,0.012990028263097409,1.2990027782141e-06
8405.432315160264,0.013053781235748055,1.3053781421242347e-06
8407.367967817981,0.013073328868821631,1.3073328089414311e-06
8409.304066229239,0.012995160078297891,1.2995159800490665e-06
8411.240610496687,0.012910915237614711,1.2910914671268282e-06
8413.177600723,0.012837296200574626,1.2837296249736764e-06
8415.115037010875,0.012843676758812664,1.2843675964565274e-06
8417.052919463038,0.01286515056433969,1.2865150311921825e-06
8418.99124818223,0.012776756930208452,1.2776756533015627e-06
8420.930023271221,0.012684575035202556,1.2684574662514452e-06
8422.869244832806,0.012616411406887882,1.2616410924402412e-06
8424.808912969796,0.012539692345701726,1.2539691622994187e-06
8426.749027785037,0.012496006447709545,1.2496006667038864e-06
8428.68958938139,0.012588089047189454,1.2588088727429315e-06
8430.630597861744,0.012640838382149659,1.264083831641907e-06
8432.572053329006,0.012462166595325702,1.2462166748220842e-06
8434.513955886116,0.012161088551000608,1.2161088164634711e-06
8436.456305636028,0.012112119992551905,1.211211939189764e-06
8438.399102681728,0.012237050965204698,1.2237050125111348e-06
8440.342347126218,0.01230838232832549,1.2308381608875875e-06
8442.286039072531,0.012353582756512726,1.2353581927338404e-06
8444.230178623719,0.01237729814658391,1.2377297334465973e-06
8446.174765882859,0.012359572604193446,1.2359572567878553e-06
8448.119800953053,0.012395638729411162,1.239563851331376e-06
8450.065283937422,0.01236162292122086,1.236162288105903e-06
8452.011214939119,0.012338796147116719,1.2338796304712669e-06
8453.957594061314,0.012354836882119741,1.235483605705016e-06
8455.904421407202,0.012343345379520013,1.2343344979933167e-06
8457.851697080005,0.012353863059172672,1.235386224170597e-06
8459.799421182963,0.01239213808411172,1.2392137227921886e-06
8461.747593819346,0.012382728339544317,1.2382728156627817e-06
8463.696215092445,0.012278083921133387,1.2278083204550342e-06
8465.645285105571,0.012064867855436576,1.2064867794715854e-06
8467.594803962067,0.011945510532916995,1.1945510486042346e-06
8469.544771765293,0.01202377405220071,1.2023774090754554e-06
8471.495188618635,0.012195312136472207,1.2195312016860638e-06
8473.446054625503,0.01232679390930717,1.2326793982650867e-06
8475.397369889333,0.012385180157269632,1.2385179439823929e-06
8477.34913451358,0.012385610670522565,1.238561088034948e-06
8479.301348601726,0.012358268843174968,1.2358268424611237e-06
8481.254012257277,0.012322785260359403,1.2322785231267851e-06
8483.20712558376,0.012319521914930721,1.2319521483349101e-06
8485.16068868473,0.012338447937373114,1.2338448058786393e-06
8487.114701663762,0.012330655972866231,1.2330655851823923e-06
8489.06916462446,0.012246559715335384,1.2246559064202993e-06
8491.024077670445,0.012112019780747217,1.211202000772981e-06
8492.979440905365,0.011801753545366219,1.1801753617904645e-06
8494.935254432894,0.011265962285893192,1.1265962358559056e-06
8496.891518356728,0.010660861934685425,1.066086166316049e-06
8498.848232780587,0.010551821402656906,1.0551820810014459e-06
8500.805397808212,0.011064633454048872,1.1064633622537558e-06
8502.763013543376,0.011605483128083932,1.1605483039984983e-06
8504.721080089865,0.011905398390004117,1.19053980040072e-06
8506.679597551498,0.01204152548064953,1.2041525675903458e-06
8508.638566032114,0.012122439184871377,1.2122438884269855e-06
8510.597985635575,0.012096479359188903,1.209647871746472e-06
8512.557856465768,0.011881870391359925,1.1881869787153952e-06
8514.518178626608,0.011670912842522746,1.1670913026007378e-06
8516.478952222025,0.011672553210849656,1.1672552544803436e-06
8518.44017735598,0.011825381161607638,1.1825381101390194e-06
8520.401854132457,0.01199655136334574,1.1996550564980555e-06
8522.363982655463,0.012010599399229962,1.2010598851069359e-06
8524.326563029026,0.011960068314286317,1.1960068016962732e-06
8526.289595357204,0.011951254377275698,1.1951254205251745e-06
8528.253079744076,0.011921859429006709,1.19218591511766e-06
8530.217016293742,0.011853490610630091,1.1853489975628583e-06
8532.18140511033,0.011742094605914079,1.1742094698462734e-06
8534.14624629799,0.011427485800705222,1.1427485335640022e-06
8536.111539960899,0.010944219386431338,1.0944218669738786e-06
8538.077286203254,0.010111309588506841,1.0111308846269746e-06
8540.043485129278,0.009093802228914814,9.093802032203007e-07
8542.010136843215,0.008522549572022154,8.522549437934204e-07
8543.977241449342,0.009055218642252127,9.055218548886297e-07
8545.944799051947,0.010083802058015675,1.008380154845937e-06
8547.912809755353,0.010805376487179207,1.080537590392238e-06
8549.8812736639,0.011261212685923585,1.1261212877678355e-06
8551.850190881956,0.011610371822547892,1.1610371512247491e-06
8553.819561513914,0.01178275574574121,1.1782756002026586e-06
8555.789385664184,0.011939125479600484,1.1939125260233299e-06
8557.75966343721,0.011985022421628687,1.1985021637062372e-06
8559.730394937451,0.011976198217532022,1.1976198263136708e-06
8561.701580269397,0.011990548158215786,1.1990548413174962e-06
8563.673219537555,0.012040019884684802,1.2040019484740953e-06
8565.645312846464,0.01205554958680841,1.2055549340004474e-06
8567.617860300683,0.012100788059844082,1.2100787502598014e-06
8569.590862004792,0.012005477039258895,1.200547642361508e-06
8571.564318063402,0.011950035365359855,1.1950034783008957e-06
8573.538228581141,0.011928129389891894,1.1928128977072021e-06
8575.512593662668,0.011954796549489291,1.195479603625374e-06
8577.487413412662,0.012028316150484981,1.2028316395852693e-06
8579.462687935824,0.012011344416142496,1.2011343697477978e-06
8581.438417336885,0.011886108643801489,1.1886108337501736e-06
8583.414601720595,0.011872451019232004,1.187245044189637e-06
8585.39124119173,0.01192666752640036,1.192666711464929e-06
8587.368335855092,0.011925516520351922,1.1925515698650063e-06
8589.345885815503,0.011876476455608242,1.1876476260249521e-06
8591.323891177813,0.011884902039633754,1.1884901954119702e-06
8593.302352046896,0.011802536795574886,1.1802536425381123e-06
8595.281268527648,0.011744400812542537,1.1744400257939106e-06
8597.260640724986,0.011812647626673995,1.1812647409807295e-06
8599.240468743861,0.01185535847920326,1.1855357753957782e-06
8601.220752689238,0.011902852210033432,1.1902851521164414e-06
8603.201492666112,0.011858009185770766,1.185800937695565e-06
8605.182688779501,0.011827014099973082,1.1827013450984937e-06
8607.164341134447,0.011832532879191785,1.1832532791442162e-06
8609.146449836016,0.01176900102519004,1.1769001268361197e-06
8611.129014989296,0.011670080774257548,1.1670080229681672e-06
8613.112036699404,0.011760443313338824,1.176044330971062e-06
8615.095515071478,0.011830242886953633,1.1830243053916885e-06
8617.07945021068,0.011937454945845267,1.1937454301241434e-06
8619.063842222198,0.012002231730651644,1.200223130575778e-06
8621.048691211243,0.011976890993633221,1.1976890852987188e-06
8623.03399728305,0.011906876044685518,1.1906876206349675e-06
8625.019760542878,0.01202828836817246,1.2028287890814e-06
8627.005981096012,0.012036545751049267,1.203654545535207e-06
8628.99265904776,0.011939080485020787,1.1939080154757897e-06
8630.979794503457,0.011904576365029073,1.1904576098001848e-06
8632.967387568457,0.011982041497674395,1.198204164963287e-06
8634.955438348139,0.012004742378305207,1.2004742375388426e-06
8636.943946947911,0.012038547850831567,1.2038547968309626e-06
8638.932913473203,0.011925220641064892,1.1925220558261558e-06
8640.922338029468,0.011905433505342894,1.1905433257494463e-06
8642.912220722184,0.011905855278731751,1.190585482274397e-06
8644.902561656852,0.011854535295957414,1.1854534877307604e-06
8646.893360939002,0.011771033021625023,1.1771032511853456e-06
8648.884618674181,0.011690273813355283,1.1690273618218826e-06
8650.876334967968,0.011635793228661767,1.1635792893534877e-06
8652.86850992596,0.01155919348611319,1.1559192719160815e-06
8654.861143653781,0.011358504466239788,1.135850424866807e-06
8656.854236257082,0.010893540449818037,1.0893539984883004e-06
8658.847787841532,0.009980877144336082,9.980876562781943e-07
8660.841798512829,0.008888773156137654,8.888772829647993e-07
8662.836268376695,0.008657154733238342,8.657154602995327e-07
8664.831197538877,0.009588485425805801,9.58848529016182e-07
8666.826586105142,0.010566082139945912,1.0566081486453608e-06
8668.822434181284,0.01101772337284777,1.1017722979292627e-06
8670.818741873125,0.011287922108925302,1.1287921543359593e-06
8672.815509286505,0.011244692832081382,1.1244692279185916e-06
8674.812736527294,0.011166024764694377,1.1166024816387855e-06
8676.810423701381,0.011322940258907701,1.1322940418723211e-06
8678.808570914684,0.011386257557968382,1.1386257564477338e-06
8680.807178273142,0.011407633196281233,1.140763303053992e-06
8682.80624588272,0.011415169418581173,1.1415169354555416e-06
8684.805773849412,0.011415236288541547,1.1415235590979208e-06
8686.805762279226,0.011209453563563346,1.120945374682215e-06
8688.8062112782,0.011033024841729262,1.1033024156733534e-06
8690.807120952402,0.01130314203799166,1.1303141477050717e-06
8692.808491407915,0.011542496587410961,1.1542496679183082e-06
8694.81032275085,0.011543607566696,1.1543607058238782e-06
8696.812615087347,0.011500779093497417,1.1500778878398613e-06
8698.815368523561,0.011440847639529418,1.1440847606569746e-06
8700.818583165681,0.011448839106916676,1.1448838828057122e-06
8702.822259119914,0.01164275868582471,1.1642758497471792e-06
8704.826396492494,0.01172563011794809,1.1725629924680855e-06
8706.830995389679,0.011642279603301385,1.1642279854687821e-06
8708.83605591775,0.011498093338937695,1.1498093278666352e-06
8710.841578183019,0.011321383808079243,1.1321383478518062e-06
8712.847562291814,0.011278743589030223,1.1278743444829387e-06
8714.85400835049,0.01131970929174476,1.1319709384825478e-06
8716.860916465432,0.011261942732929126,1.126194203644359e-06
8718.86828674304,0.011392738446062242,1.139273839111047e-06
8720.876119289745,0.011614630439018317,1.1614630140457784e-06
8722.884414212003,0.011569761644670076,1.1569761360269136e-06
8724.893171616293,0.011486044331347143,1.1486044184061113e-06
8726.902391609116,0.011415996208750733,1.141599552576408e-06
8728.912074296999,0.01128822548161069,1.128822502354734e-06
8730.922219786495,0.011298257001203637,1.1298256310481139e-06
8732.93282818418,0.0112587521045056,1.1258751519606305e-06
8734.94389959666,0.011156303215102957,1.1156302603006648e-06
8736.955434130554,0.011229124606272095,1.1229123766261624e-06
8738.967431892517,0.011200486082468802,1.1200486062406903e-06
8740.97989298922,0.011142136143636886,1.1142135575435072e-06
8742.992817527367,0.011126552611361168,1.1126552068991309e-06
8745.00620561368,0.011097250651301372,1.109724996844471e-06
8747.020057354905,0.011056736736393243,1.1056736789440937e-06
8749.03437285782,0.010979160257475225,1.0979159729165462e-06
8751.049152229218,0.010876939046610723,1.0876938424795448e-06
8753.064395575926,0.010969073746954012,1.0969073729129184e-06
8755.080103004788,0.010968226164838828,1.0968225329737258e-06
8757.096274622674,0.01095255543437595,1.0952555425520078e-06
8759.112910536485,0.011216581595113696,1.1216581321514943e-06
8761.13001085314,0.0113640300413908,1.1364029386917584e-06
8763.14757567958,0.011056508617587052,1.105650818698765e-06
8765.165605122782,0.01087731202217299,1.087731142181453e-06
8767.184099289738,0.010939805308778085,1.0939805132917827e-06
8769.203058287465,0.010907130305663494,1.0907130569901639e-06
8771.22248222301,0.01089470387767241,1.089470344603726e-06
8773.242371203438,0.010856733795875418,1.0856733947121416e-06
8775.262725335848,0.011091845152904697,1.1091845301259368e-06
8777.283544727352,0.01122318988746059,1.1223189930000572e-06
8779.304829485096,0.011028526033797793,1.1028525568042452e-06
8781.326579716248,0.010903824083101867,1.090382392434048e-06
8783.348795527996,0.010945292495026366,1.0945292220698234e-06
8785.37147702756,0.011008119998326588,1.1008119974518066e-06
8787.394624322182,0.010987108527370795,1.0987108258176101e-06
8789.418237519125,0.010927791734023405,1.0927791816993904e-06
8791.442316725683,0.010920716434505772,1.0920716454123677e-06
8793.466862049168,0.010835677242252024,1.083567697650734e-06
8795.491873596922,0.01087516055175946,1.0875160137303196e-06
8797.517351476312,0.010945495434738033,1.094549569055903e-06
8799.543295794723,0.010757175788077463,1.0757175433325686e-06
8801.569706659573,0.01060926117447921,1.0609261007676794e-06
8803.5965841783,0.010227605196615534,1.022760451875752e-06
8805.623928458366,0.009901978130968825,9.901978057670676e-07
8807.651739607263,0.010106960249487554,1.0106960341215248e-06
8809.6800177325,0.010432590956598835,1.043259071216395e-06
8811.70876294162,0.010665138850371826,1.0665138085867698e-06
8813.737975342183,0.01087192713290028,1.087192632028286e-06
8815.767655041776,0.010798350117249954,1.0798349552999724e-06
8817.797802148014,0.01040857131030667,1.0408570626980593e-06
8819.828416768532,0.010455886253874681,1.0455886156774416e-06
8821.859499010992,0.01033508620386707,1.033508553298136e-06
8823.891048983081,0.010118609212300475,1.0118609083129133e-06
8825.923066792511,0.01031684039269996,1.0316839937160845e-06
8827.955552547019,0.010555378581875786,1.055537799878621e-06
8829.988506354364,0.010595661620186632,1.0595661160330206e-06
8832.021928322336,0.010357806217352288,1.035780579540468e-06
8834.05581855874,0.010277727673314072,1.0277727104087243e-06
8836.090177171416,0.01037288321708088,1.037288335163719e-06
8838.125004268224,0.010065571104631105,1.006557075172817e-06
8840.160299957048,0.010033745634778022,1.0033745313811047e-06
8842.196064345797,0.010312327049982332,1.0312326484185493e-06
8844.232297542409,0.010348471750107021,1.0348472037718298e-06
8846.268999654843,0.010234960980789102,1.0234960998007034e-06
8848.306170791082,0.009945539879779591,9.945539923258542e-07
8850.343811059138,0.010222442202029308,1.0222441685007234e-06
8852.381920567042,0.010119255259823106,1.011925525393805e-06
8854.420499422857,0.009932385661230338,9.932385342903471e-07
8856.459547734667,0.009887537153924913,9.887536806655573e-07
8858.499065610578,0.009998557879153984,9.998558060210373e-07
8860.539053158725,0.009893861105673168,9.89386132355841e-07
8862.57951048727,0.009652111275920718,9.652110569093275e-07
8864.620437704394,0.00949979159109262,9.49979138263264e-07
8866.661834918305,0.009139497626103318,9.139497173612191e-07
8868.703702237239,0.008983248532296277,8.983248129093556e-07
8870.746039769454,0.009164132160686268,9.164132138756197e-07
8872.788847623231,0.009398614272852521,9.39861420440874e-07
8874.832125906882,0.009715772335022455,9.71577183916741e-07
8876.875874728737,0.009795376975943066,9.795376277439913e-07
8878.920094197158,0.009905434413066771,9.90543369268951e-07
8880.964784420526,0.009974924330006357,9.97492439970846e-07
8883.009945507249,0.00962148626045269,9.621485761301285e-07
8885.055577565761,0.009428120400635814,9.428120063092994e-07
8887.10168070452,0.009228265754261677,9.22826565913489e-07
8889.148255032009,0.009067565482414592,9.067565388883958e-07
8891.195300656736,0.009373377826427642,9.373377392704086e-07
8893.242817687236,0.009845745677869106,9.845744939077254e-07
8895.290806232064,0.00966657696951368,9.666576212947455e-07
8897.339266399804,0.009683819958275648,9.683819243801376e-07
8899.388198299066,0.009616376950424466,9.616376309095844e-07
8901.43760203848,0.009627730088911072,9.627729647665317e-07
8903.487477726709,0.009112377720117536,9.112377531040944e-07
8905.537825472431,0.009055171870032122,9.055171850542097e-07
8907.588645384356,0.009199356061328066,9.199355853111455e-07
8909.639937571217,0.009464557373222774,9.464557134482379e-07
8911.691702141774,0.009374424062085511,9.374423780148319e-07
8913.743939204809,0.009404011185516394,9.404010929340569e-07
8915.79664886913,0.009665509276870448,9.665509531965195e-07
8917.849831243571,0.009371443287278137,9.371443179956561e-07
8919.903486436991,0.008699819402332287,8.699819031641789e-07
8921.957614558272,0.008748797097588114,8.748796897849799e-07
8924.012215716324,0.008992682160402941,8.992681698491404e-07
8926.06729002008,0.008989661076280388,8.989660557263089e-07
8928.1228375785,0.009165840458777785,9.165840274537511e-07
8930.178858500567,0.009336465299278032,9.336465208044647e-07
8932.235352895288,0.009089453903516667,9.08945393486081e-07
8934.2923208717,0.009049615790682218,9.049615324596439e-07
8936.34976253886,0.009093304726231712,9.093304663342064e-07
8938.407678005857,0.00902277961908507,9.022779236492874e-07
8940.466067381794,0.00906505247917575,9.065052288287258e-07
8942.524930775808,0.008872100757933085,8.872100527617293e-07
8944.58426829706,0.008955173027527684,8.955172752581787e-07
8946.644080054735,0.008963402659333673,8.963402588730259e-07
8948.704366158041,0.00897750160051218,8.977501417874407e-07
8950.765126716213,0.009317398035217249,9.317397825265072e-07
8952.826361838514,0.009200494065225119,9.200493929137735e-07
8954.888071634226,0.009195564969039536,9.195564951150052e-07
8956.950256212664,0.00894933309626554,8.949333080721804e-07
8959.012915683159,0.009114504803986876,9.114504302964544e-07
8961.076050155074,0.009228770037076173,9.228769781539494e-07
8963.139659737797,0.009007086265844472,9.007085757817714e-07
8965.203744540735,0.009411322612627301,9.411322474014239e-07
8967.26830467333,0.009542346194440467,9.542346185011647e-07
8969.333340245039,0.00963908117512688,9.63908037786111e-07
8971.39885136535,0.009373432481295131,9.373432424984363e-07
8973.464838143776,0.008981705380593733,8.981704958102366e-07
8975.531300689856,0.009192758211604996,9.192758028150748e-07
8977.59823911315,0.008942877089507046,8.942876830060769e-07
8979.665653523247,0.009247417507870304,9.247417081266791e-07
8981.733544029757,0.009560228769998222,9.56022889942204e-07
8983.801910742324,0.009295979805144903,9.295979559273738e-07
8985.870753770609,0.008847149407270723,8.847149412512491e-07
8987.940073224298,0.008614896944476215,8.614896693820447e-07
8990.009869213109,0.008365589944580958,8.365589962070581e-07
8992.080141846778,0.008849474492474772,8.849474154110537e-07
