3.79970e+03 6.901464365e-06 2.394559435e-05 9.478110274e-06 5.285483423e-06 1.387806188e-05
3.80060e+03 8.119474306e-06 2.771520151e-05 1.107600237e-05 6.265796829e-06 1.610831029e-05
3.80150e+03 8.906990809e-06 3.019767323e-05 1.213874784e-05 6.916241091e-06 1.761429257e-05
3.80240e+03 9.559500804e-06 3.244981222e-05 1.304314872e-05 7.436889053e-06 1.892785067e-05
3.80330e+03 1.019989920e-05 3.458111313e-05 1.391130178e-05 7.948117670e-06 2.017274652e-05
3.80420e+03 1.040745922e-05 3.537775322e-05 1.419319025e-05 8.126131259e-06 2.059462092e-05
3.80510e+03 1.005351464e-05 3.460384264e-05 1.373472977e-05 7.846916116e-06 1.999038659e-05
3.80600e+03 9.200993835e-06 3.266914359e-05 1.266030153e-05 7.145423686e-06 1.859653139e-05
3.80690e+03 8.398756038e-06 3.105923294e-05 1.168195695e-05 6.457058979e-06 1.738945771e-05
3.80780e+03 8.531302552e-06 3.180558130e-05 1.190087058e-05 6.516114453e-06 1.776757040e-05
3.80870e+03 9.442795538e-06 3.438188085e-05 1.309960866e-05 7.237427092e-06 1.941089454e-05
3.80960e+03 1.023379137e-05 3.662656072e-05 1.412021408e-05 7.891009262e-06 2.080280808e-05
3.81050e+03 1.049012065e-05 3.750124759e-05 1.445093440e-05 8.112442083e-06 2.126376818e-05
3.81140e+03 1.017546658e-05 3.673698497e-05 1.406439391e-05 7.863379316e-06 2.073870806e-05
3.81230e+03 9.228782356e-06 3.403873631e-05 1.284667855e-05 7.107565799e-06 1.906415141e-05
3.81320e+03 8.003972861e-06 3.045290769e-05 1.123343586e-05 6.132743115e-06 1.683570376e-05
3.81410e+03 7.040127275e-06 2.768065434e-05 9.937026228e-06 5.363004589e-06 1.504006228e-05
3.81500e+03 6.294396784e-06 2.589810902e-05 8.957778865e-06 4.759681635e-06 1.375277443e-05
3.81590e+03 6.074481022e-06 2.591311267e-05 8.735078034e-06 4.544902745e-06 1.358365268e-05
3.81680e+03 6.820960323e-06 2.868916253e-05 9.810621358e-06 5.079366602e-06 1.519429660e-05
3.81770e+03 7.599866240e-06 3.145288828e-05 1.089472052e-05 5.681838800e-06 1.676843412e-05
3.81860e+03 7.213476209e-06 3.061623294e-05 1.037156436e-05 5.413080439e-06 1.605911106e-05
3.81950e+03 5.852959708e-06 2.650994752e-05 8.509287152e-06 4.377741958e-06 1.344074915e-05
3.82040e+03 4.961287544e-06 2.360967236e-05 7.297611078e-06 3.658084898e-06 1.173588680e-05
3.82130e+03 5.523974322e-06 2.532746987e-05 8.096467234e-06 4.040310938e-06 1.288756508e-05
3.82220e+03 6.660766923e-06 2.885572385e-05 9.661604220e-06 4.913518919e-06 1.509843113e-05
3.82310e+03 6.836803174e-06 2.917425423e-05 9.872600343e-06 5.096414514e-06 1.534282372e-05
3.82400e+03 5.859850855e-06 2.593510486e-05 8.509682058e-06 4.375891468e-06 1.337581085e-05
3.82490e+03 4.792071212e-06 2.270181291e-05 7.053337116e-06 3.547362957e-06 1.133155680e-05
3.82580e+03 4.406378002e-06 2.155363083e-05 6.521411009e-06 3.237388885e-06 1.058293612e-05
3.82670e+03 4.600385711e-06 2.183829265e-05 6.740892860e-06 3.394612438e-06 1.082513214e-05
3.82760e+03 4.887618210e-06 2.225719936e-05 7.084709585e-06 3.642016520e-06 1.122215456e-05
3.82850e+03 5.140083659e-06 2.252891252e-05 7.389019646e-06 3.860301058e-06 1.156498419e-05
3.82940e+03 5.505770413e-06 2.323154847e-05 7.862342997e-06 4.152152181e-06 1.216056431e-05
3.83030e+03 5.810221321e-06 2.385878355e-05 8.252664886e-06 4.403180807e-06 1.264473103e-05
3.83120e+03 5.531646538e-06 2.255588402e-05 7.825884544e-06 4.224782085e-06 1.195315139e-05
3.83210e+03 4.781702025e-06 1.973521279e-05 6.769050493e-06 3.658278855e-06 1.037698412e-05
3.83300e+03 4.299909751e-06 1.777587291e-05 6.099351949e-06 3.266986192e-06 9.362517969e-06
3.83390e+03 4.371689821e-06 1.716025327e-05 6.140457743e-06 3.328512803e-06 9.282048899e-06
3.83480e+03 4.948718749e-06 1.756401055e-05 6.802634378e-06 3.822188557e-06 9.979042458e-06
3.83570e+03 5.671170684e-06 1.906292432e-05 7.712846888e-06 4.427262907e-06 1.114004990e-05
3.83660e+03 5.834743764e-06 2.034255434e-05 7.984464006e-06 4.559762096e-06 1.165204061e-05
3.83750e+03 5.265970548e-06 1.997595596e-05 7.316959244e-06 4.087402462e-06 1.094794161e-05
3.83840e+03 4.665792365e-06 1.924401812e-05 6.606372458e-06 3.568789253e-06 1.014726342e-05
3.83930e+03 4.512450540e-06 1.967372215e-05 6.490581060e-06 3.397439138e-06 1.014248399e-05
3.84020e+03 4.673556848e-06 2.099951700e-05 6.782405474e-06 3.486521214e-06 1.070386291e-05
3.84110e+03 5.420740794e-06 2.366501880e-05 7.827812238e-06 4.040012259e-06 1.223798876e-05
3.84200e+03 6.750740296e-06 2.737138285e-05 9.595922615e-06 5.082841904e-06 1.463749691e-05
3.84290e+03 7.759825305e-06 2.992871354e-05 1.089501985e-05 5.920999577e-06 1.635134006e-05
3.84380e+03 8.135001441e-06 3.088778149e-05 1.135826285e-05 6.252059615e-06 1.696544735e-05
3.84470e+03 8.181747223e-06 3.103140368e-05 1.140457143e-05 6.295056066e-06 1.704041745e-05
3.84560e+03 8.076735232e-06 3.085142202e-05 1.126596860e-05 6.209605333e-06 1.688408431e-05
3.84650e+03 8.160733785e-06 3.163351918e-05 1.142011104e-05 6.257072712e-06 1.720053211e-05
3.84740e+03 8.474992215e-06 3.337895693e-05 1.192680821e-05 6.475752349e-06 1.804667651e-05
3.84830e+03 8.331397580e-06 3.358306022e-05 1.181036585e-05 6.347665222e-06 1.798434652e-05
3.84920e+03 7.456946367e-06 3.147343305e-05 1.067982752e-05 5.650308115e-06 1.650169806e-05
3.85010e+03 6.886263131e-06 3.027773876e-05 9.947584558e-06 5.173854330e-06 1.558816080e-05
3.85100e+03 7.458208922e-06 3.212378807e-05 1.073026631e-05 5.596890800e-06 1.669966191e-05
3.85190e+03 8.288831952e-06 3.432887208e-05 1.180912777e-05 6.269508900e-06 1.813662444e-05
3.85280e+03 8.306212401e-06 3.431132584e-05 1.179429029e-05 6.323483360e-06 1.810179361e-05
3.85370e+03 7.795720298e-06 3.302339072e-05 1.110866024e-05 5.933061326e-06 1.718323309e-05
3.85460e+03 7.323615780e-06 3.159897791e-05 1.045153341e-05 5.560062525e-06 1.624239980e-05
3.85550e+03 6.909898001e-06 3.025980410e-05 9.898223566e-06 5.222980801e-06 1.545435453e-05
3.85640e+03 6.711237004e-06 3.010806906e-05 9.724612245e-06 5.024201667e-06 1.530496820e-05
3.85730e+03 6.662897629e-06 3.042915657e-05 9.725090762e-06 4.963506438e-06 1.537718150e-05
3.85820e+03 6.077586821e-06 2.848680915e-05 8.888524839e-06 4.542356180e-06 1.416058655e-05
3.85910e+03 5.127730557e-06 2.540418398e-05 7.556015277e-06 3.823546976e-06 1.226941152e-05
3.86000e+03 4.838483848e-06 2.504331854e-05 7.218098874e-06 3.566015281e-06 1.191095480e-05
3.86090e+03 5.734470178e-06 2.824147530e-05 8.505525630e-06 4.224261711e-06 1.381616860e-05
3.86180e+03 7.336331949e-06 3.252996994e-05 1.062531939e-05 5.483716943e-06 1.668231063e-05
3.86270e+03 8.559657858e-06 3.514043429e-05 1.214745045e-05 6.493843125e-06 1.860566120e-05
3.86360e+03 8.791637642e-06 3.542788739e-05 1.239615806e-05 6.711455601e-06 1.887222989e-05
3.86450e+03 8.352550346e-06 3.443072060e-05 1.182530371e-05 6.357582918e-06 1.812342239e-05
3.86540e+03 7.900350152e-06 3.328761004e-05 1.123737728e-05 5.990388538e-06 1.734139394e-05
3.86630e+03 7.833941519e-06 3.291978829e-05 1.113959382e-05 5.952660099e-06 1.718756043e-05
3.86720e+03 7.927503564e-06 3.319088557e-05 1.127507098e-05 6.047595531e-06 1.739076681e-05
3.86810e+03 7.861373028e-06 3.340834964e-05 1.121166424e-05 6.004868853e-06 1.738286939e-05
3.86900e+03 7.542125055e-06 3.293033686e-05 1.079543001e-05 5.760247690e-06 1.688377775e-05
3.86990e+03 6.912720850e-06 3.135479668e-05 9.963424910e-06 5.277161671e-06 1.576807793e-05
3.87080e+03 6.142258622e-06 2.898784701e-05 8.930851007e-06 4.672309358e-06 1.430163999e-05
3.87170e+03 5.683104038e-06 2.675773774e-05 8.260046347e-06 4.303751282e-06 1.320927021e-05
3.87260e+03 5.946289956e-06 2.625084616e-05 8.539683244e-06 4.495906155e-06 1.338731788e-05
3.87350e+03 7.074393512e-06 2.866265868e-05 9.982974408e-06 5.379817513e-06 1.524034312e-05
3.87440e+03 8.440879812e-06 3.243952813e-05 1.176327275e-05 6.475504340e-06 1.765404432e-05
3.87530e+03 9.079831190e-06 3.458797065e-05 1.261626095e-05 6.999864027e-06 1.887177974e-05
3.87620e+03 8.680940455e-06 3.387212965e-05 1.211463896e-05 6.682081434e-06 1.825024384e-05
3.87710e+03 7.498626845e-06 3.058760436e-05 1.056917621e-05 5.735791907e-06 1.614737294e-05
3.87800e+03 6.360932399e-06 2.714289355e-05 9.097487538e-06 4.820895373e-06 1.413501756e-05
3.87890e+03 6.398948794e-06 2.748906352e-05 9.212154331e-06 4.819860325e-06 1.437892763e-05
3.87980e+03 7.174419702e-06 3.048247176e-05 1.030878515e-05 5.417362774e-06 1.603439970e-05
3.88070e+03 7.241984483e-06 3.113393448e-05 1.041193918e-05 5.495397841e-06 1.624489164e-05
3.88160e+03 6.565132512e-06 2.888761876e-05 9.469433457e-06 4.991626198e-06 1.487179239e-05
3.88250e+03 6.516074925e-06 2.763105387e-05 9.309216970e-06 4.979686017e-06 1.443280179e-05
3.88340e+03 7.685887143e-06 2.919113747e-05 1.068466294e-05 5.948302520e-06 1.597366313e-05
3.88430e+03 8.483802283e-06 3.008817230e-05 1.159848949e-05 6.623872758e-06 1.696137136e-05
3.88520e+03 7.594602786e-06 2.740543822e-05 1.043073251e-05 5.911623239e-06 1.534283900e-05
3.88610e+03 6.271666650e-06 2.375297560e-05 8.744306825e-06 4.812145814e-06 1.307410564e-05
3.88700e+03 6.046262018e-06 2.224414776e-05 8.402243248e-06 4.624862884e-06 1.245446188e-05
3.88790e+03 6.465237337e-06 2.176671763e-05 8.790476014e-06 5.034896433e-06 1.267853272e-05
3.88880e+03 6.808844632e-06 2.141684818e-05 9.084037135e-06 5.402181307e-06 1.284070998e-05
3.88970e+03 7.558942988e-06 2.316325837e-05 1.000939551e-05 6.032689010e-06 1.403867126e-05
3.89060e+03 8.805481867e-06 2.703660001e-05 1.166804956e-05 7.018989652e-06 1.636722439e-05
3.89150e+03 9.886757054e-06 3.066543679e-05 1.313177193e-05 7.883382323e-06 1.846542960e-05
3.89240e+03 1.033336745e-05 3.250001508e-05 1.375894849e-05 8.241113423e-06 1.941252175e-05
3.89330e+03 1.019227691e-05 3.268966298e-05 1.362133622e-05 8.104774375e-06 1.932464367e-05
3.89420e+03 9.681035435e-06 3.207574669e-05 1.303612515e-05 7.647399657e-06 1.868558232e-05
3.89510e+03 9.108828871e-06 3.146007553e-05 1.238946502e-05 7.125614306e-06 1.799795111e-05
3.89600e+03 9.265224166e-06 3.231693697e-05 1.264043632e-05 7.204609901e-06 1.841718780e-05
3.89690e+03 9.967131382e-06 3.413382564e-05 1.354532519e-05 7.775147827e-06 1.961087500e-05
3.89780e+03 1.001398588e-05 3.439162690e-05 1.362053982e-05 7.824950295e-06 1.973521094e-05
3.89870e+03 9.402886402e-06 3.324317620e-05 1.287999974e-05 7.301194062e-06 1.883703614e-05
3.89960e+03 9.086958299e-06 3.289904670e-05 1.252566593e-05 7.005217186e-06 1.846359777e-05
3.90050e+03 9.606431107e-06 3.460777297e-05 1.322538727e-05 7.412427899e-06 1.945614505e-05
3.90140e+03 1.013911183e-05 3.623779266e-05 1.389493680e-05 7.874041192e-06 2.036780200e-05
3.90230e+03 9.678414820e-06 3.509737259e-05 1.326362968e-05 7.542707296e-06 1.952147357e-05
3.90320e+03 9.058523228e-06 3.315086099e-05 1.243755142e-05 7.050358048e-06 1.836255259e-05
3.90410e+03 8.884216311e-06 3.228371105e-05 1.218286598e-05 6.916094575e-06 1.794864857e-05
3.90500e+03 8.389909388e-06 3.092530616e-05 1.151226413e-05 6.530619081e-06 1.703732857e-05
3.90590e+03 8.000093140e-06 3.007267177e-05 1.102974919e-05 6.188664471e-06 1.643401195e-05
3.90680e+03 8.724691145e-06 3.215282014e-05 1.203734176e-05 6.731862673e-06 1.783672131e-05
3.90770e+03 1.004051830e-05 3.561557625e-05 1.375949524e-05 7.798874350e-06 2.015060467e-05
3.90860e+03 1.091799152e-05 3.779243282e-05 1.485219063e-05 8.540802472e-06 2.158086785e-05
3.90950e+03 1.108963422e-05 3.828017471e-05 1.505255083e-05 8.700540577e-06 2.184959788e-05
3.91040e+03 1.106647802e-05 3.845116215e-05 1.503734112e-05 8.678014231e-06 2.187086393e-05
3.91130e+03 1.138115034e-05 3.933456150e-05 1.544065373e-05 8.924452790e-06 2.241344982e-05
3.91220e+03 1.171368664e-05 3.986043053e-05 1.582078599e-05 9.208960113e-06 2.284025799e-05
3.91310e+03 1.160216114e-05 3.909268079e-05 1.562151528e-05 9.150851800e-06 2.247728821e-05
3.91400e+03 1.136128269e-05 3.829554810e-05 1.530335459e-05 8.968040528e-06 2.202789706e-05
3.91490e+03 1.123238975e-05 3.807214540e-05 1.516022108e-05 8.857019464e-06 2.186683820e-05
3.91580e+03 1.090755927e-05 3.729800269e-05 1.474990937e-05 8.585324992e-06 2.133608284e-05
3.91670e+03 1.058412692e-05 3.641173900e-05 1.432688444e-05 8.304043450e-06 2.075835891e-05
3.91760e+03 1.041595174e-05 3.601260337e-05 1.412625238e-05 8.151875384e-06 2.050033116e-05
3.91850e+03 9.999137450e-06 3.511095435e-05 1.361938841e-05 7.806208464e-06 1.985744938e-05
3.91940e+03 9.139333693e-06 3.329260765e-05 1.256553066e-05 7.086194633e-06 1.852491687e-05
3.92030e+03 8.150553056e-06 3.130467808e-05 1.135968852e-05 6.262127575e-06 1.703897323e-05
3.92120e+03 7.720625763e-06 3.057276714e-05 1.083771194e-05 5.895489276e-06 1.642063762e-05
3.92210e+03 7.922201032e-06 3.128963924e-05 1.110476373e-05 6.042603367e-06 1.680277971e-05
3.92300e+03 8.368755506e-06 3.250758414e-05 1.167939725e-05 6.401666356e-06 1.757505535e-05
3.92390e+03 8.829020278e-06 3.332342213e-05 1.222669414e-05 6.796944027e-06 1.822310142e-05
3.92480e+03 8.778141096e-06 3.242761590e-05 1.206532902e-05 6.813986714e-06 1.784934723e-05
3.92570e+03 8.166122253e-06 3.012780102e-05 1.117731400e-05 6.369951593e-06 1.651812742e-05
3.92660e+03 7.349568301e-06 2.759016349e-05 1.006647854e-05 5.730910379e-06 1.494380581e-05
3.92750e+03 6.322450392e-06 2.444109295e-05 8.695174001e-06 4.920508887e-06 1.301249468e-05
3.92840e+03 5.292268551e-06 2.087158899e-05 7.295680739e-06 4.113930890e-06 1.097769382e-05
3.92930e+03 4.542018672e-06 1.779596963e-05 6.248383639e-06 3.535594321e-06 9.382773683e-06
3.93020e+03 3.928336470e-06 1.506800056e-05 5.382127756e-06 3.070583983e-06 8.036052141e-06
3.93110e+03 3.363687057e-06 1.246528071e-05 4.575094287e-06 2.643835466e-06 6.764637452e-06
3.93200e+03 2.843589915e-06 1.005691415e-05 3.826298150e-06 2.261865525e-06 5.589830237e-06
3.93290e+03 2.438771675e-06 8.181823976e-06 3.241770321e-06 1.977570191e-06 4.685313947e-06
3.93380e+03 2.313899310e-06 7.555157212e-06 3.063781476e-06 1.888740158e-06 4.414715151e-06
3.93470e+03 2.529440526e-06 8.575878181e-06 3.390601649e-06 2.025759179e-06 4.940115055e-06
3.93560e+03 3.064764088e-06 1.097698183e-05 4.164131659e-06 2.405392953e-06 6.143825293e-06
3.93650e+03 3.834616705e-06 1.411758241e-05 5.230182999e-06 2.991712214e-06 7.753049210e-06
3.93740e+03 4.727716587e-06 1.750951652e-05 6.446370566e-06 3.691073969e-06 9.561913847e-06
3.93830e+03 5.741582911e-06 2.121244682e-05 7.832634478e-06 4.482579546e-06 1.160437854e-05
3.93920e+03 6.749805931e-06 2.493014347e-05 9.224046479e-06 5.260010321e-06 1.364405589e-05
3.94010e+03 7.376790493e-06 2.746651358e-05 1.011717267e-05 5.733595562e-06 1.498713234e-05
3.94100e+03 7.577271416e-06 2.846395273e-05 1.044135591e-05 5.873217681e-06 1.551810760e-05
3.94190e+03 7.617374486e-06 2.874576832e-05 1.053191845e-05 5.890172741e-06 1.567922981e-05
3.94280e+03 7.352703237e-06 2.822759156e-05 1.021060727e-05 5.666173975e-06 1.528187579e-05
3.94370e+03 6.922136234e-06 2.735508140e-05 9.680265202e-06 5.304333020e-06 1.462973172e-05
3.94460e+03 7.386034565e-06 2.877861623e-05 1.031067799e-05 5.652210283e-06 1.552540449e-05
3.94550e+03 8.932285151e-06 3.290251342e-05 1.231531598e-05 6.890105797e-06 1.821708108e-05
3.94640e+03 1.011288336e-05 3.579851652e-05 1.380888061e-05 7.873890417e-06 2.015810080e-05
3.94730e+03 1.006691667e-05 3.520078138e-05 1.369003481e-05 7.876222584e-06 1.990020070e-05
3.94820e+03 9.738138935e-06 3.399535453e-05 1.323682894e-05 7.616182847e-06 1.924166345e-05
3.94910e+03 1.022904299e-05 3.516664557e-05 1.388721392e-05 7.998828375e-06 2.010468404e-05
3.95000e+03 1.129190755e-05 3.782295043e-05 1.525309996e-05 8.864929463e-06 2.189821440e-05
3.95090e+03 1.178384791e-05 3.895835099e-05 1.584652493e-05 9.291708083e-06 2.264067505e-05
3.95180e+03 1.116349501e-05 3.731178106e-05 1.502083542e-05 8.812446240e-06 2.153030458e-05
3.95270e+03 1.051265466e-05 3.575798500e-05 1.418946600e-05 8.288325440e-06 2.046410535e-05
3.95360e+03 1.109652313e-05 3.732140484e-05 1.494122624e-05 8.758362871e-06 2.147254803e-05
3.95450e+03 1.194771761e-05 3.934019809e-05 1.601006273e-05 9.464757309e-06 2.284382908e-05
3.95540e+03 1.153104675e-05 3.790279477e-05 1.544042557e-05 9.142376336e-06 2.201288698e-05
3.95630e+03 1.050357020e-05 3.506534401e-05 1.413132727e-05 8.285560930e-06 2.025038485e-05
3.95720e+03 1.026099278e-05 3.476052641e-05 1.389221460e-05 8.042282331e-06 2.001630648e-05
3.95810e+03 1.081743325e-05 3.674369241e-05 1.468079319e-05 8.458957710e-06 2.118039487e-05
3.95900e+03 1.121155108e-05 3.811661580e-05 1.521179101e-05 8.772344014e-06 2.193882458e-05
3.95990e+03 1.044126730e-05 3.629626999e-05 1.420719715e-05 8.161472542e-06 2.060288025e-05
3.96080e+03 8.456624007e-06 3.121307080e-05 1.163846028e-05 6.567969826e-06 1.718559301e-05
3.96170e+03 6.704690775e-06 2.643042148e-05 9.363341361e-06 5.153807466e-06 1.412534015e-05
3.96260e+03 6.242298742e-06 2.464197177e-05 8.717365240e-06 4.790113856e-06 1.316003229e-05
3.96350e+03 6.407685109e-06 2.423887065e-05 8.842915698e-06 4.960378195e-06 1.316687249e-05
3.96440e+03 6.185730919e-06 2.270669133e-05 8.446777581e-06 4.838756392e-06 1.244883801e-05
3.96530e+03 5.356824848e-06 1.943040427e-05 7.261927341e-06 4.224203581e-06 1.065049974e-05
3.96620e+03 4.227228449e-06 1.520228785e-05 5.700615976e-06 3.352789757e-06 8.339770230e-06
3.96710e+03 3.221728724e-06 1.132431095e-05 4.317969262e-06 2.577033718e-06 6.287324450e-06
3.96800e+03 2.636680509e-06 8.857812432e-06 3.503162160e-06 2.136026822e-06 5.055597706e-06
3.96890e+03 2.597039027e-06 8.514021158e-06 3.448620221e-06 2.103639967e-06 4.963671850e-06
3.96980e+03 3.102659096e-06 1.038003849e-05 4.157929305e-06 2.474063147e-06 6.019751737e-06
3.97070e+03 3.986216728e-06 1.370331867e-05 5.380889495e-06 3.142908415e-06 7.834256950e-06
3.97160e+03 4.969384380e-06 1.739106440e-05 6.739609390e-06 3.901925473e-06 9.848101229e-06
3.97250e+03 5.855587315e-06 2.058264850e-05 7.959034881e-06 4.593396518e-06 1.163273145e-05
3.97340e+03 6.659291751e-06 2.323929839e-05 9.043654910e-06 5.227952069e-06 1.317987907e-05
3.97430e+03 7.602817022e-06 2.612263688e-05 1.029411741e-05 5.979748088e-06 1.492580359e-05
3.97520e+03 8.618151415e-06 2.909681308e-05 1.161867479e-05 6.797169503e-06 1.674941836e-05
3.97610e+03 9.357592606e-06 3.120270724e-05 1.256882445e-05 7.401126797e-06 1.804268233e-05
3.97700e+03 9.992301365e-06 3.299074269e-05 1.339415569e-05 7.913247510e-06 1.916183046e-05
3.97790e+03 1.084102680e-05 3.549697386e-05 1.451895867e-05 8.591109719e-06 2.071794319e-05
3.97880e+03 1.179997851e-05 3.839503486e-05 1.577946799e-05 9.366089496e-06 2.247429835e-05
3.97970e+03 1.261473786e-05 4.070809751e-05 1.682354948e-05 1.003478377e-05 2.388759424e-05
3.98060e+03 1.285729732e-05 4.124207420e-05 1.711690575e-05 1.023980710e-05 2.424259958e-05
3.98150e+03 1.243367949e-05 4.003603002e-05 1.655890040e-05 9.897748785e-06 2.347845537e-05
3.98240e+03 1.200640292e-05 3.897152071e-05 1.600112122e-05 9.547615031e-06 2.274941122e-05
3.98330e+03 1.194379480e-05 3.892969689e-05 1.592230868e-05 9.494975814e-06 2.266588312e-05
3.98420e+03 1.217560183e-05 3.955975112e-05 1.623249961e-05 9.684862936e-06 2.308665412e-05
3.98510e+03 1.258845784e-05 4.046811902e-05 1.675607231e-05 1.003095053e-05 2.375213584e-05
3.98600e+03 1.279232838e-05 4.084682993e-05 1.700146283e-05 1.021656785e-05 2.405463583e-05
3.98690e+03 1.303397098e-05 4.146553984e-05 1.731605787e-05 1.041750960e-05 2.447887251e-05
3.98780e+03 1.372997848e-05 4.326665652e-05 1.821675114e-05 1.097496975e-05 2.566523288e-05
3.98870e+03 1.396604332e-05 4.403063663e-05 1.852590454e-05 1.116511385e-05 2.609396654e-05
3.98960e+03 1.340653042e-05 4.289978809e-05 1.783837672e-05 1.068921646e-05 2.524384068e-05
3.99050e+03 1.322035708e-05 4.264721729e-05 1.764071679e-05 1.050890906e-05 2.503561942e-05
3.99140e+03 1.370057577e-05 4.396240385e-05 1.826409028e-05 1.090728526e-05 2.588343017e-05
3.99230e+03 1.420085831e-05 4.526048857e-05 1.888307695e-05 1.134378144e-05 2.670571508e-05
3.99320e+03 1.434546999e-05 4.563171557e-05 1.904335551e-05 1.148240656e-05 2.690915372e-05
3.99410e+03 1.406181160e-05 4.492795432e-05 1.866822876e-05 1.125653783e-05 2.640616768e-05
3.99500e+03 1.364444528e-05 4.371579701e-05 1.812761295e-05 1.091211533e-05 2.565892830e-05
3.99590e+03 1.322200160e-05 4.230917538e-05 1.757081837e-05 1.056859580e-05 2.485156506e-05
3.99680e+03 1.267355336e-05 4.065635325e-05 1.684476137e-05 1.012298792e-05 2.384022648e-05
3.99770e+03 1.246070139e-05 4.015842354e-05 1.658499997e-05 9.933392897e-06 2.351875924e-05
3.99860e+03 1.329723129e-05 4.254208672e-05 1.769664278e-05 1.059369808e-05 2.504325897e-05
3.99950e+03 1.461101151e-05 4.608451032e-05 1.938569550e-05 1.167764149e-05 2.730652156e-05
4.00040e+03 1.512446614e-05 4.746907154e-05 2.001438048e-05 1.213441215e-05 2.813798081e-05
4.00130e+03 1.506225018e-05 4.721199471e-05 1.989910614e-05 1.210094280e-05 2.795186349e-05
4.00220e+03 1.540280562e-05 4.788804220e-05 2.031219393e-05 1.238181320e-05 2.846068828e-05
4.00310e+03 1.570354171e-05 4.853288103e-05 2.067581826e-05 1.263852993e-05 2.891378065e-05
4.00400e+03 1.462347976e-05 4.569978963e-05 1.927105328e-05 1.176353073e-05 2.702626676e-05
4.00490e+03 1.241726631e-05 4.013407153e-05 1.648050224e-05 9.942909380e-06 2.336878534e-05
4.00580e+03 1.133809595e-05 3.756275806e-05 1.516528666e-05 9.019671988e-06 2.169352518e-05
4.00670e+03 1.229657666e-05 4.019052621e-05 1.641530081e-05 9.781905759e-06 2.338230215e-05
4.00760e+03 1.388848235e-05 4.435497202e-05 1.843886448e-05 1.109314242e-05 2.606832237e-05
4.00850e+03 1.478382955e-05 4.661556166e-05 1.956667467e-05 1.184978770e-05 2.755281260e-05
4.00940e+03 1.492093618e-05 4.688595932e-05 1.972878291e-05 1.198580382e-05 2.775736250e-05
4.01030e+03 1.493569142e-05 4.679740256e-05 1.972424667e-05 1.200881706e-05 2.772803742e-05
4.01120e+03 1.500705178e-05 4.686307237e-05 1.979749639e-05 1.207433833e-05 2.780572885e-05
4.01210e+03 1.509811196e-05 4.700048909e-05 1.991838933e-05 1.215153739e-05 2.794854470e-05
4.01300e+03 1.520937305e-05 4.722892336e-05 2.006797712e-05 1.224353231e-05 2.813068122e-05
4.01390e+03 1.526802385e-05 4.744104132e-05 2.014951151e-05 1.229679369e-05 2.825948329e-05
4.01480e+03 1.558625664e-05 4.825494808e-05 2.054011514e-05 1.256129384e-05 2.877688272e-05
4.01570e+03 1.587988888e-05 4.890090797e-05 2.088502313e-05 1.280850408e-05 2.919347669e-05
4.01660e+03 1.537634068e-05 4.762366467e-05 2.024676989e-05 1.239784592e-05 2.834495127e-05
4.01750e+03 1.476930278e-05 4.620768295e-05 1.950930446e-05 1.188483106e-05 2.741346511e-05
4.01840e+03 1.524029615e-05 4.758948799e-05 2.014077319e-05 1.224633193e-05 2.829576292e-05
4.01930e+03 1.604844504e-05 4.998752858e-05 2.118717782e-05 1.290301314e-05 2.973762390e-05
4.02020e+03 1.600086097e-05 5.016767278e-05 2.113044904e-05 1.287190813e-05 2.970986470e-05
4.02110e+03 1.552961561e-05 4.893672705e-05 2.053613562e-05 1.248124055e-05 2.892443723e-05
4.02200e+03 1.540073506e-05 4.832450622e-05 2.036410074e-05 1.237248521e-05 2.865013655e-05
4.02290e+03 1.542166220e-05 4.808963917e-05 2.036084710e-05 1.239814045e-05 2.858111574e-05
4.02380e+03 1.504827204e-05 4.695190337e-05 1.986440356e-05 1.209939051e-05 2.788769222e-05
4.02470e+03 1.463238704e-05 4.595622243e-05 1.935141239e-05 1.175173582e-05 2.724363826e-05
4.02560e+03 1.498876036e-05 4.725883921e-05 1.984203649e-05 1.202489551e-05 2.797976596e-05
4.02650e+03 1.581178741e-05 4.978441818e-05 2.091772568e-05 1.268835600e-05 2.947589670e-05
4.02740e+03 1.653531829e-05 5.149008426e-05 2.181538946e-05 1.330005275e-05 3.061839813e-05
4.02830e+03 1.686810075e-05 5.173753935e-05 2.216503906e-05 1.361021487e-05 3.093519779e-05
4.02920e+03 1.601010869e-05 4.923262670e-05 2.104702430e-05 1.291109757e-05 2.937895329e-05
4.03010e+03 1.388605176e-05 4.401958631e-05 1.840473990e-05 1.111881730e-05 2.594672235e-05
4.03100e+03 1.220574323e-05 4.006680365e-05 1.634376448e-05 9.679130919e-06 2.331452887e-05
4.03190e+03 1.177052998e-05 3.921638885e-05 1.583457382e-05 9.288364268e-06 2.269952688e-05
4.03280e+03 1.163997418e-05 3.938201238e-05 1.571848525e-05 9.163583320e-06 2.264864278e-05
4.03370e+03 1.171074113e-05 4.013531404e-05 1.586647549e-05 9.196279098e-06 2.295799810e-05
4.03460e+03 1.239840613e-05 4.198007231e-05 1.674802305e-05 9.760467468e-06 2.414267086e-05
4.03550e+03 1.370611684e-05 4.493424807e-05 1.834952505e-05 1.088174237e-05 2.618795984e-05
4.03640e+03 1.540762494e-05 4.875225122e-05 2.043043123e-05 1.233996637e-05 2.883230229e-05
4.03730e+03 1.679752217e-05 5.190361623e-05 2.213943755e-05 1.353064500e-05 3.100948472e-05
4.03820e+03 1.722130940e-05 5.281155595e-05 2.264707791e-05 1.390615629e-05 3.164466900e-05
4.03910e+03 1.672736952e-05 5.147900909e-05 2.200445188e-05 1.350333086e-05 3.077489284e-05
4.04000e+03 1.584683648e-05 4.914513465e-05 2.087351223e-05 1.277129898e-05 2.925782230e-05
4.04090e+03 1.539500548e-05 4.795641839e-05 2.031088110e-05 1.238608779e-05 2.852806126e-05
4.04180e+03 1.583304916e-05 4.920945025e-05 2.090756215e-05 1.272357762e-05 2.935573032e-05
4.04270e+03 1.605970599e-05 5.008043218e-05 2.122378336e-05 1.289209529e-05 2.980515544e-05
4.04360e+03 1.451641222e-05 4.646689578e-05 1.927166089e-05 1.161163347e-05 2.725486113e-05
4.04450e+03 1.153610709e-05 3.914637839e-05 1.550476484e-05 9.138737983e-06 2.232277971e-05
4.04540e+03 9.234378098e-06 3.371339168e-05 1.265015308e-05 7.198889622e-06 1.866632312e-05
4.04630e+03 9.670398017e-06 3.550425285e-05 1.334068891e-05 7.481137055e-06 1.975832479e-05
4.04720e+03 1.236921163e-05 4.264252014e-05 1.684163846e-05 9.666976913e-06 2.444088101e-05
4.04810e+03 1.470732874e-05 4.799263906e-05 1.971730088e-05 1.166197331e-05 2.809824982e-05
4.04900e+03 1.570464780e-05 4.965304342e-05 2.083484189e-05 1.258171698e-05 2.938697944e-05
4.04990e+03 1.631240098e-05 5.055737805e-05 2.149703066e-05 1.313812559e-05 3.012702586e-05
4.05080e+03 1.665325972e-05 5.097908103e-05 2.185202464e-05 1.345349606e-05 3.049921373e-05
4.05170e+03 1.624015926e-05 4.963033065e-05 2.128358878e-05 1.314381638e-05 2.968448118e-05
4.05260e+03 1.553171366e-05 4.759795218e-05 2.037379431e-05 1.256868644e-05 2.844087186e-05
4.05350e+03 1.499125364e-05 4.605477865e-05 1.969728073e-05 1.211283461e-05 2.752407875e-05
4.05440e+03 1.440044534e-05 4.467441244e-05 1.898164518e-05 1.160644232e-05 2.661834939e-05
4.05530e+03 1.406579922e-05 4.415555989e-05 1.859755113e-05 1.131101292e-05 2.618755851e-05
4.05620e+03 1.402922638e-05 4.422918273e-05 1.855693420e-05 1.127773299e-05 2.615725950e-05
4.05710e+03 1.344605194e-05 4.279342922e-05 1.781091295e-05 1.079875611e-05 2.517215644e-05
4.05800e+03 1.280045409e-05 4.133604951e-05 1.702718403e-05 1.024104086e-05 2.418124542e-05
4.05890e+03 1.331395910e-05 4.293789784e-05 1.773501800e-05 1.062839613e-05 2.518410203e-05
4.05980e+03 1.469763785e-05 4.660311355e-05 1.950321123e-05 1.176422533e-05 2.754045969e-05
4.06070e+03 1.553246800e-05 4.871340827e-05 2.053811810e-05 1.247125631e-05 2.888540699e-05
4.06160e+03 1.470077068e-05 4.671340425e-05 1.947754681e-05 1.178690270e-05 2.749064708e-05
4.06250e+03 1.238566089e-05 4.119119176e-05 1.657366610e-05 9.844613217e-06 2.371931945e-05
4.06340e+03 1.045727145e-05 3.682186495e-05 1.419541764e-05 8.204067145e-06 2.070142747e-05
4.06430e+03 1.091977385e-05 3.827071262e-05 1.483770776e-05 8.547816304e-06 2.162399907e-05
4.06520e+03 1.284006519e-05 4.285583940e-05 1.724482494e-05 1.015467235e-05 2.472972630e-05
4.06610e+03 1.370583423e-05 4.443679267e-05 1.825671487e-05 1.093575891e-05 2.592711145e-05
4.06700e+03 1.359996333e-05 4.364687818e-05 1.807089814e-05 1.087827312e-05 2.559483633e-05
4.06790e+03 1.429085359e-05 4.525560599e-05 1.895481220e-05 1.143547098e-05 2.675359514e-05
4.06880e+03 1.570072041e-05 4.891499658e-05 2.075690257e-05 1.259901922e-05 2.914118645e-05
4.06970e+03 1.597152953e-05 4.970896160e-05 2.110063912e-05 1.283437992e-05 2.958448462e-05
4.07060e+03 1.418570440e-05 4.554799730e-05 1.887221472e-05 1.134245026e-05 2.670560272e-05
4.07150e+03 1.218473642e-05 4.103802244e-05 1.641337804e-05 9.637205148e-06 2.359901575e-05
4.07240e+03 1.258214710e-05 4.206109266e-05 1.695131857e-05 9.928000227e-06 2.433755016e-05
4.07330e+03 1.465444561e-05 4.665178205e-05 1.951121867e-05 1.167625847e-05 2.757847606e-05
4.07420e+03 1.570564544e-05 4.868267851e-05 2.073923575e-05 1.261671286e-05 2.904894788e-05
4.07510e+03 1.498669814e-05 4.652698668e-05 1.974682764e-05 1.206359887e-05 2.765488127e-05
4.07600e+03 1.329629623e-05 4.190783068e-05 1.754645806e-05 1.068094988e-05 2.468353639e-05
4.07690e+03 1.179345321e-05 3.769581660e-05 1.561274083e-05 9.441984899e-06 2.207527618e-05
4.07780e+03 1.166090056e-05 3.715199202e-05 1.546172860e-05 9.318822723e-06 2.186294857e-05
4.07870e+03 1.292823668e-05 4.045531080e-05 1.711102304e-05 1.035583528e-05 2.406319408e-05
4.07960e+03 1.472968039e-05 4.511089753e-05 1.940380175e-05 1.185980081e-05 2.710125581e-05
4.08050e+03 1.644629557e-05 4.934887614e-05 2.154404793e-05 1.330663192e-05 2.989335145e-05
4.08140e+03 1.728479170e-05 5.137363920e-05 2.257909615e-05 1.402077328e-05 3.122747161e-05
4.08230e+03 1.673656583e-05 4.999955802e-05 2.186927284e-05 1.357575395e-05 3.028826548e-05
4.08320e+03 1.560556005e-05 4.717103991e-05 2.042620922e-05 1.264021146e-05 2.838865929e-05
4.08410e+03 1.489803462e-05 4.543782504e-05 1.954812105e-05 1.204913440e-05 2.724086433e-05
4.08500e+03 1.482260164e-05 4.528668068e-05 1.947866827e-05 1.198045453e-05 2.717409655e-05
4.08590e+03 1.539215940e-05 4.658250137e-05 2.019725841e-05 1.245476018e-05 2.811491658e-05
4.08680e+03 1.655978001e-05 4.916703713e-05 2.163150743e-05 1.344061477e-05 2.993355078e-05
4.08770e+03 1.779529891e-05 5.183106438e-05 2.312716850e-05 1.449609818e-05 3.180278732e-05
4.08860e+03 1.834702338e-05 5.295431675e-05 2.378133577e-05 1.498560390e-05 3.261030024e-05
4.08950e+03 1.803622400e-05 5.221853299e-05 2.338870089e-05 1.473362510e-05 3.210630409e-05
4.09040e+03 1.738535629e-05 5.077225726e-05 2.258080741e-05 1.417172770e-05 3.107453525e-05
4.09130e+03 1.676618411e-05 4.930230893e-05 2.180721999e-05 1.363969156e-05 3.007059837e-05
4.09220e+03 1.631211277e-05 4.816870160e-05 2.125493610e-05 1.325856209e-05 2.936361637e-05
4.09310e+03 1.654984917e-05 4.856612771e-05 2.155636387e-05 1.345909442e-05 2.973574291e-05
4.09400e+03 1.683095820e-05 4.894235291e-05 2.186775751e-05 1.370593515e-05 3.007153117e-05
4.09490e+03 1.587244513e-05 4.660853128e-05 2.066192339e-05 1.290816504e-05 2.849946591e-05
4.09580e+03 1.444339538e-05 4.325324586e-05 1.891670675e-05 1.168582107e-05 2.626521799e-05
4.09670e+03 1.386482313e-05 4.162356045e-05 1.819988229e-05 1.118615162e-05 2.529794213e-05
4.09760e+03 1.406780477e-05 4.146097380e-05 1.838085862e-05 1.138528754e-05 2.539866956e-05
4.09850e+03 1.429091628e-05 4.115515414e-05 1.857215487e-05 1.162632738e-05 2.547142754e-05
4.09940e+03 1.389209339e-05 3.924943943e-05 1.798591114e-05 1.134943450e-05 2.451111413e-05
4.10030e+03 1.253097347e-05 3.476720413e-05 1.614322379e-05 1.027981026e-05 2.187066772e-05
4.10120e+03 1.114183297e-05 3.019817967e-05 1.426211842e-05 9.185173711e-06 1.919819241e-05
4.10210e+03 1.123527426e-05 3.000963713e-05 1.436092123e-05 9.272013917e-06 1.927545633e-05
4.10300e+03 1.254971005e-05 3.403561415e-05 1.612251751e-05 1.030916579e-05 2.175838640e-05
4.10390e+03 1.369678907e-05 3.840784438e-05 1.773003762e-05 1.118599318e-05 2.417428212e-05
4.10480e+03 1.452686358e-05 4.170561216e-05 1.890629037e-05 1.181184412e-05 2.595052273e-05
4.10570e+03 1.547485700e-05 4.449374396e-05 2.014819642e-05 1.257281720e-05 2.764530667e-05
4.10660e+03 1.609532468e-05 4.614894166e-05 2.093386455e-05 1.308679042e-05 2.868522027e-05
4.10750e+03 1.607611424e-05 4.641083716e-05 2.092943481e-05 1.306253785e-05 2.873166275e-05
4.10840e+03 1.572911620e-05 4.597591335e-05 2.051882844e-05 1.275727684e-05 2.826299270e-05
4.10930e+03 1.523454527e-05 4.520197856e-05 1.992966677e-05 1.232669771e-05 2.757706562e-05
4.11020e+03 1.476763396e-05 4.456064989e-05 1.939783515e-05 1.191122287e-05 2.699174844e-05
4.11110e+03 1.457370494e-05 4.458253029e-05 1.921101043e-05 1.171864355e-05 2.684976603e-05
4.11200e+03 1.477195383e-05 4.537526180e-05 1.950068094e-05 1.186540259e-05 2.729865732e-05
4.11290e+03 1.546190300e-05 4.703670759e-05 2.036700476e-05 1.244084434e-05 2.842324170e-05
4.11380e+03 1.620487882e-05 4.874662816e-05 2.127176804e-05 1.306875764e-05 2.956283447e-05
4.11470e+03 1.651852423e-05 4.970095296e-05 2.167978565e-05 1.332593331e-05 3.012490855e-05
4.11560e+03 1.666241891e-05 5.051692101e-05 2.191767472e-05 1.342428087e-05 3.053508622e-05
4.11650e+03 1.677820822e-05 5.097698474e-05 2.206543097e-05 1.351463176e-05 3.074926344e-05
4.11740e+03 1.628341311e-05 4.946114299e-05 2.137315753e-05 1.312755918e-05 2.975579490e-05
4.11830e+03 1.508472651e-05 4.624124991e-05 1.982222220e-05 1.215074834e-05 2.767471455e-05
4.11920e+03 1.450109728e-05 4.485665802e-05 1.911616922e-05 1.165618700e-05 2.677887517e-05
4.12010e+03 1.512376009e-05 4.644386711e-05 1.993748184e-05 1.215487398e-05 2.786759116e-05
4.12100e+03 1.568202629e-05 4.774526777e-05 2.063002748e-05 1.262188575e-05 2.875558597e-05
4.12190e+03 1.551055643e-05 4.721243267e-05 2.038671596e-05 1.249382761e-05 2.842267407e-05
4.12280e+03 1.524391326e-05 4.654454516e-05 2.005739270e-05 1.227483022e-05 2.800621686e-05
4.12370e+03 1.557380848e-05 4.743307765e-05 2.047565220e-05 1.255018484e-05 2.856268808e-05
4.12460e+03 1.631992988e-05 4.920702158e-05 2.138442020e-05 1.319245165e-05 2.971487473e-05
4.12550e+03 1.650220620e-05 4.955384109e-05 2.158033951e-05 1.337229241e-05 2.993533663e-05
4.12640e+03 1.596513992e-05 4.821127076e-05 2.089717612e-05 1.292756748e-05 2.902861121e-05
4.12730e+03 1.532627637e-05 4.660367904e-05 2.010274231e-05 1.238275017e-05 2.797970045e-05
4.12820e+03 1.501333707e-05 4.590748614e-05 1.973299245e-05 1.211068779e-05 2.752700774e-05
4.12910e+03 1.503851657e-05 4.632579475e-05 1.981272209e-05 1.211084852e-05 2.771775608e-05
4.13000e+03 1.498152985e-05 4.663522081e-05 1.978820772e-05 1.203962090e-05 2.777002292e-05
4.13090e+03 1.436137202e-05 4.536946622e-05 1.902949888e-05 1.150057761e-05 2.681222760e-05
4.13180e+03 1.318675178e-05 4.261349019e-05 1.756633831e-05 1.050594831e-05 2.492123297e-05
4.13270e+03 1.255723309e-05 4.109501599e-05 1.678541062e-05 9.970342495e-06 2.391249626e-05
4.13360e+03 1.286955927e-05 4.193503015e-05 1.718514208e-05 1.022587752e-05 2.445284951e-05
4.13450e+03 1.373237398e-05 4.422905366e-05 1.828311621e-05 1.094959181e-05 2.592930241e-05
4.13540e+03 1.516190759e-05 4.766332358e-05 2.006290854e-05 1.214860879e-05 2.823692321e-05
4.13630e+03 1.618731637e-05 4.986838740e-05 2.130091020e-05 1.302429773e-05 2.978356056e-05
4.13720e+03 1.624994388e-05 4.993507694e-05 2.135863657e-05 1.309062761e-05 2.984329578e-05
4.13810e+03 1.632407881e-05 5.037734137e-05 2.148194135e-05 1.313961814e-05 3.006139279e-05
4.13900e+03 1.663909157e-05 5.147950258e-05 2.190918737e-05 1.338745234e-05 3.068303614e-05
4.13990e+03 1.675076528e-05 5.188673086e-05 2.205938253e-05 1.348142529e-05 3.090051515e-05
4.14080e+03 1.641073163e-05 5.101789289e-05 2.163225538e-05 1.320194693e-05 3.032809185e-05
4.14170e+03 1.500727102e-05 4.767151913e-05 1.988790419e-05 1.201992089e-05 2.806278622e-05
4.14260e+03 1.267411056e-05 4.227146040e-05 1.700995906e-05 1.003834339e-05 2.437988950e-05
4.14350e+03 1.121701338e-05 3.904579698e-05 1.523768132e-05 8.781868606e-06 2.216411688e-05
4.14440e+03 1.202439383e-05 4.113546640e-05 1.628954304e-05 9.430056657e-06 2.358260197e-05
4.14530e+03 1.398369357e-05 4.572554504e-05 1.872958464e-05 1.108328756e-05 2.671728927e-05
4.14620e+03 1.524620460e-05 4.842159648e-05 2.023900748e-05 1.219006003e-05 2.858522663e-05
4.14710e+03 1.561505055e-05 4.892649265e-05 2.063278308e-05 1.253184866e-05 2.900861478e-05
4.14800e+03 1.552496515e-05 4.845731471e-05 2.048695941e-05 1.246460648e-05 2.877422072e-05
4.14890e+03 1.499935861e-05 4.715958806e-05 1.982611585e-05 1.203084647e-05 2.791638457e-05
4.14980e+03 1.443784084e-05 4.591915753e-05 1.914903204e-05 1.155671887e-05 2.707079376e-05
4.15070e+03 1.440528804e-05 4.594360647e-05 1.913944613e-05 1.151497461e-05 2.709283277e-05
4.15160e+03 1.456911424e-05 4.635400810e-05 1.934452297e-05 1.165168096e-05 2.736122026e-05
4.15250e+03 1.454734441e-05 4.619095122e-05 1.928117596e-05 1.164398918e-05 2.723962436e-05
4.15340e+03 1.427315981e-05 4.530249815e-05 1.888909106e-05 1.143496575e-05 2.666470866e-05
4.15430e+03 1.393057334e-05 4.423044660e-05 1.844275849e-05 1.116855400e-05 2.603332939e-05
4.15520e+03 1.394133704e-05 4.404198523e-05 1.845888580e-05 1.118178906e-05 2.602170691e-05
4.15610e+03 1.396810485e-05 4.400774055e-05 1.848700912e-05 1.121678347e-05 2.605376748e-05
4.15700e+03 1.410959864e-05 4.438406769e-05 1.865281101e-05 1.134242146e-05 2.628339649e-05
4.15790e+03 1.486191952e-05 4.627150382e-05 1.959106887e-05 1.196542222e-05 2.751153929e-05
4.15880e+03 1.576009396e-05 4.843678043e-05 2.071240644e-05 1.271865402e-05 2.895630783e-05
4.15970e+03 1.616248957e-05 4.931846221e-05 2.120271240e-05 1.306645043e-05 2.957277131e-05
4.16060e+03 1.611309715e-05 4.904909786e-05 2.111338307e-05 1.304138772e-05 2.943431896e-05
4.16150e+03 1.636239812e-05 4.953461162e-05 2.140776870e-05 1.325824271e-05 2.980219883e-05
4.16240e+03 1.709709119e-05 5.138382966e-05 2.232730081e-05 1.387219968e-05 3.101288085e-05
4.16330e+03 1.726549341e-05 5.212983497e-05 2.256579992e-05 1.400781315e-05 3.138710185e-05
4.16420e+03 1.664814994e-05 5.114907621e-05 2.185204551e-05 1.346021326e-05 3.056045959e-05
4.16510e+03 1.610613792e-05 5.013772723e-05 2.122046791e-05 1.296944738e-05 2.979327584e-05
4.16600e+03 1.565670737e-05 4.886622515e-05 2.064272427e-05 1.259656588e-05 2.900225274e-05
4.16690e+03 1.490390566e-05 4.670770496e-05 1.965923281e-05 1.199737693e-05 2.766675173e-05
4.16780e+03 1.463641780e-05 4.597828935e-05 1.932637224e-05 1.178053834e-05 2.723063825e-05
4.16870e+03 1.541481604e-05 4.795583103e-05 2.032471080e-05 1.241902099e-05 2.854398286e-05
4.16960e+03 1.621485524e-05 4.975156974e-05 2.130401558e-05 1.310488201e-05 2.976896395e-05
4.17050e+03 1.605841394e-05 4.871235276e-05 2.101294712e-05 1.301739308e-05 2.922860057e-05
4.17140e+03 1.469419197e-05 4.474682257e-05 1.922747869e-05 1.190561288e-05 2.676859146e-05
4.17230e+03 1.302818841e-05 4.049657216e-05 1.713743454e-05 1.050802818e-05 2.403147458e-05
4.17320e+03 1.253868817e-05 3.940823404e-05 1.656808280e-05 1.007764228e-05 2.333990625e-05
4.17410e+03 1.325978709e-05 4.155148888e-05 1.752664806e-05 1.065598410e-05 2.467516815e-05
4.17500e+03 1.409738141e-05 4.418215174e-05 1.862410709e-05 1.133359773e-05 2.620895507e-05
4.17590e+03 1.447137657e-05 4.531784531e-05 1.910226626e-05 1.163689612e-05 2.686090046e-05
4.17680e+03 1.432506384e-05 4.466621581e-05 1.888093448e-05 1.153097190e-05 2.651085896e-05
4.17770e+03 1.410737769e-05 4.371918372e-05 1.857087350e-05 1.137662508e-05 2.604063452e-05
4.17860e+03 1.451505377e-05 4.452118662e-05 1.907078544e-05 1.172749426e-05 2.667733096e-05
4.17950e+03 1.521966902e-05 4.665145768e-05 2.000068878e-05 1.230128800e-05 2.798644850e-05
4.18040e+03 1.532056461e-05 4.755418575e-05 2.019560657e-05 1.235672654e-05 2.836135482e-05
4.18130e+03 1.469748799e-05 4.619657443e-05 1.941607449e-05 1.183202262e-05 2.734990771e-05
4.18220e+03 1.425860548e-05 4.479166830e-05 1.881322670e-05 1.148381227e-05 2.648046084e-05
4.18310e+03 1.460841452e-05 4.523667311e-05 1.921613576e-05 1.179576702e-05 2.692537835e-05
4.18400e+03 1.548302670e-05 4.715914936e-05 2.030593392e-05 1.254446827e-05 2.830768190e-05
4.18490e+03 1.635515756e-05 4.942979235e-05 2.141872588e-05 1.326185883e-05 2.977329217e-05
4.18580e+03 1.608797186e-05 4.934052750e-05 2.112962604e-05 1.301176503e-05 2.948265473e-05
4.18670e+03 1.445344705e-05 4.585857397e-05 1.910785282e-05 1.163097863e-05 2.693863020e-05
4.18760e+03 1.343317261e-05 4.332893829e-05 1.782110647e-05 1.077152215e-05 2.527165381e-05
4.18850e+03 1.427182528e-05 4.511679631e-05 1.885948411e-05 1.146825305e-05 2.659213641e-05
4.18940e+03 1.556021471e-05 4.830791432e-05 2.048250038e-05 1.254206751e-05 2.871376518e-05
4.19030e+03 1.574093927e-05 4.897724641e-05 2.073013993e-05 1.268404107e-05 2.907021315e-05
4.19120e+03 1.525561111e-05 4.789218572e-05 2.015367852e-05 1.226646772e-05 2.835375283e-05
4.19210e+03 1.564737068e-05 4.887645707e-05 2.067041912e-05 1.258485066e-05 2.905019634e-05
4.19300e+03 1.678612404e-05 5.167434118e-05 2.208268077e-05 1.353880318e-05 3.088252696e-05
4.19390e+03 1.690932873e-05 5.200370209e-05 2.219796152e-05 1.366123874e-05 3.101279217e-05
4.19480e+03 1.564031313e-05 4.886603107e-05 2.058860322e-05 1.261567735e-05 2.890369120e-05
4.19570e+03 1.425113072e-05 4.550672933e-05 1.888827430e-05 1.144100462e-05 2.672224851e-05
4.19660e+03 1.359735956e-05 4.399644686e-05 1.811321624e-05 1.086528776e-05 2.573822840e-05
4.19750e+03 1.319698704e-05 4.275890684e-05 1.757769087e-05 1.053633221e-05 2.496989355e-05
4.19840e+03 1.283092311e-05 4.146700358e-05 1.706849707e-05 1.025560069e-05 2.421820536e-05
4.19930e+03 1.319411375e-05 4.242204769e-05 1.754617124e-05 1.054239864e-05 2.485365960e-05
4.20020e+03 1.376545145e-05 4.430043041e-05 1.830764627e-05 1.099282296e-05 2.593004484e-05
4.20110e+03 1.345976795e-05 4.386513315e-05 1.793611345e-05 1.073414776e-05 2.550117380e-05
4.20200e+03 1.302629191e-05 4.274098945e-05 1.740096741e-05 1.037286940e-05 2.480980961e-05
4.20290e+03 1.365216489e-05 4.391951635e-05 1.817554760e-05 1.089872017e-05 2.576175013e-05
4.20380e+03 1.468801141e-05 4.595199676e-05 1.942209315e-05 1.178667654e-05 2.728918936e-05
4.20470e+03 1.529461506e-05 4.702260409e-05 2.012168548e-05 1.232961373e-05 2.812717354e-05
4.20560e+03 1.582977794e-05 4.813726567e-05 2.075030016e-05 1.280017383e-05 2.890691934e-05
4.20650e+03 1.640220409e-05 4.956262884e-05 2.145449183e-05 1.328615426e-05 2.982166722e-05
4.20740e+03 1.686487156e-05 5.073956719e-05 2.203861913e-05 1.367167530e-05 3.059010762e-05
4.20830e+03 1.702261660e-05 5.110679771e-05 2.224652475e-05 1.379352529e-05 3.085834046e-05
4.20920e+03 1.649629050e-05 5.009102051e-05 2.162872506e-05 1.333737482e-05 3.010410236e-05
4.21010e+03 1.583651108e-05 4.895100930e-05 2.085410010e-05 1.276221182e-05 2.919138702e-05
4.21100e+03 1.599232834e-05 4.959672806e-05 2.108218223e-05 1.287432187e-05 2.955699921e-05
4.21190e+03 1.665089690e-05 5.127363618e-05 2.191519824e-05 1.342243949e-05 3.066257857e-05
4.21280e+03 1.675574353e-05 5.167763880e-05 2.205579102e-05 1.350488848e-05 3.087192074e-05
4.21370e+03 1.595177641e-05 4.986864051e-05 2.105822773e-05 1.281248468e-05 2.959651062e-05
4.21460e+03 1.446989702e-05 4.612793048e-05 1.918083705e-05 1.156823212e-05 2.711977020e-05
4.21550e+03 1.335792818e-05 4.310200252e-05 1.775392645e-05 1.066001988e-05 2.519846217e-05
4.21640e+03 1.410061336e-05 4.470200947e-05 1.868232748e-05 1.130119656e-05 2.635567649e-05
4.21730e+03 1.603403707e-05 4.936380767e-05 2.111016872e-05 1.293603825e-05 2.947911828e-05
4.21820e+03 1.726303039e-05 5.228035934e-05 2.262587950e-05 1.399150500e-05 3.141470445e-05
4.21910e+03 1.760233679e-05 5.284177088e-05 2.301776775e-05 1.429009165e-05 3.187533855e-05
4.22000e+03 1.785991595e-05 5.327965287e-05 2.333962919e-05 1.449277786e-05 3.227632803e-05
4.22090e+03 1.805262992e-05 5.399717619e-05 2.361901596e-05 1.462068808e-05 3.268906165e-05
4.22180e+03 1.743979610e-05 5.303379965e-05 2.290165843e-05 1.407303288e-05 3.184312848e-05
4.22270e+03 1.607524483e-05 5.014398955e-05 2.123643223e-05 1.290242153e-05 2.975504592e-05
4.22360e+03 1.457710816e-05 4.670638012e-05 1.940235228e-05 1.162614354e-05 2.741608630e-05
4.22450e+03 1.283441525e-05 4.244329860e-05 1.723446666e-05 1.015850149e-05 2.459294011e-05
4.22540e+03 1.047499399e-05 3.645081656e-05 1.422753786e-05 8.195051826e-06 2.062502376e-05
4.22630e+03 8.286675534e-06 3.093981755e-05 1.144044620e-05 6.384332738e-06 1.698263335e-05
4.22720e+03 8.433613492e-06 3.156792027e-05 1.170979424e-05 6.475221006e-06 1.743656147e-05
4.22810e+03 1.137102243e-05 3.927751480e-05 1.554128859e-05 8.857724829e-06 2.254948267e-05
4.22900e+03 1.449987885e-05 4.713466305e-05 1.948855661e-05 1.146842651e-05 2.770657460e-05
4.22990e+03 1.620561626e-05 5.108308454e-05 2.154559595e-05 1.295540506e-05 3.031691613e-05
4.23080e+03 1.709142718e-05 5.283584712e-05 2.257157434e-05 1.374841439e-05 3.155103627e-05
4.23170e+03 1.708790699e-05 5.236757441e-05 2.249098104e-05 1.377905247e-05 3.133715374e-05
4.23260e+03 1.603428307e-05 4.932688779e-05 2.110855174e-05 1.291948444e-05 2.945020816e-05
4.23350e+03 1.527558047e-05 4.719138610e-05 2.014838313e-05 1.228218404e-05 2.816842938e-05
4.23440e+03 1.531050875e-05 4.729755705e-05 2.020375236e-05 1.230260322e-05 2.824453235e-05
4.23530e+03 1.485856879e-05 4.648965704e-05 1.963448883e-05 1.194128998e-05 2.754164347e-05
4.23620e+03 1.414367716e-05 4.509359894e-05 1.875195285e-05 1.135861432e-05 2.646240395e-05
4.23710e+03 1.442076718e-05 4.573353346e-05 1.911104089e-05 1.158792885e-05 2.693869741e-05
4.23800e+03 1.509138513e-05 4.687831529e-05 1.990529738e-05 1.216551236e-05 2.787996615e-05
4.23890e+03 1.524311905e-05 4.676417297e-05 2.003518854e-05 1.231996138e-05 2.795094760e-05
4.23980e+03 1.541958736e-05 4.709241614e-05 2.025524211e-05 1.246991019e-05 2.822554286e-05
4.24070e+03 1.625974546e-05 4.933404801e-05 2.134132435e-05 1.315534765e-05 2.968341033e-05
4.24160e+03 1.698623774e-05 5.129734138e-05 2.224635970e-05 1.376631756e-05 3.088541199e-05
4.24250e+03 1.694739740e-05 5.129054216e-05 2.216366117e-05 1.376737522e-05 3.078213885e-05
4.24340e+03 1.728888526e-05 5.199056321e-05 2.256808883e-05 1.407623386e-05 3.127913471e-05
4.24430e+03 1.842249310e-05 5.425935006e-05 2.395635423e-05 1.503482147e-05 3.298083534e-05
4.24520e+03 1.887796115e-05 5.473359698e-05 2.447310519e-05 1.543200852e-05 3.351513144e-05
4.24610e+03 1.799375792e-05 5.224293580e-05 2.332462645e-05 1.470215318e-05 3.194599489e-05
4.24700e+03 1.656556048e-05 4.908328609e-05 2.156191488e-05 1.349509062e-05 2.971959205e-05
4.24790e+03 1.551284178e-05 4.743955200e-05 2.033450901e-05 1.257662356e-05 2.831344994e-05
4.24880e+03 1.480056081e-05 4.662867254e-05 1.952959548e-05 1.193604729e-05 2.744369958e-05
4.24970e+03 1.384639721e-05 4.481123078e-05 1.839968275e-05 1.109619244e-05 2.607587914e-05
4.25060e+03 1.347227949e-05 4.402274321e-05 1.800585022e-05 1.073435170e-05 2.562297204e-05
4.25150e+03 1.468553139e-05 4.686962509e-05 1.957638686e-05 1.171404047e-05 2.768009864e-05
4.25240e+03 1.596898325e-05 4.996237997e-05 2.119494364e-05 1.278315940e-05 2.977545986e-05
4.25330e+03 1.545683811e-05 4.906858152e-05 2.057386757e-05 1.234165067e-05 2.901223156e-05
4.25420e+03 1.397909676e-05 4.593644316e-05 1.875063674e-05 1.108246633e-05 2.672118413e-05
4.25510e+03 1.382058208e-05 4.546676068e-05 1.852361243e-05 1.097108067e-05 2.641391801e-05
4.25600e+03 1.552800728e-05 4.886104435e-05 2.057592127e-05 1.246309838e-05 2.894261973e-05
4.25690e+03 1.730147492e-05 5.225373104e-05 2.268845983e-05 1.401541435e-05 3.150580219e-05
4.25780e+03 1.718303095e-05 5.153878842e-05 2.247091092e-05 1.395871888e-05 3.112336200e-05
4.25870e+03 1.543312656e-05 4.748420945e-05 2.027502590e-05 1.249106187e-05 2.828758112e-05
4.25960e+03 1.352736863e-05 4.315411923e-05 1.791368429e-05 1.087199067e-05 2.527167479e-05
4.26050e+03 1.254737955e-05 4.102405319e-05 1.673111445e-05 1.003206406e-05 2.381000157e-05
4.26140e+03 1.352389434e-05 4.355971659e-05 1.799867101e-05 1.083091997e-05 2.551898026e-05
4.26230e+03 1.592119113e-05 4.923344191e-05 2.099865673e-05 1.284028085e-05 2.939219493e-05
4.26320e+03 1.783309998e-05 5.355123420e-05 2.332817903e-05 1.447085086e-05 3.233544353e-05
4.26410e+03 1.845761101e-05 5.492640764e-05 2.405845962e-05 1.502566675e-05 3.323935411e-05
4.26500e+03 1.863983948e-05 5.530551354e-05 2.428008781e-05 1.518980171e-05 3.351101808e-05
4.26590e+03 1.875778570e-05 5.548355224e-05 2.443034564e-05 1.528766712e-05 3.368412815e-05
4.26680e+03 1.813245509e-05 5.397209681e-05 2.364610151e-05 1.476436851e-05 3.266210753e-05
4.26770e+03 1.695618673e-05 5.122641785e-05 2.218114114e-05 1.377715222e-05 3.078386655e-05
4.26860e+03 1.610022657e-05 4.924719637e-05 2.113023807e-05 1.304698590e-05 2.945053575e-05
4.26950e+03 1.516958269e-05 4.733271654e-05 2.000833623e-05 1.224007414e-05 2.806086321e-05
4.27040e+03 1.328372417e-05 4.319942143e-05 1.768179029e-05 1.063112114e-05 2.511190282e-05
4.27130e+03 1.122571671e-05 3.846281453e-05 1.513764300e-05 8.889288199e-06 2.186987550e-05
4.27220e+03 1.100521301e-05 3.804312546e-05 1.491943419e-05 8.668897699e-06 2.163632219e-05
4.27310e+03 1.221926802e-05 4.111868585e-05 1.649039475e-05 9.653296826e-06 2.370365544e-05
4.27400e+03 1.265100104e-05 4.237915475e-05 1.705103754e-05 1.000982204e-05 2.446127948e-05
4.27490e+03 1.274146380e-05 4.267928315e-05 1.717306353e-05 1.008222557e-05 2.464332366e-05
4.27580e+03 1.414436960e-05 4.576969097e-05 1.890744415e-05 1.126482050e-05 2.685033580e-05
4.27670e+03 1.626081943e-05 5.028710630e-05 2.149077356e-05 1.307882173e-05 3.008618485e-05
4.27760e+03 1.776860937e-05 5.327358036e-05 2.329133550e-05 1.440769606e-05 3.228355821e-05
4.27850e+03 1.806600271e-05 5.362052235e-05 2.357682748e-05 1.470654849e-05 3.255330420e-05
4.27940e+03 1.685954306e-05 5.104092658e-05 2.205116692e-05 1.370431317e-05 3.061510681e-05
4.28030e+03 1.543202267e-05 4.816266928e-05 2.031457298e-05 1.247866950e-05 2.847547353e-05
4.28120e+03 1.532631313e-05 4.784180272e-05 2.021616147e-05 1.235322138e-05 2.834937434e-05
4.28210e+03 1.587552331e-05 4.867264620e-05 2.090560034e-05 1.279977993e-05 2.916675394e-05
4.28300e+03 1.635441384e-05 4.943546344e-05 2.148593737e-05 1.320571345e-05 2.985869589e-05
4.28390e+03 1.657402043e-05 4.989637815e-05 2.171977360e-05 1.341488526e-05 3.014303804e-05
4.28480e+03 1.591595302e-05 4.857421328e-05 2.086309050e-05 1.289913514e-05 2.906556928e-05
4.28570e+03 1.505946810e-05 4.675950065e-05 1.979314912e-05 1.219529064e-05 2.770978472e-05
4.28660e+03 1.510349998e-05 4.668773556e-05 1.985467959e-05 1.222803303e-05 2.774813863e-05
4.28750e+03 1.542716269e-05 4.692556254e-05 2.023380846e-05 1.249439986e-05 2.812954648e-05
4.28840e+03 1.456600824e-05 4.450437888e-05 1.913500072e-05 1.176297725e-05 2.663312102e-05
4.28930e+03 1.277393038e-05 4.018870073e-05 1.691087720e-05 1.024127068e-05 2.376053495e-05
4.29020e+03 1.198055591e-05 3.842039359e-05 1.595788635e-05 9.556437036e-06 2.258025740e-05
4.29110e+03 1.297675656e-05 4.117884376e-05 1.724100381e-05 1.038496653e-05 2.433283951e-05
4.29200e+03 1.482905008e-05 4.592891458e-05 1.957837275e-05 1.194014176e-05 2.741846144e-05
4.29290e+03 1.607441141e-05 4.887423991e-05 2.112316407e-05 1.298732333e-05 2.939433749e-05
4.29380e+03 1.577783283e-05 4.817266308e-05 2.074047459e-05 1.274216224e-05 2.889207645e-05
4.29470e+03 1.513978766e-05 4.668305951e-05 1.992737410e-05 1.222014559e-05 2.784393781e-05
4.29560e+03 1.520944031e-05 4.665761353e-05 1.996605804e-05 1.231039529e-05 2.784285942e-05
4.29650e+03 1.500227042e-05 4.610046928e-05 1.967023437e-05 1.217599381e-05 2.743377613e-05
4.29740e+03 1.400533408e-05 4.376603146e-05 1.840350955e-05 1.135440972e-05 2.578390006e-05
4.29830e+03 1.241610280e-05 3.969005909e-05 1.637582273e-05 1.001921486e-05 2.308339134e-05
4.29920e+03 1.059415318e-05 3.505756642e-05 1.408813964e-05 8.499781399e-06 2.008048231e-05
4.30010e+03 9.943915888e-06 3.344157815e-05 1.330795019e-05 7.951986756e-06 1.908655210e-05
4.30100e+03 1.073867239e-05 3.527399381e-05 1.431610359e-05 8.613084421e-06 2.038716724e-05
4.30190e+03 1.138925972e-05 3.673264360e-05 1.510868702e-05 9.170621392e-06 2.139284544e-05
4.30280e+03 1.143246058e-05 3.701088744e-05 1.516061958e-05 9.215974752e-06 2.149642650e-05
4.30370e+03 1.173222407e-05 3.816050716e-05 1.555928239e-05 9.455227898e-06 2.209181515e-05
4.30460e+03 1.197245048e-05 3.906646086e-05 1.587992092e-05 9.642680849e-06 2.256471461e-05
4.30550e+03 1.163323244e-05 3.839029972e-05 1.548565201e-05 9.337338910e-06 2.208327566e-05
4.30640e+03 1.094862013e-05 3.678301462e-05 1.465176425e-05 8.736265366e-06 2.100772691e-05
4.30730e+03 9.844094184e-06 3.411311688e-05 1.325837669e-05 7.817622950e-06 1.919406170e-05
4.30820e+03 8.941940208e-06 3.190344865e-05 1.211875843e-05 7.086639464e-06 1.771707641e-05
4.30910e+03 9.254647506e-06 3.272913173e-05 1.252081353e-05 7.351667343e-06 1.826048995e-05
4.31000e+03 1.038046122e-05 3.582247813e-05 1.395217683e-05 8.296926041e-06 2.019150292e-05
4.31090e+03 1.155394504e-05 3.910737165e-05 1.543988205e-05 9.286798502e-06 2.220223389e-05
4.31180e+03 1.263597678e-05 4.160892850e-05 1.679014334e-05 1.019887956e-05 2.393618715e-05
4.31270e+03 1.378197434e-05 4.349733641e-05 1.818105279e-05 1.116254146e-05 2.558873637e-05
4.31360e+03 1.479363722e-05 4.480264907e-05 1.938723598e-05 1.200800858e-05 2.695436227e-05
4.31450e+03 1.583607336e-05 4.651101507e-05 2.065404544e-05 1.288034341e-05 2.846779793e-05
4.31540e+03 1.800087342e-05 5.126918203e-05 2.334112950e-05 1.470210301e-05 3.188304015e-05
4.31630e+03 2.060954971e-05 5.727613010e-05 2.656436052e-05 1.691006720e-05 3.600166020e-05
4.31720e+03 2.166028379e-05 5.982438352e-05 2.785845612e-05 1.780158073e-05 3.766757887e-05
4.31810e+03 2.124875341e-05 5.902281787e-05 2.735525086e-05 1.744317504e-05 3.704196999e-05
4.31900e+03 2.064406675e-05 5.761034578e-05 2.660248039e-05 1.692710930e-05 3.607171293e-05
4.31990e+03 2.009193170e-05 5.606014070e-05 2.588923858e-05 1.647144598e-05 3.510704416e-05
4.32080e+03 1.941120690e-05 5.432211033e-05 2.503581833e-05 1.590853240e-05 3.399579945e-05
4.32170e+03 1.888401655e-05 5.344122340e-05 2.441654823e-05 1.545984327e-05 3.327016762e-05
4.32260e+03 1.765040728e-05 5.146532927e-05 2.292150568e-05 1.442150493e-05 3.149459086e-05
4.32350e+03 1.511017040e-05 4.641982460e-05 1.979783833e-05 1.228068802e-05 2.762060309e-05
4.32440e+03 1.246708283e-05 4.028445410e-05 1.653163164e-05 1.002807399e-05 2.343050847e-05
4.32530e+03 1.093672834e-05 3.620232384e-05 1.462792354e-05 8.712930464e-06 2.092267056e-05
4.32620e+03 1.174721459e-05 3.777577449e-05 1.567027995e-05 9.369448765e-06 2.225264766e-05
4.32710e+03 1.500816115e-05 4.511979078e-05 1.974450862e-05 1.211120858e-05 2.745787154e-05
4.32800e+03 1.848429323e-05 5.279174365e-05 2.400619965e-05 1.508462463e-05 3.283198028e-05
4.32890e+03 2.010327776e-05 5.609220250e-05 2.593437364e-05 1.649787595e-05 3.519549748e-05
4.32980e+03 1.978038698e-05 5.492115309e-05 2.545746376e-05 1.625594736e-05 3.449460405e-05
4.33070e+03 1.910474130e-05 5.299120200e-05 2.457122961e-05 1.570093183e-05 3.329709260e-05
4.33160e+03 1.926690510e-05 5.316614543e-05 2.476288015e-05 1.584079430e-05 3.351085034e-05
4.33250e+03 1.977980309e-05 5.424566055e-05 2.540029634e-05 1.628011688e-05 3.431071243e-05
4.33340e+03 2.011877996e-05 5.479312165e-05 2.579890193e-05 1.658124146e-05 3.477766167e-05
4.33430e+03 2.058031188e-05 5.546158650e-05 2.633392632e-05 1.699176505e-05 3.538152014e-05
4.33520e+03 2.094444367e-05 5.580471056e-05 2.673875148e-05 1.732621095e-05 3.578348913e-05
4.33610e+03 1.992988305e-05 5.293430262e-05 2.541570736e-05 1.649399221e-05 3.395701510e-05
4.33700e+03 1.728306505e-05 4.638565300e-05 2.207628045e-05 1.427515915e-05 2.959111621e-05
4.33790e+03 1.495396118e-05 4.045201608e-05 1.913091002e-05 1.233609665e-05 2.572148040e-05
4.33880e+03 1.381591337e-05 3.681288966e-05 1.761095442e-05 1.143609609e-05 2.356462046e-05
4.33970e+03 1.289188620e-05 3.340848207e-05 1.631179013e-05 1.074098454e-05 2.163480553e-05
4.34060e+03 1.277638833e-05 3.243798358e-05 1.610616597e-05 1.068906462e-05 2.126233071e-05
4.34150e+03 1.455163682e-05 3.700523570e-05 1.839685841e-05 1.215624383e-05 2.433252545e-05
4.34240e+03 1.670240307e-05 4.314941771e-05 2.120203352e-05 1.390536339e-05 2.816223940e-05
4.34330e+03 1.739226355e-05 4.581917642e-05 2.215833911e-05 1.443049706e-05 2.958405993e-05
4.34420e+03 1.762226504e-05 4.705758252e-05 2.251541949e-05 1.457856032e-05 3.018149211e-05
4.34510e+03 1.857182504e-05 4.979278742e-05 2.375538801e-05 1.534122787e-05 3.188023811e-05
4.34600e+03 1.917061754e-05 5.182896133e-05 2.456285800e-05 1.581841208e-05 3.304435897e-05
4.34690e+03 1.897994710e-05 5.204468092e-05 2.437735392e-05 1.564023831e-05 3.293853856e-05
4.34780e+03 1.935720005e-05 5.321413084e-05 2.486168626e-05 1.595512032e-05 3.361362398e-05
4.34870e+03 2.061608583e-05 5.602951442e-05 2.639581108e-05 1.703003917e-05 3.553821993e-05
4.34960e+03 2.090369093e-05 5.657905947e-05 2.672536843e-05 1.727995739e-05 3.591273111e-05
4.35050e+03 1.869608958e-05 5.157725089e-05 2.399111116e-05 1.540386952e-05 3.241990418e-05
4.35140e+03 1.557935551e-05 4.467740265e-05 2.016513893e-05 1.274386751e-05 2.759216300e-05
4.35230e+03 1.457439166e-05 4.289847811e-05 1.901447067e-05 1.185238764e-05 2.626072818e-05
4.35320e+03 1.602237710e-05 4.680918352e-05 2.089998017e-05 1.304187237e-05 2.880682569e-05
4.35410e+03 1.757997048e-05 5.066496063e-05 2.284532587e-05 1.435712015e-05 3.133490638e-05
4.35500e+03 1.815773580e-05 5.217752935e-05 2.355155314e-05 1.485422688e-05 3.225779289e-05
4.35590e+03 1.876498154e-05 5.379905546e-05 2.431604011e-05 1.536800685e-05 3.327884763e-05
4.35680e+03 1.964237163e-05 5.572760152e-05 2.538513066e-05 1.612137410e-05 3.462149177e-05
4.35770e+03 1.958903815e-05 5.525252935e-05 2.526117629e-05 1.609766110e-05 3.437656005e-05
4.35860e+03 1.838841754e-05 5.235488706e-05 2.374022140e-05 1.508980291e-05 3.239875117e-05
4.35950e+03 1.775766075e-05 5.104946185e-05 2.297884371e-05 1.454191423e-05 3.146623598e-05
4.36040e+03 1.873750804e-05 5.347709199e-05 2.423345455e-05 1.535397327e-05 3.312067110e-05
4.36130e+03 2.018097949e-05 5.686793714e-05 2.604174606e-05 1.657122661e-05 3.544664562e-05
4.36220e+03 2.053538470e-05 5.785518348e-05 2.648294254e-05 1.687289724e-05 3.603123582e-05
4.36310e+03 2.022285941e-05 5.743707094e-05 2.610592847e-05 1.660140376e-05 3.560126164e-05
4.36400e+03 2.072369602e-05 5.863578055e-05 2.673148899e-05 1.702429438e-05 3.641293485e-05
4.36490e+03 2.168137267e-05 6.057823844e-05 2.789371846e-05 1.785387063e-05 3.783997597e-05
4.36580e+03 2.142798762e-05 5.985418519e-05 2.755676812e-05 1.765342239e-05 3.736569007e-05
4.36670e+03 1.981375503e-05 5.609390618e-05 2.555257228e-05 1.628664270e-05 3.479152102e-05
4.36760e+03 1.844211670e-05 5.271511654e-05 2.384409222e-05 1.512131122e-05 3.257875989e-05
4.36850e+03 1.841734838e-05 5.239498802e-05 2.380385715e-05 1.509869579e-05 3.249107458e-05
4.36940e+03 1.891744747e-05 5.354805368e-05 2.442922336e-05 1.552772482e-05 3.328977947e-05
4.37030e+03 1.902678802e-05 5.408271009e-05 2.457708157e-05 1.562187367e-05 3.351913665e-05
4.37120e+03 1.908266142e-05 5.460163307e-05 2.467584306e-05 1.565600092e-05 3.371100357e-05
4.37210e+03 1.909493572e-05 5.495048458e-05 2.471972282e-05 1.565315457e-05 3.382404465e-05
4.37300e+03 1.831227490e-05 5.311898503e-05 2.373175087e-05 1.499541003e-05 3.254250708e-05
4.37390e+03 1.677573570e-05 4.914329471e-05 2.177510632e-05 1.371319611e-05 2.994929265e-05
4.37480e+03 1.564178238e-05 4.628402585e-05 2.036694303e-05 1.274347163e-05 2.811794581e-05
4.37570e+03 1.598001454e-05 4.745525789e-05 2.086385427e-05 1.298677538e-05 2.884993928e-05
4.37660e+03 1.769912985e-05 5.191156031e-05 2.305492518e-05 1.441998846e-05 3.174983138e-05
4.37750e+03 1.940468094e-05 5.600776964e-05 2.516026018e-05 1.587844315e-05 3.445665134e-05
4.37840e+03 1.996102193e-05 5.725631508e-05 2.582055272e-05 1.636304439e-05 3.527242095e-05
4.37930e+03 1.946577018e-05 5.614190316e-05 2.521057191e-05 1.593916905e-05 3.449583736e-05
4.38020e+03 1.871947526e-05 5.472608117e-05 2.433679829e-05 1.528345061e-05 3.345474707e-05
4.38110e+03 1.787538007e-05 5.320663690e-05 2.335290499e-05 1.452868601e-05 3.228106959e-05
4.38200e+03 1.574582987e-05 4.844293351e-05 2.071206721e-05 1.271206414e-05 2.890060954e-05
4.38290e+03 1.215231563e-05 3.988802173e-05 1.618751176e-05 9.705211832e-06 2.303299291e-05
4.38380e+03 9.836955102e-06 3.404546320e-05 1.327892981e-05 7.777841437e-06 1.923956974e-05
4.38470e+03 1.103186539e-05 3.636452047e-05 1.478559854e-05 8.791056992e-06 2.113749060e-05
4.38560e+03 1.446330872e-05 4.405378409e-05 1.904407774e-05 1.169804683e-05 2.656616012e-05
4.38650e+03 1.713693022e-05 5.014886353e-05 2.231361889e-05 1.397746598e-05 3.071775880e-05
4.38740e+03 1.773124808e-05 5.152273093e-05 2.301071437e-05 1.450085449e-05 3.159233543e-05
4.38830e+03 1.739378663e-05 5.080205503e-05 2.258449651e-05 1.421666644e-05 3.105380199e-05
4.38920e+03 1.700138701e-05 5.009813463e-05 2.212464779e-05 1.387484715e-05 3.050947687e-05
4.39010e+03 1.671501174e-05 4.948600071e-05 2.177104172e-05 1.363161787e-05 3.006778479e-05
4.39100e+03 1.696247904e-05 4.990516333e-05 2.205553793e-05 1.384581798e-05 3.040037783e-05
4.39190e+03 1.778657415e-05 5.180638853e-05 2.307607824e-05 1.454284504e-05 3.170770979e-05
4.39280e+03 1.838793784e-05 5.323465419e-05 2.381915376e-05 1.505269073e-05 3.266332144e-05
4.39370e+03 1.809605542e-05 5.228652854e-05 2.342297802e-05 1.481989288e-05 3.209194689e-05
4.39460e+03 1.745694041e-05 5.036730564e-05 2.259118975e-05 1.429783785e-05 3.093793301e-05
4.39550e+03 1.782619834e-05 5.108500846e-05 2.305027004e-05 1.461486622e-05 3.151210724e-05
4.39640e+03 1.953625586e-05 5.525825546e-05 2.519156623e-05 1.605582868e-05 3.429607951e-05
4.39730e+03 2.091794527e-05 5.864000781e-05 2.690671270e-05 1.722800615e-05 3.651384308e-05
4.39820e+03 2.079892903e-05 5.829818085e-05 2.674017487e-05 1.713371053e-05 3.627549867e-05
4.39910e+03 1.953596896e-05 5.513980102e-05 2.515126105e-05 1.606529218e-05 3.418597843e-05
4.40000e+03 1.793258398e-05 5.119005118e-05 2.315002933e-05 1.471239040e-05 3.157854833e-05
4.40090e+03 1.742735125e-05 5.005338656e-05 2.255119944e-05 1.428102219e-05 3.083734853e-05
4.40180e+03 1.858018725e-05 5.305111796e-05 2.403339359e-05 1.522580461e-05 3.280593445e-05
4.40270e+03 1.894600409e-05 5.457887276e-05 2.455152468e-05 1.548602373e-05 3.358478203e-05
4.40360e+03 1.650745506e-05 4.979452424e-05 2.160590912e-05 1.337266916e-05 2.997288532e-05
4.40450e+03 1.363586267e-05 4.381572759e-05 1.813726936e-05 1.090273583e-05 2.568985271e-05
4.40540e+03 1.368130081e-05 4.409885943e-05 1.825908850e-05 1.090699724e-05 2.591531280e-05
4.40630e+03 1.572553131e-05 4.853550017e-05 2.076941614e-05 1.263990164e-05 2.906897423e-05
4.40720e+03 1.666979286e-05 5.016862511e-05 2.184753601e-05 1.348975718e-05 3.031750963e-05
4.40810e+03 1.652617120e-05 4.924161646e-05 2.158324575e-05 1.342220308e-05 2.985722635e-05
4.40900e+03 1.740353886e-05 5.073958237e-05 2.261049673e-05 1.420326420e-05 3.107341438e-05
4.40990e+03 1.931738400e-05 5.482251988e-05 2.493990770e-05 1.585265938e-05 3.398397666e-05
4.41080e+03 2.071230559e-05 5.797387611e-05 2.664891865e-05 1.704443559e-05 3.614817663e-05
4.41170e+03 2.134600431e-05 5.952993611e-05 2.745018251e-05 1.756704904e-05 3.719314622e-05
4.41260e+03 2.148872298e-05 6.006596938e-05 2.765641788e-05 1.767003951e-05 3.749281816e-05
4.41350e+03 2.027987620e-05 5.750883418e-05 2.616529210e-05 1.663194567e-05 3.560658459e-05
4.41440e+03 1.759664493e-05 5.146584315e-05 2.285905654e-05 1.433840279e-05 3.140464705e-05
4.41530e+03 1.589712376e-05 4.751567623e-05 2.078740171e-05 1.288250701e-05 2.877599709e-05
4.41620e+03 1.672949119e-05 4.909915246e-05 2.180983623e-05 1.359783218e-05 3.003806465e-05
4.41710e+03 1.847439661e-05 5.253847061e-05 2.388956815e-05 1.512729187e-05 3.258469591e-05
4.41800e+03 1.989565047e-05 5.545751160e-05 2.558281482e-05 1.637549183e-05 3.467684339e-05
4.41890e+03 2.112423325e-05 5.848988062e-05 2.711596280e-05 1.741035921e-05 3.667962966e-05
4.41980e+03 2.172729237e-05 6.034788216e-05 2.790244589e-05 1.789984421e-05 3.777634782e-05
4.42070e+03 2.111300701e-05 5.923305902e-05 2.716173529e-05 1.736390548e-05 3.687471147e-05
4.42160e+03 1.952452699e-05 5.567129043e-05 2.520815837e-05 1.600376016e-05 3.438948849e-05
4.42250e+03 1.825431081e-05 5.274305890e-05 2.365661480e-05 1.491848219e-05 3.242297352e-05
4.42340e+03 1.840537872e-05 5.303137816e-05 2.384989884e-05 1.504383072e-05 3.267018136e-05
4.42430e+03 1.920938138e-05 5.489535345e-05 2.484563334e-05 1.572273024e-05 3.393481411e-05
4.42520e+03 1.939135433e-05 5.547330394e-05 2.508961043e-05 1.586171899e-05 3.426595255e-05
4.42610e+03 1.916109788e-05 5.507471648e-05 2.483357380e-05 1.564497785e-05 3.396375512e-05
4.42700e+03 1.927284158e-05 5.527095815e-05 2.497578076e-05 1.574252603e-05 3.414215427e-05
4.42790e+03 1.991697995e-05 5.655551523e-05 2.574470301e-05 1.630693853e-05 3.508859446e-05
4.42880e+03 2.020545000e-05 5.704217441e-05 2.605930855e-05 1.656625222e-05 3.544418269e-05
4.42970e+03 1.923702692e-05 5.479119188e-05 2.484028278e-05 1.576011519e-05 3.387846437e-05
4.43060e+03 1.851280735e-05 5.299976310e-05 2.393216187e-05 1.516282481e-05 3.270526478e-05
4.43150e+03 1.930697101e-05 5.452657102e-05 2.487743011e-05 1.585687064e-05 3.385172467e-05
4.43240e+03 1.999646812e-05 5.596689757e-05 2.570929714e-05 1.645420832e-05 3.487185207e-05
4.43330e+03 1.913186994e-05 5.413300068e-05 2.467042224e-05 1.570185124e-05 3.357202570e-05
4.43420e+03 1.738000505e-05 5.035849169e-05 2.255124280e-05 1.417686214e-05 3.092137428e-05
4.43510e+03 1.629020395e-05 4.801411102e-05 2.123161024e-05 1.322715727e-05 2.927764893e-05
4.43600e+03 1.698671968e-05 4.974628046e-05 2.211384543e-05 1.381156092e-05 3.044807097e-05
4.43690e+03 1.901003459e-05 5.445668826e-05 2.461753200e-05 1.554176074e-05 3.366972030e-05
4.43780e+03 2.092097889e-05 5.875011022e-05 2.695734517e-05 1.718820739e-05 3.663271508e-05
4.43870e+03 2.201110616e-05 6.109311394e-05 2.827900632e-05 1.813271190e-05 3.827236472e-05
4.43960e+03 2.192401287e-05 6.079778488e-05 2.814438962e-05 1.806757220e-05 3.806488651e-05
4.44050e+03 2.057451496e-05 5.770637371e-05 2.646275439e-05 1.691944570e-05 3.591042509e-05
4.44140e+03 1.881865325e-05 5.353635104e-05 2.428480152e-05 1.542358071e-05 3.310518981e-05
4.44230e+03 1.767016414e-05 5.045084351e-05 2.283538138e-05 1.445764601e-05 3.117138183e-05
4.44320e+03 1.774781065e-05 5.008854007e-05 2.289230333e-05 1.454188798e-05 3.114966014e-05
4.44410e+03 1.914313305e-05 5.313996497e-05 2.460712642e-05 1.573752274e-05 3.332601147e-05
4.44500e+03 2.105901677e-05 5.783531540e-05 2.699637890e-05 1.736131564e-05 3.643209483e-05
4.44590e+03 2.197202250e-05 6.027408317e-05 2.814207257e-05 1.812865828e-05 3.793825101e-05
4.44680e+03 2.145123388e-05 5.925767362e-05 2.749988530e-05 1.768428723e-05 3.714032760e-05
4.44770e+03 2.106802030e-05 5.842617018e-05 2.702242642e-05 1.735863183e-05 3.654152371e-05
4.44860e+03 2.141534901e-05 5.916890333e-05 2.744227494e-05 1.765628102e-05 3.706450990e-05
4.44950e+03 2.125938013e-05 5.866329094e-05 2.722531083e-05 1.753442341e-05 3.675236692e-05
4.45040e+03 2.072740775e-05 5.723772673e-05 2.654906160e-05 1.709176995e-05 3.585338659e-05
4.45130e+03 2.078141385e-05 5.736983424e-05 2.663052213e-05 1.712935406e-05 3.596929749e-05
4.45220e+03 2.085039599e-05 5.785995613e-05 2.676458255e-05 1.716324034e-05 3.620828244e-05
4.45310e+03 1.999000559e-05 5.618403306e-05 2.574489009e-05 1.640882518e-05 3.495078183e-05
4.45400e+03 1.827395667e-05 5.218367435e-05 2.362885892e-05 1.494667076e-05 3.222029228e-05
4.45490e+03 1.676358537e-05 4.849444869e-05 2.175014164e-05 1.367150913e-05 2.978112811e-05
4.45580e+03 1.670335740e-05 4.829872555e-05 2.169379347e-05 1.361774207e-05 2.971707055e-05
4.45670e+03 1.758541754e-05 5.042858145e-05 2.279085045e-05 1.436979652e-05 3.114552633e-05
4.45760e+03 1.794471644e-05 5.129121187e-05 2.320577497e-05 1.469103092e-05 3.167669144e-05
4.45850e+03 1.760471641e-05 5.051416914e-05 2.277227394e-05 1.440471795e-05 3.112439458e-05
4.45940e+03 1.737039489e-05 5.014920801e-05 2.251800430e-05 1.418361321e-05 3.084379008e-05
4.46030e+03 1.723393292e-05 4.995541513e-05 2.237540640e-05 1.405006391e-05 3.068574545e-05
4.46120e+03 1.669443306e-05 4.859298127e-05 2.167405895e-05 1.360288256e-05 2.976122481e-05
4.46210e+03 1.688644547e-05 4.889770282e-05 2.188349831e-05 1.377882499e-05 3.001147325e-05
4.46300e+03 1.867570925e-05 5.282025738e-05 2.408306625e-05 1.530872029e-05 3.278540401e-05
4.46390e+03 2.021715055e-05 5.610826976e-05 2.595473437e-05 1.664526083e-05 3.511506791e-05
4.46480e+03 2.024177633e-05 5.615349568e-05 2.597520283e-05 1.667701658e-05 3.513638473e-05
4.46570e+03 1.983962036e-05 5.543313337e-05 2.551345080e-05 1.631503839e-05 3.459343903e-05
4.46660e+03 1.986723648e-05 5.551410159e-05 2.555679397e-05 1.633495558e-05 3.465449453e-05
4.46750e+03 2.004723001e-05 5.558900623e-05 2.574094253e-05 1.650841149e-05 3.481935685e-05
4.46840e+03 1.969436237e-05 5.438489028e-05 2.525492769e-05 1.623193320e-05 3.411241084e-05
4.46930e+03 1.909606442e-05 5.296727206e-05 2.449763149e-05 1.573413682e-05 3.313411867e-05
4.47020e+03 1.926733882e-05 5.360132230e-05 2.474041432e-05 1.586509318e-05 3.350224786e-05
4.47110e+03 2.012657261e-05 5.583211759e-05 2.584504872e-05 1.657117753e-05 3.497667458e-05
4.47200e+03 2.106683461e-05 5.811402705e-05 2.702141858e-05 1.736483072e-05 3.650804001e-05
4.47290e+03 2.187295259e-05 6.001905535e-05 2.800715501e-05 1.806059764e-05 3.777028045e-05
4.47380e+03 2.228203600e-05 6.117580423e-05 2.853923734e-05 1.839613229e-05 3.848653214e-05
4.47470e+03 2.204056148e-05 6.085202883e-05 2.828320429e-05 1.816710145e-05 3.820596415e-05
4.47560e+03 2.184586750e-05 6.027592338e-05 2.802330632e-05 1.800553021e-05 3.784195424e-05
4.47650e+03 2.254027623e-05 6.158303732e-05 2.883468050e-05 1.861748545e-05 3.881298254e-05
4.47740e+03 2.349587817e-05 6.363000630e-05 2.999684261e-05 1.944508807e-05 4.026850530e-05
4.47830e+03 2.334158336e-05 6.313905374e-05 2.978955533e-05 1.932961041e-05 3.997346946e-05
4.47920e+03 2.174997046e-05 5.926455612e-05 2.778987822e-05 1.799639326e-05 3.736768112e-05
4.48010e+03 1.972750927e-05 5.422730158e-05 2.524303144e-05 1.629808972e-05 3.403808080e-05
4.48100e+03 1.845408289e-05 5.083854815e-05 2.363959796e-05 1.522312828e-05 3.191403252e-05
4.48190e+03 1.837147647e-05 5.074381037e-05 2.358726685e-05 1.512620120e-05 3.189065189e-05
4.48280e+03 1.960345557e-05 5.417635254e-05 2.519638697e-05 1.613847305e-05 3.407633722e-05
4.48370e+03 2.143337080e-05 5.874550428e-05 2.748891606e-05 1.768827897e-05 3.706793596e-05
4.48460e+03 2.276594279e-05 6.181742528e-05 2.911045934e-05 1.883369762e-05 3.912536105e-05
4.48550e+03 2.343278268e-05 6.331144553e-05 2.990850773e-05 1.940789642e-05 4.012741865e-05
4.48640e+03 2.344585270e-05 6.337038255e-05 2.991575733e-05 1.942130962e-05 4.013996675e-05
4.48730e+03 2.256738127e-05 6.130513179e-05 2.882393859e-05 1.867567623e-05 3.873300013e-05
4.48820e+03 2.099713211e-05 5.751357671e-05 2.686314355e-05 1.734931021e-05 3.619068690e-05
4.48910e+03 1.962486777e-05 5.419785971e-05 2.515323226e-05 1.618555454e-05 3.398286712e-05
4.49000e+03 1.935232612e-05 5.357074019e-05 2.482252662e-05 1.594829897e-05 3.357276528e-05
4.49090e+03 2.032183423e-05 5.582853827e-05 2.602262361e-05 1.677305716e-05 3.511832134e-05
4.49180e+03 2.162396932e-05 5.891190000e-05 2.762861941e-05 1.788339628e-05 3.718259972e-05
4.49270e+03 2.198484907e-05 5.996438361e-05 2.808424239e-05 1.818513386e-05 3.779107264e-05
4.49360e+03 2.080945675e-05 5.754394079e-05 2.666646645e-05 1.716312546e-05 3.603337958e-05
4.49450e+03 1.924483201e-05 5.427461261e-05 2.479035559e-05 1.579789589e-05 3.372430283e-05
4.49540e+03 1.885842808e-05 5.357966231e-05 2.435832493e-05 1.544610049e-05 3.322955591e-05
4.49630e+03 1.960579764e-05 5.516053280e-05 2.527206191e-05 1.609197894e-05 3.436608928e-05
4.49720e+03 2.089167342e-05 5.781078691e-05 2.681351429e-05 1.721644147e-05 3.626132749e-05
4.49810e+03 2.212720165e-05 6.044841809e-05 2.830164165e-05 1.829334458e-05 3.811214055e-05
4.49900e+03 2.277264741e-05 6.177677746e-05 2.905679726e-05 1.886425900e-05 3.902902024e-05
4.49990e+03 2.263068448e-05 6.120715873e-05 2.884315523e-05 1.875901721e-05 3.869779626e-05
4.50080e+03 2.172268225e-05 5.897237868e-05 2.771789538e-05 1.798896454e-05 3.724259902e-05
4.50170e+03 2.136811750e-05 5.823637608e-05 2.730021672e-05 1.767931130e-05 3.674203963e-05
4.50260e+03 2.269374765e-05 6.142032141e-05 2.895241633e-05 1.880084216e-05 3.887664274e-05
4.50350e+03 2.439077520e-05 6.536330578e-05 3.103950178e-05 2.025202836e-05 4.153160342e-05
4.50440e+03 2.495220745e-05 6.665803430e-05 3.172272214e-05 2.073142606e-05 4.239043022e-05
4.50530e+03 2.456752143e-05 6.586891564e-05 3.126590746e-05 2.039349320e-05 4.183081234e-05
4.50620e+03 2.390392783e-05 6.442107670e-05 3.045786459e-05 1.982020220e-05 4.082931316e-05
4.50710e+03 2.333949645e-05 6.294457423e-05 2.974006736e-05 1.934894709e-05 3.988690219e-05
4.50800e+03 2.315323725e-05 6.215066143e-05 2.947475729e-05 1.920762554e-05 3.947708945e-05
4.50890e+03 2.339990742e-05 6.263037749e-05 2.978500315e-05 1.941814276e-05 3.986048863e-05
4.50980e+03 2.389874685e-05 6.398269995e-05 3.042898540e-05 1.983175291e-05 4.072222081e-05
4.51070e+03 2.408472411e-05 6.464383558e-05 3.067381779e-05 1.998076971e-05 4.107113545e-05
4.51160e+03 2.347726201e-05 6.346885972e-05 2.993606849e-05 1.945071226e-05 4.016478580e-05
4.51250e+03 2.248409443e-05 6.134364221e-05 2.871335294e-05 1.859596573e-05 3.863056242e-05
4.51340e+03 2.176141736e-05 5.960067124e-05 2.780951411e-05 1.798515602e-05 3.746144685e-05
4.51430e+03 2.150010602e-05 5.868485927e-05 2.746489115e-05 1.778070887e-05 3.696823268e-05
4.51520e+03 2.183053409e-05 5.910730051e-05 2.784754830e-05 1.808005924e-05 3.740394343e-05
4.51610e+03 2.230639391e-05 6.016869866e-05 2.843188879e-05 1.848714021e-05 3.814437074e-05
4.51700e+03 2.205013549e-05 5.983541743e-05 2.813741316e-05 1.825584849e-05 3.780989836e-05
4.51790e+03 2.150221553e-05 5.877476706e-05 2.747934604e-05 1.777525060e-05 3.700896182e-05
4.51880e+03 2.187776423e-05 5.953681217e-05 2.793918245e-05 1.809701496e-05 3.757911296e-05
4.51970e+03 2.290495301e-05 6.157053776e-05 2.917646510e-05 1.899083581e-05 3.908794327e-05
4.52060e+03 2.367854343e-05 6.309747705e-05 3.009231191e-05 1.966714939e-05 4.019198834e-05
4.52150e+03 2.353006906e-05 6.267131777e-05 2.989546702e-05 1.954477447e-05 3.991370886e-05
4.52240e+03 2.238447855e-05 6.007502162e-05 2.849832683e-05 1.856517388e-05 3.814929963e-05
4.52330e+03 2.165275728e-05 5.856411969e-05 2.761932555e-05 1.792687205e-05 3.707355377e-05
4.52420e+03 2.157898010e-05 5.857469107e-05 2.754442806e-05 1.785196425e-05 3.701146818e-05
4.52510e+03 2.092418689e-05 5.718896843e-05 2.674980470e-05 1.729181790e-05 3.601187772e-05
4.52600e+03 1.965620064e-05 5.451591236e-05 2.522154073e-05 1.619642574e-05 3.410567852e-05
4.52690e+03 1.847948766e-05 5.219614331e-05 2.382283601e-05 1.516755457e-05 3.239681910e-05
4.52780e+03 1.770270596e-05 5.055812763e-05 2.288397463e-05 1.449254267e-05 3.122676558e-05
4.52870e+03 1.749045744e-05 4.988504849e-05 2.260281924e-05 1.432413809e-05 3.083567200e-05
4.52960e+03 1.799146000e-05 5.080739084e-05 2.319699933e-05 1.476258613e-05 3.155977170e-05
4.53050e+03 1.867910769e-05 5.239531656e-05 2.404955585e-05 1.534653158e-05 3.265813836e-05
4.53140e+03 1.948119946e-05 5.431554126e-05 2.505384026e-05 1.602611587e-05 3.395548495e-05
4.53230e+03 2.022722729e-05 5.588354374e-05 2.595776456e-05 1.666531450e-05 3.506125011e-05
4.53320e+03 1.985390342e-05 5.471076846e-05 2.546002005e-05 1.636497461e-05 3.434550003e-05
4.53410e+03 1.870243538e-05 5.194790851e-05 2.402709737e-05 1.538455892e-05 3.249253720e-05
4.53500e+03 1.799558093e-05 5.073061177e-05 2.320493338e-05 1.475681312e-05 3.154031792e-05
4.53590e+03 1.895004787e-05 5.331872290e-05 2.442836082e-05 1.555804708e-05 3.319639780e-05
4.53680e+03 2.152564479e-05 5.920518654e-05 2.758444714e-05 1.776654756e-05 3.721506205e-05
4.53770e+03 2.332608522e-05 6.319384765e-05 2.976492314e-05 1.932270949e-05 3.996023134e-05
4.53860e+03 2.312149225e-05 6.265907705e-05 2.949496960e-05 1.915664812e-05 3.960105703e-05
4.53950e+03 2.199011472e-05 6.000585342e-05 2.810017163e-05 1.818704554e-05 3.780811582e-05
4.54040e+03 2.099804138e-05 5.768117595e-05 2.687983456e-05 1.734217934e-05 3.624580268e-05
4.54130e+03 2.088490617e-05 5.732772910e-05 2.672142861e-05 1.725661106e-05 3.603284220e-05
4.54220e+03 2.173466443e-05 5.922669483e-05 2.775247708e-05 1.799400857e-05 3.733913619e-05
4.54310e+03 2.241880778e-05 6.080377314e-05 2.859438845e-05 1.858168703e-05 3.840590028e-05
4.54400e+03 2.192377390e-05 5.968568597e-05 2.799745147e-05 1.815151057e-05 3.764605562e-05
4.54490e+03 2.098624257e-05 5.758826688e-05 2.686792447e-05 1.733742415e-05 3.622408933e-05
4.54580e+03 2.086484618e-05 5.733435928e-05 2.672714242e-05 1.723044799e-05 3.604769288e-05
4.54670e+03 2.130818871e-05 5.827275713e-05 2.724825680e-05 1.762303792e-05 3.668373524e-05
4.54760e+03 2.141683369e-05 5.823030462e-05 2.733564999e-05 1.773412790e-05 3.671937613e-05
4.54850e+03 2.076072405e-05 5.614592891e-05 2.646886128e-05 1.720193513e-05 3.549269511e-05
4.54940e+03 2.010598565e-05 5.407640448e-05 2.560905859e-05 1.668240125e-05 3.429947464e-05
4.55030e+03 2.066776821e-05 5.537801446e-05 2.629380369e-05 1.716545953e-05 3.518814508e-05
4.55120e+03 2.155002512e-05 5.802929877e-05 2.742702608e-05 1.788559719e-05 3.675378950e-05
4.55210e+03 2.142048565e-05 5.826668745e-05 2.731529095e-05 1.774725850e-05 3.671131342e-05
4.55300e+03 2.085162478e-05 5.691672959e-05 2.662148122e-05 1.724945045e-05 3.581360728e-05
4.55390e+03 2.038844229e-05 5.547181530e-05 2.603084577e-05 1.685668221e-05 3.498384017e-05
4.55480e+03 2.014923664e-05 5.465225474e-05 2.572158455e-05 1.666188130e-05 3.454220481e-05
4.55570e+03 2.066606355e-05 5.578940629e-05 2.636268581e-05 1.711145625e-05 3.536065193e-05
4.55660e+03 2.200130782e-05 5.895535733e-05 2.801466921e-05 1.825606930e-05 3.749003809e-05
4.55750e+03 2.323664064e-05 6.185654249e-05 2.952240559e-05 1.931567955e-05 3.942146377e-05
4.55840e+03 2.372152242e-05 6.290185596e-05 3.010279526e-05 1.973927225e-05 4.014989456e-05
4.55930e+03 2.367063738e-05 6.286632298e-05 3.004824830e-05 1.968882197e-05 4.009789332e-05
4.56020e+03 2.345611804e-05 6.272179632e-05 2.981081932e-05 1.948136587e-05 3.986173537e-05
4.56110e+03 2.357798268e-05 6.317118549e-05 2.997527077e-05 1.957177758e-05 4.010018399e-05
4.56200e+03 2.368362184e-05 6.328808320e-05 3.010579201e-05 1.966301422e-05 4.023842512e-05
4.56290e+03 2.283630245e-05 6.118938360e-05 2.905543642e-05 1.895078552e-05 3.887409737e-05
4.56380e+03 2.136352361e-05 5.776589243e-05 2.722745500e-05 1.770751057e-05 3.654072392e-05
4.56470e+03 2.039791344e-05 5.567481834e-05 2.604270816e-05 1.688668707e-05 3.506343612e-05
4.56560e+03 2.062185386e-05 5.634131789e-05 2.632947663e-05 1.707746942e-05 3.546658172e-05
4.56650e+03 2.204899460e-05 5.954548726e-05 2.806740934e-05 1.830302307e-05 3.765990830e-05
4.56740e+03 2.355546450e-05 6.285304778e-05 2.989839672e-05 1.959595952e-05 3.995336688e-05
4.56830e+03 2.398175925e-05 6.388616054e-05 3.043473040e-05 1.995757904e-05 4.064852330e-05
4.56920e+03 2.362637154e-05 6.330992460e-05 3.003518297e-05 1.963285862e-05 4.018631081e-05
4.57010e+03 2.281679229e-05 6.158070937e-05 2.905668469e-05 1.891827918e-05 3.895293235e-05
4.57100e+03 2.146514367e-05 5.839570553e-05 2.738564291e-05 1.777038225e-05 3.680636762e-05
4.57190e+03 2.112435399e-05 5.729499333e-05 2.693818718e-05 1.750137044e-05 3.618406242e-05
4.57280e+03 2.257790076e-05 6.040075876e-05 2.869940724e-05 1.875097822e-05 3.838425822e-05
4.57370e+03 2.375093222e-05 6.321992271e-05 3.014769786e-05 1.974726235e-05 4.025023918e-05
4.57460e+03 2.352753628e-05 6.288313975e-05 2.988724996e-05 1.954925175e-05 3.995509633e-05
4.57550e+03 2.318621535e-05 6.205018169e-05 2.946666991e-05 1.925462293e-05 3.941435482e-05
4.57640e+03 2.331079570e-05 6.229760224e-05 2.962871869e-05 1.936152150e-05 3.961681541e-05
4.57730e+03 2.328387058e-05 6.237188115e-05 2.962491910e-05 1.932770404e-05 3.964147648e-05
4.57820e+03 2.261629421e-05 6.100251589e-05 2.881442484e-05 1.874492076e-05 3.863490550e-05
4.57910e+03 2.136779118e-05 5.827241000e-05 2.727812554e-05 1.767604679e-05 3.670027203e-05
4.58000e+03 2.021421586e-05 5.570060671e-05 2.586547439e-05 1.669574190e-05 3.491718576e-05
4.58090e+03 2.001374560e-05 5.505900761e-05 2.560195678e-05 1.654279831e-05 3.454449897e-05
4.58180e+03 2.086505134e-05 5.646736534e-05 2.658990689e-05 1.730496197e-05 3.569299693e-05
4.58270e+03 2.170513323e-05 5.774996901e-05 2.755396902e-05 1.805753390e-05 3.679468660e-05
4.58360e+03 2.170476029e-05 5.756457480e-05 2.753704865e-05 1.806664945e-05 3.673558930e-05
4.58450e+03 2.123144847e-05 5.697161267e-05 2.702189180e-05 1.763012910e-05 3.617597705e-05
4.58540e+03 2.073165886e-05 5.654970539e-05 2.649578138e-05 1.715648118e-05 3.565163029e-05
4.58630e+03 2.077180597e-05 5.694205198e-05 2.658105065e-05 1.717257914e-05 3.582731953e-05
4.58720e+03 2.185567987e-05 5.910477517e-05 2.788226082e-05 1.811420381e-05 3.742725921e-05
4.58810e+03 2.320993574e-05 6.172845286e-05 2.949175855e-05 1.930032663e-05 3.938056766e-05
4.58900e+03 2.389530819e-05 6.311795754e-05 3.031219346e-05 1.989732302e-05 4.038345980e-05
4.58990e+03 2.362549733e-05 6.261614242e-05 2.999160090e-05 1.965954488e-05 3.998956588e-05
4.59080e+03 2.260249744e-05 6.043725543e-05 2.874924020e-05 1.877680037e-05 3.843685703e-05
4.59170e+03 2.158278103e-05 5.813584803e-05 2.749939378e-05 1.790501646e-05 3.686037371e-05
4.59260e+03 2.126832364e-05 5.750828963e-05 2.713145238e-05 1.762961512e-05 3.642512481e-05
4.59350e+03 2.139978840e-05 5.810142951e-05 2.732927024e-05 1.771787098e-05 3.674398747e-05
4.59440e+03 2.125205851e-05 5.799423407e-05 2.715978963e-05 1.758396955e-05 3.657392369e-05
4.59530e+03 2.096265224e-05 5.729560516e-05 2.678140716e-05 1.735643763e-05 3.607999832e-05
4.59620e+03 2.100082274e-05 5.728102697e-05 2.681400003e-05 1.739897742e-05 3.610103806e-05
4.59710e+03 2.117492897e-05 5.771456171e-05 2.703897599e-05 1.754377369e-05 3.639809762e-05
4.59800e+03 2.145316601e-05 5.839609300e-05 2.739260336e-05 1.778007801e-05 3.685698625e-05
4.59890e+03 2.185561016e-05 5.915728326e-05 2.788268561e-05 1.811699668e-05 3.744079340e-05
4.59980e+03 2.157637080e-05 5.840112642e-05 2.751808444e-05 1.787965196e-05 3.694012800e-05
4.60070e+03 2.107973334e-05 5.732888480e-05 2.690686085e-05 1.745959496e-05 3.617279904e-05
4.60160e+03 2.141925661e-05 5.814812479e-05 2.734398172e-05 1.773857225e-05 3.674468079e-05
4.60250e+03 2.188711584e-05 5.924923905e-05 2.793371177e-05 1.812604396e-05 3.750687886e-05
4.60340e+03 2.191431757e-05 5.933787108e-05 2.796782007e-05 1.814686916e-05 3.755836279e-05
4.60430e+03 2.164384911e-05 5.869740932e-05 2.762008833e-05 1.792413623e-05 3.711539757e-05
4.60520e+03 2.132201216e-05 5.803297771e-05 2.722335813e-05 1.765580768e-05 3.663176030e-05
4.60610e+03 2.162909691e-05 5.879003731e-05 2.761873405e-05 1.790721351e-05 3.714630510e-05
4.60700e+03 2.268212867e-05 6.110003567e-05 2.890525955e-05 1.880521509e-05 3.875053295e-05
4.60790e+03 2.404377530e-05 6.399953456e-05 3.054753987e-05 1.998764297e-05 4.078269616e-05
4.60880e+03 2.500098322e-05 6.605550728e-05 3.170861306e-05 2.082119482e-05 4.223033063e-05
4.60970e+03 2.484991060e-05 6.573104730e-05 3.152037526e-05 2.069715473e-05 4.199525311e-05
4.61060e+03 2.387900354e-05 6.359628989e-05 3.032377628e-05 1.986938127e-05 4.049170399e-05
4.61150e+03 2.306166083e-05 6.175664631e-05 2.931862342e-05 1.916883946e-05 3.922285997e-05
4.61240e+03 2.269109280e-05 6.086833443e-05 2.886650057e-05 1.884540600e-05 3.863969706e-05
4.61330e+03 2.256980203e-05 6.061363950e-05 2.872505935e-05 1.874096494e-05 3.846982137e-05
4.61420e+03 2.310302871e-05 6.179127449e-05 2.937451354e-05 1.920107667e-05 3.929154483e-05
4.61510e+03 2.377838188e-05 6.312930815e-05 3.018610779e-05 1.978585219e-05 4.027562074e-05
4.61600e+03 2.383954673e-05 6.306845031e-05 3.024888978e-05 1.984889788e-05 4.030795208e-05
4.61690e+03 2.392473365e-05 6.311803143e-05 3.034623217e-05 1.992760160e-05 4.040395318e-05
4.61780e+03 2.397700321e-05 6.315002285e-05 3.040004508e-05 1.997601090e-05 4.045785250e-05
4.61870e+03 2.337266368e-05 6.175848235e-05 2.964564358e-05 1.946213611e-05 3.949782384e-05
4.61960e+03 2.303535872e-05 6.103658625e-05 2.923795608e-05 1.917028803e-05 3.900057074e-05
4.62050e+03 2.370595824e-05 6.265189448e-05 3.008789240e-05 1.973567308e-05 4.010676434e-05
4.62140e+03 2.413686355e-05 6.389174076e-05 3.064228809e-05 2.009444498e-05 4.085371773e-05
4.62230e+03 2.374414694e-05 6.334517911e-05 3.017609075e-05 1.975122697e-05 4.032262307e-05
4.62320e+03 2.361130471e-05 6.310399988e-05 3.001721113e-05 1.963511023e-05 4.013542050e-05
4.62410e+03 2.377586322e-05 6.330557351e-05 3.021514019e-05 1.977555288e-05 4.035135328e-05
4.62500e+03 2.344629005e-05 6.246144613e-05 2.980724072e-05 1.949032515e-05 3.981355925e-05
4.62590e+03 2.304297289e-05 6.159733127e-05 2.932588818e-05 1.914138289e-05 3.922282806e-05
4.62680e+03 2.330307913e-05 6.220028873e-05 2.964814914e-05 1.936920284e-05 3.964055739e-05
4.62770e+03 2.375246171e-05 6.303296456e-05 3.017277060e-05 1.976316316e-05 4.026468269e-05
4.62860e+03 2.352342680e-05 6.224233166e-05 2.985897556e-05 1.957579217e-05 3.980870647e-05
4.62950e+03 2.311291473e-05 6.125972222e-05 2.935471244e-05 1.923027625e-05 3.916792649e-05
4.63040e+03 2.354732727e-05 6.241927692e-05 2.991800439e-05 1.959830648e-05 3.992602050e-05
4.63130e+03 2.421077433e-05 6.406834879e-05 3.074947157e-05 2.015930823e-05 4.100029072e-05
4.63220e+03 2.379107874e-05 6.317489319e-05 3.022854450e-05 1.979704293e-05 4.034355438e-05
4.63310e+03 2.275123358e-05 6.076852491e-05 2.893538222e-05 1.890834671e-05 3.869826416e-05
4.63400e+03 2.236605660e-05 5.977434299e-05 2.845202498e-05 1.858127776e-05 3.807138501e-05
4.63490e+03 2.259807796e-05 6.030274626e-05 2.874717402e-05 1.877860861e-05 3.845135323e-05
4.63580e+03 2.271783494e-05 6.069795580e-05 2.890972484e-05 1.887520633e-05 3.867593011e-05
4.63670e+03 2.227239310e-05 5.980504100e-05 2.836886802e-05 1.848719961e-05 3.800341035e-05
4.63760e+03 2.155773674e-05 5.832381058e-05 2.750934337e-05 1.786881089e-05 3.694176130e-05
4.63850e+03 2.118550316e-05 5.768478969e-05 2.708057096e-05 1.753546511e-05 3.644325331e-05
4.63940e+03 2.095720302e-05 5.741480640e-05 2.682872206e-05 1.732205941e-05 3.617817585e-05
4.64030e+03 2.114348900e-05 5.788008865e-05 2.705984487e-05 1.748346434e-05 3.649040227e-05
4.64120e+03 2.215718534e-05 5.990653636e-05 2.826830905e-05 1.837531126e-05 3.797341228e-05
4.64210e+03 2.290967424e-05 6.135258037e-05 2.915497025e-05 1.903962494e-05 3.903818300e-05
4.64300e+03 2.261025804e-05 6.063146455e-05 2.878692169e-05 1.878378361e-05 3.856118037e-05
4.64390e+03 2.194168160e-05 5.920877402e-05 2.797951161e-05 1.820344428e-05 3.755791196e-05
4.64480e+03 2.124786518e-05 5.773735210e-05 2.713804504e-05 1.759779833e-05 3.650450236e-05
4.64570e+03 2.010110280e-05 5.520510741e-05 2.573843461e-05 1.660451662e-05 3.473464519e-05
4.64660e+03 1.907373051e-05 5.279157082e-05 2.446292030e-05 1.573251940e-05 3.309611253e-05
4.64750e+03 1.906519881e-05 5.255083953e-05 2.442797667e-05 1.574389038e-05 3.301273828e-05
4.64840e+03 1.986615050e-05 5.431551477e-05 2.541463481e-05 1.643527269e-05 3.426674775e-05
4.64930e+03 2.091557584e-05 5.688005602e-05 2.673440769e-05 1.731926640e-05 3.598699503e-05
4.65020e+03 2.188721723e-05 5.919730172e-05 2.793394139e-05 1.813621793e-05 3.751928348e-05
4.65110e+03 2.251325660e-05 6.056922029e-05 2.869737779e-05 1.866905929e-05 3.846639355e-05
4.65200e+03 2.291614488e-05 6.137905330e-05 2.918917317e-05 1.901614078e-05 3.906604534e-05
4.65290e+03 2.304374151e-05 6.159975371e-05 2.933169604e-05 1.912832421e-05 3.923143934e-05
4.65380e+03 2.232288968e-05 5.992640025e-05 2.842601481e-05 1.851868471e-05 3.807331707e-05
4.65470e+03 2.129215505e-05 5.755188244e-05 2.715064611e-05 1.764451336e-05 3.645210514e-05
4.65560e+03 2.092970454e-05 5.666768975e-05 2.670640953e-05 1.733791297e-05 3.588774375e-05
4.65650e+03 2.127892155e-05 5.729387684e-05 2.711226868e-05 1.765474042e-05 3.637605199e-05
4.65740e+03 2.238133061e-05 5.964579796e-05 2.844714905e-05 1.861391534e-05 3.804180886e-05
4.65830e+03 2.390490609e-05 6.318002774e-05 3.033276042e-05 1.991368426e-05 4.045197190e-05
4.65920e+03 2.498877810e-05 6.577974881e-05 3.166974074e-05 2.083676566e-05 4.216971212e-05
4.66010e+03 2.511133258e-05 6.606426219e-05 3.180008860e-05 2.094809217e-05 4.232166389e-05
4.66100e+03 2.434236286e-05 6.429557559e-05 3.084248515e-05 2.029622423e-05 4.109830352e-05
4.66190e+03 2.318503028e-05 6.171594154e-05 2.943089489e-05 1.930181944e-05 3.932068333e-05
4.66280e+03 2.217963812e-05 5.952396276e-05 2.821581970e-05 1.843425038e-05 3.780237507e-05
4.66370e+03 2.180925504e-05 5.874977115e-05 2.778472336e-05 1.811206053e-05 3.727773556e-05
4.66460e+03 2.188339358e-05 5.888431726e-05 2.788386783e-05 1.817754120e-05 3.739952164e-05
4.66550e+03 2.114272702e-05 5.703786358e-05 2.694509215e-05 1.755916915e-05 3.616249056e-05
4.66640e+03 1.917171926e-05 5.238684926e-05 2.448145335e-05 1.589109904e-05 3.298036261e-05
4.66730e+03 1.756577111e-05 4.873785395e-05 2.250735794e-05 1.451769515e-05 3.046965908e-05
4.66820e+03 1.793776453e-05 4.968595355e-05 2.299965515e-05 1.481906486e-05 3.112651960e-05
4.66910e+03 1.980181730e-05 5.385142186e-05 2.530479953e-05 1.640673366e-05 3.405425145e-05
4.67000e+03 2.165836551e-05 5.784101706e-05 2.755692319e-05 1.800992736e-05 3.687521780e-05
4.67090e+03 2.273392904e-05 6.021845710e-05 2.885478797e-05 1.893952487e-05 3.850392751e-05
4.67180e+03 2.282596451e-05 6.058070107e-05 2.897860108e-05 1.901486771e-05 3.868136653e-05
4.67270e+03 2.226013991e-05 5.947072872e-05 2.830352767e-05 1.852612044e-05 3.785986924e-05
4.67360e+03 2.179907602e-05 5.863289532e-05 2.777611300e-05 1.811423425e-05 3.724943632e-05
4.67450e+03 2.190196846e-05 5.913727824e-05 2.794975504e-05 1.817606903e-05 3.753919390e-05
4.67540e+03 2.267959253e-05 6.102924316e-05 2.890926136e-05 1.883301295e-05 3.877754223e-05
4.67630e+03 2.349947527e-05 6.277182215e-05 2.988527769e-05 1.954719296e-05 3.998149734e-05
4.67720e+03 2.335689124e-05 6.221005569e-05 2.967632071e-05 1.944353553e-05 3.966291965e-05
4.67810e+03 2.236107875e-05 5.976586702e-05 2.842938233e-05 1.860707456e-05 3.803715743e-05
4.67900e+03 2.147272953e-05 5.774885146e-05 2.733575731e-05 1.784948987e-05 3.664521289e-05
4.67990e+03 2.100709012e-05 5.686461996e-05 2.678837089e-05 1.743739640e-05 3.598658983e-05
4.68080e+03 2.074932028e-05 5.643955555e-05 2.649620334e-05 1.719994750e-05 3.564943032e-05
4.68170e+03 2.087236951e-05 5.678462257e-05 2.666121784e-05 1.729430047e-05 3.588004465e-05
4.68260e+03 2.164196261e-05 5.850818185e-05 2.760604864e-05 1.795274305e-05 3.708235827e-05
4.68350e+03 2.248965901e-05 6.038742123e-05 2.864649815e-05 1.868015550e-05 3.839697652e-05
4.68440e+03 2.269294112e-05 6.083488812e-05 2.889731946e-05 1.885541524e-05 3.871221187e-05
4.68530e+03 2.261066402e-05 6.059304530e-05 2.878013741e-05 1.878921324e-05 3.854913848e-05
4.68620e+03 2.252255552e-05 6.036936024e-05 2.866249557e-05 1.871282249e-05 3.839608517e-05
4.68710e+03 2.218154390e-05 5.965222660e-05 2.825188104e-05 1.841215277e-05 3.789032350e-05
4.68800e+03 2.188516478e-05 5.900186846e-05 2.789660256e-05 1.815563888e-05 3.744799847e-05
4.68890e+03 2.201528237e-05 5.919977062e-05 2.805105216e-05 1.827383675e-05 3.762188413e-05
4.68980e+03 2.209307636e-05 5.929105648e-05 2.813516358e-05 1.834946733e-05 3.770526133e-05
4.69070e+03 2.175127518e-05 5.846441636e-05 2.770445633e-05 1.806222382e-05 3.714687255e-05
4.69160e+03 2.152951180e-05 5.793951242e-05 2.742561891e-05 1.787600442e-05 3.679522814e-05
4.69250e+03 2.176933702e-05 5.853929772e-05 2.772340203e-05 1.807944434e-05 3.719127242e-05
4.69340e+03 2.215181395e-05 5.947577834e-05 2.820438941e-05 1.840100934e-05 3.781786092e-05
4.69430e+03 2.265997953e-05 6.063282237e-05 2.883523408e-05 1.883691370e-05 3.861845875e-05
4.69520e+03 2.331773710e-05 6.209904895e-05 2.964283906e-05 1.940791843e-05 3.963932016e-05
4.69610e+03 2.362980619e-05 6.282680433e-05 3.002711163e-05 1.967579705e-05 4.012644357e-05
4.69700e+03 2.298969848e-05 6.146392361e-05 2.924743631e-05 1.911993059e-05 3.914535223e-05
4.69790e+03 2.158254836e-05 5.831331150e-05 2.751889096e-05 1.791037269e-05 3.695671807e-05
4.69880e+03 2.060564241e-05 5.598948596e-05 2.630553869e-05 1.708119569e-05 3.539563674e-05
4.69970e+03 2.079038892e-05 5.624266395e-05 2.651251952e-05 1.724813153e-05 3.562519579e-05
4.70060e+03 2.116808702e-05 5.705020122e-05 2.696803448e-05 1.757761404e-05 3.619106245e-05
4.70150e+03 2.091068680e-05 5.644857763e-05 2.665257991e-05 1.735930846e-05 3.577796160e-05
4.70240e+03 2.028556978e-05 5.495995669e-05 2.589082931e-05 1.682592860e-05 3.478523848e-05
4.70330e+03 2.022660826e-05 5.476753029e-05 2.581976473e-05 1.677727732e-05 3.468433167e-05
4.70420e+03 2.114809555e-05 5.687444440e-05 2.695544269e-05 1.756379378e-05 3.614580205e-05
4.70510e+03 2.201755521e-05 5.893972011e-05 2.803101304e-05 1.830083628e-05 3.754008623e-05
4.70600e+03 2.196663401e-05 5.886872849e-05 2.796778387e-05 1.824705897e-05 3.746147384e-05
4.70690e+03 2.126802888e-05 5.718036715e-05 2.709169470e-05 1.765094265e-05 3.631162257e-05
4.70780e+03 2.071346529e-05 5.571309521e-05 2.637908492e-05 1.719417393e-05 3.535835243e-05
4.70870e+03 2.058763204e-05 5.533582496e-05 2.621421262e-05 1.709649364e-05 3.514099621e-05
4.70960e+03 2.093391554e-05 5.626394038e-05 2.666588062e-05 1.738571993e-05 3.575716571e-05
4.71050e+03 2.198547308e-05 5.878908629e-05 2.798454834e-05 1.827748094e-05 3.746859378e-05
4.71140e+03 2.292845988e-05 6.096898479e-05 2.914867516e-05 1.908669175e-05 3.895952151e-05
4.71230e+03 2.285610363e-05 6.086037820e-05 2.905395460e-05 1.903152987e-05 3.884588365e-05
4.71320e+03 2.201375163e-05 5.896933993e-05 2.801283353e-05 1.830971931e-05 3.751910746e-05
4.71410e+03 2.103725416e-05 5.682419425e-05 2.682320769e-05 1.746858244e-05 3.602567227e-05
4.71500e+03 2.107286084e-05 5.694352152e-05 2.687838522e-05 1.748979469e-05 3.611292827e-05
4.71590e+03 2.235411382e-05 5.973990012e-05 2.844205146e-05 1.858281086e-05 3.807692613e-05
4.71680e+03 2.349553930e-05 6.221106664e-05 2.982299248e-05 1.956492124e-05 3.979765501e-05
4.71770e+03 2.386819465e-05 6.297343451e-05 3.027422580e-05 1.988480619e-05 4.034382024e-05
4.71860e+03 2.422364989e-05 6.366528654e-05 3.070618769e-05 2.019068104e-05 4.086453104e-05
4.71950e+03 2.474603642e-05 6.474712487e-05 3.133778736e-05 2.064478817e-05 4.164610369e-05
4.72040e+03 2.484206417e-05 6.493978836e-05 3.145495229e-05 2.073318706e-05 4.178812330e-05
4.72130e+03 2.433091341e-05 6.387098086e-05 3.083249482e-05 2.029138450e-05 4.101325329e-05
4.72220e+03 2.368205701e-05 6.261316911e-05 3.005264333e-05 1.972237153e-05 4.007060061e-05
4.72310e+03 2.363917990e-05 6.266407398e-05 3.001661450e-05 1.967371488e-05 4.005668916e-05
4.72400e+03 2.431452510e-05 6.416229107e-05 3.084963434e-05 2.025296107e-05 4.110726945e-05
4.72490e+03 2.489889496e-05 6.537623014e-05 3.155941473e-05 2.075939226e-05 4.198565919e-05
4.72580e+03 2.447707537e-05 6.437696865e-05 3.102764745e-05 2.040107733e-05 4.129587567e-05
4.72670e+03 2.278328176e-05 6.062686548e-05 2.894197700e-05 1.895274097e-05 3.866482849e-05
4.72760e+03 2.091084098e-05 5.648821442e-05 2.663924400e-05 1.735071377e-05 3.576805108e-05
4.72850e+03 2.015088477e-05 5.480578735e-05 2.570582597e-05 1.670069591e-05 3.459676676e-05
4.72940e+03 2.033415975e-05 5.516953563e-05 2.593610242e-05 1.686211560e-05 3.488043180e-05
4.73030e+03 2.074777535e-05 5.594011363e-05 2.643368298e-05 1.722428640e-05 3.547502908e-05
4.73120e+03 2.131465052e-05 5.703585176e-05 2.710828260e-05 1.771938388e-05 3.628814225e-05
4.73210e+03 2.209529044e-05 5.879949395e-05 2.807541649e-05 1.838475929e-05 3.751415939e-05
4.73300e+03 2.259297456e-05 6.009504438e-05 2.872136154e-05 1.879285105e-05 3.837415668e-05
4.73390e+03 2.281010460e-05 6.073731827e-05 2.900672887e-05 1.896731678e-05 3.877047883e-05
4.73480e+03 2.309786363e-05 6.136670574e-05 2.934286855e-05 1.921764006e-05 3.918493125e-05
4.73570e+03 2.270574423e-05 6.047053557e-05 2.885350767e-05 1.888732684e-05 3.855609349e-05
4.73660e+03 2.186177220e-05 5.861302545e-05 2.783124277e-05 1.816359149e-05 3.727087432e-05
4.73750e+03 2.224666855e-05 5.940888765e-05 2.830051288e-05 1.848957602e-05 3.785461458e-05
4.73840e+03 2.355590041e-05 6.219564922e-05 2.988304836e-05 1.961211392e-05 3.982538888e-05
4.73930e+03 2.390364853e-05 6.291490267e-05 3.030217491e-05 1.991568126e-05 4.034240587e-05
4.74020e+03 2.321365545e-05 6.139874300e-05 2.946216651e-05 1.932360383e-05 3.928689414e-05
4.74110e+03 2.273020952e-05 6.040056268e-05 2.887914738e-05 1.890222575e-05 3.856733991e-05
4.74200e+03 2.305271291e-05 6.112875991e-05 2.928098516e-05 1.917067553e-05 3.907503992e-05
4.74290e+03 2.368791433e-05 6.248255487e-05 3.005545935e-05 1.971781913e-05 4.003833120e-05
4.74380e+03 2.381691464e-05 6.270207578e-05 3.019737498e-05 1.983640744e-05 4.020353298e-05
4.74470e+03 2.342822169e-05 6.180073987e-05 2.971015851e-05 1.950796827e-05 3.958489924e-05
4.74560e+03 2.349702449e-05 6.193705971e-05 2.979585271e-05 1.956991457e-05 3.968835436e-05
4.74650e+03 2.413421755e-05 6.333029457e-05 3.058059681e-05 2.011750342e-05 4.067147414e-05
4.74740e+03 2.436635841e-05 6.378840302e-05 3.085660517e-05 2.032195076e-05 4.100856041e-05
4.74830e+03 2.414278801e-05 6.323577287e-05 3.056093962e-05 2.014029931e-05 4.062583982e-05
4.74920e+03 2.407467113e-05 6.317515739e-05 3.047389497e-05 2.008569511e-05 4.053501286e-05
4.75010e+03 2.417639734e-05 6.354453062e-05 3.061494015e-05 2.016591725e-05 4.073604076e-05
4.75100e+03 2.396219804e-05 6.311045406e-05 3.036576453e-05 1.997866308e-05 4.042673469e-05
4.75190e+03 2.336907784e-05 6.175499092e-05 2.963871563e-05 1.947220260e-05 3.950040350e-05
4.75280e+03 2.288500864e-05 6.064906844e-05 2.904949076e-05 1.904965658e-05 3.874868812e-05
4.75370e+03 2.255195524e-05 5.991236833e-05 2.865087925e-05 1.875837218e-05 3.824646292e-05
4.75460e+03 2.238617286e-05 5.948751459e-05 2.844095049e-05 1.862859548e-05 3.797252908e-05
4.75550e+03 2.243726620e-05 5.944799185e-05 2.848080338e-05 1.868245663e-05 3.799196960e-05
4.75640e+03 2.251777189e-05 5.963364069e-05 2.858399103e-05 1.874761460e-05 3.812441690e-05
4.75730e+03 2.271644146e-05 6.027924164e-05 2.885479838e-05 1.889807822e-05 3.850655514e-05
4.75820e+03 2.302680490e-05 6.121283715e-05 2.926666945e-05 1.913820427e-05 3.907946987e-05
4.75910e+03 2.347603959e-05 6.229890285e-05 2.983218183e-05 1.950995178e-05 3.981506378e-05
4.76000e+03 2.376966134e-05 6.282762063e-05 3.018368979e-05 1.976550480e-05 4.022920994e-05
4.76090e+03 2.320764025e-05 6.137477384e-05 2.947647204e-05 1.929912683e-05 3.928835234e-05
4.76180e+03 2.210076564e-05 5.869047034e-05 2.809275030e-05 1.837200495e-05 3.748957862e-05
4.76270e+03 2.155264165e-05 5.730248035e-05 2.740187502e-05 1.791343890e-05 3.658195744e-05
4.76360e+03 2.151162069e-05 5.721895464e-05 2.735534926e-05 1.787744376e-05 3.652837249e-05
4.76450e+03 2.113446463e-05 5.650065378e-05 2.689988822e-05 1.755010546e-05 3.597892202e-05
4.76540e+03 2.045955878e-05 5.518451448e-05 2.609499351e-05 1.696211646e-05 3.500649435e-05
4.76630e+03 2.034668781e-05 5.511533623e-05 2.599757814e-05 1.684744574e-05 3.493249541e-05
4.76720e+03 2.112514336e-05 5.694218902e-05 2.697596967e-05 1.749415625e-05 3.619254904e-05
4.76810e+03 2.215855153e-05 5.931867854e-05 2.824821885e-05 1.837370179e-05 3.781062237e-05
4.76900e+03 2.313510228e-05 6.151339712e-05 2.943910583e-05 1.920954808e-05 3.930474154e-05
4.76990e+03 2.362251908e-05 6.254433028e-05 3.002482964e-05 1.962647886e-05 4.002418070e-05
4.77080e+03 2.308976425e-05 6.126267142e-05 2.936022957e-05 1.917606604e-05 3.916822715e-05
4.77170e+03 2.230148162e-05 5.943434506e-05 2.839055065e-05 1.850603481e-05 3.793763758e-05
4.77260e+03 2.236786977e-05 5.964520441e-05 2.848201105e-05 1.855507862e-05 3.807064743e-05
4.77350e+03 2.331758346e-05 6.189758434e-05 2.966693247e-05 1.935414311e-05 3.959239954e-05
4.77440e+03 2.424685335e-05 6.401743064e-05 3.081265856e-05 2.014237339e-05 4.104183661e-05
4.77530e+03 2.425618177e-05 6.404631835e-05 3.081977982e-05 2.015314037e-05 4.104954349e-05
4.77620e+03 2.393015455e-05 6.338884900e-05 3.042378365e-05 1.987337574e-05 4.056482578e-05
4.77710e+03 2.417950327e-05 6.403137894e-05 3.074573394e-05 2.007640442e-05 4.098882813e-05
4.77800e+03 2.445887567e-05 6.461618218e-05 3.109257103e-05 2.030829898e-05 4.141794076e-05
4.77890e+03 2.417214153e-05 6.382183433e-05 3.072150494e-05 2.007261273e-05 4.091579764e-05
4.77980e+03 2.378793384e-05 6.289511488e-05 3.024072279e-05 1.975199093e-05 4.029742395e-05
4.78070e+03 2.368790464e-05 6.278078775e-05 3.014342927e-05 1.965094640e-05 4.020332454e-05
4.78160e+03 2.339466345e-05 6.229461809e-05 2.981402367e-05 1.938201697e-05 3.982477721e-05
4.78250e+03 2.258176604e-05 6.050994155e-05 2.880889455e-05 1.869140452e-05 3.855462280e-05
4.78340e+03 2.204784685e-05 5.925006041e-05 2.812728407e-05 1.825151328e-05 3.767296593e-05
4.78430e+03 2.251938741e-05 6.021653246e-05 2.868874678e-05 1.866693248e-05 3.836564311e-05
4.78520e+03 2.282884001e-05 6.075922346e-05 2.904005168e-05 1.894575646e-05 3.877849081e-05
4.78610e+03 2.223008675e-05 5.923987795e-05 2.827424489e-05 1.845442100e-05 3.777108905e-05
4.78700e+03 2.206532786e-05 5.875913753e-05 2.806181394e-05 1.832051721e-05 3.747652246e-05
4.78790e+03 2.254207212e-05 5.980522130e-05 2.864814398e-05 1.872182947e-05 3.820874126e-05
4.78880e+03 2.250236882e-05 5.971430477e-05 2.859177079e-05 1.869042825e-05 3.813517202e-05
4.78970e+03 2.227923346e-05 5.924909551e-05 2.831573802e-05 1.850394622e-05 3.779767147e-05
4.79060e+03 2.254754502e-05 5.993252699e-05 2.865630515e-05 1.872934506e-05 3.824978474e-05
4.79150e+03 2.296309709e-05 6.094195223e-05 2.917763534e-05 1.908590838e-05 3.892788670e-05
4.79240e+03 2.349409260e-05 6.215078826e-05 2.982606122e-05 1.954811472e-05 3.975393836e-05
4.79330e+03 2.445131207e-05 6.420821748e-05 3.099026548e-05 2.036590968e-05 4.120458245e-05
4.79420e+03 2.541254446e-05 6.627340220e-05 3.216642973e-05 2.118258860e-05 4.266753875e-05
4.79510e+03 2.567194589e-05 6.686264451e-05 3.249037632e-05 2.140400995e-05 4.307738507e-05
4.79600e+03 2.520769608e-05 6.591307524e-05 3.192042500e-05 2.100850638e-05 4.237690918e-05
4.79690e+03 2.450149937e-05 6.433086734e-05 3.104802877e-05 2.040750378e-05 4.127919866e-05
4.79780e+03 2.369386304e-05 6.239467854e-05 3.004432778e-05 1.972640931e-05 3.998821976e-05
4.79870e+03 2.284930275e-05 6.045380862e-05 2.900245770e-05 1.901012205e-05 3.866127237e-05
4.79960e+03 2.243970091e-05 5.958133922e-05 2.850486290e-05 1.865963310e-05 3.804035756e-05
4.80050e+03 2.286261836e-05 6.052205134e-05 2.903178690e-05 1.902437649e-05 3.870736880e-05
4.80140e+03 2.396313055e-05 6.288865695e-05 3.037660439e-05 1.997159495e-05 4.038739387e-05
4.80230e+03 2.488417357e-05 6.487064991e-05 3.148425088e-05 2.076861932e-05 4.176488170e-05
4.80320e+03 2.500996913e-05 6.507305623e-05 3.161637664e-05 2.088313634e-05 4.190690712e-05
4.80410e+03 2.431766250e-05 6.345056224e-05 3.076267174e-05 2.029178896e-05 4.081507114e-05
4.80500e+03 2.346699122e-05 6.154442943e-05 2.972809190e-05 1.956195598e-05 3.951703190e-05
4.80590e+03 2.317949968e-05 6.100025898e-05 2.939641006e-05 1.930558330e-05 3.911866207e-05
4.80680e+03 2.293581422e-05 6.066164414e-05 2.911902213e-05 1.908394915e-05 3.880499996e-05
4.80770e+03 2.250290467e-05 5.985654705e-05 2.859778416e-05 1.871031214e-05 3.817943853e-05
4.80860e+03 2.261392317e-05 6.004845629e-05 2.872088867e-05 1.881104199e-05 3.832481855e-05
4.80950e+03 2.328752934e-05 6.135228984e-05 2.952195732e-05 1.939705508e-05 3.929362485e-05
4.81040e+03 2.379432103e-05 6.233948287e-05 3.013165775e-05 1.983393368e-05 4.003231723e-05
4.81130e+03 2.387590295e-05 6.250934780e-05 3.023824988e-05 1.989810971e-05 4.016347967e-05
4.81220e+03 2.377205578e-05 6.235784907e-05 3.011564728e-05 1.980234043e-05 4.002601710e-05
4.81310e+03 2.366618762e-05 6.226562296e-05 2.999169045e-05 1.970790169e-05 3.990225073e-05
4.81400e+03 2.371605443e-05 6.250901955e-05 3.006928831e-05 1.974441903e-05 4.002960025e-05
4.81490e+03 2.393626978e-05 6.300784105e-05 3.035122231e-05 1.992782341e-05 4.039153736e-05
4.81580e+03 2.430846111e-05 6.372749136e-05 3.079928782e-05 2.024760053e-05 4.093470611e-05
4.81670e+03 2.469548293e-05 6.447992441e-05 3.125708043e-05 2.058813893e-05 4.148618803e-05
4.81760e+03 2.490669476e-05 6.491837703e-05 3.150758327e-05 2.078203058e-05 4.179203440e-05
4.81850e+03 2.512846177e-05 6.541738370e-05 3.178223102e-05 2.097535076e-05 4.213872878e-05
4.81940e+03 2.530793792e-05 6.583640116e-05 3.200427655e-05 2.112352767e-05 4.242036431e-05
4.82030e+03 2.512806394e-05 6.547542226e-05 3.178048936e-05 2.096731604e-05 4.214197116e-05
4.82120e+03 2.472312600e-05 6.458907151e-05 3.128030919e-05 2.062003573e-05 4.151234618e-05
4.82210e+03 2.387005706e-05 6.259361704e-05 3.023220018e-05 1.988716497e-05 4.016584771e-05
4.82300e+03 2.249058271e-05 5.930711924e-05 2.852429528e-05 1.871221691e-05 3.796112069e-05
4.82390e+03 2.193568097e-05 5.790937051e-05 2.782203678e-05 1.825027506e-05 3.704672260e-05
4.82480e+03 2.285702739e-05 5.998051491e-05 2.894758773e-05 1.904173516e-05 3.848191534e-05
4.82570e+03 2.398209749e-05 6.262600119e-05 3.033936061e-05 1.999504460e-05 4.026881817e-05
4.82660e+03 2.425277600e-05 6.337400739e-05 3.069718981e-05 2.021235831e-05 4.074963536e-05
4.82750e+03 2.377760535e-05 6.237569694e-05 3.013349021e-05 1.979844551e-05 4.005324314e-05
4.82840e+03 2.327014313e-05 6.116515853e-05 2.949314899e-05 1.937688705e-05 3.922301994e-05
4.82930e+03 2.327155264e-05 6.108026247e-05 2.947629053e-05 1.939577409e-05 3.917795653e-05
4.83020e+03 2.347464072e-05 6.155029312e-05 2.973561447e-05 1.956593337e-05 3.950746723e-05
4.83110e+03 2.296743543e-05 6.058275448e-05 2.913718096e-05 1.911205863e-05 3.879354440e-05
4.83200e+03 2.230274806e-05 5.923827387e-05 2.833910563e-05 1.853117425e-05 3.782550818e-05
4.83290e+03 2.266302679e-05 5.991314171e-05 2.875715717e-05 1.885156055e-05 3.832243615e-05
4.83380e+03 2.359050494e-05 6.178430941e-05 2.986414515e-05 1.966566431e-05 3.966833825e-05
4.83470e+03 2.405024172e-05 6.270821872e-05 3.042059562e-05 2.006757494e-05 4.034656547e-05
4.83560e+03 2.393506326e-05 6.236829935e-05 3.026970633e-05 1.997065755e-05 4.013915075e-05
4.83650e+03 2.385292589e-05 6.213138017e-05 3.015802510e-05 1.990165398e-05 3.998585428e-05
4.83740e+03 2.385734418e-05 6.214015878e-05 3.016543961e-05 1.990555287e-05 3.999435654e-05
4.83830e+03 2.332137906e-05 6.091936791e-05 2.949895606e-05 1.945588166e-05 3.914679206e-05
4.83920e+03 2.247625153e-05 5.896180909e-05 2.844039386e-05 1.874656458e-05 3.779436348e-05
4.84010e+03 2.216580567e-05 5.827592523e-05 2.805537488e-05 1.848820640e-05 3.731572699e-05
4.84100e+03 2.258847874e-05 5.929560681e-05 2.859085680e-05 1.884414123e-05 3.801257780e-05
4.84190e+03 2.287646195e-05 5.996464566e-05 2.895552151e-05 1.908109302e-05 3.847723789e-05
4.84280e+03 2.251950951e-05 5.918319425e-05 2.851075506e-05 1.877321026e-05 3.791820095e-05
4.84370e+03 2.251597744e-05 5.913859095e-05 2.849454049e-05 1.877314131e-05 3.789004044e-05
4.84460e+03 2.343246684e-05 6.101549290e-05 2.960432569e-05 1.956667864e-05 3.925752717e-05
4.84550e+03 2.433852827e-05 6.282229723e-05 3.069881446e-05 2.035605502e-05 4.059735474e-05
4.84640e+03 2.443205263e-05 6.279887161e-05 3.079484923e-05 2.044330498e-05 4.067421089e-05
4.84730e+03 2.370160412e-05 6.092922544e-05 2.988264041e-05 1.982106059e-05 3.948028095e-05
4.84820e+03 2.274635603e-05 5.865870687e-05 2.869539028e-05 1.901246354e-05 3.795711157e-05
4.84910e+03 2.263448748e-05 5.841747776e-05 2.855231517e-05 1.892591231e-05 3.777876883e-05
4.85000e+03 2.342725599e-05 6.022867485e-05 2.953258423e-05 1.960216624e-05 3.902646450e-05
4.85090e+03 2.384809980e-05 6.119658045e-05 3.006226770e-05 1.995020059e-05 3.970118562e-05
4.85180e+03 2.366356509e-05 6.073674915e-05 2.983408417e-05 1.979320710e-05 3.939759040e-05
4.85270e+03 2.355804245e-05 6.027435527e-05 2.967728456e-05 1.972364197e-05 3.914617642e-05
4.85360e+03 2.307255640e-05 5.880941826e-05 2.903973996e-05 1.933152124e-05 3.825796302e-05
4.85450e+03 2.170060563e-05 5.537072830e-05 2.731630937e-05 1.817812323e-05 3.600281205e-05
4.85540e+03 2.060249629e-05 5.262794630e-05 2.593703106e-05 1.726053559e-05 3.420856128e-05
4.85630e+03 2.101516945e-05 5.326836745e-05 2.641737810e-05 1.763100010e-05 3.476657800e-05
4.85720e+03 2.199142562e-05 5.511698137e-05 2.758774206e-05 1.848115948e-05 3.617773627e-05
4.85810e+03 2.190224874e-05 5.447311314e-05 2.743674260e-05 1.842445320e-05 3.589044398e-05
4.85900e+03 2.044152892e-05 5.047701892e-05 2.556239077e-05 1.721333232e-05 3.335459658e-05
4.85990e+03 1.809821818e-05 4.406929205e-05 2.254807437e-05 1.528109200e-05 2.928461387e-05
4.86080e+03 1.597881786e-05 3.827071820e-05 1.981017962e-05 1.354868921e-05 2.559635119e-05
4.86170e+03 1.597200664e-05 3.822003215e-05 1.979064362e-05 1.356257763e-05 2.557458175e-05
4.86260e+03 1.813118439e-05 4.401289848e-05 2.257426914e-05 1.534418669e-05 2.931652145e-05
4.86350e+03 1.994372161e-05 4.924893724e-05 2.494466858e-05 1.681067928e-05 3.257416788e-05
4.86440e+03 2.071309995e-05 5.182572128e-05 2.598304389e-05 1.741098597e-05 3.406787327e-05
4.86530e+03 2.147260794e-05 5.400341075e-05 2.696968314e-05 1.802786238e-05 3.541226165e-05
4.86620e+03 2.216027009e-05 5.596271952e-05 2.785479484e-05 1.859041241e-05 3.661298485e-05
4.86710e+03 2.231830197e-05 5.684679715e-05 2.810746435e-05 1.869090910e-05 3.704043504e-05
4.86800e+03 2.225376211e-05 5.718039042e-05 2.808753488e-05 1.860489883e-05 3.711792067e-05
4.86890e+03 2.237303918e-05 5.769522294e-05 2.826369595e-05 1.869232994e-05 3.738729388e-05
4.86980e+03 2.174329004e-05 5.647275760e-05 2.751138502e-05 1.813881048e-05 3.645721127e-05
4.87070e+03 1.981845213e-05 5.246857533e-05 2.518256592e-05 1.646863390e-05 3.355882257e-05
4.87160e+03 1.853825306e-05 4.984366336e-05 2.363234900e-05 1.535978614e-05 3.164128267e-05
4.87250e+03 1.950715815e-05 5.194210843e-05 2.481508382e-05 1.619783424e-05 3.313398034e-05
4.87340e+03 2.131612793e-05 5.580021154e-05 2.701504509e-05 1.776494289e-05 3.589333555e-05
4.87430e+03 2.209521673e-05 5.759915306e-05 2.796548167e-05 1.843537069e-05 3.711309538e-05
4.87520e+03 2.210280507e-05 5.772432976e-05 2.798238033e-05 1.843184347e-05 3.715376195e-05
4.87610e+03 2.238744399e-05 5.819909374e-05 2.831538725e-05 1.867825273e-05 3.753491810e-05
4.87700e+03 2.277537099e-05 5.896115374e-05 2.879016490e-05 1.900976526e-05 3.810859208e-05
4.87790e+03 2.299946844e-05 5.967955106e-05 2.909361696e-05 1.918826697e-05 3.853117713e-05
4.87880e+03 2.379462469e-05 6.168590930e-05 3.009717302e-05 1.985807415e-05 3.984519119e-05
4.87970e+03 2.442648900e-05 6.326490640e-05 3.089320331e-05 2.038512258e-05 4.088894919e-05
4.88060e+03 2.360806557e-05 6.167027085e-05 2.990783379e-05 1.967172519e-05 3.969507447e-05
4.88150e+03 2.249588775e-05 5.929630125e-05 2.854444015e-05 1.871953373e-05 3.799179018e-05
4.88240e+03 2.267586928e-05 5.942539776e-05 2.873955407e-05 1.888959139e-05 3.818326529e-05
4.88330e+03 2.331698630e-05 6.046865823e-05 2.948939013e-05 1.945873185e-05 3.905411059e-05
4.88420e+03 2.285421063e-05 5.934950268e-05 2.890681019e-05 1.906789267e-05 3.829994627e-05
4.88510e+03 2.156160243e-05 5.671184297e-05 2.734376240e-05 1.794854435e-05 3.637442493e-05
4.88600e+03 2.078518326e-05 5.520311201e-05 2.641414425e-05 1.727447123e-05 3.524547232e-05
4.88690e+03 2.106126978e-05 5.583199529e-05 2.675579351e-05 1.751249417e-05 3.568083849e-05
4.88780e+03 2.169760072e-05 5.718676228e-05 2.752318341e-05 1.806445088e-05 3.663243502e-05
4.88870e+03 2.186980197e-05 5.762392753e-05 2.772495612e-05 1.821219130e-05 3.688058871e-05
4.88960e+03 2.112057235e-05 5.613378301e-05 2.683634479e-05 1.754914789e-05 3.578416407e-05
4.89050e+03 1.951633584e-05 5.285000370e-05 2.491490649e-05 1.615027975e-05 3.341541478e-05
4.89140e+03 1.904017020e-05 5.202839853e-05 2.434362992e-05 1.573783765e-05 3.274098167e-05
4.89230e+03 2.105866181e-05 5.642822620e-05 2.680732796e-05 1.747342751e-05 3.583799744e-05
4.89320e+03 2.363149592e-05 6.184364034e-05 2.992963810e-05 1.969441102e-05 3.972878644e-05
4.89410e+03 2.519539921e-05 6.510617279e-05 3.181153948e-05 2.105354591e-05 4.206492959e-05
4.89500e+03 2.589558156e-05 6.660418736e-05 3.264535772e-05 2.166375024e-05 4.309725132e-05
4.89590e+03 2.592228571e-05 6.668364180e-05 3.267446957e-05 2.169267875e-05 4.313679355e-05
4.89680e+03 2.567287716e-05 6.613132584e-05 3.237135373e-05 2.148371224e-05 4.276082000e-05
4.89770e+03 2.550156330e-05 6.570389481e-05 3.216090139e-05 2.133441931e-05 4.248790857e-05
4.89860e+03 2.497367044e-05 6.441992540e-05 3.150852771e-05 2.087518934e-05 4.164392472e-05
4.89950e+03 2.404361409e-05 6.226007026e-05 3.036335744e-05 2.007617196e-05 4.018145502e-05
4.90040e+03 2.375133962e-05 6.166445855e-05 3.001641548e-05 1.982539222e-05 3.975741530e-05
4.90130e+03 2.414585051e-05 6.271362015e-05 3.052583746e-05 2.015637252e-05 4.043886574e-05
4.90220e+03 2.395961304e-05 6.241069029e-05 3.030756955e-05 1.998888369e-05 4.018218419e-05
4.90310e+03 2.318599232e-05 6.068584879e-05 2.933979526e-05 1.933173644e-05 3.894939301e-05
4.90400e+03 2.311937966e-05 6.048443728e-05 2.924134631e-05 1.928607627e-05 3.881152063e-05
4.90490e+03 2.416644882e-05 6.276394407e-05 3.052069545e-05 2.019037287e-05 4.041875779e-05
4.90580e+03 2.529199590e-05 6.523650961e-05 3.189747344e-05 2.115729532e-05 4.215451305e-05
4.90670e+03 2.536297832e-05 6.541596046e-05 3.198538515e-05 2.121911678e-05 4.227538389e-05
4.90760e+03 2.447121022e-05 6.346578325e-05 3.088625374e-05 2.045810426e-05 4.089201504e-05
4.90850e+03 2.334097413e-05 6.087324125e-05 2.948909930e-05 1.949250140e-05 3.910521158e-05
4.90940e+03 2.224063867e-05 5.818065032e-05 2.811574957e-05 1.856586055e-05 3.732072926e-05
4.91030e+03 2.163913834e-05 5.658482242e-05 2.733808470e-05 1.807861612e-05 3.628876984e-05
4.91120e+03 2.206223348e-05 5.751587450e-05 2.784598664e-05 1.845214763e-05 3.693236701e-05
4.91210e+03 2.301797393e-05 5.993125811e-05 2.905942725e-05 1.925082225e-05 3.852912345e-05
4.91300e+03 2.371094172e-05 6.177930478e-05 2.995968139e-05 1.981093761e-05 3.973140727e-05
4.91390e+03 2.420764926e-05 6.301448851e-05 3.059246707e-05 2.021558498e-05 4.055479201e-05
4.91480e+03 2.487605652e-05 6.449063159e-05 3.141713684e-05 2.078489786e-05 4.159016761e-05
4.91570e+03 2.524106939e-05 6.524290913e-05 3.185929786e-05 2.110302227e-05 4.213177076e-05
4.91660e+03 2.460229182e-05 6.369163215e-05 3.105581412e-05 2.056563749e-05 4.108277226e-05
4.91750e+03 2.278618049e-05 5.959305074e-05 2.882421304e-05 1.901070051e-05 3.824528375e-05
4.91840e+03 2.028752461e-05 5.428080263e-05 2.579981621e-05 1.685038051e-05 3.447359583e-05
4.91930e+03 1.826184591e-05 5.020414401e-05 2.339012671e-05 1.508012513e-05 3.152173275e-05
4.92020e+03 1.773186235e-05 4.924155619e-05 2.278216662e-05 1.460882137e-05 3.080718324e-05
4.92110e+03 1.906767843e-05 5.204011121e-05 2.439025381e-05 1.577032284e-05 3.280875198e-05
4.92200e+03 2.126537660e-05 5.641168946e-05 2.701314461e-05 1.768949463e-05 3.602089425e-05
4.92290e+03 2.246577366e-05 5.837799469e-05 2.839472939e-05 1.876288372e-05 3.762513836e-05
4.92380e+03 2.221121309e-05 5.741731825e-05 2.803612818e-05 1.856592366e-05 3.709713885e-05
4.92470e+03 2.190071539e-05 5.702978365e-05 2.769085771e-05 1.827932866e-05 3.673305349e-05
4.92560e+03 2.272981077e-05 5.939572272e-05 2.876534330e-05 1.895911167e-05 3.820258866e-05
4.92650e+03 2.390653841e-05 6.215857782e-05 3.021634274e-05 1.996074364e-05 4.005965232e-05
4.92740e+03 2.442836453e-05 6.326815178e-05 3.083785543e-05 2.041829350e-05 4.082475379e-05
4.92830e+03 2.487873743e-05 6.421990501e-05 3.137816208e-05 2.081487145e-05 4.148810092e-05
4.92920e+03 2.543886932e-05 6.537115140e-05 3.205690386e-05 2.130048106e-05 4.232294605e-05
4.93010e+03 2.549298900e-05 6.545523226e-05 3.211818752e-05 2.135009684e-05 4.239521319e-05
4.93100e+03 2.532385601e-05 6.503701942e-05 3.190694309e-05 2.120551499e-05 4.211545093e-05
4.93190e+03 2.478485419e-05 6.371786869e-05 3.124497464e-05 2.073898076e-05 4.124930229e-05
4.93280e+03 2.331062493e-05 6.027183916e-05 2.942510037e-05 1.947554087e-05 3.891466159e-05
4.93370e+03 2.217446009e-05 5.763816586e-05 2.801037973e-05 1.851206532e-05 3.710565425e-05
4.93460e+03 2.280165554e-05 5.911850938e-05 2.878852491e-05 1.905089573e-05 3.810846621e-05
4.93550e+03 2.384280557e-05 6.165441295e-05 3.009048909e-05 1.993485747e-05 3.980418557e-05
4.93640e+03 2.343490504e-05 6.091974147e-05 2.960268711e-05 1.958018631e-05 3.922889728e-05
4.93730e+03 2.180158206e-05 5.733233080e-05 2.762059064e-05 1.816631271e-05 3.674160604e-05
4.93820e+03 2.029077515e-05 5.395646731e-05 2.578118164e-05 1.685715340e-05 3.441435392e-05
4.93910e+03 2.022602198e-05 5.384337607e-05 2.569224475e-05 1.680429493e-05 3.429888441e-05
4.94000e+03 2.186006129e-05 5.759310617e-05 2.769896648e-05 1.820919260e-05 3.685481013e-05
4.94090e+03 2.372059694e-05 6.188661802e-05 3.000670636e-05 1.979482907e-05 3.980770411e-05
4.94180e+03 2.451759820e-05 6.372199859e-05 3.099375376e-05 2.047116986e-05 4.106905258e-05
4.94270e+03 2.487798467e-05 6.439402757e-05 3.141560514e-05 2.078700813e-05 4.157039450e-05
4.94360e+03 2.534620555e-05 6.527007856e-05 3.196767095e-05 2.119562766e-05 4.222849179e-05
4.94450e+03 2.516580993e-05 6.481761534e-05 3.173827029e-05 2.103969508e-05 4.192568584e-05
4.94540e+03 2.432584025e-05 6.295983603e-05 3.070637090e-05 2.032021401e-05 4.062365421e-05
4.94630e+03 2.408393628e-05 6.238566227e-05 3.040591031e-05 2.011988733e-05 4.024128199e-05
4.94720e+03 2.473584014e-05 6.375678061e-05 3.120118384e-05 2.068191782e-05 4.123840301e-05
4.94810e+03 2.529852411e-05 6.493693748e-05 3.187818497e-05 2.116697319e-05 4.207891516e-05
4.94900e+03 2.536647640e-05 6.503434166e-05 3.194540007e-05 2.123268633e-05 4.214381614e-05
4.94990e+03 2.537618178e-05 6.510115128e-05 3.195895867e-05 2.124363602e-05 4.216392591e-05
4.95080e+03 2.560383953e-05 6.564692546e-05 3.224876690e-05 2.143614092e-05 4.253579433e-05
4.95170e+03 2.553759998e-05 6.545949086e-05 3.217673050e-05 2.137674765e-05 4.243907080e-05
4.95260e+03 2.495302617e-05 6.415131133e-05 3.146063981e-05 2.087231492e-05 4.153320799e-05
4.95350e+03 2.447626012e-05 6.323250709e-05 3.088954375e-05 2.044778324e-05 4.083727372e-05
4.95440e+03 2.433065686e-05 6.318177832e-05 3.075748374e-05 2.029456206e-05 4.071928603e-05
4.95530e+03 2.386244305e-05 6.236941342e-05 3.023382347e-05 1.986302944e-05 4.009217064e-05
4.95620e+03 2.185708018e-05 5.796938194e-05 2.780822586e-05 1.812096776e-05 3.703514245e-05
4.95710e+03 1.899195738e-05 5.168467551e-05 2.430021453e-05 1.566525153e-05 3.262266320e-05
4.95800e+03 1.868406405e-05 5.118983678e-05 2.392227663e-05 1.540690728e-05 3.218667951e-05
4.95890e+03 2.153340164e-05 5.756009445e-05 2.742765849e-05 1.784477053e-05 3.663283313e-05
4.95980e+03 2.422242619e-05 6.337107168e-05 3.070651688e-05 2.016097767e-05 4.074976316e-05
4.96070e+03 2.495562293e-05 6.480240288e-05 3.157461079e-05 2.080394607e-05 4.180938854e-05
4.96160e+03 2.463576033e-05 6.400361132e-05 3.117515882e-05 2.053125887e-05 4.129189587e-05
4.96250e+03 2.452538557e-05 6.376307021e-05 3.104128169e-05 2.043657198e-05 4.112617116e-05
4.96340e+03 2.458145533e-05 6.393451408e-05 3.112347182e-05 2.047992995e-05 4.124123358e-05
4.96430e+03 2.390078445e-05 6.247454636e-05 3.030825742e-05 1.988734624e-05 4.023068996e-05
4.96520e+03 2.270432312e-05 5.979631902e-05 2.883811009e-05 1.886280606e-05 3.837748915e-05
4.96610e+03 2.215924859e-05 5.847103356e-05 2.814113891e-05 1.840659674e-05 3.747175577e-05
4.96700e+03 2.232850724e-05 5.875675362e-05 2.833366017e-05 1.855753840e-05 3.769393185e-05
4.96790e+03 2.250474073e-05 5.911257066e-05 2.854774808e-05 1.871363596e-05 3.795704646e-05
4.96880e+03 2.270090964e-05 5.944652278e-05 2.877467112e-05 1.889508305e-05 3.821822645e-05
4.96970e+03 2.296361904e-05 5.985952904e-05 2.907737399e-05 1.913640800e-05 3.856434620e-05
4.97060e+03 2.328382113e-05 6.049724661e-05 2.945536121e-05 1.942572399e-05 3.903008925e-05
4.97150e+03 2.389328485e-05 6.184887530e-05 3.019087270e-05 1.995102706e-05 3.995728492e-05
4.97240e+03 2.440717595e-05 6.301536607e-05 3.082036507e-05 2.038467653e-05 4.075616554e-05
4.97330e+03 2.465182138e-05 6.363235164e-05 3.113667109e-05 2.058648954e-05 4.117020209e-05
4.97420e+03 2.481858050e-05 6.413336904e-05 3.135911517e-05 2.072092881e-05 4.147855432e-05
4.97510e+03 2.467864755e-05 6.397198541e-05 3.119245220e-05 2.059521479e-05 4.130155157e-05
4.97600e+03 2.433150910e-05 6.323994037e-05 3.074845071e-05 2.030378774e-05 4.074687044e-05
4.97690e+03 2.388821524e-05 6.222154924e-05 3.018740586e-05 1.993461367e-05 4.002983206e-05
4.97780e+03 2.307125139e-05 6.040865024e-05 2.919016427e-05 1.923584813e-05 3.877526494e-05
4.97870e+03 2.237223661e-05 5.883384821e-05 2.834599415e-05 1.863034664e-05 3.770864540e-05
4.97960e+03 2.234185068e-05 5.865360795e-05 2.831444046e-05 1.859989193e-05 3.764259165e-05
4.98050e+03 2.222558236e-05 5.825846111e-05 2.818042804e-05 1.849067132e-05 3.744203591e-05
4.98140e+03 2.109471247e-05 5.563003044e-05 2.681579016e-05 1.750585901e-05 3.569836080e-05
4.98230e+03 1.954063652e-05 5.205681033e-05 2.490466416e-05 1.618393296e-05 3.326011191e-05
4.98320e+03 1.904929215e-05 5.077216610e-05 2.425313631e-05 1.579758036e-05 3.239223346e-05
4.98410e+03 1.977784362e-05 5.224488403e-05 2.510836879e-05 1.643966967e-05 3.344266529e-05
4.98500e+03 2.071220239e-05 5.442596167e-05 2.626236433e-05 1.723047800e-05 3.492984894e-05
4.98590e+03 2.169021950e-05 5.693942638e-05 2.749886540e-05 1.804993515e-05 3.657226781e-05
4.98680e+03 2.297846072e-05 6.007588670e-05 2.910635218e-05 1.913534716e-05 3.866527280e-05
4.98770e+03 2.378566174e-05 6.195626843e-05 3.011215014e-05 1.981342553e-05 3.995426910e-05
4.98860e+03 2.366993997e-05 6.164559814e-05 2.997410516e-05 1.970848117e-05 3.976498299e-05
4.98950e+03 2.318122737e-05 6.042376785e-05 2.936901524e-05 1.929214312e-05 3.897081639e-05
4.99040e+03 2.266443014e-05 5.912727438e-05 2.872328576e-05 1.885712828e-05 3.812434340e-05
4.99130e+03 2.260514435e-05 5.893481905e-05 2.863605676e-05 1.882122117e-05 3.800401619e-05
4.99220e+03 2.314696617e-05 6.006466355e-05 2.928194942e-05 1.929706995e-05 3.880618994e-05
4.99310e+03 2.319716044e-05 6.012422453e-05 2.933958665e-05 1.933817754e-05 3.887025681e-05
4.99400e+03 2.287516150e-05 5.951856838e-05 2.896342935e-05 1.905121594e-05 3.841881951e-05
4.99490e+03 2.321779526e-05 6.046860252e-05 2.941016491e-05 1.933454352e-05 3.902260243e-05
4.99580e+03 2.369984386e-05 6.170587072e-05 3.001600992e-05 1.974429506e-05 3.982018031e-05
4.99670e+03 2.370066326e-05 6.178246551e-05 3.000552218e-05 1.974826400e-05 3.981596434e-05
4.99760e+03 2.345713027e-05 6.114510826e-05 2.969018397e-05 1.954520069e-05 3.939825794e-05
4.99850e+03 2.276166740e-05 5.949403793e-05 2.884270560e-05 1.894703746e-05 3.831143498e-05
4.99940e+03 2.169633060e-05 5.716046281e-05 2.755912312e-05 1.802227439e-05 3.670089484e-05
5.00030e+03 2.111159782e-05 5.581398064e-05 2.684187844e-05 1.752139730e-05 3.578379800e-05
5.00120e+03 2.111833892e-05 5.568963249e-05 2.683065557e-05 1.754410531e-05 3.573943709e-05
5.00210e+03 2.131116789e-05 5.612461629e-05 2.705767980e-05 1.772092873e-05 3.602742028e-05
5.00300e+03 2.156786709e-05 5.680924213e-05 2.737958176e-05 1.794173673e-05 3.646290996e-05
5.00390e+03 2.151741579e-05 5.669096832e-05 2.732280430e-05 1.789720493e-05 3.640254058e-05
5.00480e+03 2.063145625e-05 5.457873465e-05 2.623052453e-05 1.713636273e-05 3.499712053e-05
5.00570e+03 1.938785287e-05 5.176062480e-05 2.470819839e-05 1.606692022e-05 3.305451944e-05
5.00660e+03 1.932653782e-05 5.175736785e-05 2.465141398e-05 1.600688253e-05 3.300105701e-05
5.00750e+03 2.087296982e-05 5.538477656e-05 2.657290923e-05 1.731928664e-05 3.546700142e-05
5.00840e+03 2.252483954e-05 5.919706537e-05 2.861741169e-05 1.871976088e-05 3.808777243e-05
5.00930e+03 2.301323633e-05 6.030606729e-05 2.921668899e-05 1.913662911e-05 3.885996209e-05
5.01020e+03 2.270346596e-05 5.943226609e-05 2.881099630e-05 1.888905702e-05 3.830919984e-05
5.01110e+03 2.190188002e-05 5.737759078e-05 2.779755319e-05 1.821848205e-05 3.696507088e-05
5.01200e+03 2.059962945e-05 5.439399965e-05 2.618828020e-05 1.711090150e-05 3.491031379e-05
5.01290e+03 1.950182595e-05 5.201949158e-05 2.484779757e-05 1.617039796e-05 3.323113658e-05
5.01380e+03 1.904732860e-05 5.116963047e-05 2.431329454e-05 1.576789062e-05 3.258894905e-05
5.01470e+03 1.951156762e-05 5.237646969e-05 2.490081635e-05 1.615257843e-05 3.336091155e-05
5.01560e+03 2.063464587e-05 5.485407128e-05 2.627168776e-05 1.711663073e-05 3.508455129e-05
5.01650e+03 2.114220324e-05 5.565307265e-05 2.684919317e-05 1.757796421e-05 3.574743279e-05
5.01740e+03 2.074238643e-05 5.416912336e-05 2.627836683e-05 1.728070556e-05 3.490492936e-05
5.01830e+03 2.057583188e-05 5.339835533e-05 2.601375654e-05 1.717239944e-05 3.449093181e-05
5.01920e+03 2.117140063e-05 5.492149140e-05 2.676905473e-05 1.766772734e-05 3.549402369e-05
5.02010e+03 2.168243644e-05 5.659228060e-05 2.747713698e-05 1.805999719e-05 3.650692828e-05
5.02100e+03 2.141603651e-05 5.638389056e-05 2.721291186e-05 1.779449722e-05 3.625503677e-05
5.02190e+03 2.075815160e-05 5.513892532e-05 2.644254786e-05 1.721114716e-05 3.532518342e-05
5.02280e+03 2.088088793e-05 5.549423687e-05 2.659539983e-05 1.731552444e-05 3.552775466e-05
5.02370e+03 2.185585617e-05 5.761334044e-05 2.776934480e-05 1.816252321e-05 3.699413955e-05
5.02460e+03 2.251943916e-05 5.907088285e-05 2.857050583e-05 1.873894096e-05 3.799950216e-05
5.02550e+03 2.255674045e-05 5.910705460e-05 2.861007716e-05 1.877704974e-05 3.803993337e-05
5.02640e+03 2.197592976e-05 5.764602656e-05 2.788681881e-05 1.828502174e-05 3.709592788e-05
5.02730e+03 2.106956862e-05 5.557930246e-05 2.677377051e-05 1.750857038e-05 3.567842193e-05
5.02820e+03 2.125224174e-05 5.608525630e-05 2.700633856e-05 1.765687965e-05 3.598732168e-05
5.02910e+03 2.240740053e-05 5.867416881e-05 2.842589843e-05 1.864355576e-05 3.778913631e-05
5.03000e+03 2.312762764e-05 6.012200727e-05 2.928594033e-05 1.927102688e-05 3.884842873e-05
5.03090e+03 2.340917521e-05 6.058992346e-05 2.960211540e-05 1.952342014e-05 3.921257094e-05
5.03180e+03 2.393786013e-05 6.184964867e-05 3.025788447e-05 1.997209012e-05 4.005653053e-05
5.03270e+03 2.463867603e-05 6.358223493e-05 3.114758647e-05 2.055831627e-05 4.120986986e-05
5.03360e+03 2.480316793e-05 6.397883827e-05 3.136754433e-05 2.069195509e-05 4.148762013e-05
5.03450e+03 2.371029249e-05 6.144079565e-05 3.002143488e-05 1.975687781e-05 3.976185389e-05
5.03540e+03 2.186450121e-05 5.733664568e-05 2.774852620e-05 1.818065246e-05 3.688665399e-05
5.03630e+03 2.115670616e-05 5.590079462e-05 2.687961707e-05 1.757726113e-05 3.581525991e-05
5.03720e+03 2.184898242e-05 5.745016442e-05 2.772394129e-05 1.817430294e-05 3.688524099e-05
5.03810e+03 2.196382155e-05 5.760110580e-05 2.785760956e-05 1.827769485e-05 3.703523144e-05
5.03900e+03 2.076867892e-05 5.488187339e-05 2.639320805e-05 1.725105664e-05 3.517678137e-05
5.03990e+03 1.898917957e-05 5.079934277e-05 2.420965726e-05 1.572080287e-05 3.239939835e-05
5.04080e+03 1.758487258e-05 4.752713336e-05 2.247249814e-05 1.452872869e-05 3.017798971e-05
5.04170e+03 1.818106542e-05 4.890891385e-05 2.319437341e-05 1.505190851e-05 3.109830127e-05
5.04260e+03 2.064193225e-05 5.466599607e-05 2.624466180e-05 1.714288867e-05 3.500566707e-05
5.04350e+03 2.270608072e-05 5.949562557e-05 2.881386749e-05 1.888304240e-05 3.829428349e-05
5.04440e+03 2.379484924e-05 6.195922056e-05 3.014651850e-05 1.981325296e-05 3.997877802e-05
5.04530e+03 2.464294570e-05 6.374802528e-05 3.116415954e-05 2.055312283e-05 4.124468425e-05
5.04620e+03 2.498928384e-05 6.438941479e-05 3.157339003e-05 2.086337430e-05 4.174258096e-05
5.04710e+03 2.411135439e-05 6.233549376e-05 3.048493696e-05 2.012276100e-05 4.035164825e-05
5.04800e+03 2.234166432e-05 5.841555466e-05 2.831202184e-05 1.860740377e-05 3.760860314e-05
5.04890e+03 2.105437968e-05 5.571807399e-05 2.676235041e-05 1.748419794e-05 3.568102900e-05
5.04980e+03 2.091254263e-05 5.551934680e-05 2.661824228e-05 1.734020007e-05 3.551762524e-05
5.05070e+03 2.124524575e-05 5.608583790e-05 2.700729622e-05 1.763137371e-05 3.597547239e-05
5.05160e+03 2.144236596e-05 5.630685178e-05 2.721558229e-05 1.782613541e-05 3.620602385e-05
5.05250e+03 2.186552736e-05 5.731499649e-05 2.773607174e-05 1.819490941e-05 3.688303401e-05
5.05340e+03 2.267793486e-05 5.937480899e-05 2.876140281e-05 1.887259463e-05 3.822408524e-05
5.05430e+03 2.347179789e-05 6.127020529e-05 2.975307330e-05 1.953934007e-05 3.949533523e-05
5.05520e+03 2.384564712e-05 6.206428143e-05 3.021712755e-05 1.985551381e-05 4.007603003e-05
5.05610e+03 2.378888631e-05 6.189980956e-05 3.014354181e-05 1.981092939e-05 3.997872023e-05
5.05700e+03 2.378448878e-05 6.183789914e-05 3.011885293e-05 1.982185172e-05 3.993223491e-05
5.05790e+03 2.399901738e-05 6.230441510e-05 3.037231345e-05 2.001391037e-05 4.024615950e-05
5.05880e+03 2.413098460e-05 6.269507362e-05 3.054258332e-05 2.011784281e-05 4.047775290e-05
5.05970e+03 2.424873110e-05 6.303316973e-05 3.069122723e-05 2.021323986e-05 4.067791777e-05
5.06060e+03 2.465701006e-05 6.394782106e-05 3.119170215e-05 2.056482929e-05 4.130909288e-05
5.06150e+03 2.499082422e-05 6.472624351e-05 3.161672223e-05 2.084355715e-05 4.185213027e-05
5.06240e+03 2.474810359e-05 6.423596771e-05 3.133457495e-05 2.062467196e-05 4.150666927e-05
5.06330e+03 2.360479428e-05 6.159485868e-05 2.992653859e-05 1.964050640e-05 3.971120948e-05
5.06420e+03 2.178393890e-05 5.742280631e-05 2.768241650e-05 1.808336357e-05 3.685322408e-05
5.06510e+03 2.090527406e-05 5.547333885e-05 2.659427564e-05 1.734056239e-05 3.547806935e-05
5.06600e+03 2.157700758e-05 5.703086627e-05 2.741640198e-05 1.792010914e-05 3.653312491e-05
5.06690e+03 2.214384553e-05 5.836062982e-05 2.813155931e-05 1.839570909e-05 3.745800071e-05
5.06780e+03 2.187668765e-05 5.782122343e-05 2.782561122e-05 1.815174482e-05 3.708191672e-05
5.06870e+03 2.185143648e-05 5.780503641e-05 2.780303354e-05 1.812561351e-05 3.705999786e-05
5.06960e+03 2.261168951e-05 5.952372686e-05 2.873481087e-05 1.878616823e-05 3.824584933e-05
5.07050e+03 2.309513778e-05 6.050617491e-05 2.931298135e-05 1.920971880e-05 3.895956733e-05
5.07140e+03 2.242454432e-05 5.885851732e-05 2.846872859e-05 1.864133871e-05 3.785902583e-05
5.07230e+03 2.173614125e-05 5.727843708e-05 2.761156203e-05 1.805714842e-05 3.676086083e-05
5.07320e+03 2.219698927e-05 5.825940138e-05 2.816028476e-05 1.846166971e-05 3.743727371e-05
5.07410e+03 2.282270134e-05 5.950612633e-05 2.890502081e-05 1.901061087e-05 3.834612577e-05
5.07500e+03 2.260717890e-05 5.906872106e-05 2.865279680e-05 1.882457091e-05 3.804369760e-05
5.07590e+03 2.233376907e-05 5.875318409e-05 2.836847372e-05 1.856367317e-05 3.774792775e-05
5.07680e+03 2.272419239e-05 5.974077109e-05 2.886504291e-05 1.888699267e-05 3.839777644e-05
5.07770e+03 2.274368395e-05 5.948486994e-05 2.884397971e-05 1.892478021e-05 3.831160326e-05
5.07860e+03 2.114110769e-05 5.556368716e-05 2.682963569e-05 1.757738562e-05 3.569387039e-05
5.07950e+03 1.919475712e-05 5.118527825e-05 2.443083215e-05 1.592076602e-05 3.264738622e-05
5.08040e+03 1.896035181e-05 5.085432857e-05 2.416434121e-05 1.571185915e-05 3.234218823e-05
5.08130e+03 2.007537819e-05 5.360299753e-05 2.557573229e-05 1.664368220e-05 3.418020144e-05
5.08220e+03 2.088029531e-05 5.555013519e-05 2.659825911e-05 1.730910382e-05 3.550894650e-05
5.08310e+03 2.100079198e-05 5.579141945e-05 2.674519869e-05 1.741181311e-05 3.569311084e-05
5.08400e+03 2.134063367e-05 5.653326037e-05 2.714855179e-05 1.771475565e-05 3.620027661e-05
5.08490e+03 2.213599595e-05 5.836482843e-05 2.812295132e-05 1.839430753e-05 3.744707872e-05
5.08580e+03 2.273027046e-05 5.967014881e-05 2.884543596e-05 1.890618444e-05 3.836550987e-05
5.08670e+03 2.280204403e-05 5.967671982e-05 2.891000867e-05 1.897837843e-05 3.841637759e-05
5.08760e+03 2.268442744e-05 5.936774221e-05 2.876090786e-05 1.887836536e-05 3.820951680e-05
5.08850e+03 2.280563897e-05 5.977035879e-05 2.892883275e-05 1.897518765e-05 3.844238416e-05
5.08940e+03 2.306252259e-05 6.040190663e-05 2.925635034e-05 1.918820685e-05 3.886582577e-05
5.09030e+03 2.311978462e-05 6.043199722e-05 2.932038441e-05 1.923543746e-05 3.892260344e-05
5.09120e+03 2.318966837e-05 6.054897102e-05 2.940087496e-05 1.930153779e-05 3.901713948e-05
5.09210e+03 2.370686465e-05 6.168897728e-05 3.002284034e-05 1.975558003e-05 3.980537152e-05
5.09300e+03 2.429846344e-05 6.294214137e-05 3.072924817e-05 2.027401266e-05 4.068474642e-05
5.09390e+03 2.421821651e-05 6.286650435e-05 3.064723329e-05 2.019405668e-05 4.059946333e-05
5.09480e+03 2.351238211e-05 6.158816816e-05 2.983660670e-05 1.956019540e-05 3.963714730e-05
5.09570e+03 2.277203393e-05 5.994716592e-05 2.894290454e-05 1.891793411e-05 3.850916349e-05
5.09660e+03 2.209107116e-05 5.801916074e-05 2.804157661e-05 1.837229981e-05 3.728407171e-05
5.09750e+03 2.115076722e-05 5.550173286e-05 2.681010503e-05 1.761079645e-05 3.563631812e-05
5.09840e+03 1.998104301e-05 5.280968166e-05 2.535819743e-05 1.661814487e-05 3.377969362e-05
5.09930e+03 1.973038414e-05 5.243567504e-05 2.508321089e-05 1.638697535e-05 3.346854222e-05
5.10020e+03 2.102514032e-05 5.556507554e-05 2.671863430e-05 1.746248114e-05 3.558434754e-05
5.10110e+03 2.255566206e-05 5.925054867e-05 2.864505884e-05 1.874055848e-05 3.807969072e-05
5.10200e+03 2.315854096e-05 6.078420097e-05 2.940923814e-05 1.924301658e-05 3.909204441e-05
5.10290e+03 2.287291224e-05 6.022396193e-05 2.906214943e-05 1.899896246e-05 3.867248056e-05
5.10380e+03 2.234608903e-05 5.909610921e-05 2.841727943e-05 1.854955221e-05 3.786332791e-05
5.10470e+03 2.208993689e-05 5.855771654e-05 2.811185433e-05 1.832969033e-05 3.748005798e-05
5.10560e+03 2.201802356e-05 5.834455793e-05 2.802464151e-05 1.826982036e-05 3.736189123e-05
5.10650e+03 2.159769755e-05 5.722807941e-05 2.748997677e-05 1.791553859e-05 3.665066550e-05
5.10740e+03 2.102077231e-05 5.578191802e-05 2.675333994e-05 1.743302088e-05 3.567972874e-05
5.10830e+03 2.098564276e-05 5.564545898e-05 2.668912288e-05 1.741382878e-05 3.558417744e-05
5.10920e+03 2.104029592e-05 5.571505342e-05 2.675236065e-05 1.746270258e-05 3.566118473e-05
5.11010e+03 2.093821696e-05 5.551348078e-05 2.663873026e-05 1.737135958e-05 3.552665650e-05
5.11100e+03 2.147086068e-05 5.687964494e-05 2.731500730e-05 1.781170409e-05 3.641489115e-05
5.11190e+03 2.232715313e-05 5.899012955e-05 2.839488963e-05 1.852509022e-05 3.782510819e-05
5.11280e+03 2.270380265e-05 5.990965121e-05 2.886995630e-05 1.883950968e-05 3.844617372e-05
5.11370e+03 2.295152370e-05 6.030311201e-05 2.914473727e-05 1.906902298e-05 3.875562990e-05
5.11460e+03 2.323016357e-05 6.064394666e-05 2.943480114e-05 1.933879041e-05 3.905999563e-05
5.11550e+03 2.331296615e-05 6.080809457e-05 2.953071090e-05 1.941798423e-05 3.917806924e-05
5.11640e+03 2.360160054e-05 6.162654026e-05 2.991479831e-05 1.964999376e-05 3.969883579e-05
5.11730e+03 2.411285051e-05 6.279762021e-05 3.054791473e-05 2.008183068e-05 4.050238885e-05
5.11820e+03 2.424310332e-05 6.303052139e-05 3.069551080e-05 2.019439914e-05 4.067343513e-05
5.11910e+03 2.388603558e-05 6.224892080e-05 3.026189584e-05 1.988333660e-05 4.012564170e-05
5.12000e+03 2.323063297e-05 6.085887781e-05 2.947668396e-05 1.931586435e-05 3.914905551e-05
5.12090e+03 2.253383886e-05 5.931177218e-05 2.862342469e-05 1.872167251e-05 3.807491051e-05
5.12180e+03 2.193284530e-05 5.786324338e-05 2.786408337e-05 1.821998979e-05 3.709631681e-05
5.12270e+03 2.107144996e-05 5.588274028e-05 2.679603487e-05 1.748523494e-05 3.573794902e-05
5.12360e+03 2.015664386e-05 5.390946194e-05 2.569289315e-05 1.669242766e-05 3.435823464e-05
5.12450e+03 2.000713486e-05 5.360491937e-05 2.552749906e-05 1.656417703e-05 3.415409954e-05
5.12540e+03 2.045359346e-05 5.458823873e-05 2.607557264e-05 1.695456910e-05 3.484377710e-05
5.12630e+03 2.080726847e-05 5.543011004e-05 2.650435244e-05 1.725648123e-05 3.539350310e-05
5.12720e+03 2.084322048e-05 5.556323608e-05 2.654751647e-05 1.728029573e-05 3.545541855e-05
5.12810e+03 2.073102762e-05 5.530177086e-05 2.641064836e-05 1.718549404e-05 3.527973599e-05
5.12900e+03 2.061215671e-05 5.503101061e-05 2.627055704e-05 1.708437466e-05 3.509707970e-05
5.12990e+03 2.084107549e-05 5.558280104e-05 2.655526683e-05 1.727708150e-05 3.546039268e-05
5.13080e+03 2.156436575e-05 5.705148335e-05 2.741237117e-05 1.791361265e-05 3.651505978e-05
5.13170e+03 2.219320583e-05 5.814109831e-05 2.813027957e-05 1.848477217e-05 3.735955007e-05
5.13260e+03 2.229120332e-05 5.821647368e-05 2.822819007e-05 1.857855253e-05 3.745079620e-05
5.13350e+03 2.217588901e-05 5.810697094e-05 2.811254382e-05 1.846528124e-05 3.732911261e-05
5.13440e+03 2.261024507e-05 5.928073641e-05 2.867752563e-05 1.882303436e-05 3.808233124e-05
5.13530e+03 2.312705228e-05 6.042380571e-05 2.931313420e-05 1.926451160e-05 3.889134812e-05
5.13620e+03 2.266020421e-05 5.920330489e-05 2.871563187e-05 1.887948712e-05 3.810812389e-05
5.13710e+03 2.167044596e-05 5.689612320e-05 2.748506972e-05 1.804239122e-05 3.653020199e-05
5.13800e+03 2.081753096e-05 5.507116738e-05 2.645850333e-05 1.729581276e-05 3.524213064e-05
5.13890e+03 2.018095189e-05 5.381410437e-05 2.570692713e-05 1.673350858e-05 3.431642211e-05
5.13980e+03 2.064878273e-05 5.492747344e-05 2.627987188e-05 1.714216553e-05 3.504882985e-05
5.14070e+03 2.168383123e-05 5.708596039e-05 2.752468523e-05 1.804217161e-05 3.659906225e-05
5.14160e+03 2.128791969e-05 5.598979039e-05 2.701768842e-05 1.771505998e-05 3.592495034e-05
5.14250e+03 2.030930965e-05 5.378282600e-05 2.581091070e-05 1.688168148e-05 3.439103694e-05
5.14340e+03 2.072194134e-05 5.493809460e-05 2.634409128e-05 1.721969301e-05 3.511206930e-05
5.14430e+03 2.160686739e-05 5.721301634e-05 2.747239973e-05 1.795150834e-05 3.660684785e-05
5.14520e+03 2.144947502e-05 5.699481431e-05 2.730528663e-05 1.780048422e-05 3.642730714e-05
5.14610e+03 2.078211826e-05 5.539928448e-05 2.647453555e-05 1.723223075e-05 3.534898791e-05
5.14700e+03 2.043261156e-05 5.446404215e-05 2.601502061e-05 1.694830773e-05 3.473182191e-05
5.14790e+03 2.063664792e-05 5.488670583e-05 2.624853111e-05 1.713486328e-05 3.502235976e-05
5.14880e+03 2.124036070e-05 5.635394333e-05 2.701370513e-05 1.764228648e-05 3.602007460e-05
5.14970e+03 2.150117723e-05 5.706145944e-05 2.737267233e-05 1.783875070e-05 3.650596635e-05
5.15060e+03 2.109932913e-05 5.618295522e-05 2.689110684e-05 1.748458318e-05 3.590058503e-05
5.15150e+03 2.067547211e-05 5.522697541e-05 2.636826997e-05 1.712355715e-05 3.523007328e-05
5.15240e+03 2.055600816e-05 5.500138544e-05 2.623106326e-05 1.701510033e-05 3.506243594e-05
5.15330e+03 2.053024553e-05 5.490042490e-05 2.619738244e-05 1.699120541e-05 3.500797287e-05
5.15420e+03 2.074939658e-05 5.525543772e-05 2.643844128e-05 1.719498440e-05 3.527697976e-05
5.15510e+03 2.142892402e-05 5.666687550e-05 2.723533508e-05 1.779887562e-05 3.625567947e-05
5.15600e+03 2.227298593e-05 5.852673594e-05 2.825386238e-05 1.853683839e-05 3.753986924e-05
5.15690e+03 2.303365980e-05 6.021847609e-05 2.918637828e-05 1.919550187e-05 3.872509479e-05
5.15780e+03 2.339304072e-05 6.097844060e-05 2.961962389e-05 1.950729339e-05 3.926578743e-05
5.15870e+03 2.321015264e-05 6.061742860e-05 2.940140758e-05 1.934399458e-05 3.899619123e-05
5.15960e+03 2.313479147e-05 6.051576713e-05 2.932963176e-05 1.927252098e-05 3.891911372e-05
5.16050e+03 2.329827583e-05 6.072944466e-05 2.951724651e-05 1.942249883e-05 3.912821849e-05
5.16140e+03 2.281143271e-05 5.952196592e-05 2.889815643e-05 1.901742997e-05 3.832045118e-05
5.16230e+03 2.189673155e-05 5.769914964e-05 2.779174968e-05 1.822298867e-05 3.696012967e-05
5.16320e+03 2.150111470e-05 5.717966438e-05 2.734433334e-05 1.786399130e-05 3.646622188e-05
5.16410e+03 2.097510161e-05 5.624779897e-05 2.672859811e-05 1.740291875e-05 3.574389958e-05
5.16500e+03 1.934381759e-05 5.269485113e-05 2.475256337e-05 1.599264212e-05 3.326653848e-05
5.16590e+03 1.688693352e-05 4.712172883e-05 2.175201663e-05 1.387101357e-05 2.944243820e-05
5.16680e+03 1.454253904e-05 4.166585992e-05 1.885848809e-05 1.187110078e-05 2.572234108e-05
5.16770e+03 1.381092515e-05 3.973909639e-05 1.792079131e-05 1.126824588e-05 2.446584754e-05
5.16860e+03 1.538182552e-05 4.302009018e-05 1.982588906e-05 1.262151162e-05 2.682296795e-05
5.16950e+03 1.781179758e-05 4.860539914e-05 2.284728312e-05 1.468000393e-05 3.067923840e-05
5.17040e+03 1.847122671e-05 5.051051138e-05 2.372548557e-05 1.520724334e-05 3.188835929e-05
5.17130e+03 1.617735695e-05 4.562986922e-05 2.092715942e-05 1.324241669e-05 2.840369246e-05
5.17220e+03 1.334740760e-05 3.939821367e-05 1.742000777e-05 1.084975422e-05 2.397084229e-05
5.17310e+03 1.349318615e-05 4.004424785e-05 1.761189064e-05 1.096728179e-05 2.425837527e-05
5.17400e+03 1.675325013e-05 4.764713950e-05 2.168025255e-05 1.370871246e-05 2.947140869e-05
5.17490e+03 2.002026650e-05 5.480118887e-05 2.570602761e-05 1.648144395e-05 3.455215295e-05
5.17580e+03 2.136675915e-05 5.740504825e-05 2.730679963e-05 1.765219141e-05 3.651068515e-05
5.17670e+03 2.161614987e-05 5.774354334e-05 2.757538955e-05 1.788158928e-05 3.681222092e-05
5.17760e+03 2.184451804e-05 5.824924832e-05 2.785970460e-05 1.806987347e-05 3.716675305e-05
5.17850e+03 2.195600711e-05 5.854452611e-05 2.801637629e-05 1.815262541e-05 3.736999971e-05
5.17940e+03 2.164235130e-05 5.798048733e-05 2.766009865e-05 1.787196555e-05 3.694988593e-05
5.18030e+03 2.092582130e-05 5.668665433e-05 2.683078137e-05 1.723832526e-05 3.596829163e-05
5.18120e+03 1.946859272e-05 5.373380921e-05 2.509052486e-05 1.597539202e-05 3.382910199e-05
5.18210e+03 1.669620946e-05 4.741898246e-05 2.165575184e-05 1.363224195e-05 2.946030267e-05
5.18300e+03 1.354167778e-05 3.983947691e-05 1.766864660e-05 1.101020075e-05 2.429870486e-05
5.18390e+03 1.291115782e-05 3.817873508e-05 1.683018689e-05 1.051554990e-05 2.316855489e-05
5.18480e+03 1.584340444e-05 4.487831498e-05 2.046558643e-05 1.299462791e-05 2.779101027e-05
5.18570e+03 1.963146234e-05 5.325343900e-05 2.513566963e-05 1.620743232e-05 3.369000771e-05
5.18660e+03 2.181411849e-05 5.765675463e-05 2.775982354e-05 1.809573952e-05 3.692580639e-05
5.18750e+03 2.221680409e-05 5.803239981e-05 2.817894993e-05 1.847876475e-05 3.735846111e-05
5.18840e+03 2.211162239e-05 5.745065101e-05 2.799801462e-05 1.841865670e-05 3.705893724e-05
5.18930e+03 2.269685479e-05 5.867509910e-05 2.870293201e-05 1.892794832e-05 3.793108265e-05
5.19020e+03 2.284348987e-05 5.907769809e-05 2.890245172e-05 1.903873899e-05 3.820537289e-05
5.19110e+03 2.105775458e-05 5.522912958e-05 2.673858724e-05 1.749281549e-05 3.550657496e-05
5.19200e+03 1.908880394e-05 5.106236909e-05 2.434690111e-05 1.579638632e-05 3.253180088e-05
5.19290e+03 1.930261107e-05 5.171323657e-05 2.463315620e-05 1.597015218e-05 3.293446075e-05
5.19380e+03 2.066015517e-05 5.460935422e-05 2.629073330e-05 1.713619568e-05 3.501068699e-05
5.19470e+03 2.106826993e-05 5.520145174e-05 2.674323631e-05 1.751206720e-05 3.551827810e-05
5.19560e+03 2.100582823e-05 5.481149467e-05 2.661460622e-05 1.749110504e-05 3.529972359e-05
5.19650e+03 2.157145245e-05 5.585978048e-05 2.726846772e-05 1.799914793e-05 3.608193002e-05
5.19740e+03 2.233971846e-05 5.741070548e-05 2.818768464e-05 1.866765069e-05 3.721297318e-05
5.19830e+03 2.285501066e-05 5.864665240e-05 2.883486414e-05 1.910060101e-05 3.804922285e-05
5.19920e+03 2.328278524e-05 5.979227978e-05 2.938834221e-05 1.944661937e-05 3.878751793e-05
5.20010e+03 2.346181611e-05 6.030257022e-05 2.962572681e-05 1.958594060e-05 3.911564359e-05
5.20100e+03 2.316012442e-05 5.970735497e-05 2.927564212e-05 1.931685190e-05 3.869642879e-05
5.20190e+03 2.268750410e-05 5.875834279e-05 2.871938841e-05 1.889871836e-05 3.801151720e-05
5.20280e+03 2.229962034e-05 5.806672330e-05 2.828682641e-05 1.853962748e-05 3.749740679e-05
5.20370e+03 2.135400448e-05 5.618555567e-05 2.718558839e-05 1.768938009e-05 3.615575880e-05
5.20460e+03 1.964625156e-05 5.260465799e-05 2.513970994e-05 1.619635181e-05 3.361912680e-05
5.20550e+03 1.854965768e-05 5.032959056e-05 2.382177000e-05 1.524465655e-05 3.198883464e-05
5.20640e+03 1.868365598e-05 5.074664172e-05 2.399906770e-05 1.535292263e-05 3.223810474e-05
5.20730e+03 1.874835365e-05 5.096178429e-05 2.408702507e-05 1.540042602e-05 3.237214815e-05
5.20820e+03 1.818628961e-05 4.979833634e-05 2.341048025e-05 1.491432438e-05 3.153989897e-05
5.20910e+03 1.849619335e-05 5.053675190e-05 2.379507375e-05 1.518109711e-05 3.203254306e-05
5.21000e+03 1.991015502e-05 5.352424240e-05 2.549716144e-05 1.640977162e-05 3.415295477e-05
5.21090e+03 2.152193532e-05 5.665703016e-05 2.738884694e-05 1.784455236e-05 3.646059669e-05
5.21180e+03 2.297619176e-05 5.938980019e-05 2.907346134e-05 1.915253464e-05 3.848980746e-05
5.21270e+03 2.387440284e-05 6.112815257e-05 3.012382946e-05 1.995868234e-05 3.976411265e-05
5.21360e+03 2.386025399e-05 6.097615070e-05 3.009204730e-05 1.996003303e-05 3.969995239e-05
5.21450e+03 2.287244933e-05 5.866154221e-05 2.887161623e-05 1.911864021e-05 3.813321712e-05
5.21540e+03 2.168261358e-05 5.591643645e-05 2.740000929e-05 1.810417886e-05 3.624658416e-05
5.21630e+03 2.133174736e-05 5.508809008e-05 2.695518287e-05 1.780910070e-05 3.566258936e-05
5.21720e+03 2.193597143e-05 5.643850930e-05 2.768215536e-05 1.833453475e-05 3.657606865e-05
5.21810e+03 2.299955492e-05 5.884734104e-05 2.898119222e-05 1.925195045e-05 3.823058629e-05
5.21900e+03 2.387777976e-05 6.086717373e-05 3.006611758e-05 1.999995459e-05 3.962558813e-05
5.21990e+03 2.423468308e-05 6.170109834e-05 3.050981245e-05 2.030067649e-05 4.020153421e-05
5.22080e+03 2.435092590e-05 6.188912286e-05 3.064712585e-05 2.040311166e-05 4.036235922e-05
5.22170e+03 2.422781969e-05 6.160277102e-05 3.050102553e-05 2.029480276e-05 4.018014655e-05
5.22260e+03 2.358928200e-05 6.032998351e-05 2.974157653e-05 1.973331292e-05 3.925916071e-05
5.22350e+03 2.245600858e-05 5.801012814e-05 2.838647537e-05 1.874295734e-05 3.759367240e-05
5.22440e+03 2.109841655e-05 5.502927916e-05 2.673793083e-05 1.757307018e-05 3.552056537e-05
5.22530e+03 1.964924509e-05 5.150641252e-05 2.493032404e-05 1.634623680e-05 3.317313359e-05
5.22620e+03 1.825710380e-05 4.802233201e-05 2.317751048e-05 1.517492800e-05 3.087427502e-05
5.22710e+03 1.820139157e-05 4.785564730e-05 2.309800910e-05 1.513641827e-05 3.075486308e-05
5.22800e+03 2.028341423e-05 5.260825072e-05 2.565296575e-05 1.692268614e-05 3.400178330e-05
5.22890e+03 2.256167512e-05 5.766460995e-05 2.843335292e-05 1.888270128e-05 3.751304864e-05
5.22980e+03 2.350071123e-05 5.976132994e-05 2.958209284e-05 1.969404312e-05 3.896933210e-05
5.23070e+03 2.377079095e-05 6.040785971e-05 2.992676764e-05 1.991986312e-05 3.941880383e-05
5.23160e+03 2.329968857e-05 5.944070073e-05 2.937207477e-05 1.950008628e-05 3.873683812e-05
5.23250e+03 2.191715853e-05 5.648869166e-05 2.770228521e-05 1.830250685e-05 3.664884699e-05
5.23340e+03 2.118928659e-05 5.473645285e-05 2.679869869e-05 1.768617297e-05 3.548082100e-05
5.23430e+03 2.170877532e-05 5.548828130e-05 2.737596090e-05 1.816410647e-05 3.613734315e-05
5.23520e+03 2.262398341e-05 5.731562142e-05 2.844692266e-05 1.898311904e-05 3.745352639e-05
5.23610e+03 2.368009356e-05 5.966266470e-05 2.972934749e-05 1.989795269e-05 3.907527663e-05
5.23700e+03 2.454745899e-05 6.156477091e-05 3.079936348e-05 2.063275998e-05 4.042625517e-05
5.23790e+03 2.477319036e-05 6.210982842e-05 3.109594180e-05 2.081027571e-05 4.081727109e-05
5.23880e+03 2.453036155e-05 6.170839188e-05 3.081803032e-05 2.058931440e-05 4.049610034e-05
5.23970e+03 2.431574998e-05 6.134648494e-05 3.056261082e-05 2.040256306e-05 4.019210307e-05
5.24060e+03 2.439554401e-05 6.153616919e-05 3.066186578e-05 2.047140485e-05 4.031714760e-05
5.24150e+03 2.442832039e-05 6.149428086e-05 3.068723684e-05 2.050496782e-05 4.032169367e-05
5.24240e+03 2.418600979e-05 6.084028291e-05 3.036959867e-05 2.030846837e-05 3.989181852e-05
5.24330e+03 2.430035080e-05 6.107314928e-05 3.050689581e-05 2.041186770e-05 4.006027705e-05
5.24420e+03 2.495275028e-05 6.256192520e-05 3.131423552e-05 2.096523914e-05 4.108894769e-05
5.24510e+03 2.498880830e-05 6.274748989e-05 3.138487917e-05 2.097539746e-05 4.121068130e-05
5.24600e+03 2.361442072e-05 5.993639828e-05 2.974889902e-05 1.976603546e-05 3.921043162e-05
5.24690e+03 2.210032392e-05 5.681228018e-05 2.792726196e-05 1.844901432e-05 3.696265504e-05
5.24780e+03 2.205164154e-05 5.664696518e-05 2.785540577e-05 1.842040723e-05 3.685656841e-05
5.24870e+03 2.265203509e-05 5.770277621e-05 2.855632689e-05 1.895797575e-05 3.768740361e-05
5.24960e+03 2.229521966e-05 5.680088907e-05 2.810809914e-05 1.865646464e-05 3.710509664e-05
5.25050e+03 2.171060730e-05 5.563352359e-05 2.741018392e-05 1.814425296e-05 3.625128862e-05
5.25140e+03 2.218447239e-05 5.679847163e-05 2.800287312e-05 1.854333853e-05 3.701773175e-05
5.25230e+03 2.311319983e-05 5.882707362e-05 2.912480695e-05 1.934635754e-05 3.841815952e-05
5.25320e+03 2.337693606e-05 5.929225638e-05 2.942264047e-05 1.958681854e-05 3.876486829e-05
5.25410e+03 2.271916421e-05 5.781313835e-05 2.861709574e-05 1.902681403e-05 3.775063055e-05
5.25500e+03 2.214626513e-05 5.663931455e-05 2.793412395e-05 1.852872769e-05 3.691661409e-05
5.25590e+03 2.298398423e-05 5.845984492e-05 2.895800853e-05 1.924810454e-05 3.819899605e-05
5.25680e+03 2.459853156e-05 6.185866942e-05 3.090720020e-05 2.064394566e-05 4.061527344e-05
5.25770e+03 2.555871807e-05 6.390318843e-05 3.206978021e-05 2.147515825e-05 4.206454351e-05
5.25860e+03 2.568594337e-05 6.422525281e-05 3.223533134e-05 2.158384603e-05 4.228582497e-05
5.25950e+03 2.519239071e-05 6.317785573e-05 3.164308248e-05 2.115577606e-05 4.155096062e-05
5.26040e+03 2.419775374e-05 6.091392217e-05 3.042288906e-05 2.029968854e-05 3.999829881e-05
5.26130e+03 2.274465042e-05 5.759929197e-05 2.863348876e-05 1.905171463e-05 3.771602696e-05
5.26220e+03 2.110487787e-05 5.399440018e-05 2.663134541e-05 1.763675906e-05 3.519144474e-05
5.26310e+03 1.978333091e-05 5.117427030e-05 2.503331524e-05 1.649194962e-05 3.319605495e-05
5.26400e+03 1.891284733e-05 4.925125376e-05 2.397931710e-05 1.574411217e-05 3.186727780e-05
5.26490e+03 1.821127304e-05 4.770033849e-05 2.312870380e-05 1.514148841e-05 3.079495991e-05
5.26580e+03 1.799525668e-05 4.748262088e-05 2.289124178e-05 1.494356235e-05 3.054427155e-05
5.26670e+03 1.917098154e-05 5.038298266e-05 2.436898667e-05 1.593765078e-05 3.246784527e-05
5.26760e+03 2.030185661e-05 5.300224407e-05 2.578891692e-05 1.688709840e-05 3.429331359e-05
5.26850e+03 1.886353780e-05 5.001981391e-05 2.406981085e-05 1.562040360e-05 3.217993260e-05
5.26940e+03 1.636238366e-05 4.477676775e-05 2.103429290e-05 1.345117048e-05 2.840483124e-05
5.27030e+03 1.666350507e-05 4.540533571e-05 2.137956180e-05 1.372181262e-05 2.881317664e-05
5.27120e+03 1.968376633e-05 5.166400914e-05 2.501604189e-05 1.634906305e-05 3.331011423e-05
5.27210e+03 2.200268995e-05 5.633212338e-05 2.779059345e-05 1.837740180e-05 3.672850979e-05
5.27300e+03 2.247050152e-05 5.703775329e-05 2.831467032e-05 1.881309738e-05 3.733167438e-05
5.27390e+03 2.224025796e-05 5.621883360e-05 2.799287134e-05 1.864019285e-05 3.686451137e-05
5.27480e+03 2.175744482e-05 5.492209557e-05 2.736720424e-05 1.824224487e-05 3.602453982e-05
5.27570e+03 2.181056984e-05 5.502904126e-05 2.741878380e-05 1.829410429e-05 3.607819477e-05
5.27660e+03 2.328519815e-05 5.841702021e-05 2.923312633e-05 1.955254589e-05 3.839265186e-05
5.27750e+03 2.498836595e-05 6.229801674e-05 3.132801805e-05 2.100523682e-05 4.106784730e-05
5.27840e+03 2.553365180e-05 6.349482424e-05 3.199444284e-05 2.147536961e-05 4.191512676e-05
5.27930e+03 2.497013186e-05 6.218106360e-05 3.130635824e-05 2.099279098e-05 4.103809875e-05
5.28020e+03 2.391122774e-05 5.995759155e-05 3.003353822e-05 2.007318367e-05 3.945888288e-05
5.28110e+03 2.295778046e-05 5.812110197e-05 2.890488988e-05 1.923611704e-05 3.808607271e-05
5.28200e+03 2.231612999e-05 5.686649387e-05 2.815049691e-05 1.866684049e-05 3.716276252e-05
5.28290e+03 2.180602729e-05 5.570442345e-05 2.752867609e-05 1.822463459e-05 3.637122869e-05
5.28380e+03 2.183087379e-05 5.559769747e-05 2.752585847e-05 1.826474433e-05 3.633220951e-05
5.28470e+03 2.321980286e-05 5.849149455e-05 2.918991162e-05 1.948232773e-05 3.839267685e-05
5.28560e+03 2.522250536e-05 6.283269220e-05 3.161452402e-05 2.121506306e-05 4.143184392e-05
5.28650e+03 2.624087454e-05 6.504719397e-05 3.284117981e-05 2.209313054e-05 4.297219085e-05
5.28740e+03 2.600761565e-05 6.452530946e-05 3.255085979e-05 2.189043753e-05 4.260728898e-05
5.28830e+03 2.550433698e-05 6.347959562e-05 3.194551751e-05 2.145282380e-05 4.185808555e-05
5.28920e+03 2.561105832e-05 6.375070890e-05 3.208628066e-05 2.154092701e-05 4.203962125e-05
5.29010e+03 2.615949679e-05 6.490740158e-05 3.275471352e-05 2.201418936e-05 4.286754951e-05
5.29100e+03 2.640199483e-05 6.538161666e-05 3.304569217e-05 2.222753127e-05 4.322024903e-05
5.29190e+03 2.604403608e-05 6.456236675e-05 3.260610635e-05 2.192265707e-05 4.266411560e-05
5.29280e+03 2.548811455e-05 6.333996662e-05 3.192401629e-05 2.144661088e-05 4.181082825e-05
5.29370e+03 2.528907374e-05 6.289600143e-05 3.168099725e-05 2.127683641e-05 4.150586284e-05
5.29460e+03 2.518231905e-05 6.270660090e-05 3.156263545e-05 2.117872677e-05 4.136656610e-05
5.29550e+03 2.434607316e-05 6.097559927e-05 3.056822155e-05 2.044345377e-05 4.013753778e-05
5.29640e+03 2.258309399e-05 5.721983621e-05 2.844427141e-05 1.890817210e-05 3.748615731e-05
5.29730e+03 2.087250736e-05 5.358524275e-05 2.636715771e-05 1.742743772e-05 3.488867379e-05
5.29820e+03 2.077124865e-05 5.342831848e-05 2.623281116e-05 1.734823128e-05 3.472172933e-05
5.29910e+03 2.233489376e-05 5.679852210e-05 2.811979217e-05 1.870854961e-05 3.707872249e-05
5.30000e+03 2.357722235e-05 5.946072221e-05 2.962125248e-05 1.978210919e-05 3.896119685e-05
5.30090e+03 2.355285535e-05 5.938121860e-05 2.959001385e-05 1.976006209e-05 3.892548433e-05
5.30180e+03 2.343771815e-05 5.901587735e-05 2.944048920e-05 1.966596944e-05 3.871387482e-05
5.30270e+03 2.417538171e-05 6.046693973e-05 3.031737335e-05 2.031751431e-05 3.977733450e-05
5.30360e+03 2.543865147e-05 6.309563646e-05 3.183293068e-05 2.142304021e-05 4.165109584e-05
5.30450e+03 2.635809587e-05 6.500195656e-05 3.293544551e-05 2.222733816e-05 4.301323932e-05
5.30540e+03 2.648072297e-05 6.515457875e-05 3.307438417e-05 2.234031866e-05 4.316372760e-05
5.30630e+03 2.591120255e-05 6.385232116e-05 3.237338864e-05 2.184985798e-05 4.226716635e-05
5.30720e+03 2.536261482e-05 6.268658303e-05 3.171105825e-05 2.137193896e-05 4.143923590e-05
5.30810e+03 2.552886004e-05 6.312804099e-05 3.192787719e-05 2.151395812e-05 4.172928652e-05
5.30900e+03 2.616460176e-05 6.456760215e-05 3.270363574e-05 2.206248299e-05 4.271290366e-05
5.30990e+03 2.653317230e-05 6.538474987e-05 3.315040217e-05 2.237621853e-05 4.327293548e-05
5.31080e+03 2.645104968e-05 6.523378369e-05 3.305158294e-05 2.230175550e-05 4.315262817e-05
5.31170e+03 2.613484564e-05 6.458270460e-05 3.267253445e-05 2.202828715e-05 4.268854271e-05
5.31260e+03 2.572463019e-05 6.369848584e-05 3.217718474e-05 2.167551651e-05 4.207474901e-05
5.31350e+03 2.549116087e-05 6.315838074e-05 3.189210742e-05 2.147625967e-05 4.171045833e-05
5.31440e+03 2.544996960e-05 6.298128735e-05 3.183023984e-05 2.144720877e-05 4.160941437e-05
5.31530e+03 2.515602427e-05 6.209340673e-05 3.143931801e-05 2.121294641e-05 4.106751211e-05
5.31620e+03 2.464007440e-05 6.065811748e-05 3.076827113e-05 2.079473561e-05 4.016034417e-05
5.31710e+03 2.453417330e-05 6.043970520e-05 3.063934476e-05 2.070554173e-05 3.999757879e-05
5.31800e+03 2.486277539e-05 6.152493297e-05 3.109041177e-05 2.095809466e-05 4.064295132e-05
5.31890e+03 2.503070000e-05 6.225473432e-05 3.134501318e-05 2.107099461e-05 4.104376699e-05
5.31980e+03 2.500118334e-05 6.232989776e-05 3.132880272e-05 2.103396110e-05 4.105375727e-05
5.32070e+03 2.496191413e-05 6.225815113e-05 3.127954271e-05 2.100076626e-05 4.098821534e-05
5.32160e+03 2.482714506e-05 6.200146849e-05 3.112136771e-05 2.088469333e-05 4.079112863e-05
5.32250e+03 2.425149783e-05 6.081422151e-05 3.044219193e-05 2.037783457e-05 3.995048879e-05
5.32340e+03 2.307399930e-05 5.837556135e-05 2.903378251e-05 1.934601679e-05 3.820356224e-05
5.32430e+03 2.238801157e-05 5.692965455e-05 2.820055008e-05 1.875403866e-05 3.715907435e-05
5.32520e+03 2.291397279e-05 5.797903137e-05 2.882399874e-05 1.921826576e-05 3.792279247e-05
5.32610e+03 2.287888898e-05 5.795053902e-05 2.879518036e-05 1.917873959e-05 3.790812778e-05
5.32700e+03 2.061604144e-05 5.326270777e-05 2.609124896e-05 1.719406416e-05 3.457312948e-05
5.32790e+03 1.784457227e-05 4.737268423e-05 2.273706469e-05 1.478644167e-05 3.038436357e-05
5.32880e+03 1.794717922e-05 4.756197672e-05 2.284197243e-05 1.488836249e-05 3.049147311e-05
5.32970e+03 2.082339660e-05 5.372325075e-05 2.631993820e-05 1.738438531e-05 3.483023231e-05
5.33060e+03 2.343309616e-05 5.927920684e-05 2.947325893e-05 1.964816895e-05 3.877026085e-05
5.33150e+03 2.423723505e-05 6.086311290e-05 3.042260393e-05 2.035559141e-05 3.993724309e-05
5.33240e+03 2.396960717e-05 6.017336749e-05 3.006937201e-05 2.013800466e-05 3.947015831e-05
5.33330e+03 2.414831086e-05 6.050004542e-05 3.027388737e-05 2.030301267e-05 3.970631646e-05
5.33420e+03 2.506982884e-05 6.241390361e-05 3.138926116e-05 2.110529984e-05 4.108255852e-05
5.33510e+03 2.567854875e-05 6.362630911e-05 3.212250385e-05 2.163388693e-05 4.197667302e-05
5.33600e+03 2.552063283e-05 6.318243242e-05 3.191853988e-05 2.149929924e-05 4.169651011e-05
5.33690e+03 2.519138906e-05 6.240481568e-05 3.150579800e-05 2.122121923e-05 4.116100605e-05
5.33780e+03 2.501150499e-05 6.205618635e-05 3.129222752e-05 2.106559877e-05 4.089956435e-05
5.33870e+03 2.425951146e-05 6.060828686e-05 3.040950021e-05 2.040016435e-05 3.983457240e-05
5.33960e+03 2.262201903e-05 5.730232008e-05 2.844957974e-05 1.896721806e-05 3.742813806e-05
5.34050e+03 2.157022366e-05 5.522004371e-05 2.718389321e-05 1.805172015e-05 3.587423329e-05
5.34140e+03 2.241031861e-05 5.710723400e-05 2.820383375e-05 1.878238738e-05 3.715865305e-05
5.34230e+03 2.401037893e-05 6.054062459e-05 3.014414605e-05 2.016983819e-05 3.958205569e-05
5.34320e+03 2.483493654e-05 6.227192345e-05 3.114784197e-05 2.088252284e-05 4.083377613e-05
5.34410e+03 2.481453742e-05 6.218047619e-05 3.112846093e-05 2.086152205e-05 4.080559887e-05
5.34500e+03 2.426548916e-05 6.095388690e-05 3.045761418e-05 2.038201082e-05 3.995521371e-05
5.34590e+03 2.388392404e-05 6.011172159e-05 2.998414267e-05 2.005591384e-05 3.935472715e-05
5.34680e+03 2.407152841e-05 6.048523395e-05 3.020354022e-05 2.022850107e-05 3.962576349e-05
5.34770e+03 2.389578164e-05 6.010210999e-05 2.999246987e-05 2.007557535e-05 3.936411257e-05
5.34860e+03 2.318227964e-05 5.857449997e-05 2.912691552e-05 1.945494840e-05 3.827949075e-05
5.34950e+03 2.314323500e-05 5.847365794e-05 2.906471150e-05 1.942830976e-05 3.818894203e-05
5.35040e+03 2.419847685e-05 6.074285957e-05 3.033323349e-05 2.035077499e-05 3.977297464e-05
5.35130e+03 2.534832423e-05 6.323647226e-05 3.173134255e-05 2.134931024e-05 4.153131161e-05
5.35220e+03 2.570425898e-05 6.396859234e-05 3.215758063e-05 2.166292198e-05 4.205794958e-05
5.35310e+03 2.566473030e-05 6.385665492e-05 3.210276581e-05 2.163141396e-05 4.197657334e-05
5.35400e+03 2.605867568e-05 6.473209488e-05 3.258533716e-05 2.196719322e-05 4.257852619e-05
5.35490e+03 2.670400518e-05 6.616488559e-05 3.336758646e-05 2.251977817e-05 4.356060847e-05
5.35580e+03 2.698745172e-05 6.677999816e-05 3.370116279e-05 2.276519754e-05 4.397582937e-05
5.35670e+03 2.699751173e-05 6.676498195e-05 3.370050209e-05 2.277998458e-05 4.396614859e-05
5.35760e+03 2.697421568e-05 6.669724752e-05 3.366977340e-05 2.276279126e-05 4.392432003e-05
5.35850e+03 2.691659226e-05 6.661433063e-05 3.360885237e-05 2.271192550e-05 4.385418430e-05
5.35940e+03 2.676915600e-05 6.631481314e-05 3.343407174e-05 2.258271382e-05 4.363532829e-05
5.36030e+03 2.636051236e-05 6.538473260e-05 3.293503613e-05 2.222951450e-05 4.300139982e-05
5.36120e+03 2.565982666e-05 6.377346040e-05 3.207647234e-05 2.163040705e-05 4.191149501e-05
5.36210e+03 2.514118474e-05 6.249560042e-05 3.142616321e-05 2.119686823e-05 4.106624725e-05
5.36300e+03 2.503392683e-05 6.215182193e-05 3.128207151e-05 2.111503216e-05 4.086019745e-05
5.36390e+03 2.479275315e-05 6.162009821e-05 3.099502504e-05 2.090298099e-05 4.049524365e-05
5.36480e+03 2.429612495e-05 6.062096865e-05 3.040426819e-05 2.046640421e-05 3.976768663e-05
5.36570e+03 2.417169774e-05 6.046386663e-05 3.027119736e-05 2.035216966e-05 3.962334551e-05
5.36660e+03 2.431760350e-05 6.086041079e-05 3.045871649e-05 2.046995388e-05 3.987232800e-05
5.36750e+03 2.431585075e-05 6.088339527e-05 3.045757108e-05 2.046922306e-05 3.987560240e-05
5.36840e+03 2.396746400e-05 6.013762225e-05 3.004313620e-05 2.016843365e-05 3.936453920e-05
5.36930e+03 2.275035404e-05 5.762667592e-05 2.858957894e-05 1.910334028e-05 3.757721842e-05
5.37020e+03 2.101821005e-05 5.416509050e-05 2.653066583e-05 1.757578212e-05 3.505742338e-05
5.37110e+03 2.027604202e-05 5.287942670e-05 2.567789803e-05 1.690083464e-05 3.405063852e-05
5.37200e+03 2.159406024e-05 5.576067395e-05 2.728441415e-05 1.803948638e-05 3.606916517e-05
5.37290e+03 2.395532379e-05 6.053643451e-05 3.010133338e-05 2.011182684e-05 3.953171500e-05
5.37380e+03 2.554939458e-05 6.366469955e-05 3.197416965e-05 2.152371879e-05 4.180828356e-05
5.37470e+03 2.614337040e-05 6.483451690e-05 3.266784967e-05 2.205205769e-05 4.264805099e-05
5.37560e+03 2.603887631e-05 6.464038418e-05 3.254309180e-05 2.195865541e-05 4.249802605e-05
5.37650e+03 2.553223270e-05 6.360678296e-05 3.192907984e-05 2.151839728e-05 4.174542444e-05
5.37740e+03 2.537695263e-05 6.322589108e-05 3.171998871e-05 2.139495732e-05 4.147497740e-05
5.37830e+03 2.572067659e-05 6.378208995e-05 3.210898402e-05 2.170928403e-05 4.192388189e-05
5.37920e+03 2.584785375e-05 6.380093005e-05 3.223989175e-05 2.183361337e-05 4.203611668e-05
5.38010e+03 2.552207308e-05 6.291495525e-05 3.182955097e-05 2.156058332e-05 4.148467028e-05
5.38100e+03 2.517494485e-05 6.218156065e-05 3.141342430e-05 2.125846206e-05 4.096395975e-05
5.38190e+03 2.484816893e-05 6.165029855e-05 3.104408632e-05 2.095966102e-05 4.053350713e-05
5.38280e+03 2.440832107e-05 6.092088425e-05 3.054312392e-05 2.055848835e-05 3.994721736e-05
5.38370e+03 2.447252195e-05 6.121025179e-05 3.063750159e-05 2.060130036e-05 4.009327498e-05
5.38460e+03 2.520007119e-05 6.280359662e-05 3.151580403e-05 2.122841900e-05 4.120065793e-05
5.38550e+03 2.568653676e-05 6.380305382e-05 3.209293315e-05 2.165608358e-05 4.192260143e-05
5.38640e+03 2.559313584e-05 6.356612874e-05 3.197171290e-05 2.158199343e-05 4.176939527e-05
5.38730e+03 2.529698157e-05 6.293327839e-05 3.161414531e-05 2.132714171e-05 4.132487344e-05
5.38820e+03 2.486766793e-05 6.202509010e-05 3.110162688e-05 2.095303699e-05 4.069048420e-05
5.38910e+03 2.420304008e-05 6.060525322e-05 3.030146254e-05 2.037506905e-05 3.969319116e-05
5.39000e+03 2.361584903e-05 5.935168875e-05 2.959233609e-05 1.986744457e-05 3.880748201e-05
5.39090e+03 2.338918753e-05 5.886796523e-05 2.931947204e-05 1.967348341e-05 3.846679926e-05
5.39180e+03 2.341167500e-05 5.890580485e-05 2.934898135e-05 1.969364531e-05 3.849906111e-05
5.39270e+03 2.344397412e-05 5.904120688e-05 2.940032772e-05 1.971246480e-05 3.857191469e-05
5.39360e+03 2.346277270e-05 5.925759878e-05 2.944933119e-05 1.971220001e-05 3.867024803e-05
5.39450e+03 2.356216215e-05 5.962427411e-05 2.959152059e-05 1.978794293e-05 3.888620949e-05
5.39540e+03 2.319005260e-05 5.882701661e-05 2.915215006e-05 1.945698233e-05 3.834430808e-05
5.39630e+03 2.191810174e-05 5.606824584e-05 2.762361985e-05 1.833990937e-05 3.643177745e-05
5.39720e+03 2.123049758e-05 5.456348358e-05 2.678686070e-05 1.774168821e-05 3.537592222e-05
5.39810e+03 2.238263530e-05 5.687295056e-05 2.814603545e-05 1.876623947e-05 3.703318296e-05
5.39900e+03 2.380121635e-05 5.972640576e-05 2.982522171e-05 2.002240501e-05 3.909101097e-05
5.39990e+03 2.405130874e-05 6.019784963e-05 3.011621194e-05 2.024595035e-05 3.944485092e-05
5.40080e+03 2.399632398e-05 6.013488298e-05 3.005979673e-05 2.019336313e-05 3.938718568e-05
5.40170e+03 2.441822082e-05 6.103428584e-05 3.057729207e-05 2.055962204e-05 4.003427234e-05
5.40260e+03 2.434655188e-05 6.072620326e-05 3.047573747e-05 2.050867784e-05 3.987447761e-05
5.40350e+03 2.289496153e-05 5.754395847e-05 2.870950027e-05 1.925544107e-05 3.765004584e-05
5.40440e+03 2.090688760e-05 5.347512303e-05 2.632985385e-05 1.751291685e-05 3.471444865e-05
5.40530e+03 1.985928093e-05 5.155859475e-05 2.510819157e-05 1.657284194e-05 3.325711441e-05
5.40620e+03 2.047796998e-05 5.305306997e-05 2.587363180e-05 1.709677341e-05 3.425103810e-05
5.40710e+03 2.210281262e-05 5.642516363e-05 2.782262041e-05 1.851900083e-05 3.666826730e-05
5.40800e+03 2.305096389e-05 5.828006923e-05 2.895947370e-05 1.935252128e-05 3.805790997e-05
5.40890e+03 2.255532305e-05 5.715179630e-05 2.836489305e-05 1.891926028e-05 3.729984683e-05
5.40980e+03 2.185282389e-05 5.562316394e-05 2.750980446e-05 1.830994091e-05 3.621720811e-05
5.41070e+03 2.244772381e-05 5.684662884e-05 2.820868600e-05 1.883829657e-05 3.707134043e-05
5.41160e+03 2.391949856e-05 5.997665850e-05 2.997509011e-05 2.012537476e-05 3.927152942e-05
5.41250e+03 2.492190454e-05 6.207816699e-05 3.117962925e-05 2.100250871e-05 4.077327822e-05
5.41340e+03 2.499402502e-05 6.206643521e-05 3.124520563e-05 2.107764792e-05 4.082438924e-05
5.41430e+03 2.461688898e-05 6.110998079e-05 3.076573780e-05 2.075970696e-05 4.018975124e-05
5.41520e+03 2.460438038e-05 6.113947010e-05 3.075204824e-05 2.074499972e-05 4.017586132e-05
5.41610e+03 2.528418913e-05 6.270082135e-05 3.158691879e-05 2.132887238e-05 4.124038947e-05
5.41700e+03 2.592749125e-05 6.403874967e-05 3.236693631e-05 2.188834875e-05 4.221752474e-05
5.41790e+03 2.591209942e-05 6.388940592e-05 3.233915748e-05 2.188082173e-05 4.216739711e-05
5.41880e+03 2.536247838e-05 6.269755668e-05 3.166883026e-05 2.140528926e-05 4.132858796e-05
5.41970e+03 2.465597958e-05 6.130196564e-05 3.082402409e-05 2.078680343e-05 4.030091342e-05
5.42060e+03 2.437033187e-05 6.076980467e-05 3.048775366e-05 2.053650763e-05 3.989999522e-05
5.42150e+03 2.481085603e-05 6.165616978e-05 3.101502254e-05 2.092465734e-05 4.054266379e-05
5.42240e+03 2.503416157e-05 6.204148423e-05 3.127693313e-05 2.112037413e-05 4.084566556e-05
5.42330e+03 2.418113747e-05 6.016251746e-05 3.024073661e-05 2.037912752e-05 3.953966014e-05
5.42420e+03 2.342935766e-05 5.849930124e-05 2.932102505e-05 1.972974777e-05 3.837628158e-05
5.42510e+03 2.411208624e-05 5.996452548e-05 3.014728849e-05 2.031957315e-05 3.940837422e-05
5.42600e+03 2.551024576e-05 6.307892571e-05 3.186410366e-05 2.151699451e-05 4.158410099e-05
5.42690e+03 2.627228821e-05 6.480724614e-05 3.280592161e-05 2.216785236e-05 4.278703085e-05
5.42780e+03 2.542186512e-05 6.304303465e-05 3.179165894e-05 2.142153996e-05 4.153475808e-05
5.42870e+03 2.308549086e-05 5.819632388e-05 2.898915870e-05 1.937591863e-05 3.806560580e-05
5.42960e+03 2.163454619e-05 5.524262971e-05 2.724998067e-05 1.810503077e-05 3.591863414e-05
5.43050e+03 2.264589495e-05 5.741785483e-05 2.847206378e-05 1.898531921e-05 3.744231799e-05
5.43140e+03 2.401690809e-05 6.032211959e-05 3.013177968e-05 2.017812880e-05 3.951734981e-05
5.43230e+03 2.382086930e-05 5.988493449e-05 2.989981449e-05 2.000771602e-05 3.923519758e-05
5.43320e+03 2.284180497e-05 5.777669414e-05 2.872028142e-05 1.915602808e-05 3.776152773e-05
5.43410e+03 2.212347960e-05 5.625806238e-05 2.785610967e-05 1.852865716e-05 3.668345626e-05
5.43500e+03 2.209118081e-05 5.618992385e-05 2.780740854e-05 1.850553068e-05 3.662344614e-05
5.43590e+03 2.269535656e-05 5.743944029e-05 2.851246950e-05 1.904718508e-05 3.749863319e-05
5.43680e+03 2.366895491e-05 5.948502270e-05 2.967012420e-05 1.990457266e-05 3.893392784e-05
5.43770e+03 2.487669579e-05 6.202762159e-05 3.112623964e-05 2.095275189e-05 4.073850762e-05
5.43860e+03 2.589466163e-05 6.412703922e-05 3.235768690e-05 2.183216471e-05 4.225799415e-05
5.43950e+03 2.642020206e-05 6.515972542e-05 3.298774168e-05 2.229180425e-05 4.302803799e-05
5.44040e+03 2.651277884e-05 6.528289092e-05 3.309146165e-05 2.238095052e-05 4.314761270e-05
5.44130e+03 2.641884691e-05 6.507253714e-05 3.297445373e-05 2.230502070e-05 4.300389404e-05
5.44220e+03 2.640603692e-05 6.504637249e-05 3.295694022e-05 2.229400020e-05 4.298195726e-05
5.44310e+03 2.628500864e-05 6.475726404e-05 3.281070143e-05 2.218817270e-05 4.279402141e-05
5.44400e+03 2.555051972e-05 6.314257105e-05 3.192395925e-05 2.155208743e-05 4.167720236e-05
5.44490e+03 2.402549854e-05 5.988874717e-05 3.008778265e-05 2.022236568e-05 3.938184456e-05
5.44580e+03 2.210182409e-05 5.591124319e-05 2.778762071e-05 1.853156653e-05 3.653559061e-05
5.44670e+03 2.108788933e-05 5.397557215e-05 2.659364257e-05 1.762937758e-05 3.509242381e-05
5.44760e+03 2.210304204e-05 5.626131328e-05 2.783299789e-05 1.850362624e-05 3.666123280e-05
5.44850e+03 2.404248283e-05 6.034264792e-05 3.016752142e-05 2.019230822e-05 3.955816366e-05
5.44940e+03 2.524524542e-05 6.281639649e-05 3.160512669e-05 2.124474958e-05 4.132928639e-05
5.45030e+03 2.549387043e-05 6.330186683e-05 3.190192214e-05 2.146529713e-05 4.169248451e-05
5.45120e+03 2.527015822e-05 6.283573199e-05 3.163621354e-05 2.127214244e-05 4.136996767e-05
5.45210e+03 2.495761659e-05 6.220385042e-05 3.126173090e-05 2.100202121e-05 4.091615556e-05
5.45300e+03 2.447420824e-05 6.116338073e-05 3.067993006e-05 2.058385021e-05 4.019424485e-05
5.45390e+03 2.340942277e-05 5.878980181e-05 2.939509794e-05 1.965826608e-05 3.857504214e-05
5.45480e+03 2.190826281e-05 5.548486889e-05 2.757413646e-05 1.835246070e-05 3.627833118e-05
5.45570e+03 2.145717135e-05 5.453576340e-05 2.701694074e-05 1.796169543e-05 3.557473451e-05
5.45660e+03 2.288471388e-05 5.764680232e-05 2.874147919e-05 1.920217630e-05 3.773762429e-05
5.45750e+03 2.476294875e-05 6.166111516e-05 3.101054620e-05 2.083408070e-05 4.057547942e-05
5.45840e+03 2.569568561e-05 6.359557746e-05 3.213128921e-05 2.164801410e-05 4.196481515e-05
5.45930e+03 2.557937115e-05 6.334017415e-05 3.198812589e-05 2.154850879e-05 4.178587192e-05
5.46020e+03 2.498894596e-05 6.210970030e-05 3.128036838e-05 2.103426403e-05 4.091432155e-05
5.46110e+03 2.435822531e-05 6.067910846e-05 3.051642815e-05 2.049207139e-05 3.994906183e-05
5.46200e+03 2.352759833e-05 5.869733027e-05 2.948512061e-05 1.978912842e-05 3.861727347e-05
5.46290e+03 2.284055478e-05 5.710152588e-05 2.861979858e-05 1.920968172e-05 3.749901784e-05
5.46380e+03 2.323149170e-05 5.798760552e-05 2.909020492e-05 1.955139831e-05 3.808956503e-05
5.46470e+03 2.425690604e-05 6.026511700e-05 3.035246952e-05 2.043231551e-05 3.968777404e-05
5.46560e+03 2.465332723e-05 6.111284983e-05 3.083906907e-05 2.077176823e-05 4.030249688e-05
5.46650e+03 2.456877736e-05 6.089633412e-05 3.072672043e-05 2.070325657e-05 4.015794898e-05
5.46740e+03 2.477106266e-05 6.134289269e-05 3.096553169e-05 2.088195150e-05 4.045834661e-05
5.46830e+03 2.496100464e-05 6.184180738e-05 3.120571376e-05 2.103927597e-05 4.077803641e-05
5.46920e+03 2.460752195e-05 6.122328271e-05 3.079947893e-05 2.071907242e-05 4.030474553e-05
5.47010e+03 2.409598301e-05 6.024564997e-05 3.019941086e-05 2.026540330e-05 3.958885979e-05
5.47100e+03 2.411756986e-05 6.024851235e-05 3.022312411e-05 2.028955278e-05 3.961368378e-05
5.47190e+03 2.425583041e-05 6.036067217e-05 3.036820254e-05 2.042367498e-05 3.975328913e-05
5.47280e+03 2.382792035e-05 5.933078477e-05 2.983287662e-05 2.005890043e-05 3.905604173e-05
5.47370e+03 2.345778914e-05 5.854868032e-05 2.938692960e-05 1.973693904e-05 3.849898454e-05
5.47460e+03 2.340079153e-05 5.837752391e-05 2.932087680e-05 1.969154367e-05 3.840710025e-05
5.47550e+03 2.253769360e-05 5.634527272e-05 2.825723872e-05 1.895448728e-05 3.704242263e-05
5.47640e+03 2.119788003e-05 5.336980504e-05 2.660865173e-05 1.780343624e-05 3.495818059e-05
5.47730e+03 2.144471111e-05 5.395260010e-05 2.690451053e-05 1.801911086e-05 3.533402457e-05
5.47820e+03 2.325600564e-05 5.792446548e-05 2.911413615e-05 1.958248875e-05 3.811430358e-05
5.47910e+03 2.445073074e-05 6.052774219e-05 3.057275566e-05 2.061297845e-05 3.995210526e-05
5.48000e+03 2.389342869e-05 5.936965410e-05 2.990633900e-05 2.012538731e-05 3.913573431e-05
5.48090e+03 2.265122088e-05 5.681247880e-05 2.841252946e-05 1.904109613e-05 3.729653469e-05
5.48180e+03 2.238879788e-05 5.635885698e-05 2.810878279e-05 1.880546256e-05 3.694137521e-05
5.48270e+03 2.319680373e-05 5.812712227e-05 2.909192928e-05 1.950477036e-05 3.817671281e-05
5.48360e+03 2.429336656e-05 6.044567938e-05 3.041238197e-05 2.046135629e-05 3.981600448e-05
5.48450e+03 2.526688187e-05 6.242371427e-05 3.157939152e-05 2.130983155e-05 4.124460675e-05
5.48540e+03 2.553380829e-05 6.288042487e-05 3.189518700e-05 2.154383274e-05 4.161243079e-05
5.48630e+03 2.471675454e-05 6.106204290e-05 3.090115766e-05 2.083814095e-05 4.036124515e-05
5.48720e+03 2.361340936e-05 5.869338980e-05 2.955776506e-05 1.988433646e-05 3.868335291e-05
5.48810e+03 2.343570011e-05 5.834041969e-05 2.933937190e-05 1.973430411e-05 3.841545871e-05
5.48900e+03 2.394828722e-05 5.947240081e-05 2.996761234e-05 2.017644229e-05 3.920986884e-05
5.48990e+03 2.428873031e-05 6.022947589e-05 3.038760761e-05 2.046570578e-05 3.974414762e-05
5.49080e+03 2.461377487e-05 6.089619176e-05 3.077559129e-05 2.074984593e-05 4.022264092e-05
5.49170e+03 2.488949644e-05 6.140379001e-05 3.109560223e-05 2.099728293e-05 4.060256444e-05
5.49260e+03 2.458134029e-05 6.069769157e-05 3.071351875e-05 2.073511936e-05 4.011480666e-05
5.49350e+03 2.410904643e-05 5.970522155e-05 3.013873049e-05 2.032631741e-05 3.940008401e-05
5.49440e+03 2.426110781e-05 6.009055933e-05 3.033178656e-05 2.045435650e-05 3.965309240e-05
5.49530e+03 2.462863683e-05 6.090950713e-05 3.079491170e-05 2.076285573e-05 4.023722497e-05
5.49620e+03 2.430748584e-05 6.023563370e-05 3.042075917e-05 2.047050425e-05 3.977195776e-05
5.49710e+03 2.372218884e-05 5.897555750e-05 2.971373429e-05 1.995567989e-05 3.888541570e-05
5.49800e+03 2.410482637e-05 5.976977377e-05 3.016671356e-05 2.029309842e-05 3.943847632e-05
5.49890e+03 2.511353426e-05 6.193669727e-05 3.138733701e-05 2.117143764e-05 4.096027548e-05
5.49980e+03 2.526209281e-05 6.227936704e-05 3.158288236e-05 2.129370533e-05 4.121301629e-05
5.50070e+03 2.437007084e-05 6.032041738e-05 3.050119304e-05 2.051967137e-05 3.985538973e-05
5.50160e+03 2.358918577e-05 5.850450006e-05 2.952544372e-05 1.985970454e-05 3.860633453e-05
5.50250e+03 2.355276868e-05 5.838268214e-05 2.946032967e-05 1.984125707e-05 3.851397527e-05
5.50340e+03 2.386953078e-05 5.921378516e-05 2.985569296e-05 2.011126388e-05 3.903928205e-05
5.50430e+03 2.402043164e-05 5.970113665e-05 3.006425700e-05 2.023033700e-05 3.933804968e-05
5.50520e+03 2.357853686e-05 5.882251684e-05 2.955510854e-05 1.983035401e-05 3.872402433e-05
5.50610e+03 2.292226454e-05 5.741462567e-05 2.876919011e-05 1.925139115e-05 3.774414046e-05
5.50700e+03 2.319963070e-05 5.789897481e-05 2.908449276e-05 1.950141255e-05 3.810732088e-05
5.50790e+03 2.420262555e-05 5.989104334e-05 3.026705786e-05 2.039169628e-05 3.954787231e-05
5.50880e+03 2.467267105e-05 6.082244730e-05 3.081860186e-05 2.081312635e-05 4.022283717e-05
5.50970e+03 2.444364251e-05 6.036708672e-05 3.054695774e-05 2.061511162e-05 3.989131766e-05
5.51060e+03 2.390544289e-05 5.933844215e-05 2.992041281e-05 2.013590402e-05 3.913385627e-05
5.51150e+03 2.307403317e-05 5.772328215e-05 2.894817795e-05 1.939512393e-05 3.795683440e-05
5.51240e+03 2.238601954e-05 5.638500885e-05 2.812908375e-05 1.878763620e-05 3.695885097e-05
5.51330e+03 2.238533537e-05 5.647556051e-05 2.812900402e-05 1.878533717e-05 3.697073951e-05
5.51420e+03 2.282323936e-05 5.749280425e-05 2.866348650e-05 1.916207609e-05 3.765389918e-05
5.51510e+03 2.334145805e-05 5.859385268e-05 2.928723145e-05 1.961294724e-05 3.843454315e-05
5.51600e+03 2.377230005e-05 5.941540679e-05 2.979510677e-05 1.999431774e-05 3.905161725e-05
5.51690e+03 2.425950842e-05 6.033935166e-05 3.036724780e-05 2.042810774e-05 3.974031460e-05
5.51780e+03 2.502316120e-05 6.185403059e-05 3.127318790e-05 2.110139804e-05 4.084140449e-05
5.51870e+03 2.556659712e-05 6.293793991e-05 3.191845271e-05 2.157898291e-05 4.162533254e-05
5.51960e+03 2.551266996e-05 6.281120995e-05 3.184476613e-05 2.153568016e-05 4.152917131e-05
5.52050e+03 2.525704147e-05 6.224089986e-05 3.152467043e-05 2.131719952e-05 4.112593929e-05
5.52140e+03 2.516005541e-05 6.198067816e-05 3.140279707e-05 2.123655803e-05 4.096821586e-05
5.52230e+03 2.517277821e-05 6.199587070e-05 3.142049902e-05 2.124975477e-05 4.098966568e-05
5.52320e+03 2.520045319e-05 6.209849369e-05 3.146199390e-05 2.127378627e-05 4.105081779e-05
5.52410e+03 2.512736464e-05 6.190631983e-05 3.137479710e-05 2.121182649e-05 4.093577762e-05
5.52500e+03 2.484863662e-05 6.115705365e-05 3.102504748e-05 2.097829396e-05 4.046653019e-05
5.52590e+03 2.435566320e-05 5.994047250e-05 3.041320515e-05 2.056114661e-05 3.966360797e-05
5.52680e+03 2.347080554e-05 5.804907847e-05 2.935095070e-05 1.979039988e-05 3.833191064e-05
5.52770e+03 2.245239302e-05 5.605555795e-05 2.814326680e-05 1.889014301e-05 3.685414965e-05
5.52860e+03 2.244621279e-05 5.618384252e-05 2.813910671e-05 1.888136360e-05 3.687199411e-05
5.52950e+03 2.368043444e-05 5.884363305e-05 2.962013683e-05 1.996052095e-05 3.872943483e-05
5.53040e+03 2.479877574e-05 6.124350086e-05 3.096665827e-05 2.093117535e-05 4.041951476e-05
5.53130e+03 2.499912404e-05 6.170373223e-05 3.121090906e-05 2.109924863e-05 4.073247188e-05
5.53220e+03 2.474796035e-05 6.118405592e-05 3.091103341e-05 2.087913964e-05 4.036091692e-05
5.53310e+03 2.459766503e-05 6.071550863e-05 3.071538191e-05 2.075907943e-05 4.008750046e-05
5.53400e+03 2.439668474e-05 6.000468341e-05 3.044265212e-05 2.060099038e-05 3.968903628e-05
5.53490e+03 2.408689940e-05 5.921487913e-05 3.005410037e-05 2.033919729e-05 3.917749614e-05
5.53580e+03 2.417574242e-05 5.956113549e-05 3.017359688e-05 2.041043023e-05 3.935738104e-05
5.53670e+03 2.448309076e-05 6.049863980e-05 3.057352982e-05 2.066118182e-05 3.991577448e-05
5.53760e+03 2.451748184e-05 6.075447318e-05 3.063691836e-05 2.067691637e-05 4.003527199e-05
5.53850e+03 2.462415698e-05 6.098869710e-05 3.076653984e-05 2.076793747e-05 4.019460929e-05
5.53940e+03 2.511479841e-05 6.196216136e-05 3.134693295e-05 2.120214276e-05 4.089566050e-05
5.54030e+03 2.563270421e-05 6.300263281e-05 3.196030162e-05 2.166048366e-05 4.164211317e-05
5.54120e+03 2.572719747e-05 6.313041309e-05 3.206714854e-05 2.174659408e-05 4.175788373e-05
5.54210e+03 2.526233077e-05 6.204421547e-05 3.149874903e-05 2.134485886e-05 4.102924394e-05
5.54300e+03 2.469130741e-05 6.074052412e-05 3.080208154e-05 2.085284096e-05 4.014193326e-05
5.54390e+03 2.463076110e-05 6.054303108e-05 3.071780142e-05 2.080538908e-05 4.001930402e-05
5.54480e+03 2.483265865e-05 6.095950966e-05 3.095852541e-05 2.098020800e-05 4.031445128e-05
5.54570e+03 2.475656739e-05 6.087481524e-05 3.087922914e-05 2.090778778e-05 4.023455547e-05
5.54660e+03 2.477808743e-05 6.102927797e-05 3.091434341e-05 2.092339540e-05 4.030172604e-05
5.54750e+03 2.534309785e-05 6.226576801e-05 3.159252171e-05 2.141799658e-05 4.114921700e-05
5.54840e+03 2.593928800e-05 6.352833084e-05 3.231068768e-05 2.193577490e-05 4.203789794e-05
5.54930e+03 2.610101447e-05 6.389984290e-05 3.251053356e-05 2.207177820e-05 4.228990269e-05
5.55020e+03 2.606770241e-05 6.384643016e-05 3.247265753e-05 2.204122383e-05 4.224493587e-05
5.55110e+03 2.598731614e-05 6.365038187e-05 3.237957063e-05 2.197236176e-05 4.212680459e-05
5.55200e+03 2.570074257e-05 6.301035009e-05 3.204054522e-05 2.172978403e-05 4.170911436e-05
5.55290e+03 2.514967151e-05 6.179128657e-05 3.136985007e-05 2.125898010e-05 4.086935588e-05
5.55380e+03 2.466344704e-05 6.072644987e-05 3.076766451e-05 2.084312993e-05 4.010780907e-05
5.55470e+03 2.463049664e-05 6.064952497e-05 3.071608192e-05 2.081122471e-05 4.003267038e-05
5.55560e+03 2.496517444e-05 6.138091149e-05 3.113009937e-05 2.108956976e-05 4.055351463e-05
5.55650e+03 2.510830025e-05 6.174140772e-05 3.132747057e-05 2.120404821e-05 4.082209014e-05
5.55740e+03 2.496069941e-05 6.145805731e-05 3.115811811e-05 2.107477657e-05 4.062249948e-05
5.55830e+03 2.496299558e-05 6.146103818e-05 3.115116353e-05 2.108389725e-05 4.060860833e-05
5.55920e+03 2.511059440e-05 6.174479708e-05 3.131344690e-05 2.122046395e-05 4.079619007e-05
5.56010e+03 2.508232028e-05 6.164147155e-05 3.126486921e-05 2.120181660e-05 4.072423962e-05
5.56100e+03 2.483040092e-05 6.111496055e-05 3.095884558e-05 2.098611762e-05 4.035055302e-05
5.56190e+03 2.440373012e-05 6.022120439e-05 3.044922032e-05 2.061479303e-05 3.972071406e-05
5.56280e+03 2.410484695e-05 5.955848212e-05 3.008016161e-05 2.035658493e-05 3.924483023e-05
5.56370e+03 2.421756987e-05 5.978007996e-05 3.020785960e-05 2.045582417e-05 3.939087578e-05
5.56460e+03 2.426686664e-05 5.990661971e-05 3.028057489e-05 2.049383872e-05 3.949333808e-05
5.56550e+03 2.391558506e-05 5.920948647e-05 2.987450449e-05 2.017890168e-05 3.900384697e-05
5.56640e+03 2.372390720e-05 5.886363772e-05 2.964792611e-05 2.000563898e-05 3.872914171e-05
5.56730e+03 2.393769010e-05 5.936036603e-05 2.990896967e-05 2.019363811e-05 3.906189346e-05
5.56820e+03 2.402387601e-05 5.953894161e-05 3.002463065e-05 2.027003784e-05 3.921052425e-05
5.56910e+03 2.381493440e-05 5.908126406e-05 2.977966134e-05 2.008195310e-05 3.890228786e-05
5.57000e+03 2.406576138e-05 5.960650660e-05 3.007717812e-05 2.029505573e-05 3.926716063e-05
5.57090e+03 2.459625023e-05 6.073986597e-05 3.072592694e-05 2.075699237e-05 4.008165109e-05
5.57180e+03 2.415676867e-05 5.982310328e-05 3.020607452e-05 2.037811052e-05 3.943847935e-05
5.57270e+03 2.338154738e-05 5.815750693e-05 2.925026182e-05 1.970678698e-05 3.822823155e-05
5.57360e+03 2.381872598e-05 5.907114699e-05 2.975498525e-05 2.009146673e-05 3.884121212e-05
5.57450e+03 2.472839555e-05 6.101599954e-05 3.086062434e-05 2.088633139e-05 4.022461059e-05
5.57540e+03 2.480402760e-05 6.114198672e-05 3.096002475e-05 2.095287109e-05 4.035037255e-05
5.57630e+03 2.466856048e-05 6.074443317e-05 3.077592340e-05 2.083740358e-05 4.010290934e-05
5.57720e+03 2.489578928e-05 6.121070489e-05 3.103828252e-05 2.103660197e-05 4.042942922e-05
5.57810e+03 2.493370102e-05 6.138634503e-05 3.109646437e-05 2.106894075e-05 4.052690771e-05
5.57900e+03 2.489577742e-05 6.135678102e-05 3.105632025e-05 2.103432760e-05 4.048917223e-05
5.57990e+03 2.510025490e-05 6.177998422e-05 3.130210427e-05 2.121144917e-05 4.078991280e-05
5.58080e+03 2.502529625e-05 6.158308362e-05 3.121678450e-05 2.114255527e-05 4.067525405e-05
5.58170e+03 2.464442144e-05 6.072986792e-05 3.075609085e-05 2.080531687e-05 4.008735861e-05
5.58260e+03 2.458066749e-05 6.064088870e-05 3.067765415e-05 2.074479830e-05 3.999117592e-05
5.58350e+03 2.464222412e-05 6.093100944e-05 3.077165574e-05 2.079387388e-05 4.014670942e-05
5.58440e+03 2.428989661e-05 6.030341105e-05 3.037291003e-05 2.048635117e-05 3.968749468e-05
5.58530e+03 2.342927536e-05 5.849639334e-05 2.934861440e-05 1.973562453e-05 3.841643415e-05
5.58620e+03 2.220121256e-05 5.586084423e-05 2.786616451e-05 1.866409080e-05 3.655383393e-05
5.58710e+03 2.124230677e-05 5.375571715e-05 2.668841306e-05 1.783033834e-05 3.505939590e-05
5.58800e+03 2.106903321e-05 5.329896695e-05 2.645975828e-05 1.767989147e-05 3.475102309e-05
5.58890e+03 2.147298989e-05 5.409006543e-05 2.693827720e-05 1.803202632e-05 3.533591666e-05
5.58980e+03 2.224505154e-05 5.572404671e-05 2.786207884e-05 1.871003586e-05 3.649032661e-05
5.59070e+03 2.307543498e-05 5.751248852e-05 2.886224969e-05 1.943928514e-05 3.774678013e-05
5.59160e+03 2.344428165e-05 5.829281673e-05 2.931351511e-05 1.976665849e-05 3.831496484e-05
5.59250e+03 2.335381083e-05 5.808498071e-05 2.920907328e-05 1.968933234e-05 3.818707958e-05
5.59340e+03 2.308971999e-05 5.742591035e-05 2.888145923e-05 1.945542384e-05 3.775806578e-05
5.59430e+03 2.313011262e-05 5.739630290e-05 2.891088856e-05 1.948671008e-05 3.775979412e-05
5.59520e+03 2.408660065e-05 5.944152241e-05 3.006340172e-05 2.031277995e-05 3.918579665e-05
5.59610e+03 2.510535166e-05 6.174647957e-05 3.132959920e-05 2.119074956e-05 4.079658602e-05
5.59700e+03 2.480842091e-05 6.118021192e-05 3.100331850e-05 2.092642561e-05 4.041244561e-05
5.59790e+03 2.364517372e-05 5.862596941e-05 2.958002095e-05 1.991866938e-05 3.861594221e-05
5.59880e+03 2.307681640e-05 5.733072750e-05 2.885822237e-05 1.943568890e-05 3.768881028e-05
5.59970e+03 2.311301358e-05 5.742500324e-05 2.889273676e-05 1.947508245e-05 3.773836058e-05
5.60060e+03 2.284132142e-05 5.684937282e-05 2.856258620e-05 1.924697396e-05 3.733473553e-05
5.60150e+03 2.234618947e-05 5.568064074e-05 2.795590352e-05 1.882239836e-05 3.655523958e-05
5.60240e+03 2.222156510e-05 5.533021570e-05 2.779718928e-05 1.870973083e-05 3.633404316e-05
5.60330e+03 2.292487420e-05 5.688191871e-05 2.864608132e-05 1.930710184e-05 3.739572885e-05
5.60420e+03 2.426654086e-05 5.987981773e-05 3.029132130e-05 2.045615267e-05 3.948139915e-05
5.60510e+03 2.536289760e-05 6.230877938e-05 3.164009964e-05 2.140658171e-05 4.119658009e-05
5.60600e+03 2.584550177e-05 6.332872882e-05 3.222285404e-05 2.183283641e-05 4.192334001e-05
5.60690e+03 2.588918837e-05 6.342938808e-05 3.226447199e-05 2.187474168e-05 4.197000473e-05
5.60780e+03 2.574936436e-05 6.314805335e-05 3.208605108e-05 2.175627618e-05 4.174888378e-05
5.60870e+03 2.561931313e-05 6.286427612e-05 3.192581874e-05 2.164472847e-05 4.154882279e-05
5.60960e+03 2.556987617e-05 6.273774101e-05 3.186724410e-05 2.160155387e-05 4.146939190e-05
5.61050e+03 2.567142156e-05 6.295397776e-05 3.199038973e-05 2.168952509e-05 4.162063366e-05
5.61140e+03 2.592430531e-05 6.349246618e-05 3.228947338e-05 2.191015932e-05 4.199195743e-05
5.61230e+03 2.607374970e-05 6.381446741e-05 3.246392563e-05 2.204573192e-05 4.220613541e-05
5.61320e+03 2.550160759e-05 6.259823905e-05 3.178231493e-05 2.155413816e-05 4.135612527e-05
5.61410e+03 2.367849943e-05 5.874089206e-05 2.960297234e-05 1.997104533e-05 3.864988203e-05
5.61500e+03 2.165736538e-05 5.448706939e-05 2.715961625e-05 1.821369289e-05 3.560472991e-05
5.61590e+03 2.146527258e-05 5.410459867e-05 2.690983995e-05 1.803970685e-05 3.528066329e-05
5.61680e+03 2.294489593e-05 5.725493734e-05 2.870297110e-05 1.931639196e-05 3.752020544e-05
5.61770e+03 2.406470383e-05 5.961708056e-05 3.006431023e-05 2.029310440e-05 3.922687640e-05
5.61860e+03 2.411438329e-05 5.969338406e-05 3.011954857e-05 2.034429807e-05 3.929497712e-05
5.61950e+03 2.389309531e-05 5.922930138e-05 2.985380116e-05 2.014994687e-05 3.897182175e-05
5.62040e+03 2.414958418e-05 5.974926790e-05 3.016471384e-05 2.036711201e-05 3.936002472e-05
5.62130e+03 2.477828076e-05 6.101050517e-05 3.091087617e-05 2.091772357e-05 4.027108108e-05
5.62220e+03 2.499519972e-05 6.141596946e-05 3.116104287e-05 2.111657938e-05 4.056688446e-05
5.62310e+03 2.414466937e-05 5.957083226e-05 3.013634681e-05 2.038224253e-05 3.928490218e-05
5.62400e+03 2.273881702e-05 5.658362165e-05 2.843569002e-05 1.916194437e-05 3.716641132e-05
5.62490e+03 2.224496767e-05 5.554370939e-05 2.781734183e-05 1.873447514e-05 3.639007679e-05
5.62580e+03 2.303760094e-05 5.723081273e-05 2.876307164e-05 1.942330376e-05 3.756698865e-05
5.62670e+03 2.394669066e-05 5.919693168e-05 2.987480496e-05 2.020749672e-05 3.896593389e-05
5.62760e+03 2.434412854e-05 6.010228292e-05 3.037314409e-05 2.054422700e-05 3.960178846e-05
5.62850e+03 2.473133311e-05 6.097656082e-05 3.085131973e-05 2.087476733e-05 4.020134401e-05
5.62940e+03 2.525808888e-05 6.212386801e-05 3.149290569e-05 2.133032628e-05 4.099612611e-05
5.63030e+03 2.555660591e-05 6.275290932e-05 3.185417518e-05 2.159435857e-05 4.144137288e-05
5.63120e+03 2.556518600e-05 6.271120044e-05 3.185889998e-05 2.160876119e-05 4.143901731e-05
5.63210e+03 2.540825556e-05 6.228849143e-05 3.165922797e-05 2.148237737e-05 4.117567172e-05
5.63300e+03 2.511420487e-05 6.159948468e-05 3.129379983e-05 2.123846224e-05 4.071076949e-05
5.63390e+03 2.475413381e-05 6.080855608e-05 3.085159619e-05 2.093317109e-05 4.015959391e-05
5.63480e+03 2.444133260e-05 6.016566164e-05 3.047560898e-05 2.065909535e-05 3.970004646e-05
5.63570e+03 2.409389422e-05 5.941977106e-05 3.005197365e-05 2.035618793e-05 3.917262345e-05
5.63660e+03 2.371121730e-05 5.849912773e-05 2.957335717e-05 2.003146243e-05 3.855473156e-05
5.63750e+03 2.362078038e-05 5.819304744e-05 2.945055430e-05 1.995654372e-05 3.837332058e-05
5.63840e+03 2.399184137e-05 5.897081622e-05 2.990431163e-05 2.027305218e-05 3.892945632e-05
5.63930e+03 2.435671422e-05 5.976224527e-05 3.035906309e-05 2.058430164e-05 3.949979879e-05
5.64020e+03 2.413268615e-05 5.924369172e-05 3.008721881e-05 2.039495426e-05 3.915799495e-05
5.64110e+03 2.364951408e-05 5.818001917e-05 2.949168481e-05 1.998497729e-05 3.841322427e-05
5.64200e+03 2.364937178e-05 5.825831566e-05 2.949810910e-05 1.998143351e-05 3.844003163e-05
5.64290e+03 2.396813720e-05 5.910027152e-05 2.990436870e-05 2.024657615e-05 3.898004199e-05
5.64380e+03 2.414202597e-05 5.955046606e-05 3.011991828e-05 2.039232435e-05 3.926108639e-05
5.64470e+03 2.430117439e-05 5.983705949e-05 3.030114034e-05 2.053203485e-05 3.946864726e-05
5.64560e+03 2.451836920e-05 6.024315425e-05 3.054901487e-05 2.072142312e-05 3.975907023e-05
5.64650e+03 2.472938202e-05 6.070542424e-05 3.079814844e-05 2.090176551e-05 4.007348016e-05
5.64740e+03 2.483904670e-05 6.098821084e-05 3.094575796e-05 2.099244562e-05 4.027861135e-05
5.64830e+03 2.466324308e-05 6.061660636e-05 3.074917819e-05 2.084133731e-05 4.004510228e-05
5.64920e+03 2.435103692e-05 5.988842024e-05 3.036653129e-05 2.058102946e-05 3.955906093e-05
5.65010e+03 2.435856771e-05 5.980766663e-05 3.035062528e-05 2.060016986e-05 3.951048504e-05
5.65100e+03 2.481057968e-05 6.072218357e-05 3.087937309e-05 2.099317563e-05 4.014595689e-05
5.65190e+03 2.528637632e-05 6.173069043e-05 3.145648677e-05 2.139937080e-05 4.085941807e-05
5.65280e+03 2.526992645e-05 6.167143408e-05 3.144352501e-05 2.138893715e-05 4.084525570e-05
5.65370e+03 2.462608063e-05 6.021688734e-05 3.065748481e-05 2.084183845e-05 3.985393859e-05
5.65460e+03 2.399175267e-05 5.873891239e-05 2.986151532e-05 2.030177361e-05 3.883124285e-05
5.65550e+03 2.414183510e-05 5.898508220e-05 3.002555660e-05 2.043642138e-05 3.901638713e-05
5.65640e+03 2.433631524e-05 5.941638104e-05 3.028798703e-05 2.060175045e-05 3.935975171e-05
5.65730e+03 2.327597118e-05 5.713298773e-05 2.902887820e-05 1.967645641e-05 3.779818739e-05
5.65820e+03 2.188269770e-05 5.409997669e-05 2.732545281e-05 1.846669985e-05 3.565090681e-05
5.65910e+03 2.211237378e-05 5.463284541e-05 2.758534429e-05 1.866456835e-05 3.597037858e-05
5.66000e+03 2.344028931e-05 5.760900901e-05 2.921058260e-05 1.980978036e-05 3.803410209e-05
5.66090e+03 2.389744744e-05 5.869922894e-05 2.978617971e-05 2.020000007e-05 3.878520455e-05
5.66180e+03 2.338366079e-05 5.762298924e-05 2.916685325e-05 1.974705398e-05 3.801418991e-05
5.66270e+03 2.322977333e-05 5.723269002e-05 2.895950415e-05 1.961235882e-05 3.773145189e-05
5.66360e+03 2.389582478e-05 5.861695682e-05 2.975800781e-05 2.019143171e-05 3.871313914e-05
5.66450e+03 2.468920166e-05 6.033153736e-05 3.073212162e-05 2.087948991e-05 3.993344814e-05
5.66540e+03 2.497577406e-05 6.091735750e-05 3.108374036e-05 2.113518343e-05 4.037165275e-05
5.66630e+03 2.462477688e-05 6.011823653e-05 3.064736551e-05 2.084013005e-05 3.982086709e-05
5.66720e+03 2.409749959e-05 5.899590743e-05 2.999806949e-05 2.038287850e-05 3.900971579e-05
5.66810e+03 2.397953084e-05 5.874637122e-05 2.985196628e-05 2.027724069e-05 3.882402259e-05
5.66900e+03 2.420684365e-05 5.922643411e-05 3.013202051e-05 2.047191780e-05 3.917466740e-05
5.66990e+03 2.436686498e-05 5.966314417e-05 3.034669092e-05 2.060039950e-05 3.947037048e-05
5.67080e+03 2.448468784e-05 6.006143810e-05 3.051877914e-05 2.068592370e-05 3.972416474e-05
5.67170e+03 2.492992340e-05 6.106218140e-05 3.106487600e-05 2.106778343e-05 4.041664271e-05
5.67260e+03 2.559321740e-05 6.242942147e-05 3.185791333e-05 2.165325530e-05 4.139031377e-05
5.67350e+03 2.588005365e-05 6.298335896e-05 3.219596336e-05 2.191487574e-05 4.179698973e-05
5.67440e+03 2.559189975e-05 6.230121224e-05 3.183224938e-05 2.167128771e-05 4.132446193e-05
5.67530e+03 2.531715664e-05 6.162312194e-05 3.147975525e-05 2.143573179e-05 4.085831340e-05
5.67620e+03 2.555601117e-05 6.206815734e-05 3.176161591e-05 2.164440237e-05 4.119518582e-05
5.67710e+03 2.580982632e-05 6.262389406e-05 3.207975243e-05 2.186294074e-05 4.160597117e-05
5.67800e+03 2.555387838e-05 6.210518834e-05 3.178066357e-05 2.163617860e-05 4.125233650e-05
5.67890e+03 2.516416488e-05 6.128300255e-05 3.130984939e-05 2.129328339e-05 4.067055104e-05
5.67980e+03 2.510293524e-05 6.116969830e-05 3.123518451e-05 2.124033650e-05 4.057704930e-05
5.68070e+03 2.501352199e-05 6.096713474e-05 3.112956909e-05 2.116649044e-05 4.043937859e-05
5.68160e+03 2.437449583e-05 5.954325860e-05 3.035176871e-05 2.061818441e-05 3.945572663e-05
5.68250e+03 2.375046202e-05 5.813285725e-05 2.957735609e-05 2.008702235e-05 3.847294339e-05
5.68340e+03 2.394574107e-05 5.841166634e-05 2.978342536e-05 2.027058766e-05 3.869830290e-05
5.68430e+03 2.456173888e-05 5.961009117e-05 3.050474483e-05 2.081621310e-05 3.957047647e-05
5.68520e+03 2.474661030e-05 6.002198808e-05 3.073396919e-05 2.097185455e-05 3.986295124e-05
5.68610e+03 2.426704139e-05 5.910022807e-05 3.018144029e-05 2.053946217e-05 3.920290248e-05
5.68700e+03 2.369803539e-05 5.794543754e-05 2.951481681e-05 2.003437389e-05 3.839004051e-05
5.68790e+03 2.359186031e-05 5.773932672e-05 2.939813347e-05 1.993929841e-05 3.824969075e-05
5.68880e+03 2.401777995e-05 5.868859899e-05 2.991275177e-05 2.031252317e-05 3.889506112e-05
5.68970e+03 2.467437635e-05 6.010550850e-05 3.069722794e-05 2.088781650e-05 3.987302534e-05
5.69060e+03 2.514083127e-05 6.106581604e-05 3.123678337e-05 2.129611222e-05 4.052871411e-05
5.69150e+03 2.548780843e-05 6.178218104e-05 3.164257739e-05 2.159689488e-05 4.102224388e-05
5.69240e+03 2.574299763e-05 6.230638765e-05 3.195835162e-05 2.181777390e-05 4.141597062e-05
5.69330e+03 2.564316015e-05 6.208622228e-05 3.184725144e-05 2.173064844e-05 4.128104373e-05
5.69420e+03 2.535003210e-05 6.149164731e-05 3.149996914e-05 2.147226366e-05 4.085510155e-05
5.69510e+03 2.528750300e-05 6.139038274e-05 3.143269239e-05 2.141272694e-05 4.078331681e-05
5.69600e+03 2.544791138e-05 6.175394598e-05 3.163292224e-05 2.154954154e-05 4.104781153e-05
5.69690e+03 2.528700038e-05 6.145862216e-05 3.144669430e-05 2.140586329e-05 4.083366346e-05
5.69780e+03 2.462569962e-05 6.014272682e-05 3.065778347e-05 2.082371898e-05 3.987137991e-05
5.69870e+03 2.420115415e-05 5.925329393e-05 3.014575123e-05 2.045412966e-05 3.923893270e-05
5.69960e+03 2.414751177e-05 5.906209878e-05 3.007341381e-05 2.041612490e-05 3.913973149e-05
5.70050e+03 2.381550810e-05 5.828106057e-05 2.966182668e-05 2.013472791e-05 3.861103041e-05
5.70140e+03 2.337786064e-05 5.734303689e-05 2.912753872e-05 1.975058563e-05 3.793634870e-05
5.70230e+03 2.348632823e-05 5.764973780e-05 2.926757322e-05 1.983498850e-05 3.812408456e-05
5.70320e+03 2.411152777e-05 5.904900189e-05 3.003353526e-05 2.037622534e-05 3.909202630e-05
5.70410e+03 2.457671745e-05 5.998197149e-05 3.058780734e-05 2.079221768e-05 3.976841099e-05
5.70500e+03 2.433917190e-05 5.932490303e-05 3.027861170e-05 2.060014697e-05 3.935239415e-05
5.70590e+03 2.363984440e-05 5.773647826e-05 2.941666822e-05 1.999799204e-05 3.826399525e-05
5.70680e+03 2.308377451e-05 5.656343845e-05 2.874925327e-05 1.951799284e-05 3.744485711e-05
5.70770e+03 2.261397306e-05 5.556596048e-05 2.819135320e-05 1.911433827e-05 3.675773767e-05
5.70860e+03 2.215052074e-05 5.451498930e-05 2.762127631e-05 1.871589521e-05 3.602869870e-05
5.70950e+03 2.219706626e-05 5.455984222e-05 2.766726778e-05 1.875781439e-05 3.606189920e-05
5.71040e+03 2.252303373e-05 5.529776999e-05 2.807761714e-05 1.903469551e-05 3.658146689e-05
5.71130e+03 2.256000316e-05 5.550768876e-05 2.814410281e-05 1.905277435e-05 3.669655204e-05
5.71220e+03 2.299030102e-05 5.647436450e-05 2.866000340e-05 1.942016310e-05 3.734685331e-05
5.71310e+03 2.406812744e-05 5.870306126e-05 2.996005215e-05 2.035954406e-05 3.895750549e-05
5.71400e+03 2.481519051e-05 6.021158973e-05 3.085614452e-05 2.101358064e-05 4.006092703e-05
5.71490e+03 2.501966360e-05 6.060548184e-05 3.108401367e-05 2.119412573e-05 4.032569975e-05
5.71580e+03 2.517164066e-05 6.096102723e-05 3.126539343e-05 2.132726879e-05 4.055241584e-05
5.71670e+03 2.523780017e-05 6.114031708e-05 3.135902236e-05 2.138432260e-05 4.068255768e-05
5.71760e+03 2.518572173e-05 6.099270362e-05 3.129289729e-05 2.134127884e-05 4.059107195e-05
5.71850e+03 2.534826347e-05 6.128448964e-05 3.147985731e-05 2.148296888e-05 4.080833076e-05
5.71940e+03 2.562408333e-05 6.188543396e-05 3.181678854e-05 2.172004789e-05 4.123405071e-05
5.72030e+03 2.577092711e-05 6.223074064e-05 3.199491347e-05 2.184684959e-05 4.146625947e-05
5.72120e+03 2.598815802e-05 6.266851508e-05 3.225121425e-05 2.203770972e-05 4.178140405e-05
5.72210e+03 2.627566313e-05 6.323192221e-05 3.259744804e-05 2.229062659e-05 4.220121601e-05
5.72300e+03 2.635252880e-05 6.341450011e-05 3.270015760e-05 2.235490373e-05 4.233089219e-05
5.72390e+03 2.624263798e-05 6.322351028e-05 3.257523085e-05 2.225542060e-05 4.218274613e-05
5.72480e+03 2.608540728e-05 6.289754632e-05 3.238790855e-05 2.211765098e-05 4.195552687e-05
5.72570e+03 2.565539354e-05 6.202658400e-05 3.188454340e-05 2.173524302e-05 4.134836567e-05
5.72660e+03 2.497399609e-05 6.065874540e-05 3.108224990e-05 2.112518158e-05 4.037289994e-05
5.72750e+03 2.481870616e-05 6.032432783e-05 3.089462218e-05 2.098220362e-05 4.013719524e-05
5.72840e+03 2.546383050e-05 6.155530842e-05 3.165121078e-05 2.155404450e-05 4.104503099e-05
5.72930e+03 2.595784735e-05 6.249100281e-05 3.222591759e-05 2.200226856e-05 4.173604541e-05
5.73020e+03 2.555689907e-05 6.167210907e-05 3.173974234e-05 2.166024617e-05 4.114514372e-05
5.73110e+03 2.479460603e-05 6.010809894e-05 3.082037966e-05 2.099665361e-05 4.001665988e-05
5.73200e+03 2.475782484e-05 5.998421052e-05 3.075821285e-05 2.097095614e-05 3.992039291e-05
5.73290e+03 2.543583611e-05 6.135994422e-05 3.156727705e-05 2.156682225e-05 4.090514823e-05
5.73380e+03 2.598795441e-05 6.252590373e-05 3.224362105e-05 2.204370437e-05 4.174833280e-05
5.73470e+03 2.613614198e-05 6.282652132e-05 3.242823697e-05 2.216574440e-05 4.197876148e-05
5.73560e+03 2.599418061e-05 6.251843542e-05 3.225506512e-05 2.204153129e-05 4.175966837e-05
5.73650e+03 2.572614364e-05 6.198646884e-05 3.193679719e-05 2.180592145e-05 4.137170892e-05
5.73740e+03 2.557218536e-05 6.169877837e-05 3.175801449e-05 2.166929318e-05 4.116172581e-05
5.73830e+03 2.555345611e-05 6.168238161e-05 3.173945469e-05 2.165251153e-05 4.114776429e-05
5.73920e+03 2.558076831e-05 6.171547148e-05 3.177292594e-05 2.167514765e-05 4.118699882e-05
5.74010e+03 2.565155324e-05 6.180808574e-05 3.185460483e-05 2.174059693e-05 4.127717838e-05
5.74100e+03 2.564515640e-05 6.176872369e-05 3.184344945e-05 2.174246008e-05 4.125469357e-05
5.74190e+03 2.544094251e-05 6.136800459e-05 3.159322811e-05 2.156895876e-05 4.094575231e-05
5.74280e+03 2.525713120e-05 6.102197838e-05 3.136937980e-05 2.140943144e-05 4.067946802e-05
5.74370e+03 2.549889831e-05 6.153197629e-05 3.165850815e-05 2.161857807e-05 4.104085655e-05
5.74460e+03 2.607082990e-05 6.270045711e-05 3.233982832e-05 2.211983430e-05 4.187301419e-05
5.74550e+03 2.638533358e-05 6.330634380e-05 3.270533673e-05 2.240242961e-05 4.230330429e-05
5.74640e+03 2.598638028e-05 6.240127908e-05 3.221464927e-05 2.206541983e-05 4.167666546e-05
5.74730e+03 2.508136504e-05 6.046146149e-05 3.112031054e-05 2.128170604e-05 4.031661452e-05
5.74820e+03 2.464677432e-05 5.957330609e-05 3.059786274e-05 2.089889275e-05 3.967804904e-05
5.74910e+03 2.518499192e-05 6.074787942e-05 3.125473116e-05 2.135988419e-05 4.050321091e-05
5.75000e+03 2.594391064e-05 6.233616151e-05 3.218132004e-05 2.201490876e-05 4.165288838e-05
5.75090e+03 2.601027679e-05 6.242574109e-05 3.226031481e-05 2.207502525e-05 4.173819051e-05
5.75180e+03 2.523811359e-05 6.071822439e-05 3.130821728e-05 2.141767836e-05 4.053477731e-05
5.75270e+03 2.415649220e-05 5.833729776e-05 2.997677050e-05 2.049281213e-05 3.885778938e-05
5.75360e+03 2.352426274e-05 5.697885731e-05 2.919907346e-05 1.994740414e-05 3.788532535e-05
5.75450e+03 2.390566721e-05 5.785545563e-05 2.966009469e-05 2.027300732e-05 3.847197726e-05
5.75540e+03 2.502871850e-05 6.027899310e-05 3.103081998e-05 2.123895922e-05 4.018760485e-05
5.75630e+03 2.595284746e-05 6.225574723e-05 3.216430747e-05 2.203375553e-05 4.160578608e-05
5.75720e+03 2.630512070e-05 6.304624510e-05 3.259846548e-05 2.233586987e-05 4.215697362e-05
5.75810e+03 2.622542373e-05 6.293121736e-05 3.250711763e-05 2.226644410e-05 4.205437127e-05
5.75900e+03 2.575968821e-05 6.200697290e-05 3.194936202e-05 2.185940661e-05 4.137011854e-05
5.75990e+03 2.505687945e-05 6.057032750e-05 3.110371258e-05 2.124770937e-05 4.032716371e-05
5.76080e+03 2.434393706e-05 5.906025355e-05 3.024811201e-05 2.062985269e-05 3.926515252e-05
5.76170e+03 2.374471574e-05 5.774274935e-05 2.952928424e-05 2.010494850e-05 3.836098300e-05
5.76260e+03 2.363575471e-05 5.744471915e-05 2.938787133e-05 2.000667961e-05 3.816353250e-05
5.76350e+03 2.447760821e-05 5.918137739e-05 3.038757758e-05 2.074019042e-05 3.938666709e-05
5.76440e+03 2.567652802e-05 6.175905282e-05 3.183965918e-05 2.177970451e-05 4.119844237e-05
5.76530e+03 2.627239538e-05 6.309401245e-05 3.257593484e-05 2.229300684e-05 4.213343391e-05
5.76620e+03 2.634395387e-05 6.326165905e-05 3.267393890e-05 2.235273586e-05 4.226445972e-05
5.76710e+03 2.635157491e-05 6.322332613e-05 3.268706571e-05 2.235867494e-05 4.227767853e-05
5.76800e+03 2.631711618e-05 6.308583635e-05 3.263978407e-05 2.232925900e-05 4.221212847e-05
5.76890e+03 2.619368880e-05 6.279275073e-05 3.248027957e-05 2.222451700e-05 4.200670738e-05
5.76980e+03 2.606697556e-05 6.251547768e-05 3.231933152e-05 2.211845347e-05 4.180152765e-05
5.77070e+03 2.586014880e-05 6.209464148e-05 3.207584307e-05 2.193917605e-05 4.150287086e-05
5.77160e+03 2.554041363e-05 6.144384612e-05 3.169632267e-05 2.166004398e-05 4.103576595e-05
5.77250e+03 2.539057674e-05 6.112525698e-05 3.151157341e-05 2.152899126e-05 4.080244718e-05
5.77340e+03 2.537026217e-05 6.105530598e-05 3.148525674e-05 2.151033465e-05 4.076623659e-05
5.77430e+03 2.524933819e-05 6.078245047e-05 3.134003226e-05 2.140378630e-05 4.058200260e-05
5.77520e+03 2.531029351e-05 6.094035665e-05 3.140900807e-05 2.145666618e-05 4.066253588e-05
5.77610e+03 2.563760375e-05 6.170572126e-05 3.180507980e-05 2.174012535e-05 4.116171134e-05
5.77700e+03 2.590197292e-05 6.229688415e-05 3.213632149e-05 2.196551114e-05 4.159166365e-05
5.77790e+03 2.590695439e-05 6.227681631e-05 3.215172498e-05 2.196741118e-05 4.162287205e-05
5.77880e+03 2.554312372e-05 6.146792361e-05 3.171224438e-05 2.165563523e-05 4.107758267e-05
5.77970e+03 2.457371607e-05 5.944486960e-05 3.054031553e-05 2.081798638e-05 3.962597176e-05
5.78060e+03 2.329688221e-05 5.684733496e-05 2.900033151e-05 1.970740162e-05 3.772596612e-05
5.78150e+03 2.267738179e-05 5.562316343e-05 2.825759357e-05 1.916692661e-05 3.681438610e-05
5.78240e+03 2.298655661e-05 5.629088340e-05 2.863895342e-05 1.943421752e-05 3.729108787e-05
5.78330e+03 2.336000662e-05 5.705335316e-05 2.909163860e-05 1.976043640e-05 3.785387188e-05
5.78420e+03 2.307696799e-05 5.646752696e-05 2.875769739e-05 1.951494123e-05 3.745027366e-05
5.78510e+03 2.271384504e-05 5.571724350e-05 2.831914720e-05 1.919807776e-05 3.690736494e-05
5.78600e+03 2.324419852e-05 5.679218697e-05 2.894048025e-05 1.965910418e-05 3.766137482e-05
5.78690e+03 2.428967906e-05 5.891307696e-05 3.018664216e-05 2.056954422e-05 3.918715398e-05
5.78780e+03 2.496783052e-05 6.030505406e-05 3.100305784e-05 2.116196593e-05 4.018972433e-05
5.78870e+03 2.527214203e-05 6.095782173e-05 3.137046245e-05 2.143021441e-05 4.064246641e-05
5.78960e+03 2.510743755e-05 6.061936769e-05 3.117458697e-05 2.128644484e-05 4.039988257e-05
5.79050e+03 2.453677575e-05 5.941910155e-05 3.048969282e-05 2.078848937e-05 3.955273349e-05
5.79140e+03 2.444356408e-05 5.916802177e-05 3.036414566e-05 2.071547781e-05 3.938197633e-05
5.79230e+03 2.499640560e-05 6.022011131e-05 3.100790973e-05 2.121145541e-05 4.015359644e-05
5.79320e+03 2.553922309e-05 6.127128255e-05 3.164129146e-05 2.169349436e-05 4.091981028e-05
5.79410e+03 2.594922372e-05 6.208082124e-05 3.212270062e-05 2.205224567e-05 4.150721010e-05
5.79500e+03 2.622192322e-05 6.266768662e-05 3.245541284e-05 2.228528181e-05 4.192689868e-05
5.79590e+03 2.597755139e-05 6.221418469e-05 3.217814311e-05 2.206628307e-05 4.159963565e-05
5.79680e+03 2.518323582e-05 6.059816047e-05 3.123710199e-05 2.136976073e-05 4.044545792e-05
5.79770e+03 2.462146092e-05 5.946562224e-05 3.056248177e-05 2.087910297e-05 3.961503796e-05
5.79860e+03 2.506668667e-05 6.040500338e-05 3.108961880e-05 2.127021369e-05 4.026274172e-05
5.79950e+03 2.605325652e-05 6.243802557e-05 3.227415001e-05 2.213248958e-05 4.172182789e-05
5.80040e+03 2.664595494e-05 6.365629282e-05 3.298956861e-05 2.264865130e-05 4.260875055e-05
5.80130e+03 2.679756615e-05 6.398732231e-05 3.317373560e-05 2.277971066e-05 4.284466581e-05
5.80220e+03 2.669552902e-05 6.379847476e-05 3.305708591e-05 2.268928749e-05 4.271024554e-05
5.80310e+03 2.613685020e-05 6.261502041e-05 3.239374266e-05 2.220037671e-05 4.189317282e-05
5.80400e+03 2.534432574e-05 6.093658029e-05 3.144162516e-05 2.151321306e-05 4.071544447e-05
5.80490e+03 2.498512973e-05 6.013387728e-05 3.099447821e-05 2.121067632e-05 4.014726035e-05
5.80580e+03 2.511024785e-05 6.033496083e-05 3.113145841e-05 2.132618302e-05 4.029930761e-05
5.80670e+03 2.535669104e-05 6.086744105e-05 3.143081305e-05 2.153607197e-05 4.067053288e-05
5.80760e+03 2.554196664e-05 6.133781545e-05 3.166381862e-05 2.169022502e-05 4.097480101e-05
5.80850e+03 2.562694865e-05 6.158698148e-05 3.177235437e-05 2.175804775e-05 4.112404179e-05
5.80940e+03 2.574017943e-05 6.184373532e-05 3.190750619e-05 2.185225919e-05 4.129215179e-05
5.81030e+03 2.596685213e-05 6.230275066e-05 3.218177703e-05 2.204881517e-05 4.162269370e-05
5.81120e+03 2.612032365e-05 6.262296919e-05 3.237937421e-05 2.217951952e-05 4.186609179e-05
5.81210e+03 2.611025868e-05 6.260798235e-05 3.237499234e-05 2.216573169e-05 4.186511634e-05
5.81300e+03 2.600455024e-05 6.238888452e-05 3.224672576e-05 2.207433462e-05 4.171069395e-05
5.81390e+03 2.572318451e-05 6.179581208e-05 3.190735484e-05 2.183495585e-05 4.129139777e-05
5.81480e+03 2.517950816e-05 6.065234577e-05 3.125276493e-05 2.136517450e-05 4.047941634e-05
5.81570e+03 2.466712298e-05 5.955429895e-05 3.062648208e-05 2.091925959e-05 3.969472361e-05
5.81660e+03 2.474374355e-05 5.971527223e-05 3.070896886e-05 2.098411961e-05 3.978887544e-05
5.81750e+03 2.550409682e-05 6.138563554e-05 3.163712838e-05 2.163979186e-05 4.095192150e-05
5.81840e+03 2.627092876e-05 6.304873448e-05 3.257836426e-05 2.230301629e-05 4.213233027e-05
5.81930e+03 2.657769403e-05 6.364114709e-05 3.294075491e-05 2.257125830e-05 4.256616254e-05
5.82020e+03 2.659053331e-05 6.361819792e-05 3.293960814e-05 2.258498626e-05 4.254579816e-05
5.82110e+03 2.647623141e-05 6.339085225e-05 3.280005650e-05 2.248630555e-05 4.237407245e-05
5.82200e+03 2.625577726e-05 6.297546924e-05 3.254404754e-05 2.229111623e-05 4.207150367e-05
5.82290e+03 2.605927368e-05 6.259605803e-05 3.231642204e-05 2.211557910e-05 4.180133230e-05
5.82380e+03 2.606381931e-05 6.258956641e-05 3.232157286e-05 2.211874456e-05 4.180641765e-05
5.82470e+03 2.623474487e-05 6.289511401e-05 3.251728966e-05 2.227165461e-05 4.203514272e-05
5.82560e+03 2.632086708e-05 6.301743568e-05 3.260616339e-05 2.235233364e-05 4.212883189e-05
5.82650e+03 2.624288897e-05 6.283012752e-05 3.250935763e-05 2.228495298e-05 4.200424012e-05
5.82740e+03 2.616603943e-05 6.270671491e-05 3.242798675e-05 2.221380868e-05 4.191571277e-05
5.82830e+03 2.626086148e-05 6.295796502e-05 3.254911665e-05 2.229359622e-05 4.207719355e-05
5.82920e+03 2.643967162e-05 6.332917073e-05 3.275954248e-05 2.245267329e-05 4.233395495e-05
5.83010e+03 2.643178525e-05 6.329140181e-05 3.274539450e-05 2.244970957e-05 4.231086918e-05
5.83100e+03 2.626474849e-05 6.292516971e-05 3.254040448e-05 2.230546517e-05 4.205449116e-05
5.83190e+03 2.617731986e-05 6.276134837e-05 3.243906113e-05 2.222900156e-05 4.193604132e-05
5.83280e+03 2.611200892e-05 6.262850474e-05 3.236243058e-05 2.217291166e-05 4.184651788e-05
5.83370e+03 2.584426866e-05 6.203418925e-05 3.203590803e-05 2.194090003e-05 4.143577812e-05
5.83460e+03 2.559241970e-05 6.149719226e-05 3.173109395e-05 2.172271963e-05 4.105479443e-05
5.83550e+03 2.575865509e-05 6.184340100e-05 3.193248708e-05 2.186739215e-05 4.130425449e-05
5.83640e+03 2.603636540e-05 6.242712697e-05 3.226768072e-05 2.210710224e-05 4.172074746e-05
5.83730e+03 2.587678092e-05 6.211474943e-05 3.207592581e-05 2.196532746e-05 4.148987803e-05
5.83820e+03 2.558242438e-05 6.152829759e-05 3.172456739e-05 2.170678273e-05 4.106163843e-05
5.83910e+03 2.572180283e-05 6.182956336e-05 3.190045066e-05 2.182630824e-05 4.127952743e-05
5.84000e+03 2.618007713e-05 6.278992648e-05 3.245454548e-05 2.222660966e-05 4.196392664e-05
5.84090e+03 2.653260025e-05 6.351916451e-05 3.287101062e-05 2.253777314e-05 4.247400985e-05
5.84180e+03 2.665120605e-05 6.372161374e-05 3.300035594e-05 2.264443054e-05 4.261988873e-05
5.84270e+03 2.662381276e-05 6.362912372e-05 3.295742018e-05 2.261822961e-05 4.255650220e-05
5.84360e+03 2.647303125e-05 6.332273106e-05 3.278087891e-05 2.248253085e-05 4.234268730e-05
5.84450e+03 2.622903792e-05 6.282300934e-05 3.249496636e-05 2.226757486e-05 4.199707032e-05
5.84540e+03 2.591366417e-05 6.215359688e-05 3.211521436e-05 2.199160151e-05 4.152284284e-05
5.84630e+03 2.552311554e-05 6.135667103e-05 3.165361771e-05 2.164904935e-05 4.095777810e-05
5.84720e+03 2.524592918e-05 6.082187702e-05 3.133657398e-05 2.140408828e-05 4.058115398e-05
5.84810e+03 2.527051644e-05 6.089251686e-05 3.137354690e-05 2.142418305e-05 4.062780106e-05
5.84900e+03 2.548842812e-05 6.135061064e-05 3.163332061e-05 2.161370512e-05 4.094533232e-05
5.84990e+03 2.564604030e-05 6.169373991e-05 3.181930808e-05 2.174995381e-05 4.117590221e-05
5.85080e+03 2.553183225e-05 6.146472067e-05 3.168123023e-05 2.164827710e-05 4.100298988e-05
5.85170e+03 2.507534297e-05 6.046573222e-05 3.113149789e-05 2.125148919e-05 4.031294283e-05
5.85260e+03 2.452153456e-05 5.920187586e-05 3.046161250e-05 2.077466540e-05 3.946739500e-05
5.85350e+03 2.440723842e-05 5.886648069e-05 3.031322062e-05 2.068284254e-05 3.926746380e-05
5.85440e+03 2.475745992e-05 5.962899983e-05 3.072738070e-05 2.099329576e-05 3.978347479e-05
5.85530e+03 2.485392636e-05 5.995538618e-05 3.085388274e-05 2.107419414e-05 3.996177506e-05
5.85620e+03 2.418961947e-05 5.865060924e-05 3.007540016e-05 2.048199707e-05 3.901139921e-05
5.85710e+03 2.325063012e-05 5.668429733e-05 2.895704882e-05 1.965526465e-05 3.762300892e-05
5.85800e+03 2.308509804e-05 5.627277734e-05 2.874369571e-05 1.951768299e-05 3.734598051e-05
5.85890e+03 2.380006070e-05 5.771110489e-05 2.958541602e-05 2.015145328e-05 3.838136184e-05
5.85980e+03 2.462365781e-05 5.942422588e-05 3.057783974e-05 2.087373215e-05 3.961329263e-05
5.86070e+03 2.507347979e-05 6.038748727e-05 3.113611029e-05 2.125932925e-05 4.031146469e-05
5.86160e+03 2.495771664e-05 6.014840207e-05 3.100698383e-05 2.114928064e-05 4.015256471e-05
5.86250e+03 2.469971496e-05 5.959098295e-05 3.069004336e-05 2.092370581e-05 3.975341815e-05
5.86340e+03 2.487630620e-05 5.998599718e-05 3.090381083e-05 2.107705268e-05 4.002709961e-05
5.86430e+03 2.523054514e-05 6.077336488e-05 3.133937770e-05 2.138080628e-05 4.058247448e-05
5.86520e+03 2.515480286e-05 6.067997791e-05 3.125382150e-05 2.130747076e-05 4.049039253e-05
5.86610e+03 2.466793873e-05 5.977690255e-05 3.067823126e-05 2.087788225e-05 3.979921716e-05
5.86700e+03 2.449455875e-05 5.946495671e-05 3.047119816e-05 2.072917288e-05 3.954940958e-05
5.86790e+03 2.493710009e-05 6.032333111e-05 3.099194985e-05 2.112128239e-05 4.017673667e-05
5.86880e+03 2.551133554e-05 6.145373136e-05 3.167158655e-05 2.162724306e-05 4.100314053e-05
5.86970e+03 2.582972972e-05 6.210548151e-05 3.204843093e-05 2.190466009e-05 4.146234618e-05
5.87060e+03 2.586686010e-05 6.217451941e-05 3.208849688e-05 2.193593582e-05 4.150414915e-05
5.87150e+03 2.567596554e-05 6.177161134e-05 3.186043383e-05 2.176807593e-05 4.122272178e-05
5.87240e+03 2.537079323e-05 6.115010921e-05 3.150289884e-05 2.149875752e-05 4.079037558e-05
5.87330e+03 2.526200006e-05 6.095639136e-05 3.138068252e-05 2.140359823e-05 4.064926185e-05
5.87420e+03 2.548090263e-05 6.139346496e-05 3.164481893e-05 2.159251511e-05 4.096968911e-05
5.87510e+03 2.562558275e-05 6.163034141e-05 3.181778688e-05 2.171250417e-05 4.116810966e-05
5.87600e+03 2.545623237e-05 6.126894383e-05 3.162103774e-05 2.155955105e-05 4.092521877e-05
5.87690e+03 2.520243726e-05 6.081025565e-05 3.132738001e-05 2.133457473e-05 4.058204124e-05
5.87780e+03 2.499781379e-05 6.043923016e-05 3.108925283e-05 2.115297652e-05 4.030481529e-05
5.87870e+03 2.469196699e-05 5.980897576e-05 3.072490743e-05 2.088545289e-05 3.986217215e-05
5.87960e+03 2.426154621e-05 5.892740568e-05 3.020508220e-05 2.050977363e-05 3.922352316e-05
5.88050e+03 2.415270136e-05 5.875328706e-05 3.007107702e-05 2.041410079e-05 3.906512157e-05
5.88140e+03 2.450862577e-05 5.950105062e-05 3.049668270e-05 2.072577899e-05 3.958903039e-05
5.88230e+03 2.472795944e-05 5.990648421e-05 3.075835748e-05 2.091468940e-05 3.989571040e-05
5.88320e+03 2.445089024e-05 5.932317596e-05 3.043374497e-05 2.066528314e-05 3.948749360e-05
5.88410e+03 2.415796580e-05 5.878680821e-05 3.009794771e-05 2.040318675e-05 3.908728025e-05
5.88500e+03 2.426733494e-05 5.914875024e-05 3.025672653e-05 2.048678756e-05 3.931796897e-05
5.88590e+03 2.440501669e-05 5.958664716e-05 3.045993940e-05 2.058424214e-05 3.960483915e-05
5.88680e+03 2.392354270e-05 5.877652429e-05 2.991740462e-05 2.014243894e-05 3.896780343e-05
5.88770e+03 2.219097148e-05 5.542708323e-05 2.787544169e-05 1.861653360e-05 3.648766681e-05
5.88860e+03 1.893420707e-05 4.879232922e-05 2.399370784e-05 1.577027292e-05 3.171349652e-05
5.88950e+03 1.579104347e-05 4.219873384e-05 2.020578165e-05 1.303983808e-05 2.701580845e-05
5.89040e+03 1.559780686e-05 4.175649257e-05 1.994574480e-05 1.288454748e-05 2.668203770e-05
5.89130e+03 1.818703134e-05 4.719486236e-05 2.305630607e-05 1.513673675e-05 3.054285304e-05
5.89220e+03 2.065036048e-05 5.229061999e-05 2.601055750e-05 1.727812892e-05 3.419403667e-05
5.89310e+03 2.167752019e-05 5.433413467e-05 2.722610972e-05 1.817693410e-05 3.567266909e-05
5.89400e+03 2.118205793e-05 5.329033550e-05 2.665144778e-05 1.774001227e-05 3.495745860e-05
5.89490e+03 1.901400514e-05 4.879168735e-05 2.407799240e-05 1.584224446e-05 3.177826926e-05
5.89580e+03 1.722409843e-05 4.498382929e-05 2.191232990e-05 1.428881026e-05 2.907878875e-05
5.89670e+03 1.832622995e-05 4.718309289e-05 2.320370959e-05 1.526124409e-05 3.065651916e-05
5.89760e+03 2.100961000e-05 5.267982287e-05 2.640606927e-05 1.761021669e-05 3.460813173e-05
5.89850e+03 2.266427848e-05 5.598871830e-05 2.836459975e-05 1.906833109e-05 3.700564083e-05
5.89940e+03 2.331830532e-05 5.718812674e-05 2.911464306e-05 1.965664873e-05 3.789503566e-05
5.90030e+03 2.392007380e-05 5.827812409e-05 2.981350229e-05 2.019593431e-05 3.872499500e-05
5.90120e+03 2.438557538e-05 5.916492398e-05 3.035526696e-05 2.061435049e-05 3.937988666e-05
5.90210e+03 2.451920791e-05 5.944376745e-05 3.050996025e-05 2.073706557e-05 3.957532412e-05
5.90300e+03 2.459480858e-05 5.959346822e-05 3.060298761e-05 2.080365703e-05 3.969126718e-05
5.90390e+03 2.465222126e-05 5.964763409e-05 3.066682054e-05 2.085660881e-05 3.975608504e-05
5.90480e+03 2.447740021e-05 5.919456621e-05 3.044330212e-05 2.071125960e-05 3.945985011e-05
5.90570e+03 2.428527502e-05 5.873964597e-05 3.019883452e-05 2.054989121e-05 3.914071930e-05
5.90660e+03 2.442989256e-05 5.903594579e-05 3.036794763e-05 2.067898604e-05 3.934356046e-05
5.90750e+03 2.478754556e-05 5.977543269e-05 3.079268773e-05 2.099256649e-05 3.986615995e-05
5.90840e+03 2.498506431e-05 6.015350478e-05 3.102253156e-05 2.116466890e-05 4.014305833e-05
5.90930e+03 2.493781426e-05 6.002988305e-05 3.096195052e-05 2.112609279e-05 4.006477773e-05
5.91020e+03 2.498384552e-05 6.014381876e-05 3.101537821e-05 2.117030291e-05 4.013135991e-05
5.91110e+03 2.521708963e-05 6.065856370e-05 3.129841771e-05 2.137317056e-05 4.048553747e-05
5.91200e+03 2.519873392e-05 6.058025205e-05 3.127897448e-05 2.135560214e-05 4.045946791e-05
5.91290e+03 2.461764316e-05 5.927100429e-05 3.057512523e-05 2.085513217e-05 3.957201026e-05
5.91380e+03 2.384976542e-05 5.759094824e-05 2.963814875e-05 2.019856768e-05 3.839375197e-05
5.91470e+03 2.352473328e-05 5.694120736e-05 2.924621069e-05 1.991907639e-05 3.791788216e-05
5.91560e+03 2.365305535e-05 5.732632506e-05 2.941598954e-05 2.002293449e-05 3.816221879e-05
5.91650e+03 2.403327661e-05 5.819238647e-05 2.988020319e-05 2.034704411e-05 3.875359352e-05
5.91740e+03 2.449797158e-05 5.912545660e-05 3.043666671e-05 2.074650848e-05 3.943093696e-05
5.91830e+03 2.475971619e-05 5.963031837e-05 3.075319659e-05 2.097081045e-05 3.981418579e-05
5.91920e+03 2.495648179e-05 6.003189300e-05 3.098296123e-05 2.114488792e-05 4.008880872e-05
5.92010e+03 2.512886165e-05 6.041276980e-05 3.118376679e-05 2.129776194e-05 4.033140712e-05
5.92100e+03 2.500295170e-05 6.020162564e-05 3.104120192e-05 2.118481442e-05 4.016955533e-05
5.92190e+03 2.473540642e-05 5.964442198e-05 3.072700281e-05 2.094831004e-05 3.978953617e-05
5.92280e+03 2.472119205e-05 5.953477809e-05 3.070439330e-05 2.093844322e-05 3.974744849e-05
5.92370e+03 2.491561960e-05 5.988310934e-05 3.092803834e-05 2.111254288e-05 4.000443212e-05
5.92460e+03 2.510215438e-05 6.030287863e-05 3.114727738e-05 2.127924319e-05 4.027059719e-05
5.92550e+03 2.527999018e-05 6.071110171e-05 3.136062075e-05 2.143627681e-05 4.054018032e-05
5.92640e+03 2.532000956e-05 6.077897734e-05 3.140974475e-05 2.147055324e-05 4.060148011e-05
5.92730e+03 2.508489855e-05 6.024323716e-05 3.112682700e-05 2.126841619e-05 4.024594202e-05
5.92820e+03 2.467393875e-05 5.930822485e-05 3.062707541e-05 2.091648620e-05 3.961504551e-05
5.92910e+03 2.419471101e-05 5.824544369e-05 3.003860981e-05 2.050413084e-05 3.887295201e-05
5.93000e+03 2.401337405e-05 5.785826835e-05 2.980749637e-05 2.034748618e-05 3.857949917e-05
5.93090e+03 2.450219005e-05 5.890386982e-05 3.039505374e-05 2.077080767e-05 3.930970867e-05
5.93180e+03 2.516333941e-05 6.031258358e-05 3.120423205e-05 2.134412327e-05 4.032374467e-05
5.93270e+03 2.525727359e-05 6.052375789e-05 3.132989643e-05 2.142668698e-05 4.049349748e-05
5.93360e+03 2.471298230e-05 5.939548155e-05 3.067706601e-05 2.095246812e-05 3.969540226e-05
5.93450e+03 2.420275606e-05 5.834132271e-05 3.005645100e-05 2.050566821e-05 3.892900604e-05
5.93540e+03 2.440397976e-05 5.879835416e-05 3.029087718e-05 2.068258050e-05 3.921864846e-05
5.93630e+03 2.494796571e-05 5.999560273e-05 3.095516164e-05 2.115493487e-05 4.005242407e-05
5.93720e+03 2.520732830e-05 6.058945943e-05 3.128191552e-05 2.137589471e-05 4.047073554e-05
5.93810e+03 2.534496910e-05 6.087124672e-05 3.144346950e-05 2.149641204e-05 4.066624907e-05
5.93900e+03 2.544987642e-05 6.104085958e-05 3.155683331e-05 2.159023924e-05 4.079380091e-05
5.93990e+03 2.511459665e-05 6.030489207e-05 3.115513659e-05 2.129840624e-05 4.029854152e-05
5.94080e+03 2.449288652e-05 5.897775464e-05 3.041468104e-05 2.075710391e-05 3.938697419e-05
5.94170e+03 2.424887003e-05 5.844130814e-05 3.011491658e-05 2.055010659e-05 3.901046449e-05
5.94260e+03 2.448131640e-05 5.889889100e-05 3.037776004e-05 2.076230569e-05 3.932338066e-05
5.94350e+03 2.484044628e-05 5.964504745e-05 3.080076166e-05 2.107712098e-05 3.983962959e-05
5.94440e+03 2.519340827e-05 6.037417420e-05 3.122594940e-05 2.137945636e-05 4.036055209e-05
5.94530e+03 2.547868529e-05 6.092867537e-05 3.156523951e-05 2.162813506e-05 4.077073006e-05
5.94620e+03 2.552371060e-05 6.097095356e-05 3.161301964e-05 2.167242770e-05 4.081922791e-05
5.94710e+03 2.515189873e-05 6.014619410e-05 3.116596838e-05 2.135265252e-05 4.025957872e-05
5.94800e+03 2.444949764e-05 5.864664528e-05 3.032783977e-05 2.074097994e-05 3.922218122e-05
5.94890e+03 2.404763627e-05 5.780038453e-05 2.984865941e-05 2.039024089e-05 3.862898759e-05
5.94980e+03 2.442246061e-05 5.863989773e-05 3.030418127e-05 2.071533603e-05 3.920069805e-05
5.95070e+03 2.497289004e-05 5.987873574e-05 3.097803885e-05 2.119294591e-05 4.005211954e-05
5.95160e+03 2.480847075e-05 5.958025304e-05 3.078734712e-05 2.104769705e-05 3.982939615e-05
5.95250e+03 2.420118134e-05 5.833571744e-05 3.005277113e-05 2.051578840e-05 3.892823709e-05
5.95340e+03 2.418442143e-05 5.831786079e-05 3.002496995e-05 2.050100695e-05 3.889632377e-05
5.95430e+03 2.475440833e-05 5.952300914e-05 3.070973101e-05 2.099706125e-05 3.974250627e-05
5.95520e+03 2.495029004e-05 5.993934948e-05 3.095149367e-05 2.116110646e-05 4.003648593e-05
5.95610e+03 2.454862252e-05 5.910825589e-05 3.047346501e-05 2.080236017e-05 3.944318082e-05
5.95700e+03 2.419761709e-05 5.835869372e-05 3.004778389e-05 2.049780131e-05 3.891633453e-05
5.95790e+03 2.429502594e-05 5.850397369e-05 3.015178663e-05 2.059165947e-05 3.903612891e-05
5.95880e+03 2.467758145e-05 5.925873605e-05 3.059982921e-05 2.093088396e-05 3.957798619e-05
5.95970e+03 2.512615650e-05 6.018910800e-05 3.113614945e-05 2.132079163e-05 4.023570105e-05
5.96060e+03 2.546165634e-05 6.091193122e-05 3.154824903e-05 2.160856179e-05 4.075026304e-05
5.96150e+03 2.559228826e-05 6.122032896e-05 3.171823886e-05 2.172014105e-05 4.097125196e-05
5.96240e+03 2.555425600e-05 6.115215229e-05 3.167604954e-05 2.168765491e-05 4.092529848e-05
5.96330e+03 2.546648225e-05 6.092349621e-05 3.156433411e-05 2.161179811e-05 4.078053021e-05
5.96420e+03 2.530496622e-05 6.056657133e-05 3.136661455e-05 2.147027238e-05 4.053503524e-05
5.96510e+03 2.498771661e-05 5.994694680e-05 3.099019308e-05 2.119181343e-05 4.008565711e-05
5.96600e+03 2.485889025e-05 5.970035491e-05 3.083927988e-05 2.107900579e-05 3.991024407e-05
5.96690e+03 2.514322348e-05 6.023586199e-05 3.117336041e-05 2.133159551e-05 4.030954887e-05
5.96780e+03 2.545112637e-05 6.078296572e-05 3.152630211e-05 2.160869146e-05 4.071725635e-05
5.96870e+03 2.557609921e-05 6.101472019e-05 3.167205549e-05 2.172227073e-05 4.088857490e-05
5.96960e+03 2.568263378e-05 6.127613522e-05 3.181076146e-05 2.181346813e-05 4.107279518e-05
5.97050e+03 2.580488014e-05 6.156742534e-05 3.196563112e-05 2.191588478e-05 4.127239883e-05
5.97140e+03 2.584022195e-05 6.165268392e-05 3.200850759e-05 2.193978152e-05 4.132402312e-05
5.97230e+03 2.580670412e-05 6.157926146e-05 3.196715316e-05 2.190697154e-05 4.127102532e-05
5.97320e+03 2.572561473e-05 6.139253951e-05 3.187198117e-05 2.183772008e-05 4.115315016e-05
5.97410e+03 2.545960308e-05 6.082342727e-05 3.154467595e-05 2.160917937e-05 4.074310927e-05
5.97500e+03 2.494675283e-05 5.971866860e-05 3.091179793e-05 2.116682664e-05 3.994774082e-05
5.97590e+03 2.443626371e-05 5.856651579e-05 3.028265436e-05 2.072919412e-05 3.915101290e-05
5.97680e+03 2.420246284e-05 5.804384193e-05 2.999872381e-05 2.052845549e-05 3.879392034e-05
5.97770e+03 2.424734401e-05 5.823715538e-05 3.006890976e-05 2.056304114e-05 3.890227471e-05
5.97860e+03 2.452772426e-05 5.891498543e-05 3.042270380e-05 2.080250407e-05 3.936091965e-05
5.97950e+03 2.502401339e-05 5.995920998e-05 3.102610399e-05 2.123277311e-05 4.011035877e-05
5.98040e+03 2.541855518e-05 6.074903000e-05 3.150216810e-05 2.157480946e-05 4.069329850e-05
5.98130e+03 2.542451160e-05 6.073931420e-05 3.150883692e-05 2.158222977e-05 4.069920460e-05
5.98220e+03 2.499335954e-05 5.980073462e-05 3.098003737e-05 2.121470453e-05 4.003846046e-05
5.98310e+03 2.417121039e-05 5.799355056e-05 2.997638348e-05 2.050820358e-05 3.878075497e-05
5.98400e+03 2.350984821e-05 5.653118226e-05 2.916917474e-05 1.993674364e-05 3.776651734e-05
5.98490e+03 2.369630567e-05 5.686732138e-05 2.938984917e-05 2.009922004e-05 3.802768051e-05
5.98580e+03 2.437403447e-05 5.826658303e-05 3.020900575e-05 2.068799905e-05 3.903611648e-05
5.98670e+03 2.473068537e-05 5.904488253e-05 3.064252940e-05 2.099705575e-05 3.957433074e-05
5.98760e+03 2.483313398e-05 5.932582991e-05 3.076603144e-05 2.108485483e-05 3.973211659e-05
5.98850e+03 2.507745892e-05 5.989973211e-05 3.106279575e-05 2.129342224e-05 4.010869854e-05
5.98940e+03 2.532728369e-05 6.041854799e-05 3.136673865e-05 2.151296066e-05 4.049198261e-05
5.99030e+03 2.523269846e-05 6.011104515e-05 3.124352026e-05 2.144068291e-05 4.032899139e-05
5.99120e+03 2.491170860e-05 5.933458200e-05 3.084691435e-05 2.116854733e-05 3.982698315e-05
5.99210e+03 2.495829835e-05 5.945403320e-05 3.090527359e-05 2.120817902e-05 3.990593005e-05
5.99300e+03 2.545343822e-05 6.060833772e-05 3.151031807e-05 2.163488045e-05 4.067362003e-05
5.99390e+03 2.582224512e-05 6.146135743e-05 3.196289268e-05 2.195210556e-05 4.124581234e-05
5.99480e+03 2.575108877e-05 6.131176436e-05 3.187965668e-05 2.188849874e-05 4.114244208e-05
5.99570e+03 2.532312417e-05 6.036282748e-05 3.135468005e-05 2.151862138e-05 4.048158931e-05
5.99660e+03 2.472022445e-05 5.904212376e-05 3.061379141e-05 2.100160490e-05 3.955258303e-05
5.99750e+03 2.429342657e-05 5.817026100e-05 3.009711732e-05 2.063504703e-05 3.891619543e-05
5.99840e+03 2.432463128e-05 5.834733887e-05 3.014568366e-05 2.065735094e-05 3.899420218e-05
5.99930e+03 2.468221379e-05 5.916951260e-05 3.059351596e-05 2.095705850e-05 3.956314296e-05
6.00020e+03 2.505691160e-05 5.993161831e-05 3.105642736e-05 2.127569234e-05 4.013531468e-05
6.00110e+03 2.509797828e-05 5.995259937e-05 3.110342068e-05 2.131130605e-05 4.018116177e-05
6.00200e+03 2.467151855e-05 5.904123210e-05 3.058387178e-05 2.094006534e-05 3.953058795e-05
6.00290e+03 2.437664421e-05 5.844524938e-05 3.022953220e-05 2.068196306e-05 3.909430236e-05
6.00380e+03 2.466515709e-05 5.903300992e-05 3.057844679e-05 2.093446966e-05 3.952629608e-05
6.00470e+03 2.497932839e-05 5.965118345e-05 3.095725140e-05 2.120991386e-05 3.998943966e-05
6.00560e+03 2.483376848e-05 5.932047431e-05 3.077612224e-05 2.108570041e-05 3.975674103e-05
6.00650e+03 2.430777430e-05 5.817337838e-05 3.012736283e-05 2.063077173e-05 3.893614099e-05
6.00740e+03 2.361566558e-05 5.668947149e-05 2.928485994e-05 2.002928467e-05 3.788414290e-05
6.00830e+03 2.344298279e-05 5.634607873e-05 2.907853050e-05 1.988199765e-05 3.763599628e-05
6.00920e+03 2.425124942e-05 5.809108220e-05 3.005643211e-05 2.058964966e-05 3.885746882e-05
6.01010e+03 2.522727400e-05 6.017809839e-05 3.123900084e-05 2.143888035e-05 4.032967961e-05
6.01100e+03 2.541303880e-05 6.057825563e-05 3.146736079e-05 2.159698808e-05 4.061612708e-05
6.01190e+03 2.483026318e-05 5.932155136e-05 3.076296040e-05 2.108334712e-05 3.973781940e-05
6.01280e+03 2.416669605e-05 5.790101740e-05 2.995650440e-05 2.050314849e-05 3.873451345e-05
6.01370e+03 2.412378600e-05 5.780094247e-05 2.989819248e-05 2.047032514e-05 3.866137679e-05
6.01460e+03 2.452392194e-05 5.863927416e-05 3.037830633e-05 2.082376003e-05 3.925519051e-05
6.01550e+03 2.454825254e-05 5.873098453e-05 3.041301208e-05 2.084326080e-05 3.930318988e-05
6.01640e+03 2.422097776e-05 5.811074117e-05 3.002815062e-05 2.055446600e-05 3.883305759e-05
6.01730e+03 2.425587185e-05 5.819669364e-05 3.007069465e-05 2.058580763e-05 3.888530083e-05
6.01820e+03 2.451409071e-05 5.866380297e-05 3.037434091e-05 2.081653644e-05 3.925304221e-05
6.01910e+03 2.433354604e-05 5.815874290e-05 3.014335513e-05 2.066723815e-05 3.894479141e-05
6.02000e+03 2.392933670e-05 5.722004382e-05 2.964273037e-05 2.032106267e-05 3.830241055e-05
6.02090e+03 2.386907974e-05 5.710262875e-05 2.957484672e-05 2.026655414e-05 3.822172185e-05
6.02180e+03 2.413840999e-05 5.773376222e-05 2.991531681e-05 2.049556399e-05 3.866471778e-05
6.02270e+03 2.439551536e-05 5.829475049e-05 3.022703940e-05 2.071739436e-05 3.905759921e-05
6.02360e+03 2.447419460e-05 5.842250570e-05 3.030572056e-05 2.078953438e-05 3.913951351e-05
6.02450e+03 2.469578153e-05 5.886364687e-05 3.055799044e-05 2.098858908e-05 3.943922006e-05
6.02540e+03 2.506029218e-05 5.966337708e-05 3.099578150e-05 2.130711233e-05 3.998553110e-05
6.02630e+03 2.510614505e-05 5.976202274e-05 3.105179700e-05 2.134541844e-05 4.005733801e-05
6.02720e+03 2.506833942e-05 5.962478610e-05 3.100381976e-05 2.131500029e-05 3.999121418e-05
6.02810e+03 2.533669441e-05 6.017142598e-05 3.132963670e-05 2.155202270e-05 4.039568034e-05
6.02900e+03 2.561822128e-05 6.078633351e-05 3.167721378e-05 2.179359687e-05 4.083316996e-05
6.02990e+03 2.561191906e-05 6.080376439e-05 3.167651199e-05 2.178130947e-05 4.083519060e-05
6.03080e+03 2.551833482e-05 6.062003985e-05 3.156507918e-05 2.169647600e-05 4.069430843e-05
6.03170e+03 2.563081554e-05 6.083608332e-05 3.170150228e-05 2.179339555e-05 4.085787775e-05
6.03260e+03 2.584901811e-05 6.126966709e-05 3.196356777e-05 2.198285291e-05 4.118036994e-05
6.03350e+03 2.593145819e-05 6.142195598e-05 3.205590939e-05 2.205564387e-05 4.129345523e-05
6.03440e+03 2.587572351e-05 6.131069146e-05 3.198363878e-05 2.200700881e-05 4.120631260e-05
6.03530e+03 2.581659206e-05 6.119935920e-05 3.191832842e-05 2.195259139e-05 4.112848947e-05
6.03620e+03 2.581429972e-05 6.120955447e-05 3.192720535e-05 2.194794614e-05 4.114835165e-05
6.03710e+03 2.586669494e-05 6.134855356e-05 3.199316539e-05 2.199413667e-05 4.124138945e-05
6.03800e+03 2.586013823e-05 6.136213731e-05 3.197460208e-05 2.198967007e-05 4.121880082e-05
6.03890e+03 2.565452517e-05 6.095115340e-05 3.172242136e-05 2.181004587e-05 4.090624682e-05
6.03980e+03 2.544333421e-05 6.048450803e-05 3.147284666e-05 2.162467225e-05 4.059875742e-05
6.04070e+03 2.540798327e-05 6.031430676e-05 3.142500567e-05 2.159753707e-05 4.052488898e-05
6.04160e+03 2.540265249e-05 6.020332638e-05 3.140031820e-05 2.160200028e-05 4.046826820e-05
6.04250e+03 2.554673414e-05 6.046187449e-05 3.156214296e-05 2.173433522e-05 4.065230993e-05
6.04340e+03 2.589135065e-05 6.121217352e-05 3.198403857e-05 2.203329123e-05 4.118142329e-05
6.04430e+03 2.609969449e-05 6.168358110e-05 3.225115176e-05 2.221135379e-05 4.152857724e-05
6.04520e+03 2.612120794e-05 6.169515326e-05 3.227953440e-05 2.223201656e-05 4.156031179e-05
6.04610e+03 2.613796863e-05 6.167540699e-05 3.228967582e-05 2.225256448e-05 4.155893969e-05
6.04700e+03 2.614672280e-05 6.170437787e-05 3.229579478e-05 2.226082767e-05 4.157210081e-05
6.04790e+03 2.605799998e-05 6.156908060e-05 3.219120872e-05 2.217690983e-05 4.145479675e-05
6.04880e+03 2.599776269e-05 6.146265701e-05 3.212065663e-05 2.211881084e-05 4.136512090e-05
6.04970e+03 2.610594417e-05 6.168371399e-05 3.224695545e-05 2.221435564e-05 4.151478944e-05
6.05060e+03 2.621380647e-05 6.189745618e-05 3.237539782e-05 2.231228535e-05 4.167014660e-05
6.05150e+03 2.610704169e-05 6.165125117e-05 3.224968016e-05 2.221990642e-05 4.151274544e-05
6.05240e+03 2.580040835e-05 6.100003829e-05 3.188028923e-05 2.195343817e-05 4.105929270e-05
6.05330e+03 2.549073786e-05 6.035676502e-05 3.150238296e-05 2.168826036e-05 4.059383259e-05
6.05420e+03 2.534130110e-05 6.004297416e-05 3.131906157e-05 2.156145045e-05 4.036424003e-05
6.05510e+03 2.517141816e-05 5.966650247e-05 3.111297227e-05 2.141621958e-05 4.010435464e-05
6.05600e+03 2.493357656e-05 5.917017413e-05 3.083141252e-05 2.120744252e-05 3.975548175e-05
6.05690e+03 2.491744809e-05 5.920369983e-05 3.082661454e-05 2.118554841e-05 3.976393005e-05
6.05780e+03 2.518439189e-05 5.985105687e-05 3.115917512e-05 2.140948544e-05 4.019593774e-05
6.05870e+03 2.558365208e-05 6.069000782e-05 3.163344425e-05 2.175542821e-05 4.077951166e-05
6.05960e+03 2.589389910e-05 6.126030906e-05 3.199563658e-05 2.203053328e-05 4.120937823e-05
6.06050e+03 2.595843738e-05 6.133933333e-05 3.206950676e-05 2.209024078e-05 4.129129904e-05
6.06140e+03 2.577319436e-05 6.096217532e-05 3.184583856e-05 2.192837693e-05 4.101569310e-05
6.06230e+03 2.541909664e-05 6.029151131e-05 3.142031420e-05 2.161840796e-05 4.049892211e-05
6.06320e+03 2.504620424e-05 5.955908982e-05 3.097571543e-05 2.129056019e-05 3.995425983e-05
6.06410e+03 2.451909339e-05 5.845276978e-05 3.034692087e-05 2.082620687e-05 3.917652967e-05
6.06500e+03 2.401562658e-05 5.733866111e-05 2.974139942e-05 2.038759932e-05 3.841965624e-05
6.06590e+03 2.435648142e-05 5.795907961e-05 3.013821003e-05 2.069543292e-05 3.889476167e-05
6.06680e+03 2.541598050e-05 6.014071315e-05 3.140240469e-05 2.162695520e-05 4.045327544e-05
6.06770e+03 2.619548198e-05 6.179903930e-05 3.234388873e-05 2.230608180e-05 4.162364160e-05
6.06860e+03 2.640884848e-05 6.226489488e-05 3.260491715e-05 2.249300562e-05 4.195018064e-05
6.06950e+03 2.639684734e-05 6.222713063e-05 3.259050150e-05 2.248450053e-05 4.193007965e-05
6.07040e+03 2.638203421e-05 6.216350912e-05 3.256822833e-05 2.247219285e-05 4.189401420e-05
6.07130e+03 2.639295281e-05 6.215982795e-05 3.257579094e-05 2.248392482e-05 4.189563910e-05
6.07220e+03 2.640458996e-05 6.218198116e-05 3.258814633e-05 2.249724295e-05 4.190942543e-05
6.07310e+03 2.641553175e-05 6.222026883e-05 3.259838912e-05 2.250632383e-05 4.192490432e-05
6.07400e+03 2.641868524e-05 6.223874288e-05 3.259548996e-05 2.250716364e-05 4.192314055e-05
6.07490e+03 2.633867636e-05 6.206030071e-05 3.249661861e-05 2.243807854e-05 4.180193086e-05
6.07580e+03 2.614118532e-05 6.161918152e-05 3.225670446e-05 2.227028950e-05 4.150044379e-05
6.07670e+03 2.580411599e-05 6.088453107e-05 3.184432314e-05 2.198160442e-05 4.097524116e-05
6.07760e+03 2.523880272e-05 5.965353547e-05 3.116055122e-05 2.149379221e-05 4.011335802e-05
6.07850e+03 2.477880829e-05 5.867539478e-05 3.061201762e-05 2.109436195e-05 3.943503956e-05
6.07940e+03 2.489870102e-05 5.899280863e-05 3.077307508e-05 2.119089330e-05 3.965551254e-05
6.08030e+03 2.513582676e-05 5.959248192e-05 3.108132803e-05 2.138180988e-05 4.006763833e-05
6.08120e+03 2.487631824e-05 5.914245003e-05 3.078409929e-05 2.114369259e-05 3.972604201e-05
6.08210e+03 2.457923820e-05 5.852878149e-05 3.041664076e-05 2.089031379e-05 3.927203662e-05
6.08300e+03 2.478862000e-05 5.885557051e-05 3.063976792e-05 2.108948644e-05 3.951777766e-05
6.08390e+03 2.509629183e-05 5.938190298e-05 3.099592819e-05 2.136563212e-05 3.992816461e-05
6.08480e+03 2.501883811e-05 5.921370241e-05 3.090946011e-05 2.129371454e-05 3.981680240e-05
6.08570e+03 2.488091804e-05 5.895926064e-05 3.074874469e-05 2.117134726e-05 3.962342087e-05
6.08660e+03 2.504888194e-05 5.928714909e-05 3.094549301e-05 2.132308994e-05 3.986294180e-05
6.08750e+03 2.536349501e-05 5.993277369e-05 3.132133752e-05 2.159938991e-05 4.032644518e-05
6.08840e+03 2.537382571e-05 5.999637104e-05 3.134145524e-05 2.160302936e-05 4.036618005e-05
6.08930e+03 2.487519829e-05 5.904477609e-05 3.075928085e-05 2.115783867e-05 3.967162349e-05
6.09020e+03 2.441368395e-05 5.816184296e-05 3.021783754e-05 2.074715023e-05 3.901810783e-05
6.09110e+03 2.445276636e-05 5.822216413e-05 3.025882714e-05 2.078513483e-05 3.906245795e-05
6.09200e+03 2.462793796e-05 5.851283101e-05 3.045352815e-05 2.094738843e-05 3.928605576e-05
6.09290e+03 2.469330874e-05 5.863257741e-05 3.052547014e-05 2.101049007e-05 3.936961460e-05
6.09380e+03 2.499998832e-05 5.927515794e-05 3.089335813e-05 2.128149362e-05 3.982514986e-05
6.09470e+03 2.554641506e-05 6.040587522e-05 3.154804928e-05 2.175904961e-05 4.063036009e-05
6.09560e+03 2.570952576e-05 6.075079517e-05 3.174511716e-05 2.189971366e-05 4.087088549e-05
6.09650e+03 2.538450543e-05 6.009477468e-05 3.136130827e-05 2.161224711e-05 4.040037236e-05
6.09740e+03 2.518933516e-05 5.970536762e-05 3.113185252e-05 2.144013929e-05 4.012464361e-05
6.09830e+03 2.543049964e-05 6.020535216e-05 3.142203869e-05 2.165237535e-05 4.048789785e-05
6.09920e+03 2.584611974e-05 6.105330585e-05 3.191892633e-05 2.201754031e-05 4.109800490e-05
6.10010e+03 2.591727335e-05 6.116780438e-05 3.199829402e-05 2.208164921e-05 4.118172472e-05
6.10100e+03 2.501584133e-05 5.926854471e-05 3.091606245e-05 2.129095128e-05 3.982963723e-05
6.10190e+03 2.325661441e-05 5.560273561e-05 2.881224547e-05 1.974527362e-05 3.722124203e-05
6.10280e+03 2.233205388e-05 5.368104995e-05 2.769989376e-05 1.893601029e-05 3.584604723e-05
6.10370e+03 2.334564628e-05 5.576811779e-05 2.889922943e-05 1.982945588e-05 3.732612120e-05
6.10460e+03 2.488626529e-05 5.895224160e-05 3.073549327e-05 2.118627145e-05 3.959618975e-05
6.10550e+03 2.555999039e-05 6.035230449e-05 3.153951969e-05 2.178194039e-05 4.059301713e-05
6.10640e+03 2.546818581e-05 6.016302395e-05 3.142751906e-05 2.170280052e-05 4.045213825e-05
6.10730e+03 2.513953530e-05 5.948147140e-05 3.103401733e-05 2.141406298e-05 3.996306681e-05
6.10820e+03 2.514416634e-05 5.950074230e-05 3.104277270e-05 2.141688532e-05 3.997767021e-05
6.10910e+03 2.554297772e-05 6.034889570e-05 3.152830824e-05 2.176289875e-05 4.058430548e-05
6.11000e+03 2.564749194e-05 6.061334154e-05 3.166648134e-05 2.184780177e-05 4.076501229e-05
6.11090e+03 2.526611974e-05 5.987247011e-05 3.120961268e-05 2.151165988e-05 4.020889108e-05
6.11180e+03 2.512341068e-05 5.954931617e-05 3.102370281e-05 2.139350543e-05 3.997378013e-05
6.11270e+03 2.553414194e-05 6.028461332e-05 3.150017712e-05 2.176213215e-05 4.053926726e-05
6.11360e+03 2.600597769e-05 6.117110777e-05 3.206079285e-05 2.218067438e-05 4.121483010e-05
6.11450e+03 2.606555752e-05 6.130149716e-05 3.213259155e-05 2.223517142e-05 4.130479230e-05
6.11540e+03 2.560040474e-05 6.040280290e-05 3.157332873e-05 2.182906896e-05 4.062385296e-05
6.11630e+03 2.515525105e-05 5.952672736e-05 3.103962440e-05 2.143753231e-05 3.997269941e-05
6.11720e+03 2.529306972e-05 5.982996573e-05 3.121373626e-05 2.155101414e-05 4.019441019e-05
6.11810e+03 2.551237385e-05 6.035090476e-05 3.150143904e-05 2.173051629e-05 4.056843742e-05
6.11900e+03 2.518521814e-05 5.980685870e-05 3.114174832e-05 2.142813447e-05 4.015543646e-05
6.11990e+03 2.452625812e-05 5.856758274e-05 3.037716170e-05 2.083363904e-05 3.923756918e-05
6.12080e+03 2.368792276e-05 5.691736632e-05 2.939653381e-05 2.007886807e-05 3.803800538e-05
6.12170e+03 2.284136386e-05 5.521861657e-05 2.840373004e-05 1.932525431e-05 3.681726847e-05
6.12260e+03 2.304522981e-05 5.557285281e-05 2.863724521e-05 1.951540368e-05 3.709253112e-05
6.12350e+03 2.439121082e-05 5.817704483e-05 3.020911567e-05 2.071918840e-05 3.899834815e-05
6.12440e+03 2.534200045e-05 6.000051976e-05 3.131186169e-05 2.157150525e-05 4.032931786e-05
6.12530e+03 2.533385869e-05 5.992573143e-05 3.128593948e-05 2.157202200e-05 4.028267303e-05
6.12620e+03 2.501373359e-05 5.925751972e-05 3.090691638e-05 2.128941319e-05 3.981916185e-05
6.12710e+03 2.470475003e-05 5.859775344e-05 3.053797496e-05 2.101863648e-05 3.936979418e-05
6.12800e+03 2.449540949e-05 5.811968275e-05 3.027541535e-05 2.084230943e-05 3.903954485e-05
6.12890e+03 2.466792106e-05 5.843443332e-05 3.046555787e-05 2.100273007e-05 3.926233652e-05
6.12980e+03 2.517371786e-05 5.946066062e-05 3.106027163e-05 2.145414795e-05 3.998865099e-05
6.13070e+03 2.557351872e-05 6.026053339e-05 3.153895741e-05 2.180579721e-05 4.056996553e-05
6.13160e+03 2.570451520e-05 6.050031818e-05 3.170109840e-05 2.191649291e-05 4.075972593e-05
6.13250e+03 2.576094087e-05 6.064796062e-05 3.177991717e-05 2.196053273e-05 4.086279722e-05
6.13340e+03 2.562843633e-05 6.047294204e-05 3.163664027e-05 2.183495951e-05 4.070678114e-05
6.13430e+03 2.495996224e-05 5.918204011e-05 3.084697353e-05 2.123754001e-05 3.974931816e-05
6.13520e+03 2.365155210e-05 5.645302392e-05 2.927913286e-05 2.008666756e-05 3.780748401e-05
6.13610e+03 2.192456596e-05 5.276046691e-05 2.719978598e-05 1.858565779e-05 3.521868973e-05
6.13700e+03 2.093733569e-05 5.062560575e-05 2.600387286e-05 1.774138008e-05 3.372707404e-05
6.13790e+03 2.192923306e-05 5.265974419e-05 2.718571526e-05 1.862060177e-05 3.518540489e-05
6.13880e+03 2.407489516e-05 5.713146889e-05 2.975774177e-05 2.049532836e-05 3.837019575e-05
6.13970e+03 2.537664932e-05 5.982044790e-05 3.131691754e-05 2.162712354e-05 4.028897227e-05
6.14060e+03 2.512908707e-05 5.916054028e-05 3.100775254e-05 2.140901042e-05 3.986757314e-05
6.14150e+03 2.437934763e-05 5.744500320e-05 3.009278998e-05 2.075952604e-05 3.870546663e-05
6.14240e+03 2.445141875e-05 5.762489701e-05 3.017768687e-05 2.082704571e-05 3.882299940e-05
6.14330e+03 2.525323909e-05 5.948431413e-05 3.115758029e-05 2.152461945e-05 4.007732957e-05
6.14420e+03 2.579515646e-05 6.073694231e-05 3.182164650e-05 2.199397205e-05 4.092403408e-05
6.14510e+03 2.581185205e-05 6.077839401e-05 3.183853522e-05 2.200854780e-05 4.094365722e-05
6.14600e+03 2.567938821e-05 6.046712087e-05 3.167492007e-05 2.189329750e-05 4.073368548e-05
6.14690e+03 2.547987184e-05 5.996660512e-05 3.143031251e-05 2.172043027e-05 4.041308102e-05
6.14780e+03 2.508324451e-05 5.908103154e-05 3.095214359e-05 2.137113027e-05 3.980529766e-05
6.14870e+03 2.463632078e-05 5.820831266e-05 3.042616030e-05 2.096914104e-05 3.916380204e-05
6.14960e+03 2.438948024e-05 5.783830382e-05 3.015455843e-05 2.073887654e-05 3.886175410e-05
6.15050e+03 2.449850608e-05 5.818707345e-05 3.030305399e-05 2.082530014e-05 3.907274036e-05
6.15140e+03 2.487924517e-05 5.900898435e-05 3.075565175e-05 2.116111323e-05 3.963608014e-05
6.15230e+03 2.523823578e-05 5.976733963e-05 3.117677758e-05 2.148339722e-05 4.015567881e-05
6.15320e+03 2.518407840e-05 5.968184685e-05 3.110950823e-05 2.143901529e-05 4.007167374e-05
6.15410e+03 2.466982308e-05 5.855711927e-05 3.048401702e-05 2.099465527e-05 3.928291447e-05
6.15500e+03 2.434970240e-05 5.778198118e-05 3.008869615e-05 2.072318075e-05 3.877425136e-05
6.15590e+03 2.451685004e-05 5.810997800e-05 3.029243368e-05 2.086583551e-05 3.902490130e-05
6.15680e+03 2.468172048e-05 5.852654744e-05 3.050862690e-05 2.099500935e-05 3.930864328e-05
6.15770e+03 2.464394412e-05 5.853422268e-05 3.048276356e-05 2.094641998e-05 3.929445067e-05
6.15860e+03 2.456690329e-05 5.847827731e-05 3.041400279e-05 2.086347919e-05 3.922665592e-05
6.15950e+03 2.406267258e-05 5.758062551e-05 2.984120627e-05 2.040592825e-05 3.854492908e-05
6.16040e+03 2.258961761e-05 5.468490225e-05 2.810311921e-05 1.910084691e-05 3.642511454e-05
6.16130e+03 2.073655014e-05 5.096377885e-05 2.590257684e-05 1.746310361e-05 3.372092054e-05
6.16220e+03 1.993060895e-05 4.933630639e-05 2.494568323e-05 1.675110476e-05 3.254306638e-05
6.16310e+03 2.065025934e-05 5.079196848e-05 2.579816353e-05 1.739534294e-05 3.359997327e-05
6.16400e+03 2.206378303e-05 5.360225461e-05 2.747302098e-05 1.865418159e-05 3.565798863e-05
6.16490e+03 2.311234666e-05 5.564284872e-05 2.871483309e-05 1.958226155e-05 3.716649153e-05
6.16580e+03 2.353836049e-05 5.648133110e-05 2.921558726e-05 1.995664857e-05 3.776904214e-05
6.16670e+03 2.386202556e-05 5.714996478e-05 2.959449837e-05 2.023712812e-05 3.822655705e-05
6.16760e+03 2.383959124e-05 5.707986072e-05 2.956018055e-05 2.021141545e-05 3.817048227e-05
6.16850e+03 2.278525972e-05 5.486143865e-05 2.829496130e-05 1.928418850e-05 3.659858776e-05
6.16940e+03 2.159662499e-05 5.235087360e-05 2.686576620e-05 1.824999595e-05 3.482662884e-05
6.17030e+03 2.185538009e-05 5.284141450e-05 2.716585849e-05 1.848955456e-05 3.519437071e-05
6.17120e+03 2.323841893e-05 5.569163502e-05 2.881450486e-05 1.970837958e-05 3.723077177e-05
6.17210e+03 2.410814593e-05 5.748936682e-05 2.985335518e-05 2.046968521e-05 3.851157521e-05
6.17300e+03 2.408242379e-05 5.741948506e-05 2.982374182e-05 2.044516354e-05 3.847091048e-05
6.17390e+03 2.400324404e-05 5.723175460e-05 2.973533448e-05 2.037375812e-05 3.835810861e-05
6.17480e+03 2.408191409e-05 5.735354733e-05 2.983182719e-05 2.044304497e-05 3.847458210e-05
6.17570e+03 2.398262279e-05 5.710582100e-05 2.970489160e-05 2.036024258e-05 3.831653021e-05
6.17660e+03 2.384496764e-05 5.681130940e-05 2.953100939e-05 2.024418429e-05 3.810289019e-05
6.17750e+03 2.408516077e-05 5.732287852e-05 2.981912121e-05 2.045403271e-05 3.845790820e-05
6.17840e+03 2.449110711e-05 5.817209273e-05 3.030782601e-05 2.080615830e-05 3.905808578e-05
6.17930e+03 2.448238509e-05 5.815558166e-05 3.029316603e-05 2.079759379e-05 3.904219374e-05
6.18020e+03 2.433237717e-05 5.783775524e-05 3.011007805e-05 2.066700209e-05 3.881952839e-05
6.18110e+03 2.455985585e-05 5.828666412e-05 3.038404413e-05 2.086472637e-05 3.915310068e-05
6.18200e+03 2.485586648e-05 5.888833429e-05 3.073828055e-05 2.112101936e-05 3.958535025e-05
6.18290e+03 2.485202724e-05 5.891471994e-05 3.073786598e-05 2.111712403e-05 3.959312774e-05
6.18380e+03 2.476345527e-05 5.876109311e-05 3.063849199e-05 2.104259937e-05 3.947958729e-05
6.18470e+03 2.464690204e-05 5.853220838e-05 3.050261634e-05 2.094113455e-05 3.931207068e-05
6.18560e+03 2.422092606e-05 5.766441155e-05 2.999334612e-05 2.056457346e-05 3.868256795e-05
6.18650e+03 2.367561561e-05 5.653167053e-05 2.934468054e-05 2.008626753e-05 3.788697162e-05
6.18740e+03 2.342138812e-05 5.602278868e-05 2.904680375e-05 1.986873665e-05 3.753279850e-05
6.18830e+03 2.345544971e-05 5.614290042e-05 2.909005602e-05 1.990143312e-05 3.759764702e-05
6.18920e+03 2.346554843e-05 5.615800067e-05 2.910039891e-05 1.990286266e-05 3.760298525e-05
6.19010e+03 2.287292599e-05 5.484164044e-05 2.838382034e-05 1.938004978e-05 3.669589477e-05
6.19100e+03 2.188877895e-05 5.273951101e-05 2.719591968e-05 1.852662856e-05 3.521585609e-05
6.19190e+03 2.192720999e-05 5.281377133e-05 2.723727773e-05 1.856895196e-05 3.526585264e-05
6.19280e+03 2.314809605e-05 5.536757732e-05 2.871093887e-05 1.963325484e-05 3.708869073e-05
6.19370e+03 2.413932293e-05 5.745091718e-05 2.991125471e-05 2.049493808e-05 3.857407583e-05
6.19460e+03 2.444514018e-05 5.806220492e-05 3.027289962e-05 2.076586949e-05 3.901658782e-05
6.19550e+03 2.460036562e-05 5.835612408e-05 3.045069298e-05 2.090362942e-05 3.923349332e-05
6.19640e+03 2.484347164e-05 5.885621518e-05 3.073633159e-05 2.111196990e-05 3.958361963e-05
6.19730e+03 2.486946392e-05 5.893705443e-05 3.076821870e-05 2.112882592e-05 3.962953139e-05
6.19820e+03 2.431932726e-05 5.786111809e-05 3.011554718e-05 2.064272215e-05 3.884400155e-05
6.19910e+03 2.345280120e-05 5.609913566e-05 2.907657591e-05 1.988510733e-05 3.757185081e-05
6.20000e+03 2.313386471e-05 5.536715684e-05 2.868314998e-05 1.961550250e-05 3.707049729e-05
6.20090e+03 2.368699565e-05 5.641420642e-05 2.933512009e-05 2.010872132e-05 3.785304570e-05
6.20180e+03 2.447978307e-05 5.805003025e-05 3.028813095e-05 2.080256980e-05 3.902865857e-05
6.20270e+03 2.487496813e-05 5.891343221e-05 3.077184827e-05 2.114345261e-05 3.963558347e-05
6.20360e+03 2.482449792e-05 5.881356063e-05 3.072038026e-05 2.109484270e-05 3.957522467e-05
6.20450e+03 2.467389056e-05 5.846661778e-05 3.054303567e-05 2.096110817e-05 3.935254236e-05
6.20540e+03 2.470348119e-05 5.851255750e-05 3.057693077e-05 2.098884863e-05 3.939058626e-05
6.20630e+03 2.482494342e-05 5.877194164e-05 3.071858387e-05 2.109908451e-05 3.956586638e-05
6.20720e+03 2.486678782e-05 5.884145803e-05 3.075930514e-05 2.113779757e-05 3.961328871e-05
6.20810e+03 2.483196760e-05 5.874038942e-05 3.070803948e-05 2.110855386e-05 3.954159755e-05
6.20900e+03 2.470460236e-05 5.848165634e-05 3.055702761e-05 2.099574496e-05 3.935549905e-05
6.20990e+03 2.446269325e-05 5.800803237e-05 3.028480882e-05 2.077893039e-05 3.903327175e-05
6.21080e+03 2.425897795e-05 5.761574678e-05 3.005689398e-05 2.059680977e-05 3.876487149e-05
6.21170e+03 2.402042487e-05 5.712069098e-05 2.977098920e-05 2.038921850e-05 3.840924049e-05
6.21260e+03 2.335001255e-05 5.572350833e-05 2.896105902e-05 1.980801475e-05 3.740553086e-05
6.21350e+03 2.247193206e-05 5.393501177e-05 2.790511518e-05 1.904335907e-05 3.611033786e-05
6.21440e+03 2.200392531e-05 5.299748438e-05 2.733958581e-05 1.863428374e-05 3.541805809e-05
6.21530e+03 2.202937347e-05 5.306583843e-05 2.736917156e-05 1.865505683e-05 3.545263146e-05
6.21620e+03 2.252409313e-05 5.410294674e-05 2.796469281e-05 1.908290541e-05 3.618258773e-05
6.21710e+03 2.325278389e-05 5.559986705e-05 2.883694799e-05 1.971776882e-05 3.725332559e-05
6.21800e+03 2.347924889e-05 5.599907278e-05 2.910059405e-05 1.991752470e-05 3.756508140e-05
6.21890e+03 2.299596488e-05 5.492483049e-05 2.851263100e-05 1.949896764e-05 3.682969056e-05
6.21980e+03 2.252036290e-05 5.392007207e-05 2.793898759e-05 1.908789490e-05 3.612784020e-05
6.22070e+03 2.260315103e-05 5.412136906e-05 2.804366008e-05 1.916046301e-05 3.626920682e-05
6.22160e+03 2.310024507e-05 5.518961908e-05 2.864757080e-05 1.958859060e-05 3.701403458e-05
6.22250e+03 2.350635020e-05 5.605147480e-05 2.913968221e-05 1.993665367e-05 3.761401474e-05
6.22340e+03 2.347375948e-05 5.601979505e-05 2.910265853e-05 1.990697889e-05 3.757513736e-05
6.22430e+03 2.334982901e-05 5.576685300e-05 2.894770698e-05 1.980110062e-05 3.738786392e-05
6.22520e+03 2.352593929e-05 5.608522225e-05 2.915166879e-05 1.995552896e-05 3.762893218e-05
6.22610e+03 2.372804784e-05 5.647465280e-05 2.938952454e-05 2.013491057e-05 3.791293425e-05
6.22700e+03 2.376669552e-05 5.658829254e-05 2.943673415e-05 2.017200369e-05 3.797567142e-05
6.22790e+03 2.366649511e-05 5.642112483e-05 2.932034830e-05 2.008470865e-05 3.783965698e-05
6.22880e+03 2.308243152e-05 5.521621669e-05 2.862473179e-05 1.957332389e-05 3.698756603e-05
6.22970e+03 2.195799432e-05 5.288099141e-05 2.727706498e-05 1.859136365e-05 3.533092969e-05
6.23060e+03 2.119735031e-05 5.128503455e-05 2.635967301e-05 1.792949113e-05 3.419478833e-05
6.23150e+03 2.147912748e-05 5.183501883e-05 2.669170013e-05 1.817557260e-05 3.459235044e-05
6.23240e+03 2.222065592e-05 5.336807459e-05 2.758173495e-05 1.882141781e-05 3.568931993e-05
6.23330e+03 2.301379277e-05 5.502616444e-05 2.853745772e-05 1.951487888e-05 3.687495456e-05
6.23420e+03 2.390802473e-05 5.686657415e-05 2.961190036e-05 2.029981772e-05 3.820085668e-05
6.23510e+03 2.443129290e-05 5.791567938e-05 3.023597987e-05 2.076128356e-05 3.896356972e-05
6.23600e+03 2.432787348e-05 5.761257449e-05 3.009537981e-05 2.067802298e-05 3.876588885e-05
6.23690e+03 2.389320841e-05 5.656672165e-05 2.954661408e-05 2.031384269e-05 3.804935294e-05
6.23780e+03 2.345088783e-05 5.554244303e-05 2.899680805e-05 1.993846495e-05 3.734275580e-05
6.23870e+03 2.299853279e-05 5.463366179e-05 2.846593142e-05 1.953423903e-05 3.669905785e-05
6.23960e+03 2.256148153e-05 5.386003541e-05 2.796656975e-05 1.913545330e-05 3.612002644e-05
6.24050e+03 2.259530441e-05 5.402737454e-05 2.801620529e-05 1.915639108e-05 3.620423882e-05
6.24140e+03 2.285811140e-05 5.465240263e-05 2.833915313e-05 1.937876497e-05 3.662113741e-05
6.24230e+03 2.251401610e-05 5.404665530e-05 2.794017910e-05 1.907206799e-05 3.615782425e-05
6.24320e+03 2.199966115e-05 5.294929609e-05 2.731060461e-05 1.863247702e-05 3.537441904e-05
6.24410e+03 2.210624475e-05 5.296055942e-05 2.740017960e-05 1.874920286e-05 3.542888539e-05
6.24500e+03 2.236330162e-05 5.334844989e-05 2.768602265e-05 1.898837679e-05 3.573781148e-05
6.24590e+03 2.244660664e-05 5.348914047e-05 2.778424528e-05 1.906258500e-05 3.584487907e-05
6.24680e+03 2.287427460e-05 5.432714141e-05 2.829913928e-05 1.943645420e-05 3.647225869e-05
6.24770e+03 2.361453317e-05 5.584333615e-05 2.919776817e-05 2.007874336e-05 3.759100719e-05
6.24860e+03 2.401253361e-05 5.680054565e-05 2.969732701e-05 2.041247556e-05 3.824805374e-05
6.24950e+03 2.399198407e-05 5.691899594e-05 2.968491349e-05 2.038278782e-05 3.826878798e-05
6.25040e+03 2.371153264e-05 5.639540128e-05 2.934782473e-05 2.013055679e-05 3.786055877e-05
6.25130e+03 2.298994508e-05 5.486480741e-05 2.848015742e-05 1.949379064e-05 3.677980600e-05
6.25220e+03 2.215435160e-05 5.304398197e-05 2.747430587e-05 1.876522806e-05 3.552088582e-05
6.25310e+03 2.185288473e-05 5.231898215e-05 2.710286320e-05 1.851628067e-05 3.504373881e-05
6.25400e+03 2.203647792e-05 5.264085803e-05 2.731073644e-05 1.869219829e-05 3.528708518e-05
6.25490e+03 2.226480640e-05 5.311583147e-05 2.758020603e-05 1.889620510e-05 3.561828774e-05
6.25580e+03 2.213329483e-05 5.292250817e-05 2.743184734e-05 1.877624408e-05 3.545194756e-05
6.25670e+03 2.164225679e-05 5.207309650e-05 2.686780938e-05 1.833355231e-05 3.479175468e-05
6.25760e+03 2.114090581e-05 5.122680561e-05 2.629565171e-05 1.788002605e-05 3.412924525e-05
6.25850e+03 2.114778832e-05 5.132477296e-05 2.631720499e-05 1.787785779e-05 3.417749622e-05
6.25940e+03 2.195952474e-05 5.294040693e-05 2.728419650e-05 1.858712414e-05 3.535678244e-05
6.26030e+03 2.278344032e-05 5.456154350e-05 2.826426064e-05 1.930849394e-05 3.654683843e-05
6.26120e+03 2.320362917e-05 5.536908897e-05 2.876067446e-05 1.967710729e-05 3.714300552e-05
6.26210e+03 2.374992256e-05 5.641995947e-05 2.940467367e-05 2.015895124e-05 3.791781639e-05
6.26300e+03 2.423743925e-05 5.736882923e-05 2.997961728e-05 2.059020620e-05 3.861401180e-05
6.26390e+03 2.398316977e-05 5.682754674e-05 2.967147583e-05 2.037033522e-05 3.823249334e-05
6.26480e+03 2.325747683e-05 5.534094521e-05 2.880210964e-05 1.973740776e-05 3.716586310e-05
6.26570e+03 2.306558228e-05 5.497277706e-05 2.857567818e-05 1.956885248e-05 3.689487447e-05
6.26660e+03 2.352261375e-05 5.597932787e-05 2.913435016e-05 1.996163858e-05 3.759648527e-05
6.26750e+03 2.381079113e-05 5.664374709e-05 2.949458409e-05 2.020352918e-05 3.805350652e-05
6.26840e+03 2.364736520e-05 5.633417132e-05 2.930568791e-05 2.005790763e-05 3.782742053e-05
6.26930e+03 2.345624378e-05 5.590250537e-05 2.906768285e-05 1.990044769e-05 3.752819216e-05
6.27020e+03 2.346085562e-05 5.585785338e-05 2.906082760e-05 1.991733353e-05 3.750936011e-05
6.27110e+03 2.362990033e-05 5.617449561e-05 2.926244761e-05 2.006832578e-05 3.775417659e-05
6.27200e+03 2.391446081e-05 5.673660642e-05 2.960629346e-05 2.031094576e-05 3.817371567e-05
6.27290e+03 2.407252772e-05 5.703489124e-05 2.979698853e-05 2.044346926e-05 3.839845815e-05
6.27380e+03 2.398072267e-05 5.686738936e-05 2.969360007e-05 2.036094527e-05 3.827562267e-05
6.27470e+03 2.390421641e-05 5.676548732e-05 2.960757243e-05 2.029364954e-05 3.818653819e-05
6.27560e+03 2.396657415e-05 5.693031926e-05 2.968422397e-05 2.034668178e-05 3.829090672e-05
6.27650e+03 2.401167589e-05 5.699379211e-05 2.973513201e-05 2.038532171e-05 3.834512249e-05
6.27740e+03 2.402827865e-05 5.692576207e-05 2.973838893e-05 2.040480545e-05 3.831767311e-05
6.27830e+03 2.398311982e-05 5.671855187e-05 2.966042731e-05 2.037551236e-05 3.818720941e-05
6.27920e+03 2.363817143e-05 5.595189371e-05 2.923343833e-05 2.007974847e-05 3.764676691e-05
6.28010e+03 2.316755344e-05 5.500317933e-05 2.867527012e-05 1.966672622e-05 3.696709674e-05
6.28100e+03 2.311741415e-05 5.495831434e-05 2.863144918e-05 1.961598945e-05 3.692940828e-05
6.28190e+03 2.347750868e-05 5.574489472e-05 2.907406529e-05 1.992649287e-05 3.748826353e-05
6.28280e+03 2.393430578e-05 5.672415823e-05 2.963176241e-05 2.032577188e-05 3.819110476e-05
6.28370e+03 2.428768465e-05 5.749781236e-05 3.006941369e-05 2.063109869e-05 3.874539867e-05
6.28460e+03 2.428300855e-05 5.752128514e-05 3.007244670e-05 2.062145275e-05 3.875816636e-05
6.28550e+03 2.419789756e-05 5.732447786e-05 2.996138403e-05 2.054906890e-05 3.861340174e-05
6.28640e+03 2.440437137e-05 5.769458307e-05 3.019167531e-05 2.073974582e-05 3.888037380e-05
6.28730e+03 2.473940489e-05 5.833050798e-05 3.058050170e-05 2.104117754e-05 3.934645223e-05
6.28820e+03 2.496617750e-05 5.875328384e-05 3.084783708e-05 2.124055686e-05 3.966709601e-05
6.28910e+03 2.489056665e-05 5.856603562e-05 3.075953531e-05 2.117431893e-05 3.955127948e-05
6.29000e+03 2.445731562e-05 5.766691472e-05 3.024244589e-05 2.079906292e-05 3.891175301e-05
6.29090e+03 2.399011469e-05 5.673014878e-05 2.968262973e-05 2.039261193e-05 3.822895406e-05
6.29180e+03 2.376596180e-05 5.631064990e-05 2.942255995e-05 2.019046325e-05 3.792093791e-05
6.29270e+03 2.377624014e-05 5.636025715e-05 2.944553265e-05 2.019079727e-05 3.795451436e-05
6.29360e+03 2.401452723e-05 5.682729007e-05 2.972585220e-05 2.039847648e-05 3.828876476e-05
6.29450e+03 2.419540506e-05 5.717620435e-05 2.993432628e-05 2.055652125e-05 3.853422909e-05
6.29540e+03 2.385570778e-05 5.651478188e-05 2.953093841e-05 2.025435091e-05 3.804366360e-05
6.29630e+03 2.320233535e-05 5.520592773e-05 2.875046701e-05 1.968341144e-05 3.709415367e-05
6.29720e+03 2.291677009e-05 5.456048282e-05 2.839928080e-05 1.944299092e-05 3.665396109e-05
6.29810e+03 2.321257163e-05 5.505366949e-05 2.874290762e-05 1.971414937e-05 3.705729015e-05
6.29900e+03 2.366121209e-05 5.590504604e-05 2.926839492e-05 2.011610415e-05 3.768571800e-05
6.29990e+03 2.365837074e-05 5.589711929e-05 2.925670753e-05 2.011435812e-05 3.766066045e-05
6.30080e+03 2.309756530e-05 5.478110247e-05 2.858719637e-05 1.961774215e-05 3.683636141e-05
6.30170e+03 2.261283836e-05 5.383100960e-05 2.800963477e-05 1.919261767e-05 3.613061246e-05
6.30260e+03 2.283594906e-05 5.431045853e-05 2.827371678e-05 1.939146731e-05 3.646018872e-05
6.30350e+03 2.348318987e-05 5.568762904e-05 2.905754480e-05 1.995454954e-05 3.744359645e-05
6.30440e+03 2.381825298e-05 5.643290920e-05 2.947607920e-05 2.023751464e-05 3.798005369e-05
6.30530e+03 2.381008387e-05 5.644217965e-05 2.947779066e-05 2.022108390e-05 3.799260784e-05
6.30620e+03 2.406693440e-05 5.695745202e-05 2.978290197e-05 2.044598499e-05 3.836536620e-05
6.30710e+03 2.460066129e-05 5.801457515e-05 3.040844641e-05 2.092364025e-05 3.912403464e-05
6.30800e+03 2.487126412e-05 5.853683480e-05 3.071613149e-05 2.117174812e-05 3.949098786e-05
6.30890e+03 2.471897177e-05 5.818642142e-05 3.052378858e-05 2.104629749e-05 3.924621677e-05
6.30980e+03 2.428389699e-05 5.728021678e-05 2.999773993e-05 2.067153970e-05 3.859717493e-05
6.31070e+03 2.382368898e-05 5.639591399e-05 2.944945202e-05 2.026935119e-05 3.793034103e-05
6.31160e+03 2.365855294e-05 5.613250446e-05 2.926147066e-05 2.012131412e-05 3.771163144e-05
6.31250e+03 2.385237135e-05 5.652136207e-05 2.949440214e-05 2.028853523e-05 3.799759434e-05
6.31340e+03 2.385129737e-05 5.642771230e-05 2.947568851e-05 2.029186373e-05 3.795485417e-05
6.31430e+03 2.327323984e-05 5.517684110e-05 2.875950466e-05 1.979948026e-05 3.705237971e-05
6.31520e+03 2.285447525e-05 5.433189490e-05 2.824528647e-05 1.944649378e-05 3.641445398e-05
6.31610e+03 2.303513017e-05 5.473011898e-05 2.847085715e-05 1.960254907e-05 3.670101305e-05
6.31700e+03 2.295107365e-05 5.454627425e-05 2.839258950e-05 1.951669390e-05 3.661450328e-05
6.31790e+03 2.238561116e-05 5.337720812e-05 2.772709560e-05 1.901805676e-05 3.580053215e-05
6.31880e+03 2.238353438e-05 5.339621097e-05 2.772466360e-05 1.902124714e-05 3.580222228e-05
6.31970e+03 2.316677241e-05 5.503102395e-05 2.865910690e-05 1.970899691e-05 3.695190846e-05
6.32060e+03 2.380527418e-05 5.633973043e-05 2.941558734e-05 2.026676889e-05 3.787518154e-05
6.32150e+03 2.384056382e-05 5.641361276e-05 2.945749436e-05 2.029626681e-05 3.793119438e-05
6.32240e+03 2.374300728e-05 5.619449460e-05 2.933946294e-05 2.021155829e-05 3.778724397e-05
6.32330e+03 2.401906613e-05 5.676236130e-05 2.966724409e-05 2.045041348e-05 3.818728799e-05
6.32420e+03 2.441376476e-05 5.761696417e-05 3.014565602e-05 2.078700387e-05 3.877938858e-05
6.32510e+03 2.455628103e-05 5.796760880e-05 3.032898791e-05 2.090269097e-05 3.901754611e-05
6.32600e+03 2.446977521e-05 5.780737254e-05 3.023474422e-05 2.082558796e-05 3.891320219e-05
6.32690e+03 2.429930989e-05 5.744830240e-05 3.002409748e-05 2.068386036e-05 3.865751371e-05
6.32780e+03 2.436306701e-05 5.756511121e-05 3.008538291e-05 2.074727670e-05 3.872865134e-05
6.32870e+03 2.452165050e-05 5.788939555e-05 3.027190698e-05 2.088473757e-05 3.895447765e-05
6.32960e+03 2.432938203e-05 5.751905272e-05 3.004902952e-05 2.071296627e-05 3.868236707e-05
6.33050e+03 2.412497531e-05 5.707045979e-05 2.980095511e-05 2.054079204e-05 3.836825331e-05
6.33140e+03 2.436004436e-05 5.746554665e-05 3.007069725e-05 2.075644354e-05 3.868467980e-05
6.33230e+03 2.478254866e-05 5.828471960e-05 3.057076891e-05 2.112924381e-05 3.929481329e-05
6.33320e+03 2.487515843e-05 5.848103115e-05 3.068248008e-05 2.120623309e-05 3.943208261e-05
6.33410e+03 2.421253729e-05 5.711381446e-05 2.988966032e-05 2.062219876e-05 3.844843794e-05
6.33500e+03 2.308007054e-05 5.477097218e-05 2.853070375e-05 1.962994575e-05 3.676454027e-05
6.33590e+03 2.247597633e-05 5.352237928e-05 2.780488906e-05 1.910209910e-05 3.586546118e-05
6.33680e+03 2.282745247e-05 5.423555932e-05 2.822119180e-05 1.941387147e-05 3.637464835e-05
6.33770e+03 2.345396486e-05 5.548125523e-05 2.895814073e-05 1.996911525e-05 3.727201332e-05
6.33860e+03 2.371820063e-05 5.599997520e-05 2.926765854e-05 2.020907680e-05 3.765250837e-05
6.33950e+03 2.397292814e-05 5.655688277e-05 2.958130448e-05 2.043394579e-05 3.805552168e-05
6.34040e+03 2.441020169e-05 5.748155385e-05 3.011559391e-05 2.080749913e-05 3.872511740e-05
6.34130e+03 2.447595614e-05 5.761330036e-05 3.019238080e-05 2.085719766e-05 3.881670797e-05
6.34220e+03 2.397360511e-05 5.657431832e-05 2.958472826e-05 2.041778236e-05 3.806223962e-05
6.34310e+03 2.324904186e-05 5.510362690e-05 2.871789805e-05 1.978772154e-05 3.699576868e-05
6.34400e+03 2.289878370e-05 5.441305045e-05 2.830643932e-05 1.948343633e-05 3.649513831e-05
6.34490e+03 2.327664340e-05 5.513005634e-05 2.875846847e-05 1.981689339e-05 3.704280241e-05
6.34580e+03 2.389037945e-05 5.618284583e-05 2.947029349e-05 2.036434150e-05 3.787896427e-05
6.34670e+03 2.419369832e-05 5.664775125e-05 2.980398414e-05 2.064458333e-05 3.825350213e-05
6.34760e+03 2.433185787e-05 5.701696704e-05 2.997062358e-05 2.077038025e-05 3.847423534e-05
6.34850e+03 2.448608769e-05 5.755629115e-05 3.018657417e-05 2.089452518e-05 3.879069669e-05
6.34940e+03 2.454794458e-05 5.783222514e-05 3.028274929e-05 2.093608823e-05 3.894223904e-05
6.35030e+03 2.456600949e-05 5.789706889e-05 3.030744551e-05 2.094511668e-05 3.897409610e-05
6.35120e+03 2.463388482e-05 5.801811919e-05 3.038293060e-05 2.100147829e-05 3.905429626e-05
6.35210e+03 2.461530644e-05 5.795966627e-05 3.035599128e-05 2.098409259e-05 3.901233321e-05
6.35300e+03 2.432263647e-05 5.733549436e-05 3.000615669e-05 2.072564955e-05 3.858007033e-05
6.35390e+03 2.375997015e-05 5.616554880e-05 2.933313028e-05 2.023266744e-05 3.775264661e-05
6.35480e+03 2.335629698e-05 5.534991540e-05 2.884655717e-05 1.988548882e-05 3.715598037e-05
6.35570e+03 2.352287612e-05 5.570829572e-05 2.904383560e-05 2.003595591e-05 3.740040935e-05
6.35660e+03 2.375195857e-05 5.620527591e-05 2.932563772e-05 2.022977616e-05 3.775203723e-05
6.35750e+03 2.334639755e-05 5.541263555e-05 2.885118600e-05 1.986470399e-05 3.717372824e-05
6.35840e+03 2.265120601e-05 5.401810903e-05 2.801863425e-05 1.925767665e-05 3.615272064e-05
6.35930e+03 2.239001831e-05 5.346235185e-05 2.769575821e-05 1.903706719e-05 3.575122599e-05
6.36020e+03 2.244390891e-05 5.349163079e-05 2.775239431e-05 1.908900923e-05 3.580794667e-05
6.36110e+03 2.227328418e-05 5.308825167e-05 2.754726728e-05 1.894191227e-05 3.554866739e-05
6.36200e+03 2.200627659e-05 5.254600517e-05 2.722998303e-05 1.871050832e-05 3.516075252e-05
6.36290e+03 2.209985475e-05 5.274319220e-05 2.733733434e-05 1.879438543e-05 3.529132898e-05
6.36380e+03 2.255719472e-05 5.367416331e-05 2.787899190e-05 1.919499168e-05 3.595613405e-05
6.36470e+03 2.307555588e-05 5.474540728e-05 2.850501474e-05 1.964293666e-05 3.673221929e-05
6.36560e+03 2.348232232e-05 5.559301950e-05 2.900469690e-05 1.998922804e-05 3.735481130e-05
6.36650e+03 2.383746714e-05 5.632762516e-05 2.943557620e-05 2.029495019e-05 3.788934769e-05
6.36740e+03 2.427485228e-05 5.721419848e-05 2.995432285e-05 2.068046951e-05 3.852405398e-05
6.36830e+03 2.455671288e-05 5.776687040e-05 3.028592102e-05 2.093347067e-05 3.892389458e-05
6.36920e+03 2.447768191e-05 5.752699766e-05 3.018154951e-05 2.087228188e-05 3.877917772e-05
6.37010e+03 2.428767348e-05 5.700393875e-05 2.993913923e-05 2.071322680e-05 3.845642580e-05
6.37100e+03 2.436383296e-05 5.706431902e-05 3.002180763e-05 2.078354986e-05 3.854065875e-05
6.37190e+03 2.471264238e-05 5.783102320e-05 3.044710898e-05 2.108611541e-05 3.907214022e-05
6.37280e+03 2.496318532e-05 5.850849347e-05 3.076313215e-05 2.129678426e-05 3.949251463e-05
6.37370e+03 2.491823929e-05 5.853003356e-05 3.071782443e-05 2.124892273e-05 3.946083459e-05
6.37460e+03 2.478511470e-05 5.825260842e-05 3.055892279e-05 2.112744723e-05 3.926557425e-05
6.37550e+03 2.479862866e-05 5.824496969e-05 3.057849335e-05 2.113711365e-05 3.928207377e-05
6.37640e+03 2.484695055e-05 5.832287306e-05 3.063937571e-05 2.117811306e-05 3.935184159e-05
6.37730e+03 2.462177112e-05 5.785663516e-05 3.037015937e-05 2.097781234e-05 3.901766421e-05
6.37820e+03 2.422358149e-05 5.706205308e-05 2.989521285e-05 2.062585768e-05 3.843396055e-05
6.37910e+03 2.404340868e-05 5.670645299e-05 2.968111488e-05 2.046704229e-05 3.817155847e-05
6.38000e+03 2.403389566e-05 5.669520924e-05 2.967348496e-05 2.045942730e-05 3.816838194e-05
6.38090e+03 2.408156071e-05 5.678733607e-05 2.973874877e-05 2.050318290e-05 3.825565697e-05
6.38180e+03 2.434378405e-05 5.725805365e-05 3.005391562e-05 2.073533033e-05 3.863504172e-05
6.38270e+03 2.458961781e-05 5.769454641e-05 3.033486408e-05 2.095428518e-05 3.896501891e-05
6.38360e+03 2.449508044e-05 5.750252267e-05 3.020754184e-05 2.087518673e-05 3.880073377e-05
6.38450e+03 2.430871881e-05 5.718503495e-05 2.998781208e-05 2.071137647e-05 3.853896523e-05
6.38540e+03 2.440303131e-05 5.743153586e-05 3.011485223e-05 2.079350145e-05 3.870964583e-05
6.38630e+03 2.465427123e-05 5.796619042e-05 3.042870839e-05 2.100976077e-05 3.910512123e-05
6.38720e+03 2.475634515e-05 5.819994096e-05 3.055578297e-05 2.109060417e-05 3.926614852e-05
6.38810e+03 2.472212878e-05 5.813862387e-05 3.051357587e-05 2.105708679e-05 3.921551301e-05
6.38900e+03 2.476665465e-05 5.817524198e-05 3.056284427e-05 2.109970408e-05 3.926825218e-05
6.38990e+03 2.485934370e-05 5.828886730e-05 3.066480114e-05 2.118546430e-05 3.938031014e-05
6.39080e+03 2.472281823e-05 5.798560077e-05 3.049248976e-05 2.106712500e-05 3.916327503e-05
6.39170e+03 2.406619271e-05 5.664723506e-05 2.970674703e-05 2.048765872e-05 3.819694287e-05
6.39260e+03 2.302739901e-05 5.451087265e-05 2.846768586e-05 1.957652583e-05 3.666783865e-05
6.39350e+03 2.254011982e-05 5.351117246e-05 2.788762239e-05 1.915865596e-05 3.595222025e-05
6.39440e+03 2.318099350e-05 5.481638472e-05 2.865313354e-05 1.972987723e-05 3.689364563e-05
6.39530e+03 2.422196648e-05 5.694624524e-05 2.989345907e-05 2.064119875e-05 3.842078638e-05
6.39620e+03 2.486970502e-05 5.829649364e-05 3.066603815e-05 2.120329765e-05 3.937887249e-05
6.39710e+03 2.502950263e-05 5.863899975e-05 3.085475943e-05 2.134243483e-05 3.961639257e-05
6.39800e+03 2.461338535e-05 5.774651611e-05 3.035011580e-05 2.097608985e-05 3.898275551e-05
6.39890e+03 2.339055951e-05 5.520849027e-05 2.888056975e-05 1.990142498e-05 3.715773681e-05
6.39980e+03 2.221845768e-05 5.285300701e-05 2.747816704e-05 1.888254972e-05 3.543617744e-05
6.40070e+03 2.261329433e-05 5.370874646e-05 2.795860317e-05 1.924176301e-05 3.604285147e-05
6.40160e+03 2.405714378e-05 5.664667934e-05 2.969761533e-05 2.050787762e-05 3.818981395e-05
6.40250e+03 2.496793187e-05 5.847112911e-05 3.078839805e-05 2.130000923e-05 3.953091057e-05
6.40340e+03 2.517328499e-05 5.885288355e-05 3.102470964e-05 2.147701176e-05 3.981643033e-05
6.40430e+03 2.509900329e-05 5.866674304e-05 3.092590984e-05 2.141259945e-05 3.968640403e-05
6.40520e+03 2.486390546e-05 5.813332790e-05 3.063079763e-05 2.121057242e-05 3.930759145e-05
6.40610e+03 2.444988924e-05 5.716780868e-05 3.011079569e-05 2.085556556e-05 3.863497723e-05
6.40700e+03 2.381730730e-05 5.579383363e-05 2.933274843e-05 2.031286289e-05 3.765349256e-05
6.40790e+03 2.346679742e-05 5.513182805e-05 2.891276657e-05 2.001784050e-05 3.714726065e-05
6.40880e+03 2.392466211e-05 5.617413004e-05 2.948142191e-05 2.042148580e-05 3.787810137e-05
6.40970e+03 2.438308195e-05 5.717729476e-05 3.005239311e-05 2.081113484e-05 3.860381039e-05
6.41060e+03 2.397527229e-05 5.636075886e-05 2.957486366e-05 2.043997323e-05 3.801969998e-05
6.41150e+03 2.341257852e-05 5.522355258e-05 2.890678327e-05 1.994259596e-05 3.719668350e-05
6.41240e+03 2.355811372e-05 5.552158205e-05 2.907572225e-05 2.007250893e-05 3.740272304e-05
6.41330e+03 2.396977038e-05 5.631432757e-05 2.955301472e-05 2.043560151e-05 3.797849582e-05
6.41420e+03 2.414540943e-05 5.661986926e-05 2.974803163e-05 2.059882561e-05 3.820441560e-05
6.41510e+03 2.430784953e-05 5.690843792e-05 2.994157578e-05 2.075283115e-05 3.843573120e-05
6.41600e+03 2.454288507e-05 5.733873890e-05 3.023364718e-05 2.095891203e-05 3.879227952e-05
6.41690e+03 2.457466265e-05 5.739468919e-05 3.028449286e-05 2.097932009e-05 3.886033508e-05
6.41780e+03 2.436178399e-05 5.699417779e-05 3.003700272e-05 2.078507927e-05 3.856647560e-05
6.41870e+03 2.391681026e-05 5.608865392e-05 2.950011856e-05 2.038929261e-05 3.790639707e-05
6.41960e+03 2.325309640e-05 5.470823886e-05 2.869274111e-05 1.980855374e-05 3.690422614e-05
6.42050e+03 2.279694937e-05 5.378334614e-05 2.814443725e-05 1.941249057e-05 3.622866325e-05
6.42140e+03 2.310473193e-05 5.448471699e-05 2.852645253e-05 1.968238275e-05 3.671447703e-05
6.42230e+03 2.410826287e-05 5.662557664e-05 2.974025686e-05 2.055704881e-05 3.822612993e-05
6.42320e+03 2.489530275e-05 5.829645652e-05 3.068697519e-05 2.124018082e-05 3.940409196e-05
6.42410e+03 2.494851117e-05 5.841561394e-05 3.074792630e-05 2.128712320e-05 3.948398774e-05
6.42500e+03 2.478248292e-05 5.804186310e-05 3.054099737e-05 2.114637837e-05 3.922105881e-05
6.42590e+03 2.488206323e-05 5.822331294e-05 3.065167342e-05 2.123429314e-05 3.934553816e-05
6.42680e+03 2.512784116e-05 5.874378922e-05 3.094723116e-05 2.144529076e-05 3.970954877e-05
6.42770e+03 2.520294778e-05 5.890708218e-05 3.104508756e-05 2.150629981e-05 3.983499271e-05
6.42860e+03 2.485100732e-05 5.815141119e-05 3.062704828e-05 2.119636675e-05 3.931725531e-05
6.42950e+03 2.395956762e-05 5.626735260e-05 2.955394454e-05 2.041787482e-05 3.798479442e-05
6.43040e+03 2.301077546e-05 5.425783243e-05 2.840430079e-05 1.959643952e-05 3.655358720e-05
6.43130e+03 2.293584823e-05 5.400345106e-05 2.830028219e-05 1.954507003e-05 3.640624080e-05
6.43220e+03 2.368630344e-05 5.543771994e-05 2.918755912e-05 2.021326788e-05 3.748182403e-05
6.43310e+03 2.437914282e-05 5.686404499e-05 3.001614166e-05 2.082032827e-05 3.850376041e-05
6.43400e+03 2.471265083e-05 5.766366290e-05 3.043375225e-05 2.109909238e-05 3.904093130e-05
6.43490e+03 2.488644588e-05 5.813425687e-05 3.066216581e-05 2.123568564e-05 3.934576605e-05
6.43580e+03 2.497915571e-05 5.836178004e-05 3.077417536e-05 2.131336136e-05 3.949154530e-05
6.43670e+03 2.477157671e-05 5.790866266e-05 3.051838796e-05 2.113272811e-05 3.917097601e-05
6.43760e+03 2.396376996e-05 5.622952565e-05 2.955491226e-05 2.041949492e-05 3.797655179e-05
6.43850e+03 2.301016378e-05 5.431506166e-05 2.842893430e-05 1.957738742e-05 3.659266497e-05
6.43940e+03 2.306087104e-05 5.447354226e-05 2.850534064e-05 1.962547652e-05 3.670165783e-05
6.44030e+03 2.415127262e-05 5.670745306e-05 2.980925687e-05 2.059077831e-05 3.831593756e-05
6.44120e+03 2.510277151e-05 5.863796121e-05 3.092687881e-05 2.143142267e-05 3.968692700e-05
6.44210e+03 2.537758672e-05 5.918070487e-05 3.123418039e-05 2.167775111e-05 4.005550787e-05
6.44300e+03 2.529354312e-05 5.899716939e-05 3.112018510e-05 2.160895815e-05 3.991173768e-05
6.44390e+03 2.521617286e-05 5.882542039e-05 3.102245442e-05 2.154223045e-05 3.979008558e-05
6.44480e+03 2.529635876e-05 5.894182570e-05 3.112038311e-05 2.160999105e-05 3.990148755e-05
6.44570e+03 2.546461848e-05 5.924923819e-05 3.132824747e-05 2.175328215e-05 4.015060838e-05
6.44660e+03 2.546379694e-05 5.925287455e-05 3.133588862e-05 2.174841977e-05 4.016019570e-05
6.44750e+03 2.491708311e-05 5.816225405e-05 3.068998214e-05 2.126313663e-05 3.936943723e-05
6.44840e+03 2.353643340e-05 5.534720691e-05 2.904376646e-05 2.004599750e-05 3.734834028e-05
6.44930e+03 2.195119589e-05 5.211938090e-05 2.715040741e-05 1.865947692e-05 3.503210179e-05
6.45020e+03 2.164878902e-05 5.152804410e-05 2.679402201e-05 1.840651108e-05 3.461236269e-05
6.45110e+03 2.281320009e-05 5.389389359e-05 2.818931257e-05 1.943429212e-05 3.632927735e-05
6.45200e+03 2.411123298e-05 5.650216945e-05 2.973430170e-05 2.057189431e-05 3.821243287e-05
6.45290e+03 2.482011172e-05 5.789479026e-05 3.056803573e-05 2.119495250e-05 3.921823193e-05
6.45380e+03 2.484430034e-05 5.788732180e-05 3.058239315e-05 2.121860010e-05 3.922021081e-05
6.45470e+03 2.427485970e-05 5.661423728e-05 2.988371645e-05 2.072420770e-05 3.833563489e-05
6.45560e+03 2.377537838e-05 5.538695024e-05 2.925783983e-05 2.030401057e-05 3.752190967e-05
6.45650e+03 2.397783756e-05 5.567361958e-05 2.948363986e-05 2.049881776e-05 3.777660431e-05
6.45740e+03 2.464754008e-05 5.715415341e-05 3.030786804e-05 2.107728239e-05 3.882074989e-05
6.45830e+03 2.519980032e-05 5.850829463e-05 3.100611826e-05 2.153832225e-05 3.973101715e-05
6.45920e+03 2.544982351e-05 5.917656394e-05 3.132517721e-05 2.174442039e-05 4.015552801e-05
6.46010e+03 2.531559688e-05 5.895939375e-05 3.117108834e-05 2.162113665e-05 3.997108642e-05
6.46100e+03 2.444138923e-05 5.715575276e-05 3.012618133e-05 2.084291559e-05 3.866804453e-05
6.46190e+03 2.301225832e-05 5.420461215e-05 2.841269372e-05 1.958620872e-05 3.654226395e-05
6.46280e+03 2.240113150e-05 5.295558012e-05 2.768329472e-05 1.906503509e-05 3.565146934e-05
6.46370e+03 2.321375946e-05 5.463932787e-05 2.866325747e-05 1.978877447e-05 3.687800948e-05
6.46460e+03 2.428009265e-05 5.684018790e-05 2.993609444e-05 2.072078192e-05 3.845195231e-05
6.46550e+03 2.481169245e-05 5.790489447e-05 3.055881645e-05 2.118371474e-05 3.920857137e-05
6.46640e+03 2.499509369e-05 5.821662731e-05 3.076988794e-05 2.134521725e-05 3.945633389e-05
6.46730e+03 2.504126873e-05 5.824814166e-05 3.082009450e-05 2.138780626e-05 3.950924977e-05
6.46820e+03 2.486648477e-05 5.787083742e-05 3.060285634e-05 2.123954732e-05 3.923466806e-05
6.46910e+03 2.453558032e-05 5.718823982e-05 3.020007685e-05 2.095618369e-05 3.873102813e-05
6.47000e+03 2.425116127e-05 5.658242629e-05 2.985775409e-05 2.070719903e-05 3.830098774e-05
6.47090e+03 2.397833135e-05 5.601725346e-05 2.953278578e-05 2.046385400e-05 3.789810199e-05
6.47180e+03 2.399909756e-05 5.606085236e-05 2.956293793e-05 2.048099818e-05 3.793746754e-05
6.47270e+03 2.444381081e-05 5.695815788e-05 3.010013162e-05 2.086964311e-05 3.859867992e-05
6.47360e+03 2.465974930e-05 5.740460610e-05 3.036162923e-05 2.105441681e-05 3.891894012e-05
6.47450e+03 2.438029999e-05 5.687061675e-05 3.002665802e-05 2.081018659e-05 3.850809878e-05
6.47540e+03 2.416265688e-05 5.647448799e-05 2.976293982e-05 2.062775199e-05 3.818975726e-05
6.47630e+03 2.440982512e-05 5.699859320e-05 3.005924275e-05 2.084964180e-05 3.856328205e-05
6.47720e+03 2.473743778e-05 5.766995891e-05 3.045572079e-05 2.113329823e-05 3.906045244e-05
6.47810e+03 2.478652070e-05 5.778133138e-05 3.051830296e-05 2.117054218e-05 3.914318051e-05
6.47900e+03 2.475396369e-05 5.771982858e-05 3.048085691e-05 2.113887773e-05 3.909434874e-05
6.47990e+03 2.460857058e-05 5.738256600e-05 3.030064183e-05 2.101097016e-05 3.885777969e-05
6.48080e+03 2.402252032e-05 5.610438882e-05 2.959111021e-05 2.049631942e-05 3.796389725e-05
6.48170e+03 2.324680167e-05 5.449991745e-05 2.866633913e-05 1.981636464e-05 3.682517584e-05
6.48260e+03 2.301102667e-05 5.407031832e-05 2.839571421e-05 1.961384743e-05 3.650969485e-05
6.48350e+03 2.345445244e-05 5.502122209e-05 2.893631532e-05 2.000300942e-05 3.718514111e-05
6.48440e+03 2.404425436e-05 5.625963124e-05 2.964592968e-05 2.051522450e-05 3.806032262e-05
6.48530e+03 2.438202420e-05 5.697381526e-05 3.004979110e-05 2.080768767e-05 3.855720568e-05
6.48620e+03 2.450878517e-05 5.723842167e-05 3.020012047e-05 2.091629453e-05 3.874090338e-05
6.48710e+03 2.460475566e-05 5.742250217e-05 3.031493521e-05 2.099821315e-05 3.888021580e-05
6.48800e+03 2.463319271e-05 5.746282258e-05 3.034948300e-05 2.102061765e-05 3.891978081e-05
6.48890e+03 2.443881975e-05 5.703953771e-05 3.011328945e-05 2.084753851e-05 3.862401066e-05
6.48980e+03 2.408090128e-05 5.622444716e-05 2.966931516e-05 2.053781095e-05 3.805981511e-05
6.49070e+03 2.381752061e-05 5.557026497e-05 2.933101160e-05 2.032039140e-05 3.761855241e-05
6.49160e+03 2.364876792e-05 5.516115248e-05 2.911831656e-05 2.018135251e-05 3.734286401e-05
6.49250e+03 2.302722428e-05 5.390155886e-05 2.838216160e-05 1.962800063e-05 3.643612030e-05
6.49340e+03 2.157652004e-05 5.098244236e-05 2.665762490e-05 1.834522258e-05 3.431997010e-05
6.49430e+03 2.015707403e-05 4.809240399e-05 2.496349527e-05 1.711057501e-05 3.223860918e-05
6.49520e+03 1.987984173e-05 4.739648011e-05 2.462086389e-05 1.689002236e-05 3.179246737e-05
6.49610e+03 2.053106251e-05 4.854163178e-05 2.537909218e-05 1.748185274e-05 3.269009252e-05
6.49700e+03 2.140643408e-05 5.031671353e-05 2.642201264e-05 1.825383240e-05 3.397583476e-05
6.49790e+03 2.203981099e-05 5.180851173e-05 2.720339287e-05 1.878784481e-05 3.498074720e-05
6.49880e+03 2.224057571e-05 5.242913236e-05 2.747203222e-05 1.894026198e-05 3.535179849e-05
6.49970e+03 2.254729492e-05 5.310631380e-05 2.784953771e-05 1.920544070e-05 3.582663355e-05
6.50060e+03 2.316071407e-05 5.430443741e-05 2.857529975e-05 1.974913137e-05 3.671118751e-05
6.50150e+03 2.366346398e-05 5.528299196e-05 2.915972143e-05 2.019524733e-05 3.742145550e-05
6.50240e+03 2.395410814e-05 5.585345600e-05 2.949407039e-05 2.045303942e-05 3.782821494e-05
6.50330e+03 2.411425731e-05 5.619065821e-05 2.968229789e-05 2.059259191e-05 3.805965668e-05
6.50420e+03 2.424909845e-05 5.647389251e-05 2.984283467e-05 2.070947751e-05 3.825570490e-05
6.50510e+03 2.445958425e-05 5.685622165e-05 3.009499586e-05 2.089399385e-05 3.855618762e-05
6.50600e+03 2.461941095e-05 5.713658290e-05 3.028971491e-05 2.103370747e-05 3.878785385e-05
6.50690e+03 2.450687846e-05 5.692311455e-05 3.015654241e-05 2.093232164e-05 3.862466297e-05
6.50780e+03 2.417481399e-05 5.628971847e-05 2.975535549e-05 2.064052260e-05 3.813395376e-05
6.50870e+03 2.403090908e-05 5.598630134e-05 2.957395508e-05 2.051812454e-05 3.790755433e-05
6.50960e+03 2.425963828e-05 5.637681581e-05 2.983973019e-05 2.072403334e-05 3.822652005e-05
6.51050e+03 2.456193482e-05 5.694006306e-05 3.020295667e-05 2.098954727e-05 3.867028487e-05
6.51140e+03 2.465491342e-05 5.712528653e-05 3.031439230e-05 2.106998533e-05 3.880524370e-05
6.51230e+03 2.462597171e-05 5.708400842e-05 3.027833032e-05 2.104670138e-05 3.876208736e-05
6.51320e+03 2.461405187e-05 5.704438705e-05 3.026194447e-05 2.103730634e-05 3.873817856e-05
6.51410e+03 2.448449200e-05 5.667257832e-05 3.009316203e-05 2.092736268e-05 3.850455809e-05
6.51500e+03 2.417640820e-05 5.589440946e-05 2.970020126e-05 2.067074237e-05 3.798741886e-05
6.51590e+03 2.390553282e-05 5.525437241e-05 2.935597515e-05 2.044963284e-05 3.754485790e-05
6.51680e+03 2.373215589e-05 5.493771957e-05 2.914951232e-05 2.030192320e-05 3.729845871e-05
6.51770e+03 2.348506437e-05 5.456477275e-05 2.887187592e-05 2.007620655e-05 3.698610484e-05
6.51860e+03 2.340558220e-05 5.450414895e-05 2.879227150e-05 2.000059333e-05 3.691223608e-05
6.51950e+03 2.382819170e-05 5.540519972e-05 2.930430522e-05 2.037020070e-05 3.754874457e-05
6.52040e+03 2.439660673e-05 5.658073863e-05 2.999037964e-05 2.086469470e-05 3.839284132e-05
6.52130e+03 2.464902324e-05 5.709054841e-05 3.030011053e-05 2.108016411e-05 3.877524265e-05
6.52220e+03 2.461319674e-05 5.700827022e-05 3.025924154e-05 2.104587584e-05 3.872872597e-05
6.52310e+03 2.458462808e-05 5.692989185e-05 3.021258654e-05 2.102263695e-05 3.866674295e-05
6.52400e+03 2.469211469e-05 5.712110491e-05 3.032524263e-05 2.111936627e-05 3.879031533e-05
6.52490e+03 2.468139496e-05 5.706756939e-05 3.030646667e-05 2.111150112e-05 3.875247511e-05
6.52580e+03 2.430411169e-05 5.624177694e-05 2.985711764e-05 2.078476841e-05 3.818962423e-05
6.52670e+03 2.387953864e-05 5.533220912e-05 2.935296908e-05 2.042052803e-05 3.756978258e-05
6.52760e+03 2.389155905e-05 5.537949736e-05 2.936919147e-05 2.043596587e-05 3.760067712e-05
6.52850e+03 2.425921025e-05 5.618273977e-05 2.980981019e-05 2.075371230e-05 3.815134901e-05
6.52940e+03 2.456689094e-05 5.683698350e-05 3.018184729e-05 2.101341513e-05 3.861149780e-05
6.53030e+03 2.454622071e-05 5.682101645e-05 3.016339384e-05 2.098590193e-05 3.859264244e-05
6.53120e+03 2.421257127e-05 5.615116163e-05 2.976491274e-05 2.069104253e-05 3.810216678e-05
6.53210e+03 2.385562239e-05 5.538482422e-05 2.932633752e-05 2.038717603e-05 3.755479727e-05
6.53300e+03 2.374905218e-05 5.512566501e-05 2.918997559e-05 2.030814467e-05 3.738383132e-05
6.53390e+03 2.400496596e-05 5.563162143e-05 2.950106451e-05 2.054007741e-05 3.776820612e-05
6.53480e+03 2.446217790e-05 5.655457443e-05 3.005693732e-05 2.093768322e-05 3.845049996e-05
6.53570e+03 2.470265480e-05 5.702507748e-05 3.034507906e-05 2.114049290e-05 3.879817388e-05
6.53660e+03 2.455386203e-05 5.670757108e-05 3.016269895e-05 2.100542354e-05 3.856954844e-05
6.53750e+03 2.437761916e-05 5.634547863e-05 2.994713597e-05 2.085259634e-05 3.830355191e-05
6.53840e+03 2.453342329e-05 5.664813034e-05 3.012624625e-05 2.099352699e-05 3.851706023e-05
6.53930e+03 2.485886697e-05 5.730635129e-05 3.050834459e-05 2.128246036e-05 3.898139142e-05
6.54020e+03 2.495971422e-05 5.751263300e-05 3.062602945e-05 2.137184665e-05 3.912304514e-05
6.54110e+03 2.472577304e-05 5.701956615e-05 3.034965081e-05 2.116659894e-05 3.878148542e-05
6.54200e+03 2.436202130e-05 5.626710101e-05 2.992291964e-05 2.084493427e-05 3.825848232e-05
6.54290e+03 2.409596395e-05 5.573339725e-05 2.960657593e-05 2.060931760e-05 3.786823758e-05
6.54380e+03 2.395768950e-05 5.543983471e-05 2.943184027e-05 2.049090591e-05 3.764377020e-05
6.54470e+03 2.363534088e-05 5.471875824e-05 2.903418754e-05 2.020998339e-05 3.713791487e-05
6.54560e+03 2.304679129e-05 5.345291552e-05 2.832669962e-05 1.969666043e-05 3.625909910e-05
6.54650e+03 2.284845355e-05 5.300884653e-05 2.809281470e-05 1.953007644e-05 3.597464662e-05
6.54740e+03 2.331325218e-05 5.393316786e-05 2.865068704e-05 1.994216605e-05 3.666291616e-05
6.54830e+03 2.386571181e-05 5.504959258e-05 2.931113113e-05 2.042453406e-05 3.746988809e-05
6.54920e+03 2.407296242e-05 5.545105373e-05 2.955468306e-05 2.060343458e-05 3.775630937e-05
6.55010e+03 2.391649113e-05 5.509248682e-05 2.936577143e-05 2.046459761e-05 3.751369209e-05
6.55100e+03 2.363670274e-05 5.445433392e-05 2.903159284e-05 2.021873765e-05 3.709586362e-05
6.55190e+03 2.349917387e-05 5.407814361e-05 2.885964576e-05 2.010027145e-05 3.687000597e-05
6.55280e+03 2.337138078e-05 5.372750761e-05 2.869013381e-05 1.999323746e-05 3.663854308e-05
6.55370e+03 2.298700774e-05 5.288896032e-05 2.821138111e-05 1.966289670e-05 3.602960093e-05
6.55460e+03 2.249318381e-05 5.181105546e-05 2.760220372e-05 1.923986242e-05 3.525966042e-05
6.55550e+03 2.227078096e-05 5.124911259e-05 2.732160607e-05 1.905826970e-05 3.488872005e-05
6.55640e+03 2.248946813e-05 5.154263007e-05 2.756549717e-05 1.926449435e-05 3.515541436e-05
6.55730e+03 2.285449424e-05 5.207370179e-05 2.797726364e-05 1.960012779e-05 3.561810398e-05
6.55820e+03 2.299007389e-05 5.206498391e-05 2.810687190e-05 1.973645947e-05 3.571655614e-05
6.55910e+03 2.282515503e-05 5.137982670e-05 2.786250194e-05 1.961774780e-05 3.533670285e-05
6.56000e+03 2.221349404e-05 4.962257287e-05 2.705601645e-05 1.911967205e-05 3.422486256e-05
6.56090e+03 2.035526263e-05 4.504326767e-05 2.472216497e-05 1.753408667e-05 3.116484245e-05
6.56180e+03 1.704892862e-05 3.750074015e-05 2.065703903e-05 1.469658100e-05 2.597737776e-05
6.56270e+03 1.490491439e-05 3.286836962e-05 1.806450230e-05 1.289125867e-05 2.274406750e-05
6.56360e+03 1.645235662e-05 3.647076660e-05 1.999738693e-05 1.426140494e-05 2.524355276e-05
6.56450e+03 1.983892527e-05 4.423786036e-05 2.418136989e-05 1.714977631e-05 3.058609314e-05
6.56540e+03 2.211022398e-05 4.967475246e-05 2.700299921e-05 1.904435213e-05 3.422633670e-05
6.56630e+03 2.305350362e-05 5.208517292e-05 2.818718378e-05 1.981359807e-05 3.578480775e-05
6.56720e+03 2.337805238e-05 5.298017672e-05 2.860397500e-05 2.006825903e-05 3.635065221e-05
6.56810e+03 2.315560865e-05 5.268525519e-05 2.835909998e-05 1.985220063e-05 3.608802249e-05
6.56900e+03 2.274188672e-05 5.201737473e-05 2.788598619e-05 1.947770721e-05 3.554777989e-05
6.56990e+03 2.275283244e-05 5.218328554e-05 2.791319853e-05 1.948364800e-05 3.561589661e-05
6.57080e+03 2.300577127e-05 5.280345968e-05 2.822869113e-05 1.969440480e-05 3.602723366e-05
6.57170e+03 2.290946057e-05 5.273537043e-05 2.813559969e-05 1.959015261e-05 3.594059364e-05
6.57260e+03 2.251445650e-05 5.203554017e-05 2.768445828e-05 1.922713208e-05 3.541212082e-05
6.57350e+03 2.221463090e-05 5.146711535e-05 2.733434591e-05 1.895838404e-05 3.499412204e-05
6.57440e+03 2.218093337e-05 5.143442595e-05 2.729299990e-05 1.893546692e-05 3.495324218e-05
6.57530e+03 2.259562826e-05 5.231812248e-05 2.778547862e-05 1.930946659e-05 3.556690213e-05
6.57620e+03 2.334747299e-05 5.389550484e-05 2.868294112e-05 1.996786200e-05 3.667117966e-05
6.57710e+03 2.394077598e-05 5.515911111e-05 2.940025796e-05 2.047547038e-05 3.755678212e-05
6.57800e+03 2.414117023e-05 5.561058356e-05 2.965445833e-05 2.064021910e-05 3.787985027e-05
6.57890e+03 2.398743680e-05 5.532748905e-05 2.947828898e-05 2.050318264e-05 3.767440549e-05
6.57980e+03 2.356873335e-05 5.449576294e-05 2.897381312e-05 2.013886415e-05 3.705869047e-05
6.58070e+03 2.320913411e-05 5.377739153e-05 2.854161002e-05 1.982657606e-05 3.653383085e-05
6.58160e+03 2.327897391e-05 5.392045327e-05 2.863197639e-05 1.989008673e-05 3.665627648e-05
6.58250e+03 2.363420278e-05 5.464571419e-05 2.906781844e-05 2.020268088e-05 3.719834442e-05
6.58340e+03 2.389172979e-05 5.518379216e-05 2.938003033e-05 2.042853814e-05 3.758072099e-05
6.58430e+03 2.391903553e-05 5.526169117e-05 2.941012080e-05 2.045011578e-05 3.761832791e-05
6.58520e+03 2.374176675e-05 5.491577791e-05 2.919566933e-05 2.029003557e-05 3.735845696e-05
6.58610e+03 2.362134737e-05 5.464597950e-05 2.904675321e-05 2.018652868e-05 3.717189751e-05
6.58700e+03 2.384300691e-05 5.505124540e-05 2.930284949e-05 2.038871010e-05 3.747485118e-05
6.58790e+03 2.418359658e-05 5.575114972e-05 2.970556009e-05 2.068434511e-05 3.796425764e-05
6.58880e+03 2.433320403e-05 5.611995973e-05 2.989182947e-05 2.080344082e-05 3.820079765e-05
6.58970e+03 2.433397404e-05 5.617414154e-05 2.990131086e-05 2.079557948e-05 3.821855288e-05
6.59060e+03 2.406120135e-05 5.561890683e-05 2.957513833e-05 2.055346683e-05 3.781450734e-05
6.59150e+03 2.318425982e-05 5.379847763e-05 2.852038172e-05 1.978274508e-05 3.650811082e-05
6.59240e+03 2.197148223e-05 5.131417018e-05 2.706735518e-05 1.872250325e-05 3.471531641e-05
6.59330e+03 2.148235790e-05 5.036160158e-05 2.649033661e-05 1.830444276e-05 3.401716614e-05
6.59420e+03 2.219696737e-05 5.187878312e-05 2.735556903e-05 1.893754367e-05 3.510061235e-05
6.59510e+03 2.322367216e-05 5.401598343e-05 2.858627218e-05 1.983391691e-05 3.662967498e-05
6.59600e+03 2.368148640e-05 5.495539192e-05 2.912897670e-05 2.022803717e-05 3.730232621e-05
6.59690e+03 2.355783847e-05 5.467340108e-05 2.897653014e-05 2.011619226e-05 3.710842292e-05
6.59780e+03 2.324325356e-05 5.402759090e-05 2.860343187e-05 1.984053153e-05 3.664596739e-05
6.59870e+03 2.321508214e-05 5.401138958e-05 2.857433336e-05 1.981571538e-05 3.661707027e-05
6.59960e+03 2.363712632e-05 5.491127716e-05 2.907865435e-05 2.018488452e-05 3.724223865e-05
6.60050e+03 2.414352222e-05 5.597388389e-05 2.968368978e-05 2.062788222e-05 3.798935030e-05
6.60140e+03 2.436378242e-05 5.641017526e-05 2.994486241e-05 2.082305125e-05 3.830697092e-05
6.60230e+03 2.429546868e-05 5.619606605e-05 2.985405806e-05 2.076893532e-05 3.818169094e-05
6.60320e+03 2.404913271e-05 5.560524137e-05 2.954919035e-05 2.055607803e-05 3.779084993e-05
6.60410e+03 2.370339207e-05 5.486842430e-05 2.913764291e-05 2.025251588e-05 3.728057387e-05
6.60500e+03 2.342474024e-05 5.433583050e-05 2.881539143e-05 2.000796718e-05 3.689398656e-05
6.60590e+03 2.333086479e-05 5.416590412e-05 2.870535547e-05 1.992545028e-05 3.676326245e-05
6.60680e+03 2.324245684e-05 5.395600797e-05 2.859359129e-05 1.984642650e-05 3.661889620e-05
6.60770e+03 2.291422906e-05 5.327001136e-05 2.819773077e-05 1.955489727e-05 3.612842206e-05
6.60860e+03 2.251254350e-05 5.248114034e-05 2.772078673e-05 1.920064150e-05 3.555115719e-05
6.60950e+03 2.265733156e-05 5.279608533e-05 2.789668019e-05 1.933319997e-05 3.577550157e-05
6.61040e+03 2.343241494e-05 5.437809806e-05 2.882666473e-05 2.001451295e-05 3.691854552e-05
6.61130e+03 2.405644842e-05 5.568769633e-05 2.957599099e-05 2.055729366e-05 3.784124097e-05
6.61220e+03 2.407217193e-05 5.576603530e-05 2.959087367e-05 2.056782772e-05 3.786183457e-05
6.61310e+03 2.380609267e-05 5.521887789e-05 2.926981514e-05 2.033331575e-05 3.746498320e-05
6.61400e+03 2.381692091e-05 5.519662894e-05 2.929019796e-05 2.034176763e-05 3.748791898e-05
6.61490e+03 2.413935637e-05 5.583373421e-05 2.968597280e-05 2.062260871e-05 3.797625009e-05
6.61580e+03 2.429263698e-05 5.616236368e-05 2.987080228e-05 2.075496853e-05 3.820686718e-05
6.61670e+03 2.414776699e-05 5.588805707e-05 2.969059703e-05 2.062916897e-05 3.798857147e-05
6.61760e+03 2.400433465e-05 5.561717177e-05 2.951611186e-05 2.050372116e-05 3.777491034e-05
6.61850e+03 2.407271156e-05 5.576257545e-05 2.960000322e-05 2.056235823e-05 3.787418816e-05
6.61940e+03 2.425150856e-05 5.613206780e-05 2.981428055e-05 2.071832998e-05 3.813566852e-05
6.62030e+03 2.436396798e-05 5.638951786e-05 2.994899059e-05 2.081722746e-05 3.830449111e-05
6.62120e+03 2.433133484e-05 5.637399206e-05 2.991386252e-05 2.078913465e-05 3.826975727e-05
6.62210e+03 2.412445365e-05 5.596723224e-05 2.966794438e-05 2.060746357e-05 3.797277118e-05
6.62300e+03 2.370160147e-05 5.507315421e-05 2.916084834e-05 2.023332971e-05 3.734640441e-05
6.62390e+03 2.316571913e-05 5.397919816e-05 2.851999234e-05 1.975787535e-05 3.655970465e-05
6.62480e+03 2.294738411e-05 5.357927109e-05 2.826785590e-05 1.956099417e-05 3.625995035e-05
6.62570e+03 2.325591321e-05 5.422042944e-05 2.864699801e-05 1.983234006e-05 3.672821655e-05
6.62660e+03 2.360196127e-05 5.491483940e-05 2.905747252e-05 2.014268704e-05 3.722606436e-05
6.62750e+03 2.366999839e-05 5.507949343e-05 2.912996260e-05 2.020826076e-05 3.731481866e-05
6.62840e+03 2.362887230e-05 5.501315198e-05 2.907984451e-05 2.017536188e-05 3.725768988e-05
6.62930e+03 2.355918662e-05 5.485952205e-05 2.900400512e-05 2.011151549e-05 3.716837520e-05
6.63020e+03 2.346889035e-05 5.466342514e-05 2.890035297e-05 2.002948978e-05 3.704309921e-05
6.63110e+03 2.330133067e-05 5.431152389e-05 2.869410423e-05 1.988431003e-05 3.678946396e-05
6.63200e+03 2.290757084e-05 5.346665416e-05 2.820570166e-05 1.954421460e-05 3.617965980e-05
6.63290e+03 2.235177650e-05 5.225291433e-05 2.751875860e-05 1.906535313e-05 3.531411774e-05
6.63380e+03 2.208310584e-05 5.165629462e-05 2.718634854e-05 1.884329407e-05 3.489214442e-05
6.63470e+03 2.246136877e-05 5.245039869e-05 2.764743278e-05 1.917980465e-05 3.546177420e-05
6.63560e+03 2.313609885e-05 5.389322162e-05 2.847696183e-05 1.975993169e-05 3.649494634e-05
6.63650e+03 2.363048033e-05 5.494533213e-05 2.908287027e-05 2.018005085e-05 3.725040494e-05
6.63740e+03 2.380040248e-05 5.530119928e-05 2.928363006e-05 2.032363567e-05 3.750049585e-05
6.63830e+03 2.363968873e-05 5.497712565e-05 2.908536487e-05 2.018089388e-05 3.725815609e-05
6.63920e+03 2.336529581e-05 5.443216365e-05 2.875817693e-05 1.994045685e-05 3.685999949e-05
6.64010e+03 2.338586920e-05 5.447376496e-05 2.878362832e-05 1.996368906e-05 3.689269063e-05
6.64100e+03 2.366925837e-05 5.502630389e-05 2.911876009e-05 2.021373095e-05 3.729859925e-05
6.64190e+03 2.358030359e-05 5.480208187e-05 2.900582478e-05 2.013308603e-05 3.714935448e-05
6.64280e+03 2.298390656e-05 5.355343598e-05 2.829149831e-05 1.961137217e-05 3.626482648e-05
6.64370e+03 2.266622522e-05 5.288494480e-05 2.791269795e-05 1.934344731e-05 3.579564963e-05
6.64460e+03 2.303750192e-05 5.364586109e-05 2.835293420e-05 1.967642230e-05 3.633546444e-05
6.64550e+03 2.349048703e-05 5.460405633e-05 2.888577820e-05 2.006845983e-05 3.699248860e-05
6.64640e+03 2.352960783e-05 5.470664661e-05 2.892325132e-05 2.009516476e-05 3.703990979e-05
6.64730e+03 2.338883354e-05 5.441859163e-05 2.875634493e-05 1.996784279e-05 3.683603788e-05
6.64820e+03 2.344240547e-05 5.453945768e-05 2.883319196e-05 2.000810620e-05 3.693322877e-05
6.64910e+03 2.361668151e-05 5.490685457e-05 2.905238494e-05 2.015475640e-05 3.720065860e-05
6.65000e+03 2.364392116e-05 5.496747321e-05 2.908771016e-05 2.017649079e-05 3.723924629e-05
6.65090e+03 2.353678176e-05 5.476645075e-05 2.896060865e-05 2.008073123e-05 3.708306368e-05
6.65180e+03 2.345849020e-05 5.461334042e-05 2.886880922e-05 2.001003883e-05 3.697162591e-05
6.65270e+03 2.344132421e-05 5.454971910e-05 2.884900322e-05 1.999489547e-05 3.694310973e-05
6.65360e+03 2.346067267e-05 5.455262028e-05 2.887075036e-05 2.001561249e-05 3.696568332e-05
6.65450e+03 2.353405948e-05 5.469126648e-05 2.895846821e-05 2.008299050e-05 3.707189049e-05
6.65540e+03 2.355828325e-05 5.476674671e-05 2.898927371e-05 2.010613074e-05 3.711325311e-05
6.65630e+03 2.347230987e-05 5.464399310e-05 2.889170176e-05 2.002659291e-05 3.700202550e-05
6.65720e+03 2.346090128e-05 5.464558432e-05 2.887740099e-05 2.001370540e-05 3.698683785e-05
6.65810e+03 2.353844363e-05 5.478823460e-05 2.896685661e-05 2.008393606e-05 3.709310630e-05
6.65900e+03 2.351497720e-05 5.473977403e-05 2.893685766e-05 2.006336255e-05 3.705494100e-05
6.65990e+03 2.335867225e-05 5.444474307e-05 2.875102991e-05 1.992555842e-05 3.683064241e-05
6.66080e+03 2.316957652e-05 5.404598921e-05 2.852565579e-05 1.976308154e-05 3.655328146e-05
6.66170e+03 2.286485351e-05 5.334896335e-05 2.815548994e-05 1.949796655e-05 3.608492366e-05
6.66260e+03 2.235921493e-05 5.225766603e-05 2.754286877e-05 1.905711303e-05 3.531985938e-05
6.66350e+03 2.212714099e-05 5.178998777e-05 2.726467686e-05 1.886343050e-05 3.498227036e-05
6.66440e+03 2.245535840e-05 5.248440773e-05 2.766641462e-05 1.915423067e-05 3.548745294e-05
6.66530e+03 2.278863854e-05 5.318406901e-05 2.807378000e-05 1.943720029e-05 3.599413253e-05
6.66620e+03 2.280254597e-05 5.321699889e-05 2.808761723e-05 1.944263767e-05 3.600887378e-05
6.66710e+03 2.272760578e-05 5.306841436e-05 2.799564122e-05 1.937744310e-05 3.589224646e-05
6.66800e+03 2.283533004e-05 5.331504673e-05 2.812863678e-05 1.947282640e-05 3.605929590e-05
6.66890e+03 2.316409366e-05 5.399272978e-05 2.852526005e-05 1.975929391e-05 3.654980082e-05
6.66980e+03 2.352309221e-05 5.468589476e-05 2.895063855e-05 2.007458642e-05 3.706352552e-05
6.67070e+03 2.370545333e-05 5.502943829e-05 2.915947622e-05 2.023619370e-05 3.730986394e-05
6.67160e+03 2.369151832e-05 5.500514700e-05 2.913644466e-05 2.022365558e-05 3.728099328e-05
6.67250e+03 2.364134773e-05 5.491397468e-05 2.908066816e-05 2.017837497e-05 3.721811418e-05
6.67340e+03 2.363904270e-05 5.493356692e-05 2.908770024e-05 2.017377623e-05 3.723369496e-05
6.67430e+03 2.365483377e-05 5.500740665e-05 2.911561381e-05 2.018700636e-05 3.727614214e-05
6.67520e+03 2.360106141e-05 5.490729541e-05 2.904493146e-05 2.014339135e-05 3.718834333e-05
6.67610e+03 2.315997941e-05 5.394861440e-05 2.849914258e-05 1.975614813e-05 3.650045320e-05
6.67700e+03 2.220407949e-05 5.193488335e-05 2.734837956e-05 1.891278222e-05 3.506940237e-05
6.67790e+03 2.151383108e-05 5.051145428e-05 2.653136731e-05 1.831529676e-05 3.406558172e-05
6.67880e+03 2.189241832e-05 5.128460681e-05 2.699859408e-05 1.865863585e-05 3.464900421e-05
6.67970e+03 2.273661212e-05 5.302882094e-05 2.801922488e-05 1.939181927e-05 3.590899510e-05
6.68060e+03 2.312046777e-05 5.387052676e-05 2.848519453e-05 1.971254787e-05 3.648856982e-05
6.68150e+03 2.316567215e-05 5.399702591e-05 2.854403957e-05 1.974365805e-05 3.656806850e-05
6.68240e+03 2.325891170e-05 5.417302853e-05 2.865263969e-05 1.982697028e-05 3.670319359e-05
6.68330e+03 2.339687482e-05 5.443659354e-05 2.881333574e-05 1.994891400e-05 3.689818576e-05
6.68420e+03 2.348704741e-05 5.462453360e-05 2.891666494e-05 2.002515475e-05 3.702094879e-05
6.68510e+03 2.350930144e-05 5.469365998e-05 2.893843233e-05 2.004405747e-05 3.704723254e-05
6.68600e+03 2.346289113e-05 5.460916613e-05 2.888252822e-05 2.000392042e-05 3.698007923e-05
6.68690e+03 2.334043918e-05 5.435045820e-05 2.873958597e-05 1.989737101e-05 3.680506198e-05
6.68780e+03 2.325323029e-05 5.417605113e-05 2.863850945e-05 1.982410916e-05 3.668422287e-05
6.68870e+03 2.330984462e-05 5.430974546e-05 2.870837003e-05 1.987482272e-05 3.677477288e-05
6.68960e+03 2.340758076e-05 5.452539662e-05 2.882523947e-05 1.995843964e-05 3.692125044e-05
6.69050e+03 2.345678387e-05 5.460656259e-05 2.887840651e-05 1.999867274e-05 3.698220868e-05
6.69140e+03 2.346201817e-05 5.456579177e-05 2.887871448e-05 2.000483146e-05 3.697602396e-05
6.69230e+03 2.344583467e-05 5.451349381e-05 2.886654109e-05 1.999359785e-05 3.696591957e-05
6.69320e+03 2.344527519e-05 5.452427633e-05 2.887618731e-05 1.999248320e-05 3.698408738e-05
6.69410e+03 2.332645003e-05 5.430661372e-05 2.873689120e-05 1.988374035e-05 3.681353320e-05
6.69500e+03 2.289099140e-05 5.346298444e-05 2.821618267e-05 1.949783963e-05 3.617765614e-05
6.69590e+03 2.239138123e-05 5.246972129e-05 2.761381611e-05 1.906764902e-05 3.544095688e-05
6.69680e+03 2.227868516e-05 5.224665348e-05 2.747602468e-05 1.898019556e-05 3.527378018e-05
6.69770e+03 2.250423634e-05 5.272188204e-05 2.774666395e-05 1.917843657e-05 3.560833432e-05
6.69860e+03 2.280361348e-05 5.334470347e-05 2.810238519e-05 1.943824022e-05 3.604573773e-05
6.69950e+03 2.314898277e-05 5.402487951e-05 2.851107762e-05 1.974158913e-05 3.654371910e-05
6.70040e+03 2.340978921e-05 5.451280189e-05 2.882015616e-05 1.997234028e-05 3.691531862e-05
6.70130e+03 2.342979718e-05 5.452725705e-05 2.884752072e-05 1.999057158e-05 3.694692191e-05
6.70220e+03 2.322047336e-05 5.409946541e-05 2.860354545e-05 1.980379747e-05 3.665408788e-05
6.70310e+03 2.285201693e-05 5.333954176e-05 2.816112398e-05 1.947849531e-05 3.610973958e-05
6.70400e+03 2.259288307e-05 5.277143628e-05 2.783902023e-05 1.925646403e-05 3.569892652e-05
6.70490e+03 2.267288150e-05 5.289918587e-05 2.792211897e-05 1.933574117e-05 3.578753369e-05
6.70580e+03 2.296772242e-05 5.348795196e-05 2.826727038e-05 1.959885255e-05 3.620437309e-05
6.70670e+03 2.317688811e-05 5.393161263e-05 2.851526147e-05 1.977684098e-05 3.650537493e-05
6.70760e+03 2.320515497e-05 5.402150523e-05 2.855341003e-05 1.979673487e-05 3.655605439e-05
6.70850e+03 2.313123321e-05 5.389149666e-05 2.847185115e-05 1.973211940e-05 3.646852218e-05
6.70940e+03 2.296269881e-05 5.356311717e-05 2.827230051e-05 1.958307090e-05 3.623615725e-05
6.71030e+03 2.284852643e-05 5.332069122e-05 2.813434321e-05 1.948039744e-05 3.606797189e-05
6.71120e+03 2.289512517e-05 5.335682690e-05 2.818352020e-05 1.951981211e-05 3.611369560e-05
6.71210e+03 2.282683270e-05 5.319719228e-05 2.810191153e-05 1.945674619e-05 3.600550439e-05
6.71300e+03 2.257692713e-05 5.273397599e-05 2.780868081e-05 1.923931810e-05 3.565236755e-05
6.71390e+03 2.237007276e-05 5.235207824e-05 2.756412139e-05 1.906301800e-05 3.535883350e-05
6.71480e+03 2.217679134e-05 5.195875009e-05 2.733235254e-05 1.889581479e-05 3.507360104e-05
6.71570e+03 2.185562470e-05 5.127094629e-05 2.694605029e-05 1.861236677e-05 3.458933385e-05
6.71660e+03 2.143415396e-05 5.038139541e-05 2.644494932e-05 1.823743506e-05 3.396210233e-05
6.71750e+03 2.131317871e-05 5.011917791e-05 2.630650066e-05 1.813235673e-05 3.378429920e-05
6.71840e+03 2.187520956e-05 5.124398771e-05 2.698236709e-05 1.863218729e-05 3.461261408e-05
6.71930e+03 2.262031614e-05 5.277048914e-05 2.787530531e-05 1.928511974e-05 3.571642089e-05
6.72020e+03 2.291508488e-05 5.337521292e-05 2.822145660e-05 1.953888498e-05 3.614011025e-05
6.72110e+03 2.281860320e-05 5.317399004e-05 2.809575156e-05 1.945431137e-05 3.597880912e-05
6.72200e+03 2.276451562e-05 5.309060641e-05 2.803448696e-05 1.941125020e-05 3.591055201e-05
6.72290e+03 2.296398471e-05 5.353444876e-05 2.829201951e-05 1.958362500e-05 3.624388680e-05
6.72380e+03 2.313209477e-05 5.389453722e-05 2.850633696e-05 1.972271235e-05 3.651672828e-05
6.72470e+03 2.298592735e-05 5.358824233e-05 2.832788423e-05 1.959051726e-05 3.629425572e-05
6.72560e+03 2.268352893e-05 5.295160694e-05 2.795843803e-05 1.932757212e-05 3.583498299e-05
6.72650e+03 2.258880540e-05 5.273850610e-05 2.784243995e-05 1.924833525e-05 3.569129281e-05
6.72740e+03 2.276255351e-05 5.309063091e-05 2.805007774e-05 1.940426305e-05 3.594975930e-05
6.72830e+03 2.296346817e-05 5.352660920e-05 2.829246189e-05 1.958048720e-05 3.625379369e-05
6.72920e+03 2.310709552e-05 5.383926458e-05 2.846610906e-05 1.970501443e-05 3.646863933e-05
6.73010e+03 2.321915712e-05 5.408049339e-05 2.860112489e-05 1.979932717e-05 3.663190062e-05
6.73100e+03 2.322467830e-05 5.409591046e-05 2.860433787e-05 1.980214750e-05 3.663279019e-05
6.73190e+03 2.308865399e-05 5.379737796e-05 2.843579970e-05 1.968549591e-05 3.642277792e-05
6.73280e+03 2.291227733e-05 5.341197432e-05 2.822440850e-05 1.953225899e-05 3.616173015e-05
6.73370e+03 2.287568111e-05 5.331353668e-05 2.818374673e-05 1.950345003e-05 3.610980887e-05
6.73460e+03 2.300487966e-05 5.355281678e-05 2.834273460e-05 1.961895136e-05 3.630145196e-05
6.73550e+03 2.314376052e-05 5.383313200e-05 2.850738969e-05 1.974075043e-05 3.650320968e-05
6.73640e+03 2.308768524e-05 5.370826762e-05 2.842888203e-05 1.969376305e-05 3.640456160e-05
6.73730e+03 2.277089668e-05 5.302446793e-05 2.804055871e-05 1.941910283e-05 3.592405508e-05
6.73820e+03 2.241584505e-05 5.229303743e-05 2.762114108e-05 1.910766034e-05 3.541596668e-05
6.73910e+03 2.234676883e-05 5.215626175e-05 2.754890674e-05 1.904410651e-05 3.533254406e-05
6.74000e+03 2.260699896e-05 5.265610908e-05 2.785483871e-05 1.927100833e-05 3.569722930e-05
6.74090e+03 2.282601784e-05 5.308035476e-05 2.809913515e-05 1.946209586e-05 3.598183471e-05
6.74180e+03 2.268002476e-05 5.280727960e-05 2.791611547e-05 1.933196083e-05 3.575321916e-05
6.74270e+03 2.243083696e-05 5.231258366e-05 2.762197248e-05 1.911302278e-05 3.539341249e-05
6.74360e+03 2.248288751e-05 5.240248334e-05 2.769195381e-05 1.916048194e-05 3.548143324e-05
6.74450e+03 2.267358946e-05 5.279729015e-05 2.792947493e-05 1.932658019e-05 3.578011847e-05
6.74540e+03 2.267457170e-05 5.283540477e-05 2.794095897e-05 1.932467772e-05 3.580447324e-05
6.74630e+03 2.256370094e-05 5.262338902e-05 2.781090851e-05 1.922702958e-05 3.564690582e-05
6.74720e+03 2.250427322e-05 5.243450124e-05 2.772395983e-05 1.917615935e-05 3.551957453e-05
6.74810e+03 2.245673918e-05 5.221392458e-05 2.764645424e-05 1.913676586e-05 3.539312571e-05
6.74900e+03 2.232607920e-05 5.190357350e-05 2.748595518e-05 1.902360065e-05 3.518892523e-05
6.74990e+03 2.222885908e-05 5.177834257e-05 2.738119981e-05 1.894347015e-05 3.508121725e-05
6.75080e+03 2.233276477e-05 5.207157335e-05 2.752060776e-05 1.903664138e-05 3.527387986e-05
6.75170e+03 2.235440459e-05 5.215238754e-05 2.755368788e-05 1.904784190e-05 3.532205642e-05
6.75260e+03 2.219405827e-05 5.185142834e-05 2.736275144e-05 1.890210669e-05 3.509026114e-05
6.75350e+03 2.229460717e-05 5.206496678e-05 2.748253189e-05 1.899041406e-05 3.523687753e-05
6.75440e+03 2.260503106e-05 5.269116223e-05 2.784728255e-05 1.926227886e-05 3.568067556e-05
6.75530e+03 2.278900091e-05 5.303589138e-05 2.805147010e-05 1.942909459e-05 3.592189011e-05
6.75620e+03 2.295034974e-05 5.328375816e-05 2.822899338e-05 1.957887347e-05 3.612338473e-05
6.75710e+03 2.316182410e-05 5.365206404e-05 2.848149274e-05 1.976669329e-05 3.642647151e-05
6.75800e+03 2.330296318e-05 5.400140591e-05 2.866892104e-05 1.988776310e-05 3.667736974e-05
6.75890e+03 2.336452285e-05 5.424321384e-05 2.876103831e-05 1.993593729e-05 3.681660594e-05
6.75980e+03 2.339179972e-05 5.434787282e-05 2.879886032e-05 1.995459308e-05 3.686876698e-05
6.76070e+03 2.333870127e-05 5.423288201e-05 2.873112646e-05 1.990775123e-05 3.678100211e-05
6.76160e+03 2.322512388e-05 5.397846804e-05 2.859116722e-05 1.981108062e-05 3.660517659e-05
6.76250e+03 2.319985188e-05 5.391009212e-05 2.856188492e-05 1.978895377e-05 3.656737424e-05
6.76340e+03 2.323637578e-05 5.398893012e-05 2.861227469e-05 1.981685681e-05 3.663164748e-05
6.76430e+03 2.318600141e-05 5.388682928e-05 2.855316657e-05 1.977354568e-05 3.656071495e-05
6.76520e+03 2.297767229e-05 5.344053517e-05 2.829625806e-05 1.959611224e-05 3.624005826e-05
6.76610e+03 2.262347811e-05 5.267548568e-05 2.786183574e-05 1.928818647e-05 3.569456811e-05
6.76700e+03 2.231308815e-05 5.200960268e-05 2.748632098e-05 1.901682288e-05 3.522838896e-05
6.76790e+03 2.232141260e-05 5.201120693e-05 2.750372057e-05 1.902928831e-05 3.525624530e-05
6.76880e+03 2.258534080e-05 5.253613927e-05 2.783212943e-05 1.925949041e-05 3.566507013e-05
6.76970e+03 2.268472972e-05 5.274487319e-05 2.795224723e-05 1.934147030e-05 3.581418258e-05
6.77060e+03 2.250466869e-05 5.238479392e-05 2.772635416e-05 1.918462433e-05 3.553545839e-05
6.77150e+03 2.242262952e-05 5.220943291e-05 2.762167830e-05 1.911829710e-05 3.540596672e-05
6.77240e+03 2.266004752e-05 5.267530872e-05 2.790800690e-05 1.933011320e-05 3.575564728e-05
6.77330e+03 2.304891121e-05 5.344607612e-05 2.837536614e-05 1.967056241e-05 3.632243811e-05
6.77420e+03 2.336582954e-05 5.406934200e-05 2.874668856e-05 1.994577027e-05 3.676666813e-05
6.77510e+03 2.351365970e-05 5.436650590e-05 2.891496209e-05 2.007338065e-05 3.696907494e-05
6.77600e+03 2.348389852e-05 5.432088517e-05 2.887921497e-05 2.004409156e-05 3.692996547e-05
6.77690e+03 2.335945738e-05 5.409525530e-05 2.873306739e-05 1.993530428e-05 3.675971689e-05
6.77780e+03 2.336030382e-05 5.409977542e-05 2.873621437e-05 1.993868048e-05 3.676701379e-05
6.77870e+03 2.351593969e-05 5.441116818e-05 2.892506774e-05 2.007243485e-05 3.699737557e-05
6.77960e+03 2.357045800e-05 5.455613253e-05 2.899656673e-05 2.011584832e-05 3.708885313e-05
6.78050e+03 2.341045015e-05 5.427197416e-05 2.881256435e-05 1.997389624e-05 3.686882849e-05
6.78140e+03 2.307640733e-05 5.359393021e-05 2.841836716e-05 1.967920980e-05 3.638655174e-05
6.78230e+03 2.259436347e-05 5.259954148e-05 2.784696043e-05 1.925322682e-05 3.568732323e-05
6.78320e+03 2.210750408e-05 5.159881842e-05 2.726917101e-05 1.882379155e-05 3.498062013e-05
6.78410e+03 2.189494956e-05 5.113520220e-05 2.701190547e-05 1.864140555e-05 3.465958525e-05
6.78500e+03 2.200387910e-05 5.133941270e-05 2.713810000e-05 1.873953135e-05 3.480786231e-05
6.78590e+03 2.223120916e-05 5.183607014e-05 2.741143448e-05 1.893425517e-05 3.514505773e-05
6.78680e+03 2.254197598e-05 5.251456138e-05 2.778767442e-05 1.920494322e-05 3.561306448e-05
6.78770e+03 2.288362545e-05 5.322793282e-05 2.819778672e-05 1.950524138e-05 3.611795715e-05
6.78860e+03 2.300224943e-05 5.347877153e-05 2.833861714e-05 1.960791832e-05 3.629065684e-05
6.78950e+03 2.294971055e-05 5.338524381e-05 2.827557564e-05 1.956220179e-05 3.621602323e-05
6.79040e+03 2.299300633e-05 5.345522290e-05 2.832316428e-05 1.960167993e-05 3.627108533e-05
6.79130e+03 2.306692568e-05 5.355233156e-05 2.840280523e-05 1.966548898e-05 3.635886238e-05
6.79220e+03 2.292140218e-05 5.322382591e-05 2.822455533e-05 1.953711338e-05 3.613735636e-05
6.79310e+03 2.263545558e-05 5.263244940e-05 2.788096470e-05 1.929106023e-05 3.571917352e-05
6.79400e+03 2.253756100e-05 5.241953105e-05 2.775916131e-05 1.921495560e-05 3.557237010e-05
6.79490e+03 2.260346362e-05 5.254966271e-05 2.783395000e-05 1.928211182e-05 3.566952667e-05
6.79580e+03 2.265235650e-05 5.267489166e-05 2.789669033e-05 1.932361935e-05 3.575204676e-05
6.79670e+03 2.273764218e-05 5.287565658e-05 2.800699826e-05 1.938797658e-05 3.588442872e-05
6.79760e+03 2.280927671e-05 5.302212342e-05 2.809555980e-05 1.944342720e-05 3.598627107e-05
6.79850e+03 2.283707865e-05 5.306851854e-05 2.812842325e-05 1.946777389e-05 3.602602241e-05
6.79940e+03 2.293059108e-05 5.323501457e-05 2.823222042e-05 1.955453172e-05 3.614984079e-05
6.80030e+03 2.305886806e-05 5.348178399e-05 2.837575318e-05 1.967207849e-05 3.632050742e-05
6.80120e+03 2.315478114e-05 5.367236262e-05 2.848746466e-05 1.975617980e-05 3.645458642e-05
6.80210e+03 2.314175422e-05 5.360276953e-05 2.846833735e-05 1.974229119e-05 3.642149205e-05
6.80300e+03 2.296381483e-05 5.320034225e-05 2.825156003e-05 1.958408257e-05 3.614817861e-05
6.80390e+03 2.282228231e-05 5.293321050e-05 2.808684798e-05 1.946053260e-05 3.595344422e-05
6.80480e+03 2.287614053e-05 5.307310610e-05 2.816308814e-05 1.950628007e-05 3.605580198e-05
6.80570e+03 2.288862988e-05 5.311836207e-05 2.818501168e-05 1.951265819e-05 3.608636262e-05
6.80660e+03 2.279602045e-05 5.293742855e-05 2.807516350e-05 1.943322038e-05 3.595429635e-05
6.80750e+03 2.287397393e-05 5.306012834e-05 2.816297964e-05 1.950775855e-05 3.605695921e-05
6.80840e+03 2.298279862e-05 5.324350486e-05 2.827972603e-05 1.960645404e-05 3.618980022e-05
6.80930e+03 2.285977853e-05 5.299802545e-05 2.812272506e-05 1.949884999e-05 3.599118469e-05
6.81020e+03 2.274814357e-05 5.277888773e-05 2.799357647e-05 1.940132211e-05 3.583115524e-05
6.81110e+03 2.285715321e-05 5.298105966e-05 2.813598082e-05 1.949524148e-05 3.600610314e-05
6.81200e+03 2.299630780e-05 5.323748362e-05 2.830716046e-05 1.961401597e-05 3.621558395e-05
6.81290e+03 2.296490657e-05 5.316520150e-05 2.826545465e-05 1.958514568e-05 3.616364942e-05
6.81380e+03 2.270787584e-05 5.265508089e-05 2.795933604e-05 1.935884860e-05 3.579043923e-05
6.81470e+03 2.249157623e-05 5.223981902e-05 2.770877037e-05 1.916702264e-05 3.548839172e-05
6.81560e+03 2.267607837e-05 5.264003455e-05 2.793196266e-05 1.932764611e-05 3.576748886e-05
6.81650e+03 2.308215781e-05 5.348065748e-05 2.841432618e-05 1.967978804e-05 3.635896705e-05
6.81740e+03 2.326833116e-05 5.386994474e-05 2.863711271e-05 1.983853716e-05 3.663065466e-05
6.81830e+03 2.312394454e-05 5.359716605e-05 2.846813238e-05 1.971028841e-05 3.642730147e-05
6.81920e+03 2.281738357e-05 5.299445121e-05 2.809688881e-05 1.944585163e-05 3.597459981e-05
6.82010e+03 2.264853849e-05 5.265434245e-05 2.788303563e-05 1.931056421e-05 3.571126117e-05
6.82100e+03 2.281572451e-05 5.297723125e-05 2.807498779e-05 1.946620180e-05 3.594347200e-05
6.82190e+03 2.312447011e-05 5.359401856e-05 2.844591747e-05 1.973255293e-05 3.639635778e-05
6.82280e+03 2.331323907e-05 5.399051366e-05 2.868373065e-05 1.988964080e-05 3.669340324e-05
6.82370e+03 2.336174724e-05 5.410933230e-05 2.875455659e-05 1.992843867e-05 3.678864607e-05
6.82460e+03 2.336560334e-05 5.412153582e-05 2.876128710e-05 1.993284380e-05 3.679668879e-05
6.82550e+03 2.335304792e-05 5.409381243e-05 2.874086802e-05 1.992469602e-05 3.676826006e-05
6.82640e+03 2.318970697e-05 5.372400016e-05 2.853897075e-05 1.978291479e-05 3.651308160e-05
6.82730e+03 2.282150344e-05 5.289161858e-05 2.808864826e-05 1.946347967e-05 3.594490032e-05
6.82820e+03 2.252870104e-05 5.225308957e-05 2.773265078e-05 1.921584986e-05 3.549932786e-05
6.82910e+03 2.261018346e-05 5.245134254e-05 2.783203485e-05 1.929401843e-05 3.562440064e-05
6.83000e+03 2.294978207e-05 5.319973068e-05 2.824429509e-05 1.958551837e-05 3.613975159e-05
6.83090e+03 2.316608395e-05 5.366811283e-05 2.850876509e-05 1.976515923e-05 3.646895530e-05
6.83180e+03 2.311343445e-05 5.355676801e-05 2.844617825e-05 1.971539615e-05 3.638706548e-05
6.83270e+03 2.302092346e-05 5.336194424e-05 2.832975033e-05 1.963763882e-05 3.624357708e-05
6.83360e+03 2.310823216e-05 5.351616382e-05 2.842811129e-05 1.971793417e-05 3.636624896e-05
6.83450e+03 2.327696195e-05 5.384951802e-05 2.863206476e-05 1.986450812e-05 3.661987063e-05
6.83540e+03 2.330584538e-05 5.392637286e-05 2.867677078e-05 1.988596874e-05 3.668254534e-05
6.83630e+03 2.315934707e-05 5.362817084e-05 2.850717893e-05 1.975732960e-05 3.647751100e-05
6.83720e+03 2.296513483e-05 5.317564510e-05 2.826198765e-05 1.959284710e-05 3.616176197e-05
6.83810e+03 2.271109288e-05 5.261098153e-05 2.794153854e-05 1.937745445e-05 3.575123197e-05
6.83900e+03 2.234688082e-05 5.187553112e-05 2.749906400e-05 1.906382835e-05 3.520281505e-05
6.83990e+03 2.196305434e-05 5.111100238e-05 2.703796073e-05 1.872794970e-05 3.463682866e-05
6.84080e+03 2.163265608e-05 5.041720519e-05 2.664089490e-05 1.843931965e-05 3.414588028e-05
6.84170e+03 2.152257772e-05 5.016735422e-05 2.650930003e-05 1.834941775e-05 3.398396396e-05
6.84260e+03 2.175787807e-05 5.064547995e-05 2.680138221e-05 1.855944546e-05 3.434917413e-05
6.84350e+03 2.222161060e-05 5.162203352e-05 2.737594498e-05 1.896185816e-05 3.506921090e-05
6.84440e+03 2.273005378e-05 5.271878871e-05 2.799935417e-05 1.939765404e-05 3.585220568e-05
6.84530e+03 2.305065568e-05 5.343366073e-05 2.838757095e-05 1.966652497e-05 3.633922084e-05
6.84620e+03 2.312682583e-05 5.362055258e-05 2.847460817e-05 1.972803174e-05 3.644710764e-05
6.84710e+03 2.311730701e-05 5.358376526e-05 2.845559314e-05 1.972088123e-05 3.641598056e-05
6.84800e+03 2.308529542e-05 5.349097038e-05 2.841386905e-05 1.969512060e-05 3.635595820e-05
6.84890e+03 2.300949620e-05 5.335231033e-05 2.832635317e-05 1.962827617e-05 3.624975770e-05
6.84980e+03 2.293656545e-05 5.325717047e-05 2.824711462e-05 1.956017054e-05 3.616297980e-05
6.85070e+03 2.291024884e-05 5.325791794e-05 2.822172086e-05 1.953378362e-05 3.614323006e-05
6.85160e+03 2.297329989e-05 5.339855096e-05 2.830094148e-05 1.958904149e-05 3.624508058e-05
6.85250e+03 2.306475964e-05 5.354774706e-05 2.841046421e-05 1.966672943e-05 3.637266260e-05
6.85340e+03 2.286475546e-05 5.305983220e-05 2.815786598e-05 1.948956069e-05 3.604134111e-05
6.85430e+03 2.230761737e-05 5.184760527e-05 2.747270387e-05 1.900897579e-05 3.518012798e-05
6.85520e+03 2.191951241e-05 5.104846398e-05 2.700401063e-05 1.868501689e-05 3.460403793e-05
6.85610e+03 2.201842385e-05 5.130239898e-05 2.713239765e-05 1.878160935e-05 3.477474729e-05
6.85700e+03 2.225415040e-05 5.183863956e-05 2.742192635e-05 1.898447766e-05 3.514093304e-05
6.85790e+03 2.241576575e-05 5.217777921e-05 2.761821604e-05 1.911894865e-05 3.538352134e-05
6.85880e+03 2.255037425e-05 5.243496309e-05 2.778398524e-05 1.923238045e-05 3.558581544e-05
6.85970e+03 2.244760060e-05 5.222951772e-05 2.765949778e-05 1.913940110e-05 3.543237039e-05
6.86060e+03 2.204936458e-05 5.144551098e-05 2.717993691e-05 1.879063669e-05 3.484639309e-05
6.86150e+03 2.183794633e-05 5.103673187e-05 2.692925015e-05 1.860738027e-05 3.454446463e-05
6.86240e+03 2.220272819e-05 5.178579461e-05 2.737127338e-05 1.892829120e-05 3.509255427e-05
6.86330e+03 2.284557069e-05 5.308409794e-05 2.814242377e-05 1.949065648e-05 3.603791689e-05
6.86420e+03 2.322205885e-05 5.382806804e-05 2.858676815e-05 1.981973714e-05 3.657719969e-05
6.86510e+03 2.313978504e-05 5.365399772e-05 2.848173727e-05 1.974896513e-05 3.644894123e-05
6.86600e+03 2.269292325e-05 5.275145065e-05 2.794823475e-05 1.935566626e-05 3.579726375e-05
6.86690e+03 2.214255037e-05 5.158800785e-05 2.728925561e-05 1.887320908e-05 3.497638152e-05
6.86780e+03 2.192019415e-05 5.106780515e-05 2.700985467e-05 1.869020891e-05 3.461643418e-05
6.86870e+03 2.221334930e-05 5.167564532e-05 2.734625604e-05 1.895828926e-05 3.502425677e-05
6.86960e+03 2.261356104e-05 5.253612029e-05 2.783757656e-05 1.930073397e-05 3.563145849e-05
6.87050e+03 2.266702829e-05 5.262615004e-05 2.792422533e-05 1.933260394e-05 3.574520801e-05
6.87140e+03 2.240389673e-05 5.206580090e-05 2.760724631e-05 1.910469515e-05 3.536247507e-05
6.87230e+03 2.221774551e-05 5.169282802e-05 2.737336139e-05 1.895449105e-05 3.507685425e-05
6.87320e+03 2.234529538e-05 5.196251255e-05 2.752484978e-05 1.907135681e-05 3.526174263e-05
6.87410e+03 2.249748687e-05 5.227439582e-05 2.770337349e-05 1.920277916e-05 3.547725619e-05
6.87500e+03 2.248207500e-05 5.222141598e-05 2.767769139e-05 1.918786141e-05 3.543939051e-05
6.87590e+03 2.252256987e-05 5.229470092e-05 2.772866939e-05 1.922362288e-05 3.550345316e-05
6.87680e+03 2.277826986e-05 5.282646694e-05 2.804296343e-05 1.944687218e-05 3.589308997e-05
6.87770e+03 2.303923737e-05 5.336272359e-05 2.835843850e-05 1.967122109e-05 3.627143816e-05
6.87860e+03 2.308234770e-05 5.345984892e-05 2.840826952e-05 1.970629705e-05 3.632453692e-05
6.87950e+03 2.296991972e-05 5.327243735e-05 2.827177817e-05 1.960679952e-05 3.616504691e-05
6.88040e+03 2.270377093e-05 5.279085843e-05 2.795183851e-05 1.936923196e-05 3.578554233e-05
6.88130e+03 2.225578521e-05 5.191206498e-05 2.742065321e-05 1.897139064e-05 3.514229554e-05
6.88220e+03 2.191212292e-05 5.123101252e-05 2.702137270e-05 1.867184435e-05 3.465999728e-05
6.88310e+03 2.205283402e-05 5.153204255e-05 2.719664751e-05 1.880297039e-05 3.487899112e-05
6.88400e+03 2.251119733e-05 5.247258211e-05 2.774440947e-05 1.920515964e-05 3.554834646e-05
6.88490e+03 2.269826072e-05 5.281497362e-05 2.796318626e-05 1.936125371e-05 3.580248424e-05
6.88580e+03 2.264109965e-05 5.264276553e-05 2.789028283e-05 1.931140912e-05 3.570591041e-05
6.88670e+03 2.278900770e-05 5.295395710e-05 2.806402696e-05 1.945016545e-05 3.592696725e-05
6.88760e+03 2.304659959e-05 5.351163636e-05 2.837550877e-05 1.967341893e-05 3.630930205e-05
6.88850e+03 2.316221892e-05 5.372194640e-05 2.851931234e-05 1.976541548e-05 3.647730747e-05
6.88940e+03 2.325865763e-05 5.389618762e-05 2.862552349e-05 1.985382308e-05 3.660702878e-05
6.89030e+03 2.338697780e-05 5.420327683e-05 2.877480120e-05 1.997136141e-05 3.679745380e-05
6.89120e+03 2.335136721e-05 5.416768821e-05 2.874619614e-05 1.993206724e-05 3.676613751e-05
6.89210e+03 2.319447685e-05 5.383971670e-05 2.856181499e-05 1.979231119e-05 3.654345925e-05
6.89300e+03 2.317477710e-05 5.382433428e-05 2.851906969e-05 1.978670902e-05 3.650076478e-05
6.89390e+03 2.314575112e-05 5.380668085e-05 2.847217036e-05 1.976515938e-05 3.644365773e-05
6.89480e+03 2.289004058e-05 5.326698501e-05 2.817660367e-05 1.953244778e-05 3.607217465e-05
6.89570e+03 2.272865064e-05 5.288097348e-05 2.799375937e-05 1.939034841e-05 3.584598870e-05
6.89660e+03 2.292667230e-05 5.327965130e-05 2.822877825e-05 1.957349328e-05 3.614468317e-05
6.89750e+03 2.318015938e-05 5.383668220e-05 2.853285157e-05 1.979811800e-05 3.652352320e-05
6.89840e+03 2.314394085e-05 5.376432714e-05 2.849949088e-05 1.975574264e-05 3.647377680e-05
6.89930e+03 2.293947882e-05 5.331021044e-05 2.826555855e-05 1.956506305e-05 3.617872534e-05
6.90020e+03 2.292467889e-05 5.327643154e-05 2.824459714e-05 1.955268619e-05 3.615666214e-05
6.90110e+03 2.315871561e-05 5.381649371e-05 2.851260834e-05 1.976645174e-05 3.649569058e-05
6.90200e+03 2.332459123e-05 5.419278576e-05 2.870947812e-05 1.991522449e-05 3.674042338e-05
6.90290e+03 2.326396632e-05 5.400929381e-05 2.863513789e-05 1.986376758e-05 3.663542358e-05
6.90380e+03 2.315373892e-05 5.369904727e-05 2.849034328e-05 1.977434551e-05 3.644091838e-05
6.90470e+03 2.312704141e-05 5.364116113e-05 2.844645469e-05 1.975744473e-05 3.638900226e-05
6.90560e+03 2.317449362e-05 5.381859556e-05 2.851120481e-05 1.979870431e-05 3.648955445e-05
6.90650e+03 2.326985209e-05 5.402901785e-05 2.864166036e-05 1.987590996e-05 3.665863789e-05
6.90740e+03 2.334512651e-05 5.411066858e-05 2.872632281e-05 1.993851052e-05 3.674866032e-05
6.90830e+03 2.340592180e-05 5.417013836e-05 2.878144931e-05 1.999465160e-05 3.679866638e-05
6.90920e+03 2.348659962e-05 5.434283792e-05 2.887234795e-05 2.006688538e-05 3.690626152e-05
6.91010e+03 2.342681758e-05 5.426334242e-05 2.880971105e-05 2.001051961e-05 3.683329550e-05
6.91100e+03 2.320670125e-05 5.381761971e-05 2.855485867e-05 1.981294855e-05 3.652081937e-05
6.91190e+03 2.298980337e-05 5.331830901e-05 2.829109387e-05 1.962015039e-05 3.618453504e-05
6.91280e+03 2.275271965e-05 5.276810711e-05 2.799762338e-05 1.941124839e-05 3.581012026e-05
6.91370e+03 2.250295693e-05 5.225532542e-05 2.769136004e-05 1.919971397e-05 3.543330589e-05
6.91460e+03 2.248443421e-05 5.226315300e-05 2.766824324e-05 1.919499411e-05 3.541125060e-05
6.91550e+03 2.261934623e-05 5.254956225e-05 2.783695120e-05 1.931508242e-05 3.562194409e-05
6.91640e+03 2.260792133e-05 5.252130285e-05 2.782755281e-05 1.930171945e-05 3.560962219e-05
6.91730e+03 2.259993095e-05 5.253140263e-05 2.782476321e-05 1.929449868e-05 3.560981955e-05
6.91820e+03 2.281203595e-05 5.302560326e-05 2.808734235e-05 1.947820933e-05 3.594400228e-05
6.91910e+03 2.311506638e-05 5.369605505e-05 2.845222961e-05 1.973787585e-05 3.640150780e-05
6.92000e+03 2.333791824e-05 5.411953088e-05 2.871243272e-05 1.993008989e-05 3.671332208e-05
6.92090e+03 2.345283309e-05 5.427641090e-05 2.883710006e-05 2.003417367e-05 3.685068897e-05
6.92180e+03 2.343794760e-05 5.422195895e-05 2.880935596e-05 2.002518968e-05 3.680991730e-05
6.92270e+03 2.318257587e-05 5.370898916e-05 2.850022791e-05 1.980176558e-05 3.642851948e-05
6.92360e+03 2.267422565e-05 5.269473429e-05 2.789102982e-05 1.935835865e-05 3.568441076e-05
6.92450e+03 2.218995895e-05 5.176566808e-05 2.731692745e-05 1.893963753e-05 3.499398608e-05
6.92540e+03 2.206065315e-05 5.154490502e-05 2.717274539e-05 1.883312630e-05 3.483454298e-05
6.92630e+03 2.237168494e-05 5.216039721e-05 2.755005843e-05 1.911069262e-05 3.530413555e-05
6.92720e+03 2.282897114e-05 5.304255326e-05 2.809003924e-05 1.951151922e-05 3.595872826e-05
6.92810e+03 2.307338373e-05 5.348263772e-05 2.837064918e-05 1.972533191e-05 3.629070430e-05
6.92900e+03 2.313341765e-05 5.355794265e-05 2.843509709e-05 1.978033257e-05 3.636173173e-05
6.92990e+03 2.314602717e-05 5.358505302e-05 2.844621729e-05 1.979218972e-05 3.637307276e-05
6.93080e+03 2.309354663e-05 5.349851612e-05 2.838246648e-05 1.974549125e-05 3.629530986e-05
6.93170e+03 2.289147584e-05 5.307505398e-05 2.813937485e-05 1.956790515e-05 3.599397363e-05
6.93260e+03 2.259018065e-05 5.246756029e-05 2.778288227e-05 1.930242275e-05 3.555901841e-05
6.93350e+03 2.255098488e-05 5.242175948e-05 2.774636796e-05 1.926821171e-05 3.552493399e-05
6.93440e+03 2.286396135e-05 5.305641034e-05 2.812503010e-05 1.954288669e-05 3.599231882e-05
6.93530e+03 2.311536478e-05 5.353130188e-05 2.841897742e-05 1.976048620e-05 3.634431578e-05
6.93620e+03 2.312272104e-05 5.349570583e-05 2.841456912e-05 1.976710013e-05 3.632586015e-05
6.93710e+03 2.305154681e-05 5.330310240e-05 2.832107047e-05 1.971056543e-05 3.620050131e-05
6.93800e+03 2.306171085e-05 5.331819051e-05 2.833452640e-05 1.972186770e-05 3.621820336e-05
6.93890e+03 2.318558102e-05 5.359889421e-05 2.849056675e-05 1.982925989e-05 3.642136898e-05
6.93980e+03 2.335734506e-05 5.394696597e-05 2.869744758e-05 1.998449983e-05 3.668202974e-05
6.94070e+03 2.344763763e-05 5.409268084e-05 2.879794557e-05 2.007127469e-05 3.679853758e-05
6.94160e+03 2.333880205e-05 5.383547121e-05 2.865840081e-05 1.998007965e-05 3.661493649e-05
6.94250e+03 2.306187415e-05 5.323933729e-05 2.831846895e-05 1.973838524e-05 3.618694698e-05
6.94340e+03 2.269731223e-05 5.246595696e-05 2.787638734e-05 1.941481151e-05 3.563438344e-05
6.94430e+03 2.231213290e-05 5.167431744e-05 2.741828105e-05 1.907180951e-05 3.506904960e-05
6.94520e+03 2.220884514e-05 5.148308517e-05 2.730253773e-05 1.898706889e-05 3.493405829e-05
6.94610e+03 2.254906984e-05 5.219507595e-05 2.771273093e-05 1.929802294e-05 3.544741252e-05
6.94700e+03 2.295927268e-05 5.304861899e-05 2.819750990e-05 1.966090778e-05 3.604757494e-05
6.94790e+03 2.319652335e-05 5.353114551e-05 2.847410583e-05 1.986255476e-05 3.638355165e-05
6.94880e+03 2.330048529e-05 5.370866891e-05 2.859920745e-05 1.994690870e-05 3.652682668e-05
6.94970e+03 2.316212084e-05 5.339205397e-05 2.843610039e-05 1.982381058e-05 3.631763364e-05
6.95060e+03 2.278077436e-05 5.261153997e-05 2.797814138e-05 1.949334775e-05 3.575468751e-05
6.95150e+03 2.251246558e-05 5.208824913e-05 2.765868820e-05 1.926463229e-05 3.536888156e-05
6.95240e+03 2.248814436e-05 5.207341842e-05 2.763556624e-05 1.924598703e-05 3.535036688e-05
6.95330e+03 2.252521836e-05 5.217589547e-05 2.768701680e-05 1.927523116e-05 3.542385236e-05
6.95420e+03 2.261305760e-05 5.234556286e-05 2.779266621e-05 1.934833657e-05 3.555464445e-05
6.95510e+03 2.282089884e-05 5.273283581e-05 2.803465321e-05 1.952983852e-05 3.584405931e-05
6.95600e+03 2.308824825e-05 5.325472185e-05 2.835019358e-05 1.976422997e-05 3.622526722e-05
6.95690e+03 2.325392388e-05 5.359510454e-05 2.854936271e-05 1.991003488e-05 3.646936278e-05
6.95780e+03 2.328522145e-05 5.366757407e-05 2.859052450e-05 1.993771569e-05 3.652570183e-05
6.95870e+03 2.327550665e-05 5.362114000e-05 2.857361093e-05 1.993008999e-05 3.650382208e-05
6.95960e+03 2.325018748e-05 5.353117652e-05 2.852974333e-05 1.991188280e-05 3.643943426e-05
6.96050e+03 2.326734259e-05 5.355998273e-05 2.854562997e-05 1.992914299e-05 3.645475500e-05
6.96140e+03 2.334701197e-05 5.375368313e-05 2.864638535e-05 1.999642988e-05 3.658485128e-05
6.96230e+03 2.340325861e-05 5.393112264e-05 2.872013805e-05 2.004119972e-05 3.668689742e-05
6.96320e+03 2.344122966e-05 5.406195927e-05 2.877600956e-05 2.007068376e-05 3.676669727e-05
6.96410e+03 2.340245213e-05 5.397751885e-05 2.873873740e-05 2.003354353e-05 3.672147530e-05
6.96500e+03 2.319076419e-05 5.352524235e-05 2.848864278e-05 1.984587831e-05 3.641033729e-05
6.96590e+03 2.306099266e-05 5.326880176e-05 2.833296866e-05 1.973335084e-05 3.622050286e-05
6.96680e+03 2.327847566e-05 5.370813912e-05 2.858845800e-05 1.992572285e-05 3.653285140e-05
6.96770e+03 2.361337183e-05 5.436531833e-05 2.898479871e-05 2.022049301e-05 3.701334959e-05
6.96860e+03 2.371750156e-05 5.455701644e-05 2.911203541e-05 2.031137056e-05 3.716603219e-05
6.96950e+03 2.354230993e-05 5.416854950e-05 2.890235014e-05 2.015566560e-05 3.690182902e-05
6.97040e+03 2.325468020e-05 5.356074843e-05 2.854628581e-05 1.990487187e-05 3.645782536e-05
6.97130e+03 2.315653377e-05 5.339105866e-05 2.842717037e-05 1.981968170e-05 3.631860823e-05
6.97220e+03 2.336337661e-05 5.385792838e-05 2.868653729e-05 1.999996378e-05 3.664702414e-05
6.97310e+03 2.354214052e-05 5.423918667e-05 2.890338465e-05 2.015857621e-05 3.691381082e-05
6.97400e+03 2.338191840e-05 5.388856281e-05 2.869973707e-05 2.002077101e-05 3.665522619e-05
6.97490e+03 2.301773757e-05 5.306903243e-05 2.824557597e-05 1.970462983e-05 3.607898854e-05
6.97580e+03 2.262554328e-05 5.218773586e-05 2.776216740e-05 1.936900325e-05 3.546703715e-05
6.97670e+03 2.208265294e-05 5.105669036e-05 2.711153952e-05 1.889938258e-05 3.466139490e-05
6.97760e+03 2.133678050e-05 4.955918339e-05 2.622737778e-05 1.824176763e-05 3.358066701e-05
6.97850e+03 2.089995443e-05 4.872650680e-05 2.571630431e-05 1.785433524e-05 3.296909723e-05
6.97940e+03 2.134123862e-05 4.969131262e-05 2.625891950e-05 1.824315823e-05 3.365729491e-05
6.98030e+03 2.227425278e-05 5.162986355e-05 2.738606748e-05 1.906121488e-05 3.505758441e-05
6.98120e+03 2.297412474e-05 5.306467981e-05 2.822581811e-05 1.966870402e-05 3.609235209e-05
6.98210e+03 2.334559066e-05 5.382451331e-05 2.866932236e-05 1.998814406e-05 3.663271074e-05
6.98300e+03 2.356311260e-05 5.428286783e-05 2.892848927e-05 2.017463899e-05 3.694851265e-05
6.98390e+03 2.365581812e-05 5.446251534e-05 2.903277885e-05 2.025703968e-05 3.707269937e-05
6.98480e+03 2.364177592e-05 5.439582143e-05 2.900862302e-05 2.025130057e-05 3.703874011e-05
6.98570e+03 2.357980272e-05 5.423640684e-05 2.893030097e-05 2.020165024e-05 3.694045670e-05
6.98660e+03 2.349133825e-05 5.404576822e-05 2.882272074e-05 2.012236980e-05 3.680403910e-05
6.98750e+03 2.332067207e-05 5.371554843e-05 2.862515133e-05 1.996589812e-05 3.656156507e-05
6.98840e+03 2.306774491e-05 5.323622785e-05 2.833241298e-05 1.973970880e-05 3.621158201e-05
6.98930e+03 2.293754782e-05 5.299818672e-05 2.817988506e-05 1.962554804e-05 3.603355346e-05
6.99020e+03 2.310249751e-05 5.333974847e-05 2.837958599e-05 1.976979809e-05 3.628256026e-05
6.99110e+03 2.342250614e-05 5.398154887e-05 2.876558639e-05 2.004962069e-05 3.675650370e-05
6.99200e+03 2.363013052e-05 5.437677055e-05 2.901227489e-05 2.023470889e-05 3.705193319e-05
6.99290e+03 2.361102854e-05 5.432508345e-05 2.898584631e-05 2.022151038e-05 3.701195392e-05
6.99380e+03 2.343243568e-05 5.398266152e-05 2.877236191e-05 2.006661944e-05 3.675396476e-05
6.99470e+03 2.333535748e-05 5.381026473e-05 2.865966435e-05 1.998222909e-05 3.662547323e-05
6.99560e+03 2.341890227e-05 5.398676055e-05 2.876148541e-05 2.005394398e-05 3.675412133e-05
6.99650e+03 2.351563662e-05 5.417828293e-05 2.887334271e-05 2.013851763e-05 3.688778271e-05
6.99740e+03 2.347897297e-05 5.404060016e-05 2.881427795e-05 2.011088411e-05 3.679774859e-05
