wave,flux,uncertainty
3700.0,0.0009366470112581737,0.0
3700.8252063015752,0.0009239897917723283,0.0
3701.650412603151,-0.00023458868963643909,0.0
3702.475618904726,0.0,0.0
3703.3008252063014,-0.0005022114492021501,0.0
3704.126031507877,-0.0012690603616647422,0.0
3704.9512378094523,-0.00289991163299419,0.0
3705.7764441110276,-0.004546074778772891,0.0
3706.6016504126032,-0.0041192222270183265,0.0
3707.4268567141785,-0.0029566718731075525,0.0
3708.2520630157537,-0.0024852888891473413,0.0
3709.0772693173294,-0.0020417864434421062,0.0
3709.9024756189046,-0.0015049873618409038,0.0
3710.7276819204803,4.492036532610655e-05,0.0
3711.5528882220556,0.0018948973738588393,0.0
3712.378094523631,0.0024953708052635193,0.0
3713.2033008252065,0.002882173372199759,0.0
3714.0285071267817,0.00486554839881137,0.0
3714.853713428357,0.005676653527189046,0.0
3715.6789197299327,0.00527291587786749,0.0
3716.504126031508,0.004696993011748418,0.0
3717.329332333083,0.0031096754828467965,0.0
3718.154538634659,0.0008208140498027205,0.0
3718.979744936234,-0.0010377827566117048,0.0
3719.8049512378093,-0.0031541959615424275,0.0
3720.630157539385,-0.004486114252358675,0.0
3721.45536384096,-0.004110651323571801,0.0
3722.2805701425355,-0.0031847506761550903,0.0
3723.105776444111,-0.0017722656484693289,0.0
3723.9309827456864,0.0001862877979874611,0.0
3724.7561890472616,0.0026391128776594996,0.0
3725.5813953488373,0.003935926361009479,0.0
3726.4066016504125,0.004457567702047527,0.0
3727.2318079519882,0.005094325635582209,0.0
3728.0570142535635,0.005262556776870042,0.0
3728.8822205551387,0.004507340840063989,0.0
3729.7074268567144,0.002832392347045243,0.0
3730.5326331582896,0.0014581352661480196,0.0
3731.357839459865,-0.0008897354127839208,0.0
3732.1830457614406,-0.00443681760225445,0.0
3733.008252063016,-0.007336464070249349,0.0
3733.833458364591,-0.009510905074421316,0.0
3734.6586646661667,-0.011277215209702263,0.0
3735.483870967742,-0.010682558124244679,0.0
3736.309077269317,-0.009018942480906844,0.0
3737.134283570893,-0.006375581840984523,0.0
3737.959489872468,-0.0040300991386175156,0.0
3738.7846961740433,-0.001590374333318323,0.0
3739.609902475619,0.0001602523261681199,0.0
3740.4351087771943,0.0012736376374959946,0.0
3741.2603150787695,0.001967571908608079,0.0
3742.085521380345,0.002233098610304296,0.0
3742.9107276819204,0.0015395051377709024,0.0
3743.7359339834957,-0.00014773925431654789,0.0
3744.5611402850714,-0.0024934089233283885,0.0
3745.3863465866466,-0.004503017706156243,0.0
3746.2115528882223,-0.006511402731121052,0.0
3747.0367591897975,-0.008559970599890221,0.0
3747.8619654913728,-0.010840196977369487,0.0
3748.6871717929484,-0.011313637369312346,0.0
3749.5123780945237,-0.011225032387301326,0.0
3750.337584396099,-0.009571335627697408,0.0
3751.1627906976746,-0.007224501809105277,0.0
3751.98799699925,-0.003790350630879402,0.0
3752.813203300825,0.0006668678252026439,0.0
3753.6384096024008,0.003438662039116025,0.0
3754.463615903976,0.005184222245588899,0.0
3755.2888222055512,0.005445084301754832,0.0
3756.114028507127,0.003946133656427264,0.0
3756.939234808702,0.002620735438540578,0.0
3757.7644411102774,0.0014866511337459087,0.0
3758.589647411853,0.0,0.0
3759.4148537134283,-0.000298977829515934,0.0
3760.2400600150036,0.00040857959538698196,0.0
3761.0652663165793,0.0009144535288214684,0.0
3761.8904726181545,0.0019158401992172003,0.0
3762.7156789197297,0.0023131738416850567,0.0
3763.5408852213054,0.0010783541947603226,0.0
3764.3660915228807,0.0005431685131043196,0.0
3765.1912978244563,-0.00020848889835178852,0.0
3766.0165041260316,-0.0010754474205896258,0.0
3766.841710427607,-0.0018940463196486235,0.0
3767.6669167291825,-0.003366721939528361,0.0
3768.4921230307577,-0.005421819863840938,0.0
3769.317329332333,-0.006590670673176646,0.0
3770.1425356339087,-0.006781056057661772,0.0
3770.967741935484,-0.005925633478909731,0.0
3771.792948237059,-0.00407055183313787,0.0
3772.618154538635,-0.002047991962172091,0.0
3773.44336084021,0.0005765215028077364,0.0
3774.2685671417853,0.0021580762695521116,0.0
3775.093773443361,0.004059341968968511,0.0
3775.918979744936,0.005031008971855044,0.0
3776.7441860465115,0.0045961805153638124,0.0
3777.569392348087,0.0057442630641162395,0.0
3778.3945986496624,0.007915867026895285,0.0
3779.2198049512376,0.008908219635486603,0.0
3780.0450112528133,0.009466464631259441,0.0
3780.8702175543885,0.010217619128525257,0.0
3781.695423855964,0.01073051942512393,0.0
3782.5206301575395,0.01010449044406414,0.0
3783.3458364591147,0.009714414365589619,0.0
3784.1710427606904,0.008626722730696201,0.0
3784.9962490622656,0.007411761675029993,0.0
3785.821455363841,0.005492628552019596,0.0
3786.6466616654166,0.004275337792932987,0.0
3787.471867966992,0.002028214279562235,0.0
3788.297074268567,0.001329673919826746,0.0
3789.1222805701427,0.001282793004065752,0.0
3789.947486871718,0.0,0.0
3790.772693173293,-0.0002231122925877571,0.0
3791.597899474869,-0.0006082481704652309,0.0
3792.423105776444,-0.0019300451967865229,0.0
3793.2483120780194,-0.003752762044314295,0.0
3794.073518379595,-0.005726293660700321,0.0
3794.8987246811703,-0.00916045205667615,0.0
3795.7239309827455,-0.012766841799020767,0.0
3796.549137284321,-0.01521296240389347,0.0
3797.3743435858964,-0.015933478251099586,0.0
3798.1995498874717,-0.014700103551149368,0.0
3799.0247561890474,-0.013194932602345943,0.0
3799.8499624906226,-0.01041742181405425,0.0
3800.675168792198,-0.0062931416323408484,0.0
3801.5003750937735,-0.002658932819031179,0.0
3802.3255813953488,0.0008462625555694103,0.0
3803.1507876969245,0.0026339818723499775,0.0
3803.9759939984997,0.004344665911048651,0.0
3804.801200300075,0.005198031663894653,0.0
3805.6264066016506,0.0049425039906054735,0.0
3806.451612903226,0.0053114150650799274,0.0
3807.276819204801,0.0055289254523813725,0.0
3808.102025506377,0.00694405660033226,0.0
3808.927231807952,0.008011058438569307,0.0
3809.7524381095272,0.008413783507421613,0.0
3810.577644411103,0.008914178004488349,0.0
3811.402850712678,0.008632966666482389,0.0
3812.2280570142534,0.007770915515720844,0.0
3813.053263315829,0.0059790388331748545,0.0
3813.8784696174043,0.0044803920172853395,0.0
3814.7036759189796,0.004087382782017812,0.0
3815.5288822205553,0.003967941360315308,0.0
3816.3540885221305,0.004231279803207144,0.0
3817.1792948237057,0.0038938891084399074,0.0
3818.0045011252814,0.0037784316518809646,0.0
3818.8297074268567,0.0034361515135969967,0.0
3819.6549137284323,0.002853561512893066,0.0
3820.4801200300076,0.0018487107881810516,0.0
3821.305326331583,0.0006467409402830526,0.0
3822.1305326331585,0.0,0.0
3822.9557389347337,-0.000761864852393046,0.0
3823.780945236309,-0.002143068937584758,0.0
3824.6061515378847,-0.004264153729309328,0.0
3825.43135783946,-0.007417484652251005,0.0
3826.256564141035,-0.00976518786046654,0.0
3827.081770442611,-0.011077459552325308,0.0
3827.906976744186,-0.011836246238090098,0.0
3828.7321830457613,-0.012495545321144164,0.0
3829.557389347337,-0.014152278774417937,0.0
3830.3825956489122,-0.01627440156880766,0.0
3831.2078019504875,-0.01842455193400383,0.0
3832.033008252063,-0.02135932445526123,0.0
3832.8582145536384,-0.023544215480796993,0.0
3833.6834208552136,-0.025537981535308063,0.0
3834.5086271567893,-0.02717726759146899,0.0
3835.3338334583646,-0.02713538974057883,0.0
3836.1590397599402,-0.02646889619063586,0.0
3836.9842460615155,-0.02521515532862395,0.0
3837.8094523630907,-0.023801277275197208,0.0
3838.634658664666,-0.021610225434415042,0.0
3839.4598649662416,-0.01877343177329749,0.0
3840.285071267817,-0.01556553307455033,0.0
3841.1102775693926,-0.011746783464332111,0.0
3841.935483870968,-0.007519893581047654,0.0
3842.760690172543,-0.0039266849926207215,0.0
3843.5858964741187,-0.0015621822676621377,0.0
3844.411102775694,0.0012981775216758251,0.0
3845.236309077269,0.004010390490293503,0.0
3846.061515378845,0.0049536204896867275,0.0
3846.88672168042,0.005020120879635215,0.0
3847.7119279819954,0.00590476137585938,0.0
3848.537134283571,0.006486842408776283,0.0
3849.3623405851463,0.007524090586230159,0.0
3850.1875468867215,0.007407065015286207,0.0
3851.012753188297,0.007100680842995644,0.0
3851.8379594898724,0.008033290971070528,0.0
3852.6631657914477,0.008296731859445572,0.0
3853.4883720930234,0.007964211981743574,0.0
3854.3135783945986,0.007728898664936423,0.0
3855.1387846961743,0.007507955655455589,0.0
3855.9639909977495,0.005564620718359947,0.0
3856.7891972993248,0.0028707252349704504,0.0
3857.6144036009005,0.0008851690217852592,0.0
3858.4396099024757,-0.0007608761079609394,0.0
3859.264816204051,-0.0008550756610929966,0.0
3860.0900225056266,0.0002992185764014721,0.0
3860.915228807202,0.0024294713512063026,0.0
3861.740435108777,0.005434573511593044,0.0
3862.565641410353,0.007976341526955366,0.0
3863.390847711928,0.01055951975286007,0.0
3864.2160540135033,0.010967464186251163,0.0
3865.041260315079,0.010856132488697767,0.0
3865.866466616654,0.011259924154728651,0.0
3866.6916729182294,0.010829244274646044,0.0
3867.516879219805,0.008679838385432959,0.0
3868.3420855213803,0.007870593341067433,0.0
3869.1672918229556,0.006189379608258605,0.0
3869.9924981245313,0.003825108695309609,0.0
3870.8177044261065,0.00180751271545887,0.0
3871.6429107276817,-0.0001859157346189022,0.0
3872.4681170292574,-0.00014163367450237274,0.0
3873.2933233308327,0.00039860792458057404,0.0
3874.1185296324084,-0.0005703079514205456,0.0
3874.9437359339836,0.0007608761079609394,0.0
3875.768942235559,0.0016179531812667847,0.0
3876.5941485371345,0.000622797291725874,0.0
3877.4193548387098,0.0,0.0
3878.244561140285,-0.0008695782162249088,0.0
3879.0697674418607,-0.002988546621054411,0.0
3879.894973743436,-0.003813426475971937,0.0
3880.720180045011,-0.003985329996794462,0.0
3881.545386346587,-0.004221127834171057,0.0
3882.370592648162,-0.005827460903674364,0.0
3883.1957989497373,-0.00846955506131053,0.0
3884.021005251313,-0.010802387725561857,0.0
3884.8462115528882,-0.013803112786263227,0.0
3885.6714178544635,-0.017221480142325163,0.0
3886.496624156039,-0.02137708803638816,0.0
3887.3218304576144,-0.024281553458422422,0.0
3888.1470367591896,-0.02460799878463149,0.0
3888.9722430607653,-0.02378549939021468,0.0
3889.7974493623406,-0.021065706852823496,0.0
3890.622655663916,-0.01815905561670661,0.0
3891.4478619654915,-0.014719591941684484,0.0
3892.2730682670667,-0.01140429638326168,0.0
3893.0982745686424,-0.008441583719104528,0.0
3893.9234808702176,-0.006057916674762964,0.0
3894.748687171793,-0.0035775569267570972,0.0
3895.5738934733686,-0.002202623523771763,0.0
3896.399099774944,-0.0015003765001893044,0.0
3897.224306076519,-0.0001063905656337738,0.0
3898.0495123780947,0.00023330049589276314,0.0
3898.87471867967,0.0008620251901447773,0.0
3899.699924981245,0.0015381923876702785,0.0
3900.525131282821,0.0008131279610097408,0.0
3901.350337584396,0.0015583592467010021,0.0
3902.1755438859714,0.002008871641010046,0.0
3903.000750187547,0.0015309047885239124,0.0
3903.8259564891223,0.0002706977538764477,0.0
3904.6511627906975,-0.00033332686871290207,0.0
3905.476369092273,0.00022768741473555565,0.0
3906.3015753938485,0.0020041828975081444,0.0
3907.1267816954237,0.004363371059298515,0.0
3907.9519879969994,0.006410436704754829,0.0
3908.7771942985746,0.010023815499152988,0.0
3909.60240060015,0.012221209588460624,0.0
3910.4276069017255,0.013033465947955847,0.0
3911.252813203301,0.013676527887582779,0.0
3912.0780195048765,0.014117800630629063,0.0
3912.9032258064517,0.013738829409703612,0.0
3913.728432108027,0.012651984463445842,0.0
3914.5536384096026,0.010207568644545972,0.0
3915.378844711178,0.00956246501300484,0.0
3916.204051012753,0.009111948776990175,0.0
3917.029257314329,0.006586517672985792,0.0
3917.854463615904,0.004160847049206495,0.0
3918.6796699174793,0.004051943309605122,0.0
3919.504876219055,0.0030879629775881767,0.0
3920.33008252063,0.0015190988779067993,0.0
3921.1552888222054,0.00023232214152812958,0.0
3921.980495123781,5.371309816837311e-05,0.0
3922.8057014253563,0.0010245563462376595,0.0
3923.6309077269316,0.00011011119931936264,0.0
3924.4561140285073,-0.002874869853258133,0.0
3925.2813203300825,-0.006113666109740734,0.0
3926.1065266316577,-0.010434716008603573,0.0
3926.9317329332334,-0.01556668896228075,0.0
3927.7569392348087,-0.021879171952605247,0.0
3928.582145536384,-0.028458104468882084,0.0
3929.4073518379596,-0.03623086493462324,0.0
3930.232558139535,-0.0446722861379385,0.0
3931.0577644411105,-0.05220042262226343,0.0
3931.8829707426858,-0.05929337628185749,0.0
3932.708177044261,-0.06275704689323902,0.0
3933.5333833458367,-0.06380532402545214,0.0
3934.358589647412,-0.061429901979863644,0.0
3935.183795948987,-0.058580740354955196,0.0
3936.009002250563,-0.05229472275823355,0.0
3936.834208552138,-0.041589961387217045,0.0
3937.6594148537133,-0.03251351322978735,0.0
3938.484621155289,-0.02478683739900589,0.0
3939.3098274568642,-0.018383052200078964,0.0
3940.1350337584395,-0.012552827596664429,0.0
3940.960240060015,-0.0084149818867445,0.0
3941.7854463615904,-0.004266643896698952,0.0
3942.6106526631656,-0.0005626901984214783,0.0
3943.4358589647413,0.001777810975909233,0.0
3944.2610652663166,0.004800314083695412,0.0
3945.0862715678923,0.008136440068483353,0.0
3945.9114778694675,0.011926270090043545,0.0
3946.7366841710427,0.012943857349455357,0.0
3947.561890472618,0.014352838508784771,0.0
3948.3870967741937,0.015292606316506863,0.0
3949.212303075769,0.01587588805705309,0.0
3950.0375093773446,0.01581159234046936,0.0
3950.86271567892,0.016486947424709797,0.0
3951.687921980495,0.018297510221600533,0.0
3952.5131282820707,0.018858814146369696,0.0
3953.338334583646,0.01922573707997799,0.0
3954.163540885221,0.01808999851346016,0.0
3954.988747186797,0.016157839447259903,0.0
3955.813953488372,0.015092767775058746,0.0
3956.6391597899474,0.01452687382698059,0.0
3957.464366091523,0.012951017357409,0.0
3958.2895723930983,0.008342250250279903,0.0
3959.1147786946735,0.004037423059344292,0.0
3959.939984996249,-0.0006656888872385025,0.0
3960.7651912978245,-0.005377398803830147,0.0
3961.5903975993997,-0.012885043397545815,0.0
3962.4156039009754,-0.02104758843779564,0.0
3963.2408102025506,-0.028568394482135773,0.0
3964.0660165041263,-0.03633759915828705,0.0
3964.8912228057015,-0.04673783481121063,0.0
3965.716429107277,-0.05583160277456045,0.0
3966.541635408852,-0.06575299147516489,0.0
3967.3668417104277,-0.07318377308547497,0.0
3968.192048012003,-0.07743869628757238,0.0
3969.0172543135786,-0.07764413114637136,0.0
3969.842460615154,-0.07572441268712282,0.0
3970.667666916729,-0.07006778754293919,0.0
3971.492873218305,-0.061423422768712044,0.0
3972.31807951988,-0.052587048150599,0.0
3973.1432858214553,-0.04352857917547226,0.0
3973.968492123031,-0.03529570437967777,0.0
3974.793698424606,-0.028768892399966717,0.0
3975.6189047261814,-0.02249930240213871,0.0
3976.444111027757,-0.016643495298922062,0.0
3977.2693173293324,-0.011988394893705845,0.0
3978.0945236309076,-0.008032338693737984,0.0
3978.9197299324833,-0.004971113987267017,0.0
3979.7449362340585,-0.002408004365861416,0.0
3980.5701425356337,-0.0008650384843349457,0.0
3981.3953488372094,-9.23890620470047e-05,0.0
3982.2205551387847,-0.0001576784998178482,0.0
3983.0457614403604,-0.0006248606368899345,0.0
3983.8709677419356,0.0,0.0
3984.696174043511,0.0,0.0
3985.521380345086,0.0,0.0
3986.3465866466618,0.0,0.0
3987.171792948237,0.0,0.0
3987.9969992498127,0.0,0.0
3988.822205551388,0.0001127189607359469,0.0
3989.647411852963,0.002317216945812106,0.0
3990.472618154539,0.004333234450314194,0.0
3991.297824456114,0.005104025061882567,0.0
3992.1230307576893,0.0054529998888028786,0.0
3992.948237059265,0.004357922618510202,0.0
3993.7734433608402,0.0032170360209420323,0.0
3994.5986496624155,0.0015724112745374441,0.0
3995.423855963991,-0.0005178761202841997,0.0
3996.2490622655664,-0.0027615666622295976,0.0
3997.0742685671416,-0.0051594830583781,0.0
3997.8994748687173,-0.004248386525432579,0.0
3998.7246811702926,-0.0026996746892109513,0.0
3999.549887471868,-0.0006462207529693842,0.0
4000.3750937734435,0.0006982306949794292,0.0
4001.2003000750187,0.001974491635337472,0.0
4002.0255063765944,0.003542413003742695,0.0
4002.8507126781697,0.002029413590207696,0.0
4003.675918979745,-0.0021727324929088354,0.0
4004.50112528132,-0.0034263418056070805,0.0
4005.326331582896,-0.0038578467720071785,0.0
4006.151537884471,-0.003683742048451677,0.0
4006.9767441860467,-0.0024713578168302774,0.0
4007.801950487622,-0.000997902825474739,0.0
4008.627156789197,0.000985017977654934,0.0
4009.452363090773,0.0028569120913743973,0.0
4010.277569392348,0.0037784669548273087,0.0
4011.1027756939234,0.0040832520462572575,0.0
4011.927981995499,0.0027121445164084435,0.0
4012.7531882970743,0.0022340374998748302,0.0
4013.5783945986495,0.002336530014872551,0.0
4014.4036009002252,0.003333798609673977,0.0
4015.2288072018005,0.0035196729004383087,0.0
4016.0540135033757,0.00309111550450325,0.0
4016.8792198049514,0.003427731804549694,0.0
4017.7044261065266,0.004623452201485634,0.0
4018.529632408102,0.0055806878954172134,0.0
4019.3548387096776,0.004767986945807934,0.0
4020.180045011253,0.004946158267557621,0.0
4021.0052513128285,0.004315793048590422,0.0
4021.8304576144037,0.0022425977513194084,0.0
4022.655663915979,0.0015963912010192871,0.0
4023.4808702175546,0.0011799484491348267,0.0
4024.30607651913,0.0019184919074177742,0.0
4025.131282820705,0.00287653598934412,0.0
4025.956489122281,0.004300164058804512,0.0
4026.781695423856,0.004219197668135166,0.0
4027.6069017254313,0.003456289879977703,0.0
4028.432108027007,0.0010989708825945854,0.0
4029.257314328582,-0.001269657164812088,0.0
4030.0825206301574,-0.0048146843910217285,0.0
4030.907726931733,-0.008117401914205402,0.0
4031.7329332333084,-0.010309642879292369,0.0
4032.5581395348836,-0.009718741872347891,0.0
4033.3833458364593,-0.007264275336638093,0.0
4034.2085521380345,-0.005241106962785125,0.0
4035.03375843961,-0.002046305686235428,0.0
4035.8589647411854,0.002307359129190445,0.0
4036.6841710427607,0.0057760560885071754,0.0
4037.509377344336,0.0073003387078642845,0.0
4038.3345836459116,0.007137026637792587,0.0
4039.159789947487,0.007140149362385273,0.0
4039.9849962490625,0.0066284118220210075,0.0
4040.8102025506378,0.006712972652167082,0.0
4041.635408852213,0.004219627007842064,0.0
4042.4606151537887,5.283718928694725e-05,0.0
4043.285821455364,-0.004263180308043957,0.0
4044.111027756939,-0.00782531377626583,0.0
4044.936234058515,-0.010181560181081295,0.0
4045.76144036009,-0.010348990093916655,0.0
4046.5866466616653,-0.007619941723532975,0.0
4047.411852963241,-0.0036375776398926973,0.0
4048.2370592648163,0.0009337402880191803,0.0
4049.0622655663915,0.004223864525556564,0.0
4049.887471867967,0.006682062521576881,0.0
4050.7126781695424,0.007099478039890528,0.0
4051.5378844711176,0.005531218834221363,0.0
4052.3630907726933,0.003853240981698036,0.0
4053.1882970742686,0.003296823473647237,0.0
4054.0135033758443,0.002483098767697811,0.0
4054.8387096774195,0.0014002956449985504,0.0
4055.6639159789947,0.00025747972540557384,0.0
4056.48912228057,-3.1466828659176826e-05,0.0
4057.3143285821457,0.000945226987823844,0.0
4058.139534883721,0.0030505519825965166,0.0
4058.9647411852966,0.004493039799854159,0.0
4059.789947486872,0.0036299850326031446,0.0
4060.615153788447,0.0013508964329957962,0.0
4061.4403600900228,-0.0008676773868501186,0.0
4062.265566391598,-0.003517793786159018,0.0
4063.090772693173,-0.00512205739505589,0.0
4063.915978994749,-0.006843850249424577,0.0
4064.741185296324,-0.006157479947432876,0.0
4065.5663915978994,-0.0029429358546622097,0.0
4066.391597899475,0.0,0.0
4067.2168042010503,0.0029811726417392492,0.0
4068.0420105026255,0.0037495397264137864,0.0
4068.8672168042012,0.0030839639948680997,0.0
4069.6924231057765,0.001858253963291645,0.0
4070.5176294073517,0.0009039207361638546,0.0
4071.3428357089274,-0.00015251431614160538,0.0
4072.1680420105026,-0.001095833838917315,0.0
4072.9932483120783,-0.001576497103087604,0.0
4073.8184546136536,-0.002298710693139583,0.0
4074.643660915229,-0.0045353666646406054,0.0
4075.468867216804,-0.007401049020700157,0.0
4076.2940735183797,-0.0105201022233814,0.0
4077.119279819955,-0.011419171467423439,0.0
4077.9444861215306,-0.010100099607370794,0.0
4078.769692423106,-0.006830204161815345,0.0
4079.594898724681,-0.0027563164476305246,0.0
4080.420105026257,0.0011072080815210938,0.0
4081.245311327832,0.0028438709559850395,0.0
4082.0705176294073,0.002930726914200932,0.0
4082.895723930983,0.002438206283841282,0.0
4083.720930232558,0.0027895947605429683,0.0
4084.5461365341334,0.001587985494552413,0.0
4085.371342835709,0.001471288447646657,0.0
4086.1965491372844,0.0020326963312982116,0.0
4087.0217554388596,0.004310059423005441,0.0
4087.8469617404353,0.007011326091742376,0.0
4088.6721680420105,0.008146438809490064,0.0
4089.4973743435858,0.00791882543489919,0.0
4090.3225806451615,0.005792823681986192,0.0
4091.1477869467367,0.0033713949997036252,0.0
4091.9729932483124,0.0005961738788755611,0.0
4092.7981995498876,-0.00271183779113926,0.0
4093.623405851463,-0.005057010275777429,0.0
4094.448612153038,-0.007123965246137232,0.0
4095.273818454614,-0.011413072294089943,0.0
4096.0990247561895,-0.015844077861402184,0.0
4096.924231057765,-0.020483914820943028,0.0
4097.74943735934,-0.026800990162882954,0.0
4098.574643660915,-0.03499566396931186,0.0
4099.39984996249,-0.04344116157153621,0.0
4100.225056264066,-0.05062303080921993,0.0
4101.050262565642,-0.05570905900094658,0.0
4101.875468867217,-0.055610105220694095,0.0
4102.700675168792,-0.05135197506751865,0.0
4103.5258814703675,-0.04320808558259159,0.0
4104.351087771943,-0.03474038525018841,0.0
4105.176294073519,-0.025573274702765048,0.0
4106.001500375094,-0.021482746466062963,0.0
4106.826706676669,-0.016863727767486125,0.0
4107.651912978245,-0.014686187379993498,0.0
4108.47711927982,-0.011799373052781448,0.0
4109.302325581395,-0.01020693319151178,0.0
4110.127531882971,-0.008408963272813708,0.0
4110.952738184546,-0.007409012003336102,0.0
4111.777944486122,-0.0047774045378901064,0.0
4112.603150787697,-0.0015702048549428582,0.0
4113.428357089272,0.001630335726076737,0.0
4114.253563390847,0.0030619197932537645,0.0
4115.0787696924235,0.004663405255996622,0.0
4115.903975993999,0.006084890163037926,0.0
4116.729182295574,0.005359908624086529,0.0
4117.554388597149,0.004002936708275229,0.0
4118.3795948987245,0.0023378452169708908,0.0
4119.2048012003,0.0017586741014383733,0.0
4120.030007501876,0.0009740309760672972,0.0
4120.855213803451,0.0011805032554548234,0.0
4121.680420105026,0.0023818942136131227,0.0
4122.505626406602,0.003823413804639131,0.0
4123.330832708177,0.004017407321953215,0.0
4124.156039009753,0.0043882921017939225,0.0
4124.981245311328,0.0034592594165587798,0.0
4125.806451612903,0.001321612682659179,0.0
4126.631657914479,0.0006547510856762528,0.0
4127.456864216054,0.0010463564831297845,0.0
4128.282070517629,0.0,0.0
4129.107276819205,-0.002546547824749723,0.0
4129.9324831207805,-0.0034787391778081656,0.0
4130.757689422356,-0.004619172541424632,0.0
4131.582895723931,-0.006497485330328345,0.0
4132.408102025506,-0.00801774876890704,0.0
4133.233308327081,-0.007347188075073063,0.0
4134.058514628658,-0.004505027085542679,0.0
4134.883720930233,-0.0011053285852540284,0.0
4135.708927231808,0.0012824872974306345,0.0
4136.534133533383,0.004390830988995731,0.0
4137.3593398349585,0.006341384374536574,0.0
4138.184546136534,0.009586297324858606,0.0
4139.00975243811,0.009739070199429989,0.0
4139.834958739685,0.007215801626443863,0.0
4140.66016504126,0.003742971457540989,0.0
4141.485371342836,-0.0008759370539337397,0.0
4142.310577644411,-0.003357684938237071,0.0
4143.135783945987,-0.004816120374016464,0.0
4143.960990247562,-0.004837045329622924,0.0
4144.7861965491375,-0.0044700257712975144,0.0
4145.611402850713,-0.0025824736221693456,0.0
4146.436609152288,0.0014632894890382886,0.0
4147.261815453863,0.002800756017677486,0.0
4148.087021755439,0.004166696919128299,0.0
4148.9122280570145,0.0027332163881510496,0.0
4149.73743435859,0.0005866017891094089,0.0
4150.562640660165,0.0010245316661894321,0.0
4151.38784696174,0.0007574813207611442,0.0
4152.2130532633155,-0.0006463783502113074,0.0
4153.038259564892,-0.0016401409811805934,0.0
4153.863465866467,-0.0028966084064450115,0.0
4154.688672168042,-0.002820192079525441,0.0
4155.513878469617,-0.001352621300611645,0.0
4156.339084771193,-0.000574503734242171,0.0
4157.164291072768,0.000839856278616935,0.0
4157.989497374344,0.002399296499788761,0.0
4158.814703675919,0.004435909679159522,0.0
4159.639909977494,0.006324086571112275,0.0
4160.46511627907,0.0075909949373453856,0.0
4161.290322580645,0.008466008701361716,0.0
4162.115528882221,0.009970330924261361,0.0
4162.940735183796,0.010296396154444665,0.0
4163.7659414853715,0.009289602225180715,0.0
4164.591147786947,0.008088269212748855,0.0
4165.416354088522,0.007028373365756124,0.0
4166.241560390097,0.005828929308336228,0.0
4167.066766691673,0.005718636908568442,0.0
4167.891972993249,0.005202097643632442,0.0
4168.717179294824,0.002984225982800126,0.0
4169.542385596399,-0.0003139924956485629,0.0
4170.367591897974,-0.002531787846237421,0.0
4171.1927981995495,-0.005519831436686218,0.0
4172.018004501126,-0.007840429316274822,0.0
4172.843210802701,-0.009669012273661792,0.0
4173.668417104276,-0.011295681702904403,0.0
4174.493623405851,-0.011010765912942588,0.0
4175.318829707427,-0.008830964216031134,0.0
4176.144036009002,-0.005691465688869357,0.0
4176.969242310578,-0.0038080441299825907,0.0
4177.794448612153,-0.003222053637728095,0.0
4178.6196549137285,-0.002189261605963111,0.0
4179.444861215304,-0.0013730598147958517,0.0
4180.270067516879,-6.34598545730114e-05,0.0
4181.095273818455,0.00023574370425194502,0.0
4181.92048012003,-0.0010100980289280415,0.0
4182.745686421606,-8.259597234427929e-05,0.0
4183.570892723181,0.0011168775963597,0.0
4184.396099024756,-0.0009250732837244868,0.0
4185.221305326331,-0.002196438261307776,0.0
4186.046511627907,-0.0014318624744191766,0.0
4186.871717929483,-0.0017381595680490136,0.0
4187.696924231058,-0.003321125404909253,0.0
4188.522130532633,-0.0028474547434598207,0.0
4189.347336834208,0.0003017742419615388,0.0
4190.1725431357845,0.001646444492507726,0.0
4190.99774943736,0.004039645777083933,0.0
4191.822955738935,0.0058457800187170506,0.0
4192.64816204051,0.005739708663895726,0.0
4193.473368342085,0.005379978334531188,0.0
4194.298574643661,0.004096669959835708,0.0
4195.123780945236,0.0018111468525603414,0.0
4195.948987246812,-0.0007963200332596898,0.0
4196.774193548387,-0.0028701629489660263,0.0
4197.5993998499625,-0.005872808047570288,0.0
4198.424606151538,-0.008048905292525887,0.0
4199.249812453113,-0.00873088021762669,0.0
4200.075018754689,-0.009634059155359864,0.0
4200.900225056264,-0.009079233976081014,0.0
4201.72543135784,-0.007355381967499852,0.0
4202.550637659415,-0.005083836615085602,0.0
4203.37584396099,-0.0038441185606643558,0.0
4204.201050262565,-0.0036452508065849543,0.0
4205.0262565641415,-0.002417517127469182,0.0
4205.851462865717,0.0010816747089847922,0.0
4206.676669167292,0.003995948703959584,0.0
4207.501875468867,0.0055745504796504974,0.0
4208.327081770442,0.005374119617044926,0.0
4209.152288072019,0.004421491059474647,0.0
4209.977494373594,0.004551470861770213,0.0
4210.802700675169,0.006357002421282232,0.0
4211.627906976744,0.005685838987119496,0.0
4212.4531132783195,0.003068583901040256,0.0
4213.278319579895,0.000869220937602222,0.0
4214.10352588147,0.0009747889707796276,0.0
4214.928732183046,-0.0007512732408940792,0.0
4215.753938484621,-0.0025491132983006537,0.0
4216.579144786197,-0.0018844609148800373,0.0
4217.404351087772,-0.00016117969062179327,0.0
4218.229557389347,0.002788664191029966,0.0
4219.054763690923,0.005561840254813433,0.0
4219.879969992498,0.006934402394108474,0.0
4220.705176294074,0.006801542825996876,0.0
4221.530382595649,0.005782647291198373,0.0
4222.355588897224,0.0037266716099111363,0.0
4223.180795198799,-0.004455766174942255,0.0
4224.0060015003755,-0.014475410804152489,0.0
4224.831207801951,-0.02184159681200981,0.0
4225.656414103526,-0.02544865570962429,0.0
4226.481620405101,-0.025127884466201067,0.0
4227.3068267066765,-0.022458979859948158,0.0
4228.132033008253,-0.01712429942563176,0.0
4228.957239309828,-0.009042054414749146,0.0
4229.782445611403,-0.002299763262271881,0.0
4230.607651912978,0.0018140578758902848,0.0
4231.432858214554,0.002714308684517164,0.0
4232.258064516129,0.002065484062768519,0.0
4233.083270817704,0.0008149389177560806,0.0
4233.90847711928,-0.0021047608461230993,0.0
4234.733683420855,-0.005206771194934845,0.0
4235.558889722431,-0.006301762070506811,0.0
4236.384096024006,-0.006872970261611044,0.0
4237.209302325581,-0.006230510538443923,0.0
4238.034508627157,-0.00574707961641252,0.0
4238.8597149287325,-0.003219831036403775,0.0
4239.684921230308,-0.001077875029295683,0.0
4240.510127531883,0.0005341004580259323,0.0
4241.335333833458,0.002776358131086454,0.0
4242.160540135033,0.005261639482341707,0.0
4242.98574643661,0.007829719688743353,0.0
4243.810952738185,0.006915318081155419,0.0
4244.63615903976,0.0049718720256350935,0.0
4245.461365341335,0.0029185510938987136,0.0
4246.2865716429105,0.0009216088801622391,0.0
4247.111777944487,-0.0014852983877062798,0.0
4247.936984246062,-0.005288717802613974,0.0
4248.762190547637,-0.00745174428448081,0.0
4249.587396849212,-0.005950473714619875,0.0
4250.412603150788,-0.003548132721334696,0.0
4251.237809452363,-0.0016641509719192982,0.0
4252.063015753938,0.0001473044976592064,0.0
4252.888222055514,0.001008670311421156,0.0
4253.7134283570895,0.0016705435700714588,0.0
4254.538634658665,0.0021668942645192146,0.0
4255.36384096024,0.0034188845893368125,0.0
4256.189047261815,0.0026705199852585793,0.0
4257.014253563391,0.002299763262271881,0.0
4257.839459864967,0.0006391890347003937,0.0
4258.664666166542,-0.002972142305225134,0.0
4259.489872468117,-0.004184163641184568,0.0
4260.315078769692,-0.0045789447613060474,0.0
4261.1402850712675,-0.0023186546750366688,0.0
4261.965491372844,0.0028774195816367865,0.0
4262.790697674419,0.007516527781262994,0.0
4263.615903975994,0.010904670227319002,0.0
4264.441110277569,0.01377976918593049,0.0
4265.266316579145,0.014339090790599585,0.0
4266.091522880721,0.012740209698677063,0.0
4266.916729182296,0.01124719763174653,0.0
4267.741935483871,0.00679320598646882,0.0
4268.567141785446,0.00038732169196009636,0.0
4269.392348087022,-0.004256556509062648,0.0
4270.217554388597,-0.007323171244934201,0.0
4271.042760690172,-0.01054012170061469,0.0
4271.867966991748,-0.013045507250353694,0.0
4272.6931732933235,-0.01458771713078022,0.0
4273.518379594899,-0.012407043017446995,0.0
4274.343585896474,-0.008279037661850452,0.0
4275.168792198049,-0.003057665191590786,0.0
4275.993998499625,0.00329344579949975,0.0
4276.819204801201,0.007970641367137432,0.0
4277.644411102776,0.010114482778590173,0.0
4278.469617404351,0.010241296811727807,0.0
4279.294823705926,0.009935731999576092,0.0
4280.120030007502,0.007877993397414684,0.0
4280.945236309078,0.007038424257189035,0.0
4281.770442610653,0.0075380499474704266,0.0
4282.595648912228,0.008200745098292828,0.0
4283.420855213803,0.008551911916583776,0.0
4284.246061515379,0.006815827451646328,0.0
4285.071267816955,0.008240076713263988,0.0
4285.89647411853,0.0064389463514089584,0.0
4286.721680420105,0.0025810524821281433,0.0
4287.5468867216805,-0.0027668271213769913,0.0
4288.372093023256,-0.006394270807504654,0.0
4289.197299324831,-0.007921600714325905,0.0
4290.022505626406,-0.007533865049481392,0.0
4290.847711927982,-0.00607483834028244,0.0
4291.672918229558,-0.004241744056344032,0.0
4292.498124531133,-0.0005237646400928497,0.0
4293.323330832708,0.0018923468887805939,0.0
4294.148537134283,0.0019238851964473724,0.0
4294.973743435859,3.896094858646393e-05,0.0
4295.798949737435,-0.0029014572501182556,0.0
4296.62415603901,-0.008865449577569962,0.0
4297.449362340585,-0.012961003929376602,0.0
4298.27456864216,-0.018424876034259796,0.0
4299.099774943736,-0.02440658211708069,0.0
4299.924981245312,-0.029922544956207275,0.0
4300.750187546887,-0.03214497119188309,0.0
4301.575393848462,-0.03303401358425617,0.0
4302.4006001500375,-0.030845023691654205,0.0
4303.225806451613,-0.02989356406033039,0.0
4304.051012753189,-0.028821099549531937,0.0
4304.876219054764,-0.028887145221233368,0.0
4305.701425356339,-0.031013544648885727,0.0
4306.526631657915,-0.032332440838217735,0.0
4307.35183795949,-0.03360755182802677,0.0
4308.177044261065,-0.032258376479148865,0.0
4309.00225056264,-0.03191574290394783,0.0
4309.827456864216,-0.03033376671373844,0.0
4310.652663165792,-0.023910602554678917,0.0
4311.477869467367,-0.01846226304769516,0.0
4312.303075768942,-0.013652820140123367,0.0
4313.128282070517,-0.006417900323867798,0.0
4313.9534883720935,0.0022418946027755737,0.0
4314.778694673669,0.01140628382563591,0.0
4315.603900975244,0.020967474207282066,0.0
4316.429107276819,0.027594894636422396,0.0
4317.254313578394,0.033124611247330904,0.0
4318.07951987997,0.03587967064231634,0.0
4318.904726181546,0.03337358869612217,0.0
4319.729932483121,0.03172808326780796,0.0
4320.555138784696,0.02666030265390873,0.0
4321.3803450862715,0.019781283102929592,0.0
4322.205551387847,0.012144816108047962,0.0
4323.030757689423,0.005999578163027763,0.0
4323.855963990998,0.0,0.0
4324.681170292573,-0.003848748281598091,0.0
4325.506376594149,-0.004373328760266304,0.0
4326.331582895724,-0.0018478278070688248,0.0
4327.156789197299,0.004195524379611015,0.0
4327.981995498874,0.009415763430297375,0.0
4328.8072018004505,0.012346158735454082,0.0
4329.632408102026,0.015780598274432123,0.0
4330.457614403601,0.01683624373981729,0.0
4331.282820705176,0.014397558523342013,0.0
4332.108027006751,0.012565277284011245,0.0
4332.9332333083275,0.008416342549026012,0.0
4333.758439609903,0.004134602844715118,0.0
4334.583645911478,0.0,0.0
4335.408852213053,-0.009415763430297375,0.0
4336.2340585146285,-0.02139678318053484,0.0
4337.059264816204,-0.03508766368031502,0.0
4337.88447111778,-0.04922693967819214,0.0
4338.709677419355,-0.06300357542932034,0.0
4339.53488372093,-0.069883668795228,0.0
4340.360090022506,-0.07034261897206306,0.0
4341.185296324081,-0.06870799046009779,0.0
4342.010502625657,-0.060609822161495686,0.0
4342.835708927232,-0.04826914332807064,0.0
4343.660915228807,-0.040661768514837604,0.0
4344.486121530383,-0.03022244152816711,0.0
4345.311327831958,-0.02139743370207725,0.0
4346.136534133533,-0.013843242137227207,0.0
4346.961740435109,-0.008167134365066886,0.0
4347.7869467366845,-0.006010875280480832,0.0
4348.61215303826,-0.0060077516245655715,0.0
4349.437359339835,-0.007891895424108952,0.0
4350.26256564141,-0.010420095350127667,0.0
4351.087771942986,-0.014304057869594544,0.0
4351.912978244562,-0.01568274589953944,0.0
4352.738184546137,0.0012373698991723359,0.0
4353.563390847712,0.0012373698991723359,0.0
4354.388597149287,0.0012373698991723359,0.0
4355.2138034508625,0.0012373698991723359,0.0
4356.039009752438,0.0012373698991723359,0.0
4356.864216054014,0.0012373698991723359,0.0
4357.689422355589,0.0012373698991723359,0.0
4358.514628657164,0.0012373698991723359,0.0
4359.33983495874,0.001718175073619932,0.0
4360.165041260315,0.002262568916194141,0.0
4360.990247561891,0.002262568916194141,0.0
4361.815453863466,0.001718175073619932,0.0
4362.6406601650415,0.0011862468672916293,0.0
4363.465866466617,0.002521720132790506,0.0
4364.291072768192,0.00334058771841228,0.0
4365.116279069767,0.0042896626982837915,0.0
4365.941485371343,0.00493921956513077,0.0
4366.766691672919,0.005212852673139423,0.0
4367.591897974494,0.0050907558761537075,0.0
4368.417104276069,0.003988502263382543,0.0
4369.242310577644,0.0029049507720628753,0.0
4370.06751687922,0.002651782888278831,0.0
4370.892723180796,0.0014475990465143695,0.0
4371.717929482371,0.0002881195905501954,0.0
4372.543135783946,-0.0022033180575817823,0.0
4373.368342085521,-0.004691734618972987,0.0
4374.193548387097,-0.006330217118375003,0.0
4375.018754688672,-0.006116151860624086,0.0
4375.843960990248,-0.0032887263732845895,0.0
4376.669167291823,-0.000941049242101144,0.0
4377.494373593398,0.002925556334957946,0.0
4378.319579894974,0.0070311524395947345,0.0
4379.144786196549,0.008446700354397763,0.0
4379.969992498125,0.004858743399381638,0.0
4380.7951987997,-0.002105479594320059,0.0
4381.6204051012755,-0.011452228762209415,0.0
4382.445611402851,-0.018617138266563416,0.0
4383.270817704426,-0.023505063727498055,0.0
4384.096024006001,-0.026328042149543762,0.0
4384.921230307577,-0.025358524173498154,0.0
4385.746436609153,-0.02003178745508194,0.0
4386.571642910728,-0.012986351735889912,0.0
4387.396849212303,-0.008235033885284793,0.0
4388.222055513878,-0.0043795663441414945,0.0
4389.0472618154545,-0.0021147984589333646,0.0
4389.87246811703,-0.0006518018708447926,0.0
4390.697674418605,0.0005147814590600319,0.0
4391.52288072018,-0.0002881195905501954,0.0
4392.348087021755,-0.0007024865408311598,0.0
4393.173293323331,-0.0018017159818555228,0.0
4393.998499624906,-0.001775641278072726,0.0
4394.823705926482,-0.0006988220193306915,0.0
4395.648912228057,0.0005423719630925916,0.0
4396.4741185296325,0.0015714520777692087,0.0
4397.299324831208,0.0036670218178187497,0.0
4398.124531132783,0.0033254159570788033,0.0
4398.949737434359,0.0015771018297527917,0.0
4399.774943735934,-0.0004079189893673174,0.0
4400.60015003751,-0.0024119574154610746,0.0
4401.425356339085,-0.0041475479665677994,0.0
4402.25056264066,-0.006182946242915932,0.0
4403.075768942235,-0.007164225426095072,0.0
4403.900975243811,-0.007771137614327017,0.0
4404.726181545387,-0.008425297659414355,0.0
4405.551387846962,-0.008682375286298338,0.0
4406.376594148537,-0.009962614138203207,0.0
4407.201800450112,-0.00847493523178855,0.0
4408.0270067516885,-0.0039488141555921175,0.0
4408.852213053264,0.000725895537470933,0.0
4409.677419354839,0.0037246326319291256,0.0
4410.502625656414,0.007427511292917188,0.0
4411.3278319579895,0.009917263021634426,0.0
4412.153038259565,0.009643561381381005,0.0
4412.97824456114,0.007539601145253982,0.0
4413.803450862716,0.003025985075510107,0.0
4414.628657164291,-0.0012984301210963167,0.0
4415.453863465867,-0.004729252716060728,0.0
4416.279069767442,-0.004889235773589462,0.0
4417.104276069017,-0.0021454484813148156,0.0
4417.929482370593,0.001361113681923598,0.0
4418.754688672168,0.0035464965039864182,0.0
4419.579894973744,0.005632047774270177,0.0
4420.405101275319,0.008025263785384595,0.0
4421.230307576894,0.007946190657094121,0.0
4422.055513878469,0.006584760267287493,0.0
4422.8807201800455,0.00403686985373497,0.0
4423.705926481621,0.0023944941349327564,0.0
4424.531132783196,0.001498662168160081,0.0
4425.356339084771,0.0007704340387135744,0.0
4426.181545386346,0.001035250723361969,0.0
4427.006751687923,0.0016812203684821725,0.0
4427.831957989498,0.0023757799062877893,0.0
4428.657164291073,0.00312530598603189,0.0
4429.482370592648,0.0022240180987864733,0.0
4430.3075768942235,0.0015354892238974571,0.0
4431.132783195799,0.000741288298740983,0.0
4431.957989497374,-0.0016715627716621384,0.0
4432.78319579895,-0.005080979084596038,0.0
4433.608402100525,-0.007530492497608066,0.0
4434.433608402101,-0.007296309107914567,0.0
4435.258814703676,-0.006789073580875993,0.0
4436.084021005251,-0.003703940426930785,0.0
4436.909227306827,0.0,0.0
4437.7344336084025,0.004144549602642655,0.0
4438.559639909978,0.007809346774592996,0.0
4439.384846211553,0.009011925547383726,0.0
4440.210052513128,0.005901530021219514,0.0
4441.035258814703,0.0015109535306692123,0.0
4441.86046511628,-0.0017096952069550753,0.0
4442.685671417855,-0.0048215086571872234,0.0
4443.51087771943,-0.004232641309499741,0.0
4444.336084021005,-0.0024925338802859187,0.0
4445.1612903225805,-0.00012632111611310393,0.0
4445.986496624157,0.001541861449368298,0.0
4446.811702925732,0.0039692295249551535,0.0
4447.636909227307,0.004681416554376483,0.0
4448.462115528882,0.004154404392465949,0.0
4449.287321830458,0.004925615852698684,0.0
4450.112528132033,0.004909453680738807,0.0
4450.937734433608,0.0038516641361638904,0.0
4451.762940735184,0.0009330034954473376,0.0
4452.588147036759,-0.0017353446601191536,0.0
4453.413353338335,-0.005306654260493815,0.0
4454.23855963991,-0.008825455355690792,0.0
4455.063765941485,-0.011119151982711628,0.0
4455.888972243061,-0.012143788422690704,0.0
4456.7141785446365,-0.012770327302860096,0.0
4457.539384846212,-0.011855048622237518,0.0
4458.364591147787,-0.010607271949993446,0.0
4459.189797449362,-0.009053679677890614,0.0
4460.0150037509375,-0.008837167668389156,0.0
4460.840210052514,-0.009489386837230995,0.0
4461.665416354089,-0.008473769325064495,0.0
4462.490622655664,-0.005693009705282748,0.0
4463.315828957239,-0.003798691788688302,0.0
4464.141035258815,-0.0034492736449465156,0.0
4464.966241560391,-0.002539907000027597,0.0
4465.791447861966,-0.0032172811916098,0.0
4466.616654163541,-0.00404435268137604,0.0
4467.441860465116,-0.004371374496258795,0.0
4468.267066766692,-0.00450102414470166,0.0
4469.092273068267,-0.005688828066922724,0.0
4469.917479369842,-0.0050570821622386575,0.0
4470.742685671418,-0.002348495298065245,0.0
4471.5678919729935,0.0029859927017241716,0.0
4472.393098274569,0.006479724543169141,0.0
4473.218304576144,0.00943329487927258,0.0
4474.043510877719,0.010421637911349535,0.0
4474.868717179295,0.011073793517425656,0.0
4475.693923480871,0.010854852618649602,0.0
4476.519129782446,0.01056899526156485,0.0
4477.344336084021,0.010061082663014531,0.0
4478.169542385596,0.006035098107531667,0.0
4478.9947486871715,0.0017776705790311098,0.0
4479.819954988748,-0.002413004171103239,0.0
4480.645161290323,-0.005430883727967739,0.0
4481.470367591898,-0.0073921715375036,0.0
4482.295573893473,-0.007173577789217234,0.0
4483.120780195049,-0.00397289774264209,0.0
4483.945986496625,-0.00021808152087032795,0.0
4484.7711927982,0.0025921431370079517,0.0
4485.596399099775,0.0050934068858623505,0.0
4486.4216054013505,0.00470023974776268,0.0
4487.246811702926,0.0006649778224527836,0.0
4488.072018004501,-0.0025921431370079517,0.0
4488.897224306076,-0.004421804333105683,0.0
4489.722430607652,-0.004036775790154934,0.0
4490.547636909228,-0.004917628597468138,0.0
4491.372843210803,-0.004867715062573552,0.0
4492.198049512378,-0.005178386578336358,0.0
4493.023255813953,-0.0052605068776756525,0.0
4493.848462115529,-0.005909973988309503,0.0
4494.673668417105,-0.006646661902777851,0.0
4495.49887471868,-0.00714235205668956,0.0
4496.324081020255,-0.004765115678310394,0.0
4497.14928732183,-0.0012553711421787739,0.0
4497.974493623406,0.0007724892348051071,0.0
4498.799699924982,0.000815865583717823,0.0
4499.624906226557,0.0010725520551204681,0.0
4500.450112528132,0.002010336145758629,0.0
4501.275318829707,0.0031023770570755005,0.0
4502.100525131283,0.005381063558161259,0.0
4502.925731432859,0.007779656909406185,0.0
4503.750937734434,0.010445603169500828,0.0
4504.576144036009,0.0124269207008183,0.0
4505.4013503375845,0.013074140064418316,0.0
4506.22655663916,0.011681904550641775,0.0
4507.051762940735,0.011592489667236805,0.0
4507.87696924231,0.012573630549013615,0.0
4508.702175543886,0.011563175823539495,0.0
4509.527381845462,0.010262061841785908,0.0
4510.352588147037,0.010278684552758932,0.0
4511.177794448612,0.009276392869651318,0.0
4512.003000750187,0.007436477579176426,0.0
4512.8282070517635,0.005430969409644604,0.0
4513.653413353339,0.0029907580465078354,0.0
4514.478619654914,0.0018569892272353172,0.0
4515.303825956489,0.0011853445321321487,0.0
4516.129032258064,0.0010816925205290318,0.0
4516.95423855964,0.0017809802666306496,0.0
4517.779444861216,0.0013927817344665527,0.0
4518.604651162791,0.0010073338635265827,0.0
4519.429857464366,0.002223181538283825,0.0
4520.2550637659415,0.002748783677816391,0.0
4521.080270067517,0.0023667700588703156,0.0
4521.905476369093,0.0,0.0
4522.730682670668,-0.0032145080622285604,0.0
4523.555888972243,-0.006224653101526201,0.0
4524.381095273819,-0.008563575684092939,0.0
4525.206301575394,-0.01083024824038148,0.0
4526.031507876969,-0.013482879381626844,0.0
4526.856714178544,-0.015913610812276602,0.0
4527.68192048012,-0.016588060650974512,0.0
4528.507126781696,-0.018178598256781697,0.0
4529.332333083271,-0.0185959676746279,0.0
4530.157539384846,-0.016865002224221826,0.0
4530.982745686421,-0.015613800147548318,0.0
4531.8079519879975,-0.017255270155146718,0.0
4532.633158289573,-0.01857313164509833,0.0
4533.458364591148,-0.019246210576966405,0.0
4534.283570892723,-0.018003101693466306,0.0
4535.108777194298,-0.01440027286298573,0.0
4535.933983495874,-0.010320904897525907,0.0
4536.75918979745,-0.005432841833680868,0.0
4537.584396099025,-0.0007417432498186827,0.0
4538.4096024006,0.004485036479309201,0.0
4539.2348087021755,0.007454950595274568,0.0
4540.060015003751,0.006686048815026879,0.0
4540.885221305327,0.004450381034985185,0.0
4541.710427606902,0.004190241219475865,0.0
4542.535633908477,0.0026152951177209616,0.0
4543.360840210053,0.0009235048200935125,0.0
4544.186046511628,0.0,0.0
4545.011252813203,-0.0012658437481150031,0.0
4545.836459114778,-0.0029038668726570904,0.0
4546.6616654163545,-0.007353918394073844,0.0
4547.48687171793,-0.010829106671735644,0.0
4548.312078019505,-0.011539561441168189,0.0
4549.13728432108,-0.013325990876182914,0.0
4549.962490622655,-0.014344285940751433,0.0
4550.787696924232,-0.012888419441878796,0.0
4551.612903225807,-0.01161395141389221,0.0
4552.438109527382,-0.009727856609970331,0.0
4553.263315828957,-0.009982952382415533,0.0
4554.0885221305325,-0.010137398261576891,0.0
4554.913728432108,-0.00864695617929101,0.0
4555.738934733684,-0.0069692665711045265,0.0
4556.564141035259,-0.0042333307210356,0.0
4557.389347336834,0.0,0.0
4558.21455363841,0.0033748700516298413,0.0
4559.039759939985,0.006751099252142012,0.0
4559.864966241561,0.008817092748358846,0.0
4560.690172543136,0.008742921287193894,0.0
4561.515378844711,0.0072090227622538805,0.0
4562.340585146287,0.005268566543236375,0.0
4563.165791447862,0.005019157892093062,0.0
4563.990997749437,0.0032851228024810553,0.0
4564.816204051012,0.0006510810926556587,0.0
4565.6414103525885,0.001686108997091651,0.0
4566.466616654164,0.004702592035755515,0.0
4567.291822955739,0.006667044595815241,0.0
4568.117029257314,0.008281151880510151,0.0
4568.9422355588895,0.007603542413562536,0.0
4569.767441860466,0.0052957963198423386,0.0
4570.592648162041,0.0037337743560783565,0.0
4571.417854463616,0.004378051118692383,0.0
4572.243060765191,0.004772223299369216,0.0
4573.068267066767,0.005526947526959702,0.0
4573.893473368342,0.007640145777259022,0.0
4574.718679669918,0.010958062222925946,0.0
4575.543885971493,0.009839048347203061,0.0
4576.369092273068,0.006722792721120641,0.0
4577.194298574644,0.005724610993638635,0.0
4578.019504876219,0.0031198855431284755,0.0
4578.844711177795,-0.00019179380615241826,0.0
4579.66991747937,-0.003905461693648249,0.0
4580.4951237809455,-0.006550943478941917,0.0
4581.320330082521,-0.008094853721559048,0.0
4582.145536384096,-0.009429311263374984,0.0
4582.970742685671,-0.009986362187191844,0.0
4583.795948987246,-0.010559712769463658,0.0
4584.621155288823,-0.00880949548445642,0.0
4585.446361590398,-0.00763583043590188,0.0
4586.271567891973,-0.00522995344363153,0.0
4587.096774193548,-0.002166109043173492,0.0
4587.9219804951235,-0.0009705177508294582,0.0
4588.7471867967,-0.001066199503839016,0.0
4589.572393098275,-0.002173143671825528,0.0
4590.39759939985,-0.002769606129731983,0.0
4591.222805701425,-0.0029396354220807552,0.0
4592.048012003001,-0.004702667472884059,0.0
4592.873218304576,-0.007070145104080439,0.0
4593.698424606152,-0.007598196854814887,0.0
4594.523630907727,-0.005751909222453833,0.0
4595.3488372093025,-0.004885961185209453,0.0
4596.174043510878,-0.004266183881554753,0.0
4596.999249812453,-0.003762742242543027,0.0
4597.824456114029,-0.004644180531613529,0.0
4598.649662415604,-0.003824309620540589,0.0
4599.47486871718,-0.0027945007605012506,0.0
4600.300075018755,-0.003863791818730533,0.0
4601.12528132033,-0.00569751881994307,0.0
4601.950487621905,-0.005016065435484052,0.0
4602.775693923481,-0.0037495477590709925,0.0
4603.600900225057,-0.004158763971645385,0.0
4604.426106526632,-0.002674094575922936,0.0
4605.251312828207,-0.0003741926047950983,0.0
4606.076519129782,0.0004743307363241911,0.0
4606.9017254313585,0.002196061657741666,0.0
4607.726931732934,0.00470258085988462,0.0
4608.552138034509,0.006364018423482776,0.0
4609.377344336084,0.005929890787228942,0.0
4610.202550637659,0.005217411322519183,0.0
4611.027756939235,0.004919495200738311,0.0
4611.85296324081,0.0043019375298172235,0.0
4612.678169542386,0.0033849405590444803,0.0
4613.503375843961,0.001572206150740385,0.0
4614.3285821455365,0.00048735132440924644,0.0
4615.153788447112,0.0017004604451358318,0.0
4615.978994748687,0.0027452893555164337,0.0
4616.804201050263,0.0015222921501845121,0.0
4617.629407351838,0.0013755192048847675,0.0
4618.454613653414,0.0022722184658050537,0.0
4619.279819954989,0.0020086760632693768,0.0
4620.105026256564,0.001209343783557415,0.0
4620.930232558139,0.0018554441630840302,0.0
4621.7554388597155,0.004068871960043907,0.0
4622.580645161291,0.005289273802191019,0.0
4623.405851462866,0.004994475748389959,0.0
4624.231057764441,0.004117235541343689,0.0
4625.056264066016,0.0019887168891727924,0.0
4625.881470367593,0.001800789963454008,0.0
4626.706676669168,0.0021672705188393593,0.0
4627.531882970743,0.0008379605133086443,0.0
4628.357089272318,0.000816649291664362,0.0
4629.1822955738935,0.0015012489166110754,0.0
4630.007501875469,0.0004057504702359438,0.0
4630.832708177044,0.00032200454734265804,0.0
4631.65791447862,-0.00024107890203595161,0.0
4632.483120780195,0.00045908335596323013,0.0
4633.308327081771,0.0007026067469269037,0.0
4634.133533383346,-0.0014565567253157496,0.0
4634.958739684921,-0.0030274150194600224,0.0
4635.783945986497,-0.0038537856307812035,0.0
4636.609152288072,-0.004690961912274361,0.0
4637.434358589648,-0.005112372571602464,0.0
4638.259564891223,-0.0037547608953900635,0.0
4639.084771192798,-0.0032494719489477575,0.0
4639.909977494373,-0.0037141936481930315,0.0
4640.7351837959495,-0.0010808076476678252,0.0
4641.560390097525,-4.129856824874878e-05,0.0
4642.3855963991,0.0007990259910002351,0.0
4643.210802700675,0.0004713372327387333,0.0
4644.0360090022505,-0.002171518746763468,0.0
4644.861215303827,-0.005041203461587429,0.0
4645.686421605402,-0.0076809292659163475,0.0
4646.511627906977,-0.009271328337490559,0.0
4647.336834208552,-0.009675934910774231,0.0
4648.162040510128,-0.00928554031997919,0.0
4648.987246811703,-0.005695038009434938,0.0
4649.812453113278,-0.002914404380135238,0.0
4650.637659414854,-0.0024647229438414797,0.0
4651.462865716429,-0.0011974380468018353,0.0
4652.288072018005,-0.0023089651367627084,0.0
4653.11327831958,-0.003006767889019102,0.0
4653.938484621155,-0.002756670757662505,0.0
4654.763690922731,-0.004168531100731343,0.0
4655.5888972243065,-0.003913716587703675,0.0
4656.414103525882,-0.001233420509379357,0.0
4657.239309827457,0.0019536681356839836,0.0
4658.064516129032,0.0053326639463193715,0.0
4658.889722430607,0.007387764111626893,0.0
4659.714928732184,0.008895158593077213,0.0
4660.540135033759,0.009749826800543815,0.0
4661.365341335334,0.010106931265909225,0.0
4662.190547636909,0.008717983786482364,0.0
4663.0157539384845,0.004991547029931098,0.0
4663.840960240061,-0.0005249608657322824,0.0
4664.666166541636,-0.0056135893682949245,0.0
4665.491372843211,-0.009570183407049626,0.0
4666.316579144786,-0.011747741082217544,0.0
4667.141785446362,-0.016314446518663317,0.0
4667.966991747937,-0.018333400468691252,0.0
4668.792198049512,-0.017442493699491024,0.0
4669.617404351088,-0.01412838336545974,0.0
4670.4426106526635,-0.010630107601173222,0.0
4671.267816954239,-0.004517575594945811,0.0
4672.093023255814,-0.0001803561463020742,0.0
4672.918229557389,0.00115597817057278,0.0
4673.743435858965,0.0031746746972203255,0.0
4674.568642160541,0.004955083364620805,0.0
4675.393848462116,0.0063440625090152025,0.0
4676.219054763691,0.005729097640141845,0.0
4677.044261065266,0.0048121679574251175,0.0
4677.8694673668415,0.0025334807578474283,0.0
4678.694673668418,-0.000687434570863843,0.0
4679.519879969993,-0.0026151733472943306,0.0
4680.345086271568,-0.0027895455714315176,0.0
4681.170292573143,-0.0019162872340530157,0.0
4681.995498874719,-0.0005919899558648467,0.0
4682.820705176295,0.0001803561463020742,0.0
4683.64591147787,0.0019123576930724084,0.0
4684.471117779445,0.0016098411433631554,0.0
4685.29632408102,0.0026886053383350372,0.0
4686.121530382596,0.004550636978819966,0.0
4686.946736684171,0.004592314595356584,0.0
4687.771942985746,0.005310914246365428,0.0
4688.597149287322,0.0037036400754004717,0.0
4689.4223555888975,0.0012872876832261682,0.0
4690.247561890473,0.0012623207876458764,0.0
4691.072768192048,0.0012418606784194708,0.0
4691.897974493623,0.00240604137070477,0.0
4692.723180795199,0.005553599679842591,0.0
4693.548387096775,0.005875637638382614,0.0
4694.37359339835,0.006877104751765728,0.0
4695.198799699925,0.00676312018185854,0.0
4696.0240060015,0.004985155304893851,0.0
4696.849212303076,0.003338584443554282,0.0
4697.674418604652,0.0015381652629002929,0.0
4698.499624906227,-2.7097645215690136e-05,0.0
4699.324831207802,-0.003311468753963709,0.0
4700.150037509377,-0.006933874101378024,0.0
4700.975243810953,-0.00947920570615679,0.0
4701.800450112529,-0.010005218558944762,0.0
4702.625656414104,-0.01048581546638161,0.0
4703.450862715679,-0.01157414703629911,0.0
4704.2760690172545,-0.011695374036207795,0.0
4705.10127531883,-0.010393246077001095,0.0
4705.926481620405,-0.007981137372553349,0.0
4706.75168792198,-0.007510258001275361,0.0
4707.576894223556,-0.009160006360616535,0.0
4708.402100525132,-0.008966159948613495,0.0
4709.227306826707,-0.0086543905781582,0.0
4710.052513128282,-0.006434018723666668,0.0
4710.877719429857,-0.004903441993519664,0.0
4711.702925731433,-0.004293958889320493,0.0
4712.528132033009,-0.00110114726703614,0.0
4713.353338334584,0.000998436356894672,0.0
4714.178544636159,-0.00033169100061059,0.0
4715.003750937734,-0.0012938120635226369,0.0
4715.82895723931,-0.00027435668744146824,0.0
4716.654163540886,0.002295047976076603,0.0
4717.479369842461,0.005558531265705824,0.0
4718.304576144036,0.007750085089355707,0.0
4719.129782445611,0.009331350680440664,0.0
4719.954988747187,0.01026420621201396,0.0
4720.780195048763,0.009064262732863426,0.0
4721.605401350338,0.006754154339432716,0.0
4722.430607651913,0.006324797868728638,0.0
4723.2558139534885,0.007316720671951771,0.0
4724.081020255064,0.007325865561142564,0.0
4724.906226556639,0.006979912403039634,0.0
4725.731432858214,0.005295716924592853,0.0
4726.55663915979,0.0015418259426951408,0.0
4727.381845461366,-0.001378965171170421,0.0
4728.207051762941,-0.003921170951798558,0.0
4729.032258064516,-0.006652392912656069,0.0
4729.857464366092,-0.007900864351540804,0.0
4730.6826706676675,-0.008075876627117395,0.0
4731.507876969243,-0.006417291704565287,0.0
4732.333083270818,-0.004350902978330851,0.0
4733.158289572393,-0.003312818822450936,0.0
4733.983495873968,-0.0024751496384851635,0.0
4734.808702175544,-0.001711706048808992,0.0
4735.633908477119,-0.0012868792691733688,0.0
4736.459114778695,-0.000795372819993645,0.0
4737.28432108027,-0.001070958998752758,0.0
4738.1095273818455,0.00024604902137070894,0.0
4738.934733683421,0.001753668300807476,0.0
4739.759939984997,0.002061485080048442,0.0
4740.585146286572,0.0025143148377537727,0.0
4741.410352588147,0.0038024471141397953,0.0
4742.235558889723,0.0058865612372756,0.0
4743.060765191298,0.0060546897002495825,0.0
4743.885971492873,0.006375821423716843,0.0
4744.711177794448,0.00697100447723642,0.0
4745.536384096024,0.006831691658589989,0.0
4746.3615903976,0.007040541677270085,0.0
4747.186796699175,0.00734090810874477,0.0
4748.01200300075,0.007478591112885624,0.0
4748.837209302326,0.006897434184793383,0.0
4749.6624156039015,0.006629923882428557,0.0
4750.487621905477,0.007016131014097482,0.0
4751.312828207052,0.005961204384220764,0.0
4752.138034508627,0.004718950192909688,0.0
4752.9632408102025,0.002304054651176557,0.0
4753.788447111778,0.0012890942307421938,0.0
4754.613653413353,1.8285209080204368e-06,0.0
4755.438859714929,-0.001015253466903232,0.0
4756.264066016504,-0.0009612138383090496,0.0
4757.08927231808,-0.0008429219014942646,0.0
4757.914478619655,-0.0014338019536808133,0.0
4758.739684921231,1.3792072422802448e-05,0.0
4759.564891222806,0.00042173988185822964,0.0
4760.390097524381,-0.0015180588234215975,0.0
4761.215303825957,-0.004323008586652577,0.0
4762.040510127532,-0.008931188494898379,0.0
4762.865716429107,-0.012174364761449397,0.0
4763.690922730682,-0.014402483240701258,0.0
4764.5161290322585,-0.014101649401709437,0.0
4765.341335333834,-0.012216836912557483,0.0
4766.166541635409,-0.009781216969713569,0.0
4766.991747936984,-0.008181459968909621,0.0
4767.81695423856,-0.006236403016373515,0.0
4768.642160540136,-0.004148001549765468,0.0
4769.467366841711,-0.0032280607847496867,0.0
4770.292573143286,-0.0011766829411499202,0.0
4771.117779444861,-0.00023908901493996382,0.0
4771.9429857464365,-0.00026446208357810974,0.0
4772.768192048012,0.0016499250777997077,0.0
4773.593398349588,0.002925346838310361,0.0
4774.418604651163,0.00341184064745903,0.0
4775.243810952738,0.005777119658887386,0.0
4776.069017254314,0.0066505183931440115,0.0
4776.894223555889,0.006586490315385163,0.0
4777.719429857465,0.005861808662302792,0.0
4778.54463615904,0.0044559764210134745,0.0
4779.3698424606155,0.0026518389931879938,0.0
4780.195048762191,0.0015080082230269909,0.0
4781.020255063766,0.0009273076429963112,0.0
4781.845461365341,0.0006123178172856569,0.0
4782.670667666916,0.0016710542840883136,0.0
4783.495873968493,-0.0006174943409860134,0.0
4784.321080270068,-0.0030656526796519756,0.0
4785.146286571643,-0.0034732394851744175,0.0
4785.971492873218,-0.004164158832281828,0.0
4786.796699174794,-0.005966970697045326,0.0
4787.62190547637,-0.007358601316809654,0.0
4788.447111777945,-0.006649722345173359,0.0
4789.27231807952,-0.0051323045045137405,0.0
4790.097524381095,-0.004028706811368465,0.0
4790.922730682671,-0.0018888493068516254,0.0
4791.747936984246,0.0,0.0
4792.573143285822,0.0014394328463822603,0.0
4793.398349587397,0.004179399576969445,0.0
4794.223555888972,0.006120272679254413,0.0
4795.048762190548,0.00479944352991879,0.0
4795.873968492123,0.005069125210866332,0.0
4796.699174793699,0.004951637703925371,0.0
4797.524381095274,0.0019126789411529899,0.0
4798.3495873968495,0.0006879449356347322,0.0
4799.174793698425,-0.00079674506559968,0.0
4800.0,-0.00016352487727999687,0.0
4800.825206301575,-0.0007762624882161617,0.0
4801.6504126031505,-8.64686444401741e-06,0.0
4802.475618904727,0.001012294553220272,0.0
4803.300825206302,0.00013722223229706287,0.0
4804.126031507877,-0.0005162162706255913,0.0
4804.951237809452,-0.0014468827284872532,0.0
4805.7764441110285,-0.0024849185720086098,0.0
4806.601650412604,-0.003037931863218546,0.0
4807.426856714179,-0.002633404918015003,0.0
4808.252063015754,-0.001687538344413042,0.0
4809.077269317329,-0.00067899189889431,0.0
4809.902475618905,0.0,0.0
4810.72768192048,0.001336914487183094,0.0
4811.552888222056,0.003051397390663624,0.0
4812.378094523631,0.005332743050530553,0.0
4813.2033008252065,0.006187867256812751,0.0
4814.028507126782,0.007287996937520802,0.0
4814.853713428357,0.007315205439226702,0.0
4815.678919729933,0.006499393843114376,0.0
4816.504126031508,0.007268770859809592,0.0
4817.329332333084,0.009281975915655494,0.0
4818.154538634659,0.008830158389173448,0.0
4818.979744936234,0.008186516060959548,0.0
4819.804951237809,0.0057808737037703395,0.0
4820.6301575393845,0.002424886915832758,0.0
4821.455363840961,0.0,0.0
4822.280570142536,-0.0010549379512667656,0.0
4823.105776444111,-0.0019429689273238182,0.0
4823.930982745686,-0.0022075148299336433,0.0
4824.7561890472625,-0.001767246052622795,0.0
4825.581395348838,-0.001533995382487774,0.0
4826.406601650413,-0.0009612236171960831,0.0
4827.231807951988,7.493700832128525e-05,0.0
4828.0570142535635,0.0013287346810102463,0.0
4828.882220555139,0.0005347747355699539,0.0
4829.707426856714,-0.0008826768025755882,0.0
4830.53263315829,-0.0006718756631016731,0.0
4831.357839459865,-0.0016743708401918411,0.0
4832.183045761441,-0.0013292338699102402,0.0
4833.008252063016,-0.0010425932705402374,0.0
4833.833458364591,0.00041183270514011383,0.0
4834.658664666167,0.0005795522592961788,0.0
4835.483870967742,0.0013292338699102402,0.0
4836.309077269318,0.00202079676091671,0.0
4837.134283570893,0.001238417811691761,0.0
4837.959489872468,0.0,0.0
4838.784696174043,-0.0014279559254646301,0.0
4839.609902475619,-0.001980286091566086,0.0
4840.435108777195,-0.0024525057524442673,0.0
4841.26031507877,-0.0015768595039844513,0.0
4842.085521380345,-0.0008408576250076294,0.0
4842.91072768192,-2.981536090373993e-05,0.0
4843.735933983497,0.0023696813732385635,0.0
4844.561140285072,0.0037814434617757797,0.0
4845.386346586647,0.0018483884632587433,0.0
4846.211552888222,0.0,0.0
4847.0367591897975,0.0003087669610977173,0.0
4847.861965491373,0.0,0.0
4848.687171792948,0.0,0.0
4849.512378094524,0.0,0.0
4850.337584396099,-0.001071261242032051,0.0
4851.162790697675,-0.0021514110267162323,0.0
4851.98799699925,-0.005218392238020897,0.0
4852.813203300825,-0.010876929387450218,0.0
4853.638409602401,-0.01568112149834633,0.0
4854.4636159039765,-0.01972273364663124,0.0
4855.288822205552,-0.025637660175561905,0.0
4856.114028507127,-0.03339729271829128,0.0
4856.939234808702,-0.04331479035317898,0.0
4857.764441110277,-0.05534385144710541,0.0
4858.589647411853,-0.07045695371925831,0.0
4859.414853713429,-0.08752940781414509,0.0
4860.240060015004,-0.09728121943771839,0.0
4861.065266316579,-0.10274063050746918,0.0
4861.8904726181545,-0.1003059446811676,0.0
4862.715678919731,-0.09114838391542435,0.0
4863.540885221306,-0.07704413682222366,0.0
4864.366091522881,-0.060648396611213684,0.0
4865.191297824456,-0.04519481956958771,0.0
4866.016504126032,-0.031291261315345764,0.0
4866.841710427607,-0.023583143949508667,0.0
4867.666916729182,-0.018755946308374405,0.0
4868.492123030758,-0.016804948449134827,0.0
4869.317329332333,-0.016636960208415985,0.0
4870.142535633909,-0.01758013293147087,0.0
4870.967741935484,-0.017771907150745392,0.0
4871.792948237059,-0.01717199757695198,0.0
4872.618154538635,-0.015810474753379822,0.0
4873.4433608402105,-0.013030704110860825,0.0
4874.268567141786,-0.00906125083565712,0.0
4875.093773443361,-0.00440492108464241,0.0
4875.918979744936,-0.001386202871799469,0.0
4876.7441860465115,0.0005632489919662476,0.0
4877.569392348087,0.002676086500287056,0.0
4878.394598649663,0.0040231067687273026,0.0
4879.219804951238,0.005392266437411308,0.0
4880.045011252813,0.007438236847519875,0.0
4880.870217554389,0.009729987010359764,0.0
4881.695423855965,0.007877858355641365,0.0
4882.52063015754,0.004564505070447922,0.0
4883.345836459115,0.0032915212213993073,0.0
4884.17104276069,0.0016108807176351547,0.0
4884.996249062266,0.0,0.0
4885.821455363841,-0.0032915212213993073,0.0
4886.646661665416,-0.006135465577244759,0.0
4887.471867966992,-0.008364424109458923,0.0
4888.2970742685675,-0.01361236721277237,0.0
4889.122280570143,-0.013411677442491055,0.0
4889.947486871718,-0.012759296223521233,0.0
4890.772693173293,-0.010909052565693855,0.0
4891.597899474869,-0.006391860544681549,0.0
4892.423105776445,-0.0006911866366863251,0.0
4893.24831207802,0.005951963365077972,0.0
4894.073518379595,0.013507776893675327,0.0
4894.89872468117,0.019110391847789288,0.0
4895.7239309827455,0.018930652178823948,0.0
4896.549137284321,0.020036462927237153,0.0
4897.374343585897,0.01922794943675399,0.0
4898.199549887472,0.015283854212611914,0.0
4899.024756189047,0.01162307895720005,0.0
4899.849962490623,0.009251348674297333,0.0
4900.675168792199,0.0066827163100242615,0.0
4901.500375093774,0.00382236298173666,0.0
4902.325581395349,0.0036838995292782784,0.0
4903.150787696924,0.00551183708012104,0.0
4903.9759939985,0.005154660902917385,0.0
4904.801200300075,0.005454478319734335,0.0
4905.62640660165,0.005464621353894472,0.0
4906.451612903226,0.005299304146319628,0.0
4907.2768192048015,0.004960496444255114,0.0
4908.102025506377,0.0038026198744773865,0.0
4908.927231807952,0.000788065604865551,0.0
4909.752438109527,-0.0012418469414114952,0.0
4910.577644411103,-0.0025227004662156105,0.0
4911.402850712679,-0.00315161794424057,0.0
4912.228057014254,-0.001090935431420803,0.0
4913.053263315829,0.001123589463531971,0.0
4913.878469617404,0.0038700029253959656,0.0
4914.70367591898,0.005175034515559673,0.0
4915.528882220555,0.004911815281957388,0.0
4916.354088522131,0.0016236044466495514,0.0
4917.179294823706,-0.005425977520644665,0.0
4918.004501125281,-0.01390679832547903,0.0
4918.829707426857,-0.022619440220296383,0.0
4919.654913728433,-0.02735733985900879,0.0
4920.480120030008,-0.028086617588996887,0.0
4921.305326331583,-0.025318434461951256,0.0
4922.1305326331585,-0.021920977160334587,0.0
4922.955738934734,-0.01789799425750971,0.0
4923.780945236309,-0.012531132437288761,0.0
4924.606151537884,-0.007355687208473682,0.0
4925.43135783946,-0.002955920994281769,0.0
4926.256564141036,0.0005461857654154301,0.0
4927.081770442611,0.003112238831818104,0.0
4927.906976744186,0.0073048025369644165,0.0
4928.732183045762,0.01121939835138619,0.0
4929.557389347337,0.01246275706216693,0.0
4930.382595648913,0.01055494137108326,0.0
4931.207801950488,0.006233275169506669,0.0
4932.033008252063,0.0018068044446408749,0.0
4932.858214553638,-0.0002383943647146225,0.0
4933.683420855214,-0.0024433662183582783,0.0
4934.508627156789,-0.0052774748764932156,0.0
4935.333833458365,-0.0073073082603514194,0.0
4936.15903975994,-0.008479721378535032,0.0
4936.9842460615155,-0.009200585540384054,0.0
4937.809452363091,-0.009842339903116226,0.0
4938.634658664667,-0.008849112782627344,0.0
4939.459864966242,-0.0073161255568265915,0.0
4940.285071267817,-0.0038452534936368465,0.0
4941.110277569393,0.0015486122574657202,0.0
4941.935483870968,0.004596262006089091,0.0
4942.760690172543,0.007596177281811833,0.0
4943.585896474118,0.007695492124184966,0.0
4944.411102775694,0.006855855113826692,0.0
4945.23630907727,0.006547668483108282,0.0
4946.061515378845,0.007039777003228664,0.0
4946.88672168042,0.006307120493147522,0.0
4947.711927981996,0.006815925531554967,0.0
4948.5371342835715,0.008899976615794003,0.0
4949.362340585147,0.00816573528572917,0.0
4950.187546886722,0.008518039714545012,0.0
4951.012753188297,0.008833422791212797,0.0
4951.837959489872,0.008655807469040155,0.0
4952.663165791448,0.008106801193207502,0.0
4953.488372093023,0.003865512553602457,0.0
4954.313578394599,-0.002468037768267095,0.0
4955.138784696174,-0.009018718730658293,0.0
4955.9639909977495,-0.014678895939141512,0.0
4956.789197299325,-0.016762747894972563,0.0
4957.614403600901,-0.01768672140315175,0.0
4958.439609902476,-0.014397458056919277,0.0
4959.264816204051,-0.009842893749009818,0.0
4960.090022505627,-0.0036794556654058397,0.0
4960.915228807202,0.002234019455499947,0.0
4961.740435108777,0.007813470379915088,0.0
4962.565641410352,0.010841877141501755,0.0
4963.3908477119285,0.009199711435940117,0.0
4964.216054013504,0.005700081994291395,0.0
4965.041260315079,0.0021617054007947445,0.0
4965.866466616654,0.0005609253421425819,0.0
4966.69167291823,-0.0011404139804653823,0.0
4967.516879219806,-0.0032001249492168427,0.0
4968.342085521381,-0.002294637553859502,0.0
4969.167291822956,-0.001372984959743917,0.0
4969.992498124531,-2.1345214918255806e-05,0.0
4970.8177044261065,0.002212010556831956,0.0
4971.642910727682,0.0046519378665834665,0.0
4972.468117029257,0.006469558924436569,0.0
4973.293323330833,0.007039750111289322,0.0
4974.118529632408,0.008251234656199813,0.0
4974.943735933984,0.009238779195584357,0.0
4975.768942235559,0.009044223406817764,0.0
4976.594148537135,0.007185953785665333,0.0
4977.41935483871,0.005768099625129253,0.0
4978.244561140285,0.003964167844969779,0.0
4979.069767441861,-0.0010032782447524369,0.0
4979.894973743436,-0.0067109385272488,0.0
4980.720180045011,-0.012437050929293036,0.0
4981.545386346586,-0.017699618358165026,0.0
4982.3705926481625,-0.021017788909375668,0.0
4983.195798949738,-0.020255371113307774,0.0
4984.021005251313,-0.019281277782283723,0.0
4984.846211552888,-0.01605918479617685,0.0
4985.671417854464,-0.011366361170075834,0.0
4986.49662415604,-0.006509671336971223,0.0
4987.321830457615,-0.002539926557801664,0.0
4988.14703675919,0.0007443823851644993,0.0
4988.972243060765,0.002908947761170566,0.0
4989.797449362341,0.003653518040664494,0.0
4990.622655663916,0.002590416988823563,0.0
4991.447861965491,0.0007845817599445581,0.0
4992.273068267067,0.000945378327742219,0.0
4993.098274568642,0.0027749452274292707,0.0
4993.923480870218,0.005652817781083286,0.0
4994.748687171793,0.008735248353332281,0.0
4995.573893473369,0.010825422126799822,0.0
4996.399099774944,0.010544582735747099,0.0
4997.2243060765195,0.008370159659534693,0.0
4998.049512378095,0.004892667173407972,0.0
4998.87471867967,0.0034766217577271163,0.0
4999.699924981245,-0.0003166487440466881,0.0
5000.52513128282,-0.0027556931599974632,0.0
5001.350337584397,-0.002685786224901676,0.0
5002.175543885972,-0.0037908628582954407,0.0
5003.000750187547,-0.005205575376749039,0.0
5003.825956489122,-0.006877663545310497,0.0
5004.651162790698,-0.007737245410680771,0.0
5005.476369092274,-0.007709003984928131,0.0
5006.301575393849,-0.006325218826532364,0.0
5007.126781695424,-0.005350005812942982,0.0
5007.951987996999,-0.0035449080169200897,0.0
5008.777194298575,0.0,0.0
5009.60240060015,0.0020214945543557405,0.0
5010.427606901725,0.0011523717548698187,0.0
5011.252813203301,-0.0039826445281505585,0.0
5012.0780195048765,-0.008725294843316078,0.0
5012.903225806452,-0.011530046351253986,0.0
5013.728432108027,-0.01366481278091669,0.0
5014.553638409603,-0.01474518422037363,0.0
5015.378844711178,-0.01417221873998642,0.0
5016.204051012754,-0.013998060720041394,0.0
5017.029257314329,-0.013658462790772319,0.0
5017.854463615904,-0.011256209341809154,0.0
5018.679669917479,-0.009033441310748458,0.0
5019.5048762190545,-0.008371209492906928,0.0
5020.330082520631,-0.006560800364241004,0.0
5021.155288822206,-0.0036391587927937508,0.0
5021.980495123781,-0.0007797444704920053,0.0
5022.805701425356,0.0020685818744823337,0.0
5023.6309077269325,0.00268926247372292,0.0
5024.456114028508,0.0031283113930840045,0.0
5025.281320330083,0.00310648926642898,0.0
5026.106526631658,0.005027297651395202,0.0
5026.931732933233,0.006030649412423372,0.0
5027.756939234809,0.004997788113541901,0.0
5028.582145536384,0.005119653884321451,0.0
5029.40735183796,0.007669749669730663,0.0
5030.232558139535,0.011059303069487214,0.0
5031.0577644411105,0.012561522191390395,0.0
5031.882970742686,0.01342943450435996,0.0
5032.708177044261,0.013189332443289459,0.0
5033.533383345837,0.011997608467936516,0.0
5034.358589647412,0.009473465499468148,0.0
5035.183795948988,0.004930740833515301,0.0
5036.009002250563,-0.0010021308680734364,0.0
5036.834208552138,-0.005501699663000181,0.0
5037.659414853713,-0.010952836251817644,0.0
5038.484621155289,-0.016093654558062553,0.0
5039.309827456865,-0.020107363117858768,0.0
5040.13503375844,-0.023333599790930748,0.0
5040.960240060015,-0.024642257718369365,0.0
5041.78544636159,-0.02144982502795756,0.0
5042.610652663167,-0.013558981707319617,0.0
5043.435858964742,-0.007062667515128851,0.0
5044.261065266317,0.0,0.0
5045.086271567892,0.005575014743953943,0.0
5045.9114778694675,0.006645967252552509,0.0
5046.736684171043,0.005280184559524059,0.0
5047.561890472618,0.0017313770949840546,0.0
5048.387096774194,-0.0024315284099429846,0.0
5049.212303075769,-0.006180367432534695,0.0
5050.037509377345,-0.00792864104732871,0.0
5050.86271567892,-0.008087875554338098,0.0
5051.687921980495,-0.006015750113874674,0.0
5052.513128282071,-0.0015190409030765295,0.0
5053.338334583646,0.0021559293381869793,0.0
5054.163540885222,0.0060493373312056065,0.0
5054.988747186797,0.010400449391454458,0.0
5055.813953488372,0.013592393603175879,0.0
5056.639159789947,0.014622594229876995,0.0
5057.464366091523,0.014020713046193123,0.0
5058.289572393099,0.012048387434333563,0.0
5059.114778694674,0.011857869103550911,0.0
5059.939984996249,0.013643590733408928,0.0
5060.7651912978245,0.013273626565933228,0.0
5061.590397599401,0.01031368039548397,0.0
5062.415603900976,0.007330633699893951,0.0
5063.240810202551,0.005130543373525143,0.0
5064.066016504126,0.00185334961861372,0.0
5064.891222805702,-0.002837100997567177,0.0
5065.716429107277,-0.0056139882653951645,0.0
5066.541635408852,-0.005248551955446601,0.0
5067.366841710428,-0.003179927822202444,0.0
5068.192048012003,-0.0019542602822184563,0.0
5069.017254313579,-0.00035616662353277206,0.0
5069.842460615154,0.0011812904849648476,0.0
5070.667666916729,0.0017794333398342133,0.0
5071.492873218305,0.001034545712172985,0.0
5072.3180795198805,-0.00018191616982221603,0.0
5073.143285821456,-0.00026780739426612854,0.0
5073.968492123031,3.593042492866516e-05,0.0
5074.793698424606,0.0,0.0
5075.618904726181,-0.0007679183036088943,0.0
5076.444111027757,-0.002042691223323345,0.0
5077.269317329333,-0.006845376919955015,0.0
5078.094523630908,-0.013807795010507107,0.0
5078.919729932483,-0.01878766529262066,0.0
5079.7449362340585,-0.019997863098978996,0.0
5080.570142535635,-0.020595739595592022,0.0
5081.39534883721,-0.020325099118053913,0.0
5082.220555138785,-0.016023952513933182,0.0
5083.04576144036,-0.01247503119520843,0.0
5083.870967741936,-0.007723528309725225,0.0
5084.696174043511,-0.0041272868402302265,0.0
5085.521380345086,0.00014498271048069,0.0
5086.346586646662,0.002096721902489662,0.0
5087.171792948237,0.0036431150510907173,0.0
5087.996999249813,0.0038049127906560898,0.0
5088.822205551388,0.0047085219994187355,0.0
5089.647411852963,0.0075313858687877655,0.0
5090.472618154539,0.009283564984798431,0.0
5091.2978244561145,0.010110978037118912,0.0
5092.12303075769,0.011251818388700485,0.0
5092.948237059265,0.011402771808207035,0.0
5093.77344336084,0.010821294970810413,0.0
5094.5986496624155,0.010790080763399601,0.0
5095.423855963991,0.006127024069428444,0.0
5096.249062265567,-0.0011772830039262772,0.0
5097.074268567142,-0.0061856647953391075,0.0
5097.899474868717,-0.007308689411729574,0.0
5098.724681170293,-0.00737842422677204,0.0
5099.549887471869,-0.0061200379859656096,0.0
5100.375093773444,-0.003330566920340061,0.0
5101.200300075019,0.0004497235640883446,0.0
5102.025506376594,0.003341376781463623,0.0
5102.85071267817,0.006272425875067711,0.0
5103.675918979745,0.00621157418936491,0.0
5104.50112528132,0.003440217114984989,0.0
5105.326331582896,-0.00016641383990645409,0.0
5106.1515378844715,-0.002537589520215988,0.0
5106.976744186047,-0.00510813039727509,0.0
5107.801950487622,-0.007102400413714349,0.0
5108.627156789197,-0.006931181997060776,0.0
5109.452363090773,-0.005231414455920458,0.0
5110.277569392349,-0.002982781734317541,0.0
5111.102775693924,0.0002376185730099678,0.0
5111.927981995499,0.0023015495389699936,0.0
5112.753188297074,0.005147657357156277,0.0
5113.5783945986495,0.008934537880122662,0.0
5114.403600900225,0.009918845258653164,0.0
5115.228807201801,0.011285562068223953,0.0
5116.054013503376,0.013242623768746853,0.0
5116.879219804951,0.014106233138591051,0.0
5117.704426106527,0.0165203926153481,0.0
5118.529632408103,0.017442071810364723,0.0
5119.354838709678,0.015357255470007658,0.0
5120.180045011253,0.011242957785725594,0.0
5121.0052513128285,0.00710848905146122,0.0
5121.830457614404,0.002982781734317541,0.0
5122.655663915979,-0.0004982519894838333,0.0
5123.480870217554,-0.003631271712947637,0.0
5124.30607651913,-0.006460078526288271,0.0
5125.131282820706,-0.006656516809016466,0.0
5125.956489122281,-0.006146562751382589,0.0
5126.781695423856,-0.005224856315180659,0.0
5127.606901725431,-0.004480597650399432,0.0
5128.432108027007,-0.004782597330631688,0.0
5129.257314328583,-0.0030369586311280727,0.0
5130.082520630158,-0.0013450921978801489,0.0
5130.907726931733,0.0005138469859957695,0.0
5131.732933233308,0.0006959517486393452,0.0
5132.558139534884,0.0027556540444493294,0.0
5133.383345836459,0.00485981535166502,0.0
5134.208552138035,0.005653545260429382,0.0
5135.03375843961,0.0052571287378668785,0.0
5135.858964741185,0.0034084045328199863,0.0
5136.684171042761,-0.0004249077755957842,0.0
5137.509377344337,-0.005010859935282497,0.0
5138.334583645912,-0.007326761493459344,0.0
5139.159789947487,-0.009553600568324327,0.0
5139.9849962490625,-0.012001077877357602,0.0
5140.810202550638,-0.012059165630489588,0.0
5141.635408852213,-0.009394483175128698,0.0
5142.460615153788,-0.006545260548591614,0.0
5143.285821455364,-0.0064795047510415316,0.0
5144.11102775694,-0.004523923271335661,0.0
5144.936234058515,-0.0017094865906983614,0.0
5145.76144036009,0.00033407495357096195,0.0
5146.586646661665,0.0030369586311280727,0.0
5147.4118529632415,0.00434398278594017,0.0
5148.237059264817,0.0033436911180615425,0.0
5149.062265566392,0.0022207885049283504,0.0
5149.887471867967,0.0015905015170574188,0.0
5150.712678169542,-4.18203417211771e-05,0.0
5151.537884471118,-0.0010686071473173797,0.0
5152.363090772693,-0.0002292081480845809,0.0
5153.188297074269,0.0022262753336690366,0.0
5154.013503375844,0.004426215018611401,0.0
5154.8387096774195,0.008850198413711041,0.0
5155.663915978995,0.011774942453484982,0.0
5156.489122280571,0.013843767519574612,0.0
5157.314328582146,0.01671187876490876,0.0
5158.139534883721,0.01985308824805543,0.0
5158.964741185297,0.020787244604434818,0.0
5159.789947486872,0.01774876740455511,0.0
5160.615153788447,0.014216619281796739,0.0
5161.440360090022,0.014834937523119152,0.0
5162.265566391598,0.01533285970799625,0.0
5163.090772693174,0.008636844577267766,0.0
5163.915978994749,-0.002383853541687131,0.0
5164.741185296324,-0.015247678617015481,0.0
5165.566391597899,-0.027498622424900532,0.0
5166.3915978994755,-0.03788577811792493,0.0
5167.216804201051,-0.046318639535456896,0.0
5168.042010502626,-0.0507327769882977,0.0
5168.867216804201,-0.052682333160191774,0.0
5169.6924231057765,-0.053039983846247196,0.0
5170.517629407352,-0.05269716330803931,0.0
5171.342835708927,-0.052020987030118704,0.0
5172.168042010503,-0.048100275453180075,0.0
5172.993248312078,-0.04256137227639556,0.0
5173.818454613654,-0.03328263037838042,0.0
5174.643660915229,-0.019700182834640145,0.0
5175.468867216805,-0.006146909203380346,0.0
5176.29407351838,0.004991406371118501,0.0
5177.119279819955,0.011736071202903986,0.0
5177.944486121531,0.01666890410706401,0.0
5178.769692423106,0.01674098987132311,0.0
5179.594898724681,0.012043873779475689,0.0
5180.420105026256,-9.659864008426666e-05,0.0
5181.2453113278325,-0.013630312867462635,0.0
5182.070517629408,-0.027801175601780415,0.0
5182.895723930983,-0.03762099239975214,0.0
5183.720930232558,-0.03900736663490534,0.0
5184.546136534134,-0.03488172683864832,0.0
5185.37134283571,-0.026947018690407276,0.0
5186.196549137285,-0.014552443288266659,0.0
5187.02175543886,-0.0032127927988767624,0.0
5187.846961740435,0.003937107976526022,0.0
5188.6721680420105,0.005649640457704663,0.0
5189.497374343586,0.0050433422438800335,0.0
5190.322580645161,0.0023436471819877625,0.0
5191.147786946737,-0.000461651012301445,0.0
5191.972993248312,-0.004224570468068123,0.0
5192.798199549888,-0.0062166014686226845,0.0
5193.623405851463,-0.005687606520950794,0.0
5194.448612153039,-0.003205668181180954,0.0
5195.273818454614,-0.0021391380578279495,0.0
5196.0990247561895,0.000687700230628252,0.0
5196.924231057765,0.003945500124245882,0.0
5197.74943735934,0.007962040894199163,0.0
5198.574643660915,0.010701279155910015,0.0
5199.39984996249,0.012029195670038462,0.0
5200.225056264067,0.013222903478890657,0.0
5201.050262565642,0.012724925298243761,0.0
5201.875468867217,0.008360800566151738,0.0
5202.700675168792,0.0023211257066577673,0.0
5203.525881470368,-0.0041023483499884605,0.0
5204.351087771944,-0.008088766131550074,0.0
5205.176294073519,-0.012727527413517237,0.0
5206.001500375094,-0.015024779830127954,0.0
5206.826706676669,-0.017714497167617083,0.0
5207.651912978245,-0.01562695438042283,0.0
5208.47711927982,-0.010878643486648798,0.0
5209.302325581395,-0.006420251447707415,0.0
5210.127531882971,-0.0014368905685842037,0.0
5210.952738184546,0.0036208598321536556,0.0
5211.777944486122,0.007766270777210593,0.0
5212.603150787697,0.011725547956302762,0.0
5213.428357089273,0.012304346659220755,0.0
5214.253563390848,0.010749118402600288,0.0
5215.0787696924235,0.0065429249079898,0.0
5215.903975993999,0.003926626173779368,0.0
5216.729182295574,0.003634689943282865,0.0
5217.554388597149,0.004982374455721583,0.0
5218.3795948987245,0.00766920082969591,0.0
5219.204801200301,0.010396158962976187,0.0
5220.030007501876,0.013683164201211184,0.0
5220.855213803451,0.016065577685367316,0.0
5221.680420105026,0.014597181871067733,0.0
5222.5056264066025,0.010036339692305773,0.0
5223.330832708178,0.002129006606992334,0.0
5224.156039009753,-0.006591479585040361,0.0
5224.981245311328,-0.01496216404484585,0.0
5225.806451612903,-0.02247153373900801,0.0
5226.631657914479,-0.027087700786069036,0.0
5227.456864216054,-0.024823930812999606,0.0
5228.282070517629,-0.017579464009031653,0.0
5229.107276819205,-0.009810153627768159,0.0
5229.9324831207805,-0.008332346333190799,0.0
5230.757689422356,-0.006836555665358901,0.0
5231.582895723931,-0.003471378469839692,0.0
5232.408102025507,-0.004428109503351152,0.0
5233.233308327082,-0.006062457337975502,0.0
5234.058514628658,-0.005141786066815257,0.0
5234.883720930233,-0.002882079301343765,0.0
5235.708927231808,0.0002830370794981718,0.0
5236.534133533383,0.004970719339326024,0.0
5237.3593398349585,0.008782225893810391,0.0
5238.184546136535,0.01130077545531094,0.0
5239.00975243811,0.013110743137076497,0.0
5239.834958739685,0.012743477942422032,0.0
5240.66016504126,0.012466078856959939,0.0
5241.4853713428365,0.014642272493802011,0.0
5242.310577644412,0.014103793851973023,0.0
5243.135783945987,0.014700245577841997,0.0
5243.960990247562,0.014039112080354244,0.0
5244.7861965491375,0.012491548084653914,0.0
5245.611402850713,0.009146332158707082,0.0
5246.436609152288,0.005665518110617995,0.0
5247.261815453863,0.003378578810952604,0.0
5248.087021755439,0.0014276273432187736,0.0
5248.9122280570145,-0.0016787208151072264,0.0
5249.73743435859,-0.002283236011862755,0.0
5250.562640660165,-0.00011545210145413876,0.0
5251.387846961741,6.606453098356724e-05,0.0
5252.213053263316,-0.002925799461081624,0.0
5253.038259564892,-0.0015771409962326288,0.0
5253.863465866467,0.0013366593047976494,0.0
5254.688672168042,0.006253063445910811,0.0
5255.513878469617,0.009047578787431121,0.0
5256.339084771193,0.010350904194638133,0.0
5257.164291072769,0.013244159519672394,0.0
5257.989497374344,0.012793898349627852,0.0
5258.814703675919,0.01197620783932507,0.0
5259.639909977494,0.008128647110424936,0.0
5260.465116279071,-0.0001929046120494604,0.0
5261.290322580646,-0.009662466472946107,0.0
5262.115528882221,-0.017939046258106828,0.0
5262.940735183796,-0.026345056656282395,0.0
5263.7659414853715,-0.033963309244427364,0.0
5264.591147786947,-0.03729539887717692,0.0
5265.416354088522,-0.03917434589675395,0.0
5266.241560390097,-0.04134038613847224,0.0
5267.066766691673,-0.042382528248708695,0.0
5267.891972993249,-0.042723229387775064,0.0
5268.717179294824,-0.04211134149227291,0.0
5269.542385596399,-0.040824217488989234,0.0
5270.367591897975,-0.03725799755193293,0.0
5271.19279819955,-0.033470850670710206,0.0
5272.018004501126,-0.02780777937732637,0.0
5272.843210802701,-0.019932925468310714,0.0
5273.668417104276,-0.013935243478044868,0.0
5274.493623405851,-0.01055938727222383,0.0
5275.318829707427,-0.00674576754681766,0.0
5276.144036009003,-0.004266454139724374,0.0
5276.969242310578,-0.0001653891522437334,0.0
5277.794448612153,0.005151846911758184,0.0
5278.6196549137285,0.006046584341675043,0.0
5279.444861215305,0.0036215599393472075,0.0
5280.27006751688,0.0007390198297798634,0.0
5281.095273818455,-0.00351313513237983,0.0
5281.92048012003,-0.007216628873720765,0.0
5282.745686421606,-0.01056965777388541,0.0
5283.570892723181,-0.009729825891554356,0.0
5284.396099024756,-0.0053876531310379505,0.0
5285.221305326332,-0.00013186445721657947,0.0
5286.046511627907,0.006983502767980099,0.0
5286.871717929483,0.011511261574923992,0.0
5287.696924231058,0.01330806128680706,0.0
5288.522130532633,0.014178331366565544,0.0
5289.347336834209,0.014318495414045174,0.0
5290.1725431357845,0.015247269533574581,0.0
5290.99774943736,0.014586975099518895,0.0
5291.822955738935,0.012192310066893697,0.0
5292.64816204051,0.011811243603006005,0.0
5293.473368342085,0.008175459923222661,0.0
5294.298574643661,0.0038532691542059183,0.0
5295.123780945237,-0.0002813059836626053,0.0
5295.948987246812,-0.004712003516033292,0.0
5296.774193548387,-0.009123617550358176,0.0
5297.5993998499625,-0.011263259453698993,0.0
5298.424606151539,-0.013835904886946082,0.0
5299.249812453114,-0.012975803343579173,0.0
5300.075018754689,-0.008461086312308908,0.0
5300.900225056264,-0.004134596325457096,0.0
5301.72543135784,-0.0009368329774588346,0.0
5302.550637659415,0.0,0.0
5303.37584396099,0.0019570346921682358,0.0
5304.201050262566,0.003930646227672696,0.0
5305.0262565641415,0.006690102280117571,0.0
5305.851462865717,0.008051140350289643,0.0
5306.676669167292,0.008369504590518773,0.0
5307.501875468867,0.008148724446073174,0.0
5308.327081770443,0.009160163113847375,0.0
5309.152288072019,0.011906985979294404,0.0
5309.977494373594,0.013581813167547807,0.0
5310.802700675169,0.013667717430507764,0.0
5311.627906976744,0.012794913578545675,0.0
5312.4531132783195,0.011218453611945733,0.0
5313.278319579895,0.008979052159702405,0.0
5314.103525881471,0.0059268678014632314,0.0
5314.928732183046,0.0028561186918523163,0.0
5315.753938484621,0.0011893748305737972,0.0
5316.579144786197,0.0010491040411579888,0.0
5317.404351087773,-0.00023554002837045118,0.0
5318.229557389348,0.0014798123884247616,0.0
5319.054763690923,0.001331220642896369,0.0
5319.879969992498,0.001841926306951791,0.0
5320.705176294074,0.0015983077173586935,0.0
5321.530382595649,-0.0008094618679024279,0.0
5322.355588897224,-0.0034356812830083072,0.0
5323.1807951988,-0.006869291828479618,0.0
5324.0060015003755,-0.010109906957950443,0.0
5324.831207801951,-0.016868811973836273,0.0
5325.656414103526,-0.02345007486292161,0.0
5326.481620405101,-0.0295994701446034,0.0
5327.306826706677,-0.033323602605378255,0.0
5328.132033008253,-0.034809863587724976,0.0
5328.957239309828,-0.03218485324032372,0.0
5329.782445611403,-0.02618231157612172,0.0
5330.607651912978,-0.01826893538236618,0.0
5331.432858214554,-0.011673127446556464,0.0
5332.258064516129,-0.0052827146428171545,0.0
5333.083270817705,-0.0005787231202702969,0.0
5333.90847711928,0.0009249695285689086,0.0
5334.733683420855,0.0,0.0
5335.558889722431,0.0002167682469007559,0.0
5336.384096024007,-0.0002440226817270741,0.0
5337.209302325582,-0.0032633818627800792,0.0
5338.034508627157,-0.005515717493835837,0.0
5338.8597149287325,-0.007616415765369311,0.0
5339.684921230308,-0.009976599307265133,0.0
5340.510127531883,-0.011199093307368457,0.0
5341.335333833458,-0.00979434757027775,0.0
5342.160540135034,-0.005990849458612502,0.0
5342.98574643661,-0.00039607775397598743,0.0
5343.810952738185,0.0034989218911505304,0.0
5344.63615903976,0.003413403101149015,0.0
5345.461365341335,0.003143252251902595,0.0
5346.286571642911,0.001687280717305839,0.0
5347.111777944487,-0.0003403970040380955,0.0
5347.936984246062,-0.0007754417601972818,0.0
5348.762190547637,-0.0011584882158786058,0.0
5349.587396849212,-0.00027476600371301174,0.0
5350.412603150788,0.0018751024035736918,0.0
5351.237809452363,0.004761979216709733,0.0
5352.063015753939,0.007465082919225097,0.0
5352.888222055514,0.00968685420230031,0.0
5353.7134283570895,0.010884295566938818,0.0
5354.538634658665,0.014361939742229879,0.0
5355.363840960241,0.01554880989715457,0.0
5356.189047261816,0.017000576830469072,0.0
5357.014253563391,0.017231410223757848,0.0
5357.839459864967,0.01662641241273377,0.0
5358.664666166542,0.015491105557885021,0.0
5359.489872468117,0.013312600858625956,0.0
5360.315078769692,0.00989265700627584,0.0
5361.140285071268,0.006440405806642957,0.0
5361.965491372844,0.0038870545831741765,0.0
5362.790697674419,0.0013259278639452532,0.0
5363.615903975994,-0.0029231297521619126,0.0
5364.441110277569,-0.005458639527205378,0.0
5365.2663165791455,-0.006161235418403521,0.0
5366.091522880721,-0.005809025140479207,0.0
5366.916729182296,-0.007983293617144227,0.0
5367.741935483871,-0.010635982500389218,0.0
5368.567141785446,-0.013270346680656075,0.0
5369.392348087022,-0.016726687783375382,0.0
5370.217554388597,-0.018604701617732644,0.0
5371.042760690173,-0.017963737482205033,0.0
5371.867966991748,-0.015379479387775064,0.0
5372.6931732933235,-0.010360776679590344,0.0
5373.518379594899,-0.0031192033784464,0.0
5374.343585896475,0.0033411842305213213,0.0
5375.16879219805,0.00843668996822089,0.0
5375.993998499625,0.012393989018164575,0.0
5376.819204801201,0.013295798911713064,0.0
5377.644411102776,0.01172087190207094,0.0
5378.469617404351,0.009257495286874473,0.0
5379.294823705926,0.007434978964738548,0.0
5380.1200300075025,0.007768679177388549,0.0
5380.945236309078,0.0060899697709828615,0.0
5381.770442610653,0.004042662840220146,0.0
5382.595648912228,0.003967688069678843,0.0
5383.420855213803,0.0039337631314992905,0.0
5384.24606151538,0.006399974343366921,0.0
5385.071267816955,0.011273742653429508,0.0
5385.89647411853,0.013152468483895063,0.0
5386.721680420105,0.012535617221146822,0.0
5387.5468867216805,0.011380153242498636,0.0
5388.372093023256,0.009060187265276909,0.0
5389.197299324831,0.006738729192875326,0.0
5390.022505626407,0.004274174338206649,0.0
5390.847711927982,0.0022583494428545237,0.0
5391.672918229558,-7.895193994045258e-05,0.0
5392.498124531133,-0.0015161409974098206,0.0
5393.323330832709,-0.001800906378775835,0.0
5394.148537134284,-0.00256745470687747,0.0
5394.973743435859,-0.006161142140626907,0.0
5395.798949737435,-0.009582689497619867,0.0
5396.62415603901,-0.012235254514962435,0.0
5397.449362340585,-0.012332113459706306,0.0
5398.27456864216,-0.010587679222226143,0.0
5399.0997749437365,-0.0069984858855605125,0.0
5399.924981245312,-0.002582595217972994,0.0
5400.750187546887,-0.0009882068261504173,0.0
5401.575393848462,-0.00411355122923851,0.0
5402.4006001500375,-0.00807776115834713,0.0
5403.225806451614,-0.011676881462335587,0.0
5404.051012753189,-0.015619011130183935,0.0
5404.876219054764,-0.019077480770647526,0.0
5405.701425356339,-0.02004529256373644,0.0
5406.526631657915,-0.018839627970010042,0.0
5407.35183795949,-0.015945779625326395,0.0
5408.177044261065,-0.011772979516535997,0.0
5409.002250562641,-0.008292475249618292,0.0
5409.827456864216,-0.00537328002974391,0.0
5410.652663165792,-0.0055195060558617115,0.0
5411.477869467367,-0.002470501232892275,0.0
5412.303075768943,7.895193994045258e-05,0.0
5413.128282070518,0.0005430118180811405,0.0
5413.9534883720935,0.0031523683574050665,0.0
5414.778694673669,0.005501700041349977,0.0
5415.603900975244,0.007307913503609598,0.0
5416.429107276819,0.00701798137743026,0.0
5417.254313578394,0.007625718950293958,0.0
5418.079519879971,0.009071431588381529,0.0
5418.904726181546,0.012034724466502666,0.0
5419.729932483121,0.011853454634547234,0.0
5420.555138784696,0.00780893221963197,0.0
5421.3803450862715,0.005394767853431404,0.0
5422.205551387848,0.004972749389708042,0.0
5423.030757689423,0.003566120518371463,0.0
5423.855963990998,0.0020024715922772884,0.0
5424.681170292573,0.00335253425873816,0.0
5425.506376594149,0.004460577969439328,0.0
5426.331582895724,0.002254670485854149,0.0
5427.156789197299,0.0,0.0
5427.981995498875,-0.0019162371754646301,0.0
5428.8072018004505,-0.005028896499425173,0.0
5429.632408102026,-0.007606925442814827,0.0
5430.457614403601,-0.009811367839574814,0.0
5431.282820705177,-0.011739011388272047,0.0
5432.108027006752,-0.011054792907088995,0.0
5432.9332333083275,-0.009865853935480118,0.0
5433.758439609903,-0.0091366705019027,0.0
5434.583645911478,-0.008723030099645257,0.0
5435.408852213053,-0.006744344020262361,0.0
5436.2340585146285,-0.004279488930478692,0.0
5437.059264816205,0.0015888619236648083,0.0
5437.88447111778,0.005231407703831792,0.0
5438.709677419355,0.008477268274873495,0.0
5439.53488372093,0.01256339531391859,0.0
5440.3600900225065,0.013667639344930649,0.0
5441.185296324082,0.011327686719596386,0.0
5442.010502625657,0.009793308563530445,0.0
5442.835708927232,0.006475187372416258,0.0
5443.660915228807,0.0013700596173293889,0.0
5444.486121530383,-0.0028412591200321913,0.0
5445.311327831958,-0.00827010371722281,0.0
5446.136534133533,-0.012175812618806958,0.0
5446.961740435109,-0.012225301237776875,0.0
5447.7869467366845,-0.010230951244011521,0.0
5448.61215303826,-0.006227405276149511,0.0
5449.437359339835,-0.0009849267080426216,0.0
5450.262565641411,0.003761426021810621,0.0
5451.087771942986,0.007979258429259062,0.0
5451.912978244562,0.006011930061504245,0.0
5452.738184546137,0.0008013586048036814,0.0
5453.563390847712,-0.004306744318455458,0.0
5454.388597149287,-0.0075058708898723125,0.0
5455.2138034508625,-0.007588715758174658,0.0
5456.039009752439,0.00358407711610198,0.0
5456.864216054014,0.003488269168883562,0.0
5457.689422355589,0.0034270191099494696,0.0
5458.514628657164,0.0033738254569470882,0.0
5459.3398349587405,0.00322511768899858,0.0
5460.165041260316,0.003183364635333419,0.0
5460.990247561891,0.003100535599514842,0.0
5461.815453863466,0.0014378244522958994,0.0
5462.6406601650415,0.0011602096492424607,0.0
5463.465866466617,0.000987587496638298,0.0
5464.291072768192,0.0009332324843853712,0.0
5465.116279069767,0.0006936017889529467,0.0
5465.941485371343,0.0006331379408948123,0.0
5466.766691672919,-0.003384212264791131,0.0
5467.591897974494,-0.002968661719933152,0.0
5468.417104276069,-0.002596489619463682,0.0
5469.242310577645,-0.0023280595196411014,0.0
5470.06751687922,-0.0017455401830375195,0.0
5470.892723180796,-0.001734105171635747,0.0
5471.717929482371,-0.0022936734603717923,0.0
5472.543135783946,-0.0024595686700195074,0.0
5473.368342085521,-0.004287429619580507,0.0
5474.193548387097,-0.008326982613652945,0.0
5475.018754688673,-0.012399254832416773,0.0
5475.843960990248,-0.014442475978285074,0.0
5476.669167291823,-0.014892168808728456,0.0
5477.494373593398,-0.014145104680210352,0.0
5478.319579894975,-0.012596252840012312,0.0
5479.14478619655,-0.009345641825348139,0.0
5479.969992498125,-0.003594053676351905,0.0
5480.7951987997,-0.0002732898574322462,0.0
5481.6204051012755,-0.00024365447461605072,0.0
5482.445611402851,0.0020649080397561193,0.0
5483.270817704426,0.004884640919044614,0.0
5484.096024006001,0.005337536334991455,0.0
5484.921230307577,0.004714558250270784,0.0
5485.746436609153,0.004372786032035947,0.0
5486.571642910728,0.003284590522525832,0.0
5487.396849212303,0.0036126680788584054,0.0
5488.222055513879,0.002741637174040079,0.0
5489.0472618154545,0.0026802236679941416,0.0
5489.87246811703,0.002440592972561717,0.0
5490.697674418605,0.0019360010046511889,0.0
5491.52288072018,0.00238623796030879,0.0
5492.348087021755,0.004355603130534291,0.0
5493.173293323331,0.004437075695022941,0.0
5493.998499624907,0.003984982613474131,0.0
5494.823705926482,0.003043903096113354,0.0
5495.648912228057,0.000889454735442996,0.0
5496.4741185296325,0.000643337145447731,0.0
5497.299324831209,0.0018828129395842552,0.0
5498.124531132784,0.0018589767860248685,0.0
5498.949737434359,-0.00022628228180110455,0.0
5499.774943735934,-0.00037375185638666153,0.0
5500.60015003751,0.0004204332362860441,0.0
5501.425356339085,0.0,0.0
5502.25056264066,-0.0019794513937085867,0.0
5503.075768942235,-0.0021962239407002926,0.0
5503.900975243811,-0.0016414860729128122,0.0
5504.726181545387,-0.0018534758128225803,0.0
5505.551387846962,-0.0033448690082877874,0.0
5506.376594148537,-0.0035284659825265408,0.0
5507.201800450113,-0.0031261701369658113,0.0
5508.0270067516885,-0.0035103983245790005,0.0
5508.852213053264,-0.003734372789040208,0.0
5509.677419354839,-0.003969066427089274,0.0
5510.502625656414,-0.0045028229942545295,0.0
5511.3278319579895,-0.0042670913971960545,0.0
5512.153038259565,-0.005519630620256066,0.0
5512.978244561141,-0.0061172612477093935,0.0
5513.803450862716,-0.006233628140762448,0.0
5514.628657164291,-0.004174629459157586,0.0
5515.453863465867,-0.00046492472756654024,0.0
5516.279069767443,0.0018837170209735632,0.0
5517.104276069018,0.005577413132414222,0.0
5517.929482370593,0.007962920004501939,0.0
5518.754688672168,0.009636792121455073,0.0
5519.579894973744,0.011636658979114145,0.0
5520.405101275319,0.011748522461857647,0.0
5521.230307576894,0.010235770605504513,0.0
5522.055513878469,0.00817559752613306,0.0
5522.8807201800455,0.006680126301944256,0.0
5523.705926481621,0.0026098720263689756,0.0
5524.531132783196,1.1435127817094326e-05,0.0
5525.356339084771,-0.0047500504879280925,0.0
5526.181545386347,-0.009974723448976874,0.0
5527.006751687923,-0.014135444187559187,0.0
5527.831957989498,-0.015523162670433521,0.0
5528.657164291073,-0.01408978714607656,0.0
5529.482370592648,-0.012558079557493329,0.0
5530.3075768942235,-0.010105747962370515,0.0
5531.132783195799,-0.005371596431359649,0.0
5531.957989497375,-0.0027835264336317778,0.0
5532.78319579895,-0.0026480042142793536,0.0
5533.608402100525,-0.0031730271875858307,0.0
5534.433608402101,-0.0021295088808983564,0.0
5535.258814703677,-0.0016715575475245714,0.0
5536.084021005252,-0.003670077247079462,0.0
5536.909227306827,-0.002184633631259203,0.0
5537.7344336084025,-0.0004326447378844023,0.0
5538.559639909978,0.0018919953145086765,0.0
5539.384846211553,0.004262808244675398,0.0
5540.210052513128,0.0034849215298891068,0.0
5541.035258814704,0.00346332136541605,0.0
5541.86046511628,0.0034287413582205772,0.0
5542.685671417855,0.0014860350638628006,0.0
5543.51087771943,0.0009175464510917664,0.0
5544.336084021005,0.00015933392569422722,0.0
5545.161290322581,0.0013541700318455696,0.0
5545.986496624157,0.0008423742838203907,0.0
5546.811702925732,0.001388921169564128,0.0
5547.636909227307,0.005095582688227296,0.0
5548.462115528882,0.007682885741814971,0.0
5549.287321830458,0.007436793530359864,0.0
5550.112528132033,0.007411780767142773,0.0
5550.937734433609,0.009051603614352643,0.0
5551.762940735184,0.007608996005728841,0.0
5552.588147036759,0.005616422859020531,0.0
5553.413353338335,0.0061349086463451385,0.0
5554.238559639911,0.006523014046251774,0.0
5555.063765941486,0.007731043267995119,0.0
5555.888972243061,0.008822211530059576,0.0
5556.7141785446365,0.0071947951801121235,0.0
5557.539384846212,0.005460591055452824,0.0
5558.364591147787,0.007062528748065233,0.0
5559.189797449362,0.006392902345396578,0.0
5560.015003750938,0.00490380497649312,0.0
5560.840210052514,0.003111809492111206,0.0
5561.665416354089,0.0003850621869787574,0.0
5562.490622655664,0.0,0.0
5563.315828957239,0.0005582677549682558,0.0
5564.1410352588155,0.0,0.0
5564.966241560391,-0.0014308744575828314,0.0
5565.791447861966,-0.0022188511211425066,0.0
5566.616654163541,-0.004050643183290958,0.0
5567.441860465116,-0.005373900290578604,0.0
5568.267066766692,-0.005754674319177866,0.0
5569.092273068267,-0.005352279637008905,0.0
5569.917479369843,-0.005671238526701927,0.0
5570.742685671418,-0.006661232095211744,0.0
5571.5678919729935,-0.00824021827429533,0.0
5572.393098274569,0.0,0.0
5573.218304576145,0.0,0.0
5574.04351087772,0.0,0.0
5574.868717179295,0.0,0.0
5575.693923480871,0.0014308744575828314,0.0
5576.519129782446,0.0014308744575828314,0.0
5577.344336084021,0.0014308744575828314,0.0
5578.169542385596,0.0014308744575828314,0.0
5578.994748687172,0.0014308744575828314,0.0
5579.819954988748,0.0014308744575828314,0.0
5580.645161290323,0.0014308744575828314,0.0
5581.470367591898,0.0014308744575828314,0.0
5582.295573893473,0.0014308744575828314,0.0
5583.1207801950495,-0.004841154674068093,0.0
5583.945986496625,-0.006291900062933564,0.0
5584.7711927982,-0.00801021873485297,0.0
5585.596399099775,-0.009941800264641643,0.0
5586.4216054013505,-0.01089997123926878,0.0
5587.246811702926,-0.012745625339448452,0.0
5588.072018004501,-0.014461621176451445,0.0
5588.897224306077,-0.014685413334518671,0.0
5589.722430607652,-0.01293692784383893,0.0
5590.547636909228,-0.00980724161490798,0.0
5591.372843210803,-0.006764122750610113,0.0
5592.198049512379,-0.0051069012843072414,0.0
5593.023255813954,-0.003297599498182535,0.0
5593.848462115529,-0.002296063583344221,0.0
5594.673668417105,-0.001882640179246664,0.0
5595.49887471868,-0.001511767040938139,0.0
5596.324081020255,-0.0017839372158050537,0.0
5597.14928732183,-0.0017037559300661087,0.0
5597.9744936234065,-0.0027409750036895275,0.0
5598.799699924982,-0.005068153142929077,0.0
5599.624906226557,-0.007996799424290657,0.0
5600.450112528132,-0.012403052765876055,0.0
5601.275318829707,-0.012380750384181738,0.0
5602.100525131284,-0.010063519235700369,0.0
5602.925731432859,-0.0072523751296103,0.0
5603.750937734434,-0.0038965558633208275,0.0
5604.576144036009,0.0018659498309716582,0.0
5605.4013503375845,0.007588561624288559,0.0
5606.22655663916,0.012296927627176046,0.0
5607.051762940735,0.014760484453290701,0.0
5607.876969242311,0.015455192420631647,0.0
5608.702175543886,0.014335692394524813,0.0
5609.527381845462,0.015329075511544943,0.0
5610.352588147037,0.015732537489384413,0.0
5611.177794448613,0.014318797271698713,0.0
5612.003000750188,0.010973279364407063,0.0
5612.8282070517635,0.0056292046792805195,0.0
5613.653413353339,-0.002546789590269327,0.0
5614.478619654914,-0.007013410911895335,0.0
5615.303825956489,-0.009134226245805621,0.0
5616.129032258064,-0.00884333427529782,0.0
5616.9542385596405,-0.007323033292777836,0.0
5617.779444861216,-0.006026973016560078,0.0
5618.604651162791,-0.0027143789338879287,0.0
5619.429857464366,0.001369165489450097,0.0
5620.2550637659415,0.003905368037521839,0.0
5621.080270067518,0.00418687000637874,0.0
5621.905476369093,0.001819960554712452,0.0
5622.730682670668,-0.0016355706902686507,0.0
5623.555888972243,-0.004548367112874985,0.0
5624.381095273819,-0.004678168916143477,0.0
5625.206301575394,-0.0067376719089224935,0.0
5626.031507876969,-0.006179873482324183,0.0
5626.856714178545,-0.003711036406457424,0.0
5627.68192048012,0.00014974887017160654,0.0
5628.507126781696,0.0044203613651916385,0.0
5629.332333083271,0.006210980354808271,0.0
5630.157539384847,0.005829148809425533,0.0
5630.982745686422,0.007225258625112474,0.0
5631.8079519879975,0.007278604782186449,0.0
5632.633158289573,0.00604443100746721,0.0
5633.458364591148,0.003975744708441198,0.0
5634.283570892723,0.0024172001285478473,0.0
5635.108777194298,0.002605404588393867,0.0
5635.933983495875,0.0008199852891266346,0.0
5636.75918979745,-0.0006950068927835673,0.0
5637.584396099025,-0.0005109077173983678,0.0
5638.4096024006,-0.0009354730573249981,0.0
5639.2348087021755,8.515579247614369e-05,0.0
5640.060015003752,0.0003219064892618917,0.0
5640.885221305327,-0.001940973634191323,0.0
5641.710427606902,-0.00208969024970429,0.0
5642.535633908477,-0.001290989872359205,0.0
5643.360840210053,-0.0004296753540984355,0.0
5644.186046511628,0.0009131423576036468,0.0
5645.011252813203,0.0015749427548144013,0.0
5645.836459114779,0.0015454217500519007,0.0
5646.6616654163545,0.0012839932460337877,0.0
5647.48687171793,0.002733850502409041,0.0
5648.312078019505,0.004984671133570373,0.0
5649.137284321081,0.006604190915822983,0.0
5649.962490622656,0.005168989300727844,0.0
5650.787696924232,0.003107799217104912,0.0
5651.612903225807,0.0033403378911316395,0.0
5652.438109527382,0.0034987470135092735,0.0
5653.263315828957,0.001562254736199975,0.0
5654.0885221305325,-7.572898175567389e-05,0.0
5654.913728432109,-0.00279354362282902,0.0
5655.738934733684,-0.007576756179332733,0.0
5656.564141035259,-0.012089774943888187,0.0
5657.389347336834,-0.015841050655581057,0.0
5658.21455363841,-0.01666887488681823,0.0
5659.039759939986,-0.016583395918132737,0.0
5659.864966241561,-0.015127306658541784,0.0
5660.690172543136,-0.01246680504118558,0.0
5661.515378844711,-0.008312016398122068,0.0
5662.340585146287,-0.005542109392990824,0.0
5663.165791447862,-0.004715582959761377,0.0
5663.990997749437,-0.0037372209117165767,0.0
5664.816204051013,-0.0019034821525565349,0.0
5665.6414103525885,-4.238107067067176e-05,0.0
5666.466616654164,-8.515579247614369e-05,0.0
5667.291822955739,0.0,0.0
5668.117029257315,-0.0013990409497637302,0.0
5668.94223555889,-0.0008289683319162577,0.0
5669.767441860466,0.0013436752487905324,0.0
5670.592648162041,0.003555930976290256,0.0
5671.417854463616,0.006294558581430465,0.0
5672.243060765191,0.007533916097600013,0.0
5673.068267066767,0.008733877737540752,0.0
5673.893473368343,0.008862492511980236,0.0
5674.718679669918,0.00786832851008512,0.0
5675.543885971493,0.008157975185895339,0.0
5676.369092273068,0.008647502727399115,0.0
5677.194298574644,0.00809936009318335,0.0
5678.01950487622,0.007910371205298361,0.0
5678.844711177795,0.0074509772239252925,0.0
5679.66991747937,0.004887719405815005,0.0
5680.4951237809455,0.0034564639208838344,0.0
5681.320330082521,0.00101939644059712,0.0
5682.145536384096,0.0003066353965550661,0.0
5682.970742685671,-0.0016154362820088863,0.0
5683.795948987247,-0.002469857921823859,0.0
5684.621155288823,-0.0033524942118674517,0.0
5685.446361590398,-0.003088404657319188,0.0
5686.271567891973,-0.003200195962563157,0.0
5687.096774193549,-0.004636507946997881,0.0
5687.921980495124,-0.0042096697725355625,0.0
5688.7471867967,-0.0030929329805076122,0.0
5689.572393098275,-0.001513462862931192,0.0
5690.39759939985,-0.0009302613325417042,0.0
5691.222805701425,0.0014809135175255506,0.0
5692.048012003001,0.00424474634201033,0.0
5692.873218304577,0.006019804954121355,0.0
5693.698424606152,0.004936971381539479,0.0
5694.523630907727,0.004467828577617183,0.0
5695.3488372093025,0.004010749398730695,0.0
5696.174043510879,0.002033609023783356,0.0
5696.999249812454,0.0,0.0
5697.824456114029,-0.0010824145574588329,0.0
5698.649662415604,-0.0013436752487905324,0.0
5699.47486871718,-0.0016381203895434737,0.0
5700.300075018755,-0.004606082336977124,0.0
5701.12528132033,-0.007014868315309286,0.0
5701.950487621905,-0.007380020804703236,0.0
5702.775693923481,-0.006538528949022293,0.0
5703.600900225057,-0.005433099577203393,0.0
5704.426106526632,-0.0061122821643948555,0.0
5705.251312828207,-0.00854808697476983,0.0
5706.076519129783,-0.011480424087494612,0.0
5706.9017254313585,-0.0145079311914742,0.0
5707.726931732934,-0.019988214131444693,0.0
5708.552138034509,-0.02224368928000331,0.0
5709.377344336084,-0.023365247529000044,0.0
5710.202550637659,-0.02319401642307639,0.0
5711.027756939235,-0.022083385149016976,0.0
5711.852963240811,-0.01855234196409583,0.0
5712.678169542386,-0.014110331889241934,0.0
5713.503375843961,-0.009321570862084627,0.0
5714.3285821455365,-0.0044578672386705875,0.0
5715.153788447113,-0.0023078243248164654,0.0
5715.978994748688,-0.00040565431118011475,0.0
5716.804201050263,0.0008188770152628422,0.0
5717.629407351838,0.0008400110527873039,0.0
5718.454613653414,0.0013359058648347855,0.0
5719.279819954989,0.001957122702151537,0.0
5720.105026256564,0.0032267440110445023,0.0
5720.930232558139,0.004110748879611492,0.0
5721.7554388597155,0.004576580598950386,0.0
5722.580645161291,0.006452460307627916,0.0
5723.405851462866,0.0065643684938549995,0.0
5724.231057764441,0.006069262512028217,0.0
5725.056264066017,0.005273529794067144,0.0
5725.881470367593,0.003230307251214981,0.0
5726.706676669168,0.0018395762890577316,0.0
5727.531882970743,0.0011181198060512543,0.0
5728.357089272318,-0.00010767392814159393,0.0
5729.1822955738935,-0.0008672317489981651,0.0
5730.007501875469,0.0007851435802876949,0.0
5730.832708177045,0.002244393341243267,0.0
5731.65791447862,0.0023232907988131046,0.0
5732.483120780195,0.0017999899573624134,0.0
5733.308327081771,0.0016888775862753391,0.0
5734.133533383347,0.0024887342005968094,0.0
5734.958739684922,0.0029166783206164837,0.0
5735.783945986497,0.0035312133841216564,0.0
5736.609152288072,0.003409429918974638,0.0
5737.434358589648,0.0020810412243008614,0.0
5738.259564891223,0.002065070904791355,0.0
5739.084771192798,0.001569902990013361,0.0
5739.909977494373,0.0017605004832148552,0.0
5740.7351837959495,0.0017741634510457516,0.0
5741.560390097525,0.001390181016176939,0.0
5742.3855963991,0.0,0.0
5743.210802700675,0.0015404014848172665,0.0
5744.036009002251,0.0018971594981849194,0.0
5744.861215303827,0.0017217574641108513,0.0
5745.686421605402,0.000595304649323225,0.0
5746.511627906977,-0.00014027627184987068,0.0
5747.336834208552,-0.0007418845780193806,0.0
5748.162040510128,-0.001220744103193283,0.0
5748.987246811703,-0.0013989259023219347,0.0
5749.812453113278,-0.0020698379958048463,0.0
5750.637659414854,-0.0042384969419799745,0.0
5751.462865716429,-0.0061133201234042645,0.0
5752.288072018005,-0.0061857085675001144,0.0
5753.113278319581,-0.0075042396783828735,0.0
5753.938484621156,-0.009436802007257938,0.0
5754.763690922731,-0.008775355061516166,0.0
5755.5888972243065,-0.004969391040503979,0.0
5756.414103525882,-0.0009216920007020235,0.0
5757.239309827457,0.0006762364646419883,0.0
5758.064516129032,0.0013439320027828217,0.0
5758.889722430607,0.00030186655931174755,0.0
5759.714928732184,-0.0021199978655204177,0.0
5760.540135033759,-0.003507275483570993,0.0
5761.365341335334,-0.004186416801530868,0.0
5762.19054763691,-0.003914245520718396,0.0
5763.015753938485,-0.002292100165504962,0.0
5763.840960240061,-0.00141856080153957,0.0
5764.666166541636,0.0018600180046632886,0.0
5765.491372843211,0.003585461061447859,0.0
5766.316579144786,0.005345318233594298,0.0
5767.141785446362,0.0067802113480865955,0.0
5767.966991747937,0.008841060800477862,0.0
5768.792198049512,0.009677202207967639,0.0
5769.617404351088,0.00704963062889874,0.0
5770.4426106526635,0.004700980382040143,0.0
5771.267816954239,0.003510905778966844,0.0
5772.093023255815,0.0022700471454299986,0.0
5772.91822955739,0.0018598291790112853,0.0
5773.743435858965,0.001856920134741813,0.0
5774.568642160541,0.0013298841658979654,0.0
5775.393848462116,0.00014742440544068813,0.0
5776.219054763691,5.524652078747749e-05,0.0
5777.044261065266,5.714176222681999e-05,0.0
5777.8694673668415,0.0006242177914828062,0.0
5778.694673668418,-0.0019058408215641975,0.0
5779.519879969993,-0.006056005600839853,0.0
5780.345086271568,-0.009091272484511137,0.0
5781.170292573144,-0.010986139997839928,0.0
5781.9954988747195,-0.014642838388681412,0.0
5782.820705176295,-0.015346451429650187,0.0
5783.64591147787,-0.01422923943027854,0.0
5784.471117779445,-0.013047138461843133,0.0
5785.29632408102,-0.014242450939491391,0.0
5786.121530382596,-0.012174288975074887,0.0
5786.946736684171,-0.00884662033058703,0.0
5787.771942985746,-0.008486157516017556,0.0
5788.597149287322,-0.006736565614119172,0.0
5789.4223555888975,-0.004923679633066058,0.0
5790.247561890473,-0.004322969354689121,0.0
5791.072768192049,-0.0042358385398983955,0.0
5791.897974493624,-0.004955420037731528,0.0
5792.723180795199,-0.0033370961900800467,0.0
5793.548387096775,-0.0013732812367379665,0.0
5794.37359339835,-0.0005539925768971443,0.0
5795.198799699925,-0.0015114580746740103,0.0
5796.0240060015,-0.0016572074964642525,0.0
5796.849212303076,-0.0019954144954681396,0.0
5797.674418604652,-0.0022322949953377247,0.0
5798.499624906227,-0.00015284819528460503,0.0
5799.324831207802,0.0019421045362832956,0.0
5800.150037509378,0.00034796528052538633,0.0
5800.9752438109535,0.00028092903085052967,0.0
5801.800450112529,0.0026377467438578606,0.0
5802.625656414104,0.002822027076035738,0.0
5803.450862715679,0.0,0.0
5804.2760690172545,-0.000883633503690362,0.0
5805.10127531883,-0.002005303278565407,0.0
5805.926481620405,-0.00378744478803128,0.0
5806.75168792198,-0.005566076724790037,0.0
5807.576894223556,-0.002214201958850026,0.0
5808.402100525132,-0.0009127090452238917,0.0
5809.227306826707,3.804628795478493e-05,0.0
5810.052513128283,0.001410232434864156,0.0
5810.877719429858,0.0025911650591297075,0.0
5811.702925731433,0.0018241136640426703,0.0
5812.528132033009,0.0,0.0
5813.353338334584,-0.000781807757448405,0.0
5814.178544636159,-0.001041092720697634,0.0
5815.003750937734,-0.002143251243978739,0.0
5815.82895723931,-0.0024931455263867974,0.0
5816.654163540886,-0.002879332168959081,0.0
5817.479369842461,-0.0007515875622630119,0.0
5818.304576144036,0.002257813233882189,0.0
5819.129782445612,0.002799736335873604,0.0
5819.954988747188,0.0029187751933932304,0.0
5820.780195048763,0.004451969172805548,0.0
5821.605401350338,0.005247283261269331,0.0
5822.430607651913,0.003943226300179958,0.0
5823.2558139534885,0.004060762468725443,0.0
5824.081020255064,0.003163517452776432,0.0
5824.906226556639,0.003723857458680868,0.0
5825.731432858214,0.0036988984793424606,0.0
5826.55663915979,0.0035878669004887342,0.0
5827.381845461366,0.0033650491386651993,0.0
5828.207051762941,0.003925160970538855,0.0
5829.032258064517,0.005374504718929529,0.0
5829.857464366092,0.005033927503973246,0.0
5830.6826706676675,0.00434734346345067,0.0
5831.507876969243,0.004016004502773285,0.0
5832.333083270818,0.0033500203862786293,0.0
5833.158289572393,0.0025985846295952797,0.0
5833.983495873968,0.002713546622544527,0.0
5834.808702175544,0.0013916241005063057,0.0
5835.63390847712,0.002311974298208952,0.0
5836.459114778695,0.002291655633598566,0.0
5837.28432108027,0.0018991159740835428,0.0
5838.109527381846,0.002013987163081765,0.0
5838.934733683422,0.0023471741005778313,0.0
5839.759939984997,0.003700879868119955,0.0
5840.585146286572,0.004164420533925295,0.0
5841.410352588147,0.004358464386314154,0.0
5842.235558889723,0.0036840426037088037,0.0
5843.060765191298,0.0044399702455848455,0.0
5843.885971492873,0.003608959959819913,0.0
5844.711177794448,0.0011033378541469574,0.0
5845.536384096024,5.90404961258173e-05,0.0
5846.3615903976,-0.0006086856592446566,0.0
5847.186796699176,-0.00170801836065948,0.0
5848.012003000751,-0.0008790498832240701,0.0
5848.837209302326,-0.0006770245963707566,0.0
5849.6624156039015,-0.0012218388728797436,0.0
5850.487621905477,-0.0024736960767768323,0.0
5851.312828207052,-0.004290128126740456,0.0
5852.138034508627,-0.006408942281268537,0.0
5852.9632408102025,-0.009138089255429804,0.0
5853.788447111778,-0.010533207561820745,0.0
5854.613653413354,-0.012022260343655944,0.0
5855.438859714929,-0.012836909270845354,0.0
5856.264066016504,-0.012406393594574183,0.0
5857.0892723180805,-0.014184875064529479,0.0
5857.914478619656,-0.013687937549548224,0.0
5858.739684921231,-0.013300705177243799,0.0
5859.564891222806,-0.010769538916065358,0.0
5860.390097524381,-0.007578072865726426,0.0
5861.215303825957,-0.005467447757837363,0.0
5862.040510127532,-0.0036516444524750113,0.0
5862.865716429107,-0.0023714286071481183,0.0
5863.690922730682,-0.0010143914551008493,0.0
5864.5161290322585,-0.0021022716246079654,0.0
5865.341335333834,-0.0011241103347856551,0.0
5866.16654163541,-0.0002960371602966916,0.0
5866.991747936985,-5.2810501074418426e-06,0.0
5867.81695423856,0.001603123324457556,0.0
5868.642160540136,0.0011191959420102648,0.0
5869.467366841711,0.001991838827962056,0.0
5870.292573143286,0.00367718655616045,0.0
5871.117779444861,0.005211441079154611,0.0
5871.9429857464365,0.0048360449727624655,0.0
5872.768192048012,0.0035811661509796977,0.0
5873.593398349588,0.003658917994471267,0.0
5874.418604651163,0.006671855226159096,0.0
5875.243810952738,0.008543785428628325,0.0
5876.0690172543145,0.008145204978063703,0.0
5876.89422355589,0.007933587883599102,0.0
5877.719429857465,0.008114724303595722,0.0
5878.54463615904,0.00836371717741713,0.0
5879.3698424606155,0.007089039252605289,0.0
5880.195048762191,0.006706065032631159,0.0
5881.020255063766,0.008111282979371026,0.0
5881.845461365341,0.00760406932386104,0.0
5882.670667666916,0.00596440932713449,0.0
5883.495873968493,0.004471641965210438,0.0
5884.321080270068,0.0027423184365034103,0.0
5885.146286571644,-0.0012523573823273182,0.0
5885.971492873219,-0.008614073973149061,0.0
5886.796699174794,-0.020460120867937803,0.0
5887.62190547637,-0.03501660702750087,0.0
5888.447111777945,-0.05137394182384014,0.0
5889.27231807952,-0.06456832680851221,0.0
5890.097524381095,-0.07137950975447893,0.0
5890.922730682671,-0.07504323264583945,0.0
5891.747936984246,-0.07557411631569266,0.0
5892.573143285822,-0.07641443004831672,0.0
5893.398349587397,-0.07913091173395514,0.0
5894.223555888972,-0.08452941616997123,0.0
5895.048762190549,-0.09383377572521567,0.0
5895.873968492124,-0.10024292906746268,0.0
5896.699174793699,-0.09865845879539847,0.0
5897.524381095274,-0.08729830523952842,0.0
5898.3495873968495,-0.06649117264896631,0.0
5899.174793698425,-0.049634797498583794,0.0
5900.0,-0.04033934883773327,0.0
5900.825206301575,-0.03712691040709615,0.0
5901.650412603151,-0.033266506157815456,0.0
5902.475618904727,-0.030658195726573467,0.0
5903.300825206302,-0.026345758698880672,0.0
5904.126031507878,-0.018902587704360485,0.0
5904.951237809453,-0.011090547777712345,0.0
5905.7764441110285,-0.004903953522443771,0.0
5906.601650412604,-0.0036531109362840652,0.0
5907.426856714179,-0.001174943521618843,0.0
5908.252063015754,0.002048174850642681,0.0
5909.077269317329,0.0029677513521164656,0.0
5909.902475618905,0.004460183437913656,0.0
5910.72768192048,0.004152079811319709,0.0
5911.552888222056,0.0033548937644809484,0.0
5912.378094523631,0.0011293645948171616,0.0
5913.2033008252065,-0.0014525288715958595,0.0
5914.028507126783,-0.002459093928337097,0.0
5914.853713428358,-0.0038018282502889633,0.0
5915.678919729933,-0.0029607005417346954,0.0
5916.504126031508,-0.0018215496093034744,0.0
5917.329332333084,0.0,0.0
5918.154538634659,0.002533163409680128,0.0
5918.979744936234,0.0032074456103146076,0.0
5919.804951237809,0.00387726619374007,0.0
5920.630157539385,0.003216464538127184,0.0
5921.455363840961,-0.0002490147016942501,0.0
5922.280570142536,0.0003094766288995743,0.0
5923.105776444112,0.001531129004433751,0.0
5923.930982745687,0.0014500055694952607,0.0
5924.7561890472625,0.002487132209353149,0.0
5925.581395348838,0.0034843110479414463,0.0
5926.406601650413,0.0016306808684021235,0.0
5927.231807951988,-0.0014544641599059105,0.0
5928.0570142535635,-0.0016349810175597668,0.0
5928.882220555139,-0.0004268947523087263,0.0
5929.707426856714,-0.0022121435031294823,0.0
5930.53263315829,-0.0028081738855689764,0.0
5931.357839459865,-0.0021417196840047836,0.0
5932.183045761441,-0.0015854202210903168,0.0
5933.008252063017,-0.00016151228919625282,0.0
5933.833458364592,0.00013429811224341393,0.0
5934.658664666167,-0.0004711868241429329,0.0
5935.483870967742,0.0009425212629139423,0.0
5936.309077269318,0.0011606165207922459,0.0
5937.134283570893,0.002525127027183771,0.0
5937.959489872468,0.00406821328215301,0.0
5938.784696174043,0.0029349316464504227,0.0
5939.6099024756195,0.002051190473139286,0.0
5940.435108777195,0.0012089910451322794,0.0
5941.26031507877,0.0004929499700665474,0.0
5942.085521380346,-0.000636968994513154,0.0
5942.910727681921,0.0015820858534425497,0.0
5943.735933983497,0.0021111221285536885,0.0
5944.561140285072,0.002430582888337085,0.0
5945.386346586647,0.002668415050720796,0.0
5946.211552888222,0.0009666105033829808,0.0
5947.0367591897975,-0.0019237687811255455,0.0
5947.861965491373,-0.004061367362737656,0.0
5948.687171792948,-0.004032108234241605,0.0
5949.512378094524,-0.005167455179616809,0.0
5950.337584396099,-0.006542567862197757,0.0
5951.162790697675,-0.006882868707180023,0.0
5951.987996999251,-0.006819763453677297,0.0
5952.813203300826,-0.006556351901963353,0.0
5953.638409602401,-0.006590401055291295,0.0
5954.4636159039765,-0.0066240569576621056,0.0
5955.288822205552,-0.003984189359471202,0.0
5956.114028507127,-0.001729779178276658,0.0
5956.939234808702,-0.0016028082463890314,0.0
5957.764441110277,-0.002022902248427272,0.0
5958.589647411854,-0.001469123875722289,0.0
5959.414853713429,-0.00031290180049836636,0.0
5960.240060015004,0.00053813261911273,0.0
5961.06526631658,0.0023195135481728357,0.0
5961.890472618155,0.0028664631536230445,0.0
5962.715678919731,0.003712766570970416,0.0
5963.540885221306,0.0022042807249817997,0.0
5964.366091522881,0.0029576043598353863,0.0
5965.191297824456,0.003074218169786036,0.0
5966.016504126032,0.001897659560199827,0.0
5966.841710427607,0.002444093464873731,0.0
5967.666916729182,0.0044164733262732625,0.0
5968.492123030758,0.005691180587746203,0.0
5969.317329332333,0.0061876444378867745,0.0
5970.142535633909,0.006375072756782174,0.0
5970.967741935485,0.005224472028203309,0.0
5971.79294823706,0.0055602246429771185,0.0
5972.618154538635,0.005385193391703069,0.0
5973.4433608402105,0.0028286431916058064,0.0
5974.268567141786,0.0008598910644650459,0.0
5975.093773443361,-0.0012765781721100211,0.0
5975.918979744936,-0.003467962145805359,0.0
5976.7441860465115,-0.0026600975543260574,0.0
5977.569392348088,-0.0016021914780139923,0.0
5978.394598649663,0.00021521735470741987,0.0
5979.219804951238,0.00036229961551725864,0.0
5980.045011252814,0.002588411036413163,0.0
5980.8702175543895,0.0029126504668965936,0.0
5981.695423855965,-0.00011014705523848534,0.0
5982.52063015754,-0.0026396075263619423,0.0
5983.345836459115,-0.006612949538975954,0.0
5984.17104276069,-0.008400441613048315,0.0
5984.996249062266,-0.004431267734616995,0.0
5985.821455363841,-0.003462140914052725,0.0
5986.646661665416,-0.00321776932105422,0.0
5987.471867966992,-0.0011817251797765493,0.0
5988.2970742685675,-0.0007181807886809111,0.0
5989.122280570143,-2.838426735252142e-05,0.0
5989.947486871719,0.00012752925977110863,0.0
5990.772693173294,0.002954742289148271,0.0
5991.597899474869,0.003933800384402275,0.0
5992.423105776445,0.004083363222889602,0.0
5993.24831207802,0.004430060973390937,0.0
5994.073518379595,0.004088521585799754,0.0
5994.89872468117,0.00416271376889199,0.0
5995.7239309827455,0.004000623477622867,0.0
5996.549137284322,0.0034479431924410164,0.0
5997.374343585897,0.0020521050901152194,0.0
5998.199549887472,0.0027000662521459162,0.0
5999.024756189048,0.002764906850643456,0.0
5999.8499624906235,0.0024211815907619894,0.0
6000.675168792199,0.0019104966195300221,0.0
6001.500375093774,0.0007117835339158773,0.0
6002.325581395349,0.0004246619064360857,0.0
6003.150787696924,0.0006005368195474148,0.0
6003.9759939985,0.0007469481788575649,0.0
6004.801200300075,-0.00042157480493187904,0.0
6005.62640660165,-0.0020409398712217808,0.0
6006.451612903226,-0.0037595040630549192,0.0
6007.2768192048015,-0.005044981604442,0.0
6008.102025506377,-0.00541587476618588,0.0
6008.927231807953,-0.005600342759862542,0.0
6009.752438109528,-0.004477451788261533,0.0
6010.577644411103,-0.0030638144817203283,0.0
6011.402850712679,-0.0030074596870690584,0.0
6012.228057014254,-0.001956399530172348,0.0
6013.053263315829,-0.0008808751590549946,0.0
6013.878469617404,-0.0024761302629485726,0.0
6014.70367591898,-0.003241397556848824,0.0
6015.528882220556,-0.0036663872888311744,0.0
6016.354088522131,-0.0033430628245696425,0.0
6017.179294823706,-0.0039408577722497284,0.0
6018.004501125282,-0.005314350768458098,0.0
6018.829707426858,-0.006121971004176885,0.0
6019.654913728433,-0.006776407710276544,0.0
6020.480120030008,-0.0070627381792292,0.0
6021.305326331583,-0.00873227312695235,0.0
6022.1305326331585,-0.009375491994433105,0.0
6022.955738934734,-0.008778058807365596,0.0
6023.780945236309,-0.006812195177190006,0.0
6024.606151537884,-0.004972454975359142,0.0
6025.43135783946,-0.0033529779175296426,0.0
6026.256564141036,-0.0007548779249191284,0.0
6027.081770442611,0.0,0.0
6027.906976744187,0.0009043901227414608,0.0
6028.732183045762,0.0013378951698541641,0.0
6029.557389347337,0.0,0.0
6030.382595648913,0.0008647956419736147,0.0
6031.207801950488,0.0012395619414746761,0.0
6032.033008252063,0.0007964959368109703,0.0
6032.858214553638,0.0031437338329851627,0.0
6033.683420855214,0.005072771105915308,0.0
6034.50862715679,0.006266243290156126,0.0
6035.333833458365,0.0056071351282298565,0.0
6036.15903975994,0.005605723243206739,0.0
6036.984246061516,0.004339524544775486,0.0
6037.809452363092,0.003588962834328413,0.0
6038.634658664667,0.002815662184730172,0.0
6039.459864966242,0.0010536250192672014,0.0
6040.285071267817,-0.0003391632344573736,0.0
6041.110277569393,-0.0012306091375648975,0.0
6041.935483870968,-0.000684461323544383,0.0
6042.760690172543,0.0009418502449989319,0.0
6043.585896474118,0.0009255101904273033,0.0
6044.411102775694,0.00202383054420352,0.0
6045.23630907727,0.003083613235503435,0.0
6046.061515378845,0.00368256913498044,0.0
6046.886721680421,0.004685268737375736,0.0
6047.711927981996,0.0042250617407262325,0.0
6048.5371342835715,0.003623886499553919,0.0
6049.362340585147,0.002390267327427864,0.0
6050.187546886722,0.002251268830150366,0.0
6051.012753188297,0.002723380457609892,0.0
6051.837959489872,0.0030804029665887356,0.0
6052.663165791448,0.0016051330603659153,0.0
6053.488372093024,-0.000386764295399189,0.0
6054.313578394599,-0.0025857596192508936,0.0
6055.138784696174,-0.001614137552678585,0.0
6055.96399099775,-0.0017220061272382736,0.0
6056.789197299326,-0.001666899537667632,0.0
6057.614403600901,-0.0012853776570409536,0.0
6058.439609902476,0.000601721927523613,0.0
6059.264816204051,0.0021496182307600975,0.0
6060.090022505627,0.002113725058734417,0.0
6060.915228807202,0.0008029774762690067,0.0
6061.740435108777,-0.0017292983829975128,0.0
6062.565641410352,-0.003437773324549198,0.0
6063.3908477119285,-0.005583127960562706,0.0
6064.216054013504,-0.006336618913337588,0.0
6065.041260315079,-0.007879531243816018,0.0
6065.866466616655,-0.007689904188737273,0.0
6066.69167291823,-0.0028311554342508316,0.0
6067.516879219806,0.0014503076672554016,0.0
6068.342085521381,0.0031122309155762196,0.0
6069.167291822956,0.0037080906331539154,0.0
6069.992498124531,0.004693913739174604,0.0
6070.8177044261065,0.0071622091345489025,0.0
6071.642910727682,0.0074430531822144985,0.0
6072.468117029258,0.005842701066285372,0.0
6073.293323330833,0.007291511865332723,0.0
6074.118529632408,0.007511845324188471,0.0
6074.9437359339845,0.005322393495589495,0.0
6075.76894223556,0.004454995738342404,0.0
6076.594148537135,0.0036369774024933577,0.0
6077.41935483871,0.0014143437147140503,0.0
6078.244561140285,0.00044871028512716293,0.0
6079.069767441861,-0.0011675867717713118,0.0
6079.894973743436,-0.0018123944755643606,0.0
6080.720180045011,-0.0017868045251816511,0.0
6081.545386346586,-0.0024798738304525614,0.0
6082.3705926481625,-0.002416621195152402,0.0
6083.195798949738,-0.0005735624581575394,0.0
6084.021005251313,-0.0007790096569806337,0.0
6084.846211552889,-0.0010990593582391739,0.0
6085.671417854464,-0.0017076658550649881,0.0
6086.49662415604,-0.003208303009159863,0.0
6087.321830457615,-0.0020128730684518814,0.0
6088.14703675919,-0.0019422715995460749,0.0
6088.972243060765,-0.0017621767474338412,0.0
6089.797449362341,-0.0022509837290272117,0.0
6090.622655663916,-0.002182171097956598,0.0
6091.447861965492,0.0,0.0
6092.273068267067,0.00242157606408,0.0
6093.098274568642,0.0023618610575795174,0.0
6093.923480870219,0.001283510122448206,0.0
6094.748687171794,0.0019014980643987656,0.0
6095.573893473369,0.003811303060501814,0.0
6096.399099774944,0.004185887984931469,0.0
6097.2243060765195,0.004361058585345745,0.0
6098.049512378095,0.00466280453838408,0.0
6098.87471867967,0.0030313364695757627,0.0
6099.699924981245,-0.0010437227319926023,0.0
6100.52513128282,-0.0055392414797097445,0.0
6101.350337584397,-0.009619177086278796,0.0
6102.175543885972,-0.01192720583640039,0.0
6103.000750187548,-0.012719156919047236,0.0
6103.825956489123,-0.01127963699400425,0.0
6104.651162790698,-0.009769656928256154,0.0
6105.476369092274,-0.006487808423116803,0.0
6106.301575393849,-0.0037918410962447524,0.0
6107.126781695424,-6.108032539486885e-05,0.0
6107.951987996999,0.0022251938935369253,0.0
6108.777194298575,0.003064563265070319,0.0
6109.60240060015,0.0030734690371900797,0.0
6110.427606901726,0.0034091512206941843,0.0
6111.252813203301,0.0036475074011832476,0.0
6112.0780195048765,0.0047411692794412374,0.0
6112.903225806453,0.005265516461804509,0.0
6113.728432108028,0.005092376610264182,0.0
6114.553638409603,0.0051866385620087385,0.0
6115.378844711178,0.004739807220175862,0.0
6116.204051012754,0.0038721358869224787,0.0
6117.029257314329,0.001372823491692543,0.0
6117.854463615904,0.00045102136209607124,0.0
6118.679669917479,-0.0015984512283466756,0.0
6119.5048762190545,-0.0063328545074909925,0.0
6120.330082520631,-0.00882376660592854,0.0
6121.155288822206,-0.009935206966474652,0.0
6121.980495123782,-0.010712204733863473,0.0
6122.805701425357,-0.010019982000812888,0.0
6123.6309077269325,-0.0072506258729845285,0.0
6124.456114028508,-0.0024854842922650278,0.0
6125.281320330083,0.0005319878691807389,0.0
6126.106526631658,0.002196194836869836,0.0
6126.931732933233,0.0005927013698965311,0.0
6127.756939234809,0.0023471652530133724,0.0
6128.582145536384,0.002160789677873254,0.0
6129.40735183796,0.003506098873913288,0.0
6130.232558139535,0.003643774427473545,0.0
6131.0577644411105,0.004637318197637796,0.0
6131.882970742687,0.0048768967390060425,0.0
6132.708177044262,0.0007430112455040216,0.0
6133.533383345837,0.0,0.0
6134.358589647412,-0.004765263758599758,0.0
6135.183795948988,-0.012803623918443918,0.0
6136.009002250563,-0.018352987710386515,0.0
6136.834208552138,-0.01992899860488251,0.0
6137.659414853713,-0.019181531097274274,0.0
6138.484621155289,-0.017395796545315534,0.0
6139.309827456865,-0.0163899956678506,0.0
6140.13503375844,-0.013128222621162422,0.0
6140.960240060016,-0.006223212054464966,0.0
6141.785446361591,-0.003139783220831305,0.0
6142.610652663167,-0.0011853495379909873,0.0
6143.435858964742,0.0,0.0
6144.261065266317,0.002830727811669931,0.0
6145.086271567892,0.0053045477252453566,0.0
6145.9114778694675,0.007242944790050387,0.0
6146.736684171043,0.007834252202883363,0.0
6147.561890472618,0.008223587879911065,0.0
6148.387096774194,0.004509984108153731,0.0
6149.212303075769,0.0018013428198173642,0.0
6150.037509377345,0.0022922149510122836,0.0
6150.862715678921,0.005237750010564923,0.0
6151.687921980496,0.005396234104409814,0.0
6152.513128282071,0.004340828279964626,0.0
6153.338334583646,0.00310759455896914,0.0
6154.163540885222,0.0021642239880748093,0.0
6154.988747186797,0.0027594586135819554,0.0
6155.813953488372,0.003162515931762755,0.0
6156.639159789947,0.003818865050561726,0.0
6157.4643660915235,0.0011735272855730727,0.0
6158.289572393099,-0.0037842028541490436,0.0
6159.114778694674,-0.009920155978761613,0.0
6159.93998499625,-0.015113936038687825,0.0
6160.765191297825,-0.01972281700000167,0.0
6161.590397599401,-0.02331638988107443,0.0
6162.415603900976,-0.02480733348056674,0.0
6163.240810202551,-0.024669996695593,0.0
6164.066016504126,-0.020923418225720525,0.0
6164.891222805702,-0.015068183885887265,0.0
6165.716429107277,-0.01264561666175723,0.0
6166.541635408852,-0.012303235940635204,0.0
6167.366841710428,-0.012637002859264612,0.0
6168.192048012003,-0.013190258527174592,0.0
6169.017254313579,-0.01445788552518934,0.0
6169.842460615155,-0.015292318887077272,0.0
6170.66766691673,-0.014484530664049089,0.0
6171.492873218305,-0.011035375646315515,0.0
6172.3180795198805,-0.005558104836381972,0.0
6173.143285821456,-0.0026329581742174923,0.0
6173.968492123031,-0.0012443301384337246,0.0
6174.793698424606,-0.003613632230553776,0.0
6175.618904726181,-0.0031599829089827836,0.0
6176.444111027758,-0.0020761481137014925,0.0
6177.269317329333,-0.0008003250113688409,0.0
6178.094523630908,0.0,0.0
6178.919729932484,0.0007668411417398602,0.0
6179.744936234059,0.001717260733130388,0.0
6180.570142535635,0.0024577160802436993,0.0
6181.39534883721,0.00344574153132271,0.0
6182.220555138785,0.005139438377227634,0.0
6183.04576144036,0.006469009327702224,0.0
6183.870967741936,0.006976602366194129,0.0
6184.696174043511,0.006083481712266803,0.0
6185.521380345086,0.005369440885260701,0.0
6186.346586646662,0.004233529209159315,0.0
6187.171792948237,0.003237829718273133,0.0
6187.996999249813,0.00022609718143939972,0.0
6188.822205551389,-0.003552077803760767,0.0
6189.647411852964,-0.006458648014813662,0.0
6190.472618154539,-0.008698912803083658,0.0
6191.2978244561145,-0.009154855739325285,0.0
6192.12303075769,-0.007184955757111311,0.0
6192.948237059265,-0.005414135288447142,0.0
6193.77344336084,-0.0008714448194950819,0.0
6194.5986496624155,0.0026548128807917237,0.0
6195.423855963992,0.005071296822279692,0.0
6196.249062265567,0.006176726194098592,0.0
6197.074268567142,0.004890795680694282,0.0
6197.899474868718,0.00277880480280146,0.0
6198.7246811702935,0.001260560704395175,0.0
6199.549887471869,-0.0018337511573918164,0.0
6200.375093773444,-0.0022219750680960715,0.0
6201.200300075019,0.0003780499246204272,0.0
6202.025506376594,0.001423896406777203,0.0
6202.85071267817,0.0028631623717956245,0.0
6203.675918979745,0.003500378632452339,0.0
6204.50112528132,0.0062023517093621194,0.0
6205.326331582896,0.007466599752660841,0.0
6206.1515378844715,0.006834221931057982,0.0
6206.976744186047,0.007344487705267966,0.0
6207.801950487623,0.006770835374481976,0.0
6208.627156789198,0.004805146178114228,0.0
6209.452363090773,0.0048374151811003685,0.0
6210.277569392349,0.003046507597900927,0.0
6211.102775693924,0.00019412476103752851,0.0
6211.927981995499,-0.0014091285411268473,0.0
6212.753188297074,-0.0038275897968560457,0.0
6213.5783945986495,-0.006294553633779287,0.0
6214.403600900226,-0.006191309541463852,0.0
6215.228807201801,-0.0047490939032286406,0.0
6216.054013503376,-0.005577608477324247,0.0
6216.879219804952,-0.005551175447180867,0.0
6217.7044261065275,-0.004330548224970698,0.0
6218.529632408103,-0.003399703884497285,0.0
6219.354838709678,-0.002872731303796172,0.0
6220.180045011253,-0.0030433128122240305,0.0
6221.0052513128285,-0.0026991695631295443,0.0
6221.830457614404,0.0,0.0
6222.655663915979,0.004363256215583533,0.0
6223.480870217554,0.004866643168497831,0.0
6224.30607651913,0.007018298143520951,0.0
6225.131282820706,0.008750823559239507,0.0
6225.956489122281,0.008593104779720306,0.0
6226.781695423857,0.007291087997145951,0.0
6227.606901725432,0.004314070334658027,0.0
6228.432108027007,4.717661067843437e-05,0.0
6229.257314328583,-0.004768959246575832,0.0
6230.082520630158,-0.007635438349097967,0.0
6230.907726931733,-0.007625588681548834,0.0
6231.732933233308,-0.00697224261239171,0.0
6232.558139534884,-0.0026463461108505726,0.0
6233.38334583646,0.0012227431870996952,0.0
6234.208552138035,0.005443586385808885,0.0
6235.03375843961,0.008473715395666659,0.0
6235.858964741186,0.008455681148916483,0.0
6236.684171042762,0.005671239923685789,0.0
6237.509377344337,0.0035386865492910147,0.0
6238.334583645912,0.003200801555067301,0.0
6239.159789947487,0.0011677383445203304,0.0
6239.9849962490625,-0.002476693596690893,0.0
6240.810202550638,-0.00462298234924674,0.0
6241.635408852213,-0.00519065884873271,0.0
6242.460615153788,-0.007607331033796072,0.0
6243.285821455364,-0.00915979640558362,0.0
6244.11102775694,-0.010459182318300009,0.0
6244.936234058515,-0.010084745474159718,0.0
6245.761440360091,-0.007810911629348993,0.0
6246.586646661666,-0.007663752883672714,0.0
6247.4118529632415,-0.004621127154678106,0.0
6248.237059264817,-0.0012582908384501934,0.0
6249.062265566392,0.0,0.0
6249.887471867967,-0.001350926235318184,0.0
6250.712678169542,-0.00369208212941885,0.0
6251.537884471118,-0.0061552817933261395,0.0
6252.363090772694,-0.008907967247068882,0.0
6253.188297074269,-0.011257228907197714,0.0
6254.013503375844,-0.012471702415496111,0.0
6254.83870967742,-0.01265423558652401,0.0
6255.663915978996,-0.012915926054120064,0.0
6256.489122280571,-0.010924330912530422,0.0
6257.314328582146,-0.008940351195633411,0.0
6258.139534883721,-0.00456999521702528,0.0
6258.964741185297,-0.0002998020499944687,0.0
6259.789947486872,0.000944661907851696,0.0
6260.615153788447,0.003010410349816084,0.0
6261.440360090022,0.004693188704550266,0.0
6262.265566391598,0.005702177062630653,0.0
6263.090772693174,0.005964019801467657,0.0
6263.915978994749,0.006875903345644474,0.0
6264.741185296325,0.0064043691381812096,0.0
6265.5663915979,0.005527577828615904,0.0
6266.3915978994755,0.006030627992004156,0.0
6267.216804201051,0.009135133819654584,0.0
6268.042010502626,0.010943940724246204,0.0
6268.867216804201,0.01055230398196727,0.0
6269.6924231057765,0.012128074100473896,0.0
6270.517629407352,0.01168576322379522,0.0
6271.342835708928,0.00967940001282841,0.0
6272.168042010503,0.008134511532261968,0.0
6272.993248312078,0.00947387277847156,0.0
6273.8184546136545,0.010389094124548137,0.0
6274.64366091523,0.009977267822250724,0.0
6275.468867216805,0.008619014057330787,0.0
6276.29407351838,0.008084245782811195,0.0
6277.119279819955,0.004126260289922357,0.0
6277.944486121531,-0.00039347633719444275,0.0
6278.769692423106,-0.0035439571365714073,0.0
6279.594898724681,-0.005370758473873138,0.0
6280.420105026256,-0.0067412033677101135,0.0
6281.2453113278325,-0.008888172917068005,0.0
6282.070517629408,-0.011805557645857334,0.0
6282.895723930983,-0.014267017133533955,0.0
6283.720930232559,-0.014263355173170567,0.0
6284.546136534134,-0.014275790192186832,0.0
6285.37134283571,-0.013179994188249111,0.0
6286.196549137285,-0.012365228496491909,0.0
6287.02175543886,-0.012022889219224453,0.0
6287.846961740435,-0.011463350616395473,0.0
6288.6721680420105,-0.00858264323323965,0.0
6289.497374343586,-0.005749213509261608,0.0
6290.322580645162,-0.006034960970282555,0.0
6291.147786946737,-0.0038211680948734283,0.0
6291.972993248312,-0.0020778272300958633,0.0
6292.7981995498885,-0.002142668701708317,0.0
6293.623405851464,-0.0034118453040719032,0.0
6294.448612153039,-0.003413197584450245,0.0
6295.273818454614,0.010724512860178947,0.0
6296.0990247561895,0.010724512860178947,0.0
6296.924231057765,0.010724512860178947,0.0
6297.74943735934,0.010724512860178947,0.0
6298.574643660915,0.010724512860178947,0.0
6299.39984996249,0.010724512860178947,0.0
6300.225056264067,0.010724512860178947,0.0
6301.050262565642,0.010724512860178947,0.0
6301.875468867217,0.010724512860178947,0.0
6302.700675168793,0.010724512860178947,0.0
6303.525881470368,0.010724512860178947,0.0
6304.351087771944,0.010724512860178947,0.0
6305.176294073519,0.010724512860178947,0.0
6306.001500375094,-0.0012826407328248024,0.0
6306.826706676669,-0.0008695563301444054,0.0
6307.651912978245,-0.0004425700753927231,0.0
6308.47711927982,0.0,0.0
6309.302325581396,-0.00021805427968502045,0.0
6310.127531882971,-0.0016869241371750832,0.0
6310.952738184546,-0.001586063764989376,0.0
6311.777944486123,-0.0016059856861829758,0.0
6312.603150787698,-0.004154432564973831,0.0
6313.428357089273,-0.005096291657537222,0.0
6314.253563390848,-0.006871416233479977,0.0
6315.0787696924235,-0.008459296077489853,0.0
6315.903975993999,-0.009767215233296156,0.0
6316.729182295574,-0.011699051363393664,0.0
6317.554388597149,-0.011277384590357542,0.0
6318.3795948987245,-0.01241914473939687,0.0
6319.204801200301,-0.011866666260175407,0.0
6320.030007501876,-0.0086899803718552,0.0
6320.855213803451,-0.007093080785125494,0.0
6321.680420105027,-0.006416174583137035,0.0
6322.5056264066025,-0.005619266536086798,0.0
6323.330832708178,-0.0019053523428738117,0.0
6324.156039009753,-0.00032026099506765604,0.0
6324.981245311328,4.658856050809845e-05,0.0
6325.806451612903,0.00348773249424994,0.0
6326.631657914479,0.005712638609111309,0.0
6327.456864216054,0.005401248577982187,0.0
6328.28207051763,0.004489338491111994,0.0
6329.107276819205,0.003452157601714134,0.0
6329.9324831207805,0.0025734538212418556,0.0
6330.757689422357,0.0036902306601405144,0.0
6331.582895723932,0.0037116343155503273,0.0
6332.408102025507,0.00234112236648798,0.0
6333.233308327082,-0.0007027137326076627,0.0
6334.058514628658,-0.0033628104720264673,0.0
6334.883720930233,-0.00740524847060442,0.0
6335.708927231808,-0.010864653624594212,0.0
6336.534133533383,-0.009570918045938015,0.0
6337.3593398349585,-0.009257156401872635,0.0
6338.184546136535,-0.006235378794372082,0.0
6339.00975243811,-0.0012062833411619067,0.0
6339.834958739685,0.0010568046709522605,0.0
6340.660165041261,0.0006005892064422369,0.0
6341.4853713428365,0.0019922929350286722,0.0
6342.310577644412,0.0034316303208470345,0.0
6343.135783945987,0.0029224820900708437,0.0
6343.960990247562,0.0017980923876166344,0.0
6344.7861965491375,0.0017329713227809407,0.0
6345.611402850713,0.0010366225324105471,0.0
6346.436609152288,0.00046211201697587967,0.0
6347.261815453864,0.0017424620455130935,0.0
6348.087021755439,0.0038067481946200132,0.0
6348.9122280570145,0.006009907694533467,0.0
6349.737434358591,0.005669181817211211,0.0
6350.562640660166,0.00398274464532733,0.0
6351.387846961741,0.0031371230725198984,0.0
6352.213053263316,0.003572602174244821,0.0
6353.038259564892,0.002106092404574156,0.0
6353.863465866467,-1.6607344150543213e-05,0.0
6354.688672168042,-0.0006567517993971705,0.0
6355.513878469617,-0.0023311439144890755,0.0
6356.339084771193,-0.0037936385488137603,0.0
6357.164291072769,-0.005705072544515133,0.0
6357.989497374344,-0.006285610841587186,0.0
6358.81470367592,-0.0025734538212418556,0.0
6359.639909977495,-0.0025916893500834703,0.0
6360.465116279071,-0.0025916893500834703,0.0
6361.290322580646,-0.0025916893500834703,0.0
6362.115528882221,-0.0025916893500834703,0.0
6362.940735183796,-0.0025916893500834703,0.0
6363.7659414853715,-0.0025916893500834703,0.0
6364.591147786947,-0.0025916893500834703,0.0
6365.416354088522,-0.0025916893500834703,0.0
6366.241560390098,-0.002695478033274412,0.0
6367.066766691673,-0.002799266716465354,0.0
6367.891972993249,-0.002799266716465354,0.0
6368.717179294825,-0.002799266716465354,0.0
6369.5423855964,-0.00020757736638188362,0.0
6370.367591897975,0.0001411174889653921,0.0
6371.19279819955,0.0007417453452944756,0.0
6372.018004501126,0.0015893399249762297,0.0
6372.843210802701,0.0025636418722569942,0.0
6373.668417104276,0.003095201449468732,0.0
6374.493623405851,0.0030359525699168444,0.0
6375.318829707427,0.003081334289163351,0.0
6376.144036009003,0.0026611590292304754,0.0
6376.969242310578,0.0035877153277397156,0.0
6377.794448612154,0.00530247064307332,0.0
6378.619654913729,0.004914647433906794,0.0
6379.444861215305,0.005278705153614283,0.0
6380.27006751688,0.005263074534013867,0.0
6381.095273818455,0.005304256919771433,0.0
6381.92048012003,0.0064197087194770575,0.0
6382.745686421606,0.00586782768368721,0.0
6383.570892723181,0.005614881869405508,0.0
6384.396099024756,0.005490196868777275,0.0
6385.221305326332,0.005643229698762298,0.0
6386.046511627907,0.006545342039316893,0.0
6386.871717929483,0.007855864008888602,0.0
6387.696924231059,0.006978231715038419,0.0
6388.522130532634,0.0057795599568635225,0.0
6389.347336834209,0.004144874634221196,0.0
6390.1725431357845,0.0019610512536019087,0.0
6390.99774943736,-0.0012416166719049215,0.0
6391.822955738935,-0.0016560788499191403,0.0
6392.64816204051,-0.002999131800606847,0.0
6393.473368342085,-0.004043248540256172,0.0
6394.298574643661,-0.0037366865144576877,0.0
6395.123780945237,-0.0021728751016780734,0.0
6395.948987246812,-0.0007360088638961315,0.0
6396.774193548388,-0.0022430536337196827,0.0
6397.599399849963,-0.0031735096126794815,0.0
6398.424606151539,-0.005244012165348977,0.0
6399.249812453114,-0.006882509915158153,0.0
6400.075018754689,-0.007574648596346378,0.0
6400.900225056264,-0.007093134569004178,0.0
6401.72543135784,-0.005665324395522475,0.0
6402.550637659415,-0.0012508456129580736,0.0
6403.37584396099,0.0038272663950920105,0.0
6404.201050262566,0.00678242789581418,0.0
6405.0262565641415,0.006074308883398771,0.0
6405.851462865717,0.005294259171932936,0.0
6406.676669167293,0.003853160422295332,0.0
6407.501875468868,0.002381024183705449,0.0
6408.327081770443,0.0010982255917042494,0.0
6409.152288072019,-0.0009919065050780773,0.0
6409.977494373594,-0.0026848030101973563,0.0
6410.802700675169,-0.0027012277860194445,0.0
6411.627906976744,-0.0033191677648574114,0.0
6412.4531132783195,-0.000968581298366189,0.0
6413.278319579896,-0.00018417323008179665,0.0
6414.103525881471,0.0009141808841377497,0.0
6414.928732183046,0.0035916948691010475,0.0
6415.753938484622,0.0040839179418981075,0.0
6416.5791447861975,0.00363406864926219,0.0
6417.404351087773,0.0008818968199193478,0.0
6418.229557389348,-0.0008348587434738874,0.0
6419.054763690923,-0.0016651926562190056,0.0
6419.879969992498,-0.0036307115806266665,0.0
6420.705176294074,-0.003690791199915111,0.0
6421.530382595649,-0.0025115260505117476,0.0
6422.355588897224,-4.687672480940819e-05,0.0
6423.1807951988,0.002959576901048422,0.0
6424.0060015003755,0.005584584549069405,0.0
6424.831207801951,0.00844183238223195,0.0
6425.656414103527,0.009122349787503481,0.0
6426.481620405102,0.008885340765118599,0.0
6427.306826706677,0.007104557007551193,0.0
6428.132033008253,0.0016136958729475737,0.0
6428.957239309828,-0.0013216531369835138,0.0
6429.782445611403,-0.0008418696234002709,0.0
6430.607651912978,-0.002127334417309612,0.0
6431.432858214554,-0.0027329306467436254,0.0
6432.25806451613,-0.0014359331544255838,0.0
6433.083270817705,-0.0007432413403876126,0.0
6433.90847711928,0.002679628087207675,0.0
6434.733683420856,0.0036064760060980916,0.0
6435.558889722432,0.003412113757804036,0.0
6436.384096024007,0.00039937032852321863,0.0
6437.209302325582,-0.002079463272821158,0.0
6438.034508627157,-0.0027133740950375795,0.0
6438.8597149287325,-0.0023651766823604703,0.0
6439.684921230308,-0.00119291729060933,0.0
6440.510127531883,0.0002706870436668396,0.0
6441.335333833458,0.002911915769800544,0.0
6442.160540135034,0.006844008108600974,0.0
6442.98574643661,0.008052686345763505,0.0
6443.810952738185,0.010068477247841656,0.0
6444.636159039761,0.009984588949009776,0.0
6445.461365341336,0.009625245933420956,0.0
6446.286571642911,0.007093722291756421,0.0
6447.111777944487,0.0034061361220665276,0.0
6447.936984246062,0.00039074773667380214,0.0
6448.762190547637,-0.0036785040865652263,0.0
6449.587396849212,-0.004621262371074408,0.0
6450.412603150788,-0.004626951820682734,0.0
6451.237809452364,-0.004336800368037075,0.0
6452.063015753939,-0.0005256530712358654,0.0
6452.888222055514,0.001411892706528306,0.0
6453.71342835709,0.001271088476642035,0.0
6454.538634658666,0.0009438499109819531,0.0
6455.363840960241,-0.00012516222341218963,0.0
6456.189047261816,-0.00039894132714834996,0.0
6457.014253563391,0.0019509130906953942,0.0
6457.839459864967,0.002001271099288715,0.0
6458.664666166542,0.0005749215306423139,0.0
6459.489872468117,0.000788025889050914,0.0
6460.315078769692,-0.0020814971649087965,0.0
6461.140285071268,-0.005352167005185038,0.0
6461.965491372844,-0.0070352284419641364,0.0
6462.790697674419,-0.007339155612498871,0.0
6463.615903975995,-0.006453711677750107,0.0
6464.44111027757,-0.004255436677340185,0.0
6465.2663165791455,-0.0006695535557810217,0.0
6466.091522880721,0.002537492589908652,0.0
6466.916729182296,0.005580371682299301,0.0
6467.741935483871,0.004485950488742674,0.0
6468.567141785446,0.0024446141069347505,0.0
6469.392348087022,-0.0007215977238956839,0.0
6470.217554388598,-0.003009423686307855,0.0
6471.042760690173,-0.002074599964544177,0.0
6471.867966991748,-0.002502042450942099,0.0
6472.693173293324,-0.0036378108779899776,0.0
6473.5183795949,-0.0031936466693878174,0.0
6474.343585896475,-0.00036896253004670143,0.0
6475.16879219805,0.0019858317282341886,0.0
6475.993998499625,0.004087332868948579,0.0
6476.819204801201,0.004063563188537955,0.0
6477.644411102776,0.0020115304505452514,0.0
6478.469617404351,-0.00013939128257334232,0.0
6479.294823705926,-0.0008892985060811043,0.0
6480.1200300075025,-0.0022364220931194723,0.0
6480.945236309078,-0.0036092039081268013,0.0
6481.770442610653,-0.005335131369065493,0.0
6482.595648912229,-0.005480442836415023,0.0
6483.420855213804,-0.0036221749032847583,0.0
6484.24606151538,-0.002294561534654349,0.0
6485.071267816955,0.00045293738367035985,0.0
6485.89647411853,0.0021888239425607026,0.0
6486.721680420105,0.004683314880821854,0.0
6487.5468867216805,0.0053708974737674,0.0
6488.372093023256,0.0050112230237573385,0.0
6489.197299324832,0.0031138024642132223,0.0
6490.022505626407,-0.001674556639045477,0.0
6490.847711927982,-0.007087955251336098,0.0
6491.6729182295585,-0.012700790073722601,0.0
6492.498124531134,-0.019217475783079863,0.0
6493.323330832709,-0.026991867925971746,0.0
6494.148537134284,-0.03342151688411832,0.0
6494.973743435859,-0.03600591840222478,0.0
6495.798949737435,-0.034582235384732485,0.0
6496.62415603901,-0.03174023097380996,0.0
6497.449362340585,-0.027597769629210234,0.0
6498.27456864216,-0.02251833025366068,0.0
6499.0997749437365,-0.016251177643425763,0.0
6499.924981245312,-0.012384883244521916,0.0
6500.750187546887,-0.007820822414942086,0.0
6501.575393848463,-0.002837570500560105,0.0
6502.400600150038,-0.0017083263956010342,0.0
6503.225806451614,-0.00014023366384208202,0.0
6504.051012753189,0.0008813998429104686,0.0
6504.876219054764,-0.00038011930882930756,0.0
6505.701425356339,-0.00045194406993687153,0.0
6506.526631657915,3.200676292181015e-05,0.0
6507.35183795949,0.0013451171107590199,0.0
6508.177044261066,0.0033582967007532716,0.0
6509.002250562641,0.0037179222563281655,0.0
6509.827456864216,0.004873689962550998,0.0
6510.652663165793,0.004819523077458143,0.0
6511.477869467368,0.005619382252916694,0.0
6512.303075768943,0.005818568170070648,0.0
6513.128282070518,0.0041948925936594605,0.0
6513.9534883720935,0.002101239515468478,0.0
6514.778694673669,0.0014841685770079494,0.0
6515.603900975244,0.0003444028552621603,0.0
6516.429107276819,0.0002041892148554325,0.0
6517.254313578394,-0.0017364302184432745,0.0
6518.079519879971,-0.0028217588551342487,0.0
6518.904726181546,-0.0018841791898012161,0.0
6519.729932483121,-0.00041153584606945515,0.0
6520.555138784697,0.0009232999291270971,0.0
6521.380345086272,9.858701378107071e-05,0.0
6522.205551387848,0.0009346756851300597,0.0
6523.030757689423,0.0007962028030306101,0.0
6523.855963990998,0.0015404511941596866,0.0
6524.681170292573,0.0009898553835228086,0.0
6525.506376594149,0.0003806391032412648,0.0
6526.331582895724,-0.0010050152195617557,0.0
6527.1567891973,-0.0019856103463098407,0.0
6527.981995498875,-0.0015789963072165847,0.0
6528.8072018004505,-0.0009550013346597552,0.0
6529.632408102027,0.0001217089593410492,0.0
6530.457614403602,0.00027626589871942997,0.0
6531.282820705177,0.0006095366552472115,0.0
6532.108027006752,0.0008090620394796133,0.0
6532.9332333083275,-2.7786940336227417e-05,0.0
6533.758439609903,0.00045169610530138016,0.0
6534.583645911478,0.0010150314774364233,0.0
6535.408852213053,0.0010554539039731026,0.0
6536.2340585146285,0.0007897289469838142,0.0
6537.059264816205,0.0,0.0
6537.88447111778,-0.0010215381626039743,0.0
6538.709677419355,-0.0006032326491549611,0.0
6539.534883720931,-0.001754134427756071,0.0
6540.3600900225065,-0.002081692684441805,0.0
6541.185296324082,-0.00035571446642279625,0.0
6542.010502625657,-0.0014544317964464426,0.0
6542.835708927232,-0.0023735736031085253,0.0
6543.660915228807,-0.003104566363617778,0.0
6544.486121530383,-0.006047709146514535,0.0
6545.311327831958,-0.007706844713538885,0.0
6546.136534133534,-0.007544828578829765,0.0
6546.961740435109,-0.007310432149097323,0.0
6547.7869467366845,-0.005868829088285565,0.0
6548.612153038261,-0.003727803472429514,0.0
6549.437359339836,-0.0026601101271808147,0.0
6550.262565641411,-0.005572389345616102,0.0
6551.087771942986,-0.00790428789332509,0.0
6551.912978244562,-0.01101553114131093,0.0
6552.738184546137,-0.013041591737419367,0.0
6553.563390847712,-0.01509718643501401,0.0
6554.388597149287,-0.01880407379940152,0.0
6555.2138034508625,-0.022572745103389025,0.0
6556.039009752439,-0.026473455596715212,0.0
6556.864216054014,-0.03206611471250653,0.0
6557.689422355589,-0.03967357845976949,0.0
6558.514628657165,-0.05398394586518407,0.0
6559.3398349587405,-0.07483194442465901,0.0
6560.165041260316,-0.10050954343751073,0.0
6560.990247561891,-0.12351607950404286,0.0
6561.815453863466,-0.13863099785521626,0.0
6562.6406601650415,-0.14308291440829635,0.0
6563.465866466617,-0.13512128358706832,0.0
6564.291072768192,-0.1172368754632771,0.0
6565.116279069768,-0.0919548966921866,0.0
6565.941485371343,-0.06607125932350755,0.0
6566.766691672919,-0.04626696044579148,0.0
6567.591897974495,-0.03339056530967355,0.0
6568.41710427607,-0.026398627553135157,0.0
6569.242310577645,-0.021861443761736155,0.0
6570.06751687922,-0.017620470840483904,0.0
6570.892723180796,-0.015254298690706491,0.0
6571.717929482371,-0.013867076952010393,0.0
6572.543135783946,-0.01211172016337514,0.0
6573.368342085521,-0.009629795793443918,0.0
6574.193548387097,-0.008050367701798677,0.0
6575.018754688673,-0.00743763567879796,0.0
6575.843960990248,-0.0046893819235265255,0.0
6576.669167291823,-0.0026905760169029236,0.0
6577.494373593399,-4.942575469613075e-05,0.0
6578.319579894975,0.0013459620531648397,0.0
6579.14478619655,5.4007163271307945e-05,0.0
6579.969992498125,-0.00022937380708754063,0.0
6580.7951987997,0.000343176769092679,0.0
6581.6204051012755,0.00107611995190382,0.0
6582.445611402851,0.00034740823321044445,0.0
6583.270817704426,-0.00012215692549943924,0.0
6584.096024006002,0.0007183749694377184,0.0
6584.921230307577,-0.0004524041432887316,0.0
6585.746436609153,-0.0007307711057364941,0.0
6586.571642910729,0.0012121526524424553,0.0
6587.396849212304,0.0030731891747564077,0.0
6588.222055513879,0.003068881807848811,0.0
6589.0472618154545,0.0021626832894980907,0.0
6589.87246811703,-0.00019621709361672401,0.0
6590.697674418605,-0.003679990768432617,0.0
6591.52288072018,-0.0067894347012043,0.0
6592.348087021755,-0.00944359041750431,0.0
6593.173293323331,-0.010421331971883774,0.0
6593.998499624907,-0.00995880551636219,0.0
6594.823705926482,-0.007177609950304031,0.0
6595.648912228057,-0.0026024882681667805,0.0
6596.474118529633,-0.00024033896625041962,0.0
6597.299324831209,-8.168630301952362e-05,0.0
6598.124531132784,-1.5620142221450806e-05,0.0
6598.949737434359,-0.0004124549450352788,0.0
6599.774943735934,0.0011950319167226553,0.0
6600.60015003751,0.003919042967027053,0.0
6601.425356339085,0.006817612680606544,0.0
6602.25056264066,0.005766348447650671,0.0
6603.075768942236,0.0034891401301138103,0.0
6603.900975243811,0.0010487023973837495,0.0
6604.726181545387,-0.0003692423924803734,0.0
6605.551387846963,-0.0009401689749211073,0.0
6606.376594148538,-0.0008996876422315836,0.0
6607.201800450113,-0.0022842036560177803,0.0
6608.0270067516885,-0.0033734727185219526,0.0
6608.852213053264,-0.003528495319187641,0.0
6609.677419354839,-0.0012151864357292652,0.0
6610.502625656414,-0.000368933891877532,0.0
6611.3278319579895,-1.4625955373048782e-05,0.0
6612.153038259565,-0.0005347478436306119,0.0
6612.978244561141,0.00020611565560102463,0.0
6613.803450862716,0.002061268503894098,0.0
6614.628657164292,0.003207232221029699,0.0
6615.4538634658675,0.005119681009091437,0.0
6616.279069767443,0.004984515602700412,0.0
6617.104276069018,0.005658648791722953,0.0
6617.929482370593,0.006459901807829738,0.0
6618.754688672168,0.006296986131928861,0.0
6619.579894973744,0.005455173552036285,0.0
6620.405101275319,0.006385463930200785,0.0
6621.230307576894,0.0061755164788337424,0.0
6622.05551387847,0.00453860116249416,0.0
6622.8807201800455,0.0019365404295967892,0.0
6623.705926481621,0.002735651440161746,0.0
6624.531132783197,0.0036139835428912193,0.0
6625.356339084772,0.0025835796841420233,0.0
6626.181545386347,0.00165121495956555,0.0
6627.006751687923,0.0,0.0
6627.831957989498,-0.0008876899519236758,0.0
6628.657164291073,-0.0005389346624724567,0.0
6629.482370592648,-0.00010441301856189966,0.0
6630.3075768942235,-6.546953227370977e-05,0.0
6631.132783195799,-0.0026827864348888397,0.0
6631.957989497375,-0.0037111829733476043,0.0
6632.78319579895,-0.004130139830522239,0.0
6633.608402100526,-0.0040599239291623235,0.0
6634.4336084021015,-0.003363851341418922,0.0
6635.258814703677,-0.0021189815597608685,0.0
6636.084021005252,-0.0009262124804081395,0.0
6636.909227306827,6.961531471461058e-05,0.0
6637.7344336084025,0.0012797861127182841,0.0
6638.559639909978,0.002621786785311997,0.0
6639.384846211553,0.0017648044740781188,0.0
6640.210052513128,0.001052144099958241,0.0
6641.035258814704,-0.0011296447555650957,0.0
6641.86046511628,-0.0038802693597972393,0.0
6642.685671417855,-0.006699450081214309,0.0
6643.510877719431,-0.006912984070368111,0.0
6644.336084021006,-0.005036179907619953,0.0
6645.161290322581,-0.0035379136679694057,0.0
6645.986496624157,-0.003148945397697389,0.0
6646.811702925732,-0.001997395826037973,0.0
6647.636909227307,-6.961531471461058e-05,0.0
6648.462115528882,0.0010022687492892146,0.0
6649.287321830458,0.002041244297288358,0.0
6650.112528132033,0.002755182678811252,0.0
6650.937734433609,0.0015498311258852482,0.0
6651.762940735184,0.0008318155305460095,0.0
6652.58814703676,0.001112082158215344,0.0
6653.413353338336,0.0021381241967901587,0.0
6654.238559639911,0.0033435685327276587,0.0
6655.063765941486,0.0029819199116900563,0.0
6655.888972243061,0.002169423853047192,0.0
6656.7141785446365,0.0013240632833912969,0.0
6657.539384846212,0.00038915430195629597,0.0
6658.364591147787,0.00038000638596713543,0.0
6659.189797449362,0.0006968461675569415,0.0
6660.015003750938,-0.0012888037745142356,0.0
6660.840210052514,-0.0038742932956665754,0.0
6661.665416354089,-0.005488721886649728,0.0
6662.490622655665,-0.0040623018285259604,0.0
6663.31582895724,-0.006548988400027156,0.0
6664.1410352588155,-0.00830103550106287,0.0
6664.966241560391,-0.007397142238914967,0.0
6665.791447861966,-0.005287536885589361,0.0
6666.616654163541,-0.002356915734708309,0.0
6667.441860465116,-0.0016160985787792015,0.0
6668.267066766692,-0.0007117941277101636,0.0
6669.092273068268,0.0001309349900111556,0.0
6669.917479369843,0.001147506176494062,0.0
6670.742685671418,0.001458462793380022,0.0
6671.567891972994,0.0012241022195667028,0.0
6672.39309827457,0.0021497360430657864,0.0
6673.218304576145,0.0019931213464587927,0.0
6674.04351087772,0.000483447453007102,0.0
6674.868717179295,-0.0008181963348761201,0.0
6675.693923480871,-0.002435601258184761,0.0
6676.519129782446,-0.005637789145112038,0.0
6677.344336084021,-0.007785884663462639,0.0
6678.169542385596,-0.009181206580251455,0.0
6678.994748687172,-0.0075819287449121475,0.0
6679.819954988748,-0.007142641581594944,0.0
6680.645161290323,-0.005419824738055468,0.0
6681.470367591899,-0.0016524977254448459,0.0
6682.295573893474,3.8325903005898e-05,0.0
6683.1207801950495,0.0010599480010569096,0.0
6683.945986496625,0.001736618927679956,0.0
6684.7711927982,0.0008749839616939425,0.0
6685.596399099775,0.0012315738713368773,0.0
6686.4216054013505,0.0019050530390813947,0.0
6687.246811702926,0.0033509746426716447,0.0
6688.072018004502,0.003725676448084414,0.0
6688.897224306077,0.004038537270389497,0.0
6689.722430607652,0.004758245660923421,0.0
6690.5476369092285,0.004517959780059755,0.0
6691.372843210804,0.004175471025519073,0.0
6692.198049512379,0.00338111340533942,0.0
6693.023255813954,0.003418084583245218,0.0
6693.848462115529,0.0020810357527807355,0.0
6694.673668417105,0.0004898111801594496,0.0
6695.49887471868,-0.0016008789534680545,0.0
6696.324081020255,-0.002190571976825595,0.0
6697.14928732183,-0.0006671145820291713,0.0
6697.9744936234065,0.00017866940470412374,0.0
6698.799699924982,0.001828331674914807,0.0
6699.624906226557,0.002011519798543304,0.0
6700.450112528133,0.0021130472305230796,0.0
6701.275318829708,0.00149169861106202,0.0
6702.100525131284,0.0016322628944180906,0.0
6702.925731432859,0.0012402147403918207,0.0
6703.750937734434,0.00014727871166542172,0.0
6704.576144036009,-0.0005379787180572748,0.0
6705.4013503375845,0.0005600507138296962,0.0
6706.22655663916,2.4813052732497454e-05,0.0
6707.051762940736,-0.0024017204414121807,0.0
6707.876969242311,-0.001691841462161392,0.0
6708.702175543886,-0.0002435070346109569,0.0
6709.5273818454625,0.0012763136764988303,0.0
6710.352588147038,0.0005114178638905287,0.0
6711.177794448613,-0.00017209176439791918,0.0
6712.003000750188,-0.0006916704003288032,0.0
6712.8282070517635,-0.0016261572018265724,0.0
6713.653413353339,-0.002337062614969909,0.0
6714.478619654914,-0.003973644168581814,0.0
6715.303825956489,-0.003961314127082005,0.0
6716.129032258064,-0.004722999219666235,0.0
6716.9542385596405,-0.005392065111664124,0.0
6717.779444861216,-0.005721366964280605,0.0
6718.604651162791,-0.0051508961480521975,0.0
6719.429857464367,-0.00263363603153266,0.0
6720.255063765942,-0.0026281278987880796,0.0
6721.080270067518,-0.002837361127603799,0.0
6721.905476369093,-0.0021659547346644104,0.0
6722.730682670668,-0.002203399548307061,0.0
6723.555888972243,0.00020561955170705914,0.0
6724.381095273819,0.0011413520842324942,0.0
6725.206301575394,0.0005885364080313593,0.0
6726.03150787697,-0.00044279859866946936,0.0
6726.856714178545,0.0015505371848121285,0.0
6727.68192048012,0.0029698980506509542,0.0
6728.507126781697,0.0040610311552882195,0.0
6729.332333083272,0.0051085122395306826,0.0
6730.157539384847,0.005689173704013228,0.0
6730.982745686422,0.005889414576813579,0.0
6731.8079519879975,0.0047653899528086185,0.0
6732.633158289573,0.002658052137121558,0.0
6733.458364591148,-0.00012372108176350594,0.0
6734.283570892723,-0.0010417804587632418,0.0
6735.108777194298,-9.968935046344995e-05,0.0
6735.933983495875,0.0025058063911274076,0.0
6736.75918979745,0.0032055709161795676,0.0
6737.584396099025,0.0010708347690524533,0.0
6738.409602400601,-0.0003223402891308069,0.0
6739.234808702176,-0.0014390548458322883,0.0
6740.060015003752,-0.0013136479537934065,0.0
6740.885221305327,-0.0022778543643653393,0.0
6741.710427606902,-0.004376612603664398,0.0
6742.535633908477,-0.0016169884474948049,0.0
6743.360840210053,0.000498560257256031,0.0
6744.186046511628,0.00022164452821016312,0.0
6745.011252813204,0.0007533352763857692,0.0
6745.836459114779,0.00021676486358046532,0.0
6746.6616654163545,-0.0003573099384084344,0.0
6747.486871717931,-0.001985020935535431,0.0
6748.312078019506,-0.0035876010078936815,0.0
6749.137284321081,-0.003585526312235743,0.0
6749.962490622656,-0.004099037032574415,0.0
6750.787696924232,-0.004248279670719057,0.0
6751.612903225807,-0.0024351129250135273,0.0
6752.438109527382,-0.0020973932987544686,0.0
6753.263315828957,-0.0023547875025542453,0.0
6754.0885221305325,-0.0012216338654980063,0.0
6754.913728432109,-0.0008237940492108464,0.0
6755.738934733684,0.0005188747600186616,0.0
6756.564141035259,0.001974827522644773,0.0
6757.389347336835,0.00442004157230258,0.0
6758.2145536384105,0.0035955842467956245,0.0
6759.039759939986,0.002426072198431939,0.0
6759.864966241561,0.0019720871350727975,0.0
6760.690172543136,0.002872765704523772,0.0
6761.515378844711,0.0035826069652102888,0.0
6762.340585146287,0.003572707704734057,0.0
6763.165791447862,0.004022892564535141,0.0
6763.990997749438,0.0027305510884616524,0.0
6764.816204051013,0.0011962311691604555,0.0
6765.6414103525885,-0.0005225518834777176,0.0
6766.466616654165,-0.0020118189277127385,0.0
6767.29182295574,-0.002215315937064588,0.0
6768.117029257315,-0.0023487943130930944,0.0
6768.94223555889,-0.0030124435725156218,0.0
6769.767441860466,-0.0026719220040831715,0.0
6770.592648162041,-0.0036606507492251694,0.0
6771.417854463616,-0.003319907293189317,0.0
6772.243060765191,-0.002116262447088957,0.0
6773.068267066767,-1.76700996235013e-05,0.0
6773.893473368343,0.0016571402084082365,0.0
6774.718679669918,0.0009455503895878792,0.0
6775.543885971493,0.0013922995422035456,0.0
6776.369092273069,0.0023362997453659773,0.0
6777.194298574645,0.0036458936519920826,0.0
6778.01950487622,0.0038553373888134956,0.0
6778.844711177795,0.0023374794982373714,0.0
6779.66991747937,0.0008517575915902853,0.0
6780.4951237809455,0.0008432706817984581,0.0
6781.320330082521,0.0014453923795372248,0.0
6782.145536384096,0.00044395041186362505,0.0
6782.970742685672,-0.0015009506605565548,0.0
6783.795948987247,-0.003015481517650187,0.0
6784.621155288823,-0.0039017326198518276,0.0
6785.446361590399,-0.0027862440329045057,0.0
6786.271567891974,-0.003020808333531022,0.0
6787.096774193549,-0.003206887631677091,0.0
6787.921980495124,-0.0014101368701631145,0.0
6788.7471867967,-8.7613589130342e-05,0.0
6789.572393098275,0.0006353639764711261,0.0
6790.39759939985,0.0015569537645205855,0.0
6791.222805701425,0.0011101380223408341,0.0
6792.048012003001,-0.0003256642958149314,0.0
6792.873218304577,-0.00028017035219818354,0.0
6793.698424606152,0.0008524925215169787,0.0
6794.523630907727,0.0006848635384812951,0.0
6795.348837209303,-0.0005859550437889993,0.0
6796.174043510879,-0.0003382581053301692,0.0
6796.999249812454,0.0007590943714603782,0.0
6797.824456114029,-0.0006077752914279699,0.0
6798.649662415604,-0.00145880771742668,0.0
6799.47486871718,-0.00037153810262680054,0.0
6800.300075018755,-0.00013914518058300018,0.0
6801.12528132033,-0.00012071884702891111,0.0
6801.950487621906,0.001074078492820263,0.0
6802.775693923481,0.0007204374996945262,0.0
6803.600900225057,0.0005514885997399688,0.0
6804.426106526633,-0.00026827154215425253,0.0
6805.251312828208,-0.001555495909997262,0.0
6806.076519129783,-0.0008743553189560771,0.0
6806.9017254313585,-0.00045981083530932665,0.0
6807.726931732934,-0.000826647796202451,0.0
6808.552138034509,-0.0009750273311510682,0.0
6809.377344336084,-0.0015139010938582942,0.0
6810.202550637659,-0.0007910538697615266,0.0
6811.027756939235,-0.0008963086875155568,0.0
6811.852963240811,0.0002689993707463145,0.0
6812.678169542386,0.001575017930008471,0.0
6813.503375843961,0.000550569617189467,0.0
6814.328582145537,8.138769771903753e-05,0.0
6815.153788447113,0.0001618916285224259,0.0
6815.978994748688,0.0006163961952552199,0.0
6816.804201050263,0.00020630238577723503,0.0
6817.629407351838,0.0011043694103136659,0.0
6818.454613653414,0.0008832368766888976,0.0
6819.279819954989,0.0012963602785021067,0.0
6820.105026256564,0.002926247427240014,0.0
6820.93023255814,0.0021330638555809855,0.0
6821.7554388597155,0.001277042436413467,0.0
6822.580645161291,0.0020957786473445594,0.0
6823.405851462867,0.003247158892918378,0.0
6824.231057764442,0.0041047323029488325,0.0
6825.056264066017,0.002876580983866006,0.0
6825.881470367593,0.0010729191126301885,0.0
6826.706676669168,-0.0004158195952186361,0.0
6827.531882970743,-0.002437575545627624,0.0
6828.357089272318,-0.001273278088774532,0.0
6829.1822955738935,0.0008092369680525735,0.0
6830.007501875469,0.001849763109930791,0.0
6830.832708177045,0.0027957635902566835,0.0
6831.65791447862,0.002934684045612812,0.0
6832.483120780195,0.0020968850585632026,0.0
6833.3083270817715,0.00020397448679432273,0.0
6834.133533383347,-0.00037121743662282825,0.0
6834.958739684922,-0.0005589240463450551,0.0
6835.783945986497,-0.0011417713249102235,0.0
6836.609152288072,-0.0019587157294154167,0.0
6837.434358589648,-0.004159124568104744,0.0
6838.259564891223,-0.005989542696624994,0.0
6839.084771192798,-0.00809033284895122,0.0
6839.909977494374,-0.009359959803987294,0.0
6840.7351837959495,-0.008914029807783663,0.0
6841.560390097525,-0.00738678511697799,0.0
6842.385596399101,-0.006736187147907913,0.0
6843.210802700676,-0.006078425794839859,0.0
6844.036009002251,-0.005975672393105924,0.0
6844.861215303827,-0.003165201866067946,0.0
6845.686421605402,-0.0003340597031638026,0.0
6846.511627906977,3.838888369500637e-05,0.0
6847.336834208552,0.001106542011257261,0.0
6848.162040510128,0.000557666877284646,0.0
6848.987246811703,0.0009409162448719144,0.0
6849.812453113279,0.001029576815199107,0.0
6850.637659414854,0.0005592729430645704,0.0
6851.462865716429,0.0,0.0
6852.288072018006,-4.058005288243294e-06,0.0
6853.113278319581,0.00031410809606313705,0.0
6853.938484621156,-0.0009096133289858699,0.0
6854.763690922731,-0.0030769448494538665,0.0
6855.5888972243065,-0.003656294080428779,0.0
6856.414103525882,-0.003522596671245992,0.0
6857.239309827457,-0.002122944570146501,0.0
6858.064516129032,-0.0032082669204100966,0.0
6858.889722430608,-0.004195032990537584,0.0
6859.714928732184,-0.002786689787171781,0.0
6860.540135033759,-0.0020756613230332732,0.0
6861.365341335335,-0.0011758055770769715,0.0
6862.19054763691,-0.001165816211141646,0.0
6863.015753938485,0.00035300583112984896,0.0
6863.840960240061,0.00217595201684162,0.0
6864.666166541636,0.002610295603517443,0.0
6865.491372843211,0.00319085456430912,0.0
6866.316579144786,0.003487234003841877,0.0
6867.141785446362,0.002218263049144298,0.0
6867.966991747937,0.0,0.0
6868.792198049513,-0.0025099205086007714,0.0
6869.617404351088,-0.003105837502516806,0.0
6870.442610652664,-0.002781632007099688,0.0
6871.26781695424,-0.004364981898106635,0.0
6872.093023255815,-0.004222253919579089,0.0
6872.91822955739,-0.002570711658336222,0.0
6873.743435858965,-0.0019297887338325381,0.0
6874.568642160541,-2.094055525958538e-05,0.0
6875.393848462116,0.0011123136500827968,0.0
6876.219054763691,0.001797847244233708,0.0
6877.044261065266,0.0010379566228948534,0.0
6877.869467366842,0.002094267343636602,0.0
6878.694673668418,0.0032451844308525324,0.0
6879.519879969993,0.0018851221539080143,0.0
6880.345086271569,0.0021925593027845025,0.0
6881.170292573144,0.0015789500903338194,0.0
6881.9954988747195,0.002422338235192001,0.0
6882.820705176295,0.004506431985646486,0.0
6883.64591147787,0.005416082683950663,0.0
6884.471117779445,0.005542961065657437,0.0
6885.29632408102,0.0056662020506337285,0.0
6886.121530382596,0.0055540031753480434,0.0
6886.946736684171,0.00494527502451092,0.0
6887.771942985747,0.006051537115126848,0.0
6888.597149287322,0.006340804742649198,0.0
6889.422355588898,0.005001861078198999,0.0
6890.247561890474,0.004303658861317672,0.0
6891.072768192049,0.004540143127087504,0.0
6891.897974493624,0.002506574965082109,0.0
6892.723180795199,0.0008676403667777777,0.0
6893.548387096775,-0.00027982471510767937,0.0
6894.37359339835,-0.0011155083775520325,0.0
6895.198799699925,-0.0033550001680850983,0.0
6896.0240060015,-0.005724829621613026,0.0
6896.8492123030765,-0.006667015142738819,0.0
6897.674418604652,-0.005954155698418617,0.0
6898.499624906227,-0.005025468301028013,0.0
6899.324831207803,-0.0028169553261250257,0.0
6900.150037509378,-0.002610952826216817,0.0
6900.9752438109535,-0.003931127721443772,0.0
6901.800450112529,-0.0030093591194599867,0.0
6902.625656414104,-0.0009723587427288294,0.0
6903.450862715679,-0.0015245971735566854,0.0
6904.2760690172545,-0.0005843148101121187,0.0
6905.10127531883,-0.0007671143393963575,0.0
6905.926481620405,-0.002020415151491761,0.0
6906.751687921981,-0.0025253931526094675,0.0
6907.576894223556,-0.0028773846570402384,0.0
6908.4021005251325,-0.0033213335555046797,0.0
6909.227306826708,-0.0027144395280629396,0.0
6910.052513128283,-0.0014365434180945158,0.0
6910.877719429858,-0.0007827754598110914,0.0
6911.702925731433,-0.0006820366252213717,0.0
6912.528132033009,-0.002613241085782647,0.0
6913.353338334584,-0.004683313192799687,0.0
6914.178544636159,-0.005695269675925374,0.0
6915.003750937734,-0.0044623378198593855,0.0
6915.8289572393105,-0.004191054729744792,0.0
6916.654163540886,-0.0028755743987858295,0.0
6917.479369842461,-0.0010057040490210056,0.0
6918.304576144037,0.00030693947337567806,0.0
6919.129782445612,0.0017350693233311176,0.0
6919.954988747188,0.0032423014636151493,0.0
6920.780195048763,0.0028263434069231153,0.0
6921.605401350338,0.0008858884684741497,0.0
6922.430607651913,0.0004848379176110029,0.0
6923.2558139534885,0.0023325521033257246,0.0
6924.081020255064,0.0017475562635809183,0.0
6924.90622655664,0.0002808687277138233,0.0
6925.731432858215,-0.00012752809561789036,0.0
6926.55663915979,0.0010394772980362177,0.0
6927.3818454613665,0.0014033806510269642,0.0
6928.207051762942,0.00028505362570285797,0.0
6929.032258064517,-0.0007809235248714685,0.0
6929.857464366092,-0.0019276065286248922,0.0
6930.6826706676675,-0.00010496494360268116,0.0
6931.507876969243,0.001464525586925447,0.0
6932.333083270818,0.001911063038278371,0.0
6933.158289572393,0.002126550185494125,0.0
6933.983495873968,0.0014842328964732587,0.0
6934.808702175545,0.0013526292168535292,0.0
6935.63390847712,0.002377509546931833,0.0
6936.459114778695,0.003882226999849081,0.0
6937.284321080271,0.005465248948894441,0.0
6938.109527381846,0.00494167092256248,0.0
6938.934733683422,0.004739899304695427,0.0
6939.759939984997,0.00474754604510963,0.0
6940.585146286572,0.0028133150190114975,0.0
6941.410352588147,0.001683973299805075,0.0
6942.235558889723,0.0006830557831563056,0.0
6943.060765191298,-0.00130485650151968,0.0
6943.885971492874,-0.004373792035039514,0.0
6944.711177794449,-0.005605026904959232,0.0
6945.536384096024,-0.005931833467911929,0.0
6946.361590397601,-0.00555434642592445,0.0
6947.186796699176,-0.0034918111050501466,0.0
6948.012003000751,-0.0007557000499218702,0.0
6948.837209302326,0.002370202448219061,0.0
6949.6624156039015,0.0008253314590547234,0.0
6950.487621905477,-0.0008471538312733173,0.0
6951.312828207052,0.0013909777044318616,0.0
6952.138034508627,0.005341236712411046,0.0
6952.9632408102025,0.00449237140128389,0.0
6953.788447111779,-0.002244570729089901,0.0
6954.613653413354,-0.006789094069972634,0.0
6955.438859714929,-0.003984919399954379,0.0
6956.264066016505,-0.0014021391252754256,0.0
6957.0892723180805,-0.0002555285464040935,0.0
6957.914478619656,0.0005154575337655842,0.0
6958.739684921231,-0.0009772657867870294,0.0
6959.564891222806,-0.0001592622975294944,0.0
6960.390097524381,0.0,0.0
6961.215303825957,1.1748357792384923e-05,0.0
6962.040510127532,-0.00016065032468759455,0.0
6962.865716429108,-0.00033372154575772583,0.0
6963.690922730683,-0.0011047745065297931,0.0
6964.5161290322585,-0.001887943537440151,0.0
6965.341335333835,-0.0023081681574694812,0.0
6966.16654163541,-0.000811000500107184,0.0
6966.991747936985,-0.0013758920249529183,0.0
6967.81695423856,-0.0007762640379951335,0.0
6968.642160540136,0.0011485475697554648,0.0
6969.467366841711,0.00117249641334638,0.0
6970.292573143286,0.0013916862080805004,0.0
6971.117779444861,0.002719571872148663,0.0
6971.9429857464365,0.00368968874681741,0.0
6972.768192048013,0.001927618111949414,0.0
6973.593398349588,0.0006183722580317408,0.0
6974.418604651163,0.0,0.0
6975.243810952739,-0.00042697973549366,0.0
6976.0690172543145,-0.0019829284865409136,0.0
6976.89422355589,-0.005216274701524526,0.0
6977.719429857465,-0.006842665025033057,0.0
6978.54463615904,-0.006589717231690884,0.0
6979.3698424606155,-0.006184484343975782,0.0
6980.195048762191,-0.004289793607313186,0.0
6981.020255063766,0.0006758804665878415,0.0
6981.845461365342,0.00360933382762596,0.0
6982.670667666917,0.004107058048248291,0.0
6983.495873968493,0.004943594976793975,0.0
6984.321080270069,0.005102523020468652,0.0
6985.146286571644,0.004746535385493189,0.0
6985.971492873219,0.003676438005641103,0.0
6986.796699174794,0.0024647476384416223,0.0
6987.62190547637,0.00239922059699893,0.0
6988.447111777945,0.0027658683247864246,0.0
6989.27231807952,0.003788620699197054,0.0
6990.097524381095,0.0023508862359449267,0.0
6990.922730682671,0.0016277795657515526,0.0
6991.747936984247,0.0026803099317476153,0.0
6992.573143285822,0.003237458411604166,0.0
6993.398349587397,0.0023626958718523383,0.0
6994.223555888973,0.0007334239780902863,0.0
6995.048762190549,-0.000433031702414155,0.0
6995.873968492124,0.0,0.0
6996.699174793699,0.00010901002679020166,0.0
6997.524381095274,-0.0010155613999813795,0.0
6998.3495873968495,-0.0012326923897489905,0.0
6999.174793698425,-0.0009336930233985186,0.0
7000.0,-0.00211459823185578,0.0
