wave,flux,uncertainty
3815.4938044197415,6.308646878934555,inf
3816.8760187084013,4.6893570566698735,inf
3818.2582329970614,1.046075532142538,0.617110951097343
3819.640447285721,2.0467878592700295,0.6119708264557355
3821.022661574381,5.752751076839806,0.5959923632099389
3822.404875863041,4.505420044777585,0.5810527455038444
3823.787090151701,2.825868146487729,0.5845490365142817
3825.169304440361,-0.626753789021772,0.596033283122626
3826.5515187290207,-0.8804454569224077,0.601119578090159
3827.9337330176804,-0.9540340428953449,0.6096275916956418
3829.3159473063406,-3.0648715562729905,0.6257630281056358
3830.6981615950003,6.624204181437258,0.6106987063522143
3832.08037588366,-6.545025134713127,0.642299386145871
3833.4625901723202,-1.1766612459881234,0.6371952693930862
3834.84480446098,-3.3712812769842797,0.6331069820346255
3836.22701874964,0.27799110184348375,0.6293236572551769
3837.6092330383,-2.536406500474143,0.6479810728466311
3838.9914473269596,-0.0035451539497582396,0.6483326071452941
3840.3736616156198,2.768511671531175,0.6466698680034667
3841.7558759042795,-1.4626932975086089,0.660866070255373
3843.138090192939,-2.4166876169627685,0.6692354225928737
3844.5203044815994,0.6084255879742009,0.6679349481740202
3845.902518770259,3.453477085659897,0.6528148007237152
3847.284733058919,-1.0023263438393568,0.6644623397963414
3848.666947347579,-0.17503835388861877,0.659707630334768
3850.0491616362388,-1.1256001528733708,0.6618985688778789
3851.431375924899,3.0018616240114406,0.6443558216378041
3852.8135902135587,2.6701886795944634,0.6560981457963657
3854.1958045022184,0.45488031193823575,0.6592381725708761
3855.5780187908786,-2.962763858992388,0.6925744198186694
3856.9602330795383,3.565462299323333,0.6856237958570157
3858.342447368198,-0.13706780826622827,0.7050878954030391
3859.724661656858,-2.0931995543934616,0.7025948444035255
3861.106875945518,-1.6670524112271328,0.6857069337414957
3862.4890902341776,1.8901630444613575,0.6695617769642779
3863.871304522838,0.8487964163866395,0.6801810173696888
3865.2535188114975,2.313719920539471,0.6858809645312577
3866.6357331001577,0.5488640454831002,0.6924220531923104
3868.0179473888174,-0.5948709734019884,0.6977115743951452
3869.400161677477,-1.503112479254288,0.7063354944659633
3870.7823759661374,0.0544666734885671,0.7088814727284959
3872.164590254797,-0.47704667637082054,0.7085147485450441
3873.546804543457,-2.048175428472071,0.7122372481742464
3874.929018832117,-2.276830871156286,0.7088433418606968
3876.3112331207767,-2.0502328027726184,0.7183093006817758
3877.693447409437,1.1677513230960086,0.7085891475465976
3879.0756616980966,-1.7073036629925329,0.7178705687722571
3880.4578759867563,-1.0453124690337616,0.7130770803321632
3881.8400902754165,-0.36206706241386355,0.7118918286563138
3883.2223045640762,0.5718997279916317,0.7191740190436131
3884.604518852736,2.3511542679054487,0.7268451512909783
3885.986733141396,-1.8774285204784893,0.7357776617176653
3887.368947430056,-2.266830668630841,0.723373517981476
3888.7511617187156,-1.044984476112518,0.7010172063498685
3890.133376007376,-1.2548236378301447,0.6957987364785571
3891.5155902960355,1.9443043575713386,0.6963807559223073
3892.8978045846957,1.8044504204489336,0.7132568988581018
3894.2800188733554,1.4759347654882156,0.7081192857730835
3895.662233162015,1.0018750150160705,0.7080367462185378
3897.0444474506753,0.9018329799291278,0.7138227713276909
3898.426661739335,-1.1964063830155272,0.7186295087182545
3899.8088760279948,-1.4988230661362636,0.7041925873052272
3901.191090316655,0.2997540700720294,0.7019439083017167
3902.5733046053147,3.2485018454940957,0.6912449654522403
3903.955518893975,0.13643541126938458,0.6832236593477771
3905.3377331826346,-1.5071966941419375,0.6829543475527045
3906.7199474712943,-1.378093922315137,0.6979934984347809
3908.1021617599545,2.3419714948876003,0.7030678393773425
3909.484376048614,-0.5617512935042291,0.7142303094178871
3910.866590337274,1.1697478651310733,0.7156253945786542
3912.248804625934,-1.959741885498256,0.736821289936039
3913.631018914594,0.7452962681571732,0.7317109881887501
3915.0132332032535,1.897497684285745,0.7207388279046653
3916.3954474919137,-0.060304045848791815,0.7334242634664582
3917.7776617805735,0.3534660945528129,0.740684605797091
3919.1598760692336,0.6487212295704274,0.7453624874969637
3920.5420903578934,3.7799091843397608,0.7430227133711615
3921.924304646553,0.37442379181203383,0.7786886027777016
3923.3065189352133,3.5830150845168327,0.7716238113242266
3924.688733223873,-0.0724013132779551,0.7743583955434304
3926.0709475125327,-2.999616137346064,0.7813699863863816
3927.453161801193,-1.6026922179835288,0.7897820750685443
3928.8353760898526,2.601439517220074,0.7879225104033767
3930.217590378513,1.1902430054473125,0.785926916733204
3931.5998046671725,-0.8420506612100844,0.7913492510376622
3932.9820189558322,0.3955167947826814,0.7907936674793428
3934.3642332444924,-2.0144323250508496,0.8009169883632234
3935.746447533152,-2.0438095730473793,0.7886792229272661
3937.128661821812,1.5571162937795198,0.7709317949869772
3938.510876110472,0.16138203072108312,0.7732430870859336
3939.893090399132,0.7726897410849476,0.760644053413366
3941.2753046877915,1.5689067520373148,0.7594444069325158
3942.6575189764517,0.9111387094793202,0.7641956236824621
3944.0397332651114,-0.11223441127178704,0.7662289472201343
3945.4219475537716,-1.8691487935918483,0.7782175104056267
3946.8041618424313,1.991043873502705,0.7647074485984802
3948.186376131091,-0.234656981498368,0.7774027848149285
3949.568590419751,2.3320469752754738,0.7775460154832731
3950.950804708411,-0.5086211488335586,0.7913946154459448
3952.3330189970707,0.23629708173505776,0.7878608443741002
3953.715233285731,2.041417527859819,0.7814612430207633
3955.0974475743906,2.572474752359283,0.7776694362508647
3956.4796618630508,1.2588527675542278,0.7822767354869868
3957.8618761517105,-1.4108401860347888,0.7955775052604946
3959.24409044037,-0.5723907409022924,0.7820857475057329
3960.6263047290304,-0.28483329904312066,0.7681372980668524
3962.00851901769,-0.8161091654137265,0.7748115539883551
3963.39073330635,-1.0259296340226884,0.7793873799859681
3964.77294759501,-1.499559023909686,0.7829125879026276
3966.1551618836697,0.13582279357251045,0.7646411360897183
3967.5373761723295,-1.3029276742968297,0.7590200050640287
3968.9195904609896,0.1994340860973623,0.7439965451957542
3970.3018047496494,4.721242323005799,0.7286900868244017
3971.6840190383095,1.7348558961659235,0.7295972156182948
3973.0662333269693,2.992331939901254,0.7155730455459149
3974.448447615629,-0.62724388383141,0.7297874642337118
3975.830661904289,-0.20941542467882068,0.7444480536225551
3977.212876192949,-0.03513292149371733,0.7583644222202964
3978.5950904816086,1.9221644552257486,0.7725016790136957
3979.977304770269,0.09299822256971554,0.7854459388208324
3981.3595190589285,-0.09940743615450234,0.794237082760704
3982.7417333475887,-2.4725952568851297,0.8087668563779006
3984.1239476362484,-3.362978337575189,0.8277188165221362
3985.506161924908,1.5631150837796453,0.8085909995614761
3986.8883762135683,-0.49682266994025603,0.8096314279248794
3988.270590502228,-1.9570120913216313,0.8144281707519723
3989.652804790888,-0.12792067075762445,0.8227325728167559
3991.035019079548,-0.27586725373454246,0.8347654753647737
3992.4172333682077,-2.6471045161710434,0.8449344078367591
3993.7994476568674,-0.7097272854053556,0.8430823345484451
3995.1816619455276,-1.1573791458848959,0.8595864453290869
3996.5638762341873,-1.6733930580076386,0.847587180278667
3997.9460905228475,2.1221674362878,0.8210599923155659
3999.328304811507,1.3632165525574806,0.8219887422332885
4000.710519100167,-1.3337534508734956,0.8341205128179615
4002.092733388827,2.3206363297417703,0.8366992638517247
4003.474947677487,1.6172054049301072,0.8582706066761399
4004.8571619661466,-0.0023002594767336237,0.857363207318002
4006.2393762548068,-1.5890277552007035,0.8505641348065726
4007.6215905434665,0.2744654660206889,0.8419745437826824
4009.0038048321267,-1.26337294102872,0.851240769617257
4010.3860191207864,-0.11227328087226224,0.8479064499753902
4011.768233409446,1.0819922652921838,0.8292310854778123
4013.1504476981063,0.15996704230308506,0.8137242001239499
4014.532661986766,1.933547674787355,0.8148556567190294
4015.9148762754257,2.099839038429035,0.8479222032098559
4017.297090564086,-1.4336372611561035,0.8612431028557035
4018.6793048527456,-0.1644360322903035,0.848965253172262
4020.0615191414054,0.35860754205174633,0.842759101388358
4021.4437334300655,0.5025158146186122,0.8399988917648157
4022.8259477187253,-0.9729327444974929,0.8512281488178889
4024.208162007385,-1.2754216101483975,0.854273261808053
4025.590376296045,-1.7282182648085729,0.8698123373849754
4026.972590584705,-2.6960155857828205,0.8716620736849746
4028.354804873365,-0.38037708588428554,0.8667757944655501
4029.737019162025,0.6185067475207872,0.8688559592518568
4031.1192334506845,0.8175039210051676,0.8705486237591876
4032.5014477393447,-0.269588517967757,0.8747055825606653
4033.8836620280044,1.939646797039975,0.8542607425742534
4035.265876316664,1.0534957689674591,0.857650063014524
4036.6480906053243,-0.13464626529288437,0.8494111369964714
4038.030304893984,0.5608902197134464,0.8513339327018643
4039.4125191826442,0.9940102465369869,0.851103084097365
4040.794733471304,0.7871330394937206,0.8315336532636282
4042.1769477599637,-3.5757683632721866,0.8336965259834264
4043.559162048624,0.6388134686722056,0.8081200622751515
4044.9413763372836,-0.5806349790646064,0.7792865770664997
4046.3235906259433,-1.1127201674945404,0.762661495378646
4047.7058049146035,1.2436894967115406,0.7971524711968373
4049.0880192032632,-3.1045023918483303,0.8584698396909467
4050.470233491923,-1.5046549292195062,0.8503503194682532
4051.852447780583,2.501021107510869,0.8127016074224167
4053.234662069243,-1.662378759777523,0.8097307103822325
4054.616876357903,1.3100929374443038,0.8165152395571904
4055.9990906465628,0.7072305028624728,0.8412007539088794
4057.3813049352225,0.5562072870701242,0.8585798168671599
4058.7635192238827,2.2980831730624542,0.8453982941687564
4060.1457335125424,0.787898335580285,0.843218895960786
4061.527947801202,-0.49500899112592056,0.842225094712914
4062.9101620898623,-2.0181158404881154,0.837585266593418
4064.292376378522,-2.006380423759765,0.82687108064152
4065.674590667182,0.032243590759999816,0.8098518955044476
4067.056804955842,0.584786822444833,0.8093641011300825
4068.4390192445017,0.3761030616540403,0.8051819584961416
4069.821233533162,1.5525711906731485,0.8039182753305945
4071.2034478218216,-0.21912868791258833,0.8291437942667895
4072.5856621104813,-0.5863644623215454,0.849602318510623
4073.9678763991415,0.2282699373690355,0.8558152701655453
4075.350090687801,0.5530411267606625,0.8496366058624547
4076.732304976461,-0.5952778891374393,0.8484999473187467
4078.114519265121,-0.5035091698377236,0.8632083086097988
4079.496733553781,0.008472255387617256,0.8677556482238961
4080.878947842441,-2.414499408372063,0.8807800158836293
4082.2611621311007,-0.6405787488023373,0.8788923434954871
4083.6433764197604,-0.23356836544620224,0.8882239593987454
4085.0255907084206,-0.4392420479446062,0.8758509274501938
4086.4078049970803,0.5052560771090184,0.8826642128047844
4087.79001928574,-0.7635899879408988,0.9023459496249724
4089.1722335744003,-0.5651168112035061,0.887332988238459
4090.55444786306,2.250707808599869,0.8811842574748795
4091.93666215172,0.7774257840967546,0.8952097178383333
4093.31887644038,0.4408023283960263,0.8945583502327055
4094.7010907290396,-0.5809902716888576,0.8988865278978618
4096.0833050177,-0.25843346614115587,0.8927110321365499
4097.465519306359,1.6267172932724887,0.874852895923138
4098.847733595019,0.7870330757431528,0.8819850103393819
4100.229947883679,0.3580920474609374,0.9066022082196459
4101.61216217234,-0.45776090760073707,0.922383081390301
4102.994376460999,0.8192062972908165,0.9092358741750476
4104.376590749659,0.32698074211626926,0.9158899412939722
4105.758805038319,-1.2740316032227221,0.9284931646058912
4107.1410193269785,0.8707875985468341,0.9001685509981063
4108.523233615639,-0.332401849624469,0.8784916895537437
4109.905447904299,-0.1858020835539901,0.8634188981248703
4111.287662192958,-0.3108100264318413,0.8866698944396413
4112.669876481618,-1.7687216633072278,0.9170247822053377
4114.0520907702785,-0.4823061271464443,0.9101734104062886
4115.434305058938,-1.9792795606833513,0.9202347239929192
4116.816519347598,-0.028570272506010422,0.9155889883211757
4118.198733636258,0.810472990313994,0.9130961051846599
4119.580947924917,0.4433136112670922,0.9142420730166956
4120.963162213578,0.9173451273315025,0.910826803658609
4122.345376502238,0.23084464784942713,0.9155356379719125
4123.727590790897,-0.8262833577638489,0.9060217907678986
4125.109805079557,-0.10116490312306908,0.8930454693298617
4126.492019368217,1.7145791258719154,0.8940120079336928
4127.874233656878,1.2544691142396993,0.9046478198590023
4129.256447945537,-0.5236608008199002,0.9116580235922248
4130.638662234197,0.14428410428080152,0.8996510077144478
4132.020876522857,3.3449336610344926,0.8599126686644643
4133.403090811516,0.33202504705151265,0.9043538781687431
4134.785305100177,1.432044773915822,0.9123506727966006
4136.167519388837,-1.008142484857665,0.9210083456671219
4137.549733677496,0.594881195416302,0.9255367772647032
4138.931947966156,0.6722878893199363,0.9302409548689411
4140.314162254816,0.5413782197567699,0.9352394585541819
4141.696376543476,-0.6444517781946276,0.9523724410069748
4143.078590832136,-1.2438906979605744,0.9532200178499772
4144.460805120796,1.3567568847982265,0.9355906482512222
4145.843019409455,1.6715792859992484,0.9358939952684054
4147.2252336981155,0.4028299475951057,0.9344983196802165
4148.607447986776,-0.031676146487432555,0.9453721969407413
4149.989662275435,0.994893905072997,0.9424212086377162
4151.371876564095,0.4229873212825803,0.9409983007602023
4152.754090852755,-1.6705404283035254,0.95182365130748
4154.1363051414155,0.380621466763396,0.9469050913484927
4155.518519430075,0.05377522405584306,0.9514623072626639
4156.900733718735,-0.25089878071310945,0.9519793558900675
4158.282948007395,0.34933977946313294,0.9513854073457791
4159.665162296054,0.45872474318293965,0.9481600319504248
4161.047376584715,0.32488244587093223,0.9365720274620857
4162.429590873375,-1.3870286300340955,0.9333612293630205
4163.811805162034,1.3077522666444699,0.915201811731744
4165.194019450694,0.6346679999935586,0.9179320694271191
4166.576233739354,1.0449919508119025,0.9286269157393064
4167.958448028014,1.2532973210403386,0.9262298213815296
4169.340662316674,0.015943817813454664,0.9412296681418756
4170.722876605334,-0.7914872446771474,0.9517534148124784
4172.105090893993,0.2856862453653002,0.9472498429787933
4173.4873051826535,1.6771239613826436,0.945277867279246
4174.869519471314,-0.09718401569350674,0.9630483775772024
4176.251733759973,-0.8593597509049858,0.9697854304214863
4177.633948048633,-0.7264864461724758,0.9598181489126119
4179.016162337293,0.06922345789637316,0.9439639676171172
4180.3983766259535,-0.7618323211633925,0.9729669833135376
4181.780590914613,-0.7872551784897273,0.977436121202683
4183.162805203273,-1.225419549739334,0.9832219926071517
4184.545019491933,-0.2659550902772848,0.9762386941872216
4185.927233780592,-0.17433200704739227,0.9075068525248251
4187.3094480692525,0.45832471623571003,0.9645021429498015
4188.691662357913,1.3841881549985515,0.9674626884698772
4190.073876646572,-0.19876767539096749,0.9806247247035164
4191.456090935232,-1.3182034987055462,0.999008824738492
4192.838305223892,0.8288104989741052,0.9426425635388322
4194.220519512552,0.3288872726315301,0.9399938468859783
4195.602733801212,-0.28740552543241477,0.9821186375905284
4196.984948089872,-2.2921760470635024,1.0227976704366792
4198.367162378531,-2.2508510233699854,1.0100721004355508
4199.749376667191,-0.13709826507097622,0.9929480217486107
4201.131590955852,0.6403425492547344,0.9823655113887044
4202.513805244511,-0.14422305676120867,0.9953296197875442
4203.896019533171,0.8214142879249636,0.9859498739747352
4205.278233821831,-0.35746709866112103,0.9790849164221956
4206.660448110491,0.09508140425146175,0.9555914600840489
4208.042662399151,0.4077959024292653,0.9571974251377365
4209.424876687811,0.6630188776250189,0.9832923835792059
4210.807090976471,-2.120275278374015,1.011602073625701
4212.18930526513,-1.191815184570781,1.0051037095013693
4213.5715195537905,0.35787859466102756,0.9544333914333202
4214.953733842451,-0.16595237625061357,0.945598541802122
4216.33594813111,-0.6791767705372248,0.9486947728873232
4217.71816241977,-0.6215265010776372,0.8834831673533821
4219.10037670843,0.19487424745560936,0.917615686998402
4220.48259099709,-1.6575173821680782,0.9579213556342981
4221.86480528575,-0.5911001213632324,0.9839750317214943
4223.24701957441,0.5321467296362218,0.9886342325619144
4224.629233863069,0.5154560438589987,1.0090685654954386
4226.011448151729,-0.7139753783327754,1.0222184060684942
4227.39366244039,-1.9008992355880028,1.0320625009848645
4228.775876729049,-1.1845535393229891,1.0189999072404423
4230.158091017709,0.3437192178163494,0.9979609483138371
4231.540305306369,0.6067275093841058,0.9907666702528523
4232.922519595029,-2.384586816333129,1.0153854541222516
4234.304733883689,-0.48469721269212573,1.0163590818236548
4235.686948172349,2.01478243928944,1.0042858773137084
4237.069162461009,0.018187899823350256,1.0245283910405885
4238.451376749668,0.17640608022807217,1.0208203627038521
4239.833591038328,-0.3066986401889408,1.0089576489001206
4241.215805326989,-1.23638990199036,1.0181596047106576
4242.598019615648,0.7323345745626393,1.0237319196102757
4243.980233904308,-1.221233641521816,1.0249024095394872
4245.362448192968,0.12802282479792174,1.00262778307456
4246.7446624816275,1.5035673860322283,0.9866663561971677
4248.126876770288,-1.1900350258781267,1.026355984959022
4249.509091058948,-0.7430075293545325,1.033650117428757
4250.891305347607,-0.39185133569523495,1.019961134733025
4252.273519636267,-0.6519419028706335,0.9854201106465029
4253.6557339249275,1.291403992927851,0.9818404257074249
4255.037948213587,-0.2532386569520012,1.0024204893098188
4256.420162502247,2.109415614440876,1.0083111999635914
4257.802376790907,-0.03264333336877065,1.0224159125318135
4259.184591079567,0.4274010540857742,1.0199195361097881
4260.566805368227,-0.363253282032639,1.0275231166134635
4261.949019656887,-0.4169482738456452,1.0368251994159399
4263.331233945547,-1.007058831047356,1.024426479628609
4264.713448234206,-0.3050132307177713,1.0113980833898788
4266.095662522866,1.6892179930821651,1.0049361125923328
4267.477876811527,-1.6401235381812416,1.0197928512091226
4268.860091100186,-1.543249009244521,1.0294559114454591
4270.242305388846,0.753915010871515,1.0098473985963048
4271.624519677506,1.008017746021559,0.9812149916024157
4273.0067339661655,0.7668334641186213,0.9757229686363573
4274.388948254826,2.358480959107786,0.9907993198068824
4275.771162543486,2.2453138275982982,0.9944323903321782
4277.153376832145,-1.4100740260303377,1.0285189524377694
4278.535591120805,0.16571938382503454,1.0233709643564062
4279.9178054094655,0.9580402480383294,1.0199434733195554
4281.300019698125,-0.8499011476644498,1.024106723867138
4282.682233986785,0.04970571926746192,1.0113298413594012
4284.064448275445,-0.6362036673285096,1.0216015276168222
4285.446662564105,-0.6582514460176702,1.0402988734111258
4286.828876852765,-2.7435675568755817,1.0116072025219691
4288.211091141425,-1.672483428481317,0.9944069947246494
4289.593305430085,-0.9609518733734866,1.0384957184157517
4290.975519718744,-1.2789224550860099,1.034805994616512
4292.357734007404,-1.1726208773866853,1.0337965571072638
4293.7399482960645,-0.48441289711381025,1.03418705739987
4295.122162584724,1.6036363326705692,1.030297633983024
4296.504376873384,0.6269795396228894,1.0391003562356134
4297.886591162044,1.5362150738909643,1.0401051103851606
4299.268805450703,0.8074229198264029,1.0419324217851
4300.651019739364,1.2127561048780193,1.050956314265125
4302.033234028024,-0.12497013045873417,1.0653523796685054
4303.415448316683,-0.5690907600349724,1.0532646368070275
4304.797662605343,0.7227506012174095,1.0412547759323203
4306.179876894003,0.7167725231790888,1.0489560867023908
4307.562091182663,0.05887700778898192,1.036273985749365
4308.944305471323,-0.5739758637469629,1.0317832304448793
4310.326519759983,-0.25112608150440113,1.035629009312698
4311.708734048643,0.6034601636581939,1.0348974658503618
4313.0909483373025,-0.41723194340136893,1.0248101245718666
4314.473162625963,-1.5587551387431282,1.0387502577400185
4315.855376914623,1.650256277169429,1.0094030506278444
4317.237591203282,1.1469449830852407,1.0170258593334358
4318.619805491942,0.7326237134851374,1.0142320623658645
4320.0020197806025,-1.2893713842469339,1.027640001431461
4321.384234069262,0.2572754305264904,1.035172188355677
4322.766448357922,0.26724831710056196,1.0511775124274125
4324.148662646582,-0.13139573159309265,1.0656601588442804
4325.530876935241,0.694122686120148,1.051734555334522
4326.913091223902,-1.8421771117154377,1.046234694997803
4328.295305512562,-1.4892268607023793,1.0307589966300974
4329.677519801221,-0.10980876449546334,1.0405920497439103
4331.059734089881,-0.3426548096187356,1.0480502667326834
4332.441948378541,-0.2282966225805858,1.055680006869089
4333.824162667201,0.7042752502385958,1.0509611612982315
4335.206376955861,0.1622355240135253,1.0544234448790624
4336.588591244521,0.7075349247797758,1.0500998831020154
4337.970805533181,-0.14607410112126384,1.0639912662911735
4339.3530198218405,0.7300821254623946,1.062670218241021
4340.735234110501,2.2295927271266724,1.022184275341219
4342.11744839916,0.2405871894396454,1.0146436728532466
4343.49966268782,0.5692843580386938,1.015356495720914
4344.88187697648,-0.17641379293044307,1.020451120961196
4346.26409126514,0.036688517598161996,1.0062611046974939
4347.6463055538,1.6108614878099745,0.9959125100032381
4349.02851984246,1.0027335919576497,1.021643766066595
4350.41073413112,-1.0443636730500878,1.067557526319575
4351.792948419779,-1.6979595893663182,1.064878185208
4353.1751627084395,0.3974747027676756,1.0383691536027722
4354.5573769971,0.2576183961514009,1.011787247664695
4355.939591285759,-0.8953816118358822,0.9465413259381088
4357.321805574419,2.3472127999576413,0.8384223813775508
4358.704019863079,-0.430218303885931,0.843879361027685
4360.086234151739,0.014362009068041526,0.9370802494335491
4361.468448440399,-1.706066074751353,0.9990189148411287
4362.850662729059,-0.644176136040365,1.0207191377729548
4364.232877017719,-1.163910609824784,1.0152886318882048
4365.615091306378,0.24516329446029583,1.0078727303531818
4366.997305595039,0.12028857936785231,1.033573620486566
4368.379519883698,-0.4995256440295671,1.0515027940264898
4369.761734172358,-1.415330418104273,1.0718524548775594
4371.143948461018,-0.9074952508093184,1.0697525314485614
4372.526162749678,0.14851030651919284,1.063724815937184
4373.908377038338,0.4112325414783484,1.0425605489501677
4375.290591326998,-0.04835467371114888,1.050100449054668
4376.672805615658,-0.7290868894543733,1.048147119090829
4378.055019904317,-1.4796687695156392,1.0459152417712339
4379.4372341929775,-0.30046704522641254,1.0475247674628967
4380.819448481638,-0.369649904702099,1.068203139084286
4382.201662770297,0.20597914301891018,1.0636549381149045
4383.583877058957,0.40911939787388374,1.074128975631919
4384.966091347617,-0.3942595255057125,1.0874458729765337
4386.348305636277,-0.38589986731865544,1.0693405432934984
4387.730519924937,-0.20009857778399054,1.0447388325774951
4389.112734213597,-0.8124976960652405,1.0464050459044882
4390.494948502257,1.1369563712670594,1.0391126316348551
4391.877162790916,0.13495120962277418,1.0628176083190672
4393.259377079577,0.11233279507609895,1.0726492240052243
4394.641591368236,0.48279029937567486,1.0783428810887707
4396.023805656896,-0.16429520307576684,1.0702697623089574
4397.406019945556,-0.11809000251778201,1.0677190954044187
4398.788234234216,-0.435720578842846,1.0701504577626328
4400.170448522876,0.4327749669073341,1.042361599733893
4401.552662811536,0.32966260847363615,1.047440599700951
4402.934877100196,0.7991074516874797,1.0332428783567496
4404.317091388855,0.9433226863040778,1.0310482679115336
4405.699305677515,0.6628653047062829,1.0503782111222093
4407.081519966176,-0.9040227128610862,1.058290632451209
4408.463734254835,-0.8382427111566314,1.0481466283746905
4409.845948543495,-1.3801307114433077,1.0079793948648141
4411.228162832155,-1.0976398145872097,0.9877128928588963
4412.6103771208145,-0.48682389002183224,1.0287318703273372
4413.992591409475,-0.9776637370515961,1.0498054024091508
4415.374805698135,-1.1222296092859794,1.0497538274257707
4416.757019986795,-0.24709219294189516,1.0575454333570649
4418.139234275454,-0.8258856505365089,1.0754208317454192
4419.5214485641145,0.5164887155325046,1.0656633984191213
4420.903662852774,0.46253301075265285,1.0584581285205694
4422.285877141434,-0.7267947925616417,1.0659837951283204
4423.668091430094,0.2073421942506386,1.0679975308874428
4425.050305718754,-1.1161467653097215,1.0848708901197215
4426.432520007414,1.024085321560958,1.0685368181840103
4427.814734296074,1.4640530254343769,1.0501050444850062
4429.196948584734,1.123081321115968,1.0725852432299123
4430.579162873393,-1.0460580872541971,1.111897503812432
4431.961377162053,0.3190893570275891,1.1018835057653256
4433.343591450714,0.9363731295864731,1.096986321241948
4434.725805739373,0.37112547723340716,1.0936378126961297
4436.108020028033,-0.8329119161875275,1.103103353999922
4437.490234316693,0.34742863113830846,1.0846836242566489
4438.8724486053525,1.0805792916978025,1.0487347376939355
4440.254662894013,1.8654374876002056,0.9894566133834367
4441.636877182673,1.0132806556132572,0.9658861666528997
4443.019091471333,-0.3866881574135952,0.9560978240860099
4444.401305759992,0.7524006475248783,1.0061946766834782
4445.7835200486525,-0.5242789937416477,1.0714125506300263
4447.165734337312,0.5597034430026939,1.0712712071537884
4448.547948625972,-1.0076483787170512,1.096454639058654
4449.930162914632,-0.13207237146933232,1.1032028319970246
4451.312377203292,0.5982117781928926,1.0876943647879158
4452.6945914919515,0.4091125279369683,1.0757463880705924
4454.076805780612,1.7084085128025857,1.0741132459009521
4455.459020069272,0.2818606611556479,1.0790861317605334
4456.841234357931,2.9690500470197465,1.0603999373893316
4458.223448646591,5.333627112086035,1.0284404146186896
4459.6056629352515,-0.43519468954497853,1.0993427798770894
4460.987877223911,0.5719577791377851,1.1106211367222196
4462.370091512571,-0.4477302613491778,1.109592521812827
4463.752305801231,0.06968477572686083,1.1046101487457025
4465.13452008989,0.9346274763041844,1.0984981161878504
4466.516734378551,0.5985741699337637,1.0870481160671233
4467.898948667211,0.7210415263400418,1.06120159423124
4469.281162955871,-1.0617979144062837,1.0750392714273336
4470.66337724453,-0.9602101660468149,1.1008470896089277
4472.04559153319,0.25310706972449515,1.1089269126776697
4473.42780582185,0.10648622487355519,1.108492367893411
4474.81002011051,0.31990495922544204,1.1059540201944873
4476.19223439917,-0.09881437678837901,1.1065791771735631
4477.57444868783,1.3118322612665843,1.1124477024662653
4478.9566629764895,0.8154161307204139,1.0899958429034857
4480.33887726515,-0.05323948025053382,1.0813831268120657
4481.72109155381,0.3040123258254568,1.0762858933847317
4483.103305842469,-0.41502465636300306,1.0719946866305061
4484.485520131129,0.5436182618917534,1.091945453711647
4485.8677344197895,0.8580714644217263,1.1116851136781802
4487.249948708449,0.25744624306286,1.1193787756331137
4488.632162997109,0.66374612591956,1.1188925441473196
4490.014377285769,-0.2910651518349082,1.129235898881637
4491.396591574428,1.66111881899804,1.1022228523219746
4492.778805863089,-0.5024469320844531,1.1292855666703403
4494.161020151749,0.3630139325023729,1.1158766580323314
4495.543234440409,-0.09752296465649124,1.1304690483863702
4496.925448729068,0.2128998520152814,1.1298322430926009
4498.307663017728,0.6835752214990041,1.1250027845324309
4499.689877306388,0.18729757173740258,1.1347493447731787
4501.072091595048,-0.5436621308819602,1.13446298593372
4502.454305883708,-1.4155493673755069,1.126147761823398
4503.836520172368,-0.7305004218299939,1.1112329325383623
4505.218734461027,-0.49652060153448385,1.1160591740975392
4506.600948749688,0.7826915065879014,1.1108966501344482
4507.983163038348,0.7244377502897169,1.1010712406532728
4509.365377327007,-0.9446718872019306,1.110715393364024
4510.747591615667,-0.7598508893180658,1.1106922890570525
4512.129805904327,-1.324671236626032,1.1267776091585129
4513.512020192987,-1.0254079373179907,1.1429173740633258
4514.894234481647,-0.17228793282221222,1.1431072560581264
4516.276448770307,0.28579749249907305,1.119964763560494
4517.658663058966,-1.1409347478498872,1.1204152087054504
4519.0408773476265,-0.2615797391214618,1.123301988257848
4520.423091636287,0.043802149903485965,1.1095998482859604
4521.805305924947,-0.8576456241794306,1.1064439476672254
4523.187520213606,-0.9205397902520861,1.1211599268827532
4524.569734502266,0.18916963409179965,1.1207262971642222
4525.951948790926,0.673671166266987,1.109154865762259
4527.334163079586,0.14373501837923175,1.0820396918258735
4528.716377368246,-1.114946999369984,1.0358654047957454
4530.098591656906,-0.023426036236779746,0.9927903626831669
4531.480805945565,-0.2073421942506386,1.0248750331655028
4532.863020234226,-0.3491873442817631,1.112413874934382
4534.245234522886,0.8439459255499222,1.1086259157957539
4535.627448811545,-0.5405628019127067,1.1142455232611086
4537.009663100205,0.7841760264731122,1.1128822678764296
4538.391877388865,-1.0660544831094787,1.1299847432318597
4539.774091677525,-0.496342128103733,1.1269397626703566
4541.156305966185,-0.3220803971516587,1.0963062704271644
4542.538520254845,-1.1534644800620921,1.0739541282934313
4543.920734543504,-1.0887635665913935,1.1026132065784766
4545.3029488321645,-0.6338794467620205,1.143631004364495
4546.685163120825,0.17266689187514583,1.1169041163103477
4548.067377409484,-0.39396743380412946,1.1059869102720032
4549.449591698144,0.011496780376118787,1.1186328839130564
4550.831805986804,-0.5942981413602493,1.116161637330612
4552.214020275464,-0.4515680516332332,1.0946825600576104
4553.596234564124,-0.9892519822928559,1.0963434454265284
4554.978448852784,-1.0372636942303657,1.0923650303330872
4556.360663141444,-0.9214301794873048,1.0981721075242372
4557.742877430103,0.15981155896964394,1.0991368185926524
4559.1250917187635,0.9056915418264829,1.1103031252174556
4560.507306007424,-0.16745334311097493,1.1389894860539735
4561.889520296083,-0.2818606611556479,1.1520200911511984
4563.271734584743,-0.6352625283091702,1.1657457806985487
4564.653948873403,-0.6987820653687312,1.1724257253923738
4566.036163162063,0.023092245315912474,1.1569369493485528
4567.418377450723,1.0376085800033892,1.1345597218739656
4568.800591739383,-0.9257907045926322,1.1485440120211765
4570.182806028042,-0.6355799112460083,1.1750683843665588
4571.565020316702,-0.6666974354656716,1.1846348008731344
4572.947234605363,0.6182379326299027,1.153076001520497
4574.329448894022,0.5400749492626796,1.163375547229121
4575.711663182682,-0.8246095244999403,1.1865604497720825
4577.093877471342,0.5724687406734901,1.1637578629300351
4578.4760917600015,0.3360443742286383,1.1548428315356154
4579.858306048662,-0.04140751626719685,1.15107038348029
4581.240520337322,0.5580298139673802,1.1530026094739234
4582.622734625982,0.19534537541895192,1.1651174773894624
4584.004948914641,-0.3914327579141708,1.179312404197808
4585.3871632033015,0.25084231610974483,1.1663878760583268
4586.769377491962,0.24071026732426404,1.1691267289345275
4588.151591780621,-0.019477651563409526,1.1790900814869358
4589.533806069281,0.5135158888305845,1.1633354545402435
4590.916020357941,0.8492090306504204,1.146958872111108
4592.298234646601,-0.200952086681628,1.169496157656399
4593.680448935261,-0.8297951023072405,1.1889072840179116
4595.062663223921,0.6853791628317568,1.1787956688601695
4596.44487751258,-0.9316483083101365,1.186895595161501
4597.82709180124,0.15022652503519185,1.174229938115302
4599.209306089901,0.7883166246161382,1.1557923315457397
4600.59152037856,-0.11394309672397662,1.1688584497279373
4601.97373466722,-1.0634838000190365,1.1915445111986476
4603.35594895588,1.152468714054976,1.1651637593381667
4604.7381632445395,0.622629193363226,1.1637324352475849
4606.1203775332,0.255305661119668,1.1480393675982798
4607.50259182186,-0.5885072758231487,1.163081472142353
4608.88480611052,-0.6473927036290253,1.185842365916716
4610.267020399179,-0.5022851007923631,1.1989913044208884
4611.649234687839,-0.6313191971800509,1.20564884040304
4613.0314489765,-0.3953991681283576,1.1872839536713093
4614.413663265159,0.6608939733652789,1.1631654564594736
4615.795877553819,0.7982202304757603,1.1692333389862952
4617.178091842479,0.23628659928840723,1.191596052263561
4618.5603061311385,-0.6050348955395597,1.1960777941785012
4619.942520419799,-0.9409971051175039,1.1891908093941437
4621.324734708459,0.18539274759508984,1.1673940006898271
4622.706948997118,0.6270093454872305,1.1702183976535556
4624.089163285778,0.9335889846920857,1.1748494200480086
4625.4713775744385,1.1351947656001067,1.1670594146919042
4626.853591863098,0.007087955399817991,1.1790963571317663
4628.235806151758,0.19076572161288508,1.1960575139888714
4629.618020440418,0.7309575114759215,1.1932033528672477
4631.000234729077,0.8331613083627225,1.1868763344099607
4632.382449017738,1.0217937679952986,1.1830757630076
4633.764663306398,0.46751215343811037,1.1809112786880211
4635.146877595058,0.08847360414688965,1.1980918233249125
4636.529091883717,-0.3349657752254862,1.2108612760159794
4637.911306172377,-0.41122259174816955,1.2045974513347912
4639.293520461038,0.41814020759481374,1.1860352402443244
4640.675734749697,-0.5535489456812608,1.201011199376613
4642.057949038357,-1.0683395819456944,1.2050817498027053
4643.440163327017,0.05386354775656432,1.181622963515974
4644.8223776156765,-0.7098029632466821,1.1763974214738846
4646.204591904337,-1.0061475372165933,1.1887150945114247
4647.586806192997,-0.8061306401735735,1.2053653412937304
4648.969020481656,-0.15221989385781542,1.2146009086072418
4650.351234770316,-0.2967490843739229,1.2150807152480416
4651.7334490589765,-0.32238332597714414,1.201972538937466
4653.115663347636,-0.8072995327672073,1.1936771036823892
4654.497877636296,-0.9675903254578819,1.1716175778634812
4655.880091924956,-0.9760512665100757,1.1783140319918375
4657.262306213615,-1.0634978509834718,1.1819286268056994
4658.644520502276,-0.5536762700313419,1.1805799539294872
4660.026734790936,-0.30805947437683934,1.1718264202433253
4661.408949079596,-0.3836654887996318,1.1740790607967213
4662.791163368255,0.1840132205919942,1.1739060984093748
4664.173377656915,-0.09659708151604907,1.169686979928715
4665.555591945575,-0.9485666505165289,1.1887767361520374
4666.937806234235,-0.2374010136232314,1.184406089320491
4668.320020522895,0.5127673382047451,1.1569816327500324
4669.702234811555,0.29040696264014687,1.1567599306434408
4671.084449100214,0.25181939751460414,1.1691120219163846
4672.466663388875,-0.680828818249469,1.1859216385372622
4673.848877677535,-0.20006808831352973,1.1782876192912686
4675.231091966194,-0.18812558326994422,1.1835334426246071
4676.613306254854,-1.3270545983337296,1.1929241103829806
4677.995520543514,-1.189975045197295,1.188602945247516
4679.377734832174,-0.20970855195578775,1.1738266469593277
4680.759949120834,-0.9862308831576331,1.1958936478628306
4682.142163409494,-1.094529470399581,1.202642933479011
4683.524377698153,0.8287437156361062,1.1702712199019145
4684.9065919868135,0.2129765521017737,1.1510655756821446
4686.288806275474,-0.42340818903768795,1.1680976699862442
4687.671020564134,-0.3082046678318584,1.1955047184647758
4689.053234852793,-1.202340138879394,1.2168371591527567
4690.435449141453,-0.9918938488242928,1.2079653660807492
4691.817663430113,-0.7865692646617441,1.19091954112978
4693.199877718773,0.2975255148701388,1.1574440749464814
4694.582092007433,-0.345893040772397,1.1395144836078936
4695.964306296093,-0.10290716890235196,1.1491037159299307
4697.346520584752,-0.17590057330975872,1.171823326912565
4698.728734873413,-0.8889683006658986,1.20066777556669
4700.110949162073,-0.35027554670345906,1.1848173025038737
4701.493163450732,0.5173073825567878,1.1695886329207228
4702.875377739392,-0.4394478191402842,1.1966341555777196
4704.257592028052,0.06622264847022241,1.1750741877686581
4705.639806316712,0.7921118758140591,1.152227072261914
4707.022020605372,1.5063264785115926,1.1415597155435864
4708.404234894032,-0.34388024164393793,1.1746123723110897
4709.786449182691,-1.0874205379871542,1.1918966594134601
4711.1686634713515,-0.6454404256655719,1.1786599767520947
4712.550877760012,-0.9142432219942457,1.1470535775503703
4713.933092048672,0.335677640099147,1.1259116363866852
4715.315306337331,-0.3266239836275129,1.1524947563781585
4716.697520625991,0.9565061086242439,1.1667929399388912
4718.0797349146505,0.27930016065784624,1.1742407401153139
4719.461949203311,0.915648073072671,1.1278747692658855
4720.844163491971,0.4792507948088116,1.046378801574694
4722.226377780631,-1.214769133462629,1.053755306440378
4723.60859206929,0.012505223742438343,1.1486349011537964
4724.9908063579505,-0.11896177518776163,1.1783475356829396
4726.373020646611,0.10183333729568478,1.1626336885718287
4727.75523493527,-0.3121565058183047,1.1529709948361795
4729.13744922393,-1.1178947884480746,1.172518500966364
4730.51966351259,-2.233206242527472,1.221922702415096
4731.90187780125,-1.103035762144482,1.206043105307052
4733.28409208991,-1.334423466239617,1.1982713920261858
4734.66630637857,-0.6144772294656522,1.192323085232521
4736.048520667229,-0.8315377556695522,1.17635386859074
4737.430734955889,-0.8053078241928422,1.160819847775591
4738.81294924455,1.2779669977838854,1.155856738476841
4740.19516353321,0.20108060697606955,1.1761922596911063
4741.577377821869,0.25327779415808127,1.1679422531835026
4742.959592110529,-0.29812324517576094,1.1556927300187398
4744.3418063991885,-0.8043998208759464,1.1527815705653799
4745.724020687849,0.5662157867148734,1.152756869255867
4747.106234976509,0.8846639883544527,1.1648495354583104
4748.488449265169,1.0039156435708767,1.1592258921065255
4749.870663553828,0.7175124538269566,1.1800683060791788
4751.2528778424885,0.5278894575753075,1.1850386283766046
4752.635092131149,1.0786455053861133,1.170477329235107
4754.017306419808,1.165874394728303,1.169568737300977
4755.399520708468,1.167237648040957,1.142082194639164
4756.781734997128,0.8059232868364528,1.1544192344509254
4758.163949285788,2.813218591532837,1.1600472894583997
4759.546163574448,1.5498576294536885,1.1747547395264066
4760.928377863108,2.085861069359568,1.1692560754585595
4762.310592151767,1.4422618978800132,1.184215123517963
4763.692806440427,0.0,1.2020722191835427
4765.075020729088,0.8792722296844495,1.1910229239648036
4766.457235017748,0.7523399357216327,1.1941496561207186
4767.839449306407,0.5778953844173951,1.1877724445488378
4769.221663595067,0.7446168209822499,1.1718849889588956
4770.603877883726,1.7414266882582563,1.1578902358395682
4771.986092172387,0.7254427655329287,1.1741205429201687
4773.368306461047,0.1593205619087561,1.186316681169157
4774.750520749707,0.7730376116175552,1.1801336351646958
4776.132735038366,1.8379532069619215,1.1624798457610632
4777.514949327026,1.2100123691855846,1.1612768414446564
4778.897163615687,1.4383847753024943,1.150764620781524
4780.279377904346,1.7674036075067607,1.1514463729580617
4781.661592193006,1.052529425958602,1.1554951251100418
4783.043806481666,1.0281569842814355,1.1704012373224537
4784.4260207703255,1.923499848756494,1.1716761198199324
4785.808235058986,0.5410384700588935,1.1951367585840373
4787.190449347646,0.6669258524549244,1.17407781655986
4788.572663636305,1.1210986613946883,1.1720584949472983
4789.954877924965,0.3637132363141733,1.1912092593474701
4791.3370922136255,3.473281899116371,1.1451514226683046
4792.719306502286,3.1506769810601845,1.121360669281621
4794.101520790945,2.4613921387299738,1.1332761274520955
4795.483735079605,2.815493934035116,1.138265568466541
4796.865949368264,3.9448645157009956,1.136697373697437
4798.248163656925,1.1726528836172267,1.154983954984704
4799.630377945585,2.10230464323324,1.1463605466266873
4801.012592234245,2.9604188108102223,1.147149976404221
4802.394806522904,2.036526069417331,1.1520317364283896
4803.777020811564,2.07331688370142,1.1530194568376988
4805.159235100225,0.925594349881484,1.1739398228660334
4806.541449388884,-0.48279655667866583,1.199699140538676
4807.923663677544,0.4791574882474481,1.1776149629684232
4809.305877966204,0.48232873562491907,1.1859965879157042
4810.6880922548635,0.516513073278329,1.1763881579647812
4812.070306543524,0.3582538423312469,1.1628356874262005
4813.452520832184,0.013867409381664864,1.1511141166308523
4814.834735120843,-0.04582110599192557,1.1592308404476521
4816.216949409503,0.7614369767956841,1.1665161509720623
4817.5991636981635,1.6085977137172618,1.1485111094995961
4818.981377986824,0.3145114083782081,1.1651361527924333
4820.363592275483,2.2787886860768625,1.118581893096901
4821.745806564143,1.2792185785901573,1.1168599544047924
4823.128020852802,0.20995826974595921,1.1400137678384188
4824.5102351414625,0.9850879190984205,1.1429898753002001
4825.892449430123,2.625785478914552,1.150893417757233
4827.274663718783,-1.2626024274826797,1.1891935658112371
4828.656878007442,-1.7744868242021257,1.2114868882437908
4830.039092296102,-1.7230686573762224,1.2050259665210097
4831.4213065847625,-0.6408162721420676,1.1883758167325078
4832.803520873422,-0.7305515773829403,1.1763355827744126
4834.185735162082,0.31181640792501497,1.1643877381955552
4835.567949450742,0.7465163110766522,1.1666966031064814
4836.950163739401,-0.5483959314707891,1.1755149549963924
4838.332378028062,-1.0358869291803878,1.169845871502253
4839.714592316722,0.5292133077904966,1.1654940196656602
4841.096806605381,0.5609579445271544,1.1566146496182765
4842.479020894041,-0.23099088621063224,1.1685572774958333
4843.861235182701,0.8941049098155895,1.1540249994538596
4845.243449471362,0.6255108163709524,1.1415981966790183
4846.625663760021,1.5771579262965858,1.1445083051570206
4848.007878048681,0.5588086694350363,1.1300616501924898
4849.39009233734,-0.3350697479645852,1.1455167801361024
4850.7723066260005,-0.8930941347664705,1.1622715989261798
4852.154520914661,-0.6863168433181066,1.15411775342442
4853.536735203321,-0.7328003950352731,1.1752963825014895
4854.91894949198,1.1864747507571138,1.1625504925617816
4856.30116378064,2.196238358959574,1.1510954110442677
4857.6833780693,1.8851687796011962,1.157638449828789
4859.06559235796,2.5389472589729323,1.154228095059343
4860.44780664662,4.022643281701339,1.1317311051987273
4861.83002093528,3.4418572346241216,1.1247181300970774
4863.212235223939,2.006974422162834,1.136400944024859
4864.5944495126,0.812520217364904,1.1434172857310263
4865.97666380126,0.6204049011272588,1.1509113961751505
4867.358878089919,-0.7136546494637646,1.1770351322169184
4868.741092378579,-2.450023964005972,1.2139000936207276
4870.123306667239,-3.10837718971389,1.2408695906313807
4871.5055209559,-3.515762052838536,1.2379342575797738
4872.887735244559,-1.5702940549864737,1.2096530727491002
4874.269949533219,-1.649517143205823,1.199650465984425
4875.652163821878,-1.8506255298304466,1.207081383566279
4877.0343781105385,-3.4047385474880727,1.2294709133191857
4878.416592399199,-2.6062557342745936,1.235769641912892
4879.798806687859,-3.130458503162883,1.2412027484682322
4881.181020976518,-2.0102335630802557,1.231249394073781
4882.563235265178,-2.19129095344423,1.2209149774082326
4883.9454495538375,-2.6897936078418097,1.2262947545649014
4885.327663842498,-1.573518769523242,1.2282107327194371
4886.709878131158,-0.11399746297228397,1.20628171576048
4888.092092419818,-0.6087538080198467,1.209214596138978
4889.474306708477,-1.3551235941197435,1.2212173673107605
4890.8565209971375,-1.1620230696592384,1.21947423035453
4892.238735285798,-0.706989823408195,1.2283813211743455
4893.620949574457,-0.3964064098359099,1.2094500344703487
4895.003163863117,1.0033214342330146,1.1882453278693408
4896.385378151777,1.0973544559733481,1.1643498581010028
4897.7675924404375,1.2347216286271125,1.1535021195250377
4899.149806729097,2.6739193565064134,1.139172919295624
4900.532021017757,1.1862387528308114,1.1736303167935116
4901.914235306416,0.5852342166646674,1.1970929633969511
4903.296449595076,0.5161709669065928,1.20296358704477
4904.678663883737,0.8103382119862461,1.1962864538246871
4906.060878172397,-1.361105000665539,1.2321245846969968
4907.443092461056,-2.724582637124172,1.2495667790331153
4908.825306749716,-1.1545149594861766,1.2369394806953795
4910.2075210383755,-1.469089192426499,1.2472263863299045
4911.589735327036,-2.496521823964521,1.2499621861612042
4912.971949615696,-3.0156521239844247,1.2412893006308112
4914.354163904356,-0.9276574609631574,1.2242192675583785
4915.736378193015,-0.5626290715904982,1.2278297522876487
4917.1185924816755,-1.0609271740136133,1.2261043326386478
4918.500806770336,-1.2646872955082928,1.2221569655046085
4919.883021058995,-0.3253611025632184,1.2191995852546216
4921.265235347655,-1.4980626048582595,1.2270384161863286
4922.647449636315,-1.360684171103372,1.23249793542769
4924.0296639249755,-1.2783910018094429,1.2361902216575458
4925.411878213635,-0.347806003722976,1.2133379336745922
4926.794092502295,0.4118433066360261,1.1925320035997649
4928.176306790954,-0.6727125061902939,1.206133914195395
4929.558521079614,0.016845819130919537,1.2055963810445052
4930.9407353682745,0.7443271847119544,1.1964719676973279
4932.322949656935,-0.09337823289465685,1.2129983579434627
4933.705163945594,-0.19262848607403527,1.2209273613657101
4935.087378234254,-0.778232495676221,1.2122164272692637
4936.469592522913,-1.2040683653899338,1.2202719240320634
4937.851806811574,-0.5288803545039071,1.2133822962967444
4939.234021100234,0.18954336645937175,1.2127175047713297
4940.616235388894,2.859688574599165,1.16894821979782
4941.998449677553,2.042390685370182,1.1651962894694867
4943.380663966213,2.230825187026346,1.169395019033273
4944.762878254874,3.068086113621435,1.1531785097453655
4946.145092543533,1.1844040777918723,1.1615648114016934
4947.527306832193,2.641249280041288,1.1514735358126489
4948.909521120853,2.9359717002191132,1.1672696870206756
4950.291735409513,3.294357724158716,1.1633337145190061
4951.673949698173,2.8152778148201465,1.1283223592665097
4953.056163986833,2.858231623543886,1.1075014302233668
4954.438378275492,1.18317900877497,1.154594899017222
4955.820592564152,0.14349669615508187,1.1955213139125098
4957.2028068528125,0.24545539554533313,1.2139447338587683
4958.585021141473,-0.9371418575570125,1.2262573028475463
4959.967235430132,0.5935737159661523,1.1956786442658724
4961.349449718792,0.30122485835186463,1.1801633596101306
4962.731664007451,1.1377437228202352,1.1843271520646206
4964.113878296112,1.392877505513976,1.1683547147212137
4965.496092584772,1.62470997519938,1.1666499286523189
4966.878306873432,1.701559432444224,1.1513427404232375
4968.260521162091,0.8742248780714768,1.1573518402131895
4969.642735450751,1.027215970966945,1.163723432089476
4971.024949739412,1.5008520454619543,1.1712140653847893
4972.407164028071,0.6788657036705938,1.161995555621786
4973.789378316731,2.6510350262341653,1.124423120443788
4975.171592605391,2.118153083173432,1.1230016168283956
4976.553806894051,0.3486445120640669,1.1665464767688418
4977.936021182711,-2.7166474751857814,1.21620366001977
4979.318235471371,-4.4960637506008565,1.2394381687152467
4980.70044976003,-4.505202655983281,1.2477472422038423
4982.08266404869,-5.359390147356307,1.2496785973256153
4983.4648783373505,-5.159036146146877,1.2269035406578102
4984.847092626011,-4.836077005650741,1.2229520454050504
4986.22930691467,-4.020503233186284,1.2436281885920029
4987.61152120333,-3.8485822480829626,1.2420003447237802
4988.993735491989,-3.8277454985803563,1.2303863428201056
4990.3759497806495,-4.716668176629202,1.2374362462631705
4991.75816406931,-5.056176894434718,1.2480194106822031
4993.14037835797,-4.0875749965187484,1.2488440235876745
4994.522592646629,-4.542835507349993,1.2665257793558438
4995.904806935289,-4.218755934331499,1.2551185962285123
4997.2870212239495,-3.560368999137676,1.2314715004972474
4998.669235512609,-4.912259340415851,1.2241990840571897
5000.051449801269,-3.5358779948450283,1.234759943676773
5001.433664089929,-4.165512544352081,1.2581149790319472
5002.815878378589,-3.1110140678100846,1.2442609064511703
5004.198092667249,-2.1634208070903833,1.230561054729095
5005.580306955909,-2.9539456790254777,1.2412665295610896
5006.962521244568,-1.9668561791810575,1.2224415985603192
5008.344735533228,-1.860840638194234,1.224782130018191
5009.726949821888,-1.827864034508969,1.2177606907511747
5011.109164110549,-2.7317215176257585,1.2228882508022145
5012.491378399208,-2.4410307888715206,1.225199874669545
5013.873592687868,-2.7358693776001397,1.1837874635811105
5015.255806976527,-1.9906082954155826,1.0463103704556411
5016.6380212651875,-0.8391341071255942,1.054673541897422
5018.020235553848,-1.6706835768522765,1.1330107767711157
5019.402449842508,-1.786721166177017,1.2138343489704304
5020.784664131167,-1.2063839999297405,1.1928127632726706
5022.166878419827,-1.3459714857052143,1.1958276981948561
5023.5490927084875,-1.449928044223748,1.2026231512230017
5024.931306997147,-1.1511710315545,1.1985929955942491
5026.313521285807,1.0100746940620908,1.16922344983935
5027.695735574467,-0.11807164126770253,1.1790232727920904
5029.077949863127,0.3628757753554748,1.1503916661357418
5030.460164151787,0.5866836029418501,1.139166755816165
5031.842378440447,1.8131688032853255,1.1402801580944497
5033.224592729106,3.0042319702811646,1.1329190545657901
5034.606807017766,1.5660766530942034,1.15223140695263
5035.989021306426,1.594960748135799,1.1530053161285243
5037.371235595087,0.32693055666600834,1.1533562295953774
5038.753449883746,0.7173451709934202,1.1503017736367485
5040.135664172406,0.9176988688684968,1.1613619205057837
5041.517878461065,0.168775744630965,1.1798220117243956
5042.900092749725,1.2178063684538234,1.1638669029419126
5044.282307038386,-0.5502029997480431,1.1800322622311423
5045.664521327046,-0.6119673595593014,1.1743654822757583
5047.046735615705,-1.0592783068983422,1.1881343345583815
5048.428949904365,-0.7949239759793247,1.1773418903680204
5049.811164193025,0.355607643479674,1.159802859109696
5051.193378481685,1.6676461578349109,1.1480950628229578
5052.575592770345,0.19648226129717905,1.1028481183037746
5053.957807059005,-0.05037317525216167,1.0692360160306156
5055.340021347665,0.9012489591437145,1.058519094265473
5056.7222356363245,0.4588067657843684,1.073069585897453
5058.104449924985,1.2383463232336958,1.134557989972984
5059.486664213644,-0.916296884452688,1.1521174215840222
5060.868878502304,-0.9578142505941187,1.162059537398386
5062.251092790964,-1.7463767966485548,1.1801455707529582
5063.6333070796245,-0.7839156346811169,1.1774511360305415
5065.015521368284,0.1839515883439642,1.1688149501795335
5066.397735656944,0.1735214876000306,1.1592605827640359
5067.779949945603,-0.6635653715520871,1.1656927140920705
5069.162164234263,-0.0951013204163953,1.16310453080903
5070.544378522924,1.0285395573562042,1.1515531875336784
5071.926592811584,0.22869108304102959,1.1490898630808148
5073.308807100243,0.10560171380398131,1.1440013517002139
5074.691021388903,1.1230567182071933,1.1378479709738591
5076.073235677563,2.254880148522547,1.1240316618573656
5077.455449966223,1.646281359944961,1.1418823056721334
5078.837664254883,-0.3234329203980302,1.1642667879118929
5080.219878543543,1.3101763736536292,1.1407195913184844
5081.602092832203,2.0265514010530836,1.131613669887652
5082.9843071208625,-0.2553426080207579,1.142849726529287
5084.366521409523,0.7833223660784459,1.1170915181140275
5085.748735698182,1.492951633758663,1.1028380513186145
5087.130949986842,1.1508001911198562,1.1191713137145594
5088.513164275502,0.15284770768074196,1.1361843641115557
5089.8953785641625,0.5867473288216942,1.1393525133972984
5091.277592852822,1.524911167506227,1.140919336394914
5092.659807141482,0.4891934044030606,1.1519515580616848
5094.042021430141,-1.0465479693359452,1.1693584518602342
5095.424235718801,-0.8449183469838868,1.1559650693997257
5096.8064500074615,-0.45732388522951695,1.1524521615197563
5098.188664296122,0.9160587999004868,1.1416262646338973
5099.570878584781,2.0485728377809025,1.1198619974482793
5100.953092873441,4.179308219519031,1.0970591355633634
5102.335307162101,6.044478576873535,1.078068572786574
5103.717521450761,4.011957464298444,1.0937981198881486
5105.099735739421,1.4055688607415693,1.1191884501356997
5106.481950028081,0.6171033276491684,1.1356430883018318
5107.864164316741,0.9048723310747206,1.141536060444907
5109.2463786054,-0.09497808265913932,1.1409270714225757
5110.628592894061,-0.4801720900802877,1.1470810568210326
5112.01080718272,0.040784314913482334,1.1455355775557825
5113.39302147138,-0.5073936437683706,1.139867449255695
5114.77523576004,0.39315634094986507,1.1387445516550736
5116.1574500487,0.5526069241312364,1.1441102601190605
5117.53966433736,0.6532856486882839,1.1354290083925236
5118.92187862602,0.4035990764602122,1.148480779390449
5120.304092914679,-0.8353215566718699,1.1574266279113863
5121.686307203339,0.20307718595583246,1.1531456218171434
5123.0685214919995,-0.5829385764189308,1.1615230458502463
5124.45073578066,-0.5655470510532048,1.1611518659399263
5125.832950069319,-0.6270293071396384,1.1586000947073152
5127.215164357979,-1.0812079091250268,1.1551024966992183
5128.597378646639,-0.6947983692538156,1.1474854352930974
5129.979592935299,-0.9045726852942195,1.15092562881678
5131.361807223959,-0.41786621057286055,1.1536472122497756
5132.744021512619,0.570019645928868,1.1380476705213598
5134.126235801279,0.3912598389765467,1.1380527500812214
5135.508450089938,-0.5811474241837047,1.1298519091126904
5136.890664378599,1.0834863325727841,1.1154466327599322
5138.272878667258,1.4968963501128876,1.1202094865113361
5139.655092955918,1.7273837734377615,1.1227859312383515
5141.037307244578,1.2035961469970093,1.1284330456777467
5142.419521533238,0.26870625229629397,1.1362312536351076
5143.801735821898,-0.3560928353909105,1.139900390927861
5145.183950110558,-0.04301125935122485,1.144028773645213
5146.566164399217,-1.8879619341524556,1.1482889145301471
5147.948378687877,-0.781731174792597,1.143295501354802
5149.330592976537,-1.3657768543392113,1.1498666639664623
5150.712807265198,-1.259737885146043,1.1533144315258825
5152.095021553857,-1.8339191887937236,1.1534778660464222
5153.477235842517,-2.5111757518557063,1.1484591793683998
5154.859450131177,-1.7797200427942848,1.1384546716788133
5156.2416644198365,-1.1583437176945974,1.136790269574591
5157.623878708497,-2.26363678800781,1.1459612845293141
5159.006092997157,-2.3937286160447346,1.150490733392943
5160.388307285816,-2.5388441541325033,1.1590435852727234
5161.770521574476,-4.090043499080581,1.1683299113973125
5163.1527358631365,-5.162614140240134,1.1653127563239893
5164.534950151796,-4.937041819334432,1.1535811007387073
5165.917164440456,-2.636463980784116,1.110301140215692
5167.299378729116,0.0,1.0399141043016291
5168.681593017776,4.30670847614703,0.9805088699217265
5170.063807306436,7.80945508122166,0.944131960325292
5171.446021595096,8.474457306349244,0.9404846540627543
5172.828235883755,5.924229610130013,0.9509319153867667
5174.210450172415,3.9351745242152845,0.9620080660926907
5175.592664461075,5.101934129781235,0.941679645257094
5176.974878749736,8.483435809530999,0.9218372712729606
5178.357093038395,9.932728375694452,0.9074744822643551
5179.739307327055,8.795446886684193,0.9122265230574981
5181.121521615715,5.1152899342115745,0.9348045835026628
5182.5037359043745,2.7464976306160196,0.9544259044702598
5183.885950193035,2.8740155944092756,0.9524382831327496
5185.268164481695,9.51044974087013,0.9078434739552139
5186.650378770354,12.739770835064686,0.8753024308074319
5188.032593059014,12.579748286296393,0.8749491141389225
5189.4148073476745,9.236148906767077,0.8877928078194819
5190.797021636334,9.178992606206283,0.8950796652096029
5192.179235924994,3.702127395712708,0.9320799906461258
5193.561450213654,-3.818395585177406,0.9834728122959835
5194.943664502314,-4.896304769799485,0.9841829647497515
5196.325878790974,-1.7674051966125965,0.9480045628323792
5197.708093079634,0.19887213733774445,0.9264393538144875
5199.090307368293,-3.934057192845703,0.9558050229218163
5200.472521656953,-6.210428089324143,0.981940084386717
5201.854735945613,-4.392159537525352,0.9739012513091693
5203.2369502342735,-4.194959256441958,0.9730455702085558
5204.619164522933,-5.805799517318928,0.9848466524416324
5206.001378811593,-8.366585409715569,1.0035391147986839
5207.383593100252,-9.52987030699228,1.016152734694976
5208.765807388912,-8.710841329242044,1.0130591249890675
5210.148021677573,-8.255023133851992,0.9982592437577916
5211.530235966233,-6.246685040393768,0.9807897792713306
5212.912450254892,-2.157563104199067,0.9453576736419812
5214.294664543552,2.1165165811841575,0.9107082024815125
5215.676878832212,1.493562681943402,0.9107145808115539
5217.059093120872,0.5734428086773136,0.912136116883948
5218.441307409532,0.34418866389090397,0.9174115321294141
5219.823521698192,1.805038688953843,0.907294480839135
5221.205735986852,-0.18329994371525515,0.9193159148680631
5222.5879502755115,-0.447319985741899,0.9185593496900301
5223.970164564172,-2.420856724217664,0.9324414430061879
5225.352378852831,-4.49243137673772,0.947999591896088
5226.734593141491,-5.580298905717413,0.9586394299785996
5228.116807430151,-0.7812041009328183,0.9226025542053562
5229.4990217188115,3.491741955922187,0.8879931601779246
5230.881236007471,6.216911934420992,0.8711026183166934
5232.263450296131,4.267700000710178,0.8785789882709483
5233.64566458479,2.112978104277282,0.8912293475952091
5235.02787887345,6.794708123999634,0.8624648678759619
5236.410093162111,11.226724824367992,0.8398505655925306
5237.792307450771,9.840065862750109,0.8422246163259509
5239.17452173943,5.597046834269477,0.8665711228213887
5240.55673602809,3.720712029819424,0.8756488352190409
5241.93895031675,5.05874122881027,0.8610190919312882
5243.32116460541,5.767117376203132,0.8599357975129548
5244.70337889407,6.538153164762775,0.8584278135159036
5246.08559318273,3.476408618443422,0.8838835402032715
5247.46780747139,-3.477929963480598,0.9213743357301963
5248.8500217600495,-4.068350970334819,0.9306725876632322
5250.23223604871,-6.412538858146448,0.9412745205430298
5251.614450337369,-8.338390381627367,0.9491276805000147
5252.996664626029,-4.754694073350592,0.9303981854891783
5254.378878914689,-3.069771527322139,0.9120834536101597
5255.761093203349,-2.4245133574005564,0.8994403066542286
5257.143307492009,0.0,0.8912247866555072
5258.525521780669,1.95436161291083,0.8802314791125556
5259.907736069328,1.0227744882717715,0.8862555124081988
5261.289950357988,0.0,0.8933754696572929
5262.6721646466485,-1.3950492458641648,0.9024150864164062
5264.054378935309,-0.7834416092588583,0.9045672577514922
5265.436593223968,-1.8318337229477137,0.9040254049612086
5266.818807512628,-2.8740632066917087,0.9102623825463876
5268.201021801288,-2.088700181956071,0.906272686205699
5269.583236089948,-6.424013534702645,0.9308825213325661
5270.965450378608,-8.39040977909221,0.9415171341566327
5272.347664667268,-4.862226280471575,0.9219043310163301
5273.729878955928,-2.565932283518599,0.9036217625071169
5275.112093244587,-3.1079316687104352,0.9029563879791597
5276.494307533248,-3.3066307038015736,0.8918532623118238
5277.876521821907,1.0078753834348717,0.8730697013478267
5279.258736110567,2.831558095983482,0.8614933082116237
5280.640950399227,5.41059896466939,0.8512398352655455
5282.023164687887,2.528317779532088,0.8641804575893817
5283.405378976547,1.2894087626835002,0.8686029945183829
5284.787593265207,5.29701453335003,0.8526559903059608
5286.169807553866,5.816697749153491,0.848855701538328
5287.552021842526,3.609098198904505,0.8571249993048179
5288.9342361311865,0.5939634928149289,0.8809842621981253
5290.316450419847,-0.13132109530619118,0.8773143042277928
5291.698664708506,0.5706565941419228,0.8769068725802976
5293.080878997166,-0.5384967928695019,0.8792284679885578
5294.463093285826,-0.3591132519177833,0.8796963928609025
5295.845307574486,-0.29251703227466663,0.882194352591875
5297.227521863146,-2.7018819757486625,0.8959178234354901
5298.609736151806,-5.276763408045149,0.9091779542507208
5299.991950440466,-3.8652863184508703,0.9011540073151969
5301.374164729125,-4.544723402158084,0.9046147333440296
5302.756379017786,-2.7788023401219633,0.8942035785887237
5304.138593306445,2.6186800424589904,0.8605991278299454
5305.520807595105,5.52309788587921,0.8458584526098799
5306.903021883765,0.09688703963927736,0.8730626607598089
5308.285236172425,0.2153713750831301,0.870001213932172
5309.667450461085,0.4657925415791411,0.8620440025531838
5311.049664749745,3.6726477932095776,0.8489348357510721
5312.431879038404,9.32565635668955,0.8237239771168847
5313.814093327064,8.498692124290699,0.827416468170398
5315.196307615724,4.662563830518415,0.8455669637241767
5316.578521904385,11.080514557985353,0.821137933624651
5317.960736193044,14.913560262871918,0.8021208900901254
5319.342950481704,5.298627166251087,0.8451432466451352
5320.725164770364,-2.169841548325124,0.8822754935688061
5322.1073790590235,0.9214415230671378,0.8681846863205388
5323.489593347684,3.082404923698853,0.8554805932708346
5324.871807636344,2.5448130398784983,0.8596184206861894
5326.254021925004,2.8080528601463186,0.8607708203916963
5327.636236213663,1.810336611041592,0.8659123754056456
5329.0184505023235,0.24508472290258965,0.8711620167354641
5330.400664790983,0.5666621529131177,0.8668015445867924
5331.782879079643,2.446084324008872,0.8575588582276238
5333.165093368303,6.64497850009473,0.8373190254640458
5334.547307656963,10.436133112994227,0.8208966757292551
5335.929521945623,9.78345979860594,0.8212941666341299
5337.311736234283,10.754958890550242,0.8160597023415403
5338.693950522942,14.28993968930191,0.8036281662857713
5340.076164811602,10.888621592809585,0.821160412743377
5341.458379100262,2.6758007616590973,0.8573533927533596
5342.840593388923,3.120984087512383,0.8541442614285278
5344.222807677582,10.277336600867812,0.8220502114916654
5345.605021966242,10.884015770066284,0.8183461688860065
5346.987236254902,6.742189667580057,0.8367557159452111
5348.3694505435615,4.305993619860608,0.8497941969829336
5349.751664832222,3.5167150812330377,0.8517309536821926
5351.133879120882,6.9663321163641925,0.8361530154417416
5352.516093409542,7.4773917595807475,0.832284386330366
5353.898307698201,4.178046206643025,0.8496200821724783
5355.2805219868615,5.845803838426086,0.8402130242019471
5356.662736275521,7.0820427621265125,0.8370937977448027
5358.044950564181,5.1864316391785295,0.8437801794231286
5359.427164852841,6.086738082296478,0.8412653412970152
5360.809379141501,4.1251751078490315,0.8462384627097316
5362.1915934301605,1.9475749598675733,0.8708181200138367
5363.573807718821,5.337625940710062,0.8457970726660256
5364.95602200748,5.1039291511877565,0.8549024509671502
5366.33823629614,0.464260436350763,0.8721576692595523
5367.7204505848,5.383622971134521,0.8541915935601674
5369.1026648734605,5.061450735350668,0.8520855279901133
5370.48487916212,-0.11261584447535,0.8808880489033022
5371.86709345078,-3.349917321260193,0.8968225514733434
5373.24930773944,2.2032614953985714,0.8703117144040248
5374.631522028099,7.530840318628833,0.8401721586286152
5376.01373631676,5.044425486821858,0.8503841389990958
5377.39595060542,3.2544659448709794,0.8553060682148237
5378.77816489408,7.374440101264732,0.8339161000033823
5380.160379182739,12.332722781986078,0.8126007348940844
5381.542593471399,10.419804475141888,0.8244806838397071
5382.924807760059,4.003297460496327,0.8586546847655853
5384.307022048719,-1.7497000684326167,0.888189842425431
5385.689236337379,-3.3913390708843494,0.8948067473065444
5387.071450626039,-0.2576074679593674,0.8775755612613442
5388.4536649146985,-2.073267508897395,0.8835193478151289
5389.835879203359,0.0,0.8789410492526981
5391.218093492018,2.358911955842615,0.8638680671393881
5392.600307780678,3.249548703434236,0.8603528242186118
5393.982522069338,-0.8602125562967515,0.8852813412127762
5395.3647363579985,-5.9976891459943715,0.9196885494815304
5396.746950646658,-6.409461543794599,0.9248064822764589
5398.129164935318,-5.435878797166886,0.9122858212362506
5399.511379223978,-3.684567542856435,0.9028452530024375
5400.893593512637,-0.6887135693156594,0.8773304765433697
5402.275807801298,2.5395525488519297,0.8609587514123896
5403.658022089958,4.683400346556027,0.8497311870311146
5405.040236378618,2.6987661180597016,0.8638677007056318
5406.422450667277,0.7569771064841788,0.8778630154688578
5407.804664955937,-1.9118860864664668,0.8948441977481101
5409.186879244597,-5.030387967434976,0.9119461492315292
5410.569093533257,-3.160534909399722,0.9022229625041228
5411.951307821917,3.584529736302798,0.8632188327934689
5413.333522110577,1.5586997696581548,0.8708384219840676
5414.715736399236,3.041867328323832,0.8619590520232688
5416.097950687897,8.04388123702602,0.8396098482023231
5417.480164976556,7.821009118518177,0.8400434715862961
5418.862379265216,2.968710579013859,0.8633363846476277
5420.244593553876,0.5897074361915671,0.8756128260738529
5421.626807842536,2.4271703516406617,0.8664491930847849
5423.009022131196,3.559970609077652,0.861383442598533
5424.391236419856,2.4492141342025633,0.8661769936891182
5425.773450708516,2.3929597145616768,0.868376355179453
5427.155664997175,1.8960713298254959,0.874460914168139
5428.5378792858355,-3.110662795211333,0.9051718335117399
5429.920093574496,-6.535460278260381,0.9229724410137896
5431.302307863156,-4.647481734127496,0.9135453075396175
5432.684522151815,-3.74636861964067,0.9082270691003814
5434.066736440475,-3.7069560600356652,0.9054012679718516
5435.448950729135,-1.8751108899818192,0.8988887826900708
5436.831165017795,-1.4302912488864763,0.8895135835817247
5438.213379306455,-2.6416606627885173,0.901574193082425
5439.595593595115,-1.4537135018534997,0.8931765659294107
5440.977807883774,2.55586761751519,0.8706934247247935
5442.360022172435,3.514493299015811,0.8646392003462163
5443.742236461094,0.6887135693156594,0.8825363808477521
5445.124450749754,-4.579440422896205,0.9184198815653081
5446.506665038414,-7.960329438304214,0.9398241816514815
5447.888879327074,-6.254012740013707,0.92956159848826
5449.271093615734,-0.11494215650126449,0.8922886097705202
5450.653307904394,4.148779949310452,0.8672185329908388
5452.035522193054,2.772851524517364,0.7956256507595928
5453.417736481713,0.933274705182292,0.8077629768770178
5454.7999507703735,-0.1253625226558981,0.8815379742561408
5456.182165059034,-4.295755085705281,0.9093616242283646
5457.564379347694,-2.6444525456841887,0.8951238765978887
5458.946593636353,-0.41779383936532355,0.8620509147299623
5460.328807925013,-3.722651661791332,0.8565236631920873
5461.711022213673,-3.4281723282129235,0.8726143926667542
5463.093236502333,-0.1259516027909271,0.8789196883189884
5464.475450790993,-1.2328981588574095,0.8959626983783262
5465.857665079653,-5.711852028563776,0.9282114636207429
5467.239879368312,-7.493671440525894,0.9400783716911736
5468.6220936569725,-6.022855768740499,0.9335563495822158
5470.004307945632,-2.34675909248638,0.9114920146493843
5471.386522234292,2.0778949692159543,0.8807398584241011
5472.768736522952,1.6552611555005328,0.8808093297528975
5474.150950811612,-0.06372525103921589,0.8889088937282847
5475.533165100272,1.0744107374924852,0.8853246948931797
5476.915379388932,-0.343866416352995,0.8969132634246638
5478.297593677592,-3.2503162453611125,0.9139738190930456
5479.679807966251,-2.721078676612237,0.9121745712549192
5481.062022254911,-1.341753924695979,0.9006564018777665
5482.444236543572,-2.0094633895531615,0.9043778975338661
5483.826450832232,-2.4888415656608345,0.9069107474184898
5485.208665120891,-2.5501102765718784,0.9099060499222964
5486.590879409551,-3.8602118788414046,0.9199786222189629
5487.9730936982105,-4.156291883654411,0.9259606102143223
5489.355307986871,-4.867070889508469,0.9333327100327442
5490.737522275531,-6.2936756109895455,0.9431847060643946
5492.119736564191,-6.5868320574661965,0.9472870345188703
5493.50195085285,-7.662411656174221,0.948741950251133
5494.8841651415105,-2.1400320562217843,0.919333302233972
5496.26637943017,-6.1114991065097755,0.9377623118585909
5497.64859371883,-10.820882126945328,0.9820698474518244
5499.03080800749,-10.40038634881093,0.9711055192049475
5500.41302229615,-9.734497670078042,0.9747836557836635
5501.79523658481,-8.6736078053185,0.9617713656292539
5503.17745087347,-0.9922900334321838,0.9157492075719683
5504.55966516213,5.760357406416688,0.8694609022157512
5505.941879450789,4.540718629126637,0.8732973582388645
5507.324093739449,6.309362201612515,0.864346132947896
5508.70630802811,6.772816773042457,0.8628001497557339
5510.08852231677,2.527857760809617,0.8820460554069045
5511.470736605429,-0.5645770485680472,0.9004070271197255
5512.852950894089,-1.2150690572669731,0.9012890743209605
5514.2351651827485,-0.1513898002334102,0.9002319384588592
5515.617379471409,1.0406135522016342,0.8972480158270211
5516.999593760069,2.461987000585289,0.8884554673775763
5518.381808048729,3.651905317899491,0.8815979253052417
5519.764022337388,3.365982296202013,0.880488323336249
5521.146236626048,2.18758670115556,0.8917922453282736
5522.528450914708,-1.3448402946388853,0.9146225604794376
5523.910665203368,-4.198849016355396,0.9333511541038375
5525.292879492028,-5.91673153451282,0.9453632691222578
5526.675093780688,-5.158102998529941,0.9404081574869468
5528.0573080693475,-4.15745116061111,0.9379080954836078
5529.439522358008,-3.571309647145199,0.9342162781507505
5530.821736646668,-2.7918978756994193,0.93181223004447
5532.203950935327,-2.606425996406159,0.9286357116583366
5533.586165223987,-2.169057770571655,0.9245151814399682
5534.9683795126475,-1.1900703281035803,0.9172676037178362
5536.350593801308,-2.327422910731144,0.9256816705666135
5537.732808089967,-5.550110601603258,0.9442947864097071
5539.115022378627,-7.4707401221106515,0.9500069745337385
5540.497236667286,-5.472357229140677,0.92887846159933
5541.879450955947,4.59257042842215,0.8786315432903121
5543.261665244607,9.4281903126533,0.8527188935350791
5544.643879533267,7.793480410381356,0.8567259155143213
5546.026093821926,5.963427212059258,0.8749901141008171
5547.408308110586,1.1029144583085184,0.9005364586240087
5548.790522399246,0.8071089947350174,0.8989453741188658
5550.172736687906,3.5039427949226862,0.8792368677014726
5551.554950976566,1.6890697695842292,0.8885107721452327
5552.937165265226,4.464274534567025,0.8769563336762782
5554.3193795538855,4.144008591346889,0.8745959429495104
5555.701593842546,1.8399057545156339,0.8846259662142324
5557.083808131206,3.8878058634379187,0.876503036540318
5558.466022419865,2.8235126169417697,0.8804281386557898
5559.848236708525,-0.47719806482285776,0.8955229988889865
5561.2304509971855,0.6402785108933742,0.8938264490368855
5562.612665285845,-1.897692403544177,0.8981059854370997
5563.994879574505,1.4589651935904158,0.8901696804707173
5565.377093863165,-0.9056585101451091,0.9009582755414686
5566.759308151824,-3.6744218114466705,0.9193467588111792
5568.141522440485,-2.6566786596341103,0.9126247130291238
5569.523736729145,-2.2947947950408434,0.904876644360699
5570.905951017805,-2.4568102196472807,0.9082037488060561
5572.288165306464,-6.136374730623082,0.9249826357329928
5573.670379595124,-8.340064952899098,0.8179591749182709
5575.052593883784,-4.801543485738883,0.539916489967477
5576.434808172444,-9.430053031110297,0.4739486913716032
5577.817022461104,-20.385851683036105,0.5533837124406386
5579.199236749764,-5.793132122718596,0.6487618281523099
5580.581451038423,-6.506542774099557,0.8291590354326221
5581.963665327084,-13.11817127550382,0.9688718541837725
5583.345879615744,-14.828673970108937,0.9928689918483811
5584.728093904403,-8.6591124770705,0.9480731163607135
5586.110308193063,5.425309870109196,0.8644213078655694
5587.492522481723,14.377074489344473,0.8122047256727952
5588.874736770383,16.41847653207116,0.7945559048606972
5590.256951059043,19.92238283895177,0.7788787337025997
5591.639165347703,24.43187125423355,0.7681456889178325
5593.021379636362,18.859289859400477,0.7904400109468398
5594.4035939250225,9.426270238395361,0.8213807274736119
5595.785808213683,10.856047906626564,0.8218081330118703
5597.168022502343,12.48094869412516,0.8077588921411685
5598.550236791002,6.453255994587522,0.8452007482405625
5599.932451079662,1.8117222783875206,0.8638570976618942
5601.314665368322,3.430575537040575,0.8565738696698216
5602.696879656982,5.557583623345259,0.8392396475910585
5604.079093945642,5.50686432897956,0.8373419554451129
5605.461308234302,3.1791715187749077,0.8532465365429255
5606.843522522961,-0.81221534831014,0.8800418210890613
5608.225736811622,-7.479249625451786,0.9154121906359135
5609.607951100281,-9.380135306375621,0.9294819378452192
5610.990165388941,-7.002317577993971,0.9124246755579304
5612.372379677601,-4.004672435947171,0.8901920346279353
5613.754593966261,-4.08485235105239,0.8951677574634198
5615.136808254921,-8.766929971136783,0.9092892559378318
5616.519022543581,-6.634093372161679,0.9023870746471759
5617.901236832241,-9.674447263877148,0.9177868491531254
5619.2834511209,-15.49012217797829,0.9616678154540831
5620.6656654095605,-19.33384601544,0.9781971941603892
5622.047879698221,-20.844147953142265,0.9809338150269272
5623.430093986881,-21.368377354030205,0.979343053596277
5624.81230827554,-20.950908981329626,0.9804563702661583
5626.1945225642,-19.150955875942678,0.9516014860717579
5627.5767368528595,-17.621761370865066,0.9290655233521001
5628.95895114152,-18.293797274240006,0.9219474906289681
5630.34116543018,-19.29358601767911,0.923428374172622
5631.72337971884,-22.89305091848467,0.9461424602730489
5633.105594007499,-30.111822936820957,0.9828716098053465
5634.4878082961595,-33.64988043201632,0.9835167560382438
5635.870022584819,-24.020057715791914,0.9142029906476962
5637.252236873479,-10.366396865046347,0.8181257149940862
5638.634451162139,1.5529302568750154,0.7630370986668217
5640.016665450799,9.710978533867888,0.7273311343389729
5641.398879739459,12.635073600431113,0.7147434748004682
5642.781094028119,10.01468283893044,0.7207050829646917
5644.163308316779,6.090217650387473,0.7303073905877919
5645.545522605438,11.372010357164271,0.7075074735868553
5646.927736894098,18.349107875476065,0.6868980000856251
5648.309951182759,20.254103643322352,0.6822347820277097
5649.692165471419,18.821206382918234,0.6859562973686169
5651.074379760078,15.835886149326384,0.6898976355487678
5652.456594048738,15.925321372944452,0.6854995510194929
5653.8388083373975,19.42566790147326,0.6756171051644337
5655.221022626058,18.549604020199467,0.6778217788433408
5656.603236914718,6.317001010103894,0.7043577013701416
5657.985451203378,5.528250425656111,0.7057191987285073
5659.367665492037,10.964838869454539,0.6915770151604839
5660.7498797806975,12.479391919047416,0.6828656471233192
5662.132094069357,14.129112307397932,0.6778628994292162
5663.514308358017,16.8139613850215,0.6696705308036296
5664.896522646677,22.349511156182572,0.655056373647299
5666.278736935337,28.203892604411323,0.641576531019535
5667.660951223997,27.93395540962024,0.6408986314051757
5669.043165512657,16.72417896151201,0.665485965853213
5670.425379801317,6.928180672153914,0.6852232448677792
5671.807594089976,12.247341846952963,0.6738940951073445
5673.189808378636,24.53979229172164,0.6466773352727138
5674.572022667297,21.076101946020017,0.6562884903251568
5675.954236955957,4.973290528276181,0.6851067364903023
5677.336451244616,8.366794526251311,0.6785240133777682
5678.718665533276,16.18241868118497,0.661321306387045
5680.100879821935,12.98220185814786,0.6646868152469494
5681.483094110596,13.230978343878235,0.6624799498328784
5682.865308399256,20.589825234589213,0.6418524647049868
5684.247522687916,19.074035000701627,0.6462398109767593
5685.629736976575,7.56893030537006,0.6732318687231474
5687.011951265235,9.49618783657101,0.6664298194660903
5688.394165553895,14.26805453301958,0.6562685232275406
5689.776379842555,13.248564753373913,0.6500767475940744
5691.158594131215,15.588968740456309,0.6464066546995887
5692.540808419875,25.850089177672814,0.6279919292161908
5693.9230227085345,31.763825097929825,0.6178913705550536
5695.305236997195,18.571752445681028,0.6435558576114443
5696.687451285855,9.358396529671978,0.6602785687429543
5698.069665574514,14.724740152933606,0.6477084009977588
5699.451879863174,17.01482234278413,0.6444547194176657
5700.8340941518345,11.665019813972322,0.6566529548747553
5702.216308440495,6.455919781804269,0.6670415218992574
5703.598522729154,22.7646573999495,0.6376910378320624
5704.980737017814,35.87905525357398,0.6015952477368489
5706.362951306473,26.853714925832378,0.6271436886875197
5707.745165595134,8.477491700356396,0.6602897606866053
5709.127379883794,5.871537533111521,0.6658732510203381
5710.509594172454,16.670744660144024,0.6467913483403412
5711.891808461113,10.721334276123358,0.6529960126546628
5713.274022749773,8.798673219215061,0.6557194340613113
5714.656237038433,23.60506510779507,0.6250441163850495
5716.038451327093,40.22361725912093,0.5927929376011634
5717.420665615753,42.35688022755684,0.5876048622040262
5718.802879904413,32.19561191812427,0.601559186317655
5720.1850941930725,16.700815920914025,0.6347678614759048
5721.567308481733,8.76987462789613,0.6567724032210501
5722.949522770393,15.905125454934364,0.6417372465743979
5724.331737059052,18.208771933213058,0.6357986066205865
5725.713951347712,9.548744563221078,0.6541750455858534
5727.0961656363725,-0.053253122392220575,0.6784322185025521
5728.478379925033,-5.284357742024753,0.6955522024029329
5729.860594213692,-13.484188240851324,0.7225020695558476
5731.242808502352,-22.179514155371194,0.741474005608619
5732.625022791011,-15.93673784047759,0.7244343678935495
5734.0072370796715,-8.185558560720565,0.7004759346167866
5735.389451368332,-7.399908411126248,0.6965151030052851
5736.771665656992,-7.490164384941352,0.6969887667276015
5738.153879945651,-8.271329063747245,0.6997906286057118
5739.536094234311,-9.34310671847885,0.7046550821215082
5740.918308522971,-12.486971981679986,0.7161387396048585
5742.300522811631,-21.824644601437072,0.7440768161484977
5743.682737100291,-28.82446235355922,0.763009245726043
5745.064951388951,-25.91078545352066,0.7495760155488836
5746.44716567761,-19.93431538179088,0.7345751206838059
5747.829379966271,-23.082703895555156,0.7446713389063804
5749.211594254931,-27.359491366613895,0.7556133201206026
5750.59380854359,-22.677498756976277,0.7414429563364985
5751.97602283225,-15.173136928610205,0.7156948403364017
5753.35823712091,-12.100100790660335,0.7086520873930469
5754.740451409571,-12.841901303634998,0.707747369836002
5756.12266569823,-6.938639437514766,0.6921100494563598
5757.50487998689,-5.943788279425348,0.6873841911365808
5758.887094275549,-4.285144372088695,0.6884073788637304
5760.2693085642095,-5.67579637509661,0.6898064340593919
5761.65152285287,-13.539871458021892,0.7150793522274549
5763.03373714153,-19.837063983852573,0.7286089942944072
5764.415951430189,-14.979795657503317,0.7179585442805351
5765.798165718849,-8.500962721997709,0.6959628520056862
5767.180380007509,-1.6617216923787481,0.6749221444700998
5768.562594296169,-5.512457445213798,0.683891313107164
5769.944808584829,-18.40356850880967,0.7230828233740434
5771.327022873489,-21.39495665704173,0.7318286202864654
5772.709237162148,-8.497665396892998,0.6951944743350286
5774.091451450809,-1.716863336847041,0.6756774347571113
5775.473665739469,4.0890249252074256,0.6634664178866432
5776.855880028128,3.304083276570722,0.6607793592950065
5778.238094316788,2.198608449752271,0.664954656908961
5779.620308605448,6.365740729329161,0.6579118775610994
5781.002522894109,2.2456619008514593,0.6677718800127292
5782.384737182768,-5.278681013926473,0.6864042089777964
5783.766951471428,-8.438594564552758,0.6965063576859036
5785.149165760087,-12.71428204804748,0.7087718326496768
5786.531380048747,-9.586840337131903,0.6946092307286407
5787.913594337408,-0.6930238351084341,0.6711087299577305
5789.295808626068,-2.2252537339487333,0.6719588300745691
5790.678022914727,-2.5576398371888587,0.6754705512265794
5792.060237203387,1.5785904722514772,0.6638924196477833
5793.4424514920465,3.612247200883843,0.6603755720202026
5794.824665780707,4.880360331285814,0.6562117713380444
5796.206880069367,6.573130601137578,0.6550695338783642
5797.589094358027,-2.025166032871212,0.6654109305463657
5798.971308646686,6.572192854268522,0.6537288603867566
5800.3535229353465,17.976517090419165,0.6275477432327358
5801.735737224007,13.09718070688642,0.6432039932961986
5803.117951512666,0.07043015074708592,0.6670315529227184
5804.500165801326,0.7016287262988357,0.6709738929754592
5805.882380089986,6.862562934973468,0.6527447118501216
5807.2645943786465,7.060113079331572,0.6553126594543736
5808.646808667306,11.533166001397973,0.6423498433895144
5810.029022955966,13.28469856486889,0.6397729471461329
5811.411237244625,11.26099491371393,0.6400716922210034
5812.793451533285,15.10525885175366,0.6312477868817574
5814.175665821946,21.970733073298646,0.6191601228628808
5815.557880110606,19.928139090367907,0.6227084976568625
5816.940094399265,14.614845963413586,0.6347261530353172
5818.322308687925,16.087695199816977,0.6310525802333322
5819.7045229765845,26.047103620904977,0.6103086098895746
5821.086737265245,25.561236940333075,0.6117775181003426
5822.468951553905,14.233536750233526,0.6328393349904226
5823.851165842565,12.548458129066859,0.6372365792884127
5825.233380131224,19.58378793396679,0.6220409819368893
5826.6155944198845,25.36159418739568,0.6096723834617174
5827.997808708545,25.277414956882396,0.6100935901750437
5829.380022997204,16.78256856112627,0.625983839153286
5830.762237285864,10.234914156127786,0.6392462332434659
5832.144451574524,9.835906100976857,0.6408821662592815
5833.5266658631845,12.984888628844843,0.6341430959409854
5834.908880151844,18.931207430502027,0.6224321615162233
5836.291094440504,24.794421532760836,0.6119711240109631
5837.673308729163,27.270723882602738,0.6082278044213517
5839.055523017823,20.501940694677486,0.579294766062588
5840.4377373064835,18.220001745952715,0.5757477031930852
5841.819951595144,23.887016720640517,0.6128118694240503
5843.202165883803,31.383108373606845,0.6005061942601121
5844.584380172463,35.22207261410739,0.5993678044854908
5845.966594461122,25.74845133481699,0.6160713252711977
5847.348808749783,21.896072535519536,0.6281656327331584
5848.731023038443,11.473753468746807,0.647960719271074
5850.113237327103,5.106011160390764,0.6650500124102643
5851.495451615762,7.851973802169113,0.6578738963787885
5852.877665904422,4.258197757655438,0.6692598249801791
5854.259880193083,-2.3560634837119068,0.6838687861548083
5855.642094481742,4.841460811198786,0.6728633610004089
5857.024308770402,10.035932454698923,0.659084176031931
5858.406523059062,6.514544334912372,0.6682259800132015
5859.788737347722,-1.5994006734750599,0.6881220420935868
5861.170951636382,-4.069253294707352,0.6940506912539596
5862.553165925042,2.32597981523152,0.6810330336554596
5863.935380213701,3.376662949486118,0.6774059493044273
5865.317594502361,1.071013261659516,0.6814118857003629
5866.6998087910215,-1.0672282973683451,0.686410721424747
5868.082023079682,-3.5919044049600757,0.696978141721291
5869.464237368341,-7.649818113771516,0.7125826566129977
5870.846451657001,-11.025655138309475,0.7251507786544142
5872.22866594566,-14.257825752293698,0.7339736802739432
5873.610880234321,-14.693812712993164,0.7336675917230288
5874.993094522981,-4.905783732792372,0.7108418453739671
5876.375308811641,5.17092301121356,0.6902601245961633
5877.757523100301,-0.4246851940062868,0.7069832936745228
5879.13973738896,-13.685956844421312,0.7423080417166649
5880.52195167762,-15.111889760193364,0.7506869638284704
5881.90416596628,-4.532117052570143,0.722198274760482
5883.28638025494,-0.5896116429695581,0.7135415592383215
5884.6685945436,-11.895614852738476,0.7382231929182839
5886.05080883226,-11.807559884847791,0.7342806680173691
5887.43302312092,-8.927343573314872,0.6970117958394044
5888.81523740958,-21.56728761482882,0.6712771696483472
5890.197451698239,-35.440469707393646,0.6992850157246601
5891.579665986899,-31.619372628292673,0.7495301616201051
5892.961880275559,-22.02820951255329,0.7486553567350555
5894.34409456422,-26.797845689023568,0.7292595414025024
5895.726308852879,-38.603367624444466,0.7352423816627568
5897.108523141539,-34.421290630826704,0.7760864598202237
5898.490737430198,-19.507582843853882,0.7750808309490715
5899.8729517188585,-12.795800841243036,0.7642288689487713
5901.255166007519,-15.562709348742459,0.7710730756085042
5902.637380296179,-13.335929754829948,0.7654177906606546
5904.019594584839,-6.477815197389418,0.7469232445118364
5905.401808873498,0.07248686132109583,0.7289817027877941
5906.784023162158,2.1124502492724844,0.7230075306790744
5908.166237450818,0.8992368177170533,0.7303364902677947
5909.548451739478,0.9831142044452434,0.7330007062927453
5910.930666028138,-1.692468835141014,0.7405937538231278
5912.312880316798,-6.118687558832889,0.7516495406440289
5913.695094605458,-6.741632540277749,0.7536438041574232
5915.077308894117,-4.747131661385666,0.7500276846166958
5916.459523182777,-2.6980693827261746,0.7406111647959653
5917.841737471437,-1.9713424251203548,0.715091794636503
5919.223951760097,-6.755863571731695,0.7379497532701801
5920.606166048758,-12.025114009222307,0.7824831734213945
5921.988380337417,-11.732706288175422,0.7830461262142784
5923.370594626077,-5.6694735334396,0.7641223237347808
5924.752808914736,0.0,0.7508795400126063
5926.1350232033965,-0.5836868743541004,0.7518933585964735
5927.517237492057,-0.8978414607227023,0.7514379155384622
5928.899451780717,4.3589803697848595,0.7438489149510836
5930.281666069377,5.023575497934715,0.74006972229401
5931.663880358036,0.40971213375463833,0.7519752909511624
5933.046094646696,-5.043497401455824,0.7691200670846776
5934.428308935356,-5.841433160898248,0.7776673698715018
5935.810523224016,-0.49783034512104507,0.7647787412755063
5937.192737512676,0.4259548179191057,0.7633433622385909
5938.574951801336,1.4511804379191915,0.763462383535248
5939.957166089996,0.544478863508246,0.7665429114453952
5941.339380378655,-0.001888674595548423,0.7679835759376218
5942.721594667315,2.432858973172742,0.7664344887025827
5944.103808955975,-0.6571718072867299,0.7723132575289625
5945.486023244635,-3.8065428938367916,0.7776661237323443
5946.8682375332955,0.0,0.7703406318239774
5948.250451821955,2.9592058765545204,0.766505951029852
5949.632666110615,4.054942243979227,0.7635056215350062
5951.014880399274,5.931557582518508,0.7585334200526623
5952.397094687934,3.3405030968192477,0.7642516614425383
5953.779308976595,-1.6698784202454249,0.7821288159412495
5955.161523265255,-7.80271651401813,0.8029353283481204
5956.543737553915,-10.812850898108508,0.8139413694625454
5957.925951842574,-6.691119309403575,0.8043308172977409
5959.3081661312335,1.0256323091651467,0.7844990824435659
5960.690380419894,2.9829024481443724,0.7785670066299132
5962.072594708554,3.3701611278969636,0.7755255145657799
5963.454808997214,12.23336528369613,0.753380450698374
5964.837023285874,20.309224159180573,0.7355298425845506
5966.2192375745335,15.57520207818169,0.7468652697107856
5967.601451863193,4.966080664013518,0.7745086018163667
5968.983666151853,0.10492652826290794,0.7886281195369123
5970.365880440513,2.0403209278746743,0.7846633521206655
5971.748094729173,7.769241070597374,0.771906100826919
5973.1303090178335,9.0115619267835,0.7701655164065108
5974.512523306493,4.552607687429628,0.7838509590849174
5975.894737595153,1.8945746736421114,0.7927257661865661
5977.276951883812,0.39653456804281006,0.7987563835236221
5978.659166172472,-1.0198077444303237,0.8017979564278018
5980.041380461133,2.739405879813546,0.7906769611548071
5981.423594749793,8.005794551581431,0.7792770736607039
5982.805809038453,5.601729947989412,0.784655442255914
5984.188023327112,3.059283147846486,0.7875691198004329
5985.5702376157715,7.862448223599813,0.7793617168928522
5986.952451904432,7.898222239916748,0.7776977868041182
5988.334666193092,-0.7764034286091288,0.8014692465879364
5989.716880481752,-6.847957603359404,0.8222767421319253
5991.099094770412,-4.424677256836318,0.815603460648981
5992.4813090590715,-3.326855162510256,0.8126373054889648
5993.863523347731,-8.56594717256938,0.8268469318075323
5995.245737636391,-12.164426140825924,0.8394087036372491
5996.627951925051,-10.93189717658656,0.8383503609596784
5998.010166213711,-10.18785537132672,0.8378350327766688
5999.392380502371,-12.351394878837638,0.8463488422730295
6000.774594791031,-14.942557945960544,0.8559495280161757
6002.156809079691,-16.732420243488022,0.8608021618198735
6003.53902336835,-18.475099885071323,0.8655191157967008
6004.92123765701,-18.282268304920194,0.8651989697828157
6006.3034519456705,-14.14073077065126,0.8529674158799492
6007.685666234331,-9.559299915898336,0.8351917796403092
6009.067880522991,-4.2068787307029964,0.8154821425786483
6010.45009481165,-0.12202563448822445,0.8027714851611459
6011.832309100309,-2.0671363023850233,0.8089147905148711
6013.21452338897,-7.803142712349555,0.8273592835724396
6014.59673767763,-11.63705347998264,0.8388550719021055
6015.97895196629,-9.202563782375293,0.8318204162525306
6017.36116625495,-4.638733373105396,0.815376532404629
6018.743380543609,-4.774590602507757,0.7916480962891076
6020.125594832269,-5.615588765635863,0.7748401960653245
6021.507809120929,-2.0606848602792525,0.7858230304255621
6022.890023409589,0.5645708534088243,0.798369586764397
6024.272237698249,-3.3212515451264437,0.8081958295351306
6025.654451986909,-7.125679672705118,0.8171363999867105
6027.036666275569,-2.9293173194771214,0.8065669310750159
6028.418880564229,5.740310469930861,0.7798543147472262
6029.801094852888,10.218775174770357,0.7674751117298317
6031.183309141548,5.355901858281598,0.7827425957505336
6032.5655234302085,-4.100710836653121,0.8072777084060812
6033.947737718869,-5.921198681571639,0.8132730602262683
6035.329952007528,-1.68671015761673,0.7998816371351269
6036.712166296188,-2.0536370264962898,0.8002756490717694
6038.094380584847,-6.576377210558761,0.8116953475693738
6039.476594873508,-10.286109230859807,0.8248166516215253
6040.858809162168,-14.63440114050647,0.8402064606504213
6042.241023450828,-16.009498534731193,0.841230701503159
6043.623237739488,-7.58463041221988,0.814375741886386
6045.005452028147,3.7667468224709637,0.7784785269723544
6046.387666316807,7.702102072987486,0.7640063090844226
6047.769880605467,0.4441401888874168,0.7841416311413083
6049.152094894127,-7.678968506715378,0.8089911883924825
6050.534309182787,-3.869757561152312,0.7961207731636127
6051.916523471447,2.529519670467934,0.7756098784747203
6053.298737760107,-2.037473449981391,0.7859344246749692
6054.680952048767,-7.216984700772997,0.8032528360992284
6056.063166337426,-11.69155477177273,0.8225499345551754
6057.445380626086,-18.275208530889728,0.8447278381719096
6058.827594914746,-22.86433617107027,0.859984371381242
6060.209809203407,-17.007022816150155,0.8367180242057971
6061.592023492066,-0.11827641150745194,0.7824946596583608
6062.974237780726,12.514950182174715,0.7419023275108403
6064.356452069385,11.701606378367927,0.7388136648966702
6065.7386663580455,7.341467086058572,0.7454953696508919
6067.120880646706,11.89794078119634,0.7351767768360796
6068.503094935366,16.34383729467355,0.7222078496161424
6069.885309224026,16.447883323685275,0.718494228944291
6071.267523512685,18.970230199233356,0.7106146855839419
6072.649737801345,28.09272095001552,0.690682901562103
6074.031952090005,31.152649682408892,0.6859779845834503
6075.414166378665,16.530238971481324,0.7107915665466119
6076.796380667325,12.356329064232668,0.7220803869078347
6078.178594955985,13.116777310844128,0.718473002027041
6079.560809244645,13.313411648617134,0.71585155119405
6080.943023533305,13.856540330592495,0.7121214585627768
6082.325237821964,14.472815958263723,0.7114522928902645
6083.707452110624,11.007836506871783,0.7175105145665464
6085.089666399284,8.88511981928427,0.7205192834135092
6086.471880687945,12.265285612471246,0.7159416619360611
6087.854094976604,14.259943982399705,0.7072752267785967
6089.236309265264,12.405413000980573,0.7145547415229986
6090.618523553923,8.701109700073815,0.7226799356157257
6092.0007378425835,5.724706992528581,0.7309238396420679
6093.382952131244,4.313405535315354,0.7330102341529383
6094.765166419904,4.233510280073645,0.7296269734870762
6096.147380708564,7.026007711730685,0.7220065981686901
6097.529594997223,5.348598748087454,0.7292286997248585
6098.911809285883,-4.186853286752239,0.7538913172595554
6100.294023574543,-7.3450583706407,0.7606077485665492
6101.676237863203,-1.5087254518601014,0.7451247866728846
6103.058452151863,2.2832156907993806,0.7321805469375318
6104.440666440523,1.2400836090011467,0.7324713859546508
6105.8228807291825,-2.3501369840009687,0.743442670661093
6107.205095017843,-5.304212068026203,0.7519602228582022
6108.587309306502,-3.9851741533904317,0.7457439142411263
6109.969523595162,3.1812233598577535,0.7279027174845043
6111.351737883822,-0.4438832292444772,0.7322784584672631
6112.7339521724825,-7.2406129013672,0.7571725064485209
6114.116166461142,-7.48167051686292,0.7510427815644738
6115.498380749802,-3.9184663341402626,0.7445470150854347
6116.880595038461,-8.424760721779094,0.758696448093998
6118.262809327121,-19.671122920296128,0.800239909884292
6119.645023615782,-32.01266220817199,0.8470694032772017
6121.027237904442,-32.06294969845068,0.843683994216836
6122.409452193102,-14.738474221826877,0.7805994252804346
6123.791666481761,5.4862115803223475,0.7154413675324812
6125.1738807704205,8.324235391107337,0.6988985799238857
6126.556095059081,1.8833683367164156,0.7069798405552453
6127.938309347741,8.239242691171142,0.6915315457269248
6129.320523636401,27.11320488996178,0.6489132060677674
6130.702737925061,41.55944729067147,0.616515195205405
6132.0849522137205,38.446678274653266,0.6213334573393359
6133.467166502381,18.268614219596017,0.6659401537109974
6134.84938079104,3.059380759415504,0.7022873397617173
6136.2315950797,1.9717335219822445,0.7057138024575398
6137.61380936836,2.667993844573658,0.7038265324513897
6138.9960236570205,1.4930060622394592,0.7049438257841618
6140.37823794568,1.1642271148818253,0.7056601605597155
6141.76045223434,-0.2618486072362032,0.7066521058844255
6143.142666522999,0.10079480937389462,0.701821890067051
6144.524880811659,7.986401430738738,0.6855278940907754
6145.90709510032,11.912449090274308,0.6751500275199035
6147.28930938898,6.56486063338798,0.6850415207132293
6148.67152367764,0.0,0.7002162800181453
6150.053737966299,-1.134744437218643,0.703347914021458
6151.4359522549585,1.5933692531311863,0.6952992209717359
6152.818166543619,4.579682672576837,0.6857177984582082
6154.200380832279,4.4648735279317435,0.6840627352483126
6155.582595120939,6.6321137174706735,0.6771182041760457
6156.964809409599,10.108614487136151,0.6692880396125028
6158.347023698258,10.969576112841011,0.665753303301643
6159.729237986919,7.691998657237875,0.6761005724507048
6161.111452275578,-3.030670669901852,0.7030883299277684
6162.493666564238,-12.259886634410748,0.7317927589194012
6163.875880852898,-16.050869587037752,0.7443301565675584
6165.258095141558,-16.076753533921732,0.7457386871444995
6166.640309430218,-13.988400625139946,0.7354793052017874
6168.022523718878,-7.753430171444805,0.7189922148064567
6169.404738007537,-4.9966957639177,0.7057056576190398
6170.786952296197,-1.0492118103864811,0.6934827224774949
6172.1691665848575,2.2231074057369398,0.6801680963546651
6173.551380873518,6.480260417415096,0.6691211492305021
6174.933595162178,13.249819279174673,0.6509472221918279
6176.315809450837,15.440120290625842,0.645769129536294
6177.698023739496,5.819661024240972,0.6689381017978675
6179.080238028157,-6.788823186317842,0.7031636418480098
6180.462452316817,-16.364837829172586,0.7331620434142345
6181.844666605477,-20.428813059638145,0.743794253788842
6183.226880894137,-17.43806687063592,0.7340601067391267
6184.609095182796,-11.845138390086035,0.7196034571735708
6185.991309471457,-12.922772031751379,0.724961709142558
6187.373523760116,-23.613611781093525,0.7634008052533502
6188.755738048776,-38.23451649236708,0.8216368024910712
6190.137952337436,-48.79703921911322,0.8649276810873854
6191.520166626096,-47.176527351220955,0.8573510212311811
6192.902380914756,-28.835427665877916,0.7858856891974286
6194.284595203416,0.0,0.6895201828829078
6195.666809492075,20.67445331786979,0.6312115216657018
6197.049023780735,27.157986955277465,0.6140946402061292
6198.4312380693955,28.949055394711507,0.6096976391419086
6199.813452358056,24.03851018869142,0.6214364745053059
6201.195666646716,13.240929031005791,0.6419886500958961
6202.577880935375,13.933277324116943,0.641266081879717
6203.960095224034,26.95084267363447,0.6162385524488657
6205.342309512695,25.975335498705604,0.6196774366859334
6206.724523801355,6.27754709401718,0.6664927591706064
6208.106738090015,-15.790537583082084,0.719059010090436
6209.488952378675,-22.839184700477077,0.7393149724953976
6210.871166667334,-16.766833985576,0.7302743246826037
6212.2533809559945,-17.296383926618617,0.7289293757572147
6213.635595244654,-23.247541098985707,0.740966992189809
6215.017809533314,-24.76924632509065,0.7463278933411399
6216.400023821974,-20.951578229459216,0.7302332095475055
6217.782238110634,-11.92630712281931,0.7032444144071245
6219.164452399294,-1.8176569708654853,0.6767874987603589
6220.546666687954,-2.884929300258534,0.6757524883638221
6221.928880976613,-9.828883495043044,0.6938126783945026
6223.311095265273,-16.143008617444764,0.7136062635265065
6224.693309553933,-16.13190092350331,0.7138258069209138
6226.075523842594,-7.16335792447984,0.688004356591284
6227.457738131254,4.491374035863615,0.6597144501292678
6228.839952419913,2.3722501236824485,0.6648832591904053
6230.222166708572,-11.114155122987853,0.6967914184079245
6231.6043809972325,-18.49935030076449,0.7144197672231418
6232.986595285893,-13.144264696143978,0.6986286110728606
6234.368809574553,0.3610766809182735,0.6646156751062471
6235.751023863213,11.921127113560573,0.6388316653110607
6237.133238151872,12.461118791198615,0.6365598588471275
6238.5154524405325,5.158327014044886,0.648733267724817
6239.897666729192,4.769045330076096,0.6563844994416008
6241.279881017852,1.6028341192264577,0.6628710797875564
6242.662095306512,-6.474804971025051,0.6823237793559753
6244.044309595172,-11.059269189309006,0.694157561040862
6245.426523883832,-5.783486858022954,0.6818322280273117
6246.808738172492,16.33755733811641,0.6295430626486028
6248.190952461151,29.56026173291599,0.6029176098351443
6249.573166749811,18.307205298958905,0.6240522675022092
6250.955381038471,3.4393555715337527,0.6545616069308104
6252.337595327132,6.60491599785972,0.6486559419492423
6253.719809615792,11.054280882322843,0.6412912597875143
6255.102023904451,6.106970516232806,0.6511130661953859
6256.48423819311,-3.2629949920607686,0.6738742761220715
6257.8664524817705,-17.102114718368014,0.7140983409271031
6259.248666770431,-27.2541486650164,0.7396945556292518
6260.630881059091,-20.651700874712162,0.7230156063510008
6262.013095347751,-0.49808475734022295,0.6765286722632855
6263.39530963641,10.223353566833808,0.6485166433597889
6264.77752392507,2.831674978118187,0.657393638205847
6266.15973821373,-1.7944984914352915,0.6675150231327812
6267.54195250239,9.11547621286553,0.6481437880141425
6268.92416679105,18.015492244922015,0.6263778519871809
6270.30638107971,14.467994887928356,0.6325825384618151
6271.6885953683695,9.75399563027436,0.6414573234567215
6273.07080965703,8.176696838165228,0.6460100933917177
6274.453023945689,-2.3235391655689455,0.6733238232862958
6275.835238234349,-10.135838760791117,0.6874937959442237
6277.217452523009,-0.16851069643402639,0.6643525097151476
6278.5996668116695,19.300493153465965,0.6253463055845375
6279.98188110033,16.379892804593723,0.6287298283370995
6281.364095388989,1.0650865410522243,0.6529139502952206
6282.746309677648,10.147556881833097,0.6383341365973657
6284.128523966308,24.35014486462883,0.614428678386164
6285.510738254969,17.7646309214,0.6300916293342573
6286.892952543629,1.0369174425331664,0.6456251800575291
6288.275166832289,20.28647905552107,0.6177531035560778
6289.657381120948,44.75181801991074,0.5810779151974985
6291.039595409608,37.4424499610994,0.5885926658526643
6292.421809698268,14.489376435470092,0.6285739152860762
6293.804023986928,2.034300759799592,0.6555724445247454
6295.186238275588,2.4131389770767413,0.6558472703030086
6296.568452564248,2.5859105622670597,0.6512025574471683
6297.9506668529075,-2.3601444555254005,0.6527476845897352
6299.332881141568,-4.770498657993414,0.6452717969798524
6300.715095430227,2.920008276643202,0.6279635464932034
6302.097309718887,15.380499077262499,0.6190377602261394
6303.479524007547,16.881121597906898,0.6226588930321009
6304.8617382962075,6.37541188483813,0.6428732709800308
6306.243952584868,5.054656261921977,0.6415783735021511
6307.626166873527,18.554350527678736,0.6189936819617253
6309.008381162186,30.248325544650385,0.6000406576602278
6310.390595450846,23.208849171195567,0.6123451936495521
6311.772809739507,8.821969769690995,0.6325098966721516
6313.155024028167,13.417604384671378,0.6227858348834177
6314.537238316827,33.253978175549605,0.5924724219195878
6315.919452605486,41.46216141086926,0.5802240852893525
6317.3016668941455,25.079602667019145,0.6038482754292188
6318.683881182806,6.116853791011437,0.6417543618749513
6320.066095471466,-1.608628486869165,0.65934724222674
6321.448309760126,-2.6893646079686278,0.6624660503910208
6322.830524048786,-1.8797153585731365,0.6611395236896408
6324.212738337445,-1.0211914388022194,0.6591307277848004
6325.594952626106,-0.8258163660358235,0.6591679050406807
6326.977166914765,3.250107034090817,0.6476107826565006
6328.359381203425,15.005039088897291,0.6198571850597384
6329.741595492085,25.289538232995938,0.6037551644618944
6331.123809780745,17.491794970205433,0.6234028666971215
6332.506024069406,-6.815312808474303,0.6725888702077164
6333.888238358065,-16.035526489468182,0.6965388468912153
6335.270452646724,-13.320617050516404,0.6915475030952639
6336.652666935384,-7.7040716176998245,0.6785056950224713
6338.0348812240445,-5.314585453006515,0.6710562840477786
6339.417095512705,-5.781260213041591,0.668355178398244
6340.799309801365,-2.257318324241112,0.6631362562586895
6342.181524090024,-2.883076730094558,0.6615615561272981
6343.563738378683,-4.811241698057017,0.6665293359777559
6344.945952667344,-5.6888777733432505,0.6691448868700399
6346.328166956004,-10.28084001065524,0.6813642614224081
6347.710381244664,-21.27910234541099,0.7114281604228646
6349.092595533324,-28.46684889715675,0.7324154172271147
6350.474809821983,-25.165279406218218,0.7214108829862769
6351.857024110644,-11.268548133775653,0.6834676564060252
6353.239238399303,1.2773438938751411,0.6514752977555128
6354.621452687963,-3.1747331610350216,0.6620223166095197
6356.003666976623,-20.558034462374437,0.7104166268224863
6357.385881265283,-35.302192851665026,0.7537764648778044
6358.768095553944,-39.31892529268703,0.7699163500981192
6360.150309842603,-32.97575483719733,0.7486692267620987
6361.532524131262,-24.874498762940604,0.7169433315534764
6362.914738419922,-20.74383780024732,0.6973322406516559
6364.2969527085825,-18.47862843902115,0.6908291004967219
6365.679166997243,-16.25599172737971,0.6944337880489772
6367.061381285903,-19.860734597111787,0.69659169574659
6368.443595574562,-9.691407122517475,0.6792425712314974
6369.825809863221,-3.375192518385063,0.6585266911655174
6371.208024151882,0.08232958379976196,0.6492698683965936
6372.590238440542,6.401496307349191,0.6362417567492679
6373.972452729202,10.538424803312495,0.6291177108828964
6375.354667017862,2.732147949058799,0.6464436287634304
6376.736881306521,-7.802420994115394,0.6689117936902781
6378.1190955951815,-7.759844612688866,0.6452922135895254
6379.501309883841,-0.25753016384985017,0.5902579210685861
6380.883524172501,6.570677213786112,0.5769881007949647
6382.265738461161,3.369652577849351,0.5984405735761702
6383.647952749821,-6.938891946027809,0.6650708339542271
6385.0301670384815,-4.287025195657733,0.6615017274186742
6386.412381327141,0.024495028880068048,0.6549980993651261
6387.7945956158,-9.770478635018705,0.6754089328402411
6389.17680990446,-9.559312550975477,0.6710830894258795
6390.55902419312,3.350811490989031,0.6459411647835626
6391.941238481781,8.672851107382769,0.6395480953383605
6393.323452770441,-1.7106011846183975,0.6535140408244899
6394.7056670591,-4.483953450860255,0.6616614284756882
6396.087881347759,-0.316253421767442,0.6553088315749869
6397.4700956364195,0.7735617064679303,0.651663087021938
6398.85230992508,-1.4526362978912317,0.6550730526177186
6400.23452421374,-1.1731807343712148,0.6549730711345595
6401.6167385024,-0.9523125154584591,0.6549816028928712
6402.998952791059,-4.295714565557347,0.6608529116482911
6404.3811670797195,0.10353033567797354,0.6524892177533245
6405.763381368379,13.412537306066042,0.6247826574199807
6407.145595657039,19.805453481150977,0.6100489243395332
6408.527809945699,15.072675618292806,0.619852881102208
6409.910024234359,10.53159057715581,0.6279200533093772
6411.292238523019,11.374641548135784,0.6289573578623201
6412.674452811679,1.0517167629386535,0.6516055446630449
6414.056667100338,-10.844697941734907,0.679535211578355
6415.438881388998,-6.279285344709621,0.6645973230546635
6416.821095677658,11.152097433963206,0.6314591006653082
6418.203309966319,19.726975102496112,0.6167848042197843
6419.585524254979,10.60268380347324,0.6279633580727458
6420.967738543638,4.590065733985654,0.6394038295657546
6422.349952832297,8.342377466895172,0.6384540239349148
6423.7321671209575,5.303397402745858,0.6441256911399514
6425.114381409618,-4.206140228578661,0.6618095179257788
6426.496595698278,-4.448959534323464,0.6607919062509957
6427.878809986938,10.505723598891265,0.6335881239991509
6429.261024275597,16.194149451363657,0.6227953100778229
6430.643238564257,0.8782199438071672,0.6472181456545988
6432.025452852917,0.25753016384985017,0.6507335947266232
6433.407667141577,8.952403990666582,0.635364110072384
6434.789881430237,14.934642417100903,0.6203008017155706
6436.172095718897,15.963216851740938,0.6177719999994029
6437.5543100075565,16.41867870450656,0.6172307057095398
6438.936524296217,19.78266372592111,0.6103326852453195
6440.318738584876,19.903268426218318,0.6116939853204536
6441.700952873536,11.903758712666445,0.6296026797267164
6443.083167162196,0.9958155268699045,0.6519660421999277
6444.4653814508565,-0.061247577944939735,0.6516632669424895
6445.847595739517,18.271487767864954,0.6154811495544262
6447.229810028176,41.840155715337005,0.5822344913898507
6448.612024316835,28.026178434114655,0.5983045649686288
6449.994238605495,-3.590798645470798,0.6597023760090157
6451.376452894156,-11.47185777352415,0.6715031420515638
6452.758667182816,6.777905056700206,0.6390285734929596
6454.140881471476,19.61692710624206,0.6120022811700218
6455.523095760135,21.725458459564237,0.6079449862702042
6456.905310048795,14.209031730598412,0.619534425980663
6458.287524337455,12.593997029979704,0.6222111348429781
6459.669738626115,22.302682429409145,0.607168752021643
6461.051952914775,32.59310512937327,0.5901036434483401
6462.434167203435,29.083938246027657,0.5960150842839417
6463.8163814920945,11.503919679154635,0.6283130354052509
6465.198595780755,-3.5832102653636326,0.6590863586372759
6466.580810069414,-3.8573546282529634,0.6624305649475897
6467.963024358074,2.698252746193404,0.6488671388638635
6469.345238646734,2.8033722787337467,0.64631760243672
6470.7274529353945,-1.8960605638572474,0.6571447513686809
6472.109667224055,2.92643530627808,0.6445504411896675
6473.491881512714,13.22531936564883,0.6257938604080839
6474.874095801373,12.957023185086939,0.6244479280741251
6476.256310090033,12.484164922672676,0.6256007977813844
6477.638524378694,7.614160067064844,0.6377919852044098
6479.020738667354,-2.6223210455149086,0.6585721515042401
6480.402952956014,-9.982216379712881,0.6717123941995928
6481.785167244673,-9.581867631774784,0.6719074098844988
6483.167381533333,-7.177204543899634,0.6670222110894353
6484.549595821993,-5.6434005423029845,0.6615135002930045
6485.931810110653,-2.6549092226286035,0.6544399905974873
6487.314024399313,0.8189761544198575,0.6460346133025457
6488.696238687973,1.8418348051332316,0.6436261749505049
6490.078452976632,0.4571384044410678,0.6443551784962585
6491.460667265293,2.367040167891318,0.6460430011394753
6492.842881553952,-7.193143223134911,0.6650097645966369
6494.225095842612,-19.941488106427414,0.6972821307272888
6495.607310131272,-25.53209714954083,0.7128650691100878
6496.989524419932,-25.437893643621152,0.7120339674953688
6498.371738708593,-26.37900605702677,0.7132652720269586
6499.753952997252,-24.263022810054622,0.7068898995091233
6501.136167285911,-16.838699247852944,0.6861562065241248
6502.518381574571,-12.369978729650782,0.6739163583001757
6503.9005958632315,-14.174690552642431,0.6770065927254665
6505.282810151892,-15.64107367423577,0.679131853991573
6506.665024440552,-16.560042394564505,0.6812793154222136
6508.047238729211,-24.75009164006157,0.7019787942498446
6509.429453017871,-29.14942935343855,0.7173798632006267
6510.811667306531,-31.429362659632915,0.7209235360203771
6512.193881595191,-25.17681216378523,0.702643059479308
6513.576095883851,-16.960037471282874,0.6809452568362563
6514.958310172511,-15.192563772294704,0.6759515229444214
6516.34052446117,-18.251933828906644,0.6793339386698231
6517.722738749831,-16.459427536256413,0.6734441148301205
6519.10495303849,-8.947877006894842,0.6559930800587318
6520.48716732715,-1.008258100016775,0.6358881353328895
6521.86938161581,7.637886181707529,0.6180703919251295
6523.25159590447,11.636474316163145,0.6093981230302832
6524.633810193131,8.986178073934127,0.6140813595185786
6526.01602448179,1.7528160723011865,0.6308141059389023
6527.398238770449,-10.733464666989178,0.6567466487725927
6528.780453059109,-18.904595137313947,0.6768647912816971
6530.1626673477695,-13.645726751602908,0.6650598080152818
6531.54488163643,-11.45209557251728,0.6586616429687563
6532.92709592509,-15.44757858420057,0.6663055374018126
6534.309310213749,-10.466956607780475,0.6555536574933382
6535.691524502409,2.235596250938272,0.6285816366144733
6537.0737387910685,7.660733713503646,0.6163992852557869
6538.455953079729,9.991589253052013,0.6104667908783317
6539.838167368389,19.07931216647046,0.5971049828586333
6541.220381657049,15.927315747590796,0.6008762943067473
6542.602595945708,-5.671827420090821,0.6501833245451393
6543.9848102343685,-20.5807025464609,0.6774719787785595
6545.367024523028,-17.955011740540357,0.6791554301681084
6546.749238811688,-16.804587030985218,0.6761118220224979
6548.131453100348,-14.992085971008109,0.6686809208062722
6549.513667389008,-7.892844415572355,0.6520890176903942
6550.8958816776685,1.0981120960287143,0.6336790115337889
6552.278095966328,2.40043881599631,0.6285199372535114
6553.660310254987,-3.5155754186455823,0.6372461604716689
6555.042524543647,-5.76494688141527,0.6411789763589417
6556.424738832307,1.0141813859616917,0.633011626761946
6557.806953120968,0.9079278119745879,0.6274389747930328
6559.189167409628,4.361905919692816,0.6162165728789097
6560.571381698287,32.863209308928646,0.5724180482646478
6561.953595986947,74.89322491517919,0.5188888846799964
6563.3358102756065,79.7042354570053,0.5142102897460135
6564.718024564267,43.86542682470133,0.5550563299251831
6566.100238852927,16.795037204089226,0.5950781203553516
6567.482453141587,13.56703641328059,0.6050550151136386
6568.864667430246,12.342791324601933,0.6065403713266518
6570.2468817189065,1.116942680260209,0.6286806113453428
6571.629096007566,-9.55797484256091,0.6522536194965218
6573.011310296226,-9.042230399116264,0.6519995605332377
6574.393524584886,-10.740809974780191,0.6577204830350969
6575.775738873546,-19.481500382662944,0.6771497629947513
6577.1579531622065,-23.42907783304966,0.6858151875811975
6578.540167450866,-15.425327236040758,0.6646701390034858
6579.922381739525,-2.744817353061663,0.6400567288440615
6581.304596028185,-0.5861967166598703,0.636019912561905
6582.686810316845,-9.810789743519422,0.6522129407659794
6584.069024605506,-13.233791505984343,0.657652830449003
6585.451238894166,-0.9534229751164531,0.6341032259214833
6586.833453182825,14.19922963744942,0.6056580349560985
6588.215667471485,18.355551560396535,0.5970259462554112
6589.597881760144,14.103826858194296,0.5971810247393023
6590.980096048805,20.48009382416771,0.5957399088361334
6592.362310337465,9.559337902620967,0.6106563631496215
6593.744524626125,-2.6865130449419325,0.6327608881187761
6595.126738914784,-7.719696731642358,0.6438696240357434
6596.508953203444,-8.287332623139733,0.6464842390418551
6597.891167492104,-8.82225612715635,0.6460748313020829
6599.273381780764,-4.238631337148647,0.6366761862383825
6600.655596069424,5.84280921071948,0.6172263405976423
6602.037810358084,13.028853198548603,0.6007144120790879
6603.420024646744,18.017297697737035,0.5929565928978153
6604.802238935404,21.23618610963277,0.5843385417211938
6606.184453224063,22.533496991855998,0.5842622208106345
6607.566667512723,22.887126661220663,0.5812746460143382
6608.948881801383,22.462628159244673,0.5826030986530736
6610.3310960900435,14.566364544401694,0.5951007734475313
6611.713310378704,12.169011835630869,0.5983855115462845
6613.095524667363,17.961425556881636,0.586856382800508
6614.477738956023,27.543172038577808,0.569855675501849
6615.859953244682,32.33432675678108,0.5606681977470955
6617.242167533343,27.91328447708031,0.5688990598589447
6618.624381822003,12.36026238559029,0.5916921073316666
6620.006596110663,7.29166884643422,0.6007257919761476
6621.388810399322,11.942792729675773,0.5937668393342099
6622.771024687982,12.852521835910466,0.5939942634532532
6624.153238976642,11.712388251047287,0.5909490904188567
6625.535453265302,17.130981168296472,0.5816191117492704
6626.917667553962,25.414969987796837,0.5708612152719863
6628.299881842622,25.336829310919853,0.570743500170649
6629.682096131282,15.17288180408977,0.5849636625364721
6631.064310419942,3.27790585361069,0.6039007826112442
6632.446524708601,-3.0437424769650647,0.614584677413091
6633.828738997261,-2.243454733342219,0.6126039442354797
6635.210953285921,1.7276870018226305,0.6082967920143517
6636.5931675745815,-5.319575416295351,0.6187886664367496
6637.975381863242,-13.276498545709913,0.6317994705394243
6639.357596151901,-14.656945623494764,0.6361566812366282
6640.739810440561,-12.189022184147774,0.6310503292828534
6642.12202472922,-10.156808540796732,0.6262313941439446
6643.5042390178805,-11.163418932805115,0.626751330768596
6644.886453306541,-12.189510831676074,0.6281614107141631
6646.268667595201,-11.451603795018826,0.6275660340334963
6647.65088188386,-13.478405671157219,0.633032548735512
6649.03309617252,-20.10329968601654,0.6451077897120326
6650.41531046118,-27.6642833388741,0.6647999017925401
6651.79752474984,-29.555168263813655,0.667976051761676
6653.1797390385,-23.129935607174232,0.6512023935216439
6654.56195332716,-10.61729513823218,0.6233739574743193
6655.94416761582,-1.386725576571365,0.6048546007973933
6657.32638190448,-3.172520178718031,0.6072739108918395
6658.708596193139,-12.783614086924985,0.625409822894853
6660.090810481799,-22.932911043882683,0.6440649480669071
6661.473024770459,-26.224822043197094,0.6513790625542508
6662.855239059119,-23.050588350306867,0.6470382425257104
6664.23745334778,-24.3777163011369,0.6481619682076967
6665.619667636439,-23.452141922593796,0.6465680024737699
6667.001881925099,-22.96115420415869,0.6457275553167156
6668.384096213758,-23.913712445001963,0.6474778128279838
6669.7663105024185,-26.72631704177921,0.6551377267134415
6671.148524791079,-30.414794804319726,0.6634940238168242
6672.530739079739,-32.532264288270966,0.6664729757922299
6673.912953368398,-30.62662110698814,0.6623678489263369
6675.295167657058,-25.708684905490003,0.6509561196698231
6676.677381945718,-17.66336259601931,0.6321699359749421
6678.059596234378,-9.833825674429107,0.6153117581267763
6679.441810523038,-4.4653007734879395,0.6044323947046969
6680.824024811698,-1.7058339333358674,0.5991765678367932
6682.206239100358,-2.4667230985666606,0.597551405306851
6683.588453389018,-1.2181889067557563,0.5986787033718451
6684.970667677677,-3.8223305027927097,0.6029106953382634
6686.352881966337,-12.92608035805236,0.6175155373358078
6687.735096254997,-22.521452020934035,0.6379051993389108
6689.117310543657,-20.48009382416771,0.6331730260698467
6690.499524832318,-0.8922983705846264,0.5966719316246539
6691.881739120977,18.61169652565775,0.5639437689808378
6693.263953409637,19.202739886442288,0.5598872391510494
6694.646167698296,14.408374852375914,0.568063037428536
6696.028381986956,10.426320563386383,0.5731063684001466
6697.410596275617,7.081469969491593,0.5777777806982072
6698.792810564277,2.3043850559191412,0.5856252983556726
6700.175024852936,-1.6991525628613147,0.5918835860647449
6701.557239141596,-3.233537068227122,0.5932664982846997
6702.9394534302555,-5.732268726822269,0.5972443499911317
6704.321667718916,2.222928846314886,0.5819408334945985
6705.703882007576,12.819573347822029,0.5675668016586688
6707.086096296236,14.667878633287273,0.5635982042575961
6708.468310584896,8.340028397928478,0.5734942090594835
6709.8505248735555,-0.9054992084178934,0.585592985434644
6711.232739162215,-0.8593737410154461,0.5862748913691419
6712.614953450875,3.956170017920215,0.58095617565828
6713.997167739535,1.3484800604181828,0.5843065821323632
6715.379382028195,-6.117804870000413,0.5941476606749402
6716.7615963168555,-4.640108558896429,0.5868736306378046
6718.143810605515,14.070438783490346,0.5640555010931042
6719.526024894174,22.380272787201307,0.5532842690152722
6720.908239182834,12.942752265232372,0.5595891790802867
6722.290453471494,10.436275379433994,0.5628149624468426
6723.672667760155,18.980140760113443,0.5531828443446033
6725.054882048815,25.548958275389282,0.5470100019358632
6726.437096337474,15.043022133620894,0.5613951631539726
6727.819310626134,-6.782506540083119,0.586675999922154
6729.2015249147935,-9.383874367468792,0.5918142040977008
6730.583739203454,7.688384206658526,0.5727859402379392
6731.965953492114,7.193452953150683,0.5672314181005177
6733.348167780774,-1.6228854624717144,0.5799081831618711
6734.730382069434,-2.9849210667819364,0.5816417615823655
6736.1125963580935,5.722738942387281,0.5691444033065822
6737.494810646753,10.352089655942194,0.5617062460442174
6738.877024935413,0.0,0.5750655212714723
6740.259239224073,-16.20806248880882,0.602087630134192
6741.641453512733,-25.854517773874306,0.6192052776024227
6743.0236678013935,-26.74870256701493,0.6241792256688026
6744.405882090053,-20.02202589101907,0.6085161013274213
6745.788096378712,-7.155900505793795,0.586278266062322
6747.170310667372,1.9061612171446143,0.5699251209598614
6748.552524956032,11.024221250522459,0.5551597931247084
6749.9347392446925,18.132266801575042,0.5447429065971886
6751.316953533353,15.184649242704069,0.5486731223263261
6752.699167822012,1.0411926942032892,0.57053583427399
6754.081382110672,-16.250062838161625,0.5956584260583546
6755.463596399331,-20.074049388835334,0.6009934344825363
6756.845810687992,-6.454356201422939,0.5797588668196997
6758.228024976652,5.573221940943739,0.5618817297848675
6759.610239265312,4.19745558654833,0.5644592332017011
6760.992453553972,-5.234787425331433,0.5765751229195141
6762.374667842631,-9.230672851499065,0.5797541986427834
6763.756882131291,0.5410437909919779,0.5656904914892047
6765.139096419951,17.48662998772869,0.5447388073947439
6766.521310708611,20.9820119653306,0.5381293579432141
6767.903524997271,12.340769729812536,0.5472075050868375
6769.285739285931,7.541483539648965,0.5533293516932192
6770.667953574591,6.417171817846537,0.5563829600126436
6772.05016786325,6.221351496552273,0.5557714486451388
6773.43238215191,8.40521361391228,0.551736767884792
6774.81459644057,13.457675114922694,0.5452452839210888
6776.1968107292305,18.850911264944557,0.5385038146087266
6777.579025017891,20.23238937568837,0.5346027406837063
6778.96123930655,20.718826169336353,0.5349460730743039
6780.34345359521,22.136431644393838,0.5317636028183885
6781.725667883869,20.631791844515163,0.5328620218282247
6783.10788217253,16.110352738027274,0.538413806043186
6784.49009646119,9.737188838805906,0.5436696540587757
6785.87231074985,16.52427270008232,0.5369155732300036
6787.25452503851,27.99243221809519,0.5250804761628871
6788.636739327169,26.77980784718116,0.5256900566307846
6790.018953615829,10.81590426568522,0.5465659662388843
6791.401167904489,-9.77956779377135,0.5764451616548014
6792.783382193149,-23.78950928602083,0.6011110360989101
6794.165596481809,-30.162168727981935,0.6126201007829716
6795.547810770469,-21.560344357763114,0.5970013433222775
6796.930025059129,-2.467244172061953,0.56705236453837
6798.312239347788,14.581381887228815,0.5410514843158892
6799.694453636448,20.056236396926266,0.5320878090348352
6801.076667925108,15.521292208141062,0.5380627365924728
6802.458882213768,13.636131770334288,0.540260218226737
6803.841096502429,26.568371115746572,0.5240859116077088
6805.223310791088,29.640972574187487,0.5203932733472146
6806.605525079748,17.544547228139237,0.5364788619446491
6807.987739368407,0.4563935822191354,0.5606463829696142
6809.3699536570675,-12.126265997769622,0.5800958826977908
6810.752167945728,-16.416405919006593,0.5872123817621687
6812.134382234388,-13.4655836464716,0.5824075826298337
6813.516596523047,-7.197923402575611,0.5727632865346641
6814.898810811707,-3.5323256791936615,0.5668051468356033
6816.281025100367,-4.244857315197152,0.56837527298593
6817.663239389027,-3.994544118440217,0.5666718411841578
6819.045453677687,-3.1612747743447756,0.567287000652939
6820.427667966347,-3.941865972875746,0.567570442987923
6821.809882255007,-2.6639055719426494,0.5647615906383655
6823.192096543667,2.555700569685456,0.5585271360223536
6824.574310832326,5.899868873530636,0.5552358471251789
6825.956525120986,-2.713408120314739,0.5667607132537849
6827.338739409646,-14.933478631680288,0.58147466135599
6828.720953698306,-16.959416304776767,0.5848951567155535
6830.103167986967,-10.920266163698187,0.5760504261499347
6831.485382275626,-1.6043525880256198,0.5659806983354015
6832.867596564286,-2.039979022507225,0.5666107275479692
6834.249810852945,-8.309278672776799,0.5723469595579408
6835.6320251416055,-4.4970238697271725,0.5698493762357522
6837.014239430266,4.613147339511016,0.5583133071152114
6838.396453718926,6.835789424504043,0.554960885545896
6839.778668007585,3.697083982638219,0.5568471308213077
6841.160882296245,5.9725728024105535,0.552507489340644
6842.543096584905,13.888029904602007,0.5452455655460189
6843.925310873565,17.058024106280214,0.5413204392971345
6845.307525162225,11.832005561395732,0.5469593840316364
6846.689739450885,3.101397658463469,0.5589874308723909
6848.071953739545,-0.27992428431971916,0.5643400348336788
6849.454168028205,4.425883660815913,0.5587650520676909
6850.836382316864,10.346590215325733,0.5497481679573252
6852.218596605524,13.359990462015588,0.5481684156287231
6853.600810894184,7.7298278905331586,0.5545778460466653
6854.983025182844,-3.722009080847897,0.5712746771325031
6856.3652394715045,-12.083636130411833,0.5851191790504796
6857.747453760164,-8.582660768471897,0.5799529956648642
6859.129668048824,8.144446149037407,0.5547137366935292
6860.511882337483,24.798634246513785,0.5310680985972476
6861.894096626143,33.442534177087566,0.5176475997011113
6863.276310914804,44.5041922296644,0.5050486204040029
6864.658525203464,47.86426367956412,0.5001187911120915
6866.040739492123,42.26967659397252,0.5051860669249375
6867.422953780783,39.177351651460356,0.5071778955896429
6868.8051680694425,46.09347561109243,0.4981730624918883
6870.187382358103,55.92019919454145,0.48823426351596116
6871.569596646763,58.0657999244645,0.48846896878161705
6872.951810935423,47.743028504102114,0.49784874028537035
6874.334025224083,36.79062203819848,0.5125094521563197
6875.7162395127425,35.67637280509075,0.5126010119070257
6877.098453801402,43.97679915288134,0.5056951873795059
6878.480668090062,44.630307278426784,0.5071156156276431
6879.862882378722,34.949430096300546,0.5163183123966839
6881.245096667382,36.875695746369644,0.5132632853235838
6882.6273109560425,55.13667000619557,0.4958640196955963
6884.009525244702,65.12360384756414,0.4858478943553349
6885.391739533362,54.804872312260585,0.4969057825681601
6886.773953822021,39.420478022495814,0.5096766831389667
6888.156168110681,37.52259803332524,0.5112515902352258
6889.538382399342,45.84410637990527,0.5051867573799905
6890.920596688002,49.22315065134771,0.5057088187329665
6892.302810976661,34.714847152809995,0.5217554798989337
6893.685025265321,21.88262735618926,0.5331515277041279
6895.0672395539805,33.92789865176462,0.5228541392077584
6896.449453842641,51.91556669282113,0.5068281287814872
6897.831668131301,59.50250791917256,0.4998319273643431
6899.213882419961,51.96938386989328,0.5056750840491497
6900.596096708621,42.658117390548796,0.5150437644847455
6901.9783109972805,42.691029114231355,0.5162598072667814
6903.36052528594,48.666914802669396,0.5105196738153218
6904.7427395746,55.31137656674713,0.5026590293886435
6906.12495386326,63.848853757415725,0.49960594788246543
6907.50716815192,45.45327392955525,0.5222720843128213
6908.88938244058,13.008101209946432,0.5680051285250369
6910.27159672924,-19.481195269976354,0.6212922202989442
6911.6538110179,-39.57269096137226,0.6590581518085536
6913.036025306559,-38.803952434458864,0.6602754344888354
6914.418239595219,-16.993708928612108,0.6213103950605823
6915.8004538838795,0.9205571812762798,0.591831931947152
6917.18266817254,-1.9062796051597957,0.5887932104906898
6918.564882461199,-4.563407171522584,0.5900487179501359
6919.947096749859,1.7425517174222307,0.5810843315177626
6921.329311038518,10.609115463637266,0.5683038526961646
6922.711525327179,10.918790968920518,0.568625525943398
6924.093739615839,-2.742527236091661,0.5907594088224271
6925.475953904499,-20.730022852070334,0.6270897059591897
6926.858168193159,-36.0647075373536,0.6547368536207873
6928.240382481818,-32.001554476433625,0.6538369007079329
6929.622596770478,-23.311285211112533,0.6361629832002297
6931.004811059138,-19.375067361424243,0.6253746304520831
6932.387025347798,-21.21091737817548,0.628124121971761
6933.769239636458,-21.597058597008782,0.6281915198458493
6935.151453925118,-12.066555803070486,0.6105589379832298
6936.533668213778,-6.786317996959895,0.5988911935251048
6937.915882502438,-1.5460251133864347,0.5885764987695402
6939.298096791097,2.2802827921290714,0.5828862472530706
6940.680311079757,-1.1274882556533043,0.5902325124596313
6942.0625253684175,-15.343403619219345,0.619191514798779
6943.444739657078,-37.1272837405908,0.6684071007303981
6944.826953945737,-54.725818886821585,0.7164866820822191
6946.209168234397,-53.8666396649067,0.7107295333618037
6947.591382523056,-46.81209247948972,0.6882875324493368
6948.973596811717,-37.881250777241405,0.6653643864058529
6950.355811100377,-30.952211180315587,0.6525611159232636
6951.738025389037,-30.37957313354812,0.6546132742356889
6953.120239677697,-38.22925680281432,0.6744607176389825
6954.502453966356,-49.95978918912154,0.706128181558217
6955.884668255016,-46.92772945016631,0.7004251261390033
6957.266882543676,-44.01986972421936,0.6903548513502682
6958.649096832336,-42.963631965186465,0.6908144579291436
6960.031311120996,-42.97376952861731,0.692757071004129
6961.413525409656,-41.5421455945562,0.6897780029876582
6962.795739698316,-34.3653529863674,0.673407482796631
6964.177953986976,-21.188815158410534,0.64356185268142
6965.560168275635,-15.304985561847559,0.6312619796710995
6966.942382564295,-22.78983627473913,0.6476929002294214
6968.324596852955,-23.758302769153218,0.6474398451252086
6969.706811141616,-19.53474512807837,0.6401412833710894
6971.089025430275,-11.410843800105823,0.6232768687958771
6972.471239718935,1.6233018916444166,0.600087629751189
6973.853454007594,12.404293535315162,0.5867109969196139
6975.2356682962545,-1.5736354030356665,0.6073391996722596
6976.617882584915,-10.924617363359317,0.6276526567564441
6978.000096873575,-19.477645723140242,0.6463566355538084
6979.382311162235,-23.23757670874589,0.6563844187774855
6980.764525450894,-19.636881944415663,0.6503659887602827
6982.146739739554,-12.138835259439901,0.6366623508424029
6983.528954028214,-7.697781211527598,0.6296116507724693
6984.911168316874,-10.124061654501233,0.6337783384697734
6986.293382605534,-15.464811836522756,0.6419295657095224
6987.675596894194,-6.855151763641345,0.626691868389531
6989.057811182854,0.20126321601816244,0.616080807616151
6990.440025471514,-4.027394866683807,0.62463053776301
6991.822239760173,-12.836679561633218,0.6401545754042102
6993.204454048833,-15.494267834834986,0.6432948044075569
6994.586668337493,-7.385198868188837,0.6295907638917323
6995.968882626154,4.23249859196838,0.6083017433996459
6997.351096914813,10.40116384690873,0.5980666075361936
6998.733311203473,2.720664450304554,0.614807656879168
7000.115525492132,-11.71706227791337,0.638762301302097
7001.4977397807925,-16.473267421938814,0.6467293038634364
7002.879954069453,-6.0214480192032624,0.6334115572631143
7004.262168358113,0.32445540472787116,0.6185955991057486
7005.644382646773,3.6846228581921707,0.6126541707249484
7007.026596935432,4.646890689912766,0.6108625508070954
7008.408811224092,4.482053643820819,0.610860110237431
7009.791025512752,4.526462078460497,0.611316265964017
7011.173239801412,4.072048699721051,0.613429664561866
7012.555454090072,1.1582532584662601,0.6203441733187768
7013.937668378732,-7.264569982763561,0.6339948252092583
7015.3198826673915,-8.96825887918844,0.641069748396527
7016.702096956052,-2.3634696921636476,0.629379084118356
7018.084311244711,4.108107406468633,0.6183584927614746
7019.466525533371,5.5770161816183474,0.6141729897287275
7020.848739822031,6.48104218486543,0.609504049429386
7022.2309541106915,14.55224040905037,0.5961580896914928
7023.613168399351,31.507654090857812,0.5764537016848349
7024.995382688011,12.630958343566903,0.5479458822302592
7026.37759697667,-1.1397264331781969,0.5651296680806095
7027.75981126533,6.153823669105634,0.5909429453173527
7029.142025553991,23.641958938555234,0.5871108684750957
7030.524239842651,31.943549301224408,0.5744872923716009
7031.906454131311,21.524899135446333,0.5872615065449357
7033.28866841997,7.228314223339794,0.6044928365656055
7034.6708827086295,19.280883615150287,0.5949070757342261
7036.05309699729,22.957955560419407,0.5878224203901172
7037.43531128595,15.381003249613457,0.5964039705358216
7038.81752557461,12.295028406956703,0.5986543884557556
7040.19973986327,29.092243719901205,0.5747778664705191
7041.5819541519295,62.85390697350516,0.5313706515488575
7042.96416844059,76.05926864385594,0.5193247501705628
7044.346382729249,32.64708682531548,0.5656483557168906
7045.728597017909,10.91859635248153,0.6001860244755695
7047.110811306569,20.930112151393644,0.5877780138809787
7048.4930255952295,44.715728358804114,0.5539376203955851
7049.875239883889,57.72076901466758,0.5362644545477983
7051.257454172549,44.819437649705094,0.5541249783642792
7052.639668461208,14.170433577599852,0.5893327902233806
7054.021882749868,18.85240396128657,0.5897773798769013
7055.404097038529,50.69306194129143,0.5476920959438891
7056.786311327189,73.34938447842191,0.5187796681980127
7058.168525615849,63.855120033235096,0.5311806442613232
7059.550739904508,28.281209706494906,0.5762816435636321
7060.9329541931675,3.0417412257037597,0.6126171012594865
7062.315168481828,25.874515200796196,0.5808067906338095
7063.697382770488,58.99958101336372,0.5368146278975237
7065.079597059148,62.1290097980976,0.5290496874019829
7066.461811347808,40.754335262010386,0.5569248786923842
7067.844025636467,17.15288636999776,0.591601311381631
7069.226239925128,13.134095089746495,0.5988415001283012
7070.608454213787,33.798642267882855,0.5671995322834111
7071.990668502447,41.07319793570994,0.5577870519735535
7073.372882791107,18.287458492713824,0.5920126561963902
7074.755097079767,-4.027802353832527,0.6345207140995055
7076.137311368427,-12.397406700808986,0.6536297903489817
7077.519525657087,-6.451076308195198,0.6417546734589967
7078.901739945746,4.400962082799339,0.6173278730887529
7080.283954234406,9.60781029119002,0.6060148615842871
7081.6661685230665,4.286954249453601,0.6173494665557018
7083.048382811727,-8.619870911351995,0.6431375896061422
7084.430597100387,-15.069973385190664,0.658325586930151
7085.812811389046,-12.466285208588673,0.6537825239436288
7087.195025677705,-7.648844746530813,0.6408861286129218
7088.577239966366,-10.978939882746147,0.647693954854577
7089.959454255026,-25.30817860284533,0.6823175438986603
7091.341668543686,-32.877617107559274,0.7025010441234425
7092.723882832346,-36.3321038289922,0.714343864696991
7094.106097121005,-34.974783156350625,0.7096015567932754
7095.488311409665,-30.167622921687524,0.6935623876946522
7096.870525698325,-25.571463911886937,0.6805259109337234
7098.252739986985,-20.68290986557909,0.6635927161792315
7099.634954275645,-10.94091874757477,0.6431007367580861
7101.017168564305,-10.224738136007858,0.6393583779887185
7102.399382852965,-10.617445184978322,0.6407492751054659
7103.781597141625,-7.708482787707254,0.6347321472475702
7105.163811430284,-4.546675413794588,0.6264489937759237
7106.546025718944,-12.048685243426789,0.6474643008295844
7107.9282400076045,-33.637158682433835,0.6976548881610208
7109.310454296265,-42.56291270055762,0.7239007221305108
7110.692668584925,-45.28425735618822,0.7328760461577891
7112.074882873584,-39.44968756276474,0.7165335019761918
7113.457097162243,-28.132019207701376,0.6832456698204515
7114.839311450904,-20.049413408851933,0.6610099640321838
7116.221525739564,-27.057504458521066,0.6811300876030522
7117.603740028224,-42.58375148105398,0.726147730002082
7118.985954316884,-48.66039564838768,0.7448715421184987
7120.368168605543,-47.130026070385014,0.7408103730262816
7121.750382894203,-43.342310191139916,0.7287287610414849
7123.132597182863,-42.04228500655691,0.7231935478925863
7124.514811471523,-42.87200595212984,0.7284663703464119
7125.897025760183,-40.0074503240448,0.7152340856867955
7127.279240048843,-33.378965241525236,0.6959973536021035
7128.661454337503,-29.1062925786988,0.6842776011519869
7130.043668626163,-31.95230603066571,0.6915548865511412
7131.425882914822,-37.81834871541673,0.7047914039977518
7132.808097203482,-32.42327760910369,0.6839125797841827
7134.190311492142,-9.401338753332084,0.6283693618317749
7135.572525780803,11.870260434938274,0.5897247974791237
7136.954740069463,13.56114001108159,0.5858866787283751
7138.336954358122,0.9883563870213834,0.6085710415192732
7139.719168646781,-13.521496676879721,0.6361944776179641
7141.1013829354415,-18.17728694871404,0.6453856890658846
7142.483597224102,-12.032182081153849,0.6312321488157053
7143.865811512762,-10.562507338333518,0.6308694281202317
7145.248025801422,-13.906019618990868,0.6386177054069957
7146.630240090081,-19.708020298949606,0.6524619837986065
7148.012454378741,-27.644130550041908,0.6733063963243486
7149.394668667401,-35.642519498879054,0.6973507349847875
7150.776882956061,-38.213261315876835,0.7038553164306849
7152.159097244721,-18.953629658650698,0.6543131711253347
7153.541311533381,1.104409265053647,0.6115787866957108
7154.923525822041,10.419181685179183,0.5948376136281759
7156.305740110701,6.922206790645021,0.6030293115239143
7157.68795439936,-2.4632328269211428,0.6200325385182986
7159.07016868802,-2.4590924970192134,0.6222946292689235
7160.45238297668,-10.227201144910595,0.6372781434193378
7161.834597265341,-2.472246097799001,0.6245514725031399
7163.216811554001,5.422910974245838,0.6058500723668377
7164.59902584266,6.273355059960721,0.6048878906605771
7165.981240131319,-0.04917540758165728,0.6215917056165551
7167.3634544199795,-5.433205084684289,0.6251459735185037
7168.74566870864,-3.0213695462797716,0.6276475236325147
7170.1278829973,-12.438045813469543,0.6458551634569949
7171.51009728596,-7.950560788879912,0.6387193903278585
7172.892311574619,2.591261776652118,0.6155692905582789
7174.2745258632785,6.1738458830926675,0.6051759240676852
7175.656740151939,-2.2578770681967626,0.6307405319804513
7177.038954440599,-4.649234343905306,0.6220870187746794
7178.421168729259,18.375805092284196,0.5887364960063675
7179.803383017919,18.07543564338468,0.5888020279300453
7181.1855973065785,9.031900948465278,0.6040082522624911
7182.567811595239,8.614424183564665,0.6041614963384226
7183.950025883898,22.69965278065183,0.5743447098860965
7185.332240172558,32.068247077899,0.568010298461858
7186.714454461218,22.088417020783652,0.5781886869778877
7188.0966687498785,16.918675937868784,0.5857937524321459
7189.478883038538,18.70042870331818,0.5843304731646547
7190.861097327198,21.748562655891334,0.5798360169789348
7192.243311615857,17.48569248402663,0.5858193520755481
7193.625525904517,6.8885696403035865,0.607492518725278
7195.007740193178,10.585455233992121,0.5984515894927296
7196.389954481838,20.50115324116115,0.584262445394314
7197.772168770498,14.362614621731012,0.5976147042490082
7199.154383059157,-4.886844148006418,0.6325240134512103
7200.5365973478165,-14.243771547774813,0.6524231512281946
7201.918811636477,-3.9764371959070957,0.6294150698823193
7203.301025925137,6.6113032478745595,0.608899181749116
7204.683240213797,7.895252706487412,0.6061978148376385
7206.065454502457,0.49600247905792116,0.6206708304517934
7207.4476687911165,-7.128348345133034,0.6354214690238599
7208.829883079777,-2.341867049178802,0.6249213731184409
7210.212097368436,28.816864416225002,0.5709393026004217
7211.594311657096,51.02783230524443,0.5382442259730468
7212.976525945756,44.2655315956581,0.5472804828243621
7214.3587402344165,28.885621677405,0.5680276908411784
7215.740954523076,26.241659314131596,0.570730783585236
7217.123168811736,44.96724673228428,0.5444298016579169
7218.505383100395,50.393812483611555,0.5358325516749491
7219.887597389055,40.87047565724359,0.548868409296677
7221.269811677716,28.974708999329238,0.565121848966433
7222.652025966376,22.789969799814713,0.5739744176299999
7224.034240255036,23.671866185410607,0.5709642435843246
7225.416454543695,31.229793754615855,0.5591638167219639
7226.798668832354,34.35077984996039,0.5549976625471389
7228.180883121015,21.84737439182038,0.5735718918206844
7229.563097409675,16.21236060796346,0.5795797742940058
7230.945311698335,21.059966750787623,0.5712792564996528
7232.327525986995,31.971113735386638,0.5547829429628994
7233.709740275654,41.35853209121652,0.5393557427570322
7235.091954564315,39.98972458879982,0.5424271571853171
7236.474168852974,23.373238158299472,0.5652851700804354
7237.856383141634,2.518220118398858,0.5965180159096353
7239.238597430294,-3.552485358285253,0.6039069097588866
7240.620811718954,9.241627158996522,0.5813421380084223
7242.003026007614,22.146781830237984,0.5628211863746191
7243.385240296274,7.919134486752824,0.5846199728871231
7244.767454584933,-15.35770862727486,0.6269473762999663
7246.149668873593,-23.78712948532028,0.6469089723710911
7247.5318831622535,-11.923928574629286,0.6286998318523147
7248.914097450914,10.74946089194836,0.5865490551631045
7250.296311739574,20.299133350456486,0.5688365394884126
7251.678526028233,2.748576498725896,0.5962093866928697
7253.060740316892,-8.614424183564665,0.6168770657779892
7254.442954605553,-5.952872824039531,0.6126177053564086
7255.825168894213,5.82117831401888,0.5920114298304662
7257.207383182873,14.989677218267218,0.5777511021451153
7258.589597471533,4.248212960254023,0.5975161625774293
7259.971811760192,-23.54970509428719,0.6511451363645335
7261.354026048853,-31.229768538822555,0.6715333344541551
7262.736240337512,-28.682065493865238,0.6655083608370032
7264.118454626172,-22.84609939623519,0.6483820872866852
7265.500668914832,-15.422037605033623,0.6328840070160054
7266.882883203492,-3.5407568125395414,0.6078591399593659
7268.265097492152,-0.7861570086475069,0.6017265709424513
7269.647311780812,-5.354545472750033,0.6096066764664075
7271.029526069471,-12.359156015963208,0.6217766601533607
7272.411740358131,-14.958228236880501,0.6256085074640376
7273.7939546467915,-9.014362554130201,0.6108111217980652
7275.176168935452,-4.183878973582864,0.5948616495732275
7276.558383224112,-12.609210650307858,0.6114390523479603
7277.940597512771,-27.3764591265314,0.6436686113020897
7279.32281180143,-37.55281272948295,0.673350784334024
7280.7050260900905,-42.4801462642083,0.6902917037637423
7282.087240378751,-48.49361414687067,0.6984694309970784
7283.469454667411,-44.775528567372916,0.6871431671117112
7284.851668956071,-29.039515019320064,0.6481395419447882
7286.23388324473,-11.845517364724202,0.6129634989840984
7287.6160975333905,-6.076362988665608,0.6026934879824801
7288.99831182205,-18.13003363977657,0.6256003561597895
7290.38052611071,-39.75479901705832,0.6695832212004637
7291.76274039937,-48.611866728763374,0.6895189464449533
7293.14495468803,-42.48844263772283,0.6769855246622275
7294.52716897669,-26.701922990461682,0.6412136168300067
7295.90938326535,-8.827999708981281,0.6031642065511811
7297.291597554009,0.0,0.5879444246050741
7298.673811842669,-10.651539162916691,0.6011408003132216
7300.056026131329,-17.143939679297063,0.6162712533508965
7301.43824041999,-22.93722002707895,0.6247670077081567
7302.82045470865,-28.266091220780282,0.6325789847665835
7304.202668997309,-30.115947503055878,0.6383925355926462
7305.584883285968,-23.27147041881784,0.6244652306512227
7306.9670975746285,-7.893577160215472,0.5987302059879269
7308.349311863289,-2.255374850452057,0.5850804370399973
7309.731526151949,2.549407773117508,0.5778815646800086
7311.113740440609,1.640913289584688,0.5801525082323435
7312.495954729268,-10.185987731808552,0.5937677560443763
7313.8781690179285,-13.934715459288242,0.5983511203816609
7315.260383306588,-9.131877997608797,0.5896748758682788
7316.642597595248,-10.916702238763236,0.5963742795988667
7318.024811883908,-18.627201126710702,0.6108175854311698
7319.407026172568,-22.437836696667546,0.6183299472110677
7320.789240461228,-9.085858188797687,0.6044241703190707
7322.171454749888,-3.2368113130888503,0.5922620609561736
7323.553669038547,-14.621325886325963,0.609917081448792
7324.935883327207,-25.019962503556343,0.624720176265607
7326.318097615867,-22.139522754507595,0.6168341126113059
7327.700311904528,-1.9553923063464822,0.583923214895647
7329.082526193188,15.683101570189734,0.5598126813653839
7330.464740481847,1.7120262123851262,0.5751180462284897
7331.846954770506,-13.707188179073881,0.6006683616018548
7333.229169059166,-24.759804866007073,0.6213038158252087
7334.611383347827,-28.151530306709716,0.6280400736858046
7335.993597636487,-22.809544693085,0.618855087205105
7337.375811925147,-12.18780723024932,0.6016106584238639
7338.758026213806,-13.511544824974408,0.5970186969426177
7340.140240502466,-16.978988736901243,0.5952270680108964
7341.522454791126,-14.232215032068325,0.590465281685812
7342.904669079786,-2.8912005760783472,0.5821302630921767
7344.286883368446,-0.7585202006983991,0.5807574961911834
7345.669097657106,-1.5359657246635265,0.5801757627386893
7347.0513119457655,5.161412871371425,0.5724644963576954
7348.433526234426,7.498692336349251,0.5706841451434231
7349.815740523085,1.9158565437854804,0.5772211452919794
7351.197954811745,-2.3982208416405513,0.581228574613101
7352.580169100405,11.202110806475446,0.5673790225683905
7353.9623833890655,7.942205399838372,0.5746732191075871
7355.344597677726,-5.859818344110124,0.5926058671000493
7356.726811966385,-14.12369764550968,0.6005513050570198
7358.109026255044,-3.492971458025778,0.5825602001657683
7359.491240543704,22.991839500891643,0.5524776672824757
7360.873454832365,21.360855787213723,0.5521464831633949
7362.255669121025,9.016457400074103,0.5680423864349804
7363.637883409685,0.532902334845204,0.5792219063533852
7365.020097698344,3.0109469224108523,0.5748250472430385
7366.402311987004,13.157004781625176,0.5601704518072191
7367.784526275664,12.242800352748787,0.5603615106922047
7369.166740564324,3.539407871912033,0.569017179026201
7370.548954852984,1.1385645894142726,0.5730080570484101
7371.931169141644,7.981791212914857,0.5663799749424012
7373.3133834303035,19.97064215003232,0.5514409049971716
7374.695597718964,17.57802730835911,0.5543190459822896
7376.077812007623,9.519413781454602,0.5644361583280344
7377.460026296283,8.527854227126767,0.5651514932906675
7378.842240584943,11.06483341878743,0.5616642975202515
7380.2244548736035,11.116168349067664,0.5618463481037737
7381.606669162264,5.941074858587484,0.5685473768331166
7382.988883450923,7.008619644632063,0.565631203963405
7384.371097739582,12.59362419475488,0.5576089066670082
7385.753312028242,18.842745243189313,0.5481725647572148
7387.1355263169025,21.074441241716954,0.5439560843921452
7388.517740605563,15.273503783587955,0.5534982966984626
7389.899954894223,1.5100844301139773,0.5725879959108674
7391.282169182882,-3.3529395019698143,0.5788258758312881
7392.664383471542,0.9068575023986227,0.5722382887306566
7394.046597760202,11.310921497440773,0.5574274399515241
7395.428812048862,20.712187685179998,0.5430745509526473
7396.811026337522,17.315747811747002,0.548014935000823
7398.193240626182,6.234858289786473,0.5616714098592591
7399.575454914841,12.235938308516467,0.5518014152786904
7400.957669203502,24.174525236925234,0.5326088966699525
7402.339883492161,32.82872258525836,0.5198837388294597
7403.722097780821,46.327875035355476,0.5093075828134217
7405.104312069481,49.4408923040381,0.5023658301275647
7406.486526358141,41.38601107675575,0.5123070587429649
7407.868740646802,30.13543113269452,0.526259738342375
7409.250954935461,22.655614569551716,0.5339678179686631
7410.63316922412,24.65512540374874,0.531400965342513
7412.01538351278,32.07034416553117,0.5266093130805731
7413.3975978014405,21.087768981187907,0.5370950510479571
7414.779812090101,5.434019942099354,0.557784855094421
7416.162026378761,-3.4795399036255503,0.5729787715881784
7417.54424066742,1.9013014040038172,0.5643422728122075
7418.92645495608,12.822428974062575,0.5520040157325947
7420.30866924474,2.4235923275393816,0.5620814671944173
7421.6908835334,-3.6917958446965145,0.5702025935310785
7423.07309782206,-2.42195688408151,0.5694092592757101
7424.45531211072,3.2001727878300983,0.5604054279684998
7425.837526399379,9.128280089182567,0.5510840217857284
7427.21974068804,15.447718492883979,0.5416474392956004
7428.601954976699,20.176081230132098,0.5357616669580313
7429.984169265359,18.810155821209605,0.538269954981489
7431.366383554019,9.037155140163321,0.5501041513699872
7432.748597842679,-4.411128318993178,0.562672259635892
7434.13081213134,10.690375214373574,0.5512283350114747
7435.513026419999,15.16121051574919,0.5463290963189491
7436.895240708658,3.731097132436986,0.5602588199523365
7438.277454997318,-17.663975045941896,0.5897323665808237
7439.659669285978,-30.869773457322253,0.6109570994385384
7441.041883574639,-31.132352620718223,0.6151496793724568
7442.424097863299,-28.063978814463184,0.6096291286318858
7443.806312151958,-20.073893791978094,0.5956240221306948
7445.188526440618,-11.048712018856264,0.5801189535353172
7446.5707407292775,-8.358184697851925,0.5750547517532246
7447.952955017938,-14.163312502932484,0.5808342657424207
7449.335169306598,-16.47776936274684,0.5822905913636577
7450.717383595258,-11.088926214172545,0.5730898400666865
7452.099597883917,1.3458722148859579,0.5543059887499222
7453.4818121725775,16.422462833549417,0.5325902125545199
7454.864026461237,27.571696534250123,0.5231225379936433
7456.246240749897,13.146214649230586,0.5421186873113889
7457.628455038557,-14.42254675673064,0.5834050947219992
7459.010669327217,-39.88819573935439,0.6237053888434329
7460.3928836158775,-48.52928523511129,0.6363173624289539
7461.775097904537,-41.22486646381023,0.6268492444669853
7463.157312193196,-33.46089782501846,0.6083613119232143
7464.539526481856,-18.58165259984952,0.5832371035264822
7465.921740770516,-3.0067914506125533,0.5591502009448706
7467.303955059177,3.163213371532464,0.5471758554916729
7468.686169347837,-8.407875826726553,0.5688495743512899
7470.068383636496,-23.853983997566587,0.5874723351014721
7471.450597925156,-31.00359656023994,0.5991567822005212
7472.8328122138155,-32.79786099891743,0.6043880129125437
7474.215026502476,-33.05255196323091,0.6029934394441895
7475.597240791136,-22.690568131969883,0.5865830807277308
7476.979455079796,-12.610665842804536,0.5676674303914758
7478.361669368455,-11.64705397474387,0.5661668178188696
7479.7438836571155,-19.135661131705007,0.5785481371949733
7481.126097945775,-30.4011424511057,0.5955671730145974
7482.508312234435,-33.345047245218865,0.603371912312605
7483.890526523095,-40.41302260889921,0.6145609123342469
7485.272740811755,-31.028353055116668,0.6001742427017932
7486.6549551004155,-14.864264348649868,0.5731987014006105
7488.037169389075,-4.904393948144502,0.552262088208797
7489.419383677734,-8.668691709578837,0.5571679415056386
7490.801597966394,-12.658073486008192,0.5624295125856363
7492.183812255054,-15.09560248954395,0.5671186557887746
7493.5660265437145,-22.423673523184476,0.5771924457505229
7494.948240832375,-32.33185111265152,0.5885498147005788
7496.330455121034,-18.254643831548776,0.5704144049743176
7497.712669409693,1.7280775042359835,0.5419008447150984
7499.094883698353,10.37056192338187,0.5284224322805903
7500.477097987014,7.749290542531924,0.5288767210639789
7501.859312275674,0.5572890463537874,0.5371388769110523
7503.241526564334,-1.0797520079879632,0.5419695070894571
7504.623740852993,-9.226981991599871,0.5496958855167864
7506.005955141653,-9.920533048145074,0.5524685588793374
7507.388169430313,-8.48526272417837,0.5516105899306118
7508.770383718973,-8.364913173403352,0.5490706504455036
7510.152598007633,-7.351817369552293,0.5461668692454903
7511.534812296293,2.7973629013782784,0.5363709498150114
7512.917026584953,2.944715401781849,0.5363128602218432
7514.299240873613,-4.181762930234356,0.5431290359223175
7515.681455162272,-10.994642402290737,0.5492292576197156
7517.063669450932,-1.986956487488868,0.5392290417323541
7518.445883739592,5.77242859522147,0.5288742691664037
7519.8280980282525,6.073647459021458,0.5281186439801964
7521.210312316913,2.7679152778008245,0.5316182551199328
7522.592526605572,-0.5915441433452315,0.5346821214425648
7523.974740894231,-2.1211397740295013,0.5389919202480578
7525.356955182891,-10.765296808569076,0.5506812421191827
7526.739169471552,-14.94095576464457,0.5555741358284647
7528.121383760212,-11.088796013256484,0.5506569975811546
7529.503598048872,-0.05612557503695825,0.5374800715545367
7530.885812337531,8.789305701364555,0.5268577542249072
7532.268026626191,7.757538056638282,0.5268323343010126
7533.650240914851,10.085091627993307,0.5237325015400616
7535.032455203511,14.717253515129613,0.519360560015863
7536.414669492171,15.546909264081336,0.5209401798032591
7537.796883780831,-7.411249368626642,0.550038262208948
7539.179098069491,-21.565474207370528,0.5683815834654967
7540.561312358151,-16.820030186081823,0.5607039368204806
7541.94352664681,0.29078636343868425,0.537753332406971
7543.32574093547,17.024175686544027,0.5176605163828134
7544.70795522413,10.607170666968642,0.524336026136514
7546.09016951279,6.3693971452038625,0.5279318855274813
7547.472383801451,6.0734096190015805,0.5296533067790798
7548.85459809011,7.680435656328967,0.5285614586313014
7550.236812378769,7.745400665078847,0.5242623727767157
7551.619026667429,7.954241895200937,0.5267222727107228
7553.0012409560895,8.257829561740891,0.5262260016897391
7554.38345524475,4.035906024125325,0.529260621656311
7555.76566953341,7.977422687483141,0.5248199249030442
7557.147883822069,37.295689330041824,0.49621504227045654
7558.530098110729,46.89282268511241,0.480740778109538
7559.912312399389,30.69982542468304,0.49875728502160166
7561.294526688049,7.841394709425913,0.5236769469637204
7562.676740976709,-7.534442571379628,0.5402394614662309
7564.058955265369,-3.8365138004329538,0.5393799854145276
7565.441169554029,-1.3068699309947078,0.5338126637743247
7566.823383842689,3.8793539251487346,0.528667105942983
7568.205598131348,4.531895487393484,0.5267674074766079
7569.587812420008,-0.21496915198306965,0.5282890485505481
7570.970026708668,-0.8119260429488406,0.5302572745459715
7572.352240997328,2.517460397578702,0.5265449050585755
7573.734455285989,0.2764364797646408,0.5280969173823155
7575.116669574648,0.0,0.5281121644982766
7576.498883863307,5.594233658850527,0.5228578098634888
7577.881098151967,11.550074003657727,0.5159726455387771
7579.2633124406275,9.667635409754979,0.5180600620081528
7580.645526729288,6.196221501999958,0.5212719977528869
7582.027741017948,2.523655879347814,0.5255355055033119
7583.409955306607,-0.1012661753875932,0.5295038495246617
7584.792169595267,1.171323754834475,0.521924157943846
7586.174383883927,18.396790466005143,0.5081013104493719
7587.556598172587,20.727882127624326,0.504752149898006
7588.938812461247,14.594554295637892,0.5074206705229656
7590.321026749907,16.407843980648096,0.5039907317584786
7591.703241038566,16.677500912944993,0.46291532106907285
7593.085455327227,14.255144263072054,0.4577812844107067
7594.467669615886,18.211075006473607,0.4689099323888026
7595.849883904546,28.429873036274444,0.4782522488862711
7597.232098193206,39.036739552277,0.46626888358861096
7598.614312481866,27.46625691877216,0.4723715486430784
7599.9965267705265,7.256264113650644,0.4873529353763092
7601.378741059186,-3.6800688997272744,0.4935359382143331
7602.760955347845,4.09811824006394,0.48291361247796283
7604.143169636505,32.178559630093275,0.45754632090053976
7605.525383925165,48.54444243522943,0.4465459611896155
7606.907598213826,38.13301254198899,0.4566902534007599
7608.289812502486,16.752340149785766,0.47767372283570403
7609.672026791145,0.12741786137706868,0.49780490447313896
7611.054241079805,0.42830397760923233,0.5022742791894351
7612.4364553684645,1.9210095446240416,0.5054521589952854
7613.818669657125,1.7276218388263374,0.5103564545232564
7615.200883945785,3.191953321858449,0.512800471375105
7616.583098234445,9.90126408526956,0.508370020044209
7617.965312523104,16.804641827476814,0.5068386133745535
7619.3475268117645,-0.7128267652064153,0.5177266445765558
7620.729741100424,-8.919989996945219,0.5249382541909887
7622.111955389084,-1.9650193918115235,0.5210366607509186
7623.494169677744,9.875901924955429,0.5025149435856744
7624.876383966404,3.02038290862194,0.5087665944686015
7626.2585982550645,-9.293996811768153,0.5192761632357499
7627.640812543724,-16.508413537672794,0.5264750444154316
7629.023026832383,-15.054657759207231,0.5267412601070188
7630.405241121043,-13.459869465571956,0.5222254391804863
7631.787455409703,0.47974392407400046,0.5119537091060751
7633.169669698364,4.834637343219839,0.5094883291999488
7634.551883987024,-1.1598757511068811,0.5142667891457933
7635.934098275683,-12.49522584545926,0.5232218375999185
7637.316312564343,-11.059824494900795,0.5302578214399984
7638.6985268530025,-24.589120246339718,0.537747221308807
7640.080741141663,-5.399970818851443,0.5204735520114044
7641.462955430323,32.02824804465621,0.48818476236959024
7642.845169718983,41.94295745643481,0.4691810200058129
7644.227384007642,21.410520899130262,0.4965751153095799
7645.6095982963025,2.880814510455906,0.5107919001407809
7646.991812584962,-11.152298667070738,0.5260604396709643
7648.374026873622,-20.386977093317313,0.5449219526748561
7649.756241162282,-26.593849457598566,0.549739195290958
7651.138455450942,-11.17547902531473,0.5296523543769438
7652.520669739602,-11.57828606660712,0.5304660631763637
7653.902884028262,-13.446384604465408,0.53309836395807
7655.285098316921,0.0,0.515477969272016
7656.667312605581,21.110132305817388,0.4951927948290876
7658.049526894241,1.1575680828235306,0.5154856100324846
7659.4317411829015,-20.902064429228886,0.5403427540124205
7660.813955471562,-28.590471840053112,0.550891694755477
7662.196169760221,-12.264168127419538,0.532622257520613
7663.578384048881,-21.844619576312027,0.5409118836014282
7664.96059833754,-23.98550874761142,0.5441612553603056
7666.342812626201,-16.42067619508356,0.5373521855569606
7667.725026914861,-4.486558134767449,0.5241239633843751
7669.107241203521,-12.431234750030285,0.5322228937870489
7670.48945549218,-22.054649977134517,0.5419263829433916
7671.87166978084,-22.898333871163032,0.5430401368204838
7673.2538840695,-17.683503617211528,0.536107280004784
7674.63609835816,-8.255818426411537,0.5246482838538157
7676.01831264682,0.49331954000297173,0.5133247040081086
7677.40052693548,8.408708131773352,0.5038264165024032
7678.78274122414,14.919490430173454,0.49656474291263725
7680.1649555128,19.2283561820596,0.49242558694683863
7681.547169801459,18.602766687441402,0.4934860624614336
7682.929384090119,10.315956058999404,0.5001708974444117
7684.311598378779,8.605620639701641,0.5017002905896837
7685.6938126674395,11.99678425910568,0.4989590940199975
7687.0760269561,16.943325494342645,0.4942530154801039
7688.458241244759,19.615086345107272,0.49080609423487553
7689.840455533419,19.635585044276525,0.49173211251717197
7691.222669822078,11.804162044514669,0.4995564478018401
7692.604884110739,-0.3109333819101039,0.5115479001297893
7693.987098399399,-5.812089685925599,0.5199972517303508
7695.369312688059,-8.647156418247931,0.5200584041830412
7696.751526976718,-11.981619222415304,0.526542427520676
7698.133741265378,-13.50081132002191,0.5295676648915675
7699.515955554038,-12.884744356850547,0.5221540518025478
7700.898169842698,-2.27352504065675,0.5120836216783596
7702.280384131358,7.399154977030065,0.501299050337386
7703.662598420018,9.397827290693272,0.4986385960961663
7705.044812708678,2.570650227556456,0.5039794457627412
7706.427026997338,-6.033827955515875,0.5126539515885151
7707.809241285997,-6.966968929336105,0.5132522179951731
7709.191455574657,-3.0729069738577266,0.5078286452274118
7710.573669863317,1.3100245967445403,0.5019541569943657
7711.955884151977,1.9772034306969033,0.5006297535425058
7713.338098440638,-7.000611192518619,0.510003062463562
7714.720312729297,-21.318654042761437,0.5244850572083446
7716.102527017957,-27.83231165989727,0.53225159116041
7717.484741306616,-27.150105138324022,0.5337396269399345
7718.8669555952765,-26.343841097702352,0.5345875309870602
7720.249169883937,-18.846182778340506,0.5231478418959131
7721.631384172597,0.15153066078983102,0.5062101358646766
7723.013598461256,8.26741536086817,0.4999558027368084
7724.395812749916,-6.299465560760751,0.5135704087216971
7725.778027038576,-31.898832963020453,0.5383828355728523
7727.160241327236,-24.632459887341355,0.5329136690148994
7728.542455615896,-12.848513294319417,0.5222676063779798
7729.924669904556,-9.306151289007488,0.519204231083882
7731.306884193216,-22.84284978022015,0.5358141124587719
7732.689098481876,-24.248654309315327,0.5322060035542074
7734.071312770535,-6.702350840308071,0.5138690033923532
7735.453527059195,7.390449705752133,0.49955277128977826
7736.835741347855,2.6340311756251253,0.5026145593849116
7738.217955636515,-12.820026604179276,0.5209869085736811
7739.600169925176,-14.038112551143286,0.5214183155595512
7740.982384213835,-5.226667801625041,0.511576413023644
7742.364598502495,6.146860546710599,0.499776288438311
7743.746812791154,7.3207652099241045,0.4991150740518292
7745.1290270798145,-8.917848179460691,0.5156045840840561
7746.511241368475,-20.270265067153616,0.5274071879333512
7747.893455657135,-18.54095296607275,0.5244721946398809
7749.275669945794,-0.2597907173380918,0.5021888614093465
7750.657884234454,15.888620570870586,0.485951114964342
7752.040098523114,14.189423088513138,0.48890704778023863
7753.422312811774,4.000229519699644,0.49906575619030097
7754.804527100434,-5.542869409154662,0.5080890361422231
7756.186741389094,1.3900399156374874,0.5046384874426847
7757.568955677754,3.145843572973007,0.5004128545035874
7758.9511699664135,5.296655432221428,0.4970912748416654
7760.333384255073,8.06539732471839,0.4946027340535038
7761.715598543733,11.628019932738738,0.49286367529515585
7763.097812832393,9.60813790947833,0.49669112856637204
7764.480027121053,0.5714719252877387,0.5061460642511312
7765.8622414097135,-9.128889204586187,0.5155869221071877
7767.244455698373,-12.767491456835415,0.5203229810596549
7768.626669987033,-3.041288897475482,0.512457933357784
7770.008884275692,8.123816434773829,0.5018023499417326
7771.391098564352,12.508308938332789,0.49568629309512263
7772.773312853013,12.094286166626318,0.4953582975665432
7774.155527141673,7.032893857437301,0.5004409751572002
7775.537741430332,1.752964579404761,0.5055419621112097
7776.919955718992,-5.028326670041309,0.5111432917631185
7778.3021700076515,-5.902342483227756,0.5132481731923063
7779.684384296312,-1.214830924601614,0.5088992660960304
7781.066598584972,6.60462319510728,0.49806296372812486
7782.448812873632,12.254381073700785,0.4958765554273734
7783.831027162292,11.811196995325474,0.496932473652116
7785.2132414509515,7.881267266010838,0.4990587719422417
7786.595455739611,6.191196893720843,0.5011826064840653
7787.977670028271,18.363429992123855,0.4922044611717924
7789.359884316931,24.107139695136738,0.4847106742547275
7790.742098605591,22.577729474711276,0.48302113777884015
7792.1243128942515,17.087040437881512,0.49034588435718274
7793.506527182911,8.954344704768658,0.4948835762515933
7794.888741471571,7.304714997545489,0.49630176410296406
7796.27095576023,12.139212062917153,0.49479261228233656
7797.65317004889,20.111581210196846,0.4920484478079768
7799.035384337551,10.785211253001734,0.4973428188431385
7800.417598626211,13.015594467745501,0.49483427527819207
7801.79981291487,24.754418880608114,0.4856263269723443
7803.18202720353,37.339929573968504,0.47658568548257246
7804.5642414921895,29.837383289559654,0.48395954213379094
7805.94645578085,9.114996038435606,0.4999691007972176
7807.32867006951,6.009580357493178,0.5013963049143308
7808.71088435817,15.76095158397058,0.4928128636488713
7810.09309864683,28.81008487380663,0.4827548982348958
7811.4753129354895,30.531650607312514,0.4797337122326188
7812.857527224149,28.355492059797427,0.4833408667845223
7814.239741512809,23.247322113334917,0.48911261925381017
7815.621955801469,16.08768232348345,0.49441717363136317
7817.004170090129,12.915062174264506,0.5003936449245856
7818.386384378789,17.25655287888415,0.4931439161140847
7819.768598667449,23.025036498208635,0.4842892138696732
7821.150812956109,26.486043579531042,0.47916313430246044
7822.533027244768,21.631120036300302,0.48308786804495163
7823.915241533428,32.192343212092,0.4789401216144602
7825.2974558220885,39.8444042702271,0.47525739381881293
7826.679670110749,39.244355924381864,0.4764241196769322
7828.061884399408,27.310068474050723,0.48691568589874196
7829.444098688068,20.224263362266868,0.4948442827636609
7830.826312976727,20.599532426099415,0.4954156754386855
7832.208527265388,27.567358660659465,0.49108511342191524
7833.590741554048,35.9353348273323,0.4851247141857174
7834.972955842708,32.713404257555425,0.4896944985498035
7836.355170131368,25.737734517935223,0.49574082801386443
7837.737384420027,22.922569086464023,0.49771392622052335
7839.119598708687,26.828340506651273,0.49456084280843987
7840.501812997347,31.022787519969143,0.4908735572291796
7841.884027286007,35.32446273533378,0.4868460924208388
7843.266241574667,38.00171338776968,0.4846086335589033
7844.648455863327,37.184604987425786,0.48609492639969737
7846.030670151987,30.278521572887882,0.4943835034904577
7847.412884440647,23.059065187166965,0.5014277223167728
7848.795098729306,10.157595387239382,0.5163962778945175
7850.177313017966,-8.338516645600748,0.5389719710090738
7851.5595273066265,-33.715411606369685,0.5671620227598141
7852.941741595287,-31.83561265038196,0.5662183224171695
7854.323955883946,-27.428778539653166,0.56558640563069
7855.706170172606,-23.924785185412503,0.5654982454190053
7857.088384461265,-22.332368372421485,0.5645315149026154
7858.470598749926,-10.158874580047126,0.54896067052683
7859.852813038586,2.796093566515566,0.5348723763098572
7861.235027327246,8.699083566516066,0.530164486463085
7862.617241615906,4.018243597346185,0.5348129080214575
7863.999455904565,8.805367746070345,0.5365734817882204
7865.381670193225,19.29159832086887,0.530592320026226
7866.763884481885,24.334164285861533,0.5258664958730045
7868.146098770545,24.320218726378243,0.5242250938039913
7869.528313059205,27.077337368309912,0.5256580620925316
7870.910527347865,17.33531455547967,0.5436882622616316
7872.292741636525,-3.158894096371341,0.5761475659716032
7873.674955925184,-23.751984622548804,0.6087222198437334
7875.057170213844,-30.529624053352904,0.6223804092377568
7876.439384502504,-19.726578601509544,0.6024638346158765
7877.821598791164,-12.43891991374906,0.5887500336740031
7879.203813079825,-7.6342780593147666,0.5829322147740097
7880.586027368484,-9.141704347103797,0.5855588195178468
7881.968241657144,-9.35169788586353,0.5908791477968759
7883.350455945803,-10.059935761911163,0.5931197779785637
7884.7326702344635,-7.459423893589246,0.5891423307896975
7886.114884523124,-0.7982971581487277,0.5778249675791024
7887.497098811784,6.645969639323653,0.5631441710478142
7888.879313100444,6.54005771150571,0.5605441050950059
7890.261527389103,6.2979582270928915,0.5626813505184041
7891.643741677763,5.989579595371339,0.5703851751224688
7893.025955966423,-2.8462453989746166,0.5964750710509931
7894.408170255083,-34.91461171024115,0.655911054155123
7895.790384543743,-56.67507391650285,0.7026927573669097
7897.172598832403,-62.76612035002307,0.7227506516941898
7898.554813121063,-56.61898670751842,0.7043663003667645
7899.937027409722,-42.57587705794242,0.6716380558815117
7901.319241698382,-27.286957849891266,0.6372161415788011
7902.701455987042,-15.359352832131094,0.6107027113486629
7904.083670275702,-10.903145076746853,0.6053062469721168
7905.465884564363,-18.029903768869474,0.6144682066350702
7906.848098853022,-23.605520250852635,0.6254105940214221
7908.230313141682,-30.859063671482545,0.6421341499094756
7909.612527430341,-43.73370642397515,0.6689815972556209
7910.9947417190015,-38.98030270091937,0.6434029725391437
7912.376956007662,-30.498255270048375,0.6200096924113815
7913.759170296322,-23.75897840741294,0.6059127657756852
7915.141384584981,-23.16488880676357,0.6072675938410541
7916.523598873641,-29.687210074514397,0.6339778418486568
7917.9058131623015,-40.043394753933825,0.6579009613999314
7919.288027450961,-42.92882773065223,0.6625711001915818
7920.670241739621,-33.912255024291,0.6443907120673247
7922.052456028281,-35.3252564628808,0.6511177971127877
7923.43467031694,-40.919693740279286,0.6659929513616901
7924.8168846056005,-43.51510637904637,0.673976450390246
7926.199098894261,-40.5358126938214,0.6689795853157021
7927.58131318292,-32.171934002862585,0.6510315188061263
7928.96352747158,-28.889071623910908,0.6403186704392381
7930.34574176024,-26.332632018124386,0.6353779105770277
7931.7279560489,-25.703429941721993,0.6350137594700821
7933.11017033756,-25.531810710474048,0.6363543059379787
7934.49238462622,-22.103333176564377,0.6309842935298148
7935.87459891488,-17.91112229687539,0.6246100965073749
7937.256813203539,-16.04897425546727,0.6222903941099777
7938.6390274922,-22.082246642534187,0.634743638657547
7940.02124178086,-29.463437938713838,0.6532592091305627
7941.403456069519,-36.42150349225453,0.6693945708737702
7942.785670358179,-42.327725955713646,0.6851504331182331
7944.167884646839,-48.429159409873606,0.70730724368593
7945.550098935499,-43.55401890550107,0.6886079071439172
7946.932313224159,-33.76567827998112,0.6631310906837579
7948.314527512819,-25.54371800510097,0.6442710356717416
7949.696741801478,-26.979322477154284,0.6489629129392873
7951.0789560901385,-35.93863649016838,0.6680874150739119
7952.461170378799,-33.96719709696785,0.6697140728946519
7953.843384667458,-25.62913878988884,0.6566094438461402
7955.225598956118,-16.810601826830876,0.6349269643659364
7956.607813244778,-20.45887358960084,0.6431473730239449
7957.990027533438,-25.6534777758164,0.6511909340855345
7959.372241822098,-27.560913234847675,0.6523868492390194
7960.754456110758,-20.56666992641931,0.6403068922394354
7962.136670399418,-20.91401457472169,0.6305225090632579
7963.518884688077,-20.665913451850088,0.6238799306508608
7964.901098976738,-15.471631766132731,0.6167112465523947
7966.283313265398,-3.521024976831228,0.6055752738680904
7967.665527554057,2.9508075369947164,0.594997684939423
7969.047741842717,0.0,0.604196066981192
7970.429956131377,-7.343240648300565,0.6209971565640527
7971.812170420037,-14.790495606213867,0.6347050705900422
7973.194384708697,-10.6978268161795,0.6275038189579687
7974.576598997357,-0.8111017738671649,0.6090710736708347
7975.958813286016,9.093595061634744,0.5905602278156712
7977.341027574676,14.070886337115041,0.5803044557286622
7978.723241863337,11.820896221690646,0.5820913382971246
7980.105456151996,11.453715052832564,0.5836839577029145
7981.487670440656,15.1263961299166,0.5798167486045134
7982.869884729316,24.498510862434927,0.5679623717874939
7984.2520990179755,32.33680493591956,0.5632941580618451
7985.634313306636,17.25036190412081,0.5834537624817875
7987.016527595296,1.498851609436855,0.6043370813850073
7988.398741883956,-1.6658213967343443,0.6097413619322896
7989.780956172615,18.084384285108,0.5780935122219457
7991.1631704612755,32.4466576224514,0.5547216197431242
7992.545384749936,33.518575455597045,0.5496820313853757
7993.927599038595,20.490741807822815,0.5665005726883747
7995.309813327255,19.53019925313501,0.5759662494675329
7996.692027615915,21.920440567538947,0.5749322693365098
7998.074241904575,23.277708716544225,0.5747600581336462
7999.456456193235,20.97352136052902,0.5809629845015856
8000.838670481895,16.442270379876334,0.5865915361999522
8002.220884770554,10.302471590864997,0.6002644818430688
8003.603099059214,3.1839077825551385,0.6140841940203038
8004.985313347875,-1.7256919194856835,0.6204933728439874
8006.367527636534,24.245088850329182,0.5838264814908491
8007.749741925194,32.6185981049251,0.568281407408523
8009.131956213854,26.899369344746873,0.5738309540857478
8010.5141705025135,10.601346539802023,0.5976272827369927
8011.896384791174,6.502234436551305,0.602501815079223
8013.278599079834,17.72565334186413,0.5845576944743001
8014.660813368493,32.11636737946375,0.5645208519083463
8016.043027657153,42.15609878529125,0.5539812434727186
8017.4252419458135,36.109933160089554,0.5573596488502498
8018.807456234474,38.4533333229443,0.5552655493495003
8020.189670523133,39.473403385952594,0.5559546594586053
8021.571884811793,34.3313835396109,0.5631560593005874
8022.954099100453,30.417229236927028,0.562745963967696
8024.336313389113,24.446260328223616,0.5711894425642489
8025.718527677773,12.318516153155969,0.5923914110572882
8027.100741966433,-5.849197627772739,0.6245858452522287
8028.482956255092,15.83203664683299,0.5941387413820658
8029.865170543752,31.921435951010807,0.5681174922692703
8031.2473848324125,42.17639291975257,0.5517253299137674
8032.629599121072,46.0059599442219,0.5481716560703958
8034.011813409732,46.390666462937816,0.5442152347235454
8035.394027698392,50.88708960122196,0.5377418562421392
8036.776241987051,58.72251291415506,0.530373322100907
8038.158456275712,67.98321558850628,0.5239865463418287
8039.540670564372,48.16935510831743,0.5431949551296128
8040.922884853031,35.85918134218332,0.562655939159585
8042.305099141691,25.07943807635567,0.582177370686861
8043.687313430351,11.051915110457514,0.6016058978306547
8045.069527719012,2.5128307655878643,0.6221559824513758
8046.451742007671,4.028443166232307,0.6153690262270397
8047.833956296331,10.094657598665407,0.6014454728029756
8049.216170584991,14.770444737998986,0.6007770726619148
8050.5983848736505,0.8852234654115136,0.6203121175093045
8051.980599162311,0.38300078721476893,0.621745365133015
8053.362813450971,6.700306725880523,0.611765334309951
8054.74502773963,10.864668972666095,0.5987427753279537
8056.12724202829,13.240173421716861,0.5974036901391063
8057.5094563169505,16.38853639703447,0.5917356976341931
8058.89167060561,18.173261161443975,0.5860924432768922
8060.27388489427,15.286782998663597,0.5880905246398312
8061.65609918293,13.609633159724439,0.5896925253958306
8063.038313471589,12.895850740312,0.5918822234044808
8064.42052776025,13.177859786024385,0.5933101853797826
8065.80274204891,16.50584771464719,0.5911792375504249
8067.184956337569,12.279775636026528,0.6005004649542957
8068.567170626229,1.2664188349075403,0.621724028517074
8069.949384914889,-13.157049530302402,0.6490114726314135
8071.33159920355,-23.248261265083798,0.6681321157320266
8072.713813492209,-20.940098098353175,0.663478925853074
8074.096027780869,-13.862871093306381,0.6482457135208247
8075.478242069529,-4.885782470758215,0.6280787398036709
8076.8604563581885,0.9947872809103444,0.6142521731088681
8078.242670646849,2.0791225740788946,0.6123961896520479
8079.624884935509,-0.3123772327224117,0.6174506807299899
8081.007099224168,-5.581005311009648,0.6270475563663138
8082.389313512828,-10.705629284274067,0.6354984942960511
8083.771527801488,-6.206973962767904,0.6278320670187768
8085.153742090148,1.0889752864726177,0.6146633781572779
8086.535956378808,7.855207909550501,0.6028367739931444
8087.918170667468,1.0895441027093113,0.6171522365917189
8089.300384956127,-15.261525362337636,0.6521133064322711
8090.6825992447875,-32.04131793598033,0.6880062516245143
8092.064813533448,-43.76626863416581,0.7129550120527005
8093.447027822107,-35.537899597239345,0.694876620762484
8094.829242110767,-24.03442274470595,0.6699346566329979
8096.211456399427,-16.254817856487975,0.6518409844625008
8097.5936706880875,-17.146460915044386,0.6503575761626845
8098.975884976747,-20.428425068855617,0.6562044128426505
8100.358099265407,-25.001605681291835,0.6662292829575677
8101.740313554067,-30.791806923663728,0.680501618079212
8103.122527842726,-37.49047648261862,0.6994151250368627
8104.504742131387,-37.70342941582173,0.7021669735908245
8105.886956420047,-36.05466179445186,0.6993059086215284
8107.269170708706,-33.12995756182917,0.6909998034465016
8108.651384997366,-29.50877373100434,0.6764450505367886
8110.033599286026,-18.780674925840955,0.654771915313341
8111.415813574686,-8.151266148289167,0.6319727949683618
8112.798027863346,-1.0938936471654301,0.6163706550391846
8114.180242152006,-5.109210249587761,0.6280887153144109
8115.562456440665,-15.500035666813389,0.6401660596165413
8116.9446707293255,-14.478236620272867,0.6397134250753501
8118.326885017986,-5.669194683801493,0.631989036214119
8119.709099306645,-17.544712116914837,0.6483963627328823
8121.091313595305,-19.310722687405402,0.6523427694500694
8122.473527883965,-15.475818589749181,0.643528668745618
8123.8557421726255,-9.119873546939843,0.6269456719909428
8125.237956461285,-14.189823823364932,0.644708185253831
8126.620170749945,-22.09493632605593,0.6602485547656058
8128.002385038605,-22.740885286355805,0.6613067169892837
8129.384599327264,-11.878051399343533,0.6428243657800552
8130.766813615925,-24.35442559896589,0.6576617139127584
8132.149027904585,-26.687746411026353,0.6682762683324438
8133.531242193244,-21.928533485082852,0.6637864647127106
8134.913456481904,-11.238685298903277,0.6328287119456509
8136.295670770564,-7.482458591433385,0.6261884894213048
8137.677885059224,-4.739901618377871,0.6202882686225624
8139.060099347884,-3.883083862557271,0.6186557540320615
8140.442313636544,-6.790249583193116,0.628473708790696
8141.824527925203,-21.846321614884303,0.6576934794738558
8143.206742213863,-24.81388257328014,0.6623671096924305
8144.588956502524,-16.25389685134691,0.6442673876062865
8145.971170791183,-4.269201270539213,0.6200956770821818
8147.353385079843,-7.134017272415917,0.6255892186884713
8148.735599368503,-13.35838321481593,0.638128448552546
8150.117813657163,-19.112244238268502,0.6499106116360083
8151.500027945823,-14.865979538026139,0.6458759225847465
8152.882242234483,-17.03567657844262,0.6467933549958303
8154.264456523143,-19.365810264653348,0.6498043196511282
8155.646670811802,-18.565576575112317,0.6521730955681596
8157.0288851004625,-7.073588489982441,0.626874837891377
8158.411099389123,1.212817021221639,0.6131624987242057
8159.793313677782,0.799292859609892,0.6142876656558346
8161.175527966442,-14.147017621133472,0.6347803385999381
8162.557742255102,-18.16329834765793,0.6456373277726245
8163.939956543762,-18.35022718456409,0.6481743262319388
8165.322170832422,-16.236414923630605,0.6447438432243068
8166.704385121082,-13.879653144701393,0.6386504340633015
8168.086599409741,-8.384557264032438,0.6261769322225222
8169.468813698401,-1.813662684326033,0.6132129062405496
8170.851027987062,3.8566579885353462,0.6033935983569687
8172.233242275721,2.277993409990245,0.6075414257080681
8173.615456564381,-4.608474231658079,0.6191266475728385
8174.997670853041,-10.378193156564137,0.6302965469096526
8176.379885141701,-13.787014998567756,0.6367882933399264
8177.762099430361,-6.8415367333202255,0.6219496928558849
8179.144313719021,-2.416421132490541,0.6136877311641937
8180.526528007681,0.1847357869175994,0.6079974118418939
8181.90874229634,1.7108682107822801,0.6024536542351814
8183.2909565850005,14.16356998440338,0.5880361435423808
8184.673170873661,12.125607394285822,0.5909185420617921
8186.05538516232,1.8876624748004929,0.6043661843268833
8187.43759945098,-7.904409048757856,0.619698668679091
8188.81981373964,3.8645580130611563,0.6034239308300104
8190.2020280282995,17.62767210916249,0.5820773521651392
8191.58424231696,27.64552545852905,0.5653430603444886
8192.96645660562,21.678776631951678,0.5767257757806179
8194.34867089428,14.97791066356885,0.5839642177021374
8195.73088518294,16.387280764481858,0.5804629332897691
8197.1130994716,27.079839085435992,0.5656373901053224
8198.495313760259,32.95751870560031,0.5570795488934698
8199.877528048919,20.71975419962297,0.5767727795916047
8201.25974233758,2.903818397836119,0.6061849780583253
8202.64195662624,-12.248754469549851,0.633337121617034
8204.024170914898,-5.733965591599542,0.6238817138927468
8205.406385203558,0.0,0.6143955495869085
8206.788599492218,2.9887586223285894,0.608475368032216
8208.170813780878,-2.727108933922324,0.6122684072893155
8209.553028069538,3.143472689145568,0.6047111441616941
8210.935242358199,9.615327991335334,0.5944226774344686
8212.317456646859,13.121557050428805,0.5869399849381934
8213.699670935519,7.293427207874004,0.6017702696173995
8215.08188522418,6.0417224264433855,0.5988253532788359
8216.464099512837,15.749454957583254,0.5809348705995006
8217.846313801498,37.543571199022296,0.5502890761129914
8219.228528090158,36.390149985987705,0.548073302782879
8220.610742378816,26.298026344095376,0.5610930452327099
8221.992956667476,17.1659154107642,0.5747301917712252
8223.375170956137,18.69761897023679,0.5734348111578487
8224.757385244797,24.75678170135157,0.5626813578539583
8226.139599533457,24.57170271724155,0.5625059564769658
8227.521813822117,18.477508309571732,0.5700130484781744
8228.904028110777,10.104875112054117,0.5741184510138736
8230.286242399437,22.033584798242686,0.5638814073167506
8231.668456688098,28.52067465428226,0.5592038468392205
8233.050670976758,23.112241492385778,0.5649911359101603
8234.432885265416,16.57468460720196,0.5734247540600155
8235.815099554076,19.16099905763579,0.5694186889486865
8237.197313842737,26.399908035990194,0.5586919090501402
8238.579528131395,35.74311512379742,0.5446591449282324
8239.961742420055,30.83396408855316,0.552464043753835
8241.343956708715,20.636417960421966,0.5651405225686987
8242.726170997375,12.628749429007286,0.5750196276756017
8244.108385286036,25.288024081459923,0.5653225773649075
8245.490599574696,27.95327549712448,0.5562393530697052
8246.872813863356,24.71801396321507,0.5583105564893278
8248.255028152016,16.71839160578122,0.5717648516980506
8249.637242440676,12.029768035513257,0.5785117345482903
8251.019456729335,3.5623536519922254,0.5946695674367344
8252.401671017995,-5.650454416963981,0.6120597079904083
8253.783885306655,-13.991254936511496,0.6252818454216719
8255.166099595313,-12.135900116756318,0.6196655491744228
8256.548313883974,-8.679165328391178,0.6140677148377669
8257.930528172634,-2.5643192946050135,0.6035695314850816
8259.312742461294,9.98357353950243,0.5755579287043422
8260.694956749954,25.210314649441415,0.5553028094849473
8262.077171038614,30.822809157734298,0.54787955359596
8263.459385327275,25.03391056075796,0.553724398658157
8264.841599615935,16.58992612712919,0.56532582081993
8266.223813904595,13.857670110675741,0.5688246926276838
8267.606028193255,16.306108620334385,0.5659575307649449
8268.988242481913,25.22735326559024,0.5569234799872885
8270.370456770574,18.59342986635221,0.5679177086634902
8271.752671059234,-0.40016010511050126,0.6004878616095322
8273.134885347892,-23.053476047490335,0.6394412274936443
8274.517099636552,-30.78264695575153,0.6485291501257572
8275.899313925212,-20.100392610354675,0.6273337769129856
8277.281528213873,-6.25571993699424,0.60163684784768
8278.663742502533,5.90121937746801,0.5785923753280465
8280.045956791193,7.181954768851682,0.56604156848682
8281.428171079853,4.8762891228303715,0.5729294795386374
8282.810385368513,2.4224858032453653,0.582427401314517
8284.192599657174,2.7826066070233253,0.5795153693116013
8285.574813945834,3.932995063233818,0.5764779934471681
8286.957028234492,-1.5725786828887465,0.5815790425285062
8288.339242523152,-10.520571108693986,0.5910668211553208
8289.721456811812,-9.174570993014669,0.5910422601900824
8291.10367110047,3.142194326664935,0.5771916763609098
8292.485885389131,13.819231956451574,0.5652508855758072
8293.868099677791,16.651598368949095,0.5619709813448887
8295.250313966451,-3.4175238544538615,0.5876424146351727
8296.632528255112,-22.908763324438212,0.6108349662942866
8298.014742543772,-32.937253603617805,0.6224564286477628
8299.396956832432,-18.38714842761226,0.6064153596071713
8300.779171121092,-2.221183905970406,0.5835441573233218
8302.161385409752,0.8014161302679099,0.5818768388077987
8303.54359969841,-10.19678680364683,0.6022615028956432
8304.92581398707,-24.113069448550476,0.6257963348605831
8306.308028275731,-25.03477253163439,0.6272296979146134
8307.69024256439,-20.600424032985586,0.6198018538991616
8309.07245685305,-15.885890662024622,0.6104784818443466
8310.45467114171,-23.381942767369495,0.6185810073572144
8311.83688543037,-23.451535515601364,0.6208529308402938
8313.21909971903,-19.824580165353154,0.6192970238653303
8314.60131400769,-21.498116538466235,0.6203053602973395
8315.98352829635,-19.199724453448056,0.614672682174835
8317.36574258501,-13.760855554067803,0.60425868857517
8318.74795687367,-6.25955521929572,0.591244797896849
8320.130171162331,-19.012835722807353,0.6142528391713151
8321.51238545099,-23.764829813411183,0.6247733324833261
8322.89459973965,-20.848206308246745,0.620569596125299
8324.27681402831,-8.629714982058545,0.5943690868657375
8325.659028316968,-5.776868407652529,0.5899907092816393
8327.041242605628,-5.355072595289101,0.5884698258918785
8328.423456894288,-5.3165363398773025,0.5873311543317061
8329.805671182949,-3.1760461092211756,0.5885424536709127
8331.187885471609,-11.502616477952756,0.6019556307526092
8332.570099760269,-21.18556112418827,0.6163247524079727
8333.95231404893,-24.999171117227704,0.6235135470344599
8335.33452833759,-18.978929225707844,0.6142141320791675
8336.71674262625,-16.182245432646795,0.6077436247694489
8338.09895691491,-14.249088758401854,0.6014138658741124
8339.481171203568,-2.390858863519867,0.5818105033767813
8340.863385492228,14.778827234207313,0.5496720152893179
8342.245599780888,19.79755740188574,0.5317994726889602
8343.627814069547,3.8023671860080412,0.5413137192795
8345.010028358207,-7.004743422482846,0.5636770998532742
8346.392242646867,-9.207279036538921,0.5773978114209708
8347.774456935527,-7.318731019965185,0.585160038629286
8349.156671224187,-10.045325233471175,0.5911228040046858
8350.538885512848,-12.082432315692103,0.588588318974839
8351.921099801508,-12.080881364449482,0.5870240807467413
8353.303314090168,-10.169657349299172,0.5895180631301914
8354.685528378828,-18.11102945399989,0.6046712685724281
8356.067742667487,-18.264768825193926,0.6075783372691921
8357.449956956147,-13.477094124762345,0.6007028695556912
8358.832171244807,-5.774981888726671,0.5843860338040615
8360.214385533465,-4.882043498359565,0.5836121940279716
8361.596599822125,-7.1934773611763205,0.5872607923684982
8362.978814110786,-12.102857205039413,0.5928592635700588
8364.361028399446,-12.857476605660736,0.5943224850920757
8365.743242688106,-7.7268220800891925,0.5875421382401191
8367.125456976766,-1.059862199939829,0.5793890792143809
8368.507671265426,3.0546223802682846,0.5764399954198259
8369.889885554087,-9.804909053164948,0.5917699886497916
8371.272099842747,-12.722421054897922,0.5954266829941722
8372.654314131407,-3.9571787211546336,0.5845635010218855
8374.036528420065,9.34306397979131,0.5612409813012068
8375.418742708725,7.927133241556618,0.565747255960266
8376.800956997386,2.5950317134907834,0.5743841235971828
8378.183171286044,0.6347167592466576,0.5697360837430051
8379.565385574704,25.03380508842062,0.5391585247448504
8380.947599863364,27.483197760653184,0.5324476810955517
8382.329814152024,9.178641350143977,0.5506598842211635
8383.712028440685,-10.420929507198878,0.5855644216349823
8385.094242729345,-11.26110221599265,0.5886577368636473
8386.476457018005,-3.7275570059063057,0.5806722774459976
8387.858671306665,6.202868034136941,0.5724078194976133
8389.240885595325,-8.821851985198236,0.5886486949570249
8390.623099883986,-11.345886612961294,0.5909398280197371
8392.005314172644,-1.5484838972084276,0.5785899750981077
8393.387528461304,14.778356066251774,0.5536027373696363
8394.769742749964,16.792856896521158,0.5459594785082253
8396.151957038623,10.887542449071134,0.5449691251336246
8397.534171327283,-0.9642844177303118,0.5459137081048157
8398.916385615943,-1.6039571131286152,0.54965410827937
8400.298599904603,4.628457259107307,0.5513700646300795
8401.680814193263,14.049425714760673,0.5516629479305518
8403.063028481924,13.94512330939861,0.553290501296648
8404.445242770584,9.691502979724248,0.5591748746617485
8405.827457059244,5.792627353800839,0.5641363088612203
8407.209671347904,5.157484222447636,0.5651080668665214
8408.591885636562,10.72566004175468,0.556104103253653
8409.974099925223,12.417398162414514,0.5549305796223334
8411.356314213883,8.797551606898708,0.5613294422296526
8412.738528502541,-6.380662243679666,0.573576171339249
8414.120742791201,5.209343470540659,0.554718587238926
8415.502957079862,21.972666413301113,0.532796913059425
8416.885171368522,32.62675661340015,0.5233015118722196
8418.267385657182,18.491063652425595,0.5447745421266781
8419.649599945842,5.39160033766268,0.5632550969414337
8421.031814234502,-3.1650635855814357,0.5734712527002879
8422.414028523162,9.322337725339139,0.5573076698273762
8423.796242811823,19.958801717101494,0.5464225564387156
8425.178457100483,19.783804257162984,0.5442998670105799
8426.560671389141,0.1221706206431179,0.5555253733846713
8427.942885677801,6.9041084103901085,0.5419805462456906
8429.325099966461,19.574026308435037,0.5236198691167757
8430.70731425512,32.945706535977905,0.5074539965281047
8432.08952854378,27.855058795327864,0.5243157231737064
8433.47174283244,12.638150365464696,0.5481724205076698
8434.8539571211,0.5776292075740344,0.5652404680453346
8436.23617140976,3.242831706371419,0.562442219625466
8437.61838569842,14.95555376258227,0.551303831253383
8439.000599987081,13.535159324864054,0.5516630907039656
8440.382814275741,0.15133006724644815,0.5631311658479501
8441.765028564401,-0.4517189832802728,0.5692604181818081
8443.14724285306,3.731899153986376,0.5647383771388524
8444.52945714172,5.903796657972038,0.5615454081854244
8445.91167143038,-1.7207442759255684,0.5726850195654727
8447.29388571904,-3.9243049861138104,0.5724086459820618
8448.676100007699,3.3448102593840474,0.5587146773263848
8450.058314296359,20.112334927132963,0.5327223370949838
8451.440528585019,36.54134929965238,0.5162736615542891
8452.822742873679,38.991922969199436,0.5121496589019613
8454.20495716234,30.248660803866784,0.5219237294499317
8455.587171451,9.470129854721392,0.5540177469025191
8456.96938573966,-5.6540001493609395,0.5728459702580418
8458.35160002832,-9.204962830904293,0.5765984154149283
8459.73381431698,0.7524543771674814,0.5638053034055277
8461.116028605638,14.859957422905666,0.5420373424752799
8462.498242894299,18.604244269241264,0.5279166259054895
8463.880457182959,13.285272443659125,0.5250024972296718
8465.262671471617,-2.8215024731961478,0.5466524781790347
8466.644885760277,-5.744564722803801,0.5580166585665401
8468.027100048937,0.03193037996194903,0.5583734683485733
8469.409314337598,14.313279520231617,0.5454866453883275
8470.791528626258,4.653576637076924,0.5539487064264328
8472.173742914918,13.60864439749298,0.5442311081250177
8473.555957203578,35.26409342919837,0.5215043756465578
8474.938171492238,46.42039917321844,0.5055382474933116
8476.320385780899,35.04587911788772,0.5195208841773435
8477.702600069559,16.452454395416993,0.541248261327393
8479.084814358217,-1.2267020888616855,0.5578000612789702
8480.467028646877,-0.3237800254063927,0.5627064514841594
8481.849242935537,-0.4226450780389541,0.5648776906317514
8483.231457224196,-2.6871953100528856,0.5651662746345765
8484.613671512856,-0.6227621581290919,0.5633883505588014
8485.995885801516,-8.145598239540988,0.5753221223802986
8487.378100090176,-15.583966840968259,0.5867344892272798
8488.760314378836,-10.571865008559001,0.5790026597145209
8490.142528667497,1.6350292936625124,0.5585456948694124
8491.524742956157,9.917728709828339,0.5442208512020197
8492.906957244817,10.87004358912884,0.5407396985644174
8494.289171533477,8.508101555298111,0.5443498396181436
8495.671385822136,5.020214874197677,0.552061420590082
8497.053600110796,-2.2286320440967984,0.5658720163104308
8498.435814399456,-22.267332943662154,0.5941186732004644
8499.818028688116,-20.07972956192654,0.5880305811399361
8501.200242976774,-10.684482511014664,0.5700659467056182
8502.582457265435,-0.07788286400645461,0.5484486514892543
8503.964671554095,-10.122368673726953,0.5585350945992856
8505.346885842755,-8.611197505038149,0.5585221182322594
8506.729100131415,4.895350254594945,0.5468861548193703
8508.111314420075,24.55444426771004,0.5272468166765503
8509.493528708736,20.476918278903156,0.5315009783013932
8510.875742997396,5.595001511156767,0.5480430942290421
8512.257957286056,-9.919123817295059,0.5692663458370495
8513.640171574714,-13.593325428461696,0.5751160960694728
8515.022385863374,-13.305240200878302,0.5757857384141187
8516.404600152035,-10.420555105085327,0.5730480370558821
8517.786814440693,-8.79316223017807,0.5689390970665892
8519.169028729353,-7.9486095237079155,0.5678998399967551
8520.551243018013,-8.944913566809788,0.5701876498231443
8521.933457306674,-15.31924626415389,0.5782748141451897
8523.315671595334,-19.173823805745286,0.5849567400264943
8524.697885883994,-21.418384040646004,0.587847126085599
8526.080100172654,-20.71947261397122,0.5843618155363257
8527.462314461314,-18.15833512927273,0.5798201204628123
8528.844528749974,-14.561757600998988,0.5742825416058918
8530.226743038635,-10.572234297836786,0.5680416121387034
8531.608957327293,-9.439125757436102,0.5638946230204404
8532.991171615953,-6.942554442374245,0.5618349919712824
8534.373385904613,-5.769819463665357,0.5611214852377072
8535.755600193272,-10.781069046459265,0.5612972606339823
8537.137814481932,-19.784764051926118,0.5798098068411192
8538.520028770592,-27.84787558493383,0.5960642935846592
8539.902243059252,-33.170365789274825,0.6027318839688072
8541.284457347912,-32.58043496269542,0.6027883789802396
8542.666671636573,-29.650493792792957,0.5981155784650746
8544.048885925233,-24.052665886299422,0.5883200537429428
8545.431100213893,-12.465130268646448,0.5688950396399306
8546.813314502553,-10.578223573659216,0.5645686491204113
8548.195528791211,-13.482635123006787,0.5669866227997262
8549.577743079872,-18.16411400462556,0.5704949622545106
8550.959957368532,-9.881079192024458,0.561241331582223
8552.342171657192,1.2141873578451339,0.547842110833293
8553.72438594585,12.915674641448362,0.5320038211195628
8555.10660023451,1.5396671538844657,0.5422681973400127
8556.48881452317,2.8245641125128316,0.5434688797387571
8557.871028811831,12.26070987553365,0.5372478476490337
8559.253243100491,16.492659895002646,0.5260331510166564
8560.635457389151,11.303599291428156,0.5324324457063822
8562.017671677811,2.786633835437101,0.5441766379718261
8563.399885966472,-5.231348815845337,0.5533782173661981
8564.782100255132,-10.857148336769143,0.5626424584542123
8566.16431454379,-15.018502057896171,0.5689686702450308
8567.54652883245,-17.370714399595528,0.5714771384722164
8568.92874312111,-13.621047481934397,0.5643395914434965
8570.310957409769,-7.303128022438813,0.5556476423388985
8571.693171698429,-0.03807853466057054,0.5463599618787937
8573.07538598709,3.8071381527799133,0.5392675644084443
8574.45760027575,1.5791335616488595,0.5417870617214523
8575.83981456441,-2.436581282489499,0.5466529854534167
8577.22202885307,-6.094109800040258,0.5493413120266063
8578.60424314173,0.6399820764664241,0.5425846831674825
8579.98645743039,6.14221845087485,0.5369564785884545
8581.36867171905,7.306745738695469,0.534497498428399
8582.75088600771,-0.1950926249997451,0.5451316913441688
8584.133100296369,-4.9491222408314,0.5505022577889275
8585.515314585029,-7.0795934374361025,0.5515126984525501
8586.89752887369,-4.121605188035261,0.5485062239045227
8588.279743162348,-10.46982335973047,0.5571173718875582
8589.661957451008,-16.462500445200646,0.5646678694643738
8591.044171739668,-14.945820705223184,0.5603640776104386
8592.426386028328,-1.9873975017604835,0.5457894014001511
8593.808600316988,8.589801281986524,0.5324740981420629
8595.190814605648,13.726582625527243,0.5227655472984429
8596.573028894309,9.263820579991659,0.5281249646514559
8597.955243182969,11.946242715890918,0.5231905119067798
8599.337457471629,22.22651873793123,0.5094161126886617
8600.719671760287,46.51608992742257,0.4876849590974198
8602.101886048948,34.760985836746414,0.5004475891596308
8603.484100337608,10.549506441598595,0.5262405143147991
8604.866314626266,-8.805430929920362,0.5501323615678141
8606.248528914926,-9.253557549121723,0.5529243342421271
8607.630743203586,-5.377875407852883,0.5491933513088488
8609.012957492247,0.0,0.5415810831592235
8610.395171780907,-6.011673689885669,0.5486336477596266
8611.777386069567,-10.704970557529037,0.5522777993058721
8613.159600358227,-12.318825338464848,0.5512302601185481
8614.541814646887,-1.6208833161416294,0.5372899219170719
8615.924028935548,8.088231564849877,0.5249067228816804
8617.306243224208,14.736472339331726,0.5159346367484685
8618.688457512866,14.421876775145137,0.5153460818933703
8620.070671801526,8.226578242220711,0.5213300155072482
8621.452886090186,1.5835872633101644,0.5270139641689521
8622.835100378845,-2.1160773273195446,0.5294847066631602
8624.217314667505,5.851055936561693,0.5222861365283378
8625.599528956165,9.371978142037477,0.5185161570926357
8626.981743244825,7.161945970999909,0.5195756101855833
8628.363957533486,-1.1592166512031667,0.5309755265406367
8629.746171822146,-7.9298453801679045,0.5380022625565596
8631.128386110806,-12.54588769106806,0.5415425418877295
8632.510600399466,-9.390898582161327,0.5414030183894474
8633.892814688126,0.28086111281382387,0.5287744031130586
8635.275028976786,11.513192347359677,0.5145026406162918
8636.657243265445,21.177265724663698,0.5060285639700033
8638.039457554105,22.3414469237388,0.5044113571246457
8639.421671842765,19.112767295612144,0.5056391624436546
8640.803886131423,12.642191767184812,0.5092698527627986
8642.186100420084,6.150366599270683,0.5185079098705354
8643.568314708744,5.484342669282057,0.5212816273350358
8644.950528997404,9.760008902524362,0.5182689068246867
8646.332743286064,15.748428844674294,0.5112545958686522
8647.714957574724,5.49037034584228,0.5222824394835236
8649.097171863385,-8.76072772031904,0.5376325111063459
8650.479386152045,-9.922474593626106,0.5380738345153937
8651.861600440705,-1.521721450541321,0.527732418437446
8653.243814729363,5.973810175375689,0.5186749622662421
8654.626029018023,7.053161106385829,0.5173432083737121
8656.008243306684,6.459584484995645,0.5158079631543917
8657.390457595342,7.934049549106248,0.5150959792773635
8658.772671884002,11.21077130896657,0.5156420062446789
8660.154886172662,-3.723927683247325,0.5283138540190799
8661.537100461323,-11.715594584526485,0.5370106899939371
8662.919314749983,-15.164811380639378,0.5411244953616167
8664.301529038643,-9.038026927609451,0.5345178660251854
8665.683743327303,-2.73557559458672,0.5261906497280332
8667.065957615963,2.332060225749956,0.5194896573193729
8668.448171904623,3.245963278343055,0.5199045151718147
8669.830386193284,0.0769577481175645,0.5225841519712802
8671.212600481942,-3.3760892373308877,0.5264122461663732
8672.594814770602,-6.033580057251385,0.5313063464842239
8673.977029059262,-6.532099487884608,0.5300921008321798
8675.35924334792,-0.7990022545767204,0.5234035279535283
8676.74145763658,11.341401970021394,0.5115187833519783
8678.123671925241,12.440605926346564,0.5098246474061551
8679.505886213901,6.097560162412719,0.5174380970989234
8680.888100502561,-5.043978135860016,0.530519300325307
8682.270314791222,-10.254650680592363,0.5359451032589745
8683.652529079882,-3.112111762444897,0.5288679601382825
8685.034743368542,8.302372491121076,0.517440382311924
8686.416957657202,15.547658307507504,0.5099392554923425
8687.799171945862,2.829248894826634,0.5233132694745257
8689.18138623452,-8.801788961819142,0.5349277559779533
8690.56360052318,-8.77732785479867,0.5333358905856855
8691.945814811841,5.220016264464903,0.5177666113009087
8693.3280291005,15.089728100279814,0.507111617992778
8694.71024338916,18.22462274900988,0.5042356673464488
8696.09245767782,14.565206691567738,0.5069096160119025
8697.47467196648,14.657882037755599,0.5074195283753576
8698.85688625514,16.977228458669003,0.5067707449031207
8700.2391005438,13.036602582973643,0.5107691280628872
8701.62131483246,2.8407078876410594,0.5234266835997932
8703.00352912112,-8.984954694305003,0.5376710163912415
8704.38574340978,-14.611192630035845,0.5409554745486
8705.76795769844,-8.400710974485975,0.5350201906892624
8707.1501719871,-0.14201101784647108,0.526589013376148
8708.53238627576,4.227048111153209,0.5191147097526341
8709.914600564418,7.070340352386694,0.5165656548522293
8711.296814853078,7.354212364369488,0.5158870518905253
8712.679029141738,4.431253452604494,0.5167468692870805
8714.061243430398,6.377418143201794,0.5156077114720791
8715.443457719059,10.89261117067764,0.5109343731924819
8716.825672007719,17.456592065980146,0.5032421820380735
8718.207886296379,19.44038309199547,0.502050842879847
8719.59010058504,17.57432982684,0.5037407565252653
8720.9723148737,14.068253804638061,0.5065323432392783
8722.35452916236,15.710313808916396,0.5046170356257481
8723.736743451018,10.401751505554103,0.5090036698580422
8725.118957739678,3.5903271028528536,0.5152757160491908
8726.501172028338,1.767926664302422,0.5187775144203054
8727.883386316997,-0.8983248123950887,0.5252393628329165
8729.265600605657,-5.547655015497156,0.5314586554270512
8730.647814894317,-13.405856457630165,0.5356060890687714
8732.030029182977,2.288215636175437,0.521058265737425
8733.412243471637,15.812283541350183,0.5074614513480419
8734.794457760298,22.209319137202186,0.49860639108540794
8736.176672048958,17.70807282889885,0.5019273522375818
8737.558886337618,13.994234152090371,0.5058796537883532
8738.941100626278,11.603231274967413,0.5095367958929309
8740.323314914938,15.170658565710056,0.5046666959369098
8741.705529203597,17.850827096684554,0.5026496557133963
8743.087743492257,18.11138030358339,0.5039591090823768
8744.469957780917,8.197940847163238,0.5136835306597755
8745.852172069575,0.11592612784562562,0.5224850063487064
8747.234386358235,-5.877949056633639,0.5300979583561675
8748.616600646896,-7.498022280293156,0.5351674251447576
8749.998814935556,-16.03978239004408,0.5443946265487726
8751.381029224216,-24.197545604624167,0.5542149037851615
8752.763243512876,-27.5165499821546,0.5627390684011317
8754.145457801536,-12.80270316304646,0.5410998167252807
8755.527672090197,0.6231088717593707,0.5206182247299403
8756.909886378857,8.727947118284447,0.5091170898331068
8758.292100667515,-0.419086338301355,0.5108372554211673
8759.674314956175,-4.328550533071962,0.510512758788562
8761.056529244835,-1.4077786560879133,0.5074163619781266
8762.438743533494,-0.5061926437161048,0.5135975660829261
8763.820957822154,-3.145207449245021,0.5168128829876935
8765.203172110814,-8.313580523312083,0.5173473628949129
8766.585386399474,-11.778171284200454,0.5144645100095115
8767.967600688135,-14.98962879936218,0.5222263721422109
8769.349814976795,-16.5378025932975,0.5334388698582417
8770.732029265455,-11.034673744725751,0.5340756776310748
8772.114243554115,-14.619178104249215,0.5379264372470297
8773.496457842775,-20.529084040423754,0.5404931090072447
8774.878672131435,-22.52252178263106,0.5360049247680377
8776.260886420094,-18.260472281333875,0.5241218107837349
8777.643100708754,-12.854696886324007,0.5144626019911482
8779.025314997414,-8.206295040517489,0.5127332810489593
8780.407529286073,-1.5295685548336735,0.5153043744187922
8781.789743574733,2.7396622918325306,0.5167179080914616
8783.171957863393,3.2864255210102726,0.5156329712819326
8784.554172152053,-1.1874737837552516,0.5220820192788866
8785.936386440713,-2.1546412759889506,0.5222759001301027
8787.318600729373,1.2142161976771604,0.5154349225730305
8788.700815018034,8.39719190083261,0.506645593052059
8790.083029306694,12.310463264161513,0.5005560756317271
8791.465243595354,13.530720618568381,0.4974293441718214
8792.847457884014,13.307616420697883,0.5022621755253016
8794.229672172673,5.9634228429574705,0.5129363813729939
8795.611886461333,-4.561703422717727,0.5258477660642745
8796.994100749993,-9.912436423826165,0.5327996218595965
8798.376315038651,-10.297143266760997,0.5335952987344116
8799.758529327311,-8.42496202069114,0.5316537015097971
8801.140743615972,-6.1793569860087985,0.5293773674726808
8802.522957904632,-5.827118306180267,0.5281593565812762
8803.905172193292,-5.736401814317247,0.527533828741854
8805.287386481952,-4.812067400988013,0.5275405340266194
8806.669600770612,-3.865267084529904,0.5249947895724861
8808.051815059272,-2.931759933050273,0.523303069739498
8809.434029347933,-2.073040846773722,0.5239375850642221
8810.816243636591,-2.286126651886775,0.5221208836610295
8812.198457925251,-1.419924662968299,0.520576776605929
8813.580672213911,1.0518827251210041,0.5197415800626276
8814.96288650257,6.876214706688728,0.5131414693837426
8816.34510079123,8.683598435836728,0.5117476478453205
8817.72731507989,6.053961992644645,0.5161527637605641
8819.10952936855,-7.7186772767630885,0.5314649192962974
8820.49174365721,-17.29900942313037,0.5421822497320785
8821.87395794587,-22.90039862330744,0.5467792132393391
8823.25617223453,-21.8151072405538,0.526005486938154
8824.638386523191,-15.330761864474823,0.5056643800031911
8826.020600811851,-4.968459207115984,0.4870784087977952
8827.402815100511,8.892890390886066,0.47695624013412574
8828.78502938917,12.431287728750789,0.4844852490953947
8830.16724367783,11.309226848880229,0.4979668309554822
8831.54945796649,10.79516660975986,0.5023983370799359
8832.931672255148,11.465257970665789,0.5010981415392213
8834.313886543809,10.37996321666833,0.49740619885173804
8835.696100832469,2.7642941182818106,0.4927480814761731
8837.078315121129,-8.061210878465289,0.5139074171179897
8838.46052940979,-16.488785505594848,0.5349300796617308
8839.84274369845,-17.919296501861965,0.5415660582264444
8841.22495798711,-10.836806945311508,0.5355951058677642
8842.60717227577,-5.800317730545942,0.529786364125574
8843.98938656443,-6.35871542999368,0.5279424490766113
8845.371600853088,2.6464204354885226,0.5163498381501489
8846.753815141748,9.463447265855365,0.5082637185863897
8848.136029430409,12.062791114540147,0.5062046514392401
8849.518243719069,6.805840059855882,0.5086657215867058
8850.900458007727,1.671792298132658,0.5153947476928603
8852.282672296387,-2.98736428167652,0.5264803057781393
8853.664886585047,-13.868126955715354,0.5366440566962966
8855.047100873708,-14.633175694753788,0.538166318350518
8856.429315162368,-6.6187133835385055,0.5319468159947569
8857.811529451028,0.0,0.5230910658877483
8859.193743739688,2.1460703311539078,0.5201059252621756
8860.575958028348,1.0523984354119307,0.5212390917843587
8861.958172317009,-0.282398383335277,0.521542887805099
8863.340386605667,-0.2808571495212675,0.5189939221064602
8864.722600894327,-0.6582389181789665,0.5158509527800108
8866.104815182987,-7.723420662558141,0.518681888540563
8867.487029471646,-9.128264738437053,0.5205505587510936
8868.869243760306,-6.236090256740113,0.5208468691100836
8870.251458048966,2.878012962777916,0.5166736000562182
8871.633672337626,7.287642493918355,0.5143550651406296
8873.015886626286,8.092404507919753,0.5139121287679441
8874.398100914947,3.517594736870592,0.5170686324834137
8875.780315203607,1.5738001720994532,0.5194847730094594
8877.162529492267,2.048506064165821,0.5196324864927766
8878.544743780927,6.448494232748487,0.5147066597732862
8879.926958069587,3.3533932978626524,0.5126768451232028
8881.309172358246,0.6556974995704365,0.5065402330189848
8882.691386646906,1.975517014118509,0.4906132628597187
8884.073600935566,2.0698297520997926,0.4753740011590845
8885.455815224224,1.8029445516226588,0.47332013587228056
8886.838029512885,1.1862447107809544,0.49358637546561585
8888.220243801545,2.945146568321178,0.5070199099513407
8889.602458090205,1.5645986295494936,0.5174751806441081
8890.984672378865,-4.453043989706856,0.5248516069256658
8892.366886667525,1.4597976938281079,0.5202852290236047
8893.749100956185,6.202732077588024,0.5152038451715949
8895.131315244846,8.282145096436864,0.5106458410887045
8896.513529533506,7.719862703149573,0.5111304641941895
8897.895743822164,7.945497243903247,0.5098902167668878
8899.277958110824,9.233178688092238,0.5065985918045044
