wave,flux,uncertainty
3999.819201845962,-0.651765585541749,0.9184763431549072
4001.229865909661,-0.8298910098026777,0.9331681213757835
4002.640529973359,-0.22256533076077423,0.9248833334677629
4004.051194037058,1.4464911910104359,0.9032907370867107
4005.4618581007567,-0.2933059398466842,0.9006580606621765
4006.8725221644554,-0.026443822508049664,0.8966456348459607
4008.2831862281537,1.0178430339195756,0.8795454716801577
4009.6938502918524,-0.2505320223694949,0.8582493252723693
4011.104514355551,-0.07129454923712464,0.834981864901915
4012.51517841925,2.5927841750085534,0.8319109153674563
4013.925842482948,-0.41641071237114424,0.8719842116162746
4015.336506546647,-0.6800055317843643,0.9224801148093503
4016.7471706103456,-0.2903323704824059,0.940368166159166
4018.1578346740444,-0.9687842395324862,0.930453618458777
4019.5684987377426,-0.28039137914413015,0.918699945898387
4020.9791628014414,-0.42512886811691963,0.9248943508335259
4022.38982686514,1.0330636644373739,0.9124065090215889
4023.8004909288384,0.343923821015101,0.9251266229605791
4025.211154992537,-0.8046887354764307,0.9333834851976139
4026.621819056236,0.9528246199096468,0.9370272806380181
4028.0324831199346,0.6460583865521281,0.9321625708881687
4029.443147183633,2.1352690309336446,0.9203894984372157
4030.8538112473316,-2.082462105363806,0.9634422205243744
4032.2644753110303,-1.7288134982723986,0.9383637356777891
4033.675139374729,-2.1617446727161154,0.8392028378009502
4035.0858034384273,-0.31393535722445876,0.8317196427777798
4036.496467502126,-1.6829187754612904,0.893984960424901
4037.907131565825,1.688070442103771,0.9264047638589592
4039.3177956295235,0.12812771558642,0.930564162611667
4040.728459693222,0.8163430392092192,0.8815814088181022
4042.1391237569205,-1.0303938047375985,0.8641910934723027
4043.5497878206193,-2.5783049178810593,0.8968615251207089
4044.960451884318,-1.828795426984441,0.8645420121463143
4046.3711159480163,-1.0612275064313086,0.820660551589
4047.781780011715,-0.5419123953607787,0.8576352262098694
4049.1924440754137,-0.8502555959007507,0.9086136949167998
4050.603108139112,-2.4655712457570056,0.928523626638445
4052.0137722028107,-1.0296325289219075,0.9270747334108922
4053.4244362665095,-1.3644187179612073,0.9318191902980701
4054.835100330208,0.4719447134841319,0.9201392932738977
4056.2457643939065,0.9231402946098197,0.9320903461656199
4057.656428457605,-0.7801968537401613,0.9516934962605554
4059.067092521304,-1.055697847558002,0.9472631642372592
4060.4777565850027,-0.3606941827641106,0.9373373534072112
4061.888420648701,0.5008655577328303,0.9147933404012426
4063.2990847123997,-0.4335461233082252,0.90138090940022
4064.7097487760984,1.0685372681830883,0.896641932928396
4066.1204128397967,1.0780673039785347,0.9110639459315297
4067.5310769034954,-1.4519002753252097,0.9492343966244787
4068.941740967194,-0.24887784721960582,0.9288207707602301
4070.352405030893,-1.6113008554533501,0.9385726684442555
4071.763069094591,0.2415161059838251,0.9199978376589338
4073.17373315829,0.4377265510310364,0.9135626634865384
4074.5843972219886,-0.4474533240939955,0.9041503634556177
4075.9950612856874,0.7658685028947607,0.9106489864740176
4077.4057253493856,-1.2350997847119647,0.9396238578294789
4078.8163894130844,-2.0641852343212403,0.9537559313369537
4080.227053476783,-0.48680878263366845,0.945848592029629
4081.637717540482,-0.2726933564084666,0.9473401119494537
4083.04838160418,-1.4696206471028512,0.9621863454244292
4084.459045667879,0.5086240599847471,0.9476029502831564
4085.8697097315776,0.849035584096081,0.9355746305175108
4087.2803737952763,0.36145518380296604,0.9125288314360479
4088.6910378589746,0.3289579378508045,0.908230008000693
4090.1017019226733,0.17778603625951694,0.9425137188125204
4091.512365986372,-1.2203609628876575,0.9678401472909834
4092.9230300500703,-2.9511278413516155,0.9843198133070108
4094.333694113769,-0.9608046109737445,0.9758091616203554
4095.744358177468,-0.37569816503304043,0.9620201809319516
4097.155022241166,1.0426816193145254,0.9231727729410077
4098.565686304865,-0.5405560180161118,0.9268334168984805
4099.9763503685635,-1.084026666889577,0.9564879449680288
4101.387014432262,-1.1327013888566597,0.9886589974483264
4102.797678495961,1.6875275973177586,0.8959457772329968
4104.208342559659,0.6860239301163893,0.9545364354223762
4105.6190066233585,-0.4212281264717186,0.9650932669509914
4107.029670687057,-0.20223223389151368,0.9746919222000463
4108.440334750755,-0.010528166378404258,0.9507372788755083
4109.850998814454,0.618507784650141,0.9432267607794026
4111.2616628781525,1.7708220502592225,0.942593887182612
4112.672326941851,-0.5337514047608298,0.95684268895317
4114.08299100555,0.06945014035345976,0.9577382230094569
4115.493655069248,1.396071910460622,0.966541630473513
4116.9043191329465,-0.9928810163223241,0.99099866329447
4118.314983196646,0.30977475056248016,0.9806006905128
4119.725647260344,0.17395763873815762,0.9847675697634207
4121.136311324043,1.0149485629368824,0.9739352348651891
4122.546975387741,-1.37664578798401,0.968286720473663
4123.95763945144,-2.6979043276029975,0.994766223335422
4125.368303515139,0.49277614420328586,0.9912722046597
4126.778967578837,0.3348149211674927,0.9860893289809892
4128.1896316425355,0.3495617057845948,0.9775724664503493
4129.600295706235,-0.10407029493607078,0.9745992939732596
4131.010959769933,-1.1006997040844162,0.9780502133074811
4132.421623833632,0.4006999618648299,0.9617265431956318
4133.83228789733,1.4043447173788866,0.9611071778088948
4135.242951961029,0.8361927343466888,0.9750118271259399
4136.653616024728,-2.602240359040471,1.0017682394808336
4138.064280088426,0.04628510245582129,0.9983448741918477
4139.474944152124,-1.5030927380561419,0.9921810087902745
4140.885608215824,-0.41302124499354065,0.9910252721610247
4142.296272279522,-1.2950415536173026,1.0027577867295512
4143.70693634322,1.0185037455493187,0.9672129554090014
4145.117600406919,0.6763998471269415,0.9895681376378264
4146.528264470618,-1.9601470702409007,1.0162179471340453
4147.938928534317,-1.2122959697877556,1.0191151313736415
4149.349592598015,-0.2839767975467766,1.012697432613567
4150.760256661713,-0.47218512967598425,1.0212170918839922
4152.1709207254125,-1.702223458300585,1.0259989582001845
4153.581584789111,-0.08907992501615203,1.0067363358832897
4154.992248852809,-0.045654085859142324,0.9995921719147635
4156.402912916508,-1.5065046257940824,1.0163947513762197
4157.813576980207,0.2830964397852278,1.0015729436007703
4159.224241043905,1.202150795611384,0.9872712028673828
4160.634905107604,1.9379030814505627,0.986889054339123
4162.045569171302,-1.1083646248095231,0.9948628808204197
4163.4562332350015,-0.347419890100237,0.9660693918291999
4164.8668972987,0.8346511551075859,0.9675534100770703
4166.277561362398,-1.0181742025407754,0.9893137595019701
4167.688225426097,-0.2534801023533082,0.9644517577042262
4169.0988894897955,-0.0786980917850375,0.9677718480491786
4170.509553553494,1.2005032014013808,0.9811329036299846
4171.920217617193,-1.7041065036572838,1.0040956086803063
4173.330881680891,-0.4081707913853765,1.009688865472781
4174.74154574459,-0.518781129357611,1.0069393205419102
4176.152209808289,1.292875045364251,0.9914449242376243
4177.562873871987,0.8161510204137126,0.9886600894577923
4178.973537935686,0.16221864754464344,0.9975308314630125
4180.3842019993845,-1.4450873056153761,1.0166112282589375
4181.794866063083,0.48524287399561494,1.0177970503005151
4183.205530126782,0.16658960268084666,1.0168447493813673
4184.61619419048,-0.6807397027317634,1.0140259615212355
4186.0268582541785,-0.4742154322614205,1.0220770522273865
4187.437522317878,-0.5936432860478371,1.0228212876555012
4188.848186381576,0.028660071292813782,1.0082966567385854
4190.258850445275,1.0714945314903765,0.9958641215548796
4191.669514508973,0.7940323193325938,1.010391042515805
4193.080178572672,0.8399501694382456,1.0235154647598341
4194.490842636371,0.5994587540934253,1.0208433494367675
4195.901506700069,0.45305913116450114,1.0005811059870031
4197.312170763767,-0.03949725884379918,1.0030296490379615
4198.722834827467,1.3481549543442561,1.0057407244909484
4200.133498891165,-0.10032310158098934,1.0258800555866054
4201.544162954864,1.1674751207279206,1.01806204611274
4202.954827018562,0.40411107229740484,1.040234093816115
4204.365491082261,0.06922802898305402,1.0480209874552395
4205.77615514596,2.3652135210505074,1.0212472068115666
4207.186819209658,0.7825640651171684,0.9987358627436501
4208.597483273356,0.14120779522729654,0.9949215463158158
4210.008147337056,-0.14226261652329208,1.0136653839726453
4211.418811400754,-0.5086240599847471,1.0231585609367349
4212.829475464452,1.2736406582024573,1.0133745157876208
4214.240139528151,-1.423343691105699,1.0370189241909875
4215.65080359185,-0.5225686270832108,1.031068654453588
4217.061467655549,0.08529371136836339,1.0164522133439575
4218.472131719247,1.6818470198564368,1.0019312176863686
4219.882795782945,3.2066199350282236,0.9883094996833334
4221.2934598466445,1.60868285453639,1.0132396265902603
4222.704123910343,1.7744416806302352,1.0342520352117879
4224.114787974041,0.8487569047793766,1.0501966940968253
4225.52545203774,-1.3345955592641232,1.074053188289117
4226.9361161014385,-0.7721662532838529,1.068293653982006
4228.346780165137,0.8599618668434879,1.0547496267451613
4229.757444228836,1.5254090701433167,1.0444217602544128
4231.168108292534,-0.6695294155200902,1.047889635974178
4232.5787723562335,2.178708195318854,1.0198725835836917
4233.989436419932,2.4098215375626104,1.0103021452032253
4235.40010048363,0.859642941439362,1.04349240961977
4236.810764547329,1.5794958711517184,1.062112081734071
4238.2214286110275,-0.05636802084173276,1.0558418993647671
4239.632092674726,2.1038738131089314,1.0287618707774975
4241.042756738425,2.100454457641332,1.0236532209557103
4242.453420802123,0.745509150873068,1.0373010096627842
4243.864084865822,1.0869380089072562,1.0174663476294257
4245.274748929521,0.8690024129691984,0.9997414105471573
4246.685412993219,1.3729019070756978,1.0041141825361513
4248.096077056918,-0.12151571492064539,1.048589025085002
4249.506741120616,2.2130062016060963,1.0342027728121816
4250.917405184315,2.458420064263464,1.0048467248760589
4252.328069248014,0.1898329187545693,1.010905002565294
4253.738733311712,-0.13264122075959328,1.0357017067427776
4255.14939737541,1.815321636392448,1.0422917199543595
4256.56006143911,2.1273405635829166,1.0395977365454587
4257.970725502808,0.9482650322851711,1.0322835150995975
4259.381389566507,-0.497756560124194,1.0586480485723522
4260.792053630205,0.7126451719437954,1.0737765788505274
4262.202717693904,0.6591863501732744,1.064688222751286
4263.613381757603,1.6776038258053774,1.0529858594483699
4265.024045821301,0.6024674212520269,1.0515398058434011
4266.434709884999,1.2555105899189742,1.0364814463885481
4267.845373948699,0.24550613123470644,1.045056519559377
4269.256038012397,-0.26883911663205406,1.0743807559729577
4270.666702076096,0.014953769992615662,1.081913028243442
4272.077366139794,-0.831285295193795,1.0961223555766375
4273.488030203493,-1.7215458211700325,1.102078620081475
4274.898694267192,0.0684684168871672,1.0823586133701653
4276.30935833089,-0.1033509242347952,1.0716163612344638
4277.720022394588,-0.04194770292346739,1.0540837725450982
4279.1306864582875,0.11883110595911361,1.0546208262266552
4280.541350521986,-0.09609323698934302,1.0814808861720167
4281.952014585684,1.4308787312253388,1.0678397130367363
4283.362678649383,-0.4214222405883916,1.0758832977396016
4284.773342713082,-0.5712851887447812,1.0542514308687563
4286.184006776781,-0.24675020259148317,1.0493076172268014
4287.594670840479,0.619684624250894,1.0618805685637724
4289.005334904177,-0.4915355762979505,1.094122396453532
4290.4159989678765,-1.1968697696009478,1.0928497703903512
4291.826663031575,1.356976834497941,1.0666137778875677
4293.237327095273,0.561007388146451,1.0653657877683105
4294.647991158972,0.14062236468436184,1.0720067845083143
4296.0586552226705,-0.13587553638019445,1.0899481875840287
4297.469319286369,-2.07345394283101,1.0955472880492776
4298.879983350068,-3.395551572718615,1.0949605119014119
4300.290647413766,-1.8750018309239342,1.0883278899568614
4301.701311477465,-2.4929200091033947,1.0998238036952503
4303.111975541164,-0.807158341956228,1.097594297138053
4304.522639604862,-1.978543859883914,1.1198195297251436
4305.933303668561,-2.209891307012911,1.1125310097962837
4307.343967732259,-1.9896356700853761,1.089614745624309
4308.754631795958,-1.4531736708976473,1.0730324403779947
4310.165295859657,-2.148695799257682,1.0808205875046786
4311.575959923355,-3.270714858383599,1.084575261088655
4312.9866239870535,-2.550686882896294,1.0660260086576863
4314.397288050753,0.7223849495108547,1.0436311820248734
4315.807952114451,0.28655698380801553,1.0466671333976856
4317.21861617815,2.0892589930339565,1.045172312294251
4318.629280241848,2.803356238021008,1.0272999669199652
4320.039944305547,1.870412292284274,1.0226011977021845
4321.450608369246,-1.320961762983301,1.0594376668899688
4322.861272432944,-2.711078177298801,1.1019083689994174
4324.271936496642,-0.569312773336939,1.09088138228937
4325.682600560342,-0.024965130554632786,1.0747568070555071
4327.09326462404,-0.6972530017250449,1.0804973764811518
4328.503928687739,-0.20555861701429112,1.0633120293093854
4329.914592751437,-1.604947885556237,1.0793598080402895
4331.325256815136,-0.6079094661151379,1.0927799328299779
4332.735920878835,0.37582816103785444,1.0990257690626595
4334.146584942533,-0.8593658955621915,1.1016601229949758
4335.557249006231,-1.0788576241073815,1.0874755007200272
4336.967913069931,-2.2806863398824326,1.1066469940476675
4338.378577133629,-0.9730841734771811,1.1113529481329596
4339.789241197328,-1.1479754433524931,1.112239369302334
4341.199905261026,-0.4852943531890528,1.1003577207900028
4342.610569324725,-0.5686947553982575,1.1038790842666582
4344.021233388424,-0.9316870753698563,1.0996237523920025
4345.431897452122,-0.7309265551942001,1.0774218643084192
4346.84256151582,-0.7534226432914921,1.0725281822995947
4348.2532255795195,-1.7265605922011655,1.0656840613631644
4349.663889643218,-1.7965750150127189,1.0628209874649643
4351.074553706916,-1.8666275757512851,1.0800928321491128
4352.485217770615,-2.5888785552606812,1.1136716232759196
4353.8958818343135,-3.233853469224292,1.1319822046083754
4355.306545898013,-2.3107524069504195,1.0599858544302123
4356.717209961711,-3.9532735211921355,0.900309283752176
4358.127874025409,-5.2720444760579666,0.821701413018453
4359.538538089108,-4.641815863645926,0.877451246190726
4360.949202152807,-3.7321091741391053,1.0051357274780277
4362.359866216505,-3.1887729386457617,1.0858971124380543
4363.770530280204,-2.539621526419576,1.1096202222696971
4365.1811943439025,-2.051229403441934,1.1064284353295664
4366.591858407601,-2.165081307677066,1.0954634577625582
4368.0025224713,-2.5598930040555925,1.1071355994684184
4369.413186534998,-2.8216646777694865,1.125271426952487
4370.823850598697,-0.8436929257355263,1.1065158340087926
4372.234514662396,-1.43793028388269,1.1069329236424894
4373.645178726094,-0.26811088138508143,1.0820035211308334
4375.055842789793,-1.6709314130428834,1.0844978150694777
4376.466506853491,-1.7443149217717382,1.0890325684325712
4377.87717091719,-1.1386690388313268,1.094959630263794
4379.287834980889,-3.4410712202343845,1.1365207327897222
4380.698499044587,-3.7354834953705356,1.154857798558375
4382.109163108285,-1.3808282735818875,1.117990096046544
4383.519827171985,-0.8321505474108006,1.1002199675277244
4384.930491235683,-1.1506724733239286,1.104151431218567
4386.341155299382,-0.29876971474958847,1.0947176895202655
4387.75181936308,0.2678121084438798,1.0682203477606929
4389.162483426779,0.0690823626154895,1.066001686438502
4390.573147490478,-0.12937741722574447,1.0662338335508756
4391.983811554176,0.06615981497456946,1.0785953002228055
4393.394475617874,0.957893141857757,1.0817682623370588
4394.805139681574,0.11355941840656048,1.0964137218847418
4396.215803745272,-0.5535056331522048,1.1048432191468818
4397.626467808971,-0.5134625862106361,1.1074833615432147
4399.037131872669,-0.0008798615566512069,1.0819623852788023
4400.447795936368,1.2021144568604045,1.0456479233724891
4401.858460000067,1.7852930937641984,1.0678821975538904
4403.269124063765,-1.2315700106659513,1.0880246419051112
4404.679788127463,-1.8423838260659124,1.0700311506000653
4406.0904521911625,-1.2586296919961901,1.0224926038324076
4407.501116254861,0.0,1.01374643193304
4408.91178031856,-1.4935168732680486,1.0520698963465096
4410.322444382258,1.546166298880891,1.0451470115325892
4411.7331084459565,1.009693914172809,1.0412269920878767
4413.143772509656,0.8585220230715382,1.043753260369855
4414.554436573354,-0.19414929585602714,1.047481568004789
4415.965100637052,-1.5567800757335526,1.0465258312468042
4417.3757647007515,-0.054484037168844424,1.0333415751065098
4418.78642876445,1.4980245670095869,1.0149531475163027
4420.197092828148,-1.34048342475924,1.0324288550699865
4421.607756891847,0.35551271907897153,1.0401765979835897
4423.0184209555455,3.1840039675106784,1.0284258677398144
4424.429085019245,1.8713881290269985,1.0349060932772856
4425.839749082943,0.9179730875642846,1.043699497922835
4427.250413146641,0.5052913550479801,1.047292478411798
4428.66107721034,-0.35551271907897153,1.0540434654383648
4430.071741274039,0.8395685756920273,1.0274801624704852
4431.482405337737,1.7872974249388314,0.9854400061111295
4432.893069401436,3.028569469185486,0.9920305614546
4434.303733465134,1.14578306217987,1.0392389326994966
4435.714397528833,1.2099909622073195,1.0512453890639248
4437.125061592532,2.8305165878194583,1.0309517250592015
4438.53572565623,0.10154198713687634,1.0391642352553754
4439.946389719929,-0.14643690465393,1.055438123579809
4441.357053783628,0.7593742132386136,1.0552250852540181
4442.767717847326,2.488023346911355,1.0357792037322189
4444.178381911025,2.5442595027660637,1.0368546953571876
4445.589045974723,0.5233274554129395,1.0467801732798192
4446.999710038422,1.6523784956189989,1.0477597858981476
4448.410374102121,-0.12790386811498067,1.0598149312764156
4449.821038165819,1.3000460217155307,1.0413235113568429
4451.231702229517,2.4423057559463306,1.037230251607633
4452.642366293217,0.846366546565406,1.0423988178231858
4454.053030356915,-0.10981031613931869,1.0477328021087982
4455.463694420614,1.7732425643248995,1.0489067579648461
4456.874358484312,1.7228449836201474,1.062610366683161
4458.285022548011,4.341123920821532,1.0282106137887976
4459.69568661171,1.6756257825473,1.0636105227859103
4461.106350675408,0.26029236976689596,1.0698966251037525
4462.517014739106,1.8052398612495164,1.0529211203897453
4463.9276788028055,1.5988159977036247,1.0480001666876997
4465.338342866504,2.5895886251493643,1.046200861286201
4466.749006930203,1.1814678360596016,1.061928805644608
4468.159670993901,-0.432156468881038,1.0795974871574923
4469.5703350576,-2.1655113089579405,1.0884198558602736
4470.980999121299,1.7247516318673117,1.044625233472267
4472.391663184997,-0.40677260241240454,1.0462834873139861
4473.802327248695,-0.2988901406615678,1.0552296665831495
4475.2129913123945,2.489782658321941,1.05427890699691
4476.623655376093,0.24556179003458745,1.0731973089171947
4478.034319439792,1.5751146567779006,1.0592796692366298
4479.44498350349,2.4376884491073234,1.0533117605770161
4480.8556475671885,2.0714706636145834,1.0619977314109252
4482.266311630888,1.8883561538058817,1.0600055964204267
4483.676975694586,1.0889509038529308,1.0600916587055598
4485.087639758284,-0.14509878445934987,1.052041514441586
4486.498303821983,0.0418007303489194,1.0552673886704675
4487.908967885682,1.696120239161111,1.054172182112721
4489.31963194938,2.9422095414475695,1.0419469803611103
4490.730296013079,2.3660658295468,1.0448866581787077
4492.140960076777,2.3738727432807085,1.0500411101774272
4493.551624140477,-1.163936939744957,1.0759715097864941
4494.962288204175,-0.6667850242056357,1.078526686004424
4496.372952267873,1.3820070150634898,1.0657274198255138
4497.783616331572,1.433566284201607,1.0633455133444807
4499.194280395271,1.312391171905107,1.061636845196903
4500.604944458969,2.4163576534631463,1.0465066350349683
4502.015608522668,2.6344665946262467,1.0369576311669804
4503.426272586366,2.035025681544157,1.0409534252129937
4504.836936650065,2.6737331373123645,1.0341353043648944
4506.247600713764,2.15511999457353,1.0307243963513895
4507.658264777462,3.370914398078014,1.0244968870207853
4509.068928841161,2.2858614072380004,1.0478871154126776
4510.47959290486,0.2630935146474833,1.0781597597994959
4511.890256968558,0.39616404992951715,1.082643538288745
4513.300921032257,0.751634832264898,1.0812315657339824
4514.711585095955,1.0516726850003675,1.0771938095066957
4516.122249159654,0.5952361926420462,1.0715099020767245
4517.532913223353,1.1801545048496376,1.070067446457299
4518.943577287051,1.4186268484424627,1.0670959397107262
4520.354241350749,0.49252825475060824,1.0763919509885265
4521.764905414449,0.7218962804129863,1.070491133757066
4523.175569478147,1.1775543471046603,1.0623485232171992
4524.586233541846,2.9353526820846145,1.0516688647808345
4525.996897605544,1.0089231132723437,1.058140132106271
4527.407561669243,1.271817216318384,1.0672091173228226
4528.818225732942,0.34004913936330894,1.0790851999242976
4530.22888979664,-0.20180982002479553,1.0862707342822053
4531.639553860338,0.22206523968536196,1.0819076636680633
4533.0502179240375,-0.659384234051771,1.0837709676951188
4534.460881987736,0.7898996337568285,1.07159727996646
4535.871546051434,1.228094023845708,1.0630374087400902
4537.282210115133,2.245271210462331,1.0429602765329722
4538.6928741788315,0.8599536218303054,1.0531440137252945
4540.103538242531,0.8791285828145412,1.0668274600552148
4541.514202306229,0.5191758602822087,1.0596412204303294
4542.924866369927,1.3924841790945948,1.0515826215138604
4544.335530433626,0.9602836082336257,1.0632201214594665
4545.746194497325,1.2702796422995508,1.0641535916906837
4547.156858561024,1.7861440160339122,1.0675115284828032
4548.567522624722,-0.765609786536249,1.0900311937428266
4549.9781866884205,-0.23898443354961962,1.0834371955303135
4551.38885075212,-1.1760189694880232,1.0877643167363011
4552.799514815818,-1.0279182432120333,1.0991323493994622
4554.210178879516,0.5104865747001757,1.089174809185551
4555.620842943215,3.1274251507538526,1.0736422042078355
4557.031507006914,2.736146394056288,1.0706004921015768
4558.442171070612,0.8495860479577981,1.080044171570406
4559.852835134311,-1.0959410204239148,1.1006746709177997
4561.263499198009,-1.022810467677301,1.0937359189197107
4562.674163261709,-0.09566131496662145,1.0827485059489679
4564.084827325407,2.4990133338485077,1.0769877804698955
4565.495491389105,0.8844154554041062,1.0963928281151756
4566.906155452804,1.7317928137470098,1.0927858740491467
4568.316819516503,-0.12424261647218593,1.1149826887630376
4569.727483580201,-0.8586612549720236,1.1192828488937998
4571.1381476439,-1.2662529768027646,1.1135466941435266
4572.548811707598,0.40981612438225135,1.1010679349997419
4573.959475771297,-0.05550486257870446,1.1072712932045021
4575.370139834996,-0.3263245337406122,1.1127124023889836
4576.780803898694,-0.2275900639831825,1.1108903749986636
4578.191467962393,0.43483133553701947,1.0933053914766826
4579.602132026092,2.017640907804406,1.0911215178503875
4581.01279608979,1.0402562857086455,1.0994084776396233
4582.423460153489,1.575955446380787,1.0931079173871163
4583.834124217187,0.7500090080277726,1.094196284029112
4585.244788280886,-0.2756917925008775,1.1142956252993281
4586.655452344585,0.44687708150454775,1.108547051709662
4588.066116408283,1.2553245745185535,1.0985736509550619
4589.476780471981,2.5350418422615473,1.0950489407663282
4590.8874445356805,-0.07307266520332156,1.1279706586969338
4592.298108599379,1.163936939744957,1.1116999145225601
4593.708772663078,1.4057187700755556,1.1089067031239617
4595.119436726776,1.932234668831974,1.1100078282789072
4596.5301007904745,0.9313666147743955,1.1204138554922645
4597.940764854174,0.7662028451057719,1.1231739976913686
4599.351428917872,1.3706747378540385,1.1149814464526222
4600.76209298157,-0.6908163237806626,1.1284055897165204
4602.1727570452695,0.4237222744171447,1.1211210513844097
4603.583421108968,0.31096840334651965,1.131577398332032
4604.994085172666,-0.31908471635268576,1.147775065836104
4606.404749236365,0.03882727339318315,1.1355917777440745
4607.8154133000635,0.9508224872350883,1.1108310209446757
4609.226077363763,-0.5078032806954607,1.1215875086777034
4610.636741427461,-0.893214762454404,1.1408874681733014
4612.047405491159,0.14775230163195552,1.1443595861331004
4613.458069554858,-0.19919490129638362,1.1510146408604873
4614.868733618557,0.19280055500598436,1.140651919956209
4616.279397682256,-0.5326607435564776,1.142344032813718
4617.690061745954,-0.9566846114390701,1.151191532832606
4619.100725809652,-1.9414893285241126,1.160063095766043
4620.511389873351,-0.7672892003149316,1.1559226833225378
4621.92205393705,-2.538308007101177,1.1789003467987815
4623.332718000748,-1.2326591754083518,1.179163405136438
4624.743382064447,-0.989735985167358,1.1478419810391793
4626.154046128146,-2.584230510538845,1.139293159084001
4627.564710191844,-1.767851060417069,1.148832088997223
4628.975374255543,-3.267397287474127,1.1737779077258512
4630.386038319241,-3.2018647338619406,1.186255378288906
4631.796702382941,-3.701209868004785,1.2028078117500667
4633.207366446639,-3.8517634214746144,1.21344576296431
4634.618030510337,-3.0936291764977124,1.212834241547163
4636.028694574036,-3.0538577374503255,1.2199999556520476
4637.439358637735,-2.8432596094442575,1.2093813977540053
4638.850022701433,-3.909856720555365,1.2106823189103295
4640.260686765132,-1.9042963508143416,1.1920267109254032
4641.67135082883,-2.3159735420171987,1.1788057393810418
4643.082014892529,-2.942484769274099,1.1918910260329603
4644.492678956228,-3.7317617032838273,1.2003324013951635
4645.903343019926,-4.718913573966111,1.2345350780841349
4647.314007083625,-5.074232329984627,1.2476507617579449
4648.7246711473235,-4.178683552811439,1.237360858256221
4650.135335211022,-4.7685961520838145,1.2179578413008192
4651.545999274721,-3.65291310970278,1.207929184559548
4652.956663338419,-4.144569796468257,1.207390100706314
4654.367327402118,-4.088135547843953,1.2044523089346386
4655.777991465817,-3.9562369076295774,1.2067834705975535
4657.188655529515,-3.0689078005451824,1.1999113632503702
4658.599319593213,-4.130556364682041,1.1999013246857975
4660.0099836569125,-4.541765789913768,1.1995127505791288
4661.420647720611,-4.795660458187881,1.1896029132381791
4662.83131178431,-5.109483240027272,1.204755769728342
4664.241975848008,-3.8876517799291763,1.2099655962804452
4665.6526399117065,-6.488810480158276,1.2533541920219968
4667.063303975406,-5.453202240484922,1.2426599988630849
4668.473968039104,-4.769644826548365,1.2091084434776733
4669.884632102802,-5.399162988804783,1.19891229831743
4671.295296166501,-5.161109798502222,1.1982509939311425
4672.7059602302,-5.75090149995294,1.2233058979567013
4674.116624293898,-6.131118117586494,1.2409497780371823
4675.527288357597,-5.971570437935292,1.2417740503342998
4676.937952421295,-5.814437979174468,1.2428322033571393
4678.348616484995,-5.331685428071669,1.2348961288045084
4679.759280548693,-5.068213929642894,1.2368463356316757
4681.169944612391,-5.463415897550908,1.2493479170899715
4682.58060867609,-6.315725226341458,1.2484889200353495
4683.991272739789,-6.059937472447874,1.2442886489481708
4685.401936803488,-4.457499945750655,1.2360378984606935
4686.812600867186,-4.994541112440942,1.2498934979281018
4688.223264930884,-5.592294358035837,1.2551814594281683
4689.633928994583,-5.1993588354580975,1.2501123245314865
4691.044593058282,-5.108300265350266,1.2526167521266725
4692.45525712198,-6.299197984041962,1.2724424853752352
4693.865921185679,-5.995992059736503,1.273846592324161
4695.276585249378,-4.74594576170609,1.246144949151284
4696.687249313076,-5.874159200828976,1.2611118892798012
4698.097913376775,-2.9788838796084347,1.2329011642153516
4699.508577440473,-2.281161045610605,1.2206286561608135
4700.9192415041725,-2.989112100947313,1.2165946767225073
4702.329905567871,-3.339955081406483,1.20237452040204
4703.740569631569,-3.5016340676902837,1.1865886940788393
4705.151233695268,-2.2041855816975726,1.1899046234611055
4706.561897758967,-4.19150141460245,1.2201599260839158
4707.972561822665,-3.8661311405873375,1.2249155328755457
4709.383225886364,-3.6236061051855772,1.208680898281621
4710.793889950062,-4.725094080115766,1.2137637459301833
4712.204554013761,-5.738869987355132,1.2558950971459362
4713.61521807746,-5.814329967720383,1.266631191514647
4715.025882141158,-4.33028222989908,1.244027756982097
4716.436546204857,-1.9357386958600031,1.1972582008553143
4717.8472102685555,-1.4510928941488963,1.189534927476881
4719.257874332254,-1.9357157003114427,1.1908074405889073
4720.668538395953,-3.057372692547305,1.1924575040068126
4722.079202459651,-2.818437476185265,1.1764031171452878
4723.4898665233495,-2.6103899989599277,1.166632864491026
4724.900530587049,-2.0093820398538913,1.1686024940621997
4726.311194650747,-0.9877329485525665,1.1898662444226629
4727.721858714445,-2.507127628034958,1.207633431263087
4729.132522778144,-3.626523106585833,1.2170864106064736
4730.543186841843,-1.1485332293541912,1.1981970161599895
4731.953850905542,-2.448382188300519,1.2104611257694324
4733.36451496924,-2.861704794805693,1.2135526777822159
4734.7751790329385,-3.2964305709432864,1.2291361134279095
4736.185843096638,0.0,1.1779580831209235
4737.596507160336,0.6622668307012827,1.1137879876847758
4739.007171224034,2.4077329615891294,1.0877061832522987
4740.417835287733,0.7303081417521877,1.1111418813036056
4741.828499351432,1.2549858374821543,1.1056075356895816
4743.23916341513,2.255326650837974,1.081547400010726
4744.649827478829,2.2952734826412353,1.0847997229909636
4746.060491542527,2.705996937506397,1.0831602933435225
4747.471155606227,2.7101167343721286,1.0932155831595867
4748.881819669925,1.6026568952704263,1.1038613688289642
4750.292483733623,1.0566034893580625,1.1008212210222017
4751.703147797322,2.430523566357291,1.0844704604771325
4753.113811861021,2.914406599081669,1.0798875590560724
4754.52447592472,1.9735950139811624,1.0963078958408656
4755.935139988418,1.8738527135006624,1.1064573326980758
4757.345804052116,1.9986206054323432,1.102669454644172
4758.756468115815,1.0226655202572328,1.1109405401209609
4760.167132179514,1.1732692313393382,1.1137137365110432
4761.577796243212,2.060237340105541,1.1048767325991955
4762.988460306911,1.7311449095909506,1.1063951185624605
4764.39912437061,1.4554814756145067,1.1052208358840385
4765.809788434308,1.6571097866575837,1.108340192689296
4767.220452498007,1.3842274114182036,1.1141095887080275
4768.631116561705,-0.3428290843868602,1.1291425028712325
4770.0417806254045,-1.1326630699702047,1.1398703405331425
4771.452444689103,-0.8766296222996814,1.13599127529197
4772.863108752801,0.791302458234254,1.1142400386624134
4774.2737728165,0.5288895879066597,1.1138001989478343
4775.6844368801985,0.21440104316009467,1.1141978741591958
4777.095100943897,1.607804157899869,1.104444348009725
4778.505765007596,0.301950738868781,1.1121995288750368
4779.916429071294,-0.31279884559980076,1.1251875725550018
4781.3270931349925,0.23806373314629603,1.1262082044335464
4782.737757198692,0.6375428320252201,1.1212055311011608
4784.14842126239,1.0637548676986714,1.1170872737173134
4785.559085326089,0.9370097114297504,1.1177356781288972
4786.9697493897875,-0.14873863966680823,1.1319659406138092
4788.380413453486,-0.36736010087146553,1.1343959347149732
4789.791077517185,0.8660032929279282,1.1170547958419992
4791.201741580883,1.1293668558135401,1.0977324141183742
4792.6124056445815,0.08070759845502629,1.1188799576049488
4794.023069708281,1.0160208304982437,1.113679954638994
4795.433733771979,0.5888938854011574,1.1171140290254145
4796.844397835677,0.7040415636285964,1.1150106361749637
4798.255061899376,1.4685791618908173,1.0958336689680197
4799.665725963075,1.7058345672925874,1.0860001874287388
4801.076390026774,0.3856876331275103,1.0972266941035596
4802.487054090472,0.47422160427881543,1.1145918013916398
4803.89771815417,0.5209960022187019,1.1170556432912158
4805.30838221787,1.4642623598475701,1.1093331907292987
4806.719046281568,1.5249762899052293,1.1119096636285482
4808.129710345266,0.3740983674934899,1.1195846418274253
4809.540374408965,0.8424533761717328,1.1149323400285862
4810.951038472664,0.11868143996564662,1.1225372255609884
4812.361702536362,-0.114636049683428,1.1156746982849177
4813.772366600061,-1.029183582311786,1.1233140298443491
4815.183030663759,-0.4749963368218513,1.102370974776988
4816.593694727459,-0.30992651554571893,1.0921126303325939
4818.004358791157,0.3737599138734655,1.0799534731791471
4819.415022854855,-0.22157307328046905,1.0889814483624556
4820.825686918554,-2.101551262825252,1.1189480375238774
4822.236350982253,-1.241320164783554,1.115647580136122
4823.647015045952,-2.0617851418856485,1.1341930443817323
4825.05767910965,-2.2352772434101738,1.1402595180599724
4826.468343173348,-0.9806648711270647,1.1223915097544215
4827.879007237047,-0.08141819332187694,1.1141979236611317
4829.289671300746,-0.7326642020122165,1.1145783507121916
4830.700335364444,-2.3057925394300742,1.136472417041757
4832.110999428143,-1.8100580320109394,1.12801683537219
4833.5216634918415,-0.4531967416858542,1.1140905574917144
4834.93232755554,-1.0503141877874977,1.1222411848524372
4836.342991619239,-2.46890387111325,1.128770543653657
4837.753655682937,-2.901611091845842,1.1141221304572393
4839.1643197466365,-1.400585733655463,1.1112206013083075
4840.574983810335,-0.5279007053905982,1.119146701962531
4841.985647874033,-0.6461980785438524,1.1302450179957262
4843.396311937732,-2.5650948151325235,1.1324521160045802
4844.8069760014305,-0.24559552341290036,1.103309315584412
4846.217640065129,-0.7655591023845929,1.1130696672853875
4847.628304128828,-0.5893101378035723,1.1202615083915035
4849.038968192526,-0.5229308509791561,1.1352711434162737
4850.4496322562245,-1.2361825163601985,1.1348154459944049
4851.860296319924,-1.076603736004225,1.1299510483541984
4853.270960383622,-0.005462580815102314,1.1276591742423503
4854.681624447321,-0.45802506991203806,1.1299841509359125
4856.092288511019,0.3721720533597246,1.1253565628776807
4857.502952574718,0.7510400582972441,1.1244454282583178
4858.913616638417,-0.2447202558702326,1.136702986814281
4860.324280702115,-0.1310612203336987,1.1348856502220728
4861.734944765813,0.9826640954885555,1.1201987232396038
4863.145608829513,1.9835472900420843,1.1085741161273153
4864.556272893211,1.6929662866255821,1.1150116225765905
4865.966936956909,0.005462580815102314,1.1361287807792648
4867.377601020608,-0.4035937574831596,1.1388512481679867
4868.788265084307,0.2908939431410662,1.1236714903255813
4870.198929148006,-0.7945521401536961,1.1235104235854236
4871.609593211704,-0.05128651020245556,1.118434068845368
4873.020257275402,0.17850931223819444,1.1233242911576158
4874.430921339102,-0.3711582252064147,1.132248248144571
4875.8415854028,-0.9181935199008464,1.132981222902113
4877.252249466498,0.6436667282179016,1.1129983437041426
4878.662913530197,-0.17065792547798608,1.119299547003021
4880.073577593896,-0.8919251657991492,1.1374789617745436
4881.484241657594,0.18106800354805763,1.1283820440425854
4882.894905721293,-0.20334721124724808,1.132964168386354
4884.305569784991,-1.5941849910929449,1.1492760275562133
4885.7162338486905,-1.6334350688621022,1.1487232824957823
4887.126897912389,-0.022753969133475493,1.1162731334058291
4888.537561976087,1.1555961247861077,1.1077315971453643
4889.948226039786,0.5358420084916649,1.1218550275919956
4891.358890103485,2.3028643148501207,1.1046619621365636
4892.769554167183,2.7905536673042324,1.0949686603541697
4894.180218230882,1.370033180651209,1.1079117412468273
4895.59088229458,1.0388456524660992,1.107326041495205
4897.001546358279,1.1619771327795085,1.1079409021587907
4898.412210421978,2.0074282248848974,1.1042276346101139
4899.822874485676,1.4467867905368106,1.1123389488840913
4901.233538549375,0.8977016443164629,1.117496835636713
4902.6442026130735,1.356605774757874,1.1101061817600213
4904.054866676772,1.305288783969294,1.1032319374531672
4905.465530740471,0.801066509881112,1.0980046240769943
4906.876194804169,1.4080583077652147,1.0879511880789279
4908.286858867868,-0.35572505614648975,1.1096857392424102
4909.697522931567,-1.6163896967677829,1.1290594119983437
4911.108186995265,-1.4903004832006062,1.1256582414219434
4912.518851058964,-1.0113387560354354,1.1079997359753497
4913.929515122662,-0.28733778402748555,1.0966165023518077
4915.340179186361,1.3040216474835002,1.0865991596458293
4916.75084325006,1.4769681083722297,1.100026385504748
4918.161507313758,-0.21463457455789658,1.1221351585011365
4919.5721713774565,0.17558078347023098,1.1254947014979084
4920.982835441156,0.25538760467976473,1.106187603434498
4922.393499504854,0.10954973708980908,1.1176027056883335
4923.804163568553,0.7286682463142178,1.1150091818380976
4925.214827632251,1.835778403099015,1.1044799185217808
4926.62549169595,0.9179781256379069,1.111812007718118
4928.036155759649,0.5602083597830045,1.1172152530007466
4929.446819823347,1.3513460544397162,1.1070356170006361
4930.857483887045,1.0330433226631541,1.1104153444181926
4932.268147950745,-0.0022288954626521473,1.1221034316487508
4933.678812014443,-1.5174422962089462,1.1460321712119963
4935.089476078141,-1.0141900682226819,1.147981983454702
4936.50014014184,-0.7455313699504504,1.1408644361662241
4937.910804205539,-0.9300475129651726,1.1357315690109477
4939.321468269238,-0.28523054938995607,1.123906805464945
4940.732132332936,0.820188347726134,1.1138298999393557
4942.142796396634,2.3798740130260274,1.1014837671235769
4943.553460460334,3.036439162229456,1.1053694910802159
4944.964124524032,4.051884354121132,1.1016637755907586
4946.37478858773,3.3017166143703793,1.107730575797724
4947.785452651429,2.720548273286669,1.109753314345762
4949.196116715128,3.4305930811369354,1.1085376822462512
4950.606780778826,2.1900604050373946,1.1152894568326839
4952.017444842525,2.6963909587273402,1.1058777726093534
4953.428108906223,1.9066976991123,1.1011537006024696
4954.8387729699225,1.3764853751962178,1.114879549116418
4956.249437033621,0.774425964200196,1.1369138846582725
4957.660101097319,1.0874996507616768,1.1387935508020481
4959.070765161018,1.3626729541834148,1.1327864054700512
4960.4814292247165,1.4629899203348398,1.1318332143092587
4961.892093288415,2.836205357209545,1.1055602105277442
4963.302757352114,2.7396245447865777,1.1083088291945882
4964.713421415812,3.4154218679807027,1.0892178841150064
4966.1240854795105,3.1876427752704686,1.0924740498554726
4967.53474954321,0.9786010989067666,1.1339719065422238
4968.945413606908,0.7584811523136281,1.131546590197323
4970.356077670607,2.3171632059556835,1.1161729300980634
4971.7667417343055,1.940888509170696,1.117088652393053
4973.177405798004,1.6028930815137237,1.1202166433189626
4974.588069861703,2.1191768729953573,1.1125576391846383
4975.998733925401,2.246175597835135,1.0944531259297774
4977.4093979891,3.2001596766690508,1.0866056472417112
4978.820062052799,1.7943299278503577,1.100260158690908
4980.230726116497,1.8001640951232076,1.090227960728102
4981.641390180195,1.2291264322203137,1.094954818132176
4983.052054243894,1.982406984969984,1.0977245104790898
4984.462718307593,0.5504211642865364,1.1160540202972495
4985.873382371292,-0.31101854319298283,1.1320119156781776
4987.28404643499,-0.4086697026495063,1.1191902421952518
4988.694710498688,-0.04477831344854266,1.1178521591346582
4990.105374562388,-0.37256156365804927,1.1386403151953897
4991.516038626086,-1.1919178086542104,1.1497566947211992
4992.926702689785,2.004597256092472,1.1326906020379315
4994.337366753483,0.43992036312669924,1.1332382423602176
4995.748030817182,1.6664300505084562,1.120567091679954
4997.158694880881,2.473789512614326,1.1292000881086675
4998.569358944579,0.7864672094046146,1.156099051621833
4999.980023008277,-1.3229807083543417,1.1844768122770524
5001.390687071977,0.025412045259223248,1.1692197201076149
5002.801351135675,2.6170863707710996,1.1319258935374528
5004.212015199373,3.894664614436943,1.1080431516136975
5005.622679263072,1.3657537859454738,1.1300404849217325
5007.033343326771,1.6973128962383992,1.1526409523220753
5008.44400739047,0.7209994990379709,1.162326468677924
5009.854671454168,-0.049465376520132054,1.1775489330607902
5011.265335517866,1.0536331474697427,1.171739533821771
5012.6759995815655,0.03351599499067248,1.1903521557384427
5014.086663645264,-0.9932387430358833,1.1932222635318965
5015.497327708962,-0.04608173449884134,1.168986794753818
5016.907991772661,0.9336073120521249,1.1516146636851095
5018.3186558363595,1.6850095780125365,1.1307415389319002
5019.729319900058,0.17172583151773502,1.151938562581186
5021.139983963757,0.3306707075524944,1.16580829969941
5022.550648027455,1.3909596422022297,1.1644037330826478
5023.9613120911545,0.7537550900332519,1.174726900991877
5025.371976154853,-0.07520456061619107,1.1908469574542453
5026.782640218551,0.6918980115977771,1.1919088626098284
5028.19330428225,0.02211150887237956,1.205480040848498
5029.6039683459485,-0.6671734114551118,1.2030484074608179
5031.014632409648,-0.3218101189005349,1.2106606394743538
5032.425296473346,0.1944392209700041,1.2073077725960866
5033.835960537044,0.5914609043491339,1.2046968667338598
5035.2466246007425,-1.127949179897584,1.2272536828647496
5036.657288664442,-0.9835431524501388,1.2326006624533488
5038.06795272814,-0.3463327816546933,1.2229961584484919
5039.478616791839,-1.3839825822046041,1.2433134230203615
5040.889280855537,-1.1454735485840182,1.243396034121048
5042.299944919236,-0.6145316315552645,1.2265369028026596
5043.710608982935,0.5657993829734558,1.195402356313707
5045.121273046633,-0.14449880473164534,1.2039745993516786
5046.531937110332,-1.6312103906429183,1.2312992640108011
5047.942601174031,-0.9610036116014999,1.219340029999804
5049.353265237729,-0.5425491684845234,1.1964400905166612
5050.763929301427,-1.3322783884136467,1.2125109207803189
5052.174593365126,-1.3276573497289483,1.2252239009688122
5053.585257428825,-1.5837388058910733,1.2352984515683554
5054.995921492524,-0.9603980647080466,1.2312751548326064
5056.406585556222,-0.9369463061234704,1.2253326689558104
5057.81724961992,-1.4376296271360225,1.2292758565709279
5059.22791368362,-1.7234476135637582,1.2294205159173037
5060.638577747318,-1.9698771253944223,1.236383696483914
5062.049241811017,-1.4933278344032566,1.2302563502423145
5063.459905874715,-1.714538084052263,1.2223167470376066
5064.870569938414,-1.552570600820042,1.2117299627066813
5066.281234002112,-2.5436430783126145,1.2178932986007338
5067.691898065811,-3.173808944285585,1.2260041854655679
5069.102562129509,-2.1676682834479024,1.2252243694812412
5070.5132261932085,-2.3415286725183275,1.2392605864201394
5071.923890256907,-1.4220114087216356,1.2425187262461241
5073.334554320605,-0.10329182003219017,1.2236876587670311
5074.745218384304,-0.5269701625157666,1.2049985155374519
5076.155882448003,-1.1067626163336381,1.2049305227980902
5077.566546511702,-0.8470586475607007,1.2232050951671685
5078.9772105754,-1.0262731977575452,1.2371426991104015
5080.387874639098,-1.5313766801883375,1.2358092326539063
5081.7985387027975,-1.8548194617598917,1.2312988462768408
5083.209202766496,-2.6585681862677326,1.2334072209737628
5084.619866830194,-1.5106545789947763,1.214525057569407
5086.030530893893,-1.363781847952838,1.2121112116399222
5087.4411949575915,-2.340694107093997,1.2310026415871813
5088.85185902129,-1.8710634696729294,1.2476764294107785
5090.262523084989,-3.5573544008202873,1.2712360353884817
5091.673187148687,-3.9896017324229778,1.2856595369604373
5093.083851212386,-5.393738064934697,1.3067133656840824
5094.494515276085,-7.114676924451237,1.3461052840960899
5095.905179339783,-5.927715939185797,1.3180668567206384
5097.315843403482,-2.2097867255687724,1.2479490327113134
5098.72650746718,-1.132296528433578,1.2200090351482076
5100.13717153088,-1.4205182187684713,1.2366113760775914
5101.547835594578,-1.0946811598736925,1.239499007009614
5102.958499658276,-1.8318768680886688,1.2304257375222856
5104.3691637219745,-1.5645563629223123,1.2113008977691266
5105.779827785674,-1.329612541821204,1.2473104994471385
5107.190491849372,-1.7284593579032226,1.264586594362607
5108.601155913071,-2.874348718335785,1.2772917617666275
5110.011819976769,-2.58204085102518,1.2771712522301146
5111.422484040468,-2.911631736957501,1.2740626514707185
5112.833148104167,-1.9629289050092904,1.2674441153167484
5114.243812167865,-2.3764975504162145,1.2642120741839638
5115.654476231564,-3.264376166894948,1.2669252034562706
5117.065140295263,-4.221470194810352,1.2842169305701685
5118.475804358961,-4.308472229933096,1.318065869654593
5119.886468422659,-4.918821953647028,1.319918511239227
5121.297132486358,-4.771889663984342,1.2999298411614142
5122.707796550057,-4.796992619787881,1.298162019148986
5124.118460613756,-5.002592699862564,1.3292740961322356
5125.529124677454,-6.059334362600796,1.3764625393539631
5126.939788741152,-7.33442463333464,1.3807546586383679
5128.350452804852,-5.419983258591733,1.3484365971228416
5129.76111686855,-2.414757202617645,1.2759031231194178
5131.171780932249,-0.3400166516811147,1.2343638937502666
5132.582444995947,-0.077896910858815,1.2231357288608649
5133.993109059646,0.0,1.2177781735219229
5135.403773123344,0.10668068342891601,1.2226129672684263
5136.814437187043,-1.3959451180680613,1.2501722963908974
5138.225101250741,-1.174509604441651,1.2474283846245515
5139.6357653144405,-1.739154792606385,1.244370551469427
5141.046429378139,-1.3083616450637194,1.223641642601657
5142.457093441837,-1.367299196650844,1.2412979571718306
5143.867757505536,-2.166181725543483,1.2630858307927548
5145.2784215692345,-2.038799393006327,1.2590624884878723
5146.689085632934,-2.473065094406463,1.246839046089346
5148.099749696632,-2.849211486550656,1.2278351415865218
5149.51041376033,-2.7223258449417855,1.265481813759888
5150.9210778240285,-2.517359492376345,1.2550184532640811
5152.331741887728,-3.0530195064617045,1.2671686101480708
5153.742405951426,-4.538773541641113,1.2767558059030666
5155.153070015125,-4.309971399139108,1.2639089859961612
5156.5637340788235,-3.6772357729228426,1.2604720809611798
5157.974398142522,-3.8104559383629013,1.2846001559325047
5159.385062206221,-4.17616761267956,1.2982688442247492
5160.795726269919,-5.943459200676806,1.3364193306366492
5162.206390333618,-8.30893195049825,1.398529595238712
5163.617054397317,-5.639996888467955,1.3548964900272376
5165.027718461015,-0.2725394547856954,1.2403420883768963
5166.438382524714,0.0,1.1754326052166963
5167.849046588412,2.4770280023141957,1.1247606798700327
5169.259710652112,3.49823635976626,1.1116292231974445
5170.67037471581,0.9576833194431273,1.1271331946723215
5172.081038779508,0.0,1.1526045419352446
5173.491702843206,0.5708888491166597,1.1238961382567665
5174.902366906906,1.682480660668972,1.1025370360067652
5176.313030970604,2.669289957649891,1.0885457644026417
5177.723695034303,1.4192859658068713,1.1004935464253107
5179.134359098001,-0.5445818392320163,1.1300080084920092
5180.5450231617,-2.0312330449923977,1.1471796001474126
5181.955687225399,-3.1402165947565983,1.1651696391803252
5183.366351289097,-2.434838284468775,1.155930047091392
5184.777015352796,0.0,1.1164284958140906
5186.187679416495,1.956650952499288,1.0867691464339804
5187.598343480193,2.0380496731012947,1.0790312060056189
5189.009007543891,3.6491207099298215,1.0635051605957218
5190.41967160759,3.0651011829111887,1.069706222418404
5191.830335671289,0.6592675511198394,1.0971707446931553
5193.240999734988,0.2524415995573648,1.0906841176268884
5194.651663798686,2.2670170738210125,1.065926595862602
5196.062327862384,3.753512053026437,1.0450675913277685
5197.4729919260835,2.9020134435577774,1.0428022127203098
5198.883655989782,1.4645525428208437,1.0603256341225142
5200.294320053481,1.9752599736601475,1.063097271023526
5201.704984117179,0.3132772480563766,1.084819628933968
5203.1156481808775,-1.2024810837991033,1.1067241568311998
5204.526312244576,-2.454498049858259,1.120609964787107
5205.936976308275,-2.0293600714501707,1.1220079568437336
5207.347640371973,-2.018094589620322,1.124845110524255
5208.7583044356725,-1.4561950071738288,1.1116770526316841
5210.168968499371,0.04795663210108714,1.087816324006971
5211.579632563069,1.742219061963663,1.0732285007493907
5212.990296626768,1.926118746050637,1.0678626026627416
5214.4009606904665,1.8601467290685605,1.0689283217709264
5215.811624754166,2.787596730948824,1.0625266292614444
5217.222288817864,2.8349576723760315,1.061653660743507
5218.632952881562,1.2841736572370515,1.068782507149466
5220.0436169452605,3.421561890187359,1.0562499803674608
5221.45428100896,4.918122802895468,1.0392111169034701
5222.864945072658,3.4690386518183125,1.0524705830366665
5224.275609136357,1.487167296165758,1.0728369503600896
5225.686273200055,0.7615112355441624,1.085695901471946
5227.096937263754,3.178168102154384,1.058727817602346
5228.507601327453,2.9190240672671806,1.0610082176868065
5229.918265391151,1.4952671912603286,1.0717730959022171
5231.32892945485,0.11526904405556238,1.0832787790495115
5232.739593518549,2.5937239712954465,1.0665217565132492
5234.150257582247,2.6077289442262703,1.0580382430903523
5235.560921645946,2.755724877727701,1.0579691931895365
5236.971585709644,3.002315436042487,1.0478749765886683
5238.382249773344,2.8271171348724877,1.0463440153641628
5239.792913837042,3.7521046641104654,1.0454107995801791
5241.20357790074,2.337722580498923,1.0540386240631663
5242.614241964438,2.899787709561192,1.0526108777654757
5244.024906028138,2.7635667409930953,1.0582800142132327
5245.435570091836,0.24852386110226377,1.0802399765425346
5246.846234155535,1.2753769256729797,1.0738684422333205
5248.256898219233,3.244874982675004,1.051955079777847
5249.667562282932,4.19671894202839,1.0479195585576582
5251.078226346631,2.416090929927215,1.0636663597027303
5252.488890410329,0.4705569093073265,1.0755729049252172
5253.899554474028,2.5255715711954494,1.056760456650698
5255.3102185377265,3.5743215198318943,1.0453087852512335
5256.720882601425,2.1123930218530447,1.0558276723200628
5258.131546665123,0.9109757129885985,1.0655733007620272
5259.542210728822,1.4970824313373718,1.0531136731768174
5260.952874792521,2.170101044778228,1.0553921707274758
5262.36353885622,0.22506605071136931,1.0876893911607222
5263.774202919918,-2.940979674756459,1.1166981867476766
5265.184866983616,-0.8953841416792905,1.0976273651585666
5266.5955310473155,0.13018139851851274,1.0854455098103435
5268.006195111014,-1.265455638473668,1.1025420754574695
5269.416859174713,-0.7958680848074771,1.1019996705036965
5270.827523238411,0.0,1.085983501989283
5272.2381873021095,1.7640190908979498,1.0666328162615955
5273.648851365808,2.2952940709753804,1.0639012157808982
5275.059515429507,1.7958340011142546,1.0631271939607363
5276.470179493205,2.786166275755143,1.0612785815261518
5277.880843556904,1.3349344373349794,1.0703722801712792
5279.291507620603,1.6802072854154382,1.0715775425232774
5280.702171684301,1.6911028560248482,1.0762254380895522
5282.112835748,-0.03298540871308475,1.0884080491553427
5283.5234998116985,1.7252978018765752,1.0742716841123232
5284.934163875398,3.230487292381518,1.0519368730350909
5286.344827939096,2.3089146621137893,1.0636269240689793
5287.755492002794,1.6069448335461338,1.06649744194107
5289.1661560664925,2.4522601515743006,1.0550166909346468
5290.576820130192,4.252517637111868,1.0405795311008985
5291.98748419389,2.733006627278332,1.060797862130345
5293.398148257589,0.8419558065027992,1.077066216111833
5294.808812321287,1.0938877621832752,1.0823450824328325
5296.219476384986,0.7754580414958134,1.0791902394423363
5297.630140448685,1.494605898924494,1.0674391457559413
5299.040804512383,1.4286128409020336,1.0682861791135807
5300.451468576082,2.1729576640234143,1.0566722933375794
5301.862132639781,2.359006384424532,1.0631709409635806
5303.272796703479,0.967866778854301,1.0710384090423102
5304.683460767178,1.2112007648952492,1.0711814233835255
5306.094124830876,0.10665349712730432,1.0815740919400874
5307.5047888945755,0.9221964695636302,1.0730158210924212
5308.915452958274,1.9866020877285884,1.0621709239385717
5310.326117021972,3.1789218049862384,1.056771923465391
5311.73678108567,0.925431529420667,1.0787843212366295
5313.14744514937,-0.6550117446901425,1.0980913620738528
5314.558109213068,0.7582399296983624,1.0818364824070124
5315.968773276767,2.8240330978893944,1.056785225900585
5317.379437340465,2.5647486013756726,1.0589973638517927
5318.790101404164,-0.37323108525306026,1.0915215221413328
5320.200765467863,-0.26298507194146836,1.090866749709483
5321.611429531561,2.1404841878411673,1.0767221249467278
5323.02209359526,1.7038698560437417,1.071015419005804
5324.4327576589585,-0.1292827218509487,1.0947761746193003
5325.843421722657,-1.9079614639606852,1.1112462674122836
5327.254085786355,-1.9795421407373546,1.1221062965165942
5328.664749850054,0.30946427308766644,1.0880894856516192
5330.0754139137525,1.0671441170344202,1.0756332871092935
5331.486077977452,0.16785609523588008,1.0767166549892004
5332.89674204115,0.12473638973178325,1.0893866662434446
5334.307406104848,0.16633463864359044,1.092750599804545
5335.7180701685475,-0.020409881288873777,1.0911332685639423
5337.128734232246,0.018821540033961526,1.0932918447040123
5338.539398295945,-0.9927819381351242,1.1073958448269257
5339.950062359643,-2.0362370451572396,1.1208826869374493
5341.3607264233415,-0.9081039521136276,1.0986889425561674
5342.77139048704,1.6487994014213143,1.0714854898765689
5344.182054550739,0.3246857335207842,1.087383936929581
5345.592718614437,-2.3897181315607128,1.1090668252529985
5347.003382678136,-0.06582997697152493,1.0963059167713065
5348.414046741835,1.4938624320581013,1.0793769498714618
5349.824710805533,1.1722151572896173,1.0725512223368312
5351.235374869232,0.16768476732162085,1.0891852868265186
5352.64603893293,-0.1589445509031968,1.0981376422367728
5354.05670299663,0.8811051803567658,1.095413675966109
5355.467367060328,1.505481795928091,1.086824535834681
5356.878031124026,0.015825734712301198,1.1011145359411103
5358.288695187724,-0.10223745732831802,1.1070832147310574
5359.699359251424,-0.9291312664330178,1.1049577663492298
5361.110023315122,-0.6000780476593306,1.0990481420857676
5362.520687378821,2.2812317760274503,1.0805172129810172
5363.931351442519,1.2871874550462934,1.0939699900117896
5365.342015506218,0.3419850442264689,1.1078972082987417
5366.752679569917,1.1180017035991021,1.0924483661450006
5368.163343633615,1.622355435684387,1.0935461967489122
5369.574007697314,0.20677520660654736,1.1196420534893072
5370.984671761013,-0.7010565447857147,1.1350987155996901
5372.395335824711,2.2016027804684306,1.101170188893308
5373.80599988841,0.6030205154655484,1.111279240284285
5375.216663952108,0.09948585459677162,1.114015574091039
5376.6273280158075,1.0033454595765186,1.101094512214894
5378.037992079506,2.2443229155822486,1.093553964392936
5379.448656143204,1.5853680482014845,1.1051674053882115
5380.859320206902,-0.16029882930273587,1.1294400924880643
5382.2699842706015,-0.4904465826939095,1.1358558169599524
5383.6806483343,0.2129404692497765,1.131116960299922
5385.091312397999,0.0,1.1286480840394588
5386.501976461697,0.0,1.1294228280919865
5387.912640525396,-0.5407380063024867,1.1395212341510577
5389.323304589095,-0.6225149543797421,1.1341886995664634
5390.733968652793,-0.18354023819352605,1.139448442396576
5392.144632716492,-1.495673058542529,1.153162918959316
5393.5552967801905,-1.644424829792218,1.1572739192644916
5394.965960843889,-0.8943444935010483,1.1557531759419635
5396.376624907587,-1.623370760231932,1.15911300672369
5397.787288971286,-2.098866907618877,1.1609656751220925
5399.1979530349845,-0.1742112639346125,1.1456642678184514
5400.608617098684,-1.495956234365618,1.1493749708481595
5402.019281162382,-2.248361415029489,1.1532151598662566
5403.42994522608,-1.642043871154808,1.1522562934991947
5404.840609289779,-1.9163054991293365,1.1679784728902853
5406.251273353478,-2.8388052458097004,1.1897726264248867
5407.661937417177,-3.487658454796799,1.199834249111975
5409.072601480875,-1.4263177087459837,1.1755423489505195
5410.483265544573,-0.36763148709106375,1.0454607538997724
5411.893929608272,-1.4534615249577634,1.045286303649232
5413.304593671971,-1.3827672646695603,1.067274778347435
5414.715257735669,-0.2104279446510091,1.1512512745882206
5416.125921799368,0.45785163080478597,1.1450366816264717
5417.536585863067,-1.097091574779565,1.168783251164358
5418.947249926765,-2.4735000821676127,1.1796874830984234
5420.357913990464,-0.6242434881935282,1.1626768750719716
5421.768578054162,-1.521825687967251,1.1576455160770955
5423.179242117862,-3.4741609031975607,1.184622429351323
5424.58990618156,-1.234150256656168,1.1738156264584723
5426.000570245258,-2.283903320391799,1.1814630541336575
5427.411234308956,-4.137929118131661,1.2056327047504138
5428.821898372656,-4.5109672151012,1.2119068416746774
5430.232562436354,-3.9917940541754007,1.2083014621235026
5431.643226500053,-4.080222950759632,1.2039311214791932
5433.053890563751,-3.785230279880178,1.2047541218013114
5434.46455462745,-2.9898425386196354,1.1893050689080646
5435.875218691149,-2.6638165801179365,1.1740746503583592
5437.285882754847,-2.378011453004822,1.1675343057836705
5438.696546818546,-1.5139486501527593,1.1677012164135996
5440.1072108822445,-1.6610080736223463,1.1785218906985415
5441.517874945943,-2.7074639393795845,1.1939279435697063
5442.928539009642,-3.886211646405206,1.2173359104222912
5444.33920307334,-6.1536051088796295,1.2468993899335599
5445.749867137039,-5.406216666251115,1.2342867509655728
5447.160531200738,-2.5493200693853044,1.1941322338244214
5448.571195264436,-1.5798784828495425,1.1734009149933946
5449.981859328134,-2.391853103551558,1.171869751661299
5451.3925233918335,-3.1132265977327123,1.1731623297886193
5452.803187455532,-0.6565754898806802,1.149876084511413
5454.213851519231,-1.347483349773082,1.1755709125224052
5455.624515582929,-1.8789899930557503,1.1840829964989383
5457.0351796466275,-2.296281339720906,1.1630442901983864
5458.445843710327,-1.8773666204861605,1.0111400408130664
5459.856507774025,-2.2190830335118683,0.9991685419450513
5461.267171837724,-3.604985086421525,1.039321262563453
5462.677835901422,-2.046584062463568,1.1006949091146991
5464.088499965121,-3.3916076692554338,1.1645248915724067
5465.499164028819,-6.0498219176534604,1.2333855686729012
5466.909828092518,-5.902170179725083,1.2376928422003124
5468.3204921562165,-5.53607661920854,1.2247396022530532
5469.731156219916,0.10656556820142171,1.1623170745476177
5471.141820283614,1.0510242699297585,1.14337604231832
5472.552484347312,0.8798574256279501,1.1521373695906243
5473.963148411011,0.04779020532448186,1.1541098075196214
5475.37381247471,-0.4326495851718768,1.1565455048208524
5476.784476538409,-1.4905155260304284,1.158206400040267
5478.195140602107,0.2952633208598492,1.1418452810366801
5479.605804665805,2.555088731876033,1.1270887317019327
5481.016468729504,1.5176959222001472,1.136222643300685
5482.427132793203,-0.2955955859934285,1.1531357249199508
5483.837796856901,-0.5111315235736669,1.1609357976769028
5485.2484609206,-0.8517003334837163,1.174844158614877
5486.659124984299,-1.8697971762774905,1.1863801713773074
5488.069789047997,-1.7500367383154956,1.1865252811016078
5489.480453111696,-1.9823914449238664,1.1788983422939179
5490.891117175394,-3.0859719274697905,1.1869701795382845
5492.3017812390935,-0.9476470184140808,1.1741651967408053
5493.712445302792,-0.5744769811116299,1.1707644722844064
5495.12310936649,-3.01405223312997,1.2094426168357975
5496.533773430188,-4.938383142362545,1.234139987811419
5497.944437493888,-5.900184259715916,1.2466100722673248
5499.355101557586,-6.091071580858772,1.2471689111218829
5500.765765621285,-2.9543527792233757,1.2033317940860826
5502.176429684983,0.9712134811606106,1.1525866988670632
5503.587093748682,1.540792212168835,1.145575006619694
5504.997757812381,1.0946934751216268,1.1439681403252542
5506.408421876079,4.598322563865331,1.1120231056699759
5507.819085939778,4.803344622268575,1.1065040712264305
5509.2297500034765,2.05956646677307,1.13819335340133
5510.640414067175,1.06027528984783,1.152327184170066
5512.051078130873,0.9894142007550499,1.1530711165965157
5513.461742194572,1.6884396452392743,1.1332473998671668
5514.8724062582705,1.8408692678805565,1.1277640662848696
5516.28307032197,3.0481735272970454,1.1202110529555018
5517.693734385668,1.2524958623438245,1.1201556498146996
5519.104398449366,-0.9364946234676204,1.0669124024109333
5520.5150625130655,0.37259908048567425,1.0810355668262832
5521.925726576764,0.21330400668779959,1.1550438755495656
5523.336390640463,-0.6733421258582659,1.179593271811377
5524.747054704161,-0.3338566650783754,1.1733103847500586
5526.1577187678595,-1.468326568885125,1.1896562292151731
5527.568382831559,-2.228452467182633,1.2055343793279518
5528.979046895257,-1.4190088585008596,1.1866188458276308
5530.389710958956,-1.5275559653773456,1.1854798305425225
5531.800375022654,-1.3474823794598496,1.1834968710458742
5533.211039086353,-1.9221988495876214,1.184819516757407
5534.621703150051,-2.510972107079395,1.2007579192882947
5536.03236721375,-4.504681319550768,1.2349885942159868
5537.443031277448,-8.310007066525262,1.286782321714424
5538.853695341148,-6.676144276796645,1.2579815522465514
5540.264359404846,-0.027700426542473622,1.1525621015107483
5541.675023468544,3.6097903581462987,1.1109188185171184
5543.085687532243,2.636105631125311,1.1119419641334871
5544.496351595942,3.3135260526698573,1.1094735191946128
5545.907015659641,1.6465683735924728,1.1240172981790257
5547.317679723339,1.5163727345821876,1.1248901445073327
5548.728343787037,1.8992841517412131,1.1227898290375102
5550.139007850736,1.8179315258816509,1.1256763610308718
5551.549671914435,2.500905048995655,1.1181468917105502
5552.960335978133,1.5084560934521036,1.1229250643880042
5554.371000041832,0.802684526658993,1.1425064916617154
5555.781664105531,1.5623783538969889,1.1303108672954472
5557.192328169229,0.8720600441717323,1.142450807728017
5558.602992232928,-0.5310410288099305,1.1566088312859413
5560.013656296626,0.6071739614251044,1.1452688473526853
5561.4243203603255,0.3133222363876449,1.1438604584053191
5562.834984424024,-1.0637472378691122,1.1499540644676869
5564.245648487722,-3.0140946511624005,1.1681044080691663
5565.65631255142,-2.8786882136021514,1.1756182416668248
5567.0669766151195,-1.5391624843377016,1.1598720492196437
5568.477640678818,-2.4512532899720405,1.1644257237012137
5569.888304742517,-4.1395381245553775,1.1854395919183385
5571.298968806215,-3.450935466716256,1.175177130863745
5572.709632869914,-2.7843296631689274,1.1117778789086799
5574.120296933613,-1.7377657519548109,0.8801666855591447
5575.530960997311,-3.0437455353337413,0.5920785194511653
5576.94162506101,-11.616112108848599,0.491900450929015
5578.3522891247085,-12.239271081225677,0.5605370539983198
5579.762953188407,-8.194201853208787,0.8954792438419017
5581.173617252105,-10.032887796019875,1.1444899549942031
5582.584281315804,-11.891495654370814,1.196888930893499
5583.9949453795025,-6.413564932833829,1.2327919809609253
5585.405609443202,1.1527674254596967,1.1204060974764702
5586.8162735069,3.684923445488984,1.0863305781208519
5588.226937570598,3.688035196743563,1.0764628662673992
5589.637601634297,4.757721625912303,1.0610464931626165
5591.048265697996,4.769556116455355,1.0649697759350567
5592.458929761695,4.2149084815788775,1.0777698484455562
5593.869593825393,4.296254118942944,1.075379250568953
5595.280257889091,4.783415649079718,1.0661738108275163
5596.690921952791,4.274827471538213,1.0666410582500645
5598.101586016489,3.148265876571802,1.0724389450440277
5599.512250080188,3.5599700664401013,1.0693127541825636
5600.922914143886,3.140667859776361,1.04229533454686
5602.333578207585,2.01639437552776,0.9899167044400502
5603.744242271283,2.371286843532179,1.0116332589460664
5605.154906334982,2.6886254579611233,1.0664953809672855
5606.56557039868,2.1612326003504165,1.0762631005866345
5607.97623446238,1.9636964363811131,1.0805260642253673
5609.386898526078,0.7111859691550144,1.087860362699616
5610.797562589776,-0.40942033730559757,1.0943674019026188
5612.208226653475,0.18279096847950882,1.0888885749347224
5613.618890717174,-1.3843869126799184,1.0986756395646124
5615.029554780873,-3.5159827079727464,1.125372998982298
5616.440218844571,-4.427954979264875,1.1307768296404344
5617.850882908269,-4.365245287415309,1.1277542746474711
5619.261546971968,-4.192101695798808,1.1276114423585155
5620.672211035667,-4.193431142034118,1.128586272176111
5622.082875099365,-4.133579638334229,1.124337963896195
5623.493539163064,-4.266470219490952,1.1217682369190718
5624.904203226763,-5.087497518646455,1.1285865010514582
5626.314867290461,-6.168688110245263,1.1459452466148705
5627.72553135416,-6.141765730802632,1.1541298685735797
5629.136195417858,-6.827831738826159,1.1594636520876334
5630.5468594815575,-10.656285392765009,1.2127634243803287
5631.957523545256,-14.522376201335017,1.2449094039372068
5633.368187608954,-12.870005569459371,1.2252760967442133
5634.778851672652,-3.6910405033847944,1.117141066735152
5636.1895157363515,0.09601529854444735,1.015964370178777
5637.60017980005,3.1273272286101452,0.9824764242882688
5639.010843863749,2.0298822718686047,0.9754573551983811
5640.421507927447,2.9721149682923134,0.9652218669877919
5641.8321719911455,4.2029887688557785,0.960312226011097
5643.242836054845,2.712789482177257,0.9681830211815992
5644.653500118543,4.164831661926058,0.9611187047930784
5646.064164182242,2.7256698384139355,0.9712633780569072
5647.47482824594,2.2447466211002265,0.9702806323503154
5648.885492309639,4.049793567038925,0.9628086653066281
5650.296156373337,3.6498157122473813,0.9629201065568305
5651.706820437036,2.1752967229611073,0.9725822643213069
5653.1174845007345,3.150809973455665,0.9649604443754785
5654.528148564434,2.321334311463289,0.9680190669107197
5655.938812628132,2.4402539276271327,0.9653030775210668
5657.34947669183,3.9837947118055794,0.9570869013051474
5658.760140755529,4.460460311626022,0.9548330193315908
5660.170804819228,3.770567154577236,0.9592924256495994
5661.581468882927,2.9504326731884305,0.968424870085067
5662.992132946625,0.24039019548244056,0.9816828302405608
5664.402797010323,1.1234017273951054,0.9758013711418245
5665.813461074023,3.8056460710100737,0.9565661154648191
5667.224125137721,3.1820933961018056,0.957633198262669
5668.63478920142,2.653072519208912,0.9607103536592826
5670.045453265118,1.6790615120241341,0.9656473502423643
5671.456117328817,2.640446874836826,0.9513412915496895
5672.866781392515,2.6124737956581185,0.9498356484832073
5674.277445456214,1.2960121002803788,0.9601658013338906
5675.688109519912,4.073490893291705,0.9497576675026626
5677.098773583612,4.118877900880385,0.9499664794111969
5678.50943764731,3.020022352315806,0.9535162200898056
5679.920101711008,1.8954027880672726,0.9568164531899709
5681.330765774707,0.6594014066060154,0.9517343345795101
5682.741429838406,2.1869922381372433,0.9335063252079389
5684.152093902105,3.181293291077523,0.9304152031540475
5685.562757965803,2.5297207722352084,0.9358930770189111
5686.973422029501,1.9402049974153357,0.93663648522447
5688.3840860932,2.65985494035197,0.9323224089340246
5689.794750156899,3.2623878557166393,0.9290976072658729
5691.205414220597,3.6866926077428204,0.9261825247682246
5692.616078284296,2.311930961366201,0.9386826083088441
5694.0267423479945,1.4436225617313525,0.9524502920918704
5695.437406411693,2.22783029089274,0.9547256919693647
5696.848070475392,3.1866646756072896,0.9485106805642246
5698.25873453909,4.225883258302964,0.9467781280822184
5699.669398602789,1.4306864862001447,0.9623193296726054
5701.080062666488,0.8413573822485603,0.9705491170390887
5702.490726730186,0.7967483772891839,0.9723279651854526
5703.901390793884,1.7733067636464526,0.9674635805031424
5705.3120548575835,3.2989648537516274,0.9593017110931052
5706.722718921282,4.017928699309088,0.9541290533171731
5708.133382984981,1.8545602635515834,0.9691246362004345
5709.544047048679,-0.31278679664092124,0.9811560147849244
5710.9547111123775,1.2802896981242498,0.9704371487455337
5712.365375176077,2.1916774251939373,0.9607448513010517
5713.776039239775,2.417753153396106,0.958357157814504
5715.186703303474,3.0801820821833985,0.9610898168782624
5716.597367367172,2.2586410540374544,0.9592690729234377
5718.008031430871,2.0686942146261487,0.9719806596692413
5719.418695494569,2.3116597548122257,0.9628015273512238
5720.829359558268,1.9635570776658255,0.9714973080473996
5722.240023621966,1.0703241062924462,0.9742978888966664
5723.650687685666,0.33373922476938844,0.9777179133363649
5725.061351749364,1.7481783918549638,0.969159793971689
5726.472015813062,1.8307648627888042,0.9685922172667167
5727.882679876761,0.029250902055785843,0.9768589732214876
5729.29334394046,-0.9654481023256665,0.9837627576848588
5730.704008004159,-0.3753254736842777,0.983779147236989
5732.114672067857,1.572721042142419,0.9689969839234435
5733.525336131555,2.9002898226560845,0.9536296831201679
5734.936000195255,2.3108471632360192,0.9523724041757762
5736.346664258953,0.9128103029021304,0.9656321167082668
5737.757328322652,1.4807346965076675,0.9685121076897688
5739.16799238635,2.895695059088638,0.9608243551961163
5740.578656450049,1.0499503664216832,0.9689979510735598
5741.989320513747,0.8342004577419928,0.9723695754416537
5743.399984577446,1.4863636864351406,0.9701952710651187
5744.810648641144,1.2821008169645864,0.970633409371992
5746.2213127048435,-0.2528440404409338,0.9865562876278196
5747.631976768542,-0.6957400733540382,0.9866123110683233
5749.04264083224,1.2846884482562118,0.9658551222435053
5750.453304895939,1.657235213041929,0.9651623249611618
5751.8639689596375,0.837713100642091,0.9782237153097919
5753.274633023337,-1.033738266457771,0.993995725939356
5754.685297087035,-2.1319769789540004,0.9998079122660906
5756.095961150733,0.21682759824846443,0.9847248420277787
5757.506625214432,2.8201095657464776,0.9659251816790231
5758.917289278131,2.3874637199008575,0.96531894092962
5760.327953341829,-0.1699020853667932,0.9820148998500332
5761.738617405528,-0.9062987671567448,0.9840038840897148
5763.1492814692265,0.4307511170962286,0.9765426454652438
5764.559945532925,0.46741498310134943,0.9665804080251271
5765.970609596624,1.5049167194064097,0.9548535067766107
5767.381273660322,0.14783696573480398,0.9607931305823714
5768.791937724021,-1.125794391389789,0.9627808017244266
5770.20260178772,-0.4284397839446257,0.9611584314485703
5771.613265851418,-1.2811488900516927,0.9824495065707729
5773.023929915116,-1.0513289294123283,0.9904623102424323
5774.434593978815,0.3039788961995811,0.984700009975702
5775.845258042514,-0.449748415278993,0.9860136450119674
5777.255922106213,-0.3874184218823409,0.9865342070871097
5778.666586169911,1.3747069875175697,0.973739502415547
5780.077250233609,1.2350923382685366,0.9692124604507999
5781.487914297309,0.6456489672770793,0.9774293218127338
5782.898578361007,0.8783767172383428,0.9773882431502391
5784.309242424706,0.539434482664678,0.9765125296596067
5785.719906488404,-0.04369301027688621,0.8917112841786172
5787.130570552103,1.8742501462223977,0.8950072441424615
5788.541234615801,-0.41775152756215306,0.9697952951506772
5789.9518986795,-0.8227515699451473,0.9705839857011279
5791.362562743198,-0.7283987134368992,0.9712424455833014
5792.773226806898,-0.4236532532634172,0.978656870404962
5794.183890870596,-0.12985503766840978,0.9820813766602726
5795.594554934294,-0.7389903786776593,0.9832188487584375
5797.005218997993,-0.3590415637704396,0.983698869304951
5798.415883061692,0.01887337836561187,0.987395731409111
5799.826547125391,-1.0056748513878908,0.9965067708770069
5801.237211189089,-0.4882146309166018,0.9921871499937835
5802.647875252787,1.0750475020712074,0.9745782798386635
5804.0585393164865,-0.8765228252676778,0.999748795754696
5805.469203380185,-1.4331118898558337,0.9930857271495813
5806.879867443883,0.8593024237258078,0.9928193112416974
5808.290531507582,1.4941910046762175,0.9787558672373915
5809.701195571281,-0.9030803378905929,0.9940594088197167
5811.111859634979,0.06661110791377922,0.990248192951388
5812.522523698678,0.6695449136501637,0.9866543330186334
5813.933187762376,-1.2611079833126695,1.003667852263106
5815.3438518260755,-1.9208951048192944,1.008603781832891
5816.754515889774,-0.33020290988458,0.9884857276993061
5818.165179953472,0.750222884638454,0.9693008634797196
5819.575844017171,0.1459264305238328,0.9759263102450327
5820.9865080808695,-1.0687282583535094,0.9957835911133338
5822.397172144569,-1.2403453332263297,0.998257182821546
5823.807836208267,-0.03792650671040221,0.985365310111463
5825.218500271965,1.6412917796132653,0.9720004716653738
5826.6291643356635,2.665884689184349,0.9648268549850092
5828.039828399363,0.8765228252676778,0.9724914733368001
5829.450492463061,-0.08638265800177791,0.9874613326649624
5830.86115652676,0.0,0.9768813174879766
5832.271820590458,-0.20573893674316324,0.980797741490146
5833.682484654157,1.39510269111992,0.9699154282787219
5835.093148717856,0.8212689433950686,0.97959645901086
5836.503812781554,-1.2797216966668437,0.99491009977288
5837.914476845253,-2.6040711020202885,1.0062926883354262
5839.325140908952,-1.4301119261490882,1.0041126236361044
5840.73580497265,0.6875929472020132,0.9943274781899343
5842.146469036348,0.6409965720816047,0.9923706349574759
5843.557133100047,0.017564343501760504,0.9933946898699402
5844.967797163746,1.7527424083674106,0.9860304330035582
5846.378461227445,1.4472510449078442,0.987625100352538
5847.789125291143,-0.08475977239656629,1.0000863158771152
5849.199789354841,-0.09801202755389227,0.9999275382553484
5850.610453418541,0.4244049293897767,0.9955982000620193
5852.021117482239,-0.38674628439881076,1.0022803086501306
5853.431781545938,-1.2031029463675047,1.0042353854796315
5854.842445609636,-0.8696327573587297,1.0069706035498762
5856.253109673335,-0.26914431889882096,1.0090470147547377
5857.663773737033,-1.8924022030835204,1.0157796045615934
5859.074437800732,-0.9642656222050157,1.00363348975197
5860.48510186443,-0.6618807323740938,0.9998122228727575
5861.89576592813,-0.39990562373852256,1.00434490517104
5863.306429991828,-0.08243578904908588,1.002003813979994
5864.717094055526,0.5351183810518236,0.9905758142340517
5866.127758119225,1.7025760213215548,0.9780150628308567
5867.538422182924,-1.135861592825787,0.9946519245178816
5868.949086246623,-1.7797437635800186,1.0109045455894494
5870.359750310321,-2.301409534354253,1.0201024661600764
5871.770414374019,-2.943285954188177,1.03360693600346
5873.181078437718,-1.861465715579854,1.0283162903877727
5874.591742501417,0.8696327573587297,1.0161164763987438
5876.002406565115,0.3674809284155103,1.0244419135353569
5877.413070628814,-3.4497226861132226,1.0532279396392132
5878.8237346925125,-4.357885692229516,1.062345342001246
5880.234398756211,-2.8567655809364148,1.0504043957607663
5881.64506281991,-2.341536085994118,1.0487028156574518
5883.055726883608,-3.953353885328731,1.0572321280048973
5884.466390947307,-3.661115615487944,1.0521344764116387
5885.877055011006,-3.7415330905484367,1.0217966875878715
5887.287719074704,-6.672899569446123,0.9520466207131708
5888.698383138403,-8.463034344707843,0.8368467208772007
5890.1090472021015,-6.976226780012841,0.808857841287642
5891.519711265801,-4.805136767780784,0.9360315311857437
5892.930375329499,-5.244267516149048,1.0046507259547393
5894.341039393197,-6.704312297151112,0.9168490451665519
5895.7517034568955,-6.845579757770551,0.8509554762058141
5897.162367520595,-4.905662292039533,0.9279118136701278
5898.573031584293,-2.6497639894123104,1.0505113621597215
5899.983695647992,-3.5585044524912597,1.0723373484578058
5901.39435971169,-5.4052435185125915,1.0789156097493837
5902.805023775389,-2.423579687803045,1.0554136579737554
5904.215687839088,0.16663588673208096,1.0341118086040237
5905.626351902786,-0.6771508642845525,1.0469620279978453
5907.037015966485,-0.3764607400708613,1.0506427075046316
5908.447680030184,0.4012385360598003,1.05039749273163
5909.858344093882,-0.7229105752331968,1.0599292546841685
5911.26900815758,-1.4758224012671626,1.0649854124461307
5912.679672221279,-0.6901880766288322,1.056993152770132
5914.090336284978,-0.5848308002844327,1.0444685942037704
5915.501000348677,-0.984463222065429,1.0472604771562493
5916.911664412375,-2.094010011554918,1.0720178743082256
5918.322328476073,-3.5111079001818553,1.0966373723191354
5919.732992539773,-3.0779648678701896,1.0970578428928603
5921.143656603471,-3.0585744544724847,1.0900249369188637
5922.55432066717,-1.809716958615443,1.0749012353802883
5923.964984730868,-0.5344405078425716,1.0659462567395355
5925.375648794567,-1.0638025221432024,1.0761886442060677
5926.786312858265,-0.7006840593704986,1.0780458235763142
5928.196976921964,0.5540196044387002,1.0730004364150714
5929.607640985662,0.46976643518451056,1.0696369332192128
5931.0183050493615,-0.5361627614408278,1.0698838524045282
5932.42896911306,-2.328998750627843,1.0672179119164336
5933.839633176758,0.9851109473236122,1.0507715569761549
5935.250297240457,3.138598196102965,1.0506812833627508
5936.6609613041555,0.4747843194258152,1.082558293222239
5938.071625367855,-2.2534136149265684,1.1054831378601067
5939.482289431553,-0.3481513266357936,1.0990843329222284
5940.892953495251,-0.9322180808269032,1.102111612173332
5942.30361755895,-0.7085679413524808,1.1041944201231344
5943.714281622649,-0.6043805073168897,1.1007693793530637
5945.124945686347,-0.8197927997644641,1.102857924574361
5946.535609750046,-1.6443436498906117,1.1113511761712962
5947.9462738137445,-2.3512301966118265,1.121046067937827
5949.356937877443,-0.7987888522270659,1.1159878468989182
5950.767601941142,-1.8176503866592348,1.121336531478167
5952.17826600484,-2.888396408723782,1.1139374459497349
5953.588930068539,-3.468284429514153,1.1200086317101228
5954.999594132238,-5.514408749274814,1.1454840167305267
5956.410258195936,-5.636499905166875,1.1591121229893977
5957.820922259635,-1.4096908278032103,1.132776944674606
5959.231586323333,0.4492710056365148,1.1145835290849124
5960.642250387033,0.2590284478430611,1.1151819834114667
5962.052914450731,1.3390315966586464,1.1074239847754788
5963.463578514429,2.579725551643982,1.1011398332939293
5964.874242578127,2.2640561540617945,1.109549281514904
5966.284906641827,1.1375220874771799,1.12077775847862
5967.695570705525,-0.10850339082287874,1.1267585383222136
5969.106234769224,-0.8851131947868645,1.1286485274315334
5970.516898832922,-0.6761523741812674,1.1198980786558699
5971.927562896621,0.2281306577598059,1.113593135614321
5973.33822696032,0.9360779252792604,1.115307704757767
5974.748891024018,0.2422079558498531,1.1211967642617269
5976.159555087717,-0.5332969742447773,1.1233143595998625
5977.570219151416,0.25367836079452033,1.1204171116978408
5978.980883215114,1.4874417007736938,1.118143089645666
5980.391547278812,0.3665985596178736,1.1319218954429264
5981.802211342511,0.23073460130878942,1.1342058934231871
5983.21287540621,-0.1359922467135135,1.1362003619887404
5984.623539469909,-0.9960346636256254,1.1429520942518023
5986.034203533607,-1.8444150255716174,1.1494691866945017
5987.444867597305,-2.1749558237625912,1.156663441033506
5988.8555316610045,-1.6099150050639288,1.1487171052447618
5990.266195724703,1.3821756222678303,1.1265196305925413
5991.676859788402,-0.45896911572109644,1.1377290541290788
5993.0875238521,-1.2490438015408536,1.1529636074549685
5994.498187915799,-1.1920435289679574,1.1553279676172703
5995.908851979497,-2.102934964500985,1.1569279191016104
5997.319516043196,-2.2364360226260516,1.1605470577176757
5998.730180106894,-5.779831761932975,1.1767491989385956
6000.1408441705935,-6.8078539758950996,1.1433336574203377
6001.551508234292,-7.506463534977918,1.1476877258840845
6002.96217229799,-6.746197885796363,1.1440896920389534
6004.372836361689,-2.593049651015402,1.1526025875518424
6005.7835004253875,2.085313583364723,1.1156370610936506
6007.194164489087,2.701342652819214,1.1143153015882032
6008.604828552785,1.8119149698593766,1.1206894008911723
6010.015492616483,1.2179506936300477,1.1256537630619552
6011.4261566801815,1.4725973611497487,1.1245079341118618
6012.836820743881,1.7255410867364205,1.1261778976872034
6014.247484807579,2.3358184819729964,1.1202105809662113
6015.658148871278,2.973417984392821,1.1145921559727874
6017.068812934976,0.9453715014986521,1.128216263590841
6018.479476998675,-0.7306075678787245,1.143295655281655
6019.890141062374,0.5171047239236835,1.1339353019237892
6021.300805126072,1.7047038582369218,1.1238394515873538
6022.711469189771,1.0281313309328972,1.1278881011485384
6024.12213325347,0.0,1.138191150672927
6025.532797317168,-0.6574611962658352,1.1416046451419863
6026.943461380867,0.542238013318741,1.130144217580614
6028.354125444565,3.3062266826829365,1.1068108812528397
6029.764789508265,3.611542064057282,1.1017277410877142
6031.175453571963,1.5545738979730501,1.1167743192321846
6032.586117635661,1.4889547351984938,1.1174050813767367
6033.996781699359,1.1509483283485906,1.1176695610058978
6035.407445763059,-1.2028703689320324,1.1348488712601743
6036.818109826757,-2.1656828587577515,1.1448253003411328
6038.228773890456,-1.7043978650627594,1.1474928028041942
6039.639437954154,-1.9819685117635224,1.147701412970227
6041.050102017853,-1.8704045429789211,1.1541022511059433
6042.460766081552,-0.7099945668656744,1.14069676521173
6043.87143014525,0.46639711537189044,1.131706978093149
6045.282094208949,0.3464874555681483,1.1317976721009484
6046.692758272648,-2.1586594607148264,1.148381279578104
6048.103422336346,-3.2401482718750394,1.1590522754815948
6049.514086400044,-3.5857608188484456,1.1638219691810103
6050.924750463743,-3.903994234758919,1.1634516075461432
6052.3354145274425,-3.821611269666157,1.1605513472546194
6053.746078591141,-4.120496915817512,1.165762823415237
6055.156742654839,-7.3763455472913755,1.1950714505766744
6056.567406718537,-9.86027285143949,1.2173567934623755
6057.978070782236,-9.336197498868298,1.2044448752912247
6059.388734845935,-3.09329726700987,1.1461579721986166
6060.799398909634,4.1378290132604825,1.0834365646303385
6062.210062973332,5.263294045382015,1.0716667810585234
6063.6207270370305,2.225159942336841,1.0883807530772118
6065.031391100729,1.206242403561962,1.0956102109204198
6066.442055164428,1.6593459957045091,1.0876749380061685
6067.852719228127,1.6471685490759995,1.085528052696662
6069.263383291825,1.9634473042958653,1.085023580424877
6070.674047355524,3.5040239481759876,1.0779598807732067
6072.084711419222,4.290848128942166,1.0697203798321693
6073.495375482921,5.0589622217181365,1.061013146800094
6074.9060395466195,3.7734565521541725,1.063704810986216
6076.316703610319,3.04820417107884,1.07143087934863
6077.727367674017,2.53280686919301,1.0716896037001682
6079.138031737715,1.424993746562162,1.0770336212611988
6080.5486958014135,2.3049248296046265,1.0740879470416524
6081.959359865113,2.059819107253258,1.0750217584127038
6083.370023928812,1.0140165770378289,1.0845784744079743
6084.78068799251,1.4830651559042494,1.0727809239003743
6086.191352056208,3.055751711923371,1.0612990677397356
6087.602016119907,3.1540985956465803,1.0592647550426642
6089.012680183606,0.19086203709726846,1.0759815562824564
6090.423344247304,0.40745150358826976,1.077974687647546
6091.834008311003,0.8737958301736484,1.042810677034493
6093.244672374702,1.2082757486951863,1.0448061180354806
6094.6553364384,0.2615440019981605,1.05093681204004
6096.066000502098,-1.2855384341657974,1.0582013456220374
6097.476664565797,-0.014778222492001447,1.0506622411042617
6098.887328629497,-1.363135802657606,1.0508175783724123
6100.297992693195,-1.0488671348914735,1.07120520155713
6101.708656756893,-1.7088273744164795,1.0757846390596968
6103.119320820591,-1.543190510780665,1.0785940780376606
6104.529984884291,0.2783621971490753,1.0692253686316364
6105.940648947989,-1.7466855502775651,1.0834358761895124
6107.351313011688,-2.611353211273933,1.093648687458102
6108.761977075386,-3.296494352127631,1.101082352945501
6110.172641139085,-3.7792325468611914,1.1025528338885338
6111.583305202783,-3.3173882472081253,1.0962592287480688
6112.993969266482,-2.6747830725096655,1.0932576806175658
6114.404633330181,-4.117221868653328,1.1073385482896556
6115.8152973938795,-5.460194740896988,1.124368617672195
6117.225961457578,-9.135797460393011,1.1645829254785598
6118.636625521276,-12.581695848288039,1.1993179185175298
6120.047289584975,-12.005798240609817,1.1886118700093398
6121.4579536486735,-6.549362680867883,1.1318123743922506
6122.868617712373,0.1991493838320899,1.0663157491226203
6124.279281776071,4.1432645912545425,1.030669714569235
6125.689945839769,5.1391775513413585,1.0147060592047408
6127.100609903468,5.2418882538844045,1.0198499378170116
6128.511273967167,5.701920891823896,1.0115272014116692
6129.921938030866,5.1072355660037445,1.021825509241132
6131.332602094564,2.658407286198667,1.0380635499014845
6132.7432661582625,2.9185769069840504,1.0345793850802651
6134.153930221961,3.625557550716934,1.0241370013107716
6135.56459428566,3.5223487173641246,1.026113304056213
6136.975258349359,2.828444199586393,1.02730182281961
6138.385922413057,1.8440604080613596,1.0421581619783031
6139.796586476756,0.5374637997806957,1.0509608473545577
6141.207250540454,0.515925331561192,1.0541969338873036
6142.617914604153,0.871329575857942,1.050272607978793
6144.028578667851,1.992573504767094,1.0423134081553664
6145.439242731551,2.33324600774678,1.0397373079807366
6146.849906795249,1.112817889415247,1.050077798485102
6148.260570858947,1.1304472052504693,1.0524087712271795
6149.671234922645,1.1708935906493778,1.0566162942367934
6151.081898986345,-0.14915182926148418,1.05904034914471
6152.492563050044,-0.5299117412331924,1.0673641207368498
6153.903227113742,0.0,1.0551642305454474
6155.31389117744,-0.1283525839484554,1.0590670070142714
6156.724555241139,-0.4191180806773076,1.0618934789450805
6158.135219304838,-0.5317512672223472,1.0603674342753067
6159.545883368536,-2.7898916852117814,1.0772786127364153
6160.956547432235,-4.038824813731182,1.086346713499135
6162.367211495934,-3.1234308017953083,1.079291834519114
6163.777875559632,-0.9520456764904353,1.0658099868513766
6165.18853962333,0.20398400422696739,1.0583711569966927
6166.599203687029,-1.3227700893229795,1.0656633784822083
6168.0098677507285,-2.0137540105884426,1.071493070775853
6169.420531814427,-2.0611188491025345,1.0654935278815847
6170.831195878125,-1.6301932011090727,1.0609802657455616
6172.241859941823,-0.7796089044911128,1.0550780783966804
6173.6525240055225,-1.7159620634641826,1.057688508615774
6175.063188069221,-1.1750326573632819,1.0553201653582838
6176.47385213292,-1.8734372851260161,1.0538982203548528
6177.884516196618,-3.5435686055119042,1.0856973190811172
6179.295180260317,-4.379338202416555,1.0832442259830826
6180.705844324015,-4.587665657426243,1.0870664785735185
6182.116508387714,-4.930458593428668,1.0788326854178985
6183.527172451413,-5.074223695200526,1.083256298441698
6184.9378365151115,-7.295477515038733,1.1078658247231379
6186.34850057881,-11.421849723376443,1.1478257738432407
6187.759164642508,-14.812836644687426,1.1804064321103491
6189.169828706207,-13.978740314802067,1.1696998935109106
6190.5804927699055,-7.624153400313574,1.104960043322094
6191.991156833605,-1.3300947318971126,1.0395068797215765
6193.401820897303,3.288405578699532,0.9900461767909696
6194.812484961001,4.862484121694443,0.9777217933951301
6196.2231490246995,4.414016069503802,0.978050234153541
6197.633813088399,3.8446782561273025,0.9836819987836266
6199.044477152098,3.3384326005415446,0.9847422212817878
6200.455141215796,3.644816740100289,0.9815093210158269
6201.865805279494,2.6755300436801193,0.9824307961209022
6203.276469343193,2.9394209071006543,0.9768227979769596
6204.687133406892,4.117143347249872,0.972974936118896
6206.097797470591,3.29258958362324,0.9783980639762815
6207.508461534289,3.411116031394897,0.980746010539145
6208.919125597988,2.496506895475754,0.9859843173025761
6210.329789661686,1.986675908917519,0.9903653711927652
6211.740453725385,1.3142233713088132,0.9933014989373942
6213.151117789083,0.811553409878421,0.9958850534956712
6214.561781852783,1.7328813711927396,0.9899439662736644
6215.972445916481,1.7799166104546842,0.9887058209232555
6217.383109980179,2.2850950990995074,0.9892921832131789
6218.793774043877,0.9991839899509642,0.9954156610890351
6220.204438107577,-0.22011161995112616,1.0038363743908436
6221.615102171276,0.9428052020699482,0.9941170370151019
6223.025766234974,1.6707350325816819,0.9887479839011714
6224.436430298672,1.2466931742195513,0.9953356252004734
6225.847094362371,1.0029786880530693,0.9981619783027247
6227.25775842607,0.6111130473573141,1.0040425259981651
6228.668422489768,0.6025275125669012,1.00276861414085
6230.079086553467,1.0437754081713138,0.9989112071223611
6231.489750617166,0.2799686290537977,0.9978948325422383
6232.900414680864,0.1641245474965558,0.9841975493064787
6234.311078744562,1.728532895771842,0.9645250096205249
6235.721742808261,2.722037848314095,0.9555938371164859
6237.1324068719605,2.47077362661026,0.963351504444149
6238.543070935659,1.3601779065269355,0.9753070004922202
6239.953734999357,1.123572060229101,0.9782082510647561
6241.364399063055,1.3734929213576095,0.9794622717706237
6242.7750631267545,1.3275829800266123,0.9833821571835252
6244.185727190453,2.609245813320001,0.9786030197968482
6245.596391254152,3.472577654602496,0.9734581468787818
6247.00705531785,3.4112061214418503,0.9744591447496359
6248.4177193815485,2.453221884481316,0.9816614941231399
6249.828383445247,1.2530149756700624,0.9926262782224977
6251.239047508946,1.028651003189509,0.9921562545609591
6252.649711572645,2.1814217540974568,0.9598727738169519
6254.060375636343,3.7215469342599476,0.8783734081989948
6255.471039700042,3.4909343961217587,0.8862455361528025
6256.88170376374,2.205338910474616,0.9625099741285208
6258.292367827439,1.7171844047120786,0.9686338622871186
6259.7030318911375,1.5481152749743714,0.9762051713104986
6261.113695954837,2.208163436327439,0.9789050577634482
6262.524360018535,3.1583020405442994,0.9688225088099619
6263.935024082233,2.270369010688441,0.9693402572149253
6265.3456881459315,1.2352411945374442,0.9803826301807894
6266.756352209631,2.3517876283080668,0.9812017608511245
6268.16701627333,1.9910285746663732,0.9828998167071317
6269.577680337028,3.0439996472552835,0.9784951599901067
6270.988344400726,1.378474281437164,0.9905489844986682
6272.399008464425,1.0640411955753137,0.9976707067333326
6273.809672528124,1.8981139305851613,0.9922449477723432
6275.220336591823,0.3220997893323485,1.0015062668232384
6276.631000655521,-0.8575398066990516,1.0129636115008251
6278.04166471922,-1.3237855076288767,1.0172920824819343
6279.452328782918,-0.834572215586391,1.0199867866524268
6280.862992846616,1.1059022776770533,1.001381197636154
6282.273656910315,2.3809283610204517,0.9966151280126396
6283.684320974015,1.5579052626304488,0.9912844039097832
6285.094985037713,2.6403013941021456,0.980099414628497
6286.505649101411,2.020740426657099,0.9772583022237701
6287.916313165109,1.9580659475391826,0.9791914930754735
6289.326977228809,2.3980555417685494,0.9834565990881762
6290.737641292508,1.1152102439512035,0.9976630923139205
6292.148305356206,-0.380130230004184,1.0158041343522541
6293.558969419904,-0.2969445098853285,1.0183637355305017
6294.969633483603,-0.7440994742924332,1.0136811170621065
6296.380297547302,-1.659218402759251,0.9953298111293785
6297.790961611,-1.0643126943437196,0.9495767267424494
6299.201625674699,0.1586473346028967,0.9075101459362082
6300.6122897383975,0.8202382135941377,0.8979905336313616
6302.022953802096,0.9584001602280168,0.9320309533088147
6303.433617865794,1.705709636045043,0.9801804935546843
6304.844281929493,2.409576275232972,0.9864340282686156
6306.254945993192,0.5406820310482843,0.9939597911529908
6307.665610056891,-0.6259228194374842,1.003770749925967
6309.076274120589,0.06895153015846489,1.0126169159020435
6310.486938184287,1.212304709392221,1.013003445330859
6311.8976022479865,2.2969679165578896,1.010238475771417
6313.308266311685,1.7610264907097104,1.0132534704602694
6314.718930375384,0.5747623891289351,1.0271764137092778
6316.129594439082,-0.1782204414336519,1.034056398187851
6317.5402585027805,0.20751945275182493,1.0300673237154798
6318.950922566479,1.0915578500729168,1.0239881199225687
6320.361586630178,-0.04925379014862585,1.0283416359196345
6321.772250693877,-0.2724679632753393,1.029971932780954
6323.182914757575,-0.34573287567673816,1.040962348008362
6324.593578821274,0.19667747516825784,1.0303361844544627
6326.004242884972,1.110029556936702,1.0261055560028802
6327.414906948671,1.5074587033788518,1.0142667246426276
6328.825571012369,1.510108755347268,1.0119118939760665
6330.236235076069,-0.09859797239494839,1.0263306044880078
6331.646899139767,-0.8875730258804992,1.042388622554861
6333.057563203465,-0.6658239637763543,1.049381824091347
6334.4682272671635,-0.23275061285302456,1.0479032816325482
6335.878891330863,0.1967223740340458,1.0463844705349499
6337.289555394562,0.28080390194865856,1.0450745515501312
6338.70021945826,0.389181814714469,1.0436263736447178
6340.110883521958,0.84581590257703,1.0406058955359672
6341.521547585657,0.8100160107318999,1.0419607521888767
6342.932211649356,0.03205660197277638,1.0481294389089921
6344.342875713055,-0.1989613671612318,1.050619519919595
6345.753539776753,-0.1014255295018458,1.0500846841348659
6347.164203840452,-0.5596178506019029,1.050978548173252
6348.57486790415,-0.9536414541369709,1.0553615046943
6349.985531967848,-1.0279536010867076,1.0601386713526157
6351.396196031547,-0.39420773761550976,1.054088970624419
6352.8068600952465,0.0,1.0488486448559042
6354.217524158945,-0.12946790514940432,1.0423652682560003
6355.628188222643,0.601765033636994,1.0339108584727699
6357.038852286341,0.0,1.044207137874993
6358.4495163500405,-1.6312168225285149,1.0643904161866744
6359.86018041374,-1.8128426446718322,1.0654890459646857
6361.270844477438,-0.11809443811124964,1.030172499104325
6362.681508541136,1.4849229574906744,0.9973667827897617
6364.092172604835,1.9953541868869848,0.9976141788950531
6365.502836668534,0.017104045406092894,1.0296117151495672
6366.913500732232,-0.8795757297296163,1.0550813581915892
6368.324164795931,-0.8424636924187894,1.065060372266339
6369.7348288596295,-0.13362801057430573,1.0594372373605105
6371.145492923328,1.1030904167370892,1.050297759276692
6372.556156987026,0.4211849993863055,1.056139185537438
6373.966821050725,-0.726921493701191,1.0646366193570853
6375.377485114424,-0.4623848494249998,1.0623819296370982
6376.788149178123,0.5816509129819565,1.0513446735221337
6378.198813241821,1.080677042680648,1.0453367834661431
6379.609477305519,0.8813986806993981,1.0472910158065782
6381.020141369218,0.22069828929910784,1.0551363164658303
6382.430805432917,-0.20443424709705482,1.0597271157133452
6383.841469496616,-0.3099036238911239,1.0577378924788456
6385.252133560314,-0.7161250497031659,1.058031471611849
6386.6627976240125,-0.5941345945032879,1.058410634347915
6388.073461687711,-0.27462613966534377,1.0636137968048873
6389.48412575141,-0.7228917117280176,1.07122845105525
6390.894789815109,-1.265363790265944,1.0753048820676072
6392.305453878807,-0.17860425263146595,1.0696929691754185
6393.716117942506,-0.3687894709735673,1.0672877892886257
6395.126782006204,-0.5829321045065612,1.0714738856920532
6396.537446069903,-0.6252004181095856,1.0734961699255297
6397.948110133601,-1.8136288178413338,1.081393211101676
6399.358774197301,-1.2173527748943584,1.0831398585968928
6400.769438260999,-2.5254451781525518,1.0903166324993203
6402.180102324697,-1.6548306857125894,1.0853648944926346
6403.590766388395,0.2966675445601865,1.065298956881279
6405.001430452095,0.9378627526961267,1.05813873058401
6406.412094515794,0.09229991495917744,1.0642537934317076
6407.822758579492,-0.8862762261485599,1.073030544641743
6409.23342264319,-1.098997937358078,1.0776225251874119
6410.644086706889,-1.5595564141215448,1.0769481687197366
6412.054750770588,-1.5063313397095328,1.0762077394246565
6413.465414834287,-0.4161421904426206,1.0682164662525981
6414.876078897985,-0.37285412342946245,1.0692579276369418
6416.286742961684,-1.9041973321044168,1.0860800435075422
6417.697407025382,-3.1550681345577516,1.0960669226998365
6419.10807108908,-3.3381257483767683,1.0994114588191801
6420.518735152779,-2.831762448275896,1.0966995687797865
6421.9293992164785,-2.7115787900903427,1.094229130670672
6423.340063280177,-2.70071530792395,1.0950032090788795
6424.750727343875,-2.051993806856366,1.0882435585116252
6426.161391407573,-1.767987232425483,1.086389835035236
6427.5720554712725,-1.2614659863985977,1.082916058049098
6428.982719534972,-0.7059376298863995,1.0766152889421436
6430.39338359867,-0.8034594477881285,1.0774294434663316
6431.804047662368,-1.0752029660793951,1.0777943722011012
6433.2147117260665,-0.8599648481806739,1.0775454535290714
6434.625375789766,-1.2511396197346087,1.078153975700496
6436.036039853464,-0.8117996889653227,1.078680584810843
6437.446703917163,-2.4324771411653074,1.092483338058469
6438.857367980861,-4.018202414346327,1.1120405831610898
6440.26803204456,-3.1848177423850004,1.1046348291856156
6441.678696108258,-0.9250143298159728,1.0794664780703416
6443.089360171957,1.052823769017131,1.0584611338195693
6444.500024235656,1.2018908154924404,1.0569733018876715
6445.910688299355,-0.47050523728185567,1.0733484697150193
6447.321352363053,-2.0253425792892585,1.0899466507452649
6448.732016426751,-2.0679261213410456,1.090651132778056
6450.14268049045,0.08378204790061972,1.0661813091996635
6451.553344554149,3.2326914950509718,1.039723785201609
6452.964008617848,3.720336280367306,1.0336866064804218
6454.374672681546,1.6340975765676333,1.0527474801729884
6455.785336745244,-0.32973149997847884,1.0711085841382852
6457.196000808943,-0.6562040465558638,1.07681144532192
6458.606664872642,-0.04607247080068788,1.0712045905098275
6460.017328936341,-0.017664197064391374,1.071444116150347
6461.427993000039,-0.10276965925259418,0.9726398972345974
6462.838657063738,2.811332089872515,0.9223532729874898
6464.249321127436,3.039940165982358,0.9287641554102739
6465.659985191135,1.3441833738368771,1.0138497261085118
6467.070649254833,0.0,1.0602173401986368
6468.481313318533,-0.9241486061152813,1.0691910356866032
6469.891977382231,-0.009197103881959379,1.0599501242137608
6471.302641445929,0.8164761182592528,1.0550118926810954
6472.713305509627,0.6354302787192623,1.0620550197421295
6474.123969573327,0.7420717539309578,1.0663154389919953
6475.534633637026,-0.1502688114254056,1.076649061713295
6476.945297700724,-2.5375993799947665,1.0986254608763149
6478.355961764422,-3.578793275132348,1.105710599739295
6479.766625828121,-0.2747716690135249,1.078899493365115
6481.17728989182,2.3182315259671853,1.0545908694652348
6482.587953955518,1.2287580932371043,1.0652746453823503
6483.998618019217,-0.018676901776196075,1.0717820662181334
6485.4092820829155,0.9259952837067758,1.066336911499171
6486.819946146614,1.5703638780208422,1.0622522003070405
6488.230610210312,0.42159947002510734,1.0726094169681801
6489.641274274011,-0.7747563578226249,1.0847991897759806
6491.05193833771,-0.9798867160323965,1.090384746117225
6492.462602401409,-1.5258200034416873,1.0963729741574153
6493.873266465107,-2.4222693090849674,1.103393796923373
6495.283930528805,-1.8892202068600383,1.0928563793723993
6496.6945945925045,-0.7879403176476529,1.0711610394278779
6498.105258656204,-0.34855098517850536,1.0548370863491818
6499.515922719902,-0.6538775490908932,1.054753882097611
6500.9265867836,-1.332136973263843,1.069349784002168
6502.3372508472985,-1.0299361597890737,1.0756246857563863
6503.747914910998,-0.19271106231623492,1.0727613276013335
6505.158578974696,0.17191406688420585,1.0689659464031873
6506.569243038395,1.5014367292287787,1.0597402761486021
6507.979907102093,-0.2199476464105885,1.0826850890027697
6509.390571165792,-0.7234304175179957,1.086154205797492
6510.80123522949,-0.6449233656913975,1.0867157418820967
6512.211899293189,-1.009335976465536,1.090885078810338
6513.622563356888,-0.7147699246623773,1.086286715932682
6515.033227420587,-0.18120427497848368,1.0853274948379044
6516.443891484285,-1.9574435864299744,1.10262989852488
6517.854555547983,-2.9591246267658633,1.111642196849642
6519.265219611682,-2.0926609530600118,1.1022598110006645
6520.675883675381,-1.1153594052640372,1.0891250827838066
6522.08654773908,-0.9861458079308676,1.0827658307959278
6523.497211802778,-0.6574579775005418,1.0794483589274377
6524.907875866476,0.2219154904083993,1.0762485249551634
6526.318539930175,0.05571425833688437,1.0794502430735657
6527.729203993874,-1.0513579588542612,1.0905265522305214
6529.139868057573,-2.374359118773846,1.1012159545179054
6530.550532121271,-2.996590525401132,1.0988629811534174
6531.96119618497,-1.9192506471226096,1.0769860214021894
6533.371860248668,1.24534761204184,1.048916695768336
6534.782524312367,2.8052708327139015,1.0439129053903038
6536.193188376065,1.7119717054472687,1.0528766836477303
6537.6038524397645,1.4524183030018207,1.0626841743511493
6539.014516503463,2.6370160620642764,1.0517585935278795
6540.425180567161,2.3269504437527004,1.052531338622696
6541.835844630859,1.2468275926505683,1.0600361106344625
6543.2465086945585,0.06727473679803353,1.0686573110045754
6544.657172758258,-0.49097589566212463,1.075500112355452
6546.067836821956,0.019116152447971047,1.0746326559499297
6547.478500885654,0.5670812583245421,1.0706665313011452
6548.889164949353,0.869581661218163,1.0657990143305016
6550.299829013052,1.9782043234560263,1.0490695887588732
6551.71049307675,3.868454389574005,1.0261522751482834
6553.121157140449,2.8606091253153565,1.0262372073480872
6554.5318212041475,1.1222103506947931,1.0429127858152067
6555.942485267846,0.6792064281475092,1.0605845864482686
6557.353149331544,0.8902452517724839,1.0651817984060648
6558.763813395243,0.4710632803271295,1.069800778601234
6560.174477458942,-0.014503274417300815,1.0745081067766251
6561.585141522641,-1.2139998475220253,1.0803227361404315
6562.995805586339,-2.123367045013552,1.0889775913653919
6564.406469650037,-1.9277894026851428,1.089402535007029
6565.817133713736,-1.1538585608401561,1.081925864242879
6567.227797777436,-0.7366191380572218,1.0752388413440046
6568.638461841134,-1.0068343388853052,1.0736697844471106
6570.049125904832,-1.315525365579731,1.078874754985016
6571.4597899685305,-1.0041277988544905,1.0824866856713065
6572.87045403223,-0.8957004719034884,1.078961846793772
6574.281118095928,-1.5946195490764055,1.080286165605556
6575.691782159627,-1.7572511426109756,1.0684004404769196
6577.102446223325,0.2591071194864014,1.0481762319113908
6578.513110287024,1.1038186265304475,1.0461862877629926
6579.923774350722,-0.6354302787192623,1.0701916162987317
6581.334438414421,-1.1723960214064348,1.078236658211999
6582.74510247812,-1.1408724400211554,1.079599266875344
6584.155766541819,-1.4979213250941967,1.083020581245197
6585.566430605517,-0.8894800129238476,1.0771761881395778
6586.977094669215,-0.227923995737342,1.068711139884825
6588.387758732914,-0.40819471207441893,1.0696395748156744
6589.798422796613,-0.4531682973704392,1.071879219118836
6591.209086860312,-0.8507603020716061,1.0740383128227948
6592.61975092401,-1.9994045607581086,1.0874639837379467
6594.030414987708,-3.774656907271954,1.1043148314692324
6595.441079051407,-5.3538003072212135,1.1170721548174398
6596.851743115106,-4.691380726967434,1.111108172474039
6598.262407178805,-2.8272852833907365,1.0955264655894097
6599.673071242503,-1.0793575275271152,1.0766043427976424
6601.083735306202,-0.15359305094893472,1.0619647189495751
6602.4943993699,0.5108847525850635,1.0481734782679002
6603.905063433599,1.820678460593065,1.0355655676233972
6605.315727497297,2.7334029314760784,1.030764942183863
6606.7263915609965,2.181666579993923,1.0393479550417943
6608.137055624695,1.0128300960419239,1.0506066941696122
6609.547719688393,0.7422378121822604,1.0532648049128719
6610.958383752091,0.9742858018072482,1.0546015651507963
6612.3690478157905,1.5220474841493825,1.0444941258723044
6613.77971187949,2.7502433050807156,1.0351988698299304
6615.190375943188,2.4035594830837326,1.0369459404479233
6616.601040006886,1.9768649899299007,1.0397553353553137
6618.0117040705845,1.3038778318044777,1.050103789838334
6619.422368134284,0.7676757133042784,1.0512612670300072
6620.833032197982,0.6380837757212134,1.0540717170833211
6622.243696261681,0.4829968052846141,1.0552169438953158
6623.6543603253795,0.9177916691401862,1.050049986762452
6625.065024389078,1.2737356793700698,1.045305383757959
6626.475688452776,1.5762415864997479,1.0419817735164005
6627.886352516475,1.8878096555919512,1.0402794262882007
6629.297016580174,1.0975011610327527,1.0492597242351505
6630.707680643873,-0.3071236896932703,1.0607438005007006
6632.118344707571,-0.359392518002565,1.061857691102316
6633.529008771269,-0.5075398239409665,1.0612939886112776
6634.939672834968,-0.3218353751508758,1.0601022262512931
6636.350336898668,-0.3077393327421021,1.0606804326039907
6637.761000962366,-0.21677067396977634,1.0590230381460226
6639.171665026064,-0.05525237422163798,1.0603532673054588
6640.582329089762,-0.36101801079760776,1.0636228404892103
6641.992993153461,-0.7341109646637065,1.0656150694616044
6643.40365721716,-0.39985457480449327,1.0638446834846436
6644.814321280859,0.16391092970518883,1.0603340861744364
6646.224985344557,-0.1960568584908131,1.061941441935565
6647.635649408256,-1.2878549617654116,1.0707680994601396
6649.046313471954,-1.8091281947162798,1.0754041464291872
6650.456977535653,-1.0891528181311116,1.0686744628065195
6651.867641599352,-0.19036995118703715,1.0612669403778072
6653.278305663051,0.36851381463584687,1.0551761485072497
6654.688969726749,-0.3651500628097466,1.063723572785679
6656.099633790447,-1.7700880311701326,1.0760054698917234
6657.510297854146,-2.88280634708444,1.088162877079046
6658.920961917845,-3.1060612899826268,1.0899368966590568
6660.331625981544,-2.266238804463711,1.0796997223229001
6661.742290045242,-1.882613478860108,1.075395151881795
6663.15295410894,-2.059090407510652,1.0766820917722064
6664.563618172639,-1.6003721812648095,1.0710750463234198
6665.974282236338,-1.146253943634349,1.0698509477226334
6667.384946300037,-1.376040553071725,1.068232591570168
6668.795610363735,-2.0332680364312594,1.0821325831258963
6670.2062744274335,-4.734776794486905,1.1105135049068888
6671.616938491132,-6.344554778709455,1.1268640632360056
6673.027602554831,-5.783853753475,1.1177508563606993
6674.438266618529,-3.211403128900443,1.0926831489087492
6675.8489306822285,0.0078050987789453075,1.0584032910777597
6677.259594745927,2.1544248550902196,1.039126514849165
6678.670258809625,2.072142392038039,1.039154617006298
6680.080922873323,1.2087151266816605,1.045313165718445
6681.4915869370225,1.0289300368813414,1.0491712270982412
6682.902251000722,0.6770689037299036,1.0517539055528082
6684.31291506442,0.4684715853731731,1.0545820197569697
6685.723579128118,0.4705828252975053,1.0549478666116736
6687.1342431918165,-0.02066583035605163,1.0553241464031569
6688.544907255516,1.392877177713956,1.0439682198380127
6689.955571319214,2.1112268863050687,1.0359091708104287
6691.366235382913,2.112409990569411,1.0346340552517497
6692.776899446611,1.6568893504252316,1.0393059886679483
6694.18756351031,1.212652795373387,1.0424916894462957
6695.598227574008,1.6412480665808928,1.039543535080984
6697.008891637707,2.1718460635987853,1.0367082384275086
6698.419555701406,1.6456275952159842,1.0396812502577688
6699.830219765105,1.049585342939288,1.0433915619736043
6701.240883828803,0.5636857799010144,1.0476297382667596
6702.651547892501,0.2501019715553383,1.049509036211806
6704.0622119562,0.4954268727679576,1.0498270571920507
6705.4728760199,1.0921041657732715,1.0393307788926969
6706.883540083598,0.44633838974569784,1.0310192703475998
6708.294204147296,1.0133452638071532,1.0354407491089959
6709.704868210994,1.540160188218465,1.036660530971339
6711.115532274693,0.9358365264778996,1.0430283604098756
6712.526196338392,-0.22668502005566182,1.0564728547048978
6713.936860402091,-1.083101348281545,1.0659452200771684
6715.347524465789,-0.9812638982234176,1.0645998435085773
6716.758188529488,-0.030276041700233236,1.0541589786118646
6718.168852593186,0.8308225036587089,1.0477510473969203
6719.579516656885,0.3477371406680234,1.0524816944843092
6720.990180720584,0.017949691220543684,1.0529605041954722
6722.4008447842825,-0.008856831265084963,1.058291397616697
6723.811508847981,-1.3706783015054782,1.0697099317351064
6725.222172911679,-1.7497901616840394,1.0737413733074348
6726.632836975378,-1.0536327702545947,1.0682476422358247
6728.043501039077,-0.411371881957983,1.0621152155577762
6729.454165102776,-0.3673604201691063,1.0607344853318394
6730.864829166474,-0.7539353471926162,1.0635338983760536
6732.275493230172,-1.340277963803807,1.070143489902197
6733.686157293871,-1.9915032167745608,1.0736659098957275
6735.09682135757,-0.38345494754787524,1.0639760962065623
6736.507485421269,0.09036500504912226,1.056625662722035
6737.918149484967,-0.8361498017645133,1.0641836557959714
6739.3288135486655,-1.6663604611480025,1.0707882783588434
6740.739477612364,-1.6172276233164595,1.0711484695354645
6742.150141676063,-1.1886089935001891,1.0691169933708788
6743.560805739761,-1.2638587376377544,1.0689920393610657
6744.97146980346,-1.4672234254567371,1.0693950487473616
6746.382133867159,-0.9848163404225474,1.0661512282143273
6747.792797930857,-0.3409555193407243,1.060000823012712
6749.203461994555,-0.24009779420456567,1.057759908260804
6750.614126058254,-0.5215015824231486,1.0603092440441746
6752.024790121954,-0.6228499547051243,1.062418523097126
6753.435454185652,-2.2758684697061824,1.077827256896515
6754.84611824935,-2.4741662184902324,1.0812634006724893
6756.2567823130485,-3.1059860373163417,1.0875282935505879
6757.667446376748,-4.882676532402051,1.1073559048483983
6759.078110440446,-6.537689709973499,1.1252527118598807
6760.488774504145,-5.875405140617474,1.117316549954707
6761.899438567843,-2.4913875896759876,1.0806741230597485
6763.310102631542,1.354940391679527,1.0416240186438122
6764.72076669524,2.2231798546812698,1.0307804347440095
6766.131430758939,1.1971502594361851,1.042975735763849
6767.542094822638,0.9091489098849692,1.0407491861675506
6768.952758886337,1.315208962660222,1.0406235414803309
6770.363422950035,0.9926296457798855,1.041688286712619
6771.774087013733,1.6313092094153987,1.0350199408430791
6773.184751077432,2.7051040371293738,1.024529697505112
6774.5954151411315,3.0268264434859944,1.0213542044465995
6776.00607920483,2.3089989700123894,1.0262477084398716
6777.416743268528,1.551103522666459,1.0309697110632023
6778.827407332226,1.2416320988371652,1.0392176878458679
6780.238071395925,0.33676916593606165,1.0436460612984721
6781.648735459624,0.45340729560713555,1.0431688359928584
6783.059399523323,1.7460804431960923,1.0335003110244632
6784.470063587021,1.8341574092565551,1.0320389811311286
6785.88072765072,1.5357155613173958,1.032166708949551
6787.291391714418,1.857296369139128,1.0307490818878746
6788.702055778117,1.6938002370305227,1.0327399192024387
6790.112719841816,0.7937525892499764,1.038404400871012
6791.5233839055145,0.47973578511923165,1.0407569297618722
6792.934047969213,0.7504433700367912,1.038994110140187
6794.344712032911,0.557206456911004,1.0406662961337918
6795.75537609661,0.3967212342661526,1.0421589579705726
6797.1660401603085,0.5710439508727276,1.0422230613678387
6798.576704224008,0.2713136969889476,1.0426629652781385
6799.987368287706,0.6623135834129741,1.04095159409788
6801.398032351404,0.517445572608942,1.0394124976554504
6802.8086964151025,0.37261711361960437,1.0397354739458882
6804.219360478802,0.7805939905424353,1.0388005485347005
6805.630024542501,0.8309288982990921,1.0377109493590582
6807.040688606199,0.0717511971328193,1.044898554414584
6808.4513526698975,-0.1316993705199394,1.0451436505577307
6809.862016733596,0.49837919575708867,1.0394525382155604
6811.272680797295,1.0569520824189524,1.0357957344775837
6812.683344860993,1.3590408179331703,1.033344507367275
6814.094008924692,0.7594324216942567,1.0382773596152073
6815.504672988391,-0.19282697280367245,1.0467181179138312
6816.915337052089,-0.033838496811902985,1.0449944598238854
6818.326001115787,0.31629559892183323,1.0412428192776721
6819.736665179486,-0.5703353793975623,1.0489682987539695
6821.147329243186,-0.5248852634596304,1.0492324648619322
6822.557993306884,-0.3920162690187894,1.047103868682021
6823.968657370582,0.42100025505546057,1.0373594937963306
6825.37932143428,1.1999345749000838,1.0262608690269226
6826.78998549798,-0.4538212043908203,1.021790670556072
6828.200649561678,-0.9261183473645715,1.0160927482274806
6829.611313625377,-0.6604261799224247,1.0161008122275468
6831.021977689075,-0.056885210505292605,1.016128789796847
6832.432641752774,0.530030156835025,1.013743884295762
6833.843305816472,0.14078627926278386,1.018281555699701
6835.253969880171,-0.8437921639373513,1.0278848933751916
6836.66463394387,-0.018588264318211145,1.0378771642221774
6838.075298007569,-0.7562814761130667,1.0463269876945736
6839.485962071267,0.09710265027887743,1.0402603375418376
6840.896626134965,0.12491592017057229,1.039653151228314
6842.307290198664,-0.47263549915674474,1.0443597589675082
6843.717954262363,-0.7660716253878164,1.0505842695054397
6845.128618326062,-0.9827260588116147,1.0557685169651683
6846.53928238976,-1.2106583353503595,1.056570518636638
6847.949946453458,-0.38224854925971385,1.0494172438451292
6849.360610517157,0.8147186086595823,1.0397412440258818
6850.771274580856,-0.19286764068055362,1.0469331223648664
6852.181938644555,-2.042095557432603,1.0625292659953474
6853.592602708253,-3.0668496347385314,1.0754445988261978
6855.0032667719515,-3.6829285397068503,1.079726833909903
6856.41393083565,-2.2932195383152987,1.065715500605915
6857.824594899349,0.5425916178470658,1.0405918403862187
6859.235258963048,2.638627163413396,1.0177655610773704
6860.6459230267465,2.6568330021571853,1.0027971035644814
6862.056587090445,1.2250677265733145,0.9927330243835696
6863.467251154143,1.0846931488696825,0.9767487347990148
6864.877915217842,4.660165364275869,0.9617062719883293
6866.2885792815405,3.5382414630567283,0.9662031665016394
6867.69924334524,2.9382173674751684,0.9725141134433521
6869.109907408938,3.2871244057635636,0.9622569872180609
6870.520571472636,3.238622282025858,0.9615485240024972
6871.9312355363345,2.1779701591263034,0.9794145967136033
6873.341899600034,1.1373119672917085,0.9953431797948412
6874.752563663733,1.7067337797007127,0.9991792726146451
6876.163227727431,3.0925040976881206,0.9927130144754414
6877.573891791129,2.153355423226145,1.0051112547631975
6878.984555854828,1.9909577255365676,1.007542616543429
6880.395219918527,2.4983327754376887,1.0084509912601238
6881.805883982225,2.2948392341007704,1.0115601178420799
6883.216548045924,1.422436846715918,1.0182252384775812
6884.627212109623,1.5804774013639644,1.016167846594482
6886.037876173321,2.570853233996111,1.002574200391759
6887.448540237019,1.5815723131462747,0.9986983766199754
6888.859204300718,1.7329672537710792,1.0008697826794
6890.269868364418,2.303848186073637,0.9942524374143141
6891.680532428116,1.825441751887972,1.0054282250917466
6893.091196491814,2.7751561879681788,1.000363221954481
6894.501860555512,2.579626659246948,1.0032161581903223
6895.912524619212,2.6238108734499193,1.004500829123149
6897.32318868291,2.588868296504536,1.0042845485026097
6898.733852746609,1.4730771425495846,1.0097899215426698
6900.144516810307,1.103554578720349,1.0103618259506162
6901.555180874006,2.7639317516903503,1.0008202969152078
6902.965844937704,2.2115399528332134,1.0114891035885074
6904.376509001403,1.3988892604261736,1.0220788810022816
6905.787173065102,1.0369482040782216,1.0260637998399111
6907.1978371288005,-0.03231066286262774,1.0386021390125268
6908.608501192499,-1.074602404637787,1.0451600857044354
6910.019165256197,-0.7005365445201193,1.0350364954720799
6911.429829319896,0.8411924465656853,1.0182426043883357
6912.840493383595,1.2961897086101217,1.01319924952745
6914.251157447294,0.229369640609427,1.026351047208243
6915.661821510992,1.462661900728456,1.029234522531995
6917.07248557469,0.3851367745831311,1.037669315957303
6918.483149638389,0.2912259058069182,1.0355224260230576
6919.893813702088,2.2284616296295425,1.0160152600731585
6921.304477765787,1.55270210341358,1.0090468098036092
6922.715141829485,-0.9262263054885693,1.0202881941785322
6924.1258058931835,-0.8811152826842559,1.0308768853330013
6925.536469956882,-1.6252114909201083,1.0488317048079792
6926.947134020581,-1.7349812026709088,1.0579934157242423
6928.35779808428,-0.8587560736701292,1.0530139097371825
6929.768462147978,-0.07077805577197438,1.0442577019192352
6931.179126211677,0.7979957454086914,1.0382607699750672
6932.589790275375,0.8000850443772336,1.038968601978013
6934.000454339074,0.4022584606235,1.0400762722673038
6935.411118402772,0.3020741981209909,1.0365886442507968
6936.821782466472,0.22480874573147958,1.0318999222477916
6938.23244653017,0.020487963726459668,1.0280644061906834
6939.643110593868,-0.25292038026827157,1.0304045329826113
6941.0537746575665,-0.9071959322371725,1.043054490737394
6942.464438721266,-1.9282138514634113,1.0590310687239521
6943.875102784965,-2.0151705421523403,1.0618790017027444
6945.285766848663,-1.326205568618704,1.051753376061432
6946.696430912361,-0.8364045939459928,1.034786953843093
6948.10709497606,-1.1769418824993068,1.0222900441043192
6949.517759039759,-1.8395603026744922,1.0301418033348821
6950.928423103457,-1.399001267796507,1.0463060088232694
6952.339087167156,-1.630671066197877,1.0590084796774948
6953.749751230855,-0.7800433673957556,1.0566077159192167
6955.160415294553,-0.9579127665852951,1.0569648716745856
6956.571079358251,-1.9918926595145479,1.0670209173933909
6957.98174342195,-2.607952376903512,1.0768947229416195
6959.3924074856495,-2.366048941477416,1.0779121509456515
6960.803071549348,-2.0689731861475877,1.0735079147897093
6962.213735613046,-1.7001399775266322,1.0652430123747398
6963.624399676744,-0.0396517227415103,1.0517876843055958
6965.035063740444,-0.5606558563891255,1.0563375740391145
6966.445727804142,-2.0691621904247697,1.0694209119858917
6967.856391867841,-2.271135078413508,1.0651685272183802
6969.267055931539,-1.2122695176364502,1.0524543591151387
6970.677719995238,-0.8360176482228425,1.052977784338289
6972.088384058936,-1.8829822405348864,1.0679046141659363
6973.499048122635,-1.3398309077375927,1.066692502659319
6974.909712186334,-1.0673393012368209,1.0566046927882902
6976.3203762500325,-0.8612011869387786,1.0415966611947132
6977.731040313731,-0.13944943936585474,1.0295747032730707
6979.141704377429,0.0,1.0328021240303988
6980.552368441128,0.6122835879013948,1.0389226638817752
6981.9630325048265,0.7034995414732705,1.0463483878735045
6983.373696568526,-0.6909972408583158,1.0579494517479804
6984.784360632224,-0.13866713024440713,1.0561632958537714
6986.195024695922,1.2774716570072542,1.0401910652388051
6987.6056887596205,-0.10651188958352265,1.055190370856469
6989.01635282332,-1.1633763817364766,1.066199886086371
6990.427016887019,-1.140021205219142,1.064450974023798
6991.837680950717,-0.1054715298140323,1.0554372741143325
6993.2483450144155,1.0586675912933998,1.0435749214676553
6994.659009078114,1.3666821120190917,1.037220845698159
6996.069673141813,0.6487731305421676,1.050569052102014
6997.480337205512,-0.5708095467248029,1.0593559563390027
6998.89100126921,-1.0568986080136966,1.0650048328958621
7000.301665332909,-0.19437205880927166,1.0583487756721133
7001.712329396607,0.47149120860684945,1.0435173115597203
7003.122993460305,0.5728115195372467,1.0448095678538698
7004.533657524004,0.4417610734686974,1.0507806084945228
7005.944321587704,0.5600587942711499,1.0453547864122705
7007.354985651402,1.0930074398708882,1.04771409945551
7008.7656497151,1.4944545352586118,1.0347761621168454
7010.176313778798,1.1020595839442393,1.0345434551564083
7011.586977842498,1.4390377145871156,1.033269133389521
7012.997641906197,1.4335009378172927,1.0392477709835037
7014.408305969895,0.7989608736403042,1.0483789821217244
7015.818970033593,0.02332975640099022,1.0570249765698756
7017.229634097292,-0.42888029824080576,1.0634545045738952
7018.640298160991,-0.5429318240773426,1.0636609049523182
7020.050962224689,0.20048355965702314,1.055090810349381
7021.461626288388,1.0642397277214712,1.0509558236354346
7022.872290352087,1.2107822953961858,1.0484157825931697
7024.282954415785,0.9866827682674923,1.0504063718930696
7025.693618479483,0.8419389497652929,1.0510814293582293
7027.104282543182,0.9522554256704154,1.0477241604712964
7028.5149466068815,1.3418719336457627,1.0435635892486181
7029.92561067058,1.7071498174529367,1.0429742246002347
7031.336274734278,0.7179297979497434,1.051828230211163
7032.746938797976,0.7764572614393899,1.05115152711297
7034.1576028616755,1.1313151092524265,1.0500197834544778
7035.568266925374,0.4992917200183342,1.0521511015127494
7036.978930989073,-0.3871060724882156,1.0543047491214528
7038.389595052771,-0.17748501641469971,1.052517359066547
7039.8002591164695,1.2304575534495257,1.0472198390445675
7041.210923180168,1.5915661114129378,1.0445077309807165
7042.621587243867,0.6905245086071403,1.0516183156140215
7044.032251307566,-0.16801405726427276,1.0594781066388326
7045.4429153712645,0.15856506298713668,1.0473344139345253
7046.853579434963,1.8249181215953385,1.0298430970249774
7048.264243498661,2.516468187728691,1.0264680975653122
7049.67490756236,0.906567948638866,1.0425957072199805
7051.0855716260585,-0.8020893575447801,1.0626029569074935
7052.496235689758,-0.36163828706272483,1.0602065176667026
7053.906899753456,1.7273009850334873,1.0448331793364372
7055.317563817154,2.799831870694689,1.036569287446994
7056.7282278808525,2.1337430062420637,1.0427496761517332
7058.138891944552,0.782038515869786,1.054240490935597
7059.549556008251,0.13419602181468804,1.0595293563974906
7060.960220071949,0.7480967682335304,1.053902563387217
7062.370884135647,1.7926670068601638,1.043231356258307
7063.781548199346,1.8361982884947707,1.0431396401832764
7065.192212263045,1.0664785255526539,1.0486021966216474
7066.602876326744,1.3701573327825898,1.0469433972572608
7068.013540390442,1.551347377947316,1.046980146567334
7069.424204454141,1.1386583666100236,1.0509403168956057
7070.834868517839,0.5052640251171425,1.0559467887663583
7072.245532581537,0.21162454870969327,1.059318565792092
7073.656196645236,-0.01367883802704739,1.0625471088589262
7075.066860708936,-0.6448122023556451,1.0681078998589282
7076.477524772634,-0.6278569813079287,1.0688056618778272
7077.888188836332,-0.6593895303508575,1.0704653517118417
7079.29885290003,-1.171170830589496,1.0739687007204477
7080.70951696373,-1.7020060028342954,1.0771880192338832
7082.120181027429,-1.4289226345518529,1.0754406729877097
7083.530845091127,-0.2732854002623384,1.063897939474002
7084.941509154825,0.6898684433091873,1.0593915112023424
7086.352173218524,0.06561341163025247,1.0637584904524233
7087.762837282223,-1.7784245526125204,1.0768024522217337
7089.173501345921,-2.665854479621281,1.0870118975879335
7090.58416540962,-2.3446778350150694,1.0880319986271558
7091.9948294733185,-1.5275983203061756,1.0810497905261298
7093.405493537017,-0.7132570226414572,1.072484701205481
7094.816157600715,0.03686320624603212,1.068659839460798
7096.226821664414,-0.3378861875413932,1.0701586212458079
7097.6374857281135,-0.5662274822470081,1.0698555634096445
7099.048149791812,-0.4132437217113889,1.0715235726325611
7100.45881385551,-0.418134991552364,1.072490299244738
7101.869477919208,-0.8663571353644812,1.0743858603139314
7103.2801419829075,-1.420225868195537,1.0808845220678898
7104.690806046606,-1.546374662099197,1.0826377366272626
7106.101470110305,-1.7294207355363653,1.0865849173487687
7107.512134174003,-2.720587425812738,1.095501644972417
7108.9227982377015,-3.247833464266094,1.1008224073790798
7110.3334623014,-2.72670034031281,1.09619992952798
7111.744126365099,-1.663532664776092,1.086299109903196
7113.154790428798,-1.2113889401289555,1.0825241628619182
7114.565454492496,-2.1616466335343816,1.0913753350505329
7115.976118556195,-3.137178477775599,1.100107435352731
7117.386782619893,-3.565835843151902,1.1076508677514194
7118.797446683592,-3.3970630098933654,1.1035661285152365
7120.20811074729,-2.493154233131058,1.0952824314653389
7121.61877481099,-1.575627497745593,1.087827052777855
7123.029438874688,-1.5633814421428198,1.0848733574616973
7124.440102938386,-2.584172601213396,1.0909490364534908
7125.8507670020845,-2.240830516165545,1.0875392871452545
7127.261431065784,-2.5761585113297514,1.087570663772566
7128.672095129483,-2.4691853736780303,1.0915237652069627
7130.082759193181,-2.191080722039203,1.0898150372931803
7131.493423256879,-1.6731583041403155,1.0839655317569938
7132.904087320578,-0.7489152709681974,1.077884448140575
7134.314751384277,0.06189509988439568,1.071353763857783
7135.725415447976,-1.4050264748976744,1.0821092373868586
7137.136079511674,-0.5000172281458504,1.0776790591995986
7138.546743575373,-0.666701856827828,1.0776674538286368
7139.957407639071,-1.3234922620236134,1.0812461965512663
7141.368071702769,-1.7810858916773284,1.0839825495792574
7142.778735766468,-1.8927870268693212,1.084475066408802
7144.1893998301675,-1.923502624977857,1.0860248447564431
7145.600063893866,-1.7924820709685747,1.086837263123281
7147.010727957564,-2.400554521508191,1.0915972975681139
7148.421392021262,-2.0350136048701017,1.0909026808561817
7149.832056084962,-0.639870765007096,1.078214545784299
7151.242720148661,0.7127837249806248,1.0660047435972688
7152.653384212359,0.8251013395954132,1.066028708029945
7154.064048276057,-0.39351470373372877,1.074033958592009
7155.474712339756,-0.2511818536870294,1.0748727136762444
7156.885376403455,0.3313095720476795,1.0714855387495215
7158.296040467153,-0.21204369000653855,1.073789039822809
7159.706704530852,-0.4940172319175602,1.0754643777408979
7161.1173685945505,-0.13507902157952145,1.0725963826386593
7162.528032658249,0.3935515191230792,1.0673554838030648
7163.938696721947,0.3307713681179223,1.0656155439179478
7165.349360785646,1.1025176461181942,1.0584489256452922
7166.760024849345,0.6655466856268148,1.0627423087521768
7168.170688913044,0.5532140131318855,1.057590529789836
7169.581352976742,0.8456834033870706,1.0561571259508447
7170.99201704044,1.2105137321938741,1.0542020124208933
7172.402681104139,1.2172803273823973,1.0491312380077076
7173.813345167838,0.5229893820812279,1.0575647228622975
7175.224009231537,-1.2113216206572233,1.0693120479016014
7176.634673295235,-0.6406507594194437,1.0683618969955624
7178.0453373589335,-0.329044136914483,1.0665138121651707
7179.456001422632,-0.37590843550606934,1.068236562466059
7180.866665486331,0.0038605851217496934,1.065870298318651
7182.27732955003,1.3111698262266884,1.0520934967865936
7183.687993613728,2.7821493618561277,1.0360282956228153
7185.098657677427,1.2783386107706391,1.0412912985310967
7186.509321741125,1.1725834361321859,1.047426245235766
7187.919985804824,2.1599088946815215,1.0450689032261835
7189.330649868522,1.9739689212467795,1.048593687784365
7190.741313932222,0.2630822327205493,1.0611079150995728
7192.15197799592,-1.0516635843972182,1.0704447079190453
7193.562642059618,0.5765735637340228,1.0616506757855866
7194.973306123316,1.44294281574021,1.053865944196776
7196.383970187016,1.7429192610846584,1.0520929215936632
7197.794634250715,0.8045884924893159,1.0585237743772868
7199.205298314413,-0.007311708980935805,1.0646276526025258
7200.615962378111,0.2911702729996293,1.0620186309505146
7202.02662644181,1.2033874420037876,1.0522026411523988
7203.437290505509,0.7220488932509141,1.0609985631349832
7204.847954569207,-0.7033540310661479,1.0746531048963974
7206.258618632906,-0.909937577076704,1.0787028693028942
7207.669282696605,-0.16889698460390434,1.0739448475627
7209.079946760303,0.8085256662952105,1.0661714625974152
7210.490610824001,1.4002882099932705,1.061667972209064
7211.9012748877,1.4499276796113918,1.0630246310392228
7213.3119389513995,1.401425118843413,1.0627115466692445
7214.722603015098,1.8904765130893324,1.0566814601116425
7216.133267078796,2.1628652433601303,1.0547206269265406
7217.543931142494,1.603326612624059,1.0589674092579455
7218.9545952061935,0.7642065659249724,1.0658896554501167
7220.365259269893,0.6917849622513188,1.068421573697679
7221.775923333591,1.4125087364101887,1.0594997690707384
7223.186587397289,1.7551916488653134,1.0537596903419189
7224.5972514609875,2.137316490533827,1.0535527755962042
7226.007915524687,0.833466117595016,1.063100348156312
7227.418579588385,0.1267698042369858,1.0709931793082772
7228.829243652084,1.1366064061008387,1.0658297497959839
7230.2399077157825,2.042005002738513,1.0481448325042741
7231.650571779481,1.8063324252751514,1.0465890265872917
7233.061235843179,1.8416726555648921,1.0413786354988737
7234.471899906878,1.3449728721336882,1.0391719415467153
7235.882563970577,1.1110365551434782,1.0312141036662614
7237.293228034276,1.253217145103818,1.0105500337696283
7238.703892097974,1.5009076709561882,0.979881520975985
7240.114556161672,1.9409894769102962,0.9568831307640457
7241.525220225371,2.5031088029206643,0.9499608098101208
7242.93588428907,2.142416781442911,0.9527348643605452
7244.346548352769,0.3896541186119791,0.9649812379887365
7245.757212416467,-1.3076831987645576,0.9912487639884697
7247.167876480165,-1.6915434302532901,1.0280806316137636
7248.578540543864,-0.8660969266027863,1.058514310964968
7249.989204607563,0.3541854856338418,1.0470993396603276
7251.399868671262,0.20973522879444317,1.042040424298081
7252.81053273496,-0.9421212244063426,1.042932036198416
7254.221196798659,-0.734449171226224,1.0433034348501684
7255.631860862357,0.27228976103678093,1.0467589302179638
7257.042524926056,0.1872645500228387,1.0579852571890738
7258.453188989754,-0.8694245919962071,1.0672550015974926
7259.863853053454,-1.6434015643114606,1.0769924111273372
7261.274517117152,-1.9266321611781478,1.0784985184833493
7262.68518118085,-1.8214490966819596,1.0756621841952374
7264.095845244548,-1.164235233030496,1.0690566622325754
7265.506509308248,-0.3030926536510421,1.0607147910092918
7266.917173371947,-0.22639195652559607,1.0564742716555409
7268.327837435645,-0.4138911433528776,1.0655016711264702
7269.738501499343,-0.9838718990682693,1.0661788778522756
7271.149165563042,-0.6306221166248775,1.0515841622335818
7272.559829626741,0.9390329857514814,1.0128025452292675
7273.970493690439,1.8848190291279465,0.9373510488283526
7275.381157754138,0.0,0.8420944057659745
7276.7918218178365,-2.4069671941540562,0.8634496106709426
7278.202485881535,-2.067177888775568,0.9116826556619498
7279.613149945233,-1.1576717281719766,0.9991015352914643
7281.023814008932,-0.9664150765136768,1.0415850358002736
7282.4344780726315,-1.5392596196958124,1.0379830848887552
7283.84514213633,-1.9943166113186805,1.0283237377909638
7285.255806200028,-0.9773927120423878,1.0292379334255086
7286.666470263726,-1.4868589179445664,1.0494903329373662
7288.0771343274255,-2.4374101038627103,1.0698124986866562
7289.487798391125,-3.224511876619843,1.080948374845366
7290.898462454823,-3.272379784047054,1.081293924479378
7292.309126518521,-2.310845435791272,1.0718060882914169
7293.7197905822195,-0.6496523392062628,1.0545770482127035
7295.130454645919,-0.48986811611739256,1.04954250134978
7296.541118709617,-1.2887865831728291,1.0594876608934207
7297.951782773316,-1.6084898359320476,1.068290708873919
7299.362446837014,-1.5011287234371622,1.0672034604822898
7300.773110900713,-1.432633296284628,1.055461764741521
7302.183774964411,-1.7370393521638121,1.0407789525341338
7303.59443902811,-1.8955802981546839,1.040572342098392
7305.005103091809,-0.5270818928257768,1.046058298315199
7306.415767155508,-0.9805098655872584,1.059615790039807
7307.826431219206,-1.8857884167230523,1.0698846391053838
7309.237095282904,-2.4963358924821577,1.0754974802693917
7310.647759346603,-2.7743367408293196,1.0778327999566966
7312.058423410302,-1.6354187755311003,1.0532152132937544
7313.469087474001,1.3777941376138045,0.9928775517929818
7314.879751537699,0.8599806781293182,0.9448301614652904
7316.290415601397,0.13329446925629895,0.9353404348357164
7317.701079665096,0.2669722678241442,0.9678295818012277
7319.111743728795,0.6542709215439899,1.0207503162566367
7320.522407792494,0.8815920039354666,1.0445482614621224
7321.933071856192,0.3098834170135021,1.0545508568740392
7323.343735919891,-0.7928119475307867,1.0640088432639796
7324.754399983589,-1.057715972314476,1.0621926833497384
7326.165064047288,-0.6443068531876861,1.046188983902766
7327.575728110986,-0.17608972125042754,1.023602775059397
7328.9863921746855,0.4662325363817672,1.0141675163132788
7330.397056238384,-0.295029019547151,1.0286165188824052
7331.807720302082,-1.3948440244124782,1.0575499900167495
7333.21838436578,-1.4572501729946552,1.0662060929977855
7334.62904842948,-0.6734165459717687,1.0572242450267648
7336.039712493179,0.06793231495154828,1.0430679037722457
7337.450376556877,0.01618072335496379,1.0224652014411593
7338.861040620575,-0.38246403545207386,0.9533922994976772
7340.271704684274,-0.032266299362760265,0.9182290592763573
7341.682368747973,0.5767311608565038,0.9333521479441743
7343.093032811671,0.7776123483357154,0.9842173404286656
7344.50369687537,0.2513390174939687,1.0383914752437053
7345.9143609390685,-0.594219958755275,1.0581165600171885
7347.325025002767,-1.2681460172627936,1.0642427855303627
7348.735689066465,-0.5166835269432113,1.0618404090580726
7350.146353130164,0.6084450764515594,1.0468248451260647
7351.557017193863,0.9341256858084037,1.0415927497526556
7352.967681257562,-0.09479876332448356,1.056653593492418
7354.37834532126,-1.7136151324154483,1.0665933778586298
7355.789009384958,0.262775524536103,1.0362265658728766
7357.199673448657,0.6529472123433493,1.0176595896653016
7358.610337512357,0.2561753362170833,1.0155713986078732
7360.021001576055,-0.142149990395815,1.028819563570378
7361.431665639753,0.03870446808972616,1.0451684268215968
7362.8423297034515,0.9701947021494135,1.0398471246810475
7364.25299376715,1.6341959686908112,1.0362161628136919
7365.663657830849,0.3149204396065457,1.0324587554046707
7367.074321894548,0.12797231171643375,1.0030683533481959
7368.484985958246,0.5397748221181047,0.9770141746635309
7369.895650021945,0.640475578109303,0.9825220088803795
7371.306314085643,1.3846813820911095,1.006167459071145
7372.716978149342,1.5852911783669086,1.0326604177759509
7374.127642213041,-0.1462484868440299,1.0532514596015792
7375.53830627674,0.004710958149473754,1.0546563831714237
7376.948970340438,0.8405843781101865,1.0473236192423143
7378.359634404136,0.5514152807794375,1.046271656038445
7379.770298467835,0.8595844302049542,1.0531285880551613
7381.180962531534,0.7964926006613098,1.046717024978926
7382.591626595233,0.17452627369993223,1.053950546329559
7384.002290658931,-0.13420030150274442,1.057836618574939
7385.412954722629,-0.07062504267354086,1.0571702803730518
7386.823618786328,-0.11939742778295681,1.0571908421022116
7388.234282850027,-1.080200969859753,1.0563601189176959
7389.644946913726,0.06957593420112573,1.039396986928005
7391.055610977424,1.3792650594489189,1.0201948147280746
7392.466275041123,2.0988227463188878,1.013107641033852
7393.876939104821,1.9963018285334044,1.0230847653224415
7395.28760316852,1.0103002586959207,1.0453309533663129
7396.698267232218,-1.7214540461378292,1.0635597656522389
7398.1089312959175,0.3693551763520304,1.0434220868816686
7399.519595359616,0.9987630737673996,1.0138012039188489
7400.930259423314,0.9825775645644228,0.9938742823362565
7402.340923487012,1.2563175584645307,0.9945996668109119
7403.7515875507115,1.860716143236182,1.0165088939985512
7405.162251614411,0.40980512638567745,1.0434256257714025
7406.572915678109,-0.30580436273349676,1.0533828848949425
7407.983579741807,0.8633171907247572,1.048428129980202
7409.3942438055055,1.7091117225949333,1.041575065442982
7410.804907869205,0.9789977474799301,1.0429764290178454
7412.215571932903,-0.5791917554241124,1.0545071646533783
7413.626235996602,-1.2985122772742983,1.0615130797547003
7415.0369000603005,-1.1251867751710236,1.0610533200392132
7416.447564123999,-0.2562495527752304,1.0561409898040315
7417.858228187697,0.4811251889631052,1.0513092621078992
7419.268892251396,0.5043134868543859,1.0504781532500451
7420.679556315095,0.01151306582294609,1.0550979964899048
7422.090220378794,-0.05700341372876494,1.054436609153151
7423.500884442492,-0.015391533204414998,1.0574788234385781
7424.91154850619,-0.16976376389982306,1.0572695588562953
7426.322212569889,-0.14010121718431634,1.0514718040490352
7427.732876633589,0.3135504030961087,1.0420819064199367
7429.143540697287,-0.21977900436882436,1.036715256657404
7430.554204760985,0.3984811502531187,1.038348069267238
7431.964868824683,0.917662930586161,1.038601556261951
7433.375532888382,0.85122844415325,1.042538270200352
7434.786196952081,0.3033274952096505,1.0442964476096566
7436.19686101578,-0.23565893457304554,1.0325147754244293
7437.607525079478,-0.805816796070431,1.0298397427644315
7439.018189143177,-0.13954050037580856,1.029089271912763
7440.428853206875,-0.44264576660467014,1.0497654638926874
7441.839517270574,-1.175539220959223,1.0657700703031405
7443.250181334273,-1.5090097437987424,1.065355964937205
7444.660845397972,-1.1765006983580761,1.074108139714878
7446.07150946167,-1.5089209198629874,1.070872072985944
7447.482173525368,-0.8163082900704666,1.0648383291400914
7448.892837589067,-0.09155776933445026,1.0581114759587391
7450.303501652766,0.518536860851583,1.052143417416099
7451.714165716465,1.1425376590772771,1.0474473755060594
7453.124829780163,1.503306229410157,1.0426406187154662
7454.535493843861,0.8210678951961441,1.049213007535935
7455.94615790756,-0.4271681874772142,1.0608331777333133
7457.356821971259,-1.0939207425446753,1.0665040984912812
7458.767486034958,-0.9439827914194723,1.0636308206227225
7460.178150098656,-0.6518562684476947,1.0586173190349637
7461.5888141623545,-0.7840897630727,1.059790095014246
7462.999478226053,-0.48646239759111864,1.0535060702121457
7464.410142289752,0.06150237309631024,1.046307075774466
7465.82080635345,0.2211797957316648,1.0445373861084608
7467.2314704171495,-0.46869179729568344,1.050675108553108
7468.642134480848,-2.076772846915482,1.0591013272598258
7470.052798544546,-1.4441028974099765,1.056649004260641
7471.463462608244,-1.178481940951663,1.0445851731229345
7472.8741266719435,-1.1206166822826233,1.0430771099494658
7474.284790735643,-0.8977419844018542,1.0493148500675273
7475.695454799341,-0.24352836552110801,1.04691884388835
7477.106118863039,0.13164339165999905,1.0416889574988855
7478.5167829267375,-0.8063731568578589,1.0415911625978873
7479.927446990437,-1.7719900615605013,1.0453520507769851
7481.338111054135,-2.0447937720101237,1.0481936847223843
7482.748775117834,-1.4463642212118089,1.0471810812608444
7484.159439181532,-0.5419776191287085,1.0441730467263428
7485.570103245231,-0.25789355130505953,1.0506892278748705
7486.980767308929,-0.23350322806203394,1.0545630826759136
7488.391431372628,0.15383202908068938,1.0540605294479293
7489.802095436327,0.44463703527183185,1.053050630028573
7491.212759500026,-0.3005615786047713,1.056836343460445
7492.623423563724,-1.047069885432684,1.0590858255267157
7494.034087627422,-0.9538187056587333,1.0584994114115431
7495.444751691121,-0.5607946664676575,1.0578172130494887
7496.855415754821,-0.31099133362988596,1.0582968188187596
7498.266079818519,-0.21788948199255032,1.0585131376630048
7499.676743882217,0.40309566657022344,1.052842018180305
7501.087407945915,0.7913168729018523,1.050564462229855
7502.498072009614,-0.06609808195923961,1.0555649499639217
7503.908736073313,-1.3785874863730854,1.070986042071513
7505.319400137012,-2.19882051599253,1.0827268058015251
7506.73006420071,-1.763956252309086,1.0718044080363966
7508.140728264409,-0.31932328993303827,1.068072468730169
7509.551392328107,-0.5456907173673216,1.0668911106354768
7510.962056391806,0.0031482681763463916,1.059040173261061
7512.372720455505,0.49372877793371117,1.0553402779035108
7513.7833845192035,0.08963551170176487,1.060041961198279
7515.194048582902,-0.15504182213958018,1.0502851446165395
7516.6047126466,0.39009666343779514,1.0521615551223114
7518.015376710299,-0.003881455729413119,1.054454938442075
7519.426040773998,-0.7709308798870111,1.0541446252643474
7520.836704837697,-0.9553277322513694,1.0411407523223828
7522.247368901395,0.3398427227828904,1.0027962605136114
7523.658032965093,0.1364705685328218,0.9866862191566049
7525.068697028792,-0.6099936878985233,1.0190146305318473
7526.479361092491,-0.7983339984254343,1.0422189266572894
7527.89002515619,-0.33345561944431523,1.0459960991288932
7529.300689219888,0.2835288955461053,1.040789300351676
7530.7113532835865,-0.27972299097432796,1.044531519932904
7532.122017347285,-0.2741986359156101,1.0500891415935492
7533.532681410984,-0.20005964968297008,1.0579176370512016
7534.943345474682,-0.2705967578865369,1.061876706534182
7536.354009538381,-0.4555408153019229,1.0600779990810412
7537.76467360208,-0.4942809833634456,1.059123344142588
7539.175337665778,0.14725718943632415,1.0515004255451232
7540.586001729476,0.6527616252377584,1.048387410467792
7541.996665793175,0.5849668354191095,1.0505501379354993
7543.407329856875,0.13873542762915747,1.0555560544714957
7544.817993920573,-0.08840788472265615,1.0589185328767836
7546.228657984271,0.053026649188900876,1.058432656549019
7547.6393220479695,0.3312405226256985,1.0551396643121298
7549.049986111669,0.6311797550815257,1.0523620692839228
7550.460650175367,0.6278092402640567,1.0524834980774402
7551.871314239066,0.157665620384968,1.0560247581655207
7553.281978302764,-0.12989402616285872,1.0575198215516972
7554.692642366463,1.2032720805828063,1.0419975827641643
7556.103306430161,2.052774857697713,1.0299450033999114
7557.51397049386,1.7960742491059847,1.0306579482048026
7558.924634557559,0.6887408664605132,1.0429349635731642
7560.335298621258,0.18291584158943408,1.0491310451513678
7561.745962684956,0.4946190322699593,1.0515672999271615
7563.156626748654,0.43611011197009475,1.0528383373974437
7564.567290812353,0.3847701011581748,1.0523252226856001
7565.977954876052,0.4647980304407966,1.0496810905232485
7567.388618939751,0.48501901732375075,1.0449156269880615
7568.799283003449,0.00968587091583828,1.0364825945610756
7570.209947067147,-0.5443703653562579,1.0255627510785834
7571.620611130846,-0.8660847794430921,1.024299755607362
7573.031275194545,-0.6947572621675562,1.0330879955948644
7574.441939258244,0.03062634455883284,1.0457694427958864
7575.852603321942,0.11780874068760738,1.0567738717598119
7577.263267385641,0.07478368215471676,1.0566975169286386
7578.673931449339,0.20201732072016654,1.0571232252800533
7580.084595513038,0.30963409119081575,1.0581327663273594
7581.495259576737,0.18670449422182855,1.0570289603572147
7582.9059236404355,-0.06912139420452235,1.052622360245253
7584.316587704134,-0.006863113074750515,1.0483841358162032
7585.727251767832,0.7027119929164058,1.0360907967473865
7587.137915831531,1.1324240988376175,1.0350886024488055
7588.5485798952295,0.6480031558140524,1.052222872537645
7589.959243958929,-0.395456497601792,1.0581098031470038
7591.369908022627,0.41053674510190774,1.0450162220636245
7592.780572086325,0.13822814232071323,1.0220423839003192
7594.1912361500235,0.19875761946992299,0.9796674283382429
7595.601900213723,0.9948793153367177,0.9183934912502847
7597.012564277422,1.2984512009846867,0.8533711817502942
7598.42322834112,1.2686803342657598,0.8283365797901602
7599.8338924048185,1.7115196658547092,0.819538894299867
7601.244556468517,2.443684167579171,0.8094386622112008
7602.655220532216,3.121220026224897,0.795987601294295
7604.065884595914,3.2467962044335934,0.7911699714238581
7605.476548659613,1.253911824679058,0.8065440451934863
7606.887212723312,0.9644384234248164,0.8221914753662282
7608.29787678701,1.1368671564586208,0.8397420775282104
7609.708540850708,1.0725933474988096,0.8616118010176396
7611.119204914407,0.5525685230865207,0.8901696750323047
7612.529868978107,1.340833674081793,0.9229177915739775
7613.940533041805,0.5036550733458824,0.9561683193557063
7615.351197105503,0.30156054755561,0.9795641255664417
7616.761861169201,0.8721090497375812,0.9929222142267164
7618.172525232901,1.4089119662852596,1.0006576208439735
7619.583189296599,0.5763428966564277,1.0062413639998555
7620.993853360298,0.04357807195121666,0.9868961376178458
7622.404517423996,1.01978103982011,0.9589052803220185
7623.815181487695,2.0384026521621834,0.938223362036609
7625.225845551393,1.3729620715789892,0.9345359034803021
7626.636509615092,0.433350344638491,0.9230931646437718
7628.047173678791,0.21232149289730984,0.9230390203946436
7629.45783774249,0.3237208165380494,0.9247797007525255
7630.868501806188,0.4082041847544815,0.9365336617696667
7632.279165869886,0.1241200587914264,0.961525443388872
7633.689829933585,-0.7081200565721062,0.965888555967911
7635.100493997284,-0.8361661357696093,0.9733914648590376
7636.511158060983,-0.5547572748186269,0.9745882965731354
7637.921822124681,-0.674300107708099,0.9796260267536456
7639.332486188379,-1.3129616301461624,0.9923792841427608
7640.743150252078,0.22797161607731198,0.9820497917572103
7642.153814315777,1.9667474419155084,0.9743014321717417
7643.564478379476,0.28417480767728165,0.9884620988290674
7644.975142443174,-0.7763919794572587,1.003512883797299
7646.3858065068725,0.7812360172611292,1.004645222222344
7647.796470570571,-1.947712144740109,1.014674299712402
7649.20713463427,-1.2888574094897507,1.0221406443394563
7650.617798697969,0.2064823429357574,1.007660643294371
7652.0284627616675,0.6521966530424308,1.0000041066634717
7653.439126825366,-0.7041503904140356,1.0168273202812974
7654.849790889064,-1.565870008953624,1.0274932279600395
7656.260454952763,0.2154784024255747,1.0297733282328487
7657.6711190164615,-1.4987462980176716,1.0424865264692433
7659.081783080161,-3.127339500424995,1.0487280352595145
7660.492447143859,-1.6987395506996705,1.0350984555781544
7661.903111207557,0.8113537406809996,1.007986692427106
7663.3137752712555,-0.22165280270965582,1.024776544090298
7664.724439334955,-1.6169093021952392,1.0425725668978996
7666.135103398654,-1.1982385372037356,1.0461388363645132
7667.545767462352,1.2671282865661837,1.0340239545547412
7668.95643152605,0.7949574438326579,1.0344356796127592
7670.367095589749,0.20724790868163723,1.0389009704469196
7671.777759653448,0.49868669021340395,1.0376998857037534
7673.188423717146,1.067452744925589,1.036517077100815
7674.599087780845,1.1018309043389678,1.0411491560732264
7676.009751844544,-0.08096591168734335,1.0518716518346982
7677.420415908242,1.1789192055617335,1.0395865475775952
7678.83107997194,1.3331471450421617,1.0380899487708903
7680.241744035639,0.2616066313587595,1.048974789044861
7681.652408099339,-1.2100909287337842,1.064611939355191
7683.063072163037,-0.8830188304132705,1.06129235379761
7684.473736226735,0.4622019584967205,1.0470723069958314
7685.884400290433,0.472685360824876,1.045614608262232
7687.295064354133,0.09615787820737864,1.0493866579179503
7688.705728417831,0.4442170153316738,1.0478521314882714
7690.11639248153,0.35235529670893584,1.0452088995270785
7691.527056545228,0.8379999104264257,1.0410395798539551
7692.937720608927,0.7821572229331508,1.0423767042856698
7694.348384672625,0.006216148872994154,1.0498046498252873
7695.759048736324,-1.1720223421018403,1.0598887086808664
7697.169712800023,-0.7605716883613098,1.0539154557025172
7698.5803768637215,-0.6461700719859209,1.0497866994773235
7699.99104092742,-0.32098886520131487,1.0486694069202867
7701.401704991118,0.027321963374355107,1.0497100604850749
7702.812369054817,0.09285886720068959,1.0509091805472774
7704.223033118516,0.8715447245411383,1.0469739080661669
7705.633697182215,1.695338664686858,1.0418058971702384
7707.044361245913,1.277860496932547,1.0412112176776287
7708.455025309611,0.18388029599990574,1.0323610730647417
7709.86568937331,-0.0643348731606821,0.9954766019181731
7711.276353437009,-1.7933542556046973,0.9700653680265503
7712.687017500708,-2.8002916618086573,0.9641083349336759
7714.097681564406,-2.8163846988323016,0.955731240665729
7715.5083456281045,-2.0551136299825075,0.9471083123766942
7716.919009691803,-1.1062290919602447,0.9579750116325796
7718.329673755502,-0.8947075670138744,0.9929534530277142
7719.740337819201,-0.8335865504846609,1.0321180240212344
7721.151001882899,-1.0587110723244848,1.0516055387271288
7722.561665946598,-1.4536516945302225,1.0468708376345335
7723.972330010296,-1.6398754963745006,1.0361685548536248
7725.382994073994,-0.7756829622276271,1.0332912606584184
7726.7936581376935,-0.003752040235070808,1.0372191160728506
7728.204322201393,-0.13920807720614903,1.0493602443714642
7729.614986265091,-1.054077869636835,1.0647276854065841
7731.025650328789,-0.5656266419595397,1.06324091458792
7732.4363143924875,-0.27601914842470165,1.0562124260904573
7733.846978456187,-0.2801244646742518,1.0550661103665124
7735.257642519886,-0.5759689657126188,1.0578143780467355
7736.668306583584,-0.9831650693719141,1.0610026849426273
7738.078970647282,-0.8941501071953937,1.061532680032957
7739.489634710981,0.14476767728760365,1.0554679642259355
7740.90029877468,0.26126226195967206,1.056034263583127
7742.310962838378,-0.3482193140531038,1.0610505032670257
7743.721626902077,-0.9640613625623757,1.064233887443246
7745.132290965776,-1.1808781827621644,1.0581747788126583
7746.542955029474,-1.0932249400040845,1.025111972597757
7747.953619093172,-1.140447368947541,0.9762464452813926
7749.364283156871,-1.4777371378889796,0.933599114038771
7750.7749472205705,-2.098482925901749,0.927704501411788
7752.185611284269,-0.5718471563512253,0.981439054010515
7753.596275347967,-0.9850994321908075,1.0347160302927982
7755.006939411665,-1.1946707537926144,1.05726324388501
7756.417603475365,-0.4533959449263847,1.0414017089533467
7757.828267539063,0.5981667393430712,1.0034101463208236
7759.238931602762,0.32137532973575134,0.9805889305930521
7760.64959566646,0.22620533307575386,1.0009721499397253
7762.060259730159,0.16049659978870068,1.034950842442351
7763.470923793857,-0.020274280684382973,1.059084756878625
7764.881587857556,-0.5639029814385665,1.0709194763523013
7766.292251921255,0.11530091551261279,1.06081301161737
7767.7029159849535,0.683563712154502,1.054577773958947
7769.113580048652,0.7278023483256533,1.0499390700616829
7770.52424411235,0.12662782328396816,1.0399915592691154
7771.934908176049,0.23097300635634355,1.0212876704981855
7773.3455722397475,-0.1832327258454356,1.0275746747780463
7774.756236303447,-0.24409765110623027,1.039906204774583
7776.166900367145,-0.07663186035978242,1.0476702033223155
7777.577564430843,6.512702794481129e-05,1.0425378572206392
7778.9882284945415,0.4830133479886456,1.019514380685007
7780.398892558241,0.9684383939892456,1.015921697453378
7781.80955662194,0.8458832404947998,1.0275723308655622
7783.220220685638,0.36205102307607007,1.0448484402968334
7784.6308847493365,1.265457399612096,1.0465851551519358
7786.041548813035,1.9067024616055193,1.0435294072860328
7787.452212876734,1.4178451758985702,1.0436158426572713
7788.862876940433,0.4585455960231428,1.0415702078174618
7790.273541004131,-0.13308837072288782,1.0271473472195871
7791.68420506783,0.616107687439154,0.9658955954671637
7793.094869131528,1.0571250070398222,0.9144516164321557
7794.505533195226,0.505647201378288,0.9281855245422508
7795.916197258925,-0.1284934999659555,0.9873343246479661
7797.326861322625,0.7441723070317181,1.040273056941836
7798.737525386323,2.02039474029187,1.0461097983840457
7800.148189450021,2.167402747448307,1.0449735057102476
7801.558853513719,1.3854097810283008,1.051058389200301
7802.969517577419,0.15201618760504232,1.0637447201099761
7804.380181641118,-0.5058104500915093,1.0623728074897132
7805.790845704816,-0.4130627052497857,1.031914221831553
7807.201509768514,0.08902071681007584,1.0119355633247127
7808.612173832213,0.5917125781910073,1.006136505655129
7810.022837895912,0.7410868391748835,1.0156724340511982
7811.43350195961,0.08463838256908218,1.0498246955631345
7812.844166023309,-0.24884049206763592,1.0561773474798273
7814.254830087008,0.42498955328315446,1.0523029143269425
7815.665494150706,1.3138749700886407,1.0437913266270928
7817.076158214404,0.816748640470152,1.0326516559926606
7818.486822278103,1.6543623544318393,0.9827861450456069
7819.8974863418025,1.6401579648322908,0.9324469449679162
7821.308150405501,1.682042377168571,0.913285471814421
7822.718814469199,2.1972960086325486,0.9379800780857321
7824.129478532897,3.1829752715125395,0.9923222348815723
7825.5401425965965,1.355963087784751,1.0247842286745783
7826.950806660295,0.28807800529647665,1.0428645531361729
7828.361470723994,0.205752930155235,1.0506716164812595
7829.772134787692,0.946558970486727,1.0531120309035205
7831.1827988513905,0.808093785296137,1.060789666163335
7832.593462915089,0.4053786003113302,1.0616499316629842
7834.004126978788,0.17410912535239476,1.063452013511164
7835.414791042487,0.13853675350656403,1.0665210420385998
7836.8254551061855,-0.08175524211623042,1.0652480050535744
7838.236119169884,-0.15338826811368733,1.044975616569992
7839.646783233582,0.5876319096437541,1.0148076860736137
7841.057447297281,1.3869324186216971,0.9972770684912355
7842.4681113609795,1.5693678146068493,1.0088992248672009
7843.878775424679,1.0461807050141232,1.045801654229442
7845.289439488377,0.5329765183724362,1.0579716715244833
7846.700103552075,-0.11224940427383956,1.0591156426351074
7848.1107676157735,-0.6967306903190931,1.0465879765183463
7849.521431679473,-0.8900645751695464,1.0110291001890948
7850.932095743172,-0.07843373665251363,0.9432720395304248
7852.34275980687,1.2008072276390251,0.9075983752220551
7853.753423870568,1.6124177228031726,0.9189061876605695
7855.164087934267,0.48249454086220567,0.9738689189359171
7856.574751997966,-1.4165953592301719,1.021811308291568
7857.985416061665,0.5751194700735311,1.0123697510725156
7859.396080125363,1.393944888611017,1.001489911529641
7860.806744189062,1.128626926310261,1.0038054353856911
7862.21740825276,1.4110356666727881,1.024447711211753
7863.628072316458,0.8723254636999869,1.0424371705977733
7865.038736380157,0.5406172809985037,1.047964604118051
7866.449400443857,0.746415320654279,1.034713157289884
7867.860064507555,1.2836048520165377,1.0059831489925057
7869.270728571253,1.0294055384993044,0.986924343245695
7870.681392634951,0.7298286572418746,0.9990007671669004
7872.092056698651,-0.6057993103241799,1.0348233358633738
7873.50272076235,-1.9063397470929075,1.076071714884605
7874.913384826048,-1.7557184868150912,1.0985462683664804
7876.324048889746,-1.097413302127869,1.0614284224790083
7877.734712953445,-1.4724275199275354,1.045947426757476
7879.145377017144,-1.7720123041114206,1.0412935342035603
7880.556041080842,-1.255907965289829,1.0412985947594695
7881.966705144541,-0.1300469175217458,1.0448953470695985
7883.3773692082395,0.3130333042268987,1.054342203658545
7884.788033271938,0.06137820720068987,1.058988971233986
7886.198697335636,-0.3883061793234148,1.049087355671769
7887.609361399335,-0.3143765524190414,1.0151800812461973
7889.0200254630345,0.2363529845833341,0.9834524143590134
7890.430689526733,-0.7000564811911119,0.9982844406296864
7891.841353590431,-1.929289291723812,1.0363156652847683
7893.252017654129,-2.835831552060771,1.0782069889959374
7894.6626817178285,-3.749333413987621,1.0986789936163248
7896.073345781527,-3.247712801721786,1.1069168663371223
7897.484009845226,-2.394973700685444,1.103706386260885
7898.894673908924,-1.592925230588051,1.096553617532684
7900.3053379726225,-1.2993381632244976,1.0966509742920625
7901.716002036321,-0.9392558052323707,1.0921622937262585
7903.12666610002,-1.6427357771973234,1.0950144265562651
7904.537330163719,-2.3380298920880485,1.102213022492037
7905.947994227417,-2.591634581783943,1.1097689151662538
7907.358658291116,-3.632717785679624,1.1072529921236114
7908.769322354814,-3.781052859969275,1.0960017235525084
7910.179986418513,-2.5512145724168924,1.0327359294819503
7911.5906504822115,-0.6276185046144604,0.9363553700539585
7913.001314545911,0.2650188986532669,0.8625593395193318
7914.411978609609,-0.08459344972070681,0.9136487074468883
7915.822642673307,-1.409260000005787,0.9920891346602051
7917.2333067370055,-2.519270657986624,1.0466183766911883
7918.643970800705,-2.718205322062495,1.0421791412741788
7920.054634864404,-2.3506720401389565,1.009279144036124
7921.465298928102,-2.3310931986240497,1.0196766121067775
7922.8759629918,-2.0122972714542584,1.049477999692619
7924.286627055499,-1.4426755471709072,1.0820044190159765
7925.697291119198,-1.5107056127885343,1.0938713068708659
7927.107955182896,-1.326901997305697,1.0790673461192686
7928.518619246595,-0.9548340232190924,1.0497681139278956
7929.929283310294,-0.5583614359246525,1.0201289775339604
7931.339947373992,-0.33800691802508,1.0058870147971188
7932.75061143769,-0.5319468894157211,1.028480372334859
7934.161275501389,-0.7990407009247136,1.0631679943018164
7935.5719395650885,-1.1030966371823112,1.0890378493814612
7936.982603628787,-1.103429583411355,1.0950917204342063
7938.393267692485,0.533439727086332,1.0802774458255522
7939.803931756183,0.7294956467787443,1.0763303317723558
7941.214595819883,0.27964758993724814,1.0787332614297875
7942.625259883582,-0.24361713792643513,1.0825028886113455
7944.03592394728,-0.0256585180839366,1.0801882050517435
7945.446588010978,-0.2534280870412502,1.072072611068982
7946.857252074677,-0.7402962359293781,1.0554122689905663
7948.267916138376,-1.1011380620433755,1.0430050725417197
7949.678580202074,-0.9673032206031991,1.045560228521596
7951.089244265773,0.0318056676303442,1.0597843333950432
7952.4999083294715,0.6083190185679115,1.0694019788190663
7953.91057239317,0.40944105646891416,1.0797048444704989
7955.321236456868,-0.4879128840920046,1.0909162934181729
7956.731900520567,-1.3185893918295122,1.0965119732960515
7958.142564584266,-0.8731091968638793,1.0929247405108526
7959.553228647965,-1.0143393953401656,1.0898706534186704
7960.963892711663,-1.5312822361264757,1.0616868438925158
7962.374556775361,-1.5895726126121659,0.9674369331873076
7963.7852208390605,-1.0295997364579748,0.9381813915157207
7965.195884902759,-0.6466703424735485,0.9567004690564379
7966.606548966458,-0.34403399713553995,1.0045031505904458
7968.017213030156,-0.020170034382509527,1.0609103942214448
7969.4278770938545,-0.2879911875563508,1.0758027989344376
7970.838541157553,-0.5628777001334768,1.084637695707434
7972.249205221252,-0.10347037856123364,1.0825947762280956
7973.659869284951,0.8596296561768,1.0708267854783096
7975.070533348649,0.7985337428862067,1.059578097825332
7976.481197412348,-0.3587614514003974,1.034815410778259
7977.891861476046,0.32322491110863183,1.009392032703268
7979.302525539745,1.55469318983819,0.998077378345017
7980.713189603443,0.39579069551025725,1.0214566762843487
7982.123853667143,1.5526990372575042,1.0443766064599103
7983.534517730841,1.6767836528723876,1.0629394393529195
7984.945181794539,1.1044966724373708,1.0737690673530582
7986.355845858237,0.46497298597707726,1.0740342798766669
7987.766509921937,1.5887436992242598,1.0606883123388036
7989.177173985636,1.9685675268511886,1.0247143307773847
7990.587838049334,2.1877392474253696,0.9679693930505013
7991.998502113032,2.3420703029435757,0.9061696715095973
7993.409166176731,1.581385749746694,0.9065697978178562
7994.81983024043,1.862459714547363,0.9617310633215351
7996.230494304128,1.985724393700714,1.020370213788558
7997.641158367827,1.4283853302860976,1.065126858125812
7999.051822431526,-0.41891783662146764,1.082508417399923
8000.462486495224,-0.6970304730640962,1.0868990140056394
8001.873150558922,-0.7995711009587652,1.0896628577510674
8003.283814622621,-0.6722503703576308,1.0901615274704513
8004.6944786863205,-0.13834861085548766,1.0867339117890407
8006.105142750019,0.0614598487665603,1.0848704231281179
8007.515806813717,0.109742077020762,1.0818018585843279
8008.926470877415,0.294476915868664,1.0743460697696472
8010.3371349411145,0.7707513795493028,1.0592905980167548
8011.747799004814,1.6374703979698566,1.0269243682685523
8013.158463068512,2.2776849858001,1.0094790070983028
8014.56912713221,1.6574592268995332,1.022935478392148
8015.979791195909,-0.022521237826090612,1.0610995856773782
8017.390455259608,-0.5481451324913422,1.0761604602693764
8018.801119323306,0.4351460417829571,1.0682693371376648
8020.211783387005,1.1351473318243066,1.059625039492416
8021.6224474507035,1.038814162681696,1.0476934019662352
8023.033111514402,-0.2702116064519373,1.0179038024313436
8024.4437755781,0.8075949540550909,0.9629172440117251
8025.854439641799,1.3670738619209004,0.9544848411090435
8027.265103705498,1.6427357771973234,0.9826015668087039
8028.675767769197,2.195440056048909,1.0266459452520789
8030.086431832895,1.7562004032160843,1.0476542451578197
8031.497095896593,0.5244567166959513,1.0656065386110187
8032.907759960292,0.034797677040515396,1.0749030088392477
8034.318424023991,1.2675381692767118,1.0724400149981463
8035.72908808769,1.7340823333080237,1.0712011669820678
8037.139752151388,0.9401690099788453,1.0761408018886713
8038.550416215086,0.19756953148836942,1.0822738582816116
8039.961080278785,0.07643452723068123,1.0860366563941515
8041.371744342484,0.34408537494496017,1.0807231887360325
8042.782408406183,0.4339222738405155,1.0825567503966174
8044.193072469881,1.2048822884083492,1.0748297987709698
8045.60373653358,2.350303274632914,1.0603794328763139
8047.014400597278,2.1943691050706704,1.062334981754079
8048.425064660977,1.0449550237663843,1.0618244372051295
8049.835728724675,0.5735199178276034,1.0520519984611505
8051.246392788375,0.79714929684053,1.040399667420197
8052.657056852073,1.2509386086391032,1.0430484703427327
8054.067720915771,0.3856297127970407,1.0678968665979924
8055.478384979469,-0.4075039653299086,1.0835367831990925
8056.889049043169,-0.38993974001012077,1.0832954259627878
8058.299713106868,1.217803757092362,1.0619259365806324
8059.710377170566,1.1713869739215141,1.0294936730625117
8061.121041234264,1.1673200911404749,1.0051992302916275
8062.531705297963,1.1521841763380252,1.0030463310808724
8063.942369361662,1.0596650576775914,1.032714750185653
8065.35303342536,0.2779933213079886,1.0611625174592196
8066.763697489059,0.306206474168242,1.0748510796749533
8068.174361552758,0.4111397858490804,1.0797584253141272
8069.585025616456,0.182772939490917,1.0811249241258263
8070.995689680154,-0.13649184217591426,1.0936403134401502
8072.406353743853,0.10362280572611837,1.08299057221475
8073.8170178075525,0.39377048619489585,1.0771596057470398
8075.227681871251,0.37320019088048184,1.0834372830382542
8076.638345934949,-0.3187175467592631,1.083952835928748
8078.049009998647,-0.2809836730832842,1.0848188214433354
8079.4596740623465,-0.10572040294744767,1.0853072439054436
8080.870338126046,0.10238490992321658,1.0839192205314059
8082.281002189744,0.4237332956024389,1.0763870077474924
8083.691666253442,0.023581858272535783,1.0805149929804592
8085.1023303171405,-0.6510664127162684,1.0859009599850205
8086.512994380839,-1.3483482766954218,1.093332773724818
8087.923658444538,-1.6773524347962656,1.108816929808789
8089.334322508237,-1.9313007110381228,1.1064188618755684
8090.744986571935,-1.707262926617549,1.0959664410707353
8092.155650635634,-1.146553671325652,1.0811596233886611
8093.566314699332,-0.5506667392585562,1.0663924154426176
8094.976978763031,-0.06901905671658426,1.0755323790458424
8096.3876428267295,-0.1030773987504432,1.0837637795328108
8097.798306890429,-0.521362939657326,1.0883699445245378
8099.208970954127,-1.2146216679668527,1.087691682065827
8100.619635017825,-0.2970349189388024,1.0652637582878257
8102.030299081524,-0.03008402600835325,1.0572708743752801
8103.440963145223,-0.3028299625035018,1.0639544350064807
8104.851627208922,-0.894465813357666,1.0845084395085751
8106.26229127262,-2.1561293907622243,1.1040979544323295
8107.672955336318,-2.3755443204691282,1.1088293551370292
8109.083619400018,-1.5762660237378192,1.1024979358763618
8110.494283463716,0.04404021586221063,1.0894456273283872
8111.904947527414,-0.9285475135264036,1.0954903677661039
8113.315611591113,-0.9363517377365902,1.0975712185953792
8114.726275654812,-0.7347134396327348,1.0969459705922022
8116.13693971851,-0.7656902845602787,1.094862949011108
8117.547603782209,-0.6647785641445978,1.096937864114916
8118.958267845907,-0.4055587829405951,1.0901772868688866
8120.3689319096065,-0.46977975973293695,1.0901789289618942
8121.779595973305,-1.1441530813832905,1.1015025980038518
8123.190260037003,-2.753937092776109,1.0959371668543896
8124.600924100702,-1.986401219876786,1.0981363781821332
8126.011588164401,-1.2684253206612937,1.0971345705334667
8127.422252228099,-1.44458746887884,1.0910540739977985
8128.832916291798,-1.393786516005548,1.0974204561111591
8130.243580355496,-0.4816870814133125,1.0837380302097777
8131.654244419195,0.3447015745805402,1.0715459431325483
8133.064908482894,0.5948253124374361,1.0689879814333791
8134.475572546592,-0.6120310693011675,1.0786352500021228
8135.886236610291,-0.5271843157492029,1.0788609078797855
8137.2969006739895,-0.4708158955194932,1.0754048270837198
8138.707564737688,-0.8362086691263073,1.0725716124706735
8140.118228801387,-1.6162892024682805,1.0817994759752134
8141.528892865085,-1.266334374248384,1.0843192652937692
8142.9395569287835,-0.2881436441590708,1.0775378009620233
8144.350220992483,0.6212004221310607,1.0654084373435166
8145.760885056181,-0.726452161025346,1.066157138802194
8147.17154911988,-0.8952301840566044,1.0669233752431813
8148.5822131835785,-0.6735774544387318,1.0706875640696965
8149.992877247277,-0.3965471107331986,1.075912477907816
8151.403541310976,-0.5431188647861873,1.0746247942185112
8152.814205374674,-0.3904096420791774,1.0715003815496822
8154.2248694383725,-0.006177038446082861,1.0719060804151397
8155.635533502072,0.22997697804909478,1.0777126900661727
8157.04619756577,-0.9234493446082439,1.0914002938881617
8158.456861629468,-1.8137506126190708,1.0926857604588538
8159.867525693167,-1.648044394126856,1.079750382339217
8161.278189756866,-0.7564723822810926,1.0620159333587504
8162.688853820565,-0.7857167247572576,1.0703935151694641
8164.099517884263,-0.7083357890651527,1.0688350366695305
8165.510181947961,0.1499498245034978,1.0637252622321536
8166.920846011661,1.1920679910082228,1.058331826844496
8168.331510075359,0.3638220979778346,1.0589371828823362
8169.742174139057,0.13390462069776632,1.0672901295422623
8171.152838202756,0.4885855259411791,1.0702014416441734
8172.563502266455,0.9408975732545137,1.0690419679419068
8173.974166330154,-0.15037281077048448,1.0758213841183852
8175.384830393852,-1.5710225737115024,1.08003077800334
8176.79549445755,-1.7482432536797887,1.0728762806315433
8178.20615852125,-0.6527241679836493,1.0573225966190007
8179.616822584948,0.9091530288322645,1.0480484338786036
8181.027486648646,0.012464299100805931,1.0619948236394605
8182.438150712345,-0.46008392400514,1.0712126576507381
8183.848814776044,-0.1750419224307187,1.0710114409642175
8185.259478839742,0.006782599666649958,1.0643731805297187
8186.670142903441,0.1785949741159314,1.0565931541349527
8188.080806967139,0.5594740752972527,1.0512373830753379
8189.4914710308385,0.8047541128403068,1.051505513039926
8190.902135094537,-0.44479751720813354,1.066398715547378
8192.312799158235,-0.21229401195904885,1.0609476131178388
8193.723463221933,0.6945261852576508,1.0501544716602886
8195.134127285633,1.7355837996454682,1.040508720419864
8196.54479134933,1.4673809931297512,1.0439616993158007
8197.95545541303,0.5775587942090326,1.0559063663571087
8199.366119476728,-0.004802365838131095,1.066781386912189
8200.776783540427,-0.1038881714347859,1.0739562881801927
8202.187447604127,-0.05163278916527858,1.0770599532288034
8203.598111667823,0.3414994935780449,1.0775817727468764
8205.008775731523,0.19605220481652097,1.08075919742496
8206.419439795221,-0.4645130944944853,1.0835526605155568
8207.83010385892,0.05921835488707572,1.0602157863175672
8209.24076792262,0.9214286666894225,1.0621897404709373
8210.651431986316,1.0722275366314946,1.0702888852701633
8212.062096050016,0.3083694773598076,1.0779227160405205
8213.472760113715,-0.25803366538239203,1.0862278348190328
8214.883424177413,0.4203216137539414,1.077607410681744
8216.294088241113,0.4878435822806324,1.073785020816241
8217.70475230481,-0.6279969429008254,1.0821255253076605
8219.11541636851,-0.6455890240086255,1.0835619998444925
8220.526080432208,0.09118613865703296,1.0782318775300914
8221.936744495906,0.6206402919221929,1.0718650177949085
8223.347408559604,0.47264012561581836,1.0670381920403593
8224.758072623303,0.4253378435845079,1.0587123041418192
8226.168736687003,-0.5967189226442997,1.049233305658975
8227.5794007507,-1.0111724509064643,1.0401004629451331
8228.9900648144,0.149860588615919,1.032695715960789
8230.400728878098,0.49571312626247277,1.036774587633494
8231.811392941796,0.07808496693019151,1.057212234039246
8233.222057005496,-0.2573293768971965,1.0731288469904285
8234.632721069192,0.20987386846022815,1.0672681572622604
8236.043385132893,1.1001019169760902,1.062350801724326
8237.45404919659,0.9475360723527082,1.067009529336942
8238.86471326029,0.4592304232673925,1.0707484592567598
8240.27537732399,0.3675513039592673,1.0619901811299064
8241.686041387686,1.0259209076666878,1.0613622442467776
8243.096705451386,1.3936777212812146,1.0590780666955435
8244.507369515084,1.5365132849320418,1.0543826445795845
8245.918033578782,1.5783472607455735,1.0463979362750437
8247.328697642482,3.5920211320687514,1.034357056001741
8248.739361706179,4.0736299539850265,1.030614829753555
8250.150025769879,3.386865346822823,1.033830523045427
8251.560689833577,2.721777686892782,1.040134373567507
8252.971353897276,1.5746249086642727,1.0476613884602894
8254.382017960974,0.5118544378790837,1.0571025703196208
8255.792682024672,-0.1093189909809098,1.0655583164182147
8257.203346088372,0.5984863457917875,1.0643896493726233
8258.61401015207,1.6457956856719314,1.0551638814848958
8260.024674215769,2.028281850335464,1.0525058939458618
8261.435338279467,1.5740974039477322,1.0577612625829371
8262.846002343165,0.4745976591151049,1.0639591767928853
8264.256666406865,0.48483634157944167,1.063300061692708
8265.667330470562,1.0683863238477862,1.0571868875827908
8267.077994534262,1.8552963611625337,1.0486879245242875
8268.48865859796,1.2603569596254438,1.0570303437396587
8269.899322661659,-0.4000211377157683,1.0748442652805394
8271.309986725359,-1.6369980830903543,1.0875972897227164
8272.720650789055,-1.8253160296999376,1.0888075783395226
8274.131314852755,-2.1284762749727406,1.088572333854629
8275.541978916453,-1.6996832690267567,1.0526881995894766
8276.952642980152,-0.794884156038151,1.0113534897806862
8278.363307043852,0.4285840124174882,0.9859795123574069
8279.773971107548,0.5158267066683919,0.958053838883448
8281.184635171248,0.2637232202586759,0.9561336980864958
8282.595299234947,0.20005053402308093,0.9705642045699122
8284.005963298645,0.9838876005540698,0.9914203121399154
8285.416627362345,-0.8673516201553895,0.9741490393339796
8286.827291426041,-2.051055708600046,0.9496750071404778
8288.237955489742,-2.0946597740983854,0.9362704390564179
8289.64861955344,-0.20636820315629478,0.9669056366933001
8291.059283617138,0.9118981693659123,1.0102463599782812
8292.469947680836,0.15162335269254257,1.0286116676763477
8293.880611744535,-1.7387144843942863,1.0186105623691017
8295.291275808235,-2.0216743708241083,0.9824516614952947
8296.701939871931,-0.5765640139058519,0.9184904752842451
8298.112603935631,0.9152310817343832,0.8921595115976563
8299.52326799933,1.877720306830355,0.9184242216681082
8300.933932063028,1.187594165147793,0.9870441571497753
8302.344596126728,-0.30324888542361705,1.041082297252675
8303.755260190424,-1.6008073164263443,1.0738441656883655
8305.165924254125,-2.1377799896724596,1.080883695690686
8306.576588317823,-0.44252551089249437,1.0576235755867758
8307.987252381521,0.1397856681533085,1.0326105593676345
8309.397916445221,-0.15728002197831614,1.0146526720351248
8310.808580508918,-1.20615988421304,1.0111880098186716
8312.219244572618,-1.498008456204559,1.0424873044645522
8313.629908636316,-1.1105135874921466,1.0615244593284296
8315.040572700014,-0.5505975158636893,1.069076994825516
8316.451236763714,-0.5788141975497183,1.065433891697347
8317.86190082741,-1.619873958900179,1.0768323590658846
8319.272564891111,-2.4100042830810153,1.0865172405459105
8320.68322895481,-2.454923113879264,1.089533304675009
8322.093893018508,-0.7719071237233237,1.0757699691054359
8323.504557082206,0.7747520943215669,1.062178698343064
8324.915221145904,1.2630245266717672,1.0557354379757717
8326.325885209604,0.7995032758250034,1.0569970210505462
8327.736549273302,1.0288617559231454,1.0601449136726875
8329.147213337,-0.17154552283294322,1.0689915404268002
8330.557877400699,-1.1419422484555355,1.0786282180568856
8331.968541464397,-1.314544865688969,1.086125067684245
8333.379205528097,-1.8448528426186748,1.078017120089095
8334.789869591794,-2.0322067039584546,1.081478252173875
8336.200533655494,-1.3771092932510385,1.0780376672639456
8337.611197719192,0.4006955629425555,1.0502835135907036
8339.02186178289,-0.3606937047082148,1.0349855338841285
8340.43252584659,-2.0819039399711876,0.9599178841763146
8341.843189910287,-3.1641259522509486,0.8485709153311382
8343.253853973987,-0.4142942229611819,0.7440269526873577
8344.664518037685,0.30710907923125674,0.7797930454356912
8346.075182101384,-0.3705082828974575,0.8679116300921468
8347.485846165084,-1.6565303254339128,0.9735765745291654
8348.89651022878,-0.6649410384793626,1.008758229771008
8350.30717429248,-0.22373726705834684,0.976070101609671
8351.717838356179,0.21063578392929827,0.9347986644608938
8353.128502419877,0.7111833184790335,0.9114567942473241
8354.539166483577,0.2628859303238258,0.9770815720498739
8355.949830547273,0.31364997409594864,1.0285311828121304
8357.360494610974,0.6246084229627478,1.0550831771108777
8358.771158674672,1.0905341620410844,1.0454812872853445
8360.18182273837,0.2177088318021667,1.0429426447251176
8361.592486802068,-0.4020767610477378,1.0303352275323774
8363.003150865767,-0.5144961121680893,1.0136803845609819
8364.413814929467,-0.3243599681863074,1.0038245571649513
8365.824478993163,-0.6648623210322384,1.0248655624445946
8367.235143056863,-0.8002396689567668,1.0469169059627956
8368.645807120562,-0.654545171709163,1.063572500453374
8370.05647118426,-0.08834644693429183,1.0655546435406675
8371.46713524796,0.08630790940164346,1.06582181979156
8372.877799311656,-0.1178039570506968,1.066739478314362
8374.288463375357,-0.6330880768701164,1.0687002580529177
8375.699127439055,-0.2852071740179305,1.06279595470689
8377.109791502753,0.6394975650449766,1.0427260775526286
8378.520455566453,1.3693799332534518,1.0139842385749875
8379.93111963015,1.1414755031474861,0.9804313019925517
8381.34178369385,-0.1471011045026529,0.9650545084906492
8382.752447757548,-0.8830240319846219,0.9796390349790165
8384.163111821246,-0.9446164654379707,1.01508006953202
8385.573775884946,-0.1847589924396722,1.0516508313067054
8386.984439948643,-0.6967951945805204,1.0667562038790661
8388.395104012343,-0.6410796856053587,1.0686047207802434
8389.805768076041,0.2527144318319756,1.0594144346699994
8391.21643213974,1.1680800154405624,1.0436809616806308
8392.627096203438,0.9781532982323213,1.049019599735184
8394.037760267136,0.12241054613751956,1.0428067048996472
8395.448424330836,-1.179511872758642,1.004469612302985
8396.859088394534,-1.3558681171580957,0.8570179258272888
8398.269752458233,-1.6862737710336653,0.7867251290516645
8399.680416521931,-1.3408475410258234,0.7956153884997044
8401.09108058563,1.1735986502810505,0.9013566306265203
8402.50174464933,1.5547687640517047,0.9894317050715454
8403.912408713026,0.7652568636015324,1.0434445446131762
8405.323072776726,-0.5730094768471687,1.0636899532535817
8406.733736840424,0.0008521566201693531,1.060204568569399
8408.144400904122,-0.18754027822233965,1.0642367837289057
8409.555064967823,-0.7598181437509339,1.0658985665932668
8410.965729031519,-1.5092453260840877,1.0583182743761796
8412.37639309522,0.7857297962324061,0.9676807134399322
8413.787057158917,1.7794104464139835,0.9117277468292727
8415.197721222616,1.521666931609289,0.9022895240946847
8416.608385286316,-0.20638185711301915,0.964883882749545
8418.019049350012,-0.2620647462358434,1.025358584722884
8419.429713413712,0.07850379419986808,1.053654647932055
8420.84037747741,0.592237101894586,1.053664376628905
8422.251041541109,0.8988227113896023,1.0515823884654898
8423.661705604809,0.07209840615079344,1.0498846779817748
8425.072369668505,-0.5992177171018902,1.0234407911336703
8426.483033732206,-0.5828844593433473,0.9590215469206298
8427.893697795904,0.0012309545924438225,0.8327730886243807
8429.304361859602,-0.04345019369750247,0.7842774446953915
8430.7150259233,0.08992612125636512,0.7961870086074275
8432.125689986999,1.5143466922145699,0.8592353562495966
8433.536354050699,2.030966751732791,0.9683600724277622
8434.947018114395,1.5924885261114383,1.034274804515507
8436.357682178095,0.4666770671680034,1.0556543289405367
8437.768346241794,-0.25407691297495916,1.0652531650659594
8439.179010305492,-0.0129241890037477,1.0636458784241893
8440.589674369192,0.5304588874329319,1.0587344334193507
8442.000338432888,1.0840799100159941,1.0538311581778104
8443.411002496588,0.6429192791945724,1.0548691729279327
8444.821666560287,0.41035745739939244,1.05330627033537
8446.232330623985,0.320277560722257,1.0484907084916222
8447.642994687685,0.27095720954716995,1.0386489798832033
8449.053658751382,1.6807567150837421,0.9909089536480533
8450.464322815082,2.6788879945867308,0.9508118591908868
8451.87498687878,2.715429240732135,0.9324931686923116
8453.285650942478,0.08980603503782802,0.9798564198888631
8454.696315006178,0.08834644693429183,1.0232656574935242
8456.106979069875,0.2502359295563288,1.054106275634952
8457.517643133575,-0.8284064706384981,1.0656332599979585
8458.928307197273,0.6323150604938377,1.049884980485086
8460.338971260971,1.1759660868186614,1.0099297259872124
8461.74963532467,0.9084679703539393,0.9272983120945054
8463.160299388368,-0.01407029256567327,0.7513540207806089
8464.570963452068,1.4619804290345755,0.7072438898305601
8465.981627515766,2.5720176068061917,0.7583151021799761
8467.392291579465,2.5923499946175994,0.8889423454105191
8468.802955643163,1.1447310676839102,0.9886429894306332
8470.213619706861,1.168363655770296,1.0230438105777564
8471.624283770561,1.5815130582477757,1.0297133866133397
8473.034947834258,1.4781080996925517,1.0373145068903467
8474.445611897958,0.9167406953479755,1.0426739238151277
8475.856275961656,1.017457063729445,1.0453135521301216
8477.266940025354,1.2795328396724557,1.048027042132523
8478.677604089055,-0.48211436017151854,1.0615941194607463
8480.088268152751,-0.9445254220737525,1.0664544175794854
8481.498932216451,-1.0714657573931206,1.0701927789255155
8482.90959628015,-1.2288507574931984,1.0756852026231107
8484.320260343848,-0.8717592983355154,1.066885010517768
8485.730924407548,-0.11789220215621654,1.0594929694274307
8487.141588471244,0.674311135149992,1.0526444468150191
8488.552252534944,0.8609681465746704,1.044908888886468
8489.962916598643,-0.10439293769400493,1.026466704262792
8491.37358066234,-0.09680653591789223,0.9976673678340892
8492.78424472604,0.9545956962095872,0.9657717451690253
8494.194908789737,-0.7959114414304231,1.0021096171828336
8495.605572853437,-1.8588901727057454,1.0390197250981426
8497.016236917136,-1.9821048931050456,1.0612367496347428
8498.426900980834,-0.6925935135465977,1.0507687801336054
8499.837565044532,-0.28398129734360467,1.0408769558437847
8501.24822910823,-0.03426934961649408,1.0078673241257963
8502.65889317193,0.003353898313275039,0.9569071991814699
8504.069557235627,-0.8296466973294727,0.9162368364583034
8505.480221299327,-0.441014662959887,0.9241350471650569
8506.890885363026,0.2160511663371878,0.9637916120532751
8508.301549426724,0.717623762252714,1.031284727652312
8509.712213490424,0.18205103719305527,1.049034715302804
8511.12287755412,-0.2902970696843923,1.0590934501607667
8512.53354161782,-0.6731586045795517,1.0642153106019847
8513.944205681519,-0.9107552296019357,1.068528860627265
8515.354869745217,-0.5767000046404434,1.060901634875528
8516.765533808917,-0.5092930799826085,1.0598897809431882
8518.176197872614,-0.8980700723287249,1.0702316766817304
8519.586861936314,-0.9598435554364215,1.0564411402405547
8520.997526000012,-0.4605054853827113,1.0528651072218953
8522.40819006371,0.1820002403587857,1.0534468483782633
8523.81885412741,0.4239918958988156,1.0500228235216131
8525.229518191107,-0.5459397161352797,1.057320817981788
8526.640182254807,-0.7574409383210181,1.060089957151917
8528.050846318505,0.0016247123243857686,1.05639488112559
8529.461510382203,-0.10177271483975403,1.0569822123660344
8530.872174445902,-0.16965184139092315,1.0566385051133642
8532.2828385096,-0.11300970804216703,1.054119793894827
8533.6935025733,0.22451286523613945,1.0474619301127708
8535.104166636998,-0.008708629921525102,1.022021296505956
8536.514830700697,-0.44073207983479534,1.0103984034303737
8537.925494764395,-1.1713609638166638,1.0167394312098965
8539.336158828093,-3.2592544891950688,1.0448378234922218
8540.746822891793,-4.021845950317772,1.0721270993297591
8542.15748695549,-3.5682154275913156,1.0842460081634322
8543.56815101919,-1.6701896166471286,1.0663094902317758
8544.978815082888,-0.7359044280214597,1.0416735001981523
8546.389479146586,-1.0378722097856397,1.0136068009580665
8547.800143210286,-1.8606913484779852,0.9863737499537344
8549.210807273983,0.060614138415587604,0.9786284112653082
8550.621471337683,-0.02267409923884145,1.0060542109524475
8552.032135401381,-0.46137945049468954,1.0357520258427213
8553.44279946508,-0.34270086544159284,1.0484817321070452
8554.85346352878,0.12043327389051228,1.048143719286516
8556.264127592476,0.3411749342509758,1.0488983844420523
8557.674791656176,0.3401123335161529,1.0505653843671896
8559.085455719875,0.3283731003385242,1.050431068588654
8560.496119783573,0.023755595997560164,1.0522391020244464
8561.906783847271,-0.24754732209772712,1.053019458283157
8563.31744791097,-0.27098537244965826,1.0510888115902757
8564.72811197467,-0.5366779795088235,1.061325780030549
8566.138776038368,-0.8693431348478029,1.062520106527169
8567.549440102066,-1.1273047597572585,1.058541348190912
8568.960104165764,-0.8412286916497109,1.0623359630976423
8570.370768229463,-0.12596474201242458,1.0491497980290407
8571.781432293163,0.19338644459992693,1.0404211627136393
8573.19209635686,-0.32668637169228276,1.046706627732677
8574.60276042056,-0.6066313752905401,1.04478304894519
8576.013424484257,-0.08363444918477825,1.041105519969008
8577.424088547956,0.8482615231598949,1.0368032181966926
8578.834752611656,1.0383890020283921,1.034851094090337
8580.245416675352,0.3894201390620964,1.045621219064396
8581.656080739052,-0.09987555682812754,1.0501540627139159
8583.06674480275,0.04924983243283165,1.0388529713470378
8584.477408866449,0.8510572637292633,1.0319443527241963
8585.888072930149,0.4696397683339697,1.0277603833704427
8587.298736993846,-0.6461690352874605,1.0279246344250994
8588.709401057546,-1.2690763231186928,1.0393124012408372
8590.120065121244,-1.2977082808942129,1.0474299568424723
8591.530729184942,-1.0008358951491658,1.050591120965648
8592.941393248642,-0.4421000168939422,1.0470421732831232
8594.352057312339,0.27009775988497964,1.0277555398001128
8595.762721376039,0.39036304978961667,1.0163372223673721
8597.173385439737,0.1696260164894845,1.0136312275800916
8598.584049503435,0.5814871883598727,1.0230360021863916
8599.994713567134,0.706310798955311,1.0285190796234158
8601.405377630832,0.7079569537468338,1.0331366743124502
8602.816041694532,0.6247271442569513,1.0383889349845359
8604.226705758228,0.5448596098063838,1.0358889516844174
8605.637369821929,0.35947613348574947,1.0332969906262415
8607.048033885627,0.1351832407443112,1.0308067962440617
8608.458697949325,0.1695958102808035,1.0275963753935264
8609.869362013025,0.27729977741526923,1.0210781173287797
8611.280026076722,0.3928963413688855,1.011705757988783
8612.690690140422,0.5493625654110765,0.9989714987984861
8614.10135420412,0.8841808810868415,0.9879416922542389
8615.512018267818,1.429759060593291,0.9680705899486053
8616.922682331518,2.0510142093968966,0.9435114534281898
8618.333346395215,1.9419612365060956,0.9450948166590295
8619.744010458915,-0.2453853220995157,0.9443962079428181
8621.154674522613,-1.9396958155844608,0.9400411648752853
8622.565338586312,-0.6309527253283669,0.9294317934949767
8623.976002650012,-1.4500671758127837,0.9201866531161156
8625.386666713708,-1.7529615372414327,0.9117500530240698
8626.797330777408,-1.161503301002348,0.9037563311008686
8628.207994841106,0.53219913972314,0.8930541882963611
8629.618658904805,0.030204624488252563,0.8950332162552935
8631.029322968503,-0.9146944890490154,0.9009900337945889
8632.439987032201,-0.10413782741617084,0.9008148485366173
8633.850651095901,0.031078039028582083,0.9055395960702005
8635.2613151596,0.16821564585649895,0.9139002897677534
8636.671979223298,0.44670106719935987,0.9258305385150938
8638.082643286996,0.6426962963842193,0.9399376930645511
8639.493307350695,0.7443721929457716,0.9557907794358661
8640.903971414395,0.8244356872696379,0.9731143320686527
8642.314635478091,0.9696272699008155,0.9919927941079687
8643.725299541791,0.16738184692807678,0.9960594025193319
8645.13596360549,-0.26232659682650805,0.985930363426755
8646.546627669188,0.23608652832412602,0.9595101931315159
8647.957291732888,1.5464598377018106,0.9150768460205243
8649.367955796584,1.7084356810974484,0.8883527394263749
8650.778619860284,0.791087374415369,0.8803652308022857
8652.189283923983,-1.2571727652023945,0.8999409800465802
8653.599947987681,-1.9835653496544907,0.9059902877519387
8655.010612051381,-2.0102743146140014,0.9074905211119213
8656.421276115077,-1.5309026580166005,0.9090134354390194
8657.831940178778,-2.558746883880673,0.9024475432432023
8659.242604242476,-2.7428882271831903,0.9042904567243975
8660.653268306174,-1.8754617555129656,0.9130184335195858
8662.063932369874,0.10020861783929647,0.9041382731619914
8663.47459643357,1.0462645780349362,0.892767594359194
8664.88526049727,1.1096520710158018,0.888984102302083
8666.295924560969,0.09611400983578378,0.9090953576902944
8667.706588624667,1.3587334851573942,0.9130785045292799
8669.117252688366,0.6375595640311822,0.9192222884312296
8670.527916752064,-2.9964051922229373,0.9316510392048368
8671.938580815764,-1.477396958798547,0.9433043298512014
8673.34924487946,-0.28699686145983705,0.9411792830521699
8674.75990894316,0.178173910686791,0.9358253006313029
8676.170573006859,-1.4903750456096283,0.9541578294862244
8677.581237070557,-0.8692842022729153,0.9663060797967343
8678.991901134257,0.165767683393792,0.9693179802716587
8680.402565197954,0.771035199227601,0.9592533671644903
8681.813229261654,1.3042117695685285,0.9680599472475468
8683.223893325352,1.247430849251998,0.9762256593130267
8684.63455738905,0.5708970250269765,0.983351331281038
8686.04522145275,-0.7643542526766467,0.9950561078860275
8687.455885516447,-1.249718122462422,1.0027776618970863
8688.866549580147,-0.8751428158458907,1.0040428927512708
8690.277213643845,0.77274094080434,0.9928601842043921
8691.687877707544,0.40495503484914863,0.9933315131490396
8693.098541771244,-0.357743648882753,0.9982088896505916
8694.50920583494,-1.1505175750822652,1.006177532574633
8695.91986989864,0.22680906558820269,1.0115217517309627
8697.330533962338,1.0312460106337014,1.0031432808649934
8698.741198026037,1.2131731284143399,0.9905946655609169
8700.151862089735,0.3311053899197631,1.0014542266337572
8701.562526153433,0.34986488422594064,1.0060028820123472
8702.973190217133,0.4001261473956177,1.0078955803139966
8704.383854280832,0.0,1.0085310433520922
8705.79451834453,-0.01217735265867148,1.0035165829034602
8707.205182408228,0.20024796078123686,1.002419669631797
8708.615846471926,0.5409088358036129,1.0057655074399725
8710.026510535627,0.1272430257732502,1.0084037132105974
8711.437174599323,-0.5714242348259795,1.017472076572029
8712.847838663023,-1.1406059036752332,1.0263753583644666
8714.258502726721,-0.8796593916136359,1.0233665634018023
8715.66916679042,0.03152778199849848,1.0168517527197631
8717.07983085412,0.6979767682164528,1.011331703603437
8718.490494917816,0.7194101543147653,1.00870941460147
8719.901158981516,0.7230513371198022,1.013678356383085
8721.311823045215,0.1674307753434654,1.0148253657111308
8722.722487108913,-0.6690538883152506,1.0140047464772677
8724.133151172613,-1.217612130338079,1.0248329198027555
8725.54381523631,-0.3883344817430725,1.016972814454012
8726.95447930001,0.3583118322529053,1.0076666319901417
8728.365143363708,-0.8044815196243107,1.0170578855527055
8729.775807427406,-0.43328294664228295,1.0173474964007994
8731.186471491106,0.2538207647139501,1.0142163717963704
8732.597135554803,0.9997312211091653,1.0086783776653983
8734.007799618503,1.612360455929558,0.9994225469703404
8735.418463682201,1.943891027424801,0.9944898517988753
8736.8291277459,1.8374476480741038,0.9934412784636729
8738.239791809598,0.9654276121845449,0.9958753654042077
8739.650455873296,1.427247184199942,0.9938654371404256
8741.061119936996,1.9072140933676849,0.9909599509226616
8742.471784000692,0.9854143550470376,0.9901894955925666
8743.882448064393,1.3810207660596738,0.9897709888890908
8745.29311212809,1.4728775048076166,0.9924077764819181
8746.703776191789,0.8888591452002572,0.9990255257278741
8748.11444025549,-1.1099265396363656,1.0171109172856514
8749.525104319186,-1.826668885161748,1.0195992183085651
8750.935768382886,-1.5193270365316067,1.0100063283203062
8752.346432446584,-0.6864451887282357,0.996073268891381
8753.757096510282,-0.1937559914125515,0.9926648723484812
8755.167760573982,-0.16840452606402323,0.9805598273648622
8756.578424637679,-1.078891975665254,0.9379159246062926
8757.989088701379,-1.3427751843351423,0.8871890213360719
8759.399752765077,-0.9693152037841415,0.8461472940794831
8760.810416828775,0.10013005455436641,0.8196335402545165
8762.221080892476,-0.02118421359173439,0.8526399543209081
8763.631744956172,-1.0205968778210988,0.8581013365328638
8765.042409019872,-2.2360600762048364,0.8384888696078256
8766.45307308357,-0.9052928399096203,0.7908390728643137
8767.863737147269,-1.0645009657737248,0.8118774606819917
8769.274401210967,-1.7136291895346858,0.8716477122994981
8770.685065274665,-2.0929555478883834,0.9598910498417343
8772.095729338365,-1.5348448918854807,0.9589235581737492
8773.506393402064,-1.3742296059838033,0.9148466241020479
8774.917057465762,-1.9927677876918715,0.8326731025881684
8776.32772152946,-0.28195890155373604,0.7914985245119277
8777.738385593158,0.47568379407336536,0.7816980388502813
8779.149049656859,0.4839730658586312,0.8062888619461639
8780.559713720555,0.7959760075861908,0.9002110548051915
8781.970377784255,0.8916322361658082,0.9533188831284982
8783.381041847953,0.5793157663118471,0.9839229151443813
8784.791705911652,-0.6388248772055753,1.0026164358242933
8786.202369975352,-1.3356488022549833,0.9950054349114463
8787.613034039048,-0.5316821468659221,0.9646793599257866
8789.023698102748,2.5048147312585947,0.9074865905862707
8790.434362166447,2.6496498579122694,0.8883209114299071
8791.845026230145,1.708869317934198,0.9051273503997739
8793.255690293845,0.0024875766041851932,0.9523445704244248
8794.666354357541,-0.22672911403392249,0.9856358730395127
8796.077018421242,0.5981319136651244,0.9879185207347504
8797.48768248494,1.685838665332227,0.977368977945858
8798.898346548638,1.617335950094315,0.9817465951140246
8800.309010612338,0.20220126647556924,0.9921881121075342
8801.719674676035,-0.9970969384077968,1.002122592023901
8803.130338739735,-1.0452750311700605,1.0076669955022575
8804.541002803433,-0.9812551123530113,1.002944517073656
8805.951666867131,-0.8690083273383387,0.9980909374844121
8807.36233093083,-0.7029721562259503,0.9941002452132217
8808.772994994528,-0.49432391837407863,0.9813487726491114
8810.183659058228,-0.5037581935733222,0.9812149805611873
8811.594323121924,-0.5126112819938164,0.9887152164554113
8813.004987185624,0.31509427048397143,0.9900092231883788
8814.415651249323,0.8101337645670199,0.9851008070186019
8815.826315313021,0.6680623013916751,0.9842896742583829
8817.236979376721,-0.8508628871324113,1.000811562064063
8818.647643440418,-1.8895449141180478,1.004293323302125
8820.058307504118,-2.343979594170861,0.9970862267247916
8821.468971567816,-2.0422539252045873,0.977510803151974
8822.879635631514,-2.362395687232027,0.8449860133179153
8824.290299695214,-2.2520524962642305,0.7246430876924828
8825.70096375891,-1.6495844259689392,0.6304407900629617
8827.11162782261,-0.009070182831035112,0.6570971424440031
8828.52229188631,0.01814036566206667,0.7431064187777746
8829.932955950007,-0.7232864637234471,0.8486432700885894
8831.343620013708,-0.8120573245489915,0.8942502445421423
8832.754284077404,-0.14297990133549732,0.858140857153861
8834.164948141104,0.0,0.8089073861337694
8835.575612204802,-1.561153686618315,0.7898424093138297
8836.9862762685,-1.0942855158250886,0.8267646304668371
8838.396940332199,-0.6764281584131417,0.8869048809958238
8839.807604395897,-0.7569612092241584,0.966916600201753
8841.218268459597,-0.10265849055165077,0.9872986024105558
8842.628932523296,0.20986903687618153,0.9891699547880035
8844.039596586994,0.23387301911510505,0.9763389118961475
8845.450260650692,0.1065809496447443,0.9651886982460989
8846.86092471439,0.9090787636054642,0.9313502265822959
8848.27158877809,1.4780596998996351,0.8964800541969744
8849.682252841787,-0.6649285572308017,0.9028773983655105
8851.092916905487,-1.789488041027358,0.9433659798867543
8852.503580969185,-2.073653105591088,0.9817516109277724
8853.914245032884,-1.2951994174234613,0.993590407554794
8855.324909096584,-0.406451459737891,0.9924635079571508
8856.73557316028,0.2645758403603118,0.9885726089906154
8858.14623722398,0.7334564595418556,0.9834574497676875
8859.556901287679,1.019284578430156,0.9770449438158718
8860.967565351377,0.7200236329622527,0.972844047564354
8862.378229415077,-0.06794186205890185,0.9685028978342513
8863.788893478773,-0.6191298456309227,0.9439527506454469
8865.199557542473,-1.3402237355379292,0.8880585134459611
8866.610221606172,-1.9717222255934246,0.8299624351619034
8868.02088566987,-1.834747012563696,0.8325332559225064
8869.43154973357,-0.9743769888960152,0.8815934021040622
8870.842213797267,-0.08202730724494245,0.9371778525635409
8872.252877860967,0.33765358197880246,0.9723389250049261
8873.663541924665,0.7775077112051854,0.9800337535967037
8875.074205988363,0.8161887318774816,0.9852868414734094
8876.484870052062,0.27563948405776983,0.993760460525439
8877.89553411576,0.6504772417977023,0.9818558568161239
8879.30619817946,0.8414330763565054,0.9681816135473786
8880.716862243156,0.7609944910345519,0.9490530822151586
8882.127526306856,-0.05690229359909438,0.8572425758029598
8883.538190370555,-0.24828903743373942,0.74535952925436
8884.948854434253,-0.029189647851421086,0.6441053168550585
8886.359518497953,0.3463061162381109,0.6662304214202182
8887.77018256165,0.8618863179417531,0.7889573652258168
8889.18084662535,1.1999235841645195,0.9228181708462978
8890.591510689048,0.7596913385127735,0.9704948507861373
8892.002174752746,0.4333518389409612,0.9813380350615114
8893.412838816446,0.393738301223145,0.9789876558294389
8894.823502880143,0.8216564363106293,0.9686502834381886
8896.234166943843,0.8381929041882721,0.9616894944572639
8897.644831007541,0.8248484020877207,0.9426862165731406
8899.05549507124,0.8367292093019962,0.908674955368042
