wave,flux,uncertainty
3999.612572786498,0.9998614712877156,0.3452466130256653
4001.0231639758554,5.635130340244054,0.3429899939640836
4002.433755165213,17.51870028231681,0.3386884010175197
4003.8443463545705,-0.30067025829887584,0.34574064674537935
4005.254937543928,-58.903753575080465,0.3619479583702752
4006.6655287332856,-36.43366619930397,0.35560578741277393
4008.076119922643,-0.6043093003340667,0.3214736255391501
4009.4867111120006,6.50646953679648,0.33496369052779346
4010.897302301358,7.981095407615773,0.3407541857892212
4012.3078934907157,13.39339138295674,0.3382176163048058
4013.7184846800733,9.609722672814922,0.341080804024092
4015.129075869431,0.07697944360154185,0.34306905466591614
4016.5396670587884,-6.500732385368738,0.34465342167603447
4017.950258248146,-7.399059068303237,0.34512421332811305
4019.3608494375035,7.166811166278236,0.34056540194696266
4020.771440626861,8.492700894023292,0.33979912796705297
4022.1820318162186,1.2027662126586627,0.3417021848107603
4023.592623005576,-4.71249966046944,0.3434708183487217
4025.0032141949337,-12.619446365666636,0.3451439656750982
4026.413805384291,3.136568208968038,0.34138960206563584
4027.8243965736488,5.807898391920528,0.34009447077632576
4029.2349877630063,-7.014859635356277,0.34548067954403344
4030.645578952364,-32.898672791810334,0.3523731142751309
4032.0561701417214,-40.60587583319361,0.35450917988005803
4033.466761331079,-32.615443278705094,0.3517390996901104
4034.8773525204365,-21.481295145771263,0.34769985786018814
4036.287943709794,0.0,0.3407893944722543
4037.6985348991516,24.243391933783677,0.33393460839843525
4039.109126088509,15.488766309746921,0.33563639740448836
4040.5197172778667,3.915096084244656,0.33900073374241624
4041.930308467224,10.99786678704206,0.33687389171856486
4043.3408996565818,-15.330263926210934,0.3458279155001319
4044.7514908459393,-77.60823131681082,0.3638313137401055
4046.162082035297,-68.33554180974012,0.36138092990322035
4047.5726732246544,-16.01982090599194,0.3451969097981985
4048.983264414012,20.83654389531692,0.33457352410589414
4050.3938556033695,6.341691921919098,0.33772664837170957
4051.804446792727,11.434615948032409,0.3376183189666594
4053.2150379820846,-4.3884187865523145,0.3408426415324199
4054.625629171442,-3.1298699609029605,0.3405274964442183
4056.0362203607997,-2.576514711205853,0.34082027166130174
4057.4468115501572,-10.18781436939413,0.3424914015748842
4058.857402739515,-2.05462610079657,0.34052796917863165
4060.2679939288723,22.952351930268552,0.3337664277529176
4061.67858511823,9.689249101900678,0.33800695019014665
4063.0891763075874,-35.33365094792971,0.351413780360977
4064.499767496945,-39.157653863896414,0.3521977162316805
4065.9103586863025,-8.203130511453473,0.3442780039598158
4067.32094987566,7.161790580732677,0.3391033076751976
4068.7315410650176,27.66141245545839,0.3336409355811139
4070.142132254375,15.802032695929977,0.33733878633697867
4071.5527234437327,-16.578953563153977,0.3467673064060405
4072.9633146330902,-4.577974419591239,0.3437117315573595
4074.373905822448,7.090337290077862,0.34128189665301345
4075.7844970118053,-23.75600417219696,0.3489362287332868
4077.195088201163,-41.5144925385163,0.3555924962432432
4078.6056793905204,-41.557049511386126,0.3542396414325188
4080.016270579878,-2.0245460294106787,0.3437207356235655
4081.4268617692355,15.546783249622784,0.3385924052761978
4082.837452958593,-6.289530308121962,0.34439899905278204
4084.2480441479506,-16.12187995943809,0.34726709589857463
4085.658635337308,-2.793846131787693,0.34392911488694644
4087.0692265266657,-0.6554521507420938,0.3418395994701631
4088.4798177160233,31.876255603588756,0.33400073234192845
4089.890408905381,25.878533460584062,0.3348280180091055
4091.3010000947384,5.90929958501318,0.3409866548405742
4092.711591284096,7.050214935783747,0.34085999865515676
4094.1221824734534,-2.306875453364859,0.3436586267791611
4095.532773662811,-18.412550707349297,0.3490726038736795
4096.943364852169,-35.97588742332458,0.3547396856803292
4098.3539560415265,-56.62235566971734,0.362594938997463
4099.764547230884,-103.2269955117343,0.38093291924249084
4101.175138420242,-162.47262846527863,0.4090519671486119
4102.585729609599,-149.1620179512188,0.4005462606816123
4103.996320798957,-83.4533794695792,0.37435117127659
4105.406911988314,-45.79507737735073,0.35901153877227315
4106.817503177672,-18.636165287489693,0.3503150295627099
4108.228094367029,-18.57945069197439,0.34897984785376734
4109.638685556387,-10.376462733812676,0.3467210474303505
4111.0492767457445,-11.428584198291798,0.3466451347584005
4112.459867935102,0.6013405165977526,0.34290865044644353
4113.87045912446,16.812571909785497,0.33762075102338146
4115.281050313817,31.834570723580356,0.3334403549076607
4116.691641503175,32.23782856061115,0.3338371810417057
4118.102232692532,9.406611126933157,0.3398118276659916
4119.51282388189,-1.2595633150659888,0.3441126308957303
4120.923415071247,-5.4582012353577625,0.34539122418318763
4122.334006260605,8.94671940934438,0.3401497102801566
4123.744597449962,15.47683530969639,0.3392208647267762
4125.15518863932,16.874445209144895,0.33875742378663676
4126.5657798286775,8.920898562404297,0.34113089071487296
4127.976371018035,4.980560747024838,0.3419422812311184
4129.386962207393,20.74541185774075,0.3386538785672918
4130.79755339675,12.054980154529964,0.3404194567085492
4132.208144586108,-20.376282246201285,0.35076346715037005
4133.618735775465,-17.84712543430269,0.35005978039504704
4135.029326964823,8.671920563242853,0.34207507847486224
4136.43991815418,27.022817941413557,0.3370838465122677
4137.850509343538,37.31590872326787,0.3337617832021768
4139.261100532895,43.54763106284996,0.331475736482993
4140.671691722253,45.72450627999889,0.33238808984893864
4142.0822829116105,11.143662574566612,0.34047568053228344
4143.492874100968,-17.53680654060657,0.35079749214050227
4144.903465290326,11.846060673381583,0.34265656461673366
4146.314056479683,27.78174256085572,0.3379025108071213
4147.724647669041,22.553682496474753,0.3396749792589474
4149.135238858398,8.8686620062022,0.3434204647248741
4150.545830047756,5.465989898909058,0.34386623969239044
4151.956421237113,12.88701823392788,0.3430641690358727
4153.367012426471,-4.59210683282752,0.3487234048179347
4154.777603615828,-12.416830281291066,0.3501813741237129
4156.188194805186,-9.950036223015097,0.3502238088336669
4157.5987859945435,-3.713249639194583,0.34846768451698756
4159.009377183901,1.0905473956229708,0.34675156478479313
4160.419968373259,9.505846013569302,0.34469368253542065
4161.830559562616,13.88243167594705,0.3431919103572609
4163.241150751974,25.799534231184396,0.339412103030785
4164.651741941331,32.94148721316952,0.3377936525370185
4166.062333130689,19.537210557806223,0.34199218114895014
4167.472924320046,1.3729271694862786,0.3469939135952598
4168.883515509404,12.147329424738752,0.34513643323073245
4170.294106698761,3.621163200633582,0.34841016420071963
4171.704697888119,-33.8531772562305,0.35906010014651535
4173.1152890774765,-41.004548940525936,0.3623501873976674
4174.525880266834,-31.380860781204323,0.3579164833435109
4175.936471456192,-11.299464288431802,0.3524044215396002
4177.347062645549,-10.440645593051363,0.3525446112928466
4178.757653834907,-2.5622159054764366,0.34853022766508346
4180.168245024264,10.663083407668426,0.3458026305204432
4181.578836213622,-1.2932758522928975,0.349112727922563
4182.989427402979,-11.71989088718783,0.35237076960559816
4184.400018592337,4.976107233937734,0.34850126378526997
4185.810609781694,-2.5898902682327867,0.35010499424524355
4187.221200971052,-26.160814234217757,0.3575608575227926
4188.6317921604095,-9.260447162175321,0.35238946753676254
4190.042383349767,7.380582494083147,0.34710941530583944
4191.452974539125,11.791852627124218,0.34521442732168245
4192.863565728482,33.323872457276245,0.33990600506124724
4194.27415691784,22.746122492877504,0.3419788656963629
4195.684748107197,4.129649738931422,0.34804185818796546
4197.095339296555,-11.40936145373027,0.35307779220947566
4198.505930485912,-18.105733590276735,0.35551100828317395
4199.91652167527,-13.514545884294593,0.35357108814790167
4201.327112864627,-15.830103672046915,0.35435275607542194
4202.737704053985,-8.929343078869435,0.3522197529020715
4204.148295243343,4.69070203450454,0.34820242362170906
4205.5588864327,9.207622623892686,0.34663287375968455
4206.969477622058,10.777765112043255,0.34474811899455127
4208.380068811415,29.456416420258005,0.3400095255675738
4209.790660000773,24.0637641016014,0.34206026948567336
4211.20125119013,24.651538557914833,0.3411348405183309
4212.611842379488,31.134380223871027,0.339603780156151
4214.022433568845,28.34311520211848,0.3417943665561064
4215.433024758203,-4.19118807774659,0.3503492421156134
4216.8436159475605,-3.3599256155460124,0.35104186649043173
4218.254207136918,8.600303869727165,0.34746417258620615
4219.664798326276,24.276660543167488,0.3428181751909742
4221.075389515633,29.68793901679478,0.3417355311823346
4222.485980704991,7.225273138797528,0.3485314080270348
4223.896571894348,-17.429234503475385,0.3570384584086763
4225.307163083706,-69.20755478740233,0.3768565668255563
4226.717754273063,-109.15140242800668,0.3895021757696809
4228.128345462421,-47.33533720854455,0.3698127859053819
4229.538936651778,11.211290895461383,0.3481374423800411
4230.949527841136,25.315466398879366,0.34331453313547455
4232.3601190304935,13.220134083791692,0.34725602716375564
4233.770710219851,-5.527136658549872,0.3513486235074553
4235.181301409209,-15.712076449273523,0.35576627941882677
4236.591892598566,-27.91312764845289,0.35873247384612117
4238.002483787924,-13.86645174271048,0.3549847230783985
4239.413074977281,-10.046288186534083,0.35320016196527443
4240.823666166639,-0.8553180141256718,0.35091012283083645
4242.234257355996,-7.0462117124198205,0.33408498470890163
4243.644848545354,0.0,0.3265542356844252
4245.055439734711,7.0813311336352935,0.3247990293328603
4246.466030924069,-14.3583287120236,0.3306983007959256
4247.8766221134265,-27.60528870552972,0.33558802271178845
4249.287213302784,-31.38851796940014,0.33639684755690774
4250.697804492142,-21.399376386572904,0.33320518297991636
4252.108395681499,3.0446770039543583,0.3474355518442728
4253.518986870857,-3.1933663469652083,0.3525861399735334
4254.929578060214,-13.340399521482475,0.35589647566810273
4256.340169249572,-2.3678606925492334,0.3527983913938685
4257.750760438929,11.10901623367165,0.3495807660899719
4259.161351628287,-34.85339299953726,0.36328417779813166
4260.571942817644,-42.857948251864386,0.3666138235800752
4261.982534007002,-4.797682256333645,0.3554855694784909
4263.3931251963595,17.72662382061615,0.34708638786991025
4264.803716385717,24.566659807358693,0.34530812262764504
4266.214307575075,15.227490974079698,0.3485312037788281
4267.624898764432,-4.6733500471761085,0.35517658616665543
4269.03548995379,-15.391878365923528,0.359096107848239
4270.446081143147,-41.23936377845651,0.36900251304519327
4271.856672332505,-68.93990841927972,0.3777396764564443
4273.267263521862,-47.12476242031577,0.3716389868815961
4274.67785471122,-41.42358851296616,0.3683199594377445
4276.088445900577,-10.53903560755391,0.3580758505169316
4277.499037089935,17.892422535160833,0.34914968216063913
4278.9096282792925,13.08248524644101,0.35084682084514984
4280.32021946865,-18.901086492139257,0.36059758155744515
4281.730810658008,-8.770071107702718,0.35838554082134594
4283.141401847365,-3.5741831514762055,0.3560067044339231
4284.551993036723,-14.200064756940051,0.36025955802588727
4285.96258422608,-36.214748474150944,0.36677262347758793
4287.373175415438,-35.73420172069609,0.3678616519098452
4288.783766604795,-51.515323464161476,0.37326550722244534
4290.194357794153,-60.48901758355241,0.376007172423636
4291.60494898351,-36.035026580262574,0.36861284211214895
4293.015540172868,-13.184873086606759,0.35943300672631684
4294.4261313622255,-31.17458220029811,0.365308759121425
4295.836722551583,-44.14159951010136,0.37104515810874383
4297.247313740941,-69.86324485129141,0.3818435054178276
4298.657904930298,-112.62211636202933,0.40049792895615965
4300.068496119656,-134.35775842483307,0.4103617027908529
4301.479087309013,-126.49126231070807,0.40766609989415864
4302.889678498371,-118.48453022098514,0.40354606416354544
4304.300269687728,-108.54101971374337,0.3987795827231999
4305.710860877086,-100.42114886975001,0.39501879350806046
4307.121452066443,-128.34187574737254,0.40846166109635623
4308.532043255801,-150.20689344290668,0.4194079649586252
4309.942634445159,-137.14726130737972,0.4125356191834218
4311.353225634516,-112.70252339089117,0.39982830003745373
4312.763816823874,-80.94377077868238,0.38512776564307977
4314.174408013231,-41.54669720174296,0.3693168015719323
4315.584999202589,0.1422934366098918,0.35356906909730146
4316.995590391946,47.907916755235206,0.33957114931058696
4318.406181581304,41.640665330664035,0.34084599553679407
4319.816772770661,42.88430492478044,0.34037170388399285
4321.227363960019,26.336769489964293,0.3458679971054982
4322.6379551493765,-13.434994225038906,0.35903359003967517
4324.048546338734,-66.11892714939819,0.3774681104583004
4325.459137528092,-76.81159388348216,0.3818372322621165
4326.869728717449,-31.780612046091388,0.3657953225194746
4328.280319906807,14.047646512355755,0.3501953511477676
4329.690911096164,30.21925376546618,0.34439362214404
4331.101502285522,24.47218647915874,0.345896113723354
4332.512093474879,32.89333291366637,0.34342763002200494
4333.922684664237,31.8117514789061,0.3435343163122036
4335.333275853594,25.457173084476032,0.34668177438787423
4336.743867042952,-27.575680407843045,0.3644387718315451
4338.1544582323095,-87.12748336894838,0.3898019025591979
4339.565049421667,-150.48124502390095,0.4166061581488319
4340.975640611025,-147.6853579524236,0.41683524002928046
4342.386231800382,-89.1900415964138,0.3896374787799716
4343.79682298974,-44.60850712196702,0.37000885572993986
4345.207414179097,-11.358864601952135,0.3575368274269471
4346.618005368455,9.417412621118835,0.35043549764018467
4348.028596557812,20.61163140255382,0.3467871562384283
4349.43918774717,22.77473305764698,0.3468437596294113
4350.849778936527,-12.90361693885098,0.35787229001280163
4352.260370125885,-41.893379190443156,0.3669276411404968
4353.6709613152425,-12.544380157601601,0.3582749476939222
4355.0815525046,0.17356489788121188,0.35302388503511734
4356.492143693958,8.576525521386344,0.34950911212509
4357.902734883315,13.074707761395487,0.3466857056165141
4359.313326072673,6.275108510074776,0.3499746121067813
4360.72391726203,25.448978331946094,0.34370072304284705
4362.134508451388,31.047665805110153,0.34248423858282534
4363.545099640745,25.441001136141104,0.3435394249554965
4364.955690830103,36.91325826559782,0.34125298042614993
4366.36628201946,19.75703254187394,0.34583596346155965
4367.776873208818,2.7551470745765343,0.35030723598087665
4369.1874643981755,2.193199832537538,0.3504160678945595
4370.598055587533,6.333598051027526,0.3499988314782749
4372.008646776891,3.794127177930403,0.3503376481898124
4373.419237966248,-9.18709988157371,0.3546005615742766
4374.829829155606,-28.858108461078867,0.36057026959837296
4376.240420344963,-13.847593299114648,0.35573471023194464
4377.651011534321,4.378880913533056,0.3497914413795905
4379.061602723678,7.746047540225074,0.3477979763975653
4380.472193913036,12.508498039132768,0.3477365866195781
4381.882785102393,-27.88328244500682,0.36059356039039026
4383.293376291751,-82.16643702081092,0.3795669383752812
4384.7039674811085,-82.0099649647233,0.379561111397026
4386.114558670466,-29.499786264045287,0.3602514027313786
4387.525149859824,-12.5517926262446,0.3535299658206847
4388.935741049181,-15.021182248598919,0.35393308894677467
4390.346332238539,-20.79023692308025,0.35418994101631335
4391.756923427896,-2.588182688114665,0.35016849278812323
4393.167514617254,-6.617349488212362,0.3506777372434395
4394.578105806611,-20.91826594029418,0.3537648564793502
4395.988696995969,-6.062403435874556,0.34997964503660045
4397.399288185326,8.59142427448485,0.34537832144868463
4398.809879374684,-5.164061681346368,0.34965829105709145
4400.2204705640415,-22.374833330988487,0.35502407953146614
4401.631061753399,-12.935497934897448,0.3517114276537514
4403.041652942757,-12.577211961872912,0.35261462024307993
4404.452244132114,-38.84635120331527,0.3596507232677543
4405.862835321472,-20.3145777098861,0.3550335576268564
4407.273426510829,-7.013245144579541,0.35116786393012805
4408.684017700187,-19.608682877788695,0.35266563284706365
4410.094608889544,6.225992106106161,0.3465284438798635
4411.505200078902,19.75877835841017,0.3417936939472192
4412.915791268259,25.4394074977781,0.3403907106533998
4414.326382457617,-17.004966272699853,0.3527259762875254
4415.736973646975,-31.701185316136964,0.3575142422710725
4417.147564836332,-23.350096687632405,0.3542675504763717
4418.55815602569,2.0524091247755916,0.34638960526681745
4419.968747215047,22.471164712737394,0.33986486370545466
4421.379338404405,14.193438775589751,0.3431414337789598
4422.789929593762,0.288214388372634,0.3475149160316153
4424.20052078312,-4.277521415152445,0.34743528450634026
4425.611111972477,-2.1089454674221173,0.3477846296668137
4427.021703161835,0.5344602721263869,0.3472582450898435
4428.4322943511925,8.049865605817411,0.34469137488280155
4429.84288554055,3.9466277687234497,0.34629799986611165
4431.253476729908,4.390276474156314,0.34546326311596987
4432.664067919265,2.9437667121632387,0.3470758107838049
4434.074659108623,-18.53606572374602,0.3537625455465793
4435.48525029798,-29.21031449777928,0.3558562915952133
4436.895841487338,3.5801744035411214,0.34697746948307634
4438.306432676695,24.010869735921446,0.3404973963940598
4439.717023866053,21.43867115104957,0.34112565439017173
4441.12761505541,-0.38792241185838794,0.34739489418790986
4442.538206244768,-21.836611736140245,0.35413015084724986
4443.9487974341255,-16.90983254543827,0.35249634146777176
4445.359388623483,10.25607715779822,0.3442527534660859
4446.769979812841,9.117070419556164,0.34416250875320203
4448.180571002198,3.9776543067769543,0.34567210719556773
4449.591162191556,1.4403264601523933,0.3462347200383018
4451.001753380913,5.852411265984738,0.3452107262404146
4452.412344570271,4.1791347505236764,0.34654772089963837
4453.822935759628,-24.48875148962708,0.3549256066187379
4455.233526948986,-42.515148348976545,0.3606449977233248
4456.644118138343,-28.170858324272388,0.35618388853538197
4458.054709327701,-18.928303647852054,0.35363024882299493
4459.4653005170585,-13.941670344548028,0.3519127348683027
4460.875891706416,-23.50507884160172,0.3547982329075626
4462.286482895774,-12.169830834706376,0.3512322833538438
4463.697074085131,-3.527123558797586,0.3485270648897021
4465.107665274489,2.1892481645703983,0.3459796908017171
4466.518256463846,6.161902645557564,0.3457554035747702
4467.928847653204,-14.668309496988066,0.35127688157107695
4469.339438842561,-18.621781039827088,0.3529327161971375
4470.750030031919,-6.964766654471151,0.34908432949441487
4472.160621221276,18.742544872101128,0.341632664225634
4473.571212410634,24.218968688505758,0.339151274482378
4474.9818035999915,24.56469054243157,0.3394410338308191
4476.392394789349,16.482510539208064,0.3412025471534854
4477.802985978707,25.521680475783917,0.33920666230235674
4479.213577168064,12.766654902357335,0.34321487260546896
4480.624168357422,-21.656540263470134,0.35315084863311824
4482.034759546779,-31.07554523205643,0.35572723816786267
4483.445350736137,-10.287242509932625,0.3499499110769014
4484.855941925494,9.203650407480648,0.3433782275954766
4486.266533114852,20.509610336670473,0.3401087539200604
4487.677124304209,9.627084191500437,0.3434453380024548
4489.087715493567,-5.2294620787448345,0.347549219047274
4490.4983066829245,-3.432555322492861,0.3475102748430579
4491.908897872282,7.28750130473686,0.3440403725908404
4493.31948906164,7.914053157053981,0.34394321049837107
4494.730080250997,1.5035315679453063,0.3454703596987694
4496.140671440355,-0.3482809326469541,0.34614087851885744
4497.551262629712,5.9364253019848405,0.34400394076567664
4498.96185381907,15.13904043120721,0.3413255154622183
4500.372445008427,6.895506555236106,0.34342789151696074
4501.783036197785,3.137430893340176,0.344253812777234
4503.193627387142,11.267476536834238,0.3419055435370446
4504.6042185765,26.194196572189576,0.33769440532626815
4506.0148097658575,26.228947396521455,0.3370761553098462
4507.425400955215,17.078777929690297,0.34037199793205664
4508.8359921445735,14.95732732888895,0.340626404320171
4510.24658333393,19.018990856972067,0.33950343141079553
4511.657174523289,18.371797448244394,0.3398021885286671
4513.067765712645,4.489461782071918,0.34359471982025724
4514.478356902004,1.7131134632485692,0.34514536747987795
4515.88894809136,-3.492938592038997,0.34529485522351033
4517.299539280719,2.9940392993824205,0.3440389942908423
4518.7101304700755,-1.1083533586836158,0.3446208959559355
4520.120721659434,2.720025379659526,0.34365681766435696
4521.531312848791,-0.5344602721263869,0.3444538296011631
4522.941904038149,-8.683990276410526,0.3477578810995596
4524.352495227506,-13.786452815268538,0.348168884241362
4525.763086416864,-21.78601544614057,0.35100401199370446
4527.173677606221,-37.20261674483619,0.3557586889609618
4528.584268795579,-41.84565426794188,0.35690995689655247
4529.994859984936,-29.192827911858874,0.35296334431714504
4531.405451174294,-17.61302988506982,0.350199241623181
4532.816042363651,-25.32728848484713,0.35234441355203794
4534.226633553009,-48.628158782206576,0.3583661149808398
4535.637224742366,-39.25660442339639,0.3559776120046935
4537.0478159317245,-0.18333578320482014,0.34386374925381474
4538.458407121081,23.9216938498704,0.33624797701462783
4539.86899831044,21.909598542404172,0.33091641195981425
4541.279589499796,14.290126817228002,0.315398615536024
4542.690180689155,12.490525122812834,0.3376681502448733
4544.100771878511,3.671294206554558,0.34229595831305554
4545.51136306787,-5.761323922212528,0.3443697929133321
4546.921954257226,2.9875762646178536,0.3437922361326411
4548.332545446585,-22.68412840282501,0.34997288079611905
4549.7431366359415,-29.111319783785525,0.3524290670162921
4551.1537278253,-23.355981332586552,0.3499480791305331
4552.564319014657,-9.050222085329374,0.3470588149293484
4553.974910204015,-22.41543618730691,0.35019284977564724
4555.385501393372,-22.893918802140764,0.350638077986374
4556.79609258273,-8.387650352334292,0.34616617270250943
4558.206683772088,8.486831572988038,0.34113843167454216
4559.617274961445,5.053486575871581,0.3421336256401387
4561.027866150803,14.650522220339951,0.3393494611337837
4562.43845734016,16.4994947028761,0.33974779230271934
4563.849048529518,-7.049746943291018,0.34579163085544695
4565.259639718875,-8.862828611922309,0.3464396738419352
4566.670230908233,7.839326782373256,0.34205680463914945
4568.0808220975905,17.974944234261294,0.339155198214305
4569.491413286948,9.238993409433908,0.34173633784762686
4570.902004476306,-8.497131045323016,0.3465293051521979
4572.312595665663,-8.747406589084001,0.34647501293473304
4573.723186855021,7.224017711580684,0.34193236797130333
4575.133778044378,7.325495181029751,0.34126394500095236
4576.544369233736,3.4812558636736544,0.33475629521626993
4577.954960423093,10.106797000689324,0.34079548287129696
4579.365551612451,2.311438298130701,0.34338037656878434
4580.776142801808,-12.212988182963644,0.34821790834356925
4582.186733991166,-19.654741757410868,0.3504400300117882
4583.5973251805235,-20.129510921971313,0.3511151772244911
4585.007916369881,-19.16977477910511,0.3504325782645399
4586.418507559239,-10.776665012966228,0.34801429579484117
4587.829098748596,-0.9455183895079133,0.34500712673819744
4589.239689937954,4.148115260151706,0.34384015219263064
4590.650281127311,-4.394022115495421,0.3461232926387432
4592.060872316669,-10.27871823818812,0.3471910958944205
4593.471463506026,-9.345182260095172,0.34803141781381586
4594.882054695384,-1.7437019393938065,0.3451972081469257
4596.292645884741,-0.8409665747272193,0.3448642716423077
4597.703237074099,-0.07407789528152531,0.3446750601831193
4599.1138282634565,-4.025475139237431,0.3457521459679257
4600.524419452814,-8.759256366801102,0.34756492585203874
4601.935010642172,-11.568546766423934,0.3479546977823435
4603.345601831529,-6.580110874151105,0.34684285645733065
4604.756193020887,-1.1083728550128082,0.34525728887915436
4606.166784210244,2.9500646760186457,0.34367703726177495
4607.577375399602,11.312271713920229,0.34136677505958013
4608.987966588959,13.803627633526085,0.34052036097034105
4610.398557778317,10.657774861911099,0.3412950846839588
4611.809148967674,3.0305292991624038,0.3434582910707737
4613.219740157032,-1.2604999264844092,0.344549823506077
4614.6303313463895,5.123014075182528,0.3427294275507404
4616.040922535747,3.6221959385318137,0.3430415462581732
4617.451513725105,-1.313717760080523,0.34464741954611533
4618.862104914462,-7.0626594644206175,0.34638901494765795
4620.27269610382,-0.43589983898467377,0.3443156114184247
4621.683287293177,11.960201059804366,0.3411914217286124
4623.093878482535,9.102232600101882,0.3416593190012078
4624.504469671892,3.3848613309327,0.3433194119608659
4625.91506086125,2.0384120021880303,0.3436761205173754
4627.3256520506075,9.660259139384426,0.34177289518939835
4628.736243239965,9.01361122221004,0.3420758404015579
4630.146834429323,2.587661937171804,0.3438217870780133
4631.55742561868,10.504896966187006,0.34175443489381463
4632.968016808038,7.38419333598317,0.3423324258868891
4634.378607997395,8.039322620956462,0.34231405072633436
4635.789199186753,1.8984184367122834,0.3444478341016072
4637.19979037611,-5.077240796434367,0.34661817886308094
4638.610381565468,-2.2914232979676328,0.34582842507419953
4640.020972754825,-0.61142401346961,0.34540656706733547
4641.431563944183,9.676208226249676,0.3422218525836284
4642.8421551335405,14.430486088904713,0.3409138627119343
4644.252746322898,8.629978884923444,0.34241666635559365
4645.663337512256,-1.4018799799914408,0.34568278485822873
4647.073928701613,-10.968394437669422,0.34853274130876605
4648.484519890971,-11.522061166223365,0.34831328366582126
4649.895111080328,1.1576136270691937,0.3454963266192977
4651.305702269686,1.7220122899000212,0.3446744538546955
4652.716293459043,-0.827507375974727,0.34557010877149885
4654.126884648401,-6.312935719177033,0.3473317406371081
4655.537475837758,-9.5554123151445,0.3482281284161491
4656.948067027116,-2.6902510039442076,0.3462886997707982
4658.3586582164735,10.711021392696725,0.3414948975014105
4659.769249405831,21.12477897875594,0.3390319490794152
4661.179840595189,17.23840163731412,0.33990803044797646
4662.590431784546,8.391263117676955,0.3424297324296318
4664.001022973904,8.885451077607845,0.3422073073218182
4665.411614163261,2.5828317693086467,0.3447491190563295
4666.822205352619,-30.088202241056887,0.35427779717117797
4668.232796541976,-35.82651662740113,0.3563733485733038
4669.643387731334,-17.042607086305267,0.35110188447279517
4671.053978920691,-5.197303388811926,0.34712237520510253
4672.464570110049,-5.7386821225479885,0.34688951230675197
4673.8751612994065,-1.9841689020417075,0.3456870988238415
4675.285752488764,10.423282690197215,0.3418792330467393
4676.696343678122,6.850603161470865,0.3428832000891426
4678.106934867479,-7.80015179175355,0.3474490485749659
4679.517526056837,-16.59910140623923,0.3502406905478194
4680.928117246194,-16.461372759680653,0.35021244172886856
4682.338708435552,-14.656525679327466,0.349421828131514
4683.749299624909,-9.256591447524722,0.3477230939248007
4685.159890814267,-0.6915899128106346,0.34534743844781907
4686.570482003624,-7.439054351567108,0.3473195740306312
4687.981073192982,-14.146216198212231,0.3488584758707578
4689.3916643823395,-9.325101269285163,0.3478219433383483
4690.802255571697,-7.215915269058438,0.34688230683583754
4692.212846761055,-2.2884842701266357,0.3452228396832226
4693.623437950412,4.464242781823664,0.34329788672222644
4695.03402913977,10.656771965369076,0.3412001565411735
4696.444620329127,10.255017893726128,0.34185517620708195
4697.855211518485,-3.1152493975390105,0.3456009834150299
4699.265802707842,-3.7541638322539197,0.3461982930769272
4700.6763938972,-11.460917986630024,0.34851707519274594
4702.086985086557,-27.849305539551718,0.3542963572678968
4703.497576275915,-40.85227134023687,0.35727364419837354
4704.9081674652725,-10.82912081935417,0.349225529441361
4706.31875865463,-2.9795496021482433,0.3466638128106593
4707.729349843988,-18.51161145362797,0.3505736180085942
4709.139941033345,-13.759751503277046,0.34939170359027855
4710.550532222703,-5.11029118162366,0.3463685126208293
4711.96112341206,12.156819921012257,0.34291782231619167
4713.371714601418,-3.2815814866214823,0.34570301067714465
4714.782305790775,-7.000558155678111,0.34751844188289394
4716.192896980133,1.4198939687317416,0.3450936336080901
4717.60348816949,13.160631927039654,0.3418553844976642
4719.014079358848,15.3018909047216,0.34067610738210036
4720.4246705482055,20.75370336358977,0.33929148541935894
4721.835261737563,20.6998828250075,0.33937132341247106
4723.245852926921,21.38828637116517,0.3390938373188234
4724.656444116278,23.207143850151084,0.3385361359514332
4726.067035305636,22.584838587893838,0.33919870448267525
4727.477626494993,5.58873872836508,0.3438269901616197
4728.888217684351,2.449625807080087,0.34521223075692903
4730.298808873708,-0.5849243893180918,0.3460590244222879
4731.709400063066,3.1578146605998003,0.3454871275486755
4733.1199912524235,4.499339396621866,0.3447893197247042
4734.530582441781,4.898459210106828,0.34500070841124425
4735.941173631139,-5.331249330356307,0.3477080832823774
4737.351764820496,-7.044728899705813,0.34825113539498714
4738.762356009854,1.2558403114256729,0.3460137200508481
4740.172947199211,7.862359718602649,0.3445686194344575
4741.583538388569,4.164766579187673,0.3439284070412945
4742.994129577926,3.64932137691233,0.3446991214178765
4744.404720767284,3.43369769022153,0.34585572904104783
4745.815311956641,-5.434698340915881,0.34831699375849684
4747.225903145999,3.2280754265297618,0.34545780328129966
4748.6364943353565,5.554339306878129,0.3448912160965003
4750.047085524714,5.021287315078053,0.34501633481813343
4751.457676714072,5.5653400394428,0.3448753173891654
4752.868267903429,-4.681950719825556,0.3481906260738742
4754.278859092787,-3.912107065026066,0.3468603325075497
4755.689450282144,-5.814914146451831,0.34867569782807184
4757.100041471502,-11.498832905927292,0.3493735793319228
4758.510632660859,0.20294374820365557,0.3469243863893503
4759.921223850217,4.00013057169539,0.3457323662119505
4761.331815039574,-3.603718095483684,0.3483617152628293
4762.742406228932,-17.166259689696,0.35241824435847874
4764.1529974182895,-20.439074123619637,0.35372145136484534
4765.563588607647,-22.76729160020829,0.35405784978128035
4766.974179797005,-18.526231179628578,0.3524665841710197
4768.384770986362,-2.537768929806722,0.34790913796554734
4769.79536217572,8.859117963111066,0.34458631576576504
4771.205953365077,-0.6756765032583034,0.3471125114710578
4772.616544554435,-3.0186670384885934,0.34768311042115946
4774.027135743792,5.642843037153714,0.3450508189338506
4775.43772693315,10.732847363071825,0.34326423191442607
4776.848318122507,17.221738638246777,0.34149505895960763
4778.258909311865,8.798082996651491,0.34392689780192087
4779.6695005012225,-1.2428460009798215,0.34712597674916124
4781.08009169058,0.4647015446657732,0.3469656689014878
4782.490682879938,-1.17623665050713,0.3475829343907348
4783.901274069295,-2.438961096078705,0.34786734998217217
4785.311865258653,1.292736225554125,0.34731037127268594
4786.72245644801,-6.180769834979075,0.34916196677298317
4788.133047637368,-8.792538901428275,0.3501454566773929
4789.543638826725,-7.268555041926533,0.34989648667999346
4790.954230016083,-2.3572964839176143,0.3482654852920565
4792.36482120544,7.959994034535043,0.3452954149090761
4793.775412394798,14.208041687726208,0.3437246617947894
4795.1860035841555,11.816070859039742,0.344302739713413
4796.596594773513,9.240772335543017,0.3449235208055522
4798.007185962871,3.843129030945984,0.3466677899113479
4799.417777152228,-4.224826779157649,0.34895605255234724
4800.828368341586,3.5902132926159016,0.3470300904916089
4802.238959530943,10.345082394249737,0.34481818241284673
4803.649550720301,3.282232586507742,0.34689891970908143
4805.060141909658,-1.9754942455331066,0.34889227966414654
4806.470733099016,-1.8902911564699463,0.34799193023714875
4807.881324288373,-3.1005901398969375,0.34943796841341834
4809.291915477731,5.095160176745933,0.34666561507899424
4810.7025066670885,2.0637985793379587,0.3472260840121133
4812.113097856446,7.966343931667824,0.34572848517236426
4813.523689045804,11.496360570718988,0.3447801501750606
4814.934280235161,14.279065817782973,0.34366216495723845
4816.344871424519,19.246775513427785,0.34287920092597407
4817.755462613876,4.141994151185361,0.34630626357561567
4819.166053803234,8.846693323730655,0.3454751157614477
4820.576644992591,11.567381679098274,0.34485721699023086
4821.987236181949,0.7249994314575015,0.34810433583369155
4823.397827371306,-13.067463339066792,0.3515922201192988
4824.808418560664,-3.4760122334764056,0.3489990003744619
4826.2190097500215,8.80381331056016,0.34569791683944856
4827.629600939379,8.042117615025651,0.34516937749424764
4829.040192128737,6.166676653302188,0.3373082613287
4830.450783318094,-3.2590422819791387,0.32577382788593534
4831.861374507452,-7.128335755036541,0.349106700647963
4833.271965696809,-4.575000942238881,0.3500096847586281
4834.682556886167,-0.2151222764604821,0.3484551929110765
4836.093148075524,0.0,0.34833469971684944
4837.503739264882,-2.5563247264804465,0.34943448450137965
4838.9143304542395,-14.752838153334977,0.35301692891249925
4840.324921643597,-19.05100185543743,0.35441927372482623
4841.735512832955,-15.538911649443332,0.35328704912749653
4843.146104022312,-0.050431437173971805,0.34821011826595843
4844.55669521167,0.5663157030446913,0.3475757539949579
4845.967286401027,4.896002501596294,0.3466648783955817
4847.377877590385,-3.7062881739900426,0.3489812216818178
4848.788468779742,-9.348559659992958,0.35122287687042275
4850.1990599691,-6.9598912772303585,0.3505176091563148
4851.609651158457,-5.726354710301518,0.3508114418052207
4853.020242347815,-12.600501329819881,0.353271467258962
4854.4308335371725,-31.67956390348714,0.35970267998932587
4855.84142472653,-45.42079919333257,0.3644502158397842
4857.252015915888,-47.911191559135005,0.3669432616031543
4858.662607105245,-72.36424276756824,0.37952402498730353
4860.073198294603,-154.734245290569,0.41467348595119674
4861.48378948396,-191.81635748291825,0.4339769257491875
4862.894380673318,-139.86656543404857,0.4095193452904409
4864.304971862675,-77.67861388587637,0.3808705291335045
4865.715563052033,-54.906278450323725,0.3702113155436283
4867.12615424139,-30.794402464594373,0.36195965470396035
4868.536745430748,-21.320854285181575,0.35869340801818306
4869.9473366201055,-21.493155639066263,0.3591883185290017
4871.357927809463,-43.783986942762844,0.36695241560167474
4872.768518998821,-34.0948229674132,0.3639917517987589
4874.179110188178,-7.899841094331906,0.355003099256832
4875.589701377536,1.2723757366071493,0.3519077346435605
4877.000292566893,-5.428653071496105,0.3544767609205731
4878.410883756251,-6.8057879150826945,0.35498462807100367
4879.821474945608,9.025019829290326,0.35046328638187346
4881.232066134966,7.942522969980637,0.35035261680541735
4882.642657324323,0.697366961910251,0.3529721632090336
4884.053248513681,-0.566173418767601,0.3538853882883236
4885.4638397030385,-13.479652308746935,0.357690269666582
4886.874430892396,-11.336259806131002,0.3577392549432034
4888.285022081754,-7.525653076837929,0.3573503565499331
4889.695613271111,-21.491689006294752,0.3619859012485942
4891.106204460469,-35.25530280858033,0.3650593238958424
4892.516795649826,-7.029068424862802,0.35750605043548145
4893.927386839184,20.045213389895704,0.3487140521385293
4895.337978028541,25.835394051372006,0.3463590009525747
4896.748569217899,23.581958078283332,0.3469758930721531
4898.159160407256,20.81212762818879,0.34824769449483634
4899.569751596614,15.71815024604155,0.34989410361876677
4900.9803427859715,12.68713983484951,0.35101799049715615
4902.390933975329,5.849301256121088,0.3531722491243957
4903.801525164687,-0.20600945801587311,0.3547910224551511
4905.212116354044,6.752651686781312,0.3528633412223498
4906.622707543402,13.390344341703882,0.3511333496091791
4908.033298732759,8.353844862167914,0.35217945519609045
4909.443889922117,-5.209251588412671,0.35724139373097397
4910.854481111474,-11.87455646840197,0.3592193088630172
4912.265072300832,-4.0497238704684575,0.3565454163443252
4913.675663490189,5.0410745421073395,0.354002006958087
4915.086254679547,10.146020152223919,0.35147940391505994
4916.4968458689045,8.68011603716851,0.352450937378289
4917.907437058262,-12.136337813809671,0.3594937332323
4919.31802824762,-38.041794942882966,0.36835156752038695
4920.728619436977,-35.94573171222841,0.3679030146512554
4922.139210626335,-19.01370310430253,0.3620666710550616
4923.549801815692,-17.8727129566254,0.3614850106372464
4924.96039300505,-13.256720990948164,0.3599961727429019
4926.370984194407,0.06285062857387214,0.35578548380773073
4927.781575383765,8.215909725584229,0.35287978693872235
4929.192166573122,13.604940230311678,0.35086620760656795
4930.60275776248,14.752726388283708,0.3507742119043156
4932.0133489518375,7.145181899515426,0.35296316633951597
4933.423940141195,-8.595881515714911,0.3574184173318525
4934.834531330553,-11.679236108689022,0.35826838280544343
4936.24512251991,-3.166827269205511,0.35660793949303915
4937.655713709268,-19.082329114504567,0.36184033923053893
4939.066304898625,-29.578265746485172,0.3647864860751838
4940.476896087983,-11.09208397847411,0.35963032514524096
4941.88748727734,8.597549385282228,0.353280044499109
4943.298078466698,16.569370130069768,0.35052655752738826
4944.7086696560555,18.922492008875786,0.35032492751635413
4946.119260845413,10.210252312779138,0.3525841646080149
4947.529852034771,10.972050340179482,0.35292020697630333
4948.940443224128,11.85037684527762,0.3524829091788615
4950.351034413486,8.390087448494246,0.35358079871344233
4951.761625602843,14.979011798493918,0.3515929376976385
4953.172216792201,14.881876729125672,0.351262922629028
4954.582807981558,17.31771847884333,0.35155451065538823
4955.993399170916,-3.907316703239534,0.35769138658987665
4957.403990360273,-31.292495484675182,0.3675168498528175
4958.814581549631,-12.68845523904401,0.36138537324949294
4960.2251727389885,12.952846089326842,0.35220802039763704
4961.635763928346,19.516764478226076,0.3500100070439649
4963.046355117704,16.39740098750737,0.35062236068956965
4964.456946307061,14.792639484244894,0.3512397339151996
4965.867537496419,4.784225786391086,0.35448744993557035
4967.278128685776,3.911858773030211,0.35446502067546387
4968.688719875134,4.811816553715127,0.35499695269663983
4970.099311064491,2.410244933949766,0.35530523027377425
4971.509902253849,5.518969947404237,0.3544545741456997
4972.920493443206,13.804296235346378,0.3517925364192689
4974.331084632564,16.50495998483558,0.3506230938440022
4975.7416758219215,18.557177493152608,0.34999074513840145
4977.152267011279,6.784736424766836,0.3524815117156575
4978.562858200637,-6.702253167856886,0.35711297785497625
4979.973449389994,-11.184662705416327,0.35976371527175965
4981.384040579352,-18.739342323916908,0.3633798320710726
4982.794631768709,-38.78520534034704,0.37001420638021104
4984.205222958067,-35.351823175868596,0.36939754260762825
4985.615814147424,-14.728399618853395,0.3621931990071967
4987.026405336782,5.004290105585322,0.3562737269843042
4988.436996526139,11.13190915011964,0.3540258380407677
4989.847587715497,9.498496076218926,0.3549462539486962
4991.2581789048545,-1.2627604831070194,0.35760661181495634
4992.668770094212,3.830435833811389,0.3566908151254239
4994.07936128357,8.807801057552087,0.35512006252250156
4995.489952472927,12.945075083547954,0.3536036003105071
4996.900543662285,14.724840826194297,0.35304428423916207
4998.311134851642,5.972241316630807,0.3559763898149699
4999.721726041,-7.894883527238136,0.3593133857676517
5001.132317230357,-12.482065038489903,0.3609646068242751
5002.542908419715,-6.97542141568322,0.3599867186221802
5003.953499609072,-3.6360752349356114,0.3590283283688605
5005.36409079843,-22.748536234471032,0.3650536122988351
5006.7746819877875,-29.122148448062077,0.3673257110706582
5008.185273177145,-11.337695570807792,0.36181735070918775
5009.595864366503,3.557876091247005,0.35680586297282735
5011.00645555586,-3.4820453353348095,0.3590030082576014
5012.417046745218,-17.37079654803747,0.36430555538513426
5013.827637934575,-34.127342470787106,0.36984261246966404
5015.238229123933,-26.89889933176429,0.3682129065493351
5016.64882031329,-18.448848206021086,0.36422762198668346
5018.059411502649,-23.90822363816439,0.366796502345603
5019.470002692005,-16.14888401334758,0.3637214003486452
5020.880593881364,-3.9120066332021493,0.35977322374135456
5022.2911850707205,-6.865144943078933,0.36077750988385565
5023.701776260079,-7.444590669103244,0.36058766278439114
5025.112367449436,-0.5266652915812506,0.3588637618480893
5026.522958638794,-1.7931819874480177,0.35894494422714424
5027.933549828151,-6.920767065845109,0.36099081911604325
5029.344141017509,1.6772617667212155,0.3575110681470444
5030.754732206866,6.082579245206416,0.35707224964636614
5032.165323396224,12.977059985108339,0.35370002746712764
5033.575914585581,8.9234147760608,0.3558042478223978
5034.986505774939,-9.276928119826632,0.3620382114831444
5036.397096964296,-18.44899969155934,0.3651139993675495
5037.807688153654,-11.128716069192155,0.3628734838538378
5039.218279343011,-20.978946747284045,0.3665630955589026
5040.62887053237,-44.87854918592194,0.37534967670840264
5042.039461721726,-38.243368005526634,0.3728677053525487
5043.450052911085,-12.113403057936416,0.36343177738625115
5044.860644100441,10.220182933743056,0.3557442659140616
5046.2712352898,15.748967663807825,0.35383945865644545
5047.681826479156,5.089334697062315,0.35720679377413156
5049.092417668515,-7.705036849408023,0.36133564215524694
5050.5030088578715,-8.405076478470596,0.3618876599318494
5051.91360004723,-5.7063860685171335,0.36090305056894423
5053.324191236587,-0.6007295578686604,0.3587457606777573
5054.734782425945,13.815914427100104,0.3548154220659726
5056.145373615302,13.502050726424537,0.35452318412737405
5057.55596480466,11.538478645820376,0.35527034916515426
5058.966555994017,14.903426194992218,0.3541763664655029
5060.377147183375,17.015041258403116,0.35360890553526436
5061.787738372732,18.854340676321073,0.35283663289805706
5063.19832956209,17.219631407540284,0.3541016707928153
5064.608920751447,-0.13064819297649688,0.3594095324924004
5066.019511940805,-3.1359599432137326,0.3606215987060254
5067.430103130162,1.8520034079109733,0.3596548857041053
5068.8406943195205,-0.2546881496816926,0.35952330996701787
5070.251285508877,9.083935012450642,0.3574975822202901
5071.661876698236,7.309511278790894,0.35788497249776763
5073.072467887592,2.5470236987697246,0.35933314884959444
5074.483059076951,2.7988732113832464,0.3595925064352869
5075.893650266307,4.225856321021704,0.3588407355806804
5077.304241455666,8.066617654896701,0.35873531858510826
5078.714832645022,-10.773438894343538,0.3650443626350885
5080.125423834381,-30.51696024528251,0.3711697924112984
5081.5360150237375,-17.576720095245417,0.3680630817805258
5082.946606213096,-12.545501007552062,0.3656553104103119
5084.357197402453,-3.961349816160574,0.36228789708906245
5085.767788591811,12.336540986099738,0.3573493338604555
5087.178379781168,16.423246433985252,0.35575248283178995
5088.588970970526,14.246892304537555,0.3563206716255869
5089.999562159883,10.948047389503825,0.3580397446448824
5091.410153349241,10.654238760872408,0.3572298352201845
5092.820744538598,23.608041048125113,0.35385476510439506
5094.231335727956,25.48802686790097,0.35322819155784474
5095.641926917313,17.009996068255766,0.3558903834920726
5097.052518106671,3.8415436407158783,0.36119196486041993
5098.463109296028,-16.63019852999541,0.3670752034973457
5099.8737004853865,-12.269088098247906,0.3662186973073699
5101.284291674743,6.019448820123765,0.36027008892313395
5102.694882864102,16.256227322588252,0.3569591863510702
5104.105474053458,15.728763184194204,0.3569633061062112
5105.516065242817,8.95030655778405,0.35948161197002093
5106.926656432173,-0.2842955587811735,0.3629174396601117
5108.337247621532,-7.7263561840606485,0.3652882612946691
5109.747838810888,-8.737231594869588,0.3654721593802498
5111.158430000247,-1.1851765358532225,0.36179072321451056
5112.5690211896035,19.720371309835105,0.3560948246180341
5113.979612378962,19.72788325196695,0.3556141994128116
5115.390203568319,9.932200363343034,0.3582276503507498
5116.800794757677,13.859223515628724,0.35752355888055226
5118.211385947035,18.398562401067824,0.35616504413087074
5119.621977136392,17.243737499232953,0.3565086171375657
5121.03256832575,12.566170779147628,0.3582939518793751
5122.443159515107,6.390645179563968,0.36063402945243733
5123.853750704465,-5.403556283196283,0.3644829419139059
5125.264341893822,-11.912857970633528,0.3671828898599558
5126.67493308318,-11.907735406253721,0.3669304066947169
5128.085524272537,-7.1709326403480365,0.36553701781316295
5129.496115461895,-6.083756556311723,0.3648055011371229
5130.9067066512525,-1.9381740653297719,0.3635765086198096
5132.31729784061,-3.4646881709736475,0.3635954574974256
5133.727889029968,-0.4561870443936433,0.36264018762850464
5135.138480219325,4.247903487335322,0.36134809751399166
5136.549071408683,-1.0131227143288735,0.36324822541179663
5137.95966259804,-16.40913010409897,0.36829467992867904
5139.370253787398,-20.318393366850966,0.3697500546359301
5140.780844976755,-14.418584551950406,0.3687798572696631
5142.191436166113,-20.97732871795371,0.36972202940154464
5143.60202735547,-11.98255910016394,0.3674860676834982
5145.012618544828,-2.4450584910656223,0.3640525266638834
5146.423209734186,-5.591345608303077,0.36464458851936266
5147.833800923543,-0.6093958634432886,0.3633585435002335
5149.244392112901,1.4786446705161351,0.36259435520669187
5150.654983302258,-0.4685527051052354,0.3632738922491357
5152.065574491616,-3.838580329224216,0.364419946237855
5153.476165680973,-5.160526403738533,0.3650063198128479
5154.886756870331,-4.368209250310139,0.3642946761412861
5156.297348059688,3.6968865038882766,0.36221126634037787
5157.707939249046,6.273588032331116,0.3608748360565355
5159.1185304384035,8.219573892466459,0.36060487980686745
5160.529121627761,3.831953383984235,0.36186803664183137
5161.939712817119,-0.04816871801765288,0.36336594607804096
5163.350304006476,-2.9371830052318986,0.36469398773576556
5164.760895195834,-17.623979754160374,0.37094779821323176
5166.171486385191,-55.908436015656314,0.38618168161362204
5167.582077574549,-93.67815688438382,0.40075685767472013
5168.992668763906,-72.84888614927274,0.3932644294816179
5170.403259953264,-41.02174305337126,0.38326497418879035
5171.813851142621,-86.98000956796434,0.3984700224662099
5173.224442331979,-104.21595892895274,0.4062502135114236
5174.6350335213365,-47.33783666205054,0.38389437085686373
5176.045624710694,-1.5368336204870467,0.3648556207991322
5177.456215900052,5.709784687025495,0.3606758775172345
5178.866807089409,11.645312733135931,0.3595713600542705
5180.277398278767,0.5113154159813096,0.3636818515848358
5181.687989468124,-35.072847041025696,0.37932673359701335
5183.098580657482,-103.5644380188423,0.4047331111114985
5184.509171846839,-103.67470324970189,0.4086551242081136
5185.919763036197,-47.300826351771704,0.38261823073295254
5187.330354225554,-17.098825026974406,0.37093398809264677
5188.740945414912,-16.058042555814062,0.3691235583236214
5190.1515366042695,-17.215536702273212,0.3702510367790747
5191.562127793627,-26.574575022100337,0.37258782146904373
5192.972718982985,-29.0039981257068,0.37420584825294184
5194.383310172342,-17.433012005178945,0.3698570353806161
5195.7939013617,-16.235327216864064,0.36893675422878053
5197.204492551057,-10.597417139085781,0.3666094011197712
5198.615083740415,-0.6209172655517738,0.36313435769421426
5200.025674929772,7.155411189464752,0.3608536197200866
5201.43626611913,6.284832477086859,0.3614119791803972
5202.846857308487,-5.0681172382977575,0.3652523332297933
5204.257448497845,-15.564604356219268,0.36922870252509554
5205.6680396872025,-20.430586646378302,0.3712701905818199
5207.07863087656,-18.3664302106369,0.3705393669938817
5208.489222065918,-21.209708963905555,0.371278046994122
5209.899813255275,-15.181730459285305,0.36869409195702546
5211.310404444633,0.06065813825950572,0.36358751259131117
5212.72099563399,10.939169629680624,0.36002172402214344
5214.131586823348,6.766346561106692,0.36167932556171145
5215.542178012705,-10.512404086527074,0.36697337759521953
5216.952769202063,-17.848253189197557,0.3692445447583371
5218.36336039142,-2.5135025498701404,0.36467187558998954
5219.773951580778,11.157383654138787,0.36016864884547306
5221.1845427701355,13.234961388777464,0.3590283970617475
5222.595133959493,12.30164191346427,0.3596533786600294
5224.005725148851,6.122603032110786,0.3624391939485133
5225.416316338208,-20.00123651626715,0.37253403698225984
5226.826907527566,-45.55918385058704,0.380301583748632
5228.237498716923,-31.123222919351324,0.3759259516663737
5229.648089906281,-7.695240090920844,0.36770569895125976
5231.058681095638,-0.6770614629536651,0.3647567008069492
5232.469272284996,-8.888172644230794,0.3678706079953151
5233.879863474353,-18.973091971426104,0.37038261343350565
5235.290454663711,-8.221679808167764,0.3676392585035981
5236.7010458530685,2.1852891991116588,0.3633268767595244
5238.111637042426,15.94842306563327,0.35927121257824224
5239.522228231784,14.536939590963284,0.35910777107081127
5240.932819421141,13.704685156118234,0.36000840047373955
5242.343410610499,8.568877434584465,0.36171575131389744
5243.754001799856,8.447562475359037,0.3617783198183016
5245.164592989214,14.458441557555297,0.36061070836755565
5246.575184178571,7.454583616632659,0.3629067247668803
5247.985775367929,2.506537001688478,0.36454302182402165
5249.3963665572865,8.610586831564618,0.36292733504289
5250.806957746644,-0.5933550332317177,0.36628452293788044
5252.217548936002,5.305617797901923,0.36305205787717326
5253.628140125359,9.508119187427573,0.3628430773947145
5255.038731314717,4.591142482799136,0.3635978879913507
5256.449322504074,14.012701199531302,0.36068869803623177
5257.859913693432,20.114634283368737,0.3585062351521556
5259.270504882789,17.190806217626122,0.3593253637334646
5260.681096072147,1.23870971360764,0.365204299159576
5262.091687261504,-18.416132871447804,0.3721659797739015
5263.502278450862,-32.16522920747594,0.37816037831188964
5264.9128696402195,-45.53343141559919,0.38316611408429374
5266.323460829577,-35.937731612247646,0.37955771926571735
5267.734052018935,-20.08713098547999,0.37333714477788527
5269.144643208292,-38.29902104312076,0.38075849860209443
5270.55523439765,-42.63398935788888,0.3824879890990403
5271.965825587007,-16.27825263974023,0.3717661353419836
5273.376416776365,-11.159347674075713,0.36989114701939807
5274.787007965722,-9.111028456875248,0.3687162994279308
5276.19759915508,-4.4270140823710085,0.36720082650188907
5277.608190344437,10.61605181624233,0.3621491942044524
5279.018781533795,15.8356533013964,0.36028736300155595
5280.4293727231525,8.771702168743056,0.36283525318478216
5281.83996391251,-4.8876394013523985,0.3679253461325327
5283.250555101868,-17.71836506161885,0.3724286676189606
5284.661146291225,-6.3559709114651035,0.3687104049729976
5286.071737480583,12.797648669788659,0.3617161099494935
5287.48232866994,16.22361703393295,0.3604887839969751
5288.892919859298,17.361894716724663,0.3600985480716129
5290.303511048655,19.41682165971467,0.3593004789733754
5291.714102238013,20.254372598179163,0.3591235429843843
5293.12469342737,17.64177526442883,0.35933162898370535
5294.535284616728,15.12909322614869,0.3613999023806207
5295.9458758060855,1.6308196759065814,0.36554085374988915
5297.356466995443,-12.677573147307369,0.3708364901277403
5298.767058184801,-9.464880967672913,0.3693292659764708
5300.177649374158,6.5082027915269,0.36464106328909
5301.588240563516,6.7813780697059585,0.3633468097995129
5302.998831752873,4.302494726485523,0.3640263720643468
5304.409422942231,18.235059561868198,0.35986833288724834
5305.820014131588,22.35237033663327,0.35898709351639363
5307.230605320946,13.139785711958538,0.36151119892514044
5308.641196510303,16.905041579925925,0.360524246910178
5310.051787699661,25.050006670339346,0.3581451546362981
5311.4623788890185,25.782834525518222,0.3573422274082804
5312.872970078376,20.54546105908341,0.35883670431653963
5314.283561267734,19.96763356208743,0.35961160614098
5315.694152457091,8.829641359024269,0.36295988378706234
5317.104743646449,3.7082201048033205,0.36459618917439485
5318.515334835806,9.951869915646096,0.3627571779213711
5319.925926025164,18.327065249358927,0.3603185346389877
5321.336517214521,10.826477907226954,0.36212342140025366
5322.747108403879,9.871484470342647,0.36366672474954387
5324.157699593236,-6.33191397686531,0.36827756196491507
5325.568290782594,-4.731744599650964,0.368170244143835
5326.9788819719515,-18.943140518994362,0.3744131421050929
5328.389473161309,-41.82203701700599,0.3819707269844743
5329.800064350667,-14.477682166260823,0.37270168854080016
5331.210655540024,9.568112733818598,0.3630045831458651
5332.621246729382,8.543472613604825,0.36384956769759996
5334.031837918739,9.592359395126536,0.36223661829945064
5335.442429108097,13.985212523147041,0.36138294920813746
5336.853020297454,11.465030123144595,0.36189347532806027
5338.263611486812,4.01251597911012,0.3649856052902684
5339.674202676169,-7.271406026221837,0.3687379061802447
5341.084793865527,-11.117704769719342,0.3707234790091496
5342.4953850548845,0.029866158649213048,0.3663668171677266
5343.905976244242,7.952826955311563,0.36351629900183485
5345.3165674336,0.9807331111437803,0.3657099933655026
5346.727158622957,-1.405649049571374,0.3667721989851574
5348.137749812315,0.8677113578776368,0.3661721093956945
5349.548341001672,-6.85890440683628,0.3684951516742467
5350.95893219103,6.267837325532989,0.36487145194766946
5352.369523380387,8.251078096260713,0.3633013110745967
5353.780114569745,8.38379996859052,0.36347235817872947
5355.1907057591025,15.538473315841266,0.36116569147424965
5356.60129694846,15.1184914237417,0.3609660254347684
5358.011888137818,14.401045198370257,0.3614543292233051
5359.422479327175,12.636949735194754,0.36154497824971504
5360.833070516533,8.518863034648206,0.36340829716767736
5362.24366170589,3.3462384996670504,0.36448591578916295
5363.654252895248,-2.5838227346747082,0.36704094270879345
5365.064844084605,-8.576294562569988,0.3694257591196155
5366.475435273963,-11.50997479645763,0.3704616887509602
5367.88602646332,-6.68844139918142,0.36931352028600234
5369.296617652678,-10.494045055202733,0.3713042390336919
5370.7072088420355,-24.079914582803667,0.37497022190072493
5372.117800031393,-18.017465229176096,0.37328087182012987
5373.528391220751,-3.4238254301663327,0.3682532245134716
5374.938982410108,5.939418667321732,0.3645884432063362
5376.349573599466,13.564132808662519,0.36234429341435
5377.760164788823,8.88813246401765,0.3636337046718141
5379.170755978181,3.5171237942204687,0.3656188846416637
5380.581347167538,-0.11414410706793898,0.36678124573367793
5381.991938356896,1.1958502650538358,0.3666590603938555
5383.402529546253,-3.161126817660061,0.3679702633238816
5384.813120735611,0.9527966149574176,0.36652193847803405
5386.2237119249685,8.49399578226929,0.36398371575640875
5387.634303114326,8.151747451036005,0.3643319106554623
5389.044894303684,-3.663958435800215,0.3679536506779944
5390.455485493041,-4.920914285150266,0.36965123192995386
5391.866076682399,-7.764385985580704,0.36935570523245514
5393.276667871756,-11.961852616126812,0.37176858160640314
5394.687259061114,-5.977366748513132,0.3695277601893683
5396.097850250471,-11.174915145471452,0.3711918236128916
5397.508441439829,-19.428077386892486,0.37439525646535377
5398.919032629186,-12.246891307320986,0.3719247174275444
5400.329623818544,-4.338465123949632,0.3688625326949451
5401.7402150079015,-4.1313900142565965,0.3689254385890375
5403.150806197259,-11.543004243110657,0.3719529674459631
5404.561397386617,-27.938555174460085,0.37755754795378
5405.971988575974,-28.55485015170421,0.37808700233069276
5407.382579765332,-16.19802184166541,0.3740517310485396
5408.793170954689,-14.18204094421234,0.3732027749360444
5410.203762144047,-21.30098596835758,0.37482835435217077
5411.614353333404,-14.017012639123026,0.37276563224840575
5413.024944522762,-5.435033892879989,0.3697058356651339
5414.435535712119,-7.1718156939253985,0.3698423462604622
5415.846126901477,-7.167273311863745,0.36978372876015386
5417.2567180908345,-1.6942000957085024,0.36785892464465864
5418.667309280192,-0.5166505437177689,0.3676818075821511
5420.07790046955,-2.0538638250869012,0.3675910187118901
5421.488491658907,-1.0680928979383997,0.3682288439287279
5422.899082848265,-6.427620229666319,0.3697040309409479
5424.309674037622,-17.761890179572813,0.3738446242149527
5425.72026522698,-8.799725811427695,0.37048741394342716
5427.130856416337,1.340892330759436,0.36715003098855153
5428.541447605695,-9.77452949030718,0.3711379076055834
5429.952038795052,-21.747187286624477,0.37591984695759906
5431.36262998441,-12.410879635168452,0.37216924522112904
5432.7732211737675,-6.666057867475282,0.37028375875446573
5434.183812363125,-17.76350547635625,0.37426164234364423
5435.594403552483,-17.987774613193224,0.37459920771140776
5437.00499474184,-4.358390082563963,0.3696622632141088
5438.415585931198,3.314694701587123,0.3668382538444287
5439.826177120555,4.703410117178168,0.3662733660835744
5441.236768309913,2.723972348498176,0.3666882547776104
5442.64735949927,8.727514361113638,0.36537465320742724
5444.057950688628,3.7834208531222635,0.3675218096182183
5445.468541877985,-18.99034486764394,0.375228815373367
5446.879133067343,-23.97706059018441,0.37688680329202867
5448.2897242567005,-7.592427454672366,0.3715855821418946
5449.700315446058,6.317713199458035,0.3664893400773441
5451.110906635416,7.994488392028865,0.3654241219697969
5452.521497824773,6.183953002043877,0.36632578816498995
5453.932089014131,-5.696620782880822,0.37106855584528875
5455.342680203488,-24.674348777268445,0.3769576423444476
5456.753271392846,-13.59122743000114,0.37345516718579
5458.163862582203,1.9952760558257592,0.36763266703302516
5459.574453771561,7.747948758449191,0.3648687599396121
5460.9850449609185,5.101579090586973,0.3659907967755423
5462.395636150276,-8.488550490505446,0.3712232979914502
5463.806227339634,-9.827075408329652,0.3722526086094519
5465.216818528991,-1.4367276441203471,0.36910332128599116
5466.627409718349,2.6366794546861043,0.36762545922983725
5468.038000907706,6.132222278472858,0.3664890623389153
5469.448592097064,9.546031542190292,0.3651031549067333
5470.859183286421,10.315981984272328,0.36493794160813925
5472.269774475779,6.2306104681964785,0.36643934758387986
5473.680365665136,0.1615645422160683,0.3688545075349742
5475.090956854494,-7.078420769438387,0.37218630904512046
5476.5015480438515,-24.066322444768442,0.3773752907248345
5477.912139233209,-13.83893108740222,0.37448853768720675
5479.322730422567,-1.1982270718746235,0.37026238542183204
5480.733321611924,1.8598612377873511,0.368340313343139
5482.143912801282,2.111977593359033,0.3683220257969182
5483.554503990639,4.984913403558824,0.36715844668987596
5484.965095179997,10.506430100699296,0.36578617939643465
5486.375686369354,2.5474906542681777,0.3681460209416836
5487.786277558712,-1.202425115993641,0.3692946068038305
5489.196868748069,6.325830545054305,0.3672975565734381
5490.607459937427,7.647946602343113,0.36687202591036366
5492.0180511267845,6.3363426592960135,0.3673475867245314
5493.428642316142,1.1084988051648095,0.3689836630282372
5494.8392335055,3.7447099082769135,0.36835615827595464
5496.249824694857,-3.005480184338021,0.3708977685088969
5497.660415884215,-4.218424581756439,0.3712243101429535
5499.071007073572,0.8049945281060751,0.36945064914813314
5500.48159826293,4.1757067992658286,0.3682305185621567
5501.892189452287,-4.991221498991965,0.3711847039345222
5503.302780641645,0.37271168872339855,0.37023216265757364
5504.713371831002,3.1286322295393596,0.36894558534206956
5506.12396302036,-6.672894856933526,0.37238775352528664
5507.5345542097175,-7.863406715306267,0.3728707381063944
5508.945145399075,-0.9176248540232697,0.3706818983635451
5510.3557365884335,1.710352553705222,0.36969692851181907
5511.76632777779,-0.87632114532988,0.3705842639591904
5513.176918967149,-5.57912019890218,0.37201028530786473
5514.587510156505,0.3644950332162553,0.3700891991807134
5515.998101345864,6.959707235182391,0.36778453591731997
5517.40869253522,12.669429572426049,0.36585627850347324
5518.819283724579,14.457051503925646,0.36513689393547355
5520.229874913935,11.772818406139727,0.3659594384279098
5521.640466103294,9.330393504426787,0.3670866566950398
5523.0510572926505,5.337050498484631,0.36836827678115897
5524.461648482009,5.765405030417757,0.3687829099990492
5525.872239671366,0.07863344958751384,0.37018320986179204
5527.282830860724,-20.342762961997384,0.37943171326269876
5528.693422050081,-28.60991652275139,0.3816978673584239
5530.104013239439,-6.735719090793236,0.373894505162335
5531.514604428796,0.48580496097464687,0.37054771934812947
5532.925195618154,3.6086241259907816,0.3699353151191838
5534.335786807511,1.129916950535549,0.3704284191751157
5535.746377996869,-1.4176013654470982,0.37157022509461735
5537.156969186226,2.215537474580159,0.3702220606420349
5538.567560375584,6.920437803528721,0.3688577814156077
5539.978151564941,4.718885280988239,0.3690407905936616
5541.3887427542995,6.603985687258161,0.3689410254106703
5542.799333943656,8.22560077957696,0.3680331739923748
5544.209925133015,3.1903397783513228,0.3703928734723181
5545.620516322371,3.314471964701784,0.3694324887157841
5547.03110751173,9.25213806897083,0.3682860488471849
5548.441698701086,7.990576172382031,0.3680886491699166
5549.852289890445,10.66376664336657,0.36761159691942824
5551.262881079801,10.647501810492223,0.3674411954559643
5552.67347226916,2.0352717223010064,0.37102277455588806
5554.0840634585165,-0.43947641172632546,0.3714391383391096
5555.494654647875,1.0307669933119934,0.37206217943644176
5556.905245837232,5.632970575185919,0.3688955288903887
5558.31583702659,9.244421366050718,0.3688082379005274
5559.726428215947,9.0614839914795,0.36827061579342735
5561.137019405305,5.5477082060605,0.36976455777222467
5562.547610594662,-0.3760702114770216,0.3717372200981904
5563.95820178402,-2.387777276911454,0.3726909486651878
5565.368792973377,-1.0571247951096958,0.3724603868830038
5566.779384162735,-1.6169673000050535,0.3725519016631796
5568.189975352092,0.6942383168316546,0.3724241021994604
5569.6005665414505,-7.4335040991488714,0.37434343580667495
5571.011157730807,-4.574760522847551,0.3745565905546923
5572.421748920166,-10.522420423949207,0.37615534578409215
5573.832340109522,-12.189809188995396,0.3719998039916402
5575.242931298881,-8.80412726845893,0.3542744404095693
5576.653522488237,10.828139277446592,0.3401268503294022
5578.064113677596,9.721929362330634,0.3510481748382088
5579.474704866952,-0.9752595104149735,0.3658258689565592
5580.885296056311,2.8329201431984514,0.36914264449723316
5582.2958872456675,-5.075568557624966,0.3743404185168777
5583.706478435026,0.3739255886099717,0.37246042440987703
5585.117069624383,0.35815622795645563,0.3732999079185498
5586.527660813741,-18.049852870399384,0.37924242554734483
5587.938252003098,-26.779698497053076,0.3838323353900478
5589.348843192456,-26.255879874215957,0.3831878326353675
5590.759434381813,-16.979262880538336,0.3797678755126318
5592.170025571171,-5.778659114851196,0.3759055928454624
5593.580616760528,-9.43601644562564,0.3762809059882701
5594.991207949886,-3.8094136786320156,0.3738158643568425
5596.401799139243,4.180501111112724,0.37228346342339297
5597.812390328601,-7.038981935824445,0.3753940477506339
5599.222981517958,-10.83251992162276,0.3771344530809985
5600.6335727073165,-8.222990998574065,0.3766983261900386
5602.044163896673,-18.781843195802217,0.38056192402792793
5603.454755086032,-15.532143165226175,0.3794119775143645
5604.865346275388,-0.11448127863331248,0.373205211581989
5606.275937464747,7.409785159649044,0.37064035400461126
5607.686528654103,5.668721491234516,0.3707962410201453
5609.097119843462,8.150693105899807,0.3703378029067006
5610.507711032818,8.532072720452396,0.3698886402936235
5611.918302222177,7.298950578040069,0.3706857495389577
5613.3288934115335,2.749284492472204,0.37315956466976363
5614.739484600892,-16.367548798197337,0.3797256017293623
5616.150075790249,-23.301203459295788,0.382254637989337
5617.560666979607,-10.320802418291334,0.3780224202219558
5618.971258168964,-1.1008337275567501,0.3744527654947734
5620.381849358322,1.3590852748612372,0.37304382121548463
5621.792440547679,6.688757954427669,0.3712923459241492
5623.203031737037,-1.3784278866286384,0.37450701926356994
5624.613622926394,-11.906492554155545,0.3783351915427124
5626.024214115752,-5.62278210395917,0.3758335220896402
5627.434805305109,3.3892548077802083,0.37269349326706014
5628.845396494467,6.421011579813035,0.3711768568919813
5630.255987683824,10.451571623205634,0.36990418552452586
5631.6665788731825,5.00675036432041,0.37180594871836403
5633.077170062539,0.6226124976663887,0.3733335820802164
5634.487761251898,0.18850324211884484,0.37382416355465903
5635.898352441254,0.6931253524240497,0.3736866216420031
5637.308943630613,-0.9099394427023779,0.37433890117712415
5638.719534819969,-3.472529879939908,0.3752374578611769
5640.130126009328,-3.155263202832523,0.37510462819006984
5641.540717198685,-4.1942050136093485,0.37596400119051265
5642.951308388043,-5.012178268359517,0.37515536898660135
5644.3618995774,-2.4716891216940002,0.3756423877294923
5645.772490766758,-1.6696386530756966,0.37415619176800147
5647.1830819561155,4.704356992060992,0.3724254210915846
5648.593673145473,-1.366247126134285,0.3745199150670528
5650.004264334831,-1.617462780261646,0.3749442016548494
5651.414855524188,-1.2957269956616777,0.374397391289767
5652.825446713546,1.4851819011125182,0.3738251351259227
5654.236037902903,1.332684005098376,0.37363644987093586
5655.646629092261,-2.2746643227326113,0.3754959476825442
5657.057220281618,-10.367207465759828,0.378453411834433
5658.467811470976,-20.31391286515047,0.3818431466632688
5659.878402660333,-14.440172020854645,0.3796555584412729
5661.288993849691,-2.181612603087429,0.37637050247637577
5662.6995850390485,-10.727309981451896,0.37762941902289227
5664.110176228406,-1.6123461154073342,0.3750659403266897
5665.520767417764,2.9840914299296353,0.3731990004883011
5666.931358607121,-0.048350779912222475,0.37456541824536643
5668.341949796479,0.6039447515378988,0.37413657072936307
5669.752540985836,4.005903555781732,0.3729761348939867
5671.163132175194,4.5469911568633545,0.37281698636300076
5672.573723364551,6.438281970809285,0.3721487808697998
5673.984314553909,5.1078895206181905,0.37275370690867865
5675.3949057432665,0.6227769837195423,0.37430882772789004
5676.805496932624,1.9399043375970082,0.37418555022965727
5678.216088121982,2.229989416109109,0.37387075741782966
5679.626679311339,1.944515871121845,0.3745374193295786
5681.037270500697,-1.7601304190333504,0.3757206018359665
5682.447861690054,-7.872746452778282,0.37811364807432307
5683.858452879412,-9.51083618502469,0.3785609725046299
5685.269044068769,-4.971888447297231,0.37704367248082676
5686.679635258127,-4.355196248440481,0.3767983681036031
5688.090226447484,-6.405347601802545,0.37754166085630436
5689.500817636842,-4.6346750244543315,0.37690349162959025
5690.9114088261995,-2.9917684559760676,0.3763223586303858
5692.322000015557,-1.222031608801669,0.3759382568052784
5693.732591204915,-0.6670271697948577,0.37517296522435634
5695.143182394272,0.11006122628344595,0.3755671926577745
5696.55377358363,2.480681318974548,0.3740981872479287
5697.964364772987,2.960847067198875,0.37439627963432826
5699.374955962345,1.4888365587578696,0.3744130699472889
5700.785547151702,0.5175594955054079,0.3752911805332024
5702.19613834106,-2.3288975399022394,0.37600175544334785
5703.606729530417,-1.2062696248422577,0.37595338180204463
5705.017320719775,-5.274889762565695,0.3776687451019822
5706.4279119091325,-12.319485097541389,0.3805071002423348
5707.83850309849,-19.683071730518556,0.38386498220530013
5709.249094287848,-30.236722789933925,0.38802368930811915
5710.659685477205,-30.996818810584514,0.38885940780249817
5712.070276666563,-18.109846392884698,0.38301769582523715
5713.48086785592,-4.644787702889643,0.37793726327729193
5714.891459045278,-0.08423102542081873,0.37591004902587083
5716.302050234635,-3.728038468592805,0.3765611652904466
5717.712641423993,1.996198283153348,0.37604184771354354
5719.12323261335,-8.677513938493405,0.37814848956405667
5720.533823802708,-2.909154777021832,0.3772631248925018
5721.9444149920655,0.8814461811220489,0.3756128894043824
5723.355006181423,-1.2810603717856843,0.37611477019365414
5724.765597370781,4.240441894056167,0.37395755708875567
5726.176188560138,4.046443467889082,0.3741930902337492
5727.586779749496,2.5609964013487283,0.3746024957464643
5728.997370938853,3.559690342452441,0.37435950545081287
5730.407962128211,-0.3918305076581219,0.3758229407570362
5731.818553317568,-2.416902324240125,0.3766136781181978
5733.229144506926,1.8250352650246757,0.37518145530009817
5734.639735696283,4.758995195005719,0.3742436137158115
5736.050326885641,4.724090634519861,0.37408563638719683
5737.4609180749985,2.4332463837774854,0.3752243418889335
5738.871509264356,0.9153927217911044,0.37534092996478097
5740.282100453714,3.684541997336029,0.37458898186721296
5741.692691643071,4.213445969081652,0.3744873686163717
5743.103282832429,0.4147310184922257,0.37584199813141406
5744.513874021786,2.110253874351889,0.37512868581453707
5745.924465211144,2.5729770350062147,0.37517303097370286
5747.335056400501,-3.3086494446641526,0.3772451866992269
5748.745647589859,-0.3400276622443392,0.3764994961252967
5750.156238779216,3.93792969416878,0.3747883184134303
5751.566829968574,-3.926033247217598,0.37763577898995093
5752.9774211579315,-9.946659867463087,0.37963322869527727
5754.388012347289,-6.307971466209901,0.37852730743438157
5755.798603536647,2.5938340658092836,0.37517787035246264
5757.209194726004,6.750590549242522,0.37340853174208016
5758.619785915362,10.030126390869084,0.3723414406468403
5760.030377104719,6.485929298785342,0.3737620216515274
5761.440968294077,-2.1596269437486915,0.37701293712173567
5762.851559483434,-8.130484891720553,0.3794566727148168
5764.262150672792,-3.380066170153233,0.37756749007145346
5765.672741862149,8.25713483769712,0.3729179633816226
5767.083333051507,9.075286177853844,0.3721162229833792
5768.4939242408645,11.022913104768026,0.3717030535883354
5769.904515430222,8.838964327594832,0.3722783822608728
5771.31510661958,4.4949325902550346,0.3739451925656268
5772.725697808937,1.585865212894772,0.3752544919171278
5774.136288998295,0.7368625662553268,0.37563738752701115
5775.546880187652,-1.187811144042842,0.3764208669417831
5776.95747137701,-0.2552312040115834,0.37581746846071923
5778.368062566367,4.330231551290118,0.37439491332720976
5779.778653755725,-2.85786874507191,0.3769125696223699
5781.1892449450825,-5.04350019013379,0.3776642588219915
5782.59983613444,3.0883684986609383,0.37471845111408675
5784.010427323798,1.317168836019404,0.37466924460785395
5785.421018513155,-3.1817389513974352,0.37648332559493947
5786.831609702513,-1.1470767622353826,0.37572213961966194
5788.24220089187,1.8368790951178888,0.37451481332520725
5789.652792081228,1.1368961311800758,0.3745903337697475
5791.063383270585,-0.6044339444734157,0.37516662721930705
5792.473974459943,-0.526763568334171,0.37580361589311795
5793.8845656493,-1.0408778416287716,0.37697102528997184
5795.295156838658,0.036275633590538314,0.37741761175765076
5796.7057480280155,-0.3092104813371681,0.3779104857360177
5798.116339217373,-0.6678452606839618,0.3791562966974398
5799.526930406731,4.222316902218079,0.3775304244035378
5800.937521596088,6.31517848704984,0.377855561942302
5802.348112785446,1.215952981142572,0.37996190949150777
5803.758703974803,-0.3712660727772432,0.3819631962528311
5805.169295164161,-4.5966578541570655,0.38445087481965773
5806.579886353518,-10.850930084329484,0.38718192273666596
5807.990477542876,-4.924559292459493,0.3857606503480932
5809.401068732233,-0.977900646724711,0.3859150526606451
5810.811659921591,-3.3882895610056862,0.3863937917383307
5812.2222511109485,0.10864526490682813,0.3861872555407622
5813.632842300306,1.9275047820624893,0.38616553122897
5815.043433489664,-3.0216329599143568,0.38877714410698727
5816.454024679021,-6.797842404071754,0.39026838510388917
5817.864615868379,-1.0337752592522484,0.3895275851660164
5819.275207057736,2.9257329206600917,0.38850109176221087
5820.685798247094,1.2275732729889586,0.3898116674760086
5822.096389436451,1.4184314122695516,0.3905302452871354
5823.506980625809,1.5694868314657615,0.39104972392588533
5824.917571815166,2.0156686396415044,0.3913304979663472
5826.328163004524,2.920380542385279,0.39229866658288653
5827.7387541938815,-0.2337087257412338,0.3943720765306498
5829.149345383239,-5.031542498868752,0.3970520078593783
5830.559936572597,0.01882318969682295,0.39561944029755
5831.970527761954,1.414870630652335,0.3959835028803753
5833.381118951312,-2.470318512348358,0.39758465481285016
5834.791710140669,-1.686641740912942,0.39823712855898535
5836.202301330027,3.1167102467565577,0.3971395193705666
5837.612892519384,3.6544967188047557,0.3974795529723392
5839.023483708742,1.0799618526594257,0.3988598799058648
5840.434074898099,4.6148879554902,0.3984888671284316
5841.844666087457,5.97034571763901,0.398882581417726
5843.2552572768145,4.401474275181433,0.3998668814171357
5844.665848466172,1.2957939879672606,0.40218530771254174
5846.07643965553,-2.5524669059910376,0.4043707428096601
5847.487030844887,-0.73977502863169,0.40426762562361757
5848.897622034245,-1.252567660212745,0.4051896832895403
5850.308213223602,0.20161325456253754,0.4053699185716508
5851.71880441296,-1.9930926421279551,0.4069232381790952
5853.129395602317,-4.163197399270544,0.4083212451242066
5854.539986791675,-3.003469135184022,0.4091912967293434
5855.950577981032,-8.941435406860608,0.4122817758873821
5857.36116917039,-15.357150418607672,0.415519340857033
5858.7717603597475,-9.849332638895953,0.4136622239385556
5860.182351549105,-1.8650302967281434,0.41151175114668564
5861.592942738463,-1.8767138001619361,0.4112333149071809
5863.00353392782,1.2666943249309397,0.4115635468324587
5864.414125117178,2.588594603983039,0.410534183311308
5865.824716306535,0.8442341826676583,0.41273181887547644
5867.235307495893,-0.7470305859723598,0.41411906843822993
5868.64589868525,-1.3758531893169597,0.4151673852701092
5870.056489874608,-0.3824619267641495,0.415649433073392
5871.467081063965,2.104124488956116,0.4156696562434766
5872.877672253323,1.0301879605728255,0.4161825799743079
5874.288263442681,4.701949315154599,0.41582757600272624
5875.698854632038,4.103739319280749,0.40949732797533495
5877.109445821396,0.5578718765943136,0.40937514750530785
5878.520037010753,2.8090125831758743,0.4189498286208702
5879.930628200111,-0.837073589535874,0.42079018831342246
5881.341219389468,-1.9267066995877649,0.4223134862625102
5882.751810578826,-2.219516109911408,0.42322407527009864
5884.162401768183,-3.6632924922375882,0.42424169877046886
5885.572992957541,-2.8792664063330817,0.42455278493497284
5886.9835841468985,-7.82694898360538,0.426407521905577
5888.394175336256,-31.2031326838579,0.43404710503985355
5889.804766525614,-51.63499834576453,0.44404138503624446
5891.215357714971,-41.66578546297857,0.4425557535395116
5892.625948904329,-18.91614960724109,0.4355895234551195
5894.036540093686,-21.0622128683435,0.43601068925712294
5895.447131283044,-46.95363498445278,0.44420178372095853
5896.857722472401,-44.25194532314771,0.4476852352552705
5898.268313661759,-21.06918373542779,0.4403788317540894
5899.678904851116,-7.361890999623897,0.4338713508892911
5901.089496040474,-0.20027680700778083,0.4317281904596657
5902.5000872298315,-1.2149410453652603,0.43223322737490877
5903.910678419189,-0.08517093973218115,0.4323156681714632
5905.321269608547,0.8576311456716492,0.43256547043958565
5906.731860797904,0.6280637719239779,0.43327855967659346
5908.142451987262,2.0847422315403907,0.43335250015262566
5909.553043176619,3.2399539247785025,0.4336986447160511
5910.963634365977,1.5686247694090338,0.43481877614147557
5912.374225555334,1.8165070383548636,0.43575677244350164
5913.784816744692,-2.937286453293548,0.4379121176811976
5915.195407934049,-5.908813373696471,0.43979939857575323
5916.605999123407,-2.857541509471092,0.439127130532107
5918.0165903127645,-0.6846378694160011,0.43914076655219586
5919.427181502122,0.6461907942572882,0.4386566307348862
5920.83777269148,4.098908239265434,0.4381519264126531
5922.248363880837,3.1708520124191804,0.4394678018366042
5923.658955070195,-1.9594158863707734,0.4413417323339942
5925.069546259552,2.5754897224891637,0.4407732541933207
5926.48013744891,3.411609522226986,0.4411378182371187
5927.890728638267,-1.9936035579696676,0.4436436785966986
5929.301319827625,-7.8085381781475185,0.44745563503497177
5930.711911016982,-8.040151906037996,0.4477051151151486
5932.12250220634,-3.4378439930800924,0.44670495976513536
5933.5330933956975,-2.0897572849429604,0.44656139574525255
5934.943684585055,-3.8328820585433543,0.4474585017800468
5936.354275774413,2.137546827847621,0.44653786409685253
5937.76486696377,3.990449462843067,0.44557909621466923
5939.175458153128,1.419838067418518,0.44669093852805003
5940.586049342485,-1.190414691489465,0.4483935399020459
5941.996640531843,-5.420428879138424,0.45015435913623625
5943.4072317212,-6.297297120404684,0.4505013954068963
5944.817822910558,-1.0138958623264007,0.4486125061354829
5946.228414099915,-0.02963905606007744,0.44825958931391885
5947.639005289273,-5.291661055838259,0.45047196047571014
5949.0495964786305,-9.531617913189796,0.45272007459860064
5950.460187667988,-5.93501366581715,0.4510958118180552
5951.870778857346,0.8205779795662422,0.4482107654422517
5953.281370046703,1.8171667979122454,0.4475222737370329
5954.691961236061,0.3834675891163559,0.44844343521387553
5956.102552425418,-0.49035454044472804,0.4486460825401162
5957.513143614776,2.0715276715768933,0.4476454546864162
5958.923734804133,4.503790784044826,0.44636582611509723
5960.334325993491,4.893175458434852,0.4461615411612682
5961.744917182848,7.155860737435861,0.4455323069182912
5963.155508372206,8.89429028836282,0.44501857956111096
5964.5660995615635,6.750622253029574,0.4460667596952568
5965.976690750921,2.490385288891865,0.4479252542066513
5967.387281940279,2.894154585212668,0.44801492749430205
5968.797873129636,2.0839893666377973,0.44876599064715894
5970.208464318994,1.979843541063476,0.44836454707523576
5971.619055508351,4.524150486446032,0.44785227471962424
5973.029646697709,4.177900246301562,0.43832090436979515
5974.440237887066,1.6524599558847655,0.4352555185313708
5975.850829076424,-1.2307910513906781,0.4360078155579518
5977.261420265781,-2.0602657767772876,0.4483471027583534
5978.672011455139,-0.6587920818835271,0.45044587468431757
5980.082602644497,0.6910528762893151,0.44968680365367203
5981.493193833854,0.11573723829558835,0.45024986597798405
5982.903785023212,-2.6827441784724826,0.451224561666936
5984.314376212569,-6.4009069055321755,0.45344399906743704
5985.724967401927,-5.5590913324057345,0.45195226060482985
5987.135558591284,-2.896333300960655,0.45275540428500144
5988.546149780642,1.198855507600947,0.4491947242560897
5989.956740969999,3.155070960004391,0.4496374767152398
5991.367332159357,-1.2193850981553198,0.4509746997761904
5992.7779233487145,1.0601889086729892,0.4502254332578572
5994.188514538072,3.225560697278027,0.4499093669738943
5995.59910572743,-3.584931928888828,0.4529426081143669
5997.009696916787,-7.575408813067202,0.4540272821592223
5998.420288106145,-2.2544971272694823,0.45276051537658935
5999.830879295502,0.0,0.45114121151551967
6001.24147048486,-3.2405019642075636,0.4528536953043993
6002.652061674217,-3.9483337646992016,0.453022722359383
6004.062652863575,-0.09205754465646487,0.45141425181475425
6005.473244052932,-0.5886374296730712,0.4520544702793383
6006.88383524229,-4.294989717254783,0.45327988504574923
6008.2944264316475,-4.456553883973396,0.4531812347442507
6009.705017621005,-3.893827333883905,0.45330894815330947
6011.115608810363,2.417234533600615,0.45037913091913334
6012.52619999972,3.0459256154206296,0.4503002169705576
6013.936791189078,-0.29974697636413505,0.45180567548616296
6015.347382378435,-0.6522084202315683,0.4518391287499878
6016.757973567793,0.8217545305179565,0.45166267008417066
6018.16856475715,-0.5772423289426489,0.45228232226176773
6019.579155946508,-3.231824247915228,0.45334677855263106
6020.989747135865,-3.7053540006102494,0.45358364039125804
6022.400338325223,-2.5893347573328787,0.4533364546823116
6023.8109295145805,-2.66128034158865,0.4534309851578823
6025.221520703938,-1.8815015071702603,0.453177650309113
6026.632111893296,0.3402578442142101,0.45233104364156856
6028.042703082653,1.4951484931448733,0.4514087498272079
6029.453294272011,2.4517443978263254,0.45145927077489084
6030.863885461368,3.221700388676551,0.45123020742255804
6032.274476650726,0.8713367796174332,0.45187535095925907
6033.685067840083,1.3327075840350568,0.4523169146353065
6035.095659029441,1.6208439367411067,0.45156488878051415
6036.506250218799,2.7466523484525234,0.45132686116401693
6037.916841408156,7.223718102729374,0.44883090723196567
6039.327432597514,9.801668635494362,0.4471658237784307
6040.738023786871,8.21016602452692,0.44745780728694245
6042.1486149762295,5.031022941306404,0.44805930685121065
6043.559206165586,5.532106043175391,0.447313404508721
6044.969797354945,1.6575828997448858,0.44910319211510785
6046.380388544301,-2.420149048896452,0.4502648275528336
6047.79097973366,1.7260762751366108,0.44799463286787455
6049.201570923016,1.0287012865058989,0.4472134008544532
6050.612162112375,1.8777517838836846,0.44645038065315634
6052.022753301731,2.9812355701319384,0.4447173907347879
6053.43334449109,3.238547321950666,0.4443516926264361
6054.8439356804465,2.023727632075589,0.4443918361451554
6056.254526869805,1.3276738663427055,0.4432366649920992
6057.665118059162,6.568055778505207,0.44056855943761386
6059.07570924852,6.396345236208526,0.4395130062215428
6060.486300437877,10.207456152906289,0.4381058036901833
6061.896891627235,10.592258832675778,0.43659724685980894
6063.307482816592,2.932602775012628,0.43951623081188146
6064.71807400595,-6.615968089838886,0.4425359239630344
6066.128665195307,-10.689197835336866,0.4442328398890464
6067.539256384665,-4.927043192813734,0.4411781767180944
6068.949847574022,-0.9401904221294886,0.4386479895833784
6070.36043876338,3.2551849088823928,0.4353101112779888
6071.771029952737,1.8573087673624076,0.4353719408908075
6073.1816211420955,-4.722055353391909,0.43667482368099253
6074.592212331452,0.8437032746428366,0.4346974366478589
6076.002803520811,-2.1702434865700506,0.43522549871903166
6077.413394710167,-9.622031425192581,0.43723551770820385
6078.823985899526,-12.271121781402433,0.437939331073423
6080.234577088882,-9.196544319485561,0.4358619163865193
6081.645168278241,-4.3259185627225625,0.432890943471056
6083.055759467597,-1.0613704102445618,0.43022284740593153
6084.466350656956,-3.3121835224131044,0.4306141364549741
6085.876941846313,-5.527078409886071,0.42972403018631755
6087.287533035671,-5.205257630328841,0.4288232917331363
6088.698124225028,-3.3085735123530733,0.42748890807187934
6090.108715414386,-4.312586568148324,0.4275225032281006
6091.519306603743,-8.768145705892803,0.4280477610859686
6092.929897793101,-5.503327907469467,0.4269621399044169
6094.340488982458,-4.94600165741457,0.42427829685030183
6095.751080171816,-3.4983879826208586,0.42452343252457225
6097.161671361173,-0.8798684483737941,0.4211461739003418
6098.572262550531,1.761764123577234,0.41966148250713653
6099.982853739888,3.21172194036798,0.4190963542359934
6101.3934449292465,-8.938057997354017,0.4230200209992045
6102.804036118603,-13.26269325319615,0.4246404790084146
6104.214627307962,-8.571031771399449,0.4214294418239935
6105.625218497318,0.01257849400623201,0.417358790702019
6107.035809686677,4.719380633567017,0.4146437052662493
6108.446400876033,1.1661618244580292,0.41530198103772004
6109.856992065392,4.151453837298753,0.413784142926144
6111.267583254748,8.85915899508961,0.41205231941385506
6112.678174444107,6.666927158584894,0.4119479168360814
6114.0887656334635,5.493064386940274,0.41169344064316477
6115.499356822822,7.624618392809967,0.4111605419465627
6116.909948012179,1.6584551924106443,0.412399628588991
6118.320539201537,5.039231826510025,0.41208376513260286
6119.731130390894,0.29974697636413505,0.41363087594749026
6121.141721580252,-9.388963638588843,0.41760645868982993
6122.552312769609,-12.316749665914273,0.4191740787502099
6123.962903958967,-7.0703328898825335,0.41604559279121833
6125.373495148324,-3.742868943008254,0.41403044916432974
6126.784086337682,2.2163191567629994,0.4108518676323415
6128.194677527039,6.333264336126773,0.4089425190575611
6129.605268716397,3.9008042045277898,0.40963418719056693
6131.015859905754,0.7878112273364114,0.4099455030843159
6132.4264510951125,2.864186425662334,0.409105039646795
6133.837042284469,2.8783045869564368,0.4097926684722634
6135.247633473828,-10.987507505623455,0.4148151820778293
6136.658224663184,-23.370834326121223,0.41993513453748027
6138.068815852543,-23.11181062834409,0.42019847398318955
6139.479407041899,-15.118325516660407,0.4159565652338903
6140.889998231258,-9.078317355012064,0.41224637060117053
6142.300589420614,-6.223142671402228,0.41008029439398314
6143.711180609973,-0.822289203186318,0.40684161261885804
6145.1217717993295,2.498816622021951,0.40422092697033857
6146.532362988688,1.5150527196970247,0.39720802243092057
6147.942954178045,-2.953904721986577,0.39945561913048144
6149.353545367403,-6.213128958587354,0.4002351238143834
6150.76413655676,-4.077391546383713,0.4000430402757357
6152.174727746118,-4.687184241620507,0.4002994228480351
6153.585318935475,-6.167077831634204,0.40075930515436364
6154.995910124833,-7.836027437715997,0.4015963668454373
6156.40650131419,-6.091439253777379,0.4007007506417287
6157.817092503548,-2.572869052128328,0.39976956231964283
6159.227683692905,-6.866102741382168,0.4016326983927153
6160.638274882263,-15.266239148265036,0.40513157778275577
6162.04886607162,-22.523688543627763,0.4093235128548814
6163.4594572609785,-19.923323057890443,0.40704055415465984
6164.870048450335,-8.782818076709763,0.40289801863499447
6166.280639639694,-0.3598645015693429,0.3983648350212129
6167.69123082905,-4.714463497493586,0.40062756126031784
6169.101822018409,-9.346871741300637,0.4026838526945396
6170.512413207765,-9.987094020364207,0.40310447917142456
6171.923004397124,-5.6729193368237105,0.4011032783883419
6173.33359558648,-0.5066498218168668,0.3993553510527705
6174.744186775839,0.0,0.3990876081585185
6176.1547779651955,-3.549964717349212,0.3998279310000762
6177.565369154554,0.5266109790399105,0.3990572792023991
6178.975960343911,2.8077263051419044,0.3974503576601612
6180.386551533269,4.079835272826711,0.3971430335351322
6181.797142722626,6.848745220151273,0.39569465163114625
6183.207733911984,10.06188736931669,0.3943979278774102
6184.618325101341,10.602322660684992,0.39418253028955597
6186.028916290699,10.054486368679289,0.39441379559567524
6187.439507480056,6.329991393010492,0.3960920962881528
6188.850098669414,5.43795423660616,0.39661448219662093
6190.260689858771,1.7142398679998632,0.3991237810172271
6191.6712810481295,-6.8370730721120445,0.40223194950426133
6193.081872237486,-3.5004813717019987,0.4012785662742188
6194.492463426845,2.0933112005758443,0.3989453418343775
6195.903054616201,3.84509993622377,0.3979584583815238
6197.31364580556,2.149063220978701,0.39870197393624224
6198.724236994916,-0.09752859801934566,0.3994898255233993
6200.134828184275,0.1864753271787557,0.3993593319131885
6201.545419373631,3.815397722400961,0.39826176305746375
6202.95601056299,2.7199972835266975,0.39868188805818255
6204.3666017523465,2.225390624548062,0.39847608321894046
6205.777192941705,5.790556934969199,0.3976857079705561
6207.187784131062,9.500827446267902,0.39551589130442294
6208.59837532042,10.087499912318506,0.395373995134191
6210.008966509777,10.713833495314265,0.39526180819738005
6211.419557699135,4.366812643940993,0.39823261508779195
6212.830148888492,-0.09559451709864264,0.400388046366525
6214.24074007785,-1.4733274307871982,0.40149806144075684
6215.651331267207,-2.0564489151404683,0.40153391924239856
6217.061922456565,-1.2779608757033887,0.4016682030140563
6218.472513645922,-2.932120538361952,0.40233459392366056
6219.88310483528,-3.336233165889786,0.4024051290505537
6221.293696024637,-0.7245368957524029,0.4015098972446031
6222.7042872139955,1.5088126430834607,0.40052222589920294
6224.114878403352,1.613874525796541,0.40047768580537174
6225.525469592711,0.5911229783881813,0.4008465357631384
6226.936060782067,1.0262455083887652,0.40075434115002534
6228.346651971426,2.7693958329276653,0.3998390507354014
6229.757243160782,-1.5233406912809806,0.4021987661856981
6231.167834350141,-7.559491228604578,0.40527274889151305
6232.578425539498,-4.706389127371537,0.40388891268022786
6233.989016728856,2.0679953828871103,0.4008777721377424
6235.399607918213,3.3887713362887304,0.40001821118531017
6236.810199107571,1.668160423186332,0.40119046302784006
6238.2207902969285,0.9092863970583505,0.4018454983569771
6239.631381486286,-0.34830557199605183,0.40235738773299273
6241.041972675644,0.8401367145882357,0.4021952488496897
6242.452563865001,1.4273001278218929,0.4022641321658691
6243.863155054359,-0.6518907454976501,0.4032188874361201
6245.273746243716,-3.2932317161159985,0.4046854212519269
6246.684337433074,-5.378042028147331,0.40545736887198036
6248.094928622431,-1.2385906244024034,0.4038163612613877
6249.505519811789,4.088361626584982,0.40183016659403104
6250.916111001146,3.858194177172353,0.4016507128017797
6252.326702190504,-2.5717498514358947,0.4048102739454127
6253.7372933798615,-7.846487664341251,0.40757136735024385
6255.147884569219,-7.414208536623982,0.4074249846963537
6256.558475758577,-4.905152288989662,0.40600911838805415
6257.969066947934,-1.657470382532348,0.4048689354419942
6259.379658137292,-0.18094235700019878,0.40404784524732673
6260.790249326649,0.8981111921623346,0.40352408681496277
6262.200840516007,6.923140766132558,0.40147979467152317
6263.611431705364,6.0398595710428395,0.4014645130737459
6265.022022894722,3.73694730240093,0.40248726647936955
6266.432614084079,4.609587104118713,0.4023575144562121
6267.843205273437,6.2892584760405565,0.4020825231610276
6269.2537964627945,5.059390006743188,0.40250387686120753
6270.664387652152,3.8863927907244515,0.4028319825629125
6272.07497884151,8.2297507482177,0.4017319177854883
6273.485570030867,7.583041640801667,0.40164323753186854
6274.896161220225,1.79975809722499,0.4049005886097712
6276.306752409582,-7.015929673588208,0.40901183810013314
6277.71734359894,-14.63192505213474,0.41315379020180304
6279.127934788297,-13.125022521713909,0.41260528864254653
6280.538525977655,-9.158344520968042,0.4105817361282538
6281.949117167012,-5.1395077362300885,0.4086049404745155
6283.35970835637,-0.4529281721045062,0.40630098656631974
6284.7702995457275,2.9624217740002896,0.40461305022342636
6286.180890735085,3.2146040125662374,0.4044513743048262
6287.591481924443,3.3541310689727664,0.40453063754101193
6289.0020731138,3.56531940613141,0.4047026999379035
6290.412664303158,1.3913927923088265,0.40586789704141835
6291.823255492515,-0.8479309604664207,0.4068957543279332
6293.233846681873,-0.49937136830042916,0.4070972145511349
6294.64443787123,-0.3997631685666341,0.4073109617036089
6296.055029060588,-4.1822484220755065,0.40783486031173954
6297.4656202499455,-4.201907445015881,0.40504810191370916
6298.876211439303,-2.5430131117406396,0.40185150448485074
6300.286802628661,-9.504474282209197,0.4041213036626054
6301.697393818018,-14.207010096544197,0.4076082578608992
6303.107985007376,-7.765584153042991,0.4085650474465332
6304.518576196733,3.2465934041982547,0.405552775329822
6305.929167386091,7.134541462242427,0.403631426705175
6307.339758575448,6.692257471255667,0.4038353336045462
6308.750349764806,6.991862794754944,0.4040594686562122
6310.160940954163,5.261822407690157,0.40494016802019156
6311.571532143521,1.6714563069085235,0.40701576629218417
6312.9821233328785,-0.041539747873491545,0.40749469452306974
6314.392714522236,0.5552764495349198,0.40804087226351904
6315.803305711594,-2.9282538059146463,0.40960321302307773
6317.213896900951,-7.368383219479636,0.4112111154955134
6318.624488090309,-7.23472974609189,0.4116364422949709
6320.035079279666,-2.8268146510820715,0.40918888963833466
6321.445670469024,1.4978121664691626,0.407328164695918
6322.856261658381,3.5886670348957543,0.4058417573827378
6324.266852847739,7.623430492118034,0.40454089558933404
6325.677444037096,6.712952379725049,0.404035776745951
6327.088035226454,5.699602307344459,0.4055881272941347
6328.4986264158115,5.969719953451794,0.4045724792351574
6329.909217605169,5.382900630974834,0.4052900948187526
6331.319808794527,6.304541262126272,0.40507693901439995
6332.730399983884,3.536135470650762,0.40662270506930825
6334.140991173242,-0.843005049096788,0.408687796367706
6335.551582362599,-4.352650504596612,0.4106937869293184
6336.962173551957,-5.83407834991614,0.41121958124523933
6338.372764741314,-4.514720901603091,0.41074991333570016
6339.783355930672,-1.9950406935995564,0.4097605107611206
6341.193947120029,0.0,0.4088123599696489
6342.604538309387,-0.5255930388803335,0.4089574357397265
6344.0151294987445,-2.3162765463870993,0.4097756109086418
6345.425720688102,-2.423290963887462,0.40989931777023564
6346.83631187746,-0.9061338525143954,0.40905681876738953
6348.246903066817,2.6137878420843856,0.4073667854705687
6349.657494256175,6.161721771067884,0.40569946503237897
6351.068085445532,5.042230533287465,0.40618512356334907
6352.47867663489,5.463074184018109,0.40576731320869186
6353.889267824247,3.3611516182492096,0.4073145799144667
6355.299859013605,1.2379496105900771,0.4075415242364536
6356.710450202962,1.0807896355547777,0.40857033190566333
6358.12104139232,-4.204924085844342,0.4104418551657616
6359.5316325816775,-2.637282081564693,0.4101297284511778
6360.942223771035,-1.0601730521636183,0.4087592606857494
6362.352814960393,-3.744933102857483,0.4092015930120838
6363.76340614975,-6.510847490839683,0.410007538321909
6365.173997339108,-3.937271196650187,0.40985598420260017
6366.584588528465,0.32137409712653797,0.4093328831574858
6367.995179717823,-0.9118589361642191,0.4095406756981596
6369.40577090718,-2.434799647842394,0.41057868455842406
6370.816362096538,-1.972815518911394,0.41025654563226405
6372.226953285895,0.002518125520365233,0.4094879783305595
6373.637544475253,1.87593706235438,0.4086133193646916
6375.0481356646105,1.9196239843164982,0.4084487220511458
6376.458726853968,4.031969312093574,0.40752013215211397
6377.869318043326,4.851413182236724,0.4069971390701291
6379.279909232683,3.7402104331553883,0.407649844511238
6380.690500422041,3.1487886202799116,0.40808390819840057
6382.101091611398,2.035498503373512,0.40841255111289304
6383.511682800756,2.6471876036371493,0.4082367237442909
6384.922273990113,3.9533668204475854,0.4078116982051181
6386.332865179471,0.6773140615475771,0.40908199792226874
6387.743456368828,1.27567756386693,0.40913791604351984
6389.154047558186,2.486548430911465,0.4089854077613291
6390.5646387475435,0.3786867877177116,0.4102346939249685
6391.975229936901,-4.052267367438963,0.41235139565347984
6393.385821126259,-7.015715756864199,0.41365654145614356
6394.796412315616,-4.322143832837011,0.4124176277010853
6396.207003504974,4.482616482002969,0.4097126311977453
6397.617594694331,-0.6632987559349299,0.4108976326059103
6399.028185883689,-9.329779904273215,0.4152837685064642
6400.438777073046,-3.852529397927163,0.41308148205193246
6401.849368262404,-2.3536975660191617,0.41222878526272727
6403.2599594517615,2.9568903622437785,0.40972683054136555
6404.670550641119,2.678229683309276,0.41006340726706925
6406.081141830477,-0.6382662318247119,0.41153972725101756
6407.491733019834,-2.144881686577886,0.41257972488614564
6408.902324209192,-1.7562911552603497,0.4123941705515827
6410.312915398549,-0.6473471882555775,0.41192780991793926
6411.723506587907,-1.1009538839579474,0.41229206152489084
6413.134097777264,-1.5758748943658947,0.41252158081775875
6414.544688966622,-0.41770313705548423,0.41214609600707347
6415.955280155979,1.2917592627198977,0.4114442002869163
6417.365871345337,2.1049688739440438,0.4112572911926932
6418.7764625346945,-0.8888054254599513,0.4131496932333686
6420.187053724052,-6.699503726960074,0.41551214963146194
6421.59764491341,-6.430658906767067,0.4157486272072482
6423.008236102767,-1.107911099095658,0.4137186766859361
6424.418827292125,0.9648317170825407,0.4123050865400029
6425.829418481482,1.2274463701687115,0.41202675391198185
6427.24000967084,4.312391877663165,0.41092673598051915
6428.650600860197,2.140389031964128,0.4118364500653678
6430.061192049555,-1.8778585050975796,0.41386749170541226
6431.471783238912,-1.5520194777196488,0.41384377810313167
6432.88237442827,1.0511716143139695,0.41261011016417176
6434.2929656176275,3.9868408190022113,0.4110748773609075
6435.703556806985,5.884492989779249,0.4103176878586189
6437.114147996343,3.0008588381037233,0.41187601793835
6438.5247391857,-3.7359022609309886,0.41532923374782554
6439.935330375058,-5.510335792863942,0.41598406059611764
6441.345921564415,-0.9464581846652287,0.4140795424484209
6442.756512753773,3.7848453833274256,0.41192273315938577
6444.16710394313,5.003173893799997,0.41093030186903345
6445.577695132488,6.12816421303795,0.41080058368141614
6446.988286321845,5.452254381796349,0.4113205447176718
6448.398877511203,0.06683478674575882,0.4132738440917195
6449.8094687005605,-0.6154541565985787,0.41452024315187835
6451.220059889918,0.024821936281262946,0.41390962476350335
6452.630651079276,0.8617748698604064,0.41375173704697166
6454.041242268633,1.9408464323902699,0.41363157608392864
6455.451833457991,-3.133183225919109,0.41576269341377753
6456.862424647348,-4.1054367893378245,0.41624159916360476
6458.273015836706,3.0290980611587157,0.4131375238316659
6459.683607026063,6.344987046246157,0.41140180712269897
6461.094198215421,0.9184921922780882,0.4140243360741338
6462.504789404778,-6.39781500272356,0.41789815504124184
6463.915380594136,-5.1134559197337355,0.4172005522681331
6465.3259717834935,0.2598545308201681,0.41471825446292354
6466.736562972851,2.793745352495453,0.41326379225306903
6468.147154162209,2.1285869533916015,0.41382406532135363
6469.557745351566,-0.15305813708654048,0.4150805163357674
6470.968336540924,-3.1248678151536655,0.4165507885867667
6472.378927730281,-4.3614470601959345,0.41735458552637067
6473.789518919639,-2.7269892631576966,0.4165859552209845
6475.200110108996,0.05636605205592149,0.41516590978670687
6476.610701298354,3.108577329049924,0.4137194489803025
6478.021292487711,4.805437003120122,0.4129194594952579
6479.431883677069,3.644447937367245,0.4136661446487038
6480.8424748664265,0.37541611984361234,0.41505905555473566
6482.253066055784,-1.8451727985984876,0.4164661642586729
6483.663657245142,-5.00538759304607,0.41825075413084434
6485.074248434499,-1.517148802198272,0.4161175317572324
6486.484839623857,0.6653062846428646,0.41572972996044905
6487.895430813214,0.23047037624786837,0.41516221434292533
6489.306022002572,0.6645618173636807,0.415368769214869
6490.716613191929,-1.4937607376684472,0.41642955544786187
6492.127204381287,-7.016104236819873,0.419479374501309
6493.537795570644,-14.011400328477794,0.4231575815309376
6494.948386760003,-18.548731129605013,0.42549681017795593
6496.3589779493595,-18.08460779954359,0.42525017533969955
6497.769569138718,-13.664081425136883,0.42290052764174174
6499.180160328075,-8.868118505905471,0.4201574239068849
6500.590751517433,-3.823426030641915,0.41734193756239835
6502.00134270679,2.925415391306701,0.41415631742666714
6503.411933896148,5.701038807501055,0.4123445873766486
6504.822525085505,8.28352897182118,0.41078045750197484
6506.233116274863,8.529586811470985,0.4115903360393624
6507.64370746422,3.4912182048460982,0.4126913551683679
6509.054298653578,6.45067881380016,0.41243970197784585
6510.464889842935,5.811158879959941,0.41261933833565945
6511.8754810322935,4.213389549495002,0.4133213706471062
6513.28607222165,1.478271096838983,0.4147891504085397
6514.696663411009,-1.6309537638140728,0.416497189752686
6516.107254600365,-4.274898726647461,0.41803552663378407
6517.517845789724,-7.144001523503912,0.4192764298565245
6518.92843697908,-2.5394097514728933,0.4174819815181331
6520.339028168439,1.4799031066647343,0.41527763836417475
6521.749619357795,-0.7459750129393417,0.41614854892302117
6523.160210547154,-1.8190821119629383,0.417192517074165
6524.5708017365105,0.014128132440331953,0.41613415212866306
6525.981392925869,-0.708176786581014,0.4167909061031807
6527.391984115226,-4.917387223358706,0.41898657488253754
6528.802575304584,-4.963382642453198,0.4192253793085668
6530.213166493941,-2.79754951351573,0.4176141364731846
6531.623757683299,-2.143613807851098,0.4183267525223271
6533.034348872656,-2.882339511373187,0.41745371901014194
6534.444940062014,-2.009776026953428,0.4178709069631903
6535.855531251371,0.031170469492205033,0.4171145423422821
6537.266122440729,-0.3808021772991723,0.41698510952005297
6538.676713630086,-0.2687784764852825,0.41730332475544635
6540.087304819444,-1.3974062366289366,0.4180154322154687
6541.497896008801,-3.317951568970468,0.4187902398384419
6542.9084871981595,-3.8077958558853435,0.4195413707197671
6544.319078387516,-6.349086702335878,0.4210768252010186
6545.729669576875,-10.21254575333056,0.4228399308035997
6547.140260766231,-10.183299497021562,0.42338548197705966
6548.55085195559,-9.948434141312854,0.42326291302068525
6549.961443144946,-9.689586610862035,0.42298699718577204
6551.372034334305,-10.546735638273365,0.4238430095633956
6552.782625523661,-14.895786735247134,0.4258597872754673
6554.19321671302,-20.52440580029234,0.42939233235042906
6555.6038079023765,-20.914626198290232,0.4301604592418856
6557.014399091735,-26.47989260561318,0.43395392018849466
6558.424990281092,-36.84214133316195,0.4403087324039127
6559.83558147045,-60.04807568220392,0.4575690769887588
6561.246172659807,-99.89153265714879,0.4897770529179392
6562.656763849165,-128.5693837596896,0.5134484754969075
6564.067355038522,-118.77306547702847,0.505226462565251
6565.47794622788,-80.87187273774404,0.4753463262752192
6566.888537417237,-45.53449203663083,0.44936112099936565
6568.299128606595,-28.513253158935473,0.4371455099769659
6569.709719795952,-25.228394035519145,0.43357701870829596
6571.12031098531,-22.53576793717889,0.4315788483131184
6572.530902174667,-15.553973836156352,0.428442463118274
6573.9414933640255,-13.62184498289092,0.4267744652927616
6575.352084553382,-12.865800677593896,0.4260179242540149
6576.762675742741,-9.627360013530609,0.42444669785393885
6578.173266932097,-4.74569841884135,0.42185090058977986
6579.583858121456,-1.378295317119747,0.4203952708634745
6580.994449310812,-2.043562219231889,0.42070269155069673
6582.405040500171,-4.197410352995016,0.42144877430872135
6583.815631689527,-3.2857979579533185,0.4212816536772749
6585.226222878886,-0.5036514482046158,0.420048751954233
6586.6368140682425,0.3565590970867426,0.41940838426386984
6588.047405257601,0.0035965688529652207,0.41973256078200594
6589.457996446958,0.2290016057454114,0.4197423131012691
6590.868587636316,-0.486420457246622,0.4202126949137722
6592.279178825673,-3.726493558393111,0.42222491270590734
6593.689770015031,-9.92467009419781,0.42574091150852394
6595.100361204388,-8.703577036244463,0.42477593490671717
6596.510952393746,-2.4804753488846822,0.42200704986904247
6597.921543583103,-2.964835539638702,0.4221248136217056
6599.332134772461,-2.465867426652404,0.42177516633361417
6600.742725961818,-0.1606001694892939,0.4206947859001609
6602.153317151176,-2.507209501336667,0.42210427224715985
6603.563908340533,-5.358947032691986,0.4233259533250726
6604.974499529892,-5.371425096915611,0.4237850937145419
6606.385090719248,-5.549564242434778,0.4241587126513037
6607.795681908607,-5.68592721728122,0.42394787994306504
6609.206273097963,-3.2156568191017243,0.4230166168069228
6610.616864287322,-1.8636832273788708,0.42198946243629915
6612.027455476678,0.15792023858264342,0.4210100756008318
6613.438046666037,0.558918009060225,0.4208224785419272
6614.8486378553935,-0.8718989046035732,0.4213862767687572
6616.259229044752,-1.0400255292578744,0.42192922342109396
6617.669820234109,-2.1559392666921995,0.4224639693635132
6619.080411423467,-2.339208429599479,0.42228839152113085
6620.491002612824,1.8018512429986044,0.4205545181338744
6621.901593802182,4.388149357207966,0.4190075839904136
6623.312184991539,2.9204174272471652,0.41963162024468964
6624.722776180897,1.6571563166838843,0.4203639260094707
6626.133367370254,2.8809076318248956,0.41982121749722306
6627.543958559612,3.46847171648432,0.41964340101238323
6628.954549748969,2.1653160016472723,0.4203747534952224
6630.365140938327,1.788458815152335,0.4207820292872919
6631.775732127684,1.1149281085007832,0.4212554472761904
6633.1863233170425,-1.2058466509931174,0.422666702155846
6634.596914506399,-3.6747009394675603,0.4241199950374189
6636.007505695758,-3.6748552450213428,0.42400154253482564
6637.418096885114,1.3072619341189753,0.4214641157947267
6638.828688074473,4.320144855407077,0.4201276537424026
6640.239279263829,4.874258880937773,0.41949828952937857
6641.649870453188,4.1329240197380726,0.4201864704054484
6643.060461642544,2.243740270600564,0.42131102765239886
6644.471052831903,0.831313748467005,0.42177266847943656
6645.8816440212595,1.6811686583626613,0.4214732336782454
6647.292235210618,4.219620613386285,0.42036814953621554
6648.702826399975,6.467911204679627,0.41929765286518805
6650.113417589333,4.694058179605163,0.42005494251647274
6651.52400877869,2.3660944551170804,0.4208721680544185
6652.934599968048,5.163298554244966,0.4204818741248951
6654.345191157405,1.8270003517180244,0.42150765777411936
6655.755782346763,1.4579910191918246,0.4222746249295617
6657.16637353612,2.0639658322899113,0.42180899760982343
6658.576964725478,1.8688604259597201,0.42198014689720575
6659.987555914835,0.6905245102604174,0.422671005978614
6661.398147104193,-0.5466188881564618,0.4233122741077259
6662.80873829355,-1.3800985186145995,0.4239116176100615
6664.2193294829085,-1.9884225777617048,0.42436109103699793
6665.629920672265,-1.2608517682423952,0.42394145163602825
6667.040511861624,2.505765816138819,0.42198746863855163
6668.45110305098,2.20002807919498,0.42232507285198506
6669.861694240339,-0.8384181702585152,0.4237763836762517
6671.272285429695,2.1933691960399457,0.42238678309369726
6672.682876619054,2.4817312162625402,0.42225414563424657
6674.09346780841,1.8071986949550531,0.4230005063368906
6675.504058997769,-0.2566164152134638,0.42367465416355893
6676.9146501871255,-2.3579856977398572,0.42545772496708767
6678.325241376484,-2.851289263397479,0.42569977503583994
6679.735832565841,-1.7182253024865086,0.42464904576271184
6681.146423755199,0.15571494059050384,0.4243963509007667
6682.557014944556,1.645620445814628,0.4234208180302343
6683.967606133914,0.9411681727061452,0.4238524671399538
6685.378197323271,-0.8562383068082531,0.4248663799155551
6686.788788512629,-1.2934296573911561,0.4252466737222313
6688.199379701986,-1.0219094269096793,0.42539615438032197
6689.609970891344,-2.256318347010377,0.42612084139583645
6691.020562080701,-3.1353737676861178,0.4264776515260389
6692.431153270059,-1.7615996815426012,0.42590094134690715
6693.841744459416,-0.4327893357185566,0.42530400804907237
6695.2523356487745,-0.09346804127793007,0.4250350775969222
6696.662926838131,0.06327583679370496,0.4249319310443153
6698.07351802749,0.46080510399434527,0.42480153550083316
6699.484109216846,1.3012036722878246,0.42428630544437995
6700.894700406205,3.0610770925988833,0.42363050671579133
6702.305291595561,1.2903127957885143,0.42456753748009424
6703.71588278492,-4.463162359648008,0.4273350772010355
6705.126473974276,-4.385158010950148,0.4279730056402669
6706.537065163635,0.1351611330567417,0.42539743858595286
6707.9476563529915,1.051669206513096,0.42492700997145355
6709.35824754235,-0.3359417299701155,0.4257438255430748
6710.768838731707,-0.7980093383764644,0.4262465338496201
6712.179429921065,-0.45982453366608067,0.4258900057168882
6713.590021110422,-0.2353176457036099,0.4257179237367939
6715.00061229978,-0.17609168660986807,0.42639788785236327
6716.411203489137,-2.167472365493332,0.42694113355141355
6717.821794678495,-7.1998007488711195,0.43033589882362566
6719.232385867852,-7.7869440430790995,0.4307196028795635
6720.64297705721,-6.134366450405329,0.4297335314872485
6722.053568246567,-3.1105808796529058,0.428220804940924
6723.4641594359255,0.331348048967548,0.42595035900077016
6724.874750625282,1.8690474135834965,0.4255202690825522
6726.285341814641,0.24122837901048833,0.4263712443123013
6727.695933003997,-1.6763121874670353,0.4272830528011913
6729.106524193356,-2.0244705087852792,0.42770801999106933
6730.517115382712,-1.6925667191038771,0.4275885753776299
6731.927706572071,-0.7290796625856135,0.4270857432198607
6733.338297761427,0.71505461066555,0.42631260746552746
6734.748888950786,1.2733244759321796,0.4263541199511852
6736.1594801401425,0.017779895229113052,0.4266009179601408
6737.570071329501,1.0913457729023008,0.42603040407965065
6738.980662518858,3.196959421319343,0.4253148174502195
6740.391253708216,3.147716184646229,0.42512920386894626
6741.801844897573,1.6302509746698863,0.42583310507513156
6743.212436086931,1.133391810002577,0.4262147513227634
6744.623027276288,2.273022889985631,0.42593522766472436
6746.033618465646,2.1343106874004354,0.4262303730392856
6747.444209655003,-0.8265765982329156,0.4273901846094957
6748.854800844361,0.45890075889196114,0.4277738065195786
6750.265392033718,-2.4521673546468956,0.42841054071693296
6751.675983223076,-2.8304074752793813,0.4291837933960582
6753.086574412433,0.08218541518371003,0.42774140322337423
6754.4971656017915,0.0,0.42764341902193886
6755.907756791148,0.7099143526784029,0.42739267342797804
6757.318347980507,-0.035559790458226104,0.4278074465671366
6758.728939169864,0.33948032189077804,0.42770337780750234
6760.139530359222,2.387691771648176,0.42670282665314885
6761.550121548579,2.0099049367879473,0.4267761892671066
6762.960712737937,0.6084379220804998,0.4277305786221247
6764.371303927294,3.4972296037146915,0.4261833286811314
6765.781895116652,2.364066239070479,0.42684309066647286
6767.192486306009,-1.1565056477745865,0.4289283128808813
6768.603077495367,-3.147858266359833,0.43028964200066616
6770.0136686847245,-3.21763098799385,0.429982652888804
6771.424259874082,-1.975609935952245,0.4295814420569129
6772.83485106344,0.06396097312991955,0.42846139419943574
6774.245442252797,2.384795036355369,0.42703641839127093
6775.656033442155,3.3293040194650843,0.4267135914510858
6777.066624631512,2.3628937919376574,0.42710699094956883
6778.47721582087,3.3033737651716866,0.42663645545517387
6779.887807010227,2.907304102463079,0.4274732815563338
6781.298398199585,1.024152688602587,0.42769977779142876
6782.708989388942,1.982919637461154,0.42773138782180736
6784.1195805783,1.7573817973595522,0.4278801848405264
6785.5301717676575,1.6251418420185204,0.42763467584671633
6786.940762957015,2.9862994531943317,0.427138318911074
6788.351354146373,4.408250932233205,0.42651319375219027
6789.76194533573,4.683631934791352,0.42604470550945023
6791.172536525088,5.293591922813245,0.4258457282950704
6792.583127714445,6.561835834428734,0.42560538947970444
6793.993718903803,2.2360791580918535,0.427218548485477
6795.40431009316,3.3811777815590442,0.4272240298905516
6796.814901282518,3.552717322769829,0.4271283791068464
6798.225492471875,2.4226409307271437,0.42774606989155295
6799.636083661233,0.5944748588335571,0.4288371205407401
6801.0466748505905,-1.4385431142949094,0.42998976074758294
6802.457266039948,-0.7033221173744078,0.429590844425509
6803.867857229306,1.0171469617669797,0.4288493590115565
6805.278448418663,-0.15876089723707754,0.42957153113715807
6806.689039608021,-1.0807884474997196,0.4293030607794427
6808.099630797378,1.9681098375274297,0.4288862623248908
6809.510221986736,4.356037552656402,0.42657154307281464
6810.920813176093,-1.2334054048446026,0.4302323915154674
6812.331404365451,-3.0453419652042997,0.4313285738340369
6813.741995554808,-2.720967601227974,0.4310348644690595
6815.152586744166,-1.2057098488341706,0.43024671657539365
6816.563177933524,1.0192238822328763,0.42894071118485316
6817.973769122881,2.7814881429204696,0.4279420677851876
6819.384360312239,2.588000753543111,0.42810354373219855
6820.794951501596,0.752849942387146,0.4283663784524696
6822.205542690954,1.1168631262750761,0.42898402910252614
6823.616133880311,0.6392682452386391,0.4294291567283593
6825.026725069669,-0.9197361788464293,0.4299976665023017
6826.437316259026,-1.0103496797976048,0.4297910664826901
6827.847907448384,-0.3584675714504164,0.42958417461817955
6829.2584986377415,-1.0293004606055047,0.43000665220466283
6830.669089827099,-1.3812482378614068,0.4304004477463702
6832.079681016457,-1.3923614493677463,0.43064933487352247
6833.490272205814,-3.3403148247369803,0.43153158526548696
6834.900863395172,-4.410559371381874,0.43244863743341405
6836.311454584529,-3.879011526346914,0.43245094699138853
6837.722045773887,-4.630396716333946,0.43330763597949806
6839.132636963244,-7.636879263048087,0.4347132961346
6840.543228152602,-7.089884406265335,0.43456393039060653
6841.953819341959,-4.104884033992812,0.43333194148810344
6843.364410531317,-3.0574247808041064,0.43282955436191595
6844.7750017206745,-5.822031439927524,0.43421201711639945
6846.185592910032,-9.16241327145353,0.43598836499616256
6847.59618409939,-7.280626983250376,0.4349346358622409
6849.006775288747,0.9301332941722853,0.43119818085918343
6850.417366478105,0.3845604056793883,0.43072723202449326
6851.827957667462,-0.6528750963716081,0.4313409057867064
6853.23854885682,-1.8224024043540508,0.43242141560419944
6854.649140046177,-3.5936681774358563,0.43317531274620114
6856.059731235535,-3.832193926169705,0.43328384562300987
6857.470322424892,-1.0708670906678726,0.43206160983112457
6858.88091361425,-0.11666917651669895,0.4317153109890555
6860.2915048036075,-5.370293084948081,0.4344862885084748
6861.702095992965,-7.959838507762221,0.43553907280458687
6863.112687182323,-0.8723040602092194,0.43164390936559427
6864.52327837168,5.3041362360425754,0.4271809528041993
6865.933869561038,0.20071585274960047,0.42982550372892403
6867.344460750395,-9.226436147841763,0.43436736032827855
6868.755051939753,-3.9019401318752727,0.43051753168218504
6870.16564312911,5.4472792137874695,0.42502044568371145
6871.576234318468,4.044608330919531,0.4265734733421721
6872.986825507825,-4.754333151102607,0.4325357116675888
6874.397416697183,-5.892359404682649,0.4332015300357901
6875.8080078865405,1.886346239244568,0.42996776997413233
6877.218599075898,-0.10681827414847045,0.4311655921695635
6878.629190265256,-1.4194132610733334,0.43245129925909237
6880.039781454613,-1.9955492093438878,0.4334542500481807
6881.450372643971,-0.13576297085362388,0.4321189128768822
6882.860963833328,0.30249459074452956,0.43253942126473327
6884.271555022686,-1.6145992890290435,0.4335313734871904
6885.682146212043,-1.5344024625121804,0.4315762176532715
6887.092737401401,3.685723327949449,0.42945722182291185
6888.503328590758,2.539934884014291,0.43010813443073254
6889.913919780116,-1.4598356905577055,0.43240987619891524
6891.3245109694735,0.9017595898062651,0.4315484463177966
6892.735102158831,2.5570396941601965,0.43134512039145667
6894.145693348189,0.9939535571392832,0.4319264929059422
6895.556284537546,-0.01002885305826795,0.432535907385883
6896.966875726904,-0.11147104129499641,0.43305517668766247
6898.377466916261,-1.5889399204944543,0.4338381096204715
6899.788058105619,-3.174731566884549,0.43465042929577397
6901.198649294976,-1.432950545542727,0.4343142717571597
6902.609240484334,-1.8867399224074675,0.43478935324958895
6904.019831673691,-3.227557811523103,0.4348259224775732
6905.430422863049,0.24109814770588756,0.4337807880737633
6906.8410140524065,0.37542853176896496,0.4333772736969809
6908.251605241764,0.6792770723220032,0.4332494097297098
6909.662196431122,2.2403460160211264,0.4328436701290341
6911.072787620479,1.8149138426670037,0.4327171912704876
6912.483378809837,0.5169629069148323,0.43344887061389076
6913.893969999194,1.9844619106319854,0.43265716390791337
6915.304561188552,5.97893810097939,0.43144751316362273
6916.715152377909,2.177461804108749,0.4328248752638362
6918.125743567267,0.21863200582462472,0.43437272759878265
6919.5363347566245,2.1439155794657454,0.4334899238737472
6920.946925945982,3.9485258040154574,0.4324143653346651
6922.35751713534,2.411605950637795,0.4331553421774582
6923.768108324697,-0.42277530085429027,0.4345381592721585
6925.178699514055,0.906980823795215,0.43435175759317907
6926.589290703412,5.240422489649584,0.4325610288758449
6927.99988189277,3.864954501003555,0.43265514025535745
6929.410473082127,1.678219876249913,0.43467282219488856
6930.821064271485,1.3617442002859597,0.4347403348802361
6932.231655460842,1.9622502113920346,0.43448374666562883
6933.6422466502,1.5896249491191679,0.43495100838369566
6935.0528378395575,1.333682710603315,0.43501348383794497
6936.463429028915,3.7799717525172847,0.4336261500779658
6937.874020218273,4.24404230939385,0.43311028755451464
6939.28461140763,4.7886424645321535,0.4327759874860223
6940.695202596988,4.4479315991224615,0.4330923473401659
6942.105793786345,4.42436992479932,0.4331779846822155
6943.516384975703,6.160338534525012,0.43230716651803375
6944.92697616506,5.588599957934864,0.43259083678598176
6946.337567354418,4.585417476253578,0.4331031742312645
6947.748158543775,6.106224886161085,0.43213547563697846
6949.158749733133,5.341615486232897,0.4321651451587653
6950.5693409224905,6.107367597362055,0.4325543104875192
6951.979932111848,8.980525512316051,0.43094296489445905
6953.390523301206,5.955010106384362,0.43260734684248664
6954.801114490563,2.516710510236457,0.4350309636876947
6956.211705679921,-1.4778198949944805,0.43759110168269555
6957.622296869278,-5.461321343412753,0.44042575982405446
6959.032888058636,-8.381112916046147,0.44260839544703623
6960.443479247993,-9.530508928922494,0.4426646589246454
6961.854070437351,-7.455939127139914,0.44209318324366925
6963.264661626708,-1.7148290941339033,0.43870868848099553
6964.675252816066,-2.730006877317404,0.4387562655861873
6966.0858440054235,-2.1360509093469187,0.4384606071827201
6967.496435194781,-1.4668666561143362,0.43821858190943475
6968.907026384139,-1.9626968612731375,0.4384506805540334
6970.317617573496,-2.683852323080349,0.43871551609126275
6971.728208762854,-1.610323866143033,0.4380850529533529
6973.138799952211,1.740753368011559,0.43632606120372447
6974.549391141569,2.564410009546877,0.4362938080252677
6975.959982330926,-3.5128551685609732,0.4387776633953531
6977.370573520284,-5.155104983186568,0.43973433514250554
6978.781164709641,-3.3238412068631495,0.4392197362431715
6980.191755898999,-1.8230079427067776,0.4386350248712298
6981.6023470883565,-2.2749332696691846,0.43872285426613283
6983.012938277714,-2.743329223269646,0.4389756968041494
6984.423529467072,-1.4570610286480266,0.4386370050031522
6985.834120656429,-2.8994283173403272,0.4394414085741704
6987.244711845787,-4.148861518444425,0.4401730213203562
6988.655303035144,-4.335595900363003,0.4406180145013926
6990.065894224502,-4.015297284616552,0.44049447387338014
6991.476485413859,-3.3212681118733975,0.43999182832982064
6992.887076603217,-1.7040794609355852,0.4392444209460288
6994.297667792574,0.09964412445531723,0.43845997459523556
6995.708258981932,-0.6610390533553178,0.43820339259229224
6997.1188501712895,-0.5338444366719481,0.4389040506349714
6998.529441360647,-0.82453384823556,0.4389290433337224
6999.940032550005,-1.5291976471508582,0.43929511344308947
7001.350623739362,-1.1113755285631362,0.43950580992808885
7002.76121492872,-3.2231284370086524,0.4407858496470115
7004.171806118077,-6.411558349565321,0.44253892395892747
7005.582397307435,-6.324525849603452,0.4428670656919583
7006.992988496792,-2.6471082266688155,0.44113288878805007
7008.40357968615,-0.4491207012765901,0.4393569172245159
7009.814170875507,-0.6722667579596324,0.43938826945862347
7011.224762064865,0.5758370087836744,0.43903754310739873
7012.6353532542225,-1.4967707136092268,0.440255682311296
7014.04594444358,-4.297934151588828,0.44202640632266305
7015.456535632938,-6.337081165682485,0.4434951567155985
7016.867126822295,-7.076801473989795,0.4440173856029199
7018.277718011653,-3.8742183015633116,0.44220577585900434
7019.68830920101,2.3050904607096077,0.43872635012038685
7021.098900390369,2.3048612849877252,0.43862771377482956
7022.509491579725,-1.8949402712583978,0.4412075648390649
7023.920082769084,-2.619122110375944,0.4415972611051323
7025.3306739584405,-1.8759197543076636,0.4414038732739975
7026.741265147799,-1.532953584360744,0.4412960396082418
7028.151856337156,-0.1056300306321446,0.4400567246579956
7029.562447526514,3.5137426528767044,0.438348113057413
7030.973038715871,5.8713149889338325,0.4365849209680308
7032.383629905229,6.218314959625715,0.43673973560090146
7033.794221094586,1.6281401026020084,0.4392232791186751
7035.204812283944,0.5710996669010484,0.4403252773827758
7036.615403473301,2.557368280850665,0.43848529388615876
7038.025994662659,3.07390799344724,0.437423953093343
7039.436585852016,0.8049405032085257,0.4405686594206472
7040.847177041374,1.1449452591959277,0.4399011875771398
7042.257768230731,5.429843324408685,0.43751222113759514
7043.6683594200895,6.62365114072595,0.43698942136991076
7045.078950609446,5.351931214107966,0.4376386092507571
7046.489541798805,4.754165384938234,0.43801666735232925
7047.900132988161,5.779781389528962,0.43757860387462444
7049.31072417752,5.880974056768576,0.4376701262990312
7050.721315366876,2.176586788237511,0.4401808634190983
7052.131906556235,-0.9657229286798577,0.4423129735163522
7053.542497745591,-2.609213031111868,0.4437414281976028
7054.95308893495,-1.8234558852285558,0.4429050151716993
7056.3636801243065,0.35955551296748123,0.44195079092946893
7057.774271313665,1.7049563656993534,0.4413755825357871
7059.184862503022,0.8444827555367886,0.44176427513352884
7060.59545369238,-0.43838805750873794,0.4425764158101256
7062.006044881737,2.563025417311429,0.44103381712635387
7063.416636071095,1.8229355057488863,0.4414198104838395
7064.827227260452,1.5699826168746256,0.44177428908242866
7066.23781844981,1.17828450838891,0.44202029871622633
7067.648409639167,-0.019388401881227285,0.44292814918330714
7069.059000828525,-0.7378355387943434,0.4434499596486772
7070.469592017882,-0.006434962964684071,0.4430045101500796
7071.88018320724,1.1806424635780672,0.44258339482971
7073.290774396597,0.2775300081508089,0.44290243177478644
7074.7013655859555,1.5307914473770197,0.4425588439337408
7076.111956775312,2.7468675123835524,0.44157757074198306
7077.522547964671,2.9752935926962634,0.44160429024831815
7078.933139154027,3.5761049271336485,0.44136849657043004
7080.343730343386,4.048292370293092,0.44106502279686527
7081.754321532742,3.2088350519949014,0.4417107595625388
7083.164912722101,2.25686874583989,0.4426397526985134
7084.575503911457,-1.519536155544094,0.4453066205172283
7085.986095100816,-2.5769932317752158,0.44506807253913616
7087.3966862901725,-0.6890493368075249,0.4448241663444525
7088.807277479531,-0.4308274355070429,0.44483463794769734
7090.217868668888,-1.1499479045678926,0.4449176295989122
7091.628459858246,-0.6427131127286224,0.44485868013056973
7093.039051047603,0.5469748274990858,0.444658085225859
7094.449642236961,-0.27250527582661477,0.44499125371349774
7095.860233426318,-1.047478104219275,0.44526256419147014
7097.270824615676,0.3613853670561449,0.4444741574177118
7098.681415805033,2.786416519971336,0.44321152269862674
7100.092006994391,4.033987932738473,0.4425306070863118
7101.502598183748,3.5933342342260723,0.442800567586995
7102.913189373106,2.6590109170789047,0.44345525132478064
7104.323780562463,1.97520614537757,0.4437130066900696
7105.7343717518215,2.8115220885432746,0.44370265128924957
7107.144962941178,3.507423519036769,0.44331879811071856
7108.555554130537,2.0496949499695556,0.4442523986636117
7109.966145319893,0.6986741224278246,0.4452483629120922
7111.376736509252,0.44050970760037567,0.4455570385092056
7112.787327698608,0.320673152364501,0.4457052583335116
7114.197918887967,-0.5329844400268855,0.4466523627923634
7115.608510077323,-2.0132324208492247,0.44722253484467883
7117.019101266682,-1.7285580509935674,0.44702310774398607
7118.4296924560385,0.7853798392598035,0.44615396952048986
7119.840283645397,-0.12319551048794583,0.4465431791740032
7121.250874834754,-2.5129075745426683,0.44768246967827596
7122.661466024112,-2.211539139265599,0.4480145414006293
7124.072057213469,-1.3425012505303422,0.44743685355208695
7125.482648402827,-0.4740684086168284,0.44716879166071505
7126.893239592184,0.3078392897476506,0.4468611994643366
7128.303830781542,-0.7313046137266777,0.4474540900604534
7129.714421970899,-1.8013136621783286,0.44850196149959176
7131.125013160257,-3.5816150521975265,0.4494605667594814
7132.535604349614,-4.6358356641036895,0.449591641271636
7133.9461955389725,-0.17262960733373747,0.448187940346911
7135.356786728329,1.9584650499010705,0.44678269269792864
7136.767377917688,-0.7893703201105589,0.4474466968408521
7138.177969107044,2.1257217097335213,0.4466563601738804
7139.588560296403,1.4061079900633127,0.4469253639080453
7140.999151485759,-0.5563528443283046,0.4478597128034957
7142.409742675118,0.018319837777792225,0.44825404424939647
7143.820333864474,-0.3719676590509644,0.44841303672704425
7145.230925053833,-2.300275157653969,0.4496159740131713
7146.6415162431895,-5.152109581404286,0.4521365035496605
7148.052107432548,-8.455956480891635,0.4532412242409846
7149.462698621905,-5.091778734620079,0.45175439946476337
7150.873289811263,-1.22217385968378,0.4499273176200729
7152.28388100062,-1.7212909533216916,0.44954055480271654
7153.694472189978,-1.2363978174861878,0.44947478524191586
7155.105063379335,0.3094868123143047,0.4489356730382665
7156.515654568693,-0.7966993144225138,0.44945395566134366
7157.92624575805,-1.825481695872716,0.44991272601204113
7159.336836947408,-0.5438540564253047,0.44934452889402804
7160.747428136765,1.231251965636208,0.44858157228455553
7162.158019326123,0.81524071094139,0.44884009301666095
7163.56861051548,-1.946979702554646,0.45026481176944433
7164.9792017048385,-3.8206973989414417,0.4513687131801888
7166.389792894195,-3.5691452978565277,0.45171249298306876
7167.800384083554,-3.6003787023100697,0.45164433833380896
7169.21097527291,-2.0684228594946106,0.45043294943400924
7170.621566462269,-0.9971362396723535,0.4499746830903192
7172.032157651625,-1.4715552329205084,0.45065336750914076
7173.442748840984,0.19471270933029972,0.44881047254525397
7174.85334003034,0.3077837793756283,0.4495442032011571
7176.263931219699,-2.665261321136502,0.4509768456390915
7177.6745224090555,-2.3699496637541446,0.4510634495488967
7179.085113598414,-0.709836425120268,0.4501418734544419
7180.495704787771,0.3956002363244433,0.44944261198447066
7181.906295977129,0.08730320021120341,0.4497862184285845
7183.316887166486,-2.0585639008896317,0.45052710680964053
7184.727478355844,-5.033790695850408,0.45217440008674403
7186.138069545201,-4.067525156614546,0.4514446383579543
7187.548660734559,2.160735772732576,0.44829380391998086
7188.959251923916,4.609942035169564,0.44723171842791215
7190.369843113274,-0.9176480405240963,0.45029624539708435
7191.780434302631,-8.975276691999003,0.4547801699488687
7193.191025491989,-4.947676534538002,0.45355520741387684
7194.601616681346,3.338491373194357,0.4484838436295248
7196.0122078707045,3.807735108730629,0.447868314061005
7197.422799060061,1.070972136575599,0.4496031612534899
7198.83339024942,-2.661315112936232,0.451785462156417
7200.243981438776,-3.9010694308992435,0.45239075672488266
7201.654572628135,0.358052884187173,0.45028838039016117
7203.065163817491,1.9697681109638912,0.44881402820235644
7204.47575500685,1.1570923010511327,0.4494895772576473
7205.886346196206,-0.00989023295001254,0.4507442195071586
7207.296937385565,-3.1161842552850763,0.4526877442927225
7208.7075285749215,-4.150935578259015,0.4535698733327591
7210.11811976428,-1.0335579909470711,0.4523034309328977
7211.528710953637,1.647337051391711,0.45049300292452754
7212.939302142995,1.2200712572094556,0.45106188593281743
7214.349893332352,-0.06942678247024214,0.45148518456715375
7215.76048452171,-0.22656026289744713,0.45172202810262896
7217.171075711067,0.6806920558895049,0.45129963671661155
7218.581666900425,1.6676866914562132,0.45067362450431847
7219.992258089782,1.0159081781623993,0.45094651275728154
7221.40284927914,-2.3910968272864643,0.45285604235246685
7222.813440468497,0.11001666462656415,0.4516030575978004
7224.224031657855,2.5359548240997514,0.4502833491754184
7225.634622847212,0.9889781567199503,0.4512317578835902
7227.0452140365705,-1.8593629324674084,0.4401497553725807
7228.455805225927,-1.3303675935880175,0.4211501526742603
7229.866396415286,4.457350805609536,0.42243165223837514
7231.276987604642,3.282125990024397,0.4463727974873808
7232.687578794001,-1.6295007053989279,0.452159080017397
7234.098169983357,-2.88239742341524,0.45289112397492715
7235.508761172716,0.2465636942861038,0.4511080530511397
7236.9193523620725,3.793941556011743,0.4490092526968205
7238.329943551431,3.312720031742148,0.4481226785158061
7239.740534740788,-0.9238570928533989,0.447917997315874
7241.151125930146,0.6606594250458928,0.45037645129426085
7242.561717119503,2.9231383828384003,0.4485160634348676
7243.972308308861,1.6755600019928938,0.44921889359512385
7245.382899498218,-1.371434732517148,0.4513736895090989
7246.793490687576,-1.419662559927527,0.45200901583224357
7248.204081876933,4.367850036148759,0.4500716784980182
7249.614673066291,1.850543575583832,0.4505335422646868
7251.025264255648,-0.5379425807579661,0.4518124233820652
7252.435855445006,-0.29023752420489,0.45157687823082815
7253.846446634363,1.4434569944191873,0.45097284896969664
7255.2570378237215,2.43085962585687,0.45110444332729654
7256.667629013078,0.8205662146426732,0.4523545992450123
7258.078220202437,-3.1562962751685752,0.4541082917678461
7259.488811391793,1.0009759729097414,0.45232624059048565
7260.899402581152,3.937125831777096,0.4507496181725867
7262.309993770508,1.3511833988534365,0.4517375809102133
7263.720584959867,-2.9899139228707243,0.4541247183032362
7265.131176149223,-3.7491628383634925,0.45506732958567686
7266.541767338582,1.441038273982642,0.4523561846884972
7267.9523585279385,3.086801140462903,0.4520939314684553
7269.362949717297,-1.843991626031256,0.4540041406182913
7270.773540906654,-2.5175616706052186,0.45475083280434075
7272.184132096012,-0.32076248802525176,0.45313869337077134
7273.594723285369,1.4448622692113124,0.4506265360112755
7275.005314474727,0.7776112639328687,0.449793119475425
7276.415905664084,-0.6471413183090328,0.45020412656939446
7277.826496853442,1.8476292985044922,0.4505611346681883
7279.237088042799,3.1202323819557125,0.4507783632383125
7280.647679232157,3.078406566418685,0.45130673159784707
7282.058270421514,1.8290327556571397,0.4520209091822361
7283.468861610872,0.424237609468338,0.45246716812521515
7284.87945280023,1.1167729601877872,0.45227436559253825
7286.2900439895875,2.896443746563789,0.4520276356996489
7287.700635178945,-0.002682506290923037,0.45317179049651257
7289.111226368303,-0.3366957714411659,0.4535674883465897
7290.52181755766,0.39050664610578467,0.4535133763488866
7291.932408747018,-0.40526750560719577,0.4538430961425258
7293.342999936375,-1.63601430554185,0.4546568612403497
7294.753591125733,0.32356164690143613,0.4539006279482675
7296.16418231509,2.538060804134373,0.4533284232327892
7297.574773504448,0.6934786488364528,0.45379957189834597
7298.985364693805,1.194891613027142,0.45345969461864954
7300.395955883163,3.8125485053032966,0.45238801208469337
7301.8065470725205,1.3524672301655642,0.4528818626518279
7303.217138261878,-2.2665571641074314,0.45519267936948876
7304.627729451236,-1.0147559631698,0.4546081498460939
7306.038320640593,1.5403286392555975,0.4540798218295547
7307.448911829951,0.38716743312106994,0.4548246275532122
7308.859503019308,-2.6712547119991066,0.45623772011756203
7310.270094208666,-2.713934812828331,0.4568059086832724
7311.680685398023,-2.45137843519415,0.45631245216680044
7313.091276587381,0.6121678796466593,0.45403196762175574
7314.501867776738,2.192596199703476,0.45238472311223543
7315.912458966096,1.1545989319687253,0.4524376612577119
7317.3230501554535,-0.27095682692755607,0.45361282928779634
7318.733641344811,0.4082098206997421,0.4546158189273555
7320.144232534169,0.718153298455372,0.4548657803648525
7321.554823723526,2.0090511497203707,0.4544425957091134
7322.965414912884,1.6703162758092283,0.4547983858368812
7324.376006102241,0.0,0.45566666690061836
7325.786597291599,-1.6307173869266853,0.45655014619055617
7327.197188480956,-2.247572909740537,0.4568804873817831
7328.607779670314,-1.4959439697422041,0.456168513753821
7330.018370859671,-0.9023131500580899,0.45618901412811486
7331.428962049029,-0.7183105619185727,0.456448943217603
7332.8395532383865,-0.8516261830889559,0.45683777637178974
7334.250144427744,-0.9064053310650426,0.4569753932651064
7335.660735617102,-0.49740474495620746,0.4565934255088874
7337.071326806459,0.3501222024043277,0.4558457801569642
7338.481917995817,0.2625093789351991,0.45489640867819975
7339.892509185174,-1.8462034452178986,0.4553511605477502
7341.303100374532,-2.5176236499617173,0.45602319338122016
7342.713691563889,-1.5350608522963007,0.45652485436523027
7344.124282753247,0.21335929620773697,0.4564225834986663
7345.5348739426045,1.9979900547397924,0.454894489834504
7346.945465131962,1.6911356156046793,0.4563469173324607
7348.35605632132,-1.6289806156672166,0.45772168369593397
7349.766647510677,-0.644854991370341,0.4572416348994607
7351.177238700035,1.6961226646028729,0.4561686050479346
7352.587829889392,1.3261528787842383,0.4562959416367029
7353.99842107875,-1.0721885877793953,0.4581879474049079
7355.409012268107,-1.507238238913037,0.45732443922241917
7356.819603457465,-0.565184270365698,0.45737624647239167
7358.230194646822,-1.1317452726189063,0.45770111664419477
7359.64078583618,-1.9803825284781982,0.45812784887634017
7361.0513770255375,-1.4862794094590197,0.4583546167345573
7362.461968214895,0.08527108307203823,0.4576542716187679
7363.872559404253,0.4258519341268814,0.45693559209319173
7365.28315059361,0.2162498522740237,0.4573694118782388
7366.693741782968,0.7171035870011204,0.45621941337552785
7368.104332972325,2.094510549912149,0.45434909206949375
7369.514924161683,3.2054909894503876,0.45387088834118544
7370.92551535104,1.0382715412811545,0.4563921959113798
7372.336106540398,1.341078780942453,0.4564684514968361
7373.746697729755,2.8087988462643585,0.45661197147995725
7375.157288919113,2.853646356654303,0.4563503818356204
7376.5678801084705,1.0442961368147328,0.457367115168687
7377.978471297828,-1.2294020409568547,0.45985780730709097
7379.389062487186,-0.507894434091744,0.4588566586122001
7380.799653676543,-2.1961447146631157,0.46057446289076637
7382.210244865901,-3.872122956730988,0.46150596196711924
7383.620836055258,-4.664368203494543,0.46238277732851524
7385.031427244616,-5.00818998052733,0.4629469897020586
7386.442018433973,-5.900722927213534,0.46316320433304026
7387.852609623331,-7.8268064827444,0.46513974322496066
7389.263200812688,-7.671526552192717,0.4644865160330679
7390.673792002046,-3.8525425509168425,0.46160658909385305
7392.0843831914035,-0.9399008915138618,0.45951419337430843
7393.494974380761,-0.852207421495285,0.45966225229182084
7394.905565570119,-2.5477926645393425,0.4614125417756645
7396.316156759476,-2.084884421742907,0.4607306720990768
7397.726747948834,0.4517059664926268,0.4592432352943379
7399.137339138191,-0.300441192190053,0.45918484439033747
7400.547930327549,-0.6635502705997323,0.4591509259464178
7401.958521516906,0.18489824522617515,0.45889608663822584
7403.369112706264,0.05593451399148419,0.45939594252742744
7404.779703895621,-1.3745050698294174,0.46094124944014864
7406.190295084979,-3.694946686192326,0.4630658893549553
7407.6008862743365,-6.0474805550278266,0.4648163450590172
7409.011477463694,-7.078575619710729,0.4655999327239125
7410.422068653052,-6.3192649564107155,0.4652789598128655
7411.832659842409,-4.490376095354613,0.4641816461876316
7413.243251031767,-1.6115274356982017,0.46216061819814347
7414.653842221124,-3.6348998038188007,0.4634148793100191
7416.064433410482,-4.9396219884729415,0.46424902332500667
7417.475024599839,-2.9494680781006646,0.4632042065037336
7418.885615789197,0.4489935775205197,0.4613954143419087
7420.296206978554,-2.8862415277445432,0.46324650229587716
7421.706798167912,-5.595485594761129,0.46547749138356853
7423.1173893572695,-7.88116761723843,0.46680356701298703
7424.527980546627,-6.413336520611639,0.466095069994907
7425.938571735985,-1.8147351331601613,0.46327647174798997
7427.349162925342,2.853523052898666,0.4596087061482544
7428.7597541147,3.5824997762763746,0.4588887171790406
7430.170345304057,3.6774169084637154,0.45895137743213577
7431.580936493415,3.006021694678171,0.4596301314717239
7432.991527682772,2.6653964433232327,0.45983999366609674
7434.40211887213,3.1075605353806277,0.4593978604996598
7435.812710061487,3.9564233040124646,0.4589610416348557
7437.223301250845,3.934402453416639,0.4589182253999159
7438.6338924402025,2.878524804436141,0.45962666566602056
7440.04448362956,2.065699963230731,0.46046653098254353
7441.455074818918,1.3049786179374019,0.4615367278169725
7442.865666008275,-0.04508151423849227,0.46291263267713906
7444.276257197633,-2.8151059758021297,0.4644075945877181
7445.68684838699,-4.242288624563234,0.46597082051122174
7447.097439576348,-4.049596539138442,0.465869171147105
7448.508030765705,-2.5057755890196476,0.46467891105872583
7449.918621955063,0.08111935164436945,0.4631078705535066
7451.3292131444205,2.3733168801921893,0.462038903684822
7452.739804333778,-0.40635719989858865,0.46282198981959416
7454.150395523136,1.7080437579396262,0.46187861144845793
7455.560986712493,3.8274551200798963,0.46079759673097864
7456.971577901851,4.390474299393969,0.4602680813654213
7458.382169091208,3.4765820083017136,0.4606511608045879
7459.792760280566,2.368803606006635,0.4618757315879629
7461.203351469923,1.7279974796720963,0.46232755036155265
7462.613942659281,0.01738761320792706,0.46320355791726575
7464.024533848638,0.7985935471152525,0.46242384118365093
7465.435125037996,2.947956990996447,0.460925518198056
7466.8457162273535,4.3464850452780155,0.4600618679440864
7468.256307416711,3.7485730232490013,0.46015056910083935
7469.666898606069,2.7911394674646637,0.46096008458918947
7471.077489795426,2.567213532452257,0.4610657477691577
7472.488080984784,1.5367785632748876,0.46198451044114275
7473.898672174141,-0.21930822630431854,0.46338086498859793
7475.309263363499,-0.9040980869865543,0.4635581172946649
7476.719854552856,4.081233026300047,0.46077310681806033
7478.130445742214,7.237217227818165,0.45731819641408483
7479.541036931571,4.991666049229778,0.4597876344878408
7480.951628120929,1.3314614012066706,0.46330474506170344
7482.3622193102865,0.10869461045109224,0.4639055582294626
7483.772810499644,1.72290156861039,0.4637267176842522
7485.183401689002,3.086103375009045,0.4620169391037646
7486.593992878359,2.846895268932226,0.4633021660634392
7488.004584067717,1.5218460039165511,0.4643000812010001
7489.415175257074,-0.15496530687431212,0.4649916660848432
7490.825766446432,-1.485532588586115,0.46688188894033905
7492.236357635789,-2.8506074628636955,0.46748912529678316
7493.646948825147,-6.922567336990689,0.4707964552910819
7495.057540014504,-7.147140287896428,0.471100658880112
7496.468131203862,-4.173086896747907,0.469017058976487
7497.8787223932195,-0.42979697310676257,0.4663946738731013
7499.289313582577,1.1943913892630524,0.46488188838581246
7500.699904771935,0.5117142263679151,0.4655740308006943
7502.110495961292,0.9494880857370379,0.46533789678260534
7503.52108715065,1.5685965442226282,0.4649112334595321
7504.931678340007,1.546553653517865,0.46505571062048395
7506.342269529365,0.5002071506663356,0.4662110719344553
7507.752860718722,-1.4492424779528714,0.46696073325600584
7509.16345190808,-3.0423423861193517,0.46871265188795
7510.574043097437,-3.804431372087964,0.4693954994684753
7511.984634286795,-3.6775661116441962,0.4690948915755133
7513.3952254761525,-2.403110142086716,0.4680669528444583
7514.80581666551,1.800386700577794,0.46563406605528407
7516.216407854868,2.256213816927382,0.46497326100100395
7517.626999044225,0.8451541392536588,0.4657641910562711
7519.037590233583,0.28849419531997544,0.46597826655434377
7520.44818142294,1.5374508842282482,0.46504419661227586
7521.858772612298,3.3414440785385486,0.4640585533600228
7523.269363801655,-1.6899164330843603,0.46645284320213587
7524.679954991013,-3.5071816269730722,0.468254289917118
7526.09054618037,-3.263319504016313,0.46880703870815693
7527.501137369728,-1.843070982621898,0.46824219967489195
7528.9117285590855,-0.26891406438637555,0.4673677480813171
7530.322319748443,-1.5222992736145502,0.46839791564512534
7531.732910937801,-4.621922950563336,0.4698999641213219
7533.143502127158,-3.3332655459858165,0.4694885778672162
7534.554093316516,-1.0151878534201124,0.46824871433624576
7535.964684505873,-0.009358700497065664,0.46719462274882895
7537.375275695231,1.5798320808813235,0.4663418577482338
7538.785866884588,1.7187807513351772,0.4659516606248414
7540.196458073946,0.8927845025903769,0.4669028188526112
7541.607049263303,0.135473580541526,0.46738811736339775
7543.017640452661,-0.1638412300863675,0.46737279377170404
7544.4282316420185,-0.18843491047758,0.46802064144583433
7545.838822831376,0.014378096915515878,0.4677571116108899
7547.249414020735,-0.9909392727838957,0.46869672472355434
7548.660005210091,-1.7342646745985146,0.4689658379552741
7550.07059639945,-1.3745472031397754,0.46863334482411206
7551.481187588806,0.12081122593088273,0.46825916360371367
7552.891778778165,0.7003074797833843,0.46755135102878487
7554.302369967521,-3.0095835432214364,0.4702986717927141
7555.71296115688,-3.5546947933412207,0.47035706701847885
7557.1235523462365,-1.9437357121542405,0.46931971304086756
7558.534143535595,0.041081600232064086,0.4631195334239393
7559.944734724952,1.1246963234939262,0.4345190401289982
7561.35532591431,2.7345226039735335,0.4349147760900283
7562.765917103667,4.05991802688095,0.4528825290306394
7564.176508293025,2.8778716972449416,0.46630133915866095
7565.587099482382,0.3568748045070792,0.468333430850795
7566.99769067174,0.7562039698023989,0.4680996352078668
7568.408281861097,-1.0097893979917723,0.46913475399246585
7569.818873050455,-1.4206093127773696,0.4690060736984332
7571.229464239812,-1.235709276376069,0.46870388561420817
7572.64005542917,-1.0530183287019974,0.46878854817092713
7574.050646618527,-1.1235679059102262,0.4693428882149428
7575.4612378078855,1.7875832790713133,0.4685279104754658
7576.871828997242,-0.30063566181316725,0.4689432174062762
7578.282420186601,-0.9493326687254485,0.4701266049604178
7579.693011375957,-0.22066793118590933,0.47029019664969346
7581.103602565316,0.4589815940273505,0.46837690879334476
7582.514193754672,2.3684996865917833,0.46759160177651826
7583.924784944031,4.20030205362455,0.4672375733907357
7585.335376133387,-0.9394465953638447,0.4701809161257979
7586.745967322746,-5.126479409527012,0.472694997411518
7588.1565585121025,-2.5926744067125282,0.4718809641063961
7589.567149701461,2.4440305425198052,0.4687587468220033
7590.977740890818,5.885169447478505,0.4655791887757347
7592.388332080176,1.245949939528542,0.46764547601377515
7593.798923269533,-7.191147219388444,0.4690997900363978
7595.209514458891,-9.564247706599163,0.46459029024277165
7596.620105648248,10.27520622275392,0.45055952033191193
7598.030696837606,11.305541337829887,0.44505050366148574
7599.441288026963,-1.6520606896537724,0.44846047005515566
7600.851879216321,-9.011756958962101,0.449548155354477
7602.262470405678,-4.296521655968994,0.44461371902374786
7603.673061595036,6.1417001358697645,0.4373907120299654
7605.083652784393,-0.23779017001713582,0.4418845202483763
7606.4942439737515,-6.531642110936826,0.4477917679145634
7607.904835163108,-6.130190328952441,0.45027521095650097
7609.315426352467,-0.5702760888734673,0.4501587584236169
7610.726017541823,3.3259743624051676,0.4517624906945865
7612.136608731182,-2.909187507964326,0.45952304460124843
7613.547199920538,-8.063375059026715,0.4680319555535532
7614.957791109897,-4.8763228554912965,0.46863938677306344
7616.368382299253,4.497255643478142,0.4638004970109129
7617.778973488612,11.896481326102819,0.4610884689930805
7619.1895646779685,-2.635834119795413,0.46995069978724
7620.600155867327,-14.640543829305221,0.48018323482272174
7622.010747056684,-11.702256600094904,0.47417118529887425
7623.421338246042,0.4618741264996322,0.4611702166085253
7624.831929435399,9.70644763743304,0.4563428372353709
7626.242520624757,0.0009027123981146801,0.46051149029161836
7627.653111814114,-3.5899191839894917,0.46387915413548725
7629.063703003472,-5.2702348603115965,0.46568225202658653
7630.474294192829,-2.118824845512384,0.46397362937513226
7631.884885382187,6.052135695189669,0.4591122289584873
7633.295476571544,1.5512413388142283,0.4620234424162185
7634.706067760902,-3.180413420229578,0.4659214157460475
7636.116658950259,0.5781320197238777,0.46517100872776823
7637.5272501396175,1.9519171601524372,0.4644517682912413
7638.937841328974,-5.172494145924671,0.46745041891832145
7640.348432518333,1.9962674193360224,0.46782583303824976
7641.759023707689,1.4702516575823728,0.46534727917131524
7643.169614897048,-0.9659775612646714,0.4676205358337584
7644.580206086404,-1.3131035129402029,0.46934056974681376
7645.990797275763,1.8683596313135404,0.46718616676756697
7647.401388465119,3.1233836383952633,0.46983284826313193
7648.811979654478,-6.90723768696325,0.47317806831761283
7650.222570843835,-0.0009027123981146801,0.470706110253338
7651.633162033193,4.731579201633205,0.4694778005146543
7653.04375322255,-5.022382812258002,0.4736738722544544
7654.454344411908,-5.16459415131185,0.47439331030762694
7655.864935601265,5.025709913313487,0.46818728702730417
7657.275526790623,4.581005359088832,0.47011890051327554
7658.68611797998,-2.7259676685726606,0.4746964936215985
7660.096709169338,-6.809555255547047,0.4748453462590615
7661.507300358695,12.575622167814746,0.46546885006514277
7662.917891548053,5.275051740576755,0.46914608052516943
7664.32848273741,-1.6864018620765606,0.4746561591036622
7665.7390739267685,-1.7921315681787793,0.47502266973139673
7667.149665116125,4.436732080747038,0.46941452056056726
7668.560256305484,3.512791716452425,0.4734028153858247
7669.97084749484,-4.6401933953070635,0.47843706415447357
7671.381438684199,-3.820438292668163,0.4782790503234471
7672.792029873555,1.0749717588334704,0.4747495343361944
7674.202621062914,3.2952262126162015,0.4718780168533358
7675.61321225227,-1.1656923701940394,0.47761730723817764
7677.023803441629,-2.4282225592658313,0.47718754135898284
7678.4343946309855,1.0445479371660933,0.47477292009680133
7679.844985820344,2.5200383976004628,0.4742029364898704
7681.255577009701,-1.9824067457573227,0.47714811656112405
7682.666168199059,-2.333293565245974,0.4773308320868171
7684.076759388416,0.6007455271249139,0.4763523396008084
7685.487350577774,2.0243103916154976,0.475002961493618
7686.897941767131,1.609451333648709,0.4746137633822921
7688.308532956489,0.6195488790895827,0.4758005286090781
7689.719124145846,1.3715663228516104,0.47527891057347377
7691.129715335204,0.6111627519677851,0.4759033436201307
7692.540306524561,-0.73249538609477,0.47674201788535486
7693.950897713919,-0.7968312156126968,0.47692014183878295
7695.361488903276,1.7200963269553329,0.4758740662509505
7696.7720800926345,1.9459804897829507,0.475020717285371
7698.182671281991,-0.0010098483662214774,0.4764810747024949
7699.59326247135,-1.1950319438985382,0.4772677868864266
7701.003853660706,-1.051808531006343,0.47727643397648023
7702.414444850065,-0.016745376635731724,0.47732588651875923
7703.825036039421,-0.8629527061166249,0.47775849630313455
7705.23562722878,-0.08295483017600647,0.4772033181948566
7706.646218418136,0.1541992645948076,0.47726675372148086
7708.056809607495,-0.46771958155429516,0.47756212519067665
7709.4674007968515,-1.2845537983434618,0.47681066007471407
7710.87799198621,-0.5949684867745438,0.47582582966876535
7712.288583175567,-1.9406840419583695,0.4762637596090623
7713.699174364925,-2.6428237359290674,0.47633018612975275
7715.109765554282,-2.4343658290581893,0.4758926585796788
7716.52035674364,-2.7967039025129643,0.47601753253479456
7717.930947932997,-1.754039856602538,0.4776864485507099
7719.341539122355,0.07742982645476537,0.47664596406826854
7720.752130311712,1.276655985164377,0.4759382264958344
7722.16272150107,1.0280708302353507,0.4766473789714603
7723.573312690427,-0.9183252294036552,0.4775984245420603
7724.983903879785,-0.5672471566754971,0.4773435963129643
7726.394495069142,-0.16000944578607984,0.47721569237622047
7727.8050862585005,0.05213456661561322,0.477476660359739
7729.215677447857,0.24865138510726836,0.47783557127466847
7730.626268637216,1.074817155271004,0.47681440243141693
7732.036859826572,2.9994083466110437,0.4756685185057515
7733.447451015931,4.205037644110735,0.4748351695020826
7734.858042205287,3.616370238805661,0.47520736197032737
7736.268633394646,1.116612205138879,0.4769379274937084
7737.679224584002,1.1173681263235364,0.47707559407238087
7739.089815773361,2.0263109284075247,0.4769353022724645
7740.5004069627175,1.4597242386067075,0.4775464331819248
7741.910998152076,-0.673008868818453,0.47900960555050537
7743.321589341433,-3.5360080619043286,0.4809301500199355
7744.732180530791,-2.607239199745997,0.4806279820122538
7746.142771720148,-1.9895509303029892,0.4797220895103195
7747.553362909506,-3.5943568115172857,0.4789964392069844
7748.963954098863,-6.306339462300828,0.4789322260272903
7750.374545288221,-7.293565800053904,0.4798288297166082
7751.785136477578,-3.2779740344659265,0.4783593514662374
7753.195727666936,0.9454114572892431,0.4772319171430276
7754.606318856293,2.4136622213922942,0.47681955010207755
7756.0169100456515,2.189141503734854,0.47621423079475544
7757.427501235008,6.31524815373053,0.4727156967050929
7758.838092424367,2.3638690946064145,0.47520415229181967
7760.248683613723,1.1085880286315273,0.4762719898234663
7761.659274803082,2.418118406522619,0.4760139429113766
7763.069865992438,4.532307486645131,0.4754104202552756
7764.480457181797,2.1348719003558783,0.4770930788941199
7765.891048371153,4.185056409888458,0.47533028541356415
7767.301639560512,8.48528747787603,0.47115420818574105
7768.7122307498685,9.270724214877848,0.470135622588507
7770.122821939227,1.9384703093015885,0.47692567053733304
7771.533413128584,-3.4008972211468587,0.481535271394435
7772.944004317942,-4.342632835987267,0.48264647243717385
7774.354595507299,-4.665730965904082,0.48309867403330364
7775.765186696657,-4.420358177792181,0.4831432178907577
7777.175777886014,-2.012309728009326,0.4818687126387452
7778.586369075372,-3.4403842000321783,0.4822561521856114
7779.996960264729,-4.084085617545502,0.4827456207470811
7781.407551454087,-3.9911934639753186,0.48282803565071447
7782.818142643444,-3.037342560650571,0.48221968912760554
7784.228733832802,-0.711040127885326,0.48084779229170055
7785.639325022159,2.1181935512922263,0.478786278764506
7787.0499162115175,2.1161236006387885,0.4785796809078327
7788.460507400874,1.079552992335797,0.4790926215635048
7789.871098590233,1.0594593568671309,0.4788940813283824
7791.281689779589,2.795722464333772,0.4765638608123063
7792.692280968948,2.555030358561295,0.475725453012997
7794.102872158304,1.540243847106959,0.47664044937389904
7795.513463347663,0.5493500447909265,0.4786034958908424
7796.924054537019,0.16000944578607984,0.48046245046740926
7798.334645726378,-3.7872409214520575,0.4835984241399312
7799.7452369157345,-3.1117444173068822,0.48336763050894804
7801.155828105093,-1.1429701041083284,0.4819617941240202
7802.56641929445,0.20615235511670937,0.480855890143037
7803.977010483808,0.19956373048566367,0.4812078995804449
7805.387601673165,-0.23263220545486862,0.4807284790155675
7806.798192862523,-0.5293496911472331,0.48048410980047224
7808.208784051881,-0.9650561377977352,0.4809266224004865
7809.619375241238,-1.8307115818740378,0.4821798837461113
7811.029966430596,-3.6953949900995537,0.4830797728727961
7812.440557619953,-0.9123757715759011,0.4824981361018293
7813.851148809311,2.037151047694045,0.48024358855280214
7815.261739998668,3.5742520812600915,0.4781413325730978
7816.672331188026,2.9061236513817397,0.4791256001171398
7818.0829223773835,2.9912346614290537,0.4774109227526776
7819.493513566741,3.1619961960241203,0.4756399497844604
7820.904104756099,2.7056111194806016,0.4752094971539902
7822.314695945456,2.048124747349458,0.4763487406418269
7823.725287134814,3.9956228992020955,0.47724715715689847
7825.135878324171,3.7784622280745537,0.4786019036262925
7826.546469513529,3.094113803734103,0.4792645632127919
7827.957060702886,3.046430214091811,0.4792346365047938
7829.367651892244,4.237269465963804,0.47898653722625073
7830.778243081601,0.2533218387568082,0.4820387050189519
7832.188834270959,-1.929301926960397,0.4835447636264896
7833.5994254603165,-3.257398819476606,0.485128879340248
7835.010016649674,-3.285631941732534,0.4856234839705418
7836.420607839032,-0.4153312489097417,0.481056082826321
7837.831199028389,1.6182913847533675,0.4812848599806854
7839.241790217747,0.8559598320030192,0.48084598676134205
7840.652381407104,0.8199089062998234,0.4800413731776719
7842.062972596462,3.2675535995790015,0.479509052612626
7843.473563785819,0.7886603108626159,0.480329749612917
7844.884154975177,1.3653701576205293,0.482094050933627
7846.294746164534,1.531313781888192,0.4816846775273831
7847.705337353892,0.7774990002878415,0.4805191424322925
7849.1159285432495,-0.3797545863622127,0.4823346417253331
7850.526519732607,0.9254711207025763,0.47969956651125933
7851.937110921965,-1.4474131623300286,0.47916835195949653
7853.347702111322,-2.22738686685085,0.4799725385389398
7854.75829330068,0.4111404098578242,0.48121902820472595
7856.168884490037,-0.6898164625188863,0.481405958718458
7857.579475679395,-1.0728676335084795,0.48268231823736496
7858.990066868752,-0.3465772597746849,0.4824150372016899
7860.40065805811,0.5909945342105785,0.48149537937373127
7861.8112492474675,0.39312721444975285,0.4818814257025145
7863.221840436825,2.1334335619425593,0.48143009864816527
7864.632431626183,2.145556198639169,0.48132207690344186
7866.04302281554,1.5220048940946382,0.48144891819373237
7867.453614004898,0.80440795298577,0.4817618637801912
7868.864205194255,-0.3234961436281958,0.482331358605169
7870.274796383613,-1.2832215099952184,0.48284792859133063
7871.68538757297,-1.2170977711651034,0.48340939554066004
7873.095978762328,-0.34302687191324555,0.48367240065617023
7874.506569951685,0.7552844536917935,0.48322495864870857
7875.917161141043,-0.49132071452688164,0.48362833588399967
7877.3277523304005,0.5704272541343667,0.48252682398650243
7878.738343519758,0.7700069017117912,0.4821361110836569
7880.148934709116,-1.0451222977655568,0.48336164550156135
7881.559525898473,-2.8579314245886023,0.4852775921078421
7882.970117087831,-0.3094164539390156,0.4842565016108278
7884.380708277188,-0.774194258540513,0.48436914888919635
7885.791299466546,-2.0665576500599396,0.48486937175175404
7887.201890655903,0.1051033557373362,0.4839745445975217
7888.612481845261,-3.573841583692919,0.4848171942272741
7890.023073034618,-5.982028557461307,0.4867880365307554
7891.433664223976,-6.419444966615011,0.48837297167597843
7892.8442554133335,-5.275459435060645,0.4889257962752001
7894.254846602691,-5.706550755377547,0.48922254495703876
7895.665437792049,-5.266917045365151,0.4888566206006645
7897.076028981406,-3.7970294917314655,0.4877792756251842
7898.486620170764,-1.2874883015805882,0.48588254022598554
7899.897211360121,1.9690832111147414,0.4830778937290066
7901.307802549479,1.61433380715933,0.4837753159323574
7902.718393738836,0.0,0.4848196096698658
7904.128984928194,-1.0044890092017678,0.48544695430706386
7905.539576117551,-0.39079672551579,0.4852936023492306
7906.950167306909,-0.009808498474404681,0.48500485958429523
7908.3607584962665,-1.3394927937587802,0.4858493781361057
7909.771349685624,1.1828602250194669,0.4828237436665069
7911.181940874982,4.979913520389243,0.4778510340489819
7912.592532064339,2.7226189177666678,0.47680792573681186
7914.003123253697,-2.1677558616355146,0.4804545633991907
7915.413714443054,-1.1309670384746597,0.48300328278867816
7916.824305632412,-0.7436231286966956,0.48558908528899586
7918.234896821769,-5.73463755079713,0.488792333896906
7919.645488011127,-5.870304488768721,0.48806269425841886
7921.056079200484,-4.453525965376976,0.46655711128892247
7922.466670389842,-2.08099047431683,0.4524564455635001
7923.8772615791995,0.36746385894837896,0.4567621397604211
7925.287852768557,1.0672926738882393,0.483626974063312
7926.698443957915,-1.1730978243647838,0.4864620828705792
7928.109035147272,-1.009581302955046,0.4862081495209064
7929.51962633663,-0.730013416002884,0.48597630672565834
7930.930217525987,-3.276907111834965,0.48696155531440577
7932.340808715345,-2.3493279337461908,0.4874146129412294
7933.751399904702,-0.37944376567482496,0.486020952112806
7935.16199109406,0.7358698759035323,0.4854228841699353
7936.572582283417,0.20727163549301408,0.4865344749110142
7937.983173472775,-1.586241578927284,0.48728663434587527
7939.3937646621325,0.3322356990385227,0.48587853938001513
7940.80435585149,1.1700481413440338,0.48542594464857575
7942.214947040848,-0.7126047090483674,0.4870296569283527
7943.625538230205,-6.400535510023799,0.49148187145377653
7945.036129419563,-9.843762614324708,0.49440548664760675
7946.44672060892,-8.17334039611182,0.49275044923725964
7947.857311798278,-3.153315436392353,0.4886101631688699
7949.267902987635,2.641053460110881,0.4844562821537498
7950.678494176993,0.005176646631770865,0.48548691820516715
7952.08908536635,2.141809551522039,0.48466953559199144
7953.499676555708,4.081368338400473,0.48382976750557105
7954.9102677450655,3.7609535630455366,0.4839858188685153
7956.320858934423,0.8540041489377306,0.48616890326852374
7957.731450123781,-0.8825320344436576,0.4874345701938143
7959.142041313138,-0.7354625421589072,0.4874172421675338
7960.552632502496,0.19760180364962388,0.48597912588456266
7961.963223691853,0.923245554375715,0.4830507336127399
7963.373814881211,1.4937188324111594,0.4807974389454758
7964.784406070568,0.12768147183605083,0.4820885915552894
7966.194997259926,-1.397658821000614,0.48530993797512745
7967.6055884492835,-1.6033584131459997,0.48854797684097073
7969.016179638641,0.061196022786943916,0.48664786543014615
7970.426770827999,0.6942262466642501,0.48678281494795933
7971.837362017356,1.218135490297652,0.4869456461347278
7973.247953206714,1.5479542308051344,0.4865573571502677
7974.658544396071,1.368173050958434,0.48623958170117476
7976.069135585429,1.873076213743078,0.48579215377201423
7977.479726774786,1.3013303720619247,0.48584556204396434
7978.890317964144,-0.06676870633389076,0.4867918174607283
7980.300909153501,-2.417504159912898,0.4890870342661231
7981.711500342859,-2.604791910680234,0.4899246093581092
7983.1220915322165,-1.2464524226423668,0.48948334940254684
7984.532682721574,0.27536824510966595,0.4884943480717661
7985.943273910932,0.8449629395805524,0.4876186963388923
7987.353865100289,1.660868086211012,0.4868947207125281
7988.764456289647,2.4318111965447664,0.48598640990365904
7990.175047479004,3.1889889160748393,0.48364924272740256
7991.585638668362,3.8724101685813284,0.48023734522906425
7992.996229857719,4.661939144191104,0.47991502379668616
7994.406821047077,4.01867012096163,0.48247434966272656
7995.817412236434,1.2323563233827124,0.4866834579269173
7997.228003425792,-2.7347439305113497,0.49116152024894066
7998.6385946151495,-5.269087694537136,0.49344319460194963
8000.049185804507,-4.313211231708266,0.4930013754733997
8001.459776993865,-2.341010004433206,0.4913052590801037
8002.870368183222,-0.3918062182634335,0.4895291758133492
8004.28095937258,0.39779400693252875,0.4889269266950267
8005.691550561937,0.9077274316869692,0.4887210051314164
8007.102141751295,1.9560890526249035,0.4881834185759997
8008.512732940652,1.4149016747806735,0.48852754278532545
8009.92332413001,-1.2789836403043755,0.49022129654202007
8011.333915319367,-1.6814063345452288,0.4901550432888964
8012.744506508725,-0.6050979189373074,0.489674354818001
8014.1550976980825,-0.5913944662492274,0.48978677888894284
8015.56568888744,-1.7643359698596064,0.4905723681707819
8016.976280076798,-1.3900275647514124,0.49085758198589835
8018.386871266155,0.4221898756930029,0.4893359233640921
8019.797462455513,1.577313755322864,0.4885874493332721
8021.20805364487,1.51190523535648,0.48840312254322066
8022.618644834228,-0.1647241119068204,0.4872684718357407
8024.029236023585,-2.1316865969590073,0.4895552722865563
8025.439827212943,-3.127112749577605,0.4900330428042672
8026.8504184023,-3.164330971587231,0.49011947832133657
8028.261009591658,-2.3411642017022505,0.4920675208955018
8029.6716007810155,-0.8128848386584571,0.4905346263542199
8031.082191970373,0.8489491643494363,0.4898703035794268
8032.492783159731,1.449567985328085,0.48988017706361875
8033.903374349088,0.31461771011695705,0.4904894716841818
8035.313965538446,-2.3375140765086506,0.49286198379362234
8036.724556727803,-3.0442117836361473,0.493436361928776
8038.135147917161,-1.838301524722385,0.49281422204721403
8039.545739106518,0.2827306210930335,0.49170249548286865
8040.956330295876,-2.0362151606695216,0.49241872367463047
8042.366921485233,-1.3881155044539004,0.49268945371747697
8043.777512674591,-1.0031465805364572,0.492752338587161
8045.1881038639485,-1.9159540602039655,0.49320115830304
8046.598695053306,-4.450078151603131,0.4956746167605956
8048.009286242664,-3.6353888756866395,0.4942871193559153
8049.419877432021,-1.554770223180577,0.49230495689701165
8050.830468621379,0.94291353554609,0.49046123706633143
8052.241059810736,2.840857972537256,0.4892010534069733
8053.651651000094,0.9179709084736132,0.49040680195841707
8055.062242189451,-0.35944900224870424,0.49201445759257134
8056.472833378809,-0.2563016203129962,0.4924198816106549
8057.883424568166,1.7213952637337917,0.4898376477355194
8059.294015757524,2.3742541611391017,0.48904488115570793
8060.7046069468815,1.8693444345510033,0.4886178944139725
8062.115198136239,2.2335748186710447,0.4881837584774043
8063.525789325597,4.939872197675867,0.4874837081730814
8064.936380514954,5.171333681373162,0.4875653226985359
8066.346971704312,3.8283663060163793,0.4890640896069373
8067.757562893669,2.2001465618756035,0.49054486736397346
8069.168154083027,0.9788045478751952,0.4912711691895443
8070.578745272385,0.8726818718208637,0.49200084896459
8071.989336461742,0.9067336870497538,0.4918930155521277
8073.3999276511,1.0546523829553738,0.49175673265261577
8074.810518840457,1.5039243853396205,0.4914190627252085
8076.2211100298155,4.065931240885962,0.4884987870338774
8077.631701219172,3.992295471783115,0.49007073945429147
8079.042292408531,2.6276786274323856,0.4912550349520789
8080.452883597887,0.9671116129624615,0.4913470333074469
8081.863474787246,1.7005914956121373,0.49223419131653817
8083.274065976602,-0.9250913659991463,0.49432084680404925
8084.684657165961,-2.6021584962496016,0.49542545191445286
8086.095248355317,-1.8946961432692877,0.4948740036793786
8087.505839544676,2.872119771805685,0.49195974644940776
8088.9164307340325,5.681788564478069,0.48900017085423975
8090.327021923391,5.570736114026246,0.48888863300451435
8091.737613112748,3.446618366411768,0.49068901266677034
8093.148204302106,0.9891071174979782,0.49232932472366175
8094.558795491463,0.09858377512435423,0.4935963641015062
8095.969386680821,-0.8534559400745936,0.4946191988615431
8097.379977870178,-1.1856076663351458,0.49501878140501554
8098.790569059536,0.031246374847834435,0.4943104881792849
8100.201160248893,1.4603457091318457,0.49226794843797933
8101.611751438251,1.9209000180947937,0.49243279600367496
8103.022342627608,1.74282130147742,0.4932221472309917
8104.432933816966,1.2217969678616645,0.4930494440161968
8105.843525006323,0.8724643361814832,0.49417857046223695
8107.2541161956815,-0.1340684818624751,0.4954454645048714
8108.664707385038,-0.9804088673283843,0.496097056492828
8110.075298574397,-0.8358338589398381,0.495581914253044
8111.485889763753,0.6748691855203057,0.49463614052891886
8112.896480953112,1.092888356222617,0.49446281239681605
8114.307072142468,0.2934708826770178,0.4950993560738072
8115.717663331827,-1.4635443072002674,0.496297483225514
8117.128254521183,0.7744596096320369,0.494849446932556
8118.538845710542,2.530040921652807,0.4936205564483794
8119.9494368998985,3.1015503160388262,0.49317442278412216
8121.360028089257,2.259079064616002,0.49375167794084307
8122.770619278614,0.5052298964515635,0.494884873199727
8124.181210467972,-0.5461176983614529,0.49650372043120716
8125.591801657329,-0.5866418009357354,0.4967150471486655
8127.002392846687,0.38888125739745294,0.4951613470366774
8128.412984036044,1.6367698000265145,0.49472831085581065
8129.823575225402,0.1812005143056018,0.49544005957813164
8131.234166414759,-1.581043800403568,0.4967622865411567
8132.644757604117,-2.4955820324407743,0.49801562693219265
8134.055348793474,-1.1367612825617248,0.4966334404859506
8135.465939982832,0.9121122346042658,0.4949840465458798
8136.876531172189,1.5449712170238874,0.4946875061470948
8138.2871223615475,0.13245643030499799,0.496181842287883
8139.697713550904,-4.545938626229856,0.4992005436107483
8141.108304740263,-3.4546265188270207,0.49891537239561895
8142.518895929619,0.055132413081684595,0.49650121680194276
8143.929487118978,3.480703938796781,0.49370912371592446
8145.340078308334,0.6137243076194165,0.4961931985915167
8146.750669497693,-3.487601024140462,0.4985480518316604
8148.161260687049,-3.172012492443036,0.49830718731883433
8149.571851876408,0.9694063540940702,0.4959745251513116
8150.9824430657645,1.7051684299160974,0.4953992295471664
8152.393034255123,-2.577528895962698,0.4989072712402704
8153.80362544448,-3.7951001816060064,0.4999773157654311
8155.214216633838,-1.6143207971077032,0.49830596581587827
8156.624807823195,-0.2375677700310046,0.49750920712377983
8158.035399012553,-0.8456748011353008,0.4974835770097645
8159.44599020191,-0.0859989112259043,0.4967786663120506
8160.856581391268,0.8423003471873106,0.49589226589369806
8162.267172580625,-3.020235707223479,0.4973301970207144
8163.677763769983,0.36144724118675675,0.4962447966972389
8165.08835495934,1.634618109421739,0.4960786837461319
8166.498946148698,-0.6322381221087469,0.49775700388357674
8167.909537338055,-5.535096203956618,0.5021368710600148
8169.3201285274135,-5.224592972336968,0.5010693446465881
8170.73071971677,-0.9392933006005468,0.49807765544920624
8172.141310906129,4.21246480038287,0.49534904581388994
8173.551902095485,1.2696002115202014,0.4976028420359147
8174.962493284844,-5.866318765690286,0.502697662242613
8176.3730844742,-6.352901351490722,0.5024330986743677
8177.783675663559,-0.36838544502761383,0.4970034386137147
8179.1942668529155,4.990762461089009,0.49195685502105374
8180.604858042274,1.7377445736907893,0.49572553917336803
8182.015449231631,-2.980033016778445,0.5003423710363545
8183.426040420989,-6.003881146382508,0.5030819705315511
8184.836631610346,-1.5019004209257654,0.500130945967488
8186.247222799704,-0.8742173131879967,0.4984244780420494
8187.657813989061,-1.330035967019263,0.49867666254403137
8189.068405178419,-1.7640923483781932,0.5000250098397998
8190.478996367776,-0.6235262463071299,0.4987767536815139
8191.889587557134,0.5664323559102216,0.49802466350670505
8193.300178746491,0.42349894302749613,0.498296934675821
8194.71076993585,-1.1482631596165058,0.49953316636457595
8196.121361125206,-3.264184468474806,0.5009842863149169
8197.531952314564,-3.0408162458711314,0.5013447307631178
8198.942543503921,-2.4664783239510606,0.5014223550485281
8200.35313469328,-2.089706284064151,0.5015997458759516
8201.763725882636,-2.294246581666325,0.5026626180289366
8203.174317071995,-1.9325327949976787,0.5030311135748733
8204.584908261351,-1.1218926132527482,0.5026156854670707
8205.99549945071,-0.29909926057561376,0.5017382823494021
8207.406090640066,-1.4536452527869428,0.5023768911648656
8208.816681829425,-0.07587913065055041,0.501634244753283
8210.227273018781,-0.23038015485919128,0.5020530120076653
8211.63786420814,-2.9288533551134446,0.5041855366180493
8213.048455397497,-4.759295664869044,0.5053985134658275
8214.459046586855,-3.468127151878293,0.5048664713133728
8215.869637776212,-1.4311933773437402,0.5033276953294499
8217.28022896557,0.028198339142921025,0.5014976111027069
8218.690820154927,-1.2147934336765434,0.5032539044986774
8220.101411344285,-3.7943022324879845,0.5054373641548299
8221.512002533642,-4.152318498183024,0.5052353608490897
8222.922593723,-0.7549598289916266,0.5014656090377391
8224.333184912357,0.489200423192534,0.49925082322100245
8225.743776101715,-2.4851751576905308,0.5012749938515901
8227.154367291072,-6.108846525232979,0.5042902293952888
8228.56495848043,-7.925874334714506,0.5060715869478801
8229.975549669787,-3.081542102282328,0.5026360400552488
8231.386140859146,-2.9296186943861917,0.5033683078229652
8232.796732048502,-3.9064037147334902,0.5048800260430089
8234.20732323786,-3.109308647894779,0.5044053157735484
8235.617914427217,1.8881626020717384,0.5006898307087518
8237.028505616576,6.226385571881105,0.4971227025711279
8238.439096805932,8.269451928762571,0.4953338047292474
8239.84968799529,6.190699801976846,0.4972067798221965
8241.260279184648,0.11128096383377306,0.5019054601671049
8242.670870374006,-0.12618713687162852,0.5018310223189957
8244.081461563363,4.036880018656249,0.49834822402901385
8245.492052752721,10.542470004425832,0.4935281154049444
8246.902643942078,10.619493486339667,0.4924172732459875
8248.313235131436,9.413646758628177,0.4934449796987729
8249.723826320793,9.238287234926883,0.49432243797810466
8251.134417510151,14.089365627169268,0.49065747344798594
8252.545008699508,10.157189786830964,0.49330921752001955
8253.955599888866,5.693194991758327,0.49733561072554544
8255.366191078223,2.0420557659775485,0.5012138560795245
8256.776782267581,-0.07965200198449263,0.5024170647903664
8258.187373456938,2.387926109808901,0.5005594322093558
8259.597964646297,6.026883670730307,0.49796106552165437
8261.008555835653,9.16789278701582,0.49566070346757796
8262.419147025012,7.575064786464734,0.4960842869764856
8263.829738214368,9.71562369815282,0.49412471600177116
8265.240329403727,12.781365834676048,0.49187061743264093
8266.650920593083,15.090563845118721,0.49038449871525436
8268.061511782442,11.315192438186902,0.49253922397308775
8269.472102971798,6.913245236648653,0.4974037421123095
8270.882694161157,2.817826051601287,0.5016792625636771
8272.293285350514,-0.7204137415900596,0.5039917628580485
8273.703876539872,-5.263626128156116,0.5076134686631857
8275.114467729229,-5.146957689995762,0.5077203761561081
8276.525058918587,-3.9587819483250186,0.5063808014195371
8277.935650107944,-3.5798974359465205,0.5050090310376678
8279.346241297302,-3.7477650677043854,0.5040436950857219
8280.756832486659,-1.8057183667899492,0.5023836272781042
8282.167423676017,1.1671904673291804,0.5003359597076779
8283.578014865374,4.627194356907609,0.4982280506858569
8284.988606054732,1.0108436968024672,0.5011206276804444
8286.399197244089,-4.0574021451868765,0.5038667531500494
8287.809788433447,-6.490127768811089,0.5047153909611042
8289.220379622804,1.0683443114292013,0.5006186122702324
8290.630970812163,2.2412137870307753,0.5000578118625355
8292.04156200152,0.4830116210789409,0.5023195526858182
8293.452153190878,-2.0629631104217463,0.5050821231357718
8294.862744380234,-0.846011246681804,0.5012985885960083
8296.273335569593,2.299288131189596,0.4972972766941316
8297.68392675895,2.178817829319616,0.49696106709232496
8299.094517948308,-1.6085682979985056,0.5007709761715927
8300.505109137664,-3.2401006289808176,0.5056179137163896
8301.915700327023,-6.879243542317468,0.5100471693628265
8303.32629151638,-9.05186010437087,0.5123900580715997
8304.736882705738,-7.687455871868559,0.5115623396628362
8306.147473895095,-0.46121282851000694,0.5042459341655581
8307.558065084453,4.418915871018563,0.4995333365245138
8308.96865627381,6.287939182604477,0.4974354438879482
8310.379247463168,4.544248214916952,0.4981819958943851
8311.789838652525,4.249697615773187,0.49960605342559394
8313.200429841883,3.4810422350644745,0.5013989232167696
8314.61102103124,1.839346154213561,0.5035090576167601
8316.021612220598,-1.1183016883603103,0.5059009501011271
8317.432203409955,-4.028088804618577,0.5087715662061538
8318.842794599313,-5.533474755895245,0.5105569508015945
8320.25338578867,-5.635426399950192,0.5109012465076093
8321.663976978029,-4.5187769659582395,0.5090457150663893
8323.074568167385,1.831350171476616,0.5046668910050284
8324.485159356744,3.6143411664643668,0.5033217901464078
8325.8957505461,-0.2047464638840668,0.5059214943130255
8327.306341735459,-5.184197668011792,0.5105859306016093
8328.716932924815,-5.173524644262889,0.5102494244749617
8330.127524114174,-3.7386646029625523,0.5089763083910384
8331.53811530353,-2.5404226889404704,0.5085221120980656
8332.948706492889,-3.870289462983572,0.5088052899024101
8334.359297682246,-4.055284836198078,0.509117614586715
8335.769888871604,-4.784380650997344,0.5099584975419912
8337.18048006096,-7.387992187449351,0.5118393919328512
8338.59107125032,-6.505177600239854,0.5106972536096046
8340.001662439676,-2.504987268437728,0.5045434889050032
8341.412253629034,2.545210284944891,0.4958832686703129
8342.82284481839,4.968349123480964,0.48917735263918316
8344.23343600775,1.1942444401317651,0.49124693077228276
8345.644027197106,-2.184769186659422,0.4975020611519542
8347.054618386464,-3.8058081200062306,0.5052608442415002
8348.465209575821,-1.915447405199783,0.506438667783264
8349.87580076518,-0.7647353044967979,0.5036624961542588
8351.286391954536,-0.2286049397437786,0.5011457818578071
8352.696983143895,-0.06095363694509226,0.5004128310215729
8354.107574333251,1.629224534350075,0.5018009661050948
8355.51816552261,-0.11663141441972957,0.5043865263313182
8356.928756711966,-1.08284345890991,0.5062271625204218
8358.339347901325,1.852440341150946,0.505729172184106
8359.749939090681,0.6838701660838244,0.4812900619729348
8361.16053028004,-0.6650457507748109,0.4719097348154399
8362.571121469397,-1.3502551585591922,0.4780330716244163
8363.981712658755,0.10831698805256385,0.5015743512365525
8365.392303848112,0.5098637174815368,0.5046946388260217
8366.80289503747,0.28808085078268153,0.5056556296786608
8368.213486226827,0.23953553067097588,0.5062327713806956
8369.624077416185,3.3522068381137524,0.5024948849525237
8371.034668605542,2.3650734479437823,0.5041944965510885
8372.4452597949,0.5262012318962832,0.5062615044362463
8373.855850984257,-0.8564418334576059,0.5067739548053428
8375.266442173615,0.9706399104164516,0.5059990416965309
8376.677033362972,1.9828532606244045,0.5047276173735779
8378.08762455233,2.9188786867789758,0.5032546519009232
8379.498215741687,4.286832776694841,0.5018289156492795
8380.908806931046,0.676180470033592,0.5032476453446003
8382.319398120402,-0.3441592291790736,0.5042146122029183
8383.72998930976,0.2809961134488874,0.5052685972585904
8385.140580499117,-0.4901402335302846,0.5081284221715435
8386.551171688476,-3.009348416007151,0.5101634830740022
8387.961762877832,-2.725902039717681,0.5096251732592625
8389.37235406719,0.6837029031147495,0.5065583322646435
8390.782945256547,3.4608269593496623,0.5042822185300142
8392.193536445906,4.679315467443714,0.502422203514193
8393.604127635263,5.624409291181895,0.5009005234918821
8395.014718824621,7.117349183211171,0.4996995258704888
8396.425310013978,6.334586890709595,0.49345721278565485
8397.835901203336,4.302941035816469,0.4912036048217972
8399.246492392693,1.8405046275289867,0.4930102373159675
8400.657083582051,0.6740702511641732,0.4997292620669262
8402.067674771408,-0.3635389244508229,0.5049975902446066
8403.478265960766,-0.7368576645584133,0.5079708593195043
8404.888857150123,-0.8165448390857772,0.5090670683781271
8406.299448339481,-2.342861316680515,0.5107250088005963
8407.710039528838,-2.3042179342892917,0.5104714022035337
8409.120630718196,-1.0309463317920242,0.508840843737423
8410.531221907553,1.440840298746532,0.5059623564740979
8411.941813096912,1.2101353789854952,0.5021328345489857
8413.352404286268,0.04032095504123556,0.5022970154191478
8414.762995475627,-1.4995903589292219,0.504633630232913
8416.173586664983,-2.622598192436879,0.5071483562813397
8417.584177854342,-1.6558909713509609,0.5082954403741389
8418.994769043698,-0.05641473037282552,0.5082491263882326
8420.405360233057,1.6276982829094626,0.507178878431389
8421.815951422413,2.1892894269238434,0.5055640107795603
8423.226542611772,1.5469891980274972,0.5066521618330297
8424.637133801129,1.0284943426064974,0.5072726611363375
8426.047724990487,1.175489161355757,0.5058189300493985
8427.458316179844,1.5786708650829184,0.49502379958934095
8428.868907369202,1.2974207323482903,0.4905234106208341
8430.279498558559,0.44180342269702366,0.4916372782766833
8431.690089747917,-0.9718039621333513,0.49872203821578
8433.100680937274,-2.5118989714833866,0.507858772802247
8434.511272126632,-4.069339034910802,0.5129875183258963
8435.921863315989,-5.226293142065239,0.5141483478989421
8437.332454505347,-5.351108715330218,0.5140064311353847
8438.743045694704,-2.1516283810028494,0.51153315029822
8440.153636884063,0.31433464603770656,0.5096190749361832
8441.56422807342,0.19293482263759465,0.5096207586054468
8442.974819262778,-2.7142261679304145,0.5125659092058447
8444.385410452134,-4.621202590035305,0.5141687193183357
8445.796001641493,-5.078380557014505,0.5141028795868796
8447.20659283085,-3.0822859578880495,0.5114709512414477
8448.617184020208,1.2124678864913472,0.507792404673827
8450.027775209564,2.4912993888230686,0.5050026327821964
8451.438366398923,0.7079607837589625,0.5039354324524006
8452.84895758828,-0.5944957482999846,0.5078425172685784
8454.259548777638,0.5319853446360441,0.5080486024297316
8455.670139966995,2.160849962429922,0.5074496551086423
8457.080731156353,3.0362309509769148,0.5076124473252273
8458.49132234571,-0.5050327840082831,0.5099564564222578
8459.901913535068,-0.7677349020185544,0.5096864461892225
8461.312504724425,1.5281256113427726,0.5053611064225889
8462.723095913783,5.371164180628382,0.4930008503306401
8464.13368710314,3.242584578119979,0.49506519601941645
8465.544278292498,0.17680502945638077,0.499426297578808
8466.954869481857,-2.478172632977082,0.50364151815401
8468.365460671213,-2.2578329138963213,0.5109379945415933
8469.776051860572,-3.4839555792975974,0.5135047660448728
8471.186643049929,-4.155790219675337,0.5134644148610773
8472.597234239287,-2.2005934640215514,0.5121966276159409
8474.007825428644,-1.105733951290393,0.5111441762310005
8475.418416618002,0.3089394428488166,0.5098274957397001
8476.829007807359,1.7734939505369263,0.5085073021816073
8478.239598996717,2.0730899283871738,0.5083149869179452
8479.650190186074,0.8839065143438689,0.5096936426261446
8481.060781375432,-0.07660892195867741,0.5107089929699326
8482.471372564789,-0.06683498498602036,0.5104830434026871
8483.881963754147,2.9807634443423403,0.5078463344375236
8485.292554943504,3.4428784262814522,0.5074351472700024
8486.703146132862,2.158709586126975,0.5085768563965425
8488.11373732222,0.20913781748454596,0.51046583073509
8489.524328511578,-0.1882739683283614,0.5100485891624955
8490.934919700934,0.3048699368861345,0.5091639798208409
8492.345510890293,1.2411803413030937,0.5084881943567064
8493.75610207965,-1.094946009631605,0.5110378191999807
8495.166693269008,-11.394241107018887,0.5230923267628778
8496.577284458364,-25.108123270831538,0.5391589960353946
8497.987875647723,-38.76482271464854,0.5551078282522137
8499.39846683708,-32.71317467459247,0.5472388569159805
8500.809058026438,-22.06759297416172,0.533553452779107
8502.219649215795,-9.96536367770113,0.5180348405442816
8503.630240405153,-4.05661689013486,0.5110496905662162
8505.04083159451,0.0,0.50820977509747
8506.451422783868,1.5099246773906394,0.5082368199887429
8507.862013973225,-0.26490172520466837,0.5109000770446521
8509.272605162583,-0.28209581463169464,0.5122646424355128
8510.68319635194,-0.6843803916368264,0.512580870493746
8512.093787541298,-1.7229944823139474,0.5130476984531264
8513.504378730655,-3.2938104620251627,0.5167212333643828
8514.914969920013,-3.408819809362721,0.5151200708058468
8516.32556110937,-2.0037521296365277,0.5130672468220914
8517.736152298728,0.9178565665916334,0.5119341551483485
8519.146743488085,1.8153332186900968,0.5099898887418379
8520.557334677444,2.5017677509518186,0.5098280353217362
8521.9679258668,2.3390873527165756,0.5107209041592833
8523.378517056159,0.24513276771639503,0.5118651877483544
8524.789108245515,-0.596489882645111,0.5126495083556453
8526.199699434874,-0.44180342269702366,0.5132980944241659
8527.61029062423,0.3015084636481675,0.5138789096231768
8529.020881813589,-1.8957993092665988,0.5146913174295219
8530.431473002945,-2.3922330124227855,0.5154894666577874
8531.842064192304,-2.388702888131956,0.5159914434892062
8533.25265538166,-3.001346311902074,0.5158110628659651
8534.663246571019,-7.182966112105337,0.521071419292024
8536.073837760376,-12.097383100854058,0.5262981775818808
8537.484428949734,-18.258752454693308,0.5326757020080807
8538.89502013909,-31.16807020896034,0.5518557170274356
8540.30561132845,-53.23608756422758,0.5802523146483666
8541.716202517806,-71.24089299322337,0.602747698451142
8543.126793707164,-73.9532867389174,0.6062401493569107
8544.537384896521,-50.53429439077757,0.5768187998335771
8545.94797608588,-29.794731202982167,0.5496330620331366
8547.358567275236,-14.625940326862413,0.5285231377700343
8548.769158464595,-9.931786794236615,0.5207718615339371
8550.179749653951,-7.136860881820295,0.5197838827900132
8551.59034084331,-4.976299866886901,0.5194756003147529
8553.000932032666,-2.8425622698294966,0.516344238766562
8554.411523222025,-3.853189911851982,0.5185278441730009
8555.822114411381,-4.469679574341229,0.5191097992758419
8557.23270560074,-4.485770866509521,0.518371519805499
8558.643296790096,-3.525280769304954,0.5181051069334607
8560.053887979455,-1.116012606007661,0.5157301447157189
8561.464479168812,1.4532722880384452,0.5132014882750947
8562.87507035817,3.5388858966466,0.511476871053681
8564.285661547527,1.484696134469401,0.5132906408056299
8565.696252736885,0.596435183006113,0.5143249729962348
8567.106843926242,0.733291171717984,0.5144069774799269
8568.5174351156,1.2906490915286968,0.5130470820750551
8569.928026304957,0.42070840308806456,0.5145152759201697
8571.338617494315,-0.3732717610588645,0.5155276713943288
8572.749208683672,-0.26820093813115453,0.5145048861043482
8574.15979987303,2.0468861179234654,0.5131374623276148
8575.570391062387,3.628835010287397,0.5116761916445292
8576.980982251745,4.481989357430144,0.5104571381198622
8578.391573441102,4.516262421246866,0.5106043413376163
8579.80216463046,4.2654904104000035,0.5109600016947349
8581.212755819817,2.6396910597083565,0.5128817315654208
8582.623347009176,-0.9840433728305369,0.5172455441764839
8584.033938198532,-0.9420096645218776,0.5160543511160199
8585.44452938789,1.4837496552960707,0.513458424822977
8586.855120577247,4.739806948349527,0.5106190325941304
8588.265711766606,4.38820204721062,0.5109893809933101
8589.676302955962,3.7590309406836395,0.5117977525093644
8591.086894145321,2.169797825958968,0.5135773825776406
8592.497485334678,-0.8707071706053746,0.5167694974767933
8593.908076524036,-0.6534374824536645,0.515923469592372
8595.318667713393,-1.297133331980012,0.5165976891277686
8596.729258902751,-2.682991486245016,0.5182931025261289
8598.139850092108,-4.319862305556573,0.5188930901113137
8599.550441281466,-1.3211828043251914,0.5172132787216566
8600.961032470823,0.5681896304920753,0.5158226121088931
8602.371623660181,-2.074270510704607,0.516216306666723
8603.782214849538,-0.5136382892187457,0.5172810241432935
8605.192806038896,1.2924512172831322,0.5154270532564669
8606.603397228253,2.830820659333133,0.5120923954752132
8608.013988417611,2.3794538456291443,0.514206459174912
8609.424579606968,0.5524787996258158,0.5158569420315022
8610.835170796327,-1.660207342021936,0.5173896352681668
8612.245761985683,-3.701525858036179,0.5190106012453161
8613.656353175042,-1.1997961621044695,0.51735182600449
8615.066944364398,-0.21607968086632034,0.5156846263467829
8616.477535553757,-0.5800349242928406,0.5143782460893584
8617.888126743113,2.008487133341254,0.5141449386804412
8619.298717932472,3.0416801472258204,0.5118613098843685
8620.709309121828,2.555961822014477,0.5104218483760494
8622.119900311187,-0.04909606106412112,0.512833092246373
8623.530491500544,1.6227063121854137,0.5117963391563026
8624.941082689902,2.186465120104409,0.5110411977955925
8626.351673879259,1.231936261067302,0.5109425285389123
8627.762265068617,2.1215500499051116,0.5102142077222505
8629.172856257974,1.7994951856493457,0.5108805748799113
8630.583447447332,1.3381185936817146,0.5116022227118832
8631.994038636689,2.0795469411211136,0.5105833053155433
8633.404629826047,3.869091190307115,0.509449127013168
8634.815221015404,4.071451828649929,0.5101545207970442
8636.225812204762,2.06603194900117,0.513040748318392
8637.636403394119,2.956884869970556,0.5124279176256629
8639.046994583477,2.539380068901625,0.513386912542005
8640.457585772834,1.4264355092784462,0.5151301888822641
8641.868176962193,1.005633036256997,0.5163151423975904
8643.27876815155,0.8771772095279702,0.5161755610719131
8644.689359340908,0.3548398117916203,0.5165911869742728
8646.099950530264,-0.39653372375270424,0.5183494258384691
8647.510541719623,-1.743490181189077,0.5173493063001005
8648.92113290898,-3.982529270587861,0.5186774801943959
8650.331724098338,-5.977532327868292,0.5207237069688543
8651.742315287695,-2.6265412258151795,0.5172069561909615
8653.152906477053,-1.8394595177728377,0.5155357267358025
8654.56349766641,-1.8540751174586019,0.5150514613194594
8655.974088855768,-1.9004944304160072,0.5156864378704369
8657.384680045125,-5.232612788692445,0.5208902004795393
8658.795271234483,-17.10579183986112,0.5355488647038564
8660.20586242384,-37.00538444029988,0.5590964085565062
8661.616453613198,-57.525832049702565,0.584076154530463
8663.027044802555,-57.014611991739514,0.583764320403867
8664.437635991913,-43.72257775627638,0.567187367381336
8665.84822718127,-22.30299587702364,0.5383775329231347
8667.258818370628,-9.117880329130037,0.526111088141486
8668.669409559985,-2.5573971967612485,0.5198731485314032
8670.080000749344,-2.6822986675826934,0.517808922511636
8671.4905919387,-3.3502413011510837,0.5196054907870106
8672.901183128059,-2.767998480318383,0.5196833619023661
8674.311774317415,-1.811562168656401,0.5190032757749541
8675.722365506774,-2.6697628641214357,0.5197876892362057
8677.13295669613,-1.7803816273436457,0.5198189037745349
8678.543547885489,-0.434119853149898,0.5190299959142367
8679.954139074845,0.8475073448343053,0.517168692079859
8681.364730264204,0.06697246304605531,0.5184645429499398
8682.77532145356,-0.6715047938445835,0.519808109062282
8684.185912642919,-1.4210302205012466,0.5210427217510779
8685.596503832276,-3.0615307997907095,0.5224336259663012
8687.007095021634,-4.843748921440312,0.5240473789141536
8688.41768621099,-5.816872334751694,0.5251725552531737
8689.82827740035,-4.877183742357262,0.5247319387352668
8691.238868589706,-3.655454488226624,0.5238705510871381
8692.649459779064,-2.478468184540248,0.5226964543108805
8694.060050968421,-1.2523924418216619,0.5211961243946588
8695.47064215778,1.404847297324252,0.5188707213492224
8696.881233347136,1.9686625183456101,0.5179751695607695
8698.291824536494,0.9639685939734886,0.5183021379279795
8699.702415725851,0.1644284674106451,0.5198295719589158
8701.11300691521,0.7444400711692962,0.5192535874660287
8702.523598104566,1.9340234831892147,0.5179534348180816
8703.934189293925,3.4969649274031376,0.5165501800463818
8705.344780483281,4.127580452111618,0.5161081880696977
8706.75537167264,3.932837995886252,0.516279579904109
8708.165962861996,2.9657139664473746,0.5171203784718488
8709.576554051355,1.0600740170492404,0.5196278562914048
8710.987145240711,0.842447212915475,0.5197040421135877
8712.39773643007,1.6518003517453277,0.5186268239629694
8713.808327619427,2.9931146187215694,0.5180089808500586
8715.218918808785,3.575691656395863,0.5173715974759133
8716.629509998142,4.05074108853984,0.5165709142474726
8718.0401011875,4.660719976061103,0.5155180527723664
8719.450692376857,6.464531834917785,0.5148842005960843
8720.861283566215,5.902095970507051,0.5152629082634124
8722.271874755572,3.5306049383237275,0.5166979364796861
8723.68246594493,1.9252960111292472,0.519707204225047
8725.093057134287,1.8482024770986105,0.5191658341602915
8726.503648323645,2.0955590660298324,0.5181886428696955
8727.914239513002,1.4155168707506542,0.5203243689723641
8729.32483070236,0.8583818301977362,0.5204444582561076
8730.735421891717,1.682855014404043,0.5196533691391958
8732.146013081076,4.565707617292296,0.5181159946678168
8733.556604270432,-0.3836598836969264,0.5216951948403167
8734.96719545979,-3.0315114691395406,0.52401287052426
8736.377786649147,-3.45440347195085,0.5249056733283111
8737.788377838506,-1.2843075097703256,0.5231429736222856
8739.198969027862,-0.0998910797632464,0.5216755153224238
8740.60956021722,0.07187510358656535,0.5213575203566115
8742.020151406577,-1.4622742436562093,0.5235759839041465
8743.430742595936,-2.798526023839371,0.5245874645732725
8744.841333785293,-2.9041621670724918,0.5249953673851239
8746.251924974651,-1.3754483755574083,0.5248862681715624
8747.662516164008,-3.69141896970061,0.5269145594012743
8749.073107353366,-7.177019036668442,0.5305711088753251
8750.483698542723,-10.885053601660925,0.534653287588562
8751.894289732081,-11.344561127497034,0.5345107980235652
8753.304880921438,-8.76464395781741,0.5321448107785225
8754.715472110796,-5.396102772314606,0.5282029349489784
8756.126063300153,-2.928904373034275,0.5225236178751271
8757.536654489511,-1.3455203481004898,0.5189298348783675
8758.947245678868,-0.7485972463370879,0.5155554072998297
8760.357836868227,-1.5043503842531214,0.5120755446564196
8761.768428057583,-0.2979399751827443,0.5142621495195197
8763.179019246942,0.42610634619499255,0.515043459925251
8764.589610436298,0.6482609865737436,0.5139292670098045
8766.000201625657,0.009032228712239077,0.5077499304893809
8767.410792815013,1.663707779492953,0.5074160816788422
8768.821384004372,3.4472288502772983,0.5104128357154981
8770.231975193728,3.14625046669532,0.5159199925173616
8771.642566383087,1.7174321954424336,0.5189100277259049
8773.053157572444,0.10556639463085304,0.5190195085294164
8774.463748761802,-1.3494652316071354,0.5157528694505453
8775.874339951159,0.2832988001272364,0.5098431555594996
8777.284931140517,2.3834795563523445,0.5054298906256651
8778.695522329874,4.230889350288333,0.503948499383118
8780.106113519232,2.147576871755171,0.5147130331733288
8781.516704708589,1.8070337465139517,0.5189407998878895
8782.927295897947,1.6139501623250685,0.5203218419698049
8784.337887087304,-0.4147828173013329,0.5220007772446125
8785.748478276662,0.011035048390741542,0.5232021496622207
8787.159069466019,0.5837050068535969,0.5225045462633838
8788.569660655377,0.5057015210851002,0.5189715839816467
8789.980251844734,-2.6588228367962436,0.5207701041992657
8791.390843034093,-4.442314785979526,0.523092559174752
8792.80143422345,-4.578544065623859,0.5253969080563364
8794.212025412808,-2.2504409020781146,0.5248208546516179
8795.622616602164,-0.5232495194320748,0.5240892609927698
8797.033207791523,0.6717941318408454,0.5230719714787052
8798.44379898088,1.0976341778220235,0.5213075021434149
8799.854390170238,2.279732494802041,0.5203498105830677
8801.264981359594,2.9418690865959274,0.5203504510359495
8802.675572548953,2.174197558078361,0.5217620237699552
8804.08616373831,-5.1116123768582895,0.5291358212164261
8805.496754927668,-11.308814994277913,0.5353702010502837
8806.907346117025,-15.241720879088378,0.5393772467685076
8808.317937306383,-12.332978268640598,0.5370716864061356
8809.72852849574,-7.603357302600429,0.5311309159343187
8811.139119685098,-1.9337959151671884,0.5238189887066976
8812.549710874455,1.9262157050472755,0.5229012334511024
8813.960302063813,2.8093215955037483,0.5209043909456293
8815.37089325317,2.170585013830482,0.5197546958067609
8816.781484442528,0.6689574738999495,0.5219742615799411
8818.192075631885,2.0750472859706437,0.521682381308153
8819.602666821243,1.3236885578480986,0.522089977610343
8821.0132580106,-3.5370584475611015,0.5243097634525313
8822.423849199959,-1.58974975844468,0.5172224072833064
8823.834440389315,0.10883264187994401,0.5042333643830795
8825.245031578674,0.9454229219088461,0.4880457294554813
8826.65562276803,-2.1071959195455103,0.49512631659252426
8828.066213957389,-0.5078861720993602,0.5041560194578167
8829.476805146745,2.0237230349689597,0.5138035794968545
8830.887396336104,-2.404623461333906,0.5213861819271282
8832.29798752546,-0.3158223211291038,0.5196676590482565
8833.708578714819,1.910893832234124,0.5153090142494788
8835.119169904176,-0.2704430909724802,0.5118503464424928
8836.529761093534,-3.2656995860786227,0.5147822763491012
8837.94035228289,-3.773256031001532,0.5193473594111504
8839.35094347225,-0.755484939241897,0.5248158669585079
8840.761534661606,0.21324986672079616,0.5241117345112943
8842.172125850964,-0.16075717618481028,0.5242212635415241
8843.58271704032,-1.3113294109491174,0.5249161033913885
8844.99330822968,0.8194235346620379,0.5238749367770245
8846.403899419036,1.6087578101894326,0.5220662320508858
8847.814490608394,1.27485287611924,0.5206667875936192
8849.225081797751,-0.4193961386765245,0.52233447044811
8850.63567298711,-1.4828532576552378,0.5246006215670102
8852.046264176466,-2.2356433085543785,0.5268326808067586
8853.456855365825,-2.7668397773290807,0.5286046932026507
8854.867446555181,-3.179395341760013,0.5281516924248545
8856.27803774454,-3.1313666982994506,0.5284647813389246
8857.688628933896,-2.433325205709292,0.5302094682736839
8859.099220123255,-4.6704764078840775,0.5302821468912858
8860.509811312611,-6.509136965383704,0.5315018154602487
8861.92040250197,-7.731216719982391,0.5333326898187382
8863.330993691327,-7.147736345837947,0.5312862262265573
8864.741584880685,-8.25916353378895,0.528760419373074
8866.152176070042,-9.433863978022895,0.5258229130851244
8867.5627672594,-6.72631305335017,0.5222857901981081
8868.973358448757,-3.4840236575610195,0.5228522559090644
8870.383949638115,-0.9398822049134027,0.5246434228417597
8871.794540827472,-0.4403296110163252,0.5261224007325725
8873.20513201683,-1.1598473961395415,0.5270809630710193
8874.615723206187,-1.5208441866935267,0.5272020445605542
8876.026314395545,-1.0114461665299244,0.5262304194760327
8877.436905584902,0.722133480847862,0.5251385362770179
8878.84749677426,1.3831061242794522,0.5234912474248652
8880.258087963617,0.8974382229301804,0.5211578213564264
8881.668679152976,1.9666834375756983,0.5163718347766214
8883.079270342332,1.2117588384483937,0.49884600084419267
8884.48986153169,-0.45170524041059196,0.4789747234183512
8885.900452721047,-0.4298648853268596,0.4896152267510216
8887.311043910406,1.373783278765076,0.5043433811080897
8888.721635099762,2.6126737994022746,0.5179823705702316
8890.13222628912,0.08418310905812498,0.5237018075208496
8891.542817478477,0.3591319074121084,0.5242279414057476
8892.953408667836,0.9072347184344625,0.5246106333596335
8894.363999857193,0.7861797767014852,0.5269699608905987
8895.774591046551,0.2078043299584743,0.5245903595667397
8897.185182235908,-0.19569667970208637,0.52386185157748
8898.595773425266,-0.2701057866173773,0.5257376432418823
