wave,flux,uncertainty
4000.9732645082645,1.2897066168377478,0.331253319978714
4002.3843355890413,15.829191884602835,0.3273691602423568
4003.795406669818,-11.751958455003148,0.34149033333959206
4005.206477750595,-120.9707322259876,0.3768493748884545
4006.617548831372,-84.25135404455739,0.3699798590591971
4008.0286199121488,-9.231422893826675,0.3374930115672722
4009.4396909929255,-7.70213119847881,0.3358371066724665
4010.8507620737023,6.231315442545224,0.33127019891728754
4012.261833154479,17.747614812162283,0.3280775242550262
4013.672904235256,8.868855942971436,0.32991854539683513
4015.083975316033,12.08511923102759,0.3301810892324754
4016.49504639681,-12.289628862432494,0.33655002796912215
4017.9061174775866,-5.439456807211911,0.3357739284352415
4019.3171885583633,20.580755175238437,0.32663554244525644
4020.72825963914,13.464247543684166,0.32862554089770907
4022.139330719917,21.1486991903285,0.32826783085397265
4023.550401800694,10.3276393586508,0.3305841662679638
4024.961472881471,0.7604939557027706,0.33415769958318803
4026.3725439622476,11.147261627444038,0.3307030114547579
4027.7836150430244,48.83162070258106,0.32065143255736167
4029.194686123801,-6.286360948803633,0.3390729420916216
4030.605757204578,-112.31709785558371,0.3806316078678028
4032.0168282853547,-141.80746284261676,0.39677898936144645
4033.427899366132,-156.77571515198642,0.3982578429088218
4034.8389704469087,-92.58143404454574,0.3727592111533285
4036.2500415276854,-5.103357448813313,0.338028805082435
4037.661112608462,58.25312358779888,0.3174780173910706
4039.072183689239,37.764635460477905,0.32344897892584856
4040.4832547700157,-4.615850810724794,0.3356551948382938
4041.894325850793,-1.2431360208603905,0.3365181026247608
4043.3053969315697,-37.65490161705816,0.35602587794138946
4044.7164680123465,-183.02116731587,0.42163577376940276
4046.1275390931232,-215.25983093083937,0.4432255634632111
4047.5386101739,-104.02103798084454,0.37766435026634476
4048.9496812546768,-10.853420286107564,0.33990046083373077
4050.360752335454,35.495184206341264,0.32537974986450674
4051.7718234162307,24.51489186705703,0.32796669712498444
4053.1828944970075,-0.5397805665535884,0.33544217455690695
4054.5939655777843,-13.362339725315564,0.3398112366513858
4056.005036658561,-18.88918020548641,0.34266105969613664
4057.416107739338,-57.20041254347899,0.3574895473606327
4058.8271788201146,-61.09411058434614,0.3576067204129172
4060.238249900892,0.43212631456896133,0.3388024872577259
4061.6493209816686,-55.23722043970639,0.36252412858526
4063.0603920624453,-178.65533496250194,0.4150366068591164
4064.471463143222,-149.20342275747308,0.4036074215583492
4065.882534223999,-69.0511302882245,0.36358177345782006
4067.2936053047756,-48.004808519628625,0.353271338798133
4068.704676385553,4.949200820463318,0.33436735339034457
4070.1157474663296,-38.39913646184192,0.3555386333817208
4071.5268185471064,-143.85460009972735,0.3892990973517533
4072.937889627883,-80.4146358774891,0.36873108070975275
4074.34896070866,2.355146641650208,0.338382162146072
4075.7600317894367,-34.32225590830848,0.34969628326034496
4077.171102870214,-92.13199166526692,0.3729091283977329
4078.5821739509906,-59.44571096472703,0.3591877448447429
4079.9932450317674,11.946016961101805,0.3339047179973161
4081.404316112544,58.88937728264585,0.32033793309001235
4082.815387193321,27.149774072763762,0.32837633382858233
4084.2264582740977,-13.641326879798555,0.34049037519529046
4085.637529354875,14.88604681750212,0.3331154498076511
4087.0486004356517,69.00158087284763,0.3155340177473388
4088.4596715164284,128.1410570374431,0.30173411942425993
4089.870742597205,103.60995163948945,0.3068639938488714
4091.281813677982,71.50887777196243,0.3151370692792843
4092.6928847587587,58.778996876011604,0.31785174034937724
4094.1039558395355,83.18291575230216,0.31477620037913095
4095.5150269203127,10.413053716810566,0.3342367433270338
4096.9260980010895,-23.561719617668132,0.3455548700969474
4098.337169081866,-2.4038834001866576,0.33953430965805415
4099.748240162643,-25.059797662936205,0.3482709180632566
4101.15931124342,-71.82425317599547,0.36390171891939527
4102.5703823241965,-51.06949227933245,0.35747393150819357
4103.981453404974,0.0,0.33914817112553874
4105.39252448575,20.764983732837152,0.3311603793792295
4106.803595566527,47.00979007847286,0.32360987646581163
4108.2146666473045,32.630304631657054,0.3270332543023258
4109.625737728081,14.435553032037205,0.3340257083045938
4111.036808808858,5.431470335111271,0.33648110815093024
4112.447879889634,23.182845494336732,0.3311988367541915
4113.858950970412,44.687264322239514,0.32467745442511037
4115.270022051188,63.513348655613925,0.3196050863871952
4116.681093131965,53.25982517813219,0.32245133465371023
4118.092164212742,12.05795934355973,0.3354029669443382
4119.503235293519,-1.405602905674698,0.3383122049362438
4120.914306374296,37.113970146971894,0.32856424024929315
4122.325377455072,29.684742026284596,0.3291815901801798
4123.736448535849,38.77121971281559,0.3264053578202287
4125.147519616626,57.801023414709505,0.3218987642536162
4126.558590697403,29.27138895798089,0.3300152034772972
4127.96966177818,7.855018119631495,0.33693542247656405
4129.380732858956,18.03636036275907,0.334733447252094
4130.791803939734,-25.441673020171436,0.3515894216408284
4132.20287502051,-101.41396820054337,0.3803329718597156
4133.613946101287,-83.83760365636556,0.3740240292329967
4135.025017182064,-27.671515897648476,0.34954574057342835
4136.436088262841,40.93487582971653,0.32783185098944884
4137.847159343618,35.876933431697466,0.3280476025488878
4139.258230424394,60.5560347107139,0.32165065361902206
4140.6693015051715,39.047109387132764,0.32892768358082874
4142.080372585948,-49.47352440013941,0.36448505263554587
4143.491443666725,-152.94135941743886,0.40406507029651356
4144.902514747502,-91.26250887608171,0.380475140614372
4146.3135858282785,5.028569148489794,0.3421682972630646
4147.724656909056,2.831914794551551,0.3407443579782343
4149.135727989832,-2.521545206706378,0.3437446275947708
4150.546799070609,3.1028427157958163,0.341179709267195
4151.957870151386,-4.176700095967476,0.3435890952718116
4153.368941232163,-16.96769225207146,0.34934436290577114
4154.78001231294,-39.61939098638146,0.35631918014137054
4156.191083393716,-15.238965683340894,0.34918312890687586
4157.602154474494,-7.6877751515231125,0.34526393137117184
4159.01322555527,27.64216866737621,0.33350579447775547
4160.424296636047,36.741952915898594,0.330621396483644
4161.835367716824,53.699261262317464,0.32518905830994976
4163.246438797601,65.82509963732605,0.3223131310342055
4164.657509878378,45.05324688105202,0.32876430239133053
4166.068580959154,19.62909555533605,0.3370215310235533
4167.479652039931,-11.723038610682238,0.34755654914246564
4168.890723120708,19.784294089350908,0.33825536657359906
4170.301794201485,43.43956729874549,0.3329510533502747
4171.712865282262,-25.113732524218392,0.3563812802539238
4173.123936363038,-59.38903537600112,0.3668675180818341
4174.535007443816,-26.852725987311942,0.3582109489671502
4175.946078524592,-25.533632131939953,0.3557016186992618
4177.357149605369,-16.2058273190313,0.35240377816245455
4178.768220686146,13.886693414826482,0.34218686615875604
4180.179291766923,21.716561921171433,0.33985412673999926
4181.5903628477,-12.796609847639331,0.3529259102259588
4183.001433928476,-13.92040538638122,0.35358159508323644
4184.412505009253,22.56822996651357,0.3427047284722206
4185.82357609003,0.052219977713775734,0.3521563354840777
4187.234647170807,-78.29191659076139,0.3788156792410005
4188.645718251584,-53.35053572875222,0.3725422644029583
4190.0567893323605,6.7136720395873795,0.345515546340596
4191.467860413138,-11.984428089723167,0.35053330158517837
4192.878931493914,36.90785438693081,0.3349239572601231
4194.290002574691,45.01372791225867,0.33350859924549364
4195.701073655468,-27.713106839763384,0.3561659191434228
4197.112144736245,-54.74462457085616,0.3712185863466462
4198.523215817022,-86.93493736837121,0.3815673201732037
4199.934286897798,-67.15337294614312,0.3754486388318401
4201.3453579785755,-76.51545453805875,0.3779467618510638
4202.756429059352,-63.7347004042241,0.3719802392407327
4204.167500140129,5.670418164368812,0.34505414348879115
4205.578571220905,45.26100186530641,0.3307654695006853
4206.989642301683,53.44472773884098,0.3270110822191553
4208.40071338246,47.58785908436914,0.32920582118428743
4209.811784463236,12.299672057717771,0.33787604768915414
4211.222855544013,30.14169565049764,0.33527041845088806
4212.63392662479,57.54137325834557,0.3266781742492509
4214.044997705567,13.466403474035587,0.3415304400395153
4215.456068786344,-37.07577753111684,0.358929254925372
4216.86713986712,-21.05716742935857,0.3535264889231288
4218.278210947898,28.158794537694575,0.33720178870435297
4219.689282028674,53.50473632163215,0.32771857654963504
4221.100353109451,51.61129329595184,0.32982853620453706
4222.511424190227,-5.684924492275115,0.34706640697189206
4223.922495271005,-79.9170319928952,0.3812992854725535
4225.333566351782,-181.15577921027798,0.44501578599600883
4226.744637432558,-243.4079611260996,0.49359047710258563
4228.155708513335,-160.700089079698,0.4341353590890642
4229.566779594112,-35.627989866782286,0.36413909162286656
4230.977850674889,19.268660485334124,0.33882057929222653
4232.388921755666,12.807897270897627,0.341816830413553
4233.7999928364425,-26.534359805796953,0.3545300610634877
4235.21106391722,-43.71575006225174,0.3616567804956059
4236.622134997996,-60.25187912938691,0.367735500914393
4238.033206078773,-20.087934090008332,0.354053023932322
4239.4442771595495,-16.84360218919619,0.34945344294472785
4240.855348240327,28.287200603571534,0.33564880516816986
4242.266419321104,46.73931342530341,0.3294606030351701
4243.67749040188,49.61436733590642,0.3277382857357241
4245.0885614826575,72.08554115259216,0.32195712460665676
4246.499632563434,37.22769552476802,0.33245967731744763
4247.910703644211,-24.604703274958354,0.35409810980251605
4249.321774724987,-66.37798694497957,0.3731745071984144
4250.732845805765,-104.60387945114786,0.3857495506980801
4252.143916886542,-29.876380753210015,0.3624760652524294
4253.554987967318,-63.88248801181646,0.3738994173706965
4254.966059048095,-93.9605333995375,0.38398958234167446
4256.377130128872,10.874260631933339,0.34584446102490085
4257.788201209649,37.432276730205274,0.335305148789092
4259.199272290425,-56.951215304117966,0.37296477464478983
4260.610343371202,-121.7762013950321,0.3982401489818395
4262.02141445198,-30.564999715013244,0.362059314003659
4263.432485532756,52.70917455499,0.3304861952545001
4264.843556613533,67.38517481968728,0.32417109206438327
4266.254627694309,63.34183706015125,0.32599599148673436
4267.665698775087,24.223698217921367,0.3375485838573916
4269.076769855864,-14.050266927298367,0.3527670547564591
4270.48784093664,-105.8507485097042,0.3932666128506215
4271.898912017417,-172.8886380565568,0.43100594084102584
4273.309983098194,-138.90954512919882,0.4144423811709922
4274.721054178971,-125.08396964901021,0.4003883935016518
4276.132125259748,-49.72620262257374,0.3681266713131112
4277.543196340524,43.57402507092945,0.33318103870869953
4278.954267421302,37.50298921636829,0.33417593225008807
4280.365338502078,-21.63683684606235,0.3519459354094615
4281.776409582855,-20.87257902438023,0.3528385129846062
4283.1874806636315,1.65024833005657,0.3460752853279283
4284.598551744409,-3.8910206571322306,0.3462157649719013
4286.009622825186,-30.039248035515584,0.3536575066323143
4287.420693905962,-25.719968428917298,0.35605872142375505
4288.8317649867395,-73.99130683962181,0.3764778399205662
4290.242836067516,-121.94434914876445,0.39531944947653325
4291.653907148293,-56.281694594230544,0.3680483277065031
4293.064978229069,-13.269708880105668,0.3501084881133244
4294.4760493098465,-40.17025815376155,0.35965466445622146
4295.887120390624,-39.4114342632534,0.359921856162167
4297.2981914714,-57.105419536709576,0.37112404807090965
4298.709262552177,-137.82738774942203,0.4088200899766152
4300.120333632954,-166.4236734835033,0.4242889239288048
4301.531404713731,-139.6980118634604,0.41028190828088285
4302.942475794507,-131.57385527486554,0.4024614833330497
4304.353546875284,-118.50368465001202,0.3958392878405948
4305.764617956062,-141.18200288384838,0.40803812864954975
4307.175689036838,-192.07603784744092,0.4411506910673229
4308.586760117615,-213.0056002819987,0.4550412144015792
4309.997831198391,-175.28823224383976,0.4299299311494197
4311.408902279169,-129.20641163787712,0.39981928330295924
4312.819973359946,-88.59580224139228,0.37550365860198975
4314.231044440722,-26.659957923970353,0.349429959135674
4315.642115521499,53.976682402215204,0.32391670902833974
4317.053186602276,125.86089903041261,0.30145058047209317
4318.464257683053,110.46254494476148,0.3056100560769766
4319.875328763829,99.32152466727143,0.30915336416601835
4321.286399844606,78.21328171016694,0.31507252802272934
4322.697470925384,12.046326488713248,0.3374878464323092
4324.10854200616,-121.10026348518699,0.39279140089305675
4325.519613086937,-182.56621842619023,0.4199491459599913
4326.9306841677135,-111.26182473573829,0.3846575861415845
4328.341755248491,35.82140906518873,0.32823810433635925
4329.752826329268,71.48684867602856,0.315127293137083
4331.163897410044,75.42372021770814,0.31389023203968325
4332.574968490821,81.76354640371977,0.3116685543763378
4333.986039571598,107.58788346541326,0.3058688168103043
4335.397110652375,112.59720103074551,0.306541501598846
4336.808181733151,33.7274890878943,0.32809968753736574
4338.2192528139285,-45.327103428070586,0.35274362904657663
4339.630323894706,-77.89512188115987,0.3642689824377159
4341.041394975482,-54.1034830510099,0.35762343524243556
4342.452466056259,12.716848976685185,0.33324860375900295
4343.863537137036,39.326770044797854,0.3238428555896584
4345.274608217813,72.78740272889183,0.31496135828278377
4346.685679298589,70.8993684068322,0.314549868984722
4348.096750379366,83.69209886350234,0.31058158367972105
4349.5078214601435,104.54173114733135,0.30833586735240853
4350.91889254092,20.337416165059096,0.33265561532992594
4352.329963621697,-66.397770958114,0.35676154176862984
4353.741034702473,-7.188964302449392,0.3378226584944568
4355.152105783251,23.878888480701107,0.32659622584136794
4356.563176864027,45.12287028835158,0.3200338650955295
4357.974247944804,54.011655496654555,0.31669105206951925
4359.385319025581,30.101958447502398,0.3212906211786001
4360.796390106358,63.601588602216,0.31338558423181573
4362.207461187135,83.52551236188322,0.30899698945872495
4363.618532267911,67.26372678015184,0.31115793677936837
4365.029603348688,99.50925078595242,0.30510807208949847
4366.440674429466,58.905079575048035,0.3136933509968446
4367.851745510242,3.4764358441291847,0.3290106248088408
4369.262816591019,27.349113152651682,0.3220544613961901
4370.6738876717955,23.81634982835834,0.32305930408534356
4372.084958752573,16.5749194899484,0.32504146049881105
4373.496029833349,-16.09627952413922,0.3365069408003588
4374.907100914126,-66.62777859289895,0.3513175430307973
4376.318171994903,-53.080792349788,0.34727092011082383
4377.72924307568,5.789909153537167,0.32908301373868554
4379.140314156457,9.567775351343187,0.3262899002005364
4380.551385237233,-39.059525542354095,0.341076884257891
4381.9624563180105,-122.12928716155426,0.3756804525072051
4383.373527398788,-240.40464673174833,0.4434158870939754
4384.784598479564,-221.46889388075476,0.42696396311149154
4386.195669560341,-73.86347386612181,0.36180942788999626
4387.6067406411175,-41.646411749945344,0.34171864054114615
4389.017811721895,-49.98894694711197,0.3434991847537817
4390.428882802671,-44.68371569831339,0.3406621917741761
4391.839953883448,-20.65332744438416,0.3330406920837116
4393.2510249642255,-8.808121440552611,0.32865213131613363
4394.662096045002,-16.149859653862052,0.3302213479220001
4396.073167125779,-1.1847137468769233,0.3256485552469128
4397.484238206555,43.10500391318152,0.31370180409715537
4398.895309287333,13.29121522074314,0.3210624850973308
4400.306380368109,-30.569245855282247,0.3337737189661466
4401.717451448886,-41.0484336565317,0.33870066712487584
4403.128522529663,-72.9087890618942,0.3567823353995142
4404.53959361044,-190.43365364471174,0.3994657313114931
4405.950664691217,-149.40569130048442,0.38410354167588395
4407.361735771993,-72.77081583865072,0.3481362687354611
4408.77280685277,-49.82142370416591,0.339784216470157
4410.183877933547,29.695028134172333,0.31657798654301594
4411.594949014324,56.13814303401574,0.30816919892347555
4413.006020095101,29.14165941575766,0.316804463193581
4414.417091175877,-73.91239895048193,0.3478583826718151
4415.828162256655,-105.6305877827512,0.35546946462327456
4417.239233337431,-20.185128117063584,0.32992975241887185
4418.650304418208,50.833175198719914,0.30859986411569446
4420.061375498985,69.39550718841917,0.30360051775407404
4421.472446579762,24.014711139740143,0.31451641368193084
4422.883517660539,-25.32859781345934,0.32855281927256413
4424.294588741315,-20.64477495903128,0.3274793587930538
4425.7056598220925,-36.58656382711888,0.3319959938983114
4427.116730902869,-38.05792320228335,0.3299690719091422
4428.527801983646,0.0,0.32043861789723466
4429.938873064423,-9.690502232758263,0.3208693549828056
4431.3499441451995,-9.041662333348086,0.3214473137471578
4432.761015225977,-1.7042746156170097,0.31984117833213077
4434.172086306753,-70.82499251332143,0.3395485525277812
4435.58315738753,-98.0008375865549,0.348759127115174
4436.9942284683075,-20.95278197721524,0.3241593111172869
4438.405299549084,42.21335504006424,0.3069353100438295
4439.816370629861,42.71684049920674,0.3057413905559071
4441.227441710637,-15.303333823159278,0.32139877620419566
4442.6385127914145,-60.651681502724045,0.33289683116030705
4444.049583872191,-19.74196329905874,0.32290910924370714
4445.460654952968,43.18320652337462,0.30696437535425763
4446.871726033745,33.898817017891645,0.30795530089612216
4448.282797114522,14.162426571517187,0.3121959601667308
4449.693868195299,32.408614861706326,0.3084588731396076
4451.104939276075,15.679489680383256,0.31223293941783437
4452.516010356852,-0.9700118847067642,0.31789412584582416
4453.927081437629,-73.83380991388469,0.34078716757520233
4455.338152518406,-133.49228053834963,0.3593325235130135
4456.749223599183,-94.84164869819074,0.3476482375825278
4458.160294679959,-76.22523588795775,0.3413581831596707
4459.571365760737,-94.71298280625251,0.34513945456940853
4460.982436841513,-96.34362891700232,0.34576404814784795
4462.39350792229,-79.6999261508987,0.3408932159145261
4463.8045790030665,-7.203936908791434,0.3190128563820203
4465.215650083844,-8.405804800769829,0.31811500035774815
4466.626721164621,-16.235871679174807,0.3198818593589261
4468.037792245397,-12.094120961414603,0.317404614679973
4469.448863326174,-28.611062823889085,0.3218926623658893
4470.859934406951,-14.382507287206352,0.31802240955109384
4472.271005487728,28.28642601954897,0.3082375357124837
4473.682076568505,42.15107388243206,0.30464983618107067
4475.0931476492815,22.112193471223065,0.30816497581516594
4476.504218730059,30.874305687807862,0.30614998165502677
4477.915289810835,67.09401978310194,0.29866252609611027
4479.326360891612,26.72099939591419,0.3079204925725024
4480.7374319723895,-31.743077898699028,0.3235343439945905
4482.148503053166,-56.54199208716233,0.33084245054651923
4483.559574133943,-3.5486314638766316,0.31606034598691635
4484.970645214719,41.04221215478799,0.30309309036745397
4486.3817162954965,52.18722640599708,0.3010548179949864
4487.792787376273,22.197041250509756,0.307618412185682
4489.20385845705,-21.82685769945249,0.3180390206767086
4490.614929537827,-18.127915969740798,0.3170376267832988
4492.026000618604,21.75242334697805,0.3073509576306072
4493.437071699381,0.0,0.31265244962876687
4494.848142780157,-49.437454353444934,0.3251569271106069
4496.259213860934,-32.22776740241807,0.3204387870261716
4497.670284941711,6.487292118856772,0.3096342768690453
4499.081356022488,26.633470837654045,0.30424671358782013
4500.492427103265,17.818862925270764,0.3060665057916006
4501.903498184041,7.6481898942033695,0.30659546107357866
4503.314569264819,51.9721952383602,0.2974104375746841
4504.725640345595,75.84435772839788,0.29198507988262173
4506.136711426372,58.405720086149245,0.2948955697496924
4507.547782507148,50.60133148091984,0.2969408508740847
4508.958853587926,44.38497018543319,0.2982324563005715
4510.369924668703,52.8643973792465,0.2967665819549493
4511.780995749479,41.52693704703756,0.298266206913666
4513.192066830256,13.61841763169241,0.3060879570759896
4514.603137911033,16.86555500715508,0.30449015470470325
4516.01420899181,30.66328505407637,0.3025670445348287
4517.425280072586,12.055210215414945,0.305522627711619
4518.8363511533635,17.180873840203617,0.30436787256795494
4520.247422234141,51.58651144103226,0.2978199065367293
4521.658493314917,42.948780622457775,0.2988577828872863
4523.069564395694,21.211824983696147,0.3050278057264761
4524.4806354764705,-5.729970705214441,0.30858540016253944
4525.891706557248,-43.59021605905997,0.3226002154173459
4527.302777638025,-101.96012701305341,0.33875692236453414
4528.713848718801,-114.18083644067843,0.3439604304851089
4530.1249197995785,-96.28823935750393,0.33713809450127713
4531.535990880355,-52.42309206654505,0.32507003461330847
4532.947061961132,-52.0177440748044,0.3242877119884986
4534.358133041909,-87.58956437115933,0.3337788993651535
4535.769204122686,-83.53482154179773,0.33014449344443897
4537.180275203463,11.759491310013345,0.3082945036689726
4538.591346284239,39.72725703935998,0.2991943274977702
4540.002417365016,8.783692642067535,0.30585952753595635
4541.413488445793,-2.9425707284588043,0.3086339784544243
4542.82455952657,25.12433837001788,0.3018398745526567
4544.235630607347,11.771361919792867,0.3066926785296103
4545.646701688123,-19.527568248740295,0.31206551196023535
4547.057772768901,-6.2307188660059865,0.3105840835841787
4548.468843849677,-29.578699293439968,0.3151339604793324
4549.879914930454,-28.956151134689378,0.3150299491125888
4551.29098601123,-1.1383936299253037,0.308958032992244
4552.702057092008,-9.042713252461795,0.31074251713321294
4554.113128172785,-34.109165714340634,0.316383507161702
4555.524199253561,-29.688512673699677,0.31530342051442145
4556.935270334338,9.72394365420962,0.3056545195509035
4558.346341415115,45.25409572681838,0.29694282099092134
4559.757412495892,50.08303238972678,0.295695519335885
4561.168483576668,41.22548714316531,0.2976547443094346
4562.579554657445,37.70367557003158,0.2988051817572929
4563.990625738223,2.7199833078888105,0.30768883848919043
4565.401696818999,-28.271805569852745,0.3132744900224953
4566.812767899776,13.366197014563909,0.30505743679264546
4568.2238389805525,41.88331177719465,0.2981294725066462
4569.63491006133,23.459995133912003,0.301990501530446
4571.045981142106,-10.165539191921084,0.3089002126080169
4572.457052222883,3.174265474017375,0.3061789143630237
4573.8681233036605,40.41436126763074,0.2980262031769953
4575.279194384437,38.13889800330696,0.2979552519192672
4576.690265465214,37.58455617604318,0.2981791735043263
4578.101336545991,13.34719849522753,0.30444172686875076
4579.5124076267675,-31.844763289051002,0.3158046940468095
4580.923478707545,-50.816709660839706,0.32038512082509646
4582.334549788321,-20.47055656635871,0.31273852712995137
4583.745620869098,-0.4302242368740963,0.3088631830317764
4585.156691949875,-33.74842511169919,0.3149539223607911
4586.567763030652,-27.644035793038825,0.3139694649900513
4587.978834111429,24.254212955413436,0.3021199393309689
4589.389905192205,58.4617722522338,0.29444143868419137
4590.800976272983,27.82659002868354,0.30069052618955516
4592.212047353759,-11.708721552143288,0.3099864253606593
4593.623118434536,-15.284345803760289,0.31109467527597007
4595.034189515312,-12.85656460323878,0.31032840101051024
4596.44526059609,-18.148825701416968,0.3115194693543608
4597.856331676867,-11.582871499802536,0.31012652287077885
4599.267402757643,-13.31944511602319,0.31044922643782485
4600.67847383842,-22.13368185856359,0.31272226440896755
4602.089544919197,-23.064768611184945,0.31168433777509236
4603.500615999974,-5.421988968099072,0.3097552362830596
4604.91168708075,-12.803212243966527,0.30977490761690524
4606.322758161527,2.2156542609618555,0.3063205000435317
4607.733829242305,19.185015742717496,0.30213116794213796
4609.144900323081,44.18266520519262,0.2968957858843806
4610.555971403858,29.75170203131472,0.29977293478872247
4611.9670424846345,0.041269017226227334,0.3070392269449676
4613.378113565412,0.35170753831368984,0.3068619654975912
4614.789184646188,18.653175890557577,0.3025604941570329
4616.200255726965,19.291782779659457,0.3022895477977902
4617.611326807742,16.967829929676213,0.30266806997245355
4619.022397888519,9.17620227126099,0.30405828960643866
4620.433468969296,18.35527492284473,0.30167040763920266
4621.844540050072,33.82774917057168,0.2990447015244079
4623.2556111308495,16.55050419774068,0.30202805578669834
4624.666682211627,12.810796462288636,0.3032408215412897
4626.077753292403,7.7713055305140415,0.3040205430478961
4627.48882437318,31.58653408558132,0.2992976479510864
4628.899895453957,31.519138045577847,0.29881764678471523
4630.310966534734,27.176644674088834,0.2999667861518289
4631.722037615511,34.65867165936788,0.29791841583439427
4633.133108696287,16.445450374220627,0.30317391031991026
4634.5441797770645,10.507944670547545,0.30349079180253785
4635.955250857841,13.58357528122258,0.3043887257453164
4637.366321938618,-23.53321078277679,0.31244291021928977
4638.777393019394,-35.65693719464144,0.31594633934361066
4640.188464100172,-16.711324593905488,0.3113253042558627
4641.599535180949,15.725984900089884,0.3039109531270049
4643.010606261725,19.383553836241276,0.30267028965754017
4644.421677342502,-1.1753569186771529,0.30777046931615226
4645.832748423279,-41.6765389260803,0.3183405271334004
4647.243819504056,-69.18872120660802,0.3258976850919863
4648.654890584832,-42.90314472835058,0.3187735400129013
4650.065961665609,-6.6742981568251025,0.30899245854544355
4651.477032746387,3.2290827637690427,0.3063783739097945
4652.888103827163,4.255621714855238,0.3062074872026628
4654.29917490794,-8.013734015304863,0.3089188589144028
4655.710245988716,-15.236023079725896,0.31048051343593347
4657.121317069494,7.972670394597003,0.30488512701720255
4658.53238815027,49.48425892800151,0.29590873215020136
4659.943459231047,56.168626558174424,0.29465284716414913
4661.354530311824,31.280669594385927,0.29938454351400806
4662.765601392601,8.947984600793234,0.30520290463049254
4664.176672473378,-6.157350195191157,0.3086716653173134
4665.587743554154,-33.5917542395008,0.3171692023127106
4666.9988146349315,-91.90370224218282,0.3334234307074252
4668.409885715708,-99.5349825534185,0.3359619007539073
4669.820956796485,-18.114632300718995,0.31231104904228674
4671.232027877262,13.57754624517213,0.3042009394766501
4672.6430989580385,-3.4912468271779744,0.30802366758185057
4674.054170038816,-2.1318241458013745,0.3074551538786996
4675.465241119592,19.976591193881973,0.302349568173113
4676.876312200369,35.994950655091884,0.2991426456499514
4678.2873832811465,7.298946367375493,0.30579265830945623
4679.698454361923,-27.73714154039476,0.3134992620605032
4681.1095254427,-23.779394002764548,0.31301252344394315
4682.520596523476,-7.9946989999593825,0.30927538625526324
4683.931667604254,10.119071899643814,0.30472050743125206
4685.342738685031,7.0190949680609265,0.30513390947613434
4686.753809765807,2.9878693417142586,0.3061374808715768
4688.164880846584,-4.493809900066026,0.3084074233467459
4689.575951927361,-10.461099105287758,0.30915050676946426
4690.987023008138,-10.135474668593815,0.3111881977329398
4692.398094088914,-15.79980340708721,0.31029600081184544
4693.809165169691,-0.7347887641113857,0.30689190525953114
4695.220236250469,22.09924019037294,0.3018523257805274
4696.631307331245,24.55044347790465,0.30191657634033303
4698.042378412022,-14.898390435048668,0.3110811054156027
4699.453449492798,-36.56126158791483,0.3161155960546233
4700.864520573576,-35.1699210140149,0.318268287512124
4702.275591654352,-75.98907591934812,0.3276627750147633
4703.686662735129,-80.40093602637575,0.32931679281455073
4705.097733815906,-29.215091908568525,0.31634743783727726
4706.508804896683,-28.945456263750316,0.31559732802189383
4707.91987597746,-49.89632857529136,0.3209364700884122
4709.330947058236,-43.79092201729901,0.3182190271940316
4710.742018139013,-17.596834867065922,0.31251338036119786
4712.15308921979,6.256211240551011,0.3058312128108787
4713.564160300567,-11.466426317520245,0.3103186008883209
4714.975231381344,-25.830439491342645,0.3135737258387191
4716.3863024621205,9.862537837900504,0.30511505672033035
4717.797373542898,28.79496925654314,0.30067233607976274
4719.208444623674,35.423562409913075,0.29817281133180396
4720.619515704451,47.511499964565246,0.29671118241206385
4722.030586785228,28.25480121282942,0.30011502667767515
4723.441657866005,23.57905255936305,0.3009635027816127
4724.852728946782,39.7634320699874,0.2983289476505381
4726.263800027558,19.668576721468526,0.30322157417642803
4727.6748711083355,-31.75295341210267,0.3150362731105422
4729.085942189113,-44.757190430029766,0.31910282710343774
4730.497013269889,-33.30751904414353,0.31622710798984766
4731.908084350666,-12.834065455793962,0.31085338921141425
4733.319155431443,-5.877260928824285,0.3088971287069365
4734.73022651222,-4.2410609299037105,0.3084780121832364
4736.141297592996,-22.464758559687652,0.3132358025063462
4737.552368673773,-22.970976473122732,0.3130806288691133
4738.963439754551,9.743507323752851,0.30596889112819287
4740.374510835327,0.7276106014942343,0.3073988958011694
4741.785581916104,-0.0405491669021103,0.3074681237630713
4743.19665299688,17.46381062640512,0.3033614707468609
4744.607724077658,12.308394177047944,0.30478661618727493
4746.018795158434,14.807696590232695,0.3036919833011342
4747.429866239211,30.04104563135968,0.3012299997215673
4748.840937319988,28.46028567047688,0.3010282412677053
4750.252008400765,25.025672330735347,0.3021613758701245
4751.663079481542,15.949000708696076,0.3046399129478913
4753.074150562318,-5.0567084587312365,0.30992711424507335
4754.485221643095,-20.481002595529958,0.3136898308424526
4755.896292723872,-15.858055901278817,0.31286657486474223
4757.307363804649,-2.7598867114527366,0.30967213157244267
4758.718434885426,11.403728339711392,0.3061336159012924
4760.1295059662025,22.37669056455843,0.30390444659807614
4761.54057704698,-1.6187451844305087,0.31003774968599934
4762.951648127756,-23.12775135785705,0.3148412800731054
4764.362719208533,-23.824754774589564,0.316384194723893
4765.7737902893095,-41.88210164539072,0.3203413197140854
4767.184861370087,-30.836781073617942,0.3176943746182892
4768.595932450864,-2.859766604653373,0.3102467827487882
4770.00700353164,16.398870694821426,0.3060942491150514
4771.4180746124175,-0.45478414788453847,0.30931993422588017
4772.829145693194,-9.280434174517154,0.31116320962222854
4774.240216773971,14.320617602778611,0.3060760983123254
4775.651287854747,21.83881745187125,0.30373924361609295
4777.062358935525,22.06513457219603,0.30347392520744076
4778.473430016302,27.57655877422917,0.3025340001623508
4779.884501097078,12.149493083912944,0.30597622682847037
4781.295572177855,10.660183672206813,0.30609285760732713
4782.7066432586325,-9.9883419050675,0.3127497868521155
4784.117714339409,-26.821050326108775,0.31619258366001507
4785.528785420186,-12.143329335914814,0.3129592860807281
4786.939856500962,-20.398867815374274,0.314979764871919
4788.35092758174,-13.370499713953109,0.31311217791193213
4789.761998662516,-13.515808089851248,0.3133825407391183
4791.173069743293,-3.4968613902525476,0.3108343606647723
4792.58414082407,11.992304729802413,0.30598475501560857
4793.995211904847,41.594153289591645,0.3002431977032978
4795.406282985624,41.11333811283498,0.29952618690157934
4796.8173540664,36.52841458772332,0.3015327845642301
4798.228425147177,9.59184800801063,0.3069742369188981
4799.639496227954,-4.444580270396045,0.31061431626448577
4801.050567308731,3.9269712367523653,0.3088798117111726
4802.461638389508,29.567517534134254,0.30308594710175624
4803.8727094702845,29.639383578373895,0.3028172678011189
4805.283780551062,13.469966483139956,0.3064121123606214
4806.694851631838,6.644874884046203,0.3086815668043725
4808.105922712615,-9.173205129294388,0.3120148752798416
4809.5169937933915,7.467042892681434,0.30845602710276576
4810.928064874169,22.379064857646995,0.3046120324709208
4812.339135954946,21.889020690527786,0.3047068059085998
4813.750207035722,22.99629931651566,0.304553090820506
4815.1612781164995,29.743954275552596,0.3029272295552492
4816.572349197276,41.38572713834117,0.3007363077578541
4817.983420278053,33.60479562810599,0.3010984749111617
4819.394491358829,43.16768519750053,0.3003204809397279
4820.805562439607,28.973606661577833,0.30317938611803585
4822.216633520384,6.122694616093895,0.3094237865390187
4823.62770460116,-31.497869076713584,0.3183154670081079
4825.038775681937,-18.080580274992712,0.3146051648304322
4826.449846762714,18.081314231803958,0.30703785615836826
4827.860917843491,7.915078919464122,0.30802645077192936
4829.271988924268,-4.554368805890704,0.31160457655680035
4830.683060005044,-8.306713683345492,0.3127030656995246
4832.094131085822,-16.850463195820453,0.31438852170009973
4833.505202166598,0.7493241972646274,0.3105769264585929
4834.916273247375,15.511981485616502,0.30620560256651924
4836.327344328152,17.935607647181882,0.30573242958972957
4837.738415408929,3.811324773705792,0.3089953101251614
4839.149486489706,-12.380825343856031,0.31370536643240227
4840.560557570482,-20.115667742750475,0.31533828130276753
4841.971628651259,-16.653324707122465,0.3145707034798271
4843.382699732036,-17.941654037621788,0.31473524208056597
4844.793770812813,8.075217758103008,0.30827252324573523
4846.20484189359,22.288683495844793,0.30519015256772025
4847.615912974366,6.489802787298572,0.3082567067251577
4849.026984055144,1.3436799773227222,0.30970255335592817
4850.43805513592,13.135880543188591,0.30677255841334056
4851.849126216697,14.811862588602253,0.3068611158070778
4853.2601972974735,12.592302593592422,0.30815516550689953
4854.671268378251,-18.55557848103706,0.31575268489956254
4856.082339459028,-44.336582758993245,0.3216765384639843
4857.493410539804,-24.233695374404306,0.31853072288266365
4858.9044816205815,-58.07567906883884,0.3295738990375236
4860.315552701358,-145.3228519832245,0.35553973547668843
4861.726623782135,-154.94953324904134,0.36092043662252404
4863.137694862911,-87.83527908307065,0.3390790076677526
4864.5487659436885,-48.06750831237764,0.3247421847208256
4865.959837024466,-16.020820962535367,0.3164109490653816
4867.370908105242,-23.542084456450084,0.31728217884711285
4868.781979186019,-21.489717616894154,0.31748525092190116
4870.193050266796,-65.85031893787021,0.33117846660855305
4871.604121347573,-149.22960047537032,0.35997755690410677
4873.015192428349,-92.29494545507606,0.3403385230139986
4874.426263509126,-33.735634755743206,0.3219123400104816
4875.837334589904,-19.59740769403868,0.31775176889991974
4877.24840567068,-19.907992931672425,0.3174123841155062
4878.659476751457,-15.162973189478748,0.3160358351744279
4880.070547832233,2.3343701984114205,0.31205528624917456
4881.481618913011,-8.333712688307173,0.31416571007947025
4882.892689993788,-11.487519971769757,0.3144492722375099
4884.303761074564,-13.487288137138421,0.3171309564770448
4885.714832155341,-49.99556642791413,0.3263193098464572
4887.125903236118,-55.29443134119066,0.32853914693742475
4888.536974316895,-48.565650026766775,0.32846991818074894
4889.948045397672,-92.03585236432559,0.3432166013485353
4891.359116478448,-140.35341494017587,0.35603611136226726
4892.770187559226,-62.23641888968507,0.33519789064339534
4894.181258640002,22.90173656979391,0.3077226916424638
4895.592329720779,47.81067304159251,0.3017184402689725
4897.0034008015555,46.96116209876345,0.30168742415160055
4898.414471882333,42.5439093470236,0.3033605295836107
4899.82554296311,26.845758097381122,0.3066327617758251
4901.236614043886,24.234225039859325,0.30825505690912935
4902.647685124663,-1.794663987876561,0.3148443648511438
4904.05875620544,-14.224509951086134,0.3182402085060287
4905.469827286217,27.122629102094606,0.30771650081109375
4906.880898366993,38.74315278283939,0.30493906805481824
4908.2919694477705,9.590390843049363,0.3126012378931242
4909.703040528548,-25.27931765219995,0.32220262820202944
4911.114111609324,-33.55175933048412,0.3246096441026207
4912.525182690101,-3.5915092759319123,0.3166918219779743
4913.936253770878,20.603051201512358,0.3102943953816089
4915.347324851655,32.047724346352425,0.30742623535777336
4916.758395932431,22.295467326069684,0.31181568085666916
4918.169467013208,-68.82494193819082,0.3415684011485987
4919.5805380939855,-162.94868549157195,0.3721148299715243
4920.991609174762,-149.06825560205573,0.36760485594652925
4922.402680255539,-59.22521410491396,0.3381299420968849
4923.813751336315,-19.443802681438797,0.32397682721833165
4925.224822417093,-16.826463091931657,0.3215321705624171
4926.635893497869,6.771284202822699,0.31564956887071555
4928.046964578646,30.039029594110957,0.3099173501020758
4929.458035659423,42.87549802916317,0.3063983523611603
4930.8691067402,40.46818022480795,0.3071180567389793
4932.280177820977,21.922380830522684,0.31280104635153844
4933.691248901754,-24.799589039728232,0.32213497825040144
4935.10231998253,-1.5483829561748053,0.31975358780894375
4936.513391063308,-6.187204786160237,0.3203049495435834
4937.924462144084,-50.78927910960476,0.33304104352233654
4939.335533224861,-78.48705415648584,0.3418258507213753
4940.746604305637,-8.256469867095461,0.32159298160417743
4942.157675386415,24.130057475403646,0.31186690882108586
4943.568746467192,31.43870116318783,0.3100014289498461
4944.979817547968,31.523269878654673,0.31009820136188515
4946.390888628745,8.88363223006229,0.31608933536587147
4947.801959709522,33.42212323779734,0.30974554301809176
4949.213030790299,47.397744410798396,0.30692396307667674
4950.624101871075,40.12753256772851,0.3081442509975972
4952.0351729518525,44.84634506891382,0.30822732163317856
4953.44624403263,32.00535590304014,0.31128777222936627
4954.857315113406,10.257122734855216,0.3182134211887992
4956.268386194183,-60.54125339611568,0.341303633795553
4957.6794572749595,-134.18881459888382,0.36665155597861887
4959.090528355737,-58.19841039542683,0.340598297793802
4960.501599436513,43.32299563854315,0.3131088639393002
4961.91267051729,40.86829424682355,0.3100864912105633
4963.3237415980675,46.07846317006283,0.31028408903716825
4964.734812678844,28.826661398475494,0.315086441704867
4966.145883759621,-2.3903521802918704,0.3225816623290768
4967.556954840397,-1.6389524742905337,0.32292413184050334
4968.968025921175,7.27801041766952,0.32064267570715627
4970.379097001951,14.863084040902379,0.317923908025532
4971.790168082728,37.15382796361172,0.3128068658620087
4973.201239163505,46.696518564047665,0.310038300669655
4974.612310244282,49.98019979127571,0.309652813972156
4976.023381325059,47.19694367974671,0.31005318139968074
4977.434452405835,34.15222205023963,0.314050316686169
4978.845523486612,10.766052800006776,0.3200425253481974
4980.25659456739,1.6728088945803279,0.3241628791819347
4981.667665648166,-34.894085589234635,0.33519185313436667
4983.078736728943,-84.43056374490646,0.351486590196734
4984.489807809719,-76.06466621992541,0.3492504886485749
4985.900878890497,-29.459516657454117,0.3335173474626409
4987.311949971274,28.843983779467123,0.3167538027683483
4988.72302105205,22.826328166420296,0.31747531363694864
4990.134092132827,6.819755857527696,0.32193477246598123
4991.545163213604,4.496939875663372,0.3228382864283287
4992.956234294381,12.233239978945392,0.3205193518177936
4994.367305375157,-4.828297228822521,0.3255395846588071
4995.778376455934,16.266537645074834,0.31968932165713493
4997.189447536712,25.93783696809362,0.3175306589138375
4998.600518617488,7.835999802687127,0.3221923405932271
5000.011589698265,-28.075096929693927,0.3335787357777029
5001.4226607790415,-34.44013751700555,0.33500182193058575
5002.833731859819,-24.003089082546637,0.3325646738443398
5004.244802940595,-20.45168868382069,0.3318681317336084
5005.655874021372,-56.004939406449694,0.34610063317952705
5007.0669451021495,-76.2919051818655,0.3476358297100706
5008.478016182926,-10.037207588072306,0.3304074064604743
5009.889087263703,16.373825923329377,0.32203833484237154
5011.300158344479,-8.12691448687508,0.32909084558390006
5012.7112294252565,-51.58755818261858,0.3433375350376512
5014.122300506033,-70.98338768605106,0.34862475467598664
5015.53337158681,-49.5286712944162,0.34285634107592133
5016.944442667587,-29.89942502320173,0.33608972453777003
5018.355513748364,-29.587935703412086,0.33488194675432875
5019.766584829141,-12.690899067557098,0.3305864061932181
5021.177655909917,-15.461042474331066,0.33192157275150225
5022.588726990694,-36.140706921692185,0.3369273231986535
5023.999798071471,-10.43869210348754,0.3309611930728332
5025.410869152248,12.447953093281171,0.32487889389767977
5026.821940233025,-8.45085213184501,0.33020967555768327
5028.233011313801,-17.5582470480104,0.33280826073993236
5029.644082394579,12.804457274924175,0.32532131487052285
5031.055153475356,32.160611600884636,0.3186046232792834
5032.466224556132,46.81384712093211,0.3153891860833101
5033.8772956369085,45.24066556696988,0.3166749303105953
5035.288366717686,2.979395883954112,0.3278134661340415
5036.699437798463,-20.570143722425655,0.33534397872385346
5038.110508879239,-1.0124015776098076,0.33118106668007546
5039.521579960016,-32.542638283329325,0.34174763436700245
5040.932651040794,-78.75966414489574,0.3567124360878202
5042.34372212157,-63.55816401788462,0.352104775712124
5043.754793202347,3.0347644514296235,0.32985053082899835
5045.1658642831235,37.49008740072861,0.31934634644426835
5046.576935363901,54.90924692184137,0.31303112953300777
5047.988006444677,17.518465396424403,0.3253895741104663
5049.399077525454,-30.63031072806558,0.3398344187605516
5050.810148606231,-28.494927079885656,0.3401784485729276
5052.221219687008,-2.250061967386955,0.33004126465374944
5053.632290767785,21.09784115807389,0.32441420297843354
5055.043361848561,39.250684837060305,0.3183673320494628
5056.4544329293385,42.275744164359935,0.3176030562292845
5057.865504010115,36.23191206800965,0.31951306329032253
5059.276575090892,50.15897168415427,0.3153754765851379
5060.687646171669,51.00150853412947,0.3156386259724228
5062.098717252446,50.26073061289321,0.31622618689762405
5063.509788333223,25.947658443748878,0.3233563820231419
5064.920859413999,-12.219650501897888,0.33519162056568563
5066.331930494776,-9.697495301532513,0.33481993369036184
5067.743001575553,-6.208752559289735,0.3340964857480441
5069.15407265633,-5.957469672527793,0.33294987262233694
5070.565143737107,23.74581334409703,0.32609484632071184
5071.976214817883,0.5008023167737861,0.33138493114653256
5073.387285898661,-1.8320225468129365,0.3323499845313495
5074.798356979438,5.990999836315552,0.33061364333907556
5076.209428060214,5.234884686350597,0.3297755590008219
5077.62049914099,16.620020440253825,0.3291131248012867
5079.031570221768,-23.698055040272436,0.34100294314972324
5080.442641302545,-54.80092572074494,0.35069846550326034
5081.853712383321,-34.29187175970276,0.3448379883115233
5083.264783464098,-19.387273055333083,0.3391755970058974
5084.675854544876,3.254640628280413,0.3323171371993865
5086.086925625652,21.24173249736731,0.3265111211224294
5087.497996706428,26.37880407461654,0.32490199173089096
5088.9090677872055,23.280681578844224,0.3254416102751336
5090.320138867983,24.125198431473393,0.32617931004982464
5091.731209948759,23.584972180594093,0.3247761928937902
5093.142281029536,46.317740388206516,0.32013710372754367
5094.553352110313,38.583678417392036,0.32227211589183913
5095.96442319109,8.183441868733553,0.33060496844344883
5097.375494271867,-13.797504414292064,0.33874404616240206
5098.786565352643,-41.316424505159034,0.34660888276693025
5100.1976364334205,-25.719010676254015,0.34220543828125294
5101.608707514197,14.247292536653958,0.3307427220279878
5103.019778594974,21.41006224879635,0.327673397972525
5104.430849675751,9.077778441343753,0.3311844492606887
5105.8419207565275,-5.778708823607872,0.3362744887078996
5107.252991837305,-21.80161031500114,0.3410159254796054
5108.664062918081,-22.15974209399218,0.3417413143186046
5110.075133998858,-16.967508885901054,0.3397005383164537
5111.486205079635,-4.065265801649616,0.33511247033898856
5112.897276160412,15.97006787711905,0.3293601433522646
5114.308347241189,25.29150527036097,0.32624990254935404
5115.719418321965,25.760805107721296,0.32541075879115966
5117.130489402743,28.977801191000196,0.324570071744626
5118.541560483519,36.56824571425926,0.32292557335351885
5119.952631564296,27.11589613899804,0.32603865749946614
5121.363702645072,0.6602685016698047,0.33323074704324174
5122.77477372585,-17.077610278647114,0.34044519689981984
5124.185844806627,-45.61759341023475,0.3491175334863268
5125.596915887403,-46.46395061378166,0.34999004848637766
5127.00798696818,-27.113654488110456,0.3440498006828986
5128.419058048958,-25.08399394934014,0.3422960246424395
5129.830129129734,-32.207475189118554,0.34395000349363203
5131.24120021051,-6.9430332075141905,0.33663656215477383
5132.652271291287,1.191284125392258,0.3338649142923964
5134.063342372065,-16.569372748773276,0.33730890413860165
5135.474413452841,1.1488005279508684,0.33446246630696586
5136.885484533618,-7.67374731954925,0.3373306697083801
5138.296555614395,-54.07112751310126,0.35251725470673534
5139.707626695172,-68.7197692730868,0.35783519935777924
5141.118697775948,-31.341288220929584,0.34727556961584627
5142.529768856725,-39.797682016409055,0.34600967817086337
5143.9408399375025,-31.609705678799287,0.3454501310779369
5145.351911018279,-19.722401234434813,0.3410361099789405
5146.762982099056,-34.067560830211505,0.3455000830138561
5148.174053179833,-37.31137838039848,0.3467292478901601
5149.5851242606095,-23.641164380210398,0.3437046154027762
5150.996195341387,-40.45337042721064,0.347117746837571
5152.407266422163,-42.486917383597074,0.3492575257734275
5153.81833750294,-44.02539153544893,0.34894866149108417
5155.229408583717,-28.205167352900332,0.343920756932042
5156.640479664494,2.311314471053663,0.3339621074836529
5158.051550745271,14.132162242793015,0.3301787166999994
5159.462621826047,16.510704613868313,0.32917530321798344
5160.8736929068245,5.965691446031201,0.33288730216695694
5162.284763987601,-19.189360904249213,0.34045269099710157
5163.695835068378,-35.290663868540435,0.3482234825900838
5165.106906149154,-77.87818707324556,0.36564423231865
5166.517977229932,-171.30288504941416,0.4114308127387177
5167.929048310709,-210.72517591080646,0.4341960457829951
5169.340119391485,-158.47237220910478,0.4057392689044391
5170.751190472262,-136.55760094138088,0.3965531134906487
5172.162261553039,-227.4171507607024,0.4422396787195676
5173.573332633816,-223.06399823738883,0.4487847106719528
5174.984403714592,-121.08996700458204,0.38740927832452204
5176.395474795369,-51.69392802790372,0.3536840901883143
5177.806545876147,-38.46045637008854,0.3478318981895812
5179.217616956923,-44.10898992918578,0.34969150869941706
5180.6286880377,-87.21887744823425,0.36957389827124554
5182.039759118477,-171.4073182491731,0.41365299140525386
5183.450830199254,-245.69536605731554,0.46186818204941044
5184.86190128003,-208.23049847512078,0.4377652460258469
5186.272972360807,-88.75591595639173,0.37154148337312715
5187.684043441584,-29.564819342549242,0.3444378139484007
5189.095114522361,-15.868533988109277,0.3391514089371044
5190.506185603138,-18.347625193062925,0.34136798740152574
5191.917256683915,-69.6890385650355,0.35770186810135174
5193.3283277646915,-62.1831047585693,0.3581313761024076
5194.739398845469,-37.587812348140176,0.34496840071783436
5196.150469926245,-36.62783381391341,0.34640780483588296
5197.561541007022,-6.638707232068043,0.3356858780553407
5198.972612087799,14.014375080428806,0.32973906120923313
5200.383683168576,20.391365052947663,0.30790513561551064
5201.794754249353,6.959184525577825,0.3021715551950714
5203.205825330129,-19.45922788207082,0.3404869275523513
5204.6168964109065,-68.73076453110087,0.36067889185430213
5206.027967491683,-115.59778135570463,0.37891006242565717
5207.43903857246,-116.53147595704831,0.38023462756134646
5208.850109653236,-121.10536049037933,0.38159088752447595
5210.261180734014,-76.34944369253674,0.3622515976186875
5211.672251814791,-1.870708814029058,0.3355295985022001
5213.083322895567,38.09758442693294,0.32308743237401993
5214.494393976344,14.657670005060766,0.3293620516532914
5215.905465057121,-21.46192443350145,0.3401683416996318
5217.316536137898,-14.791781833387915,0.3386234084319524
5218.727607218674,18.69343950425099,0.32788054362531094
5220.138678299451,48.883018033053304,0.31970951546433346
5221.549749380229,45.543738630242046,0.3198709995302362
5222.960820461005,33.68288833109381,0.3242076413496306
5224.371891541782,-3.777062078888946,0.33598497548983025
5225.782962622558,-58.37810934264553,0.3553706009976174
5227.194033703336,-106.51607854995092,0.37080073226434107
5228.605104784112,-49.546377793369516,0.35278947098492197
5230.016175864889,2.334057950916417,0.3334751532160299
5231.427246945666,-2.317975169073577,0.33496633408153215
5232.838318026443,-37.66780888852912,0.3457488302135665
5234.24938910722,-39.20831057801081,0.3457259401808853
5235.660460187997,23.5819165105205,0.3259479583969692
5237.0715312687735,44.19859475454581,0.3200120757353241
5238.48260234955,53.505551556886644,0.31585374915533104
5239.893673430327,49.68506652535814,0.31690112422172856
5241.304744511104,49.12913011034277,0.3178070497299269
5242.7158155918805,36.26206740548554,0.32040715558119887
5244.126886672658,46.11811934785601,0.3196389933437816
5245.537957753435,45.01700419468722,0.32010314653136057
5246.949028834211,19.110916279698927,0.3267692439094048
5248.3600999149885,9.206139681657817,0.3301630197757071
5249.771170995765,7.999845270642538,0.3301338873972782
5251.182242076542,2.2696487233646394,0.3315874868585267
5252.593313157318,14.485566835765553,0.3281921916301802
5254.004384238096,14.265724091328025,0.3280974206343128
5255.415455318873,6.2598432065178145,0.328786788087893
5256.826526399649,39.49260275850082,0.32039656735220906
5258.237597480426,64.23322575147972,0.3132993656159483
5259.648668561203,52.88084612764658,0.3162110282393083
5261.05973964198,12.274746435403927,0.32824753152297476
5262.470810722756,-48.45890981427431,0.34681755288597266
5263.881881803533,-84.0425492184861,0.3608062271916443
5265.292952884311,-108.23643015749565,0.37011322512092365
5266.704023965087,-102.12575102924689,0.3696333200067355
5268.115095045864,-103.31265705742271,0.3736064829240761
5269.52616612664,-169.74453774960637,0.401001425120311
5270.937237207418,-153.15414025015087,0.39042360115325464
5272.348308288194,-48.160711129635104,0.3528346281566512
5273.759379368971,-24.935004071736785,0.33868183327545764
5275.170450449748,-22.339630790231695,0.3373699854119819
5276.581521530525,-8.633541278574285,0.330977935541881
5277.992592611302,47.87298292938152,0.318181985744279
5279.403663692079,48.64509077802569,0.3168553112780721
5280.814734772855,7.966260118374237,0.32806707207349517
5282.225805853632,-30.709813419414786,0.33963318722861346
5283.636876934409,-38.40125925637926,0.3414582144196593
5285.047948015186,5.851129650247287,0.3289756788382299
5286.4590190959625,49.24143533225151,0.3163513310941598
5287.87009017674,57.18973180270086,0.3137214976481262
5289.281161257517,54.654296667544486,0.31374219665746966
5290.692232338293,61.03927273005479,0.3124115398153561
5292.10330341907,52.90403019252574,0.3142444081473918
5293.514374499847,45.9348112377408,0.3161024028153882
5294.925445580624,33.392888406830195,0.32022642224277437
5296.3365166614,-4.917114227424747,0.3313845518572624
5297.7475877421775,-53.30996728652764,0.3475200415799278
5299.158658822955,-38.28065024638806,0.3410893780646542
5300.569729903731,2.7276793631428404,0.3299420575029859
5301.980800984508,-4.657638495988408,0.3299125176925664
5303.391872065285,15.514310887052943,0.3246177428398949
5304.802943146062,54.62733666986878,0.3126673576769935
5306.214014226838,58.03338009907884,0.313272256479443
5307.625085307615,46.148343620108335,0.3151266657995053
5309.036156388393,50.12497984460981,0.31458359299545885
5310.447227469169,61.56862909239419,0.31108713698714097
5311.858298549946,55.315960446530084,0.313415447818642
5313.269369630722,50.16470289995311,0.31345259328501207
5314.6804407115,42.13761380010959,0.316385300015319
5316.091511792276,29.925330137094647,0.3193560648819754
5317.502582873053,31.9515819257943,0.3187325757645268
5318.91365395383,44.37695455763907,0.31534238969140144
5320.324725034607,34.14784457027082,0.3182818581680265
5321.735796115384,19.8045538334282,0.32250998459354663
5323.14686719616,-14.017967390352453,0.33284604381937605
5324.557938276937,-56.39820043503454,0.34662998779218784
5325.969009357714,-49.70535798685751,0.34597258426833294
5327.380080438491,-98.9948724111295,0.3650684547795739
5328.791151519268,-145.16335527408353,0.38393343472665553
5330.2022226000445,-61.24328501399884,0.35217866294872435
5331.613293680822,0.4015105847503264,0.3284194919005405
5333.024364761599,11.048696789566748,0.323922802031132
5334.435435842375,28.474029055034293,0.3195524378018251
5335.8465069231515,43.7259574598379,0.31522841241834004
5337.257578003929,40.280349333250456,0.31666485265183325
5338.668649084706,10.202632921641396,0.3250399478549506
5340.079720165482,-38.76399495452233,0.3393015999035898
5341.4907912462595,-48.886878160294145,0.34250842083573985
5342.901862327037,2.277231203342012,0.32827896797214356
5344.312933407813,15.991570358722925,0.3235015136153167
5345.724004488589,-0.13347525631616008,0.3268734655164193
5347.135075569367,-1.5154989575523814,0.32822295316426064
5348.546146650144,-9.368287246847672,0.33021268250415325
5349.95721773092,-7.915733211017255,0.32907522763960345
5351.368288811697,22.64074661512717,0.2923124913285684
5352.7793598924745,34.863877963206676,0.2906360234855413
5354.190430973251,34.495610324755546,0.3167501489260202
5355.601502054028,50.94831436022304,0.31339706641641235
5357.012573134804,54.86151867217933,0.31181320539996354
5358.423644215582,53.82870443349702,0.31175333486152196
5359.834715296358,54.29714509499695,0.312374342674472
5361.245786377135,32.63282041072216,0.3169693678915464
5362.656857457912,19.085569473607904,0.3215392839997932
5364.067928538689,6.439184435644677,0.325068953233738
5365.478999619466,-8.782751787980317,0.3297646290972086
5366.890070700242,-14.156076956617767,0.33138946863305524
5368.301141781019,-20.70147238596661,0.3347312862416534
5369.712212861796,-60.38621288537081,0.3484900789577379
5371.123283942573,-110.7736880891116,0.3670143514878989
5372.53435502335,-78.9370232871238,0.35287589185811924
5373.945426104126,4.205918750765306,0.3275833860988098
5375.356497184904,32.566539937123935,0.3179995793601396
5376.76756826568,30.54144903520637,0.3182990371233966
5378.178639346457,25.060208126165605,0.31927765941304054
5379.5897104272335,28.32604864633248,0.3189422535406085
5381.000781508011,17.38122814360719,0.32165128480687444
5382.411852588788,-2.9736635978575237,0.32818770730820107
5383.822923669564,-15.389970570632897,0.3314245450441405
5385.2339947503415,12.8938694522123,0.3236130974964966
5386.645065831119,27.663715915649277,0.31905012649029124
5388.056136911895,12.531775127676951,0.32352445610197966
5389.467207992671,2.0463939134019142,0.326557432452349
5390.8782790734485,-12.045494385957682,0.33052425557603893
5392.289350154226,-29.145329075947984,0.3362321411117285
5393.700421235002,-38.01171080151073,0.33921640730428393
5395.111492315779,-36.509150957563804,0.3393412530863257
5396.5225633965565,-56.23335446701924,0.345017010106566
5397.933634477333,-65.46477392617555,0.3486112963627946
5399.34470555811,-25.017729574806822,0.33561039895677675
5400.755776638886,-4.397801947288542,0.3289624375522528
5402.166847719664,-6.937917339890475,0.328726173806036
5403.57791880044,-29.637365248766457,0.33923310303018994
5404.988989881217,-96.49141262487814,0.35851986401115443
5406.400060961994,-95.08335005110905,0.3596314958849083
5407.811132042771,-52.65672077717426,0.346324725009685
5409.222203123548,-48.2951939188124,0.343627954997816
5410.633274204324,-57.77132171956379,0.3440001770697214
5412.044345285101,-15.093333761032795,0.332808706152925
5413.455416365878,9.447076019760061,0.3252294369427756
5414.866487446655,-13.394800032424257,0.33012440308837104
5416.277558527432,-9.496673364191167,0.32848230683457635
5417.688629608208,19.449518587152454,0.3213006340412393
5419.099700688986,18.01135684740342,0.3215316107818359
5420.510771769762,3.6374628063190926,0.32480791038171564
5421.921842850539,1.891450802153031,0.3264452230282134
5423.3329139313155,-15.487866545013674,0.3317695661549261
5424.743985012093,-40.60136652624141,0.33896058483549474
5426.15505609287,-0.715859384261762,0.32672515657240453
5427.566127173646,9.1453466017565,0.32423837623662927
5428.9771982544235,-43.69592860246388,0.34102627634747956
5430.388269335201,-66.6760699166507,0.3482958874078679
5431.799340415977,-19.929530812104645,0.33335915434052715
5433.210411496753,-34.85134341645522,0.3374767679336325
5434.6214825775305,-64.1270359222666,0.34643933821885464
5436.032553658308,-45.942060560087384,0.3422141645261519
5437.443624739084,-8.291835043825415,0.3286598231139417
5438.854695819861,25.60536861569102,0.31974233722365697
5440.2657669006385,34.073183169801325,0.3167634217076597
5441.676837981415,28.720669890741874,0.3181439305983588
5443.087909062191,23.902637515475817,0.32051653210111475
5444.498980142968,-2.890843368808305,0.3288307443499001
5445.9100512237455,-57.181565456305236,0.3459724328185714
5447.321122304522,-78.70288616287775,0.3514804386038068
5448.732193385299,-20.96507263181701,0.33521424406624384
5450.143264466076,27.370842039270315,0.3205712738000083
5451.554335546853,29.812058767685755,0.3187496904059486
5452.96540662763,17.932421442390705,0.3223330288123988
5454.376477708406,-18.108731132590947,0.3347532712295146
5455.787548789183,-67.30659831567806,0.34584450490044183
5457.19861986996,-18.787064561337786,0.3347925718301371
5458.609690950737,23.9816199935226,0.3211620536304078
5460.020762031514,26.74918410623758,0.3196109659886666
5461.43183311229,4.309154093976815,0.32560576725064044
5462.842904193068,-24.07070046540514,0.3337219343484215
5464.253975273844,-21.511735733433397,0.3336636830539544
5465.665046354621,1.3226210984315117,0.3264944591810894
5467.0761174353975,11.315304093751422,0.32519930072421205
5468.487188516175,16.46065530344839,0.3216753918516212
5469.898259596952,16.745656052225797,0.32290419144013727
5471.309330677728,0.846604966285156,0.327090493495904
5472.720401758505,5.170284540183502,0.3262894419779394
5474.131472839282,-5.784158294901033,0.3302231890519259
5475.542543920059,-25.09747301683609,0.33658480018929876
5476.953615000835,-56.026158720841465,0.3461086872461239
5478.3646860816125,-35.147230805077584,0.3398122054931248
5479.77575716239,6.6346911984900885,0.3280385030829983
5481.186828243166,-19.394348353885334,0.3329110262426492
5482.597899323943,-22.627583035059445,0.33461282078367566
5484.0089704047205,5.127222400118967,0.3269469036026911
5485.420041485497,20.13324134923039,0.3224604635679059
5486.831112566273,7.415419421049137,0.3254177344004562
5488.24218364705,-2.871157764675104,0.32839916856297463
5489.6532547278275,8.245935761825308,0.3258818582076229
5491.064325808604,18.84532043291813,0.32301592240645816
5492.475396889381,23.56810504069341,0.32248632008954914
5493.886467970158,11.278727613650346,0.32501555653563674
5495.297539050935,12.14922185985489,0.32528705104843714
5496.708610131711,5.061836464861415,0.3272133041704922
5498.119681212488,1.1362098679085193,0.32808065220302945
5499.530752293265,11.59529143966239,0.32547613136168785
5500.941823374042,7.566968157321355,0.32622676449108184
5502.352894454819,-11.134038442848464,0.3317930099557244
5503.763965535596,3.5297840568205743,0.32704127506737435
5505.175036616372,4.581331343413183,0.3274955717239794
5506.58610769715,-19.297009518940456,0.3339817680039224
5507.997178777926,-13.358365463498956,0.3330174366261846
5509.408249858703,10.645634366112745,0.3259485680549089
5510.819320939479,-0.3355688251801894,0.329356508892289
5512.230392020257,-24.24382286085438,0.33634337131381564
5513.641463101034,-29.9734502538833,0.3383125551796087
5515.05253418181,-11.470169482200049,0.3328163145476139
5516.463605262587,7.939914774043814,0.32683568586376044
5517.874676343364,24.27240210106487,0.3218258104554775
5519.285747424141,29.255460924335353,0.32065957834589365
5520.696818504917,25.088801505961783,0.3213705912164249
5522.1078895856945,21.3622757655217,0.3223783975457036
5523.518960666472,19.39143035036807,0.32315698243950525
5524.930031747248,15.124202110077192,0.32477549155083196
5526.341102828025,-4.896823496537593,0.3311426811232567
5527.7521739088015,-45.710072334407016,0.34396307959640005
5529.163244989579,-55.060592629698135,0.3458453410081748
5530.574316070355,-4.7559363147998965,0.33110645168905506
5531.985387151132,14.235640733928506,0.32532932804860804
5533.3964582319095,9.474769425921238,0.3261654175338526
5534.807529312686,5.1476447607950035,0.3273770426232046
5536.218600393463,3.607958403794555,0.3280558031455147
5537.62967147424,8.458818171169241,0.32623109359164976
5539.040742555017,16.908235177455595,0.3211900968063929
5540.451813635793,24.223333034420307,0.32081976650671995
5541.86288471657,25.865353520157896,0.32159196044680416
5543.273955797347,9.001111189566814,0.32552072893838424
5544.685026878124,5.461283341468459,0.32701420241724155
5546.096097958901,17.20534433657275,0.3239045040776882
5547.507169039678,13.717165368749988,0.32382322507635114
5548.918240120454,28.563148669124985,0.320754202672108
5550.329311201231,32.703801512640666,0.31912590988174705
5551.740382282008,25.962663670546647,0.32094114063738205
5553.151453362785,12.55492318695002,0.32503590905670604
5554.562524443561,-2.6221761755491,0.32914035433445615
5555.973595524339,-0.7224263247014733,0.3290339399906359
5557.384666605116,12.457213198829606,0.3256600383990276
5558.795737685892,9.908046597217037,0.32634128940784657
5560.206808766669,14.365150754948559,0.32407319791210765
5561.617879847446,12.861419798068482,0.3258322143063887
5563.028950928223,-12.32641161064629,0.3329199034012542
5564.440022008999,-16.877045867774882,0.3342263582425952
5565.851093089776,-15.78788990781942,0.3339756179468331
5567.262164170554,-17.053099479113712,0.33430402590722585
5568.67323525133,-19.65180381053335,0.3354589421053894
5570.084306332107,-33.40498583509276,0.33930971022100503
5571.4953774128835,-18.15879826153804,0.3367603084903615
5572.906448493661,-46.00305864598727,0.34253225232613643
5574.317519574437,-32.220706371298775,0.3405583723512379
5575.728590655214,-12.803729405308673,0.3326681583875783
5577.1396617359915,-8.272070225609696,0.32661536499065147
5578.550732816768,13.211505768064967,0.318661403502365
5579.961803897545,20.03384138932472,0.31931407004831247
5581.372874978321,7.48403943518116,0.32561711531900744
5582.7839460590985,0.7601288080902577,0.32861219316926454
5584.195017139875,3.0516066031536297,0.329141585912736
5585.606088220652,-22.306917604224225,0.3383228752017953
5587.017159301429,-84.94201148243968,0.35872795139791186
5588.428230382206,-90.30994826948944,0.36174626641382157
5589.839301462983,-60.055891130074485,0.35024044024076967
5591.25037254376,-27.52196146280795,0.3390242359379555
5592.661443624536,-19.57876475421847,0.33610603922337573
5594.072514705313,-32.502714154463035,0.3395283211764256
5595.48358578609,-18.59677661967993,0.3364702963046188
5596.894656866867,-1.5158371774049897,0.33019667624345495
5598.305727947643,-16.517148162433216,0.33488319809093425
5599.716799028421,-32.46038087995419,0.3394870122284206
5601.127870109198,-28.693872734328977,0.34040739466966685
5602.538941189974,-46.86763311605404,0.34352352798399666
5603.950012270751,-24.233018636556494,0.3377502527612033
5605.361083351528,11.482455891245138,0.32690960577794975
5606.772154432305,23.024936753387976,0.32310124430876075
5608.183225513081,17.68817592435596,0.3237600178303643
5609.594296593858,20.51236809755335,0.3233344464539649
5611.005367674636,18.81430624323798,0.32368577895945033
5612.416438755412,16.874726255483836,0.32432516717751014
5613.827509836189,-6.669498604597607,0.33240844156427507
5615.2385809169655,-72.38194536744419,0.35476286730827994
5616.649651997743,-79.62465816784788,0.3575156495524272
5618.060723078519,-20.73724015196956,0.33640645733799224
5619.471794159296,-8.890964030086707,0.3323511423251867
5620.882865240073,0.06439850396310476,0.3293536938083947
5622.29393632085,6.612850039903776,0.3285380645268965
5623.705007401627,-20.222301671508774,0.3359058837051888
5625.116078482403,-41.90356696721847,0.34252543749364966
5626.5271495631805,-22.39660289418407,0.3374178880235118
5627.938220643957,-0.04223404230191363,0.3303367581947058
5629.349291724734,10.105456097842762,0.3265959984577505
5630.760362805511,22.670381004780893,0.32332014178973634
5632.171433886288,17.128957555198724,0.32490601351856524
5633.582504967065,6.552016344145784,0.32767706993175494
5634.993576047842,-0.7402793355852282,0.33007605333897055
5636.404647128618,-4.7266639366085315,0.3312363330696525
5637.815718209395,-10.11781567725535,0.3332005295809318
5639.226789290172,-0.7221013586961931,0.3299406897682044
5640.637860370949,5.842254617720926,0.32800137490253356
5642.048931451725,-4.5293109316346545,0.33094772155745467
5643.460002532503,-7.8663614411348135,0.33189856170245513
5644.87107361328,-0.5490336251253893,0.32983836266466326
5646.282144694056,6.01289707774464,0.3278912668595202
5647.693215774832,6.960858283005905,0.32792136862473364
5649.10428685561,-0.9290046308137789,0.3297337053936757
5650.515357936387,-2.3231681008308556,0.3301186592496694
5651.926429017163,9.233837544131461,0.32738849680161597
5653.33750009794,7.103645815597474,0.32816466143211576
5654.748571178718,-7.066087055066873,0.33182673602244767
5656.159642259494,-10.235831219462739,0.3336136077056895
5657.570713340271,-31.306127376624318,0.34027747814231146
5658.981784421047,-47.761150670475615,0.34600931511538074
5660.392855501825,-30.845333255546052,0.33917929417669546
5661.803926582601,-22.844520180102677,0.33811045647375193
5663.214997663378,-25.690145973588756,0.3378033683687727
5664.626068744155,-2.5147101470304847,0.33147766870540635
5666.037139824932,7.34830569907524,0.3274642014623957
5667.448210905709,3.384170851993815,0.32905677450248855
5668.859281986485,-0.06712428735539788,0.32975638119767237
5670.2703530672625,2.118235608880923,0.3291370086603108
5671.681424148039,7.771502948482635,0.32756815403588757
5673.092495228816,15.3407118243735,0.3256146197338423
5674.503566309593,11.496683951113425,0.32680376472524975
5675.9146373903695,4.992789184193725,0.32672367003805275
5677.325708471147,16.82685792650898,0.3240617275138188
5678.736779551923,8.017361595552586,0.326727159611942
5680.1478506327,2.2277902852516718,0.32966645408821477
5681.558921713477,-4.431383102492191,0.3312167596941161
5682.969992794254,-15.70995405902363,0.3354930943819284
5684.381063875031,-14.408512315108453,0.33414058554064924
5685.792134955807,-6.205267079836062,0.33216856152409596
5687.203206036585,-16.465787022862457,0.3351530218661546
5688.614277117362,-24.871808888278508,0.33778416207366807
5690.025348198138,-13.778297863326202,0.33449003837630464
5691.436419278914,-2.5209184668538,0.33096185255571137
5692.847490359692,6.986098167739499,0.3281233758998638
5694.258561440469,8.112536651711594,0.3272469231553213
5695.669632521245,10.796359386014842,0.32713809142024225
5697.080703602022,3.0629270144224847,0.3292073787436056
5698.4917746828,-9.528722758442939,0.33313844522510017
5699.902845763576,-16.23411055642515,0.33468586393937694
5701.313916844352,-20.727926510459838,0.3372110633846015
5702.724987925129,-20.93272321031128,0.3363688245544496
5704.136059005907,-12.947347932141952,0.33407414587231454
5705.547130086683,-18.631500245259986,0.3362195071754258
5706.95820116746,-31.04841938346408,0.3399432317323439
5708.369272248237,-41.70896786326608,0.3439446327250684
5709.780343329014,-50.67239303525349,0.3469351226327938
5711.191414409791,-47.35389508065077,0.34537887623994856
5712.602485490567,-30.639774167398173,0.3403464872728122
5714.013556571344,-8.979172097696335,0.33291194818191716
5715.424627652121,4.714806273498823,0.3295936145966182
5716.835698732898,0.19023403491291901,0.32932791397175015
5718.246769813675,1.3925879266107586,0.3295484436912084
5719.6578408944515,6.188509611144525,0.3280447626910468
5721.068911975229,14.230641405861206,0.32543608371746263
5722.479983056005,16.045908895487855,0.3253266939205641
5723.891054136782,16.372036534410825,0.3246906707229634
5725.302125217559,13.524574488175176,0.32611433043691335
5726.713196298336,1.13182172955959,0.32940854760867505
5728.124267379113,1.2951568369089728,0.3295103150142293
5729.535338459889,10.372646544088866,0.32738167341142066
5730.9464095406665,1.8179401734429916,0.32906604944399553
5732.357480621443,-6.740029636583415,0.3311703135876563
5733.76855170222,8.076955860393866,0.3278871024005872
5735.179622782996,12.149420884267784,0.3259713794240838
5736.590693863774,14.285962070616279,0.3256940067555448
5738.001764944551,8.743723602540229,0.32724414095461934
5739.412836025327,6.083596799042368,0.32727672635277827
5740.823907106104,19.22519008617229,0.32414868357818294
5742.234978186882,12.613737709344491,0.32600277671512057
5743.646049267658,8.04759906337057,0.32682961831121504
5745.057120348434,18.433784566030624,0.32477170675008693
5746.468191429211,13.202981013742658,0.32513391315237755
5747.879262509989,-0.7654601462377286,0.3295083291093573
5749.290333590765,1.2211313823736418,0.32879587464106713
5750.701404671542,12.048525474650432,0.3266387312181728
5752.112475752319,-0.35628653680424804,0.3298687916527023
5753.523546833096,-22.196267894176515,0.3359373015491737
5754.934617913873,-20.192018836684213,0.33514583276062615
5756.345688994649,0.013442181182938384,0.3298691749365033
5757.756760075426,12.262054829078068,0.32592566693934294
5759.167831156203,7.82873413017569,0.32753756062237466
5760.57890223698,-1.2842397842974265,0.3294011166188489
5761.989973317757,-17.980781310800694,0.33612581119274615
5763.4010443985335,-24.98010448517624,0.33699176254043345
5764.812115479311,-5.988439558886057,0.33156271647245716
5766.223186560087,15.91962595980874,0.32496771614025394
5767.634257640864,16.546167983214616,0.3239760708090219
5769.0453287216405,16.79532310499104,0.3241406344024606
5770.456399802418,14.490981838298524,0.3246758454827471
5771.867470883195,7.170245523637902,0.3268366916123099
5773.278541963971,0.41866038376002734,0.32912137270131714
5774.6896130447485,-7.0825025637521435,0.33108605596191565
5776.100684125525,0.17940790265322448,0.32914244235331347
5777.511755206302,9.269078935556706,0.32658262715594116
5778.922826287078,0.2194057911167988,0.3291895377827002
5780.333897367856,-16.24255133493051,0.33465357559262576
5781.744968448633,-37.89454979612367,0.34106664411239923
5783.156039529409,-28.86862353413204,0.3395210672357236
5784.567110610186,-32.638078723101444,0.33904582455757254
5785.978181690963,-32.70431210438062,0.33974232526087206
5787.38925277174,-19.326749278187947,0.3352968174734873
5788.800323852516,-6.944293844647746,0.3316289813856378
5790.211394933293,-10.101452036593344,0.33250919016604086
5791.622466014071,-22.315260695576626,0.3351228353830446
5793.033537094847,-12.406301561929183,0.3325301838769644
5794.444608175624,-0.988675728570513,0.32915482374296423
5795.855679256401,2.4198155499717586,0.3277634417762458
5797.266750337178,2.97663204423219,0.3277685939468469
5798.677821417954,2.569635975996391,0.3280571457527502
5800.088892498731,8.823513822424047,0.3258447682416698
5801.499963579508,17.741981979128184,0.3238732077427348
5802.911034660285,11.646015348844003,0.32550794014472406
5804.322105741062,-6.81753590205426,0.3302261453780541
5805.733176821839,-8.493682050245184,0.33171554516072393
5807.1442479026155,-7.096731804635056,0.33083677305684656
5808.555318983393,0.0,0.3291028959749863
5809.966390064169,7.69389098599072,0.32678899196483335
5811.377461144946,11.873341647125812,0.32483014563553764
5812.7885322257225,12.430738133157035,0.3249094642971666
5814.1996033065,6.1315767939702255,0.3265058177399957
5815.610674387277,-9.037036869662472,0.3320418822390644
5817.021745468053,-9.557791973815142,0.33893154170700385
5818.4328165488305,-0.8901548468782607,0.34218197826833374
5819.843887629607,9.190488945327672,0.34040325879694766
5821.254958710384,10.50598388002652,0.340541851446935
5822.66602979116,3.708666853053387,0.3428007167905704
5824.077100871938,3.892483668425939,0.34359904767638455
5825.488171952715,5.048998742924709,0.34421657303334807
5826.899243033491,2.921698661338212,0.3446402851042929
5828.310314114268,10.466037743217726,0.3436103119873993
5829.721385195045,4.996587708299273,0.32483704996366164
5831.132456275822,12.419536238552894,0.33833775148971085
5832.543527356598,12.78301472848267,0.32259761587362873
5833.954598437375,6.868544044038572,0.32323370745879093
5835.365669518153,5.055612546147927,0.34773091903908
5836.776740598929,2.88213648476858,0.34923812743696464
5838.187811679706,-2.0631444157051533,0.3510110975824849
5839.598882760483,0.34856031046336966,0.3514990133395577
5841.00995384126,4.18105367126941,0.35041675903930436
5842.421024922036,7.5969163635271,0.3501927054423243
5843.832096002813,9.360407597413769,0.34959515962267323
5845.24316708359,8.235722444240025,0.3513167338855971
5846.654238164367,4.034827115320809,0.352970284005011
5848.065309245144,1.222367392030037,0.35454740554552727
5849.476380325921,2.534810422487567,0.35484279418646364
5850.887451406697,1.0366269115398836,0.35617136467871263
5852.298522487474,-0.6721788050360828,0.3575486977424571
5853.709593568251,-6.523219113093205,0.3598056776352083
5855.120664649028,-8.600582702369252,0.3617435324777111
5856.5317357298045,-23.646826759044927,0.3671358371063309
5857.942806810582,-38.56051474777553,0.3727737223128225
5859.353877891359,-27.453580596588836,0.36853427462055355
5860.764948972135,-4.374222992955993,0.3631398188506633
5862.1760200529125,-1.4982015550975234,0.3609149840433395
5863.587091133689,11.113877424641998,0.3590183912740743
5864.998162214466,11.205785460187826,0.3579168181900388
5866.409233295242,1.755451084154231,0.3624396038893982
5867.8203043760195,1.9166409232329897,0.36197121939872384
5869.231375456797,15.518864585767744,0.35911318053113495
5870.642446537573,23.877938540277853,0.357529427125493
5872.05351761835,17.490955596803587,0.3594291065622109
5873.464588699127,17.15291164040127,0.3606623722831805
5874.875659779904,17.00884092350475,0.3616424458092456
5876.28673086068,14.026144896400126,0.36266053129491926
5877.697801941457,11.310297923938663,0.3645709000344664
5879.108873022235,6.625548720233496,0.3662471867682455
5880.519944103011,2.2568985527261702,0.3686980955337854
5881.931015183788,0.3066320593389946,0.37034126420081154
5883.342086264564,-5.90868682762806,0.3726897529364561
5884.753157345342,-11.539591970193499,0.375574967212615
5886.164228426118,-18.003732685768966,0.3799552453178699
5887.575299506895,-55.94214789149112,0.3975827006441439
5888.986370587672,-147.9931598153447,0.4369184762701246
5890.397441668449,-198.34367130075293,0.4574680120454512
5891.808512749226,-152.58125401766944,0.4341726589628398
5893.219583830003,-92.93717798316447,0.4128330248271528
5894.630654910779,-107.81865145050648,0.4203135004065512
5896.041725991556,-155.93135105881004,0.43614650271461614
5897.452797072333,-120.77181472242552,0.4244145451191221
5898.86386815311,-59.58557146420503,0.3994602917472001
5900.2749392338865,-27.088159940821583,0.388742705880455
5901.686010314664,-10.480251243128919,0.3823933756615792
5903.097081395441,-3.635086346656351,0.3804611663085336
5904.508152476217,-1.5178117286042152,0.3796809513923671
5905.9192235569935,0.46528893183261744,0.37967800299584703
5907.330294637771,2.2697018223253167,0.3797609882389622
5908.741365718548,4.330600771867012,0.3790710884334342
5910.152436799324,6.362189089455626,0.37934873032596916
5911.5635078801015,5.927174165142958,0.37993004984883016
5912.974578960879,-0.10350556714388404,0.38259153582831407
5914.385650041655,-10.384461890269336,0.38603472213142254
5915.796721122432,-11.80483403643683,0.387095644778558
5917.207792203209,-4.149654120398168,0.38530896916205165
5918.618863283986,1.7829340617710159,0.38399050793755296
5920.029934364762,2.640449406216476,0.3839373768689682
5921.441005445539,3.134864810219426,0.3846509402466637
5922.8520765263165,4.766906507360147,0.38424999366506296
5924.263147607093,5.787653927392341,0.3843633437807686
5925.67421868787,6.27670332409906,0.38470205659207674
5927.085289768646,10.976006327160178,0.38415617188752704
5928.496360849424,0.8448964675142747,0.3878890191821856
5929.9074319302,-5.483562572699668,0.3906611947294743
5931.318503010977,0.2942974291398741,0.3894147619688682
5932.729574091754,3.3417516990710965,0.38970227168249005
5934.140645172531,-2.728797879057936,0.39106370382561223
5935.551716253308,-0.03958002723362597,0.3905888868953818
5936.962787334084,8.25092734702514,0.38908847914898614
5938.373858414861,14.567399489828745,0.38571989655147715
5939.784929495638,13.014119196710908,0.38760463054070177
5941.196000576415,3.8537225887376394,0.38998115839913255
5942.607071657192,-5.516015308053454,0.3920364279271272
5944.018142737968,-4.373778571359821,0.37698812210457594
5945.429213818746,5.6896563713277715,0.37650800152576147
5946.840284899523,12.117013089891088,0.38750710792215687
5948.251355980299,-2.475504724794689,0.3929161419872156
5949.6624270610755,-8.89151647467122,0.39506418836227475
5951.073498141853,-1.045301821602493,0.3927277029085385
5952.48456922263,-7.5811377818849905,0.3942821557857814
5953.895640303406,-3.6016331183489,0.39336314949753737
5955.3067113841835,0.9916080962831302,0.3917475470237091
5956.717782464961,-0.9810967438864395,0.3927330229609602
5958.128853545737,-4.5968353102028345,0.39394441942012354
5959.539924626514,-2.1729446852166348,0.39348933485329846
5960.9509957072905,3.976083747774396,0.39112751012767366
5962.362066788068,10.280169294722384,0.38883166708492534
5963.773137868844,12.887871372044117,0.3881757308890065
5965.184208949621,7.137054817123158,0.39016076862823473
5966.5952800303985,3.0611833671158024,0.39141955757969277
5968.006351111175,5.021116851287218,0.39099758549192043
5969.417422191952,7.766779868398601,0.39021172782054825
5970.828493272728,9.030398234732331,0.3898987424181383
5972.239564353506,9.297811340646547,0.38980403270105307
5973.650635434282,8.091366448830797,0.39051617567007024
5975.061706515059,0.3033345170616144,0.3936508239394416
5976.472777595836,-17.970202418189785,0.39977234552089796
5977.883848676613,-15.111067017028518,0.3991694293498878
5979.29491975739,-6.960845518887368,0.3965128753600696
5980.705990838166,1.4160493290553404,0.3934765574294022
5982.117061918943,3.769147460778413,0.39308977138453166
5983.52813299972,-10.493390044862451,0.3976116478754114
5984.939204080497,-21.290816597948663,0.40153159731928145
5986.350275161274,-16.269359487823124,0.40009254351362283
5987.76134624205,-9.540269635377797,0.39759220230805287
5989.172417322828,2.319901517045537,0.39314704579198545
5990.583488403605,10.172106868908202,0.39018154918295234
5991.994559484381,4.272280352771759,0.39202137609823823
5993.4056305651575,4.731014494670433,0.39181862466561684
5994.816701645935,8.762506407718774,0.3914213477146346
5996.227772726712,1.8824240262213152,0.3927257709933171
5997.638843807488,-7.0137817316262385,0.3970879311365387
5999.049914888265,-5.773368925895852,0.39621288271527383
6000.460985969043,1.1566950413177892,0.3943369731085384
6001.872057049819,-3.6664183584907732,0.39625452522215426
6003.283128130595,-11.622181349686684,0.3986400593204719
6004.6941992113725,-7.822851067733325,0.39822489070105505
6006.10527029215,-6.566146983523026,0.39743791747187907
6007.516341372926,-16.85237408080377,0.4014928324567725
6008.927412453703,-22.94018795574698,0.4027289564364041
6010.3384835344805,-8.577319404331718,0.39843843926225114
6011.749554615257,1.1515704115339531,0.3952950711562853
6013.160625696034,-7.678951073500286,0.3976443619850635
6014.57169677681,-12.407827007749859,0.39909857121846626
6015.9827678575875,-12.805009648943951,0.3998305963317468
6017.393838938364,-12.956299475309436,0.39989929465559315
6018.804910019141,-13.333385984003144,0.4001379102553815
6020.215981099918,-22.257503682073775,0.40333421819008297
6021.627052180695,-28.82918143591496,0.4059411372487047
6023.038123261472,-23.727804585487377,0.4044813885443453
6024.449194342248,-16.403867337154452,0.40164995437564177
6025.860265423025,-11.953693321444348,0.3993262041835633
6027.271336503802,-5.9515955056119765,0.3962934383544141
6028.682407584579,-1.0775607592114511,0.39402709738333297
6030.093478665356,2.0001076808710536,0.39230880480154096
6031.504549746132,4.968032915832794,0.3910970805469977
6032.91562082691,4.169900147985743,0.39072665135989626
6034.326691907686,9.970903349346713,0.38850778053663226
6035.737762988463,8.911557273214612,0.38825529635602823
6037.1488340692395,3.5908924314786645,0.3894155803703686
6038.559905150017,4.177111657980561,0.3896338747828697
6039.970976230794,5.1153024291218685,0.38715632207486944
6041.38204731157,3.1739726075174985,0.38474708373334304
6042.793118392347,0.38461142531861015,0.3881975804374173
6044.204189473125,7.090457567875603,0.3865189513078898
6045.615260553901,15.234532210339069,0.3838227001232569
6047.026331634677,17.808492232134995,0.3822070421784203
6048.4374027154545,14.96550414221116,0.382441976992071
6049.848473796232,9.914894169246224,0.3839039374376392
6051.259544877008,7.946078772123599,0.38391471697724294
6052.670615957785,9.072824334270706,0.38351208488083494
6054.081687038562,8.606396083698712,0.3830511355944255
6055.492758119339,-0.3476957321405507,0.3859923844253322
6056.903829200115,-5.628564151964554,0.38659683090113994
6058.314900280892,6.60678417535604,0.38236503674069666
6059.7259713616695,14.87279450483527,0.37892602517161866
6061.137042442446,16.40201902302914,0.3779683358437
6062.548113523223,10.589795041268701,0.3797898177702247
6063.959184604,-1.3256780550780718,0.3831695428833838
6065.370255684777,-15.274934900392111,0.3876290149555433
6066.781326765553,-16.6837774048239,0.38673111707143953
6068.19239784633,11.419675694691023,0.37840496203638496
6069.603468927107,16.22957168950802,0.37474063814688624
6071.014540007884,14.57936654167571,0.37452077149775415
6072.425611088661,15.351506362854707,0.37401476308576237
6073.836682169438,17.8203697450071,0.37176020133819765
6075.247753250214,20.116244110664468,0.3674871155912181
6076.658824330991,16.23746673616813,0.37116323442559757
6078.069895411769,-3.418139513673907,0.37775348681387483
6079.480966492545,-5.424634334567713,0.37809896390003805
6080.892037573321,-0.10347179152216768,0.37592240598334686
6082.303108654099,1.6971278557948608,0.3739732575957504
6083.714179734876,0.5328219770540272,0.3749301471995425
6085.125250815652,-8.95730052609872,0.3764692322494142
6086.536321896429,-4.5896813606321984,0.3746734932469369
6087.947392977207,7.380431809782181,0.37093269826919034
6089.358464057983,0.0,0.3725490644011785
6090.769535138759,-13.972113159811897,0.3760038147037987
6092.1806062195365,-9.827344762576786,0.37462306126156514
6093.591677300314,-5.587853138125297,0.37162915371182775
6095.00274838109,6.693608605368411,0.3662306431177458
6096.413819461867,5.421678981620005,0.339576361286836
6097.824890542644,6.450632914480423,0.34003987087855486
6099.235961623421,10.9185174456901,0.3404629911932897
6100.647032704197,-4.364449332601396,0.3701598017106187
6102.058103784974,-38.26016608043727,0.3803570961021919
6103.4691748657515,-39.92220103254158,0.38001627779804126
6104.880245946528,-7.041643499374459,0.36743088273450725
6106.291317027305,13.539227972673189,0.35993650893226314
6107.702388108082,9.514473201988324,0.36089494999592353
6109.1134591888585,3.3748392063821484,0.3624853451307065
6110.524530269635,6.69538014155745,0.36153543619468476
6111.935601350412,8.43204403268544,0.35940053761292784
6113.346672431189,9.2486663621591,0.3606272694594971
6114.757743511966,7.71342451793555,0.3595460629727209
6116.168814592743,4.166160917239949,0.3615599548850072
6117.57988567352,3.4146120750716022,0.3610493637345672
6118.990956754296,4.613677032824569,0.36082980019175764
6120.402027835073,-12.549474773103157,0.3668445081204407
6121.813098915851,-35.15473173507502,0.37467135395550116
6123.224169996627,-38.26904849774536,0.3754190999646967
6124.635241077403,-18.363914912018117,0.3674998039928319
6126.046312158181,1.3185013001802304,0.36122809351524654
6127.457383238958,-1.5569366532558888,0.3600160549418629
6128.868454319734,-0.9877333804241175,0.36000112985768934
6130.2795254005105,1.643096585319256,0.3582068363395519
6131.690596481289,9.081070284621262,0.3558008794850339
6133.101667562065,11.724580161238919,0.3547135658048343
6134.512738642841,-0.27872375587372744,0.35844542357990206
6135.923809723618,-22.574756191916492,0.3669148871162146
6137.334880804396,-48.430837861369525,0.3759045456345836
6138.745951885172,-36.28395704516282,0.37229291691799693
6140.157022965949,-13.330454899891208,0.36076888315852707
6141.568094046726,-7.738590272817362,0.36019956708454726
6142.979165127503,-11.728761409206129,0.35850391840269147
6144.390236208279,0.07863154299616326,0.3530056711660378
6145.801307289056,6.9731073523162195,0.35020337508080884
6147.2123783698335,10.046104643055685,0.34568853313509645
6148.62344945061,12.55021415228822,0.31518095134707763
6150.034520531387,10.20454090907731,0.31896215505268616
6151.445591612164,4.248930713828315,0.3506738952852318
6152.8566626929405,6.45220703039638,0.35107292691535635
6154.267733773717,-0.5725759019771886,0.3526350476697118
6155.678804854494,0.6510529059774512,0.35313472245898303
6157.089875935271,0.32805339502226616,0.352997132234318
6158.500947016048,-3.6349297219549044,0.3548174931047559
6159.912018096825,-15.230624525465714,0.35988987768379077
6161.323089177602,-55.09435935375984,0.37648878373650957
6162.734160258378,-75.4574555394824,0.3853506566946584
6164.145231339155,-52.015229415573515,0.3749612224333105
6165.556302419932,-19.081655983797134,0.36181781595768475
6166.967373500709,-9.552357538424701,0.35919620162605553
6168.378444581485,-25.370130537562034,0.3634877116969208
6169.789515662263,-37.82992986688777,0.3669310141526642
6171.20058674304,-23.137999055183684,0.3635236413467028
6172.611657823816,-6.019584007039327,0.35620371922381533
6174.022728904592,0.2884006027422288,0.3536697938457836
6175.433799985371,-0.04697973803035893,0.35371022945176017
6176.844871066147,0.29451523255352186,0.3536443557855184
6178.255942146923,-1.652087680300383,0.3544533135864572
6179.6670132277,-0.529918213049541,0.3537835593543437
6181.078084308478,1.8805791606476419,0.3543213670279949
6182.489155389254,6.007061723921709,0.3511235424103148
6183.90022647003,8.59685877688122,0.3518839046614288
6185.311297550808,5.158128421530478,0.3521568717714965
6186.722368631585,3.267124775536388,0.3532898935442251
6188.133439712361,0.25698084140600486,0.35469624072375977
6189.544510793138,-4.404588834495087,0.35697993277618484
6190.955581873915,-15.559436779532405,0.3611258147601777
6192.366652954692,-19.55179467300053,0.36162986336454506
6193.777724035469,-0.567839378745191,0.3553881967968338
6195.188795116246,19.232961646829153,0.3494129845696202
6196.5998661970225,15.678695617204824,0.34926771450311817
6198.010937277799,6.933793040964645,0.35304248016472556
6199.422008358576,-0.5501043366993486,0.3555531192580375
6200.833079439353,-3.693216408278033,0.3571122555247514
6202.24415052013,1.3389209351354907,0.3553025918051585
6203.655221600907,6.742946366288663,0.3532486422643032
6205.066292681684,10.431051381561531,0.35221508516863825
6206.47736376246,11.442311621986448,0.35119258653122937
6207.888434843237,13.767593257730596,0.3512054716196411
6209.299505924014,16.65580942133829,0.34954788515428564
6210.710577004791,13.58857311623774,0.3513872176761445
6212.121648085567,3.9959967531855227,0.3549133263409152
6213.532719166345,-5.136099666172072,0.35819561539798483
6214.943790247122,-11.274411168129575,0.3608275925457442
6216.354861327898,-10.386878488425737,0.36071200019559324
6217.765932408674,-5.447080380665739,0.35935855936215444
6219.177003489452,-5.41964857624032,0.3592853510087335
6220.588074570229,-6.387390043300911,0.35937297594275297
6221.999145651005,2.1249964870664826,0.3562925740332354
6223.410216731782,7.66341997374451,0.3544431542773457
6224.82128781256,8.273345427187962,0.3539015733163961
6226.232358893336,10.935412715336327,0.3533093749371558
6227.643429974112,9.240325543970812,0.35428562224784305
6229.05450105489,-1.9226146985611194,0.3589180141320461
6230.465572135667,-18.941132719181496,0.36562666664513177
6231.876643216443,-24.785262989310695,0.3676998625815247
6233.28771429722,-14.361426384776678,0.36402003549638395
6234.698785377997,-0.9646062455823312,0.3587573092174928
6236.109856458774,9.116489855105499,0.3549586310687203
6237.520927539551,10.468031746946963,0.35460898417729425
6238.931998620328,4.28975104878208,0.35655969557831013
6240.3430697011045,0.9375431056408274,0.3583629514301765
6241.754140781881,-1.3358573140739054,0.35967865970922946
6243.165211862658,-7.068014046730127,0.36193663222920186
6244.576282943435,-14.206681783205909,0.36478708526443565
6245.9873540242115,-17.250293774733393,0.36619783299091124
6247.398425104989,-11.774589508242798,0.3641047071081027
6248.809496185766,1.2321150857271732,0.3590842356478401
6250.220567266542,4.16230413629188,0.35746638153099913
6251.631638347319,-5.815157873735075,0.3625506671519926
6253.042709428096,-13.75264633207297,0.3644051018053131
6254.453780508873,-13.221559888416266,0.3656446742591011
6255.864851589649,-15.71608396889593,0.36591449448148466
6257.275922670427,-13.150505984227948,0.3652918496801491
6258.686993751204,-11.008861265572307,0.3642423005810868
6260.09806483198,-7.524552484429364,0.362689617171952
6261.509135912756,-0.3891059197242157,0.3602951991632756
6262.920206993534,6.153539798119198,0.35834022367242035
6264.331278074311,4.126572242015186,0.35899838505424647
6265.742349155087,-3.012696724644684,0.36089473520076315
6267.153420235864,2.5608854140751873,0.35971591931259156
6268.564491316642,7.155264076022945,0.35783517058437975
6269.975562397418,4.9931811867641045,0.3585084854496704
6271.386633478194,4.388179745775517,0.3590705710406633
6272.797704558971,4.8016899829660815,0.3588137810539528
6274.208775639749,13.532699895814005,0.35567857159475474
6275.619846720525,13.283265024525576,0.35601228215663544
6277.030917801302,1.5626235643547943,0.3607172967009443
6278.441988882079,-13.836743596845508,0.36729441648818406
6279.853059962856,-22.240022072361228,0.3701348020776883
6281.264131043632,-16.538078834736325,0.368643414761735
6282.67520212441,-10.48908937534668,0.36612383949069005
6284.086273205186,-3.8659682155059727,0.36348466601313784
6285.497344285963,2.2300741442296044,0.36102938666997286
6286.90841536674,8.213998491998552,0.3583663723586624
6288.319486447517,14.625959941057488,0.35623388229012926
6289.7305575282935,13.200062801135857,0.3566806897901403
6291.141628609071,7.107681816512695,0.3587681411549369
6292.552699689848,2.758728333258148,0.36084559688253914
6293.963770770624,2.2034411795939945,0.3612080221139107
6295.374841851401,1.9347411694673156,0.3614559410826488
6296.785912932178,-3.4436598188822813,0.36373305024066016
6298.196984012955,-9.72458494250526,0.3660261384718557
6299.608055093731,-14.309787034392855,0.3675178955076356
6301.0191261745085,-20.50439434621063,0.36938778270935024
6302.430197255286,-22.474176654858468,0.3699959732364708
6303.841268336062,-13.087007849526458,0.3668255125584025
6305.252339416838,1.8443937004629447,0.3615968310423325
6306.663410497616,9.564225117197452,0.35897396854379787
6308.074481578393,10.624978131973592,0.35770300309120057
6309.485552659169,15.201425184971129,0.3569604273650069
6310.896623739946,10.260123840322194,0.358508483682899
6312.307694820724,2.8958664380795085,0.3617921782749656
6313.7187659015,-4.93916559493573,0.365257284694571
6315.129836982276,-14.793614934996526,0.3694776033783126
6316.540908063053,-19.943726508216287,0.3719145603488143
6317.951979143831,-21.308573903750016,0.37246392589408195
6319.363050224607,-15.932124607276194,0.37026676147428106
6320.774121305384,-8.309248731465402,0.3667857059153227
6322.185192386161,-1.9023657712683644,0.36430510203827754
6323.596263466938,3.9329835227846957,0.3617368850234526
6325.007334547714,10.537368513997478,0.35929315307139614
6326.418405628492,13.83344463203008,0.3579780347729029
6327.829476709268,13.715744038497746,0.3581333438780187
6329.240547790045,11.671711082550019,0.35859881772090385
6330.651618870822,7.362781300928475,0.3609698676452292
6332.062689951599,3.75228704123424,0.3613359257075309
6333.4737610323755,6.867901372385006,0.3623527279422524
6334.884832113152,-10.161323020565646,0.36832683018109114
6336.29590319393,-23.925667013141833,0.37358857216634656
6337.706974274706,-21.582894010693053,0.37329792844047593
6339.1180453554825,-10.577339158829602,0.3688034653536032
6340.52911643626,0.0,0.364671025288915
6341.940187517037,1.3752212124450125,0.36416954942125007
6343.351258597813,-4.3812270151682355,0.3658213364373991
6344.7623296785905,-3.9826561653494537,0.3659670380643017
6346.173400759368,2.4142392677683233,0.363672722350677
6347.584471840144,6.0816284361899875,0.3619597012298967
6348.99554292092,7.391204636895509,0.3616263917382122
6350.406614001698,10.135584791230315,0.360436887482191
6351.817685082475,11.062693863013124,0.3603237628937084
6353.228756163251,7.745391629685514,0.36178131654495954
6354.639827244028,0.8377152267926817,0.364554271459935
6356.0508983248055,-0.443745003347658,0.36498422374092315
6357.461969405582,-1.1779395493489346,0.36631728605332686
6358.873040486358,-12.259254197754501,0.3704557779184347
6360.284111567135,-17.858117957227932,0.3732001694365516
6361.695182647913,-22.208702135666215,0.37453473771954754
6363.106253728689,-19.500409828143745,0.3736175476190974
6364.517324809466,-12.01628099821454,0.3701650997596234
6365.928395890243,-5.32368676691101,0.3672574320852732
6367.33946697102,0.42947460146911,0.36488443532667314
6368.750538051796,8.233525152164532,0.3623978995315786
6370.161609132573,9.701549387781483,0.36108617770068613
6371.57268021335,12.10046787749178,0.36070835766032305
6372.983751294127,16.433315345448193,0.35873051514869475
6374.394822374904,18.759006228937437,0.35782884899023176
6375.805893455681,16.055247874786687,0.3590039486189132
6377.216964536457,10.555281885874876,0.36129619135737995
6378.628035617234,9.117093828375118,0.3617695538937963
6380.039106698012,8.056775140537866,0.3624493551552626
6381.450177778788,4.687712620894672,0.3639391661017909
6382.8612488595645,2.9946671697014153,0.36442001062990714
6384.272319940342,3.6388338109049414,0.3639850916729884
6385.683391021119,6.555323910781851,0.3630445791658252
6387.094462101895,9.235118954208133,0.36208412238749366
6388.5055331826725,8.64795101480189,0.3620961382568191
6389.91660426345,8.45922883825574,0.3626648152228671
6391.327675344226,5.052877218882543,0.3643531216558538
6392.738746425002,-5.2447312651655125,0.36870874977691104
6394.1498175057795,-15.874528646596332,0.37225052686861765
6395.560888586557,-9.862872029228356,0.37001953367476426
6396.971959667333,8.663583005210228,0.3650816841030954
6398.38303074811,-6.932008117776547,0.36838626171785627
6399.7941018288875,-29.076469704420845,0.37973872932675434
6401.205172909664,-25.719533463704295,0.37775073168948675
6402.61624399044,-4.673960336643063,0.3690541949738823
6404.027315071217,5.776428997656751,0.3647193831280298
6405.438386151995,-0.06616281886607567,0.3670062183370977
6406.849457232771,-9.210835905052704,0.3709691086725981
6408.260528313548,-10.887884312167444,0.3714585638608972
6409.671599394325,-9.168457504401545,0.3712946316446181
6411.082670475102,-12.277757633345914,0.3722795602794695
6412.493741555878,-12.146791980070873,0.371879581998812
6413.904812636655,-4.849012651790986,0.3692315711403439
6415.315883717432,2.611127188905357,0.3664214372353788
6416.726954798209,4.332046359491358,0.365778747314879
6418.138025878986,-0.17263224838092128,0.367701104355872
6419.549096959763,-7.627979633819507,0.3706371965268994
6420.960168040539,-11.628323810064785,0.3721495166665538
6422.371239121316,-6.281970420328321,0.3699991478572072
6423.782310202093,6.037333165375458,0.3652726240559072
6425.19338128287,14.513949414288334,0.3617630050222875
6426.6044523636465,17.697197017600786,0.360108832351203
6428.015523444424,17.567209928923205,0.3606009760409544
6429.426594525201,11.83688244128075,0.36275228820137223
6430.837665605977,-4.882309214036809,0.3694665172331747
6432.248736686754,-0.09751136617478551,0.36795649023745286
6433.659807767532,7.431516128223734,0.36458031976270294
6435.070878848308,8.045794752102324,0.36509870763005164
6436.481949929084,1.4626422240093007,0.36735347133564566
6437.8930210098615,-8.983150784215297,0.37222088880471477
6439.304092090639,-17.585908297741582,0.3751388993303107
6440.715163171415,-10.945012954216395,0.3726381336639644
6442.126234252192,3.97692589643151,0.3669507463025676
6443.5373053329695,13.160821278563674,0.36313008412546655
6444.948376413746,13.882901988539231,0.3625448754815109
6446.359447494522,10.478897222922683,0.3642597679132897
6447.770518575299,0.23131971550628805,0.3689916880664714
6449.1815896560765,-18.248550892114224,0.37615723386421707
6450.592660736853,-27.50426335020444,0.37983503660147644
6452.00373181763,-14.124090491445031,0.37550401307897946
6453.414802898407,0.0,0.36930330367820097
6454.825873979184,2.4095038384818963,0.3675413258181689
6456.23694505996,1.3426660314655123,0.36766981651673236
6457.648016140737,3.2743562521560534,0.3670515655874937
6459.059087221514,16.12343394736456,0.3616631290178806
6460.470158302291,5.5134198279818065,0.36701018941666624
6461.881229383068,-13.097343083667965,0.37383236518080176
6463.292300463845,-18.81565234054716,0.3774463862816451
6464.703371544621,-9.835695953533332,0.372952597631781
6466.114442625398,3.2268946137734247,0.3677095088971891
6467.525513706175,4.473464375204173,0.3673443551997573
6468.936584786952,-1.0528715546645913,0.3698254809068611
6470.3476558677285,-8.59895832593213,0.3729547337130203
6471.758726948506,-12.634395576813006,0.37438443648378406
6473.169798029283,-6.575872387403308,0.3722889663700032
6474.580869110059,1.5225211441647843,0.36952694195391006
6475.9919401908355,0.3307300795506194,0.36964090229437274
6477.403011271614,-0.8303199418345457,0.36979948792123774
6478.81408235239,7.994972381805155,0.3672237790794009
6480.225153433166,8.832349350836466,0.36711491651710115
6481.6362245139435,-0.24681353843755005,0.36996753993466464
6483.047295594721,-2.8985251410579735,0.3713240600504114
6484.458366675497,-0.4867665871846043,0.3704481778634728
6485.869437756273,11.50480463880723,0.36540004907895157
6487.2805088370515,13.907833573626874,0.3650547713855435
6488.691579917828,13.800162984395342,0.3638878138464838
6490.102650998604,11.430429335664087,0.3659189480099429
6491.513722079381,-2.5240904064092433,0.3717874570874621
6492.9247931601585,-26.194785747708693,0.38324290410934253
6494.335864240935,-51.490593623624534,0.3960162476106063
6495.746935321712,-58.107682274531726,0.39917311884879164
6497.158006402489,-44.594692297390225,0.3922296133318396
6498.569077483266,-26.26784170743798,0.38341913775563985
6499.980148564042,-13.495725811100385,0.37700995134648324
6501.391219644819,-2.1835673198871746,0.3716729186519538
6502.802290725596,9.947132167500456,0.36733459890652137
6504.213361806373,13.571451166992517,0.36559366614083466
6505.62443288715,13.704265440508948,0.36536964151899154
6507.035503967927,12.530069055507909,0.36598914788951786
6508.446575048703,9.473232142601375,0.36720224765792814
6509.85764612948,7.583840908168611,0.3670831568500875
6511.268717210257,13.826389098102254,0.36556285852063414
6512.679788291034,12.090393798291245,0.3656665600369381
6514.09085937181,8.442637959300725,0.3684307213942763
6515.501930452588,0.8256834892277993,0.37150242889866797
6516.913001533365,-8.097296016027258,0.3752146934990541
6518.324072614141,-10.569708409230259,0.37659714162363883
6519.7351436949175,-5.891734693434273,0.3747763978765952
6521.146214775695,4.4059806598769455,0.37023024175044533
6522.557285856472,11.953829316356973,0.3668977315277398
6523.968356937248,12.23642460711352,0.3666558329795811
6525.3794280180255,9.67141236200689,0.36757722164879575
6526.790499098803,8.5729056124909,0.3681780995104933
6528.201570179579,8.491977825813024,0.36831607347097883
6529.612641260355,7.830392646954124,0.3686047644521805
6531.023712341133,7.767382388621741,0.3689732333211086
6532.43478342191,1.4827934912479463,0.37130847813042384
6533.845854502686,-3.839648302410467,0.37356940013847195
6535.256925583463,1.5866598822848346,0.37022723880882363
6536.6679966642405,11.375137384333584,0.36832719991372376
6538.079067745017,7.719892194297984,0.3683923591407779
6539.490138825793,10.28010321436085,0.3679671523519902
6540.901209906571,10.936654263066941,0.36792770073186126
6542.312280987348,6.569776438243821,0.36968192571414354
6543.723352068124,0.1788875366913203,0.37230735157439504
6545.134423148901,-5.8827944151508405,0.3749399677773709
6546.545494229678,-9.739776459108555,0.37653621818739663
6547.956565310455,-7.0541843823671115,0.37540848991762904
6549.367636391232,1.6690946165362561,0.3721990925267423
6550.778707472009,6.218065575769458,0.3704002361711769
6552.189778552785,2.517868017813157,0.37138686814737304
6553.600849633562,-4.862769149416579,0.37478815865305515
6555.011920714339,-9.395158341059243,0.37650013049169345
6556.422991795116,-12.1167020023899,0.3782935653093276
6557.834062875892,-4.919103153234516,0.3744643508088564
6559.24513395667,-8.490008271748252,0.37875879988010924
6560.656205037447,-38.645929524645,0.39237952713280205
6562.067276118223,-81.25435248343041,0.4180213853431398
6563.4783471989995,-98.34552523035484,0.42548967943110216
6564.889418279777,-67.11902778954129,0.4092978464670347
6566.300489360554,-29.518909960253723,0.3899841279803259
6567.71156044133,-13.605033983609246,0.3805884376345573
6569.122631522107,-10.442809910914832,0.37862967413507737
6570.533702602885,-10.855583660765717,0.3784738444658408
6571.944773683661,-10.261068835780236,0.37828239022537075
6573.355844764437,-11.595775239925501,0.37973732532921106
6574.7669158452145,-18.96081891185139,0.3806319704816562
6576.177986925992,-2.793177267200008,0.3761607572346433
6577.589058006768,5.323521942691514,0.3713102472926013
6579.000129087545,7.308350211435993,0.3702796053102155
6580.4112001683225,6.629139283339896,0.3710787283846559
6581.822271249099,0.05490582387756149,0.3733370080690712
6583.233342329875,1.130973109175386,0.37373521009577637
6584.644413410653,-0.6516119955917361,0.37448817127663864
6586.0554844914295,-3.9053486821977117,0.37590602127486894
6587.466555572206,-2.6918138035139805,0.3757849715952042
6588.877626652983,1.8294552913952202,0.3739453785113484
6590.28869773376,1.2647856476179982,0.3742300479139969
6591.699768814537,-10.57199333752152,0.37983704114849565
6593.110839895314,-25.766135280616027,0.3868723661305361
6594.521910976091,-24.808828764539612,0.3868715200222419
6595.932982056867,-10.912390395127602,0.37993275050071634
6597.344053137644,-4.504298185273058,0.37768475648176564
6598.755124218421,-7.556902176372091,0.3782994676162577
6600.166195299198,-2.094387017674137,0.37577471200315377
6601.577266379974,6.439493394699241,0.3726929680178749
6602.988337460752,5.434052776202634,0.3726827388868835
6604.399408541529,4.942831305983475,0.37276439648202603
6605.810479622305,5.184828687649258,0.3730340324317791
6607.221550703081,1.4651941959170358,0.37485894308106804
6608.632621783859,-4.273075251932937,0.37711536009933644
6610.043692864636,-5.386845199560298,0.3775237488040652
6611.454763945412,0.018708217386006254,0.3756771405994595
6612.865835026189,5.957983469895794,0.373394661079259
6614.276906106967,6.488228685388947,0.3729889934281351
6615.687977187743,4.989277340217029,0.3735584985553904
6617.099048268519,3.519969683103227,0.37455290889181897
6618.5101193492965,1.4891456385518609,0.3749242546529312
6619.921190430074,5.403097679288749,0.3736703272574115
6621.33226151085,6.629282894626044,0.373387443438053
6622.743332591627,4.322485643469577,0.3737525840348396
6624.154403672404,2.777560176048155,0.3746943141908513
6625.565474753181,3.984473723298379,0.37394957552072533
6626.976545833957,5.6686600177106925,0.373095854837352
6628.387616914734,6.208107372237976,0.3732239868047487
6629.7986879955115,5.63469951295491,0.3735483216683834
6631.209759076288,2.242700581367899,0.37539542105781554
6632.620830157065,-5.520847940583565,0.37896745822249917
6634.031901237842,-11.689322084221601,0.38188247797757346
6635.442972318619,-8.764741171534638,0.3804313656033978
6636.854043399395,1.4541837623801257,0.37633232945932027
6638.265114480173,0.6625867292311796,0.3764505813881565
6639.676185560949,2.1183143597954768,0.3757874906086989
6641.087256641726,2.4583745487193482,0.37615538888417777
6642.498327722503,-1.9994063124564718,0.37792775594552686
6643.90939880328,-6.655948701726459,0.3797982450520279
6645.320469884056,-4.244940245880571,0.3788652422989203
6646.731540964834,1.4813701328050684,0.3763959588377127
6648.142612045611,3.5595104128006483,0.37540363705346796
6649.553683126387,5.840211179365156,0.37454202495745686
6650.964754207163,11.653821663028452,0.37273658791602426
6652.375825287941,11.513349331637528,0.37297683493144235
6653.786896368718,7.139252897150243,0.37392897456645835
6655.197967449494,9.227673671389766,0.37408782565035403
6656.609038530271,7.555887086221787,0.37433143810855113
6658.020109611049,9.474826181223932,0.37370432586248853
6659.431180691825,7.419666948706492,0.3750214218472703
6660.842251772601,2.286974106419848,0.3772310003484062
6662.253322853378,-2.8537432789543686,0.3796829533782172
6663.664393934156,-7.217595572368452,0.3818198648954347
6665.075465014932,-7.583720745461335,0.3820561066290458
6666.486536095709,-3.343879192010661,0.380474250716915
6667.897607176486,-1.0034676251150358,0.379410636407166
6669.308678257263,3.0729093436812605,0.3773129664159272
6670.719749338039,8.403540773188126,0.3754303009443169
6672.130820418816,11.206196597689939,0.3741408339301621
6673.5418914995935,10.20229178517792,0.3747497691011246
6674.95296258037,7.747351233061636,0.3759440461423273
6676.364033661147,-2.0019265627623213,0.3808400765251433
6677.775104741924,-13.018326536685265,0.3859648457860046
6679.1861758227005,-13.94169997452849,0.38608953634933096
6680.597246903477,-4.0420957831642,0.38171735452189964
6682.008317984255,5.601044334536709,0.37772869134339065
6683.419389065031,7.4504245982157045,0.3765616695185076
6684.830460145808,7.641781022276405,0.37611650689967663
6686.241531226585,9.943009587801214,0.3752411835125096
6687.652602307362,12.436734605778554,0.3748219289637501
6689.063673388138,7.5848476768348405,0.3767628281871787
6690.474744468915,1.6820669538433322,0.3785145349625967
6691.885815549693,5.404575549561514,0.37770816034090615
6693.296886630469,6.7253607839578535,0.3773671757464424
6694.707957711245,3.0632613644530124,0.37857686940859137
6696.119028792023,0.0,0.38006148680358137
6697.5300998728,-1.304740680779048,0.38080108980621347
6698.941170953576,-1.802050740789639,0.38076298742533354
6700.352242034353,0.7322795495821879,0.37976724977098125
6701.763313115131,5.255199278442262,0.37820870703130405
6703.174384195907,2.154089956732207,0.3792463373074772
6704.585455276683,-2.8244787578393584,0.38136168793469355
6705.99652635746,-2.766244886864797,0.3815255466377727
6707.407597438238,0.29951558233551623,0.3803201828067736
6708.818668519014,1.9959849135219656,0.37975772807150837
6710.229739599791,1.3141853434564155,0.37991307382506634
6711.640810680568,1.1372679049935641,0.3801091382494757
6713.051881761345,0.05325353866385285,0.38069328504823424
6714.462952842121,-3.2031619119455854,0.3823359211357969
6715.874023922898,-8.357693244820041,0.384987953473086
6717.285095003675,-13.475404233884944,0.3873598917188885
6718.696166084452,-12.414403358489722,0.38687511034295996
6720.107237165229,-0.8608847162479947,0.3812408075486042
6721.518308246006,8.083199869900682,0.37725438871758743
6722.9293793267825,7.310018317549577,0.377441775593535
6724.340450407559,4.101273958510603,0.37876053123112013
6725.751521488336,1.2905787877758144,0.38011880882282156
6727.162592569113,0.052285209558760926,0.38067020596200657
6728.57366364989,1.5005849066059227,0.37985836050376803
6729.984734730667,5.5361976846816106,0.37827594929080716
6731.395805811444,7.319028641542388,0.3776526373553906
6732.80687689222,5.425743477700735,0.3781422948356785
6734.217947972997,6.801891845579405,0.3777299152955753
6735.629019053775,7.715161020315406,0.3777823982199743
6737.040090134551,5.839039775732488,0.3781390522567389
6738.451161215327,5.347037075404387,0.37886594761161674
6739.862232296105,2.7043837101305144,0.3801315925303854
6741.273303376882,-0.17829407573105982,0.3815034656121575
6742.684374457658,-2.770348056108162,0.38269196506409936
6744.095445538434,-3.390882043184831,0.3830041850345493
6745.506516619213,-1.9010940144415258,0.3824893395113064
6746.917587699989,-0.3037721070980979,0.3819363273571738
6748.328658780765,-0.7981015965025335,0.3819986449725815
6749.739729861542,-2.2741175283808275,0.3825233436294273
6751.15080094232,-0.708397409543295,0.3827584063118808
6752.561872023096,-1.767335096707825,0.38226926911182046
6753.972943103873,-2.014779652510242,0.3829898682405567
6755.38401418465,1.3141691484169655,0.381485244253611
6756.795085265427,3.8452489824738905,0.3803795606534062
6758.206156346203,2.9288266606550906,0.3808505659878483
6759.61722742698,3.267207918307008,0.3804321506725055
6761.028298507757,3.814925351710201,0.38048877677822607
6762.439369588534,2.739835289457858,0.38112477263538763
6763.850440669311,3.1235222999915777,0.3804963753808959
6765.261511750088,3.7983591699662043,0.38100398802273905
6766.6725828308645,0.3187810587103286,0.3823169503824111
6768.083653911641,-2.2054328326892687,0.38366761786072584
6769.494724992418,-1.349733211570367,0.3833230437645106
6770.905796073195,-1.9133125938525382,0.38369759921538465
6772.3168671539715,-1.7444953470535438,0.38349129255194436
6773.727938234749,1.3762543371478841,0.38194572613565075
6775.139009315526,5.669297391345481,0.3802966427214306
6776.550080396302,6.222442750243999,0.3800736954077913
6777.961151477079,3.8551299582504726,0.3808585427058834
6779.372222557856,4.042669921417712,0.3810925535889759
6780.783293638633,3.390882043184831,0.3813078697766453
6782.194364719409,3.3468765642532503,0.38140038880654936
6783.605435800187,0.6512379396049823,0.3835495182041744
6785.016506880964,-7.365509691264833,0.3858572130436464
6786.42757796174,-4.285217830562033,0.3853141860757219
6787.838649042516,-0.1987082817373107,0.3835794112008155
6789.2497201232945,1.5233539593573937,0.38259762084994303
6790.660791204071,2.6659253489150956,0.38211588919664585
6792.071862284847,3.263924754313564,0.38194706749362645
6793.482933365624,1.8613312949769352,0.38272345984646405
6794.894004446402,-0.9900380397456843,0.3835662407630895
6796.305075527178,0.8711561816480184,0.38321302755074227
6797.716146607955,0.9870767884847282,0.38322022861231086
6799.127217688732,-0.8299316188732746,0.38363691794117866
6800.538288769509,-0.5745163767023769,0.38383175024490584
6801.949359850285,1.456749283847671,0.38291156590225917
6803.360430931062,1.6558446389369124,0.38249199130932277
6804.771502011839,-0.967025139647717,0.3836832862111532
6806.182573092616,-3.181291016301884,0.38547401973095446
6807.593644173393,-3.7548132047247123,0.38609667689849225
6809.00471525417,-4.820113450815256,0.3856445866180303
6810.4157863349465,-3.097563976825313,0.3860677495627077
6811.826857415723,0.8766803327646926,0.38343847518122426
6813.2379284965,1.02172411682443,0.3839957324817425
6814.648999577277,-0.21540501563782755,0.3845533118698537
6816.0600706580535,2.3256922992959517,0.3834796648628288
6817.471141738831,3.311436122128214,0.3829699983493367
6818.882212819608,2.6456934382482586,0.38337962655622465
6820.293283900384,2.7398516738867897,0.38347022780153106
6821.704354981161,4.195917753432809,0.38305052203202217
6823.115426061938,3.896302582894009,0.3832188505107301
6824.526497142715,4.960154940202187,0.3828105661307189
6825.937568223491,3.6187126301536523,0.38422892711267964
6827.3486393042685,-0.3995420526130147,0.38470693358908425
6828.759710385046,-3.573614343278507,0.38729138958152914
6830.170781465822,-3.8992408856271936,0.3865433259117299
6831.581852546598,-2.002538237825206,0.3857980474462384
6832.992923627376,-0.5806717097938758,0.38563908760042115
6834.403994708153,0.21811757145849242,0.38490857967994146
6835.815065788929,1.4524251857583295,0.3847043582798398
6837.226136869706,-1.4784323697595596,0.3861656679429455
6838.637207950484,-7.222864128036008,0.38975432523919257
6840.04827903126,-13.455329503041582,0.3926497695278807
6841.459350112036,-19.584162406212158,0.39585782574059303
6842.870421192814,-20.717592671807665,0.39659405704085776
6844.281492273591,-16.624986172041815,0.39473006275984374
6845.692563354367,-10.38533635642142,0.39186273756692824
6847.103634435144,-6.056422174578074,0.3897177576625918
6848.514705515921,-4.15443206929092,0.3886337518206296
6849.925776596698,-2.2963786846357266,0.38749999689924247
6851.336847677475,2.0384314461584268,0.38581795086793746
6852.747918758252,1.998626793019298,0.38577474479736
6854.158989839028,-3.1475211916941817,0.3880054167972676
6855.570060919805,-8.147967555881962,0.39031316316697956
6856.981132000582,-9.376252504148738,0.3910609211231881
6858.392203081359,-7.580202635169485,0.39054353331955843
6859.8032741621355,-6.420393462828258,0.3902453795253107
6861.214345242913,-8.068751816862914,0.3907993217652109
6862.62541632369,-8.745656468274149,0.3908801178417984
6864.036487404466,-3.3088303076244188,0.3884577375058903
6865.447558485243,3.369924615474247,0.38439095143526
6866.85862956602,6.622156679585544,0.38252353069417044
6868.269700646797,5.404369348624186,0.3824504072175296
6869.680771727573,1.7619041026795799,0.3827909425991046
6871.0918428083505,2.5201408657601405,0.3818220381783283
6872.502913889128,4.760295145575242,0.3811817492626323
6873.913984969904,3.698266296644249,0.3824225388287173
6875.32505605068,1.2787634589591903,0.38425629876686285
6876.736127131458,2.83406174726116,0.3840312355031152
6878.147198212235,6.331968567206161,0.3830735541988303
6879.558269293011,-1.7807488019001312,0.38772431472272273
6880.969340373788,-12.749426748029407,0.3938080506656165
6882.380411454566,-15.606430201318403,0.39583360381978705
6883.791482535342,-11.349122561162744,0.3936051684033725
6885.202553616118,-4.528938442066533,0.3899798910347458
6886.613624696896,0.9032594679462704,0.3873030738711435
6888.024695777673,2.2575292269618785,0.3862328292282748
6889.435766858449,1.5999242974609729,0.38612009747946247
6890.846837939226,3.8126795390168127,0.38489615172068375
6892.257909020003,4.78974946804442,0.3850387534414206
6893.66898010078,6.472120911573427,0.38364084019114497
6895.080051181556,6.125042063313174,0.38502974160336423
6896.491122262334,3.140415086128826,0.38607773514522825
6897.90219334311,0.44779750995462564,0.3872457397645714
6899.313264423887,0.3894021959001748,0.38789386279906996
6900.724335504664,0.9185733965050531,0.3875217584119662
6902.135406585441,-0.9651989800013325,0.3879053988105122
6903.5464776662175,3.7651434893491,0.3866315447187089
6904.957548746995,2.210853989433133,0.3880785329035008
6906.368619827772,-4.206490054012534,0.39019678465332036
6907.779690908548,-0.6537947041113057,0.38934394549562334
6909.1907619893245,0.1564128508716749,0.388711096603178
6910.601833070102,0.9125304643941377,0.38819067492238657
6912.012904150879,3.045784780865972,0.3875793664411575
6913.423975231655,1.1786780527828569,0.388587996953822
6914.8350463124325,-7.356960798968828,0.39240937968351497
6916.24611739321,-13.275830826246988,0.39418141367293696
6917.657188473986,-1.997903844196344,0.3909406723557991
6919.068259554762,0.21099540711134068,0.38902763649350824
6920.47933063554,1.6110664786471034,0.3889323528450133
6921.890401716317,0.6880074415616946,0.389362940242138
6923.301472797093,-3.4709579269729716,0.39086862263422895
6924.71254387787,-8.178140387599683,0.3928363297764459
6926.1236149586475,-7.085917964883208,0.3926713678768426
6927.534686039424,1.6584234643294735,0.38902870818358715
6928.9457571202,10.36212825912014,0.3859107561152002
6930.356828200977,2.253579974423076,0.38876491182493356
6931.767899281755,-0.12245260434002603,0.389691609261542
6933.178970362531,2.3905736320948563,0.38906175760727335
6934.590041443308,5.222788843398803,0.3880107447322065
6936.001112524085,5.940412436554766,0.38756336059716795
6937.412183604862,6.007582132172729,0.38773683944420995
6938.823254685638,5.290435003797143,0.38766026925224106
6940.234325766416,7.8326313205275255,0.3869505273818579
6941.645396847192,9.485633546784982,0.3851384131420311
6943.056467927969,5.098385273966471,0.3879724540656403
6944.467539008746,0.4538782607174312,0.390198613508316
6945.878610089523,3.2374255405736108,0.38939339996734557
6947.289681170299,6.906616572658038,0.38766165009638603
6948.700752251077,6.126873171808484,0.387703642489017
6950.111823331854,3.5864050784834376,0.38930413381770484
6951.52289441263,1.1248070019497618,0.3895204057609465
6952.9339654934065,5.014028833647615,0.38960055584991826
6954.345036574184,11.184254516439296,0.38555121546331794
6955.756107654961,9.177402521418344,0.3870897798358205
6957.167178735737,5.049824131002424,0.3892874037446676
6958.5782498165145,-1.7803509265110051,0.3933683836314683
6959.989320897292,-7.834635119503616,0.3966827073451052
6961.400391978068,-10.327289329571158,0.3978886685701611
6962.811463058844,-10.281046985971614,0.39922054470260115
6964.2225341396215,-7.591521194068491,0.39644774794564286
6965.633605220399,-1.666372853596215,0.39425781159539275
6967.044676301175,-0.05480098289029911,0.39340963230163556
6968.455747381952,3.7976073055451707,0.3911047111515847
6969.8668184627295,3.72764475581738,0.39140696291537647
6971.277889543506,1.6739302092950084,0.39196353847813925
6972.688960624282,2.2129842106244837,0.39105532940006094
6974.100031705059,4.586236798241771,0.3906425876677115
6975.511102785837,1.7803509265110051,0.3918235489005303
6976.922173866613,-5.0084453289688895,0.3959402011349364
6978.33324494739,-16.772616327733658,0.37001395342812066
6979.744316028167,-16.609232165786693,0.36322664444690633
6981.155387108944,-8.327594063029153,0.359679828253485
6982.56645818972,1.666372853596215,0.3553386214084372
6983.977529270497,8.82861113868222,0.35237644460321865
6985.388600351274,9.505831587823877,0.3524505637816869
6986.799671432051,1.2143040710333821,0.3553632605926654
6988.210742512828,-2.170619625575398,0.3573856654117187
6989.621813593605,-3.4015855220233675,0.35795415200536396
6991.032884674381,-2.356080656774793,0.35812028270501545
6992.443955755158,-0.5917596541192438,0.37986223100321775
6993.855026835936,1.0352127034681189,0.3938758636010798
6995.266097916712,2.9263197632124047,0.3930550403443279
6996.6771689974885,5.124392581841619,0.392246435715706
6998.088240078266,4.05253107728106,0.393171979175305
6999.499311159043,-3.110383771485317,0.39655207361143857
7000.910382239819,-7.058034208942445,0.3989224807456153
7002.321453320596,-5.420944468221762,0.3980664630081474
7003.732524401374,-3.9206624508836967,0.3980592267313888
7005.14359548215,-6.9563573590112355,0.3994674007106503
7006.554666562926,-9.873862194674189,0.4005261063663985
7007.9657376437035,-7.065941264782282,0.3994019959998708
7009.376808724481,-0.04101271031470333,0.3963351865532491
7010.787879805257,2.3569062988723317,0.3946986780111133
7012.198950886034,-0.6159669411632649,0.3957468401501887
7013.6100219668115,-0.4032190632672723,0.3964664148624418
7015.021093047588,-5.486545530869364,0.39951687927137663
7016.432164128364,-15.347433534826337,0.4038954514254743
7017.843235209141,-18.020404745346355,0.4051406810261425
7019.2543062899185,-6.600393451386424,0.4006400313333158
7020.665377370695,4.9480594042275925,0.39491250125222016
7022.076448451472,0.3587630675810374,0.3969390145655448
7023.487519532249,-10.84530932962565,0.4013068006213443
7024.898590613026,-8.225903629446464,0.4011712814675194
7026.309661693802,-3.28525212795239,0.3987552940269016
7027.720732774579,-1.847060784944972,0.3976252078572812
7029.131803855356,-1.4145765530812469,0.39735931220979465
7030.542874936133,2.65241601809322,0.39534896216449156
7031.95394601691,9.341958417775743,0.392491549696095
7033.365017097687,8.137096982006994,0.39282011448459025
7034.776088178463,5.732795176543505,0.3936895366783538
7036.18715925924,5.441189615395899,0.394904071843253
7037.598230340018,1.629297105541525,0.39680019909453773
7039.009301420794,-3.9567477154734547,0.39932971798574973
7040.4203725015705,-5.065228114365254,0.4001665330745829
7041.831443582348,1.208727725658946,0.39697597083633573
7043.242514663125,9.838818988464425,0.39312766172887764
7044.653585743901,7.527137212126149,0.3934537009406995
7046.0646568246775,10.706469629496098,0.3920525437807426
7047.475727905456,10.451239596821779,0.3922978379049535
7048.886798986232,8.804815741520372,0.39327877088045554
7050.297870067008,6.86610382817247,0.3944428993742156
7051.7089411477855,3.5327807287481505,0.3965772124214733
7053.120012228563,-4.127265428167789,0.40040882523446275
7054.531083309339,-8.996194489683205,0.4025361712448899
7055.942154390116,0.2038566593701603,0.39926710550196903
7057.353225470893,4.147767910649122,0.3960454257661673
7058.76429655167,2.3517695659795663,0.3973747386920507
7060.175367632446,-0.5881316465002442,0.39919565659651063
7061.586438713223,-0.5716615011865542,0.3990403525639557
7062.9975097940005,2.173633886669734,0.39806439118025366
7064.408580874777,2.6694100818612014,0.3979517123489488
7065.819651955554,-0.7290370796215484,0.3991929038209333
7067.230723036331,-4.0647338458129525,0.40198598927572105
7068.641794117108,-3.907312871628392,0.4014085772483123
7070.052865197884,0.0,0.39939817341581924
7071.463936278661,4.76878023674351,0.39723656409319025
7072.875007359438,6.543069628235628,0.39608903393687256
7074.286078440215,5.490050134754881,0.39659756175053035
7075.697149520992,7.8512746509866815,0.39561561407317297
7077.108220601769,6.906150063022665,0.39575608944452506
7078.519291682545,4.999620339088665,0.39727464026585285
7079.930362763322,4.326618066242304,0.39760127100856374
7081.341433844099,3.410149770994053,0.39813930965727057
7082.752504924876,0.0,0.4002307036592438
7084.163576005652,-5.135415962793616,0.4032734876879236
7085.57464708643,-8.025995240435122,0.4047137793223535
7086.985718167207,-3.5156751505101624,0.4026338100498479
7088.396789247983,1.8662441835041363,0.39946249025743763
7089.8078603287595,3.861771966438482,0.3952783213208237
7091.218931409538,4.077425591359315,0.3960829751205253
7092.630002490314,3.130548920903891,0.3989384792410706
7094.04107357109,2.0472399243993777,0.4000921812276957
7095.4521446518675,-0.7518319982730759,0.4013529312983831
7096.863215732645,-2.009655132657315,0.40258772654994246
7098.274286813421,1.5612177907698879,0.40051132532109784
7099.685357894197,5.81706011263833,0.3984309544538376
7101.096428974975,5.482544966616615,0.3989402260006589
7102.507500055752,3.3872118644659395,0.40013555236656634
7103.918571136528,3.217053146119781,0.40018206708978854
7105.329642217305,4.0257883407417125,0.39972270660892845
7106.7407132980825,2.5558513545811934,0.4012865188872835
7108.151784378859,-1.3982306377168356,0.40256490982077486
7109.562855459636,-2.9563369641138024,0.40381448336911163
7110.973926540413,-0.5470345700836674,0.40284254010585807
7112.3849976211895,-0.6718964538010823,0.4026329842803967
7113.796068701966,-0.4370255204235036,0.40227267531102495
7115.207139782743,4.87240158995553,0.3998423890936121
7116.61821086352,6.2101840496053455,0.3993707412203681
7118.029281944297,6.541075225170346,0.39841489473302544
7119.440353025074,5.33512553486338,0.400154361830842
7120.851424105851,-2.808893675106333,0.40416429344535093
7122.262495186627,-6.027754895089629,0.4057879303600433
7123.673566267404,-2.5509401089020685,0.40427087694379843
7125.084637348181,1.86226764207629,0.4019439156584576
7126.495708428958,3.524497500255336,0.40110640783340495
7127.906779509734,-0.37078435690699507,0.40378964048509197
7129.317850590512,-6.401411455167647,0.40657188571134284
7130.728921671289,-8.643420982250916,0.40803843488171204
7132.139992752065,-7.694721166052489,0.40758426115367596
7133.5510638328415,-2.6782715835377644,0.40479110385007727
7134.962134913619,4.256209197310966,0.4013525626824647
7136.373205994396,5.8527475854389195,0.4010260266957273
7137.784277075172,2.6848959461012214,0.4016851611570314
7139.195348155949,1.9417292751396076,0.402643444575241
7140.606419236727,2.4466036298753693,0.4026642009829281
7142.017490317503,0.8317323963789249,0.4034685437233904
7143.428561398279,-0.9284416323179698,0.40446603466019515
7144.839632479057,-2.6724618573618955,0.40606577891451634
7146.250703559834,-10.918113937642204,0.4109248295910582
7147.66177464061,-21.431481972551296,0.41633707631993233
7149.072845721387,-20.872045853566533,0.41568667432399364
7150.4839168021645,-8.677609353891796,0.4094787035129647
7151.894987882941,0.2249691597358492,0.40460558093983745
7153.306058963718,1.621264244333986,0.40350453094138716
7154.717130044495,-0.6955344149820917,0.4045611247737485
7156.1282011252715,-1.1366455073310817,0.4047329804989084
7157.539272206048,-0.11064373003898709,0.4044996612298576
7158.950343286825,-0.32898313835244153,0.4043547352951879
7160.361414367602,-1.3344718097289956,0.4053425512371186
7161.772485448379,-4.7161114173018746,0.40746994383116475
7163.183556529156,-9.774833992665549,0.41006525259664856
7164.594627609933,-13.109205042181998,0.4116515977868205
7166.005698690709,-11.173993663806925,0.4104152085917617
7167.416769771486,-4.845886520805891,0.4066662556313917
7168.827840852263,0.8416236924608143,0.40389722003556455
7170.23891193304,3.7893533099217507,0.4016258888861909
7171.649983013816,5.805068446505118,0.4004623603281371
7173.061054094594,4.433821020974278,0.40127017823002026
7174.472125175371,-0.5088902763629335,0.4034022451414156
7175.883196256147,-1.967296486829241,0.4041308692381341
7177.294267336923,-2.141005477533213,0.40502955695950466
7178.705338417701,-5.9479211871293955,0.4072433905023811
7180.116409498478,-10.553029033046244,0.4101462156011855
7181.527480579254,-12.6197041978902,0.41107369556514445
7182.938551660031,-6.47550840346355,0.4076669187207861
7184.349622740809,6.34104584246046,0.4018008707168736
7185.760693821585,3.026058617232991,0.4023008824095728
7187.171764902361,-15.031059617193705,0.41235176025469206
7188.5828359831385,-17.216351905285762,0.4100774973842713
7189.993907063916,0.0,0.40473451750670647
7191.404978144692,2.1528123216056088,0.4049369216693197
7192.816049225469,-11.637654940588277,0.40972494951495453
7194.227120306246,-14.717454836190996,0.41117649241033877
7195.638191387023,-0.14183826180828873,0.40467085161818567
7197.049262467799,4.075542852323792,0.40402266538874065
7198.460333548577,-6.471747734926112,0.40843139134453704
7199.8714046293535,-11.982975164773052,0.4110071124450068
7201.28247571013,-10.598988003450813,0.4099911304332836
7202.693546790907,-4.390620834027459,0.4064469192800019
7204.104617871684,3.853830261474002,0.4032783326124489
7205.515688952461,-2.525289923779269,0.40656063065388093
7206.926760033238,-14.099863569044885,0.4124853446530255
7208.337831114015,-15.219916851803305,0.41273924794717703
7209.748902194791,-7.092710930220335,0.4093977684753425
7211.159973275568,0.09931161131817134,0.4062805738807822
7212.571044356345,1.0254997322076065,0.4054065238680667
7213.982115437122,2.197282168608808,0.4053209414525844
7215.393186517898,-0.798491404915751,0.40681191463396765
7216.804257598676,-2.215252358937505,0.40697092675481283
7218.215328679453,-0.20960935518093038,0.4063523104116963
7219.626399760229,1.1983081262495148,0.40570658679752464
7221.037470841005,0.8221912147886314,0.4058743637426574
7222.448541921783,-1.1908430713430675,0.40736922087308186
7223.85961300256,-8.042110810328666,0.40982110324795784
7225.270684083336,-3.5086900610857583,0.40818139854863383
7226.681755164113,2.3688763772019,0.40481752653123015
7228.092826244891,3.1302342128551572,0.40469769252987564
7229.503897325667,1.5746530462026271,0.40522339038699234
7230.914968406443,3.2515832866261576,0.4037085837896572
7232.32603948722,9.808489453534605,0.4009578264658991
7233.737110567998,10.81306952282415,0.3992901124110295
7235.148181648774,8.841063518673934,0.3995160714151868
7236.559252729551,4.681893917036575,0.4023746218262027
7237.970323810328,1.2601065292094518,0.4038986960636905
7239.381394891105,1.4591668556726631,0.40349124457831415
7240.792465971881,3.4700961112700384,0.4030084231014961
7242.203537052659,-3.629836301370119,0.4038245771801809
7243.6146081334355,6.227892708937759,0.4001327735321093
7245.025679214212,9.253575685818248,0.39899915252561435
7246.436750294989,5.24621992345584,0.4009754433362255
7247.847821375766,0.8589283610498342,0.4034301589377756
7249.2588924565425,2.7007040733178087,0.4037381804838129
7250.669963537319,9.531609989033825,0.4017831622398239
7252.081034618097,3.2258081375278493,0.4044120682329038
7253.492105698873,-5.861889448972022,0.40781695676935137
7254.90317677965,-2.622333668360511,0.40676038852221974
7256.314247860427,6.11555167827413,0.4024256601336124
7257.725318941204,10.16233701967036,0.4013621405014107
7259.13639002198,2.3783744231712376,0.40767445955039366
7260.547461102758,-13.240183909033647,0.41269408248554407
7261.958532183535,-4.601224451214648,0.4096326305871135
7263.369603264311,6.196662762904282,0.4048310860578828
7264.780674345087,3.5319610577013805,0.4056954146966917
7266.191745425865,-4.670511905705723,0.40937986329582743
7267.602816506642,-5.7637114022433025,0.40985146539500056
7269.013887587418,6.716081945275732,0.4038215381821088
7270.424958668195,13.990274718211879,0.4010510850161144
7271.836029748973,10.418243564912473,0.40179777401479505
7273.247100829749,10.956451666233136,0.4010897343734437
7274.658171910525,11.828089676512946,0.40006303006661065
7276.069242991302,8.46653553011231,0.40030674100110414
7277.48031407208,0.6599927539009514,0.40221981290315817
7278.891385152856,-4.131062844618782,0.4039654952101484
7280.302456233633,3.473519490611011,0.4038028985908447
7281.71352731441,4.241430379793314,0.40528435214807595
7283.124598395187,-1.3538184993697655,0.40883224270180063
7284.535669475963,-5.8794934845731746,0.4108362337658714
7285.94674055674,-2.705896166866296,0.408609383770632
7287.357811637517,3.918663705991662,0.4058153686958495
7288.768882718294,6.287341523867099,0.3997005469405123
7290.179953799071,4.624069501569579,0.3997944292291717
7291.591024879848,-2.596039752802369,0.4030818868286326
7293.0020959606245,-7.790325868777813,0.4058371655222794
7294.413167041401,-6.167825012218145,0.406574547701624
7295.824238122179,-1.7926729847561091,0.4071134436560904
7297.235309202955,4.425749047786553,0.4059314489931315
7298.646380283732,8.84387107064822,0.40376640483757154
7300.057451364509,7.704176817983125,0.40475685668618183
7301.468522445286,6.83147642807711,0.40513877859901765
7302.879593526062,8.904529146311575,0.40349313407099624
7304.290664606839,8.904801821760373,0.40269188021121244
7305.701735687617,4.76249154084735,0.40586909068979016
7307.112806768393,1.0629062133211846,0.40766306048795675
7308.523877849169,-0.6362522455760882,0.4099536845121526
7309.934948929947,-1.4940995213767678,0.4106480716050877
7311.346020010724,-0.2708893057206865,0.40924960107580877
7312.7570910915,4.423096979013678,0.40685835123642256
7314.168162172277,9.157588526676932,0.40424010991711595
7315.579233253055,5.980164193936616,0.40611952449664857
7316.990304333831,3.4057537863473613,0.40542499497049245
7318.401375414607,2.6121473896837415,0.40546457355455795
7319.812446495384,0.5395046704764468,0.4080861903038601
7321.223517576162,-3.3788158037991707,0.4115383333990024
7322.634588656938,3.6977861052151866,0.4083197899199994
7324.045659737715,0.1407846594181592,0.411059328199618
7325.456730818492,-5.486960623678044,0.4136657918209211
7326.867801899269,-8.094311638279407,0.4155406668055944
7328.278872980045,-6.052050347335523,0.41440605189113855
7329.689944060822,-0.9219471977301055,0.410045013328934
7331.101015141599,2.7134577699885085,0.40828165896169566
7332.512086222376,-1.0467905231446935,0.4111737062966153
7333.923157303153,0.049546970880328445,0.41037253429051473
7335.33422838393,4.593289799285742,0.40810959433005933
7336.7452994647065,8.073078780794788,0.40625869491494904
7338.156370545483,6.792125438541007,0.4066372872689554
7339.56744162626,0.6480392368792423,0.41094156878306226
7340.978512707037,-0.9690418580962614,0.4097129367367042
7342.3895837878135,0.8687999230107266,0.40709382582792897
7343.800654868591,0.13722167942506758,0.4086379301214691
7345.211725949368,-0.2404093241772216,0.4103627307920876
7346.622797030144,1.9162124757482957,0.4018278582312345
7348.033868110921,2.7932887579980274,0.3717978287861975
7349.444939191699,-3.0107875761539162,0.4076149051103826
7350.856010272475,-6.636933909671939,0.41553696273476665
7352.267081353251,-5.809586935668335,0.4156276044327645
7353.678152434029,-3.7792827144346006,0.4144185889599029
7355.089223514806,-5.057198759277924,0.4145999755269518
7356.500294595582,-11.65353690561426,0.41960178791720343
7357.911365676359,-11.471718034523462,0.4185120389029077
7359.3224367571365,-4.173093895379168,0.41434142691339837
7360.733507837913,-3.0500751691770347,0.41384124919296206
7362.144578918689,-7.836609269461064,0.4169073783706069
7363.555649999466,-12.284504950237249,0.4199072677917891
7364.966721080244,-7.3003171098990265,0.41795019981176834
7366.37779216102,-2.3105443129304604,0.41409286071244844
7367.788863241797,2.220939583643144,0.411342671877941
7369.199934322574,4.905861457745459,0.40938172000590073
7370.611005403351,2.851561877115955,0.4095920048548217
7372.022076484127,-1.3503630254757581,0.41170450013189813
7373.433147564904,3.5575672775987073,0.4113822934308735
7374.844218645681,6.218000157238805,0.4098288242532989
7376.255289726458,7.520162136275417,0.40970601911805704
7377.666360807235,8.488606948219854,0.40939802389357893
7379.077431888012,8.611201031139501,0.4092397571941283
7380.488502968788,7.488035093039514,0.4100842219909643
7381.899574049565,4.462902992433158,0.4120085029739602
7383.310645130342,-0.6110665820455665,0.41512122060392254
7384.721716211119,-7.045443011602913,0.4189711816684277
7386.1327872918955,-11.40813953531881,0.4218806149658554
7387.543858372673,-13.323669687057418,0.4234230547115411
7388.95492945345,-14.057459011979745,0.42371850710852865
7390.366000534226,-13.176976021064434,0.4223853263986896
7391.777071615003,-6.274910908703191,0.41921834698976795
7393.18814269578,-6.241108841787138,0.4181196742169501
7394.599213776557,-5.574617025823443,0.41744526565955115
7396.010284857333,-2.1098541826594897,0.4162592172767776
7397.4213559381105,1.3436312176667116,0.4150314404590249
7398.832427018888,-1.8820997940474626,0.4171357790047562
7400.243498099664,-7.482095320320923,0.4188255369886481
7401.65456918044,-4.612937669383314,0.4164732680772341
7403.0656402612185,3.635506511381948,0.41236543817715476
7404.476711341995,8.952307365992795,0.409995194105105
7405.887782422771,3.7500991316723002,0.41228782294287986
7407.298853503548,-2.6286576038449994,0.4171757508400548
7408.709924584326,-7.3868154849822645,0.42048186073721117
7410.120995665102,-11.191274269942994,0.4228828007761578
7411.532066745879,-11.948813578853049,0.4234084863753268
7412.943137826656,-9.388696693197858,0.4220573601337521
7414.354208907433,-6.295706875898702,0.42033529987677354
7415.765279988209,-5.855649555563446,0.41997368423694664
7417.176351068986,-4.870459874050653,0.4193024672184965
7418.587422149763,-3.1273615540799256,0.41830673545479125
7419.99849323054,-2.7155764712561563,0.41850156044478704
7421.409564311317,-5.6501327939297425,0.4207700312738965
7422.820635392094,-12.690470579420719,0.4239326221454248
7424.23170647287,-8.52904072203836,0.4215903603704787
7425.642777553647,1.0044118129735011,0.416526488198207
7427.053848634424,7.069438598199213,0.4130100394239036
7428.464919715201,6.642526799435586,0.4130463521907776
7429.8759907959775,1.5213493967136742,0.4159535693631388
7431.287061876755,-1.7244136021450345,0.4166108084658863
7432.698132957532,2.8849888069382814,0.4150465940236542
7434.109204038308,6.611273298232447,0.41320239252849766
7435.5202751190845,7.418767098374758,0.41273938733680643
7436.931346199862,6.235544732930123,0.4135950279492498
7438.342417280639,3.9474933900379483,0.41449151975685256
7439.753488361415,1.4863029395035028,0.4164304028728891
7441.1645594421925,0.16741034421141876,0.41689739549000066
7442.57563052297,0.20257182305851984,0.4175495032288307
7443.986701603746,-1.7246755482294134,0.4194562140776212
7445.397772684522,-7.288391883118038,0.42254983268175084
7446.8088437653005,-9.99361124131309,0.4251265084743521
7448.219914846077,-3.9450999664649657,0.42014685397481333
7449.630985926853,2.6954638396545647,0.4171037542582459
7451.04205700763,5.614402483876177,0.41534838117348977
7452.4531280884075,4.992822391536492,0.4152753975070006
7453.864199169184,3.400504017923822,0.41661053793896596
7455.27527024996,4.879403844002184,0.41527772597457785
7456.686341330738,5.3368627734689085,0.41591637576212176
7458.097412411515,6.242732293952258,0.41489806350295866
7459.508483492291,4.518179779407319,0.41592616652722014
7460.919554573068,-1.0002557694715506,0.4199228328473946
7462.330625653845,-9.128957561097764,0.42428208845344895
7463.741696734622,-9.09024389450741,0.4245106285350475
7465.152767815399,-0.44756818564314926,0.4195276894749876
7466.563838896176,6.018939788925138,0.4150611087892075
7467.974909976952,8.632784165949658,0.4132331777552175
7469.385981057729,8.192654440949354,0.4141282782863096
7470.797052138506,4.8646162648125255,0.4157072713421471
7472.208123219283,0.24937148654021257,0.41845173160023424
7473.6191943000595,-0.7495133927576489,0.4190085042087534
7475.030265380837,0.11929788269821984,0.4186099671257687
7476.441336461614,1.5368644564407532,0.41798453266698454
7477.85240754239,2.8957962111551296,0.4173294736812364
7479.2634786231665,4.153315474874262,0.4167045911986839
7480.674549703944,3.0230075542585837,0.4169593472346789
7482.085620784721,1.2114804424574004,0.4178000160248976
7483.496691865497,1.6775547488374514,0.4176990009750025
7484.9077629462745,4.6187059685451,0.4163506016872017
7486.318834027052,5.260544922571285,0.4160312993386111
7487.729905107828,2.8066463010173948,0.41791775093557354
7489.140976188604,-0.21522414714763727,0.4198306483306484
7490.552047269382,-2.402972816348779,0.4214150335724593
7491.963118350159,-4.624287619440452,0.42322694021586255
7493.374189430935,-8.59384908951364,0.42620498819133995
7494.785260511712,-17.427662240296684,0.430379192855005
7496.1963315924895,-15.535434955045389,0.4296133509611727
7497.607402673266,-7.4079707553153185,0.42535156199395935
7499.018473754042,-0.4844773528274118,0.42113218693667287
7500.42954483482,1.658689230405912,0.4192950454384142
7501.840615915597,1.7407914678958036,0.41903162520106507
7503.251686996373,3.558346273281302,0.4183300115750855
7504.66275807715,1.4744210099078714,0.41959173476591355
7506.073829157927,-1.2384967194166734,0.42133032584619634
7507.484900238704,-3.6913897999583583,0.42310374633773373
7508.895971319481,-6.686339082480174,0.42536273271207087
7510.307042400258,-13.674306759425122,0.4292523623348947
7511.718113481034,-13.975028823081402,0.4291021470209344
7513.129184561811,-6.470009189068378,0.42448147980995304
7514.540255642588,2.2371993564898958,0.4193280535171527
7515.951326723365,6.031195499208366,0.4170297196154911
7517.362397804141,4.7764635802164435,0.416940644892193
7518.773468884919,7.2220308382050575,0.4154235437133129
7520.184539965696,6.782350331401801,0.41642919435164605
7521.595611046472,2.4889563702269015,0.4189039477404699
7523.0066821272485,-3.704273088496734,0.42159397730083004
7524.417753208026,-7.451113383436564,0.42325342830579304
7525.828824288803,-2.6624877854352462,0.42000414589522794
7527.239895369579,0.13688971175434972,0.41916407443305465
7528.6509664503565,-0.07176355901532361,0.420122932989111
7530.062037531134,-2.673900483913769,0.42204544915502645
7531.47310861191,-5.8370731238572375,0.4237548650345172
7532.884179692686,-5.401674877979758,0.4231232248462853
7534.2952507734635,-0.5636773632299423,0.420601551654573
7535.706321854241,3.2882596531597414,0.4184788436190314
7537.117392935017,4.9727900838339,0.41718674790264376
7538.528464015794,5.349946190116384,0.4167076749535957
7539.9395350965715,6.904400518520845,0.41672002965362137
7541.350606177348,5.826352172845247,0.4161900866664543
7542.761677258124,3.475414308758502,0.4179258921412582
7544.172748338901,1.7051580808891345,0.4193957884443932
7545.583819419679,1.0877363230674746,0.4198483616878799
7546.994890500455,1.0289741508505585,0.4200951885827665
7548.405961581232,-2.0327637204101165,0.42160324417298656
7549.817032662009,-0.0551510992181079,0.42052201141253137
7551.228103742786,3.8169113462323594,0.4185911943819077
7552.639174823562,5.670983184381498,0.41766798628904683
7554.05024590434,2.546670504702604,0.4190317242164644
7555.461316985116,-3.0727941921075512,0.4215604758396476
7556.872388065893,0.23750698185966712,0.42053423615045277
7558.28345914667,-0.8527109231676491,0.420941391027084
7559.694530227447,-2.8984833178751614,0.42198915916032587
7561.105601308223,-2.5959455124236683,0.42231717943552755
7562.516672389001,-0.04180939773857517,0.4211094096709697
7563.927743469778,1.3694485720042167,0.4203023038233678
7565.338814550554,1.4738989510704528,0.41993669627402047
7566.7498856313305,1.4056531156569463,0.41988877015910375
7568.160956712108,1.2649482570341775,0.41999205641908033
7569.572027792885,0.7336727624227706,0.4200519476251508
7570.983098873661,1.241936646285069,0.41974655296473995
7572.394169954438,-0.3281951870811781,0.42017240081154483
7573.805241035216,-1.8679320333944247,0.4207316044193705
7575.216312115992,-1.8810065261872069,0.420985503169447
7576.627383196768,0.15081463464537137,0.42072474988544123
7578.0384542775455,0.42508666984520005,0.4208091568308069
7579.449525358323,1.982975583041366,0.42002559630087477
7580.860596439099,0.6908649502611866,0.4210840766003421
7582.271667519876,-3.5507923733997586,0.42396475621385643
7583.6827386006535,-9.309425401467024,0.4275932555645216
7585.09380968143,-12.585914776236564,0.43004082626868756
7586.504880762206,-9.337318779091333,0.42672934529480233
7587.915951842983,-2.0768909040953076,0.4223567092475745
7589.3270229237605,2.535174119361386,0.4205299089044755
7590.738094004537,-0.28717825233729855,0.42247611969342574
7592.149165085314,-5.4536195362482545,0.42461253063587046
7593.560236166091,9.594599374490542,0.41538580037815126
7594.971307246868,13.294566872964083,0.4096172768646053
7596.382378327644,3.3191532706140947,0.4111358962438617
7597.793449408422,-6.356939032291848,0.41273230930433746
7599.204520489198,17.219123202229525,0.39346575524221905
7600.615591569975,20.349774027801402,0.3871834531101142
7602.026662650752,3.3014510350854493,0.39406871203718224
7603.437733731529,-8.818442180999284,0.3984342984163031
7604.848804812305,-7.139101354603213,0.39512605629071895
7606.259875893082,1.875881050386397,0.38910182633761875
7607.67094697386,-1.9483907337881874,0.39118073211899723
7609.082018054636,-5.9276511329015875,0.39661168219736687
7610.493089135412,-6.94639975979419,0.4001495025577141
7611.90416021619,-3.2917960041712604,0.4015371662721736
7613.315231296967,5.838708109289996,0.4033382366028713
7614.726302377743,5.57377572750255,0.40494804866712136
7616.13737345852,-5.912110028927771,0.416635371050199
7617.548444539298,-16.243424467320153,0.4258393989752952
7618.959515620074,-15.048070051775596,0.42732303502294366
7620.37058670085,2.066775575868405,0.42062093367505116
7621.7816577816275,4.317470280192026,0.417263292444366
7623.192728862405,0.655816019530107,0.4160512691444119
7624.603799943181,0.0006879421944177011,0.4144907547097659
7626.014871023958,2.4228302747083035,0.41193253153547116
7627.425942104735,5.115168938821171,0.408892753586367
7628.837013185512,3.9615069111271737,0.40923136656507314
7630.248084266288,3.5336275352523785,0.4095740701007625
7631.659155347065,0.04817131081591697,0.41063344369976074
7633.0702264278425,0.4904040622864727,0.4111256400303967
7634.481297508619,9.207024906426113,0.40966653817805554
7635.892368589396,7.064869897327526,0.4061915770104957
7637.303439670173,6.445709871125189,0.4115240603848184
7638.71451075095,12.270344924185792,0.40722686349524867
7640.125581831726,14.513266447868602,0.4046922892735441
7641.536652912503,6.378522094041614,0.4132483427430781
7642.94772399328,2.425862937565171,0.41654462162625383
7644.358795074057,3.897852142994168,0.41223974378914974
7645.769866154834,-2.8168671162444525,0.4213962869829279
7647.180937235611,-6.893833729427001,0.4254042058209149
7648.592008316387,0.9926843307923718,0.4131017784111554
7650.003079397164,15.661068561603258,0.41376679739786715
7651.414150477942,-10.322738072369646,0.4266970200015809
7652.825221558718,-0.7176337852523034,0.42208331390178344
7654.236292639494,6.396630659387938,0.4181622309230907
7655.647363720272,-15.213143440916213,0.42845562582943897
7657.058434801049,-16.955414120271996,0.43587110952146646
7658.469505881825,-5.9158321242601914,0.4271332592479997
7659.8805769626015,-10.203219450485108,0.4297478610356299
7661.29164804338,-20.928872255965643,0.437069477390141
7662.702719124156,-26.53429997272525,0.44052254829715776
7664.113790204932,-19.20173591497104,0.4374052398596482
7665.524861285709,-23.03412453850541,0.43812117069321466
7666.935932366487,-16.62569963476784,0.43429137655638905
7668.347003447263,-3.319779998007391,0.42727759471305515
7669.75807452804,8.060055680847427,0.4211547531553858
7671.169145608817,2.0302614951184523,0.4248332779711123
7672.580216689594,-7.675982822281526,0.4278380910573872
7673.99128777037,2.2375299989275277,0.4239249543399486
7675.402358851147,13.337507743488572,0.41932375865074006
7676.8134299319245,8.840411295200397,0.42005590752547867
7678.224501012701,-2.725794244095539,0.42667150861798964
7679.635572093478,-3.9640047643758862,0.4263827162552075
7681.046643174255,0.1929062701083808,0.42419297549022866
7682.4577142550315,1.9611088734817486,0.42341125141519703
7683.868785335808,-2.4763501541431765,0.42565089371695497
7685.279856416585,-2.888172998401899,0.427156942123256
7686.690927497362,3.530580576979503,0.42394239637057135
7688.101998578139,6.694678855667746,0.422395306604001
7689.513069658916,4.495008316962469,0.4239116663393689
7690.924140739693,-2.4002775723382683,0.4281247571190156
7692.335211820469,-7.0013866155226765,0.43112235122347725
7693.746282901246,-3.035826292562092,0.42844605692177545
7695.157353982023,0.10794526543929805,0.42683625217091425
7696.5684250628,-0.7725539509327746,0.42763371318990245
7697.979496143576,-6.55631047960884,0.4307333256497773
7699.390567224354,-11.339314044093612,0.4355207575800204
7700.801638305131,-7.9509048373497535,0.43224041789609646
7702.212709385907,-0.3333225123698753,0.42737627016766566
7703.6237804666835,5.534613199365026,0.42423763964160377
7705.034851547462,3.713191328768346,0.4249133868368445
7706.445922628238,-1.4082554359891901,0.42801590977629766
7707.856993709014,0.2596944004201873,0.42755448668181867
7709.268064789791,1.0028725455754284,0.42704906791528024
7710.679135870569,-0.9802057139250451,0.4276320888674615
7712.090206951345,-4.639338392809748,0.42926016102424003
7713.501278032122,-6.995901945008825,0.42917602978353087
7714.912349112899,-11.556395383165807,0.43021821784625636
7716.323420193676,-9.437705214821335,0.42964717186861245
7717.734491274452,-1.7928836292343817,0.4265910862705767
7719.145562355229,3.3270059820439997,0.4215472266035406
7720.556633436006,1.399348703371345,0.4254837733255191
7721.967704516783,-1.1024710553540444,0.42776492433766933
7723.37877559756,-2.137356631334683,0.42879717930678246
7724.789846678337,-1.7312723861731456,0.42906713585268463
7726.2009177591135,-2.3750206440550983,0.42920564727474697
7727.61198883989,-4.587371993007423,0.4301969678000041
7729.023059920667,-1.9724659183194717,0.4290940063097278
7730.434131001444,0.9493539655362042,0.4277294205121026
7731.845202082221,1.2098602709272086,0.427541850633474
7733.256273162998,-0.2878268775608035,0.42902458259768717
7734.667344243775,1.003777027442311,0.42747973087278757
7736.078415324551,2.2360661427784976,0.4267252568446256
7737.489486405328,3.335779714216244,0.42607376315103235
7738.900557486105,4.217124665445397,0.4250867195218862
7740.311628566882,4.343765503476732,0.42653660769353086
7741.722699647658,0.836244227774614,0.42709640985606473
7743.133770728436,-1.7510402436362824,0.4294797369364332
7744.544841809213,-2.238547414645325,0.4310564362054473
7745.955912889989,-1.3560488063494063,0.429227489285778
7747.366983970765,-8.548417084189055,0.43499843379387515
7748.778055051543,-16.78003257449035,0.43846821280509424
7750.18912613232,-14.921806994512053,0.43516772182572094
7751.600197213096,-5.0716921347734,0.4271431382602946
7753.011268293873,3.3099685775493413,0.42033201373322154
7754.422339374651,4.761368905568645,0.42245734922988515
7755.833410455427,5.409684077727661,0.4241674918455451
7757.244481536203,5.254636423033389,0.4250945561972787
7758.655552616981,4.718726365140185,0.42510768869312016
7760.066623697758,4.3859184337378565,0.42429874860058825
7761.477694778534,4.033895715033452,0.42394831931699684
7762.888765859311,5.142099573215944,0.4237047488284069
7764.299836940088,6.6653830459965775,0.42373610203867534
7765.710908020865,7.397851020532983,0.4241970295363121
7767.121979101642,5.8258974814720546,0.42523744469351316
7768.533050182419,4.330685278515091,0.4261908238508829
7769.9441212631955,3.655418466585445,0.42668752687021483
7771.355192343972,2.8365316288507074,0.42715024220121234
7772.766263424749,1.05863887120762,0.4279037393157391
7774.177334505526,2.024791683020055,0.4270745322645478
7775.5884055863025,3.149301012607907,0.426643248699599
7776.99947666708,1.8216532389130293,0.42796294045227273
7778.410547747857,-2.3574353413401354,0.4309651401369224
7779.821618828633,-8.540270829908252,0.4347434905257414
7781.23268990941,-10.715235848763768,0.4358090314338944
7782.643760990187,-4.925501793323065,0.4317413306664582
7784.054832070964,0.8997716661328354,0.4282883092071913
7785.46590315174,2.8703017649798994,0.4279049357612112
7786.876974232518,0.3641834513207982,0.4288379860516798
7788.288045313295,-1.7232620019499336,0.43069138459373657
7789.699116394071,-2.9351741856721674,0.43122636847381296
7791.110187474847,-0.25456766715853973,0.42898911070873785
7792.521258555625,7.177370555504126,0.42385835220406004
7793.932329636402,9.097609120255242,0.42148112138612115
7795.343400717178,7.901025849092093,0.4204645176114858
7796.754471797955,4.053271856704555,0.42307296376311876
7798.165542878733,-1.2789119930824313,0.42800653623662177
7799.576613959509,-6.149461236419938,0.43230749641360877
7800.987685040285,-1.8348379699477277,0.43095425610956
7802.398756121063,0.5199291967470003,0.4295023156575209
7803.80982720184,1.8071892713890634,0.4285941445165054
7805.220898282616,2.4116095381600644,0.42859583530587114
7806.631969363393,0.3544602009715163,0.42969706682401543
7808.04304044417,-3.6131608712125853,0.4317157126055931
7809.454111524947,-6.05586693025333,0.43267348641182224
7810.865182605723,-5.88436088636513,0.4324644444771302
7812.276253686501,-2.0153112558060684,0.4311022995505907
7813.6873247672775,3.54883490691725,0.4279727555297674
7815.098395848054,5.495436973963876,0.4265448138457259
7816.509466928831,6.004793497668118,0.42630149139256074
7817.920538009608,5.833811985216869,0.4266181045768115
7819.3316090903845,5.163940950847859,0.4266610226317412
7820.742680171162,3.002688091485936,0.4261868187406826
7822.153751251939,1.7135869327427713,0.4251366176072021
7823.564822332715,2.962993242659593,0.4237252046814978
7824.975893413492,5.532072268689262,0.4231609691716765
7826.386964494269,4.233692371396444,0.42729159406349876
7827.798035575046,5.696948635746367,0.42644903767358106
7829.209106655822,3.860766204597553,0.4281273196452454
7830.6201777365995,-2.419095787347601,0.4324657300033541
7832.031248817377,-12.284772246055752,0.4379496384712769
7833.442319898153,-10.517543512491386,0.43801343223363975
7834.853390978929,-10.06230935607931,0.4372694782060186
7836.264462059707,-7.100151057692813,0.4355650309299719
7837.675533140484,-2.619133375286708,0.433116511479097
7839.08660422126,0.23163299366285628,0.4305551757910363
7840.497675302037,1.1895014317824462,0.4299271476220173
7841.908746382815,1.9871364616670917,0.4283217732179253
7843.319817463591,2.690587809870692,0.42743223220994664
7844.730888544367,2.924066786829883,0.42834978032308757
7846.141959625144,3.501329501461555,0.42879254466702577
7847.553030705922,4.117342327993754,0.4277015394591971
7848.964101786698,3.589636925176194,0.42870555103870817
7850.375172867475,2.167685696377646,0.4301721689948624
7851.786243948252,0.830786289292746,0.4278052481106178
7853.197315029029,0.9225730613418932,0.4261347124012198
7854.608386109805,1.8356946712957551,0.4233451018444291
7856.019457190583,0.7931320974610685,0.4246337065046089
7857.430528271359,-2.51132630342164,0.4309598429634721
7858.841599352136,-1.7861957789259009,0.43181547480022975
7860.252670432913,2.7664732092048325,0.42883578194010824
7861.66374151369,6.550256421212964,0.425744849659838
7863.0748125944665,8.475517362522453,0.42440314244652755
7864.485883675243,6.952095784389542,0.4263098243087144
7865.896954756021,6.362700664665056,0.4270860455414074
7867.308025836797,6.338154792136606,0.42765549594877716
7868.719096917574,4.415464592888213,0.4283067138519164
7870.130167998351,0.6409651772725624,0.42864394622455826
7871.541239079128,4.688729099717307,0.42644980283723444
7872.952310159904,7.8954519575132736,0.42542515044448936
7874.3633812406815,5.063563778456455,0.4276628101957642
7875.774452321459,0.3058385255704934,0.43103868701186987
7877.185523402235,0.10930839914595936,0.43225023271510776
7878.596594483011,1.6269415262603957,0.43127869632564997
7880.007665563789,0.46793259639696316,0.4307461063928823
7881.418736644566,-0.9631880211318844,0.43153871177140785
7882.829807725342,-1.0172898753684763,0.4327047175813802
7884.240878806119,2.5236241224597507,0.4288438197964226
7885.651949886897,5.108862462348725,0.4292367496339369
7887.063020967673,2.443713354452939,0.43156358543894646
7888.474092048449,-1.3341493992209053,0.4331133450138396
7889.885163129226,0.095745662011268,0.43085373344792194
7891.296234210004,2.7750041708496838,0.42842186054990633
7892.70730529078,0.4088692906739766,0.43007967908721195
7894.118376371557,-4.319024418326649,0.4343456948194749
7895.529447452334,-8.764961999457455,0.43907735489694133
7896.940518533111,-7.682220855090009,0.4388415287426134
7898.351589613887,-1.8428998111897954,0.43507348665794293
7899.762660694664,2.7711467329359607,0.4321423609547195
7901.173731775441,4.0649411417995225,0.4313706258493926
7902.584802856218,0.1564535291405491,0.4334456233423063
7903.995873936995,-1.5310264879477131,0.43449403278420884
7905.406945017772,-0.10667864040988206,0.4335896897386097
7906.8180160985485,2.1695318388717055,0.4323960139206962
7908.229087179325,3.6372157895484634,0.43213807226972994
7909.640158260103,0.5975388649136448,0.43355984866424924
7911.051229340879,-1.9130092201498883,0.43453804636185545
7912.4623004216555,-2.2811340342990434,0.4321434277489925
7913.873371502433,-1.1282699760795936,0.4274854030009802
7915.28444258321,0.0,0.4240146212210041
7916.695513663986,-1.435385264807337,0.4284615099088751
7918.1065847447635,-3.3802468792147806,0.4334718548058485
7919.517655825541,-4.657167878805467,0.4362935585387298
7920.928726906317,-3.8535621209656483,0.4350779736691663
7922.339797987093,-1.165916681284557,0.4308992143986063
7923.750869067871,-0.9338641911133436,0.4322787892068709
7925.161940148648,-1.4778171613019708,0.4342601416228287
7926.573011229424,-2.0884531953557826,0.4355860170150659
7927.984082310201,-2.464035791514391,0.4373420436367542
7929.3951533909785,-4.62338871730384,0.4382217873320184
7930.806224471755,-8.25139968490629,0.43953263180682445
7932.217295552531,-9.807472491850206,0.43999282883198143
7933.628366633308,-5.632383637328132,0.43820850551854845
7935.039437714086,-5.9771832179748685,0.43853183532010265
7936.450508794862,-9.803970252904378,0.44187050083819407
7937.861579875639,-11.907947113679995,0.4434477232906351
7939.272650956416,-9.24902151137917,0.44119457337580664
7940.683722037193,-0.6412527202126626,0.4369198005876826
7942.094793117969,-1.7521232628627104,0.4379312328554879
7943.505864198746,-9.729454259046406,0.44290752381468873
7944.916935279523,-18.50992648535498,0.4484778139290236
7946.3280063603,-17.983121903968538,0.4489775970932385
7947.739077441077,-10.66969015885104,0.44226346691104634
7949.150148521854,-3.7492798543404433,0.43723356640016414
7950.56121960263,1.6095430080702613,0.4333317154070319
7951.972290683407,4.571704637481787,0.43012071406225766
7953.383361764184,4.932979900169869,0.4315646700997142
7954.794432844961,3.9412245008280706,0.432731333447687
7956.2055039257375,3.981419870296236,0.432866274916007
7957.616575006515,4.978710414377531,0.4323937342015211
7959.027646087292,3.03229301291384,0.4338211337746874
7960.438717168068,-1.5232198042520508,0.43690894619586446
7961.849788248845,-5.333651540509322,0.438933089294802
7963.260859329623,-7.437363855272395,0.43873082613804043
7964.671930410399,-7.353510089809163,0.4352349780278081
7966.083001491175,1.080642365614608,0.4299375027098423
7967.4940725719525,2.573203247053243,0.42914284526666213
7968.90514365273,0.6776207988627903,0.4315640898622179
7970.316214733506,-1.2280503452547578,0.4353984430467663
7971.727285814283,0.11273285542563372,0.4348897976268351
7973.1383568950605,2.024505222712378,0.4346111160915702
7974.549427975837,3.9674783390461243,0.4336707778318743
7975.960499056613,4.991367690097945,0.4326557194735577
7977.37157013739,2.1455257240154992,0.43477846588441754
7978.782641218168,1.143440076979175,0.4337084962020622
7980.193712298944,3.2443837107016407,0.43164187341533283
7981.604783379721,6.564717809870444,0.42961221326429133
7983.015854460498,7.524035007152634,0.4287536519926269
7984.426925541275,2.312114979027058,0.43448291002159434
7985.837996622051,0.06024094159027982,0.4366441714861051
7987.249067702828,0.33034603837563736,0.43645950906068004
7988.660138783605,2.3543999726965694,0.4353820209884285
7990.071209864382,4.444163275000676,0.43407984323730503
7991.482280945159,5.126059137894401,0.43225745655020803
7992.893352025936,4.685708738965843,0.4299749886611844
7994.304423106712,3.326127980176011,0.4279788898216462
7995.715494187489,1.2348843441104123,0.42953580970436483
7997.126565268266,-3.2205009132305236,0.4359981321916431
7998.537636349043,-11.282290065420796,0.44386688973356925
7999.9487074298195,-18.18537591350065,0.44963560900936833
8001.359778510597,-12.837460920764272,0.4472468727394823
8002.770849591374,-5.081238525409276,0.4421769786358596
8004.18192067215,0.7005858438459427,0.43777828736128516
8005.5929917529265,4.151582865404407,0.43521872632221736
8007.004062833705,4.646276078542996,0.43553584497391323
8008.415133914481,-3.90850400948284,0.4408269047891
8009.826204995257,-5.248090592937217,0.4419125584222155
8011.2372760760345,-3.4304285590862946,0.44065981188302117
8012.648347156812,-1.1084138101884378,0.4386513358762255
8014.059418237588,-0.7079225819794601,0.43799003405557374
8015.470489318364,0.0,0.4368040319662045
8016.8815603991425,1.5474127108658422,0.4358727740833078
8018.292631479919,3.659898772383258,0.4353239683800755
8019.703702560695,5.243981218295119,0.4345069992223621
8021.114773641472,5.999589498062733,0.4347619335678123
8022.5258447222495,3.2492238733429986,0.43668922231602014
8023.936915803026,-2.4955531501674955,0.43977446219511557
8025.347986883803,-9.044814164847878,0.4426688752627363
8026.75905796458,-12.502486392440716,0.4437436459397847
8028.170129045357,-12.9157190207508,0.4441148442328609
8029.581200126133,-10.492383608065325,0.4436308447778163
8030.99227120691,-5.4206606765804395,0.4420264572459194
8032.403342287687,0.07094175225688559,0.4391001917178894
8033.814413368464,1.0744184593045816,0.4385935430700641
8035.225484449241,0.2374755598712568,0.4390821575941019
8036.636555530018,-0.31126295757957223,0.43937297154423505
8038.047626610794,0.861122280576069,0.43879699356346535
8039.458697691571,1.8515049301111617,0.4381162514352656
8040.869768772348,2.5644046251987334,0.43758868906200604
8042.280839853125,2.5947822259470854,0.43779938907809685
8043.691910933901,-1.3912263437668457,0.44128016453669533
8045.102982014679,-12.271512557766641,0.44866607496917615
8046.514053095456,-18.808747344084537,0.4534272150194467
8047.925124176232,-16.900489592026673,0.452943626794198
8049.3361952570085,-5.7681292433525755,0.44468135336557213
8050.747266337786,2.025486492216544,0.43976265020253413
8052.158337418563,3.093889019847097,0.43792608981777364
8053.569408499339,0.9768647400227337,0.4379960415582885
8054.9804795801165,1.7376204961616963,0.43779624528264494
8056.391550660894,6.525600966324589,0.4354318996588753
8057.80262174167,8.173151012638016,0.4351923378546159
8059.213692822446,6.704095083727395,0.4363186320599935
8060.624763903224,2.8879250875497746,0.4374775158723951
8062.035834984001,3.7705981985592985,0.4364354237382437
8063.446906064777,7.429986132281613,0.432732120265464
8064.857977145554,9.162833248598702,0.4312513035698084
8066.2690482263315,5.401714344615982,0.4356865112356477
8067.680119307108,3.584985613131721,0.4376347778700529
8069.091190387885,3.315109403503584,0.4387446361377934
8070.502261468662,2.328670729043381,0.43986742721448924
8071.913332549439,-0.9388856122868106,0.44148906150000655
8073.324403630215,-4.6403741717193725,0.44355989238485344
8074.735474710992,-0.6272499662387645,0.44141004894127855
8076.146545791769,2.3372842610718862,0.4394240625881505
8077.557616872546,2.20295032186732,0.4387876300706378
8078.968687953323,5.193342119521617,0.4369248436992898
8080.3797590341,5.005457561185494,0.4378190274559695
8081.790830114876,2.5444247937363684,0.43923908285552327
8083.201901195653,-1.0732497433382946,0.44093576686156494
8084.61297227643,-3.270047306724564,0.44401463531223356
8086.024043357207,-5.5276330004420515,0.44474940135642066
8087.435114437983,-3.830428579976058,0.4433368396200857
8088.846185518761,0.7248386359401593,0.44055703024012577
8090.257256599538,3.6546067702157075,0.4380977856394375
8091.668327680314,1.3530114293130282,0.44051003020781193
8093.0793987610905,-1.401255128381024,0.4422640373473893
8094.490469841868,-3.4134613292912945,0.4430020655344794
8095.901540922645,-1.7995628260951548,0.4431071781659773
8097.312612003421,-2.2198560149282685,0.4435912014085871
8098.723683084198,-0.4658381343140263,0.44222898706799046
8100.134754164976,2.918004492400371,0.4398019895372525
8101.545825245752,7.197579335577188,0.4374620020911981
8102.956896326528,8.504241083289457,0.435639900077522
8104.367967407306,7.83207536957633,0.4356087073103476
8105.779038488083,5.897151558558278,0.43739336550393215
8107.190109568859,3.271247854951639,0.4409029308934115
8108.601180649635,0.08430496541819821,0.4423729261255175
8110.0122517304135,-0.9198568177986886,0.4434100577781207
8111.42332281119,0.9297343036043344,0.4424761018588089
8112.834393891966,4.799088519090446,0.43875472136663773
8114.245464972744,5.450145672203746,0.4396502993270306
8115.6565360535205,3.0020859034838736,0.44058455661159707
8117.067607134297,0.0,0.4424436931720725
8118.478678215075,-1.789200054550065,0.44523181249222815
8119.889749295851,1.486093739871933,0.44254180531182336
8121.300820376628,3.529442901381344,0.4407511094760279
8122.711891457404,5.192508754456412,0.4393057664573412
8124.122962538182,6.364242681699068,0.4382512234271078
8125.534033618958,3.85109976734077,0.4402030984813583
8126.945104699735,0.6341884486317326,0.4418098710534275
8128.356175780513,-0.4675469835778472,0.44236838530056927
8129.767246861289,1.2504321210223566,0.4415364006380498
8131.178317942065,4.496478053106443,0.4391088103206594
8132.589389022842,4.8094711155719665,0.43852308558605796
8134.00046010362,4.056567052873788,0.43788119691860994
8135.411531184396,2.9944322447473724,0.4376437650598426
8136.8226022651725,-0.20440533924676174,0.44368253371521915
8138.233673345951,-1.8233675370162246,0.4420563979111656
8139.644744426727,-1.668878590066015,0.4418096455002514
8141.055815507503,-0.8999178060707891,0.44444066354770306
8142.4668865882795,-4.953869594784692,0.4443879266182294
8143.877957669058,-4.889426160970345,0.44493881503800736
8145.289028749834,-3.574341020863642,0.44428339505998393
8146.70009983061,-2.149701657789592,0.4426177703460875
8148.111170911388,-2.394377364092975,0.4425958472913992
8149.522241992165,-1.0899161438240412,0.4411406923387652
8150.933313072941,1.5282737257185772,0.4392127629138872
8152.344384153717,4.069861547786672,0.4380421043081331
8153.7554552344955,0.9806163549367852,0.4412108222810349
8155.166526315272,-5.640858552739218,0.4444233701621124
8156.577597396048,-5.6389773897930695,0.4447773200485274
8157.988668476826,-0.5074637859776203,0.4430458225361066
8159.3997395576025,-2.3230447505906113,0.4438327988679536
8160.810810638379,-5.0484420062661,0.445738259635825
8162.221881719155,-2.588560262829162,0.4423083838769758
8163.632952799933,2.43753749790892,0.43602363738591815
8165.04402388071,-0.7226804439949319,0.4388142035698321
8166.455094961486,-2.2755451512089166,0.44094576522707324
8167.866166042264,-0.5831287766118294,0.4411219517889814
8169.27723712304,2.4345186177688447,0.43994169886452505
8170.688308203817,0.481972131761097,0.44000203327907933
8172.099379284595,-3.8673661701378705,0.4434678463723476
8173.510450365371,-5.714808816872221,0.44596438380573805
8174.921521446147,-4.339131976182244,0.44647345510370157
8176.332592526924,-2.2291024465403666,0.4443653980115538
8177.743663607702,-2.887299121291335,0.44290755329215165
8179.154734688478,-5.780762001510908,0.4442269482514155
8180.565805769254,-9.933188863278929,0.44742644780265756
8181.976876850033,-12.78292895603397,0.44837338820686423
8183.387947930809,-12.643665856642428,0.4512247863574389
8184.799019011585,-10.6176349729825,0.4505616625126504
8186.2100900923615,-7.6308770807212625,0.44709667238411055
8187.62116117314,-5.103077131752116,0.4468556558713527
8189.032232253916,-9.525837978895652,0.4490082997179484
8190.443303334692,-5.909753035577097,0.4466842539275697
8191.85437441547,2.8857818367571895,0.44170393398400754
8193.265445496247,-6.047402097064833,0.4460973301900749
8194.676516577023,-18.86622327465591,0.45591136255816045
8196.0875876578,-19.980854832350616,0.4573207971137116
8197.498658738577,-9.183081038803238,0.44991833090704
8198.909729819354,-0.984204689142814,0.44532036648648843
8200.32080090013,-8.14196569278704,0.44879581914094585
8201.731871980908,-12.402661741811215,0.4518651925301189
8203.142943061684,-10.177301697627286,0.4523484105575732
8204.55401414246,-7.089288996370499,0.4506150767626752
8205.965085223237,-7.649068234068466,0.45297099747988456
8207.376156304015,-8.528527868946412,0.45391468255867945
8208.787227384792,-8.338648131222612,0.45219141347121994
8210.198298465568,-5.490628067696122,0.4502646862264044
8211.609369546346,-6.136303517263713,0.451253479199366
8213.020440627122,-7.0460796294851775,0.45143762705465373
8214.431511707899,-6.427899759020875,0.4499088054798073
8215.842582788677,-3.3759894606487535,0.449703656285289
8217.253653869453,-3.394141524769367,0.4496439123663988
8218.66472495023,-6.275269887458279,0.45124039867224763
8220.075796031006,-11.985838224836016,0.45469890329838997
8221.486867111784,-11.74017384598804,0.45555527849860267
8222.89793819256,-9.963062730915368,0.4539728710333837
8224.309009273336,-4.549440481406407,0.4497344234394322
8225.720080354115,3.9151735247059776,0.4432638250662919
8227.13115143489,2.4337907003893804,0.44313202085637476
8228.542222515667,-4.783610520056726,0.4447688735405898
8229.953293596443,-10.523793324547938,0.4461890586797045
8231.364364677222,-10.268226928516384,0.44603836331460894
8232.775435757998,-2.5331647096305687,0.4429636355896135
8234.186506838774,-4.473163382643406,0.4471853845460517
8235.597577919552,-6.134192249055872,0.4506195744779881
8237.008649000329,-0.5596697230702716,0.4466097482226732
8238.419720081105,8.285501168877943,0.44124057168123426
8239.830791161881,15.037444678044608,0.43624516003332797
8241.24186224266,18.387345088485404,0.4337955933926812
8242.652933323436,17.090476718092532,0.4364113809852232
8244.064004404212,4.733920794476887,0.4426033029440341
8245.47507548499,2.122380120349618,0.44402898522321843
8246.886146565766,7.567288972691529,0.44105916086829566
8248.297217646543,18.22865118402106,0.4342574018383261
8249.708288727319,22.36531756075624,0.43133120685542203
8251.119359808097,23.901135311107396,0.4299147481817715
8252.530430888874,23.708121412746692,0.4295723413432149
8253.94150196965,24.587219325923712,0.4298783636021902
8255.352573050428,18.317560381809386,0.43474659189499415
8256.763644131204,9.372535290591145,0.4405036868853437
8258.17471521198,1.0032398047594313,0.44573444981694815
8259.585786292757,1.7731639661990641,0.4477146690860091
8260.996857373535,7.482911721550153,0.44299448965362653
8262.407928454311,11.440325422559283,0.43977741017800503
8263.818999535088,12.853460983995035,0.43911911770823325
8265.230070615866,12.039298122319053,0.4383675265812786
8266.641141696642,17.80786938374257,0.4348527024013669
8268.052212777418,23.391931421500118,0.4312501350577129
8269.463283858197,26.485338512442468,0.428837443391455
8270.874354938973,25.66816160275448,0.430664630446874
8272.28542601975,16.474936853422548,0.43637900983252526
8273.696497100525,3.193659721096992,0.4459329588546423
8275.107568181304,-11.068424026267508,0.4584267003100236
8276.51863926208,-13.736637114817654,0.4586963487491337
8277.929710342856,-7.22830082004478,0.4533119294988911
8279.340781423634,-0.5936592335309001,0.44729670848099967
8280.75185250441,-0.20846691000747342,0.44429825073556656
8282.162923585187,-5.9737243733417245,0.4483112731808367
8283.573994665963,-4.994536770051127,0.4259909063303157
8284.985065746741,1.1593908667224468,0.39996932331480795
8286.396136827518,11.16460182633142,0.3965511157026751
8287.807207908294,9.302250604617086,0.42684776747177444
8289.218278989072,-0.9734456576177024,0.4433320825290618
8290.629350069848,-10.199665734759407,0.4475596682996154
8292.040421150625,-0.5909945987252456,0.44559703142717944
8293.451492231401,-0.5953411415755738,0.44717569627744147
8294.86256331218,-5.1548618727648545,0.45239382501405156
8296.273634392956,-10.170671541963173,0.45689077771081343
8297.684705473732,-4.538784103595987,0.44667485584464633
8299.09577655451,8.122360395570638,0.43681805031230436
8300.506847635286,11.64476440512749,0.43393798678500356
8301.917918716063,4.684001319277229,0.4386032239640205
8303.328989796839,3.598269007788332,0.4439823334566742
8304.740060877617,-5.285859473403207,0.4520359675869705
8306.151131958393,-12.528684027421804,0.45806417977991315
8307.56220303917,-13.707705840567968,0.4594993103145712
8308.973274119948,-3.094666776288989,0.4509304726588526
8310.384345200724,4.740976804324816,0.44543979711980985
8311.7954162815,7.0888654465945535,0.44325119264229135
8313.206487362277,1.3899654595250297,0.44481801147008837
8314.617558443055,2.2933294952357244,0.44724305826759914
8316.028629523831,2.085614839228924,0.4475040175794942
8317.439700604607,0.9506101319271067,0.44792889951854165
8318.850771685386,-0.866107576574791,0.4519753866699416
8320.261842766162,-6.291277620864207,0.4547620559636246
8321.672913846938,-11.882770635662752,0.4583301755583535
8323.083984927716,-14.514018146595618,0.4606721348528233
8324.495056008493,-5.825787678442424,0.4556641000776807
8325.906127089269,-3.9556849014147133,0.45347409446549836
8327.317198170045,-5.096148506611797,0.45429665362702515
8328.728269250823,-8.213456851277641,0.4574529756988643
8330.1393403316,-12.049500621515392,0.4587368391266251
8331.550411412376,-14.981523931035355,0.46286592735049886
8332.961482493154,-15.179223532041306,0.46349494016520687
8334.37255357393,-12.167470386987588,0.45799050368130895
8335.783624654707,-3.4543292749373222,0.4537180333606061
8337.194695735483,-4.243408961652932,0.4537725843804227
8338.605766816261,-9.44738438687179,0.45715514503291277
8340.016837897037,-14.568815132645653,0.46336422967189184
8341.427908977814,-8.224067776324091,0.45670868326937164
8342.838980058592,-1.4828602855441204,0.4477019946567806
8344.250051139368,3.350379712804937,0.4378592259941017
8345.661122220145,1.974428549655869,0.4292912667981122
8347.07219330092,7.2711711917355615,0.42960574288429826
8348.483264381699,7.190537561807304,0.43500973622084854
8349.894335462475,2.672358511274979,0.4430218083642031
8351.305406543252,3.6957804252176913,0.445988719052451
8352.71647762403,5.680064589796814,0.4421203177687073
8354.127548704806,5.83576847277368,0.4406015840081363
8355.538619785582,3.0598990957331296,0.4443899607639859
8356.949690866359,-1.6292295688936065,0.4489100436659298
8358.360761947137,-3.079903644362389,0.45227035571484475
8359.771833027913,-1.6499998888495497,0.4531105942949918
8361.18290410869,2.865307289988806,0.450078262192725
8362.593975189468,-0.6031685378947884,0.4510578936621181
8364.005046270244,-2.055686819326013,0.45166140734213356
8365.41611735102,-1.5280013508152877,0.4511806814222148
8366.827188431796,2.0546421019307672,0.44831519749446674
8368.238259512575,3.745926688439397,0.44824080251569914
8369.64933059335,4.842178329317903,0.4478541057508926
8371.060401674127,6.4242247532375245,0.4468094461935172
8372.471472754905,9.924291893685108,0.4455255035190427
8373.882543835682,8.514238669167213,0.4457268120927538
8375.293614916458,3.6825700003432758,0.44920972073627835
8376.704685997236,-3.761332045006185,0.4561762570140776
8378.115757078012,-4.239731260644248,0.45554234818107153
8379.526828158789,0.7725308098726202,0.4523163961693413
8380.937899239565,4.207872294115958,0.44919492694065644
8382.348970320343,-1.0402616473557487,0.4487578362563865
8383.76004140112,-0.754367136909849,0.45063462042840585
8385.171112481896,-5.576779599647324,0.4549323422542736
8386.582183562674,-13.851964739841975,0.4615269345541413
8387.99325464345,-21.37963909651404,0.47051297416538607
8389.404325724227,-17.08449629181885,0.4662252396228517
8390.815396805003,-6.59365848403209,0.45795146873302484
8392.226467885781,6.64403913948405,0.44892736350986623
8393.637538966557,6.451785601932869,0.4480126312626122
8395.048610047334,2.054826782734267,0.4508999265333119
8396.459681128112,-0.6475222346388989,0.45214810281966894
8397.870752208888,1.9828514552592367,0.44836860788031113
8399.281823289664,4.852397244470183,0.4373320560461187
8400.69289437044,5.81267218598785,0.43197487774768784
8402.103965451219,5.619060088287711,0.4324902916648112
8403.515036531995,5.214298379569357,0.44026051432814794
8404.926107612771,4.368332911674003,0.44572747733572826
8406.33717869355,4.2020657196527225,0.44869713351284873
8407.748249774326,4.2307679870783375,0.4498504025242671
8409.159320855102,1.1749851116659613,0.45244556625058724
8410.570391935878,-1.6266029529674029,0.45425999206915263
8411.981463016657,-2.698444380906153,0.4551008726536642
8413.392534097433,-1.4193923171288532,0.4547174411959744
8414.80360517821,0.633012867001213,0.4504878504172216
8416.214676258987,-0.14585432975721346,0.4487591001463276
8417.625747339764,-0.5003117262768058,0.44837944810892894
8419.03681842054,3.9392216467840626,0.4480825936286285
8420.447889501318,1.6435347174007973,0.45037788996989203
8421.858960582094,0.36645388111236343,0.4521883421595701
8423.27003166287,0.5115742281618907,0.4532041224643268
8424.681102743647,0.3777164726795661,0.4534696175810505
8426.092173824425,-2.747201218848062,0.4549150168415811
8427.503244905201,-2.0754905232377325,0.45177988101349403
8428.914315985978,5.022264712721579,0.44152990455673
8430.325387066756,6.175401802552813,0.4295502737591841
8431.736458147532,5.916423999071071,0.42651819516917094
8433.147529228308,3.0346698682818385,0.4320097731964284
8434.558600309085,-5.009097201806554,0.44736268502230325
8435.969671389863,-11.91570939447638,0.45803108633897194
8437.38074247064,-13.248109203977435,0.4628085209426969
8438.791813551416,-10.078163405904462,0.4623438164299275
8440.202884632194,-6.568170926365099,0.45937418975827515
8441.61395571297,-3.568338238882916,0.45720928042031517
8443.025026793746,-1.3862804067679804,0.45559525885323326
8444.436097874523,-0.11155303785184856,0.4544953382154874
8445.8471689553,-0.45714723203207086,0.45492194065247993
8447.258240036077,-0.028262928338449456,0.4543855905271135
8448.669311116853,1.2219984833283206,0.45318719704002375
8450.080382197631,3.3978709401509377,0.4516338098539976
8451.491453278408,2.3835443230039175,0.4497517085895223
8452.902524359184,2.5404990747375678,0.44789200337797197
8454.31359543996,4.1366627980058865,0.44638469130352176
8455.724666520739,4.90824013390656,0.44685791340741904
8457.135737601515,3.868278995285948,0.4492442316415792
8458.546808682291,2.8901906873095413,0.45108792469523845
8459.95787976307,3.023494799508029,0.45088972409202227
8461.368950843846,4.984064358291221,0.4502747904339902
8462.780021924622,3.4099987503792306,0.44964737168484425
8464.191093005398,0.5191656372846012,0.4481405363528515
8465.602164086176,-0.2558800691459453,0.443634176354821
8467.013235166953,-2.9115587779552357,0.44227257325980984
8468.424306247729,-5.572479842043123,0.44691509522918543
8469.835377328507,-7.403812698507693,0.45696146623862244
8471.246448409283,-5.3546509589931475,0.4568839340619826
8472.65751949006,-1.1301445214744774,0.4548322321033417
8474.068590570838,3.1574547024854382,0.45212969392501495
8475.479661651614,5.871921304967486,0.44986106851691166
8476.89073273239,5.489778994487267,0.4496329772415792
8478.301803813167,5.4779138497438,0.4500461984521298
8479.712874893945,5.355301268350246,0.4508885533866957
8481.123945974721,2.7431321643257434,0.45185062502987355
8482.535017055498,0.37269510141450723,0.4546962280628385
8483.946088136276,-0.10632890155903851,0.45522782546744167
8485.357159217052,2.3802686499558376,0.4515109766369701
8486.768230297828,5.245073586143263,0.4502247529962657
8488.179301378605,5.065950510242828,0.45087675118636816
8489.590372459383,2.962816736390238,0.4524989355017785
8491.001443540159,0.6052678347464848,0.45358799866724275
8492.412514620935,0.35955015430363346,0.45456082687373306
8493.823585701713,-3.977278515280659,0.4580610209967796
8495.23465678249,-14.120186488934735,0.4655813106543114
8496.645727863266,-35.41388854957248,0.4855322626288086
8498.056798944042,-46.54081197429454,0.4955773552469497
8499.46787002482,-45.341939882129395,0.49477647047841034
8500.878941105597,-26.429988104124902,0.4795159314499274
8502.290012186373,-14.637626129717546,0.46743765705511525
8503.701083267151,-7.63598440984029,0.45865838533187664
8505.112154347928,-4.150253987991391,0.45235507454106116
8506.523225428704,-0.9829024743440868,0.445339800054306
8507.93429650948,2.787446350519417,0.4448050247994087
8509.345367590258,5.026662885057988,0.447620792631299
8510.756438671035,4.533530436206092,0.4526743579846211
8512.167509751811,-5.167391420403192,0.45919513589840966
8513.578580832589,-11.953365987748612,0.46458969438271736
8514.989651913365,-15.048148112202057,0.4676868954257968
8516.400722994142,-11.970035329993266,0.46498882487455334
8517.811794074918,-6.842520084285866,0.46074248731840434
8519.222865155696,-2.900526841042165,0.4569866274612248
8520.633936236472,-1.279312443285221,0.4545016072931672
8522.045007317249,-3.8379025661488697,0.4560353869772648
8523.456078398027,-3.548332479715441,0.45714196101621646
8524.867149478803,-2.369010390979696,0.45772873663013774
8526.27822055958,-2.786579286054831,0.4574843960090331
8527.689291640358,-2.6106881722194544,0.4577473572804917
8529.100362721134,-2.41562776421236,0.45800737999633373
8530.51143380191,-2.666433179733758,0.45815896927874683
8531.922504882687,-3.956134602133062,0.4581074418587239
8533.333575963465,-2.79377367721645,0.45800373543349526
8534.744647044241,-4.404464606447561,0.4603148724818262
8536.155718125017,-15.11701972631451,0.46836733739085296
8537.566789205795,-25.409610272032012,0.47764299498835633
8538.977860286572,-41.60677726086607,0.49372761510875146
8540.388931367348,-63.71000864755402,0.5168938246143101
8541.800002448124,-86.35821409277739,0.5453904480878091
8543.211073528902,-88.83203709477829,0.5493264773324638
8544.622144609679,-73.56253569860138,0.5335322282362166
8546.033215690455,-37.937562094207266,0.4966817053640489
8547.444286771233,-23.757508155585384,0.4778920830392863
8548.85535785201,-14.771497609266817,0.46632056432343266
8550.266428932786,-9.079589670652638,0.46018826683187825
8551.677500013562,-4.233504165394038,0.45620803817121147
8553.08857109434,-1.019282497978196,0.45521298166893676
8554.499642175117,0.5953994044233752,0.4550817169233953
8555.910713255893,-0.006522991168452563,0.4547257348275668
8557.321784336671,-2.019494377460262,0.45663886589797914
8558.732855417447,-1.4239052568756279,0.45665521961619265
8560.143926498224,0.7173959385391981,0.45542042388462456
8561.554997579,-0.4516994465693642,0.45565046312222757
8562.966068659778,0.6618105662068388,0.4549784964471293
8564.377139740554,3.0039357129556947,0.4535071591917226
8565.78821082133,6.1922289470443275,0.4511435350181832
8567.199281902109,4.734106628519726,0.45219828148833496
8568.610352982885,2.956036273081878,0.4530973067621139
8570.021424063661,1.195087043499484,0.45438417147277055
8571.43249514444,-2.7351789949667307,0.45827791567568504
8572.843566225216,-2.892084008251288,0.45701244083866477
8574.254637305992,-0.8511076846513674,0.45295912088783574
8575.665708386769,2.8059179032167663,0.44674138717287293
8577.076779467547,4.8807506493736525,0.4494481391758155
8578.487850548323,4.952193982964417,0.45163765364523517
8579.8989216291,3.0689263644084974,0.45348936564794784
8581.309992709877,-0.6538133020335692,0.4560181917764348
8582.721063790654,-2.324232661982478,0.4574005515840963
8584.13213487143,-1.7458730663280448,0.45681824498979035
8585.543205952206,1.587133264277469,0.4535711172144943
8586.954277032984,3.6898785677260832,0.45321175000727737
8588.36534811376,4.145886400362343,0.45219955369334697
8589.776419194537,3.2733715799332117,0.4513734406728724
8591.187490275315,1.8577753407747366,0.4537731792438151
8592.598561356092,1.0571471595216906,0.45340805670976414
8594.009632436868,2.683622051204111,0.4518387124545685
8595.420703517644,7.933938151185771,0.44958691739010337
8596.831774598422,4.967208877566804,0.4503445564806721
8598.242845679199,1.9504581905176224,0.4516436161738349
8599.653916759975,-0.026681487068515253,0.4529675144749848
8601.064987840753,2.1819940106563536,0.45268816158041714
8602.47605892153,4.351427868080009,0.451259539314818
8603.887130002306,5.1639927965137815,0.4508257442869099
8605.298201083082,3.5162259137579213,0.45280833217639005
8606.70927216386,4.659861300311064,0.4516263496172508
8608.120343244636,4.67731352251775,0.4516546168512922
8609.531414325413,3.1715159940470983,0.4531121336334916
8610.94248540619,-1.5828946830653194,0.45643624575334873
8612.353556486967,-4.379673495955984,0.45847088811929243
8613.764627567743,-4.883284674920787,0.45912767830122647
8615.17569864852,-2.252672026558372,0.4579480808198419
8616.586769729298,-3.1485403025388905,0.45747821900845553
8617.997840810074,-0.3756095942730724,0.4549566310731145
8619.40891189085,4.934314354424345,0.4512222464091506
8620.819982971629,1.6789556873221727,0.4527774737664888
8622.231054052405,-2.34373476979448,0.4560599501668843
8623.642125133181,-4.717689541349046,0.45798237421929894
8625.05319621396,-2.581640981539266,0.4551727082048325
8626.464267294736,2.2616060910688986,0.4513398135311612
8627.875338375512,5.713782860485765,0.448316707318169
8629.286409456288,7.29097525966219,0.4464144549212768
8630.697480537066,8.345456489949584,0.44621794204634874
8632.108551617843,4.62468337405096,0.4482593020658346
8633.519622698619,-0.14796118120762003,0.451337108713517
8634.930693779397,-1.412748602670348,0.45426582463515497
8636.341764860173,1.7817798565757244,0.4508275279333528
8637.75283594095,4.086646812481348,0.4488749218188595
8639.163907021726,4.319655793500488,0.4501140216532742
8640.574978102504,2.2983863597818583,0.45137525816483465
8641.98604918328,4.93857141420645,0.4502991540173715
8643.397120264057,8.212286743073008,0.4489060540473122
8644.808191344835,3.4942621015697455,0.4514253585229949
8646.219262425611,-0.030273093907084103,0.4542703574882859
8647.630333506388,-2.7925647541034664,0.45666301363827977
8649.041404587164,-4.864412784210174,0.45824098529116775
8650.452475667942,-8.67006628774729,0.4603220006260067
8651.863546748718,-5.272976457037288,0.4569468379850012
8653.274617829495,1.6353575661852346,0.4510760944241103
8654.685688910273,-1.2176810938912297,0.45357962675747243
8656.09675999105,-3.7258879376028347,0.45639633626573844
8657.507831071825,-10.010384051086334,0.46291874537893735
8658.918902152602,-23.767118904062784,0.47657616242530043
8660.32997323338,-49.6485158538087,0.5010438058110094
8661.741044314156,-70.9528929460067,0.5213916423841852
8663.152115394932,-82.78469847323223,0.5331543173009289
8664.56318647571,-58.900829229436454,0.5096358091043279
8665.974257556487,-35.856477894448176,0.4871721933274453
8667.385328637263,-16.998471421222632,0.4687578207912372
8668.79639971804,-6.778533085094807,0.46006111694173896
8670.207470798818,-4.3827998770698,0.45758426216308984
8671.618541879594,-5.159426620554314,0.45790727543408855
8673.02961296037,-8.224940146127892,0.46041740515049434
8674.440684041148,-9.739114717913765,0.46172679487823437
8675.851755121925,-7.6210611272557856,0.4601580376622078
8677.262826202701,-3.396305251265744,0.4568793731053912
8678.67389728348,-0.11386709559187125,0.4542045762375598
8680.084968364255,0.7838275402443742,0.45439411208653574
8681.496039445032,1.3924970050405534,0.4433780504475218
8682.907110525808,2.7509833796213172,0.41097364724363517
8684.318181606586,2.6627581240584846,0.4125062903488684
8685.729252687363,-1.8189085856155032,0.43281187422550893
8687.140323768139,-10.85755174238031,0.46523475824782945
8688.551394848917,-23.78940764963565,0.4735143444072664
8689.962465929693,-20.37035329886959,0.47210484002472297
8691.37353701047,-8.910121616602169,0.4646022729391598
8692.784608091246,4.678708396997052,0.4524078903768306
8694.195679172024,9.919655754327067,0.44872544096210226
8695.6067502528,9.945131503668506,0.4483499901788953
8697.017821333577,5.049055901918365,0.45044099810160904
8698.428892414355,-0.23452084135249152,0.45603290077658737
8699.839963495131,-1.3496561891312808,0.45692733960077764
8701.251034575907,1.0666142205830624,0.45437610477245177
8702.662105656684,7.110316185357419,0.450516614903469
8704.073176737462,7.41319435397142,0.44992404910538303
8705.484247818238,5.880265605076545,0.450553310482331
8706.895318899014,4.789402465043821,0.4515331469930727
8708.306389979793,3.7181409233681677,0.4533636760986056
8709.717461060569,1.2541370022284468,0.4554714876370292
8711.128532141345,-2.305258330923749,0.4575625053239678
8712.539603222122,-0.7799733135635165,0.45692551053226654
8713.9506743029,1.5204789763940028,0.45514680775371874
8715.361745383676,3.1443486151743514,0.45374112779926284
8716.772816464452,0.996955400371121,0.45559392375574614
8718.18388754523,-0.8270508783988078,0.4566333901828487
8719.594958626007,-0.8842606886897499,0.4563426486079124
8721.006029706783,1.9731555004417487,0.4542434183383706
8722.41710078756,5.482962559855821,0.45253285124968945
8723.828171868337,5.668165493843361,0.45224270019614093
8725.239242949114,3.5226152332691925,0.4531046105408217
8726.65031402989,4.195507529550099,0.45362276634532694
8728.061385110668,1.9234493119781462,0.45472048172451524
8729.472456191445,-0.5321086012106946,0.45599919018202534
8730.88352727222,0.0,0.4570695008771444
8732.294598352999,0.8643870790924097,0.45658632470615773
8733.705669433775,-0.8220029466516223,0.457757963465435
8735.116740514552,-6.3856547228678835,0.4616264921245711
8736.527811595328,-7.409878775595132,0.4624434767974117
8737.938882676106,-5.221255092704666,0.4610432574996813
8739.349953756882,-1.2600209721982765,0.45849608259537955
8740.761024837659,-1.2428283955866846,0.45911859417656065
8742.172095918437,-2.025018536774695,0.459027836263019
8743.583166999213,-2.281060238659819,0.45854698378545933
8744.99423807999,-0.085140815603296,0.457803450948328
8746.405309160766,2.9490658633462488,0.4553114417934843
8747.816380241544,3.6320898467077996,0.4541544311409822
8749.22745132232,1.2761840769909725,0.45508450839977715
8750.638522403096,1.7808229485699485,0.45497574483602765
8752.049593483875,1.9551863550839244,0.4552582376148183
8753.46066456465,1.7368699315661047,0.4557885677796264
8754.871735645427,-0.05744180573597646,0.45611863035763706
8756.282806726203,-0.8329372115679234,0.4572962007603255
8757.693877806982,-0.4431423301835764,0.4567663472325722
8759.104948887758,1.9463082927874211,0.4513609512653737
8760.516019968534,2.6007299572059424,0.44548046111208905
8761.927091049312,1.9417781733561412,0.4424090502445307
8763.338162130089,0.0,0.4430913295241311
8764.749233210865,-2.430372899288102,0.4466237970572299
8766.160304291641,-1.7683469726450767,0.44734106335443796
8767.57137537242,1.0625040684172404,0.4451635559491883
8768.982446453196,3.017826722964827,0.43816165203875995
8770.393517533972,-0.8514050112315203,0.44135820900696543
8771.80458861475,-5.997862975889063,0.4492058311729227
8773.215659695526,-8.642901006527211,0.4584947810561739
8774.626730776303,-4.916767990518139,0.45718244378001976
8776.037801857081,-0.5046682551009667,0.4518323364165061
8777.448872937857,3.297555340354478,0.4434554999940788
8778.859944018634,3.7438380950245858,0.43725122609945155
8780.27101509941,2.6653828894963283,0.4372563690388279
8781.682086180188,0.41837252628971555,0.4426537387454741
8783.093157260964,-1.6482436008377306,0.4511859532029366
8784.50422834174,-0.5561286134649492,0.45420914904518855
8785.915299422519,2.008696741302174,0.454204568719911
8787.326370503295,4.8563744998809,0.4526206651641742
8788.737441584071,2.1442293181646335,0.4536330639839552
8790.148512664848,-3.162070889191739,0.4560733360882133
8791.559583745626,-10.66176618337505,0.45987971079939644
8792.970654826402,-13.3456422792772,0.45949364103539403
8794.381725907178,-11.698766149758967,0.4592977662308678
8795.792796987957,-6.414097189857358,0.45929561939400587
8797.203868068733,-2.6928556422493557,0.45738195362333306
8798.61493914951,-0.5308162715337232,0.45700088333897154
8800.026010230285,0.13318090554685114,0.45737640757324904
8801.437081311064,-1.5933881021352647,0.45746865072470116
8802.84815239184,-7.966328936747857,0.4637617998249121
8804.259223472616,-17.996217607820512,0.47346930071993176
8805.670294553394,-32.521020702600254,0.4863363466544012
8807.08136563417,-40.80152820911363,0.4917653471699737
8808.492436714947,-35.108891235765924,0.4871109368637318
8809.903507795723,-14.575681181304844,0.47203382630551344
8811.314578876501,-8.24129392767341,0.4647686828235634
8812.725649957278,-6.929992931798978,0.4623102279468269
8814.136721038054,-8.303951289826301,0.46277525200827435
8815.547792118832,-5.3899145156796635,0.4609611439076614
8816.958863199608,-2.206129541088842,0.4586781270565768
8818.369934280385,-0.7805466668155816,0.4574629627061518
8819.781005361161,-4.248974209917463,0.4595545666129734
8821.19207644194,-5.054160549288213,0.46157607121478544
8822.603147522716,-9.398233916531325,0.4641062705537725
8824.014218603492,-19.94629624445065,0.4674309400090337
8825.42528968427,-9.36281127039203,0.44842161515136075
8826.836360765046,0.43552478810050843,0.4286202237058718
8828.247431845823,7.624165733529566,0.41013333718540423
8829.6585029266,2.254894770655511,0.40512568863662246
8831.069574007377,-1.7360103351384168,0.41893402302033317
8832.480645088153,-3.4483750932254225,0.43999509250588914
8833.89171616893,0.9581435900067561,0.4464521456036658
8835.302787249708,-1.1321273381812773,0.44608583788389483
8836.713858330484,-5.922263549593993,0.44520395734057083
8838.12492941126,-11.913941537164106,0.44812387581343366
8839.536000492039,-9.922377687324428,0.44781797099103327
8840.947071572815,-5.269281734610757,0.45063989290567386
8842.358142653591,1.3412908309747706,0.45830929647292235
8843.769213734367,0.4824771080104995,0.4562232111895248
8845.180284815146,-1.5393759434784329,0.4568496773549357
8846.591355895922,-3.9372335666294873,0.459393855191408
8848.002426976698,-1.6356622114114998,0.4571943344677437
8849.413498057476,0.5482699768305679,0.45481224475768384
8850.824569138253,1.8773690219992432,0.4526973655806349
8852.235640219029,0.140411875327203,0.45195111123820364
8853.646711299805,-0.40052582650531576,0.4545619828685688
8855.057782380583,0.5669705559159013,0.45579027789513193
8856.46885346136,3.9852353749529357,0.4519161946039695
8857.879924542136,-0.16864671974590806,0.4564616181229817
8859.290995622914,-4.350876535489419,0.4602318221916801
8860.70206670369,-7.084469547145034,0.46139552400699607
8862.113137784467,-4.694264821215654,0.4601468182892385
8863.524208865243,-3.6733619494472407,0.45915376353551757
8864.935279946021,-4.237713608730985,0.45849544137442216
8866.346351026797,-8.446479843406024,0.4586593743473906
8867.757422107574,-10.529136813022234,0.4560372684187079
8869.168493188352,-9.842901428635429,0.4519513880273412
8870.579564269128,-2.665858360854827,0.4481344019717321
8871.990635349905,0.0,0.45084685199339575
8873.40170643068,0.9458661471767584,0.4542147082713429
8874.812777511459,1.3353414045952547,0.45411462381108536
8876.223848592235,1.7777695924220325,0.4548659595757831
8877.634919673012,0.7688347541570124,0.45613919028052424
8879.04599075379,-2.3756495879552517,0.4579632295890341
8880.457061834566,-7.227898150683757,0.46209992152975676
8881.868132915342,-7.470622762706341,0.4618746353642218
8883.27920399612,-3.2573892959946704,0.4565943620481694
8884.690275076897,0.10697905775464278,0.43948550946662424
8886.101346157673,2.032039204014069,0.4259768158628316
8887.51241723845,2.7384948101523037,0.41730163294325323
8888.923488319228,1.8175779740767553,0.4219304866499976
8890.334559400004,1.3848667630535374,0.43450691188989127
8891.74563048078,1.4475399106493683,0.4476306013644238
8893.156701561558,2.0824209285930806,0.45299339246636683
8894.567772642335,1.4006083254050736,0.4547043141798668
8895.978843723111,1.284287294201988,0.45502950026066546
8897.389914803887,1.8408056403359012,0.4544224652901569
8898.800985884665,1.0627158604423528,0.45501121138140405
8900.212056965442,1.2411772139030859,0.45408873956699647
8901.623128046218,2.571328396625887,0.4511842131614685
