wave,flux,uncertainty
3808.561007889983,-1.4242302108689153,0.7259457111358643
3809.9419784803945,0.06337323565413344,0.846738510479986
3811.322949070806,1.6862765030355729,0.8371086276097367
3812.7039196612172,1.0932378972764631,0.8406442996208978
3814.0848902516286,-1.3752565019902747,0.8665316892374343
3815.46586084204,-1.6490653446335055,0.8845600676414432
3816.8468314324514,0.8167588254028297,0.8741075829640902
3818.2278020228628,0.5277515848829335,0.8826383921079816
3819.608772613274,-0.27123384255088256,0.8985790340870912
3820.989743203685,0.6467905156294235,0.8922840795101312
3822.3707137940964,3.1454041480258526,0.8857578677925404
3823.751684384508,-0.34514937661869377,0.9099987183732634
3825.132654974919,0.8871796595418189,0.9084115184157272
3826.5136255653306,0.8093448542079067,0.8949877255984985
3827.894596155742,0.5785836160929967,0.8837830666813032
3829.2755667461533,-0.37492111209856444,0.891297899583659
3830.6565373365647,1.255939327452804,0.8908983190357576
3832.037507926976,0.33494887283811625,0.9025979109198035
3833.4184785173875,0.02266151511755138,0.8681371044137063
3834.799449107799,2.947458594887795,0.829780161914011
3836.1804196982102,-0.2812468992858646,0.9211873447921387
3837.5613902886216,0.26843143118802915,0.9217914752145144
3838.942360879033,1.2037480928639996,0.9218291736058081
3840.3233314694444,1.0632213109432378,0.9317043315650508
3841.7043020598558,1.1292835477227077,0.9139275695811498
3843.085272650267,0.0,0.9190751529108638
3844.4662432406785,2.2485929800459004,0.908353985580295
3845.8472138310894,-0.1352898194726324,0.9433724911634715
3847.228184421501,-1.3385745629548091,0.962227699424371
3848.609155011912,0.1422715218799434,0.9374499692285225
3849.9901256023236,-0.5072418077431258,0.9572073132806038
3851.371096192735,0.36628522070934066,0.9526446288706748
3852.7520667831463,0.4617966464684309,0.9373926718590774
3854.1330373735577,0.8356112133599657,0.9180434717102532
3855.514007963969,-0.5161628217032983,0.9379487383379824
3856.8949785543805,-0.5125810216926923,0.9395386873821814
3858.275949144792,0.12390652131499374,0.9413363338943452
3859.6569197352032,0.40055267329690036,0.9433301020035195
3861.0378903256146,0.17043088534390732,0.9367782655368073
3862.418860916026,-0.4608459910411534,0.929578719351881
3863.7998315064374,1.0919194480199486,0.9197773686728866
3865.1808020968488,-1.4130819312438057,0.94071932739552
3866.56177268726,-0.26131553256309425,0.9392045997438002
3867.9427432776715,-0.2463976405870017,0.9560188672562216
3869.3237138680825,-0.8437255857737421,0.9872745793894143
3870.704684458494,-1.3223230371418486,1.001872750388385
3872.085655048905,-0.9400228414225389,0.9827507902874567
3873.4666256393166,0.23236482363929212,0.9612208946968936
3874.847596229728,0.19961973529536398,0.9536956716311302
3876.2285668201393,-0.28556683572383423,0.9811076003179564
3877.6095374105507,-0.5327637928145175,0.9733680628289939
3878.990508000962,0.21743293238928485,0.9716879428590363
3880.3714785913735,-0.8276792104150791,0.9686652444010219
3881.752449181785,-1.5347042705573628,0.9260002029834826
3883.1334197721962,-1.706355332587782,0.9441843900425961
3884.5143903626076,-0.20525938530199692,0.975504820403474
3885.895360953019,-0.7322948722878677,1.0010539301510641
3887.2763315434304,-0.4054117537860392,0.9886855064759251
3888.6573021338418,0.8320251199730786,0.9583179360453831
3890.038272724253,0.9527935997390278,1.0003870215016692
3891.4192433146645,0.6667075412209311,1.0159251057040157
3892.800213905076,-1.3537403003515767,1.018099457176378
3894.1811844954873,-0.8942245071599431,0.9929469195626549
3895.562155085898,-1.1852628170694306,0.9732249380204929
3896.9431256763096,1.5069992053505217,0.9183085478891169
3898.324096266721,-0.6009219745138347,0.9272092493696479
3899.7050668571324,-1.2670961331693698,1.0179589389208703
3901.0860374475437,0.8416185558594804,1.0125370560706353
3902.467008037955,2.7344955912628857,0.9842674542276336
3903.8479786283665,-0.790326810557786,1.0244525733832544
3905.228949218778,0.578382437077553,1.0016989353554882
3906.6099198091893,0.21468706396227122,0.9644914713648118
3907.9908903996006,-0.1382501381656746,0.9566030636857654
3909.371860990012,0.26811966538447385,0.9852791668660341
3910.7528315804234,-0.5832780731672907,1.0014306786545417
3912.1338021708348,-0.3754478470563528,0.9915478485585503
3913.514772761246,0.27214548581951903,1.0195786873652968
3914.8957433516575,-0.3138524833828587,1.047771348681305
3916.276713942069,-0.9271524276720294,1.063310280089073
3917.6576845324803,-1.6790221561709988,1.0830402076190144
3919.038655122891,-0.8401178675804032,1.0885539329470295
3920.4196257133026,0.7631942314516253,1.0605838236461025
3921.800596303714,0.38133339715109743,1.052206986857167
3923.1815668941254,0.5526230130867881,1.0525931709270564
3924.5625374845367,0.12992056900740273,1.0565598215503784
3925.943508074948,0.2816241940883826,1.0729932180184112
3927.3244786653595,-0.9735836593226941,1.0853150848080684
3928.705449255771,1.6600726316265333,1.0492768743635303
3930.0864198461823,-0.799475893622301,1.0298624517808703
3931.4673904365936,0.0422949878381087,1.0026386709055308
3932.848361027005,-0.38431154820760993,1.0113422736056683
3934.2293316174164,0.19661386834307681,1.0334987187986289
3935.6103022078278,0.7954070560999343,1.039114914218519
3936.991272798239,-1.0628772684238552,1.0556112253006584
3938.3722433886505,1.6508729056119698,1.009990072027335
3939.753213979062,-0.9154575850027052,1.0083019473928716
3941.1341845694733,-0.3911599931538272,0.9809084643940239
3942.5151551598847,0.01825225509761308,0.9561758090913922
3943.8961257502956,-0.5007467179730498,0.94774688053797
3945.277096340707,-0.5541875417558955,0.949290486639676
3946.6580669311184,0.12198628908975973,0.9443405873183048
3948.0390375215297,0.6663771598564938,0.9577982365513158
3949.420008111941,1.034670387388159,0.9609565141302068
3950.8009787023525,-0.15206720451789546,0.9730235781850713
3952.181949292764,1.1084990662237768,0.992732830686901
3953.5629198831753,0.2205445403357249,1.0238119542736699
3954.9438904735866,-0.2722186365468429,1.0553328387003214
3956.324861063998,-0.6597461501176344,1.079912618356455
3957.7058316544094,-1.7655997058271469,1.0987073206152886
3959.086802244821,-0.5796084091943974,1.0685810398673086
3960.467772835232,0.08159302262473667,1.0630475053451445
3961.8487434256435,0.20553081975276344,1.0844025113008287
3963.229714016055,-0.14089886938389695,1.1068289659588633
3964.6106846064663,-0.47464417872658554,1.1180966991071022
3965.9916551968777,-0.8486465124765246,1.1281202166611812
3967.3726257872886,-0.581572992609022,1.1365437603071427
3968.7535963777,-1.364078218532116,1.1368880099389502
3970.1345669681114,0.098151383874999,1.1222108560954085
3971.5155375585227,-0.4086550855875162,1.0671989921638094
3972.896508148934,1.487524427433791,1.0426910434984595
3974.2774787393455,0.2797234845234462,1.1160133250433641
3975.658449329757,-0.7418298177047915,1.145177691258669
3977.0394199201683,0.8109726351786076,1.1380691578917954
3978.4203905105796,-0.48024391990907483,1.1247396836680723
3979.801361100991,-0.549475124530832,1.1156165988882314
3981.1823316914024,-0.30338749214474703,1.122643701483117
3982.563302281814,-0.289532191601899,1.117971764701524
3983.944272872225,-0.6518563836339045,1.1419606555922637
3985.3252434626365,-0.9685595343308384,1.145646238373176
3986.706214053048,0.3789301282512294,1.1158114872113114
3988.0871846434593,0.4389118050167571,1.1207636218358317
3989.4681552338707,0.7194176612383535,1.1205489754030742
3990.849125824282,1.0775913155123666,1.096863321199884
3992.230096414693,0.9296052302622383,1.0923077387301234
3993.6110670051044,0.5333980576495088,1.0746515324069237
3994.9920375955157,0.8430125407446931,1.083227426531523
3996.373008185927,0.05957944327794751,1.1109453240823781
3997.7539787763385,0.08584021514000872,1.1334882435421578
3999.13494936675,0.4843494773008806,1.153006289091627
4000.5159199571613,-0.07841124848094516,1.1579059070787456
4001.8968905475726,-0.3038739608785283,1.165890332674196
4003.277861137984,0.2620945407185217,1.1666006579101207
4004.6588317283954,-0.2932019473460683,1.1518215515432608
4006.039802318807,0.8084713459967727,1.0931040203927038
4007.420772909218,0.9842801797882816,1.0725743176189626
4008.8017434996295,-1.0182536538117288,1.1221555143289814
4010.182714090041,-0.44920780107322755,1.1292901819528522
4011.5636846804523,0.7519706634255268,1.1256970785693738
4012.9446552708637,-0.3829478774466594,1.1415680858401296
4014.325625861275,-0.682964074002592,1.1573849115209258
4015.706596451686,0.475491993124292,1.1399568671745426
4017.0875670420974,0.1661217381792539,1.1265982173167695
4018.4685376325087,-0.7750888798935812,1.1114499153339703
4019.84950822292,0.6412605420433846,1.0932888330690564
4021.2304788133315,-0.584594926461014,1.090572914705563
4022.611449403743,-0.4800071090346232,1.0702027320388274
4023.9924199941543,-0.3881767713701143,1.0767291798922853
4025.3733905845656,0.3231733804980511,1.0911408310046555
4026.754361174977,1.1308778729497713,1.078611447698007
4028.1353317653884,-0.22448151186244614,1.1043200094330985
4029.5163023558,0.6457886505039288,1.1029749370735444
4030.897272946211,-0.4842694862537449,1.1356214764014698
4032.2782435366225,0.3559021375803968,1.1340806144159183
4033.659214127034,-0.4266597895605147,1.1338090472796387
4035.0401847174453,-0.4503217575724796,1.1480148834929218
4036.4211553078567,-0.777373246528863,1.1208540613840077
4037.802125898268,-0.4694446681381484,1.1032836792989342
4039.1830964886794,-0.623355742113798,1.10354279244787
4040.564067079091,2.185448634434695,1.0740621427612143
4041.9450376695017,1.7923384087441532,1.071035619135762
4043.326008259913,-0.5354670050376641,1.01466782900849
4044.7069788503245,-1.3743458891365496,0.9128299009807362
4046.087949440736,-2.689823329691483,0.9070142162296309
4047.4689200311473,0.37513807968887847,1.0015422493631387
4048.8498906215586,-0.22564259035575418,1.080156241448285
4050.23086121197,2.06121376861316,1.0973944156454787
4051.6118318023814,0.12976848512739747,1.1151120320394134
4052.992802392793,0.43849188534877315,1.0952234466728108
4054.373772983204,0.25423106723507016,1.1080368063029082
4055.7547435736155,0.16215438358179346,1.1344162560923317
4057.135714164027,-0.7233590632806536,1.1590290073995622
4058.5166847544383,-0.15195420945890048,1.1662019311728766
4059.8976553448497,0.8908508620966609,1.1423958934286236
4061.278625935261,-0.4940315168427874,1.161267037607478
4062.6595965256724,-0.22393582228397957,1.1337971518599967
4064.0405671160834,1.144006224182465,1.102419483537841
4065.4215377064947,1.5484417475382521,1.0897831406959557
4066.802508296906,0.2961204972456696,1.106087109525125
4068.1834788873175,-0.16553355058167374,1.1433220947258245
4069.564449477729,-0.44588745206937414,1.1629405754183375
4070.9454200681403,0.03671301676082428,1.154807762302009
4072.3263906585516,-0.9827110816098481,1.1534244773249287
4073.707361248963,-0.1375097076219446,1.135486015315241
4075.0883318393744,0.4817090001251042,1.1083522587663408
4076.469302429786,0.1463916173377613,1.120409131838212
4077.850273020197,-0.15790291381062127,1.1248553704465007
4079.2312436106085,-0.8541600676886765,1.1455561259664562
4080.61221420102,0.44984188607893205,1.1444399917581678
4081.9931847914313,0.3178971596141861,1.1426176856945718
4083.3741553818427,0.9297390616620465,0.9993127034573231
4084.755125972254,2.0326548502298714,1.0020679593581157
4086.1360965626654,-1.0971356493478635,1.0336153653085138
4087.517067153077,0.7984768920288325,1.1505605861165613
4088.898037743488,-0.7570403444132228,1.1823234623616725
4090.2790083338996,1.4788062621601221,1.1385140952865669
4091.6599789243105,-0.4854082919281868,1.144531771362339
4093.040949514722,-0.04933522701021453,1.1434053425275008
4094.4219201051333,0.7829301947421141,1.1432315289186599
4095.8028906955446,0.5545625757215848,1.178627331635427
4097.1838612859565,-0.20620345758259995,1.2030755091160332
4098.564831876368,-0.005588387352750246,1.1998126774308526
4099.945802466778,-0.9598133669414874,1.2069208374901816
4101.32677305719,-1.0131889313537996,1.2234229283771816
4102.707743647601,0.7947482107525847,1.207275319290315
4104.0887142380125,-0.1427662909106998,1.2087477269017075
4105.469684828424,1.3564536044786681,1.168719553405287
4106.850655418835,-0.5330340710032495,1.1981847116832085
4108.231626009247,1.2729969630522664,1.1714339546590162
4109.612596599658,-0.42363909930083854,1.2146651743318966
4110.993567190069,0.00882607097745125,1.2094765768798204
4112.374537780481,0.3654987165647078,1.2010932566380248
4113.755508370892,0.5580354842739483,1.199401546470825
4115.1364789613035,0.7210996431819812,1.1957123562864667
4116.517449551715,0.35398244540390356,1.2140326825370844
4117.898420142126,0.24051751509864594,1.2154095777818321
4119.279390732538,0.3856897732174719,1.2081725272960755
4120.660361322949,1.3451180473166253,1.1378787466740266
4122.04133191336,0.8172555301889892,1.171944901196226
4123.422302503772,-0.22742679159651658,1.215137563978314
4124.803273094183,1.059824524190064,1.1933739977711308
4126.184243684595,1.0811642530440682,1.1767332599240599
4127.565214275006,0.48080631788827155,1.1922029013865216
4128.946184865417,0.8658697836942433,1.2118779746548662
4130.327155455829,0.10195629173332166,1.2265051376495968
4131.70812604624,-1.0115709251085663,1.235282919544689
4133.089096636651,0.31115171765983063,1.204357839131097
4134.470067227063,0.18287636100428772,1.1974243454003493
4135.851037817474,0.9347545123977652,1.1815628264104565
4137.232008407886,-0.0029926049788036035,1.1893425771225776
4138.612978998297,0.3814981577686207,1.1911117715932238
4139.993949588708,1.3194851291637624,1.2073209314504694
4141.37492017912,-1.046706510407249,1.2215044839941682
4142.755890769531,-0.3574069102834151,1.230034855253928
4144.1368613599425,0.5441978921967823,1.2297271924613304
4145.517831950354,-0.17713184271463456,1.1739285036362128
4146.898802540765,-0.7570945029904754,1.2517623675794483
4148.279773131177,0.8724447868560385,1.2441495994835663
4149.660743721588,0.030287926197029025,1.2480537681967032
4151.041714311999,0.7379019587127373,1.2339185197998157
4152.42268490241,-0.5132511193824553,1.2505482059387039
4153.803655492821,-0.35131752114125475,1.2294567597087023
4155.184626083233,0.7002695174898201,1.2089177236112638
4156.565596673644,0.3645243297808256,1.2221565542405748
4157.946567264055,0.048712286138506866,1.2506522475453867
4159.327537854467,1.1240885372777076,1.2218302338081242
4160.708508444878,0.46474285757520195,1.2309314122902153
4162.0894790352895,0.33523725045511776,1.2122689192590073
4163.470449625701,0.9739760889978728,1.1856778647687254
4164.851420216112,-0.356764559898474,1.2098702268277566
4166.232390806524,-1.1344707559158518,1.256350988182705
4167.613361396935,-0.9666459126062185,1.249562929101528
4168.994331987346,0.1346129340436757,1.2013181792060688
4170.375302577758,0.12273435029789992,1.2071844649944332
4171.756273168169,-0.3416671755861573,1.2392515679088503
4173.137243758581,0.3050498828105117,1.2492501225465875
4174.518214348992,-0.3791847280651112,1.2334035412119126
4175.899184939403,-1.023569104959909,1.2104612507003596
4177.280155529815,0.2713604762108408,1.187470754604357
4178.661126120226,0.8383086789049479,1.2055514144925437
4180.042096710637,-0.02522105769645222,1.2397802506464732
4181.423067301049,0.36825925669802073,1.256555077502173
4182.80403789146,-0.3649577838768108,1.2533326846777895
4184.185008481872,0.36588598035085185,1.22393989306987
4185.565979072283,0.8804802566328618,1.2266627286205651
4186.946949662694,-0.4087475056031634,1.271801144401249
4188.327920253106,0.6201831802759556,1.2520126219216277
4189.708890843517,0.5958564596680354,1.2589318016887672
4191.0898614339285,0.37302555565574447,1.2408732278868235
4192.47083202434,1.7134493860543738,1.2191276074485433
4193.851802614751,-0.24231069066526,1.2655234039515486
4195.232773205163,0.018409087320588213,1.2790799448882746
4196.613743795574,0.044310558992267546,1.2849635228633773
4197.9947143859845,0.7291044542217203,1.2784526421945808
4199.375684976396,0.031883095739383416,1.2989351570694696
4200.756655566807,-0.35611151280027775,1.30265003283135
4202.137626157219,-0.8193481505344045,1.297088988608785
4203.51859674763,0.11237590841938616,1.2906028731443855
4204.899567338041,-1.3093918045060906,1.3127035577193147
4206.280537928453,-1.1188203383380229,1.2943320858737883
4207.661508518864,0.19762116782352646,1.2728816075883795
4209.0424791092755,-0.38462154438801943,1.2834201003463046
4210.423449699687,-0.5436667471057975,1.2710771923184214
4211.804420290098,-0.9145372309069829,1.2649137526589942
4213.18539088051,-0.6359236346931048,1.266851119265834
4214.566361470921,-0.28997869009239996,1.2812579816694027
4215.947332061332,-0.6100273987299578,1.3063331203499609
4217.328302651744,-0.8191793653107586,1.311939683034225
4218.709273242155,0.6476743837401182,1.2723410528351395
4220.090243832567,-0.6365775960016378,1.3094980392558906
4221.471214422978,-0.2680460174693253,1.3130042364825203
4222.852185013389,0.20186239964183939,1.3044866720991775
4224.233155603801,-0.96651039506952,1.330992058405283
4225.614126194212,-1.9546937232907218,1.371687981897698
4226.9950967846235,-1.3041580946470235,1.3544673236606264
4228.376067375035,-1.0557198175891636,1.3363500759244145
4229.757037965446,-1.1808597770511366,1.3384750805256729
4231.138008555858,-0.5685880213587297,1.3183861469124147
4232.518979146269,-1.0973282597435134,1.3254148501883225
4233.89994973668,-0.7330013371282884,1.317093140275503
4235.280920327092,-1.704629447280978,1.339299719276862
4236.661890917503,-1.3806759792739445,1.333639949740658
4238.0428615079145,-0.7599390809378901,1.2943203535390422
4239.423832098326,-0.3626356032057496,1.293867962747862
4240.804802688737,-1.1065854585388548,1.3345812190811475
4242.185773279149,-0.1887937598404389,1.3023411691444322
4243.56674386956,-0.6190685601193888,1.273248923463675
4244.947714459971,-0.8212353580331518,1.2515263371263479
4246.328685050383,-0.5948033378958417,1.2617578478945595
4247.709655640794,-0.7670940242740738,1.301629147908561
4249.090626231205,-0.8659526061670293,1.3185071613743118
4250.471596821616,-0.4248021025531632,1.3051974869393157
4251.852567412027,-0.8597562011570674,1.2973191741202779
4253.233538002439,-1.6645672906154227,1.2661031827285714
4254.61450859285,-1.2362564272634127,1.2361761343670181
4255.9954791832615,-0.0037495461208564285,1.2561187520632044
4257.376449773673,0.15369768284176444,1.2886677408105405
4258.757420364084,0.9818048884318025,1.2783823458875605
4260.138390954496,0.4154447452202339,1.2839189540010967
4261.519361544907,-0.501930759128998,1.2724281294993318
4262.900332135318,-0.2416805904089423,1.2774280547201173
4264.28130272573,-0.8536070312766991,1.2921291780862534
4265.662273316141,-0.5036999674612344,1.291040587380315
4267.043243906553,-0.9423943927497611,1.2927217757951932
4268.424214496964,0.7455042349420937,1.125654981222037
4269.805185087375,0.5172350632868279,1.202186159072109
4271.186155677787,-0.6706362963285689,1.3196702341502964
4272.567126268198,-0.7649582676902013,1.334612020258459
4273.9480968586095,-1.0955260164018172,1.3425963860287335
4275.329067449021,-0.749416097448001,1.3082382673441888
4276.710038039432,-0.613093006927852,1.298855353612187
4278.091008629844,0.41418624183124697,1.2790245957580624
4279.471979220255,-0.451799324519117,1.3177643409301458
4280.852949810666,-1.050661082697633,1.312683564630198
4282.233920401078,0.0780094873069741,1.2446052495271926
4283.614890991489,0.42909365591444093,1.1468167515631114
4284.9958615819005,-0.7446316269774282,1.3039092674292714
4286.376832172312,0.0017399983760071347,1.3332385923087475
4287.757802762723,-1.0644783862700156,1.3496768238803862
4289.138773353135,-0.9761791739869804,1.3380032400919586
4290.519743943546,-1.0379941096406453,1.3142974918096122
4291.900714533957,0.015143732148314104,1.3157158239461153
4293.281685124369,-1.9004785079951603,1.3698035063754779
4294.662655714779,-0.2780013088713642,1.330678354753219
4296.043626305191,0.3360082519175236,1.3044353980001093
4297.424596895602,-0.9211021137900632,1.298044554056507
4298.805567486013,-0.9188362030769541,1.3002043909856777
4300.186538076425,-0.15627385285714412,1.3101662718445826
4301.567508666836,0.6623496908496509,1.3012611230384492
4302.9484792572475,0.48446031504889775,1.292484816233835
4304.329449847659,0.3695908494072335,1.3018144418368576
4305.71042043807,0.38191188756891403,1.2890767010776922
4307.091391028482,-0.6407914456487394,1.3003754931065152
4308.472361618893,-1.0389873245521408,1.313451544045284
4309.853332209304,2.2789004139039397,1.2427501505784766
4311.234302799716,1.410779340593244,1.2153202884613037
4312.615273390127,0.28633323859136217,1.2260146000224543
4313.996243980539,1.0180632001759071,1.225886789680258
4315.37721457095,0.9889284674380243,1.2731356123511683
4316.758185161361,0.2708766945338832,1.3053872037639846
4318.139155751773,-0.5452581192535835,1.278510539222705
4319.520126342184,0.479589138055865,1.2427674442696621
4320.9010969325955,0.0,1.2725968058534265
4322.282067523007,0.06552841825943134,1.3006195042181539
4323.663038113418,-0.29326908273569674,1.296396650276191
4325.04400870383,0.36558843695811594,1.264696471412389
4326.424979294241,0.0387340483734675,1.3047700538601348
4327.805949884652,0.5904922294312747,1.3081573358252567
4329.186920475064,-0.0169706154375322,1.323097604457629
4330.567891065475,-0.1378050657710772,1.3135862454216416
4331.9488616558865,1.1601266597632305,1.2945915285812104
4333.329832246298,0.45679085192053903,1.3052934243724232
4334.710802836709,1.0373939471269402,1.3004929111876684
4336.091773427121,-0.04811801776688962,1.2975156445059624
4337.472744017532,0.12736589023263378,1.259378287442263
4338.853714607943,0.20960191943430928,1.2506649637880778
4340.234685198355,-0.2290603933463149,1.26424939059565
4341.615655788766,-0.20710759851116656,1.2870598008497516
4342.9966263791775,0.2650510029358506,1.2833058341664747
4344.377596969589,-0.22397366270659602,1.2467219329566601
4345.75856756,-0.27238250886181636,1.2572632774372574
4347.139538150412,-0.7076508866952395,1.2586870909118595
4348.520508740822,-0.585595009682883,1.2916730745117713
4349.9014793312335,-0.25839314176488304,1.3185140499387755
4351.282449921645,-0.3819890405166504,1.3017558007230976
4352.663420512056,-0.2672124969171046,1.2653294553424101
4354.044391102468,1.0056811120647047,1.1971169258033643
4355.425361692879,0.00017116328266220115,1.0234603335371422
4356.80633228329,0.2030607322000897,0.8927626020896606
4358.187302873702,-0.003373538338363735,0.985034465528872
4359.568273464113,0.735546304873429,1.1441424759974799
4360.949244054525,-0.5028660438660624,1.2222222753711
4362.330214644936,-0.3476120784352743,1.2623921943420526
4363.711185235347,0.9288737545703558,1.2634012000579773
4365.092155825759,0.43961474769970943,1.2484176537266838
4366.47312641617,0.985417689216183,1.2087937083002571
4367.8540970065815,-0.16439265689852034,1.2570809265101481
4369.235067596993,-0.26821039508949673,1.2952031016160137
4370.616038187404,1.0274926513154365,1.280922998950275
4371.997008777816,0.6418402708930673,1.2547995229666888
4373.377979368227,-0.5493640061367495,1.2309987986578124
4374.758949958638,0.003639224819752762,1.2305954463974804
4376.13992054905,-0.021344660037149188,1.2011594082919113
4377.520891139461,-1.1854885536168909,1.2945105321612491
4378.9018617298725,-0.6958034570279312,1.3070966046201389
4380.282832320284,-0.4230959990277412,1.2876951612062064
4381.663802910695,-0.7999491347364742,1.3246869749010077
4383.044773501107,-1.1975600095266539,1.3416361687080909
4384.425744091518,-0.52572372614458,1.3282242702972646
4385.806714681929,0.4541469963222362,1.3114192499016422
4387.187685272341,-0.4798944258485336,1.3286669933023363
4388.568655862752,0.23953314250493474,1.3150378768585869
4389.949626453164,-0.6847982661841792,1.3368863045909907
4391.330597043574,0.2667805799744887,1.313004022854228
4392.711567633985,-0.7634436043698072,1.326570225277076
4394.092538224397,0.09657881722286676,1.3232292493853506
4395.473508814808,-0.23647800660827412,1.3204900812806466
4396.8544794052195,0.9948400744601305,1.2902700218558576
4398.235449995631,0.8423328793242413,1.270209566170337
4399.616420586042,0.8547409786531617,1.2662032130612741
4400.997391176454,0.9877086925909202,1.281150010256979
4402.378361766865,-0.8899485704951757,1.3293275802354965
4403.759332357276,-1.148148120830573,1.323414992119589
4405.140302947688,-0.8563874077232443,1.3061033692681925
4406.521273538099,0.5139179474522386,1.2116945767219882
4407.902244128511,0.47023731507088007,1.1682719050888979
4409.283214718922,0.38020947985016784,1.2587978670955522
4410.664185309333,0.8107855043007475,1.2624032979217883
4412.045155899745,0.9647448375946568,1.2559338493424064
4413.426126490156,0.24774341115861054,1.254893850568121
4414.8070970805675,-0.4130273903938888,1.2917835900456511
4416.188067670979,-0.0893642504710126,1.3092320174917547
4417.56903826139,0.7302989711610977,1.2709734798130137
4418.950008851802,0.6448202945865265,1.2545272124165103
4420.330979442213,0.050867536176351535,1.2864190071843333
4421.711950032624,-0.9722724098150566,1.3243338409514291
4423.092920623036,0.07985991629774691,1.3072514395999684
4424.473891213447,-0.3054958414493618,1.3209782713905431
4425.8548618038585,-1.4483145854597805,1.3370380170238922
4427.23583239427,-0.06923295983951094,1.2979419925343647
4428.616802984681,-0.09149897198709445,1.2782655718094982
4429.997773575093,-0.47096679069701697,1.2817594169616329
4431.378744165504,0.4582962997684068,1.29634442030104
4432.759714755915,-0.1550593573648693,1.3289734008415655
4434.140685346327,-0.7978515204664816,1.3062505514298217
4435.521655936738,-0.48013380710258424,1.2929515003566763
4436.90262652715,-0.18508161670929768,1.2809777064864525
4438.283597117561,0.09190644660007852,1.2794090331792531
4439.664567707972,-0.3462880154010919,1.3084377858629341
4441.045538298384,0.12952758740737647,1.2903791004918843
4442.426508888795,0.140918621271251,1.2717904240366538
4443.807479479206,0.09646262306968012,1.311218670788433
4445.188450069618,-0.3785109597698164,1.3312041298152755
4446.569420660028,0.8658416488546052,1.3289805596751123
4447.95039125044,1.544301276676137,1.3261310793180618
4449.331361840851,-0.37691502772043206,1.324486558075969
4450.712332431262,-0.012936901258501443,1.313656579970027
4452.093303021674,-0.7848678675376966,1.3388154777846721
4453.474273612085,-1.9446007879308222,1.3778089136893947
4454.855244202497,-2.3862402980393496,1.4008567433359298
4456.236214792908,-1.49130534516067,1.383252320897888
4457.617185383319,-0.6904360068453927,1.3438037959383062
4458.998155973731,-1.3817431563979912,1.3396256904226727
4460.379126564142,-0.1900529400231572,1.333301793191671
4461.7600971545535,-0.5848209938148603,1.3513218223337289
4463.141067744965,0.35753372121218785,1.3329291953993496
4464.522038335376,0.3903457262654322,1.3199908582851223
4465.903008925788,0.18870937219265027,1.3183987737979517
4467.283979516199,-0.02795217080375778,1.3405127883173338
4468.66495010661,0.32173420675061637,1.346343208069124
4470.045920697022,-0.3569222737063926,1.3542003566510121
4471.426891287433,-0.16184576863846534,1.3400252069396257
4472.8078618778445,0.25644971340437817,1.292593735185201
4474.188832468256,-0.27857471776750264,1.2920297096969806
4475.569803058667,1.153112629769443,1.3068930177929994
4476.950773649079,1.3465220194782956,1.3226279659189581
4478.33174423949,0.45844904530226716,1.332533012888952
4479.712714829901,1.306921119890264,1.308322034452565
4481.093685420313,-0.17431778714255142,1.316571507701907
4482.474656010724,-0.29938496397356795,1.3220569531004578
4483.855626601136,0.30208338133576795,1.3123702500735648
4485.236597191547,0.2856874869146422,1.3087688989402424
4486.617567781958,0.3021814708602868,1.321876185155725
4487.99853837237,0.658222378653039,1.3222821670199334
4489.37950896278,0.028622526894906297,1.3358664652998584
4490.7604795531915,0.7024713149461337,1.3011216916055242
4492.141450143603,1.1023672768883026,1.2725236371010313
4493.522420734014,0.19985552659135308,1.3051988318199919
4494.903391324426,-0.4975855062018102,1.316804355468315
4496.284361914837,0.007112956305888041,1.281658605807374
4497.665332505248,0.12203750931571511,1.2649205382484296
4499.04630309566,0.5649055945703316,1.265004872441945
4500.427273686071,1.104276239108084,1.2781010394626713
4501.808244276483,1.0668048215056265,1.2884814418464292
4503.189214866894,-0.07574997549182516,1.3204186518817516
4504.570185457305,1.129639023242372,1.2951713273638659
4505.951156047717,-0.37453230298221074,1.316103547213278
4507.332126638128,0.42673470948882164,1.3097963283508414
4508.7130972285395,0.5365518890957013,1.3196635409200028
4510.094067818951,-0.47763024877837346,1.3168372667502135
4511.475038409362,0.29548326133392067,1.314770339874748
4512.856008999774,0.5776237982396615,1.3030038085115787
4514.236979590185,0.7418611084265225,1.3035227020248494
4515.617950180596,0.3620121094939286,1.315553322913315
4516.998920771008,-0.042407266977691815,1.3243366884614503
4518.379891361419,0.18572080728403728,1.3109540801234412
4519.7608619518305,1.0577592584203837,1.2856874796579212
4521.141832542242,0.416846648375075,1.302403653511108
4522.522803132653,-0.8470254331061633,1.3031499491033893
4523.903773723065,-0.2285233577488981,1.307457226293461
4525.284744313476,-0.14373537733235864,1.318137176877744
4526.665714903887,-1.1382920609260383,1.3255769406578433
4528.046685494299,-1.4021144078589685,1.2553701852676566
4529.42765608471,-0.13160106454833453,1.2973800692173871
4530.808626675122,-0.694541063421314,1.3240651519598021
4532.189597265533,-1.4138719148075691,1.3484964977763778
4533.570567855944,-1.94300229605158,1.3673753194747094
4534.951538446356,-2.8458863774003516,1.3824465161310941
4536.332509036767,-1.9145844336637188,1.3650351623557546
4537.7134796271785,-0.6615849298673613,1.329783847031129
4539.09445021759,-0.3161173741091856,1.3146057309631438
4540.475420808001,0.0,1.2890185434434827
4541.856391398413,0.4067429286950741,1.2745019524322285
4543.237361988823,0.10072987404814082,1.2698939074731665
4544.618332579234,-0.7889896494863193,1.281321746437792
4545.999303169646,-0.7745648141475816,1.286848336256657
4547.380273760057,-0.46480778544240176,1.2999854153335537
4548.761244350469,-0.06355061062129685,1.31675314887517
4550.14221494088,0.42159031133591274,1.3030795108134465
4551.523185531291,0.6816696777343809,1.29930927919173
4552.904156121703,-0.4789102565834069,1.300943432212865
4554.285126712114,-1.0601930250951495,1.3099039128704593
4555.6660973025255,-0.020162001600429136,1.3015775908174725
4557.047067892937,-0.052166066080294726,1.3240822380593116
4558.428038483348,0.30760638591518763,1.3072581507233878
4559.80900907376,0.8482694110157478,1.2865664213059858
4561.189979664171,0.6535877149968732,1.2882209614751012
4562.570950254582,0.049141523925402275,1.2968253167289445
4563.951920844994,0.8114393762592904,1.298768675859184
4565.332891435405,0.6936005057336478,1.3271518151036241
4566.7138620258165,0.8023134229762423,1.3188828895550557
4568.094832616228,1.159718215411905,1.3040083430666045
4569.475803206639,1.125540514144764,1.3063578725596157
4570.856773797051,-0.8611798548381326,1.3265759579641307
4572.237744387462,-0.05591993773201498,1.3172655068731707
4573.618714977873,-0.49621246761794424,1.3157679492035117
4574.999685568285,0.9353428706038134,1.3079444141011098
4576.380656158696,0.7860692106923679,1.3167318537536308
4577.761626749108,-0.5454374818036802,1.3342422630734332
4579.142597339519,-0.9304773642318205,1.341373045741233
4580.52356792993,-0.44651510021369045,1.3412026643114403
4581.904538520342,0.0994407352716955,1.3270280479035956
4583.285509110753,-0.4094108296032122,1.3462119535577117
4584.6664797011645,-0.6446814250585939,1.352230751563956
4586.047450291575,-1.2663737046298076,1.3630883034281869
4587.428420881986,0.2271220251715773,1.328626448038218
4588.809391472398,1.455234776463735,1.3079206192069732
4590.190362062809,0.16943818053526272,1.3260134457121666
4591.57133265322,0.5168800755796932,1.3152925646789875
4592.952303243632,-0.07487927870150202,1.3136755043142352
4594.333273834043,-0.19303692528275818,1.3212953664524103
4595.714244424455,0.48794241679695105,1.3089403879198247
4597.095215014866,0.6241081472831524,1.3041953420857335
4598.476185605277,0.6654403206565984,1.2989478100376388
4599.857156195689,1.3969587334281846,1.288020844041934
4601.2381267861,0.24993790637029534,1.330766260419505
4602.6190973765115,0.3178421770998794,1.323131703205624
4604.000067966923,-0.14128408921370017,1.326174842704708
4605.381038557334,0.64510950278531,1.3118584229718142
4606.762009147746,-1.167711274224783,1.334765587004524
4608.142979738157,-0.08708674934032867,1.3107375370030112
4609.523950328568,1.2072919818333077,1.285289777680497
4610.90492091898,1.104726794160193,1.297508772054533
4612.285891509391,0.9988216256720541,1.3027789528153921
4613.6668620998025,0.8069126202604107,1.3140160405206585
4615.047832690214,0.34264945366206057,1.3214795220874165
4616.428803280625,-0.35341750436508335,1.3213411220908646
4617.809773871037,0.22356334400497158,1.2954570847321565
4619.190744461448,0.46834127258623504,1.2668882661881102
4620.571715051859,1.0479128444691401,1.257950874985776
4621.952685642271,-0.08602187328411048,1.3070495958073347
4623.333656232682,0.3402517603121069,1.3177828551320998
4624.714626823094,0.46964831128177753,1.3198951265714247
4626.095597413505,0.07916712529886105,1.323635373207587
4627.476568003916,0.7875947623211799,1.3104704192785979
4628.857538594328,0.9767030064848861,1.3095974108227588
4630.238509184739,-0.1825793924848318,1.3139665090026358
4631.6194797751505,0.9819402422139945,1.2940988404284388
4633.000450365562,1.5667066258974316,1.2805511569797747
4634.381420955973,0.6646709736798311,1.2972715613054446
4635.762391546385,0.8788776768708111,1.2892919724337115
4637.143362136796,0.48716834564696043,1.3135737803982928
4638.524332727207,2.2848231305565134,1.2861696299476169
4639.905303317619,0.2323686565631471,1.3192126370126045
4641.286273908029,0.41895473386149806,1.3059597384874209
4642.667244498441,1.5167191884476257,1.288047858525971
4644.048215088852,0.6493216640007926,1.3027608133552953
4645.429185679263,-0.47191624301699253,1.338225082281078
4646.810156269675,-0.4155180555732674,1.3423166202139232
4648.191126860086,1.1274394118513529,1.3088303287799414
4649.5720974504975,0.7694680766533324,1.290678907542705
4650.953068040909,-0.7197865788911724,1.30877576129885
4652.33403863132,-1.1077855236645027,1.31336247121804
4653.715009221732,0.5499082466615537,1.2939115711298443
4655.095979812143,-0.6631800912185453,1.3272352645137917
4656.476950402554,-0.05161552514730605,1.298671112753632
4657.857920992966,0.013804565617228093,1.286637215075885
4659.238891583377,0.2182073916631344,1.2916020803066328
4660.6198621737885,1.5014077979645188,1.2789196536532033
4662.0008327642,0.9669724378764393,1.2807788831767404
4663.381803354611,0.6653175834751153,1.2876987841893608
4664.762773945023,-0.6125195406178898,1.2960329813068825
4666.143744535434,-0.7138638971752824,1.2928954925097775
4667.524715125845,-0.28307258306033933,1.2719516270538966
4668.905685716257,0.2769514710351766,1.2753855676217558
4670.286656306668,-0.5362080939321991,1.2789139140605121
4671.66762689708,0.7499514739470206,1.2653123859867845
4673.048597487491,1.3293033892956876,1.2499794967962417
4674.429568077902,0.4578711594592271,1.2770378363043116
4675.810538668314,0.3703628081878829,1.2944587470444513
4677.191509258725,1.2786441541030449,1.2791734551919232
4678.5724798491365,1.251602730933688,1.2803685668829061
4679.953450439548,-0.3456427608816721,1.3108166666093004
4681.334421029959,-1.342266268303372,1.336539700641798
4682.715391620371,-0.7466845956798664,1.3250940605242822
4684.096362210781,0.45918371435370187,1.2990301666798756
4685.4773328011925,-0.26284297735886675,1.3098152419306985
4686.858303391604,1.1195116052433853,1.281809435915596
4688.239273982015,0.591197598571986,1.2732268194342586
4689.620244572427,-0.23348366252188146,1.280040736573651
4691.001215162838,-1.009374315211974,1.323013710065052
4692.382185753249,0.4309414779444758,1.2972444219794366
4693.763156343661,1.1818299841701903,1.2858134714894092
4695.144126934072,1.3726435718035335,1.2888022639252374
4696.5250975244835,0.31984554452793557,1.313791865385487
4697.906068114895,0.7097115233273295,1.306626032320075
4699.287038705306,0.9488375505342104,1.3006345669902524
4700.668009295718,-0.08033087722440069,1.3154710753527452
4702.048979886129,0.6179795562176054,1.305893374278539
4703.42995047654,1.1106738392556155,1.2932560966619882
4704.810921066952,0.7178807843138664,1.2929133978519922
4706.191891657363,0.6855327865524661,1.2945463061261802
4707.5728622477745,0.9661634683544893,1.2842749450876405
4708.953832838186,-0.10429988408842483,1.2898006491564327
4710.334803428597,0.15542872209908953,1.2718129995522058
4711.715774019009,0.8723193735565111,1.2616514754764112
4713.09674460942,0.6990489236986104,1.2894707843147848
4714.477715199831,0.06449891229563054,1.322379616189667
4715.858685790243,1.1522428260455548,1.3204183977439357
4717.239656380654,0.9117819148936608,1.3167699059565052
4718.620626971066,-0.7103160993040962,1.3312734159381467
4720.001597561477,0.20843826868301463,1.3307246223192435
4721.382568151888,-0.7994258269962504,1.3582141272079873
4722.7635387423,-0.14910758032500482,1.3471665801249835
4724.144509332711,0.4362281570133115,1.340725169213909
4725.5254799231225,-0.15908059815492237,1.3581125898230468
4726.906450513534,-0.5529783208011851,1.291574582978074
4728.287421103945,0.1569067852176449,1.3043814579248336
4729.668391694357,-0.09229496897713041,1.339044023460302
4731.049362284768,0.315662315763622,1.3336910179926222
4732.430332875179,0.09660251451734325,1.3096717231537396
4733.811303465591,-0.5527783447400365,1.3046319964643875
4735.192274056002,-0.7645081465505115,1.3142707030273832
4736.5732446464135,-0.48933657211432013,1.3062005794306795
4737.954215236825,-0.023995766719787426,1.299676540072248
4739.335185827235,-0.6260096352873035,1.2902567452959983
4740.716156417647,0.07213508192279416,1.2736257267119824
4742.097127008058,0.0,1.3132537334946408
4743.4780975984695,-0.254099614741067,1.317805600214031
4744.859068188881,0.16790564492724247,1.305072401728574
4746.240038779292,0.8008042291854887,1.3056414312819917
4747.621009369704,-0.19568201804982177,1.2212680411361503
4749.001979960115,0.696593071369791,1.2326154709682207
4750.382950550526,-0.2767009979680477,1.2495112608606178
4751.763921140938,-0.5664687757564701,1.3406995352554345
4753.144891731349,0.2681088853095881,1.3491393063298338
4754.5258623217605,0.4298366815954413,1.3246737803637045
4755.906832912172,0.779410590007446,1.288061505356778
4757.287803502583,-0.26747896437019136,1.3467099379600425
4758.668774092995,-0.38710947098179194,1.3607072389388022
4760.049744683406,-0.26059767678747114,1.3680078142431051
4761.430715273817,-0.6539769769240049,1.379830061382724
4762.811685864229,-0.10555871848502463,1.3805024590471286
4764.19265645464,0.19355958612661794,1.3374809513214128
4765.573627045052,0.1480974457848978,1.3495231444587548
4766.954597635463,-0.9072909813059225,1.3852591680341286
4768.335568225874,-1.5016410306430745,1.3990613588911407
4769.716538816286,-0.9415690910354577,1.3813764923707894
4771.097509406697,-0.9166196014114201,1.3672994843594084
4772.4784799971085,-0.6160931139904138,1.3739382501468511
4773.85945058752,-0.1173926478185523,1.3715142572359467
4775.240421177931,-1.076039808279024,1.368939605735814
4776.621391768343,-1.4716212298165732,1.3520433336991702
4778.002362358754,-1.3701247549288857,1.3709822958153008
4779.383332949165,-1.7971242806967274,1.4013399282431884
4780.764303539576,-1.1492372363447636,1.3978078825613964
4782.145274129987,-1.8942548132057913,1.397710184820265
4783.526244720399,-1.2465557257478492,1.3904617415410803
4784.90721531081,-1.1024423742770795,1.3968624004774166
4786.288185901221,-1.907474471442122,1.4132955980184472
4787.669156491633,-1.3435396059736195,1.4013920814383956
4789.050127082044,-0.4185207461393299,1.3809030281878836
4790.4310976724555,-0.4325150335994037,1.3833760559641075
4791.812068262867,-1.1157833781935116,1.3909783864545011
4793.193038853278,-1.823568837639892,1.4016582365275703
4794.57400944369,0.177087754787709,1.34462905672167
4795.954980034101,-0.01876674579986748,1.3721002185624709
4797.335950624512,-0.9238068645193618,1.3877168195459877
4798.716921214924,-0.3356738894001099,1.3795379268050658
4800.097891805335,-1.0446292705364568,1.3936526968589333
4801.478862395747,-0.4092723425178111,1.3876623972644553
4802.859832986158,-0.028530623873121996,1.3761834320004025
4804.240803576569,-0.07616147127066597,1.3588927159715123
4805.621774166981,0.3625515452361343,1.3153186619477315
4807.002744757392,0.10352248308090228,1.3113364909724525
4808.383715347803,-0.3656811779511582,1.3464771449985995
4809.764685938215,-0.4278053663170365,1.363364883153322
4811.145656528626,-0.753358771879876,1.3698928322466812
4812.526627119038,0.41843356918423336,1.3305025094159657
4813.907597709449,-0.7762531687836391,1.3480435382114893
4815.28856829986,-0.7461533549798691,1.3574928619472106
4816.669538890272,-0.6992519334660328,1.3744670784494641
4818.050509480683,-0.3050876648747751,1.3389813458659414
4819.4314800710945,-0.1494753652301366,1.3132092587002386
4820.812450661506,-0.6453225211856335,1.307752473902871
4822.193421251917,0.3995188205129123,1.310529871323565
4823.574391842329,-0.6190598398298341,1.348953452432842
4824.95536243274,0.03990698303807161,1.321695065411508
4826.336333023151,-0.045840277609524804,1.3124359922471922
4827.717303613563,0.012682113759120206,1.305540352190536
4829.098274203974,-0.5742872037798357,1.3122504626305322
4830.4792447943855,-1.1104111028573058,1.3321368433491017
4831.860215384797,-0.3981474474317297,1.3240837971388448
4833.241185975208,-0.09042554653307544,1.327045243744338
4834.62215656562,-1.7221545504335616,1.3220464669088945
4836.003127156031,-0.16290628042060185,1.3023122065990718
4837.384097746442,-0.6844884072123056,1.3269727706909957
4838.765068336853,-0.30611536643978976,1.3247654442889714
4840.146038927264,0.47179911120671925,1.3098986453482189
4841.527009517676,-0.5173885995193803,1.3355266067141174
4842.907980108087,0.1301261600501462,1.3339176254184668
4844.288950698498,-0.17885523798659353,1.340723567014455
4845.66992128891,-0.18039870826063087,1.3257365902964318
4847.050891879321,1.2652637543771963,1.3083145947484909
4848.431862469733,0.1912220977510115,1.322459048193337
4849.812833060144,-0.29123936432689757,1.3150810992022075
4851.193803650555,1.016283641280272,1.287974206439171
4852.574774240967,0.8752270712053996,1.3053730468362026
4853.955744831378,-0.11626806263702782,1.3546901298728882
4855.336715421789,0.017410595998001988,1.3639358240014894
4856.717686012201,0.5737778134647789,1.3553183986594246
4858.098656602612,0.6715545694803202,1.334562507310625
4859.479627193024,0.27940925898202096,1.3381619518863732
4860.860597783435,0.4299593723348689,1.3488054135871705
4862.241568373846,0.47552273826252733,1.348800186248175
4863.622538964258,1.0610771092508662,1.3483524702324852
4865.003509554669,1.4143314406826777,1.3509389863354018
4866.3844801450805,0.8324891704112103,1.3622117393453503
4867.765450735492,-0.3175214141242426,1.3778658621293445
4869.146421325903,0.8269586675018727,1.3805142254961469
4870.527391916315,1.399419274756375,1.3539411005126623
4871.908362506726,0.3121259028906094,1.3813749320430768
4873.289333097137,0.09277333267366217,1.3844747479429327
4874.670303687549,-0.3597530310211967,1.3880359950903713
4876.051274277959,-0.4700473098130038,1.3808745589995504
4877.432244868371,-0.218454253064869,1.3916313126674624
4878.813215458782,-0.006351480913864727,1.388449494128788
4880.194186049193,-0.7019002800939189,1.4048901336891808
4881.575156639605,-0.643207254681899,1.3953557519093291
4882.956127230016,0.21360732306071206,1.3749396087526746
4884.3370978204275,0.04890374851738688,1.3698063898165445
4885.718068410839,0.4139270071027443,1.350475299000414
4887.09903900125,1.2112860062589768,1.332145009229999
4888.480009591662,-0.011310286067875985,1.3403088513548467
4889.860980182073,0.539017694640183,1.3469532554699022
4891.241950772484,-0.14648732665947595,1.3783758278006546
4892.622921362896,-0.6920145409109582,1.3922962993349177
4894.003891953307,1.2625748369747605,1.3647430955132533
4895.384862543719,1.5440695651231309,1.3376282397750094
4896.76583313413,1.2059037832753274,1.3489835583133185
4898.146803724541,0.4943594061178045,1.3833094508698927
4899.527774314953,-0.10958102929537272,1.406144781733635
4900.908744905364,0.19698093949429207,1.4021450421953512
4902.289715495775,-0.23406909440329304,1.4004221395672147
4903.670686086187,-0.09665282645696571,1.3979552827138912
4905.051656676598,0.5511449327963946,1.386544555681968
4906.43262726701,1.3642929276537563,1.3686698285736165
4907.813597857421,0.7752423992680928,1.3772347432856746
4909.194568447832,1.0008247760468434,1.3808901017430226
4910.575539038244,0.8082794850478239,1.3871317399073355
4911.956509628655,1.136328034388403,1.3743141918745072
4913.3374802190665,-0.2512391374144345,1.388571890497948
4914.718450809478,-0.3820987760183039,1.3932471334145264
4916.099421399889,-0.0030025918909162286,1.3949395094392745
4917.480391990301,0.6272889127180896,1.3885478908534181
4918.861362580712,-0.7443300442819618,1.4346747380682796
4920.242333171123,-0.21018818666048755,1.4088344435492812
4921.623303761535,0.28090955219840463,1.3948298617171118
4923.004274351946,0.5262156046616377,1.3835058472975228
4924.3852449423575,0.6263631608204232,1.3895899381603192
4925.766215532769,0.8409507402673038,1.384719409934385
4927.14718612318,0.9145235995439052,1.3876143307768305
4928.528156713592,1.8258894225491646,1.3727749857498468
4929.909127304003,0.6125228978128279,1.392532191218792
4931.290097894414,0.010460793647657063,1.398441113266141
4932.671068484826,1.079952952260637,1.3656404598982024
4934.052039075237,0.6161834333853511,1.3573805656461397
4935.433009665649,0.3965436363377668,1.3643553953541228
4936.813980256059,0.8219163761014476,1.367710395869097
4938.19495084647,1.2249867963916445,1.3654504817902982
4939.575921436882,0.19601512313927572,1.3920461786290073
4940.956892027293,-0.11298563681364016,1.408151947899461
4942.337862617705,0.5520346787683899,1.4020289269562969
4943.718833208116,0.30638041278043726,1.4092033704199718
4945.099803798527,0.0753065180182757,1.4055061149327834
4946.480774388939,1.1081586365707805,1.377108212763634
4947.86174497935,1.4078855804996335,1.366207953629455
4949.2427155697615,1.4610205038093964,1.3675889479509722
4950.623686160173,0.6765627724725745,1.3717315711932319
4952.004656750584,1.0759142764257081,1.3689506900257093
4953.385627340996,1.4897286773019385,1.3587079393248616
4954.766597931407,0.3543503599606135,1.3857012988434891
4956.147568521818,-0.478051842066451,1.4139046659092915
4957.52853911223,-0.20566833518953587,1.4013519307170823
4958.909509702641,0.1776181001767645,1.395748904147593
4960.2904802930525,0.8629609017121433,1.3834796099855897
4961.671450883464,0.7372650948803097,1.3857631604877754
4963.052421473875,1.127101421201103,1.3806578691800724
4964.433392064287,0.1363270360013482,1.3928277548541843
4965.814362654698,0.5289340580467936,1.3853803688499087
4967.195333245109,0.6443252354784699,1.3868346354389025
4968.576303835521,0.5436174073462219,1.3832505848197847
4969.957274425932,0.7814575548694203,1.359225265212246
4971.3382450163435,1.3235428337865693,1.3334983380245287
4972.719215606755,1.9024512412940284,1.321217190087616
4974.100186197165,1.0258661172613737,1.3361822572187245
4975.481156787577,1.1017934860862795,1.3366663982569065
4976.862127377988,0.515992989550262,1.327110116471585
4978.2430979683995,0.35128179648819646,1.313940016428024
4979.624068558811,0.13003723502905107,1.3257516112186658
4981.005039149222,-0.6523240236836685,1.3507302208169836
4982.386009739634,-1.2046996386993571,1.3588672555601393
4983.766980330045,0.5360778398037276,1.319922451787976
4985.147950920456,0.7789541734822096,1.3266057095177395
4986.528921510868,0.9445616098366871,1.3280446399759778
4987.909892101279,0.41284615781394507,1.3561842084629316
4989.290862691691,-1.3255103820211338,1.3930975417115798
4990.671833282102,-1.505359072270366,1.395105019589309
4992.052803872513,-0.3845562798050377,1.3949855822523023
4993.433774462925,-0.4403363432229739,1.415728715330539
4994.814745053336,-0.1601060876360778,1.4119044046271925
4996.1957156437475,0.18644060841969878,1.4109574162596286
4997.576686234159,-0.8278888450961954,1.4466240903850212
4998.95765682457,-1.157826624668743,1.4212129741893333
5000.338627414982,-0.5608176826451148,1.41109276891061
5001.719598005393,0.45174672995548804,1.3857789420169033
5003.100568595804,1.0921612188916239,1.3570970559997815
5004.481539186216,0.8414812190156145,1.36577278293324
5005.862509776627,0.5297621959680487,1.3853776642741673
5007.2434803670385,-1.0097747492887743,1.4449175789266633
5008.62445095745,-0.5308566512605735,1.4104151842410806
5010.005421547861,0.6469298205380598,1.392374318788271
5011.386392138273,0.8070106766628822,1.4020440799185967
5012.767362728684,-1.0667865199414068,1.4336336182097824
5014.148333319095,-1.6957081666968445,1.4579416165012191
5015.529303909507,-0.37395827003896187,1.4480725732871704
5016.910274499918,0.03697923456028196,1.4302036233502862
5018.2912450903295,0.6417962619403683,1.4126048311595847
5019.672215680741,0.022385145748963886,1.416916511814953
5021.053186271152,-0.13162591043438976,1.445775825497346
5022.434156861564,-0.38306899787134974,1.4639378386755801
5023.815127451975,0.4392483440066295,1.4514325623307698
5025.196098042386,0.6216186137488426,1.4448496604474041
5026.577068632798,0.04071713402945765,1.4512523112903748
5027.958039223209,-0.4284739187125304,1.4546255064762001
5029.339009813621,0.10201338996072362,1.4410699849153843
5030.719980404032,0.6968176128428638,1.4283969173849396
5032.100950994443,0.6292163121302501,1.4429211669305149
5033.481921584855,0.6183924024108203,1.4490360699054847
5034.862892175265,0.08478708590476813,1.467603934752212
5036.243862765677,-0.16687332848205205,1.4630556606484058
5037.624833356088,-1.231619866212716,1.4899585332372507
5039.005803946499,-1.4687474013007922,1.5098536191145557
5040.386774536911,-1.1720492565166243,1.5134499860586013
5041.767745127322,-0.9327718113820911,1.493991174188269
5043.1487157177335,-0.13703812064778642,1.469607141174618
5044.529686308145,-0.12906806141598715,1.4616305429563008
5045.910656898556,0.5649022463369615,1.4534499064648734
5047.291627488968,0.5306000890389413,1.4468517358503878
5048.672598079379,-0.1293221505986608,1.467171901085183
5050.05356866979,0.23577997813311313,1.4652281616758984
5051.434539260202,0.6684833821529157,1.4534319071059394
5052.815509850613,0.6537316046857313,1.4564385566328755
5054.1964804410245,0.1952316662841147,1.4546948748234951
5055.577451031436,0.07455655611755851,1.473627270248669
5056.958421621847,-0.2872404301892679,1.46484441106246
5058.339392212259,-0.7203173278817352,1.482511604223918
5059.72036280267,0.14253271904368692,1.4480709614543161
5061.101333393081,0.16625843281755692,1.4348380407082855
5062.482303983493,-0.5071298043994519,1.4353711059912042
5063.863274573904,-0.2227506429822661,1.4646261880298457
5065.2442451643155,-0.0225226323010963,1.4673225556746161
5066.625215754727,0.37334336677835633,1.4438696722141997
5068.006186345138,0.07026196740368551,1.4308888127750263
5069.38715693555,-0.4085931282314865,1.4473104816969165
5070.76812752596,-0.2588941850520534,1.467699637775699
5072.1490981163715,-0.25037498204303965,1.4812222525807475
5073.530068706783,0.9462044168791373,1.443265919389535
5074.911039297194,0.536762346810769,1.4510595657892829
5076.292009887606,-0.3834139482226173,1.4811411161266255
5077.672980478017,0.0,1.4543249040567305
5079.053951068428,0.33042632484311607,1.4091938921318112
5080.43492165884,-0.11176452208663523,1.3978619906650034
5081.815892249251,-0.583503570533372,1.3954689559979683
5083.196862839663,0.61584030327802,1.378374283614957
5084.577833430074,0.34951846229683703,1.3751120895898037
5085.958804020485,-0.10063746521030303,1.382819500903416
5087.339774610897,0.6868085632054592,1.3912260854835976
5088.720745201308,0.23672384641461974,1.441840255060248
5090.1017157917195,0.28950288369375965,1.4726112731659602
5091.482686382131,1.0026016282263681,1.4606158145042172
5092.863656972542,0.1250250300512814,1.4550490944141041
5094.244627562954,-0.8277327735031688,1.4363335873737342
5095.625598153365,-0.437370298814475,1.4159858165618258
5097.006568743776,1.0061816908206582,1.4104323294276997
5098.387539334188,0.5792522381553775,1.443496150898555
5099.768509924599,-1.0658199285399963,1.4954473728144846
5101.1494805150105,-1.3515792720517248,1.5185690727987227
5102.530451105422,-0.022473571311985907,1.4928403342851924
5103.911421695833,-0.019937810683066104,1.5003869715364448
5105.292392286245,-1.232522429457695,1.5297571635501768
5106.673362876656,-1.3046168565091243,1.5377458705500873
5108.054333467067,-0.6710714740889632,1.5197808166108417
5109.435304057479,-0.5279594926569291,1.4795297172365898
5110.81627464789,-1.0625399310800803,1.4904809230168676
5112.197245238302,-0.7279568060924038,1.5047394217180599
5113.578215828713,-0.8446922615081047,1.4457728152239988
5114.959186419124,-0.7308859986326204,1.3885310346879551
5116.340157009536,0.16234003799434582,1.484131705292485
5117.721127599947,-0.7990348727915766,1.5047381669187065
5119.102098190358,-1.4604122874156582,1.5102832385016935
5120.48306878077,-0.5356967174382725,1.5027940494633238
5121.864039371181,-0.03717737989333969,1.5047153113737712
5123.245009961593,-0.9567117162384031,1.5384304474558406
5124.625980552004,-1.4109350015452247,1.5360161115891966
5126.006951142415,-1.0925685214019976,1.4944752814138071
5127.387921732827,-1.063741418134009,1.4613161119443716
5128.768892323238,-1.170322257892717,1.4942907949996707
5130.1498629136495,-1.3651650075198059,1.5229481013011659
5131.53083350406,-0.5415559165918253,1.5170703643727574
5132.911804094471,-0.20342185059664075,1.4700032815657431
5134.292774684883,-0.6980103689416222,1.506089089274128
5135.673745275294,-0.14620950214831474,1.4847483364334322
5137.0547158657055,-0.24813779605735764,1.4881980976719549
5138.435686456117,-0.7028855884244649,1.4817901050607465
5139.816657046528,-1.2808063246705736,1.487522077193411
5141.19762763694,-1.0362793223845026,1.4938754508637035
5142.578598227351,-0.5560052890143581,1.4996604174974968
5143.959568817762,-1.1115812435450008,1.5189185835509686
5145.340539408174,-1.1806658869260152,1.5060045095092733
5146.721509998585,-1.3866374356278524,1.5043858887733847
5148.1024805889965,-0.3293593023240806,1.4463417585659042
5149.483451179408,-1.1258691154077551,1.473346577678967
5150.864421769819,-1.3764336876531118,1.4794623077821074
5152.245392360231,-1.3689798352458773,1.4736648418834293
5153.626362950642,-1.9258537489720378,1.4988793127385684
5155.007333541053,-1.9373173639916788,1.5194285962604355
5156.388304131465,-1.1588789698707864,1.5058109911798554
5157.769274721876,-0.6688557719362493,1.4980457315671856
5159.150245312288,-0.857798051385664,1.4933472197478477
5160.531215902699,-0.5315582732599826,1.480816607984694
5161.91218649311,0.4626060902356741,1.4705385517332383
5163.293157083522,0.46151350872150676,1.477190503061223
5164.674127673933,-0.31233972383618536,1.5111243101079928
5166.055098264344,-2.0901356232498873,1.5485818328739984
5167.436068854756,-2.1320228498476506,1.5375682955244356
5168.817039445166,-1.2360472444935593,1.5124937412979471
5170.198010035578,-1.43887018046384,1.5484025424794996
5171.578980625989,-2.261565193340936,1.579689183758862
5172.9599512164,-2.4745540126519945,1.5783903108979502
5174.340921806812,-2.2450933967183775,1.5207948674842744
5175.721892397223,-1.569059670848283,1.48906853698756
5177.102862987635,-1.677373894574564,1.5282102286496637
5178.483833578046,-1.9106568355681692,1.553899944436398
5179.864804168457,-1.7915676899106199,1.5577475084845736
5181.245774758869,-2.44298618807849,1.5955427745839401
5182.62674534928,-2.206890766013928,1.5829654283282228
5184.0077159396915,-1.3944928211923537,1.5321454210691894
5185.388686530103,-0.2893367346184652,1.478649156530998
5186.769657120514,0.09080596004402075,1.4559449874993915
5188.150627710926,0.4414449918013137,1.436870387808762
5189.531598301337,1.0288834728245853,1.4239953586791003
5190.912568891748,0.6756263582205015,1.4509855317958793
5192.29353948216,0.1375153360100816,1.479142333466874
5193.674510072571,-1.2757970812876236,1.4871228859915582
5195.0554806629825,-0.24786014640264042,1.3375775413706994
5196.436451253394,0.4037485679670132,1.2549756936000485
5197.817421843805,0.07675235815171266,1.2765180393977351
5199.198392434217,-0.3699168556524688,1.3554318370127842
5200.579363024628,-0.5647920133888311,1.43001185976909
5201.960333615039,-0.7939799958733547,1.4823513719201065
5203.341304205451,-2.141928991297911,1.5415677519548099
5204.722274795862,-2.785719131447244,1.5615717157442182
5206.103245386274,-2.7590388889016024,1.5542075955758294
5207.484215976685,-3.7929116740489213,1.554989215731757
5208.865186567096,-3.0054527317399367,1.5318947080502496
5210.246157157508,-2.090222521117994,1.5063355491854045
5211.627127747919,-0.7847887277643082,1.4991222580450114
5213.0080983383305,1.2886938493697047,1.4254958557655297
5214.389068928742,1.992266651815493,1.3969755333611145
5215.770039519153,1.9381606448450608,1.3913186519371825
5217.151010109565,1.9415330428206197,1.3898296252862725
5218.531980699976,1.8250675245610086,1.3795701952729509
5219.912951290387,1.7749898304349054,1.3951245155506604
5221.293921880799,2.3245407866876953,1.3713539279671323
5222.67489247121,2.3887540583272324,1.364427332565666
5224.0558630616215,1.4951876210378687,1.4020760816026807
5225.436833652033,0.7620265232811212,1.4292054076957066
5226.817804242444,0.13660948514930382,1.4263872433609524
5228.198774832856,0.9873465044594809,1.3957292152410739
5229.579745423266,1.5618256013908285,1.3820783749059729
5230.9607160136775,1.9673738703051997,1.38704684191413
5232.341686604089,1.270080461844052,1.4032685577735435
5233.7226571945,1.1926168193137956,1.3891420815471494
5235.103627784912,1.559786375374543,1.3674394444581996
5236.484598375323,1.2520993200170816,1.3571685303349672
5237.865568965734,1.2952627147188558,1.3437772654504696
5239.246539556146,1.595459944991699,1.338468449489888
5240.627510146557,1.3607538689313632,1.351106075678659
5242.0084807369685,1.428461931902734,1.3757493341636924
5243.38945132738,1.654346741509153,1.3795306840843304
5244.770421917791,1.2442888355073212,1.39762254106985
5246.151392508203,0.15758771132563165,1.3902703487321586
5247.532363098614,-0.9723786004254844,1.3993014198720741
5248.913333689025,-0.31327553072797976,1.4043458911515043
5250.294304279437,0.36574583102666924,1.410733780741401
5251.675274869848,0.537535493644083,1.4072615001285587
5253.05624546026,0.8354246976063555,1.38185005717106
5254.437216050671,0.6750124408607538,1.3714736466106119
5255.818186641082,0.3765022364151953,1.384293243006396
5257.199157231494,-0.021367874841638823,1.3999924790195257
5258.580127821905,1.9550773218894113,1.3694879906325463
5259.9610984123165,-0.21526709617288464,1.413680821874742
5261.342069002728,-1.0631941144271018,1.4467185292299571
5262.723039593139,-1.5963050844210755,1.467963712328655
5264.104010183551,-2.1794278984932394,1.484208479112453
5265.484980773961,-2.5553680742765827,1.4932491146538038
5266.865951364372,-1.7684668464772857,1.46017012451695
5268.246921954784,-3.3020188574587532,1.4858366899119302
5269.627892545195,-4.024148352032806,1.4968729068634963
5271.008863135607,-1.6518767222102273,1.3706097541273738
5272.389833726018,0.4417628085146523,1.2952525873078466
5273.770804316429,0.10978432569775087,1.3298426862048405
5275.151774906841,0.17240814165177643,1.3856887501782515
5276.532745497252,0.7902223494097598,1.386234467396335
5277.9137160876635,0.32190057802370653,1.393705869696282
5279.294686678075,0.8124321195374993,1.3862663700097921
5280.675657268486,0.039206625648158244,1.405220583152815
5282.056627858898,-0.8331740613452041,1.4210018328970713
5283.437598449309,-0.3001838444816709,1.4041251613465082
5284.81856903972,0.5503747210176053,1.3893569976602786
5286.199539630132,0.7007923854996241,1.3846300686006359
5287.580510220543,0.8628546936323422,1.373011115522139
5288.9614808109545,-0.04390473655456795,1.3808327573446721
5290.342451401366,0.7552611338542228,1.3791121434993543
5291.723421991777,0.31120008827904044,1.3754350953355836
5293.104392582189,0.215003520863708,1.3800798484063443
5294.4853631726,0.26405302190885394,1.3929081668266563
5295.866333763011,-1.270080461844052,1.425090315779457
5297.247304353423,-1.839059257276367,1.4286143984190578
5298.628274943834,-1.043453906432573,1.4198347195637497
5300.009245534246,-0.1487038705898316,1.3964211516747287
5301.390216124657,0.4950712814981255,1.3693922265833935
5302.771186715068,0.6894505936768818,1.3575475416670022
5304.15215730548,0.04539320857885265,1.3772721705957103
5305.533127895891,-0.29884689543489973,1.3940889174703779
5306.9140984863025,-0.28059822677232304,1.390872855197527
5308.295069076714,-0.0227918794076043,1.3793654964512905
5309.676039667125,-0.3473872894310981,1.3736250192467094
5311.057010257537,1.4216223032222697,1.3491500675155819
5312.437980847948,1.0117081880033005,1.3547264124940088
5313.818951438359,0.5734025676932637,1.3688742609083584
5315.199922028771,0.004509588262613384,1.3832866424158223
5316.580892619182,-0.13721028981113648,1.392952684733652
5317.9618632095935,0.19901596882101558,1.3806810016895013
5319.342833800005,0.42376063970784905,1.3787565062270937
5320.723804390416,-0.08250024459630279,1.39577670775824
5322.104774980828,-0.3097196537928504,1.3817926131171099
5323.485745571239,0.2636646839712036,1.3716933063916752
5324.86671616165,-0.2116693080512979,1.3835787570924378
5326.247686752062,-1.4671994988205466,1.4152000497640516
5327.628657342472,-3.0940216494848682,1.4507307390567448
5329.009627932884,-3.08721479980467,1.4474068607847728
5330.390598523295,-0.9798023479630871,1.4124864762420004
5331.771569113706,-0.4861918242357026,1.3907161165443778
5333.152539704118,0.08085302704897401,1.391102665969337
5334.533510294529,-0.6999769654541375,1.3992878020944133
5335.9144808849405,-0.6502682969651357,1.4021505858982068
5337.295451475352,-0.774484596023469,1.3996573784170927
5338.676422065763,0.004236474959864012,1.3777855422270275
5340.057392656175,-0.5955904270465631,1.3764760410347352
5341.438363246586,-0.5760713760582812,1.3805774182681227
5342.819333836997,0.5791628934987969,1.3530113960590162
5344.200304427409,0.16782742032946274,1.3659768377415746
5345.58127501782,-1.2159343806005456,1.4014780556131459
5346.962245608232,-1.6412580620595314,1.3863035819763432
5348.343216198643,-1.111361017075284,1.3495412110480347
5349.724186789054,-0.29208961071856265,1.3581052996512535
5351.105157379466,0.43564408631483786,1.3679699402480887
5352.486127969877,0.22754316872145708,1.3685184026185333
5353.8670985602885,0.8843574640124192,1.3337705674878921
5355.2480691507,0.11099186273632888,1.3551815915110559
5356.629039741111,1.0027081942535023,1.3509989861987866
5358.010010331523,1.5448183916869276,1.3458179834836803
5359.390980921934,1.3336500062432997,1.3438143176103738
5360.771951512345,0.7278181073862822,1.3349296078515882
5362.152922102757,1.0781613491896618,1.3627867912256753
5363.533892693167,0.8102198011393629,1.367469165374239
5364.914863283579,0.1825234216488827,1.3751878796582488
5366.29583387399,0.7122521891449622,1.3611508142316113
5367.676804464401,0.7622421265730122,1.3627200302097449
5369.057775054813,-0.14775085332373017,1.3909322787273275
5370.438745645224,-2.095983287852315,1.4306465283901484
5371.8197162356355,-1.8272019648897357,1.4208617147855982
5373.200686826047,0.0,1.373275211758978
5374.581657416458,0.7492714555847169,1.3446374337376232
5375.96262800687,0.3724461567960482,1.3495892132501972
5377.343598597281,0.8918408481338158,1.3517036894686614
5378.724569187692,1.1411751491150284,1.3430472990757572
5380.105539778104,1.6792765852791778,1.3374345597694282
5381.486510368515,0.9892574849857887,1.3542327155118599
5382.8674809589265,0.24641773224034935,1.3683623944571228
5384.248451549338,1.2348825245688815,1.3525943998306451
5385.629422139749,1.8403340086426176,1.337342585725578
5387.010392730161,1.9121453581997425,1.3327475077780595
5388.391363320572,1.1803145306643685,1.349876695809932
5389.772333910983,0.4600242493797495,1.3312775350215147
5391.153304501395,1.1444476302913245,1.3179811500392429
5392.534275091806,0.8794523667257188,1.3357899473307768
5393.915245682218,0.6979249966148622,1.3070413083403234
5395.296216272629,-0.8669800616472898,1.279429120329326
5396.67718686304,-2.1898296492117186,1.383334446988161
5398.058157453452,-1.2524294644385572,1.4086259044720795
5399.439128043863,0.5254941205264316,1.3665868812290554
5400.8200986342745,0.9478405358975639,1.34772694471886
5402.201069224686,0.6010268721058001,1.3699079037229995
5403.582039815097,-0.22297640130320673,1.3744774097656844
5404.963010405509,-1.76207653473561,1.4168578221723949
5406.34398099592,-1.8127850912775179,1.4255936757599317
5407.724951586331,-1.6542712594586995,1.4240199335615882
5409.105922176743,-2.627308856269556,1.447632003477253
5410.486892767154,-2.0420125305186945,1.4288455084411495
5411.8678633575655,-0.5675590054616269,1.392662221458329
5413.248833947977,1.1547771897356807,1.350203812790727
5414.629804538388,0.17219250412460774,1.3521197775653135
5416.0107751288,1.213265569276679,1.3098426987222036
5417.391745719211,2.2135889052106013,1.2978891679656637
5418.772716309622,1.412782542483276,1.3177881558454174
5420.153686900034,0.5017616136771998,1.348282832364859
5421.534657490445,0.7686574451899499,1.3356402438139603
5422.915628080857,1.331022187061036,1.3342139479857182
5424.296598671267,0.8043283296799952,1.3429110361519836
5425.677569261678,0.09644959495800443,1.2935888796244233
5427.05853985209,0.21866143455864595,1.2956513601093598
5428.439510442501,-1.3159580741708101,1.3782416966697206
5429.8204810329125,-1.8670171672991254,1.3914297220697727
5431.201451623324,-1.8604706949692478,1.3911672839956477
5432.582422213735,-1.7494192298562155,1.4010756253796093
5433.963392804147,-2.511785873597212,1.4100094459464199
5435.344363394558,-0.9090683819998322,1.3771740738043279
5436.725333984969,-0.21162894034985236,1.3512883918137524
5438.106304575381,-0.5129896466107873,1.320784835763249
5439.487275165792,0.3558976292319169,1.2975696758057054
5440.868245756204,0.9348031258038336,1.2770616620147957
5442.249216346615,0.7786709511774017,1.331371027650681
5443.630186937026,-0.42039767449089105,1.3514748612888572
5445.011157527438,-1.8713238156566074,1.3760620037652094
5446.392128117849,-2.2417471099014206,1.3935495446449733
5447.7730987082605,-1.6103309663995837,1.3850079525069299
5449.154069298672,0.36171980581042895,1.3412029626816944
5450.535039889083,0.41155111209439177,1.3430920919508256
5451.916010479495,0.23010505188005403,1.3495817178867535
5453.296981069906,-0.8447733408920506,1.3731339345201325
5454.677951660317,-1.9423597392382543,1.3912625199258584
5456.058922250729,-1.2833179931224308,1.3238997171934819
5457.43989284114,-0.5551636514594378,1.1480552647302171
5458.8208634315515,-1.180202257398701,1.0548487555134698
5460.201834021963,-1.5673370452150284,1.1014877705100334
5461.582804612373,-0.7207237081348516,1.2127894722973362
5462.963775202785,-0.11780097001734369,1.2872871639816255
5464.344745793196,0.1092951254014487,1.3185652642928567
5465.7257163836075,0.6368315306818602,1.313959118921168
5467.106686974019,0.7543137282912458,1.3213877349468515
5468.48765756443,0.13989162282837064,1.335954776232686
5469.868628154842,-0.5124075087427062,1.329888749597782
5471.249598745253,0.3774038980271044,1.3190717262826783
5472.630569335664,1.374667311161753,1.3167555002092337
5474.011539926076,0.7489501639564509,1.3250170127503997
5475.392510516487,1.361770932323342,1.3092717165704049
5476.7734811068985,0.784007360885802,1.3184595516435946
5478.15445169731,-0.2597786181420094,1.3258367784076268
5479.535422287721,0.2675267587768939,1.3108483767489794
5480.916392878133,-0.17764120870796596,1.3078415609948333
5482.297363468544,0.11641710502845193,1.296096105492171
5483.678334058955,0.2590007279484947,1.303249494803965
5485.059304649367,0.15894462476888904,1.317510481107077
5486.440275239778,0.3005142041634734,1.3312041085315125
5487.82124583019,0.14992404852069363,1.3355049243532566
5489.202216420601,0.12420727611837101,1.3339723497467006
5490.583187011012,0.6137949139356067,1.3229528615895856
5491.964157601424,0.48705675418825933,1.3292177141883728
5493.345128191835,-0.011953976848479542,1.3467597362176569
5494.7260987822465,-0.9848529363965604,1.347732854708543
5496.107069372658,0.05015756448469766,1.3145912057701665
5497.488039963069,-0.6482045415428797,1.3169977102732884
5498.869010553481,-0.12079005281221811,1.3300157886182171
5500.249981143892,0.2686272643618839,1.3326176978001276
5501.630951734303,-0.23419841756904702,1.3372777002180782
5503.011922324715,-0.20465931033123752,1.3237117137533891
5504.392892915126,-0.11462533027091126,1.3174203728543483
5505.7738635055375,-0.3002084602553676,1.3363679091442213
5507.154834095949,-0.15609646359199836,1.3389327009972305
5508.53580468636,0.2887945010991313,1.3276225595516336
5509.916775276772,-0.7139368194293976,1.3321646884064615
5511.297745867183,-0.6143977238497946,1.3324545947181787
5512.678716457594,-1.37173466592116,1.345547442693497
5514.059687048006,-1.187475359860219,1.3487796868596031
5515.440657638417,-0.3696196846073754,1.3351833346195923
5516.821628228829,0.2404010431573873,1.3139734456515062
5518.20259881924,0.28318533809324364,1.312655106742858
5519.583569409651,-0.016184865918392077,1.317135728458573
5520.964540000063,0.5863733700525469,1.3209412815881005
5522.345510590473,0.713836867386787,1.320805330427247
5523.726481180885,0.4452539645073923,1.318998263597561
5525.107451771296,0.4344698594264891,1.3110283956083009
5526.488422361707,0.5356781615697237,1.3140743692667172
5527.869392952119,1.074982105650653,1.3020788757788009
5529.25036354253,0.5495451436330967,1.3170995391338984
5530.631334132941,0.7461992223275935,1.3154901865272381
5532.012304723353,0.9506940521381022,1.3034277442835684
5533.393275313764,-0.03146397440801785,1.3200795177723972
5534.774245904176,0.08666482062675662,1.3211923945184918
5536.155216494587,-0.698913437517394,1.3428237658372193
5537.536187084998,-0.4010325353917441,1.3312834678537309
5538.91715767541,0.3949883998487973,1.3079020424080177
5540.298128265821,0.39543568633417614,1.29778080386124
5541.6790988562325,-0.32943553021895156,1.3059283849143792
5543.060069446644,-0.3085122950038013,1.3170682695978306
5544.441040037055,-0.5138712389301734,1.331116590467143
5545.822010627467,-0.06391011721103723,1.3217146025697726
5547.202981217878,1.206889532793685,1.302947759723178
5548.583951808289,0.8019587734346896,1.3120292286809876
5549.964922398701,-0.07245957325579866,1.3303164012084143
5551.345892989112,0.8711041743131958,1.3186739186235665
5552.7268635795235,1.0245750037091828,1.315408522492801
5554.107834169935,0.517664811222474,1.3189437505292037
5555.488804760346,0.40140893089180274,1.3178842796544112
5556.869775350758,0.14414526137446693,1.3273815631443135
5558.250745941168,0.4959684714345478,1.3225419024911376
5559.6317165315795,0.7986198568728824,1.3097722404278025
5561.012687121991,0.22051443626978617,1.2701710624850078
5562.393657712402,-0.17894339658965563,1.2665273074449455
5563.774628302814,0.13531308566443379,1.3107488845640565
5565.155598893225,-1.0735818474577723,1.3435700045928338
5566.536569483636,-1.143923336175538,1.3384192340892762
5567.917540074048,-1.0832543273115114,1.328395589648171
5569.298510664459,0.28282707512876826,1.2986894106743512
5570.679481254871,0.8070292135017709,1.2860108159421813
5572.060451845282,0.601421505604959,1.181883842131906
5573.441422435693,1.4971682421621857,0.8624554243559238
5574.822393026105,-3.300172307472147,0.5917074377722491
5576.203363616516,-6.155548359584309,0.5735065196487619
5577.584334206927,1.3846499184740697,0.7095774259678119
5578.965304797339,2.5532269996770136,0.8902793794313064
5580.34627538775,0.22160169035066168,1.1403126992962762
5581.727245978162,-1.1325040798194816,1.2920443417078755
5583.108216568573,-0.8413930023816931,1.3232346800088426
5584.489187158984,-0.09417915891467565,1.3144413486564812
5585.870157749396,-1.022036724536262,1.3252240179612456
5587.251128339807,-3.1686458845072423,1.3467647914878536
5588.6320989302185,-3.727254953735237,1.35291325468759
5590.01306952063,-3.1060630528060056,1.344710712658535
5591.394040111041,-2.2361473502013016,1.347255246183025
5592.775010701453,-2.8846962605160655,1.3779373034599525
5594.155981291864,-3.0445436740961025,1.368437677501318
5595.536951882275,-2.390942727089584,1.331627240733881
5596.917922472687,-2.3379314548108248,1.3310344360597304
5598.298893063098,-2.692179589603475,1.36049573787785
5599.6798636535095,-2.348009094040716,1.3647825388106047
5601.060834243921,-1.3828469114084498,1.3252800988741191
5602.441804834332,-1.004015243312617,1.3017600094800925
5603.822775424744,-0.38261171618951906,1.282267291122373
5605.203746015155,0.5356109354028309,1.2678874359548458
5606.584716605566,0.4023678992995414,1.2671604081541072
5607.965687195978,0.11259143111500158,1.2834632526286398
5609.346657786389,-0.14527337693263576,1.3040111711195075
5610.727628376801,0.4576641760598097,1.294576669423145
5612.108598967212,0.7549412694486293,1.2889424393305569
5613.489569557623,-0.2431324855810022,1.3056272271188025
5614.870540148035,-1.0833214930436341,1.3141976001720586
5616.251510738446,-1.3615403402445363,1.321898699342202
5617.6324813288575,-1.429338806721148,1.3289458175081295
5619.013451919268,-2.028624086249774,1.321378714605216
5620.394422509679,-1.3751927820600827,1.2890200544461086
5621.775393100091,-0.4149489902071011,1.271570554462989
5623.156363690502,0.021712398973615876,1.2846818809608425
5624.5373342809135,-0.011481575033474911,1.297616769482158
5625.918304871325,-0.17273969510764253,1.2938184429786668
5627.299275461736,0.07367467895363866,1.2911808651454806
5628.680246052148,0.13990223540222857,1.2927138312502404
5630.061216642559,-0.6005806741112476,1.300556180144528
5631.44218723297,0.31671140142297105,1.2824252130470377
5632.823157823382,1.0223721462171564,1.2676669659854334
5634.204128413793,0.598821421907326,1.276543072492576
5635.5850990042045,0.4980776380047587,1.2792950023024459
5636.966069594616,1.092184487116171,1.2610772081717387
5638.347040185027,0.8629463390187802,1.262585611341635
5639.728010775439,-0.2759533738605491,1.291996634905838
5641.10898136585,0.5049039952483376,1.2762879403015261
5642.489951956261,1.6115203692998463,1.2493402808856768
5643.870922546673,0.11573875313738213,1.253264273354627
5645.251893137084,0.09379408414724999,1.2737853280765092
5646.6328637274955,0.4190587135805508,1.2780141643398573
5648.013834317907,-0.06156836358795381,1.2783781802068703
5649.394804908318,0.14789166943481824,1.2711513806988235
5650.77577549873,0.786661640551408,1.263963799281915
5652.156746089141,0.18810048591398143,1.274359467906865
5653.537716679552,-0.36637057448655774,1.281179274548253
5654.918687269964,0.34039031216860316,1.271096672880981
5656.299657860374,0.2969833714214296,1.2724931658464895
5657.680628450786,0.6069764396865693,1.2666713040531439
5659.061599041197,0.5575105525395365,1.252828357850761
5660.442569631608,-0.5964222255000298,1.2699166471405827
5661.82354022202,-0.6126890646494836,1.2791254378607044
5663.204510812431,0.7083395662144358,1.2472213849319416
5664.585481402843,-0.27042227953914555,1.2554897624536216
5665.966451993254,-0.9515223487130928,1.2596250141899257
5667.347422583665,-0.27162410814337967,1.2371402249867371
5668.728393174077,-0.215203915037943,1.2116210515670105
5670.109363764488,0.13142697260155423,1.2042016972601464
5671.4903343548995,0.48579206748244275,1.2149094784907213
5672.871304945311,0.07868306877747422,1.2300384559433548
5674.252275535722,0.32302805425318226,1.2313114749202487
5675.633246126134,0.228258688476231,1.235459845758131
5677.014216716545,-0.3379895867080833,1.233218741689154
5678.395187306956,0.34159616845016316,1.2121309597321022
5679.776157897368,0.4094543608850536,1.1841605046175212
5681.157128487779,-0.16314802779348092,1.1653984133854334
5682.5380990781905,-0.7199091248731797,1.1613437183971085
5683.919069668602,-1.018703752810909,1.1531786638379904
5685.300040259013,-0.7227743942906351,1.140911070150304
5686.681010849425,-0.46272042786937995,1.121829745087346
5688.061981439836,-0.7568863582782903,1.138678502231961
5689.442952030247,1.197513948697095,1.128517348723914
5690.823922620659,0.7420866985842203,1.1541716386860543
5692.20489321107,0.033522478640202635,1.1764423864998328
5693.5858638014815,0.3237481800013562,1.1909977460041847
5694.966834391893,0.221897799439974,1.1954375924501668
5696.347804982304,-0.7029868989016528,1.20818770827348
5697.728775572716,-0.7831113724543215,1.2160055793096565
5699.109746163127,-0.9495946205585302,1.2290092203598038
5700.490716753538,-0.7964094379327875,1.2389302993763334
5701.87168734395,0.001526453135202388,1.2273593554811946
5703.252657934361,1.0952007043147756,1.1998498038435206
5704.633628524773,0.20139371823515262,1.2072235165546095
5706.014599115184,-0.18968875550289432,1.2280531746723633
5707.395569705595,0.19076924675327334,1.2330090545626782
5708.776540296007,-0.5328278025182414,1.2355435496387386
5710.157510886418,-0.6032779676903566,1.2143593907755945
5711.5384814768295,1.4419129913705113,1.1926122541789659
5712.919452067241,-0.5255989836194654,1.2356832416376522
5714.300422657652,-0.24589801022779056,1.246073728709631
5715.681393248064,0.7156545516527117,1.2232424966134132
5717.062363838474,0.2420107569139418,1.2299038735199923
5718.4433344288855,-0.38285134111504604,1.2464680388064766
5719.824305019297,0.0,1.2389851082502703
5721.205275609708,0.05887269898822467,1.2208568118156353
5722.58624620012,0.8131049736543456,1.2035779904200377
5723.967216790531,-0.22808306468147777,1.2339325003868893
5725.348187380942,-0.5242349024372182,1.250467810707277
5726.729157971354,0.049178569406038264,1.2452106139108419
5728.110128561765,0.017620414250149707,1.2394315319613176
5729.4910991521765,0.0551981023718664,1.2267000391212595
5730.872069742588,0.7145840240269603,1.2164925799290225
5732.253040332999,1.1517562057459987,1.213165647615183
5733.634010923411,0.4227120511434137,1.222404483376257
5735.014981513822,1.0514636368998378,1.2226073906087076
5736.395952104233,0.8539139566145142,1.2235352193321036
5737.776922694645,1.2145192804172655,1.216537506784785
5739.157893285056,1.270743542188681,1.2121507896127803
5740.5388638754675,0.27208644674000126,1.2316952846733784
5741.919834465879,-0.05794979371879094,1.232556109318024
5743.30080505629,1.0505769828635607,1.2177138018786764
5744.681775646702,0.43651990092943826,1.208825252549443
5746.062746237113,0.6103190096131659,1.2021436354990416
5747.443716827524,0.11273002741025984,1.204946584153248
5748.824687417936,-0.6244525498412354,1.2337359526358003
5750.205658008347,-0.18128211504271796,1.2239300923623668
5751.586628598759,0.6913354473739766,1.2108372804260978
5752.967599189169,0.28567342467019685,1.2120334030023743
5754.34856977958,0.6509962585450619,1.210116411790334
5755.729540369992,0.8412834784508672,1.2019034118859921
5757.110510960403,1.2495456468860553,1.1946479502517116
5758.491481550815,0.9857567324233827,1.1964407368026475
5759.872452141226,0.3115648612260955,1.200030345064966
5761.253422731637,0.486252252527958,1.1973066963928687
5762.634393322049,0.678695080928307,1.1848719064217634
5764.01536391246,0.13856204512873305,1.1794146687912905
5765.3963345028715,-0.36794757160100033,1.1355946029881334
5766.777305093283,1.4524625769983217,1.069706771540431
5768.158275683694,0.9238138211853766,1.0770007284343455
5769.539246274106,0.3412820644476966,1.1215056248921171
5770.920216864517,0.8084001218215882,1.1507527408485463
5772.301187454928,0.341590906841418,1.1761442050004924
5773.68215804534,-0.379178084686858,1.1788105898584658
5775.063128635751,1.0195872511588924,1.173949063243623
5776.4440992261625,-0.11602039941156761,1.189331811194265
5777.825069816574,-0.952767389243192,1.194364238854783
5779.206040406985,0.34294640968060897,1.1612394332840024
5780.587010997397,0.9565010143339343,1.1531338326170397
5781.967981587808,0.6742203627529282,1.1642607857353462
5783.348952178219,1.5847560299370098,1.1492041624349352
5784.729922768631,0.7988344988811438,1.1411102124451276
5786.110893359042,0.9279089200105197,1.1073984299190813
5787.491863949454,-0.0721996778979328,1.0815334126853438
5788.872834539865,-0.6590541150801759,1.063682811278878
5790.253805130276,0.11235051079233038,1.079088571811576
5791.634775720688,0.8097627006606167,1.101568951747588
5793.015746311099,1.0238701322946486,1.1200865522595571
5794.39671690151,0.9099638451934702,1.1310434995021874
5795.777687491922,0.6942036725278236,1.1330674243427534
5797.158658082333,0.3361541925168101,1.1375755427807446
5798.539628672745,0.08324565223570879,1.140722697341704
5799.920599263156,0.8983109341325299,1.1294189174283786
5801.301569853567,0.6028798832531699,1.1200165170305698
5802.682540443979,0.023804528527316293,1.1249232369678357
5804.06351103439,-0.08910788359161614,1.1252595116461104
5805.4444816248015,-1.0163996671902016,1.1331923688264174
5806.825452215213,-0.17829495192487244,1.1290731349808203
5808.206422805624,-0.3071397714770985,1.1205649189211304
5809.587393396036,-0.9676252014366149,1.124822818493007
5810.968363986447,-0.6163106707772439,1.1142789584827844
5812.349334576858,0.08186899537370707,1.129035160967652
5813.73030516727,0.01016616528614911,1.1838830103377862
5815.11127575768,-0.15944187974296398,1.1879597325152065
5816.492246348092,1.075247831346001,1.179494670573661
5817.873216938503,0.2938327340248055,1.1718219126970844
5819.254187528914,0.14797902564186494,1.1830469345233698
5820.635158119326,-0.13097414325111956,1.1871189989787905
5822.016128709737,-0.9989432496501944,1.1984237773633275
5823.3970993001485,0.10395726629178981,1.188144373775537
5824.77806989056,1.4016653971249085,1.178759372984467
5826.159040480971,-0.5729126481269624,1.1947206197901428
5827.540011071383,-0.542145176023455,1.195286506343488
5828.920981661794,0.22970387173377205,1.1874645045268442
5830.301952252205,0.1459504724735421,1.1845827397256967
5831.682922842617,0.3781223993824643,1.1832024705610353
5833.063893433028,-0.31416463435060393,1.1931876407607016
5834.44486402344,-0.7877015452391589,1.2026711630566584
5835.825834613851,-0.32718165551210276,1.1952180150619884
5837.206805204262,-0.35454247483112056,1.190530512797065
5838.587775794674,-0.28071699884583623,1.1806598616179578
5839.968746385085,0.1283398018261117,1.1707818297477413
5841.349716975496,0.5946838739066713,1.1713098869720293
5842.730687565908,1.0757852199583589,1.1793798834967175
5844.111658156319,0.5590376999281883,1.187320191217663
5845.492628746731,0.9056892637870888,1.182747291568249
5846.873599337142,1.2614294418486853,1.1784445471947569
5848.254569927553,1.11535525186469,1.1835419539383414
5849.635540517965,0.9853384251068764,1.1843215764152448
5851.016511108375,0.18052076287573193,1.1969277865672436
5852.397481698787,-0.7605335302101395,1.2095166018179166
5853.778452289198,-0.9845655480170077,1.2171260143647984
5855.159422879609,-1.9975164656055604,1.2273441173716129
5856.540393470021,-3.577263133641285,1.2407284360761277
5857.921364060432,-2.9067423440383404,1.2421904594750985
5859.3023346508435,-1.6835033038135876,1.2335422679906054
5860.683305241255,-0.8217352892756384,1.226267545774544
5862.064275831666,-0.05275201597331858,1.1985745382511204
5863.445246422078,-0.5507315720907151,1.1844846361576375
5864.826217012489,-1.163776915141307,1.1726219278601087
5866.2071876029,-1.2091682136520898,1.1889582482606997
5867.588158193312,-1.0551001462014558,1.2189920292954806
5868.969128783723,-0.8116928005833568,1.2354762049331016
5870.3500993741345,-0.948808526026184,1.2384904889455788
5871.731069964546,-1.9546747392462098,1.1928233777859314
5873.112040554957,-1.9478867143810117,1.2142579104392375
5874.493011145369,-2.4257806056453113,1.2807354457065063
5875.87398173578,-2.346590098432591,1.2939182297580063
5877.254952326191,-2.91672384167601,1.3049097276733437
5878.635922916603,-4.50489874963931,1.3321141496406237
5880.016893507014,-4.922104545304606,1.3394409133573506
5881.397864097426,-4.784029976160291,1.3472001493525019
5882.778834687837,-7.08752013552828,1.3563063093606031
5884.159805278248,-9.06141268294834,1.3138822696406858
5885.54077586866,-10.730613664173337,1.1696732652159652
5886.921746459071,-12.775425874848537,0.984027579638576
5888.302717049482,-13.837289271926489,0.913370401047151
5889.683687639894,-13.399645507504161,1.0430846610100883
5891.064658230305,-13.100782780018697,1.176703363475339
5892.445628820717,-13.139611840044584,1.0821579362700817
5893.826599411128,-13.361413079851484,0.968680861492103
5895.207570001539,-14.041274075453035,1.0626885090065687
5896.588540591951,-13.895829264692596,1.2953552282214233
5897.969511182362,-11.85777322477834,1.4305311627736834
5899.3504817727735,-10.120742897899415,1.4469640703551891
5900.731452363185,-8.120436069102887,1.4067596938332367
5902.112422953596,-6.306875871511611,1.366467912881976
5903.493393544008,-5.307834258712411,1.3429025748784866
5904.874364134419,-4.312636402466914,1.3292013212041571
5906.25533472483,-3.5542338365742285,1.326850811373287
5907.636305315242,-3.1263201225725332,1.3267000275432375
5909.017275905653,-2.456490967326717,1.3210621679927776
5910.3982464960645,-2.7205103877787664,1.3099057751225196
5911.779217086476,-2.3253687372050376,1.278318622153184
5913.160187676887,-2.2662652346010717,1.2609799751426811
5914.541158267299,-2.2475443244152604,1.2746775617771804
5915.92212885771,-1.3773386545234363,1.2929005969798912
5917.303099448121,-0.9073837152429807,1.2988888443291007
5918.684070038532,-0.535607891135351,1.2934338649656192
5920.065040628943,-0.14463502527463135,1.2833270966346204
5921.446011219355,-0.5789923567032478,1.279860593416342
5922.826981809766,-0.6145280880616752,1.2673598078164816
5924.207952400177,-0.14125896631429846,1.2627630577741107
5925.588922990589,-0.15105469200910626,1.2791197908270648
5926.969893581,-0.5593280751856469,1.2914101922438412
5928.350864171412,-0.6812013243423625,1.2788781492368384
5929.731834761823,-1.0058464692560953,1.2454313702935234
5931.112805352234,-0.10491721466309656,1.2187403593010013
5932.493775942646,0.26407262269335696,1.229323801222962
5933.874746533057,-0.4401345752345076,1.227031667282812
5935.2557171234685,-0.3433616215717876,1.1947006250453291
5936.63668771388,0.29669756818297266,1.1804490234175333
5938.017658304291,-0.5453169310769983,1.23115818906426
5939.398628894703,0.1321674123926595,1.2767107403524574
5940.779599485114,0.1907032794969492,1.2817577143425698
5942.160570075524,-0.8911254617867908,1.2761814595096623
5943.541540665936,-0.5485427294619818,1.2635366927960194
5944.922511256347,0.9927457820751471,1.255994003404221
5946.303481846759,0.4407555311623099,1.2707841433378986
5947.68445243717,-0.2536338069894555,1.2821829288036974
5949.065423027581,-0.2656790274276073,1.2765560336289148
5950.446393617993,-0.23965424477017905,1.2464346092205087
5951.827364208404,-0.35114828758846883,1.242642202505779
5953.2083347988155,0.2051448760455692,1.2554625685999303
5954.589305389227,0.6480719727710369,1.2688287232853273
5955.970275979638,0.24161998671623763,1.2704131985579517
5957.35124657005,-0.5855875580824197,1.2662755597782156
5958.732217160461,-0.8265859991690725,1.2613693448473966
5960.113187750872,-0.09558838600187158,1.279108907376627
5961.494158341284,0.4261859682443827,1.2676039055148323
5962.875128931695,0.27578877907314236,1.2647003332021547
5964.2560995221065,-0.09283802579568956,1.274030374135879
5965.637070112518,-0.9281963733230185,1.2806258606069814
5967.018040702929,-0.7444825668179078,1.2774702630945003
5968.399011293341,0.46806548002214754,1.2596523144172482
5969.779981883752,-0.4286231489192893,1.2723599871143347
5971.160952474163,-0.8547776750977363,1.2913958646988453
5972.541923064575,-0.8641719651188744,1.285516849859855
5973.922893654986,0.13147014932158285,1.2635920550285094
5975.303864245398,0.37312896831707576,1.2576852907538387
5976.684834835809,-0.5739755910099262,1.2748573801627388
5978.06580542622,0.3027035022054463,1.27922356651838
5979.446776016632,-0.10970903573280566,1.2860347306058149
5980.827746607043,-0.1850068346432998,1.2938366774566932
5982.2087171974545,0.2209516006286414,1.2829421677480999
5983.589687787866,-0.06812498915015297,1.2776465195582156
5984.970658378277,-0.8097734940032968,1.2990664901317575
5986.351628968689,-0.1567519059296032,1.2959702648326272
5987.7325995591,0.020021436220265088,1.2933864627930813
5989.113570149511,0.49532881549383134,1.2859356914895848
5990.494540739923,-0.048058271989191326,1.2869963724433564
5991.875511330334,-0.3214648059265244,1.2849661641847738
5993.2564819207455,0.4458444035808924,1.273911995767094
5994.637452511157,0.25141262284930477,1.282086067655807
5996.018423101568,-0.18060779817013994,1.286437235439012
5997.39939369198,0.6401948888471871,1.2871405544260028
5998.780364282391,-0.2412274792795941,1.2964040492853595
6000.161334872802,-0.9710800408268785,1.2999846987605734
6001.542305463214,0.4142562582561844,1.2943664760806681
6002.923276053625,0.6260622492390233,1.2927424096213482
6004.3042466440365,0.5071521158389025,1.2997391283880193
6005.685217234448,0.7884212788612182,1.304302392101454
6007.066187824859,0.41056326410399535,1.305941937023406
6008.447158415271,0.04709208001006715,1.3080763571399663
6009.828129005682,0.27597094186186055,1.3014010602998536
6011.209099596093,-0.12620736610587358,1.308849329476374
6012.590070186505,0.21797169782228565,1.2915569431889353
6013.971040776916,-0.901252825216412,1.3001167202895199
6015.352011367327,-0.5350784519448997,1.3016934454560738
6016.732981957738,0.14408097876532366,1.2877037878362607
6018.113952548149,-0.4572987435246869,1.1951402741034274
6019.494923138561,0.3061767928468022,1.2220938801349868
6020.875893728972,0.21948916413874997,1.2931453379152889
6022.256864319384,1.6504724588148747,1.2915541806948614
6023.637834909795,0.9525896197932973,1.3009457561685838
6025.018805500206,-0.0033296639511739556,1.3112881248940929
6026.399776090618,1.1174284142404183,1.3065572970906543
6027.780746681029,0.3425014306574816,1.3156067328765113
6029.1617172714405,-0.22047520595518577,1.3211663854234408
6030.542687861852,0.19688038689987764,1.3077297101348069
6031.923658452263,1.1091121506699864,1.2974995281020296
6033.304629042675,1.2348554358074466,1.306157790442845
6034.685599633086,0.2139422007141505,1.3232467640260361
6036.066570223497,-0.061622792596743636,1.3217289033400308
6037.447540813909,1.784460919624646,1.3050348839765267
6038.82851140432,-0.02219600832096802,1.325857730944297
6040.209481994731,-0.4850449754978996,1.324307941717444
6041.590452585142,0.846538758981211,1.309810466712891
6042.971423175553,0.8394306803406586,1.3080390842095702
6044.352393765965,0.8534917216113342,1.312117932168331
6045.733364356376,0.924247809811547,1.3112393069730655
6047.1143349467875,0.3303905824246023,1.3197004234164222
6048.495305537199,0.399623728842986,1.3289945617632968
6049.87627612761,0.7918088488788513,1.3203131434505657
6051.257246718022,0.688851641853244,1.3241932643252952
6052.638217308433,1.0381087453847329,1.320291655285489
6054.019187898844,0.47783683716238556,1.3285350614909965
6055.400158489256,0.7962401877397873,1.3228282554512967
6056.781129079667,1.0336238224572725,1.323304890576535
6058.1620996700785,0.48125850098967504,1.3299819726919189
6059.54307026049,0.006221889723487806,1.3349461640660583
6060.924040850901,0.19064173074183088,1.334152818564349
6062.305011441313,0.617505208095487,1.3341476353111317
6063.685982031724,0.36578943996890345,1.3315931001811347
6065.066952622135,0.43451736255076057,1.3268933955247233
6066.447923212547,0.981215715592441,1.3219259256626865
6067.828893802958,1.08207509187676,1.3285741488011995
6069.20986439337,0.9342287667862408,1.3304931049907647
6070.590834983781,0.8381176390918341,1.330695309206722
6071.971805574192,0.9011995846424199,1.3259649174573949
6073.352776164604,1.0536951958116099,1.3250147606960772
6074.733746755015,0.8918033296187602,1.3365603585830514
6076.1147173454265,0.5695023689600198,1.3397227298220178
6077.495687935838,1.0488738448757218,1.3359117181860676
6078.876658526249,0.7180280396409202,1.3378602651040616
6080.257629116661,0.45355842831094506,1.3413063782048966
6081.638599707072,0.6572167596937852,1.339671076944399
6083.019570297483,0.4029184703886628,1.3471746832767215
6084.400540887895,0.1798855057895956,1.356193833090569
6085.781511478306,0.21407526185177517,1.3581605335036369
6087.1624820687175,0.03108857975421131,1.361146237974007
6088.543452659129,-0.05816452557865759,1.360697170380441
6089.92442324954,-0.009181762236252666,1.3579874458193624
6091.305393839952,0.05572589900464564,1.3531161412971542
6092.686364430363,0.698974389414424,1.3422924389291482
6094.067335020774,1.2866622045133838,1.3372004725820485
6095.448305611186,0.5810109031566988,1.3420097731542928
6096.829276201597,-0.018601988069384845,1.3462585697466405
6098.210246792009,0.14396970648226315,1.355608529346746
6099.59121738242,-1.5648993103650355,1.3957995796162728
6100.972187972831,-4.513412252778677,1.4568639031190613
6102.353158563243,-5.597269163732983,1.479795755604902
6103.734129153654,-3.8901471307582867,1.4433805757223936
6105.115099744065,-1.7059475508174078,1.3975989384141934
6106.496070334477,-0.37738201729467846,1.3686771483243225
6107.877040924888,-0.4083151451548144,1.3651942013239
6109.2580115153,-0.17971976341149443,1.3648659158367908
6110.638982105711,0.48213914305042493,1.3538437945797135
6112.019952696122,-0.01797703693230801,1.3582766978561238
6113.400923286533,0.18756562073903638,1.3565891477745875
6114.781893876944,-0.2601953147994358,1.3656738197634948
6116.162864467356,-1.1396679228439286,1.3753507695222074
6117.543835057767,-1.9634262063399444,1.3889336005923405
6118.924805648178,-3.252228128752522,1.4225235539688073
6120.30577623859,-6.036192209165991,1.4932101200643844
6121.686746829001,-8.469835816177504,1.5490965522153008
6123.0677174194125,-7.457150670880072,1.5248617229775099
6124.448688009824,-4.84092847658523,1.4502802908196022
6125.829658600235,-2.442688519921571,1.3892742043954265
6127.210629190647,-0.8309720566772238,1.3658004081181205
6128.591599781058,-0.14694356260974928,1.3576758003315201
6129.972570371469,-0.36385933017801797,1.3602285017264877
6131.353540961881,-0.23846532759736405,1.3538493509077152
6132.734511552292,-0.14093454006258632,1.3524018716421262
6134.1154821427035,0.1204125734155781,1.33548891507441
6135.496452733115,0.4306958679131512,1.3206388972789318
6136.877423323526,-0.3427068122243444,1.3141354995122145
6138.258393913937,0.7473651376156756,1.3117090866024668
6139.639364504348,0.6099220030227333,1.30807416684668
6141.0203350947595,-0.050545164752916705,1.322244580760207
6142.401305685171,0.010179473059130473,1.3110934739320494
6143.782276275582,0.3403617152268623,1.313173365280662
6145.163246865994,0.34715294294165133,1.3271224704578417
6146.544217456405,0.5190503034537812,1.327333266235725
6147.925188046816,0.1805960433949778,1.3294660103568094
6149.306158637228,-0.1043062108407149,1.3230092603102444
6150.687129227639,0.3822876765404857,1.2998224061890082
6152.0680998180505,0.9702969098356817,1.2828428496296125
6153.449070408462,0.6837553744912146,1.2888113480412553
6154.830040998873,-0.3288918196782671,1.313511891188781
6156.211011589285,-1.6695210023923455,1.3374081358668217
6157.591982179696,-3.0659567511914787,1.355547864060628
6158.972952770107,-4.650941749390025,1.3805821042087332
6160.353923360519,-7.0577234098470125,1.435592345476144
6161.73489395093,-9.351092952794941,1.5065575492070602
6163.115864541342,-9.075622389557385,1.5237677534192735
6164.496835131753,-6.5479074101273635,1.4818385733862647
6165.877805722164,-4.802304195669725,1.4301476189957205
6167.258776312576,-3.944929368209273,1.3925562036104182
6168.639746902987,-3.8941259095073413,1.3797626087173323
6170.0207174933985,-4.035819577690095,1.3948023227369992
6171.40168808381,-2.8181078045258285,1.3880653702522328
6172.782658674221,-0.5878727377848936,1.3630140689479673
6174.163629264633,-0.4709743610525372,1.3469617727988772
6175.544599855044,0.025290938019555398,1.3403271835992139
6176.925570445455,1.0496527691398043,1.3328132544504803
6178.306541035867,1.1322817994023922,1.3323432506623871
6179.687511626278,1.1102517745138965,1.3269209419838588
6181.0684822166895,1.0999804219576408,1.3287179270640093
6182.449452807101,0.4785037269826269,1.3423955137554162
6183.830423397512,0.575533456501713,1.3392664405696866
6185.211393987924,0.9324343029614912,1.3403299029151892
6186.592364578335,0.6373151888662285,1.3422690934331758
6187.973335168746,0.6952400666701948,1.3421754573026399
6189.354305759158,0.18452569437596367,1.3401619552069368
6190.735276349569,0.14570172191842268,1.3351993142107177
6192.116246939981,0.05703013256596989,1.3417297938603416
6193.497217530392,-0.05601089493641176,1.35110307701729
6194.878188120803,0.480183063240343,1.343765263869494
6196.259158711215,1.027413108505474,1.3364197076503923
6197.640129301626,0.8076378521659748,1.346947175831515
6199.0210998920375,0.3981350135492061,1.346457172092167
6200.402070482449,0.5748747825758489,1.3339610348090851
6201.78304107286,1.089435739105129,1.3203372051201074
6203.164011663272,0.9897454583755962,1.3201927650358682
6204.544982253683,0.6377061026854474,1.3276098812028068
6205.925952844094,0.883861488538038,1.3309823899802287
6207.306923434506,0.9970119146194687,1.3420815321062785
6208.687894024917,0.3695679065781068,1.3602010993525941
6210.0688646153285,0.008010407737538472,1.370467056774883
6211.449835205739,0.41445873167903713,1.3600781814521068
6212.83080579615,0.7161388488940688,1.352370446706807
6214.211776386562,-0.12067269817929827,1.3559111555136514
6215.592746976973,-0.9267265097916457,1.366681463767439
6216.9737175673845,0.4272067886147539,1.36482836723029
6218.354688157796,0.8697439793638431,1.3471288910943264
6219.735658748207,-0.008010407737538472,1.3470699977170846
6221.116629338619,-0.2071636269606696,1.3594263803706863
6222.49759992903,0.3857580106673506,1.384691200477813
6223.878570519441,0.4336547107979758,1.4000725032395198
6225.259541109853,-0.24249614632127958,1.4109621973095683
6226.640511700264,0.06028245302126756,1.3976983422915747
6228.0214822906755,0.2711938221345811,1.3975887751132818
6229.402452881087,-1.0727421965763195,1.4187350783650117
6230.783423471498,-1.9037814560957163,1.3921437745823857
6232.16439406191,-0.34322865596378094,1.3278729173237331
6233.545364652321,0.27943772660597155,1.2947824509202703
6234.9263352427315,-0.48621849900502845,1.3165798314865131
6236.307305833143,-1.0301200812306366,1.355060203056635
6237.688276423554,-0.7732034798818361,1.3725437547863426
6239.069247013966,-0.9098071120309399,1.3916774692075136
6240.450217604377,-1.1779451442832958,1.4096940522736663
6241.831188194788,-1.3107167310926222,1.4234490210407647
6243.2121587852,-1.2254968956525456,1.4219814512930813
6244.593129375611,-0.3475136300749231,1.408134172513521
6245.974099966023,0.6359999192374772,1.4118314522591402
6247.355070556434,0.40040245024732,1.4242029132103189
6248.736041146845,-0.957736902648282,1.4502912052754282
6250.117011737257,-1.3825907373786634,1.465537447502141
6251.497982327668,-0.7423921115908154,1.4551609992055328
6252.878952918079,-1.2079854375493966,1.4323080995976554
6254.259923508491,-1.9449481308986645,1.3903200677461935
6255.640894098902,-1.326529623856759,1.3386326809958142
6257.021864689314,-1.2004053517309874,1.3487843098591261
6258.402835279725,-2.9364036348169016,1.4224511605429218
6259.783805870136,-2.90031123640866,1.505370396606567
6261.164776460548,-1.8782698086185015,1.4710775340844022
6262.545747050959,-0.7150422274415007,1.4281129913395734
6263.9267176413705,-0.13475677358460025,1.4088598366681813
6265.307688231782,-1.064372011962888,1.443187633149874
6266.688658822193,-0.45439811814206443,1.448398790047696
6268.069629412605,-0.04779341049684227,1.4553736423622217
6269.450600003016,-0.3640800978863119,1.4697009799936425
6270.831570593427,-0.10244944917966237,1.4667957738276853
6272.212541183839,0.3099469641324788,1.4531512764502272
6273.59351177425,-0.3354323733150135,1.4562494660289516
6274.9744823646615,-1.1581115098108086,1.4702889614587646
6276.355452955073,-0.8055484242358393,1.474234395822111
6277.736423545484,0.015969355201765012,1.4688864862641227
6279.117394135896,0.01514181397672587,1.4721043402726066
6280.498364726307,-0.5723476588210232,1.4859534432239072
6281.879335316718,-0.42977403430871775,1.4713360171735417
6283.26030590713,0.007591524354507939,1.4261705645340872
6284.641276497541,-1.7992808472672603,1.4030764440736416
6286.022247087953,-0.47649215263510847,1.3825762324969986
6287.403217678364,0.7623287776984728,1.4031639965562208
6288.784188268775,0.267683801122903,1.4470833771615992
6290.165158859187,-0.359146808753227,1.4695769659394013
6291.546129449598,-0.872565248954773,1.4769901211661092
6292.9271000400095,-1.227231574904696,1.4541312781102742
6294.308070630421,0.6284808514300639,1.297883269232118
6295.689041220832,-0.9799062072935296,1.0185731241105025
6297.070011811244,-3.049210150994572,0.8025341600536517
6298.450982401655,0.05944953985355461,0.7570353945918952
6299.831952992066,2.3175979768981456,0.8663995047103742
6301.212923582478,0.836743700099909,1.095249479154631
6302.593894172889,-0.3101868512770878,1.2558766859430697
6303.9748647633005,-0.16080416727234592,1.3132321608306683
6305.355835353712,-0.4106565570290268,1.3447718123950556
6306.736805944123,-0.6550451544915266,1.388229225251601
6308.117776534534,-0.3674389579571198,1.4384692761416102
6309.498747124945,-0.26460356987333533,1.4577166676604711
6310.8797177153565,-0.3501093268205153,1.4680919171251958
6312.260688305768,-0.35065467670333916,1.4724287103582057
6313.641658896179,-0.19942739039909263,1.4715392535784397
6315.022629486591,-0.26269788320633936,1.4738873160013144
6316.403600077002,-0.6440302138589065,1.4727533298438134
6317.784570667413,-0.3587544221601551,1.437036192355315
6319.165541257825,0.2698774998399358,1.3942754689429993
6320.546511848236,1.195094778795486,1.4044420868250072
6321.9274824386475,0.9610581210507743,1.4287206514193185
6323.308453029059,0.36750852866356354,1.4494285065550532
6324.68942361947,0.8319372457509591,1.4270527944494527
6326.070394209882,1.2724165738501085,1.3626018396838417
6327.451364800293,0.9392721719005497,1.3100503677299369
6328.832335390704,0.974650520894329,1.3148575007300833
6330.213305981116,1.1247500457808712,1.3710024029620405
6331.594276571527,0.8850313717004745,1.419851586436932
6332.975247161938,0.7796369266031604,1.431466230297499
6334.356217752349,1.0088942459589667,1.430019125929301
6335.73718834276,1.1256872673548983,1.4340654608657282
6337.118158933172,1.1201516134346612,1.4372874171475378
6338.499129523583,1.130805459658081,1.4330979982948144
6339.880100113995,1.5447773080992508,1.422292299641382
6341.261070704406,2.042209631639194,1.409269602714601
6342.642041294817,2.2084930609288165,1.4039745090921896
6344.023011885229,2.3012879632298713,1.4012239824928032
6345.40398247564,2.289092877607679,1.391953941524114
6346.7849530660515,3.361713720419111,1.3651327598446217
6348.165923656463,3.2249154905047064,1.3766295159762865
6349.546894246874,2.3720821311123075,1.4013487509990676
6350.927864837286,2.207024336130413,1.404962867952322
6352.308835427697,1.2786714895521598,1.3949200321521729
6353.689806018108,0.5992579492179573,1.3923547884896341
6355.07077660852,-0.5393614954773742,1.4204504096648236
6356.451747198931,-0.6497072344790027,1.442601890476373
6357.8327177893425,0.26525355600707634,1.4110901646238843
6359.213688379754,-0.8426891901204563,1.2914713657000345
6360.594658970165,-2.5355923221771786,1.1239512861137275
6361.975629560577,-1.220328136374027,1.0612907053504277
6363.356600150988,-0.8757014546139565,1.1797802004863982
6364.737570741399,-2.1084031011184443,1.3949836690914743
6366.118541331811,-3.4154437672405145,1.5453785113501555
6367.499511922222,-3.8565664761018166,1.5739370685505902
6368.8804825126335,-3.7691630096492066,1.5794514032029523
6370.261453103045,-4.033603213056008,1.5847729729985593
6371.642423693456,-3.510033830295887,1.5761234781248192
6373.023394283868,-4.624247836759579,1.5953029293958465
6374.404364874279,-5.221353267343346,1.6110309813764392
6375.78533546469,-5.184438286962198,1.6047931419429708
6377.166306055102,-6.105639569904712,1.6278572962180204
6378.547276645513,-7.199614926625835,1.6680639695602946
6379.928247235925,-7.704378869162624,1.6946098424493057
6381.309217826336,-7.7880550862965165,1.6881264630012334
6382.690188416747,-7.464494356035596,1.6513667769155354
6384.071159007159,-7.051620074243104,1.619393010212615
6385.45212959757,-7.071220838131524,1.6340553165766407
6386.8331001879815,-7.941989467254955,1.69676934773501
6388.214070778393,-8.715531869908283,1.7419141803380211
6389.595041368804,-7.706610514574199,1.726388060518515
6390.976011959216,-6.5044004685458265,1.672696107025156
6392.356982549627,-5.780375956557128,1.6513815117640969
6393.737953140038,-5.383770409190495,1.6296794222608748
6395.11892373045,-4.723538922648514,1.6117944833610662
6396.499894320861,-3.991278216438314,1.5866418965501599
6397.8808649112725,-4.157564960437984,1.580144744993853
6399.261835501684,-4.570542636425856,1.5740930076113
6400.642806092095,-4.312946336421163,1.5538620959812348
6402.023776682507,-3.625826058330606,1.539749647489899
6403.404747272918,-3.0766682892786523,1.5369720058576943
6404.785717863329,-2.486397846468634,1.5306648008483228
6406.16668845374,-1.6388133056385872,1.5187919601499802
6407.547659044151,-1.2990011601824385,1.5118596790411925
6408.928629634563,-1.6354293836253255,1.507739464536663
6410.309600224974,-1.4270483277331873,1.4883327255670864
6411.690570815385,-0.9818316262560565,1.4744559258902021
6413.071541405797,-1.1995916288723052,1.4895647197560336
6414.452511996208,-1.499777599547075,1.503961848850124
6415.8334825866195,-1.0478322348468438,1.4930955187181982
6417.214453177031,-1.3609056916986209,1.4905676534459777
6418.595423767442,-1.1605530887829527,1.4840790433070672
6419.976394357854,-0.24039051590175475,1.4657399481767868
6421.357364948265,0.2681081267750276,1.4539445658935228
6422.738335538676,0.20291239929704297,1.4567722906733542
6424.119306129088,0.2525265287128011,1.4606588638572209
6425.500276719499,0.287708972332549,1.4642814722399615
6426.881247309911,0.07646268019182756,1.4649987557429442
6428.262217900322,0.15196873568962133,1.4588676001194858
6429.643188490732,0.2618523287168646,1.4643506005544369
6431.024159081144,-0.11857067930506737,1.4621081515932868
6432.405129671555,-0.4407590474777727,1.4485001483556037
6433.786100261967,0.19342934049260485,1.4451015522502277
6435.167070852378,-0.567251616698476,1.4685038699453206
6436.548041442789,-2.2895451590590135,1.5291179633507896
6437.929012033201,-3.9696852888838716,1.5745073377540093
6439.309982623612,-4.428148330434164,1.5828558994960609
6440.6909532140235,-2.5780156830430467,1.5359493319279969
6442.071923804435,-0.24693797468964718,1.4716816140385847
6443.452894394846,1.3074516131375393,1.4319234383554917
6444.833864985258,1.6499380380780284,1.419363431539659
6446.214835575669,0.9078614853571736,1.4272987241888508
6447.59580616608,-0.2948460726890634,1.4498919655880762
6448.976776756492,-0.8656291724110066,1.467735191854671
6450.357747346903,-0.8776197532188394,1.4641877290140157
6451.7387179373145,0.4868511553181918,1.4292898848764404
6453.119688527726,1.8952497878537002,1.4018087186554877
6454.500659118137,0.97118223524215,1.4131250057679061
6455.881629708549,0.15781973366262392,1.406043047464063
6457.26260029896,1.7067566358044495,1.3901697557841486
6458.643570889371,0.2516121421738937,1.4169992748550038
6460.024541479783,-1.9073563292681133,1.455324815085874
6461.405512070194,-3.5594603761390253,1.4670057202548392
6462.7864826606055,-4.033039136943213,1.4510889588750062
6464.167453251017,-3.107451318172245,1.4322608476459555
6465.548423841428,-1.303904550736254,1.4110454186416683
6466.92939443184,0.16243322516092107,1.3808459955931311
6468.310365022251,0.7154493759816951,1.357452983262395
6469.691335612662,0.43675890940011897,1.354643447674714
6471.072306203074,-0.3311528408393123,1.3941429774007918
6472.453276793485,-0.6985634262067286,1.4288246836055893
6473.834247383897,0.1832905341180293,1.401502942291474
6475.215217974308,1.4380288891429984,1.3739152622802624
6476.596188564719,1.4455823207377279,1.3725430717227494
6477.977159155131,1.1273065841804382,1.3874450907201594
6479.358129745542,1.2343797864837711,1.3872657063959895
6480.7391003359535,1.1218671430258418,1.3945199081697874
6482.120070926365,0.6156384286783592,1.403063758663202
6483.501041516776,0.4870952128163957,1.4030089159237196
6484.882012107188,0.8029613493783074,1.3955754515122092
6486.262982697599,0.9494814358735404,1.388079132393739
6487.64395328801,0.6077641521713382,1.3906981902783002
6489.024923878422,0.21853494069765134,1.395469933813653
6490.405894468833,0.0,1.4036422770547148
6491.7868650592445,-1.275804764585267,1.4270202406442247
6493.167835649656,-3.58078396579495,1.4524732035504777
6494.548806240067,-3.5576462785541096,1.3986320416459253
6495.929776830479,-2.8132448658339175,1.3220607920126501
6497.31074742089,-1.3642078080855384,1.2998352130771291
6498.691718011301,-0.8898458895593819,1.3299075665051094
6500.072688601713,-1.0121698295423194,1.3661943822762512
6501.453659192124,-0.1926723787540361,1.3575824000532735
6502.834629782535,0.7902528795629458,1.3307038276627208
6504.215600372946,0.5194158502620603,1.3380062957998058
6505.596570963357,0.47158419973163035,1.3555617430879783
6506.977541553769,1.1251106483778202,1.3601792779945139
6508.35851214418,0.5627161236668456,1.372654452038907
6509.739482734592,-0.13816113122870988,1.3731502707596432
6511.120453325003,0.8003703499532584,1.3614361054994868
6512.501423915414,-0.3429962569527767,1.3738247109497683
6513.882394505826,-0.8662352774187063,1.3862624527327403
6515.263365096237,-0.8055806876465823,1.3861071401305214
6516.644335686648,-0.08641435636190664,1.3742305921043447
6518.02530627706,0.6925193098415576,1.3519146493516998
6519.406276867471,0.7373356156542528,1.3370079674511046
6520.787247457883,0.3939457288253294,1.3373567658423937
6522.168218048294,0.4412034019159492,1.3422703617891667
6523.549188638705,0.0,1.3534686212503109
6524.930159229117,0.26865758642798454,1.3654426059384683
6526.311129819528,0.7722956372992229,1.3432017609879734
6527.692100409939,0.7390415541809929,1.3462425118415127
6529.07307100035,0.59771809778983,1.2977527446603896
6530.454041590761,0.1908212149889792,1.2649704456718251
6531.835012181173,-0.08320752917674668,1.2793639204036193
6533.215982771584,0.3432983257592319,1.3187129680003296
6534.5969533619955,0.7721844891078291,1.3382538539981372
6535.977923952407,0.7027108928871826,1.3455726204845664
6537.358894542818,0.4922615249077893,1.347944687671089
6538.73986513323,0.7719526234290797,1.335560766382129
6540.120835723641,1.2618722504489206,1.3223345205341703
6541.501806314052,0.766623195699232,1.314456542735902
6542.882776904464,0.5353582084918038,1.3204229599392072
6544.263747494875,0.8536794723351591,1.326227509215629
6545.6447180852865,0.7964721425054151,1.3414676583395309
6547.025688675698,0.17293683326231246,1.3460250675659389
6548.406659266109,0.33346296810744036,1.333292961673256
6549.787629856521,0.7410658133106374,1.2900207389500586
6551.168600446932,0.8180632237892169,1.2512293946420707
6552.549571037343,0.21956512892717583,1.2630318675522323
6553.930541627755,-0.767006628104081,1.3217362123915124
6555.311512218166,-1.2054061667544396,1.3678201594918025
6556.692482808578,-0.5891377201097434,1.3542672646655916
6558.073453398989,0.19692956364188774,1.3131651877150567
6559.4544239894,0.23822557989121407,1.2776675810686091
6560.835394579812,0.5914808598037808,1.266988272112297
6562.216365170223,0.348477164873362,1.2972465073856159
6563.597335760634,0.2411254588883054,1.3242073234810277
6564.978306351046,0.8216590904409315,1.32546601760934
6566.359276941457,0.18558927668793146,1.3344701497354663
6567.740247531869,-0.09556770009248794,1.3493396187291387
6569.12121812228,-0.6354971090921673,1.3748751001895596
6570.502188712691,-2.511512970515497,1.4127634391389374
6571.883159303103,-4.024444553287207,1.4297053275130718
6573.264129893514,-3.9891063983208213,1.3944525272305344
6574.6451004839255,-2.7263319692558206,1.3397963179395365
6576.026071074337,0.11475284327609003,1.3010456137253075
6577.407041664748,0.21326146805760615,1.321708075783005
6578.78801225516,-0.3706251698424019,1.3582542962026989
6580.168982845571,-0.3474220339910943,1.3647034000490013
6581.549953435982,0.09987739778284421,1.3617465659692665
6582.930924026394,0.2639048603997587,1.3593880840067059
6584.311894616805,0.24820831341400051,1.3587573293644457
6585.6928652072165,0.2848914605817825,1.3602766234506598
6587.073835797628,0.3512502755672564,1.3615454672260228
6588.454806388039,0.532727385047945,1.3582936838351114
6589.835776978451,0.5569713293841545,1.356406991976988
6591.216747568862,0.2361129259691559,1.366309255142885
6592.597718159273,-0.08093186581827894,1.3610123855529357
6593.978688749685,-0.11457496376558396,1.358218937562473
6595.359659340096,0.6009404367703297,1.3475017867154466
6596.740629930508,0.731487556791869,1.3525606102322274
6598.121600520919,0.4123885977600814,1.3564237808643116
6599.50257111133,0.17530992633816922,1.352839127356836
6600.883541701741,0.20319264857681318,1.3436035202379637
6602.264512292152,0.5628638875036707,1.3341719585126288
6603.645482882564,1.0716064602154383,1.3379474126040907
6605.026453472975,0.5438347348783417,1.353238837753871
6606.407424063386,0.6238996235745375,1.3661914966831123
6607.788394653798,0.7410892711744239,1.3701694579375743
6609.169365244209,0.7630171289321162,1.3654217395845725
6610.5503358346205,1.2763767019225014,1.3575926448438564
6611.931306425032,1.7157572194773358,1.3519128091085844
6613.312277015443,1.4638150372742018,1.3541841150812257
6614.693247605855,1.196760141436993,1.356494199375331
6616.074218196266,1.281783395769839,1.3555435249215653
6617.455188786677,1.3128132323485744,1.3565118041848898
6618.836159377089,1.4090595983364302,1.3571778963954866
6620.2171299675,1.7083952468975063,1.356695923148002
6621.5981005579115,0.6071675794381051,1.3748947670459002
6622.979071148323,0.49683482531377976,1.3796907978717985
6624.360041738734,0.2014746329194601,1.3787788048806064
6625.741012329145,0.6678444867847908,1.3639145214184722
6627.121982919556,1.2068699349986396,1.3607904371656852
6628.5029535099675,0.6319085325105789,1.3740572795236732
6629.883924100379,0.21003626330464442,1.3800344339104045
6631.26489469079,0.5736838832856961,1.371083727452797
6632.645865281202,0.5652017792235497,1.366148875007878
6634.026835871613,1.1545052696518745,1.3649081350317274
6635.407806462024,1.5322418545728098,1.3621724961282475
6636.788777052436,1.0379777239752315,1.371603610555341
6638.169747642847,0.6540619043020293,1.3725584026670095
6639.5507182332585,0.9888549693225386,1.3731782107896284
6640.93168882367,0.8645129880613815,1.3824401972708857
6642.312659414081,0.548354308487621,1.3892789437629205
6643.693630004493,0.6661635053976163,1.3872754869529718
6645.074600594904,1.0829799791361197,1.3814071814446738
6646.455571185315,1.1311203577689106,1.3815090714803122
6647.836541775727,0.5674924723965553,1.3904759046135815
6649.217512366138,0.44660396986235185,1.3928628355685526
6650.59848295655,0.4354191656091686,1.391850384576048
6651.979453546961,0.9333470653598255,1.382186053891908
6653.360424137372,0.8135075657015953,1.386632090640751
6654.741394727784,0.4206317116939253,1.393746233362813
6656.122365318195,0.6339560518638869,1.391243752509636
6657.5033359086065,0.7304230364964042,1.3890412319016916
6658.884306499018,0.46656246287803427,1.3921515048040787
6660.265277089429,0.23123792965672152,1.39708260324106
6661.646247679841,0.12008449701827573,1.4040281237591905
6663.027218270252,0.19694179114107513,1.4010733305086758
6664.408188860663,0.22114534239667805,1.4016146113028034
6665.789159451075,-0.15045833678512466,1.4041063805331544
6667.170130041486,0.4059512831425671,1.4012183138310117
6668.5511006318975,0.5830942726702482,1.39878460382484
6669.932071222309,0.4750490738722597,1.3410260312210234
6671.31304181272,0.8295188022578657,1.2940802813197918
6672.694012403132,1.6871757449910199,1.3187548860055134
6674.074982993543,1.7023568285359154,1.3759883956190764
6675.455953583954,0.5820261783526313,1.3966405783664773
6676.836924174366,0.4560019947124836,1.4027411678342419
6678.217894764777,0.2525338336391023,1.4030988834749898
6679.5988653551885,0.2225152560528194,1.4141208042162752
6680.9798359456,-0.015036573498768746,1.4201125738230307
6682.360806536011,-0.2704734188761897,1.4278878889735123
6683.741777126423,0.16477123537581662,1.4221960577206831
6685.122747716834,0.6644605469602425,1.4097410592426578
6686.503718307245,0.886947548029557,1.4034448414915828
6687.884688897657,0.5457802107903618,1.4112011364177885
6689.265659488068,-0.31155176936290374,1.4365610202023391
6690.64663007848,-0.6626276554300716,1.444241395125646
6692.027600668891,-0.13077469557073584,1.4376192450531113
6693.408571259302,0.45214525011816775,1.422883859641128
6694.789541849714,0.35676926752503846,1.4190061540608645
6696.170512440125,0.2841940025952816,1.4190681377225494
6697.5514830305365,0.08050887799859296,1.4220958694855939
6698.932453620947,-0.08808835175457119,1.426474619746178
6700.313424211358,0.10949372806879865,1.4257333793097882
6701.69439480177,0.3890866851829742,1.4185034611372933
6703.075365392181,0.19003460067906985,1.418566901837986
6704.4563359825925,0.31486929488048787,1.4130194943307712
6705.837306573004,0.08808835175457119,1.4075943434490552
6707.218277163415,0.24306828239819112,1.4201305772993456
6708.599247753827,0.22952477235281066,1.428104424020937
6709.980218344238,0.0,1.4405536347037196
6711.361188934649,0.0,1.4456275402714978
6712.742159525061,0.0,1.4466224067459708
6714.123130115472,0.0,1.459424372934851
6715.5041007058835,-0.36527518147803306,1.4791677132986116
6716.885071296295,-1.2227894371876395,1.5045197849819292
6718.266041886706,-1.0680793361500829,1.5096335031464507
6719.647012477118,-0.09406500552400132,1.4829574288890532
6721.027983067529,0.36527518147803306,1.4730780728306714
6722.4089536579395,0.18813288899495006,1.4771189509469307
6723.789924248351,0.0,1.4825744931622755
6725.170894838762,0.0,1.4845922445977915
6726.551865429174,0.17637008121118747,1.4817920814965369
6727.932836019585,0.3664518478611143,1.4756948829382197
6729.313806609996,0.27526260127015156,1.4849353370086111
6730.694777200408,0.0,1.4881198985643176
6732.075747790819,-0.05769982857055034,1.5019478522186767
6733.4567183812305,-0.35882330687409514,1.5115050943298654
6734.837688971642,-0.3091883314151662,1.5090938672987362
6736.218659562053,0.15496151799553992,1.498880715072291
6737.599630152465,0.5926655065873518,1.4864920228844956
6738.980600742876,0.7879604354631269,1.4826333738988744
6740.361571333287,0.3130650532524495,1.4966801708747286
6741.742541923699,-0.8080290798854328,1.5140161798128173
6743.12351251411,0.24755991835801971,1.5133616073017218
6744.504483104522,-0.07225296972326412,1.5206057549121825
6745.885453694933,-0.4388842185261552,1.529276084160411
6747.266424285344,0.043769114341985826,1.521872933959586
6748.647394875756,0.4346493010875623,1.521729393876016
6750.028365466167,-0.06892071291206037,1.531374159300918
6751.4093360565785,0.024778728576812625,1.530278041770555
6752.79030664699,0.8476780344104213,1.5132944784854172
6754.171277237401,0.045427197357774673,1.5195146566576159
6755.552247827813,-0.6097804222394565,1.5545138150247664
6756.933218418224,-0.012405547117742444,1.537633786335315
6758.314189008635,0.105744690243327,1.5370860882265949
6759.695159599047,0.06018970476313967,1.5407582177046617
6761.076130189458,0.11517041782697568,1.542422906987004
6762.4571007798695,0.12966917301488046,1.54619350189772
6763.838071370281,0.0,1.5514005218953617
6765.219041960692,0.1105002826167123,1.5499036551281422
6766.600012551104,0.10091170089216384,1.5491071336185875
6767.980983141515,-0.2814283706204517,1.5781929934654615
6769.361953731926,-0.8724471716450939,1.5884019679454546
6770.742924322338,-0.0033059310856735635,1.559897751157689
6772.123894912749,0.28473430170612524,1.556759998620859
6773.5048655031605,0.28109210676703,1.5687131811755153
6774.885836093572,0.5430356850772942,1.586381902880691
6776.266806683983,0.048319379800769724,1.6104051727397715
6777.647777274395,-0.6928520367175324,1.6259655924846403
6779.028747864806,0.0,1.6234532726272892
6780.409718455217,-0.21177474819424447,1.6197766320695377
6781.790689045629,-0.2282301906808577,1.6281795045523524
6783.17165963604,0.03138149258895595,1.6163154507682052
6784.552630226452,0.5262477844459976,1.606754057625072
6785.933600816863,0.5006170327169386,1.6111807634399404
6787.314571407274,0.07461066584074239,1.6273087297314899
6788.695541997686,-0.23553406519539877,1.6439226534443074
6790.076512588097,0.05422788989955585,1.64602560741122
6791.4574831785085,0.08769222632073514,1.6350922016938738
6792.83845376892,0.09361394897510777,1.6506298505718087
6794.219424359331,0.0,1.6559787266227972
6795.600394949742,-0.34970604009824235,1.6773473492924533
6796.981365540153,-0.29673957320791366,1.6803787912539534
6798.3623361305645,-0.05023883947611196,1.6716399191883526
6799.743306720976,0.06305514425949532,1.6659069976040137
6801.124277311387,0.3071009624882741,1.6545752604968633
6802.505247901799,0.20283645581368326,1.659069957781142
6803.88621849221,-0.10268168825314916,1.6629736320290494
6805.267189082621,-0.16074259500914323,1.6769587743137384
6806.648159673033,-0.3455358299732616,1.6936331277998395
6808.029130263444,-0.8764720880192023,1.7155367308723122
6809.4101008538555,-1.0178886968174687,1.720566625475978
6810.791071444267,-0.5885586891719914,1.700980067210934
6812.172042034678,-0.11371377521343362,1.6775071681159943
6813.55301262509,0.08108681261084705,1.6750486494253096
6814.933983215501,0.09444700535808259,1.6850020643681334
6816.314953805912,-0.7947306691132106,1.704035122676101
6817.695924396324,-0.7532866332336514,1.7064135393572541
6819.076894986735,-0.42212772336180215,1.6987649031254322
6820.457865577146,-0.46983170190658896,1.7006892569295085
6821.838836167557,-0.7882829394858124,1.6956499435919132
6823.219806757968,-0.7889070598427068,1.6494551511157534
6824.60077734838,-0.44811375159014766,1.5589170954513747
6825.981747938791,-1.5260909922932875,1.4767166748619909
6827.3627185292025,-0.9356119764605086,1.454713072906003
6828.743689119614,-0.4869731452808548,1.4644359121853634
6830.124659710025,-0.5301990622351944,1.4506167738262707
6831.505630300437,-0.840920170566779,1.4427672735595933
6832.886600890848,-1.2104336201111092,1.4906939750270263
6834.267571481259,-1.6596261615959396,1.601108442005596
6835.648542071671,-2.2172287492779192,1.713908606803161
6837.029512662082,-2.380038805511501,1.7441597452963598
6838.410483252494,-2.2882761308203134,1.7021353813240958
6839.791453842905,-2.099523312901673,1.678864893388618
6841.172424433316,-1.8135688931458533,1.7016071292888104
6842.553395023728,-1.6395066555164384,1.7398573825984918
6843.934365614139,-2.0431227154094245,1.780262673040645
6845.3153362045505,-2.695194281144542,1.8060465665995087
6846.696306794962,-2.786700429431285,1.7952600355173722
6848.077277385373,-3.0207683542336516,1.7681429787274838
6849.458247975785,-3.0730296462846107,1.7658618345858839
6850.839218566196,-2.895061669109009,1.7957870615103515
6852.220189156607,-3.003559280490329,1.8188875277146972
6853.601159747019,-3.1204595999875764,1.8307163098230945
6854.98213033743,-3.024905156524177,1.826861947294251
6856.3631009278415,-2.872455012284261,1.8045576522664093
6857.744071518253,-3.053802883469163,1.7485429698445032
6859.125042108664,-3.6416498382403617,1.6059331561573877
6860.506012699076,-3.6718476861247717,1.426507012435109
6861.886983289487,-2.517844701154755,1.3566997615990337
6863.267953879898,-2.1708545311353067,1.395117616320297
6864.64892447031,-2.4490256940140496,1.489851303214683
6866.029895060721,-2.964068426775853,1.544960039887187
6867.410865651133,-3.2457919222857328,1.5364769325986483
6868.791836241544,-3.0142299063529068,1.5384493024371664
6870.172806831955,-2.966783254937594,1.6018505055116274
6871.553777422367,-3.990690295187627,1.6952848292887028
6872.934748012778,-3.0680504887655324,1.7211400980666367
6874.315718603189,-3.0665681650526198,1.7250061247361008
6875.696689193601,-2.9210670079204606,1.719356594182531
6877.077659784012,-2.5548810880146062,1.701797474597975
6878.458630374424,-2.575477853494063,1.6881228931859151
6879.839600964835,-2.9626433515994535,1.7073073050858985
6881.220571555246,-2.655335559569539,1.7285721968543342
6882.601542145658,-2.5759969943186025,1.7395451661041246
6883.982512736069,-3.4220114506926764,1.7289794613718388
6885.3634833264805,-3.6291333643514463,1.67974250981307
6886.744453916892,-3.4714084687169624,1.6286755556648138
6888.125424507303,-3.5254208568290997,1.6264420799600285
6889.506395097715,-3.8145253419542016,1.6821763580498792
6890.887365688126,-3.7285248695040165,1.739773442940055
6892.268336278537,-3.1520354723839556,1.746288025930057
6893.649306868948,-3.4031723976112307,1.7526711322974597
6895.030277459359,-3.473783188721634,1.7654682456835427
6896.411248049771,-3.839656608750424,1.6979580462089963
6897.792218640182,-4.441047690295491,1.6391468423451219
6899.173189230593,-4.714557797299669,1.648345487721199
6900.554159821005,-4.467347785449245,1.7142683481931305
6901.935130411416,-4.548634336308551,1.8213622735795105
6903.3161010018275,-3.0054899789716645,1.7811972443369695
6904.697071592239,-2.7402561684108413,1.7680216991695612
6906.07804218265,-2.892951690751495,1.759140680753338
6907.459012773062,-2.8489206964817795,1.7014270609095732
6908.839983363473,-2.8809537136005217,1.6151429832076742
6910.220953953884,-2.9170500967244832,1.5621530924340035
6911.601924544296,-2.6791081287196628,1.593573664403824
6912.982895134707,-2.981371828632142,1.7088964803870728
6914.363865725119,-3.1476973747465786,1.796562215115709
6915.74483631553,-3.672252841632739,1.8499414069697697
6917.125806905941,-4.399893956943821,1.8406402712874645
6918.506777496352,-4.555132092870465,1.7238668143438107
6919.887748086763,-3.7355317552617517,1.5604081744432545
6921.268718677175,-2.1643328490202327,1.4689066004208198
6922.649689267586,-0.5163546387960611,1.5085762703071808
6924.030659857997,-0.20976150460344556,1.6155761682813807
6925.411630448409,-0.8628268486774768,1.6586586611339902
6926.79260103882,-0.6514238614857124,1.6611867407374
6928.173571629231,-0.08495792303073202,1.6532025792032485
6929.554542219643,0.020249403416206846,1.6552035977630266
6930.935512810054,-0.20346628961643454,1.665590038458609
6932.316483400466,0.02045388498495626,1.6639295293913956
6933.697453990877,0.1145700790145554,1.633631918148946
6935.078424581288,-0.11315378794746245,1.5852815088514465
6936.4593951717,-0.021870176052049217,1.5153088070500733
6937.840365762111,0.0,1.4934706871953785
6939.2213363525225,0.0,1.5191654048535976
6940.602306942934,0.0,1.558347084454274
6941.983277533345,0.47444936059532417,1.5730001706882606
6943.364248123757,1.3899758400692335,1.5416450969469393
6944.745218714168,1.4640747841026975,1.4481226725641685
6946.126189304579,1.238018363814776,1.356302036849249
6947.507159894991,1.7802318479845258,1.3581171561151975
6948.888130485402,1.5774950798689513,1.4345276165870413
6950.2691010758135,1.1939547294816553,1.51267385179475
6951.650071666225,1.2956168077571135,1.5474323965522858
6953.031042256636,0.7645365651727154,1.5659151717490374
6954.412012847048,0.04967450883369651,1.5849784277584757
6955.792983437459,-0.04827053644035395,1.6055698173343096
6957.17395402787,0.02271941324043958,1.6132177785007502
6958.554924618282,0.030175868353866875,1.6100911571438123
6959.935895208693,-0.005453278491566849,1.6062373638006529
6961.316865799105,0.010178070687686613,1.6007246323026973
6962.697836389516,0.22564764769938783,1.586895925976526
6964.078806979927,0.3862017844361212,1.5949270040447516
6965.459777570339,0.5422339696371932,1.5473651485711017
6966.84074816075,0.7517609066288209,1.517768016284261
6968.2217187511615,0.6167858335172145,1.5212307851446045
6969.602689341573,0.0,1.5589631122798628
6970.983659931984,-0.5394577174915796,1.5985371029086388
6972.364630522396,-0.4194352782788755,1.592716068188809
6973.745601112807,-0.10077744361205276,1.531407881229464
6975.126571703218,0.010619346012438413,1.4648815497456702
6976.50754229363,0.4527216711693569,1.4400730469988368
6977.888512884041,-0.010619346012438413,1.4814265263941864
6979.2694834744525,-0.6353367161726826,1.5368102877410486
6980.650454064864,-0.7669056604126645,1.5652309043558819
6982.031424655275,-0.7576669808628917,1.5672095870273148
6983.412395245687,-0.9201840359906193,1.5761189758345564
6984.793365836098,-1.1008945590926853,1.6000175625137654
6986.174336426509,-0.5205309155572362,1.5905400397252722
6987.555307016921,-0.07613217757752366,1.571423242724835
6988.936277607332,0.132438750873888,1.5605190979934602
6990.3172481977435,-0.02620920442134178,1.565731572876688
6991.698218788154,-0.5160083899051617,1.5830173982170286
6993.079189378565,-0.9473761937276244,1.5981825217684589
6994.460159968977,-1.1282903190891762,1.5970652932126914
6995.841130559388,-1.255566092547154,1.5862281285087299
6997.2221011497995,-0.6828518158078527,1.5699627722411282
6998.603071740211,-0.5249277030846358,1.5616069251457174
6999.984042330622,-0.5601306185795281,1.5558314804043916
7001.365012921034,-0.3460381587553929,1.5459925430144315
7002.745983511445,-0.48356438905833876,1.5540972757413578
7004.126954101856,-1.1116505539129626,1.5858057716026221
7005.507924692268,-0.4278605660401915,1.568330571781312
7006.888895282679,0.2599865532008252,1.5231969520163398
7008.269865873091,0.1157295115238064,1.4819089507584775
7009.650836463502,-0.450689854068699,1.4681315229896594
7011.031807053913,-0.42239870967050486,1.4881082590091697
7012.412777644325,0.06718543350012318,1.5268095830818285
7013.793748234736,0.5080553879251486,1.5354239518314299
7015.174718825147,0.5460312836544823,1.538195967439337
7016.555689415558,0.06827579997906597,1.5450882093729998
7017.936660005969,0.04147640520207041,1.5419203803799602
7019.317630596381,0.3570583925617612,1.5318244986394485
7020.698601186792,0.23778392414574867,1.5318996560797666
7022.0795717772035,-0.36875899958273095,1.5441833786741221
7023.460542367615,-0.8130247455710204,1.5494216645561363
7024.841512958026,-0.6440828818146489,1.5396383537008365
7026.222483548438,0.0,1.515167769963321
7027.603454138849,0.0,1.4702612554327004
7028.98442472926,1.3642551722201297,1.424667616630949
7030.365395319672,0.6521451485409706,1.4133495099620133
7031.746365910083,0.022845635416977927,1.4346603756681413
7033.1273365004945,0.4210123551049634,1.4269687241351088
7034.508307090906,1.2449996926904987,1.4056568454751694
7035.889277681317,1.626054462499095,1.3872799192527723
7037.270248271729,2.0742206087686057,1.369942759154632
7038.65121886214,2.0917611521566073,1.3514609665729367
7040.032189452551,2.9450819158659343,1.3377310933149622
7041.413160042963,2.7209813689353695,1.3323482562640088
7042.794130633374,2.1627836559735876,1.338251261727047
7044.1751012237855,1.415108213759833,1.3338431066944876
7045.556071814197,1.323473816433804,1.3255494791487095
7046.937042404608,1.606855995111875,1.3256916830332617
7048.31801299502,1.346646707037035,1.3408239088435665
7049.698983585431,0.2949418168532638,1.3622013961380672
7051.079954175842,0.7564750308420471,1.3518868315698214
7052.460924766254,1.7562110159366604,1.342712730012225
7053.841895356665,1.4171169004260022,1.3482746856233065
7055.222865947077,0.941361804582872,1.3566213381416512
7056.603836537488,0.9964059340500029,1.3568000932445219
7057.984807127899,1.2857507665965642,1.3494848654537952
7059.365777718311,0.8768279564450125,1.3523692507938978
7060.746748308722,0.2299762935314078,1.361253781859325
7062.1277188991335,0.0,1.365937317123816
7063.508689489545,0.0,1.3645110431329983
7064.889660079956,0.41033612430791067,1.3596387721087646
7066.270630670368,0.8453807228300185,1.3557238093606248
7067.651601260779,0.724670027298945,1.356250177928573
7069.03257185119,0.373839387143704,1.3601645434375307
7070.413542441602,0.02633807422272838,1.3670958011391652
7071.794513032013,0.3641488532958945,1.360259581715654
7073.1754836224245,1.317656657037027,1.3494660327782595
7074.556454212836,1.4064943098036977,1.3504889261628985
7075.937424803247,0.23134353445893296,1.364858555436573
7077.318395393659,0.3939613856134443,1.3670435383370705
7078.69936598407,1.0273385834177766,1.35430322723504
7080.080336574481,1.0067996638524015,1.3452239391366037
7081.461307164893,0.5922175694027914,1.348274595650798
7082.842277755304,0.37555789135183204,1.3553949280553432
7084.223248345716,0.36701536880675434,1.3600367621498375
7085.604218936127,0.2000460218794906,1.3631368274163136
7086.985189526538,-0.22169053415984408,1.3737161794539574
7088.366160116949,-0.7078768206509949,1.3826872082424333
7089.74713070736,-0.477161578643468,1.3829472475840954
7091.1281012977715,0.16528469417184155,1.3745852857221512
7092.509071888183,0.506121993421015,1.369737023579207
7093.890042478594,0.1491193935631756,1.3756324479927586
7095.271013069006,-0.26748765158800936,1.3819367723890779
7096.651983659417,-0.2051329623287934,1.386784241557672
7098.032954249828,-0.023809233571526534,1.3777702097948634
7099.41392484024,0.11093919469777447,1.37643133432923
7100.794895430651,0.04237840455283148,1.3781891365355237
7102.175866021063,-0.25771339239616964,1.3836570976051141
7103.556836611474,-0.6768410068438868,1.3976255423812112
7104.937807201885,-0.6764537583809478,1.397303098488503
7106.318777792297,-0.20916937949219871,1.387298167824914
7107.699748382708,0.21402213250346236,1.3794323110453905
7109.0807189731195,0.2015448249683871,1.3773563630691281
7110.461689563531,-0.24276015161769138,1.3842326141494699
7111.842660153942,-0.7491223799727109,1.3970412903797946
7113.223630744353,-0.8274850990615938,1.4013948167360362
7114.604601334764,-1.3051133581820942,1.408535470233244
7115.9855719251755,-0.4506614214199942,1.3921053008645285
7117.366542515587,-0.003867062318914094,1.380173559514624
7118.747513105998,0.02057344297452346,1.3764942926887636
7120.12848369641,0.14461477183915505,1.3752774230120697
7121.509454286821,0.6819912737290785,1.370378773941689
7122.890424877232,0.6542897939129197,1.3664351139203939
7124.271395467644,0.13284751745758072,1.3627931835344884
7125.652366058055,-0.21121720522027942,1.3685581334019967
7127.0333366484665,-0.4381569419060476,1.3782278428374966
7128.414307238878,-0.4822705894960606,1.3830869910506334
7129.795277829289,-0.29222850340213924,1.3779826086764306
7131.176248419701,-0.019110631403627565,1.3713626250835105
7132.557219010112,-0.19274899398437384,1.3787795223739339
7133.938189600523,-0.3509498653346661,1.3864079856675946
7135.319160190935,-0.004974106830250236,1.384425028901843
7136.700130781346,0.2479173394408214,1.380956095332364
7138.0811013717575,-0.25778976445833734,1.3852573623987612
7139.462071962169,-0.9738759404266126,1.3876233758194052
7140.84304255258,-1.2026356898749277,1.3909877240396231
7142.224013142992,-1.6136238748057004,1.3936907006051187
7143.604983733403,-1.817178445220204,1.399109774893908
7144.985954323814,-2.637255365146782,1.422446296133019
7146.366924914226,-4.270337863595959,1.4622723785069078
7147.747895504637,-5.272366869937326,1.4866218688153812
7149.128866095049,-4.190990209159462,1.4657643074265776
7150.50983668546,-1.9495282346386595,1.4200443376322127
7151.890807275871,-0.21516456616304325,1.386023249506931
7153.271777866283,0.2284035616092801,1.3731007386101506
7154.652748456694,-0.14629112442727177,1.372388375898151
7156.0337190471055,0.02344102419325722,1.366153842569181
7157.414689637517,0.11563554808528309,1.3645726392726867
7158.795660227928,-0.0070112756347135985,1.3597349458971486
7160.17663081834,-0.04501540626270284,1.3615686387877508
7161.557601408751,0.06739501223927746,1.3580138672246909
7162.938571999162,0.28133387441015145,1.3482130550121743
7164.319542589574,0.42911508821876865,1.3426286827936762
7165.700513179985,0.14836712191056378,1.3424910804157786
7167.0814837703965,0.5739090156463362,1.3343786251730247
7168.462454360808,0.8314382505541928,1.3289441766547516
7169.843424951219,0.5227657116452455,1.3291119735723353
7171.224395541631,-0.05506944077120224,1.329882050367832
7172.605366132042,-0.26137834781718894,1.3255058648050588
7173.986336722453,0.12549698588324176,1.326096007094503
7175.367307312865,-0.4198602119346617,1.3367618865803357
7176.748277903276,-0.30792474880198384,1.3391795202035723
7178.129248493688,0.1585341245929044,1.3336591802753557
7179.510219084099,0.701954114637779,1.3178143062221392
7180.89118967451,1.377747459061645,1.2916732044941739
7182.272160264922,2.6720702206720723,1.2693199931537773
7183.653130855333,0.842229592664296,1.2904840447084371
7185.034101445744,0.10832569264771053,1.3126433429696178
7186.415072036155,-0.0033439842256974828,1.3280535627711338
7187.796042626566,-0.05739564865194424,1.3320718172807318
7189.177013216978,-0.2125987339564439,1.326265368327587
7190.557983807389,-0.26361623254111066,1.3249022430278061
7191.9389543978,0.1536228135041675,1.3185632077375342
7193.319924988212,0.7556726422249866,1.3152901477210788
7194.700895578623,0.5444068674310536,1.3179083098444806
7196.081866169035,0.1871228527341131,1.3182854577609913
7197.462836759446,0.5110019134301496,1.3099244553000113
7198.843807349857,0.5786578206613164,1.305553230050234
7200.224777940269,-0.8877102027343611,1.329421102138855
7201.60574853068,-1.877403576192112,1.3466585280973484
7202.9867191210915,-1.390376456238421,1.3487193116441125
7204.367689711503,-0.32577689652617536,1.3422168385281534
7205.748660301914,-0.18829923955355454,1.342918088334396
7207.129630892326,-1.3932455670409531,1.36952192968355
7208.510601482737,-2.240550583955251,1.38523557547018
7209.8915720731475,-1.882215154856052,1.3776916017126117
7211.272542663559,-0.8978119373778952,1.3581858450104127
7212.65351325397,-0.15343565195485098,1.34034632953347
7214.034483844382,-0.07326488095833028,1.3327723672637377
7215.415454434793,0.3761365137297332,1.3286004712741502
7216.796425025204,0.8468412287492342,1.3236729467110848
7218.177395615616,0.9445889861071102,1.3213503260325048
7219.558366206027,0.6970990034533564,1.3222095441328605
7220.9393367964385,0.36143467375770655,1.322754889437132
7222.32030738685,0.24168840232018596,1.3198450289604828
7223.701277977261,0.4510989432229735,1.3203404401112864
7225.082248567673,0.20194083808540597,1.325509877999802
7226.463219158084,0.2803756239331179,1.3261541696546197
7227.844189748495,0.27229627361523967,1.3199121592076075
7229.225160338907,-0.08233497911636789,1.311159833391253
7230.606130929318,-0.6100913855295396,1.305196558994766
7231.98710151973,-0.12274930880079182,1.2896382796237527
7233.368072110141,0.8435511800299089,1.2554430272413846
7234.749042700552,1.19535162509656,1.1984299285620077
7236.130013290964,0.7071842828252883,1.1498935932963614
7237.510983881375,-0.14885094422012912,1.1192537212880895
7238.891954471786,-0.49144471493235287,1.0938029038429178
7240.272925062198,-0.02723993945798142,1.0925393260274712
7241.653895652609,-0.39335975379168175,1.0816323496809221
7243.034866243021,-1.094074607150219,1.105277540665842
7244.415836833432,-1.1376222953752944,1.1683581904063072
7245.796807423843,-0.5103110466631016,1.246963539247103
7247.177778014255,-0.40509118427260304,1.294477072819958
7248.558748604666,-0.574685690606092,1.278655197910582
7249.9397191950775,-0.5093383036990282,1.2501994323193666
7251.320689785489,-0.7214930136873114,1.2423245923971593
7252.7016603759,-0.7694160652865172,1.2607132779357941
7254.082630966312,-0.40084203093968895,1.2912156035620208
7255.463601556723,-0.15746081895133912,1.301810329103901
7256.844572147134,-0.15739497679193803,1.3169611494086786
7258.225542737546,-0.20645642526114116,1.3083858242948372
7259.606513327957,-0.18783122270705377,1.3016341072895998
7260.9874839183685,-0.1025354246639445,1.2967615594639346
7262.36845450878,0.01789495408360864,1.2876897894655497
7263.749425099191,0.008088234482066525,1.2874256809623723
7265.130395689603,0.5831092031352014,1.2820673720436224
7266.511366280014,0.12194096910988961,1.2917208251254964
7267.892336870425,-0.32555743181523056,1.299506701875887
7269.273307460837,0.019631217110202215,1.2826390889723736
7270.654278051248,1.217407004325068,1.2187665374558476
7272.03524864166,1.0817355898634204,1.0891752493630613
7273.416219232071,-0.17516356221050344,1.0182663199399216
7274.797189822482,-0.04174141914307228,1.0213542136229132
7276.178160412894,0.5591742804817557,1.0999474553491402
7277.559131003305,0.7888445709677363,1.2072500901893173
7278.9401015937165,0.7548683102952509,1.249038917564746
7280.321072184128,1.2528894657078276,1.1972818263671545
7281.702042774539,1.5196804070279342,1.1500947728762227
7283.08301336495,1.1391208056648523,1.1527929964819126
7284.463983955361,0.6817018584038799,1.1992515337879128
7285.844954545772,0.6556498801525876,1.253056554990151
7287.225925136184,0.45351410384384394,1.252998074907211
7288.606895726595,0.5125760156884702,1.250814713048462
7289.987866317007,0.9294451327073823,1.244606103460266
7291.368836907418,1.1074007372209955,1.2396920665284938
7292.749807497829,0.8333839097930955,1.2408872615986382
7294.130778088241,0.35948304852877655,1.2508326886766414
7295.511748678652,0.8899034202540683,1.2656799273135666
7296.8927192690635,1.226008687216062,1.2744783644731996
7298.273689859475,1.0991807332019015,1.2587626912331755
7299.654660449886,0.7635724592881843,1.2218149000954455
7301.035631040298,0.5408566844921623,1.1856180563246352
7302.416601630709,0.6537561809218175,1.1891356177095453
7303.79757222112,0.3684939723286753,1.2390692559355547
7305.178542811532,0.11265292273739291,1.2759464795051556
7306.559513401943,0.0,1.2815444492392416
7307.940483992354,0.12911418304873123,1.2693146514371856
7309.321454582765,0.5020011719362678,1.256997792714812
7310.702425173176,0.7987576496587607,1.2274051815159757
7312.083395763588,0.3411123180601763,1.1142460350069077
7313.464366353999,0.27814455146948447,1.0478041347159093
7314.8453369444105,0.39893997181852114,1.050463222874656
7316.226307534822,0.5893057383391778,1.122600628677625
7317.607278125233,0.9397708252692638,1.2428762901131438
7318.988248715645,0.7211256563922497,1.266666981731088
7320.369219306056,0.06375654158151889,1.2974223763053625
7321.750189896467,-0.16803289034006852,1.3107336486299646
7323.131160486879,-0.5609168265775857,1.3017017415367704
7324.51213107729,-1.8026103037117096,1.2737447570337845
7325.893101667702,-3.4768837586020993,1.2329158975048058
7327.274072258113,-2.1303580040425096,1.1956030931975303
7328.655042848524,-0.6241047139507714,1.2092908701763714
7330.036013438936,0.02963355960665126,1.2483248654166663
7331.416984029347,0.17815634019522975,1.2825972192444544
7332.7979546197585,1.0581338140703913,1.2882318346940655
7334.17892521017,0.3269712186044984,1.2805228808357696
7335.559895800581,0.4399815490378316,1.202020605332292
7336.940866390993,0.2427379487275516,1.1098473701883054
7338.321836981404,0.018120561715566197,1.058221576264457
7339.702807571815,0.2414795021103906,1.0822527127991237
7341.083778162227,0.671492632864993,1.169982818677954
7342.464748752638,-1.2588688290310373,1.271744942911331
7343.8457193430495,-1.2096066990509478,1.3109041333788216
7345.226689933461,-0.8357488023778039,1.3184652995235648
7346.607660523872,-0.9944620838614746,1.3194976460824175
7347.988631114284,-1.0999424978922043,1.321538729192444
7349.369601704695,-0.261873997572625,1.3032916773697516
7350.750572295106,0.6263372245247574,1.2940343820484337
7352.131542885518,0.6141508824199775,1.2891055539623602
7353.512513475929,-0.3010919521652191,1.27506315791247
7354.8934840663405,-1.489979001610962,1.2438785882913008
7356.274454656752,-1.2261280702571682,1.2187086185922062
7357.655425247163,-0.9436093441535647,1.23762739293816
7359.036395837575,-0.7749804914428466,1.282597557537536
7360.417366427986,-0.5650670346248567,1.312411566498413
7361.798337018397,-0.27532597292949745,1.3102284967851658
7363.179307608809,-0.11647727272402264,1.2972411791105647
7364.56027819922,-0.1576064959282526,1.2344110363095888
7365.941248789632,-0.8879384640129757,1.1414157804551892
7367.322219380043,-1.199389246516315,1.0958097733371193
7368.703189970454,-0.8488623592453699,1.1305551759930865
7370.084160560866,-0.1837757079724689,1.2339696250078227
7371.465131151277,0.1187294659209428,1.2931681402571635
7372.8461017416885,0.41598367080333176,1.2962600977432932
7374.2270723321,0.21895362111726513,1.296538983023188
7375.608042922511,-0.12684699067486704,1.3082604617864961
7376.989013512923,-0.3602580993877176,1.3277098653447166
7378.369984103334,-1.03865484498413,1.3282886996588537
7379.750954693745,-0.9042550832129415,1.3320564622670952
7381.131925284156,-0.05118421219911795,1.3205256886599162
7382.512895874567,0.4335777729565464,1.313177770638963
7383.893866464979,0.3565008896688404,1.3137912158492364
7385.27483705539,0.6199182787141346,1.306202038105432
7386.655807645801,0.48833152161740756,1.2915605286186835
7388.036778236213,-0.23590614039252955,1.2705011887645188
7389.417748826624,-0.7428635744822678,1.2579853545617197
7390.7987194170355,-0.6075473511442873,1.2611465019497423
7392.179690007447,0.18243865715936636,1.2802215740144174
7393.560660597858,0.46384686606198855,1.3013987572478736
7394.94163118827,0.1746568761899887,1.300888008534976
7396.322601778681,0.2872567432367319,1.2743178101313841
7397.703572369092,0.17011652860018245,1.2253979688534824
7399.084542959504,-0.6272842658821638,1.1731983099605852
7400.465513549915,-0.9164539097385394,1.173975608426418
7401.8464841403265,-0.21060063941441953,1.230542136739898
7403.227454730738,-0.639197664365355,1.2916009347683224
7404.608425321149,-0.8358798026294672,1.3283884070287544
7405.98939591156,-0.24573696545519041,1.333378367836853
7407.370366501971,0.04295527505674457,1.3266377828734273
7408.7513370923825,0.11837103136952365,1.32076912390635
7410.132307682794,0.205754399977792,1.3167489843259486
7411.513278273205,0.2692666297783326,1.3139053603822868
7412.894248863617,0.27523900823578273,1.313441925258372
7414.275219454028,0.19207915728274116,1.3179047875567567
7415.656190044439,-0.07588337167641157,1.3289224685693943
7417.037160634851,-0.13074248933001087,1.3310793762611426
7418.418131225262,0.02666434031532816,1.328080806209441
7419.799101815674,0.13237954629399695,1.3247011561796007
7421.180072406085,-0.11502255371321013,1.3262882917632237
7422.561042996496,-0.6064136806804044,1.3388756426135617
7423.942013586908,-0.3953252219922234,1.3302050977385835
7425.322984177319,-0.617447272466606,1.3125757239289817
7426.7039547677305,-0.7871837053787978,1.296275740399488
7428.084925358142,-0.38085861097073703,1.2906005826370652
7429.465895948553,-0.008309695106941462,1.3033796072790695
7430.846866538965,0.14484451752090877,1.3185507225862996
7432.227837129376,0.07713201398790304,1.3167100792240045
7433.608807719787,-0.26569252738633864,1.296906663122807
7434.989778310199,-0.5059013921316087,1.2662556492289387
7436.37074890061,0.5988831022189949,1.2424382248651311
7437.7517194910215,-0.04822026299419235,1.2720537717926967
7439.132690081433,-0.45312397907023083,1.30609807795649
7440.513660671844,-0.39652036547361647,1.3280037252337127
7441.894631262256,-0.02035951547476955,1.3328324718294822
7443.275601852667,0.19536542891411202,1.3284456980457464
7444.656572443078,0.30557014952738015,1.3277980496476536
7446.03754303349,0.13581107307998508,1.3272779032702358
7447.418513623901,-0.20903848676775283,1.327683786025976
7448.7994842143125,-0.4202338883019543,1.3289205248568665
7450.180454804724,-0.04092055062073641,1.329961157140475
7451.561425395135,0.30091353956156297,1.32609614161928
7452.942395985547,0.1445185522322845,1.3299054036203226
7454.323366575958,-0.019716162914658497,1.3332188180201616
7455.704337166369,-0.045247026858604045,1.332506184781575
7457.085307756781,-0.005440679773659696,1.3276654384652355
7458.466278347192,-0.22474078151103782,1.3255887068112562
7459.847248937604,-0.45131716292713264,1.3257195700007323
7461.228219528015,-0.6608808055603568,1.3234463138760693
7462.609190118426,-0.7747101551813991,1.318757478230305
7463.990160708838,-0.6744844106337418,1.3135195270842852
7465.371131299249,0.003132890165360891,1.3069682761254724
7466.7521018896605,0.3850141336979185,1.2934601287502003
7468.133072480072,-0.5793447016467255,1.289788682932037
7469.514043070483,-1.571090398635878,1.284087766823904
7470.895013660895,-0.8967115477332861,1.263789389114071
7472.275984251306,0.09060703519585545,1.2787278694953448
7473.656954841717,-0.3658373674307924,1.300892374636367
7475.037925432129,-0.2580960006063826,1.2949580869879986
7476.41889602254,0.16604982809696978,1.275896052585802
7477.7998666129515,0.19385123479933597,1.265955337004077
7479.180837203362,-0.04152266648053882,1.248086102627766
7480.561807793773,-0.4849043968728708,1.2530089013426722
7481.942778384185,-0.5675684918363402,1.267851673124681
7483.323748974596,-0.31748081141125795,1.292656347723621
7484.7047195650075,-0.00047671135387616914,1.3224813298583136
7486.085690155419,-0.6627883282539457,1.3170362379386873
7487.46666074583,-0.45201100463969723,1.3261525722867025
7488.847631336242,-0.4466656013250372,1.3217546142830037
7490.228601926653,-0.7079612826160151,1.3130773922338612
7491.609572517064,-1.0228758354010736,1.3143545590412617
7492.990543107476,-0.981868724587013,1.328918214583423
7494.371513697887,-0.501135936816798,1.3352716703453171
7495.752484288299,0.00987815636447209,1.3322254191543808
7497.13345487871,0.25056009687468617,1.328764824609617
7498.514425469121,0.06071840264119999,1.3315888700073208
7499.895396059533,-0.1286075606829371,1.3291332731140877
7501.276366649944,-0.3106854527499614,1.3378659506850974
7502.6573372403545,-0.16911776207556883,1.3332466841270798
7504.038307830766,0.17901122520224888,1.3262988032767415
7505.419278421177,0.4179339866540843,1.3299269998999645
7506.800249011589,-0.25501851468731473,1.3355898566241209
7508.181219602,0.28550439326373933,1.331480937606558
7509.562190192411,0.18038734278932722,1.3304803981747435
7510.943160782823,-0.18376849296565112,1.3348900158547736
7512.324131373234,-0.1249561667538508,1.3397620139465505
7513.705101963646,0.2497387073208408,1.3148192983063258
7515.086072554057,0.15877059183715403,1.3113732744789661
7516.467043144468,0.11062002245897418,1.3065044989134214
7517.84801373488,0.3164409696902126,1.2836985197753776
7519.228984325291,0.766917304453937,1.2310204158039395
7520.6099549157025,0.5064859123690262,1.1500679400352272
7521.990925506114,0.4559930978583502,1.1463626572871097
7523.371896096525,0.35086958487682907,1.190216106252068
7524.752866686937,-0.03161193190176803,1.2484346995784454
7526.133837277348,-0.7558918468868718,1.2839495568975512
7527.514807867759,-0.9673038801274565,1.2537979976570794
7528.895778458171,-0.34262404037769656,1.261545918496322
7530.276749048582,-0.2886518349016711,1.2846565430752162
7531.6577196389935,-0.4601424577658122,1.309459191992737
7533.038690229405,-0.07820246084738969,1.3244614497503195
7534.419660819816,0.0331434708882945,1.3204468408540861
7535.800631410228,-0.33160136687710917,1.3174518023719022
7537.181602000639,0.14515440809887536,1.30684243423612
7538.56257259105,0.9930809514712386,1.2962433740617991
7539.943543181462,0.8978520362577243,1.3004897522848102
7541.324513771873,0.20569061826413204,1.3122806267928733
7542.705484362285,0.4491489249009071,1.3150099443763
7544.086454952696,0.8827592348648245,1.3040953356220373
7545.467425543107,0.9693876840991003,1.2911798835559058
7546.848396133519,0.331381529518044,1.2996710339308704
7548.22936672393,0.31302437791120497,1.306122996257707
7549.610337314341,0.1351698129863479,1.3114410795934628
7550.991307904753,-0.02091262030177532,1.310582570252215
7552.372278495164,0.06049711780794098,1.2989034224065668
7553.753249085576,0.5809556709668264,1.2713730889407497
7555.134219675987,0.5417397219550857,1.2678914713981069
7556.515190266398,0.06675381861920826,1.2800492165177448
7557.89616085681,-0.10440151502471195,1.2970985833598903
7559.277131447221,0.25130962586340644,1.3101148440681787
7560.6581020376325,0.4451292851369715,1.311768527183295
7562.039072628044,0.6559326693233309,1.3090491098588513
7563.420043218455,0.07359909201235837,1.3097612634372446
7564.801013808867,-0.7356291029293054,1.3072474972100896
7566.181984399278,-1.1367599221055116,1.288496970468893
7567.562954989689,-0.440810388704147,1.2191752883115288
7568.943925580101,-0.013122341313437147,1.174230319134165
7570.324896170512,0.8004763421300112,1.1782476832324795
7571.7058667609235,1.4029663569764033,1.2168802195031267
7573.086837351335,1.2408597722274166,1.2651434505531036
7574.467807941746,1.3167877804477364,1.284422971803128
7575.848778532157,0.9516043438655402,1.2874635854001184
7577.229749122568,0.26718858992021666,1.3024257091715448
7578.6107197129795,0.04987285510026851,1.3140575917210517
7579.991690303391,1.111931858426555,1.294524682366271
7581.372660893802,1.0601081535979482,1.2687789422064084
7582.753631484214,0.9874252003711241,1.248655838789968
7584.134602074625,0.9503249934058822,1.2434295347074882
7585.515572665036,0.8777111534705817,1.2608563599030274
7586.896543255448,0.6421932579562863,1.3082555691098368
7588.277513845859,0.6195877324851082,1.2986352943605515
7589.658484436271,1.0591000641583754,1.271113223311091
7591.039455026682,1.0945985830129636,1.233143561490266
7592.420425617093,0.4825566447198284,1.1803548009996117
7593.801396207505,0.2623864908928404,1.0858307483808964
7595.182366797916,-0.10579383909907847,0.9869249873299416
7596.563337388327,-0.9619826159395224,0.9371545326669782
7597.944307978739,-1.8029427488693983,0.9417489078399018
7599.32527856915,-1.8637438911040753,0.9833475419676357
7600.706249159561,0.015114697258212573,0.9757635730432673
7602.087219749972,-0.7255032323086965,0.9801210045388581
7603.468190340383,-1.096970972243362,0.9848122194489611
7604.849160930795,-0.7420881601877305,0.9968730787641442
7606.230131521206,-0.02206596832781571,1.0252510067479714
7607.611102111618,0.1352006143864699,1.041284217253798
7608.992072702029,0.29939817324364526,1.069892451757257
7610.37304329244,0.8894924678104772,1.1014377529002033
7611.754013882852,1.1830597174834558,1.138006779390987
7613.134984473263,-0.2545761947654377,1.1901610059174974
7614.5159550636745,-0.24338606685559228,1.2092814516358845
7615.896925654086,0.3607391149187187,1.2167710387704835
7617.277896244497,0.9013095355200598,1.2096926733897069
7618.658866834909,0.9468420289463353,1.1915635509783131
7620.03983742532,0.32572254284883684,1.1805678544835332
7621.420808015731,0.19055225145588395,1.1588809537658098
7622.801778606143,1.1703601654831388,1.1269702108189736
7624.182749196554,1.9257950812156395,1.0899152823726994
7625.5637197869655,1.2468536656976212,1.0569117525285312
7626.944690377377,0.8087741958458743,1.0619220186651857
7628.325660967788,0.7657253970104279,1.0942554689416129
7629.7066315582,0.7573046664991558,1.1264496202624807
7631.087602148611,0.7385499643035587,1.1496759323142884
7632.468572739022,0.9777182353105474,1.162526237421313
7633.849543329434,-0.1797494710241736,1.1760595977410935
7635.230513919845,-0.18139426224067634,1.1810194245407646
7636.611484510257,-0.11093372162662263,1.1881554923108446
7637.992455100668,-0.4175983332450173,1.198226036279733
7639.373425691079,-0.4726815588673503,1.1937041788972786
7640.754396281491,0.06084375633989225,1.20871953536168
7642.135366871902,-0.673485706997706,1.2214863229296684
7643.5163374623135,-0.6015614887109386,1.2214105242631927
7644.897308052725,1.6985907219255871,1.207567940514459
7646.278278643136,-0.9989073121300684,1.2404789786696577
7647.659249233548,-1.2831851407067099,1.2367366582901977
7649.040219823959,-0.21683104447146562,1.2157182692856285
7650.42119041437,0.6854349352129745,1.201155188549396
7651.802161004782,-0.7730008429591848,1.225843405775042
7653.183131595193,-1.548886375336842,1.2493306630196819
7654.5641021856045,-0.3869212902029311,1.2488374519623318
7655.945072776016,0.3635701824786892,1.2415078917731601
7657.326043366427,-0.47205764126334415,1.2367192894146568
7658.707013956839,-0.9054165188239764,1.2259434664984385
7660.08798454725,-1.5791054083997658,1.230634475334733
7661.468955137661,-4.070212184475366,1.2918545369886236
7662.849925728073,-8.036551472578576,1.3952592181372034
7664.230896318484,-12.333684491434413,1.5055716634165832
7665.6118669088955,-10.68490029659643,1.487486249086339
7666.992837499307,-7.2518702520546015,1.4184610312779995
7668.373808089718,-3.7742362762637427,1.3471191686232606
7669.75477868013,-1.1439739372722286,1.2962827393806036
7671.135749270541,0.17212094641186226,1.2726955183249464
7672.516719860952,0.14042817854862477,1.280428340293632
7673.897690451363,-0.6101086522899735,1.2947710393921803
7675.278661041774,-1.1273562369851007,1.3042230275057554
7676.659631632186,-0.687002116762546,1.3007243372450945
7678.040602222597,0.049861950285006174,1.287702894416575
7679.421572813008,-0.31478481464802144,1.287575845334765
7680.80254340342,-0.7553952036213225,1.2884612917539642
7682.183513993831,-0.7347524697248602,1.285800125605082
7683.564484584243,0.17984356469922602,1.2775159471001465
7684.945455174654,-0.08505305289244092,1.277473937034986
7686.326425765065,-0.10250529008983378,1.2759686035466613
7687.707396355477,0.09579221711402752,1.272289119992795
7689.088366945888,0.3756672184752503,1.2673940340901515
7690.4693375362995,0.24639468154423838,1.2680333238216575
7691.850308126711,-0.10102417944217379,1.2780496565537738
7693.231278717122,-0.5132259063110745,1.2851741516402708
7694.612249307534,-1.2878447979943815,1.2924168774911018
7695.993219897945,-2.958669691589595,1.3088264140904442
7697.374190488355,-7.714937439512056,1.3695805898110944
7698.755161078767,-8.815689654414863,1.4050119808279367
7700.136131669178,-7.090547177459499,1.3997150649914187
7701.51710225959,-3.770892105347709,1.3559179749706305
7702.898072850001,-1.5468640168180094,1.321842624297779
7704.279043440412,-0.8988328199317159,1.2944703588706308
7705.660014030824,0.21873354636695197,1.2586389410372656
7707.040984621235,1.152058299804743,1.2035668244237503
7708.4219552116465,0.4107071274069014,1.1195526384831183
7709.802925802058,-0.5796987777880247,1.0861308429176462
7711.183896392469,-1.2397144623543745,1.0761288389534318
7712.564866982881,-1.245012689545323,1.0705839523355651
7713.945837573292,-0.4811339734856759,1.0603551709186583
7715.326808163703,0.8478529605068381,1.0554493353209988
7716.707778754115,0.7926512531872199,1.1438292916909059
7718.088749344526,0.13058986462309363,1.222660198026702
7719.4697199349375,-0.3623689163245736,1.2591358386470968
7720.850690525349,0.21839148327997648,1.2351598898140193
7722.23166111576,0.1627799905303533,1.2086868771072565
7723.612631706172,0.2546860240248279,1.2087121572888095
7724.993602296583,0.690312299615897,1.224063167386312
7726.374572886994,1.2120298416718995,1.2465439900588524
7727.755543477406,0.10828996485719955,1.272536834518046
7729.136514067817,0.35911764406778346,1.2706118035751595
7730.517484658229,0.28112072069612637,1.2661307466703218
7731.89845524864,-0.08817405164884562,1.2647279802765827
7733.279425839051,-0.25102962947648777,1.2669570469405793
7734.660396429463,0.22779651141096835,1.2660432570064808
7736.041367019874,0.5674046436914502,1.2623006230875582
7737.4223376102855,0.6533503201178803,1.2592354007925344
7738.803308200697,0.49380835009424473,1.2596130216081194
7740.184278791108,0.6306587097689338,1.265294365989743
7741.56524938152,0.26346112051380643,1.2686833708964007
7742.946219971931,0.2009475994419283,1.2571084974669984
7744.327190562342,0.4933031032971904,1.2164561036017565
7745.708161152754,0.7692902830100614,1.1248967703611685
7747.089131743165,0.5334249486908504,1.0163644007687578
7748.4701023335765,0.8546504318237176,0.997273818452631
7749.851072923988,0.9641223967431252,1.063303994063666
7751.232043514399,0.17475117586963407,1.1896262013356715
7752.613014104811,0.04137205974657476,1.2429785118251035
7753.993984695222,-0.07782278360265593,1.2370610711987708
7755.374955285633,-0.022942128149679775,1.1936793123847689
7756.755925876045,0.290568680269935,1.1374086042019065
7758.136896466456,0.938681520261806,1.1173036465140342
7759.5178670568675,0.49216535365730607,1.1893084095809523
7760.898837647279,-0.049162427306860934,1.2518843180281192
7762.27980823769,-0.18183394809286924,1.2854833771430934
7763.660778828102,0.5346884737324942,1.2828328228496564
7765.041749418513,-0.15330428576961808,1.2843388714474693
7766.422720008924,-0.6424150421382286,1.2797150858597661
7767.803690599336,-0.3188012692748643,1.260802678230575
7769.184661189747,0.7695930697870494,1.2274010242799156
7770.565631780158,0.6444708710118974,1.201051411367608
7771.946602370569,1.1169680341477957,1.205479737542723
7773.32757296098,0.8793926423887939,1.228542167090191
7774.708543551392,0.13387787340392165,1.2437109226710394
7776.089514141803,-0.08613085765112416,1.2037440126919798
7777.470484732215,0.461809961445411,1.177103863357661
7778.851455322626,0.7541400499109834,1.1870158556778767
7780.232425913037,0.7746006127219687,1.219764016704934
7781.613396503449,0.604785707657328,1.2576333003579354
7782.99436709386,0.40048856024168344,1.2616555350335659
7784.3753376842715,0.026558748842642643,1.267230994775645
7785.756308274683,-0.16038195857774795,1.265582135164679
7787.137278865094,-0.0996923408032444,1.247893548160623
7788.518249455506,-0.143383042165393,1.1946242419467452
7789.899220045917,-0.16997165002295844,1.0854589509366626
7791.280190636328,0.5011541596842584,0.9844672619245377
7792.66116122674,0.7706341652005264,0.9451602981942454
7794.042131817151,-1.3827937758533615,1.036893167173151
7795.423102407562,-0.6646376269627048,1.2002643508323922
7796.804072997973,-0.20207843611437326,1.2693557061723015
7798.185043588384,-0.2319036406352737,1.2856643126733778
7799.566014178796,-0.7452829654468047,1.2902314129394465
7800.946984769207,-0.3185771058746134,1.2836559964324383
7802.3279553596185,0.1892322261087216,1.253385161978371
7803.70892595003,0.31113100337480404,1.2046432757828345
7805.089896540441,0.07824097536407137,1.1522730945336004
7806.470867130853,0.34825260555948745,1.1443776017846747
7807.851837721264,0.13653747999662613,1.2001128876392189
7809.232808311675,-0.15633262196619668,1.2404118454962323
7810.613778902087,-0.20366034524928978,1.2568504850464193
7811.994749492498,0.4943239629547236,1.2596153218005677
7813.3757200829095,1.193052696019869,1.244370468498396
7814.756690673321,0.9399696144628855,1.230709369857585
7816.137661263732,-0.561963051169279,1.1715270160230886
7817.518631854144,-3.144848454599355,1.034354826529874
7818.899602444555,-1.3817478527896014,0.9925694418575824
7820.280573034966,0.19841219976263602,1.042627806058457
7821.661543625378,-0.10265516856496859,1.1476233063132306
7823.042514215789,-2.0654795491937605,1.2647193583138896
7824.423484806201,-0.4838853862808783,1.272952900088418
7825.804455396612,-0.43074790849699696,1.2741857547039321
7827.185425987023,-0.5289935038176345,1.2727701327554326
7828.566396577435,-0.49537117469920844,1.2698536312116755
7829.947367167846,-0.4267918215038513,1.2657129465779058
7831.3283377582575,-0.46477173973190133,1.265322040173595
7832.709308348669,-0.3283325065593239,1.263988704356691
7834.09027893908,-0.055137461705211166,1.258040682182562
7835.471249529492,0.29053251321141715,1.2434856429068648
7836.852220119903,-0.5700994057115203,1.2049508602938495
7838.233190710314,-0.37140241384469164,1.1785104409372629
7839.614161300726,0.11805602261943449,1.177584055798457
7840.995131891137,0.30273615608827953,1.2091106004801844
7842.3761024815485,-0.11217261171452364,1.2509530280267056
7843.75707307196,-0.27964515201101037,1.2540325404259518
7845.138043662371,-0.3176550881316267,1.232677022064223
7846.519014252783,-0.2632989067278224,1.1914653983684824
7847.899984843194,-0.01809215490034788,1.125312697543678
7849.280955433605,-1.5405671500708422,1.0332253774797966
7850.661926024017,-1.3851505706300422,0.9904919634476014
7852.042896614428,0.34356248272642986,1.0155296708061328
7853.42386720484,1.7887325484821446,1.1143282468426177
7854.804837795251,0.03283510394888367,1.1454461034905516
7856.185808385662,0.4175253323681716,1.116097023204616
7857.566778976074,1.1981104221790275,1.0766409788169495
7858.947749566485,-0.481500755902065,1.0919859572953743
7860.328720156896,-0.0003497770988474258,1.1689909300446983
7861.709690747308,0.2446830140014491,1.21235650902086
7863.090661337719,0.17317424921391833,1.2138091338709738
7864.471631928131,-0.22163057913558148,1.1715634353482491
7865.852602518542,-0.35655247852486127,1.1339067357252917
7867.233573108953,-1.409302592315079,1.112321066785044
7868.614543699364,-1.5190179445342586,1.115585084456282
7869.995514289775,-0.2698045924408028,1.149992549956658
7871.376484880187,-0.5386033912834449,1.2271565199639431
7872.757455470598,-0.715496259376259,1.241749932801276
7874.138426061009,-0.520140716930662,1.2205140011741276
7875.519396651421,-0.015011652391429209,1.1787720951629543
7876.900367241832,0.2770121989526366,1.1409628699613097
7878.2813378322435,0.4082114816883724,1.143043887352498
7879.662308422655,0.1876594200575461,1.167580230619688
7881.043279013066,-0.0584368413816847,1.2010633107103066
7882.424249603478,0.3862580688221442,1.222172400186172
7883.805220193889,0.2114198818503823,1.2052112887358502
7885.1861907843,-0.13294876296300018,1.1601954170281388
7886.567161374712,-0.3902402020478277,1.1130911039139002
7887.948131965123,-0.2785497889839341,1.0964130897479627
7889.3291025555345,-0.9425943069006237,1.1634205574776821
7890.710073145946,-1.1381181038441213,1.216808788925038
7892.091043736357,-0.9957726452189455,1.247295050770309
7893.472014326768,-0.6837528261035075,1.2492040690448456
7894.852984917179,-0.027888925876553117,1.2483163477834807
7896.2339555075905,0.3712334277731131,1.241945728948251
7897.614926098002,0.32901028700051427,1.2424693096440533
7898.995896688413,-0.20027883308256733,1.2547238358913904
7900.376867278825,-0.6634660838142672,1.2566968870219775
7901.757837869236,-0.5804582591769218,1.2577207814543363
7903.138808459647,-0.42322809043507803,1.2525527608350786
7904.519779050059,-0.3529377809553793,1.2413770284027126
7905.90074964047,-0.20764778445868615,1.2359426525031594
7907.281720230882,-0.18940647644559405,1.173130865632424
7908.662690821293,-0.2795754981786267,1.065645406562141
7910.043661411704,-0.2410881120237498,0.9463145666786805
7911.424632002116,0.7086319223191389,0.9135040690020088
7912.805602592527,1.3360955854521244,1.0087443283339426
7914.186573182938,0.2533130138550703,1.1065344710462726
7915.56754377335,-1.424825085656387,1.1604158388501302
7916.948514363761,-0.44602805963362613,1.1133962738797507
7918.329484954173,1.7346161010298466,1.077030919398771
7919.710455544584,1.9760181082881516,1.0947460370998285
7921.091426134995,0.7342161251421899,1.1528739754307389
7922.472396725407,-0.6822015969948794,1.2201851582159906
7923.853367315818,-0.2893124493506889,1.2299906654950787
7925.2343379062295,0.041494838956676716,1.2120419578938784
7926.615308496641,0.16361196590245797,1.173924662002274
7927.996279087052,0.07243041934816219,1.1232385504277063
7929.377249677464,0.43021913938869005,1.12170217060872
7930.758220267875,0.801498548475525,1.1557563115655196
7932.139190858286,0.7513430862264947,1.2037967068616842
7933.520161448698,-0.11451580795805327,1.2437614192974324
7934.901132039109,0.10985505596326917,1.2480289202704418
7936.2821026295205,-0.17031911396656696,1.2509053654302038
7937.663073219932,-0.3264051412438178,1.2498923130969812
7939.044043810343,0.11196357560825376,1.2431500834731615
7940.425014400755,0.5033142155326935,1.2333531348161957
7941.805984991166,0.11620445579711358,1.2292312073559384
7943.186955581577,-0.08434277898978593,1.215527631656766
7944.567926171989,0.37180672416785754,1.1835476016135247
7945.9488967624,0.06037748124762743,1.145502210525152
7947.329867352812,-0.15676010114282235,1.1514429702125675
7948.710837943223,-0.36164014153884594,1.1843308918809081
7950.091808533634,-0.5440359363514204,1.2300630152912826
7951.472779124046,-0.318896442475225,1.2415071025124513
7952.853749714457,0.25633885469117956,1.2387928441299796
7954.2347203048685,0.45920240031625426,1.2387447565449792
7955.61569089528,0.0373862971634793,1.2462784609610176
7956.996661485691,-0.5006069573188334,1.2472788620377437
7958.377632076103,-0.29846535212050895,1.1925647775883554
7959.758602666514,-0.9161959859312319,1.079010850973125
7961.139573256925,-2.4608358004003463,0.9354092352498816
7962.520543847337,-2.5753508517317627,0.9192685794029485
7963.901514437748,-0.1220313298288147,1.012516560096998
7965.2824850281595,0.5947466758434565,1.1248726124609996
7966.663455618571,-0.6686248079242851,1.2145126679258769
7968.044426208982,0.8472274735636418,1.2171699012195694
7969.425396799394,0.5204536637012005,1.2295575063582052
7970.806367389805,0.06650423534852479,1.2322254805967903
7972.187337980216,-0.05441410049211726,1.2199110135814883
7973.568308570628,0.1649628463022914,1.1920822376348938
7974.949279161039,-0.6319911263703979,1.1473066891012476
7976.3302497514505,-1.0506573080335322,1.1153953132905794
7977.711220341862,-0.7400338146901682,1.1079885087921768
7979.0921909322715,0.3859725391198836,1.1417952928305053
7980.473161522683,0.21444153296610935,1.1927018532803304
7981.854132113094,0.03393359055838374,1.2271376523246276
7983.235102703506,0.0559061414843498,1.2374333768707462
7984.616073293917,0.1374403066471892,1.2213889274300969
7985.997043884328,-0.16164395103969653,1.1837101173788367
7987.37801447474,0.11456191534710669,1.1171604505605663
7988.758985065151,0.29745372224072497,1.0298918928340128
7990.1399556555625,-2.2708292896741504,0.9511826127467398
7991.520926245974,-0.2459190902674422,0.9587392595431812
7992.901896836385,0.8897263919199503,1.0478396623358655
7994.282867426797,0.21187682022936727,1.1777251356579301
7995.663838017208,-1.812588334839763,1.2284795396738493
7997.044808607619,-0.49497048552458267,1.2368299955128395
7998.425779198031,0.6085524516257337,1.2308505591680996
7999.806749788442,0.8470666917146623,1.223554375421009
8001.187720378854,0.22240103620794116,1.238507720664637
8002.568690969265,0.20016862533005764,1.2372222850732488
8003.949661559676,0.16251211409714728,1.2405604704305633
8005.330632150088,0.00258413393908441,1.2471563114656268
8006.711602740499,-0.19480450774251779,1.2405553638267721
8008.09257333091,-0.1411382421797427,1.2200312815740253
8009.473543921322,-0.3650932996640819,1.1870552899265356
8010.854514511733,-0.5956419154317203,1.1510248781006747
8012.235485102145,0.3854038029514655,1.1416838080578555
8013.616455692556,0.12819231623045368,1.1729675149166034
8014.997426282967,-0.16103252383753386,1.2053921785174762
8016.378396873379,-0.196397794598127,1.224899559216584
8017.75936746379,0.14596136622887457,1.2106774915966585
8019.1403380542015,0.15103751653582265,1.1783220403428076
8020.521308644613,0.315132220871309,1.121604423508246
8021.902279235024,0.5767209215591969,1.050680522684211
8023.283249825436,0.22940019507101184,1.010695199807357
8024.664220415847,0.7214268229814174,1.052793262281953
8026.045191006258,0.9382320970701095,1.116500481311049
8027.42616159667,0.5581515987021568,1.178901989781751
8028.807132187081,-0.6162173045498207,1.2065479222371314
8030.1881027774925,-1.1185300235942037,1.2338793063775408
8031.569073367904,-0.9412852115380659,1.2463437434199705
8032.950043958315,-0.2635325799196053,1.243677546183604
8034.331014548727,-0.2768591753936178,1.247714058528422
8035.711985139138,-0.1713278134597438,1.2456548621145853
8037.092955729549,-0.09755972114921363,1.2434591383139884
8038.473926319961,-0.12167463629890207,1.2434495141045134
8039.854896910372,-0.33742418555547715,1.2474001758675854
8041.235867500784,-0.35195342106754524,1.247685033897223
8042.616838091195,-0.12993080030356907,1.2447925000735534
8043.997808681606,0.2800817165047462,1.238804421868374
8045.378779272018,0.16452900404037507,1.2295059862144235
8046.759749862429,0.07926963516769803,1.2100235640035304
8048.1407204528405,0.03917400397979165,1.1888892844860819
8049.521691043252,0.06907781038841421,1.1721244133237005
8050.902661633663,0.35738923837072534,1.1816977782401064
8052.283632224075,0.7390674344818216,1.204114645768055
8053.664602814486,0.850665732858964,1.2242411290589537
8055.045573404897,0.4417012659327604,1.231301951811486
8056.426543995309,-0.352644291399578,1.1977237060474633
8057.80751458572,-0.2610418728548325,1.1374279663718074
8059.1884851761315,0.1949503190848283,1.0889354211089066
8060.569455766543,0.6435433873924765,1.0832594749131426
8061.950426356954,0.31189052286259766,1.147605915572822
8063.331396947366,-0.03621858703531089,1.1994895461639643
8064.712367537777,-0.08668157543721122,1.2316040007989977
8066.093338128188,0.4987101809072776,1.2353892096505723
8067.4743087186,-0.017878430432354264,1.2340713992592096
8068.855279309011,-0.1839323806537081,1.2353623188665364
8070.236249899423,-0.06047841957582989,1.2349774821732113
8071.617220489834,0.24469692357086714,1.2266228193339288
8072.998191080245,0.17120473062790964,1.2298476483729195
8074.379161670657,0.07565547976953368,1.230232991211214
8075.760132261066,0.22398347116823203,1.2279966340643802
8077.141102851478,1.0575456829568957,1.225047273535156
8078.522073441889,0.7094920800151634,1.22559365985557
8079.9030440323,0.3169362058500482,1.2214997637244251
8081.284014622712,0.16556983406666248,1.2146010792287576
8082.664985213123,0.6621264180071229,1.2121071285337806
8084.0459558035345,0.826696067033108,1.2150500538045161
8085.426926393946,0.46692185722824675,1.22667126948464
8086.807896984357,-0.17864315206558956,1.240935540965979
8088.188867574769,-0.0013142941190729118,1.2315822581805485
8089.56983816518,0.1383835368629711,1.2161373510336195
8090.950808755591,0.512569303136793,1.2024288941300223
8092.331779346003,1.0303347551249082,1.1962464072557988
8093.712749936414,0.625272497619541,1.219569826910955
8095.093720526826,-0.0479264580167964,1.2317143309583596
8096.474691117237,-0.3465729782405411,1.227651403279194
8097.855661707648,-0.02252451438068448,1.2050483525600466
8099.23663229806,0.2569996147884339,1.171649406566301
8100.617602888471,0.25780778714069896,1.1698090657655944
8101.9985734788825,0.25232160481389343,1.1846653608922295
8103.379544069294,0.40418666142465653,1.2070060422502034
8104.760514659705,-0.1355527809847672,1.2234200637996915
8106.141485250117,-0.4938737498791035,1.2326699795031886
8107.522455840528,-0.4387203874497523,1.2341033967267026
8108.903426430939,0.31961344984874884,1.2263393809080634
8110.284397021351,-0.09168856935723824,1.2291525765483942
8111.665367611762,-0.41933877038043477,1.230282442967972
8113.0463382021735,-0.5375535738785082,1.2305775387144187
8114.427308792585,-0.25658998548346545,1.2322476289919058
8115.808279382996,-0.37617306984106946,1.2384153662987638
8117.189249973408,-0.36917045235626844,1.2354024179057783
8118.570220563819,-0.12753913180491594,1.224700758572477
8119.95119115423,0.4711538762408587,1.2143720698590024
8121.332161744642,-0.3391513028632147,1.219028162104631
8122.713132335053,-0.18799302711926913,1.2183896875438627
8124.0941029254645,0.9380526840851786,1.2122255067891474
8125.475073515876,0.23583908892877048,1.2232874599333654
8126.856044106287,0.01941450970058156,1.2223135350904548
8128.237014696699,0.260977033371681,1.211445704328736
8129.61798528711,0.857611482514379,1.1937802787525418
8130.998955877521,0.31831359041441587,1.2012588025812767
8132.379926467933,-0.05940186997212393,1.2038354503540423
8133.760897058344,0.005651930965250074,1.2007817952302688
8135.141867648756,0.7118030009359124,1.191245482805862
8136.522838239167,-0.33617026432008856,1.1940123816080024
8137.903808829578,-0.6846917443990499,1.1959088754542178
8139.28477941999,-0.423518216135534,1.198205458977793
8140.665750010401,0.4261391638412775,1.202625873886666
8142.0467206008125,0.20736375323390632,1.1876624807975513
8143.427691191224,0.011251889313747654,1.1815717305211615
8144.808661781635,-0.3436832622290993,1.1879173469445115
8146.189632372047,-1.4707950694599319,1.2118163250096334
8147.570602962458,-0.7199616322867115,1.2006372165407655
8148.951573552869,0.06258948858526381,1.1925645561028646
8150.332544143281,0.3610872248946073,1.1949497136476692
8151.713514733692,-0.5971833177672927,1.2077147040600003
8153.0944853241035,-1.0816623707177087,1.2196436109412976
8154.475455914515,-0.7230160326193911,1.2194888195898692
8155.856426504926,0.5231093841021774,1.2034824254898846
8157.237397095338,0.5767627731645923,1.190368278826444
8158.618367685749,-0.05178250119146455,1.1864758008690655
8159.99933827616,-0.7388573657520716,1.1874217776774239
8161.380308866572,-1.0033633292813882,1.1902311337399925
8162.761279456983,-0.4651002057581337,1.1893580839384326
8164.142250047395,-0.17083019212118344,1.193060146306489
8165.523220637806,-0.24402769312343864,1.1975075530448163
8166.904191228217,-0.8973794175139709,1.1961488462968985
8168.285161818629,0.7960849279146132,1.1749130340270935
8169.66613240904,1.5166123902867348,1.170412788473211
8171.047102999451,0.9589517125375906,1.1822520691958587
8172.428073589863,-0.6793376430389628,1.1945243927760085
8173.809044180272,-0.8384779047485971,1.1798699249160813
8175.190014770684,-0.10148842997002205,1.1534213464394418
8176.570985361095,1.0193555490066544,1.125619733480178
8177.9519559515065,-1.2468880523034223,1.1551723137577035
8179.332926541918,-2.5730330300086557,1.1738839779708807
8180.713897132329,-3.1342474615070515,1.1805471810382908
8182.094867722741,-2.9523321459260963,1.1731510112858718
8183.475838313152,-3.3868703952941956,1.1712906404782695
8184.856808903563,-3.163221251270379,1.162637403622705
8186.237779493975,-2.1593637354125796,1.1494714390124847
8187.618750084386,0.027865654584786625,1.1348237145344098
8188.999720674798,-0.6706037515102601,1.1254779086985554
8190.380691265209,-1.3839998378149332,1.1197130056059634
8191.76166185562,-2.101046904818155,1.1224530634937682
8193.142632446032,-4.2083809791668045,1.1538700486521847
8194.523603036443,-5.19983438551548,1.182776624852683
8195.904573626854,-4.776941071281705,1.1934265456639779
8197.285544217266,-2.878777152941389,1.1816789863331514
8198.666514807677,-0.867636692705922,1.1724340325299925
8200.047485398089,-0.5680185946872953,1.179029586739144
8201.4284559885,-0.6846498293934644,1.188144691447674
8202.809426578911,-0.16919337521618516,1.189205276535786
8204.190397169323,-0.22161754262484834,1.1902827887962268
8205.571367759734,0.09083228804720633,1.1898410184259154
8206.952338350146,0.6296286543499363,1.1876877925352791
8208.333308940557,1.144747118735257,1.1832185015492962
8209.714279530968,0.722674321412228,1.1883843623059658
8211.09525012138,0.5797687718902083,1.1900345401332242
8212.476220711791,0.7773891923219978,1.1868276882446023
8213.857191302202,0.39164366884269697,1.1851189233580415
8215.238161892614,0.05035352159223905,1.1912248797667142
8216.619132483025,-0.033353631406694007,1.1924019513395605
8218.000103073437,0.25496115034691513,1.1822975076865465
8219.381073663848,0.1375502900153336,1.1937810380675515
8220.76204425426,-0.5424938791485623,1.1962371900290478
8222.14301484467,-1.154918754407138,1.1875527379702924
8223.523985435082,-0.767765674480156,1.1626106958643716
8224.904956025493,0.44516945789109386,1.1305563196622628
8226.285926615905,0.5750971359786483,1.1249209732624865
8227.666897206316,-0.147400890430891,1.1428656913662392
8229.047867796728,-0.02946894438212766,1.1606149149686327
8230.428838387139,0.33796113714366527,1.1785198073057939
8231.80980897755,0.20333869863893383,1.1927754542670008
8233.190779567962,-0.5854760140122117,1.2005482466267248
8234.571750158373,1.1305898775824694,1.1802227498962188
8235.952720748784,2.1925174137360557,1.164757323425446
8237.333691339196,2.465600017710269,1.1586280826607804
8238.714661929607,1.6738628531470638,1.1687740016223422
8240.095632520019,0.9495996587409437,1.1693854482098702
8241.47660311043,0.9698101286196525,1.1665918238665984
8242.857573700841,1.7145405945101722,1.1587783775747595
8244.238544291253,3.046038381718816,1.1377282342282322
8245.619514881664,3.059481047500622,1.140604070054662
8247.000485472076,2.4167475161973044,1.1521695035809485
8248.381456062487,1.4164232999553406,1.1669637651710802
8249.762426652898,1.6389203423599064,1.1717763885149868
8251.14339724331,1.4005054706041946,1.1679964621771883
8252.524367833721,0.8250336518652333,1.1671896225504867
8253.905338424132,-0.08992675114305015,1.1826055542024847
8255.286309014544,0.23159779719542684,1.1824627728402304
8256.667279604955,0.974752511216078,1.178931875064741
8258.048250195367,1.7347949169187409,1.1754237165421695
8259.429220785778,1.3687273184758801,1.1804202151711634
8260.81019137619,1.1069994567435621,1.1799251367069463
8262.1911619666,1.2319714178809456,1.1772850742246619
8263.572132557012,1.8385304912345184,1.1733450329025543
8264.953103147423,2.2862824527798686,1.16311238507942
8266.334073737835,1.9856647397343181,1.165644236619144
8267.715044328246,1.2878001349305421,1.1752600157988276
8269.096014918658,0.5872492530242077,1.1864013278104113
8270.476985509067,0.023254293448726315,1.1900400960661774
8271.857956099479,-0.8261176440270503,1.188695286465202
8273.23892668989,-1.7017075168662146,1.1745407899985048
8274.619897280301,-1.1861159120686509,1.1084614629445502
8276.000867870713,-0.690949956741008,1.0686263826691056
8277.381838461124,-0.7061955484641125,1.042927926846056
8278.762809051535,-1.4923448995541655,1.0273145694407404
8280.143779641947,0.8879636567235458,1.04364386075849
8281.524750232358,1.3761070447154111,1.0524641038008395
8282.90572082277,0.7613385326517843,1.0427762177338464
8284.286691413181,0.20456467142200196,0.9902644128729833
8285.667662003592,-0.36682856779408013,0.9726143609428601
8287.048632594004,-0.5313994239431068,0.9936755921600485
8288.429603184415,-0.21015502898685767,1.0506132356930793
8289.810573774826,0.5551868371429407,1.1113044060086008
8291.191544365238,-1.1410235138472373,1.1143596197384185
8292.57251495565,-2.4037559055822584,1.074823170268846
8293.95348554606,-0.9199881945642545,0.9956647366366228
8295.334456136472,-0.5457602695800361,0.934353068951649
8296.715426726883,-0.13765068590863194,0.9272222153712033
8298.096397317295,0.30783874456968974,0.9745864789134634
8299.477367907706,0.6387577554169717,1.084752762501963
8300.858338498118,-0.1706189102961524,1.1502311012050672
8302.239309088529,-0.5731957456206622,1.1782527135179293
8303.62027967894,-0.0013283941293380508,1.168636392763995
8305.001250269352,1.1432716905713214,1.1324333067393904
8306.382220859763,1.0671208446587883,1.1004362193336314
8307.763191450174,0.3376042603076357,1.0832923784979456
8309.144162040586,-0.3989363296549193,1.1007470369655696
8310.525132630997,-0.3828933450176528,1.1380277378531507
8311.906103221409,-0.324945439829591,1.1664559588932857
8313.28707381182,-0.3853901792249701,1.1767043467645688
8314.668044402231,-0.9492772333035866,1.1345429419977529
8316.049014992643,-1.220225682831817,1.1590467915550426
8317.429985583054,-1.3985242938807438,1.1943258945317115
8318.810956173465,-1.5851625596174337,1.2008332392208492
8320.191926763877,-0.8912539676533626,1.1920389170144485
8321.572897354288,-0.06346218846217866,1.1851885814753451
8322.9538679447,0.5434885098372995,1.1828479931034397
8324.334838535111,-0.17113703627977728,1.1916915373970158
8325.715809125522,-1.6568133699890737,1.2104392308979144
8327.096779715934,-2.4702290030415313,1.2214152114301293
8328.477750306345,-1.9353389146751248,1.2166517642104966
8329.858720896756,-0.9082126970560189,1.207075806373368
8331.239691487168,-0.7869444743089957,1.2067476163530542
8332.62066207758,-1.1517240602422198,1.208728272119027
8334.00163266799,-1.3065325808338741,1.1998375923565843
8335.382603258402,-0.5237366616843531,1.1867056026488458
8336.763573848813,-0.8722403124599047,1.1432054013508255
8338.144544439225,-2.4916849734224122,1.057353742875662
8339.525515029636,0.28501671610428403,0.8723053903602703
8340.906485620048,1.0922870212177394,0.7820085776216027
8342.287456210459,0.9338041632395537,0.7557454248326834
8343.66842680087,0.8224767436953542,0.775345709956605
8345.049397391282,1.3450662209744628,0.9087913603033231
8346.430367981693,1.2513937945501148,1.0054438570867326
8347.811338572104,0.6241873563217482,1.0372985274018156
8349.192309162516,1.3084088460462162,0.9525567449888266
8350.573279752927,2.293646220653997,0.9386661808972366
8351.954250343339,2.522162279465906,0.982514997170869
8353.33522093375,0.9389073273718544,1.0882985489181443
8354.716191524161,0.0,1.1401548973981013
8356.097162114573,-0.17866533886945035,1.1657268697316827
8357.478132704984,0.18037174523850297,1.1678807628317667
8358.859103295395,0.043068368231217846,1.144762677883817
8360.240073885807,0.141096628414914,1.103052041273602
8361.621044476218,-0.13998334045401606,1.0730109944448396
8363.00201506663,-1.236827264253506,1.0749956018657632
8364.382985657041,-1.0501757492902044,1.1340775151434828
8365.763956247452,-0.6405086183814177,1.1721829667356538
8367.144926837864,-0.1462367667868847,1.1886149558944679
8368.525897428273,0.10537498332724837,1.185514417946028
8369.906868018685,0.22933173180457445,1.1834076434602878
8371.287838609096,-0.1422128899168662,1.1863913609459686
8372.668809199507,-1.1069820637156447,1.1971229136526325
8374.049779789919,-0.5936144023644268,1.190735181287271
8375.43075038033,-0.8843011258970748,1.1637845294914646
8376.811720970742,-1.4540350011212517,1.1162489128761695
8378.192691561153,-0.9049694159073169,1.0417601566627492
8379.573662151564,-0.23216810857035242,1.0267553925233621
8380.954632741976,-0.4196218942396648,1.0549846054070768
8382.335603332387,-1.9320118359001341,1.1252759946795565
8383.716573922798,-1.3622632654841098,1.1689023010867972
8385.09754451321,-1.6051598922900467,1.1899432160763
8386.478515103621,-2.077674994688987,1.193786848932216
8387.859485694033,-1.422060598095836,1.1882311790577784
8389.240456284444,-0.7946609594448582,1.1856062332159676
8390.621426874855,-0.21129160969636018,1.171217727480279
8392.002397465267,0.3128494560535273,1.1379813837506443
8393.383368055678,0.906767374462575,1.0208745734634432
8394.76433864609,-0.03244965868008265,0.909154607426163
8396.1453092365,-1.263330303950763,0.8170834394393756
8397.526279826912,0.1798388670787645,0.7855290446185511
8398.907250417324,0.2970771306912958,0.8976562541611592
8400.288221007735,0.16050983593067158,1.0355072640736676
8401.669191598146,0.13178891908068024,1.1611270076802334
8403.050162188558,0.737056750306543,1.1699709269881016
8404.43113277897,0.7606025041508495,1.175355470052495
8405.81210336938,0.48847504182521817,1.176462831247284
8407.193073959792,0.46547023835323387,1.1697264660358717
8408.574044550203,0.18723488390339327,1.1414088272766103
8409.955015140615,-0.4099957074185916,1.0917518475637684
8411.335985731026,-1.3878193336721836,1.018399845187931
8412.716956321437,-1.5627722482622382,1.0074887189325084
8414.097926911849,-1.1560532794521343,1.0492764313897323
8415.47889750226,-0.38235304046571983,1.119645678065056
8416.859868092672,0.28115833975130045,1.1626926004268792
8418.240838683083,0.5467812981293818,1.1701845307410836
8419.621809273494,0.6155799972701139,1.1658170792812685
8421.002779863906,0.5230545819822332,1.157411606197264
8422.383750454317,-0.36810325642061414,1.0707235753056228
8423.764721044729,-1.9204162342738655,0.9802615737963003
8425.14569163514,-3.76213014411951,0.8816748888444278
8426.526662225551,-4.780132806090123,0.7539711070297058
8427.907632815963,-3.6899422120719763,0.767613056776364
8429.288603406374,-2.132103891178893,0.8572351305551082
8430.669573996785,-0.8448710009658775,1.0059062594502097
8432.050544587197,-1.9307044710586823,1.1249114404774
8433.431515177608,-4.022908778970365,1.2122522712302248
8434.81248576802,-6.307302588313668,1.26490657577233
8436.193456358431,-5.443016875927093,1.2588290098725956
8437.574426948842,-2.8772016084817764,1.2234841979240187
8438.955397539254,-0.5547883944519398,1.1636409044347613
8440.336368129665,0.06427897832023532,1.0753913232215906
8441.717338720076,0.15330351363650507,1.0547222943273733
8443.098309310488,0.3078626099313837,1.0444120320856916
8444.4792799009,0.5148114118086404,1.0461443594994173
8445.86025049131,0.24978827510676993,1.1054040649834331
8447.241221081722,0.5161080640011306,1.0769580330774935
8448.622191672133,0.9540401669361849,1.0257351105333452
8450.003162262545,1.272001868391289,1.0076988969499958
8451.384132852956,0.3922365953580247,1.070524059743364
8452.765103443367,0.020711121312235292,1.1273596991271606
8454.146074033779,0.35464744669752335,1.1640072345407022
8455.52704462419,0.6263646484194929,1.1672262431046416
8456.908015214602,0.8418254117506088,1.152261656700732
8458.288985805013,0.947276445970946,1.1176540110257407
8459.669956395424,0.8017837066972753,1.0521695538824953
8461.050926985836,0.8148350944481173,0.9236010863651409
8462.431897576247,0.9192001126812137,0.8439298083521459
8463.812868166659,1.124970425570595,0.848153573306819
8465.19383875707,-0.20712293951977045,0.985721746124493
8466.57480934748,-0.9086804165094939,1.0969781089719899
8467.95577993789,-1.0670249921643808,1.1737260568475547
8469.336750528302,-0.6702235531644902,1.1782107888137567
8470.717721118714,-0.3393077409869214,1.1718045073881262
8472.098691709125,0.15770013829873974,1.164034589732213
8473.479662299536,0.8257391605757114,1.1591319415058128
8474.860632889948,1.63936469107594,1.139014761218641
8476.24160348036,1.2343329426267395,1.1461411100598298
8477.62257407077,-0.0517314201944572,1.1737846776247145
8479.003544661182,-0.36495772753304934,1.181797935071136
8480.384515251593,-0.26953554947597524,1.1796711757776432
8481.765485842005,-0.04676386928093024,1.1767066063856344
8483.146456432416,0.11854575339597773,1.181057010443857
8484.527427022827,0.23121173998824318,1.174532805529469
8485.908397613239,0.31432395146764236,1.165866893610145
8487.28936820365,0.3455698992375247,1.154485762035843
8488.670338794062,-0.11108246120184617,1.1133038043077053
8490.051309384473,-0.2432869974434837,1.0844349939307785
8491.432279974884,-0.23622647698874744,1.0765447466595455
8492.813250565296,-0.36695179360501484,1.116655028280883
8494.194221155707,-1.6918064157799755,1.1631186814891843
8495.575191746118,-3.4623012463333893,1.2070466467338636
8496.95616233653,-5.473027628144109,1.2448460049035457
8498.337132926941,-5.64098211833042,1.1904346661269225
8499.718103517353,-4.786489515766608,1.0979192764867183
8501.099074107764,-3.0556029164555696,0.9905602470682702
8502.480044698175,-0.7090005595295956,0.9618798874078397
8503.861015288587,-0.19245004204425342,1.0128186630367775
8505.241985878998,-0.3028928622748417,1.088098935407085
8506.62295646941,-0.279553893705657,1.1509973313000534
8508.00392705982,0.20019914687900098,1.1672331639288807
8509.384897650232,0.1631743043264784,1.173753094390782
8510.765868240644,-0.4661216744944383,1.1756038016318815
8512.146838831055,-0.25889449041326884,1.1739829178323518
8513.527809421466,0.11394265319268371,1.167104090274723
8514.908780011878,0.3990182647127547,1.161059987447947
8516.28975060229,0.014052698787970996,1.1691528670049018
8517.6707211927,-0.2209965216648797,1.1679934608901437
8519.051691783112,-0.24497451201816034,1.167851321820379
8520.432662373523,0.026052747968694945,1.1733913413134989
8521.813632963935,0.09864511922824448,1.1706824364421258
8523.194603554346,0.1215149603508543,1.1685562123716735
8524.575574144757,0.09352011791141379,1.1677176637353663
8525.956544735169,-0.05288099732289098,1.1702920408714916
8527.33751532558,-0.0317612633461124,1.1687437312213123
8528.718485915992,0.042258236853605524,1.1670173118531264
8530.099456506403,0.07898757429585146,1.1698297339529533
8531.480427096814,-0.19003735629478768,1.1683059423214086
8532.861397687226,-0.686378616292302,1.1618400425919586
8534.242368277637,-1.4112758739286555,1.1497381162481122
8535.623338868048,-2.696389340146755,1.1428722422048194
8537.00430945846,-4.0564424771591305,1.1628432506439212
8538.385280048871,-5.648085216849118,1.205300088100557
8539.766250639283,-8.244949972187126,1.2636459581662416
8541.147221229694,-9.908264442141375,1.2911389958714676
8542.528191820105,-10.323594925764663,1.2801999225890555
8543.909162410517,-8.775168586609986,1.2080904232399523
8545.290133000928,-6.253211965498366,1.1421845596350797
8546.67110359134,-4.506074654330856,1.1153490266106714
8548.05207418175,-3.849528739055245,1.1339682323024873
8549.433044772162,-1.9835748558322521,1.1562026893354533
8550.814015362574,-0.8472470413788749,1.163974388586187
8552.194985952985,-0.32220619163059183,1.1643971756469134
8553.575956543396,-0.43597865378995593,1.1739139837994155
8554.956927133808,-0.4646663714842383,1.1741110949283893
8556.33789772422,-0.4108742050219547,1.1715555738101993
8557.71886831463,-0.25899087671910337,1.1695487140854615
8559.099838905042,-0.051451841096799455,1.1673148708785852
8560.480809495453,0.28007034096729555,1.1648294632536929
8561.861780085865,0.7388256853389201,1.161756307186917
8563.242750676274,1.0982935354071763,1.1519306622625114
8564.623721266686,1.0999551000082803,1.1542534115466405
8566.004691857097,0.8222844245108973,1.160294505173309
8567.385662447508,0.29298605987430903,1.1505918928202314
8568.76663303792,0.11504255505477445,1.1516795626948368
8570.147603628331,0.18056407486103154,1.1527853826767764
8571.528574218743,0.5759794861998202,1.1472740927465852
8572.909544809154,0.5477748698793583,1.1461552630640879
8574.290515399565,0.45047653984901004,1.1483068076157048
8575.671485989977,0.3591644697577081,1.1531483239580773
8577.052456580388,0.7634791836645753,1.149702936942098
8578.4334271708,1.156951559286881,1.1482446992103559
8579.81439776121,1.3923384441464037,1.148062100911333
8581.195368351622,0.9778661934646635,1.14805051908894
8582.576338942034,0.6170831482727017,1.141133229968235
8583.957309532445,0.3393077409869214,1.1316232034045959
8585.338280122856,0.21659860065984304,1.121371347010116
8586.719250713268,0.6120116396935629,1.1246969484165084
8588.100221303679,1.1683847169880295,1.1281947798232508
8589.48119189409,1.7495977634292643,1.1298536299826265
8590.862162484502,1.6493882784836664,1.1268848542780279
8592.243133074913,1.2103346927887273,1.1154362150681163
8593.624103665325,0.7234110234854221,1.1013018526942027
8595.005074255736,1.1503452149595503,1.1026391873563124
8596.386044846147,0.1305158737262353,1.1260855699613948
8597.767015436559,-0.7529510684409466,1.1487720914012556
8599.14798602697,-0.034974167357187724,1.1505159126028082
8600.528956617381,0.660362268825569,1.146853015055416
8601.909927207793,0.9015239520053555,1.1426072420020967
8603.290897798204,0.614290350323035,1.1387143736256942
8604.671868388616,0.8864572232924743,1.1377882600541436
8606.052838979027,0.8498258682683364,1.1383464529885137
8607.433809569438,0.5132678383109734,1.1392280102217973
8608.81478015985,-0.20682595270702464,1.1343840344559817
8610.195750750261,-0.2870393893701113,1.1289730641754743
8611.576721340673,-0.08008084685948447,1.1200717463452714
8612.957691931084,0.059604405465975674,1.1017290992620898
8614.338662521495,-0.10769253306643733,1.0831240948966574
8615.719633111907,-0.15546038274779406,1.062024939197099
8617.100603702318,0.13421573417640786,1.037001229989528
8618.48157429273,0.5853966014800491,1.030232309239293
8619.86254488314,0.2186088294528581,1.0263720230800106
8621.243515473552,-0.7264892407917714,1.0242078934359449
8622.624486063964,0.44574479119814825,1.02064247615418
8624.005456654375,0.7710104499831658,1.0187025533236658
8625.386427244786,0.40463775186000106,1.0185960391027515
8626.767397835198,-0.8158348424099486,1.02215699683419
8628.148368425609,-0.28137730460789356,1.0202524516433633
8629.52933901602,0.43597865378995593,1.0191431970101148
8630.910309606432,0.28058886639791325,1.0234380060576203
8632.291280196843,-0.7644536251399998,1.0360133173226442
8633.672250787255,-1.0505529989289961,1.0469245526126407
8635.053221377666,-0.22381964718926994,1.0543061979958612
8636.434191968077,0.3934931627558278,1.0603770510430894
8637.815162558489,0.30026440145293165,1.076914781968078
8639.1961331489,-0.3004540463347922,1.0997496648438492
8640.577103739311,-0.39017557828944405,1.109074801402533
8641.958074329723,0.4358620888470348,1.1000321988951116
8643.339044920134,1.0821435926354575,1.0853586908454242
8644.720015510546,-0.2130895912318458,1.0801209480122893
8646.100986100957,-0.8319995726336096,1.057013623114681
8647.481956691368,-0.8594734122552197,1.0385367201356381
8648.86292728178,-0.13267589079971387,1.0365124791035365
8650.243897872191,0.11595476928722448,1.0221162459757138
8651.624868462603,-0.26991778503241903,1.0185226939953547
8653.005839053014,-1.2936801044434993,1.0280847199056753
8654.386809643425,-1.671727816581864,1.0322038516333008
8655.767780233837,-1.6791784306174868,1.0291586930826682
8657.148750824248,-1.9149935746858802,1.0262039003063856
8658.52972141466,-4.5655872512380355,1.053718417521364
8659.91069200507,-7.14879035488422,1.0778375666777105
8661.29166259548,-8.961910526878372,1.0934072233532852
8662.672633185892,-8.802466699954547,1.0884002914590596
8664.053603776303,-7.000185329002296,1.0839865028582727
8665.434574366715,-4.649193085509339,1.07378386159573
8666.815544957126,-2.0146228995924353,1.0533857653228593
8668.196515547537,-1.4801484654473427,1.0608845333256334
8669.577486137949,-1.1749619456598488,1.0722600641872027
8670.95845672836,-0.9351559680405366,1.0846394284408418
8672.339427318771,-1.1166595231233707,1.076305847640486
8673.720397909183,-1.1550843487172742,1.0815417591037808
8675.101368499594,-0.9359362706212018,1.0935500716472006
8676.482339090006,0.2393733687730979,1.08817567645329
8677.863309680417,0.20440542829839004,1.088747995590172
8679.244280270828,-0.514264731226767,1.0962586847100295
8680.62525086124,-1.6739667483407246,1.1169566992413882
8682.006221451651,-1.1365064535929044,1.1211604266651936
8683.387192042062,-0.5222533281044122,1.1210794228136567
8684.768162632474,-0.5087168338991539,1.1207582505196299
8686.149133222885,-1.8907447194277225,1.1432713605553362
8687.530103813297,-2.9373934319440096,1.1585900660267623
8688.911074403708,-3.454122698571492,1.1622885419392475
8690.29204499412,-3.1385107742496245,1.154576926303778
8691.67301558453,-2.2476863195217227,1.1463692371012448
8693.053986174942,-1.0071825319983958,1.1378452124462288
8694.434956765353,-0.6381733780646606,1.1299595997235514
8695.815927355765,-0.5459936727324717,1.1237010989392529
8697.196897946176,-0.5439582584099796,1.1198232119123608
8698.577868536588,-0.31312752402361,1.1217746785658878
8699.958839126999,-0.09941456372639479,1.119935383798287
8701.33980971741,0.016260280419206907,1.1154746795188297
8702.720780307822,-0.063875575538205,1.1078345091092936
8704.101750898233,0.3353094929448126,1.1051979871106181
8705.482721488645,0.48942757589616903,1.10836208519025
8706.863692079056,0.1474603146504272,1.1188020714395122
8708.244662669467,-0.4671067017225745,1.129951673276891
8709.625633259879,-0.8398935571336388,1.1325292210345617
8711.00660385029,-0.9401214900342971,1.1264746975824882
8712.387574440701,-0.6639274484008268,1.1185816924212457
8713.768545031113,-0.545396361252731,1.1174163271497044
8715.149515621524,-0.5116782043383665,1.120978055565031
8716.530486211936,-0.35018016265380325,1.1256612802512873
8717.911456802347,-0.42704525148547035,1.1289564826072414
8719.292427392758,-0.5736485785614178,1.1327967334996139
8720.67339798317,-0.6017784443104794,1.140383043974371
8722.054368573581,-0.38776224530500514,1.1290478153997376
8723.435339163992,-0.1627747648680007,1.1181157355690414
8724.816309754404,-0.03887868204020961,1.1186686689918603
8726.197280344815,-0.18887341281619285,1.122558180138892
8727.578250935227,-0.461564580620653,1.1269969510005717
8728.959221525638,-0.8522088353967554,1.1315332262644038
8730.34019211605,-0.6678639472995087,1.118461249651662
8731.72116270646,-0.2553590117880873,1.106167585784777
8733.102133296872,0.31266401946333744,1.0963382015593315
8734.483103887284,0.4710105009972061,1.1059634967574083
8735.864074477695,0.2713967649477844,1.1106784980788291
8737.245045068106,-0.06533385131866609,1.111378303213704
8738.626015658518,0.2447632297075657,1.1078169840815246
8740.006986248929,0.27222510472036987,1.1026291863611353
8741.38795683934,0.2557645121747427,1.0979110347952457
8742.768927429752,0.5393062388560956,1.0974000556719483
8744.149898020163,0.4727604267306056,1.1011561271486365
8745.530868610575,0.1547651647298096,1.1090130625372332
8746.911839200986,-0.5022896687340932,1.1231290648819205
8748.292809791397,-0.6002695306782648,1.1231296631303023
8749.673780381809,-0.4572695953378485,1.1205924320978982
8751.05475097222,-0.08851758228371054,1.1179338321463008
8752.435721562631,-0.805907402129538,1.095515726024834
8753.816692153043,-1.1330453179183877,1.0443430240050784
8755.197662743454,-0.9428974159882131,0.9630617060038242
8756.578633333866,-0.1543265893219541,0.892659621166161
8757.959603924275,0.4431941701611386,0.8576386162562807
8759.340574514687,0.8024630962162576,0.8526136184880203
8760.721545105098,0.3903879170851994,0.8632122773911992
8762.10251569551,-0.646044444305879,0.8590751336314651
8763.48348628592,-1.5340333418381853,0.8458081106380568
8764.864456876332,-0.006996361764713299,0.829548351474432
8766.245427466743,0.2035905798531097,0.8703547595123453
8767.626398057155,-0.06178351659387005,0.9400111802571871
8769.007368647566,-0.20733672134319292,1.026881856732021
8770.388339237978,0.4132911938864261,1.0064901462909122
8771.769309828389,0.937755207289559,0.9452021440424497
8773.1502804188,0.8983753002004136,0.8589601035067607
8774.531251009212,1.3895893585905341,0.80681462461344
8775.912221599623,1.7681862782226432,0.797308949466309
8777.293192190034,1.6746115575645142,0.8436318891829567
8778.674162780446,0.30928553863475017,0.9735488417305707
8780.055133370857,-0.5486826763489461,1.063676815553247
8781.436103961269,-0.7295231203723809,1.1027093488760942
8782.81707455168,0.2919636165481805,1.08882439554409
8784.198045142091,0.7521682733327673,1.0678230718383674
8785.579015732503,0.7546060031196973,1.0389920653416178
8786.959986322914,0.9414279855297885,0.9885260739843273
8788.340956913325,0.4241535225398039,0.9694315330448212
8789.721927503737,-0.28188068242390685,0.9772327943223674
8791.102898094148,0.44595859708676144,1.0262652515466082
8792.48386868456,0.6612340582287857,1.065468679896809
8793.864839274971,0.5300114230016248,1.094605336004731
8795.245809865382,-0.005964061332115023,1.1039079679854162
8796.626780455794,0.6485499397353465,1.0970092688701474
8798.007751046205,1.0221127521681836,1.092388581980606
8799.388721636617,-0.29742546241338275,1.1069586578881312
8800.769692227028,-0.9917103508440555,1.1123415399727128
8802.15066281744,-1.5944881547212368,1.1164352180928603
8803.53163340785,-2.308753370243469,1.1219388371335581
8804.912603998262,-2.0388929728292524,1.1093675496605
8806.293574588673,-1.2625947353258056,1.0946466134997908
8807.674545179085,0.04068095102535807,1.0802888478939805
8809.055515769496,0.251967884202557,1.0873667487063872
8810.436486359908,0.09986757834763438,1.0970395588331663
8811.817456950319,-0.3727099750192586,1.1081209206953704
8813.19842754073,0.5006240502726982,1.107829433576168
8814.579398131142,1.0017997235437193,1.1063751361969607
8815.960368721553,1.0979040318136306,1.1027515026742283
8817.341339311964,0.021798436153016354,1.0832852680542806
8818.722309902376,-0.9115094693030166,1.0063906202804607
8820.103280492787,-1.58931434304154,0.8861195763686672
8821.484251083199,-1.1675562688141916,0.7325213279256565
8822.86522167361,-1.2500825345876194,0.6548561555704916
8824.246192264021,-1.3420471742169582,0.6243758776099034
8825.627162854433,-0.3584709622806095,0.6272884663653338
8827.008133444844,-0.21178965090687996,0.7496026408647836
8828.389104035256,-0.3596096895129932,0.8962232726398588
8829.770074625667,-0.3853678057819252,0.9704628238325911
8831.151045216078,-0.06102539459159928,0.9290932582423144
8832.53201580649,0.21673201872953385,0.8622073560556399
8833.912986396901,0.1432808279593658,0.8159715849959666
8835.293956987312,1.30781222206814,0.8529748164729873
8836.674927577724,1.9194018200215481,0.9257409849824295
8838.055898168135,1.035813694612429,1.0319281573857122
8839.436868758547,1.0021828928489853,1.066795977076522
8840.817839348958,0.9207825749372347,1.077838043669187
8842.19880993937,0.5960213059067456,1.0683041875244295
8843.57978052978,0.010050947849805425,1.0398104918355429
8844.960751120192,-0.06078284672496892,1.0075128799642312
8846.341721710603,0.5078874630758357,0.9723563109313162
8847.722692301015,-1.020183872718384,0.9446371689246122
8849.103662891426,-0.6707330622321521,0.948765011039263
8850.484633481838,1.4575863656881438,0.9851046886955485
8851.865604072249,0.9802961998004918,1.0630071371013565
8853.24657466266,0.029511694947132128,1.081462536761395
8854.627545253072,-1.1419095994508446,1.0568781474316267
8856.008515843481,-0.5681895190976611,1.0856103819504659
8857.389486433893,0.22853049474617748,1.0859386090909227
8858.770457024304,0.9151394257055969,1.0680965746064301
8860.151427614715,-0.1727254467367274,1.0542205730246652
8861.532398205127,-0.1197032758594041,1.0024783626628293
8862.913368795538,0.4362494920309672,0.9336639543315051
8864.29433938595,0.4836439179091876,0.8816618994606219
8865.675309976361,0.23597719706198816,0.8988179228493974
8867.056280566772,-0.0789418607201462,0.9563494550045916
8868.437251157184,-0.13403252759657036,1.0494575739742664
8869.818221747595,-0.09385066218635174,1.084358071124676
8871.199192338006,0.039924488848139816,1.0936215148603805
8872.580162928418,0.4882120473133966,1.0891202766747785
8873.96113351883,0.38334474948487696,1.0926786452916852
8875.34210410924,0.05568098694672585,1.093498852337693
8876.723074699652,-0.4070903166212645,1.0824602051719432
8878.104045290063,-0.40112078121730477,0.9907532891059475
8879.485015880475,-0.10613501840078499,0.8652136760363328
8880.865986470886,0.5862237489108857,0.7084942142616577
8882.246957061298,1.0828313362809787,0.6704968504400799
8883.627927651709,1.1852771841464467,0.6749053990010897
8885.00889824212,0.7153390150314891,0.7168483184641435
8886.389868832532,1.1482772375898556,0.8402706733554219
8887.770839422943,1.258886800836958,0.9559299126898646
8889.151810013354,0.7275739504817622,1.0470201845754055
8890.532780603766,0.6262788103862746,1.0732594863921636
8891.913751194177,0.9337834425479166,1.0772822492541263
8893.294721784589,1.706276267420911,1.0599081272861055
8894.675692375,1.1076240220772497,1.0548040556609686
8896.056662965411,-0.17770539631522198,1.0339726712868913
8897.437633555823,-2.1509622718280283,0.9958752989768982
