wave,flux,uncertainty
4000.9216083802626,0.0,316.227783203125
4002.33247737427,-2.387864073832846e-05,316.227783203125
4003.743346368278,-0.0002938187113756003,316.227783203125
4005.1542153622854,-0.0005970155501430884,316.227783203125
4006.5650843562926,-0.0005598119388965043,316.227783203125
4007.9759533503,-0.0002201714456104894,316.227783203125
4009.386822344308,9.552244787365029e-05,316.227783203125
4010.7976913383154,0.00028180202443869873,316.227783203125
4012.208560332323,0.0004207051829757877,316.227783203125
4013.6194293263306,0.0004678609974741073,316.227783203125
4015.0302983203383,0.0005064442676465195,316.227783203125
4016.441167314346,0.0005030325795652903,316.227783203125
4017.852036308353,0.0005312504237727066,316.227783203125
4019.2629053023607,0.0005832474386172157,316.227783203125
4020.6737742963683,0.0005583756482278011,316.227783203125
4022.084643290376,0.0004719994407916678,316.227783203125
4023.4955122843835,0.00039831036177881765,316.227783203125
4024.906381278391,0.00044535796030207957,316.227783203125
4026.3172502723987,0.0005540216201004589,316.227783203125
4027.7281192664063,0.0005318896602650707,316.227783203125
4029.1389882604135,0.00010801398409412966,316.227783203125
4030.549857254421,-0.0004908996679644263,316.227783203125
4031.9607262484287,-0.0008519362204381254,316.227783203125
4033.3715952424363,-0.0008457145576452035,316.227783203125
4034.782464236444,-0.0004017391510836108,316.227783203125
4036.1933332304516,0.00022092563369856266,316.227783203125
4037.604202224459,0.0006691233485892224,316.227783203125
4039.015071218467,0.0007775257513049742,316.227783203125
4040.425940212474,0.000593255813256378,316.227783203125
4041.8368092064816,0.0002160935636044397,316.227783203125
4043.247678200489,-0.0004172595393915103,316.227783203125
4044.658547194497,-0.0010290521695788101,316.227783203125
4046.0694161885044,-0.0010527780970367804,316.227783203125
4047.480285182512,-0.00048461321268829585,316.227783203125
4048.8911541765196,0.0001662879739255385,316.227783203125
4050.3020231705273,0.0005229376667522673,316.227783203125
4051.7128921645344,0.0005091852874848611,316.227783203125
4053.123761158542,0.00025462904540490827,316.227783203125
4054.5346301525497,-7.001108906052982e-05,316.227783203125
4055.9454991465573,-0.0003134043351051344,316.227783203125
4057.356368140565,-0.0004300276903544953,316.227783203125
4058.7672371345725,-0.00037786554844300956,316.227783203125
4060.17810612858,-0.0003383836408783897,316.227783203125
4061.5889751225877,-0.0005918364900214176,316.227783203125
4062.999844116595,-0.000940654185310497,316.227783203125
4064.4107131106025,-0.0009373928610930497,316.227783203125
4065.82158210461,-0.000642439656808531,316.227783203125
4067.2324510986177,-0.0002990707407994654,316.227783203125
4068.6433200926253,-8.172650537680362e-05,316.227783203125
4070.054189086633,-9.66143695778493e-05,316.227783203125
4071.4650580806406,-0.0002371997223006555,316.227783203125
4072.8759270746477,-0.00026566877951440283,316.227783203125
4074.2867960686553,-0.0003441156847673651,316.227783203125
4075.697665062663,-0.0006230989221076063,316.227783203125
4077.1085340566706,-0.000769422566603362,316.227783203125
4078.519403050678,-0.0004529212291550823,316.227783203125
4079.930272044686,7.096416142049304e-05,316.227783203125
4081.3411410386934,0.0004268532284491481,316.227783203125
4082.752010032701,0.0004782227948243404,316.227783203125
4084.162879026708,0.00047711603991395547,316.227783203125
4085.573748020716,0.0006385586832330769,316.227783203125
4086.9846170147234,0.0009648755359840371,316.227783203125
4088.395486008731,0.0011939069074343497,316.227783203125
4089.8063550027387,0.0011424160475851305,316.227783203125
4091.2172239967463,0.0009292681415748807,316.227783203125
4092.628092990754,0.000606107142552088,316.227783203125
4094.0389619847615,0.0002235892554395668,316.227783203125
4095.4498309787687,-0.0002662899011147239,316.227783203125
4096.860699972776,-0.0007360895534964992,316.227783203125
4098.271568966784,-0.0011232646390781746,316.227783203125
4099.6824379607915,-0.0016513028728809328,316.227783203125
4101.093306954799,-0.0022251447071751397,316.227783203125
4102.504175948807,-0.0019740186029184297,316.227783203125
4103.915044942814,-0.0011627101877747289,316.227783203125
4105.325913936822,-0.0005689690910660704,316.227783203125
4106.73678293083,-0.00022058238037386997,316.227783203125
4108.147651924837,-0.00010320976843941967,316.227783203125
4109.558520918845,-0.00010353224034671642,316.227783203125
4110.969389912852,-5.732572322133568e-05,316.227783203125
4112.380258906859,0.0001220123510118163,316.227783203125
4113.791127900867,0.0003743485637241178,316.227783203125
4115.201996894874,0.0004953307738419874,316.227783203125
4116.612865888882,0.0004298963151247639,316.227783203125
4118.02373488289,0.00025953729981124767,316.227783203125
4119.434603876897,0.00011626442845288215,316.227783203125
4120.845472870905,0.00011513234828582596,316.227783203125
4122.256341864912,0.00018859637033021362,316.227783203125
4123.66721085892,0.0002794267150457736,316.227783203125
4125.078079852928,0.00030016923794934196,316.227783203125
4126.488948846935,0.00016170758070065995,316.227783203125
4127.899817840943,-7.347339447515318e-05,316.227783203125
4129.3106868349505,-0.0003236458692584959,316.227783203125
4130.721555828958,-0.0005682541062168017,316.227783203125
4132.132424822966,-0.0007389255610347912,316.227783203125
4133.543293816972,-0.0006079239752795288,316.227783203125
4134.95416281098,-0.0002347682908789353,316.227783203125
4136.365031804988,0.00014784084148131843,316.227783203125
4137.775900798995,0.00037019274509185116,316.227783203125
4139.186769793003,0.0003111225622176462,316.227783203125
4140.5976387870105,-1.22499089993712e-05,316.227783203125
4142.008507781018,-0.0005452234248177704,316.227783203125
4143.419376775026,-0.0008659798636715225,316.227783203125
4144.830245769033,-0.0007072953310279569,316.227783203125
4146.241114763041,-0.00043240889091806546,316.227783203125
4147.651983757049,-0.00031490815964302886,316.227783203125
4149.062852751056,-0.0003491224047786935,316.227783203125
4150.473721745064,-0.00046406018261498094,316.227783203125
4151.884590739071,-0.0005591813130990109,316.227783203125
4153.295459733079,-0.0006388856462913248,316.227783203125
4154.706328727087,-0.0006556853976991701,316.227783203125
4156.117197721093,-0.0005173892310453825,316.227783203125
4157.528066715101,-0.00025997023044352363,316.227783203125
4158.938935709109,3.70340782775945e-05,316.227783203125
4160.349804703116,0.00028829660415830016,316.227783203125
4161.760673697124,0.00045293364161779794,316.227783203125
4163.171542691131,0.0004358229290838886,316.227783203125
4164.582411685139,0.00029018130232783684,316.227783203125
4165.993280679147,0.00010245189754012202,316.227783203125
4167.404149673154,-7.639375379255367e-05,316.227783203125
4168.815018667162,-0.00015886001595677435,316.227783203125
4170.2258876611695,-0.00029594298849642577,316.227783203125
4171.636756655177,-0.0006372827372082505,316.227783203125
4173.047625649185,-0.0008896485451053027,316.227783203125
4174.458494643192,-0.0008813277909651609,316.227783203125
4175.8693636372,-0.0007630093916408485,316.227783203125
4177.280232631207,-0.0006298698152382518,316.227783203125
4178.691101625214,-0.0004595731142464244,316.227783203125
4180.101970619222,-0.0003216273050173409,316.227783203125
4181.5128396132295,-0.00021323902962410574,316.227783203125
4182.923708607237,-9.318864626478747e-05,316.227783203125
4184.334577601245,1.7109357269924977e-05,316.227783203125
4185.745446595252,9.15410477550331e-06,316.227783203125
4187.15631558926,-7.991768785873057e-05,316.227783203125
4188.567184583268,-1.782677966784968e-05,316.227783203125
4189.978053577275,0.00015953745639965024,316.227783203125
4191.388922571283,0.00031037247238985266,316.227783203125
4192.79979156529,0.0003305836413842068,316.227783203125
4194.210660559298,7.650922717661324e-05,316.227783203125
4195.621529553306,-0.0003066998901793058,316.227783203125
4197.032398547313,-0.0006309064575263021,316.227783203125
4198.443267541321,-0.0007921107664938358,316.227783203125
4199.854136535328,-0.0008067134499827096,316.227783203125
4201.265005529335,-0.0006750469671465507,316.227783203125
4202.675874523343,-0.0004176371194541048,316.227783203125
4204.08674351735,-5.212815936745524e-05,316.227783203125
4205.497612511358,0.00029647757982938575,316.227783203125
4206.908481505366,0.0005867570230774031,316.227783203125
4208.319350499373,0.0006720338667804936,316.227783203125
4209.730219493381,0.0006461579558626716,316.227783203125
4211.1410884873885,0.0005585735507072677,316.227783203125
4212.551957481396,0.0003961036732267262,316.227783203125
4213.962826475404,0.00019197591283280288,316.227783203125
4215.373695469411,0.00015581483205901435,316.227783203125
4216.784564463419,0.00044145064574255787,316.227783203125
4218.195433457427,0.0008594679398449528,316.227783203125
4219.606302451434,0.0010695386996070685,316.227783203125
4221.017171445442,0.0008247414968467846,316.227783203125
4222.4280404394485,0.00016444531898561487,316.227783203125
4223.838909433456,-0.0008400922451225774,316.227783203125
4225.249778427464,-0.0017031969294077753,316.227783203125
4226.660647421471,-0.0018563673920677908,316.227783203125
4228.071516415479,-0.0012430905153702418,316.227783203125
4229.482385409487,-0.00036900975766667246,316.227783203125
4230.893254403494,0.00022598048221359433,316.227783203125
4232.304123397502,0.00037331125331192816,316.227783203125
4233.714992391509,0.00024601070763911013,316.227783203125
4235.125861385517,8.92885795088106e-05,316.227783203125
4236.536730379525,3.3399002082136475e-05,316.227783203125
4237.947599373532,0.0001025160853094214,316.227783203125
4239.35846836754,0.0003599111639564813,316.227783203125
4240.7693373615475,0.0006778432789445142,316.227783203125
4242.180206355555,0.0009899638395593994,316.227783203125
4243.591075349563,0.001194305589363405,316.227783203125
4245.001944343569,0.0011830939003951019,316.227783203125
4246.412813337577,0.0008553327681616388,316.227783203125
4247.823682331585,0.0003555994616600555,316.227783203125
4249.234551325592,1.188183407414313e-05,316.227783203125
4250.6454203196,-0.00011151599257948168,316.227783203125
4252.0562893136075,-7.356031022253719e-05,316.227783203125
4253.467158307615,-1.8032476594563585e-05,316.227783203125
4254.878027301623,9.010271372102488e-05,316.227783203125
4256.28889629563,0.000233227113523915,316.227783203125
4257.699765289638,0.00019574568468821475,316.227783203125
4259.110634283646,-9.110014341529374e-06,316.227783203125
4260.521503277653,0.0,316.227783203125
4261.932372271661,0.00045557650164389576,316.227783203125
4263.343241265668,0.0010044736132429587,316.227783203125
4264.754110259676,0.0012650639379814064,316.227783203125
4266.164979253683,0.0011404277450798063,316.227783203125
4267.57584824769,0.0006347711125724992,316.227783203125
4268.986717241698,-0.00011380589546810052,316.227783203125
4270.397586235706,-0.0008444665105954013,316.227783203125
4271.808455229713,-0.0012573550520604895,316.227783203125
4273.219324223721,-0.0012526497241730616,316.227783203125
4274.630193217728,-0.0008424208586914304,316.227783203125
4276.041062211736,-0.00024831336866843953,316.227783203125
4277.451931205744,0.00024721197457306353,316.227783203125
4278.862800199751,0.0003973100737521447,316.227783203125
4280.273669193759,0.00033121825566751265,316.227783203125
4281.6845381877665,0.00023453706421328394,316.227783203125
4283.095407181774,0.00011342093488127605,316.227783203125
4284.506276175782,-8.059281044712693e-05,316.227783203125
4285.917145169789,-0.000427945946105842,316.227783203125
4287.328014163797,-0.0008031991571807989,316.227783203125
4288.738883157804,-0.0011130421865945834,316.227783203125
4290.149752151811,-0.0011847274426456354,316.227783203125
4291.560621145819,-0.0009468029881670344,316.227783203125
4292.9714901398265,-0.0007122154958610245,316.227783203125
4294.382359133834,-0.0007642030758361878,316.227783203125
4295.793228127842,-0.0011224371913391758,316.227783203125
4297.204097121849,-0.0017174120382130679,316.227783203125
4298.614966115857,-0.0024380584857478915,316.227783203125
4300.025835109865,-0.002919949279690845,316.227783203125
4301.436704103872,-0.0030542591663138084,316.227783203125
4302.84757309788,-0.0030438844097356987,316.227783203125
4304.258442091887,-0.0031021709264773788,316.227783203125
4305.669311085895,-0.0032682774051332446,316.227783203125
4307.080180079903,-0.0034552047525202457,316.227783203125
4308.49104907391,-0.0033984645954003283,316.227783203125
4309.901918067917,-0.003003728003234278,316.227783203125
4311.312787061925,-0.0022679885661846533,316.227783203125
4312.723656055932,-0.0013542326014469204,316.227783203125
4314.13452504994,-0.00025321288922336774,316.227783203125
4315.545394043947,0.0008039202554283274,316.227783203125
4316.956263037955,0.0014591034069374922,316.227783203125
4318.367132031963,0.0016147922712025989,316.227783203125
4319.77800102597,0.0013358225641156487,316.227783203125
4321.188870019978,0.0006550900641580665,316.227783203125
4322.5997390139855,-0.00025956799766799557,316.227783203125
4324.010608007993,-0.001018859430647067,316.227783203125
4325.421477002001,-0.001212274507486259,316.227783203125
4326.832345996008,-0.000654966815053698,316.227783203125
4328.243214990016,0.00019858298052169605,316.227783203125
4329.654083984024,0.0007951537959758476,316.227783203125
4331.064952978031,0.0010848933928418285,316.227783203125
4332.475821972038,0.0012084701247179266,316.227783203125
4333.8866909660455,0.001071612809973992,316.227783203125
4335.297559960053,0.0005381459007417731,316.227783203125
4336.708428954061,-0.0002276167791632252,316.227783203125
4338.119297948068,-0.0011846795510921174,316.227783203125
4339.530166942076,-0.0022222427837920358,316.227783203125
4340.941035936084,-0.002121225845646975,316.227783203125
4342.351904930091,-0.0010061911822419247,316.227783203125
4343.762773924099,-0.00025149226608659793,316.227783203125
4345.173642918106,0.00016118066504978296,316.227783203125
4346.584511912114,0.00054792518863238,316.227783203125
4347.995380906122,0.0006963649281177108,316.227783203125
4349.406249900129,0.00046374445661103575,316.227783203125
4350.817118894137,-1.845791841811363e-05,316.227783203125
4352.2279878881445,-0.00030718956953541474,316.227783203125
4353.638856882151,-0.00026156442445303407,316.227783203125
4355.049725876159,7.12894424024467e-05,316.227783203125
4356.4605948701665,0.00037965108391536245,316.227783203125
4357.871463864174,0.0005701548672216953,316.227783203125
4359.282332858182,0.0007068500096233318,316.227783203125
4360.693201852189,0.0009515173334617658,316.227783203125
4362.104070846197,0.0012054171449043336,316.227783203125
4363.5149398402045,0.0013464361517839304,316.227783203125
4364.925808834212,0.0013502043444977557,316.227783203125
4366.33667782822,0.0010694941902338467,316.227783203125
4367.747546822227,0.0006565847954276369,316.227783203125
4369.158415816235,0.00043855132296736696,316.227783203125
4370.569284810243,0.0002423314171219864,316.227783203125
4371.98015380425,-5.101851475556793e-05,316.227783203125
4373.391022798258,-0.0003398212820898104,316.227783203125
4374.801891792265,-0.00047761556241836776,316.227783203125
4376.212760786273,-0.00031340219909273444,316.227783203125
4377.62362978028,-0.00011026449741761632,316.227783203125
4379.034498774287,-0.00020736369307348262,316.227783203125
4380.445367768295,-0.0007775589755146042,316.227783203125
4381.856236762303,-0.0016535696158440846,316.227783203125
4383.26710575631,-0.002293301073131632,316.227783203125
4384.677974750318,-0.0022794930051924685,316.227783203125
4386.0888437443255,-0.0017531697213204068,316.227783203125
4387.499712738333,-0.001299665739184802,316.227783203125
4388.910581732341,-0.0009994616204076906,316.227783203125
4390.321450726348,-0.0008694816479954265,316.227783203125
4391.732319720356,-0.0006989009857787266,316.227783203125
4393.1431887143635,-0.0005510665073662855,316.227783203125
4394.554057708371,-0.000332405563659011,316.227783203125
4395.964926702379,-3.46395577193858e-05,316.227783203125
4397.3757956963855,0.00010386578767060395,316.227783203125
4398.786664690393,0.0,316.227783203125
4400.197533684401,-0.00028452386375369537,316.227783203125
4401.608402678408,-0.0006195972515254892,316.227783203125
4403.019271672416,-0.0010210691363108822,316.227783203125
4404.4301406664235,-0.0013619400737813984,316.227783203125
4405.841009660431,-0.0013436116938693992,316.227783203125
4407.251878654439,-0.0010491639803441605,316.227783203125
4408.662747648446,-0.00048095765685345765,316.227783203125
4410.073616642454,9.620807219774992e-05,316.227783203125
4411.484485636462,0.00041628331227542767,316.227783203125
4412.895354630469,0.0003179500022123631,316.227783203125
4414.306223624477,-4.917897587022359e-05,316.227783203125
4415.7170926184845,-0.0001500643173017492,316.227783203125
4417.127961612492,7.099220823252213e-05,316.227783203125
4418.5388306065,0.00042004393055281725,316.227783203125
4419.949699600507,0.0005146138387193116,316.227783203125
4421.360568594514,0.00039886229436050455,316.227783203125
4422.771437588522,0.0002460929634197969,316.227783203125
4424.182306582529,0.00018700837673936432,316.227783203125
4425.593175576537,0.00022118261241258624,316.227783203125
4427.0040445705445,0.00011189860190317924,316.227783203125
4428.414913564552,0.00011986619698449441,316.227783203125
4429.82578255856,1.1093037091812474e-05,316.227783203125
4431.236651552567,-0.00013067398213661985,316.227783203125
4432.647520546575,-0.0003347599313549207,316.227783203125
4434.0583895405825,-0.0005011616567205963,316.227783203125
4435.46925853459,-0.0004041442479267264,316.227783203125
4436.880127528598,1.55978636924535e-05,316.227783203125
4438.290996522605,0.00039602359538198906,316.227783203125
4439.701865516613,0.00046258227692732787,316.227783203125
4441.112734510621,0.00024806345281253375,316.227783203125
4442.523603504627,0.00014924522525257104,316.227783203125
4443.934472498635,0.0003616681076390963,316.227783203125
4445.345341492643,0.0007201072709056341,316.227783203125
4446.75621048665,0.0009332126428151215,316.227783203125
4448.167079480658,0.0009674819260535074,316.227783203125
4449.577948474665,0.0008471253771212169,316.227783203125
4450.988817468673,0.0005476860598774991,316.227783203125
4452.399686462681,7.229034101914611e-05,316.227783203125
4453.810555456688,-0.00046559522360035445,316.227783203125
4455.221424450696,-0.0009179437759941345,316.227783203125
4456.6322934447035,-0.001091622024229787,316.227783203125
4458.043162438711,-0.0011396597725777582,316.227783203125
4459.454031432719,-0.0011452596796482188,316.227783203125
4460.864900426726,-0.0010390204100869122,316.227783203125
4462.275769420734,-0.0007601332261046347,316.227783203125
4463.6866384147415,-0.0004034673183734398,316.227783203125
4465.097507408748,-0.00017800220777384676,316.227783203125
4466.508376402756,-0.00017719090407758778,316.227783203125
4467.9192453967635,-0.00014453584171128346,316.227783203125
4469.330114390771,-4.7329901547018063e-05,316.227783203125
4470.740983384779,0.00012928719855026007,316.227783203125
4472.151852378786,0.0005270820599856847,316.227783203125
4473.562721372794,0.000806752458214384,316.227783203125
4474.973590366802,0.0010266735914288509,316.227783203125
4476.384459360809,0.0010002909461425402,316.227783203125
4477.795328354817,0.0008343391105207782,316.227783203125
4479.206197348824,0.0003477884258743947,316.227783203125
4480.617066342832,-9.417351628342174e-06,316.227783203125
4482.02793533684,0.0,316.227783203125
4483.438804330847,0.00038151694933481056,316.227783203125
4484.849673324855,0.0007225391375194762,316.227783203125
4486.260542318862,0.000707696846602027,316.227783203125
4487.671411312869,0.00043251988928530785,316.227783203125
4489.082280306877,0.00011102162340837461,316.227783203125
4490.493149300884,-3.953908714638722e-05,316.227783203125
4491.904018294892,-8.035140070195707e-05,316.227783203125
4493.3148872889,-0.00021017060273628707,316.227783203125
4494.725756282907,-0.00030519075481331114,316.227783203125
4496.136625276915,-0.0002001427523027413,316.227783203125
4497.5474942709225,0.00011324548013284808,316.227783203125
4498.95836326493,0.00042775584233007737,316.227783203125
4500.369232258938,0.0006690248957291669,316.227783203125
4501.780101252945,0.0009412427868290933,316.227783203125
4503.190970246953,0.0012774023812377744,316.227783203125
4504.6018392409605,0.00151247165349086,316.227783203125
4506.012708234968,0.0015143506985926952,316.227783203125
4507.423577228976,0.001404661067646253,316.227783203125
4508.834446222983,0.0013146534544167011,316.227783203125
4510.24531521699,0.0011433629934468545,316.227783203125
4511.656184210998,0.0008608930805335605,316.227783203125
4513.067053205005,0.0005687082657013804,316.227783203125
4514.477922199013,0.00036467530149067624,316.227783203125
4515.888791193021,0.00032285050434248917,316.227783203125
4517.299660187028,0.00036345853275206175,316.227783203125
4518.710529181036,0.0004513011531490415,316.227783203125
4520.121398175043,0.0005421727515394475,316.227783203125
4521.532267169051,0.00043491242213899474,316.227783203125
4522.943136163059,8.662113973566428e-05,316.227783203125
4524.354005157066,-0.00040660519919340915,316.227783203125
4525.764874151074,-0.0009404575409740264,316.227783203125
4527.1757431450815,-0.0014352556931712564,316.227783203125
4528.586612139089,-0.0016876066314708386,316.227783203125
4529.997481133096,-0.0016561949352591303,316.227783203125
4531.408350127103,-0.0015264809034733415,316.227783203125
4532.819219121111,-0.0014362253894571152,316.227783203125
4534.230088115119,-0.0012589860659839823,316.227783203125
4535.640957109126,-0.0008747932352850506,316.227783203125
4537.051826103134,-0.0003614525803765662,316.227783203125
4538.4626950971415,-1.9267046429792198e-05,316.227783203125
4539.873564091149,5.0382689199606964e-05,316.227783203125
4541.284433085157,2.6704902777964154e-05,316.227783203125
4542.695302079164,-1.96657806489052e-05,316.227783203125
4544.106171073172,-0.00011553097606002184,316.227783203125
4545.51704006718,-0.00026282382875813214,316.227783203125
4546.927909061187,-0.00040503765686519984,316.227783203125
4548.338778055195,-0.000544110487051979,316.227783203125
4549.749647049202,-0.0005899670061323987,316.227783203125
4551.16051604321,-0.0005488828078050057,316.227783203125
4552.571385037218,-0.0004929190015887531,316.227783203125
4553.982254031224,-0.0003541632767896964,316.227783203125
4555.393123025232,-5.162827891643136e-05,316.227783203125
4556.80399201924,0.0003560230233510542,316.227783203125
4558.214861013247,0.0006954216493758811,316.227783203125
4559.625730007255,0.000866140548940646,316.227783203125
4561.036599001262,0.0008277275812533409,316.227783203125
4562.44746799527,0.0005871145755576117,316.227783203125
4563.858336989278,0.00033791908235885314,316.227783203125
4565.269205983285,0.00030577320582713015,316.227783203125
4566.680074977293,0.0004780055053077749,316.227783203125
4568.0909439713005,0.0006183078721852114,316.227783203125
4569.501812965308,0.0005988881643383005,316.227783203125
4570.912681959316,0.0004888185244584734,316.227783203125
4572.323550953323,0.0005256627502637275,316.227783203125
4573.73441994733,0.0006217181368243178,316.227783203125
4575.145288941338,0.0006479068179005999,316.227783203125
4576.556157935345,0.0005130584595175649,316.227783203125
4577.967026929353,0.0002246306246229575,316.227783203125
4579.3778959233605,-0.00010549285760682453,316.227783203125
4580.788764917368,-0.0002930740048437356,316.227783203125
4582.199633911376,-0.00035364082023574966,316.227783203125
4583.610502905383,-0.0002838265967045339,316.227783203125
4585.021371899391,-0.00017471316222538412,316.227783203125
4586.432240893399,6.337946549894377e-06,316.227783203125
4587.843109887406,0.00024050895644612234,316.227783203125
4589.253978881414,0.0003316895088756929,316.227783203125
4590.664847875421,0.00023208499833520836,316.227783203125
4592.075716869429,2.0782976443051854e-05,316.227783203125
4593.486585863437,-0.00013929844268001715,316.227783203125
4594.897454857444,-0.00020837696749429098,316.227783203125
4596.308323851452,-0.0002164021458608712,316.227783203125
4597.7191928454595,-0.00017419548657879487,316.227783203125
4599.130061839466,-0.00014346510472782598,316.227783203125
4600.540930833474,-0.0001052919943456826,316.227783203125
4601.951799827481,-4.235040857277633e-05,316.227783203125
4603.362668821489,5.339272147801381e-05,316.227783203125
4604.773537815497,0.00022051282746848866,316.227783203125
4606.184406809504,0.0004881738930046422,316.227783203125
4607.595275803512,0.0008412657893422694,316.227783203125
4609.0061447975195,0.0010533734515679443,316.227783203125
4610.417013791527,0.0010745155816210463,316.227783203125
4611.827882785535,0.0009736639400068931,316.227783203125
4613.238751779542,0.0009429400134842655,316.227783203125
4614.64962077355,0.000984770893570422,316.227783203125
4616.060489767558,0.0010252354018304363,316.227783203125
4617.471358761564,0.0010315620836039308,316.227783203125
4618.882227755572,0.000992901096741888,316.227783203125
4620.2930967495795,0.0010094143984702274,316.227783203125
4621.703965743587,0.0010393877719166895,316.227783203125
4623.114834737595,0.0010334590614572772,316.227783203125
4624.525703731602,0.0009694595538391956,316.227783203125
4625.93657272561,0.0009175164591154021,316.227783203125
4627.347441719618,0.0008869423557342701,316.227783203125
4628.758310713625,0.0008633360899589874,316.227783203125
4630.169179707633,0.0008309683374088384,316.227783203125
4631.58004870164,0.0007511881231769962,316.227783203125
4632.990917695648,0.000593069401143044,316.227783203125
4634.401786689656,0.0003990849342488008,316.227783203125
4635.812655683663,0.00019900710703185318,316.227783203125
4637.223524677671,-1.7194128337384013e-06,316.227783203125
4638.6343936716785,-0.0001176213347137689,316.227783203125
4640.045262665686,-0.0001263995867399302,316.227783203125
4641.456131659694,-9.108388249910379e-05,316.227783203125
4642.8670006537,-0.00015566035903235263,316.227783203125
4644.277869647708,-0.0004038569591956545,316.227783203125
4645.688738641716,-0.0006969752951516469,316.227783203125
4647.099607635723,-0.0008065543595915485,316.227783203125
4648.510476629731,-0.0006651691872998668,316.227783203125
4649.9213456237385,-0.00037103626339451273,316.227783203125
4651.332214617746,-0.00013187542585812312,316.227783203125
4652.743083611754,-4.814184935413891e-05,316.227783203125
4654.153952605761,-4.5231505874307465e-05,316.227783203125
4655.564821599769,2.876440687089865e-06,316.227783203125
4656.975690593777,0.00023804565282312118,316.227783203125
4658.386559587784,0.000553270600500257,316.227783203125
4659.797428581792,0.0006924997620005036,316.227783203125
4661.208297575799,0.0005138815047538523,316.227783203125
4662.619166569806,9.541918358401888e-05,316.227783203125
4664.030035563814,-0.0004131808015015344,316.227783203125
4665.440904557821,-0.0009445980468998898,316.227783203125
4666.851773551829,-0.0012997912995365256,316.227783203125
4668.262642545837,-0.0013113095177081958,316.227783203125
4669.673511539844,-0.0009623225290807339,316.227783203125
4671.084380533852,-0.00058880410313337,316.227783203125
4672.495249527859,-0.00032768986083598836,316.227783203125
4673.906118521867,-0.00017548083503625238,316.227783203125
4675.316987515875,-0.00014223779001832672,316.227783203125
4676.727856509882,-0.00017258125673199308,316.227783203125
4678.13872550389,-0.0003680780147783877,316.227783203125
4679.5495944978975,-0.0005313068261477445,316.227783203125
4680.960463491905,-0.0005753065977493633,316.227783203125
4682.371332485913,-0.0004681760229819521,316.227783203125
4683.78220147992,-0.00036782343916867515,316.227783203125
4685.193070473928,-0.00026316973089320767,316.227783203125
4686.603939467935,-0.00024117535118764813,316.227783203125
4688.014808461942,-0.0002774454544784647,316.227783203125
4689.42567745595,-0.0003151178442809231,316.227783203125
4690.8365464499575,-0.0003451707429215269,316.227783203125
4692.247415443965,-0.00033091629996248595,316.227783203125
4693.658284437973,-0.00024412333139493987,316.227783203125
4695.06915343198,-0.00020144564905676815,316.227783203125
4696.480022425988,-0.0003190155289425102,316.227783203125
4697.890891419996,-0.0005670626375420002,316.227783203125
4699.301760414003,-0.00081308216951303,316.227783203125
4700.712629408011,-0.0009619258012296024,316.227783203125
4702.123498402018,-0.0010357964381342705,316.227783203125
4703.534367396026,-0.0010036008617203811,316.227783203125
4704.945236390034,-0.0009002352492258562,316.227783203125
4706.35610538404,-0.0008945497691889188,316.227783203125
4707.766974378048,-0.0008825323024823015,316.227783203125
4709.177843372056,-0.0008239951824636337,316.227783203125
4710.588712366063,-0.0006636062037807863,316.227783203125
4711.999581360071,-0.0005316238669523989,316.227783203125
4713.410450354078,-0.0004843015248751862,316.227783203125
4714.821319348086,-0.000353075769132365,316.227783203125
4716.232188342094,-3.70972453217662e-05,316.227783203125
4717.643057336101,0.0003118199883746335,316.227783203125
4719.053926330109,0.0005658573330047968,316.227783203125
4720.4647953241165,0.0006710999786393931,316.227783203125
4721.875664318124,0.0006554312272101584,316.227783203125
4723.286533312132,0.0005840179546920572,316.227783203125
4724.697402306139,0.00038720325776148146,316.227783203125
4726.108271300147,3.335357576601111e-05,316.227783203125
4727.519140294155,-0.00039952778228059295,316.227783203125
4728.930009288162,-0.0007193010405698533,316.227783203125
4730.340878282169,-0.000755656961110145,316.227783203125
4731.7517472761765,-0.0006093402477993677,316.227783203125
4733.162616270184,-0.0004226121656676976,316.227783203125
4734.573485264192,-0.00030601349253369693,316.227783203125
4735.984354258199,-0.00015402563247944936,316.227783203125
4737.395223252207,-1.2171502695626502e-05,316.227783203125
4738.806092246215,0.00018176466172337494,316.227783203125
4740.216961240222,0.0003086136583649486,316.227783203125
4741.62783023423,0.00039788028789973506,316.227783203125
4743.038699228237,0.0005083610604853829,316.227783203125
4744.449568222245,0.0006273770785333796,316.227783203125
4745.860437216253,0.0007176251163806616,316.227783203125
4747.27130621026,0.0007972295015610531,316.227783203125
4748.682175204268,0.0008149959606791636,316.227783203125
4750.093044198275,0.0007377795641318428,316.227783203125
4751.503913192282,0.0005929569456896606,316.227783203125
4752.91478218629,0.00040762638658714545,316.227783203125
4754.325651180297,0.00028331863538678254,316.227783203125
4755.736520174305,0.00023529574418682322,316.227783203125
4757.147389168313,0.0002598858292996425,316.227783203125
4758.55825816232,0.00027832178148514027,316.227783203125
4759.969127156328,0.00017051184130858522,316.227783203125
4761.3799961503355,-4.997642252234889e-05,316.227783203125
4762.790865144343,-0.0003159913241530324,316.227783203125
4764.201734138351,-0.0005017527719056013,316.227783203125
4765.612603132358,-0.0005375899403634379,316.227783203125
4767.023472126366,-0.00038074229593399594,316.227783203125
4768.434341120374,-0.00013663156270718284,316.227783203125
4769.845210114381,6.761683844251458e-05,316.227783203125
4771.256079108389,0.0002092200042290663,316.227783203125
4772.666948102396,0.00035153115954058775,316.227783203125
4774.077817096404,0.0005390598727829377,316.227783203125
4775.488686090411,0.0006752740759490942,316.227783203125
4776.899555084418,0.0006960660132044778,316.227783203125
4778.310424078426,0.0006194079213491695,316.227783203125
4779.721293072434,0.0004519934845445134,316.227783203125
4781.132162066441,0.0002566826765132389,316.227783203125
4782.543031060449,5.77976887496251e-05,316.227783203125
4783.953900054456,-8.58197693076046e-05,316.227783203125
4785.364769048464,-0.0001722340907556099,316.227783203125
4786.775638042472,-0.00018205326179579484,316.227783203125
4788.186507036479,-0.00012270334948233028,316.227783203125
4789.597376030487,3.58976465616688e-05,316.227783203125
4791.0082450244945,0.00026944341445434353,316.227783203125
4792.419114018502,0.000563456893325185,316.227783203125
4793.829983012509,0.0008311391840779211,316.227783203125
4795.240852006516,0.0009267001650946627,316.227783203125
4796.651721000524,0.0008375341647365031,316.227783203125
4798.062589994532,0.0006631905986069914,316.227783203125
4799.473458988539,0.0005390553964527145,316.227783203125
4800.884327982547,0.0005648169308475233,316.227783203125
4802.2951969765545,0.0006332138617047046,316.227783203125
4803.706065970562,0.000564727221241984,316.227783203125
4805.11693496457,0.0004195177235445137,316.227783203125
4806.527803958577,0.0002556652938304031,316.227783203125
4807.938672952585,0.00018958249094520527,316.227783203125
4809.349541946593,0.00023286994942418524,316.227783203125
4810.7604109406,0.0003245559616169118,316.227783203125
4812.171279934608,0.00042291348894866673,316.227783203125
4813.582148928615,0.0005072021145043348,316.227783203125
4814.993017922623,0.0006312994504825524,316.227783203125
4816.403886916631,0.0007864556182942094,316.227783203125
4817.814755910638,0.0008866322143971095,316.227783203125
4819.225624904645,0.0008424493102383128,316.227783203125
4820.636493898653,0.0006883969096511608,316.227783203125
4822.04736289266,0.00043349726167657074,316.227783203125
4823.458231886668,0.00019877337273786072,316.227783203125
4824.869100880675,0.00014641287780915377,316.227783203125
4826.279969874683,0.00016253619563146374,316.227783203125
4827.690838868691,0.00013099106321355983,316.227783203125
4829.101707862698,6.969158229068462e-05,316.227783203125
4830.512576856706,-4.896854046525234e-06,316.227783203125
4831.9234458507135,-3.204703030445025e-05,316.227783203125
4833.334314844721,2.2801477132877723e-05,316.227783203125
4834.745183838729,0.00011674134740145489,316.227783203125
4836.156052832736,9.864402231956476e-05,316.227783203125
4837.566921826744,-2.1185049404903733e-05,316.227783203125
4838.977790820751,-0.00017529545728847684,316.227783203125
4840.388659814758,-0.000272501278322998,316.227783203125
4841.799528808766,-0.0002774652613890122,316.227783203125
4843.2103978027735,-0.00020840065003405878,316.227783203125
4844.621266796781,-7.314055529914626e-05,316.227783203125
4846.032135790789,-2.5183514989080696e-05,316.227783203125
4847.443004784796,-5.7885898331909436e-05,316.227783203125
4848.853873778804,-0.00014490531509107896,316.227783203125
4850.264742772812,-0.00022755533097264594,316.227783203125
4851.675611766819,-0.00036890626873336933,316.227783203125
4853.086480760827,-0.0006568259762694643,316.227783203125
4854.497349754834,-0.0010274167730271264,316.227783203125
4855.908218748842,-0.0013366520998384923,316.227783203125
4857.31908774285,-0.00154472399467262,316.227783203125
4858.729956736857,-0.002052936856452338,316.227783203125
4860.140825730865,-0.0035025895750107495,316.227783203125
4861.5516947248725,-0.004107502765738317,316.227783203125
4862.962563718879,-0.0027693831559421154,316.227783203125
4864.373432712887,-0.0018238460522012733,316.227783203125
4865.784301706894,-0.0015548904938572725,316.227783203125
4867.195170700902,-0.0013992235172778072,316.227783203125
4868.60603969491,-0.001385911362244665,316.227783203125
4870.016908688917,-0.0014940363881666436,316.227783203125
4871.427777682925,-0.001553871216978281,316.227783203125
4872.8386466769325,-0.0013952517133013261,316.227783203125
4874.24951567094,-0.00108976301890144,316.227783203125
4875.660384664948,-0.0007637066259582742,316.227783203125
4877.071253658955,-0.00047689216433152194,316.227783203125
4878.482122652963,-0.00027492809425831884,316.227783203125
4879.892991646971,-0.0001779612881313876,316.227783203125
4881.303860640978,-0.00025724756593173415,316.227783203125
4882.714729634985,-0.0004243927611437912,316.227783203125
4884.1255986289925,-0.0006023147052021394,316.227783203125
4885.536467623,-0.000777234965871591,316.227783203125
4886.947336617008,-0.0009167553079599718,316.227783203125
4888.358205611015,-0.0010132471583091471,316.227783203125
4889.769074605023,-0.0009910976880638748,316.227783203125
4891.179943599031,-0.000758067145591344,316.227783203125
4892.590812593038,-0.0002545347022560561,316.227783203125
4894.001681587046,0.00037431553583903293,316.227783203125
4895.412550581053,0.0007954107623373875,316.227783203125
4896.823419575061,0.000938269599440808,316.227783203125
4898.234288569069,0.0008722259335514938,316.227783203125
4899.645157563076,0.0007194242237440925,316.227783203125
4901.056026557084,0.0005905663760753348,316.227783203125
4902.4668955510915,0.0005011044343287037,316.227783203125
4903.877764545099,0.0005133948231160548,316.227783203125
4905.288633539107,0.0005684993448559147,316.227783203125
4906.699502533113,0.0005107827284003517,316.227783203125
4908.110371527121,0.00033213529984610357,316.227783203125
4909.521240521129,0.0001413962383435101,316.227783203125
4910.932109515136,8.95534672054471e-05,316.227783203125
4912.342978509144,0.00020382284361714423,316.227783203125
4913.7538475031515,0.0003237633596603652,316.227783203125
4915.164716497159,0.000275663789288675,316.227783203125
4916.575585491167,-5.76687176384455e-05,316.227783203125
4917.986454485174,-0.0006305782410685554,316.227783203125
4919.397323479182,-0.0010628303746981795,316.227783203125
4920.80819247319,-0.0011426952397532008,316.227783203125
4922.219061467197,-0.0009050486045744707,316.227783203125
4923.629930461205,-0.00047963109066787545,316.227783203125
4925.040799455212,-3.781583718391081e-05,316.227783203125
4926.451668449219,0.0004039309736837485,316.227783203125
4927.862537443227,0.0007665852807151978,316.227783203125
4929.273406437234,0.0009641388704114302,316.227783203125
4930.684275431242,0.0009291748046504206,316.227783203125
4932.09514442525,0.0007054658389050276,316.227783203125
4933.506013419257,0.0004104475440621404,316.227783203125
4934.916882413265,0.00017557914640655564,316.227783203125
4936.327751407272,-4.597239493383566e-05,316.227783203125
4937.73862040128,-0.00018440670293577537,316.227783203125
4939.149489395288,-0.0001219663330332757,316.227783203125
4940.560358389295,0.0002327473471956526,316.227783203125
4941.971227383303,0.0006357448636964396,316.227783203125
4943.3820963773105,0.0009650222457003553,316.227783203125
4944.792965371318,0.0011376499359218705,316.227783203125
4946.203834365326,0.0012536805356214518,316.227783203125
4947.614703359333,0.0013717404675352065,316.227783203125
4949.025572353341,0.00143841485031828,316.227783203125
4950.436441347349,0.0014507954698876266,316.227783203125
4951.847310341355,0.0013061949053478177,316.227783203125
4953.258179335363,0.0010186660869780564,316.227783203125
4954.6690483293705,0.0006695458147456621,316.227783203125
4956.079917323378,0.00013507718076872718,316.227783203125
4957.490786317386,-0.0008432205791056146,316.227783203125
4958.901655311393,-0.0012144947579808309,316.227783203125
4960.312524305401,-0.0001938138655560289,316.227783203125
4961.723393299409,0.0006591847439443056,316.227783203125
4963.134262293416,0.0006987977603917159,316.227783203125
4964.545131287424,0.00046712502632229383,316.227783203125
4965.956000281431,0.00027615091372135137,316.227783203125
4967.366869275439,0.00018984666570439832,316.227783203125
4968.777738269447,0.00028846802623927643,316.227783203125
4970.188607263453,0.0004566139624041284,316.227783203125
4971.599476257461,0.0006654755541306533,316.227783203125
4973.010345251469,0.0007997378513663229,316.227783203125
4974.421214245476,0.0008173237158289812,316.227783203125
4975.832083239484,0.0006855381295598952,316.227783203125
4977.242952233491,0.0003853227958533021,316.227783203125
4978.653821227499,-7.380362209761723e-06,316.227783203125
4980.064690221507,-0.0004028575782954215,316.227783203125
4981.475559215514,-0.0007589349171958654,316.227783203125
4982.886428209522,-0.0009253618494777342,316.227783203125
4984.2972972035295,-0.0008083086271060795,316.227783203125
4985.708166197537,-0.0004775174068836537,316.227783203125
4987.119035191545,-9.820120493772913e-05,316.227783203125
4988.529904185552,0.0001263160389319319,316.227783203125
4989.94077317956,0.0002227531598365043,316.227783203125
4991.351642173568,0.00023937253686661178,316.227783203125
4992.762511167575,0.0002550966409191717,316.227783203125
4994.173380161583,0.00029621292988437145,316.227783203125
4995.5842491555895,0.0002879763280732098,316.227783203125
4996.995118149597,0.00018333770343188088,316.227783203125
4998.405987143605,-1.4652149258774158e-05,316.227783203125
4999.816856137612,-0.00023665158114180053,316.227783203125
5001.22772513162,-0.0003145915345934974,316.227783203125
5002.638594125628,-0.00022624740955135524,316.227783203125
5004.049463119635,-0.0006106368717460203,316.227783203125
5005.460332113643,-0.002825427007038736,316.227783203125
5006.87120110765,-0.0045289477932304555,316.227783203125
5008.282070101658,-0.002164076886494507,316.227783203125
5009.692939095666,-0.00030189698326630807,316.227783203125
5011.103808089673,-0.0003477081027008864,316.227783203125
5012.514677083681,-0.0008329771361295906,316.227783203125
5013.9255460776885,-0.0011373149025607609,316.227783203125
5015.336415071695,-0.001187642477139969,316.227783203125
5016.747284065703,-0.0010906453458098247,316.227783203125
5018.1581530597105,-0.00095628713249616,316.227783203125
5019.569022053718,-0.0008229999178541118,316.227783203125
5020.979891047726,-0.0007011357890079513,316.227783203125
5022.390760041733,-0.0005733148423269548,316.227783203125
5023.801629035741,-0.00041135147861604687,316.227783203125
5025.2124980297485,-0.00028013043166971903,316.227783203125
5026.623367023756,-0.00018272662866517832,316.227783203125
5028.034236017764,-2.8126461358616087e-05,316.227783203125
5029.445105011771,0.00019632479923180172,316.227783203125
5030.855974005779,0.00041390748480611694,316.227783203125
5032.266842999787,0.0005283042022629983,316.227783203125
5033.677711993794,0.0003942686479206734,316.227783203125
5035.088580987802,9.50456327180136e-05,316.227783203125
5036.499449981809,-0.0002753685500488882,316.227783203125
5037.910318975817,-0.0006518409404280556,316.227783203125
5039.321187969825,-0.000992838609312343,316.227783203125
5040.732056963831,-0.0010521296423305054,316.227783203125
5042.142925957839,-0.000735365887448004,316.227783203125
5043.553794951847,-0.00022709714884739697,316.227783203125
5044.964663945854,0.00022842577732571506,316.227783203125
5046.375532939862,0.00036274682396525773,316.227783203125
5047.7864019338695,0.0002229169825241923,316.227783203125
5049.197270927877,1.9302294382730553e-05,316.227783203125
5050.608139921885,-6.874627771029374e-05,316.227783203125
5052.019008915892,4.54978700957908e-05,316.227783203125
5053.4298779099,0.0003062573366716115,316.227783203125
5054.8407469039075,0.0005782909115349903,316.227783203125
5056.251615897915,0.0008099322501219676,316.227783203125
5057.662484891922,0.0009752595211173533,316.227783203125
5059.0733538859295,0.0010790500767778963,316.227783203125
5060.484222879937,0.0010955029126422083,316.227783203125
5061.895091873945,0.0009284939197739851,316.227783203125
5063.305960867952,0.000636188658045253,316.227783203125
5064.71682986196,0.0003024729428715636,316.227783203125
5066.1276988559675,0.00011110427395988678,316.227783203125
5067.538567849975,7.801149568465934e-05,316.227783203125
5068.949436843983,0.0001138797112338625,316.227783203125
5070.36030583799,0.00014624313615955661,316.227783203125
5071.771174831998,0.0001565732962616924,316.227783203125
5073.182043826006,0.000161373994671192,316.227783203125
5074.592912820013,0.00013609505976875172,316.227783203125
5076.003781814021,3.0120345358593953e-05,316.227783203125
5077.4146508080285,-0.00018122498091456204,316.227783203125
5078.825519802036,-0.00048202321650389103,316.227783203125
5080.236388796044,-0.000659147301439492,316.227783203125
5081.647257790051,-0.0006116366582740208,316.227783203125
5083.058126784059,-0.0004143261713339657,316.227783203125
5084.4689957780665,-0.0001552819870535415,316.227783203125
5085.879864772073,0.00012205534220662007,316.227783203125
5087.290733766081,0.0003316541236548839,316.227783203125
5088.7016027600885,0.0005017551412087769,316.227783203125
5090.112471754096,0.0006599996725416592,316.227783203125
5091.523340748104,0.0007705495459529692,316.227783203125
5092.934209742111,0.0007576963945959726,316.227783203125
5094.345078736119,0.0005894967966528272,316.227783203125
5095.7559477301265,0.00029360178704938324,316.227783203125
5097.166816724134,-2.6248562934054823e-05,316.227783203125
5098.577685718142,-0.00020225885830310597,316.227783203125
5099.988554712149,-0.00021327476843690206,316.227783203125
5101.399423706156,-5.721363221380775e-05,316.227783203125
5102.810292700164,9.196438886579367e-06,316.227783203125
5104.221161694171,-9.196438886579367e-06,316.227783203125
5105.632030688179,-0.00011564977841671369,316.227783203125
5107.0428996821865,-0.00022944697093199573,316.227783203125
5108.453768676194,-0.00028530251489458126,316.227783203125
5109.864637670202,-0.00018600649945213835,316.227783203125
5111.275506664209,-6.996367272457671e-06,316.227783203125
5112.686375658217,0.00024068053434357986,316.227783203125
5114.097244652225,0.00045663343645226465,316.227783203125
5115.508113646232,0.0006277427164415178,316.227783203125
5116.91898264024,0.0007063551887528524,316.227783203125
5118.3298516342475,0.0006565361882377024,316.227783203125
5119.740720628255,0.00043498682071297853,316.227783203125
5121.151589622263,7.926784584271623e-05,316.227783203125
5122.56245861627,-0.0002831270183998747,316.227783203125
5123.973327610278,-0.0005688242078568575,316.227783203125
5125.3841966042855,-0.0007187986814532876,316.227783203125
5126.795065598293,-0.0007563589279127089,316.227783203125
5128.205934592301,-0.0006870286583958076,316.227783203125
5129.6168035863075,-0.0005133571046911818,316.227783203125
5131.027672580315,-0.00029888372730537023,316.227783203125
5132.438541574323,-0.00010364495721062322,316.227783203125
5133.84941056833,2.1470203819448294e-05,316.227783203125
5135.260279562338,6.28515579969742e-05,316.227783203125
5136.6711485563455,-6.097591834335406e-05,316.227783203125
5138.082017550353,-0.000263740467941264,316.227783203125
5139.492886544361,-0.00041043634159951443,316.227783203125
5140.903755538368,-0.0004634406169246128,316.227783203125
5142.314624532376,-0.0005277632605464253,316.227783203125
5143.725493526384,-0.0005284502719529668,316.227783203125
5145.13636252039,-0.0005617514009113641,316.227783203125
5146.547231514398,-0.0006353775131990539,316.227783203125
5147.958100508406,-0.0006692488637328291,316.227783203125
5149.368969502413,-0.000671550890563765,316.227783203125
5150.779838496421,-0.0006966554190676096,316.227783203125
5152.190707490428,-0.0006851946758487156,316.227783203125
5153.601576484436,-0.0005670989524608431,316.227783203125
5155.012445478444,-0.00033882261061753127,316.227783203125
5156.423314472451,-6.433465855516796e-05,316.227783203125
5157.834183466459,0.00011923025217910194,316.227783203125
5159.2450524604665,9.874872475149239e-05,316.227783203125
5160.655921454474,-0.00012347076353014762,316.227783203125
5162.066790448482,-0.0005732820249650539,316.227783203125
5163.477659442489,-0.0012527492773732763,316.227783203125
5164.888528436497,-0.0020981757662574697,316.227783203125
5166.2993974305045,-0.0029132029225448514,316.227783203125
5167.710266424512,-0.0034410103456455603,316.227783203125
5169.12113541852,-0.003668988563739671,316.227783203125
5170.532004412527,-0.0037619305094786,316.227783203125
5171.942873406535,-0.0036925623638499067,316.227783203125
5173.353742400542,-0.0033020727218495763,316.227783203125
5174.764611394549,-0.0025822005578899493,316.227783203125
5176.175480388557,-0.0019349893273936537,316.227783203125
5177.586349382565,-0.001602259732860897,316.227783203125
5178.997218376572,-0.001680914292343209,316.227783203125
5180.40808737058,-0.0021252065126257606,316.227783203125
5181.818956364587,-0.002717092904713189,316.227783203125
5183.229825358595,-0.0029968360029418925,316.227783203125
5184.640694352603,-0.0027296751207710104,316.227783203125
5186.05156334661,-0.0020552549680909853,316.227783203125
5187.462432340618,-0.0013013878600689876,316.227783203125
5188.8733013346255,-0.0008657867683356298,316.227783203125
5190.284170328632,-0.0007166235997887477,316.227783203125
5191.69503932264,-0.0007362416873366358,316.227783203125
5193.105908316647,-0.0007034745062022944,316.227783203125
5194.516777310655,-0.0005393859369551592,316.227783203125
5195.927646304663,-0.000245928073147059,316.227783203125
5197.33851529867,6.0203450330717154e-05,316.227783203125
5198.749384292678,0.00026075231619588496,316.227783203125
5200.1602532866855,0.0002745303351440031,316.227783203125
5201.571122280693,6.755093648919304e-05,316.227783203125
5202.981991274701,-0.00034793600036586714,316.227783203125
5204.392860268708,-0.0008919477379655451,316.227783203125
5205.803729262716,-0.001262423882204617,316.227783203125
5207.214598256724,-0.0014262859921446748,316.227783203125
5208.625467250731,-0.0012941080243304426,316.227783203125
5210.036336244739,-0.000912932392888862,316.227783203125
5211.447205238746,-0.0004298215598725619,316.227783203125
5212.858074232754,-3.711312799520479e-05,316.227783203125
5214.268943226762,0.00014700139349256743,316.227783203125
5215.679812220769,0.00026526401510494624,316.227783203125
5217.090681214776,0.00041370024987988363,316.227783203125
5218.501550208784,0.0005817942190974347,316.227783203125
5219.912419202791,0.00068374672512405,316.227783203125
5221.323288196799,0.0005903082810667128,316.227783203125
5222.734157190806,0.0002605961913553379,316.227783203125
5224.145026184814,-0.00018418013050788655,316.227783203125
5225.555895178822,-0.0005503710538370763,316.227783203125
5226.966764172829,-0.0007239957141379639,316.227783203125
5228.377633166837,-0.00048180548948385457,316.227783203125
5229.7885021608445,-0.00014700139349256743,316.227783203125
5231.199371154852,0.0,316.227783203125
5232.61024014886,0.00011362118066777192,316.227783203125
5234.021109142866,0.0002569571082918481,316.227783203125
5235.431978136874,0.00047487031191537077,316.227783203125
5236.842847130882,0.0007025508899727723,316.227783203125
5238.253716124889,0.0008945601319694293,316.227783203125
5239.664585118897,0.000985238869425798,316.227783203125
5241.0754541129045,0.000990096449781248,316.227783203125
5242.486323106912,0.000927775152180647,316.227783203125
5243.89719210092,0.0008356451354205058,316.227783203125
5245.308061094927,0.0006436639035560191,316.227783203125
5246.718930088935,0.00036673414638697423,316.227783203125
5248.129799082943,0.0001144470151942141,316.227783203125
5249.54066807695,0.0,316.227783203125
5250.951537070958,0.0,316.227783203125
5252.362406064965,6.348878907795272e-05,316.227783203125
5253.773275058973,0.00014791231870556545,316.227783203125
5255.184144052981,0.00031509687769337366,316.227783203125
5256.595013046988,0.000511409959875711,316.227783203125
5258.005882040996,0.0004800091329481143,316.227783203125
5259.4167510350035,0.0002617203389472175,316.227783203125
5260.827620029011,-0.00026235933389977956,316.227783203125
5262.238489023018,-0.0009596813512030254,316.227783203125
5263.649358017025,-0.0015903208581324237,316.227783203125
5265.060227011033,-0.0020200358072884252,316.227783203125
5266.471096005041,-0.0022498796628312254,316.227783203125
5267.881964999048,-0.002333475630765469,316.227783203125
5269.292833993056,-0.00224907276195669,316.227783203125
5270.7037029870635,-0.0019357766671905478,316.227783203125
5272.114571981071,-0.0014391161552820778,316.227783203125
5273.525440975079,-0.0009368782643116545,316.227783203125
5274.936309969086,-0.0004937202675553386,316.227783203125
5276.347178963094,-0.00010297527294734349,316.227783203125
5277.758047957101,0.0002080155714273696,316.227783203125
5279.168916951108,0.0003341927297370352,316.227783203125
5280.579785945116,0.0002555594137539606,316.227783203125
5281.9906549391235,0.00017986776881267694,316.227783203125
5283.401523933131,0.0002303470934591871,316.227783203125
5284.812392927139,0.00048068437644110257,316.227783203125
5286.223261921146,0.0008321475092363945,316.227783203125
5287.634130915154,0.0011042441665636213,316.227783203125
5289.044999909162,0.0012535805789171718,316.227783203125
5290.455868903169,0.0012805562971095717,316.227783203125
5291.866737897177,0.0011490894684080093,316.227783203125
5293.277606891184,0.0008635325666215485,316.227783203125
5294.688475885192,0.00048287178661392954,316.227783203125
5296.0993448792,6.108626437292819e-05,316.227783203125
5297.510213873207,-0.00021272474153237117,316.227783203125
5298.921082867215,-0.00021346088704932847,316.227783203125
5300.3319518612225,1.639148916342259e-06,316.227783203125
5301.74282085523,0.0003329309206118493,316.227783203125
5303.153689849238,0.0006801169466344251,316.227783203125
5304.564558843245,0.0009911465645094236,316.227783203125
5305.975427837252,0.001204243490708485,316.227783203125
5307.38629683126,0.001299363005665053,316.227783203125
5308.797165825267,0.0013630391418060564,316.227783203125
5310.208034819275,0.0013874551243039032,316.227783203125
5311.6189038132825,0.0013333117925797486,316.227783203125
5313.02977280729,0.0012005234188747008,316.227783203125
5314.440641801298,0.0010615323581380856,316.227783203125
5315.851510795305,0.000930095323783766,316.227783203125
5317.262379789313,0.0008371307856471361,316.227783203125
5318.673248783321,0.0007245161579069008,316.227783203125
5320.084117777328,0.000579941993555138,316.227783203125
5321.494986771336,0.00033836031818168175,316.227783203125
5322.9058557653425,-1.6841552103730867e-05,316.227783203125
5324.31672475935,-0.00041194395421217944,316.227783203125
5325.727593753358,-0.0008323842548480769,316.227783203125
5327.138462747365,-0.0011610230237377953,316.227783203125
5328.549331741373,-0.001196894790703987,316.227783203125
5329.960200735381,-0.0009158738843223612,316.227783203125
5331.371069729388,-0.00048371828599705347,316.227783203125
5332.781938723396,-3.97759745171776e-05,316.227783203125
5334.192807717403,0.00021553808164192362,316.227783203125
5335.603676711411,0.00033064173181008086,316.227783203125
5337.014545705419,0.0002829284075792464,316.227783203125
5338.425414699426,0.00010134030606222255,316.227783203125
5339.836283693434,-8.720381058581819e-05,316.227783203125
5341.2471526874415,-0.00015183491437971083,316.227783203125
5342.658021681449,-9.11701730275348e-05,316.227783203125
5344.068890675457,6.968074896425425e-07,316.227783203125
5345.479759669464,2.847482745498009e-05,316.227783203125
5346.890628663472,3.631551731968566e-05,316.227783203125
5348.30149765748,9.255932950399948e-05,316.227783203125
5349.712366651486,0.0002631845495379842,316.227783203125
5351.123235645494,0.0005323715292066961,316.227783203125
5352.5341046395015,0.0008464382580333531,316.227783203125
5353.944973633509,0.0011321649041765754,316.227783203125
5355.355842627517,0.001336183757249098,316.227783203125
5356.766711621524,0.0014371377780511077,316.227783203125
5358.177580615532,0.0014039736139095718,316.227783203125
5359.58844960954,0.001251616795869815,316.227783203125
5360.999318603547,0.0010244974721236276,316.227783203125
5362.410187597555,0.0007449258795356253,316.227783203125
5363.821056591562,0.00046329324389773885,316.227783203125
5365.23192558557,0.00021166037186167233,316.227783203125
5366.642794579577,-1.9723201870484874e-05,316.227783203125
5368.053663573584,-0.0002922996394931557,316.227783203125
5369.464532567592,-0.0005057629182158886,316.227783203125
5370.8754015616,-0.0005181736665224625,316.227783203125
5372.286270555607,-0.00030564271291878484,316.227783203125
5373.697139549615,7.675193533573932e-05,316.227783203125
5375.108008543622,0.0004154900742575282,316.227783203125
5376.51887753763,0.0006230530247859078,316.227783203125
5377.929746531638,0.0006943428561466403,316.227783203125
5379.340615525645,0.0006815624786067134,316.227783203125
5380.751484519653,0.000621653051277777,316.227783203125
5382.1623535136605,0.0005548478137656909,316.227783203125
5383.573222507668,0.0005315605935718726,316.227783203125
5384.984091501676,0.0005246034584519138,316.227783203125
5386.394960495683,0.00046454879763619533,316.227783203125
5387.805829489691,0.0003159306111028201,316.227783203125
5389.216698483699,0.00010746493999161041,316.227783203125
5390.627567477706,-0.00011629254349837526,316.227783203125
5392.038436471714,-0.0002853483741778115,316.227783203125
5393.4493054657205,-0.0004320139875766821,316.227783203125
5394.860174459728,-0.0005701987233852207,316.227783203125
5396.271043453736,-0.0006609797637316811,316.227783203125
5397.681912447743,-0.0006509833982284996,316.227783203125
5399.092781441751,-0.0005692086905505316,316.227783203125
5400.503650435759,-0.0005278105416248145,316.227783203125
5401.914519429766,-0.0006035544728398463,316.227783203125
5403.325388423774,-0.0008257257250597165,316.227783203125
5404.736257417781,-0.0010752646434586434,316.227783203125
5406.147126411789,-0.0011699137381216418,316.227783203125
5407.557995405797,-0.0010710508937245046,316.227783203125
5408.968864399804,-0.0008803424329256355,316.227783203125
5410.379733393811,-0.000618408918931914,316.227783203125
5411.790602387819,-0.0002984685561838972,316.227783203125
5413.201471381826,2.3512262161032305e-05,316.227783203125
5414.612340375834,0.0002706278670517731,316.227783203125
5416.023209369841,0.0004510380014902775,316.227783203125
5417.434078363849,0.0005276748965814641,316.227783203125
5418.844947357857,0.0004976371741875069,316.227783203125
5420.255816351864,0.000426100136457129,316.227783203125
5421.666685345872,0.00035076667183681076,316.227783203125
5423.0775543398795,0.0002889295457131312,316.227783203125
5424.488423333887,0.0002551978363234224,316.227783203125
5425.899292327895,0.00021935818262032794,316.227783203125
5427.310161321902,9.217100930931227e-05,316.227783203125
5428.72103031591,-0.00011422049070826043,316.227783203125
5430.131899309918,-0.00031586271475113337,316.227783203125
5431.542768303925,-0.000419474184404689,316.227783203125
5432.953637297933,-0.0004585891417128868,316.227783203125
5434.36450629194,-0.0003996606967387635,316.227783203125
5435.775375285948,-0.0002046434126075046,316.227783203125
5437.186244279956,0.00013304148398378401,316.227783203125
5438.597113273962,0.0004912531608812568,316.227783203125
5440.00798226797,0.0007385180323967386,316.227783203125
5441.418851261978,0.000797068315663698,316.227783203125
5442.829720255985,0.0006414096141110111,316.227783203125
5444.240589249993,0.00032145917255696835,316.227783203125
5445.651458244,-1.394957176545017e-05,316.227783203125
5447.062327238008,-0.0002201099441690446,316.227783203125
5448.473196232016,-0.0001808658655608475,316.227783203125
5449.884065226023,-8.139696521058948e-05,316.227783203125
5451.294934220031,-6.571643291849658e-05,316.227783203125
5452.7058032140385,-0.00017473376541588329,316.227783203125
5454.116672208045,-0.00031983459394624783,316.227783203125
5455.527541202053,-0.000356381253326387,316.227783203125
5456.93841019606,-0.0002382765735863511,316.227783203125
5458.349279190068,-8.584681074883319e-05,316.227783203125
5459.760148184076,2.208236103872635e-06,316.227783203125
5461.171017178083,-4.1285632922334614e-05,316.227783203125
5462.581886172091,-9.775809412405564e-05,316.227783203125
5463.9927551660985,-9.718385434224347e-05,316.227783203125
5465.403624160106,-3.5907252978265025e-05,316.227783203125
5466.814493154114,4.2450066127072e-05,316.227783203125
5468.225362148121,4.759278061602923e-05,316.227783203125
5469.636231142129,-9.047448534964253e-06,316.227783203125
5471.047100136137,-0.00012723723099867038,316.227783203125
5472.457969130144,-0.00029536244974360734,316.227783203125
5473.868838124152,-0.0004966411301515726,316.227783203125
5475.279707118159,-0.0006659637316601547,316.227783203125
5476.690576112167,-0.0007534144449476421,316.227783203125
5478.101445106175,-0.0007170230098024095,316.227783203125
5479.512314100182,-0.0006142410882891657,316.227783203125
5480.92318309419,-0.0004886414489312686,316.227783203125
5482.334052088197,-0.00034758670244521353,316.227783203125
5483.744921082204,-0.00018095383888579522,316.227783203125
5485.155790076212,-5.524990098006513e-05,316.227783203125
5486.566659070219,-2.2116881394650817e-05,316.227783203125
5487.977528064227,-2.1506554782113607e-05,316.227783203125
5489.388397058235,-2.490985560182901e-09,316.227783203125
5490.799266052242,2.831731533062265e-05,316.227783203125
5492.21013504625,6.546429824169642e-05,316.227783203125
5493.6210040402575,8.662391485299986e-05,316.227783203125
5495.031873034265,7.586677706474323e-05,316.227783203125
5496.442742028273,5.991533615581218e-05,316.227783203125
5497.85361102228,5.7057885065055214e-05,316.227783203125
5499.264480016287,4.840563689875385e-05,316.227783203125
5500.675349010295,-1.1223924313880085e-05,316.227783203125
5502.086218004302,-0.00011049233361327265,316.227783203125
5503.49708699831,-0.00019031342458740788,316.227783203125
5504.9079559923175,-0.00024158077528094526,316.227783203125
5506.318824986325,-0.0002580009059689227,316.227783203125
5507.729693980333,-0.00026588320967218734,316.227783203125
5509.14056297434,-0.0002836355271104464,316.227783203125
5510.551431968348,-0.00034705327260847393,316.227783203125
5511.962300962356,-0.0004265393633927361,316.227783203125
5513.373169956363,-0.0004324856004415886,316.227783203125
5514.784038950371,-0.00031799046342301934,316.227783203125
5516.194907944378,-0.00010365634668731138,316.227783203125
5517.605776938386,0.00015141300125369114,316.227783203125
5519.016645932394,0.00035257814433278453,316.227783203125
5520.427514926401,0.00045700499412027265,316.227783203125
5521.838383920409,0.0004552992467146272,316.227783203125
5523.2492529144165,0.000351369721705852,316.227783203125
5524.660121908424,0.00016037268123883508,316.227783203125
5526.070990902431,-5.975897298921701e-05,316.227783203125
5527.481859896438,-0.00022220327137232113,316.227783203125
5528.892728890446,-0.0002569445352906055,316.227783203125
5530.303597884454,-0.0001466124368447834,316.227783203125
5531.714466878461,-1.1393945762772084e-05,316.227783203125
5533.125335872469,6.675869241051444e-05,316.227783203125
5534.5362048664765,0.00011635125306691183,316.227783203125
5535.947073860484,0.00019312643414318847,316.227783203125
5537.357942854492,0.00027127618296397815,316.227783203125
5538.768811848499,0.00036045249792289805,316.227783203125
5540.179680842507,0.00042834755541800926,316.227783203125
5541.590549836515,0.00047659481092149694,316.227783203125
5543.001418830521,0.00048306034995210245,316.227783203125
5544.412287824529,0.0005026708070064619,316.227783203125
5545.8231568185365,0.0005528949868717214,316.227783203125
5547.234025812544,0.0006437091536992783,316.227783203125
5548.644894806552,0.000738608523638256,316.227783203125
5550.055763800559,0.0007858004767205239,316.227783203125
5551.466632794567,0.0007530164162368978,316.227783203125
5552.877501788575,0.0006680607115200528,316.227783203125
5554.288370782582,0.0005761560036898969,316.227783203125
5555.69923977659,0.0005083603749778468,316.227783203125
5557.110108770597,0.0004505075301708267,316.227783203125
5558.520977764605,0.0004140714963673693,316.227783203125
5559.931846758613,0.0003385999586202164,316.227783203125
5561.34271575262,0.00024846748002730484,316.227783203125
5562.753584746628,0.0001368554119050465,316.227783203125
5564.1644537406355,4.839247380979822e-05,316.227783203125
5565.575322734643,-2.222012342045082e-05,316.227783203125
5566.986191728651,-5.512661929462509e-05,316.227783203125
5568.397060722658,-5.7057885065055214e-05,316.227783203125
5569.807929716665,-4.7144406784160875e-05,316.227783203125
5571.218798710673,-6.077830545739987e-06,316.227783203125
5572.62966770468,2.8497174854740653e-05,316.227783203125
5574.040536698688,0.00010501044590823308,316.227783203125
5575.4514056926955,0.00019370215533800333,316.227783203125
5576.862274686703,0.00025385852998535685,316.227783203125
5578.273143680711,0.0002898611839541043,316.227783203125
5579.684012674718,0.00026208937389930395,316.227783203125
5581.094881668726,0.0001756477007411189,316.227783203125
5582.505750662734,1.0389741385348483e-05,316.227783203125
5583.916619656741,-0.00023221306771307668,316.227783203125
5585.327488650749,-0.0005220597057445271,316.227783203125
5586.7383576447555,-0.0007988616948202097,316.227783203125
5588.149226638763,-0.0009381928594451409,316.227783203125
5589.560095632771,-0.0009180576973357515,316.227783203125
5590.970964626778,-0.0007949463557569425,316.227783203125
5592.381833620786,-0.000641309642514673,316.227783203125
5593.792702614794,-0.0004993814360404608,316.227783203125
5595.203571608801,-0.0003795470334048284,316.227783203125
5596.614440602809,-0.0003420422786047095,316.227783203125
5598.025309596816,-0.00038965315736317827,316.227783203125
5599.436178590824,-0.00047357809470550266,316.227783203125
5600.847047584832,-0.0005109726194641728,316.227783203125
5602.257916578839,-0.0004249024109551115,316.227783203125
5603.668785572847,-0.0001876046492418626,316.227783203125
5605.0796545668545,0.00012043990715549305,316.227783203125
5606.490523560862,0.000368560882137485,316.227783203125
5607.90139255487,0.0005152935734604319,316.227783203125
5609.312261548877,0.00056018160556379,316.227783203125
5610.723130542885,0.0004925085302691368,316.227783203125
5612.133999536893,0.000310340605308948,316.227783203125
5613.5448685309,3.7981477416702825e-05,316.227783203125
5614.955737524907,-0.0002431416651528205,316.227783203125
5616.3666065189145,-0.00039325442646105657,316.227783203125
5617.777475512922,-0.0004014644308818552,316.227783203125
5619.18834450693,-0.0003315390150405127,316.227783203125
5620.599213500937,-0.0002744935648499522,316.227783203125
5622.010082494945,-0.0002928785196973753,316.227783203125
5623.420951488953,-0.00035476816772147396,316.227783203125
5624.83182048296,-0.00038087619421057,316.227783203125
5626.242689476968,-0.00032194493719427467,316.227783203125
5627.653558470975,-0.00016466547014702335,316.227783203125
5629.064427464983,7.426567580581106e-06,316.227783203125
5630.47529645899,0.00011534205114699034,316.227783203125
5631.886165452997,0.00013208746237755586,316.227783203125
5633.297034447005,8.074177420797773e-05,316.227783203125
5634.707903441013,-3.314869150439215e-05,316.227783203125
5636.11877243502,-0.00015038505127448407,316.227783203125
5637.529641429028,-0.00023956743724278667,316.227783203125
5638.940510423035,-0.000282777228751932,316.227783203125
5640.351379417043,-0.0002928298494488009,316.227783203125
5641.762248411051,-0.00027321092457082904,316.227783203125
5643.173117405058,-0.00022712351285999327,316.227783203125
5644.583986399066,-0.00015029130392613804,316.227783203125
5645.9948553930735,-6.306274269881132e-05,316.227783203125
5647.405724387081,0.0,316.227783203125
5648.816593381089,3.691605840391507e-05,316.227783203125
5650.227462375096,6.475954501104428e-05,316.227783203125
5651.638331369104,5.796880433421234e-05,316.227783203125
5653.049200363112,-2.1228533346805828e-05,316.227783203125
5654.460069357119,-0.00016944251111648823,316.227783203125
5655.870938351127,-0.00034878465537474534,316.227783203125
5657.281807345134,-0.0005247594738202604,316.227783203125
5658.692676339141,-0.0006410725717049398,316.227783203125
5660.103545333149,-0.0006519641672105558,316.227783203125
5661.514414327156,-0.0005730082667844902,316.227783203125
5662.925283321164,-0.000461534543895227,316.227783203125
5664.336152315172,-0.00035363667048603567,316.227783203125
5665.747021309179,-0.0002573740183461244,316.227783203125
5667.157890303187,-0.00017306400846017755,316.227783203125
5668.568759297194,-0.00011737836309224856,316.227783203125
5669.979628291202,-5.567461053238715e-06,316.227783203125
5671.39049728521,0.00013436175371417045,316.227783203125
5672.801366279217,0.00026478985863655907,316.227783203125
5674.212235273225,0.00036076152758743665,316.227783203125
5675.623104267232,0.00041298645011898436,316.227783203125
5677.033973261239,0.00040417424286114806,316.227783203125
5678.444842255247,0.00032973894428143385,316.227783203125
5679.855711249254,0.00019680608005219133,316.227783203125
5681.266580243262,4.6951313253319055e-05,316.227783203125
5682.67744923727,-7.334146698217275e-05,316.227783203125
5684.088318231277,-0.0001657844465027987,316.227783203125
5685.499187225285,-0.00020241600832719697,316.227783203125
5686.9100562192925,-0.00019236904759918627,316.227783203125
5688.3209252133,-0.00012367560397077287,316.227783203125
5689.731794207308,2.165178766888251e-05,316.227783203125
5691.142663201315,0.00018650692893788096,316.227783203125
5692.553532195323,0.0003004790343134611,316.227783203125
5693.964401189331,0.0003440735800608295,316.227783203125
5695.375270183338,0.0003053477527037926,316.227783203125
5696.786139177346,0.00018623901589447447,316.227783203125
5698.197008171353,1.781592738613752e-05,316.227783203125
5699.607877165361,-0.0001533146516876291,316.227783203125
5701.018746159369,-0.0002971577630484709,316.227783203125
5702.429615153375,-0.00043677616143502837,316.227783203125
5703.840484147383,-0.0005424773675545176,316.227783203125
5705.251353141391,-0.0006928990978845098,316.227783203125
5706.662222135398,-0.0008556966098303351,316.227783203125
5708.073091129406,-0.000988299550194853,316.227783203125
5709.483960123413,-0.0010386858010693334,316.227783203125
5710.894829117421,-0.0009463940641673031,316.227783203125
5712.305698111429,-0.000749343881784912,316.227783203125
5713.716567105436,-0.0005005718169390425,316.227783203125
5715.127436099444,-0.00023211466028065508,316.227783203125
5716.5383050934515,-1.832163142983373e-05,316.227783203125
5717.949174087459,0.00016368921857851798,316.227783203125
5719.360043081466,0.000294927160070263,316.227783203125
5720.7709120754735,0.00041111753241631147,316.227783203125
5722.181781069481,0.00047595115115428924,316.227783203125
5723.592650063489,0.00047568158615321834,316.227783203125
5725.003519057496,0.0004255666442001989,316.227783203125
5726.414388051504,0.0003453392680490587,316.227783203125
5727.8252570455115,0.00027727569659287063,316.227783203125
5729.236126039519,0.00024867520702626794,316.227783203125
5730.646995033527,0.00024395229784497305,316.227783203125
5732.057864027534,0.0002513914527402378,316.227783203125
5733.468733021542,0.0002892292126680032,316.227783203125
5734.87960201555,0.0003237668344495022,316.227783203125
5736.290471009557,0.0003407425897064935,316.227783203125
5737.701340003565,0.00034805328538371066,316.227783203125
5739.112208997572,0.0003404709316578089,316.227783203125
5740.52307799158,0.0003368842719740327,316.227783203125
5741.933946985588,0.0003342678087701438,316.227783203125
5743.344815979595,0.0003291574124785965,316.227783203125
5744.755684973603,0.00031904607996502757,316.227783203125
5746.1665539676105,0.00028257855269109636,316.227783203125
5747.577422961617,0.00023230183552063952,316.227783203125
5748.988291955625,0.00015791283519468388,316.227783203125
5750.3991609496325,9.537534994638608e-05,316.227783203125
5751.81002994364,2.1523412134110548e-05,316.227783203125
5753.220898937648,-1.5596429934958828e-05,316.227783203125
5754.631767931655,1.8332006808521872e-05,316.227783203125
5756.042636925663,9.646676442147395e-05,316.227783203125
5757.4535059196705,0.00013810918598437458,316.227783203125
5758.864374913678,0.00010775362099671795,316.227783203125
5760.275243907686,2.5599702823436016e-05,316.227783203125
5761.686112901693,-3.875266080490686e-05,316.227783203125
5763.0969818957,1.278367994901955e-05,316.227783203125
5764.507850889708,0.000140335851395057,316.227783203125
5765.918719883715,0.00029579511029042757,316.227783203125
5767.329588877723,0.00039267446597173253,316.227783203125
5768.7404578717305,0.0004202862109139137,316.227783203125
5770.151326865738,0.0003847245912680583,316.227783203125
5771.562195859746,0.00031122578311186186,316.227783203125
5772.973064853753,0.00023626595527623945,316.227783203125
5774.383933847761,0.0001679766058627699,316.227783203125
5775.794802841769,8.805508155903738e-05,316.227783203125
5777.205671835776,-4.72870993626813e-05,316.227783203125
5778.616540829784,-0.00025499230929523775,316.227783203125
5780.0274098237915,-0.000519693237335233,316.227783203125
5781.438278817799,-0.0007408756699813952,316.227783203125
5782.849147811807,-0.0008479474991527416,316.227783203125
5784.260016805814,-0.0008423514847836489,316.227783203125
5785.670885799822,-0.0007317754105194106,316.227783203125
5787.0817547938295,-0.0005452574896305483,316.227783203125
5788.492623787837,-0.0003486295070107767,316.227783203125
5789.903492781845,-0.00018917886846476703,316.227783203125
5791.3143617758515,-4.6127945547914245e-05,316.227783203125
5792.725230769859,7.555831946707073e-05,316.227783203125
5794.136099763867,0.00018324117869595452,316.227783203125
5795.546968757874,0.00025732364197010235,316.227783203125
5796.957837751882,0.00031194763461194625,316.227783203125
5798.3687067458895,0.00039015346829489317,316.227783203125
5799.779575739897,0.00046876733643288343,316.227783203125
5801.190444733905,0.0005159223205869444,316.227783203125
5802.601313727912,0.0005114201201171197,316.227783203125
5804.01218272192,0.00045539871015290445,316.227783203125
5805.423051715928,0.0004058767789305237,316.227783203125
5806.833920709934,0.00036679649041494733,316.227783203125
5808.244789703942,0.0003630926941359941,316.227783203125
5809.65565869795,0.0003847810240141733,316.227783203125
5811.066527691957,0.00038230652660626446,316.227783203125
5812.477396685965,0.0003610732941173103,316.227783203125
5813.888265679972,0.00031787743891676865,316.227783203125
5815.29913467398,0.0002894557105026195,316.227783203125
5816.710003667988,0.0003210954779875458,316.227783203125
5818.120872661995,0.00040948714123516597,316.227783203125
5819.531741656003,0.0004956910681800375,316.227783203125
5820.9426106500105,0.0005680883515340567,316.227783203125
5822.353479644018,0.0006075060307230602,316.227783203125
5823.764348638026,0.0006335453941900132,316.227783203125
5825.175217632033,0.0006445397405134279,316.227783203125
5826.586086626041,0.0006510024541382872,316.227783203125
5827.9969556200485,0.0006504163395752195,316.227783203125
5829.407824614056,0.0006397925475521045,316.227783203125
5830.818693608064,0.0006172936390339105,316.227783203125
5832.229562602071,0.0005768944042031932,316.227783203125
5833.640431596079,0.00053660037519844,316.227783203125
5835.051300590086,0.00048583274205491606,316.227783203125
5836.462169584093,0.0004748682824919706,316.227783203125
5837.873038578101,0.0004875514275402802,316.227783203125
5839.283907572109,0.0005287488132446477,316.227783203125
5840.694776566116,0.0005678238202076712,316.227783203125
5842.105645560124,0.0005758460293930935,316.227783203125
5843.516514554131,0.0005229285447267661,316.227783203125
5844.927383548139,0.00042735317850422713,316.227783203125
5846.338252542147,0.0003082829758207749,316.227783203125
5847.749121536154,0.00019835166823872763,316.227783203125
5849.159990530162,9.003377328644854e-05,316.227783203125
5850.5708595241695,-2.4306058125003055e-05,316.227783203125
5851.981728518176,-0.00015573467822402667,316.227783203125
5853.392597512184,-0.0002873426696663947,316.227783203125
5854.803466506191,-0.00041123297466599124,316.227783203125
5856.214335500199,-0.0005044809592043217,316.227783203125
5857.625204494207,-0.0005322269461464947,316.227783203125
5859.036073488214,-0.0004930055077649112,316.227783203125
5860.446942482222,-0.0004113962585856716,316.227783203125
5861.8578114762295,-0.0003254973197494397,316.227783203125
5863.268680470237,-0.0002461306944857057,316.227783203125
5864.679549464245,-0.0001818599320622498,316.227783203125
5866.090418458252,-0.00013891527043776233,316.227783203125
5867.50128745226,-6.858245690238157e-05,316.227783203125
5868.9121564462675,2.4005750528945102e-05,316.227783203125
5870.323025440275,0.00010381364567740164,316.227783203125
5871.733894434283,0.0001550006389253039,316.227783203125
5873.14476342829,0.00014284018405805524,316.227783203125
5874.555632422298,1.2011014246832152e-05,316.227783203125
5875.966501416306,-0.00010711893103813527,316.227783203125
5877.377370410313,-0.0001537550603602049,316.227783203125
5878.78823940432,-0.00023585421499256257,316.227783203125
5880.199108398328,-0.00038697572297538216,316.227783203125
5881.609977392335,-0.0005855760023959107,316.227783203125
5883.020846386343,-0.000845507685614845,316.227783203125
5884.43171538035,-0.0012153849614192497,316.227783203125
5885.842584374358,-0.0017779982864528,316.227783203125
5887.253453368366,-0.0025176160518042764,316.227783203125
5888.664322362373,-0.0032836267661471956,316.227783203125
5890.075191356381,-0.0037821733273816077,316.227783203125
5891.4860603503885,-0.0038836906873526422,316.227783203125
5892.896929344396,-0.0037748686387567704,316.227783203125
5894.307798338404,-0.0036516246112532607,316.227783203125
5895.71866733241,-0.0034498111783382926,316.227783203125
5897.129536326418,-0.0029861916623769164,316.227783203125
5898.540405320426,-0.002317013328540613,316.227783203125
5899.951274314433,-0.0016529535993655715,316.227783203125
5901.362143308441,-0.0011313943314587085,316.227783203125
5902.7730123024485,-0.0007765464584408889,316.227783203125
5904.183881296456,-0.0005496659830937223,316.227783203125
5905.594750290464,-0.0004046168572382422,316.227783203125
5907.005619284471,-0.00028950723301991027,316.227783203125
5908.416488278479,-0.0002200195450998317,316.227783203125
5909.827357272487,-0.0001917493129788457,316.227783203125
5911.238226266494,-0.00021987450397197017,316.227783203125
5912.649095260502,-0.00027932540136939646,316.227783203125
5914.059964254509,-0.0003500521126250204,316.227783203125
5915.470833248517,-0.00038118607654139686,316.227783203125
5916.881702242525,-0.00033678157350804094,316.227783203125
5918.292571236532,-0.0002568873142149153,316.227783203125
5919.70344023054,-0.00017223330201860884,316.227783203125
5921.1143092245475,-0.00011015781026420257,316.227783203125
5922.525178218555,-8.024069658078836e-05,316.227783203125
5923.936047212562,-6.116356790580174e-05,316.227783203125
5925.346916206569,-5.9453682213200104e-05,316.227783203125
5926.757785200577,-9.124622366455878e-05,316.227783203125
5928.168654194585,-0.0001306456677761525,316.227783203125
5929.579523188592,-0.00015719174253298052,316.227783203125
5930.9903921826,-0.0001628940795417068,316.227783203125
5932.4012611766075,-0.00014660054154344224,316.227783203125
5933.812130170615,-0.00012125786801238728,316.227783203125
5935.222999164623,-9.656954025475187e-05,316.227783203125
5936.63386815863,-5.424515306599875e-05,316.227783203125
5938.044737152638,-1.5177017477947807e-05,316.227783203125
5939.455606146645,-5.279628960928873e-07,316.227783203125
5940.866475140652,5.279628960894178e-07,316.227783203125
5942.27734413466,1.1132212551067527e-05,316.227783203125
5943.6882131286675,2.8254895576316358e-05,316.227783203125
5945.099082122675,3.4386311111821166e-05,316.227783203125
5946.509951116683,2.768978235950098e-05,316.227783203125
5947.92082011069,-4.7669716824710884e-05,316.227783203125
5949.331689104698,-0.00011446898475017675,316.227783203125
5950.742558098706,-0.00017517041210591763,316.227783203125
5952.153427092713,-0.00021331355318092438,316.227783203125
5953.564296086721,-0.00021946884458492327,316.227783203125
5954.975165080728,-0.00021734952390028636,316.227783203125
5956.386034074736,-0.000190048335228548,316.227783203125
5957.796903068744,-0.00013040315663772478,316.227783203125
5959.207772062751,-5.0286403613916675e-05,316.227783203125
5960.618641056759,3.352539942981167e-05,316.227783203125
5962.0295100507665,9.615070067053519e-05,316.227783203125
5963.440379044774,0.00013862166650216098,316.227783203125
5964.851248038782,0.00016924000733315944,316.227783203125
5966.262117032789,0.00019942187533845274,316.227783203125
5967.672986026796,0.0002401761751976289,316.227783203125
5969.083855020804,0.00028248206329019657,316.227783203125
5970.494724014811,0.00029265069756226336,316.227783203125
5971.905593008819,0.000261750238110689,316.227783203125
5973.3164620028265,0.00018331621489417124,316.227783203125
5974.727330996834,7.953142219363149e-05,316.227783203125
5976.138199990842,-1.5745806015685787e-05,316.227783203125
5977.549068984849,-7.648340744177001e-05,316.227783203125
5978.959937978857,-0.00010662327387441634,316.227783203125
5980.370806972865,-0.00013507211471531014,316.227783203125
5981.781675966872,-0.00018322259049411566,316.227783203125
5983.19254496088,-0.00024455567558270483,316.227783203125
5984.6034139548865,-0.00027428897494811977,316.227783203125
5986.014282948894,-0.00023901586834084235,316.227783203125
5987.425151942902,-0.00015831821776505703,316.227783203125
5988.836020936909,-6.643139975488419e-05,316.227783203125
5990.246889930917,1.3474943966727132e-05,316.227783203125
5991.657758924925,7.11455632443729e-05,316.227783203125
5993.068627918932,9.516100576391351e-05,316.227783203125
5994.47949691294,8.481415458769237e-05,316.227783203125
5995.890365906947,3.648448373860455e-05,316.227783203125
5997.301234900955,-3.597498425559134e-05,316.227783203125
5998.712103894963,-8.423198155115344e-05,316.227783203125
6000.12297288897,-0.00011528877147653355,316.227783203125
6001.533841882978,-0.000141269348536803,316.227783203125
6002.9447108769855,-0.0001786635616497917,316.227783203125
6004.355579870993,-0.00022704040152089766,316.227783203125
6005.766448865001,-0.00027915066267547584,316.227783203125
6007.177317859008,-0.0003282575160551589,316.227783203125
6008.588186853016,-0.0003426370403516385,316.227783203125
6009.999055847024,-0.00031262665752576635,316.227783203125
6011.40992484103,-0.0002906376702699401,316.227783203125
6012.820793835038,-0.00030551603843021954,316.227783203125
6014.2316628290455,-0.0003244199921082491,316.227783203125
6015.642531823053,-0.00034172124536614723,316.227783203125
6017.053400817061,-0.0003646688938281836,316.227783203125
6018.464269811068,-0.00039205305222019676,316.227783203125
6019.875138805076,-0.00038206949605691307,316.227783203125
6021.286007799084,-0.00034709517883339813,316.227783203125
6022.696876793091,-0.0002727182288011082,316.227783203125
6024.107745787099,-0.00016942605700695154,316.227783203125
6025.518614781106,-4.131252716904621e-05,316.227783203125
6026.929483775114,7.999395278500063e-05,316.227783203125
6028.340352769121,0.00020303317882948077,316.227783203125
6029.751221763128,0.00031026223006270365,316.227783203125
6031.162090757136,0.00038713336186904646,316.227783203125
6032.572959751144,0.00043616706660868157,316.227783203125
6033.983828745151,0.00047272174621828394,316.227783203125
6035.394697739159,0.0004821442941927226,316.227783203125
6036.805566733166,0.0004697563897717999,316.227783203125
6038.216435727174,0.0004510123633949814,316.227783203125
6039.627304721182,0.0004365621829790292,316.227783203125
6041.038173715189,0.0004438762105389814,316.227783203125
6042.449042709197,0.0004780395910310535,316.227783203125
6043.8599117032045,0.0005233121680940159,316.227783203125
6045.270780697212,0.0005714596675460079,316.227783203125
6046.68164969122,0.0006044625170143446,316.227783203125
6048.092518685227,0.000613101685686724,316.227783203125
6049.503387679235,0.0005987568554345103,316.227783203125
6050.914256673243,0.0005549845580038529,316.227783203125
6052.32512566725,0.00048089671399934725,316.227783203125
6053.735994661258,0.0003959861329579997,316.227783203125
6055.146863655265,0.00032623529639236315,316.227783203125
6056.557732649273,0.0002913306372427614,316.227783203125
6057.96860164328,0.00028918712061664145,316.227783203125
6059.379470637287,0.00028779278319449736,316.227783203125
6060.790339631295,0.00026859685040359765,316.227783203125
6062.201208625303,0.0002276447055663787,316.227783203125
6063.61207761931,0.0001964360434375638,316.227783203125
6065.022946613318,0.000219550824814594,316.227783203125
6066.433815607325,0.0003177227656308984,316.227783203125
6067.844684601333,0.00045641107019263674,316.227783203125
6069.25555359534,0.0006232953552635957,316.227783203125
6070.666422589347,0.000720117228206342,316.227783203125
6072.077291583355,0.0007650539587644063,316.227783203125
6073.488160577363,0.0007393159580441865,316.227783203125
6074.89902957137,0.0006618930970301619,316.227783203125
6076.309898565378,0.0005424032228607753,316.227783203125
6077.720767559385,0.00040242502925291745,316.227783203125
6079.131636553393,0.00027582757984762063,316.227783203125
6080.542505547401,0.00018694938050564658,316.227783203125
6081.953374541408,0.0001240098950277095,316.227783203125
6083.364243535416,9.17084561785804e-05,316.227783203125
6084.7751125294235,9.163882555483782e-05,316.227783203125
6086.185981523431,8.485763930161927e-05,316.227783203125
6087.596850517439,8.249650357308735e-05,316.227783203125
6089.007719511446,7.307765488990398e-05,316.227783203125
6090.418588505454,7.29931211345021e-05,316.227783203125
6091.829457499462,9.670622500805581e-05,316.227783203125
6093.240326493469,0.00016852651332936036,316.227783203125
6094.651195487477,0.00023762547014007443,316.227783203125
6096.062064481484,0.0002947092477154599,316.227783203125
6097.472933475492,0.00030196739153578664,316.227783203125
6098.8838024695,0.0002314480997338171,316.227783203125
6100.294671463507,0.00011865671918376286,316.227783203125
6101.705540457515,-7.1847204815393695e-06,316.227783203125
6103.116409451522,-6.109632765398387e-05,316.227783203125
6104.527278445529,0.0,316.227783203125
6105.938147439537,0.00012185429155900374,316.227783203125
6107.349016433544,0.0002364986693198963,316.227783203125
6108.759885427552,0.00032364622727078934,316.227783203125
6110.17075442156,0.00039582024870596366,316.227783203125
6111.581623415567,0.000447700850564281,316.227783203125
6112.992492409574,0.00046824333405568255,316.227783203125
6114.403361403582,0.0004567963153998475,316.227783203125
6115.814230397589,0.00039684963388162894,316.227783203125
6117.225099391597,0.00027477624827804484,316.227783203125
6118.635968385604,0.0001520642066165645,316.227783203125
6120.046837379612,-8.844802770881927e-06,316.227783203125
6121.45770637362,-0.00010730666474607908,316.227783203125
6122.868575367627,-9.940891628508822e-05,316.227783203125
6124.279444361635,0.0,316.227783203125
6125.6903133556425,0.00011615254529837721,316.227783203125
6127.10118234965,0.00022000425499565934,316.227783203125
6128.512051343658,0.00028830606046440985,316.227783203125
6129.922920337665,0.0003435715335441125,316.227783203125
6131.333789331673,0.0003163338783452631,316.227783203125
6132.744658325681,0.0002070750514147346,316.227783203125
6134.155527319688,1.586618710342283e-05,316.227783203125
6135.566396313696,-0.00019996638384245022,316.227783203125
6136.977265307703,-0.0002951369035427767,316.227783203125
6138.388134301711,-0.00023598593131057138,316.227783203125
6139.799003295719,-6.203918610403134e-05,316.227783203125
6141.209872289726,0.0001413030878331875,316.227783203125
6142.620741283734,0.00031705702138428923,316.227783203125
6144.0316102777415,0.00042637817011509024,316.227783203125
6145.442479271749,0.0004679422758942821,316.227783203125
6146.853348265756,0.0004354774373655085,316.227783203125
6148.264217259763,0.0003585177678116433,316.227783203125
6149.675086253771,0.00030585621923187936,316.227783203125
6151.085955247779,0.0002531406903744336,316.227783203125
6152.496824241786,0.00017757666721173251,316.227783203125
6153.907693235794,8.638819660330976e-05,316.227783203125
6155.3185622298015,-6.43379230167683e-05,316.227783203125
6156.729431223809,-0.00025919221127427075,316.227783203125
6158.140300217816,-0.000496515157002303,316.227783203125
6159.551169211823,-0.0007757210132376714,316.227783203125
6160.962038205831,-0.001046855591824672,316.227783203125
6162.372907199839,-0.0011890997542557784,316.227783203125
6163.783776193846,-0.0011818238266864574,316.227783203125
6165.194645187854,-0.00106648997386476,316.227783203125
6166.6055141818615,-0.0009380025575895963,316.227783203125
6168.016383175869,-0.0008186724264951026,316.227783203125
6169.427252169877,-0.0007324323503972545,316.227783203125
6170.838121163884,-0.0006164466013155734,316.227783203125
6172.248990157892,-0.0004631100535473741,316.227783203125
6173.6598591519,-0.0003236829345814665,316.227783203125
6175.070728145907,-0.00018772166526459869,316.227783203125
6176.481597139915,-7.466428464951089e-05,316.227783203125
6177.892466133922,1.9607002786536237e-05,316.227783203125
6179.30333512793,9.703913702246644e-05,316.227783203125
6180.714204121938,0.00014490135799942808,316.227783203125
6182.125073115945,0.0001567076407014388,316.227783203125
6183.535942109953,0.00011272029963202077,316.227783203125
6184.9468111039605,0.0,316.227783203125
6186.357680097968,-0.00012329671991430022,316.227783203125
6187.768549091976,-0.00028073279818997127,316.227783203125
6189.179418085983,-0.00041219750726362303,316.227783203125
6190.59028707999,-0.00047271567654298685,316.227783203125
6192.001156073998,-0.00044071065382527905,316.227783203125
6193.412025068005,-0.0003268599009261415,316.227783203125
6194.822894062013,-0.0001901743862954136,316.227783203125
6196.2337630560205,-7.335197824143505e-05,316.227783203125
6197.644632050028,-6.324882704505236e-06,316.227783203125
6199.055501044036,2.7214623051646097e-05,316.227783203125
6200.466370038043,6.75543786553337e-05,316.227783203125
6201.87723903205,0.00012651225093337007,316.227783203125
6203.288108026058,0.00019058493560302966,316.227783203125
6204.698977020065,0.00024347975095974014,316.227783203125
6206.109846014073,0.00026086339118736035,316.227783203125
6207.5207150080805,0.00022206805289442036,316.227783203125
6208.931584002088,0.00011465569736740858,316.227783203125
6210.342452996096,-4.658234919704615e-05,316.227783203125
6211.753321990103,-0.0002479634190306265,316.227783203125
6213.164190984111,-0.0004555819893534291,316.227783203125
6214.575059978119,-0.0006117512438891491,316.227783203125
6215.985928972126,-0.0006893292787774827,316.227783203125
6217.396797966134,-0.0007037205190627976,316.227783203125
6218.807666960141,-0.0006844160511880817,316.227783203125
6220.218535954149,-0.0006466622944107138,316.227783203125
6221.629404948157,-0.0005972677964027305,316.227783203125
6223.040273942164,-0.0005490193132640792,316.227783203125
6224.451142936172,-0.000528612605136692,316.227783203125
6225.8620119301795,-0.0005473876038939347,316.227783203125
6227.272880924187,-0.0006130018575244284,316.227783203125
6228.683749918195,-0.0007026947814406,316.227783203125
6230.094618912202,-0.0007572908589791628,316.227783203125
6231.50548790621,-0.0007592143974961378,316.227783203125
6232.916356900218,-0.0006499258561347594,316.227783203125
6234.327225894224,-0.0005398450042660326,316.227783203125
6235.738094888232,-0.0004775302241897608,316.227783203125
6237.1489638822395,-0.000479698301429507,316.227783203125
6238.559832876247,-0.0005695788536035015,316.227783203125
6239.970701870255,-0.0006857194566597564,316.227783203125
6241.381570864262,-0.0007819166853028775,316.227783203125
6242.79243985827,-0.0008381063073010231,316.227783203125
6244.203308852278,-0.0008326638962192247,316.227783203125
6245.614177846284,-0.0007779861118790213,316.227783203125
6247.025046840292,-0.0006959301040315932,316.227783203125
6248.4359158342995,-0.0006347463012210536,316.227783203125
6249.846784828307,-0.0006396226559186695,316.227783203125
6251.257653822315,-0.000727072824019858,316.227783203125
6252.668522816322,-0.0008609441990454353,316.227783203125
6254.07939181033,-0.0009771644074926152,316.227783203125
6255.490260804338,-0.0010672895300325915,316.227783203125
6256.901129798345,-0.0010791578713780347,316.227783203125
6258.311998792353,-0.0010129077520083934,316.227783203125
6259.72286778636,-0.0008453950139785983,316.227783203125
6261.133736780368,-0.0006385708280813585,316.227783203125
6262.544605774376,-0.00045611625393513974,316.227783203125
6263.955474768383,-0.00032990196797084634,316.227783203125
6265.366343762391,-0.00026366745260992044,316.227783203125
6266.7772127563985,-0.00021336144539682925,316.227783203125
6268.188081750406,-0.0001776454156581439,316.227783203125
6269.598950744414,-0.00015170283697623146,316.227783203125
6271.009819738421,-0.00010468781411581557,316.227783203125
6272.420688732429,-5.2255403616925655e-05,316.227783203125
6273.831557726437,-1.5469659807074154e-05,316.227783203125
6275.242426720444,0.0,316.227783203125
6276.653295714452,-1.2899262024881203e-05,316.227783203125
6278.064164708459,-5.539552718408433e-05,316.227783203125
6279.475033702466,-9.549738188027734e-05,316.227783203125
6280.885902696474,-0.00011144249118910654,316.227783203125
6282.296771690481,-8.856834631015831e-05,316.227783203125
6283.707640684489,-2.4857648993851372e-05,316.227783203125
6285.118509678497,7.136645461218796e-05,316.227783203125
6286.529378672504,0.00017643474222915276,316.227783203125
6287.940247666512,0.00023431791685021158,316.227783203125
6289.3511166605185,0.00025009627177812604,316.227783203125
6290.761985654526,0.0001966008293479045,316.227783203125
6292.172854648534,0.00014077011217763016,316.227783203125
6293.583723642541,6.339009864136588e-05,316.227783203125
6294.994592636549,8.583827305133629e-06,316.227783203125
6296.405461630557,-2.5880548625338562e-05,316.227783203125
6297.816330624564,-5.7998964639593975e-05,316.227783203125
6299.227199618572,-9.784685991886047e-05,316.227783203125
6300.638068612579,-0.00012260263872100607,316.227783203125
6302.048937606587,-9.884992590602007e-05,316.227783203125
6303.459806600595,-4.8818141238578944e-05,316.227783203125
6304.870675594602,-1.3741782147400072e-06,316.227783203125
6306.28154458861,5.172417642840613e-05,316.227783203125
6307.6924135826175,9.02272919220369e-05,316.227783203125
6309.103282576625,8.047323173606194e-05,316.227783203125
6310.514151570633,-3.317900634857568e-06,316.227783203125
6311.92502056464,-9.564552925965877e-05,316.227783203125
6313.335889558648,-0.0002050696000178466,316.227783203125
6314.746758552656,-0.00033425506321705864,316.227783203125
6316.157627546663,-0.0004223964347852445,316.227783203125
6317.568496540671,-0.0004507730322460858,316.227783203125
6318.979365534678,-0.00041202655176360986,316.227783203125
6320.390234528686,-0.0003012678763874739,316.227783203125
6321.801103522694,-0.00015792262868244075,316.227783203125
6323.2119725167,-2.182682906585326e-05,316.227783203125
6324.622841510708,0.00010157338120797207,316.227783203125
6326.033710504716,0.00019608389175101645,316.227783203125
6327.444579498723,0.00024838463130866587,316.227783203125
6328.855448492731,0.00024792625980804214,316.227783203125
6330.266317486738,0.00022873249482833688,316.227783203125
6331.677186480746,0.00018672511055776997,316.227783203125
6333.088055474754,0.00011794678526435773,316.227783203125
6334.49892446876,2.1916763693192315e-05,316.227783203125
6335.909793462768,-5.4945816680043724e-05,316.227783203125
6337.320662456776,-8.56152029798038e-05,316.227783203125
6338.731531450783,-8.193163775245191e-05,316.227783203125
6340.142400444791,-6.303644089772353e-05,316.227783203125
6341.553269438798,-5.460426219799919e-05,316.227783203125
6342.964138432806,-5.330437776413302e-05,316.227783203125
6344.375007426814,-4.451112538433194e-05,316.227783203125
6345.785876420821,6.066172446146656e-06,316.227783203125
6347.196745414829,8.325348550979744e-05,316.227783203125
6348.6076144088365,0.00015640495480130634,316.227783203125
6350.018483402844,0.00015283518995653014,316.227783203125
6351.429352396852,0.00012480499709462828,316.227783203125
6352.840221390859,2.7400970123332702e-05,316.227783203125
6354.251090384867,-0.00011353666451226901,316.227783203125
6355.661959378875,-0.0002806166896939452,316.227783203125
6357.072828372882,-0.0004322476857301083,316.227783203125
6358.48369736689,-0.0005820589895337153,316.227783203125
6359.894566360897,-0.0006717107851445317,316.227783203125
6361.305435354905,-0.0007038360402238306,316.227783203125
6362.716304348913,-0.0006503501319667197,316.227783203125
6364.12717334292,-0.0005050715308431569,316.227783203125
6365.538042336928,-0.0003064022567632711,316.227783203125
6366.948911330935,-0.0001117327656315753,316.227783203125
6368.359780324942,4.912444114529152e-05,316.227783203125
6369.77064931895,0.0001789336621605582,316.227783203125
6371.181518312957,0.000285026602841975,316.227783203125
6372.592387306965,0.00036115356583335187,316.227783203125
6374.003256300973,0.00038629121160072694,316.227783203125
6375.41412529498,0.00038270456290019975,316.227783203125
6376.824994288988,0.00034767509381151626,316.227783203125
6378.235863282995,0.0002872988277325961,316.227783203125
6379.646732277002,0.0002484025216229688,316.227783203125
6381.05760127101,0.00022745329615264653,316.227783203125
6382.4684702650175,0.0002459547867827358,316.227783203125
6383.879339259025,0.00026685218632705246,316.227783203125
6385.290208253033,0.0002925764094296769,316.227783203125
6386.70107724704,0.0003090760078903326,316.227783203125
6388.111946241048,0.0002962433117950185,316.227783203125
6389.5228152350555,0.0002449367782317233,316.227783203125
6390.933684229063,0.0001485029140126555,316.227783203125
6392.344553223071,5.639329683446506e-05,316.227783203125
6393.755422217078,-6.977451786013139e-06,316.227783203125
6395.166291211086,-3.080023413249214e-05,316.227783203125
6396.577160205094,-3.386299354425984e-05,316.227783203125
6397.988029199101,-4.370352827091223e-05,316.227783203125
6399.398898193109,-4.597235655685872e-05,316.227783203125
6400.809767187116,-1.5293311068642623e-05,316.227783203125
6402.220636181124,5.648908394016022e-05,316.227783203125
6403.631505175132,0.00010900678853877077,316.227783203125
6405.042374169139,0.00012374615696174318,316.227783203125
6406.453243163147,9.308379846668588e-05,316.227783203125
6407.8641121571545,3.3613006197072415e-05,316.227783203125
6409.274981151162,-2.5512762369967606e-05,316.227783203125
6410.685850145169,-6.305742946806359e-05,316.227783203125
6412.0967191391765,-8.152597631186365e-05,316.227783203125
6413.507588133184,-8.563167798118429e-05,316.227783203125
6414.918457127192,-9.000630303153748e-05,316.227783203125
6416.329326121199,-0.00010203393593973334,316.227783203125
6417.740195115207,-0.00012466816013884455,316.227783203125
6419.1510641092145,-0.00013727668321477163,316.227783203125
6420.561933103222,-0.00012555314537330414,316.227783203125
6421.972802097229,-7.797850937135697e-05,316.227783203125
6423.3836710912365,2.342030467361242e-05,316.227783203125
6424.794540085244,9.141473032274819e-05,316.227783203125
6426.205409079252,0.00013074707489957316,316.227783203125
6427.616278073259,0.00011524792951061666,316.227783203125
6429.027147067267,4.099259428905211e-05,316.227783203125
6430.4380160612745,-1.5224599976416953e-05,316.227783203125
6431.848885055282,-5.072488235395231e-05,316.227783203125
6433.25975404929,-3.170790856236311e-05,316.227783203125
6434.670623043297,5.8157515944110005e-06,316.227783203125
6436.081492037305,2.10311835589852e-05,316.227783203125
6437.492361031313,1.8467417042106887e-05,316.227783203125
6438.90323002532,4.7499361210408264e-05,316.227783203125
6440.314099019328,0.000123798760041878,316.227783203125
6441.7249680133355,0.00021014387853448765,316.227783203125
6443.135837007343,0.00027120166582670843,316.227783203125
6444.546706001351,0.000265705412765993,316.227783203125
6445.957574995358,0.0001639256655723148,316.227783203125
6447.368443989366,-9.13445450166292e-06,316.227783203125
6448.7793129833735,-0.00020184596396336657,316.227783203125
6450.190181977381,-0.00032040344387926703,316.227783203125
6451.601050971389,-0.0003151596469484555,316.227783203125
6453.011919965396,-0.0002348926777184998,316.227783203125
6454.422788959404,-0.00012280642811300993,316.227783203125
6455.833657953411,-1.092159232643497e-05,316.227783203125
6457.244526947418,6.91618896787663e-05,316.227783203125
6458.655395941426,0.00011104624722096598,316.227783203125
6460.0662649354335,9.438231051828866e-05,316.227783203125
6461.477133929441,4.51843999777872e-05,316.227783203125
6462.888002923449,2.2928164576271198e-05,316.227783203125
6464.298871917456,5.3957142233485716e-05,316.227783203125
6465.709740911464,0.00013030607986190892,316.227783203125
6467.120609905471,0.0001941945074718024,316.227783203125
6468.531478899478,0.00024269296207297605,316.227783203125
6469.942347893486,0.0002581220207699027,316.227783203125
6471.3532168874935,0.00026188622267296277,316.227783203125
6472.764085881501,0.00027732162409389166,316.227783203125
6474.174954875509,0.0002967209439766576,316.227783203125
6475.585823869516,0.00030142638626572474,316.227783203125
6476.996692863524,0.00028003002387216175,316.227783203125
6478.407561857532,0.00023247323222161734,316.227783203125
6479.818430851539,0.00015275018459466258,316.227783203125
6481.229299845547,6.77505022341103e-05,316.227783203125
6482.6401688395545,1.582114609578744e-05,316.227783203125
6484.051037833562,6.215228383406324e-06,316.227783203125
6485.46190682757,2.9621501014022444e-06,316.227783203125
6486.872775821577,-3.5411327554073224e-05,316.227783203125
6488.283644815585,-0.00013001698159661318,316.227783203125
6489.6945138095925,-0.0003095144788122506,316.227783203125
6491.1053828036,-0.0005638556705499786,316.227783203125
6492.516251797608,-0.0008443942078732586,316.227783203125
6493.927120791615,-0.0010901336317831536,316.227783203125
6495.337989785623,-0.0012338748378420972,316.227783203125
6496.748858779631,-0.0012226312415480473,316.227783203125
6498.159727773638,-0.0010803066645929185,316.227783203125
6499.570596767645,-0.0008521360384174392,316.227783203125
6500.9814657616525,-0.0005947274958626077,316.227783203125
6502.39233475566,-0.0003593702255906342,316.227783203125
6503.803203749668,-0.00016745657170966904,316.227783203125
6505.214072743675,-2.310113335736788e-05,316.227783203125
6506.624941737683,5.8759496535557704e-05,316.227783203125
6508.035810731691,0.0001094156517511477,316.227783203125
6509.446679725698,0.00015540791691559877,316.227783203125
6510.857548719705,0.0001813312580485095,316.227783203125
6512.268417713713,0.0001931100266354853,316.227783203125
6513.67928670772,0.00019156357105312022,316.227783203125
6515.090155701728,0.00016828940324927627,316.227783203125
6516.501024695735,0.00014581464855941556,316.227783203125
6517.911893689743,0.0001416916057610726,316.227783203125
6519.322762683751,0.0001636248405079005,316.227783203125
6520.733631677758,0.0002102088942379371,316.227783203125
6522.144500671766,0.0002569491786468432,316.227783203125
6523.5553696657735,0.0002820133454745945,316.227783203125
6524.966238659781,0.0002853266066291729,316.227783203125
6526.377107653789,0.0002777728994788238,316.227783203125
6527.787976647796,0.0002537221606187627,316.227783203125
6529.198845641804,0.00025578675583205757,316.227783203125
6530.6097146358115,0.00026130408091585774,316.227783203125
6532.020583629819,0.00027159085942019337,316.227783203125
6533.431452623827,0.00031115558767794843,316.227783203125
6534.842321617834,0.000369035754745943,316.227783203125
6536.253190611842,0.00042135467576842264,316.227783203125
6537.66405960585,0.0004711036189998276,316.227783203125
6539.074928599857,0.0004961833040415774,316.227783203125
6540.485797593865,0.0005044183543888581,316.227783203125
6541.8966665878725,0.0005440717806588016,316.227783203125
6543.307535581879,0.0006362351940000545,316.227783203125
6544.718404575887,0.0007693256641609046,316.227783203125
6546.129273569894,0.000891007632520667,316.227783203125
6547.540142563902,0.0009315271542968094,316.227783203125
6548.95101155791,0.0008671788960982335,316.227783203125
6550.361880551917,0.0006770660167754149,316.227783203125
6551.772749545925,0.0003393262493773322,316.227783203125
6553.1836185399325,-3.0492436091048708e-05,316.227783203125
6554.594487533939,-0.0002612145580441136,316.227783203125
6556.005356527947,-0.00024449187420875346,316.227783203125
6557.416225521954,0.0001278965482750874,316.227783203125
6558.827094515962,0.0004989642111681916,316.227783203125
6560.23796350997,-0.00012622910315433084,316.227783203125
6561.648832503977,-0.001674786240203771,316.227783203125
6563.059701497985,-0.0024189596811018607,316.227783203125
6564.4705704919925,-0.001360781033302949,316.227783203125
6565.881439486,0.0001142587875519914,316.227783203125
6567.292308480008,0.00037920432003580445,316.227783203125
6568.703177474015,-0.00010164650355070151,316.227783203125
6570.114046468023,-0.00034666463236463635,316.227783203125
6571.524915462031,-0.0003859208831608063,316.227783203125
6572.935784456038,-0.00030146550252041146,316.227783203125
6574.346653450046,-0.00014043769464313835,316.227783203125
6575.757522444053,0.0001231608429960243,316.227783203125
6577.168391438061,0.0005603049752495419,316.227783203125
6578.579260432069,0.0012409154301252431,316.227783203125
6579.990129426076,0.002051560911765251,316.227783203125
6581.400998420084,0.0027142428018264372,316.227783203125
6582.8118674140915,0.0030415875776977006,316.227783203125
6584.222736408099,0.0030267834156954172,316.227783203125
6585.633605402107,0.0026944195525270796,316.227783203125
6587.044474396114,0.002043131587080929,316.227783203125
6588.455343390121,0.0012527064345945298,316.227783203125
6589.866212384129,0.0006259601095262128,316.227783203125
6591.277081378136,0.00023184191570650367,316.227783203125
6592.687950372144,1.2487474336103643e-06,316.227783203125
6594.0988193661515,-8.208598752592125e-05,316.227783203125
6595.509688360159,-7.101205810148073e-05,316.227783203125
6596.920557354167,-1.1458814690921276e-05,316.227783203125
6598.331426348173,7.37786724368597e-05,316.227783203125
6599.742295342181,0.00014565486833275146,316.227783203125
6601.153164336189,0.00019250809814357062,316.227783203125
6602.564033330196,0.0001983714691858908,316.227783203125
6603.974902324204,0.00015918789237489434,316.227783203125
6605.3857713182115,9.316844630228097e-05,316.227783203125
6606.796640312219,3.3210959889482666e-05,316.227783203125
6608.207509306227,1.140997891927939e-05,316.227783203125
6609.618378300234,5.462388209694774e-05,316.227783203125
6611.029247294242,0.0001502428543985676,316.227783203125
6612.44011628825,0.0002427423814203751,316.227783203125
6613.850985282257,0.00031443732276768485,316.227783203125
6615.261854276265,0.000377751448130674,316.227783203125
6616.672723270272,0.00041607599293640163,316.227783203125
6618.08359226428,0.00042203263702600066,316.227783203125
6619.494461258288,0.00040764170262013247,316.227783203125
6620.905330252295,0.0003596367396729652,316.227783203125
6622.316199246303,0.0002878018587768108,316.227783203125
6623.7270682403105,0.00021254435677037914,316.227783203125
6625.137937234318,0.0001451383576480461,316.227783203125
6626.548806228326,9.067046012484897e-05,316.227783203125
6627.959675222333,3.8304112927826234e-05,316.227783203125
6629.370544216341,-1.709805357975186e-05,316.227783203125
6630.781413210349,-9.046535522578072e-05,316.227783203125
6632.192282204355,-0.00014401322421907226,316.227783203125
6633.603151198363,-0.00016229479831338448,316.227783203125
6635.0140201923705,-0.00012195464956000004,316.227783203125
6636.424889186378,-6.539392500434088e-05,316.227783203125
6637.835758180386,-1.6047608332656754e-05,316.227783203125
6639.246627174393,2.5698268199449842e-05,316.227783203125
6640.657496168401,3.755502749880346e-05,316.227783203125
6642.068365162409,2.494568465368635e-05,316.227783203125
6643.479234156415,1.7252691947421822e-05,316.227783203125
6644.890103150423,2.8436371660767873e-05,316.227783203125
6646.3009721444305,4.641055601118174e-05,316.227783203125
6647.711841138438,5.9136961650555625e-05,316.227783203125
6649.122710132446,7.810015566336523e-05,316.227783203125
6650.533579126453,9.384347341950816e-05,316.227783203125
6651.944448120461,7.364157644301414e-05,316.227783203125
6653.355317114469,5.5070939433930766e-05,316.227783203125
6654.766186108476,4.142325192153101e-05,316.227783203125
6656.177055102484,2.1240396590179594e-05,316.227783203125
6657.587924096491,-1.7512817467726233e-05,316.227783203125
6658.998793090499,-7.447513367894384e-05,316.227783203125
6660.409662084507,-0.0001402945770324765,316.227783203125
6661.820531078514,-0.00019880744043399012,316.227783203125
6663.231400072522,-0.00023633045257720822,316.227783203125
6664.6422690665295,-0.00023659669439415193,316.227783203125
6666.053138060537,-0.00019759796644319705,316.227783203125
6667.464007054545,-0.00012980970135480913,316.227783203125
6668.874876048552,-4.3347289475179074e-05,316.227783203125
6670.28574504256,3.21370636726416e-05,316.227783203125
6671.696614036568,7.946406016490562e-05,316.227783203125
6673.107483030575,7.192335180694967e-05,316.227783203125
6674.518352024583,1.3092036635509868e-05,316.227783203125
6675.9292210185895,-7.931995676107792e-05,316.227783203125
6677.340090012597,-0.00017330701240434593,316.227783203125
6678.750959006605,-0.00022062007437666925,316.227783203125
6680.161828000612,-0.00017817315272285542,316.227783203125
6681.57269699462,-0.00010395162349206497,316.227783203125
6682.983565988628,-3.7442906982616125e-05,316.227783203125
6684.394434982635,7.409414894903044e-06,316.227783203125
6685.805303976643,5.184080684341244e-05,316.227783203125
6687.2161729706495,7.995845760400827e-05,316.227783203125
6688.627041964657,8.394992432956758e-05,316.227783203125
6690.037910958665,6.918429265554207e-05,316.227783203125
6691.448779952672,3.8501565550016353e-05,316.227783203125
6692.85964894668,-1.5250523417911083e-05,316.227783203125
6694.270517940688,-7.894286849386561e-05,316.227783203125
6695.681386934695,-0.00012880170986525816,316.227783203125
6697.092255928703,-0.00015728563274349655,316.227783203125
6698.50312492271,-0.00015275568265275125,316.227783203125
6699.913993916718,-0.000115216222586801,316.227783203125
6701.324862910726,-7.962099777172882e-05,316.227783203125
6702.735731904733,-4.903491390436179e-05,316.227783203125
6704.146600898741,-3.507276494993383e-05,316.227783203125
6705.5574698927485,-1.619699233423172e-05,316.227783203125
6706.968338886756,-5.391183237859337e-06,316.227783203125
6708.379207880764,1.1594594889606513e-05,316.227783203125
6709.790076874771,6.915805129785457e-05,316.227783203125
6711.200945868779,0.00018027010086452827,316.227783203125
6712.611814862787,0.0002871751079681663,316.227783203125
6714.022683856794,0.0002644104028736438,316.227783203125
6715.433552850802,4.185244536082655e-05,316.227783203125
6716.844421844809,-0.00010015946439619755,316.227783203125
6718.255290838817,7.252726336002754e-05,316.227783203125
6719.666159832824,0.00019325447207049762,316.227783203125
6721.077028826831,0.00013296363844176456,316.227783203125
6722.487897820839,4.030986268799969e-05,316.227783203125
6723.898766814847,4.2105334078394036e-05,316.227783203125
6725.309635808854,0.00014878519326598505,316.227783203125
6726.720504802862,0.0003130703109316159,316.227783203125
6728.131373796869,0.00041650741844641986,316.227783203125
6729.542242790877,0.0003814536927020419,316.227783203125
6730.953111784884,0.00031260535548931906,316.227783203125
6732.363980778891,0.00037060247743315317,316.227783203125
6733.774849772899,0.0004306571194416832,316.227783203125
6735.185718766907,0.00030141359187033784,316.227783203125
6736.596587760914,8.662311451944696e-05,316.227783203125
6738.007456754922,-7.164017054324748e-05,316.227783203125
6739.418325748929,-0.00016298215486628895,316.227783203125
6740.829194742937,-0.00022069456946714056,316.227783203125
6742.240063736945,-0.00026215889590875535,316.227783203125
6743.650932730952,-0.000290601238782974,316.227783203125
6745.06180172496,-0.00031785380851634057,316.227783203125
6746.4726707189675,-0.00033514068278887865,316.227783203125
6747.883539712975,-0.000366317359063225,316.227783203125
6749.294408706983,-0.000384390309289849,316.227783203125
6750.70527770099,-0.00037277346933911257,316.227783203125
6752.116146694998,-0.00034517271434811314,316.227783203125
6753.527015689006,-0.00028188536489701793,316.227783203125
6754.937884683013,-0.00019508953070828186,316.227783203125
6756.348753677021,-0.0001069176330479038,316.227783203125
6757.759622671028,-3.112616267456764e-05,316.227783203125
6759.170491665036,1.833363841241553e-05,316.227783203125
6760.581360659044,2.4101971173511733e-05,316.227783203125
6761.992229653051,2.380350964982514e-06,316.227783203125
6763.403098647059,-3.333405749539331e-05,316.227783203125
6764.813967641066,-9.72867339052684e-05,316.227783203125
6766.224836635073,-0.0001576362932198365,316.227783203125
6767.635705629081,-0.00019154377113513033,316.227783203125
6769.046574623088,-0.00018598400572754012,316.227783203125
6770.457443617096,-0.00015290533169620701,316.227783203125
6771.868312611104,-9.516273008543588e-05,316.227783203125
6773.279181605111,-1.6497396661038083e-05,316.227783203125
6774.690050599118,6.106085623023422e-05,316.227783203125
6776.100919593126,0.00010798028859503733,316.227783203125
6777.511788587133,0.00011646991996402956,316.227783203125
6778.922657581141,8.275224107153964e-05,316.227783203125
6780.333526575148,2.9710395998694406e-06,316.227783203125
6781.744395569156,-0.00011627200908137514,316.227783203125
6783.155264563164,-0.0002219043515680509,316.227783203125
6784.566133557171,-0.00028567776669415415,316.227783203125
6785.977002551179,-0.0002958231623916563,316.227783203125
6787.3878715451865,-0.00027051663340715154,316.227783203125
6788.798740539194,-0.00023588747418525763,316.227783203125
6790.209609533202,-0.0002043926728668051,316.227783203125
6791.620478527209,-0.00018709804792526805,316.227783203125
6793.031347521217,-0.00019302183060349032,316.227783203125
6794.442216515225,-0.00020107184187369634,316.227783203125
6795.853085509232,-0.00019772793489652996,316.227783203125
6797.26395450324,-0.00017906035126967132,316.227783203125
6798.674823497247,-0.00014668735874341296,316.227783203125
6800.085692491255,-0.00010800496324736564,316.227783203125
6801.496561485263,-7.921529960915052e-05,316.227783203125
6802.90743047927,-6.582024742095641e-05,316.227783203125
6804.318299473278,-5.642439842482028e-05,316.227783203125
6805.7291684672855,-5.1164680894982134e-05,316.227783203125
6807.140037461293,-7.302041001914367e-05,316.227783203125
6808.5509064553,-8.385411528835651e-05,316.227783203125
6809.961775449307,-8.71736606329436e-05,316.227783203125
6811.372644443315,-9.62685748028165e-05,316.227783203125
6812.783513437323,-0.00010937428259489082,316.227783203125
6814.19438243133,-0.00010451636412407012,316.227783203125
6815.605251425338,-8.408789492006519e-05,316.227783203125
6817.0161204193455,-5.908729342852387e-05,316.227783203125
6818.426989413353,-2.88066713871743e-05,316.227783203125
6819.83785840736,1.0069571742057914e-07,316.227783203125
6821.248727401367,2.5593419479556095e-05,316.227783203125
6822.659596395375,4.8934218186941214e-05,316.227783203125
6824.070465389383,4.246130484228047e-05,316.227783203125
6825.48133438339,3.207139646411658e-05,316.227783203125
6826.892203377398,1.844785886009545e-05,316.227783203125
6828.3030723714055,4.936181407580453e-07,316.227783203125
6829.713941365413,-1.3304822189863508e-05,316.227783203125
6831.124810359421,-1.9655067315913627e-05,316.227783203125
6832.535679353428,-2.0896607655713356e-05,316.227783203125
6833.946548347436,-2.485697567562728e-05,316.227783203125
6835.357417341444,-6.367499802635221e-05,316.227783203125
6836.768286335451,-0.0001520418582309016,316.227783203125
6838.179155329459,-0.0002475073639165645,316.227783203125
6839.590024323466,-0.0003209040870849507,316.227783203125
6841.000893317474,-0.00035812518579050184,316.227783203125
6842.411762311482,-0.000345821150869962,316.227783203125
6843.822631305489,-0.0002834491173566746,316.227783203125
6845.233500299497,-0.00019641100372077766,316.227783203125
6846.6443692935045,-0.00012710697071398325,316.227783203125
6848.055238287512,-9.635552499799929e-05,316.227783203125
6849.46610728152,-9.666136024753108e-05,316.227783203125
6850.876976275527,-0.00011936709830548398,316.227783203125
6852.287845269534,-0.00017452683669959626,316.227783203125
6853.698714263542,-0.00023643280953073928,316.227783203125
6855.109583257549,-0.00029615108230197223,316.227783203125
6856.520452251557,-0.00033887579339923063,316.227783203125
6857.9313212455645,-0.00035427970144497056,316.227783203125
6859.342190239572,-0.00034244716702184,316.227783203125
6860.75305923358,-0.0003003927882362402,316.227783203125
6862.163928227587,-0.00022653978598448365,316.227783203125
6863.574797221594,-0.0001483373739270162,316.227783203125
6864.985666215602,-6.185525532538191e-05,316.227783203125
6866.396535209609,2.0832496756828522e-06,316.227783203125
6867.807404203617,4.0580896048240944e-05,316.227783203125
6869.2182731976245,5.867992830378352e-05,316.227783203125
6870.629142191632,5.662815326899773e-05,316.227783203125
6872.04001118564,3.981416756955805e-05,316.227783203125
6873.450880179647,2.0042055908778972e-05,316.227783203125
6874.861749173655,1.175988411133283e-06,316.227783203125
6876.272618167663,-1.203104568465313e-05,316.227783203125
6877.68348716167,-3.455668908765308e-05,316.227783203125
6879.094356155678,-5.9648803333766515e-05,316.227783203125
6880.505225149685,-8.000704024287847e-05,316.227783203125
6881.916094143693,-9.511988643293168e-05,316.227783203125
6883.326963137701,-7.214367246732509e-05,316.227783203125
6884.737832131708,-1.420314973921144e-05,316.227783203125
6886.148701125716,5.8354874246453053e-05,316.227783203125
6887.5595701197235,0.00014282298021349796,316.227783203125
6888.970439113731,0.00021540825695172058,316.227783203125
6890.381308107739,0.0002502648503288317,316.227783203125
6891.792177101746,0.0002604910851351505,316.227783203125
6893.203046095754,0.0002534691979897523,316.227783203125
6894.613915089762,0.00024415840127599286,316.227783203125
6896.024784083768,0.00023933741519440235,316.227783203125
6897.435653077776,0.00023796499200656393,316.227783203125
6898.8465220717835,0.00023740174175727186,316.227783203125
6900.257391065791,0.00024632000372087556,316.227783203125
6901.668260059799,0.00025058221824175025,316.227783203125
6903.079129053806,0.00025058229484455075,316.227783203125
6904.489998047814,0.00024493884347055045,316.227783203125
6905.900867041822,0.00024614503110967703,316.227783203125
6907.311736035828,0.00024527950077440214,316.227783203125
6908.722605029836,0.0002268836375007334,316.227783203125
6910.1334740238435,0.00018725140499019702,316.227783203125
6911.544343017851,0.0001451371955609737,316.227783203125
6912.955212011859,8.731200062701491e-05,316.227783203125
6914.366081005866,4.028196913007098e-05,316.227783203125
6915.776949999874,3.344311160087196e-05,316.227783203125
6917.187818993882,3.639751556963611e-05,316.227783203125
6918.598687987889,4.0049394426103224e-05,316.227783203125
6920.009556981897,4.331782204087045e-05,316.227783203125
6921.420425975904,2.8413880338792885e-05,316.227783203125
6922.831294969912,-1.0094160624966875e-05,316.227783203125
6924.24216396392,-5.229794249857547e-05,316.227783203125
6925.653032957927,-6.211900780490887e-05,316.227783203125
6927.063901951935,-5.8928714672178834e-05,316.227783203125
6928.4747709459425,-3.442621045382163e-05,316.227783203125
6929.88563993995,-9.445296710545309e-06,316.227783203125
6931.296508933958,2.5027568361646324e-06,316.227783203125
6932.707377927965,1.3461781862351974e-05,316.227783203125
6934.118246921973,3.880863435225604e-05,316.227783203125
6935.529115915981,7.398417480267844e-05,316.227783203125
6936.939984909988,0.00010164756135712036,316.227783203125
6938.350853903996,0.00012780546109554536,316.227783203125
6939.761722898003,0.00013475733718531363,316.227783203125
6941.17259189201,0.00010834817022912016,316.227783203125
6942.583460886018,6.877294567388115e-05,316.227783203125
6943.994329880025,2.727976284439687e-05,316.227783203125
6945.405198874033,-1.4718114352274547e-06,316.227783203125
6946.816067868041,-3.2525545232836572e-06,316.227783203125
6948.226936862048,1.650879149486112e-05,316.227783203125
6949.637805856056,-4.21312821095865e-07,316.227783203125
6951.0486748500625,-8.88175499365318e-06,316.227783203125
6952.45954384407,-1.113564684768198e-06,316.227783203125
6953.870412838078,2.0400169081159075e-05,316.227783203125
6955.281281832085,5.464917074416917e-05,316.227783203125
6956.692150826093,0.00010355210863153413,316.227783203125
6958.103019820101,0.0001571186471568467,316.227783203125
6959.513888814108,0.00019553403713121892,316.227783203125
6960.924757808116,0.0002095343810440825,316.227783203125
6962.335626802123,0.00022958924346481308,316.227783203125
6963.746495796131,0.00024045162020072328,316.227783203125
6965.157364790139,0.00024124224213076598,316.227783203125
6966.568233784146,0.0002494127980271696,316.227783203125
6967.979102778154,0.0002569680301685723,316.227783203125
6969.3899717721615,0.00025114457806062543,316.227783203125
6970.800840766169,0.0002211165824224509,316.227783203125
6972.211709760177,0.00014729927422161768,316.227783203125
6973.622578754184,4.5278332217832395e-05,316.227783203125
6975.033447748192,-7.802889361641085e-05,316.227783203125
6976.4443167422,-0.0001872111183090948,316.227783203125
6977.855185736207,-0.00024146962797668217,316.227783203125
6979.266054730215,-0.00021888332836181995,316.227783203125
6980.676923724222,-0.00012654075144788446,316.227783203125
6982.08779271823,6.802588911166557e-06,316.227783203125
6983.498661712238,0.0001437729975492727,316.227783203125
6984.909530706244,0.00023018878892670097,316.227783203125
6986.320399700252,0.0002655766978178001,316.227783203125
6987.73126869426,0.00027444303398557746,316.227783203125
6989.142137688267,0.00027173284298462677,316.227783203125
6990.553006682275,0.00026650991663920015,316.227783203125
6991.963875676282,0.0002573402148550348,316.227783203125
6993.37474467029,0.00024040871419877402,316.227783203125
6994.785613664298,0.00021694791855878318,316.227783203125
6996.196482658304,0.00018007127975189913,316.227783203125
6997.607351652312,0.0001294245255120119,316.227783203125
6999.01822064632,6.979750905609233e-05,316.227783203125
7000.429089640327,2.4713038287441785e-05,316.227783203125
7001.839958634335,-9.298372344659911e-06,316.227783203125
7003.250827628342,-3.27107650868394e-05,316.227783203125
7004.66169662235,-4.1010483978053125e-05,316.227783203125
7006.072565616358,-3.341564755011961e-05,316.227783203125
7007.483434610365,-9.279117207588311e-06,316.227783203125
7008.894303604373,2.2717537792725506e-05,316.227783203125
7010.3051725983805,2.038053182797442e-05,316.227783203125
7011.716041592388,-1.7243364503885528e-05,316.227783203125
7013.126910586396,-6.897412598991584e-05,316.227783203125
7014.537779580403,-0.00011002195363450304,316.227783203125
7015.948648574411,-0.0001381032809180706,316.227783203125
7017.359517568419,-0.00013086899246280564,316.227783203125
7018.770386562426,-8.448882173031289e-05,316.227783203125
7020.181255556434,-4.6721231336952634e-05,316.227783203125
7021.592124550441,-1.6829269742609648e-05,316.227783203125
7023.002993544449,-8.34654781367919e-06,316.227783203125
7024.413862538457,8.34654781367919e-06,316.227783203125
7025.824731532464,3.3543182057789445e-05,316.227783203125
7027.235600526472,6.994351614660749e-05,316.227783203125
7028.646469520479,0.00012315298474051967,316.227783203125
7030.057338514486,0.00016391266547382058,316.227783203125
7031.468207508494,0.000192873863327718,316.227783203125
7032.879076502501,0.00021343812952715618,316.227783203125
7034.289945496509,0.00022745526856662174,316.227783203125
7035.700814490517,0.00024317483491172187,316.227783203125
7037.111683484524,0.00027205010853341774,316.227783203125
7038.522552478532,0.0003276380736618144,316.227783203125
7039.933421472539,0.0004153093361904253,316.227783203125
7041.344290466546,0.0005134229820739772,316.227783203125
7042.755159460554,0.000606593958632308,316.227783203125
7044.1660284545615,0.0006685296940856962,316.227783203125
7045.576897448569,0.0006774973710831599,316.227783203125
7046.987766442577,0.0006580529738575876,316.227783203125
7048.398635436584,0.0005946830888373666,316.227783203125
7049.809504430592,0.0005152495760868368,316.227783203125
7051.2203734245995,0.0003642279993314526,316.227783203125
7052.631242418607,0.00017220342715846756,316.227783203125
7054.042111412615,0.0,316.227783203125
7055.452980406622,-9.787087601232508e-06,316.227783203125
7056.86384940063,-0.00011552965069806104,316.227783203125
7058.274718394638,-0.00021109777066975408,316.227783203125
7059.685587388645,-0.0002797483738880141,316.227783203125
7061.096456382653,-0.00029725685853414924,316.227783203125
7062.50732537666,-0.00033227535193098776,316.227783203125
7063.918194370668,-0.00030526397560661986,316.227783203125
7065.329063364676,-0.00031965952461225633,316.227783203125
7066.739932358683,-0.000269510183420113,316.227783203125
7068.150801352691,-0.00017873363485566493,316.227783203125
7069.5616703466985,-9.78171999177907e-05,316.227783203125
7070.972539340706,9.013228296633757e-05,316.227783203125
7072.383408334713,0.00017939652519414345,316.227783203125
7073.79427732872,0.0002545257792544997,316.227783203125
7075.205146322728,0.00033576759336337997,316.227783203125
7076.616015316736,0.0003940152698823883,316.227783203125
7078.026884310743,0.000388247621014786,316.227783203125
7079.437753304751,0.00036482135722088263,316.227783203125
7080.8486222987585,0.000269510183420113,316.227783203125
7082.259491292766,0.00014026299941811288,316.227783203125
7083.670360286773,0.0,316.227783203125
7085.0812292807805,0.0,316.227783203125
7086.492098274788,-5.465265596750826e-06,316.227783203125
7087.902967268796,-7.61698133389891e-05,316.227783203125
7089.313836262803,-0.00012106420327311941,316.227783203125
7090.724705256811,-0.00014899407488186585,316.227783203125
7092.1355742508185,-0.0001479251335947552,316.227783203125
7093.546443244826,-0.00012721544572421445,316.227783203125
7094.957312238834,-8.812076031801917e-05,316.227783203125
7096.368181232841,-6.0507437677872686e-05,316.227783203125
7097.779050226849,-2.2808047059298328e-05,316.227783203125
7099.189919220857,1.0161534741532155e-05,316.227783203125
7100.600788214864,2.8006680574281517e-05,316.227783203125
7102.011657208872,3.1961014256178324e-05,316.227783203125
7103.422526202879,2.673489675615766e-05,316.227783203125
7104.833395196887,1.9058959150884333e-05,316.227783203125
7106.244264190895,-9.252894956138236e-08,316.227783203125
7107.655133184902,-3.224809783150713e-05,316.227783203125
7109.06600217891,-6.506411488601573e-05,316.227783203125
7110.4768711729175,-9.472904036651221e-05,316.227783203125
7111.887740166925,-0.00011228665083553441,316.227783203125
7113.298609160933,-9.555019154167989e-05,316.227783203125
7114.70947815494,-7.264000063786358e-05,316.227783203125
7116.120347148948,-5.9114692725832294e-05,316.227783203125
7117.531216142955,-5.284710670622195e-05,316.227783203125
7118.942085136962,-6.51899892666584e-05,316.227783203125
7120.35295413097,-0.00010158335731811838,316.227783203125
7121.7638231249775,-0.00015804773364151183,316.227783203125
7123.174692118985,-0.00022478179939851468,316.227783203125
7124.585561112993,-0.000301246067255824,316.227783203125
7125.996430107,-0.00038420959272276664,316.227783203125
7127.407299101008,-0.0004716785072453149,316.227783203125
7128.818168095015,-0.0005400797482084507,316.227783203125
7130.229037089022,-0.0005676177279868595,316.227783203125
7131.63990608303,-0.0005584447850817773,316.227783203125
7133.0507750770375,-0.0005424550335438611,316.227783203125
7134.461644071045,-0.0005367866862018913,316.227783203125
7135.872513065053,-0.0005083641743291005,316.227783203125
7137.28338205906,-0.00044731126876380173,316.227783203125
7138.694251053068,-0.00038774733864462355,316.227783203125
7140.105120047076,-0.00036344370924583716,316.227783203125
7141.515989041083,-0.000377167336806785,316.227783203125
7142.926858035091,-0.0004020189751475379,316.227783203125
7144.3377270290985,-0.00042337654047364115,316.227783203125
7145.748596023106,-0.0004697749423031635,316.227783203125
7147.159465017114,-0.0004898389878503322,316.227783203125
7148.570334011121,-0.00048029369193106075,316.227783203125
7149.981203005129,-0.00044138695702409213,316.227783203125
7151.3920719991365,-0.0003787625654300981,316.227783203125
7152.802940993144,-0.00030767402511907606,316.227783203125
7154.213809987152,-0.0002608202170979769,316.227783203125
7155.624678981159,-0.00023770254929476008,316.227783203125
7157.035547975167,-0.00022599526378162642,316.227783203125
7158.446416969175,-0.00024151542974008323,316.227783203125
7159.857285963182,-0.00022983815956674827,316.227783203125
7161.268154957189,-0.00026896736984324647,316.227783203125
7162.6790239511965,-0.0003199622975107036,316.227783203125
7164.089892945204,-0.00034248194630548054,316.227783203125
7165.500761939212,-0.00031418096475637446,316.227783203125
7166.911630933219,-0.00025105039114379536,316.227783203125
7168.322499927227,-0.00016928658206035938,316.227783203125
7169.733368921235,-8.885165728186005e-05,316.227783203125
7171.144237915242,-2.549167505424242e-05,316.227783203125
7172.555106909249,1.221453277136346e-05,316.227783203125
7173.965975903257,-3.972685418230509e-06,316.227783203125
7175.376844897264,-3.875888081764957e-05,316.227783203125
7176.787713891272,-8.46582607595351e-05,316.227783203125
7178.198582885279,-0.0001301233415316929,316.227783203125
7179.609451879287,-0.00017779482260427658,316.227783203125
7181.020320873295,-0.0002231087867554174,316.227783203125
7182.431189867302,-0.0002563471442012452,316.227783203125
7183.84205886131,-0.00028688501165300556,316.227783203125
7185.2529278553175,-0.0003449609823578375,316.227783203125
7186.663796849325,-0.00040094391623068416,316.227783203125
7188.074665843333,-0.00043978135613625957,316.227783203125
7189.48553483734,-0.000447946186257658,316.227783203125
7190.896403831348,-0.00042474263262010613,316.227783203125
7192.3072728253555,-0.00039059262981723346,316.227783203125
7193.718141819363,-0.0003526856089243139,316.227783203125
7195.129010813371,-0.0003280657590887179,316.227783203125
7196.539879807378,-0.0002924348575342687,316.227783203125
7197.950748801386,-0.0002655577733313517,316.227783203125
7199.361617795394,-0.00026152084115211444,316.227783203125
7200.772486789401,-0.00027589779400730846,316.227783203125
7202.183355783409,-0.00028740254740116863,316.227783203125
7203.5942247774165,-0.0003073083040313375,316.227783203125
7205.005093771423,-0.00033695756553267335,316.227783203125
7206.415962765431,-0.00036552727838925006,316.227783203125
7207.826831759438,-0.0003727454301684051,316.227783203125
7209.237700753446,-0.00034408636789800065,316.227783203125
7210.648569747454,-0.00028346982529712204,316.227783203125
7212.059438741461,-0.00023112995274160789,316.227783203125
7213.470307735469,-0.00018009849572550585,316.227783203125
7214.8811767294765,-0.00013376125716667298,316.227783203125
7216.292045723483,-0.0001027384801620436,316.227783203125
7217.702914717491,-8.153923567291374e-05,316.227783203125
7219.113783711498,-6.986137178843776e-05,316.227783203125
7220.524652705506,-4.8166689800049206e-05,316.227783203125
7221.935521699514,-3.227584250918396e-05,316.227783203125
7223.346390693521,-5.032956865415328e-06,316.227783203125
7224.757259687529,2.1530737763697863e-05,316.227783203125
7226.1681286815365,6.024075497686361e-05,316.227783203125
7227.578997675544,0.00010233792607817864,316.227783203125
7228.989866669552,0.0001473997057955933,316.227783203125
7230.400735663559,0.00016320807411345124,316.227783203125
7231.811604657567,0.00018580333786124767,316.227783203125
7233.222473651575,0.00020246149569773733,316.227783203125
7234.633342645582,0.00020271329065871604,316.227783203125
7236.04421163959,0.0001858667149156109,316.227783203125
7237.455080633597,0.00015683112040594006,316.227783203125
7238.865949627605,0.00013438728884424163,316.227783203125
7240.276818621613,8.11973285363976e-05,316.227783203125
7241.68768761562,7.02428811321168e-05,316.227783203125
7243.098556609628,3.080251676462753e-05,316.227783203125
7244.5094256036355,3.1180524945547544e-05,316.227783203125
7245.920294597643,4.6691918126225834e-05,316.227783203125
7247.331163591651,6.129629890421623e-05,316.227783203125
7248.742032585658,5.297664765089791e-05,316.227783203125
7250.152901579665,4.351104750328211e-05,316.227783203125
7251.563770573673,3.433514382112507e-05,316.227783203125
7252.97463956768,2.202698422141755e-05,316.227783203125
7254.385508561688,2.8014270970825456e-05,316.227783203125
7255.7963775556955,3.874606621880397e-05,316.227783203125
7257.207246549703,3.962046506474082e-05,316.227783203125
7258.618115543711,2.2852260383062623e-05,316.227783203125
7260.028984537717,0.0,316.227783203125
7261.439853531725,-8.822031762386467e-06,316.227783203125
7262.850722525733,1.9219729027637744e-06,316.227783203125
7264.26159151974,3.558595072362947e-05,316.227783203125
7265.672460513748,8.776581367456529e-05,316.227783203125
7267.0833295077555,0.0001340308249316892,316.227783203125
7268.494198501763,0.0001511062890375836,316.227783203125
7269.905067495771,0.00013670651476749632,316.227783203125
7271.315936489778,0.00011721294776120827,316.227783203125
7272.726805483786,0.00010542102773267864,316.227783203125
7274.137674477794,9.432294431794067e-05,316.227783203125
7275.548543471801,7.323864671318972e-05,316.227783203125
7276.959412465809,3.721499840326353e-05,316.227783203125
7278.370281459816,-1.9651453804697683e-05,316.227783203125
7279.781150453824,-8.296687462542099e-05,316.227783203125
7281.192019447832,-0.00015009701873974768,316.227783203125
7282.602888441839,-0.00020851670967222784,316.227783203125
7284.013757435847,-0.00025416537813885767,316.227783203125
7285.4246264298545,-0.0002975181086599943,316.227783203125
7286.835495423862,-0.0003178121062943091,316.227783203125
7288.24636441787,-0.00036530626199033495,316.227783203125
7289.657233411877,-0.0003923516766575867,316.227783203125
7291.068102405885,-0.000388919030181541,316.227783203125
7292.4789713998925,-0.00031976649794220914,316.227783203125
7293.889840393899,-0.00021021377686950699,316.227783203125
7295.300709387907,-0.00010131794257384544,316.227783203125
7296.7115783819145,-2.3377864407907872e-05,316.227783203125
7298.122447375922,0.0,316.227783203125
7299.53331636993,0.0,316.227783203125
7300.944185363937,2.238739673364812e-05,316.227783203125
7302.355054357945,1.8013324335302422e-05,316.227783203125
7303.765923351953,1.2296451745063414e-05,316.227783203125
7305.176792345959,7.674418121234733e-06,316.227783203125
7306.587661339967,-2.740784634452237e-06,316.227783203125
7307.9985303339745,-1.3769416269588525e-05,316.227783203125
7309.409399327982,-1.134222794939646e-05,316.227783203125
7310.82026832199,8.546615951173647e-06,316.227783203125
7312.231137315997,3.6949970392420595e-05,316.227783203125
7313.642006310005,6.785153906472413e-05,316.227783203125
7315.052875304013,9.220092483027201e-05,316.227783203125
7316.46374429802,9.41577516680274e-05,316.227783203125
7317.874613292028,6.571389985375944e-05,316.227783203125
7319.285482286035,4.4548252952192335e-05,316.227783203125
7320.696351280043,3.1576295069352806e-05,316.227783203125
7322.107220274051,2.6538076697397994e-05,316.227783203125
7323.518089268058,1.2392824174631278e-05,316.227783203125
7324.928958262066,-1.6013442859348637e-05,316.227783203125
7326.3398272560735,-3.4417038843066045e-05,316.227783203125
7327.750696250081,-2.5166786500222665e-05,316.227783203125
7329.161565244089,9.150393085514963e-06,316.227783203125
7330.572434238096,6.266728848954364e-05,316.227783203125
7331.983303232104,0.0001217427220174816,316.227783203125
7333.394172226112,0.0001898287067487875,316.227783203125
7334.805041220119,0.0002569911781502149,316.227783203125
7336.215910214127,0.00031201431650557804,316.227783203125
7337.6267792081335,0.0003557006388877383,316.227783203125
7339.037648202141,0.000380561495107231,316.227783203125
7340.448517196149,0.0003739631460241942,316.227783203125
7341.859386190156,0.00031509908709024745,316.227783203125
7343.270255184164,0.0002593218986408907,316.227783203125
7344.681124178172,0.0001930102533550873,316.227783203125
7346.091993172179,0.00015549455604718654,316.227783203125
7347.502862166187,0.00011862997924647067,316.227783203125
7348.9137311601935,8.425155881797153e-05,316.227783203125
7350.324600154201,3.165129605015374e-05,316.227783203125
7351.735469148209,-3.9327685326235456e-05,316.227783203125
7353.146338142216,-0.00012441348876237115,316.227783203125
7354.557207136224,-0.0001918557762835768,316.227783203125
7355.968076130232,-0.0002084426231185356,316.227783203125
7357.378945124239,-0.0002137282763627832,316.227783203125
7358.789814118247,-0.00020587042937750613,316.227783203125
7360.200683112254,-0.0002102421680431725,316.227783203125
7361.611552106262,-0.00017859735674714133,316.227783203125
7363.02242110027,-0.00014059216641719094,316.227783203125
7364.433290094277,-8.458868057194258e-05,316.227783203125
7365.844159088285,0.0,316.227783203125
7367.2550280822925,9.950885926695088e-05,316.227783203125
7368.6658970763,0.0002010824735832438,316.227783203125
7370.076766070308,0.00026821099909236576,316.227783203125
7371.487635064315,0.0003336696054231751,316.227783203125
7372.898504058323,0.0003456315651097358,316.227783203125
7374.309373052331,0.00036499864429768644,316.227783203125
7375.720242046338,0.00037491467318317984,316.227783203125
7377.131111040346,0.0003637283021245205,316.227783203125
7378.541980034353,0.0003542708652274594,316.227783203125
7379.952849028361,0.00030018819066291585,316.227783203125
7381.363718022368,0.00020555464835734713,316.227783203125
7382.774587016375,9.190455169808681e-05,316.227783203125
7384.185456010383,-3.2583843038808125e-05,316.227783203125
7385.596325004391,-0.00014296214458256462,316.227783203125
7387.007193998398,-0.00022203567055718854,316.227783203125
7388.418062992406,-0.00024311769123478572,316.227783203125
7389.828931986413,-0.000218080147880554,316.227783203125
7391.239800980421,-0.00015914172980976277,316.227783203125
7392.650669974428,-9.480326598452354e-05,316.227783203125
7394.061538968435,-4.57802135958342e-05,316.227783203125
7395.472407962443,1.8986579149893323e-05,316.227783203125
7396.883276956451,5.939912042808235e-05,316.227783203125
7398.294145950458,5.966261988828506e-05,316.227783203125
7399.705014944466,6.629314621559718e-05,316.227783203125
7401.115883938473,7.884976967215823e-05,316.227783203125
7402.526752932481,9.242846438751312e-05,316.227783203125
7403.937621926489,0.00010311589596550749,316.227783203125
7405.348490920496,9.727571838498775e-05,316.227783203125
7406.759359914504,4.4925451729474486e-05,316.227783203125
7408.1702289085115,-2.691316031923699e-05,316.227783203125
7409.581097902519,-0.00010912555095915835,316.227783203125
7410.991966896527,-0.00017297263593081882,316.227783203125
7412.402835890534,-0.00022830444516823423,316.227783203125
7413.813704884542,-0.0002997301953546021,316.227783203125
7415.22457387855,-0.0003398348832737916,316.227783203125
7416.635442872557,-0.0003495242481100537,316.227783203125
7418.046311866565,-0.0003336422322863554,316.227783203125
7419.457180860572,-0.00030222522964530596,316.227783203125
7420.86804985458,-0.0002725807069850032,316.227783203125
7422.278918848588,-0.00023314386072748744,316.227783203125
7423.689787842595,-0.00016558981172802578,316.227783203125
7425.100656836603,-8.655159734265172e-05,316.227783203125
7426.51152583061,1.756483117353741e-05,316.227783203125
7427.922394824617,7.927384197108436e-05,316.227783203125
7429.333263818625,8.296424408606173e-05,316.227783203125
7430.744132812632,0.00010007151088148314,316.227783203125
7432.15500180664,0.00011558092913221268,316.227783203125
7433.565870800648,0.00012456155189981277,316.227783203125
7434.976739794655,0.00011819472129628861,316.227783203125
7436.387608788662,0.00010180190922737947,316.227783203125
7437.79847778267,5.459716327083086e-05,316.227783203125
7439.209346776677,-1.4864494387707705e-05,316.227783203125
7440.620215770685,-7.118088159365973e-05,316.227783203125
7442.031084764692,-0.00011158279666447293,316.227783203125
7443.4419537587,-0.00013813668785169625,316.227783203125
7444.852822752708,-0.00012908231166637932,316.227783203125
7446.263691746715,-8.968270729532712e-05,316.227783203125
7447.674560740723,-3.908069140610981e-05,316.227783203125
7449.0854297347305,2.914142754515542e-05,316.227783203125
7450.496298728738,8.925996622817511e-05,316.227783203125
7451.907167722746,0.00013336435927154694,316.227783203125
7453.318036716753,0.0001384150186864233,316.227783203125
7454.728905710761,0.00012008175323036108,316.227783203125
7456.139774704769,7.889907681209868e-05,316.227783203125
7457.550643698776,2.025695261812649e-05,316.227783203125
7458.961512692784,-4.601211855190593e-05,316.227783203125
7460.372381686791,-0.00010449555990117015,316.227783203125
7461.783250680799,-0.0001146133123464746,316.227783203125
7463.194119674807,-8.715095953411994e-05,316.227783203125
7464.604988668814,-3.375644942090264e-05,316.227783203125
7466.015857662822,2.104547620587066e-05,316.227783203125
7467.4267266568295,4.959989893259936e-05,316.227783203125
7468.837595650837,5.5260419945295236e-05,316.227783203125
7470.248464644844,2.6091274661649982e-05,316.227783203125
7471.659333638851,-3.397963230129808e-06,316.227783203125
7473.070202632859,-2.314917147149681e-05,316.227783203125
7474.481071626867,-2.6924297027424576e-05,316.227783203125
7475.891940620874,-7.087961613361227e-06,316.227783203125
7477.302809614882,1.2988922123403912e-05,316.227783203125
7478.7136786088895,3.911224125748708e-05,316.227783203125
7480.124547602897,6.122149531013338e-05,316.227783203125
7481.535416596904,8.037216037711306e-05,316.227783203125
7482.946285590911,0.00010039116090056893,316.227783203125
7484.357154584919,0.00010235543141415282,316.227783203125
7485.768023578927,7.616700133233553e-05,316.227783203125
7487.178892572934,4.541209140238381e-05,316.227783203125
7488.589761566942,-4.474669462760372e-06,316.227783203125
7490.0006305609495,-7.814218124262487e-05,316.227783203125
7491.411499554957,-0.00015544955370097244,316.227783203125
7492.822368548965,-0.00021785001421502706,316.227783203125
7494.233237542972,-0.00024013356207879324,316.227783203125
7495.64410653698,-0.00020942317291661183,316.227783203125
7497.054975530988,-0.00013559238322163533,316.227783203125
7498.465844524995,-4.434366676833029e-05,316.227783203125
7499.876713519003,2.5922346643832833e-05,316.227783203125
7501.28758251301,6.662614862313829e-05,316.227783203125
7502.698451507018,8.204015083487434e-05,316.227783203125
7504.109320501026,7.665320261790454e-05,316.227783203125
7505.520189495033,5.292791262989302e-05,316.227783203125
7506.931058489041,4.6338734198424214e-05,316.227783203125
7508.3419274830485,3.970979276055053e-05,316.227783203125
7509.752796477056,3.747730512400002e-05,316.227783203125
7511.163665471064,5.346554260539024e-05,316.227783203125
7512.574534465071,9.164828571371283e-05,316.227783203125
7513.985403459078,0.00014932166447901088,316.227783203125
7515.396272453086,0.00021055602646413707,316.227783203125
7516.807141447093,0.0002536779626706974,316.227783203125
7518.218010441101,0.0002654447922160845,316.227783203125
7519.6288794351085,0.0002448514091688489,316.227783203125
7521.039748429116,0.00019852954685545612,316.227783203125
7522.450617423124,0.0001408535987091515,316.227783203125
7523.861486417131,0.00014390524734297916,316.227783203125
7525.272355411138,0.00014588434214186582,316.227783203125
7526.683224405146,0.00014859330576100227,316.227783203125
7528.094093399153,0.00015982773855464927,316.227783203125
7529.504962393161,0.0001857481513534119,316.227783203125
7530.9158313871685,0.00020298143576694128,316.227783203125
7532.326700381176,0.00023472841911319903,316.227783203125
7533.737569375184,0.00026647364741624185,316.227783203125
7535.148438369191,0.00029979230472941196,316.227783203125
7536.559307363199,0.0003269412622293709,316.227783203125
7537.970176357207,0.00034530720270477266,316.227783203125
7539.381045351214,0.00034548827226195747,316.227783203125
7540.791914345222,0.0003399759429156615,316.227783203125
7542.202783339229,0.00032424997553216067,316.227783203125
7543.613652333237,0.00029901684708498466,316.227783203125
7545.024521327245,0.00028642125183996753,316.227783203125
7546.435390321252,0.00026835708403040795,316.227783203125
7547.84625931526,0.00028912182638521355,316.227783203125
7549.2571283092675,0.0002943803115177286,316.227783203125
7550.667997303275,0.00029521331957346394,316.227783203125
7552.078866297283,0.00027729148013988167,316.227783203125
7553.48973529129,0.00024995314663857,316.227783203125
7554.900604285298,0.00022923413943835153,316.227783203125
7556.311473279306,0.00022522034832925253,316.227783203125
7557.722342273312,0.0002407886803548892,316.227783203125
7559.13321126732,0.0002658133729637781,316.227783203125
7560.5440802613275,0.0002867189760505477,316.227783203125
7561.954949255335,0.00030079858773257584,316.227783203125
7563.365818249343,0.00030878308892594644,316.227783203125
7564.77668724335,0.00030516402262943665,316.227783203125
7566.187556237358,0.0003086074271510253,316.227783203125
7567.598425231366,0.00030082915298043286,316.227783203125
7569.009294225372,0.0002907798337882725,316.227783203125
7570.42016321938,0.00028852093165973244,316.227783203125
7571.8310322133875,0.0002995379983724844,316.227783203125
7573.241901207395,0.0003191312655963126,316.227783203125
7574.652770201403,0.0003302163218896724,316.227783203125
7576.06363919541,0.0003454858406479362,316.227783203125
7577.474508189418,0.000330571162228694,316.227783203125
7578.885377183426,0.00031600529540092015,316.227783203125
7580.296246177433,0.00030674307140546656,316.227783203125
7581.707115171441,0.0002105602755327514,316.227783203125
7583.117984165448,0.00010613562743208571,316.227783203125
7584.528853159456,0.0,316.227783203125
7585.939722153464,0.0,316.227783203125
7587.350591147471,0.0,316.227783203125
7588.761460141479,0.0,316.227783203125
7590.1723291354865,0.0,316.227783203125
7591.583198129494,0.0,316.227783203125
7592.994067123502,0.0,316.227783203125
7594.404936117509,0.0,316.227783203125
7595.815805111517,0.0,316.227783203125
7597.226674105525,0.0,316.227783203125
7598.637543099532,-1.8577569470722838e-05,316.227783203125
7600.04841209354,-2.259893555072584e-05,316.227783203125
7601.459281087547,-3.59261541539313e-05,316.227783203125
7602.870150081554,-5.108046568664745e-05,316.227783203125
7604.281019075562,-4.463418332964833e-05,316.227783203125
7605.691888069569,-2.6286053528726955e-05,316.227783203125
7607.102757063577,-6.738250220950787e-06,316.227783203125
7608.513626057585,9.333120073316131e-06,316.227783203125
7609.924495051592,6.738250220950787e-06,316.227783203125
7611.3353640456,-6.964855002605103e-06,316.227783203125
7612.7462330396065,-5.3504857623284247e-05,316.227783203125
7614.157102033614,-0.00010874141215281088,316.227783203125
7615.567971027622,-0.00015214958146235122,316.227783203125
7616.978840021629,-0.00018013367945072037,316.227783203125
7618.389709015637,-0.00017510289130884954,316.227783203125
7619.800578009645,-0.00014412235072372784,316.227783203125
7621.211447003652,-7.433595937265253e-05,316.227783203125
7622.62231599766,4.280963635666657e-06,316.227783203125
7624.033184991667,6.48864700826153e-05,316.227783203125
7625.444053985675,8.895070476035855e-05,316.227783203125
7626.854922979683,8.285104589984132e-05,316.227783203125
7628.26579197369,5.436644540946986e-05,316.227783203125
7629.676660967698,2.4591632373213712e-05,316.227783203125
7631.0875299617055,8.231146957839164e-06,316.227783203125
7632.498398955713,1.1743069324700317e-05,316.227783203125
7633.909267949721,0.0,316.227783203125
7635.320136943728,0.0,316.227783203125
7636.731005937736,-2.280533871766577e-06,316.227783203125
7638.141874931744,2.280533871766577e-06,316.227783203125
7639.552743925751,3.3633649305090524e-05,316.227783203125
7640.963612919759,7.702658552858482e-05,316.227783203125
7642.374481913766,0.00010359344317767416,316.227783203125
7643.785350907774,0.00015666362802507425,316.227783203125
7645.196219901782,0.00014642763526482444,316.227783203125
7646.607088895788,0.00013062915970519715,316.227783203125
7648.017957889796,8.658457089547392e-05,316.227783203125
7649.428826883804,1.0365678398464168e-05,316.227783203125
7650.839695877811,0.0,316.227783203125
7652.250564871819,0.0,316.227783203125
7653.661433865826,-8.765465460484033e-05,316.227783203125
7655.072302859834,-0.00020529905664593527,316.227783203125
7656.483171853842,-0.00032295814268500263,316.227783203125
7657.894040847848,-0.00041658095111581257,316.227783203125
7659.304909841856,-0.000509949603167097,316.227783203125
7660.715778835864,-0.0006099120221495363,316.227783203125
7662.126647829871,-0.0006928347045913642,316.227783203125
7663.537516823879,-0.0007158941780544166,316.227783203125
7664.948385817886,-0.0006815453329542809,316.227783203125
7666.359254811894,-0.0006100557052642064,316.227783203125
7667.770123805902,-0.0004884239565729927,316.227783203125
7669.180992799909,-0.00036328941529406925,316.227783203125
7670.591861793917,-0.000261848375146213,316.227783203125
7672.0027307879245,-0.00017089412361664773,316.227783203125
7673.413599781932,-9.40321464562785e-05,316.227783203125
7674.82446877594,-4.089185190850504e-05,316.227783203125
7676.235337769947,-1.0596047460941296e-05,316.227783203125
7677.646206763955,-4.869952323847612e-06,316.227783203125
7679.057075757963,-9.606223142987272e-06,316.227783203125
7680.46794475197,-1.0538724174757527e-05,316.227783203125
7681.878813745978,7.795775860184803e-06,316.227783203125
7683.289682739985,1.282062822362956e-05,316.227783203125
7684.700551733993,1.0015501174442595e-05,316.227783203125
7686.111420728001,-7.389471021152644e-06,316.227783203125
7687.522289722008,-4.1162618692540745e-05,316.227783203125
7688.933158716016,-8.867905765235114e-05,316.227783203125
7690.344027710023,-0.0001234206573511882,316.227783203125
7691.75489670403,-0.00015237708755538176,316.227783203125
7693.165765698038,-0.0001733048959009914,316.227783203125
7694.576634692045,-0.00019280680040545048,316.227783203125
7695.987503686053,-0.00022419167208592196,316.227783203125
7697.398372680061,-0.00025651248159548785,316.227783203125
7698.809241674068,-0.0002696676155280603,316.227783203125
7700.220110668076,-0.00023370656794651466,316.227783203125
7701.630979662083,-0.00017077781361308358,316.227783203125
7703.04184865609,-0.00011016917568360679,316.227783203125
7704.452717650098,-0.00011353952336688906,316.227783203125
7705.863586644105,-0.00013421537471246595,316.227783203125
7707.274455638113,-0.00017728810978395043,316.227783203125
7708.685324632121,-0.00024237748098281456,316.227783203125
7710.096193626128,-0.00031888811346179706,316.227783203125
7711.507062620136,-0.000378306777009273,316.227783203125
7712.9179316141435,-0.00043128667408715536,316.227783203125
7714.328800608151,-0.00043640982005714764,316.227783203125
7715.739669602159,-0.000408100748354177,316.227783203125
7717.150538596166,-0.00034590964573474013,316.227783203125
7718.561407590174,-0.0003029224893178143,316.227783203125
7719.972276584182,-0.000243867641273628,316.227783203125
7721.383145578189,-0.0001919832207892859,316.227783203125
7722.794014572197,-0.00015493934506120507,316.227783203125
7724.204883566204,-0.00012155589956507756,316.227783203125
7725.615752560212,-7.729087262809894e-05,316.227783203125
7727.02662155422,-3.431923949931068e-05,316.227783203125
7728.437490548227,1.4936932086486235e-05,316.227783203125
7729.848359542235,8.101137353122741e-05,316.227783203125
7731.2592285362425,0.00011477593981592399,316.227783203125
7732.67009753025,0.00014893146962226093,316.227783203125
7734.080966524257,0.00018965122435917262,316.227783203125
7735.491835518264,0.00022560184652782762,316.227783203125
7736.902704512272,0.0002386772677581122,316.227783203125
7738.31357350628,0.00022062280055980786,316.227783203125
7739.724442500287,0.00016078676895585862,316.227783203125
7741.135311494295,7.808381511922521e-05,316.227783203125
7742.5461804883025,-2.4924544717757832e-05,316.227783203125
7743.95704948231,-0.00013306649516139218,316.227783203125
7745.367918476317,-0.00023377411672038072,316.227783203125
7746.7787874703245,-0.0003104934478330105,316.227783203125
7748.189656464332,-0.0003619560898883937,316.227783203125
7749.60052545834,-0.00037534464627029737,316.227783203125
7751.011394452347,-0.00033932204488040796,316.227783203125
7752.422263446355,-0.0002628321161132364,316.227783203125
7753.8331324403625,-0.00016997755792026205,316.227783203125
7755.24400143437,-8.209222166031226e-05,316.227783203125
7756.654870428378,-2.14928718774033e-05,316.227783203125
7758.065739422385,4.327638063631595e-06,316.227783203125
7759.476608416393,3.937935336585652e-05,316.227783203125
7760.887477410401,6.622792805705685e-05,316.227783203125
7762.298346404408,8.400831518811346e-05,316.227783203125
7763.709215398416,9.483268188940214e-05,316.227783203125
7765.120084392423,9.55831506789899e-05,316.227783203125
7766.530953386431,0.0001024915015778935,316.227783203125
7767.941822380439,0.00010170189822272975,316.227783203125
7769.352691374446,8.381788579954648e-05,316.227783203125
7770.763560368454,6.63954047748043e-05,316.227783203125
7772.1744293624615,5.035574233744171e-05,316.227783203125
7773.585298356469,5.486515903659235e-05,316.227783203125
7774.996167350477,6.0202918372349173e-05,316.227783203125
7776.407036344484,5.521178408843773e-05,316.227783203125
7777.817905338492,5.029270019604737e-05,316.227783203125
7779.228774332499,3.6328804890271155e-05,316.227783203125
7780.639643326506,1.7339312957474068e-05,316.227783203125
7782.050512320514,3.970496679625221e-06,316.227783203125
7783.4613813145215,3.0206701058157343e-06,316.227783203125
7784.872250308529,-4.163821487997155e-06,316.227783203125
7786.283119302537,-1.9636618085528898e-05,316.227783203125
7787.693988296544,-1.688552627717929e-05,316.227783203125
7789.104857290552,0.0,316.227783203125
7790.515726284559,1.778574936805652e-05,316.227783203125
7791.926595278566,4.3749972729439576e-05,316.227783203125
7793.337464272574,6.262696411609044e-05,316.227783203125
7794.7483332665815,6.196789315910875e-05,316.227783203125
7796.159202260589,4.716560038136794e-05,316.227783203125
7797.570071254597,2.750649655043451e-05,316.227783203125
7798.980940248604,2.5565531730453034e-05,316.227783203125
7800.391809242612,5.2674692013877575e-05,316.227783203125
7801.80267823662,8.931607455908708e-05,316.227783203125
7803.213547230627,0.00011586202913274786,316.227783203125
7804.624416224635,0.00014560602860012178,316.227783203125
7806.0352852186425,0.00016397323481831712,316.227783203125
7807.44615421265,0.0001717938428398534,316.227783203125
7808.857023206658,0.00017012929639654943,316.227783203125
7810.267892200665,0.0001810907045732956,316.227783203125
7811.678761194673,0.00023059827954647824,316.227783203125
7813.0896301886805,0.00029018324394479086,316.227783203125
7814.500499182688,0.00034951129717685804,316.227783203125
7815.911368176696,0.00039628012395830775,316.227783203125
7817.322237170703,0.0004415094645169367,316.227783203125
7818.733106164711,0.00043707724565559755,316.227783203125
7820.143975158719,0.00041980779257788994,316.227783203125
7821.554844152726,0.0003969443870526553,316.227783203125
7822.965713146733,0.00037404595472586427,316.227783203125
7824.3765821407405,0.00033527852671766563,316.227783203125
7825.787451134748,0.0002847430337597906,316.227783203125
7827.198320128756,0.0002123946260536875,316.227783203125
7828.609189122763,0.00011409611551818633,316.227783203125
7830.020058116771,-1.1202590463185377e-05,316.227783203125
7831.430927110779,-0.0001027330092848687,316.227783203125
7832.841796104786,-0.00016631577327416193,316.227783203125
7834.252665098793,-0.0001913594492827398,316.227783203125
7835.663534092801,-0.0001833704490077307,316.227783203125
7837.074403086808,-0.00014388408866364104,316.227783203125
7838.485272080816,-7.434097772596356e-05,316.227783203125
7839.896141074823,1.7294188252858778e-06,316.227783203125
7841.307010068831,6.718115863349645e-05,316.227783203125
7842.717879062839,0.00010586478075679841,316.227783203125
7844.128748056846,0.00012305067837885958,316.227783203125
7845.539617050854,0.00012173872059169019,316.227783203125
7846.9504860448615,0.00011463237265879091,316.227783203125
7848.361355038869,0.00010170879526641245,316.227783203125
7849.772224032877,6.556495745517477e-05,316.227783203125
7851.183093026884,1.1202590463185377e-05,316.227783203125
7852.593962020892,1.1620820262788628e-05,316.227783203125
7854.0048310148995,4.949482886273775e-05,316.227783203125
7855.415700008907,0.00010448368105375402,316.227783203125
7856.826569002915,0.00014153561852528647,316.227783203125
7858.237437996922,0.00019059903562554555,316.227783203125
7859.64830699093,0.0002180531708722011,316.227783203125
7861.059175984938,0.00024357407849602032,316.227783203125
7862.470044978945,0.00026252721682307363,316.227783203125
7863.880913972953,0.0002815047870811955,316.227783203125
7865.29178296696,0.00028744558419247293,316.227783203125
7866.702651960967,0.00025202236843561987,316.227783203125
7868.113520954975,0.00018804524864403545,316.227783203125
7869.524389948982,0.0001365515569895174,316.227783203125
7870.93525894299,8.297917497094263e-05,316.227783203125
7872.346127936998,4.4400530771364355e-05,316.227783203125
7873.756996931005,2.6098488158154964e-05,316.227783203125
7875.167865925013,6.178058264763586e-06,316.227783203125
7876.5787349190205,0.0,316.227783203125
7877.989603913027,-7.500034719231524e-06,316.227783203125
7879.400472907035,-1.5171798514264714e-05,316.227783203125
7880.811341901042,-1.83675635935035e-05,316.227783203125
7882.22221089505,1.5408907686779647e-05,316.227783203125
7883.633079889058,3.5609307056649886e-05,316.227783203125
7885.043948883065,6.603383140914819e-05,316.227783203125
7886.454817877073,0.00011332051306831535,316.227783203125
7887.8656868710805,0.00015548516306622927,316.227783203125
7889.276555865088,0.00014594984467515733,316.227783203125
7890.687424859096,0.00011811328739233518,316.227783203125
7892.098293853103,5.6695073937105406e-05,316.227783203125
7893.509162847111,-3.6589436601971656e-05,316.227783203125
7894.9200318411185,-8.52629645068971e-05,316.227783203125
7896.330900835126,-9.702644217901048e-05,316.227783203125
7897.741769829134,-6.834631233372176e-05,316.227783203125
7899.152638823141,-4.855338484174854e-05,316.227783203125
7900.563507817149,-2.393568278107744e-05,316.227783203125
7901.974376811157,-4.322385231184285e-05,316.227783203125
7903.385245805164,-6.255405148189452e-05,316.227783203125
7904.796114799172,-8.758493227071888e-05,316.227783203125
7906.2069837931795,-0.00010927350855595083,316.227783203125
7907.617852787187,-0.00015166172593641947,316.227783203125
7909.028721781195,-0.00020892871677343113,316.227783203125
7910.439590775202,-0.00027383178892981773,316.227783203125
7911.850459769209,-0.00034000217029639575,316.227783203125
7913.261328763217,-0.0003944679003619299,316.227783203125
7914.672197757224,-0.00043122254846149864,316.227783203125
7916.083066751232,-0.0004097472201830179,316.227783203125
7917.4939357452395,-0.0003608432726964917,316.227783203125
7918.904804739247,-0.0003113227658668571,316.227783203125
7920.315673733255,-0.0002891245110599964,316.227783203125
7921.726542727261,-0.0002806668650850528,316.227783203125
7923.137411721269,-0.0002786779250587342,316.227783203125
7924.548280715277,-0.0002687354180107241,316.227783203125
7925.959149709284,-0.00026405211526304637,316.227783203125
7927.370018703292,-0.0002967060810920609,316.227783203125
7928.7808876972995,-0.00031934947333159963,316.227783203125
7930.191756691307,-0.0003315401681275795,316.227783203125
7931.602625685315,-0.0003593857395004056,316.227783203125
7933.013494679322,-0.00037268108201574633,316.227783203125
7934.42436367333,-0.0003945128709190882,316.227783203125
7935.835232667338,-0.00043117305423012557,316.227783203125
7937.246101661345,-0.00047804268411077815,316.227783203125
7938.656970655353,-0.0005149349874606478,316.227783203125
7940.06783964936,-0.0005298844351145551,316.227783203125
7941.478708643368,-0.0005553831156675584,316.227783203125
7942.889577637376,-0.0005941017964916882,316.227783203125
7944.300446631383,-0.0006095978287870372,316.227783203125
7945.711315625391,-0.0005705140452324838,316.227783203125
7947.1221846193985,-0.00048708703557343025,316.227783203125
7948.533053613406,-0.0003897685918533393,316.227783203125
7949.943922607414,-0.00029400178945724123,316.227783203125
7951.354791601421,-0.00021906138181821203,316.227783203125
7952.765660595429,-0.00016511777559307696,316.227783203125
7954.1765295894365,-0.00012619242254054142,316.227783203125
7955.587398583443,-9.910824007024893e-05,316.227783203125
7956.998267577451,-8.030319870745185e-05,316.227783203125
7958.4091365714585,-3.846348903400153e-05,316.227783203125
7959.820005565466,2.799739015745678e-07,316.227783203125
7961.230874559474,3.328975481719197e-05,316.227783203125
7962.641743553481,3.833606904480279e-05,316.227783203125
7964.052612547489,4.831323845616055e-05,316.227783203125
7965.463481541497,6.0913599593153886e-05,316.227783203125
7966.874350535503,7.2381703814536e-05,316.227783203125
7968.285219529511,9.750474098454802e-05,316.227783203125
7969.6960885235185,0.00011414506165597325,316.227783203125
7971.106957517526,0.00014525100537142455,316.227783203125
7972.517826511534,0.00014875556499178294,316.227783203125
7973.928695505541,0.00012088591307840048,316.227783203125
7975.339564499549,7.969093950858062e-05,316.227783203125
7976.750433493557,5.69185741229241e-05,316.227783203125
7978.161302487564,4.1473364780206246e-05,316.227783203125
7979.572171481572,4.423939097140256e-05,316.227783203125
7980.983040475579,6.142647107883377e-05,316.227783203125
7982.393909469587,8.3434099557805e-05,316.227783203125
7983.804778463595,8.888808954282332e-05,316.227783203125
7985.215647457602,7.83880998465377e-05,316.227783203125
7986.62651645161,6.366938471270844e-05,316.227783203125
7988.0373854456175,4.548608960520083e-05,316.227783203125
7989.448254439625,2.3699534139880185e-05,316.227783203125
7990.859123433633,1.145061061126433e-05,316.227783203125
7992.26999242764,-1.8414409520481345e-06,316.227783203125
7993.680861421648,-2.7826847491939366e-05,316.227783203125
7995.091730415656,-7.50206270217664e-05,316.227783203125
7996.502599409663,-0.00010703056515638971,316.227783203125
7997.913468403671,-0.00010178793410838861,316.227783203125
7999.3243373976775,-5.667925389555781e-05,316.227783203125
8000.735206391685,-3.088477355962099e-05,316.227783203125
8002.146075385693,2.042785786172431e-05,316.227783203125
8003.5569443797,8.366324072971339e-05,316.227783203125
8004.967813373708,0.0001207580931683501,316.227783203125
8006.378682367716,0.00016257209831644845,316.227783203125
8007.789551361723,0.00023058180954037277,316.227783203125
8009.200420355731,0.00029403175525673404,316.227783203125
8010.6112893497375,0.00032351640902271786,316.227783203125
8012.022158343745,0.00033708173034444587,316.227783203125
8013.433027337753,0.0003594507979546094,316.227783203125
8014.84389633176,0.000372731521545544,316.227783203125
8016.254765325768,0.00036410865500319765,316.227783203125
8017.665634319776,0.000343978079749771,316.227783203125
8019.076503313783,0.0002882446893247275,316.227783203125
8020.487372307791,0.00021649739783257717,316.227783203125
8021.898241301798,0.00013715719866482824,316.227783203125
8023.309110295806,7.100157461673896e-05,316.227783203125
8024.719979289814,-1.0007082498920267e-06,316.227783203125
8026.130848283821,-3.4389933765388916e-05,316.227783203125
8027.541717277829,-1.7147569132833218e-05,316.227783203125
8028.9525862718365,5.3527896776216916e-05,316.227783203125
8030.363455265844,0.000136991940980484,316.227783203125
8031.774324259852,0.00023478624013391867,316.227783203125
8033.185193253859,0.0003301038133786769,316.227783203125
8034.596062247867,0.00039249135777410377,316.227783203125
8036.006931241875,0.00042002219169074567,316.227783203125
8037.417800235882,0.0004251279138087864,316.227783203125
8038.82866922989,0.0003988211896370289,316.227783203125
8040.239538223897,0.00032790808330683194,316.227783203125
8041.650407217905,0.00024119225327597256,316.227783203125
8043.061276211912,0.0001569266451335212,316.227783203125
8044.472145205919,6.275100802861228e-05,316.227783203125
8045.883014199927,-3.805613469195536e-05,316.227783203125
8047.293883193935,-9.288792334293493e-05,316.227783203125
8048.704752187942,-8.264570464524418e-05,316.227783203125
8050.11562118195,-2.757372851041294e-05,316.227783203125
8051.526490175957,5.3374754372942715e-05,316.227783203125
8052.937359169965,0.00012343515418126137,316.227783203125
8054.348228163972,0.00018771774719247153,316.227783203125
8055.759097157979,0.00024063723060444887,316.227783203125
8057.169966151987,0.0002748394011406127,316.227783203125
8058.580835145995,0.00029066202380013777,316.227783203125
8059.991704140002,0.0003054688696263845,316.227783203125
8061.40257313401,0.0002968730755583699,316.227783203125
8062.813442128017,0.00026098711690193503,316.227783203125
8064.224311122025,0.00019844745071582147,316.227783203125
8065.635180116033,0.00012179056146356844,316.227783203125
8067.04604911004,5.1883661368011535e-06,316.227783203125
8068.456918104048,-9.64852351721876e-05,316.227783203125
8069.8677870980555,-0.0001339880718073637,316.227783203125
8071.278656092063,-0.00010885352940195187,316.227783203125
8072.689525086071,-0.0001233019283166381,316.227783203125
8074.100394080078,-0.00013497066435930877,316.227783203125
8075.511263074086,-0.00011803793786661562,316.227783203125
8076.922132068094,-7.468078869938936e-05,316.227783203125
8078.333001062101,-6.161741568171467e-05,316.227783203125
8079.743870056109,-4.7830236379659344e-05,316.227783203125
8081.154739050116,-3.156447343057728e-05,316.227783203125
8082.565608044124,-3.1620826706171834e-05,316.227783203125
8083.976477038132,-3.678796183787664e-05,316.227783203125
8085.387346032139,-6.421497728521276e-05,316.227783203125
8086.798215026147,-0.00011357688267272029,316.227783203125
8088.209084020154,-0.00017468517791833366,316.227783203125
8089.619953014161,-0.00023642507282541254,316.227783203125
8091.030822008169,-0.00029304767449652054,316.227783203125
8092.441691002176,-0.0003428188471506378,316.227783203125
8093.852559996184,-0.00036558251012064336,316.227783203125
8095.263428990192,-0.00034153942555844967,316.227783203125
8096.674297984199,-0.00029859025098552885,316.227783203125
8098.085166978206,-0.0002511113361288453,316.227783203125
8099.496035972214,-0.0002220351796856021,316.227783203125
8100.906904966221,-0.00019576186314580052,316.227783203125
8102.317773960229,-0.00014797955557642808,316.227783203125
8103.728642954236,-9.337880545642191e-05,316.227783203125
8105.139511948244,-6.473114212221173e-05,316.227783203125
8106.550380942252,-9.576700946722048e-05,316.227783203125
8107.961249936259,-0.00011204546615035428,316.227783203125
8109.372118930267,-0.00011580426786321832,316.227783203125
8110.7829879242745,-0.00010679000840999736,316.227783203125
8112.193856918282,-0.00012482417950518757,316.227783203125
8113.60472591229,-0.00015695286113490657,316.227783203125
8115.015594906297,-0.0001903612755832923,316.227783203125
8116.426463900305,-0.00022450460506886344,316.227783203125
8117.837332894313,-0.0001616750881931698,316.227783203125
8119.24820188832,-8.378379695346896e-05,316.227783203125
8120.659070882328,-2.3958051920855775e-05,316.227783203125
8122.069939876335,7.677383899416801e-07,316.227783203125
8123.480808870343,3.2496661798322654e-05,316.227783203125
8124.891677864351,6.510267501056745e-05,316.227783203125
8126.302546858358,8.875291633292197e-05,316.227783203125
8127.713415852366,0.0001030392617653482,316.227783203125
8129.1242848463735,0.00010334370315228346,316.227783203125
8130.535153840381,9.979290788928591e-05,316.227783203125
8131.946022834389,8.934211371477811e-05,316.227783203125
8133.356891828396,7.525282623164174e-05,316.227783203125
8134.767760822404,0.0001090578771674889,316.227783203125
8136.178629816412,0.00013453148900465818,316.227783203125
8137.589498810417,0.00014128624905871377,316.227783203125
8139.000367804425,0.00013006710417810645,316.227783203125
8140.411236798433,0.0001249453394995513,316.227783203125
8141.82210579244,0.00011656946968974236,316.227783203125
8143.232974786448,0.00011431565401573592,316.227783203125
8144.643843780455,0.00011608283080929115,316.227783203125
8146.054712774463,0.00012310289909965924,316.227783203125
8147.465581768471,0.00014711863611242826,316.227783203125
8148.876450762478,0.00016988720329788078,316.227783203125
8150.287319756486,0.00016500342002437676,316.227783203125
8151.6981887504935,0.00014733748576088203,316.227783203125
8153.109057744501,0.00015669865414461893,316.227783203125
8154.519926738509,0.00017329869904990879,316.227783203125
8155.930795732516,0.0002039139149121183,316.227783203125
8157.341664726524,0.0001983784291454578,316.227783203125
8158.752533720532,0.00013655194279597015,316.227783203125
8160.163402714539,8.027967379056235e-05,316.227783203125
8161.574271708547,6.36402840945606e-05,316.227783203125
8162.985140702554,0.00010564434716450397,316.227783203125
8164.396009696562,0.00011475187519600742,316.227783203125
8165.80687869057,0.00014540813409036346,316.227783203125
8167.217747684577,0.0001754304221989189,316.227783203125
8168.628616678585,0.0002219196215458557,316.227783203125
8170.0394856725925,0.0002511113361288453,316.227783203125
8171.4503546666,0.00025516968414041746,316.227783203125
8172.861223660608,0.0002681624227953965,316.227783203125
8174.272092654615,0.00029970725942670036,316.227783203125
8175.682961648623,0.00028231873053799657,316.227783203125
8177.093830642631,0.00024301644134927698,316.227783203125
8178.504699636638,0.0001830921641836937,316.227783203125
8179.915568630646,4.1318316802823815e-05,316.227783203125
8181.326437624652,-4.645490898566931e-05,316.227783203125
8182.737306618659,-0.00015831123030744104,316.227783203125
8184.148175612667,-0.0001824704827792789,316.227783203125
8185.559044606674,-0.00013506849674698417,316.227783203125
8186.969913600682,-6.30622273286429e-05,316.227783203125
8188.38078259469,-2.799379313269887e-05,316.227783203125
8189.791651588697,-1.2259161665395188e-05,316.227783203125
8191.202520582705,-4.993270211396325e-05,316.227783203125
8192.613389576713,-0.00012674534226177377,316.227783203125
8194.02425857072,-0.00019538260965373984,316.227783203125
8195.435127564728,-0.0002572467045473103,316.227783203125
8196.845996558735,-0.00030007164508302417,316.227783203125
8198.256865552743,-0.00029403443436799674,316.227783203125
8199.66773454675,-0.00028081486000143194,316.227783203125
8201.078603540758,-0.00026098649334784126,316.227783203125
8202.489472534766,-0.00027020146581398403,316.227783203125
8203.900341528773,-0.0002756360410281506,316.227783203125
8205.311210522781,-0.0002840042134385889,316.227783203125
8206.722079516789,-0.00029262871993768376,316.227783203125
8208.132948510796,-0.0002861798461400739,316.227783203125
8209.543817504804,-0.00026558741709240344,316.227783203125
8210.954686498811,-0.0002476430522670818,316.227783203125
8212.36555549282,-0.00023161799941022292,316.227783203125
8213.776424486827,-0.00021913668529069744,316.227783203125
8215.187293480834,-0.0002023018374639647,316.227783203125
8216.598162474842,-0.0001791332968408537,316.227783203125
8218.00903146885,-0.00016247847305109198,316.227783203125
8219.419900462857,-0.00014853526632394552,316.227783203125
8220.830769456865,-0.00011781576734373224,316.227783203125
8222.241638450872,-4.528024825539538e-05,316.227783203125
8223.65250744488,7.60562061558872e-05,316.227783203125
8225.063376438886,0.00018405594608567576,316.227783203125
8226.474245432893,0.00023446430112039965,316.227783203125
8227.885114426901,0.0002569293568460574,316.227783203125
8229.295983420909,0.00028431938470322403,316.227783203125
8230.706852414916,0.00027430540686001516,316.227783203125
8232.117721408924,0.00022856688900101466,316.227783203125
8233.528590402932,0.00017630521499246293,316.227783203125
8234.93945939694,0.00016521512138897333,316.227783203125
8236.350328390947,0.00015879521513533293,316.227783203125
8237.761197384954,0.0001626611603557978,316.227783203125
8239.172066378962,0.00016144338807849538,316.227783203125
8240.58293537297,0.00015252753980301258,316.227783203125
8241.993804366977,0.00017546622856163402,316.227783203125
8243.404673360985,0.0001921290213755776,316.227783203125
8244.815542354992,0.00021183269022978166,316.227783203125
8246.226411349,0.00025442703322383145,316.227783203125
8247.637280343008,0.0002190302636321459,316.227783203125
8249.048149337015,0.0001760956349333969,316.227783203125
8250.459018331023,0.00012002305116846565,316.227783203125
8251.86988732503,8.614128267774197e-05,316.227783203125
8253.280756319038,2.601449904610781e-05,316.227783203125
8254.691625313046,-1.1414493039322432e-05,316.227783203125
8256.102494307053,-1.4325824885294547e-05,316.227783203125
8257.513363301061,4.1459481617388966e-05,316.227783203125
8258.924232295069,0.00014637607404540884,316.227783203125
8260.335101289076,0.00023018735253963266,316.227783203125
8261.745970283084,0.0002711984711646336,316.227783203125
8263.156839277091,0.00025785135416762743,316.227783203125
8264.567708271099,0.0002358121477212885,316.227783203125
8265.978577265107,0.0001972385003145942,316.227783203125
8267.389446259114,0.00014500986093194008,316.227783203125
8268.800315253122,0.00010095913390609397,316.227783203125
8270.211184247128,4.185852816203893e-05,316.227783203125
8271.622053241135,0.0,316.227783203125
8273.032922235143,-1.8051974287185482e-05,316.227783203125
8274.44379122915,-2.0866841343353953e-05,316.227783203125
8275.854660223158,0.0,316.227783203125
8277.265529217166,1.8051974287185482e-05,316.227783203125
8278.676398211173,1.8503531919494137e-05,316.227783203125
8280.087267205181,2.3633094238598162e-06,316.227783203125
8281.498136199189,0.0,316.227783203125
8282.909005193196,0.0,316.227783203125
8284.319874187204,0.0,316.227783203125
8285.730743181211,0.0,316.227783203125
8287.141612175219,-5.629401729573269e-06,316.227783203125
8288.552481169227,-1.78768181852227e-05,316.227783203125
8289.963350163234,2.350621991479597e-05,316.227783203125
8291.374219157242,0.0,316.227783203125
8292.78508815125,0.0,316.227783203125
8294.195957145257,-6.869849786213245e-06,316.227783203125
8295.606826139265,6.869849786213245e-06,316.227783203125
8297.017695133272,0.0,316.227783203125
8298.42856412728,-3.413612279780896e-05,316.227783203125
8299.839433121288,-9.323452222204098e-05,316.227783203125
8301.250302115295,-0.00012051955316060188,316.227783203125
8302.661171109303,-0.00013887199945366788,316.227783203125
8304.07204010331,-0.000173699280116053,316.227783203125
8305.482909097318,-0.00013699047826953858,316.227783203125
8306.893778091326,-0.00013808382385809177,316.227783203125
8308.304647085333,-0.00012016836565028992,316.227783203125
8309.71551607934,-0.0001377706189183269,316.227783203125
8311.126385073349,-0.0001403047075570485,316.227783203125
8312.537254067356,-5.649926882455962e-05,316.227783203125
8313.948123061362,4.5571370964062746e-05,316.227783203125
8315.35899205537,0.00013873315386003608,316.227783203125
8316.769861049377,0.00021010040812005984,316.227783203125
8318.180730043385,0.00019172471539357153,316.227783203125
8319.591599037392,0.00015784510757357872,316.227783203125
8321.0024680314,0.00011481725363888216,316.227783203125
8322.413337025408,8.059662552446605e-05,316.227783203125
8323.824206019415,2.348743984966102e-05,316.227783203125
8325.235075013423,-5.3083848647619836e-05,316.227783203125
8326.64594400743,-0.0001421457772722845,316.227783203125
8328.056813001438,-0.00020546839690167677,316.227783203125
8329.467681995446,-0.00020649537848472198,316.227783203125
8330.878550989453,-0.0001985009910154198,316.227783203125
8332.28941998346,-0.00019948301052081716,316.227783203125
8333.700288977469,-0.00017100480967522508,316.227783203125
8335.111157971476,-0.00014397638164876866,316.227783203125
8336.522026965484,-0.0001230193369544351,316.227783203125
8337.932895959491,-0.00010397169930264141,316.227783203125
8339.343764953499,-0.00010529507411266917,316.227783203125
8340.754633947507,-0.00010079643424723214,316.227783203125
8342.165502941514,-0.000108960885759549,316.227783203125
8343.576371935522,-0.00015877403481031997,316.227783203125
8344.98724092953,-0.000187265313322341,316.227783203125
8346.398109923537,-0.00018726507444915934,316.227783203125
8347.808978917545,-0.00015770843674730618,316.227783203125
8349.219847911552,-0.00010227803511961807,316.227783203125
8350.63071690556,-3.5844300837114054e-05,316.227783203125
8352.041585899568,0.0,316.227783203125
8353.452454893575,-1.936256094790638e-05,316.227783203125
8354.863323887583,1.1199415621290787e-05,316.227783203125
8356.27419288159,4.362112673257472e-05,316.227783203125
8357.685061875596,5.9909461020430516e-05,316.227783203125
8359.095930869604,5.4245751852586774e-05,316.227783203125
8360.506799863611,4.442549594982359e-05,316.227783203125
8361.917668857619,5.670613475547426e-06,316.227783203125
8363.328537851627,-4.56292603537925e-05,316.227783203125
8364.739406845634,-4.477349357710249e-05,316.227783203125
8366.150275839642,2.8345651729815013e-05,316.227783203125
8367.56114483365,0.00010927093572171524,316.227783203125
8368.972013827657,0.00018518238955476246,316.227783203125
8370.382882821665,0.00018100624950683104,316.227783203125
8371.793751815672,0.00016007811116362965,316.227783203125
8373.20462080968,0.00014133293542871288,316.227783203125
8374.615489803688,0.00012518869779741364,316.227783203125
8376.026358797695,4.1220010533138396e-05,316.227783203125
8377.437227791703,-4.43879268560432e-05,316.227783203125
8378.84809678571,-0.00012559925083936024,316.227783203125
8380.258965779718,-0.0001773932601664037,316.227783203125
8381.669834773726,-0.0002333766256048201,316.227783203125
8383.080703767733,-0.00030401382727474405,316.227783203125
8384.49157276174,-0.0003656019918563489,316.227783203125
8385.902441755748,-0.00042744539598885654,316.227783203125
8387.313310749756,-0.00041939979988786513,316.227783203125
8388.724179743764,-0.0003660340977688463,316.227783203125
8390.135048737771,-0.0002584101233750174,316.227783203125
8391.545917731779,-9.974981203040613e-05,316.227783203125
8392.956786725787,2.0419830929518587e-05,316.227783203125
8394.367655719794,9.644714173420374e-05,316.227783203125
8395.778524713802,0.00016000083267067068,316.227783203125
8397.18939370781,0.0001253361450394199,316.227783203125
8398.600262701817,0.00010677703698218355,316.227783203125
8400.011131695825,0.0001136871084101692,316.227783203125
8401.42200068983,0.0001649371046758951,316.227783203125
8402.832869683838,0.00018413822235416495,316.227783203125
8404.243738677846,0.00022087898913718783,316.227783203125
8405.654607671853,0.00024958761941571046,316.227783203125
8407.06547666586,0.0002880170898913008,316.227783203125
8408.476345659868,0.00028532244097027176,316.227783203125
8409.887214653876,0.00024866040101914275,316.227783203125
8411.298083647884,0.0002060130192203819,316.227783203125
8412.708952641891,0.00014347662784293738,316.227783203125
8414.119821635899,0.00010960968414251183,316.227783203125
8415.530690629907,0.00010954860390141423,316.227783203125
8416.941559623914,0.00016864398401714512,316.227783203125
8418.352428617922,0.00014148234888978518,316.227783203125
8419.76329761193,4.076766669273979e-05,316.227783203125
8421.174166605937,0.0,316.227783203125
8422.585035599945,0.0,316.227783203125
8423.995904593952,-2.4586913395498178e-05,316.227783203125
8425.40677358796,-5.825615412144783e-05,316.227783203125
8426.817642581967,-7.53614964948985e-05,316.227783203125
8428.228511575975,-1.6795437822575074e-05,316.227783203125
8429.639380569983,1.3936527960023773e-05,316.227783203125
8431.05024956399,4.066074853686236e-06,316.227783203125
8432.461118557998,-0.00010029618496721661,316.227783203125
8433.871987552006,-0.0002509013301793036,316.227783203125
8435.282856546013,-0.0003404476221076421,316.227783203125
8436.69372554002,-0.00035746174839484945,316.227783203125
8438.104594534028,-0.0002750489872211711,316.227783203125
8439.515463528036,-0.00015601715592778766,316.227783203125
8440.926332522044,-6.188963828756763e-05,316.227783203125
8442.337201516051,-2.6014611272127952e-05,316.227783203125
8443.748070510059,-1.9921558354741783e-05,316.227783203125
8445.158939504066,-1.9896908400424476e-05,316.227783203125
8446.569808498072,-1.5242588498351126e-05,316.227783203125
8447.98067749208,1.3581197019321353e-05,316.227783203125
8449.391546486087,1.4497391281030614e-06,316.227783203125
8450.802415480095,-1.5179957833866622e-05,316.227783203125
8452.213284474103,-2.4539890207442988e-05,316.227783203125
8453.62415346811,-1.6021686061341162e-06,316.227783203125
8455.035022462118,1.1991213680478952e-06,316.227783203125
8456.445891456126,1.1939065140166571e-07,316.227783203125
8457.856760450133,7.0858579876691835e-06,316.227783203125
8459.26762944414,1.758127577808702e-05,316.227783203125
8460.678498438148,1.8616004101660796e-05,316.227783203125
8462.089367432156,1.9488632942311207e-06,316.227783203125
8463.500236426164,-6.358116546972305e-05,316.227783203125
8464.911105420171,-0.00018179319653419644,316.227783203125
8466.321974414179,-0.00029076737639485706,316.227783203125
8467.732843408186,-0.00034928698339570415,316.227783203125
8469.143712402194,-0.00030248219006442575,316.227783203125
8470.554581396202,-0.00020171813359737452,316.227783203125
8471.96545039021,-7.854605395494693e-05,316.227783203125
8473.376319384217,1.1156654664582974e-05,316.227783203125
8474.787188378225,5.553935936402493e-05,316.227783203125
8476.198057372232,7.969442601119328e-05,316.227783203125
8477.60892636624,9.348445930208032e-05,316.227783203125
8479.019795360247,8.051607073050922e-05,316.227783203125
8480.430664354255,6.967429466308087e-05,316.227783203125
8481.841533348263,6.942048591935396e-05,316.227783203125
8483.25240234227,7.646625332620449e-05,316.227783203125
8484.663271336278,9.629074430090451e-05,316.227783203125
8486.074140330285,0.00012974920232097613,316.227783203125
8487.485009324293,0.00014541954698110357,316.227783203125
8488.8958783183,0.00010401392186345886,316.227783203125
8490.306747312306,1.9323690970043245e-06,316.227783203125
8491.717616306314,-0.00014451468513787015,316.227783203125
8493.128485300322,-0.0003453685077286755,316.227783203125
8494.53935429433,-0.000689128610845682,316.227783203125
8495.950223288337,-0.0010406976224401447,316.227783203125
8497.361092282345,-0.0013003243738250684,316.227783203125
8498.771961276352,-0.001356457499276223,316.227783203125
8500.18283027036,-0.0011016761184687394,316.227783203125
8501.593699264367,-0.0007695542006247516,316.227783203125
8503.004568258375,-0.0004216294482211457,316.227783203125
8504.415437252383,-0.00017581227988647773,316.227783203125
8505.82630624639,-3.670302581943938e-05,316.227783203125
8507.237175240398,3.768509954086771e-05,316.227783203125
8508.648044234405,8.906297877830406e-05,316.227783203125
8510.058913228413,8.817072040367448e-05,316.227783203125
8511.46978222242,1.9026610226784146e-05,316.227783203125
8512.880651216428,-0.00011709929271152761,316.227783203125
8514.291520210436,-0.0002668783406730522,316.227783203125
8515.702389204444,-0.0002852372916738906,316.227783203125
8517.113258198451,-0.00023906305697141486,316.227783203125
8518.524127192459,-0.0001473030453542131,316.227783203125
8519.934996186466,-4.863515591519742e-05,316.227783203125
8521.345865180474,0.0,316.227783203125
8522.756734174482,8.441605652581563e-06,316.227783203125
8524.16760316849,-2.7561587290560532e-05,316.227783203125
8525.578472162497,-3.423318118350033e-05,316.227783203125
8526.989341156504,-4.503470578032069e-05,316.227783203125
8528.400210150512,-7.301192839464371e-05,316.227783203125
8529.81107914452,-0.000136642772353179,316.227783203125
8531.221948138527,-0.00021046432992457252,316.227783203125
8532.632817132535,-0.0003322967714811144,316.227783203125
8534.04368612654,-0.0005708830019283753,316.227783203125
8535.454555120548,-0.0009180793893168709,316.227783203125
8536.865424114556,-0.0013833438982056908,316.227783203125
8538.276293108564,-0.001954044778526504,316.227783203125
8539.687162102571,-0.0025674598774287852,316.227783203125
8541.098031096579,-0.002975377919110055,316.227783203125
8542.508900090586,-0.0030961277341867294,316.227783203125
8543.919769084594,-0.002769763195518698,316.227783203125
8545.330638078602,-0.0021582051347157558,316.227783203125
8546.74150707261,-0.0015915588116389972,316.227783203125
8548.152376066617,-0.001110621764922371,316.227783203125
8549.563245060624,-0.0007627324861092244,316.227783203125
8550.974114054632,-0.0005072054512855351,316.227783203125
8552.38498304864,-0.0003107789785286724,316.227783203125
8553.795852042647,-0.00016319318058261555,316.227783203125
8555.206721036655,-3.155116813071887e-05,316.227783203125
8556.617590030663,4.820285346997591e-05,316.227783203125
8558.02845902467,7.919868007344802e-05,316.227783203125
8559.439328018678,7.243686195268495e-05,316.227783203125
8560.850197012685,8.169569975924329e-05,316.227783203125
8562.261066006693,9.91694055416225e-05,316.227783203125
8563.6719350007,0.00013185131501131618,316.227783203125
8565.082803994708,0.00014800705756749452,316.227783203125
8566.493672988716,0.00017479106493560603,316.227783203125
8567.904541982723,0.00021023436680680206,316.227783203125
8569.315410976731,0.00014116697248143031,316.227783203125
8570.726279970739,9.049189268363865e-05,316.227783203125
8572.137148964746,5.5815982658026855e-05,316.227783203125
8573.548017958754,4.442331060650409e-05,316.227783203125
8574.958886952762,5.367668834076536e-05,316.227783203125
8576.36975594677,7.487734021587207e-05,316.227783203125
8577.780624940775,9.970504821579795e-05,316.227783203125
8579.191493934783,9.082140570568567e-05,316.227783203125
8580.60236292879,3.726861222125635e-05,316.227783203125
8582.013231922798,0.0,316.227783203125
8583.424100916805,4.613005024942801e-06,316.227783203125
8584.834969910813,1.4473811482283369e-05,316.227783203125
8586.24583890482,2.2780369398336595e-05,316.227783203125
8587.656707898828,2.5067354119006832e-05,316.227783203125
8589.067576892836,1.3308017653739651e-05,316.227783203125
8590.478445886843,2.9996266744203998e-05,316.227783203125
8591.889314880851,3.662740212301979e-05,316.227783203125
8593.300183874859,-9.764387164240551e-06,316.227783203125
8594.711052868866,-4.374516694843726e-05,316.227783203125
8596.121921862874,-4.4067701917192836e-05,316.227783203125
8597.532790856882,-1.4965217670819334e-05,316.227783203125
8598.94365985089,2.653463538615508e-06,316.227783203125
8600.354528844897,3.0047540828935515e-05,316.227783203125
8601.765397838904,4.4914928771915344e-05,316.227783203125
8603.176266832912,3.038881665116608e-05,316.227783203125
8604.58713582692,1.9040072536507732e-05,316.227783203125
8605.998004820927,1.6033981846094378e-05,316.227783203125
8607.408873814935,2.5998859494263254e-05,316.227783203125
8608.819742808942,-2.019862295601048e-05,316.227783203125
8610.23061180295,-8.675353156464491e-05,316.227783203125
8611.641480796958,-9.928247674344248e-05,316.227783203125
8613.052349790965,-3.0111682683554852e-05,316.227783203125
8614.463218784973,3.968182756503534e-05,316.227783203125
8615.87408777898,0.00010501393316408696,316.227783203125
8617.284956772988,0.00017240362540229745,316.227783203125
8618.695825766996,0.0002238291003931487,316.227783203125
8620.106694761003,0.00023011227477952832,316.227783203125
8621.517563755011,0.00023555517458563255,316.227783203125
8622.928432749017,0.00020393093578707604,316.227783203125
8624.339301743024,0.00024370066666684967,316.227783203125
8625.750170737032,0.00026100008680212186,316.227783203125
8627.16103973104,0.000240787076733074,316.227783203125
8628.571908725047,0.0002091139071189723,316.227783203125
8629.982777719055,0.00021024064263947505,316.227783203125
8631.393646713062,0.00024010336125085407,316.227783203125
8632.80451570707,0.00030739406495577937,316.227783203125
8634.215384701078,0.00032224017854333604,316.227783203125
8635.626253695085,0.00031553039727202914,316.227783203125
8637.037122689093,0.0003086428033264414,316.227783203125
8638.4479916831,0.00027072649583983165,316.227783203125
8639.858860677108,0.0002752624212139527,316.227783203125
8641.269729671116,0.0002883301085830677,316.227783203125
8642.680598665123,0.00032073738902152656,316.227783203125
8644.091467659131,0.0003420342952107757,316.227783203125
8645.502336653139,0.00033072555406080985,316.227783203125
8646.913205647146,0.0002637507965740759,316.227783203125
8648.324074641154,0.0001868081385147588,316.227783203125
8649.734943635161,0.00013779206357519662,316.227783203125
8651.145812629169,0.00010279068619618512,316.227783203125
8652.556681623177,5.645027781000546e-05,316.227783203125
8653.967550617184,-6.74353729809285e-05,316.227783203125
8655.378419611192,-0.00027652234437631,316.227783203125
8656.7892886052,-0.0006031039614366046,316.227783203125
8658.200157599207,-0.0011709703039377607,316.227783203125
8659.611026593215,-0.0017965444601138105,316.227783203125
8661.021895587222,-0.002413966326930774,316.227783203125
8662.43276458123,-0.0025006579658726144,316.227783203125
8663.843633575238,-0.002154930626157287,316.227783203125
8665.254502569245,-0.001575463602188163,316.227783203125
8666.665371563251,-0.0009644941502175482,316.227783203125
8668.076240557259,-0.0006167592693518235,316.227783203125
8669.487109551266,-0.00036264481719991415,316.227783203125
8670.897978545274,-0.00015915755011613499,316.227783203125
8672.308847539281,-0.00017101229139107436,316.227783203125
8673.71971653329,-0.0002104022575617221,316.227783203125
8675.130585527297,-0.00023605997764529832,316.227783203125
8676.541454521304,-0.0001473297302269118,316.227783203125
8677.952323515312,-9.330318471808402e-05,316.227783203125
8679.36319250932,-5.482509344051367e-05,316.227783203125
8680.774061503327,-2.1372769154148763e-05,316.227783203125
8682.184930497335,1.7107675449736653e-05,316.227783203125
8683.595799491342,2.105008534643467e-05,316.227783203125
8685.00666848535,-2.9879002601384402e-06,316.227783203125
8686.417537479358,-0.00012775600208846452,316.227783203125
8687.828406473365,-0.00024325704679299155,316.227783203125
8689.239275467373,-0.00027526653589760725,316.227783203125
8690.65014446138,-9.855117171144422e-05,316.227783203125
8692.061013455388,6.458766214345775e-05,316.227783203125
8693.471882449396,0.00017624535213306772,316.227783203125
8694.882751443403,0.00020205899908269306,316.227783203125
8696.293620437411,0.0002011583915792689,316.227783203125
8697.704489431419,0.0001891645700454348,316.227783203125
8699.115358425426,0.00018420763408951574,316.227783203125
8700.526227419434,0.00021880904396885496,316.227783203125
8701.937096413441,0.00030725184782381433,316.227783203125
8703.347965407449,0.0003852181219557542,316.227783203125
8704.758834401457,0.0003961026431592834,316.227783203125
8706.169703395464,0.0003351781680373256,316.227783203125
8707.580572389472,0.0002560661193922696,316.227783203125
8708.99144138348,0.00017050448408411321,316.227783203125
8710.402310377485,6.500693067093555e-05,316.227783203125
8711.813179371493,3.108635588105341e-05,316.227783203125
8713.2240483655,4.709620961197182e-05,316.227783203125
8714.634917359508,7.517435228964267e-05,316.227783203125
8716.045786353516,3.551677367452828e-05,316.227783203125
8717.456655347523,4.8910305762284514e-05,316.227783203125
8718.867524341531,0.0001697242769754942,316.227783203125
8720.278393335539,0.0003534635044678113,316.227783203125
8721.689262329546,0.0003984075255597623,316.227783203125
8723.100131323554,0.00033733024830729513,316.227783203125
8724.511000317561,0.000288839559022213,316.227783203125
8725.921869311569,0.00025043759741037036,316.227783203125
8727.332738305577,0.00020871182622430456,316.227783203125
8728.743607299584,0.00010705516554905536,316.227783203125
8730.154476293592,0.00012540603083320556,316.227783203125
8731.5653452876,0.00013095586731694947,316.227783203125
8732.976214281607,0.000120637391551345,316.227783203125
8734.387083275615,6.777274314503749e-05,316.227783203125
8735.797952269622,8.40544600502445e-05,316.227783203125
8737.20882126363,0.00013609313338092469,316.227783203125
8738.619690257638,0.00014070993667741026,316.227783203125
8740.030559251645,0.00014700283576983206,316.227783203125
8741.441428245653,0.00015516156893723675,316.227783203125
8742.85229723966,0.00011711552823327233,316.227783203125
8744.263166233668,7.748277539116125e-05,316.227783203125
8745.674035227676,4.1099361741936055e-05,316.227783203125
8747.084904221683,1.6670451897717042e-05,316.227783203125
8748.49577321569,-2.4957547711063066e-05,316.227783203125
8749.906642209698,-5.248452422016055e-05,316.227783203125
8751.317511203706,-8.595536008875783e-05,316.227783203125
8752.728380197714,3.8862413928459835e-05,316.227783203125
8754.139249191721,9.129362590924207e-05,316.227783203125
8755.550118185727,0.00012129599627180333,316.227783203125
8756.960987179735,0.00010863842276056905,316.227783203125
8758.371856173742,0.00023502365024681907,316.227783203125
8759.78272516775,0.00034349453807267817,316.227783203125
8761.193594161758,0.0004025001322826259,316.227783203125
8762.604463155765,0.0002061745999930066,316.227783203125
8764.015332149773,4.6456667634919846e-05,316.227783203125
8765.42620114378,-5.494579643135558e-05,316.227783203125
8766.837070137788,-2.6660830968892185e-05,316.227783203125
8768.247939131796,-2.1731641628252793e-05,316.227783203125
8769.658808125803,-1.77040895371159e-05,316.227783203125
8771.06967711981,1.99115743492774e-05,316.227783203125
8772.480546113818,2.1731641628252793e-05,316.227783203125
8773.891415107826,7.025368790181119e-05,316.227783203125
8775.302284101834,0.00019185733619684828,316.227783203125
8776.713153095841,0.00026711565077592106,316.227783203125
8778.124022089849,0.00021981592536983278,316.227783203125
8779.534891083857,7.537544631286766e-05,316.227783203125
8780.945760077864,-7.126062309910364e-06,316.227783203125
8782.356629071872,3.563031154955182e-06,316.227783203125
8783.76749806588,5.0913248134951475e-05,316.227783203125
8785.178367059887,7.880757037535997e-05,316.227783203125
8786.589236053895,6.810441025774036e-05,316.227783203125
8788.000105047902,4.090235844787793e-05,316.227783203125
8789.41097404191,2.200318549689176e-06,316.227783203125
8790.821843035917,-1.4721468798743406e-05,316.227783203125
8792.232712029925,-4.736537219160279e-05,316.227783203125
8793.643581023933,-9.531634830044211e-05,316.227783203125
8795.05445001794,-8.163893655273313e-05,316.227783203125
8796.465319011948,-4.411624052442359e-05,316.227783203125
8797.876188005956,-3.3886294882460796e-05,316.227783203125
8799.287056999961,-0.0001624550673875614,316.227783203125
8800.697925993969,-0.0002903581923169984,316.227783203125
8802.108794987977,-0.0004618051676875609,316.227783203125
8803.519663981984,-0.0007259522848122573,316.227783203125
8804.930532975992,-0.0009342870853084016,316.227783203125
8806.34140197,-0.0009860848255397788,316.227783203125
8807.752270964007,-0.0008596319167748171,316.227783203125
8809.163139958015,-0.0006244026698699334,316.227783203125
8810.574008952022,-0.0004162184720868274,316.227783203125
8811.98487794603,-0.00023935226962025664,316.227783203125
8813.395746940037,-0.000107101540256168,316.227783203125
8814.806615934045,-0.00011344137862724125,316.227783203125
8816.217484928053,-0.00022788386360394174,316.227783203125
8817.62835392206,-0.00048551561936521596,316.227783203125
8819.039222916068,-0.0005011951847000359,316.227783203125
8820.450091910076,-0.0005035036139932909,316.227783203125
8821.860960904083,-0.0005618594510438911,316.227783203125
8823.27182989809,-0.0006845591108948744,316.227783203125
8824.682698892098,-0.0006718760713160243,316.227783203125
8826.093567886106,-0.0005417342915295109,316.227783203125
8827.504436880114,-0.00041454675023844777,316.227783203125
8828.915305874121,-0.00032869342961176946,316.227783203125
8830.326174868129,-0.0003022867931860452,316.227783203125
8831.737043862136,-0.00043184466768590724,316.227783203125
8833.147912856144,-0.0004399902840241023,316.227783203125
8834.558781850152,-0.00039846486125142723,316.227783203125
8835.96965084416,-0.0003530066829190281,316.227783203125
8837.380519838167,-0.000583838346470968,316.227783203125
8838.791388832175,-0.0007381153273534544,316.227783203125
8840.202257826182,-0.0007405168846092818,316.227783203125
8841.61312682019,-0.0004568931109030106,316.227783203125
8843.023995814196,-0.00027843345214146123,316.227783203125
8844.434864808203,-0.00026539397604761865,316.227783203125
8845.84573380221,-0.0003123007325116431,316.227783203125
8847.256602796218,-0.0004325148530250726,316.227783203125
8848.667471790226,-0.0005294280746653921,316.227783203125
8850.078340784234,-0.00039424886042850084,316.227783203125
8851.489209778241,-0.0004251158200501426,316.227783203125
8852.900078772249,-0.0004920948378793963,316.227783203125
8854.310947766257,-0.0005668063103423521,316.227783203125
8855.721816760264,-0.0006072565800679941,316.227783203125
8857.132685754272,-0.0005879958299845351,316.227783203125
8858.54355474828,-0.0005105489468429092,316.227783203125
8859.954423742287,-0.0005706807257832881,316.227783203125
8861.365292736295,-0.0006902361065744215,316.227783203125
8862.776161730302,-0.0008578310833021706,316.227783203125
8864.18703072431,-0.0009642556477744788,316.227783203125
8865.597899718317,-0.001126522589342321,316.227783203125
8867.008768712325,-0.0012954215442135975,316.227783203125
8868.419637706333,-0.0013823491431434326,316.227783203125
8869.83050670034,-0.0013237417808804244,316.227783203125
8871.241375694348,-0.0012022082684309439,316.227783203125
8872.652244688355,-0.00106012907453824,316.227783203125
8874.063113682363,-0.000895864544555711,316.227783203125
8875.47398267637,-0.0007579658970109787,316.227783203125
8876.884851670378,-0.0006738094011654126,316.227783203125
8878.295720664386,-0.0005759929795629386,316.227783203125
8879.706589658394,-0.0005130157529858823,316.227783203125
8881.117458652401,-0.0004968794819549104,316.227783203125
8882.528327646409,-0.0007094823449104812,316.227783203125
8883.939196640416,-0.0008575318256064859,316.227783203125
8885.350065634424,-0.0009719257871072407,316.227783203125
8886.76093462843,-0.0011158109374010197,316.227783203125
8888.171803622437,-0.0012133663714144448,316.227783203125
8889.582672616445,-0.0012088785105269697,316.227783203125
8890.993541610453,-0.000983337969779752,316.227783203125
8892.40441060446,-0.0006827868496598159,316.227783203125
8893.815279598468,-0.0005184763937064064,316.227783203125
8895.226148592476,-0.0006462706767929819,316.227783203125
8896.637017586483,-0.0006406449979856899,316.227783203125
8898.04788658049,-0.000629557829376395,316.227783203125
8899.458755574498,-0.0006362373662890351,316.227783203125
