wave,flux,uncertainty
4000.640972592914,0.0,7.071068286895752
4001.8559803149346,0.008705184006041256,7.071205823543221
4003.0709880369554,0.0063370158024324,7.07094969947983
4004.2859957589762,0.00043030973132551775,7.071460971890584
4005.5010034809966,-0.0049852692733715065,7.0707540085885725
4006.7160112030174,-0.004801607845588918,7.071068286895752
4007.931018925038,0.002640617945705026,7.071068286895752
4009.146026647059,0.016487046760853996,7.071164411085522
4010.36103436908,0.030408668519954052,7.071034645946261
4011.5760420911,0.04052315093163017,7.071373950592894
4012.791049813121,0.04438954618902169,7.070995112658832
4014.0060575351417,0.050254471516668175,7.0708454160080105
4015.2210652571625,0.05473726779807375,7.071412857024321
4016.4360729791833,0.05486757599513481,7.071019716367172
4017.651080701204,0.05006098039412965,7.0710041147788205
4018.866088423225,0.04464790595274892,7.07086155071545
4020.0810961452453,0.04517379304534741,7.071477427124381
4021.296103867266,0.04740048433850552,7.071068286895752
4022.511111589287,0.04863445961376278,7.071068286895752
4023.7261193113077,0.04814344593694986,7.070641541683442
4024.9411270333285,0.04306173501914734,7.071241662279179
4026.156134755349,0.03829519788431679,7.071162804699379
4027.3711424773696,0.030702328377058774,7.071102753929102
4028.5861501993904,0.011918163102571877,7.070735681064422
4029.8011579214112,-0.008248036563721417,7.071301182901203
4031.016165643432,-0.025623726694326998,7.071133492273062
4032.231173365453,-0.029038828273589057,7.070772456458652
4033.4461810874736,-0.020520133164599996,7.071097325236083
4034.661188809494,-0.007987870350285031,7.071304765578932
4035.876196531515,0.00876035585691659,7.071068286895752
4037.0912042535356,0.0259589527973475,7.071068286895752
4038.3062119755564,0.040989881656278704,7.0707676923962435
4039.521219697577,0.04830487544976836,7.0714973836656405
4040.7362274195975,0.03898411212305508,7.070819705253831
4041.9512351416183,0.023127853928244124,7.071317911379185
4043.166242863639,0.004347078901369206,7.070671170953349
4044.38125058566,-0.015095420699693829,7.071045569082162
4045.5962583076807,-0.02421273135176072,7.071373123609106
4046.8112660297015,-0.021835235860907853,7.071068286895752
4048.0262737517223,-0.009102647301496347,7.070911052813263
4049.2412814737427,0.008096728528188435,7.071188795434718
4050.4562891957635,0.018431836533806867,7.0709078897959206
4051.6712969177843,0.019870709166366574,7.071068286895752
4052.886304639805,0.020735938432327572,7.071142954471415
4054.101312361826,0.011037920604193618,7.071143782297044
4055.316320083846,-0.004650250318307458,7.070863011245534
4056.531327805867,-0.01837737683909013,7.071175030422248
4057.746335527888,-0.02697026240145184,7.070971478780985
4058.9613432499086,-0.02895220806690002,7.071068286895752
4060.1763509719294,-0.029675052255785372,7.071068286895752
4061.39135869395,-0.0388159607655606,7.071068286895752
4062.606366415971,-0.04767483237202852,7.071229627311901
4063.8213741379914,-0.051514818215344316,7.0708733488795374
4065.036381860012,-0.04321964706357051,7.071133720805402
4066.251389582033,-0.032395370879030216,7.070991593033074
4067.4663973040538,-0.023422159379459462,7.071068286895752
4068.6814050260746,-0.01448392433958079,7.071068286895752
4069.896412748095,-0.00861387895248833,7.07083665164525
4071.1114204701157,-0.008666869273646127,7.07135517039409
4072.3264281921365,-0.01365051112964899,7.071068286895752
4073.5414359141573,-0.02138293303917782,7.071068286895752
4074.756443636178,-0.022198169090752673,7.071068286895752
4075.971451358199,-0.02329554718719884,7.071068286895752
4077.1864590802197,-0.0281703800128299,7.071068286895752
4078.40146680224,-0.023709092663644515,7.071068286895752
4079.616474524261,-0.008243443201731315,7.071068286895752
4080.8314822462817,0.015798781899636127,7.071068286895752
4082.0464899683025,0.0373319125900472,7.071068286895752
4083.2614976903233,0.052730749111409736,7.071068286895752
4084.4765054123436,0.06323067895117906,7.071068286895752
4085.6915131343644,0.0772506302731748,7.071068286895752
4086.906520856385,0.09037463923607725,7.071488112742464
4088.121528578406,0.10037175238008578,7.070498107381907
4089.336536300427,0.09956692270489842,7.071068286895752
4090.5515440224476,0.08879429629316049,7.071068286895752
4091.7665517444684,0.07125986397757267,7.071068286895752
4092.9815594664888,0.05391719851206167,7.071068286895752
4094.1965671885096,0.02764149317298259,7.071068286895752
4095.4115749105304,-0.0008192497854099257,7.071068286895752
4096.626582632551,-0.02685199595216392,7.071068286895752
4097.841590354572,-0.049957787513448815,7.071068286895752
4099.056598076592,-0.07111843367103032,7.071068286895752
4100.271605798614,-0.08898937643102378,7.071068286895752
4101.486613520634,-0.09629214475259917,7.071068286895752
4102.701621242655,-0.08578809174385182,7.071068286895752
4103.9166289646755,-0.06845362727283166,7.071068286895752
4105.131636686696,-0.04874072398717999,7.071068286895752
4106.346644408717,-0.029246837859314034,7.071068286895752
4107.5616521307375,-0.014092442095556601,7.071068286895752
4108.776659852759,-0.004965970825541066,7.071068286895752
4109.991667574779,0.0038738623474022793,7.071068286895752
4111.206675296799,0.009971512761364099,7.071068286895752
4112.421683018821,0.017258401407337698,7.071068286895752
4113.636690740841,0.023269526463417955,7.071068286895752
4114.851698462862,0.031017952920870617,7.071068286895752
4116.066706184883,0.03675644874648565,7.071068286895752
4117.281713906903,0.03755276980214173,7.071068286895752
4118.496721628924,0.032775901519739525,7.071068286895752
4119.711729350945,0.02837621531676493,7.071068286895752
4120.926737072966,0.023842809778136687,7.071068286895752
4122.141744794986,0.02228891631896368,7.071068286895752
4123.356752517007,0.025292253429639477,7.071068286895752
4124.571760239028,0.028580123418646797,7.071068286895752
4125.786767961048,0.02643390362254794,7.071068286895752
4127.001775683069,0.01573559491073695,7.072095607079248
4128.21678340509,0.00325079484972135,7.070716007976799
4129.431791127111,-0.0056183255214108385,7.0706411133770075
4130.646798849131,-0.011296217732443936,7.071068286895752
4131.861806571153,-0.016821268320125538,7.071068286895752
4133.076814293173,-0.017362448426886057,7.071068286895752
4134.291822015193,-0.01373274782564693,7.071068286895752
4135.5068297372145,-0.006168217114816299,7.071068286895752
4136.721837459235,0.002468530323272655,7.071068286895752
4137.936845181256,0.004840441072142987,7.071068286895752
4139.151852903276,0.0005960678047502999,7.071771081253279
4140.366860625297,-0.010276123500974732,7.070104421733103
4141.581868347318,-0.02349853791650347,7.071518782169321
4142.796876069338,-0.032465712276680714,7.070830532661589
4144.01188379136,-0.03386545698528032,7.070991407626471
4145.22689151338,-0.03379810932651528,7.070931632545849
4146.4418992354,-0.037377056227504535,7.071185098551923
4147.656906957422,-0.04243053927570062,7.070910772835478
4148.871914679442,-0.04566868979220329,7.071284139204014
4150.086922401463,-0.043189493087992914,7.071400983232263
4151.3019301234835,-0.041562959084872286,7.070693120140515
4152.516937845505,-0.042080719086453944,7.070932028822036
4153.731945567525,-0.043255629779185956,7.071981241644273
4154.9469532895455,-0.041942314472217856,7.070511850972234
4156.161961011567,-0.03544505593237557,7.071607768470534
4157.376968733587,-0.024543987829143465,7.071159004880849
4158.591976455608,-0.015137108513674224,7.070346233809736
4159.806984177629,-0.002509042333457834,7.07097486292124
4161.02199189965,0.007049363072934356,7.071154365776856
4162.23699962167,0.013410321575815898,7.070865756188005
4163.452007343691,0.014799841533785552,7.071232530236239
4164.667015065712,0.009558933906643308,7.0715025521971135
4165.882022787732,0.0007836534632686964,7.071266463564415
4167.0970305097535,-0.009366383004919987,7.070036255740536
4168.312038231774,-0.022143533947724392,7.071152831349427
4169.527045953794,-0.03377730951465363,7.07097507120877
4170.742053675815,-0.04450905545343087,7.071968031823583
4171.957061397836,-0.055070884623382055,7.070095361639027
4173.172069119857,-0.06209836197321372,7.071068286895752
4174.387076841877,-0.06474286434607801,7.071068286895752
4175.602084563898,-0.0619348620040262,7.072030244217339
4176.817092285919,-0.05753550203782931,7.070901012490235
4178.032100007939,-0.052856576673463995,7.070440046883611
4179.247107729961,-0.048604951560506926,7.071068286895752
4180.462115451981,-0.04143654934949881,7.071068286895752
4181.677123174002,-0.03196294322824189,7.071704330002707
4182.8921308960225,-0.021438136835359667,7.07049275987717
4184.107138618043,-0.012380518924703598,7.071068286895752
4185.322146340064,-0.0068218632404929425,7.071068286895752
4186.5371540620845,-0.005475726124785418,7.07182402712794
4187.752161784106,-0.005656667848646713,7.070522126728422
4188.967169506126,-0.0038429694583126395,7.070869401283255
4190.182177228147,-0.0001533442514700667,7.072084406316476
4191.397184950168,0.0028981355874043713,7.070610943674538
4192.612192672188,0.0008737037725972119,7.070966654618525
4193.827200394209,-0.006689108000871746,7.071727186939417
4195.04220811623,-0.018805752617641724,7.070057131136986
4196.257215838251,-0.03092258688865268,7.071345165914833
4197.472223560271,-0.03910262367767159,7.0714320845341705
4198.687231282292,-0.039875241262997574,7.070347068613668
4199.902239004313,-0.0346697716928388,7.071147412446605
4201.117246726333,-0.026290093475803133,7.0713303643991186
4202.332254448354,-0.01431953978504552,7.071246837125409
4203.547262170375,0.0034981776366763695,7.07044780225809
4204.762269892395,0.022456406580870114,7.071733617884249
4205.977277614416,0.037565408592609706,7.070523383917976
4207.192285336437,0.04711318071370352,7.071068286895752
4208.407293058458,0.04983338570315021,7.071068286895752
4209.622300780478,0.04982988948109224,7.071817856409785
4210.8373085025,0.045967389376155854,7.070736421942334
4212.05231622452,0.04055034589769568,7.071304680216973
4213.26732394654,0.03505461851459113,7.07039495626828
4214.4823316685615,0.03617837657888101,7.0716857777150315
4215.697339390582,0.041638012243787825,7.0708845299412815
4216.912347112603,0.05058245232813796,7.070817000117403
4218.1273548346235,0.056479517251285305,7.0717521128297225
4219.342362556645,0.056666153518558526,7.070941184281005
4220.557370278665,0.04706638156661169,7.070548056610088
4221.772378000685,0.029440289033503264,7.071626911957694
4222.987385722707,0.00010178092887358492,7.070188187105054
4224.202393444727,-0.034307573347577947,7.071989161009561
4225.417401166748,-0.059924017552080544,7.071068286895752
4226.632408888769,-0.07029776010043598,7.071068286895752
4227.847416610789,-0.06266552786061308,7.071068286895752
4229.06242433281,-0.03926163669905991,7.071068286895752
4230.277432054831,-0.009887994915202758,7.07064962984944
4231.492439776852,0.014829040379838898,7.070674214600475
4232.707447498872,0.030231686021293558,7.072019812069431
4233.9224552208925,0.03817183688478365,7.070929845058677
4235.137462942914,0.04246036588673652,7.0707967430891925
4236.352470664934,0.04750212969463896,7.07080890233733
4237.567478386955,0.053981305247637,7.070923022617648
4238.782486108976,0.06213649959198286,7.071068286895752
4239.997493830997,0.07452356485800726,7.071068286895752
4241.212501553017,0.08862364998010508,7.0717151064705615
4242.427509275038,0.09737646394856891,7.07123729416594
4243.642516997059,0.10073412663942627,7.071068286895752
4244.857524719079,0.10020261221597015,7.070996961267202
4246.0725324411005,0.08872202464841938,7.070976068992465
4247.287540163121,0.07226451982418758,7.070363959211628
4248.502547885142,0.055453626691231106,7.071130656846108
4249.7175556071625,0.03669870372457795,7.071500646550269
4250.932563329183,0.020691061120566623,7.0711566685716685
4252.147571051204,0.014944096772876558,7.070458947108774
4253.362578773224,0.008041246573217475,7.071088072708646
4254.577586495246,0.009934987730657374,7.071476364062331
4255.792594217266,0.013004458634296445,7.071182563039465
4257.007601939286,0.01243579900603442,7.07134555979677
4258.222609661308,0.016559422414097358,7.070007724679889
4259.437617383328,0.023615508468021296,7.07130716000355
4260.652625105349,0.03188403146443752,7.07115442313332
4261.86763282737,0.04038262065646869,7.071344870722083
4263.08264054939,0.050942264639859625,7.071324649958783
4264.297648271411,0.0570779244737839,7.070927183331844
4265.5126559934315,0.05434905272050383,7.07110618670324
4266.727663715453,0.04057518288198958,7.070432775543677
4267.942671437473,0.020147213114464324,7.070968430024795
4269.157679159494,-0.005734156526788214,7.0718269205154405
4270.372686881515,-0.02993405586434006,7.071068286895752
4271.587694603535,-0.05168979216924352,7.071068286895752
4272.802702325556,-0.06307235159538283,7.071068286895752
4274.017710047577,-0.06126528447227242,7.071015042325574
4275.232717769598,-0.047343025472512346,7.07071575157078
4276.447725491618,-0.027115816729168074,7.071015865730548
4277.6627332136395,-0.005816172122601215,7.071523173836169
4278.87774093566,0.005925218554473033,7.070209609950639
4280.09274865768,0.006075256798759088,7.071732351651283
4281.3077563797015,0.001114680359833975,7.071068286895752
4282.522764101722,-0.005368514533698798,7.071068286895752
4283.737771823743,-0.013169234736963853,7.070267707125032
4284.952779545763,-0.024883544974748095,7.071057775968931
4286.167787267784,-0.04243280366533253,7.071726618211145
4287.382794989805,-0.06063184898715657,7.071068286895752
4288.597802711825,-0.07350848803188959,7.071068286895752
4289.812810433847,-0.0765518951493489,7.070164881973214
4291.027818155867,-0.07779029254461767,7.071475065077558
4292.242825877887,-0.08343540505601965,7.071156456453991
4293.457833599909,-0.09174333657796585,7.070484940941854
4294.672841321929,-0.10743434562650955,7.072145130859854
4295.88784904395,-0.1300402020819007,7.071068286895752
4297.1028567659705,-0.15586766913857664,7.071068286895752
4298.317864487992,-0.18395726946429092,7.070330623403532
4299.532872210012,-0.21369508794516978,7.070971928296625
4300.747879932032,-0.23713409942129515,7.071998652311573
4301.962887654054,-0.25548529540839693,7.070989544001201
4303.177895376074,-0.26331860641942517,7.071107003748324
4304.392903098095,-0.26935593681733117,7.070225674148979
4305.607910820116,-0.2757196928933907,7.071857209789173
4306.822918542137,-0.2776432440931291,7.070667365231614
4308.037926264157,-0.2700954830142145,7.0710798763964995
4309.252933986178,-0.2471162892804516,7.071443546040025
4310.467941708199,-0.2083344728322929,7.0711183156805655
4311.682949430219,-0.16141396033397004,7.071247650174843
4312.89795715224,-0.10795456893119848,7.070647721841791
4314.112964874261,-0.05079852739238766,7.07065033440819
4315.327972596281,0.007292886123784426,7.07178924141376
4316.542980318302,0.054546009999055234,7.071207744701636
4317.757988040323,0.0792127037731154,7.070533737301925
4318.972995762344,0.0799803435377825,7.071605483395087
4320.188003484364,0.06701166243720436,7.070345937509352
4321.403011206385,0.041940238499141635,7.072029315040921
4322.618018928406,0.01150796843181856,7.070347432477245
4323.833026650426,-0.015492978598669271,7.071312648774952
4325.048034372448,-0.027000511569905017,7.071298747816054
4326.263042094468,-0.01947197356034558,7.0710766857541785
4327.478049816489,0.0007326561183671476,7.070284545720458
4328.6930575385095,0.0312596522854971,7.071701972258664
4329.90806526053,0.059445783605937885,7.070650168029689
4331.123072982551,0.08064842830233698,7.0708115206122475
4332.338080704571,0.09204619550573223,7.071862575835343
4333.553088426593,0.08426357713413513,7.071068286895752
4334.768096148613,0.06551491338608528,7.071068286895752
4335.983103870634,0.034467854032822265,7.071191541663433
4337.198111592655,0.0005156229824734293,7.070942841013202
4338.413119314675,-0.02914907800715094,7.0710627996421005
4339.628127036696,-0.05640854374418547,7.070588665030813
4340.843134758717,-0.05508592549153313,7.071552932762737
4342.058142480738,-0.04564506717764172,7.070362727624617
4343.273150202758,-0.029143602670337776,7.071863808789752
4344.4881579247785,-0.007219222869800035,7.071068286895752
4345.7031656468,0.017409392790937783,7.071068286895752
4346.91817336882,0.03402299712577728,7.070515792435249
4348.133181090841,0.04136590303477994,7.070771936503617
4349.348188812862,0.03507463694834634,7.072081407864736
4350.563196534882,0.022301779130390553,7.071068286895752
4351.778204256903,0.008147368838490543,7.071068286895752
4352.993211978924,0.0049143212738125275,7.071068286895752
4354.208219700945,0.011283243557450806,7.07021657926877
4355.423227422965,0.024570611423342603,7.072146685926926
4356.6382351449865,0.037726762394649116,7.071068286895752
4357.853242867007,0.04464172534986277,7.071068286895752
4359.068250589027,0.047860243097263444,7.071068286895752
4360.2832583110485,0.05980937516031504,7.070157206427422
4361.498266033069,0.07736376042973436,7.072077521349966
4362.71327375509,0.09214624539985561,7.070909211779567
4363.92828147711,0.09701738552043015,7.07116997968111
4365.143289199132,0.09357176832651981,7.071136705872681
4366.358296921152,0.08323495149177829,7.071068286895752
4367.573304643172,0.07189886009859814,7.071068286895752
4368.788312365194,0.05706562092663292,7.071068286895752
4370.003320087214,0.041404074561365745,7.070957175291821
4371.218327809235,0.024421477555688798,7.0710081698000815
4372.433335531256,0.00758506758017452,7.07126799957836
4373.648343253276,-0.004038599379004637,7.070280756447719
4374.863350975297,-0.008048828500076821,7.071778797263186
4376.0783586973175,-0.014223289431395836,7.071068286895752
4377.293366419339,-0.021059593884216188,7.071068286895752
4378.508374141359,-0.034920288410009936,7.071068286895752
4379.7233818633795,-0.054488102439597785,7.071068286895752
4380.938389585401,-0.08334467449234173,7.070988799165419
4382.153397307421,-0.10828802330352838,7.071098961756932
4383.368405029442,-0.13064390848447316,7.070948740561812
4384.583412751463,-0.13486156253649395,7.0710639358836
4385.798420473484,-0.12696807392113796,7.0712439590556055
4387.013428195504,-0.11645650603829516,7.070984894743414
4388.228435917525,-0.099420897562708,7.07097943802301
4389.443443639546,-0.08426357713413513,7.07123838726187
4390.658451361566,-0.07084490358796569,7.071069806214045
4391.8734590835875,-0.05850442273148171,7.070894300599657
4393.088466805608,-0.04716143321987887,7.071068286895752
4394.303474527629,-0.03394629299097218,7.071068286895752
4395.518482249649,-0.01832953087385847,7.071239768800237
4396.73348997167,-0.004760410887468813,7.070853271744452
4397.948497693691,-0.002299897410104501,7.071198146700095
4399.163505415711,-0.00827227210140613,7.071023520120506
4400.378513137733,-0.020252388973835078,7.071026192137435
4401.593520859753,-0.03404733310850849,7.071195197054199
4402.808528581773,-0.050250178106413745,7.070854792713992
4404.023536303795,-0.06080799782709434,7.071068286895752
4405.238544025815,-0.06847875558688621,7.071068286895752
4406.453551747836,-0.06180032103955879,7.071068286895752
4407.6685594698565,-0.0469246722362624,7.071068286895752
4408.883567191877,-0.03146856315990165,7.071068286895752
4410.098574913898,-0.012690964075057654,7.071068286895752
4411.3135826359185,-0.014070991067989036,7.071068286895752
4412.52859035794,-0.006983840429208188,7.071068286895752
4413.74359807996,0.0,7.071068286895752
4414.958605801981,0.005184155399059254,7.071068286895752
4416.173613524002,0.005039600087360929,7.070920095265308
4417.388621246022,0.007916111576912188,7.071207644352501
4418.603628968043,0.010132997140343436,7.071068286895752
4419.818636690064,0.01349488875243754,7.071068286895752
4421.033644412085,0.017645246291943417,7.071068286895752
4422.248652134105,0.016785908289571827,7.071068286895752
4423.4636598561265,0.015206930075242653,7.071068286895752
4424.678667578147,0.015723587642167747,7.071068286895752
4425.893675300167,0.015769063818731555,7.071068286895752
4427.108683022188,0.017259071423009642,7.071068286895752
4428.323690744209,0.02002013544830117,7.071068286895752
4429.53869846623,0.015503172033646928,7.0710076522789285
4430.75370618825,0.008795363384952237,7.071463267462031
4431.968713910271,-0.0011977968455754162,7.070860334066709
4433.183721632292,-0.011986553031295477,7.070757058509409
4434.398729354312,-0.013504702768778465,7.071274081832437
4435.613737076334,-0.006733458384808211,7.071017999713588
4436.828744798354,0.0,7.070943485754872
4438.043752520374,0.00943845806117638,7.07119976030325
4439.2587602423955,0.01704755387652912,7.071111265286291
4440.473767964416,0.023532524552950074,7.070854735337179
4441.688775686437,0.03143371212815538,7.071068286895752
4442.9037834084575,0.036628327066467126,7.071068286895752
4444.118791130479,0.040393523926446795,7.071187006479748
4445.333798852499,0.047171778751174065,7.071762016957997
4446.548806574519,0.051922582306210385,7.070332345564521
4447.763814296541,0.0550590685395711,7.071043967848158
4448.978822018561,0.04749550938774427,7.070981064984186
4450.193829740582,0.03493109621212076,7.071074436713528
4451.408837462603,0.01885176291988655,7.071141165706276
4452.623845184624,-0.00031462859845410307,7.070914608166723
4453.838852906644,-0.021407330051099294,7.071265962715325
4455.053860628665,-0.04437033385419098,7.071143509736738
4456.268868350686,-0.06422218359855814,7.071264234555421
4457.483876072706,-0.07674706289901034,7.070628954182553
4458.698883794727,-0.0858567607588796,7.071906364887884
4459.913891516748,-0.08184293798062559,7.070075166613622
4461.128899238768,-0.07292750451174479,7.071068286895752
4462.343906960789,-0.058801689542010704,7.071068286895752
4463.55891468281,-0.04619316285804431,7.071616297891874
4464.773922404831,-0.031295025643773844,7.071402966205034
4465.988930126851,-0.019325266610392022,7.070127414788751
4467.203937848872,-0.011241469730117526,7.071113912028071
4468.418945570893,-0.0019656575451463265,7.07172911611839
4469.633953292913,0.00947273091814349,7.070710248678838
4470.8489610149345,0.027502868592480523,7.0707185483365125
4472.063968736955,0.04593017621651141,7.0719046576290125
4473.278976458976,0.05406166079130981,7.070086215178125
4474.493984180996,0.06364827729220068,7.071184096933579
4475.708991903017,0.06711396443325413,7.071389991312414
4476.923999625038,0.06357878795144645,7.070629719578873
4478.139007347058,0.06018363810534422,7.071068286895752
4479.35401506908,0.05328590048099979,7.071068286895752
4480.5690227911,0.04370277341102735,7.071884963278967
4481.784030513121,0.03312741343082681,7.070557036116299
4482.999038235142,0.03277501304539654,7.071190384436109
4484.214045957162,0.031183630263381668,7.0711935660171505
4485.429053679183,0.04174987066241531,7.070561406562411
4486.6440614012035,0.045101960984026634,7.071955142348152
4487.859069123225,0.035041208046688865,7.070176237180223
4489.074076845245,0.022394505273403364,7.071580839067977
4490.2890845672655,0.006573175746448667,7.070933607196484
4491.504092289287,-0.00393965520954187,7.070824811554726
4492.719100011307,-0.010047609426028226,7.071688292784728
4493.934107733328,-0.012567418637434713,7.0702791950888555
4495.149115455349,-0.010873955081564857,7.070910760980993
4496.36412317737,-0.0015465307354554092,7.071216814242011
4497.57913089939,0.009274158382376774,7.07148467680984
4498.794138621411,0.022242475734974843,7.071365215298439
4500.009146343432,0.035806320436509775,7.070173846936499
4501.224154065452,0.052214529454841285,7.072145500602541
4502.4391617874735,0.07444849562144307,7.070316793560522
4503.654169509494,0.09397141627909078,7.071298868122359
4504.869177231514,0.10672984377754857,7.071590235735872
4506.084184953535,0.11321714852505527,7.070326127624511
4507.299192675556,0.1104956847050893,7.070915332671508
4508.514200397577,0.10626775769721397,7.072116232166396
4509.729208119597,0.1003794916428522,7.070853399165351
4510.944215841619,0.08709283802810242,7.07038701896158
4512.159223563639,0.07049728755176199,7.071649392216428
4513.374231285659,0.059818453537783034,7.0713836068686104
4514.589239007681,0.053026339019992985,7.070121781629908
4515.804246729701,0.04979361293400353,7.071117272636347
4517.019254451722,0.04400380652315694,7.071686059477506
4518.2342621737425,0.038023576888667865,7.070812690095993
4519.449269895764,0.032387866161138756,7.071554524735422
4520.664277617784,0.0235495270740953,7.070294477786913
4521.8792853398045,0.006598094181952563,7.070942907441174
4523.094293061826,-0.012868153521865988,7.071068286895752
4524.309300783846,-0.034615518966980785,7.071302496914518
4525.524308505866,-0.05733862818042623,7.0717339034250575
4526.739316227888,-0.07985984160850346,7.0709497039924605
4527.954323949908,-0.09826202388503713,7.071160264912072
4529.169331671929,-0.11015134223083178,7.070144493597138
4530.38433939395,-0.11609419810750965,7.071853961036475
4531.599347115971,-0.11274963809762051,7.0705656952463585
4532.814354837991,-0.11050052849109493,7.071286416811065
4534.029362560012,-0.1023047141029727,7.070668715346474
4535.244370282033,-0.08522359339344865,7.071068286895752
4536.459378004053,-0.0657331266668717,7.071068286895752
4537.674385726074,-0.04656418093707204,7.071068286895752
4538.889393448095,-0.032014835124785535,7.071068286895752
4540.104401170116,-0.025279555384458918,7.071068286895752
4541.319408892136,-0.02258160868075576,7.071068286895752
4542.534416614157,-0.0247318175125959,7.071068286895752
4543.749424336178,-0.027922378449988017,7.071068286895752
4544.964432058198,-0.03857699546816118,7.071929813603941
4546.17943978022,-0.04640022131190169,7.070480176762261
4547.39444750224,-0.05287818591318594,7.071378382413589
4548.609455224261,-0.05625276009440405,7.071033773740224
4549.8244629462815,-0.05393846333885732,7.071378665429007
4551.039470668302,-0.0465769014032138,7.071068286895752
4552.254478390323,-0.03668406114557521,7.071068286895752
4553.4694861123435,-0.02684089465542816,7.071068286895752
4554.684493834364,-0.014817830276306232,7.070829358464118
4555.899501556385,0.0001088646434206364,7.070955656232469
4557.114509278405,0.018736985111202475,7.070907158651052
4558.329517000427,0.03492540206688699,7.070853097279337
4559.544524722447,0.044748543571315746,7.071851738033717
4560.759532444468,0.04935579443816396,7.0703175637549585
4561.974540166489,0.04902864063631007,7.071739250580776
4563.189547888509,0.04666670635836545,7.070741300452557
4564.40455561053,0.044435595324823884,7.071127955296259
4565.619563332551,0.04432106479796727,7.0707385775952645
4566.834571054572,0.043128233098141955,7.070935575197376
4568.049578776592,0.04534349802172222,7.071929502357457
4569.264586498613,0.04511322562652165,7.071068286895752
4570.479594220634,0.04356582278682297,7.071068286895752
4571.694601942654,0.04089520865674712,7.070666268017052
4572.909609664675,0.04111207915168613,7.0707397780208305
4574.124617386696,0.04025615674060212,7.0717353569119545
4575.339625108717,0.03579694294788127,7.071131457260722
4576.554632830737,0.02839355218703865,7.071068286895752
4577.769640552759,0.015020733956663257,7.070867343966415
4578.984648274779,0.0016293012122243766,7.070537372666796
4580.199655996799,-0.006226699358552246,7.071531847772308
4581.4146637188205,-0.005038513898373509,7.071336293092942
4582.629671440841,-0.0026508072067872313,7.071068286895752
4583.844679162861,0.00010683306037972962,7.071068286895752
4585.0596868848825,0.003280768663085576,7.07079049232378
4586.274694606903,0.005987430404277738,7.070864494700339
4587.489702328924,0.01166879494249451,7.071547704383617
4588.704710050944,0.01686803500212508,7.070555089431351
4589.919717772966,0.017583915853706555,7.070847266701424
4591.134725494986,0.013915109306230855,7.071646034233836
4592.349733217006,0.010238415001669443,7.071077467585898
4593.564740939028,0.007035140836602505,7.071242151432367
4594.779748661048,0.0020718350666755203,7.070994829465848
4595.994756383069,-0.001741043203408399,7.070957758349096
4597.20976410509,-0.0029697192026338914,7.071205115591077
4598.424771827111,-0.001738165855645013,7.070945432391815
4599.639779549131,0.0024946677759578595,7.070450412194852
4600.8547872711515,0.009541848074601678,7.07111889948326
4602.069794993173,0.01474554678324358,7.071569399676172
4603.284802715193,0.020705707232028026,7.070827780978094
4604.499810437214,0.029642944782152014,7.070755868180894
4605.714818159235,0.04125141429843526,7.071497208013438
4606.929825881256,0.05688517198669896,7.071191860696844
4608.144833603276,0.07312052777903189,7.071068286895752
4609.359841325297,0.08366404981134745,7.071068286895752
4610.574849047318,0.08929532539151652,7.071068286895752
4611.789856769338,0.09106966469108246,7.071068286895752
4613.004864491359,0.09258841867952383,7.071068286895752
4614.21987221338,0.0983764267007492,7.070630772175383
4615.4348799354,0.10405237416460422,7.070951124941522
4616.6498876574215,0.10775167643061256,7.071690428542226
4617.864895379442,0.10815008840535434,7.071068286895752
4619.079903101463,0.10588085063719199,7.071068286895752
4620.294910823483,0.10560450459280801,7.071068286895752
4621.509918545504,0.104474714032738,7.071068286895752
4622.724926267525,0.10257881549021941,7.071068286895752
4623.939933989545,0.1007261809041402,7.071068286895752
4625.154941711567,0.098776930205565,7.0702431456145804
4626.369949433587,0.0936468250853959,7.07115128582413
4627.584957155608,0.09004577997035179,7.071726782325315
4628.799964877629,0.08681699237236029,7.071068286895752
4630.014972599649,0.08154799674644608,7.071068286895752
4631.22998032167,0.07438282121778284,7.071068286895752
4632.4449880436905,0.06481486940101289,7.070381551307983
4633.659995765712,0.052237539557353996,7.071817247235975
4634.875003487732,0.040167022472842984,7.071068286895752
4636.090011209753,0.02828881290595664,7.071068286895752
4637.305018931774,0.015274642653768877,7.070766832340387
4638.520026653794,0.004018531932338032,7.070625112536477
4639.735034375815,-0.004690281223951542,7.071606738962544
4640.950042097836,-0.010137905222757038,7.071274147818725
4642.165049819856,-0.01771377150137554,7.071068286895752
4643.380057541877,-0.024956452927626493,7.071038309766005
4644.595065263898,-0.03438112159643003,7.07049978501322
4645.810072985919,-0.04287591842594107,7.071666194792625
4647.025080707939,-0.049006229207670726,7.070686180009861
4648.24008842996,-0.04647478640183156,7.071202139549512
4649.455096151981,-0.04163307394049243,7.0713159688446545
4650.670103874001,-0.03247806167419931,7.071068286895752
4651.885111596022,-0.02198076764724277,7.071068286895752
4653.100119318043,-0.016656543352514097,7.071068286895752
4654.315127040064,-0.006492881018673957,7.070852342577738
4655.530134762084,0.0036496989003860225,7.070866918578444
4656.745142484106,0.01160380259043503,7.071485024829212
4657.960150206126,0.016153261159105536,7.071068286895752
4659.175157928146,0.017327098368020488,7.071068286895752
4660.390165650168,0.011247567150189708,7.070278207850221
4661.605173372188,-0.0027187829047794487,7.071890340363647
4662.820181094209,-0.020064774771944904,7.071068286895752
4664.0351888162295,-0.0391795707053475,7.071068286895752
4665.250196538251,-0.05831759062274999,7.071068286895752
4666.465204260271,-0.07564251707514469,7.071068286895752
4667.680211982291,-0.08487618727650093,7.071068286895752
4668.895219704313,-0.08310144936520714,7.071068286895752
4670.110227426333,-0.07515289097032185,7.071068286895752
4671.325235148353,-0.06357896492557469,7.071068286895752
4672.540242870375,-0.054383586038627474,7.071068286895752
4673.755250592395,-0.04890832856831273,7.071068286895752
4674.970258314416,-0.04478537846564912,7.070653399935196
4676.185266036437,-0.04160603062148849,7.071255952437216
4677.400273758458,-0.040329661486387725,7.071294926868492
4678.615281480478,-0.04024988215619696,7.071068286895752
4679.8302892024985,-0.041292035513532444,7.071068286895752
4681.04529692452,-0.04247993133380601,7.071068286895752
4682.26030464654,-0.04149287345723218,7.071068286895752
4683.475312368561,-0.04039278660968315,7.071068286895752
4684.690320090582,-0.038595080316283115,7.071068286895752
4685.905327812603,-0.03600364012492663,7.071068286895752
4687.120335534623,-0.0346513524918417,7.071068286895752
4688.335343256644,-0.034278949669158454,7.071068286895752
4689.550350978665,-0.03363517815817918,7.071068286895752
4690.765358700685,-0.03505255954359421,7.071068286895752
4691.9803664227065,-0.03826012819570179,7.07101351847523
4693.195374144727,-0.038588239988545325,7.0709339314147845
4694.410381866748,-0.041425985256531295,7.071176280968278
4695.6253895887685,-0.04631765610589467,7.071148705367074
4696.840397310789,-0.05423426864831349,7.071068286895752
4698.05540503281,-0.06157739387139971,7.070879722557068
4699.27041275483,-0.06813692577153718,7.071281604702481
4700.485420476851,-0.0743378659002587,7.0710426514620845
4701.700428198872,-0.08128988638643908,7.0709043582022595
4702.915435920892,-0.08829708013323345,7.071146400243085
4704.130443642914,-0.08968842187904702,7.071179023967724
4705.345451364934,-0.08763778305296643,7.070937250311834
4706.560459086955,-0.07956238293398088,7.071166050011311
4707.775466808976,-0.07315886599853716,7.070917417701434
4708.990474530996,-0.06719591603861153,7.071061717952866
4710.205482253017,-0.06042325847051688,7.071263989290027
4711.4204899750375,-0.055872083344568946,7.071068286895752
4712.635497697059,-0.045123314802083314,7.071068286895752
4713.850505419079,-0.03373640441213488,7.070971206739803
4715.0655131411,-0.021092672171154625,7.071465655942684
4716.280520863121,-0.005489334742492247,7.070743923518836
4717.495528585141,0.010235364860293972,7.070901025627141
4718.710536307162,0.024115020461575876,7.071068286895752
4719.925544029183,0.03147850747525438,7.071068286895752
4721.140551751204,0.035140806678234604,7.071068286895752
4722.355559473224,0.03358059946263703,7.071068286895752
4723.5705671952455,0.028632710119740112,7.071068286895752
4724.785574917266,0.022407885362339286,7.071068286895752
4726.000582639286,0.00966164324349239,7.071068286895752
4727.2155903613075,-0.0067634443772679465,7.071068286895752
4728.430598083328,-0.022826114029541378,7.071811314656909
4729.645605805348,-0.032439135816353604,7.070244110802767
4730.860613527369,-0.03607748110971931,7.071323339260845
4732.07562124939,-0.03421067476543782,7.071400917907428
4733.290628971411,-0.028915727727845564,7.070483514954065
4734.505636693431,-0.023955647652328382,7.071068286895752
4735.720644415453,-0.016188012451116673,7.071068286895752
4736.935652137473,-0.007201033310730631,7.071642706185251
4738.150659859493,0.0035609025030898245,7.071258304934281
4739.365667581515,0.0159332430803516,7.070296937352541
4740.580675303535,0.02744196179912195,7.071073858529804
4741.795683025556,0.03646989070113449,7.071827906033511
4743.0106907475765,0.04433220006689753,7.070867922092466
4744.225698469598,0.04943144371686903,7.070502127712309
4745.440706191618,0.0533327508895578,7.071462029141857
4746.6557139136385,0.05597637905865205,7.07094998952072
4747.87072163566,0.05539476000800425,7.070791751724881
4749.08572935768,0.05289936735189338,7.071068286895752
4750.300737079701,0.048421385895281555,7.071068286895752
4751.515744801722,0.044356086969911335,7.071068286895752
4752.730752523743,0.039654642784596295,7.071068286895752
4753.945760245763,0.03435312923644829,7.071269328517424
4755.160767967784,0.027953686740328276,7.071339046486354
4756.375775689805,0.01988841472728997,7.07098562233797
4757.590783411825,0.010202530608353966,7.070961433468865
4758.805791133846,0.0,7.071362266774913
4760.020798855867,-0.008275784614204529,7.0705857571865005
4761.235806577887,-0.017945072655767502,7.071736975328512
4762.450814299908,-0.025999210983399967,7.070212015935988
4763.665822021929,-0.0325954850729786,7.071752062108021
4764.88082974395,-0.037663410820036214,7.0703870569084355
4766.09583746597,-0.03660141467532596,7.070999513521633
4767.310845187991,-0.029233847525585555,7.071035635335718
4768.525852910012,-0.01939987581185365,7.071627869519726
4769.740860632032,-0.007548141464972069,7.070690875485255
4770.955868354054,0.0058278045763136,7.070952705157058
4772.170876076074,0.016463581321450427,7.071100445064214
4773.385883798095,0.026472056375078212,7.0708617747000595
4774.6008915201155,0.03190583104312239,7.071081475830143
4775.815899242136,0.0314511355803333,7.071247571569552
4777.030906964157,0.028795831324860854,7.0710097394712665
4778.2459146861775,0.026516795288413997,7.070933386870305
4779.460922408199,0.023371259182564996,7.071068286895752
4780.675930130219,0.019122166765669135,7.071068286895752
4781.89093785224,0.013204279145180964,7.071216057592387
4783.105945574261,0.005553742542127926,7.071113348798239
4784.320953296281,-0.0004344360478207854,7.071839028695729
4785.535961018302,-0.004579246524068159,7.070211149478033
4786.750968740323,-0.0035609025030898245,7.0718456988537985
4787.965976462343,0.0005340009197412066,7.071068286895752
4789.180984184364,0.007229382917278926,7.071068286895752
4790.395991906385,0.015765702974268603,7.071068286895752
4791.610999628406,0.02428866294204357,7.070522173321811
4792.826007350426,0.03710976088168061,7.07129892065502
4794.041015072447,0.04786655284178987,7.070619566543899
4795.256022794468,0.05470809093522355,7.070861328012402
4796.471030516488,0.055141005790678266,7.071068286895752
4797.686038238509,0.05437853900162559,7.071077487012095
4798.90104596053,0.05248378623389094,7.072030606411104
4800.116053682551,0.04872037371980875,7.0708441599752225
4801.331061404571,0.042777409766548535,7.070319868933883
4802.546069126593,0.037871609246088456,7.071505951528564
4803.761076848613,0.03506509673720126,7.071603332731759
4804.976084570633,0.03350036122780975,7.070417888324863
4806.1910922926545,0.03022165800598997,7.070744950272397
4807.406100014675,0.027225001500551516,7.071068286895752
4808.621107736696,0.025572006181637352,7.071068286895752
4809.836115458716,0.02591437813818498,7.0719247749858525
4811.051123180738,0.030059763535341233,7.071068286895752
4812.266130902758,0.03489707290818722,7.071068286895752
4813.481138624778,0.04121070218931511,7.070824073694262
4814.6961463468,0.046169752679641185,7.070858737159436
4815.91115406882,0.047769207158728566,7.071521424509585
4817.12616179084,0.051519109835354904,7.071068286895752
4818.341169512862,0.05143696100923334,7.071068286895752
4819.556177234882,0.04997864223456383,7.070411599289811
4820.771184956903,0.047160951189965994,7.0709432071726415
4821.9861926789235,0.042098544745678534,7.071068286895752
4823.201200400945,0.03254756125472058,7.071106017010028
4824.416208122965,0.023434905061848532,7.071812187688988
4825.6312158449855,0.01712940662783269,7.070868637105193
4826.846223567007,0.012339904073715102,7.070484969538232
4828.061231289027,0.00873599453615359,7.071428472477336
4829.276239011048,0.004072979646824182,7.071490674927075
4830.491246733069,-0.0008909320804817433,7.070547712214371
4831.70625445509,-0.004503491270393178,7.071404505373378
4832.92126217711,-0.0037224358790688417,7.070572389307484
4834.136269899131,-0.0007675503158162122,7.070963529282729
4835.351277621152,0.0,7.071068286895752
4836.566285343172,-0.0010674256807856608,7.071068286895752
4837.7812930651935,-0.005599409936054123,7.071068286895752
4838.996300787214,-0.011992716779068546,7.071068286895752
4840.211308509235,-0.014642580087066426,7.071068286895752
4841.426316231255,-0.014264796603759233,7.071068286895752
4842.641323953276,-0.014602024175700778,7.071510555342088
4843.856331675297,-0.01462928586578549,7.071411427960491
4845.071339397317,-0.016336504298834376,7.071068286895752
4846.286347119338,-0.016408022157955227,7.071068286895752
4847.501354841359,-0.01784792414341263,7.070317838321248
4848.716362563379,-0.022353846539767686,7.071031520753648
4849.931370285401,-0.03199114364886135,7.071852272307301
4851.146378007421,-0.04735949271368933,7.070434968235737
4852.361385729442,-0.06434567237125877,7.071740297308658
4853.5763934514625,-0.0812966900304033,7.070802103371931
4854.791401173483,-0.10042414059688798,7.070887027526167
4856.006408895504,-0.12348152134596635,7.071098839466634
4857.2214166175245,-0.14730506146030553,7.070695672220921
4858.436424339546,-0.1672650481516864,7.071068286895752
4859.651432061566,-0.17986705534207315,7.071068286895752
4860.866439783587,-0.18473470211402265,7.071068286895752
4862.081447505608,-0.1853800449772134,7.071854762630263
4863.296455227628,-0.18134673501833154,7.0702101059555
4864.511462949649,-0.17452508594047988,7.071464552107927
4865.72647067167,-0.16301095067426652,7.070996436468264
4866.941478393691,-0.14987490598010988,7.070744545628798
4868.156486115711,-0.13953349578779672,7.07121270707076
4869.3714938377325,-0.13115105522728188,7.071319253899608
4870.586501559753,-0.12342549544902481,7.070851442462139
4871.801509281773,-0.11331476693825526,7.070889075088506
4873.016517003794,-0.10180394957627081,7.071356613177993
4874.231524725815,-0.08827801983206918,7.070851440278831
4875.446532447835,-0.07300624853059601,7.071355838081998
4876.661540169856,-0.060198487195387784,7.071104785038084
4877.876547891877,-0.04891579260531076,7.071068286895752
4879.091555613898,-0.042542404057855476,7.070704425453005
4880.306563335918,-0.03917746504326347,7.071361431967352
4881.52157105794,-0.03889116814894189,7.070844673406758
4882.73657877996,-0.04240941096982653,7.071221646139354
4883.95158650198,-0.04803253522476392,7.070810230875944
4885.1665942240015,-0.055794148847081226,7.071276692043309
4886.381601946022,-0.06267980073951929,7.071256895955358
4887.596609668043,-0.06439823721621707,7.070790643693611
4888.8116173900635,-0.05684757453128553,7.070948246523842
4890.026625112085,-0.04729301057274249,7.071414094510928
4891.241632834105,-0.03208573267075443,7.071119954127978
4892.456640556125,-0.010967695902861285,7.071068286895752
4893.671648278147,0.011465739232168426,7.071068286895752
4894.886656000167,0.030250165451518596,7.071068286895752
4896.101663722188,0.04338987248089188,7.071068286895752
4897.316671444209,0.051460091456102086,7.071068286895752
4898.53167916623,0.05628806680299392,7.071068286895752
4899.74668688825,0.058111710054581156,7.071068286895752
4900.961694610271,0.056407647352355816,7.071068286895752
4902.176702332292,0.050942398725845495,7.070568671031692
4903.391710054312,0.046178515299866385,7.070770201392412
4904.6067177763325,0.04078779119254561,7.071698678145771
4905.821725498354,0.03801482024169078,7.071235173686483
4907.036733220374,0.03555344137889471,7.07030664241696
4908.251740942395,0.03460471891526251,7.071031314153919
4909.466748664416,0.029645978989794486,7.071875461860515
4910.681756386437,0.02501439213566603,7.070389012492989
4911.896764108457,0.022080382795834907,7.071774634051811
4913.111771830478,0.018938931757003674,7.071068286895752
4914.326779552499,0.01412446058707384,7.070784079311094
4915.541787274519,0.006791515874189802,7.070899864951972
4916.7567949965405,-0.0072484490921302935,7.071109182155389
4917.971802718561,-0.024465886223796085,7.070678906898035
4919.186810440582,-0.03736575947581189,7.071604731591449
4920.4018181626025,-0.04162867056398856,7.071331871850552
4921.616825884623,-0.03736679503754958,7.071068286895752
4922.831833606644,-0.023499696823271687,7.071068286895752
4924.046841328664,-0.002519597428040532,7.071068286895752
4925.261849050686,0.018005464554962325,7.071068286895752
4926.476856772706,0.03483509151510278,7.070296464574784
4927.691864494727,0.05298326642760842,7.071716704145504
4928.906872216748,0.06393529614063298,7.070540913662799
4930.121879938768,0.0690740922124149,7.071473162266638
4931.336887660789,0.0693938571049102,7.0707835487372845
4932.55189538281,0.06533878023792505,7.0715813526721325
4933.76690310483,0.05643467332078611,7.071068286895752
4934.981910826851,0.045619700558015674,7.071068286895752
4936.1969185488715,0.039022946413329596,7.071068286895752
4937.411926270893,0.03726100210644123,7.071068286895752
4938.626933992913,0.04340974830213429,7.071068286895752
4939.841941714934,0.05231235182445637,7.071068286895752
4941.056949436955,0.06777530497620332,7.070302240673877
4942.271957158975,0.0878657357865078,7.071853001525316
4943.486964880996,0.10414143193171865,7.07104893806447
4944.701972603017,0.11607829821684224,7.070359502273799
4945.916980325038,0.12619354287152595,7.071795756076128
4947.131988047058,0.1321930201773125,7.070875381525095
4948.3469957690795,0.13508292423670598,7.07070507196414
4949.5620034911,0.13566037859153401,7.071623741876523
4950.77701121312,0.13062494909622058,7.071068286895752
4951.9920189351415,0.11973185741072734,7.071068286895752
4953.207026657162,0.10502827821309979,7.07059062548949
4954.422034379183,0.08712285396928654,7.071272020720753
4955.637042101203,0.06934413166427844,7.071341547410688
4956.852049823225,0.05692158784505841,7.071068286895752
4958.067057545245,0.04995160774034324,7.071068286895752
4959.282065267265,0.05143541966093679,7.071068286895752
4960.497072989287,0.056957597508541236,7.071068286895752
4961.712080711307,0.05805317751111483,7.071068286895752
4962.927088433328,0.05323006482823378,7.071068286895752
4964.142096155349,0.048267304556654844,7.071068286895752
4965.357103877369,0.04536766194575437,7.071068286895752
4966.57211159939,0.04649849665043271,7.071068286895752
4967.7871193214105,0.04995436019748878,7.071068286895752
4969.002127043432,0.05498546577339192,7.071068286895752
4970.217134765452,0.059146202306201046,7.071068286895752
4971.432142487472,0.061767808898306686,7.071068286895752
4972.647150209494,0.061429352716064756,7.071068286895752
4973.862157931514,0.05533522006623359,7.071068286895752
4975.077165653535,0.04560442819260624,7.071068286895752
4976.292173375556,0.03262296249469854,7.071068286895752
4977.507181097577,0.016825215424677742,7.071068286895752
4978.722188819597,-0.0021550868559092606,7.071068286895752
4979.937196541618,-0.022585934375533023,7.071068286895752
4981.152204263639,-0.039266907706337895,7.070216690000539
4982.367211985659,-0.04827116820710642,7.071891771054818
4983.58221970768,-0.047985913117462475,7.071068286895752
4984.797227429701,-0.04159920665393324,7.071068286895752
4986.012235151722,-0.030943201104810525,7.071068286895752
4987.227242873742,-0.018297278556026253,7.071068286895752
4988.442250595763,-0.005964063519102281,7.071068286895752
4989.657258317784,0.004558075491193803,7.071068286895752
4990.872266039804,0.013296937757693028,7.071068286895752
4992.087273761826,0.01733766279798421,7.071068286895752
4993.302281483846,0.020726397172768696,7.071068286895752
4994.517289205866,0.022685547401258832,7.071068286895752
4995.732296927888,0.01776635217191669,7.071068286895752
4996.947304649908,0.010095876918234659,7.071068286895752
4998.162312371929,0.0,7.071068286895752
4999.3773200939495,-0.00925460640741771,7.071068286895752
5000.59232781597,-0.014437902017718995,7.071068286895752
5001.807335537991,-0.016806836558934446,7.071068286895752
5003.022343260011,-0.016636631655684297,7.071068286895752
5004.237350982033,-0.016642031160329473,7.071068286895752
5005.452358704053,-0.016116543444615106,7.071068286895752
5006.667366426074,-0.0190386705983987,7.071068286895752
5007.882374148095,-0.024968928976430105,7.071068286895752
5009.097381870115,-0.03200816669422668,7.071068286895752
5010.312389592136,-0.04242116566451126,7.071068286895752
5011.527397314157,-0.0539390184402222,7.071068286895752
5012.742405036178,-0.06494898547079253,7.071068286895752
5013.957412758198,-0.07444404110782776,7.071068286895752
5015.172420480219,-0.07811497674865486,7.071068286895752
5016.38742820224,-0.0779810739908573,7.071068286895752
5017.60243592426,-0.07286627553604208,7.071068286895752
5018.817443646281,-0.06654467629666883,7.071068286895752
5020.032451368302,-0.06022576538146063,7.071068286895752
5021.247459090323,-0.05103116403933594,7.071068286895752
5022.462466812343,-0.03873567343947815,7.071068286895752
5023.677474534364,-0.029670499333528166,7.071068286895752
5024.892482256385,-0.021976738043598232,7.071068286895752
5026.107489978405,-0.013828374184811754,7.071495294929243
5027.3224977004265,-0.003941469399562303,7.07063627243042
5028.537505422447,0.007062305268367375,7.070726445709348
5029.752513144467,0.017565956708389896,7.071499824523926
5030.9675208664885,0.021711889180137556,7.071324881314399
5032.182528588509,0.020238164019244165,7.070744832723769
5033.39753631053,0.012595068042008828,7.070938795345989
5034.61254403255,0.0007151814499506415,7.070786586153723
5035.827551754572,-0.012395316995211125,7.071239124987469
5037.042559476592,-0.025006866119424487,7.071308405018969
5038.257567198612,-0.0371825813353821,7.071068286895752
5039.472574920634,-0.04589576812407392,7.071068286895752
5040.687582642654,-0.04649088201715945,7.071068286895752
5041.902590364675,-0.04060154267017935,7.071068286895752
5043.117598086696,-0.028255996055708943,7.071068286895752
5044.332605808717,-0.012576173863782403,7.070755316876931
5045.547613530737,0.0003035292121538191,7.070969085085208
5046.7626212527575,0.006648436638835298,7.071420444469664
5047.977628974779,0.012467021662919464,7.071128063111703
5049.192636696799,0.017601668264940695,7.070676597691998
5050.4076444188195,0.021036604185634022,7.07104737019396
5051.622652140841,0.02585684692519674,7.071068286895752
5052.837659862862,0.03291798666928303,7.071068286895752
5054.052667584882,0.042450774159005666,7.071141466242253
5055.267675306903,0.05413748501977689,7.07170864588344
5056.482683028924,0.06658024437661991,7.070428022291198
5057.697690750944,0.07743023608702027,7.071406688872025
5058.912698472965,0.08021021522460714,7.070956401817038
5060.127706194986,0.07576211744751449,7.070766695993571
5061.342713917006,0.06739884669173812,7.071068286895752
5062.5577216390275,0.05656711541848414,7.071068286895752
5063.772729361048,0.046594959320430895,7.071068286895752
5064.987737083069,0.03723068120296058,7.071068286895752
5066.202744805089,0.02758741008997223,7.071068286895752
5067.41775252711,0.018854802696350204,7.0715462713537764
5068.632760249131,0.01235414586890049,7.07090333190932
5069.847767971151,0.008840024735194296,7.070754127845151
5071.062775693173,0.007336477395136098,7.071068286895752
5072.277783415193,0.006493849996386469,7.071687015755754
5073.492791137214,0.0030496220685907183,7.071277507180557
5074.707798859235,-0.003637815250344012,7.070379713589069
5075.922806581255,-0.01204259138492425,7.07164959941156
5077.137814303276,-0.021938270831357132,7.070417971197452
5078.3528220252965,-0.03249766780735541,7.071785269699652
5079.567829747317,-0.03890940808035648,7.071107476916754
5080.782837469338,-0.041496201976683356,7.070210567755641
5081.997845191359,-0.0379112406228681,7.0710956036475485
5083.21285291338,-0.030736618604964017,7.07187064045035
5084.4278606354,-0.018171945670160783,7.070975224856746
5085.642868357421,-0.004253727595191714,7.070455793606962
5086.857876079442,0.009767356529811533,7.07161521628398
5088.072883801462,0.022482987500161533,7.070584586978088
5089.287891523483,0.03323733916805516,7.071709203642418
5090.502899245504,0.040232634526910616,7.070814677860466
5091.717906967525,0.04248982649885358,7.070489812743998
5092.932914689545,0.04152019595676215,7.071068286895752
5094.1479224115665,0.036847228585323855,7.071415279301401
5095.362930133587,0.02813958798241112,7.071174892162602
5096.577937855607,0.02004284009719659,7.070613556613041
5097.792945577628,0.013172597625747073,7.071068286895752
5099.007953299649,0.006272771423059931,7.071068286895752
5100.22296102167,0.0012599116965110735,7.071068286895752
5101.43796874369,-0.0006168375420034788,7.071596862010917
5102.652976465712,-0.0029693826624968,7.07137278990783
5103.867984187732,-0.004834752805240816,7.070480233943248
5105.082991909752,-0.004675366417107529,7.070821915970882
5106.297999631774,-0.00385121554707224,7.071713670543047
5107.513007353794,-0.001693939970569991,7.070582028418555
5108.728015075814,0.0011628088183059937,7.071610543969557
5109.9430227978355,0.0058940119196000396,7.070468547490163
5111.158030519857,0.010978084576530156,7.07172317786307
5112.373038241877,0.016464553655259007,7.070356760247531
5113.5880459638975,0.023059061765327238,7.071019876926552
5114.803053685919,0.029499541950012587,7.07190993172144
5116.018061407939,0.03422725155443085,7.071062043326945
5117.233069129959,0.034920862063458236,7.0702379825706805
5118.448076851981,0.030613294110827916,7.071068286895752
5119.663084574001,0.023301365349096104,7.071068286895752
5120.878092296022,0.011262092148144331,7.071068286895752
5122.093100018043,-0.004340177752477636,7.071207286711684
5123.308107740064,-0.018323985851281144,7.071765965015373
5124.523115462084,-0.029797864098632054,7.070877445846744
5125.738123184105,-0.036877766498395914,7.070421103638674
5126.953130906126,-0.038854791432369584,7.071309706077322
5128.168138628146,-0.03366080534823257,7.071397594136973
5129.383146350167,-0.028781653401368956,7.070787791434056
5130.598154072188,-0.0233786243534142,7.071298483490357
5131.813161794209,-0.018104197136018296,7.070886061749414
5133.028169516229,-0.009952026874672892,7.071201053124579
5134.24317723825,-0.007668970682047416,7.070593908569105
5135.458184960271,-0.008555575417260375,7.07148085073467
5136.673192682291,-0.011953031099089184,7.071494711153008
5137.888200404312,-0.015662744823061736,7.0706082037549915
5139.103208126333,-0.01897789978850417,7.07117080169137
5140.318215848354,-0.02395171089680259,7.070918828455705
5141.5332235703745,-0.030115998766571117,7.071262363086011
5142.748231292395,-0.03757865299179186,7.071379799274179
5143.963239014416,-0.04402485528215827,7.070494211773746
5145.178246736436,-0.04828928519207287,7.070800980631097
5146.393254458457,-0.05140706037180687,7.071685811698569
5147.608262180478,-0.0528008831039839,7.071291631748843
5148.823269902498,-0.05586491708795083,7.070406782613161
5150.03827762452,-0.05672538705474728,7.0715696597567375
5151.25328534654,-0.05423873960081771,7.070523730455962
5152.468293068561,-0.04994122344187035,7.07165370273031
5153.683300790582,-0.047500839056279,7.071186114842084
5154.898308512602,-0.044828946054793484,7.0703021917131
5156.113316234623,-0.03951943594559593,7.070991123040723
5157.3283239566435,-0.03778508384555512,7.071873869398124
5158.543331678665,-0.03995679629983617,7.071105447920112
5159.758339400685,-0.0467986897090269,7.070222268031464
5160.973347122706,-0.061475874225109806,7.071928960105965
5162.188354844727,-0.08340238913320808,7.071068286895752
5163.403362566747,-0.11118286732571225,7.071068286895752
5164.618370288768,-0.14344247114966024,7.071009235950227
5165.833378010789,-0.1750142355733697,7.070282411938412
5167.048385732809,-0.20284902065117083,7.071068286895752
5168.26339345483,-0.22421217250414194,7.071068286895752
5169.478401176852,-0.23706359304727442,7.071200452770589
5170.693408898872,-0.2423954936895638,7.071630832372504
5171.908416620892,-0.23982101130678424,7.070372434553867
5173.1234243429135,-0.22992499827157697,7.071253165764892
5174.338432064934,-0.21501434579410472,7.071728848680685
5175.553439786954,-0.19845473359283639,7.07084905684648
5176.768447508975,-0.18493712123637973,7.070440728304741
5177.983455230996,-0.17762690733842756,7.071320558445023
5179.198462953017,-0.1756095426989932,7.071393380268349
5180.413470675037,-0.1770630072252608,7.070489780045593
5181.628478397059,-0.1794775543292666,7.071068286895752
5182.843486119079,-0.17851405173565227,7.071068286895752
5184.058493841099,-0.1715523724210588,7.071400161014336
5185.273501563121,-0.15803682199461355,7.07158370817977
5186.488509285141,-0.13906894478936982,7.071068286895752
5187.703517007162,-0.11843982872724879,7.071068286895752
5188.9185247291825,-0.09957937796493632,7.071068286895752
5190.133532451204,-0.08372108263178468,7.071068286895752
5191.348540173224,-0.07007664429941274,7.071068286895752
5192.5635478952445,-0.06096842527639312,7.070633125679809
5193.778555617266,-0.04934259442108746,7.07065377704164
5194.993563339286,-0.037037486690524535,7.071530493966734
5196.208571061306,-0.027038633404123935,7.071455222370338
5197.423578783328,-0.017621553398616152,7.071068286895752
5198.638586505349,-0.011764356096052753,7.070816890438219
5199.853594227369,-0.011415747018966416,7.071151643909035
5201.06860194939,-0.015849621578844397,7.070971801717336
5202.283609671411,-0.024292053706008954,7.070906656405467
5203.498617393431,-0.035897379232036064,7.071344490143022
5204.713625115452,-0.04687869547908052,7.071217605728165
5205.928632837473,-0.052938729983803556,7.070491704057244
5207.143640559493,-0.0527571109216145,7.071380509191112
5208.358648281514,-0.047605474235007605,7.070732273540684
5209.573656003535,-0.03913195093052302,7.071425776065796
5210.788663725556,-0.024569327242221606,7.071309697180847
5212.003671447576,-0.008780901632775784,7.070751768212332
5213.218679169597,0.001744112461219638,7.070958098702197
5214.433686891618,0.013248267825292537,7.071068286895752
5215.648694613638,0.018086240381276708,7.071068286895752
5216.86370233566,0.02515856789937243,7.071068286895752
5218.07871005768,0.028566020278308235,7.071068286895752
5219.293717779701,0.02824887830524725,7.071068286895752
5220.5087255017215,0.029178463548278355,7.070716753361796
5221.723733223742,0.02683032702530852,7.0709924012316625
5222.938740945763,0.020508642930933574,7.071428511352352
5224.1537486677835,0.009214009865112338,7.071135212749091
5225.368756389804,0.002068384079525698,7.071068286895752
5226.583764111825,-0.00047187667186299187,7.071068286895752
5227.798771833846,0.00020029393534870543,7.071068286895752
5229.013779555867,0.007430404170966742,7.0706867179139135
5230.228787277887,0.013833404717147557,7.0710217266390405
5231.443794999908,0.022253661315964735,7.071457095459922
5232.658802721929,0.03227146690492266,7.071107337248454
5233.873810443949,0.03832882025871798,7.071068286895752
5235.08881816597,0.04574533962233729,7.071068286895752
5236.303825887991,0.04898109121442418,7.071068286895752
5237.518833610012,0.055060230240637775,7.071068286895752
5238.733841332032,0.06479686906681881,7.071068286895752
5239.948849054053,0.07193165603802654,7.071068286895752
5241.163856776074,0.07245775226306339,7.071068286895752
5242.378864498094,0.06805779205827678,7.071068286895752
5243.593872220115,0.058337361093074414,7.071068286895752
5244.808879942136,0.04686914549499921,7.071068286895752
5246.023887664157,0.038200817177884705,7.071068286895752
5247.238895386177,0.025444826662694764,7.071068286895752
5248.453903108199,0.01868003712493338,7.0702055457813175
5249.668910830219,0.00877458274377041,7.071927162152321
5250.883918552239,0.005891497770015741,7.071060222404039
5252.0989262742605,0.00015000504341156073,7.070229123204724
5253.313933996281,0.00406375623326416,7.071914766424657
5254.528941718301,0.006344548586427301,7.071068286895752
5255.7439494403225,0.006595916055643469,7.071068286895752
5256.958957162344,0.004305181391998536,7.071068286895752
5258.173964884364,-1.8922901294571304e-05,7.071068286895752
5259.388972606384,-0.01104676609577937,7.071068286895752
5260.603980328406,-0.030164574315787895,7.071068286895752
5261.818988050426,-0.0534179414984266,7.071068286895752
5263.033995772446,-0.07476371553018568,7.071068286895752
5264.249003494468,-0.09441658248016171,7.071068286895752
5265.464011216488,-0.10998497228278414,7.071068286895752
5266.679018938509,-0.11919733069543037,7.071068286895752
5267.89402666053,-0.12690484251825107,7.071068286895752
5269.109034382551,-0.12364979665465037,7.071068286895752
5270.324042104571,-0.11474013185366494,7.071068286895752
5271.5390498265915,-0.09868890301357136,7.071068286895752
5272.754057548613,-0.08081338426526008,7.071016394357677
5273.969065270633,-0.059893596477698985,7.07030953876196
5275.184072992654,-0.03662275903224588,7.071878173287649
5276.399080714675,-0.016455398115673647,7.071015376145282
5277.614088436696,-0.0026206965888004863,7.0703103811535915
5278.829096158716,0.00859345397104172,7.071878348174918
5280.044103880737,0.011162860365346639,7.071068286895752
5281.259111602758,0.018291829607273158,7.071068286895752
5282.474119324778,0.025070069359612646,7.071068286895752
5283.689127046799,0.03349651699124734,7.071068286895752
5284.90413476882,0.0420362089647528,7.071068286895752
5286.119142490841,0.053937956902444295,7.071068286895752
5287.3341502128615,0.060370548725532824,7.0710230487921075
5288.549157934882,0.07113355184066039,7.070248129103658
5289.764165656903,0.07678898377054622,7.071109593804384
5290.979173378923,0.07501538678609321,7.071891815488674
5292.194181100944,0.06848791445468039,7.071068286895752
5293.409188822965,0.05795661678408481,7.071068286895752
5294.624196544985,0.04556672903052439,7.071068286895752
5295.839204267007,0.035298153188484394,7.071068286895752
5297.054211989027,0.02773577760983348,7.071068286895752
5298.269219711048,0.026885226875328128,7.071068286895752
5299.484227433069,0.03089694266111498,7.071068286895752
5300.699235155089,0.03685201318172293,7.071068286895752
5301.91424287711,0.04794048284296126,7.071068286895752
5303.1292505991305,0.05927236336631214,7.071068286895752
5304.344258321152,0.07284054904716841,7.071068286895752
5305.559266043172,0.08793756278599107,7.071068286895752
5306.774273765193,0.09993674279774378,7.071068286895752
5307.989281487214,0.10574391320409471,7.071068286895752
5309.204289209234,0.10591412068148975,7.071068286895752
5310.419296931255,0.10826054631419457,7.071068286895752
5311.634304653276,0.10317664281097727,7.0719017714612376
5312.849312375296,0.09627779037952844,7.07027456087289
5314.064320097317,0.08831638629267324,7.071027372139824
5315.2793278193385,0.0786111538458143,7.071068286895752
5316.494335541359,0.06765053676580202,7.071068286895752
5317.709343263379,0.057761660472258614,7.071068286895752
5318.9243509854,0.04694305328604709,7.071068286895752
5320.139358707421,0.03490733156086634,7.071068286895752
5321.354366429441,0.015055111976555402,7.071068286895752
5322.569374151462,-0.005702684566289751,7.071068286895752
5323.784381873483,-0.027775305072198275,7.071068286895752
5324.999389595504,-0.04739280264094847,7.071068286895752
5326.214397317524,-0.06332663790885373,7.071068286895752
5327.429405039546,-0.07045563723092907,7.071811376011386
5328.644412761566,-0.07046946059191095,7.070460534654349
5329.859420483586,-0.06383261838168641,7.070931792175628
5331.074428205608,-0.052160306944133206,7.071068286895752
5332.289435927628,-0.03752325573539661,7.071068286895752
5333.504443649649,-0.022914746223877902,7.071767829536165
5334.7194513716695,-0.011952176450645169,7.070549622601402
5335.934459093691,-0.005082390199475206,7.070886250078962
5337.149466815711,-0.003239666961376342,7.071068286895752
5338.364474537731,-0.0026537424440657986,7.071068286895752
5339.579482259753,-0.0046180045703809736,7.071068286895752
5340.794489981773,-0.00534099990433945,7.071068286895752
5342.009497703793,-0.006135307404068868,7.071068286895752
5343.224505425815,-0.005784921333575221,7.071068286895752
5344.439513147836,-0.003444866645982536,7.071068286895752
5345.654520869856,0.0007439199803926932,7.071068286895752
5346.869528591877,0.0070941505149186845,7.071068286895752
5348.084536313898,0.01615239303141558,7.071068286895752
5349.299544035918,0.026567151414470747,7.071068286895752
5350.5145517579385,0.040015446941672694,7.071068286895752
5351.72955947996,0.05515765703221365,7.071068286895752
5352.94456720198,0.07075311127943307,7.071068286895752
5354.159574924001,0.08407849007702306,7.071068286895752
5355.374582646022,0.09446599543822831,7.071068286895752
5356.589590368043,0.10174334911895988,7.071068286895752
5357.804598090063,0.10309943295767887,7.071068286895752
5359.019605812084,0.09826469503228275,7.071068286895752
5360.234613534105,0.08900712886263551,7.071068286895752
5361.449621256125,0.07568799391120695,7.071068286895752
5362.6646289781465,0.06065299164744764,7.071279937405982
5363.879636700167,0.04686020206743713,7.0710902365010035
5365.094644422188,0.03443891442567559,7.070834106004051
5366.3096521442085,0.02148016686126586,7.071068286895752
5367.524659866229,0.008434778914536478,7.071068286895752
5368.73966758825,-0.00015452162822726656,7.071068286895752
5369.95467531027,-0.0031547871929527016,7.071068286895752
5371.169683032291,-0.0014638881111683766,7.071068286895752
5372.384690754312,0.004374321451956487,7.071068286895752
5373.599698476333,0.013501276251224104,7.071068286895752
5374.814706198354,0.024693488201764646,7.071205921013296
5376.029713920374,0.036067047486318726,7.071370119298311
5377.244721642395,0.04672798615164586,7.070824791146633
5378.459729364416,0.05368703799562757,7.070658976515147
5379.674737086436,0.05533132313201161,7.071720312494412
5380.889744808457,0.0533233530862125,7.070971146434122
5382.1047525304775,0.0496558571053185,7.070724996725373
5383.319760252499,0.04638854240331991,7.071148410919947
5384.534767974519,0.04334952424112193,7.0713566929618565
5385.74977569654,0.03710115203390041,7.070762008116001
5386.964783418561,0.029256837719009887,7.071391675481375
5388.179791140581,0.019343762048753765,7.070681483242068
5389.394798862602,0.009510731817531592,7.071032064999806
5390.609806584623,0.0,7.070717595602978
5391.824814306644,-0.009963565489224502,7.071859131798254
5393.039822028664,-0.01954875707115389,7.070239430502973
5394.2548297506855,-0.02964055947069144,7.071928142309398
5395.469837472706,-0.038359111056230466,7.070245304673122
5396.684845194726,-0.045759552772308254,7.071440720216071
5397.8998529167475,-0.051595011611046404,7.070694986551874
5399.114860638768,-0.05466950228454137,7.071813638030639
5400.329868360788,-0.05664358287644933,7.070783029044208
5401.544876082809,-0.05728556783692795,7.071382059224951
5402.759883804831,-0.05939569616900986,7.070411439439314
5403.974891526851,-0.06228524634523569,7.070910205704123
5405.189899248871,-0.06414638580031129,7.071752559064345
5406.404906970893,-0.06284496796440009,7.071267221968713
5407.619914692913,-0.05757438632635559,7.071068286895752
5408.834922414933,-0.04940023641745017,7.070445720856594
5410.049930136955,-0.037103522903476405,7.071406804236819
5411.264937858975,-0.02243394324090353,7.070771568858288
5412.479945580996,-0.008215419542389357,7.070763136032049
5413.6949533030165,0.005832755749050733,7.071068286895752
5414.909961025038,0.0177865858366959,7.071068286895752
5416.124968747058,0.02617830961313805,7.071068286895752
5417.3399764690785,0.03152092271438023,7.0715379720798905
5418.5549841911,0.035726003726417765,7.071483695952615
5419.76999191312,0.038284573756502516,7.070643312245348
5420.984999635141,0.037485188627345956,7.071008445157862
5422.200007357162,0.034609245440372804,7.071173320867217
5423.415015079183,0.03156092593333604,7.070915777229117
5424.630022801203,0.027247769753028672,7.071598996545923
5425.845030523224,0.02171785656989833,7.070759681115104
5427.060038245245,0.01623017578681063,7.070489502766996
5428.275045967265,0.010242787053243552,7.071068286895752
5429.490053689286,0.004297829303328005,7.071304554675418
5430.705061411307,4.313546691769865e-05,7.071718991567801
5431.920069133328,-0.0012591322699972984,7.070880747408474
5433.135076855348,-0.00018718645346815777,7.070367498305162
5434.350084577369,0.003953235505787855,7.071205934862314
5435.56509229939,0.0098910436453159,7.071705710701529
5436.78010002141,0.01848028105781796,7.070292046478114
5437.995107743431,0.026657876056074725,7.071130005394874
5439.210115465452,0.03337910408339928,7.071894850382851
5440.425123187472,0.04074398264967605,7.071058111019475
5441.640130909494,0.04296706767938807,7.070220648330795
5442.855138631514,0.039912718771366595,7.071026094817814
5444.070146353535,0.03261879059211936,7.071068286895752
5445.2851540755555,0.02052586181011673,7.071835681339971
5446.500161797576,0.010085629932337081,7.071190299660231
5447.715169519597,0.003257020887534434,7.070353907342682
5448.9301772416175,0.00197287146853653,7.071578312535144
5450.145184963639,0.00040215258727593906,7.07061207237041
5451.360192685659,-0.005873895133550411,7.071468410783821
5452.57520040768,-0.013347835010071307,7.071327135553586
5453.790208129701,-0.020786003257562413,7.07049182547018
5455.005215851721,-0.025039125568994125,7.0707530544678
5456.220223573742,-0.0238852166048118,7.071068286895752
5457.435231295763,-0.018548291248265514,7.071559222833156
5458.650239017783,-0.014105981809585888,7.071468616706935
5459.865246739804,-0.01313710749900121,7.070634391815309
5461.0802544618255,-0.012164266570790172,7.070609559785237
5462.295262183846,-0.011509393980621008,7.071443441610004
5463.510269905866,-0.010448735825327349,7.0712390102555975
5464.725277627887,-0.007581588219898627,7.070521237401258
5465.940285349908,-0.00500558654335137,7.071354661681351
5467.155293071928,-0.004954899232680443,7.071674473663943
5468.370300793949,-0.007352611154471722,7.070841772993962
5469.58530851597,-0.01091017590695098,7.070596813749336
5470.800316237991,-0.016676078068041278,7.0717654713291545
5472.015323960011,-0.024139162325741648,7.07093342566107
5473.230331682033,-0.03148906912755223,7.070308675781479
5474.445339404053,-0.037597063761986904,7.07110468487887
5475.660347126073,-0.04409248081198758,7.071479062525342
5476.8753548480945,-0.04710310494398806,7.071068286895752
5478.090362570115,-0.04638490268185169,7.071068286895752
5479.305370292136,-0.04431878184371607,7.07066300666
5480.520378014156,-0.03978430569171598,7.0710255270396845
5481.735385736178,-0.03146042787856551,7.071441011945853
5482.950393458198,-0.024821543135908897,7.070786364174929
5484.165401180218,-0.0215865429116624,7.070976897842453
5485.38040890224,-0.01997789953678142,7.0717156767164155
5486.59541662426,-0.018332049097503855,7.071316412112405
5487.81042434628,-0.012879379600072571,7.070486270982156
5489.025432068302,-0.0038914612642326762,7.070753430531956
5490.240439790323,0.0025559027679287194,7.071068286895752
5491.455447512343,0.0062417276726127735,7.07130890649469
5492.6704552343635,0.0061769950921686245,7.071276130722464
5493.885462956385,0.005055481750144253,7.070861382068813
5495.100470678405,0.0033321058069430975,7.070826049500482
5496.3154784004255,0.0029124243510738612,7.071068286895752
5497.530486122447,0.0020475311881467118,7.071223362449532
5498.745493844467,-0.0007046241715413792,7.071362132081369
5499.960501566488,-0.005411987581493749,7.071068286895752
5501.175509288509,-0.010091382270547067,7.070965521205898
5502.39051701053,-0.013432718974384361,7.0708063569048205
5503.60552473255,-0.017931480797153343,7.071365256037362
5504.820532454571,-0.020067526415140424,7.07068573476461
5506.035540176592,-0.019282133620255104,7.071099764166579
5507.250547898612,-0.020978449805445054,7.071472898204582
5508.4655556206335,-0.023475325058577745,7.07064559342785
5509.680563342654,-0.02761828634037311,7.071454067885948
5510.895571064675,-0.03157226667407231,7.070718646746287
5512.110578786695,-0.030784654870020578,7.071008667020278
5513.325586508716,-0.02517362178236704,7.071421789916622
5514.540594230737,-0.015405520660392913,7.07116489288039
5515.755601952757,-0.005934821388485112,7.071068286895752
5516.970609674778,0.0022597908973329695,7.071068286895752
5518.185617396799,0.00823194831731211,7.071068286895752
5519.40062511882,0.011386904731933267,7.071068286895752
5520.615632840841,0.012916443441418624,7.071068286895752
5521.830640562861,0.01409936736553341,7.071068286895752
5523.045648284882,0.01341320815979552,7.071068286895752
5524.2606560069025,0.009945420776265257,7.071068286895752
5525.475663728923,0.00471595657606283,7.07090439749214
5526.690671450944,-0.0007454912982729489,7.070924893973416
5527.9056791729645,-0.005514286370045252,7.071250360191318
5529.120686894986,-0.00784812050693029,7.070846398798435
5530.335694617006,-0.005485952989641607,7.071414567759851
5531.550702339027,-0.0019830045491244785,7.071068286895752
5532.765710061048,0.0038804242417391777,7.071022747362616
5533.980717783068,0.01110649334604874,7.070687241103628
5535.195725505089,0.01841545227414798,7.0714944633776105
5536.41073322711,0.026580793331631547,7.071083128356346
5537.625740949131,0.03190019073734174,7.070671446605934
5538.840748671151,0.03529647857803564,7.071388724675574
5540.0557563931725,0.034778595898692366,7.071144280009733
5541.270764115193,0.03500135051204567,7.071068286895752
5542.485771837213,0.0385642690214727,7.070753612510046
5543.700779559234,0.04211041122346715,7.07093018039231
5544.915787281255,0.04828093775312259,7.071341037158242
5546.130795003275,0.05508173782999903,7.071247997311523
5547.345802725296,0.058240186847305475,7.071068286895752
5548.560810447318,0.05893418078502899,7.071068286895752
5549.775818169338,0.057373797187466824,7.071068286895752
5550.990825891358,0.05530988169009743,7.071068286895752
5552.20583361338,0.05219292063154679,7.071068286895752
5553.4208413354,0.04940473533483436,7.071068286895752
5554.63584905742,0.04910376351722534,7.071068286895752
5555.8508567794415,0.048920248533094846,7.071068286895752
5557.065864501462,0.04503594322248894,7.071068286895752
5558.280872223483,0.037910665290196155,7.071068286895752
5559.4958799455035,0.028010983132627842,7.071068286895752
5560.710887667525,0.01934922442466669,7.071068286895752
5561.925895389545,0.012565137981993102,7.071068286895752
5563.140903111565,0.009368147887586664,7.071068286895752
5564.355910833587,0.010147611892600938,7.071068286895752
5565.570918555607,0.010303813353416569,7.071068286895752
5566.785926277628,0.006981580082560779,7.071068286895752
5568.000933999649,0.0042252279908017165,7.070485128252777
5569.21594172167,0.0035183950143735654,7.070742617424866
5570.43094944369,0.003683974758857511,7.071560171726017
5571.645957165711,0.003275545866499474,7.071037785122351
5572.860964887732,0.005446391514957627,7.0710062663361315
5574.075972609752,0.009475954091617389,7.071576277502918
5575.2909803317725,0.012379062481978842,7.071068286895752
5576.505988053794,0.01135925986337516,7.070805794444795
5577.720995775815,0.010079720753611854,7.070636441358132
5578.936003497835,0.007103757733786686,7.071761797001945
5580.151011219856,-0.0025090658556796708,7.071068286895752
5581.366018941877,-0.014111826279931572,7.071068286895752
5582.581026663897,-0.024022299423565707,7.071068286895752
5583.796034385918,-0.03694345896768758,7.071068286895752
5585.011042107939,-0.04840465135093064,7.071068286895752
5586.226049829959,-0.055535873361863164,7.071068286895752
5587.4410575519805,-0.05937955587951205,7.071068286895752
5588.656065274001,-0.06376340801379299,7.071068286895752
5589.871072996022,-0.06568378882003856,7.071068286895752
5591.0860807180425,-0.06362104565332438,7.071068286895752
5592.301088440063,-0.061619221135083,7.071068286895752
5593.516096162084,-0.05845044313211423,7.0706097238361485
5594.731103884104,-0.05201981767755859,7.071023395359943
5595.946111606126,-0.045854689056173514,7.0715709097291795
5597.161119328146,-0.04223382297218925,7.071068286895752
5598.376127050167,-0.038532233689937856,7.071068286895752
5599.591134772188,-0.03384522129111378,7.071068286895752
5600.806142494208,-0.027495345760631285,7.071068286895752
5602.021150216229,-0.019274897642052258,7.071068286895752
5603.23615793825,-0.010383042712491797,7.071068286895752
5604.45116566027,0.0008623505520115593,7.071068286895752
5605.666173382291,0.00989080404178777,7.071068286895752
5606.881181104312,0.01764980688485429,7.071068286895752
5608.096188826333,0.02375453701183794,7.071068286895752
5609.311196548353,0.026906526002139053,7.071068286895752
5610.526204270374,0.02823527120373548,7.071068286895752
5611.741211992395,0.02442977244836997,7.071068286895752
5612.956219714415,0.013808684456369402,7.071068286895752
5614.171227436436,0.0020904239844856676,7.071068286895752
5615.386235158457,-0.008796255516344553,7.071068286895752
5616.601242880478,-0.01930391054632219,7.071068286895752
5617.816250602498,-0.02634669030220027,7.071068286895752
5619.0312583245195,-0.026095532312766734,7.071323943566459
5620.24626604654,-0.023390178130573647,7.071524635134491
5621.46127376856,-0.023887806722835636,7.070355095594146
5622.6762814905815,-0.025347352388570332,7.071068286895752
5623.891289212602,-0.025149625672229226,7.071068286895752
5625.106296934623,-0.023575862321245866,7.071068286895752
5626.321304656643,-0.022554701225969254,7.071068286895752
5627.536312378665,-0.01801203028331777,7.071068286895752
5628.751320100685,-0.00943568333701661,7.071068286895752
5629.966327822705,-0.0043217977170917354,7.071068286895752
5631.181335544727,-0.0026668868851791316,7.071068286895752
5632.396343266747,-0.001495542298953767,7.071333194497729
5633.611350988767,-0.003963661058183243,7.071024346292804
5634.826358710789,-0.009704471419126337,7.0708467260248105
5636.04136643281,-0.014709112757273823,7.071068286895752
5637.25637415483,-0.016556816472414138,7.071068286895752
5638.4713818768505,-0.01465872264409751,7.071068286895752
5639.686389598872,-0.012030537697265142,7.071168095155904
5640.901397320892,-0.011302189859270229,7.071355768020473
5642.116405042912,-0.009138733695433165,7.07063627243042
5643.331412764934,-0.007299166033413407,7.070668468974118
5644.546420486954,-0.007216914580874478,7.071475826050258
5645.761428208975,-0.0065974627382372475,7.071108451626893
5646.976435930996,-0.006557714606383991,7.070704771267307
5648.191443653017,-0.006387096011119198,7.071640581105806
5649.406451375037,-0.0036493467782294786,7.070705531625063
5650.621459097058,0.0003245564218652408,7.071038504877795
5651.836466819079,0.0018174093661385005,7.071250607100662
5653.051474541099,-0.0008248873961016479,7.070847515576316
5654.26648226312,-0.0075707175788846115,7.071019987769148
5655.481489985141,-0.016720814447710453,7.071336934799383
5656.696497707162,-0.024612894032320032,7.070934197224178
5657.911505429182,-0.02900802823774451,7.070741295956322
5659.126513151203,-0.031310739800213705,7.07114407446993
5660.341520873224,-0.030976353466482642,7.0714066098211275
5661.556528595244,-0.029131551184004012,7.07065358130671
5662.771536317265,-0.02588407660392944,7.071056182835111
5663.986544039286,-0.02179693830111118,7.071458263546087
5665.201551761307,-0.018685237610065686,7.070778585086957
5666.416559483328,-0.014413685295911138,7.071298195513319
5667.631567205348,-0.011247888626274793,7.070897389289901
5668.846574927369,-0.007150134511415773,7.07090781027197
5670.0615826493895,0.0013061024172962288,7.071068286895752
5671.27659037141,0.011362504079080793,7.071068286895752
5672.491598093431,0.021160043470401124,7.071068286895752
5673.706605815451,0.029820644283143016,7.071370379347833
5674.921613537473,0.03657647499991734,7.0715682186642335
5676.136621259493,0.0386604482953965,7.070817497761389
5677.351628981514,0.03692847917389974,7.071319305040738
5678.566636703535,0.03112614112477674,7.070264075668808
5679.781644425555,0.024027659669203283,7.071066429048951
5680.996652147576,0.014056444938307822,7.071068286895752
5682.211659869597,0.005724246927274468,7.071806228713766
5683.426667591618,0.000275160935685026,7.070577565718152
5684.641675313638,-0.003798462992531837,7.070819874028223
5685.856683035659,-0.004823477742084359,7.071068286895752
5687.07169075768,-0.0028083601044013307,7.071558584387389
5688.2866984797,0.0008246415078401181,7.071074489526564
5689.501706201721,0.00462650399644704,7.070570594120791
5690.716713923742,0.008349355349552612,7.071068286895752
5691.931721645762,0.013936726647086672,7.071068286895752
5693.146729367783,0.01828634243918037,7.071068286895752
5694.361737089805,0.017648656929720286,7.071182020903711
5695.576744811825,0.015419061478464169,7.071880505490976
5696.791752533845,0.009528289325291706,7.071081433666413
5698.0067602558665,0.0020429091976239544,7.070281674079447
5699.221767977887,-0.005237366164423385,7.070927400199576
5700.436775699907,-0.01366423537143091,7.071068286895752
5701.6517834219285,-0.023286515192723956,7.071068286895752
5702.866791143949,-0.03494044108195227,7.071068286895752
5704.08179886597,-0.04416820627267204,7.071532956041585
5705.29680658799,-0.04996755682627807,7.071130548607282
5706.511814310012,-0.05329531294894774,7.070540161849359
5707.726822032032,-0.05879775248450869,7.071068286895752
5708.941829754052,-0.06132256311950535,7.0712730562119654
5710.156837476074,-0.06033008393719741,7.071651985561345
5711.371845198094,-0.05491333933626108,7.0702786243038425
5712.586852920115,-0.04486015951427236,7.071068286895752
5713.801860642136,-0.028960302454114295,7.071068286895752
5715.016868364157,-0.012414269419045887,7.071806960009323
5716.231876086177,0.0029876849133125827,7.070585302008545
5717.4468838081975,0.01672117908394566,7.070811403478718
5718.661891530219,0.024876689762557413,7.071068286895752
5719.876899252239,0.030238884538819066,7.071540939166232
5721.0919069742595,0.033684484606087306,7.0711189822321225
5722.306914696281,0.03521178433753169,7.070882378167682
5723.521922418302,0.03550859897569669,7.071659511274785
5724.736930140322,0.03676859816470701,7.070864115421718
5725.951937862343,0.036690876721859,7.070477586414977
5727.166945584364,0.03658318726103804,7.0718622978794095
5728.381953306384,0.03295241809768612,7.071067629086223
5729.596961028405,0.028481448157456457,7.07027226545467
5730.811968750426,0.026419124458084253,7.070932400212772
5732.026976472446,0.022872792766988947,7.071068286895752
5733.2419841944675,0.018601141175409674,7.071068286895752
5734.456991916488,0.018202566448153545,7.071068286895752
5735.671999638509,0.020918572783282574,7.071068286895752
5736.887007360529,0.023924741480748635,7.071068286895752
5738.10201508255,0.027359825611389166,7.071068286895752
5739.317022804571,0.030330918237137627,7.071312509180389
5740.532030526591,0.029591699137253347,7.071756278529193
5741.747038248613,0.024590392075029888,7.070963346224107
5742.962045970633,0.02080957171161546,7.070274526051233
5744.177053692654,0.01961943468668026,7.071860353245588
5745.392061414675,0.01733666385630772,7.071173830678694
5746.607069136695,0.015205416424050489,7.070380936632829
5747.822076858716,0.01301345841453272,7.0714373389546
5749.0370845807365,0.00993651188280631,7.071385719402841
5750.252092302757,0.0066739276417806526,7.070593558361102
5751.467100024778,0.004895299103955253,7.070608257145912
5752.682107746799,0.004934730757429007,7.071400070227338
5753.89711546882,0.003856589821279899,7.071409949083314
5755.11212319084,-0.0011193171605763386,7.070393642851659
5756.327130912861,-0.006066453090158408,7.071185195954571
5757.542138634882,-0.007898111044348344,7.071840929239892
5758.757146356902,-0.007725946576590648,7.0702591135716615
5759.972154078923,-0.0025042093151526057,7.0717318200400285
5761.187161800944,0.003740915482057572,7.070548817368344
5762.402169522965,0.008571919964086794,7.070823436452466
5763.617177244985,0.012279847099446739,7.071068286895752
5764.8321849670065,0.014249349701118463,7.0715405423161455
5766.047192689027,0.015419980703888392,7.0715317588868
5767.262200411047,0.017206101124198403,7.070742094126905
5768.477208133068,0.019675357740589705,7.070457387639894
5769.692215855089,0.02128366939386339,7.071068286895752
5770.90722357711,0.019524070519265413,7.071173249132648
5772.12223129913,0.016295337302921542,7.071899875782597
5773.337239021152,0.01689606468688698,7.071111404498169
5774.552246743172,0.010508071308812372,7.071068286895752
5775.767254465192,-0.002369110948434283,7.070396826399533
5776.982262187214,-0.018361048703392502,7.0708014853704775
5778.197269909234,-0.03323526770599883,7.071589586791452
5779.412277631254,-0.04629948057827327,7.07148454120599
5780.6272853532755,-0.05609682484663603,7.071068286895752
5781.842293075297,-0.05974600638374805,7.070772019284404
5783.057300797317,-0.05814868500360837,7.07064596394721
5784.2723085193375,-0.055936922976473236,7.071640962892058
5785.487316241359,-0.0541709240317807,7.0703430228308894
5786.702323963379,-0.046772725753373656,7.07191720828723
5787.917331685399,-0.03782652258163055,7.071151241718617
5789.132339407421,-0.030030019068173486,7.0703641493087455
5790.347347129441,-0.02315333435774969,7.071459253638637
5791.562354851462,-0.016398938544161856,7.071380582933361
5792.777362573483,-0.008119066959742849,7.070594234780517
5793.992370295504,0.002838147641994304,7.070601764837719
5795.207378017524,0.013398854605358057,7.071068286895752
5796.422385739545,0.020876297646812203,7.071310515060486
5797.637393461566,0.025023044364399505,7.071766083378108
5798.852401183586,0.02580451215926094,7.070980977676961
5800.067408905607,0.02319793247517188,7.070223666915407
5801.282416627628,0.019794560027932118,7.0717938702939644
5802.497424349649,0.020676069482659543,7.0712148519345375
5803.712432071669,0.024955361701310963,7.070429806411652
5804.92743979369,0.029023887642141588,7.070764708022591
5806.142447515711,0.03035311151253617,7.071068286895752
5807.357455237731,0.029927653678364585,7.071470313232402
5808.572462959752,0.02815524768201172,7.071607766727504
5809.787470681773,0.024765276800922775,7.071068286895752
5811.002478403794,0.02089266745842777,7.07098574200424
5812.2174861258145,0.016781363429987595,7.070679054376786
5813.432493847835,0.015558447199919279,7.07107122151953
5814.647501569856,0.019813886777288348,7.071462869531888
5815.862509291876,0.02259307948991207,7.070790209969163
5817.077517013897,0.028926474139663316,7.071265738284079
5818.292524735918,0.035476576616104705,7.070676243264461
5819.507532457938,0.03932621892073018,7.070673417626919
5820.72254017996,0.038942385344694186,7.071068286895752
5821.93754790198,0.037389154517225576,7.071375200395837
5823.152555624001,0.03544495624426336,7.071591629655322
5824.367563346022,0.03594201935744712,7.07063627243042
5825.582571068042,0.03542667681498912,7.070700168535009
5826.797578790063,0.03504717601548624,7.071482274876858
5828.0125865120835,0.0413320331363729,7.0711178452266
5829.227594234105,0.04259502004066196,7.070726799604379
5830.442601956125,0.043388055226852185,7.070936765018656
5831.657609678146,0.04583104954279826,7.071068286895752
5832.872617400167,0.04508834109422555,7.071286307466321
5834.087625122187,0.04070699904113595,7.071322994767928
5835.302632844208,0.039821545105789946,7.071068286895752
5836.517640566229,0.03839716627448975,7.071068286895752
5837.732648288249,0.04076447591286625,7.071068286895752
5838.94765601027,0.040069554247363914,7.071068286895752
5840.162663732292,0.03877489423478053,7.071068286895752
5841.377671454312,0.0439266398924647,7.071068286895752
5842.592679176332,0.044049257746481496,7.071068286895752
5843.8076868983535,0.038984040489917327,7.071068286895752
5845.022694620374,0.03488621063384478,7.071068286895752
5846.237702342394,0.03275427203710235,7.071068286895752
5847.452710064415,0.027764287965387213,7.071068286895752
5848.667717786436,0.01673400705182182,7.071068286895752
5849.882725508457,0.005886317119753848,7.071068286895752
5851.097733230477,0.0006184935601645236,7.071068286895752
5852.312740952499,-0.00045223026850416126,7.071068286895752
5853.527748674519,-0.005452440337814446,7.071068286895752
5854.742756396539,-0.014047449528586275,7.071068286895752
5855.957764118561,-0.02264602111907177,7.071068286895752
5857.172771840581,-0.028703870484884986,7.071068286895752
5858.387779562602,-0.030931968005098343,7.071068286895752
5859.6027872846225,-0.027887376344482684,7.071068286895752
5860.817795006644,-0.020990677551781634,7.071068286895752
5862.032802728664,-0.015878718386753476,7.071068286895752
5863.2478104506845,-0.014022966460837338,7.071068286895752
5864.462818172706,-0.01344500099445356,7.071068286895752
5865.677825894726,-0.006749797676655733,7.071068286895752
5866.892833616746,0.0008978151549801083,7.071068286895752
5868.107841338768,0.005212088351113309,7.071068286895752
5869.322849060789,0.0044850443248978245,7.071068286895752
5870.537856782809,0.0027910237952535333,7.071068286895752
5871.75286450483,-7.686221707237095e-05,7.071068286895752
5872.967872226851,-0.002638648802600674,7.071068286895752
5874.182879948871,-0.0008676154518900692,7.071068286895752
5875.397887670892,-0.0011369030651287027,7.071068286895752
5876.612895392913,-0.008087094247172466,7.071068286895752
5877.827903114934,-0.023625911231206498,7.071068286895752
5879.042910836954,-0.04605647206667984,7.071068286895752
5880.257918558975,-0.07098751383196333,7.071068286895752
5881.472926280996,-0.0963570702209473,7.070601121335399
5882.687934003016,-0.12083896749455736,7.070960884967483
5883.902941725037,-0.14400860854667097,7.071641960246144
5885.117949447058,-0.16823429545579094,7.070868239651141
5886.332957169078,-0.20142512676657742,7.070315427078839
5887.5479648911,-0.24420029782078623,7.071089443178514
5888.76297261312,-0.2799933142148672,7.071862454709027
5889.977980335141,-0.30580886902101434,7.071226466605745
5891.1929880571615,-0.32064971792901176,7.071068286895752
5892.407995779182,-0.3236274512257038,7.071068286895752
5893.623003501203,-0.31936992465548575,7.071068286895752
5894.8380112232235,-0.3104283817983089,7.071068286895752
5896.053018945245,-0.29422716888890776,7.071068286895752
5897.268026667265,-0.26676964304746753,7.071068286895752
5898.483034389286,-0.2287583814464187,7.071068286895752
5899.698042111307,-0.18806854833253261,7.071068286895752
5900.913049833327,-0.15803829996163565,7.071068286895752
5902.128057555348,-0.13198848094967297,7.071068286895752
5903.343065277369,-0.11033195206363744,7.071068286895752
5904.558072999389,-0.09021543927707065,7.071068286895752
5905.77308072141,-0.06922722481341448,7.071068286895752
5906.9880884434315,-0.05156871043335154,7.070774041080577
5908.203096165452,-0.04229064689664841,7.070608557197547
5909.418103887472,-0.03683341613084745,7.07182136303466
5910.633111609493,-0.03370875059040768,7.071068286895752
5911.848119331514,-0.028745472813638262,7.071068286895752
5913.063127053534,-0.02413601549943656,7.071068286895752
5914.278134775555,-0.0252908438582522,7.071068286895752
5915.493142497576,-0.02332433306960846,7.071068286895752
5916.708150219597,-0.020676580279199053,7.071068286895752
5917.923157941617,-0.018068388212430397,7.071068286895752
5919.138165663639,-0.014124961463688912,7.071068286895752
5920.353173385659,-0.00918403547229607,7.071068286895752
5921.568181107679,-0.007480567271124228,7.071068286895752
5922.7831888297005,-0.00784977195946901,7.071068286895752
5923.998196551721,-0.010245937755536394,7.071068286895752
5925.213204273742,-0.009816199164456307,7.071068286895752
5926.4282119957625,-0.0069240260003857745,7.071068286895752
5927.643219717784,-0.004627725131002736,7.071068286895752
5928.858227439804,-0.0035076814259031863,7.071068286895752
5930.073235161824,-0.0023812489091799005,7.071068286895752
5931.288242883846,-0.0010851011636854313,7.071068286895752
5932.503250605866,-0.00011152678093151458,7.071068286895752
5933.718258327886,0.0007804187555999764,7.071068286895752
5934.933266049908,0.0029131112538696158,7.0714299198548325
5936.148273771929,0.004682674234318895,7.0708720242376035
5937.363281493949,0.004946942297853418,7.070902309447062
5938.57828921597,0.003829786236823951,7.071068286895752
5939.793296937991,0.0008376141709436347,7.071068286895752
5941.008304660011,-0.002166658832801316,7.071068286895752
5942.2233123820315,0.0,7.071141324389861
5943.438320104053,0.008213636999614415,7.071450460908792
5944.653327826073,0.01381113396253486,7.070683866058726
5945.868335548094,0.010819995186802878,7.070995888737337
5947.083343270115,0.002728018086659567,7.071068286895752
5948.298350992136,-0.006926099337642322,7.071068286895752
5949.513358714156,-0.013766119209804195,7.071068286895752
5950.728366436177,-0.014925464700078939,7.071068286895752
5951.943374158198,-0.010617383272214287,7.071068286895752
5953.158381880218,-0.004728571412250027,7.071068286895752
5954.3733896022395,-0.004223997851424022,7.071068286895752
5955.58839732426,-0.010646621462481853,7.071068286895752
5956.803405046281,-0.01122946363598909,7.071068286895752
5958.0184127683015,-0.005232321043403321,7.071068286895752
5959.233420490322,0.003199621602031577,7.071068286895752
5960.448428212343,0.01096834427295823,7.071068286895752
5961.663435934363,0.016547804072494232,7.071068286895752
5962.878443656384,0.019555066151308198,7.071068286895752
5964.093451378405,0.020412534758363243,7.071068286895752
5965.308459100426,0.019073999323953927,7.071068286895752
5966.523466822447,0.018829339326340788,7.071068286895752
5967.738474544467,0.020348551009838456,7.071068286895752
5968.953482266488,0.019563407928448573,7.071068286895752
5970.168489988509,0.016747657189052356,7.071068286895752
5971.383497710529,0.013042395947801877,7.071068286895752
5972.59850543255,0.010293522629159169,7.070933254402694
5973.8135131545705,0.008635983854623053,7.070889965120535
5975.028520876592,0.006264246334048762,7.071794209945311
5976.243528598612,0.004323565225506698,7.070269960517469
5977.458536320633,0.001143520586793123,7.071299153606192
5978.673544042654,-0.005712265478438283,7.07118578789372
5979.888551764674,-0.00880628585401233,7.071068286895752
5981.103559486695,-0.009417084367763007,7.071068286895752
5982.318567208716,-0.007584272220617194,7.07090643363206
5983.533574930737,-0.0065821156103638145,7.07085786556718
5984.748582652757,-0.005780036532532895,7.071380317981716
5985.9635903747785,-0.007599333983475232,7.070644911284535
5987.178598096799,-0.007529671169224761,7.071025692640258
5988.393605818819,-0.006778854271388024,7.071406022946253
5989.60861354084,-0.001073229754971372,7.070926696123628
5990.823621262861,0.003479544392439138,7.070871532265837
5992.038628984881,0.0021549180521338585,7.071251805589583
5993.253636706902,-0.0023476112865767895,7.071235755542624
5994.468644428924,-0.0033642988580293576,7.070716690065489
5995.683652150944,-0.0035424259607499398,7.0710969074976795
5996.898659872964,-0.005405964834947818,7.071476655995203
5998.113667594986,-0.004894771838140688,7.071143326650432
5999.328675317006,-0.006460871157866643,7.071068286895752
6000.543683039026,-0.011915637290166314,7.070815478799937
6001.758690761048,-0.01656650912902813,7.0712375670618535
6002.973698483068,-0.017192012799097434,7.071337850615215
6004.188706205089,-0.016172936045664166,7.07049287235819
6005.4037139271095,-0.01830423679629334,7.071412402204037
6006.618721649131,-0.02365546210707614,7.070653709439588
6007.833729371151,-0.024315481489299184,7.071377357526587
6009.048737093171,-0.02518369723846936,7.07086391986832
6010.263744815193,-0.03052075451009828,7.0709017058355945
6011.478752537213,-0.03291704399690554,7.071068286895752
6012.693760259234,-0.029892177633851214,7.071068286895752
6013.908767981255,-0.026311960111858435,7.071281730781697
6015.123775703276,-0.027876993573834774,7.071715507737027
6016.338783425296,-0.027798745960160298,7.070208066364418
6017.553791147317,-0.024630624693054548,7.0717218230365075
6018.768798869338,-0.023620426827292818,7.071279048637677
6019.983806591358,-0.02431841243632049,7.070522285238392
6021.1988143133785,-0.02238965518459346,7.07108284213639
6022.4138220354,-0.016118004897170968,7.071598811296461
6023.628829757421,-0.008646421144854477,7.0708428504164935
6024.843837479441,-0.0045975160461602105,7.070441168753099
6026.058845201462,-0.000708665469576486,7.071908940125968
6027.273852923483,0.009065433831961789,7.070397621352221
6028.488860645503,0.02051354153336349,7.070864163266917
6029.703868367524,0.028164828491664462,7.071068286895752
6030.918876089545,0.02991413219518302,7.071068286895752
6032.133883811565,0.028923901989905243,7.071403568251699
6033.3488915335865,0.028340492927222405,7.0714762796700175
6034.563899255607,0.027901569071358878,7.070442714953658
6035.778906977628,0.028788972683618352,7.071909828253584
6036.9939146996485,0.03380049179691058,7.070400943452044
6038.208922421669,0.040332925867561764,7.071517108736874
6039.42393014369,0.04390547117324384,7.070836376528175
6040.63893786571,0.04587900110176957,7.071081081369946
6041.853945587732,0.048461615502155775,7.071272997889176
6043.068953309752,0.051386060102729836,7.0706438663114906
6044.283961031773,0.05409916340966747,7.0717108063485705
6045.498968753794,0.05268432512053978,7.0702050999765484
6046.713976475814,0.04900902700006626,7.070958743498843
6047.928984197835,0.04603157085092513,7.071068286895752
6049.143991919856,0.04524132238974721,7.071601444285173
6050.358999641876,0.0460122756989898,7.071507959109685
6051.574007363897,0.04567071410884904,7.070755394149102
6052.789015085918,0.04205151279939767,7.0706089990460885
6054.004022807939,0.03465076061486094,7.071839539294811
6055.219030529959,0.02769790506404357,7.071087767386923
6056.43403825198,0.02528548045781487,7.071068286895752
6057.649045974001,0.026943754820809573,7.070446620121656
6058.864053696021,0.030895163697377548,7.070714988531087
6060.079061418042,0.0332027085791311,7.071466539776264
6061.294069140064,0.03241223351241529,7.071357231834552
6062.509076862083,0.029463532851048857,7.070379864682291
6063.724084584104,0.025579529869647732,7.0711313444524695
6064.9390923061255,0.02422587826043099,7.071881905634899
6066.154100028146,0.029917688021826594,7.070527269881941
6067.369107750166,0.03869508079125539,7.070794460358332
6068.5841154721875,0.04898322196929494,7.071544868632577
6069.799123194208,0.05949264093107898,7.071202598136104
6071.014130916228,0.06312986908037965,7.070456168840377
6072.229138638249,0.06317138793849097,7.071206510582384
6073.444146360271,0.059466928298058885,7.071905740868063
6074.659154082291,0.051499976028864136,7.071156388461269
6075.874161804311,0.04457627230588446,7.071068286895752
6077.089169526333,0.036835901501171886,7.070520127555553
6078.304177248353,0.028386103498176496,7.071072940560647
6079.519184970373,0.020533253245070604,7.0716108594310345
6080.734192692395,0.013066546971567172,7.07086201652981
6081.949200414416,0.0059034283363677,7.07029674959109
6083.164208136436,0.007473709012690177,7.071045894781659
6084.3792158584565,0.01232278977805601,7.071068286895752
6085.594223580478,0.013834988510978308,7.0713740507033105
6086.809231302498,0.011811225853098684,7.071002825312945
6088.0242390245185,0.007906414924235827,7.070827371411171
6089.23924674654,0.0030842781681819087,7.071334821242288
6090.454254468561,-0.000707191375868943,7.071703722951361
6091.66926219058,-0.002193660312991952,7.070654320278951
6092.884269912602,0.0025367005670389187,7.0710284961254155
6094.099277634623,0.01077752692085543,7.070733978805035
6095.314285356643,0.015008916040922804,7.0709125921241585
6096.529293078664,0.01710388635066673,7.071068286895752
6097.744300800685,0.01703560973273821,7.071228234825723
6098.959308522705,0.014284504552823929,7.071398018903916
6100.174316244726,0.008113796049726174,7.071068286895752
6101.389323966747,0.0035033210708785845,7.071068286895752
6102.604331688768,0.002549807212852029,7.070709426559533
6103.819339410788,0.0042251683744158886,7.071236640804792
6105.034347132809,0.006348768285302286,7.071016557308609
6106.24935485483,0.010267048531609424,7.071002293605549
6107.46436257685,0.015659327091052777,7.071375578005047
6108.679370298871,0.022457629101231502,7.071068286895752
6109.894378020892,0.024378572232083062,7.071061575943721
6111.109385742913,0.026934522870398547,7.070688518455202
6112.324393464934,0.028444006320782256,7.0709570100337915
6113.539401186954,0.02722641963052408,7.071068286895752
6114.754408908975,0.0234967724775752,7.071270522560778
6115.9694166309955,0.018886592633680754,7.071356771027776
6117.184424353016,0.014263414766350513,7.071068286895752
6118.399432075037,0.010535510623081557,7.071043786928146
6119.614439797058,0.00698175992194372,7.070671244476861
6120.829447519078,0.003056242110935914,7.070973765116487
6122.044455241099,0.0009718162241227901,7.071345851107696
6123.25946296312,0.0006306427417894778,7.071281888202329
6124.474470685141,0.0005679606821007432,7.071068286895752
6125.689478407161,-0.00016851077974178175,7.071068286895752
6126.904486129182,-0.0008422072800815528,7.071068286895752
6128.119493851203,-0.0010414640656206675,7.071068286895752
6129.334501573223,-0.0010582054493120108,7.071068286895752
6130.549509295244,-0.0018491401627256376,7.071068286895752
6131.7645170172655,-0.004419478045596392,7.070838011252486
6132.979524739286,-0.007216091737115793,7.070976071319333
6134.194532461306,-0.009660600890616378,7.071280667174763
6135.409540183327,-0.013406587880448573,7.070734645002701
6136.624547905348,-0.018657786913739205,7.071477263960426
6137.839555627368,-0.01839965684921374,7.0711400769718304
6139.054563349389,-0.016737990457073915,7.071068286895752
6140.269571071411,-0.009909313918272655,7.071068286895752
6141.484578793431,-0.00038775255608847203,7.070890319759037
6142.699586515451,0.007603844293204265,7.070870339578658
6143.914594237473,0.017977797797637196,7.071443728670776
6145.129601959493,0.024848344948199985,7.07107313656294
6146.344609681513,0.027881686047580567,7.071068286895752
6147.5596174035345,0.02504465804137279,7.070763393108591
6148.774625125556,0.024187104136761617,7.071123311502132
6149.989632847575,0.017685851535829356,7.071317682824578
6151.204640569596,0.008780448147049702,7.071068286895752
6152.419648291618,0.0,7.071008779646647
6153.634656013638,0.0,7.07063829024374
6154.849663735658,-0.006069031698286764,7.071004659186847
6156.06467145768,-0.016908483806482355,7.071374654135611
6157.2796791797,-0.026909785504773742,7.07125514117195
6158.49468690172,-0.03667586433639358,7.071068286895752
6159.709694623742,-0.04892325984877077,7.071068286895752
6160.924702345763,-0.06044450255848122,7.071068286895752
6162.139710067783,-0.06886742871382734,7.071068286895752
6163.3547177898035,-0.0725381619334784,7.070701158488717
6164.569725511825,-0.06898700216815445,7.071245808758273
6165.784733233845,-0.06734908046498633,7.071257418702695
6166.9997409558655,-0.06501562080949363,7.071068286895752
6168.214748677887,-0.060047401554872426,7.071068286895752
6169.429756399908,-0.047492857527382526,7.071068286895752
6170.644764121928,-0.03602437390826396,7.071068286895752
6171.859771843949,-0.022560830003426124,7.071068286895752
6173.07477956597,-0.011626070623391938,7.071068286895752
6174.28978728799,-0.0038430052357709688,7.071068286895752
6175.504795010011,-0.0016168445639910267,7.071068286895752
6176.719802732032,-0.0009777155096863943,7.071068286895752
6177.934810454053,0.001671681307104933,7.071068286895752
6179.149818176073,0.0081700696108713,7.071068286895752
6180.364825898094,0.01437571678724292,7.070360872001769
6181.579833620115,0.019163962340196683,7.071366225188953
6182.794841342135,0.019966632711643006,7.071476810760675
6184.009849064156,0.01572606768330509,7.071068286895752
6185.224856786177,0.007539507173673243,7.071068286895752
6186.439864508197,-0.0016725409556148652,7.070994021808613
6187.654872230218,-0.009262819784315202,7.070257533146826
6188.869879952239,-0.015628679275995427,7.0715710457568495
6190.08488767426,-0.01957529816409398,7.071375327689129
6191.299895396281,-0.019376215627142646,7.071068286895752
6192.514903118301,-0.013769228637020792,7.071068286895752
6193.729910840322,-0.005162295497990188,7.071068286895752
6194.9449185623425,-0.0006011274300095071,7.071068286895752
6196.159926284363,0.001169810459228371,7.071068286895752
6197.374934006384,0.0011552285357832037,7.071068286895752
6198.589941728405,0.0006011274300095071,7.071068286895752
6199.804949450426,0.0009320407586850266,7.071068286895752
6201.019957172446,0.0038109412061368975,7.071068286895752
6202.234964894467,0.010066638461226463,7.071068286895752
6203.449972616488,0.017219798770779393,7.071068286895752
6204.664980338508,0.019325363208571256,7.071068286895752
6205.879988060529,0.016872124996983873,7.071068286895752
6207.0949957825505,0.011729868953451517,7.071068286895752
6208.31000350457,0.00482600910575548,7.07071263906116
6209.525011226591,-0.0034948691902820794,7.0706564712839315
6210.7400189486125,-0.012854478101383071,7.071834792416138
6211.955026670633,-0.023216705248837677,7.07110199117296
6213.170034392653,-0.03018993658552671,7.070368578150895
6214.385042114674,-0.037232597609400564,7.071343041961715
6215.600049836695,-0.045416099577944014,7.071492281750291
6216.815057558715,-0.051711071269172626,7.071068286895752
6218.030065280736,-0.053890104817126305,7.071068286895752
6219.245073002758,-0.05506171869607379,7.071068286895752
6220.460080724778,-0.055502450986694596,7.071068286895752
6221.675088446798,-0.053034720151277526,7.071068286895752
6222.89009616882,-0.050337305739104776,7.071068286895752
6224.10510389084,-0.04847237074965571,7.071068286895752
6225.32011161286,-0.049359994811481345,7.071068286895752
6226.5351193348815,-0.053662134065882716,7.071068286895752
6227.750127056903,-0.05572557593326244,7.071068286895752
6228.965134778923,-0.05953741865784168,7.071068286895752
6230.1801425009435,-0.06788919292157969,7.071068286895752
6231.395150222965,-0.07035468755852103,7.071068286895752
6232.610157944985,-0.0659769279079565,7.071068286895752
6233.825165667005,-0.06020716394128378,7.071068286895752
6235.040173389027,-0.05982524152266233,7.071068286895752
6236.255181111048,-0.05932287927201774,7.071068286895752
6237.470188833067,-0.060899887080879234,7.071068286895752
6238.685196555089,-0.06482895788625709,7.071068286895752
6239.90020427711,-0.07067548700956983,7.071068286895752
6241.11521199913,-0.07547396350394564,7.071068286895752
6242.330219721151,-0.0757155126854534,7.071068286895752
6243.545227443172,-0.07107951203250251,7.071068286895752
6244.760235165192,-0.06941469897799801,7.071068286895752
6245.9752428872125,-0.06936078331751494,7.071068286895752
6247.190250609234,-0.06732557078459989,7.071068286895752
6248.405258331255,-0.06653438697664638,7.071068286895752
6249.620266053275,-0.0692804917877543,7.071068286895752
6250.835273775296,-0.07099979710185722,7.071068286895752
6252.050281497317,-0.07477925715499367,7.071068286895752
6253.265289219337,-0.08113575168288256,7.071068286895752
6254.480296941358,-0.08434896573273987,7.071068286895752
6255.695304663379,-0.08328336999138974,7.071068286895752
6256.9103123854,-0.07731842126110133,7.071068286895752
6258.1253201074205,-0.06776100637997207,7.071068286895752
6259.340327829441,-0.05420660052682047,7.071068286895752
6260.555335551462,-0.045842380616265554,7.071068286895752
6261.7703432734825,-0.04336425281776557,7.071068286895752
6262.985350995503,-0.04306828451904843,7.071068286895752
6264.200358717524,-0.04040145877952628,7.071068286895752
6265.415366439545,-0.0318062179210421,7.071068286895752
6266.630374161565,-0.016488146566447703,7.07107621942422
6267.845381883586,-0.001566965949316046,7.071439545229704
6269.060389605607,0.004366440010945327,7.070893536261233
6270.275397327628,0.0042372081020727315,7.070871158926096
6271.490405049648,-0.00013911546816069986,7.071068286895752
6272.705412771669,-0.006213817977279934,7.071068286895752
6273.92042049369,-0.006716797963411736,7.071068286895752
6275.13542821571,-0.003222962443262478,7.071068286895752
6276.350435937731,-0.0010226424233272802,7.071068286895752
6277.565443659752,0.0013395290560123119,7.071068286895752
6278.780451381773,0.0017231198595115682,7.071068286895752
6279.995459103793,0.0023419359984038213,7.071068286895752
6281.210466825814,0.003896155068369156,7.071068286895752
6282.425474547835,0.0034345044300847505,7.071068286895752
6283.640482269855,0.002301724257506077,7.071068286895752
6284.855489991876,0.000743273422830093,7.071068286895752
6286.070497713898,0.0008468305899367312,7.071068286895752
6287.285505435918,0.002869399708791409,7.071068286895752
6288.500513157938,0.007853767294729197,7.071068286895752
6289.7155208799595,0.016349782542003144,7.071068286895752
6290.93052860198,0.021725360936311278,7.071068286895752
6292.145536324,0.0228875843864762,7.071068286895752
6293.3605440460215,0.018868702356573674,7.071068286895752
6294.575551768043,0.011594310790064899,7.071068286895752
6295.790559490062,0.003665839354078493,7.071068286895752
6297.005567212083,-0.003731248760109107,7.071068286895752
6298.220574934105,-0.006964318854781437,7.071068286895752
6299.435582656125,-0.003931041763385323,7.071068286895752
6300.650590378145,0.0024945206204909365,7.071297576371004
6301.865598100167,0.006681011931408243,7.071181404780763
6303.080605822187,0.006048272947253519,7.07072525805825
6304.295613544207,0.0029824570209109336,7.071068286895752
6305.510621266229,8.432020292814535e-05,7.071068286895752
6306.72562898825,0.0015234987417120927,7.071068286895752
6307.94063671027,0.003237288199773314,7.071068286895752
6309.1556444322905,0.0028665176807163295,7.071068286895752
6310.370652154312,-0.00038687338449139297,7.071068286895752
6311.585659876332,-0.00604819219077779,7.071068286895752
6312.800667598352,-0.01618602873422703,7.071068286895752
6314.015675320374,-0.023431550093607978,7.071068286895752
6315.230683042395,-0.024516331415861847,7.071068286895752
6316.445690764415,-0.02321675193353734,7.071068286895752
6317.660698486436,-0.023473794632576706,7.071068286895752
6318.875706208457,-0.02668435578694206,7.071068286895752
6320.090713930477,-0.029029974005606807,7.071068286895752
6321.305721652498,-0.02022948577144712,7.070746343906582
6322.520729374519,-0.009009882564758431,7.071137020921571
6323.73573709654,-0.0011373457989263258,7.071321006672836
6324.9507448185595,0.004812787611193636,7.071068286895752
6326.165752540581,0.009554986409838095,7.071032465131301
6327.380760262602,0.01131209656738208,7.07067215547628
6328.595767984622,0.009866647308300225,7.070960624346848
6329.810775706643,0.009574780706638197,7.071068286895752
6331.025783428664,0.009967289733695317,7.07124868128208
6332.240791150684,0.011542158260684943,7.0713913293184785
6333.455798872705,0.01437185816241815,7.071068286895752
6334.670806594726,0.012748962846789391,7.071068286895752
6335.885814316747,0.009182024632419461,7.071068286895752
6337.100822038768,0.005491637919549541,7.071068286895752
6338.315829760788,-0.0008398383639820484,7.071068286895752
6339.530837482809,-0.008532421545961233,7.070960995092615
6340.7458452048295,-0.013354718513621577,7.070705900126814
6341.96085292685,-0.012932129976097384,7.071424465294791
6343.175860648871,-0.006346267935651184,7.071178473139357
6344.390868370892,0.000158070205512173,7.071068286895752
6345.605876092913,0.003354536199095648,7.070891993627591
6346.820883814933,0.002276953324235498,7.070739760142082
6348.035891536954,0.0002721098020836976,7.0710988693330785
6349.250899258975,-0.0032882801085110103,7.071457540358534
6350.465906980995,-0.00482137946764416,7.07086684696904
6351.680914703016,-0.013149132739464608,7.071123158897693
6352.8959224250375,-0.01994431732142843,7.0711591606785404
6354.110930147057,-0.026538746641011635,7.0707334809562745
6355.325937869078,-0.02968793310858242,7.071068286895752
6356.540945591099,-0.030341030031820537,7.071068286895752
6357.75595331312,-0.028951196181559613,7.071068286895752
6358.97096103514,-0.034934262764970025,7.071303677764374
6360.185968757161,-0.0437271128145067,7.071175826934173
6361.400976479182,-0.05039062837777308,7.0707247323769
6362.615984201202,-0.05064637306673214,7.07108303669754
6363.830991923223,-0.04424280585734941,7.071440882809674
6365.045999645245,-0.026288218276942832,7.070901823156625
6366.261007367265,-0.007106308447540455,7.070861530922315
6367.476015089285,0.005550737983561094,7.071068286895752
6368.6910228113065,0.00945082755389448,7.0711454492978945
6369.906030533327,0.009915995864820948,7.0714966837949484
6371.121038255347,0.008112706700495131,7.0711392494277545
6372.3360459773685,0.012046229103125583,7.071068286895752
6373.55105369939,0.015548855533096706,7.070855880983952
6374.76606142141,0.019229535862212987,7.070774296667408
6375.98106914343,0.02476999015813175,7.071068286895752
6377.196076865452,0.02955318065548118,7.071068286895752
6378.411084587472,0.028166131525079408,7.0714143873784705
6379.626092309492,0.02650122344344541,7.070956477651417
6380.841100031514,0.024828123267123914,7.070833371334154
6382.056107753535,0.02076625060664994,7.071190461208243
6383.271115475554,0.01216082411502728,7.071404967487991
6384.486123197576,0.0039771505400045815,7.070691184510923
6385.701130919597,0.0051204031187976895,7.0709658138989235
6386.916138641617,0.011246807792269609,7.071068286895752
6388.1311463636375,0.017378997888590764,7.071247432078165
6389.346154085659,0.021542439817958225,7.0713957928152125
6390.561161807679,0.0245999506981045,7.071068286895752
6391.7761695296995,0.02332795776554697,7.071068286895752
6392.991177251721,0.015039822041270856,7.070758132052025
6394.206184973742,0.0030393861997848326,7.070870954331604
6395.421192695762,-0.007085872120683234,7.071068286895752
6396.636200417783,-0.011443641949020478,7.071068286895752
6397.851208139804,-0.007803171298653266,7.071068286895752
6399.066215861824,-0.0029753383233266373,7.071068286895752
6400.281223583845,0.004636179049421374,7.071068286895752
6401.496231305866,0.009271312466089032,7.071068286895752
6402.711239027887,0.009641982433618912,7.071204644139474
6403.9262467499075,0.007088029055394518,7.071439390514996
6405.141254471928,0.003688065743381097,7.071083844081006
6406.356262193949,0.000971701610677389,7.071068286895752
6407.571269915969,-0.0006736460547831502,7.071068286895752
6408.78627763799,-0.0028250045195585827,7.070880500534671
6410.001285360011,-0.006117263319586508,7.070747712179296
6411.216293082032,-0.00915862178378668,7.071103277074048
6412.431300804052,-0.007818065667748675,7.071458414409103
6413.646308526073,-0.0036475443863035473,7.071186169533124
6414.861316248094,0.0010988339319275564,7.071068286895752
6416.076323970115,0.004217137278802241,7.071068286895752
6417.291331692135,0.0035848479817901513,7.071068286895752
6418.506339414156,-0.0013819429494608126,7.071061155169565
6419.7213471361765,-0.005571320605396668,7.070706034497313
6420.936354858197,-0.00623699722961546,7.071206543352052
6422.151362580218,-0.0046185678575059175,7.071083515614268
6423.366370302239,-0.0018335942350864443,7.070898491421369
6424.58137802426,0.00047982520055356304,7.0713918232913615
6425.79638574628,0.0034575915095522713,7.070682627401194
6427.011393468301,0.0054775423726205474,7.071298960743915
6428.226401190322,0.0075925494884740985,7.070991772687714
6429.441408912342,0.008691191891942784,7.070813013848763
6430.656416634363,0.007788189927188105,7.071167430193143
6431.8714243563845,0.0069839866882939194,7.071456447458202
6433.086432078405,0.0006273697508738518,7.070748067583251
6434.301439800425,-0.003369879951931498,7.070934660789099
6435.5164475224465,-0.004745498333194931,7.071288670389032
6436.731455244467,-0.004929679694461342,7.071357180128451
6437.946462966487,-0.005604940516685364,7.071068286895752
6439.161470688508,-0.006021874855120846,7.071068286895752
6440.37647841053,-0.0018621976132062734,7.071068286895752
6441.591486132549,0.003033289863416888,7.071068286895752
6442.80649385457,0.007279455300569948,7.070883605922129
6444.021501576592,0.00833491660535346,7.070742729200919
6445.236509298612,0.004375575523364761,7.071096424940882
6446.451517020632,0.0034946661669290613,7.0714496864752014
6447.666524742654,-0.00014092773221396904,7.070893382263052
6448.881532464674,-0.006735415914149945,7.070861165196766
6450.096540186694,-0.012793020728974813,7.07121445903713
6451.3115479087155,-0.014809434189682502,7.071432187990063
6452.526555630737,-0.011528198863360872,7.071079251669122
6453.741563352757,-0.006579220789100004,7.071068286895752
6454.9565710747775,0.0011735213434567182,7.071068286895752
6456.171578796799,0.009677524408820304,7.071068286895752
6457.386586518819,0.01666354491716948,7.071068286895752
6458.601594240839,0.019728961196490813,7.071041715810931
6459.816601962861,0.013452462427346656,7.070688796049572
6461.031609684882,0.005017391815306915,7.071236594907647
6462.246617406902,0.0022461576679757567,7.071278968454134
6463.461625128923,0.005319562972336378,7.071068286895752
6464.676632850944,0.011447718949222585,7.0710058294223535
6465.891640572964,0.015069740702614798,7.070653234559748
6467.106648294985,0.019532069142604414,7.071307012981209
6468.321656017006,0.022084467560800514,7.071244111351549
6469.536663739027,0.022685985247806073,7.071068286895752
6470.7516714610465,0.02242563376718154,7.070971599069136
6471.966679183068,0.02136614033892914,7.070670133179757
6473.181686905089,0.021314346369366577,7.071374122769474
6474.396694627109,0.020596562197886747,7.071210906798974
6475.61170234913,0.018318134123517904,7.070859004509029
6476.826710071151,0.01572381848797111,7.070894660079902
6478.041717793171,0.012488304399996153,7.071450693479011
6479.256725515192,0.011275344105982077,7.071099216917338
6480.471733237213,0.011899166346830858,7.071068286895752
6481.686740959234,0.011082238903429964,7.071068286895752
6482.9017486812545,0.009467927921529062,7.0709080943983045
6484.116756403275,0.006522521312007701,7.070716054050002
6485.331764125296,0.0001830913002314194,7.071067595055872
6486.546771847316,-0.008993339570469105,7.071418668124127
6487.761779569337,-0.018974734119823422,7.071229970920924
6488.976787291358,-0.030459944229338953,7.071068286895752
6490.191795013379,-0.04009044491873248,7.071068286895752
6491.4068027354,-0.04536850694633854,7.071068286895752
6492.62181045742,-0.04893393064295126,7.071068286895752
6493.836818179441,-0.05454345632442448,7.071068286895752
6495.051825901462,-0.05979584187205611,7.071068286895752
6496.266833623482,-0.06353309501847848,7.071068286895752
6497.481841345503,-0.06564666704233635,7.071068286895752
6498.696849067524,-0.06593775298829163,7.071068286895752
6499.911856789545,-0.060323547347688855,7.071068286895752
6501.126864511565,-0.04926793980364752,7.071068286895752
6502.341872233586,-0.035701486134392724,7.071068286895752
6503.556879955607,-0.02268631490954065,7.070988044220374
6504.771887677627,-0.014113132639534953,7.070637553921468
6505.986895399648,-0.0100118481861593,7.071334143897928
6507.20190312167,-0.004872535697432845,7.071232657778143
6508.416910843689,0.0008189763640744641,7.071068286895752
6509.63191856571,0.006702949425892113,7.071068286895752
6510.846926287732,0.011312973317524122,7.071046195287479
6512.061934009752,0.015629105576237645,7.070696108269933
6513.276941731772,0.017704081312214015,7.071216320845582
6514.4919494537935,0.018489382200641558,7.071291925869537
6515.706957175814,0.017122980294623336,7.071068286895752
6516.921964897834,0.013211917300473885,7.071068286895752
6518.136972619855,0.010721773892534925,7.071068286895752
6519.351980341877,0.009202898873707843,7.071068286895752
6520.566988063897,0.007085701855610527,7.071068286895752
6521.781995785917,0.007360536672834206,7.071068286895752
6522.997003507939,0.011533512847590854,7.071068286895752
6524.212011229959,0.015956316171303442,7.071068286895752
6525.427018951979,0.020014017238371817,7.071068286895752
6526.642026674001,0.023548830989570835,7.071068286895752
6527.857034396022,0.024076061726631126,7.071068286895752
6529.072042118042,0.02097199000197203,7.071068286895752
6530.2870498400625,0.016211747817864053,7.071068286895752
6531.502057562084,0.012789367837344745,7.071068286895752
6532.717065284104,0.01380811202570098,7.070802750387157
6533.9320730061245,0.017451232867107924,7.07100095171526
6535.147080728146,0.02295533775864267,7.071400651153931
6536.362088450167,0.030391370879389035,7.071068286895752
6537.577096172186,0.03936560121598265,7.071068286895752
6538.792103894208,0.0452244652391629,7.071068286895752
6540.007111616229,0.04604250093176643,7.071068286895752
6541.222119338249,0.04292605228487867,7.071068286895752
6542.43712706027,0.04037764309705372,7.071068286895752
6543.652134782291,0.03754171557127761,7.071068286895752
6544.867142504311,0.03199289783381021,7.071068286895752
6546.082150226332,0.027609999946047292,7.071068286895752
6547.297157948353,0.024218127598243155,7.071068286895752
6548.512165670374,0.020348726087039193,7.071068286895752
6549.727173392394,0.01401782533919338,7.071068286895752
6550.942181114415,0.005823693107986028,7.071068286895752
6552.157188836436,-0.006776501157268244,7.071068286895752
6553.372196558456,-0.021642381035027025,7.070928141897713
6554.587204280477,-0.03572116145499393,7.070748120368243
6555.802212002498,-0.0475075425770366,7.0714432507687945
6557.017219724519,-0.05534805788304675,7.071180795967579
6558.23222744654,-0.06094539547629618,7.071068286895752
6559.44723516856,-0.06493810465104422,7.071068286895752
6560.662242890581,-0.06806975115724967,7.071068286895752
6561.8772506126015,-0.07228721801274651,7.071068286895752
6563.092258334622,-0.07877974841780788,7.071068286895752
6564.307266056643,-0.08010792935404965,7.071068286895752
6565.522273778664,-0.07516136073745128,7.071068286895752
6566.737281500684,-0.06458267406305462,7.071068286895752
6567.952289222705,-0.05355036610309849,7.071068286895752
6569.167296944726,-0.048050324756588436,7.071068286895752
6570.382304666747,-0.042664847567071895,7.071068286895752
6571.597312388767,-0.03426498706154302,7.071068286895752
6572.812320110788,-0.023033223196079478,7.071068286895752
6574.027327832809,-0.01403926920532017,7.071068286895752
6575.242335554829,0.005258285067485824,7.071068286895752
6576.45734327685,0.025688381827537743,7.071068286895752
6577.6723509988715,0.042249659799842965,7.071068286895752
6578.887358720892,0.05426657399514179,7.071068286895752
6580.102366442912,0.06395395248283586,7.071068286895752
6581.317374164933,0.07173109430008928,7.071068286895752
6582.532381886954,0.07966769359421111,7.071068286895752
6583.747389608974,0.08349142422962297,7.071068286895752
6584.962397330995,0.0829117488937352,7.071068286895752
6586.177405053017,0.07952574131483292,7.071068286895752
6587.392412775037,0.07197568792920217,7.071068286895752
6588.607420497057,0.05560323251064703,7.07080381059525
6589.822428219079,0.0369564237797706,7.07099291691171
6591.037435941099,0.01999819611653253,7.071407621121696
6592.252443663119,0.010083473539073129,7.071068286895752
6593.4674513851405,0.008575952756862293,7.071068286895752
6594.682459107162,0.009871566224593398,7.071068286895752
6595.897466829181,0.011525705735275116,7.071068286895752
6597.1124745512025,0.012411114341406515,7.071068286895752
6598.327482273224,0.011821382958893789,7.071068286895752
6599.542489995244,0.0045299105736860135,7.071068286895752
6600.757497717264,-0.0006469848659269584,7.071068286895752
6601.972505439286,-0.0006194364010623232,7.071068286895752
6603.187513161306,0.005383739922933284,7.071068286895752
6604.402520883326,0.016005478177593124,7.071068286895752
6605.617528605348,0.01948786650777068,7.071068286895752
6606.832536327369,0.020670977463095097,7.071068286895752
6608.047544049389,0.01738274733575973,7.071068286895752
6609.26255177141,0.009952095486692514,7.071068286895752
6610.477559493431,0.0010096047160990107,7.071068286895752
6611.692567215451,-0.0008619056204925979,7.071068286895752
6612.9075749374715,0.002647909950540317,7.071068286895752
6614.122582659493,0.00984714807748932,7.071068286895752
6615.337590381514,0.01999039258507085,7.071068286895752
6616.552598103534,0.030770601131558717,7.071068286895752
6617.767605825555,0.0356585774224909,7.071068286895752
6618.982613547576,0.037560860380225325,7.071068286895752
6620.197621269596,0.037763354185652576,7.071068286895752
6621.412628991617,0.03668846681219984,7.071068286895752
6622.627636713638,0.03411650811606659,7.071068286895752
6623.842644435659,0.02857308295230898,7.071068286895752
6625.057652157679,0.018978779611872998,7.071068286895752
6626.2726598797,0.011642055862749023,7.071068286895752
6627.487667601721,0.008694086224257713,7.0709970084948734
6628.7026753237415,0.007217035105651748,7.070653073736767
6629.917683045762,0.0056345410171798616,7.071290027710629
6631.132690767783,0.006717902914560092,7.071261243906359
6632.347698489803,0.005297211787090639,7.070917715384604
6633.562706211824,-0.00144539744357286,7.070760683679477
6634.777713933845,-0.010040153461312373,7.071447540671658
6635.992721655866,-0.01100239023898042,7.0711827861622325
6637.207729377887,-0.0058092639336546625,7.071068286895752
6638.422737099907,0.0014300202978798637,7.071068286895752
6639.637744821928,0.008848679900273826,7.071068286895752
6640.852752543949,0.013783740601541083,7.071068286895752
6642.067760265969,0.01817602229871107,7.071068286895752
6643.28276798799,0.017679356611008945,7.071068286895752
6644.497775710011,0.013252561987152411,7.071068286895752
6645.712783432032,0.006639842835160836,7.071028840947706
6646.927791154052,0.001069151157077064,7.07068585519728
6648.142798876073,0.0002462119629704773,7.0712226195273065
6649.357806598094,0.000782604601686776,7.071295869155612
6650.572814320114,0.0,7.071068286895752
6651.787822042135,-0.002739676140878222,7.071042590740376
6653.002829764157,-0.0034622832297634965,7.070699920743593
6654.217837486176,-0.001847605096568783,7.071193879419157
6655.432845208197,0.0007785598175560349,7.071310543228136
6656.6478529302185,0.0029200113436040898,7.071068286895752
6657.862860652239,0.0035183732251287125,7.071068286895752
6659.077868374259,-0.006182003176165463,7.071068286895752
6660.29287609628,-0.013089618817836657,7.071068286895752
6661.507883818301,-0.01831176467463358,7.071068286895752
6662.722891540321,-0.02061330203878642,7.070984886560795
6663.937899262342,-0.016652888222008277,7.0706427684336015
6665.152906984364,0.0005761152902949984,7.071306991779182
6666.367914706384,0.012040108246960779,7.071254582297791
6667.582922428404,0.014920163553977073,7.071068286895752
6668.797930150426,0.008388041992126283,7.071068286895752
6670.012937872446,-0.006414091468016414,7.071068286895752
6671.227945594466,-0.01301136503696898,7.071068286895752
6672.442953316488,-0.009256963965573517,7.071068286895752
6673.657961038509,-0.00029628387384050825,7.071068286895752
6674.872968760529,0.008583504921090723,7.071068286895752
6676.0879764825495,0.014301552823881902,7.071068286895752
6677.302984204571,0.011006870867006135,7.070771797686978
6678.517991926591,0.004432334522478376,7.071047719694816
6679.732999648611,-0.0035012299370811295,7.0713848240611785
6680.948007370633,-0.010952519772080782,7.071068286895752
6682.163015092654,-0.01530107781043566,7.071068286895752
6683.378022814673,-0.013657696175919387,7.070793656181253
6684.593030536695,-0.009057426360183252,7.071003408777766
6685.808038258716,-0.0023429140766459966,7.071407275999302
6687.023045980736,0.006496424669102829,7.071068286895752
6688.238053702757,0.00912211460111112,7.071068286895752
6689.453061424778,0.004713470537985431,7.071068286895752
6690.668069146798,-0.0013881913111182254,7.071068286895752
6691.8830768688185,-0.007004197896345543,7.071068286895752
6693.09808459084,-0.017705959614535027,7.071068286895752
6694.313092312861,-0.021465667739166916,7.071068286895752
6695.528100034881,-0.020266239499892924,7.071068286895752
6696.743107756902,-0.015570441381446809,7.070933597768885
6697.958115478923,-0.009979533975633226,7.070722333321624
6699.173123200943,-0.011329228047511686,7.071402579885088
6700.388130922964,-0.013978408335666659,7.071208551598213
6701.603138644985,-0.010994362349896925,7.071068286895752
6702.818146367006,-0.006272599942215518,7.071068286895752
6704.0331540890265,-0.0063526633881136885,7.071068286895752
6705.248161811047,-0.009800527325926067,7.071068286895752
6706.463169533068,-0.00905196420285903,7.0708044264157675
6707.6781772550885,-0.00772222710345094,7.070979534869904
6708.893184977109,-0.0062816738901601,7.071420377837371
6710.10819269913,-0.0026726348549410694,7.071080989830998
6711.323200421151,-0.0022033323036811936,7.071068286895752
6712.538208143171,-0.0008679508080207121,7.071068286895752
6713.753215865192,-0.0025791756726363246,7.071068286895752
6714.968223587213,-0.009773275344590715,7.071068286895752
6716.183231309234,-0.020034004620417933,7.071068286895752
6717.398239031254,-0.016868835337933152,7.071068286895752
6718.613246753275,-0.014240172656759365,7.071068286895752
6719.828254475296,-0.012468522739172982,7.071068286895752
6721.043262197316,-0.009289818590495491,7.071050058429609
6722.258269919337,-0.006553397469177602,7.070710920694597
6723.473277641358,-0.004825551907141623,7.071164837721369
6724.688285363379,0.0009187408272910425,7.071328579456164
6725.903293085399,0.009793969475001552,7.071068286895752
6727.11830080742,0.013226957694542074,7.071068286895752
6728.333308529441,0.013617072872762037,7.071068286895752
6729.548316251461,0.011853858910256365,7.071068286895752
6730.763323973482,0.009371310871428395,7.070930726262199
6731.978331695504,0.00784269154873729,7.070680477944846
6733.193339417524,0.010501625609456333,7.071019069498872
6734.408347139544,0.015075730453530056,7.071357275106226
6735.6233548615655,0.019200478591746117,7.071108517419272
6736.838362583586,0.019777204000587467,7.070738431691983
6738.053370305606,0.01350946177308554,7.071076778097709
6739.2683780276275,0.002452519035457623,7.071414684566021
6740.483385749649,-0.010104650940020443,7.071247116208017
6741.698393471668,-0.020249695089534336,7.071068286895752
6742.913401193689,-0.02555224684064017,7.071068286895752
6744.128408915711,-0.023596208896566218,7.071068286895752
6745.343416637731,-0.0218072172812529,7.071068286895752
6746.558424359751,-0.01977259619712557,7.070853142639435
6747.773432081773,-0.019972385725698594,7.070878123968662
6748.988439803793,-0.024738271001261358,7.071473069358027
6750.203447525813,-0.028081863265154494,7.07113570708777
6751.418455247835,-0.030114072096174782,7.071068286895752
6752.633462969856,-0.03138047769899077,7.071068286895752
6753.848470691876,-0.030505582281427968,7.071068286895752
6755.0634784138965,-0.02409180176293657,7.071068286895752
6756.278486135918,-0.01576972982378777,7.071068286895752
6757.493493857938,-0.012293138433914663,7.070838688740122
6758.7085015799585,-0.010020835914135828,7.07090592166798
6759.92350930198,-0.005728416188701679,7.071459724702856
6761.138517024001,0.002840671189346944,7.071122905754238
6762.353524746021,0.01117164661213943,7.071068286895752
6763.568532468042,0.016697169746118234,7.071068286895752
6764.783540190063,0.017638038030558967,7.070975784064796
6765.998547912083,0.012950326211532026,7.0706388257817325
6767.213555634104,0.006188544183143074,7.07130455929826
6768.428563356125,0.00728678822467721,7.07126094936277
6769.643571078146,0.011390236837034884,7.071068286895752
6770.858578800166,0.01473950214325992,7.071068286895752
6772.073586522187,0.016787741366729003,7.071068286895752
6773.288594244208,0.012015927479372968,7.071068286895752
6774.503601966228,0.005449576372078102,7.071068286895752
6775.718609688249,-0.0017500311798854806,7.071068286895752
6776.93361741027,-0.009577375055824566,7.071068286895752
6778.14862513229,-0.012377200040190717,7.071068286895752
6779.363632854311,-0.008347046632556587,7.071068286895752
6780.578640576332,-0.00348174633354148,7.071068286895752
6781.793648298353,-0.0029025949738825663,7.071068286895752
6783.008656020374,-0.010017484995098469,7.071068286895752
6784.223663742394,-0.01063206700031638,7.070776004935081
6785.438671464415,-0.005006860833109528,7.071028557472155
6786.6536791864355,0.003998088395011257,7.0713997706241205
6787.868686908456,0.011818586326313385,7.071068286895752
6789.083694630477,0.006642392418375831,7.071068286895752
6790.298702352498,0.000648577066762801,7.071068286895752
6791.513710074519,-0.005418648397199632,7.071068286895752
6792.728717796539,-0.011127871455384852,7.071068286895752
6793.94372551856,-0.013963219488820178,7.071068286895752
6795.158733240581,-0.011237699174544202,7.071068286895752
6796.373740962601,-0.0076706275421625225,7.071068286895752
6797.588748684622,-0.006152382618630048,7.071068286895752
6798.803756406643,-0.009276930695160557,7.071068286895752
