wave,flux,uncertainty
2979.29392115,-0.25145673751831055,0.0
2980.260107725165,-1.7905216217041016,0.0
2981.22629430033,-2.635024070739746,0.0
2982.192480875495,-4.351570129394531,0.0
2983.1586674506602,-2.9627890586853027,0.0
2984.1248540258252,3.0785398483276367,0.0
2985.0910406009903,-3.8480019569396973,0.0
2986.0572271761553,-7.519184112548828,0.0
2987.0234137513203,-2.6725974082946777,0.0
2987.9896003264853,-4.754372596740723,0.0
2988.9557869016503,-1.367243766784668,0.0
2989.9219734768153,3.1348438262939453,0.0
2990.8881600519803,-2.6842164993286133,0.0
2991.8543466271453,4.383686065673828,0.0
2992.8205332023103,0.13659381866455078,0.0
2993.7867197774754,1.5097923278808594,0.0
2994.7529063526404,4.6644487380981445,0.0
2995.7190929278054,-3.634553909301758,0.0
2996.6852795029704,-2.975261688232422,0.0
2997.6514660781354,-2.3877201080322266,0.0
2998.6176526533004,0.10691165924072266,0.0
2999.583839228465,1.3569049835205078,0.0
3000.55002580363,-3.6478099822998047,0.0
3001.516212378795,-3.703174591064453,0.0
3002.48239895396,-3.9406204223632812,0.0
3003.448585529125,-9.848384857177734,0.0
3004.41477210429,-8.959612846374512,0.0
3005.380958679455,-0.208251953125,0.0
3006.34714525462,-1.2270565032958984,0.0
3007.313331829785,0.0,0.0
3008.27951840495,-3.4211645126342773,0.0
3009.245704980115,-3.447509765625,0.0
3010.21189155528,2.5187644958496094,0.0
3011.178078130445,3.3291664123535156,0.0
3012.14426470561,-1.509230613708496,0.0
3013.110451280775,-4.94219970703125,0.0
3014.07663785594,-0.60211181640625,0.0
3015.042824431105,0.0,0.0
3016.00901100627,5.359857559204102,0.0
3016.975197581435,0.5148334503173828,0.0
3017.9413841566,-2.3001441955566406,0.0
3018.907570731765,-6.440069198608398,0.0
3019.87375730693,-4.383686065673828,0.0
3020.839943882095,-1.1844253540039062,0.0
3021.80613045726,-6.012027740478516,0.0
3022.7723170324252,3.6099510192871094,0.0
3023.7385036075902,3.043588638305664,0.0
3024.7046901827553,-0.3545207977294922,0.0
3025.6708767579203,0.2690773010253906,0.0
3026.6370633330853,2.7956275939941406,0.0
3027.6032499082503,5.211992263793945,0.0
3028.5694364834153,2.651233673095703,0.0
3029.5356230585803,7.245632171630859,0.0
3030.5018096337453,3.744810104370117,0.0
3031.4679962089103,1.2876358032226562,0.0
3032.4341827840753,4.231773376464844,0.0
3033.4003693592404,6.043027877807617,0.0
3034.3665559344054,4.340810775756836,0.0
3035.3327425095704,0.3945503234863281,0.0
3036.2989290847354,-3.951709747314453,0.0
3037.2651156599004,0.07463645935058594,0.0
3038.2313022350654,2.7463951110839844,0.0
3039.19748881023,2.8011436462402344,0.0
3040.163675385395,-5.178943634033203,0.0
3041.12986196056,-2.9068965911865234,0.0
3042.096048535725,1.54571533203125,0.0
3043.06223511089,0.3191337585449219,0.0
3044.028421686055,5.985803604125977,0.0
3044.99460826122,9.810810089111328,0.0
3045.960794836385,6.521501541137695,0.0
3046.92698141155,4.525442123413086,0.0
3047.893167986715,6.58160400390625,0.0
3048.85935456188,-2.094411849975586,0.0
3049.825541137045,-1.3594341278076172,0.0
3050.79172771221,3.754840850830078,0.0
3051.757914287375,0.4058990478515625,0.0
3052.72410086254,3.7524070739746094,0.0
3053.690287437705,1.9591083526611328,0.0
3054.65647401287,-0.8419189453125,0.0
3055.622660588035,1.6880855560302734,0.0
3056.5888471632,-4.121965408325195,0.0
3057.555033738365,-9.14022445678711,0.0
3058.52122031353,-11.340078353881836,0.0
3059.487406888695,-6.501171112060547,0.0
3060.45359346386,-0.2160205841064453,0.0
3061.419780039025,-5.340490341186523,0.0
3062.3859666141902,-7.711294174194336,0.0
3063.3521531893552,-3.631732940673828,0.0
3064.3183397645203,3.3660354614257812,0.0
3065.2845263396853,0.7746467590332031,0.0
3066.2507129148503,-2.0357093811035156,0.0
3067.2168994900153,-4.264780044555664,0.0
3068.1830860651803,-5.166065216064453,0.0
3069.1492726403453,2.5530223846435547,0.0
3070.1154592155103,4.782936096191406,0.0
3071.0816457906753,-7.015180587768555,0.0
3072.0478323658403,6.148820877075195,0.0
3073.0140189410054,0.8701972961425781,0.0
3073.9802055161704,-4.3014678955078125,0.0
3074.9463920913354,1.0359916687011719,0.0
3075.9125786665004,5.006023406982422,0.0
3076.878765241665,1.169097900390625,0.0
3077.84495181683,2.627025604248047,0.0
3078.811138391995,0.9947395324707031,0.0
3079.77732496716,-0.32239341735839844,0.0
3080.743511542325,2.1732215881347656,0.0
3081.70969811749,-2.547210693359375,0.0
3082.675884692655,4.723369598388672,0.0
3083.64207126782,4.174427032470703,0.0
3084.608257842985,2.358600616455078,0.0
3085.57444441815,-2.502248764038086,0.0
3086.540630993315,-3.3840713500976562,0.0
3087.50681756848,5.631412506103516,0.0
3088.473004143645,0.33020782470703125,0.0
3089.43919071881,-3.6347599029541016,0.0
3090.405377293975,-7.531023025512695,0.0
3091.37156386914,-2.175006866455078,0.0
3092.337750444305,-3.972452163696289,0.0
3093.30393701947,-0.2768669128417969,0.0
3094.270123594635,-4.3481597900390625,0.0
3095.2363101698,-2.1732215881347656,0.0
3096.202496744965,-3.0468387603759766,0.0
3097.16868332013,5.285469055175781,0.0
3098.134869895295,-4.540290832519531,0.0
3099.10105647046,-5.565217971801758,0.0
3100.067243045625,-6.150840759277344,0.0
3101.0334296207902,-3.4873924255371094,0.0
3101.9996161959552,-3.3077964782714844,0.0
3102.9658027711203,-2.9601173400878906,0.0
3103.9319893462853,-4.4212188720703125,0.0
3104.8981759214503,3.6802940368652344,0.0
3105.8643624966153,-2.3337745666503906,0.0
3106.8305490717803,5.51422119140625,0.0
3107.7967356469453,7.098751068115234,0.0
3108.7629222221103,8.532421112060547,0.0
3109.7291087972753,2.4256324768066406,0.0
3110.6952953724403,8.461448669433594,0.0
3111.6614819476054,11.139328002929688,0.0
3112.6276685227704,9.328533172607422,0.0
3113.5938550979354,3.7948226928710938,0.0
3114.5600416731004,3.285480499267578,0.0
3115.5262282482654,2.7907981872558594,0.0
3116.4924148234304,-3.345447540283203,0.0
3117.4586013985954,-2.942413330078125,0.0
3118.42478797376,-2.6899375915527344,0.0
3119.390974548925,-1.1383819580078125,0.0
3120.35716112409,0.9462051391601562,0.0
3121.323347699255,-2.912578582763672,0.0
3122.28953427442,-7.321323394775391,0.0
3123.255720849585,-3.598339080810547,0.0
3124.22190742475,4.392726898193359,0.0
3125.188093999915,0.37264251708984375,0.0
3126.15428057508,0.8300399780273438,0.0
3127.120467150245,-2.2367515563964844,0.0
3128.08665372541,7.943058013916016,0.0
3129.052840300575,-6.9657745361328125,0.0
3130.01902687574,-2.2406883239746094,0.0
3130.985213450905,2.6817703247070312,0.0
3131.95140002607,1.7288093566894531,0.0
3132.917586601235,5.6029815673828125,0.0
3133.8837731764,1.2019119262695312,0.0
3134.849959751565,4.08209228515625,0.0
3135.81614632673,0.6133651733398438,0.0
3136.782332901895,-0.5416221618652344,0.0
3137.74851947706,9.74624252319336,0.0
3138.714706052225,6.680210113525391,0.0
3139.68089262739,8.067058563232422,0.0
3140.6470792025552,6.521722793579102,0.0
3141.6132657777202,6.562541961669922,0.0
3142.5794523528853,-2.2327041625976562,0.0
3143.5456389280503,6.254138946533203,0.0
3144.5118255032153,-3.8368606567382812,0.0
3145.4780120783803,-0.052951812744140625,0.0
3146.4441986535453,-7.529487609863281,0.0
3147.4103852287103,-6.546535491943359,0.0
3148.3765718038753,-6.216194152832031,0.0
3149.3427583790403,-2.5148773193359375,0.0
3150.3089449542053,-4.708808898925781,0.0
3151.2751315293704,-1.1602325439453125,0.0
3152.2413181045354,8.71963882446289,0.0
3153.2075046797004,7.112781524658203,0.0
3154.1736912548654,3.7034454345703125,0.0
3155.13987783003,-6.44097900390625,0.0
3156.106064405195,-0.9657859802246094,0.0
3157.07225098036,-2.975688934326172,0.0
3158.038437555525,-8.331001281738281,0.0
3159.00462413069,-8.228023529052734,0.0
3159.970810705855,-8.439884185791016,0.0
3160.93699728102,-2.4230079650878906,0.0
3161.903183856185,1.7640571594238281,0.0
3162.86937043135,-2.1531639099121094,0.0
3163.835557006515,-6.680210113525391,0.0
3164.80174358168,-10.153251647949219,0.0
3165.767930156845,-2.536712646484375,0.0
3166.73411673201,-7.817176818847656,0.0
3167.700303307175,-3.063373565673828,0.0
3168.66648988234,5.306171417236328,0.0
3169.632676457505,2.45458984375,0.0
3170.59886303267,4.7758026123046875,0.0
3171.565049607835,14.240325927734375,0.0
3172.531236183,13.719894409179688,0.0
3173.497422758165,11.769641876220703,0.0
3174.46360933333,5.665317535400391,0.0
3175.429795908495,3.2181434631347656,0.0
3176.39598248366,9.807247161865234,0.0
3177.362169058825,5.17327880859375,0.0
3178.32835563399,-1.1087188720703125,0.0
3179.294542209155,-5.796977996826172,0.0
3180.2607287843202,3.1673965454101562,0.0
3181.2269153594852,-1.5175895690917969,0.0
3182.1931019346503,-7.753379821777344,0.0
3183.1592885098153,4.481189727783203,0.0
3184.1254750849803,-5.378818511962891,0.0
3185.0916616601453,-8.716758728027344,0.0
3186.0578482353103,-2.537067413330078,0.0
3187.0240348104753,-0.056182861328125,0.0
3187.9902213856403,-3.0338783264160156,0.0
3188.9564079608053,2.4186630249023438,0.0
3189.9225945359703,-1.2876472473144531,0.0
3190.8887811111354,7.0110015869140625,0.0
3191.8549676863004,4.834911346435547,0.0
3192.8211542614654,-1.522186279296875,0.0
3193.7873408366304,-8.568164825439453,0.0
3194.7535274117954,-5.876621246337891,0.0
3195.7197139869604,-2.960163116455078,0.0
3196.685900562125,0.26863861083984375,0.0
3197.65208713729,2.840259552001953,0.0
3198.618273712455,8.394824981689453,0.0
3199.58446028762,4.591846466064453,0.0
3200.550646862785,10.160594940185547,0.0
3201.51683343795,9.61306381225586,0.0
3202.483020013115,1.9887275695800781,0.0
3203.44920658828,12.428054809570312,0.0
3204.415393163445,2.8838119506835938,0.0
3205.38157973861,16.887229919433594,0.0
3206.347766313775,14.545257568359375,0.0
3207.31395288894,10.573326110839844,0.0
3208.280139464105,-5.859714508056641,0.0
3209.24632603927,1.6817512512207031,0.0
3210.212512614435,-6.482519149780273,0.0
3211.1786991896,-5.100996017456055,0.0
3212.144885764765,-1.272857666015625,0.0
3213.11107233993,-3.507904052734375,0.0
3214.077258915095,1.7444915771484375,0.0
3215.04344549026,2.68914794921875,0.0
3216.009632065425,-0.07189178466796875,0.0
3216.97581864059,3.1884613037109375,0.0
3217.942005215755,-3.8766441345214844,0.0
3218.9081917909202,-6.245082855224609,0.0
3219.8743783660852,0.8322525024414062,0.0
3220.8405649412502,6.014549255371094,0.0
3221.8067515164153,0.8873863220214844,0.0
3222.7729380915803,2.7461471557617188,0.0
3223.7391246667453,-0.233489990234375,0.0
3224.7053112419103,0.1234130859375,0.0
3225.6714978170753,3.20440673828125,0.0
3226.6376843922403,-9.495841979980469,0.0
3227.6038709674053,-8.468437194824219,0.0
3228.5700575425703,-7.151027679443359,0.0
3229.5362441177354,-10.639373779296875,0.0
3230.5024306929004,-13.413497924804688,0.0
3231.4686172680654,-15.04428482055664,0.0
3232.4348038432304,-9.297370910644531,0.0
3233.400990418395,-14.849903106689453,0.0
3234.36717699356,-11.566455841064453,0.0
3235.333363568725,-5.794895172119141,0.0
3236.29955014389,-0.8514328002929688,0.0
3237.265736719055,-4.900184631347656,0.0
3238.23192329422,-4.3093109130859375,0.0
3239.198109869385,-8.808345794677734,0.0
3240.16429644455,-4.064903259277344,0.0
3241.130483019715,0.0,0.0
3242.09666959488,15.064384460449219,0.0
3243.062856170045,7.660408020019531,0.0
3244.02904274521,-2.8445663452148438,0.0
3244.995229320375,0.0,0.0
3245.96141589554,6.319496154785156,0.0
3246.927602470705,-4.2214813232421875,0.0
3247.89378904587,7.959770202636719,0.0
3248.859975621035,-3.06646728515625,0.0
3249.8261621962,-4.760398864746094,0.0
3250.792348771365,-5.888298034667969,0.0
3251.75853534653,-8.091606140136719,0.0
3252.724721921695,-3.5137786865234375,0.0
3253.69090849686,-6.948905944824219,0.0
3254.657095072025,-0.8343658447265625,0.0
3255.62328164719,5.327384948730469,0.0
3256.589468222355,4.572715759277344,0.0
3257.55565479752,6.7247161865234375,0.0
3258.5218413726852,16.78668212890625,0.0
3259.4880279478502,-0.1542205810546875,0.0
3260.4542145230153,-1.3238143920898438,0.0
3261.4204010981803,9.989051818847656,0.0
3262.3865876733453,2.2238082885742188,0.0
3263.3527742485103,3.1921615600585938,0.0
3264.3189608236753,6.209999084472656,0.0
3265.2851473988403,9.694129943847656,0.0
3266.2513339740053,5.4572601318359375,0.0
3267.2175205491703,6.585868835449219,0.0
3268.1837071243353,3.6256027221679688,0.0
3269.1498936995004,3.6271286010742188,0.0
3270.1160802746654,9.475250244140625,0.0
3271.0822668498304,4.662132263183594,0.0
3272.0484534249954,1.052276611328125,0.0
3273.0146400001604,-9.089088439941406,0.0
3273.9808265753254,-0.6914825439453125,0.0
3274.9470131504904,-0.0267486572265625,0.0
3275.913199725655,-10.160926818847656,0.0
3276.87938630082,-7.242958068847656,0.0
3277.845572875985,-4.366981506347656,0.0
3278.81175945115,7.164512634277344,0.0
3279.777946026315,-0.19972991943359375,0.0
3280.74413260148,-5.73406982421875,0.0
3281.710319176645,-2.4128646850585938,0.0
3282.67650575181,0.00839996337890625,0.0
3283.642692326975,-10.113922119140625,0.0
3284.60887890214,-6.667366027832031,0.0
3285.575065477305,-10.034004211425781,0.0
3286.54125205247,-7.03509521484375,0.0
3287.507438627635,-3.9008636474609375,0.0
3288.4736252028,-4.236427307128906,0.0
3289.439811777965,2.2073516845703125,0.0
3290.40599835313,7.898078918457031,0.0
3291.372184928295,-1.2753067016601562,0.0
3292.33837150346,11.573478698730469,0.0
3293.304558078625,5.074958801269531,0.0
3294.27074465379,15.269859313964844,0.0
3295.236931228955,9.060813903808594,0.0
3296.20311780412,15.217720031738281,0.0
3297.169304379285,16.40294647216797,0.0
3298.1354909544502,16.099655151367188,0.0
3299.1016775296152,16.369178771972656,0.0
3300.0678641047803,10.50689697265625,0.0
3301.0340506799453,20.867156982421875,0.0
3302.0002372551103,11.096267700195312,0.0
3302.9664238302753,-2.0898513793945312,0.0
3303.9326104054403,-0.7497100830078125,0.0
3304.8987969806053,1.1063995361328125,0.0
3305.8649835557703,-1.99072265625,0.0
3306.8311701309353,-3.6720809936523438,0.0
3307.7973567061003,-2.9594573974609375,0.0
3308.7635432812654,3.1298751831054688,0.0
3309.7297298564304,-1.5772705078125,0.0
3310.695916431595,0.64288330078125,0.0
3311.66210300676,5.010307312011719,0.0
3312.628289581925,1.5177230834960938,0.0
3313.59447615709,-0.5610275268554688,0.0
3314.560662732255,2.5378494262695312,0.0
3315.52684930742,-1.8839797973632812,0.0
3316.493035882585,-3.2530746459960938,0.0
3317.45922245775,-0.76300048828125,0.0
3318.425409032915,2.0047531127929688,0.0
3319.39159560808,6.1823272705078125,0.0
3320.357782183245,9.994110107421875,0.0
3321.32396875841,-1.0523452758789062,0.0
3322.290155333575,-3.1891708374023438,0.0
3323.25634190874,-12.951766967773438,0.0
3324.222528483905,-11.307533264160156,0.0
3325.18871505907,-10.730422973632812,0.0
3326.154901634235,-3.948211669921875,0.0
3327.1210882094,-1.86993408203125,0.0
3328.087274784565,-6.550590515136719,0.0
3329.05346135973,0.0,0.0
3330.019647934895,5.413444519042969,0.0
3330.98583451006,9.358558654785156,0.0
3331.952021085225,-2.9326324462890625,0.0
3332.91820766039,1.7808914184570312,0.0
3333.884394235555,5.928535461425781,0.0
3334.85058081072,-4.162994384765625,0.0
3335.816767385885,-9.002983093261719,0.0
3336.78295396105,-6.1443023681640625,0.0
3337.7491405362152,-1.7809295654296875,0.0
3338.7153271113802,-3.0788421630859375,0.0
3339.6815136865453,0.0,0.0
3340.6477002617103,7.537208557128906,0.0
3341.6138868368753,11.490303039550781,0.0
3342.5800734120403,5.23016357421875,0.0
3343.5462599872053,3.7125015258789062,0.0
3344.5124465623703,11.509429931640625,0.0
3345.4786331375353,6.068992614746094,0.0
3346.4448197127003,2.2699203491210938,0.0
3347.4110062878653,-1.208587646484375,0.0
3348.3771928630304,0.7852630615234375,0.0
3349.3433794381954,5.3499298095703125,0.0
3350.3095660133604,5.815582275390625,0.0
3351.2757525885254,1.2511672973632812,0.0
3352.2419391636904,9.625221252441406,0.0
3353.2081257388554,15.462593078613281,0.0
3354.17431231402,7.79913330078125,0.0
3355.140498889185,3.5233230590820312,0.0
3356.10668546435,5.228935241699219,0.0
3357.072872039515,9.03668212890625,0.0
3358.03905861468,1.3917312622070312,0.0
3359.005245189845,-5.761238098144531,0.0
3359.97143176501,-17.64159393310547,0.0
3360.937618340175,-22.067520141601562,0.0
3361.90380491534,-19.738800048828125,0.0
3362.869991490505,-10.162704467773438,0.0
3363.83617806567,-9.021202087402344,0.0
3364.802364640835,-4.861415863037109,0.0
3365.768551216,-10.81304931640625,0.0
3366.734737791165,-15.325031280517578,0.0
3367.70092436633,-3.5233230590820312,0.0
3368.667110941495,-5.76910400390625,0.0
3369.63329751666,-15.629341125488281,0.0
3370.599484091825,-13.038383483886719,0.0
3371.56567066699,-16.700218200683594,0.0
3372.531857242155,-21.25061798095703,0.0
3373.49804381732,-13.763412475585938,0.0
3374.464230392485,-9.116996765136719,0.0
3375.43041696765,-4.87518310546875,0.0
3376.3966035428152,0.0,0.0
3377.3627901179802,0.6483383178710938,0.0
3378.3289766931453,-1.2245330810546875,0.0
3379.2951632683103,0.0,0.0
3380.2613498434753,-8.651725769042969,0.0
3381.2275364186403,-10.351829528808594,0.0
3382.1937229938053,-2.0461807250976562,0.0
3383.1599095689703,4.194267272949219,0.0
3384.1260961441353,1.6636810302734375,0.0
3385.0922827193003,-3.910614013671875,0.0
3386.0584692944653,-6.8525238037109375,0.0
3387.0246558696304,3.7854385375976562,0.0
3387.9908424447954,1.9571914672851562,0.0
3388.95702901996,4.0413055419921875,0.0
3389.923215595125,0.19060516357421875,0.0
3390.88940217029,0.9420318603515625,0.0
3391.855588745455,0.0535430908203125,0.0
3392.82177532062,-4.224510192871094,0.0
3393.787961895785,-2.9532241821289062,0.0
3394.75414847095,3.7649688720703125,0.0
3395.720335046115,3.500152587890625,0.0
3396.68652162128,5.246795654296875,0.0
3397.652708196445,3.8151626586914062,0.0
3398.61889477161,17.086830139160156,0.0
3399.585081346775,20.103607177734375,0.0
3400.55126792194,26.09429168701172,0.0
3401.517454497105,18.45636749267578,0.0
3402.48364107227,14.390670776367188,0.0
3403.449827647435,19.271926879882812,0.0
3404.4160142226,7.114143371582031,0.0
3405.382200797765,0.03897857666015625,0.0
3406.34838737293,4.362586975097656,0.0
3407.314573948095,5.297111511230469,0.0
3408.28076052326,2.582489013671875,0.0
3409.246947098425,1.2565689086914062,0.0
3410.21313367359,-3.0680465698242188,0.0
3411.179320248755,6.351188659667969,0.0
3412.14550682392,-9.977714538574219,0.0
3413.111693399085,-11.736946105957031,0.0
3414.07787997425,-11.899383544921875,0.0
3415.044066549415,-1.4009552001953125,0.0
3416.0102531245802,-4.5861968994140625,0.0
3416.9764396997452,-0.6374740600585938,0.0
3417.9426262749103,-2.582489013671875,0.0
3418.9088128500753,-2.8892745971679688,0.0
3419.8749994252403,4.2226409912109375,0.0
3420.8411860004053,14.698440551757812,0.0
3421.8073725755703,7.4114227294921875,0.0
3422.7735591507353,13.60052490234375,0.0
3423.7397457259003,5.532257080078125,0.0
3424.7059323010653,5.4771575927734375,0.0
3425.6721188762303,-0.86639404296875,0.0
3426.6383054513954,5.9090118408203125,0.0
3427.6044920265604,11.31207275390625,0.0
3428.5706786017254,9.565536499023438,0.0
3429.5368651768904,12.144561767578125,0.0
3430.5030517520554,17.275772094726562,0.0
3431.4692383272204,17.633544921875,0.0
3432.435424902385,12.99298095703125,0.0
3433.40161147755,15.458267211914062,0.0
3434.367798052715,6.2190704345703125,0.0
3435.33398462788,1.0124664306640625,0.0
3436.300171203045,4.2596282958984375,0.0
3437.26635777821,0.5355224609375,0.0
3438.232544353375,-3.7793731689453125,0.0
3439.19873092854,-11.529052734375,0.0
3440.164917503705,-18.431686401367188,0.0
3441.13110407887,-15.140945434570312,0.0
3442.097290654035,-26.036293029785156,0.0
3443.0634772292,-28.194717407226562,0.0
3444.029663804365,-31.83740234375,0.0
3444.99585037953,-25.46013641357422,0.0
3445.962036954695,-35.264556884765625,0.0
3446.92822352986,-13.275627136230469,0.0
3447.894410105025,1.193145751953125,0.0
3448.86059668019,2.7099151611328125,0.0
3449.826783255355,5.490745544433594,0.0
3450.79296983052,11.095458984375,0.0
3451.759156405685,-6.2241058349609375,0.0
3452.72534298085,1.2721328735351562,0.0
3453.691529556015,-6.18035888671875,0.0
3454.65771613118,0.75677490234375,0.0
3455.6239027063452,-4.6107635498046875,0.0
3456.5900892815102,-7.122367858886719,0.0
3457.5562758566753,0.3638153076171875,0.0
3458.5224624318403,5.8007049560546875,0.0
3459.4886490070053,-1.728668212890625,0.0
3460.4548355821703,-7.6480712890625,0.0
3461.4210221573353,-12.052040100097656,0.0
3462.3872087325003,-16.016983032226562,0.0
3463.3533953076653,-10.533737182617188,0.0
3464.3195818828303,3.3072967529296875,0.0
3465.2857684579953,1.9083709716796875,0.0
3466.2519550331604,-1.2212982177734375,0.0
3467.218141608325,2.0223388671875,0.0
3468.18432818349,2.712554931640625,0.0
3469.150514758655,6.4150390625,0.0
3470.11670133382,14.138153076171875,0.0
3471.082887908985,12.313079833984375,0.0
3472.04907448415,0.8515777587890625,0.0
3473.015261059315,-1.07421875,0.0
3473.98144763448,-9.752029418945312,0.0
3474.947634209645,-9.267524719238281,0.0
3475.91382078481,-12.684234619140625,0.0
3476.880007359975,-14.257095336914062,0.0
3477.84619393514,-7.53692626953125,0.0
3478.812380510305,-12.614830017089844,0.0
3479.77856708547,-4.942054748535156,0.0
3480.744753660635,1.3186187744140625,0.0
3481.7109402358,9.498641967773438,0.0
3482.677126810965,5.5622100830078125,0.0
3483.64331338613,-3.725494384765625,0.0
3484.609499961295,3.964599609375,0.0
3485.57568653646,-3.1054840087890625,0.0
3486.541873111625,6.8475799560546875,0.0
3487.50805968679,-0.5672607421875,0.0
3488.474246261955,-4.4053802490234375,0.0
3489.44043283712,-1.9243621826171875,0.0
3490.406619412285,-3.0290985107421875,0.0
3491.37280598745,2.777191162109375,0.0
3492.338992562615,-12.433090209960938,0.0
3493.30517913778,-7.668243408203125,0.0
3494.271365712945,1.8549652099609375,0.0
3495.2375522881102,-11.172103881835938,0.0
3496.2037388632752,-3.507476806640625,0.0
3497.1699254384403,-3.8638916015625,0.0
3498.1361120136053,1.38116455078125,0.0
3499.1022985887703,5.99072265625,0.0
3500.0684851639353,3.9787445068359375,0.0
3501.0346717391003,14.021591186523438,0.0
3502.0008583142653,21.509201049804688,0.0
3502.9670448894303,15.502899169921875,0.0
3503.9332314645953,26.517852783203125,0.0
3504.8994180397603,23.068038940429688,0.0
3505.8656046149254,7.22442626953125,0.0
3506.8317911900904,20.242050170898438,0.0
3507.7979777652554,19.308822631835938,0.0
3508.7641643404204,5.447784423828125,0.0
3509.7303509155854,11.8128662109375,0.0
3510.6965374907504,9.545303344726562,0.0
3511.6627240659154,-6.99444580078125,0.0
3512.6289106410804,-4.2197723388671875,0.0
3513.595097216245,-16.307174682617188,0.0
3514.56128379141,-9.73992919921875,0.0
3515.527470366575,0.1075592041015625,0.0
3516.49365694174,-4.963775634765625,0.0
3517.459843516905,2.4911346435546875,0.0
3518.42603009207,-1.8155364990234375,0.0
3519.392216667235,3.2966156005859375,0.0
3520.3584032424,7.655792236328125,0.0
3521.324589817565,-7.9101409912109375,0.0
3522.29077639273,-7.3908538818359375,0.0
3523.256962967895,-22.4658203125,0.0
3524.22314954306,-19.108718872070312,0.0
3525.189336118225,-24.467849731445312,0.0
3526.15552269339,-32.57904052734375,0.0
3527.121709268555,-28.963699340820312,0.0
3528.08789584372,-19.082122802734375,0.0
3529.054082418885,-10.378494262695312,0.0
3530.02026899405,-7.9113616943359375,0.0
3530.986455569215,1.1716766357421875,0.0
3531.95264214438,5.3443145751953125,0.0
3532.918828719545,7.0060882568359375,0.0
3533.8850152947102,-7.313140869140625,0.0
3534.8512018698752,3.57574462890625,0.0
3535.8173884450403,6.8926544189453125,0.0
3536.7835750202053,15.711441040039062,0.0
3537.7497615953703,6.9649810791015625,0.0
3538.7159481705353,12.792022705078125,0.0
3539.6821347457003,6.23028564453125,0.0
3540.6483213208653,19.544525146484375,0.0
3541.6145078960303,18.513519287109375,0.0
3542.580694471195,21.409713745117188,0.0
3543.54688104636,17.429412841796875,0.0
3544.513067621525,16.840118408203125,0.0
3545.47925419669,19.001800537109375,0.0
3546.445440771855,16.323394775390625,0.0
3547.41162734702,13.461212158203125,0.0
3548.377813922185,4.9869232177734375,0.0
3549.34400049735,12.79815673828125,0.0
3550.310187072515,10.346115112304688,0.0
3551.27637364768,13.769790649414062,0.0
3552.242560222845,11.129898071289062,0.0
3553.20874679801,6.7966766357421875,0.0
3554.174933373175,6.8000335693359375,0.0
3555.14111994834,1.961151123046875,0.0
3556.107306523505,15.98541259765625,0.0
3557.07349309867,2.1502227783203125,0.0
3558.039679673835,13.593856811523438,0.0
3559.005866249,13.5330810546875,0.0
3559.972052824165,9.026779174804688,0.0
3560.93823939933,3.8691558837890625,0.0
3561.904425974495,3.8025970458984375,0.0
3562.87061254966,2.09063720703125,0.0
3563.836799124825,-0.252899169921875,0.0
3564.80298569999,-11.783950805664062,0.0
3565.769172275155,-18.556060791015625,0.0
3566.73535885032,-30.09539031982422,0.0
3567.701545425485,-31.659713745117188,0.0
3568.66773200065,-33.541961669921875,0.0
3569.633918575815,-35.02429962158203,0.0
3570.60010515098,-28.152557373046875,0.0
3571.566291726145,-23.014205932617188,0.0
3572.53247830131,-33.265907287597656,0.0
3573.4986648764752,-34.374855041503906,0.0
3574.4648514516402,-15.649688720703125,0.0
3575.4310380268053,-15.529434204101562,0.0
3576.3972246019703,-9.278533935546875,0.0
3577.3634111771353,-16.271499633789062,0.0
3578.3295977523003,-21.957901000976562,0.0
3579.2957843274653,-35.5379638671875,0.0
3580.2619709026303,-37.178138732910156,0.0
3581.2281574777953,-40.513153076171875,0.0
3582.1943440529603,-44.44252014160156,0.0
3583.1605306281253,-48.73780059814453,0.0
3584.1267172032904,-44.39788818359375,0.0
3585.0929037784554,-45.80890655517578,0.0
3586.0590903536204,-48.54863739013672,0.0
3587.0252769287854,-48.431976318359375,0.0
3587.9914635039504,-37.58001708984375,0.0
3588.9576500791154,-30.108245849609375,0.0
3589.9238366542804,-15.634307861328125,0.0
3590.8900232294454,-12.046005249023438,0.0
3591.85620980461,0.0,0.0
3592.822396379775,3.74261474609375,0.0
3593.78858295494,13.842819213867188,0.0
3594.754769530105,15.467605590820312,0.0
3595.72095610527,24.064010620117188,0.0
3596.687142680435,29.09197998046875,0.0
3597.6533292556,30.559158325195312,0.0
3598.619515830765,41.15972900390625,0.0
3599.58570240593,26.86639404296875,0.0
3600.551888981095,23.400772094726562,0.0
3601.51807555626,29.40606689453125,0.0
3602.484262131425,23.26568603515625,0.0
3603.45044870659,21.259140014648438,0.0
3604.416635281755,-7.02459716796875,0.0
3605.38282185692,0.0,0.0
3606.349008432085,-6.740997314453125,0.0
3607.31519500725,-12.67327880859375,0.0
3608.281381582415,-12.592697143554688,0.0
3609.24756815758,-20.760162353515625,0.0
3610.213754732745,-5.6259002685546875,0.0
3611.17994130791,-11.57415771484375,0.0
3612.146127883075,-25.96112060546875,0.0
3613.1123144582402,-12.38519287109375,0.0
3614.0785010334052,-8.3167724609375,0.0
3615.0446876085703,-7.238433837890625,0.0
3616.0108741837353,-8.311172485351562,0.0
3616.9770607589003,-7.271453857421875,0.0
3617.9432473340653,-10.11090087890625,0.0
3618.9094339092303,-14.800521850585938,0.0
3619.8756204843953,-17.12744140625,0.0
3620.8418070595603,-15.901374816894531,0.0
3621.807993634725,-12.682571411132812,0.0
3622.77418020989,-6.735260009765625,0.0
3623.740366785055,1.0235137939453125,0.0
3624.70655336022,8.638931274414062,0.0
3625.672739935385,25.552993774414062,0.0
3626.63892651055,29.02716064453125,0.0
3627.605113085715,18.079803466796875,0.0
3628.57129966088,25.207107543945312,0.0
3629.537486236045,8.560821533203125,0.0
3630.50367281121,0.0,0.0
3631.469859386375,-2.998687744140625,0.0
3632.43604596154,-6.9859771728515625,0.0
3633.402232536705,-10.702133178710938,0.0
3634.36841911187,-11.1728515625,0.0
3635.334605687035,-12.358047485351562,0.0
3636.3007922622,-8.307937622070312,0.0
3637.266978837365,-1.8784637451171875,0.0
3638.23316541253,1.511627197265625,0.0
3639.199351987695,1.5591583251953125,0.0
3640.16553856286,5.391326904296875,0.0
3641.131725138025,7.614349365234375,0.0
3642.09791171319,9.51416015625,0.0
3643.064098288355,-0.039459228515625,0.0
3644.03028486352,-3.634246826171875,0.0
3644.996471438685,0.0,0.0
3645.96265801385,-13.46173095703125,0.0
3646.928844589015,-27.358352661132812,0.0
3647.89503116418,-22.05548095703125,0.0
3648.861217739345,-19.181976318359375,0.0
3649.82740431451,-29.065902709960938,0.0
3650.793590889675,-16.427200317382812,0.0
3651.75977746484,-15.698898315429688,0.0
3652.7259640400052,0.5686798095703125,0.0
3653.6921506151702,5.8444061279296875,0.0
3654.6583371903353,13.687896728515625,0.0
3655.6245237655003,19.048446655273438,0.0
3656.5907103406653,20.278533935546875,0.0
3657.5568969158303,25.054962158203125,0.0
3658.5230834909953,32.14210510253906,0.0
3659.4892700661603,27.690261840820312,0.0
3660.4554566413253,27.9764404296875,0.0
3661.4216432164903,15.9459228515625,0.0
3662.3878297916553,15.824066162109375,0.0
3663.3540163668204,0.0,0.0
3664.3202029419854,7.3604278564453125,0.0
3665.2863895171504,1.9747314453125,0.0
3666.2525760923154,8.295852661132812,0.0
3667.2187626674804,10.51458740234375,0.0
3668.1849492426454,-1.02642822265625,0.0
3669.1511358178104,11.751235961914062,0.0
3670.117322392975,6.1750640869140625,0.0
3671.08350896814,2.32415771484375,0.0
3672.049695543305,5.9708251953125,0.0
3673.01588211847,9.639373779296875,0.0
3673.982068693635,6.3048858642578125,0.0
3674.9482552688,15.161666870117188,0.0
3675.914441843965,21.3516845703125,0.0
3676.88062841913,-2.42572021484375,0.0
3677.846814994295,2.70269775390625,0.0
3678.81300156946,-20.474319458007812,0.0
3679.779188144625,-17.096710205078125,0.0
3680.74537471979,-6.7718658447265625,0.0
3681.711561294955,-12.892532348632812,0.0
3682.67774787012,-10.769058227539062,0.0
3683.643934445285,-20.175338745117188,0.0
3684.61012102045,-23.037811279296875,0.0
3685.576307595615,-19.592086791992188,0.0
3686.54249417078,-16.459930419921875,0.0
3687.508680745945,-21.068496704101562,0.0
3688.47486732111,-26.309829711914062,0.0
3689.441053896275,-5.8701324462890625,0.0
3690.40724047144,-1.96630859375,0.0
3691.3734270466052,1.7496795654296875,0.0
3692.3396136217702,4.5628204345703125,0.0
3693.3058001969353,15.409454345703125,0.0
3694.2719867721003,10.540206909179688,0.0
3695.2381733472653,7.37261962890625,0.0
3696.2043599224303,19.46295166015625,0.0
3697.1705464975953,30.520416259765625,0.0
3698.1367330727603,31.868255615234375,0.0
3699.1029196479253,23.507034301757812,0.0
3700.06910622309,27.944244384765625,0.0
3701.035292798255,28.286041259765625,0.0
3702.00147937342,18.489822387695312,0.0
3702.967665948585,17.095123291015625,0.0
3703.93385252375,0.439483642578125,0.0
3704.900039098915,-14.144515991210938,0.0
3705.86622567408,-11.971221923828125,0.0
3706.832412249245,-14.522201538085938,0.0
3707.79859882441,-16.951278686523438,0.0
3708.764785399575,-17.412246704101562,0.0
3709.73097197474,-7.3098297119140625,0.0
3710.697158549905,-1.3025054931640625,0.0
3711.66334512507,15.319839477539062,0.0
3712.629531700235,31.06689453125,0.0
3713.5957182754,36.997283935546875,0.0
3714.561904850565,48.22239685058594,0.0
3715.52809142573,46.447052001953125,0.0
3716.494278000895,27.321853637695312,0.0
3717.46046457606,25.987045288085938,0.0
3718.426651151225,7.794830322265625,0.0
3719.39283772639,-3.0174560546875,0.0
3720.359024301555,0.0,0.0
3721.32521087672,-14.529754638671875,0.0
3722.291397451885,-31.043869018554688,0.0
3723.25758402705,-14.119171142578125,0.0
3724.223770602215,-17.00750732421875,0.0
3725.18995717738,13.250961303710938,0.0
3726.156143752545,29.493026733398438,0.0
3727.12233032771,33.8189697265625,0.0
3728.088516902875,28.13104248046875,0.0
3729.05470347804,30.934982299804688,0.0
3730.020890053205,28.197525024414062,0.0
3730.9870766283702,8.705795288085938,0.0
3731.9532632035352,-12.676681518554688,0.0
3732.9194497787003,-18.909500122070312,0.0
3733.8856363538653,-30.45623779296875,0.0
3734.8518229290303,-41.98927307128906,0.0
3735.8180095041953,-44.570709228515625,0.0
3736.7841960793603,-41.07859802246094,0.0
3737.7503826545253,-32.221527099609375,0.0
3738.7165692296903,-26.063186645507812,0.0
3739.6827558048553,-27.857315063476562,0.0
3740.6489423800203,-16.26947021484375,0.0
3741.6151289551854,-5.1136627197265625,0.0
3742.5813155303504,-0.129669189453125,0.0
3743.5475021055154,-12.9183349609375,0.0
3744.5136886806804,-17.842422485351562,0.0
3745.4798752558454,-27.806396484375,0.0
3746.4460618310104,-41.24952697753906,0.0
3747.4122484061754,-38.88240051269531,0.0
3748.37843498134,-39.39762878417969,0.0
3749.344621556505,-50.082427978515625,0.0
3750.31080813167,-36.74632263183594,0.0
3751.276994706835,-39.7598876953125,0.0
3752.243181282,-23.906417846679688,0.0
3753.209367857165,-18.929611206054688,0.0
3754.17555443233,-3.1684417724609375,0.0
3755.141741007495,10.213394165039062,0.0
3756.10792758266,10.426620483398438,0.0
3757.074114157825,3.5485382080078125,0.0
3758.04030073299,10.009124755859375,0.0
3759.006487308155,-3.68743896484375,0.0
3759.97267388332,-5.75726318359375,0.0
3760.938860458485,-14.408218383789062,0.0
3761.90504703365,-11.043731689453125,0.0
3762.871233608815,2.0745391845703125,0.0
3763.83742018398,10.736862182617188,0.0
3764.803606759145,-9.329177856445312,0.0
3765.76979333431,4.965667724609375,0.0
3766.735979909475,-1.19171142578125,0.0
3767.70216648464,1.342132568359375,0.0
3768.668353059805,13.054519653320312,0.0
3769.63453963497,3.1919097900390625,0.0
3770.6007262101352,15.775070190429688,0.0
3771.5669127853002,11.479690551757812,0.0
3772.5330993604653,22.366867065429688,0.0
3773.4992859356303,21.03839111328125,0.0
3774.4654725107953,21.37652587890625,0.0
3775.4316590859603,23.10516357421875,0.0
3776.3978456611253,41.02119445800781,0.0
3777.3640322362903,44.20452880859375,0.0
3778.330218811455,44.162506103515625,0.0
3779.29640538662,41.168975830078125,0.0
3780.262591961785,45.943756103515625,0.0
3781.22877853695,51.996185302734375,0.0
3782.194965112115,47.261322021484375,0.0
3783.16115168728,44.711761474609375,0.0
3784.127338262445,43.555633544921875,0.0
3785.09352483761,40.519622802734375,0.0
3786.059711412775,32.2008056640625,0.0
3787.02589798794,24.725677490234375,0.0
3787.992084563105,9.90081787109375,0.0
3788.95827113827,10.692672729492188,0.0
3789.924457713435,1.47235107421875,0.0
3790.8906442886,-3.8775177001953125,0.0
3791.856830863765,-1.1427459716796875,0.0
3792.82301743893,-9.943069458007812,0.0
3793.789204014095,-20.149658203125,0.0
3794.75539058926,-17.089065551757812,0.0
3795.721577164425,-18.865951538085938,0.0
3796.68776373959,-25.610977172851562,0.0
3797.653950314755,-17.095352172851562,0.0
3798.62013688992,-20.99029541015625,0.0
3799.586323465085,-28.943710327148438,0.0
3800.55251004025,-15.842758178710938,0.0
3801.518696615415,-1.613677978515625,0.0
3802.48488319058,0.3489532470703125,0.0
3803.451069765745,7.575592041015625,0.0
3804.41725634091,22.398696899414062,0.0
3805.383442916075,22.488204956054688,0.0
3806.34962949124,34.70310974121094,0.0
3807.315816066405,38.850341796875,0.0
3808.28200264157,39.1998291015625,0.0
3809.248189216735,35.48893737792969,0.0
3810.2143757919002,39.54176330566406,0.0
3811.1805623670652,46.66722106933594,0.0
3812.1467489422303,30.566207885742188,0.0
3813.1129355173953,33.12889099121094,0.0
3814.0791220925603,20.254287719726562,0.0
3815.0453086677253,8.911026000976562,0.0
3816.0114952428903,2.1786346435546875,0.0
3816.9776818180553,-7.4220428466796875,0.0
3817.9438683932203,-2.4960784912109375,0.0
3818.9100549683853,-5.2337646484375,0.0
3819.8762415435503,-13.0303955078125,0.0
3820.8424281187154,-16.488174438476562,0.0
3821.8086146938804,-15.448150634765625,0.0
3822.7748012690454,-27.042800903320312,0.0
3823.7409878442104,-39.10078430175781,0.0
3824.7071744193754,-28.511367797851562,0.0
3825.6733609945404,-34.5421142578125,0.0
3826.639547569705,-38.37052917480469,0.0
3827.60573414487,-38.1107177734375,0.0
3828.571920720035,-45.94401550292969,0.0
3829.5381072952,-49.682220458984375,0.0
3830.504293870365,-51.610687255859375,0.0
3831.47048044553,-54.9876708984375,0.0
3832.436667020695,-67.41017150878906,0.0
3833.40285359586,-64.91532897949219,0.0
3834.369040171025,-57.763946533203125,0.0
3835.33522674619,-59.32511901855469,0.0
3836.301413321355,-66.26884460449219,0.0
3837.26759989652,-65.36492919921875,0.0
3838.233786471685,-54.13893127441406,0.0
3839.19997304685,-49.898895263671875,0.0
3840.166159622015,-45.09490966796875,0.0
3841.13234619718,-34.78076171875,0.0
3842.098532772345,-35.09490966796875,0.0
3843.06471934751,-21.83502197265625,0.0
3844.030905922675,-10.489166259765625,0.0
3844.99709249784,-0.5111541748046875,0.0
3845.963279073005,1.9673309326171875,0.0
3846.92946564817,12.68511962890625,0.0
3847.895652223335,6.6298370361328125,0.0
3848.8618387985002,3.2176361083984375,0.0
3849.8280253736652,4.2197113037109375,0.0
3850.7942119488303,2.112823486328125,0.0
3851.7603985239953,9.056549072265625,0.0
3852.7265850991603,9.698043823242188,0.0
3853.6927716743253,8.188308715820312,0.0
3854.6589582494903,1.022003173828125,0.0
3855.6251448246553,1.3628997802734375,0.0
3856.59133139982,-3.9120635986328125,0.0
3857.557517974985,-6.9708099365234375,0.0
3858.52370455015,-14.962600708007812,0.0
3859.489891125315,-21.580398559570312,0.0
3860.45607770048,-21.113433837890625,0.0
3861.422264275645,-8.486099243164062,0.0
3862.38845085081,0.72210693359375,0.0
3863.354637425975,-3.4607086181640625,0.0
3864.32082400114,1.701934814453125,0.0
3865.287010576305,7.496734619140625,0.0
3866.25319715147,8.7528076171875,0.0
3867.219383726635,15.245574951171875,0.0
3868.1855703018,4.8402862548828125,0.0
3869.151756876965,1.87298583984375,0.0
3870.11794345213,4.540985107421875,0.0
3871.084130027295,-0.1362457275390625,0.0
3872.05031660246,-2.514617919921875,0.0
3873.016503177625,-7.9260406494140625,0.0
3873.98268975279,-0.3749237060546875,0.0
3874.948876327955,-4.0471954345703125,0.0
3875.91506290312,10.3192138671875,0.0
3876.881249478285,14.530914306640625,0.0
3877.84743605345,-0.8230133056640625,0.0
3878.813622628615,-1.2697296142578125,0.0
3879.77980920378,-3.572967529296875,0.0
3880.745995778945,-14.677841186523438,0.0
3881.71218235411,-6.285125732421875,0.0
3882.678368929275,-11.47601318359375,0.0
3883.64455550444,-13.149154663085938,0.0
3884.610742079605,0.0,0.0
3885.57692865477,4.0423126220703125,0.0
3886.543115229935,-4.2352447509765625,0.0
3887.5093018051,-13.993331909179688,0.0
3888.4754883802652,-12.771484375,0.0
3889.4416749554302,-4.663421630859375,0.0
3890.4078615305953,0.0,0.0
3891.3740481057603,0.0,0.0
3892.3402346809253,17.87945556640625,0.0
3893.3064212560903,26.055908203125,0.0
3894.2726078312553,20.99810791015625,0.0
3895.2387944064203,8.732574462890625,0.0
3896.2049809815853,26.40087890625,0.0
3897.1711675567503,36.300018310546875,0.0
3898.1373541319153,37.03277587890625,0.0
3899.1035407070804,39.718292236328125,0.0
3900.0697272822454,52.43255615234375,0.0
3901.0359138574104,40.969024658203125,0.0
3902.0021004325754,32.85174560546875,0.0
3902.9682870077404,37.09417724609375,0.0
3903.9344735829054,29.771514892578125,0.0
3904.9006601580704,29.94781494140625,0.0
3905.866846733235,22.73297119140625,0.0
3906.8330333084,39.58343505859375,0.0
3907.799219883565,51.104095458984375,0.0
3908.76540645873,58.40997314453125,0.0
3909.731593033895,63.242919921875,0.0
3910.69777960906,71.3419189453125,0.0
3911.663966184225,75.46783447265625,0.0
3912.63015275939,76.47357177734375,0.0
3913.596339334555,78.1993408203125,0.0
3914.56252590972,67.6943359375,0.0
3915.528712484885,60.840362548828125,0.0
3916.49489906005,43.62420654296875,0.0
3917.461085635215,30.0662841796875,0.0
3918.42727221038,32.6756591796875,0.0
3919.393458785545,26.269378662109375,0.0
3920.35964536071,17.814697265625,0.0
3921.325831935875,0.0,0.0
3922.29201851104,-3.4334716796875,0.0
3923.258205086205,-17.884246826171875,0.0
3924.22439166137,-2.538177490234375,0.0
3925.190578236535,-24.885467529296875,0.0
3926.1567648117,-41.71174621582031,0.0
3927.122951386865,-54.695281982421875,0.0
3928.0891379620302,-75.89761352539062,0.0
3929.0553245371952,-93.12741088867188,0.0
3930.0215111123603,-106.24690246582031,0.0
3930.9876976875253,-129.31822204589844,0.0
3931.9538842626903,-142.66018676757812,0.0
3932.9200708378553,-153.18736267089844,0.0
3933.8862574130203,-160.550048828125,0.0
3934.852443988185,-159.69247436523438,0.0
3935.81863056335,-153.70276641845703,0.0
3936.784817138515,-143.06854248046875,0.0
3937.75100371368,-112.77763366699219,0.0
3938.717190288845,-91.50927734375,0.0
3939.68337686401,-68.59700012207031,0.0
3940.649563439175,-64.42608642578125,0.0
3941.61575001434,-37.24684143066406,0.0
3942.581936589505,-33.21397399902344,0.0
3943.54812316467,-13.343429565429688,0.0
3944.514309739835,2.329071044921875,0.0
3945.480496315,-3.990478515625,0.0
3946.446682890165,18.93231201171875,0.0
3947.41286946533,32.291290283203125,0.0
3948.379056040495,34.7095947265625,0.0
3949.34524261566,51.203094482421875,0.0
3950.311429190825,55.690277099609375,0.0
3951.27761576599,60.646881103515625,0.0
3952.243802341155,58.211669921875,0.0
3953.20998891632,69.05825805664062,0.0
3954.176175491485,68.23370361328125,0.0
3955.14236206665,72.42471313476562,0.0
3956.108548641815,63.58331298828125,0.0
3957.07473521698,52.67950439453125,0.0
3958.040921792145,51.1331787109375,0.0
3959.00710836731,41.8931884765625,0.0
3959.973294942475,28.020477294921875,0.0
3960.93948151764,0.0,0.0
3961.905668092805,-27.004013061523438,0.0
3962.87185466797,-45.663482666015625,0.0
3963.838041243135,-68.58308410644531,0.0
3964.8042278183,-97.94940185546875,0.0
3965.770414393465,-119.73513793945312,0.0
3966.7366009686302,-133.5833282470703,0.0
3967.7027875437952,-150.9411163330078,0.0
3968.6689741189603,-172.4454803466797,0.0
3969.6351606941253,-178.24351501464844,0.0
3970.6013472692903,-175.08200073242188,0.0
3971.5675338444553,-160.57347106933594,0.0
3972.5337204196203,-138.20045471191406,0.0
3973.4999069947853,-113.23382568359375,0.0
3974.4660935699503,-92.64958190917969,0.0
3975.4322801451153,-63.1708984375,0.0
3976.3984667202803,-48.80804443359375,0.0
3977.3646532954454,-31.99017333984375,0.0
3978.3308398706104,-11.656402587890625,0.0
3979.2970264457754,0.0,0.0
3980.2632130209404,0.0,0.0
3981.2293995961054,0.0,0.0
3982.1955861712704,0.0,0.0
3983.1617727464354,7.350860595703125,0.0
3984.1279593216,-4.470794677734375,0.0
3985.094145896765,-2.88006591796875,0.0
3986.06033247193,0.0,0.0
3987.026519047095,0.0,0.0
3987.99270562226,0.0,0.0
3988.958892197425,1.22784423828125,0.0
3989.92507877259,-1.17236328125,0.0
3990.891265347755,-0.05548095703125,0.0
3991.85745192292,4.09814453125,0.0
3992.823638498085,1.391937255859375,0.0
3993.78982507325,0.032867431640625,0.0
3994.756011648415,4.626678466796875,0.0
3995.72219822358,-7.849884033203125,0.0
3996.688384798745,0.0,0.0
3997.65457137391,5.959808349609375,0.0
3998.620757949075,-3.22723388671875,0.0
3999.58694452424,0.0,0.0
4000.553131099405,8.78009033203125,0.0
4001.51931767457,20.670196533203125,0.0
4002.485504249735,18.534332275390625,0.0
4003.4516908249,-2.8640899658203125,0.0
4004.417877400065,-9.747756958007812,0.0
4005.38406397523,0.0,0.0
4006.3502505503952,-1.70751953125,0.0
4007.3164371255602,0.0,0.0
4008.282623700725,-3.0318603515625,0.0
4009.24881027589,0.0,0.0
4010.214996851055,2.45050048828125,0.0
4011.18118342622,23.723968505859375,0.0
4012.147370001385,26.1412353515625,0.0
4013.11355657655,26.870147705078125,0.0
4014.079743151715,32.3905029296875,0.0
4015.04592972688,37.06231689453125,0.0
4016.012116302045,33.11297607421875,0.0
4016.97830287721,35.35064697265625,0.0
4017.944489452375,26.905242919921875,0.0
4018.91067602754,24.125885009765625,0.0
4019.876862602705,32.08062744140625,0.0
4020.84304917787,28.33294677734375,0.0
4021.809235753035,19.28656005859375,0.0
4022.7754223282,27.1434326171875,0.0
4023.741608903365,37.414398193359375,0.0
4024.70779547853,40.785919189453125,0.0
4025.673982053695,27.203765869140625,0.0
4026.64016862886,24.475128173828125,0.0
4027.606355204025,23.142059326171875,0.0
4028.57254177919,11.13116455078125,0.0
4029.538728354355,11.44989013671875,0.0
4030.50491492952,11.40423583984375,0.0
4031.471101504685,-2.28204345703125,0.0
4032.43728807985,-18.01904296875,0.0
4033.403474655015,-26.974822998046875,0.0
4034.36966123018,-33.621978759765625,0.0
4035.335847805345,-15.43511962890625,0.0
4036.30203438051,9.278228759765625,0.0
4037.268220955675,8.070281982421875,0.0
4038.23440753084,17.502777099609375,0.0
4039.200594106005,24.1475830078125,0.0
4040.16678068117,14.7825927734375,0.0
4041.132967256335,13.116180419921875,0.0
4042.0991538315,8.659393310546875,0.0
4043.065340406665,-11.186614990234375,0.0
4044.03152698183,-13.315521240234375,0.0
4044.997713556995,-26.39019775390625,0.0
4045.9639001321602,-28.245697021484375,0.0
4046.9300867073252,-26.492279052734375,0.0
4047.8962732824903,-18.9093017578125,0.0
4048.8624598576553,-8.779541015625,0.0
4049.8286464328203,9.809326171875,0.0
4050.7948330079853,15.794952392578125,0.0
4051.7610195831503,20.655242919921875,0.0
4052.7272061583153,32.110382080078125,0.0
4053.6933927334803,18.655853271484375,0.0
4054.6595793086453,-10.240264892578125,0.0
4055.6257658838103,-6.65789794921875,0.0
4056.5919524589754,-18.77337646484375,0.0
4057.5581390341404,-21.278350830078125,0.0
4058.5243256093054,-17.073883056640625,0.0
4059.4905121844704,-19.5228271484375,0.0
4060.4566987596354,-28.083038330078125,0.0
4061.4228853348004,-24.836151123046875,0.0
4062.3890719099654,-21.468231201171875,0.0
4063.3552584851304,-30.33966064453125,0.0
4064.3214450602954,-22.503509521484375,0.0
4065.2876316354605,-18.584259033203125,0.0
4066.2538182106255,-21.737457275390625,0.0
4067.22000478579,-12.27056884765625,0.0
4068.186191360955,-2.810577392578125,0.0
4069.15237793612,10.8350830078125,0.0
4070.118564511285,3.373046875,0.0
4071.08475108645,13.744842529296875,0.0
4072.050937661615,7.203582763671875,0.0
4073.01712423678,2.810577392578125,0.0
4073.983310811945,11.2127685546875,0.0
4074.94949738711,-0.1209716796875,0.0
4075.915683962275,-4.23236083984375,0.0
4076.88187053744,-8.05523681640625,0.0
4077.848057112605,-13.639495849609375,0.0
4078.81424368777,-12.854156494140625,0.0
4079.780430262935,2.3759765625,0.0
4080.7466168381,9.38275146484375,0.0
4081.712803413265,20.179962158203125,0.0
4082.67898998843,34.778228759765625,0.0
4083.645176563595,23.067962646484375,0.0
4084.61136313876,27.6776123046875,0.0
4085.5775497139252,42.232666015625,0.0
4086.54373628909,48.0235595703125,0.0
4087.509922864255,51.738525390625,0.0
4088.47610943942,58.51898193359375,0.0
4089.442296014585,57.586669921875,0.0
4090.40848258975,62.53240966796875,0.0
4091.374669164915,56.617645263671875,0.0
4092.34085574008,44.4072265625,0.0
4093.307042315245,42.07098388671875,0.0
4094.27322889041,10.833251953125,0.0
4095.239415465575,7.648529052734375,0.0
4096.20560204074,-4.604736328125,0.0
4097.171788615905,-17.213409423828125,0.0
4098.13797519107,-17.97003173828125,0.0
4099.104161766235,-36.403778076171875,0.0
4100.0703483414,-42.2086181640625,0.0
4101.036534916565,-62.554443359375,0.0
4102.00272149173,-59.6236572265625,0.0
4102.968908066895,-53.508880615234375,0.0
4103.93509464206,-48.475311279296875,0.0
4104.901281217225,-45.253509521484375,0.0
4105.86746779239,-40.37762451171875,0.0
4106.833654367555,-23.0235595703125,0.0
4107.79984094272,-11.472076416015625,0.0
4108.766027517885,-12.33251953125,0.0
4109.73221409305,-13.04205322265625,0.0
4110.698400668215,-12.337677001953125,0.0
4111.66458724338,8.005950927734375,0.0
4112.630773818545,10.486480712890625,0.0
4113.59696039371,5.930572509765625,0.0
4114.563146968875,0.0,0.0
4115.52933354404,7.4287109375,0.0
4116.495520119205,27.500518798828125,0.0
4117.46170669437,26.043426513671875,0.0
4118.427893269535,18.163909912109375,0.0
4119.3940798447,15.343719482421875,0.0
4120.360266419865,14.945526123046875,0.0
4121.32645299503,14.007415771484375,0.0
4122.292639570195,20.54412841796875,0.0
4123.25882614536,29.510101318359375,0.0
4124.225012720525,20.07745361328125,0.0
4125.19119929569,13.5277099609375,0.0
4126.157385870855,15.63592529296875,0.0
4127.12357244602,19.20233154296875,0.0
4128.089759021185,13.609222412109375,0.0
4129.05594559635,2.7274169921875,0.0
4130.022132171515,1.389404296875,0.0
4130.98831874668,-4.265960693359375,0.0
4131.954505321845,-3.151214599609375,0.0
4132.92069189701,-1.411224365234375,0.0
4133.886878472175,-11.008453369140625,0.0
4134.85306504734,-24.42047119140625,0.0
4135.819251622505,-14.557647705078125,0.0
4136.78543819767,12.42230224609375,0.0
4137.751624772835,18.341796875,0.0
4138.717811348,23.385650634765625,0.0
4139.683997923165,8.835205078125,0.0
4140.65018449833,4.90557861328125,0.0
4141.616371073495,-5.559967041015625,0.0
4142.58255764866,-11.4017333984375,0.0
4143.548744223825,-14.991302490234375,0.0
4144.5149307989905,-13.48834228515625,0.0
4145.481117374155,-12.2274169921875,0.0
4146.4473039493205,-7.102874755859375,0.0
4147.413490524485,-8.9423828125,0.0
4148.3796770996505,-18.242218017578125,0.0
4149.345863674815,-8.37353515625,0.0
4150.3120502499805,-10.94427490234375,0.0
4151.278236825145,-11.11309814453125,0.0
4152.244423400311,-7.94732666015625,0.0
4153.210609975475,-18.156768798828125,0.0
4154.176796550641,-11.932403564453125,0.0
4155.142983125805,-18.07598876953125,0.0
4156.109169700971,-3.96807861328125,0.0
4157.075356276135,0.0,0.0
4158.041542851301,4.306976318359375,0.0
4159.007729426465,0.1365966796875,0.0
4159.973916001631,9.9583740234375,0.0
4160.940102576795,15.2772216796875,0.0
4161.906289151961,21.2691650390625,0.0
4162.872475727125,23.0068359375,0.0
4163.838662302291,29.479339599609375,0.0
4164.804848877455,25.297637939453125,0.0
4165.77103545262,16.14739990234375,0.0
4166.737222027785,25.476776123046875,0.0
4167.70340860295,17.0115966796875,0.0
4168.669595178115,1.3167724609375,0.0
4169.63578175328,3.734039306640625,0.0
4170.601968328445,-1.886474609375,0.0
4171.56815490361,-12.67950439453125,0.0
4172.534341478775,-18.79962158203125,0.0
4173.50052805394,-28.78790283203125,0.0
4174.466714629105,-29.293243408203125,0.0
4175.43290120427,-26.98223876953125,0.0
4176.399087779435,-27.451629638671875,0.0
4177.3652743546,-28.263427734375,0.0
4178.331460929765,-13.782012939453125,0.0
4179.29764750493,-6.5465087890625,0.0
4180.263834080095,-18.876495361328125,0.0
4181.23002065526,-16.82470703125,0.0
4182.196207230425,-4.5150146484375,0.0
4183.16239380559,-1.2083740234375,0.0
4184.128580380755,-0.138671875,0.0
4185.09476695592,-0.050872802734375,0.0
4186.060953531085,16.984588623046875,0.0
4187.02714010625,6.975189208984375,0.0
4187.993326681415,0.350311279296875,0.0
4188.95951325658,4.114471435546875,0.0
4189.925699831745,-0.350311279296875,0.0
4190.89188640691,6.312530517578125,0.0
4191.858072982075,8.577850341796875,0.0
4192.82425955724,19.912384033203125,0.0
4193.790446132405,3.249542236328125,0.0
4194.75663270757,-7.573638916015625,0.0
4195.722819282735,-4.282867431640625,0.0
4196.6890058579,-8.1343994140625,0.0
4197.655192433065,-6.6641845703125,0.0
4198.62137900823,-10.72308349609375,0.0
4199.587565583395,-18.66162109375,0.0
4200.55375215856,-16.5357666015625,0.0
4201.519938733725,-11.205322265625,0.0
4202.48612530889,-20.90435791015625,0.0
4203.452311884055,-3.13165283203125,0.0
4204.41849845922,7.364776611328125,0.0
4205.384685034385,11.818572998046875,0.0
4206.35087160955,20.420745849609375,0.0
4207.317058184715,40.1595458984375,0.0
4208.28324475988,31.056793212890625,0.0
4209.249431335045,21.561187744140625,0.0
4210.21561791021,25.607208251953125,0.0
4211.181804485375,27.062408447265625,0.0
4212.14799106054,18.222686767578125,0.0
4213.114177635705,11.53863525390625,0.0
4214.08036421087,8.146820068359375,0.0
4215.046550786035,10.431884765625,0.0
4216.0127373612,2.49896240234375,0.0
4216.978923936365,13.59210205078125,0.0
4217.94511051153,16.2728271484375,0.0
4218.911297086695,20.0330810546875,0.0
4219.87748366186,31.64691162109375,0.0
4220.843670237025,14.25091552734375,0.0
4221.80985681219,11.3448486328125,0.0
4222.7760433873555,-1.27777099609375,0.0
4223.74222996252,-30.046630859375,0.0
4224.7084165376855,-31.223175048828125,0.0
4225.67460311285,-55.83319091796875,0.0
4226.6407896880155,-67.266357421875,0.0
4227.60697626318,-73.56634521484375,0.0
4228.5731628383455,-57.60943603515625,0.0
4229.53934941351,-51.048095703125,0.0
4230.505535988676,-46.08050537109375,0.0
4231.47172256384,-32.8719482421875,0.0
4232.437909139006,-1.580810546875,0.0
4233.40409571417,4.62158203125,0.0
4234.370282289336,-2.09649658203125,0.0
4235.3364688645,-12.44610595703125,0.0
4236.302655439666,-11.1446533203125,0.0
4237.26884201483,-5.5279541015625,0.0
4238.235028589996,-5.24786376953125,0.0
4239.20121516516,3.4940185546875,0.0
4240.167401740326,18.00244140625,0.0
4241.13358831549,22.10498046875,0.0
4242.099774890656,25.09765625,0.0
4243.06596146582,30.823486328125,0.0
4244.032148040985,44.5601806640625,0.0
4244.99833461615,50.63580322265625,0.0
4245.964521191315,48.40771484375,0.0
4246.93070776648,31.7337646484375,0.0
4247.896894341645,25.58599853515625,0.0
4248.86308091681,17.09368896484375,0.0
4249.829267491975,4.43280029296875,0.0
4250.79545406714,-7.15032958984375,0.0
4251.761640642305,-1.2608642578125,0.0
4252.72782721747,-11.95318603515625,0.0
4253.694013792635,-13.7698974609375,0.0
4254.6602003678,-10.05499267578125,0.0
4255.626386942965,-1.83575439453125,0.0
4256.59257351813,1.19036865234375,0.0
4257.558760093295,0.73077392578125,0.0
4258.52494666846,12.49407958984375,0.0
4259.491133243625,1.28900146484375,0.0
4260.45731981879,9.08563232421875,0.0
4261.423506393955,9.60174560546875,0.0
4262.38969296912,3.52728271484375,0.0
4263.355879544285,18.85400390625,0.0
4264.32206611945,32.7025146484375,0.0
4265.288252694615,38.169921875,0.0
4266.25443926978,38.23284912109375,0.0
4267.220625844945,32.280517578125,0.0
4268.18681242011,19.66375732421875,0.0
4269.152998995275,7.090576171875,0.0
4270.11918557044,-10.290069580078125,0.0
4271.085372145605,-28.36968994140625,0.0
4272.05155872077,-34.231048583984375,0.0
4273.017745295935,-37.584747314453125,0.0
4273.9839318711,-44.665985107421875,0.0
4274.950118446265,-34.226959228515625,0.0
4275.91630502143,-9.361083984375,0.0
4276.882491596595,9.102783203125,0.0
4277.84867817176,0.0,0.0
4278.814864746925,26.8912353515625,0.0
4279.78105132209,23.517578125,0.0
4280.747237897255,24.52886962890625,0.0
4281.71342447242,28.14202880859375,0.0
4282.679611047585,23.64459228515625,0.0
4283.64579762275,27.220458984375,0.0
4284.611984197915,32.03619384765625,0.0
4285.57817077308,12.4000244140625,0.0
4286.544357348245,5.65557861328125,0.0
4287.51054392341,-4.01043701171875,0.0
4288.476730498575,-11.8250732421875,0.0
4289.44291707374,-27.26080322265625,0.0
4290.409103648905,-10.77130126953125,0.0
4291.37529022407,-28.284698486328125,0.0
4292.341476799235,-27.901519775390625,0.0
4293.3076633744,-27.625885009765625,0.0
4294.273849949565,-21.08294677734375,0.0
4295.24003652473,-24.780426025390625,0.0
4296.206223099895,-48.80084228515625,0.0
4297.17240967506,-74.8138427734375,0.0
4298.138596250225,-85.546630859375,0.0
4299.10478282539,-103.16854858398438,0.0
4300.070969400555,-114.89340209960938,0.0
4301.03715597572,-126.12442016601562,0.0
4302.003342550885,-124.59365844726562,0.0
4302.9695291260505,-127.88076782226562,0.0
4303.935715701215,-142.94427490234375,0.0
4304.9019022763805,-144.9420166015625,0.0
4305.868088851545,-151.54934692382812,0.0
4306.8342754267105,-151.318359375,0.0
4307.800462001875,-148.002685546875,0.0
4308.7666485770405,-155.58383178710938,0.0
4309.732835152205,-150.27957153320312,0.0
4310.699021727371,-131.59255981445312,0.0
4311.665208302535,-104.99411010742188,0.0
4312.631394877701,-82.27325439453125,0.0
4313.597581452865,-45.1627197265625,0.0
4314.563768028031,-13.927001953125,0.0
4315.529954603195,14.47381591796875,0.0
4316.496141178361,57.01507568359375,0.0
4317.462327753525,55.1986083984375,0.0
4318.428514328691,78.9617919921875,0.0
4319.394700903855,87.60595703125,0.0
4320.360887479021,73.8421630859375,0.0
4321.327074054185,54.9986572265625,0.0
4322.29326062935,23.06854248046875,0.0
4323.259447204515,15.17681884765625,0.0
4324.22563377968,0.0,0.0
4325.191820354845,-26.284423828125,0.0
4326.15800693001,-28.6204833984375,0.0
4327.124193505175,-15.17681884765625,0.0
4328.09038008034,-8.83367919921875,0.0
4329.056566655505,7.8092041015625,0.0
4330.02275323067,22.54840087890625,0.0
4330.988939805835,40.904541015625,0.0
4331.955126381,42.75738525390625,0.0
4332.921312956165,40.8541259765625,0.0
4333.88749953133,39.9447021484375,0.0
4334.853686106495,33.04901123046875,0.0
4335.81987268166,23.9578857421875,0.0
4336.786059256825,-4.24395751953125,0.0
4337.75224583199,-35.45159912109375,0.0
4338.718432407155,-45.616943359375,0.0
4339.68461898232,-58.3570556640625,0.0
4340.650805557485,-74.6112060546875,0.0
4341.61699213265,-77.80352783203125,0.0
4342.583178707815,-60.287322998046875,0.0
4343.54936528298,-38.09600830078125,0.0
4344.515551858145,-36.13128662109375,0.0
4345.48173843331,-24.3599853515625,0.0
4346.447925008475,-8.66033935546875,0.0
4347.41411158364,11.942138671875,0.0
4348.380298158805,8.5252685546875,0.0
4349.34648473397,12.23236083984375,0.0
4350.312671309135,21.669921875,0.0
4351.2788578843,9.16778564453125,0.0
4352.245044459465,-12.12481689453125,0.0
4353.21123103463,-2.4990234375,0.0
4354.177417609795,0.0,0.0
4355.14360418496,-12.86480712890625,0.0
4356.109790760125,6.690185546875,0.0
4357.07597733529,18.48876953125,0.0
4358.042163910455,22.796875,0.0
4359.00835048562,41.6937255859375,0.0
4359.974537060785,46.8682861328125,0.0
4360.94072363595,54.74993896484375,0.0
4361.906910211115,42.987060546875,0.0
4362.87309678628,54.2462158203125,0.0
4363.839283361445,61.04046630859375,0.0
4364.80546993661,57.50018310546875,0.0
4365.771656511775,55.5457763671875,0.0
4366.73784308694,49.0694580078125,0.0
4367.704029662105,43.830810546875,0.0
4368.67021623727,38.07806396484375,0.0
4369.636402812435,32.99566650390625,0.0
4370.6025893876,25.87939453125,0.0
4371.568775962765,15.54229736328125,0.0
4372.53496253793,12.778564453125,0.0
4373.501149113095,-11.00146484375,0.0
4374.46733568826,-13.9912109375,0.0
4375.433522263425,-9.8857421875,0.0
4376.39970883859,-14.23101806640625,0.0
4377.365895413755,-19.88714599609375,0.0
4378.33208198892,-21.7701416015625,0.0
4379.298268564085,-23.46026611328125,0.0
4380.26445513925,-38.87371826171875,0.0
4381.2306417144155,-60.86181640625,0.0
4382.19682828958,-81.18511962890625,0.0
4383.1630148647455,-102.742431640625,0.0
4384.12920143991,-114.331298828125,0.0
4385.0953880150755,-119.5523681640625,0.0
4386.06157459024,-103.537109375,0.0
4387.0277611654055,-81.2926025390625,0.0
4387.99394774057,-60.9683837890625,0.0
4388.960134315736,-50.4605712890625,0.0
4389.9263208909,-54.38299560546875,0.0
4390.892507466066,-43.12664794921875,0.0
4391.85869404123,-2.7001953125,0.0
4392.824880616396,-6.1483154296875,0.0
4393.79106719156,-2.93707275390625,0.0
4394.757253766726,13.183349609375,0.0
4395.72344034189,43.957275390625,0.0
4396.689626917056,46.73370361328125,0.0
4397.65581349222,46.11749267578125,0.0
4398.622000067386,45.2392578125,0.0
4399.58818664255,42.2386474609375,0.0
4400.554373217715,21.2572021484375,0.0
4401.52055979288,1.32354736328125,0.0
4402.486746368045,-19.82440185546875,0.0
4403.45293294321,-21.2904052734375,0.0
4404.419119518375,-41.876220703125,0.0
4405.38530609354,-45.246826171875,0.0
4406.351492668705,-57.463134765625,0.0
4407.31767924387,-45.7628173828125,0.0
4408.283865819035,-39.3931884765625,0.0
4409.2500523942,-26.151611328125,0.0
4410.216238969365,-0.64501953125,0.0
4411.18242554453,17.23565673828125,0.0
4412.148612119695,8.35467529296875,0.0
4413.11479869486,15.19146728515625,0.0
4414.080985270025,10.86041259765625,0.0
4415.04717184519,-1.1402587890625,0.0
4416.013358420355,7.306396484375,0.0
4416.97954499552,-5.45318603515625,0.0
4417.945731570685,3.52459716796875,0.0
4418.91191814585,14.44256591796875,0.0
4419.878104721015,2.61749267578125,0.0
4420.84429129618,5.404937744140625,0.0
4421.810477871345,-3.6868896484375,0.0
4422.77666444651,2.6763916015625,0.0
4423.742851021675,6.20623779296875,0.0
4424.70903759684,-4.6981201171875,0.0
4425.675224172005,-9.35577392578125,0.0
4426.64141074717,-18.06878662109375,0.0
4427.607597322335,-4.52166748046875,0.0
4428.5737838975,3.51348876953125,0.0
4429.539970472665,0.39263916015625,0.0
4430.50615704783,-15.320068359375,0.0
4431.472343622995,-2.33843994140625,0.0
4432.43853019816,2.84326171875,0.0
4433.404716773325,-14.657958984375,0.0
4434.37090334849,-25.667724609375,0.0
4435.337089923655,-32.259033203125,0.0
4436.30327649882,-11.5416259765625,0.0
4437.269463073985,-2.6763916015625,0.0
4438.23564964915,1.16644287109375,0.0
4439.201836224315,10.16357421875,0.0
4440.16802279948,14.99853515625,0.0
4441.134209374645,22.81182861328125,0.0
4442.10039594981,19.425048828125,0.0
4443.066582524975,6.6134033203125,0.0
4444.03276910014,21.9521484375,0.0
4444.998955675305,22.83355712890625,0.0
4445.96514225047,18.8853759765625,0.0
4446.931328825635,34.83477783203125,0.0
4447.8975154008,48.75775146484375,0.0
4448.863701975965,50.64947509765625,0.0
4449.82988855113,37.4947509765625,0.0
4450.796075126295,39.7650146484375,0.0
4451.76226170146,32.880126953125,0.0
4452.728448276625,2.401123046875,0.0
4453.69463485179,-10.73583984375,0.0
4454.660821426955,-32.2650146484375,0.0
4455.62700800212,-45.7099609375,0.0
4456.593194577285,-39.60052490234375,0.0
4457.55938115245,-64.2730712890625,0.0
4458.5255677276145,-66.80108642578125,0.0
4459.4917543027805,-61.854248046875,0.0
4460.457940877945,-61.140625,0.0
4461.4241274531105,-62.068115234375,0.0
4462.390314028275,-64.085693359375,0.0
4463.3565006034405,-61.946044921875,0.0
4464.322687178605,-40.44207763671875,0.0
4465.2888737537705,-26.84124755859375,0.0
4466.255060328935,-34.0670166015625,0.0
4467.221246904101,-24.62548828125,0.0
4468.187433479265,-12.92340087890625,0.0
4469.153620054431,-5.51409912109375,0.0
4470.119806629595,-6.09625244140625,0.0
4471.085993204761,-0.37640380859375,0.0
4472.052179779925,-0.1519775390625,0.0
4473.018366355091,7.524658203125,0.0
4473.984552930255,36.90252685546875,0.0
4474.950739505421,55.24981689453125,0.0
4475.916926080585,54.74017333984375,0.0
4476.883112655751,56.4151611328125,0.0
4477.849299230915,39.7989501953125,0.0
4478.81548580608,19.96173095703125,0.0
4479.781672381245,25.800048828125,0.0
4480.74785895641,24.23016357421875,0.0
4481.714045531575,20.019775390625,0.0
4482.68023210674,10.4935302734375,0.0
4483.646418681905,-12.25970458984375,0.0
4484.61260525707,-15.398193359375,0.0
4485.578791832235,12.00164794921875,0.0
4486.5449784074,11.47076416015625,0.0
4487.511164982565,16.373291015625,0.0
4488.47735155773,7.49517822265625,0.0
4489.443538132895,-7.27215576171875,0.0
4490.40972470806,-9.72930908203125,0.0
4491.375911283225,-20.895263671875,0.0
4492.34209785839,-27.84710693359375,0.0
4493.308284433555,-31.81304931640625,0.0
4494.27447100872,-37.3729248046875,0.0
4495.240657583885,-44.6405029296875,0.0
4496.20684415905,-24.65924072265625,0.0
4497.173030734215,-27.2938232421875,0.0
4498.13921730938,-26.21990966796875,0.0
4499.105403884545,-2.7816162109375,0.0
4500.07159045971,9.486328125,0.0
4501.037777034875,4.011474609375,0.0
4502.00396361004,30.76544189453125,0.0
4502.970150185205,42.23577880859375,0.0
4503.93633676037,55.85870361328125,0.0
4504.902523335535,67.14459228515625,0.0
4505.8687099107,71.9114990234375,0.0
4506.834896485865,61.4486083984375,0.0
4507.80108306103,69.82403564453125,0.0
4508.767269636195,61.308837890625,0.0
4509.73345621136,53.15802001953125,0.0
4510.699642786525,62.1707763671875,0.0
4511.66582936169,50.592529296875,0.0
4512.632015936855,58.2376708984375,0.0
4513.59820251202,58.04071044921875,0.0
4514.564389087185,47.7862548828125,0.0
4515.53057566235,42.8953857421875,0.0
4516.496762237515,49.34832763671875,0.0
4517.46294881268,54.82818603515625,0.0
4518.429135387845,59.1641845703125,0.0
4519.39532196301,43.24530029296875,0.0
4520.361508538175,36.2022705078125,0.0
4521.32769511334,42.89447021484375,0.0
4522.293881688505,39.69537353515625,0.0
4523.26006826367,38.73529052734375,0.0
4524.226254838835,20.895263671875,0.0
4525.192441414,8.2625732421875,0.0
4526.158627989165,-16.193603515625,0.0
4527.12481456433,-50.41314697265625,0.0
4528.091001139495,-59.68927001953125,0.0
4529.05718771466,-75.73406982421875,0.0
4530.023374289825,-68.6561279296875,0.0
4530.98956086499,-90.0689697265625,0.0
4531.955747440155,-96.35205078125,0.0
4532.92193401532,-88.1387939453125,0.0
4533.888120590485,-82.58184814453125,0.0
4534.85430716565,-71.623779296875,0.0
4535.820493740815,-64.3837890625,0.0
4536.78668031598,-79.5843505859375,0.0
4537.7528668911455,-77.68505859375,0.0
4538.71905346631,-66.44464111328125,0.0
4539.6852400414755,-54.47833251953125,0.0
4540.65142661664,-60.15789794921875,0.0
4541.6176131918055,-60.39703369140625,0.0
4542.58379976697,-46.803955078125,0.0
4543.5499863421355,-54.654296875,0.0
4544.5161729173,-60.3726806640625,0.0
4545.482359492466,-66.0399169921875,0.0
4546.44854606763,-49.0213623046875,0.0
4547.414732642796,-67.27630615234375,0.0
4548.38091921796,-80.40985107421875,0.0
4549.347105793126,-72.34100341796875,0.0
4550.31329236829,-72.62158203125,0.0
4551.279478943456,-74.9541015625,0.0
4552.24566551862,-62.8978271484375,0.0
4553.211852093786,-20.26861572265625,0.0
4554.17803866895,8.0029296875,0.0
4555.144225244116,-0.52545166015625,0.0
4556.11041181928,6.86541748046875,0.0
4557.076598394445,16.7364501953125,0.0
4558.04278496961,24.0185546875,0.0
4559.008971544775,20.6407470703125,0.0
4559.97515811994,49.27362060546875,0.0
4560.941344695105,46.7835693359375,0.0
4561.90753127027,39.2763671875,0.0
4562.873717845435,35.9801025390625,0.0
4563.8399044206,27.4818115234375,0.0
4564.806090995765,22.898681640625,0.0
4565.77227757093,19.3428955078125,0.0
4566.738464146095,24.3294677734375,0.0
4567.70465072126,30.31982421875,0.0
4568.670837296425,19.69451904296875,0.0
4569.63702387159,33.6397705078125,0.0
4570.603210446755,36.732421875,0.0
4571.56939702192,27.33245849609375,0.0
4572.535583597085,15.97027587890625,0.0
4573.50177017225,27.5118408203125,0.0
4574.467956747415,27.06427001953125,0.0
4575.43414332258,22.54632568359375,0.0
4576.400329897745,26.63165283203125,0.0
4577.36651647291,15.078125,0.0
4578.332703048075,-1.2984619140625,0.0
4579.29888962324,-9.6839599609375,0.0
4580.265076198405,-21.55206298828125,0.0
4581.23126277357,-22.6624755859375,0.0
4582.197449348735,-22.25811767578125,0.0
4583.1636359239,-31.22357177734375,0.0
4584.129822499065,-32.61968994140625,0.0
4585.09600907423,-30.3997802734375,0.0
4586.062195649395,-13.459075927734375,0.0
4587.02838222456,-14.13861083984375,0.0
4587.994568799725,-12.67987060546875,0.0
4588.96075537489,-0.72772216796875,0.0
4589.926941950055,-9.89599609375,0.0
4590.89312852522,-23.4639892578125,0.0
4591.859315100385,-23.71160888671875,0.0
4592.82550167555,-16.4967041015625,0.0
4593.791688250715,-15.779541015625,0.0
4594.75787482588,-17.130859375,0.0
4595.724061401045,-37.61065673828125,0.0
4596.69024797621,-26.9498291015625,0.0
4597.656434551375,-27.4818115234375,0.0
4598.62262112654,-35.4102783203125,0.0
4599.588807701705,-36.35394287109375,0.0
4600.55499427687,-21.91790771484375,0.0
4601.521180852035,-29.59197998046875,0.0
4602.4873674272,-20.72845458984375,0.0
4603.453554002365,-19.236328125,0.0
4604.41974057753,-18.72381591796875,0.0
4605.385927152695,-11.7548828125,0.0
4606.35211372786,2.32073974609375,0.0
4607.318300303025,-0.9476318359375,0.0
4608.28448687819,0.0,0.0
4609.250673453355,23.55255126953125,0.0
4610.21686002852,25.0545654296875,0.0
4611.183046603685,18.74859619140625,0.0
4612.14923317885,18.88720703125,0.0
4613.115419754015,32.3001708984375,0.0
4614.08160632918,29.52044677734375,0.0
4615.047792904345,14.06536865234375,0.0
4616.01397947951,8.4893798828125,0.0
4616.980166054675,13.541015625,0.0
4617.9463526298405,19.0186767578125,0.0
4618.912539205005,29.4991455078125,0.0
4619.8787257801705,21.71990966796875,0.0
4620.844912355335,4.08819580078125,0.0
4621.8110989305005,-5.95751953125,0.0
4622.777285505665,-5.20635986328125,0.0
4623.7434720808305,6.2095947265625,0.0
4624.709658655995,1.8663330078125,0.0
4625.675845231161,-11.1256103515625,0.0
4626.642031806325,-18.25067138671875,0.0
4627.608218381491,-15.88958740234375,0.0
4628.574404956655,-11.03350830078125,0.0
4629.540591531821,19.568115234375,0.0
4630.506778106985,-13.541015625,0.0
4631.472964682151,-9.38604736328125,0.0
4632.439151257315,6.66900634765625,0.0
4633.405337832481,40.90301513671875,0.0
4634.371524407645,20.91802978515625,0.0
4635.33771098281,7.04449462890625,0.0
4636.303897557975,15.3377685546875,0.0
4637.27008413314,7.0877685546875,0.0
4638.236270708305,21.95489501953125,0.0
4639.20245728347,27.70574951171875,0.0
4640.168643858635,19.7919921875,0.0
4641.1348304338,9.4951171875,0.0
4642.101017008965,0.81646728515625,0.0
4643.06720358413,37.24432373046875,0.0
4644.033390159295,24.17755126953125,0.0
4644.99957673446,11.67578125,0.0
4645.965763309625,-1.66546630859375,0.0
4646.93194988479,1.66546630859375,0.0
4647.898136459955,-40.072998046875,0.0
4648.86432303512,-63.60284423828125,0.0
4649.830509610285,-34.08538818359375,0.0
4650.79669618545,-26.96380615234375,0.0
4651.762882760615,-18.91607666015625,0.0
4652.72906933578,-4.43017578125,0.0
4653.695255910945,17.55145263671875,0.0
4654.66144248611,20.91949462890625,0.0
4655.627629061275,31.6427001953125,0.0
4656.59381563644,53.65863037109375,0.0
4657.560002211605,39.02362060546875,0.0
4658.52618878677,23.9971923828125,0.0
4659.492375361935,38.27886962890625,0.0
4660.4585619371,49.8741455078125,0.0
4661.424748512265,9.27056884765625,0.0
4662.39093508743,-6.06298828125,0.0
4663.357121662595,15.78778076171875,0.0
4664.32330823776,27.68572998046875,0.0
4665.289494812925,-14.54571533203125,0.0
4666.25568138809,-14.43658447265625,0.0
4667.221867963255,-33.9415283203125,0.0
4668.18805453842,-41.683349609375,0.0
4669.154241113585,-2.84051513671875,0.0
4670.12042768875,-52.9056396484375,0.0
4671.086614263915,-34.50555419921875,0.0
4672.05280083908,-22.47979736328125,0.0
4673.018987414245,-19.0833740234375,0.0
4673.98517398941,-18.02239990234375,0.0
4674.951360564575,11.019287109375,0.0
4675.91754713974,-3.06390380859375,0.0
4676.883733714905,-7.834716796875,0.0
4677.84992029007,2.558349609375,0.0
4678.816106865235,-8.1988525390625,0.0
4679.7822934404,-12.86920166015625,0.0
4680.748480015565,-7.2269287109375,0.0
4681.71466659073,-13.51373291015625,0.0
4682.680853165895,-35.9039306640625,0.0
4683.64703974106,-20.19573974609375,0.0
4684.613226316225,12.60626220703125,0.0
4685.57941289139,14.17034912109375,0.0
4686.545599466555,10.448974609375,0.0
4687.51178604172,10.32794189453125,0.0
4688.477972616885,-4.0877685546875,0.0
4689.44415919205,-8.849609375,0.0
4690.410345767215,4.57781982421875,0.0
4691.37653234238,0.5491943359375,0.0
4692.342718917545,-15.77337646484375,0.0
4693.30890549271,10.8572998046875,0.0
4694.275092067875,0.180419921875,0.0
4695.24127864304,7.642333984375,0.0
4696.2074652182055,-15.11431884765625,0.0
4697.17365179337,13.01373291015625,0.0
4698.1398383685355,12.49432373046875,0.0
4699.1060249437,-4.969970703125,0.0
4700.0722115188655,-16.27197265625,0.0
4701.03839809403,-23.67108154296875,0.0
4702.0045846691955,-37.40509033203125,0.0
4702.97077124436,-34.86627197265625,0.0
4703.936957819526,-21.29205322265625,0.0
4704.90314439469,-31.91241455078125,0.0
4705.869330969856,-47.202392578125,0.0
4706.83551754502,-29.459716796875,0.0
4707.801704120186,-26.1212158203125,0.0
4708.76789069535,-22.39141845703125,0.0
4709.734077270516,-16.9197998046875,0.0
4710.70026384568,-14.4486083984375,0.0
4711.666450420846,-2.195556640625,0.0
4712.63263699601,7.8599853515625,0.0
4713.598823571175,-12.55029296875,0.0
4714.56501014634,19.76165771484375,0.0
4715.531196721505,26.47540283203125,0.0
4716.49738329667,24.72186279296875,0.0
4717.463569871835,15.55169677734375,0.0
4718.429756447,19.44268798828125,0.0
4719.395943022165,31.62054443359375,0.0
4720.36212959733,35.835693359375,0.0
4721.328316172495,43.74224853515625,0.0
4722.29450274766,50.19598388671875,0.0
4723.260689322825,44.38623046875,0.0
4724.22687589799,46.15802001953125,0.0
4725.193062473155,32.51470947265625,0.0
4726.15924904832,26.0802001953125,0.0
4727.125435623485,0.377685546875,0.0
4728.09162219865,-1.55029296875,0.0
4729.057808773815,-5.13055419921875,0.0
4730.02399534898,-13.072998046875,0.0
4730.990181924145,-11.12689208984375,0.0
4731.95636849931,-22.431640625,0.0
4732.922555074475,-32.18719482421875,0.0
4733.88874164964,-32.72064208984375,0.0
4734.854928224805,-22.57537841796875,0.0
4735.82111479997,-17.08074951171875,0.0
4736.787301375135,-9.58538818359375,0.0
4737.7534879503,-0.377685546875,0.0
4738.719674525465,15.82550048828125,0.0
4739.68586110063,4.408203125,0.0
4740.652047675795,9.548583984375,0.0
4741.61823425096,11.983154296875,0.0
4742.584420826125,17.56512451171875,0.0
4743.55060740129,20.72052001953125,0.0
4744.516793976455,28.6011962890625,0.0
4745.48298055162,16.48065185546875,0.0
4746.449167126785,5.4747314453125,0.0
4747.41535370195,26.0965576171875,0.0
4748.381540277115,39.18438720703125,0.0
4749.34772685228,17.14471435546875,0.0
4750.313913427445,10.63201904296875,0.0
4751.28010000261,13.67498779296875,0.0
4752.246286577775,18.22271728515625,0.0
4753.21247315294,9.766845703125,0.0
4754.178659728105,7.607177734375,0.0
4755.14484630327,8.9599609375,0.0
4756.111032878435,10.02490234375,0.0
4757.0772194536,1.5018310546875,0.0
4758.043406028765,-9.00177001953125,0.0
4759.00959260393,4.466796875,0.0
4759.975779179095,12.17645263671875,0.0
4760.94196575426,-16.60357666015625,0.0
4761.908152329425,-24.15411376953125,0.0
4762.87433890459,-39.40411376953125,0.0
4763.840525479755,-37.38330078125,0.0
4764.80671205492,-34.9666748046875,0.0
4765.772898630085,-56.9393310546875,0.0
4766.73908520525,-57.82244873046875,0.0
4767.705271780415,-50.35784912109375,0.0
4768.67145835558,-42.21295166015625,0.0
4769.637644930745,-28.6927490234375,0.0
4770.60383150591,-26.2379150390625,0.0
4771.570018081075,-18.81671142578125,0.0
4772.53620465624,-2.22332763671875,0.0
4773.5023912314045,4.5096435546875,0.0
4774.4685778065705,7.2613525390625,0.0
4775.434764381735,7.6109619140625,0.0
4776.4009509569005,6.0963134765625,0.0
4777.367137532065,14.263671875,0.0
4778.3333241072305,14.5595703125,0.0
4779.299510682395,5.902099609375,0.0
4780.2656972575605,8.14501953125,0.0
4781.231883832725,-2.02789306640625,0.0
4782.198070407891,-10.139892578125,0.0
4783.164256983055,-16.9801025390625,0.0
4784.130443558221,-18.29266357421875,0.0
4785.096630133385,-15.17071533203125,0.0
4786.062816708551,-18.4410400390625,0.0
4787.029003283715,-32.50286865234375,0.0
4787.995189858881,-41.90289306640625,0.0
4788.961376434045,-19.60919189453125,0.0
4789.927563009211,-20.48187255859375,0.0
4790.893749584375,-20.60089111328125,0.0
4791.85993615954,-7.242431640625,0.0
4792.826122734705,6.2454833984375,0.0
4793.79230930987,12.765869140625,0.0
4794.758495885035,3.213623046875,0.0
4795.7246824602,18.9622802734375,0.0
4796.690869035365,19.82421875,0.0
4797.65705561053,23.80548095703125,0.0
4798.623242185695,21.9354248046875,0.0
4799.58942876086,28.4892578125,0.0
4800.555615336025,10.751953125,0.0
4801.52180191119,15.690185546875,0.0
4802.487988486355,0.0,0.0
4803.45417506152,9.56622314453125,0.0
4804.420361636685,10.47210693359375,0.0
4805.38654821185,15.41802978515625,0.0
4806.352734787015,11.42529296875,0.0
4807.31892136218,-6.8939208984375,0.0
4808.285107937345,-6.98944091796875,0.0
4809.25129451251,10.5653076171875,0.0
4810.217481087675,-0.953125,0.0
4811.18366766284,-11.9039306640625,0.0
4812.149854238005,19.512939453125,0.0
4813.11604081317,20.58746337890625,0.0
4814.082227388335,40.0626220703125,0.0
4815.0484139635,17.82000732421875,0.0
4816.014600538665,4.6087646484375,0.0
4816.98078711383,14.890380859375,0.0
4817.946973688995,27.9334716796875,0.0
4818.91316026416,31.29864501953125,0.0
4819.879346839325,35.62921142578125,0.0
4820.84553341449,32.980194091796875,0.0
4821.811719989655,22.23870849609375,0.0
4822.77790656482,23.42816162109375,0.0
4823.744093139985,8.58349609375,0.0
4824.71027971515,-0.77899169921875,0.0
4825.676466290315,-6.9005126953125,0.0
4826.64265286548,2.51129150390625,0.0
4827.608839440645,-5.00836181640625,0.0
4828.57502601581,-6.4764404296875,0.0
4829.541212590975,-4.43450927734375,0.0
4830.50739916614,5.37493896484375,0.0
4831.473585741305,8.84637451171875,0.0
4832.43977231647,-2.06134033203125,0.0
4833.405958891635,-1.56500244140625,0.0
4834.3721454668,-8.89361572265625,0.0
4835.338332041965,-8.744384765625,0.0
4836.30451861713,4.4888916015625,0.0
4837.270705192295,13.76959228515625,0.0
4838.23689176746,9.092041015625,0.0
4839.203078342625,1.32061767578125,0.0
4840.16926491779,7.23565673828125,0.0
4841.135451492955,-11.4827880859375,0.0
4842.10163806812,-9.20574951171875,0.0
4843.067824643285,-3.19140625,0.0
4844.03401121845,-0.2342529296875,0.0
4845.000197793615,2.7188720703125,0.0
4845.96638436878,-3.303955078125,0.0
4846.932570943945,2.498046875,0.0
4847.89875751911,-0.04168701171875,0.0
4848.864944094275,5.366943359375,0.0
4849.83113066944,9.12786865234375,0.0
4850.797317244605,4.499755859375,0.0
4851.7635038197695,-11.5828857421875,0.0
4852.7296903949355,-37.531494140625,0.0
4853.6958769701,-71.14898681640625,0.0
4854.6620635452655,-82.79998779296875,0.0
4855.62825012043,-86.78228759765625,0.0
4856.5944366955955,-108.51861572265625,0.0
4857.56062327076,-115.4808349609375,0.0
4858.5268098459255,-129.99078369140625,0.0
4859.49299642109,-136.9437255859375,0.0
4860.459182996256,-135.50823974609375,0.0
4861.42536957142,-143.11138916015625,0.0
4862.391556146586,-148.586181640625,0.0
4863.35774272175,-164.3408203125,0.0
4864.323929296916,-152.00830078125,0.0
4865.29011587208,-124.78240966796875,0.0
4866.256302447246,-101.76214599609375,0.0
4867.22248902241,-99.4058837890625,0.0
4868.188675597576,-85.578369140625,0.0
4869.15486217274,-89.28375244140625,0.0
4870.121048747905,-53.28192138671875,0.0
4871.08723532307,-60.93035888671875,0.0
4872.053421898235,-61.42669677734375,0.0
4873.0196084734,-48.87811279296875,0.0
4873.985795048565,-38.795166015625,0.0
4874.95198162373,-24.304931640625,0.0
4875.918168198895,-30.61572265625,0.0
4876.88435477406,-7.82635498046875,0.0
4877.850541349225,14.1923828125,0.0
4878.81672792439,9.97821044921875,0.0
4879.782914499555,22.69287109375,0.0
4880.74910107472,31.45196533203125,0.0
4881.715287649885,32.62103271484375,0.0
4882.68147422505,36.44366455078125,0.0
4883.647660800215,40.12322998046875,0.0
4884.61384737538,14.383544921875,0.0
4885.580033950545,0.205322265625,0.0
4886.54622052571,4.41070556640625,0.0
4887.512407100875,-4.330810546875,0.0
4888.47859367604,-5.30035400390625,0.0
4889.444780251205,-20.97918701171875,0.0
4890.41096682637,-22.58795166015625,0.0
4891.377153401535,5.6163330078125,0.0
4892.3433399767,20.19256591796875,0.0
4893.309526551865,16.61724853515625,0.0
4894.27571312703,42.90252685546875,0.0
4895.241899702195,68.00927734375,0.0
4896.20808627736,62.736541748046875,0.0
4897.174272852525,53.47308349609375,0.0
4898.14045942769,74.42022705078125,0.0
4899.106646002855,68.94903564453125,0.0
4900.07283257802,62.382080078125,0.0
4901.039019153185,66.9267578125,0.0
4902.00520572835,73.03765869140625,0.0
4902.971392303515,11.28021240234375,0.0
4903.93757887868,-7.80279541015625,0.0
4904.903765453845,1.55816650390625,0.0
4905.86995202901,3.5205078125,0.0
4906.836138604175,3.5054931640625,0.0
4907.80232517934,0.61663818359375,0.0
4908.768511754505,-13.83221435546875,0.0
4909.73469832967,-14.15423583984375,0.0
4910.700884904835,-12.12255859375,0.0
4911.66707148,-15.71209716796875,0.0
4912.633258055165,-31.64654541015625,0.0
4913.59944463033,-34.191162109375,0.0
4914.565631205495,-35.228271484375,0.0
4915.53181778066,-28.74810791015625,0.0
4916.498004355825,-34.86083984375,0.0
4917.46419093099,-44.89599609375,0.0
4918.430377506155,-16.05865478515625,0.0
4919.39656408132,-44.18890380859375,0.0
4920.362750656485,-42.1727294921875,0.0
4921.32893723165,-29.746826171875,0.0
4922.295123806815,-36.263427734375,0.0
4923.26131038198,-50.6966552734375,0.0
4924.227496957145,-33.14691162109375,0.0
4925.19368353231,-9.465576171875,0.0
4926.159870107475,-4.09515380859375,0.0
4927.12605668264,-1.89093017578125,0.0
4928.092243257805,6.617431640625,0.0
4929.05842983297,7.12774658203125,0.0
4930.0246164081345,8.52862548828125,0.0
4930.9908029833005,14.55474853515625,0.0
4931.956989558465,12.904296875,0.0
4932.9231761336305,0.0,0.0
4933.889362708795,8.492919921875,0.0
4934.8555492839605,-10.90478515625,0.0
4935.821735859125,-15.16656494140625,0.0
4936.7879224342905,-20.57470703125,0.0
4937.754109009455,-42.44610595703125,0.0
4938.7202955846205,-33.8336181640625,0.0
4939.686482159785,-13.4305419921875,0.0
4940.652668734951,-12.91802978515625,0.0
4941.618855310115,-14.49139404296875,0.0
4942.585041885281,-4.24554443359375,0.0
4943.551228460445,-20.580810546875,0.0
4944.517415035611,13.5684814453125,0.0
4945.483601610775,17.39385986328125,0.0
4946.449788185941,16.39105224609375,0.0
4947.415974761105,22.98828125,0.0
4948.38216133627,19.491943359375,0.0
4949.348347911435,19.51690673828125,0.0
4950.3145344866,6.8616943359375,0.0
4951.280721061765,28.3594970703125,0.0
4952.24690763693,25.5601806640625,0.0
4953.213094212095,-1.99932861328125,0.0
4954.17928078726,-3.39434814453125,0.0
4955.145467362425,21.4971923828125,0.0
4956.11165393759,17.26654052734375,0.0
4957.077840512755,20.35986328125,0.0
4958.04402708792,30.06524658203125,0.0
4959.010213663085,-1.5526123046875,0.0
4959.97640023825,25.7049560546875,0.0
4960.942586813415,39.60784912109375,0.0
4961.90877338858,36.77850341796875,0.0
4962.874959963745,39.05035400390625,0.0
4963.84114653891,57.63287353515625,0.0
4964.807333114075,46.60137939453125,0.0
4965.77351968924,47.10748291015625,0.0
4966.739706264405,50.1334228515625,0.0
4967.70589283957,43.38104248046875,0.0
4968.672079414735,55.46221923828125,0.0
4969.6382659899,73.60430908203125,0.0
4970.604452565065,59.4241943359375,0.0
4971.57063914023,36.42352294921875,0.0
4972.536825715395,7.440185546875,0.0
4973.50301229056,11.20947265625,0.0
4974.469198865725,-2.92962646484375,0.0
4975.43538544089,36.52777099609375,0.0
4976.401572016055,31.69708251953125,0.0
4977.36775859122,23.54193115234375,0.0
4978.333945166385,5.703369140625,0.0
4979.30013174155,-11.94793701171875,0.0
4980.266318316715,-18.87078857421875,0.0
4981.23250489188,-19.16314697265625,0.0
4982.198691467045,-33.5919189453125,0.0
4983.16487804221,-49.43182373046875,0.0
4984.131064617375,-50.186279296875,0.0
4985.09725119254,-66.61663818359375,0.0
4986.063437767705,-72.510009765625,0.0
4987.02962434287,-26.8299560546875,0.0
4987.995810918035,-7.5284423828125,0.0
4988.9619974932,-14.2938232421875,0.0
4989.928184068365,-3.53363037109375,0.0
4990.89437064353,2.38330078125,0.0
4991.860557218695,22.43365478515625,0.0
4992.82674379386,14.8763427734375,0.0
4993.792930369025,12.0013427734375,0.0
4994.75911694419,-2.51177978515625,0.0
4995.725303519355,-2.45477294921875,0.0
4996.69149009452,-12.32342529296875,0.0
4997.657676669685,-22.64654541015625,0.0
4998.62386324485,-28.181884765625,0.0
4999.590049820015,-24.7864990234375,0.0
5000.55623639518,-52.4063720703125,0.0
5001.522422970345,-51.1353759765625,0.0
5002.48860954551,-49.6558837890625,0.0
5003.454796120675,-63.409942626953125,0.0
5004.42098269584,-58.4703369140625,0.0
5005.387169271005,-31.52899169921875,0.0
5006.35335584617,-10.04425048828125,0.0
5007.319542421335,15.91455078125,0.0
5008.2857289964995,7.88043212890625,0.0
5009.251915571665,8.856689453125,0.0
5010.21810214683,14.08001708984375,0.0
5011.1842887219955,15.0147705078125,0.0
5012.15047529716,22.283447265625,0.0
5013.1166618723255,14.2938232421875,0.0
5014.08284844749,-3.68109130859375,0.0
5015.0490350226555,2.97119140625,0.0
5016.01522159782,10.05035400390625,0.0
5016.9814081729855,7.29150390625,0.0
5017.94759474815,-5.11871337890625,0.0
5018.913781323316,2.992919921875,0.0
5019.87996789848,13.57415771484375,0.0
5020.846154473646,11.62518310546875,0.0
5021.81234104881,-8.29742431640625,0.0
5022.778527623976,-21.41998291015625,0.0
5023.74471419914,-33.231689453125,0.0
5024.710900774306,-17.4376220703125,0.0
5025.67708734947,11.192138671875,0.0
5026.643273924635,0.0,0.0
5027.6094604998,-4.4786376953125,0.0
5028.575647074966,13.3057861328125,0.0
5029.54183365013,19.79510498046875,0.0
5030.508020225296,26.3006591796875,0.0
5031.47420680046,31.771240234375,0.0
5032.440393375626,27.3660888671875,0.0
5033.40657995079,10.8939208984375,0.0
5034.372766525956,18.2379150390625,0.0
5035.33895310112,0.0,0.0
5036.305139676286,-15.30303955078125,0.0
5037.27132625145,-18.642333984375,0.0
5038.237512826615,-4.20831298828125,0.0
5039.20369940178,-26.5654296875,0.0
5040.169885976945,-33.42376708984375,0.0
5041.13607255211,-48.76068115234375,0.0
5042.102259127275,-30.56396484375,0.0
5043.06844570244,-8.07720947265625,0.0
5044.034632277605,-39.25531005859375,0.0
5045.00081885277,-41.33319091796875,0.0
5045.967005427935,-4.78125,0.0
5046.9331920031,-3.54644775390625,0.0
5047.899378578265,-9.2940673828125,0.0
5048.86556515343,8.65313720703125,0.0
5049.831751728595,-3.133056640625,0.0
5050.79793830376,-18.66522216796875,0.0
5051.764124878925,1.52490234375,0.0
5052.73031145409,13.09515380859375,0.0
5053.696498029255,14.01214599609375,0.0
5054.66268460442,18.63616943359375,0.0
5055.628871179585,28.827392578125,0.0
5056.59505775475,33.972900390625,0.0
5057.561244329915,51.80841064453125,0.0
5058.52743090508,54.34649658203125,0.0
5059.493617480245,35.304443359375,0.0
5060.45980405541,47.696533203125,0.0
5061.425990630575,56.0560302734375,0.0
5062.39217720574,53.476318359375,0.0
5063.358363780905,54.35577392578125,0.0
5064.32455035607,41.52532958984375,0.0
5065.290736931235,29.944580078125,0.0
5066.2569235064,29.83502197265625,0.0
5067.223110081565,11.44598388671875,0.0
5068.18929665673,4.2998046875,0.0
5069.155483231895,2.3909912109375,0.0
5070.12166980706,15.0433349609375,0.0
5071.087856382225,-5.58306884765625,0.0
5072.05404295739,-16.62652587890625,0.0
5073.020229532555,-4.69329833984375,0.0
5073.98641610772,-8.4193115234375,0.0
5074.952602682885,-7.93865966796875,0.0
5075.91878925805,-5.92236328125,0.0
5076.884975833214,-20.7291259765625,0.0
5077.85116240838,-16.1019287109375,0.0
5078.817348983544,-24.04864501953125,0.0
5079.78353555871,-38.98779296875,0.0
5080.7497221338745,-45.66845703125,0.0
5081.71590870904,-32.0185546875,0.0
5082.6820952842045,-54.196533203125,0.0
5083.64828185937,-32.8133544921875,0.0
5084.6144684345345,-19.702392578125,0.0
5085.5806550097,-24.24090576171875,0.0
5086.5468415848645,-13.49774169921875,0.0
5087.51302816003,-1.28424072265625,0.0
5088.479214735195,24.25799560546875,0.0
5089.4454013103605,12.96331787109375,0.0
5090.411587885525,13.9520263671875,0.0
5091.3777744606905,30.40203857421875,0.0
5092.343961035855,28.04974365234375,0.0
5093.3101476110205,30.89990234375,0.0
5094.276334186185,32.46612548828125,0.0
5095.2425207613505,19.504638671875,0.0
5096.208707336515,2.0054931640625,0.0
5097.174893911681,15.28814697265625,0.0
5098.141080486845,3.09954833984375,0.0
5099.107267062011,-3.63690185546875,0.0
5100.073453637175,-8.3970947265625,0.0
5101.039640212341,-4.159423828125,0.0
5102.005826787505,-5.31402587890625,0.0
5102.972013362671,-5.70098876953125,0.0
5103.938199937835,-8.3121337890625,0.0
5104.904386513001,0.33544921875,0.0
5105.870573088165,-4.20404052734375,0.0
5106.836759663331,-0.501220703125,0.0
5107.802946238495,-8.79193115234375,0.0
5108.769132813661,6.59747314453125,0.0
5109.735319388825,5.450439453125,0.0
5110.701505963991,8.950927734375,0.0
5111.667692539155,19.55389404296875,0.0
5112.633879114321,31.064453125,0.0
5113.600065689485,22.52197265625,0.0
5114.566252264651,33.26214599609375,0.0
5115.532438839815,43.563720703125,0.0
5116.49862541498,42.9813232421875,0.0
5117.464811990145,46.5501708984375,0.0
5118.43099856531,40.90118408203125,0.0
5119.397185140475,30.557861328125,0.0
5120.36337171564,30.04034423828125,0.0
5121.329558290805,22.8319091796875,0.0
5122.29574486597,-4.56689453125,0.0
5123.261931441135,-12.590087890625,0.0
5124.2281180163,-22.83740234375,0.0
5125.194304591465,-31.9239501953125,0.0
5126.16049116663,-25.3046875,0.0
5127.126677741795,-18.912109375,0.0
5128.09286431696,-30.67657470703125,0.0
5129.059050892125,-26.165283203125,0.0
5130.02523746729,-21.671875,0.0
5130.991424042455,-19.1986083984375,0.0
5131.95761061762,-0.7156982421875,0.0
5132.923797192785,-1.61883544921875,0.0
5133.88998376795,-6.3597412109375,0.0
5134.856170343115,13.893585205078125,0.0
5135.82235691828,7.72198486328125,0.0
5136.788543493445,10.314300537109375,0.0
5137.75473006861,6.7037353515625,0.0
5138.720916643775,6.19134521484375,0.0
5139.68710321894,2.49224853515625,0.0
5140.653289794105,3.72503662109375,0.0
5141.61947636927,0.6346435546875,0.0
5142.585662944435,-0.37127685546875,0.0
5143.5518495196,5.9573974609375,0.0
5144.518036094765,5.23101806640625,0.0
5145.48422266993,7.26776123046875,0.0
5146.450409245095,-13.403076171875,0.0
5147.41659582026,-14.2681884765625,0.0
5148.382782395425,-12.114990234375,0.0
5149.34896897059,-10.67950439453125,0.0
5150.315155545755,-7.91644287109375,0.0
5151.28134212092,-7.13677978515625,0.0
5152.247528696085,-5.68597412109375,0.0
5153.21371527125,-1.8887939453125,0.0
5154.179901846415,7.52581787109375,0.0
5155.146088421579,8.59014892578125,0.0
5156.112274996745,21.33209228515625,0.0
5157.078461571909,32.23260498046875,0.0
5158.044648147075,49.6881103515625,0.0
5159.010834722239,26.8431396484375,0.0
5159.977021297405,29.5540771484375,0.0
5160.9432078725695,22.4754638671875,0.0
5161.909394447735,13.351806640625,0.0
5162.8755810228995,16.1142578125,0.0
5163.841767598065,-16.52203369140625,0.0
5164.8079541732295,-52.723876953125,0.0
5165.774140748395,-81.723876953125,0.0
5166.7403273235595,-98.79827880859375,0.0
5167.7065138987255,-127.22882080078125,0.0
5168.67270047389,-145.09722900390625,0.0
5169.6388870490555,-156.8817138671875,0.0
5170.60507362422,-151.85516357421875,0.0
5171.5712601993855,-149.38946533203125,0.0
5172.53744677455,-155.373046875,0.0
5173.5036333497155,-141.5789794921875,0.0
5174.46981992488,-118.19866943359375,0.0
5175.436006500046,-105.1392822265625,0.0
5176.40219307521,-102.01708984375,0.0
5177.368379650376,-96.01043701171875,0.0
5178.33456622554,-79.1875,0.0
5179.300752800706,-58.49267578125,0.0
5180.26693937587,-64.4599609375,0.0
5181.233125951036,-85.89776611328125,0.0
5182.1993125262,-83.21441650390625,0.0
5183.165499101366,-96.15618896484375,0.0
5184.13168567653,-103.76043701171875,0.0
5185.097872251696,-89.75360107421875,0.0
5186.06405882686,-80.62738037109375,0.0
5187.030245402026,-81.7529296875,0.0
5187.99643197719,-52.485107421875,0.0
5188.962618552356,-31.159423828125,0.0
5189.92880512752,-26.17236328125,0.0
5190.894991702686,-13.26007080078125,0.0
5191.86117827785,-0.974365234375,0.0
5192.827364853016,0.26519775390625,0.0
5193.79355142818,16.64166259765625,0.0
5194.759738003345,17.4041748046875,0.0
5195.72592457851,14.3270263671875,0.0
5196.692111153675,27.344970703125,0.0
5197.65829772884,27.6287841796875,0.0
5198.624484304005,36.33184814453125,0.0
5199.59067087917,18.75225830078125,0.0
5200.556857454335,30.43951416015625,0.0
5201.5230440295,36.21563720703125,0.0
5202.489230604665,16.3790283203125,0.0
5203.45541717983,11.57684326171875,0.0
5204.421603754995,0.0,0.0
5205.38779033016,-28.6529541015625,0.0
5206.353976905325,-27.344970703125,0.0
5207.32016348049,-39.83038330078125,0.0
5208.286350055655,-51.09661865234375,0.0
5209.25253663082,-41.99462890625,0.0
5210.218723205985,-35.01336669921875,0.0
5211.18490978115,-15.82867431640625,0.0
5212.151096356315,-8.93023681640625,0.0
5213.11728293148,-4.04278564453125,0.0
5214.083469506645,2.26275634765625,0.0
5215.04965608181,9.293701171875,0.0
5216.015842656975,6.2752685546875,0.0
5216.98202923214,11.84454345703125,0.0
5217.948215807305,18.0382080078125,0.0
5218.91440238247,19.7620849609375,0.0
5219.880588957635,18.32745361328125,0.0
5220.8467755328,28.1842041015625,0.0
5221.812962107965,16.7606201171875,0.0
5222.77914868313,8.29534912109375,0.0
5223.745335258295,0.0,0.0
5224.71152183346,0.0,0.0
5225.677708408625,-14.74951171875,0.0
5226.64389498379,-12.1558837890625,0.0
5227.610081558955,-31.968017578125,0.0
5228.57626813412,-49.176025390625,0.0
5229.542454709285,-21.78350830078125,0.0
5230.50864128445,-15.07427978515625,0.0
5231.474827859615,-18.0382080078125,0.0
5232.44101443478,2.9981689453125,0.0
5233.407201009944,2.63580322265625,0.0
5234.37338758511,19.076171875,0.0
5235.339574160274,30.80908203125,0.0
5236.30576073544,21.7591552734375,0.0
5237.271947310604,37.59326171875,0.0
5238.23813388577,48.35565185546875,0.0
5239.2043204609345,54.898681640625,0.0
5240.1705070361,57.05010986328125,0.0
5241.1366936112645,53.9483642578125,0.0
5242.10288018643,55.27484130859375,0.0
5243.0690667615945,45.216796875,0.0
5244.03525333676,47.23284912109375,0.0
5245.0014399119245,29.63177490234375,0.0
5245.9676264870905,32.72601318359375,0.0
5246.933813062255,16.4495849609375,0.0
5247.8999996374205,23.741455078125,0.0
5248.866186212585,35.2857666015625,0.0
5249.8323727877505,8.83489990234375,0.0
5250.798559362915,-2.423095703125,0.0
5251.7647459380805,2.48577880859375,0.0
5252.730932513245,1.44366455078125,0.0
5253.697119088411,5.8870849609375,0.0
5254.663305663575,3.23895263671875,0.0
5255.629492238741,-0.69488525390625,0.0
5256.595678813905,5.48516845703125,0.0
5257.561865389071,-6.11834716796875,0.0
5258.528051964235,12.3583984375,0.0
5259.494238539401,13.71624755859375,0.0
5260.460425114565,-4.5311279296875,0.0
5261.426611689731,-17.11065673828125,0.0
5262.392798264895,-46.09124755859375,0.0
5263.358984840061,-68.71600341796875,0.0
5264.325171415225,-83.34698486328125,0.0
5265.291357990391,-103.017578125,0.0
5266.257544565555,-114.5751953125,0.0
5267.223731140721,-117.683837890625,0.0
5268.189917715885,-118.31982421875,0.0
5269.156104291051,-125.2593994140625,0.0
5270.122290866215,-113.7008056640625,0.0
5271.088477441381,-105.06561279296875,0.0
5272.054664016545,-107.3023681640625,0.0
5273.02085059171,-89.2998046875,0.0
5273.987037166875,-62.4136962890625,0.0
5274.95322374204,-49.6768798828125,0.0
5275.919410317205,-38.56463623046875,0.0
5276.88559689237,-27.30987548828125,0.0
5277.851783467535,-19.641845703125,0.0
5278.8179700427,-2.224609375,0.0
5279.784156617865,5.5745849609375,0.0
5280.75034319303,-2.24591064453125,0.0
5281.716529768195,3.62188720703125,0.0
5282.68271634336,8.767578125,0.0
5283.648902918525,14.28997802734375,0.0
5284.61508949369,18.65313720703125,0.0
5285.581276068855,32.76690673828125,0.0
5286.54746264402,33.346923828125,0.0
5287.513649219185,35.73126220703125,0.0
5288.47983579435,29.84796142578125,0.0
5289.446022369515,39.16259765625,0.0
5290.41220894468,50.6663818359375,0.0
5291.378395519845,50.1126708984375,0.0
5292.34458209501,46.08941650390625,0.0
5293.310768670175,52.44024658203125,0.0
5294.27695524534,16.99969482421875,0.0
5295.243141820505,15.68548583984375,0.0
5296.20932839567,2.3209228515625,0.0
5297.175514970835,-11.7960205078125,0.0
5298.141701546,-27.098876953125,0.0
5299.107888121165,-14.76312255859375,0.0
5300.07407469633,-7.32244873046875,0.0
5301.040261271495,-7.84613037109375,0.0
5302.00644784666,-3.38848876953125,0.0
5302.972634421825,9.08612060546875,0.0
5303.93882099699,26.74224853515625,0.0
5304.905007572155,36.4039306640625,0.0
5305.87119414732,29.84771728515625,0.0
5306.837380722485,55.3367919921875,0.0
5307.80356729765,55.03863525390625,0.0
5308.769753872815,56.768798828125,0.0
5309.73594044798,54.10302734375,0.0
5310.702127023145,66.73370361328125,0.0
5311.668313598309,43.769775390625,0.0
5312.634500173475,50.81201171875,0.0
5313.600686748639,64.4952392578125,0.0
5314.566873323805,52.7506103515625,0.0
5315.533059898969,42.41754150390625,0.0
5316.499246474135,45.905517578125,0.0
5317.4654330492995,29.507080078125,0.0
5318.431619624465,22.69915771484375,0.0
5319.3978061996295,31.0867919921875,0.0
5320.363992774795,20.480712890625,0.0
5321.3301793499595,10.5618896484375,0.0
5322.296365925125,-2.8690185546875,0.0
5323.2625525002895,-10.17626953125,0.0
5324.228739075455,-22.49603271484375,0.0
5325.19492565062,-33.71588134765625,0.0
5326.1611122257855,-43.5526123046875,0.0
5327.12729880095,-64.73333740234375,0.0
5328.0934853761155,-78.7760009765625,0.0
5329.05967195128,-71.2716064453125,0.0
5330.0258585264455,-69.8267822265625,0.0
5330.99204510161,-70.63922119140625,0.0
5331.9582316767755,-43.08953857421875,0.0
5332.92441825194,-38.18060302734375,0.0
5333.890604827106,-32.706298828125,0.0
5334.85679140227,-16.67236328125,0.0
5335.822977977436,-6.0501708984375,0.0
5336.7891645526,-16.01220703125,0.0
5337.755351127766,-12.0477294921875,0.0
5338.72153770293,0.0,0.0
5339.687724278096,2.8690185546875,0.0
5340.65391085326,-5.07196044921875,0.0
5341.620097428426,-13.6666259765625,0.0
5342.58628400359,-17.9991455078125,0.0
5343.552470578756,-25.010498046875,0.0
5344.51865715392,-15.344970703125,0.0
5345.484843729086,-1.111572265625,0.0
5346.45103030425,-6.7314453125,0.0
5347.417216879416,-12.5103759765625,0.0
5348.38340345458,-14.48590087890625,0.0
5349.349590029746,-9.1968994140625,0.0
5350.31577660491,4.9185791015625,0.0
5351.281963180075,7.80010986328125,0.0
5352.24814975524,15.6480712890625,0.0
5353.214336330405,25.683349609375,0.0
5354.18052290557,31.4124755859375,0.0
5355.146709480735,40.83441162109375,0.0
5356.1128960559,63.99212646484375,0.0
5357.079082631065,53.68914794921875,0.0
5358.04526920623,57.535400390625,0.0
5359.011455781395,61.63946533203125,0.0
5359.97764235656,64.3314208984375,0.0
5360.943828931725,66.2596435546875,0.0
5361.91001550689,46.30841064453125,0.0
5362.876202082055,41.2310791015625,0.0
5363.84238865722,18.29010009765625,0.0
5364.808575232385,11.85888671875,0.0
5365.77476180755,-1.37567138671875,0.0
5366.740948382715,-4.58856201171875,0.0
5367.70713495788,-15.78460693359375,0.0
5368.673321533045,-12.18927001953125,0.0
5369.63950810821,-13.52850341796875,0.0
5370.605694683375,-18.202880859375,0.0
5371.57188125854,-25.9625244140625,0.0
5372.538067833705,-20.7684326171875,0.0
5373.50425440887,5.07196044921875,0.0
5374.470440984035,4.5875244140625,0.0
5375.4366275592,1.13262939453125,0.0
5376.402814134365,6.35394287109375,0.0
5377.36900070953,30.561767578125,0.0
5378.335187284695,31.98065185546875,0.0
5379.30137385986,25.6339111328125,0.0
5380.267560435025,28.632568359375,0.0
5381.23374701019,35.773681640625,0.0
5382.199933585355,16.94927978515625,0.0
5383.16612016052,17.01220703125,0.0
5384.132306735685,11.74761962890625,0.0
5385.09849331085,17.68408203125,0.0
5386.064679886015,25.77777099609375,0.0
5387.03086646118,18.51104736328125,0.0
5387.997053036345,10.324462890625,0.0
5388.96323961151,19.46649169921875,0.0
5389.929426186674,-4.27447509765625,0.0
5390.89561276184,-7.35809326171875,0.0
5391.861799337004,-22.6473388671875,0.0
5392.82798591217,-19.64404296875,0.0
5393.794172487334,-29.48748779296875,0.0
5394.7603590625,-35.56085205078125,0.0
5395.7265456376645,-29.52056884765625,0.0
5396.69273221283,-32.7686767578125,0.0
5397.6589187879945,-36.65521240234375,0.0
5398.62510536316,-42.163818359375,0.0
5399.5912919383245,-22.5660400390625,0.0
5400.55747851349,-26.7689208984375,0.0
5401.5236650886545,-32.7813720703125,0.0
5402.48985166382,-31.40362548828125,0.0
5403.456038238985,-26.45306396484375,0.0
5404.4222248141505,-38.8048095703125,0.0
5405.388411389315,-48.39141845703125,0.0
5406.3545979644805,-50.26690673828125,0.0
5407.320784539645,-67.31634521484375,0.0
5408.2869711148105,-49.9388427734375,0.0
5409.253157689975,-47.3494873046875,0.0
5410.2193442651405,-33.29443359375,0.0
5411.185530840305,-37.850830078125,0.0
5412.151717415471,-17.8804931640625,0.0
5413.117903990635,-11.70098876953125,0.0
5414.084090565801,-2.57861328125,0.0
5415.050277140965,4.24639892578125,0.0
5416.016463716131,22.4508056640625,0.0
5416.982650291295,28.97674560546875,0.0
5417.948836866461,24.90252685546875,0.0
5418.915023441625,33.08685302734375,0.0
5419.881210016791,50.4959716796875,0.0
5420.847396591955,24.932373046875,0.0
5421.813583167121,15.0701904296875,0.0
5422.779769742285,20.3955078125,0.0
5423.745956317451,27.18658447265625,0.0
5424.712142892615,20.7757568359375,0.0
5425.678329467781,3.30194091796875,0.0
5426.644516042945,0.0,0.0
5427.610702618111,18.2691650390625,0.0
5428.576889193275,1.7801513671875,0.0
5429.54307576844,5.61749267578125,0.0
5430.509262343605,7.74163818359375,0.0
5431.47544891877,1.48175048828125,0.0
5432.441635493935,-10.26654052734375,0.0
5433.4078220691,-11.1922607421875,0.0
5434.374008644265,-6.27069091796875,0.0
5435.34019521943,-5.36114501953125,0.0
5436.306381794595,10.21923828125,0.0
5437.27256836976,16.23297119140625,0.0
5438.238754944925,12.626708984375,0.0
5439.20494152009,25.90081787109375,0.0
5440.171128095255,35.62457275390625,0.0
5441.13731467042,20.8211669921875,0.0
5442.103501245585,33.38885498046875,0.0
5443.06968782075,35.0616455078125,0.0
5444.035874395915,21.007568359375,0.0
5445.00206097108,11.87939453125,0.0
5445.968247546245,15.10009765625,0.0
5446.93443412141,3.6142578125,0.0
5447.900620696575,3.163818359375,0.0
5448.86680727174,6.72564697265625,0.0
5449.832993846905,3.97845458984375,0.0
5450.79918042207,-7.784423828125,0.0
5451.765366997235,-6.7220458984375,0.0
5452.7315535724,-3.1162109375,0.0
5453.697740147565,-15.22479248046875,0.0
5454.66392672273,-4.861572265625,0.0
5455.630113297895,-10.8668212890625,0.0
5456.59629987306,-6.68829345703125,0.0
5457.562486448225,-17.888427734375,0.0
5458.52867302339,-3.585693359375,0.0
5459.494859598555,5.77142333984375,0.0
5460.46104617372,-7.75213623046875,0.0
5461.427232748885,4.2208251953125,0.0
5462.39341932405,-4.3890380859375,0.0
5463.359605899215,-0.51141357421875,0.0
5464.32579247438,1.5614013671875,0.0
5465.291979049545,4.1134033203125,0.0
5466.25816562471,6.7166748046875,0.0
5467.224352199875,0.81915283203125,0.0
5468.190538775039,-5.7203369140625,0.0
5469.156725350205,3.32513427734375,0.0
5470.122911925369,13.802001953125,0.0
5471.089098500535,1.55145263671875,0.0
5472.055285075699,-7.13848876953125,0.0
5473.021471650865,-8.96148681640625,0.0
5473.987658226029,-9.79595947265625,0.0
5474.953844801195,-27.8724365234375,0.0
5475.9200313763595,-26.7607421875,0.0
5476.886217951525,-23.26947021484375,0.0
5477.8524045266895,-31.2410888671875,0.0
5478.818591101855,-21.49517822265625,0.0
5479.7847776770195,-25.0908203125,0.0
5480.750964252185,-35.634521484375,0.0
5481.7171508273495,-29.09771728515625,0.0
5482.6833374025155,-10.4866943359375,0.0
5483.64952397768,-12.4296875,0.0
5484.6157105528455,-3.893798828125,0.0
5485.58189712801,-1.9871826171875,0.0
5486.5480837031755,18.21881103515625,0.0
5487.51427027834,12.19482421875,0.0
5488.4804568535055,0.0,0.0
5489.44664342867,1.87567138671875,0.0
5490.412830003836,6.08526611328125,0.0
5491.379016579,9.6806640625,0.0
5492.345203154166,7.4259033203125,0.0
5493.31138972933,-3.44805908203125,0.0
5494.277576304496,-1.8594970703125,0.0
5495.24376287966,13.2476806640625,0.0
5496.209949454826,21.43896484375,0.0
5497.17613602999,13.0938720703125,0.0
5498.142322605156,16.19891357421875,0.0
5499.10850918032,13.71014404296875,0.0
5500.074695755486,28.72760009765625,0.0
5501.04088233065,18.93499755859375,0.0
5502.007068905816,14.06536865234375,0.0
5502.97325548098,10.92730712890625,0.0
5503.939442056146,8.159423828125,0.0
5504.90562863131,-24.18646240234375,0.0
5505.871815206476,-3.993408203125,0.0
5506.83800178164,-1.974609375,0.0
5507.804188356805,-0.58685302734375,0.0
5508.77037493197,-18.18707275390625,0.0
5509.736561507135,-29.23931884765625,0.0
5510.7027480823,-15.8388671875,0.0
5511.668934657465,-9.6632080078125,0.0
5512.63512123263,-12.590087890625,0.0
5513.601307807795,-21.95587158203125,0.0
5514.56749438296,-9.991943359375,0.0
5515.533680958125,-12.57427978515625,0.0
5516.49986753329,-12.17822265625,0.0
5517.466054108455,-7.46875,0.0
5518.43224068362,0.4102783203125,0.0
5519.398427258785,-7.65338134765625,0.0
5520.36461383395,25.09197998046875,0.0
5521.330800409115,3.7796630859375,0.0
5522.29698698428,13.56500244140625,0.0
5523.263173559445,-0.690673828125,0.0
5524.22936013461,-2.7056884765625,0.0
5525.195546709775,-8.9532470703125,0.0
5526.16173328494,-5.26922607421875,0.0
5527.127919860105,-12.73583984375,0.0
5528.09410643527,-15.34710693359375,0.0
5529.060293010435,-22.0238037109375,0.0
5530.0264795856,-16.23260498046875,0.0
5530.992666160765,-13.4088134765625,0.0
5531.95885273593,-16.1671142578125,0.0
5532.925039311095,-4.81591796875,0.0
5533.89122588626,-13.0931396484375,0.0
5534.857412461425,-18.2841796875,0.0
5535.82359903659,-12.14324951171875,0.0
5536.789785611755,-9.1318359375,0.0
5537.75597218692,-4.48187255859375,0.0
5538.722158762085,12.497314453125,0.0
5539.68834533725,18.44964599609375,0.0
5540.654531912415,23.19189453125,0.0
5541.62071848758,25.424560546875,0.0
5542.586905062745,12.85418701171875,0.0
5543.55309163791,13.46380615234375,0.0
5544.519278213075,16.4613037109375,0.0
5545.48546478824,14.4122314453125,0.0
5546.451651363404,26.633056640625,0.0
5547.41783793857,33.6729736328125,0.0
5548.384024513734,38.85784912109375,0.0
5549.3502110889,32.31744384765625,0.0
5550.316397664064,38.01080322265625,0.0
5551.28258423923,39.16058349609375,0.0
5552.248770814394,40.45782470703125,0.0
5553.21495738956,30.2490234375,0.0
5554.1811439647245,19.37841796875,0.0
5555.14733053989,19.18292236328125,0.0
5556.1135171150545,6.2117919921875,0.0
5557.07970369022,12.97125244140625,0.0
5558.0458902653845,23.6707763671875,0.0
5559.01207684055,29.05084228515625,0.0
5559.9782634157145,12.38720703125,0.0
5560.9444499908805,11.11737060546875,0.0
5561.910636566045,9.47137451171875,0.0
5562.8768231412105,13.4088134765625,0.0
5563.843009716375,13.738525390625,0.0
5564.8091962915405,6.99456787109375,0.0
5565.775382866705,6.7266845703125,0.0
5566.7415694418705,-6.0443115234375,0.0
5567.707756017035,-10.38433837890625,0.0
5568.673942592201,-2.9381103515625,0.0
5569.640129167365,-4.82049560546875,0.0
5570.606315742531,-6.61590576171875,0.0
5571.572502317695,-3.280517578125,0.0
5572.538688892861,3.13421630859375,0.0
5573.504875468025,-2.570068359375,0.0
5574.471062043191,-2.3817138671875,0.0
5575.437248618355,2.9588623046875,0.0
5576.403435193521,1.17828369140625,0.0
5577.369621768685,2.50970458984375,0.0
5578.335808343851,-5.31756591796875,0.0
5579.301994919015,-5.4349365234375,0.0
5580.268181494181,7.04168701171875,0.0
5581.234368069345,-7.727783203125,0.0
5582.200554644511,-3.78399658203125,0.0
5583.166741219675,11.0780029296875,0.0
5584.132927794841,0.0,0.0
5585.099114370005,-10.26739501953125,0.0
5586.06530094517,-26.35211181640625,0.0
5587.031487520335,-33.47711181640625,0.0
5587.9976740955,-33.96734619140625,0.0
5588.963860670665,-34.563720703125,0.0
5589.93004724583,-40.74249267578125,0.0
5590.896233820995,-27.0389404296875,0.0
5591.86242039616,-36.172607421875,0.0
5592.828606971325,-18.5850830078125,0.0
5593.79479354649,-13.2889404296875,0.0
5594.760980121655,-12.72808837890625,0.0
5595.72716669682,-19.18658447265625,0.0
5596.693353271985,-25.45526123046875,0.0
5597.65953984715,-15.0379638671875,0.0
5598.625726422315,-18.02386474609375,0.0
5599.59191299748,-17.36578369140625,0.0
5600.558099572645,-18.8841552734375,0.0
5601.52428614781,-17.23431396484375,0.0
5602.490472722975,-8.806884765625,0.0
5603.45665929814,-14.51141357421875,0.0
5604.422845873305,2.288818359375,0.0
5605.38903244847,4.54327392578125,0.0
5606.355219023635,25.27581787109375,0.0
5607.3214055988,41.0765380859375,0.0
5608.287592173965,35.572998046875,0.0
5609.25377874913,43.18524169921875,0.0
5610.219965324295,43.82562255859375,0.0
5611.18615189946,45.2320556640625,0.0
5612.152338474625,35.01568603515625,0.0
5613.11852504979,14.6322021484375,0.0
5614.084711624955,19.72991943359375,0.0
5615.05089820012,4.01446533203125,0.0
5616.017084775285,7.9736328125,0.0
5616.98327135045,4.6328125,0.0
5617.949457925615,0.4300537109375,0.0
5618.91564450078,9.32177734375,0.0
5619.881831075945,8.47369384765625,0.0
5620.84801765111,0.7884521484375,0.0
5621.814204226275,13.71551513671875,0.0
5622.78039080144,2.4102783203125,0.0
5623.746577376605,-4.33111572265625,0.0
5624.712763951769,-7.45977783203125,0.0
5625.678950526935,0.0,0.0
5626.645137102099,-8.15325927734375,0.0
5627.611323677265,-9.81146240234375,0.0
5628.577510252429,4.36083984375,0.0
5629.543696827595,7.7474365234375,0.0
5630.509883402759,12.16259765625,0.0
5631.476069977925,13.427978515625,0.0
5632.4422565530895,10.726318359375,0.0
5633.408443128255,10.99163818359375,0.0
5634.3746297034195,14.01019287109375,0.0
5635.340816278585,-0.6962890625,0.0
5636.3070028537495,12.24749755859375,0.0
5637.273189428915,-0.841064453125,0.0
5638.2393760040795,-8.0635986328125,0.0
5639.205562579245,0.6962890625,0.0
5640.17174915441,7.75140380859375,0.0
5641.1379357295755,-11.96185302734375,0.0
5642.10412230474,-5.21417236328125,0.0
5643.0703088799055,5.31640625,0.0
5644.03649545507,-6.79901123046875,0.0
5645.0026820302355,-8.58062744140625,0.0
5645.9688686054,-1.75970458984375,0.0
5646.9350551805655,-7.0340576171875,0.0
5647.90124175573,-4.13348388671875,0.0
5648.867428330896,7.5155029296875,0.0
5649.83361490606,12.27996826171875,0.0
5650.799801481226,12.17510986328125,0.0
5651.76598805639,7.65869140625,0.0
5652.732174631556,3.89581298828125,0.0
5653.69836120672,-2.4525146484375,0.0
5654.664547781886,-21.25146484375,0.0
5655.63073435705,-9.32305908203125,0.0
5656.596920932216,0.34674072265625,0.0
5657.56310750738,-3.675048828125,0.0
5658.529294082546,-21.0675048828125,0.0
5659.49548065771,-19.47979736328125,0.0
5660.461667232876,-33.25286865234375,0.0
5661.42785380804,-13.1864013671875,0.0
5662.394040383206,-28.7679443359375,0.0
5663.36022695837,-34.30535888671875,0.0
5664.326413533535,-18.8017578125,0.0
5665.2926001087,-12.18096923828125,0.0
5666.258786683865,-21.25115966796875,0.0
5667.22497325903,-14.0928955078125,0.0
5668.191159834195,-4.7484130859375,0.0
5669.15734640936,0.0,0.0
5670.123532984525,4.7396240234375,0.0
5671.08971955969,13.6785888671875,0.0
5672.055906134855,1.8004150390625,0.0
5673.02209271002,7.23345947265625,0.0
5673.988279285185,12.04052734375,0.0
5674.95446586035,24.47186279296875,0.0
5675.920652435515,37.9136962890625,0.0
5676.88683901068,24.34423828125,0.0
5677.853025585845,20.31488037109375,0.0
5678.81921216101,14.1943359375,0.0
5679.785398736175,13.37646484375,0.0
5680.75158531134,15.37957763671875,0.0
5681.717771886505,9.82452392578125,0.0
5682.68395846167,3.357666015625,0.0
5683.650145036835,-2.742431640625,0.0
5684.616331612,-0.062255859375,0.0
5685.582518187165,-2.81158447265625,0.0
5686.54870476233,-23.61865234375,0.0
5687.514891337495,-14.2418212890625,0.0
5688.48107791266,5.9117431640625,0.0
5689.447264487825,1.24658203125,0.0
5690.41345106299,-2.69390869140625,0.0
5691.379637638155,-13.8106689453125,0.0
5692.34582421332,-3.2337646484375,0.0
5693.312010788485,6.86212158203125,0.0
5694.27819736365,10.11944580078125,0.0
5695.244383938815,7.59393310546875,0.0
5696.21057051398,10.75164794921875,0.0
5697.176757089145,-0.5037841796875,0.0
5698.14294366431,-3.86474609375,0.0
5699.109130239475,-4.22003173828125,0.0
5700.07531681464,-2.4119873046875,0.0
5701.041503389805,-16.535888671875,0.0
5702.00768996497,-2.0220947265625,0.0
5702.973876540134,-17.31243896484375,0.0
5703.9400631153,-16.4158935546875,0.0
5704.906249690464,-24.2608642578125,0.0
5705.87243626563,-21.71356201171875,0.0
5706.838622840794,-38.5125732421875,0.0
5707.80480941596,-40.7493896484375,0.0
5708.770995991124,-41.82379150390625,0.0
5709.73718256629,-38.8153076171875,0.0
5710.7033691414545,-46.30035400390625,0.0
5711.66955571662,-35.32025146484375,0.0
5712.6357422917845,-16.42626953125,0.0
5713.60192886695,-26.145751953125,0.0
5714.5681154421145,-15.28265380859375,0.0
5715.53430201728,-0.63916015625,0.0
5716.5004885924445,-8.20208740234375,0.0
5717.46667516761,1.43951416015625,0.0
5718.432861742775,-3.70965576171875,0.0
5719.3990483179405,2.6612548828125,0.0
5720.365234893105,6.8963623046875,0.0
5721.3314214682705,2.5931396484375,0.0
5722.297608043435,-1.34295654296875,0.0
5723.2637946186005,9.7003173828125,0.0
5724.229981193765,27.89874267578125,0.0
5725.1961677689305,0.0,0.0
5726.162354344095,26.82452392578125,0.0
5727.128540919261,22.3505859375,0.0
5728.094727494425,31.71942138671875,0.0
5729.060914069591,17.8763427734375,0.0
5730.027100644755,19.825927734375,0.0
5730.993287219921,27.2081298828125,0.0
5731.959473795085,30.96612548828125,0.0
5732.925660370251,23.93780517578125,0.0
5733.891846945415,22.2840576171875,0.0
5734.858033520581,25.77362060546875,0.0
5735.824220095745,12.2288818359375,0.0
5736.790406670911,5.05914306640625,0.0
5737.756593246075,14.66986083984375,0.0
5738.722779821241,12.557861328125,0.0
5739.688966396405,14.56842041015625,0.0
5740.655152971571,7.833740234375,0.0
5741.621339546735,11.9412841796875,0.0
5742.5875261219,12.403564453125,0.0
5743.553712697065,23.68585205078125,0.0
5744.51989927223,9.73309326171875,0.0
5745.486085847395,11.1558837890625,0.0
5746.45227242256,6.9849853515625,0.0
5747.418458997725,-5.7811279296875,0.0
5748.38464557289,-10.035369873046875,0.0
5749.350832148055,-27.81201171875,0.0
5750.31701872322,-15.27490234375,0.0
5751.283205298385,-18.08038330078125,0.0
5752.24939187355,-9.56195068359375,0.0
5753.215578448715,-0.9384765625,0.0
5754.18176502388,-11.256591796875,0.0
5755.147951599045,-13.35540771484375,0.0
5756.11413817421,-4.0531005859375,0.0
5757.080324749375,4.1942138671875,0.0
5758.04651132454,2.053955078125,0.0
5759.012697899705,-5.7855224609375,0.0
5759.97888447487,-7.1307373046875,0.0
5760.945071050035,6.8145751953125,0.0
5761.9112576252,11.94500732421875,0.0
5762.877444200365,3.2193603515625,0.0
5763.84363077553,-2.3812255859375,0.0
5764.809817350695,-3.9500732421875,0.0
5765.77600392586,0.14263916015625,0.0
5766.742190501025,16.7999267578125,0.0
5767.70837707619,-4.93646240234375,0.0
5768.674563651355,-5.7962646484375,0.0
5769.64075022652,-6.1986083984375,0.0
5770.606936801685,11.6533203125,0.0
5771.57312337685,24.0340576171875,0.0
5772.539309952015,9.011474609375,0.0
5773.50549652718,-1.23699951171875,0.0
5774.471683102345,0.0,0.0
5775.43786967751,1.21209716796875,0.0
5776.404056252675,13.0552978515625,0.0
5777.37024282784,-6.64520263671875,0.0
5778.336429403005,-10.335662841796875,0.0
5779.30261597817,-24.146392822265625,0.0
5780.268802553335,-48.615875244140625,0.0
5781.234989128499,-51.189208984375,0.0
5782.201175703665,-50.59423828125,0.0
5783.167362278829,-60.248504638671875,0.0
5784.133548853995,-48.29156494140625,0.0
5785.099735429159,-30.36041259765625,0.0
5786.065922004325,-26.092071533203125,0.0
5787.032108579489,-40.800079345703125,0.0
5787.998295154655,-37.752655029296875,0.0
5788.964481729819,-29.025299072265625,0.0
5789.930668304985,-28.575408935546875,0.0
5790.8968548801495,-18.566070556640625,0.0
5791.863041455315,-15.825469970703125,0.0
5792.8292280304795,-9.293426513671875,0.0
5793.795414605645,1.76678466796875,0.0
5794.7616011808095,-4.277923583984375,0.0
5795.727787755975,-8.1424560546875,0.0
5796.6939743311395,4.428466796875,0.0
5797.6601609063055,9.55487060546875,0.0
5798.62634748147,2.34783935546875,0.0
5799.5925340566355,-9.4007568359375,0.0
5800.5587206318,5.9583740234375,0.0
5801.5249072069655,3.70599365234375,0.0
5802.49109378213,0.73455810546875,0.0
5803.4572803572955,17.32879638671875,0.0
5804.42346693246,8.68621826171875,0.0
5805.389653507626,4.6612548828125,0.0
5806.35584008279,-9.5775146484375,0.0
5807.322026657956,7.12530517578125,0.0
5808.28821323312,12.83709716796875,0.0
5809.254399808286,9.63427734375,0.0
5810.22058638345,4.4639892578125,0.0
5811.186772958616,-14.04193115234375,0.0
5812.15295953378,8.93023681640625,0.0
5813.119146108946,11.65924072265625,0.0
5814.08533268411,0.83868408203125,0.0
5815.051519259276,-4.954620361328125,0.0
5816.01770583444,-8.079376220703125,0.0
5816.983892409606,-7.015411376953125,0.0
5817.95007898477,2.53375244140625,0.0
5818.916265559936,18.19512939453125,0.0
5819.8824521351,5.96429443359375,0.0
5820.848638710265,4.316162109375,0.0
5821.81482528543,-14.8101806640625,0.0
5822.781011860595,-16.777008056640625,0.0
5823.74719843576,8.72265625,0.0
5824.713385010925,6.74334716796875,0.0
5825.67957158609,2.473846435546875,0.0
5826.645758161255,9.6619873046875,0.0
5827.61194473642,9.2576904296875,0.0
5828.578131311585,13.713623046875,0.0
5829.54431788675,25.72607421875,0.0
5830.510504461915,19.67437744140625,0.0
5831.47669103708,12.0577392578125,0.0
5832.442877612245,28.2222900390625,0.0
5833.40906418741,25.739013671875,0.0
5834.375250762575,11.56976318359375,0.0
5835.34143733774,11.24334716796875,0.0
5836.307623912905,6.79193115234375,0.0
5837.27381048807,-0.835205078125,0.0
5838.239997063235,0.37188720703125,0.0
5839.2061836384,6.977294921875,0.0
5840.172370213565,-1.9173583984375,0.0
5841.13855678873,-1.04302978515625,0.0
5842.104743363895,4.31024169921875,0.0
5843.07092993906,4.26080322265625,0.0
5844.037116514225,7.5126953125,0.0
5845.00330308939,-0.71002197265625,0.0
5845.969489664555,9.9786376953125,0.0
5846.93567623972,17.110595703125,0.0
5847.901862814885,-2.02069091796875,0.0
5848.86804939005,0.0,0.0
5849.834235965215,-6.70166015625,0.0
5850.80042254038,-9.5748291015625,0.0
5851.766609115545,-5.651702880859375,0.0
5852.73279569071,2.11260986328125,0.0
5853.698982265875,8.977569580078125,0.0
5854.66516884104,-17.28515625,0.0
5855.631355416205,-9.30572509765625,0.0
5856.59754199137,-32.10113525390625,0.0
5857.563728566535,-24.8994140625,0.0
5858.5299151417,-4.1314697265625,0.0
5859.496101716864,-21.863128662109375,0.0
5860.46228829203,-7.75762939453125,0.0
5861.428474867194,-3.02276611328125,0.0
5862.39466144236,-12.49627685546875,0.0
5863.360848017524,6.11175537109375,0.0
5864.32703459269,10.6162109375,0.0
5865.293221167854,7.248291015625,0.0
5866.25940774302,0.0,0.0
5867.225594318184,-8.46856689453125,0.0
5868.19178089335,-10.13873291015625,0.0
5869.1579674685145,0.0,0.0
5870.12415404368,4.00994873046875,0.0
5871.0903406188445,14.85546875,0.0
5872.05652719401,12.64056396484375,0.0
5873.0227137691745,16.57965087890625,0.0
5873.98890034434,19.66082763671875,0.0
5874.9550869195045,11.8546142578125,0.0
5875.9212734946705,10.58782958984375,0.0
5876.887460069835,8.950927734375,0.0
5877.8536466450005,7.25018310546875,0.0
5878.819833220165,8.60406494140625,0.0
5879.7860197953305,-14.05462646484375,0.0
5880.752206370495,-2.0760498046875,0.0
5881.7183929456605,-12.5118408203125,0.0
5882.684579520825,10.34735107421875,0.0
5883.650766095991,-4.6165771484375,0.0
5884.616952671155,-25.42608642578125,0.0
5885.583139246321,-56.984375,0.0
5886.549325821485,-63.2900390625,0.0
5887.515512396651,-78.28009033203125,0.0
5888.481698971815,-98.9560546875,0.0
5889.447885546981,-96.3140869140625,0.0
5890.414072122145,-103.82183837890625,0.0
5891.380258697311,-128.35284423828125,0.0
5892.346445272475,-151.6319580078125,0.0
5893.312631847641,-154.991943359375,0.0
5894.278818422805,-131.922119140625,0.0
5895.245004997971,-129.74957275390625,0.0
5896.211191573135,-137.1343994140625,0.0
5897.177378148301,-108.435791015625,0.0
5898.143564723465,-97.14251708984375,0.0
5899.10975129863,-90.3758544921875,0.0
5900.075937873795,-73.15142822265625,0.0
5901.04212444896,-60.891357421875,0.0
5902.008311024125,-51.1397705078125,0.0
5902.97449759929,-36.43701171875,0.0
5903.940684174455,-38.43017578125,0.0
5904.90687074962,-27.759765625,0.0
5905.873057324785,-8.47113037109375,0.0
5906.83924389995,-3.7880859375,0.0
5907.805430475115,9.4354248046875,0.0
5908.77161705028,3.35296630859375,0.0
5909.737803625445,6.29205322265625,0.0
5910.70399020061,0.5491943359375,0.0
5911.670176775775,11.655029296875,0.0
5912.63636335094,10.738037109375,0.0
5913.602549926105,23.52130126953125,0.0
5914.56873650127,0.0,0.0
5915.534923076435,5.08953857421875,0.0
5916.5011096516,19.6973876953125,0.0
5917.467296226765,-1.78338623046875,0.0
5918.43348280193,0.648681640625,0.0
5919.399669377095,-4.93817138671875,0.0
5920.36585595226,8.47796630859375,0.0
5921.332042527425,22.80133056640625,0.0
5922.29822910259,20.0194091796875,0.0
5923.264415677755,18.56097412109375,0.0
5924.23060225292,25.59161376953125,0.0
5925.196788828085,26.03118896484375,0.0
5926.16297540325,2.740478515625,0.0
5927.129161978415,-11.46966552734375,0.0
5928.09534855358,-12.7012939453125,0.0
5929.061535128745,2.67718505859375,0.0
5930.02772170391,0.30914306640625,0.0
5930.993908279075,7.6055908203125,0.0
5931.96009485424,10.248626708984375,0.0
5932.926281429405,14.3565673828125,0.0
5933.89246800457,6.283447265625,0.0
5934.858654579735,-1.47637939453125,0.0
5935.8248411549,4.570770263671875,0.0
5936.791027730065,1.10369873046875,0.0
5937.757214305229,-9.3795166015625,0.0
5938.723400880395,4.6060791015625,0.0
5939.689587455559,7.40191650390625,0.0
5940.655774030725,-4.14886474609375,0.0
5941.621960605889,3.641082763671875,0.0
5942.588147181055,-7.49560546875,0.0
5943.554333756219,-7.948577880859375,0.0
5944.520520331385,-9.759429931640625,0.0
5945.486706906549,-10.5079345703125,0.0
5946.452893481715,-1.1708984375,0.0
5947.4190800568795,-5.24920654296875,0.0
5948.385266632045,-0.9713134765625,0.0
5949.3514532072095,10.887939453125,0.0
5950.317639782375,2.23089599609375,0.0
5951.2838263575395,8.5491943359375,0.0
5952.250012932705,-3.84014892578125,0.0
5953.2161995078695,12.8538818359375,0.0
5954.182386083035,6.1484375,0.0
5955.1485726582,-6.50244140625,0.0
5956.1147592333655,-4.33941650390625,0.0
5957.08094580853,-7.15960693359375,0.0
5958.0471323836955,-0.92657470703125,0.0
5959.01331895886,7.789520263671875,0.0
5959.9795055340255,3.96710205078125,0.0
5960.94569210919,8.295166015625,0.0
5961.9118786843555,16.810791015625,0.0
5962.87806525952,-0.38360595703125,0.0
5963.844251834686,-0.89581298828125,0.0
5964.81043840985,-6.455718994140625,0.0
5965.776624985016,8.633544921875,0.0
5966.74281156018,6.379638671875,0.0
5967.708998135346,-3.670654296875,0.0
5968.67518471051,15.7891845703125,0.0
5969.641371285676,22.194580078125,0.0
5970.60755786084,6.18243408203125,0.0
5971.573744436006,-4.11474609375,0.0
5972.53993101117,-23.9571533203125,0.0
5973.506117586336,-17.4364013671875,0.0
5974.4723041615,-3.54937744140625,0.0
5975.438490736666,28.811859130859375,0.0
5976.40467731183,2.99169921875,0.0
5977.370863886995,-1.997314453125,0.0
5978.33705046216,18.527587890625,0.0
5979.303237037325,-2.25372314453125,0.0
5980.26942361249,-14.70697021484375,0.0
5981.235610187655,0.30157470703125,0.0
5982.20179676282,2.20458984375,0.0
5983.167983337985,-9.8973388671875,0.0
5984.13416991315,-12.97711181640625,0.0
5985.100356488315,-16.86834716796875,0.0
5986.06654306348,-5.35760498046875,0.0
5987.032729638645,14.88507080078125,0.0
5987.99891621381,11.2132568359375,0.0
5988.965102788975,15.4371337890625,0.0
5989.93128936414,9.256103515625,0.0
5990.897475939305,10.15380859375,0.0
5991.86366251447,-3.60498046875,0.0
5992.829849089635,-23.159912109375,0.0
5993.7960356648,1.718505859375,0.0
5994.762222239965,-4.60693359375,0.0
5995.72840881513,-6.75811767578125,0.0
5996.694595390295,4.10198974609375,0.0
5997.66078196546,9.4700927734375,0.0
5998.626968540625,10.22119140625,0.0
5999.59315511579,-0.0394287109375,0.0
6000.559341690955,-3.26617431640625,0.0
6001.52552826612,1.12237548828125,0.0
6002.491714841285,13.8485107421875,0.0
6003.45790141645,3.72100830078125,0.0
6004.424087991615,-19.1075439453125,0.0
6005.39027456678,-6.0439453125,0.0
6006.356461141945,-1.51904296875,0.0
6007.32264771711,-11.9849853515625,0.0
6008.288834292275,-6.0921630859375,0.0
6009.25502086744,-35.2540283203125,0.0
6010.221207442605,-12.12957763671875,0.0
6011.18739401777,-17.93634033203125,0.0
6012.153580592935,-33.64666748046875,0.0
6013.1197671681,-31.0440673828125,0.0
6014.085953743265,-16.33056640625,0.0
6015.05214031843,0.0,0.0
6016.018326893594,-0.825927734375,0.0
6016.98451346876,-2.7005615234375,0.0
6017.950700043924,-10.70135498046875,0.0
6018.91688661909,-12.3284912109375,0.0
6019.883073194254,-15.92266845703125,0.0
6020.84925976942,-29.721923828125,0.0
6021.815446344584,-19.15838623046875,0.0
6022.78163291975,-14.39495849609375,0.0
6023.747819494914,-19.2364501953125,0.0
6024.71400607008,-1.260986328125,0.0
6025.6801926452445,-7.87689208984375,0.0
6026.64637922041,-0.48736572265625,0.0
6027.6125657955745,2.7137451171875,0.0
6028.57875237074,-1.43072509765625,0.0
6029.5449389459045,9.91259765625,0.0
6030.51112552107,24.13555908203125,0.0
6031.4773120962345,12.184326171875,0.0
6032.4434986714,3.35601806640625,0.0
6033.409685246565,6.589111328125,0.0
6034.3758718217305,24.2520751953125,0.0
6035.342058396895,16.4002685546875,0.0
6036.3082449720605,16.48321533203125,0.0
6037.274431547225,25.57257080078125,0.0
6038.2406181223905,1.99932861328125,0.0
6039.206804697555,-9.94586181640625,0.0
6040.1729912727205,-4.125,0.0
6041.139177847885,23.67523193359375,0.0
6042.105364423051,11.690673828125,0.0
6043.071550998215,15.06414794921875,0.0
6044.037737573381,12.1260986328125,0.0
6045.003924148545,5.30657958984375,0.0
6045.970110723711,8.9207763671875,0.0
6046.936297298875,9.33648681640625,0.0
6047.902483874041,-3.35894775390625,0.0
6048.868670449205,11.0845947265625,0.0
6049.834857024371,15.4591064453125,0.0
6050.801043599535,18.859619140625,0.0
6051.767230174701,13.78509521484375,0.0
6052.733416749865,15.5716552734375,0.0
6053.699603325031,12.04595947265625,0.0
6054.665789900195,13.9229736328125,0.0
6055.63197647536,32.80987548828125,0.0
6056.598163050525,14.37200927734375,0.0
6057.56434962569,-8.41741943359375,0.0
6058.530536200855,2.37200927734375,0.0
6059.49672277602,-7.1263427734375,0.0
6060.462909351185,-14.06414794921875,0.0
6061.42909592635,-10.440673828125,0.0
6062.395282501515,-11.7900390625,0.0
6063.36146907668,-15.02105712890625,0.0
6064.327655651845,0.33697509765625,0.0
6065.29384222701,-2.90142822265625,0.0
6066.260028802175,-1.079833984375,0.0
6067.22621537734,5.4603271484375,0.0
6068.192401952505,7.90191650390625,0.0
6069.15858852767,3.62664794921875,0.0
6070.124775102835,8.04071044921875,0.0
6071.090961678,22.264404296875,0.0
6072.057148253165,7.57586669921875,0.0
6073.02333482833,6.58428955078125,0.0
6073.989521403495,5.86407470703125,0.0
6074.95570797866,7.74774169921875,0.0
6075.921894553825,2.64849853515625,0.0
6076.88808112899,1.7747802734375,0.0
6077.854267704155,8.55828857421875,0.0
6078.82045427932,6.04730224609375,0.0
6079.786640854485,1.443115234375,0.0
6080.75282742965,4.08184814453125,0.0
6081.719014004815,-5.42755126953125,0.0
6082.68520057998,0.0,0.0
6083.651387155145,0.0,0.0
6084.61757373031,2.147216796875,0.0
6085.583760305475,2.23828125,0.0
6086.54994688064,-6.7701416015625,0.0
6087.516133455805,-12.03778076171875,0.0
6088.48232003097,-5.3343505859375,0.0
6089.448506606135,4.20770263671875,0.0
6090.4146931813,-20.29559326171875,0.0
6091.380879756465,-16.1690673828125,0.0
6092.34706633163,-21.32659912109375,0.0
6093.313252906795,-14.77923583984375,0.0
6094.27943948196,-3.3924560546875,0.0
6095.245626057125,-10.279052734375,0.0
6096.211812632289,-24.09747314453125,0.0
6097.177999207455,-1.92608642578125,0.0
6098.144185782619,14.4769287109375,0.0
6099.110372357785,0.28680419921875,0.0
6100.076558932949,2.0928955078125,0.0
6101.042745508115,-0.0445556640625,0.0
6102.008932083279,-7.59307861328125,0.0
6102.975118658445,-9.22216796875,0.0
6103.9413052336095,-0.64501953125,0.0
6104.907491808775,-5.6041259765625,0.0
6105.8736783839395,-10.859130859375,0.0
6106.839864959105,-11.49493408203125,0.0
6107.8060515342695,-0.1328125,0.0
6108.772238109435,20.55029296875,0.0
6109.7384246845995,22.588134765625,0.0
6110.704611259765,-0.7813720703125,0.0
6111.6707978349295,-3.5809326171875,0.0
6112.6369844100955,13.76116943359375,0.0
6113.60317098526,17.837158203125,0.0
6114.5693575604255,20.83880615234375,0.0
6115.53554413559,18.36468505859375,0.0
6116.5017307107555,27.6356201171875,0.0
6117.46791728592,0.83331298828125,0.0
6118.4341038610855,5.34246826171875,0.0
6119.40029043625,0.0,0.0
6120.366477011416,0.0,0.0
6121.33266358658,-3.61572265625,0.0
6122.298850161746,14.42120361328125,0.0
6123.26503673691,-14.21893310546875,0.0
6124.231223312076,-10.69366455078125,0.0
6125.19740988724,-9.91644287109375,0.0
6126.163596462406,2.67193603515625,0.0
6127.12978303757,-14.06109619140625,0.0
6128.095969612736,-4.4051513671875,0.0
6129.0621561879,-8.52606201171875,0.0
6130.028342763066,-7.5556640625,0.0
6130.99452933823,-1.52593994140625,0.0
6131.960715913396,9.966796875,0.0
6132.92690248856,-11.65826416015625,0.0
6133.893089063725,-7.6842041015625,0.0
6134.85927563889,10.194580078125,0.0
6135.825462214055,6.6129150390625,0.0
6136.79164878922,1.19805908203125,0.0
6137.757835364385,-12.62896728515625,0.0
6138.72402193955,-15.63616943359375,0.0
6139.690208514715,-14.17327880859375,0.0
6140.65639508988,-10.40826416015625,0.0
6141.622581665045,10.9248046875,0.0
6142.58876824021,1.88299560546875,0.0
6143.554954815375,8.56494140625,0.0
6144.52114139054,11.53643798828125,0.0
6145.487327965705,6.5775146484375,0.0
6146.45351454087,5.6278076171875,0.0
6147.419701116035,19.1815185546875,0.0
6148.3858876912,13.251708984375,0.0
6149.352074266365,15.7806396484375,0.0
6150.31826084153,11.12322998046875,0.0
6151.284447416695,-2.5919189453125,0.0
6152.25063399186,-11.0732421875,0.0
6153.216820567025,3.87744140625,0.0
6154.18300714219,6.5615234375,0.0
6155.149193717355,0.39288330078125,0.0
6156.11538029252,0.0,0.0
6157.081566867685,-2.64361572265625,0.0
6158.04775344285,0.0,0.0
6159.013940018015,-32.81988525390625,0.0
6159.98012659318,-20.206298828125,0.0
6160.946313168345,-20.55816650390625,0.0
6161.91249974351,-28.15655517578125,0.0
6162.878686318675,-25.5184326171875,0.0
6163.84487289384,-16.44830322265625,0.0
6164.811059469005,-28.4312744140625,0.0
6165.77724604417,-37.60546875,0.0
6166.743432619335,-30.62237548828125,0.0
6167.7096191945,-25.42413330078125,0.0
6168.675805769665,-20.2451171875,0.0
6169.64199234483,-10.42626953125,0.0
6170.608178919995,-8.49346923828125,0.0
6171.57436549516,-23.66650390625,0.0
6172.540552070325,-13.17327880859375,0.0
6173.50673864549,-5.42803955078125,0.0
6174.472925220654,-6.61224365234375,0.0
6175.43911179582,-3.9049072265625,0.0
6176.405298370984,9.76226806640625,0.0
6177.37148494615,-5.18829345703125,0.0
6178.337671521314,16.44830322265625,0.0
6179.30385809648,27.04339599609375,0.0
6180.270044671644,21.6297607421875,0.0
6181.23623124681,47.96282958984375,0.0
6182.202417821974,29.83447265625,0.0
6183.16860439714,5.22174072265625,0.0
6184.1347909723045,10.578857421875,0.0
6185.10097754747,19.1707763671875,0.0
6186.0671641226345,12.114501953125,0.0
6187.0333506978,13.09979248046875,0.0
6187.9995372729645,-0.7667236328125,0.0
6188.96572384813,-8.47412109375,0.0
6189.9319104232945,2.70068359375,0.0
6190.8980969984605,11.348876953125,0.0
6191.864283573625,-1.51409912109375,0.0
6192.8304701487905,8.572235107421875,0.0
6193.796656723955,13.488677978515625,0.0
6194.7628432991205,-9.124053955078125,0.0
6195.729029874285,5.392913818359375,0.0
6196.6952164494505,-6.51373291015625,0.0
6197.661403024615,8.42510986328125,0.0
6198.627589599781,8.12274169921875,0.0
6199.593776174945,-2.28265380859375,0.0
6200.559962750111,12.44549560546875,0.0
6201.526149325275,3.1251220703125,0.0
6202.492335900441,2.36578369140625,0.0
6203.458522475605,3.38665771484375,0.0
6204.424709050771,8.8829345703125,0.0
6205.390895625935,-3.77362060546875,0.0
6206.357082201101,13.3123779296875,0.0
6207.323268776265,11.721435546875,0.0
6208.289455351431,6.96807861328125,0.0
6209.255641926595,5.0933837890625,0.0
6210.221828501761,13.96630859375,0.0
6211.188015076925,-16.9493408203125,0.0
6212.15420165209,-4.6826171875,0.0
6213.120388227255,0.3331298828125,0.0
6214.08657480242,0.0,0.0
6215.052761377585,-6.77227783203125,0.0
6216.01894795275,-20.0133056640625,0.0
6216.985134527915,-8.505828857421875,0.0
6217.95132110308,14.20306396484375,0.0
6218.917507678245,0.25665283203125,0.0
6219.88369425341,-1.17401123046875,0.0
6220.849880828575,-3.980560302734375,0.0
6221.81606740374,-7.01947021484375,0.0
6222.782253978905,-17.5472412109375,0.0
6223.74844055407,-15.68316650390625,0.0
6224.714627129235,6.847503662109375,0.0
6225.6808137044,-1.897613525390625,0.0
6226.647000279565,-1.941436767578125,0.0
6227.61318685473,7.5364990234375,0.0
6228.579373429895,-0.690948486328125,0.0
6229.54556000506,-3.82440185546875,0.0
6230.511746580225,-2.647735595703125,0.0
6231.47793315539,-1.19232177734375,0.0
6232.444119730555,14.95233154296875,0.0
6233.41030630572,-4.230377197265625,0.0
6234.376492880885,-10.92962646484375,0.0
6235.34267945605,-8.494384765625,0.0
6236.308866031215,-20.8214111328125,0.0
6237.27505260638,-2.795928955078125,0.0
6238.241239181545,11.061065673828125,0.0
6239.20742575671,-0.49951171875,0.0
6240.173612331875,0.0,0.0
6241.13979890704,0.392852783203125,0.0
6242.105985482205,0.0,0.0
6243.07217205737,1.011138916015625,0.0
6244.038358632535,-13.55059814453125,0.0
6245.0045452077,-6.48382568359375,0.0
6245.970731782865,24.319610595703125,0.0
6246.93691835803,13.543365478515625,0.0
6247.903104933195,-8.36077880859375,0.0
6248.86929150836,-15.538330078125,0.0
6249.835478083525,-11.225341796875,0.0
6250.80166465869,-10.60406494140625,0.0
6251.767851233855,-17.39117431640625,0.0
6252.734037809019,-18.299575805664062,0.0
6253.700224384185,-6.9063568115234375,0.0
6254.666410959349,-0.83123779296875,0.0
6255.632597534515,-22.4564208984375,0.0
6256.598784109679,-11.56695556640625,0.0
6257.564970684845,-25.224990844726562,0.0
6258.531157260009,-35.21333312988281,0.0
6259.497343835175,-5.9707794189453125,0.0
6260.463530410339,-3.370208740234375,0.0
6261.429716985505,-19.713836669921875,0.0
6262.3959035606695,-11.5340576171875,0.0
6263.362090135835,-4.565887451171875,0.0
6264.3282767109995,-10.58575439453125,0.0
6265.294463286165,2.815216064453125,0.0
6266.2606498613295,19.14727783203125,0.0
6267.226836436495,11.822021484375,0.0
6268.1930230116595,13.87127685546875,0.0
6269.159209586825,13.0301513671875,0.0
6270.12539616199,0.622528076171875,0.0
6271.0915827371555,1.537750244140625,0.0
6272.05776931232,9.71893310546875,0.0
6273.0239558874855,5.378143310546875,0.0
6273.99014246265,-4.0953369140625,0.0
6274.9563290378155,3.64056396484375,0.0
6275.92251561298,2.73095703125,0.0
6276.8887021881455,10.846923828125,0.0
6277.85488876331,17.21343994140625,0.0
6278.821075338476,7.7711181640625,0.0
6279.78726191364,10.92718505859375,0.0
6280.753448488806,8.010467529296875,0.0
6281.71963506397,-1.220794677734375,0.0
6282.685821639136,0.73443603515625,0.0
6283.6520082143,6.52166748046875,0.0
6284.618194789466,20.733062744140625,0.0
6285.58438136463,6.378631591796875,0.0
6286.550567939796,3.145477294921875,0.0
6287.51675451496,14.836212158203125,0.0
6288.482941090126,0.4927978515625,0.0
6289.44912766529,4.258941650390625,0.0
6290.415314240455,23.064178466796875,0.0
6291.38150081562,8.022369384765625,0.0
6292.347687390785,5.32110595703125,0.0
6293.31387396595,-4.932769775390625,0.0
6294.280060541115,-17.796051025390625,0.0
6295.24624711628,-11.11163330078125,0.0
6296.212433691445,-16.25250244140625,0.0
6297.17862026661,9.2332763671875,0.0
6298.144806841775,2.73297119140625,0.0
6299.11099341694,7.18402099609375,0.0
6300.077179992105,-2.743499755859375,0.0
6301.04336656727,-8.397064208984375,0.0
6302.009553142435,0.177947998046875,0.0
6302.9757397176,-6.25146484375,0.0
6303.941926292765,-12.58074951171875,0.0
6304.90811286793,-0.910858154296875,0.0
6305.874299443095,6.51953125,0.0
6306.84048601826,3.797637939453125,0.0
6307.806672593425,7.527008056640625,0.0
6308.77285916859,-0.00823974609375,0.0
6309.739045743755,-2.6473388671875,0.0
6310.70523231892,-3.369293212890625,0.0
6311.671418894085,4.160400390625,0.0
6312.63760546925,7.145050048828125,0.0
6313.603792044415,12.601776123046875,0.0
6314.56997861958,-13.065216064453125,0.0
6315.536165194745,-12.440277099609375,0.0
6316.50235176991,-22.448577880859375,0.0
6317.468538345075,-22.875457763671875,0.0
6318.43472492024,1.40533447265625,0.0
6319.400911495405,-13.57513427734375,0.0
6320.36709807057,-6.620849609375,0.0
6321.333284645735,-5.695770263671875,0.0
6322.2994712209,-22.362213134765625,0.0
6323.265657796065,-4.591705322265625,0.0
6324.23184437123,23.68426513671875,0.0
6325.198030946395,6.441009521484375,0.0
6326.16421752156,13.607269287109375,0.0
6327.130404096725,7.94500732421875,0.0
6328.09659067189,10.660186767578125,0.0
6329.062777247055,12.5980224609375,0.0
6330.02896382222,12.70452880859375,0.0
6330.995150397384,8.31634521484375,0.0
6331.96133697255,1.30987548828125,0.0
6332.927523547714,-2.19952392578125,0.0
6333.89371012288,2.3597412109375,0.0
6334.859896698044,0.46575927734375,0.0
6335.82608327321,3.17315673828125,0.0
6336.792269848374,-0.0029296875,0.0
6337.75845642354,-0.6429443359375,0.0
6338.724642998704,3.256439208984375,0.0
6339.69082957387,1.07879638671875,0.0
6340.6570161490345,6.3509521484375,0.0
6341.6232027242,5.866546630859375,0.0
6342.5893892993645,-4.93841552734375,0.0
6343.55557587453,-5.266357421875,0.0
6344.5217624496945,-1.798919677734375,0.0
6345.48794902486,-2.83197021484375,0.0
6346.4541356000245,-6.83087158203125,0.0
6347.42032217519,1.15472412109375,0.0
6348.386508750355,1.430389404296875,0.0
6349.3526953255205,10.36505126953125,0.0
6350.318881900685,10.442047119140625,0.0
6351.2850684758505,-0.051300048828125,0.0
6352.251255051015,10.964508056640625,0.0
6353.2174416261805,3.888580322265625,0.0
6354.183628201345,5.693756103515625,0.0
6355.1498147765105,2.14385986328125,0.0
6356.116001351675,-12.62567138671875,0.0
6357.082187926841,-17.87384033203125,0.0
6358.048374502005,-9.69586181640625,0.0
6359.014561077171,-17.30010986328125,0.0
6359.980747652335,-19.42999267578125,0.0
6360.946934227501,-22.00970458984375,0.0
6361.913120802665,-11.313568115234375,0.0
6362.879307377831,-23.856048583984375,0.0
6363.845493952995,-25.128662109375,0.0
6364.811680528161,-17.415283203125,0.0
6365.777867103325,-17.01385498046875,0.0
6366.744053678491,-11.383697509765625,0.0
6367.710240253655,-8.513702392578125,0.0
6368.67642682882,-3.65216064453125,0.0
6369.642613403985,1.62188720703125,0.0
6370.60879997915,3.931610107421875,0.0
6371.574986554315,4.442047119140625,0.0
6372.54117312948,6.136627197265625,0.0
6373.507359704645,24.082763671875,0.0
6374.47354627981,17.950836181640625,0.0
6375.439732854975,9.216278076171875,0.0
6376.40591943014,7.705963134765625,0.0
6377.372106005305,8.587127685546875,0.0
6378.33829258047,10.258819580078125,0.0
6379.304479155635,0.15692138671875,0.0
6380.2706657308,3.377410888671875,0.0
6381.236852305965,19.937225341796875,0.0
6382.20303888113,10.71258544921875,0.0
6383.169225456295,8.845794677734375,0.0
6384.13541203146,-1.368377685546875,0.0
6385.101598606625,11.548004150390625,0.0
6386.06778518179,13.62255859375,0.0
6387.033971756955,2.836181640625,0.0
6388.00015833212,4.2879638671875,0.0
6388.966344907285,4.7325439453125,0.0
6389.93253148245,6.335113525390625,0.0
6390.898718057615,6.5875244140625,0.0
6391.86490463278,-0.80010986328125,0.0
6392.831091207945,-6.18804931640625,0.0
6393.79727778311,5.225189208984375,0.0
6394.763464358275,11.509063720703125,0.0
6395.72965093344,19.60772705078125,0.0
6396.695837508605,8.23431396484375,0.0
6397.66202408377,-5.69464111328125,0.0
6398.628210658935,-11.142181396484375,0.0
6399.5943972341,0.0,0.0
6400.560583809265,-4.181976318359375,0.0
6401.52677038443,-6.154876708984375,0.0
6402.492956959595,-0.586700439453125,0.0
6403.45914353476,11.017333984375,0.0
6404.425330109925,0.1087646484375,0.0
6405.39151668509,12.539703369140625,0.0
6406.357703260255,3.925872802734375,0.0
6407.32388983542,8.02801513671875,0.0
6408.290076410585,-9.64862060546875,0.0
6409.256262985749,-15.05743408203125,0.0
6410.222449560915,-2.99774169921875,0.0
6411.188636136079,0.046539306640625,0.0
6412.154822711245,-2.349884033203125,0.0
6413.121009286409,-11.741455078125,0.0
6414.087195861575,-9.1265869140625,0.0
6415.053382436739,-0.8021240234375,0.0
6416.019569011905,-0.374481201171875,0.0
6416.985755587069,-7.568145751953125,0.0
6417.951942162235,2.485382080078125,0.0
6418.9181287373995,-4.207366943359375,0.0
6419.884315312565,-5.720489501953125,0.0
6420.8505018877295,4.63165283203125,0.0
6421.816688462895,10.422637939453125,0.0
6422.7828750380595,-12.46099853515625,0.0
6423.749061613225,-12.0343017578125,0.0
6424.7152481883895,-7.5601806640625,0.0
6425.681434763555,-2.139984130859375,0.0
6426.64762133872,1.015838623046875,0.0
6427.6138079138855,-4.6297760009765625,0.0
6428.57999448905,1.4801788330078125,0.0
6429.5461810642155,9.698654174804688,0.0
6430.51236763938,10.771697998046875,0.0
6431.4785542145455,3.717193603515625,0.0
6432.44474078971,-6.035552978515625,0.0
6433.4109273648755,7.501556396484375,0.0
6434.37711394004,9.512863159179688,0.0
6435.343300515206,-4.63092041015625,0.0
6436.30948709037,-0.646942138671875,0.0
6437.275673665536,-3.661651611328125,0.0
6438.2418602407,-3.402191162109375,0.0
6439.208046815866,-9.783859252929688,0.0
6440.17423339103,-2.5068206787109375,0.0
6441.140419966196,7.134552001953125,0.0
6442.10660654136,14.77862548828125,0.0
6443.072793116526,6.7391357421875,0.0
6444.03897969169,-4.1663055419921875,0.0
6445.005166266856,8.48773193359375,0.0
6445.97135284202,2.26318359375,0.0
6446.937539417186,2.44439697265625,0.0
6447.90372599235,-0.995025634765625,0.0
6448.869912567515,-1.369232177734375,0.0
6449.83609914268,6.967926025390625,0.0
6450.802285717845,-1.887420654296875,0.0
6451.76847229301,-5.1915283203125,0.0
6452.734658868175,-2.026763916015625,0.0
6453.70084544334,-3.688140869140625,0.0
6454.667032018505,0.689117431640625,0.0
6455.63321859367,6.615264892578125,0.0
6456.599405168835,2.29815673828125,0.0
6457.565591744,0.664642333984375,0.0
6458.531778319165,-2.800506591796875,0.0
6459.49796489433,8.615386962890625,0.0
6460.464151469495,13.478851318359375,0.0
6461.43033804466,-10.23577880859375,0.0
6462.396524619825,-9.68792724609375,0.0
6463.36271119499,-5.510833740234375,0.0
6464.328897770155,-2.5208587646484375,0.0
6465.29508434532,-9.201690673828125,0.0
6466.261270920485,-21.09478759765625,0.0
6467.22745749565,15.6292724609375,0.0
6468.193644070815,-0.531341552734375,0.0
6469.15983064598,-3.797637939453125,0.0
6470.126017221145,14.537750244140625,0.0
6471.09220379631,4.02294921875,0.0
6472.058390371475,0.17138671875,0.0
6473.02457694664,-0.157318115234375,0.0
6473.990763521805,0.792327880859375,0.0
6474.95695009697,-0.874053955078125,0.0
6475.923136672135,0.974151611328125,0.0
6476.8893232473,4.271087646484375,0.0
6477.855509822465,10.68511962890625,0.0
6478.82169639763,9.489044189453125,0.0
6479.787882972795,4.068267822265625,0.0
6480.75406954796,-8.881378173828125,0.0
6481.720256123125,2.0152587890625,0.0
6482.68644269829,3.112335205078125,0.0
6483.652629273455,1.420257568359375,0.0
6484.61881584862,-3.8553466796875,0.0
6485.585002423785,0.2640380859375,0.0
6486.55118899895,8.397796630859375,0.0
6487.517375574114,2.80584716796875,0.0
6488.48356214928,-5.323028564453125,0.0
6489.449748724444,-4.217193603515625,0.0
6490.41593529961,0.65948486328125,0.0
6491.382121874774,6.0299072265625,0.0
6492.34830844994,-17.053131103515625,0.0
6493.314495025104,-6.799041748046875,0.0
6494.28068160027,-10.846038818359375,0.0
6495.246868175434,-25.0841064453125,0.0
6496.2130547506,-31.964324951171875,0.0
6497.179241325764,-25.010406494140625,0.0
6498.14542790093,-23.8026123046875,0.0
6499.1116144760945,-21.6402587890625,0.0
6500.07780105126,-15.6942138671875,0.0
6501.0439876264245,-16.598236083984375,0.0
6502.01017420159,-16.24700927734375,0.0
6502.9763607767545,-19.105255126953125,0.0
6503.94254735192,-25.050872802734375,0.0
6504.9087339270845,-12.954254150390625,0.0
6505.8749205022505,-11.12579345703125,0.0
6506.841107077415,-3.743927001953125,0.0
6507.8072936525805,-14.560699462890625,0.0
6508.773480227745,-2.158782958984375,0.0
6509.7396668029105,-2.438079833984375,0.0
6510.705853378075,1.836669921875,0.0
6511.6720399532405,12.176025390625,0.0
6512.638226528405,14.49859619140625,0.0
6513.604413103571,4.617706298828125,0.0
6514.570599678735,8.482452392578125,0.0
6515.536786253901,3.079376220703125,0.0
6516.502972829065,1.849517822265625,0.0
6517.469159404231,0.203765869140625,0.0
6518.435345979395,-0.782562255859375,0.0
6519.401532554561,5.9267578125,0.0
6520.367719129725,-0.251922607421875,0.0
6521.333905704891,-1.57489013671875,0.0
6522.300092280055,16.490966796875,0.0
6523.266278855221,-4.8174591064453125,0.0
6524.232465430385,-3.2020721435546875,0.0
6525.198652005551,5.979949951171875,0.0
6526.164838580715,4.309234619140625,0.0
6527.13102515588,1.381866455078125,0.0
6528.097211731045,-0.1654510498046875,0.0
6529.06339830621,6.071197509765625,0.0
6530.029584881375,8.021026611328125,0.0
6530.99577145654,17.807220458984375,0.0
6531.961958031705,16.486785888671875,0.0
6532.92814460687,4.317718505859375,0.0
6533.894331182035,10.962982177734375,0.0
6534.8605177572,1.489013671875,0.0
6535.826704332365,13.238525390625,0.0
6536.79289090753,1.110626220703125,0.0
6537.759077482695,5.313323974609375,0.0
6538.72526405786,-3.011138916015625,0.0
6539.691450633025,4.595001220703125,0.0
6540.65763720819,-1.859222412109375,0.0
6541.623823783355,2.759735107421875,0.0
6542.59001035852,-0.5272216796875,0.0
6543.556196933685,9.632781982421875,0.0
6544.52238350885,1.774688720703125,0.0
6545.488570084015,-3.2198486328125,0.0
6546.45475665918,1.61566162109375,0.0
6547.420943234345,7.98016357421875,0.0
6548.38712980951,12.6898193359375,0.0
6549.353316384675,1.7703857421875,0.0
6550.31950295984,-8.534149169921875,0.0
6551.285689535005,-7.833831787109375,0.0
6552.25187611017,-12.439208984375,0.0
6553.218062685335,-17.669525146484375,0.0
6554.1842492605,-32.428314208984375,0.0
6555.150435835665,-37.978515625,0.0
6556.11662241083,-39.57977294921875,0.0
6557.082808985995,-19.078765869140625,0.0
6558.04899556116,-4.41973876953125,0.0
6559.015182136325,-12.408843994140625,0.0
6559.98136871149,-44.236083984375,0.0
6560.947555286655,-34.2667236328125,0.0
6561.91374186182,-28.116729736328125,0.0
6562.879928436985,-36.025909423828125,0.0
6563.84611501215,-45.072540283203125,0.0
6564.812301587315,-26.850250244140625,0.0
6565.778488162479,-19.424560546875,0.0
6566.744674737645,-13.59637451171875,0.0
6567.710861312809,-25.1800537109375,0.0
6568.677047887975,-10.3079833984375,0.0
6569.643234463139,-7.41986083984375,0.0
6570.609421038305,-6.25927734375,0.0
6571.575607613469,-19.097869873046875,0.0
6572.541794188635,-10.247528076171875,0.0
6573.507980763799,-20.26666259765625,0.0
6574.474167338965,-19.897216796875,0.0
6575.440353914129,3.4130859375,0.0
6576.406540489295,-4.811981201171875,0.0
6577.3727270644595,6.368011474609375,0.0
6578.338913639625,-0.107177734375,0.0
6579.3051002147895,12.494476318359375,0.0
6580.271286789955,22.2099609375,0.0
6581.2374733651195,22.712432861328125,0.0
6582.203659940285,37.134765625,0.0
6583.1698465154495,36.07952880859375,0.0
6584.1360330906155,31.518585205078125,0.0
6585.10221966578,29.41741943359375,0.0
6586.0684062409455,38.47027587890625,0.0
6587.03459281611,20.090911865234375,0.0
6588.0007793912755,17.317779541015625,0.0
6588.96696596644,20.582183837890625,0.0
6589.9331525416055,-0.416778564453125,0.0
6590.89933911677,15.0850830078125,0.0
6591.8655256919355,0.107177734375,0.0
6592.8317122671,-2.79644775390625,0.0
6593.797898842266,14.376129150390625,0.0
6594.76408541743,-11.37017822265625,0.0
6595.730271992596,-18.816558837890625,0.0
6596.69645856776,-4.053375244140625,0.0
6597.662645142926,-9.494384765625,0.0
6598.62883171809,5.067291259765625,0.0
6599.595018293256,-2.767730712890625,0.0
6600.56120486842,3.04107666015625,0.0
6601.527391443586,-9.081451416015625,0.0
6602.49357801875,-13.953338623046875,0.0
6603.459764593916,-5.42596435546875,0.0
6604.42595116908,17.996307373046875,0.0
6605.392137744245,8.641387939453125,0.0
6606.35832431941,0.752838134765625,0.0
6607.324510894575,-7.40911865234375,0.0
6608.29069746974,1.07244873046875,0.0
6609.256884044905,-2.082275390625,0.0
6610.22307062007,-6.668212890625,0.0
6611.189257195235,-2.4735107421875,0.0
6612.1554437704,8.478485107421875,0.0
6613.121630345565,7.78887939453125,0.0
6614.08781692073,13.4840087890625,0.0
6615.054003495895,7.88873291015625,0.0
6616.02019007106,10.5833740234375,0.0
6616.986376646225,0.58209228515625,0.0
6617.95256322139,-0.2470855712890625,0.0
6618.918749796555,10.453506469726562,0.0
6619.88493637172,8.16162109375,0.0
6620.851122946885,3.5511474609375,0.0
6621.81730952205,8.865081787109375,0.0
6622.783496097215,-2.354156494140625,0.0
6623.74968267238,-9.542083740234375,0.0
6624.715869247545,6.65472412109375,0.0
6625.68205582271,11.651031494140625,0.0
6626.648242397875,1.9385986328125,0.0
6627.61442897304,-5.677642822265625,0.0
6628.580615548205,18.559844970703125,0.0
6629.54680212337,1.483001708984375,0.0
6630.512988698535,-6.286651611328125,0.0
6631.4791752737,-12.9627685546875,0.0
6632.445361848865,-20.467681884765625,0.0
6633.41154842403,-14.574615478515625,0.0
6634.377734999195,-0.003875732421875,0.0
6635.34392157436,-2.98101806640625,0.0
6636.310108149525,5.165435791015625,0.0
6637.27629472469,-3.538116455078125,0.0
6638.242481299855,-11.648406982421875,0.0
6639.20866787502,-15.03729248046875,0.0
6640.174854450185,6.06536865234375,0.0
6641.14104102535,-5.147125244140625,0.0
6642.107227600515,-1.493804931640625,0.0
6643.07341417568,-5.999969482421875,0.0
6644.039600750844,0.096343994140625,0.0
6645.00578732601,0.0,0.0
6645.971973901174,-12.3004150390625,0.0
6646.93816047634,5.751251220703125,0.0
6647.904347051504,0.187591552734375,0.0
6648.87053362667,10.67626953125,0.0
6649.836720201834,11.171417236328125,0.0
6650.802906777,-2.11737060546875,0.0
6651.769093352164,5.305938720703125,0.0
6652.73527992733,10.93682861328125,0.0
6653.701466502494,7.837310791015625,0.0
6654.66765307766,10.07745361328125,0.0
6655.6338396528245,8.22894287109375,0.0
6656.60002622799,9.147430419921875,0.0
6657.5662128031545,8.374176025390625,0.0
6658.53239937832,8.874176025390625,0.0
6659.4985859534845,3.103668212890625,0.0
6660.46477252865,-6.9259490966796875,0.0
6661.4309591038145,-6.1556854248046875,0.0
6662.39714567898,-8.850234985351562,0.0
6663.363332254145,3.956329345703125,0.0
6664.3295188293105,-10.2491455078125,0.0
6665.295705404475,0.538848876953125,0.0
6666.2618919796405,-13.471343994140625,0.0
6667.228078554805,-6.6060791015625,0.0
6668.1942651299705,-3.759857177734375,0.0
6669.160451705135,-0.403045654296875,0.0
6670.1266382803005,0.121673583984375,0.0
6671.092824855465,-11.426727294921875,0.0
6672.059011430631,3.667022705078125,0.0
6673.025198005795,-4.1995849609375,0.0
6673.991384580961,0.0,0.0
6674.957571156125,-5.6087646484375,0.0
6675.923757731291,-2.419921875,0.0
6676.889944306455,-8.996307373046875,0.0
6677.856130881621,-9.728118896484375,0.0
6678.822317456785,3.316619873046875,0.0
6679.788504031951,6.460968017578125,0.0
6680.754690607115,-11.944000244140625,0.0
6681.720877182281,-4.20245361328125,0.0
6682.687063757445,2.419921875,0.0
6683.65325033261,5.636688232421875,0.0
6684.619436907775,2.097686767578125,0.0
6685.58562348294,5.93798828125,0.0
6686.551810058105,-7.051666259765625,0.0
6687.51799663327,-4.424652099609375,0.0
6688.484183208435,4.682403564453125,0.0
6689.4503697836,1.43536376953125,0.0
6690.416556358765,4.20245361328125,0.0
6691.38274293393,17.8087158203125,0.0
6692.348929509095,-5.2548828125,0.0
6693.31511608426,13.58056640625,0.0
6694.281302659425,10.295684814453125,0.0
6695.24748923459,15.13037109375,0.0
6696.213675809755,11.25408935546875,0.0
6697.17986238492,-7.827484130859375,0.0
6698.146048960085,-13.210906982421875,0.0
6699.11223553525,-6.4476318359375,0.0
6700.078422110415,-1.6597900390625,0.0
6701.04460868558,15.087188720703125,0.0
6702.010795260745,22.05548095703125,0.0
6702.97698183591,16.95880126953125,0.0
6703.943168411075,1.6597900390625,0.0
6704.90935498624,-8.036407470703125,0.0
6705.875541561405,-3.340087890625,0.0
6706.84172813657,-0.80078125,0.0
6707.807914711735,2.6993408203125,0.0
6708.7741012869,14.792755126953125,0.0
6709.740287862065,-5.427154541015625,0.0
6710.70647443723,2.727752685546875,0.0
6711.672661012395,-0.240203857421875,0.0
6712.63884758756,-3.258544921875,0.0
6713.605034162725,1.705078125,0.0
6714.57122073789,-0.32012939453125,0.0
6715.537407313055,0.93719482421875,0.0
6716.50359388822,-4.4173583984375,0.0
6717.469780463385,-8.83111572265625,0.0
6718.43596703855,-4.592803955078125,0.0
6719.402153613715,1.651397705078125,0.0
6720.36834018888,-11.24676513671875,0.0
6721.334526764045,-2.605010986328125,0.0
6722.300713339209,-8.27154541015625,0.0
6723.266899914375,-5.77215576171875,0.0
6724.233086489539,-4.203033447265625,0.0
6725.199273064705,0.07611083984375,0.0
6726.165459639869,4.741851806640625,0.0
6727.131646215035,-0.654205322265625,0.0
6728.097832790199,6.654205322265625,0.0
6729.064019365365,17.732696533203125,0.0
6730.030205940529,16.665252685546875,0.0
6730.996392515695,8.61370849609375,0.0
6731.962579090859,1.290863037109375,0.0
6732.928765666025,0.0,0.0
6733.8949522411895,-0.118621826171875,0.0
6734.861138816355,10.451507568359375,0.0
6735.8273253915195,-1.32122802734375,0.0
6736.793511966685,-5.713592529296875,0.0
6737.7596985418495,6.05120849609375,0.0
6738.725885117015,-7.6981201171875,0.0
6739.6920716921795,2.547637939453125,0.0
6740.658258267345,0.455657958984375,0.0
6741.62444484251,-0.5443115234375,0.0
6742.5906314176755,1.68890380859375,0.0
6743.55681799284,-6.827484130859375,0.0
6744.5230045680055,-1.329986572265625,0.0
6745.48919114317,-1.771820068359375,0.0
6746.4553777183355,-7.83660888671875,0.0
6747.4215642935,-2.307464599609375,0.0
6748.3877508686655,0.0,0.0
6749.35393744383,-6.141571044921875,0.0
6750.320124018996,-14.20458984375,0.0
6751.28631059416,-7.698333740234375,0.0
6752.252497169326,1.38812255859375,0.0
6753.21868374449,-14.700958251953125,0.0
6754.184870319656,7.776580810546875,0.0
6755.15105689482,19.7445068359375,0.0
6756.117243469986,-16.246063232421875,0.0
6757.08343004515,-7.766998291015625,0.0
6758.049616620316,6.833465576171875,0.0
6759.01580319548,-4.840301513671875,0.0
6759.981989770646,5.7989501953125,0.0
6760.94817634581,9.750244140625,0.0
6761.914362920975,-18.38763427734375,0.0
6762.88054949614,-3.87860107421875,0.0
6763.846736071305,7.767333984375,0.0
6764.81292264647,3.35369873046875,0.0
6765.779109221635,-6.506256103515625,0.0
6766.7452957968,-2.71539306640625,0.0
6767.711482371965,-8.7193603515625,0.0
6768.67766894713,-2.9879150390625,0.0
6769.643855522295,-4.527496337890625,0.0
6770.61004209746,-10.3123779296875,0.0
6771.576228672625,-1.30670166015625,0.0
6772.54241524779,5.99951171875,0.0
6773.508601822955,12.1092529296875,0.0
6774.47478839812,4.636260986328125,0.0
6775.440974973285,-1.17327880859375,0.0
6776.40716154845,0.79766845703125,0.0
6777.373348123615,-8.32757568359375,0.0
6778.33953469878,7.2886962890625,0.0
6779.305721273945,5.2105712890625,0.0
6780.27190784911,3.0909576416015625,0.0
6781.238094424275,17.592147827148438,0.0
6782.20428099944,4.4507598876953125,0.0
6783.170467574605,11.731796264648438,0.0
6784.13665414977,5.2730712890625,0.0
6785.102840724935,0.390045166015625,0.0
6786.0690273001,0.0,0.0
6787.035213875265,-5.87762451171875,0.0
6788.00140045043,3.7996826171875,0.0
6788.967587025595,-6.2852783203125,0.0
6789.93377360076,6.888458251953125,0.0
6790.899960175925,-5.690155029296875,0.0
6791.86614675109,-8.395111083984375,0.0
6792.832333326255,2.143402099609375,0.0
6793.79851990142,-5.2496337890625,0.0
6794.764706476585,-13.4381103515625,0.0
6795.73089305175,-0.62481689453125,0.0
6796.697079626915,-3.7647705078125,0.0
6797.66326620208,-5.0108642578125,0.0
6798.629452777245,-6.5068359375,0.0
6799.59563935241,-1.014862060546875,0.0
6800.561825927574,-6.254852294921875,0.0
6801.52801250274,-7.86761474609375,0.0
6802.494199077904,3.148895263671875,0.0
6803.46038565307,-11.86407470703125,0.0
6804.426572228234,0.19744873046875,0.0
6805.3927588034,15.67376708984375,0.0
6806.358945378564,-6.55816650390625,0.0
6807.32513195373,4.534759521484375,0.0
6808.291318528894,21.1490478515625,0.0
6809.25750510406,12.4423828125,0.0
6810.223691679224,-11.19598388671875,0.0
6811.18987825439,-23.94677734375,0.0
6812.156064829554,-17.888275146484375,0.0
6813.12225140472,5.273834228515625,0.0
6814.0884379798845,5.316192626953125,0.0
6815.05462455505,14.122467041015625,0.0
6816.0208111302145,21.740203857421875,0.0
6816.98699770538,17.9044189453125,0.0
6817.9531842805445,-1.679718017578125,0.0
6818.91937085571,-8.156982421875,0.0
6819.8855574308745,-11.065582275390625,0.0
6820.8517440060405,-12.425384521484375,0.0
6821.817930581205,-0.611968994140625,0.0
6822.7841171563705,3.7650146484375,0.0
6823.750303731535,1.353790283203125,0.0
6824.7164903067005,12.7008056640625,0.0
6825.682676881865,-1.736968994140625,0.0
6826.6488634570305,6.50640869140625,0.0
6827.615050032195,-3.742431640625,0.0
6828.581236607361,-4.771026611328125,0.0
6829.547423182525,-8.70037841796875,0.0
6830.513609757691,0.611968994140625,0.0
6831.479796332855,0.1033935546875,0.0
6832.445982908021,3.48211669921875,0.0
6833.412169483185,7.64215087890625,0.0
6834.378356058351,-5.2818603515625,0.0
6835.344542633515,-4.1204833984375,0.0
6836.310729208681,-0.867645263671875,0.0
6837.276915783845,-4.3890380859375,0.0
6838.243102359011,-3.03961181640625,0.0
6839.209288934175,-11.660797119140625,0.0
6840.17547550934,-8.8197021484375,0.0
6841.141662084505,-5.1397705078125,0.0
6842.10784865967,-3.14361572265625,0.0
6843.074035234835,7.922698974609375,0.0
6844.04022181,2.117919921875,0.0
6845.006408385165,-14.03131103515625,0.0
6845.97259496033,-16.517852783203125,0.0
6846.938781535495,-0.47955322265625,0.0
6847.90496811066,0.240753173828125,0.0
6848.871154685825,8.466766357421875,0.0
6849.83734126099,17.248260498046875,0.0
6850.803527836155,0.656097412109375,0.0
6851.76971441132,1.008148193359375,0.0
6852.735900986485,0.64422607421875,0.0
6853.70208756165,9.229461669921875,0.0
6854.668274136815,-0.18157958984375,0.0
6855.63446071198,2.31689453125,0.0
6856.600647287145,1.88720703125,0.0
6857.56683386231,-4.625152587890625,0.0
6858.533020437475,-17.744598388671875,0.0
6859.49920701264,-3.84307861328125,0.0
6860.465393587805,1.88885498046875,0.0
6861.43158016297,-3.78277587890625,0.0
6862.397766738135,-14.009033203125,0.0
6863.3639533133,-7.189605712890625,0.0
6864.330139888465,11.4517822265625,0.0
6865.29632646363,11.449310302734375,0.0
6866.262513038795,6.55206298828125,0.0
6867.22869961396,16.96307373046875,0.0
6868.194886189125,10.987396240234375,0.0
6869.16107276429,-0.826568603515625,0.0
6870.127259339455,3.336700439453125,0.0
6871.09344591462,9.3204345703125,0.0
6872.059632489785,10.075408935546875,0.0
6873.02581906495,-6.32147216796875,0.0
6873.992005640115,-8.76409912109375,0.0
6874.95819221528,-10.6370849609375,0.0
6875.924378790445,-1.488739013671875,0.0
6876.89056536561,2.760650634765625,0.0
6877.856751940775,-3.35028076171875,0.0
6878.822938515939,-16.224700927734375,0.0
6879.789125091105,-9.952117919921875,0.0
6880.755311666269,-13.812408447265625,0.0
6881.721498241435,-20.77032470703125,0.0
6882.687684816599,7.5445556640625,0.0
6883.653871391765,-5.693389892578125,0.0
6884.620057966929,3.698699951171875,0.0
6885.586244542095,6.674835205078125,0.0
6886.552431117259,3.680999755859375,0.0
6887.518617692425,-5.24853515625,0.0
6888.484804267589,-22.976287841796875,0.0
6889.450990842755,-3.336700439453125,0.0
6890.417177417919,6.487701416015625,0.0
6891.383363993085,2.36517333984375,0.0
6892.3495505682495,4.787506103515625,0.0
6893.315737143415,1.597930908203125,0.0
6894.2819237185795,-0.282989501953125,0.0
6895.248110293745,-3.040435791015625,0.0
6896.2142968689095,-6.2532958984375,0.0
6897.180483444075,-14.525115966796875,0.0
6898.1466700192395,11.729217529296875,0.0
6899.1128565944055,5.670684814453125,0.0
6900.07904316957,4.00018310546875,0.0
6901.0452297447355,8.415924072265625,0.0
6902.0114163199,3.963409423828125,0.0
6902.9776028950655,5.856048583984375,0.0
6903.94378947023,1.95819091796875,0.0
6904.9099760453955,-10.102584838867188,0.0
6905.87616262056,1.0029144287109375,0.0
6906.842349195726,4.9349517822265625,0.0
6907.80853577089,15.09722900390625,0.0
6908.774722346056,9.75445556640625,0.0
6909.74090892122,10.293792724609375,0.0
6910.707095496386,-2.4974365234375,0.0
6911.67328207155,-4.0770263671875,0.0
6912.639468646716,-0.721527099609375,0.0
6913.60565522188,-2.907440185546875,0.0
6914.571841797046,-10.415863037109375,0.0
6915.53802837221,0.53009033203125,0.0
6916.504214947376,9.544921875,0.0
6917.47040152254,-5.5052490234375,0.0
6918.436588097705,1.397064208984375,0.0
6919.40277467287,-11.0538330078125,0.0
6920.368961248035,-10.969818115234375,0.0
6921.3351478232,-0.2071533203125,0.0
6922.301334398365,-3.611358642578125,0.0
6923.26752097353,-11.07965087890625,0.0
6924.233707548695,-5.178497314453125,0.0
6925.19989412386,0.811004638671875,0.0
6926.166080699025,5.215545654296875,0.0
6927.13226727419,4.9364013671875,0.0
6928.098453849355,4.813232421875,0.0
6929.06464042452,-12.534637451171875,0.0
6930.030826999685,-6.312744140625,0.0
6930.99701357485,-2.5318603515625,0.0
6931.963200150015,-13.059844970703125,0.0
6932.92938672518,-3.959869384765625,0.0
6933.895573300345,-6.358917236328125,0.0
6934.86175987551,-3.297088623046875,0.0
6935.827946450675,21.549652099609375,0.0
6936.79413302584,15.19189453125,0.0
6937.760319601005,22.744171142578125,0.0
6938.72650617617,28.344757080078125,0.0
6939.692692751335,5.248626708984375,0.0
6940.6588793265,10.891357421875,0.0
6941.625065901665,11.868377685546875,0.0
6942.59125247683,13.39007568359375,0.0
6943.557439051995,8.361541748046875,0.0
6944.52362562716,20.025054931640625,0.0
6945.489812202325,-2.463409423828125,0.0
6946.45599877749,-3.729156494140625,0.0
6947.422185352655,-15.365966796875,0.0
6948.38837192782,-14.898040771484375,0.0
6949.354558502985,-1.505828857421875,0.0
6950.32074507815,-12.2362060546875,0.0
6951.286931653315,-11.73309326171875,0.0
6952.25311822848,5.84259033203125,0.0
6953.219304803645,9.297882080078125,0.0
6954.18549137881,-5.398651123046875,0.0
6955.151677953975,12.449737548828125,0.0
6956.11786452914,4.792266845703125,0.0
6957.084051104304,-18.5765380859375,0.0
6958.05023767947,-18.92291259765625,0.0
6959.016424254634,-16.04888916015625,0.0
6959.9826108298,1.240814208984375,0.0
6960.948797404964,-7.215057373046875,0.0
6961.91498398013,1.189910888671875,0.0
6962.881170555294,2.83807373046875,0.0
6963.84735713046,5.752532958984375,0.0
6964.813543705624,10.945648193359375,0.0
6965.77973028079,5.529815673828125,0.0
6966.745916855954,9.177642822265625,0.0
6967.71210343112,4.47406005859375,0.0
6968.678290006284,1.84088134765625,0.0
6969.64447658145,5.1142578125,0.0
6970.6106631566145,-0.027435302734375,0.0
6971.57684973178,-4.2254638671875,0.0
6972.5430363069445,-6.462005615234375,0.0
6973.50922288211,-10.276885986328125,0.0
6974.4754094572745,-19.9454345703125,0.0
6975.44159603244,-17.340423583984375,0.0
6976.4077826076045,-14.349853515625,0.0
6977.37396918277,0.0,0.0
6978.340155757935,-5.436004638671875,0.0
6979.3063423331005,-5.499420166015625,0.0
6980.272528908265,3.69012451171875,0.0
6981.2387154834305,-20.515167236328125,0.0
6982.204902058595,10.656524658203125,0.0
6983.1710886337605,11.55767822265625,0.0
6984.137275208925,3.405426025390625,0.0
6985.1034617840905,-15.71771240234375,0.0
6986.069648359255,-17.692474365234375,0.0
6987.035834934421,8.883270263671875,0.0
6988.002021509585,12.879638671875,0.0
6988.968208084751,4.513641357421875,0.0
6989.934394659915,0.268768310546875,0.0
6990.900581235081,-4.764801025390625,0.0
6991.866767810245,16.68121337890625,0.0
6992.832954385411,1.508209228515625,0.0
6993.799140960575,-9.85992431640625,0.0
6994.765327535741,-4.859649658203125,0.0
6995.731514110905,-7.3427734375,0.0
6996.69770068607,-0.106048583984375,0.0
6997.663887261235,-2.40386962890625,0.0
6998.6300738364,-2.6719970703125,0.0
6999.596260411565,-3.4892578125,0.0
7000.56244698673,-4.918060302734375,0.0
7001.528633561895,14.142822265625,0.0
7002.49482013706,20.654937744140625,0.0
7003.461006712225,9.903106689453125,0.0
7004.42719328739,8.14630126953125,0.0
7005.393379862555,1.899749755859375,0.0
7006.35956643772,-19.149200439453125,0.0
7007.325753012885,-33.273895263671875,0.0
7008.29193958805,-12.049652099609375,0.0
7009.258126163215,-16.885589599609375,0.0
7010.22431273838,4.121795654296875,0.0
7011.190499313545,3.9462890625,0.0
7012.15668588871,5.46502685546875,0.0
7013.122872463875,12.9091796875,0.0
7014.08905903904,1.54022216796875,0.0
7015.055245614205,-4.823028564453125,0.0
7016.02143218937,-5.2410888671875,0.0
7016.987618764535,-3.3116455078125,0.0
7017.9538053397,-11.762786865234375,0.0
7018.919991914865,3.663818359375,0.0
7019.88617849003,-6.053863525390625,0.0
7020.852365065195,-27.4637451171875,0.0
7021.81855164036,-13.0379638671875,0.0
7022.784738215525,-17.12750244140625,0.0
7023.75092479069,0.117645263671875,0.0
7024.717111365855,7.110107421875,0.0
7025.68329794102,-2.225250244140625,0.0
7026.649484516185,2.93365478515625,0.0
7027.61567109135,-15.856781005859375,0.0
7028.581857666515,6.376861572265625,0.0
7029.54804424168,6.399505615234375,0.0
7030.514230816845,4.349884033203125,0.0
7031.48041739201,1.218658447265625,0.0
7032.446603967175,22.369964599609375,0.0
7033.41279054234,9.7359619140625,0.0
7034.378977117505,5.362030029296875,0.0
7035.345163692669,20.2637939453125,0.0
7036.311350267835,0.249725341796875,0.0
7037.277536842999,-13.7369384765625,0.0
7038.243723418165,2.1231689453125,0.0
7039.209909993329,19.881011962890625,0.0
7040.176096568495,20.0992431640625,0.0
7041.142283143659,17.23809814453125,0.0
7042.108469718825,15.937164306640625,0.0
7043.074656293989,13.877044677734375,0.0
7044.040842869155,17.20379638671875,0.0
7045.007029444319,-11.39581298828125,0.0
7045.973216019485,-15.153564453125,0.0
7046.939402594649,-7.7242431640625,0.0
7047.905589169815,12.13763427734375,0.0
7048.8717757449795,10.6658935546875,0.0
7049.837962320145,8.81280517578125,0.0
7050.8041488953095,-9.296051025390625,0.0
7051.770335470475,11.79681396484375,0.0
7052.7365220456395,24.15533447265625,0.0
7053.702708620805,18.0506591796875,0.0
7054.6688951959695,7.88629150390625,0.0
7055.635081771135,24.382293701171875,0.0
7056.6012683463,7.164947509765625,0.0
7057.5674549214655,5.057525634765625,0.0
7058.53364149663,16.54876708984375,0.0
7059.4998280717955,10.089996337890625,0.0
7060.46601464696,1.374237060546875,0.0
7061.4322012221255,-12.295928955078125,0.0
7062.39838779729,-3.2166748046875,0.0
7063.3645743724555,-21.98724365234375,0.0
7064.33076094762,-15.391357421875,0.0
7065.296947522786,-8.2930908203125,0.0
7066.26313409795,-9.91796875,0.0
7067.229320673116,5.73162841796875,0.0
7068.19550724828,3.400848388671875,0.0
7069.161693823446,0.167755126953125,0.0
7070.12788039861,0.339019775390625,0.0
7071.094066973776,-12.31072998046875,0.0
7072.06025354894,-17.69329833984375,0.0
7073.026440124106,1.46466064453125,0.0
7073.99262669927,-21.194183349609375,0.0
7074.958813274435,-26.449737548828125,0.0
7075.9249998496,-1.299713134765625,0.0
7076.891186424766,-17.23834228515625,0.0
7077.85737299993,3.84271240234375,0.0
7078.823559575096,26.56927490234375,0.0
7079.78974615026,6.024200439453125,0.0
7080.755932725426,-5.63665771484375,0.0
7081.72211930059,12.826385498046875,0.0
7082.688305875756,-6.43341064453125,0.0
7083.65449245092,-15.17120361328125,0.0
7084.620679026086,-3.943572998046875,0.0
7085.58686560125,-5.5018310546875,0.0
7086.553052176416,-3.29486083984375,0.0
7087.51923875158,-5.605438232421875,0.0
7088.485425326746,-1.496551513671875,0.0
7089.45161190191,-12.23492431640625,0.0
7090.417798477076,-1.225189208984375,0.0
7091.38398505224,10.737762451171875,0.0
7092.350171627406,3.01007080078125,0.0
7093.31635820257,-11.120452880859375,0.0
7094.282544777734,-23.386444091796875,0.0
7095.2487313529,-12.729400634765625,0.0
7096.214917928064,-14.898590087890625,0.0
7097.18110450323,-5.119476318359375,0.0
7098.147291078394,-1.305633544921875,0.0
7099.11347765356,-6.234588623046875,0.0
7100.079664228724,-10.441650390625,0.0
7101.04585080389,-5.747039794921875,0.0
7102.012037379054,-9.39208984375,0.0
7102.97822395422,-6.224395751953125,0.0
7103.944410529384,12.51251220703125,0.0
7104.91059710455,0.608245849609375,0.0
7105.876783679714,-0.033050537109375,0.0
7106.84297025488,12.25567626953125,0.0
7107.809156830044,-6.958740234375,0.0
7108.77534340521,1.418121337890625,0.0
7109.741529980374,8.8330078125,0.0
7110.70771655554,4.290313720703125,0.0
7111.673903130704,-5.412445068359375,0.0
7112.64008970587,23.836822509765625,0.0
7113.606276281034,28.75079345703125,0.0
7114.5724628562,18.700439453125,0.0
7115.538649431364,10.905548095703125,0.0
7116.50483600653,-4.56500244140625,0.0
7117.471022581694,14.90130615234375,0.0
7118.43720915686,14.858154296875,0.0
7119.403395732024,1.82366943359375,0.0
7120.36958230719,3.919525146484375,0.0
7121.335768882354,25.080902099609375,0.0
7122.30195545752,12.247528076171875,0.0
7123.268142032684,6.46307373046875,0.0
7124.23432860785,15.362274169921875,0.0
7125.200515183014,-0.645355224609375,0.0
7126.16670175818,17.048797607421875,0.0
7127.132888333344,-7.34674072265625,0.0
7128.09907490851,-7.649505615234375,0.0
7129.0652614836745,9.09783935546875,0.0
7130.03144805884,1.18621826171875,0.0
7130.9976346340045,-1.3430023193359375,0.0
7131.96382120917,3.40826416015625,0.0
7132.9300077843345,-4.881866455078125,0.0
7133.8961943595,-11.3245849609375,0.0
7134.8623809346645,-3.5902099609375,0.0
7135.8285675098305,-3.00885009765625,0.0
7136.794754084995,-6.78875732421875,0.0
7137.7609406601605,-4.07977294921875,0.0
7138.727127235325,-3.4876708984375,0.0
7139.6933138104905,-16.65350341796875,0.0
7140.659500385655,-3.630767822265625,0.0
7141.6256869608205,0.4079742431640625,0.0
7142.591873535985,3.5787506103515625,0.0
7143.558060111151,20.32794189453125,0.0
7144.524246686315,10.40216064453125,0.0
7145.490433261481,1.7781982421875,0.0
7146.456619836645,12.401687622070312,0.0
7147.422806411811,2.6695098876953125,0.0
7148.388992986975,-13.20513916015625,0.0
7149.355179562141,-7.67095947265625,0.0
7150.321366137305,-28.924087524414062,0.0
7151.287552712471,3.5840911865234375,0.0
7152.253739287635,-3.5033111572265625,0.0
7153.219925862801,-0.3850555419921875,0.0
7154.186112437965,2.5220489501953125,0.0
7155.152299013131,2.3842315673828125,0.0
7156.118485588295,-2.9370574951171875,0.0
7157.084672163461,-5.44708251953125,0.0
7158.050858738625,-6.913299560546875,0.0
7159.017045313791,7.5355987548828125,0.0
7159.983231888955,3.7636260986328125,0.0
7160.949418464121,1.119384765625,0.0
7161.915605039285,6.82476806640625,0.0
7162.881791614451,-4.490692138671875,0.0
7163.847978189615,-2.364288330078125,0.0
7164.814164764781,10.564056396484375,0.0
7165.780351339945,13.218719482421875,0.0
7166.746537915111,16.523529052734375,0.0
7167.712724490275,1.26544189453125,0.0
7168.678911065441,1.286529541015625,0.0
7169.645097640605,24.53814697265625,0.0
7170.611284215771,2.381744384765625,0.0
7171.577470790935,-4.19488525390625,0.0
7172.543657366099,5.816802978515625,0.0
7173.509843941265,1.042633056640625,0.0
7174.476030516429,1.4046630859375,0.0
7175.442217091595,-11.21588134765625,0.0
7176.408403666759,-10.51287841796875,0.0
7177.374590241925,5.97100830078125,0.0
7178.340776817089,11.627410888671875,0.0
7179.306963392255,9.130950927734375,0.0
7180.273149967419,11.131683349609375,0.0
7181.239336542585,20.9783935546875,0.0
7182.205523117749,4.791015625,0.0
7183.171709692915,1.1295166015625,0.0
7184.137896268079,3.217620849609375,0.0
7185.104082843245,19.148712158203125,0.0
7186.070269418409,0.08453369140625,0.0
7187.036455993575,4.90948486328125,0.0
7188.002642568739,-10.627685546875,0.0
7188.968829143905,-10.374298095703125,0.0
7189.935015719069,1.3216552734375,0.0
7190.901202294235,-0.06304931640625,0.0
7191.867388869399,-8.200347900390625,0.0
7192.833575444565,-9.492584228515625,0.0
7193.799762019729,-14.93115234375,0.0
7194.765948594895,-15.48291015625,0.0
7195.732135170059,-14.527679443359375,0.0
7196.698321745225,-5.4840087890625,0.0
7197.664508320389,-1.31787109375,0.0
7198.630694895555,-2.9703369140625,0.0
7199.596881470719,-8.4232177734375,0.0
7200.563068045885,-15.83056640625,0.0
7201.529254621049,-5.9927978515625,0.0
7202.495441196215,-9.447540283203125,0.0
7203.461627771379,-0.990570068359375,0.0
7204.427814346545,-12.52130126953125,0.0
7205.394000921709,-13.580780029296875,0.0
7206.360187496875,-15.56805419921875,0.0
7207.3263740720395,-15.63916015625,0.0
7208.292560647205,-5.7533111572265625,0.0
7209.2587472223695,-2.0780029296875,0.0
7210.224933797535,-1.495452880859375,0.0
7211.1911203726995,6.964630126953125,0.0
7212.157306947865,23.762054443359375,0.0
7213.1234935230295,13.646148681640625,0.0
7214.0896800981955,4.871795654296875,0.0
7215.05586667336,3.68170166015625,0.0
7216.0220532485255,9.697845458984375,0.0
7216.98823982369,1.4506072998046875,0.0
7217.9544263988555,-22.730239868164062,0.0
7218.92061297402,-14.598724365234375,0.0
7219.8867995491855,-1.3525390625,0.0
7220.85298612435,-3.57122802734375,0.0
7221.819172699516,5.617279052734375,0.0
7222.78535927468,-6.102813720703125,0.0
7223.751545849846,-6.509521484375,0.0
7224.71773242501,2.682525634765625,0.0
7225.683919000176,6.3912353515625,0.0
7226.65010557534,11.530792236328125,0.0
7227.616292150506,5.19659423828125,0.0
7228.58247872567,14.54461669921875,0.0
7229.548665300836,18.056854248046875,0.0
7230.514851876,-17.445068359375,0.0
7231.481038451166,-23.503326416015625,0.0
7232.44722502633,-12.35845947265625,0.0
7233.413411601496,-3.896209716796875,0.0
7234.37959817666,-10.0975341796875,0.0
7235.345784751826,-11.496246337890625,0.0
7236.31197132699,-21.888946533203125,0.0
7237.278157902156,-2.010833740234375,0.0
7238.24434447732,-4.36138916015625,0.0
7239.210531052486,-18.08221435546875,0.0
7240.17671762765,0.561309814453125,0.0
7241.142904202816,4.612518310546875,0.0
7242.10909077798,34.579376220703125,0.0
7243.075277353146,34.224456787109375,0.0
7244.04146392831,11.7191162109375,0.0
7245.007650503476,9.967987060546875,0.0
7245.97383707864,7.768157958984375,0.0
7246.940023653806,6.35595703125,0.0
7247.90621022897,1.8402099609375,0.0
7248.872396804136,4.471893310546875,0.0
7249.8385833793,16.41925048828125,0.0
7250.804769954464,37.213134765625,0.0
7251.77095652963,30.866668701171875,0.0
7252.737143104794,32.74578857421875,0.0
7253.70332967996,17.1417236328125,0.0
7254.669516255124,11.5181884765625,0.0
7255.63570283029,-0.724517822265625,0.0
7256.601889405454,-9.809112548828125,0.0
7257.56807598062,10.20849609375,0.0
7258.534262555784,26.658782958984375,0.0
7259.50044913095,27.366668701171875,0.0
7260.466635706114,12.8380126953125,0.0
7261.43282228128,5.216644287109375,0.0
7262.399008856444,14.694732666015625,0.0
7263.36519543161,20.432220458984375,0.0
7264.331382006774,16.98046875,0.0
7265.29756858194,-11.8167724609375,0.0
7266.263755157104,2.2625732421875,0.0
7267.22994173227,17.498992919921875,0.0
7268.196128307434,-17.985015869140625,0.0
7269.1623148826,-10.3314208984375,0.0
7270.128501457764,12.38922119140625,0.0
7271.09468803293,-10.24383544921875,0.0
7272.060874608094,-15.02313232421875,0.0
7273.02706118326,-10.19219970703125,0.0
7273.993247758424,-5.900146484375,0.0
7274.95943433359,8.79425048828125,0.0
7275.925620908754,-1.451904296875,0.0
7276.89180748392,0.251983642578125,0.0
7277.857994059084,0.087005615234375,0.0
7278.82418063425,-19.5413818359375,0.0
7279.790367209414,-10.5902099609375,0.0
7280.75655378458,-6.153656005859375,0.0
7281.722740359744,1.4599609375,0.0
7282.68892693491,5.547637939453125,0.0
7283.655113510074,-5.442047119140625,0.0
7284.62130008524,2.168853759765625,0.0
7285.5874866604045,19.852203369140625,0.0
7286.55367323557,7.172149658203125,0.0
7287.5198598107345,12.78778076171875,0.0
7288.4860463859,1.342620849609375,0.0
7289.4522329610645,-12.4569091796875,0.0
7290.41841953623,-19.593536376953125,0.0
7291.3846061113945,-19.261199951171875,0.0
7292.35079268656,-8.983001708984375,0.0
7293.316979261725,17.199951171875,0.0
7294.2831658368905,6.09814453125,0.0
7295.249352412055,3.587371826171875,0.0
7296.2155389872205,10.181396484375,0.0
7297.181725562385,-1.31134033203125,0.0
7298.1479121375505,1.155181884765625,0.0
7299.114098712715,-7.73553466796875,0.0
7300.0802852878805,-11.889404296875,0.0
7301.046471863045,0.0,0.0
7302.012658438211,-6.4869384765625,0.0
7302.978845013375,1.33123779296875,0.0
7303.945031588541,8.184417724609375,0.0
7304.911218163705,25.02166748046875,0.0
7305.877404738871,17.176849365234375,0.0
7306.843591314035,-12.9342041015625,0.0
7307.809777889201,-6.850677490234375,0.0
7308.775964464365,12.9417724609375,0.0
7309.742151039531,1.246551513671875,0.0
7310.708337614695,3.659820556640625,0.0
7311.674524189861,-3.0760498046875,0.0
7312.640710765025,-2.22344970703125,0.0
7313.606897340191,-6.829833984375,0.0
7314.573083915355,10.14117431640625,0.0
7315.539270490521,2.06494140625,0.0
7316.505457065685,-13.925811767578125,0.0
7317.471643640851,-23.594024658203125,0.0
7318.437830216015,-22.910736083984375,0.0
7319.404016791181,-4.9236907958984375,0.0
7320.370203366345,-14.228729248046875,0.0
7321.336389941511,6.678985595703125,0.0
7322.302576516675,0.9387664794921875,0.0
7323.268763091841,-11.73602294921875,0.0
7324.234949667005,-24.799606323242188,0.0
7325.201136242171,-13.03448486328125,0.0
7326.167322817335,5.6712646484375,0.0
7327.133509392501,-8.519943237304688,0.0
7328.099695967665,-15.62109375,0.0
7329.065882542829,-5.585235595703125,0.0
7330.032069117995,-18.119369506835938,0.0
7330.998255693159,44.40606689453125,0.0
