wave,flux,uncertainty
2984.02409768,-6.256049156188965,0.0
2984.999982859082,-4.981451988220215,0.0
2985.975868038164,-1.878279685974121,0.0
2986.9517532172463,-2.076427459716797,0.0
2987.927638396328,-3.5185632705688477,0.0
2988.90352357541,-0.36061668395996094,0.0
2989.879408754492,-1.155329704284668,0.0
2990.855293933574,-0.7560520172119141,0.0
2991.831179112656,-3.346843719482422,0.0
2992.8070642917382,-1.7457809448242188,0.0
2993.78294947082,-1.6889610290527344,0.0
2994.758834649902,-1.4409236907958984,0.0
2995.734719828984,-3.0114192962646484,0.0
2996.710605008066,0.2636137008666992,0.0
2997.686490187148,-1.1590890884399414,0.0
2998.66237536623,-1.1171331405639648,0.0
2999.6382605453123,0.3447837829589844,0.0
3000.614145724394,0.8168849945068359,0.0
3001.590030903476,-4.1608123779296875,0.0
3002.565916082558,-2.6299209594726562,0.0
3003.54180126164,-5.110838890075684,0.0
3004.517686440722,-1.1616687774658203,0.0
3005.4935716198042,-0.4362354278564453,0.0
3006.469456798886,-1.8062000274658203,0.0
3007.445341977968,-4.910985946655273,0.0
3008.42122715705,-6.884687423706055,0.0
3009.397112336132,-4.57679557800293,0.0
3010.372997515214,-4.738073348999023,0.0
3011.348882694296,-2.0105981826782227,0.0
3012.3247678733783,-4.246818542480469,0.0
3013.30065305246,-0.027881622314453125,0.0
3014.276538231542,4.58104133605957,0.0
3015.252423410624,-1.0826129913330078,0.0
3016.228308589706,0.0,0.0
3017.204193768788,1.2638158798217773,0.0
3018.1800789478702,-2.236461639404297,0.0
3019.155964126952,0.75299072265625,0.0
3020.131849306034,0.8123493194580078,0.0
3021.107734485116,-0.75299072265625,0.0
3022.083619664198,-0.6650352478027344,0.0
3023.05950484328,3.7830276489257812,0.0
3024.035390022362,-3.128194808959961,0.0
3025.0112752014443,-1.4528465270996094,0.0
3025.987160380526,-4.048122406005859,0.0
3026.963045559608,0.0,0.0
3027.93893073869,-1.022562026977539,0.0
3028.914815917772,0.0,0.0
3029.890701096854,4.443210601806641,0.0
3030.8665862759362,-3.229236602783203,0.0
3031.842471455018,1.2998886108398438,0.0
3032.8183566341,5.299659729003906,0.0
3033.794241813182,0.5249977111816406,0.0
3034.770126992264,2.7974090576171875,0.0
3035.746012171346,1.3066673278808594,0.0
3036.721897350428,1.967864990234375,0.0
3037.6977825295103,1.065643310546875,0.0
3038.673667708592,0.0,0.0
3039.649552887674,-4.830238342285156,0.0
3040.625438066756,0.5948982238769531,0.0
3041.601323245838,-2.454315185546875,0.0
3042.57720842492,-2.142333984375,0.0
3043.5530936040022,-2.47991943359375,0.0
3044.528978783084,3.032726287841797,0.0
3045.504863962166,0.0,0.0
3046.480749141248,1.0937728881835938,0.0
3047.45663432033,1.1545181274414062,0.0
3048.432519499412,0.4199676513671875,0.0
3049.408404678494,0.23786544799804688,0.0
3050.3842898575763,0.48459625244140625,0.0
3051.360175036658,6.8115386962890625,0.0
3052.33606021574,-0.4456634521484375,0.0
3053.311945394822,-0.09715652465820312,0.0
3054.287830573904,2.482860565185547,0.0
3055.263715752986,-3.9644622802734375,0.0
3056.2396009320682,0.08510589599609375,0.0
3057.21548611115,1.6778907775878906,0.0
3058.191371290232,-0.7446250915527344,0.0
3059.167256469314,3.809804916381836,0.0
3060.143141648396,0.3024444580078125,0.0
3061.119026827478,-0.028619766235351562,0.0
3062.09491200656,2.3733978271484375,0.0
3063.0707971856423,-2.2786407470703125,0.0
3064.046682364724,0.8251304626464844,0.0
3065.022567543806,3.6254196166992188,0.0
3065.998452722888,-3.4320144653320312,0.0
3066.97433790197,-0.8755149841308594,0.0
3067.950223081052,-1.8004646301269531,0.0
3068.9261082601342,3.856884002685547,0.0
3069.901993439216,4.700103759765625,0.0
3070.877878618298,-1.3311996459960938,0.0
3071.85376379738,3.0934600830078125,0.0
3072.829648976462,1.8321685791015625,0.0
3073.805534155544,-1.6598701477050781,0.0
3074.781419334626,-4.8971099853515625,0.0
3075.7573045137083,-6.0928192138671875,0.0
3076.73318969279,3.3610382080078125,0.0
3077.709074871872,5.388912200927734,0.0
3078.684960050954,-1.1852226257324219,0.0
3079.660845230036,-1.2240791320800781,0.0
3080.636730409118,-2.6435546875,0.0
3081.6126155882002,1.6155433654785156,0.0
3082.588500767282,1.9722099304199219,0.0
3083.564385946364,-1.950042724609375,0.0
3084.540271125446,-2.3635826110839844,0.0
3085.516156304528,3.1003379821777344,0.0
3086.49204148361,-1.5924644470214844,0.0
3087.467926662692,-4.679359436035156,0.0
3088.4438118417743,-1.8693809509277344,0.0
3089.419697020856,-3.270671844482422,0.0
3090.395582199938,8.008522033691406,0.0
3091.37146737902,3.8610153198242188,0.0
3092.347352558102,2.2596435546875,0.0
3093.323237737184,-3.3610382080078125,0.0
3094.2991229162662,3.702564239501953,0.0
3095.275008095348,0.0,0.0
3096.25089327443,-1.5573005676269531,0.0
3097.226778453512,-3.0866432189941406,0.0
3098.202663632594,-5.350360870361328,0.0
3099.178548811676,0.4684104919433594,0.0
3100.154433990758,2.742877960205078,0.0
3101.1303191698403,2.5767364501953125,0.0
3102.106204348922,-0.8211441040039062,0.0
3103.082089528004,-4.511360168457031,0.0
3104.057974707086,1.179046630859375,0.0
3105.033859886168,0.7851333618164062,0.0
3106.00974506525,-5.159458160400391,0.0
3106.9856302443322,-3.341075897216797,0.0
3107.961515423414,-2.3787803649902344,0.0
3108.937400602496,1.8702812194824219,0.0
3109.913285781578,6.233089447021484,0.0
3110.88917096066,5.056365966796875,0.0
3111.865056139742,4.545787811279297,0.0
3112.840941318824,5.221141815185547,0.0
3113.8168264979063,-0.24427413940429688,0.0
3114.792711676988,1.741607666015625,0.0
3115.76859685607,4.1918487548828125,0.0
3116.744482035152,-2.2960205078125,0.0
3117.720367214234,-3.62091064453125,0.0
3118.696252393316,0.2607421875,0.0
3119.6721375723982,1.5573158264160156,0.0
3120.64802275148,-5.0146331787109375,0.0
3121.623907930562,-3.7603530883789062,0.0
3122.599793109644,-0.6054534912109375,0.0
3123.575678288726,0.8482551574707031,0.0
3124.551563467808,3.052928924560547,0.0
3125.52744864689,-0.5134620666503906,0.0
3126.5033338259723,-2.8751068115234375,0.0
3127.479219005054,-3.672649383544922,0.0
3128.455104184136,0.070068359375,0.0
3129.430989363218,-0.070068359375,0.0
3130.4068745423,1.351715087890625,0.0
3131.382759721382,4.6654510498046875,0.0
3132.3586449004642,-4.0342254638671875,0.0
3133.334530079546,-2.917938232421875,0.0
3134.310415258628,-4.679771423339844,0.0
3135.28630043771,1.7580337524414062,0.0
3136.262185616792,2.4834747314453125,0.0
3137.238070795874,2.5474929809570312,0.0
3138.213955974956,5.260772705078125,0.0
3139.1898411540383,3.7753753662109375,0.0
3140.16572633312,2.2205963134765625,0.0
3141.141611512202,-1.8353271484375,0.0
3142.117496691284,0.77947998046875,0.0
3143.093381870366,-3.18536376953125,0.0
3144.069267049448,1.16876220703125,0.0
3145.0451522285302,-6.8890838623046875,0.0
3146.021037407612,-4.5148162841796875,0.0
3146.996922586694,-6.9105072021484375,0.0
3147.972807765776,0.75677490234375,0.0
3148.948692944858,4.680595397949219,0.0
3149.92457812394,5.8654327392578125,0.0
3150.900463303022,6.709510803222656,0.0
3151.8763484821043,5.068290710449219,0.0
3152.852233661186,2.754547119140625,0.0
3153.828118840268,-2.496917724609375,0.0
3154.80400401935,-2.3959579467773438,0.0
3155.779889198432,0.5513763427734375,0.0
3156.755774377514,-3.6224746704101562,0.0
3157.7316595565962,-3.115020751953125,0.0
3158.707544735678,-3.7213897705078125,0.0
3159.68342991476,-5.287651062011719,0.0
3160.659315093842,-3.1646881103515625,0.0
3161.635200272924,2.6111297607421875,0.0
3162.611085452006,-3.7803802490234375,0.0
3163.586970631088,-2.7906341552734375,0.0
3164.5628558101703,0.5548095703125,0.0
3165.538740989252,-2.9772720336914062,0.0
3166.514626168334,-0.7935333251953125,0.0
3167.490511347416,1.0975494384765625,0.0
3168.466396526498,-1.1697998046875,0.0
3169.44228170558,-3.3336563110351562,0.0
3170.4181668846622,4.831695556640625,0.0
3171.3940520637443,6.0118865966796875,0.0
3172.369937242826,4.0246734619140625,0.0
3173.345822421908,1.846710205078125,0.0
3174.32170760099,2.4604949951171875,0.0
3175.297592780072,2.1141204833984375,0.0
3176.273477959154,2.5305328369140625,0.0
3177.2493631382363,3.3123931884765625,0.0
3178.225248317318,2.7386398315429688,0.0
3179.2011334964,0.26119232177734375,0.0
3180.177018675482,-2.9769134521484375,0.0
3181.152903854564,-2.7730178833007812,0.0
3182.128789033646,-5.142906188964844,0.0
3183.1046742127282,-0.97222900390625,0.0
3184.0805593918103,-4.049674987792969,0.0
3185.056444570892,-3.4249343872070312,0.0
3186.032329749974,0.040863037109375,0.0
3187.008214929056,2.1999130249023438,0.0
3187.984100108138,-0.5172042846679688,0.0
3188.95998528722,4.176521301269531,0.0
3189.9358704663023,5.284004211425781,0.0
3190.911755645384,1.6821517944335938,0.0
3191.887640824466,-6.221824645996094,0.0
3192.863526003548,0.527923583984375,0.0
3193.83941118263,1.0040512084960938,0.0
3194.815296361712,-7.3224945068359375,0.0
3195.7911815407942,-3.733673095703125,0.0
3196.7670667198763,-1.990966796875,0.0
3197.742951898958,3.493499755859375,0.0
3198.71883707804,2.1966094970703125,0.0
3199.694722257122,5.796699523925781,0.0
3200.670607436204,5.86126708984375,0.0
3201.646492615286,7.947486877441406,0.0
3202.6223777943683,2.5952835083007812,0.0
3203.59826297345,2.4994049072265625,0.0
3204.574148152532,3.0153274536132812,0.0
3205.550033331614,2.5996170043945312,0.0
3206.525918510696,5.856414794921875,0.0
3207.501803689778,5.553260803222656,0.0
3208.4776888688602,1.649658203125,0.0
3209.4535740479423,-0.3205108642578125,0.0
3210.429459227024,2.7406768798828125,0.0
3211.405344406106,0.0859375,0.0
3212.381229585188,-3.6183319091796875,0.0
3213.35711476427,-8.545768737792969,0.0
3214.332999943352,-5.207298278808594,0.0
3215.3088851224343,-4.372428894042969,0.0
3216.284770301516,-4.010917663574219,0.0
3217.260655480598,3.4154281616210938,0.0
3218.23654065968,6.4468231201171875,0.0
3219.212425838762,3.1414337158203125,0.0
3220.188311017844,3.9087905883789062,0.0
3221.1641961969262,7.40277099609375,0.0
3222.1400813760083,2.0609970092773438,0.0
3223.11596655509,1.9447860717773438,0.0
3224.091851734172,-1.316375732421875,0.0
3225.067736913254,-6.822238922119141,0.0
3226.043622092336,-0.99566650390625,0.0
3227.019507271418,-0.10262298583984375,0.0
3227.9953924505003,-0.7328567504882812,0.0
3228.971277629582,-7.497993469238281,0.0
3229.947162808664,-2.065277099609375,0.0
3230.923047987746,-5.786582946777344,0.0
3231.898933166828,-5.764472961425781,0.0
3232.87481834591,-1.9740219116210938,0.0
3233.8507035249922,1.6921234130859375,0.0
3234.8265887040743,-4.325889587402344,0.0
3235.802473883156,-3.6463775634765625,0.0
3236.778359062238,-3.5586090087890625,0.0
3237.75424424132,-2.764984130859375,0.0
3238.730129420402,2.1771697998046875,0.0
3239.706014599484,-2.3853912353515625,0.0
3240.681899778566,-0.32721710205078125,0.0
3241.657784957648,4.618827819824219,0.0
3242.63367013673,-2.194427490234375,0.0
3243.609555315812,-4.851814270019531,0.0
3244.585440494894,4.18292236328125,0.0
3245.561325673976,8.11785888671875,0.0
3246.5372108530582,0.09281158447265625,0.0
3247.5130960321403,0.516845703125,0.0
3248.488981211222,-2.210693359375,0.0
3249.464866390304,-1.5626754760742188,0.0
3250.440751569386,-5.691917419433594,0.0
3251.416636748468,-8.109756469726562,0.0
3252.39252192755,2.1953887939453125,0.0
3253.368407106632,-1.85198974609375,0.0
3254.344292285714,-8.269790649414062,0.0
3255.320177464796,-2.179656982421875,0.0
3256.296062643878,0.9858245849609375,0.0
3257.27194782296,3.404571533203125,0.0
3258.247833002042,5.6426849365234375,0.0
3259.2237181811242,8.904876708984375,0.0
3260.1996033602063,6.710929870605469,0.0
3261.175488539288,4.3550262451171875,0.0
3262.15137371837,9.499702453613281,0.0
3263.127258897452,7.975730895996094,0.0
3264.103144076534,-1.5655441284179688,0.0
3265.079029255616,-4.801658630371094,0.0
3266.054914434698,4.257606506347656,0.0
3267.03079961378,4.09619140625,0.0
3268.006684792862,3.9179153442382812,0.0
3268.982569971944,-2.2225112915039062,0.0
3269.958455151026,2.5074234008789062,0.0
3270.934340330108,-1.3633270263671875,0.0
3271.9102255091902,-5.55126953125,0.0
3272.8861106882723,-2.3701095581054688,0.0
3273.861995867354,-8.293792724609375,0.0
3274.837881046436,-6.76885986328125,0.0
3275.813766225518,-7.49761962890625,0.0
3276.7896514046,-6.3604583740234375,0.0
3277.765536583682,-3.9179153442382812,0.0
3278.741421762764,-1.7260818481445312,0.0
3279.717306941846,-4.794837951660156,0.0
3280.693192120928,-2.8762893676757812,0.0
3281.66907730001,-0.8728713989257812,0.0
3282.644962479092,-1.516448974609375,0.0
3283.620847658174,-0.60418701171875,0.0
3284.5967328372562,2.0388412475585938,0.0
3285.5726180163383,1.4471664428710938,0.0
3286.54850319542,3.162384033203125,0.0
3287.524388374502,0.05614471435546875,0.0
3288.500273553584,2.3643875122070312,0.0
3289.476158732666,0.04502105712890625,0.0
3290.452043911748,3.725372314453125,0.0
3291.42792909083,-0.01757049560546875,0.0
3292.403814269912,1.8335800170898438,0.0
3293.379699448994,4.768928527832031,0.0
3294.355584628076,7.3975982666015625,0.0
3295.331469807158,5.42236328125,0.0
3296.30735498624,7.4477691650390625,0.0
3297.2832401653222,5.1110076904296875,0.0
3298.2591253444043,5.82208251953125,0.0
3299.235010523486,7.574737548828125,0.0
3300.210895702568,6.872825622558594,0.0
3301.18678088165,-2.3762359619140625,0.0
3302.162666060732,-3.3239669799804688,0.0
3303.138551239814,0.0,0.0
3304.114436418896,2.4728240966796875,0.0
3305.090321597978,5.5136260986328125,0.0
3306.06620677706,3.6409072875976562,0.0
3307.042091956142,-2.3132553100585938,0.0
3308.017977135224,-3.5731658935546875,0.0
3308.993862314306,-1.6616439819335938,0.0
3309.9697474933882,-5.127906799316406,0.0
3310.9456326724703,-3.6800003051757812,0.0
3311.921517851552,-0.17238616943359375,0.0
3312.897403030634,0.0,0.0
3313.873288209716,-0.9913330078125,0.0
3314.849173388798,-2.875579833984375,0.0
3315.82505856788,-2.0524215698242188,0.0
3316.800943746962,1.91082763671875,0.0
3317.776828926044,0.8295059204101562,0.0
3318.752714105126,-0.27489471435546875,0.0
3319.728599284208,3.0533294677734375,0.0
3320.70448446329,4.714714050292969,0.0
3321.680369642372,2.7594146728515625,0.0
3322.6562548214542,-7.54522705078125,0.0
3323.6321400005363,-3.1934432983398438,0.0
3324.608025179618,-6.94158935546875,0.0
3325.5839103587,-3.9441986083984375,0.0
3326.559795537782,0.7425613403320312,0.0
3327.535680716864,8.302749633789062,0.0
3328.511565895946,3.67242431640625,0.0
3329.487451075028,-4.962806701660156,0.0
3330.46333625411,3.9634933471679688,0.0
3331.439221433192,-0.7862472534179688,0.0
3332.415106612274,4.1883392333984375,0.0
3333.390991791356,5.703804016113281,0.0
3334.366876970438,-1.1990814208984375,0.0
3335.3427621495202,-6.875129699707031,0.0
3336.3186473286023,-0.72625732421875,0.0
3337.294532507684,-5.0947113037109375,0.0
3338.270417686766,0.67633056640625,0.0
3339.246302865848,0.0219573974609375,0.0
3340.22218804493,1.9857025146484375,0.0
3341.198073224012,4.478919982910156,0.0
3342.173958403094,-0.7057571411132812,0.0
3343.149843582176,-2.1150741577148438,0.0
3344.125728761258,0.9826278686523438,0.0
3345.10161394034,5.0940704345703125,0.0
3346.077499119422,-1.5278244018554688,0.0
3347.053384298504,-4.591911315917969,0.0
3348.0292694775862,1.3736495971679688,0.0
3349.0051546566683,-1.20379638671875,0.0
3349.98103983575,-2.4512939453125,0.0
3350.956925014832,-4.106544494628906,0.0
3351.932810193914,0.9959487915039062,0.0
3352.908695372996,-0.8139495849609375,0.0
3353.884580552078,5.0429840087890625,0.0
3354.86046573116,7.470161437988281,0.0
3355.836350910242,5.250205993652344,0.0
3356.812236089324,-4.779350280761719,0.0
3357.788121268406,-4.160125732421875,0.0
3358.764006447488,3.291259765625,0.0
3359.73989162657,-5.818046569824219,0.0
3360.7157768056522,-2.7202682495117188,0.0
3361.6916619847343,-8.550437927246094,0.0
3362.667547163816,-4.1455078125,0.0
3363.643432342898,-1.5873031616210938,0.0
3364.61931752198,3.406726837158203,0.0
3365.595202701062,1.4010238647460938,0.0
3366.571087880144,0.7752647399902344,0.0
3367.546973059226,0.7694473266601562,0.0
3368.522858238308,-3.1780319213867188,0.0
3369.49874341739,-4.174034118652344,0.0
3370.474628596472,0.7365036010742188,0.0
3371.450513775554,-2.2815704345703125,0.0
3372.426398954636,-5.042259216308594,0.0
3373.4022841337182,-2.8238372802734375,0.0
3374.3781693128003,3.3954391479492188,0.0
3375.354054491882,-1.8219833374023438,0.0
3376.329939670964,-1.6212310791015625,0.0
3377.305824850046,1.0450286865234375,0.0
3378.281710029128,2.635009765625,0.0
3379.25759520821,-2.2737579345703125,0.0
3380.233480387292,1.11712646484375,0.0
3381.209365566374,-0.24378204345703125,0.0
3382.185250745456,-6.187370300292969,0.0
3383.161135924538,-6.495872497558594,0.0
3384.13702110362,-3.355316162109375,0.0
3385.112906282702,-1.1717910766601562,0.0
3386.0887914617842,3.1095199584960938,0.0
3387.0646766408663,3.0387649536132812,0.0
3388.040561819948,-3.192596435546875,0.0
3389.01644699903,-0.43235015869140625,0.0
3389.992332178112,3.8445205688476562,0.0
3390.968217357194,2.0689849853515625,0.0
3391.944102536276,-0.00298309326171875,0.0
3392.919987715358,-1.916595458984375,0.0
3393.89587289444,-3.96435546875,0.0
3394.871758073522,-0.8241348266601562,0.0
3395.847643252604,1.8969268798828125,0.0
3396.823528431686,2.45745849609375,0.0
3397.799413610768,5.9486083984375,0.0
3398.7752987898502,9.8543701171875,0.0
3399.7511839689323,9.130111694335938,0.0
3400.727069148014,10.716400146484375,0.0
3401.702954327096,4.967041015625,0.0
3402.678839506178,3.5647125244140625,0.0
3403.65472468526,6.043792724609375,0.0
3404.630609864342,-1.7041015625,0.0
3405.606495043424,-5.001136779785156,0.0
3406.582380222506,3.0121307373046875,0.0
3407.558265401588,1.20556640625,0.0
3408.53415058067,-3.5368194580078125,0.0
3409.510035759752,-3.6903228759765625,0.0
3410.485920938834,-0.3012237548828125,0.0
3411.4618061179162,4.7278900146484375,0.0
3412.4376912969983,-1.6338958740234375,0.0
3413.41357647608,-1.6512603759765625,0.0
3414.389461655162,-7.928504943847656,0.0
3415.365346834244,-12.519111633300781,0.0
3416.341232013326,-0.1849517822265625,0.0
3417.317117192408,2.265777587890625,0.0
3418.29300237149,1.906158447265625,0.0
3419.268887550572,1.1985931396484375,0.0
3420.244772729654,5.3530120849609375,0.0
3421.220657908736,-0.3599090576171875,0.0
3422.196543087818,4.78533935546875,0.0
3423.1724282669,3.486236572265625,0.0
3424.1483134459822,10.418777465820312,0.0
3425.1241986250643,5.72296142578125,0.0
3426.100083804146,-1.08355712890625,0.0
3427.075968983228,-0.83868408203125,0.0
3428.05185416231,9.842849731445312,0.0
3429.027739341392,2.7712554931640625,0.0
3430.003624520474,-5.76971435546875,0.0
3430.979509699556,2.3827972412109375,0.0
3431.955394878638,4.833831787109375,0.0
3432.93128005772,-0.34454345703125,0.0
3433.907165236802,3.6731414794921875,0.0
3434.883050415884,6.1093902587890625,0.0
3435.858935594966,8.19427490234375,0.0
3436.8348207740482,3.303955078125,0.0
3437.8107059531303,-1.736602783203125,0.0
3438.786591132212,1.5977020263671875,0.0
3439.762476311294,-5.7774810791015625,0.0
3440.738361490376,-6.4251556396484375,0.0
3441.714246669458,-8.580184936523438,0.0
3442.69013184854,-8.566482543945312,0.0
3443.666017027622,-1.4519882202148438,0.0
3444.641902206704,-9.277076721191406,0.0
3445.617787385786,-10.64215087890625,0.0
3446.593672564868,-1.0417251586914062,0.0
3447.56955774395,2.2683563232421875,0.0
3448.545442923032,-1.8592453002929688,0.0
3449.5213281021142,-1.9965972900390625,0.0
3450.4972132811963,2.5233001708984375,0.0
3451.473098460278,0.0465850830078125,0.0
3452.44898363936,0.15606689453125,0.0
3453.424868818442,-0.9532318115234375,0.0
3454.400753997524,-0.7231903076171875,0.0
3455.376639176606,-1.6356964111328125,0.0
3456.352524355688,-2.3123626708984375,0.0
3457.32840953477,1.8173065185546875,0.0
3458.304294713852,-4.0206146240234375,0.0
3459.280179892934,-7.7222137451171875,0.0
3460.256065072016,-8.328857421875,0.0
3461.231950251098,-2.0087432861328125,0.0
3462.2078354301802,-6.47686767578125,0.0
3463.1837206092623,1.6401519775390625,0.0
3464.159605788344,-0.8813629150390625,0.0
3465.135490967426,0.526123046875,0.0
3466.111376146508,-3.1286163330078125,0.0
3467.08726132559,-1.9128875732421875,0.0
3468.063146504672,2.3002471923828125,0.0
3469.039031683754,2.491241455078125,0.0
3470.014916862836,4.5603790283203125,0.0
3470.990802041918,2.4880828857421875,0.0
3471.966687221,8.111907958984375,0.0
3472.942572400082,1.2283477783203125,0.0
3473.918457579164,1.8591461181640625,0.0
3474.8943427582462,0.3199615478515625,0.0
3475.8702279373283,-2.1789398193359375,0.0
3476.84611311641,-8.89111328125,0.0
3477.821998295492,-13.13714599609375,0.0
3478.797883474574,-4.630218505859375,0.0
3479.773768653656,3.3650054931640625,0.0
3480.749653832738,3.528594970703125,0.0
3481.72553901182,7.2678680419921875,0.0
3482.701424190902,-0.1979522705078125,0.0
3483.677309369984,3.276153564453125,0.0
3484.653194549066,1.9825439453125,0.0
3485.629079728148,0.6778106689453125,0.0
3486.60496490723,4.5211029052734375,0.0
3487.5808500863122,5.404327392578125,0.0
3488.5567352653943,2.159576416015625,0.0
3489.532620444476,3.185150146484375,0.0
3490.508505623558,-4.5977020263671875,0.0
3491.48439080264,-1.61859130859375,0.0
3492.460275981722,-1.7333526611328125,0.0
3493.436161160804,-4.0411834716796875,0.0
3494.412046339886,-3.9627685546875,0.0
3495.387931518968,-1.239288330078125,0.0
3496.36381669805,-2.939697265625,0.0
3497.339701877132,-6.8170623779296875,0.0
3498.315587056214,-2.1923980712890625,0.0
3499.291472235296,-2.1056365966796875,0.0
3500.2673574143782,4.3011474609375,0.0
3501.2432425934603,8.443511962890625,0.0
3502.219127772542,4.827301025390625,0.0
3503.195012951624,8.674209594726562,0.0
3504.170898130706,1.2844085693359375,0.0
3505.146783309788,8.43243408203125,0.0
3506.12266848887,7.98773193359375,0.0
3507.098553667952,1.0895843505859375,0.0
3508.074438847034,4.5558013916015625,0.0
3509.050324026116,-1.85479736328125,0.0
3510.026209205198,1.947418212890625,0.0
3511.00209438428,0.4146881103515625,0.0
3511.977979563362,-6.7760162353515625,0.0
3512.9538647424442,-13.03680419921875,0.0
3513.9297499215263,-5.45233154296875,0.0
3514.905635100608,0.1601104736328125,0.0
3515.88152027969,4.314178466796875,0.0
3516.857405458772,4.6459808349609375,0.0
3517.833290637854,3.3987274169921875,0.0
3518.809175816936,3.7397918701171875,0.0
3519.785060996018,-4.786407470703125,0.0
3520.7609461751,1.3134307861328125,0.0
3521.736831354182,-0.717620849609375,0.0
3522.712716533264,-10.019317626953125,0.0
3523.688601712346,-5.523223876953125,0.0
3524.664486891428,-12.542770385742188,0.0
3525.6403720705102,-10.240982055664062,0.0
3526.6162572495923,-7.2483062744140625,0.0
3527.592142428674,-4.6459808349609375,0.0
3528.568027607756,-5.455841064453125,0.0
3529.543912786838,-5.73028564453125,0.0
3530.51979796592,-1.3747711181640625,0.0
3531.495683145002,0.4041595458984375,0.0
3532.471568324084,-1.802215576171875,0.0
3533.447453503166,0.7661590576171875,0.0
3534.423338682248,0.8054351806640625,0.0
3535.39922386133,2.9246368408203125,0.0
3536.375109040412,5.6457061767578125,0.0
3537.350994219494,9.328460693359375,0.0
3538.3268793985762,11.953079223632812,0.0
3539.3027645776583,4.935821533203125,0.0
3540.27864975674,2.1157379150390625,0.0
3541.254534935822,3.7411651611328125,0.0
3542.230420114904,3.4644622802734375,0.0
3543.206305293986,2.0985260009765625,0.0
3544.182190473068,8.9383544921875,0.0
3545.15807565215,11.293792724609375,0.0
3546.133960831232,10.503616333007812,0.0
3547.109846010314,6.709197998046875,0.0
3548.085731189396,10.946090698242188,0.0
3549.061616368478,10.572708129882812,0.0
3550.03750154756,2.9701385498046875,0.0
3551.0133867266422,2.085113525390625,0.0
3551.9892719057243,5.1663360595703125,0.0
3552.965157084806,7.35943603515625,0.0
3553.941042263888,9.272872924804688,0.0
3554.91692744297,5.61328125,0.0
3555.892812622052,2.88580322265625,0.0
3556.868697801134,1.57098388671875,0.0
3557.844582980216,6.074737548828125,0.0
3558.820468159298,10.181488037109375,0.0
3559.79635333838,1.442230224609375,0.0
3560.772238517462,6.893707275390625,0.0
3561.748123696544,2.6881256103515625,0.0
3562.724008875626,0.5954437255859375,0.0
3563.6998940547082,-0.699859619140625,0.0
3564.6757792337903,2.2163238525390625,0.0
3565.651664412872,-3.0592041015625,0.0
3566.627549591954,-9.03619384765625,0.0
3567.603434771036,-10.455856323242188,0.0
3568.579319950118,-9.332305908203125,0.0
3569.5552051292,-9.4989013671875,0.0
3570.531090308282,-6.8307037353515625,0.0
3571.506975487364,-11.303115844726562,0.0
3572.482860666446,-8.0172119140625,0.0
3573.458745845528,-9.1842041015625,0.0
3574.43463102461,-6.2409515380859375,0.0
3575.410516203692,-6.658966064453125,0.0
3576.3864013827742,-0.0668182373046875,0.0
3577.3622865618563,-6.345550537109375,0.0
3578.338171740938,-5.300323486328125,0.0
3579.31405692002,-7.8773651123046875,0.0
3580.289942099102,-10.1461181640625,0.0
3581.265827278184,-7.983734130859375,0.0
3582.241712457266,-9.835708618164062,0.0
3583.217597636348,-4.36090087890625,0.0
3584.19348281543,-10.289230346679688,0.0
3585.169367994512,-15.06378173828125,0.0
3586.145253173594,-19.447982788085938,0.0
3587.121138352676,-18.13897705078125,0.0
3588.097023531758,-13.398468017578125,0.0
3589.0729087108402,-13.64422607421875,0.0
3590.0487938899223,-8.45660400390625,0.0
3591.024679069004,1.0559844970703125,0.0
3592.000564248086,5.4915924072265625,0.0
3592.976449427168,2.0566253662109375,0.0
3593.95233460625,0.7730560302734375,0.0
3594.928219785332,5.3804779052734375,0.0
3595.904104964414,9.554107666015625,0.0
3596.879990143496,8.036972045898438,0.0
3597.855875322578,15.689010620117188,0.0
3598.83176050166,17.6041259765625,0.0
3599.807645680742,13.517730712890625,0.0
3600.783530859824,15.946701049804688,0.0
3601.7594160389062,7.92919921875,0.0
3602.7353012179883,4.80877685546875,0.0
3603.71118639707,1.3972015380859375,0.0
3604.687071576152,3.2660675048828125,0.0
3605.662956755234,-2.937408447265625,0.0
3606.638841934316,-4.1781005859375,0.0
3607.614727113398,-1.601531982421875,0.0
3608.59061229248,-3.79278564453125,0.0
3609.566497471562,-8.714569091796875,0.0
3610.542382650644,-8.014511108398438,0.0
3611.518267829726,-5.7501068115234375,0.0
3612.494153008808,-7.437042236328125,0.0
3613.47003818789,0.776123046875,0.0
3614.4459233669722,5.4840850830078125,0.0
3615.4218085460543,2.163299560546875,0.0
3616.397693725136,-3.0063018798828125,0.0
3617.373578904218,3.9353790283203125,0.0
3618.3494640833,-3.5762939453125,0.0
3619.325349262382,-7.0520172119140625,0.0
3620.301234441464,-3.7643890380859375,0.0
3621.277119620546,-5.4824676513671875,0.0
3622.253004799628,-2.64520263671875,0.0
3623.22888997871,1.856201171875,0.0
3624.204775157792,5.4192962646484375,0.0
3625.180660336874,11.959747314453125,0.0
3626.156545515956,12.720504760742188,0.0
3627.1324306950382,12.930831909179688,0.0
3628.1083158741203,16.973587036132812,0.0
3629.084201053202,7.996673583984375,0.0
3630.060086232284,0.4595184326171875,0.0
3631.035971411366,-7.178619384765625,0.0
3632.011856590448,-11.51727294921875,0.0
3632.98774176953,-14.739700317382812,0.0
3633.963626948612,-8.97265625,0.0
3634.939512127694,-7.0499420166015625,0.0
3635.915397306776,-6.4185028076171875,0.0
3636.891282485858,-11.227020263671875,0.0
3637.86716766494,0.8193359375,0.0
3638.843052844022,3.68231201171875,0.0
3639.8189380231042,9.142959594726562,0.0
3640.7948232021863,0.0,0.0
3641.770708381268,4.989532470703125,0.0
3642.74659356035,2.111785888671875,0.0
3643.722478739432,-8.7939453125,0.0
3644.698363918514,-5.8694000244140625,0.0
3645.674249097596,-2.926055908203125,0.0
3646.650134276678,-5.4817962646484375,0.0
3647.62601945576,-5.5932464599609375,0.0
3648.601904634842,-8.053573608398438,0.0
3649.577789813924,-12.930389404296875,0.0
3650.553674993006,-6.259552001953125,0.0
3651.529560172088,-3.8739013671875,0.0
3652.5054453511702,0.42578125,0.0
3653.4813305302523,1.1374053955078125,0.0
3654.457215709334,3.7177581787109375,0.0
3655.433100888416,6.4295501708984375,0.0
3656.408986067498,-0.8562469482421875,0.0
3657.38487124658,7.5644989013671875,0.0
3658.360756425662,12.899322509765625,0.0
3659.336641604744,2.7569732666015625,0.0
3660.312526783826,4.9888916015625,0.0
3661.288411962908,5.3346405029296875,0.0
3662.26429714199,12.844650268554688,0.0
3663.240182321072,10.990280151367188,0.0
3664.216067500154,2.4749603271484375,0.0
3665.1919526792362,0.342254638671875,0.0
3666.1678378583183,4.627716064453125,0.0
3667.1437230374,3.152618408203125,0.0
3668.119608216482,-6.755096435546875,0.0
3669.095493395564,3.50244140625,0.0
3670.071378574646,3.3877410888671875,0.0
3671.047263753728,1.1529998779296875,0.0
3672.02314893281,0.2453155517578125,0.0
3672.999034111892,0.6741485595703125,0.0
3673.974919290974,7.8206787109375,0.0
3674.950804470056,9.7987060546875,0.0
3675.926689649138,1.1503448486328125,0.0
3676.90257482822,0.3990020751953125,0.0
3677.8784600073022,-4.256683349609375,0.0
3678.8543451863843,-3.0595550537109375,0.0
3679.830230365466,-5.8168792724609375,0.0
3680.806115544548,-4.5079498291015625,0.0
3681.78200072363,-5.5796051025390625,0.0
3682.757885902712,-4.835235595703125,0.0
3683.733771081794,0.9883575439453125,0.0
3684.709656260876,-2.6746673583984375,0.0
3685.685541439958,-8.597808837890625,0.0
3686.66142661904,-8.246963500976562,0.0
3687.637311798122,-8.870590209960938,0.0
3688.613196977204,-6.228111267089844,0.0
3689.589082156286,-6.43048095703125,0.0
3690.5649673353682,4.0018463134765625,0.0
3691.5408525144503,6.166473388671875,0.0
3692.516737693532,5.865509033203125,0.0
3693.492622872614,6.021026611328125,0.0
3694.468508051696,10.14178466796875,0.0
3695.444393230778,4.5654296875,0.0
3696.42027840986,12.026321411132812,0.0
3697.396163588942,11.922683715820312,0.0
3698.372048768024,7.642822265625,0.0
3699.347933947106,11.422775268554688,0.0
3700.323819126188,8.359481811523438,0.0
3701.29970430527,14.432693481445312,0.0
3702.275589484352,8.691162109375,0.0
3703.2514746634342,4.3126068115234375,0.0
3704.2273598425163,-0.8457183837890625,0.0
3705.203245021598,-6.9984130859375,0.0
3706.17913020068,-13.700386047363281,0.0
3707.155015379762,-21.193130493164062,0.0
3708.130900558844,-5.47406005859375,0.0
3709.106785737926,-10.727935791015625,0.0
3710.082670917008,-9.42529296875,0.0
3711.05855609609,-7.119659423828125,0.0
3712.034441275172,2.6308135986328125,0.0
3713.010326454254,5.55889892578125,0.0
3713.986211633336,12.263931274414062,0.0
3714.962096812418,20.658157348632812,0.0
3715.9379819915002,14.352523803710938,0.0
3716.9138671705823,13.572845458984375,0.0
3717.889752349664,14.849472045898438,0.0
3718.865637528746,3.9139556884765625,0.0
3719.841522707828,0.43402099609375,0.0
3720.81740788691,-2.3010406494140625,0.0
3721.793293065992,1.8875579833984375,0.0
3722.769178245074,30.237106323242188,0.0
3723.745063424156,93.01820373535156,0.0
3724.720948603238,193.06723022460938,0.0
3725.69683378232,296.04854583740234,0.0
3726.672718961402,385.7620162963867,0.0
3727.648604140484,446.1312942504883,0.0
3728.6244893195662,440.7049102783203,0.0
3729.6003744986483,376.23661041259766,0.0
3730.57625967773,274.06382751464844,0.0
3731.552144856812,155.19151306152344,0.0
3732.528030035894,54.14306640625,0.0
3733.503915214976,5.872779846191406,0.0
3734.479800394058,-17.31371307373047,0.0
3735.45568557314,-28.962562561035156,0.0
3736.431570752222,-28.686325073242188,0.0
3737.407455931304,-20.20471954345703,0.0
3738.383341110386,-12.503509521484375,0.0
3739.359226289468,3.5525894165039062,0.0
3740.33511146855,12.046707153320312,0.0
3741.3109966476322,17.722877502441406,0.0
3742.2868818267143,16.025413513183594,0.0
3743.262767005796,17.228546142578125,0.0
3744.238652184878,11.7965087890625,0.0
3745.21453736396,-5.4034271240234375,0.0
3746.190422543042,-18.001495361328125,0.0
3747.166307722124,-25.06732177734375,0.0
3748.142192901206,-34.316131591796875,0.0
3749.118078080288,-43.097625732421875,0.0
3750.09396325937,-49.40087890625,0.0
3751.069848438452,-45.79472351074219,0.0
3752.045733617534,-34.82432556152344,0.0
3753.021618796616,-20.764495849609375,0.0
3753.9975039756982,-7.990264892578125,0.0
3754.9733891547803,5.5375518798828125,0.0
3755.949274333862,13.40087890625,0.0
3756.925159512944,3.52313232421875,0.0
3757.901044692026,5.143768310546875,0.0
3758.876929871108,7.77740478515625,0.0
3759.85281505019,0.5890045166015625,0.0
3760.828700229272,1.601348876953125,0.0
3761.804585408354,9.368942260742188,0.0
3762.780470587436,11.956985473632812,0.0
3763.756355766518,7.060356140136719,0.0
3764.7322409456,10.090499877929688,0.0
3765.708126124682,6.593788146972656,0.0
3766.6840113037642,0.0,0.0
3767.6598964828463,-11.871246337890625,0.0
3768.635781661928,-25.842742919921875,0.0
3769.61166684101,-30.499160766601562,0.0
3770.587552020092,-29.143508911132812,0.0
3771.563437199174,-29.255294799804688,0.0
3772.539322378256,-26.234115600585938,0.0
3773.515207557338,-17.71484375,0.0
3774.49109273642,-1.601348876953125,0.0
3775.466977915502,2.209259033203125,0.0
3776.442863094584,8.715866088867188,0.0
3777.418748273666,27.168792724609375,0.0
3778.394633452748,32.31134033203125,0.0
3779.3705186318302,39.072540283203125,0.0
3780.3464038109123,42.76597595214844,0.0
3781.322288989994,48.225616455078125,0.0
3782.298174169076,49.133148193359375,0.0
3783.274059348158,50.8441162109375,0.0
3784.24994452724,48.33641052246094,0.0
3785.225829706322,50.719146728515625,0.0
3786.201714885404,41.91035461425781,0.0
3787.177600064486,30.745498657226562,0.0
3788.153485243568,13.3543701171875,0.0
3789.12937042265,7.3689117431640625,0.0
3790.105255601732,5.42791748046875,0.0
3791.081140780814,-3.6930389404296875,0.0
3792.0570259598962,-7.094573974609375,0.0
3793.0329111389783,-12.408172607421875,0.0
3794.00879631806,-23.990325927734375,0.0
3794.984681497142,-42.16546630859375,0.0
3795.960566676224,-48.977447509765625,0.0
3796.936451855306,-57.74739074707031,0.0
3797.912337034388,-61.64149475097656,0.0
3798.88822221347,-57.42689514160156,0.0
3799.864107392552,-48.227569580078125,0.0
3800.839992571634,-41.83021545410156,0.0
3801.815877750716,-29.039031982421875,0.0
3802.791762929798,-14.236495971679688,0.0
3803.76764810888,3.422637939453125,0.0
3804.7435332879622,14.8179931640625,0.0
3805.7194184670443,18.1329345703125,0.0
3806.695303646126,24.88873291015625,0.0
3807.671188825208,26.814422607421875,0.0
3808.64707400429,36.67279052734375,0.0
3809.622959183372,39.3939208984375,0.0
3810.598844362454,39.030609130859375,0.0
3811.574729541536,37.669403076171875,0.0
3812.550614720618,37.405548095703125,0.0
3813.5264998997,34.234649658203125,0.0
3814.502385078782,26.70892333984375,0.0
3815.478270257864,18.974609375,0.0
3816.454155436946,26.197723388671875,0.0
3817.4300406160282,19.68206787109375,0.0
3818.4059257951103,24.588134765625,0.0
3819.381810974192,23.669769287109375,0.0
3820.357696153274,7.9609375,0.0
3821.333581332356,9.37506103515625,0.0
3822.309466511438,15.017425537109375,0.0
3823.28535169052,11.920440673828125,0.0
3824.261236869602,-5.42791748046875,0.0
3825.237122048684,-17.288040161132812,0.0
3826.213007227766,-18.8743896484375,0.0
3827.188892406848,-18.881103515625,0.0
3828.16477758593,-31.994125366210938,0.0
3829.140662765012,-38.30047607421875,0.0
3830.1165479440942,-45.77711486816406,0.0
3831.0924331231763,-50.70722961425781,0.0
3832.068318302258,-74.59806823730469,0.0
3833.04420348134,-81.63972473144531,0.0
3834.020088660422,-84.15255737304688,0.0
3834.995973839504,-97.74595642089844,0.0
3835.971859018586,-94.52978515625,0.0
3836.947744197668,-90.33981323242188,0.0
3837.92362937675,-90.00576782226562,0.0
3838.899514555832,-84.25274658203125,0.0
3839.875399734914,-75.01945495605469,0.0
3840.851284913996,-64.44673156738281,0.0
3841.827170093078,-54.145050048828125,0.0
3842.8030552721602,-38.80908203125,0.0
3843.7789404512423,-26.87200927734375,0.0
3844.754825630324,-15.9130859375,0.0
3845.730710809406,-14.12689208984375,0.0
3846.706595988488,-6.497314453125,0.0
3847.68248116757,0.367462158203125,0.0
3848.658366346652,7.021484375,0.0
3849.634251525734,16.28741455078125,0.0
3850.610136704816,15.335052490234375,0.0
3851.586021883898,20.219757080078125,0.0
3852.56190706298,18.807281494140625,0.0
3853.537792242062,29.29620361328125,0.0
3854.513677421144,28.747467041015625,0.0
3855.4895626002262,28.283966064453125,0.0
3856.4654477793083,20.696624755859375,0.0
3857.44133295839,12.339385986328125,0.0
3858.417218137472,19.4957275390625,0.0
3859.393103316554,18.406402587890625,0.0
3860.368988495636,23.529998779296875,0.0
3861.344873674718,29.928619384765625,0.0
3862.3207588538,36.984527587890625,0.0
3863.296644032882,39.50164794921875,0.0
3864.272529211964,34.07781982421875,0.0
3865.248414391046,39.395782470703125,0.0
3866.224299570128,40.69329833984375,0.0
3867.20018474921,51.676177978515625,0.0
3868.1760699282922,45.559356689453125,0.0
3869.1519551073743,44.781097412109375,0.0
3870.127840286456,43.96832275390625,0.0
3871.103725465538,24.076751708984375,0.0
3872.07961064462,11.32513427734375,0.0
3873.055495823702,4.201080322265625,0.0
3874.031381002784,1.48486328125,0.0
3875.007266181866,4.432342529296875,0.0
3875.983151360948,-1.8612060546875,0.0
3876.95903654003,-1.408782958984375,0.0
3877.934921719112,-8.397705078125,0.0
3878.910806898194,-15.335052490234375,0.0
3879.886692077276,-19.3436279296875,0.0
3880.8625772563582,-22.732940673828125,0.0
3881.8384624354403,-27.852935791015625,0.0
3882.814347614522,-36.88043212890625,0.0
3883.790232793604,-45.357177734375,0.0
3884.766117972686,-61.1973876953125,0.0
3885.742003151768,-56.650543212890625,0.0
3886.71788833085,-68.22242736816406,0.0
3887.693773509932,-60.18095397949219,0.0
3888.669658689014,-63.164398193359375,0.0
3889.645543868096,-67.75759887695312,0.0
3890.621429047178,-56.09327697753906,0.0
3891.59731422626,-58.87205505371094,0.0
3892.573199405342,-60.61883544921875,0.0
3893.5490845844242,-58.25996398925781,0.0
3894.5249697635063,-47.902069091796875,0.0
3895.500854942588,-41.347381591796875,0.0
3896.47674012167,-34.66168212890625,0.0
3897.452625300752,-26.382781982421875,0.0
3898.428510479834,-20.157928466796875,0.0
3899.404395658916,-5.418060302734375,0.0
3900.380280837998,0.909637451171875,0.0
3901.35616601708,10.47662353515625,0.0
3902.332051196162,18.819366455078125,0.0
3903.307936375244,12.83135986328125,0.0
3904.283821554326,13.996337890625,0.0
3905.259706733408,13.051849365234375,0.0
3906.2355919124902,19.15191650390625,0.0
3907.2114770915723,20.29541015625,0.0
3908.187362270654,31.52752685546875,0.0
3909.163247449736,43.963775634765625,0.0
3910.139132628818,50.91412353515625,0.0
3911.1150178079,44.996124267578125,0.0
3912.090902986982,43.390838623046875,0.0
3913.066788166064,37.500946044921875,0.0
3914.042673345146,34.429534912109375,0.0
3915.018558524228,43.715240478515625,0.0
3915.99444370331,30.510040283203125,0.0
3916.970328882392,20.17193603515625,0.0
3917.946214061474,23.870574951171875,0.0
3918.9220992405562,18.366607666015625,0.0
3919.8979844196383,11.744354248046875,0.0
3920.87386959872,14.463043212890625,0.0
3921.849754777802,11.790252685546875,0.0
3922.825639956884,13.521820068359375,0.0
3923.801525135966,10.566070556640625,0.0
3924.777410315048,8.015869140625,0.0
3925.75329549413,-2.58905029296875,0.0
3926.729180673212,-10.52655029296875,0.0
3927.705065852294,-19.76385498046875,0.0
3928.680951031376,-37.853515625,0.0
3929.656836210458,-48.829864501953125,0.0
3930.63272138954,-73.15521240234375,0.0
3931.6086065686222,-95.07247924804688,0.0
3932.5844917477043,-104.74943542480469,0.0
3933.560376926786,-109.35733032226562,0.0
3934.536262105868,-107.76799011230469,0.0
3935.51214728495,-101.3770751953125,0.0
3936.488032464032,-79.82054138183594,0.0
3937.463917643114,-56.154449462890625,0.0
3938.439802822196,-37.3653564453125,0.0
3939.415688001278,-26.46063232421875,0.0
3940.39157318036,-12.509979248046875,0.0
3941.367458359442,-7.70025634765625,0.0
3942.343343538524,-1.7618408203125,0.0
3943.319228717606,9.8028564453125,0.0
3944.2951138966882,9.3443603515625,0.0
3945.2709990757703,12.740631103515625,0.0
3946.246884254852,17.563568115234375,0.0
3947.222769433934,23.6275634765625,0.0
3948.198654613016,27.909423828125,0.0
3949.174539792098,16.538330078125,0.0
3950.15042497118,17.359466552734375,0.0
3951.126310150262,30.879638671875,0.0
3952.102195329344,21.87646484375,0.0
3953.078080508426,27.033538818359375,0.0
3954.053965687508,23.146240234375,0.0
3955.02985086659,20.234588623046875,0.0
3956.005736045672,22.31939697265625,0.0
3956.9816212247542,19.1627197265625,0.0
3957.9575064038363,7.18475341796875,0.0
3958.933391582918,11.243988037109375,0.0
3959.909276762,2.361724853515625,0.0
3960.885161941082,-15.205047607421875,0.0
3961.861047120164,-32.961151123046875,0.0
3962.836932299246,-52.89862060546875,0.0
3963.812817478328,-64.34661865234375,0.0
3964.78870265741,-92.14462280273438,0.0
3965.764587836492,-107.389892578125,0.0
3966.740473015574,-119.46736145019531,0.0
3967.716358194656,-123.25132751464844,0.0
3968.692243373738,-129.67764282226562,0.0
3969.6681285528202,-122.96263122558594,0.0
3970.6440137319023,-117.46746826171875,0.0
3971.619898910984,-113.86705017089844,0.0
3972.595784090066,-110.04695129394531,0.0
3973.571669269148,-108.8505859375,0.0
3974.54755444823,-96.88766479492188,0.0
3975.523439627312,-75.71859741210938,0.0
3976.499324806394,-60.182952880859375,0.0
3977.475209985476,-43.845428466796875,0.0
3978.451095164558,-30.09661865234375,0.0
3979.42698034364,-21.5694580078125,0.0
3980.402865522722,-17.29437255859375,0.0
3981.378750701804,-1.731903076171875,0.0
3982.3546358808862,-0.9627685546875,0.0
3983.3305210599683,1.167236328125,0.0
3984.30640623905,-1.167236328125,0.0
3985.282291418132,3.97491455078125,0.0
3986.258176597214,-3.97491455078125,0.0
3987.234061776296,0.0,0.0
3988.209946955378,0.0,0.0
3989.18583213446,1.34002685546875,0.0
3990.161717313542,-1.34002685546875,0.0
3991.137602492624,0.0,0.0
3992.113487671706,9.210662841796875,0.0
3993.089372850788,4.569366455078125,0.0
3994.06525802987,2.12786865234375,0.0
3995.0411432089522,-3.487457275390625,0.0
3996.0170283880343,-0.994598388671875,0.0
3996.992913567116,-6.827911376953125,0.0
3997.968798746198,-2.12786865234375,0.0
3998.94468392528,6.694183349609375,0.0
3999.920569104362,2.393035888671875,0.0
4000.896454283444,5.70306396484375,0.0
4001.872339462526,11.204437255859375,0.0
4002.848224641608,11.96331787109375,0.0
4003.82410982069,-6.119171142578125,0.0
4004.799994999772,0.0,0.0
4005.775880178854,-6.8190155029296875,0.0
4006.751765357936,-8.107025146484375,0.0
4007.7276505370182,-3.3311767578125,0.0
4008.7035357161003,-5.6715240478515625,0.0
4009.6794208951824,2.48590087890625,0.0
4010.655306074264,3.113006591796875,0.0
4011.631191253346,9.24884033203125,0.0
4012.607076432428,6.8759307861328125,0.0
4013.5829616115097,11.31781005859375,0.0
4014.558846790592,4.504669189453125,0.0
4015.534731969674,11.68609619140625,0.0
4016.510617148756,14.30389404296875,0.0
4017.486502327838,18.99456787109375,0.0
4018.46238750692,16.921661376953125,0.0
4019.438272686002,14.230712890625,0.0
4020.4141578650842,12.0526123046875,0.0
4021.3900430441663,9.783782958984375,0.0
4022.3659282232484,6.692901611328125,0.0
4023.34181340233,3.604217529296875,0.0
4024.317698581412,1.863739013671875,0.0
4025.293583760494,-2.60333251953125,0.0
4026.2694689395757,0.26263427734375,0.0
4027.245354118658,-0.8931884765625,0.0
4028.22123929774,-0.6375732421875,0.0
4029.197124476822,11.3428955078125,0.0
4030.173009655904,-1.517913818359375,0.0
4031.148894834986,-8.22528076171875,0.0
4032.124780014068,-16.214813232421875,0.0
4033.1006651931502,-17.8309326171875,0.0
4034.0765503722323,-19.715789794921875,0.0
4035.0524355513144,-5.398681640625,0.0
4036.028320730396,4.494842529296875,0.0
4037.004205909478,12.872283935546875,0.0
4037.98009108856,12.245147705078125,0.0
4038.9559762676417,16.317474365234375,0.0
4039.931861446724,22.490936279296875,0.0
4040.907746625806,15.04058837890625,0.0
4041.883631804888,13.2398681640625,0.0
4042.85951698397,7.171966552734375,0.0
4043.835402163052,0.9931640625,0.0
4044.811287342134,-6.089752197265625,0.0
4045.7871725212162,-16.72808837890625,0.0
4046.7630577002983,-10.151123046875,0.0
4047.7389428793804,-2.028076171875,0.0
4048.714828058462,5.656097412109375,0.0
4049.690713237544,17.107177734375,0.0
4050.666598416626,19.88623046875,0.0
4051.6424835957077,11.274169921875,0.0
4052.61836877479,15.597015380859375,0.0
4053.594253953872,10.63421630859375,0.0
4054.570139132954,3.6368408203125,0.0
4055.546024312036,9.817596435546875,0.0
4056.521909491118,2.733367919921875,0.0
4057.4977946702,2.6656494140625,0.0
4058.4736798492822,-1.51715087890625,0.0
4059.4495650283643,11.759368896484375,0.0
4060.4254502074464,5.071502685546875,0.0
4061.401335386528,-6.7639007568359375,0.0
4062.37722056561,0.726348876953125,0.0
4063.353105744692,-5.0220947265625,0.0
4064.3289909237737,-6.885833740234375,0.0
4065.304876102856,-3.5518646240234375,0.0
4066.280761281938,2.556396484375,0.0
4067.25664646102,9.047561645507812,0.0
4068.232531640102,8.9920654296875,0.0
4069.208416819184,14.068862915039062,0.0
4070.184301998266,8.0972900390625,0.0
4071.1601871773482,0.070770263671875,0.0
4072.1360723564303,-2.40875244140625,0.0
4073.1119575355124,-1.847015380859375,0.0
4074.087842714594,3.044586181640625,0.0
4075.063727893676,-0.582489013671875,0.0
4076.039613072758,-4.681182861328125,0.0
4077.0154982518397,-4.379364013671875,0.0
4077.991383430922,-9.031219482421875,0.0
4078.967268610004,-4.73504638671875,0.0
4079.943153789086,7.139984130859375,0.0
4080.919038968168,2.7864990234375,0.0
4081.89492414725,0.822845458984375,0.0
4082.870809326332,3.63311767578125,0.0
4083.8466945054142,1.5142822265625,0.0
4084.8225796844963,1.80389404296875,0.0
4085.7984648635784,-5.444305419921875,0.0
4086.77435004266,0.0836181640625,0.0
4087.750235221742,0.0,0.0
4088.726120400824,7.66766357421875,0.0
4089.7020055799057,6.883270263671875,0.0
4090.677890758988,7.65234375,0.0
4091.65377593807,-1.902801513671875,0.0
4092.629661117152,-11.77178955078125,0.0
4093.605546296234,-16.46136474609375,0.0
4094.581431475316,-22.96343994140625,0.0
4095.557316654398,-49.4644775390625,0.0
4096.53320183348,-67.31170654296875,0.0
4097.509087012562,-74.200927734375,0.0
4098.484972191644,-66.15017700195312,0.0
4099.460857370726,-63.14031982421875,0.0
4100.436742549808,-56.105224609375,0.0
4101.412627728891,-48.338470458984375,0.0
4102.388512907972,-44.62359619140625,0.0
4103.364398087054,-56.150787353515625,0.0
4104.340283266136,-68.97293090820312,0.0
4105.316168445218,-60.59295654296875,0.0
4106.2920536243,-55.18438720703125,0.0
4107.267938803382,-63.4906005859375,0.0
4108.243823982464,-43.491455078125,0.0
4109.219709161546,-45.081512451171875,0.0
4110.195594340628,-32.3580322265625,0.0
4111.17147951971,-25.226837158203125,0.0
4112.147364698792,-21.179901123046875,0.0
4113.123249877874,-10.630859375,0.0
4114.099135056957,-8.918304443359375,0.0
4115.075020236038,0.0,0.0
4116.05090541512,9.39788818359375,0.0
4117.026790594202,13.201416015625,0.0
4118.002675773284,4.16754150390625,0.0
4118.978560952366,-8.9359130859375,0.0
4119.954446131448,-2.583984375,0.0
4120.93033131053,-5.15093994140625,0.0
4121.906216489612,-1.18560791015625,0.0
4122.882101668694,1.96429443359375,0.0
4123.857986847776,5.841766357421875,0.0
4124.833872026858,7.1474609375,0.0
4125.80975720594,5.75555419921875,0.0
4126.785642385023,4.045745849609375,0.0
4127.761527564104,6.343231201171875,0.0
4128.737412743186,-10.020721435546875,0.0
4129.713297922268,-7.864837646484375,0.0
4130.68918310135,-10.830352783203125,0.0
4131.665068280432,-17.080902099609375,0.0
4132.640953459514,-5.94805908203125,0.0
4133.616838638596,-0.09088134765625,0.0
4134.592723817678,-3.991912841796875,0.0
4135.56860899676,0.978118896484375,0.0
4136.544494175842,10.84210205078125,0.0
4137.520379354924,20.24383544921875,0.0
4138.496264534006,22.80419921875,0.0
4139.472149713089,24.7528076171875,0.0
4140.44803489217,15.632247924804688,0.0
4141.423920071252,10.388702392578125,0.0
4142.399805250334,7.5905303955078125,0.0
4143.375690429416,-2.351318359375,0.0
4144.351575608498,-7.0966796875,0.0
4145.32746078758,1.36724853515625,0.0
4146.303345966662,16.077056884765625,0.0
4147.279231145744,13.413421630859375,0.0
4148.255116324826,10.070343017578125,0.0
4149.231001503908,11.69940185546875,0.0
4150.20688668299,8.811309814453125,0.0
4151.182771862072,-0.698211669921875,0.0
4152.158657041155,9.880035400390625,0.0
4153.134542220236,5.95440673828125,0.0
4154.110427399318,10.069793701171875,0.0
4155.0863125784,-2.158477783203125,0.0
4156.062197757482,-10.4456787109375,0.0
4157.038082936564,-8.39862060546875,0.0
4158.013968115646,-2.70343017578125,0.0
4158.989853294728,1.68511962890625,0.0
4159.96573847381,11.483856201171875,0.0
4160.941623652892,12.6407470703125,0.0
4161.917508831974,10.39398193359375,0.0
4162.893394011056,10.795562744140625,0.0
4163.869279190138,12.77288818359375,0.0
4164.845164369221,10.319488525390625,0.0
4165.821049548302,4.379364013671875,0.0
4166.796934727384,11.658843994140625,0.0
4167.772819906466,7.3114013671875,0.0
4168.748705085548,-2.43463134765625,0.0
4169.72459026463,-2.52117919921875,0.0
4170.700475443712,0.1580810546875,0.0
4171.676360622794,-9.23712158203125,0.0
4172.652245801876,-5.8116455078125,0.0
4173.628130980958,-11.783050537109375,0.0
4174.60401616004,-27.324676513671875,0.0
4175.579901339122,-17.443817138671875,0.0
4176.555786518204,-16.427398681640625,0.0
4177.531671697287,-16.238983154296875,0.0
4178.507556876368,-11.15313720703125,0.0
4179.48344205545,-13.856353759765625,0.0
4180.459327234532,-13.31964111328125,0.0
4181.435212413614,-9.878265380859375,0.0
4182.411097592696,-8.868072509765625,0.0
4183.386982771778,1.897857666015625,0.0
4184.36286795086,-2.717376708984375,0.0
4185.338753129942,4.75518798828125,0.0
4186.314638309024,-0.587310791015625,0.0
4187.290523488106,-4.61541748046875,0.0
4188.266408667188,-7.132110595703125,0.0
4189.24229384627,3.54425048828125,0.0
4190.218179025353,4.545562744140625,0.0
4191.194064204434,8.012664794921875,0.0
4192.169949383516,13.099090576171875,0.0
4193.145834562598,8.95465087890625,0.0
4194.12171974168,8.609619140625,0.0
4195.097604920762,12.092926025390625,0.0
4196.073490099844,4.668060302734375,0.0
4197.049375278926,-6.598480224609375,0.0
4198.025260458008,-8.3831787109375,0.0
4199.00114563709,-13.4359130859375,0.0
4199.977030816172,-17.786407470703125,0.0
4200.952915995254,-13.53045654296875,0.0
4201.928801174336,-9.306793212890625,0.0
4202.904686353419,-4.5538330078125,0.0
4203.8805715325,-5.577392578125,0.0
4204.856456711582,-1.671142578125,0.0
4205.832341890664,-1.740325927734375,0.0
4206.808227069746,4.46307373046875,0.0
4207.784112248828,14.11102294921875,0.0
4208.75999742791,21.002838134765625,0.0
4209.735882606992,16.2987060546875,0.0
4210.711767786074,5.835968017578125,0.0
4211.687652965156,6.13812255859375,0.0
4212.663538144238,14.27423095703125,0.0
4213.63942332332,7.005889892578125,0.0
4214.615308502402,-0.293914794921875,0.0
4215.591193681485,3.21856689453125,0.0
4216.567078860566,5.543487548828125,0.0
4217.542964039648,1.537841796875,0.0
4218.51884921873,10.212005615234375,0.0
4219.494734397812,20.67840576171875,0.0
4220.470619576894,23.536407470703125,0.0
4221.446504755976,6.7545166015625,0.0
4222.422389935058,2.31793212890625,0.0
4223.39827511414,-10.383758544921875,0.0
4224.374160293222,-13.625762939453125,0.0
4225.350045472304,-27.30419921875,0.0
4226.325930651386,-40.684112548828125,0.0
4227.301815830468,-36.70562744140625,0.0
4228.277701009551,-23.367828369140625,0.0
4229.253586188632,-16.590789794921875,0.0
4230.229471367714,-4.831298828125,0.0
4231.205356546796,5.70367431640625,0.0
4232.181241725878,2.710723876953125,0.0
4233.15712690496,-4.31671142578125,0.0
4234.133012084042,-12.985595703125,0.0
4235.108897263124,-0.395233154296875,0.0
4236.084782442206,-1.191009521484375,0.0
4237.060667621288,-9.215179443359375,0.0
4238.03655280037,-4.474517822265625,0.0
4239.012437979452,-4.786285400390625,0.0
4239.988323158534,0.059722900390625,0.0
4240.964208337617,3.126007080078125,0.0
4241.940093516698,11.580596923828125,0.0
4242.91597869578,6.47686767578125,0.0
4243.891863874862,13.456085205078125,0.0
4244.867749053944,19.728973388671875,0.0
4245.843634233026,12.258636474609375,0.0
4246.819519412108,-0.809661865234375,0.0
4247.79540459119,3.920135498046875,0.0
4248.771289770272,4.139801025390625,0.0
4249.747174949354,-1.88067626953125,0.0
4250.723060128436,-8.802581787109375,0.0
4251.698945307518,-5.695648193359375,0.0
4252.6748304866,-7.482421875,0.0
4253.650715665683,-2.13006591796875,0.0
4254.626600844764,0.0,0.0
4255.602486023846,7.033111572265625,0.0
4256.578371202928,9.304351806640625,0.0
4257.55425638201,7.415771484375,0.0
4258.530141561092,2.387725830078125,0.0
4259.506026740174,0.0,0.0
4260.481911919256,-4.55694580078125,0.0
4261.457797098338,-0.143341064453125,0.0
4262.43368227742,7.620391845703125,0.0
4263.409567456502,12.65386962890625,0.0
4264.385452635584,17.351776123046875,0.0
4265.361337814666,17.538131713867188,0.0
4266.337222993749,22.93682861328125,0.0
4267.31310817283,26.66937255859375,0.0
4268.288993351912,13.701019287109375,0.0
4269.264878530994,1.321624755859375,0.0
4270.240763710076,-10.33306884765625,0.0
4271.216648889158,-13.0916748046875,0.0
4272.19253406824,-17.028961181640625,0.0
4273.168419247322,-22.53167724609375,0.0
4274.144304426404,-25.34820556640625,0.0
4275.120189605486,-7.573455810546875,0.0
4276.096074784568,-4.65740966796875,0.0
4277.07195996365,9.657562255859375,0.0
4278.047845142732,17.816009521484375,0.0
4279.023730321815,11.116058349609375,0.0
4279.999615500896,8.908966064453125,0.0
4280.975500679978,12.837310791015625,0.0
4281.95138585906,19.248077392578125,0.0
4282.927271038142,19.0006103515625,0.0
4283.903156217224,17.2093505859375,0.0
4284.879041396306,14.56903076171875,0.0
4285.854926575388,-3.130401611328125,0.0
4286.83081175447,-6.775665283203125,0.0
4287.806696933552,-8.46002197265625,0.0
4288.782582112634,-15.5540771484375,0.0
4289.758467291716,-12.03216552734375,0.0
4290.734352470798,-16.66619873046875,0.0
4291.710237649881,-16.129730224609375,0.0
4292.686122828962,0.901947021484375,0.0
4293.662008008044,-2.69390869140625,0.0
4294.637893187126,4.231292724609375,0.0
4295.613778366208,-3.61578369140625,0.0
4296.58966354529,-13.980743408203125,0.0
4297.565548724372,-13.764617919921875,0.0
4298.541433903454,-29.107330322265625,0.0
4299.517319082536,-44.26129150390625,0.0
4300.493204261618,-41.441253662109375,0.0
4301.4690894407,-46.126708984375,0.0
4302.444974619782,-42.6968994140625,0.0
4303.420859798864,-47.068695068359375,0.0
4304.396744977947,-41.395050048828125,0.0
4305.372630157028,-31.00146484375,0.0
4306.34851533611,-44.82867431640625,0.0
4307.324400515192,-48.65911865234375,0.0
4308.300285694274,-50.887359619140625,0.0
4309.276170873356,-44.34307861328125,0.0
4310.252056052438,-36.453033447265625,0.0
4311.22794123152,-29.36029052734375,0.0
4312.203826410602,-12.485137939453125,0.0
4313.179711589684,-3.829315185546875,0.0
4314.155596768766,7.3406982421875,0.0
4315.131481947848,20.028167724609375,0.0
4316.10736712693,35.31683349609375,0.0
4317.083252306013,43.618255615234375,0.0
4318.059137485094,47.059295654296875,0.0
4319.035022664176,52.870574951171875,0.0
4320.010907843258,50.514129638671875,0.0
4320.98679302234,33.844207763671875,0.0
4321.962678201422,31.670562744140625,0.0
4322.938563380504,24.69793701171875,0.0
4323.914448559586,7.753143310546875,0.0
4324.890333738668,-7.882781982421875,0.0
4325.86621891775,-4.9798583984375,0.0
4326.842104096832,-6.63861083984375,0.0
4327.817989275914,6.7535400390625,0.0
4328.793874454996,16.750823974609375,0.0
4329.769759634079,12.964630126953125,0.0
4330.74564481316,12.622894287109375,0.0
4331.721529992242,18.316864013671875,0.0
4332.697415171324,8.488372802734375,0.0
4333.673300350406,1.112762451171875,0.0
4334.649185529488,-5.184417724609375,0.0
4335.62507070857,-20.72210693359375,0.0
4336.600955887652,-30.575469970703125,0.0
4337.576841066734,-25.717132568359375,0.0
4338.552726245816,-0.75408935546875,0.0
4339.528611424898,28.028350830078125,0.0
4340.50449660398,55.69757080078125,0.0
4341.480381783062,56.0321044921875,0.0
4342.456266962145,8.332733154296875,0.0
4343.432152141226,-21.838775634765625,0.0
4344.408037320308,-52.75360107421875,0.0
4345.38392249939,-63.592071533203125,0.0
4346.359807678472,-55.943359375,0.0
4347.335692857554,-41.490234375,0.0
4348.311578036636,-37.592620849609375,0.0
4349.287463215718,-27.287139892578125,0.0
4350.2633483948,-30.865997314453125,0.0
4351.239233573882,-36.825286865234375,0.0
4352.215118752964,-27.4326171875,0.0
4353.191003932046,-23.689666748046875,0.0
4354.166889111128,-18.316864013671875,0.0
4355.142774290211,2.690399169921875,0.0
4356.118659469292,17.275634765625,0.0
4357.094544648374,15.105926513671875,0.0
4358.070429827456,23.8311767578125,0.0
4359.046315006538,22.491455078125,0.0
4360.02220018562,25.7529296875,0.0
4360.998085364702,26.020294189453125,0.0
4361.973970543784,26.297515869140625,0.0
4362.949855722866,43.231658935546875,0.0
4363.925740901948,36.276123046875,0.0
4364.90162608103,26.91845703125,0.0
4365.877511260112,27.711944580078125,0.0
4366.853396439194,25.022369384765625,0.0
4367.829281618277,18.054840087890625,0.0
4368.805166797358,9.396575927734375,0.0
4369.78105197644,17.29632568359375,0.0
4370.756937155522,6.84027099609375,0.0
4371.732822334604,-2.8128662109375,0.0
4372.708707513686,4.23291015625,0.0
4373.684592692768,0.77972412109375,0.0
4374.66047787185,3.6329345703125,0.0
4375.636363050932,-8.233001708984375,0.0
4376.612248230014,-6.253662109375,0.0
4377.588133409096,0.991302490234375,0.0
4378.564018588178,0.329376220703125,0.0
4379.53990376726,9.162384033203125,0.0
4380.515788946343,2.91552734375,0.0
4381.491674125424,-15.978912353515625,0.0
4382.467559304506,-28.10931396484375,0.0
4383.443444483588,-37.86273193359375,0.0
4384.41932966267,-56.40948486328125,0.0
4385.395214841752,-52.191314697265625,0.0
4386.371100020834,-40.400543212890625,0.0
4387.346985199916,-30.564788818359375,0.0
4388.322870378998,-29.499420166015625,0.0
4389.29875555808,-31.81231689453125,0.0
4390.274640737162,-29.1298828125,0.0
4391.250525916244,-23.646759033203125,0.0
4392.226411095326,-2.2689208984375,0.0
4393.202296274409,10.1717529296875,0.0
4394.17818145349,-4.68023681640625,0.0
4395.154066632572,-5.046539306640625,0.0
4396.129951811654,7.160125732421875,0.0
4397.105836990736,2.10491943359375,0.0
4398.081722169818,1.638641357421875,0.0
4399.0576073489,0.97479248046875,0.0
4400.033492527982,-3.021026611328125,0.0
4401.009377707064,-3.0015869140625,0.0
4401.985262886146,-9.396575927734375,0.0
4402.961148065228,-12.480072021484375,0.0
4403.93703324431,-15.923675537109375,0.0
4404.912918423392,-11.600799560546875,0.0
4405.888803602475,-21.821502685546875,0.0
4406.864688781556,-23.932861328125,0.0
4407.840573960638,-14.6148681640625,0.0
4408.81645913972,-9.99786376953125,0.0
4409.792344318802,-6.836395263671875,0.0
4410.768229497884,0.0,0.0
4411.744114676966,9.61407470703125,0.0
4412.719999856048,7.437103271484375,0.0
4413.69588503513,12.4449462890625,0.0
4414.671770214212,1.093841552734375,0.0
4415.647655393294,-8.8157958984375,0.0
4416.623540572376,-10.44061279296875,0.0
4417.599425751458,-2.93536376953125,0.0
4418.575310930541,1.698974609375,0.0
4419.551196109622,5.85968017578125,0.0
4420.527081288704,10.21868896484375,0.0
4421.502966467786,7.3187255859375,0.0
4422.478851646868,16.641265869140625,0.0
4423.45473682595,12.968048095703125,0.0
4424.430622005032,9.496673583984375,0.0
4425.406507184114,10.006439208984375,0.0
4426.382392363196,14.7769775390625,0.0
4427.358277542278,8.738677978515625,0.0
4428.33416272136,12.220947265625,0.0
4429.310047900442,14.047210693359375,0.0
4430.285933079524,9.897430419921875,0.0
4431.261818258607,3.247467041015625,0.0
4432.237703437688,0.0,0.0
4433.21358861677,-3.005645751953125,0.0
4434.189473795852,-7.56060791015625,0.0
4435.165358974934,-4.786773681640625,0.0
4436.141244154016,-10.337646484375,0.0
4437.117129333098,0.50335693359375,0.0
4438.09301451218,5.331634521484375,0.0
4439.068899691262,17.6904296875,0.0
4440.044784870344,9.318084716796875,0.0
4441.020670049426,0.45989990234375,0.0
4441.996555228508,-0.155548095703125,0.0
4442.97244040759,-2.626251220703125,0.0
4443.948325586673,-0.123291015625,0.0
4444.924210765754,4.908416748046875,0.0
4445.900095944836,10.186187744140625,0.0
4446.875981123918,20.743499755859375,0.0
4447.851866303,25.753753662109375,0.0
4448.827751482082,18.5733642578125,0.0
4449.803636661164,13.133514404296875,0.0
4450.779521840246,15.2802734375,0.0
4451.755407019328,11.08984375,0.0
4452.73129219841,6.74652099609375,0.0
4453.707177377492,-8.45208740234375,0.0
4454.683062556574,-15.429901123046875,0.0
4455.658947735656,-20.782257080078125,0.0
4456.634832914739,-20.7415771484375,0.0
4457.61071809382,-17.999176025390625,0.0
4458.586603272902,-19.4930419921875,0.0
4459.562488451984,-10.463897705078125,0.0
4460.538373631066,-10.874725341796875,0.0
4461.514258810148,-27.72857666015625,0.0
4462.49014398923,-19.17718505859375,0.0
4463.466029168312,-17.28021240234375,0.0
4464.441914347394,-0.273773193359375,0.0
4465.417799526476,1.774566650390625,0.0
4466.393684705558,-3.01080322265625,0.0
4467.36956988464,-4.45867919921875,0.0
4468.345455063722,-13.754638671875,0.0
4469.321340242805,-0.75128173828125,0.0
4470.297225421886,-0.27874755859375,0.0
4471.273110600968,3.40972900390625,0.0
4472.24899578005,20.027435302734375,0.0
4473.224880959132,27.545654296875,0.0
4474.200766138214,26.36224365234375,0.0
4475.176651317296,34.62957763671875,0.0
4476.152536496378,27.771697998046875,0.0
4477.12842167546,25.68231201171875,0.0
4478.104306854542,28.716552734375,0.0
4479.080192033624,23.4285888671875,0.0
4480.056077212706,-1.83087158203125,0.0
4481.031962391788,0.0,0.0
4482.007847570871,-4.087554931640625,0.0
4482.983732749952,-0.277374267578125,0.0
4483.959617929034,16.121307373046875,0.0
4484.935503108116,20.596466064453125,0.0
4485.911388287198,34.152862548828125,0.0
4486.88727346628,-9.713470458984375,0.0
4487.863158645362,-12.873016357421875,0.0
4488.839043824444,-17.67388916015625,0.0
4489.814929003526,-34.9754638671875,0.0
4490.790814182608,-27.617523193359375,0.0
4491.76669936169,-27.739532470703125,0.0
4492.742584540772,-24.228759765625,0.0
4493.718469719854,-16.92108154296875,0.0
4494.694354898937,-21.748809814453125,0.0
4495.670240078018,-24.875213623046875,0.0
4496.6461252571,-21.9290771484375,0.0
4497.622010436182,-20.676422119140625,0.0
4498.597895615264,-17.40032958984375,0.0
4499.573780794346,-10.89886474609375,0.0
4500.549665973428,-2.070556640625,0.0
4501.52555115251,2.82476806640625,0.0
4502.501436331592,28.11676025390625,0.0
4503.477321510674,37.33038330078125,0.0
4504.453206689756,47.2166748046875,0.0
4505.429091868838,45.3355712890625,0.0
4506.40497704792,35.51263427734375,0.0
4507.380862227003,34.52410888671875,0.0
4508.356747406084,31.18609619140625,0.0
4509.332632585166,33.17181396484375,0.0
4510.308517764248,34.50439453125,0.0
4511.28440294333,35.45660400390625,0.0
4512.260288122412,22.85626220703125,0.0
4513.236173301494,21.27789306640625,0.0
4514.212058480576,16.96307373046875,0.0
4515.187943659658,20.274658203125,0.0
4516.16382883874,20.4613037109375,0.0
4517.139714017822,13.84527587890625,0.0
4518.115599196904,20.446533203125,0.0
4519.091484375986,25.59771728515625,0.0
4520.067369555069,9.36602783203125,0.0
4521.04325473415,22.16693115234375,0.0
4522.019139913232,18.1259765625,0.0
4522.995025092314,7.93359375,0.0
4523.970910271396,3.06378173828125,0.0
4524.946795450478,-3.7642822265625,0.0
4525.92268062956,-8.76385498046875,0.0
4526.898565808642,-23.90936279296875,0.0
4527.874450987724,-40.328887939453125,0.0
4528.850336166806,-44.906219482421875,0.0
4529.826221345888,-42.789031982421875,0.0
4530.80210652497,-34.032470703125,0.0
4531.777991704052,-33.52081298828125,0.0
4532.753876883135,-34.65234375,0.0
4533.729762062216,-36.097412109375,0.0
4534.705647241298,-30.84100341796875,0.0
4535.68153242038,-24.006134033203125,0.0
4536.657417599462,-16.96795654296875,0.0
4537.633302778544,-12.4324951171875,0.0
4538.609187957626,1.66473388671875,0.0
4539.585073136708,-1.05621337890625,0.0
4540.56095831579,-1.1258544921875,0.0
4541.536843494872,-2.23040771484375,0.0
4542.512728673954,0.0,0.0
4543.488613853036,-6.78814697265625,0.0
4544.464499032118,-6.18011474609375,0.0
4545.440384211201,-0.8294677734375,0.0
4546.416269390282,-2.722412109375,0.0
4547.392154569364,-19.21875,0.0
4548.368039748446,-17.25018310546875,0.0
4549.343924927528,-24.105377197265625,0.0
4550.31981010661,-30.49853515625,0.0
4551.295695285692,-15.29937744140625,0.0
4552.271580464774,-14.94122314453125,0.0
4553.247465643856,-13.58709716796875,0.0
4554.223350822938,-2.21624755859375,0.0
4555.19923600202,-18.01373291015625,0.0
4556.175121181102,-8.98260498046875,0.0
4557.151006360184,-2.36724853515625,0.0
4558.126891539267,18.402587890625,0.0
4559.102776718348,23.62371826171875,0.0
4560.07866189743,23.39794921875,0.0
4561.054547076512,25.61981201171875,0.0
4562.030432255594,25.1807861328125,0.0
4563.006317434676,19.07562255859375,0.0
4563.982202613758,17.0576171875,0.0
4564.95808779284,21.7923583984375,0.0
4565.933972971922,17.74652099609375,0.0
4566.909858151004,17.73248291015625,0.0
4567.885743330086,35.3729248046875,0.0
4568.861628509168,40.294677734375,0.0
4569.83751368825,14.190185546875,0.0
4570.813398867333,28.2618408203125,0.0
4571.789284046414,25.05670166015625,0.0
4572.765169225496,14.52166748046875,0.0
4573.741054404578,16.3182373046875,0.0
4574.71693958366,14.508056640625,0.0
4575.692824762742,15.5858154296875,0.0
4576.668709941824,14.06103515625,0.0
4577.644595120906,13.58111572265625,0.0
4578.620480299988,7.61370849609375,0.0
4579.59636547907,-2.83831787109375,0.0
4580.572250658152,-10.5025634765625,0.0
4581.548135837234,-12.2498779296875,0.0
4582.524021016316,-19.935302734375,0.0
4583.499906195399,-14.190185546875,0.0
4584.47579137448,-17.48065185546875,0.0
4585.451676553562,-18.78741455078125,0.0
4586.427561732644,-14.1949462890625,0.0
4587.403446911726,-10.91412353515625,0.0
4588.379332090808,-15.92340087890625,0.0
4589.35521726989,-9.75152587890625,0.0
4590.331102448972,-0.03009033203125,0.0
4591.306987628054,-4.93011474609375,0.0
4592.282872807136,-6.67620849609375,0.0
4593.258757986218,-10.0379638671875,0.0
4594.2346431653,-6.84649658203125,0.0
4595.210528344382,-20.53271484375,0.0
4596.186413523465,-35.321044921875,0.0
4597.162298702546,-16.65142822265625,0.0
4598.138183881628,-6.66656494140625,0.0
4599.11406906071,-9.0419921875,0.0
4600.089954239792,-14.4371337890625,0.0
4601.065839418874,-14.27001953125,0.0
4602.041724597956,-14.34185791015625,0.0
4603.017609777038,-2.5089111328125,0.0
4603.99349495612,2.61236572265625,0.0
4604.969380135202,-5.94537353515625,0.0
4605.945265314284,7.16717529296875,0.0
4606.921150493366,13.35296630859375,0.0
4607.897035672448,11.8931884765625,0.0
4608.872920851531,8.033447265625,0.0
4609.848806030612,22.50872802734375,0.0
4610.824691209694,16.5433349609375,0.0
4611.800576388776,18.794921875,0.0
4612.776461567858,26.4581298828125,0.0
4613.75234674694,22.4278564453125,0.0
4614.728231926022,18.760986328125,0.0
4615.704117105104,12.2481689453125,0.0
4616.680002284186,8.510986328125,0.0
4617.655887463268,3.41290283203125,0.0
4618.63177264235,8.79541015625,0.0
4619.607657821432,7.0833740234375,0.0
4620.583543000514,8.7047119140625,0.0
4621.559428179597,4.517822265625,0.0
4622.535313358678,5.2060546875,0.0
4623.51119853776,-5.01263427734375,0.0
4624.487083716842,9.04254150390625,0.0
4625.462968895924,2.5089111328125,0.0
4626.438854075006,-7.4442138671875,0.0
4627.414739254088,8.82220458984375,0.0
4628.39062443317,8.55181884765625,0.0
4629.366509612252,0.0384521484375,0.0
4630.342394791334,1.6380615234375,0.0
4631.318279970416,-5.03759765625,0.0
4632.294165149498,-3.2647705078125,0.0
4633.27005032858,-13.03851318359375,0.0
4634.245935507663,-4.02008056640625,0.0
4635.221820686744,-13.08953857421875,0.0
4636.197705865826,-9.7000732421875,0.0
4637.173591044908,12.26959228515625,0.0
4638.14947622399,12.39935302734375,0.0
4639.125361403072,6.38763427734375,0.0
4640.101246582154,-1.676513671875,0.0
4641.077131761236,3.52587890625,0.0
4642.053016940318,6.09405517578125,0.0
4643.0289021194,-8.79296875,0.0
4644.004787298482,-4.97509765625,0.0
4644.980672477564,2.872314453125,0.0
4645.956557656646,-7.97576904296875,0.0
4646.932442835729,-27.69140625,0.0
4647.90832801481,-35.94146728515625,0.0
4648.884213193892,-31.2132568359375,0.0
4649.860098372974,-30.726806640625,0.0
4650.835983552056,-19.72686767578125,0.0
4651.811868731138,-11.68804931640625,0.0
4652.78775391022,-8.83587646484375,0.0
4653.763639089302,-9.33270263671875,0.0
4654.739524268384,-24.35540771484375,0.0
4655.715409447466,-8.3271484375,0.0
4656.691294626548,-5.5654296875,0.0
4657.66717980563,-4.64996337890625,0.0
4658.643064984712,5.234619140625,0.0
4659.618950163795,11.8961181640625,0.0
4660.594835342876,26.667236328125,0.0
4661.570720521958,10.27618408203125,0.0
4662.54660570104,-5.7601318359375,0.0
4663.522490880122,-2.2037353515625,0.0
4664.498376059204,3.72784423828125,0.0
4665.474261238286,-16.46441650390625,0.0
4666.450146417368,-26.626708984375,0.0
4667.42603159645,-25.21893310546875,0.0
4668.401916775532,-27.95233154296875,0.0
4669.377801954614,-24.13275146484375,0.0
4670.353687133696,-7.01123046875,0.0
4671.329572312778,-19.48974609375,0.0
4672.305457491861,0.0,0.0
4673.281342670942,13.43719482421875,0.0
4674.257227850024,3.41131591796875,0.0
4675.233113029106,5.53729248046875,0.0
4676.208998208188,11.60931396484375,0.0
4677.18488338727,8.369384765625,0.0
4678.160768566352,6.80731201171875,0.0
4679.136653745434,13.53228759765625,0.0
4680.112538924516,5.524658203125,0.0
4681.088424103598,2.00750732421875,0.0
4682.06430928268,20.719482421875,0.0
4683.040194461762,12.9459228515625,0.0
4684.016079640844,13.6715087890625,0.0
4684.991964819927,18.80792236328125,0.0
4685.967849999008,18.982177734375,0.0
4686.94373517809,9.17974853515625,0.0
4687.919620357172,12.3245849609375,0.0
4688.895505536254,12.4886474609375,0.0
4689.871390715336,7.38177490234375,0.0
4690.847275894418,-1.13043212890625,0.0
4691.8231610735,-5.27972412109375,0.0
4692.799046252582,1.6495361328125,0.0
4693.774931431664,-2.63275146484375,0.0
4694.750816610746,2.08087158203125,0.0
4695.726701789828,2.3211669921875,0.0
4696.70258696891,8.9493408203125,0.0
4697.678472147993,4.87506103515625,0.0
4698.654357327074,-10.35235595703125,0.0
4699.630242506156,-6.4622802734375,0.0
4700.606127685238,-23.3682861328125,0.0
4701.58201286432,-19.8795166015625,0.0
4702.557898043402,-17.98406982421875,0.0
4703.533783222484,-26.26483154296875,0.0
4704.509668401566,-13.34478759765625,0.0
4705.485553580648,-17.71331787109375,0.0
4706.46143875973,-17.8145751953125,0.0
4707.437323938812,-10.489501953125,0.0
4708.413209117894,-13.42510986328125,0.0
4709.389094296976,-4.64239501953125,0.0
4710.364979476059,-0.517822265625,0.0
4711.34086465514,-10.54296875,0.0
4712.316749834222,-15.715576171875,0.0
4713.292635013304,-0.57379150390625,0.0
4714.268520192386,-12.61212158203125,0.0
4715.244405371468,-10.75347900390625,0.0
4716.22029055055,9.11407470703125,0.0
4717.196175729632,28.9033203125,0.0
4718.172060908714,17.9609375,0.0
4719.147946087796,18.467041015625,0.0
4720.123831266878,22.26263427734375,0.0
4721.09971644596,26.03564453125,0.0
4722.075601625042,28.98809814453125,0.0
4723.051486804125,23.2825927734375,0.0
4724.027371983206,22.91156005859375,0.0
4725.003257162288,17.10009765625,0.0
4725.97914234137,22.69342041015625,0.0
4726.955027520452,8.11474609375,0.0
4727.930912699534,20.40081787109375,0.0
4728.906797878616,0.78179931640625,0.0
4729.882683057698,0.0,0.0
4730.85856823678,0.40869140625,0.0
4731.834453415862,-0.09912109375,0.0
4732.810338594944,0.0,0.0
4733.786223774026,-5.88916015625,0.0
4734.762108953108,3.12335205078125,0.0
4735.737994132191,8.822998046875,0.0
4736.713879311272,11.04693603515625,0.0
4737.689764490354,12.62457275390625,0.0
4738.665649669436,-3.03448486328125,0.0
4739.641534848518,-26.82855224609375,0.0
4740.6174200276,-24.0198974609375,0.0
4741.593305206682,-20.46173095703125,0.0
4742.569190385764,-19.87652587890625,0.0
4743.545075564846,-10.7418212890625,0.0
4744.520960743928,-8.3338623046875,0.0
4745.49684592301,-21.34326171875,0.0
4746.472731102092,-18.237060546875,0.0
4747.448616281174,-12.86041259765625,0.0
4748.424501460257,-2.5460205078125,0.0
4749.400386639338,-4.27252197265625,0.0
4750.37627181842,-16.6751708984375,0.0
4751.352156997502,-18.3228759765625,0.0
4752.328042176584,-17.5770263671875,0.0
4753.303927355666,-17.54052734375,0.0
4754.279812534748,-0.6983642578125,0.0
4755.25569771383,17.61328125,0.0
4756.231582892912,6.5894775390625,0.0
4757.207468071994,6.13372802734375,0.0
4758.183353251076,14.96240234375,0.0
4759.159238430158,8.0225830078125,0.0
4760.13512360924,-7.7899169921875,0.0
4761.111008788323,-2.127197265625,0.0
4762.086893967404,-0.3507080078125,0.0
4763.062779146486,-14.1009521484375,0.0
4764.038664325568,-24.3203125,0.0
4765.01454950465,-22.38861083984375,0.0
4765.990434683732,-17.93011474609375,0.0
4766.966319862814,-10.16900634765625,0.0
4767.942205041896,-5.31634521484375,0.0
4768.918090220978,-4.7227783203125,0.0
4769.89397540006,-0.659423828125,0.0
4770.869860579142,0.26129150390625,0.0
4771.845745758224,-2.92718505859375,0.0
4772.821630937306,1.67315673828125,0.0
4773.797516116389,10.9212646484375,0.0
4774.77340129547,14.15216064453125,0.0
4775.749286474552,9.4720458984375,0.0
4776.725171653634,15.7374267578125,0.0
4777.701056832716,18.5911865234375,0.0
4778.676942011798,16.23211669921875,0.0
4779.65282719088,7.7237548828125,0.0
4780.628712369962,3.19879150390625,0.0
4781.604597549044,13.388427734375,0.0
4782.580482728126,13.21539306640625,0.0
4783.556367907208,6.45654296875,0.0
4784.53225308629,-4.2684326171875,0.0
4785.508138265372,-11.49981689453125,0.0
4786.484023444455,-2.4296875,0.0
4787.459908623536,-5.41644287109375,0.0
4788.435793802618,-1.1005859375,0.0
4789.4116789817,-3.52093505859375,0.0
4790.387564160782,-7.867919921875,0.0
4791.363449339864,-6.2711181640625,0.0
4792.339334518946,8.6961669921875,0.0
4793.315219698028,20.0513916015625,0.0
4794.29110487711,16.88623046875,0.0
4795.266990056192,12.57049560546875,0.0
4796.242875235274,20.25537109375,0.0
4797.218760414356,15.06280517578125,0.0
4798.194645593438,17.185791015625,0.0
4799.170530772521,14.33172607421875,0.0
4800.146415951602,18.1904296875,0.0
4801.122301130684,-0.54522705078125,0.0
4802.098186309766,3.45098876953125,0.0
4803.074071488848,21.8253173828125,0.0
4804.04995666793,11.22076416015625,0.0
4805.025841847012,7.80853271484375,0.0
4806.001727026094,3.6131591796875,0.0
4806.977612205176,-1.549072265625,0.0
4807.953497384258,-1.1080322265625,0.0
4808.92938256334,1.27685546875,0.0
4809.905267742422,-4.39324951171875,0.0
4810.881152921504,-3.46014404296875,0.0
4811.857038100587,0.82562255859375,0.0
4812.832923279668,0.35211181640625,0.0
4813.80880845875,4.45001220703125,0.0
4814.784693637832,14.6473388671875,0.0
4815.760578816914,14.90252685546875,0.0
4816.736463995996,19.53436279296875,0.0
4817.712349175078,13.99761962890625,0.0
4818.68823435416,10.932373046875,0.0
4819.664119533242,4.582244873046875,0.0
4820.640004712324,11.2274169921875,0.0
4821.615889891406,9.290374755859375,0.0
4822.591775070488,-5.314300537109375,0.0
4823.56766024957,3.046844482421875,0.0
4824.543545428653,0.981842041015625,0.0
4825.519430607734,-1.93603515625,0.0
4826.495315786816,-3.965850830078125,0.0
4827.471200965898,1.3389892578125,0.0
4828.44708614498,1.629364013671875,0.0
4829.422971324062,-4.82769775390625,0.0
4830.398856503144,-8.091156005859375,0.0
4831.374741682226,-7.9827880859375,0.0
4832.350626861308,-11.856658935546875,0.0
4833.32651204039,-11.97491455078125,0.0
4834.302397219472,1.154510498046875,0.0
4835.278282398554,0.726837158203125,0.0
4836.254167577636,0.068603515625,0.0
4837.230052756719,-0.84637451171875,0.0
4838.2059379358,-2.227508544921875,0.0
4839.181823114882,-2.98626708984375,0.0
4840.157708293964,-5.0167236328125,0.0
4841.133593473046,-5.119781494140625,0.0
4842.109478652128,-0.35614013671875,0.0
4843.08536383121,2.880035400390625,0.0
4844.061249010292,-2.95709228515625,0.0
4845.037134189374,-9.925689697265625,0.0
4846.013019368456,-0.069061279296875,0.0
4846.988904547538,-10.731170654296875,0.0
4847.96478972662,-20.293914794921875,0.0
4848.940674905702,-15.514556884765625,0.0
4849.916560084785,-12.959686279296875,0.0
4850.892445263866,-22.736602783203125,0.0
4851.868330442948,-31.52093505859375,0.0
4852.84421562203,-32.3983154296875,0.0
4853.820100801112,-46.865936279296875,0.0
4854.795985980194,-47.8768310546875,0.0
4855.771871159276,-64.4853515625,0.0
4856.747756338358,-48.49114990234375,0.0
4857.72364151744,-11.43719482421875,0.0
4858.699526696522,77.8289794921875,0.0
4859.675411875604,199.9652099609375,0.0
4860.651297054686,301.95538330078125,0.0
4861.627182233768,340.6940002441406,0.0
4862.603067412851,296.4664611816406,0.0
4863.578952591932,195.17733764648438,0.0
4864.554837771014,71.97781372070312,0.0
4865.530722950096,0.161712646484375,0.0
4866.506608129178,-47.14251708984375,0.0
4867.48249330826,-72.0196533203125,0.0
4868.458378487342,-60.224884033203125,0.0
4869.434263666424,-56.4161376953125,0.0
4870.410148845506,-50.507110595703125,0.0
4871.386034024588,-57.02978515625,0.0
4872.36191920367,-50.480224609375,0.0
4873.337804382752,-43.324951171875,0.0
4874.313689561834,-39.474334716796875,0.0
4875.289574740917,-27.70306396484375,0.0
4876.265459919998,-14.70013427734375,0.0
4877.24134509908,-2.4617919921875,0.0
4878.217230278162,0.73175048828125,0.0
4879.193115457244,-2.169525146484375,0.0
4880.169000636326,2.841949462890625,0.0
4881.144885815408,2.74285888671875,0.0
4882.12077099449,-1.023101806640625,0.0
4883.096656173572,2.607452392578125,0.0
4884.072541352654,9.311370849609375,0.0
4885.048426531736,-0.448883056640625,0.0
4886.024311710818,-12.709930419921875,0.0
4887.0001968899,-9.313079833984375,0.0
4887.976082068983,-8.488006591796875,0.0
4888.951967248064,-14.548980712890625,0.0
4889.927852427146,-5.404388427734375,0.0
4890.903737606228,-1.93853759765625,0.0
4891.87962278531,0.612945556640625,0.0
4892.855507964392,2.519683837890625,0.0
4893.831393143474,12.956390380859375,0.0
4894.807278322556,30.6279296875,0.0
4895.783163501638,35.666748046875,0.0
4896.75904868072,32.69952392578125,0.0
4897.734933859802,35.55267333984375,0.0
4898.710819038884,43.54193115234375,0.0
4899.686704217966,29.66156005859375,0.0
4900.662589397049,20.91717529296875,0.0
4901.63847457613,16.80340576171875,0.0
4902.614359755212,22.642333984375,0.0
4903.590244934294,12.90264892578125,0.0
4904.566130113376,1.05731201171875,0.0
4905.542015292458,19.3250732421875,0.0
4906.51790047154,26.05047607421875,0.0
4907.493785650622,21.07550048828125,0.0
4908.469670829704,6.5943603515625,0.0
4909.445556008786,4.9310302734375,0.0
4910.421441187868,-10.9632568359375,0.0
4911.39732636695,-3.93060302734375,0.0
4912.373211546032,-7.4755859375,0.0
4913.349096725115,-0.41583251953125,0.0
4914.324981904196,-0.05438232421875,0.0
4915.300867083278,-1.156005859375,0.0
4916.27675226236,-12.61614990234375,0.0
4917.252637441442,-12.1800537109375,0.0
4918.228522620524,-21.6329345703125,0.0
4919.204407799606,-32.80584716796875,0.0
4920.180292978688,-37.87261962890625,0.0
4921.15617815777,-39.43896484375,0.0
4922.132063336852,-49.0238037109375,0.0
4923.107948515934,-37.8907470703125,0.0
4924.083833695016,-31.21136474609375,0.0
4925.059718874098,-17.59429931640625,0.0
4926.035604053181,-8.301025390625,0.0
4927.011489232262,-14.526763916015625,0.0
4927.987374411344,-6.0234375,0.0
4928.963259590426,8.620758056640625,0.0
4929.939144769508,13.015594482421875,0.0
4930.91502994859,15.094329833984375,0.0
4931.890915127672,9.123687744140625,0.0
4932.866800306754,7.00689697265625,0.0
4933.842685485836,3.6842041015625,0.0
4934.818570664918,1.753448486328125,0.0
4935.794455844,-6.0928955078125,0.0
4936.770341023082,-7.9925537109375,0.0
4937.746226202164,-15.6788330078125,0.0
4938.722111381247,-15.65875244140625,0.0
4939.697996560328,-10.84832763671875,0.0
4940.67388173941,0.23980712890625,0.0
4941.649766918492,11.1439208984375,0.0
4942.625652097574,21.71893310546875,0.0
4943.601537276656,17.80230712890625,0.0
4944.577422455738,9.43975830078125,0.0
4945.55330763482,15.12579345703125,0.0
4946.529192813902,11.8756103515625,0.0
4947.505077992984,10.34625244140625,0.0
4948.480963172066,14.65386962890625,0.0
4949.456848351148,15.0625,0.0
4950.43273353023,14.1058349609375,0.0
4951.408618709313,16.98345947265625,0.0
4952.384503888394,14.176025390625,0.0
4953.360389067476,5.9205322265625,0.0
4954.336274246558,0.287841796875,0.0
4955.31215942564,7.58453369140625,0.0
4956.288044604722,9.47918701171875,0.0
4957.263929783804,32.33056640625,0.0
4958.239814962886,52.25555419921875,0.0
4959.215700141968,61.91571044921875,0.0
4960.19158532105,83.9266357421875,0.0
4961.167470500132,68.4940185546875,0.0
4962.143355679214,46.46771240234375,0.0
4963.119240858296,44.800445556640625,0.0
4964.095126037379,25.14886474609375,0.0
4965.07101121646,15.1197509765625,0.0
4966.046896395542,12.369781494140625,0.0
4967.022781574624,8.4427490234375,0.0
4967.998666753706,4.541595458984375,0.0
4968.974551932788,-8.800262451171875,0.0
4969.95043711187,-10.957794189453125,0.0
4970.926322290952,-4.906524658203125,0.0
4971.902207470034,-12.62066650390625,0.0
4972.878092649116,-0.468475341796875,0.0
4973.853977828198,-2.487548828125,0.0
4974.82986300728,-1.8572998046875,0.0
4975.805748186362,2.82147216796875,0.0
4976.781633365445,0.0,0.0
4977.757518544526,-11.0626220703125,0.0
4978.733403723608,-23.42388916015625,0.0
4979.70928890269,-37.57275390625,0.0
4980.685174081772,-37.51812744140625,0.0
4981.661059260854,-30.20562744140625,0.0
4982.636944439936,-48.597503662109375,0.0
4983.612829619018,-42.09490966796875,0.0
4984.5887147981,-32.71435546875,0.0
4985.564599977182,-33.01983642578125,0.0
4986.540485156264,-25.73114013671875,0.0
4987.516370335346,-8.64727783203125,0.0
4988.492255514428,-4.16937255859375,0.0
4989.468140693511,3.86102294921875,0.0
4990.444025872592,8.05303955078125,0.0
4991.419911051674,14.5042724609375,0.0
4992.395796230756,4.37255859375,0.0
4993.371681409838,10.15032958984375,0.0
4994.34756658892,-3.957916259765625,0.0
4995.323451768002,-3.63720703125,0.0
4996.299336947084,4.59039306640625,0.0
4997.275222126166,4.00738525390625,0.0
4998.251107305248,0.087127685546875,0.0
4999.22699248433,-0.827117919921875,0.0
5000.202877663412,-1.285003662109375,0.0
5001.178762842494,0.70050048828125,0.0
5002.154648021577,14.18011474609375,0.0
5003.130533200658,39.628662109375,0.0
5004.10641837974,93.000244140625,0.0
5005.082303558822,156.72259521484375,0.0
5006.058188737904,212.93817138671875,0.0
5007.034073916986,255.53619384765625,0.0
5008.009959096068,246.0994873046875,0.0
5008.98584427515,193.39633178710938,0.0
5009.961729454232,144.03085327148438,0.0
5010.937614633314,106.36056518554688,0.0
5011.913499812396,85.60818481445312,0.0
5012.889384991478,39.471221923828125,0.0
5013.86527017056,-3.407318115234375,0.0
5014.841155349643,-9.1656494140625,0.0
5015.817040528724,-16.44732666015625,0.0
5016.792925707806,-13.86749267578125,0.0
5017.768810886888,-8.739837646484375,0.0
5018.74469606597,-16.932891845703125,0.0
5019.720581245052,-8.10791015625,0.0
5020.696466424134,-20.6260986328125,0.0
5021.672351603216,-25.41241455078125,0.0
5022.648236782298,-16.81591796875,0.0
5023.62412196138,-21.76873779296875,0.0
5024.600007140462,-19.0748291015625,0.0
5025.575892319544,-9.83636474609375,0.0
5026.551777498626,-18.266845703125,0.0
5027.527662677709,-15.8167724609375,0.0
5028.50354785679,-10.0137939453125,0.0
5029.479433035872,-1.35382080078125,0.0
5030.455318214954,2.51385498046875,0.0
5031.431203394036,0.64385986328125,0.0
5032.407088573118,3.4921875,0.0
5033.3829737522,9.6671142578125,0.0
5034.358858931282,5.59735107421875,0.0
5035.334744110364,-5.291259765625,0.0
5036.310629289446,-10.60595703125,0.0
5037.2865144685275,-12.710968017578125,0.0
5038.26239964761,-17.289764404296875,0.0
5039.238284826692,-16.33184814453125,0.0
5040.214170005775,-18.78741455078125,0.0
5041.190055184856,-27.829376220703125,0.0
5042.165940363939,-7.447265625,0.0
5043.14182554302,-3.11895751953125,0.0
5044.117710722102,2.720428466796875,0.0
5045.093595901184,20.57196044921875,0.0
5046.069481080266,22.681243896484375,0.0
5047.045366259348,28.22052001953125,0.0
5048.02125143843,35.4071044921875,0.0
5048.997136617512,22.0235595703125,0.0
5049.9730217965935,0.135498046875,0.0
5050.948906975676,2.92816162109375,0.0
5051.924792154758,7.14361572265625,0.0
5052.900677333841,20.607666015625,0.0
5053.876562512922,26.19659423828125,0.0
5054.852447692005,31.96881103515625,0.0
5055.828332871086,23.74884033203125,0.0
5056.804218050168,29.56719970703125,0.0
5057.78010322925,30.02996826171875,0.0
5058.755988408332,36.07647705078125,0.0
5059.731873587414,33.51080322265625,0.0
5060.707758766496,39.40087890625,0.0
5061.683643945578,29.73553466796875,0.0
5062.6595291246595,17.15582275390625,0.0
5063.635414303742,10.77777099609375,0.0
5064.611299482824,6.23193359375,0.0
5065.587184661907,1.217041015625,0.0
5066.563069840988,5.76275634765625,0.0
5067.538955020071,5.35382080078125,0.0
5068.514840199152,-1.3363037109375,0.0
5069.490725378234,-43.366485595703125,0.0
5070.466610557316,-34.743988037109375,0.0
5071.442495736398,-40.34918212890625,0.0
5072.41838091548,-39.851898193359375,0.0
5073.394266094562,-38.7255859375,0.0
5074.370151273644,-43.9832763671875,0.0
5075.3460364527255,-40.5565185546875,0.0
5076.321921631808,-32.639068603515625,0.0
5077.29780681089,-38.4097900390625,0.0
5078.273691989973,-37.757965087890625,0.0
5079.249577169054,-56.206512451171875,0.0
5080.225462348137,-59.048095703125,0.0
5081.201347527218,-62.521942138671875,0.0
5082.1772327063,-60.471923828125,0.0
5083.153117885382,-61.817596435546875,0.0
5084.129003064464,-37.87384033203125,0.0
5085.104888243546,-2.52581787109375,0.0
5086.080773422628,11.2999267578125,0.0
5087.05665860171,9.2908935546875,0.0
5088.0325437807915,11.63909912109375,0.0
5089.008428959874,13.34765625,0.0
5089.984314138956,10.39056396484375,0.0
5090.960199318039,11.25,0.0
5091.93608449712,6.68463134765625,0.0
5092.911969676203,23.27508544921875,0.0
5093.887854855284,6.76544189453125,0.0
5094.863740034366,3.021484375,0.0
5095.839625213448,11.084228515625,0.0
5096.81551039253,-1.115966796875,0.0
5097.791395571612,-0.63507080078125,0.0
5098.767280750694,-4.4273681640625,0.0
5099.743165929776,-4.14788818359375,0.0
5100.7190511088575,3.85333251953125,0.0
5101.69493628794,-4.714111328125,0.0
5102.670821467022,20.21282958984375,0.0
5103.646706646105,20.652099609375,0.0
5104.622591825186,12.99163818359375,0.0
5105.598477004269,9.6275634765625,0.0
5106.57436218335,10.466796875,0.0
5107.550247362432,9.3389892578125,0.0
5108.526132541514,10.446533203125,0.0
5109.502017720596,-6.26617431640625,0.0
5110.477902899678,6.17840576171875,0.0
5111.45378807876,9.060546875,0.0
5112.429673257842,11.57568359375,0.0
5113.4055584369235,19.16534423828125,0.0
5114.381443616006,33.0850830078125,0.0
5115.357328795088,26.50244140625,0.0
5116.333213974171,27.74676513671875,0.0
5117.309099153252,27.04913330078125,0.0
5118.284984332335,36.2276611328125,0.0
5119.260869511416,28.03265380859375,0.0
5120.236754690498,-1.367919921875,0.0
5121.21263986958,-17.73382568359375,0.0
5122.188525048662,-31.501495361328125,0.0
5123.164410227744,-45.69976806640625,0.0
5124.140295406826,-33.303619384765625,0.0
5125.116180585908,-35.696868896484375,0.0
5126.0920657649895,-56.43536376953125,0.0
5127.067950944072,-43.971099853515625,0.0
5128.043836123154,-42.16070556640625,0.0
5129.019721302237,-41.900604248046875,0.0
5129.995606481318,-46.1619873046875,0.0
5130.971491660401,-46.6859130859375,0.0
5131.947376839482,-30.79803466796875,0.0
5132.923262018564,-17.66668701171875,0.0
5133.899147197646,-23.379638671875,0.0
5134.875032376728,-15.339141845703125,0.0
5135.85091755581,-20.813690185546875,0.0
5136.826802734892,31.206298828125,0.0
5137.802687913974,20.3192138671875,0.0
5138.7785730930555,19.79803466796875,0.0
5139.754458272138,10.57708740234375,0.0
5140.73034345122,0.0,0.0
5141.706228630303,6.1505126953125,0.0
5142.682113809384,12.063720703125,0.0
5143.657998988467,0.0,0.0
5144.633884167548,-3.440582275390625,0.0
5145.60976934663,10.44671630859375,0.0
5146.585654525712,9.56640625,0.0
5147.561539704794,12.3909912109375,0.0
5148.537424883876,2.146697998046875,0.0
5149.513310062958,8.001373291015625,0.0
5150.48919524204,7.750701904296875,0.0
5151.4650804211215,5.616424560546875,0.0
5152.440965600204,0.686309814453125,0.0
5153.416850779286,11.602325439453125,0.0
5154.392735958369,18.100860595703125,0.0
5155.36862113745,15.373504638671875,0.0
5156.344506316533,19.825286865234375,0.0
5157.320391495614,29.803741455078125,0.0
5158.296276674696,30.9736328125,0.0
5159.272161853778,37.72869873046875,0.0
5160.24804703286,27.331634521484375,0.0
5161.223932211942,26.267974853515625,0.0
5162.199817391024,16.59246826171875,0.0
5163.175702570106,-1.41119384765625,0.0
5164.1515877491875,-7.635498046875,0.0
5165.12747292827,-20.487701416015625,0.0
5166.103358107352,-30.314056396484375,0.0
5167.079243286435,-53.635955810546875,0.0
5168.055128465516,-66.56243896484375,0.0
5169.031013644599,-60.531036376953125,0.0
5170.00689882368,-62.287750244140625,0.0
5170.982784002762,-63.874755859375,0.0
5171.958669181844,-58.728057861328125,0.0
5172.934554360926,-58.458953857421875,0.0
5173.910439540008,-51.126708984375,0.0
5174.88632471909,-31.73675537109375,0.0
5175.862209898172,-19.746124267578125,0.0
5176.8380950772535,-4.23016357421875,0.0
5177.813980256336,-2.148529052734375,0.0
5178.789865435418,4.28619384765625,0.0
5179.765750614501,1.63873291015625,0.0
5180.741635793582,-14.9173583984375,0.0
5181.717520972665,-22.921539306640625,0.0
5182.693406151746,-28.34857177734375,0.0
5183.669291330828,-34.272369384765625,0.0
5184.64517650991,-40.20904541015625,0.0
5185.621061688992,-30.30877685546875,0.0
5186.596946868074,-22.338287353515625,0.0
5187.572832047156,-13.001800537109375,0.0
5188.548717226238,-1.2342529296875,0.0
5189.5246024053195,0.0,0.0
5190.500487584402,-5.421844482421875,0.0
5191.476372763484,-0.091064453125,0.0
5192.452257942567,3.761474609375,0.0
5193.428143121648,-4.085174560546875,0.0
5194.404028300731,-0.085235595703125,0.0
5195.379913479812,8.960205078125,0.0
5196.355798658894,22.1656494140625,0.0
5197.331683837976,29.732421875,0.0
5198.307569017058,34.545745849609375,0.0
5199.28345419614,35.9052734375,0.0
5200.259339375222,43.236328125,0.0
5201.235224554304,37.72015380859375,0.0
5202.2111097333855,27.39312744140625,0.0
5203.186994912468,18.7523193359375,0.0
5204.16288009155,6.3287353515625,0.0
5205.138765270633,-9.722991943359375,0.0
5206.114650449714,-19.7791748046875,0.0
5207.090535628797,-25.150543212890625,0.0
5208.066420807878,-27.186859130859375,0.0
5209.04230598696,-23.669403076171875,0.0
5210.018191166042,-8.83709716796875,0.0
5210.994076345124,-8.120849609375,0.0
5211.969961524206,-2.5289306640625,0.0
5212.945846703288,2.48388671875,0.0
5213.92173188237,4.6751708984375,0.0
5214.8976170614515,1.898681640625,0.0
5215.873502240534,0.5716552734375,0.0
5216.849387419616,5.8883056640625,0.0
5217.825272598699,8.1153564453125,0.0
5218.80115777778,12.3433837890625,0.0
5219.777042956863,8.252685546875,0.0
5220.752928135944,11.90606689453125,0.0
5221.728813315026,4.837158203125,0.0
5222.704698494108,1.55718994140625,0.0
5223.68058367319,-2.83721923828125,0.0
5224.656468852272,-13.87481689453125,0.0
5225.632354031354,-25.63360595703125,0.0
5226.608239210436,-28.062591552734375,0.0
5227.5841243895175,-39.456207275390625,0.0
5228.5600095686,-26.8365478515625,0.0
5229.535894747682,-23.62152099609375,0.0
5230.511779926765,-7.8385009765625,0.0
5231.487665105846,-0.46173095703125,0.0
5232.463550284929,-3.06036376953125,0.0
5233.43943546401,-4.10064697265625,0.0
5234.415320643092,0.35333251953125,0.0
5235.391205822174,1.97283935546875,0.0
5236.367091001256,2.110107421875,0.0
5237.342976180338,6.70037841796875,0.0
5238.31886135942,17.26715087890625,0.0
5239.294746538502,24.411376953125,0.0
5240.2706317175835,22.5306396484375,0.0
5241.246516896666,17.2119140625,0.0
5242.222402075748,18.4208984375,0.0
5243.198287254831,12.429443359375,0.0
5244.174172433912,13.5618896484375,0.0
5245.150057612995,16.1514892578125,0.0
5246.125942792076,17.46722412109375,0.0
5247.101827971158,4.252685546875,0.0
5248.07771315024,-3.3394775390625,0.0
5249.053598329322,-0.911376953125,0.0
5250.029483508404,-0.48138427734375,0.0
5251.005368687486,-6.11456298828125,0.0
5251.981253866568,-8.1143798828125,0.0
5252.9571390456495,-6.07183837890625,0.0
5253.933024224732,1.99945068359375,0.0
5254.908909403814,4.01708984375,0.0
5255.884794582897,2.8538818359375,0.0
5256.860679761978,12.96990966796875,0.0
5257.836564941061,19.970703125,0.0
5258.812450120142,11.533935546875,0.0
5259.788335299224,3.96685791015625,0.0
5260.764220478306,3.7464599609375,0.0
5261.740105657388,-5.489501953125,0.0
5262.71599083647,-20.02886962890625,0.0
5263.691876015552,-32.5601806640625,0.0
5264.667761194634,-41.186767578125,0.0
5265.6436463737155,-52.61297607421875,0.0
5266.619531552798,-50.457000732421875,0.0
5267.59541673188,-48.864776611328125,0.0
5268.571301910963,-49.5643310546875,0.0
5269.547187090044,-41.224395751953125,0.0
5270.523072269127,-44.929962158203125,0.0
5271.498957448208,-38.93121337890625,0.0
5272.47484262729,-33.00360107421875,0.0
5273.450727806372,-32.930267333984375,0.0
5274.426612985454,-22.2645263671875,0.0
5275.402498164536,-13.5240478515625,0.0
5276.378383343618,-12.5557861328125,0.0
5277.3542685227,-13.283935546875,0.0
5278.3301537017815,-9.14874267578125,0.0
5279.306038880864,0.06353759765625,0.0
5280.281924059946,6.57037353515625,0.0
5281.257809239029,-2.54052734375,0.0
5282.23369441811,-4.782470703125,0.0
5283.209579597193,4.9923095703125,0.0
5284.185464776274,-1.40576171875,0.0
5285.161349955356,-0.9326171875,0.0
5286.137235134438,-5.17376708984375,0.0
5287.11312031352,15.25262451171875,0.0
5288.089005492602,24.862060546875,0.0
5289.064890671684,21.62982177734375,0.0
5290.040775850766,19.16644287109375,0.0
5291.0166610298475,30.014892578125,0.0
5291.99254620893,29.51922607421875,0.0
5292.968431388012,24.34393310546875,0.0
5293.944316567095,27.6173095703125,0.0
5294.920201746176,18.0657958984375,0.0
5295.896086925259,0.6025390625,0.0
5296.87197210434,0.0,0.0
5297.847857283422,-8.2247314453125,0.0
5298.823742462504,-3.23583984375,0.0
5299.799627641586,1.93994140625,0.0
5300.775512820668,1.48516845703125,0.0
5301.75139799975,0.6422119140625,0.0
5302.727283178832,7.5426025390625,0.0
5303.7031683579135,13.77337646484375,0.0
5304.679053536996,18.54388427734375,0.0
5305.654938716078,21.1851806640625,0.0
5306.630823895161,20.07354736328125,0.0
5307.606709074242,22.49127197265625,0.0
5308.582594253325,21.0555419921875,0.0
5309.558479432406,22.50970458984375,0.0
5310.534364611488,24.36114501953125,0.0
5311.51024979057,23.162841796875,0.0
5312.486134969652,23.29840087890625,0.0
5313.462020148734,25.439208984375,0.0
5314.437905327816,9.3956298828125,0.0
5315.413790506898,7.63189697265625,0.0
5316.3896756859795,16.826171875,0.0
5317.365560865062,-3.03961181640625,0.0
5318.341446044144,-2.44720458984375,0.0
5319.317331223227,0.9482421875,0.0
5320.293216402308,11.2374267578125,0.0
5321.269101581391,9.59552001953125,0.0
5322.244986760472,-5.75958251953125,0.0
5323.220871939554,-11.62188720703125,0.0
5324.196757118636,-15.6064453125,0.0
5325.172642297718,-13.91033935546875,0.0
5326.1485274768,-20.776611328125,0.0
5327.124412655882,-34.11529541015625,0.0
5328.100297834964,-42.088104248046875,0.0
5329.0761830140455,-33.793060302734375,0.0
5330.052068193128,-38.04315185546875,0.0
5331.02795337221,-28.6241455078125,0.0
5332.003838551293,-19.80877685546875,0.0
5332.979723730374,-12.5880126953125,0.0
5333.955608909457,-7.48297119140625,0.0
5334.931494088538,-2.106201171875,0.0
5335.90737926762,-0.28564453125,0.0
5336.883264446702,8.80419921875,0.0
5337.859149625784,0.38397216796875,0.0
5338.835034804866,-7.5562744140625,0.0
5339.810919983948,-7.86871337890625,0.0
5340.78680516303,-6.40093994140625,0.0
5341.7626903421115,-12.77325439453125,0.0
5342.738575521194,-4.32574462890625,0.0
5343.714460700276,4.80499267578125,0.0
5344.690345879359,-0.042724609375,0.0
5345.66623105844,-0.9522705078125,0.0
5346.642116237523,-1.7388916015625,0.0
5347.618001416604,-2.98162841796875,0.0
5348.593886595686,-1.75140380859375,0.0
5349.569771774768,4.57330322265625,0.0
5350.54565695385,6.9332275390625,0.0
5351.521542132932,11.44415283203125,0.0
5352.497427312014,17.8048095703125,0.0
5353.473312491096,14.80108642578125,0.0
5354.449197670177,21.361328125,0.0
5355.42508284926,23.6982421875,0.0
5356.400968028342,29.0921630859375,0.0
5357.376853207425,34.54254150390625,0.0
5358.352738386506,29.21026611328125,0.0
5359.328623565589,28.46343994140625,0.0
5360.30450874467,25.96826171875,0.0
5361.280393923752,23.91424560546875,0.0
5362.256279102834,17.9322509765625,0.0
5363.232164281916,13.74127197265625,0.0
5364.208049460998,2.75372314453125,0.0
5365.18393464008,-2.61328125,0.0
5366.159819819162,-0.97406005859375,0.0
5367.135704998243,-8.2880859375,0.0
5368.111590177326,-12.5609130859375,0.0
5369.087475356408,-12.930419921875,0.0
5370.063360535491,-11.81927490234375,0.0
5371.039245714572,-16.82415771484375,0.0
5372.015130893655,-20.9737548828125,0.0
5372.991016072736,-8.02838134765625,0.0
5373.966901251818,-0.36651611328125,0.0
5374.9427864309,1.718994140625,0.0
5375.918671609982,9.104248046875,0.0
5376.894556789064,18.9573974609375,0.0
5377.870441968146,12.248779296875,0.0
5378.846327147228,3.82598876953125,0.0
5379.822212326309,13.79681396484375,0.0
5380.798097505392,9.08319091796875,0.0
5381.773982684474,2.58575439453125,0.0
5382.749867863557,8.646484375,0.0
5383.725753042638,9.31048583984375,0.0
5384.701638221721,10.8956298828125,0.0
5385.677523400802,17.2982177734375,0.0
5386.653408579884,8.601806640625,0.0
5387.629293758966,-3.5848388671875,0.0
5388.605178938048,2.4151611328125,0.0
5389.58106411713,0.76361083984375,0.0
5390.556949296212,-3.51483154296875,0.0
5391.532834475294,-7.33319091796875,0.0
5392.508719654375,-11.060791015625,0.0
5393.484604833458,1.61383056640625,0.0
5394.46049001254,-7.43280029296875,0.0
5395.436375191623,-8.02520751953125,0.0
5396.412260370704,-9.298828125,0.0
5397.388145549787,-20.317474365234375,0.0
5398.364030728868,-15.01385498046875,0.0
5399.33991590795,-10.49676513671875,0.0
5400.315801087032,-10.04498291015625,0.0
5401.291686266114,-10.98822021484375,0.0
5402.267571445196,-19.04229736328125,0.0
5403.243456624278,-25.033172607421875,0.0
5404.21934180336,-19.5928955078125,0.0
5405.195226982441,-19.92633056640625,0.0
5406.171112161524,-17.7274169921875,0.0
5407.146997340606,-19.918426513671875,0.0
5408.122882519689,-22.392242431640625,0.0
5409.09876769877,-24.868896484375,0.0
5410.074652877853,-17.43475341796875,0.0
5411.050538056934,-10.05694580078125,0.0
5412.026423236016,-12.36590576171875,0.0
5413.002308415098,7.3599853515625,0.0
5413.97819359418,2.61334228515625,0.0
5414.954078773262,-1.46746826171875,0.0
5415.929963952344,7.12237548828125,0.0
5416.905849131426,18.48980712890625,0.0
5417.881734310507,16.7410888671875,0.0
5418.85761948959,15.51300048828125,0.0
5419.833504668672,26.239501953125,0.0
5420.809389847755,23.35919189453125,0.0
5421.785275026836,24.43682861328125,0.0
5422.761160205919,11.01531982421875,0.0
5423.737045385,10.06671142578125,0.0
5424.712930564082,12.4215087890625,0.0
5425.688815743164,5.52496337890625,0.0
5426.664700922246,14.60736083984375,0.0
5427.640586101328,12.3001708984375,0.0
5428.61647128041,2.805908203125,0.0
5429.592356459492,-3.27227783203125,0.0
5430.568241638573,-2.532470703125,0.0
5431.544126817656,-6.80401611328125,0.0
5432.520011996738,-8.82989501953125,0.0
5433.495897175821,-4.6226806640625,0.0
5434.471782354902,-1.89642333984375,0.0
5435.447667533985,-8.11163330078125,0.0
5436.423552713066,-2.2987060546875,0.0
5437.399437892148,1.4771728515625,0.0
5438.37532307123,1.17584228515625,0.0
5439.351208250312,17.86944580078125,0.0
5440.327093429394,26.21331787109375,0.0
5441.302978608476,20.14971923828125,0.0
5442.278863787558,24.0123291015625,0.0
5443.254748966639,22.45086669921875,0.0
5444.230634145722,17.93389892578125,0.0
5445.206519324804,0.58673095703125,0.0
5446.182404503887,-1.15692138671875,0.0
5447.158289682968,-3.00054931640625,0.0
5448.134174862051,-8.99237060546875,0.0
5449.110060041132,-2.7532958984375,0.0
5450.085945220214,6.381591796875,0.0
5451.061830399296,2.745361328125,0.0
5452.037715578378,0.62506103515625,0.0
5453.01360075746,2.71746826171875,0.0
5453.989485936542,-10.33538818359375,0.0
5454.965371115624,-3.44879150390625,0.0
5455.941256294705,1.87799072265625,0.0
5456.917141473788,5.539794921875,0.0
5457.89302665287,1.02178955078125,0.0
5458.868911831953,0.31634521484375,0.0
5459.844797011034,-1.2506103515625,0.0
5460.820682190117,3.04486083984375,0.0
5461.796567369198,3.00054931640625,0.0
5462.77245254828,-2.83197021484375,0.0
5463.748337727362,-10.00616455078125,0.0
5464.724222906444,4.043212890625,0.0
5465.700108085526,5.98828125,0.0
5466.675993264608,-3.56915283203125,0.0
5467.65187844369,-1.31219482421875,0.0
5468.627763622771,2.7532958984375,0.0
5469.603648801854,9.08392333984375,0.0
5470.579533980936,11.35565185546875,0.0
5471.555419160019,1.3045654296875,0.0
5472.5313043391,-5.3946533203125,0.0
5473.507189518183,-8.39715576171875,0.0
5474.483074697264,-6.696746826171875,0.0
5475.458959876346,-11.493499755859375,0.0
5476.434845055428,-17.007415771484375,0.0
5477.41073023451,-13.853912353515625,0.0
5478.386615413592,-16.341644287109375,0.0
5479.362500592674,-5.2469482421875,0.0
5480.338385771756,-6.86297607421875,0.0
5481.314270950837,0.10601806640625,0.0
5482.29015612992,-1.46441650390625,0.0
5483.266041309002,-3.92694091796875,0.0
5484.241926488085,-1.10125732421875,0.0
5485.217811667166,-1.06939697265625,0.0
5486.193696846249,2.061279296875,0.0
5487.16958202533,1.7392578125,0.0
5488.145467204412,-1.45111083984375,0.0
5489.121352383494,10.0762939453125,0.0
5490.097237562576,4.7296142578125,0.0
5491.073122741658,1.6619873046875,0.0
5492.04900792074,-10.2764892578125,0.0
5493.024893099822,-8.48931884765625,0.0
5494.000778278903,5.84674072265625,0.0
5494.976663457986,10.26043701171875,0.0
5495.952548637068,10.203857421875,0.0
5496.928433816151,7.82958984375,0.0
5497.904318995232,2.1268310546875,0.0
5498.880204174315,3.24530029296875,0.0
5499.856089353396,-5.737335205078125,0.0
5500.831974532478,-1.93621826171875,0.0
5501.80785971156,-6.98236083984375,0.0
5502.783744890642,-14.2718505859375,0.0
5503.759630069724,-4.530029296875,0.0
5504.735515248806,-1.18109130859375,0.0
5505.711400427888,0.07196044921875,0.0
5506.687285606969,-2.05206298828125,0.0
5507.663170786052,1.37847900390625,0.0
5508.639055965134,4.82421875,0.0
5509.614941144217,-0.181640625,0.0
5510.590826323298,-10.892242431640625,0.0
5511.566711502381,-5.559906005859375,0.0
5512.542596681462,1.59521484375,0.0
5513.518481860544,-2.6123046875,0.0
5514.494367039626,-1.248291015625,0.0
5515.470252218708,-5.82708740234375,0.0
5516.44613739779,2.37060546875,0.0
5517.422022576872,-0.09375,0.0
5518.397907755954,5.2550048828125,0.0
5519.373792935035,3.66253662109375,0.0
5520.349678114118,1.74102783203125,0.0
5521.3255632932,-2.273681640625,0.0
5522.301448472283,12.98712158203125,0.0
5523.277333651364,3.3311767578125,0.0
5524.253218830447,-1.73199462890625,0.0
5525.229104009528,-2.6749267578125,0.0
5526.20498918861,-3.8592529296875,0.0
5527.180874367692,-11.779754638671875,0.0
5528.156759546774,-14.254913330078125,0.0
5529.132644725856,-11.27105712890625,0.0
5530.108529904938,8.16302490234375,0.0
5531.08441508402,-6.91119384765625,0.0
5532.060300263101,-1.3052978515625,0.0
5533.036185442184,1.69970703125,0.0
5534.012070621266,3.03045654296875,0.0
5534.987955800349,1.60650634765625,0.0
5535.96384097943,3.03961181640625,0.0
5536.939726158513,6.33660888671875,0.0
5537.915611337594,5.639892578125,0.0
5538.891496516676,6.96868896484375,0.0
5539.867381695758,9.00775146484375,0.0
5540.84326687484,6.206787109375,0.0
5541.819152053922,3.29541015625,0.0
5542.795037233004,10.1221923828125,0.0
5543.770922412086,3.11407470703125,0.0
5544.746807591167,4.2490234375,0.0
5545.72269277025,4.68695068359375,0.0
5546.698577949332,2.07989501953125,0.0
5547.674463128415,6.4342041015625,0.0
5548.650348307496,8.051513671875,0.0
5549.626233486579,0.478759765625,0.0
5550.60211866566,0.3807373046875,0.0
5551.578003844742,1.24114990234375,0.0
5552.553889023824,5.26409912109375,0.0
5553.529774202906,8.8773193359375,0.0
5554.505659381988,3.41949462890625,0.0
5555.48154456107,-4.492584228515625,0.0
5556.457429740152,-2.06689453125,0.0
5557.433314919233,2.9921875,0.0
5558.409200098316,6.062347412109375,0.0
5559.385085277398,1.029998779296875,0.0
5560.360970456481,3.94354248046875,0.0
5561.336855635562,-1.054107666015625,0.0
5562.312740814645,-0.599273681640625,0.0
5563.288625993726,0.549041748046875,0.0
5564.264511172808,-0.76043701171875,0.0
5565.24039635189,3.4381103515625,0.0
5566.216281530972,-7.456695556640625,0.0
5567.192166710054,-6.531524658203125,0.0
5568.168051889136,-5.973175048828125,0.0
5569.143937068218,-7.9302978515625,0.0
5570.119822247299,-3.89495849609375,0.0
5571.095707426382,-3.318145751953125,0.0
5572.071592605464,0.76104736328125,0.0
5573.047477784547,4.34942626953125,0.0
5574.023362963628,-6.065704345703125,0.0
5574.999248142711,0.34722900390625,0.0
5575.975133321792,3.147003173828125,0.0
5576.951018500874,-4.629669189453125,0.0
5577.926903679956,-4.077239990234375,0.0
5578.902788859038,10.724273681640625,0.0
5579.87867403812,18.796966552734375,0.0
5580.854559217202,4.54315185546875,0.0
5581.830444396284,-1.944244384765625,0.0
5582.806329575365,-0.318328857421875,0.0
5583.782214754448,3.038909912109375,0.0
5584.75809993353,-3.30548095703125,0.0
5585.733985112613,-15.50128173828125,0.0
5586.709870291694,-18.793975830078125,0.0
5587.685755470777,-19.889129638671875,0.0
5588.661640649858,-18.5272216796875,0.0
5589.63752582894,-20.942596435546875,0.0
5590.613411008022,-18.08038330078125,0.0
5591.589296187104,-20.432708740234375,0.0
5592.565181366186,-19.44140625,0.0
5593.541066545268,-14.846771240234375,0.0
5594.51695172435,-11.121185302734375,0.0
5595.492836903431,4.615936279296875,0.0
5596.468722082514,5.718475341796875,0.0
5597.444607261596,2.9910888671875,0.0
5598.420492440679,-2.663360595703125,0.0
5599.39637761976,-8.845428466796875,0.0
5600.372262798843,-3.78387451171875,0.0
5601.348147977924,-4.23492431640625,0.0
5602.324033157006,-10.175201416015625,0.0
5603.299918336088,-9.69415283203125,0.0
5604.27580351517,-0.880615234375,0.0
5605.251688694252,-5.192169189453125,0.0
5606.227573873334,3.649688720703125,0.0
5607.203459052416,10.73828125,0.0
5608.179344231497,12.168548583984375,0.0
5609.15522941058,10.466552734375,0.0
5610.131114589662,12.431427001953125,0.0
5611.106999768745,21.045928955078125,0.0
5612.082884947826,17.094818115234375,0.0
5613.058770126909,4.8336181640625,0.0
5614.03465530599,14.455947875976562,0.0
5615.010540485072,7.210723876953125,0.0
5615.986425664154,-1.421234130859375,0.0
5616.962310843236,1.11285400390625,0.0
5617.938196022318,-7.8544921875,0.0
5618.9140812014,-3.1910400390625,0.0
5619.889966380482,0.0,0.0
5620.865851559563,14.030120849609375,0.0
5621.841736738646,0.418212890625,0.0
5622.817621917728,-6.142578125,0.0
5623.793507096811,-9.992706298828125,0.0
5624.769392275892,-7.147003173828125,0.0
5625.745277454975,4.0797576904296875,0.0
5626.721162634056,8.234771728515625,0.0
5627.697047813138,-0.78814697265625,0.0
5628.67293299222,-4.805419921875,0.0
5629.648818171302,2.86614990234375,0.0
5630.624703350384,10.519317626953125,0.0
5631.600588529466,5.055572509765625,0.0
5632.576473708548,6.226654052734375,0.0
5633.552358887629,13.792327880859375,0.0
5634.528244066712,3.735595703125,0.0
5635.504129245794,0.277618408203125,0.0
5636.480014424877,0.0,0.0
5637.455899603958,-0.360382080078125,0.0
5638.431784783041,-6.53887939453125,0.0
5639.407669962122,-3.82489013671875,0.0
5640.383555141204,-14.998626708984375,0.0
5641.359440320286,-14.80419921875,0.0
5642.335325499368,-10.183807373046875,0.0
5643.31121067845,0.49005126953125,0.0
5644.287095857532,7.731170654296875,0.0
5645.262981036614,-0.98114013671875,0.0
5646.238866215695,1.6044921875,0.0
5647.214751394778,4.161590576171875,0.0
5648.19063657386,7.01593017578125,0.0
5649.166521752943,14.194671630859375,0.0
5650.142406932024,10.434234619140625,0.0
5651.118292111107,8.580413818359375,0.0
5652.094177290188,9.89630126953125,0.0
5653.07006246927,11.27239990234375,0.0
5654.045947648352,0.529754638671875,0.0
5655.021832827434,1.07598876953125,0.0
5655.997718006516,-0.699859619140625,0.0
5656.973603185598,-13.165924072265625,0.0
5657.94948836468,-10.7105712890625,0.0
5658.925373543761,-14.802154541015625,0.0
5659.901258722844,-23.068206787109375,0.0
5660.877143901926,-16.779693603515625,0.0
5661.853029081009,-16.400177001953125,0.0
5662.82891426009,-5.245208740234375,0.0
5663.804799439173,-10.812774658203125,0.0
5664.780684618254,-8.472320556640625,0.0
5665.756569797336,-8.73028564453125,0.0
5666.732454976418,-2.0205078125,0.0
5667.7083401555,-2.020263671875,0.0
5668.684225334582,-2.237335205078125,0.0
5669.660110513664,-0.77093505859375,0.0
5670.635995692746,2.81890869140625,0.0
5671.611880871827,-0.546356201171875,0.0
5672.58776605091,-0.866119384765625,0.0
5673.563651229992,-1.1873016357421875,0.0
5674.539536409075,1.367340087890625,0.0
5675.515421588156,2.467437744140625,0.0
5676.491306767239,11.006011962890625,0.0
5677.46719194632,-0.377349853515625,0.0
5678.443077125402,2.715423583984375,0.0
5679.418962304484,8.89166259765625,0.0
5680.394847483566,2.9442138671875,0.0
5681.370732662648,4.658660888671875,0.0
5682.34661784173,-0.38201904296875,0.0
5683.322503020812,4.652130126953125,0.0
5684.298388199893,-3.012664794921875,0.0
5685.274273378976,-6.8209228515625,0.0
5686.250158558058,-2.295379638671875,0.0
5687.226043737141,-7.08819580078125,0.0
5688.201928916222,-5.166229248046875,0.0
5689.177814095305,-0.44537353515625,0.0
5690.153699274386,2.356353759765625,0.0
5691.129584453468,8.2283935546875,0.0
5692.10546963255,10.064254760742188,0.0
5693.081354811632,12.352676391601562,0.0
5694.057239990714,13.538375854492188,0.0
5695.033125169796,9.213592529296875,0.0
5696.009010348878,12.657546997070312,0.0
5696.984895527959,7.4426727294921875,0.0
5697.960780707042,6.2865753173828125,0.0
5698.936665886124,-1.5365447998046875,0.0
5699.912551065207,-10.738571166992188,0.0
5700.888436244288,-16.744338989257812,0.0
5701.864321423371,-10.543441772460938,0.0
5702.840206602452,-20.313430786132812,0.0
5703.816091781534,-9.091598510742188,0.0
5704.791976960616,-17.401565551757812,0.0
5705.767862139698,-15.303878784179688,0.0
5706.74374731878,-22.400985717773438,0.0
5707.719632497862,-34.731201171875,0.0
5708.695517676944,-21.885147094726562,0.0
5709.671402856025,-18.662399291992188,0.0
5710.647288035108,-21.462188720703125,0.0
5711.62317321419,-20.370834350585938,0.0
5712.599058393273,-20.7330322265625,0.0
5713.574943572354,-5.48773193359375,0.0
5714.550828751437,7.277740478515625,0.0
5715.526713930518,-0.706146240234375,0.0
5716.5025991096,-5.5171661376953125,0.0
5717.478484288682,-5.6507568359375,0.0
5718.454369467764,0.0,0.0
5719.430254646846,-0.9351806640625,0.0
5720.406139825928,2.21240234375,0.0
5721.38202500501,8.445159912109375,0.0
5722.357910184091,10.34075927734375,0.0
5723.333795363174,1.497955322265625,0.0
5724.309680542256,13.9884033203125,0.0
5725.285565721339,17.5999755859375,0.0
5726.26145090042,8.12554931640625,0.0
5727.237336079503,1.285430908203125,0.0
5728.213221258584,13.112152099609375,0.0
5729.189106437666,14.216522216796875,0.0
5730.164991616748,6.114776611328125,0.0
5731.14087679583,3.9053955078125,0.0
5732.116761974912,-4.262603759765625,0.0
5733.092647153994,5.87353515625,0.0
5734.068532333076,16.440826416015625,0.0
5735.044417512157,13.597259521484375,0.0
5736.02030269124,14.74749755859375,0.0
5736.996187870322,14.48724365234375,0.0
5737.972073049405,16.064666748046875,0.0
5738.947958228486,7.308929443359375,0.0
5739.923843407569,4.564117431640625,0.0
5740.89972858665,3.34405517578125,0.0
5741.875613765732,3.905731201171875,0.0
5742.851498944814,-0.12591552734375,0.0
5743.827384123896,8.45330810546875,0.0
5744.803269302978,-2.783447265625,0.0
5745.77915448206,-3.1824798583984375,0.0
5746.755039661142,-0.4842681884765625,0.0
5747.730924840223,8.853973388671875,0.0
5748.706810019306,6.68206787109375,0.0
5749.682695198388,7.2298583984375,0.0
5750.658580377471,-2.106842041015625,0.0
5751.634465556552,-11.016082763671875,0.0
5752.610350735635,1.95672607421875,0.0
5753.586235914716,18.4696044921875,0.0
5754.562121093798,1.9703369140625,0.0
5755.53800627288,-1.667083740234375,0.0
5756.513891451962,-2.038726806640625,0.0
5757.489776631044,0.25360107421875,0.0
5758.465661810126,-4.9443359375,0.0
5759.441546989208,-2.679290771484375,0.0
5760.417432168289,-4.29205322265625,0.0
5761.393317347372,-23.47418212890625,0.0
5762.369202526454,-13.016754150390625,0.0
5763.345087705537,-7.695831298828125,0.0
5764.320972884618,-5.740081787109375,0.0
5765.296858063701,8.80950927734375,0.0
5766.272743242782,16.31134033203125,0.0
5767.248628421864,7.295074462890625,0.0
5768.224513600946,1.917022705078125,0.0
5769.200398780028,2.089813232421875,0.0
5770.17628395911,4.320281982421875,0.0
5771.152169138192,5.128570556640625,0.0
5772.128054317274,9.01397705078125,0.0
5773.103939496355,3.303741455078125,0.0
5774.079824675438,2.432952880859375,0.0
5775.05570985452,8.117584228515625,0.0
5776.031595033603,1.6671142578125,0.0
5777.007480212684,4.570709228515625,0.0
5777.983365391767,-8.543548583984375,0.0
5778.959250570848,-11.723052978515625,0.0
5779.93513574993,-23.98809814453125,0.0
5780.911020929012,-13.540283203125,0.0
5781.886906108094,-20.448455810546875,0.0
5782.862791287176,-29.735687255859375,0.0
5783.838676466258,-26.430755615234375,0.0
5784.81456164534,-10.53118896484375,0.0
5785.790446824421,-18.235015869140625,0.0
5786.766332003504,-19.246612548828125,0.0
5787.742217182586,-13.807281494140625,0.0
5788.718102361669,-17.47406005859375,0.0
5789.69398754075,-5.325958251953125,0.0
5790.669872719833,-2.653472900390625,0.0
5791.645757898914,-12.547576904296875,0.0
5792.621643077996,-8.308319091796875,0.0
5793.597528257078,-4.47076416015625,0.0
5794.57341343616,-4.85699462890625,0.0
5795.549298615242,-4.032623291015625,0.0
5796.525183794324,-6.598297119140625,0.0
5797.501068973406,-5.6954345703125,0.0
5798.476954152487,5.967071533203125,0.0
5799.45283933157,-4.66156005859375,0.0
5800.428724510652,4.23089599609375,0.0
5801.404609689735,0.998291015625,0.0
5802.380494868816,-11.849456787109375,0.0
5803.356380047899,1.8597412109375,0.0
5804.33226522698,1.309173583984375,0.0
5805.308150406062,-9.070404052734375,0.0
5806.284035585144,-4.1602783203125,0.0
5807.259920764226,2.32000732421875,0.0
5808.235805943308,8.50323486328125,0.0
5809.21169112239,4.6656494140625,0.0
5810.187576301472,4.659576416015625,0.0
5811.163461480553,5.87396240234375,0.0
5812.139346659636,7.6536865234375,0.0
5813.115231838718,-3.0975341796875,0.0
5814.091117017801,5.515167236328125,0.0
5815.067002196882,13.68743896484375,0.0
5816.042887375965,1.315643310546875,0.0
5817.018772555046,15.211029052734375,0.0
5817.994657734128,8.31671142578125,0.0
5818.97054291321,1.96722412109375,0.0
5819.946428092292,0.205169677734375,0.0
5820.922313271374,-10.3416748046875,0.0
5821.898198450456,15.82916259765625,0.0
5822.874083629538,13.3189697265625,0.0
5823.849968808619,3.294586181640625,0.0
5824.825853987702,2.2431793212890625,0.0
5825.801739166784,4.36651611328125,0.0
5826.777624345867,13.5369873046875,0.0
5827.753509524948,7.540008544921875,0.0
5828.729394704031,2.19207763671875,0.0
5829.705279883112,-16.71728515625,0.0
5830.681165062194,1.61358642578125,0.0
5831.657050241276,1.18231201171875,0.0
5832.632935420358,-6.947601318359375,0.0
5833.60882059944,-0.726318359375,0.0
5834.584705778522,-3.329345703125,0.0
5835.560590957604,8.70703125,0.0
5836.536476136685,1.639404296875,0.0
5837.512361315768,-8.034149169921875,0.0
5838.48824649485,8.462738037109375,0.0
5839.464131673933,0.4779052734375,0.0
5840.440016853014,6.346160888671875,0.0
5841.415902032097,18.8275146484375,0.0
5842.391787211178,11.170166015625,0.0
5843.36767239026,0.2064208984375,0.0
5844.343557569342,5.032958984375,0.0
5845.319442748424,-9.996612548828125,0.0
5846.295327927506,-6.714569091796875,0.0
5847.271213106588,-4.003265380859375,0.0
5848.24709828567,-7.2867431640625,0.0
5849.222983464751,5.503265380859375,0.0
5850.198868643834,-2.064788818359375,0.0
5851.174753822916,-10.2242431640625,0.0
5852.150639001999,-5.909088134765625,0.0
5853.12652418108,-11.2086181640625,0.0
5854.102409360163,-18.750885009765625,0.0
5855.078294539244,-12.717620849609375,0.0
5856.054179718326,-11.866790771484375,0.0
5857.030064897408,-9.52734375,0.0
5858.00595007649,-16.27044677734375,0.0
5858.981835255572,-23.956741333007812,0.0
5859.957720434654,-20.44049072265625,0.0
5860.933605613736,-10.60955810546875,0.0
5861.909490792817,-0.368133544921875,0.0
5862.8853759719,-23.849822998046875,0.0
5863.861261150982,-25.0987548828125,0.0
5864.837146330065,-8.546539306640625,0.0
5865.813031509146,5.943145751953125,0.0
5866.788916688229,1.646331787109375,0.0
5867.76480186731,2.186248779296875,0.0
5868.740687046392,19.206634521484375,0.0
5869.716572225474,5.637237548828125,0.0
5870.692457404556,13.146240234375,0.0
5871.668342583638,7.887603759765625,0.0
5872.64422776272,11.08056640625,0.0
5873.620112941802,25.26788330078125,0.0
5874.595998120883,30.472686767578125,0.0
5875.571883299966,42.00274658203125,0.0
5876.547768479048,50.1585693359375,0.0
5877.523653658131,44.452606201171875,0.0
5878.499538837212,29.404632568359375,0.0
5879.475424016295,9.1712646484375,0.0
5880.451309195376,0.134765625,0.0
5881.427194374458,2.774627685546875,0.0
5882.40307955354,-12.81317138671875,0.0
5883.378964732622,-13.2352294921875,0.0
5884.354849911704,-15.624664306640625,0.0
5885.330735090786,-22.302520751953125,0.0
5886.306620269868,-18.354278564453125,0.0
5887.282505448949,-33.840087890625,0.0
5888.258390628032,-36.9163818359375,0.0
5889.234275807114,-45.188385009765625,0.0
5890.210160986197,-50.472442626953125,0.0
5891.186046165278,-58.456298828125,0.0
5892.161931344361,-70.816162109375,0.0
5893.137816523442,-59.32928466796875,0.0
5894.113701702524,-64.78729248046875,0.0
5895.089586881606,-60.362030029296875,0.0
5896.065472060688,-50.14044189453125,0.0
5897.04135723977,-37.504364013671875,0.0
5898.017242418852,-45.8519287109375,0.0
5898.993127597934,-18.340911865234375,0.0
5899.969012777015,-14.509033203125,0.0
5900.944897956098,-4.77581787109375,0.0
5901.92078313518,1.958251953125,0.0
5902.896668314263,-4.356689453125,0.0
5903.872553493344,11.79217529296875,0.0
5904.848438672427,-2.13140869140625,0.0
5905.824323851508,4.71258544921875,0.0
5906.80020903059,8.5660400390625,0.0
5907.776094209672,7.255767822265625,0.0
5908.751979388754,16.935455322265625,0.0
5909.727864567836,16.792083740234375,0.0
5910.703749746918,12.264739990234375,0.0
5911.679634926,8.719024658203125,0.0
5912.655520105081,-3.90008544921875,0.0
5913.631405284164,8.258331298828125,0.0
5914.607290463246,-0.756591796875,0.0
5915.583175642329,-7.945281982421875,0.0
5916.55906082141,1.0458984375,0.0
5917.534946000493,0.779144287109375,0.0
5918.510831179574,-4.666748046875,0.0
5919.486716358656,4.9605712890625,0.0
5920.462601537738,2.13140869140625,0.0
5921.43848671682,3.7415771484375,0.0
5922.414371895902,3.26287841796875,0.0
5923.390257074984,2.25738525390625,0.0
5924.366142254066,9.599853515625,0.0
5925.342027433147,0.210906982421875,0.0
5926.31791261223,-6.0897369384765625,0.0
5927.293797791312,-3.4254150390625,0.0
5928.269682970395,-1.6782684326171875,0.0
5929.245568149476,2.286224365234375,0.0
5930.221453328559,-7.68341064453125,0.0
5931.19733850764,2.5762939453125,0.0
5932.173223686722,-11.23236083984375,0.0
5933.149108865804,-5.32421875,0.0
5934.124994044886,15.05474853515625,0.0
5935.100879223968,18.7183837890625,0.0
5936.07676440305,10.528411865234375,0.0
5937.052649582132,9.460479736328125,0.0
5938.028534761213,5.567962646484375,0.0
5939.004419940296,7.395538330078125,0.0
5939.980305119378,0.914154052734375,0.0
5940.956190298461,11.64361572265625,0.0
5941.932075477542,3.917877197265625,0.0
5942.907960656625,8.362091064453125,0.0
5943.883845835706,1.678436279296875,0.0
5944.859731014788,0.0,0.0
5945.83561619387,-4.211273193359375,0.0
5946.811501372952,0.0,0.0
5947.787386552034,3.19024658203125,0.0
5948.763271731116,-4.130523681640625,0.0
5949.739156910198,3.9321746826171875,0.0
5950.715042089279,4.15936279296875,0.0
5951.690927268362,-1.98553466796875,0.0
5952.666812447444,-6.064788818359375,0.0
5953.642697626527,-7.239105224609375,0.0
5954.618582805608,-9.004119873046875,0.0
5955.594467984691,-2.188934326171875,0.0
5956.570353163772,8.717132568359375,0.0
5957.546238342854,0.0,0.0
5958.522123521936,-2.85687255859375,0.0
5959.498008701018,-4.87799072265625,0.0
5960.4738938801,-3.786895751953125,0.0
5961.449779059182,-5.403656005859375,0.0
5962.425664238264,-9.5538330078125,0.0
5963.401549417345,2.17236328125,0.0
5964.377434596428,3.172637939453125,0.0
5965.35331977551,5.623779296875,0.0
5966.329204954593,1.12567138671875,0.0
5967.305090133674,-1.457916259765625,0.0
5968.280975312757,3.274993896484375,0.0
5969.256860491838,11.24853515625,0.0
5970.23274567092,6.5772705078125,0.0
5971.208630850002,4.8424072265625,0.0
5972.184516029084,7.622955322265625,0.0
5973.160401208166,8.589447021484375,0.0
5974.136286387248,3.27471923828125,0.0
5975.11217156633,-1.57745361328125,0.0
5976.088056745411,-5.894744873046875,0.0
5977.063941924494,-5.340728759765625,0.0
5978.039827103576,3.43768310546875,0.0
5979.015712282659,6.248138427734375,0.0
5979.99159746174,0.0,0.0
5980.967482640823,-5.8638916015625,0.0
5981.943367819904,-2.7802734375,0.0
5982.919252998986,-8.01385498046875,0.0
5983.895138178068,-14.760955810546875,0.0
5984.87102335715,-9.3834228515625,0.0
5985.846908536232,-5.140380859375,0.0
5986.822793715314,-1.0260009765625,0.0
5987.798678894396,-11.848419189453125,0.0
5988.774564073477,-6.59033203125,0.0
5989.75044925256,-2.303619384765625,0.0
5990.726334431642,8.32208251953125,0.0
5991.702219610725,4.92327880859375,0.0
5992.678104789806,-5.74102783203125,0.0
5993.653989968889,20.961456298828125,0.0
5994.62987514797,18.1900634765625,0.0
5995.605760327052,2.210693359375,0.0
5996.581645506134,-4.83184814453125,0.0
5997.557530685216,6.42181396484375,0.0
5998.533415864298,6.16778564453125,0.0
5999.50930104338,2.96417236328125,0.0
6000.485186222462,-0.44903564453125,0.0
6001.461071401543,-9.7750244140625,0.0
6002.436956580626,-4.230133056640625,0.0
6003.412841759708,2.75177001953125,0.0
6004.388726938791,-0.3406982421875,0.0
6005.364612117872,2.66876220703125,0.0
6006.340497296955,-2.993865966796875,0.0
6007.316382476036,-6.2425079345703125,0.0
6008.292267655118,-2.6201324462890625,0.0
6009.2681528342,5.0430908203125,0.0
6010.244038013282,-1.658294677734375,0.0
6011.219923192364,6.279998779296875,0.0
6012.195808371446,-10.1124267578125,0.0
6013.171693550528,-8.56427001953125,0.0
6014.147578729609,3.7938232421875,0.0
6015.123463908692,-5.596221923828125,0.0
6016.099349087774,-2.75531005859375,0.0
6017.075234266857,-3.179718017578125,0.0
6018.051119445938,-1.067230224609375,0.0
6019.027004625021,-0.7601318359375,0.0
6020.002889804102,-10.62579345703125,0.0
6020.978774983184,-4.69561767578125,0.0
6021.954660162266,-3.84881591796875,0.0
6022.930545341348,-2.172119140625,0.0
6023.90643052043,8.298919677734375,0.0
6024.882315699512,-4.77923583984375,0.0
6025.858200878594,-3.01544189453125,0.0
6026.834086057675,-0.735260009765625,0.0
6027.809971236758,-6.102813720703125,0.0
6028.78585641584,-4.8957672119140625,0.0
6029.761741594923,-0.551025390625,0.0
6030.737626774004,-2.087005615234375,0.0
6031.713511953087,4.835052490234375,0.0
6032.689397132168,8.047760009765625,0.0
6033.66528231125,11.056884765625,0.0
6034.641167490332,6.3634033203125,0.0
6035.617052669414,3.1580810546875,0.0
6036.592937848496,5.738372802734375,0.0
6037.568823027578,5.0499267578125,0.0
6038.54470820666,11.63677978515625,0.0
6039.520593385741,6.04241943359375,0.0
6040.496478564824,5.707733154296875,0.0
6041.472363743906,10.256134033203125,0.0
6042.448248922989,-9.05535888671875,0.0
6043.42413410207,-5.133270263671875,0.0
6044.400019281153,4.9300537109375,0.0
6045.375904460234,9.617462158203125,0.0
6046.351789639316,5.550811767578125,0.0
6047.327674818398,1.35858154296875,0.0
6048.30355999748,-2.43731689453125,0.0
6049.279445176562,-2.604461669921875,0.0
6050.255330355644,7.36376953125,0.0
6051.231215534726,13.167388916015625,0.0
6052.207100713807,8.6046142578125,0.0
6053.18298589289,8.811309814453125,0.0
6054.158871071972,3.48486328125,0.0
6055.134756251055,-4.454010009765625,0.0
6056.110641430136,-2.67059326171875,0.0
6057.086526609219,0.560455322265625,0.0
6058.0624117883,-0.597137451171875,0.0
6059.038296967382,0.24542236328125,0.0
6060.014182146464,-1.60211181640625,0.0
6060.990067325546,6.782745361328125,0.0
6061.965952504628,0.417236328125,0.0
6062.94183768371,-4.637786865234375,0.0
6063.917722862792,0.0,0.0
6064.893608041873,-0.014312744140625,0.0
6065.869493220956,-0.14398193359375,0.0
6066.845378400038,-1.30169677734375,0.0
6067.821263579121,-4.87945556640625,0.0
6068.797148758202,-1.129669189453125,0.0
6069.773033937285,1.60211181640625,0.0
6070.748919116366,4.11041259765625,0.0
6071.724804295448,0.3076171875,0.0
6072.70068947453,10.242919921875,0.0
6073.676574653612,0.382904052734375,0.0
6074.652459832694,-2.904388427734375,0.0
6075.628345011776,0.039764404296875,0.0
6076.604230190858,-2.200469970703125,0.0
6077.580115369939,-1.145965576171875,0.0
6078.556000549022,-3.263519287109375,0.0
6079.531885728104,-4.316619873046875,0.0
6080.507770907187,-8.569610595703125,0.0
6081.483656086268,1.145965576171875,0.0
6082.459541265351,-6.70550537109375,0.0
6083.435426444432,3.96893310546875,0.0
6084.411311623514,7.80047607421875,0.0
6085.387196802596,-4.85003662109375,0.0
6086.363081981678,-2.61639404296875,0.0
6087.33896716076,-1.536041259765625,0.0
6088.314852339842,-0.9075927734375,0.0
6089.290737518924,-1.860809326171875,0.0
6090.266622698005,-4.0823974609375,0.0
6091.242507877088,-9.846038818359375,0.0
6092.21839305617,5.1234130859375,0.0
6093.194278235253,8.921478271484375,0.0
6094.170163414334,0.9075927734375,0.0
6095.146048593417,2.292236328125,0.0
6096.121933772498,-5.873687744140625,0.0
6097.09781895158,12.00408935546875,0.0
6098.073704130662,-0.41033935546875,0.0
6099.049589309744,-12.669219970703125,0.0
6100.025474488826,-1.72625732421875,0.0
6101.001359667908,-2.351104736328125,0.0
6101.97724484699,-11.785308837890625,0.0
6102.953130026071,-17.11346435546875,0.0
6103.929015205154,-13.04937744140625,0.0
6104.904900384236,-8.968597412109375,0.0
6105.880785563319,-10.7103271484375,0.0
6106.8566707424,-15.485198974609375,0.0
6107.832555921483,-5.744598388671875,0.0
6108.808441100564,-0.96539306640625,0.0
6109.784326279646,-9.209747314453125,0.0
6110.760211458728,-6.81646728515625,0.0
6111.73609663781,0.649566650390625,0.0
6112.711981816892,-7.11651611328125,0.0
6113.687866995974,-0.0283203125,0.0
6114.663752175056,-10.120391845703125,0.0
6115.639637354137,2.227691650390625,0.0
6116.61552253322,0.0751953125,0.0
6117.591407712302,12.3985595703125,0.0
6118.567292891385,2.4527587890625,0.0
6119.543178070466,-3.927642822265625,0.0
6120.519063249549,-7.9656982421875,0.0
6121.49494842863,-20.049896240234375,0.0
6122.470833607712,1.91583251953125,0.0
6123.446718786794,25.305419921875,0.0
6124.422603965876,22.75286865234375,0.0
6125.398489144958,13.443939208984375,0.0
6126.37437432404,18.077728271484375,0.0
6127.350259503122,12.6678466796875,0.0
6128.326144682203,7.320343017578125,0.0
6129.302029861286,7.86895751953125,0.0
6130.277915040368,13.164947509765625,0.0
6131.253800219451,16.238189697265625,0.0
6132.229685398532,17.544830322265625,0.0
6133.205570577615,8.19207763671875,0.0
6134.181455756696,13.885498046875,0.0
6135.157340935778,-1.439239501953125,0.0
6136.13322611486,-5.40142822265625,0.0
6137.109111293942,-9.113861083984375,0.0
6138.084996473024,-1.885467529296875,0.0
6139.060881652106,-8.441650390625,0.0
6140.036766831188,-9.603912353515625,0.0
6141.012652010269,-10.71435546875,0.0
6141.988537189352,4.84588623046875,0.0
6142.964422368434,5.086273193359375,0.0
6143.940307547517,-1.3651123046875,0.0
6144.916192726598,-6.562408447265625,0.0
6145.892077905681,-0.2681884765625,0.0
6146.867963084762,13.71484375,0.0
6147.843848263844,2.6884765625,0.0
6148.819733442926,6.840667724609375,0.0
6149.795618622008,3.25860595703125,0.0
6150.77150380109,1.128662109375,0.0
6151.747388980172,-1.477874755859375,0.0
6152.723274159254,6.369293212890625,0.0
6153.699159338335,-1.207427978515625,0.0
6154.675044517418,-11.49688720703125,0.0
6155.6509296965,3.3564453125,0.0
6156.626814875583,-7.12457275390625,0.0
6157.602700054664,2.6796875,0.0
6158.578585233747,1.686431884765625,0.0
6159.554470412828,-15.73638916015625,0.0
6160.53035559191,-18.877960205078125,0.0
6161.506240770992,4.552093505859375,0.0
6162.482125950074,-7.96160888671875,0.0
6163.458011129156,-25.370269775390625,0.0
6164.433896308238,-16.9207763671875,0.0
6165.40978148732,-13.394927978515625,0.0
6166.385666666401,-15.962493896484375,0.0
6167.361551845484,-9.74420166015625,0.0
6168.337437024566,1.3665771484375,0.0
6169.313322203649,-7.8653564453125,0.0
6170.28920738273,2.127655029296875,0.0
6171.265092561813,4.5753173828125,0.0
6172.240977740894,2.6474609375,0.0
6173.216862919976,12.91973876953125,0.0
6174.192748099058,16.61663818359375,0.0
6175.16863327814,21.0679931640625,0.0
6176.144518457222,8.55950927734375,0.0
6177.120403636304,7.127960205078125,0.0
6178.096288815386,6.96832275390625,0.0
6179.072173994467,11.24853515625,0.0
6180.04805917355,2.945220947265625,0.0
6181.023944352632,-3.832763671875,0.0
6181.999829531715,-8.454818725585938,0.0
6182.975714710796,4.5595703125,0.0
6183.951599889879,6.6766510009765625,0.0
6184.92748506896,-0.25238037109375,0.0
6185.903370248042,-5.90283203125,0.0
6186.879255427124,0.0,0.0
6187.855140606206,5.505584716796875,0.0
6188.831025785288,-3.879730224609375,0.0
6189.80691096437,-7.12786865234375,0.0
6190.782796143452,-11.828826904296875,0.0
6191.758681322533,-7.794586181640625,0.0
6192.734566501616,-4.60888671875,0.0
6193.710451680698,-7.523468017578125,0.0
6194.686336859781,-5.45684814453125,0.0
6195.662222038862,0.0,0.0
6196.638107217945,0.0,0.0
6197.613992397026,-3.487152099609375,0.0
6198.589877576108,2.61077880859375,0.0
6199.56576275519,12.77581787109375,0.0
6200.541647934272,10.864959716796875,0.0
6201.517533113354,-5.4044189453125,0.0
6202.493418292436,2.198699951171875,0.0
6203.469303471518,8.7728271484375,0.0
6204.445188650599,10.546539306640625,0.0
6205.421073829682,5.18719482421875,0.0
6206.396959008764,3.132415771484375,0.0
6207.372844187847,-3.37847900390625,0.0
6208.348729366928,11.592010498046875,0.0
6209.324614546011,16.466278076171875,0.0
6210.300499725092,4.067840576171875,0.0
6211.276384904174,-0.45526123046875,0.0
6212.252270083256,13.796356201171875,0.0
6213.228155262338,-0.05865478515625,0.0
6214.20404044142,11.311614990234375,0.0
6215.179925620502,-0.098175048828125,0.0
6216.155810799584,-21.98004150390625,0.0
6217.131695978665,1.2926025390625,0.0
6218.107581157748,0.58538818359375,0.0
6219.08346633683,-12.86749267578125,0.0
6220.059351515913,-10.23382568359375,0.0
6221.035236694994,0.225830078125,0.0
6222.011121874077,-6.49566650390625,0.0
6222.987007053158,-0.69439697265625,0.0
6223.96289223224,10.32098388671875,0.0
6224.938777411322,14.464019775390625,0.0
6225.914662590404,8.2711181640625,0.0
6226.890547769486,-0.826812744140625,0.0
6227.866432948568,0.0,0.0
6228.84231812765,1.777679443359375,0.0
6229.818203306731,-6.4959716796875,0.0
6230.794088485814,-6.267364501953125,0.0
6231.769973664896,-10.115478515625,0.0
6232.745858843979,-4.659637451171875,0.0
6233.72174402306,0.0,0.0
6234.697629202143,1.50140380859375,0.0
6235.673514381224,7.12115478515625,0.0
6236.649399560306,10.6575927734375,0.0
6237.625284739388,14.781341552734375,0.0
6238.60116991847,-1.74957275390625,0.0
6239.577055097552,-5.138702392578125,0.0
6240.552940276634,-3.41278076171875,0.0
6241.528825455716,-1.19793701171875,0.0
6242.504710634797,-12.983245849609375,0.0
6243.48059581388,-13.822723388671875,0.0
6244.456480992962,-17.793609619140625,0.0
6245.432366172045,-2.3465576171875,0.0
6246.408251351126,1.426055908203125,0.0
6247.384136530209,0.186004638671875,0.0
6248.36002170929,-9.42840576171875,0.0
6249.335906888372,-6.239898681640625,0.0
6250.311792067454,-9.80560302734375,0.0
6251.287677246536,-9.287109375,0.0
6252.263562425618,3.472991943359375,0.0
6253.2394476047,14.39849853515625,0.0
6254.215332783782,-0.1881103515625,0.0
6255.191217962863,-13.5010986328125,0.0
6256.167103141946,-5.239288330078125,0.0
6257.142988321028,9.380401611328125,0.0
6258.118873500111,-9.720306396484375,0.0
6259.094758679192,-2.256988525390625,0.0
6260.070643858275,-3.04736328125,0.0
6261.046529037356,-4.503387451171875,0.0
6262.022414216438,-3.717742919921875,0.0
6262.99829939552,2.720977783203125,0.0
6263.974184574602,-3.7567138671875,0.0
6264.950069753684,-3.445770263671875,0.0
6265.925954932766,-8.0494384765625,0.0
6266.901840111848,-11.680526733398438,0.0
6267.877725290929,-8.930755615234375,0.0
6268.853610470012,-6.584808349609375,0.0
6269.829495649094,1.911834716796875,0.0
6270.805380828177,9.525787353515625,0.0
6271.781266007258,-4.9700164794921875,0.0
6272.757151186341,11.305282592773438,0.0
6273.733036365422,3.5307769775390625,0.0
6274.708921544504,6.9395751953125,0.0
6275.684806723586,14.62017822265625,0.0
6276.660691902668,2.2843780517578125,0.0
6277.63657708175,0.278564453125,0.0
6278.612462260832,1.673065185546875,0.0
6279.588347439914,-4.2750244140625,0.0
6280.564232618995,-1.1532745361328125,0.0
6281.540117798078,-4.6176910400390625,0.0
6282.51600297716,-4.579193115234375,0.0
6283.491888156243,-11.93365478515625,0.0
6284.467773335324,-12.810760498046875,0.0
6285.443658514407,6.631011962890625,0.0
6286.419543693488,5.702423095703125,0.0
6287.39542887257,13.177001953125,0.0
6288.371314051652,-5.7150421142578125,0.0
6289.347199230734,-3.9281005859375,0.0
6290.323084409816,4.731658935546875,0.0
6291.298969588898,-2.3736572265625,0.0
6292.27485476798,-4.11871337890625,0.0
6293.250739947061,0.730926513671875,0.0
6294.226625126144,6.53802490234375,0.0
6295.202510305226,-6.1812744140625,0.0
6296.178395484309,1.172821044921875,0.0
6297.15428066339,20.6341552734375,0.0
6298.130165842473,26.770477294921875,0.0
6299.106051021554,25.3046875,0.0
6300.081936200636,27.225341796875,0.0
6301.057821379718,36.850677490234375,0.0
6302.0337065588,29.201873779296875,0.0
6303.009591737882,20.737213134765625,0.0
6303.985476916964,16.25482177734375,0.0
6304.961362096046,12.9053955078125,0.0
6305.937247275127,8.3485107421875,0.0
6306.91313245421,8.191619873046875,0.0
6307.889017633292,6.9317626953125,0.0
6308.864902812375,6.61578369140625,0.0
6309.840787991456,14.295379638671875,0.0
6310.816673170539,2.267730712890625,0.0
6311.79255834962,5.2591552734375,0.0
6312.768443528702,-3.2742919921875,0.0
6313.744328707784,-6.298309326171875,0.0
6314.720213886866,-1.954559326171875,0.0
6315.696099065948,-1.4122314453125,0.0
6316.67198424503,-4.25164794921875,0.0
6317.647869424112,-9.044769287109375,0.0
6318.623754603193,-7.933349609375,0.0
6319.599639782276,9.0767822265625,0.0
6320.575524961358,-2.721221923828125,0.0
6321.551410140441,2.781494140625,0.0
6322.527295319522,3.996337890625,0.0
6323.503180498605,0.0,0.0
6324.479065677686,-17.209625244140625,0.0
6325.454950856768,-11.673004150390625,0.0
6326.43083603585,2.697265625,0.0
6327.406721214932,-6.85028076171875,0.0
6328.382606394014,-2.6317138671875,0.0
6329.358491573096,5.529937744140625,0.0
6330.334376752178,-1.241180419921875,0.0
6331.310261931259,11.399154663085938,0.0
6332.286147110342,-0.8120269775390625,0.0
6333.262032289424,-3.9820556640625,0.0
6334.237917468507,-0.0581207275390625,0.0
6335.213802647588,3.9779510498046875,0.0
6336.189687826671,10.042816162109375,0.0
6337.165573005752,-6.8517913818359375,0.0
6338.141458184834,-14.18682861328125,0.0
6339.117343363916,-3.330596923828125,0.0
6340.093228542998,-9.10235595703125,0.0
6341.06911372208,-10.224700927734375,0.0
6342.044998901162,0.388641357421875,0.0
6343.020884080244,0.67291259765625,0.0
6343.996769259325,-0.797637939453125,0.0
6344.972654438408,-0.163818359375,0.0
6345.94853961749,0.163818359375,0.0
6346.924424796573,5.8544921875,0.0
6347.900309975654,6.0289306640625,0.0
6348.876195154737,4.9798583984375,0.0
6349.852080333818,-4.5172119140625,0.0
6350.8279655129,0.77459716796875,0.0
6351.803850691982,6.836669921875,0.0
6352.779735871064,2.099884033203125,0.0
6353.755621050146,1.55816650390625,0.0
6354.731506229228,-1.26593017578125,0.0
6355.70739140831,-6.474578857421875,0.0
6356.683276587391,-14.287689208984375,0.0
6357.659161766474,0.0,0.0
6358.635046945556,-5.7349853515625,0.0
6359.610932124639,-8.087646484375,0.0
6360.58681730372,-3.435546875,0.0
6361.562702482803,-9.113372802734375,0.0
6362.538587661884,1.988189697265625,0.0
6363.514472840966,6.262237548828125,0.0
6364.490358020048,1.8973388671875,0.0
6365.46624319913,-1.647857666015625,0.0
6366.442128378212,-0.17327880859375,0.0
6367.418013557294,0.848541259765625,0.0
6368.393898736376,8.19140625,0.0
6369.369783915457,7.09033203125,0.0
6370.34566909454,2.5240478515625,0.0
6371.321554273622,-0.8255615234375,0.0
6372.297439452705,13.22406005859375,0.0
6373.273324631786,6.042633056640625,0.0
6374.249209810869,-0.257476806640625,0.0
6375.22509498995,-1.04412841796875,0.0
6376.200980169032,-5.126739501953125,0.0
6377.176865348114,7.330841064453125,0.0
6378.152750527196,8.14959716796875,0.0
6379.128635706278,-0.58050537109375,0.0
6380.10452088536,-8.338653564453125,0.0
6381.080406064442,-14.530502319335938,0.0
6382.056291243523,3.18975830078125,0.0
6383.032176422606,2.00311279296875,0.0
6384.008061601688,2.962249755859375,0.0
6384.983946780771,-1.4041748046875,0.0
6385.959831959852,-1.315643310546875,0.0
6386.935717138935,9.2960205078125,0.0
6387.911602318016,11.95037841796875,0.0
6388.887487497098,8.1092529296875,0.0
6389.86337267618,4.476837158203125,0.0
6390.839257855262,4.81390380859375,0.0
6391.815143034344,0.259368896484375,0.0
6392.791028213426,6.13665771484375,0.0
6393.766913392508,-2.60687255859375,0.0
6394.742798571589,-2.63946533203125,0.0
6395.718683750672,-3.144805908203125,0.0
6396.694568929754,-8.830078125,0.0
6397.670454108837,0.0,0.0
6398.646339287918,4.493743896484375,0.0
6399.622224467001,3.464996337890625,0.0
6400.598109646082,-1.551910400390625,0.0
6401.573994825164,3.19244384765625,0.0
6402.549880004246,11.3370361328125,0.0
6403.525765183328,0.3880615234375,0.0
6404.50165036241,-3.43780517578125,0.0
6405.477535541492,1.121002197265625,0.0
6406.453420720574,0.151702880859375,0.0
6407.429305899655,-3.718292236328125,0.0
6408.405191078738,-2.5050201416015625,0.0
6409.38107625782,1.212310791015625,0.0
6410.356961436903,2.14813232421875,0.0
6411.332846615984,-1.771514892578125,0.0
6412.308731795067,0.0,0.0
6413.284616974148,2.431182861328125,0.0
6414.26050215323,-7.43524169921875,0.0
6415.236387332312,-10.846160888671875,0.0
6416.212272511394,-13.52069091796875,0.0
6417.188157690476,-4.2071075439453125,0.0
6418.164042869558,-1.004608154296875,0.0
6419.13992804864,-0.8583221435546875,0.0
6420.115813227721,-2.826324462890625,0.0
6421.091698406804,5.5176849365234375,0.0
6422.067583585886,1.7195892333984375,0.0
6423.043468764969,-1.4354248046875,0.0
6424.01935394405,-0.439697265625,0.0
6424.995239123133,6.9282684326171875,0.0
6425.971124302214,10.94940185546875,0.0
6426.947009481296,11.143722534179688,0.0
6427.922894660378,-0.2527008056640625,0.0
6428.89877983946,1.300933837890625,0.0
6429.874665018542,-1.261199951171875,0.0
6430.850550197624,-3.0901947021484375,0.0
6431.826435376706,-6.97320556640625,0.0
6432.802320555787,8.598175048828125,0.0
6433.77820573487,2.319244384765625,0.0
6434.754090913952,1.2348175048828125,0.0
6435.729976093035,-2.6236114501953125,0.0
6436.705861272116,0.0,0.0
6437.681746451199,-5.854278564453125,0.0
6438.65763163028,-5.02252197265625,0.0
6439.633516809362,2.2812957763671875,0.0
6440.609401988444,-0.2574005126953125,0.0
6441.585287167526,-1.722320556640625,0.0
6442.561172346608,0.7042999267578125,0.0
6443.53705752569,-1.9706802368164062,0.0
6444.512942704772,0.582733154296875,0.0
6445.488827883853,2.2609710693359375,0.0
6446.464713062936,-6.824211120605469,0.0
6447.440598242018,-0.2277679443359375,0.0
6448.416483421101,4.867919921875,0.0
6449.392368600182,-6.5727691650390625,0.0
6450.368253779265,-7.9193267822265625,0.0
6451.344138958346,-3.63482666015625,0.0
6452.320024137428,-5.54827880859375,0.0
6453.29590931651,-0.231842041015625,0.0
6454.271794495592,-5.677459716796875,0.0
6455.247679674674,-2.7560882568359375,0.0
6456.223564853756,1.29876708984375,0.0
6457.199450032838,-2.079833984375,0.0
6458.175335211919,6.8095550537109375,0.0
6459.151220391002,2.5921783447265625,0.0
6460.127105570084,-4.939361572265625,0.0
6461.102990749167,-3.8550796508789062,0.0
6462.078875928248,-6.0045623779296875,0.0
6463.054761107331,-15.128395080566406,0.0
6464.030646286412,-0.6894683837890625,0.0
6465.006531465494,0.7451324462890625,0.0
6465.982416644576,-7.7490386962890625,0.0
6466.958301823658,11.053573608398438,0.0
6467.93418700274,5.739677429199219,0.0
6468.910072181822,2.69903564453125,0.0
6469.885957360904,12.874526977539062,0.0
6470.861842539985,9.44580078125,0.0
6471.837727719068,3.0464324951171875,0.0
6472.81361289815,1.0451812744140625,0.0
6473.789498077233,1.010406494140625,0.0
6474.765383256314,0.0,0.0
6475.741268435397,8.6275634765625,0.0
6476.717153614478,5.591796875,0.0
6477.69303879356,9.76971435546875,0.0
6478.668923972642,5.77789306640625,0.0
6479.644809151724,6.19305419921875,0.0
6480.620694330806,0.5804443359375,0.0
6481.596579509888,-9.042160034179688,0.0
6482.57246468897,2.51190185546875,0.0
6483.548349868051,-0.3728790283203125,0.0
6484.524235047134,-5.7408447265625,0.0
6485.500120226216,-4.658416748046875,0.0
6486.476005405299,-4.95513916015625,0.0
6487.45189058438,0.8146209716796875,0.0
6488.427775763463,-0.3390045166015625,0.0
6489.403660942544,-1.656829833984375,0.0
6490.379546121626,1.4305419921875,0.0
6491.355431300708,-4.465911865234375,0.0
6492.33131647979,-13.167984008789062,0.0
6493.307201658872,-5.530548095703125,0.0
6494.283086837954,-8.030105590820312,0.0
6495.258972017036,-16.736831665039062,0.0
6496.234857196117,-20.524124145507812,0.0
6497.2107423752,-14.229568481445312,0.0
6498.186627554282,-12.919921875,0.0
6499.162512733365,-5.3249359130859375,0.0
6500.138397912446,-3.1124114990234375,0.0
6501.114283091529,4.6534881591796875,0.0
6502.09016827061,4.775970458984375,0.0
6503.066053449692,-5.3992156982421875,0.0
6504.041938628774,1.0831146240234375,0.0
6505.017823807856,4.0102996826171875,0.0
6505.993708986938,7.5375518798828125,0.0
6506.96959416602,3.256561279296875,0.0
6507.945479345102,7.4842529296875,0.0
6508.921364524183,2.621063232421875,0.0
6509.897249703266,-3.6208038330078125,0.0
6510.873134882348,-0.7941131591796875,0.0
6511.849020061431,5.8507843017578125,0.0
6512.824905240512,0.6361236572265625,0.0
6513.800790419595,-0.7220840454101562,0.0
6514.776675598676,6.2066650390625,0.0
6515.752560777758,4.941139221191406,0.0
6516.72844595684,0.1669769287109375,0.0
6517.704331135922,0.24584197998046875,0.0
6518.680216315004,1.6748809814453125,0.0
6519.656101494086,-3.131134033203125,0.0
6520.631986673168,-0.0762939453125,0.0
6521.607871852249,-0.4388885498046875,0.0
6522.583757031332,0.14019012451171875,0.0
6523.559642210414,1.74481201171875,0.0
6524.535527389497,1.08966064453125,0.0
6525.511412568578,-3.620819091796875,0.0
6526.487297747661,4.169929504394531,0.0
6527.463182926742,-5.1849517822265625,0.0
6528.439068105824,1.7003631591796875,0.0
6529.414953284906,0.62713623046875,0.0
6530.390838463988,-0.37021636962890625,0.0
6531.36672364307,-0.7774810791015625,0.0
6532.342608822152,-0.5326995849609375,0.0
6533.318494001234,-5.7197265625,0.0
6534.294379180315,-13.943885803222656,0.0
6535.270264359398,-4.7021484375,0.0
6536.24614953848,5.472686767578125,0.0
6537.222034717563,-9.13092041015625,0.0
6538.197919896644,-11.546295166015625,0.0
6539.173805075727,-2.229400634765625,0.0
6540.149690254808,-9.135482788085938,0.0
6541.12557543389,-5.4715423583984375,0.0
6542.101460612972,-3.7065048217773438,0.0
6543.077345792054,8.320762634277344,0.0
6544.053230971136,24.09387969970703,0.0
6545.029116150218,32.855491638183594,0.0
6546.0050013293,48.72358703613281,0.0
6546.980886508381,69.22926330566406,0.0
6547.956771687464,83.72105407714844,0.0
6548.932656866546,93.68666076660156,0.0
6549.908542045629,83.38215637207031,0.0
6550.88442722471,46.79363250732422,0.0
6551.860312403793,33.230804443359375,0.0
6552.836197582874,17.849090576171875,0.0
6553.812082761956,0.0,0.0
6554.787967941038,-3.3175811767578125,0.0
6555.76385312012,-6.296356201171875,0.0
6556.739738299202,17.616851806640625,0.0
6557.715623478284,77.18824768066406,0.0
6558.691508657366,146.01661682128906,0.0
6559.667393836447,271.9956512451172,0.0
6560.64327901553,438.95423889160156,0.0
6561.619164194612,597.4828643798828,0.0
6562.595049373695,695.9541778564453,0.0
6563.570934552776,697.1065216064453,0.0
6564.546819731859,594.0117950439453,0.0
6565.52270491094,433.86109924316406,0.0
6566.498590090022,275.8629913330078,0.0
6567.474475269104,143.24815368652344,0.0
6568.450360448186,64.82594299316406,0.0
6569.426245627268,12.447662353515625,0.0
6570.40213080635,-13.081512451171875,0.0
6571.378015985432,-21.053985595703125,0.0
6572.353901164513,-20.499908447265625,0.0
6573.329786343596,-24.060348510742188,0.0
6574.305671522678,-26.493942260742188,0.0
6575.281556701761,-21.177459716796875,0.0
6576.257441880842,-13.452163696289062,0.0
6577.233327059925,-11.958816528320312,0.0
6578.209212239006,18.43328857421875,0.0
6579.185097418088,47.62144470214844,0.0
6580.16098259717,92.36865234375,0.0
6581.136867776252,156.13760375976562,0.0
6582.112752955334,220.23089599609375,0.0
6583.088638134416,263.63185119628906,0.0
6584.064523313498,275.854248046875,0.0
6585.040408492579,239.3407745361328,0.0
6586.016293671662,189.31959533691406,0.0
6586.992178850744,145.7435760498047,0.0
6587.968064029827,81.10189819335938,0.0
6588.943949208908,40.219482421875,0.0
6589.919834387991,17.9326171875,0.0
6590.895719567072,-14.0697021484375,0.0
6591.871604746154,-13.95404052734375,0.0
6592.847489925236,4.5010833740234375,0.0
6593.823375104318,2.25518798828125,0.0
6594.7992602834,-4.0262451171875,0.0
6595.775145462482,-13.253143310546875,0.0
6596.751030641564,4.173271179199219,0.0
6597.726915820645,10.92132568359375,0.0
6598.702800999728,8.885116577148438,0.0
6599.67868617881,15.285797119140625,0.0
6600.654571357893,2.8368988037109375,0.0
6601.630456536974,-1.344573974609375,0.0
6602.606341716057,-8.864532470703125,0.0
6603.582226895138,-4.7890625,0.0
6604.55811207422,2.856048583984375,0.0
6605.533997253302,1.0909423828125,0.0
6606.509882432384,-3.8275909423828125,0.0
6607.485767611466,2.2033538818359375,0.0
6608.461652790548,-6.5748443603515625,0.0
6609.43753796963,-6.10577392578125,0.0
6610.413423148711,0.0,0.0
6611.389308327794,-3.42572021484375,0.0
6612.365193506876,2.357574462890625,0.0
6613.341078685959,4.816612243652344,0.0
6614.31696386504,7.320770263671875,0.0
6615.292849044123,5.428565979003906,0.0
6616.268734223204,11.624343872070312,0.0
6617.244619402286,2.3687973022460938,0.0
6618.220504581368,4.639312744140625,0.0
6619.19638976045,5.552131652832031,0.0
6620.172274939532,-3.166534423828125,0.0
6621.148160118614,1.044189453125,0.0
6622.124045297696,8.184844970703125,0.0
6623.099930476777,3.1808624267578125,0.0
6624.07581565586,6.6544342041015625,0.0
6625.051700834942,5.9653778076171875,0.0
6626.027586014025,3.774658203125,0.0
6627.003471193106,-4.3939208984375,0.0
6627.979356372189,-0.5331573486328125,0.0
6628.95524155127,-4.17767333984375,0.0
6629.931126730352,-4.80194091796875,0.0
6630.907011909434,-2.8859405517578125,0.0
6631.882897088516,-12.8822021484375,0.0
6632.858782267598,-10.531967163085938,0.0
6633.83466744668,-10.139572143554688,0.0
6634.810552625762,-21.82305908203125,0.0
6635.786437804843,4.8096160888671875,0.0
6636.762322983926,16.024215698242188,0.0
6637.738208163008,-2.31396484375,0.0
6638.714093342091,-14.767135620117188,0.0
6639.689978521172,-2.008453369140625,0.0
6640.665863700255,2.32281494140625,0.0
6641.641748879336,-6.53900146484375,0.0
6642.617634058418,4.291595458984375,0.0
6643.5935192375,8.623123168945312,0.0
6644.569404416582,2.1966400146484375,0.0
6645.545289595664,-10.299819946289062,0.0
6646.521174774746,-6.451995849609375,0.0
6647.497059953828,1.3379974365234375,0.0
6648.472945132909,4.5692901611328125,0.0
6649.448830311992,12.253448486328125,0.0
6650.424715491074,6.0811309814453125,0.0
6651.400600670157,-0.149566650390625,0.0
6652.376485849238,8.49755859375,0.0
6653.352371028321,5.3350982666015625,0.0
6654.328256207402,4.1169281005859375,0.0
6655.304141386484,7.0124359130859375,0.0
6656.280026565566,0.550872802734375,0.0
6657.255911744648,-1.771728515625,0.0
6658.23179692373,-1.359710693359375,0.0
6659.207682102812,-7.26898193359375,0.0
6660.183567281894,-4.6160736083984375,0.0
6661.159452460975,1.376861572265625,0.0
6662.135337640058,1.723236083984375,0.0
6663.11122281914,-13.565277099609375,0.0
6664.087107998223,-4.0854339599609375,0.0
6665.062993177304,12.078018188476562,0.0
6666.038878356387,-1.8542633056640625,0.0
6667.014763535468,-1.9141998291015625,0.0
6667.99064871455,0.0,0.0
6668.966533893632,-1.7704620361328125,0.0
6669.942419072714,-6.817840576171875,0.0
6670.918304251796,-5.7067413330078125,0.0
6671.894189430878,-1.071441650390625,0.0
6672.87007460996,-10.0997314453125,0.0
6673.845959789041,0.699676513671875,0.0
6674.821844968124,2.28143310546875,0.0
6675.797730147206,-4.6657867431640625,0.0
6676.773615326289,9.054000854492188,0.0
6677.74950050537,19.082168579101562,0.0
6678.725385684453,14.680549621582031,0.0
6679.701270863534,15.42327880859375,0.0
6680.677156042616,7.030128479003906,0.0
6681.653041221698,1.7633209228515625,0.0
6682.62892640078,0.05587005615234375,0.0
6683.604811579862,0.7546234130859375,0.0
6684.580696758944,-2.7200546264648438,0.0
6685.556581938026,-3.7730255126953125,0.0
6686.532467117107,-8.307571411132812,0.0
6687.50835229619,-1.938323974609375,0.0
6688.484237475272,-1.5799407958984375,0.0
6689.460122654355,-1.17724609375,0.0
6690.436007833436,-5.8795013427734375,0.0
6691.411893012519,-7.51043701171875,0.0
6692.3877781916,1.5102996826171875,0.0
6693.363663370682,8.9656982421875,0.0
6694.339548549764,-1.0342788696289062,0.0
6695.315433728846,-3.4441680908203125,0.0
6696.291318907928,11.147468566894531,0.0
6697.26720408701,4.9611663818359375,0.0
6698.243089266092,-4.582435607910156,0.0
6699.218974445173,-1.78387451171875,0.0
6700.194859624256,-8.137786865234375,0.0
6701.170744803338,-14.362106323242188,0.0
6702.146629982421,-7.326263427734375,0.0
6703.122515161502,-7.50146484375,0.0
6704.098400340585,-4.778778076171875,0.0
6705.074285519666,-5.5869140625,0.0
6706.050170698748,-11.017242431640625,0.0
6707.02605587783,-11.772720336914062,0.0
6708.001941056912,-5.839080810546875,0.0
6708.977826235994,3.747222900390625,0.0
6709.953711415076,3.22003173828125,0.0
6710.929596594158,7.2015228271484375,0.0
6711.905481773239,13.151931762695312,0.0
6712.881366952322,28.419769287109375,0.0
6713.857252131404,53.384246826171875,0.0
6714.833137310487,82.46830749511719,0.0
6715.809022489568,100.83515930175781,0.0
6716.784907668651,103.23236083984375,0.0
6717.760792847732,105.75209045410156,0.0
6718.736678026814,79.9306640625,0.0
6719.712563205896,46.871124267578125,0.0
6720.688448384978,23.912429809570312,0.0
6721.66433356406,5.66839599609375,0.0
6722.640218743142,5.1999053955078125,0.0
6723.616103922224,12.22991943359375,0.0
6724.591989101305,19.13104248046875,0.0
6725.567874280388,6.4193572998046875,0.0
6726.54375945947,8.638916015625,0.0
6727.519644638553,16.475982666015625,0.0
6728.495529817634,41.24540710449219,0.0
6729.471414996717,73.24995422363281,0.0
6730.447300175798,81.47859191894531,0.0
6731.42318535488,77.72731018066406,0.0
6732.399070533962,67.99842834472656,0.0
6733.374955713044,47.590728759765625,0.0
6734.350840892126,39.18800354003906,0.0
6735.326726071208,23.081497192382812,0.0
6736.30261125029,7.87615966796875,0.0
6737.278496429371,0.6666412353515625,0.0
6738.254381608454,0.0,0.0
6739.230266787536,-8.935623168945312,0.0
6740.206151966619,-16.737655639648438,0.0
6741.1820371457,-9.8250732421875,0.0
6742.157922324783,-3.0294189453125,0.0
6743.133807503864,0.0,0.0
6744.109692682946,0.0,0.0
6745.085577862028,-8.627838134765625,0.0
6746.06146304111,-6.567138671875,0.0
6747.037348220192,-0.089569091796875,0.0
6748.013233399274,-4.0811309814453125,0.0
6748.989118578356,-5.5248870849609375,0.0
6749.965003757437,1.3912353515625,0.0
6750.94088893652,1.3354873657226562,0.0
6751.916774115602,-2.29119873046875,0.0
6752.892659294685,-10.380119323730469,0.0
6753.868544473766,-5.837677001953125,0.0
6754.844429652849,10.551567077636719,0.0
6755.82031483193,-3.1560134887695312,0.0
6756.796200011012,-4.6888427734375,0.0
6757.772085190094,4.395233154296875,0.0
6758.747970369176,0.6101531982421875,0.0
6759.723855548258,3.2100677490234375,0.0
6760.69974072734,9.7540283203125,0.0
6761.675625906422,9.406661987304688,0.0
6762.651511085503,11.240280151367188,0.0
6763.627396264586,2.2819747924804688,0.0
6764.603281443668,3.7608642578125,0.0
6765.579166622751,-4.765357971191406,0.0
6766.555051801832,-0.9322662353515625,0.0
6767.530936980915,-7.064109802246094,0.0
6768.506822159996,-3.10809326171875,0.0
6769.482707339078,-6.0023956298828125,0.0
6770.45859251816,-2.2170257568359375,0.0
6771.434477697242,-0.6525115966796875,0.0
6772.410362876324,6.36822509765625,0.0
6773.386248055406,6.567138671875,0.0
6774.362133234488,0.64306640625,0.0
6775.338018413569,1.37542724609375,0.0
6776.313903592652,1.564849853515625,0.0
6777.289788771734,-0.7729034423828125,0.0
6778.265673950817,1.69683837890625,0.0
6779.241559129898,4.1215667724609375,0.0
6780.217444308981,0.65399169921875,0.0
6781.193329488062,-5.2464447021484375,0.0
6782.169214667144,1.7044525146484375,0.0
6783.145099846226,0.56048583984375,0.0
6784.120985025308,-11.752944946289062,0.0
6785.09687020439,0.202911376953125,0.0
6786.072755383472,8.865707397460938,0.0
6787.048640562554,0.6294403076171875,0.0
6788.024525741635,2.950347900390625,0.0
6789.000410920718,-10.141464233398438,0.0
6789.9762960998,-12.972686767578125,0.0
6790.952181278883,-9.390411376953125,0.0
6791.928066457964,-12.722549438476562,0.0
6792.903951637047,-7.585357666015625,0.0
6793.879836816128,0.0,0.0
6794.85572199521,-3.6624908447265625,0.0
6795.831607174292,-1.2916259765625,0.0
6796.807492353374,-0.969879150390625,0.0
6797.783377532456,-3.9891357421875,0.0
6798.759262711538,1.811920166015625,0.0
6799.73514789062,-10.009170532226562,0.0
6800.711033069701,2.0460968017578125,0.0
6801.686918248784,-12.222412109375,0.0
6802.662803427866,-12.120513916015625,0.0
6803.638688606949,-0.4013824462890625,0.0
6804.61457378603,-1.4032135009765625,0.0
6805.590458965113,-2.6521453857421875,0.0
6806.566344144194,-4.2404937744140625,0.0
6807.542229323276,0.6736907958984375,0.0
6808.518114502358,-0.01715087890625,0.0
6809.49399968144,0.2153167724609375,0.0
6810.469884860522,-2.3926849365234375,0.0
6811.445770039604,3.4697265625,0.0
6812.421655218686,14.853286743164062,0.0
6813.397540397767,4.8189239501953125,0.0
6814.37342557685,8.818557739257812,0.0
6815.349310755932,-3.4380340576171875,0.0
6816.325195935015,1.995147705078125,0.0
6817.301081114096,0.0,0.0
6818.276966293179,-0.527862548828125,0.0
6819.25285147226,-7.932373046875,0.0
6820.228736651342,2.6048431396484375,0.0
6821.204621830424,5.0320892333984375,0.0
6822.180507009506,9.045166015625,0.0
6823.156392188588,3.0631103515625,0.0
6824.13227736767,7.5554046630859375,0.0
6825.108162546752,4.4269866943359375,0.0
6826.084047725833,0.730682373046875,0.0
6827.059932904916,3.134735107421875,0.0
6828.035818083998,-2.226654052734375,0.0
6829.011703263081,-3.5099334716796875,0.0
6829.987588442162,-6.0461273193359375,0.0
6830.963473621245,-7.0074310302734375,0.0
6831.939358800326,1.0694732666015625,0.0
6832.915243979408,-0.3361663818359375,0.0
6833.89112915849,-2.304473876953125,0.0
6834.867014337572,-0.18865966796875,0.0
6835.842899516654,2.2115631103515625,0.0
6836.818784695736,10.218154907226562,0.0
6837.794669874818,0.658721923828125,0.0
6838.770555053899,-7.8565216064453125,0.0
6839.746440232982,-6.69744873046875,0.0
6840.722325412064,-13.731216430664062,0.0
6841.698210591147,-3.28253173828125,0.0
6842.674095770228,6.6512603759765625,0.0
6843.649980949311,-2.8778228759765625,0.0
6844.625866128392,2.2666015625,0.0
6845.601751307474,2.37799072265625,0.0
6846.577636486556,3.7771148681640625,0.0
6847.553521665638,6.0975189208984375,0.0
6848.52940684472,1.46722412109375,0.0
6849.505292023802,10.09991455078125,0.0
6850.481177202884,8.051742553710938,0.0
6851.457062381965,-6.713104248046875,0.0
6852.432947561048,-7.2467803955078125,0.0
6853.40883274013,-7.532623291015625,0.0
6854.384717919213,-4.56890869140625,0.0
6855.360603098294,0.30716705322265625,0.0
6856.336488277377,0.02581787109375,0.0
6857.312373456458,3.4095001220703125,0.0
6858.28825863554,6.0741729736328125,0.0
6859.264143814622,2.902862548828125,0.0
6860.240028993704,-6.0962982177734375,0.0
6861.215914172786,-11.831039428710938,0.0
6862.191799351868,-5.467803955078125,0.0
6863.16768453095,1.90399169921875,0.0
6864.143569710031,0.9063720703125,0.0
6865.119454889114,0.8388519287109375,0.0
6866.095340068196,3.6843414306640625,0.0
6867.071225247279,4.31219482421875,0.0
6868.04711042636,4.2850494384765625,0.0
6869.022995605443,-0.5103225708007812,0.0
6869.998880784524,-6.764518737792969,0.0
6870.974765963606,-0.165985107421875,0.0
6871.950651142688,3.1171417236328125,0.0
6872.92653632177,-6.7992401123046875,0.0
6873.902421500852,-8.198028564453125,0.0
6874.878306679934,-1.0321502685546875,0.0
6875.854191859016,-2.5753936767578125,0.0
6876.830077038097,1.49273681640625,0.0
6877.80596221718,8.203460693359375,0.0
6878.781847396262,2.5044403076171875,0.0
6879.757732575345,-6.431892395019531,0.0
6880.733617754426,3.7507476806640625,0.0
6881.709502933509,5.033233642578125,0.0
6882.68538811259,-6.673187255859375,0.0
6883.661273291672,-0.16156005859375,0.0
6884.637158470754,-4.4027862548828125,0.0
6885.613043649836,0.170989990234375,0.0
6886.588928828918,3.0119781494140625,0.0
6887.564814008,-7.014923095703125,0.0
6888.540699187082,-16.418563842773438,0.0
6889.516584366163,2.135833740234375,0.0
6890.492469545246,-0.2586669921875,0.0
6891.468354724328,1.019805908203125,0.0
6892.444239903411,4.6988525390625,0.0
6893.420125082492,-0.3932037353515625,0.0
6894.396010261575,4.5904693603515625,0.0
6895.371895440656,5.79620361328125,0.0
6896.347780619738,2.1335601806640625,0.0
6897.32366579882,-8.243759155273438,0.0
6898.299550977902,0.39593505859375,0.0
6899.275436156984,-3.0616455078125,0.0
6900.251321336066,-4.046783447265625,0.0
6901.227206515148,-0.48101806640625,0.0
6902.203091694229,-3.5121307373046875,0.0
6903.178976873312,0.40472412109375,0.0
6904.154862052394,4.236785888671875,0.0
6905.130747231477,-3.0732269287109375,0.0
6906.106632410558,-3.602081298828125,0.0
6907.082517589641,-0.88922119140625,0.0
6908.058402768722,0.9247283935546875,0.0
6909.034287947804,-0.9029541015625,0.0
6910.010173126886,4.6992340087890625,0.0
6910.986058305968,10.175323486328125,0.0
6911.96194348505,1.2565765380859375,0.0
6912.937828664132,-1.061981201171875,0.0
6913.913713843214,-7.534637451171875,0.0
6914.889599022295,-16.55157470703125,0.0
6915.865484201378,-4.3744659423828125,0.0
6916.84136938046,-0.04791259765625,0.0
6917.817254559543,-3.1405181884765625,0.0
6918.793139738624,-16.907882690429688,0.0
6919.769024917707,-17.484619140625,0.0
6920.744910096788,-8.35894775390625,0.0
6921.72079527587,6.6288604736328125,0.0
6922.696680454952,10.246017456054688,0.0
6923.672565634034,0.0954742431640625,0.0
6924.648450813116,-16.426681518554688,0.0
6925.624335992198,-15.168365478515625,0.0
6926.60022117128,7.3567962646484375,0.0
6927.576106350361,8.876480102539062,0.0
6928.551991529444,7.008941650390625,0.0
6929.527876708526,-4.3349151611328125,0.0
6930.503761887609,-2.9755401611328125,0.0
6931.47964706669,18.322052001953125,0.0
6932.455532245773,4.8145751953125,0.0
6933.431417424854,-10.557861328125,0.0
6934.407302603936,12.900146484375,0.0
6935.383187783018,13.362060546875,0.0
6936.3590729621,-0.2738494873046875,0.0
6937.334958141182,-4.3662567138671875,0.0
6938.310843320264,-3.5162353515625,0.0
6939.286728499346,7.048095703125,0.0
6940.262613678427,14.976791381835938,0.0
6941.23849885751,8.526412963867188,0.0
6942.214384036592,3.492889404296875,0.0
6943.190269215675,-0.4952239990234375,0.0
6944.166154394756,-2.002197265625,0.0
6945.142039573839,-1.8488311767578125,0.0
6946.11792475292,-3.2647247314453125,0.0
6947.093809932002,-3.748504638671875,0.0
6948.069695111084,-3.382720947265625,0.0
6949.045580290166,-8.713546752929688,0.0
6950.021465469248,7.7687225341796875,0.0
6950.99735064833,1.1216583251953125,0.0
6951.973235827412,-15.0172119140625,0.0
6952.949121006493,-10.03009033203125,0.0
6953.925006185576,-5.987030029296875,0.0
6954.900891364658,-2.40570068359375,0.0
6955.876776543741,-4.972564697265625,0.0
6956.852661722822,-14.482070922851562,0.0
6957.828546901905,-5.5230560302734375,0.0
6958.804432080986,-6.814971923828125,0.0
6959.780317260068,8.2955322265625,0.0
6960.75620243915,7.6089630126953125,0.0
6961.732087618232,3.53802490234375,0.0
6962.707972797314,-0.7220306396484375,0.0
6963.683857976396,9.134017944335938,0.0
6964.659743155478,6.280059814453125,0.0
6965.635628334559,6.2729949951171875,0.0
6966.611513513642,1.4954986572265625,0.0
6967.587398692724,0.290679931640625,0.0
6968.563283871807,2.448944091796875,0.0
6969.539169050888,2.801177978515625,0.0
6970.515054229971,4.599334716796875,0.0
6971.490939409052,1.19189453125,0.0
6972.466824588134,-22.619094848632812,0.0
6973.442709767216,-20.869400024414062,0.0
6974.418594946298,4.6316070556640625,0.0
6975.39448012538,-3.51141357421875,0.0
6976.370365304462,-14.519058227539062,0.0
6977.346250483544,-16.492599487304688,0.0
6978.322135662625,3.436187744140625,0.0
6979.298020841708,0.64434814453125,0.0
6980.27390602079,-6.536407470703125,0.0
6981.249791199873,-3.67327880859375,0.0
6982.225676378954,6.9803924560546875,0.0
6983.201561558037,10.6712646484375,0.0
6984.177446737118,-0.9873504638671875,0.0
6985.1533319162,-7.19525146484375,0.0
6986.129217095282,1.2906036376953125,0.0
6987.105102274364,14.739334106445312,0.0
6988.080987453446,-2.309814453125,0.0
6989.056872632528,5.42010498046875,0.0
6990.03275781161,-1.7840347290039062,0.0
6991.008642990691,0.359619140625,0.0
6991.984528169774,-0.751953125,0.0
6992.960413348856,-9.860488891601562,0.0
6993.936298527939,-2.274749755859375,0.0
6994.91218370702,-5.110748291015625,0.0
6995.888068886103,-0.113311767578125,0.0
6996.863954065184,-4.781402587890625,0.0
6997.839839244266,0.0,0.0
6998.815724423348,-5.5339202880859375,0.0
6999.79160960243,-1.3821868896484375,0.0
7000.767494781512,3.00189208984375,0.0
7001.743379960594,-3.01641845703125,0.0
7002.719265139676,-10.49884033203125,0.0
7003.695150318757,-3.2418975830078125,0.0
7004.67103549784,11.692123413085938,0.0
7005.646920676922,1.27203369140625,0.0
7006.622805856005,-0.602142333984375,0.0
7007.598691035086,10.0245361328125,0.0
7008.574576214169,-10.953109741210938,0.0
7009.55046139325,-0.8350372314453125,0.0
7010.526346572332,6.84649658203125,0.0
7011.502231751414,9.109771728515625,0.0
7012.478116930496,5.13885498046875,0.0
7013.454002109578,3.0363311767578125,0.0
7014.42988728866,7.83642578125,0.0
7015.405772467742,16.534500122070312,0.0
7016.381657646823,6.06658935546875,0.0
7017.357542825906,7.827796936035156,0.0
7018.333428004988,5.09173583984375,0.0
7019.309313184071,-5.568634033203125,0.0
7020.285198363152,2.005615234375,0.0
7021.261083542235,2.25250244140625,0.0
7022.236968721316,-10.8306884765625,0.0
7023.212853900398,-3.4361572265625,0.0
7024.18873907948,-10.288650512695312,0.0
7025.164624258562,15.983535766601562,0.0
7026.140509437644,-0.961669921875,0.0
7027.116394616726,1.9662017822265625,0.0
7028.092279795808,0.477874755859375,0.0
7029.068164974889,-1.80487060546875,0.0
7030.044050153972,-2.6297760009765625,0.0
7031.019935333054,-8.3055419921875,0.0
7031.995820512137,-5.0661773681640625,0.0
7032.971705691218,-2.707061767578125,0.0
7033.947590870301,5.34844970703125,0.0
7034.923476049382,11.635208129882812,0.0
7035.899361228464,3.82635498046875,0.0
7036.875246407546,-2.005615234375,0.0
7037.851131586628,-1.8599395751953125,0.0
7038.82701676571,11.124801635742188,0.0
7039.802901944792,3.6864013671875,0.0
7040.778787123874,0.5649871826171875,0.0
7041.754672302955,7.049072265625,0.0
7042.730557482038,8.54205322265625,0.0
7043.70644266112,-5.9790496826171875,0.0
7044.682327840203,-12.340927124023438,0.0
7045.658213019284,-10.089004516601562,0.0
7046.634098198367,-4.57684326171875,0.0
7047.609983377448,10.915618896484375,0.0
7048.58586855653,5.0205841064453125,0.0
7049.561753735612,-3.464141845703125,0.0
7050.537638914694,-4.382965087890625,0.0
7051.513524093776,22.6907958984375,0.0
7052.489409272858,19.147445678710938,0.0
7053.46529445194,5.436920166015625,0.0
7054.441179631021,5.224609375,0.0
7055.417064810104,4.15655517578125,0.0
7056.392949989186,0.0872955322265625,0.0
7057.368835168269,-0.692626953125,0.0
7058.34472034735,5.344818115234375,0.0
7059.320605526433,-8.470932006835938,0.0
7060.296490705514,-12.465469360351562,0.0
7061.272375884596,-17.108306884765625,0.0
7062.248261063678,-11.471572875976562,0.0
7063.22414624276,-3.4784698486328125,0.0
7064.200031421842,4.5107574462890625,0.0
7065.175916600924,-6.24383544921875,0.0
7066.151801780006,8.08148193359375,0.0
7067.127686959087,12.397842407226562,0.0
7068.10357213817,1.1852874755859375,0.0
7069.079457317252,-3.0879669189453125,0.0
7070.055342496335,-3.929656982421875,0.0
7071.031227675416,2.2563018798828125,0.0
7072.007112854499,3.549163818359375,0.0
7072.98299803358,-11.485671997070312,0.0
7073.958883212662,-11.025192260742188,0.0
7074.934768391744,-2.2606353759765625,0.0
7075.910653570826,1.2935028076171875,0.0
7076.886538749908,-2.9459075927734375,0.0
7077.86242392899,-4.88946533203125,0.0
7078.838309108072,0.5870819091796875,0.0
7079.814194287153,1.63037109375,0.0
7080.790079466236,-16.824859619140625,0.0
7081.765964645318,1.258453369140625,0.0
7082.741849824401,13.387771606445312,0.0
7083.717735003482,10.138320922851562,0.0
7084.693620182565,-12.209091186523438,0.0
7085.669505361646,-1.5178985595703125,0.0
7086.645390540729,4.8276214599609375,0.0
7087.62127571981,4.1135101318359375,0.0
7088.597160898893,4.45098876953125,0.0
7089.573046077974,-1.0438385009765625,0.0
7090.548931257055,0.1634368896484375,0.0
7091.524816436138,-4.6455230712890625,0.0
7092.500701615219,-5.715705871582031,0.0
7093.476586794302,-0.9099044799804688,0.0
7094.452471973384,-8.210700988769531,0.0
7095.428357152467,-7.871665954589844,0.0
7096.404242331548,1.4602432250976562,0.0
7097.380127510631,-5.2826995849609375,0.0
7098.356012689712,-7.909339904785156,0.0
7099.331897868795,-2.5931320190429688,0.0
7100.307783047876,0.91485595703125,0.0
7101.283668226959,-1.3679046630859375,0.0
7102.25955340604,3.2843017578125,0.0
7103.235438585121,-2.615631103515625,0.0
7104.211323764204,-3.952239990234375,0.0
7105.187208943285,1.2138290405273438,0.0
7106.163094122368,10.207077026367188,0.0
7107.13897930145,19.121902465820312,0.0
7108.114864480533,8.697174072265625,0.0
7109.090749659614,-16.013153076171875,0.0
7110.066634838697,-23.36749267578125,0.0
7111.042520017778,-21.49151611328125,0.0
7112.018405196861,2.051727294921875,0.0
7112.994290375942,14.179931640625,0.0
7113.970175555025,17.920135498046875,0.0
7114.946060734106,-4.355072021484375,0.0
7115.921945913187,4.3927764892578125,0.0
7116.89783109227,18.416259765625,0.0
7117.873716271351,1.0364837646484375,0.0
7118.849601450434,-15.568405151367188,0.0
7119.825486629516,3.8123321533203125,0.0
7120.801371808599,28.130828857421875,0.0
7121.77725698768,3.765777587890625,0.0
7122.753142166763,-11.851303100585938,0.0
7123.729027345844,-5.2678680419921875,0.0
7124.704912524927,4.2420501708984375,0.0
7125.680797704008,11.1240234375,0.0
7126.656682883091,0.136749267578125,0.0
7127.632568062172,2.0589141845703125,0.0
7128.608453241253,0.662109375,0.0
7129.584338420336,-6.4360198974609375,0.0
7130.560223599417,-9.27154541015625,0.0
7131.5361087785,-5.7442626953125,0.0
7132.511993957582,-2.3758544921875,0.0
7133.487879136665,0.0,0.0
7134.463764315746,-1.1967010498046875,0.0
7135.439649494829,-5.8678741455078125,0.0
7136.41553467391,3.388031005859375,0.0
7137.391419852993,2.8514556884765625,0.0
7138.367305032074,4.9376068115234375,0.0
7139.343190211157,6.9517974853515625,0.0
7140.319075390238,10.67431640625,0.0
7141.294960569319,2.6693115234375,0.0
7142.270845748402,3.871795654296875,0.0
7143.246730927483,0.0,0.0
7144.222616106566,-6.26617431640625,0.0
7145.198501285648,-3.9862823486328125,0.0
7146.174386464731,0.2623291015625,0.0
7147.150271643812,-0.5743255615234375,0.0
7148.126156822895,-6.010467529296875,0.0
7149.102042001976,-9.837005615234375,0.0
7150.077927181059,-5.815185546875,0.0
7151.05381236014,-5.5936126708984375,0.0
7152.029697539223,-11.504852294921875,0.0
7153.005582718304,2.19415283203125,0.0
7153.981467897385,3.351806640625,0.0
7154.957353076468,8.472076416015625,0.0
7155.933238255549,1.750152587890625,0.0
7156.909123434632,-4.468589782714844,0.0
7157.885008613714,-12.744163513183594,0.0
7158.860893792797,-10.173721313476562,0.0
7159.836778971878,-16.383010864257812,0.0
7160.812664150961,3.6553421020507812,0.0
7161.788549330042,24.504981994628906,0.0
7162.764434509125,5.281501770019531,0.0
7163.740319688206,7.914680480957031,0.0
7164.716204867289,3.5911178588867188,0.0
7165.69209004637,3.2091140747070312,0.0
7166.667975225451,1.5738906860351562,0.0
7167.643860404534,0.02483367919921875,0.0
7168.619745583615,5.184288024902344,0.0
7169.595630762698,6.014228820800781,0.0
7170.57151594178,-4.226585388183594,0.0
7171.547401120863,1.1298675537109375,0.0
7172.523286299944,15.606582641601562,0.0
7173.499171479027,16.243408203125,0.0
7174.475056658108,9.473876953125,0.0
7175.450941837191,6.57781982421875,0.0
7176.426827016272,-0.88909912109375,0.0
7177.402712195355,7.3051300048828125,0.0
7178.378597374436,6.17669677734375,0.0
7179.354482553517,5.5075531005859375,0.0
7180.3303677326,5.2119598388671875,0.0
7181.306252911681,12.293243408203125,0.0
7182.282138090764,16.535675048828125,0.0
7183.258023269846,-4.964813232421875,0.0
7184.233908448929,-13.535797119140625,0.0
7185.20979362801,-24.608322143554688,0.0
7186.185678807093,-23.451736450195312,0.0
7187.161563986174,-0.133544921875,0.0
7188.137449165257,8.229965209960938,0.0
7189.113334344338,-3.65472412109375,0.0
7190.089219523421,-1.5668182373046875,0.0
7191.065104702502,12.436004638671875,0.0
7192.040989881583,1.9929962158203125,0.0
7193.016875060666,15.770416259765625,0.0
7193.992760239747,-3.8887481689453125,0.0
7194.96864541883,2.25946044921875,0.0
7195.944530597912,-0.7037353515625,0.0
7196.920415776995,4.521697998046875,0.0
7197.896300956076,1.1937103271484375,0.0
7198.872186135159,-2.8273162841796875,0.0
7199.84807131424,-1.60009765625,0.0
7200.823956493323,0.94525146484375,0.0
7201.799841672404,-7.8692169189453125,0.0
7202.775726851487,-8.296875,0.0
7203.751612030568,0.494476318359375,0.0
7204.727497209649,-2.73699951171875,0.0
7205.703382388732,-8.438766479492188,0.0
7206.679267567813,-6.1800994873046875,0.0
7207.655152746896,1.300933837890625,0.0
7208.631037925978,-12.3748779296875,0.0
7209.606923105061,-5.1362457275390625,0.0
7210.582808284142,4.0377044677734375,0.0
7211.558693463225,13.278472900390625,0.0
7212.534578642306,0.7207794189453125,0.0
7213.510463821389,5.8344268798828125,0.0
7214.48634900047,-16.733154296875,0.0
7215.462234179553,-25.879562377929688,0.0
7216.438119358634,-20.760055541992188,0.0
7217.414004537715,-7.028900146484375,0.0
7218.389889716798,3.8376312255859375,0.0
7219.365774895879,2.0330352783203125,0.0
7220.341660074962,-3.9969329833984375,0.0
7221.317545254044,-1.33319091796875,0.0
7222.293430433127,8.270355224609375,0.0
7223.269315612208,11.755615234375,0.0
7224.245200791291,13.650802612304688,0.0
7225.221085970372,4.5668182373046875,0.0
7226.196971149455,19.213302612304688,0.0
7227.172856328536,-1.4059906005859375,0.0
7228.148741507619,-2.93780517578125,0.0
7229.1246266867,-0.001983642578125,0.0
7230.100511865781,-3.4357223510742188,0.0
7231.076397044864,-4.766448974609375,0.0
7232.052282223945,1.3598098754882812,0.0
7233.028167403028,-5.35107421875,0.0
7234.00405258211,-0.34821319580078125,0.0
7234.979937761193,-8.919540405273438,0.0
7235.955822940274,0.5133819580078125,0.0
7236.931708119357,7.0449981689453125,0.0
7237.907593298438,2.44171142578125,0.0
7238.883478477521,8.021331787109375,0.0
7239.859363656602,-2.3975982666015625,0.0
7240.835248835685,-13.200019836425781,0.0
7241.811134014766,-5.0963287353515625,0.0
7242.787019193847,0.6024169921875,0.0
7243.76290437293,0.5467758178710938,0.0
7244.738789552011,-3.146636962890625,0.0
7245.714674731094,-4.386085510253906,0.0
7246.690559910176,11.934310913085938,0.0
7247.666445089259,11.834274291992188,0.0
7248.64233026834,12.732147216796875,0.0
7249.618215447423,-6.16766357421875,0.0
7250.594100626504,-25.717628479003906,0.0
7251.569985805587,-10.967498779296875,0.0
7252.545870984668,-1.953094482421875,0.0
7253.521756163751,-7.1365966796875,0.0
7254.497641342832,-5.51678466796875,0.0
7255.473526521913,-1.9746551513671875,0.0
7256.449411700996,-5.2403106689453125,0.0
7257.425296880077,12.15362548828125,0.0
7258.40118205916,7.8798828125,0.0
7259.377067238242,-3.5400390625,0.0
7260.352952417325,11.017227172851562,0.0
7261.328837596406,3.352630615234375,0.0
7262.304722775489,1.7687911987304688,0.0
7263.28060795457,3.0624847412109375,0.0
7264.256493133653,-3.9326019287109375,0.0
7265.232378312734,-3.6306610107421875,0.0
7266.208263491817,-7.8740997314453125,0.0
7267.184148670898,-5.8849639892578125,0.0
7268.160033849979,-6.5221099853515625,0.0
7269.135919029062,-11.700393676757812,0.0
7270.111804208143,-5.5190582275390625,0.0
7271.087689387226,0.7534942626953125,0.0
7272.063574566308,-9.094146728515625,0.0
7273.039459745391,-2.635345458984375,0.0
7274.015344924472,-0.181427001953125,0.0
7274.991230103555,3.7218017578125,0.0
7275.967115282636,3.8133392333984375,0.0
7276.943000461719,0.936279296875,0.0
7277.9188856408,-4.62591552734375,0.0
7278.894770819883,4.3574371337890625,0.0
7279.870655998964,-8.243904113769531,0.0
7280.846541178045,-3.039031982421875,0.0
7281.822426357128,4.0303802490234375,0.0
7282.798311536209,1.3364715576171875,0.0
7283.774196715292,8.606033325195312,0.0
7284.750081894374,3.991607666015625,0.0
7285.725967073457,5.265960693359375,0.0
7286.701852252538,17.024696350097656,0.0
7287.677737431621,2.5575790405273438,0.0
7288.653622610702,-9.093086242675781,0.0
7289.629507789785,-0.08341217041015625,0.0
7290.605392968866,-9.00823974609375,0.0
7291.581278147949,3.647308349609375,0.0
7292.55716332703,8.690277099609375,0.0
7293.533048506111,-2.0780487060546875,0.0
7294.508933685194,1.6557464599609375,0.0
7295.484818864275,0.3021392822265625,0.0
7296.460704043358,6.905731201171875,0.0
7297.43658922244,20.549285888671875,0.0
7298.412474401523,1.7955474853515625,0.0
7299.388359580604,0.0,0.0
7300.364244759687,8.587493896484375,0.0
7301.340129938768,-0.188934326171875,0.0
7302.316015117851,0.79315185546875,0.0
7303.291900296932,3.368133544921875,0.0
7304.267785476015,2.086761474609375,0.0
7305.243670655096,11.214111328125,0.0
7306.219555834177,-3.8133392333984375,0.0
7307.19544101326,-11.694442749023438,0.0
7308.171326192341,-3.727294921875,0.0
7309.147211371424,1.65679931640625,0.0
7310.123096550506,-5.760589599609375,0.0
7311.098981729589,-7.3340911865234375,0.0
7312.07486690867,-2.3058013916015625,0.0
7313.050752087753,-0.0523223876953125,0.0
7314.026637266834,4.490081787109375,0.0
7315.002522445917,-5.424835205078125,0.0
7315.978407624998,-15.563186645507812,0.0
7316.954292804081,-10.017776489257812,0.0
7317.930177983162,-12.391036987304688,0.0
7318.906063162243,-0.2701416015625,0.0
7319.881948341326,-4.7216033935546875,0.0
7320.857833520407,-2.2691802978515625,0.0
7321.83371869949,3.9312744140625,0.0
7322.809603878572,-2.2956695556640625,0.0
7323.785489057655,-8.9776611328125,0.0
7324.761374236736,-4.7958831787109375,0.0
7325.737259415819,-0.9178619384765625,0.0
7326.7131445949,-2.7255096435546875,0.0
7327.689029773983,-5.804595947265625,0.0
7328.664914953064,2.8271942138671875,0.0
7329.640800132147,13.457122802734375,0.0
7330.616685311228,2.99591064453125,0.0
7331.592570490309,8.556350708007812,0.0
7332.568455669392,6.3599700927734375,0.0
7333.544340848473,-15.935745239257812,0.0
7334.520226027556,9.290084838867188,0.0
7335.496111206638,-2.2928466796875,0.0
7336.471996385721,12.074813842773438,0.0
7337.447881564802,18.9097900390625,0.0
7338.423766743885,8.853164672851562,0.0
7339.399651922966,3.2818603515625,0.0
7340.375537102049,13.312675476074219,0.0
7341.35142228113,14.2484130859375,0.0
7342.327307460213,15.761978149414062,0.0
7343.303192639294,14.289535522460938,0.0
7344.279077818375,13.916473388671875,0.0
7345.254962997458,7.514251708984375,0.0
7346.230848176539,-1.8740615844726562,0.0
7347.206733355622,-2.175048828125,0.0
7348.182618534704,14.111114501953125,0.0
7349.158503713787,0.8241424560546875,0.0
7350.134388892868,5.830963134765625,0.0
7351.110274071951,6.9711456298828125,0.0
7352.086159251032,12.830009460449219,0.0
7353.062044430115,26.0316162109375,0.0
7354.037929609196,5.2345733642578125,0.0
7355.013814788279,-2.522979736328125,0.0
7355.98969996736,-3.2063522338867188,0.0
7356.965585146441,-18.198654174804688,0.0
7357.941470325524,-13.366294860839844,0.0
7358.917355504605,-2.1665496826171875,0.0
7359.893240683688,-7.707710266113281,0.0
7360.86912586277,-5.9937744140625,0.0
7361.845011041853,-4.451011657714844,0.0
7362.820896220934,-14.556076049804688,0.0
7363.796781400017,-26.035873413085938,0.0
7364.772666579098,0.0,0.0
7365.748551758181,-6.40863037109375,0.0
7366.724436937262,-3.2466278076171875,0.0
7367.700322116345,4.932991027832031,0.0
7368.676207295426,4.2571868896484375,0.0
7369.652092474507,-3.7163467407226562,0.0
7370.62797765359,14.347915649414062,0.0
7371.603862832671,10.983772277832031,0.0
7372.579748011754,0.55950927734375,0.0
7373.555633190836,0.8035202026367188,0.0
7374.531518369919,-65.11875915527344,0.0
7375.507403549,-92.87954711914062,0.0
7376.483288728083,-64.30276489257812,0.0
7377.459173907164,-76.29883575439453,0.0
7378.435059086247,-91.15100860595703,0.0
7379.410944265328,-95.23873138427734,0.0
