wave,flux,uncertainty
2884.1546172245335,0.000960311881499365,0.0
2885.1931725255595,0.0020567570463754237,0.0
2886.2317278265855,-0.0002288717878400348,0.0
2887.2702831276115,-0.003000235417857766,0.0
2888.3088384286375,-0.0029609525518026203,0.0
2889.347393729664,-0.0034078885219059885,0.0
2890.38594903069,7.151946192607284e-06,0.0
2891.424504331716,0.0018351445905864239,0.0
2892.463059632742,-0.0006738542870152742,0.0
2893.501614933768,-0.0005014567577745765,0.0
2894.540170234794,-0.0010128306166734546,0.0
2895.57872553582,-0.002094284223858267,0.0
2896.6172808368465,0.00019945946405641735,0.0
2897.6558361378725,0.00043157453183084726,0.0
2898.6943914388985,0.0002632283285493031,0.0
2899.7329467399245,-0.002321748877875507,0.0
2900.7715020409505,0.000556742146727629,0.0
2901.810057341977,0.0005542394646909088,0.0
2902.848612643003,0.0007158235966926441,0.0
2903.887167944029,-0.00018311725580133498,0.0
2904.925723245055,0.00024070758081506938,0.0
2905.9642785460815,0.0015951819368638098,0.0
2907.0028338471075,-0.0019397967407712713,0.0
2908.0413891481335,0.0007747285417281091,0.0
2909.0799444491595,-0.00037319697003113106,0.0
2910.1184997501855,-0.0001331743478658609,0.0
2911.1570550512115,-9.7315976745449e-05,0.0
2912.1956103522375,0.0005919859395362437,0.0
2913.2341656532635,0.0011621381854638457,0.0
2914.27272095429,-0.0006402358703780919,0.0
2915.311276255316,-0.0013357186689972878,0.0
2916.349831556342,0.0017538421670906246,0.0
2917.388386857368,0.0002526945900171995,0.0
2918.4269421583945,-0.00018814296549862775,0.0
2919.4654974594205,-0.0012280087103135884,0.0
2920.5040527604465,0.002034693898167461,0.0
2921.5426080614725,0.0011456651263870299,0.0
2922.5811633624985,0.001096997584681958,0.0
2923.619718663525,0.0010858833556994796,0.0
2924.6582739645505,0.0,0.0
2925.6968292655765,-0.0005725531955249608,0.0
2926.735384566603,-0.0023977087694220245,0.0
2927.773939867629,-0.0008786792459432036,0.0
2928.812495168655,0.000932513881707564,0.0
2929.851050469681,-0.0015704252291470766,0.0
2930.8896057707075,0.0012308775912970304,0.0
2931.9281610717335,0.0007965783152030781,0.0
2932.9667163727595,5.5842523579485714e-05,0.0
2934.0052716737855,0.0008040624088607728,0.0
2935.0438269748115,-0.0024790942552499473,0.0
2936.082382275838,-0.0026432536251377314,0.0
2937.120937576864,-0.00032797893800307065,0.0
2938.15949287789,0.0007223603897728026,0.0
2939.198048178916,-0.0024719707726035267,0.0
2940.2366034799425,-0.00173670393996872,0.0
2941.275158780968,0.0013886992528568953,0.0
2942.313714081994,-0.0004761941381730139,0.0
2943.35226938302,0.0008436658245045692,0.0
2944.3908246840465,-0.0011948390019824728,0.0
2945.4293799850725,-0.0009941223979694769,0.0
2946.4679352860985,0.0013522406370611861,0.0
2947.5064905871245,-4.967195854987949e-05,0.0
2948.545045888151,-0.0009011454239953309,0.0
2949.583601189177,-0.0023931881587486714,0.0
2950.622156490203,-3.482884494587779e-06,0.0
2951.660711791229,-0.0014640932495240122,0.0
2952.6992670922555,0.0008228729420807213,0.0
2953.7378223932815,0.0026969612517859787,0.0
2954.7763776943075,0.0018541373137850314,0.0
2955.8149329953335,-0.0004943265521433204,0.0
2956.8534882963595,-0.003400261659407988,0.0
2957.8920435973855,0.0028546628018375486,0.0
2958.9305988984115,0.001133567959186621,0.0
2959.9691541994375,0.002427598818030674,0.0
2961.007709500464,0.004194758024823386,0.0
2962.04626480149,0.0010159084413317032,0.0
2963.084820102516,-0.0005208147267694585,0.0
2964.123375403542,0.0008683098494657315,0.0
2965.161930704568,-0.0011568040572456084,0.0
2966.2004860055945,-0.004263719427399337,0.0
2967.2390413066205,0.0005082376883365214,0.0
2968.2775966076465,-0.0020677681313827634,0.0
2969.3161519086725,-0.006760007221600972,0.0
2970.354707209699,-2.3129527107812464e-05,0.0
2971.393262510725,-0.0015935345873003826,0.0
2972.431817811751,-0.0020576834940584376,0.0
2973.470373112777,0.00183251551061403,0.0
2974.508928413803,0.0025651783362263814,0.0
2975.547483714829,0.0024262795923277736,0.0
2976.586039015855,0.0035996511724079028,0.0
2977.624594316881,0.0008335212914971635,0.0
2978.6631496179075,0.0006063629407435656,0.0
2979.7017049189335,0.003241747006541118,0.0
2980.7402602199595,-0.0018441643624100834,0.0
2981.7788155209855,-0.0028274928918108344,0.0
2982.817370822012,-0.0011844327091239393,0.0
2983.855926123038,-0.0007842649065423757,0.0
2984.894481424064,-0.002884641318814829,0.0
2985.93303672509,-0.004406813794048503,0.0
2986.9715920261165,0.000948539498494938,0.0
2988.0101473271425,-3.772380296140909e-06,0.0
2989.048702628168,0.0014164861640892923,0.0
2990.087257929194,0.000542436057003215,0.0
2991.1258132302205,0.0036178058944642544,0.0
2992.1643685312465,0.001030791987432167,0.0
2993.2029238322725,-0.0003511820104904473,0.0
2994.2414791332985,-0.000502530368976295,0.0
2995.280034434325,0.00022088430705480278,0.0
2996.318589735351,-0.001276378403417766,0.0
2997.357145036377,0.0003782420826610178,0.0
2998.395700337403,-0.0028379776049405336,0.0
2999.434255638429,-0.00014062761329114437,0.0
3000.4728109394555,0.0,0.0
3001.5113662404815,0.0013145202829036862,0.0
3002.5499215415075,0.0015793547790963203,0.0
3003.5884768425335,-0.0007811729738023132,0.0
3004.6270321435595,-0.0034131953434552997,0.0
3005.6655874445855,-0.00375208564219065,0.0
3006.7041427456115,-0.001001695156446658,0.0
3007.742698046638,0.00031240102543961257,0.0
3008.781253347664,0.0008285275689559057,0.0
3009.81980864869,0.0013342733291210607,0.0
3010.858363949716,-0.0017354845040244982,0.0
3011.896919250742,-0.0017226312047569081,0.0
3012.9354745517685,-0.0018626343662617728,0.0
3013.9740298527945,-0.0016724160959711298,0.0
3015.0125851538205,-0.003238889024942182,0.0
3016.0511404548465,-0.0027719113713828847,0.0
3017.089695755873,-0.0038844842347316444,0.0
3018.128251056899,-0.00021732038294430822,0.0
3019.166806357925,-0.003095354069955647,0.0
3020.205361658951,-0.00011948561586905271,0.0
3021.243916959977,-0.0034865805646404624,0.0
3022.282472261003,-0.004195282323053107,0.0
3023.321027562029,-0.00011404900578781962,0.0
3024.359582863055,-0.0010161651589442044,0.0
3025.3981381640815,0.0001816262665670365,0.0
3026.4366934651075,0.0,0.0
3027.4752487661335,0.0006761678087059408,0.0
3028.5138040671595,-0.0010281159193255007,0.0
3029.552359368186,0.0015954084228724241,0.0
3030.590914669212,0.003240984515286982,0.0
3031.629469970238,0.004498669062741101,0.0
3032.668025271264,0.001691059791482985,0.0
3033.70658057229,0.0006290841265581548,0.0
3034.7451358733165,8.760124910622835e-05,0.0
3035.7836911743425,0.0013144385302439332,0.0
3036.8222464753685,-8.760124910622835e-05,0.0
3037.8608017763945,0.0029419350903481245,0.0
3038.8993570774205,0.0,0.0
3039.9379123784465,0.001222956576384604,0.0
3040.9764676794725,0.0015460053691640496,0.0
3042.015022980499,0.001982982357731089,0.0
3043.053578281525,0.0017133974470198154,0.0
3044.092133582551,0.001461203908547759,0.0
3045.130688883577,0.0009008751949295402,0.0
3046.169244184603,0.002858091233065352,0.0
3047.2077994856295,0.003470696887234226,0.0
3048.2463547866555,-0.0012781407276634127,0.0
3049.2849100876815,0.0009804136352613568,0.0
3050.3234653887075,0.005024665559176356,0.0
3051.362020689734,0.0014494791976176202,0.0
3052.40057599076,0.002018033235799521,0.0
3053.4391312917855,0.0023085305583663285,0.0
3054.4776865928116,-0.00266800302779302,0.0
3055.516241893838,-0.003381644084583968,0.0
3056.554797194864,-0.0030878569814376533,0.0
3057.59335249589,0.0011002473183907568,0.0
3058.631907796916,-0.004203058721031994,0.0
3059.6704630979425,-0.0004323122266214341,0.0
3060.7090183989685,-0.0009305905441578943,0.0
3061.7475736999945,-3.332761116325855e-05,0.0
3062.7861290010205,-0.0004866578965447843,0.0
3063.824684302047,-0.004524012503679842,0.0
3064.863239603073,-0.002546149946283549,0.0
3065.901794904099,-0.004739325784612447,0.0
3066.940350205125,-0.001259235810721293,0.0
3067.978905506151,-0.001668164593866095,0.0
3069.017460807177,-0.0019110900175292045,0.0
3070.056016108203,0.0012247728009242564,0.0
3071.094571409229,0.0011406428238842636,0.0
3072.1331267102555,0.0002816599444486201,0.0
3073.1716820112815,0.002540093439165503,0.0
3074.2102373123075,8.52390076033771e-05,0.0
3075.2487926133335,-0.001355434098513797,0.0
3076.2873479143595,-0.0004441625496838242,0.0
3077.325903215386,-0.0009401915667694993,0.0
3078.364458516412,0.0016029318212531507,0.0
3079.403013817438,0.000223958573769778,0.0
3080.441569118464,0.0009521281463094056,0.0
3081.4801244194905,0.0008435029885731637,0.0
3082.5186797205165,0.000627931032795459,0.0
3083.5572350215425,0.0015923926257528365,0.0
3084.5957903225685,0.0002335687750019133,0.0
3085.634345623595,0.0018486123881302774,0.0
3086.6729009246205,0.00030340353259816766,0.0
3087.7114562256465,0.0003153583384118974,0.0
3088.7500115266726,-0.0007607760198879987,0.0
3089.788566827699,-0.004302114772144705,0.0
3090.827122128725,-0.003469368501100689,0.0
3091.865677429751,-0.004489235929213464,0.0
3092.904232730777,-0.003626981400884688,0.0
3093.9427880318035,-0.004306635761167854,0.0
3094.9813433328295,-0.006225509045179933,0.0
3096.0198986338555,-0.0024197447928600013,0.0
3097.0584539348815,-0.005630679719615728,0.0
3098.097009235908,-0.0043207863927818835,0.0
3099.135564536934,-0.003998458094429225,0.0
3100.17411983796,-0.002152395201846957,0.0
3101.212675138986,-0.002751139923930168,0.0
3102.251230440012,-0.0019443221390247345,0.0
3103.289785741038,-0.001225270185386762,0.0
3104.328341042064,0.0020324618089944124,0.0
3105.36689634309,0.0014239181764423847,0.0
3106.4054516441165,0.00365746533498168,0.0
3107.4440069451425,0.0037010260857641697,0.0
3108.4825622461685,0.004898473154753447,0.0
3109.5211175471945,0.003932615916710347,0.0
3110.5596728482205,0.0034204914118163288,0.0
3111.598228149247,0.001269367930945009,0.0
3112.636783450273,0.001103802991565317,0.0
3113.675338751299,0.0011807645787484944,0.0
3114.713894052325,0.003944690164644271,0.0
3115.7524493533515,-0.00030340353259816766,0.0
3116.7910046543775,0.0022578297066502273,0.0
3117.829559955403,-0.0002127089537680149,0.0
3118.8681152564295,0.0006094743148423731,0.0
3119.9066705574555,-0.0022159218788146973,0.0
3120.9452258584815,-0.0020225157495588064,0.0
3121.9837811595075,0.0002249205717816949,0.0
3123.0223364605336,0.002937031793408096,0.0
3124.06089176156,-4.5848777517676353e-05,0.0
3125.099447062586,-0.00014900078531354666,0.0
3126.138002363612,0.0008571887155994773,0.0
3127.176557664638,0.0014400918735191226,0.0
3128.2151129656645,0.0008263357449322939,0.0
3129.2536682666905,-0.0005418392975116149,0.0
3130.2922235677165,0.003420514869503677,0.0
3131.3307788687425,9.837746620178223e-05,0.0
3132.3693341697685,0.0,0.0
3133.4078894707945,0.0004762731259688735,0.0
3134.446444771821,0.000885022571310401,0.0
3135.4850000728466,-0.003551497240550816,0.0
3136.523555373873,0.0,0.0
3137.562110674899,-0.0009738810185808688,0.0
3138.600665975925,0.0029185612220317125,0.0
3139.639221276951,9.655894245952368e-05,0.0
3140.6777765779775,-9.204051457345486e-05,0.0
3141.7163318790035,0.003789532231166959,0.0
3142.7548871800295,-0.003501459490507841,0.0
3143.7934424810555,-0.0018112953403033316,0.0
3144.8319977820815,-0.00018453021766617894,0.0
3145.870553083108,-0.005542080209124833,0.0
3146.909108384134,-0.0012494420807342976,0.0
3147.94766368516,-4.900386556982994e-05,0.0
3148.986218986186,0.0037477443693205714,0.0
3150.0247742872125,0.00010790838859975338,0.0
3151.063329588238,0.0017579105915501714,0.0
3152.1018848892645,0.0031517770257778466,0.0
3153.1404401902905,0.0027145164203830063,0.0
3154.178995491317,-0.0005609905492747203,0.0
3155.2175507923425,-0.0058399675181135535,0.0
3156.256106093369,-0.0007284745297511108,0.0
3157.2946613943946,-0.003710981225594878,0.0
3158.333216695421,-0.003575931172235869,0.0
3159.371771996447,-0.003169105955748819,0.0
3160.4103272974726,-0.0042154503098572604,0.0
3161.448882598499,-0.006842496077297255,0.0
3162.487437899525,-0.002645598171511665,0.0
3163.5259932005515,-0.0029788024839945138,0.0
3164.564548501577,-0.003949645964894444,0.0
3165.6031038026035,-0.002027084876317531,0.0
3166.6416591036295,0.0001296676928177476,0.0
3167.680214404656,0.00553006591508165,0.0
3168.7187697056816,0.0057415334158577025,0.0
3169.757325006708,0.0034262200933881104,0.0
3170.795880307734,0.004532520833890885,0.0
3171.8344356087605,0.005818218400236219,0.0
3172.872990909786,0.0036404760903678834,0.0
3173.911546210812,0.007346003840211779,0.0
3174.9501015118385,0.005392793158534914,0.0
3175.988656812864,0.004722352197859436,0.0
3177.0272121138905,0.004037887090817094,0.0
3178.065767414916,-0.001683952461462468,0.0
3179.1043227159425,0.003677095053717494,0.0
3180.1428780169686,-0.0023259243462234735,0.0
3181.181433317995,0.0005584169994108379,0.0
3182.2199886190206,-0.0017242251196876168,0.0
3183.258543920047,-0.0005421724636107683,0.0
3184.297099221073,-0.00027297320775687695,0.0
3185.3356545220995,-0.0005493985954672098,0.0
3186.374209823125,-0.0010410705581307411,0.0
3187.4127651241515,-0.00257432390935719,0.0
3188.4513204251775,0.0011135507375001907,0.0
3189.489875726204,-0.0013975768815726042,0.0
3190.5284310272295,0.0003193232696503401,0.0
3191.5669863282556,-0.003339228220283985,0.0
3192.605541629282,0.00026534334756433964,0.0
3193.6440969303076,-0.0014885757118463516,0.0
3194.682652231334,-0.000979541102424264,0.0
3195.72120753236,-0.0025027082301676273,0.0
3196.7597628333865,0.0006722271209582686,0.0
3197.798318134412,0.00033977883867919445,0.0
3198.8368734354385,0.004553801263682544,0.0
3199.875428736464,0.00687358807772398,0.0
3200.9139840374905,-0.0003746433649212122,0.0
3201.9525393385165,0.002963177306810394,0.0
3202.991094639543,0.0050060495268553495,0.0
3204.0296499405686,0.007927850354462862,0.0
3205.068205241595,0.006497703026980162,0.0
3206.106760542621,0.0035918722860515118,0.0
3207.1453158436475,0.004573768354021013,0.0
3208.183871144673,0.0016821008175611496,0.0
3209.222426445699,0.0033838525996543467,0.0
3210.2609817467255,-0.002750768093392253,0.0
3211.299537047751,-0.001108968397602439,0.0
3212.3380923487775,0.0025810918887145817,0.0
3213.3766476498035,-0.004540963331237435,0.0
3214.41520295083,-0.0025805109180510044,0.0
3215.4537582518556,-0.00590376858599484,0.0
3216.492313552882,-0.0038424187805503607,0.0
3217.530868853908,0.0012082806788384914,0.0
3218.5694241549345,-0.0003305063582956791,0.0
3219.60797945596,-7.535191252827644e-05,0.0
3220.6465347569865,0.0015794424107298255,0.0
3221.685090058012,0.0005143026355654001,0.0
3222.723645359038,-0.00014013680629432201,0.0
3223.7622006600645,0.0006221381481736898,0.0
3224.80075596109,-0.001168189337477088,0.0
3225.8393112621166,-0.004159141564741731,0.0
3226.8778665631426,0.0003723073750734329,0.0
3227.916421864169,-0.0011461388785392046,0.0
3228.9549771651946,-0.00458516669459641,0.0
3229.993532466221,-0.004868368851020932,0.0
3231.032087767247,-0.002654207404702902,0.0
3232.0706430682735,-0.004224943928420544,0.0
3233.109198369299,-0.006884129252284765,0.0
3234.1477536703255,-0.0035032490268349648,0.0
3235.1863089713515,-0.0037659634836018085,0.0
3236.224864272378,-0.004280315944924951,0.0
3237.2634195734036,-0.0035581185948103666,0.0
3238.30197487443,-0.0020138572435826063,0.0
3239.340530175456,-0.002513598883524537,0.0
3240.3790854764816,0.0008544429438188672,0.0
3241.417640777508,-0.0006833532825112343,0.0
3242.4561960785336,0.0009389584884047508,0.0
3243.49475137956,-0.003351966617628932,0.0
3244.533306680586,0.003995745093561709,0.0
3245.5718619816125,0.0038921027444303036,0.0
3246.610417282638,0.00036751385778188705,0.0
3247.6489725836645,-0.001252268673852086,0.0
3248.6875278846906,-0.003005289356224239,0.0
3249.726083185717,-0.0007664337754249573,0.0
3250.7646384867426,-0.0015846501337364316,0.0
3251.803193787769,-0.0033528266940265894,0.0
3252.841749088795,-0.0029024475952610373,0.0
3253.8803043898206,0.00222686433698982,0.0
3254.918859690847,0.0034069676185026765,0.0
3255.957414991873,0.003712660647579469,0.0
3256.9959702928995,0.0031402486347360536,0.0
3258.034525593925,0.003750473610125482,0.0
3259.0730808949515,0.003944844705983996,0.0
3260.1116361959776,0.004472013795748353,0.0
3261.150191497004,0.0053054484305903316,0.0
3262.1887467980296,0.004431599518284202,0.0
3263.227302099056,0.002326220739632845,0.0
3264.265857400082,0.0023071011528372765,0.0
3265.3044127011085,0.0008189138025045395,0.0
3266.342968002134,0.0052363211289048195,0.0
3267.3815233031605,0.004052632721140981,0.0
3268.420078604186,0.0032697003334760666,0.0
3269.4586339052125,0.0005135703831911087,0.0
3270.4971892062385,-0.00059916777536273,0.0
3271.535744507264,0.003058226080611348,0.0
3272.5742998082906,-0.0006727222353219986,0.0
3273.6128551093166,-0.0034833474783226848,0.0
3274.651410410343,-0.0028051271074218675,0.0
3275.6899657113686,-0.0008082170970737934,0.0
3276.728521012395,-0.00041272747330367565,0.0
3277.767076313421,-0.0018447190523147583,0.0
3278.8056316144475,-0.005893654190003872,0.0
3279.844186915473,-0.0038470475701615214,0.0
3280.8827422164995,-0.004267271258868277,0.0
3281.9212975175255,-0.003317969632917084,0.0
3282.959852818552,-0.0021958050783723593,0.0
3283.9984081195776,-0.00012056156992912292,0.0
3285.0369634206036,0.0014496506191790104,0.0
3286.07551872163,0.0001633577048778534,0.0
3287.1140740226565,-0.0023119639372453094,0.0
3288.152629323682,-0.0005881877150386572,0.0
3289.1911846247076,0.0005969519261270761,0.0
3290.229739925734,-0.00016742735169827938,0.0
3291.26829522676,0.0016158591024577618,0.0
3292.3068505277865,0.004794357344508171,0.0
3293.345405828812,0.003256748430430889,0.0
3294.3839611298386,0.006620091386139393,0.0
3295.4225164308646,0.002506989985704422,0.0
3296.461071731891,0.007957957684993744,0.0
3297.4996270329166,0.006883817724883556,0.0
3298.538182333943,0.00785821140743792,0.0
3299.576737634969,0.007060564588755369,0.0
3300.6152929359955,0.005418207962065935,0.0
3301.653848237021,0.003599903080612421,0.0
3302.692403538047,0.0027805001009255648,0.0
3303.7309588390735,-0.0007388250669464469,0.0
3304.7695141401,0.00018576951697468758,0.0
3305.8080694411256,0.0006370330229401588,0.0
3306.8466247421516,0.003266602288931608,0.0
3307.885180043178,-0.0016026973607949913,0.0
3308.9237353442036,-0.0007268451154232025,0.0
3309.96229064523,0.0021576392464339733,0.0
3311.0008459462556,0.00261094281449914,0.0
3312.039401247282,-0.0018809216562658548,0.0
3313.077956548308,-0.002093252944177948,0.0
3314.1165118493345,-0.0004730363143607974,0.0
3315.15506715036,0.0009426423348486423,0.0
3316.1936224513865,0.001723114401102066,0.0
3317.2321777524126,0.001307217637076974,0.0
3318.270733053439,-0.0019255912047810853,0.0
3319.3092883544646,-0.001568174222484231,0.0
3320.3478436554906,-0.0028018137672916055,0.0
3321.386398956517,-0.0019804393086815253,0.0
3322.4249542575426,-0.004460300551727414,0.0
3323.463509558569,-0.004308350617066026,0.0
3324.502064859595,0.0019118769560009241,0.0
3325.5406201606215,0.005043038981966674,0.0
3326.579175461647,0.002991981338709593,0.0
3327.6177307626735,0.002205389551818371,0.0
3328.6562860636996,0.000539954868145287,0.0
3329.694841364726,-0.004705730127170682,0.0
3330.7333966657516,-9.109987877309322e-05,0.0
3331.771951966778,0.0020023108227178454,0.0
3332.8105072678036,-0.0003882793243974447,0.0
3333.8490625688296,-0.001697583356872201,0.0
3334.887617869856,-0.002652280731126666,0.0
3335.9261731708825,-0.005594051210209727,0.0
3336.964728471908,-0.0035893121385015547,0.0
3338.003283772934,-0.005235623335465789,0.0
3339.0418390739605,-0.0029017633642069995,0.0
3340.080394374986,0.0019804393086815253,0.0
3341.1189496760126,-0.0017410773725714535,0.0
3342.1575049770386,0.0015234257152769715,0.0
3343.196060278065,0.0004916107136523351,0.0
3344.2346155790906,0.0019657062366604805,0.0
3345.273170880117,0.004523289622738957,0.0
3346.311726181143,0.004857689025811851,0.0
3347.3502814821695,0.0026276515563949943,0.0
3348.388836783195,0.0028531005373224616,0.0
3349.4273920842215,-0.0008132655639201403,0.0
3350.4659473852475,5.320180207490921e-07,0.0
3351.504502686273,0.0017410773725714535,0.0
3352.5430579872996,0.0037411570083349943,0.0
3353.581613288325,0.0063766418024897575,0.0
3354.6201685893516,0.008782422635704279,0.0
3355.6587238903776,0.004165842896327376,0.0
3356.697279191404,-0.0008603360038250685,0.0
3357.7358344924296,-0.0031975838355720043,0.0
3358.774389793456,-0.005456817802041769,0.0
3359.812945094482,-0.00741381524130702,0.0
3360.8515003955085,-0.005891693755984306,0.0
3361.890055696534,-0.008121865801513195,0.0
3362.9286109975606,-0.0024149734526872635,0.0
3363.9671662985866,-0.0010123718529939651,0.0
3365.005721599613,-0.002970470581203699,0.0
3366.0442769006386,-0.005633540917187929,0.0
3367.082832201665,-0.0054306937381625175,0.0
3368.121387502691,-0.007963029202073812,0.0
3369.1599428037166,-0.007638358976691961,0.0
3370.198498104743,-0.012317620683461428,0.0
3371.237053405769,-0.0101554193533957,0.0
3372.2756087067955,-0.009583627572283149,0.0
3373.314164007821,-0.0069499785313382745,0.0
3374.3527193088476,-0.007790251285769045,0.0
3375.3912746098736,0.0008086783345788717,0.0
3376.4298299108996,0.002048044290859252,0.0
3377.4683852119256,0.0005872285692021251,0.0
3378.506940512952,-0.0006104931235313416,0.0
3379.5454958139776,-0.008516635280102491,0.0
3380.584051115004,-0.007506351452320814,0.0
3381.62260641603,-0.0032571651972830296,0.0
3382.6611617170556,-0.003376631997525692,0.0
3383.699717018082,-0.000195010332390666,0.0
3384.7382723191085,0.0009710435988381505,0.0
3385.7768276201346,0.0029023829265497625,0.0
3386.81538292116,0.006464265752583742,0.0
3387.8539382221866,0.00896946806460619,0.0
3388.8924935232126,0.002149101535906084,0.0
3389.931048824239,0.0009916345588862896,0.0
3390.9696041252646,0.00231357208758709,0.0
3392.008159426291,-0.001922996249049902,0.0
3393.046714727317,-0.0042555867694318295,0.0
3394.0852700283435,-0.0011594941606745124,0.0
3395.123825329369,-0.0015326435677707195,0.0
3396.1623806303955,-0.0013079644413664937,0.0
3397.2009359314216,0.0031632166355848312,0.0
3398.239491232448,0.006245082302484661,0.0
3399.2780465334736,0.00940510658256244,0.0
3400.316601834499,0.006732120073138503,0.0
3401.3551571355256,0.008650365645735292,0.0
3402.3937124365516,0.008724669767616433,0.0
3403.432267737578,0.0031689175593783148,0.0
3404.4708230386036,0.0045585209227283485,0.0
3405.50937833963,0.0011947833190788515,0.0
3406.547933640656,0.0067185974403400905,0.0
3407.5864889416825,-8.817087837087456e-05,0.0
3408.625044242708,-0.0024623558201710694,0.0
3409.6635995437346,-0.0018574529603938572,0.0
3410.7021548447606,-0.005057554160885047,0.0
3411.740710145787,-0.0006573528353328584,0.0
3412.7792654468126,-0.004452871782632428,0.0
3413.817820747839,-0.010795107977173757,0.0
3414.856376048865,-0.0071370442674378864,0.0
3415.8949313498915,-0.0029460570367518812,0.0
3416.933486650917,0.002205762139055878,0.0
3417.972041951943,-0.0005361186413210817,0.0
3419.0105972529695,0.0006415105890482664,0.0
3420.049152553995,0.006105447770096362,0.0
3421.0877078550216,0.0027543685864657164,0.0
3422.126263156047,0.0008373674936592579,0.0
3423.1648184570736,0.0027853342471644282,0.0
3424.2033737580996,0.0032904400723055005,0.0
3425.241929059126,0.0011808042181655765,0.0
3426.2804843601516,-0.0007451700221281499,0.0
3427.319039661178,0.005917698726989329,0.0
3428.357594962204,0.007835512631572783,0.0
3429.3961502632305,0.011313268565572798,0.0
3430.434705564256,0.007013974012807012,0.0
3431.473260865282,0.005452216719277203,0.0
3432.5118161663086,0.0052878151182085276,0.0
3433.550371467335,0.0021229153499007225,0.0
3434.5889267683606,0.0027691058348864317,0.0
3435.6274820693866,-0.0015153050771914423,0.0
3436.666037370413,-0.0005022940458729863,0.0
3437.7045926714386,-0.0003805984160862863,0.0
3438.743147972465,-0.007931572094094008,0.0
3439.781703273491,-0.008142185513861477,0.0
3440.8202585745175,-0.013384312973357737,0.0
3441.858813875543,-0.01601328089600429,0.0
3442.8973691765696,-0.015390327607747167,0.0
3443.935924477595,-0.014264081080909818,0.0
3444.9744797786216,-0.01219220517668873,0.0
3446.0130350796476,-0.010660396539606154,0.0
3447.051590380674,-0.006232988671399653,0.0
3448.0901456816996,0.0007964241085574031,0.0
3449.1287009827256,-0.0028442622860893607,0.0
3450.167256283752,0.0017822986701503396,0.0
3451.2058115847776,0.007919423165731132,0.0
3452.244366885804,0.0018285237019881606,0.0
3453.28292218683,0.0036202602786943316,0.0
3454.3214774878566,0.00022862007608637214,0.0
3455.360032788882,0.001213687181007117,0.0
3456.3985880899086,0.0032116163638420403,0.0
3457.4371433909346,-0.00432624074164778,0.0
3458.475698691961,0.0,0.0
3459.5142539929866,-0.0020386216056067497,0.0
3460.552809294013,-0.003955687730922364,0.0
3461.591364595039,-0.0019024456769329845,0.0
3462.6299198960646,-0.0026800130144692957,0.0
3463.668475197091,0.00026784193232742837,0.0
3464.7070304981175,0.0026447226700838655,0.0
3465.745585799143,0.003960922680562362,0.0
3466.784141100169,0.001141587708843872,0.0
3467.8226964011956,0.005428613949334249,0.0
3468.861251702221,0.005648999795084819,0.0
3469.8998070032476,0.006294840801274404,0.0
3470.9383623042736,0.005334166198736057,0.0
3471.9769176053,0.001142432476626709,0.0
3473.0154729063256,0.0010632721532601863,0.0
3474.054028207352,-0.003273901056672912,0.0
3475.092583508378,-0.003785674684877449,0.0
3476.1311388094045,-0.008299616855765635,0.0
3477.16969411043,-0.00608783703410154,0.0
3478.2082494114566,-0.0038356564391506254,0.0
3479.2468047124826,0.0015276115236702026,0.0
3480.285360013508,-0.0014775597874177038,0.0
3481.3239153145346,-0.00026784193232742837,0.0
3482.362470615561,0.000623436536443478,0.0
3483.401025916587,-0.0010534997481954633,0.0
3484.4395812176126,-0.0015304589032894,0.0
3485.478136518639,0.0022729189513484016,0.0
3486.5166918196646,-0.0005967624456388876,0.0
3487.555247120691,0.0001468140335418866,0.0
3488.593802421717,0.0007997062712092884,0.0
3489.6323577227436,-0.003847743064397946,0.0
3490.670913023769,-0.003559757780749351,0.0
3491.7094683247956,-0.007989825098775327,0.0
3492.7480236258216,-0.0067765762796625495,0.0
3493.786578926848,-0.008587783202528954,0.0
3494.8251342278736,-0.005340338684618473,0.0
3495.8636895289,-0.0035529006272554398,0.0
3496.902244829926,-0.003344883560203016,0.0
3497.9408001309516,-0.005484995257575065,0.0
3498.979355431978,0.004160298907663673,0.0
3500.017910733004,0.0004015813392470591,0.0
3501.0564660340306,0.008780399977695197,0.0
3502.095021335056,0.006901833869051188,0.0
3503.1335766360826,0.008275047584902495,0.0
3504.1721319371086,0.012574511289130896,0.0
3505.210687238135,0.009067981212865561,0.0
3506.2492425391606,0.006962028506677598,0.0
3507.287797840187,0.00554057041881606,0.0
3508.326353141213,0.0023189319181255996,0.0
3509.3649084422395,0.0005174703692318872,0.0
3510.403463743265,-0.0009344216596218757,0.0
3511.4420190442906,-0.0017919384263223037,0.0
3512.480574345317,-0.004267255892045796,0.0
3513.5191296463436,-0.0051322767831152305,0.0
3514.5576849473696,-0.004721128134406172,0.0
3515.596240248395,-0.0044603029964491725,0.0
3516.6347955494216,-0.002095478295814246,0.0
3517.6733508504476,0.0018699829815886915,0.0
3518.711906151474,0.005693251849152148,0.0
3519.7504614524996,0.006064562243409455,0.0
3520.789016753526,-0.0015190339181572199,0.0
3521.827572054552,-0.0036258783657103777,0.0
3522.8661273555786,-0.010974401491694152,0.0
3523.904682656604,-0.012059944565407932,0.0
3524.9432379576306,-0.015304171363823116,0.0
3525.9817932586566,-0.013883619452826679,0.0
3527.020348559683,-0.014044543611817062,0.0
3528.0589038607086,-0.010405433247797191,0.0
3529.0974591617346,-0.007510744850151241,0.0
3530.136014462761,-0.0035431773867458105,0.0
3531.1745697637866,0.0,0.0
3532.213125064813,-0.0007424629875458777,0.0
3533.2516803658386,0.0037608883576467633,0.0
3534.290235666865,0.003185089328326285,0.0
3535.328790967891,0.0008122274884954095,0.0
3536.3673462689176,0.004277227213606238,0.0
3537.405901569943,0.0015287516871467233,0.0
3538.4444568709696,0.0082930798525922,0.0
3539.4830121719956,0.005301964469254017,0.0
3540.521567473022,0.01062527031172067,0.0
3541.5601227740476,0.004292742130928673,0.0
3542.598678075074,0.0045190699165686965,0.0
3543.6372333761,0.008466563711408526,0.0
3544.6757886771265,0.00913330598268658,0.0
3545.714343978152,0.008915768936276436,0.0
3546.752899279178,0.0068685756996273994,0.0
3547.7914545802046,0.011356162372976542,0.0
3548.83000988123,0.007222062908113003,0.0
3549.8685651822566,0.0066451262682676315,0.0
3550.9071204832826,0.006430380512028933,0.0
3551.945675784309,0.007949346210807562,0.0
3552.9842310853346,0.005286043859086931,0.0
3554.022786386361,0.0027013825019821525,0.0
3555.0613416873866,0.006585539085790515,0.0
3556.099896988413,0.005115751991979778,0.0
3557.138452289439,0.0012290324084460735,0.0
3558.1770075904656,0.006463113473728299,0.0
3559.215562891491,0.0033170156530104578,0.0
3560.254118192517,0.0026474056066945195,0.0
3561.2926734935436,-0.0005096768727526069,0.0
3562.33122879457,0.0025433370610699058,0.0
3563.3697840955956,-0.0006088558002375066,0.0
3564.4083393966216,-0.005744098365539685,0.0
3565.446894697648,-0.008014908875338733,0.0
3566.4854499986736,-0.008868166129104793,0.0
3567.5240052997,-0.012362541514448822,0.0
3568.562560600726,-0.010770433465950191,0.0
3569.6011159017526,-0.0123700994590763,0.0
3570.639671202778,-0.01431303791468963,0.0
3571.6782265038046,-0.014352488797158003,0.0
3572.7167818048306,-0.011872653616592288,0.0
3573.755337105857,-0.010270508704707026,0.0
3574.7938924068826,-0.0038491031154990196,0.0
3575.832447707909,-0.0009134579449892044,0.0
3576.8710030089346,-0.0017209756188094616,0.0
3577.9095583099606,-0.007079649716615677,0.0
3578.948113610987,-0.007018372882157564,0.0
3579.9866689120126,-0.00902250176295638,0.0
3581.025224213039,-0.014843531418591738,0.0
3582.063779514065,-0.019021980930119753,0.0
3583.1023348150916,-0.01855628052726388,0.0
3584.140890116117,-0.017435144633054733,0.0
3585.1794454171436,-0.014859336894005537,0.0
3586.2180007181696,-0.01906267600134015,0.0
3587.256556019196,-0.016538385301828384,0.0
3588.2951113202216,-0.014902394264936447,0.0
3589.333666621248,-0.015245119109749794,0.0
3590.372221922274,-0.007173117250204086,0.0
3591.4107772232996,0.0008570551872253418,0.0
3592.449332524326,0.0016515450552105904,0.0
3593.4878878253526,0.006348167691612616,0.0
3594.5264431263786,0.007464713300578296,0.0
3595.564998427404,0.008281804388388991,0.0
3596.6035537284306,0.016498488374054432,0.0
3597.642109029456,0.017572710290551186,0.0
3598.6806643304826,0.016414408572018147,0.0
3599.7192196315086,0.015041354112327099,0.0
3600.757774932535,0.017935190349817276,0.0
3601.7963302335606,0.01119150361046195,0.0
3602.834885534587,0.008269194746389985,0.0
3603.873440835613,0.0035075556952506304,0.0
3604.9119961366396,0.0010378011502325535,0.0
3605.950551437665,-0.002526405267417431,0.0
3606.9891067386916,-0.002474376931786537,0.0
3608.0276620397176,-0.0029237554408609867,0.0
3609.066217340743,-0.002587967086583376,0.0
3610.1047726417696,-0.006421051453799009,0.0
3611.143327942796,-0.004688621032983065,0.0
3612.181883243822,-0.0018927119672298431,0.0
3613.2204385448476,-0.001278121955692768,0.0
3614.258993845874,0.001990656368434429,0.0
3615.2975491469,0.004768954066094011,0.0
3616.3361044479266,-0.001757272519171238,0.0
3617.374659748952,-0.002770061604678631,0.0
3618.4132150499786,-0.006891713244840503,0.0
3619.4517703510046,-0.009244740358553827,0.0
3620.490325652031,-0.005990977166220546,0.0
3621.5288809530566,-0.007863060047384351,0.0
3622.567436254083,-0.002535270672524348,0.0
3623.6059915551086,0.0012888571654912084,0.0
3624.644546856135,0.007714850813499652,0.0
3625.683102157161,0.010469731991179287,0.0
3626.7216574581867,0.009839891048613936,0.0
3627.760212759213,0.008952818112447858,0.0
3628.798768060239,0.011510935262776911,0.0
3629.8373233612656,0.0018069494981318712,0.0
3630.875878662291,-0.002100615980452858,0.0
3631.9144339633176,-0.0034420451847836375,0.0
3632.9529892643436,-0.007529617520049214,0.0
3633.99154456537,-0.006915499223396182,0.0
3635.0300998663956,-0.01204852038063109,0.0
3636.068655167422,-0.003141300578135997,0.0
3637.107210468448,0.0036271202843636274,0.0
3638.1457657694746,0.0009826114401221275,0.0
3639.1843210705,0.0073902003932744265,0.0
3640.222876371526,0.004314159043133259,0.0
3641.2614316725526,0.003557969816029072,0.0
3642.299986973579,0.0005895043723285198,0.0
3643.3385422746046,-0.00036337925121188164,0.0
3644.37709757563,-0.006585728609934449,0.0
3645.4156528766566,-0.011607442051172256,0.0
3646.4542081776826,-0.013001768849790096,0.0
3647.492763478709,-0.013128190767019987,0.0
3648.5313187797346,-0.014100323896855116,0.0
3649.569874080761,-0.0077887209772598,0.0
3650.608429381787,-0.008707979461178184,0.0
3651.6469846828136,-0.004200577037408948,0.0
3652.685539983839,0.004633232019841671,0.0
3653.7240952848656,0.005885881371796131,0.0
3654.7626505858916,0.005477499216794968,0.0
3655.801205886918,0.006910216994583607,0.0
3656.8397611879436,0.011052739806473255,0.0
3657.8783164889696,0.010924377478659153,0.0
3658.916871789996,0.011700485832989216,0.0
3659.9554270910216,0.007664915174245834,0.0
3660.993982392048,0.011943617835640907,0.0
3662.032537693074,0.010186677798628807,0.0
3663.0710929941006,0.00500238873064518,0.0
3664.109648295126,0.005084887146949768,0.0
3665.1482035961526,0.005106108263134956,0.0
3666.186758897178,0.003687904216349125,0.0
3667.2253141982046,0.0033461516723036766,0.0
3668.2638694992306,0.005363165400922298,0.0
3669.302424800257,0.003992869518697262,0.0
3670.3409801012826,-0.0013539968058466911,0.0
3671.379535402309,0.002516665495932102,0.0
3672.418090703335,0.006643666885793209,0.0
3673.4566460043616,0.009829348884522915,0.0
3674.495201305387,0.0058359066024422646,0.0
3675.533756606413,0.002120252698659897,0.0
3676.5723119074396,0.0,0.0
3677.610867208466,-0.004633232019841671,0.0
3678.6494225094916,-0.00572166545316577,0.0
3679.6879778105176,-0.011112967506051064,0.0
3680.726533111544,-0.007516493555158377,0.0
3681.7650884125696,-0.009320839773863554,0.0
3682.803643713596,-0.00917655136436224,0.0
3683.842199014622,-0.00747970724478364,0.0
3684.8807543156486,-0.010128319263458252,0.0
3685.919309616674,-0.012023104471154511,0.0
3686.9578649177006,-0.010711905546486378,0.0
3687.996420218726,-0.013092537759803236,0.0
3689.034975519752,-0.010321128880605102,0.0
3690.0735308207786,-0.00814599683508277,0.0
3691.112086121805,-0.003186657093465328,0.0
3692.1506414228306,0.0014507528394460678,0.0
3693.1891967238566,0.0040751611813902855,0.0
3694.227752024883,0.001309925690293312,0.0
3695.2663073259087,0.005085627548396587,0.0
3696.304862626935,0.005394074134528637,0.0
3697.343417927961,0.005233294330537319,0.0
3698.3819732289876,0.009961827658116817,0.0
3699.420528530013,0.006212251260876656,0.0
3700.4590838310396,0.006743865553289652,0.0
3701.4976391320656,0.008401813916862011,0.0
3702.536194433091,0.004525933880358934,0.0
3703.5747497341176,0.0025326190516352654,0.0
3704.613305035144,-0.009109486942179501,0.0
3705.65186033617,-0.009696397464722395,0.0
3706.6904156371957,-0.008799762930721045,0.0
3707.728970938222,-0.014618903398513794,0.0
3708.7675262392486,-0.011240462772548199,0.0
3709.806081540274,-0.006546482094563544,0.0
3710.8446368413,0.0,0.0
3711.8831921423266,0.008646750822663307,0.0
3712.921747443352,0.009794765152037144,0.0
3713.9603027443786,0.010290438774973154,0.0
3714.9988580454046,0.011729159858077765,0.0
3716.037413346431,0.013203300535678864,0.0
3717.0759686474566,0.0070987658109515905,0.0
3718.114523948483,0.0018119215965270996,0.0
3719.153079249509,-0.0024078129790723324,0.0
3720.1916345505347,-0.010798717848956585,0.0
3721.230189851561,-0.014033429324626923,0.0
3722.2687451525876,-0.009759764187037945,0.0
3723.3073004536136,-0.004126319312490523,0.0
3724.345855754639,0.002608886919915676,0.0
3725.3844110556656,0.011382097378373146,0.0
3726.4229663566916,0.01592608413193375,0.0
3727.461521657718,0.019688218482770026,0.0
3728.5000769587436,0.017124579870142043,0.0
3729.53863225977,0.019935490912757814,0.0
3730.577187560796,0.015155521570704877,0.0
3731.6157428618226,0.006106496672146022,0.0
3732.654298162848,-0.0041596886003389955,0.0
3733.6928534638746,-0.015810703160241246,0.0
3734.7314087649,-0.024012911366298795,0.0
3735.7699640659266,-0.0256248798687011,0.0
3736.8085193669526,-0.027610910357907414,0.0
3737.847074667978,-0.022413068683817983,0.0
3738.8856299690046,-0.01609799196012318,0.0
3739.924185270031,-0.0059292345540598035,0.0
3740.962740571057,-0.003685362287797034,0.0
3742.0012958720827,-0.005311833578161895,0.0
3743.039851173109,-0.004420210141688585,0.0
3744.078406474135,-0.011797567829489708,0.0
3745.1169617751616,-0.015981597935024183,0.0
3746.155517076187,-0.01686840515321819,0.0
3747.1940723772136,-0.027253842090431135,0.0
3748.2326276782396,-0.027545012642804068,0.0
3749.271182979266,-0.03039622131473152,0.0
3750.3097382802916,-0.025383265798154753,0.0
3751.3482935813176,-0.021219624315563124,0.0
3752.386848882344,-0.009576276985171717,0.0
3753.4254041833706,-0.002347908324736636,0.0
3754.463959484396,0.000793185259681195,0.0
3755.5025147854217,0.00823195104021579,0.0
3756.541070086448,0.005439240601845086,0.0
3757.5796253874746,0.005890174419619143,0.0
3758.6181806885006,0.001566818100400269,0.0
3759.656735989526,-0.0020821276702918112,0.0
3760.6952912905526,-0.0022798112900090928,0.0
3761.7338465915786,-0.0007164619091781788,0.0
3762.772401892605,-0.00017221923917531967,0.0
3763.8109571936307,-0.0010226273443549871,0.0
3764.849512494657,0.0011069453248637728,0.0
3765.888067795683,0.001797402452211827,0.0
3766.9266230967096,0.0002847252180799842,0.0
3767.965178397735,-0.0005965165328234434,0.0
3769.003733698761,0.002368359128013253,0.0
3770.0422889997876,0.004830424441024661,0.0
3771.080844300814,0.005359154660254717,0.0
3772.1193996018396,0.007317660732951481,0.0
3773.1579549028656,0.006934571095825959,0.0
3774.196510203892,0.014444820757489651,0.0
3775.2350655049177,0.013389413361437619,0.0
3776.273620805944,0.015801259316504,0.0
3777.3121761069697,0.016306343721225858,0.0
3778.350731407996,0.01672945450991392,0.0
3779.389286709022,0.018606092780828476,0.0
3780.4278420100486,0.018370870500802994,0.0
3781.466397311074,0.02114410698413849,0.0
3782.5049526121,0.01863349787890911,0.0
3783.5435079131266,0.02086280845105648,0.0
3784.582063214153,0.021485760807991028,0.0
3785.6206185151786,0.01674468070268631,0.0
3786.6591738162047,0.01193864457309246,0.0
3787.697729117231,0.00611835066229105,0.0
3788.7362844182576,0.0027514765970408916,0.0
3789.774839719283,0.0011913357302546501,0.0
3790.813395020309,-0.002743146863849688,0.0
3791.8519503213356,-0.00379011407494545,0.0
3792.890505622361,-0.002368359128013253,0.0
3793.9290609233876,-0.006854633160401136,0.0
3794.9676162244136,-0.008789920073468238,0.0
3796.00617152544,-0.012792218301910907,0.0
3797.0447268264656,-0.013617184769827873,0.0
3798.083282127492,-0.01490666886093095,0.0
3799.1218374285177,-0.005616047710645944,0.0
3800.1603927295437,-0.006111001886893064,0.0
3801.19894803057,-0.0022412314851862902,0.0
3802.2375033315966,0.0014889270692037826,0.0
3803.276058632622,0.009963898469777632,0.0
3804.314613933648,0.013100732991006225,0.0
3805.3531692346746,0.01645944023039192,0.0
3806.391724535701,0.016814943868666887,0.0
3807.4302798367266,0.015290784882381558,0.0
3808.4688351377526,0.018432220444083214,0.0
3809.507390438779,0.019919465761631727,0.0
3810.5459457398047,0.013866119552403688,0.0
3811.584501040831,0.01884294068440795,0.0
3812.623056341857,0.01985196629539132,0.0
3813.6616116428836,0.01023073960095644,0.0
3814.700166943909,0.005630959814880043,0.0
3815.7387222449356,0.0056285858154296875,0.0
3816.7772775459616,0.0,0.0
3817.815832846987,-1.6527250409126282e-05,0.0
3818.8543881480136,-0.0031730271875858307,0.0
3819.89294344904,-0.003186596557497978,0.0
3820.9314987500657,-0.005043689161539078,0.0
3821.9700540510917,-0.006394115276634693,0.0
3823.008609352118,-0.007037091068923473,0.0
3824.0471646531437,-0.011540004052221775,0.0
3825.08571995417,-0.016203592531383038,0.0
3826.124275255196,-0.01638490054756403,0.0
3827.1628305562226,-0.02038248348981142,0.0
3828.201385857248,-0.019445681013166904,0.0
3829.2399411582746,-0.02535631600767374,0.0
3830.2784964593006,-0.024528258480131626,0.0
3831.317051760326,-0.026039290241897106,0.0
3832.3556070613527,-0.03410843387246132,0.0
3833.394162362379,-0.02644424047321081,0.0
3834.432717663405,-0.034518382512032986,0.0
3835.4712729644307,-0.03244135808199644,0.0
3836.509828265457,-0.03247471060603857,0.0
3837.5483835664836,-0.035754550248384476,0.0
3838.5869388675096,-0.03459137212485075,0.0
3839.625494168535,-0.025553970597684383,0.0
3840.6640494695616,-0.02067106869071722,0.0
3841.7026047705876,-0.011933243833482265,0.0
3842.7411600716136,-0.0046072108671069145,0.0
3843.7797153726397,-0.006002320908010006,0.0
3844.818270673666,0.003149419091641903,0.0
3845.8568259746917,0.0024300413206219673,0.0
3846.895381275718,0.006551295984536409,0.0
3847.933936576744,0.00665497500449419,0.0
3848.9724918777697,0.007830102927982807,0.0
3850.011047178796,0.004134965129196644,0.0
3851.0496024798226,0.001327543519437313,0.0
3852.0881577808486,0.00823201285675168,0.0
3853.126713081874,0.004222889430820942,0.0
3854.1652683829006,0.006970253307372332,0.0
3855.2038236839267,0.007237454876303673,0.0
3856.242378984953,0.0,0.0
3857.2809342859787,-0.0030087679624557495,0.0
3858.319489587005,1.5361234545707703e-05,0.0
3859.358044888031,-0.00543680414557457,0.0
3860.3966001890576,-0.0019861478358507156,0.0
3861.435155490083,-0.001160833053290844,0.0
3862.4737107911096,0.0016521066427230835,0.0
3863.5122660921356,0.0067620957270264626,0.0
3864.550821393162,0.005840299651026726,0.0
3865.5893766941876,0.012244701960298698,0.0
3866.627931995213,0.016491923481225967,0.0
3867.6664872962397,0.012236018024850637,0.0
3868.705042597266,0.007614338304847479,0.0
3869.743597898292,0.005549476481974125,0.0
3870.7821531993177,0.0042749191634356976,0.0
3871.820708500344,-0.003149419091641903,0.0
3872.85926380137,-0.005091754253953695,0.0
3873.8978191023966,-0.0031899893656373024,0.0
3874.936374403422,0.001662528607994318,0.0
3875.9749297044486,0.0,0.0
3877.0134850054746,-0.003104231785982847,0.0
3878.052040306501,-0.007699758280068636,0.0
3879.0905956075267,-0.006403019651770592,0.0
3880.1291509085527,-0.005800116807222366,0.0
3881.167706209579,-0.011791625525802374,0.0
3882.2062615106056,-0.010774048045277596,0.0
3883.244816811631,-0.012887220829725266,0.0
3884.283372112657,-0.01100400136783719,0.0
3885.3219274136836,-0.011849685106426477,0.0
3886.36048271471,-0.014854855835437775,0.0
3887.3990380157356,-0.01760851824656129,0.0
3888.437593316761,-0.010124755557626486,0.0
3889.4761486177877,-0.013508482370525599,0.0
3890.5147039188137,-0.005443130154162645,0.0
3891.55325921984,0.0004439444746822119,0.0
3892.5918145208657,0.004102576873265207,0.0
3893.630369821892,0.008898162748664618,0.0
3894.668925122918,0.01490884053055197,0.0
3895.7074804239446,0.010949586285278201,0.0
3896.74603572497,0.008834119016682962,0.0
3897.784591025996,0.008325655369844753,0.0
3898.8231463270226,0.010899906079430366,0.0
3899.861701628049,0.0074129083077423275,0.0
3900.9002569290747,0.004925176879623905,0.0
3901.9388122301007,0.017485082149505615,0.0
3902.977367531127,0.01471442123875022,0.0
3904.0159228321527,0.009970157407224178,0.0
3905.054478133179,0.01075966190546751,0.0
3906.093033434205,0.011661586817353964,0.0
3907.1315887352316,0.017312901094555855,0.0
3908.170144036257,0.021947716362774372,0.0
3909.2086993372836,0.02675102837383747,0.0
3910.247254638309,0.02735490445047617,0.0
3911.2858099393356,0.028515208512544632,0.0
3912.3243652403617,0.03135960642248392,0.0
3913.362920541388,0.027073772624135017,0.0
3914.4014758424137,0.021879990585148335,0.0
3915.4400311434397,0.023091838229447603,0.0
3916.478586444466,0.017352773575112224,0.0
3917.5171417454926,0.015071403584443033,0.0
3918.555697046518,0.011866899323649704,0.0
3919.594252347544,0.008214238798245788,0.0
3920.6328076485706,0.0001074525061994791,0.0
3921.671362949596,0.0016381102614104748,0.0
3922.7099182506226,-0.006744729122146964,0.0
3923.7484735516487,-0.01086711441166699,0.0
3924.787028852675,-0.011301689082756639,0.0
3925.8255841537007,-0.019348272355273366,0.0
3926.864139454727,-0.025596312480047345,0.0
3927.902694755753,-0.03802720014937222,0.0
3928.9412500567787,-0.052188591565936804,0.0
3929.979805357805,-0.06424251478165388,0.0
3931.0183606588316,-0.07577014830894768,0.0
3932.056915959857,-0.08119676308706403,0.0
3933.095471260883,-0.0847022725502029,0.0
3934.1340265619096,-0.08419013163074851,0.0
3935.172581862936,-0.08461296651512384,0.0
3936.2111371639617,-0.0717183812521398,0.0
3937.2496924649877,-0.06414169073104858,0.0
3938.288247766014,-0.05209613870829344,0.0
3939.3268030670397,-0.03474264778196812,0.0
3940.365358368066,-0.02793954499065876,0.0
3941.403913669092,-0.015811273828148842,0.0
3942.4424689701186,-0.010134531185030937,0.0
3943.481024271144,-0.004233157262206078,0.0
3944.5195795721706,0.0,0.0
3945.5581348731967,0.004145404323935509,0.0
3946.596690174222,0.014776748605072498,0.0
3947.6352454752487,0.018884353921748698,0.0
3948.673800776275,0.022058640839532018,0.0
3949.712356077301,0.025500509422272444,0.0
3950.7509113783267,0.027029343880712986,0.0
3951.789466679353,0.028264479245990515,0.0
3952.8280219803787,0.027894980739802122,0.0
3953.866577281405,0.029675407335162163,0.0
3954.905132582431,0.03320971317589283,0.0
3955.9436878834576,0.03110829833894968,0.0
3956.982243184483,0.028694835491478443,0.0
3958.0207984855097,0.02139196963980794,0.0
3959.0593537865357,0.013701809104532003,0.0
3960.097909087561,0.004163546487689018,0.0
3961.1364643885877,-0.0009868405759334564,0.0
3962.175019689614,-0.016554130241274834,0.0
3963.21357499064,-0.03015652485191822,0.0
3964.2521302916657,-0.0472449972294271,0.0
3965.290685592692,-0.07067265454679728,0.0
3966.3292408937186,-0.08010145416483283,0.0
3967.3677961947446,-0.09090235515031964,0.0
3968.40635149577,-0.09610062884166837,0.0
3969.4449067967967,-0.10213733580894768,0.0
3970.4834620978227,-0.0971991524565965,0.0
3971.522017398849,-0.08753907633945346,0.0
3972.5605726998747,-0.07741096056997776,0.0
3973.599128000901,-0.06585044506937265,0.0
3974.637683301927,-0.052733860444277525,0.0
3975.6762386029536,-0.04557737475261092,0.0
3976.714793903979,-0.03121855016797781,0.0
3977.7533492050047,-0.012409300077706575,0.0
3978.791904506031,-0.0076876075472682714,0.0
3979.8304598070577,-0.0070730336010456085,0.0
3980.8690151080837,0.0019707903265953064,0.0
3981.907570409109,0.0008841697126626968,0.0
3982.9461257101357,-0.002635575830936432,0.0
3983.9846810111617,0.004752837121486664,0.0
3985.023236312188,0.0026769936084747314,0.0
3986.0617916132137,0.0023277197033166885,0.0
3987.10034691424,0.0024452097713947296,0.0
3988.138902215266,-0.00433039665222168,0.0
3989.1774575162926,0.0006753597408533096,0.0
3990.216012817318,0.0036498308181762695,0.0
3991.2545681183447,0.004987940192222595,0.0
3992.2931234193707,0.0018445700407028198,0.0
3993.331678720397,0.004731142893433571,0.0
3994.3702340214227,-0.00019247457385063171,0.0
3995.4087893224487,0.001441705971956253,0.0
3996.447344623475,0.0042432695627212524,0.0
3997.4858999245016,-0.0020015016198158264,0.0
3998.524455225527,0.0007341373711824417,0.0
3999.5630105265527,0.005418311804533005,0.0
4000.601565827579,0.004647430032491684,0.0
4001.640121128605,-0.002117164433002472,0.0
4002.6786764296317,0.0017200205475091934,0.0
4003.717231730657,-0.00038617663085460663,0.0
4004.7557870316837,-0.00230410136282444,0.0
4005.7943423327097,-0.004530133679509163,0.0
4006.832897633736,-0.004238706082105637,0.0
4007.8714529347617,0.0003690924495458603,0.0
4008.9100082357877,0.002039864659309387,0.0
4009.948563536814,-0.0003296118229627609,0.0
4010.9871188378406,0.0016727149486541748,0.0
4012.025674138866,0.0030350573360919952,0.0
4013.064229439892,0.0009631980210542679,0.0
4014.1027847409187,0.00038452818989753723,0.0
4015.141340041945,0.006018331274390221,0.0
4016.1798953429707,0.004965012893080711,0.0
4017.2184506439967,0.004939014092087746,0.0
4018.257005945023,0.00367945060133934,0.0
4019.2955612460487,0.003776213154196739,0.0
4020.334116547075,0.00319116935133934,0.0
4021.3726718481007,0.0011682622134685516,0.0
4022.411227149127,-6.665289402008057e-05,0.0
4023.449782450153,0.0,0.0
4024.4883377511796,0.0030236318707466125,0.0
4025.526893052205,0.007285198196768761,0.0
4026.565448353231,0.0009697936475276947,0.0
4027.6040036542577,0.0002603381872177124,0.0
4028.642558955284,0.0027189143002033234,0.0
4029.6811142563097,-0.00955227855592966,0.0
4030.7196695573357,-0.008507907390594482,0.0
4031.758224858362,-0.005777021870017052,0.0
4032.7967801593877,-0.01062707882374525,0.0
4033.835335460414,-0.007469747215509415,0.0
4034.87389076144,-0.006853790022432804,0.0
4035.9124460624666,0.00045609474182128906,0.0
4036.951001363492,0.005248634144663811,0.0
4037.9895566645187,0.009422913193702698,0.0
4039.0281119655447,0.011357802897691727,0.0
4040.066667266571,0.007977085188031197,0.0
4041.1052225675967,0.006925961002707481,0.0
4042.143777868623,0.009645968675613403,0.0
4043.1823331696487,0.00020683184266090393,0.0
4044.2208884706747,0.0,0.0
4045.259443771701,-0.00688812555745244,0.0
4046.2979990727276,-0.009659183444455266,0.0
4047.336554373753,-0.011192313628271222,0.0
4048.375109674779,-0.0018224483355879784,0.0
4049.4136649758057,0.004870870150625706,0.0
4050.452220276831,0.0009362827986478806,0.0
4051.4907755778577,0.007311479188501835,0.0
4052.5293308788837,0.011027690954506397,0.0
4053.56788617991,0.004608548246324062,0.0
4054.6064414809357,0.004491516388952732,0.0
4055.644996781962,-0.0007430845871567726,0.0
4056.683552082988,-0.004409519024193287,0.0
4057.7221073840137,-0.004045168869197369,0.0
4058.76066268504,-0.007759330794215202,0.0
4059.7992179860667,-0.003869405947625637,0.0
4060.8377732870927,-0.007490722928196192,0.0
4061.876328588118,-0.013698021415621042,0.0
4062.9148838891447,-0.011583614512346685,0.0
4063.953439190171,-0.016742520965635777,0.0
4064.9919944911967,-0.012782276375219226,0.0
4066.0305497922227,-0.0064866263419389725,0.0
4067.069105093249,-0.009936587397533003,0.0
4068.1076603942747,-0.006797579349949956,0.0
4069.146215695301,-0.00213052611798048,0.0
4070.184770996327,0.002871505916118622,0.0
4071.2233262973537,0.00038169603794813156,0.0
4072.261881598379,-0.002749272622168064,0.0
4073.3004368994057,-0.0029456994961947203,0.0
4074.3389922004317,-0.00394925253931433,0.0
4075.3775475014572,-0.007778404280543327,0.0
4076.4161028024837,-0.005125768366269767,0.0
4077.45465810351,-0.0025264229625463486,0.0
4078.493213404536,0.00036769406870007515,0.0
4079.5317687055617,-0.005036309361457825,0.0
4080.570324006588,-0.0006409792695194483,0.0
4081.608879307614,0.004959017038345337,0.0
4082.6474346086407,0.00453668087720871,0.0
4083.685989909666,0.007911409949883819,0.0
4084.7245452106927,0.011274961987510324,0.0
4085.7631005117187,0.01144218142144382,0.0
4086.801655812745,0.012898422544822097,0.0
4087.8402111137707,0.01624313578940928,0.0
4088.8787664147962,0.016270723775960505,0.0
4089.9173217158227,0.01805610506562516,0.0
4090.955877016849,0.01890996767906472,0.0
4091.994432317875,0.01653083710698411,0.0
4093.0329876189007,0.015930186200421304,0.0
4094.071542919927,0.010267430428939406,0.0
4095.1100982209537,-0.0024170353426598012,0.0
4096.148653521979,-0.002756285364739597,0.0
4097.187208823006,-0.01133839099202305,0.0
4098.225764124032,-0.020108834141865373,0.0
4099.264319425058,-0.02652414352633059,0.0
4100.302874726084,-0.03377510071732104,0.0
4101.34143002711,-0.035004071542061865,0.0
4102.379985328136,-0.03224971378222108,0.0
4103.418540629162,-0.027473792899399996,0.0
4104.457095930188,-0.02772582182660699,0.0
4105.495651231215,-0.018294549081474543,0.0
4106.53420653224,-0.01920099975541234,0.0
4107.572761833267,-0.006770044332370162,0.0
4108.611317134293,-0.005825345171615481,0.0
4109.649872435319,-0.0013885735534131527,0.0
4110.688427736344,-0.0009788544848561287,0.0
4111.726983037371,-0.002278440399095416,0.0
4112.765538338397,0.003239735553506762,0.0
4113.804093639423,0.007843622704967856,0.0
4114.842648940449,0.005945784505456686,0.0
4115.881204241476,0.01085791876539588,0.0
4116.919759542501,0.0013885735534131527,0.0
4117.958314843528,0.0032954683993011713,0.0
4118.996870144553,0.003998185216914862,0.0
4120.03542544558,0.0001653856597840786,0.0
4121.073980746605,0.0030768124852329493,0.0
4122.112536047632,0.005444853333756328,0.0
4123.151091348658,0.0053374136332422495,0.0
4124.189646649684,0.006939510349184275,0.0
4125.22820195071,0.009137771092355251,0.0
4126.266757251737,0.012208826141431928,0.0
4127.305312552762,0.009853169089183211,0.0
4128.343867853788,0.004135041497647762,0.0
4129.382423154814,-0.002527860924601555,0.0
4130.420978455841,-0.0018548434600234032,0.0
4131.459533756866,-0.004091821610927582,0.0
4132.498089057893,-0.010307008400559425,0.0
4133.536644358919,-0.0082017183303833,0.0
4134.575199659945,-0.008298467844724655,0.0
4135.613754960971,-0.003988885320723057,0.0
4136.652310261997,0.004040388390421867,0.0
4137.690865563022,0.01110367407090962,0.0
4138.729420864049,0.010090536205098033,0.0
4139.767976165075,0.008726476109586656,0.0
4140.806531466102,0.005084531614556909,0.0
4141.845086767127,0.00038049183785915375,0.0
4142.883642068154,-0.007374204695224762,0.0
4143.92219736918,-0.00721167866140604,0.0
4144.960752670206,-0.005319144576787949,0.0
4145.999307971231,-0.007987244054675102,0.0
4147.037863272258,-0.00648078415542841,0.0
4148.076418573284,-0.006074633449316025,0.0
4149.114973874311,-0.0007369229570031166,0.0
4150.153529175336,-8.271448314189911e-05,0.0
4151.192084476363,-0.0004955427721142769,0.0
4152.230639777388,-0.002294061705470085,0.0
4153.269195078415,-0.006131816655397415,0.0
4154.30775037944,-0.006770092993974686,0.0
4155.346305680466,-0.009360570460557938,0.0
4156.384860981492,-0.004970930516719818,0.0
4157.423416282519,-0.005080746486783028,0.0
4158.461971583545,0.0013982895761728287,0.0
4159.500526884571,0.007639800664037466,0.0
4160.539082185597,0.005227839574217796,0.0
4161.577637486623,0.014361880486831069,0.0
4162.616192787649,0.012626010255189613,0.0
4163.654748088675,0.013640097284223884,0.0
4164.693303389701,0.01030041673220694,0.0
4165.731858690728,0.011282200692221522,0.0
4166.770413991754,0.007647390011698008,0.0
4167.80896929278,0.0007369229570031166,0.0
4168.847524593806,0.00041342806071043015,0.0
4169.886079894832,-0.0009995708242058754,0.0
4170.924635195858,-0.005084493197500706,0.0
4171.963190496884,-0.012122812680900097,0.0
4173.00174579791,-0.011899379082024097,0.0
4174.040301098937,-0.012629677541553974,0.0
4175.078856399963,-0.01063643116503954,0.0
4176.117411700989,-0.006045584566891193,0.0
4177.155967002014,-0.008351494558155537,0.0
4178.194522303041,-0.007857619784772396,0.0
4179.233077604066,-0.0038861967623233795,0.0
4180.271632905093,-0.00452781654894352,0.0
4181.310188206118,-0.004171477630734444,0.0
4182.348743507145,-0.0008077211678028107,0.0
4183.387298808171,0.0016708122566342354,0.0
4184.425854109198,-0.0015059774741530418,0.0
4185.464409410223,0.0008843960240483284,0.0
4186.502964711249,-0.0006220340728759766,0.0
4187.541520012275,0.0005738846957683563,0.0
4188.580075313302,0.002148916944861412,0.0
4189.618630614327,0.0031015430577099323,0.0
4190.657185915354,0.006114587187767029,0.0
4191.69574121638,0.0077030048705637455,0.0
4192.734296517407,0.005927053280174732,0.0
4193.772851818432,0.0013076048344373703,0.0
4194.811407119458,8.940882980823517e-05,0.0
4195.849962420484,-0.0016708122566342354,0.0
4196.88851772151,-0.004187937825918198,0.0
4197.927073022536,-0.015430937521159649,0.0
4198.965628323562,-0.014039053581655025,0.0
4200.004183624588,-0.011222141794860363,0.0
4201.042738925615,-0.013472477905452251,0.0
4202.081294226641,-0.006490101106464863,0.0
4203.119849527667,-0.004338739439845085,0.0
4204.158404828692,-0.002481420524418354,0.0
4205.196960129719,0.00145619735121727,0.0
4206.235515430745,0.010570866288617253,0.0
4207.274070731771,0.007112320163287222,0.0
4208.312626032797,0.008883797941962257,0.0
4209.351181333824,0.011231030570343137,0.0
4210.389736634849,0.010076180333271623,0.0
4211.428291935876,0.008576407097280025,0.0
4212.466847236901,0.007634992944076657,0.0
4213.505402537928,0.004397151758894324,0.0
4214.543957838953,0.00025888276286423206,0.0
4215.58251313998,0.002435406444419641,0.0
4216.621068441006,0.0021281955851009116,0.0
4217.659623742032,0.00463857757858932,0.0
4218.698179043058,0.014395993668586016,0.0
4219.736734344085,0.009493481367826462,0.0
4220.77528964511,0.00766539853066206,0.0
4221.813844946136,0.005295989220030606,0.0
4222.852400247162,-0.0007908340776339173,0.0
4223.890955548189,-0.017152442247606814,0.0
4224.929510849214,-0.02395276038441807,0.0
4225.968066150241,-0.03349674365017563,0.0
4227.006621451267,-0.03982078155968338,0.0
4228.045176752293,-0.032182561815716326,0.0
4229.083732053319,-0.025939690065570176,0.0
4230.122287354345,-0.01715284347301349,0.0
4231.160842655371,-0.016705434914911166,0.0
4232.199397956397,-0.0021731383894803002,0.0
4233.237953257423,0.0013798998115817085,0.0
4234.27650855845,-0.0054340043643605895,0.0
4235.315063859475,-0.0004016340826638043,0.0
4236.353619160502,-0.002412750356597826,0.0
4237.392174461528,1.965781848412007e-05,0.0
4238.430729762554,-0.0011403780736145563,0.0
4239.469285063579,0.004401477744977456,0.0
4240.507840364606,0.0024416134619968943,0.0
4241.546395665632,0.006002888912917115,0.0
4242.584950966658,0.015648546526790597,0.0
4243.623506267684,0.016713467324734665,0.0
4244.662061568711,0.01806134068465326,0.0
4245.700616869736,0.015942682410241105,0.0
4246.739172170763,0.015364558334113099,0.0
4247.777727471788,0.012164706262410618,0.0
4248.816282772815,-0.0003675589250633493,0.0
4249.85483807384,0.0010918348416453227,0.0
4250.893393374867,8.35737882880494e-05,0.0
4251.931948675893,-0.002534267434384674,0.0
4252.970503976919,-0.0038082811515778303,0.0
4254.009059277945,-4.947138950228691e-05,0.0
4255.047614578972,0.0018331003957428038,0.0
4256.086169879997,0.0034169674618169665,0.0
4257.124725181023,-1.5349360182881355e-05,0.0
4258.163280482049,0.003379258676432073,0.0
4259.201835783076,-0.0005182512104511261,0.0
4260.240391084102,-0.013232082594186068,0.0
4261.278946385128,-0.017841907683759928,0.0
4262.317501686154,-0.008707715664058924,0.0
4263.35605698718,0.002828709257300943,0.0
4264.394612288206,0.016431201482191682,0.0
4265.433167589232,0.017244267102796584,0.0
4266.471722890257,0.02145157882478088,0.0
4267.510278191284,0.014701179810799658,0.0
4268.54883349231,0.005562773323617876,0.0
4269.587388793337,-0.006311143981292844,0.0
4270.625944094362,-0.015557792503386736,0.0
4271.664499395389,-0.02204240672290325,0.0
4272.703054696415,-0.024544613901525736,0.0
4273.741609997441,-0.023757355753332376,0.0
4274.780165298466,-0.020496459677815437,0.0
4275.818720599493,-0.009080065414309502,0.0
4276.857275900519,0.0,0.0
4277.895831201546,0.011011974886059761,0.0
4278.934386502571,0.01608166773803532,0.0
4279.972941803598,0.02279200591146946,0.0
4281.011497104623,0.020931848790496588,0.0
4282.05005240565,0.02553191501647234,0.0
4283.088607706675,0.013404892524704337,0.0
4284.127163007702,0.012445995584130287,0.0
4285.165718308728,0.016153783770278096,0.0
4286.204273609755,0.01154458336532116,0.0
4287.24282891078,0.004365014843642712,0.0
4288.281384211806,-0.003912867978215218,0.0
4289.319939512832,-0.00670505128800869,0.0
4290.358494813858,-0.012506097555160522,0.0
4291.397050114884,-0.006218016147613525,0.0
4292.43560541591,-0.01887219399213791,0.0
4293.474160716936,-0.002466358244419098,0.0
4294.512716017963,0.0,0.0
4295.551271318989,-0.0206330344080925,0.0
4296.589826620015,-0.02058136835694313,0.0
4297.628381921041,-0.0389951653778553,0.0
4298.666937222067,-0.04939368739724159,0.0
4299.705492523093,-0.04629911854863167,0.0
4300.744047824119,-0.06448348984122276,0.0
4301.782603125145,-0.07396524772047997,0.0
4302.821158426172,-0.07486186549067497,0.0
4303.859713727198,-0.06332095339894295,0.0
4304.898269028224,-0.05347415432333946,0.0
4305.936824329249,-0.06985854730010033,0.0
4306.975379630276,-0.08261749520897865,0.0
4308.013934931301,-0.09827646240592003,0.0
4309.052490232328,-0.10430782102048397,0.0
4310.091045533353,-0.08426957577466965,0.0
4311.12960083438,-0.05430903285741806,0.0
4312.168156135406,-0.02731284499168396,0.0
4313.206711436433,-0.008684933185577393,0.0
4314.245266737458,0.00032816082239151,0.0
4315.283822038484,0.013167625293135643,0.0
4316.32237733951,0.016212154179811478,0.0
4317.360932640537,0.01020718552172184,0.0
4318.399487941562,0.024869975284673274,0.0
4319.438043242589,0.006134809926152229,0.0
4320.476598543615,-0.006840776652097702,0.0
4321.515153844642,-0.015707585960626602,0.0
4322.553709145667,-0.030663922429084778,0.0
4323.592264446693,-0.06016756594181061,0.0
4324.630819747719,-0.06258043460547924,0.0
4325.669375048745,-0.043387630954384804,0.0
4326.707930349771,-0.014621870592236519,0.0
4327.746485650798,0.003680524416267872,0.0
4328.785040951824,0.011547740083187819,0.0
4329.82359625285,0.025138881988823414,0.0
4330.862151553876,0.030317960307002068,0.0
4331.900706854902,0.024369163438677788,0.0
4332.939262155927,0.02027944941073656,0.0
4333.977817456954,0.022159290499985218,0.0
4335.01637275798,0.015196644235402346,0.0
4336.054928059006,0.011193980812095106,0.0
4337.093483360032,0.0013026248198002577,0.0
4338.132038661059,-0.00883012730628252,0.0
4339.170593962084,-0.020188216120004654,0.0
4340.209149263111,-0.026944118551909924,0.0
4341.247704564136,-0.031425971537828445,0.0
4342.286259865163,-0.03111860156059265,0.0
4343.324815166188,-0.02120219194330275,0.0
4344.363370467215,-0.007583243306726217,0.0
4345.401925768241,-0.0006810850463807583,0.0
4346.440481069267,0.002938970224931836,0.0
4347.479036370293,0.01152668846771121,0.0
4348.51759167132,0.01181188365444541,0.0
4349.556146972345,0.012337067630141973,0.0
4350.594702273371,0.006261567818000913,0.0
4351.633257574397,0.006550529971718788,0.0
4352.671812875424,0.0,0.0
4353.710368176449,-0.0023431701119989157,0.0
4354.748923477476,0.0027926908805966377,0.0
4355.787478778502,0.0056402720510959625,0.0
4356.826034079528,0.010417875833809376,0.0
4357.864589380554,0.01719944109208882,0.0
4358.90314468158,0.011498468928039074,0.0
4359.941699982606,0.01702909730374813,0.0
4360.980255283632,0.01812811102718115,0.0
4362.018810584658,0.014737692661583424,0.0
4363.057365885685,0.017867722548544407,0.0
4364.09592118671,0.019214048516005278,0.0
4365.134476487737,0.02134269941598177,0.0
4366.173031788763,0.018078015185892582,0.0
4367.211587089789,0.02292195614427328,0.0
4368.250142390814,0.020285832230001688,0.0
4369.288697691841,0.0150540079921484,0.0
4370.327252992867,0.013874179916456342,0.0
4371.365808293894,0.014443741645663977,0.0
4372.404363594919,0.009796170983463526,0.0
4373.442918895946,0.0004679849371314049,0.0
4374.481474196971,0.0025285175070166588,0.0
4375.520029497998,0.0,0.0
4376.558584799023,-0.0009438511915504932,0.0
4377.59714010005,0.0009650406427681446,0.0
4378.635695401075,-0.0014578199479728937,0.0
4379.674250702102,0.0,0.0
4380.712806003128,-0.004770054714754224,0.0
4381.751361304154,-0.020922745345160365,0.0
4382.78991660518,-0.032441605580970645,0.0
4383.828471906207,-0.03861568006686866,0.0
4384.867027207232,-0.03803928452543914,0.0
4385.905582508258,-0.03791051614098251,0.0
4386.944137809284,-0.03330385941080749,0.0
4387.982693110311,-0.02918597566895187,0.0
4389.021248411337,-0.02489035716280341,0.0
4390.059803712363,-0.023967241402715445,0.0
4391.098359013389,-0.02012627338990569,0.0
4392.136914314415,-0.010003234259784222,0.0
4393.175469615441,-0.006652301410213113,0.0
4394.214024916467,-0.0004554435145109892,0.0
4395.252580217493,-0.004314308491302654,0.0
4396.29113551852,-0.0054183375323191285,0.0
4397.329690819546,0.006694040494039655,0.0
4398.368246120572,0.005942142102867365,0.0
4399.406801421597,-0.0002666492946445942,0.0
4400.445356722624,-0.005477738333866,0.0
4401.48391202365,-0.00394874787889421,0.0
4402.522467324676,-0.005651502637192607,0.0
4403.561022625701,-0.01697728456929326,0.0
4404.599577926728,-0.018641863483935595,0.0
4405.638133227754,-0.01901269005611539,0.0
4406.676688528781,-0.022618158254772425,0.0
4407.715243829806,-0.017857706639915705,0.0
4408.753799130833,-0.00905789784155786,0.0
4409.792354431858,-0.006698928540572524,0.0
4410.830909732885,0.002061577048152685,0.0
4411.86946503391,0.010529690654948354,0.0
4412.908020334937,0.010296371066942811,0.0
4413.946575635963,0.008636431070044637,0.0
4414.98513093699,-0.00011652975808829069,0.0
4416.023686238015,0.00259773968718946,0.0
4417.062241539041,0.006347365444526076,0.0
4418.100796840067,0.002371805952861905,0.0
4419.139352141093,0.0034685872960835695,0.0
4420.177907442119,0.009147216100245714,0.0
4421.216462743145,0.0091449364554137,0.0
4422.255018044171,0.004974225303158164,0.0
4423.293573345198,0.006872200174257159,0.0
4424.332128646224,0.00841259746812284,0.0
4425.37068394725,0.009178416570648551,0.0
4426.409239248276,0.0027790360618382692,0.0
4427.447794549302,0.0008782625664025545,0.0
4428.486349850328,0.0040047753136605024,0.0
4429.524905151354,0.005242846207693219,0.0
4430.56346045238,0.0018478634301573038,0.0
4431.602015753407,-0.001794927753508091,0.0
4432.640571054433,-0.004956568242050707,0.0
4433.679126355459,-0.005962383700534701,0.0
4434.717681656484,-0.0009094997512875125,0.0
4435.756236957511,-0.004857567022554576,0.0
4436.794792258536,-0.0010023193772212835,0.0
4437.833347559563,-0.00014051428297534585,0.0
4438.871902860589,0.009772844845429063,0.0
4439.910458161616,0.006740975542925298,0.0
4440.949013462641,0.0031729068141430616,0.0
4441.987568763668,1.9871164113283157e-05,0.0
4443.026124064693,-0.0033012001658789814,0.0
4444.064679365719,0.005290013737976551,0.0
4445.103234666745,0.004330428782850504,0.0
4446.141789967772,0.006239317823201418,0.0
4447.180345268797,0.00911181652918458,0.0
4448.218900569824,0.010015448555350304,0.0
4449.25745587085,0.014210684224963188,0.0
4450.296011171877,0.005895963869988918,0.0
4451.334566472902,0.004135257564485073,0.0
4452.373121773928,-0.0029661156004294753,0.0
4453.411677074954,-0.010587874799966812,0.0
4454.45023237598,-0.016766232438385487,0.0
4455.488787677006,-0.019384028390049934,0.0
4456.527342978033,-0.029130762442946434,0.0
4457.565898279059,-0.030688035767525434,0.0
4458.604453580085,-0.03532806318253279,0.0
4459.643008881111,-0.035333802457898855,0.0
4460.681564182137,-0.030892446637153625,0.0
4461.720119483162,-0.02998117369133979,0.0
4462.758674784189,-0.02063175442162901,0.0
4463.797230085215,-0.017816885141655803,0.0
4464.835785386241,-0.01757039112271741,0.0
4465.874340687267,-0.016303120006341487,0.0
4466.912895988294,-0.009689520869869739,0.0
4467.95145128932,-0.004926414578221738,0.0
4468.990006590346,-0.0028253838536329567,0.0
4470.028561891371,-0.0027878036999027245,0.0
4471.067117192398,-0.004769789054989815,0.0
4472.105672493423,-0.003683454095153138,0.0
4473.14422779445,0.0006882953457534313,0.0
4474.182783095476,0.007331474684178829,0.0
4475.221338396502,0.01050556544214487,0.0
4476.259893697528,0.012953657656908035,0.0
4477.298448998555,0.008003836032003164,0.0
4478.33700429958,0.01239439332857728,0.0
4479.375559600606,0.010651151183992624,0.0
4480.414114901632,-0.0006221276707947254,0.0
4481.452670202659,0.0006030197255313396,0.0
4482.491225503685,-0.0019231955520808697,0.0
4483.529780804711,-0.0017757061868906021,0.0
4484.568336105737,0.004238113760948181,0.0
4485.606891406764,0.0027426625601947308,0.0
4486.645446707789,0.005125347059220076,0.0
4487.684002008815,0.003636825829744339,0.0
4488.72255730984,0.0013797529973089695,0.0
4489.761112610867,0.002073054201900959,0.0
4490.799667911893,-0.002711053821258247,0.0
4491.83822321292,-0.004830887424759567,0.0
4492.876778513945,-0.00592015206348151,0.0
4493.915333814972,-0.012543539516627789,0.0
4494.953889115998,-0.014933183789253235,0.0
4495.992444417024,-0.014231191948056221,0.0
4497.030999718049,-0.00696687086019665,0.0
4498.069555019076,-0.009699930902570486,0.0
4499.108110320102,-0.0057729382533580065,0.0
4500.146665621129,6.668036803603172e-05,0.0
4501.185220922154,-9.782100096344948e-05,0.0
4502.223776223181,0.007378405891358852,0.0
4503.262331524207,0.008132089860737324,0.0
4504.300886825233,0.007065261714160442,0.0
4505.339442126258,0.010527286678552628,0.0
4506.377997427285,0.00821464229375124,0.0
4507.416552728311,0.013101257383823395,0.0
4508.455108029338,0.019266470335423946,0.0
4509.493663330363,0.01576208369806409,0.0
4510.532218631389,0.011445998214185238,0.0
4511.570773932415,0.013237277278676629,0.0
4512.609329233442,0.009381197858601809,0.0
4513.647884534467,0.010381071828305721,0.0
4514.686439835493,0.00671954161953181,0.0
4515.724995136519,0.014807830448262393,0.0
4516.763550437546,0.009348709369078279,0.0
4517.802105738572,0.008370188414119184,0.0
4518.840661039598,0.0063877186039462686,0.0
4519.879216340623,0.007826239103451371,0.0
4520.91777164165,0.010184502694755793,0.0
4521.956326942676,0.014135270845144987,0.0
4522.994882243702,0.012543539516627789,0.0
4524.033437544728,0.00374149763956666,0.0
4525.071992845755,-0.006506768986582756,0.0
4526.110548146781,-0.02164789941161871,0.0
4527.149103447807,-0.028496759943664074,0.0
4528.187658748832,-0.029333780519664288,0.0
4529.226214049859,-0.0307098887860775,0.0
4530.264769350885,-0.03327615559101105,0.0
4531.303324651911,-0.03614097274839878,0.0
4532.341879952936,-0.027898206375539303,0.0
4533.380435253963,-0.02999384980648756,0.0
4534.418990554989,-0.0328575549647212,0.0
4535.457545856016,-0.02596988808363676,0.0
4536.496101157041,-0.015382061712443829,0.0
4537.534656458067,-0.013655531220138073,0.0
4538.573211759093,-0.006878719665110111,0.0
4539.61176706012,-0.0010249372571706772,0.0
4540.650322361145,-0.005169733427464962,0.0
4541.688877662172,-0.004344836808741093,0.0
4542.727432963198,-0.010279211215674877,0.0
4543.765988264225,-0.0080369608476758,0.0
4544.80454356525,-0.0064852191135287285,0.0
4545.843098866276,-0.009614941664040089,0.0
4546.881654167302,-0.010025136172771454,0.0
4547.920209468329,-0.013884718529880047,0.0
4548.958764769354,-0.019322131760418415,0.0
4549.997320070381,-0.008885923773050308,0.0
4551.035875371407,-0.00742107629776001,0.0
4552.074430672433,-0.01010952889919281,0.0
4553.112985973459,-0.004187015816569328,0.0
4554.151541274485,-0.005206329748034477,0.0
4555.19009657551,-0.009557152166962624,0.0
4556.228651876537,0.006413524970412254,0.0
4557.267207177563,0.01370285451412201,0.0
4558.305762478589,0.013794309226796031,0.0
4559.344317779615,0.013169468846172094,0.0
4560.382873080642,0.022554307244718075,0.0
4561.421428381668,0.019883736968040466,0.0
4562.459983682694,0.007578854449093342,0.0
4563.498538983719,0.005236276425421238,0.0
4564.537094284746,-0.007210293784737587,0.0
4565.575649585772,0.0033210618421435356,0.0
4566.614204886798,0.00423420500010252,0.0
4567.652760187824,-0.002846634015440941,0.0
4568.69131548885,0.003333890810608864,0.0
4569.729870789876,0.007221389561891556,0.0
4570.768426090903,0.004822700284421444,0.0
4571.806981391928,0.012255467940121889,0.0
4572.845536692954,0.01195414352696389,0.0
4573.88409199398,0.015307481866329908,0.0
4574.922647295007,0.017535673920065165,0.0
4575.961202596032,0.00806844886392355,0.0
4576.999757897059,0.004703054670244455,0.0
4578.038313198085,0.006032804027199745,0.0
4579.076868499112,-0.0031203385442495346,0.0
4580.115423800137,-0.0028843507170677185,0.0
4581.153979101163,-0.005894690752029419,0.0
4582.192534402189,-0.008437392301857471,0.0
4583.231089703216,-0.006784280762076378,0.0
4584.269645004241,-0.0068992916494607925,0.0
4585.308200305268,-0.009995151311159134,0.0
4586.346755606293,-0.009142330847680569,0.0
4587.38531090732,0.0005191778764128685,0.0
4588.423866208346,-0.0010926080867648125,0.0
4589.462421509372,0.0,0.0
4590.500976810397,0.004071790259331465,0.0
4591.539532111424,-0.003590246196836233,0.0
4592.57808741245,-0.003074134234338999,0.0
4593.616642713477,-0.007528375368565321,0.0
4594.655198014502,-0.007455756422132254,0.0
4595.693753315529,-0.007187387440353632,0.0
4596.732308616555,-0.011950488667935133,0.0
4597.770863917581,-0.016690482385456562,0.0
4598.809419218606,-0.011278878897428513,0.0
4599.847974519633,-0.011969556100666523,0.0
4600.886529820658,-0.009003069950267673,0.0
4601.925085121685,-0.011228779330849648,0.0
4602.963640422711,-0.005908658728003502,0.0
4604.002195723737,-0.00018816092051565647,0.0
4605.040751024763,-0.007219716906547546,0.0
4606.07930632579,-0.0010573947802186012,0.0
4607.117861626815,0.00018816092051565647,0.0
4608.156416927841,0.004693738131891223,0.0
4609.194972228867,0.006915201433002949,0.0
4610.233527529894,0.007747469935566187,0.0
4611.27208283092,0.010567879304289818,0.0
4612.310638131946,0.018614159896969795,0.0
4613.349193432972,0.018219302408397198,0.0
4614.387748733999,0.01489576930180192,0.0
4615.426304035024,0.00993349275086075,0.0
4616.46485933605,0.01767286006361246,0.0
4617.503414637076,0.019559310749173164,0.0
4618.541969938103,0.02311031986027956,0.0
4619.580525239129,0.021881278604269028,0.0
4620.619080540155,0.018682187423110008,0.0
4621.65763584118,0.017844630405306816,0.0
4622.696191142207,0.019242962822318077,0.0
4623.734746443233,0.013255955651402473,0.0
4624.773301744259,0.01761148334480822,0.0
4625.811857045284,0.01555215404368937,0.0
4626.850412346311,0.01368381641805172,0.0
4627.888967647337,0.007969575701281428,0.0
4628.927522948364,0.012308489996939898,0.0
4629.966078249389,0.008360527455806732,0.0
4631.004633550416,0.007523896638303995,0.0
4632.043188851442,0.012598458211869001,0.0
4633.081744152468,0.003431370423641056,0.0
4634.120299453493,0.004937507910653949,0.0
4635.15885475452,0.005383525276556611,0.0
4636.197410055546,0.0010814117267727852,0.0
4637.235965356573,-0.006199605297297239,0.0
4638.274520657598,-0.0072536165826022625,0.0
4639.313075958624,-0.008069416042417288,0.0
4640.35163125965,-0.009110344108194113,0.0
4641.390186560677,-0.007182223256677389,0.0
4642.428741861702,-0.010966797824949026,0.0
4643.467297162728,-0.008495892165228724,0.0
4644.505852463754,-0.01313080359250307,0.0
4645.544407764781,-0.016200143843889236,0.0
4646.582963065807,-0.018685882445424795,0.0
4647.621518366833,-0.0217471937648952,0.0
4648.660073667858,-0.018186049535870552,0.0
4649.698628968885,-0.011058186180889606,0.0
4650.737184269911,-0.007395561784505844,0.0
4651.775739570937,0.0,0.0
4652.814294871963,-0.004563807509839535,0.0
4653.85285017299,-0.0014594802632927895,0.0
4654.891405474016,-0.0019521871581673622,0.0
4655.929960775042,0.0,0.0
4656.968516076067,0.008009290904738009,0.0
4658.007071377094,0.01251134229823947,0.0
4659.04562667812,0.006238511297851801,0.0
4660.084181979146,0.01523073110729456,0.0
4661.122737280172,0.01300621242262423,0.0
4662.161292581199,0.006156187271699309,0.0
4663.199847882225,0.009580627767718397,0.0
4664.238403183251,0.0012361733242869377,0.0
4665.276958484276,-0.011128371581435204,0.0
4666.315513785302,-0.015344281680881977,0.0
4667.354069086328,-0.02204268053174019,0.0
4668.392624387355,-0.02562240045517683,0.0
4669.43117968838,-0.02269989252090454,0.0
4670.469734989407,-0.02283061109483242,0.0
4671.508290290433,-0.010538771748542786,0.0
4672.54684559146,0.0013208910822868347,0.0
4673.585400892485,0.007592125795781612,0.0
4674.623956193511,0.006179745774716139,0.0
4675.662511494537,0.008382775820791721,0.0
4676.701066795564,0.007381597068160772,0.0
4677.739622096589,0.005131443031132221,0.0
4678.778177397616,-0.0003825286403298378,0.0
4679.816732698642,-0.0005725948140025139,0.0
4680.855287999668,-0.004430872388184071,0.0
4681.893843300694,-0.0009100334718823433,0.0
4682.93239860172,-0.005631768144667149,0.0
4683.970953902745,-0.002750878222286701,0.0
4685.009509203772,-0.006423884071409702,0.0
4686.048064504798,-0.004121653735637665,0.0
4687.086619805824,0.009077495720703155,0.0
4688.12517510685,0.0020167441107332706,0.0
4689.163730407877,-0.0002688933163881302,0.0
4690.202285708903,0.0006401436403393745,0.0
4691.240841009929,0.0038418262265622616,0.0
4692.279396310954,0.0034102564677596092,0.0
4693.317951611981,0.0018214923329651356,0.0
4694.356506913007,0.002502220682799816,0.0
4695.395062214033,0.0038618636317551136,0.0
4696.433617515059,0.0025910562835633755,0.0
4697.472172816085,-0.0011972282081842422,0.0
4698.510728117111,-0.00265372171998024,0.0
4699.549283418138,-0.008179488591849804,0.0
4700.587838719163,-0.014871115796267986,0.0
4701.626394020189,-0.014077605679631233,0.0
4702.664949321215,-0.019261432345956564,0.0
4703.703504622242,-0.022187048569321632,0.0
4704.742059923268,-0.019109734799712896,0.0
4705.780615224294,-0.01034291135147214,0.0
4706.81917052532,-0.013506997842341661,0.0
4707.857725826347,-0.016486365348100662,0.0
4708.896281127372,-0.011811904609203339,0.0
4709.934836428398,-0.01134125143289566,0.0
4710.973391729424,-0.006401245482265949,0.0
4712.011947030451,-0.0032915016636252403,0.0
4713.050502331476,0.0008647032082080841,0.0
4714.089057632503,-0.0026317681185901165,0.0
4715.127612933528,0.0008416329510509968,0.0
4716.166168234555,0.005588452011579648,0.0
4717.204723535581,0.009277971927076578,0.0
4718.243278836607,0.015852108597755432,0.0
4719.281834137632,0.02170706447213888,0.0
4720.320389438659,0.016439903061836958,0.0
4721.358944739685,0.017831229139119387,0.0
4722.397500040712,0.018279212061315775,0.0
4723.436055341737,0.02105254167690873,0.0
4724.474610642764,0.011627887695794925,0.0
4725.51316594379,0.010622964473441243,0.0
4726.551721244816,0.0020752701675519347,0.0
4727.590276545841,-0.006776601658202708,0.0
4728.628831846868,-0.008033930440433323,0.0
4729.667387147894,-0.007913295761682093,0.0
4730.705942448921,-0.012892751605249941,0.0
4731.744497749946,-0.011329785571433604,0.0
4732.783053050972,-0.006809795857407153,0.0
4733.821608351998,-0.006886370130814612,0.0
4734.860163653025,-0.0077884356724098325,0.0
4735.89871895405,-0.0007581020472571254,0.0
4736.937274255076,-0.00025442440528422594,0.0
4737.975829556102,0.0,0.0
4739.014384857129,0.006100793369114399,0.0
4740.052940158155,0.00573584483936429,0.0
4741.091495459181,0.008122827392071486,0.0
4742.130050760207,0.004831028636544943,0.0
4743.168606061234,0.0033940966241061687,0.0
4744.207161362259,0.006448577623814344,0.0
4745.245716663285,0.00635484280064702,0.0
4746.284271964311,0.009481260553002357,0.0
4747.322827265338,0.009667845442891121,0.0
4748.361382566364,0.00282974261790514,0.0
4749.39993786739,0.005168847739696503,0.0
4750.438493168415,0.0026351911947131157,0.0
4751.477048469442,0.0046232473105192184,0.0
4752.515603770468,0.005224226042628288,0.0
4753.554159071494,0.00037063099443912506,0.0
4754.592714372519,0.0,0.0
4755.631269673546,-0.0016562612727284431,0.0
4756.669824974572,0.003847526852041483,0.0
4757.708380275599,0.0,0.0
4758.746935576624,-0.0023280056193470955,0.0
4759.785490877651,-0.0015923427417874336,0.0
4760.824046178677,-0.005032972199842334,0.0
4761.862601479703,-0.010160719510167837,0.0
4762.901156780728,-0.01404533814638853,0.0
4763.939712081755,-0.012546394485980272,0.0
4764.978267382781,-0.016509863547980785,0.0
4766.016822683808,-0.02353761065751314,0.0
4767.055377984833,-0.013570137321949005,0.0
4768.093933285859,-0.012975496239960194,0.0
4769.132488586885,-0.009390863648150116,0.0
4770.171043887912,-0.010138120505871484,0.0
4771.209599188937,-0.0020444318652153015,0.0
4772.248154489964,-0.003992709796875715,0.0
4773.28670979099,0.003876914270222187,0.0
4774.325265092017,0.0030919667333364487,0.0
4775.363820393042,0.0025562443770468235,0.0
4776.402375694068,0.00669291615486145,0.0
4777.440930995094,0.005081683862954378,0.0
4778.47948629612,0.0035810573026537895,0.0
4779.518041597146,0.0009077014401555061,0.0
4780.556596898172,0.0038290508091449738,0.0
4781.595152199198,0.002074805088341236,0.0
4782.633707500225,0.002421031706035137,0.0
4783.672262801251,-0.0020993477664887905,0.0
4784.710818102277,-0.006036080187186599,0.0
4785.749373403302,-0.0063045264687389135,0.0
4786.787928704329,-0.009842497645877302,0.0
4787.826484005355,-0.01265358692035079,0.0
4788.865039306381,-0.0068746579345315695,0.0
4789.903594607407,-0.004578612046316266,0.0
4790.942149908434,-0.0004884693771600723,0.0
4791.98070520946,0.0010654861107468605,0.0
4793.019260510486,0.0026145819574594498,0.0
4794.057815811511,0.005232715047895908,0.0
4795.096371112537,0.008429168723523617,0.0
4796.134926413563,0.012952337972819805,0.0
4797.17348171459,0.005541679449379444,0.0
4798.212037015615,0.003994205966591835,0.0
4799.250592316642,0.0051014618948102,0.0
4800.289147617668,0.009788102470338345,0.0
4801.327702918695,0.006752700544893742,0.0
4802.36625821972,0.0025271493941545486,0.0
4803.404813520746,0.004203584976494312,0.0
4804.443368821772,0.002247813157737255,0.0
4805.481924122799,0.00011529214680194855,0.0
4806.520479423824,-0.0018285103142261505,0.0
4807.559034724851,-0.0016240570694208145,0.0
4808.597590025877,-0.005047345766797662,0.0
4809.636145326904,0.0011662640608847141,0.0
4810.674700627929,-0.0020490572787821293,0.0
4811.713255928955,0.0009104353375732899,0.0
4812.75181122998,0.0017849751748144627,0.0
4813.790366531007,-0.00214630039408803,0.0
4814.828921832033,-0.002189758000895381,0.0
4815.86747713306,0.011313172057271004,0.0
4816.906032434085,0.010749541688710451,0.0
4817.944587735112,0.004675689619034529,0.0
4818.983143036138,0.008740934892557561,0.0
4820.021698337164,0.010880475398153067,0.0
4821.060253638189,0.009396018460392952,0.0
4822.098808939216,0.006649267394095659,0.0
4823.137364240242,0.007639672374352813,0.0
4824.175919541268,0.0021811043843626976,0.0
4825.214474842294,-0.0010434992145746946,0.0
4826.25303014332,-0.004363861226011068,0.0
4827.291585444346,-0.0012803271529264748,0.0
4828.330140745373,0.004031855671200901,0.0
4829.368696046398,-0.002528447366785258,0.0
4830.407251347424,-0.0010667245951481164,0.0
4831.44580664845,0.002178673224989325,0.0
4832.484361949477,-0.006460374686866999,0.0
4833.522917250503,-0.001382972113788128,0.0
4834.561472551529,-0.0032200769055634737,0.0
4835.600027852555,0.003792883362621069,0.0
4836.638583153582,-0.0064334741327911615,0.0
4837.677138454607,0.0001230596099048853,0.0
4838.715693755633,-0.000952606787905097,0.0
4839.754249056659,0.0015173926949501038,0.0
4840.792804357686,-0.0010153967887163162,0.0
4841.831359658712,0.0012404518201947212,0.0
4842.869914959738,-0.003924077842384577,0.0
4843.908470260763,0.006460374686866999,0.0
4844.94702556179,-7.818453013896942e-05,0.0
4845.985580862816,0.006103306310251355,0.0
4847.024136163842,0.007258526748046279,0.0
4848.062691464867,-0.004149268381297588,0.0
4849.101246765894,0.0025896774604916573,0.0
4850.13980206692,6.780494004487991e-05,0.0
4851.178357367947,-0.0061660343781113625,0.0
4852.216912668972,-0.004482122138142586,0.0
4853.255467969999,-0.017551777884364128,0.0
4854.294023271025,-0.02640167810022831,0.0
4855.332578572051,-0.02703573927283287,0.0
4856.371133873076,-0.03402167186141014,0.0
4857.409689174103,-0.03898593783378601,0.0
4858.448244475129,-0.04131026566028595,0.0
4859.486799776156,-0.047708626836538315,0.0
4860.525355077181,-0.04892736300826073,0.0
4861.563910378207,-0.03819834813475609,0.0
4862.602465679233,-0.046395476907491684,0.0
4863.64102098026,-0.0439683236181736,0.0
4864.679576281285,-0.037422653287649155,0.0
4865.718131582311,-0.04382547363638878,0.0
4866.756686883337,-0.029275409877300262,0.0
4867.795242184364,-0.05007649585604668,0.0
4868.83379748539,-0.03504752367734909,0.0
4869.872352786416,-0.029600556939840317,0.0
4870.910908087442,-0.034085679799318314,0.0
4871.949463388469,-0.019189145416021347,0.0
4872.988018689494,-0.020824503153562546,0.0
4874.02657399052,-0.013766705989837646,0.0
4875.065129291546,-0.009115375578403473,0.0
4876.103684592573,-0.012883283197879791,0.0
4877.142239893599,0.0,0.0
4878.180795194625,-0.0016688872128725052,0.0
4879.21935049565,0.006982635706663132,0.0
4880.257905796677,0.004749992862343788,0.0
4881.296461097703,0.00258517824113369,0.0
4882.335016398729,-0.010944351553916931,0.0
4883.373571699755,0.004578648135066032,0.0
4884.412127000782,-0.011570395901799202,0.0
4885.450682301808,0.00034557655453681946,0.0
4886.489237602834,-0.0038936082273721695,0.0
4887.527792903859,-0.01418427936732769,0.0
4888.566348204886,-0.0072326455265283585,0.0
4889.604903505912,-0.006503904238343239,0.0
4890.643458806938,-0.007101457566022873,0.0
4891.682014107963,0.00023552030324935913,0.0
4892.72056940899,0.0,0.0
4893.759124710016,0.012995755299925804,0.0
4894.797680011043,0.022172497352585196,0.0
4895.836235312068,0.02821826934814453,0.0
4896.874790613094,0.02015352016314864,0.0
4897.91334591412,0.021026252303272486,0.0
4898.951901215147,0.0243107033893466,0.0
4899.990456516172,0.019192536361515522,0.0
4901.029011817199,0.02043332066386938,0.0
4902.067567118225,0.014610444894060493,0.0
4903.106122419252,0.01715562492609024,0.0
4904.144677720277,0.009800994652323425,0.0
4905.183233021303,0.006242966279387474,0.0
4906.221788322329,0.007783468783600256,0.0
4907.260343623355,0.005228955764323473,0.0
4908.298898924381,0.0036156121641397476,0.0
4909.337454225407,-0.0018713045865297318,0.0
4910.376009526433,-0.003390147816389799,0.0
4911.41456482746,-0.0024133939296007156,0.0
4912.453120128486,0.0025195503258146346,0.0
4913.491675429512,0.0044688290217891335,0.0
4914.530230730537,0.002314021738129668,0.0
4915.568786031564,-0.010673489305190742,0.0
4916.60734133259,-0.012503066915087402,0.0
4917.645896633616,-0.013488703756593168,0.0
4918.684451934642,-0.022566179337445647,0.0
4919.723007235669,-0.028176848747534677,0.0
4920.761562536695,-0.027652462871628813,0.0
4921.800117837721,-0.03506961290258914,0.0
4922.838673138746,-0.026639129733666778,0.0
4923.877228439772,-0.021916124736890197,0.0
4924.915783740798,-0.018612455809488893,0.0
4925.954339041825,-0.01398374023847282,0.0
4926.992894342851,-0.005373752792365849,0.0
4928.031449643877,0.0029169954359531403,0.0
4929.070004944903,0.011212117969989777,0.0
4930.10856024593,0.003866654820740223,0.0
4931.147115546955,0.0036372216418385506,0.0
4932.185670847981,0.002381624188274145,0.0
4933.224226149007,0.0036761993542313576,0.0
4934.262781450034,0.005909423343837261,0.0
4935.301336751059,-0.0002846012357622385,0.0
4936.339892052086,-0.007233809679746628,0.0
4937.378447353112,-0.012514135800302029,0.0
4938.417002654139,-0.009110910352319479,0.0
4939.455557955164,-0.00718696101102978,0.0
4940.49411325619,-0.0026656168047338724,0.0
4941.532668557215,-0.0005169017240405083,0.0
4942.571223858242,0.00389538099989295,0.0
4943.609779159268,0.010264435317367315,0.0
4944.648334460295,0.00785480858758092,0.0
4945.68688976132,0.006977160926908255,0.0
4946.725445062347,0.015748306643217802,0.0
4947.764000363373,0.015399770345538855,0.0
4948.802555664399,0.015304142143577337,0.0
4949.841110965424,0.011627310421317816,0.0
4950.879666266451,0.014227367471903563,0.0
4951.918221567477,0.01671080617234111,0.0
4952.956776868504,0.012453497853130102,0.0
4953.995332169529,0.011550722178071737,0.0
4955.033887470555,0.004784562159329653,0.0
4956.072442771581,0.0008397405035793781,0.0
4957.110998072608,0.0018971641547977924,0.0
4958.149553373633,0.002527868840843439,0.0
4959.188108674659,-0.0015152101404964924,0.0
4960.226663975685,0.0022152443416416645,0.0
4961.265219276712,0.005340140778571367,0.0
4962.303774577738,0.0027848235331475735,0.0
4963.342329878764,0.007652264554053545,0.0
4964.38088517979,0.0005396101623773575,0.0
4965.419440480817,-0.0026135933585464954,0.0
4966.457995781842,-0.0020506726577878,0.0
4967.496551082868,-0.005326405807863921,0.0
4968.535106383894,-0.0004975949414074421,0.0
4969.573661684921,0.002486309502273798,0.0
4970.612216985947,0.0029243803583085537,0.0
4971.650772286973,0.004785588476806879,0.0
4972.689327587998,0.005541249178349972,0.0
4973.727882889025,0.018083499744534492,0.0
4974.766438190051,0.011206958908587694,0.0
4975.804993491077,0.005955294240266085,0.0
4976.843548792102,0.006944814696907997,0.0
4977.882104093129,0.00161363510414958,0.0
4978.920659394155,-0.00010638474486768246,0.0
4979.959214695182,-0.009546006796881557,0.0
4980.997769996207,-0.019662479404360056,0.0
4982.036325297234,-0.02542766381520778,0.0
4983.07488059826,-0.025959159072954208,0.0
4984.113435899286,-0.028447899385355413,0.0
4985.151991200311,-0.020495813456363976,0.0
4986.190546501338,-0.01653300563339144,0.0
4987.229101802364,-0.011590536683797836,0.0
4988.267657103391,-0.0024050206411629915,0.0
4989.306212404416,-0.0021987620275467634,0.0
4990.344767705442,0.0015947867650538683,0.0
4991.383323006468,0.006011253339238465,0.0
4992.421878307495,0.006602721754461527,0.0
4993.46043360852,0.0032554541248828173,0.0
4994.498988909547,0.008706931490451097,0.0
4995.537544210573,0.003915702342055738,0.0
4996.5760995116,0.0,0.0
4997.614654812625,0.00356835697311908,0.0
4998.653210113651,-0.0007351404055953026,0.0
4999.691765414677,-0.005686813034117222,0.0
5000.730320715704,-0.006431199610233307,0.0
5001.768876016729,-0.004150494933128357,0.0
5002.807431317755,-0.0013258769176900387,0.0
5003.845986618781,-0.006457448936998844,0.0
5004.884541919808,-0.001295736525207758,0.0
5005.923097220834,0.00035502202808856964,0.0
5006.96165252186,0.003299008123576641,0.0
5008.000207822885,0.006252647377550602,0.0
5009.038763123912,0.013473983854055405,0.0
5010.077318424938,0.007442312897183001,0.0
5011.115873725964,-0.002795766107738018,0.0
5012.15442902699,-0.016970952041447163,0.0
5013.192984328017,-0.01752313505858183,0.0
5014.231539629043,-0.02626624796539545,0.0
5015.270094930069,-0.023690839298069477,0.0
5016.308650231094,-0.025827914476394653,0.0
5017.347205532121,-0.023610020522028208,0.0
5018.385760833147,-0.022181181702762842,0.0
5019.424316134173,-0.021210581995546818,0.0
5020.462871435198,-0.017522165551781654,0.0
5021.501426736225,-0.018541244789958,0.0
5022.539982037251,-0.016459711361676455,0.0
5023.578537338278,-0.008748042862862349,0.0
5024.617092639303,-0.00727533595636487,0.0
5025.655647940329,-0.012949107680469751,0.0
5026.694203241355,-0.004680348094552755,0.0
5027.732758542382,-0.0010025599040091038,0.0
5028.771313843407,0.00301458896137774,0.0
5029.809869144434,0.00659737444948405,0.0
5030.84842444546,0.011885508429259062,0.0
5031.886979746487,0.009528637863695621,0.0
5032.925535047512,0.009480161592364311,0.0
5033.964090348538,0.008838776964694262,0.0
5035.002645649564,0.0019411930115893483,0.0
5036.04120095059,-0.002581282053142786,0.0
5037.079756251616,-0.007283052196726203,0.0
5038.118311552643,-0.017092709429562092,0.0
5039.156866853668,-0.01764648745302111,0.0
5040.195422154695,-0.019727237173356116,0.0
5041.233977455721,-0.02554045373108238,0.0
5042.272532756747,-0.01996210147626698,0.0
5043.311088057772,-0.01483066682703793,0.0
5044.349643358799,-0.002861654618754983,0.0
5045.388198659825,-0.000621597864665091,0.0
5046.426753960851,0.006187796825543046,0.0
5047.465309261877,0.0032270189840346575,0.0
5048.503864562904,-0.0020605958998203278,0.0
5049.54241986393,0.0018449759227223694,0.0
5050.580975164956,0.005463701527332887,0.0
5051.619530465981,0.003112793288892135,0.0
5052.658085767007,-0.0020700815657619387,0.0
5053.696641068033,0.000212941176869208,0.0
5054.73519636906,0.007456079314579256,0.0
5055.773751670086,0.006359250226523727,0.0
5056.812306971112,0.007985895150341094,0.0
5057.850862272138,0.01356201572343707,0.0
5058.889417573165,0.01186454831622541,0.0
5059.92797287419,0.012779072392731905,0.0
5060.966528175216,0.010178026277571917,0.0
5062.005083476242,0.014603033196181059,0.0
5063.043638777269,0.009889863897114992,0.0
5064.082194078294,0.0035274061374366283,0.0
5065.120749379321,-0.0004313252866268158,0.0
5066.159304680347,0.0027830335311591625,0.0
5067.197859981374,0.003308297134935856,0.0
5068.236415282399,0.00043184240348637104,0.0
5069.274970583425,0.0005620256997644901,0.0
5070.31352588445,0.002597795333713293,0.0
5071.352081185477,0.004340373445302248,0.0
5072.390636486503,-0.003112793288892135,0.0
5073.42919178753,-4.364410415291786e-06,0.0
5074.467747088555,0.00490594154689461,0.0
5075.506302389582,0.002896870137192309,0.0
5076.544857690608,-0.004170716740190983,0.0
5077.583412991634,-0.0055590528063476086,0.0
5078.621968292659,-0.003415210492676124,0.0
5079.660523593686,-0.012196772499009967,0.0
5080.699078894712,-0.019370876485481858,0.0
5081.737634195739,-0.020763060310855508,0.0
5082.776189496764,-0.017947700805962086,0.0
5083.81474479779,-0.011726762168109417,0.0
5084.853300098816,-0.005116452975926222,0.0
5085.891855399843,-0.0080459367018193,0.0
5086.930410700868,-0.0015842390712350607,0.0
5087.968966001894,0.0027485303580760956,0.0
5089.00752130292,0.004700224846601486,0.0
5090.046076603947,0.006013920530676842,0.0
5091.084631904973,0.006176906172186136,0.0
5092.123187205999,0.010522547643631697,0.0
5093.161742507025,0.009803068824112415,0.0
5094.200297808052,0.009910753695294261,0.0
5095.238853109077,0.01235193689353764,0.0
5096.277408410103,0.007471839431673288,0.0
5097.315963711129,-0.000722052063792944,0.0
5098.354519012156,-0.006911097792908549,0.0
5099.393074313182,-0.005166356451809406,0.0
5100.431629614208,-0.001676133251748979,0.0
5101.470184915233,-0.0012485974002629519,0.0
5102.50874021626,-0.001741729793138802,0.0
5103.547295517286,-0.0005683095660060644,0.0
5104.585850818312,0.0013687380123883486,0.0
5105.624406119338,0.0005461582913994789,0.0
5106.662961420365,-0.003269220032962039,0.0
5107.701516721391,-0.00331329635810107,0.0
5108.740072022417,-2.2946158424019814e-05,0.0
5109.778627323442,-0.0026524057320784777,0.0
5110.817182624469,-0.005581998499110341,0.0
5111.855737925495,0.002131503541022539,0.0
5112.894293226521,0.010057915933430195,0.0
5113.932848527546,0.011001384817063808,0.0
5114.971403828573,0.012849406339228153,0.0
5116.009959129599,0.0140769612044096,0.0
5117.048514430626,0.016972457990050316,0.0
5118.087069731651,0.01582256145775318,0.0
5119.125625032677,0.014654161408543587,0.0
5120.164180333703,0.007381522096693516,0.0
5121.20273563473,0.011981794144958258,0.0
5122.241290935755,0.005772935692220926,0.0
5123.279846236782,-0.00039841653779149055,0.0
5124.318401537808,-0.004099785001017153,0.0
5125.356956838835,-0.006366860121488571,0.0
5126.39551213986,-0.009407585021108389,0.0
5127.434067440886,-0.012100358959287405,0.0
5128.472622741912,-0.01042471919208765,0.0
5129.511178042939,-0.00460705510340631,0.0
5130.549733343964,-0.0003203519154340029,0.0
5131.58828864499,0.002477142959833145,0.0
5132.626843946016,0.005020060809329152,0.0
5133.665399247043,0.0050598932430148125,0.0
5134.703954548069,0.0064538028091192245,0.0
5135.742509849095,0.004421956837177277,0.0
5136.78106515012,0.004446996608749032,0.0
5137.819620451147,0.0014285179786384106,0.0
5138.858175752173,0.0022273694921750575,0.0
5139.896731053199,0.0038130137836560607,0.0
5140.935286354225,-0.0034438793372828513,0.0
5141.973841655252,-0.005605525220744312,0.0
5143.012396956278,-0.0010849585523828864,0.0
5144.050952257304,-0.003760631545446813,0.0
5145.089507558329,-0.0027024555020034313,0.0
5146.128062859356,-0.0007049948908388615,0.0
5147.166618160382,0.0,0.0
5148.205173461408,-0.002919498598203063,0.0
5149.243728762434,-0.0009504728950560093,0.0
5150.28228406346,-0.0016486793756484985,0.0
5151.320839364486,0.0032386142120230943,0.0
5152.359394665513,0.0020033667096868157,0.0
5153.397949966538,0.0002717748284339905,0.0
5154.436505267564,0.0043684657430276275,0.0
5155.47506056859,0.00801553949713707,0.0
5156.513615869617,0.012218911200761795,0.0
5157.552171170642,0.016338476445525885,0.0
5158.590726471669,0.019338537007570267,0.0
5159.629281772695,0.018893470987677574,0.0
5160.667837073722,0.01618510065600276,0.0
5161.706392374747,0.00994547363370657,0.0
5162.744947675773,-0.004954594653099775,0.0
5163.783502976799,-0.010954348836094141,0.0
5164.822058277825,-0.02464986452832818,0.0
5165.860613578851,-0.04308354901149869,0.0
5166.899168879878,-0.050502893049269915,0.0
5167.937724180903,-0.06809351639822125,0.0
5168.97627948193,-0.07423961209133267,0.0
5170.014834782956,-0.07709854608401656,0.0
5171.053390083982,-0.07331581879407167,0.0
5172.091945385007,-0.07023006724193692,0.0
5173.130500686034,-0.06633845949545503,0.0
5174.16905598706,-0.059894691221416,0.0
5175.207611288086,-0.04668502416461706,0.0
5176.246166589112,-0.0328221982344985,0.0
5177.284721890139,-0.024908672086894512,0.0
5178.323277191165,-0.02211007382720709,0.0
5179.361832492191,-0.021731053479015827,0.0
5180.400387793216,-0.02961477916687727,0.0
5181.438943094242,-0.03663443308323622,0.0
5182.477498395268,-0.03831098135560751,0.0
5183.516053696295,-0.05024529527872801,0.0
5184.554608997321,-0.0502474969252944,0.0
5185.593164298347,-0.04578347038477659,0.0
5186.631719599373,-0.025797388516366482,0.0
5187.6702749004,-0.014192664064466953,0.0
5188.708830201425,-0.013374240137636662,0.0
5189.747385502451,0.0,0.0
5190.785940803477,0.00433324696496129,0.0
5191.824496104504,0.0019211508333683014,0.0
5192.86305140553,-0.003379112109541893,0.0
5193.901606706556,0.006348010152578354,0.0
5194.940162007582,0.0027978429570794106,0.0
5195.978717308609,0.011280418140813708,0.0
5197.017272609634,0.018202961422502995,0.0
5198.05582791066,0.015809237025678158,0.0
5199.094383211685,0.018406733870506287,0.0
5200.132938512712,0.01705117989331484,0.0
5201.171493813738,0.018935350701212883,0.0
5202.210049114765,0.010867045260965824,0.0
5203.24860441579,0.009252584539353848,0.0
5204.287159716817,0.0,0.0
5205.325715017843,-0.005351599771529436,0.0
5206.364270318869,-0.012539293617010117,0.0
5207.402825619894,-0.016844623954966664,0.0
5208.441380920921,-0.02092457190155983,0.0
5209.479936221947,-0.01795405289158225,0.0
5210.518491522974,-0.016258893214398995,0.0
5211.557046823999,-0.008658839156851172,0.0
5212.595602125025,-0.004277199972420931,0.0
5213.634157426051,0.003830193541944027,0.0
5214.672712727078,0.006791576277464628,0.0
5215.711268028103,0.0066752047277987,0.0
5216.74982332913,0.004300270229578018,0.0
5217.788378630156,0.0024340637028217316,0.0
5218.826933931183,0.006519101560115814,0.0
5219.865489232208,0.005389374680817127,0.0
5220.904044533234,0.008194636553525925,0.0
5221.94259983426,0.008880292065441608,0.0
5222.981155135287,0.00047464296221733093,0.0
5224.019710436312,-0.0028384258039295673,0.0
5225.058265737338,-0.008927606366341934,0.0
5226.096821038364,-0.016902458854019642,0.0
5227.135376339391,-0.020426589995622635,0.0
5228.173931640417,-0.016066337935626507,0.0
5229.212486941443,-0.011623160913586617,0.0
5230.251042242468,-0.012021257309243083,0.0
5231.289597543495,-0.003246231470257044,0.0
5232.328152844521,0.0006277337670326233,0.0
5233.366708145547,0.000664454884827137,0.0
5234.405263446573,0.003401409834623337,0.0
5235.4438187476,0.005434166640043259,0.0
5236.482374048626,0.003611188381910324,0.0
5237.520929349652,0.008371901698410511,0.0
5238.559484650677,0.013729150407016277,0.0
5239.598039951704,0.013794711790978909,0.0
5240.63659525273,0.012573967687785625,0.0
5241.675150553756,0.008116927929222584,0.0
5242.713705854781,0.011631404049694538,0.0
5243.752261155808,0.009753153659403324,0.0
5244.790816456834,0.00597118865698576,0.0
5245.829371757861,0.011750093661248684,0.0
5246.867927058886,0.011400673538446426,0.0
5247.906482359912,0.0006226850673556328,0.0
5248.945037660938,-0.0009873807430267334,0.0
5249.983592961965,0.0026446525007486343,0.0
5251.02214826299,0.0,0.0
5252.060703564017,-0.0010899743065238,0.0
5253.099258865043,-0.0035770335234701633,0.0
5254.13781416607,0.005117540247738361,0.0
5255.176369467095,0.0010839086025953293,0.0
5256.214924768121,-0.0011740047484636307,0.0
5257.253480069147,0.0026688501238822937,0.0
5258.292035370174,0.010267697274684906,0.0
5259.330590671199,0.0026970719918608665,0.0
5260.369145972226,-0.0005018375813961029,0.0
5261.407701273251,-0.0061788782477378845,0.0
5262.446256574278,-0.019339125603437424,0.0
5263.484811875304,-0.03216876182705164,0.0
5264.52336717633,-0.036778793670237064,0.0
5265.561922477355,-0.04796758573502302,0.0
5266.600477778382,-0.05329377856105566,0.0
5267.639033079408,-0.05416345037519932,0.0
5268.677588380434,-0.05085217114537954,0.0
5269.71614368146,-0.053832667879760265,0.0
5270.754698982487,-0.05528221558779478,0.0
5271.793254283513,-0.04768987651914358,0.0
5272.831809584539,-0.04066883306950331,0.0
5273.870364885564,-0.0317551726475358,0.0
5274.908920186591,-0.01571084000170231,0.0
5275.947475487617,-0.014195261988788843,0.0
5276.986030788643,-0.0052049297373741865,0.0
5278.024586089669,0.001460963860154152,0.0
5279.063141390695,-0.003902692347764969,0.0
5280.101696691721,-0.0010835551656782627,0.0
5281.140251992748,0.0032358993776142597,0.0
5282.178807293773,0.0005597868002951145,0.0
5283.217362594799,-0.004881258821114898,0.0
5284.255917895825,-0.004345038905739784,0.0
5285.294473196852,0.005491628777235746,0.0
5286.333028497877,0.002053355798125267,0.0
5287.371583798904,0.00799094419926405,0.0
5288.41013909993,0.008156318217515945,0.0
5289.448694400957,0.003245317842811346,0.0
5290.487249701982,0.010868330020457506,0.0
5291.525805003008,0.01059261430054903,0.0
5292.564360304034,0.00921434536576271,0.0
5293.60291560506,0.002188908401876688,0.0
5294.641470906086,0.007674034219235182,0.0
5295.680026207113,-0.001484105596318841,0.0
5296.718581508138,-0.007923544384539127,0.0
5297.757136809165,-0.008398262783885002,0.0
5298.795692110191,-0.0076872725039720535,0.0
5299.834247411217,-0.007101080846041441,0.0
5300.872802712242,-0.007291605230420828,0.0
5301.911358013269,-0.0016387605573982,0.0
5302.949913314295,0.0013829795643687248,0.0
5303.988468615322,0.007432125508785248,0.0
5305.027023916347,0.008492352208122611,0.0
5306.065579217374,0.012773832306265831,0.0
5307.1041345184,0.012088591232895851,0.0
5308.142689819426,0.013643518090248108,0.0
5309.181245120451,0.010382657870650291,0.0
5310.219800421477,0.008276197127997875,0.0
5311.258355722503,0.012298135086894035,0.0
5312.29691102353,0.014583567157387733,0.0
5313.335466324556,0.010147808352485299,0.0
5314.374021625582,0.008756257826462388,0.0
5315.412576926608,0.00594952329993248,0.0
5316.451132227635,0.009114282904192805,0.0
5317.48968752866,0.00898411765228957,0.0
5318.528242829686,0.0016918916953727603,0.0
5319.566798130712,0.005513234413228929,0.0
5320.605353431739,0.0022510456619784236,0.0
5321.643908732765,-0.0005582122830674052,0.0
5322.682464033791,-0.003789829439483583,0.0
5323.721019334817,-0.011296856333501637,0.0
5324.759574635844,-0.01278060779441148,0.0
5325.798129936869,-0.019511642982251942,0.0
5326.836685237895,-0.025666129891760647,0.0
5327.875240538921,-0.027927396004088223,0.0
5328.913795839948,-0.030420039896853268,0.0
5329.952351140974,-0.0256408000132069,0.0
5330.990906442,-0.019798872410319746,0.0
5332.029461743025,-0.01522434817161411,0.0
5333.068017044052,-0.017186051583848894,0.0
5334.106572345078,-0.008990909322164953,0.0
5335.145127646104,-0.004500514245592058,0.0
5336.1836829471295,-0.006593535537831485,0.0
5337.222238248156,0.0007013690192252398,0.0
5338.260793549182,-0.00264178091310896,0.0
5339.299348850209,-0.0076293558813631535,0.0
5340.337904151234,-0.012228574370965362,0.0
5341.376459452261,-0.01302936184220016,0.0
5342.415014753286,-0.006773409200832248,0.0
5343.453570054313,-0.0088157809805125,0.0
5344.492125355338,-0.00023634638637304306,0.0
5345.530680656365,-0.004139877622947097,0.0
5346.569235957391,-0.0020174740348011255,0.0
5347.607791258418,-0.00033127213828265667,0.0
5348.646346559443,-0.007997691398486495,0.0
5349.684901860469,0.0038937045028433204,0.0
5350.723457161495,0.0006893554236739874,0.0
5351.762012462522,0.004045365960337222,0.0
5352.800567763547,0.008763161487877369,0.0
5353.839123064573,0.010544342454522848,0.0
5354.877678365599,0.015406046528369188,0.0
5355.916233666626,0.018003317061811686,0.0
5356.954788967652,0.01699313730932772,0.0
5357.993344268678,0.017290950752794743,0.0
5359.0318995697035,0.015788039192557335,0.0
5360.07045487073,0.014214707538485527,0.0
5361.109010171756,0.013938705436885357,0.0
5362.147565472782,0.010003986768424511,0.0
5363.186120773808,0.008189444430172443,0.0
5364.224676074835,0.0028034377901349217,0.0
5365.263231375861,0.0064337169751524925,0.0
5366.301786676887,-0.0009082816541194916,0.0
5367.340341977912,-0.008473404683172703,0.0
5368.378897278939,-0.008638173341751099,0.0
5369.417452579965,-0.018595111556351185,0.0
5370.456007880991,-0.011156734079122543,0.0
5371.494563182017,-0.016928420402109623,0.0
5372.533118483044,-0.012014646315947175,0.0
5373.57167378407,-0.002652589464560151,0.0
5374.610229085096,0.0,0.0
5375.648784386121,0.0008093873038887978,0.0
5376.687339687147,0.004940982558764517,0.0
5377.725894988173,0.004296302678994834,0.0
5378.7644502892,0.0036864749854430556,0.0
5379.803005590225,0.013414144515991211,0.0
5380.841560891252,0.01217475370503962,0.0
5381.880116192278,0.01154671492986381,0.0
5382.918671493305,0.01048872317187488,0.0
5383.95722679433,0.0043647048296406865,0.0
5384.995782095356,0.0032324357889592648,0.0
5386.034337396382,0.0,0.0
5387.072892697409,-0.0003439739812165499,0.0
5388.111447998434,0.0019462405471131206,0.0
5389.150003299461,0.003806154942139983,0.0
5390.188558600486,0.0007158410735428333,0.0
5391.227113901513,-0.00883113918825984,0.0
5392.265669202539,-0.005545798921957612,0.0
5393.304224503565,-0.012883522314950824,0.0
5394.3427798045905,-0.020110891200602055,0.0
5395.381335105617,-0.013469730271026492,0.0
5396.419890406643,-0.017604530788958073,0.0
5397.458445707669,-0.01726104784756899,0.0
5398.497001008695,-0.014270694460719824,0.0
5399.535556309722,-0.0141770807094872,0.0
5400.574111610748,-0.018382942769676447,0.0
5401.612666911774,-0.019438549876213074,0.0
5402.651222212799,-0.018372394610196352,0.0
5403.689777513826,-0.014334127772599459,0.0
5404.728332814852,-0.02168480632826686,0.0
5405.766888115878,-0.023830481804907322,0.0
5406.805443416904,-0.03072409611195326,0.0
5407.84399871793,-0.02887447807006538,0.0
5408.882554018956,-0.029242125106975436,0.0
5409.921109319983,-0.022424627328291535,0.0
5410.959664621008,-0.015996298054233193,0.0
5411.998219922034,-0.017189719015732408,0.0
5413.03677522306,-0.006525664823129773,0.0
5414.075330524087,0.0,0.0
5415.113885825113,0.00653754360973835,0.0
5416.152441126139,0.005136211577337235,0.0
5417.190996427165,0.005156405153684318,0.0
5418.229551728192,0.007504734676331282,0.0
5419.268107029217,0.010645986068993807,0.0
5420.306662330243,0.013510556425899267,0.0
5421.345217631269,0.012075769249349833,0.0
5422.383772932295,0.014046502765268087,0.0
5423.422328233321,0.009344968711957335,0.0
5424.460883534348,0.0043758818646892905,0.0
5425.499438835373,0.004129681852646172,0.0
5426.5379941364,0.0007361522875726223,0.0
5427.576549437426,-0.002765413373708725,0.0
5428.615104738452,0.00029865140095353127,0.0
5429.6536600394775,-0.0007361522875726223,0.0
5430.692215340504,-0.008647268638014793,0.0
5431.73077064153,-0.004468776751309633,0.0
5432.769325942557,-0.009595465613529086,0.0
5433.807881243582,-0.012355080572888255,0.0
5434.846436544609,-0.006304266629740596,0.0
5435.884991845635,-0.00647180643863976,0.0
5436.923547146661,0.0015348722226917744,0.0
5437.962102447686,0.00669419183395803,0.0
5439.000657748713,0.011995282722637057,0.0
5440.039213049739,0.01237437198869884,0.0
5441.077768350766,0.010887027019634843,0.0
5442.116323651791,0.017052976181730628,0.0
5443.154878952817,0.01472141477279365,0.0
5444.193434253843,0.01288982736878097,0.0
5445.23198955487,0.008155725663527846,0.0
5446.270544855895,0.005233362666331232,0.0
5447.309100156921,0.005620116833597422,0.0
5448.347655457947,-0.002580266213044524,0.0
5449.386210758974,-0.001456715865060687,0.0
5450.42476606,-0.0007638274691998959,0.0
5451.463321361026,-0.0011311059352010489,0.0
5452.501876662052,-0.0008629900403320789,0.0
5453.540431963079,-0.007888241903856397,0.0
5454.578987264104,-0.003125022863969207,0.0
5455.61754256513,-0.008185169892385602,0.0
5456.656097866156,-0.008016675943508744,0.0
5457.694653167183,-0.0005184439942240715,0.0
5458.733208468209,0.0015527246287092566,0.0
5459.771763769235,0.0039107875199988484,0.0
5460.81031907026,0.0021605556248687208,0.0
5461.848874371287,-0.001682064263150096,0.0
5462.887429672313,0.003217060468159616,0.0
5463.925984973339,-0.00012371037155389786,0.0
5464.9645402743645,-0.0012797049712389708,0.0
5466.003095575391,0.005212776595726609,0.0
5467.041650876417,0.0031348257325589657,0.0
5468.080206177444,0.0005402385140769184,0.0
5469.118761478469,0.0015083463513292372,0.0
5470.157316779496,-0.0010641376720741391,0.0
5471.195872080521,-0.0024467817274853587,0.0
5472.234427381548,-0.0019117213087156415,0.0
5473.2729826825735,-0.0059491206193342805,0.0
5474.3115379836,-0.011722535244189203,0.0
5475.350093284626,-0.012333358637988567,0.0
5476.388648585653,-0.009517007740214467,0.0
5477.427203886678,-0.012808203930035233,0.0
5478.465759187704,-0.017246004194021225,0.0
5479.50431448873,-0.012147216591984034,0.0
5480.542869789757,-0.007156823296099901,0.0
5481.581425090782,-0.005406039301306009,0.0
5482.619980391809,-0.003055335022509098,0.0
5483.658535692835,0.0010907853720709682,0.0
5484.697090993862,-0.00038503739051520824,0.0
5485.735646294887,0.00017360574565827847,0.0
5486.774201595913,0.004102604347281158,0.0
5487.8127568969385,0.006101464852690697,0.0
5488.851312197965,0.006594627280719578,0.0
5489.889867498991,0.003539607278071344,0.0
5490.928422800017,0.007810044218786061,0.0
5491.966978101043,0.006094531738199294,0.0
5493.00553340207,0.008385728695429862,0.0
5494.044088703096,-8.51962249726057e-05,0.0
5495.082644004122,-6.374763324856758e-05,0.0
5496.1211993051475,0.009815167752094567,0.0
5497.159754606174,0.006275560823269188,0.0
5498.1983099072,0.006486252066679299,0.0
5499.236865208226,0.0015876745455898345,0.0
5500.275420509252,0.005359938251785934,0.0
5501.313975810279,0.0058346864534541965,0.0
5502.352531111305,0.002614123630337417,0.0
5503.391086412331,0.0008121316932374611,0.0
5504.429641713356,-0.0016578860813751817,0.0
5505.468197014382,-0.0027409950853325427,0.0
5506.506752315408,-0.001919375208672136,0.0
5507.545307616435,-0.005019656091462821,0.0
5508.5838629174605,-0.003395757346879691,0.0
5509.622418218487,-0.0024709266654099338,0.0
5510.660973519513,-0.003280643759353552,0.0
5511.69952882054,-0.005476194259244949,0.0
5512.738084121565,-0.005610030289972201,0.0
5513.776639422591,-0.01044062350410968,0.0
5514.815194723617,-0.005625521764159203,0.0
5515.853750024644,-0.002608449140097946,0.0
5516.892305325669,-0.0006381790153682232,0.0
5517.930860626696,0.005126665695570409,0.0
5518.9694159277215,-0.00040294823702424765,0.0
5520.007971228748,0.007918564137071371,0.0
5521.046526529774,0.008192390901967883,0.0
5522.0850818308,0.008429758483543992,0.0
5523.1236371318255,0.0058603736106306314,0.0
5524.162192432852,0.009518853621557355,0.0
5525.200747733878,-0.0013824158813804388,0.0
5526.239303034905,-0.0024173592682927847,0.0
5527.27785833593,-0.005843854742124677,0.0
5528.316413636957,-0.003309671417810023,0.0
5529.354968937983,-0.006228237645700574,0.0
5530.393524239009,-0.0017973166541196406,0.0
5531.4320795400345,-0.0037639314541593194,0.0
5532.470634841061,-0.0024971040547825396,0.0
5533.509190142087,-0.005032699671573937,0.0
5534.547745443113,0.0005097248358651996,0.0
5535.586300744139,-0.002128717751475051,0.0
5536.624856045165,-0.002108091313857585,0.0
5537.663411346191,-0.0019125698017887771,0.0
5538.701966647218,0.005191584466956556,0.0
5539.740521948243,0.005317655741237104,0.0
5540.779077249269,0.002976216725073755,0.0
5541.8176325502955,0.001319131930358708,0.0
5542.856187851322,0.0037720169639214873,0.0
5543.894743152348,0.0033721685176715255,0.0
5544.933298453374,0.008177592302672565,0.0
5545.9718537544,0.006308806478045881,0.0
5547.010409055427,0.008404385182075202,0.0
5548.048964356452,0.012391384574584663,0.0
5549.087519657478,0.013873045216314495,0.0
5550.126074958504,0.009721015463583171,0.0
5551.164630259531,0.008514302666299045,0.0
5552.203185560557,0.011173981154570356,0.0
5553.241740861583,0.010610366065520793,0.0
5554.2802961626085,0.00649887447070796,0.0
5555.318851463635,0.008668751310324296,0.0
5556.357406764661,0.010444785002619028,0.0
5557.395962065687,0.010154390503885224,0.0
5558.4345173667125,0.007371841813437641,0.0
5559.473072667739,0.0072785046068020165,0.0
5560.511627968765,0.00452545058215037,0.0
5561.550183269792,-0.000586633279453963,0.0
5562.588738570817,0.00042332481825724244,0.0
5563.627293871844,-0.004428952874150127,0.0
5564.66584917287,-0.0037198298959992826,0.0
5565.704404473896,0.0,0.0
5566.7429597749215,0.003403774811886251,0.0
5567.781515075948,0.0009418550180271268,0.0
5568.820070376974,-0.0038555748760700226,0.0
5569.858625678001,-0.007065169746056199,0.0
5570.897180979026,-0.0015325481072068214,0.0
5571.935736280052,-0.0035566925071179867,0.0
5572.974291581078,0.003572029872884741,0.0
5574.012846882105,0.00027951342053711414,0.0
5575.05140218313,0.000551736680790782,0.0
5576.089957484156,0.0034104545557056554,0.0
5577.1285127851825,-0.0009984562639147043,0.0
5578.167068086209,0.003052347805351019,0.0
5579.205623387235,0.0009984562639147043,0.0
5580.244178688261,-0.0019571143202483654,0.0
5581.282733989287,0.005695828847819939,0.0
5582.321289290314,-0.005751573480665684,0.0
5583.359844591339,-0.008354245219379663,0.0
5584.398399892365,-0.000940441619604826,0.0
5585.436955193391,-0.008056477643549442,0.0
5586.475510494418,-0.01605789829045534,0.0
5587.514065795444,-0.01629095571115613,0.0
5588.55262109647,-0.021746055223047733,0.0
5589.5911763974955,-0.022024775855243206,0.0
5590.629731698522,-0.020771680399775505,0.0
5591.668286999548,-0.01956755854189396,0.0
5592.706842300574,-0.01586762722581625,0.0
5593.7453976016,-0.012696047313511372,0.0
5594.783952902627,-0.010465809144079685,0.0
5595.822508203653,-0.011107954196631908,0.0
5596.861063504679,-0.00682023074477911,0.0
5597.899618805704,-0.005293475463986397,0.0
5598.938174106731,0.000785226933658123,0.0
5599.9767294077565,0.0019231680780649185,0.0
5601.015284708783,0.0014923494309186935,0.0
5602.0538400098085,-0.00113588385283947,0.0
5603.092395310835,-0.002475411631166935,0.0
5604.130950611861,0.003921713680028915,0.0
5605.169505912888,0.0016461396589875221,0.0
5606.208061213913,0.0,0.0
5607.246616514939,0.003306390717625618,0.0
5608.285171815965,0.012335260340478271,0.0
5609.323727116992,0.010302798938937485,0.0
5610.3622824180175,0.010649622359778732,0.0
5611.400837719044,0.011123405187390745,0.0
5612.43939302007,3.992021083831787e-05,0.0
5613.477948321097,-0.01370938215404749,0.0
5614.516503622122,-0.01433997880667448,0.0
5615.555058923148,-0.009013929404318333,0.0
5616.5936142241735,-0.013171100057661533,0.0
5617.6321695252,-0.0020090192556381226,0.0
5618.670724826226,-2.1568499505519867e-05,0.0
5619.709280127252,-0.006701522506773472,0.0
5620.747835428278,-0.008222893811762333,0.0
5621.786390729305,-0.008891030214726925,0.0
5622.824946030331,-0.0035315249115228653,0.0
5623.863501331357,0.0018903790041804314,0.0
5624.9020566323825,-0.002032720483839512,0.0
5625.940611933409,-0.0014386987313628197,0.0
5626.979167234435,-0.00032672565430402756,0.0
5628.017722535461,0.004936510697007179,0.0
5629.056277836487,0.002156633883714676,0.0
5630.094833137514,0.006470979191362858,0.0
5631.13338843854,0.0041565075516700745,0.0
5632.171943739566,0.005425659473985434,0.0
5633.2104990405915,0.01106349064502865,0.0
5634.249054341617,0.004795995075255632,0.0
5635.2876096426435,0.0046264734119176865,0.0
5636.32616494367,-0.0024958383291959763,0.0
5637.364720244696,-0.002602766267955303,0.0
5638.403275545722,-0.01316965650767088,0.0
5639.441830846748,-0.003962553106248379,0.0
5640.480386147775,0.00515697430819273,0.0
5641.5189414488,-0.0007818453013896942,0.0
5642.557496749826,0.004467484541237354,0.0
5643.596052050852,0.0016183089464902878,0.0
5644.634607351879,-0.005335130728781223,0.0
5645.6731626529045,0.004427224397659302,0.0
5646.711717953931,0.0033855456858873367,0.0
5647.7502732549565,0.002238024026155472,0.0
5648.788828555983,0.012015668209642172,0.0
5649.827383857009,0.003919664304703474,0.0
5650.865939158035,0.007176391314715147,0.0
5651.9044944590605,0.0026897243224084377,0.0
5652.943049760087,-0.004816477186977863,0.0
5653.981605061113,0.0023130523040890694,0.0
5655.02016036214,0.004758424125611782,0.0
5656.0587156631655,-0.0038952985778450966,0.0
5657.097270964192,-0.009038232266902924,0.0
5658.135826265218,-0.0016747880727052689,0.0
5659.174381566244,-0.007760525681078434,0.0
5660.2129368672695,-0.011221256107091904,0.0
5661.251492168296,-0.015010903589427471,0.0
5662.290047469322,-0.010973954573273659,0.0
5663.328602770349,-0.008790358901023865,0.0
5664.367158071374,-0.01150921918451786,0.0
5665.4057133724,-0.012149646878242493,0.0
5666.444268673426,-0.0066987499594688416,0.0
5667.482823974453,0.0026260712184011936,0.0
5668.5213792754785,-0.006759947165846825,0.0
5669.559934576504,-0.008282046765089035,0.0
5670.5984898775305,-0.01070290058851242,0.0
5671.637045178557,-0.006812938489019871,0.0
5672.675600479583,0.0007326724007725716,0.0
5673.714155780609,0.013387670740485191,0.0
5674.752711081635,0.014010409824550152,0.0
5675.791266382662,0.0067316440981812775,0.0
5676.829821683687,0.006911097909323871,0.0
5677.868376984713,0.010271229315549135,0.0
5678.9069322857395,0.008898906176909804,0.0
5679.945487586766,0.005760733736678958,0.0
5680.984042887792,0.00815643290115986,0.0
5682.022598188818,0.0011469502933323383,0.0
5683.0611534898435,0.0028688572347164154,0.0
5684.09970879087,0.0029771816916763783,0.0
5685.138264091896,-0.0016898103058338165,0.0
5686.176819392922,-0.006458926945924759,0.0
5687.2153746939475,-0.006081799045205116,0.0
5688.253929994974,-0.010671189054846764,0.0
5689.292485296,-0.007048111408948898,0.0
5690.331040597027,-0.0010019689798355103,0.0
5691.3695958980525,-0.00014498131349682808,0.0
5692.408151199079,0.0004284968599677086,0.0
5693.446706500105,-0.0004284968599677086,0.0
5694.485261801131,0.0027960881125181913,0.0
5695.5238171021565,0.007486004615202546,0.0
5696.562372403183,0.009845571592450142,0.0
5697.600927704209,0.005776983336545527,0.0
5698.639483005236,0.007630730513483286,0.0
5699.678038306261,0.005298558389768004,0.0
5700.716593607287,0.0,0.0
5701.7551489083135,-0.0016269839834421873,0.0
5702.79370420934,-0.009499350795522332,0.0
5703.8322595103655,-0.01423358405008912,0.0
5704.870814811392,-0.013680908654350787,0.0
5705.909370112418,-0.00436390598770231,0.0
5706.947925413445,-0.012840724681154825,0.0
5707.98648071447,-0.015956737639498897,0.0
5709.025036015496,-0.016276890950393863,0.0
5710.063591316522,-0.025395712422323413,0.0
5711.102146617549,-0.026318290212657303,0.0
5712.140701918574,-0.025790243176743388,0.0
5713.1792572196,-0.02180764335207641,0.0
5714.2178125206265,-0.010832961299456656,0.0
5715.256367821653,-0.005298558389768004,0.0
5716.294923122679,-0.0010837243753485382,0.0
5717.333478423705,-0.003616000176407397,0.0
5718.3720337247305,-0.001680322500760667,0.0
5719.410589025757,-0.0005547790788114071,0.0
5720.449144326783,0.009994421387091279,0.0
5721.487699627809,0.006957419915124774,0.0
5722.526254928835,0.008094398071989417,0.0
5723.564810229862,0.0048427756410092115,0.0
5724.603365530888,0.00796229182742536,0.0
5725.641920831914,0.007116636028513312,0.0
5726.6804761329395,0.010887412121519446,0.0
5727.719031433966,0.005153413629159331,0.0
5728.7575867349915,0.005138635402545333,0.0
5729.796142036018,0.0030224050860852003,0.0
5730.8346973370435,0.0005621660966426134,0.0
5731.87325263807,0.0013359833974391222,0.0
5732.911807939096,0.004107071086764336,0.0
5733.950363240123,0.005353461019694805,0.0
5734.988918541148,0.00024243630468845367,0.0
5736.027473842174,0.0033754899632185698,0.0
5737.0660291432005,0.0030403281562030315,0.0
5738.104584444227,0.0012553054839372635,0.0
5739.1431397452525,0.0033739451318979263,0.0
5740.181695046279,0.002669573063030839,0.0
5741.220250347305,0.0035204787272959948,0.0
5742.258805648332,-0.001648767851293087,0.0
5743.297360949357,0.0030816623475402594,0.0
5744.335916250383,0.008228381164371967,0.0
5745.3744715514085,0.011831092881038785,0.0
5746.413026852435,0.0020259064622223377,0.0
5747.4515821534615,0.002512301434762776,0.0
5748.490137454488,0.00255777093116194,0.0
5749.5286927555135,0.001151454634964466,0.0
5750.56724805654,-0.0022657085210084915,0.0
5751.605803357566,-0.002905820729210973,0.0
5752.644358658592,-0.004518280256888829,0.0
5753.6829139596175,-0.0026054608169943094,0.0
5754.721469260644,0.0024349859450012445,0.0
5755.76002456167,0.0,0.0
5756.798579862696,-0.002770581573713571,0.0
5757.837135163722,-0.0028580324724316597,0.0
5758.875690464749,-0.0005621660966426134,0.0
5759.914245765775,-0.0036847597220912576,0.0
5760.952801066801,-0.0063933932688087225,0.0
5761.9913563678265,-0.0030750661971978843,0.0
5763.029911668852,-0.00466779014095664,0.0
5764.0684669698785,-0.006577798863872886,0.0
5765.107022270905,-0.005189275136217475,0.0
5766.145577571931,-0.002982125646667555,0.0
5767.184132872957,-0.0005972145590931177,0.0
5768.222688173983,0.0070082328747957945,0.0
5769.26124347501,0.0009496426209807396,0.0
5770.2997987760355,0.008383601903915405,0.0
5771.338354077061,0.005524535896256566,0.0
5772.3769093780875,0.004038766724988818,0.0
5773.415464679114,0.006292183184996247,0.0
5774.45401998014,0.0057244147174060345,0.0
5775.492575281166,0.0025802403688430786,0.0
5776.5311305821915,-0.001830082735978067,0.0
5777.569685883218,-0.0018183324136771262,0.0
5778.608241184244,-0.0029308153316378593,0.0
5779.64679648527,-0.007921144075226039,0.0
5780.6853517862955,-0.012977968784980476,0.0
5781.723907087322,-0.01201637543272227,0.0
5782.7624623883485,-0.021040129358880222,0.0
5783.801017689375,-0.019613831187598407,0.0
5784.8395729904005,-0.017536995001137257,0.0
5785.878128291427,-0.012262784082849976,0.0
5786.916683592453,-0.013234755162557121,0.0
5787.955238893479,-0.015238787978887558,0.0
5788.9937941945045,-0.007309194188565016,0.0
5790.032349495531,-0.006913757883012295,0.0
5791.070904796557,-0.004224482923746109,0.0
5792.109460097584,-0.003139565698802471,0.0
5793.1480153986095,0.0007192070843302645,0.0
5794.186570699635,0.0010482512661837973,0.0
5795.2251260006615,0.0032514115737285465,0.0
5796.263681301688,0.0010831988183781505,0.0
5797.3022366027135,0.0032932894537225366,0.0
5798.340791903739,0.002855019294656813,0.0
5799.3793472047655,0.006120728445239365,0.0
5800.417902505792,0.0031742790015414357,0.0
5801.456457806818,0.0014234089758247137,0.0
5802.495013107844,0.011146700475364923,0.0
5803.53356840887,0.007019036100246012,0.0
5804.572123709897,0.0009134960127994418,0.0
5805.6106790109225,-0.001661874797719065,0.0
5806.649234311948,-0.005674029816873372,0.0
5807.6877896129745,-0.0032493727048859,0.0
5808.726344914001,-0.0016174477932509035,0.0
5809.764900215027,0.002424910548143089,0.0
5810.803455516053,0.0028622589306905866,0.0
5811.8420108170785,-0.003604974481277168,0.0
5812.880566118105,-0.0006172331782181573,0.0
5813.919121419131,-0.0045051376218907535,0.0
5814.957676720157,-0.0010801111930049956,0.0
5815.9962320211835,0.0009628133848309517,0.0
5817.03478732221,0.002552730147726834,0.0
5818.073342623236,0.0013863844505976886,0.0
5819.111897924262,-0.0010807038052007556,0.0
5820.1504532252875,-0.0008999869460240006,0.0
5821.189008526314,0.0010815144632942975,0.0
5822.22756382734,0.006476948328781873,0.0
5823.266119128366,0.007982595649082214,0.0
5824.3046744293915,0.004966742650140077,0.0
5825.343229730418,0.004063019820023328,0.0
5826.381785031444,0.0028796070837415755,0.0
5827.420340332471,-0.0018218743498437107,0.0
5828.4588956334965,0.002662408718606457,0.0
5829.497450934522,0.0004115942938369699,0.0
5830.5360062355485,0.0026130770716008556,0.0
5831.574561536575,-0.001334981781837996,0.0
5832.6131168376005,0.0013699510309379548,0.0
5833.651672138627,-0.0011479821405373514,0.0
5834.690227439653,0.0032414033776149154,0.0
5835.72878274068,0.0034894884447567165,0.0
5836.767338041705,0.006484931334853172,0.0
5837.805893342731,-0.0011089922627434134,0.0
5838.8444486437575,0.003127638716250658,0.0
5839.883003944784,0.004395321011543274,0.0
5840.9215592458095,0.004449449246749282,0.0
5841.960114546835,0.003418521722778678,0.0
5842.9986698478615,0.0030990312225185335,0.0
5844.037225148888,-0.0009296229109168053,0.0
5845.075780449914,-0.0011929245665669441,0.0
5846.11433575094,0.0038500804439536296,0.0
5847.1528910519655,-0.002580613363534212,0.0
5848.191446352992,-0.0017047533765435219,0.0
5849.230001654018,0.0,0.0
5850.268556955044,0.0013067466206848621,0.0
5851.3071122560705,0.00015350664034485817,0.0
5852.345667557097,-0.004852214828133583,0.0
5853.384222858123,-0.0031187371350824833,0.0
5854.422778159149,-0.005294635891914368,0.0
5855.4613334601745,-0.004994918592274189,0.0
5856.499888761201,-0.006296624429523945,0.0
5857.5384440622265,-0.007808394264429808,0.0
5858.576999363253,-0.006186026148498058,0.0
5859.615554664279,-0.009502047672867775,0.0
5860.654109965305,-0.006528070196509361,0.0
5861.6926652663315,-0.0016775187104940414,0.0
5862.731220567358,0.0,0.0
5863.7697758683835,-0.0019023269414901733,0.0
5864.808331169409,-0.003312496468424797,0.0
5865.8468864704355,-0.0010920511558651924,0.0
5866.885441771462,0.004441823810338974,0.0
5867.9239970724875,-0.00647626630961895,0.0
5868.962552373514,0.0015100305899977684,0.0
5870.00110767454,0.0031419871374964714,0.0
5871.039662975567,0.0033926498144865036,0.0
5872.078218276592,0.007098527625203133,0.0
5873.116773577618,0.0027602920308709145,0.0
5874.155328878644,-0.0011709388345479965,0.0
5875.19388417967,0.00380534864962101,0.0
5876.2324394806965,0.012109916307963431,0.0
5877.270994781723,0.004261406138539314,0.0
5878.3095500827485,-0.0013900687918066978,0.0
5879.348105383775,-0.0005037868395447731,0.0
5880.386660684801,-0.0015167547389864922,0.0
5881.425215985827,-0.0007432354614138603,0.0
5882.4637712868525,-0.0020598238334059715,0.0
5883.502326587879,-0.0023346086964011192,0.0
5884.5408818889055,-0.006979961879551411,0.0
5885.579437189932,-0.023546754382550716,0.0
5886.6179924909575,-0.028422332368791103,0.0
5887.656547791984,-0.03940008860081434,0.0
5888.69510309301,-0.05101396795362234,0.0
5889.733658394036,-0.04758526664227247,0.0
5890.7722136950615,-0.05650260206311941,0.0
5891.810768996087,-0.06532877031713724,0.0
5892.8493242971135,-0.0669888248667121,0.0
5893.88787959814,-0.061347583308815956,0.0
5894.926434899166,-0.056976575404405594,0.0
5895.964990200192,-0.0525588346645236,0.0
5897.0035455012185,-0.04281883034855127,0.0
5898.042100802245,-0.03542378265410662,0.0
5899.0806561032705,-0.02368428185582161,0.0
5900.119211404296,-0.021836896426975727,0.0
5901.1577667053225,-0.02213951852172613,0.0
5902.196322006349,-0.008401199243962765,0.0
5903.234877307375,-0.0021144235506653786,0.0
5904.273432608401,-0.004454851150512695,0.0
5905.311987909427,0.003091768827289343,0.0
5906.350543210453,0.008011342259123921,0.0
5907.3890985114795,0.0033879238180816174,0.0
5908.427653812505,0.00625646160915494,0.0
5909.466209113531,-0.0010347673669457436,0.0
5910.504764414557,-0.0020901616662740707,0.0
5911.5433197155835,-0.004307981580495834,0.0
5912.58187501661,-0.003643491305410862,0.0
5913.6204303176355,6.315857172012329e-05,0.0
5914.658985618662,-0.0015741204842925072,0.0
5915.697540919688,0.005304360296577215,0.0
5916.736096220714,-1.4124438166618347e-05,0.0
5917.7746515217395,-0.005461062304675579,0.0
5918.813206822766,-0.002868006005883217,0.0
5919.8517621237925,0.003962196875363588,0.0
5920.890317424819,-0.004735334776341915,0.0
5921.9288727258445,0.0,0.0
5922.96742802687,0.011842396575957537,0.0
5924.0059833278965,0.006126936175860465,0.0
5925.044538628923,0.0029708819929510355,0.0
5926.0830939299485,0.002591482363641262,0.0
5927.121649230975,0.003911131992936134,0.0
5928.160204532001,0.010030282661318779,0.0
5929.198759833028,0.0029742142651230097,0.0
5930.2373151340535,0.0005823378451168537,0.0
5931.275870435079,0.011817940510809422,0.0
5932.3144257361055,0.007306162384338677,0.0
5933.352981037132,0.0060869199805893,0.0
5934.3915363381575,0.00469480620813556,0.0
5935.430091639183,0.0024915384128689766,0.0
5936.4686469402095,-0.0029497011564671993,0.0
5937.507202241236,-0.0016650022007524967,0.0
5938.545757542262,0.005184919718885794,0.0
5939.584312843288,0.0064602423226460814,0.0
5940.6228681443135,0.009293697774410248,0.0
5941.66142344534,0.004509687074460089,0.0
5942.6999787463665,0.0004641162231564522,0.0
5943.738534047392,-0.00043527036905288696,0.0
5944.7770893484185,-0.0014846180565655231,0.0
5945.815644649445,0.0014210687950253487,0.0
5946.854199950471,0.0011295480653643608,0.0
5947.892755251497,-0.0006398814730346203,0.0
5948.9313105525225,-8.219759911298752e-05,0.0
5949.969865853549,0.0013441427145153284,0.0
5951.008421154575,-0.006018367130309343,0.0
5952.046976455601,-0.007640615571290255,0.0
5953.085531756627,0.0002391827292740345,0.0
5954.124087057653,-0.01152473734691739,0.0
5955.1626423586795,-0.006697498727589846,0.0
5956.201197659706,-0.008279173169285059,0.0
5957.2397529607315,-0.0029004313983023167,0.0
5958.278308261757,-0.00748794199898839,0.0
5959.3168635627835,-0.002554620150476694,0.0
5960.35541886381,-2.7908943593502045e-05,0.0
5961.3939741648355,0.001299290917813778,0.0
5962.432529465862,-0.0031810197979211807,0.0
5963.471084766888,-0.0013974863104522228,0.0
5964.509640067915,0.003254519309848547,0.0
5965.5481953689405,0.0008856337517499924,0.0
5966.586750669966,0.008160803350619972,0.0
5967.6253059709925,0.0056126852869056165,0.0
5968.663861272019,0.010140334255993366,0.0
5969.7024165730445,0.008445280836895108,0.0
5970.740971874071,0.005478284496348351,0.0
5971.7795271750965,0.001732964999973774,0.0
5972.818082476123,4.01926226913929e-05,0.0
5973.856637777149,0.001795029267668724,0.0
5974.895193078175,0.0008254004642367363,0.0
5975.933748379201,-0.007210682146251202,0.0
5976.972303680227,-0.0019417437724769115,0.0
5978.0108589812535,-0.008481928613036871,0.0
5979.049414282279,-0.012384860310703516,0.0
5980.0879695833055,-0.013888562098145485,0.0
5981.126524884332,-0.005836944095790386,0.0
5982.165080185358,-0.00018274877220392227,0.0
5983.203635486384,-0.0021060220897197723,0.0
5984.2421907874095,-0.000500398688018322,0.0
5985.280746088436,0.0014629904180765152,0.0
5986.3193013894615,-0.0028269467875361443,0.0
5987.357856690488,0.000826049130409956,0.0
5988.3964119915145,-0.006365641951560974,0.0
5989.43496729254,-0.0022848229855298996,0.0
5990.4735225935665,0.001600273884832859,0.0
5991.512077894593,0.006489737774245441,0.0
5992.5506331956185,0.005189975490793586,0.0
5993.589188496644,0.0034649670124053955,0.0
5994.6277437976705,0.0008253012783825397,0.0
5995.666299098697,0.00037956610321998596,0.0
5996.7048543997225,-0.0013426286168396473,0.0
5997.743409700749,0.0026187431067228317,0.0
5998.7819650017755,0.0011422415263950825,0.0
5999.820520302802,-0.0018419399857521057,0.0
6000.8590756038275,-0.003707440569996834,0.0
6001.897630904853,0.001584368757903576,0.0
6002.936186205879,0.002053807955235243,0.0
6003.974741506905,0.0007574046030640602,0.0
6005.0132968079315,-0.009187565185129642,0.0
6006.051852108958,-0.015655008144676685,0.0
6007.0904074099835,-0.010425052605569363,0.0
6008.12896271101,-0.009119397960603237,0.0
6009.167518012036,-0.004733702167868614,0.0
6010.206073313062,-0.004928699694573879,0.0
6011.244628614088,-0.0039011305198073387,0.0
6012.283183915114,-0.007503796834498644,0.0
6013.3217392161405,-0.0014629904180765152,0.0
6014.360294517167,-0.0019182879477739334,0.0
6015.3988498181925,-0.0005182558670639992,0.0
6016.437405119219,-0.0025505665689706802,0.0
6017.475960420245,0.0013839183375239372,0.0
6018.514515721271,0.002246058313176036,0.0
6019.5530710222965,-0.007825370877981186,0.0
6020.591626323322,-0.006109518930315971,0.0
6021.630181624349,-0.002906001638621092,0.0
6022.668736925375,0.0005228947848081589,0.0
6023.7072922264015,-0.003924609627574682,0.0
6024.745847527427,-0.006491282721981406,0.0
6025.7844028284535,-0.003898730268701911,0.0
6026.82295812948,0.002280635293573141,0.0
6027.8615134305055,0.0036331344163045287,0.0
6028.900068731531,0.008702376391738653,0.0
6029.9386240325575,-0.0018336172215640545,0.0
6030.977179333584,0.0020945901051163673,0.0
6032.01573463461,0.006063827313482761,0.0
6033.054289935636,0.002949818968772888,0.0
6034.0928452366625,0.006941650994122028,0.0
6035.131400537688,0.0018383816350251436,0.0
6036.1699558387145,0.0015513994731009007,0.0
6037.20851113974,0.00790175306610763,0.0
6038.2470664407665,0.0030881966231390834,0.0
6039.285621741793,-0.0021823300048708916,0.0
6040.324177042819,0.0023531201586592942,0.0
6041.362732343845,0.00461323803756386,0.0
6042.4012876448705,0.004575489787384868,0.0
6043.439842945897,-0.0008324184454977512,0.0
6044.478398246923,0.00222568261960987,0.0
6045.516953547949,0.004085615044459701,0.0
6046.555508848975,0.0022842448961455375,0.0
6047.594064150001,0.003795284894295037,0.0
6048.6326194510275,0.006250473205000162,0.0
6049.671174752054,0.006002040114253759,0.0
6050.7097300530795,-0.00358014740049839,0.0
6051.748285354106,-0.006186706013977528,0.0
6052.7868406551315,-0.0013241602573543787,0.0
6053.825395956158,0.0006160121411085129,0.0
6054.8639512571835,0.004655563039705157,0.0
6055.90250655821,0.002431018598144874,0.0
6056.9410618592365,-0.0038731899112462997,0.0
6057.979617160263,-0.007320770062506199,0.0
6059.0181724612885,-0.0030274357413873076,0.0
6060.056727762314,-0.0024964174954220653,0.0
6061.0952830633405,-0.012085659778676927,0.0
6062.133838364366,-0.011245010769926012,0.0
6063.1723936653925,-0.012441142811439931,0.0
6064.210948966418,0.00032900588121265173,0.0
6065.2495042674445,0.0019425083883106709,0.0
6066.288059568471,0.0014149728958727792,0.0
6067.3266148694975,0.002996032126247883,0.0
6068.365170170523,0.001306850535911508,0.0
6069.4037254715495,0.005254873889498413,0.0
6070.442280772575,0.008917495724745095,0.0
6071.4808360736015,0.006637263228185475,0.0
6072.519391374627,0.008725686930119991,0.0
6073.5579466756535,0.006329786032438278,0.0
6074.59650197668,0.010892420657910407,0.0
6075.6350572777055,0.005942845833487809,0.0
6076.673612578732,0.004166974686086178,0.0
6077.7121678797575,0.005536236567422748,0.0
6078.750723180784,-0.004159250762313604,0.0
6079.78927848181,-0.006515631685033441,0.0
6080.827833782836,-0.002634235890582204,0.0
6081.8663890838625,0.0,0.0
6082.904944384889,-0.002640104154124856,0.0
6083.9434996859145,-0.004987090127542615,0.0
6084.982054986941,-0.003023687517270446,0.0
6086.0206102879665,-0.009194774320349097,0.0
6087.059165588993,-0.0127605723682791,0.0
6088.0977208900185,-0.0018651715945452452,0.0
6089.136276191045,-0.002871354576200247,0.0
6090.174831492071,-0.001606634585186839,0.0
6091.213386793097,0.002267184987431392,0.0
6092.2519420941235,0.002586853632237762,0.0
6093.290497395149,0.0007675263332203031,0.0
6094.3290526961755,0.000986018218100071,0.0
6095.367607997201,-0.0005910751642659307,0.0
6096.4061632982275,-0.000389672233723104,0.0
6097.444718599253,-0.003657807013951242,0.0
6098.4832739002795,-0.004764972138218582,0.0
6099.521829201306,0.001965144445421174,0.0
6100.560384502332,0.00021117168944329023,0.0
6101.598939803358,-0.002605867339298129,0.0
6102.6374951043845,-0.001537839649245143,0.0
6103.67605040541,-0.0001003616489470005,0.0
6104.7146057064365,-0.01001351629383862,0.0
6105.753161007462,-0.0037467090878635645,0.0
6106.7917163084885,-0.0030833955388516188,0.0
6107.830271609514,0.0029478003561962396,0.0
6108.8688269105405,0.0026319834287278354,0.0
6109.907382211567,0.0017999573610723019,0.0
6110.9459375125925,-0.0011608414351940155,0.0
6111.984492813619,0.0016665150178596377,0.0
6113.023048114645,-0.0033288574777543545,0.0
6114.061603415671,-0.002116662682965398,0.0
6115.100158716697,-0.003460898296907544,0.0
6116.138714017723,0.0012370932381600142,0.0
6117.1772693187495,0.005217683035880327,0.0
6118.215824619776,-0.0010158137883991003,0.0
6119.2543799208015,0.005517798010259867,0.0
6120.292935221828,0.006102588027715683,0.0
6121.3314905228535,0.0014001043746247888,0.0
6122.37004582388,0.002535973268095404,0.0
6123.4086011249055,0.0022434572165366262,0.0
6124.447156425932,-0.001488014473579824,0.0
6125.4857117269585,0.0007814987329766154,0.0
6126.524267027984,0.0042075845412909985,0.0
6127.5628223290105,0.004152995301410556,0.0
6128.601377630036,0.0,0.0
6129.6399329310625,-0.0005610606167465448,0.0
6130.678488232088,0.0036349304718896747,0.0
6131.7170435331145,-0.005789704853668809,0.0
6132.75559883414,-0.0010684740263968706,0.0
6133.7941541351665,-0.007998231099918485,0.0
6134.832709436193,-0.004370932700112462,0.0
6135.8712647372195,-0.004309832584112883,0.0
6136.909820038245,-0.00985365267843008,0.0
6137.9483753392715,-0.00788111798465252,0.0
6138.986930640297,-0.009936855640262365,0.0
6140.025485941323,0.0005594769027084112,0.0
6141.064041242349,0.0016482147620990872,0.0
6142.1025965433755,-0.0032461700029671192,0.0
6143.141151844402,0.0021811961196362972,0.0
6144.1797071454275,0.006853004917502403,0.0
6145.218262446454,0.005831994116306305,0.0
6146.2568177474795,0.002612469659652561,0.0
6147.295373048506,0.004987856023944914,0.0
6148.333928349532,0.00956633104942739,0.0
6149.372483650558,0.009606535313650966,0.0
6150.4110389515845,0.009784491965547204,0.0
6151.449594252611,0.0055439642164856195,0.0
6152.4881495536365,0.00011638435535132885,0.0
6153.526704854663,0.0026005605468526483,0.0
6154.5652601556885,0.007288684602826834,0.0
6155.603815456714,0.0005610606167465448,0.0
6156.6423707577405,0.004016223014332354,0.0
6157.680926058766,-0.00044972822070121765,0.0
6158.719481359793,-0.005949720740318298,0.0
6159.758036660819,-0.009292072616517544,0.0
6160.7965919618455,-0.0074583543464541435,0.0
6161.835147262871,-0.008449926972389221,0.0
6162.8737025638975,-0.007731488905847073,0.0
6163.912257864923,-0.0085817975923419,0.0
6164.9508131659495,-0.010066320188343525,0.0
6165.989368466975,-0.008426900953054428,0.0
6167.0279237680015,-0.009807569906115532,0.0
6168.066479069028,-0.006649631075561047,0.0
6169.105034370054,-0.010359557345509529,0.0
6170.14358967108,-0.013794604688882828,0.0
6171.1821449721065,-0.012215890223160386,0.0
6172.220700273132,-0.010662240674719214,0.0
6173.259255574158,-0.0040018155705183744,0.0
6174.297810875184,-0.006973909912630916,0.0
6175.33636617621,-0.0013343021273612976,0.0
6176.374921477236,0.00030457228422164917,0.0
6177.4134767782625,-0.0022083325311541557,0.0
6178.452032079289,0.002109698936692439,0.0
6179.4905873803145,0.002239344554254785,0.0
6180.529142681341,0.004586520837619901,0.0
6181.567697982367,0.0038043835666030645,0.0
6182.606253283393,0.0021899635903537273,0.0
6183.644808584419,-0.0057005928829312325,0.0
6184.683363885445,0.003633712593000382,0.0
6185.7219191864715,0.0009057850111275911,0.0
6186.760474487498,-0.0014305813238024712,0.0
6187.7990297885235,0.004971666494384408,0.0
6188.837585089549,-0.0006512105464935303,0.0
6189.8761403905755,-0.0049004633910954,0.0
6190.914695691601,-0.0035407007671892643,0.0
6191.9532509926275,-0.0001726783812046051,0.0
6192.991806293654,-0.0022288071922957897,0.0
6194.0303615946805,-0.009172770194709301,0.0
6195.068916895706,-0.004251031205058098,0.0
6196.1074721967325,-0.0005743559449911118,0.0
6197.146027497758,0.004095304248039611,0.0
6198.1845827987845,0.005537061137147248,0.0
6199.22313809981,0.007507021771743894,0.0
6200.2616934008365,0.0009979752358049154,0.0
6201.300248701862,0.0031986895482987165,0.0
6202.3388040028885,0.00641568866558373,0.0
6203.377359303915,0.005342697026208043,0.0
6204.415914604941,0.003524382715113461,0.0
6205.454469905967,0.004829849814996123,0.0
6206.493025206993,0.006364528089761734,0.0
6207.531580508019,0.010117280995473266,0.0
6208.570135809045,0.005818770965561271,0.0
6209.608691110071,0.00516161136329174,0.0
6210.6472464110975,0.006773083936423063,0.0
6211.685801712124,0.0033293320739176124,0.0
6212.7243570131495,0.0013786889612674713,0.0
6213.762912314176,-0.0032674011308699846,0.0
6214.801467615202,-0.0023372876457870007,0.0
6215.840022916228,-0.00621763919480145,0.0
6216.878578217254,-0.007962645031511784,0.0
6217.91713351828,-0.0060647036880254745,0.0
6218.955688819306,-0.007827418856322765,0.0
6219.994244120332,-0.006303771398961544,0.0
6221.0327994213585,-0.002495691180229187,0.0
6222.071354722384,-0.0006705936975777149,0.0
6223.1099100234105,0.0008841436356306076,0.0
6224.148465324436,0.0070593568962067366,0.0
6225.1870206254625,0.0012215781025588512,0.0
6226.225575926488,0.002579709980636835,0.0
6227.264131227515,0.002458593575283885,0.0
6228.302686528541,-0.000582447275519371,0.0
6229.3412418295675,0.0006775513757020235,0.0
6230.379797130593,0.002780515351332724,0.0
6231.4183524316195,0.003019473690073937,0.0
6232.456907732645,0.0011471891775727272,0.0
6233.4954630336715,-0.0012191059067845345,0.0
6234.534018334697,0.0006950532551854849,0.0
6235.5725736357235,0.004096582968486473,0.0
6236.61112893675,0.00231724651530385,0.0
6237.649684237776,0.0008999088313430548,0.0
6238.688239538802,-0.0008841436356306076,0.0
6239.726794839828,0.0018380021210759878,0.0
6240.765350140854,-0.008282157592475414,0.0
6241.80390544188,-0.0064286477863788605,0.0
6242.842460742906,-0.003393084742128849,0.0
6243.881016043932,-0.0026792380958795547,0.0
6244.919571344958,-4.832632839679718e-06,0.0
6245.9581266459845,-0.0040753064677119255,0.0
6246.996681947011,-0.005396055988967419,0.0
6248.0352372480365,-0.003893896471709013,0.0
6249.073792549063,-0.006208427716046572,0.0
6250.112347850089,-0.006909180199727416,0.0
6251.150903151115,-0.005472946213558316,0.0
6252.189458452141,-0.001469119219109416,0.0
6253.228013753167,-0.0034968580584973097,0.0
6254.2665690541935,-0.006332749035209417,0.0
6255.305124355219,-0.009131846018135548,0.0
6256.3436796562455,-0.003521761391311884,0.0
6257.382234957271,-0.005916185211390257,0.0
6258.4207902582975,-0.010179472854360938,0.0
6259.459345559323,-0.003906370373442769,0.0
6260.49790086035,-0.001876146299764514,0.0
6261.536456161376,-0.0007666239980608225,0.0
6262.5750114624025,0.0007328609935939312,0.0
6263.613566763428,0.00031550286803394556,0.0
6264.6521220644545,-0.0005516854580491781,0.0
6265.69067736548,0.0022272081550909206,0.0
6266.7292326665065,0.0028236452490091324,0.0
6267.767787967532,-0.001689397031441331,0.0
6268.806343268558,0.001132737728767097,0.0
6269.844898569584,0.0,0.0
6270.8834538706105,-0.0007930563297122717,0.0
6271.922009171637,0.003903931356035173,0.0
6272.960564472663,0.00656011700630188,0.0
6273.999119773689,0.007265439257025719,0.0
6275.037675074715,0.0030813914199825376,0.0
6276.076230375741,0.0054532913491129875,0.0
6277.114785676767,0.0035423654480837286,0.0
6278.153340977793,0.0023099904356058687,0.0
6279.1918962788195,0.0018351376638747752,0.0
6280.230451579846,6.353529170155525e-05,0.0
6281.2690068808715,0.003464690351393074,0.0
6282.307562181898,0.005291793262585998,0.0
6283.346117482924,0.005969948833808303,0.0
6284.384672783949,0.003669342491775751,0.0
6285.423228084976,0.0026906483763013966,0.0
6286.461783386001,0.003854256705380976,0.0
6287.500338687028,0.0009574105497449636,0.0
6288.538893988054,0.003602575045078993,0.0
6289.5774492890805,0.0037725677248090506,0.0
6290.616004590106,0.004967747954651713,0.0
6291.6545598911325,0.002454521461913828,0.0
6292.693115192158,0.007236930308863521,0.0
6293.7316704931845,0.008294204017147422,0.0
6294.77022579421,0.004049255163408816,0.0
6295.808781095237,0.0021429934872685408,0.0
6296.847336396263,0.0009611467830836773,0.0
6297.8858916972895,-0.004660162259824574,0.0
6298.924446998315,-0.0020982283167541027,0.0
6299.9630022993415,0.0015169481048360467,0.0
6301.001557600368,-0.0011014819610863924,0.0
6302.040112901393,-0.001011446351185441,0.0
6303.078668202419,-0.003704015864059329,0.0
6304.1172235034455,-0.003500063205137849,0.0
6305.155778804471,-0.0028742272406816483,0.0
6306.1943341054985,-0.0037894127890467644,0.0
6307.232889406524,-0.00035875593312084675,0.0
6308.27144470755,0.001105421339161694,0.0
6309.310000008577,-0.004723991034552455,0.0
6310.348555309601,-0.0008144776802510023,0.0
6311.387110610628,-0.00018352619372308254,0.0
6312.425665911654,-0.0036979701835662127,0.0
6313.46422121268,-0.0012504584155976772,0.0
6314.5027765137065,-0.0018801635596901178,0.0
6315.541331814733,-0.0041749319061636925,0.0
6316.5798871157585,-0.00425548804923892,0.0
6317.618442416784,-0.0040863375179469585,0.0
6318.65699771781,-0.005106939002871513,0.0
6319.695553018837,-0.004298340063542128,0.0
6320.734108319863,-0.0022401930764317513,0.0
6321.772663620889,-0.004599850624799728,0.0
6322.8112189219155,-0.006259677233174443,0.0
6323.84977422294,-0.0030303080566227436,0.0
6324.8883295239675,-0.0025311841163784266,0.0
6325.926884824993,0.0005362833617255092,0.0
6326.965440126019,0.0018175140721723437,0.0
6328.003995427046,0.0008917034137994051,0.0
6329.042550728072,0.0007431409321725368,0.0
6330.081106029097,0.0002449385356158018,0.0
6331.1196613301245,0.005386507837101817,0.0
6332.158216631149,0.0030365994898602366,0.0
6333.1967719321765,0.00039784424006938934,0.0
6334.235327233202,6.010802462697029e-05,0.0
6335.273882534228,0.00023303506895899773,0.0
6336.312437835255,-0.0005502488929778337,0.0
6337.35099313628,0.0028942382778041065,0.0
6338.389548437306,-0.00011921767145395279,0.0
6339.4281037383325,1.7722835764288902e-05,0.0
6340.466659039358,-0.0037659420631825924,0.0
6341.5052143403855,-0.0009613039437681437,0.0
6342.543769641411,0.00011183228343725204,0.0
6343.582324942437,0.00093799305614084,0.0
6344.620880243464,0.0031654246849939227,0.0
6345.659435544489,0.002571587472630199,0.0
6346.697990845515,0.00041762157343328,0.0
6347.7365461465415,0.0017621844890527427,0.0
6348.775101447567,0.0003850760404020548,0.0
6349.813656748594,0.0035466054687276483,0.0
6350.852212049618,0.0003985856892541051,0.0
6351.890767350646,0.0002501517301425338,0.0
6352.929322651671,0.00127011991571635,0.0
6353.967877952697,-0.00048389099538326263,0.0
6355.006433253724,0.002839786291588098,0.0
6356.04498855475,0.0010762657038867474,0.0
6357.083543855776,-0.0025076860329136252,0.0
6358.1220991568025,-0.004415487288497388,0.0
6359.160654457827,-0.003862983896397054,0.0
6360.1992097588545,-0.003016080125235021,0.0
6361.23776505988,-0.005009294138289988,0.0
6362.276320360906,-0.0044316231505945325,0.0
6363.314875661933,-0.004854386439546943,0.0
6364.353430962959,-0.0006036460399627686,0.0
6365.391986263985,0.0011424210388213396,0.0
6366.430541565011,0.0010573386680334806,0.0
6367.469096866036,-0.002206909004598856,0.0
6368.5076521670635,0.00389047316275537,0.0
6369.546207468089,0.004137731622904539,0.0
6370.584762769115,0.0,0.0
6371.623318070142,0.00311989284818992,0.0
6372.661873371167,0.007319664349779487,0.0
6373.700428672194,0.004829794401302934,0.0
6374.73898397322,0.00825160974636674,0.0
6375.777539274245,0.002162034266802948,0.0
6376.8160945752725,0.001212705043144524,0.0
6377.854649876298,0.0005079092225059867,0.0
6378.893205177324,0.004000743618234992,0.0
6379.931760478351,-0.0006794237997382879,0.0
6380.970315779376,-0.0014269868843257427,0.0
6382.008871080402,0.0013957720948383212,0.0
6383.0474263814285,-0.0008033267222344875,0.0
6384.085981682454,0.0010447175009176135,0.0
6385.124536983481,0.004469764651730657,0.0
6386.163092284505,0.003410127448660205,0.0
6387.201647585533,0.003299988224171102,0.0
6388.240202886558,0.0034326057648286223,0.0
6389.278758187585,-0.0036434470675885677,0.0
6390.317313488611,0.0025877879234030843,0.0
6391.3558687896375,0.0021154001588001847,0.0
6392.394424090663,0.0015680673532187939,0.0
6393.43297939169,-5.477806553244591e-05,0.0
6394.471534692714,-0.0016328799538314342,0.0
6395.5100899937415,-0.007126018404960632,0.0
6396.548645294767,-0.005057329311966896,0.0
6397.587200595793,0.0009918278083205223,0.0
6398.62575589682,-0.004776072688400745,0.0
6399.664311197845,-0.0024830643087625504,0.0
6400.702866498872,0.00010473141446709633,0.0
6401.741421799898,-0.0005074143409729004,0.0
6402.779977100923,-0.003489714115858078,0.0
6403.8185324019505,0.002068848581984639,0.0
6404.857087702976,-0.0038298973813652992,0.0
6405.895643004002,-0.0011411006562411785,0.0
6406.934198305029,0.0021162836346775293,0.0
6407.972753606054,-0.0004273117519915104,0.0
6409.011308907081,0.004387643304653466,0.0
6410.049864208107,-0.002985334023833275,0.0
6411.088419509132,-0.0033405525609850883,0.0
6412.1269748101595,-0.00016554305329918861,0.0
6413.165530111184,0.001508674817159772,0.0
6414.204085412211,-0.0023437165655195713,0.0
6415.242640713237,-0.0007953285239636898,0.0
6416.281196014263,0.0016328799538314342,0.0
6417.31975131529,-0.00465381471440196,0.0
6418.3583066163155,-0.0041820998303592205,0.0
6419.396861917341,-0.0018932702951133251,0.0
6420.4354172183685,-0.002393885049968958,0.0
6421.473972519392,-0.004969944711774588,0.0
6422.51252782042,-0.002232723869383335,0.0
6423.551083121445,0.0007441998459398746,0.0
6424.589638422472,-0.0019336058758199215,0.0
6425.628193723498,0.000753672793507576,0.0
6426.6667490245245,0.003880478674545884,0.0
6427.70530432555,0.0041779454331845045,0.0
6428.743859626577,0.0006009070202708244,0.0
6429.782414927601,-0.004031114745885134,0.0
6430.8209702286285,-0.0029915107879787683,0.0
6431.859525529654,0.001254677539691329,0.0
6432.898080830681,-0.005468436283990741,0.0
6433.936636131707,-0.002445375779643655,0.0
6434.975191432732,-0.0012885932810604572,0.0
6436.013746733759,-0.006399780511856079,0.0
6437.052302034785,-0.0025099716149270535,0.0
6438.09085733581,0.003708050004206598,0.0
6439.1294126368375,0.0023839410860091448,0.0
6440.167967937863,-0.003615871537476778,0.0
6441.206523238889,-0.0014655087143182755,0.0
6442.245078539916,-0.00325932539999485,0.0
6443.283633840941,0.0014321152120828629,0.0
6444.322189141968,0.0098653978202492,0.0
6445.360744442994,0.00391801621299237,0.0
6446.399299744019,-0.010867883916944265,0.0
6447.4378550450465,-0.003380464855581522,0.0
6448.476410346071,-0.005892707500606775,0.0
6449.514965647098,-0.003991372883319855,0.0
6450.553520948124,0.002389810513705015,0.0
6451.59207624915,0.001722889021039009,0.0
6452.630631550177,0.0,0.0
6453.6691868512025,0.0013838077429682016,0.0
6454.707742152228,0.006671403651125729,0.0
6455.7462974532555,0.003247667453251779,0.0
6456.78485275428,0.001992590958252549,0.0
6457.823408055307,0.005957064451649785,0.0
6458.861963356333,-0.0006009070202708244,0.0
6459.900518657359,0.004135059774853289,0.0
6460.939073958386,0.0012733987532556057,0.0
6461.97762925941,0.00124297384172678,0.0
6463.016184560437,-3.846711479127407e-05,0.0
6464.054739861463,-0.009932453744113445,0.0
6465.093295162488,-0.01301563810557127,0.0
6466.131850463516,-0.004383846186101437,0.0
6467.170405764541,-0.005040598567575216,0.0
6468.208961065568,0.009022765792906284,0.0
6469.247516366594,0.01196924364194274,0.0
6470.286071667619,0.006183472112752497,0.0
6471.324626968646,-0.00015485938638448715,0.0
6472.363182269672,0.003195337485522032,0.0
6473.401737570697,-0.0012595043517649174,0.0
6474.4402928717245,-0.004177748691290617,0.0
6475.47884817275,-0.001493306364864111,0.0
6476.5174034737765,0.0,0.0
6477.555958774802,0.0,0.0
6478.594514075828,0.0031550538260489702,0.0
6479.633069376855,0.006718992270180024,0.0
6480.671624677881,0.006368986738380045,0.0
6481.710179978906,0.005444281501695514,0.0
6482.7487352799335,0.005653494823491201,0.0
6483.787290580958,0.002846985589712858,0.0
6484.8258458819855,0.0025663902051746845,0.0
6485.864401183011,0.005052562395576388,0.0
6486.902956484037,0.00407656270544976,0.0
6487.941511785064,-0.0012906943447887897,0.0
6488.98006708609,-0.003962567076086998,0.0
6490.018622387115,-0.004796220455318689,0.0
6491.0571776881425,-0.004335721023380756,0.0
6492.095732989167,-0.004171368200331926,0.0
6493.134288290194,-0.0023981002159416676,0.0
6494.17284359122,-0.006203894969075918,0.0
6495.211398892246,-0.019156473223119974,0.0
6496.249954193273,-0.019024758134037256,0.0
6497.288509494297,-0.016078304033726454,0.0
6498.327064795324,-0.015426862519234419,0.0
6499.36562009635,-0.009902946185320616,0.0
6500.404175397376,-0.008156560827046633,0.0
6501.442730698403,-0.009061331395059824,0.0
6502.481285999429,-0.0072865476831793785,0.0
6503.519841300455,-0.006459805183112621,0.0
6504.558396601482,-0.0030110692605376244,0.0
6505.596951902506,-0.0012839282862842083,0.0
6506.635507203533,-0.008982230443507433,0.0
6507.674062504559,0.0009178859181702137,0.0
6508.712617805584,-0.007808797061443329,0.0
6509.7511731066115,0.0024913926608860493,0.0
6510.789728407636,0.003917430643923581,0.0
6511.828283708664,0.0035324214259162545,0.0
6512.866839009689,-0.005771257448941469,0.0
6513.905394310715,-0.006176598835736513,0.0
6514.943949611742,-0.0012508975341916084,0.0
6515.982504912768,-0.0035928268916904926,0.0
6517.021060213793,0.0004886612296104431,0.0
6518.0596155148205,0.006200464093126357,0.0
6519.098170815845,0.001844055950641632,0.0
6520.1367261168725,0.0027890547644346952,0.0
6521.175281417898,0.004724347294541076,0.0
6522.213836718924,0.0034817568957805634,0.0
6523.252392019951,0.0022314845118671656,0.0
6524.290947320977,-0.005253068171441555,0.0
6525.329502622002,-0.008665629662573338,0.0
6526.368057923029,-0.009569109417498112,0.0
6527.406613224054,0.0003344477154314518,0.0
6528.4451685250815,0.0009419959969818592,0.0
6529.483723826107,0.002210320672020316,0.0
6530.522279127133,0.004619395069312304,0.0
6531.56083442816,-0.005272909998893738,0.0
6532.599389729184,-0.005516202189028263,0.0
6533.637945030211,-0.0007360163144767284,0.0
6534.676500331237,0.005759505700552836,0.0
6535.715055632263,0.0015186825767159462,0.0
6536.75361093329,0.002593390177935362,0.0
6537.792166234316,0.004583131056278944,0.0
6538.830721535342,0.0010704230517148972,0.0
6539.869276836369,-0.0003344477154314518,0.0
6540.907832137393,0.0007898211479187012,0.0
6541.94638743842,0.007350668543949723,0.0
6542.984942739446,0.006205197772942483,0.0
6544.023498040472,0.004050985706271604,0.0
6545.0620533414985,0.009120897855609655,0.0
6546.100608642523,0.007375240791589022,0.0
6547.139163943551,0.010512003675103188,0.0
6548.177719244576,0.006210861261934042,0.0
6549.216274545602,0.006532371276989579,0.0
6550.254829846629,0.007826636778190732,0.0
6551.293385147655,0.004905266629066318,0.0
6552.33194044868,-0.0012034019455313683,0.0
6553.3704957497075,-0.005237046163529158,0.0
6554.409051050732,-0.010232687462121248,0.0
6555.4476063517595,0.00023431144654750824,0.0
6556.486161652785,-0.00583895156159997,0.0
6557.524716953811,-0.009894554037600756,0.0
6558.563272254838,-0.013824369292706251,0.0
6559.601827555863,-0.00883949501439929,0.0
6560.640382856889,-0.013118669157847762,0.0
6561.678938157916,-0.016266388585790992,0.0
6562.717493458941,-0.0106118971016258,0.0
6563.7560487599685,-0.01204134221188724,0.0
6564.794604060994,-0.013882107567042112,0.0
6565.83315936202,-0.0027296319603919983,0.0
6566.871714663047,-0.00489849760197103,0.0
6567.910269964072,-0.004764773650094867,0.0
6568.948825265098,-0.008062514942139387,0.0
6569.987380566125,-0.008863738272339106,0.0
6571.02593586715,-0.0073255798779428005,0.0
6572.0644911681775,-0.007654514629393816,0.0
6573.103046469203,-0.002619055099785328,0.0
6574.141601770229,-0.0030674797599203885,0.0
6575.180157071254,-0.0034371691872365773,0.0
6576.21871237228,0.002086992608383298,0.0
6577.257267673307,0.001817345793824643,0.0
6578.295822974333,0.004500634677242488,0.0
6579.334378275359,0.004144462931435555,0.0
6580.372933576386,0.004355668963398784,0.0
6581.41148887741,0.009674138622358441,0.0
6582.450044178438,0.013300200807861984,0.0
6583.488599479463,0.013807134586386383,0.0
6584.527154780489,0.010880758869461715,0.0
6585.565710081516,0.011623830418102443,0.0
6586.604265382542,0.013463856535963714,0.0
6587.642820683568,0.012882779235951602,0.0
6588.6813759845945,0.0031173613388091326,0.0
6589.719931285619,0.0011283474450465292,0.0
6590.7584865866465,-0.0010806856444105506,0.0
6591.797041887672,0.00100966717582196,0.0
6592.835597188698,0.002231221878901124,0.0
6593.874152489725,0.0029805718222633004,0.0
6594.91270779075,-0.0004821822512894869,0.0
6595.951263091777,-0.0018972516991198063,0.0
6596.989818392803,-0.004540584981441498,0.0
6598.028373693828,-0.005346593912690878,0.0
6599.0669289948555,0.001388763492286671,0.0
6600.105484295881,-0.0014237104915082455,0.0
6601.144039596907,0.002194764092564583,0.0
6602.182594897934,0.0008899378153728321,0.0
6603.221150198959,0.004203294345643371,0.0
6604.259705499985,0.0015580885228700936,0.0
6605.298260801012,0.001554635411594063,0.0
6606.336816102037,-0.001252549875061959,0.0
6607.3753714030645,-0.001442296605091542,0.0
6608.413926704088,-0.0001634160289540887,0.0
6609.452482005116,-0.0007672604988329113,0.0
6610.491037306141,0.0009056853741640225,0.0
6611.529592607168,-0.00011020194506272674,0.0
6612.568147908194,-0.000659967481624335,0.0
6613.6067032092205,0.0029393138247542083,0.0
6614.645258510246,0.004217570880427957,0.0
6615.6838138112735,-0.0005562896840274334,0.0
6616.722369112297,-0.0020146167371422052,0.0
6617.760924413325,8.765351958572865e-05,0.0
6618.79947971435,0.0008918439853005111,0.0
6619.838035015376,0.0018784945423249155,0.0
6620.876590316403,0.0009850100614130497,0.0
6621.915145617429,-0.002193964086472988,0.0
6622.953700918455,-0.00200606940779835,0.0
6623.992256219481,-0.001985841430723667,0.0
6625.030811520506,-0.00014762626960873604,0.0
6626.069366821534,-0.0034188495483249426,0.0
6627.107922122559,-0.0005973607767373323,0.0
6628.146477423585,0.0028779368149116635,0.0
6629.185032724612,0.000594276119954884,0.0
6630.223588025637,-0.0004516534972935915,0.0
6631.262143326664,0.006912180921062827,0.0
6632.30069862769,0.0008040097309276462,0.0
6633.339253928715,0.0011071222834289074,0.0
6634.3778092297425,0.0016619826201349497,0.0
6635.416364530768,-0.0033814171329140663,0.0
6636.454919831794,-0.0015200469642877579,0.0
6637.493475132821,0.0025940006016753614,0.0
6638.532030433846,0.005293085589073598,0.0
6639.570585734873,0.005496968515217304,0.0
6640.609141035899,0.0014870904851704836,0.0
6641.647696336924,-9.489990770816803e-05,0.0
6642.6862516379515,0.003110934281721711,0.0
6643.724806938975,0.0,0.0
6644.763362240003,0.0009354846552014351,0.0
6645.801917541028,0.004099230747669935,0.0
6646.840472842055,0.0026203677989542484,0.0
6647.879028143081,-0.0004004277288913727,0.0
6648.917583444108,-0.0051686507649719715,0.0
6649.956138745133,-0.0016915900632739067,0.0
6650.9946940461605,-0.004398203454911709,0.0
6652.033249347184,-0.0025814808905124664,0.0
6653.071804648212,-0.002300613559782505,0.0
6654.110359949237,-0.003538799937814474,0.0
6655.148915250264,-0.002724898047745228,0.0
6656.18747055129,-0.0029113274067640305,0.0
6657.226025852315,0.0009195646271109581,0.0
6658.264581153342,-0.0021652253344655037,0.0
6659.303136454368,-0.002993319183588028,0.0
6660.341691755393,-0.0015512239187955856,0.0
6661.380247056421,-0.004282192327082157,0.0
6662.418802357446,-0.000609355978667736,0.0
6663.457357658472,-0.0013294853270053864,0.0
6664.495912959499,0.002227474469691515,0.0
6665.534468260524,0.003445060458034277,0.0
6666.573023561551,0.0022739972919225693,0.0
6667.611578862577,-0.000861065462231636,0.0
6668.650134163602,-0.0022202590480446815,0.0
6669.6886894646295,0.0,0.0
6670.727244765655,0.00047428347170352936,0.0
6671.765800066681,-0.0004986496642231941,0.0
6672.804355367707,-0.0019163740798830986,0.0
6673.842910668733,-0.0013544103130698204,0.0
6674.88146596976,-0.004346180707216263,0.0
6675.920021270786,-6.708595901727676e-05,0.0
6676.958576571811,-0.0006234403699636459,0.0
6677.9971318728385,-0.004707240499556065,0.0
6679.035687173863,-0.006749846041202545,0.0
6680.07424247489,-0.002170829102396965,0.0
6681.112797775916,0.0017544492147862911,0.0
6682.151353076942,-0.005062142387032509,0.0
6683.189908377969,-0.0013702325522899628,0.0
6684.228463678995,-0.0021830499172210693,0.0
6685.26701898002,-0.001674172468483448,0.0
6686.3055742810475,-0.0034952061250805855,0.0
6687.344129582071,0.0021083755418658257,0.0
6688.382684883099,-0.004169692285358906,0.0
6689.421240184124,-0.0005637835711240768,0.0
6690.459795485151,-3.35020013153553e-05,0.0
6691.498350786177,0.00359054422006011,0.0
6692.536906087202,0.003146987408399582,0.0
6693.575461388229,0.0014220373705029488,0.0
6694.614016689255,-0.00139284273609519,0.0
6695.65257199028,0.0025032737758010626,0.0
6696.691127291308,-9.198999032378197e-05,0.0
6697.729682592333,-0.003508650464937091,0.0
6698.76823789336,-0.0008578931447118521,0.0
6699.806793194386,0.0005595965776592493,0.0
6700.845348495411,0.0006208440754562616,0.0
6701.883903796438,0.0028485599905252457,0.0
6702.922459097464,-0.005451496224850416,0.0
6703.961014398489,-0.003736873622983694,0.0
6704.9995696995165,0.00014766212552785873,0.0
6706.038125000541,2.2921711206436157e-05,0.0
6707.076680301569,-0.0027479203417897224,0.0
6708.115235602594,-6.187614053487778e-05,0.0
6709.15379090362,-0.003917323425412178,0.0
6710.192346204647,0.004384732324979268,0.0
6711.230901505673,0.001572486711665988,0.0
6712.269456806698,-0.0018816983792930841,0.0
6713.3080121077255,-0.0012654259335249662,0.0
6714.34656740875,0.0030773974140174687,0.0
6715.385122709777,0.0028639789088629186,0.0
6716.423678010803,0.00513133336789906,0.0
6717.462233311829,0.0008370694704353809,0.0
6718.500788612856,0.002406701445579529,0.0
6719.53934391388,0.0007383779156953096,0.0
6720.577899214907,0.0012304710689932108,0.0
6721.616454515933,0.00040711485780775547,0.0
6722.655009816959,-0.00359054422006011,0.0
6723.693565117986,-0.0007444866932928562,0.0
6724.732120419012,0.005468086805194616,0.0
6725.770675720038,0.0032514656195417047,0.0
6726.809231021065,0.0006264003459364176,0.0
6727.847786322089,0.001973820268176496,0.0
6728.886341623116,0.006220122100785375,0.0
6729.924896924142,0.004866360453888774,0.0
6730.963452225167,0.005051121464930475,0.0
6732.002007526195,0.012597668217495084,0.0
6733.04056282722,0.00617405422963202,0.0
6734.079118128247,0.0032029422582127154,0.0
6735.117673429273,0.007362836506217718,0.0
6736.156228730298,0.009438692824915051,0.0
6737.194784031325,0.007787129143252969,0.0
6738.233339332351,0.003770690644159913,0.0
6739.271894633376,0.0016807103529572487,0.0
6740.310449934404,0.0005441464018076658,0.0
6741.349005235428,0.0017610799986869097,0.0
6742.387560536456,0.004283100774046034,0.0
6743.426115837481,-0.0004465573001652956,0.0
6744.464671138507,-0.0022456529550254345,0.0
6745.503226439534,0.0008650242816656828,0.0
6746.54178174056,0.0016214388888329268,0.0
6747.580337041585,0.0011085423175245523,0.0
6748.6188923426125,-0.0015608735848218203,0.0
6749.657447643637,0.002836558618582785,0.0
6750.6960029446645,-0.0032335519790649414,0.0
6751.73455824569,-0.004815617110580206,0.0
6752.773113546716,-0.010019415989518166,0.0
6753.811668847743,-0.008920698892325163,0.0
6754.850224148767,-0.0036982372403144836,0.0
6755.888779449794,-0.005987746175378561,0.0
6756.92733475082,-0.000768560916185379,0.0
6757.965890051846,-0.00201792037114501,0.0
6759.004445352873,-0.011007437016814947,0.0
6760.043000653899,-0.007890256121754646,0.0
6761.081555954925,0.0021785213612020016,0.0
6762.120111255952,-0.0010517453774809837,0.0
6763.158666556976,0.0,0.0
6764.197221858003,-0.003466806374490261,0.0
6765.235777159029,-0.0018450114876031876,0.0
6766.274332460055,-0.002941245213150978,0.0
6767.312887761082,-0.0017451336607336998,0.0
6768.351443062106,-0.004824356641620398,0.0
6769.389998363134,-0.00018632132560014725,0.0
6770.428553664159,-0.0024878811091184616,0.0
6771.467108965185,-0.001339072361588478,0.0
6772.505664266212,0.0008363062515854836,0.0
6773.544219567238,0.010488905943930149,0.0
6774.582774868263,0.008294455474242568,0.0
6775.621330169291,-0.00011577364057302475,0.0
6776.659885470315,0.005342511925846338,0.0
6777.698440771343,0.008651221171021461,0.0
6778.736996072368,0.0055719586089253426,0.0
6779.775551373394,0.012302733841352165,0.0
6780.814106674421,0.006866105832159519,0.0
6781.852661975447,-0.0062055429443717,0.0
6782.891217276472,0.00184609554708004,0.0
6783.929772577499,0.0003219684585928917,0.0
6784.968327878524,0.0030187321826815605,0.0
6786.006883179552,6.662309169769287e-05,0.0
6787.045438480577,-0.000194610096514225,0.0
6788.083993781603,-0.006194942630827427,0.0
6789.12254908263,-0.0006509879603981972,0.0
6790.161104383655,-0.004804207943379879,0.0
6791.199659684681,0.0,0.0
6792.238214985708,-0.0037992214784026146,0.0
6793.276770286733,-0.008110503666102886,0.0
6794.3153255877605,-0.004902847111225128,0.0
6795.353880888786,-0.0012616915628314018,0.0
6796.392436189812,0.0006365049630403519,0.0
6797.430991490839,0.007754147984087467,0.0
6798.469546791863,0.00040963850915431976,0.0
6799.50810209289,-0.000289013609290123,0.0
6800.546657393916,-0.001146240159869194,0.0
6801.585212694942,-0.009526938199996948,0.0
6802.623767995969,-0.017987442202866077,0.0
6803.662323296993,-0.017800389789044857,0.0
6804.700878598021,-0.013211856596171856,0.0
6805.739433899046,-0.019201084040105343,0.0
6806.777989200072,-0.0023768655955791473,0.0
6807.816544501099,-0.0004992233589291573,0.0
6808.855099802125,-0.011147978715598583,0.0
6809.893655103151,-0.0065469807013869286,0.0
6810.932210404178,-0.0021677790209650993,0.0
6811.970765705202,-0.004860078915953636,0.0
6813.00932100623,-0.0010524280369281769,0.0
6814.047876307255,0.0011914726346731186,0.0
6815.086431608281,0.006760944612324238,0.0
6816.124986909308,0.001834264025092125,0.0
6817.163542210333,0.010644557420164347,0.0
6818.20209751136,0.007713930681347847,0.0
6819.240652812386,0.0042176516726613045,0.0
6820.279208113411,0.0022574402391910553,0.0
6821.317763414439,-0.009275838732719421,0.0
6822.356318715464,0.00092280562967062,0.0
6823.39487401649,0.0,0.0
6824.433429317517,0.0031247567385435104,0.0
6825.471984618542,0.006401441525667906,0.0
6826.510539919568,0.007711057085543871,0.0
6827.549095220595,0.009018159937113523,0.0
6828.58765052162,0.002587447874248028,0.0
6829.6262058226475,0.0014686556532979012,0.0
6830.664761123673,0.010756790405139327,0.0
6831.703316424699,0.0057719917967915535,0.0
6832.741871725724,4.0024518966674805e-05,0.0
6833.780427026751,-0.003989079967141151,0.0
6834.818982327777,0.0014067050069570541,0.0
6835.857537628804,-0.0007280493155121803,0.0
6836.896092929829,-0.0016582692041993141,0.0
6837.9346482308565,-0.0038207415491342545,0.0
6838.97320353188,-0.01509806327521801,0.0
6840.011758832908,-0.021876374259591103,0.0
6841.050314133933,-0.010271532461047173,0.0
6842.088869434959,0.0025881510227918625,0.0
6843.127424735986,0.0006906501948833466,0.0
6844.165980037012,0.0018045371398329735,0.0
6845.204535338038,0.0024463869631290436,0.0
6846.243090639065,-0.005568986758589745,0.0
6847.281645940089,-0.006440183147788048,0.0
6848.320201241117,-0.011528927832841873,0.0
6849.358756542142,-0.015726220328360796,0.0
6850.397311843168,-0.014146578032523394,0.0
6851.435867144195,-0.010011610109359026,0.0
6852.47442244522,-0.005579404998570681,0.0
6853.512977746247,-0.0021401201374828815,0.0
6854.551533047273,-0.001289192121475935,0.0
6855.590088348298,0.005115356296300888,0.0
6856.628643649326,0.007966049015522003,0.0
6857.667198950351,0.0073157562874257565,0.0
6858.705754251377,0.003184229601174593,0.0
6859.744309552404,0.0069659738801419735,0.0
6860.782864853429,0.004465254954993725,0.0
6861.821420154456,0.006317175459116697,0.0
6862.859975455482,0.005504828877747059,0.0
6863.898530756507,-0.0013183541595935822,0.0
6864.9370860575345,-0.002844390459358692,0.0
6865.975641358558,0.0028129322454333305,0.0
6867.014196659586,-0.010372971184551716,0.0
6868.052751960611,-0.00835604127496481,0.0
6869.091307261638,-0.0016078716143965721,0.0
6870.129862562664,0.00030088238418102264,0.0
6871.168417863691,0.0012930948287248611,0.0
6872.206973164716,-0.0026041436940431595,0.0
6873.2455284657435,-0.0007965578697621822,0.0
6874.284083766767,-0.0005494882352650166,0.0
6875.322639067795,0.004791752435266972,0.0
6876.36119436882,-0.0002495450899004936,0.0
6877.399749669847,-0.00409912783652544,0.0
6878.438304970873,-0.007617316208779812,0.0
6879.4768602719,-0.008686183951795101,0.0
6880.515415572925,-0.007530671544373035,0.0
6881.553970873951,-0.00366909708827734,0.0
6882.592526174976,-0.00010267458856105804,0.0
6883.631081476004,-0.007260439917445183,0.0
6884.669636777029,0.0027961796149611473,0.0
6885.708192078055,0.001813613809645176,0.0
6886.746747379082,0.001701311208307743,0.0
6887.785302680107,0.0033097174018621445,0.0
6888.823857981134,0.0029330458492040634,0.0
6889.86241328216,-0.003565855324268341,0.0
6890.900968583185,-0.001462070271372795,0.0
6891.939523884213,0.004694754723459482,0.0
6892.978079185238,-0.008889884687960148,0.0
6894.016634486264,-0.01069758739322424,0.0
6895.055189787291,-0.0035098548978567123,0.0
6896.093745088316,0.005626503843814135,0.0
6897.132300389343,0.0021824976429343224,0.0
6898.170855690369,-0.0005195317789912224,0.0
6899.209410991394,0.002361302264034748,0.0
6900.247966292422,0.006531593855470419,0.0
6901.286521593446,0.006018007639795542,0.0
6902.325076894473,0.002839411608874798,0.0
6903.363632195499,0.0019094450399279594,0.0
6904.402187496525,0.0007823426276445389,0.0
6905.440742797552,-0.010370354168117046,0.0
6906.479298098578,-0.0076027074828743935,0.0
6907.517853399603,0.0031687901355326176,0.0
6908.5564087006305,0.0010586436837911606,0.0
6909.594964001654,-0.012121130712330341,0.0
6910.633519302682,-0.010252862237393856,0.0
6911.672074603707,-0.008307588286697865,0.0
6912.710629904734,-0.007645927369594574,0.0
6913.74918520576,-0.004441039636731148,0.0
6914.787740506785,-0.002190309576690197,0.0
6915.826295807812,-0.00041238684207201004,0.0
6916.864851108838,0.0030369600281119347,0.0
6917.903406409863,-0.001704065129160881,0.0
6918.941961710891,0.0020724679343402386,0.0
6919.980517011916,0.0002596341073513031,0.0
6921.019072312943,-0.001186382956802845,0.0
6922.057627613969,0.003272662404924631,0.0
6923.096182914994,-0.0046368809416890144,0.0
6924.134738216021,-0.0009656557813286781,0.0
6925.173293517047,0.0012170588597655296,0.0
6926.211848818072,0.0049105011858046055,0.0
6927.2504041191,0.0011251773685216904,0.0
6928.288959420125,0.0018608318641781807,0.0
6929.327514721152,-0.001483054831624031,0.0
6930.366070022177,-0.0008347984403371811,0.0
6931.404625323203,-0.0023561641573905945,0.0
6932.44318062423,0.0037221633829176426,0.0
6933.481735925256,0.003209399990737438,0.0
6934.520291226281,-0.0003088880330324173,0.0
6935.558846527309,0.006810725317336619,0.0
6936.597401828333,0.010431942879222333,0.0
6937.63595712936,-0.00014449749141931534,0.0
6938.674512430386,-0.004847384057939053,0.0
6939.713067731412,-0.005448812618851662,0.0
6940.751623032439,-0.004761792719364166,0.0
6941.790178333465,-0.007153231650590897,0.0
6942.82873363449,-0.014783060178160667,0.0
6943.8672889355175,-0.008931025862693787,0.0
6944.905844236542,0.0030126161873340607,0.0
6945.944399537569,-0.0005320822820067406,0.0
6946.982954838595,0.0025215470232069492,0.0
6948.021510139621,0.0054626979399472475,0.0
6949.060065440648,-0.0036570688243955374,0.0
6950.098620741672,-0.0018338102381676435,0.0
6951.137176042699,0.0011229082010686398,0.0
6952.175731343725,-0.001672876998782158,0.0
6953.21428664475,0.0030153938569128513,0.0
6954.252841945778,0.0022721877321600914,0.0
6955.291397246803,-0.0032495511695742607,0.0
6956.32995254783,-0.005876773037016392,0.0
6957.368507848856,-0.0019767070189118385,0.0
6958.407063149881,-0.003952207509428263,0.0
6959.445618450908,-0.0003330304753035307,0.0
6960.484173751934,0.006671185896266252,0.0
6961.522729052959,0.0032922017853707075,0.0
6962.561284353987,0.002104730112478137,0.0
6963.599839655011,0.0036452794447541237,0.0
6964.638394956039,0.004062546999193728,0.0
6965.676950257064,0.004745467042084783,0.0
6966.71550555809,-0.0008155435789376497,0.0
6967.754060859117,0.007733805570751429,0.0
6968.792616160143,0.005886764149181545,0.0
6969.831171461168,0.0032345857471227646,0.0
6970.869726762196,0.00363048876170069,0.0
6971.90828206322,-0.0014044116251170635,0.0
6972.946837364248,-0.011030425550416112,0.0
6973.985392665273,-0.012190570356324315,0.0
6975.023947966299,-0.012777812080457807,0.0
6976.062503267326,-0.007388003868982196,0.0
6977.10105856835,-0.003552222391590476,0.0
6978.139613869377,-0.0015563988126814365,0.0
6979.178169170403,-0.0017404723912477493,0.0
6980.216724471429,0.0005685738287866116,0.0
6981.255279772456,-0.0026154862716794014,0.0
6982.293835073482,-0.0015532709658145905,0.0
6983.332390374508,0.00229780119843781,0.0
6984.370945675535,-0.00394085724838078,0.0
6985.409500976559,-0.0028508116956800222,0.0
6986.448056277586,0.006700494326651096,0.0
6987.486611578612,0.0019296449609100819,0.0
6988.525166879638,-0.001509523717686534,0.0
6989.563722180665,0.0011941378470510244,0.0
6990.602277481691,0.002387680171523243,0.0
6991.640832782717,0.0017582990694791079,0.0
6992.679388083744,-4.314293619245291e-05,0.0
6993.717943384768,-0.003294355235993862,0.0
6994.756498685795,0.00030015665106475353,0.0
6995.795053986821,-0.0003771847113966942,0.0
6996.833609287846,0.0016778679564595222,0.0
6997.872164588874,-0.0019409953383728862,0.0
6998.910719889898,0.002951492147985846,0.0
6999.949275190926,0.000784382107667625,0.0
7000.987830491951,-0.00036918383557349443,0.0
7002.026385792977,4.00707358494401e-05,0.0
7003.064941094004,0.005302560864947736,0.0
7004.10349639503,0.00394885428249836,0.0
7005.142051696055,-0.003965575946494937,0.0
7006.180606997083,7.844192441552877e-05,0.0
7007.219162298107,-0.0015686627011746168,0.0
7008.257717599135,-0.005961386486887932,0.0
7009.29627290016,-0.004818214103579521,0.0
7010.334828201186,-0.0025811013765633106,0.0
7011.373383502213,-0.004911773605272174,0.0
7012.411938803238,0.0013375987764447927,0.0
7013.450494104264,-0.0008816313929855824,0.0
7014.489049405291,-0.005780141102150083,0.0
7015.527604706316,-0.0019257916137576103,0.0
7016.566160007344,-0.0025606821291148663,0.0
7017.604715308369,-0.0060433074831962585,0.0
7018.643270609395,-0.0017445455305278301,0.0
7019.681825910422,0.0,0.0
7020.720381211446,-0.003718653228133917,0.0
7021.758936512473,0.0009659738279879093,0.0
7022.797491813499,0.0016162358224391937,0.0
7023.836047114525,0.002431848319247365,0.0
7024.874602415552,0.0027914013480767608,0.0
7025.913157716576,0.005495198769494891,0.0
7026.951713017604,0.005857126787304878,0.0
7027.990268318629,0.0073747094720602036,0.0
7029.028823619655,0.007321197655983269,0.0
7030.067378920682,0.004329066490754485,0.0
7031.105934221708,0.005698451190255582,0.0
7032.144489522734,0.0035648008342832327,0.0
7033.183044823761,0.0022623794502578676,0.0
7034.221600124785,0.0017968616666621529,0.0
7035.260155425813,0.0005385485710576177,0.0
7036.298710726838,-0.002219008980318904,0.0
7037.337266027864,0.001595799985807389,0.0
