wave,flux,uncertainty
3700.0,0.0013939380951342173,0.0
3700.8252063015752,0.0014464459236478433,0.0
3701.650412603151,0.00045950658386573195,0.0
3702.475618904726,0.0008256673463620245,0.0
3703.3008252063014,0.0005615020636469126,0.0
3704.126031507877,-0.000528802745975554,0.0
3704.9512378094523,-0.0026476981583982706,0.0
3705.7764441110276,-0.004523614596109837,0.0
3706.6016504126032,-0.00414168240968138,0.0
3707.4268567141785,-0.0032088853477034718,0.0
3708.2520630157537,-0.0032255465048365295,0.0
3709.0772693173294,-0.003105499956291169,0.0
3709.9024756189046,-0.002245244977530092,0.0
3710.7276819204803,-0.0002072931092698127,0.0
3711.5528882220556,0.001872437191195786,0.0
3712.378094523631,0.0025178309879265726,0.0
3713.2033008252065,0.003134386846795678,0.0
3714.0285071267817,0.005605806014500558,0.0
3714.853713428357,0.006740367040038109,0.0
3715.6789197299327,0.006417950382456183,0.0
3716.504126031508,0.005758760264143348,0.0
3717.329332333083,0.003933267667889595,0.0
3718.154538634659,0.0015910640941001475,0.0
3718.979744936234,-0.0003831367939710617,0.0
3719.8049512378093,-0.0028734449297189713,0.0
3720.630157539385,-0.004766865284182131,0.0
3721.45536384096,-0.004796179244294763,0.0
3722.2805701425355,-0.004016764636617154,0.0
3723.105776444111,-0.0025958578335121274,0.0
3723.9309827456864,-0.0008137155382428318,0.0
3724.7561890472616,0.0015249603311531246,0.0
3725.5813953488373,0.002872212848160416,0.0
3726.4066016504125,0.0036319003556855023,0.0
3727.2318079519882,0.004403423983603716,0.0
3728.0570142535635,0.004448129970114678,0.0
3728.8822205551387,0.003712180594448,0.0
3729.7074268567144,0.0020340384799055755,0.0
3730.5326331582896,0.0004037603266624501,0.0
3731.357839459865,-0.0022001314246153925,0.0
3732.1830457614406,-0.005788984655737295,0.0
3733.008252063016,-0.00785489345798851,0.0
3733.833458364591,-0.009822581881962833,0.0
3734.6586646661667,-0.010876484535401687,0.0
3735.483870967742,-0.010022776725236326,0.0
3736.309077269317,-0.007938471913803369,0.0
3737.134283570893,-0.005228001915384084,0.0
3737.959489872468,-0.0024461120483465493,0.0
3738.7846961740433,-0.0001176987134385854,0.0
3739.609902475619,0.0012321972717472818,0.0
3740.4351087771943,0.0021978433287586085,0.0
3741.2603150787695,0.0024774756748229265,0.0
3742.085521380345,0.002233098610304296,0.0
3742.9107276819204,0.0009777339873835444,0.0
3743.7359339834957,-0.0010719449455791619,0.0
3744.5611402850714,-0.003530644462443888,0.0
3745.3863465866466,-0.0055874757235869765,0.0
3746.2115528882223,-0.007885659812018275,0.0
3747.0367591897975,-0.010099475737661123,0.0
3747.8619654913728,-0.011990116909146309,0.0
3748.6871717929484,-0.012403406435623765,0.0
3749.5123780945237,-0.011952366912737489,0.0
3750.337584396099,-0.010138417826965451,0.0
3751.1627906976746,-0.007501784944906831,0.0
3751.98799699925,-0.0039023857098072767,0.0
3752.813203300825,0.0006668678252026439,0.0
3753.6384096024008,0.003438662039116025,0.0
3754.463615903976,0.005184222245588899,0.0
3755.2888222055512,0.005445084301754832,0.0
3756.114028507127,0.0038081512320786715,0.0
3756.939234808702,0.002270923927426338,0.0
3757.7644411102774,0.001095915213227272,0.0
3758.589647411853,-0.0003907359205186367,0.0
3759.4148537134283,-0.0005517313256859779,0.0
3760.2400600150036,0.00036765518598258495,0.0
3761.0652663165793,0.0010736198164522648,0.0
3761.8904726181545,0.002220677677541971,0.0
3762.7156789197297,0.0029335825238376856,0.0
3763.5408852213054,0.0018367453012615442,0.0
3764.3660915228807,0.0014625550247728825,0.0
3765.1912978244563,0.0007108976133167744,0.0
3766.0165041260316,-0.00015606090892106295,0.0
3766.841710427607,-0.0009746598079800606,0.0
3767.6669167291825,-0.0026083308330271393,0.0
3768.4921230307577,-0.004801411181688309,0.0
3769.317329332333,-0.006182091077789664,0.0
3770.1425356339087,-0.006413400871679187,0.0
3770.967741935484,-0.005820886697620153,0.0
3771.792948237059,-0.004175298614427447,0.0
3772.618154538635,-0.0022564808605238795,0.0
3773.44336084021,0.0005029959138482809,0.0
3774.2685671417853,0.0021580762695521116,0.0
3775.093773443361,0.004059341968968511,0.0
3775.918979744936,0.005031008971855044,0.0
3776.7441860465115,0.0045961805153638124,0.0
3777.569392348087,0.0057442630641162395,0.0
3778.3945986496624,0.007915867026895285,0.0
3779.2198049512376,0.008908219635486603,0.0
3780.0450112528133,0.009689576923847198,0.0
3780.8702175543885,0.010467327199876308,0.0
3781.695423855964,0.011030473746359348,0.0
3782.5206301575395,0.010855274274945259,0.0
3783.3458364591147,0.010465198196470737,0.0
3784.1710427606904,0.00937750656157732,0.0
3784.9962490622656,0.007711715996265411,0.0
3785.821455363841,0.005742336623370647,0.0
3786.6466616654166,0.004498450085520744,0.0
3787.471867966992,0.002251326572149992,0.0
3788.297074268567,0.001552786212414503,0.0
3789.1222805701427,0.001946837641298771,0.0
3789.947486871718,0.0007071481086313725,0.0
3790.772693173293,0.0007285373285412788,0.0
3791.597899474869,0.00039319763891398907,0.0
3792.423105776444,-0.0010736198164522648,0.0
3793.2483120780194,-0.002880327694583684,0.0
3794.073518379595,-0.00485385931096971,0.0
3794.8987246811703,-0.008288017706945539,0.0
3795.7239309827455,-0.011894407449290156,0.0
3796.549137284321,-0.01422709389589727,0.0
3797.3743435858964,-0.014941602479666471,0.0
3798.1995498874717,-0.01368088205344975,0.0
3799.0247561890474,-0.012129004579037428,0.0
3799.8499624906226,-0.009236036334186792,0.0
3800.675168792198,-0.00511175615247339,0.0
3801.5003750937735,-0.0014775473391637206,0.0
3802.3255813953488,0.0020276480354368687,0.0
3803.1507876969245,0.003815367352217436,0.0
3803.9759939984997,0.005085119046270847,0.0
3804.801200300075,0.005650879815220833,0.0
3805.6264066016506,0.005251455120742321,0.0
3806.451612903226,0.005500924773514271,0.0
3807.276819204801,0.005644382908940315,0.0
3808.102025506377,0.00694405660033226,0.0
3808.927231807952,0.008011058438569307,0.0
3809.7524381095272,0.008413783507421613,0.0
3810.577644411103,0.008914178004488349,0.0
3811.402850712678,0.008080289466306567,0.0
3812.2280570142534,0.00676606479100883,0.0
3813.053263315829,0.004332532407715917,0.0
3813.8784696174043,0.0022735714446753263,0.0
3814.7036759189796,0.0012338212691247463,0.0
3815.5288822205553,0.0011143798474222422,0.0
3816.3540885221305,0.0013777182903140783,0.0
3817.1792948237057,0.0010403275955468416,0.0
3818.0045011252814,0.0009248701389878988,0.0
3818.8297074268567,0.0005825900007039309,0.0
3819.6549137284323,0.0,0.0
3820.4801200300076,-0.0010048507247120142,0.0
3821.305326331583,-0.002047699919785373,0.0
3822.1305326331585,-0.002300884312717244,0.0
3822.9557389347337,-0.0026105756405740976,0.0
3823.780945236309,-0.0029847021214663982,0.0
3824.6061515378847,-0.004824467876460403,0.0
3825.43135783946,-0.006215514804353006,0.0
3826.256564141035,-0.008000616217032075,0.0
3827.081770442611,-0.009312887908890843,0.0
3827.906976744186,-0.010071674594655633,0.0
3828.7321830457613,-0.010730973677709699,0.0
3829.557389347337,-0.012498135401983745,0.0
3830.3825956489122,-0.015221415902487934,0.0
3831.2078019504875,-0.017953786998987198,0.0
3832.033008252063,-0.021830089390277863,0.0
3832.8582145536384,-0.02459720114711672,0.0
3833.6834208552136,-0.026984523748978972,0.0
3834.5086271567893,-0.0286238098051399,0.0
3835.3338334583646,-0.02858193195424974,0.0
3836.1590397599402,-0.02791543840430677,0.0
3836.9842460615155,-0.02666169754229486,0.0
3837.8094523630907,-0.02455608337186277,0.0
3838.634658664666,-0.022211037576198578,0.0
3839.4598649662416,-0.018903478980064392,0.0
3840.285071267817,-0.01556553307455033,0.0
3841.1102775693926,-0.011746783464332111,0.0
3841.935483870968,-0.007519893581047654,0.0
3842.760690172543,-0.0039266849926207215,0.0
3843.5858964741187,-0.0015621822676621377,0.0
3844.411102775694,0.0012981775216758251,0.0
3845.236309077269,0.004010390490293503,0.0
3846.061515378845,0.0049536204896867275,0.0
3846.88672168042,0.005020120879635215,0.0
3847.7119279819954,0.00590476137585938,0.0
3848.537134283571,0.006486842408776283,0.0
3849.3623405851463,0.007524090586230159,0.0
3850.1875468867215,0.007407065015286207,0.0
3851.012753188297,0.007100680842995644,0.0
3851.8379594898724,0.008033290971070528,0.0
3852.6631657914477,0.008296731859445572,0.0
3853.4883720930234,0.007964211981743574,0.0
3854.3135783945986,0.007728898664936423,0.0
3855.1387846961743,0.0076938713900744915,0.0
3855.9639909977495,0.005839680787175894,0.0
3856.7891972993248,0.0031982746440917253,0.0
3857.6144036009005,0.0016460451297461987,0.0
3858.4396099024757,9.419955313205719e-05,0.0
3859.264816204051,4.278169944882393e-05,0.0
3860.0900225056266,0.001681317575275898,0.0
3860.915228807202,0.004153659101575613,0.0
3861.740435108777,0.007158761261962354,0.0
3862.565641410353,0.009700529277324677,0.0
3863.390847711928,0.01228370750322938,0.0
3864.2160540135033,0.012691651936620474,0.0
3865.041260315079,0.012580320239067078,0.0
3865.866466616654,0.012984111905097961,0.0
3866.6916729182294,0.012553432025015354,0.0
3867.516879219805,0.010404026135802269,0.0
3868.3420855213803,0.009594781091436744,0.0
3869.1672918229556,0.007913567358627915,0.0
3869.9924981245313,0.0055492964456789196,0.0
3870.8177044261065,0.0035317004658281803,0.0
3871.6429107276817,0.0015382720157504082,0.0
3872.4681170292574,0.0005703079514205456,0.0
3873.2933233308327,0.000978623516857624,0.0
3874.1185296324084,-0.00013698125258088112,0.0
3874.9437359339836,0.0005357889458537102,0.0
3875.768942235559,0.001090426929295063,0.0
3876.5941485371345,0.0,0.0
3877.4193548387098,-0.0015382720157504082,0.0
3878.244561140285,-0.002407850231975317,0.0
3879.0697674418607,-0.004526818636804819,0.0
3879.894973743436,-0.005351698491722345,0.0
3880.720180045011,-0.00552360201254487,0.0
3881.545386346587,-0.005759399849921465,0.0
3882.370592648162,-0.007365732919424772,0.0
3883.1957989497373,-0.009918682742863894,0.0
3884.021005251313,-0.012199026066809893,0.0
3884.8462115528882,-0.014991511590778828,0.0
3885.6714178544635,-0.018184791784733534,0.0
3886.496624156039,-0.022246200125664473,0.0
3887.3218304576144,-0.025107883848249912,0.0
3888.1470367591896,-0.02460799878463149,0.0
3888.9722430607653,-0.02378549939021468,0.0
3889.7974493623406,-0.021065706852823496,0.0
3890.622655663916,-0.01815905561670661,0.0
3891.4478619654915,-0.014719591941684484,0.0
3892.2730682670667,-0.01140429638326168,0.0
3893.0982745686424,-0.008441583719104528,0.0
3893.9234808702176,-0.006138625554740429,0.0
3894.748687171793,-0.0038783387281000614,0.0
3895.5738934733686,-0.002226452808827162,0.0
3896.399099774944,-0.0015990391839295626,0.0
3897.224306076519,-0.0003048311918973923,0.0
3898.0495123780947,6.720330566167831e-05,0.0
3898.87471867967,0.0006439420394599438,0.0
3899.699924981245,0.0007079187780618668,0.0
3900.525131282821,-1.1030584573745728e-05,0.0
3901.350337584396,0.0006899847649037838,0.0
3902.1755438859714,0.0021503972820937634,0.0
3903.000750187547,0.0019117356278002262,0.0
3903.8259564891223,0.0006412966176867485,0.0
3904.6511627906975,0.0004783477634191513,0.0
3905.476369092273,0.0009126747027039528,0.0
3906.3015753938485,0.0020041828975081444,0.0
3907.1267816954237,0.004363371059298515,0.0
3907.9519879969994,0.006410436704754829,0.0
3908.7771942985746,0.010023815499152988,0.0
3909.60240060015,0.012221209588460624,0.0
3910.4276069017255,0.013033465947955847,0.0
3911.252813203301,0.013676527887582779,0.0
3912.0780195048765,0.01552195567637682,0.0
3912.9032258064517,0.01514298445545137,0.0
3913.728432108027,0.0140561395091936,0.0
3914.5536384096026,0.01161172369029373,0.0
3915.378844711178,0.010966620058752596,0.0
3916.204051012753,0.010516103822737932,0.0
3917.029257314329,0.007990672718733549,0.0
3917.854463615904,0.004721598234027624,0.0
3918.6796699174793,0.004051943309605122,0.0
3919.504876219055,0.0030879629775881767,0.0
3920.33008252063,0.001583394594490528,0.0
3921.1552888222054,0.00029661785811185837,0.0
3921.980495123781,0.0003503309562802315,0.0
3922.8057014253563,0.001374887302517891,0.0
3923.6309077269316,0.0005632126703858376,0.0
3924.4561140285073,-0.0023116571828722954,0.0
3925.2813203300825,-0.0054383110255002975,0.0
3926.1065266316577,-0.009871503338217735,0.0
3926.9317329332334,-0.015216358006000519,0.0
3927.7569392348087,-0.021532924845814705,0.0
3928.582145536384,-0.028161486610770226,0.0
3929.4073518379596,-0.03616656921803951,0.0
3930.232558139535,-0.0446722861379385,0.0
3931.0577644411105,-0.05220042262226343,0.0
3931.8829707426858,-0.05929337628185749,0.0
3932.708177044261,-0.06275704689323902,0.0
3933.5333833458367,-0.06380532402545214,0.0
3934.358589647412,-0.061429901979863644,0.0
3935.183795948987,-0.058580740354955196,0.0
3936.009002250563,-0.05229472275823355,0.0
3936.834208552138,-0.041589961387217045,0.0
3937.6594148537133,-0.03251351322978735,0.0
3938.484621155289,-0.02478683739900589,0.0
3939.3098274568642,-0.018383052200078964,0.0
3940.1350337584395,-0.012552827596664429,0.0
3940.960240060015,-0.0084149818867445,0.0
3941.7854463615904,-0.004266643896698952,0.0
3942.6106526631656,-0.0005626901984214783,0.0
3943.4358589647413,0.0012151207774877548,0.0
3944.2610652663166,0.0033393092453479767,0.0
3945.0862715678923,0.005084916949272156,0.0
3945.9114778694675,0.006581415422260761,0.0
3946.7366841710427,0.007105293683707714,0.0
3947.561890472618,0.008412749506533146,0.0
3948.3870967741937,0.009352517314255238,0.0
3949.212303075769,0.009935799054801464,0.0
3950.0375093773446,0.009871503338217735,0.0
3950.86271567892,0.010546858422458172,0.0
3951.687921980495,0.012357421219348907,0.0
3952.5131282820707,0.01291872514411807,0.0
3953.338334583646,0.013285648077726364,0.0
3954.163540885221,0.012149909511208534,0.0
3954.988747186797,0.010217750445008278,0.0
3955.813953488372,0.009152678772807121,0.0
3956.6391597899474,0.008586784824728966,0.0
3957.464366091523,0.007112453691661358,0.0
3958.2895723930983,0.0052907271310687065,0.0
3959.1147786946735,0.0025764182209968567,0.0
3959.939984996249,-0.001461004838347435,0.0
3960.7651912978245,-0.005940089002251625,0.0
3961.5903975993997,-0.012885043397545815,0.0
3962.4156039009754,-0.02104758843779564,0.0
3963.2408102025506,-0.028568394482135773,0.0
3964.0660165041263,-0.03633759915828705,0.0
3964.8912228057015,-0.04673783481121063,0.0
3965.716429107277,-0.05583160277456045,0.0
3966.541635408852,-0.06575299147516489,0.0
3967.3668417104277,-0.07318377308547497,0.0
3968.192048012003,-0.07743869628757238,0.0
3969.0172543135786,-0.07764413114637136,0.0
3969.842460615154,-0.07572441268712282,0.0
3970.667666916729,-0.07006778754293919,0.0
3971.492873218305,-0.061423422768712044,0.0
3972.31807951988,-0.052587048150599,0.0
3973.1432858214553,-0.04352857917547226,0.0
3973.968492123031,-0.03529570437967777,0.0
3974.793698424606,-0.028768892399966717,0.0
3975.6189047261814,-0.02249930240213871,0.0
3976.444111027757,-0.016643495298922062,0.0
3977.2693173293324,-0.011988394893705845,0.0
3978.0945236309076,-0.008032338693737984,0.0
3978.9197299324833,-0.004971113987267017,0.0
3979.7449362340585,-0.002408004365861416,0.0
3980.5701425356337,-0.0008650384843349457,0.0
3981.3953488372094,-0.00018418114632368088,0.0
3982.2205551387847,-0.0004569822922348976,0.0
3983.0457614403604,-0.001485468354076147,0.0
3983.8709677419356,-0.001227530650794506,0.0
3984.696174043511,0.0,0.0
3985.521380345086,0.0,0.0
3986.3465866466618,0.0,0.0
3987.171792948237,0.0,0.0
3987.9969992498127,0.0,0.0
3988.822205551388,0.0001127189607359469,0.0
3989.647411852963,0.002317216945812106,0.0
3990.472618154539,0.004333234450314194,0.0
3991.297824456114,0.005104025061882567,0.0
3992.1230307576893,0.0054529998888028786,0.0
3992.948237059265,0.004357922618510202,0.0
3993.7734433608402,0.0032170360209420323,0.0
3994.5986496624155,0.0015724112745374441,0.0
3995.423855963991,-0.0005178761202841997,0.0
3996.2490622655664,-0.0023906583664938807,0.0
3997.0742685671416,-0.002317216945812106,0.0
3997.8994748687173,-0.0011736830201698467,0.0
3998.7246811702926,0.0006074662087485194,0.0
3999.549887471868,0.0024713578168302774,0.0
4000.3750937734435,0.003760597319342196,0.0
4001.2003000750187,0.002620712388306856,0.0
4002.0255063765944,0.003774850396439433,0.0
4002.8507126781697,0.0017969761975109577,0.0
4003.675918979745,-0.0028189532458782196,0.0
4004.50112528132,-0.0044632143108174205,0.0
4005.326331582896,-0.0054087670796434395,0.0
4006.151537884471,-0.005330098589183763,0.0
4006.9767441860467,-0.003952781902626157,0.0
4007.801950487622,-0.0020588254556059837,0.0
4008.627156789197,0.00033116061240434647,0.0
4009.452363090773,0.0028569120913743973,0.0
4010.277569392348,0.004171955632045865,0.0
4011.1027756939234,0.005068270023912191,0.0
4011.927981995499,0.004313580924645066,0.0
4012.7531882970743,0.004031013697385788,0.0
4013.5783945986495,0.004129675682634115,0.0
4014.4036009002252,0.0045174602419137955,0.0
4015.2288072018005,0.004614587873220444,0.0
4016.0540135033757,0.0038992431946098804,0.0
4016.8792198049514,0.003800787031650543,0.0
4017.7044261065266,0.004982313606888056,0.0
4018.529632408102,0.0055806878954172134,0.0
4019.3548387096776,0.0051715802401304245,0.0
4020.180045011253,0.005385649390518665,0.0
4021.0052513128285,0.00477222353219986,0.0
4021.8304576144037,0.0036291731521487236,0.0
4022.655663915979,0.003269641660153866,0.0
4023.4808702175546,0.0028531989082694054,0.0
4024.30607651913,0.0032267277128994465,0.0
4025.131282820705,0.004184771794825792,0.0
4025.956489122281,0.005608399864286184,0.0
4026.781695423856,0.0055274334736168385,0.0
4027.6069017254313,0.004764525685459375,0.0
4028.432108027007,0.0024072066880762577,0.0
4029.257314328582,3.8578640669584274e-05,0.0
4030.0825206301574,-0.0035064485855400562,0.0
4030.907726931733,-0.00680916610872373,0.0
4031.7329332333084,-0.009001407073810697,0.0
4032.5581395348836,-0.008410506066866219,0.0
4033.3833458364593,-0.005956039531156421,0.0
4034.2085521380345,-0.0039328711573034525,0.0
4035.03375843961,-0.0007380698807537556,0.0
4035.8589647411854,0.0036155949346721172,0.0
4036.6841710427607,0.007084291893988848,0.0
4037.509377344336,0.00861216802150011,0.0
4038.3345836459116,0.008448855951428413,0.0
4039.159789947487,0.008308632299304008,0.0
4039.9849962490625,0.007491466589272022,0.0
4040.8102025506378,0.006807981990277767,0.0
4041.635408852213,0.004297696985304356,0.0
4042.4606151537887,9.500933811068535e-05,0.0
4043.285821455364,-0.004259586799889803,0.0
4044.111027756939,-0.00782531377626583,0.0
4044.936234058515,-0.010181560181081295,0.0
4045.76144036009,-0.010348990093916655,0.0
4046.5866466616653,-0.007619941723532975,0.0
4047.411852963241,-0.0036375776398926973,0.0
4048.2370592648163,0.0009337402880191803,0.0
4049.0622655663915,0.004223864525556564,0.0
4049.887471867967,0.006682062521576881,0.0
4050.7126781695424,0.007099478039890528,0.0
4051.5378844711176,0.005531218834221363,0.0
4052.3630907726933,0.003853240981698036,0.0
4053.1882970742686,0.0026883515529334545,0.0
4054.0135033758443,0.0018271813169121742,0.0
4054.8387096774195,0.0005821986123919487,0.0
4055.6639159789947,-0.0006559174507856369,0.0
4056.48912228057,-0.0008240954484790564,0.0
4057.3143285821457,0.0006084719207137823,0.0
4058.139534883721,0.0027612424455583096,0.0
4058.9647411852966,0.004365909844636917,0.0
4059.789947486872,0.0035981552209705114,0.0
4060.615153788447,0.0013508964329957962,0.0
4061.4403600900228,-0.0008515809895470738,0.0
4062.265566391598,-0.003485963974526385,0.0
4063.090772693173,-0.005057598231360316,0.0
4063.915978994749,-0.006722106598317623,0.0
4064.741185296324,-0.006011444143950939,0.0
4065.5663915978994,-0.002736005058977753,0.0
4066.391597899475,4.931027069687843e-05,0.0
4067.2168042010503,0.00295651750639081,0.0
4068.0420105026255,0.003505149157717824,0.0
4068.8672168042012,0.0028069440741091967,0.0
4069.6924231057765,0.0013535243924707174,0.0
4070.5176294073517,0.00036938441917300224,0.0
4071.3428357089274,-0.0007168573793023825,0.0
4072.1680420105026,-0.0016442503547295928,0.0
4072.9932483120783,-0.0016432645497843623,0.0
4073.8184546136536,-0.0022028908715583384,0.0
4074.643660915229,-0.004269122262485325,0.0
4075.468867216804,-0.006928582210093737,0.0
4076.2940735183797,-0.009798823622986674,0.0
4077.119279819955,-0.011706780875101686,0.0
4077.9444861215306,-0.010405651293694973,0.0
4078.769692423106,-0.007252837996929884,0.0
4079.594898724681,-0.0033177243312820792,0.0
4080.420105026257,0.0,0.0
4081.245311327832,0.0008676773868501186,0.0
4082.0705176294073,0.0008135829120874405,0.0
4082.895723930983,0.00027738651260733604,0.0
4083.720930232558,0.00013947836123406887,0.0
4084.5461365341334,-0.0010621309047564864,0.0
4085.371342835709,-0.0008490172913298011,0.0
4086.1965491372844,0.0,0.0
4087.0217554388596,0.0022994400933384895,0.0
4087.8469617404353,0.005000706762075424,0.0
4088.6721680420105,0.0061358194798231125,0.0
4089.4973743435858,0.005908206105232239,0.0
4090.3225806451615,0.0037822043523192406,0.0
4091.1477869467367,0.0013607756700366735,0.0
4091.9729932483124,-0.0011155105312354863,0.0
4092.7981995498876,-0.004217049921862781,0.0
4093.623405851463,-0.006241126800887287,0.0
4094.448612153038,-0.008125246851705015,0.0
4095.273818454614,-0.012224761652760208,0.0
4096.0990247561895,-0.016641443478874862,0.0
4096.924231057765,-0.02125155518297106,0.0
4097.74943735934,-0.027568630524910986,0.0
4098.574643660915,-0.035763304331339896,0.0
4099.39984996249,-0.044208801933564246,0.0
4100.225056264066,-0.05147789011243731,0.0
4101.050262565642,-0.055967249791137874,0.0
4101.875468867217,-0.056190078030340374,0.0
4102.700675168792,-0.051960871438495815,0.0
4103.5258814703675,-0.04596440203022212,0.0
4104.351087771943,-0.037496701697818935,0.0
4105.176294073519,-0.028299865894950926,0.0
4106.001500375094,-0.02206191758159548,0.0
4106.826706676669,-0.01718550978694111,0.0
4107.651912978245,-0.0143793064635247,0.0
4108.47711927982,-0.012310405087191612,0.0
4109.302325581395,-0.01042432599933818,0.0
4110.127531882971,-0.008626356080640107,0.0
4110.952738184546,-0.007626404811162502,0.0
4111.777944486122,-0.005545044899918139,0.0
4112.603150787697,-0.0023675704724155366,0.0
4113.428357089272,0.0005250071408227086,0.0
4114.253563390847,0.0017581555293872952,0.0
4115.0787696924235,0.003019870142452419,0.0
4115.903975993999,0.0034673240734264255,0.0
4116.729182295574,0.0027423425344750285,0.0
4117.554388597149,0.001518669188953936,0.0
4118.3795948987245,-4.404899664223194e-05,0.0
4119.2048012003,-0.0006088963709771633,0.0
4120.030007501876,-0.0013638142409035936,0.0
4120.855213803451,-0.0008504610450472683,0.0
4121.680420105026,0.0005942965508438647,0.0
4122.505626406602,0.0020998321706429124,0.0
4123.330832708177,0.0032327641965821385,0.0
4124.156039009753,0.0036036489764228463,0.0
4124.981245311328,0.0026746162911877036,0.0
4125.806451612903,0.0017473433399572968,0.0
4126.631657914479,0.0009270412847399712,0.0
4127.456864216054,0.0011680398019962013,0.0
4128.282070517629,-0.0001609152532182634,0.0
4129.107276819205,-0.002709456835873425,0.0
4129.9324831207805,-0.003868071478791535,0.0
4130.757689422356,-0.005011328146792948,0.0
4131.582895723931,-0.007118161767721176,0.0
4132.408102025506,-0.008519059396348894,0.0
4133.233308327081,-0.007705197669565678,0.0
4134.058514628658,-0.004830872756429017,0.0
4134.883720930233,-0.0013766173797193915,0.0
4135.708927231808,0.0011615668190643191,0.0
4136.534133533383,0.004389288718812168,0.0
4137.3593398349585,0.006409533671103418,0.0
4138.184546136534,0.009910397347994149,0.0
4139.00975243811,0.010286101838573813,0.0
4139.834958739685,0.0077848577639088035,0.0
4140.66016504126,0.004465468053240329,0.0
4141.485371342836,0.0,0.0
4142.310577644411,-0.0024817478843033314,0.0
4143.135783945987,-0.00414109043776989,0.0
4143.960990247562,-0.0041822942439466715,0.0
4144.7861965491375,-0.003880339441820979,0.0
4145.611402850713,-0.0019958718330599368,0.0
4146.436609152288,0.0018142194021493196,0.0
4147.261815453863,0.003107636934146285,0.0
4148.087021755439,0.004166696919128299,0.0
4148.9122280570145,0.00281566777266562,0.0
4149.73743435859,0.0008299684268422425,0.0
4150.562640660165,0.0012968218652531505,0.0
4151.38784696174,0.0014294286083895713,0.0
4152.2130532633155,-3.928394289687276e-05,0.0
4153.038259564892,-0.0015047946653794497,0.0
4153.863465866467,-0.002729420069954358,0.0
4154.688672168042,-0.002820192079525441,0.0
4155.513878469617,-0.0015829846379347146,0.0
4156.339084771193,-0.0008631540113128722,0.0
4157.164291072768,0.0001525381812825799,0.0
4157.989497374344,0.0016247701714746654,0.0
4158.814703675919,0.0036613833508454263,0.0
4159.639909977494,0.005549560242798179,0.0
4160.46511627907,0.007046831946354359,0.0
4161.290322580645,0.00803780008573085,0.0
4162.115528882221,0.009970330924261361,0.0
4162.940735183796,0.01075335091445595,0.0
4163.7659414853715,0.010064128553494811,0.0
4164.591147786947,0.008862795541062951,0.0
4165.416354088522,0.00780289969407022,0.0
4166.241560390097,0.006373092299327254,0.0
4167.066766691673,0.006234053755179048,0.0
4167.891972993249,0.005687973694875836,0.0
4168.717179294824,0.0030714342137798667,0.0
4169.542385596399,-0.0003139924956485629,0.0
4170.367591897974,-0.002531787846237421,0.0
4171.1927981995495,-0.005745196249336004,0.0
4172.018004501126,-0.008321945555508137,0.0
4172.843210802701,-0.010150528512895107,0.0
4173.668417104276,-0.011777197942137718,0.0
4174.493623405851,-0.011492282152175903,0.0
4175.318829707427,-0.009315051138401031,0.0
4176.144036009002,-0.0064112963154911995,0.0
4176.969242310578,-0.004527874756604433,0.0
4177.794448612153,-0.0039418842643499374,0.0
4178.6196549137285,-0.0029090922325849533,0.0
4179.444861215304,-0.002268726355396211,0.0
4180.270067516879,-0.0009591263951733708,0.0
4181.095273818455,-0.00048408692236989737,0.0
4181.92048012003,-0.0015898311976343393,0.0
4182.745686421606,-0.0005770617863163352,0.0
4183.570892723181,0.0008581554866395891,0.0
4184.396099024756,-0.0011812247103080153,0.0
4185.221305326331,-0.002196438261307776,0.0
4186.046511627907,-0.001688013901002705,0.0
4186.871717929483,-0.0019968816777691245,0.0
4187.696924231058,-0.0038790510734543204,0.0
4188.522130532633,-0.0032006032997742295,0.0
4189.347336834208,-5.137431435286999e-05,0.0
4190.1725431357845,0.001190907380077988,0.0
4190.99774943736,0.003481720108538866,0.0
4191.822955738935,0.0053902429062873125,0.0
4192.64816204051,0.005386560107581317,0.0
4193.473368342085,0.005078204092569649,0.0
4194.298574643661,0.003778330283239484,0.0
4195.123780945236,0.001387335010804236,0.0
4195.948987246812,-0.0013198754750192165,0.0
4196.774193548387,-0.0034934619907289743,0.0
4197.5993998499625,-0.006657776655629277,0.0
4198.424606151538,-0.008995543466880918,0.0
4199.249812453113,-0.00984183233231306,0.0
4200.075018754689,-0.010340335546061397,0.0
4200.900225056264,-0.009586023166775703,0.0
4201.72543135784,-0.007355381967499852,0.0
4202.550637659415,-0.004577047424390912,0.0
4203.37584396099,-0.002755992580205202,0.0
4204.201050262565,-0.0023253753315657377,0.0
4205.0262565641415,-0.0010473844595253468,0.0
4205.851462865717,0.0024015501840040088,0.0
4206.676669167292,0.0053055486641824245,0.0
4207.501875468867,0.006704638712108135,0.0
4208.327081770442,0.006159088225103915,0.0
4209.152288072019,0.00493547844234854,0.0
4209.977494373594,0.004358240868896246,0.0
4210.802700675169,0.005852583097293973,0.0
4211.627906976744,0.005478947190567851,0.0
4212.4531132783195,0.0028616921044886112,0.0
4213.278319579895,0.0006623291410505772,0.0
4214.10352588147,0.0011306902160868049,0.0
4214.928732183046,-0.0004001217894256115,0.0
4215.753938484621,-0.001953779370523989,0.0
4216.579144786197,-0.0008465772261843085,0.0
4217.404351087772,0.0008767039980739355,0.0
4218.229557389347,0.004179686075076461,0.0
4219.054763690923,0.0070416954113170505,0.0
4219.879969992498,0.008381942636333406,0.0
4220.705176294074,0.007583818631246686,0.0
4221.530382595649,0.005851913592778146,0.0
4222.355588897224,0.0028334397793514654,0.0
4223.180795198799,-0.005399255198426545,0.0
4224.0060015003755,-0.015556117636151612,0.0
4224.831207801951,-0.02285303734242916,0.0
4225.656414103526,-0.02589731104671955,0.0
4226.481620405101,-0.025178141659125686,0.0
4227.3068267066765,-0.022149009397253394,0.0
4228.132033008253,-0.01631797826848924,0.0
4228.957239309828,-0.008169298758730292,0.0
4229.782445611403,-0.0013605731073766947,0.0
4230.607651912978,0.002753248030785471,0.0
4231.432858214554,0.00365349883941235,0.0
4232.258064516129,0.002694703754968941,0.0
4233.083270817704,0.0009478079155087471,0.0
4233.90847711928,-0.0019662282429635525,0.0
4234.733683420855,-0.00470314547419548,0.0
4235.558889722431,-0.0057981363497674465,0.0
4236.384096024006,-0.006551891099661589,0.0
4237.209302325581,-0.006091977935284376,0.0
4238.034508627157,-0.005112196318805218,0.0
4238.8597149287325,-0.0022749772761017084,0.0
4239.684921230308,-0.00013868487440049648,0.0
4240.510127531883,0.0013404216151684523,0.0
4241.335333833458,0.003087795659666881,0.0
4242.160540135033,0.00526310654822737,0.0
4242.98574643661,0.0075928885489702225,0.0
4243.810952738185,0.006564882351085544,0.0
4244.63615903976,0.0042519550188444555,0.0
4245.461365341335,0.002335851895622909,0.0
4246.2865716429105,-4.539266228675842e-06,0.0
4247.111777944487,-0.0024602687917649746,0.0
4247.936984246062,-0.006150083616375923,0.0
4248.762190547637,-0.007943628821521997,0.0
4249.587396849212,-0.006352600641548634,0.0
4250.412603150788,-0.0036014942452311516,0.0
4251.237809452363,-0.0016641509719192982,0.0
4252.063015753938,0.0001473044976592064,0.0
4252.888222055514,0.0019230744801461697,0.0
4253.7134283570895,0.0027883523143827915,0.0
4254.538634658665,0.003504888154566288,0.0
4255.36384096024,0.0050093833124265075,0.0
4256.189047261815,0.004518487490713596,0.0
4257.014253563391,0.004258891101926565,0.0
4257.839459864967,0.002985638566315174,0.0
4258.664666166542,-0.0006256927736103535,0.0
4259.489872468117,-0.0027521182782948017,0.0
4260.315078769692,-0.0033503039740025997,0.0
4261.1402850712675,-0.0013101990334689617,0.0
4261.965491372844,0.003707022638991475,0.0
4262.790697674419,0.008015009807422757,0.0
4263.615903975994,0.01109833107329905,0.0
4264.441110277569,0.01377976918593049,0.0
4265.266316579145,0.014532751636579633,0.0
4266.091522880721,0.01312753139063716,0.0
4266.916729182296,0.011665458558127284,0.0
4267.741935483871,0.007242406147270231,0.0
4268.567141785446,0.0014417003840208054,0.0
4269.392348087022,-0.0031922925263643265,0.0
4270.217554388597,-0.006253257393836975,0.0
4271.042760690172,-0.009597801603376865,0.0
4271.867966991748,-0.012232094071805477,0.0
4272.6931732933235,-0.013903210870921612,0.0
4273.518379594899,-0.012407043017446995,0.0
4274.343585896474,-0.008279037661850452,0.0
4275.168792198049,-0.003057665191590786,0.0
4275.993998499625,0.00329344579949975,0.0
4276.819204801201,0.007970641367137432,0.0
4277.644411102776,0.010114482778590173,0.0
4278.469617404351,0.011072072869865224,0.0
4279.294823705926,0.010052965953946114,0.0
4280.120030007502,0.00843125395476818,0.0
4280.945236309078,0.006186631042510271,0.0
4281.770442610653,0.004957990255206823,0.0
4282.595648912228,0.004896111786365509,0.0
4283.420855213803,0.004590111318975687,0.0
4284.246061515379,0.0022692279890179634,0.0
4285.071267816955,0.00180113036185503,0.0
4285.89647411853,0.0,0.0
4286.721680420105,-0.003857893869280815,0.0
4287.5468867216805,-0.00920577347278595,0.0
4288.372093023256,-0.011428163386881351,0.0
4289.197299324831,-0.012933613732457161,0.0
4290.022505626406,-0.01083949115127325,0.0
4290.847711927982,-0.008655890822410583,0.0
4291.672918229558,-0.006165629252791405,0.0
4292.498124531133,-0.0024161115288734436,0.0
4293.323330832708,0.0,0.0
4294.148537134283,3.1538307666778564e-05,0.0
4294.973743435859,-0.0018923468887805939,0.0
4295.798949737435,-0.004858128726482391,0.0
4296.62415603901,-0.011281561106443405,0.0
4297.449362340585,-0.01755196787416935,0.0
4298.27456864216,-0.023015839979052544,0.0
4299.099774943736,-0.028997546061873436,0.0
4299.924981245312,-0.03451350890100002,0.0
4300.750187546887,-0.03630339913070202,0.0
4301.575393848462,-0.03392035886645317,0.0
4302.4006001500375,-0.03088398464024067,0.0
4303.225806451613,-0.029854603111743927,0.0
4304.051012753189,-0.028394194319844246,0.0
4304.876219054764,-0.02800079993903637,0.0
4305.701425356339,-0.028058230876922607,0.0
4306.526631657915,-0.02963382378220558,0.0
4307.35183795949,-0.03136448934674263,0.0
4308.177044261065,-0.032084282487630844,0.0
4309.00225056264,-0.03191574290394783,0.0
4309.827456864216,-0.03033376671373844,0.0
4310.652663165792,-0.023910602554678917,0.0
4311.477869467367,-0.018871063366532326,0.0
4312.303075768942,-0.014359643682837486,0.0
4313.128282070517,-0.008365856483578682,0.0
4313.9534883720935,0.0,0.0
4314.778694673669,0.008844956755638123,0.0
4315.603900975244,0.01726655289530754,0.0
4316.429107276819,0.02389397332444787,0.0
4317.254313578394,0.02942368993535638,0.0
4318.07951987997,0.032178749330341816,0.0
4318.904726181546,0.031131694093346596,0.0
4319.729932483121,0.029780127108097076,0.0
4320.555138784696,0.02595347911119461,0.0
4321.3803450862715,0.019074459560215473,0.0
4322.205551387847,0.011437992565333843,0.0
4323.030757689423,0.005292754620313644,0.0
4323.855963990998,-0.001573985442519188,0.0
4324.681170292573,-0.005795782431960106,0.0
4325.506376594149,-0.00838933140039444,0.0
4326.331582895724,-0.0057808998972177505,0.0
4327.156789197299,0.0,0.0
4327.981995498874,0.005658174864947796,0.0
4328.8072018004505,0.011543883942067623,0.0
4329.632408102026,0.015780598274432123,0.0
4330.457614403601,0.01683624373981729,0.0
4331.282820705176,0.014397558523342013,0.0
4332.108027006751,0.012565277284011245,0.0
4332.9332333083275,0.008416342549026012,0.0
4333.758439609903,0.004134602844715118,0.0
4334.583645911478,0.0,0.0
4335.408852213053,-0.009415763430297375,0.0
4336.2340585146285,-0.02139678318053484,0.0
4337.059264816204,-0.03508766368031502,0.0
4337.88447111778,-0.04922693967819214,0.0
4338.709677419355,-0.06300357542932034,0.0
4339.53488372093,-0.069883668795228,0.0
4340.360090022506,-0.07034261897206306,0.0
4341.185296324081,-0.06695626489818096,0.0
4342.010502625657,-0.058760464657098055,0.0
4342.835708927232,-0.04749093018472195,0.0
4343.660915228807,-0.03590614628046751,0.0
4344.486121530383,-0.02796179219149053,0.0
4345.311327831958,-0.01938648649957031,0.0
4346.136534133533,-0.012722366605885327,0.0
4346.961740435109,-0.008230723033193499,0.0
4347.7869467366845,-0.006167964602354914,0.0
4348.61215303826,-0.006164840946439654,0.0
4349.437359339835,-0.008048984745983034,0.0
4350.26256564141,-0.01057718467200175,0.0
4351.087771942986,-0.013823252695146948,0.0
4351.912978244562,-0.014657546882517636,0.0
4352.738184546137,0.0026315568247810006,0.0
4353.563390847712,0.0028623571852222085,0.0
4354.388597149287,0.0028623571852222085,0.0
4355.2138034508625,0.0028623571852222085,0.0
4356.039009752438,0.0028623571852222085,0.0
4356.864216054014,0.002692939364351332,0.0
4357.689422355589,0.0024621390039101243,0.0
4358.514628657164,0.0023055977653712034,0.0
4359.33983495874,0.0021784999407827854,0.0
4360.165041260315,0.002135471091605723,0.0
4360.990247561891,0.001718175073619932,0.0
4361.815453863466,0.0012373698991723359,0.0
4362.6406601650415,0.0011159126879647374,0.0
4363.465866466617,0.0025452302070334554,0.0
4364.291072768192,0.003338755457662046,0.0
4365.116279069767,0.00414237892255187,0.0
4365.941485371343,0.00493921956513077,0.0
4366.766691672919,0.005418203887529671,0.0
4367.591897974494,0.005477948230691254,0.0
4368.417104276069,0.004663814208470285,0.0
4369.242310577644,0.003868382307700813,0.0
4370.06751687922,0.003666065284051001,0.0
4370.892723180796,0.002411030582152307,0.0
4371.717929482371,0.000986941609880887,0.0
4372.543135783946,-0.001790783368051052,0.0
4373.368342085521,-0.0043372673681005836,0.0
4374.193548387097,-0.006037481827661395,0.0
4375.018754688672,-0.0054173298412933946,0.0
4375.843960990248,-0.0026134144281968474,0.0
4376.669167291823,-0.00028924737125635147,0.0
4377.494373593398,0.003455416765064001,0.0
4378.319579894974,0.007439071428962052,0.0
4379.144786196549,0.008794719644356519,0.0
4379.969992498125,0.005656483699567616,0.0
4380.7951987997,-0.0017156582835013978,0.0
4381.6204051012755,-0.011062407451390754,0.0
4382.445611402851,-0.018227316955744755,0.0
4383.270817704426,-0.02345421286736382,0.0
4384.096024006001,-0.026328042149543762,0.0
4384.921230307577,-0.025358524173498154,0.0
4385.746436609153,-0.02003178745508194,0.0
4386.571642910728,-0.012986351735889912,0.0
4387.396849212303,-0.008285884745419025,0.0
4388.222055513878,-0.0047693876549601555,0.0
4389.0472618154545,-0.0025046197697520256,0.0
4389.87246811703,-0.0010416231816634536,0.0
4390.697674418605,0.00012496014824137092,0.0
4391.52288072018,-0.0006779409013688564,0.0
4392.348087021755,-0.0010923078516498208,0.0
4393.173293323331,-0.0022540173667948693,0.0
4393.998499624906,-0.0023042179891490377,0.0
4394.823705926482,-0.0015188807519734837,0.0
4395.648912228057,-0.0007922268268885091,0.0
4396.4741185296325,-2.8248759917914867e-06,0.0
4397.299324831208,0.0020927448640577495,0.0
4398.124531132783,0.0017511390033178031,0.0
4398.949737434359,0.00024250303977169096,0.0
4399.774943735934,-0.0012279777220101096,0.0
4400.60015003751,-0.0029405341265373863,0.0
4401.425356339085,-0.004435667557117995,0.0
4402.25056264066,-0.006055820056644734,0.0
4403.075768942235,-0.007037099239823874,0.0
4403.900975243811,-0.007644011428055819,0.0
4404.726181545387,-0.008298171473143157,0.0
4405.551387846962,-0.00855524910002714,0.0
4406.376594148537,-0.00983548795193201,0.0
4407.201800450112,-0.00847493523178855,0.0
4408.0270067516885,-0.0039488141555921175,0.0
4408.852213053264,0.000725895537470933,0.0
4409.677419354839,0.0037246326319291256,0.0
4410.502625656414,0.00758423803927144,0.0
4411.3278319579895,0.010208745043200906,0.0
4412.153038259565,0.009921248150931206,0.0
4412.97824456114,0.007539601145253982,0.0
4413.803450862716,0.0027482983059599064,0.0
4414.628657164291,-0.0015899121426627971,0.0
4415.453863465867,-0.005034529989643488,0.0
4416.279069767442,-0.005709053104510531,0.0
4417.104276069017,-0.003177353471983224,0.0
4417.929482370593,0.0008874071063473821,0.0
4418.754688672168,0.0037833497917745262,0.0
4419.579894973744,0.006111404101829976,0.0
4420.405101275319,0.008818755937681999,0.0
4421.230307576894,0.009304299936047755,0.0
4422.055513878469,0.008501247488311492,0.0
4422.8807201800455,0.005953357074758969,0.0
4423.705926481621,0.004310981355956756,0.0
4424.531132783196,0.00341514938918408,0.0
4425.356339084771,0.0026869212597375736,0.0
4426.181545386346,0.002951737944385968,0.0
4427.006751687923,0.00340760474500712,0.0
4427.831957989498,0.0037338891852414235,0.0
4428.657164291073,0.004483415264985524,0.0
4429.482370592648,0.0035821273777401075,0.0
4430.3075768942235,0.0028935985028510913,0.0
4431.132783195799,0.0024128510704031214,0.0
4431.957989497374,0.00012632111611310393,0.0
4432.78319579895,-0.0027725788531824946,0.0
4433.608402100525,-0.004990585497580469,0.0
4434.433608402101,-0.004625974455848336,0.0
4435.258814703676,-0.0038147999439388514,0.0
4436.084021005251,-0.0010336057748645544,0.0
4436.909227306827,0.002539907000027597,0.0
4437.7344336084025,0.006124769803136587,0.0
4438.559639909978,0.009607230662368238,0.0
4439.384846211553,0.010396557961939834,0.0
4440.210052513128,0.005032702989410609,0.0
4441.035258814703,0.0,0.0
4441.86046511628,-0.003689915407449007,0.0
4442.685671417855,-0.007170003955252469,0.0
4443.51087771943,-0.006771239452064037,0.0
4444.336084021005,-0.005031706066802144,0.0
4445.1612903225805,-0.0023562618298456073,0.0
4445.986496624157,0.0008866559946909547,0.0
4446.811702925732,0.0039692295249551535,0.0
4447.636909227307,0.004968346911482513,0.0
4448.462115528882,0.004719132790341973,0.0
4449.287321830458,0.005490344250574708,0.0
4450.112528132033,0.005196384037844837,0.0
4450.937734433608,0.0035647337790578604,0.0
4451.762940735184,0.0,0.0
4452.588147036759,-0.003965285373851657,0.0
4453.413353338335,-0.00784582644701004,0.0
4454.23855963991,-0.01141508761793375,0.0
4455.063765941485,-0.013708784244954586,0.0
4455.888972243061,-0.014733420684933662,0.0
4456.7141785446365,-0.015359959565103054,0.0
4457.539384846212,-0.014444680884480476,0.0
4458.364591147787,-0.013196904212236404,0.0
4459.189797449362,-0.011643311940133572,0.0
4460.0150037509375,-0.011053786729462445,0.0
4460.840210052514,-0.011580738355405629,0.0
4461.665416354089,-0.010565120843239129,0.0
4462.490622655664,-0.0077339011477306485,0.0
4463.315828957239,-0.004606427741236985,0.0
4464.141035258815,-0.003979211556725204,0.0
4464.966241560391,-0.0027829145547002554,0.0
4465.791447861966,-0.0032172811916098,0.0
4466.616654163541,-0.00404435268137604,0.0
4467.441860465116,-0.00449664203915745,0.0
4468.267066766692,-0.005237712059170008,0.0
4469.092273068267,-0.006700751604512334,0.0
4469.917479369842,-0.006443237187340856,0.0
4470.742685671418,-0.0036202892661094666,0.0
4471.5678919729935,0.002254405291751027,0.0
4472.393098274569,0.005886379862204194,0.0
4473.218304576144,0.009214181685820222,0.0
4474.043510877719,0.010213431203737855,0.0
4474.868717179295,0.010936800623312593,0.0
4475.693923480871,0.010854852618649602,0.0
4476.519129782446,0.01053979923017323,0.0
4477.344336084021,0.009864939609542489,0.0
4478.169542385596,0.005758820101618767,0.0
4478.9947486871715,0.0013634460046887398,0.0
4479.819954988748,-0.0038005078677088022,0.0
4480.645161290323,-0.007147341733798385,0.0
4481.470367591898,-0.00914064608514309,0.0
4482.295573893473,-0.008755105314776301,0.0
4483.120780195049,-0.0054742903157602996,0.0
4483.945986496625,-0.0015815275255590677,0.0
4484.7711927982,0.002201976254582405,0.0
4485.596399099775,0.0050934068858623505,0.0
4486.4216054013505,0.00470023974776268,0.0
4487.246811702926,0.001134360209107399,0.0
4488.072018004501,-0.0019291364587843418,0.0
4488.897224306076,-0.0032874441239982843,0.0
4489.722430607652,-0.002902415581047535,0.0
4490.547636909228,-0.003524846863001585,0.0
4491.372843210803,-0.003316640155389905,0.0
4492.198049512378,-0.003453633049502969,0.0
4493.023255813953,-0.0035357533488422632,0.0
4493.848462115529,-0.004185220459476113,0.0
4494.673668417105,-0.004921908373944461,0.0
4495.49887471868,-0.005417598527856171,0.0
4496.324081020255,-0.003040362149477005,0.0
4497.14928732183,0.0004693823866546154,0.0
4497.974493623406,0.0024972427636384964,0.0
4498.799699924982,0.0025406191125512123,0.0
4499.624906226557,0.0027973055839538574,0.0
4500.450112528132,0.003735089674592018,0.0
4501.275318829707,0.00482713058590889,0.0
4502.100525131283,0.006932138465344906,0.0
4502.925731432859,0.009172438643872738,0.0
4503.750937734434,0.011110580991953611,0.0
4504.576144036009,0.012771247886121273,0.0
4505.4013503375845,0.01290294248610735,0.0
4506.22655663916,0.011317082680761814,0.0
4507.051762940735,0.010758285410702229,0.0
4507.87696924231,0.01023511216044426,0.0
4508.702175543886,0.008971032686531544,0.0
4509.527381845462,0.009722652845084667,0.0
4510.352588147037,0.010278684552758932,0.0
4511.177794448612,0.009939399547874928,0.0
4512.003000750187,0.009271563496440649,0.0
4512.8282070517635,0.007769487798213959,0.0
4513.653413353339,0.005719443317502737,0.0
4514.478619654914,0.005383865442126989,0.0
4515.303825956489,0.004452080931514502,0.0
4516.129032258064,0.0042784023098647594,0.0
4516.95423855964,0.004508307669311762,0.0
4517.779444861216,0.004120109137147665,0.0
4518.604651162791,0.003734661266207695,0.0
4519.429857464366,0.004950508940964937,0.0
4520.2550637659415,0.005651199258863926,0.0
4521.080270067517,0.0054071322083473206,0.0
4521.905476369093,0.0032145080622285604,0.0
4522.730682670668,7.293606176972389e-05,0.0
4523.555888972243,-0.0029372089775279164,0.0
4524.381095273819,-0.0053490676218643785,0.0
4525.206301575394,-0.007615740178152919,0.0
4526.031507876969,-0.01044251723214984,0.0
4526.856714178544,-0.014221820514649153,0.0
4527.68192048012,-0.017193004488945007,0.0
4528.507126781696,-0.020357569213956594,0.0
4529.332333083271,-0.020774938631802797,0.0
4530.157539384846,-0.019043973181396723,0.0
4530.982745686421,-0.017792771104723215,0.0
4531.8079519879975,-0.02046977821737528,0.0
4532.633158289573,-0.02178763970732689,0.0
4533.458364591148,-0.022460718639194965,0.0
4534.283570892723,-0.021217609755694866,0.0
4535.108777194298,-0.017381695564836264,0.0
4535.933983495874,-0.012936200015246868,0.0
4536.75918979745,-0.007971452781930566,0.0
4537.584396099025,-0.002894018776714802,0.0
4538.4096024006,0.002332760952413082,0.0
4539.2348087021755,0.0053026750683784485,0.0
4540.060015003751,0.00453377328813076,0.0
4540.885221305327,0.0022981055080890656,0.0
4541.710427606902,0.0020379656925797462,0.0
4542.535633908477,0.00046301959082484245,0.0
4543.360840210053,-0.0008560116402804852,0.0
4544.186046511628,-0.0015284486580640078,0.0
4545.011252813203,-0.002549699624069035,0.0
4545.836459114778,-0.003843464015517384,0.0
4546.6616654163545,-0.008277423214167356,0.0
4547.48687171793,-0.011350457556545734,0.0
4548.312078019505,-0.011975885601714253,0.0
4549.13728432108,-0.013325990876182914,0.0
4549.962490622655,-0.014344285940751433,0.0
4550.787696924232,-0.012888419441878796,0.0
4551.612903225807,-0.01161395141389221,0.0
4552.438109527382,-0.009759484673850238,0.0
4553.263315828957,-0.01001458044629544,0.0
4554.0885221305325,-0.010169026325456798,0.0
4554.913728432108,-0.00867154961451888,0.0
4555.738934733684,-0.0069692665711045265,0.0
4556.564141035259,-0.003661461698357016,0.0
4557.389347336834,0.0006957714213058352,0.0
4558.21455363841,0.004148396430537105,0.0
4559.039759939985,0.00817648900556378,0.0
4559.864966241561,0.01076181439566426,0.0
4560.690172543136,0.010687642934499308,0.0
4561.515378844711,0.009153744409559295,0.0
4562.340585146287,0.007213288190541789,0.0
4563.165791447862,0.0069638795393984765,0.0
4563.990997749437,0.005229844449786469,0.0
4564.816204051012,0.002524517010897398,0.0
4565.6414103525885,0.0035595449153333902,0.0
4566.466616654164,0.006576027953997254,0.0
4567.291822955739,0.008021148620173335,0.0
4568.117029257314,0.009054678259417415,0.0
4568.9422355588895,0.008370034163817763,0.0
4569.767441860466,0.006016281520714983,0.0
4570.592648162041,0.0037832955713383853,0.0
4571.417854463616,0.004229434940498322,0.0
4572.243060765191,0.00403032498434186,0.0
4573.068267066767,0.004713763482868671,0.0
4573.893473368342,0.006614328362047672,0.0
4574.718679669918,0.00959472032263875,0.0
4575.543885971493,0.008475706446915865,0.0
4576.369092273068,0.00590960867702961,0.0
4577.194298574644,0.0049827126786112785,0.0
4578.019504876219,0.0023994003422558308,0.0
4578.844711177795,-0.000813184044091031,0.0
4579.66991747937,-0.004477330716326833,0.0
4580.4951237809455,-0.006550943478941917,0.0
4581.320330082521,-0.008094853721559048,0.0
4582.145536384096,-0.009429311263374984,0.0
4582.970742685671,-0.009986362187191844,0.0
4583.795948987246,-0.010559712769463658,0.0
4584.621155288823,-0.00880949548445642,0.0
4585.446361590398,-0.00763583043590188,0.0
4586.271567891973,-0.00522995344363153,0.0
4587.096774193548,-0.002166109043173492,0.0
4587.9219804951235,-0.00117218098603189,0.0
4588.7471867967,-0.0013138612266629934,0.0
4589.572393098275,-0.002586980815976858,0.0
4590.39759939985,-0.0033302162191830575,0.0
4591.222805701425,-0.0035501595120877028,0.0
4592.048012003001,-0.005322576966136694,0.0
4592.873218304576,-0.007690054597333074,0.0
4593.698424606152,-0.008208720944821835,0.0
4594.523630907727,-0.0061607700772583485,0.0
4595.3488372093025,-0.005244908039458096,0.0
4596.174043510878,-0.004478357790503651,0.0
4596.999249812453,-0.0038087407301645726,0.0
4597.824456114029,-0.0046901790192350745,0.0
4598.649662415604,-0.0040719713433645666,0.0
4599.47486871718,-0.0031198855431284755,0.0
4600.300075018755,-0.004189176601357758,0.0
4601.12528132033,-0.005821240367367864,0.0
4601.950487621905,-0.005075679859146476,0.0
4602.775693923481,-0.0038260002620518208,0.0
4603.600900225057,-0.004180075193289667,0.0
4604.426106526632,-0.002674094575922936,0.0
4605.251312828207,-0.0003741926047950983,0.0
4606.076519129782,0.0004743307363241911,0.0
4606.9017254313585,0.002196061657741666,0.0
4607.726931732934,0.004693745169788599,0.0
4608.552138034509,0.006364018423482776,0.0
4609.377344336084,0.0060255725402385,0.0
4610.202550637659,0.005767557420767844,0.0
4611.027756939235,0.005668386933393776,0.0
4611.85296324081,0.005092127830721438,0.0
4612.678169542386,0.004580531851388514,0.0
4613.503375843961,0.0027836677618324757,0.0
4614.3285821455365,0.001698812935501337,0.0
4615.153788447112,0.0029119220562279224,0.0
4615.978994748687,0.003956750966608524,0.0
4616.804201050263,0.0027337537612766027,0.0
4617.629407351838,0.002586980815976858,0.0
4618.454613653414,0.0034836800768971443,0.0
4619.279819954989,0.0032201376743614674,0.0
4620.105026256564,0.0024208053946495056,0.0
4620.930232558139,0.0030669057741761208,0.0
4621.7554388597155,0.005280333571135998,0.0
4622.580645161291,0.006518338457681239,0.0
4623.405851462866,0.006223540403880179,0.0
4624.231057764441,0.0053463001968339086,0.0
4625.056264066016,0.003217781544663012,0.0
4625.881470367593,0.002599815954454243,0.0
4626.706676669168,0.0029249979415908456,0.0
4627.531882970743,0.0013969423016533256,0.0
4628.357089272318,0.000816649291664362,0.0
4629.1822955738935,0.0017026267014443874,0.0
4630.007501875469,0.0008931017946451902,0.0
4630.832708177044,0.0008975749369710684,0.0
4631.65791447862,0.0005755703896284103,0.0
4632.483120780195,0.0011963549768552184,0.0
4633.308327081771,0.001394330756738782,0.0
4634.133533383346,-0.0009033463429659605,0.0
4634.958739684921,-0.0024742046371102333,0.0
4635.783945986497,-0.0030613727285526693,0.0
4636.609152288072,-0.003953690291382372,0.0
4637.434358589648,-0.004396412172354758,0.0
4638.259564891223,-0.0031593399471603334,0.0
4639.084771192798,-0.002774590451736003,0.0
4639.909977494373,-0.0035270973457954824,0.0
4640.7351837959495,-0.002171250293031335,0.0
4641.560390097525,-0.0013304868480190635,0.0
4642.3855963991,-0.0005314608570188284,0.0
4643.210802700675,-0.0010014030849561095,0.0
4644.0360090022505,-0.0040549838449805975,0.0
4644.861215303827,-0.006553305895067751,0.0
4645.686421605402,-0.00866236409638077,0.0
4646.511627906977,-0.010132741066627204,0.0
4647.336834208552,-0.010537347639910877,0.0
4648.162040510128,-0.010077532788272947,0.0
4648.987246811703,-0.006272011145483702,0.0
4649.812453113278,-0.00398142816266045,0.0
4650.637659414854,-0.003675977175589651,0.0
4651.462865716429,-0.00280852330615744,0.0
4652.288072018005,-0.004206832672934979,0.0
4653.11327831958,-0.004782219184562564,0.0
4653.938484621155,-0.004876587248872966,0.0
4654.763690922731,-0.006288447591941804,0.0
4655.5888972243065,-0.006033633078914136,0.0
4656.414103525882,-0.0033533370005898178,0.0
4657.239309827457,-0.0001662483555264771,0.0
4658.064516129032,0.003212747455108911,0.0
4658.889722430607,0.005267847620416433,0.0
4659.714928732184,0.006775242101866752,0.0
4660.540135033759,0.007629910309333354,0.0
4661.365341335334,0.008207398233935237,0.0
4662.190547636909,0.006818450754508376,0.0
4663.0157539384845,0.0030920139979571104,0.0
4663.840960240061,-0.0024244938977062702,0.0
4664.666166541636,-0.007307760010007769,0.0
4665.491372843211,-0.010868101438973099,0.0
4666.316579144786,-0.012532321605249308,0.0
4667.141785446362,-0.016314446518663317,0.0
4667.966991747937,-0.017646787164267153,0.0
4668.792198049512,-0.016023632080759853,0.0
4669.617404351088,-0.012282985437195748,0.0
4670.4426106526635,-0.008717749908100814,0.0
4671.267816954239,-0.0033615974243730307,0.0
4672.093023255814,0.0,0.0
4672.918229557389,0.00115597817057278,0.0
4673.743435858965,0.0034523196518421173,0.0
4674.568642160541,0.005336342845112085,0.0
4675.393848462116,0.006785353412851691,0.0
4676.219054763691,0.006274747080169618,0.0
4677.044261065266,0.005404157913289964,0.0
4677.8694673668415,0.003125470713712275,0.0
4678.694673668418,-9.544461499899626e-05,0.0
4679.519879969993,-0.002023183391429484,0.0
4680.345086271568,-0.0022438961314037442,0.0
4681.170292573143,-0.001474996330216527,0.0
4681.995498874719,-0.00031434500124305487,0.0
4682.820705176295,0.0001803561463020742,0.0
4683.64591147787,0.0019123576930724084,0.0
4684.471117779445,0.0016098411433631554,0.0
4685.29632408102,0.0027405567234382033,0.0
4686.121530382596,0.004550636978819966,0.0
4686.946736684171,0.0041642728028818965,0.0
4687.771942985746,0.004774602246470749,0.0
4688.597149287322,0.002834831364452839,0.0
4689.4223555888975,0.00037711800541728735,0.0
4690.247561890473,0.00029481679666787386,0.0
4691.072768192048,0.00016781105659902096,0.0
4691.897974493623,0.0013048941036686301,0.0
4692.723180795199,0.004452452412806451,0.0
4693.548387096775,0.005229629809036851,0.0
4694.37359339835,0.006778409471735358,0.0
4695.198799699925,0.00676312018185854,0.0
4696.0240060015,0.005083850584924221,0.0
4696.849212303076,0.003984592272900045,0.0
4697.674418604652,0.002639312529936433,0.0
4698.499624906227,0.001126001006923616,0.0
4699.324831207802,-0.002158370101824403,0.0
4700.150037509377,-0.0057807754492387176,0.0
4700.975243810953,-0.008326107054017484,0.0
4701.800450112529,-0.008904071291908622,0.0
4702.625656414104,-0.00938466819934547,0.0
4703.450862715679,-0.010614894272293895,0.0
4704.2760690172545,-0.01115591183770448,0.0
4705.10127531883,-0.010351885110139847,0.0
4705.926481620405,-0.008022498339414597,0.0
4706.75168792198,-0.008049720199778676,0.0
4707.576894223556,-0.010119259124621749,0.0
4708.402100525132,-0.009952510357834399,0.0
4709.227306826707,-0.009327496052719653,0.0
4710.052513128282,-0.006624996312893927,0.0
4710.877719429857,-0.005037085269577801,0.0
4711.702925731433,-0.004321056534536183,0.0
4712.528132033009,-0.00110114726703614,0.0
4713.353338334584,0.000998436356894672,0.0
4714.178544636159,-0.00033169100061059,0.0
4715.003750937734,-0.0013142721727490425,0.0
4715.82895723931,-0.0003197836922481656,0.0
4716.654163540886,0.001382253598421812,0.0
4717.479369842461,0.004394350573420525,0.0
4718.304576144036,0.006585904397070408,0.0
4719.129782445611,0.008167169988155365,0.0
4719.954988747187,0.00910002551972866,0.0
4720.780195048763,0.009064262732863426,0.0
4721.605401350338,0.006981464335694909,0.0
4722.430607651913,0.007192165241576731,0.0
4723.2558139534885,0.008209054940380156,0.0
4724.081020255064,0.008011349942535162,0.0
4724.906226556639,0.006979912403039634,0.0
4725.731432858214,0.005295716924592853,0.0
4726.55663915979,0.0015418259426951408,0.0
4727.381845461366,-0.001378965171170421,0.0
4728.207051762941,-0.003921170951798558,0.0
4729.032258064516,-0.005857020092662424,0.0
4729.857464366092,-0.006990694673731923,0.0
4730.6826706676675,-0.0071137555642053485,0.0
4731.507876969243,-0.005346332705812529,0.0
4732.333083270818,-0.003064023709157482,0.0
4733.158289572393,-0.002024681176408194,0.0
4733.983495873968,-0.0011851834715344012,0.0
4734.808702175544,-0.00042173988185822964,0.0
4735.633908477119,3.0868977773934603e-06,0.0
4736.459114778695,0.0004945933469571173,0.0
4737.28432108027,0.00021900716819800436,0.0
4738.1095273818455,0.0015341866674134508,0.0
4738.934733683421,0.003040547569980845,0.0
4739.759939984997,0.0032052769674919546,0.0
4740.585146286572,0.0035852738365065306,0.0
4741.410352588147,0.004764568177051842,0.0
4742.235558889723,0.006796730915084481,0.0
4743.060765191298,0.0060546897002495825,0.0
4743.885971492873,0.005413700360804796,0.0
4744.711177794448,0.006175631657242775,0.0
4745.536384096024,0.006036318838596344,0.0
4746.3615903976,0.00624516885727644,0.0
4747.186796699175,0.006545535288751125,0.0
4748.01200300075,0.006683218292891979,0.0
4748.837209302326,0.006897434184793383,0.0
4749.6624156039015,0.006779190443921834,0.0
4750.487621905477,0.007016131014097482,0.0
4751.312828207052,0.005961204384220764,0.0
4752.138034508627,0.004718950192909688,0.0
4752.9632408102025,0.002304054651176557,0.0
4753.788447111778,0.0012890942307421938,0.0
4754.613653413353,1.8285209080204368e-06,0.0
4755.438859714929,-0.001015253466903232,0.0
4756.264066016504,-0.0009612138383090496,0.0
4757.08927231808,-0.0008429219014942646,0.0
4757.914478619655,-0.0009814107324928045,0.0
4758.739684921231,0.00046618329361081123,0.0
4759.564891222806,0.0008741311030462384,0.0
4760.390097524381,-0.0010656676022335887,0.0
4761.215303825957,-0.003870617365464568,0.0
4762.040510127532,-0.00847879727371037,0.0
4762.865716429107,-0.01151432644110173,0.0
4763.690922730682,-0.013742444920353591,0.0
4764.5161290322585,-0.013427819008938968,0.0
4765.341335333834,-0.011543006519787014,0.0
4766.166541635409,-0.0091073865769431,0.0
4766.991747936984,-0.007507629576139152,0.0
4767.81695423856,-0.005562572623603046,0.0
4768.642160540136,-0.00394035445060581,0.0
4769.467366841711,-0.0032280607847496867,0.0
4770.292573143286,-0.0011766829411499202,0.0
4771.117779444861,-0.00023908901493996382,0.0
4771.9429857464365,-0.00026446208357810974,0.0
4772.768192048012,0.0016499250777997077,0.0
4773.593398349588,0.002925346838310361,0.0
4774.418604651163,0.00341184064745903,0.0
4775.243810952738,0.005777119658887386,0.0
4776.069017254314,0.0066505183931440115,0.0
4776.894223555889,0.006586490315385163,0.0
4777.719429857465,0.005681459442712367,0.0
4778.54463615904,0.004115796298719943,0.0
4779.3698424606155,0.002285125490743667,0.0
4780.195048762191,0.0010656676022335887,0.0
4781.020255063766,5.324918311089277e-05,0.0
4781.845461365341,-0.0004423406207934022,0.0
4782.670667666916,-0.0001803492195904255,0.0
4783.495873968493,-0.0024688978446647525,0.0
4784.321080270068,-0.004917056183330715,0.0
4785.146286571643,-0.005144293769262731,0.0
4785.971492873218,-0.005773390061222017,0.0
4786.796699174794,-0.007478194078430533,0.0
4787.62190547637,-0.008843291318044066,0.0
4788.447111777945,-0.008058785228058696,0.0
4789.27231807952,-0.006109649548307061,0.0
4790.097524381095,-0.004825451876968145,0.0
4790.922730682671,-0.0010921042412519455,0.0
4791.747936984246,0.0008110003545880318,0.0
4792.573143285822,0.0022624805569648743,0.0
4793.398349587397,0.005011094151996076,0.0
4794.223555888972,0.0070805426221340895,0.0
4795.048762190548,0.006114825373515487,0.0
4795.873968492123,0.006483364617452025,0.0
4796.699174793699,0.0063658771105110645,0.0
4797.524381095274,0.0033269183477386832,0.0
4798.3495873968495,0.0021021843422204256,0.0
4799.174793698425,0.0006174943409860134,0.0
4800.0,0.00045396946370601654,0.0
4800.825206301575,-0.00017302343621850014,0.0
4801.6504126031505,0.000582544831559062,0.0
4802.475618904727,0.001594839384779334,0.0
4803.300825206302,0.0005911916960030794,0.0
4804.126031507877,-0.0005162162706255913,0.0
4804.951237809452,-0.0014468827284872532,0.0
4805.7764441110285,-0.0024849185720086098,0.0
4806.601650412604,-0.003037931863218546,0.0
4807.426856714179,-0.002633404918015003,0.0
4808.252063015754,-0.001687538344413042,0.0
4809.077269317329,-0.00067899189889431,0.0
4809.902475618905,0.0,0.0
4810.72768192048,0.001336914487183094,0.0
4811.552888222056,0.003051397390663624,0.0
4812.378094523631,0.005332743050530553,0.0
4813.2033008252065,0.006187867256812751,0.0
4814.028507126782,0.007287996937520802,0.0
4814.853713428357,0.007315205439226702,0.0
4815.678919729933,0.006634845864027739,0.0
4816.504126031508,0.0074117065232712775,0.0
4817.329332333084,0.009466151939705014,0.0
4818.154538634659,0.009207124472595751,0.0
4818.979744936234,0.008756272203754634,0.0
4819.804951237809,0.006474614958278835,0.0
4820.6301575393845,0.0033443085849285126,0.0
4821.455363840961,0.000655061099678278,0.0
4822.280570142536,-0.0012973770499229431,0.0
4823.105776444111,-0.0033955583348870277,0.0
4823.930982745686,-0.003976542502641678,0.0
4824.7561890472625,-0.0037785812746733427,0.0
4825.581395348838,-0.0033588772639632225,0.0
4826.406601650413,-0.002404301892966032,0.0
4827.231807951988,-0.0010422645136713982,0.0
4828.0570142535635,0.0009432295337319374,0.0
4828.882220555139,4.951748996973038e-05,0.0
4829.707426856714,-0.0014310963451862335,0.0
4830.53263315829,-0.0012339400127530098,0.0
4831.357839459865,-0.0022887680679559708,0.0
4832.183045761441,-0.0019959639757871628,0.0
4833.008252063016,-0.0017943065613508224,0.0
4833.833458364591,-0.00027559418231248856,0.0
4834.658664666167,0.0007095737382769585,0.0
4835.483870967742,0.0006283558905124664,0.0
4836.309077269318,0.0013237548992037773,0.0
4837.134283570893,0.0007105590775609016,0.0
4837.959489872468,-0.0024921754375100136,0.0
4838.784696174043,-0.005899196024984121,0.0
4839.609902475619,-0.007576216012239456,0.0
4840.435108777195,-0.008064091205596924,0.0
4841.26031507877,-0.006703506223857403,0.0
4842.085521380345,-0.005127246025949717,0.0
4842.91072768192,-0.0030042147263884544,0.0
4843.735933983497,7.944460958242416e-05,0.0
4844.561140285072,0.0017300145700573921,0.0
4845.386346586647,0.0006086397916078568,0.0
4846.211552888222,-0.0005910983309149742,0.0
4847.0367591897975,-0.0001817690208554268,0.0
4847.861965491373,-0.0012128045782446861,0.0
4848.687171792948,-0.0024122605100274086,0.0
4849.512378094524,-0.004271058365702629,0.0
4850.337584396099,-0.005227549932897091,0.0
4851.162790697675,-0.006242439150810242,0.0
4851.98799699925,-0.009230192750692368,0.0
4852.813203300825,-0.014142295345664024,0.0
4853.638409602401,-0.018902774900197983,0.0
4854.4636159039765,-0.02301383949816227,0.0
4855.288822205552,-0.028688576072454453,0.0
4856.114028507127,-0.03476645238697529,0.0
4856.939234808702,-0.04467671178281307,0.0
4857.764441110277,-0.05742681585252285,0.0
4858.589647411853,-0.07260836474597454,0.0
4859.414853713429,-0.09007171355187893,0.0
4860.240060015004,-0.10193466208875179,0.0
4861.065266316579,-0.10739577375352383,0.0
4861.8904726181545,-0.1055243369191885,0.0
4862.715678919731,-0.09636677615344524,0.0
4863.540885221306,-0.08226252906024456,0.0
4864.366091522881,-0.06586678884923458,0.0
4865.191297824456,-0.050413211807608604,0.0
4866.016504126032,-0.03650965355336666,0.0
4866.841710427607,-0.028801536187529564,0.0
4867.666916729182,-0.023974338546395302,0.0
4868.492123030758,-0.022023340687155724,0.0
4869.317329332333,-0.021855352446436882,0.0
4870.142535633909,-0.022798525169491768,0.0
4870.967741935484,-0.02299029938876629,0.0
4871.792948237059,-0.022345070727169514,0.0
4872.618154538635,-0.020983547903597355,0.0
4873.4433608402105,-0.018203777261078358,0.0
4874.268567141786,-0.014234323985874653,0.0
4875.093773443361,-0.009577994234859943,0.0
4875.918979744936,-0.006559276022017002,0.0
4876.7441860465115,-0.0046098241582512856,0.0
4877.569392348087,-0.002496986649930477,0.0
4878.394598649663,-0.0011499663814902306,0.0
4879.219804951238,0.00021919328719377518,0.0
4880.045011252813,0.0022651636973023415,0.0
4880.870217554389,0.004556913860142231,0.0
4881.695423855965,0.0031763343140482903,0.0
4882.52063015754,-4.53190878033638e-05,0.0
4883.345836459115,-0.0013166023418307304,0.0
4884.17104276069,-0.0004203934222459793,0.0
4884.996249062266,-0.0010816212743520737,0.0
4885.821455363841,-0.003590087406337261,0.0
4886.646661665416,-0.006267395801842213,0.0
4887.471867966992,-0.00823249388486147,0.0
4888.2970742685675,-0.009417996741831303,0.0
4889.122280570143,-0.010225215926766396,0.0
4889.947486871718,-0.010581069625914097,0.0
4890.772693173293,-0.009194880723953247,0.0
4891.597899474869,-0.006391860544681549,0.0
4892.423105776445,-0.0019572004675865173,0.0
4893.24831207802,0.0035391775891184807,0.0
4894.073518379595,0.010595020838081837,0.0
4894.89872468117,0.015854929573833942,0.0
4895.7239309827455,0.016670471988618374,0.0
4896.549137284321,0.018047911347821355,0.0
4897.374343585897,0.017847369890660048,0.0
4898.199549887472,0.013825950678437948,0.0
4899.024756189047,0.009920066222548485,0.0
4899.849962490623,0.007818331010639668,0.0
4900.675168792199,0.0066827163100242615,0.0
4901.500375093774,0.00460849329829216,0.0
4902.325581395349,0.00462917797267437,0.0
4903.150787696924,0.006471172906458378,0.0
4903.9759939985,0.006908265873789787,0.0
4904.801200300075,0.008168744388967752,0.0
4905.62640660165,0.007987321820110083,0.0
4906.451612903226,0.007662856485694647,0.0
4907.2768192048015,0.007309991400688887,0.0
4908.102025506377,0.005044466815888882,0.0
4908.927231807952,0.0015925941988825798,0.0
4909.752438109527,-0.0005574142560362816,0.0
4910.577644411103,-0.0025227004662156105,0.0
4911.402850712679,-0.00315161794424057,0.0
4912.228057014254,-0.001090935431420803,0.0
4913.053263315829,0.001123589463531971,0.0
4913.878469617404,0.0038700029253959656,0.0
4914.70367591898,0.005175034515559673,0.0
4915.528882220555,0.004911815281957388,0.0
4916.354088522131,0.0016236044466495514,0.0
4917.179294823706,-0.005425977520644665,0.0
4918.004501125281,-0.01390679832547903,0.0
4918.829707426857,-0.022619440220296383,0.0
4919.654913728433,-0.02735733985900879,0.0
4920.480120030008,-0.028086617588996887,0.0
4921.305326331583,-0.025261014699935913,0.0
4922.1305326331585,-0.02175336331129074,0.0
4922.955738934734,-0.017610911279916763,0.0
4923.780945236309,-0.012229476124048233,0.0
4924.606151537884,-0.007054030895233154,0.0
4925.43135783946,-0.0027116844430565834,0.0
4926.256564141036,0.000680228229612112,0.0
4927.081770442611,0.003112238831818104,0.0
4927.906976744186,0.0071707600727677345,0.0
4928.732183045762,0.010861534858122468,0.0
4929.557389347337,0.011782528832554817,0.0
4930.382595648913,0.009874713141471148,0.0
4931.207801950488,0.005672516068443656,0.0
4932.033008252063,0.0012606186792254448,0.0
4932.858214553638,-0.0005607591010630131,0.0
4933.683420855214,-0.0024433662183582783,0.0
4934.508627156789,-0.005644929129630327,0.0
4935.333833458365,-0.007904616184532642,0.0
4936.15903975994,-0.009185983333736658,0.0
4936.9842460615155,-0.010062021669000387,0.0
4937.809452363091,-0.010116611141711473,0.0
4938.634658664667,-0.008849112782627344,0.0
4939.459864966242,-0.0073161255568265915,0.0
4940.285071267817,-0.0038452534936368465,0.0
4941.110277569393,0.0015486122574657202,0.0
4941.935483870968,0.004596262006089091,0.0
4942.760690172543,0.007596177281811833,0.0
4943.585896474118,0.007695492124184966,0.0
4944.411102775694,0.006970527698285878,0.0
4945.23630907727,0.006796071422286332,0.0
4946.061515378845,0.007550707668997347,0.0
4946.88672168042,0.007482356042601168,0.0
4947.711927981996,0.008854985819198191,0.0
4948.5371342835715,0.010996864759363234,0.0
4949.362340585147,0.01074844563845545,0.0
4950.187546886722,0.011100750067271292,0.0
4951.012753188297,0.011416133143939078,0.0
4951.837959489872,0.011238517821766436,0.0
4952.663165791448,0.010689511545933783,0.0
4953.488372093023,0.006333550321869552,0.0
4954.313578394599,-0.00013373035471886396,0.0
4955.138784696174,-0.006946939043700695,0.0
4955.9639909977495,-0.01284056797157973,0.0
4956.789197299325,-0.014924419927410781,0.0
4957.614403600901,-0.01584839343558997,0.0
4958.439609902476,-0.013044952298514545,0.0
4959.264816204051,-0.00897906901082024,0.0
4960.090022505627,-0.0036794556654058397,0.0
4960.915228807202,0.002234019455499947,0.0
4961.740435108777,0.007813470379915088,0.0
4962.565641410352,0.010398868937045336,0.0
4963.3908477119285,0.008756703231483698,0.0
4964.216054013504,0.0054204604821279645,0.0
4965.041260315079,0.0026047136052511632,0.0
4965.866466616654,0.001372984959743917,0.0
4966.69167291823,-5.782785592600703e-05,0.0
4967.516879219806,-0.0018484852043911815,0.0
4968.342085521381,-0.0009216525941155851,0.0
4969.167291822956,0.0,0.0
4969.992498124531,0.0013516397448256612,0.0
4970.8177044261065,0.003584995516575873,0.0
4971.642910727682,0.0060249228263273835,0.0
4972.468117029257,0.00782119866926223,0.0
4973.293323330833,0.008122336235828698,0.0
4974.118529632408,0.009063294273801148,0.0
4974.943735933984,0.009561214712448418,0.0
4975.768942235559,0.009087037411518395,0.0
4976.594148537135,0.007185953785665333,0.0
4977.41935483871,0.005768099625129253,0.0
4978.244561140285,0.003964167844969779,0.0
4979.069767441861,-0.0010032782447524369,0.0
4979.894973743436,-0.0067109385272488,0.0
4980.720180045011,-0.012437050929293036,0.0
4981.545386346586,-0.017699618358165026,0.0
4982.3705926481625,-0.021017788909375668,0.0
4983.195798949738,-0.020255371113307774,0.0
4984.021005251313,-0.019281277782283723,0.0
4984.846211552888,-0.01560846995562315,0.0
4985.671417854464,-0.010839390801265836,0.0
4986.49662415604,-0.0051135781686753035,0.0
4987.321830457615,-0.0008995311800390482,0.0
4988.14703675919,0.002384777762927115,0.0
4988.972243060765,0.004549343138933182,0.0
4989.797449362341,0.00529391341842711,0.0
4990.622655663916,0.003535795316565782,0.0
4991.447861965491,0.0007845817599445581,0.0
4992.273068267067,0.0,0.0
4993.098274568642,0.0003016017144545913,0.0
4993.923480870218,0.0029310713289305568,0.0
4994.748687171793,0.0060042934492230415,0.0
4995.573893473369,0.008050476899370551,0.0
4996.399099774944,0.007769637508317828,0.0
4997.2243060765195,0.005595214432105422,0.0
4998.049512378095,0.002117721945978701,0.0
4998.87471867967,0.0007016765302978456,0.0
4999.699924981245,-0.003091593971475959,0.0
5000.52513128282,-0.005530638387426734,0.0
5001.350337584397,-0.005460731452330947,0.0
5002.175543885972,-0.00652181776240468,0.0
5003.000750187547,-0.007936530280858278,0.0
5003.825956489122,-0.009351007058285177,0.0
5004.651162790698,-0.00975987408310175,0.0
5005.476369092274,-0.009655377129092813,0.0
5006.301575393849,-0.0074024691712111235,0.0
5007.126781695424,-0.005350005812942982,0.0
5007.951987996999,-0.0035449080169200897,0.0
5008.777194298575,-8.538365364074707e-06,0.0
5009.60240060015,0.002012956188991666,0.0
5010.427606901725,0.001143833389505744,0.0
5011.252813203301,-0.003991182893514633,0.0
5012.0780195048765,-0.008733833208680153,0.0
5012.903225806452,-0.011538584716618061,0.0
5013.728432108027,-0.013673351146280766,0.0
5014.553638409603,-0.01474518422037363,0.0
5015.378844711178,-0.01417221873998642,0.0
5016.204051012754,-0.013998060720041394,0.0
5017.029257314329,-0.013360956916585565,0.0
5017.854463615904,-0.011117937974631786,0.0
5018.679669917479,-0.009033441310748458,0.0
5019.5048762190545,-0.00924033229239285,0.0
5020.330082520631,-0.007506178691983223,0.0
5021.155288822206,-0.005387432407587767,0.0
5021.980495123781,-0.0027309549041092396,0.0
5022.805701425356,7.338111754506826e-05,0.0
5023.6309077269325,0.0006940617167856544,0.0
5024.456114028508,0.0011331106361467391,0.0
5025.281320330083,0.0011112885094917146,0.0
5026.106526631658,0.0030320968944579363,0.0
5026.931732933233,0.003962067537941039,0.0
5027.756939234809,0.0029256626730784774,0.0
5028.582145536384,0.0030152954859659076,0.0
5029.40735183796,0.005724625778384507,0.0
5030.232558139535,0.009252450545318425,0.0
5031.0577644411105,0.011623792466707528,0.0
5031.882970742686,0.01323258422780782,0.0
5032.708177044261,0.013153555919416249,0.0
5033.533383345837,0.011965375510044396,0.0
5034.358589647412,0.009473465499468148,0.0
5035.183795948988,0.004930740833515301,0.0
5036.009002250563,-0.0010021308680734364,0.0
5036.834208552138,-0.005501699663000181,0.0
5037.659414853713,-0.010952836251817644,0.0
5038.484621155289,-0.016093654558062553,0.0
5039.309827456865,-0.020107363117858768,0.0
5040.13503375844,-0.023333599790930748,0.0
5040.960240060015,-0.024642257718369365,0.0
5041.78544636159,-0.02144982502795756,0.0
5042.610652663167,-0.013547583715990186,0.0
5043.435858964742,-0.006513084284961224,0.0
5044.261065266317,0.0013626471627503633,0.0
5045.086271567892,0.007175766630098224,0.0
5045.9114778694675,0.008455700008198619,0.0
5046.736684171043,0.007335468893870711,0.0
5047.561890472618,0.0038000012282282114,0.0
5048.387096774194,-0.00036290427669882774,0.0
5049.212303075769,-0.004111743299290538,0.0
5050.037509377345,-0.005871414905413985,0.0
5050.86271567892,-0.006568834651261568,0.0
5051.687921980495,-0.00530977314338088,0.0
5052.513128282071,-0.001051168655976653,0.0
5053.338334583646,0.0024148207157850266,0.0
5054.163540885222,0.0062287780456244946,0.0
5054.988747186797,0.010413789190351963,0.0
5055.813953488372,0.013592393603175879,0.0
5056.639159789947,0.014622594229876995,0.0
5057.464366091523,0.014020713046193123,0.0
5058.289572393099,0.012048387434333563,0.0
5059.114778694674,0.011857869103550911,0.0
5059.939984996249,0.012975758872926235,0.0
5060.7651912978245,0.012265883386135101,0.0
5061.590397599401,0.009305937215685844,0.0
5062.415603900976,0.006322890520095825,0.0
5063.240810202551,0.0041228001937270164,0.0
5064.066016504126,0.0008456064388155937,0.0
5064.891222805702,-0.0031770123168826103,0.0
5065.716429107277,-0.005274076946079731,0.0
5066.541635408852,-0.004892385331913829,0.0
5067.366841710428,-0.002823761198669672,0.0
5068.192048012003,-0.0015980936586856842,0.0
5069.017254313579,0.0,0.0
5069.842460615154,0.0015374571084976196,0.0
5070.667666916729,0.0021355999633669853,0.0
5071.492873218305,0.0013907123357057571,0.0
5072.3180795198805,0.0003399113193154335,0.0
5073.143285821456,0.0005218274891376495,0.0
5073.968492123031,0.0011600153520703316,0.0
5074.793698424606,0.0011240849271416664,0.0
5075.618904726181,0.0001862109638750553,0.0
5076.444111027757,-0.0015929676592350006,0.0
5077.269317329333,-0.006406439933925867,0.0
5078.094523630908,-0.0133743267506361,0.0
5078.919729932483,-0.01851985789835453,0.0
5079.7449362340585,-0.019997863098978996,0.0
5080.570142535635,-0.020595739595592022,0.0
5081.39534883721,-0.020325099118053913,0.0
5082.220555138785,-0.016023952513933182,0.0
5083.04576144036,-0.01247503119520843,0.0
5083.870967741936,-0.00775945873465389,0.0
5084.696174043511,-0.004188719671219587,0.0
5085.521380345086,0.0,0.0
5086.346586646662,0.0018300944939255714,0.0
5087.171792948237,0.0033764876425266266,0.0
5087.996999249813,0.003538285382091999,0.0
5088.822205551388,0.004441894590854645,0.0
5089.647411852963,0.0073864031583070755,0.0
5090.472618154539,0.00922213215380907,0.0
5091.2978244561145,0.010075047612190247,0.0
5092.12303075769,0.011251818388700485,0.0
5092.948237059265,0.011402771808207035,0.0
5093.77344336084,0.010821294970810413,0.0
5094.5986496624155,0.010955741629004478,0.0
5095.423855963991,0.0062981536611914635,0.0
5096.249062265567,-0.0009953668341040611,0.0
5097.074268567142,-0.00577691663056612,0.0
5097.899474868717,-0.006877340842038393,0.0
5098.724681170293,-0.006947075657080859,0.0
5099.549887471869,-0.005854350281879306,0.0
5100.375093773444,-0.0030929483473300934,0.0
5101.200300075019,0.0004497235640883446,0.0
5102.025506376594,0.0031145447865128517,0.0
5102.85071267817,0.00527705904096365,0.0
5103.675918979745,0.005216207355260849,0.0
5104.50112528132,0.002444850280880928,0.0
5105.326331582896,-0.0009349486790597439,0.0
5106.1515378844715,-0.002537589520215988,0.0
5106.976744186047,-0.0043395955581218,0.0
5107.801950487622,-0.006167451734654605,0.0
5108.627156789197,-0.0055650463327765465,0.0
5109.452363090773,-0.00314911175519228,0.0
5110.277569392349,-0.0007183742709457874,0.0
5111.102775693924,0.0027978084981441498,0.0
5111.927981995499,0.005278232507407665,0.0
5112.753188297074,0.007707847282290459,0.0
5113.5783945986495,0.011494727805256844,0.0
5114.403600900225,0.012479035183787346,0.0
5115.228807201801,0.013823151588439941,0.0
5116.054013503376,0.015034278854727745,0.0
5116.879219804951,0.01573147438466549,0.0
5117.704426106527,0.016998279839754105,0.0
5118.529632408103,0.01773785427212715,0.0
5119.354838709678,0.015573747456073761,0.0
5120.180045011253,0.01102646579965949,0.0
5121.0052513128285,0.006475504022091627,0.0
5121.830457614404,0.002343697939068079,0.0
5122.655663915979,-0.0012475023977458477,0.0
5123.480870217554,-0.004631563380826265,0.0
5124.30607651913,-0.0075210207141935825,0.0
5125.131282820706,-0.007717458996921778,0.0
5125.956489122281,-0.007207504939287901,0.0
5126.781695423856,-0.006225147983059287,0.0
5127.606901725431,-0.005229848058661446,0.0
5128.432108027007,-0.00542168112588115,0.0
5129.257314328583,-0.0034534516744315624,0.0
5130.082520630158,-0.0014541244599968195,0.0
5130.907726931733,0.0005138469859957695,0.0
5131.732933233308,0.0007951660081744194,0.0
5132.558139534884,0.0027556540444493294,0.0
5133.383345836459,0.004750783089548349,0.0
5134.208552138035,0.005435480736196041,0.0
5135.03375843961,0.004732389701530337,0.0
5135.858964741185,0.002769320737570524,0.0
5136.684171042761,-0.0009526961948722601,0.0
5137.509377344337,-0.004582902776746778,0.0
5138.334583645912,-0.006613029865548015,0.0
5139.159789947487,-0.008208508370444179,0.0
5139.9849962490625,-0.010095161851495504,0.0
5140.810202550638,-0.010074315825477242,0.0
5141.635408852213,-0.007293757749721408,0.0
5142.460615153788,-0.005905502941459417,0.0
5143.285821455364,-0.0064795047510415316,0.0
5144.11102775694,-0.005163680878467858,0.0
5144.936234058515,-0.002564334077760577,0.0
5145.76144036009,-0.0002962120342999697,0.0
5146.586646661665,0.0017864212859421968,0.0
5147.4118529632415,0.002634496195241809,0.0
5148.237059264817,0.0017531896010041237,0.0
5149.062265566392,0.0006769429892301559,0.0
5149.887471867967,0.0009164623916149139,0.0
5150.712678169542,-4.18203417211771e-05,0.0
5151.537884471118,-0.0010686071473173797,0.0
5152.363090772693,-0.0002292081480845809,0.0
5153.188297074269,0.0022262753336690366,0.0
5154.013503375844,0.004795291548362002,0.0
5154.8387096774195,0.009411108010681346,0.0
5155.663915978995,0.012368581199552864,0.0
5156.489122280571,0.014626840955315856,0.0
5157.314328582146,0.017846253438619897,0.0
5158.139534883721,0.02121746470220387,0.0
5158.964741185297,0.022276163916103542,0.0
5159.789947486872,0.019048252026550472,0.0
5160.615153788447,0.015164802665822208,0.0
5161.440360090022,0.014834937523119152,0.0
5162.265566391598,0.01533285970799625,0.0
5163.090772693174,0.008172467583790421,0.0
5163.915978994749,-0.00312602031044662,0.0
5164.741185296324,-0.016786026069894433,0.0
5165.566391597899,-0.029566344106569886,0.0
5166.3915978994755,-0.04001340293325484,0.0
5167.216804201051,-0.04846328520216048,0.0
5168.042010502626,-0.05241304566152394,0.0
5168.867216804201,-0.05408481205813587,0.0
5169.6924231057765,-0.05420886492356658,0.0
5170.517629407352,-0.053305756533518434,0.0
5171.342835708927,-0.05138148018158972,0.0
5172.168042010503,-0.04693139437586069,0.0
5172.993248312078,-0.04133258806541562,0.0
5173.818454613654,-0.03206773893907666,0.0
5174.643660915229,-0.018112509977072477,0.0
5175.468867216805,-0.005264815408736467,0.0
5176.29407351838,0.004010031727375463,0.0
5177.119279819955,0.010629836935549974,0.0
5177.944486121531,0.01465690927579999,0.0
5178.769692423106,0.014041294809430838,0.0
5179.594898724681,0.007205040659755468,0.0
5180.420105026256,-0.0051399408839643,0.0
5181.2453113278325,-0.01867365511134267,0.0
5182.070517629408,-0.03284451784566045,0.0
5182.895723930983,-0.042664334643632174,0.0
5183.720930232558,-0.04405070887878537,0.0
5184.546136534134,-0.03992506908252835,0.0
5185.37134283571,-0.03199036093428731,0.0
5186.196549137285,-0.019595785532146692,0.0
5187.02175543886,-0.008256135042756796,0.0
5187.846961740435,-0.0011062342673540115,0.0
5188.6721680420105,0.0006062982138246298,0.0
5189.497374343586,0.0008820937946438789,0.0
5190.322580645161,-0.0017183204181492329,0.0
5191.147786946737,-0.004398758988827467,0.0
5191.972993248312,-0.007938778959214687,0.0
5192.798199549888,-0.009247948881238699,0.0
5193.623405851463,-0.008031253702938557,0.0
5194.448612153039,-0.0053448062390089035,0.0
5195.273818454614,-0.0021391380578279495,0.0
5196.0990247561895,0.000687700230628252,0.0
5196.924231057765,0.003945500124245882,0.0
5197.74943735934,0.007962040894199163,0.0
5198.574643660915,0.010701279155910015,0.0
5199.39984996249,0.012029195670038462,0.0
5200.225056264067,0.013222903478890657,0.0
5201.050262565642,0.012724925298243761,0.0
5201.875468867217,0.008360800566151738,0.0
5202.700675168792,0.0023211257066577673,0.0
5203.525881470368,-0.0041023483499884605,0.0
5204.351087771944,-0.008088766131550074,0.0
5205.176294073519,-0.012727527413517237,0.0
5206.001500375094,-0.01557957660406828,0.0
5206.826706676669,-0.018320795381441712,0.0
5207.651912978245,-0.016841845819726586,0.0
5208.47711927982,-0.012124448549002409,0.0
5209.302325581395,-0.007749146549031138,0.0
5210.127531882971,-0.0031316601671278477,0.0
5210.952738184546,0.0002621551975607872,0.0
5211.777944486122,0.0049075962087954395,0.0
5212.603150787697,0.008980877049907576,0.0
5213.428357089273,0.010294993553543463,0.0
5214.253563390848,0.009678466449258849,0.0
5215.0787696924235,0.0068997631897218525,0.0
5215.903975993999,0.005240195489022881,0.0
5216.729182295574,0.0052224110695533454,0.0
5217.554388597149,0.006852210673969239,0.0
5218.3795948987245,0.010615915758535266,0.0
5219.204801200301,0.012992950389161706,0.0
5220.030007501876,0.016131111362483352,0.0
5220.855213803451,0.018364680581726134,0.0
5221.680420105026,0.016182333987671882,0.0
5222.5056264066025,0.011378711555153131,0.0
5223.330832708178,0.0031641943933209404,0.0
5224.156039009753,-0.00583840689068893,0.0
5224.981245311328,-0.01496216404484585,0.0
5225.806451612903,-0.02203966985689476,0.0
5226.631657914479,-0.025318379804957658,0.0
5227.456864216054,-0.022694924206007272,0.0
5228.282070517629,-0.01545045740203932,0.0
5229.107276819205,-0.007681147020775825,0.0
5229.9324831207805,-0.006419271667255089,0.0
5230.757689422356,-0.004707549058366567,0.0
5231.582895723931,-0.001342371862847358,0.0
5232.408102025507,-0.002299102896358818,0.0
5233.233308327082,-0.003180378036631737,0.0
5234.058514628658,-0.0019775916734943166,0.0
5234.883720930233,0.000589299168495927,0.0
5235.708927231808,0.003997195803094655,0.0
5236.534133533383,0.009398828842677176,0.0
5237.3593398349585,0.013403240009211004,0.0
5238.184546136535,0.015921789570711553,0.0
5239.00975243811,0.01773175725247711,0.0
5239.834958739685,0.017364492057822645,0.0
5240.66016504126,0.01708709297236055,0.0
5241.4853713428365,0.017566143884323537,0.0
5242.310577644412,0.01584272866602987,0.0
5243.135783945987,0.015656976611353457,0.0
5243.960990247562,0.014039112080354244,0.0
5244.7861965491375,0.011534817051142454,0.0
5245.611402850713,0.007996696513146162,0.0
5246.436609152288,0.004653878801036626,0.0
5247.261815453863,0.0022896354785189033,0.0
5248.087021755439,0.0007139507797546685,0.0
5248.9122280570145,-0.002199492766521871,0.0
5249.73743435859,-0.0026992240455001593,0.0
5250.562640660165,-0.0005314401350915432,0.0
5251.387846961741,-0.0003499235026538372,0.0
5252.213053263316,-0.0034572395961731672,0.0
5253.038259564892,-0.002913800301030278,0.0
5253.863465866467,0.0,0.0
5254.688672168042,0.004916404141113162,0.0
5255.513878469617,0.0077109194826334715,0.0
5256.339084771193,0.00981946405954659,0.0
5257.164291072769,0.01282817148603499,0.0
5257.989497374344,0.012443974846974015,0.0
5258.814703675919,0.01197620783932507,0.0
5259.639909977494,0.008128647110424936,0.0
5260.465116279071,-0.0001929046120494604,0.0
5261.290322580646,-0.009662466472946107,0.0
5262.115528882221,-0.017497714958153665,0.0
5262.940735183796,-0.025631105876527727,0.0
5263.7659414853715,-0.032607430941425264,0.0
5264.591147786947,-0.03593952057417482,0.0
5265.416354088522,-0.03781846759375185,0.0
5266.241560390097,-0.03998450783547014,0.0
5267.066766691673,-0.04166857746895403,0.0
5267.891972993249,-0.042723229387775064,0.0
5268.717179294824,-0.04301819688407704,0.0
5269.542385596399,-0.042477784321818035,0.0
5270.367591897975,-0.03926148788741557,0.0
5271.19279819955,-0.03565585763863055,0.0
5272.018004501126,-0.03087367826810805,0.0
5272.843210802701,-0.022998824359092396,0.0
5273.668417104276,-0.01700114236882655,0.0
5274.493623405851,-0.013625286163005512,0.0
5275.318829707427,-0.009811666437599342,0.0
5276.144036009003,-0.007332353030506056,0.0
5276.969242310578,-0.0032312880430254154,0.0
5277.794448612153,0.0020859480209765024,0.0
5278.6196549137285,0.0038615773737546988,0.0
5279.444861215305,0.0016180696038645692,0.0
5280.27006751688,-0.0009145470030489378,0.0
5281.095273818455,-0.005061918047431391,0.0
5281.92048012003,-0.008131175876769703,0.0
5282.745686421606,-0.010376863036071882,0.0
5283.570892723181,-0.009597961434337776,0.0
5284.396099024756,-0.0053876531310379505,0.0
5285.221305326332,-0.0007873914510128088,0.0
5286.046511627907,0.006046669790521264,0.0
5286.871717929483,0.010574428597465158,0.0
5287.696924231058,0.012371228309348226,0.0
5288.522130532633,0.01310963393189013,0.0
5289.347336834209,0.01324979797936976,0.0
5290.1725431357845,0.014591742539778352,0.0
5290.99774943736,0.015242502093315125,0.0
5291.822955738935,0.013261007501569111,0.0
5292.64816204051,0.013072735775494948,0.0
5293.473368342085,0.010158704360947013,0.0
5294.298574643661,0.006050638039596379,0.0
5295.123780945237,0.0023361743660643697,0.0
5295.948987246812,-0.0005774071905761957,0.0
5296.774193548387,-0.00498902122490108,0.0
5297.5993998499625,-0.007128663128241897,0.0
5298.424606151539,-0.011638536001555622,0.0
5299.249812453114,-0.010992558905854821,0.0
5300.075018754689,-0.007073179294820875,0.0
5300.900225056264,-0.0028731041529681534,0.0
5301.72543135784,0.0003246591950301081,0.0
5302.550637659415,0.0012614921724889427,0.0
5303.37584396099,0.0032185268646571785,0.0
5304.201050262566,0.005192138400161639,0.0
5305.0262565641415,0.00798645117902197,0.0
5305.851462865717,0.009347489249194041,0.0
5306.676669167292,0.00966585348942317,0.0
5307.501875468867,0.009410216618562117,0.0
5308.327081770443,0.010140349302673712,0.0
5309.152288072019,0.012166499516752083,0.0
5309.977494373594,0.013841326705005486,0.0
5310.802700675169,0.013927230967965443,0.0
5311.627906976744,0.013054427116003353,0.0
5312.4531132783195,0.011477967149403412,0.0
5313.278319579895,0.009282568076741882,0.0
5314.103525881471,0.0063791760767344385,0.0
5314.928732183046,0.0034036572906188667,0.0
5315.753938484621,0.0016092643490992486,0.0
5316.579144786197,0.001296348898904398,0.0
5317.404351087773,-0.00014879235823173076,0.0
5318.229557389348,0.0014358100088429637,0.0
5319.054763690923,0.001095680614525918,0.0
5319.879969992498,0.0014994511257100385,0.0
5320.705176294074,0.0011522900313138962,0.0
5321.530382595649,-0.0012605359079316258,0.0
5322.355588897224,-0.003886755323037505,0.0
5323.1807951988,-0.007320365868508816,0.0
5324.0060015003755,-0.010560980997979641,0.0
5324.831207801951,-0.01731988601386547,0.0
5325.656414103526,-0.023896092548966408,0.0
5326.481620405101,-0.030019359663128853,0.0
5327.306826706677,-0.03364826180040836,0.0
5328.132033008253,-0.034985730424523354,0.0
5328.957239309828,-0.03219655806969968,0.0
5329.782445611403,-0.02617060674674576,0.0
5330.607651912978,-0.018093068545567803,0.0
5331.432858214554,-0.011369611529516988,0.0
5332.258064516129,-0.004979198725777678,0.0
5333.083270817705,-0.0002752072032308206,0.0
5333.90847711928,0.001228485445608385,0.0
5334.733683420855,9.845249951467849e-05,0.0
5335.558889722431,0.00030351591703947634,0.0
5336.384096024007,-0.0002440226817270741,0.0
5337.209302325582,-0.0032633818627800792,0.0
5338.034508627157,-0.005515717493835837,0.0
5338.8597149287325,-0.007616415765369311,0.0
5339.684921230308,-0.009981655661249533,0.0
5340.510127531883,-0.012013611529255286,0.0
5341.335333833458,-0.011062497418606654,0.0
5342.160540135034,-0.007446820993209258,0.0
5342.98574643661,-0.003143252251902595,0.0
5343.810952738185,0.0003568985193851404,0.0
5344.63615903976,0.00027015084924641997,0.0
5345.461365341335,0.0,0.0
5346.286571642911,-0.001455971534596756,0.0
5347.111777944487,-0.0034836492559406906,0.0
5347.936984246062,-0.003913637658115476,0.0
5348.762190547637,-0.00355423626024276,0.0
5349.587396849212,-0.002670514048077166,0.0
5350.412603150788,-0.0005206456407904625,0.0
5351.237809452363,0.0023662311723455787,0.0
5352.063015753939,0.0050705637549981475,0.0
5352.888222055514,0.007687183911912143,0.0
5353.7134283570895,0.010175828239880502,0.0
5354.538634658665,0.013841294101439416,0.0
5355.363840960241,0.015454493812285364,0.0
5356.189047261816,0.01706759084481746,0.0
5357.014253563391,0.018073230516165495,0.0
5357.839459864967,0.01748129678890109,0.0
5358.664666166542,0.016359054017812014,0.0
5359.489872468117,0.014330376405268908,0.0
5360.315078769692,0.011004628147929907,0.0
5361.140285071268,0.007552376948297024,0.0
5361.965491372844,0.004999025724828243,0.0
5362.790697674419,0.002343582920730114,0.0
5363.615903975994,-0.001952512247953564,0.0
5364.441110277569,-0.004590691067278385,0.0
5365.2663165791455,-0.005319415125995874,0.0
5366.091522880721,-0.005468613933771849,0.0
5366.916729182296,-0.007642882410436869,0.0
5367.741935483871,-0.01029557129368186,0.0
5368.567141785446,-0.01250360591802746,0.0
5369.392348087022,-0.015772125334478915,0.0
5370.217554388597,-0.01658887672238052,0.0
5371.042760690173,-0.015717972069978714,0.0
5371.867966991748,-0.012738865101709962,0.0
5372.6931732933235,-0.007718933513388038,0.0
5373.518379594899,-0.0007234553340822458,0.0
5374.343585896475,0.00564261619001627,0.0
5375.16879219805,0.010311792371794581,0.0
5375.993998499625,0.014269091421738267,0.0
5376.819204801201,0.015170901315286756,0.0
5377.644411102776,0.013595974305644631,0.0
5378.469617404351,0.011407363694161177,0.0
5379.294823705926,0.009584847372025251,0.0
5380.1200300075025,0.008669463451951742,0.0
5380.945236309078,0.006760813528671861,0.0
5381.770442610653,0.003593973509850912,0.0
5382.595648912228,0.001999670290388167,0.0
5383.420855213803,0.0016754136886447668,0.0
5384.24606151538,0.003326557925902307,0.0
5385.071267816955,0.007766309077851474,0.0
5385.89647411853,0.009218705352395773,0.0
5386.721680420105,0.008941755746491253,0.0
5387.5468867216805,0.00820831023156643,0.0
5388.372093023256,0.005986770847812295,0.0
5389.197299324831,0.004480379750020802,0.0
5390.022505626407,0.002127712592482567,0.0
5390.847711927982,0.00011188769713044167,0.0
5391.672918229558,-0.0021110752131789923,0.0
5392.498124531133,-0.00354454992339015,0.0
5393.323330832709,-0.0028495043516159058,0.0
5394.148537134284,-0.003415939398109913,0.0
5394.973743435859,-0.00649348134174943,0.0
5395.798949737435,-0.009250350296497345,0.0
5396.62415603901,-0.011386769823729992,0.0
5397.449362340585,-0.011283515486866236,0.0
5398.27456864216,-0.00946012930944562,0.0
5399.0997749437365,-0.005292959976941347,0.0
5399.924981245312,-0.0007006470113992691,0.0
5400.750187546887,0.0008937413804233074,0.0
5401.575393848462,-0.0022316030226647854,0.0
5402.4006001500375,-0.0069502112455666065,0.0
5403.225806451614,-0.010628283489495516,0.0
5404.051012753189,-0.014883003197610378,0.0
5404.876219054764,-0.019077480770647526,0.0
5405.701425356339,-0.020781300496309996,0.0
5406.526631657915,-0.01974850380793214,0.0
5407.35183795949,-0.01707332953810692,0.0
5408.177044261065,-0.01388405472971499,0.0
5409.002250562641,-0.010517888935282826,0.0
5409.827456864216,-0.007484355242922902,0.0
5410.652663165792,-0.006647055968642235,0.0
5411.477869467367,-0.0033458522520959377,0.0
5412.303075768943,-0.00046405987814068794,0.0
5413.128282070518,0.00040366873145103455,0.0
5413.9534883720935,0.003073416417464614,0.0
5414.778694673669,0.005422748101409525,0.0
5415.603900975244,0.006613116129301488,0.0
5416.429107276819,0.006184631143696606,0.0
5417.254313578394,0.00641964643727988,0.0
5418.079519879971,0.007555290590971708,0.0
5418.904726181546,0.010579679161310196,0.0
5419.729932483121,0.010747345630079508,0.0
5420.555138784696,0.006841376074589789,0.0
5421.3803450862715,0.004427211708389223,0.0
5422.205551387848,0.004005193244665861,0.0
5423.030757689423,0.0028654735069721937,0.0
5423.855963990998,0.0016297493129968643,0.0
5424.681170292573,0.002979811979457736,0.0
5425.506376594149,0.004087855690158904,0.0
5426.331582895724,0.0018819482065737247,0.0
5427.156789197299,0.0,0.0
5427.981995498875,-0.0019162371754646301,0.0
5428.8072018004505,-0.005028896499425173,0.0
5429.632408102026,-0.007606925442814827,0.0
5430.457614403601,-0.009811367839574814,0.0
5431.282820705177,-0.011739011388272047,0.0
5432.108027006752,-0.011054792907088995,0.0
5432.9332333083275,-0.009865853935480118,0.0
5433.758439609903,-0.00820177374407649,0.0
5434.583645911478,-0.007921671494841576,0.0
5435.408852213053,-0.006188845727592707,0.0
5436.2340585146285,-0.0028928439132869244,0.0
5437.059264816205,0.003073933534324169,0.0
5437.88447111778,0.006716479314491153,0.0
5438.709677419355,0.009962339885532856,0.0
5439.53488372093,0.014048466924577951,0.0
5440.3600900225065,0.01515271095559001,0.0
5441.185296324082,0.012812758330255747,0.0
5442.010502625657,0.011278380174189806,0.0
5442.835708927232,0.007960258983075619,0.0
5443.660915228807,0.0028551312279887497,0.0
5444.486121530383,-0.0023815687745809555,0.0
5445.311327831958,-0.00788237014785409,0.0
5446.136534133533,-0.011944904457777739,0.0
5446.961740435109,-0.012034840416163206,0.0
5447.7869467366845,-0.010230951244011521,0.0
5448.61215303826,-0.006532309809699655,0.0
5449.437359339835,-0.001385639188811183,0.0
5450.262565641411,0.003136268525850028,0.0
5451.087771942986,0.007260728860273957,0.0
5451.912978244562,0.00529340049251914,0.0
5452.738184546137,8.282903581857681e-05,0.0
5453.563390847712,-0.004931901814416051,0.0
5454.388597149287,-0.008131028385832906,0.0
5455.2138034508625,-0.008213873254135251,0.0
5456.039009752439,0.003183364635333419,0.0
5456.864216054014,0.003183364635333419,0.0
5457.689422355589,0.003183364635333419,0.0
5458.514628657164,0.003183364635333419,0.0
5459.3398349587405,0.003100535599514842,0.0
5460.165041260316,0.003100535599514842,0.0
5460.990247561891,0.003100535599514842,0.0
5461.815453863466,0.0027304883114993572,0.0
5462.6406601650415,0.002484370721504092,0.0
5463.465866466617,0.0015148486709222198,0.0
5464.291072768192,0.0015148486709222198,0.0
5465.116279069767,0.0015148486709222198,0.0
5465.941485371343,0.0015148486709222198,0.0
5466.766691672919,-0.002562965382821858,0.0
5467.591897974494,-0.0023870455333963037,0.0
5468.417104276069,-0.0020692284451797605,0.0
5469.242310577645,-0.0019734204979613423,0.0
5470.06751687922,-0.001668515964411199,0.0
5470.892723180796,-0.0017102690180763602,0.0
5471.717929482371,-0.0022936734603717923,0.0
5472.543135783946,-0.0024595686700195074,0.0
5473.368342085521,-0.004287429619580507,0.0
5474.193548387097,-0.007977138506248593,0.0
5475.018754688673,-0.012029207544401288,0.0
5475.843960990248,-0.013989599654451013,0.0
5476.669167291823,-0.014397539431229234,0.0
5477.494373593398,-0.013501767534762621,0.0
5478.319579894975,-0.0118997220415622,0.0
5479.14478619655,-0.008587860967963934,0.0
5479.969992498125,-0.0031861169263720512,0.0
5480.7951987997,5.3193653002381325e-05,0.0
5481.6204051012755,-5.3193653002381325e-05,0.0
5482.445611402851,0.0020649080397561193,0.0
5483.270817704426,0.004842887865379453,0.0
5484.096024006001,0.005212954245507717,0.0
5484.921230307577,0.005187461152672768,0.0
5485.746436609153,0.0045477080857381225,0.0
5486.571642910728,0.0034595125762280077,0.0
5487.396849212303,0.003787590132560581,0.0
5488.222055513879,0.002391793066635728,0.0
5489.0472618154545,0.0017907689325511456,0.0
5489.87246811703,0.0005816161865368485,0.0
5490.697674418605,7.702421862632036e-05,0.0
5491.52288072018,0.0014967832248657942,0.0
5492.348087021755,0.0037122659850865602,0.0
5493.173293323331,0.004143582656979561,0.0
5493.998499624907,0.0037945217918604612,0.0
5494.823705926482,0.0028951953281648457,0.0
5495.648912228057,0.000889454735442996,0.0
5496.4741185296325,0.000643337145447731,0.0
5497.299324831209,0.0018828129395842552,0.0
5498.124531132784,0.0018589767860248685,0.0
5498.949737434359,-0.00022628228180110455,0.0
5499.774943735934,-0.00042694550938904285,0.0
5500.60015003751,0.0002934930380433798,0.0
5501.425356339085,-0.00012694019824266434,0.0
5502.25056264066,-0.0021813528146594763,0.0
5503.075768942235,-0.002386684762313962,0.0
5503.900975243811,-0.0016414860729128122,0.0
5504.726181545387,-0.0018534758128225803,0.0
5505.551387846962,-0.0033448690082877874,0.0
5506.376594148537,-0.0035284659825265408,0.0
5507.201800450113,-0.0031261701369658113,0.0
5508.0270067516885,-0.0035103983245790005,0.0
5508.852213053264,-0.003734372789040208,0.0
5509.677419354839,-0.003969066427089274,0.0
5510.502625656414,-0.0045028229942545295,0.0
5511.3278319579895,-0.0042670913971960545,0.0
5512.153038259565,-0.005519630620256066,0.0
5512.978244561141,-0.006356891943141818,0.0
5513.803450862716,-0.00682816538028419,0.0
5514.628657164291,-0.004777939582709223,0.0
5515.453863465867,-0.0017773373692762107,0.0
5516.279069767443,0.00042018102249130607,0.0
5517.104276069018,0.004033023491501808,0.0
5517.929482370593,0.006322429806459695,0.0
5518.754688672168,0.00799630192341283,0.0
5519.579894973744,0.010599478904623538,0.0
5520.405101275319,0.01157156826229766,0.0
5521.230307576894,0.010139670048374683,0.0
5522.055513878469,0.00783627014607191,0.0
5522.8807201800455,0.006309505784884095,0.0
5523.705926481621,0.0025330029893666506,0.0
5524.531132783196,0.0,0.0
5525.356339084771,-0.0047745120245963335,0.0
5526.181545386347,-0.009974723448976874,0.0
5527.006751687923,-0.013999921968206763,0.0
5527.831957989498,-0.014924269868060946,0.0
5528.657164291073,-0.013435769593343139,0.0
5529.482370592648,-0.011446110671386123,0.0
5530.3075768942235,-0.007962245726957917,0.0
5531.132783195799,-0.003020714735612273,0.0
5531.957989497375,0.0,0.0
5532.78319579895,0.00013552221935242414,0.0
5533.608402100525,-0.0003895007539540529,0.0
5534.433608402101,0.0006540175527334213,0.0
5535.258814703677,0.0011119688861072063,0.0
5536.084021005252,-0.000886550813447684,0.0
5536.909227306827,0.0005988928023725748,0.0
5537.7344336084025,0.0023508816957473755,0.0
5538.559639909978,0.004675521748140454,0.0
5539.384846211553,0.007046334678307176,0.0
5540.210052513128,0.0062684479635208845,0.0
5541.035258814704,0.006246847799047828,0.0
5541.86046511628,0.006212267791852355,0.0
5542.685671417855,0.004269561497494578,0.0
5543.51087771943,0.003701072884723544,0.0
5544.336084021005,0.002942860359326005,0.0
5545.161290322581,0.004137696465477347,0.0
5545.986496624157,0.0036259007174521685,0.0
5546.811702925732,0.0037398028653115034,0.0
5547.636909227307,0.0072390849236398935,0.0
5548.462115528882,0.008794854627922177,0.0
5549.287321830458,0.008090811083093286,0.0
5550.112528132033,0.008010673569515347,0.0
5550.937734433609,0.009187125833705068,0.0
5551.762940735184,0.007608996005728841,0.0
5552.588147036759,0.005616422859020531,0.0
5553.413353338335,0.0061349086463451385,0.0
5554.238559639911,0.006572796613909304,0.0
5555.063765941486,0.007792260963469744,0.0
5555.888972243061,0.009020014258567244,0.0
5556.7141785446365,0.007753062935080379,0.0
5557.539384846212,0.0064875228417804465,0.0
5558.364591147787,0.008151100017130375,0.0
5559.189797449362,0.007805318105965853,0.0
5560.015003750938,0.005992376245558262,0.0
5560.840210052514,0.004200380761176348,0.0
5561.665416354089,0.0014124157605692744,0.0
5562.490622655664,0.0008907685405574739,0.0
5563.315828957239,0.0010885712690651417,0.0
5564.1410352588155,6.163948273751885e-05,0.0
5564.966241560391,-0.0014308744575828314,0.0
5565.791447861966,-0.0022188511211425066,0.0
5566.616654163541,-0.004050643183290958,0.0
5567.441860465116,-0.005373900290578604,0.0
5568.267066766692,-0.005754674319177866,0.0
5569.092273068267,-0.005352279637008905,0.0
5569.917479369843,-0.005671238526701927,0.0
5570.742685671418,-0.006661232095211744,0.0
5571.5678919729935,-0.00824021827429533,0.0
5572.393098274569,0.0,0.0
5573.218304576145,0.0,0.0
5574.04351087772,0.0,0.0
5574.868717179295,0.0,0.0
5575.693923480871,0.0,0.0
5576.519129782446,0.0,0.0
5577.344336084021,0.0,0.0
5578.169542385596,0.0,0.0
5578.994748687172,0.0,0.0
5579.819954988748,0.0,0.0
5580.645161290323,0.0,0.0
5581.470367591898,0.0,0.0
5582.295573893473,0.0,0.0
5583.1207801950495,-0.006272029131650925,0.0
5583.945986496625,-0.006291900062933564,0.0
5584.7711927982,-0.008220016257837415,0.0
5585.596399099775,-0.010729776928201318,0.0
5586.4216054013505,-0.013519739964976907,0.0
5587.246811702926,-0.01589135662652552,0.0
5588.072018004501,-0.01838302635587752,0.0
5588.897224306077,-0.01841864164453,0.0
5589.722430607652,-0.016091977013275027,0.0
5590.547636909228,-0.011718700872734189,0.0
5591.372843210803,-0.008631401229649782,0.0
5592.198049512379,-0.0069741797633469105,0.0
5593.023255813954,-0.005164877977222204,0.0
5593.848462115529,-0.00416334206238389,0.0
5594.673668417105,-0.003749918658286333,0.0
5595.49887471868,-0.003379045519977808,0.0
5596.324081020255,-0.0036512156948447227,0.0
5597.14928732183,-0.0035494137555360794,0.0
5597.9744936234065,-0.0041860234923660755,0.0
5598.799699924982,-0.006138137076050043,0.0
5599.624906226557,-0.008884049486368895,0.0
5600.450112528132,-0.012474046554416418,0.0
5601.275318829707,-0.012380750384181738,0.0
5602.100525131284,-0.010107700014486909,0.0
5602.925731432859,-0.008833962143398821,0.0
5603.750937734434,-0.005762505694292486,0.0
5604.576144036009,-0.0003868818748742342,0.0
5605.4013503375845,0.00483000191161409,0.0
5606.22655663916,0.009538367914501578,0.0
5607.051762940735,0.012001924740616232,0.0
5607.876969242311,0.0131796863861382,0.0
5608.702175543886,0.012060186360031366,0.0
5609.527381845462,0.013053569477051497,0.0
5610.352588147037,0.013457031454890966,0.0
5611.177794448613,0.012043291237205267,0.0
5612.003000750188,0.008697773329913616,0.0
5612.8282070517635,0.003397879423573613,0.0
5613.653413353339,-0.0033454899676144123,0.0
5614.478619654914,-0.00770732993260026,0.0
5615.303825956489,-0.00978421000763774,0.0
5616.129032258064,-0.009252890478819609,0.0
5616.9542385596405,-0.00734570762142539,0.0
5617.779444861216,-0.006026973016560078,0.0
5618.604651162791,-0.0027143789338879287,0.0
5619.429857464366,0.001369165489450097,0.0
5620.2550637659415,0.0039092914666980505,0.0
5621.080270067518,0.004201063886284828,0.0
5621.905476369093,0.002334791701287031,0.0
5622.730682670668,-0.0009263699175789952,0.0
5623.555888972243,-0.0031792016234248877,0.0
5624.381095273819,-0.003250195411965251,0.0
5625.206301575394,-0.004624250112101436,0.0
5626.031507876969,-0.004066451685503125,0.0
5626.856714178545,-0.0015976146096363664,0.0
5627.68192048012,0.0022631706669926643,0.0
5628.507126781696,0.006533783162012696,0.0
5629.332333083271,0.008324402151629329,0.0
5630.157539384847,0.00794257060624659,0.0
5630.982745686422,0.00933475699275732,0.0
5631.8079519879975,0.009377832699101418,0.0
5632.633158289573,0.007770558520860504,0.0
5633.458364591148,0.005701872221834492,0.0
5634.283570892723,0.004143327641941141,0.0
5635.108777194298,0.0036037027384736575,0.0
5635.933983495875,0.0016743196320021525,0.0
5636.75918979745,-0.0006085746281314641,0.0
5637.584396099025,-0.0007052773435134441,0.0
5638.4096024006,-0.001789807400200516,0.0
5639.2348087021755,-0.0009131423576036468,0.0
5640.060015003752,-0.0014042210241314024,0.0
5640.885221305327,-0.003667101147584617,0.0
5641.710427606902,-0.0038158177630975842,0.0
5642.535633908477,-0.003017117385752499,0.0
5643.360840210053,-0.002113421796821058,0.0
5644.186046511628,-0.0006854482926428318,0.0
5645.011252813203,8.428946603089571e-05,0.0
5645.836459114779,0.00014120072592049837,0.0
5646.6616654163545,0.0012251852313056588,0.0
5647.48687171793,0.00279265851713717,0.0
5648.312078019505,0.006388892157701775,0.0
5649.137284321081,0.008084140921710059,0.0
5649.962490622656,0.0066489393066149205,0.0
5650.787696924232,0.004587749222991988,0.0
5651.612903225807,0.004820287897018716,0.0
5652.438109527382,0.00497869701939635,0.0
5653.263315828957,0.0030422047420870513,0.0
5654.0885221305325,0.0014042210241314024,0.0
5654.913728432109,-0.0012271613522898406,0.0
5655.738934733684,-0.005902436547330581,0.0
5656.564141035259,-0.010415455311886035,0.0
5657.389347336834,-0.014242460005334578,0.0
5658.21455363841,-0.015863669890677556,0.0
5659.039759939986,-0.016583395918132737,0.0
5659.864966241561,-0.015932511654682457,0.0
5660.690172543136,-0.013762443675659597,0.0
5661.515378844711,-0.00999576284084469,0.0
5662.340585146287,-0.007225855835713446,0.0
5663.165791447862,-0.006096377386711538,0.0
5663.990997749437,-0.004736988106742501,0.0
5664.816204051013,-0.0029017803026363254,0.0
5665.6414103525885,-0.0007736551269772463,0.0
5666.466616654164,-0.0005842144382768311,0.0
5667.291822955739,-0.00010528671555221081,0.0
5668.117029257315,-0.0013990409497637302,0.0
5668.94223555889,-0.0007236816163640469,0.0
5669.767441860466,0.001989793512620963,0.0
5670.592648162041,0.00428720503259683,0.0
5671.417854463616,0.007068213708407711,0.0
5672.243060765191,0.00830757122457726,0.0
5673.068267066767,0.009507532864517998,0.0
5673.893473368343,0.009489088020927738,0.0
5674.718679669918,0.008266827470151838,0.0
5675.543885971493,0.008780743693932891,0.0
5676.369092273068,0.00907717808149755,0.0
5677.194298574644,0.008486654376611114,0.0
5678.01950487622,0.008239927468821406,0.0
5678.844711177795,0.0074509772239252925,0.0
5679.66991747937,0.0045391799649223685,0.0
5680.4951237809455,0.0029529841849580407,0.0
5681.320330082521,0.00043046937184954004,0.0
5682.145536384096,-0.0003485394408926368,0.0
5682.970742685671,-0.002988329972140491,0.0
5683.795948987247,-0.003983320784755051,0.0
5684.621155288823,-0.005205653258599341,0.0
5685.446361590398,-0.00460186752025038,0.0
5686.271567891973,-0.004573089652694762,0.0
5687.096774193549,-0.005291682784445584,0.0
5687.921980495124,-0.004798596841283143,0.0
5688.7471867967,-0.003441472421400249,0.0
5689.572393098275,-0.001513462862931192,0.0
5690.39759939985,-0.0009302613325417042,0.0
5691.222805701425,0.0014809135175255506,0.0
5692.048012003001,0.00424474634201033,0.0
5692.873218304577,0.006019804954121355,0.0
5693.698424606152,0.004936971381539479,0.0
5694.523630907727,0.004467828577617183,0.0
5695.3488372093025,0.004010749398730695,0.0
5696.174043510879,0.002033609023783356,0.0
5696.999249812454,0.0,0.0
5697.824456114029,-0.0010824145574588329,0.0
5698.649662415604,-0.0013436752487905324,0.0
5699.47486871718,-0.0016381203895434737,0.0
5700.300075018755,-0.00480614323168993,0.0
5701.12528132033,-0.007557416567578912,0.0
5701.950487621905,-0.008479763753712177,0.0
5702.775693923481,-0.008324785623699427,0.0
5703.600900225057,-0.007292400347068906,0.0
5704.426106526632,-0.008079256862401962,0.0
5705.251312828207,-0.010528117418289185,0.0
5706.076519129783,-0.013460454531013966,0.0
5706.9017254313585,-0.016487961634993553,0.0
5707.726931732934,-0.021968244574964046,0.0
5708.552138034509,-0.024223719723522663,0.0
5709.377344336084,-0.025345277972519398,0.0
5710.202550637659,-0.025174046866595745,0.0
5711.027756939235,-0.023520867340266705,0.0
5711.852963240811,-0.019432629458606243,0.0
5712.678169542386,-0.014218005817383528,0.0
5713.503375843961,-0.009213896933943033,0.0
5714.3285821455365,-0.004264093469828367,0.0
5715.153788447113,-0.0014370479620993137,0.0
5715.978994748688,0.000529926735907793,0.0
5716.804201050263,0.0019257026724517345,0.0
5717.629407351838,0.0019468367099761963,0.0
5718.454613653414,0.002442731522023678,0.0
5719.279819954989,0.0030639483593404293,0.0
5720.105026256564,0.004333569668233395,0.0
5720.930232558139,0.0052175745368003845,0.0
5721.7554388597155,0.005683406256139278,0.0
5722.580645161291,0.007388041354715824,0.0
5723.405851462866,0.007435144856572151,0.0
5724.231057764441,0.0067148348316550255,0.0
5725.056264066017,0.0058034565299749374,0.0
5725.881470367593,0.003760233987122774,0.0
5726.706676669168,0.0023695030249655247,0.0
5727.531882970743,0.0019853515550494194,0.0
5728.357089272318,0.000997424591332674,0.0
5729.1822955738935,0.0005453540943562984,0.0
5730.007501875469,0.002209570026025176,0.0
5730.832708177045,0.0037509931717067957,0.0
5731.65791447862,0.0038298906292766333,0.0
5732.483120780195,0.003212575800716877,0.0
5733.308327081771,0.002813363913446665,0.0
5734.133533383347,0.0035938327200710773,0.0
5734.958739684922,0.003783910069614649,0.0
5735.783945986497,0.0043984451331198215,0.0
5736.609152288072,0.004276661667972803,0.0
5737.434358589648,0.0035112695768475533,0.0
5738.259564891223,0.003273152280598879,0.0
5739.084771192798,0.003000131342560053,0.0
5739.909977494373,0.0034128758125007153,0.0
5740.7351837959495,0.0022793372627347708,0.0
5741.560390097525,0.00167320785112679,0.0
5742.3855963991,0.0003408496268093586,0.0
5743.210802700675,0.001935088075697422,0.0
5744.036009002251,0.002345683053135872,0.0
5744.861215303827,0.0023814074229449034,0.0
5745.686421605402,0.0014660810120403767,0.0
5746.511627906977,0.0006455723196268082,0.0
5747.336834208552,0.0,0.0
5748.162040510128,-0.000997424591332674,0.0
5748.987246811703,-0.0014527628663927317,0.0
5749.812453113278,-0.0025997647317126393,0.0
5750.637659414854,-0.0042384969419799745,0.0
5751.462865716429,-0.0061133201234042645,0.0
5752.288072018005,-0.006176014663651586,0.0
5753.113278319581,-0.007216140162199736,0.0
5753.938484621156,-0.009054688503965735,0.0
5754.763690922731,-0.008121563587337732,0.0
5755.5888972243065,-0.004969391040503979,0.0
5756.414103525882,-0.0009216920007020235,0.0
5757.239309827457,0.0006762364646419883,0.0
5758.064516129032,0.0013439320027828217,0.0
5758.889722430607,0.00030186655931174755,0.0
5759.714928732184,-0.0021199978655204177,0.0
5760.540135033759,-0.003507275483570993,0.0
5761.365341335334,-0.004186416801530868,0.0
5762.19054763691,-0.003914245520718396,0.0
5763.015753938485,-0.002292100165504962,0.0
5763.840960240061,-0.00141856080153957,0.0
5764.666166541636,0.0015189818223007023,0.0
5765.491372843211,0.003524437313899398,0.0
5766.316579144786,0.004383302293717861,0.0
5767.141785446362,0.005763710476458073,0.0
5767.966991747937,0.007651057559996843,0.0
5768.792198049512,0.00883992959279567,0.0
5769.617404351088,0.0062793942634016275,0.0
5770.4426106526635,0.00421167304739356,0.0
5771.267816954239,0.003143037552945316,0.0
5772.093023255815,0.001933588006068021,0.0
5772.91822955739,0.0015464458847418427,0.0
5773.743435858965,0.0015435368404723704,0.0
5774.568642160541,0.0010165008716285229,0.0
5775.393848462116,-0.00017350236885249615,0.0
5776.219054763691,-0.00031338329426944256,0.0
5777.044261065266,-0.0003209267742931843,0.0
5777.8694673668415,5.4484931752085686e-05,0.0
5778.694673668418,-0.0025999699719250202,0.0
5779.519879969993,-0.006750134751200676,0.0
5780.345086271568,-0.00978540163487196,0.0
5781.170292573144,-0.011555872857570648,0.0
5781.9954988747195,-0.015020906925201416,0.0
5782.820705176295,-0.015715081244707108,0.0
5783.64591147787,-0.014550166204571724,0.0
5784.471117779445,-0.013360521756112576,0.0
5785.29632408102,-0.014415953308343887,0.0
5786.121530382596,-0.012347791343927383,0.0
5786.946736684171,-0.00904319854453206,0.0
5787.771942985746,-0.008714144816622138,0.0
5788.597149287322,-0.007060169009491801,0.0
5789.4223555888975,-0.005273106042295694,0.0
5790.247561890473,-0.004779822425916791,0.0
5791.072768192049,-0.004736652015708387,0.0
5791.897974493624,-0.005424824426881969,0.0
5792.723180795199,-0.00371088448446244,0.0
5793.548387096775,-0.0017212465172633529,0.0
5794.37359339835,-0.0009019578574225307,0.0
5795.198799699925,-0.0018594233551993966,0.0
5796.0240060015,-0.002451530541293323,0.0
5796.849212303076,-0.0028359913267195225,0.0
5797.674418604652,-0.00310367438942194,0.0
5798.499624906227,-0.0010397342266514897,0.0
5799.324831207802,0.0005744917361880653,0.0
5800.150037509378,-0.001019647519569844,0.0
5800.9752438109535,-0.0010866837692447007,0.0
5801.800450112529,0.0012701339437626302,0.0
5802.625656414104,0.0014544142759405077,0.0
5803.450862715679,-0.0013676128000952303,0.0
5804.2760690172545,-0.0022512463037855923,0.0
5805.10127531883,-0.0030919870478101075,0.0
5805.926481620405,-0.004807092307601124,0.0
5806.75168792198,-0.0061393664800561965,0.0
5807.576894223556,-0.0027104353648610413,0.0
5808.402100525132,-0.0013934358139522374,0.0
5809.227306826707,3.804628795478493e-05,0.0
5810.052513128283,0.001410232434864156,0.0
5810.877719429858,0.0025911650591297075,0.0
5811.702925731433,0.0018241136640426703,0.0
5812.528132033009,0.0,0.0
5813.353338334584,-0.000781807757448405,0.0
5814.178544636159,-0.0009447909396840259,0.0
5815.003750937734,-0.002143251243978739,0.0
5815.82895723931,-0.0022203075932338834,0.0
5816.654163540886,-0.0021277446066960692,0.0
5817.479369842461,0.0,0.0
5818.304576144036,0.0030094007961452007,0.0
5819.129782445612,0.0035513238981366158,0.0
5819.954988747188,0.0036639595637097955,0.0
5820.780195048763,0.00520355673506856,0.0
5821.605401350338,0.005998870823532343,0.0
5822.430607651913,0.00469481386244297,0.0
5823.2558139534885,0.004812350030988455,0.0
5824.081020255064,0.003915105015039444,0.0
5824.906226556639,0.00447544502094388,0.0
5825.731432858214,0.0044504860416054726,0.0
5826.55663915979,0.004885280970484018,0.0
5827.381845461366,0.004116636700928211,0.0
5828.207051762941,0.0046767485328018665,0.0
5829.032258064517,0.006126092281192541,0.0
5829.857464366092,0.0057855150662362576,0.0
5830.6826706676675,0.005098931025713682,0.0
5831.507876969243,0.004767592065036297,0.0
5832.333083270818,0.004101607948541641,0.0
5833.158289572393,0.0033501721918582916,0.0
5833.983495873968,0.003465134184807539,0.0
5834.808702175544,0.0021432116627693176,0.0
5835.63390847712,0.00305075547657907,0.0
5836.459114778695,0.002770405262708664,0.0
5837.28432108027,0.0022823286708444357,0.0
5838.109527381846,0.002397199859842658,0.0
5838.934733683422,0.002730386797338724,0.0
5839.759939984997,0.004034103243611753,0.0
5840.585146286572,0.004291799967177212,0.0
5841.410352588147,0.004358464386314154,0.0
5842.235558889723,0.0039596883580088615,0.0
5843.060765191298,0.004985887091606855,0.0
5843.885971492873,0.004154876805841923,0.0
5844.711177794448,0.0016492547001689672,0.0
5845.536384096024,0.0006086856592446566,0.0
5846.3615903976,0.00012737943325191736,0.0
5847.186796699176,-4.9989321269094944e-05,0.0
5848.012003000751,0.0,0.0
5848.837209302326,0.00014298479072749615,0.0
5849.6624156039015,-0.0004055578028783202,0.0
5850.487621905477,-0.001927686098497361,0.0
5851.312828207052,-0.004019763902761042,0.0
5852.138034508627,-0.006337449885904789,0.0
5852.9632408102025,-0.0092810740461573,0.0
5853.788447111778,-0.010654689278453588,0.0
5854.613653413354,-0.012427818146534264,0.0
5855.438859714929,-0.013353270769584924,0.0
5856.264066016504,-0.012908394914120436,0.0
5857.0892723180805,-0.014617677894420922,0.0
5857.914478619656,-0.013999853981658816,0.0
5858.739684921231,-0.013601620274130255,0.0
5859.564891222806,-0.01112341450061649,0.0
5860.390097524381,-0.00804749087546952,0.0
5861.215303825957,-0.00593518529785797,0.0
5862.040510127532,-0.004068725887918845,0.0
5862.865716429107,-0.002735937829129398,0.0
5863.690922730682,-0.0005732446152251214,0.0
5864.5161290322585,-0.0015971566463122144,0.0
5865.341335333834,-0.0002274278667755425,0.0
5866.16654163541,0.0005732446152251214,0.0
5866.991747936985,0.0007309406719286926,0.0
5867.81695423856,0.001603123324457556,0.0
5868.642160540136,0.0011191959420102648,0.0
5869.467366841711,0.001991838827962056,0.0
5870.292573143286,0.00367718655616045,0.0
5871.117779444861,0.005211441079154611,0.0
5871.9429857464365,0.0048360449727624655,0.0
5872.768192048012,0.0035811661509796977,0.0
5873.593398349588,0.003658917994471267,0.0
5874.418604651163,0.005664566298946738,0.0
5875.243810952738,0.00712238484993577,0.0
5876.0690172543145,0.006502585951238871,0.0
5876.89422355589,0.004183980519883335,0.0
5877.719429857465,0.004740768461488187,0.0
5878.54463615904,0.005077473761048168,0.0
5879.3698424606155,0.004216907487716526,0.0
5880.195048762191,0.004055151715874672,0.0
5881.020255063766,0.005656137393089011,0.0
5881.845461365341,0.007060144343995489,0.0
5882.670667666916,0.005571321817114949,0.0
5883.495873968493,0.004471641965210438,0.0
5884.321080270068,0.0027423184365034103,0.0
5885.146286571644,-0.0012523573823273182,0.0
5885.971492873219,-0.008614073973149061,0.0
5886.796699174794,-0.020460120867937803,0.0
5887.62190547637,-0.03501660702750087,0.0
5888.447111777945,-0.05137394182384014,0.0
5889.27231807952,-0.06456832680851221,0.0
5890.097524381095,-0.07137950975447893,0.0
5890.922730682671,-0.07504323264583945,0.0
5891.747936984246,-0.07566182874143124,0.0
5892.573143285822,-0.07650214247405529,0.0
5893.398349587397,-0.07921862415969372,0.0
5894.223555888972,-0.0846171285957098,0.0
5895.048762190549,-0.09392148815095425,0.0
5895.873968492124,-0.10033064149320126,0.0
5896.699174793699,-0.09874617122113705,0.0
5897.524381095274,-0.08729830523952842,0.0
5898.3495873968495,-0.06732227047905326,0.0
5899.174793698425,-0.05086844926699996,0.0
5900.0,-0.041573000606149435,0.0
5900.825206301575,-0.038446889724582434,0.0
5901.650412603151,-0.034803499933332205,0.0
5902.475618904727,-0.032618658151477575,0.0
5903.300825206302,-0.02830622112378478,0.0
5904.126031507878,-0.020863050129264593,0.0
5904.951237809453,-0.013051010202616453,0.0
5905.7764441110285,-0.006864415947347879,0.0
5906.601650412604,-0.005613573361188173,0.0
5907.426856714179,-0.003135405946522951,0.0
5908.252063015754,8.771242573857307e-05,0.0
5909.077269317329,0.0010072889272123575,0.0
5909.902475618905,0.002499721013009548,0.0
5910.72768192048,0.0021916173864156008,0.0
5911.552888222056,0.0013944313395768404,0.0
5912.378094523631,-0.0008310978300869465,0.0
5913.2033008252065,-0.003078946378082037,0.0
5914.028507126783,-0.0035884585231542587,0.0
5914.853713428358,-0.0041051702573895454,0.0
5915.678919729933,-0.003019677009433508,0.0
5916.504126031508,-0.001762573141604662,0.0
5917.329332333084,0.0003033420071005821,0.0
5918.154538634659,0.0036548972129821777,0.0
5918.979744936234,0.004332689102739096,0.0
5919.804951237809,0.005006630788557231,0.0
5920.630157539385,0.0043458291329443455,0.0
5921.455363840961,0.002714615548029542,0.0
5922.280570142536,0.003145089838653803,0.0
5923.105776444112,0.003826397005468607,0.0
5923.930982745687,0.0034582323860377073,0.0
5924.7561890472625,0.0028477777959778905,0.0
5925.581395348838,0.0036438163369894028,0.0
5926.406601650413,0.001605473691597581,0.0
5927.231807951988,-0.0015516509301960468,0.0
5928.0570142535635,-0.001902963500469923,0.0
5928.882220555139,-0.0008343127556145191,0.0
5929.707426856714,-0.002743427292443812,0.0
5930.53263315829,-0.003426825860515237,0.0
5931.357839459865,-0.0028432440012693405,0.0
5932.183045761441,-0.002386244712397456,0.0
5933.008252063017,-0.0009653983870521188,0.0
5933.833458364592,-0.0005635586567223072,0.0
5934.658664666167,-0.0010989613365381956,0.0
5935.483870967742,0.000508537283167243,0.0
5936.309077269318,0.0008745606755837798,0.0
5937.134283570893,0.0021945221815258265,0.0
5937.959489872468,0.00375721778254956,0.0
5938.784696174043,0.0027172869158675894,0.0
5939.6099024756195,0.0017891860334202647,0.0
5940.435108777195,0.000991346314549446,0.0
5941.26031507877,0.0004929499700665474,0.0
5942.085521380346,-0.000548249576240778,0.0
5942.910727681921,0.0016720753628760576,0.0
5943.735933983497,0.002222264767624438,0.0
5944.561140285072,0.002807793909596512,0.0
5945.386346586647,0.0030713755113538355,0.0
5946.211552888222,0.0013695709640160203,0.0
5947.0367591897975,-0.0016306808684021235,0.0
5947.861965491373,-0.0037682794500142336,0.0
5948.687171792948,-0.003764769760891795,0.0
5949.512378094524,-0.004900116706266999,0.0
5950.337584396099,-0.006275229388847947,0.0
5951.162790697675,-0.006589780794456601,0.0
5951.987996999251,-0.006463796133175492,0.0
5952.813203300826,-0.006200384581461549,0.0
5953.638409602401,-0.006347473477944732,0.0
5954.4636159039765,-0.0064440087880939245,0.0
5955.288822205552,-0.004097229102626443,0.0
5956.114028507127,-0.0019539615605026484,0.0
5956.939234808702,-0.0019812893588095903,0.0
5957.764441110277,-0.002427132800221443,0.0
5958.589647411854,-0.0018733544275164604,0.0
5959.414853713429,-0.0005558293778449297,0.0
5960.240060015004,0.0004752532113343477,0.0
5961.06526631658,0.0023195135481728357,0.0
5961.890472618155,0.0028664631536230445,0.0
5962.715678919731,0.003712766570970416,0.0
5963.540885221306,0.0022042807249817997,0.0
5964.366091522881,0.0029576043598353863,0.0
5965.191297824456,0.003074218169786036,0.0
5966.016504126032,0.001897659560199827,0.0
5966.841710427607,0.002444093464873731,0.0
5967.666916729182,0.0044164733262732625,0.0
5968.492123030758,0.005691180587746203,0.0
5969.317329332333,0.0061876444378867745,0.0
5970.142535633909,0.006522155017592013,0.0
5970.967741935485,0.0054377325577661395,0.0
5971.79294823706,0.005986000061966479,0.0
5972.618154538635,0.005714526283554733,0.0
5973.4433608402105,0.003190942807123065,0.0
5974.268567141786,0.0011034926865249872,0.0
5975.093773443361,-0.0011376969050616026,0.0
5975.918979744936,-0.0033578150905668736,0.0
5976.7441860465115,-0.002549950499087572,0.0
5977.569392348088,-0.001492044422775507,0.0
5978.394598649663,0.0006499943556264043,0.0
5979.219804951238,0.0008322412613779306,0.0
5980.045011252814,0.0031695993966422975,0.0
5980.8702175543895,0.0036308312555775046,0.0
5981.695423855965,0.0006469162181019783,0.0
5982.52063015754,-0.0018825442530214787,0.0
5983.345836459115,-0.00585588626563549,0.0
5984.17104276069,-0.007643378339707851,0.0
5984.996249062266,-0.0036742044612765312,0.0
5985.821455363841,-0.002705077640712261,0.0
5986.646661665416,-0.0024607060477137566,0.0
5987.471867966992,-0.0004246619064360857,0.0
5988.2970742685675,3.8882484659552574e-05,0.0
5989.122280570143,0.0007286790059879422,0.0
5989.947486871719,0.0008562082657590508,0.0
5990.772693173294,0.0036016585072502494,0.0
5991.597899474869,0.004217204172164202,0.0
5992.423105776445,0.004194609937258065,0.0
5993.24831207802,0.004318814259022474,0.0
5994.073518379595,0.003805117798037827,0.0
5994.89872468117,0.003515797550790012,0.0
5995.7239309827455,0.002933337353169918,0.0
5996.549137284322,0.0023763650679029524,0.0
5997.374343585897,0.0009805269655771554,0.0
5998.199549887472,0.0016284881276078522,0.0
5999.024756189048,0.001693328726105392,0.0
5999.8499624906235,0.0013496034662239254,0.0
6000.675168792199,0.0008389184949919581,0.0
6001.500375093774,-0.00035979459062218666,0.0
6002.325581395349,-0.0006469162181019783,0.0
6003.150787696924,-0.0004710413049906492,0.0
6003.9759939985,-0.0003246299456804991,0.0
6004.801200300075,-0.001493152929469943,0.0
6005.62640660165,-0.002687856089323759,0.0
6006.451612903226,-0.004367537796497345,0.0
6007.2768192048015,-0.00551602290943265,0.0
6008.102025506377,-0.005886916071176529,0.0
6008.927231807953,-0.006071384064853191,0.0
6009.752438109528,-0.004948493093252182,0.0
6010.577644411103,-0.0036166185745969415,0.0
6011.402850712679,-0.00368779303971678,0.0
6012.228057014254,-0.00264155853074044,0.0
6013.053263315829,-0.0016779517754912376,0.0
6013.878469617404,-0.003233285970054567,0.0
6014.70367591898,-0.003970556310378015,0.0
6015.528882220556,-0.00376591959502548,0.0
6016.354088522131,-0.0033430628245696425,0.0
6017.179294823706,-0.0039408577722497284,0.0
6018.004501125282,-0.005314350768458098,0.0
6018.829707426858,-0.006121971004176885,0.0
6019.654913728433,-0.006776407710276544,0.0
6020.480120030008,-0.00774577452102676,0.0
6021.305326331583,-0.009972281754016876,0.0
6022.1305326331585,-0.010636905557475984,0.0
6022.955738934734,-0.010203802841715515,0.0
6023.780945236309,-0.008599354303441942,0.0
6024.606151537884,-0.006794923800043762,0.0
6025.43135783946,-0.005268819630146027,0.0
6026.256564141036,-0.002785117831081152,0.0
6027.081770442611,-0.0008399469079449773,0.0
6027.906976744187,0.0011350845452398062,0.0
6028.732183045762,0.0020815845346078277,0.0
6029.557389347337,0.0010845657670870423,0.0
6030.382595648913,0.0024959230795502663,0.0
6031.207801950488,0.0029614372178912163,0.0
6032.033008252063,0.002105439081788063,0.0
6032.858214553638,0.004007487324997783,0.0
6033.683420855214,0.0058667517732828856,0.0
6034.50862715679,0.006719347555190325,0.0
6035.333833458365,0.0058384297881275415,0.0
6036.15903975994,0.005746270064264536,0.0
6036.984246061516,0.004346816800534725,0.0
6037.809452363092,0.003588962834328413,0.0
6038.634658664667,0.002815662184730172,0.0
6039.459864966242,0.0010536250192672014,0.0
6040.285071267817,-0.0003391632344573736,0.0
6041.110277569393,-0.0012306091375648975,0.0
6041.935483870968,-0.000684461323544383,0.0
6042.760690172543,0.0009418502449989319,0.0
6043.585896474118,0.001088505145162344,0.0
6044.411102775694,0.00248934468254447,0.0
6045.23630907727,0.0035588438622653484,0.0
6046.061515378845,0.004384309984743595,0.0
6046.886721680421,0.005627118982374668,0.0
6047.711927981996,0.0053135668858885765,0.0
6048.5371342835715,0.004712391644716263,0.0
6049.362340585147,0.003478772472590208,0.0
6050.187546886722,0.00333977397531271,0.0
6051.012753188297,0.004413607530295849,0.0
6051.837959489872,0.004469769075512886,0.0
6052.663165791448,0.0026936382055282593,0.0
6053.488372093024,0.000701740849763155,0.0
6054.313578394599,-0.0014972544740885496,0.0
6055.138784696174,-0.0005256324075162411,0.0
6055.96399099775,-0.0006335009820759296,0.0
6056.789197299326,-0.0007413893472403288,0.0
6057.614403600901,-0.000511127058416605,0.0
6058.439609902476,0.001224712934345007,0.0
6059.264816204051,0.002762892749160528,0.0
6060.090022505627,0.0025983108207583427,0.0
6060.915228807202,0.0011897417716681957,0.0
6061.740435108777,-0.001529504545032978,0.0
6062.565641410352,-0.003437773324549198,0.0
6063.3908477119285,-0.005729782860726118,0.0
6064.216054013504,-0.006616675993427634,0.0
6065.041260315079,-0.008212727261707187,0.0
6065.866466616655,-0.008023100206628442,0.0
6066.69167291823,-0.003394532948732376,0.0
6067.516879219806,0.0006567486561834812,0.0
6068.342085521381,0.002548853401094675,0.0
6069.167291822956,0.0034280335530638695,0.0
6069.992498124531,0.0047672411892563105,0.0
6070.8177044261065,0.0075489734299480915,0.0
6071.642910727682,0.007927638944238424,0.0
6072.468117029258,0.0064559755846858025,0.0
6073.293323330833,0.007871590554714203,0.0
6074.118529632408,0.007925326004624367,0.0
6074.9437359339845,0.005322393495589495,0.0
6075.76894223556,0.003623570781201124,0.0
6076.594148537135,0.0025532632134854794,0.0
6077.41935483871,0.0,0.0
6078.244561140285,-0.0010183954145759344,0.0
6079.069767441861,-0.002634692471474409,0.0
6079.894973743436,-0.003279500175267458,0.0
6080.720180045011,-0.0032539102248847485,0.0
6081.545386346586,-0.003946979530155659,0.0
6082.3705926481625,-0.0038818572647869587,0.0
6083.195798949738,-0.0018536977004259825,0.0
6084.021005251313,-0.001908561447635293,0.0
6084.846211552889,-0.0011662477627396584,0.0
6085.671417854464,-0.001682531787082553,0.0
6086.49662415604,-0.002407511114142835,0.0
6087.321830457615,-0.0006003989838063717,0.0
6088.14703675919,-0.0007599578239023685,0.0
6088.972243060765,-0.0012583598727360368,0.0
6089.797449362341,-0.0017723009223118424,0.0
6090.622655663916,-0.002182171097956598,0.0
6091.447861965492,-3.879750147461891e-05,0.0
6092.273068267067,0.00242157606408,0.0
6093.098274568642,0.0023618610575795174,0.0
6093.923480870219,0.001283510122448206,0.0
6094.748687171794,0.0019014980643987656,0.0
6095.573893473369,0.003811303060501814,0.0
6096.399099774944,0.004185887984931469,0.0
6097.2243060765195,0.004361058585345745,0.0
6098.049512378095,0.0042657749727368355,0.0
6098.87471867967,0.0026343069039285183,0.0
6099.699924981245,-0.0014407522976398468,0.0
6100.52513128282,-0.005936271045356989,0.0
6101.350337584397,-0.010278592933900654,0.0
6102.175543885972,-0.012849007965996861,0.0
6103.000750187548,-0.013378572766669095,0.0
6103.825956489123,-0.011726077646017075,0.0
6104.651162790698,-0.009769656928256154,0.0
6105.476369092274,-0.006487808423116803,0.0
6106.301575393849,-0.0037918410962447524,0.0
6107.126781695424,-4.422524943947792e-05,0.0
6107.951987996999,0.0022694191429764032,0.0
6108.777194298575,0.0031747936736792326,0.0
6109.60240060015,0.0032185332383960485,0.0
6110.427606901726,0.003554215421900153,0.0
6111.252813203301,0.0037925716023892164,0.0
6112.0780195048765,0.004886233480647206,0.0
6112.903225806453,0.0053614305797964334,0.0
6113.728432108028,0.0053107161074876785,0.0
6114.553638409603,0.0051866385620087385,0.0
6115.378844711178,0.004739807220175862,0.0
6116.204051012754,0.0038721358869224787,0.0
6117.029257314329,0.0012769093737006187,0.0
6117.854463615904,0.0003059571608901024,0.0
6118.679669917479,-0.0015984512283466756,0.0
6119.5048762190545,-0.006236940389499068,0.0
6120.330082520631,-0.008477643830701709,0.0
6121.155288822206,-0.009684998309239745,0.0
6121.980495123782,-0.010712204733863473,0.0
6122.805701425357,-0.009769773343577981,0.0
6123.6309077269325,-0.006886406685225666,0.0
6124.456114028508,-0.002354540571104735,0.0
6125.281320330083,0.00047706649638712406,0.0
6126.106526631658,0.0019846458453685045,0.0
6126.931732933233,0.0004086130647920072,0.0
6127.756939234809,0.002190537634305656,0.0
6128.582145536384,0.002160789677873254,0.0
6129.40735183796,0.003506098873913288,0.0
6130.232558139535,0.0038035960751585662,0.0
6131.0577644411105,0.0048145324108190835,0.0
6131.882970742687,0.0051772037404589355,0.0
6132.708177044262,0.001648081379244104,0.0
6133.533383345837,0.0011679109156830236,0.0
6134.358589647412,-0.003471507749054581,0.0
6135.183795948988,-0.011270161077845842,0.0
6136.009002250563,-0.016819524869788438,0.0
6136.834208552138,-0.018555357411969453,0.0
6137.659414853713,-0.017825282469857484,0.0
6138.484621155289,-0.01616264070617035,0.0
6139.309827456865,-0.015552592754829675,0.0
6140.13503375844,-0.012762670696247369,0.0
6140.960240060016,-0.005983505223412067,0.0
6141.785446361591,-0.003139783220831305,0.0
6142.610652663167,-0.0012166398810222745,0.0
6143.435858964742,-0.00034881546162068844,0.0
6144.261065266317,0.0016140879306476563,0.0
6145.086271567892,0.004087907844223082,0.0
6145.9114778694675,0.005410311627201736,0.0
6146.736684171043,0.00547459430526942,0.0
6147.561890472618,0.0058639299822971225,0.0
6148.387096774194,0.002150326210539788,0.0
6149.212303075769,-3.129034303128719e-05,0.0
6150.037509377345,0.001016391848679632,0.0
6150.862715678921,0.004021110129542649,0.0
6151.687921980496,0.00495222897734493,0.0
6152.513128282071,0.003992012818343937,0.0
6153.338334583646,0.00310759455896914,0.0
6154.163540885222,0.0024817491066642106,0.0
6154.988747186797,0.0030769837321713567,0.0
6155.813953488372,0.003480041050352156,0.0
6156.639159789947,0.004136390169151127,0.0
6157.4643660915235,0.001491052404162474,0.0
6158.289572393099,-0.0034666777355596423,0.0
6159.114778694674,-0.009920155978761613,0.0
6159.93998499625,-0.01520912570413202,0.0
6160.765191297825,-0.020423727459274232,0.0
6161.590397599401,-0.024184214300476015,0.0
6162.415603900976,-0.025734341121278703,0.0
6163.240810202551,-0.026153814396820962,0.0
6164.066016504126,-0.022407235926948488,0.0
6164.891222805702,-0.016456811921671033,0.0
6165.716429107277,-0.012888013618066907,0.0
6166.541635408852,-0.012486449675634503,0.0
6167.366841710428,-0.012653302634134889,0.0
6168.192048012003,-0.0126008375082165,0.0
6169.017254313579,-0.013773274840787053,0.0
6169.842460615155,-0.014879604103043675,0.0
6170.66766691673,-0.014167005545459688,0.0
6171.492873218305,-0.011035375646315515,0.0
6172.3180795198805,-0.005558104836381972,0.0
6173.143285821456,-0.0026329581742174923,0.0
6173.968492123031,-0.0014603969757445157,0.0
6174.793698424606,-0.003955544161726721,0.0
6175.618904726181,-0.0035380328336032107,0.0
6176.444111027758,-0.0024541980383219197,0.0
6177.269317329333,-0.0011783749359892681,0.0
6178.094523630908,-0.0003780499246204272,0.0
6178.919729932484,0.000604858054430224,0.0
6179.744936234059,0.001717260733130388,0.0
6180.570142535635,0.002583561174105853,0.0
6181.39534883721,0.003787653462495655,0.0
6182.220555138785,0.005939763388596475,0.0
6183.04576144036,0.0065002996707335114,0.0
6183.870967741936,0.006976602366194129,0.0
6184.696174043511,0.006083481712266803,0.0
6185.521380345086,0.005369440885260701,0.0
6186.346586646662,0.004233529209159315,0.0
6187.171792948237,0.003237829718273133,0.0
6187.996999249813,0.00022609718143939972,0.0
6188.822205551389,-0.003552077803760767,0.0
6189.647411852964,-0.006458648014813662,0.0
6190.472618154539,-0.008698912803083658,0.0
6191.2978244561145,-0.009154855739325285,0.0
6192.12303075769,-0.007071907166391611,0.0
6192.948237059265,-0.005414135288447142,0.0
6193.77344336084,-0.0006453476380556822,0.0
6194.5986496624155,0.0028972098371014,0.0
6195.423855963992,0.00590311479754746,0.0
6196.249062265567,0.007266978267580271,0.0
6197.074268567142,0.006166618783026934,0.0
6197.899474868718,0.004741904325783253,0.0
6198.7246811702935,0.0033367088180966675,0.0
6199.549887471869,1.629977487027645e-05,0.0
6200.375093773444,-0.0003882239107042551,0.0
6201.200300075019,0.0019398758449824527,0.0
6202.025506376594,0.0026682265452109277,0.0
6202.85071267817,0.004107492510229349,0.0
6203.675918979745,0.004744708770886064,0.0
6204.50112528132,0.007446681847795844,0.0
6205.326331582896,0.008710929891094565,0.0
6206.1515378844715,0.008456601994112134,0.0
6206.976744186047,0.009409879567101598,0.0
6207.801950487623,0.008836227236315608,0.0
6208.627156789198,0.00642752624116838,0.0
6209.452363090773,0.005446873838081956,0.0
6210.277569392349,0.003622437478043139,0.0
6211.102775693924,0.0005759298801422119,0.0
6211.927981995499,-0.0014091285411268473,0.0
6212.753188297074,-0.0038275897968560457,0.0
6213.5783945986495,-0.006294553633779287,0.0
6214.403600900226,-0.006191309541463852,0.0
6215.228807201801,-0.0047490939032286406,0.0
6216.054013503376,-0.005577608477324247,0.0
6216.879219804952,-0.005551175447180867,0.0
6217.7044261065275,-0.004330548224970698,0.0
6218.529632408103,-0.003200801555067301,0.0
6219.354838709678,-0.0006957706063985825,0.0
6220.180045011253,-0.000811347272247076,0.0
6221.0052513128285,-0.00029484694823622704,0.0
6221.830457614404,0.0024088143836706877,0.0
6222.655663915979,0.006800693867262453,0.0
6223.480870217554,0.007319733791518956,0.0
6224.30607651913,0.007540507009252906,0.0
6225.131282820706,0.009218027582392097,0.0
6225.956489122281,0.008883459959179163,0.0
6226.781695423857,0.007505643297918141,0.0
6227.606901725432,0.004099515033885837,0.0
6228.432108027007,-0.0002431785687804222,0.0
6229.257314328583,-0.005232876166701317,0.0
6230.082520630158,-0.00826993677765131,0.0
6230.907726931733,-0.008587854914367199,0.0
6231.732933233308,-0.007934508845210075,0.0
6232.558139534884,-0.0036086123436689377,0.0
6233.38334583646,0.0002604769542813301,0.0
6234.208552138035,0.00448132015299052,0.0
6235.03375843961,0.007511449162848294,0.0
6235.858964741186,0.007493414916098118,0.0
6236.684171042762,0.004708973690867424,0.0
6237.509377344337,0.0025764203164726496,0.0
6238.334583645912,0.0022385353222489357,0.0
6239.159789947487,0.00020547211170196533,0.0
6239.9849962490625,-0.0034389598295092583,0.0
6240.810202550638,-0.0055852485820651054,0.0
6241.635408852213,-0.006152925081551075,0.0
6242.460615153788,-0.008569597266614437,0.0
6243.285821455364,-0.00970800081267953,0.0
6244.11102775694,-0.010842829011380672,0.0
6244.936234058515,-0.010258307214826345,0.0
6245.761440360091,-0.007637349888682365,0.0
6246.586646661666,-0.0072801061905920506,0.0
6247.4118529632415,-0.004072922747582197,0.0
6248.237059264817,-0.0002674013376235962,0.0
6249.062265566392,0.0009908895008265972,0.0
6249.887471867967,-0.0003600367344915867,0.0
6250.712678169542,-0.0027011926285922527,0.0
6251.537884471118,-0.005250686313956976,0.0
6252.363090772694,-0.008160256315022707,0.0
6253.188297074269,-0.010893164668232203,0.0
6254.013503375844,-0.012471702415496111,0.0
6254.83870967742,-0.01265423558652401,0.0
6255.663915978996,-0.012915926054120064,0.0
6256.489122280571,-0.010924330912530422,0.0
6257.314328582146,-0.008940351195633411,0.0
6258.139534883721,-0.00456999521702528,0.0
6258.964741185297,-0.00024495553225278854,0.0
6259.789947486872,0.0012444639578461647,0.0
6260.615153788447,0.0033102123998105526,0.0
6261.440360090022,0.004992990754544735,0.0
6262.265566391598,0.005947132594883442,0.0
6263.090772693174,0.005964019801467657,0.0
6263.915978994749,0.0061055198311805725,0.0
6264.741185296325,0.0048080915585160255,0.0
6265.5663915979,0.003550941590219736,0.0
6266.3915978994755,0.003884339239448309,0.0
6267.216804201051,0.00621383567340672,0.0
6268.042010502626,0.007074471446685493,0.0
6268.867216804201,0.0066828347044065595,0.0
6269.6924231057765,0.008258604822913185,0.0
6270.517629407352,0.008141806087223813,0.0
6271.342835708928,0.0076645525405183434,0.0
6272.168042010503,0.0076650569681078196,0.0
6272.993248312078,0.00947387277847156,0.0
6273.8184546136545,0.011633558082394302,0.0
6274.64366091523,0.012829294195398688,0.0
6275.468867216805,0.011974285240285099,0.0
6276.29407351838,0.011532152362633497,0.0
6277.119279819955,0.007464398397132754,0.0
6277.944486121531,0.0028520263731479645,0.0
6278.769692423106,-0.0006919307634234428,0.0
6279.594898724681,-0.003466903232038021,0.0
6280.420105026256,-0.004837348125874996,0.0
6281.2453113278325,-0.006984317675232887,0.0
6282.070517629408,-0.009901702404022217,0.0
6282.895723930983,-0.012363161891698837,0.0
6283.720930232559,-0.012249731458723545,0.0
6284.546136534134,-0.012253227643668652,0.0
6285.37134283571,-0.01115743163973093,0.0
6286.196549137285,-0.010342665947973728,0.0
6287.02175543886,-0.010009265504777431,0.0
6287.846961740435,-0.009559495374560356,0.0
6288.6721680420105,-0.00678707379847765,0.0
6289.497374343586,-0.0063003189861774445,0.0
6290.322580645162,-0.007749232463538647,0.0
6291.147786946737,-0.005725023336708546,0.0
6291.972993248312,-0.004929853603243828,0.0
6292.7981995498885,-0.00577410077676177,0.0
6293.623405851464,-0.0073814489878714085,0.0
6294.448612153039,-0.007721535861492157,0.0
6295.273818454614,0.00621437793597579,0.0
6296.0990247561895,0.005711327772587538,0.0
6296.924231057765,0.005711327772587538,0.0
6297.74943735934,0.005711327772587538,0.0
6298.574643660915,0.005711327772587538,0.0
6299.39984996249,0.005711327772587538,0.0
6300.225056264067,0.00621437793597579,0.0
6301.050262565642,0.006416174583137035,0.0
6301.875468867217,0.007093080785125494,0.0
6302.700675168793,0.00740524847060442,0.0
6303.525881470368,0.00740524847060442,0.0
6304.351087771944,0.00740524847060442,0.0
6305.176294073519,0.00740524847060442,0.0
6306.001500375094,-0.00460190512239933,0.0
6306.826706676669,-0.004298589192330837,0.0
6307.651912978245,-0.003871602937579155,0.0
6308.47711927982,-0.0033192643895745277,0.0
6309.302325581396,-0.003429032862186432,0.0
6310.127531882971,-0.0038525937125086784,0.0
6310.952738184546,-0.0034379716962575912,0.0
6311.777944486123,-0.0032109785825014114,0.0
6312.603150787698,-0.004154432564973831,0.0
6313.428357089273,-0.005096291657537222,0.0
6314.253563390848,-0.006871416233479977,0.0
6315.0787696924235,-0.008459296077489853,0.0
6315.903975993999,-0.009767215233296156,0.0
6316.729182295574,-0.011699051363393664,0.0
6317.554388597149,-0.011277384590357542,0.0
6318.3795948987245,-0.01241914473939687,0.0
6319.204801200301,-0.011866666260175407,0.0
6320.030007501876,-0.0086899803718552,0.0
6320.855213803451,-0.007093080785125494,0.0
6321.680420105027,-0.006416174583137035,0.0
6322.5056264066025,-0.005619266536086798,0.0
6323.330832708178,-0.0019053523428738117,0.0
6324.156039009753,-0.00032026099506765604,0.0
6324.981245311328,4.658856050809845e-05,0.0
6325.806451612903,0.00348773249424994,0.0
6326.631657914479,0.005712638609111309,0.0
6327.456864216054,0.005401248577982187,0.0
6328.28207051763,0.004489338491111994,0.0
6329.107276819205,0.003452157601714134,0.0
6329.9324831207805,0.0025734538212418556,0.0
6330.757689422357,0.0036902306601405144,0.0
6331.582895723932,0.0037116343155503273,0.0
6332.408102025507,0.00234112236648798,0.0
6333.233308327082,-0.0007027137326076627,0.0
6334.058514628658,-0.0033628104720264673,0.0
6334.883720930233,-0.00740524847060442,0.0
6335.708927231808,-0.010864653624594212,0.0
6336.534133533383,-0.009570918045938015,0.0
6337.3593398349585,-0.009257156401872635,0.0
6338.184546136535,-0.006235378794372082,0.0
6339.00975243811,-0.0012062833411619067,0.0
6339.834958739685,0.0010568046709522605,0.0
6340.660165041261,0.0006005892064422369,0.0
6341.4853713428365,0.0019922929350286722,0.0
6342.310577644412,0.0034316303208470345,0.0
6343.135783945987,0.0029224820900708437,0.0
6343.960990247562,0.0017980923876166344,0.0
6344.7861965491375,0.0017329713227809407,0.0
6345.611402850713,0.0010366225324105471,0.0
6346.436609152288,0.00046211201697587967,0.0
6347.261815453864,0.0017424620455130935,0.0
6348.087021755439,0.0038067481946200132,0.0
6348.9122280570145,0.006009907694533467,0.0
6349.737434358591,0.005669181817211211,0.0
6350.562640660166,0.00398274464532733,0.0
6351.387846961741,0.0031371230725198984,0.0
6352.213053263316,0.003747016889974475,0.0
6353.038259564892,0.0022056507878005505,0.0
6353.863465866467,0.0,0.0
6354.688672168042,-0.0006476340349763632,0.0
6355.513878469617,-0.0023493794433306903,0.0
6356.339084771193,-0.003811874077655375,0.0
6357.164291072769,-0.005723308073356748,0.0
6357.989497374344,-0.006407635053619742,0.0
6358.81470367592,-0.002695478033274412,0.0
6359.639909977495,-0.002695478033274412,0.0
6360.465116279071,-0.002695478033274412,0.0
6361.290322580646,-0.002695478033274412,0.0
6362.115528882221,-0.002582571585662663,0.0
6362.940735183796,-0.0025568464770913124,0.0
6363.7659414853715,-0.0024406807497143745,0.0
6364.591147786947,-0.0020669898949563503,0.0
6365.416354088522,-0.0020652366802096367,0.0
6366.241560390098,-0.0019922929350286722,0.0
6367.066766691673,-0.0019258197862654924,0.0
6367.891972993249,-0.0019258197862654924,0.0
6368.717179294825,-0.0019922929350286722,0.0
6369.5423855964,0.0005264526698738337,0.0
6370.367591897975,0.0006367696914821863,0.0
6371.19279819955,0.0010007729288190603,0.0
6372.018004501126,0.0014855512417852879,0.0
6372.843210802701,0.0023046142887324095,0.0
6373.668417104276,0.0027644087094813585,0.0
6374.493623405851,0.0029127371963113546,0.0
6375.318829707427,0.0030992364045232534,0.0
6376.144036009003,0.00304553029127419,0.0
6376.969242310578,0.00411025364883244,0.0
6377.794448612154,0.005948224337771535,0.0
6378.619654913729,0.005767978494986892,0.0
6379.444861215305,0.005924458848312497,0.0
6380.27006751688,0.0056295436806976795,0.0
6381.095273818455,0.005265223560854793,0.0
6381.92048012003,0.00570454471744597,0.0
6382.745686421606,0.005101213464513421,0.0
6383.570892723181,0.004702454200014472,0.0
6384.396099024756,0.004610053263604641,0.0
6385.221305326332,0.005294534843415022,0.0
6386.046511627907,0.006894036894664168,0.0
6386.871717929483,0.00829504244029522,0.0
6387.696924231059,0.008218095172196627,0.0
6388.522130532634,0.00701942341402173,0.0
6389.347336834209,0.005384738091379404,0.0
6390.1725431357845,0.0026762152556329966,0.0
6390.99774943736,-0.0008751475252211094,0.0
6391.822955738935,-0.0012963589979335666,0.0
6392.64816204051,-0.002671696012839675,0.0
6393.473368342085,-0.003948213125113398,0.0
6394.298574643661,-0.003503484040265903,0.0
6395.123780945237,-0.0018436809768900275,0.0
6395.948987246812,0.00023320247419178486,0.0
6396.774193548388,-0.0011448280420154333,0.0
6397.599399849963,-0.0018276285845786333,0.0
6398.424606151539,-0.003351949097122997,0.0
6399.249812453114,-0.005085482262074947,0.0
6400.075018754689,-0.005915788002312183,0.0
6400.900225056264,-0.005530265625566244,0.0
6401.72543135784,-0.004102455452084541,0.0
6402.550637659415,-0.0002341587096452713,0.0
6403.37584396099,0.004596297862008214,0.0
6404.201050262566,0.006686436245217919,0.0
6405.0262565641415,0.00597831723280251,0.0
6405.851462865717,0.005198267521336675,0.0
6406.676669167293,0.0031558871269226074,0.0
6407.501875468868,0.0015455838292837143,0.0
6408.327081770443,0.00016774982213974,0.0
6409.152288072019,-0.002154782647266984,0.0
6409.977494373594,-0.003879963216604665,0.0
6410.802700675169,-0.004776531597599387,0.0
6411.627906976744,-0.005396224791184068,0.0
6412.4531132783195,-0.0030456383246928453,0.0
6413.278319579896,-0.0015639569610357285,0.0
6414.103525881471,-0.00032743578776717186,0.0
6414.928732183046,0.0024451136123389006,0.0
6415.753938484622,0.003169737057760358,0.0
6416.5791447861975,0.002752171829342842,0.0
6417.404351087773,0.0008801436051726341,0.0
6418.229557389348,-0.0008348587434738874,0.0
6419.054763690923,-0.0016651926562190056,0.0
6419.879969992498,-0.0037209511501714587,0.0
6420.705176294074,-0.003921080147847533,0.0
6421.530382595649,-0.0025641784886829555,0.0
6422.355588897224,-9.952916298061609e-05,0.0
6423.1807951988,0.002906924462877214,0.0
6424.0060015003755,0.005867525935173035,0.0
6424.831207801951,0.008771650493144989,0.0
6425.656414103527,0.009219406871125102,0.0
6426.481620405102,0.00900330871809274,0.0
6427.306826706677,0.007271612994372845,0.0
6428.132033008253,0.0018276285845786333,0.0
6428.957239309828,-0.0008247790392488241,0.0
6429.782445611403,-0.0003449955256655812,0.0
6430.607651912978,-0.0016304603195749223,0.0
6431.432858214554,-0.0022360565490089357,0.0
6432.25806451613,-0.0012220004427945241,0.0
6433.083270817705,-0.0006252733874134719,0.0
6433.90847711928,0.002679628087207675,0.0
6434.733683420856,0.003538688411936164,0.0
6435.558889722432,0.0031414267141371965,0.0
6436.384096024007,9.705708362162113e-05,0.0
6437.209302325582,-0.0023817765177227557,0.0
6438.034508627157,-0.0029478997457772493,0.0
6438.8597149287325,-0.002396802883595228,0.0
6439.684921230308,-0.001161291089374572,0.0
6440.510127531883,0.00040440959855914116,0.0
6441.335333833458,0.0030456383246928453,0.0
6442.160540135034,0.006977730663493276,0.0
6442.98574643661,0.008212244254536927,0.0
6443.810952738185,0.010080716339871287,0.0
6444.636159039761,0.010189681430347264,0.0
6445.461365341336,0.009625245933420956,0.0
6446.286571642911,0.00707986403722316,0.0
6447.111777944487,0.0033922778675332665,0.0
6447.936984246062,0.00039074773667380214,0.0
6448.762190547637,-0.0034792579826898873,0.0
6449.587396849212,-0.004372668685391545,0.0
6450.412603150788,-0.0041412662249058485,0.0
6451.237809452364,-0.003851114772260189,0.0
6452.063015753939,-0.00023921357933431864,0.0
6452.888222055514,0.0016489846166223288,0.0
6453.71342835709,0.0011109589831903577,0.0
6454.538634658666,0.0006545063224621117,0.0
6455.363840960241,-0.0004601499895215966,0.0
6456.189047261816,-0.0007375533750746399,0.0
6457.014253563391,0.0015188200923148543,0.0
6457.839459864967,0.001662659051362425,0.0
6458.664666166542,0.00034143923403462395,0.0
6459.489872468117,0.0006596733437618241,0.0
6460.315078769692,-0.0021666833854396828,0.0
6461.140285071268,-0.005397811182774603,0.0
6461.965491372844,-0.007061674812575802,0.0
6462.790697674419,-0.007403548865113407,0.0
6463.615903975995,-0.006577061760253855,0.0
6464.44111027757,-0.0045156763117120136,0.0
6465.2663165791455,-0.0008676722463860642,0.0
6466.091522880721,0.0021739931871707086,0.0
6466.916729182296,0.005441669989522779,0.0
6467.741935483871,0.004849449891480617,0.0
6468.567141785446,0.0030659167969133705,0.0
6469.392348087022,-0.00012901765876449645,0.0
6470.217554388598,-0.002538645756430924,0.0
6471.042760690173,-0.0018727155984379351,0.0
6471.867966991748,-0.00239193148445338,0.0
6472.693173293324,-0.0034830437507480383,0.0
6473.5183795949,-0.0036324524553492665,0.0
6474.343585896475,-0.0016510311397723854,0.0
6475.16879219805,0.001164766803412931,0.0
6475.993998499625,0.002805264259222895,0.0
6476.819204801201,0.0023682627943344414,0.0
6477.644411102776,0.0003162300563417375,0.0
6478.469617404351,-0.0017541152774356306,0.0
6479.294823705926,-0.0022053098073229194,0.0
6480.1200300075025,-0.0030132592655718327,0.0
6480.945236309078,-0.003997915890067816,0.0
6481.770442610653,-0.005613303976133466,0.0
6482.595648912229,-0.005480442836415023,0.0
6483.420855213804,-0.003298275114502758,0.0
6484.24606151538,-0.0019706617458723485,0.0
6485.071267816955,0.0007768371724523604,0.0
6485.89647411853,0.002512723731342703,0.0
6486.721680420105,0.004683314880821854,0.0
6487.5468867216805,0.005221240106038749,0.0
6488.372093023256,0.004618247039616108,0.0
6489.197299324832,0.0025828901561908424,0.0
6490.022505626407,-0.0021570498356595635,0.0
6490.847711927982,-0.0074832558166235685,0.0
6491.6729182295585,-0.012994852382689714,0.0
6492.498124531134,-0.019355412106961012,0.0
6493.323330832709,-0.026853931602090597,0.0
6494.148537134284,-0.03309114743024111,0.0
6494.973743435859,-0.03562143549788743,0.0
6495.798949737435,-0.0341876361053437,0.0
6496.62415603901,-0.031551570747978985,0.0
6497.449362340585,-0.027561462484300137,0.0
6498.27456864216,-0.02251833025366068,0.0
6499.0997749437365,-0.016341598238795996,0.0
6499.924981245312,-0.012537848902866244,0.0
6500.750187546887,-0.007973788073286414,0.0
6501.575393848463,-0.002950839465484023,0.0
6502.400600150038,-0.0017446335405111313,0.0
6503.225806451614,-0.0001039265189319849,0.0
6504.051012753189,0.0009321237448602915,0.0
6504.876219054764,-0.0002795823384076357,0.0
6505.701425356339,-0.00035140709951519966,0.0
6506.526631657915,0.00013254373334348202,0.0
6507.35183795949,0.0014456540811806917,0.0
6508.177044261066,0.0034588336711749434,0.0
6509.002250562641,0.0038184592267498374,0.0
6509.827456864216,0.005015652626752853,0.0
6510.652663165793,0.0049632147420197725,0.0
6511.477869467368,0.005878600291907787,0.0
6512.303075768943,0.0061278874054551125,0.0
6513.128282070518,0.00455350533593446,0.0
6513.9534883720935,0.0025172712048515677,0.0
6514.778694673669,0.001853776746429503,0.0
6515.603900975244,0.00069580995477736,0.0
6516.429107276819,0.0004199373070150614,0.0
6517.254313578394,-0.0013795209815725684,0.0
6518.079519879971,-0.0025149508146569133,0.0
6518.904726181546,-0.0014624814502894878,0.0
6519.729932483121,-0.00017552787903696299,0.0
6520.555138784697,0.0022277573589235544,0.0
6521.380345086272,0.0014293314889073372,0.0
6522.205551387848,0.0022632775362581015,0.0
6523.030757689423,0.0021231721621006727,0.0
6523.855963990998,0.002737517235800624,0.0
6524.681170292573,0.0022781488951295614,0.0
6525.506376594149,0.0017601600848138332,0.0
6526.331582895724,0.0002832782920449972,0.0
6527.1567891973,-0.0007885443046689034,0.0
6527.981995498875,-0.00041621015407145023,0.0
6528.8072018004505,0.0003736005164682865,0.0
6529.632408102027,0.0014777013566344976,0.0
6530.457614403602,0.000555286998860538,0.0
6531.282820705177,0.0009163446957245469,0.0
6532.108027006752,0.0011436570202931762,0.0
6532.9332333083275,0.00027902110014110804,0.0
6533.758439609903,0.0007092106388881803,0.0
6534.583645911478,0.0010939569910988212,0.0
6535.408852213053,0.001104747410863638,0.0
6536.2340585146285,0.0005681267939507961,0.0
6537.059264816205,0.00030103360768407583,0.0
6537.88447111778,-0.00031710555776953697,0.0
6538.709677419355,-3.1717121601104736e-05,0.0
6539.534883720931,-0.001376282423734665,0.0
6540.3600900225065,-0.0016733596567064524,0.0
6541.185296324082,-0.00035571446642279625,0.0
6542.010502625657,-0.0015824201982468367,0.0
6542.835708927232,-0.0025530464481562376,0.0
6543.660915228807,-0.0034415998961776495,0.0
6544.486121530383,-0.006312379380688071,0.0
6545.311327831958,-0.00793315120972693,0.0
6546.136534133534,-0.007879978511482477,0.0
6546.961740435109,-0.008306688163429499,0.0
6547.7869467366845,-0.007813160074874759,0.0
6548.612153038261,-0.005946245044469833,0.0
6549.437359339836,-0.004878551699221134,0.0
6550.262565641411,-0.007723658112809062,0.0
6551.087771942986,-0.010046559385955334,0.0
6551.912978244562,-0.013157802633941174,0.0
6552.738184546137,-0.01518386323004961,0.0
6553.563390847712,-0.017239457927644253,0.0
6554.388597149287,-0.020946345292031765,0.0
6555.2138034508625,-0.024715016596019268,0.0
6556.039009752439,-0.028582274680957198,0.0
6556.864216054014,-0.03413370670750737,0.0
6557.689422355589,-0.041711844969540834,0.0
6558.514628657165,-0.05567627679556608,0.0
6559.3398349587405,-0.07614248455502093,0.0
6560.165041260316,-0.10161671182140708,0.0
6560.990247561891,-0.12462324788793921,0.0
6561.815453863466,-0.13973816623911262,0.0
6562.6406601650415,-0.14557524910196662,0.0
6563.465866466617,-0.13898766925558448,0.0
6564.291072768192,-0.12143222382292151,0.0
6565.116279069768,-0.09658498456701636,0.0
6565.941485371343,-0.07070134719833732,0.0
6566.766691672919,-0.05089704832062125,0.0
6567.591897974495,-0.03802065318450332,0.0
6568.41710427607,-0.031028715427964926,0.0
6569.242310577645,-0.026491531636565924,0.0
6570.06751687922,-0.022250558715313673,0.0
6570.892723180796,-0.01988438656553626,0.0
6571.717929482371,-0.018497164826840162,0.0
6572.543135783946,-0.01674180803820491,0.0
6573.368342085521,-0.014259883668273687,0.0
6574.193548387097,-0.012523917015641928,0.0
6575.018754688673,-0.011476445477455854,0.0
6575.843960990248,-0.008555767592042685,0.0
6576.669167291823,-0.005072688218206167,0.0
6577.494373593399,-0.0009969458915293217,0.0
6578.319579894975,0.0007682254072278738,0.0
6579.14478619655,-0.00012135948054492474,0.0
6579.969992498125,-0.0005571574438363314,0.0
6580.7951987997,0.00010742712765932083,0.0
6581.6204051012755,0.00101674092002213,0.0
6582.445611402851,0.0003139558248221874,0.0
6583.270817704426,-0.00013115420006215572,0.0
6584.096024006002,0.0005630964878946543,0.0
6584.921230307577,-0.0004524041432887316,0.0
6585.746436609153,-0.00045920186676084995,0.0
6586.571642910729,0.0014271554537117481,0.0
6587.396849212304,0.003201147308573127,0.0
6588.222055513879,0.003068881807848811,0.0
6589.0472618154545,0.0019664661958813667,0.0
6589.87246811703,-0.0004344796761870384,0.0
6590.697674418605,-0.004004420712590218,0.0
6591.52288072018,-0.007075559347867966,0.0
6592.348087021755,-0.009703289717435837,0.0
6593.173293323331,-0.011027909931726754,0.0
6593.998499624907,-0.010896641993895173,0.0
6594.823705926482,-0.00811669824179262,0.0
6595.648912228057,-0.0035428283736109734,0.0
6596.474118529633,-0.0013586431741714478,0.0
6597.299324831209,-0.001360007794573903,0.0
6598.124531132784,-0.00141359050758183,0.0
6598.949737434359,-0.0013965944526717067,0.0
6599.774943735934,0.000609103124588728,0.0
6600.60015003751,0.0033963080204557627,0.0
6601.425356339085,0.006208609789609909,0.0
6602.25056264066,0.005084593314677477,0.0
6603.075768942236,0.003116785839665681,0.0
6603.900975243811,0.0006582339992746711,0.0
6604.726181545387,-0.0007797264261171222,0.0
6605.551387846963,-0.001099883345887065,0.0
6606.376594148538,-0.0010834884596988559,0.0
6607.201800450113,-0.002309684408828616,0.0
6608.0270067516885,-0.0033607323421165347,0.0
6608.852213053264,-0.0034333467483520508,0.0
6609.677419354839,-0.0009467346826568246,0.0
6610.502625656414,-0.00015971437096595764,0.0
6611.3278319579895,0.00018373876810073853,0.0
6612.153038259565,-9.514857083559036e-05,0.0
6612.978244561141,0.0005341548239812255,0.0
6613.803450862716,0.0023867968266131356,0.0
6614.628657164292,0.0035181345883756876,0.0
6615.4538634658675,0.005140585475601256,0.0
6616.279069767443,0.004984515602700412,0.0
6617.104276069018,0.005658648791722953,0.0
6617.929482370593,0.006459901807829738,0.0
6618.754688672168,0.006296986131928861,0.0
6619.579894973744,0.0047204610928019974,0.0
6620.405101275319,0.0057028101255127694,0.0
6621.230307576894,0.006177378119900823,0.0
6622.05551387847,0.00453860116249416,0.0
6622.8807201800455,0.0018156740043195896,0.0
6623.705926481621,0.0025788008206291124,0.0
6624.531132783197,0.003294499678304419,0.0
6625.356339084772,0.002336064208066091,0.0
6626.181545386347,0.0014772760623600334,0.0
6627.006751687923,0.0003478777944110334,0.0
6627.831957989498,-0.00041223423613701016,0.0
6628.657164291073,7.357657887041569e-05,0.0
6629.482370592648,0.0005482281994773075,0.0
6630.3075768942235,0.0006886254122946411,0.0
6631.132783195799,-0.0019941610225941986,0.0
6631.957989497375,-0.003026703343493864,0.0
6632.78319579895,-0.003445660200668499,0.0
6633.608402100526,-0.003447412687819451,0.0
6634.4336084021015,-0.0028249166789464653,0.0
6635.258814703677,-0.0017786385724321008,0.0
6636.084021005252,-0.0007351556123467162,0.0
6636.909227306827,0.0002606721827760339,0.0
6637.7344336084025,0.0014708429807797074,0.0
6638.559639909978,0.002722054021432996,0.0
6639.384846211553,0.0017648044740781188,0.0
6640.210052513128,0.0010562898823991418,0.0
6641.035258814704,-0.0010600294408504851,0.0
6641.86046511628,-0.0037259861128404737,0.0
6642.685671417855,-0.006410563015379012,0.0
6643.510877719431,-0.006579858832992613,0.0
6644.336084021006,-0.0045721196802333,0.0
6645.161290322581,-0.0030738534405827522,0.0
6645.986496624157,-0.0028158201603218913,0.0
6646.811702925732,-0.001708508760202676,0.0
6647.636909227307,-4.145782440900803e-06,0.0
6648.462115528882,0.0009367992170155048,0.0
6649.287321830458,0.0018869610503315926,0.0
6650.112528132033,0.0024194144643843174,0.0
6650.937734433609,0.0011606768239289522,0.0
6651.762940735184,0.00035187159664928913,0.0
6652.58814703676,0.00048285210505127907,0.0
6653.413353338336,0.0015088941436260939,0.0
6654.238559639911,0.002714338479563594,0.0
6655.063765941486,0.0023526898585259914,0.0
6655.888972243061,0.0015401937998831272,0.0
6656.7141785446365,0.000694833230227232,0.0
6657.539384846212,0.0,0.0
6658.364591147787,4.423817154020071e-05,0.0
6659.189797449362,0.0004079591017216444,0.0
6660.015003750938,-0.0014382719673449174,0.0
6660.840210052514,-0.0038742932956665754,0.0
6661.665416354089,-0.0052039806032553315,0.0
6662.490622655665,-0.0037333223735913634,0.0
6663.31582895724,-0.006181683042086661,0.0
6664.1410352588155,-0.007906590588390827,0.0
6664.966241560391,-0.006905851769261062,0.0
6665.791447861966,-0.004935665288940072,0.0
6666.616654163541,-0.0020492823095992208,0.0
6667.441860465116,-0.0015234894917739439,0.0
6668.267066766692,-0.0008044032147154212,0.0
6669.092273068268,0.0,0.0
6669.917479369843,0.0010165711864829063,0.0
6670.742685671418,0.0013658537063747644,0.0
6671.567891972994,0.0012241022195667028,0.0
6672.39309827457,0.002326434478163719,0.0
6673.218304576145,0.0023185163736343384,0.0
6674.04351087772,0.0009216374019160867,0.0
6674.868717179295,-0.00038000638596713543,0.0
6675.693923480871,-0.0019531731377355754,0.0
6676.519129782446,-0.005155361024662852,0.0
6677.344336084021,-0.0073034565430134535,0.0
6678.169542385596,-0.008773247478529811,0.0
6678.994748687172,-0.007230057148262858,0.0
6679.819954988748,-0.006967468420043588,0.0
6680.645161290323,-0.005244651576504111,0.0
6681.470367591899,-0.0015699336508987471,0.0
6682.295573893474,8.256407454609871e-05,0.0
6683.1207801950495,0.0010599480010569096,0.0
6683.945986496625,0.001736618927679956,0.0
6684.7711927982,0.0008749839616939425,0.0
6685.596399099775,0.0012315738713368773,0.0
6686.4216054013505,0.0019050530390813947,0.0
6687.246811702926,0.0033509746426716447,0.0
6688.072018004502,0.003725676448084414,0.0
6688.897224306077,0.004038537270389497,0.0
6689.722430607652,0.004886802227701992,0.0
6690.5476369092285,0.004671329399570823,0.0
6691.372843210804,0.004400255915243179,0.0
6692.198049512379,0.0036058982950635254,0.0
6693.023255813954,0.0036428694729693234,0.0
6693.848462115529,0.002305820642504841,0.0
6694.673668417105,0.0007145960698835552,0.0
6695.49887471868,-0.0013898563920520246,0.0
6696.324081020255,-0.002037202357314527,0.0
6697.14928732183,-0.0005385580152506009,0.0
6697.9744936234065,5.011283792555332e-05,0.0
6698.799699924982,0.0016997751081362367,0.0
6699.624906226557,0.0018829632317647338,0.0
6700.450112528133,0.0019844906637445092,0.0
6701.275318829708,0.0013444198993965983,0.0
6702.100525131284,0.0014535934897139668,0.0
6702.925731432859,0.001061545335687697,0.0
6703.750937734434,-3.139069303870201e-05,0.0
6704.576144036009,-0.000710070482455194,0.0
6705.4013503375845,0.0005352376610971987,0.0
6706.22655663916,2.4813052732497454e-05,0.0
6707.051762940736,-0.002319254446774721,0.0
6707.876969242311,-0.001448334427550435,0.0
6708.702175543886,0.00030698234331794083,0.0
6709.5273818454625,0.001962150403414853,0.0
6710.352588147038,0.0012208649859530851,0.0
6711.177794448613,0.0005373553576646373,0.0
6712.003000750188,-0.0001295019899316685,0.0
6712.8282070517635,-0.0010888018441619352,0.0
6713.653413353339,-0.001857360199210234,0.0
6714.478619654914,-0.003507704081130214,0.0
6715.303825956489,-0.0038023563829483464,0.0
6716.129032258064,-0.004699388824519701,0.0
6716.9542385596405,-0.005392065111664124,0.0
6717.779444861216,-0.005721366964280605,0.0
6718.604651162791,-0.0051508961480521975,0.0
6719.429857464367,-0.00263363603153266,0.0
6720.255063765942,-0.0026281278987880796,0.0
6721.080270067518,-0.0030918150150682777,0.0
6721.905476369093,-0.0025583911628928035,0.0
6722.730682670668,-0.002598263876279816,0.0
6723.555888972243,-0.0002544538874644786,0.0
6724.381095273819,0.0006766752921976149,0.0
6725.206301575394,3.541918704286218e-05,0.0
6726.03150787697,-0.0009959158196579665,0.0
6726.856714178545,0.0009974199638236314,0.0
6727.68192048012,0.002416780829662457,0.0
6728.507126781697,0.0035079139342997223,0.0
6729.332333083272,0.004555395018542185,0.0
6730.157539384847,0.005136056483024731,0.0
6730.982745686422,0.0053362973558250815,0.0
6731.8079519879975,0.004212272731820121,0.0
6732.633158289573,0.0023593888035975397,0.0
6733.458364591148,-0.00028197397477924824,0.0
6734.283570892723,-0.0011428045690990984,0.0
6735.108777194298,-0.00019273313228040934,0.0
6735.933983495875,0.0024173659621737897,0.0
6736.75918979745,0.0032940113451331854,0.0
6737.584396099025,0.0010888018441619352,0.0
6738.409602400601,-0.0003223402891308069,0.0
6739.234808702176,-0.0015207771211862564,0.0
6740.060015003752,-0.0014194019604474306,0.0
6740.885221305327,-0.0024601053446531296,0.0
6741.710427606902,-0.004698952892795205,0.0
6742.535633908477,-0.002059787046164274,0.0
6743.360840210053,0.0001582528930157423,0.0
6744.186046511628,0.0,0.0
6745.011252813204,0.0005531172209884971,0.0
6745.836459114779,9.304378181695938e-05,0.0
6746.6616654163545,-0.00045699928887188435,0.0
6747.486871717931,-0.001985020935535431,0.0
6748.312078019506,-0.0035876010078936815,0.0
6749.137284321081,-0.0035775459837168455,0.0
6749.962490622656,-0.004033827921375632,0.0
6750.787696924232,-0.004042660119011998,0.0
6751.612903225807,-0.0019750394858419895,0.0
6752.438109527382,-0.0016019006725400686,0.0
6753.263315828957,-0.0013849768438376486,0.0
6754.0885221305325,-0.0007563107647001743,0.0
6754.913728432109,-0.0004988813889212906,0.0
6755.738934733684,0.0005893335328437388,0.0
6756.564141035259,0.001939408335601911,0.0
6757.389347336835,0.003954718471504748,0.0
6758.2145536384105,0.0027519176342138962,0.0
6759.039759939986,0.0014562615397153422,0.0
6759.864966241561,0.0010022764763562009,0.0
6760.690172543136,0.0018313390610273927,0.0
6761.515378844711,0.002133093890734017,0.0
6762.340585146287,0.001853924652095884,0.0
6763.165791447862,0.0023613382945768535,0.0
6763.990997749438,0.0021412175556179136,0.0
6764.816204051013,0.0006773564091417938,0.0
6765.6414103525885,-0.0010414266434963793,0.0
6766.466616654165,-0.0025306936877314,0.0
6767.29182295574,-0.0027341906970832497,0.0
6768.117029257315,-0.0025465543440077454,0.0
6768.94223555889,-0.0036897999816574156,0.0
6769.767441860466,-0.0034058220335282385,0.0
6770.592648162041,-0.0037171943695284426,0.0
6771.417854463616,-0.003263363672886044,0.0
6772.243060765191,-0.002041451691184193,0.0
6773.068267066767,7.481075590476394e-05,0.0
6773.893473368343,0.0018679519998840988,0.0
6774.718679669918,0.0011988544720225036,0.0
6775.543885971493,0.0016486052772961557,0.0
6776.369092273069,0.0025926054804585874,0.0
6777.194298574645,0.0038456557667814195,0.0
6778.01950487622,0.004036832368001342,0.0
6778.844711177795,0.0025013043778017163,0.0
6779.66991747937,0.0009248965652659535,0.0
6780.4951237809455,0.000888764625415206,0.0
6781.320330082521,0.0014483940321952105,0.0
6782.145536384096,0.00044395041186362505,0.0
6782.970742685672,-0.0015009506605565548,0.0
6783.795948987247,-0.003015481517650187,0.0
6784.621155288823,-0.0039017326198518276,0.0
6785.446361590399,-0.0027847883757203817,0.0
6786.271567891974,-0.003020808333531022,0.0
6787.096774193549,-0.0032315225107595325,0.0
6787.921980495124,-0.0015176151041487174,0.0
6788.7471867967,-0.00019557075574994087,0.0
6789.572393098275,0.00047158391680568457,0.0
6790.39759939985,0.0013861407060176134,0.0
6791.222805701425,0.0009384765289723873,0.0
6792.048012003001,-0.0004964773543179035,0.0
6792.873218304577,-0.00044395041186362505,0.0
6793.698424606152,0.0007459910120815039,0.0
6794.523630907727,0.0006034758407622576,0.0
6795.348837209303,-0.0005864339764229953,0.0
6796.174043510879,-0.0003382581053301692,0.0
6796.999249812454,0.0008163729216903448,0.0
6797.824456114029,-0.0005504967411980033,0.0
6798.649662415604,-0.0014010502345627174,0.0
6799.47486871718,-0.00023239292204380035,0.0
6800.300075018755,0.0,0.0
6801.12528132033,8.186663035303354e-05,0.0
6801.950487621906,0.001317715155892074,0.0
6802.775693923481,0.0009899853030219674,0.0
6803.600900225057,0.0007803425542078912,0.0
6804.426106526633,-0.00010626204311847687,0.0
6805.251312828208,-0.001434777062968351,0.0
6806.076519129783,-0.0008457160438410938,0.0
6806.9017254313585,-0.0005170893855392933,0.0
6807.726931732934,-0.0009161254274658859,0.0
6808.552138034509,-0.001136918959673494,0.0
6809.377344336084,-0.0016847664228407666,0.0
6810.202550637659,-0.0009425164898857474,0.0
6811.027756939235,-0.0010023312643170357,0.0
6811.852963240811,0.0002436366630718112,0.0
6812.678169542386,0.001575017930008471,0.0
6813.503375843961,0.0005628870567306876,0.0
6814.328582145537,0.00010747823398560286,0.0
6815.153788447113,0.000434978399425745,0.0
6815.978994748688,0.0006403947481885552,0.0
6816.804201050263,0.00027871469501405954,0.0
6817.629407351838,0.0012222756631672382,0.0
6818.454613653414,0.0009771445766091347,0.0
6819.279819954989,0.0013418542221188545,0.0
6820.105026256564,0.002926247427240014,0.0
6820.93023255814,0.002105418825522065,0.0
6821.7554388597155,0.001335938519332558,0.0
6822.580645161291,0.0021187374950386584,0.0
6823.405851462867,0.003247158892918378,0.0
6824.231057764442,0.0041047323029488325,0.0
6825.056264066017,0.002876580983866006,0.0
6825.881470367593,0.0010729191126301885,0.0
6826.706676669168,-0.0004158195952186361,0.0
6827.531882970743,-0.002437575545627624,0.0
6828.357089272318,-0.0008879490342224017,0.0
6829.1822955738935,0.0007921363430796191,0.0
6830.007501875469,0.0018165152141591534,0.0
6830.832708177045,0.002601525033242069,0.0
6831.65791447862,0.0025633394106989726,0.0
6832.483120780195,0.0015985311329131946,0.0
6833.3083270817715,-0.000354244009940885,0.0
6834.133533383347,-0.0010019492328865454,0.0
6834.958739684922,-0.0010286651813657954,0.0
6835.783945986497,-0.0014344063820317388,0.0
6836.609152288072,-0.0021243414958007634,0.0
6837.434358589648,-0.0042477851384319365,0.0
6838.259564891223,-0.005989542696624994,0.0
6839.084771192798,-0.00809033284895122,0.0
6839.909977494374,-0.009359959803987294,0.0
6840.7351837959495,-0.008924455672968179,0.0
6841.560390097525,-0.00739881704794243,0.0
6842.385596399101,-0.006913467892445624,0.0
6843.210802700676,-0.006397762452252209,0.0
6844.036009002251,-0.006421692320145667,0.0
6844.861215303827,-0.00368608592543751,0.0
6845.686421605402,-0.0008917265804484487,0.0
6846.511627906977,-0.0005028565065003932,0.0
6847.336834208552,0.0006659868522547185,0.0
6848.162040510128,0.00011711171828210354,0.0
6848.987246811703,0.0005003610858693719,0.0
6849.812453113279,0.0005890216561965644,0.0
6850.637659414854,0.00011871778406202793,0.0
6851.462865716429,-0.0004405551590025425,0.0
6852.288072018006,-0.0006454682443290949,0.0
6853.113278319581,-0.00032730214297771454,0.0
6853.938484621156,-0.0015510235680267215,0.0
6854.763690922731,-0.003718355088494718,0.0
6855.5888972243065,-0.004297704319469631,0.0
6856.414103525882,-0.004164006910286844,0.0
6857.239309827457,-0.0025049367686733603,0.0
6858.064516129032,-0.0035076605854555964,0.0
6858.889722430608,-0.004434969276189804,0.0
6859.714928732184,-0.002899942803196609,0.0
6860.540135033759,-0.0021140502067282796,0.0
6861.365341335335,-0.0011758055770769715,0.0
6862.19054763691,-0.0010527466656640172,0.0
6863.015753938485,0.00035300583112984896,0.0
6863.840960240061,0.00217595201684162,0.0
6864.666166541636,0.002610295603517443,0.0
6865.491372843211,0.00319085456430912,0.0
6866.316579144786,0.0035081745591014624,0.0
6867.141785446362,0.002279653155710548,0.0
6867.966991747937,0.00022404163610190153,0.0
6868.792198049513,-0.0017647906206548214,0.0
6869.617404351088,-0.0022680386900901794,0.0
6870.442610652664,-0.0018884853925555944,0.0
6871.26781695424,-0.0034618459176272154,0.0
6872.093023255815,-0.002742919372394681,0.0
6872.91822955739,-0.0010913771111518145,0.0
6873.743435858965,-0.0004504541866481304,0.0
6874.568642160541,0.0014583939919248223,0.0
6875.393848462116,0.0025916481972672045,0.0
6876.219054763691,0.0032562412361585302,0.0
6877.044261065266,0.0022932495339773595,0.0
6877.869467366842,0.002735803078394383,0.0
6878.694673668418,0.0038313723634928465,0.0
6879.519879969993,0.0024613207206130028,0.0
6880.345086271569,0.0021925593027845025,0.0
6881.170292573144,0.0015789500903338194,0.0
6881.9954988747195,0.002422338235192001,0.0
6882.820705176295,0.004506431985646486,0.0
6883.64591147787,0.005112636601552367,0.0
6884.471117779445,0.0052395149832591414,0.0
6885.29632408102,0.005362755968235433,0.0
6886.121530382596,0.005250557092949748,0.0
6886.946736684171,0.004544107127003372,0.0
6887.771942985747,0.0056503692176193,0.0
6888.597149287322,0.005939636845141649,0.0
6889.422355588898,0.004698414995800704,0.0
6890.247561890474,0.0038864726811880246,0.0
6891.072768192049,0.004122956946957856,0.0
6891.897974493624,0.0020252304384484887,0.0
6892.723180795199,0.0003862958401441574,0.0
6893.548387096775,-0.0008238079026341438,0.0
6894.37359339835,-0.001659491565078497,0.0
6895.198799699925,-0.0038989833556115627,0.0
6896.0240060015,-0.006309144431725144,0.0
6896.8492123030765,-0.007251329952850938,0.0
6897.674418604652,-0.006538470508530736,0.0
6898.499624906227,-0.005433865124359727,0.0
6899.324831207803,-0.003097824053838849,0.0
6900.150037509378,-0.0028918215539306402,0.0
6900.9752438109535,-0.004211996449157596,0.0
6901.800450112529,-0.003176487749442458,0.0
6902.625656414104,-0.0010753290262073278,0.0
6903.450862715679,-0.0015245971735566854,0.0
6904.2760690172545,-0.0007774301338940859,0.0
6905.10127531883,-0.0010504398960620165,0.0
6905.926481620405,-0.002305468777194619,0.0
6906.751687921981,-0.002823473419994116,0.0
6907.576894223556,-0.0036359932273626328,0.0
6908.4021005251325,-0.004447555402293801,0.0
6909.227306826708,-0.0038406613748520613,0.0
6910.052513128283,-0.00219515198841691,0.0
6910.877719429858,-0.0010808557271957397,0.0
6911.702925731433,-0.0009670902509242296,0.0
6912.528132033009,-0.002896566642448306,0.0
6913.353338334584,-0.004966638749465346,0.0
6914.178544636159,-0.005978595232591033,0.0
6915.003750937734,-0.004848633660003543,0.0
6915.8289572393105,-0.004755249014124274,0.0
6916.654163540886,-0.003567296778783202,0.0
6917.479369842461,-0.0018733444157987833,0.0
6918.304576144037,-0.0005641942843794823,0.0
6919.129782445612,0.0008639355655759573,0.0
6919.954988747188,0.0024613779387436807,0.0
6920.780195048763,0.002238535205833614,0.0
6921.605401350338,0.0002980802673846483,0.0
6922.430607651913,-0.00010297028347849846,0.0
6923.2558139534885,0.0017482372932136059,0.0
6924.081020255064,0.0013391594402492046,0.0
6924.90622655664,0.0,0.0
6925.731432858215,-0.0004083968233317137,0.0
6926.55663915979,0.0007586085703223944,0.0
6927.3818454613665,0.0013004103675484657,0.0
6928.207051762942,0.00028505362570285797,0.0
6929.032258064517,-0.0007809235248714685,0.0
6929.857464366092,-0.0019276065286248922,0.0
6930.6826706676675,-0.00010496494360268116,0.0
6931.507876969243,0.001464525586925447,0.0
6932.333083270818,0.001911063038278371,0.0
6933.158289572393,0.002126550185494125,0.0
6933.983495873968,0.0014842328964732587,0.0
6934.808702175545,0.0013526292168535292,0.0
6935.63390847712,0.002377509546931833,0.0
6936.459114778695,0.003882226999849081,0.0
6937.284321080271,0.005465248948894441,0.0
6938.109527381846,0.00494167092256248,0.0
6938.934733683422,0.004739899304695427,0.0
6939.759939984997,0.00474754604510963,0.0
6940.585146286572,0.0028133150190114975,0.0
6941.410352588147,0.001683973299805075,0.0
6942.235558889723,0.0006984568317420781,0.0
6943.060765191298,-0.0010969123104587197,0.0
6943.885971492874,-0.003965432173572481,0.0
6944.711177794449,-0.005175121477805078,0.0
6945.536384096024,-0.005500474362634122,0.0
6946.361590397601,-0.005008310195989907,0.0
6947.186796699176,-0.0031292589846998453,0.0
6948.012003000751,-0.0005935635999776423,0.0
6948.837209302326,0.002510793332476169,0.0
6949.6624156039015,0.0009644686651881784,0.0
6950.487621905477,-0.0008380947983823717,0.0
6951.312828207052,0.0013909777044318616,0.0
6952.138034508627,0.005341236712411046,0.0
6952.9632408102025,0.00449237140128389,0.0
6953.788447111779,-0.002244570729089901,0.0
6954.613653413354,-0.006789094069972634,0.0
6955.438859714929,-0.003984919399954379,0.0
6956.264066016505,-0.0014021391252754256,0.0
6957.0892723180805,-0.0002555285464040935,0.0
6957.914478619656,0.0005154575337655842,0.0
6958.739684921231,-0.0009772657867870294,0.0
6959.564891222806,-0.0001592622975294944,0.0
6960.390097524381,0.0,0.0
6961.215303825957,1.1748357792384923e-05,0.0
6962.040510127532,-0.00016065032468759455,0.0
6962.865716429108,-0.00033372154575772583,0.0
6963.690922730683,-0.0011047745065297931,0.0
6964.5161290322585,-0.001887943537440151,0.0
6965.341335333835,-0.0023081681574694812,0.0
6966.16654163541,-0.0009494602854829282,0.0
6966.991747936985,-0.0016528115957044065,0.0
6967.81695423856,-0.0010635065627866425,0.0
6968.642160540136,0.0008509820909239352,0.0
6969.467366841711,0.0007823069172445685,0.0
6970.292573143286,0.0009088726947084069,0.0
6971.117779444861,0.0024217660538852215,0.0
6971.9429857464365,0.0034941177582368255,0.0
6972.768192048013,0.001834994094679132,0.0
6973.593398349588,0.0007109962753020227,0.0
6974.418604651163,0.00019557098858058453,0.0
6975.243810952739,2.064590808004141e-05,0.0
6976.0690172543145,-0.001155111356638372,0.0
6976.89422355589,-0.004520443442743272,0.0
6977.719429857465,-0.006150682806037366,0.0
6978.54463615904,-0.005899863375816494,0.0
6979.3698424606155,-0.005566112085944042,0.0
6980.195048762191,-0.003694052458740771,0.0
6981.020255063766,0.0010998828220181167,0.0
6981.845461365342,0.003721611574292183,0.0
6982.670667666917,0.004142868972849101,0.0
6983.495873968493,0.005042924894951284,0.0
6984.321080270069,0.005263651255518198,0.0
6985.146286571644,0.004890844225883484,0.0
6985.971492873219,0.0037550769629888237,0.0
6986.796699174794,0.002481045085005462,0.0
6987.62190547637,0.0024931623484008014,0.0
6988.447111777945,0.002989300061017275,0.0
6989.27231807952,0.00400155660463497,0.0
6990.097524381095,0.0025439270539209247,0.0
6990.922730682671,0.0018665951793082058,0.0
6991.747936984247,0.0029472343157976866,0.0
6992.573143285822,0.0035291631938889623,0.0
6993.398349587397,0.002830688375979662,0.0
6994.223555888973,0.00132585852406919,0.0
6995.048762190549,0.00016505923122167587,0.0
6995.873968492124,0.0006131465779617429,0.0
6996.699174793699,0.0007810688111931086,0.0
6997.524381095274,-0.00026692438405007124,0.0
6998.3495873968495,-0.0004902728833258152,0.0
6999.174793698425,-0.00034899835009127855,0.0
7000.0,-0.001547508465591818,0.0
