wavelengths 0.01
3650.14750222 0.009127026234201637
3650.75591084 0.009107511096896493
3651.36442086 0.009114573755996848
3651.97303232 0.00912384753552028
3652.58174521 0.00906576202200322
3653.19055957 0.00907572007345445
3653.79947541 0.0091403854925171
3654.40849274 0.009144436810872228
3655.01761158 0.00915696195916148
3655.62683195 0.009180238263655008
3656.23615386 0.009184829486549617
3656.84557734 0.009175002107763655
3657.45510239 0.009176615453198934
3658.06472904 0.009204449170847163
3658.67445731 0.009192404832253743
3659.2842872 0.009181977465853846
3659.89421874 0.009191723791116893
3660.50425195 0.009140464616704251
3661.11438683 0.009118837230615096
3661.72462341 0.00912476287681833
3662.33496171 0.009105195512471674
3662.94540174 0.009055374691922436
3663.55594352 0.00906322747783596
3664.16658706 0.009073188245160013
3664.77733238 0.009045527347301886
3665.38817951 0.009020648443823777
3665.99912845 0.009074770279166842
3666.61017922 0.009139676019890176
3667.22133185 0.009085672051918625
3667.83258634 0.009037107954482102
3668.44394272 0.0090498187988813
3669.05540099 0.009052248081726609
3669.66696119 0.009025644888726673
3670.27862332 0.008966871001468642
3670.8903874 0.008956823130936488
3671.50225345 0.008982822864326414
3672.11422149 0.009008689409906649
3672.72629153 0.009039068327244574
3673.3384636 0.009064955446150259
3673.95073769 0.00905537221462913
3674.56311385 0.009008953601598842
3675.17559207 0.008981815424728186
3675.78817238 0.00901972552803302
3676.4008548 0.009051300206888558
3677.01363934 0.009019895999640868
3677.62652602 0.008951768367740955
3678.23951486 0.008902912793750847
3678.85260586 0.008888666186136459
3679.46579906 0.008954031243375094
3680.07909447 0.008919693793846974
3680.6924921 0.008858439490343263
3681.30599197 0.008882214416742869
3681.9195941 0.008941873709755948
3682.53329851 0.008963541420142267
3683.14710521 0.008905286268460016
3683.76101422 0.008860212358292154
3684.37502555 0.008906501527343595
3684.98913923 0.00895494456566971
3685.60335527 0.008929421191418834
3686.21767369 0.00885105221480942
3686.8320945 0.008830454588657418
3687.44661773 0.008799629531726258
3688.06124338 0.008755095556943659
3688.67597148 0.008796070377299958
3689.29080204 0.008886499480570294
3689.90573509 0.008927473074096123
3690.52077063 0.008931539551896305
3691.13590868 0.008929597935428588
3691.75114927 0.008908175744709387
3692.3664924 0.008889207120648118
3692.9819381 0.008910935420506479
3693.59748639 0.008944417298483007
3694.21313727 0.008942759774787711
3694.82889077 0.00890191927390042
3695.44474691 0.008908249136467468
3696.06070569 0.008940716544756996
3696.67676715 0.008944995028945102
3697.29293129 0.008863482669275467
3697.90919813 0.008736813920213483
3698.52556769 0.008706964516977595
3699.14203999 0.00882081285296468
3699.75861505 0.008980564883403049
3700.37529287 0.009068377315298538
3700.99207348 0.009043206167706768
3701.6089569 0.008999913555493722
3702.22594314 0.008967074448727928
3702.84303222 0.00893228428942559
3703.46022416 0.008856265697732135
3704.07751897 0.008714694594432124
3704.69491667 0.008507604746791455
3705.31241728 0.008428301843261493
3705.93002081 0.008417129890405928
3706.54772729 0.008498871297236935
3707.16553673 0.008681368917810222
3707.78344914 0.008871692857181932
3708.40146455 0.008909926721033036
3709.01958297 0.008930592330599627
3709.63780442 0.008940991314386117
3710.25612891 0.0088140460184218
3710.87455647 0.008742344356832046
3711.4930871 0.008696934685907627
3712.11172084 0.008529242505091236
3712.73045768 0.008311158929648873
3713.34929766 0.008302574236857681
3713.96824079 0.008500549616264291
3714.58728708 0.008783321509315467
3715.20643656 0.008998037293122497
3715.82568923 0.009034901978748296
3716.44504512 0.009005203822006019
3717.06450425 0.009087467248165922
3717.68406663 0.009170105057849784
3718.30373228 0.009186437652845462
3718.92350121 0.009136043210213721
3719.54337345 0.009083055980846152
3720.16334901 0.008991440092515854
3720.78342791 0.008796683612113847
3721.40361016 0.008622970111054487
3722.02389578 0.008338866700523712
3722.6442848 0.007975330658096948
3723.26477722 0.007968241211289064
3723.88537306 0.008347172711160573
3724.50607235 0.008805887264834757
3725.12687509 0.009330672425097115
3725.74778131 0.010035902018378095
3726.36879102 0.010838160099670828
3726.98990425 0.011453326887551093
3727.611121 0.011497764014575201
3728.23244129 0.01123593160833229
3728.85386515 0.01143775220563878
3729.47539259 0.011984575504856902
3730.09702362 0.01224841987264109
3730.71875827 0.011837402791206585
3731.34059655 0.010925249901425734
3731.96253847 0.010015511148725339
3732.58458407 0.009374049468793251
3733.20673334 0.00886078025285592
3733.82898632 0.008408834960796368
3734.45134301 0.008031993853291477
3735.07380344 0.007704859851253814
3735.69636762 0.007618830708402795
3736.31903556 0.007927655579598259
3736.9418073 0.008313946360948966
3737.56468284 0.008479098140964886
3738.1876622 0.00864953615925812
3738.8107454 0.009019008842077366
3739.43393245 0.00931697523339136
3740.05722338 0.009493640382908116
3740.6806182 0.00958818908272373
3741.30411693 0.00977812093794149
3741.92771958 0.00982432210433625
3742.55142617 0.009725319780380246
3743.17523673 0.009782821956329887
3743.79915126 0.009729607059223225
3744.42316978 0.009565347219408115
3745.04729232 0.009649441661731744
3745.67151889 0.009749353094155172
3746.2958495 0.009468916471391392
3746.92028417 0.009149475475342367
3747.54482293 0.009096873830825341
3748.16946579 0.008975664379807406
3748.79421276 0.008617867696690554
3749.41906386 0.008175288850016034
3750.04401912 0.00781455048467678
3750.66907854 0.007480879532381759
3751.29424215 0.0073717401961830515
3751.91950996 0.00765384335473514
3752.54488199 0.00810717062456751
3753.17035826 0.0085071484868721
3753.79593879 0.008794765905820187
3754.42162358 0.009074246221512204
3755.04741267 0.009360738276719033
3755.67330606 0.009544597422293574
3756.29930377 0.009711536446013325
3756.92540583 0.009858369989650081
3757.55161225 0.009919837390789187
3758.17792304 0.009772835727741302
3758.80433823 0.00963016347827287
3759.43085783 0.009687756839367645
3760.05748185 0.009659403354260623
3760.68421033 0.009664925677783093
3761.31104326 0.009836225550010866
3761.93798068 0.00980058592675894
3762.5650226 0.009672438607915494
3763.19216903 0.009849128781901252
3763.81941999 0.009988494545769808
3764.44677551 0.009810061267199004
3765.07423559 0.009634952137694577
3765.70180026 0.009780741363690967
3766.32946953 0.00970663354372258
3766.95724342 0.009461958820777095
3767.58512195 0.00920038561685867
3768.21310513 0.00889196384952945
3768.84119299 0.008703718351410901
3769.46938554 0.008505506779276254
3770.09768279 0.008189513054039858
3770.72608477 0.007747886689688228
3771.35459149 0.007350056956664772
3771.98320297 0.007332860491907996
3772.61191923 0.007723426269958089
3773.24074029 0.008172593981702305
3773.86966615 0.008542186879692387
3774.49869685 0.008852771262750905
3775.12783239 0.009051944784076456
3775.7570728 0.009184036815575888
3776.38641809 0.009391077459186718
3777.01586827 0.009485123273787031
3777.64542338 0.009622387687295559
3778.27508342 0.009807355684028084
3778.90484841 0.009913188674983755
3779.53471838 0.009923107601702839
3780.16469333 0.010065653998827036
3780.79477328 0.010303307943287553
3781.42495826 0.010410436436366518
3782.05524827 0.010305041238570314
3782.68564335 0.010241364178030829
3783.31614349 0.0102426765209721
3783.94674873 0.01021671276367235
3784.57745908 0.01019805952798609
3785.20827456 0.010387784233013495
3785.83919518 0.010461222103485905
3786.47022096 0.01028548143934311
3787.10135193 0.00999428783008961
3787.73258809 0.009959174851235127
3788.36392946 0.010016404386573663
3788.99537607 0.009986220537082193
3789.62692793 0.00997541737682026
3790.25858505 0.009967163151703155
3790.89034746 0.009894982970082802
3791.52221517 0.009779747250464396
3792.1541882 0.009685493848631455
3792.78626657 0.009586352764089251
3793.4184503 0.009533873401486776
3794.0507394 0.009377505578922501
3794.68313388 0.009091343452259622
3795.31563378 0.008854545749597466
3795.9482391 0.008592728602933522
3796.58094987 0.008390621201366882
3797.21376609 0.008144693022532689
3797.84668779 0.0078521491292363
3798.47971499 0.007537374290758965
3799.1128477 0.007408482059413437
3799.74608595 0.007672919352431798
3800.37942974 0.007997423143934855
3801.0128791 0.008314930049614757
3801.64643404 0.00861593710147854
3802.28009458 0.00876741460692631
3802.91386074 0.008960122972451067
3803.54773254 0.009297967102286505
3804.18170999 0.009508557423061342
3804.81579312 0.00963885467460735
3805.44998193 0.009771707014571085
3806.08427645 0.009802562693751434
3806.71867669 0.009761979981342744
3807.35318268 0.009636844252474387
3807.98779443 0.009613628971710548
3808.62251195 0.009853366072734546
3809.25733527 0.01004866249285794
3809.8922644 0.010133117448614407
3810.52729936 0.010230654352011417
3811.16244017 0.010315973427832652
3811.79768685 0.010298778730316272
3812.43303941 0.010308077993270064
3813.06849787 0.010317140365639278
3813.70406225 0.010204597401079697
3814.33973256 0.00997448926610526
3814.97550883 0.009890825866474221
3815.61139107 0.009901166796342524
3816.2473793 0.009971570409285889
3816.88347354 0.009976824266533964
3817.5196738 0.010037067534266402
3818.1559801 0.010077914539348498
3818.79239246 0.01002673904691571
3819.4289109 0.009896194461953679
3820.06553544 0.00948009403196713
3820.70226609 0.00901099069689922
3821.33910287 0.0091854131658794
3821.9760458 0.009637679021656213
3822.61309489 0.00987420760888725
3823.25025017 0.010012348074533769
3823.88751164 0.010098695405218938
3824.52487934 0.009955083318486976
3825.16235328 0.009741415183655034
3825.79993347 0.00966024687850433
3826.43761993 0.009638205394402724
3827.07541268 0.009551103579746381
3827.71331174 0.00951236423783959
3828.35131712 0.009428519452443156
3828.98942885 0.00940572736238525
3829.62764694 0.0094135867937737
3830.2659714 0.009170223730988636
3830.90440227 0.009015601434510528
3831.54293954 0.00895704483363946
3832.18158325 0.008743366773044726
3832.82033341 0.008434883130549362
3833.45919004 0.008161225443603596
3834.09815315 0.007973923300509207
3834.73722276 0.007817052000975686
3835.37639889 0.0075926482168709635
3836.01568157 0.007351220091834582
3836.65507079 0.007291831410451298
3837.2945666 0.007521830023482641
3837.93416899 0.007824486508290549
3838.57387799 0.008045429214854006
3839.21369362 0.008121576417728295
3839.85361589 0.008348886119786464
3840.49364483 0.008574346229836705
3841.13378045 0.008556310872381833
3841.77402276 0.0085900143638495
3842.4143718 0.008941045406679097
3843.05482756 0.009271997980342702
3843.69539008 0.009348760084171086
3844.33605936 0.009379895982477543
3844.97683544 0.009555636446491678
3845.61771831 0.009639963750579275
3846.25870802 0.009603402940975593
3846.89980456 0.00961164925973074
3847.54100796 0.009651467467261166
3848.18231823 0.009748341768559194
3848.8237354 0.009786544132142696
3849.46525948 0.00967177823915851
3850.10689049 0.009543528349504449
3850.74862845 0.009382652188044132
3851.39047338 0.009448770141145507
3852.03242528 0.00967781174419615
3852.67448419 0.009847387336715616
3853.31665012 0.009867398846339482
3853.95892308 0.009825496138761785
3854.6013031 0.009763174359071945
3855.24379019 0.009856392792446335
3855.88638437 0.009992401487834795
3856.52908565 0.009756777497255243
3857.17189407 0.009514485783631765
3857.81480962 0.009815015531834302
3858.45783234 0.010030058792585292
3859.10096224 0.009953698451861332
3859.74419934 0.009874647948798814
3860.38754365 0.009808764198554141
3861.03099519 0.009798508318241419
3861.67455398 0.009855685287611307
3862.31822005 0.009686305810788007
3862.9619934 0.009480403917359548
3863.60587405 0.009438367795413776
3864.24986203 0.009572040468312625
3864.89395734 0.009692718968792488
3865.53816002 0.009858020528822217
3866.18247007 0.009893865148987862
3866.82688752 0.00981985986268866
3867.47141237 0.009793593838770832
3868.11604466 0.00958269701832136
3868.76078439 0.009541637498468099
3869.40563159 0.009813421977395195
3870.05058628 0.009951375975069364
3870.69564846 0.009918096791490437
3871.34081817 0.009870332144609013
3871.98609541 0.009616357836644973
3872.6314802 0.00925585399788287
3873.27697257 0.009215010749600887
3873.92257253 0.009404458551595359
3874.5682801 0.00960356815475219
3875.2140953 0.009699454781332934
3875.86001814 0.009784590365866137
3876.50604864 0.009657190782807011
3877.15218683 0.009470975863588343
3877.79843271 0.009528618121688074
3878.44478631 0.009536457008698662
3879.09124765 0.009203967307088291
3879.73781673 0.009069867239345808
3880.38449359 0.009327037699258524
3881.03127824 0.009453436038143272
3881.67817069 0.009380346516289837
3882.32517097 0.009255799741408544
3882.97227909 0.009010279085145713
3883.61949507 0.008843047760452721
3884.26681893 0.008832786264623452
3884.91425068 0.008813438481813467
3885.56179035 0.008622584467074043
3886.20943795 0.00835883003134072
3886.8571935 0.008121867442788299
3887.50505702 0.00790841507245821
3888.15302853 0.007787728727247848
3888.80110804 0.007678462160376993
3889.44929557 0.007387282524970838
3890.09759114 0.007180076901191653
3890.74599477 0.007344180610604209
3891.39450648 0.0075625970587894055
3892.04312628 0.007719213320044359
3892.69185419 0.007928812700910089
3893.34069024 0.008186339462361414
3893.98963443 0.008369662104767346
3894.63868679 0.008489834287456782
3895.28784733 0.008641700853059316
3895.93711608 0.008741079932586066
3896.58649304 0.008759684618027537
3897.23597825 0.008929108274535538
3897.88557171 0.009168893573409971
3898.53527344 0.009175550272451245
3899.18508347 0.009121701463716861
3899.83500181 0.009166157734083689
3900.48502848 0.00911264655866724
3901.13516349 0.00898373044213269
3901.78540687 0.009032614461833014
3902.43575863 0.009416380637525392
3903.0862188 0.009566447310408939
3903.73678738 0.009433244547616548
3904.3874644 0.009284953624083376
3905.03824987 0.009336836542181549
3905.68914382 0.009442256640177569
3906.34014626 0.00932165492376525
3906.99125721 0.009183032270376024
3907.64247669 0.009233192029510413
3908.29380471 0.009329916376440085
3908.94524129 0.0094216790851258
3909.59678646 0.009489971635075936
3910.24844023 0.009569695473157393
3910.90020261 0.00959933485225513
3911.55207363 0.00958351728329008
3912.20405331 0.009516067017927543
3912.85614166 0.00949187045356528
3913.5083387 0.00953278227819622
3914.16064444 0.00946406061369606
3914.81305892 0.00930115893519414
3915.46558214 0.009330753302655875
3916.11821412 0.009474020150103396
3916.77095488 0.00941965694944147
3917.42380444 0.009297193799829484
3918.07676282 0.009350097312253352
3918.72983004 0.00940490775830659
3919.3830061 0.009191071490340841
3920.03629104 0.009015469745937477
3920.68968487 0.009156418729087911
3921.34318761 0.009083574879532846
3921.99679928 0.00901016858882029
3922.65051988 0.00923007518703419
3923.30434946 0.009306033461263866
3923.95828801 0.009196264659395971
3924.61233556 0.009176471894067628
3925.26649212 0.009179107583017506
3925.92075773 0.009137843358647865
3926.57513238 0.009020815314364578
3927.22961611 0.008766856315310472
3927.88420893 0.00872184394810447
3928.53891085 0.008856055063079299
3929.1937219 0.00881939146070934
3929.8486421 0.008784396520310593
3930.50367146 0.00875999718627539
3931.15881 0.008674807804412581
3931.81405773 0.008615228114448837
3932.46941469 0.008556493258919485
3933.12488088 0.008448069978056718
3933.78045632 0.008266086303013504
3934.43614104 0.007968327386524645
3935.09193504 0.007984345897336797
3935.74783835 0.008276632671991106
3936.40385099 0.008400676142540201
3937.05997298 0.008442205771634317
3937.71620432 0.008570434980634657
3938.37254505 0.008664013791507802
3939.02899518 0.008681005440449729
3939.68555472 0.008709834569024202
3940.3422237 0.008813275163694352
3940.99900214 0.008905913874964236
3941.65589004 0.008930827910946985
3942.31288744 0.008938725462563253
3942.96999434 0.008950529859516353
3943.62721078 0.008955120825876626
3944.28453675 0.008972134269264529
3944.9419723 0.008909987757819829
3945.59951742 0.008871682541445962
3946.25717214 0.008937275734381835
3946.91493648 0.009154179973104241
3947.57281046 0.009201529850571755
3948.23079409 0.009066101158377355
3948.8888874 0.008997326863998614
3949.54709039 0.008987854244128166
3950.2054031 0.008998360628862823
3950.86382553 0.009070914791835385
3951.52235771 0.009109115034716071
3952.18099966 0.009119053632012363
3952.83975139 0.009032058774325393
3953.49861292 0.008932540526094723
3954.15758426 0.008959502400382223
3954.81666545 0.00902922984657162
3955.47585649 0.009038749630725892
3956.13515741 0.009044061227799417
3956.79456822 0.008944780906715157
3957.45408894 0.008788771580242272
3958.11371959 0.00878233907173405
3958.77346018 0.008813193557678763
3959.43331075 0.008808201325082953
3960.09327129 0.008832028270551236
3960.75334184 0.008775044468365549
3961.41352241 0.008656069275674314
3962.07381302 0.00844990952833782
3962.73421369 0.008287755112704291
3963.39472443 0.008261154692095199
3964.05534527 0.008168600380935517
3964.71607622 0.007992743348053302
3965.3769173 0.0076913204925346534
3966.03786853 0.007469321579386263
3966.69892993 0.0074305894439456255
3967.36010152 0.00728906129755773
3968.0213833 0.007098405170554163
3968.68277532 0.00691848033142503
3969.34427757 0.006791812701251691
3970.00589008 0.006806751369330464
3970.66761287 0.00682917217591028
3971.32944596 0.006862670391441424
3971.99138936 0.007020484599527797
3972.65344309 0.007115355495181921
3973.31560718 0.007161029800323698
3973.97788164 0.007219848405361266
3974.64026648 0.007321718527536773
3975.30276173 0.007522605083088214
3975.96536741 0.00775810302455393
3976.62808353 0.007976374214419338
3977.29091011 0.00809183464332271
3977.95384717 0.00816434191843513
3978.61689473 0.00829570181624133
3979.28005281 0.00841861443507982
3979.94332142 0.008514732467839677
3980.60670059 0.008600829405859227
3981.27019033 0.00873077394081537
3981.93379066 0.008750191194385361
3982.5975016 0.008598952125183246
3983.26132316 0.008502322879445008
3983.92525538 0.008616801285665913
3984.58929825 0.008751529224942083
3985.25345182 0.008819413980216462
3985.91771608 0.00891167284653805
3986.58209106 0.008915714287397179
3987.24657678 0.0088350452961549
3987.91117326 0.008867712097764296
3988.57588051 0.009013421450033263
3989.24069856 0.009102020502017251
3989.90562742 0.009051516509873458
3990.57066711 0.008944951060710889
3991.23581765 0.00893656259015895
3991.90107905 0.009030587484231332
3992.56645134 0.009052702372463894
3993.23193454 0.009112445529975218
3993.89752866 0.009184508467967091
3994.56323372 0.00919290140544556
3995.22904975 0.00910410148093616
3995.89497675 0.008991170129652401
3996.56101474 0.008937349953070321
3997.22716376 0.008980095471837266
3997.89342381 0.008958719519370075
3998.55979491 0.008897906880267259
3999.22627708 0.008903956101853462
3999.89287034 0.008972447701885423
4000.55957471 0.009172168836712995
4001.2263902 0.009269935459490047
4001.89331684 0.009289454131360902
4002.56035465 0.00922169317967597
4003.22750363 0.009084766182655182
4003.89476382 0.009027373467069682
4004.56213523 0.009082591550457401
4005.22961787 0.009104458017733956
4005.89721177 0.008876495811344533
4006.56491695 0.008737649520931565
4007.23273342 0.008954825707900373
4007.9006612 0.00912378863515579
4008.56870031 0.009190522580719956
4009.23685077 0.009137606183110495
4009.9051126 0.008876554510588443
4010.57348582 0.008784720448080595
4011.24197044 0.00899048507159481
4011.91056648 0.00914212967554377
4012.57927396 0.00912224363343103
4013.24809291 0.00898164409452964
4013.91702334 0.00907475913088093
4014.58606526 0.009130738077947348
4015.2552187 0.008986345896363985
4015.92448367 0.009035754082015268
4016.5938602 0.00915620975941323
4017.2633483 0.009253455406829775
4017.93294799 0.00917207044509663
4018.60265929 0.00903901153436024
4019.27248221 0.009024591058766676
4019.94241679 0.009157809271988226
4020.61246302 0.009268226744386822
4021.28262095 0.009242365555496042
4021.95289057 0.009188179337706716
4022.62327192 0.009030341156660338
4023.293765 0.008925025502725281
4023.96436984 0.008924307818067531
4024.63508646 0.008813456421582527
4025.30591488 0.008586334581598645
4025.97685511 0.008353107265164337
4026.64790717 0.008244377476878324
4027.31907108 0.008180979951586894
4027.99034687 0.008486096914270406
4028.66173454 0.008825609284799758
4029.33323412 0.00891515414973396
4030.00484562 0.008998287435663286
4030.67656907 0.008921844560577779
4031.34840449 0.008674342902522435
4032.02035188 0.008573551988523198
4032.69241128 0.008675261345328434
4033.36458269 0.008702716929030971
4034.03686614 0.00863610297859744
4034.70926165 0.008729207906542356
4035.38176924 0.008795621334424316
4036.05438891 0.00886649668676655
4036.72712071 0.008902449874659678
4037.39996463 0.009017339632942068
4038.0729207 0.00907854284945574
4038.74598894 0.009059614627981
4039.41916937 0.00903429374768946
4040.092462 0.009072881624428434
4040.76586686 0.009044590184400682
4041.43938397 0.008920783269032341
4042.11301333 0.008790858086500469
4042.78675498 0.008837100213082604
4043.46060892 0.008959246758108424
4044.13457518 0.008929167265568217
4044.80865379 0.00881551827296834
4045.48284474 0.008738847037887975
4046.15714807 0.008627905909640004
4046.8315638 0.008459007401395683
4047.50609193 0.008663253700058125
4048.1807325 0.008933317678684842
4048.85548552 0.00898050852364759
4049.530351 0.008842468012179009
4050.20532897 0.008785840065566404
4050.88041945 0.008895084681673203
4051.55562245 0.008911779331756528
4052.230938 0.008888110073202445
4052.90636611 0.00890324218777576
4053.58190679 0.00889211239787856
4054.25756008 0.008809345231619718
4054.93332599 0.00865262709751173
4055.60920453 0.008642695763206601
4056.28519573 0.008714684750855425
4056.9612996 0.008839562444880577
4057.63751617 0.008893759639762711
4058.31384545 0.00879618959974591
4058.99028746 0.00875562728355062
4059.66684222 0.008824325210537897
4060.34350974 0.008849383010341872
4061.02029006 0.008891067028402115
4061.69718318 0.008898975767602652
4062.37418913 0.008853765645635189
4063.05130792 0.008785469459853538
4063.72853957 0.008638695611583435
4064.4058841 0.008457353053127444
4065.08334154 0.008429729035047039
4065.76091189 0.00853754875284712
4066.43859518 0.008665179077469012
4067.11639143 0.00878999503232409
4067.79430065 0.008681982352476336
4068.47232287 0.00862469580326708
4069.1504581 0.008719426524921567
4069.82870636 0.008770909234618315
4070.50706767 0.008672648725102218
4071.18554205 0.008514188492373018
4071.86412952 0.00841726677636913
4072.5428301 0.008352684978191489
4073.22164381 0.008400906306339122
4073.90057066 0.008581664673580805
4074.57961067 0.008721555116343208
4075.25876387 0.008746584683756229
4075.93803027 0.008599438092624236
4076.61740988 0.008409044068349348
4077.29690274 0.008247319044967066
4077.97650886 0.008153042459023926
4078.65622825 0.008092509680290537
4079.33606094 0.008263660966254504
4080.01600694 0.008479874450068248
4080.69606628 0.008575349173893363
4081.37623897 0.008681708374559116
4082.05652503 0.008741219806615857
4082.73692449 0.008736555551254849
4083.41743735 0.008600019167940327
4084.09806364 0.008499310467119362
4084.77880338 0.008474261148830719
4085.45965658 0.008489591784247557
4086.14062327 0.008388363920400103
4086.82170346 0.008335647836937125
4087.50289718 0.008370999099035673
4088.18420443 0.008428747236259524
4088.86562525 0.008592669552233183
4089.54715965 0.00859374332393114
4090.22880764 0.008468073725502555
4090.91056926 0.00847845526705356
4091.59244451 0.008463054610525335
4092.27443341 0.00850660600671154
4092.95653599 0.008387102118742077
4093.63875226 0.008168034640695224
4094.32108225 0.008226971562486075
4095.00352596 0.008282409154864952
4095.68608343 0.008120003138978638
4096.36875466 0.007920679752400754
4097.05153969 0.007711893825220051
4097.73443852 0.007538026874824142
4098.41745117 0.007447138406723076
4099.10057767 0.007313075905068889
4099.78381804 0.007182240593837784
4100.46717229 0.007169338816743628
4101.15064043 0.007167063370890081
4101.83422251 0.00716234108956373
4102.51791852 0.0070789189150424585
4103.20172848 0.007123158238711802
4103.88565243 0.007268446407317061
4104.56969037 0.0072553763223109
4105.25384233 0.007165432900696643
4105.93810833 0.007212710432179656
4106.62248838 0.00748484978762951
4107.3069825 0.007615643683832047
4107.99159071 0.007608049504270987
4108.67631303 0.007679385691146813
4109.36114949 0.007834945346831849
4110.04610009 0.007921051957289761
4110.73116486 0.007877187607979409
4111.41634382 0.007878696608692528
4112.10163698 0.007929083015899608
4112.78704437 0.007996986758080936
4113.472566 0.00804444736085221
4114.1582019 0.00812294134723077
4114.84395208 0.008264929037132416
4115.52981656 0.008348069944270713
4116.21579536 0.008348279203580366
4116.90188849 0.00838776600911606
4117.58809599 0.00841357515810412
4118.27441787 0.00846045618404625
4118.96085414 0.008374402503937183
4119.64740482 0.008117211333127006
4120.33406994 0.008013579614863445
4121.02084952 0.00806082301717875
4121.70774357 0.007987915506842183
4122.39475211 0.00799669314607287
4123.08187516 0.008159018317887201
4123.76911274 0.008211080264712296
4124.45646487 0.008213278763712875
4125.14393157 0.00831560138320298
4125.83151285 0.008422733402232327
4126.51920874 0.008466231919087776
4127.20701926 0.008487685126312398
4127.89494442 0.008467028425125703
4128.58298425 0.00817500293560865
4129.27113876 0.007956479662654305
4129.95940797 0.008115433200467705
4130.6477919 0.008222556101863298
4131.33629057 0.00819331838488038
4132.024904 0.008090570418649865
4132.71363221 0.008114977011356153
4133.40247522 0.008060352433553748
4134.09143304 0.008162428190063275
4134.7805057 0.008252070605150236
4135.46969322 0.008215842003311198
4136.15899561 0.00833943085184218
4136.84841289 0.008489028928270878
4137.53794509 0.00843321794563482
4138.22759221 0.008298994371176835
4138.91735429 0.008305010975034877
4139.60723134 0.00841155896117457
4140.29722337 0.008486577008480826
4140.98733042 0.008468555901676292
4141.67755249 0.008474916429504948
4142.36788961 0.008428736254073102
4143.05834179 0.008251732431410965
4143.74890906 0.008059405965225632
4144.43959144 0.0077740832815504
4145.13038893 0.00773636472408681
4145.82130157 0.008087339515958518
4146.51232937 0.008244627307271641
4147.20347235 0.008275476521669161
4147.89473054 0.00837450813272226
4148.58610394 0.008369410545879957
4149.27759258 0.00839565537215471
4149.96919648 0.008328461696513476
4150.66091565 0.008160385446647218
4151.35275012 0.008140305733416505
4152.04469991 0.008229512747709236
4152.73676503 0.00828306857714161
4153.4289455 0.008246784041654444
4154.12124135 0.008211667613742602
4154.81365259 0.008138235797544066
4155.50617924 0.008127747187923372
4156.19882132 0.008268668728243058
4156.89157885 0.008285619591532655
4157.58445185 0.008107255355139235
4158.27744034 0.008166537812596925
4158.97054434 0.008318758527823341
4159.66376386 0.008382193982939682
4160.35709893 0.008369573513090488
4161.05054957 0.008290054288864047
4161.74411579 0.008170234760657117
4162.43779761 0.008093063528978452
4163.13159506 0.008182148652170358
4163.82550815 0.00827596464251759
4164.51953691 0.008221277221323786
4165.21368134 0.008173773996604076
4165.90794147 0.00813829778203593
4166.60231733 0.008173399976431633
4167.29680892 0.008295135757855445
4167.99141627 0.008209322094492775
4168.6861394 0.008117843148261304
4169.38097832 0.008148639241892883
4170.07593306 0.0081077445822587
4170.77100364 0.0081348220061152
4171.46619007 0.008198438223309566
4172.16149237 0.008107090594040424
4172.85691057 0.007893270645823498
4173.55244468 0.007796671894075814
4174.24809473 0.007766875543044989
4174.94386072 0.007717904509936005
4175.63974269 0.00787437625438612
4176.33574064 0.008072715231828146
4177.03185461 0.008132942613877417
4177.7280846 0.008095650199083999
4178.42443064 0.007923800778006041
4179.12089275 0.007793424717804352
4179.81747095 0.007773972188725213
4180.51416525 0.007902902789665022
4181.21097568 0.008173091056626343
4181.90790225 0.008223804839231486
4182.60494498 0.008111269152226841
4183.3021039 0.008076419205792374
4183.99937902 0.00803531041081368
4184.69677037 0.007963797040980504
4185.39427795 0.00797733421264669
4186.0919018 0.008100283913924642
4186.78964193 0.008205485341034173
4187.48749835 0.00811504591055127
4188.1854711 0.007920686575759995
4188.88356018 0.007915569968406302
4189.58176563 0.008086479222728545
4190.28008745 0.008124620847789317
4190.97852566 0.008027719668424357
4191.67708029 0.007978278015335941
4192.37575136 0.007905606868525861
4193.07453888 0.007933986637443994
4193.77344288 0.008147208996301319
4194.47246337 0.008212554168895733
4195.17160038 0.008220480786974814
4195.87085391 0.008141651918438398
4196.570224 0.007968191915418595
4197.26971066 0.007914400545529077
4197.96931391 0.008017029385767165
4198.66903377 0.008025943793696736
4199.36887026 0.007762044857371461
4200.0688234 0.007717490762494138
4200.76889321 0.0079214386886066
4201.4690797 0.008000563842738909
4202.16938291 0.007953407081699868
4202.86980284 0.007861393187461074
4203.57033952 0.007827447010406646
4204.27099296 0.007929653698196575
4204.97176319 0.007914506713159691
4205.67265022 0.007782069643562295
4206.37365408 0.00768853906825396
4207.07477478 0.007829834530766317
4207.77601234 0.007932888582643603
4208.47736679 0.008010128106322068
4209.17883814 0.008073850829261622
4209.88042641 0.008021378911162074
4210.58213162 0.007983812724255895
4211.28395379 0.007925045437956935
4211.98589294 0.00797108499951841
4212.68794909 0.007984007782083323
4213.39012227 0.007969440338088494
4214.09241248 0.007996702502310927
4214.79481974 0.007951244618460885
4215.49734409 0.007916335661927978
4216.19998553 0.007742750671007187
4216.90274409 0.007564608928792803
4217.60561979 0.00767975054395185
4218.30861264 0.007827412467701059
4219.01172266 0.007966341906566124
4219.71494988 0.00802133362124116
4220.41829432 0.007912932500522565
4221.12175599 0.007863299705184842
4221.82533491 0.007952298776456269
4222.52903111 0.007963924990377963
4223.23284459 0.007801005006282049
4223.93677539 0.007783444067393899
4224.64082353 0.007836560553719537
4225.34498901 0.00769760906551279
4226.04927186 0.007588006262983668
4226.75367211 0.007559521073173903
4227.45818976 0.0074669357051297056
4228.16282484 0.007354389293978056
4228.86757737 0.0074843119123970524
4229.57244738 0.007724430408118857
4230.27743486 0.00784387607197539
4230.98253986 0.007875342513162263
4231.68776238 0.007936922377010654
4232.39310245 0.007924538939565151
4233.09856009 0.00783063600445442
4233.80413531 0.0076121005068178925
4234.50982814 0.007470183497090505
4235.2156386 0.007631783224976697
4235.9215667 0.007735151965049619
4236.62761246 0.0076188365369919304
4237.33377591 0.007599825405221857
4238.04005706 0.0077377990493315936
4238.74645593 0.007806334118006866
4239.45297255 0.007751605311625249
4240.15960693 0.007740069433664873
4240.86635909 0.007736329844151862
4241.57322906 0.007782374782419144
4242.28021684 0.007864229569312492
4242.98732247 0.007806470384402802
4243.69454595 0.0077595013471720865
4244.40188732 0.007870696047707171
4245.10934659 0.007951978315890645
4245.81692378 0.007949632466308209
4246.5246189 0.007865376488823623
4247.23243199 0.007721647164904129
4247.94036306 0.00754123282688316
4248.64841212 0.007581316059290783
4249.3565792 0.007705300165526592
4250.06486432 0.007828705810181674
4250.77326749 0.007816571160765827
4251.48178875 0.007616691425453709
4252.1904281 0.007606494023175057
4252.89918556 0.007715692056704781
4253.60806117 0.007740473166144922
4254.31705492 0.00766135063688698
4255.02616686 0.007482904088132462
4255.73539699 0.007490985725195289
4256.44474533 0.007657525041315453
4257.15421191 0.007729542395263203
4257.86379674 0.007846771592980951
4258.57349985 0.007825367899829185
4259.28332125 0.007606945445003204
4259.99326096 0.007615977543481911
4260.70331901 0.007649049294095084
4261.41349541 0.007502547099550501
4262.12379018 0.0075440524466126
4262.83420334 0.007615651045245059
4263.54473492 0.007719709970979628
4264.25538493 0.007833727435839873
4264.96615339 0.007814439240923178
4265.67704032 0.007870867268566577
4266.38804574 0.007929651798523663
4267.09916967 0.007837225737997094
4267.81041214 0.007576335047873928
4268.52177315 0.007422410390309559
4269.23325273 0.007558970014765158
4269.94485091 0.00758373880086051
4270.65656769 0.00758504671132022
4271.3684031 0.007586995814785464
4272.08035717 0.007459021739604536
4272.7924299 0.007357543950377478
4273.50462132 0.007466950459768204
4274.21693144 0.007485258739156508
4274.9293603 0.007449950796924952
4275.6419079 0.007446572342679533
4276.35457428 0.007395202181768856
4277.06735944 0.007493157375659468
4277.7802634 0.007588162949639608
4278.4932862 0.007595255861195222
4279.20642784 0.0076695638535091105
4279.91968835 0.007770402490378558
4280.63306774 0.007719447810972861
4281.34656604 0.0075747029590475705
4282.06018327 0.007588749845386847
4282.77391944 0.0076658964873833405
4283.48777458 0.007547393613293192
4284.20174871 0.007538242432650507
4284.91584184 0.007647744233402504
4285.63005399 0.007551257197307667
4286.3443852 0.007501731155456824
4287.05883546 0.007500777155881323
4287.77340481 0.00755991129214553
4288.48809327 0.007535026178973989
4289.20290085 0.007418021640155235
4289.91782758 0.0073270039854065215
4290.63287347 0.007124266429071622
4291.34803854 0.0070738666566087455
4292.06332282 0.007282122390173964
4292.77872632 0.007450907458142213
4293.49424907 0.00753378606464547
4294.20989108 0.007580037401297878
4294.92565237 0.0074207141246206264
4295.64153297 0.007264800810212631
4296.35753289 0.0074048307490839705
4297.07365215 0.00744650006908839
4297.78989078 0.00738542664702955
4298.50624879 0.007485428217819289
4299.2227262 0.007490693688691688
4299.93932304 0.007273189177754559
4300.65603932 0.0070716435498583245
4301.37287506 0.007065104777231658
4302.08983028 0.007224933318148489
4302.80690501 0.007260898735910008
4303.52409926 0.007139832226258292
4304.24141305 0.007129342235918228
4304.9588464 0.0072814253868207805
4305.67639934 0.0073480780625869045
4306.39407188 0.007222039713213652
4307.11186404 0.007195081419987734
4307.82977584 0.0072760158211293054
4308.5478073 0.007145397702969682
4309.26595845 0.007028743097069867
4309.98422929 0.007075869180495688
4310.70261986 0.007093048340338525
4311.42113017 0.007277870168631152
4312.13976025 0.007481681425346079
4312.8585101 0.00749403780296086
4313.57737976 0.007293959755943617
4314.29636923 0.007208079732540408
4315.01547855 0.007138144737113767
4315.73470773 0.007019529070990834
4316.4540568 0.007261370533365689
4317.17352576 0.00758876488051424
4317.89311464 0.007596040573689049
4318.61282347 0.007609383476457012
4319.33265226 0.00758509929526177
4320.05260103 0.007450251138845093
4320.7726698 0.007466608507293425
4321.49285859 0.007338456047074778
4322.21316742 0.007183091833322002
4322.93359632 0.007375314637506148
4323.6541453 0.007505615874657575
4324.37481438 0.0074180780442624095
4325.09560358 0.007274257506379335
4325.81651292 0.007023838765328684
4326.53754242 0.006734449785841058
4327.2586921 0.0067666321529842675
4327.97996199 0.006987836923215578
4328.7013521 0.0071877292616902315
4329.42286245 0.007339268867100892
4330.14449306 0.0073423692040452794
4330.86624395 0.0071757809510542
4331.58811515 0.006954817822990697
4332.31010666 0.006925787823030812
4333.03221852 0.007031804127514243
4333.75445074 0.007045605636294651
4334.47680335 0.006998186455226857
4335.19927635 0.006910060728924638
4335.92186978 0.006869500450114547
4336.64458365 0.0068767045646434466
4337.36741798 0.006689923798501542
4338.09037279 0.006274596842547169
4338.81344811 0.006109506064567451
4339.53664395 0.006419412543678054
4340.25996033 0.006871879516854287
4340.98339728 0.007137324942039482
4341.7069548 0.007224375603239474
4342.43063293 0.0072656352820364145
4343.15443169 0.007181822696354526
4343.87835109 0.0068619470823620314
4344.60239115 0.0064593567491609185
4345.32655189 0.006296803892811384
4346.05083334 0.006471277859967142
4346.77523551 0.006705584727440294
4347.49975842 0.006727626326915531
4348.2244021 0.006767495410195469
4348.94916656 0.006895078692802849
4349.67405183 0.007060829770736673
4350.39905792 0.007197065059706835
4351.12418485 0.00721437631813435
4351.84943265 0.006946556523792115
4352.57480134 0.006626609976754917
4353.30029093 0.006666943543045308
4354.02590144 0.006937530095729674
4354.7516329 0.0071416345412831156
4355.47748533 0.007095741726593579
4356.20345874 0.007096601676730234
4356.92955315 0.007234742256630863
4357.6557686 0.0072929310425918
4358.38210508 0.007317211734996048
4359.10856264 0.007241189383427711
4359.83514128 0.007092950664751773
4360.56184102 0.007064849682102717
4361.2886619 0.007157905881567388
4362.01560392 0.00721257576182269
4362.74266711 0.0072942795033176635
4363.46985148 0.007420459938757187
4364.19715706 0.007440681892197112
4364.92458387 0.007479218720506676
4365.65213193 0.007573718388835372
4366.37980126 0.0076117598857355475
4367.10759187 0.007454996907880792
4367.83550379 0.007267091666305528
4368.56353705 0.007089242078264684
4369.29169165 0.007047476239969806
4370.01996762 0.007210180625717661
4370.74836498 0.007231914519633014
4371.47688375 0.00727752005082491
4372.20552394 0.007227189154668796
4372.93428559 0.007207687728313228
4373.66316871 0.007231819567900091
4374.39217332 0.007184513135716869
4375.12129944 0.006999744536203699
4375.8505471 0.006823750487426045
4376.5799163 0.0069407836806685205
4377.30940707 0.007173373795811474
4378.03901944 0.007325572665904015
4378.76875342 0.007359654904044701
4379.49860903 0.007316494789425114
4380.2285863 0.007187296594652304
4380.95868524 0.007164721924541838
4381.68890587 0.007239707394162023
4382.41924821 0.007230941068244692
4383.14971229 0.007145035884093901
4383.88029812 0.006973955981765828
4384.61100573 0.006754497823647518
4385.34183513 0.006620084158661997
4386.07278635 0.00661082169827404
4386.8038594 0.00684570147104863
4387.53505431 0.006999406574829869
4388.26637109 0.006844002260919273
4388.99780977 0.006690671075113162
4389.72937037 0.006865696512763271
4390.4610529 0.007067388170149209
4391.19285739 0.006964511788580114
4391.92478386 0.006849213947253137
4392.65683233 0.006972098457705008
4393.38900281 0.007178070586981298
4394.12129533 0.007233701070435447
4394.85370992 0.007105148708789613
4395.58624658 0.006986825022086859
4396.31890534 0.006860787295194203
4397.05168622 0.0070503745472904255
4397.78458924 0.0074077082221475615
4398.51761442 0.007453216766404713
4399.25076179 0.0072732557989433995
4399.98403135 0.007161526305862331
4400.71742314 0.006999778995018241
4401.45093716 0.006839797732637006
4402.18457346 0.006807065743847098
4402.91833203 0.0068963832105479895
4403.65221291 0.006984063219762067
4404.38621611 0.006940893355526873
4405.12034165 0.006867845762451683
4405.85458956 0.00676356713328575
4406.58895986 0.006879328531830809
4407.32345255 0.0070400399439463366
4408.05806768 0.007045804590355604
4408.79280525 0.0069422067504980355
4409.52766529 0.0068333240321047685
4410.26264781 0.00686854170863689
4410.99775284 0.007051893401307434
4411.7329804 0.00709670781341332
4412.46833051 0.007056753969041824
4413.20380319 0.007072571592027877
4413.93939845 0.007195627520776856
4414.67511633 0.007150219787768577
4415.41095683 0.006863947913061262
4416.14691999 0.006613188162626239
4416.88300581 0.00673039938516524
4417.61921433 0.006858821203090315
4418.35554556 0.0068403953209638805
4419.09199952 0.0069759788833442735
4419.82857623 0.007131420327503502
4420.56527572 0.00715960712516214
4421.302098 0.007079547431304375
4422.03904309 0.00701998716395797
4422.77611102 0.007015192537046165
4423.5133018 0.006988480071896253
4424.25061546 0.00701175265614751
4424.98805201 0.0070821902415349955
4425.72561148 0.007162607970863072
4426.46329389 0.00718845646386261
4427.20109925 0.007194968960599156
4427.93902759 0.007179329316807194
4428.67707894 0.007037224101567407
4429.41525329 0.007144918476480905
4430.15355069 0.007171230468401592
4430.89197115 0.006978145780882231
4431.63051469 0.0068659270756938505
4432.36918133 0.007005787511268711
4433.10797109 0.007092545018547857
4433.84688399 0.007023170889802718
4434.58592006 0.006950028307772252
4435.32507931 0.00693178982673188
4436.06436176 0.006846756551147358
4436.80376743 0.006768541139899876
4437.54329636 0.0068879663303765834
4438.28294854 0.007036748901611772
4439.02272401 0.007110550551524322
4439.76262279 0.007272026047919473
4440.50264489 0.007299314187546403
4441.24279034 0.0071524314130394975
4441.98305916 0.006992756499090815
4442.72345137 0.006829579989671036
4443.46396699 0.006717575002315893
4444.20460603 0.006689747798678892
4444.94536853 0.006688734724429151
4445.6862545 0.006835626943941189
4446.42726395 0.007133237984414449
4447.16839692 0.007194530037753452
4447.90965343 0.007032665260067258
4448.65103348 0.006935703792148879
4449.39253711 0.007100371726464767
4450.13416433 0.007139956781321802
4450.87591517 0.006926657195877959
4451.61778965 0.0068335020477480295
4452.35978778 0.00696990054410174
4453.10190958 0.006998515867910235
4453.84415509 0.006937211760998923
4454.58652431 0.006914044318105202
4455.32901727 0.006824073441663937
4456.07163399 0.006663821469124916
4456.81437449 0.0067186225687426585
4457.55723879 0.006825877543743703
4458.30022691 0.006824869626301316
4459.04333887 0.006797676338170789
4459.78657469 0.00676524172295073
4460.5299344 0.006733440069245408
4461.27341801 0.006806027306674549
4462.01702555 0.006747466745556305
4462.76075703 0.006562139925717323
4463.50461247 0.0066791684311646084
4464.2485919 0.0069231934063146506
4464.99269534 0.006982363164361556
4465.73692281 0.006795725133781323
4466.48127432 0.0067538331589264275
4467.22574991 0.006804177786484741
4467.97034958 0.006812007238745961
4468.71507336 0.00684705273171107
4469.45992128 0.006682481560091268
4470.20489335 0.006536430513883502
4470.94998958 0.006582366104127084
4471.69521002 0.006494191032461038
4472.44055466 0.006283911216281004
4473.18602354 0.006476577670679224
4473.93161668 0.006766541796277098
4474.67733409 0.0070021766256358284
4475.42317579 0.007086563231201873
4476.16914182 0.007012261237832327
4476.91523218 0.006961603817319428
4477.6614469 0.007088807922441715
4478.407786 0.007164951454864982
4479.15424951 0.007159505568509617
4479.90083743 0.00712604559497298
4480.64754979 0.006919305777633599
4481.39438662 0.006631239976179196
4482.14134793 0.006334484197176822
4482.88843374 0.006335062668454587
4483.63564408 0.006683042050736037
4484.38297896 0.006996611344593353
4485.13043841 0.007007778602595318
4485.87802245 0.006992082775511896
4486.62573109 0.007061036561995934
4487.37356437 0.007147917476347683
4488.12152229 0.007106234442100104
4488.86960488 0.006874057778654205
4489.61781216 0.006611655386122817
4490.36614416 0.006499136555547172
4491.11460088 0.006632709627281129
4491.86318236 0.006781165854815886
4492.61188862 0.006848348794589616
4493.36071967 0.006958513552827016
4494.10967553 0.007011461471228117
4494.85875623 0.006904328675568059
4495.60796179 0.006719440468873554
4496.35729223 0.006714755613798591
4497.10674756 0.006759770240325334
4497.85632782 0.0067553369255135805
4498.60603301 0.00687497660312447
4499.35586317 0.007042948519534566
4500.10581831 0.007090474595939513
4500.85589845 0.0070956133249648196
4501.60610361 0.006952295409244778
4502.35643382 0.0067456902873039935
4503.1068891 0.0067837262611547215
4503.85746946 0.007088185762036648
4504.60817493 0.007331797972937654
4505.35900552 0.007359492834926764
4506.10996127 0.007246046063057739
4506.86104219 0.00710385207332049
4507.61224829 0.006941078867414433
4508.36357961 0.006929184290503625
4509.11503616 0.006984307428823217
4509.86661796 0.006996247347640767
4510.61832504 0.007047275879623477
4511.37015741 0.007080555313822386
4512.1221151 0.00709425994003024
4512.87419812 0.007008688619049405
4513.6264065 0.006872454698665294
4514.37874026 0.006871483771988232
4515.13119942 0.0068674704780330165
4515.883784 0.006767483312940634
4516.63649403 0.006760398306110487
4517.38932951 0.006926240340295529
4518.14229048 0.006950359073314256
4518.89537695 0.0067578010918592285
4519.64858894 0.006731513041889792
4520.40192648 0.006917138408312026
4521.15538959 0.006870008668450725
4521.90897829 0.007017994407143038
4522.66269259 0.0071533546390776075
4523.41653252 0.0067888037394863935
4524.17049811 0.006543021004554917
4524.92458936 0.006747163888905664
4525.67880631 0.006693291193026391
4526.43314897 0.006595482924747028
4527.18761737 0.006621468099189596
4527.94221152 0.006539308267378849
4528.69693145 0.0065197468840630145
4529.45177717 0.006410223295721327
4530.20674871 0.006315871623721962
4530.96184609 0.006492538051289866
4531.71706933 0.0065869864400797005
4532.47241846 0.006543265913308377
4533.22789348 0.006694825750897907
4533.98349443 0.006635938946979273
4534.73922132 0.0063706657390968
4535.49507418 0.006265808367947622
4536.25105302 0.006282730068558243
4537.00715787 0.006330212428276142
4537.76338874 0.006645055580872678
4538.51974567 0.006937918643476881
4539.27622867 0.006918240242230798
4540.03283775 0.006816655786007139
4540.78957295 0.006771123661254103
4541.54643428 0.006643560080027655
4542.30342177 0.006528744465885881
4543.06053543 0.006575128011738411
4543.81777529 0.006746622617762433
4544.57514136 0.00683285985327309
4545.33263368 0.0066460937432202645
4546.09025225 0.006468397844464397
4546.8479971 0.006556313802193951
4547.60586826 0.006718582659938719
4548.36386573 0.006695274856487793
4549.12198955 0.0066976440901976506
4549.88023974 0.006533548383091955
4550.6386163 0.006227441534847426
4551.39711928 0.00649160573588256
4552.15574868 0.0068383681060709
4552.91450454 0.006655313123950368
4553.67338686 0.006402320819296628
4554.43239567 0.0064501096539
4555.191531 0.006411645823894564
4555.95079286 0.0063309801675298346
4556.71018127 0.006321439116188634
4557.46969626 0.00652334815625114
4558.22933784 0.006802534196339779
4558.98910604 0.006788282946570814
4559.74900088 0.006618484878635791
4560.50902239 0.006735191670364177
4561.26917057 0.006783584123193132
4562.02944545 0.006751616136261331
4562.78984706 0.006822371135889365
4563.55037541 0.006857777445224611
4564.31103052 0.006696018481430716
4565.07181242 0.006505945685052967
4565.83272113 0.006544510515174747
4566.59375667 0.006525998552516187
4567.35491906 0.00656537585401262
4568.11620832 0.006715627820769243
4568.87762447 0.006797466275812556
4569.63916753 0.0067427707336092345
4570.40083753 0.006780425115003583
4571.16263448 0.006844243415851888
4571.92455842 0.006678269116220523
4572.68660934 0.006392864157941096
4573.44878729 0.006406056464950578
4574.21109228 0.006750350276570284
4574.97352433 0.0068814322596002005
4575.73608346 0.0066940886833260806
4576.4987697 0.006643534133636404
4577.26158306 0.0066644942200642
4578.02452357 0.006655030270470111
4578.78759124 0.006724884740133832
4579.5507861 0.006659488770638805
4580.31410818 0.006487021106956918
4581.07755748 0.006370749532869352
4581.84113404 0.006365174577804383
4582.60483787 0.006496451027007059
4583.36866899 0.006604910890689367
4584.13262743 0.006468184551101991
4584.89671321 0.0062501843898130245
4585.66092634 0.0062811238313878375
4586.42526685 0.006453105203617301
4587.18973477 0.00647663069342937
4587.95433011 0.006593000170220574
4588.71905289 0.006702503039789526
4589.48390313 0.00667794242018461
4590.24888086 0.006648628122004953
4591.0139861 0.006572185435708515
4591.77921886 0.006482036498361006
4592.54457918 0.0063620519650700634
4593.31006706 0.006302371821780162
4594.07568254 0.00641395792607856
4594.84142563 0.006504877644881626
4595.60729636 0.006436280767921764
4596.37329474 0.006315875611488422
4597.1394208 0.006298483205745797
4597.90567455 0.006466357545898761
4598.67205603 0.006488673378431612
4599.43856524 0.006468538990583773
4600.20520222 0.006577377942751739
4600.97196699 0.006524114368381569
4601.73885955 0.0062911869743010026
4602.50587995 0.006294866194361944
4603.27302819 0.00637603705664608
4604.0403043 0.0063624462623287446
4604.8077083 0.006378561872929698
4605.57524021 0.006313373682691877
4606.34290005 0.006291251510192934
4607.11068785 0.006360282167342602
4607.87860362 0.006402897260372008
4608.64664739 0.006443281093515188
4609.41481918 0.006663654082888131
4610.183119 0.006719745094055361
4610.95154689 0.006652539638284425
4611.72010286 0.006649201109107131
4612.48878693 0.006514514238047591
4613.25759913 0.006508798887607035
4614.02653947 0.006485564540221512
4614.79560798 0.0063880402018470055
4615.56480468 0.006500813676955479
4616.33412959 0.006609707769972146
4617.10358273 0.006485259935332348
4617.87316412 0.00650964348459269
4618.64287379 0.006743501831408379
4619.41271176 0.006807485187540862
4620.18267804 0.006539346065917766
4620.95277266 0.0063220921372428235
4621.72299563 0.006307456513182326
4622.49334699 0.006435497779049478
4623.26382676 0.0065291151113646756
4624.03443494 0.006577358189919373
4624.80517158 0.006714362074594311
4625.57603667 0.006695080844210057
4626.34703026 0.006589446968914042
4627.11815236 0.006488006354000718
4627.88940299 0.006424174678845185
4628.66078217 0.006441304165040723
4629.43228992 0.006417416479116256
4630.20392627 0.006293964050150631
4630.97569124 0.006286845342722798
4631.74758484 0.006502117522064745
4632.51960711 0.006661275420934734
4633.29175805 0.00659769757314978
4634.0640377 0.006396935484613916
4634.83644607 0.006308848910079602
4635.60898319 0.006327943860056272
4636.38164907 0.006366998919926635
4637.15444374 0.006405784864357226
4637.92736723 0.0064492973652147565
4638.70041954 0.0063415663939008216
4639.47360071 0.0063345677281438665
4640.24691075 0.006388751187769955
4641.02034969 0.006331634720990902
4641.79391754 0.0063771951617408945
4642.56761433 0.006484830326405086
4643.34144008 0.006550671904489564
4644.11539482 0.006559672890416971
4644.88947856 0.0065592388069473
4645.66369132 0.006638153282023286
4646.43803313 0.006532807383038861
4647.212504 0.006296154814072013
4647.98710397 0.006239723346782332
4648.76183305 0.006279257659972068
4649.53669125 0.0062602529298481984
4650.31167862 0.006258220645950114
4651.08679515 0.006399215369095284
4651.86204089 0.006447895536473993
4652.63741584 0.006320956739080618
4653.41292003 0.006306345124241948
4654.18855349 0.006470516084930728
4654.96431623 0.006480052979406805
4655.74020827 0.0063193620765242525
4656.51622964 0.006330619109688449
4657.29238035 0.006311013395149943
4658.06866044 0.00624811980643609
4658.84506991 0.006374590193068786
4659.6216088 0.00662357945618005
4660.39827712 0.006695410877677009
4661.1750749 0.006649429230493885
4661.95200215 0.006537839730717581
4662.72905891 0.0063639134969418
4663.50624518 0.006281823908679934
4664.283561 0.006259509497005268
4665.06100638 0.006278160692469085
4665.83858134 0.006375982462019891
4666.61628591 0.006439001384382508
4667.39412011 0.006288884096313737
4668.17208396 0.006038921640760543
4668.95017748 0.00597175752226605
4669.72840069 0.006116518601211774
4670.50675362 0.006206942799991919
4671.28523628 0.006193219291440719
4672.0638487 0.0063184087039367415
4672.84259091 0.006481391359936823
4673.62146291 0.006408594880728772
4674.40046473 0.006330107546834524
4675.1795964 0.006339452309201614
4675.95885794 0.0062727755148082025
4676.73824936 0.006356682109160003
4677.5177707 0.0064844976865716586
4678.29742196 0.00643370639400508
4679.07720318 0.006407522319992208
4679.85711437 0.006357217818586771
4680.63715556 0.006260027990846517
4681.41732676 0.006170580819138961
4682.19762801 0.0061938008115095975
4682.97805931 0.006194134678954104
4683.7586207 0.006237995574230692
4684.53931219 0.0064027347914372874
4685.32013381 0.006359562145951039
4686.10108558 0.006271272388218669
4686.88216751 0.006322756341965569
4687.66337964 0.00635048748274994
4688.44472198 0.0062828724700701695
4689.22619456 0.006304549645113956
4690.00779739 0.006431047703072971
4690.78953049 0.006437352227886575
4691.5713939 0.006338292980642306
4692.35338763 0.0062446365840728105
4693.13551171 0.006305185602159834
4693.91776614 0.006380434752108428
4694.70015097 0.006401731335872342
4695.4826662 0.0064552368196826105
4696.26531187 0.006507891356454245
4697.04808798 0.006542232289137722
4697.83099457 0.00648614697916416
4698.61403165 0.006456679221113541
4699.39719925 0.006288006221893234
4700.18049739 0.006078221077614705
4700.96392609 0.006216730443520515
4701.74748538 0.006226431279648851
4702.53117526 0.006114131001513923
4703.31499577 0.006176019124852654
4704.09894693 0.0061207257150409445
4704.88302876 0.0061599227781213755
4705.66724128 0.006357043104356679
4706.45158452 0.006410287593942438
4707.23605849 0.006350167926345024
4708.02066321 0.006203851684481772
4708.80539871 0.006134245507234918
4709.59026502 0.006160868534414861
4710.37526214 0.006121099485053811
4711.16039011 0.006104875420281908
4711.94564895 0.006255708723609403
4712.73103867 0.006389474516683014
4713.5165593 0.006339291514923461
4714.30221086 0.006138943503493607
4715.08799338 0.005968520563162113
4715.87390687 0.005976251032283306
4716.65995136 0.0060131711098504225
4717.44612686 0.006035822500567638
4718.2324334 0.006094236252438453
4719.01887101 0.006142705437679375
4719.8054397 0.006201043606199824
4720.5921395 0.006262944930844111
4721.37897042 0.006382075736566324
4722.1659325 0.006426499400513837
4722.95302574 0.0063557234970140165
4723.74025018 0.006215384634286223
4724.52760583 0.006237612468878511
4725.31509272 0.0064444786382946715
4726.10271087 0.00653697678725677
4726.8904603 0.006536852632084531
4727.67834103 0.006431144334218422
4728.46635309 0.006161172134925899
4729.25449649 0.005958590448173809
4730.04277126 0.005960364172048934
4730.83117742 0.006009012111456986
4731.61971499 0.00609078184341489
4732.408384 0.006029478977166873
4733.19718446 0.005977883445098731
4733.9861164 0.006136270173170054
4734.77517984 0.006119112693739324
4735.5643748 0.0061477298407012345
4736.35370131 0.006309948240897117
4737.14315938 0.0062632012366514635
4737.93274903 0.006029602537275542
4738.7224703 0.0060196158883636395
4739.5123232 0.006288759555125782
4740.30230775 0.0063094829047321815
4741.09242397 0.006235239773923035
4741.8826719 0.006203226059779534
4742.67305154 0.006119830565567813
4743.46356292 0.006101648090640961
4744.25420607 0.006222706807798508
4745.044981 0.006352237531760495
4745.83588773 0.006257652436139857
4746.6269263 0.006189531153421842
4747.41809672 0.006265884324141851
4748.20939901 0.00630714164004544
4749.00083319 0.0063560399190191255
4749.79239929 0.0063547742084464395
4750.58409733 0.0061786603770134585
4751.37592733 0.0062543183591903745
4752.16788931 0.006329364924996419
4752.9599833 0.00618699738306659
4753.75220932 0.006209042615471748
4754.54456738 0.006289176611947566
4755.33705751 0.006205031410612262
4756.12967974 0.006251174738547603
4756.92243408 0.006261905714298871
4757.71532056 0.006184562630091718
4758.50833919 0.006179031475597461
4759.30149001 0.006136548003844002
4760.09477303 0.006148045753297887
4760.88818828 0.006170203476834425
4761.68173577 0.006217371427459414
4762.47541553 0.006138360004888667
4763.26922758 0.005942782963957474
4764.06317195 0.005892387389082837
4764.85724865 0.005968113483807356
4765.6514577 0.005927105808305115
4766.44579914 0.005968714974190019
4767.24027298 0.005909465836572726
4768.03487924 0.005916551081156551
4768.82961794 0.006030144205928256
4769.62448912 0.005956795351517421
4770.41949278 0.0059905495553442
4771.21462896 0.006129766358890318
4772.00989766 0.006149155056835771
4772.80529893 0.006007103182028584
4773.60083277 0.0058977629584755975
4774.39649921 0.0059424723204934814
4775.19229828 0.006100536144869802
4775.98822999 0.006151849188898646
4776.78429436 0.0060161604444075745
4777.58049143 0.005993863485048911
4778.3768212 0.006173027597688399
4779.17328371 0.006198124025648268
4779.96987897 0.006147392393229143
4780.76660701 0.006038590759991507
4781.56346784 0.006032684812710908
4782.3604615 0.006037942676671244
4783.15758801 0.005960721544451688
4783.95484737 0.00591525311370829
4784.75223963 0.00586551846341092
4785.54976479 0.0059727292649239105
4786.34742289 0.006029711403814972
4787.14521394 0.005923183525000134
4787.94313797 0.005777668278330052
4788.741195 0.00586660060192905
4789.53938504 0.005936103251775163
4790.33770813 0.005830332564936317
4791.13616429 0.0058025040930763504
4791.93475353 0.0058897510714642975
4792.73347588 0.00591080370339149
4793.53233136 0.005890437871620691
4794.33132 0.005977715491687117
4795.13044181 0.006117018870353377
4795.92969682 0.006189669082368442
4796.72908505 0.006203045157429866
4797.52860652 0.006050099278546635
4798.32826126 0.005990083376890008
4799.12804928 0.005919763361128791
4799.92797061 0.005828595704099432
4800.72802528 0.005850290219810784
4801.5282133 0.005830374902307412
4802.32853469 0.005877959089175406
4803.12898948 0.00600137511956189
4803.92957769 0.006049224314013538
4804.73029935 0.006067265536653896
4805.53115447 0.0060042776754963495
4806.33214307 0.005855157044004407
4807.13326519 0.005816203268880201
4807.93452084 0.0058243000509408515
4808.73591004 0.005807864991694124
4809.53743281 0.005794497578557199
4810.33908919 0.005815464215453538
4811.14087918 0.005889493212573481
4811.94280282 0.0058633550861464465
4812.74486013 0.005852848206601986
4813.54705112 0.005847329116442646
4814.34937582 0.005841964158110279
4815.15183425 0.0058766825319623356
4815.95442644 0.0058497325740575375
4816.7571524 0.005769663729351533
4817.56001216 0.005799667071267435
4818.36300574 0.005937254024089974
4819.16613317 0.006008896268305073
4819.96939446 0.0060208315701721915
4820.77278964 0.0059860030774596335
4821.57631873 0.005967960300176006
4822.37998176 0.005977150894358953
4823.18377873 0.005968397526024893
4823.98770969 0.0058165344779005255
4824.79177465 0.005605671608290471
4825.59597362 0.005640724250264894
4826.40030664 0.005790609666227353
4827.20477373 0.005881839675335987
4828.00937491 0.005893331323033275
4828.8141102 0.005818975311016288
4829.61897962 0.005831229818312406
4830.4239832 0.005826762878239456
4831.22912096 0.006017406862150857
4832.03439291 0.0060479907029486815
4832.83979909 0.005819392990756163
4833.64533952 0.005678043928179603
4834.45101421 0.005752541710228814
4835.2568232 0.005879073976600252
4836.0627665 0.005891031081249084
4836.86884413 0.005791342597380944
4837.67505612 0.005765132000682824
4838.48140249 0.005920006880218239
4839.28788326 0.005891163817360863
4840.09449846 0.0057378703434694985
4840.9012481 0.005602142179856353
4841.70813221 0.005655980714748975
4842.51515082 0.0058349744343133185
4843.32230394 0.005827392828134235
4844.12959159 0.0056295062010284
4844.93701381 0.005526679553529361
4845.74457061 0.005651005790706472
4846.55226201 0.005729449184478656
4847.36008803 0.005675732737785906
4848.16804871 0.005652666442528356
4848.97614406 0.0056145350656226205
4849.7843741 0.005506532257745165
4850.59273886 0.005601243648781109
4851.40123835 0.0057731241149735334
4852.20987261 0.005676291806160723
4853.01864165 0.005483903191811259
4853.8275455 0.00550244334588774
4854.63658417 0.0055875281109111575
4855.4457577 0.005453226278819391
4856.2550661 0.005095926422301466
4857.0645094 0.004953861562029187
4857.87408761 0.005159938195279008
4858.68380077 0.005340419877706158
4859.49364889 0.00559591622611984
4860.30363199 0.006180815775195629
4861.1137501 0.007132416142813031
4861.92400325 0.008044527253145431
4862.73439145 0.008406158631121707
4863.54491472 0.00827060372724083
4864.35557309 0.007383424414307978
4865.16636659 0.006166123328414623
4865.97729522 0.005451943978361129
4866.78835902 0.0052475764731640465
4867.59955802 0.005261578511664918
4868.41089222 0.005328099047833026
4869.22236165 0.005233954239590519
4870.03396635 0.005347832959357613
4870.84570632 0.005529843066239379
4871.65758159 0.0054566087718130344
4872.46959218 0.005222171379358563
4873.28173813 0.005225418505748432
4874.09401944 0.005436483037673707
4874.90643614 0.0055112528845389485
4875.71898826 0.005522800695795336
4876.53167581 0.005472032585626449
4877.34449882 0.005474135511070109
4878.15745732 0.00568435935022528
4878.97055132 0.005713376515908119
4879.78378084 0.005735075005912365
4880.59714592 0.005949080189012152
4881.41064657 0.005886372129366434
4882.22428281 0.005679101970224918
4883.03805467 0.0055664839298110716
4883.85196217 0.005666412952582826
4884.66600533 0.005744090246596012
4885.48018418 0.005742185992065243
4886.29449873 0.005610565759642643
4887.10894902 0.005456034517513206
4887.92353506 0.005414841768881292
4888.73825687 0.005461784592469958
4889.55311448 0.005523742187256535
4890.36810792 0.005547325199047853
4891.18323719 0.0056270532283773855
4891.99850234 0.0053761150090615665
4892.81390337 0.005348987216558563
4893.62944031 0.005660324241519021
4894.44511319 0.005728538218309091
4895.26092202 0.005832078691482622
4896.07686684 0.006049698976726253
4896.89294765 0.006153495648740151
4897.70916449 0.006139425838957619
4898.52551738 0.00612850672356503
4899.34200634 0.006100689056506327
4900.15863139 0.005927177241856008
4900.97539256 0.005585343186578705
4901.79228986 0.005554992555237806
4902.60932333 0.005758489312723014
4903.42649298 0.005807013727702142
4904.24379883 0.005707362660869102
4905.06124092 0.005612393091229657
4905.87881926 0.005694251833929615
4906.69653387 0.005926211659285602
4907.51438477 0.0059646660581803065
4908.332372 0.005657096636482461
4909.15049557 0.005403665288306183
4909.96875551 0.0054277813104662365
4910.78715183 0.005523800523661033
4911.60568457 0.005497386064548596
4912.42435373 0.005532039962328385
4913.24315936 0.005646424458973237
4914.06210146 0.005782244169595725
4914.88118007 0.005773189569088345
4915.7003952 0.005755925089859559
4916.51974687 0.005840968889453532
4917.33923512 0.005975343264290894
4918.15885996 0.006011229272629262
4918.97862141 0.005853256442684675
4919.79851951 0.005581756986446788
4920.61855426 0.0054213862682637275
4921.4387257 0.0052493592927048685
4922.25903384 0.005189758423092867
4923.07947872 0.005335885056817489
4923.90006034 0.005560986700184409
4924.72077875 0.005656502331690081
4925.54163394 0.0054567995536205114
4926.36262596 0.0054315567723676106
4927.18375483 0.005681455097531108
4928.00502056 0.005906422336933457
4928.82642318 0.0058496419819915645
4929.64796271 0.005869476136065783
4930.46963917 0.006008422377427702
4931.29145259 0.005936416129744652
4932.113403 0.005931753177809093
4932.9354904 0.006005821814678902
4933.75771483 0.005873510001741584
4934.58007631 0.005497182156364375
4935.40257487 0.005347208372260028
4936.22521051 0.005660446531518418
4937.04798328 0.005834716781023261
4937.87089318 0.005798810879754497
4938.69394025 0.005620605626200279
4939.5171245 0.005411534396217633
4940.34044597 0.005399704966045282
4941.16390466 0.005643607315662697
4941.98750061 0.005832983202216776
4942.81123383 0.005789014371453387
4943.63510436 0.0057122890748985185
4944.45911221 0.005722164720439345
4945.28325741 0.0056904939328481455
4946.10753997 0.005552513257864371
4946.93195993 0.005546736001694816
4947.7565173 0.005675616966112019
4948.58121211 0.005777046055240739
4949.40604438 0.005778516634341798
4950.23101413 0.0058404616079035096
4951.05612139 0.0058395113213398075
4951.88136618 0.005849307704577837
4952.70674852 0.005932162121824836
4953.53226843 0.005856140825628826
4954.35792595 0.005680341239312129
4955.18372108 0.00558921518007871
4956.00965386 0.0055721312347546716
4956.83572431 0.005555796953236007
4957.66193245 0.005397533980350386
4958.48827829 0.005052066199926562
4959.31476188 0.004999742687972658
4960.14138322 0.005287017689397323
4960.96814235 0.005491802967467955
4961.79503928 0.005564238451663129
4962.62207404 0.005537084987759749
4963.44924664 0.005468794669396507
4964.27655712 0.005490251589258192
4965.1040055 0.005523484562432831
4965.9315918 0.005401018713386998
4966.75931604 0.005321716991235276
4967.58717825 0.005346783542721445
4968.41517844 0.005362630582695458
4969.24331665 0.005307950878169624
4970.07159289 0.005335559867595646
4970.90000719 0.0054131679036246326
4971.72855957 0.005341345075943183
4972.55725005 0.0053377685221976
4973.38607866 0.005465594314224948
4974.21504541 0.00552950469190611
4975.04415035 0.005531090849484199
4975.87339347 0.005542004684903658
4976.70277482 0.005521793096512667
4977.53229441 0.005511811398036224
4978.36195226 0.0055626740064618745
4979.1917484 0.005477412894326611
4980.02168285 0.0053333521297022485
4980.85175563 0.005273764001800066
4981.68196677 0.005247373971390177
4982.5123163 0.005182285278312553
4983.34280422 0.00501812027610582
4984.17343057 0.005043159553796735
4985.00419537 0.005152131567695391
4985.83509864 0.005263008500266527
4986.66614041 0.005248164806760402
4987.4973207 0.005276649327883334
4988.32863953 0.005383901357581029
4989.16009692 0.005407471131358373
4989.9916929 0.005359386410244282
4990.82342749 0.005390822275114351
4991.65530072 0.005379624076455827
4992.4873126 0.005192241358407067
4993.31946316 0.005285859502599743
4994.15175243 0.005397929769967946
4994.98418042 0.005274701175370478
4995.81674716 0.005289762901023707
4996.64945268 0.0053944750888520665
4997.48229699 0.0053823285376292385
4998.31528012 0.005301175137249568
4999.14840209 0.0052833847989251104
4999.98166293 0.005216029381962821
5000.81506265 0.0050791496695857166
5001.64860129 0.005031542740282344
5002.48227886 0.0050548502950062855
5003.31609539 0.005076338087053662
5004.1500509 0.005204548484655676
5004.98414541 0.005287240968541876
5005.81837895 0.005204744611089485
5006.65275155 0.005073241541357313
5007.48726321 0.00500911072800299
5008.32191398 0.005057792150611227
5009.15670386 0.005206302633332835
5009.99163289 0.005389931883508188
5010.82670108 0.005327889838205288
5011.66190846 0.005275780661968886
5012.49725505 0.005269128171604767
5013.33274089 0.005106276721243888
5014.16836598 0.005102635581937498
5015.00413035 0.005050937596516479
5015.84003403 0.004948677817101547
5016.67607703 0.004968739847123632
5017.51225939 0.005031724713138724
5018.34858113 0.005146705212524591
5019.18504226 0.0050688332303101815
5020.02164282 0.005025175438025588
5020.85838282 0.005098142449001424
5021.69526229 0.005136835150353843
5022.53228125 0.005179292026531177
5023.36943972 0.0050392671527543535
5024.20673773 0.005070743832861954
5025.04417531 0.005299272381897753
5025.88175247 0.005359318658417307
5026.71946923 0.00532199332480515
5027.55732563 0.005380028985435224
5028.39532168 0.005282580143190165
5029.23345741 0.005188501328550838
5030.07173284 0.0053428152188890595
5030.910148 0.005428139866474065
5031.7487029 0.0053406028683781175
5032.58739757 0.005343814678052735
5033.42623204 0.0055119244375550274
5034.26520633 0.005632219632196744
5035.10432045 0.005559532806429527
5035.94357444 0.005374741853617808
5036.78296832 0.00512762104426973
5037.6225021 0.005027898920859306
5038.46217582 0.005288266852166888
5039.3019895 0.005350960557161815
5040.14194316 0.0051497984565625245
5040.98203683 0.00504418948005088
5041.82227052 0.004877440369310177
5042.66264426 0.004748750108648903
5043.50315807 0.005013190574857158
5044.34381198 0.005329267618738173
5045.18460602 0.005381631813176415
5046.02554019 0.005485938968046598
5046.86661454 0.005585212453999128
5047.70782907 0.00554730577442923
5048.54918382 0.005363772605353797
5049.39067881 0.005164445849653192
5050.23231406 0.0050819987681328255
5051.07408959 0.005106357866595828
5051.91600543 0.005212273787756262
5052.7580616 0.005209211556236909
5053.60025812 0.0052492697070683925
5054.44259502 0.005355216120740206
5055.28507233 0.005429963970816312
5056.12769006 0.005453158073626056
5056.97044823 0.00532561666813967
5057.81334688 0.005257484146885877
5058.65638602 0.0053421186170462395
5059.49956568 0.005476819712796273
5060.34288589 0.0055723118941911004
5061.18634665 0.005495190358750661
5062.02994801 0.005569330890302964
5062.87368998 0.0056227259052641
5063.71757258 0.005544261093110055
5064.56159584 0.005424400857501493
5065.40575979 0.005163467398126261
5066.25006444 0.004972057955390736
5067.09450982 0.0051855141649556815
5067.93909595 0.005368060051535782
5068.78382286 0.005231296405815143
5069.62869056 0.00513196689582204
5070.47369909 0.005136677565957714
5071.31884847 0.005246629503722162
5072.16413872 0.005310856226272446
5073.00956986 0.005181340728144632
5073.85514192 0.005115616795778745
5074.70085491 0.005342027118083205
5075.54670888 0.005504325900917036
5076.39270382 0.005427952225424067
5077.23883978 0.005226087235644421
5078.08511678 0.005177156716194303
5078.93153483 0.005363448588395808
5079.77809396 0.005314836053585165
5080.6247942 0.004980439103867033
5081.47163557 0.004852483632881192
5082.31861809 0.004963311756006126
5083.16574178 0.005100531007359296
5084.01300668 0.005085733231692004
5084.86041279 0.005091279351549636
5085.70796016 0.0051814021794864915
5086.55564879 0.0051346823680784815
5087.40347871 0.005134295803647166
5088.25144996 0.005094420291168715
5089.09956254 0.005172906690834084
5089.94781649 0.005239421104391039
5090.79621182 0.005247192102477041
5091.64474856 0.005153784602512798
5092.49342674 0.004998583991057631
5093.34224638 0.005078822183765575
5094.1912075 0.005285628745903144
5095.04031012 0.005355991065888247
5095.88955428 0.005278080160831419
5096.73893998 0.005172810520783703
5097.58846727 0.005088273147706845
5098.43813615 0.005097894682965439
5099.28794665 0.005125872040919845
5100.1378988 0.004879583538850797
5100.98799263 0.004863038744581775
5101.83822814 0.005015941560131027
5102.68860538 0.005168216029875097
5103.53912435 0.005280908896072435
5104.38978509 0.005250145914194919
5105.24058762 0.00524208537376743
5106.09153196 0.005163683540049025
5106.94261814 0.005157984391353447
5107.79384618 0.00518336470814644
5108.6452161 0.005040367669077205
5109.49672792 0.005039268974292053
5110.34838168 0.005081074577057454
5111.20017739 0.005073165294638602
5112.05211508 0.005093240517095332
5112.90419477 0.005165878177552737
5113.75641649 0.005110533428506275
5114.60878025 0.0050272597663922015
5115.46128609 0.005136379990188646
5116.31393402 0.005223059195864955
5117.16672407 0.005192657551896669
5118.01965627 0.005264360456816536
5118.87273063 0.005441679949953749
5119.72594719 0.005345565980301949
5120.57930596 0.005228773908375771
5121.43280697 0.005186170968580796
5122.28645024 0.005108288363075383
5123.14023579 0.005082998301219278
5123.99416366 0.0050010782162772495
5124.84823385 0.004796238492242767
5125.70244641 0.004856588960048733
5126.55680134 0.004952675342623206
5127.41129868 0.004949472447804899
5128.26593845 0.004875403633388244
5129.12072067 0.004880141539061843
5129.97564537 0.004961800496794748
5130.83071256 0.004850825528975336
5131.68592228 0.004927963789704214
5132.54127454 0.005075133545669589
5133.39676938 0.0050826119707787845
5134.25240681 0.005007433356109812
5135.10818685 0.0050264489090190035
5135.96410954 0.005220417431075907
5136.8201749 0.005335141260441825
5137.67638294 0.005168690136505081
5138.5327337 0.005049111365968193
5139.3892272 0.005151348103752689
5140.24586345 0.004966692588285153
5141.10264249 0.004931495196482492
5141.95956434 0.005214033214646791
5142.81662902 0.005184365892639387
5143.67383656 0.004899253535637381
5144.53118697 0.004828753386643383
5145.38868029 0.005057313775708947
5146.24631654 0.005043927195683271
5147.10409574 0.0049029994317290205
5147.96201791 0.004892585330063144
5148.82008309 0.004899968298307435
5149.67829128 0.004909725754060619
5150.53664253 0.0049900108675773125
5151.39513684 0.004946208705514894
5152.25377425 0.004908258456317961
5153.11255477 0.004908209349966292
5153.97147844 0.004914719346505605
5154.83054527 0.004813267128500262
5155.6897553 0.004741950314926697
5156.54910853 0.004895706079965889
5157.40860501 0.005007454511193185
5158.26824474 0.005078455120432682
5159.12802776 0.00517190882474246
5159.98795409 0.005050130816205406
5160.84802376 0.004883621316683875
5161.70823678 0.004922699184489066
5162.56859318 0.004987833397388519
5163.42909298 0.004934749025369243
5164.28973621 0.004937113273649041
5165.1505229 0.004996005319538639
5166.01145306 0.004867983183951138
5166.87252673 0.004660231979186109
5167.73374391 0.004422560335987386
5168.59510465 0.004226749641933075
5169.45660896 0.0042540867961917955
5170.31825686 0.00431046444519777
5171.18004838 0.004539266243070972
5172.04198355 0.004641685047398627
5172.90406239 0.004468973427036873
5173.76628491 0.0042747500340474115
5174.62865116 0.004277715851440366
5175.49116114 0.00448633657272803
5176.35381488 0.004677780426805495
5177.21661242 0.004684995793201762
5178.07955376 0.004663593279338034
5178.94263894 0.0046851285982268415
5179.80586798 0.004712342526326643
5180.66924091 0.0047197197037690776
5181.53275774 0.004691917221809577
5182.3964185 0.0046561864425119755
5183.26022322 0.004603162924999998
5184.12417192 0.004425908423804444
5184.98826462 0.004223047942604798
5185.85250135 0.004354777834140028
5186.71688213 0.004578889770430571
5187.58140698 0.004707599590437143
5188.44607594 0.004846425149624073
5189.31088902 0.004798627852885173
5190.17584624 0.004758301024102027
5191.04094764 0.004967223915306752
5191.90619323 0.0049938727457459605
5192.77158304 0.004655376664232744
5193.6371171 0.004417508458768441
5194.50279543 0.00452738153068665
5195.36861804 0.004738346986054261
5196.23458497 0.00470427181682092
5197.10069624 0.004665004607170858
5197.96695188 0.004777929950797883
5198.8333519 0.004808698874954817
5199.69989634 0.0048154358521136096
5200.56658521 0.004846064881670655
5201.43341854 0.004786613620465946
5202.30039636 0.004801060860183098
5203.16751868 0.0048121545067172766
5204.03478554 0.004727893247131757
5204.90219695 0.004730103572825612
5205.76975294 0.004535876878914953
5206.63745354 0.0043665794748114295
5207.50529877 0.004327745497056016
5208.37328865 0.004460925126473592
5209.24142321 0.004404176851295702
5210.10970247 0.004334481705771915
5210.97812645 0.004501270740360485
5211.84669518 0.004576635609431593
5212.71540869 0.004722495084975528
5213.58426699 0.004866372609170259
5214.45327012 0.004953371463695129
5215.32241809 0.005022615640565786
5216.19171093 0.004948540669036025
5217.06114867 0.004825620697581451
5217.93073133 0.004798457551605462
5218.80045892 0.00481804202022395
5219.67033149 0.004926263524671888
5220.54034904 0.00506095684933651
5221.41051161 0.0050264302718066416
5222.28081922 0.005018995548350865
5223.15127189 0.005035873161221442
5224.02186965 0.005038987994922089
5224.89261252 0.004909267626475358
5225.76350053 0.004698659546425609
5226.6345337 0.004613550908944966
5227.50571205 0.00449921622486767
5228.37703561 0.004354761332177732
5229.2485044 0.004633150342951887
5230.12011845 0.005055492260807286
5230.99187778 0.005113613210102862
5231.86378242 0.005087897991743638
5232.73583239 0.005192779947509819
5233.60802771 0.005061553466509581
5234.4803684 0.0047881869964728485
5235.3528545 0.004768722066875104
5236.22548603 0.004866257347044915
5237.09826301 0.00504904208586305
5237.97118546 0.005148969115058171
5238.84425341 0.005112565642531095
5239.71746689 0.005081303730368424
5240.59082591 0.005053248221682789
5241.4643305 0.0049674027191174835
5242.33798069 0.005007341848392329
5243.2117765 0.005098979933220074
5244.08571796 0.005015327813817123
5244.95980508 0.005009443534608346
5245.8340379 0.005168985046380478
5246.70841644 0.005130003592909178
5247.58294072 0.0048054716014238885
5248.45761076 0.004590233311769142
5249.33242659 0.004766511596409238
5250.20738824 0.005020452582890337
5251.08249573 0.004906206992248753
5251.95774908 0.004723119368140713
5252.83314832 0.004789385696658369
5253.70869347 0.004941784404694373
5254.58438456 0.004997715104186637
5255.46022161 0.004972143500160027
5256.33620464 0.0047382223438917
5257.21233369 0.004782706153321218
5258.08860876 0.005116119758199993
5258.9650299 0.005208548627150666
5259.84159712 0.00517804165467078
5260.71831044 0.005016650005802503
5261.59516989 0.004926435242034368
5262.4721755 0.004908632463135392
5263.34932729 0.004789028952925651
5264.22662529 0.004677412632357026
5265.10406951 0.004532002363401232
5265.98165999 0.004524201609051548
5266.85939674 0.0044692016711796725
5267.73727979 0.004446703301853605
5268.61530917 0.0047174845680533
5269.4934849 0.004751382818746646
5270.37180701 0.004372856675721348
5271.25027551 0.004174863490312997
5272.12889044 0.004456175052887995
5273.00765182 0.004811974159399283
5273.88655967 0.004885357980899453
5274.76561401 0.004829077390957819
5275.64481488 0.004936471980570811
5276.52416229 0.004811803132886994
5277.40365628 0.004751873552969852
5278.28329685 0.005041748168497391
5279.16308405 0.005240120213893012
5280.04301789 0.005242897256911144
5280.9230984 0.005098846400223832
5281.8033256 0.004946372850695887
5282.68369951 0.0049541550320182925
5283.56422017 0.004932690881840886
5284.4448876 0.004863551594647176
5285.32570181 0.004736425212972792
5286.20666284 0.004942227153600279
5287.08777071 0.005256930851782287
5287.96902544 0.0054026813141167486
5288.85042706 0.005320105280610403
5289.73197559 0.005154914777057033
5290.61367106 0.005116334416890162
5291.49551349 0.0052230051938733195
5292.3775029 0.005276653040833123
5293.25963933 0.0052559335067523215
5294.14192279 0.00515410505546101
5295.02435331 0.0051202698587790715
5295.90693092 0.005162819018927709
5296.78965563 0.005124266350184697
5297.67252748 0.0049106043981989545
5298.55554648 0.004658649777611751
5299.43871267 0.00456862251535117
5300.32202606 0.00484950998143908
5301.20548668 0.0051506670185297
5302.08909456 0.004995191217120614
5302.97284972 0.004838163069797477
5303.85675219 0.004889764065533091
5304.74080198 0.005074024585539191
5305.62499913 0.005182511479280474
5306.50934366 0.005298491708520494
5307.39383559 0.0052830996504551805
5308.27847494 0.005188192819592415
5309.16326175 0.0051391714192094646
5310.04819604 0.005129053857193236
5310.93327783 0.005201124769776062
5311.81850714 0.0052122926988414
5312.703884 0.005199713679071556
5313.58940844 0.005204744590841566
5314.47508048 0.005097943322482675
5315.36090014 0.005130470556719593
5316.24686746 0.0051638826865863414
5317.13298244 0.00508196051037974
5318.01924512 0.0049596089025440784
5318.90565553 0.004980988581516414
5319.79221368 0.0049452111896475335
5320.67891961 0.004857034879724712
5321.56577333 0.0048916419365876455
5322.45277488 0.004933453970860263
5323.33992427 0.004929401112285597
5324.22722153 0.005006788442079429
5325.11466668 0.004904741533207624
5326.00225976 0.004858360522278878
5326.89000078 0.004903608521362274
5327.77788976 0.0047917199746161975
5328.66592675 0.0044754875350226314
5329.55411175 0.004080397101103722
5330.44244479 0.004224356362883421
5331.3309259 0.0045844668387274665
5332.21955511 0.0047820453047354525
5333.10833243 0.0049223609344055995
5333.9972579 0.004940044112899991
5334.88633153 0.004953092001864067
5335.77555335 0.005012720985262369
5336.66492338 0.005081740932921575
5337.55444166 0.005046645528091094
5338.44410821 0.004961994818686175
5339.33392304 0.005042061185103755
5340.22388619 0.005076448741476948
5341.11399768 0.004878802202046301
5342.00425753 0.004686412745962016
5342.89466577 0.004891661087910726
5343.78522243 0.00511157102965349
5344.67592752 0.005063672158498901
5345.56678108 0.005031951239194018
5346.45778312 0.004892063045043462
5347.34893368 0.004764354462670707
5348.24023278 0.0049526586148674855
5349.13168043 0.0049524878789279
5350.02327668 0.004750888064810805
5350.91502153 0.004632721052652172
5351.80691503 0.004750267470170778
5352.69895718 0.005065888016266736
5353.59114802 0.005173557996291455
5354.48348757 0.005092421184614256
5355.37597586 0.005200979595936556
5356.2686129 0.00539991970856564
5357.16139874 0.0053237470495649175
5358.05433338 0.005237649322205867
5358.94741686 0.005211367401917541
5359.84064919 0.005225424838879776
5360.73403041 0.005236291823210364
5361.62756054 0.0052691940403932006
5362.52123961 0.0051223724753327576
5363.41506763 0.004944603840256145
5364.30904464 0.00493329064506009
5365.20317066 0.004991573362396672
5366.09744571 0.004942599086483647
5366.99186981 0.004981140493890686
5367.886443 0.00504041198086123
5368.7811653 0.004985308910468331
5369.67603673 0.005028219822193016
5370.57105732 0.004879624082706767
5371.46622709 0.004635220377751012
5372.36154607 0.004454412800810285
5373.25701428 0.004435262516062238
5374.15263175 0.0048044561770455565
5375.0483985 0.005029061624360993
5375.94431456 0.005169556440453286
5376.84037995 0.005201294392125289
5377.7365947 0.005060218799599329
5378.63295882 0.004957772860938412
5379.52947236 0.005026390048003434
5380.42613532 0.0051454379422683685
5381.32294774 0.005110627338274303
5382.21990965 0.004967940479731567
5383.11702106 0.004912439320549724
5384.014282 0.0048847172515968824
5384.91169249 0.004849649922084626
5385.80925257 0.004907787834783374
5386.70696225 0.004892432977269816
5387.60482156 0.004923782685611882
5388.50283053 0.0049600539459621765
5389.40098918 0.004942237909976054
5390.29929754 0.004845467454277504
5391.19775562 0.004671423091637778
5392.09636346 0.004596761978843869
5392.99512109 0.004619126227328824
5393.89402851 0.004716678050155642
5394.79308577 0.004758710560844428
5395.69229288 0.004817298016734635
5396.59164988 0.004885668068853536
5397.49115677 0.004727238599213913
5398.3908136 0.004366451216122039
5399.29062039 0.004525076503555749
5400.19057715 0.004844474860554554
5401.09068392 0.0048764598757655075
5401.99094072 0.004724458204229855
5402.89134758 0.004684197916594572
5403.79190451 0.004814219939684829
5404.69261155 0.004799516600703916
5405.59346872 0.004601070866304527
5406.49447605 0.004415746692293429
5407.39563356 0.004320425818442932
5408.29694127 0.004510417470154052
5409.19839921 0.004662712080119676
5410.10000741 0.0046422645500658844
5411.00176589 0.004460295862901558
5411.90367468 0.004580374520851751
5412.80573379 0.004834526515262871
5413.70794326 0.005000129564972134
5414.61030311 0.004997540615651273
5415.51281337 0.004978624001974084
5416.41547406 0.004917258121724437
5417.3182852 0.004986661347377988
5418.22124683 0.005096114566203239
5419.12435896 0.005095835836991585
5420.02762162 0.004921427272479106
5420.93103484 0.004772530038450217
5421.83459864 0.004763724255654169
5422.73831305 0.0048825343392689645
5423.64217809 0.00505180530720179
5424.54619379 0.005056219924018801
5425.45036016 0.0047957138650740316
5426.35467725 0.004792129177463083
5427.25914506 0.004955580557388567
5428.16376364 0.005071743599163794
5429.06853299 0.005133895111931134
5429.97345316 0.0048582777423923276
5430.87852415 0.004418654258004797
5431.78374601 0.004525866006609332
5432.68911874 0.00485006432547434
5433.59464239 0.004773483594802336
5434.50031697 0.004641807595209055
5435.4061425 0.004595796070554281
5436.31211902 0.004533348270304592
5437.21824655 0.004637931669118482
5438.12452511 0.004648174187042635
5439.03095473 0.004757746787307016
5439.93753544 0.0049051139206396565
5440.84426725 0.00507630563648208
5441.7511502 0.005176171422230935
5442.65818431 0.005169448126153167
5443.56536961 0.005117762118467677
5444.47270611 0.005111061401344864
5445.38019385 0.0051533062676342185
5446.28783285 0.004992802544508968
5447.19562314 0.004703510490097959
5448.10356473 0.004321004346793711
5449.01165767 0.0043344477744437495
5449.91990196 0.004462869061736003
5450.82829764 0.004546259933905711
5451.73684474 0.0046943172897695225
5452.64554327 0.0046928866758870974
5453.55439326 0.004626535042269249
5454.46339474 0.0045811845064315515
5455.37254773 0.004534503600133877
5456.28185226 0.004368842972868591
5457.19130836 0.00419161791458392
5458.10091604 0.004427671933285404
5459.01067534 0.004643144605229773
5459.92058627 0.004754664424989388
5460.83064888 0.004746018382779572
5461.74086317 0.004621684692954774
5462.65122917 0.004634820331249049
5463.56174692 0.004680925862265697
5464.47241643 0.004566368511092368
5465.38323773 0.0046014473746676336
5466.29421085 0.004740894237792668
5467.20533581 0.004692523099569062
5468.11661264 0.004616957981795487
5469.02804136 0.00467556577072346
5469.93962199 0.0046883994794154945
5470.85135457 0.004680428445742328
5471.76323912 0.004621104670810045
5472.67527566 0.004652068770963991
5473.58746422 0.004691048556051494
5474.49980482 0.004531866137088198
5475.4122975 0.004434170274663665
5476.32494226 0.00457782645657381
5477.23773915 0.004511223425980819
5478.15068819 0.0041583229433646484
5479.06378939 0.0042402273014668845
5479.97704279 0.004584906845463869
5480.89044841 0.004793413440767772
5481.80400628 0.004652264958175336
5482.71771642 0.004355087244358287
5483.63157886 0.004372099880526536
5484.54559362 0.004514214237399896
5485.45976074 0.004641014464619048
5486.37408022 0.004751396215890982
5487.2885521 0.004771888716563227
5488.20317641 0.00462090543189134
5489.11795317 0.004391387153155974
5490.03288241 0.004558902499753868
5490.94796414 0.004651556922831875
5491.8631984 0.004518228784978524
5492.77858521 0.004661176754857211
5493.69412461 0.004738834811181875
5494.6098166 0.004571922118730366
5495.52566122 0.004560152095574475
5496.44165849 0.004661832459230478
5497.35780845 0.004677414447111281
5498.27411111 0.0045702902017267155
5499.19056649 0.004463195007452365
5500.10717464 0.0046560570741026605
5501.02393556 0.0047787470206118055
5501.94084929 0.004678995521367485
5502.85791585 0.004499484408761093
5503.77513527 0.00451399137837749
5504.69250757 0.004483396501174505
5505.61003278 0.004448276727906824
5506.52771092 0.004505083342155186
5507.44554203 0.004386259625920062
5508.36352611 0.004360228312865613
5509.28166321 0.004580090669483616
5510.19995334 0.0046580146041920924
5511.11839654 0.004559302591467852
5512.03699282 0.004526684833158559
5512.95574221 0.004413053308733559
5513.87464474 0.004246991125714864
5514.79370043 0.004371751717275532
5515.71290931 0.004346670433749671
5516.63227141 0.004344227363308183
5517.55178675 0.004478153452038336
5518.47145535 0.004521718623077139
5519.39127724 0.004685752409688894
5520.31125245 0.004785400496992611
5521.231381 0.004773493874722427
5522.15166292 0.004660334327753797
5523.07209823 0.004629711560575685
5523.99268696 0.004691426833283326
5524.91342913 0.004657377391865383
5525.83432478 0.004683381465881568
5526.75537392 0.004666452670915649
5527.67657658 0.004603695931949663
5528.59793278 0.004502384743009349
5529.51944256 0.004352946219278184
5530.44110594 0.004431027088847838
5531.36292294 0.004640197075470386
5532.28489359 0.004750805879394643
5533.20701791 0.004755436808931767
5534.12929594 0.004612415846149475
5535.05172769 0.004648478953494474
5535.97431319 0.004588029460031037
5536.89705247 0.004524161255139498
5537.81994555 0.004718724133735999
5538.74299246 0.004766609906110284
5539.66619322 0.004655020330719022
5540.58954786 0.004678463731924558
5541.51305641 0.004809147035080402
5542.43671889 0.004898410249352075
5543.36053533 0.004900522224136272
5544.28450575 0.004792597578156851
5545.20863017 0.00472141960515579
5546.13290863 0.004703569976525662
5547.05734115 0.00469135480831899
5547.98192775 0.0046509256319726255
5548.90666847 0.004728647135367604
5549.83156332 0.004798420852436234
5550.75661233 0.004744401156222172
5551.68181553 0.004738162270689948
5552.60717294 0.0047949625822542394
5553.5326846 0.004794806060430841
5554.45835051 0.004796658840501552
5555.38417072 0.004767344376433063
5556.31014525 0.0047566424712737025
5557.23627411 0.004778693921407756
5558.16255735 0.004734389836744615
5559.08899497 0.004682023422942313
5560.01558702 0.004722180415347921
5560.94233351 0.00470186997052822
5561.86923447 0.004671259793572941
5562.79628993 0.004621777184336526
5563.72349991 0.004538548762519098
5564.65086444 0.00461129347679108
5565.57838354 0.00475291032582606
5566.50605724 0.004703852795454803
5567.43388557 0.004537599415779605
5568.36186855 0.004571784438447578
5569.2900062 0.004672587971278033
5570.21829856 0.004674198777703243
5571.14674564 0.0045577734936386215
5572.07534748 0.004668944222638364
5573.0041041 0.004679323418285846
5573.93301552 0.00442677202671581
5574.86208178 0.00446367786371955
5575.79130289 0.004756018286422942
5576.72067889 0.004788324299363348
5577.65020979 0.0046896321190762974
5578.57989563 0.004767127251509014
5579.50973644 0.004780689463879736
5580.43973222 0.004768855771696579
5581.36988302 0.00491831765444468
5582.30018886 0.0049036581828414225
5583.23064976 0.004696900818359218
5584.16126575 0.004712773488200696
5585.09203686 0.00465208932078253
5586.0229631 0.004494163074950057
5586.95404452 0.004553817659728718
5587.88528113 0.004445575696943549
5588.81667296 0.0043114866675649085
5589.74822003 0.004228045760340685
5590.67992237 0.004194031010530191
5591.61178001 0.0043133340714396
5592.54379297 0.004474579227547989
5593.47596128 0.004441072739036023
5594.40828497 0.004394398447610984
5595.34076405 0.004427720164835226
5596.27339857 0.004484726982165744
5597.20618853 0.004764734898143491
5598.13913397 0.004849261502742959
5599.07223492 0.0045038853216329364
5600.00549139 0.004185707120031574
5600.93890342 0.004298215882801412
5601.87247103 0.004361934052931112
5602.80619425 0.0043746399513990555
5603.74007311 0.004390593391405615
5604.67410762 0.00432494677937595
5605.60829782 0.004371931317446233
5606.54264373 0.004448247758886479
5607.47714537 0.004555432598474911
5608.41180278 0.004609921343216135
5609.34661598 0.004629566573650099
5610.281585 0.004590756006137362
5611.21670985 0.004541350394127515
5612.15199058 0.004529586953082864
5613.08742719 0.004552567605153034
5614.02301973 0.004600242114842697
5614.95876821 0.004601672094439733
5615.89467266 0.0043883392156749725
5616.83073311 0.004131809934325852
5617.76694958 0.0042652307979691466
5618.7033221 0.0044368054064297694
5619.6398507 0.004376512530001377
5620.57653539 0.004301415469311626
5621.51337622 0.004264221393536918
5622.45037319 0.004368968151421761
5623.38752635 0.004479411380051111
5624.32483571 0.004450004947870319
5625.2623013 0.004263919076094009
5626.19992315 0.004114364698299461
5627.13770129 0.0042368236934258625
5628.07563573 0.0044115149473729935
5629.01372651 0.0044427703146143254
5629.95197365 0.004465052962743194
5630.89037717 0.004435125251179293
5631.82893711 0.004423035580556575
5632.76765349 0.0045140331649026425
5633.70652634 0.004542987961699184
5634.64555568 0.004549217641440532
5635.58474153 0.00454769196201452
5636.52408393 0.004513439756102682
5637.4635829 0.004385088363074654
5638.40323847 0.004335797987256605
5639.34305066 0.00438405370520669
5640.2830195 0.004411607407967052
5641.22314501 0.0044161255824350975
5642.16342722 0.00432785609439656
5643.10386616 0.00426217531302468
5644.04446185 0.00434534485426742
5644.98521432 0.004358356905352475
5645.9261236 0.00434908361572002
5646.8671897 0.004359655860928661
5647.80841267 0.004336186828588147
5648.74979252 0.004332545700161245
5649.69132928 0.004270863887091277
5650.63302297 0.004333737944332834
5651.57487363 0.00445524781897275
5652.51688127 0.0045775287975931235
5653.45904593 0.00462406142690941
5654.40136763 0.004664878984436034
5655.34384639 0.004660851497520425
5656.28648225 0.004592868300049664
5657.22927523 0.0045844846913519486
5658.17222535 0.004572162332828853
5659.11533265 0.004242939870942708
5660.05859714 0.003983637598048848
5661.00201885 0.004237445627614893
5661.94559782 0.004438891758027836
5662.88933406 0.00429264699979605
5663.83322761 0.004152761989788187
5664.77727848 0.004284201916137866
5665.72148671 0.004429631182224418
5666.66585232 0.004496141493307869
5667.61037533 0.004520093451133824
5668.55505578 0.004358019619519214
5669.49989369 0.004246648616080776
5670.44488909 0.004294437518525669
5671.390042 0.004371323314039407
5672.33535245 0.00433660882322137
5673.28082046 0.004396111034933125
5674.22644606 0.00458525876267044
5675.17222928 0.0046469934951168905
5676.11817015 0.004571326038972076
5677.06426868 0.0045231565478019865
5678.01052491 0.004653159156288048
5678.95693887 0.004708957201172463
5679.90351057 0.004637415490387394
5680.85024004 0.00455636700615923
5681.79712732 0.00455555904535422
5682.74417243 0.004550739196920621
5683.69137539 0.004440835944280464
5684.63873623 0.0044410796494946635
5685.58625498 0.004514499465604069
5686.53393166 0.004559135825121422
5687.4817663 0.0044681076627764585
5688.42975892 0.004374330854606279
5689.37790956 0.004368871810397026
5690.32621823 0.004376977047433945
5691.27468497 0.004509753050270463
5692.2233098 0.004596898338031712
5693.17209275 0.004693314276508341
5694.12103384 0.00475328391682619
5695.07013311 0.004722479596787487
5696.01939056 0.004635277844865742
5696.96880624 0.004574664032854991
5697.91838017 0.004588300885249874
5698.86811238 0.004580589275752768
5699.81800289 0.004378944303489548
5700.76805172 0.004397377869316547
5701.71825891 0.004420299241579495
5702.66862448 0.004268545254150354
5703.61914846 0.004191195313757421
5704.56983088 0.004298111354048825
5705.52067175 0.0044723028014134894
5706.47167111 0.00453238181623901
5707.42282898 0.00436891040716266
5708.37414539 0.004281751142556333
5709.32562037 0.00421623786113176
5710.27725394 0.0040634719678376225
5711.22904613 0.00415196874517591
5712.18099697 0.004249399565250131
5713.13310647 0.0041270798353396825
5714.08537468 0.004271620131514537
5715.03780161 0.004514327441679065
5715.99038729 0.004517033357877296
5716.94313175 0.004514522624991863
5717.89603501 0.004582967261922771
5718.8490971 0.0045642955900602866
5719.80231805 0.004559657296275207
5720.75569788 0.004605003146788518
5721.70923662 0.004587643453474123
5722.6629343 0.004597939147544302
5723.61679094 0.004655766521326571
5724.57080657 0.004713175774306982
5725.52498122 0.004732810837794275
5726.47931491 0.00472611934884145
5727.43380767 0.004595277652070921
5728.38845952 0.004377900928839412
5729.3432705 0.004381807055476276
5730.29824062 0.004576098258220848
5731.25336992 0.004693438286715335
5732.20865842 0.004562621922076425
5733.16410615 0.004378108627937001
5734.11971313 0.004500807252143977
5735.07547939 0.004596508390705364
5736.03140497 0.004607419991145053
5736.98748987 0.004629696595149175
5737.94373414 0.004610082947487162
5738.90013779 0.004616874135721233
5739.85670086 0.004634251019789825
5740.81342337 0.004538523004356925
5741.77030534 0.0045392197803341035
5742.72734681 0.00457061186135651
5743.6845478 0.0045152163066120386
5744.64190834 0.004387040912600057
5745.59942845 0.004410203618281416
5746.55710815 0.004601742233790606
5747.51494749 0.004733988072799982
5748.47294648 0.0046631926163059004
5749.43110515 0.00442545716782922
5750.38942352 0.004394282291064771
5751.34790163 0.004609905846639249
5752.3065395 0.004692527595323237
5753.26533715 0.004574713347624086
5754.22429462 0.0043761598155355455
5755.18341193 0.004260845818139529
5756.1426891 0.004267329981509607
5757.10212617 0.004482129265807654
5758.06172315 0.004637184411915121
5759.02148008 0.00469970915116562
5759.98139699 0.004682828499947862
5760.94147389 0.0045332526387081365
5761.90171082 0.004332565093724884
5762.8621078 0.004181034730959216
5763.82266486 0.004158445057084778
5764.78338203 0.004324106611124223
5765.74425933 0.004582491985702322
5766.7052968 0.004657671057694874
5767.66649444 0.004597262328670373
5768.6278523 0.004612232409479181
5769.5893704 0.004625010311557554
5770.55104877 0.004523431895282021
5771.51288743 0.004490800824411147
5772.47488641 0.004552895290570455
5773.43704573 0.004514771833745757
5774.39936543 0.004498201731795707
5775.36184553 0.0045203163603245505
5776.32448605 0.004502716578700959
5777.28728703 0.004528412577341257
5778.25024849 0.004520660205277529
5779.21337046 0.004574303422621857
5780.17665296 0.004616590726609076
5781.14009602 0.004561953707631868
5782.10369967 0.004229541062858247
5783.06746393 0.004022895071988478
5784.03138883 0.004102269426401395
5784.9954744 0.004194653112516565
5785.95972066 0.0041354518298447225
5786.92412765 0.004032527169787424
5787.88869538 0.004187165288004712
5788.85342389 0.004346739377595599
5789.8183132 0.0043554205040503766
5790.78336334 0.0044948277950837825
5791.74857433 0.0044300009611811415
5792.7139462 0.004249535590828657
5793.67947899 0.004431653224881966
5794.6451727 0.004606935003308482
5795.61102739 0.0045864646508528215
5796.57704306 0.0046120958942873535
5797.54321974 0.004611224404493844
5798.50955747 0.004451946590814813
5799.47605627 0.004284848874021402
5800.44271617 0.004515104484009526
5801.40953718 0.004756725902495192
5802.37651935 0.00479341184490481
5803.3436627 0.0048195116210283636
5804.31096725 0.004787097499594597
5805.27843303 0.004574939243611149
5806.24606007 0.004454408317468262
5807.21384839 0.0044889517303361584
5808.18179803 0.004489418217139503
5809.149909 0.004490613691543741
5810.11818134 0.0045113508510347695
5811.08661507 0.004536898173320405
5812.05521022 0.004537546699255334
5813.02396682 0.004468753842996195
5813.99288489 0.004404372649956085
5814.96196445 0.0043812069327904294
5815.93120555 0.004365956661606192
5816.9006082 0.00433231782490587
5817.87017243 0.0043328055638244675
5818.83989826 0.0044360794264920135
5819.80978574 0.004603877854047034
5820.77983487 0.004686824304409907
5821.75004569 0.00470614712118609
5822.72041823 0.004720333597845772
5823.69095251 0.004666544077519646
5824.66164855 0.004554761649215524
5825.6325064 0.004532296858809719
5826.60352606 0.004614129081599876
5827.57470758 0.004575955483404858
5828.54605098 0.004592243998916739
5829.51755627 0.004654754287640543
5830.4892235 0.004710951080985966
5831.46105269 0.0046702414058606605
5832.43304386 0.004597794552748102
5833.40519705 0.004552364425024692
5834.37751227 0.004599775434336887
5835.34998956 0.004528509090061947
5836.32262894 0.004454738081378881
5837.29543045 0.004569473240955857
5838.2683941 0.004656421638195913
5839.24151992 0.004526971561598741
5840.21480795 0.004378268218063669
5841.1882582 0.004358011804898188
5842.16187071 0.004454951288355293
5843.1356455 0.004554126652242557
5844.1095826 0.004563927923189839
5845.08368203 0.004610389509496288
5846.05794383 0.0046234536863869165
5847.03236802 0.004543293306476728
5848.00695463 0.004377457843600706
5848.98170369 0.0043503736508391485
5849.95661521 0.004414109959364849
5850.93168923 0.004419648482659245
5851.90692578 0.004386501941647733
5852.88232488 0.004347430837041106
5853.85788657 0.0042023792832631465
5854.83361085 0.004158725910417505
5855.80949778 0.004318748314795308
5856.78554736 0.004389395359747361
5857.76175964 0.004315314916560982
5858.73813463 0.004160999570668291
5859.71467236 0.004141050514805845
5860.69137286 0.004239320287967076
5861.66823616 0.004313544021391543
5862.64526228 0.004380662705136354
5863.62245125 0.004285382378327824
5864.59980311 0.004226568169343602
5865.57731786 0.004288989345291177
5866.55499555 0.004321684656579536
5867.5328362 0.004240982040759105
5868.51083984 0.004230389311133063
5869.48900649 0.004286409769329237
5870.46733619 0.004293864819871752
5871.44582895 0.004375919092498386
5872.42448481 0.004433003263643538
5873.40330379 0.004373183407669687
5874.38228592 0.0042762668190043105
5875.36143122 0.004310321161262185
5876.34073973 0.004341365941962437
5877.32021148 0.0042191847234606525
5878.29984648 0.00419944396944816
5879.27964477 0.004229011438205545
5880.25960637 0.004194239795629148
5881.23973131 0.004014987920016394
5882.22001962 0.003919200633824315
5883.20047133 0.004078764684228267
5884.18108646 0.004184272148607579
5885.16186503 0.004125417255017932
5886.14280709 0.004130140661808004
5887.12391265 0.004153779680072903
5888.10518173 0.004127591492017733
5889.08661438 0.0039572073528371735
5890.06821062 0.0036060081788290925
5891.04997046 0.00321109244981425
5892.03189395 0.0031815793661276255
5893.0139811 0.0035093182245432516
5893.99623195 0.0037193712831211996
5894.97864652 0.0038026314357401995
5895.96122484 0.0037234101531193197
5896.94396694 0.0034016491914692737
5897.92687284 0.003340348732175143
5898.90994257 0.0036890906438254724
5899.89317616 0.0038974099259096516
5900.87657364 0.003930169990385598
5901.86013503 0.004019848036521109
5902.84386036 0.0040549892671045105
5903.82774966 0.004063139934401157
5904.81180295 0.004089309753504518
5905.79602027 0.004146629453590291
5906.78040164 0.004103924520979238
5907.76494708 0.004078079840684382
5908.74965663 0.004146670972656934
5909.73453031 0.004169243397882923
5910.71956815 0.00414405409896689
5911.70477017 0.0040953473499171465
5912.69013641 0.004126422568652219
5913.67566689 0.004100352284367406
5914.66136164 0.004027086791465958
5915.64722069 0.003983721707974971
5916.63324406 0.003996646418501193
5917.61943178 0.003922101867217843
5918.60578388 0.004018850387327664
5919.59230038 0.004109855785890803
5920.57898132 0.004106537950030971
5921.56582672 0.004146879089696005
5922.55283661 0.004046979488101696
5923.54001101 0.003962651280894716
5924.52734995 0.00405433178813782
5925.51485347 0.004077807985732284
5926.50252158 0.004073946323766182
5927.49035432 0.004170636898956406
5928.47835171 0.0041866564598253605
5929.46651378 0.00412911607437833
5930.45484055 0.004115819937651699
5931.44333207 0.00409492350530773
5932.43198834 0.0041553458343945035
5933.42080941 0.004237410176926501
5934.40979529 0.004235867584221973
5935.39894601 0.0041189720224335995
5936.38826161 0.003958182342206171
5937.37774211 0.004042421621145855
5938.36738753 0.00415585612443438
5939.35719791 0.0041663024056178555
5940.34717328 0.0042575347422876405
5941.33731365 0.004222468445648106
5942.32761906 0.004040502141007276
5943.31808953 0.003994641346512864
5944.3087251 0.0040859443817088175
5945.29952578 0.004118387850873022
5946.29049161 0.004147521607037373
5947.28162262 0.004241092477250478
5948.27291883 0.0042582789475963025
5949.26438027 0.004154789856839797
5950.25600697 0.004036900517525955
5951.24779895 0.0040867556035975435
5952.23975624 0.004198568928005552
5953.23187888 0.004159471906473858
5954.22416688 0.004019356782998877
5955.21662027 0.0040120294459417664
5956.20923909 0.00407235951797027
5957.20202336 0.004039861719495956
5958.19497311 0.003984414161982769
5959.18808836 0.003965353518748978
5960.18136915 0.004014077251796385
5961.17481549 0.004101122951735072
5962.16842743 0.004192312739200421
5963.16220498 0.004255634123723673
5964.15614817 0.004224296480025253
5965.15025704 0.004157210905407739
5966.1445316 0.004113949148581285
5967.13897189 0.004056856937360129
5968.13357794 0.004129078266864795
5969.12834976 0.004230370231407923
5970.12328739 0.004241115135730033
5971.11839087 0.004243294655453926
5972.1136602 0.004274528962217663
5973.10909543 0.004248159963120146
5974.10469657 0.00423136538652104
5975.10046367 0.0042348605192749165
5976.09639674 0.00419724278084573
5977.09249581 0.004130924511827567
5978.08876091 0.004120543350666207
5979.08519207 0.004112184131152135
5980.08178932 0.004029482315848965
5981.07855268 0.0041044079756980415
5982.07548218 0.004172556673871915
5983.07257785 0.004134565154879712
5984.06983971 0.00406064098262958
5985.0672678 0.003919981476430536
5986.06486215 0.0038442547033723084
5987.06262277 0.004103262649098455
5988.0605497 0.004256190411630373
5989.05864296 0.0042100277247283996
5990.05690259 0.0041779555698368545
5991.0553286 0.004184491930461073
5992.05392104 0.0040755302361377525
5993.05267992 0.0039504068830796095
5994.05160528 0.004087547452791347
5995.05069713 0.004210432636661982
5996.04995552 0.004221997840980721
5997.04938046 0.004148918232373495
5998.04897199 0.004041163231749024
5999.04873013 0.004034833740239982
6000.04865491 0.004082978051727589
6001.04874635 0.004103535643975557
6002.0490045 0.004189470080552386
6003.04942936 0.004192573480794456
6004.05002098 0.004048539768211901
6005.05077938 0.004069261698707056
6006.05170459 0.00414552123511502
6007.05279662 0.004103643870982714
6008.05405553 0.004096720556718882
6009.05548132 0.004005287800807422
6010.05707403 0.003942005801213459
6011.05883369 0.004093258854708666
6012.06076032 0.004275911980929982
6013.06285395 0.004253898378195021
6014.06511461 0.004101052317294867
6015.06754233 0.004052118715489046
6016.07013713 0.004136780158930325
6017.07289905 0.0041091149731827935
6018.07582811 0.003966033219052959
6019.07892434 0.003950029153476777
6020.08218776 0.004026519331420994
6021.08561841 0.004111675060644718
6022.08921631 0.004173689318737387
6023.09298149 0.0041842163606959325
6024.09691398 0.004184283491842884
6025.1010138 0.004113374574598413
6026.10528099 0.004115197427775855
6027.10971557 0.004211310701517716
6028.11431757 0.004227649490596035
6029.11908702 0.004235779645704341
6030.12402395 0.004300321722807215
6031.12912837 0.004338628477816194
6032.13440033 0.004277495350810202
6033.13983985 0.004214329352234211
6034.14544695 0.004309396830464795
6035.15122167 0.004373063165932314
6036.15716404 0.0043687875322265275
6037.16327407 0.004383670653028805
6038.1695518 0.004375345480508764
6039.17599726 0.004377630526885376
6040.18261048 0.0043701642734182335
6041.18939148 0.004296265432234676
6042.19634029 0.00430868812659264
6043.20345693 0.004301765718983457
6044.21074145 0.004312906433440247
6045.21819386 0.004378028728563851
6046.22581419 0.004401357481545034
6047.23360247 0.004379242840774874
6048.24155873 0.004368654396627982
6049.249683 0.004368836634412089
6050.2579753 0.004352921410361182
6051.26643567 0.004393484889713824
6052.27506412 0.004439007086571673
6053.2838607 0.004410559840059503
6054.29282542 0.004375945449259034
6055.30195832 0.0043468369403482894
6056.31125941 0.004350997441384987
6057.32072874 0.004285354812263886
6058.33036633 0.004183739461119814
6059.34017221 0.0041111563528774585
6060.3501464 0.004174960477377893
6061.36028893 0.004326924883744956
6062.37059984 0.0043307971030056335
6063.38107914 0.0043048599599019985
6064.39172688 0.004133709410169971
6065.40254306 0.00413129771366346
6066.41352773 0.004106178651867057
6067.42468091 0.004147521330781588
6068.43600264 0.004381354809117592
6069.44749292 0.00449215980256724
6070.45915181 0.004531113293112333
6071.47097932 0.00451865218463304
6072.48297548 0.004530465492476994
6073.49514032 0.004552958660811644
6074.50747387 0.004575620386664707
6075.51997615 0.004600732604807341
6076.5326472 0.004576590573346188
6077.54548704 0.00450000064983367
6078.55849571 0.004446073411907175
6079.57167322 0.0043842158877060574
6080.58501961 0.004357747782807378
6081.5985349 0.004423921667690224
6082.61221913 0.0042817282986065
6083.62607232 0.004090304843584347
6084.6400945 0.0041497588809072655
6085.65428569 0.004314449327679761
6086.66864593 0.004302441848811119
6087.68317525 0.00428533473511221
6088.69787367 0.004318791474675203
6089.71274122 0.004397694661209065
6090.72777792 0.004354852288924075
6091.74298382 0.004164436137620686
6092.75835893 0.004182169918829372
6093.77390328 0.004246249049731156
6094.78961691 0.0041728490101124215
6095.80549983 0.004326721435809548
6096.82155208 0.004485380715090804
6097.83777369 0.004357209780845561
6098.85416468 0.004156226724856882
6099.87072509 0.004214278084585482
6100.88745493 0.0043526051899534825
6101.90435425 0.0044016240189144315
6102.92142306 0.0043106941077495015
6103.9386614 0.003990243273522865
6104.95606929 0.003981073995442517
6105.97364677 0.004199032267552219
6106.99139385 0.004219932251250017
6108.00931057 0.004176279954185302
6109.02739696 0.004102226681067789
6110.04565305 0.004181067022992524
6111.06407886 0.004334546503050641
6112.08267442 0.0042961602117603526
6113.10143976 0.004182340501552232
6114.12037491 0.004269668787408181
6115.13947989 0.004375543187188703
6116.15875474 0.004447913080452765
6117.17819949 0.004428417861535292
6118.19781415 0.004352722771903692
6119.21759877 0.004408047208488646
6120.23755336 0.004409302753911813
6121.25767796 0.0042039252234162385
6122.2779726 0.004045279409687954
6123.29843729 0.003908509576440183
6124.31907208 0.004021225593061677
6125.33987699 0.004370321969666503
6126.36085205 0.004377516799857198
6127.38199729 0.004258397804873601
6128.40331273 0.004171366169446439
6129.4247984 0.004005803902935973
6130.44645434 0.00395415165619881
6131.46828056 0.004188452432940435
6132.49027711 0.00444140585037169
6133.512444 0.004506201826614032
6134.53478126 0.004459637993142548
6135.55728893 0.004237681150696848
6136.57996704 0.003966887548104463
6137.6028156 0.0037920828380966073
6138.62583465 0.0035840298730873926
6139.64902422 0.003796667221215697
6140.67238434 0.004247650645789625
6141.69591502 0.004351729339665007
6142.71961632 0.004200241812486222
6143.74348824 0.0041500115672669265
6144.76753082 0.004291516694015036
6145.79174409 0.004390677591816543
6146.81612808 0.004275789202650997
6147.84068281 0.004184535394308905
6148.86540832 0.004252774900755094
6149.89030462 0.004219336817405809
6150.91537176 0.004051224623613927
6151.94060976 0.004009192910222048
6152.96601864 0.00413507731757898
6153.99159844 0.00424710538016222
6155.01734918 0.004311487890543587
6156.0432709 0.004226708562253938
6157.06936362 0.004148986916490104
6158.09562736 0.004058089053669624
6159.12206217 0.003937188132819432
6160.14866806 0.0038737871841620078
6161.17544507 0.0038800313220470057
6162.20239322 0.0037213074768786556
6163.22951254 0.003469932082260055
6164.25680306 0.0034640187330161856
6165.28426482 0.003589428464364841
6166.31189783 0.0037235447310236852
6167.33970213 0.003717673199079061
6168.36767774 0.0037834439505461614
6169.3958247 0.003900017087975222
6170.42414302 0.0037081190397802496
6171.45263275 0.0035469123177493604
6172.48129391 0.003729601533658695
6173.51012653 0.003933614568530378
6174.53913063 0.0038496383103408826
6175.56830625 0.0037905628960401283
6176.59765341 0.003814448139111296
6177.62717214 0.0038458429544007858
6178.65686247 0.0038327520773058397
6179.68672444 0.00391877112690922
6180.71675806 0.003990571422022587
6181.74696337 0.0039391861676655
6182.77734039 0.003983744466253394
6183.80788916 0.004014659766546872
6184.8386097 0.003963332301722573
6185.86950204 0.0039294112087782836
6186.90056621 0.0038670527140210464
6187.93180223 0.003711715278172058
6188.96321015 0.003670442198936387
6189.99478998 0.0036755783922543398
6191.02654176 0.003626201248624932
6192.0584655 0.0035396339018307133
6193.09056125 0.003365706262643711
6194.12282903 0.0034710104452650077
6195.15526887 0.0036412184300741567
6196.1878808 0.003778035041645385
6197.22066484 0.0038603112214998622
6198.25362103 0.003869054314896165
6199.28674939 0.00382477149150371
6200.32004996 0.0037069148822808057
6201.35352275 0.0036000366605690847
6202.38716781 0.0036863467415885376
6203.42098515 0.003872346268720991
6204.45497481 0.003959985094721264
6205.48913682 0.003953900428658596
6206.5234712 0.003896088760136333
6207.55797799 0.0038744470670704877
6208.5926572 0.0038381532729703936
6209.62750888 0.0038530051616689513
6210.66253305 0.0038924520191688
6211.69772973 0.0038407914059728166
6212.73309897 0.0037811525133342773
6213.76864078 0.0037323578898458853
6214.80435519 0.003489097069642955
6215.84024224 0.003287506847336521
6216.87630195 0.0032747583285567474
6217.91253435 0.003408279808436113
6218.94893947 0.0035879914758275883
6219.98551734 0.0036210255115382978
6221.02226798 0.003512268969012648
6222.05919144 0.003465318165765071
6223.09628772 0.003482790722433503
6224.13355688 0.0034947297435649503
6225.17099892 0.0034091769017321923
6226.20861389 0.0033537015461464863
6227.2464018 0.003473075574763872
6228.2843627 0.0035689586791746116
6229.3224966 0.0036459339008770263
6230.36080354 0.0036053201473429837
6231.39928354 0.0034243257324084635
6232.43793664 0.0032638424176808594
6233.47676286 0.003359238456899621
6234.51576224 0.003449555150165953
6235.55493479 0.00360399124987919
6236.59428056 0.00377191835119022
6237.63379956 0.0037931365972616563
6238.67349184 0.003716347709589774
6239.7133574 0.0035691981889653924
6240.7533963 0.0033493890986682757
6241.79360855 0.0032681731079851517
6242.83399418 0.003511441403160391
6243.87455322 0.0034999846502829675
6244.9152857 0.0033199113362919327
6245.95619166 0.0034269672350190797
6246.99727111 0.003469389550156603
6248.03852409 0.003497467774143789
6249.07995063 0.003625048980146753
6250.12155075 0.0037112789409540874
6251.16332449 0.0037082874260720823
6252.20527187 0.0036844915662084276
6253.24739292 0.0035450779248155134
6254.28968768 0.0034597095611512488
6255.33215616 0.0035155931051189544
6256.37479841 0.003585082483179494
6257.41761444 0.003596866686047197
6258.46060429 0.0034062981335387494
6259.50376798 0.003211732259722065
6260.54710555 0.003272500483940849
6261.59061703 0.0035857932994336986
6262.63430243 0.0035855481656465434
6263.6781618 0.0035614708997676703
6264.72219516 0.0037246351255436055
6265.76640255 0.0037581254435955828
6266.81078397 0.0035616406881549844
6267.85533948 0.003578375999006282
6268.9000691 0.0036857706191140735
6269.94497285 0.003612873891953922
6270.99005076 0.0036187596669281057
6272.03530288 0.003715690775352697
6273.08072921 0.0037711700027263143
6274.12632979 0.0038026164988505125
6275.17210466 0.0037452840777412195
6276.21805384 0.0036886474101109727
6277.26417736 0.0036898972992514736
6278.31047524 0.003696463997987749
6279.35694752 0.0037728717788155235
6280.40359423 0.0038036575783250573
6281.4504154 0.0036835384993427465
6282.49741105 0.0036071878249091948
6283.54458121 0.0036649532799155208
6284.59192592 0.0037473529718960665
6285.6394452 0.003863365660997901
6286.68713908 0.0038147443404667023
6287.73500759 0.0038400526473407757
6288.78305076 0.003928710498603078
6289.83126861 0.004017013016156518
6290.87966119 0.004051427116545894
6291.92822851 0.003936305424059108
6292.97697061 0.003846747183412263
6294.02588751 0.0037802039729878125
6295.07497925 0.0037301724943241453
6296.12424585 0.0037964692511766114
6297.17368734 0.0036696108458912123
6298.22330375 0.003500040006508977
6299.27309512 0.003547171569951755
6300.32306146 0.0037228824393923114
6301.37320281 0.003821621267125684
6302.4235192 0.0037659450851208723
6303.47401066 0.0037164546730358307
6304.52467722 0.003731003280205809
6305.5755189 0.0036774734295980695
6306.62653573 0.003554033203473073
6307.67772775 0.0035731490576778584
6308.72909499 0.003863757979015273
6309.78063746 0.003990025578082387
6310.83235521 0.003958851552134749
6311.88424826 0.003865425612462894
6312.93631663 0.0037810942696841427
6313.98856037 0.0037718341848105384
6315.0409795 0.0038671037805110314
6316.09357404 0.0038028127309968416
6317.14634403 0.0037047896143702205
6318.1992895 0.0037693008522552422
6319.25241047 0.003653626098540817
6320.30570698 0.0036188181775989527
6321.35917905 0.003754122476157196
6322.41282671 0.0037777063726705685
6323.46665 0.0037851799668762445
6324.52064894 0.003837913336816492
6325.57482356 0.003935275323736076
6326.62917389 0.0038967784779077716
6327.68369996 0.003914869954802384
6328.7384018 0.0038759260301216556
6329.79327944 0.003946118840830996
6330.8483329 0.00402977409416335
6331.90356223 0.0039444833272692815
6332.95896743 0.003953315308058513
6334.01454856 0.004005141333234879
6335.07030563 0.00403300331605863
6336.12623867 0.003874226670798448
6337.18234772 0.003640763023624387
6338.2386328 0.003692405107306573
6339.29509394 0.0038897254177438093
6340.35173117 0.003895626236604541
6341.40854452 0.003916744230200795
6342.46553403 0.00399374415387814
6343.52269971 0.003941384708988823
6344.5800416 0.0038468093223484137
6345.63755974 0.0037262609114285692
6346.69525413 0.003785595584501549
6347.75312483 0.003927163401934549
6348.81117185 0.003939013598306129
6349.86939523 0.003992948970039013
6350.92779499 0.003990900219848131
6351.98637117 0.003967708988133551
6353.04512379 0.004009549731223004
6354.10405289 0.0039976974746844356
6355.16315849 0.003851721064404768
6356.22244062 0.003756775479266638
6357.28189931 0.003817332792476702
6358.3415346 0.0038738846960475627
6359.4013465 0.0037386609170902895
6360.46133505 0.003585817128398156
6361.52150029 0.003583744783843873
6362.58184223 0.0035883511511496935
6363.64236091 0.003549472349482014
6364.70305636 0.0035794707751254525
6365.76392861 0.0036298227057972345
6366.82497768 0.0036682958611786156
6367.88620361 0.003747099338230093
6368.94760642 0.003890313939569126
6370.00918615 0.003959420168447355
6371.07094283 0.003892584134968659
6372.13287648 0.0038289866974734006
6373.19498713 0.003825242503924671
6374.25727482 0.003931380759047552
6375.31973957 0.0040164232897110606
6376.38238141 0.003998458001376558
6377.44520037 0.0040461427923582215
6378.50819648 0.004094555445504114
6379.57136978 0.003966574491528387
6380.63472028 0.003824870125274312
6381.69824803 0.003893802901233579
6382.76195304 0.003917126070015238
6383.82583536 0.003959990231005892
6384.889895 0.003960478440391414
6385.954132 0.0038699044464089835
6387.01854638 0.0038574432731965248
6388.08313819 0.003949720485218051
6389.14790744 0.003995039487716336
6390.21285417 0.003994083798045001
6391.2779784 0.003997510538878945
6392.34328017 0.003977744936712141
6393.40875951 0.003932217124647558
6394.47441643 0.003720365132916992
6395.54025099 0.0036685423874493516
6396.60626319 0.003867130118250984
6397.67245309 0.003988083113479048
6398.73882069 0.0040488668515413296
6399.80536604 0.0040404980296506006
6400.87208915 0.0038363908035127154
6401.93899007 0.003626144033690109
6403.00606883 0.0038407454252408443
6404.07332544 0.0040046621942332414
6405.14075995 0.004076461647498792
6406.20837237 0.004118420604599306
6407.27616275 0.004100395075577417
6408.3441311 0.004011861679845784
6409.41227747 0.0038352161396029124
6410.48060187 0.0038933926937937077
6411.54910434 0.004012543147580513
6412.61778492 0.0038954073452516845
6413.68664362 0.003754896572764475
6414.75568047 0.0037160718175143635
6415.82489552 0.003782971999612161
6416.89428878 0.003892267255136214
6417.96386029 0.003916112921570489
6419.03361008 0.0038086831358093423
6420.10353817 0.0037427360643563852
6421.1736446 0.0037119370765886306
6422.2439294 0.003677420391939695
6423.31439259 0.003712846864313874
6424.3850342 0.003906548906484871
6425.45585428 0.003911045656739957
6426.52685283 0.003796744280384538
6427.5980299 0.003862655333196213
6428.66938552 0.004012825159889722
6429.74091971 0.004025394882084932
6430.8126325 0.0038601167265778433
6431.88452393 0.0035640713770610545
6432.95659402 0.0035022787967230917
6434.0288428 0.003736017476865944
6435.10127031 0.003876521541797786
6436.17387657 0.003870683724990707
6437.24666161 0.0038794087465740482
6438.31962547 0.003969408236183303
6439.39276816 0.0038853584036532174
6440.46608973 0.0037081092886107514
6441.5395902 0.003819107838461496
6442.61326961 0.004030703923234111
6443.68712797 0.0040852132766816315
6444.76116533 0.00404623100492626
6445.8353817 0.00400178469988844
6446.90977713 0.003977181839415462
6447.98435164 0.004022220754258507
6449.05910526 0.0040159482103437226
6450.13403802 0.0038597943024181952
6451.20914995 0.0035688203414394764
6452.28444108 0.0034393898787278086
6453.35991144 0.00361676449906549
6454.43556106 0.0038238815519011384
6455.51138997 0.003956691708486465
6456.5873982 0.0037987195494030485
6457.66358578 0.0036269542159380543
6458.73995273 0.0037791943567982954
6459.8164991 0.003983974870434982
6460.89322491 0.004001246333932168
6461.97013019 0.003961512644962123
6463.04721496 0.003775461361226494
6464.12447927 0.0034946833400922514
6465.20192313 0.0036313306274847364
6466.27954659 0.00393352990647649
6467.35734966 0.00400642982219749
6468.43533238 0.0039476134149555595
6469.51349478 0.003996274493172784
6470.59183689 0.003979339241702523
6471.67035874 0.003919757861320472
6472.74906035 0.003881295781852129
6473.82794177 0.0039359405405887836
6474.90700301 0.004091541362040865
6475.98624411 0.004091471098132765
6477.0656651 0.004013772263688945
6478.14526601 0.004065015306697321
6479.22504687 0.004061788404064553
6480.3050077 0.003968063947851576
6481.38514855 0.003973400206274518
6482.46546943 0.0039252397339438385
6483.54597038 0.0037260097254013026
6484.62665143 0.0036651586540870514
6485.70751261 0.003752871576146763
6486.78855394 0.003847924144258444
6487.86977547 0.003901070520240838
6488.95117721 0.003941361777327307
6490.0327592 0.003942130998057898
6491.11452147 0.003823407949203061
6492.19646405 0.003707441270738231
6493.27858697 0.003736952904308684
6494.36089026 0.0037173700110189134
6495.44337395 0.003461606274397809
6496.52603806 0.0033016300052850682
6497.60888263 0.003399964268837975
6498.6919077 0.0034585554879068823
6499.77511328 0.003532358879468343
6500.85849941 0.003542396342051798
6501.94206612 0.0036868338184306436
6503.02581344 0.003814314566832581
6504.1097414 0.0038637707125442817
6505.19385003 0.003858245726487645
6506.27813936 0.003879734010782784
6507.36260942 0.003959772773704493
6508.44726024 0.003965062887628733
6509.53209185 0.003855504507020394
6510.61710429 0.003778833379564482
6511.70229757 0.003880713256165066
6512.78767173 0.004005029979869895
6513.8732268 0.003991331102000319
6514.95896281 0.003972241614150098
6516.0448798 0.0039649554593092625
6517.13097778 0.00390628191160816
6518.2172568 0.0038699651261306527
6519.30371688 0.0038280539162098767
6520.39035805 0.0037759728817150892
6521.47718034 0.003877816586974346
6522.56418379 0.004013207745829339
6523.65136841 0.004044812331181087
6524.73873425 0.004016167873534166
6525.82628133 0.004038886372237138
6526.91400969 0.004032537995253464
6528.00191935 0.0038768507122514608
6529.09001034 0.0037943656852493174
6530.17828269 0.003952929124251791
6531.26673644 0.004016474965963867
6532.35537162 0.00398394847912668
6533.44418824 0.0038822382144457455
6534.53318636 0.00385785184148019
6535.62236598 0.0039472017540708665
6536.71172716 0.004060193654107944
6537.8012699 0.004082715208387355
6538.89099426 0.003971958822089155
6539.98090024 0.00391741818971177
6541.0709879 0.004043164077949639
6542.16125725 0.004091794939530438
6543.25170833 0.004025800890045326
6544.34234116 0.0039786524706285015
6545.43315579 0.003932782517758222
6546.52415223 0.004001793828517694
6547.61533051 0.0040520770718466105
6548.70669068 0.004197661197255799
6549.79823275 0.00439063855038424
6550.88995677 0.004416159260666783
6551.98186275 0.004157047858462916
6553.07395073 0.0038579259997489415
6554.16622074 0.0037902732096523613
6555.25867281 0.0037274678263954776
6556.35130698 0.003584224596204473
6557.44412326 0.0035364752925078425
6558.53712169 0.003711322968318203
6559.63030231 0.004224382019027284
6560.72366514 0.00545729171910503
6561.81721021 0.00768464641767407
6562.91093755 0.010575332237746935
6564.0048472 0.012657551298586957
6565.09893918 0.012845114613695271
6566.19321352 0.011228996194608288
6567.28767026 0.008502191884450633
6568.38230942 0.00608599905072351
6569.47713104 0.004667626434457335
6570.57213514 0.0039213828173150994
6571.66732176 0.0037231330618976858
6572.76269093 0.003793998598750705
6573.85824267 0.003716264032650624
6574.95397702 0.003599619829782884
6576.049894 0.0035900988094988806
6577.14599366 0.003673813546449834
6578.24227601 0.003817923945938311
6579.33874109 0.00391530266344116
6580.43538894 0.0040084261643881566
6581.53221957 0.004202684970142953
6582.62923302 0.004492681266474259
6583.72642932 0.005064575548552697
6584.82380851 0.005648202445183779
6585.9213706 0.005694852172643484
6587.01911564 0.0052428230116003845
6588.11704365 0.0046734418488095664
6589.21515466 0.004343453671425551
6590.31344871 0.004156784127389965
6591.41192582 0.004039362534425831
6592.51058603 0.003944417929508123
6593.60942936 0.0037231358338988703
6594.70845585 0.003490727480845544
6595.80766553 0.003570367805319455
6596.90705842 0.0037669734637404014
6598.00663456 0.003824390363322971
6599.10639397 0.0038420386433508182
6600.2063367 0.0037919089238649195
6601.30646276 0.0038354550964100516
6602.40677219 0.003988121325428902
6603.50726503 0.00401966913301222
6604.60794129 0.003967734810306463
6605.70880102 0.0038721427510145737
6606.80984424 0.0037469157445440535
6607.91107098 0.0037020596250865547
6609.01248127 0.003720123158902737
6610.11407515 0.003657847877212175
6611.21585264 0.0036150823544139066
6612.31781378 0.0038011050019526567
6613.41995859 0.00396211840044447
6614.52228711 0.0039060934098809645
6615.62479936 0.0037958339323467937
6616.72749538 0.00391218161723922
6617.8303752 0.003979778155031229
6618.93343885 0.00392421971279737
6620.03668636 0.003873610601794218
6621.14011776 0.003895520484892911
6622.24373307 0.003966327176710825
6623.34753234 0.003957757261078594
6624.4515156 0.003891339196564493
6625.55568286 0.003793142115745748
6626.66003417 0.00365968142818072
6627.76456955 0.00375284385518956
6628.86928903 0.00384135370065967
6629.97419265 0.0038312272940977583
6631.07928044 0.0038047828060129288
6632.18455242 0.003811679385978173
6633.29000864 0.0037622270993109977
6634.3956491 0.0036340376469222403
6635.50147386 0.0035941852949707364
6636.60748294 0.003702786294973563
6637.71367637 0.00380298956727707
6638.82005418 0.003851097663773554
6639.9266164 0.003877253656828673
6641.03336306 0.0038025703488203015
6642.14029419 0.0037915695965877907
6643.24740983 0.003882354353705546
6644.35471001 0.0038148065420950845
6645.46219475 0.0036792711670241857
6646.56986408 0.0037258786452514193
6647.67771804 0.0038084224926731454
6648.78575666 0.0038459389599330256
6649.89397997 0.003809267681025642
6651.002388 0.003800156263133714
6652.11098078 0.003679063914837122
6653.21975834 0.003516027664562602
6654.32872071 0.003502917455467712
6655.43786792 0.003558752647576459
6656.54720001 0.0036082718733810937
6657.656717 0.003597322999142365
6658.76641893 0.003542297315238718
6659.87630582 0.003562884256916297
6660.9863777 0.003586892301027915
6662.09663462 0.003590028286943657
6663.20707659 0.0035880109989376127
6664.31770365 0.0035053357845807216
6665.42851584 0.003432996303040073
6666.53951317 0.0035000579845832678
6667.65069569 0.003413136509774602
6668.76206341 0.0033495744634857386
6669.87361638 0.0034736000989463857
6670.98535463 0.003610953046847213
6672.09727818 0.0036625629833907385
6673.20938706 0.0036522223887680517
6674.32168132 0.0036730235169636903
6675.43416097 0.003710295729112872
6676.54682605 0.003720475668981461
6677.65967659 0.003677860315160147
6678.77271262 0.0034549214832168035
6679.88593417 0.0032044094054556795
6680.99934127 0.0033285807387596895
6682.11293396 0.003438298144027483
6683.22671226 0.00336665143876627
6684.34067621 0.0033846568858221034
6685.45482583 0.0034711860837463456
6686.56916116 0.003493801400449985
6687.68368223 0.003474111907428215
6688.79838906 0.0034140834582248934
6689.9132817 0.003365146804826182
6691.02836017 0.0034370931590652467
6692.1436245 0.00352446332226177
6693.25907472 0.0035433678593055017
6694.37471087 0.0034965564972550336
6695.49053297 0.0034980852182442315
6696.60654105 0.003493527817299061
6697.72273516 0.003439797143504356
6698.83911531 0.003420528897701005
6699.95568154 0.0034298461229052258
6701.07243388 0.003505043896263999
6702.18937236 0.0035759210793158305
6703.30649702 0.003580113122337418
6704.42380787 0.0035535453560878926
6705.54130496 0.003483102269850283
6706.65898832 0.003463971638009621
6707.77685797 0.003505910392849616
6708.89491395 0.0034328142029545023
6710.01315628 0.003362088774228541
6711.13158501 0.0034497913793463436
6712.25020015 0.0034537382410326166
6713.36900175 0.0034370551220369774
6714.48798983 0.0034547548581550587
6715.60716443 0.003576868739937487
6716.72652556 0.003700050460268867
6717.84607328 0.003796206331280888
6718.9658076 0.003751483956973216
6720.08572856 0.0036335258435829035
6721.20583619 0.0035446106087073676
6722.32613051 0.0034354355860723744
6723.44661157 0.003344102550167033
6724.56727939 0.003314262865667329
6725.68813401 0.003308490572122622
6726.80917545 0.0032711395531877753
6727.93040375 0.0032771203040649656
6729.05181893 0.0034010166129279985
6730.17342103 0.003564577461239885
6731.29521008 0.0037175933368629385
6732.41718611 0.003829540983685806
6733.53934915 0.0038359910152170554
6734.66169924 0.003718445432554589
6735.78423639 0.003566572278066199
6736.90696066 0.0034482230112409997
6738.02987206 0.0033881805468690632
6739.15297063 0.0033463406151816714
6740.27625639 0.003291214527329685
6741.39972939 0.0032502377454402954
6742.52338965 0.0033305798460138637
6743.6472372 0.003352825589835308
6744.77127207 0.003289857110237912
6745.8954943 0.0033271412269838345
6747.01990391 0.003365193404183949
6748.14450094 0.003297682466997711
6749.26928542 0.003224638774309141
6750.39425738 0.0031944234838735316
6751.51941685 0.003225004237843203
6752.64476386 0.003277890376989107
6753.77029845 0.003207884945109174
6754.89602064 0.0030963321253428223
6756.02193047 0.0032283548383887587
6757.14802796 0.0033564372170346505
6758.27431315 0.0033786545400649446
6759.40078608 0.0033951044233400474
6760.52744676 0.0034176873428428864
6761.65429523 0.0034338720599525136
6762.78133153 0.0034106213435357914
6763.90855569 0.0033656159380244357
6765.03596773 0.0033655858067388163
6766.16356769 0.00337528352417682
6767.2913556 0.0033348211168315123
6768.41933148 0.0032682876703778066
6769.54749538 0.003294272246697185
6770.67584733 0.0033744415837463704
6771.80438734 0.0033592339220505133
6772.93311547 0.0033284150956075964
6774.06203173 0.0034161514490193036
6775.19113615 0.0034967078563381657
6776.32042878 0.0035083933957837338
6777.44990964 0.003512022962205501
6778.57957876 0.0035051658619164668
6779.70943618 0.0034853596797359463
6780.83948192 0.003549864334190862
6781.96971602 0.0035712635257963226
6783.1001385 0.003453841768150947
6784.23074941 0.003299043027964813
6785.36154876 0.0032086963465905714
6786.4925366 0.0031280649816624257
6787.62371295 0.003097189366844981
6788.75507785 0.0031810020097056465
6789.88663132 0.003286328539217622
6791.0183734 0.003289284929073849
6792.15030412 0.0032565345128559003
6793.28242351 0.0032815390539709726
6794.41473161 0.003265892964014034
6795.54722843 0.0031945340590350552
6796.67991403 0.003234221312401763
6797.81278842 0.0032912436085048556
6798.94585163 0.003365439853951518
6800.07910371 0.003374110932461116
6801.21254468 0.0033951119163434834
6802.34617457 0.003405235243885916
6803.47999341 0.0033675208009154196
6804.61400124 0.0033596833288130727
6805.74819809 0.003329160513908563
6806.88258399 0.0033694901510745823
6808.01715896 0.0033670310194218976
6809.15192305 0.0033370876034613983
6810.28687628 0.003409844383407394
6811.42201869 0.0033982932687903677
6812.5573503 0.0034086532887773716
6813.69287115 0.003424931817924802
6814.82858127 0.003380792087274162
6815.96448068 0.003337581040003034
6817.10056944 0.0032655390032835323
6818.23684755 0.003346104648843194
6819.37331506 0.0034273066551458106
6820.509972 0.0034290851254357613
6821.6468184 0.00338900562093938
6822.78385428 0.003394646919206644
6823.92107969 0.003432105683107082
6825.05849465 0.00348307533773221
6826.1960992 0.003508220505909805
6827.33389336 0.003523868946635808
6828.47187718 0.003507425532369982
6829.61005067 0.0034096953714214382
6830.74841387 0.003357249295133806
6831.88696682 0.0033878681115932846
6833.02570954 0.0034297208193978606
6834.16464206 0.003389580501843987
6835.30376443 0.003389389439163833
6836.44307666 0.003487369392687845
6837.5825788 0.003542481433874425
6838.72227087 0.0035235911851729668
6839.8621529 0.0034999722631446246
6841.00222493 0.003447741854652923
6842.14248698 0.0033487584516386777
6843.2829391 0.003281375325670162
6844.42358131 0.003360955380467311
6845.56441364 0.0034860814748074913
6846.70543612 0.003565392771399331
6847.84664879 0.0035451008493301694
6848.98805168 0.00350941325605372
6850.12964482 0.0035293551950813357
6851.27142824 0.0034569336751748897
6852.41340197 0.003393131481159247
6853.55556605 0.0033757985252426113
6854.69792051 0.0034035973723070684
6855.84046537 0.003388878685572149
6856.98320067 0.0033019976111516567
6858.12612645 0.003341418989429474
6859.26924273 0.0033786104260395754
6860.41254954 0.003390954037334531
6861.55604692 0.003406094177529306
6862.6997349 0.0033284651322442647
6863.84361351 0.0033324537381170215
6864.98768278 0.0034871613312711745
6866.13194275 0.0035665649488733336
6867.27639344 0.0035723616989568165
6868.42103489 0.0035820804106788174
6869.56586713 0.003575518343136621
6870.71089019 0.0035677048713997333
6871.8561041 0.003587664809322473
6873.0015089 0.0035345903652270233
6874.14710461 0.003462839260078743
6875.29289128 0.0034952550223343055
6876.43886892 0.0034985231132956297
6877.58503758 0.003507810047021585
6878.73139728 0.0035721550149600515
6879.87794805 0.0036130244847046426
6881.02468994 0.0036175987663646316
6882.17162296 0.0035704335290277956
6883.31874716 0.0034549845829924095
6884.46606256 0.0034179448445568463
6885.61356919 0.003486545751178377
6886.76126709 0.0035964149562526565
6887.90915629 0.0036436592874867996
6889.05723682 0.0036552264880868636
6890.20550871 0.003630576987932795
6891.353972 0.003644623368758733
6892.50262671 0.003656758617416964
6893.65147288 0.003651488725555037
6894.80051055 0.0036652471494238795
6895.94973973 0.0036567775933902705
6897.09916047 0.003668464702319166
6898.2487728 0.003708426458282568
6899.39857674 0.0036766431344114146
6900.54857233 0.0036519131864404877
6901.69875961 0.0036496413350682565
6902.8491386 0.003665527272232102
6903.99970933 0.003712248803549521
6905.15047184 0.003750266348573352
6906.30142617 0.0037128643069064982
6907.45257233 0.003649974915370245
6908.60391037 0.0036321008891083023
6909.75544031 0.0036732878484892683
6910.90716219 0.0037707830213147436
6912.05907604 0.003743920973560819
6913.21118189 0.0036826051582211396
6914.36347978 0.003675420077451726
6915.51596973 0.003618789686145593
6916.66865178 0.003625867851117865
6917.82152596 0.0036728618074361083
6918.9745923 0.0036709524769674064
6920.12785083 0.0037157644023868186
6921.28130159 0.0037037621119434833
6922.43494461 0.0036932774352429363
6923.58877992 0.003704274698174306
6924.74280755 0.0036928977950850144
6925.89702753 0.003552272665555396
6927.0514399 0.003432466109886198
6928.20604469 0.003479202330966001
6929.36084193 0.0036043884705689857
6930.51583165 0.003666147166822568
6931.67101388 0.0036725346205573627
6932.82638866 0.003635430383238582
6933.98195602 0.003557922629674709
6935.13771599 0.0034878953308521018
6936.29366861 0.003599618996947905
6937.44981389 0.0036806695817703625
6938.60615189 0.0036557577008430467
6939.76268262 0.0036209546350977977
6940.91940613 0.003678382557135887
6942.07632243 0.003769276819002388
6943.23343158 0.0037524901594180103
6944.39073359 0.003610638579082516
6945.5482285 0.003537937448666384
6946.70591634 0.0035165252424598386
6947.86379715 0.003565844681387678
6949.02187095 0.003681803944477216
6950.18013778 0.003721694274500467
6951.33859767 0.0037044374755078277
6952.49725066 0.0036502505085638025
6953.65609677 0.003558872027137323
6954.81513604 0.003508872328510363
6955.97436849 0.0034873251105316107
6957.13379417 0.003601156535670434
6958.2934131 0.0037268101890229953
6959.45322532 0.003752661118269873
6960.61323085 0.003748336745597704
6961.77342974 0.003760621028057998
6962.93382201 0.0037773602501591894
6964.09440769 0.003718528250946607
6965.25518682 0.003718022398582986
6966.41615943 0.0038022831753280932
6967.57732555 0.00374577506146241
6968.73868522 0.003749024776601432
6969.90023846 0.003871067712909054
6971.06198531 0.0038606364263481293
6972.2239258 0.0037028371896681293
6973.38605996 0.0036873857119104443
6974.54838783 0.003831544893808057
6975.71090943 0.0038463021910661176
6976.87362481 0.003759407244196463
6978.03653398 0.0037316723024233894
6979.199637 0.0036006587335012203
6980.36293387 0.0033776869879603554
6981.52642465 0.0034723425834211124
6982.69010936 0.0036666026823053213
6983.85398803 0.0037540716602007403
6985.0180607 0.003802616002648153
6986.1823274 0.0038347984859081973
6987.34678815 0.003892478416751861
6988.511443 0.003903379786970542
6989.67629198 0.0038558781054580694
6990.84133511 0.0037072930246743415
6992.00657243 0.0035950017513116618
6993.17200398 0.003676822625015564
6994.33762978 0.0038210192839105185
6995.50344987 0.0038251621815344316
6996.66946427 0.003761551791863491
6997.83567303 0.003754032848668729
6999.00207618 0.0037137635575518854
7000.16867374 0.003739348919745744
7001.33546574 0.0036641146827028456
7002.50245224 0.003650232263388579
7003.66963324 0.003738698896315079
7004.83700879 0.0037919950190604124
7006.00457892 0.003646432340087188
7007.17234366 0.0035850555183355656
7008.34030305 0.003686223319339953
7009.50845711 0.0037104272209270506
7010.67680588 0.00373281156599822
7011.84534939 0.0037244081930554876
7013.01408767 0.0036559434144580716
7014.18302076 0.00380406817092385
7015.35214869 0.003901444045614736
7016.52147149 0.0037503384310217467
7017.69098919 0.003522830617587168
7018.86070183 0.003557770640654102
7020.03060943 0.0037977481412835154
7021.20071204 0.00389381969956545
7022.37100968 0.003906959977410173
7023.54150239 0.0038765222510592323
7024.71219019 0.0037246177727614216
7025.88307313 0.003623622887990308
7027.05415123 0.003676543987327061
7028.22542452 0.0037470288720961955
7029.39689305 0.003657719799362558
7030.56855683 0.0035920448098764285
7031.74041591 0.0036867858432557575
7032.91247031 0.0037679957398209017
7034.08472008 0.003793695215557776
7035.25716523 0.003793844615248582
7036.42980581 0.003832752125264623
7037.60264184 0.003901949638286669
7038.77567337 0.0038719758190427756
7039.94890041 0.0036396653298232163
7041.12232301 0.0036517055900680026
7042.2959412 0.003929075693644354
7043.469755 0.004073638290998622
7044.64376446 0.00410167127592288
7045.8179696 0.004015456593877746
7046.99237046 0.0038666041994782586
7048.16696707 0.003882742773605815
7049.34175946 0.004004314888003145
7050.51674767 0.004110125141678984
7051.69193172 0.004056146079661286
7052.86731166 0.003926364859417504
7054.0428875 0.0036740283596486427
7055.2186593 0.003332467503335711
7056.39462707 0.003069139875797511
7057.57079085 0.0031025246042042233
7058.74715068 0.003285412080932704
7059.92370658 0.0033030692155411904
7061.10045859 0.00318292283342987
7062.27740674 0.0031092095192286374
7063.45455107 0.0031614937278246634
7064.6318916 0.003187288527852124
7065.80942838 0.003220544870629234
7066.98716142 0.0031937749332892427
7068.16509077 0.0031658047270718918
7069.34321646 0.003144841501032177
7070.52153852 0.0030873771645113074
7071.70005699 0.0032074002475779937
7072.87877189 0.00334844440812569
7074.05768326 0.0033805761322706616
7075.23679113 0.0033994144786600373
7076.41609553 0.0034165134253400387
7077.5955965 0.0034076195535694916
7078.77529407 0.003415539046062783
7079.95518828 0.003471789937406924
7081.13527915 0.0034947138652521113
7082.31556672 0.003546811129107944
7083.49605101 0.003524567885021709
7084.67673208 0.0033700470073436306
7085.85760994 0.003181122986793059
7087.03868462 0.0031496889860312734
7088.21995617 0.0031895368922888628
7089.40142462 0.002919656782241568
7090.58308999 0.0027749116565696902
7091.76495233 0.002853105092920857
7092.94701166 0.0029794493074604806
7094.12926801 0.002998298436475798
7095.31172142 0.0029319346652077463
7096.49437193 0.0029254196640306597
7097.67721956 0.002932210308017172
7098.86026434 0.002949876878620886
7100.04350632 0.002958206188679876
7101.22694552 0.003000969184528298
7102.41058198 0.003004928523000995
7103.59441573 0.0029484255148414184
7104.7784468 0.002867255396398252
7105.96267522 0.002944942272642018
7107.14710103 0.003064962675141901
7108.33172427 0.003055323564717368
7109.51654495 0.0030593957412615755
7110.70156313 0.003067948269130148
7111.88677882 0.0029918358102260885
7113.07219206 0.0028931549109814333
7114.25780289 0.0029278295730450917
7115.44361134 0.003032545997045936
7116.62961744 0.003057697195101041
7117.81582123 0.003101355802694521
7119.00222273 0.0031423674612032966
7120.18882198 0.003146343320415369
7121.37561901 0.0031399472535740295
7122.56261386 0.003163597064673426
7123.74980656 0.0031625080266633227
7124.93719714 0.0031394499112311265
7126.12478564 0.003029395068632905
7127.31257208 0.0027275118573592137
7128.50055651 0.0026003013174172667
7129.68873894 0.0027021800582687047
7130.87711943 0.0027484087390286537
7132.065698 0.002664277004334296
7133.25447467 0.002607815277625185
7134.4434495 0.0026581380023259367
7135.6326225 0.00274284945059022
7136.82199372 0.0027796644752652385
7138.01156318 0.002785719687890243
7139.20133092 0.0028258078314487697
7140.39129696 0.0027689644636554726
7141.58146136 0.0027431896612789162
7142.77182413 0.002830726661414163
7143.96238531 0.002867896960403233
7145.15314494 0.0028690090824244493
7146.34410304 0.002882929670337482
7147.53525965 0.002888383868835216
7148.7266148 0.0028790451661622096
7149.91816853 0.0027895813741211292
7151.10992087 0.002789093026378844
7152.30187185 0.0028483576032210024
7153.4940215 0.0028964872434167795
7154.68636987 0.002949243580593546
7155.87891697 0.002906084965063952
7157.07166285 0.0028730111464553023
7158.26460754 0.002998071551472592
7159.45775106 0.003029622201305108
7160.65109346 0.0028787107944404167
7161.84463477 0.0028098219443306025
7163.03837502 0.002894024660132935
7164.23231424 0.0029921507021692263
7165.42645247 0.0029555665167651573
7166.62078974 0.002842110065982258
7167.81532608 0.0028779248054547203
7169.01006152 0.002993052733997444
7170.20499611 0.0030213236081559707
7171.40012987 0.0029713333328584756
7172.59546283 0.0029994417943895835
7173.79099503 0.003073381229603566
7174.98672651 0.0031180668636872693
7176.18265729 0.003101527213667391
7177.3787874 0.0030678449137899323
7178.57511689 0.0030661665734446667
7179.77164579 0.0031362381649751563
7180.96837412 0.0030896011216358533
7182.16530192 0.002936186970733668
7183.36242923 0.0029144550548650585
7184.55975608 0.003074573891390887
7185.75728249 0.003214761796205322
7186.95500851 0.003199502612053344
7188.15293417 0.0031117388020060286
7189.3510595 0.0029518983204515634
7190.54938454 0.002882225578338015
7191.74790931 0.002937663429875855
7192.94663385 0.003062251022516815
7194.1455582 0.003070770600522472
7195.34468238 0.003056695391515288
7196.54400644 0.0031199663570342503
7197.7435304 0.0031321363259729025
7198.94325429 0.0029921955107115434
7200.14317816 0.0029458068493207375
7201.34330203 0.003029111903166509
7202.54362594 0.0030442820577561715
7203.74414992 0.0030418453113208754
7204.944874 0.003095006114835356
7206.14579822 0.003150509851597786
7207.34692261 0.003114414494395637
7208.5482472 0.0029136225071230647
7209.74977204 0.0028381913150171897
7210.95149714 0.002909944598804219
7212.15342255 0.0030412941248891033
7213.35554829 0.003164524359942887
7214.55787441 0.0030969542480156235
7215.76040093 0.003040398655566098
7216.96312788 0.003072438023076866
7218.16605531 0.003107230139654306
7219.36918325 0.0032030528007298818
7220.57251172 0.003265355929053589
7221.77604076 0.0031842770873753857
7222.97977041 0.0031315375235968276
7224.1837007 0.0031411622047020716
7225.38783166 0.0031210918068912863
7226.59216332 0.003211296389383272
7227.79669572 0.003286937674642695
7229.0014289 0.003318095201161938
7230.20636287 0.00328699769126483
7231.41149769 0.003268493644012274
7232.61683339 0.003316486376648753
7233.82236998 0.003326766116784544
7235.02810752 0.0033132381780358435
7236.23404603 0.0033485673976187636
7237.44018555 0.0032996635208253845
7238.6465261 0.0031700832391376994
7239.85306773 0.0032215529675266824
7241.05981047 0.00327612770442654
7242.26675435 0.0032434903150894193
7243.4738994 0.003299046671003068
7244.68124566 0.0033532261927479235
7245.88879316 0.003253330394809507
7247.09654193 0.0032111582205280004
7248.30449202 0.003348880751165123
7249.51264344 0.0034882762354199715
7250.72099624 0.003519103398260179
7251.92955045 0.0034142596754005725
7253.1383061 0.0032802669921191074
7254.34726323 0.003232985125295621
7255.55642187 0.0032579026026662455
7256.76578205 0.003317416651622706
7257.97534381 0.0034263742079399325
7259.18510718 0.003480699945959273
7260.39507219 0.0033789961185806223
7261.60523888 0.003370283635566697
7262.81560728 0.0033392395949269032
7264.02617743 0.003313582795122918
7265.23694935 0.0034150247465379014
7266.44792309 0.003394700407682314
7267.65909867 0.003321455781208616
7268.87047613 0.0033482991506023677
7270.08205551 0.003457075350788105
7271.29383683 0.0034667445988463474
7272.50582013 0.0033964092203304986
7273.71800545 0.0033353632297118056
7274.93039281 0.0033516990874937107
7276.14298225 0.0034182698385337605
7277.35577381 0.003522003600321796
7278.56876752 0.0035470428293845175
7279.78196341 0.003452894945388254
7280.99536152 0.0034011243503350723
7282.20896188 0.003337912456664278
7283.42276452 0.0032644724226765834
7284.63676948 0.003314986224861798
7285.85097679 0.00333493285608936
7287.06538648 0.003351559952366582
7288.2799986 0.0035256785825997414
7289.49481316 0.0035031060662653406
7290.70983021 0.0033847958923896838
7291.92504978 0.003376442255422161
7293.14047191 0.0032466896443833415
7294.35609662 0.0032326035261831007
7295.57192395 0.0033862330425294047
7296.78795394 0.0035177758072823077
7298.00418661 0.0035909075357473488
7299.22062201 0.003579103941948568
7300.43726016 0.0034973595443920486
7301.65410111 0.0034261608228655705
7302.87114487 0.0034710009453697973
7304.0883915 0.0035513265503818365
7305.30584102 0.0035470687953218405
7306.52349346 0.0035802656364272486
7307.74134886 0.0035265657604490745
7308.95940725 0.003462832887796623
7310.17766867 0.0034669833585401063
7311.39613315 0.003567312302370168
7312.61480073 0.003517176669308698
7313.83367143 0.003469274640046401
7315.0527453 0.003573726215839426
7316.27202236 0.0036313447351372947
7317.49150265 0.0035410278072116027
7318.7111862 0.00349733933258904
7319.93107306 0.003457269397332558
7321.15116324 0.0034991959283894435
7322.37145679 0.0035803812847991683
7323.59195374 0.003619722877470061
7324.81265412 0.003561033228051367
7326.03355797 0.003446536286294332
7327.25466531 0.0034162130752419004
7328.4759762 0.003413867117972131
7329.69749065 0.0036057503575864167
7330.91920871 0.0036707496051039505
7332.1411304 0.003596282271414335
7333.36325576 0.00355776654763955
7334.58558483 0.0035726879346311175
7335.80811763 0.00361126916543149
7337.03085421 0.003638515604841789
7338.2537946 0.003698458462363938
7339.47693882 0.0037213408621271926
7340.70028692 0.00369052491240341
7341.92383893 0.0037525882806623634
7343.14759488 0.003846230527487001
7344.37155481 0.003839479118489035
7345.59571874 0.0036259711130375814
7346.82008672 0.0035009347285215086
7348.04465878 0.003664599127614856
7349.26943495 0.00375598856315116
7350.49441527 0.003803777169643653
7351.71959977 0.0037217347362067093
7352.94498848 0.003577871012187761
7354.17058144 0.003602164128279683
7355.39637869 0.0036374322481616903
7356.62238025 0.003522617222789122
7357.84858616 0.003337395757169399
7359.07499646 0.003370441791872741
7360.30161117 0.0036666905908064812
7361.52843034 0.0038651831581094018
7362.75545399 0.003687034961323316
7363.98268217 0.0034047713270214984
7365.2101149 0.0034163004769158464
7366.43775222 0.003588812447558492
7367.66559416 0.003693357505048864
7368.89364076 0.0037090735407513636
7370.12189205 0.003790368764759122
7371.35034807 0.0037525470717586795
7372.57900884 0.0038141911880890354
7373.80787442 0.0039001424110435318
7375.03694481 0.0038642332451377767
7376.26622008 0.0038573148024023886
7377.49570023 0.00385628687124211
7378.72538532 0.0038407613826938504
7379.95527537 0.0039007444853499497
7381.18537042 0.003980638654377699
7382.41567051 0.003925339524389297
7383.64617566 0.0037792000882382114
7384.87688591 0.0037447162819135567
7386.1078013 0.003777824706656186
7387.33892186 0.0036583866795804804
7388.57024762 0.003613655732039122
7389.80177862 0.003608405072895927
7391.03351489 0.0034841209636577494
7392.26545647 0.003514051560680523
7393.49760338 0.0036783181779839096
7394.72995568 0.0037732649159603186
7395.96251338 0.0037925458174279513
7397.19527653 0.00384634018135906
7398.42824515 0.0038734969384588845
7399.66141929 0.003852362067046458
7400.89479897 0.0037628181299443736
7402.12838423 0.0036223602239595252
7403.36217511 0.0036411061438247887
7404.59617163 0.003838724978678178
7405.83037384 0.003994596683383062
7407.06478177 0.003941402603079015
7408.29939545 0.0038518597237780375
7409.53421491 0.0038923704477484464
7410.7692402 0.003782566795221475
7412.00447134 0.0037164875943763577
7413.23990837 0.0037241166161269836
7414.47555132 0.0038129482208813198
7415.71140023 0.0037436818887855708
7416.94745513 0.0035614880409664314
7418.18371606 0.003536084857270569
7419.42018305 0.0035092400518431676
7420.65685613 0.0036068680591734687
7421.89373535 0.003790743337654049
7423.13082072 0.0037909820500859996
7424.3681123 0.0035950355694390874
7425.6056101 0.003528975747650677
7426.84331418 0.0036638911193567045
7428.08122455 0.003840135647625541
7429.31934126 0.003994489913152918
7430.55766435 0.004021219650785865
7431.79619383 0.0038905100885030727
7433.03492976 0.003662099022287623
7434.27387215 0.0035614657792454084
7435.51302106 0.0037468204104619744
7436.7523765 0.003963604304600582
7437.99193853 0.003945845570707091
7439.23170716 0.003913906041677543
7440.47168244 0.003915194293012028
7441.7118644 0.0037171115007239024
7442.95225307 0.0036076215739965466
7444.1928485 0.00372068085938299
7445.4336507 0.0038284869316844404
7446.67465973 0.0038409790601134177
7447.9158756 0.0037496202864712503
7449.15729836 0.0038401756745170316
7450.39892804 0.003919383107926649
7451.64076468 0.003928600247984305
7452.88280831 0.003935627392179819
7454.12505896 0.003929381439167182
7455.36751668 0.003925246152371099
7456.61018148 0.003939716717432075
7457.85305341 0.0038876166961359137
7459.09613251 0.0037842804435597173
7460.3394188 0.0038551288894733047
7461.58291233 0.003892470986344607
7462.82661312 0.0037455676133102043
7464.07052121 0.0035640497201355724
7465.31463664 0.0036621259560637907
7466.55895943 0.0038352152979762018
7467.80348964 0.003929427724570052
7469.04822728 0.003936546724458777
7470.29317239 0.003896751640552299
7471.53832501 0.0037858129008086602
7472.78368518 0.0036866871975913466
7474.02925292 0.003701170496293352
7475.27502827 0.003780394021553699
7476.52101127 0.00376770696201053
7477.76720195 0.0037678674790001254
7479.01360035 0.0038251224015086395
7480.2602065 0.003853431004762775
7481.50702043 0.003862402573971278
7482.75404218 0.0038995398888974123
7484.00127179 0.003856808347012293
7485.24870929 0.0038110633777226916
7486.4963547 0.0038567863703775347
7487.74420808 0.003969412614798166
7488.99226945 0.004001386492838423
7490.24053885 0.0038949960858538422
7491.48901631 0.0037671520517792685
7492.73770187 0.003725291267351021
7493.98659556 0.0037339217753475235
7495.23569741 0.0037456320419745203
7496.48500747 0.0035295668503867216
7497.73452576 0.0035494531272662624
7498.98425232 0.003848469764389639
7500.23418719 0.003940077047189659
7501.48433039 0.003893894422638858
7502.73468198 0.003858230703559185
7503.98524197 0.00390479239425285
7505.2360104 0.003950276852610427
7506.48698731 0.0038686540166559774
7507.73817274 0.003818923229776644
7508.98956672 0.0038530291648338696
7510.24116928 0.003923415278104368
7511.49298045 0.0038428906216410584
7512.74500028 0.0036355348916006745
7513.9972288 0.003658885360103407
7515.24966604 0.003839465433194864
7516.50231203 0.0038986684055739157
7517.75516682 0.003913666011983808
7519.00823043 0.003981584684987264
7520.26150291 0.004010253791350259
7521.51498428 0.004025198636991635
7522.76867458 0.003986731063463425
7524.02257385 0.0038272873454072024
7525.27668212 0.003767016901652667
7526.53099942 0.00383951723651395
7527.78552579 0.0038800969462332497
7529.04026127 0.003964146976595644
7530.29520589 0.0039974600962125574
7531.55035969 0.003976303628884771
7532.80572269 0.0039014558899115826
7534.06129494 0.00390410417050213
7535.31707647 0.0039449516790403495
7536.57306731 0.00399492010098717
7537.8292675 0.0040223604709658835
7539.08567708 0.003990306057885593
7540.34229607 0.003947676811227184
7541.59912452 0.003927212900030116
7542.85616246 0.003934900615807709
7544.11340992 0.003985114071471566
7545.37086694 0.0040284245667167925
7546.62853355 0.004025566606063868
7547.8864098 0.003962506435385392
7549.1444957 0.0039490028689000084
7550.40279131 0.003989085862604115
7551.66129664 0.0039899338767992645
7552.92001175 0.003975385428208196
7554.17893666 0.003953591002267513
7555.43807141 0.0038695755574264835
7556.69741603 0.003758208222907357
7557.95697056 0.0038246501290066575
7559.21673503 0.003998589071883967
7560.47670948 0.003976420186587751
7561.73689394 0.003910016054199822
7562.99728846 0.003933384520868796
7564.25789305 0.003913926134932569
7565.51870777 0.003913099968445636
7566.77973263 0.0039224899840684625
7568.04096769 0.0039495105473842645
7569.30241297 0.003953349323322015
7570.5640685 0.003861090713200672
7571.82593434 0.0038853265260029644
7573.08801049 0.003987892804899908
7574.35029702 0.003993415393076835
7575.61279394 0.003859922909915914
7576.87550129 0.0038309244444171423
7578.13841912 0.003973473876375931
7579.40154745 0.004009205889277312
7580.66488631 0.0039608261119167066
7581.92843575 0.003914090766977138
7583.1921958 0.003901166591036449
7584.4561665 0.0038312487518355545
7585.72034787 0.0037282039200851064
7586.98473996 0.0037416879872499546
7588.24934279 0.003685644819765884
7589.51415642 0.003700990994028477
7590.77918086 0.00361836798748308
7592.04441615 0.003441680803998066
7593.30986234 0.0034885732192324022
7594.57551945 0.003650535745378933
7595.84138753 0.003698739453634916
7597.10746659 0.0037419546073055193
7598.37375669 0.0037396319993736374
7599.64025786 0.0037022122842481006
7600.90697012 0.003741545558922596
7602.17389353 0.0037253209863771937
7603.4410281 0.0036739683944263823
7604.70837388 0.003689403743719445
7605.9759309 0.003747474166882176
7607.2436992 0.0036880972557995395
7608.51167882 0.0036100184617878207
7609.77986978 0.003675495954763205
7611.04827212 0.003613239384117154
7612.31688588 0.003484468758988128
7613.58571109 0.0036357178462836093
7614.85474779 0.0037255903849276444
7616.12399602 0.0036282517947197387
7617.3934558 0.0035235163416270135
7618.66312718 0.0034502137484118674
7619.93301019 0.0034076378531258974
7621.20310486 0.0034564480096806504
7622.47341124 0.0035183901777682534
7623.74392935 0.0036574926832171864
7625.01465923 0.003756855724515406
7626.28560091 0.0037450151732127475
7627.55675444 0.0037422754703287276
7628.82811984 0.003709157247962436
7630.09969716 0.003553913851260745
7631.37148642 0.003516171598943201
7632.64348766 0.00360532276913881
7633.91570093 0.0036634188410323235
7635.18812624 0.0036647120773848373
7636.46076365 0.0036568749644904776
7637.73361318 0.003642576053577103
7639.00667486 0.003583396167451366
7640.27994875 0.0034932683982882443
7641.55343486 0.0034836731197013943
7642.82713324 0.0036019176162393083
7644.10104391 0.003701347917889761
7645.37516693 0.0036894844031773104
7646.64950231 0.0036437889293174292
7647.92405011 0.003634780862526442
7649.19881034 0.0036116575403535565
7650.47378306 0.003611094252033345
7651.74896828 0.003644526038802839
7653.02436606 0.003622583416838414
7654.29997642 0.0036195685511414546
7655.5757994 0.0035187930896988734
7656.85183503 0.003475043461620847
7658.12808335 0.0035665749069747504
7659.4045444 0.0034753322362563576
7660.68121821 0.0033472701450028806
7661.95810482 0.003386839842466212
7663.23520426 0.003453818587420527
7664.51251657 0.003440141192308648
7665.79004178 0.003147720878116805
7667.06777992 0.0030014971504753267
7668.34573105 0.003274143203177903
7669.62389518 0.0034040904447453064
7670.90227236 0.0033974277241330423
7672.18086262 0.0034220042879808486
7673.45966599 0.003375102109184612
7674.73868252 0.0032775477094248986
7676.01791223 0.003301890457584893
7677.29735517 0.003386000108067455
7678.57701136 0.003431326613181726
7679.85688085 0.0034510417464962955
7681.13696367 0.003420860369366206
7682.41725985 0.003406702775994026
7683.69776943 0.003432110201650785
7684.97849245 0.003447891032636954
7686.25942894 0.0034446591001973917
7687.54057894 0.0034587169620202566
7688.82194248 0.003471300090004471
7690.1035196 0.0034684641810701503
7691.38531033 0.0034494459000516675
7692.66731471 0.0034156624958103037
7693.94953278 0.0033860614249285373
7695.23196457 0.003453615984621827
7696.51461011 0.0034980760801084703
7697.79746945 0.0034863068082237776
7699.08054262 0.0034367898321724273
7700.36382964 0.0032851514856350574
7701.64733057 0.0032675586724495655
7702.93104543 0.003443507957937429
7704.21497426 0.0034927525378636035
7705.4991171 0.0034900627067698817
7706.78347398 0.0034049278262860434
7708.06804494 0.0033550889525382336
7709.35283001 0.0033658740635268925
7710.63782923 0.0033402433109077866
7711.92304263 0.003250335131535232
7713.20847025 0.0032275636151573766
7714.49411213 0.0031962559270856485
7715.7799683 0.0030914054164113006
7717.0660388 0.003074739893954474
7718.35232366 0.0032688303845251378
7719.63882292 0.003411595347877699
7720.92553661 0.0034164864443840953
7722.21246478 0.0034282797071038384
7723.49960745 0.003421492885737202
7724.78696466 0.0033181220037293577
7726.07453645 0.0033056567047699305
7727.36232285 0.0033565529558043606
7728.6503239 0.0033717013819778985
7729.93853964 0.00339657099278153
7731.22697009 0.0034859413907898785
7732.5156153 0.003508504869208203
7733.80447531 0.0035145558409479666
7735.09355014 0.00350993313920603
7736.38283984 0.003523171230015657
7737.67234443 0.0035637836949971545
7738.96206396 0.003576468409506852
7740.25199847 0.0035774247631385338
7741.54214798 0.003557253873574875
7742.83251253 0.0035263529951955106
7744.12309216 0.0034528058757512833
7745.4138869 0.0034018800321631067
7746.7048968 0.003409564352268705
7747.99612188 0.003368360673343763
7749.28756219 0.003266006894020012
7750.57921775 0.0030678934620406023
7751.8710886 0.0031053819425225218
7753.16317479 0.0032424525599984645
7754.45547634 0.003342329656681336
7755.74799329 0.0033967145628375907
7757.04072568 0.0034491500178351416
7758.33367355 0.0034635700647972973
7759.62683692 0.003427709177850105
7760.92021584 0.003379888530715625
7762.21381034 0.003383683699866708
7763.50762045 0.0034494868934581307
7764.80164622 0.0034783270882988667
7766.09588768 0.0034550645958428684
7767.39034486 0.0034083356444185014
7768.68501781 0.0033882561053104835
7769.97990655 0.0033820424138190103
7771.27501112 0.003416737533491077
7772.57033156 0.003441308479653247
7773.86586791 0.0034503292906821726
7775.1616202 0.0034408182338535416
7776.45758846 0.003431401133774312
7777.75377274 0.003463198969796184
7779.05017307 0.0034913886747242966
7780.34678948 0.0034960575361784605
7781.64362201 0.0034164904577871605
7782.9406707 0.0033385119123710686
7784.23793558 0.0034011962931754674
7785.53541669 0.0034292814478879183
7786.83311406 0.003438018086106605
7788.13102774 0.0034079783608334724
7789.42915775 0.0033437270607849317
7790.72750413 0.00324763694172656
7792.02606693 0.003275780256122772
7793.32484617 0.00339602635209046
7794.62384189 0.0034758674447041065
7795.92305413 0.0034962289745639774
7797.22248292 0.0034820596962589416
7798.5221283 0.0034524729809288055
7799.82199031 0.003411346074551799
7801.12206898 0.003403021494721277
7802.42236434 0.003380328636594346
7803.72287644 0.003458450631011279
7805.02360531 0.0035227416885494525
7806.32455099 0.0035493337724396396
7807.62571351 0.003549591254858142
7808.92709291 0.0034949379858610387
7810.22868922 0.0034644842938026613
7811.53050248 0.0035035305363873177
7812.83253273 0.003472254773351002
7814.13478001 0.0035186416555717274
7815.43724434 0.0035971616299655157
7816.73992577 0.003596600362944474
7818.04282432 0.0035645139829485186
7819.34594005 0.003562706602650353
7820.64927298 0.0035531081352973616
7821.95282316 0.0034803527907959603
7823.2565906 0.0034749912130937312
7824.56057536 0.003545413545355431
7825.86477747 0.0035892604021568316
7827.16919697 0.0035744374867712203
7828.47383389 0.0034732388000589917
7829.77868826 0.003441037120509601
7831.08376013 0.0034748839582723523
7832.38904952 0.00343982123875701
7833.69455649 0.0033241661765469723
7835.00028106 0.0033152520772185747
7836.30622326 0.0033161790304175594
7837.61238314 0.0032420340165422016
7838.91876073 0.0033268414611205836
7840.22535607 0.0034556930668255513
7841.5321692 0.003410668194779823
7842.83920014 0.00330846923288633
7844.14644894 0.0034007201185983185
7845.45391564 0.0034615420676583925
7846.76160026 0.003417841794686746
7848.06950285 0.0034485686551706408
7849.37762344 0.003518696472960538
7850.68596207 0.0034374738506100407
7851.99451877 0.003330440260818047
7853.30329359 0.0033493763158350736
7854.61228655 0.0033526074078888152
7855.9214977 0.003410313341775135
7857.23092706 0.0034134705235092625
7858.54057468 0.003420331413615506
7859.8504406 0.003485375361925157
7861.16052484 0.003552316232680408
7862.47082745 0.00354206621259131
7863.78134846 0.003481842995712805
7865.09208791 0.0034731663888171683
7866.40304584 0.0035161452383657985
7867.71422227 0.0035740220791180928
7869.02561726 0.003574085619465968
7870.33723083 0.003540866842103293
7871.64906301 0.003473504243719612
7872.96111386 0.0034789330991319986
7874.2733834 0.003442811602541884
7875.58587167 0.0033831159530209633
7876.8985787 0.003423801672765029
7878.21150454 0.003454845992767982
7879.52464921 0.0034643793333104314
7880.83801277 0.0034689612136724443
7882.15159523 0.003441508622571648
7883.46539664 0.003350025309715573
7884.77941704 0.003356281159200814
7886.09365646 0.00339632726947838
7887.40811494 0.0033829838712749302
7888.72279251 0.003468347979101428
7890.03768922 0.003447814886372264
7891.35280509 0.0034043248614513454
7892.66814016 0.003463793639166741
7893.98369448 0.0035274827878305414
7895.29946807 0.003429475502390617
7896.61546098 0.003240076456935731
7897.93167324 0.0032290547344035357
7899.24810488 0.003315823706349558
7900.56475595 0.0033632179349931627
7901.88162648 0.0033982698740159757
7903.19871651 0.0034180282085221857
7904.51602607 0.0034321019185244114
7905.83355519 0.003386975878194001
7907.15130393 0.0033894084299877997
7908.46927231 0.0034229135239385415
7909.78746037 0.0033370983093438337
7911.10586814 0.0032274217676645785
7912.42449567 0.0032998212440783193
7913.74334298 0.003278868601982875
7915.06241013 0.003125952083221965
7916.38169713 0.0032518841254768347
7917.70120404 0.003357692024816866
7919.02093088 0.003276265199415922
7920.34087769 0.0032527054219657014
7921.66104452 0.0033538014134728155
7922.98143139 0.003391947756851224
7924.30203834 0.003372918257079376
7925.62286541 0.003334870193363667
7926.94391264 0.00339495117925914
7928.26518006 0.0033930070387580722
7929.58666771 0.003372442018350867
7930.90837563 0.0034156547185099336
7932.23030385 0.003459083980595881
7933.55245241 0.003471564063049227
7934.87482135 0.003380282622570394
7936.1974107 0.0034051467812803785
7937.5202205 0.0034350792843762116
7938.84325078 0.0032281588344785636
7940.16650159 0.003149156744328075
7941.48997296 0.003290991963259802
7942.81366493 0.0032902690534370002
7944.13757753 0.003246888105878563
7945.4617108 0.0032075729748296884
7946.78606478 0.0031090208350053115
7948.1106395 0.0031530775914469333
7949.435435 0.0032871655331981257
7950.76045133 0.0032851805853902957
7952.0856885 0.0033089255550286284
7953.41114657 0.003417155307961993
7954.73682556 0.0035016295285885744
7956.06272552 0.0034400798748626363
7957.38884648 0.003320554247261522
7958.71518848 0.0033066065168620134
7960.04175156 0.0033775863640504735
7961.36853575 0.003385589928629462
7962.69554108 0.0033997709270118417
7964.0227676 0.0034352510749874683
7965.35021535 0.003430045707878462
7966.67788436 0.0034392628782081635
7968.00577466 0.0034792497887544413
7969.33388629 0.0035649789173591226
7970.6622193 0.003570561017698367
7971.99077371 0.003531806170728811
7973.31954957 0.00350919776593156
7974.64854691 0.003520086720206149
7975.97776576 0.003547698134380863
7977.30720617 0.0035616081872924233
7978.63686818 0.0035378000504144693
7979.96675181 0.003386117055977909
7981.29685711 0.0032912594512195547
7982.62718411 0.0034253591732303808
7983.95773285 0.0035582391671862648
7985.28850336 0.0036259301494587287
7986.61949569 0.0035808102012171356
7987.95070987 0.003467944381842334
7989.28214594 0.0032844028722522215
7990.61380394 0.0033973167766099305
7991.94568389 0.0036324230774237207
7993.27778584 0.003617615854144418
7994.61010983 0.0035230845615050565
7995.94265589 0.0034479071184297084
7997.27542406 0.003359122497764154
7998.60841438 0.0033981608395020125
7999.94162688 0.0034363529293570086
8001.2750616 0.0033395642776672257
8002.60871858 0.003409825382115426
8003.94259785 0.0034703236691909544
8005.27669946 0.0033937031478155077
8006.61102343 0.0034466390142300746
8007.94556981 0.0035195671852014366
8009.28033863 0.0035051329635984807
8010.61532994 0.0035102368443370863
8011.95054376 0.0035695128633020617
8013.28598013 0.003561881377262959
8014.62163909 0.003561379117036631
8015.95752069 0.0036665967795759704
8017.29362495 0.003664913836669197
8018.62995191 0.003595795233923026
8019.96650161 0.003583531537095616
8021.30327409 0.0036348428747498846
8022.64026938 0.0035855516260782845
8023.97748752 0.0035616602761640234
8025.31492856 0.0035724508632505765
8026.65259251 0.0034009416294297377
8027.99047943 0.003191143970500905
8029.32858935 0.0029965031774861887
8030.66692231 0.003154554402621004
8032.00547834 0.0034721939916798642
8033.34425748 0.0035893295547499843
8034.68325977 0.0036418077695729526
8036.02248525 0.0036627963853220025
8037.36193394 0.00365288190461999
8038.7016059 0.003708315133026448
8040.04150116 0.003689127897445325
8041.38161975 0.0036055783010884106
8042.72196171 0.003515340790115541
8044.06252708 0.0035074235393904494
8045.4033159 0.003482345274480155
8046.7443282 0.003416988299697679
8048.08556402 0.003365530355596474
8049.4270234 0.003335414440763936
8050.76870637 0.0034303383615564603
8052.11061298 0.003488324161195308
8053.45274326 0.003534620354982916
8054.79509724 0.003550091790219127
8056.13767497 0.003500128652672578
8057.48047648 0.0035008939194079635
8058.82350181 0.0035525826766559525
8060.16675099 0.003595487327922539
8061.51022407 0.0035972414705032806
8062.85392108 0.003554812049204565
8064.19784206 0.003503009340215667
8065.54198704 0.0034623173539276727
8066.88635606 0.003553952396388227
8068.23094917 0.0035230574404789892
8069.57576639 0.0033583989067447187
8070.92080777 0.0032486732083204105
8072.26607334 0.003212574935049838
8073.61156314 0.003278270954557464
8074.95727721 0.003380862941754634
8076.30321558 0.0033890262157976895
8077.64937829 0.0033841197612829994
8078.99576538 0.003536257718828252
8080.34237689 0.0035912195245986224
8081.68921286 0.0035142666799749707
8083.03627331 0.0033740567217277993
8084.38355829 0.0034306668013748005
8085.73106784 0.003487044984310782
8087.07880199 0.003416098706124615
8088.42676079 0.0035256775611907576
8089.77494426 0.0036214716067721462
8091.12335245 0.0034788878704799958
8092.47198539 0.0033302319061175763
8093.82084312 0.0032602765385542046
8095.16992568 0.0031002802721757762
8096.51923311 0.003274050171055608
8097.86876544 0.0034550246833451185
8099.21852271 0.0033943964671673404
8100.56850496 0.003396690882145452
8101.91871223 0.0034319610593135743
8103.26914454 0.0034808306089802177
8104.61980195 0.0034964350509014354
8105.97068449 0.003420268559641165
8107.32179219 0.003388180280464991
8108.6731251 0.003427010310135247
8110.02468325 0.0034113184187592005
8111.37646667 0.003379988568095726
8112.72847542 0.0034379497347741417
8114.08070951 0.003448264995203901
8115.433169 0.003402665057386037
8116.78585391 0.0033104866756272374
8118.1387643 0.003131947047764754
8119.49190018 0.00316482548576838
8120.84526161 0.003425884512623896
8122.19884861 0.003449365091932821
8123.55266124 0.003485110044590451
8124.90669951 0.0035664623155964408
8126.26096348 0.0035554506763725816
8127.61545318 0.0034469134460151183
8128.97016865 0.0034276395698733374
8130.32510992 0.0034981161592705355
8131.68027703 0.0035000831364847317
8133.03567002 0.0033981848872826686
8134.39128893 0.003386555349583332
8135.7471338 0.003457183849916706
8137.10320466 0.003562381403713838
8138.45950154 0.0035228797995190773
8139.8160245 0.003520853984950841
8141.17277357 0.003570202596068677
8142.52974877 0.0034958981636368062
8143.88695016 0.003453235503572891
8145.24437777 0.0034539619530094333
8146.60203163 0.003449046980086353
8147.95991179 0.003519675471185387
8149.31801828 0.0035268611980969872
8150.67635114 0.0034644934832353674
8152.03491041 0.0034062329922645955
8153.39369613 0.003502939904901641
8154.75270832 0.0035043447300015253
8156.11194704 0.003484797487593591
8157.47141232 0.003523158327729881
8158.83110419 0.003631933143985599
8160.1910227 0.0036508741359034813
8161.55116788 0.0035472636220214107
8162.91153977 0.003236517009246355
8164.2721384 0.003206513946400046
8165.63296383 0.0034879619814826685
8166.99401607 0.003585291314946749
8168.35529518 0.0035613655815403492
8169.71680118 0.0035310464461072648
8171.07853412 0.0035165545551308183
8172.44049404 0.003539756820347231
8173.80268097 0.003560247059402692
8175.16509495 0.0035418774328836904
8176.52773601 0.003523222247103249
8177.8906042 0.0035968222367479467
8179.25369956 0.0036268595930778755
8180.61702212 0.003558344206388359
8181.98057191 0.0034655088558516833
8183.34434899 0.003461890118147606
8184.70835337 0.003401908464048505
8186.07258512 0.003343506173961959
8187.43704425 0.0034063263098783277
8188.80173081 0.0033189539255245827
8190.16664484 0.0033400997989328418
8191.53178637 0.003598702498692482
8192.89715545 0.003742891216682073
8194.2627521 0.0035991790316290463
8195.62857638 0.0033880194782426104
8196.99462831 0.0031933981084397035
8198.36090793 0.003268359267682234
8199.72741529 0.0033679648242940785
8201.09415042 0.0033461864525001768
8202.46111335 0.0033517669862039227
8203.82830413 0.0033053081312867053
8205.1957228 0.003227772410976024
8206.56336939 0.0030751182446644622
8207.93124394 0.0031683463684598085
8209.29934648 0.0032713793682914625
8210.66767706 0.0033113283774551744
8212.03623572 0.0034397912892229435
8213.40502249 0.003432398478236086
8214.77403741 0.0032734939189849777
8216.14328051 0.0032992781097712564
8217.51275185 0.00340335257816724
8218.88245144 0.003457736244709615
8220.25237934 0.00347423785910739
8221.62253558 0.0033592179124702177
8222.9929202 0.003250804881965847
8224.36353324 0.0033421801271130433
8225.73437472 0.003473161834684198
8227.10544471 0.0035576045260005424
8228.47674322 0.003593137450803283
8229.8482703 0.0035250018810108652
8231.22002599 0.0034882950421263425
8232.59201032 0.0035012361040035905
8233.96422334 0.0034197933605498647
8235.33666508 0.0034480453258190634
8236.70933557 0.0035009103962822218
8238.08223487 0.003482299142872418
8239.455363 0.0034543700958501555
8240.82872 0.003437845807959003
8242.20230592 0.003458385638994128
8243.57612078 0.0034134215749686203
8244.95016464 0.003428598442532636
8246.32443752 0.003530322438171918
8247.69893946 0.0035943345655590933
8249.07367051 0.0034873816444373237
8250.4486307 0.0034484974287467816
8251.82382006 0.0035391056509334116
8253.19923865 0.003486225339156549
8254.57488649 0.0033098504005133053
8255.95076362 0.0032072600269402
8257.32687009 0.003255148934919902
8258.70320593 0.0032602282291822725
8260.07977117 0.0033944259349042204
8261.45656586 0.003557660152004104
8262.83359004 0.003630346539082647
8264.21084374 0.0035930636955107988
8265.588327 0.0035409983078994816
8266.96603986 0.003539346783576726
8268.34398236 0.0034723620477300036
8269.72215454 0.003383061874773197
8271.10055642 0.0034074257541835172
8272.47918807 0.003438476372428934
8273.8580495 0.0034386858353061766
8275.23714076 0.0034063670842767076
8276.61646189 0.003385156981776665
8277.99601293 0.003357550291740272
8279.37579391 0.003353034135774518
8280.75580487 0.003431604580837946
8282.13604586 0.003495918746138395
8283.5165169 0.0034561083550974647
8284.89721804 0.003350890052024591
8286.27814932 0.0033507012487060026
8287.65931077 0.0033838005508448465
8289.04070244 0.003361359963270185
8290.42232435 0.003323669686490826
8291.80417656 0.0033501546044699118
8293.18625909 0.003408970141531547
8294.56857199 0.0033755309960708945
8295.95111529 0.003308247026158007
8297.33388904 0.003306711148988485
8298.71689327 0.003310958111440715
8300.10012802 0.00326291495147494
8301.48359333 0.0032993177429810174
8302.86728923 0.0033968108660340558
8304.25121577 0.003361697141474848
8305.63537298 0.003298243142263306
8307.01976091 0.003216726984669318
8308.40437958 0.0030547224102611082
8309.78922904 0.003072239310902993
8311.17430934 0.003200254399902698
8312.55962049 0.0031320126603025093
8313.94516256 0.0031753439942261313
8315.33093556 0.0033267085052188687
8316.71693955 0.003375451997852915
8318.10317455 0.003403917174293383
8319.48964062 0.003451131395060595
8320.87633778 0.0034123457111480716
8322.26326608 0.0033003587775625354
8323.65042555 0.0032645749526770632
8325.03781623 0.003323733301468737
8326.42543817 0.0033538045586012583
8327.81329139 0.0032250651548386957
8329.20137594 0.003071740109833066
8330.58969186 0.00327877348841081
8331.97823919 0.0033929663966669765
8333.36701795 0.003233048922995107
8334.75602821 0.003165206965220071
8336.14526998 0.0031808097492453335
8337.53474331 0.003283741147018482
8338.92444824 0.003356049018127848
8340.3143848 0.003238012717552184
8341.70455305 0.0032567927973278137
8343.094953 0.003360141135859648
8344.48558471 0.003250267131659211
8345.87644821 0.0032131919907088125
8347.26754354 0.0032604572721775336
8348.65887074 0.0032684683711295256
8350.05042984 0.003172700294486213
8351.44222089 0.0031075878029494445
8352.83424393 0.003285660983456328
8354.22649899 0.0033251687635764203
8355.61898611 0.0032462214119061855
8357.01170533 0.0032776259406871434
8358.40465669 0.0033048900154351263
8359.79784023 0.003289612298533236
8361.19125598 0.003294088176379136
8362.58490399 0.0033248157048414214
8363.9787843 0.003273781314308288
8365.37289693 0.003111815287955249
8366.76724194 0.00302404667758441
8368.16181936 0.003206701499957279
8369.55662923 0.0034438557971559524
8370.95167158 0.00343729113302694
8372.34694646 0.0032896270455518824
8373.74245391 0.0032785070573554814
8375.13819396 0.003329209155672718
8376.53416665 0.003399898867235093
8377.93037203 0.003365586312290399
8379.32681013 0.003168552905149135
8380.72348098 0.0031956045871451466
8382.12038463 0.0034213128382800015
8383.51752112 0.0032332434498419755
8384.91489049 0.0028767444547722664
8386.31249276 0.003092585208417927
8387.710328 0.003252282309428471
8389.10839622 0.003035180247666425
8390.50669747 0.0029475172952517456
8391.9052318 0.00311214092073218
8393.30399923 0.0033068585974477508
8394.70299981 0.0034645815566336437
8396.10223358 0.0034974754624881757
8397.50170057 0.0034237207609828773
8398.90140082 0.0032394932947602474
8400.30133438 0.003261113377383696
8401.70150128 0.0033915467347790545
8403.10190156 0.0033055596239627283
8404.50253526 0.00326115637874447
8405.90340242 0.003404024440664306
8407.30450308 0.0034348988083821373
8408.70583727 0.0034659987916156178
8410.10740503 0.0034732522160891865
8411.50920642 0.003476952466535257
8412.91124145 0.003390196641857213
8414.31351018 0.0031754954989904834
8415.71601263 0.0031770606988140338
8417.11874886 0.003334159670970107
8418.52171889 0.0032988504973599756
8419.92492278 0.003190053882903637
8421.32836055 0.0032577842873110115
8422.73203224 0.003335676946789137
8424.13593791 0.003338035689472764
8425.54007757 0.0032213122245861566
8426.94445128 0.0031092465478588602
8428.34905907 0.002968470036270938
8429.75390098 0.003170701741179343
8431.15897705 0.0034664115813303116
8432.56428732 0.0034774639079233243
8433.96983182 0.0033524753661251117
8435.37561061 0.0031638619829661625
8436.78162371 0.002855851626431962
8438.18787116 0.002866065417204138
8439.59435301 0.003143712613529128
8441.00106929 0.0030847208234566327
8442.40802005 0.003092810971275623
8443.81520531 0.003244348885570938
8445.22262513 0.0032303153035023575
8446.63027953 0.003206965159715924
8448.03816857 0.003164585033938878
8449.44629227 0.0031492067905492245
8450.85465068 0.0032416343765925364
8452.26324383 0.0031605788525127638
8453.67207177 0.0031751848220557904
8455.08113454 0.003268208821619303
8456.49043216 0.003241869871978635
8457.89996469 0.003134370352812607
8459.30973216 0.003066911491363755
8460.71973462 0.0031619314827689665
8462.12997209 0.003275443860474659
8463.54044462 0.003376176479646202
8464.95115225 0.003355031068300582
8466.36209502 0.0031801804866944503
8467.77327296 0.0030137747002693806
8469.18468612 0.002914065910381941
8470.59633454 0.002902657233513383
8472.00821825 0.003096352260503346
8473.42033729 0.0031913964109457236
8474.8326917 0.003235452012877408
8476.24528153 0.003328293046768422
8477.65810681 0.0032944068408670064
8479.07116758 0.0032682203718063106
8480.48446388 0.0033063110831635704
8481.89799575 0.003272838091270066
8483.31176323 0.00320869416950181
8484.72576635 0.0031998302783178066
8486.14000516 0.003285938167181518
8487.5544797 0.0033437972449871824
8488.96919 0.003324601671587347
8490.38413611 0.0032803281833074485
8491.79931806 0.0033390317141000704
8493.21473589 0.0033276102978196114
8494.63038965 0.003220588480257011
8496.04627937 0.0030541179737628562
8497.46240509 0.0028048847525420366
8498.87876685 0.0023415616771781376
8500.29536469 0.001995695438539415
8501.71219865 0.002329882350346604
8503.12926877 0.002770643102506467
8504.54657509 0.0028872859937070345
8505.96411764 0.0030053060405606956
8507.38189647 0.0031553395492202505
8508.79991162 0.0032800744985622796
8510.21816312 0.0033576179906109936
8511.63665102 0.0033400150287635983
8513.05537535 0.00325975015448267
8514.47433616 0.003174775994758969
8515.89353348 0.002986359433713028
8517.31296735 0.002930323782687669
8518.73263782 0.00305649267035253
8520.15254491 0.002992255769453447
8521.57268868 0.003082349390615491
8522.99306915 0.0032238744719893762
8524.41368638 0.0032495190725483035
8525.8345404 0.0032618008933997153
8527.25563124 0.0032157797497884793
8528.67695895 0.0031430774914845165
8530.09852357 0.0031685385337055717
8531.52032514 0.0031829416260334524
8532.94236369 0.0031165558969724586
8534.36463927 0.0030756804755853804
8535.78715192 0.003067899216285874
8537.20990167 0.002978924850058466
8538.63288857 0.0028029605768656414
8540.05611265 0.0025438789190353676
8541.47957395 0.00219906538627796
8542.90327252 0.0017834251209962776
8544.32720839 0.0015025188725984143
8545.7513816 0.0017190975177434737
8547.1757922 0.0021448768251656576
8548.60044021 0.002442331239631537
8550.02532569 0.002585684742470512
8551.45044867 0.0027456919040041616
8552.87580919 0.002941220977493646
8554.30140728 0.0031356953785913705
8555.727243 0.0032333632398107433
8557.15331638 0.003183373352054354
8558.57962745 0.0031788360225266945
8560.00617627 0.0032866546375398577
8561.43296286 0.00331062056509538
8562.85998727 0.0032678571306023817
8564.28724953 0.003315057838384834
8565.7147497 0.0033359538926065603
8567.1424878 0.003273609205261665
8568.57046387 0.003281357197186281
8569.99867796 0.003297045404521518
8571.42713011 0.003260978834670246
8572.85582035 0.0032954269113605297
8574.28474873 0.003342180255833306
8575.71391528 0.003288396146312148
8577.14332005 0.003201140844135494
8578.57296307 0.0032780462803720157
8580.00284438 0.0033550062521645043
8581.43296403 0.003391260053314654
8582.86332205 0.0033563042670219177
8584.29391849 0.00319728665359308
8585.72475337 0.0032253583937156887
8587.15582675 0.0033296792283455372
8588.58713866 0.0033629139573881413
8590.01868914 0.003337032021131285
8591.45047824 0.0033206611978026388
8592.88250598 0.003336608127766655
8594.31477242 0.003350853009142768
8595.74727759 0.003369811187753182
8597.18002153 0.00333565438097483
8598.61300427 0.003236230760516852
8600.04622587 0.0031452538130136497
8601.47968636 0.0032034727843704017
8602.91338578 0.003335248110395358
8604.34732417 0.003353436485025116
8605.78150157 0.003328815487408718
8607.21591802 0.003330884454471963
8608.65057356 0.003366541949430542
8610.08546822 0.003417473341624747
8611.52060206 0.003378301016463091
8612.9559751 0.003210047060963536
8614.3915874 0.003132183589491681
8615.82743898 0.003261989918267535
8617.26352989 0.003382500260012166
8618.69986017 0.003388972519176455
8620.13642986 0.003372935535124584
8621.57323899 0.0033933774959788478
8623.01028762 0.0033386480028934577
8624.44757577 0.0032431828640588317
8625.88510349 0.00338057873167511
8627.32287082 0.003510428208259467
8628.76087779 0.0035041219969668496
8630.19912446 0.003489107790909376
8631.63761085 0.003472746553078651
8633.07633701 0.003451247825879418
8634.51530297 0.003426305816851787
8635.95450879 0.0034534776357343596
8637.39395449 0.003449219479279334
8638.83364012 0.0034214141117645635
8640.27356572 0.0034536232051105707
8641.71373132 0.003448747824251101
8643.15413697 0.0034012625635009433
8644.59478271 0.0033414085378060867
8646.03566858 0.003381498522496549
8647.47679462 0.0034659938354921135
8648.91816086 0.0034321562430106303
8650.35976735 0.0033051797307259156
8651.80161413 0.003256568678790416
8653.24370123 0.003269736385880204
8654.68602871 0.0032323091936186797
8656.12859659 0.003185907186210877
8657.57140492 0.0031352047408654163
8659.01445374 0.0030298927084827527
8660.45774308 0.0027744818270476375
8661.901273 0.0023617466667986966
8663.34504352 0.0018166023030866537
8664.78905469 0.0015968245915107388
8666.23330655 0.00198755757036577
8667.67779914 0.002475763293774444
8669.1225325 0.0027918244084800584
8670.56750667 0.0029881580593009147
8672.01272168 0.0031454916454401877
8673.45817759 0.0032075168367624867
8674.90387442 0.0031844981219207803
8676.34981223 0.003031368180803677
8677.79599104 0.0030235652159884227
8679.2424109 0.003322632861006839
8680.68907186 0.003383294054293953
8682.13597394 0.003296626701714251
8683.58311719 0.003270825484567332
8685.03050166 0.0032036272398517393
8686.47812737 0.003289765238739872
8687.92599438 0.003390480230363043
8689.37410272 0.0031606112671419394
8690.82245243 0.002875836844812409
8692.27104355 0.0030543707773372747
8693.71987612 0.0032956032180748228
8695.16895019 0.0033663349651742083
8696.61826579 0.0034721360923525954
8698.06782296 0.0035095729806278284
8699.51762174 0.003461380994577186
8700.96766218 0.003325353306519279
8702.41794431 0.003320562258080556
8703.86846817 0.003376947204387796
8705.31923381 0.0033737455754541475
8706.77024126 0.0034470420111260476
8708.22149057 0.0035097055822932957
8709.67298178 0.003481736968046185
8711.12471491 0.0034479715967742196
8712.57669003 0.003385780089246449
8714.02890716 0.0033345960868063854
8715.48136634 0.0032770704176347484
8716.93406763 0.003433955214515866
8718.38701105 0.0035340719881711167
8719.84019664 0.00346769078202212
8721.29362446 0.0034162630595632234
8722.74729453 0.003484358982251653
8724.2012069 0.0035653469258874054
8725.65536161 0.003540062542705938
8727.1097587 0.0034918980704638047
8728.56439821 0.0034792731864616636
8730.01928018 0.0034326010723463255
8731.47440465 0.0033662805749427975
8732.92977166 0.0034296517782101826
8734.38538126 0.0035157335895259984
8735.84123347 0.0034515551884256703
8737.29732835 0.0033284123859448744
8738.75366593 0.0033737188523449927
8740.21024625 0.003465194799414273
8741.66706936 0.0034721116299858156
8743.12413529 0.0033664114696983537
8744.58144408 0.0033638482433850513
8746.03899578 0.003436401424103518
8747.49679043 0.0034360814012455937
8748.95482806 0.003352310375720407
8750.41310872 0.0033053994656382906
8751.87163244 0.0032946206507106796
8753.33039928 0.003231349801952166
8754.78940926 0.0032576412572638746
8756.24866242 0.0033954482046066334
8757.70815882 0.0034365801449145385
8759.16789849 0.003328186607237633
8760.62788147 0.003408747076544187
8762.0881078 0.0035189069761587103
8763.54857752 0.0034760680310254033
8765.00929067 0.0033976931045020197
8766.4702473 0.003326510116153383
8767.93144743 0.003316113107300669
8769.39289113 0.0033117191461840677
8770.85457841 0.003465303490526319
8772.31650933 0.0034759721293440094
8773.77868393 0.00334592501687526
8775.24110224 0.0032586015657231023
8776.70376431 0.003346724460065457
8778.16667018 0.003517155421071806
8779.62981988 0.0035082173204415987
8781.09321346 0.0033850572382938
8782.55685096 0.003459543897678186
8784.02073243 0.003580374725675046
8785.48485789 0.0035490105258621928
8786.94922739 0.003471102794188456
8788.41384098 0.0035441748558401064
8789.87869869 0.0036086881851524737
8791.34380056 0.003526956042184736
8792.80914663 0.003442080976282029
8794.27473695 0.0034405036061875773
8795.74057156 0.0033978729956711824
8797.20665049 0.003469011825088207
8798.67297379 0.003483082535420027
8800.1395415 0.0035109933919473322
8801.60635365 0.0035095275146492626
8803.07341029 0.003447761170352464
8804.54071147 0.00346923022013583
8806.00825721 0.003345913953954795
8807.47604757 0.0030420980838337954
8808.94408257 0.00279990180053263
8810.41236227 0.0029745172951428697
8811.88088671 0.0033285927751192943
8813.34965592 0.0035444007515523313
8814.81866994 0.003572342948570685
8816.28792882 0.0035591774428035128
8817.7574326 0.003572862598872414
8819.22718131 0.0035652093011284084
8820.697175 0.0034900491625256755
8822.16741372 0.0034016720094516735
8823.63789749 0.0034007655248952566
8825.10862636 0.0033075467616778672
8826.57960038 0.0031589465654090474
8828.05081958 0.0033599535344012357
8829.522284 0.003531410009257134
8830.99399368 0.003567449343053223
8832.46594868 0.0036137467024656973
8833.93814901 0.0036151829987530163
8835.41059474 0.0035587509673939578
8836.88328589 0.003492270007654267
8838.35622252 0.00340148628695092
8839.82940465 0.0033303632514323635
8841.30283233 0.0033451751878135383
8842.77650561 0.0034734091320050473
8844.25042451 0.0034925747769424392
8845.72458909 0.003510194688105483
8847.19899939 0.003538444477916229
8848.67365544 0.0035079305746180504
8850.14855729 0.0035188293249297266
8851.62370497 0.0035472989133194187
8853.09909854 0.003557275991239115
8854.57473802 0.003565732704581561
8856.05062346 0.0035564012649466873
8857.52675491 0.0035194537655409246
8859.0031324 0.0033358663522234534
8860.47975597 0.0031031691383420724
8861.95662566 0.0030694909287495888
8863.43374152 0.0030542751617927237
8864.91110359 0.003018354769808841
8866.3887119 0.003122197602392781
8867.86656651 0.0031307376909807103
8869.34466744 0.002942218172450543
8870.82301474 0.0029280397218309933
8872.30160846 0.003078770525899972
8873.78044863 0.003155049724463613
8875.25953529 0.0031697747805124387
8876.73886848 0.0031477513719996267
8878.21844826 0.003095258490749741
8879.69827465 0.0030546731220251755
8881.1783477 0.003061282907280249
8882.65866744 0.003165787954770344
8884.13923393 0.0032074283027333037
8885.6200472 0.0031867326941525356
8887.10110729 0.0032032753607919833
8888.58241425 0.0032496134349819456
8890.06396811 0.0032765041653120275
8891.54576892 0.0032757003165933885
8893.02781672 0.0032201678362309676
8894.51011154 0.003206798104252819
8895.99265343 0.0032596546535977847
8897.47544244 0.0032816519996311556
8898.9584786 0.00326526494982353
8900.44176195 0.0032430462408432744
8901.92529253 0.003247268645420074
8903.40907039 0.0033048232133897418
8904.89309557 0.00330972882644886
8906.3773681 0.0032937622642163888
8907.86188804 0.0033049227868407046
8909.34665541 0.003322410265410602
8910.83167027 0.003315353872615487
8912.31693265 0.0033166555769155604
8913.80244259 0.003307773651863034
8915.28820014 0.0032930759821075345
8916.77420534 0.003320063407902624
8918.26045823 0.003315249249301394
8919.74695884 0.00329057608493946
8921.23370723 0.0031467276075820474
8922.72070342 0.003086169671418299
8924.20794747 0.003243325660803177
8925.69543942 0.0032603873809985045
8927.1831793 0.003211960817427238
8928.67116716 0.003184079393471762
8930.15940304 0.0032623834459067197
8931.64788697 0.0033041297522421074
8933.13661901 0.003233957260827759
8934.6255992 0.003094712888613838
8936.11482756 0.003112107764618242
8937.60430415 0.003212411387411387
8939.09402901 0.0032708976312072467
8940.58400217 0.0032919972814499845
8942.07422369 0.003277016762245021
8943.5646936 0.003268039150211121
8945.05541194 0.003207206510230999
8946.54637875 0.0031229657849321216
8948.03759408 0.003015806314126754
8949.52905796 0.003009436529599206
8951.02077044 0.003125236442886281
8952.51273156 0.003210580812410793
