wavelengths 1 3 5 7 9 11
3000.46590521 5.723474359081785e-05 9.866056263416015e-06 4.683547322118697e-06 2.7252487653293878e-06 1.685940188394702e-06 1.122247858572398e-06
3000.96602453 5.941815528428104e-05 1.0656396072409561e-05 5.025483788969136e-06 2.890897761762951e-06 1.7614200409324793e-06 1.1535580343918333e-06
3001.46622722 5.710217063362417e-05 9.132139745466843e-06 4.054036033153769e-06 2.2447368241740424e-06 1.3265721063627334e-06 8.516734079084721e-07
3001.96651328 5.9023391246870256e-05 9.507788950533048e-06 4.178880007888039e-06 2.2823241772765474e-06 1.3242559975223111e-06 8.350478658170562e-07
3002.46688273 6.763809601077856e-05 1.2226593654871358e-05 5.626352242687017e-06 3.1551065035410305e-06 1.8680106415992672e-06 1.1925800208680398e-06
3002.96733558 5.991585728188797e-05 1.0562515640204664e-05 4.854238374689229e-06 2.736060484280601e-06 1.6366851812263893e-06 1.0603095547241536e-06
3003.46787184 4.7460432717349836e-05 7.649907862643304e-06 3.461368957737036e-06 1.9476854715919747e-06 1.1708186826666995e-06 7.678127365076059e-07
3003.96849154 5.265485264270495e-05 8.738384901136127e-06 3.9843335757052325e-06 2.2493901240233597e-06 1.3546833850677303e-06 8.882732951977575e-07
3004.46919468 5.577786176089897e-05 9.999210732560371e-06 4.767538527909905e-06 2.7845612732967152e-06 1.7332302022140982e-06 1.166550630326921e-06
3004.96998128 6.392025415631712e-05 1.3199777183710956e-05 6.866892831273991e-06 4.287343856158039e-06 2.8452341211788056e-06 2.015512499972998e-06
3005.47085134 7.837088173532864e-05 1.8201143003587373e-05 1.0032505002701848e-05 6.529513899525576e-06 4.5016000625366486e-06 3.2866430640019227e-06
3005.9718049 8.326054034268294e-05 1.9628012128802265e-05 1.0900288431711638e-05 7.135769527158998e-06 4.9469247306246535e-06 3.6282898688595078e-06
3006.47284195 8.182556503902368e-05 1.8187363336885132e-05 9.829065563252229e-06 6.318660337952031e-06 4.3130230530365915e-06 3.123966759743583e-06
3006.97396252 7.589649873267639e-05 1.532073595189213e-05 7.976284608070617e-06 5.001641798937704e-06 3.3401652773284272e-06 2.3779240835882978e-06
3007.47516661 6.72541177992996e-05 1.2331406633825371e-05 6.176586663611794e-06 3.762507865321051e-06 2.4411301830489993e-06 1.694196016781854e-06
3007.97645424 6.388855505425246e-05 1.1779821260119821e-05 5.737362247993863e-06 3.3892553495190152e-06 2.1221716907767544e-06 1.4239859399528193e-06
3008.47782543 6.533946930211494e-05 1.171564042871093e-05 5.42236628435211e-06 3.0626218663054837e-06 1.8311598118828332e-06 1.1827436638498229e-06
3008.97928019 6.255030837839867e-05 1.0469483697763692e-05 4.69848264961803e-06 2.6032734864301838e-06 1.5326751206712693e-06 9.808285405994863e-07
3009.48081853 6.192789906186989e-05 1.1034942660568508e-05 5.221634623868897e-06 3.0189134454309263e-06 1.8530315791467254e-06 1.2240622772520655e-06
3009.98244047 6.170233365712245e-05 1.132801955399617e-05 5.4587915018925785e-06 3.2000680837062667e-06 1.9904266362392043e-06 1.3279685484982454e-06
3010.48414601 6.764206155823251e-05 1.300542773583729e-05 6.404784703019021e-06 3.827484766487663e-06 2.432891149225218e-06 1.6568274530066502e-06
3010.98593519 8.05197154033642e-05 1.8073536034722395e-05 9.661117026140834e-06 6.141603045589292e-06 4.145472879417893e-06 2.9698772556082886e-06
3011.487808 8.947562898810054e-05 2.204490880280973e-05 1.2344122450776289e-05 8.115800506966369e-06 5.652942912657418e-06 4.15932896575278e-06
3011.98976446 8.258276639164114e-05 1.9371164045812624e-05 1.0641157500268284e-05 6.91027782016978e-06 4.762543549672958e-06 3.477779668707886e-06
3012.49180459 7.119831040357347e-05 1.4360813658374531e-05 7.244963686306794e-06 4.427934676955559e-06 2.888413684839745e-06 2.0202229449226666e-06
3012.9939284 7.040752186047751e-05 1.3577707944649637e-05 6.603485528370901e-06 3.921944213122864e-06 2.4889034940681143e-06 1.7027837157059297e-06
3013.4961359 7.561670881545365e-05 1.572812477106001e-05 8.141504867474279e-06 5.0738765907335795e-06 3.3699506090746518e-06 2.392279105686728e-06
3013.99842712 7.646447384425647e-05 1.6320843983966393e-05 8.774794231241356e-06 5.635161986857395e-06 3.850682685203621e-06 2.7968957341200418e-06
3014.50080205 7.707391355040062e-05 1.6537201578017402e-05 8.922649952479714e-06 5.743712231620991e-06 3.931598009673557e-06 2.85844133323558e-06
3015.00326072 7.912646292724806e-05 1.7433489275055798e-05 9.48072706574396e-06 6.134174312040437e-06 4.217224771273611e-06 3.077098550004568e-06
3015.50580314 7.13033682100682e-05 1.527019830175975e-05 8.210020595151059e-06 5.2688781565628225e-06 3.5950595208431787e-06 2.606118640794804e-06
3016.00842933 6.676616495609915e-05 1.4271716620858497e-05 7.573437111731813e-06 4.7931777662978915e-06 3.2190249647817563e-06 2.2957302706336812e-06
3016.51113929 7.075148893419958e-05 1.587195809322161e-05 8.55850322589116e-06 5.469480319179034e-06 3.7037098007306076e-06 2.657024214912373e-06
3017.01393305 7.218796389691876e-05 1.589768760754459e-05 8.490417703572682e-06 5.389038507632056e-06 3.6269600164884254e-06 2.5884399422803695e-06
3017.51681061 7.358289222747307e-05 1.6318337713066393e-05 8.720627269309245e-06 5.5315690920336634e-06 3.717222033211115e-06 2.6448410982424393e-06
3018.01977199 6.207230949647093e-05 1.2539386070652222e-05 6.538709507116302e-06 4.084726591525861e-06 2.7070806327833203e-06 1.9050181703044033e-06
3018.5228172 5.380068825512903e-05 8.885388402968734e-06 4.276094773247864e-06 2.5304670684264465e-06 1.5964248520392424e-06 1.0821501175269496e-06
3019.02594626 6.0433568124774346e-05 9.948650683688176e-06 4.661473443739701e-06 2.6923485920507997e-06 1.6563240100638927e-06 1.0972480498716892e-06
3019.52915919 5.9810579489765145e-05 9.586859505466538e-06 4.392758899301018e-06 2.4913196084354005e-06 1.5053055085930055e-06 9.832754323106944e-07
3020.03245599 5.711049471773364e-05 9.168762577675117e-06 4.0906267118458576e-06 2.245845193810467e-06 1.3028320560803303e-06 8.207328097657665e-07
3020.53583668 6.263154225348531e-05 1.0301324556608524e-05 4.523083197580504e-06 2.4429832202823282e-06 1.3912569662004767e-06 8.612228014536114e-07
3021.03930127 5.468359990058609e-05 7.028457320764547e-06 2.8552680516535535e-06 1.4948486349138478e-06 8.427144752958658e-07 5.242492839232467e-07
3021.54284978 4.2821946178044215e-05 3.7476338535917027e-06 1.3999595730704398e-06 7.141556594059963e-07 3.994167794147056e-07 2.5107407197067285e-07
3022.04648223 4.742391287496003e-05 5.149503431738757e-06 2.0817804797703127e-06 1.0966023557592204e-06 6.207899920519405e-07 3.8794760768953313e-07
3022.55019862 6.525243613651637e-05 1.131130840724628e-05 5.101971974226338e-06 2.8083650068379388e-06 1.6258651248782523e-06 1.0157547920722885e-06
3023.05399896 7.987206871245594e-05 1.678388133831546e-05 8.13596328026183e-06 4.695730718475478e-06 2.837035933048418e-06 1.825623793049138e-06
3023.55788329 8.402469949013612e-05 1.887159545162942e-05 9.72075117864796e-06 5.90834246995498e-06 3.769248441039121e-06 2.5381793955281666e-06
3024.0618516 8.635642000579861e-05 2.033993496756724e-05 1.0822504712525341e-05 6.753746074811112e-06 4.426205916935025e-06 3.0493831513322588e-06
3024.56590391 7.719972889843415e-05 1.7434208509365182e-05 9.108909130264348e-06 5.623430660915536e-06 3.65534247290021e-06 2.509786964375915e-06
3025.07004024 7.13732613128617e-05 1.4927172732022792e-05 7.5365268564385706e-06 4.549989629097295e-06 2.9019941974861778e-06 1.9694500743069015e-06
3025.57426059 7.552999499599356e-05 1.5593156803241945e-05 7.898925827095452e-06 4.790758973210951e-06 3.0724248090761674e-06 2.094389260841006e-06
3026.07856499 6.678622315809668e-05 1.2306059087454365e-05 5.992336099500326e-06 3.5485857589597108e-06 2.2321892797957076e-06 1.5031615406679152e-06
3026.58295345 5.694868964546118e-05 9.081476618634876e-06 4.053685333773423e-06 2.249472550408387e-06 1.33082060366617e-06 8.576552316151656e-07
3027.08742598 6.004220777817594e-05 1.042955115173231e-05 4.7702681923304755e-06 2.690240356036461e-06 1.6173260237435567e-06 1.0575059301195927e-06
3027.5919826 6.817645328843998e-05 1.4138772816127064e-05 7.27120572488983e-06 4.503080158472379e-06 2.9705908573723033e-06 2.0933957453776715e-06
3028.09662332 8.210019143557864e-05 1.901615574458388e-05 1.0419289887860864e-05 6.757676458982243e-06 4.65120397435064e-06 3.389281976843621e-06
3028.60134815 8.2854370555383e-05 1.9198153111843226e-05 1.0565293967518964e-05 6.886923859208378e-06 4.767129873389312e-06 3.496193647383913e-06
3029.1061571 8.155072852333086e-05 1.90607670621987e-05 1.0562985372799577e-05 6.937356436473086e-06 4.84228261826156e-06 3.586015008317215e-06
3029.6110502 8.408480009572579e-05 1.978395091070215e-05 1.1046073730195611e-05 7.3045527452835065e-06 5.1349578711308e-06 3.828708957279469e-06
3030.11602746 7.758449409886014e-05 1.774866061481601e-05 9.904453524081278e-06 6.556530141168572e-06 4.615371873012807e-06 3.4438571276722326e-06
3030.62108888 7.22693107444505e-05 1.6668159390260356e-05 9.338844147240777e-06 6.1936168967825455e-06 4.362800619002207e-06 3.2553737915188052e-06
3031.12623449 7.273250927816769e-05 1.6400344455216038e-05 8.971885107826422e-06 5.83295989999628e-06 4.029473947288798e-06 2.9552199134586296e-06
3031.6314643 7.181392840845971e-05 1.562708034925921e-05 8.367517383176864e-06 5.353875931490575e-06 3.645691123619066e-06 2.6408463278346987e-06
3032.13677832 6.208797887137396e-05 1.2107967878320979e-05 6.224553992398054e-06 3.87817836187127e-06 2.5808560585506898e-06 1.8381585322138794e-06
3032.64217656 6.907589491719006e-05 1.4460617486912124e-05 7.670810702381064e-06 4.892807446091757e-06 3.330191652266996e-06 2.41955181153887e-06
3033.14765905 8.478134541788147e-05 2.0735683262872086e-05 1.1761741521065956e-05 7.867451321963667e-06 5.590072153094034e-06 4.2074372049321754e-06
3033.65322579 8.578541457307215e-05 2.1936028957654686e-05 1.2735332456892386e-05 8.665478115238333e-06 6.252576018574847e-06 4.767673590621608e-06
3034.1588768 8.062323643436149e-05 2.0563950015658293e-05 1.195679175215898e-05 8.149982081212547e-06 5.889119454193319e-06 4.498307448771021e-06
3034.66461208 7.722680785366493e-05 1.906397103740679e-05 1.0901118225856286e-05 7.336372201000733e-06 5.237779368981039e-06 3.958716218693044e-06
3035.17043167 7.535856349070206e-05 1.7741947364070277e-05 9.991310659002278e-06 6.654446682817916e-06 4.707689033530157e-06 3.52980400715501e-06
3035.67633557 7.840228328630899e-05 1.951091049200938e-05 1.1303285893711576e-05 7.685779202204292e-06 5.542289986435414e-06 4.223833522498238e-06
3036.18232379 8.40700038342899e-05 2.155538119777389e-05 1.2523124549357356e-05 8.511216570264828e-06 6.126452681828966e-06 4.657628218151134e-06
3036.68839635 8.434913245502476e-05 2.0204016441907116e-05 1.13102094497651e-05 7.463147131657563e-06 5.2206874220310465e-06 3.8647903674207926e-06
3037.19455326 7.99427924498429e-05 1.7721274264873425e-05 9.486788709337499e-06 6.032544738809076e-06 4.065725167263794e-06 2.9028247789535726e-06
3037.70079454 6.813730440861106e-05 1.3181205086122699e-05 6.628311358679847e-06 4.0278133670678945e-06 2.5998251715408657e-06 1.7881871593377194e-06
3038.20712019 5.5851747827473196e-05 8.373878503567327e-06 3.7734234941673644e-06 2.137855511458321e-06 1.3012610413976896e-06 8.602127647338878e-07
3038.71353025 5.472282088850765e-05 8.751113079238113e-06 4.0904615966248444e-06 2.384029935681653e-06 1.4927512033368036e-06 1.011696283780033e-06
3039.22002471 6.29457506156619e-05 1.304054164806842e-05 6.88002869446819e-06 4.346382458469327e-06 2.91833519400694e-06 2.083569911385952e-06
3039.72660359 7.158839358727027e-05 1.6247944641775398e-05 8.98251951351096e-06 5.8703721680170385e-06 4.068187262873245e-06 2.9830349801213484e-06
3040.23326691 7.558751591156623e-05 1.6813441165763453e-05 9.262518877122008e-06 6.050530480211038e-06 4.196669070577082e-06 3.083457081136427e-06
3040.74001469 7.804593153442127e-05 1.7381012143841124e-05 9.490847517073217e-06 6.152769944303492e-06 4.236386306875757e-06 3.092181343117103e-06
3041.24684692 7.417392933697895e-05 1.61082324607385e-05 8.618351224870633e-06 5.501035189665651e-06 3.7326423097563883e-06 2.689909305268667e-06
3041.75376364 7.059972762999289e-05 1.5505154905611577e-05 8.313435837695136e-06 5.309118020055522e-06 3.60096550112062e-06 2.592562250730304e-06
3042.26076485 6.935537943937379e-05 1.5621275477152403e-05 8.393243055049214e-06 5.354129461943119e-06 3.6229167597205946e-06 2.6025134695587865e-06
3042.76785057 6.238350828881859e-05 1.2960286494156992e-05 6.697735469108149e-06 4.1455518619182374e-06 2.7234397141036653e-06 1.9071632855136713e-06
3043.2750208 6.156569489084567e-05 1.2552738446446502e-05 6.579968203605835e-06 4.1257956909188535e-06 2.745371264459695e-06 1.9415892626343946e-06
3043.78227558 6.859331894776773e-05 1.5003536998341156e-05 8.202129361445362e-06 5.325076901011792e-06 3.669877377430001e-06 2.682063342168313e-06
3044.2896149 7.546585735889853e-05 1.7157890790569246e-05 9.549575008479304e-06 6.297901260467128e-06 4.411520331006191e-06 3.276641738975416e-06
3044.79703879 7.311107628930705e-05 1.648351065234086e-05 9.169439755995942e-06 6.049868445278303e-06 4.241214854497294e-06 3.152665631643219e-06
3045.30454725 7.340053485729446e-05 1.701842052930199e-05 9.53185227508867e-06 6.3063021295200025e-06 4.4264561563922056e-06 3.2899037286920086e-06
3045.81214031 7.184940624754782e-05 1.715542186597773e-05 9.704779841014478e-06 6.457566377073076e-06 4.551217475270674e-06 3.3929243086894753e-06
3046.31981797 7.916657679964257e-05 1.9293628400359912e-05 1.0911960682610968e-05 7.245882902741199e-06 5.092926043151691e-06 3.7825458926686718e-06
3046.82758025 8.621299227834237e-05 2.102744842376146e-05 1.1730271962845893e-05 7.685060979002914e-06 5.327239613232895e-06 3.898445576236707e-06
3047.33542717 7.939684424526208e-05 1.812984472028199e-05 9.828813518633742e-06 6.304819439608349e-06 4.285013703337943e-06 3.0804653824519327e-06
3047.84335873 6.65613231511762e-05 1.2138394757596249e-05 5.9346701051980935e-06 3.5517695271993455e-06 2.274085079731295e-06 1.5651811856799941e-06
3048.35137496 6.0869526466558766e-05 9.752359357449287e-06 4.296790469170858e-06 2.362161613941233e-06 1.3908167773649226e-06 8.958380889803654e-07
3048.85947586 6.58288220032585e-05 1.2665967464404335e-05 6.02668019122367e-06 3.4778543181837014e-06 2.1268795046908283e-06 1.3989201465582333e-06
3049.36766146 7.073072056719437e-05 1.5687178225788156e-05 8.175136776136543e-06 5.056230257681375e-06 3.3036913601893544e-06 2.289708240103681e-06
3049.87593175 7.185514959780113e-05 1.6818442276585395e-05 9.294125680394105e-06 6.048207109089556e-06 4.164467080189928e-06 3.02851067877691e-06
3050.38428677 8.125138155677386e-05 1.9787094541907115e-05 1.1139615831466747e-05 7.3677687453178224e-06 5.159413349331996e-06 3.816814823947871e-06
3050.89272652 8.063623386354004e-05 1.9145029057453367e-05 1.0520734262361248e-05 6.841450416657586e-06 4.720061719916819e-06 3.4560331850493986e-06
3051.40125102 7.121017930053226e-05 1.551159462251185e-05 8.017489874558073e-06 4.970058020019114e-06 3.275614908023298e-06 2.310714831021478e-06
3051.90986028 7.710029944109965e-05 1.770010416033667e-05 9.329307722463606e-06 5.8511827732877185e-06 3.889429103770786e-06 2.758085841985156e-06
3052.41855431 9.352357153522468e-05 2.40792778151363e-05 1.3579286552306114e-05 8.976193766020427e-06 6.272262702663728e-06 4.641712166734166e-06
3052.92733313 0.00010035498104998934 2.683732818212746e-05 1.5600773435699702e-05 1.0585411692819824e-05 7.588621558594368e-06 5.749236718856159e-06
3053.43619676 9.25408528549558e-05 2.385284149711548e-05 1.3768110592683085e-05 9.325196597318026e-06 6.683997085377484e-06 5.072835378207565e-06
3053.9451452 7.810336841379046e-05 1.828304109761954e-05 1.0189884633768837e-05 6.745585989263824e-06 4.743686353894964e-06 3.5471733773367002e-06
3054.45417848 6.847234660470055e-05 1.3868273974749432e-05 7.146513457329715e-06 4.465864386024861e-06 2.982437838248257e-06 2.1380248890300443e-06
3054.9632966 6.752411103836162e-05 1.3098478963299873e-05 6.38115655381386e-06 3.7829551135110316e-06 2.390771028754564e-06 1.6289185448179659e-06
3055.47249958 7.030910062965162e-05 1.4545157434965557e-05 7.377817482741496e-06 4.5100964054517275e-06 2.9351854628243476e-06 2.0476409190324418e-06
3055.98178744 7.280346715278674e-05 1.6435873036706328e-05 8.915585109410689e-06 5.745106781317954e-06 3.930734260748613e-06 2.857973515647722e-06
3056.49116018 7.804549298173364e-05 1.8451139938635935e-05 1.0386472324355625e-05 6.8934426830518146e-06 4.851565145298744e-06 3.6142302110438764e-06
3057.00061783 8.107977071371687e-05 1.8933656834473953e-05 1.0562452168920363e-05 6.968397651062656e-06 4.88128471974139e-06 3.6212828281458797e-06
3057.51016039 6.874993699850908e-05 1.49868603110733e-05 8.02631047444209e-06 5.128257632598283e-06 3.4825035306661986e-06 2.5123237926426337e-06
3058.01978789 5.339000721652752e-05 9.800253622881293e-06 4.913352625025802e-06 2.9998557552130207e-06 1.9525716218680318e-06 1.3602740128122814e-06
3058.52950033 4.666302989244975e-05 7.062200444974128e-06 3.316274981107002e-06 1.9430099635393594e-06 1.2188575963718055e-06 8.253311690358168e-07
3059.03929773 5.5842447577359986e-05 9.54353482261917e-06 4.524133367635658e-06 2.6301186178725165e-06 1.6259002094123712e-06 1.0813426718476272e-06
3059.5491801 6.18244904462002e-05 1.0559826179088769e-05 4.7973504753545045e-06 2.689942558735535e-06 1.6068336538998959e-06 1.0414198402242866e-06
3060.05914746 5.500973981847881e-05 8.781126121184061e-06 3.944401279164606e-06 2.217987679577853e-06 1.3388462645979116e-06 8.798946471662428e-07
3060.56919982 5.776996857126921e-05 1.0815150750310984e-05 5.4100361713117385e-06 3.2933326307688534e-06 2.136617651033023e-06 1.4797958871975567e-06
3061.0793372 6.935880071745005e-05 1.3831367250297127e-05 7.200986159604889e-06 4.512701278055509e-06 3.0087816823348712e-06 2.1307353603288954e-06
3061.5895596 7.311804061099504e-05 1.4498329151890864e-05 7.638161657412695e-06 4.850901721097969e-06 3.2856710850211222e-06 2.3681085290808672e-06
3062.09986705 7.628813236220758e-05 1.627778313796584e-05 8.793831943069502e-06 5.68402134639679e-06 3.91433410208227e-06 2.865492567801537e-06
3062.61025956 7.680545641679269e-05 1.720325075452173e-05 9.407182405690089e-06 6.132489145210793e-06 4.258032390355092e-06 3.1431051563602318e-06
3063.12073714 8.032238769533037e-05 1.929503603358233e-05 1.0874481282157966e-05 7.2552038749750915e-06 5.150520150339213e-06 3.879803805592469e-06
3063.63129981 8.171140305568496e-05 1.937861521763553e-05 1.093502132894246e-05 7.323694991573283e-06 5.225378985063288e-06 3.9570363431517694e-06
3064.14194758 7.377562447315189e-05 1.5645151723770714e-05 8.411072999267135e-06 5.4621509090496155e-06 3.7971273484066683e-06 2.815516001491618e-06
3064.65268047 7.052894591573936e-05 1.3704874564070551e-05 7.02030357765187e-06 4.412136008733929e-06 2.978484863878095e-06 2.152987783216455e-06
3065.16349848 7.324702306302016e-05 1.4114300643775585e-05 7.1549865735138665e-06 4.460151896052938e-06 2.9871665659860947e-06 2.1441203910797015e-06
3065.67440164 7.750482407816254e-05 1.6394892212066532e-05 8.681103213686836e-06 5.574902640241105e-06 3.835328595725266e-06 2.816978777019301e-06
3066.18538995 7.951005980071149e-05 1.8613416451577666e-05 1.0385778242140646e-05 6.908075004065984e-06 4.899949138882535e-06 3.690389081100466e-06
3066.69646344 7.099974086648202e-05 1.633472320895488e-05 9.148608115448108e-06 6.101189450771657e-06 4.335023110849834e-06 3.2705035948205644e-06
3067.20762211 5.3647540597335766e-05 1.0770917095389695e-05 5.698505591790659e-06 3.640186713412572e-06 2.4815273508595777e-06 1.8067685232595363e-06
3067.71886598 5.3191456434739166e-05 1.0027682169264008e-05 4.992970019730556e-06 3.019710231817111e-06 1.943126194385435e-06 1.3390559195869554e-06
3068.23019507 6.182880112549472e-05 1.1127037506568564e-05 5.260589273298339e-06 3.0650706631265964e-06 1.9073464159928286e-06 1.2785137747202723e-06
3068.74160939 7.13452563484063e-05 1.2854182904927955e-05 6.175058141722176e-06 3.677427737287479e-06 2.353268582551384e-06 1.6235004873232565e-06
3069.25310895 7.840783370057198e-05 1.5974269809264706e-05 8.279098121151115e-06 5.229312228562165e-06 3.540996958717581e-06 2.5660452570357874e-06
3069.76469376 8.800933059358273e-05 2.0173789115456503e-05 1.0950775989365387e-05 7.142164042033604e-06 4.9781614604487085e-06 3.698088145781404e-06
3070.27636385 9.140289265318876e-05 2.1219402272004012e-05 1.1632021255768567e-05 7.656593019566501e-06 5.3847749111351626e-06 4.0358867690569125e-06
3070.78811922 8.926770960003235e-05 2.0389825989348585e-05 1.1065577948876294e-05 7.240354716041725e-06 5.068152617289007e-06 3.7895339887356137e-06
3071.29995989 8.151633288661866e-05 1.852359907445516e-05 1.0009159363069157e-05 6.528382734910852e-06 4.560609881015405e-06 3.4095621363012737e-06
3071.81188588 7.76457822248318e-05 1.877090738994777e-05 1.0588872733070746e-05 7.115778050641734e-06 5.099576633225443e-06 3.889722353554093e-06
3072.32389719 7.870821936924508e-05 1.9681647668606074e-05 1.1399080381896958e-05 7.795515209838702e-06 5.66748952481211e-06 4.36857014984807e-06
3072.83599385 7.150095415028503e-05 1.6125562053960715e-05 9.028658736725802e-06 6.050411930433123e-06 4.32982861284095e-06 3.2979754026739692e-06
3073.34817586 6.617749914333518e-05 1.3744207057247747e-05 7.433658776404462e-06 4.8597908921601435e-06 3.403430223686482e-06 2.5438135027482543e-06
3073.86044325 7.007330291313379e-05 1.5241640669488529e-05 8.319161264392596e-06 5.449270746227227e-06 3.814856977756764e-06 2.8433588747807423e-06
3074.37279602 7.861205842821898e-05 1.7581182761830158e-05 9.58452479320457e-06 6.25141176723451e-06 4.35361843300759e-06 3.2284085367501924e-06
3074.88523418 8.19779684229828e-05 1.8154886576909498e-05 9.81240496170231e-06 6.359880829655544e-06 4.4039906414627925e-06 3.252812359283909e-06
3075.39775777 8.342956514683724e-05 1.9306530447050164e-05 1.0696832478432911e-05 7.070073266677689e-06 4.986024540138174e-06 3.7413106362895422e-06
3075.91036677 7.416475667685228e-05 1.6267411943212688e-05 8.877392896691516e-06 5.824301671353209e-06 4.086304167963455e-06 3.055025450528954e-06
3076.42306123 6.311670221977564e-05 1.123917705698365e-05 5.572234651923435e-06 3.42521578221553e-06 2.2707123421020313e-06 1.6225976567471077e-06
3076.93584113 6.812707559481679e-05 1.2786908537822241e-05 6.480638418540995e-06 4.026807891664066e-06 2.6873728571859487e-06 1.925533950594764e-06
3077.44870651 7.877049451038125e-05 1.7879987158824217e-05 9.748800614993754e-06 6.3479212566168025e-06 4.408331301046013e-06 3.2581073027915483e-06
3077.96165737 7.707424932499832e-05 1.807798404609377e-05 1.0053857388614745e-05 6.658370024538128e-06 4.702406315971681e-06 3.532249439781278e-06
3078.47469373 7.34766937259255e-05 1.6586087328636777e-05 9.272281136116339e-06 6.195684097398234e-06 4.4177158976652085e-06 3.3519771743696768e-06
3078.98781561 7.310836869874966e-05 1.625907869615832e-05 9.078265565154874e-06 6.072251937482825e-06 4.335485390466187e-06 3.293380140133396e-06
3079.50102301 7.294894314592654e-05 1.6739809641034778e-05 9.460749022710901e-06 6.391315218914167e-06 4.608470877377981e-06 3.5329413508976524e-06
3080.01431595 8.738919480209363e-05 2.2288425956315136e-05 1.3007273413419945e-05 8.964261483338694e-06 6.568442452028556e-06 5.102145176168161e-06
3080.52769445 9.035272522398402e-05 2.2774582754119387e-05 1.3117391945320671e-05 8.94000601864125e-06 6.479666468737714e-06 4.985485549382073e-06
3081.04115852 8.20703605033968e-05 1.9388304994910612e-05 1.0776223759323637e-05 7.133430065307082e-06 5.029105875487569e-06 3.774235348756568e-06
3081.55470818 8.071912941578081e-05 1.8780002767236052e-05 1.0348207480696835e-05 6.800275214073649e-06 4.7572348057200575e-06 3.5441141532236765e-06
3082.06834343 8.225979904310277e-05 1.836211228328677e-05 9.91335133588181e-06 6.452126814288395e-06 4.484065492417666e-06 3.329099212260014e-06
3082.5820643 7.69912479740023e-05 1.552330244834905e-05 7.907360767626543e-06 4.9335877031305655e-06 3.301053418144332e-06 2.37392405522152e-06
3083.09587079 7.182454875371237e-05 1.4216849497328026e-05 7.193830139231561e-06 4.425167598496361e-06 2.9032556540254517e-06 2.0405214088999746e-06
3083.60976293 7.383825080098746e-05 1.5372797540892985e-05 8.039030576224014e-06 5.0592800943434735e-06 3.38951653397989e-06 2.4208106692062083e-06
3084.12374072 7.131425250898177e-05 1.4230955120331838e-05 7.264321326895182e-06 4.503934766086299e-06 2.983702630679961e-06 2.114725453039706e-06
3084.63780418 7.39247815342918e-05 1.5685918274830734e-05 8.137839633052716e-06 5.0816418211083674e-06 3.3812945687180094e-06 2.4031999909331744e-06
3085.15195332 8.914445847252166e-05 2.1707764195780692e-05 1.2019254588749594e-05 7.87428590684664e-06 5.48020094510473e-06 4.048289728690918e-06
3085.66618817 9.744632562753026e-05 2.4567997505582356e-05 1.3922573429244499e-05 9.325889794256947e-06 6.6372494891334035e-06 5.00899552066611e-06
3086.18050872 9.978484398545618e-05 2.554043700898671e-05 1.4729543923378222e-05 1.0055079174445777e-05 7.289042550590162e-06 5.607447244361216e-06
3086.69491501 0.00010154516175821535 2.6769132656512495e-05 1.5724118452330864e-05 1.09011898213064e-05 8.010673136804609e-06 6.244996656570505e-06
3087.20940703 9.134422810551923e-05 2.2702332577405804e-05 1.300773524751725e-05 8.85793675194232e-06 6.4114579599171215e-06 4.9350839017619565e-06
3087.72398482 8.166152266388171e-05 1.9200897143985667e-05 1.0824979706408014e-05 7.275825431100536e-06 5.2045589519076415e-06 3.959237010148373e-06
3088.23864837 7.47149569142117e-05 1.64383301158831e-05 9.130056858477617e-06 6.097546343352341e-06 4.347533337202352e-06 3.3020368839153834e-06
3088.7533977 6.296661133570711e-05 1.216286713657123e-05 6.498682154282031e-06 4.240968562877143e-06 2.971782309687828e-06 2.2295394686523204e-06
3089.26823284 6.906936925537482e-05 1.4210198365719278e-05 7.735797890856933e-06 5.086935483578975e-06 3.5786758497436273e-06 2.687418969584175e-06
3089.78315379 8.118754023776817e-05 1.8498997690273548e-05 1.0297042748124244e-05 6.849860995251074e-06 4.8582461211130664e-06 3.667213600939605e-06
3090.29816056 7.380891163062007e-05 1.536805259654831e-05 8.273279160953106e-06 5.400898779211872e-06 3.776040894318181e-06 2.8196985585737076e-06
3090.81325318 7.205987517093562e-05 1.3437891813182625e-05 6.7928776808445225e-06 4.2463656352870075e-06 2.8589343242152745e-06 2.070371797799072e-06
3091.32843165 7.768171116385342e-05 1.5207123467183672e-05 7.708969528472974e-06 4.808199097599876e-06 3.221762026586477e-06 2.3249247791360747e-06
3091.84369599 7.029830812316982e-05 1.2855456562450076e-05 6.352643201302319e-06 3.902962437519206e-06 2.5844767982286327e-06 1.8520875651598327e-06
3092.35904622 6.6426310394669e-05 1.135163594253841e-05 5.4398078177565485e-06 3.259228439122189e-06 2.1058879794808684e-06 1.474889372539999e-06
3092.87448235 6.988404468156542e-05 1.2835758398101184e-05 6.3856517674716014e-06 3.905262627882778e-06 2.5563269183643343e-06 1.800369634294222e-06
3093.39000439 5.546346519903797e-05 9.390309740961266e-06 4.583989109994683e-06 2.7796958720242435e-06 1.8085938113311889e-06 1.2702470810284232e-06
3093.90561235 4.057077568858036e-05 6.2656638149062645e-06 2.9860730218920535e-06 1.7911613655192323e-06 1.1592302615625493e-06 8.160212268060193e-07
3094.42130626 5.103585460879968e-05 9.072088940863279e-06 4.536047129994936e-06 2.8033350882876665e-06 1.8628124697644904e-06 1.3375724241831334e-06
3094.93708613 6.544197816624963e-05 1.3285759444623344e-05 6.987730672057806e-06 4.45899575135206e-06 3.0386646716855902e-06 2.218845402642755e-06
3095.45295196 7.508776767559854e-05 1.60706127057668e-05 8.606351292067064e-06 5.553715204105793e-06 3.816068626704855e-06 2.7995276513052165e-06
3095.96890378 7.593803862511869e-05 1.6146791809569362e-05 8.715250999673118e-06 5.666207719487857e-06 3.9220141239760144e-06 2.897215919596153e-06
3096.4849416 7.535826254963414e-05 1.6159611230283783e-05 8.774433081751274e-06 5.725284573142965e-06 3.975931629013061e-06 2.9446091712883407e-06
3097.00106543 6.458344048751523e-05 1.2975464282317533e-05 6.891486984317407e-06 4.434242273215792e-06 3.04654791430233e-06 2.2389338299857647e-06
3097.51727529 4.9886614418577996e-05 8.59767776777263e-06 4.369605960890754e-06 2.7396523642839307e-06 1.8443689613779963e-06 1.3379506261054333e-06
3098.0335712 4.910319261004718e-05 8.72615794369779e-06 4.471370233335896e-06 2.813166119989476e-06 1.8974683259571504e-06 1.3780212932621485e-06
3098.54995316 6.423406324655708e-05 1.3303003476102687e-05 7.121445674299007e-06 4.5954425399110664e-06 3.162251362155387e-06 2.3266220435781325e-06
3099.06642119 7.638658579555946e-05 1.6586038576087085e-05 8.97589507116847e-06 5.826730120774893e-06 4.028460614656735e-06 2.9705058816504047e-06
3099.5829753 7.663236857027354e-05 1.51601193917212e-05 7.853407972397782e-06 4.964572345121086e-06 3.3642897705253185e-06 2.4438178634196387e-06
3100.09961552 7.034473316819318e-05 1.1912001136540239e-05 5.611423528527843e-06 3.3297952535368824e-06 2.143937832032559e-06 1.5013646204529607e-06
3100.61634184 6.27750033636118e-05 9.763780104467177e-06 4.215726234536352e-06 2.322101565071194e-06 1.3908158173591542e-06 9.201562436460758e-07
3101.1331543 5.544843722897797e-05 8.375645707672807e-06 3.5385215475365573e-06 1.9025866795749294e-06 1.1081503306636425e-06 7.162777613561513e-07
3101.6500529 5.6106196673472356e-05 8.932787189531933e-06 3.938094736287068e-06 2.1892364670668313e-06 1.3145342847861727e-06 8.669672244740106e-07
3102.16703766 6.0479333602906436e-05 9.997187279348816e-06 4.450270332513006e-06 2.4963517228898927e-06 1.5134471103723457e-06 1.0040892640843925e-06
3102.68410858 6.090958115250444e-05 9.961628848625845e-06 4.449777060511997e-06 2.5217700470830897e-06 1.5520157417117353e-06 1.0463614750520205e-06
3103.2012657 6.710006792046774e-05 1.2741356959857888e-05 6.381153115582381e-06 3.939731262910388e-06 2.6170721002738215e-06 1.87165390398304e-06
3103.71850901 7.782634202641965e-05 1.7627128731772992e-05 9.68321236119486e-06 6.3772277259487305e-06 4.481382363035386e-06 3.356780078319e-06
3104.23583854 8.289470126824594e-05 2.0237713435791804e-05 1.1438166199409632e-05 7.700858507839052e-06 5.524993911264216e-06 4.218283464813726e-06
3104.75325429 8.352545272585256e-05 2.0828900888903798e-05 1.1931721051414136e-05 8.12994586602747e-06 5.901458929238221e-06 4.553832218558273e-06
3105.27075629 8.435507698823541e-05 2.2774875779284985e-05 1.3579644197665065e-05 9.507446933287971e-06 7.058793728029638e-06 5.546147100685725e-06
3105.78834455 7.337582836725887e-05 2.0102716146293927e-05 1.2168549982904346e-05 8.597895903836272e-06 6.428457583270921e-06 5.075421678564268e-06
3106.30601908 6.928743941939993e-05 1.69020856925407e-05 9.767558258609841e-06 6.683310243680371e-06 4.857538379067987e-06 3.742369113574096e-06
3106.8237799 7.56147750885196e-05 1.7409240955665152e-05 9.737118104747138e-06 6.522349796127412e-06 4.6535400562723525e-06 3.529668148553001e-06
3107.34162701 8.0209010009412e-05 1.9284115921403638e-05 1.0944431540728696e-05 7.407955558259925e-06 5.336710317148773e-06 4.085952380326379e-06
3107.85956044 8.705011815111098e-05 2.1970307083179894e-05 1.2658229088992813e-05 8.620817582759417e-06 6.2346042130290095e-06 4.784387942453445e-06
3108.3775802 8.755632498317602e-05 2.1895031508538657e-05 1.2488570992404119e-05 8.42179818279321e-06 6.034749879005872e-06 4.590632011636974e-06
3108.89568631 9.510602821151798e-05 2.5075100271765984e-05 1.46255557006405e-05 1.0023811766377896e-05 7.291850118056797e-06 5.6185384596702465e-06
3109.41387877 9.668388057455397e-05 2.5948065604219963e-05 1.5331742361003747e-05 1.0619450715871798e-05 7.803096000261473e-06 6.063855171015809e-06
3109.93215761 9.400332037078672e-05 2.4346905411586986e-05 1.4205217291359387e-05 9.780428092336544e-06 7.15167743762385e-06 5.540934693855417e-06
3110.45052283 9.251911328247148e-05 2.3709180175935132e-05 1.3803697562752429e-05 9.494063292887888e-06 6.935687499444702e-06 5.371999516610518e-06
3110.96897445 7.881094527229635e-05 1.869892331192877e-05 1.0633678895181359e-05 7.2018932948879955e-06 5.19771005768048e-06 3.9899180770269195e-06
3111.48751249 6.794014744689782e-05 1.4655073364771855e-05 8.016078104944044e-06 5.286831177502409e-06 3.7296642194501895e-06 2.8114946014861125e-06
3112.00613696 7.664854227760832e-05 1.7443150407207782e-05 9.721033576116631e-06 6.507890212722401e-06 4.653904829026359e-06 3.5479585537702706e-06
3112.52484787 8.375743404733024e-05 1.9932693257316084e-05 1.1351217157596855e-05 7.745289775524386e-06 5.636939949703642e-06 4.3675114278143885e-06
3113.04364525 8.243395365452944e-05 1.962957691032095e-05 1.1230910912006598e-05 7.695744890918063e-06 5.622164392024262e-06 4.371956614915091e-06
3113.56252909 8.968926209185962e-05 2.2109528160864068e-05 1.272984155267237e-05 8.708302288101894e-06 6.33634522971014e-06 4.898818021371839e-06
3114.08149943 9.068398455990175e-05 2.2156647590985197e-05 1.2732981749155032e-05 8.687263998634727e-06 6.302068280546983e-06 4.85453439878423e-06
3114.60055627 8.369516461711695e-05 1.984155560456753e-05 1.1286342619208007e-05 7.649063889150408e-06 5.517687735757772e-06 4.230768502310569e-06
3115.11969962 8.067419127139272e-05 1.9939309654156544e-05 1.149883923856235e-05 7.85574720044261e-06 5.700804346150817e-06 4.390564602930655e-06
3115.6389295 8.314276045784372e-05 2.1044293271968976e-05 1.226439426870742e-05 8.445230925247448e-06 6.172987285463231e-06 4.781824902459924e-06
3116.15824593 8.28002540375046e-05 2.109208044355463e-05 1.235986912409921e-05 8.538403161852886e-06 6.2649514160753666e-06 4.8670620474052075e-06
3116.67764892 8.377972824653126e-05 2.089812197956087e-05 1.2063714255966426e-05 8.237840077127914e-06 5.984414541131986e-06 4.6126952290061235e-06
3117.19713849 7.931201549271917e-05 1.865680511633532e-05 1.0422190231007748e-05 6.942583245102986e-06 4.929854228184344e-06 3.7269026313914014e-06
3117.71671464 7.833368279929185e-05 1.8744150835378213e-05 1.04727855827825e-05 6.952881643385527e-06 4.911918568347836e-06 3.686849275554218e-06
3118.2363774 8.25061723049059e-05 2.0114704714537692e-05 1.130636197287031e-05 7.5500182369647225e-06 5.3630067064259124e-06 4.043053511484886e-06
3118.75612677 7.537506914129122e-05 1.7600294470004595e-05 9.824491580470587e-06 6.558204709813387e-06 4.666407650200863e-06 3.5287770615505575e-06
3119.27596278 6.46323968876225e-05 1.4994534673650168e-05 8.456249097281337e-06 5.692462346855141e-06 4.084827180301491e-06 3.1164203412684344e-06
3119.79588543 6.841874861794945e-05 1.5916136583410223e-05 9.008477376888703e-06 6.091177076771732e-06 4.394707809113143e-06 3.375688021886022e-06
3120.31589475 6.982156253421472e-05 1.484177740428097e-05 8.07513678038896e-06 5.323926735897918e-06 3.764783746716668e-06 2.8494205842901104e-06
3120.83599073 6.166760877137938e-05 1.2312310761388338e-05 6.530518140268677e-06 4.215821617821331e-06 2.921574240741874e-06 2.169754082258724e-06
3121.35617341 6.184661126637908e-05 1.3506833419056734e-05 7.457402778657462e-06 4.9392376068301705e-06 3.490253666657108e-06 2.628983987621104e-06
3121.8764428 6.763130874877208e-05 1.578928844495096e-05 8.935440857756468e-06 6.0251468722015844e-06 4.3236855581256736e-06 3.3005451762373543e-06
3122.3967989 7.074794916104144e-05 1.560473239073842e-05 8.473672987080409e-06 5.545184659429764e-06 3.878404489983646e-06 2.8993435119392696e-06
3122.91724174 7.002381420367635e-05 1.4037737293425514e-05 7.177531021652557e-06 4.4937480888736245e-06 3.0220312183432817e-06 2.185643542231923e-06
3123.43777132 7.122268486240288e-05 1.4090246582590213e-05 7.1712336726030445e-06 4.483965504817238e-06 3.0172552899096666e-06 2.1848362244462423e-06
3123.95838766 8.01071678564056e-05 1.7570598671309025e-05 9.386856417290312e-06 6.072187519737414e-06 4.208241564817681e-06 3.123224453992692e-06
3124.47909079 9.388417832764018e-05 2.296355940254792e-05 1.2895480289288932e-05 8.656276422101552e-06 6.196210141954999e-06 4.7266982507610746e-06
3124.9998807 9.800760778184797e-05 2.5024863446822087e-05 1.4311932840001988e-05 9.740173996533183e-06 7.0551508190903626e-06 5.4356468794012925e-06
3125.52075742 8.282665155877985e-05 2.0648237230843384e-05 1.176616485437667e-05 7.984024991149624e-06 5.767188331103442e-06 4.431834678377635e-06
3126.04172096 6.239973601438411e-05 1.4467722306140329e-05 8.107340821257949e-06 5.418758939420328e-06 3.857196944280333e-06 2.920302935142153e-06
3126.56277133 6.314052254073209e-05 1.4181551876659047e-05 7.78522299056688e-06 5.101076996314616e-06 3.559924916432448e-06 2.6427766183706036e-06
3127.08390855 7.231747924282523e-05 1.595034398580892e-05 8.479502976170565e-06 5.423137003087092e-06 3.7036337130076697e-06 2.7031824335496955e-06
3127.60513264 8.000804222241812e-05 1.7488002583543215e-05 9.130020594452127e-06 5.7517999820139175e-06 3.871376003551646e-06 2.7918148698924552e-06
3128.1264436 8.257468437665615e-05 1.7756501352123158e-05 9.207444304559535e-06 5.784118444839059e-06 3.889193621169652e-06 2.8047438013064184e-06
3128.64784146 8.395246636081836e-05 1.8320784439013516e-05 9.563427321873195e-06 6.067976025556824e-06 4.129274708149844e-06 3.0168663582036488e-06
3129.16932622 8.008251939022946e-05 1.8303518818844857e-05 9.886878055288234e-06 6.436762152120249e-06 4.481108653747146e-06 3.3360332373123613e-06
3129.6908979 6.898529592140494e-05 1.5130716197059635e-05 8.211193786825636e-06 5.3527947646625355e-06 3.724654155761094e-06 2.7658548505764004e-06
3130.21255652 6.911254641617167e-05 1.4823961464533272e-05 7.99990380086509e-06 5.187119029883157e-06 3.5899202794026347e-06 2.6524139118546384e-06
3130.73430209 7.235627870284484e-05 1.6018985854390207e-05 8.663948219758276e-06 5.642177594998977e-06 3.9281412295910605e-06 2.9247370690408827e-06
3131.25613463 6.69354951559108e-05 1.489545404227606e-05 8.159251054392938e-06 5.393632373942915e-06 3.8172995148420435e-06 2.8875380670484897e-06
3131.77805414 6.939129948502653e-05 1.627407647822661e-05 9.237617974325097e-06 6.267741652569748e-06 4.539912518252719e-06 3.4980079595616294e-06
3132.30006065 7.550139477791993e-05 1.829558642382938e-05 1.044946797696797e-05 7.1027904803384254e-06 5.145436366480309e-06 3.963676307577468e-06
3132.82215417 7.264669911782136e-05 1.7069150141027278e-05 9.596551409346329e-06 6.458617037009625e-06 4.639137323978095e-06 3.552843566104567e-06
3133.34433471 7.432317376861752e-05 1.7157780708858464e-05 9.597086953199569e-06 6.430413606892936e-06 4.59572376215807e-06 3.5011967824997884e-06
3133.86660228 7.581943205571475e-05 1.7438463294268324e-05 9.724552602724534e-06 6.487639371767524e-06 4.612814093926876e-06 3.491404925921647e-06
3134.38895691 7.334747662555081e-05 1.605944604944373e-05 8.679201240856901e-06 5.639390500746776e-06 3.9109738212454025e-06 2.890803294811799e-06
3134.91139861 6.855706756095073e-05 1.3790674592650344e-05 7.108466105880722e-06 4.456645690189041e-06 2.992198258336639e-06 2.15239154190875e-06
3135.43392738 7.184679394780763e-05 1.5402764411267018e-05 8.206019544783253e-06 5.277572064030305e-06 3.6297755668842237e-06 2.671196844096767e-06
3135.95654326 7.845613707223569e-05 1.9164363112461074e-05 1.0887447103903862e-05 7.3224032297178496e-06 5.234043973573655e-06 3.972553232250037e-06
3136.47924624 7.813959382094396e-05 1.89245019914982e-05 1.0666618677894857e-05 7.1372600845399105e-06 5.079856135607937e-06 3.844571549344586e-06
3137.00203634 7.779402597437279e-05 1.7380849494396416e-05 9.267213762895663e-06 5.964736787573013e-06 4.105621187581481e-06 3.027666552144613e-06
3137.52491359 7.339344380772083e-05 1.550783470025977e-05 8.087508922167492e-06 5.14897864250951e-06 3.520660390403775e-06 2.586960692179093e-06
3138.04787799 8.05578485704711e-05 1.8308230210670786e-05 9.988430465490325e-06 6.5634293845030186e-06 4.614341064127514e-06 3.4645908728121557e-06
3138.57092955 9.027036205587606e-05 2.210720548269378e-05 1.2308361209192038e-05 8.146922116441645e-06 5.744957973757864e-06 4.311544506326511e-06
3139.0940683 9.160596559031052e-05 2.273851883004563e-05 1.2751352829085112e-05 8.479311456311062e-06 6.000561619186718e-06 4.514953430360709e-06
3139.61729425 8.956191421679568e-05 2.1755325161273254e-05 1.2286534439632464e-05 8.258407290283683e-06 5.912690638784402e-06 4.5018376996248955e-06
3140.1406074 9.038133295695227e-05 2.2113907644938354e-05 1.2563870426997057e-05 8.50522720667761e-06 6.135482779360239e-06 4.707445609144665e-06
3140.66400779 8.279461568119497e-05 1.9728683599706486e-05 1.1095480481878737e-05 7.451755437997834e-06 5.33988381844499e-06 4.074940897842446e-06
3141.18749541 8.015928350995598e-05 1.8678989801286577e-05 1.0407338085868433e-05 6.937222734614698e-06 4.935068798609963e-06 3.740840216592688e-06
3141.71107029 8.830201262543336e-05 2.1195427616627007e-05 1.1903744504130012e-05 7.99237783604013e-06 5.723163058552962e-06 4.365845242472077e-06
3142.23473244 9.605591699528303e-05 2.465903676474481e-05 1.4221915198920635e-05 9.72778648410745e-06 7.0758978679009376e-06 5.4693131168144925e-06
3142.75848187 9.364879355038271e-05 2.4354293659561116e-05 1.4106617688452872e-05 9.648398198057133e-06 7.005887286309933e-06 5.398007632490311e-06
3143.2823186 8.224340682353256e-05 2.0278684620867577e-05 1.1598323187392135e-05 7.868438142612323e-06 5.67378890938568e-06 4.345739522790997e-06
3143.80624265 7.442156125324769e-05 1.6290143153728056e-05 8.982430509193864e-06 5.971484991029916e-06 4.242446181904558e-06 3.2168378704215664e-06
3144.33025402 6.963274748542731e-05 1.3998493681142328e-05 7.464680130370627e-06 4.853498396527205e-06 3.3845448261245305e-06 2.5306374161217527e-06
3144.85435274 6.39865256268079e-05 1.1693047903427921e-05 6.132843990684381e-06 3.956963938165347e-06 2.7406858820272424e-06 2.0425642701029983e-06
3145.37853881 5.851880962408477e-05 8.56615978845611e-06 4.248926978313831e-06 2.679369677583819e-06 1.8321985613987962e-06 1.358910723912259e-06
3145.90281226 5.480778187776156e-05 7.74352234085833e-06 3.665721635486904e-06 2.24807073026943e-06 1.510712126864871e-06 1.107754703513082e-06
3146.42717309 6.126009555763934e-05 1.1259101344273068e-05 5.8151815136306e-06 3.7298592264220763e-06 2.5848327524210834e-06 1.929185340429146e-06
3146.95162132 7.291901521047788e-05 1.6224103667822623e-05 8.938743017200065e-06 5.923423246418337e-06 4.196309302394516e-06 3.1716615972532844e-06
3147.47615697 7.467205447630363e-05 1.6478254231714254e-05 8.934958919661796e-06 5.8304173248373334e-06 4.068770001463106e-06 3.031745622650333e-06
3148.00078004 6.690158394763915e-05 1.3377960977586361e-05 6.903738058200545e-06 4.354976876779317e-06 2.950189993347782e-06 2.147079693954763e-06
3148.52549056 6.377289619954238e-05 1.2510634712153458e-05 6.419899758614687e-06 4.039806511409178e-06 2.730668064133041e-06 1.9864148685643754e-06
3149.05028855 7.535566772965752e-05 1.726944858306112e-05 9.609463699772709e-06 6.422153802683701e-06 4.582583928536226e-06 3.4913584788016905e-06
3149.575174 9.855560078762304e-05 2.6863731167982358e-05 1.6021705906650355e-05 1.1231976723006026e-05 8.34385688671081e-06 6.568116516398839e-06
3150.10014694 0.00010471976844959569 2.9422827736294576e-05 1.7718071935860743e-05 1.2501801507916785e-05 9.340899213103043e-06 7.385978291211354e-06
3150.62520739 9.145924955173233e-05 2.3486506472796335e-05 1.3553644809171134e-05 9.27963996878284e-06 6.762383079309951e-06 5.2379843931289965e-06
3151.15035535 8.328865420719454e-05 1.962580054422637e-05 1.0857876719219647e-05 7.195086954272195e-06 5.089676564851125e-06 3.8424209565328464e-06
3151.67559084 8.684350544863036e-05 2.0821157935905845e-05 1.1762995064500194e-05 7.915614098811954e-06 5.672172105513556e-06 4.3269441822010056e-06
3152.20091388 9.126535618252002e-05 2.3019262056645512e-05 1.3382259488278317e-05 9.207273534211862e-06 6.7274938709942265e-06 5.219291310807286e-06
3152.72632449 8.571666185978106e-05 2.1016057130727215e-05 1.2062352695687155e-05 8.238053364519854e-06 5.985608380551879e-06 4.6269772237959475e-06
3153.25182266 8.136719234884738e-05 1.9208481241631827e-05 1.0679945898522885e-05 7.117495644425196e-06 5.063691651203369e-06 3.846414828582055e-06
3153.77740843 8.327823878057136e-05 1.9424528370374067e-05 1.068631315772935e-05 7.054302524272253e-06 4.974974076949206e-06 3.7484689602768356e-06
3154.3030818 8.359062842724184e-05 1.9985713691192017e-05 1.1261383053076162e-05 7.566445490575528e-06 5.418250978403133e-06 4.131213641702592e-06
3154.8288428 8.283770946046545e-05 2.0680909413271283e-05 1.1974790633071048e-05 8.222778869006681e-06 6.004791191486588e-06 4.656154819497564e-06
3155.35469142 7.777147005007295e-05 1.7782921866601675e-05 9.978720982670706e-06 6.7378163194453205e-06 4.8644026582238035e-06 3.745023414360853e-06
3155.8806277 8.256192016835853e-05 1.9047660228832596e-05 1.0698356943670328e-05 7.2310248449291534e-06 5.2273876674784054e-06 4.031598306662503e-06
3156.40665164 7.862788166496778e-05 1.867132253920125e-05 1.0597206030450015e-05 7.2106699410485786e-06 5.243586512181949e-06 4.064838126870585e-06
3156.93276325 7.650412927104187e-05 1.7867560851415993e-05 9.989962930094701e-06 6.713230461075905e-06 4.824620569672333e-06 3.7023299271068925e-06
3157.45896256 7.599083028459438e-05 1.6006651024042383e-05 8.49847176950891e-06 5.507004127224109e-06 3.835651602667232e-06 2.8677516142726433e-06
3157.98524958 6.849795498794512e-05 1.2230981564482904e-05 6.0323085669140246e-06 3.730217011489879e-06 2.50299915227801e-06 1.8198788244183102e-06
3158.51162432 6.655375995053489e-05 1.1967578613670514e-05 5.913386371705182e-06 3.6525311194674056e-06 2.4425296430775124e-06 1.768052710021317e-06
3159.03808679 6.527232564163052e-05 1.214088193739041e-05 6.202377345178457e-06 3.923786181417765e-06 2.6759671354625073e-06 1.9647020287800773e-06
3159.56463702 5.494398446171533e-05 9.542804719472403e-06 4.850961986594235e-06 3.0814269819183144e-06 2.117121760017042e-06 1.568675208334378e-06
3160.09127501 5.842896349294366e-05 1.0757702188868126e-05 5.530900464901492e-06 3.538292298800317e-06 2.4481921499910945e-06 1.8265344274231826e-06
3160.61800078 7.493529556416673e-05 1.546312406085716e-05 8.157521877546723e-06 5.270710642938895e-06 3.662656968307638e-06 2.7317056710523407e-06
3161.14481435 7.503284451286498e-05 1.534475370254914e-05 8.082694641164361e-06 5.2051668061627335e-06 3.6002504662687705e-06 2.6705986425812516e-06
3161.67171573 6.479251383276948e-05 1.1606033469137405e-05 5.8123934166687176e-06 3.636028885996768e-06 2.461840210796086e-06 1.8011070004996986e-06
3162.19870493 5.808220347901736e-05 1.034355283522339e-05 5.203166526384985e-06 3.2644249379454994e-06 2.215687149878576e-06 1.6245889851789262e-06
3162.72578197 5.690530878397091e-05 1.0829576127810914e-05 5.60301229740278e-06 3.5813268762532823e-06 2.470144825472419e-06 1.8348217802714218e-06
3163.25294686 5.7219410936199926e-05 1.1637404642700136e-05 6.23922394194946e-06 4.102140359786342e-06 2.9070471170115095e-06 2.2112850977887426e-06
3163.78019962 6.507479833809361e-05 1.4894479864720308e-05 8.385957046690517e-06 5.682129722621708e-06 4.122800595821975e-06 3.1894800468401846e-06
3164.30754026 7.83776077819604e-05 1.8351491858442417e-05 1.0242349374899795e-05 6.861685630226145e-06 4.9180231149448525e-06 3.759687686158631e-06
3164.8349688 8.226691272218063e-05 1.8994923810512844e-05 1.0473278364895453e-05 6.938854315925481e-06 4.916590708541235e-06 3.7189737421957596e-06
3165.36248526 7.992652031562768e-05 1.817915530348965e-05 9.98161798654239e-06 6.594987598616217e-06 4.659298472986423e-06 3.5153314083427502e-06
3165.89008964 7.500599723578609e-05 1.6295075640723e-05 8.858501485168845e-06 5.822993571117371e-06 4.097712014345264e-06 3.0853107718935238e-06
3166.41778196 7.833280097160163e-05 1.8093513446462347e-05 1.0186853956405437e-05 6.8776720950391765e-06 4.95441708865523e-06 3.8069359981751273e-06
3166.94556224 7.764403873719843e-05 1.8532501022098106e-05 1.0675086066476808e-05 7.342545057180222e-06 5.375631020537419e-06 4.187032336820638e-06
3167.47343048 7.917627190010851e-05 1.904160256925466e-05 1.0969580918963325e-05 7.559737232360654e-06 5.551585959996791e-06 4.337332990871927e-06
3168.00138672 9.06612992296078e-05 2.351056818937683e-05 1.3759459106505036e-05 9.540468714987643e-06 7.031749638693472e-06 5.501001810033384e-06
3168.52943095 8.375549725173655e-05 2.139409230833784e-05 1.2441644575264517e-05 8.566297938493432e-06 6.271442013887544e-06 4.874035785105775e-06
3169.0575632 6.83512108502127e-05 1.5286277863983496e-05 8.473246049970774e-06 5.651773972677587e-06 4.0338501665900985e-06 3.0716618725823965e-06
3169.58578348 6.724558686419091e-05 1.3274024913752837e-05 6.898506733148844e-06 4.412477795113739e-06 3.0448446790844462e-06 2.2605672244014844e-06
3170.1140918 7.891676923601625e-05 1.6815494272139965e-05 8.970026706866514e-06 5.838350035363348e-06 4.085306364030172e-06 3.0666736577466873e-06
3170.64248818 8.875479894582989e-05 2.1611122035961814e-05 1.2232853023239636e-05 8.275176647389156e-06 5.97487288807261e-06 4.593933154798804e-06
3171.17097263 9.066865485689943e-05 2.373280296316522e-05 1.3826374675812283e-05 9.530280440763582e-06 6.9861758572659126e-06 5.438573712994935e-06
3171.69954518 9.482853664525228e-05 2.558907474179186e-05 1.50570372882159e-05 1.0432446123621324e-05 7.667813172420274e-06 5.978005976991673e-06
3172.22820582 9.380373212979353e-05 2.4837630333032467e-05 1.460578074432569e-05 1.0121118624447271e-05 7.436529424030109e-06 5.793700673972965e-06
3172.75695458 9.11287376112037e-05 2.3549407632675516e-05 1.3803733234301182e-05 9.556321984604597e-06 7.022412567970054e-06 5.472295832020083e-06
3173.28579148 9.186075113422358e-05 2.3603069687752494e-05 1.3757211745492495e-05 9.470088145963873e-06 6.925306874248505e-06 5.370708974528337e-06
3173.81471652 8.680074380001852e-05 2.0477188529344216e-05 1.1419964067465928e-05 7.629676467753654e-06 5.444312625905052e-06 4.140224501402271e-06
3174.34372972 8.040932230828859e-05 1.7910667937812546e-05 9.74032889604743e-06 6.411097542239446e-06 4.523267651435629e-06 3.4139964921074235e-06
3174.8728311 8.501003217956858e-05 2.0045475010533496e-05 1.1245975751132213e-05 7.5980787010838765e-06 5.491604689911597e-06 4.233421775300397e-06
3175.40202067 9.30182974216317e-05 2.3086198262336153e-05 1.3157152207697478e-05 9.005036436224224e-06 6.580785167010636e-06 5.124644611453723e-06
3175.93129844 9.131312640436683e-05 2.3002566558245567e-05 1.3187243325160501e-05 9.031382775648231e-06 6.588490819634714e-06 5.117215357371432e-06
3176.46066444 9.014139114604137e-05 2.2740206263182704e-05 1.3032391359253666e-05 8.883062954366129e-06 6.440022604616902e-06 4.96853394563514e-06
3176.99011867 9.534770477914316e-05 2.4528470603750714e-05 1.4143201430526693e-05 9.679000026126523e-06 7.044154503082801e-06 5.455120463788175e-06
3177.51966115 9.872627219481823e-05 2.6074442654796598e-05 1.5290456346279444e-05 1.0602186616583202e-05 7.807010283267405e-06 6.103388267831828e-06
3178.0492919 9.098728993123955e-05 2.3974724654732374e-05 1.4075926604988983e-05 9.745764593992292e-06 7.160196424413758e-06 5.576637954627289e-06
3178.57901092 7.858358852943362e-05 1.9527711426312675e-05 1.1251292238898192e-05 7.686094805947183e-06 5.57897492137018e-06 4.299850806479983e-06
3179.10881824 7.51028877606665e-05 1.734081987181784e-05 9.769227953085467e-06 6.587634586899207e-06 4.736913127107237e-06 3.62833819476277e-06
3179.63871386 6.648561593499738e-05 1.4678970157540594e-05 8.27183192787662e-06 5.599037154269491e-06 4.049326382361741e-06 3.122235760810733e-06
3180.16869781 5.271375414177751e-05 1.1090962156398502e-05 6.2569527562325585e-06 4.260283971473783e-06 3.1022290200809555e-06 2.4110137555073163e-06
3180.6987701 5.8014861646217765e-05 1.2320560806069428e-05 6.7919478348038375e-06 4.534510309648063e-06 3.2397669854959046e-06 2.4769746010113166e-06
3181.22893074 6.569066020870623e-05 1.4458819697738501e-05 7.907126683202556e-06 5.221579313182027e-06 3.682002270699344e-06 2.777640391433926e-06
3181.75917975 6.3820158734289e-05 1.4460551966380885e-05 8.051334405478807e-06 5.392510963634908e-06 3.850655713200612e-06 2.9361951292246212e-06
3182.28951714 5.414752194691838e-05 1.0605290337957328e-05 5.703067463093532e-06 3.761012525367992e-06 2.6633918722251866e-06 2.024349383737696e-06
3182.81994293 5.384477876334784e-05 8.734731619405534e-06 4.316854523097572e-06 2.6908696270758386e-06 1.8213261701849485e-06 1.3382958894781679e-06
3183.35045713 5.5650595851965334e-05 9.618931608277523e-06 4.855031477063192e-06 3.050823766885243e-06 2.071375385838721e-06 1.521107423826425e-06
3183.88105975 5.5457201108691564e-05 1.0190941710568673e-05 5.3243656590698915e-06 3.425706802508958e-06 2.3725470049682616e-06 1.7682637802813358e-06
3184.41175082 6.53218518184649e-05 1.2979962989057076e-05 6.942932553069315e-06 4.537415210460062e-06 3.1832769317982798e-06 2.3961345229974426e-06
3184.94253034 7.014589608789101e-05 1.3971535895659219e-05 7.4768212756307985e-06 4.883799011430613e-06 3.4200277121326945e-06 2.56790689853857e-06
3185.47339833 7.03077621435787e-05 1.4680797523959599e-05 7.949636956692526e-06 5.206685654310544e-06 3.6413417035271132e-06 2.7216773050001447e-06
3186.00435481 7.549405347059071e-05 1.7306153481687222e-05 9.622302438080207e-06 6.387757579341392e-06 4.510427491360008e-06 3.388356680556994e-06
3186.53539979 8.336417301642238e-05 1.9740033584985468e-05 1.1036842874244962e-05 7.358749396433497e-06 5.220866680485113e-06 3.939040634179608e-06
3187.06653328 7.671887845702897e-05 1.6870327818495723e-05 9.184827735019712e-06 6.046127857475191e-06 4.257406091148616e-06 3.2036562812019746e-06
3187.59775531 5.96097794646002e-05 1.1760517097530921e-05 6.247063799848667e-06 4.062594144118273e-06 2.840128714649087e-06 2.1327638702218576e-06
3188.12906587 5.812903602808568e-05 1.1936700318614984e-05 6.439678701595481e-06 4.226693102278148e-06 2.978699702284044e-06 2.2519006204015005e-06
3188.660465 6.458005231741458e-05 1.3945944145920506e-05 7.592795837627045e-06 5.001006093405179e-06 3.5297703606974284e-06 2.6676669711854355e-06
3189.1919527 7.12466105695442e-05 1.6242556559004224e-05 8.95517472098302e-06 5.924095802960638e-06 4.183048916713366e-06 3.1532447987054758e-06
3189.72352899 8.182885195903864e-05 2.0129867331005024e-05 1.1379366883844782e-05 7.668602559761983e-06 5.4991727949603626e-06 4.200196475154922e-06
3190.25519388 9.544150779231339e-05 2.542013574155784e-05 1.485326951045942e-05 1.0240813915462431e-05 7.493443242111179e-06 5.817089541699276e-06
3190.78694739 9.56415733439425e-05 2.5790469765743834e-05 1.5210554883407873e-05 1.0525243754338511e-05 7.720960987283343e-06 5.996056312859522e-06
3191.31878953 8.184690723332398e-05 2.1017009833814517e-05 1.2234489630531132e-05 8.392689568961697e-06 6.110134382937269e-06 4.71481003092636e-06
3191.85072033 6.55225147307492e-05 1.4437804902165871e-05 7.996695130963558e-06 5.319444639563487e-06 3.778225711372004e-06 2.8594548903201865e-06
3192.38273978 6.194183013948593e-05 1.1655532264306975e-05 6.004304214635935e-06 3.7959749988869603e-06 2.5792706552354654e-06 1.8800665485019505e-06
3192.91484791 6.050453579973299e-05 1.1094722295107974e-05 5.639320746697434e-06 3.523762049504621e-06 2.3647236881020517e-06 1.703970164444036e-06
3193.44704473 5.8840702135413835e-05 1.133886639588162e-05 5.872538552182697e-06 3.717888747534227e-06 2.521917738442657e-06 1.8358422958287043e-06
3193.97933026 5.913191651278235e-05 1.2481777148359213e-05 6.6563053712510125e-06 4.294136432047162e-06 2.9557532136695924e-06 2.1782702150991215e-06
3194.51170452 6.55713157173811e-05 1.52069304436188e-05 8.428223074484023e-06 5.574643699089957e-06 3.919407634465809e-06 2.9345643086428556e-06
3195.0441675 7.046898648336704e-05 1.688548077916335e-05 9.544503632161402e-06 6.411464597152019e-06 4.579290465201211e-06 3.476090024124242e-06
3195.57671924 7.506078053888436e-05 1.8102869753974717e-05 1.0320602710935894e-05 7.000280533662532e-06 5.0518522702480525e-06 3.87743889891804e-06
3196.10935975 7.68958578901921e-05 1.842443189606671e-05 1.0503297893845035e-05 7.127945238654755e-06 5.147747337911184e-06 3.955618396242514e-06
3196.64208903 6.984716730488916e-05 1.6231722569070604e-05 9.17175248429907e-06 6.183078856974341e-06 4.439470761942349e-06 3.392851577912302e-06
3197.17490712 6.49970062661749e-05 1.4175083087292869e-05 7.73846462111028e-06 5.090959080133084e-06 3.5802431646860085e-06 2.6899445909027114e-06
3197.70781401 6.308812039253642e-05 1.3849120824052897e-05 7.59661696421752e-06 5.014605969473183e-06 3.5331760239812447e-06 2.659183662067911e-06
3198.24080973 7.419854831315711e-05 1.862890126716817e-05 1.0750426270158727e-05 7.343598901689942e-06 5.319711478498579e-06 4.093789603745781e-06
3198.77389428 8.943564798961787e-05 2.324654824864661e-05 1.3497992490008682e-05 9.262646254110302e-06 6.740811370139308e-06 5.2098071354744806e-06
3199.3070677 9.148062203557284e-05 2.2616659659034023e-05 1.285025266593322e-05 8.702146999817586e-06 6.2725821598845074e-06 4.815561222505878e-06
3199.84032998 9.050441889911314e-05 2.223287570955277e-05 1.2498001162191062e-05 8.36906572356676e-06 5.963774481744217e-06 4.526599070074605e-06
3200.37368114 8.251761053507033e-05 1.976567765960007e-05 1.0993233351176027e-05 7.274638232529934e-06 5.1131151892520695e-06 3.82604008427365e-06
3200.90712121 7.461155837068638e-05 1.69164880474664e-05 9.276397281123911e-06 6.089323355457676e-06 4.251260368968104e-06 3.16513349186678e-06
3201.44065019 7.305033315934618e-05 1.5924284104467205e-05 8.5910354492126e-06 5.592702946570482e-06 3.888172764254881e-06 2.891154612764677e-06
3201.9742681 8.173934836480174e-05 1.9074753566035256e-05 1.0523754486356093e-05 6.971070536297353e-06 4.931014417781187e-06 3.72548927727816e-06
3202.50797495 8.69328613409999e-05 2.1383926008458195e-05 1.2085121157963128e-05 8.135755373975003e-06 5.83845683215514e-06 4.461297079232884e-06
3203.04177076 8.454227091529906e-05 2.0433538213972778e-05 1.1406911111872174e-05 7.611431423326058e-06 5.423684299683852e-06 4.1198428043336325e-06
3203.57565555 8.121264035275797e-05 1.950856569578009e-05 1.0821992726316584e-05 7.193352456243248e-06 5.109514233109681e-06 3.87382518838997e-06
3204.10962932 8.281230812596588e-05 2.0997012688475537e-05 1.2072226125684054e-05 8.244290671872071e-06 5.995340315630036e-06 4.637282102396959e-06
3204.64369209 9.017247034834876e-05 2.389423169949605e-05 1.4110938361088668e-05 9.843997139323263e-06 7.294159159113719e-06 5.733017227929132e-06
3205.17784389 0.00010129665570574605 2.81145260454738e-05 1.6784464348157805e-05 1.176730094971033e-05 8.746080774662343e-06 6.88559802960999e-06
3205.71208471 9.671445021960968e-05 2.6536737057814367e-05 1.5691527465781945e-05 1.0898320412585165e-05 8.022956362971726e-06 6.261283684836171e-06
3206.24641459 8.554717133981359e-05 2.173514346046499e-05 1.2438546594014184e-05 8.417904343004673e-06 6.050684495958376e-06 4.6208166147578965e-06
3206.78083352 9.025365153787162e-05 2.3540148940150166e-05 1.3550888776383933e-05 9.195778417415676e-06 6.621541323411978e-06 5.057422425484647e-06
3207.31534154 9.586854948448921e-05 2.5239522288090892e-05 1.4526306986172629e-05 9.873469356423175e-06 7.125946940812815e-06 5.459463061676565e-06
3207.84993864 9.245706627648431e-05 2.313496789191864e-05 1.3053141755905219e-05 8.74453318113121e-06 6.232620224550714e-06 4.7251319971514755e-06
3208.38462485 9.320949694238879e-05 2.405795433037074e-05 1.3850327980785505e-05 9.420938648405326e-06 6.807234513390691e-06 5.223884655931246e-06
3208.91940019 8.981354331535804e-05 2.431266576109242e-05 1.443968162274545e-05 1.0075692413687648e-05 7.450209140429912e-06 5.838099566271563e-06
3209.45426466 7.701036803639412e-05 2.0014540426006434e-05 1.1747032718787948e-05 8.122221935337878e-06 5.9558365136276984e-06 4.630543948356013e-06
3209.98921828 7.407242143294501e-05 1.8597289042561792e-05 1.0687082881364579e-05 7.2688716821979215e-06 5.251150803212596e-06 4.029038277153263e-06
3210.52426107 7.734410181417921e-05 1.8977875774043578e-05 1.0769774050843455e-05 7.27967020967017e-06 5.237164632045981e-06 4.013389320137501e-06
3211.05939304 6.986288895736095e-05 1.5694820078299257e-05 8.620331001870121e-06 5.701146255254159e-06 4.028176548977852e-06 3.0435297067806e-06
3211.59461421 6.776248409489142e-05 1.5229115741257039e-05 8.423244448424102e-06 5.598129452625953e-06 3.9709537930524146e-06 3.006250184482731e-06
3212.12992458 7.151760229268082e-05 1.709547477149952e-05 9.749675845354601e-06 6.612312568902141e-06 4.765552224384463e-06 3.6522974550377797e-06
3212.66532419 5.9459789484759334e-05 1.2763516940096733e-05 7.063865855615843e-06 4.701680959817492e-06 3.3371970314964476e-06 2.5296833918679438e-06
3213.20081303 6.172402197121229e-05 1.2971150573931897e-05 7.072704212155821e-06 4.644222037286604e-06 3.2567558664819686e-06 2.439204803897903e-06
3213.73639113 6.528358231310884e-05 1.4066002572139657e-05 7.755710212709396e-06 5.1374079362192995e-06 3.6327503021847422e-06 2.7388451610308127e-06
3214.2720585 5.854267078276799e-05 1.1546906628313747e-05 6.1524504241008025e-06 3.995965235001051e-06 2.784287551663337e-06 2.0799944276252825e-06
3214.80781515 5.901133760075337e-05 1.1163922830022605e-05 5.705042036620522e-06 3.578546502037296e-06 2.410496460734336e-06 1.7495330521050151e-06
3215.34366111 6.494680700318005e-05 1.3578676894946662e-05 7.1722920240668095e-06 4.588059720139688e-06 3.1372807070083945e-06 2.3001181956417035e-06
3215.87959638 7.603301495826402e-05 1.764351511333109e-05 9.777650894992349e-06 6.47017448668728e-06 4.5585482696447735e-06 3.4229257404685177e-06
3216.41562098 8.053034399738474e-05 1.92881563897861e-05 1.0924187051470481e-05 7.349859545439227e-06 5.257875459690618e-06 3.999130957773847e-06
3216.95173492 8.035081365949493e-05 1.99451838623425e-05 1.1469996177614158e-05 7.800426289899877e-06 5.631482503227216e-06 4.316265444533629e-06
3217.48793823 6.923117421174837e-05 1.6801106222563156e-05 9.693521773386055e-06 6.623739646989683e-06 4.806663640627929e-06 3.7029375207341835e-06
3218.02423091 6.056339205538978e-05 1.406233008098715e-05 8.005560231846849e-06 5.428005196769053e-06 3.913833182652651e-06 3.0016313790857924e-06
3218.56061298 7.3703086712199e-05 1.8447456649242916e-05 1.0614763445144804e-05 7.231412274485936e-06 5.229626400808994e-06 4.018424592248096e-06
3219.09708445 8.475641303326253e-05 2.2313132378530888e-05 1.3055689980694148e-05 8.99104128513363e-06 6.572280073847161e-06 5.092467116679962e-06
3219.63364534 9.166252131487712e-05 2.468791211563586e-05 1.4540175201281212e-05 1.004768086975941e-05 7.36799972139844e-06 5.720162605821636e-06
3220.17029567 8.478290581131292e-05 2.1172810457453146e-05 1.1996356172569035e-05 8.057243089431975e-06 5.756188654036317e-06 4.373479558130678e-06
3220.70703545 8.06466244005099e-05 1.9333733602939097e-05 1.076064567772503e-05 7.147867126752769e-06 5.053656790205404e-06 3.811821415768143e-06
3221.24386469 8.948500017475415e-05 2.2439455756542098e-05 1.2794567183683896e-05 8.673491640008772e-06 6.253887570562964e-06 4.797864379507957e-06
3221.78078341 9.021094902242943e-05 2.24997497630236e-05 1.286611255022725e-05 8.748713725234402e-06 6.329874239038093e-06 4.870178290975354e-06
3222.31779162 8.018760373995623e-05 1.8633950618031086e-05 1.0364270961477508e-05 6.896702680437584e-06 4.891279937595451e-06 3.6982886341097224e-06
3222.85488934 7.40409673636642e-05 1.6691380735285774e-05 9.115205985308984e-06 5.965180614493971e-06 4.161312667874935e-06 3.0988585620769893e-06
3223.39207659 7.789457924943552e-05 1.852007401194988e-05 1.0272874230839792e-05 6.7955482585778034e-06 4.7877828920532524e-06 3.594070853310809e-06
3223.92935337 7.92296180096778e-05 1.8499581475021626e-05 1.0160709645934761e-05 6.687758110836692e-06 4.698557260076521e-06 3.521196047724921e-06
3224.46671971 8.6901698774524e-05 2.117089654331749e-05 1.1911406433258244e-05 8.00911550788274e-06 5.741589539403443e-06 4.387026049788787e-06
3225.00417562 8.940278961171073e-05 2.333266526716257e-05 1.366112915184445e-05 9.452378901319546e-06 6.942327089916922e-06 5.4119088578947294e-06
3225.54172111 8.48182143523141e-05 2.15694804293972e-05 1.2542444176731721e-05 8.613205243089829e-06 6.276918324978572e-06 4.853988359287427e-06
3226.0793562 7.577512409527175e-05 1.7142422370511466e-05 9.443610199285254e-06 6.222568336821951e-06 4.367870798200701e-06 3.268203908275626e-06
3226.6170809 6.891969610293171e-05 1.4133216032911497e-05 7.488659858505333e-06 4.8005478977167115e-06 3.2887204232932534e-06 2.4104037366476624e-06
3227.15489523 7.18013022451414e-05 1.527251987459803e-05 8.194007059121108e-06 5.289787553937604e-06 3.643635528950173e-06 2.6789874636410456e-06
3227.6927992 7.397621475634348e-05 1.6906191500183082e-05 9.41510663620311e-06 6.254119676870068e-06 4.423697355297317e-06 3.3297617523883973e-06
3228.23079283 6.947486914558884e-05 1.596157875667089e-05 9.069859227077728e-06 6.148652903209669e-06 4.441540352524522e-06 3.4117455181516075e-06
3228.76887614 5.7921182266054486e-05 1.1926938028054405e-05 6.6065653462648e-06 4.427135701505663e-06 3.176199444734298e-06 2.4327891276099394e-06
3229.30704913 5.569000503899403e-05 1.1000973240569312e-05 5.984205951404019e-06 3.956172714030815e-06 2.805239527035339e-06 2.1276647318522007e-06
3229.84531183 5.5362728402974706e-05 1.1388445215740737e-05 6.257308926544154e-06 4.155912488944811e-06 2.955991207517268e-06 2.245339168436311e-06
3230.38366424 5.437284651947097e-05 1.0694631253430165e-05 5.765267345701339e-06 3.780078807922932e-06 2.6597381343659527e-06 2.0038251208512828e-06
3230.92210639 6.238042998285533e-05 1.2854135789008397e-05 7.1003160406231776e-06 4.7405926163789035e-06 3.385216627994377e-06 2.581920044270899e-06
3231.46063828 7.217009077307585e-05 1.6334992151981163e-05 9.220980702011905e-06 6.2280253879760185e-06 4.484388638031248e-06 3.437880085715896e-06
3231.99925994 7.139638980670656e-05 1.633507983881164e-05 9.111663129023962e-06 6.0869642907567e-06 4.339150582331553e-06 3.2975422524896847e-06
3232.53797137 7.441837583951032e-05 1.8654954639816614e-05 1.0825267705257083e-05 7.4452849673757005e-06 5.446940641501059e-06 4.232370546203383e-06
3233.0767726 7.993216666510693e-05 2.1629160070840198e-05 1.2907599307606466e-05 9.034541877484022e-06 6.699802003206037e-06 5.258181160481381e-06
3233.61566363 7.503502110924664e-05 1.9453042192201374e-05 1.1361624203714589e-05 7.816128650632835e-06 5.701568057903826e-06 4.409712528970309e-06
3234.15464449 7.252262081189674e-05 1.71083300938901e-05 9.516626293739268e-06 6.317637251031342e-06 4.4679640758716745e-06 3.3675065451070894e-06
3234.69371519 6.884891034054694e-05 1.5347032100657013e-05 8.359456965351515e-06 5.476100098016494e-06 3.8336106252084005e-06 2.8660556507822314e-06
3235.23287573 5.737354169667546e-05 1.1557942344912443e-05 6.1456458410408344e-06 3.977137793260323e-06 2.7623376377287468e-06 2.05449133601858e-06
3235.77212615 6.373982045908665e-05 1.3293607857892921e-05 7.09960801632331e-06 4.603038824185019e-06 3.2018729303537185e-06 2.3842404840553916e-06
3236.31146645 7.944461150902459e-05 1.8385221381709437e-05 1.0175137329488625e-05 6.749538440760793e-06 4.786585834654729e-06 3.617894777458047e-06
3236.85089664 7.303655111025946e-05 1.7047256557103007e-05 9.598507077345972e-06 6.445090260353238e-06 4.617720014456909e-06 3.516814865279327e-06
3237.39041675 5.965553297972151e-05 1.2552431976562586e-05 6.891477271318018e-06 4.560605000125353e-06 3.2294096565945255e-06 2.4375696510597284e-06
3237.93002679 6.832772048137367e-05 1.5018462353733583e-05 8.313140543846485e-06 5.541343520875244e-06 3.95382236726514e-06 3.0079534955067457e-06
3238.46972677 7.790626217448175e-05 1.9232765120921953e-05 1.1121026046155711e-05 7.635658410590897e-06 5.5853214638688484e-06 4.338340812394829e-06
3239.0095167 8.093830464450091e-05 2.1172039258356904e-05 1.249650094942976e-05 8.685399297277928e-06 6.4124512587736875e-06 5.015618560469652e-06
3239.54939661 7.228942183053274e-05 1.7742597464964435e-05 1.0239455004885943e-05 7.015386389994001e-06 5.119421250424185e-06 3.967448966340007e-06
3240.08936651 6.125810111266153e-05 1.3562423107627823e-05 7.60023430019008e-06 5.121311627425373e-06 3.6901794256125514e-06 2.8345248154227466e-06
3240.6294264 7.465398002431957e-05 1.8949875625153047e-05 1.1140413298620437e-05 7.742558354769389e-06 5.7196860399356406e-06 4.481442259000234e-06
3241.16957632 9.131831905807405e-05 2.4645202368544298e-05 1.4707698109955516e-05 1.0309620376608748e-05 7.665812535275888e-06 6.034056945484919e-06
3241.70981627 9.06407866655946e-05 2.359353357624599e-05 1.3812322501841561e-05 9.538704966966331e-06 6.999831803128711e-06 5.445244289126654e-06
3242.25014626 8.606593163608379e-05 2.198681636049219e-05 1.2685068232124926e-05 8.659345358072895e-06 6.293292376469463e-06 4.854467502259366e-06
3242.79056632 7.615081155188073e-05 1.883621159414288e-05 1.0813007918786345e-05 7.3707220084311624e-06 5.35768595676014e-06 4.136900168176404e-06
3243.33107646 7.972398589756539e-05 2.012547498875962e-05 1.1579732408432094e-05 7.876619409727504e-06 5.69795587206687e-06 4.376305547089248e-06
3243.87167669 8.196913157678328e-05 2.031031588285147e-05 1.143563473587203e-05 7.611754895749993e-06 5.38187127586825e-06 4.0442963891186e-06
3244.41236702 7.578492308243298e-05 1.7824160831234216e-05 9.866707310158028e-06 6.4839465218473815e-06 4.530157545617978e-06 3.3662023423975336e-06
3244.95314748 7.950365193288151e-05 1.921038322852079e-05 1.0771614211421692e-05 7.176651493490946e-06 5.086395033552002e-06 3.835600847734852e-06
3245.49401808 9.513389630017247e-05 2.5425071542726527e-05 1.4877775621130815e-05 1.0263007301263758e-05 7.5116108378072245e-06 5.834141151117986e-06
3246.03497882 0.0001007032833642847 2.7888774356361383e-05 1.6717516277886605e-05 1.1764311685732794e-05 8.767791060087548e-06 6.919808358439565e-06
3246.57602974 9.547062876918989e-05 2.601495645235703e-05 1.5584732263198396e-05 1.0968164452449543e-05 8.169216911480206e-06 6.443688903717207e-06
3247.11717084 9.289176740109505e-05 2.5321422076805276e-05 1.5160648162279004e-05 1.0634557143246635e-05 7.883747764669526e-06 6.184587859797276e-06
3247.65840213 8.299415547886496e-05 2.206234894262823e-05 1.307886919462586e-05 9.086500450670885e-06 6.677428168166245e-06 5.193914570429748e-06
3248.19972364 6.50611682681677e-05 1.558490861833283e-05 8.848017810772042e-06 5.9415467082670706e-06 4.233190501939959e-06 3.2040202853382206e-06
3248.74113538 6.74257510656392e-05 1.5769814842686422e-05 8.769613652856245e-06 5.777471383389626e-06 4.036596878912765e-06 2.998951970924238e-06
3249.28263736 6.744892630159812e-05 1.589285836213784e-05 8.965142859850045e-06 5.995786606725894e-06 4.257476732161477e-06 3.2139565385711253e-06
3249.8242296 6.878794064052416e-05 1.6268956111066452e-05 9.305242928175634e-06 6.326580308747098e-06 4.579509629537236e-06 3.5229168791963525e-06
3250.36591211 7.605400746996211e-05 1.8646397254619195e-05 1.0827587853769889e-05 7.456360672948717e-06 5.466537263564701e-06 4.2539332722152646e-06
3250.90768491 8.290809495541744e-05 2.1320526855695653e-05 1.2554167513453767e-05 8.726545633101215e-06 6.443632249241635e-06 5.044116664870696e-06
3251.44954801 8.089568540821998e-05 2.020757979027611e-05 1.173539350761597e-05 8.065976188321064e-06 5.891030977185552e-06 4.567280593334983e-06
3251.99150143 8.282208026007558e-05 2.0977379841171126e-05 1.2154642975034429e-05 8.31968444002036e-06 6.051304469987207e-06 4.670222110748847e-06
3252.53354518 8.569465485242861e-05 2.285612478709362e-05 1.347958456049461e-05 9.337477179397372e-06 6.866154682205959e-06 5.346673543242089e-06
3253.07567928 8.384467766302595e-05 2.2327248371442992e-05 1.3158570951544696e-05 9.117206007777105e-06 6.711376125619487e-06 5.234371781104629e-06
3253.61790375 7.906625817337335e-05 2.020816065864261e-05 1.1710351489175608e-05 8.0221715721434e-06 5.849041329004449e-06 4.527371920890251e-06
3254.16021859 7.723725565650018e-05 1.9108163270646593e-05 1.1024494671610443e-05 7.541230457745251e-06 5.493160726489422e-06 4.250459473451338e-06
3254.70262382 7.414423660576189e-05 1.733740953131715e-05 9.898914716281668e-06 6.746060395365026e-06 4.904251566331037e-06 3.7937982875161313e-06
3255.24511947 7.372866685479951e-05 1.809949620844992e-05 1.058757976534718e-05 7.359613473930124e-06 5.4428767932278154e-06 4.276773289948955e-06
3255.78770554 9.213058106243681e-05 2.6044161877283577e-05 1.5867432220101553e-05 1.1312673075344701e-05 8.532140766846134e-06 6.806614763057412e-06
3256.33038204 9.617093360458094e-05 2.7144552001747357e-05 1.6358570526625243e-05 1.155095447793359e-05 8.639231369488133e-06 6.839276537870647e-06
3256.873149 8.957688880925409e-05 2.4345354972676404e-05 1.4481190042856474e-05 1.0123313841398736e-05 7.506867347689095e-06 5.896738468601709e-06
3257.41600643 9.635367109126392e-05 2.6850065020143087e-05 1.6158467604111058e-05 1.1394744773992208e-05 8.506389895596275e-06 6.721508800989407e-06
3257.95895434 9.4880528227416e-05 2.6146831465333582e-05 1.5662278411034858e-05 1.100422325522743e-05 8.184422509777947e-06 6.4466420264967e-06
3258.50199275 8.754424142803028e-05 2.3200349412146547e-05 1.3750664490684672e-05 9.585053229234187e-06 7.080466167714497e-06 5.542459269117069e-06
3259.04512168 8.517907447932338e-05 2.183392685254975e-05 1.2791173798067865e-05 8.853837521118624e-06 6.510989778746056e-06 5.080768332792496e-06
3259.58834113 8.499449797780865e-05 2.2837315123432785e-05 1.3666209750783919e-05 9.624808065357689e-06 7.195982110034888e-06 5.7007196782439446e-06
3260.13165113 9.388543175114627e-05 2.7312222078794616e-05 1.681699883183852e-05 1.2074988198331671e-05 9.167275796652201e-06 7.352780762378063e-06
3260.67505169 9.519328205359692e-05 2.6582714710877223e-05 1.6065189468697224e-05 1.1367008964242146e-05 8.514653344727063e-06 6.748781723158951e-06
3261.21854282 9.289939030802069e-05 2.528123094494157e-05 1.5098230094757853e-05 1.0578764460115997e-05 7.851906269112801e-06 6.1712182517688845e-06
3261.76212454 9.571487744613296e-05 2.639165408383712e-05 1.5804063009881817e-05 1.1106193643310662e-05 8.266326592519003e-06 6.516119379859664e-06
3262.30579687 8.796095158033779e-05 2.3950877510030733e-05 1.4313618564254143e-05 1.0061297330330317e-05 7.494191326844175e-06 5.91647073524289e-06
3262.84955981 8.887283103443766e-05 2.4495304161011622e-05 1.4757550229195014e-05 1.044421750185064e-05 7.824889993690095e-06 6.211008701707839e-06
3263.39341339 0.00010064060916507057 2.8788490100464118e-05 1.7556653461808914e-05 1.2523742853713294e-05 9.440802213948955e-06 7.529562897721189e-06
3263.93735762 9.449166032668878e-05 2.544466553021991e-05 1.5146508686651163e-05 1.0612819219883715e-05 7.881690357317581e-06 6.206204678055456e-06
3264.48139251 8.00536815292251e-05 1.90431385194959e-05 1.0699996511546726e-05 7.177981714797604e-06 5.132899844543176e-06 3.912334784843697e-06
3265.02551809 7.095454654723206e-05 1.5515855605434002e-05 8.397929426705496e-06 5.479784296556219e-06 3.824635680495035e-06 2.8559011549364616e-06
3265.56973436 6.644995214139082e-05 1.4100389757867174e-05 7.603074211659641e-06 4.943994498166418e-06 3.4374872724440537e-06 2.5556508320657313e-06
3266.11404134 7.290289691147986e-05 1.6709802116201153e-05 9.27184967921985e-06 6.135504798234892e-06 4.323413241982693e-06 3.2434271971383413e-06
3266.65843904 8.211277861012553e-05 2.079938126112035e-05 1.204822798419684e-05 8.236095310346621e-06 5.977680359716797e-06 4.602018416358024e-06
3267.20292749 9.134292103414336e-05 2.531624464474957e-05 1.5230706108329378e-05 1.072067168724281e-05 7.984042437008963e-06 6.2881682300276645e-06
3267.74750669 9.39853741035818e-05 2.706527104653108e-05 1.650482949152803e-05 1.1743040326595195e-05 8.829169873093182e-06 7.0151908057069385e-06
3268.29217666 9.353318198146198e-05 2.698992070265073e-05 1.648620693404361e-05 1.1745706447187812e-05 8.850075481992713e-06 7.0467744802943e-06
3268.83693742 8.94049797638424e-05 2.4721777669342923e-05 1.4904890662575556e-05 1.051902661080555e-05 7.868146226629646e-06 6.2266226871557554e-06
3269.38178898 8.739176013845433e-05 2.3201572584138696e-05 1.3775273762277416e-05 9.615731706533348e-06 7.123856065780405e-06 5.592038849050919e-06
3269.92673136 8.572341182277494e-05 2.1963169237355934e-05 1.2895149839388678e-05 8.937594914522504e-06 6.581421316275005e-06 5.140089202905953e-06
3270.47176456 8.446029505354128e-05 2.1386305260301914e-05 1.2528968947017313e-05 8.678273560845641e-06 6.391690948986126e-06 4.993343980280855e-06
3271.01688862 8.807235321867383e-05 2.333712383310885e-05 1.380983965076867e-05 9.618467946424617e-06 7.111318941114546e-06 5.5713101478403736e-06
3271.56210353 8.54125066574056e-05 2.258777933153679e-05 1.3243826043059877e-05 9.131099731267293e-06 6.675600246775061e-06 5.173022208051318e-06
3272.10740932 7.101840447660148e-05 1.7003382532087735e-05 9.569229119915653e-06 6.398627880435333e-06 4.550926988873121e-06 3.442863690248146e-06
3272.65280601 6.603475346811232e-05 1.4859321358527043e-05 8.18535479706252e-06 5.404578179753056e-06 3.8118755024818315e-06 2.867956667371861e-06
3273.1982936 7.5799138665617e-05 1.8461950116789652e-05 1.0597606336021604e-05 7.230032168951091e-06 5.259367241355724e-06 4.0669872563861375e-06
3273.74387211 9.003072827999079e-05 2.4051594067127695e-05 1.4271285838992367e-05 9.954710544573591e-06 7.371729443006886e-06 5.782735815383788e-06
3274.28954156 9.053738966643546e-05 2.454116903122809e-05 1.4506292171028126e-05 1.0051220488249763e-05 7.383873084614731e-06 5.744654612245068e-06
3274.83530196 8.199667433404122e-05 2.0778008822755325e-05 1.1841108492267652e-05 7.955941713840652e-06 5.674627492328317e-06 4.296438495462363e-06
3275.38115333 8.414084027711849e-05 2.1575991806234653e-05 1.2442499533761703e-05 8.469885016865697e-06 6.120950381249641e-06 4.696248111917093e-06
3275.92709568 9.311083117012536e-05 2.6001178946346924e-05 1.5674551314246242e-05 1.1068464049402933e-05 8.270385219417085e-06 6.5400209851571274e-06
3276.47312904 9.150047168304356e-05 2.5489471683996484e-05 1.5416942503153616e-05 1.0928906381090295e-05 8.20002240227904e-06 6.512258290315631e-06
3277.0192534 7.74221440364127e-05 1.9818181162607572e-05 1.1654880501792987e-05 8.11097193128885e-06 6.000550797492401e-06 4.7137808119582175e-06
3277.56546879 6.800679407337446e-05 1.6861104893937523e-05 9.908037214267303e-06 6.905719588769004e-06 5.125072885299993e-06 4.038610769442291e-06
3278.11177523 7.347545773679165e-05 1.9376997262633353e-05 1.1614261227450454e-05 8.195665350300553e-06 6.144409593191299e-06 4.878341204005225e-06
3278.65817272 8.40747172528312e-05 2.3107081038509786e-05 1.3897149625138394e-05 9.784630402644331e-06 7.307439275903493e-06 5.771542317735181e-06
3279.20466129 8.330027410245717e-05 2.25915943752801e-05 1.3499998037372658e-05 9.444656582275421e-06 7.005194992334697e-06 5.495521573015603e-06
3279.75124095 7.573356577152356e-05 1.9670210472725602e-05 1.1708938714006934e-05 8.196016274054238e-06 6.083667784717464e-06 4.7810080711501415e-06
3280.29791171 7.584430398015691e-05 1.9886822145146e-05 1.1968105052127214e-05 8.467836442882456e-06 6.3502818596144796e-06 5.04005443780057e-06
3280.84467359 7.661255307055027e-05 2.008389098837106e-05 1.2022370236233137e-05 8.463222233752503e-06 6.322343263440809e-06 5.000465345002365e-06
3281.39152661 8.446171340815704e-05 2.224297038727994e-05 1.3126532089488743e-05 9.124812270953167e-06 6.737365873288117e-06 5.2744003556242705e-06
3281.93847077 8.713207836386118e-05 2.2869074300230713e-05 1.3324180919783735e-05 9.169984489346346e-06 6.707539809815449e-06 5.209389765174111e-06
3282.4855061 8.254941129736262e-05 2.081020843586585e-05 1.1939933154831212e-05 8.12710746158708e-06 5.889557863217124e-06 4.5384230846155405e-06
3283.03263261 7.98424443433664e-05 2.01888078470289e-05 1.1732207868148506e-05 8.069419491008341e-06 5.903609204404452e-06 4.58647616306706e-06
3283.57985032 7.358925283275474e-05 1.8326559057614523e-05 1.0734424060521511e-05 7.438477417750991e-06 5.480352312694082e-06 4.283934961036147e-06
3284.12715923 7.889521592170418e-05 1.9554523187099515e-05 1.128521646249967e-05 7.716395119898599e-06 5.614135317294206e-06 4.337520592328775e-06
3284.67455937 9.139117371096466e-05 2.3612417056537746e-05 1.361696337509027e-05 9.285501694372164e-06 6.7297471489942876e-06 5.1802891995512055e-06
3285.22205076 9.271351984786603e-05 2.4589283017539747e-05 1.4437645766207085e-05 1.0000468534388468e-05 7.350077895910339e-06 5.73226379630129e-06
3285.7696334 8.995530001584004e-05 2.4296600049783688e-05 1.4479084707776695e-05 1.0151481084656454e-05 7.5447376547347684e-06 5.941202878617631e-06
3286.31730731 9.040270670938194e-05 2.4441635033044685e-05 1.4494312369627024e-05 1.0109146213421117e-05 7.483437925616771e-06 5.868402639677141e-06
3286.8650725 9.055268750926065e-05 2.373888024207039e-05 1.3884537675553889e-05 9.574880113941053e-06 7.015771203462661e-06 5.44971246322592e-06
3287.412929 8.325713465094014e-05 2.027117352699692e-05 1.1480607138506516e-05 7.73150593821171e-06 5.5430168473782476e-06 4.225816521759701e-06
3287.96087682 7.829600511298719e-05 1.8823888723822727e-05 1.0614272950431199e-05 7.123794711688201e-06 5.09350959150574e-06 3.874272455475611e-06
3288.50891597 7.949176125205552e-05 2.070646798030123e-05 1.2125944447019394e-05 8.363989840251295e-06 6.128676300727632e-06 4.7600287978685615e-06
3289.05704646 7.673020430025248e-05 2.0361556246622426e-05 1.2114941890431834e-05 8.4655605055991e-06 6.276029486857908e-06 4.925724598448115e-06
3289.60526832 8.025389493961785e-05 2.167888203734735e-05 1.3024445436638334e-05 9.190531539721404e-06 6.867883923054302e-06 5.434312127507081e-06
3290.15358156 9.686151212753375e-05 2.8858935590549648e-05 1.790019975913502e-05 1.293249151682255e-05 9.851427529222392e-06 7.927527841416869e-06
3290.70198619 0.0001084081743560995 3.339868172031631e-05 2.085415967197368e-05 1.5125491895523196e-05 1.1561136925790578e-05 9.327607428680824e-06
3291.25048222 0.00010163355701231004 2.9414221036243003e-05 1.7926686246973144e-05 1.2772111285123666e-05 9.625696550046273e-06 7.671873131556927e-06
3291.79906969 9.18616283121997e-05 2.4658362507378103e-05 1.4591662698519539e-05 1.0165048300442247e-05 7.509960831086385e-06 5.8826654100236645e-06
3292.34774859 9.094509933686518e-05 2.432218116445128e-05 1.4334149359322665e-05 9.954964286199269e-06 7.329386321809532e-06 5.7259526973188195e-06
3292.89651894 9.21062389198389e-05 2.5446169003813558e-05 1.5203600989087038e-05 1.0667989098710225e-05 7.921374821008272e-06 6.233777120406238e-06
3293.44538076 9.805573273856189e-05 2.7925269866850168e-05 1.685545017448556e-05 1.1897272315949146e-05 8.873587826741608e-06 7.004471170990638e-06
3293.99433407 0.00010181188479662237 2.894448762054764e-05 1.7471843167916494e-05 1.2330567946966657e-05 9.205521285028968e-06 7.271238200168735e-06
3294.54337888 0.00010242966139634627 2.897470614787e-05 1.7490206688903447e-05 1.2352835483974662e-05 9.240635918525398e-06 7.313703229472086e-06
3295.0925152 0.0001080357016456377 3.1664113313679844e-05 1.9311461104171937e-05 1.3745443302148976e-05 1.0347952725943833e-05 8.237237955767088e-06
3295.64174306 0.00010398730376692567 3.0346621632959813e-05 1.84025103096784e-05 1.3048692796942804e-05 9.795719904690797e-06 7.781288966295639e-06
3296.19106246 9.206153532019347e-05 2.6556722505241824e-05 1.6126320506169613e-05 1.1450013072665279e-05 8.614134618072629e-06 6.854510448379109e-06
3296.74047342 8.779008087826043e-05 2.461169929515497e-05 1.4798286979259471e-05 1.0429109078010307e-05 7.793473647464951e-06 6.1649098441306216e-06
3297.28997595 9.23544584217509e-05 2.4997754691896746e-05 1.4759142219155737e-05 1.0271438378556412e-05 7.589447907777323e-06 5.9490009094406985e-06
3297.83957008 9.71309129249037e-05 2.651151975216116e-05 1.5654422334344227e-05 1.0911354992660963e-05 8.073597727665344e-06 6.343037654002669e-06
3298.38925581 0.00010037045034866497 2.875193031766066e-05 1.7354032995842505e-05 1.2286520560637545e-05 9.210047537876228e-06 7.313518078801797e-06
3298.93903317 9.199639879305203e-05 2.5652211555043114e-05 1.545382204527835e-05 1.0920376437583608e-05 8.171451847198851e-06 6.4750241206409745e-06
3299.48890216 8.92001233489932e-05 2.3732550151402633e-05 1.4003313852772514e-05 9.734566830324362e-06 7.182501031073902e-06 5.620939743817708e-06
3300.03886281 9.780067095075045e-05 2.7130007845712093e-05 1.612016692778053e-05 1.1259835498174011e-05 8.338856401981107e-06 6.547783151130146e-06
3300.58891512 0.00010518356284277434 3.018295015507445e-05 1.808771370976537e-05 1.2723791294033763e-05 9.479147392941475e-06 7.485184296649516e-06
3301.13905912 0.00011107317937100378 3.313200045313901e-05 2.0276965496789408e-05 1.4483229661665706e-05 1.0931152885821086e-05 8.725002994044224e-06
3301.68929481 0.00010796308966820607 3.192829130729053e-05 1.9615420391704684e-05 1.405151419279039e-05 1.0633584737806054e-05 8.505400030849724e-06
3302.23962222 9.756990611900131e-05 2.74442148696222e-05 1.6635022371807686e-05 1.1805959482224832e-05 8.872212127394252e-06 7.05430170477364e-06
3302.79004136 8.347325695847412e-05 2.0982100861377095e-05 1.2219325959997234e-05 8.442654853537849e-06 6.209364468038215e-06 4.850759739328919e-06
3303.34055224 7.557995153172203e-05 1.771791365083779e-05 1.0079492038292734e-05 6.861788381302078e-06 4.985316176603204e-06 3.856924888310636e-06
3303.89115488 7.784603878890652e-05 1.966582707575803e-05 1.1563274180659097e-05 8.045625829392708e-06 5.950067735819476e-06 4.6679762645645656e-06
3304.4418493 8.894456723338905e-05 2.4740545789587777e-05 1.4987843369285172e-05 1.0627801045294148e-05 7.976877095007202e-06 6.332791776330113e-06
3304.9926355 0.00010108010599795985 2.956922639646844e-05 1.8101022602387527e-05 1.2915758126360439e-05 9.74253387065652e-06 7.765704773413934e-06
3305.54351352 9.983871062376512e-05 2.834565881055707e-05 1.705884381968274e-05 1.2032548710080662e-05 8.992532521056509e-06 7.1165766822489825e-06
3306.09448335 9.198809539289806e-05 2.4418793723953363e-05 1.4294547137427674e-05 9.890006287513077e-06 7.267007878728277e-06 5.671613310574157e-06
3306.64554502 8.01691533293908e-05 1.9931718131454987e-05 1.1452432748582606e-05 7.818561408785312e-06 5.677297937642937e-06 4.386494433230042e-06
3307.19669853 6.895114929680903e-05 1.5774874186194606e-05 8.845090574166496e-06 5.9405525540859925e-06 4.254693441858499e-06 3.2511030354005896e-06
3307.74794392 7.451715633793577e-05 1.8355940937227998e-05 1.0596446802415454e-05 7.267129078604626e-06 5.297950709390954e-06 4.1071888738064304e-06
3308.29928119 8.234109809473062e-05 2.1187833646513158e-05 1.2294406370855522e-05 8.453500499140058e-06 6.175174333748596e-06 4.793783882421984e-06
3308.85071035 8.644002440474102e-05 2.1742923651503067e-05 1.2318833730004436e-05 8.308756918324031e-06 5.967722089193639e-06 4.564048091995252e-06
3309.40223143 8.691744831500026e-05 2.2234782616586782e-05 1.2674808758525719e-05 8.566900868698487e-06 6.165077659595319e-06 4.7180191530455194e-06
3309.95384443 9.151440808343645e-05 2.5108884298860704e-05 1.485109912727902e-05 1.030592439510057e-05 7.588599427908811e-06 5.919740762162144e-06
3310.50554938 9.48239303588906e-05 2.620271888686382e-05 1.5612280486272865e-05 1.0893036452731096e-05 8.055968598623632e-06 6.305494398205127e-06
3311.05734629 8.552693794061459e-05 2.136859897886833e-05 1.2342349035013394e-05 8.45036848804596e-06 6.156533624190188e-06 4.764496267772951e-06
3311.60923517 8.054650803772022e-05 1.8767015067459316e-05 1.0496708887827906e-05 7.0351391523830236e-06 5.0334226311358645e-06 3.840929722083867e-06
3312.16121604 9.080605718991772e-05 2.3444056882603836e-05 1.3477948691201274e-05 9.190651534579567e-06 6.662109619734212e-06 5.1358051951334385e-06
3312.71328891 9.131068878338999e-05 2.508873134376299e-05 1.4859650905829757e-05 1.0353057805135723e-05 7.641932968014932e-06 5.981180968037807e-06
3313.26545381 8.09717640754097e-05 2.0986272320516667e-05 1.2325136688198322e-05 8.558351064255813e-06 6.311799060302308e-06 4.940798970055417e-06
3313.81771074 8.179315579581056e-05 2.0411312783012234e-05 1.182869808872432e-05 8.151205563409336e-06 5.981941998232097e-06 4.6679794843067154e-06
3314.37005972 8.568066343801746e-05 2.1282090974799096e-05 1.2185640575252489e-05 8.329372999444561e-06 6.070233342048668e-06 4.713543850765687e-06
3314.92250076 7.995187178340968e-05 1.8823476231392435e-05 1.0474551609786702e-05 7.009912568890303e-06 5.011721610307995e-06 3.830335754545537e-06
3315.47503389 7.42773780530777e-05 1.7127260063471853e-05 9.525828145630979e-06 6.355565694419014e-06 4.524042680009931e-06 3.4380614158284893e-06
3316.02765911 7.296468614834679e-05 1.7116075892507763e-05 9.563732264612143e-06 6.374985093380387e-06 4.52794591945096e-06 3.427986750672128e-06
3316.58037645 7.392627514563936e-05 1.6781361407632202e-05 9.065058174615402e-06 5.866625013741556e-06 4.050684881689146e-06 2.9891883910739477e-06
3317.13318591 8.236214783120749e-05 1.8833249988190228e-05 1.0060501687119116e-05 6.450007751132674e-06 4.414189700968731e-06 3.2303518554450175e-06
3317.68608751 8.766246429664112e-05 2.0652579600262514e-05 1.1194403882773739e-05 7.281727730436923e-06 5.059094340908615e-06 3.757616107649997e-06
3318.23908128 9.060279001160756e-05 2.281719707184763e-05 1.2928909335748272e-05 8.734453947375993e-06 6.289313435942507e-06 4.827124442563969e-06
3318.79216721 9.139432575297631e-05 2.456807991814264e-05 1.4369419814459247e-05 9.924057062190895e-06 7.279845702645743e-06 5.670672926970705e-06
3319.34534534 9.357361806511803e-05 2.5518323487213015e-05 1.5007872131908586e-05 1.0390416665366142e-05 7.63216816103077e-06 5.945959765193557e-06
3319.89861567 9.423504833404757e-05 2.528238732455137e-05 1.4935968404658118e-05 1.040187042310252e-05 7.688584612857937e-06 6.0274038322945816e-06
3320.45197821 9.569564257367812e-05 2.5758393012572105e-05 1.5242486114152616e-05 1.0643007294473239e-05 7.883986015821221e-06 6.196947351592268e-06
3321.005433 9.43408936900353e-05 2.5097124667338197e-05 1.4615980463927232e-05 1.0056622108204584e-05 7.3419515687774854e-06 5.693903563718646e-06
3321.55898003 9.263428197358143e-05 2.430050017785849e-05 1.4108360666138715e-05 9.692544362274538e-06 7.07166190782436e-06 5.483483976210451e-06
3322.11261933 9.330679821391921e-05 2.5426814387478603e-05 1.5132960187220512e-05 1.0602225452157077e-05 7.876675424475927e-06 6.205059975373389e-06
3322.66635091 8.392886549543857e-05 2.2125328113065962e-05 1.3009157967942475e-05 9.021265082323934e-06 6.643354138726074e-06 5.191346977466456e-06
3323.22017478 7.339951011793916e-05 1.7726600255529783e-05 1.0099010281600767e-05 6.849355834146457e-06 4.949953463524342e-06 3.8071543307329824e-06
3323.77409097 6.465191662357873e-05 1.464138813336399e-05 8.132225097513304e-06 5.4212556338500335e-06 3.863122672132003e-06 2.9356974176978213e-06
3324.32809949 6.640821544289399e-05 1.5203740142370222e-05 8.43657657979307e-06 5.609474542397601e-06 3.984723096526932e-06 3.0168133976186863e-06
3324.88220034 7.002636432219098e-05 1.6742388353735726e-05 9.509495017582524e-06 6.435345444235772e-06 4.643225926702718e-06 3.5647497175773633e-06
3325.43639356 7.755732418128352e-05 1.966352723065704e-05 1.1459274082298981e-05 7.895202142396456e-06 5.785317228891738e-06 4.499622694394095e-06
3325.99067915 8.82882199913696e-05 2.301130411815454e-05 1.3393121411515285e-05 9.200440551761524e-06 6.716824380653198e-06 5.2051310005524266e-06
3326.54505712 9.810922101924706e-05 2.6968490256546453e-05 1.593894668620758e-05 1.1079478512203242e-05 8.166237853699296e-06 6.383915550880188e-06
3327.0995275 9.680384722455742e-05 2.70625703600578e-05 1.6105569722095807e-05 1.1260476698814075e-05 8.343406340151706e-06 6.553654480092917e-06
3327.6540903 8.16173065189132e-05 2.1031447485968394e-05 1.2138024209773109e-05 8.29579733247254e-06 6.030729787994056e-06 4.6589654217112786e-06
3328.20874554 8.369748561097288e-05 2.1300513198013433e-05 1.226087086691021e-05 8.366078136247902e-06 6.073065941093624e-06 4.684259580162404e-06
3328.76349322 9.062909063379473e-05 2.4640072028862243e-05 1.4632835926219761e-05 1.0239721698048897e-05 7.599810836636808e-06 5.980647736617377e-06
3329.31833338 9.096646132269758e-05 2.5615853307421485e-05 1.545286684827454e-05 1.0926608013888523e-05 8.185408308366339e-06 6.4904987015327695e-06
3329.87326601 8.426530142886254e-05 2.275906470965017e-05 1.3550916289936111e-05 9.489396320259476e-06 7.057115238793148e-06 5.560677888402359e-06
3330.42829114 7.628243578551211e-05 1.8840607758900314e-05 1.0762663623075095e-05 7.323220787928162e-06 5.3142622532094055e-06 4.104602887826211e-06
3330.98340878 8.409092952863123e-05 2.0959439151820964e-05 1.1837296295751826e-05 7.967314186154681e-06 5.711197539970545e-06 4.36062830341252e-06
3331.53861894 9.546584036785963e-05 2.5378007366318764e-05 1.46980779663793e-05 1.007982112748468e-05 7.345231473913137e-06 5.688538089116973e-06
3332.09392165 9.775483244914588e-05 2.6912011814132513e-05 1.5975336154086255e-05 1.1171184262051413e-05 8.284101288302121e-06 6.5151162962376625e-06
3332.64931692 9.012615674986271e-05 2.4299552918181278e-05 1.4404782505774376e-05 1.005391865876631e-05 7.4347531240391975e-06 5.8297851784975445e-06
3333.20480477 8.711222965283495e-05 2.2970021686147854e-05 1.337142157510218e-05 9.182638044456546e-06 6.68086946660768e-06 5.159973140172083e-06
3333.7603852 9.118855808367923e-05 2.3258861438199195e-05 1.3279839816992512e-05 8.99874576980235e-06 6.479086968019316e-06 4.96132267171033e-06
3334.31605823 9.167889594157749e-05 2.24127848670836e-05 1.2595021605794008e-05 8.457710252227795e-06 6.053188220816898e-06 4.616584360616555e-06
3334.87182389 9.291412425617304e-05 2.3262114874159564e-05 1.3318517612777044e-05 9.074724969047432e-06 6.5818465989132236e-06 5.076727387569941e-06
3335.42768218 9.107413508169869e-05 2.374075644753729e-05 1.391274945996743e-05 9.640669551944069e-06 7.098182320168141e-06 5.544684903428308e-06
3335.98363312 7.992953025270444e-05 2.0905525493624134e-05 1.2305922811389925e-05 8.55043748551622e-06 6.315012345311214e-06 4.946809382626406e-06
3336.53967673 7.08506116817629e-05 1.7025338990627294e-05 9.713857212784613e-06 6.61266500304364e-06 4.803191359549102e-06 3.7151182794582204e-06
3337.09581302 6.914799925991038e-05 1.574039012692352e-05 8.732657816519259e-06 5.826335787742361e-06 4.154761041594184e-06 3.1655434390477377e-06
3337.652042 7.094051248475907e-05 1.5935039129125476e-05 8.682523841297963e-06 5.703707985652534e-06 4.003576492951031e-06 3.007098920006698e-06
3338.2083637 8.000114177865245e-05 1.9325642156627737e-05 1.0845891235835336e-05 7.271018365495538e-06 5.192946457713742e-06 3.952717538768831e-06
3338.76477813 8.446694771541854e-05 2.1863324605722487e-05 1.2671905950369534e-05 8.692186736703209e-06 6.334597123466281e-06 4.902225582988668e-06
3339.3212853 9.015840468435233e-05 2.439491230362388e-05 1.4359664022008236e-05 9.948172839568926e-06 7.308425601797879e-06 5.692073445370149e-06
3339.87788523 9.005678356183711e-05 2.38694494961948e-05 1.3945540404531299e-05 9.60327677537812e-06 7.0166475297894735e-06 5.438454876569392e-06
3340.43457793 8.168250458465755e-05 2.0581324059846057e-05 1.1810838540216988e-05 8.033048894954103e-06 5.8095945655194285e-06 4.4640628920444386e-06
3340.99136343 7.302201742176133e-05 1.7909927854501047e-05 1.0214190265171595e-05 6.926970917203604e-06 5.006871001413088e-06 3.848435568829396e-06
3341.54824173 7.980343072576999e-05 2.0491278801708673e-05 1.1938914657314725e-05 8.234726328934503e-06 6.045957664785787e-06 4.7137934337524845e-06
3342.10521285 9.112657080033528e-05 2.461441533855052e-05 1.4595404954812274e-05 1.0186589700369961e-05 7.551060753390153e-06 5.9328306900113785e-06
3342.6622768 8.038506139864067e-05 2.012405340787014e-05 1.1600259198095691e-05 7.946080713875877e-06 5.80042903241885e-06 4.500012049987927e-06
3343.21943361 7.376165405330533e-05 1.7512767233240675e-05 9.881133347875826e-06 6.6641392843450694e-06 4.797663062189999e-06 3.6780350734709557e-06
3343.77668329 8.543477017700554e-05 2.2522500347347846e-05 1.31365737450979e-05 9.036732905360981e-06 6.602268468677519e-06 5.117968079448068e-06
3344.33402584 9.004961430865011e-05 2.4343719533352663e-05 1.4314285803269372e-05 9.899676052850362e-06 7.264195889988686e-06 5.651428545485231e-06
3344.8914613 8.875486233563589e-05 2.3631569468139543e-05 1.3792435481852169e-05 9.47723033113987e-06 6.9137779173672125e-06 5.348931267861612e-06
3345.44898967 8.992066391092392e-05 2.3506771863352027e-05 1.3668001928628478e-05 9.367557192370976e-06 6.816344977139509e-06 5.260357458909409e-06
3346.00661097 9.278048812406343e-05 2.4689571869914227e-05 1.451333583503632e-05 1.005575416700551e-05 7.390349213724842e-06 5.759904463445673e-06
3346.56432521 9.96664927477582e-05 2.7677468871287698e-05 1.6456064321506918e-05 1.1504045405335076e-05 8.527201408061768e-06 6.698567240543683e-06
3347.12213242 9.806856352091233e-05 2.7611584844288745e-05 1.642149258946396e-05 1.1442736750483243e-05 8.452321438080229e-06 6.609254586894002e-06
3347.68003259 8.879679090237997e-05 2.4386919635020272e-05 1.4418272836696666e-05 1.0002361752385798e-05 7.35609936613295e-06 5.729710644729003e-06
3348.23802577 8.478644192773461e-05 2.2231386067714874e-05 1.3040862369059345e-05 9.040373538341873e-06 6.6564505171208425e-06 5.202660709698178e-06
3348.79611194 8.178213475754673e-05 2.089124402277771e-05 1.2135862495608264e-05 8.357654217487944e-06 6.125895018845229e-06 4.771323530480459e-06
3349.35429114 7.998743419939018e-05 2.0997043116157365e-05 1.2330600347782284e-05 8.544525419841109e-06 6.294225314856978e-06 4.917386139019207e-06
3349.91256338 6.082577802550066e-05 1.4122225169616937e-05 8.090799089099761e-06 5.531028337272803e-06 4.0326495156908565e-06 3.1241187018734894e-06
3350.47092867 6.001795562784853e-05 1.2773934288993541e-05 7.126362423080593e-06 4.792917834214487e-06 3.449927580801588e-06 2.644860342441943e-06
3351.02938703 7.42485888230925e-05 1.726518781369259e-05 9.827203308454195e-06 6.672149820410928e-06 4.829745148932014e-06 3.715849983310772e-06
3351.58793847 7.969242000808145e-05 1.960963654233426e-05 1.1203166013780023e-05 7.5798482723317096e-06 5.446591900647565e-06 4.158223228895005e-06
3352.14658301 8.252983012925509e-05 2.066469102594038e-05 1.1721194506046337e-05 7.86408213507475e-06 5.5976450938037305e-06 4.236107652676141e-06
3352.70532067 8.632803770092862e-05 2.2485696467101584e-05 1.3110949265319544e-05 9.03255502333242e-06 6.604323217383337e-06 5.128763929268137e-06
3353.26415146 9.730983963507678e-05 2.8215816768113633e-05 1.7255264476257802e-05 1.2339323054757619e-05 9.33109152613575e-06 7.463069632705974e-06
3353.82307539 9.597294583108021e-05 2.7878634199884404e-05 1.7096407455208642e-05 1.2245251476167449e-05 9.277185889101654e-06 7.428303899017806e-06
3354.38209249 8.57087552947219e-05 2.3193656165699283e-05 1.3820708021805418e-05 9.688966972950028e-06 7.207574509065081e-06 5.680757627342818e-06
3354.94120276 8.154963612861585e-05 2.0463074987660474e-05 1.1755663445998597e-05 8.003246543820786e-06 5.79608711657013e-06 4.458814570887752e-06
3355.50040623 8.62977358536475e-05 2.18816083378185e-05 1.2606462812683706e-05 8.577312506760376e-06 6.201073538636655e-06 4.754898455818999e-06
3356.0597029 9.582354272210686e-05 2.665509936223401e-05 1.5898804031204726e-05 1.1107178540135649e-05 8.218477267494299e-06 6.4370416993132685e-06
3356.6190928 0.00010083208593870746 2.9323469257336856e-05 1.781714882387909e-05 1.2646482922240309e-05 9.49237137109645e-06 7.536150612480569e-06
3357.17857594 9.401403680959518e-05 2.5814155224100812e-05 1.5394886564906048e-05 1.0791886220404052e-05 8.020458782054037e-06 6.314441457893006e-06
3357.73815233 9.358355496273464e-05 2.543113306428196e-05 1.505223211821912e-05 1.0483517149998299e-05 7.73993700222498e-06 6.056474168914794e-06
3358.29782199 9.291857285536607e-05 2.548390560573528e-05 1.5015716824863515e-05 1.0403359450182852e-05 7.637969427559058e-06 5.943238195990236e-06
3358.85758494 8.50780674556391e-05 2.1567089322806003e-05 1.2158258126060117e-05 8.150786774040381e-06 5.816824466697456e-06 4.4149354958527855e-06
3359.41744119 7.449075177148647e-05 1.6316729338808278e-05 8.593073789322089e-06 5.507450263333222e-06 3.7883437058398012e-06 2.790684466154996e-06
3359.97739076 7.155060484242433e-05 1.33856398693316e-05 6.527869468843627e-06 3.978006635436647e-06 2.6245932064451276e-06 1.8719553351194777e-06
3360.53743366 6.749798971824536e-05 1.1427574877671855e-05 5.405044243867404e-06 3.240906914665413e-06 2.1127956957477553e-06 1.4942611915628995e-06
3361.09756991 6.317913615654493e-05 1.031616842354834e-05 4.861723199371317e-06 2.9281694643790264e-06 1.922858226936656e-06 1.3697256036355633e-06
3361.65779952 6.194274708612346e-05 9.813320687900049e-06 4.56361676850832e-06 2.7313492014171253e-06 1.7883123126951551e-06 1.2723678988298806e-06
3362.21812251 5.358390342063882e-05 8.251574246691876e-06 3.941108864655835e-06 2.4018834401865864e-06 1.5944465550744283e-06 1.1460903362059965e-06
3362.7785389 5.6946918521903495e-05 1.0325610965259576e-05 5.3343954334589334e-06 3.4003035634454815e-06 2.334425745387622e-06 1.7199347330521223e-06
3363.3390487 7.19826184336956e-05 1.555565767844658e-05 8.460718656763168e-06 5.566648647728327e-06 3.923994960030185e-06 2.9561406100372475e-06
3363.89965192 8.062214809277123e-05 1.8664549203225557e-05 1.0357641617949413e-05 6.923424722152874e-06 4.951937013807224e-06 3.78331502849271e-06
3364.46034859 8.20174600298788e-05 1.927274143356276e-05 1.0808376637952687e-05 7.306934105755181e-06 5.287221431373542e-06 4.086202185586675e-06
3365.02113871 8.488204803282177e-05 2.0712964613210642e-05 1.18080123429599e-05 8.074550058998408e-06 5.900425808029891e-06 4.5957982413478095e-06
3365.58202231 9.216718074384246e-05 2.3942784210057398e-05 1.38142481639384e-05 9.465907338561508e-06 6.904168618440026e-06 5.35377685755078e-06
3366.14299939 9.286208806588636e-05 2.4548280900316197e-05 1.4089980539829926e-05 9.541346625687272e-06 6.858491117336118e-06 5.232916787570197e-06
3366.70406998 8.503432603009403e-05 2.1715222807610382e-05 1.228253295748385e-05 8.195109180585168e-06 5.7993770611829e-06 4.3557518338343e-06
3367.26523409 7.838159980215335e-05 1.889422157523258e-05 1.0516521179826356e-05 6.950425432951982e-06 4.880967018585709e-06 3.646947649109612e-06
3367.82649173 7.509513837044618e-05 1.725606672183642e-05 9.543791698477214e-06 6.310868934485304e-06 4.447234093123069e-06 3.341604024296203e-06
3368.38784292 7.696718346426987e-05 1.8219781228728416e-05 1.0145166615676607e-05 6.744578000582849e-06 4.777933509314364e-06 3.606717036839688e-06
3368.94928768 7.74436430985979e-05 1.893061595406107e-05 1.0582697217215743e-05 7.050385512696748e-06 5.0025113819261234e-06 3.7804121185800354e-06
3369.51082602 7.193984985520321e-05 1.701148535991675e-05 9.362251213669796e-06 6.1669375566069834e-06 4.33168202755724e-06 3.2457974795206824e-06
3370.07245796 6.231787913071017e-05 1.3467122932036612e-05 7.12209802700517e-06 4.553981613459967e-06 3.113455374029518e-06 2.280763121245223e-06
3370.63418351 6.794920322088173e-05 1.4309543870860369e-05 7.300294453870677e-06 4.528641373216599e-06 3.0063367201669186e-06 2.146612267305533e-06
3371.1960027 7.676647595584978e-05 1.6004101588349703e-05 8.035605515916784e-06 4.9280847581602e-06 3.2401217100546267e-06 2.294770709369541e-06
3371.75791552 7.497419362302888e-05 1.482067551644287e-05 7.334126067324814e-06 4.480685231772298e-06 2.9492146842622617e-06 2.0965212103673097e-06
3372.31992201 7.311176156811875e-05 1.4670861306793386e-05 7.384810934924611e-06 4.580262368609986e-06 3.0578087989176845e-06 2.200405729931917e-06
3372.88202217 6.29916669472024e-05 1.2986810492603132e-05 6.761478078468603e-06 4.2935685712922944e-06 2.9214413054723427e-06 2.1339002774908912e-06
3373.44421602 5.513036340303805e-05 1.0866046175654648e-05 5.723622468068135e-06 3.6842973239290814e-06 2.545979490234806e-06 1.8877940467463624e-06
3374.00650358 6.427036868696e-05 1.3324881116308413e-05 7.122304469343491e-06 4.632977833750779e-06 3.2351874369316665e-06 2.4194102393642746e-06
3374.56888486 7.131254770600609e-05 1.586877949734954e-05 8.62452837022635e-06 5.648204969339595e-06 3.9560751816854315e-06 2.9594384481084877e-06
3375.13135988 6.510926258589959e-05 1.4384694406012661e-05 7.837809582727357e-06 5.134731771726352e-06 3.5917406392524065e-06 2.682850577488202e-06
3375.69392865 7.168817105940481e-05 1.6669737364328378e-05 9.22689278833524e-06 6.109726216573998e-06 4.310702755894139e-06 3.2435509092195245e-06
3376.25659119 8.846636079122325e-05 2.264482899693874e-05 1.2944905568195753e-05 8.773048030695744e-06 6.316731343362956e-06 4.836069588918323e-06
3376.81934752 9.703443217704001e-05 2.6154505249562647e-05 1.533032163038714e-05 1.059563926212196e-05 7.767303954780454e-06 6.0412706979366e-06
3377.38219765 9.54748228721269e-05 2.5478661479169656e-05 1.4927297047934748e-05 1.031829840816175e-05 7.567048636298384e-06 5.886629158334905e-06
3377.94514159 9.23979248231792e-05 2.3708116093595302e-05 1.3684105858786026e-05 9.347735129513792e-06 6.779963285326284e-06 5.219670397945728e-06
3378.50817937 9.319100859925498e-05 2.4247915990898694e-05 1.4132472108778159e-05 9.722558138659733e-06 7.089593381158951e-06 5.48174930115703e-06
3379.07131099 9.348090952270771e-05 2.5649845551418848e-05 1.5212904567564866e-05 1.060225042304289e-05 7.817403881401826e-06 6.106857556941922e-06
3379.63453647 8.417781127022278e-05 2.2001676145089162e-05 1.277887906263097e-05 8.771675343508605e-06 6.385540423936975e-06 4.934419344252591e-06
3380.19785584 7.610030896037477e-05 1.8864664370454082e-05 1.0743566359844e-05 7.251738172038036e-06 5.1993446779373975e-06 3.9579196362593025e-06
3380.7612691 6.449930789203424e-05 1.531060343024962e-05 8.652202486098135e-06 5.8170849648356665e-06 4.162831934354617e-06 3.165800840403286e-06
3381.32477627 5.358015594613907e-05 1.0696175849676718e-05 5.619786721943953e-06 3.611645956949987e-06 2.4971727507995233e-06 1.8553805293428036e-06
3381.88837736 6.294322191983739e-05 1.3201802259782157e-05 6.986775377599182e-06 4.5005995294892895e-06 3.113686832622382e-06 2.313096013482384e-06
3382.4520724 8.200648665137911e-05 2.020268484677915e-05 1.1387819870899456e-05 7.645883567678733e-06 5.4707766807418606e-06 4.16929944414077e-06
3383.01586139 8.500697687343775e-05 2.0987367747914837e-05 1.185197015464662e-05 7.976091460646627e-06 5.7210454817155074e-06 4.371624605055901e-06
3383.57974436 8.01019390122718e-05 1.9470815730087283e-05 1.0941396547919692e-05 7.336551202590159e-06 5.2472467945529105e-06 4.000095333902272e-06
3384.14372131 7.855154947996225e-05 1.9199099352604615e-05 1.0803595296871325e-05 7.2391137719655896e-06 5.171107558704575e-06 3.932602160778852e-06
3384.70779227 7.09122221036982e-05 1.6203702340436762e-05 8.914368422889898e-06 5.891191363330402e-06 4.161449838413858e-06 3.1368482172452856e-06
3385.27195725 7.973763069477365e-05 1.8919014128399856e-05 1.0443987233769323e-05 6.905840667863268e-06 4.87436782892354e-06 3.670165649744339e-06
3385.83621626 8.657081109050996e-05 2.079087772055791e-05 1.1504135836824782e-05 7.610646367673167e-06 5.3728498080277055e-06 4.043390447507583e-06
3386.40056932 8.572035142953937e-05 1.984250428507572e-05 1.0803231228656244e-05 7.066476195152741e-06 4.9385102717627675e-06 3.685067729364298e-06
3386.96501646 8.924707040560999e-05 2.126857395747738e-05 1.16120848495309e-05 7.597287907654274e-06 5.300024657722456e-06 3.947084877489228e-06
3387.52955767 9.083057054627689e-05 2.251072965214714e-05 1.2519334446592843e-05 8.301652286652359e-06 5.860825766368304e-06 4.41018334890804e-06
3388.09419298 8.336395832084763e-05 2.0465821540264977e-05 1.1538570933586195e-05 7.74698458866771e-06 5.538110508081759e-06 4.213891158584228e-06
3388.6589224 6.812254554395731e-05 1.5239200235464685e-05 8.413980964460995e-06 5.58890822532195e-06 3.969764717749655e-06 3.0085898791117343e-06
3389.22374596 6.739280122876981e-05 1.4607776718566235e-05 7.863567691463959e-06 5.123121949393637e-06 3.5768405149066e-06 2.6722913916860857e-06
3389.78866366 7.924284470229677e-05 1.8682903120449025e-05 1.0277121546807999e-05 6.779119621889872e-06 4.775323035378482e-06 3.590857963966258e-06
3390.35367552 9.16915020187132e-05 2.373843665481566e-05 1.3575464116551048e-05 9.19803084087535e-06 6.62658406246956e-06 5.0754584373836295e-06
3390.91878156 9.64897160579142e-05 2.5879949305425434e-05 1.4958493412403178e-05 1.0183979247514454e-05 7.355008746741774e-06 5.63747403620079e-06
3391.48398178 8.91903528901153e-05 2.287372718879263e-05 1.2908155323334727e-05 8.614147149673415e-06 6.104759132195895e-06 4.5989810551701815e-06
3392.04927622 7.548000688877932e-05 1.792094113054803e-05 9.868122158513424e-06 6.48039250769339e-06 4.530439473244348e-06 3.3760640412858733e-06
3392.61466488 7.280182586598534e-05 1.7211105154596675e-05 9.529976314437432e-06 6.309829995310858e-06 4.449885957401221e-06 3.3475641707720563e-06
3393.18014778 7.152220078891239e-05 1.6345721941801462e-05 8.869893906061847e-06 5.791111395891122e-06 4.035557936803612e-06 3.0083308957706878e-06
3393.74572494 6.772998606618173e-05 1.4407309338806875e-05 7.559293026816496e-06 4.823767201572077e-06 3.2993556818754884e-06 2.426688598207837e-06
3394.31139636 6.943944614118058e-05 1.5135587219837787e-05 8.213960275127938e-06 5.39336876470297e-06 3.789516880862882e-06 2.8529026334797e-06
3394.87716207 6.880674217380691e-05 1.575831177127145e-05 8.85094035425126e-06 5.957384599162881e-06 4.2759223635495905e-06 3.2719998179723725e-06
3395.44302209 6.795798545975242e-05 1.5926282234517427e-05 8.96749047999494e-06 6.038504154691447e-06 4.3367002724072344e-06 3.318160955796712e-06
3396.00897642 7.67409265532282e-05 1.870564521000983e-05 1.0564983302320641e-05 7.112062258773563e-06 5.100217290106534e-06 3.895234049500878e-06
3396.57502509 8.214922149944589e-05 1.9974485345809592e-05 1.1176942856512909e-05 7.458252302780647e-06 5.300343886681404e-06 4.014119963224784e-06
3397.1411681 8.682305287735736e-05 2.1480211400686095e-05 1.2147551773602238e-05 8.172062631685788e-06 5.854191340665051e-06 4.463032745968186e-06
3397.70740548 9.293522862278035e-05 2.4520308899230873e-05 1.4328526702940853e-05 9.871832006264974e-06 7.221057427019655e-06 5.6020253525303e-06
3398.27373724 9.442264042485902e-05 2.5336315826733207e-05 1.498831435929392e-05 1.043574694278981e-05 7.705364420346359e-06 6.030041740852098e-06
3398.8401634 9.403489733256031e-05 2.5301923941583798e-05 1.4984174917566e-05 1.044452092161524e-05 7.719370753755345e-06 6.046341585737976e-06
3399.40668397 9.326633286567239e-05 2.5171675076522305e-05 1.4839557263829104e-05 1.0314902923042288e-05 7.605408730608755e-06 5.94832893062037e-06
3399.97329896 8.799069664477126e-05 2.271358266337627e-05 1.3126733812568965e-05 9.007707084080196e-06 6.573225467971834e-06 5.102149759176954e-06
3400.54000841 8.988508419525734e-05 2.3929314005848227e-05 1.4081133198827266e-05 9.784611725388194e-06 7.213950957712646e-06 5.644899273354778e-06
3401.10681231 0.00010471739902407449 3.103823358788082e-05 1.9070743121194837e-05 1.3648776917499478e-05 1.030625256495062e-05 8.22161336737888e-06
3401.67371068 0.00011116930404874264 3.4028537772416625e-05 2.109756420886728e-05 1.5191131020018083e-05 1.1522418196676659e-05 9.227052462620074e-06
3402.24070355 9.848312381630192e-05 2.804301748293552e-05 1.686206573746852e-05 1.1864273616219351e-05 8.825167569632592e-06 6.9493049035904635e-06
3402.80779092 8.184035832589295e-05 2.0883051968569466e-05 1.2009634108372105e-05 8.1710693252761e-06 5.907665780268516e-06 4.537828597477522e-06
3403.37497282 7.625773279853356e-05 1.8783901425450244e-05 1.060687984984875e-05 7.120342407517949e-06 5.089207431170981e-06 3.871047319454481e-06
3403.94224925 7.776589537867052e-05 1.9569975024951726e-05 1.1121573147283713e-05 7.500225184800178e-06 5.381584683099594e-06 4.1068088534632805e-06
3404.50962024 7.867576688858401e-05 1.9903954819539347e-05 1.1424142562959426e-05 7.771411869802983e-06 5.6220561559740974e-06 4.322547879116435e-06
3405.0770858 7.904921734566812e-05 1.9740008630904775e-05 1.1315413646875976e-05 7.690474051904804e-06 5.55736838876799e-06 4.269876671299819e-06
3405.64464594 7.203659482039742e-05 1.6748353201436546e-05 9.344836361799318e-06 6.227587781594187e-06 4.4217460011152116e-06 3.3477486003367424e-06
3406.21230068 7.467803869112819e-05 1.7229631853465654e-05 9.548964102025418e-06 6.335362889805902e-06 4.481236271016216e-06 3.381836999800318e-06
3406.78005004 8.320948321799773e-05 2.009589650329077e-05 1.1301546657035515e-05 7.581970251425823e-06 5.416652361352193e-06 4.122675684937393e-06
3407.34789404 7.91694719856146e-05 1.8839575201802798e-05 1.0546595439954874e-05 7.048980202831007e-06 5.01672376590095e-06 3.8044282090767256e-06
3407.91583268 7.145949103314095e-05 1.7260891251431598e-05 9.744855510737863e-06 6.532367093308943e-06 4.650790425328674e-06 3.521016938847595e-06
3408.48386599 7.424898876683272e-05 1.8744809958309046e-05 1.0768351081832987e-05 7.303430927836103e-06 5.251434731820625e-06 4.006557372688463e-06
3409.05199397 8.616078020142167e-05 2.284555638554743e-05 1.3340738755046018e-05 9.173513274518337e-06 6.684099862819288e-06 5.163507599125215e-06
3409.62021666 8.142302738588467e-05 2.1183419300010633e-05 1.2320615229359215e-05 8.469410011517835e-06 6.178807853450136e-06 4.78558515456363e-06
3410.18853405 7.25433381942526e-05 1.6940188895017003e-05 9.413340396348456e-06 6.263737828598352e-06 4.44738600170482e-06 3.3683759654231584e-06
3410.75694617 7.282455687838173e-05 1.6715895925052122e-05 9.165575564097318e-06 6.0339135365215156e-06 4.242359779380861e-06 3.1855509897130963e-06
3411.32545304 8.166106948130609e-05 2.0371543784026053e-05 1.1600219557751409e-05 7.84526968770393e-06 5.6435987100199225e-06 4.318359760155562e-06
3411.89405466 8.814835912033133e-05 2.2709422978855126e-05 1.3171310979215708e-05 9.03531085425175e-06 6.5792231036693035e-06 5.087712013174738e-06
3412.46275106 9.107411901656562e-05 2.4071549313442183e-05 1.4125833781445927e-05 9.780874307056872e-06 7.177778728335709e-06 5.590318710377359e-06
3413.03154225 8.540920778951953e-05 2.174788503966231e-05 1.2558424005127015e-05 8.57951471976392e-06 6.220071659274706e-06 4.791612801644963e-06
3413.60042825 7.356575195285804e-05 1.659218265922216e-05 9.048026626745143e-06 5.912043856564339e-06 4.1175139924832966e-06 3.0630560633544514e-06
3414.16940907 6.809620539408567e-05 1.415313208502885e-05 7.3761322920156975e-06 4.653100851148549e-06 3.1373138462713077e-06 2.269325057960817e-06
3414.73848472 7.024029812855502e-05 1.4674279388762555e-05 7.53780074811743e-06 4.681721358019011e-06 3.1056611060326416e-06 2.2123007315606136e-06
3415.30765523 7.086956713906098e-05 1.4645566896389951e-05 7.342156529865001e-06 4.463196544549181e-06 2.900418774167929e-06 2.0318457002788648e-06
3415.87692061 7.078245252878762e-05 1.4591803361987766e-05 7.309361454347711e-06 4.447733821630181e-06 2.8966741673820662e-06 2.0351780915604426e-06
3416.44628088 7.79667916125643e-05 1.82832430412673e-05 9.88070101394805e-06 6.368932164977248e-06 4.370510853103205e-06 3.2043767273647533e-06
3417.01573605 8.104025665312159e-05 2.0244018261613075e-05 1.1488534240353571e-05 7.708659675025212e-06 5.490131208655055e-06 4.154421752936451e-06
3417.58528613 7.966875036005966e-05 1.8895389798300098e-05 1.0594667546724812e-05 7.088265520017349e-06 5.0495485455535165e-06 3.83020487523248e-06
3418.15493115 7.604142465446188e-05 1.6795435413150218e-05 9.120222494348623e-06 5.969572897551507e-06 4.176150765154982e-06 3.1234650113508843e-06
3418.72467111 7.797829867279393e-05 1.8250825038822762e-05 1.0101735218573824e-05 6.679243572797399e-06 4.703707727209503e-06 3.5327756283157616e-06
3419.29450604 8.324793250043146e-05 2.1216800433502755e-05 1.2200273468239675e-05 8.29177381671965e-06 5.977420640035575e-06 4.578413972458327e-06
3419.86443595 8.856511052001262e-05 2.3502110775216914e-05 1.388054851121857e-05 9.658168070620909e-06 7.120356778521021e-06 5.567894562114587e-06
3420.43446086 9.385403995987898e-05 2.5460606171750514e-05 1.5136500293245764e-05 1.05990326519792e-05 7.866643218781068e-06 6.191499353958426e-06
3421.00458078 9.526783903779419e-05 2.5384681829641652e-05 1.4724337550864247e-05 1.0108133845386289e-05 7.372767834878785e-06 5.716406700915686e-06
3421.57479573 8.962536214426711e-05 2.3084923691047232e-05 1.3113803196916234e-05 8.847959703648931e-06 6.352562634305245e-06 4.855886475868613e-06
3422.14510572 8.185246077231566e-05 2.0880470141410106e-05 1.1984153673869016e-05 8.161513800421316e-06 5.9133468883261446e-06 4.557986937543133e-06
3422.71551077 8.575584138334235e-05 2.2823701704588022e-05 1.3435222337072614e-05 9.32791809368154e-06 6.871857512964121e-06 5.372550686638538e-06
3423.28601089 8.009925363609397e-05 2.068068105609405e-05 1.2086491029692312e-05 8.355698836184329e-06 6.133970185136472e-06 4.7830042749479584e-06
3423.85660611 7.400214152622042e-05 1.802647689812117e-05 1.019777785172515e-05 6.866332493114045e-06 4.9212611748151716e-06 3.757280110803286e-06
3424.42729643 7.45331314091837e-05 1.761368522440075e-05 9.683651492136147e-06 6.360999799892777e-06 4.45310779799428e-06 3.3301388217687093e-06
3424.99808188 7.093172084484742e-05 1.6065940884276692e-05 8.674450417434841e-06 5.622283492792603e-06 3.888876811142469e-06 2.8782953435877864e-06
3425.56896246 7.61042026560647e-05 1.8057118278865302e-05 1.0026994407310503e-05 6.649653515688545e-06 4.700020740583185e-06 3.5429090115756984e-06
3426.13993821 8.354278977546838e-05 2.1832194208409635e-05 1.2738999763047583e-05 8.774522431834655e-06 6.41639490743552e-06 4.9797969279285215e-06
3426.71100912 8.789659129323948e-05 2.4313145387567246e-05 1.4544826969072536e-05 1.0199931220500855e-05 7.573326122950812e-06 5.9537945571936674e-06
3427.28217521 7.814763918488403e-05 1.997208073073197e-05 1.1626073774528538e-05 7.993924740569668e-06 5.833979777622033e-06 4.520094306731539e-06
3427.85343651 7.315920398406768e-05 1.7503892616244196e-05 9.909487557219032e-06 6.6717631326142665e-06 4.772560621169209e-06 3.6334793002055036e-06
3428.42479303 8.488490025006469e-05 2.1982349174196163e-05 1.2701537601593667e-05 8.661265075714981e-06 6.258570063179802e-06 4.802455670305992e-06
3428.99624478 8.901476181077502e-05 2.3556585414989098e-05 1.3704723159968202e-05 9.391739578428998e-06 6.817231308270286e-06 5.2504695613488674e-06
3429.56779178 9.175169976322155e-05 2.503399414044314e-05 1.4838699180708307e-05 1.0325094745950564e-05 7.598462997652155e-06 5.9232735302401195e-06
3430.13943405 0.00010422476294513483 3.0753610872975897e-05 1.8734149112723105e-05 1.3285138346882785e-05 9.936765175582317e-06 7.852182127196752e-06
3430.7111716 0.00010771931200374054 3.229113390915333e-05 1.97441532914349e-05 1.4042509368597735e-05 1.053586462234464e-05 8.350972682662469e-06
3431.28300445 0.00010193639002057475 2.949918461147469e-05 1.7770688946689873e-05 1.2519438886114807e-05 9.321180076604364e-06 7.3459840172472375e-06
3431.85493261 9.63764058784986e-05 2.66003738623088e-05 1.5744326001028876e-05 1.095495851654317e-05 8.070488810598818e-06 6.304834916922111e-06
3432.4269561 8.827379264711587e-05 2.2591080818982604e-05 1.2978889623359603e-05 8.830840352598824e-06 6.3798169370410254e-06 4.8994056200621024e-06
3432.99907493 8.378830170047399e-05 2.0613207894577696e-05 1.1638495409861781e-05 7.802025522451639e-06 5.559301139634762e-06 4.212240346539486e-06
3433.57128913 8.150058866139414e-05 2.0207724354948254e-05 1.1447447581577794e-05 7.678713847040976e-06 5.471166740899405e-06 4.140731726949782e-06
3434.1435987 7.075839145187943e-05 1.641292466042711e-05 8.997905394970616e-06 5.897734017514541e-06 4.1211396261351405e-06 3.0704322457478727e-06
3434.71600367 7.187944450529507e-05 1.6571753727603535e-05 9.042449074201547e-06 5.916037022597441e-06 4.131420384012998e-06 3.078909962226459e-06
3435.28850404 9.036870398709659e-05 2.3935862242009448e-05 1.3883420905584462e-05 9.479242405619093e-06 6.861369313830382e-06 5.264834727417953e-06
3435.86109984 0.00010278282600589127 2.918544632248601e-05 1.736092210255146e-05 1.2069175989330841e-05 8.869472417182453e-06 6.895779783863467e-06
3436.43379108 9.828286504892224e-05 2.6936450115964582e-05 1.58554004449615e-05 1.0962065467892911e-05 8.026329348482598e-06 6.226915681278305e-06
3437.00657777 9.216296424930364e-05 2.462502055216197e-05 1.443710913834258e-05 9.969311452709967e-06 7.293143235465776e-06 5.656500961726234e-06
3437.57945994 9.274243710096218e-05 2.540321419123681e-05 1.5035951391455683e-05 1.044347746905867e-05 7.663978476737014e-06 5.955538206329585e-06
3438.1524376 8.6814275040079e-05 2.2804892784710154e-05 1.3225923375553766e-05 9.031609413828808e-06 6.521146683374518e-06 4.9929122040994915e-06
3438.72551076 8.408495541481493e-05 2.1731722455531802e-05 1.2534850944100374e-05 8.522501183478168e-06 6.1286161505106054e-06 4.675515212317158e-06
3439.29867944 8.083242488463876e-05 2.0755440832461206e-05 1.1970953309164602e-05 8.135745306826591e-06 5.846582696871299e-06 4.4557727257052886e-06
3439.87194366 8.105775127308986e-05 2.036148880805223e-05 1.1474891483060789e-05 7.632988294043436e-06 5.3722577727140165e-06 4.013099785459038e-06
3440.44530343 8.307255988653308e-05 2.0011525016081935e-05 1.0818722479129869e-05 6.940170589051157e-06 4.7150300811230645e-06 3.4111958419048613e-06
3441.01875877 7.729392863706984e-05 1.657144689690183e-05 8.390316569276692e-06 5.1383719430357086e-06 3.352546893575821e-06 2.3509580728940886e-06
3441.59230969 6.49468561697552e-05 1.1285336758814234e-05 5.24319353842371e-06 3.0581073287004335e-06 1.9288400542359443e-06 1.3250804781495186e-06
3442.16595621 6.504367436741153e-05 1.165432065024661e-05 5.546753630932579e-06 3.2957169942736197e-06 2.114896993625521e-06 1.4746862809588047e-06
3442.73969834 6.61012525988357e-05 1.349352312755556e-05 6.912644950273961e-06 4.310175859956828e-06 2.875531324842922e-06 2.064014543532384e-06
3443.31353611 6.464432653796807e-05 1.3535986282549212e-05 7.195881905449207e-06 4.6160701862266844e-06 3.158767628256923e-06 2.312292394971986e-06
3443.88746953 6.964302179722495e-05 1.481941240490213e-05 7.889204823897176e-06 5.057469798953696e-06 3.4550996205269062e-06 2.522561966741351e-06
3444.46149861 6.596311365795198e-05 1.3760830808308857e-05 7.150276004141775e-06 4.499055184441824e-06 3.0236036683462255e-06 2.180554156084922e-06
3445.03562337 6.564215429785717e-05 1.4322668074404306e-05 7.531922990043634e-06 4.7775094844754e-06 3.2342915388950408e-06 2.348221968646075e-06
3445.60984382 7.793505940182976e-05 1.921370241059521e-05 1.068825368561633e-05 7.048959826384769e-06 4.930506097300364e-06 3.6685384812683344e-06
3446.18415999 8.302665470006577e-05 2.084965665273828e-05 1.1676131163559588e-05 7.724850841098046e-06 5.412416050763504e-06 4.028817869011014e-06
3446.75857188 7.782327487965726e-05 1.836404126793543e-05 9.965323555873243e-06 6.439788173184609e-06 4.420584819015121e-06 3.2363170532237884e-06
3447.33307952 7.630343651691832e-05 1.7713691511615434e-05 9.489066942534744e-06 6.065746559524734e-06 4.122200541641215e-06 2.9912919812551323e-06
3447.90768291 8.525578294706533e-05 2.1165584564136197e-05 1.1762036038782768e-05 7.749373392005745e-06 5.420632309890736e-06 4.035077503346948e-06
3448.48238208 9.772303535950861e-05 2.7081159288101786e-05 1.5957113274007236e-05 1.1025018747919125e-05 8.056400738555994e-06 6.236457053508722e-06
3449.05717704 0.00010784059378371023 3.222052485276945e-05 1.9633514349621295e-05 1.3911048165426098e-05 1.0389986333802742e-05 8.196331963245847e-06
3449.63206781 9.972685111023149e-05 2.887581284559846e-05 1.7508923577425332e-05 1.2370634524075384e-05 9.22563158796407e-06 7.269875226651504e-06
3450.20705441 8.684383642181066e-05 2.3084713332129572e-05 1.360958645030932e-05 9.4177134424572e-06 6.898821220754792e-06 5.351299821496785e-06
3450.78213684 9.247350069263359e-05 2.541540518057598e-05 1.503807036338843e-05 1.0411775796349503e-05 7.618256596783917e-06 5.8987978050780165e-06
3451.35731512 0.00010020448537856726 2.9054608849287762e-05 1.7497189868817848e-05 1.2284461253515366e-05 9.099663635726927e-06 7.127130809110406e-06
3451.93258928 0.00010205600072174901 3.013914843492591e-05 1.8328085074442152e-05 1.297652375335894e-05 9.69055998404372e-06 7.647666504864937e-06
3452.50795932 8.985324596120669e-05 2.5112668671483194e-05 1.5071214336795244e-05 1.0579343929863676e-05 7.845770544849788e-06 6.1576957396088314e-06
3453.08342527 7.363203571879353e-05 1.802701501902843e-05 1.025263785684782e-05 6.922410314739229e-06 4.963649297268222e-06 3.7896200494661547e-06
3453.65898714 6.55088321417279e-05 1.4189233389019415e-05 7.520928999147365e-06 4.808819829871196e-06 3.2849671670775873e-06 2.409541842720908e-06
3454.23464494 6.841137369882161e-05 1.5183527185314544e-05 8.168943027878895e-06 5.289869956515837e-06 3.6583137476898835e-06 2.7113400631800952e-06
3454.81039869 8.552716499980411e-05 2.288726968179358e-05 1.3418936997939912e-05 9.250534698371642e-06 6.753563829454429e-06 5.227698667739292e-06
3455.38624841 0.0001002878241418027 2.9433830826264118e-05 1.79134861664778e-05 1.267323439371841e-05 9.458208219389815e-06 7.451380346272108e-06
3455.96219411 9.981996311925492e-05 2.8563754358277085e-05 1.7260815943243344e-05 1.21563664072773e-05 9.042314200208466e-06 7.105505444304114e-06
3456.53823581 9.720618311798844e-05 2.7254763504257485e-05 1.6372910823656272e-05 1.1489328082103876e-05 8.526987446552462e-06 6.691106673011126e-06
3457.11437353 9.483474180021592e-05 2.728126605576833e-05 1.6558504971573525e-05 1.1713981519001684e-05 8.760097335582053e-06 6.921863139508212e-06
3457.69060728 8.924666384115375e-05 2.507959534885071e-05 1.505099299303163e-05 1.0549074708773087e-05 7.822852871453058e-06 6.1347464428592925e-06
3458.26693707 8.877694866864061e-05 2.424799782842031e-05 1.4364425929363497e-05 9.956646645408424e-06 7.302309952200822e-06 5.667577991079103e-06
3458.84336293 8.309585109135339e-05 2.1293518728828227e-05 1.222025933343463e-05 8.27500233434832e-06 5.9465081378671635e-06 4.537526723718644e-06
3459.41988487 7.668290071089307e-05 1.8167261506192952e-05 9.9109159599632e-06 6.446872125907267e-06 4.4652811077319114e-06 3.3006201091595943e-06
3459.9965029 8.337194116802637e-05 2.079953350204662e-05 1.161112064355873e-05 7.675528191001414e-06 5.388238571945982e-06 4.024670744226627e-06
3460.57321704 7.880062146736031e-05 1.9561349062306486e-05 1.1173638288386236e-05 7.558315680698849e-06 5.430210738036202e-06 4.14610325856465e-06
3461.15002731 6.794926321571356e-05 1.5912456494524486e-05 9.0419736554486e-06 6.129184695307736e-06 4.426376806326084e-06 3.402881284731545e-06
3461.72693372 7.128674702809915e-05 1.6908171257953543e-05 9.579364239691203e-06 6.461247502408045e-06 4.639634478031402e-06 3.544013488703981e-06
3462.30393629 7.299338014659386e-05 1.7815649823421612e-05 1.0114560355162565e-05 6.812126776649518e-06 4.872967047114331e-06 3.7064078144988672e-06
3462.88103504 7.737290912866169e-05 1.9616859728270075e-05 1.1266993854911902e-05 7.645807715934371e-06 5.496743898041826e-06 4.198708378631372e-06
3463.45822997 8.518733010432928e-05 2.2471962925123354e-05 1.3157277440050078e-05 9.051155307029978e-06 6.5842005258782754e-06 5.074907244592781e-06
3464.03552112 8.796585538369388e-05 2.344879944045559e-05 1.3755477781540764e-05 9.473557791544979e-06 6.90555546975622e-06 5.33079371614354e-06
3464.61290849 9.348906533946532e-05 2.6137892051542033e-05 1.5616090264639344e-05 1.091641270845398e-05 8.06960581184424e-06 6.311031294416207e-06
3465.19039209 9.356235413557614e-05 2.6696551528408027e-05 1.6120122158573707e-05 1.1357172945381508e-05 8.446183528871356e-06 6.637698762086777e-06
3465.76797196 9.198553709037961e-05 2.5528379881494873e-05 1.5215064958680905e-05 1.0594349554971849e-05 7.781110506394485e-06 6.041320618184047e-06
3466.34564809 7.911677501951888e-05 1.9988602063648562e-05 1.1425558155308085e-05 7.704020240022199e-06 5.491686768756614e-06 4.151798971852609e-06
3466.92342051 7.159506654891466e-05 1.6539291098046867e-05 9.009045787303119e-06 5.852362566495471e-06 4.0330763431414696e-06 2.96131613390631e-06
3467.50128923 8.316774850124819e-05 2.05104454375648e-05 1.152355662840684e-05 7.665023243494191e-06 5.4017104598959595e-06 4.044619319411652e-06
3468.07925428 9.135740012923396e-05 2.3878162704384258e-05 1.3875330496190809e-05 9.492101673431078e-06 6.873733722308579e-06 5.2742174788171584e-06
3468.65731566 9.706832884167591e-05 2.6731063588768096e-05 1.5903701304229194e-05 1.1091456092273474e-05 8.18065074346377e-06 6.3844091358814284e-06
3469.23547339 9.779141596868151e-05 2.8071435786919726e-05 1.698452675387511e-05 1.2001530877539902e-05 8.957046218625379e-06 7.067372874769777e-06
3469.81372749 8.825919514217829e-05 2.4318268214535688e-05 1.4571777908286706e-05 1.0247837559158747e-05 7.623310555300566e-06 6.005503133113494e-06
3470.39207797 8.62805733871028e-05 2.3104821186117113e-05 1.3719726022502082e-05 9.588429325263298e-06 7.099439465556133e-06 5.571554991034963e-06
3470.97052485 9.48499102782608e-05 2.6873404889570244e-05 1.6215672054256538e-05 1.14382682965625e-05 8.538068368440834e-06 6.740547417217579e-06
3471.54906815 0.0001021148921935128 3.0265645826014953e-05 1.849300578821413e-05 1.3144169332422417e-05 9.867556038738632e-06 7.8224390351196e-06
3472.12770788 9.489828440311668e-05 2.743286841511784e-05 1.6630979807598264e-05 1.176200506653283e-05 8.790184695767761e-06 6.942442620100425e-06
3472.70644406 9.44657224047786e-05 2.721435141724572e-05 1.642770462215046e-05 1.1578824055997423e-05 8.619989683424595e-06 6.7855595184421315e-06
3473.2852767 9.689775013962003e-05 2.7828802022931285e-05 1.67493119712972e-05 1.1771205333384445e-05 8.73651116438703e-06 6.857110567814331e-06
3473.86420582 9.711948582855908e-05 2.7318751596143444e-05 1.632898549343553e-05 1.1426499876755061e-05 8.451693850053306e-06 6.614484297215683e-06
3474.44323144 8.800705438958465e-05 2.3149791823180244e-05 1.3506790743255048e-05 9.303162794914877e-06 6.79375723219377e-06 5.262413502554053e-06
3475.02235357 7.397440627133345e-05 1.779989193460999e-05 9.98978678686337e-06 6.673218027609472e-06 4.737200829987355e-06 3.577851070207108e-06
3475.60157223 7.358193719958088e-05 1.743343996229518e-05 9.616776039641611e-06 6.30469231338474e-06 4.381189136093157e-06 3.237475266433016e-06
3476.18088744 6.585578219369504e-05 1.4468690703039073e-05 7.757064199483034e-06 4.98886040360192e-06 3.4083526439736844e-06 2.4825105753320673e-06
3476.7602992 6.253902286928366e-05 1.2888757647634256e-05 6.723889687382465e-06 4.243117176028454e-06 2.852914559485948e-06 2.0534391028172507e-06
3477.33980754 6.538980337456588e-05 1.3932995258866779e-05 7.3227194424997e-06 4.62496468172666e-06 3.1055785556509404e-06 2.2312707056147736e-06
3477.91941247 6.51803133195438e-05 1.4940185077453828e-05 8.253300726503394e-06 5.44028785804021e-06 3.811762218753377e-06 2.846262923841824e-06
3478.49911402 8.19632315446158e-05 2.176255191008741e-05 1.2805071097269609e-05 8.857769336164868e-06 6.479747422310693e-06 5.019966970559883e-06
3479.07891218 9.001376289493109e-05 2.429313389300802e-05 1.4459780077261358e-05 1.0113238988416758e-05 7.482199294731378e-06 5.860153909997296e-06
3479.65880699 8.361071250941569e-05 2.1164925181931957e-05 1.234872994376677e-05 8.52402743227365e-06 6.250778876687259e-06 4.862013631834517e-06
3480.23879846 8.31455861257976e-05 2.1202331631204117e-05 1.2358788499778126e-05 8.51417985601532e-06 6.2370362433015785e-06 4.8458665432337e-06
3480.8188866 8.537553377549813e-05 2.251631105145732e-05 1.3249239337869029e-05 9.182468724843445e-06 6.762684026679558e-06 5.278179880470222e-06
3481.39907143 8.899570352738972e-05 2.4109024560398324e-05 1.4275530047304872e-05 9.928306003269475e-06 7.328789790814524e-06 5.729928003253936e-06
3481.97935296 9.313418709492907e-05 2.6315756412684483e-05 1.588044370809304e-05 1.1211469465067036e-05 8.383390165067568e-06 6.63026968742365e-06
3482.55973122 0.00010371347007822659 3.143889882743104e-05 1.9508657286135042e-05 1.4064576103983357e-05 1.070426577441238e-05 8.595859580456527e-06
3483.14020621 0.00010786885884772542 3.395747315111086e-05 2.136631677223819e-05 1.5555718145186512e-05 1.1933741264705571e-05 9.647499816677435e-06
3483.72077796 9.216670790514002e-05 2.7207202195187797e-05 1.680583021719244e-05 1.2072649889604567e-05 9.159305052993548e-06 7.334421372970013e-06
3484.30144647 7.719403642418934e-05 1.9959328049540003e-05 1.1814746079546297e-05 8.228740118514643e-06 6.078794768813284e-06 4.756411822452056e-06
3484.88221178 7.963312747683927e-05 2.0874311669116697e-05 1.2402934575634678e-05 8.670537735930587e-06 6.423617255639056e-06 5.0410636748761514e-06
3485.46307388 8.904597892315872e-05 2.4588428146731073e-05 1.481311326444698e-05 1.0462516755084748e-05 7.820396622808853e-06 6.186246190039826e-06
3486.04403281 8.75207352095158e-05 2.341707348699861e-05 1.395622966090935e-05 9.79029141183361e-06 7.2800862436631965e-06 5.7364687538653e-06
3486.62508857 9.252241202598438e-05 2.5860254879158364e-05 1.5621618955667798e-05 1.1053283431257147e-05 8.271454003527919e-06 6.54879807188847e-06
3487.20624118 0.00010545030679629653 3.168557234327138e-05 1.956134993616935e-05 1.4053340646811483e-05 1.0644542753638435e-05 8.514329138007207e-06
3487.78749065 0.00011535992501088148 3.626660206478244e-05 2.2684442476250415e-05 1.6447430621932827e-05 1.2547875908650082e-05 1.0098531650667111e-05
3488.36883701 0.00010941555773483664 3.349255770121016e-05 2.070987009475327e-05 1.488657189144666e-05 1.1274583347116306e-05 9.017423759874435e-06
3488.95028027 9.68902536341271e-05 2.811181992340536e-05 1.7035391782064553e-05 1.2062486914246421e-05 9.021483538305467e-06 7.136649500567928e-06
3489.53182044 9.324341313377623e-05 2.7177157775165797e-05 1.652672825719939e-05 1.1718764400047717e-05 8.767616347140801e-06 6.931686419923864e-06
3490.11345755 8.926325167701827e-05 2.5321654088125084e-05 1.5259038202457193e-05 1.0727253657584694e-05 7.954979118839729e-06 6.234262613303069e-06
3490.6951916 7.945339727145799e-05 2.038832551696965e-05 1.16852536401182e-05 7.886616778831976e-06 5.6317854060395546e-06 4.268000444668902e-06
3491.27702262 7.196231526785104e-05 1.6537679532144128e-05 8.843791996223803e-06 5.646557979827265e-06 3.828142788700842e-06 2.774539591394908e-06
3491.85895061 7.060068474627403e-05 1.5763207681736573e-05 8.37626212444924e-06 5.33987372939067e-06 3.6217155852175914e-06 2.6285005958277922e-06
3492.44097561 8.404264915916173e-05 2.1046509355038695e-05 1.1893798571430882e-05 7.937772508064953e-06 5.609109401952261e-06 4.207734823326183e-06
3493.02309761 9.179618010587202e-05 2.4271827665465036e-05 1.3943171402576397e-05 9.391274782844962e-06 6.68622143282529e-06 5.041814363979226e-06
3493.60531664 8.092753032424938e-05 1.9812944672787785e-05 1.0971175255465234e-05 7.197183226067319e-06 5.012320691283561e-06 3.711474488539982e-06
3494.18763272 7.218335868815926e-05 1.6357418314887195e-05 8.896829366102087e-06 5.8060258996565945e-06 4.044237701574295e-06 3.008162642417165e-06
3494.77004586 8.400030663298162e-05 2.1777545389107525e-05 1.2656472286233283e-05 8.670708747918036e-06 6.301133024925624e-06 4.856649839777876e-06
3495.35255608 9.26048822029988e-05 2.6399295958118116e-05 1.5957283277138207e-05 1.1241799022594286e-05 8.370513648034726e-06 6.583620256205147e-06
3495.93516338 8.706307334702265e-05 2.5331592042871364e-05 1.555490548546293e-05 1.1101537246026013e-05 8.361496549734051e-06 6.644572201333712e-06
3496.5178678 7.289449924502244e-05 1.967310995038657e-05 1.1889133694326354e-05 8.40722017089031e-06 6.2885989976776855e-06 4.970880021763739e-06
3497.10066935 6.801012065482357e-05 1.6910803400377342e-05 9.934154526815697e-06 6.883567689383775e-06 5.064324173688854e-06 3.945848583797205e-06
3497.68356803 6.93104358315314e-05 1.6867481002153343e-05 9.768468046905407e-06 6.691608243057887e-06 4.8686882830181795e-06 3.7567722143569896e-06
3498.26656387 6.757262829486009e-05 1.620452396674705e-05 9.136890118502149e-06 6.110680527993054e-06 4.3364524481036796e-06 3.2732753712159673e-06
3498.84965689 7.575453025906056e-05 1.9245896773189872e-05 1.088210751558847e-05 7.260766854320782e-06 5.122584989660861e-06 3.842454931230204e-06
3499.4328471 9.417655958948835e-05 2.6037548481233333e-05 1.5261931994520155e-05 1.0473920181653759e-05 7.586401783835765e-06 5.820273966562503e-06
3500.01613451 0.00010019431806508715 2.849984155839514e-05 1.7043679793235818e-05 1.1903606833798078e-05 8.783763740099425e-06 6.853617908377943e-06
3500.59951915 9.716536362764401e-05 2.805146196373665e-05 1.70152141914137e-05 1.2035366651219494e-05 9.000012293939814e-06 7.1106321839320265e-06
3501.18300102 9.043532344847833e-05 2.5770870670884594e-05 1.558210702245316e-05 1.0988869227984714e-05 8.193089494601589e-06 6.45642944150209e-06
3501.76658015 8.94230073333515e-05 2.5081721513393467e-05 1.5043973709129473e-05 1.053041975742444e-05 7.788484511123492e-06 6.092997110458366e-06
3502.35025656 9.857156494657002e-05 2.903333129483346e-05 1.774794397867016e-05 1.2611943446820421e-05 9.454372491883199e-06 7.4859935633544075e-06
3502.93403025 9.905597787608839e-05 2.944283162151856e-05 1.8107000174931038e-05 1.2936731360445292e-05 9.741927542166946e-06 7.744496185277545e-06
3503.51790124 9.97117404364223e-05 2.9623111716391737e-05 1.8257338036224024e-05 1.3073485885204385e-05 9.865068510506184e-06 7.858094438575082e-06
3504.10186955 0.00011217153988923044 3.5948129626049446e-05 2.2759545141995507e-05 1.663184488628901e-05 1.277777753995441e-05 1.034138281260829e-05
3504.6859352 0.00011580919845354234 3.8171143223372206e-05 2.436947587943823e-05 1.7921184428873578e-05 1.3848360645826505e-05 1.1266059036304842e-05
3505.2700982 0.00010453961024455665 3.321077075951983e-05 2.0955268092999052e-05 1.529231312069299e-05 1.1751298558982881e-05 9.518290560563678e-06
3505.85435857 8.83834943317318e-05 2.595034658417099e-05 1.601992664292339e-05 1.1508465914372655e-05 8.741689379502266e-06 7.009341467877446e-06
3506.43871633 8.806948685635415e-05 2.52756783014346e-05 1.556010513388639e-05 1.1155661385661848e-05 8.463183921065413e-06 6.775332887786568e-06
3507.02317148 8.462000712568815e-05 2.3046296408779837e-05 1.3945354433097471e-05 9.888082021102686e-06 7.430663964636336e-06 5.904201134438674e-06
3507.60772406 8.540578444908658e-05 2.3080139543695713e-05 1.3869048041825022e-05 9.793483060429852e-06 7.331403521080941e-06 5.812501602619747e-06
3508.19237406 9.697104910901734e-05 2.8792808341869333e-05 1.784770686592654e-05 1.2870393078021869e-05 9.803421892165423e-06 7.8834025414355e-06
3508.77712152 9.876827132777615e-05 3.001581398554274e-05 1.873938079508917e-05 1.3567058219561915e-05 1.0369399587608404e-05 8.357744305332101e-06
3509.36196644 9.495759569154516e-05 2.7852888434434294e-05 1.7121588384908613e-05 1.2255800179021007e-05 9.274699779476283e-06 7.4130281947972685e-06
3509.94690885 9.739733484413022e-05 2.819225982447147e-05 1.7144806103812773e-05 1.2158411306481854e-05 9.115946448204946e-06 7.223548783391814e-06
3510.53194875 9.271965807035109e-05 2.6000026332044877e-05 1.5604846876657433e-05 1.0947310905505851e-05 8.123433143904876e-06 6.375980326210069e-06
3511.11708617 7.698046837720059e-05 1.9456788964810802e-05 1.1229787990137093e-05 7.66432599852582e-06 5.556064830831263e-06 4.277247072916953e-06
3511.70232112 8.028555187981737e-05 2.156232656466225e-05 1.2767290538442663e-05 8.885716042142743e-06 6.553159351114326e-06 5.121408279328664e-06
3512.28765361 9.627224719848177e-05 2.860685356774821e-05 1.757148893485955e-05 1.2550057510920832e-05 9.458393895919965e-06 7.527470415923917e-06
3512.87308367 9.529344847144734e-05 2.7695465483628058e-05 1.6926777197786793e-05 1.2054945982294051e-05 9.069186691044132e-06 7.2087845648180964e-06
3513.45861131 8.752711478187447e-05 2.3445004033484155e-05 1.3933581423564874e-05 9.728453675596382e-06 7.19828258655491e-06 5.641521280007946e-06
3514.04423655 7.809756489810451e-05 1.8785507389771265e-05 1.0625595415130876e-05 7.140492691331074e-06 5.1062147568532265e-06 3.88399590793002e-06
3514.6299594 7.227968733617049e-05 1.6998304821883045e-05 9.410687559243885e-06 6.1895341641404944e-06 4.326527732047574e-06 3.218769834097294e-06
3515.21577988 7.61650634608631e-05 1.8550599798498185e-05 1.0293183807106659e-05 6.761536801484281e-06 4.712691944752146e-06 3.4924267432088046e-06
3515.801698 7.796145347484679e-05 1.8298924563393053e-05 9.84956921455423e-06 6.342850192234328e-06 4.3551137865150035e-06 3.1961921030273213e-06
3516.38771378 8.526695450566442e-05 2.163704216705792e-05 1.212400116554404e-05 8.05381424015514e-06 5.688769197004719e-06 4.2796377527179225e-06
3516.97382724 9.860967513445289e-05 2.8149046405883786e-05 1.6808146233711046e-05 1.1694269036185108e-05 8.592070660236802e-06 6.675516954252645e-06
3517.56003839 0.0001004215388065239 2.9576350947339358e-05 1.8053620996530587e-05 1.2790560865987164e-05 9.557947254964753e-06 7.538702289266535e-06
3518.14634726 9.948537574009178e-05 2.9838072593335258e-05 1.836050136349141e-05 1.3097899273293393e-05 9.86072875312286e-06 7.831082539571469e-06
3518.73275385 9.891691971833331e-05 2.9530973929612e-05 1.8162958056616936e-05 1.296949021687355e-05 9.777948628015431e-06 7.779548585834141e-06
3519.31925818 9.456524100413935e-05 2.7113648347332547e-05 1.6529111929195794e-05 1.1748622396084087e-05 8.821172027954486e-06 6.998842192619772e-06
3519.90586027 9.629335648650337e-05 2.7668744958770212e-05 1.6872795090871174e-05 1.1996842449027527e-05 9.003306514392223e-06 7.141602023015515e-06
3520.49256014 9.395434213969428e-05 2.692547274771674e-05 1.6319781093887335e-05 1.1524967455763191e-05 8.590273032863566e-06 6.767035878178091e-06
3521.0793578 8.561146038699277e-05 2.36826458243964e-05 1.4187702606644687e-05 9.909689536787226e-06 7.312863796964483e-06 5.702071753910574e-06
3521.66625327 8.673542281026018e-05 2.381987823525041e-05 1.4110768415966974e-05 9.758885992671799e-06 7.134623840267934e-06 5.5174173123241815e-06
3522.25324656 7.713839858864475e-05 1.9209272116295675e-05 1.0808556046056649e-05 7.188168790412155e-06 5.074256417417469e-06 3.811096280737734e-06
3522.84033769 7.752184399148272e-05 1.9289790260961668e-05 1.0905749545845785e-05 7.2876744609037645e-06 5.172250335068281e-06 3.902737145838612e-06
3523.42752667 8.69834378450753e-05 2.2882608601527866e-05 1.33168361574967e-05 9.105708776588788e-06 6.599206498276442e-06 5.069285911256803e-06
3524.01481353 8.08203817486167e-05 1.9462206612840336e-05 1.1000093470129065e-05 7.385721346876796e-06 5.276799643133842e-06 4.009792817214656e-06
3524.60219828 7.070054438208915e-05 1.5045698084247273e-05 8.038055602802483e-06 5.180083943701988e-06 3.5708020513858075e-06 2.6323742222068364e-06
3525.18968094 6.398352677705777e-05 1.2646249744400779e-05 6.477955049299504e-06 4.0435799425541705e-06 2.706934623976643e-06 1.945886237122843e-06
3525.77726152 7.034004440373784e-05 1.5469713976409323e-05 8.113463403319064e-06 5.0941156077468895e-06 3.4031343367169326e-06 2.428959457680039e-06
3526.36494003 7.839889031131304e-05 1.9126761301084977e-05 1.040150516625385e-05 6.668639112891106e-06 4.524247699563022e-06 3.262146570007541e-06
3526.9527165 6.217267190211873e-05 1.3812448767603362e-05 7.420782399306475e-06 4.750682278292226e-06 3.2303786532733113e-06 2.3428097701820476e-06
3527.54059094 5.7989943499719647e-05 1.2561984499954042e-05 6.954056220829051e-06 4.623503480373862e-06 3.277439867485031e-06 2.4804643496082213e-06
3528.12856337 8.160975102652111e-05 2.1625826836449674e-05 1.283510934200321e-05 8.94080429556376e-06 6.586039282514951e-06 5.1357983866812736e-06
3528.7166338 9.193791239255475e-05 2.5435462379642298e-05 1.5256922229594325e-05 1.0693515294148083e-05 7.919758335067504e-06 6.202165125367501e-06
3529.30480225 9.541444671227448e-05 2.6662348352845515e-05 1.600598881889694e-05 1.124239492312668e-05 8.356156238926098e-06 6.572195055236868e-06
3529.89306874 9.431304690320643e-05 2.5945218092936824e-05 1.5480696148473286e-05 1.0854145931199194e-05 8.0644212013227e-06 6.349336124784677e-06
3530.48143328 8.644327526415053e-05 2.2536468258208093e-05 1.31556864476601e-05 9.075623752497382e-06 6.649523088042757e-06 5.1737336211676185e-06
3531.06989589 8.582926405061446e-05 2.293017370935554e-05 1.3519772980701269e-05 9.363996310002581e-06 6.878288581046959e-06 5.353289971141106e-06
3531.65845659 8.884907028760517e-05 2.474930159488767e-05 1.4889946207556407e-05 1.0468799914925063e-05 7.794743065165703e-06 6.137288327300266e-06
3532.24711538 9.256199716661389e-05 2.6232953742440552e-05 1.5956866651187376e-05 1.132516215990243e-05 8.504898399247389e-06 6.748450243097473e-06
3532.8358723 8.940856981436122e-05 2.462739334076217e-05 1.4931948327078745e-05 1.0592069061867281e-05 7.949676645261741e-06 6.3071193378201535e-06
3533.42472735 8.746503780048445e-05 2.3998562195519623e-05 1.4473336094541995e-05 1.0228623787263684e-05 7.648816962397108e-06 6.052214211659636e-06
3534.01368055 8.157259243452036e-05 2.1544975794605317e-05 1.2745501983461933e-05 8.873544332126985e-06 6.553382644580136e-06 5.129738208487633e-06
3534.60273191 8.769925815486237e-05 2.433317823584503e-05 1.4628982979399364e-05 1.0286482191195309e-05 7.661536494815248e-06 6.03365216815412e-06
3535.19188146 9.682727206693119e-05 2.8232388436526e-05 1.727973336396252e-05 1.232620284303296e-05 9.300134368624338e-06 7.412048654090142e-06
3535.78112921 9.414386815579744e-05 2.6871601702201052e-05 1.634114376084529e-05 1.1607952905765148e-05 8.731601960097272e-06 6.943720960628082e-06
3536.37047518 8.736229816023291e-05 2.488742075654648e-05 1.5175588950529169e-05 1.0790873331382269e-05 8.12391486871718e-06 6.460733080011957e-06
3536.95991937 8.680407584572345e-05 2.4509029144257427e-05 1.4808512934696485e-05 1.0453513468836278e-05 7.814910722796247e-06 6.177391395747986e-06
3537.54946182 9.172403016192686e-05 2.5989419737519076e-05 1.5588931501062625e-05 1.0930611203237116e-05 8.114850048103395e-06 6.3756098931649315e-06
3538.13910253 9.32522538868719e-05 2.6487798653049743e-05 1.5968883221333408e-05 1.1242752692238615e-05 8.382189037803491e-06 6.609989161301223e-06
3538.72884153 8.656576361359812e-05 2.3326719099202364e-05 1.3904181447767707e-05 9.735129208668396e-06 7.231047407001886e-06 5.690389190427908e-06
3539.31867882 8.929119133157184e-05 2.4399026831354804e-05 1.4609279338473465e-05 1.0262780856077e-05 7.644401074021617e-06 6.029386102876598e-06
3539.90861443 0.00010193555190648027 3.041037315857927e-05 1.8672656977992228e-05 1.3323847086478008e-05 1.005001010732408e-05 8.001989035206307e-06
3540.49864836 0.00010830328231365384 3.383577852849849e-05 2.1055028360629218e-05 1.5159624177454717e-05 1.151052894395448e-05 9.21566587331179e-06
3541.08878065 9.820249288589756e-05 2.911601291896198e-05 1.7831907005199017e-05 1.2721665144711252e-05 9.580708089719014e-06 7.627568343016785e-06
3541.6790113 8.618553277499943e-05 2.3122583517931114e-05 1.3608600192091113e-05 9.435146129986211e-06 6.927944084976248e-06 5.400592907281972e-06
3542.26934032 8.973380606618592e-05 2.471651876416799e-05 1.4564636019884904e-05 1.0078696982073761e-05 7.374931002414073e-06 5.724802628201995e-06
3542.85976775 9.16785700730095e-05 2.576458571128473e-05 1.5332428288516463e-05 1.0690409815992757e-05 7.880013709320784e-06 6.155182607364574e-06
3543.45029359 9.100366666223146e-05 2.5336403114219745e-05 1.5093895566843826e-05 1.0547779030815985e-05 7.811638955351485e-06 6.130781597146049e-06
3544.04091785 9.62753547705366e-05 2.7330714044880418e-05 1.6396737712694765e-05 1.1513567930752822e-05 8.57292816952162e-06 6.759060794954552e-06
3544.63164056 0.00010047405757635089 2.9428383713343675e-05 1.795939175898213e-05 1.2770213425754173e-05 9.609887761785363e-06 7.641841355614366e-06
3545.22246174 0.00010403311660181463 3.1479878071332015e-05 1.945882223057348e-05 1.3961158670932053e-05 1.0582287641587538e-05 8.4642232064616e-06
3545.81338139 9.786459341442307e-05 2.909428919976901e-05 1.790071220593913e-05 1.28003971404474e-05 9.676775796274688e-06 7.721384100822918e-06
3546.40439954 8.845074213238222e-05 2.4717488554872607e-05 1.4873202649782102e-05 1.047213970207499e-05 7.818161913685544e-06 6.174031234667244e-06
3546.9955162 9.454347851688346e-05 2.699244864614287e-05 1.628377985261511e-05 1.1489648449841816e-05 8.591376128813724e-06 6.798046363221279e-06
3547.58673138 0.00010346349826777561 3.112725429742515e-05 1.907405323687866e-05 1.3597155475674287e-05 1.0245950428088976e-05 8.157643746904736e-06
3548.17804511 9.637905218312693e-05 2.804702178331642e-05 1.701754266886605e-05 1.20346670549882e-05 8.996741868963876e-06 7.109033724840804e-06
3548.7694574 8.226189874845098e-05 2.1913422390884278e-05 1.2971412736124668e-05 9.019762133984756e-06 6.645638962954356e-06 5.1870192347504514e-06
3549.36096827 8.399505136426428e-05 2.2725518884341097e-05 1.3522198363152042e-05 9.431066882077884e-06 6.973598014998955e-06 5.458412195019996e-06
3549.95257773 9.312864427833007e-05 2.6708876057409652e-05 1.6180207844114577e-05 1.1414127278048582e-05 8.527299421939201e-06 6.726364881727823e-06
3550.5442858 9.431191987177249e-05 2.6653577374389124e-05 1.6051325412399785e-05 1.1288543599397713e-05 8.415182858974127e-06 6.62920966572488e-06
3551.1360925 9.603464680078393e-05 2.707920057599159e-05 1.6289194757060152e-05 1.1456394615207134e-05 8.535524656984586e-06 6.724702800182924e-06
3551.72799784 9.487420068709726e-05 2.6707150631250183e-05 1.6094623848185376e-05 1.134071693665177e-05 8.464740794056998e-06 6.680994329604355e-06
3552.32000184 8.927558857766774e-05 2.4519042588709313e-05 1.4679490049232252e-05 1.0298337999532424e-05 7.662271940978114e-06 6.031846980439356e-06
3552.91210451 8.910114468637298e-05 2.4702512582206784e-05 1.4880819797056496e-05 1.04969817836569e-05 7.846464462730067e-06 6.203924574212871e-06
3553.50430588 8.901181231509535e-05 2.4334168355629772e-05 1.4552478846024676e-05 1.0222520739506613e-05 7.615452570368061e-06 6.009627419421159e-06
3554.09660595 8.489994435544512e-05 2.2083761716512306e-05 1.2860427629391886e-05 8.82966154960355e-06 6.4447954036856105e-06 4.9900426365032195e-06
3554.68900475 8.175323363539365e-05 2.0895571767684664e-05 1.2079932521813026e-05 8.234269230667514e-06 5.962516056347071e-06 4.579632675712677e-06
3555.28150229 7.877171138316762e-05 1.962355644286818e-05 1.1233395642474434e-05 7.617569972752919e-06 5.4889596408599455e-06 4.204719896218057e-06
3555.87409859 8.151711988974558e-05 2.0713974164527626e-05 1.1846095437877195e-05 8.023088574330481e-06 5.774394166684743e-06 4.42112868374614e-06
3556.46679366 9.49451226680653e-05 2.6919693658741053e-05 1.6041523011301715e-05 1.1157047821705038e-05 8.211517501815717e-06 6.391673487902141e-06
3557.05958753 9.920187892716637e-05 2.974086330644069e-05 1.8191921085055855e-05 1.2874699312169296e-05 9.61464537731805e-06 7.566847677162392e-06
3557.6524802 8.703439141375279e-05 2.5157705651775158e-05 1.5263360226660874e-05 1.0741754063180347e-05 7.982249304797349e-06 6.25512948542087e-06
3558.24547169 9.240969355224648e-05 2.6853889549370777e-05 1.6171754914602376e-05 1.1310393382445879e-05 8.347789878884606e-06 6.504137191151274e-06
3558.83856203 9.661621943137636e-05 2.7594070720529632e-05 1.6342767584864207e-05 1.1292165204404515e-05 8.241065115662983e-06 6.365268112204141e-06
3559.43175122 8.378260229539393e-05 2.1501269915991057e-05 1.2106847702365887e-05 8.05058562818468e-06 5.678448113945119e-06 4.260250216251661e-06
3560.02503928 8.355987765249037e-05 2.1290552009837997e-05 1.2029767495191083e-05 8.01597485656123e-06 5.667027591025891e-06 4.254258520362723e-06
3560.61842624 8.512004015044557e-05 2.2072094327349396e-05 1.2725578269772449e-05 8.630523775747265e-06 6.209062188912069e-06 4.7343788602868095e-06
3561.2119121 8.218224983677398e-05 2.100472761566106e-05 1.2158279487529079e-05 8.297823387225577e-06 6.01551750284084e-06 4.623168887970642e-06
3561.80549688 8.218995007932214e-05 2.155671319766045e-05 1.2710708386854362e-05 8.796460729659827e-06 6.460363132977515e-06 5.0179408129843676e-06
3562.3991806 8.40429700314349e-05 2.2815993020819667e-05 1.3638987383608078e-05 9.51532357101945e-06 7.03502831418309e-06 5.488804155522005e-06
3562.99296328 8.893506110008917e-05 2.464581947818087e-05 1.4725237480235752e-05 1.0266224639600117e-05 7.5805663965135785e-06 5.9108772018170745e-06
3563.58684493 0.00010084045070820892 2.9654330405913093e-05 1.7890982737882428e-05 1.2541927673598211e-05 9.289680786585519e-06 7.262918882940966e-06
3564.18082557 0.00010675350523551018 3.240204308243261e-05 1.968432819291704e-05 1.382613735620521e-05 1.0241189922409307e-05 7.99442177755984e-06
3564.77490521 0.00010416875548351278 3.0961476359658313e-05 1.8644614399650395e-05 1.2993581542885649e-05 9.548248677835171e-06 7.395336039638639e-06
3565.36908387 9.061925675640143e-05 2.424116293216855e-05 1.398255749368752e-05 9.46227382282263e-06 6.780574456575422e-06 5.147305690533912e-06
3565.96336158 7.156137150779076e-05 1.5751014637612437e-05 8.326382283163964e-06 5.30843870828925e-06 3.6192026234619136e-06 2.6465114258284815e-06
3566.55773833 6.0137917843469567e-05 1.172701895400657e-05 5.879693176552936e-06 3.6107757439037037e-06 2.383830684448493e-06 1.7023001711326857e-06
3567.15221416 6.223239880917551e-05 1.3046309123830595e-05 6.7957506046548075e-06 4.2830064201679305e-06 2.8882788381585307e-06 2.092474549611297e-06
3567.74678908 7.504477641866623e-05 1.81132868572165e-05 9.993132064921701e-06 6.541324814836526e-06 4.548814583802242e-06 3.36736156578129e-06
3568.3414631 8.398084365529775e-05 2.199722818307836e-05 1.2618660770522893e-05 8.492795997714768e-06 6.050251840250225e-06 4.5648881892462184e-06
3568.93623624 8.668055337505814e-05 2.333404013910356e-05 1.3577601380374658e-05 9.229729940320867e-06 6.6349615795215034e-06 5.0392388948978285e-06
3569.53110851 8.340029662322055e-05 2.1452510707219377e-05 1.2267681321656739e-05 8.233902696079795e-06 5.853001711057336e-06 4.402615945667041e-06
3570.12607994 7.117590615713114e-05 1.6064474056126044e-05 8.674541767727302e-06 5.595355306072199e-06 3.843153627392762e-06 2.8162664511347036e-06
3570.72115054 6.004491098317016e-05 1.167793366216095e-05 5.837613170744624e-06 3.571737663018063e-06 2.3469503803049638e-06 1.6661238139515493e-06
3571.31632033 6.44194663245425e-05 1.3487983046296726e-05 6.813171528264203e-06 4.1741693301802504e-06 2.735233586716891e-06 1.931386532561732e-06
3571.91158932 8.159355310199822e-05 2.007428775058323e-05 1.0808481799471664e-05 6.88251763035913e-06 4.642631785420827e-06 3.33708206698419e-06
3572.50695753 8.298372450090929e-05 2.1342152867793063e-05 1.190750343897365e-05 7.790130340911392e-06 5.38498341221709e-06 3.947233171949283e-06
3573.10242498 7.507394096572784e-05 1.914748127239339e-05 1.0849469635365111e-05 7.225250615790585e-06 5.094681096940856e-06 3.8099637428482115e-06
3573.69799168 7.764595731001732e-05 2.040413265424871e-05 1.1865843391112739e-05 8.100703417451157e-06 5.85970951085738e-06 4.490432061130743e-06
3574.29365765 7.873154120455864e-05 2.053597478206484e-05 1.204527215157213e-05 8.299982344631437e-06 6.064030097365886e-06 4.691144718485656e-06
3574.88942291 7.515619367629676e-05 1.887112538373361e-05 1.096627871485179e-05 7.5200269193036155e-06 5.4786040803394086e-06 4.230188691344293e-06
3575.48528746 8.10871272573615e-05 2.0837716414496714e-05 1.2174592279761398e-05 8.36747063424333e-06 6.103186078276303e-06 4.713020230912931e-06
3576.08125134 7.793607768833678e-05 1.9526184708221194e-05 1.128539256863045e-05 7.678393744688646e-06 5.543555260229252e-06 4.237878181383578e-06
3576.67731455 7.850699973814134e-05 2.0387196322035055e-05 1.1827894669730345e-05 8.031795336071716e-06 5.775630753343125e-06 4.388614629682747e-06
3577.27347712 7.83956374056995e-05 2.1133050341254496e-05 1.2387391605629826e-05 8.467955499409068e-06 6.12563941003377e-06 4.676844274947131e-06
3577.86973905 8.03480619272955e-05 2.163316336298871e-05 1.2543435431508387e-05 8.49485995106689e-06 6.0911951340840584e-06 4.61271020632231e-06
3578.46610037 8.3106714159768e-05 2.1537150321887388e-05 1.2144721380036194e-05 8.037614251236417e-06 5.635804423358306e-06 4.180021126706832e-06
3579.06256109 7.703683634810468e-05 1.8241323772920174e-05 9.877081444303637e-06 6.344072802364463e-06 4.326893363174092e-06 3.1353842860555095e-06
3579.65912123 7.567985768868354e-05 1.7435362436909798e-05 9.178634660086798e-06 5.74917418845624e-06 3.82124279473047e-06 2.705766591504994e-06
3580.2557808 8.630836631025466e-05 2.2105979108371436e-05 1.1995872386886959e-05 7.623899797873954e-06 5.107853826300653e-06 3.6233020396694936e-06
3580.85253983 9.018993538727294e-05 2.365235809167909e-05 1.2780538708196105e-05 8.069476202712454e-06 5.363452906023685e-06 3.780576120837597e-06
3581.44939832 7.873117459462525e-05 1.8591527190625792e-05 9.581215715534186e-06 5.86682786957535e-06 3.804512775941194e-06 2.6429817618454763e-06
3582.0463563 6.113405956875545e-05 1.1504556296275082e-05 5.567970903124735e-06 3.3155567721865077e-06 2.1231697205071056e-06 1.4752201421130536e-06
3582.64341378 6.213558372143264e-05 1.1386723466622307e-05 5.545928925400999e-06 3.343644183509898e-06 2.175663011526148e-06 1.5349103573916844e-06
3583.24057078 7.432442193808347e-05 1.6351641465487752e-05 8.55915499475401e-06 5.382663143581717e-06 3.6101118423872664e-06 2.591910508692393e-06
3583.83782731 8.423032937331886e-05 2.098706866499485e-05 1.1589371226686095e-05 7.539925452683875e-06 5.195959789871158e-06 3.7973245694186652e-06
3584.43518339 8.384334417432683e-05 2.1080864626216935e-05 1.1767791452944073e-05 7.727569854123325e-06 5.375390453231653e-06 3.961321656839147e-06
3585.03263904 7.555811691066099e-05 1.792168750997407e-05 9.85536066133725e-06 6.424837999419813e-06 4.44981685833633e-06 3.275077355828348e-06
3585.63019428 5.946097707657842e-05 1.2349501884062506e-05 6.555816670481611e-06 4.191393508493995e-06 2.8618154045314736e-06 2.089155759735138e-06
3586.22784911 4.888129684639032e-05 8.938790034586828e-06 4.55050870664368e-06 2.8408807134858107e-06 1.9065120027561213e-06 1.3793185739150497e-06
3586.82560357 5.4296260260228573e-05 1.0874117248729649e-05 5.635019235541535e-06 3.541675310155567e-06 2.3830621843875533e-06 1.7239521080272379e-06
3587.42345765 6.197339845407407e-05 1.3197774375008104e-05 6.957975947246433e-06 4.415498308741057e-06 2.9919044769388973e-06 2.1723734449562883e-06
3588.02141139 5.987565434861391e-05 1.260773568287557e-05 6.710426195624342e-06 4.302774595948951e-06 2.948684273219634e-06 2.1622657507356863e-06
3588.6194648 6.780792520634553e-05 1.600107519693323e-05 8.98695061793081e-06 5.9819427608187755e-06 4.23380766342962e-06 3.1806523636648433e-06
3589.21761788 7.642645297049816e-05 1.9507233284173606e-05 1.1275554333616107e-05 7.647953226610726e-06 5.499312300979886e-06 4.181834134259006e-06
3589.81587067 7.13654585993407e-05 1.743869556472581e-05 9.898234512519935e-06 6.630154976801659e-06 4.716140371322764e-06 3.556238683126542e-06
3590.41422318 6.590901522293914e-05 1.5511948365836966e-05 8.623882365771129e-06 5.68864975068801e-06 3.9916782772213874e-06 2.9775059946384877e-06
3591.01267542 7.178798248786785e-05 1.8087783380678094e-05 1.0283792506635923e-05 6.909997804664233e-06 4.935782772830048e-06 3.747829299148972e-06
3591.61122741 8.569241439937977e-05 2.3684853701109336e-05 1.4047919470504962e-05 9.779288028607821e-06 7.213988707253201e-06 5.64277952621986e-06
3592.20987917 9.180793008223124e-05 2.5658608677833238e-05 1.5425623906396218e-05 1.0866781607833234e-05 8.100577413844722e-06 6.392966367885798e-06
3592.80863071 9.293312911447626e-05 2.621674595997045e-05 1.5881708775964487e-05 1.1243161786535417e-05 8.413282324570166e-06 6.655642945090854e-06
3593.40748205 9.249055147321704e-05 2.5819999116359153e-05 1.555145874019832e-05 1.0947615584118668e-05 8.145613441927083e-06 6.4067732997963906e-06
3594.00643321 8.079506458358867e-05 2.0565857521487792e-05 1.1865332946913884e-05 8.061020657017129e-06 5.804491706086591e-06 4.429572372539136e-06
3594.6054842 7.945412578512987e-05 2.004674407072096e-05 1.1327331505365083e-05 7.516055694383222e-06 5.275157881546292e-06 3.920570850306529e-06
3595.20463504 8.88017010805744e-05 2.362293630145612e-05 1.3670239092745732e-05 9.251952596685286e-06 6.613238386040209e-06 5.001551823248557e-06
3595.80388575 8.771699130663428e-05 2.3213211153082462e-05 1.3616128931560388e-05 9.376928423094441e-06 6.829944489511744e-06 5.269941588782287e-06
3596.40323634 8.731547790099329e-05 2.3488947440653478e-05 1.400476713327544e-05 9.81353378382472e-06 7.280290170040923e-06 5.721001944302954e-06
3597.00268684 9.02866810585443e-05 2.562549720903953e-05 1.563168462082072e-05 1.1157574632295716e-05 8.415230943764834e-06 6.711877653558855e-06
3597.60223724 0.00010001863705370372 3.012548994181834e-05 1.8670373464493857e-05 1.3451252025433143e-05 1.021045865753658e-05 8.182713252208554e-06
3598.20188759 0.00010028219187331964 2.9873641798458857e-05 1.8286485399704888e-05 1.3003568463398159e-05 9.748419386445697e-06 7.72072736307006e-06
3598.80163788 9.892300621256403e-05 2.9134411535208207e-05 1.7651745919084875e-05 1.2423810368371446e-05 9.226783300550634e-06 7.241532025263253e-06
3599.40148814 0.00010530076707108316 3.177580451300071e-05 1.9514789089400006e-05 1.3917277273300832e-05 1.0463752403032388e-05 8.308525977847593e-06
3600.00143838 0.00010561354670160982 3.1924750278322395e-05 1.97158487752803e-05 1.416388777651551e-05 1.0729642282571546e-05 8.585673716241132e-06
3600.60148862 0.00010566609508277729 3.241485529678373e-05 2.017885928997056e-05 1.4597401641860322e-05 1.1132979291574386e-05 8.96482052806247e-06
3601.20163888 0.00010921673813814243 3.4673286229219164e-05 2.1891676015142744e-05 1.6001691777062827e-05 1.2314833798786528e-05 9.992664294083414e-06
3601.80188917 0.00010616243412648261 3.350438810176783e-05 2.108787729807641e-05 1.53585982542767e-05 1.1786209813486469e-05 9.534934387998707e-06
3602.40223952 9.798540393476121e-05 2.910233765562003e-05 1.7876889093356595e-05 1.2780583355588491e-05 9.652088425488145e-06 7.700175779416046e-06
3603.00268993 8.274264230260707e-05 2.1783457712129704e-05 1.2855221197221413e-05 8.943496999310854e-06 6.601317420576745e-06 5.168315313424338e-06
3603.60324042 7.933846611280721e-05 2.033942837369728e-05 1.185407692670569e-05 8.175535721281925e-06 5.984439056690434e-06 4.654000123748816e-06
3604.20389101 8.382391338868141e-05 2.3170138929800844e-05 1.3860689000026457e-05 9.729441665486757e-06 7.21686422348605e-06 5.6718028029398655e-06
3604.80464172 8.412188132715807e-05 2.3545922386262082e-05 1.4189154335066744e-05 1.0001265994218335e-05 7.441809630215601e-06 5.858084231194394e-06
3605.40549257 8.625648148625275e-05 2.3175476502852405e-05 1.3684363897596268e-05 9.476972123539097e-06 6.943384420978851e-06 5.385757038744464e-06
3606.00644356 7.875017851045913e-05 1.9970169739373602e-05 1.1438668860624008e-05 7.708381147433911e-06 5.500127541694468e-06 4.160581366254088e-06
3606.60749472 7.960222381525898e-05 2.0959071188303737e-05 1.2208890637502338e-05 8.316809928118625e-06 5.981384349047415e-06 4.551172393446038e-06
3607.20864606 8.718326870192632e-05 2.3729909761830048e-05 1.408319033815661e-05 9.761408705141042e-06 7.1369136729574935e-06 5.517084041469543e-06
3607.80989761 8.548349962688095e-05 2.261548410791982e-05 1.3329052895797799e-05 9.22988343151506e-06 6.754172243125078e-06 5.236088275119429e-06
3608.41124937 9.260622907700923e-05 2.532057120874585e-05 1.4973377297882934e-05 1.035940187004042e-05 7.566393135154439e-06 5.847725463681475e-06
3609.01270136 8.930192279565893e-05 2.3596526576235587e-05 1.3618451575368147e-05 9.231298933586193e-06 6.618393042760916e-06 5.0302931398851974e-06
3609.61425361 7.458658780763093e-05 1.6822922170047358e-05 8.972872202034585e-06 5.757862067106928e-06 3.94506447394801e-06 2.8941589282820106e-06
3610.21590612 7.267961290844061e-05 1.581851873725373e-05 8.258056611415623e-06 5.215105256916458e-06 3.5244954803544464e-06 2.5580469182217973e-06
3610.81765891 7.624244925153833e-05 1.8010859257933406e-05 9.887292447960636e-06 6.467042263177341e-06 4.498876556452835e-06 3.337307537648853e-06
3611.41951201 7.311112222955471e-05 1.771592661628909e-05 1.0009537672869906e-05 6.711091783876433e-06 4.782014886351364e-06 3.626582069984612e-06
3612.02146542 8.232154219413269e-05 2.2115321383491584e-05 1.3072877696243475e-05 9.077450045434502e-06 6.677893516329348e-06 5.208119694127458e-06
3612.62351917 8.93314943939781e-05 2.5050764608871496e-05 1.4979066024373116e-05 1.047778083647737e-05 7.753624591467964e-06 6.074577608198332e-06
3613.22567327 8.819249535277053e-05 2.4554504855475912e-05 1.464366360447075e-05 1.0216523842156954e-05 7.538813389126348e-06 5.889302884653935e-06
3613.82792773 7.902426903759508e-05 2.0928680261280703e-05 1.2373125748640042e-05 8.597005307187645e-06 6.328329237872821e-06 4.936693258269172e-06
3614.43028258 7.212273748388203e-05 1.8609692299613836e-05 1.1028413282091555e-05 7.709206298182854e-06 5.716549704086805e-06 4.494624960554922e-06
3615.03273783 8.005269990853853e-05 2.2129317437174787e-05 1.340114502680753e-05 9.512618715610607e-06 7.139807901770378e-06 5.671721992569822e-06
3615.6352935 8.965427644481457e-05 2.566494302262162e-05 1.5616707352386497e-05 1.1095239803594433e-05 8.322789693744583e-06 6.601912634156112e-06
3616.2379496 9.546039382647974e-05 2.7492783867743925e-05 1.668497280635303e-05 1.1808032382598137e-05 8.825191117501768e-06 6.9728441624386736e-06
3616.84070616 0.0001013720906549991 2.961072456572832e-05 1.8058094798264134e-05 1.2827048413480914e-05 9.617705615116144e-06 7.619771830600464e-06
3617.44356318 0.00010319116977207679 3.0259463680007892e-05 1.8462757654225363e-05 1.3120462964259133e-05 9.83460992990026e-06 7.789512590899422e-06
3618.04652068 9.657542658779866e-05 2.730578815509964e-05 1.6361476157147146e-05 1.1461279614576082e-05 8.482176673661787e-06 6.643939971546803e-06
3618.64957869 7.779471795672766e-05 1.9179961886121488e-05 1.0868864234181088e-05 7.307107798082424e-06 5.2213336468883704e-06 3.971566733073135e-06
3619.25273722 6.227733093315997e-05 1.2584594255935449e-05 6.5527439511946844e-06 4.151409294426391e-06 2.820920263661582e-06 2.061271001121349e-06
3619.85599628 5.872335975760839e-05 1.037834221950309e-05 4.981248382679631e-06 2.9952277727515737e-06 1.958008379399639e-06 1.3953425407502587e-06
3620.45935589 6.729086286803507e-05 1.3122022965752652e-05 6.511253141320275e-06 4.006565468088846e-06 2.671762429425979e-06 1.934313653927581e-06
3621.06281607 8.114388787820444e-05 1.9131822045563795e-05 1.0473481466334044e-05 6.884762205466218e-06 4.835185164953856e-06 3.632248458721127e-06
3621.66637683 8.561857871264454e-05 2.2259811278739536e-05 1.2863488284568366e-05 8.775101687219978e-06 6.346757341937182e-06 4.876180774520423e-06
3622.2700382 7.831367083967291e-05 2.0372292577914177e-05 1.1885103683706784e-05 8.184582582715788e-06 5.970269806024921e-06 4.626574864956208e-06
3622.87380018 8.09718739531738e-05 2.1872053936329324e-05 1.2967759643109007e-05 9.057316634729663e-06 6.690199997277934e-06 5.24733011417605e-06
3623.4776628 9.643289132699011e-05 2.8695909932045245e-05 1.7611986290576098e-05 1.2613995846020158e-05 9.515936231032995e-06 7.5952230886932935e-06
3624.08162608 0.0001002610074850706 3.0401222664827188e-05 1.8800821932446745e-05 1.3535839869071254e-05 1.0251510164384706e-05 8.205538981250178e-06
3624.68569002 8.75776062833598e-05 2.429085543967376e-05 1.4613441887226343e-05 1.0320363325188367e-05 7.696906032034326e-06 6.08165706025981e-06
3625.28985465 7.853089669902011e-05 2.0295537580466187e-05 1.1904507926539736e-05 8.251063001531905e-06 6.06488798723722e-06 4.7337372406580435e-06
3625.89411998 8.316547691722974e-05 2.3159638179088232e-05 1.3919352371580933e-05 9.819168919363545e-06 7.329617336895723e-06 5.798192765368152e-06
3626.49848602 0.00010364200170517843 3.2513768888695184e-05 2.0274855540185147e-05 1.466235111771767e-05 1.116333857240253e-05 8.97061893698553e-06
3627.10295281 0.00011632127057225972 3.798311101139256e-05 2.3973832697785296e-05 1.7475141125832687e-05 1.3391934252636427e-05 1.0816432810978659e-05
3627.70752035 0.00011491468064386816 3.7084656979578486e-05 2.336888889042635e-05 1.7045700997909697e-05 1.3081687716288255e-05 1.0588999601344494e-05
3628.31218866 0.0001047192722138149 3.206581059337234e-05 1.9912747281490863e-05 1.438415626867145e-05 1.0956445825756161e-05 8.815492023338518e-06
3628.91695775 9.942935252592489e-05 2.9399349878452888e-05 1.8062575791868267e-05 1.2932897191165902e-05 9.771579611129104e-06 7.802205380240447e-06
3629.52182765 0.00010356202627163683 3.120865158213182e-05 1.9205867099230037e-05 1.374549215263812e-05 1.0371356195226458e-05 8.265231981313378e-06
3630.12679836 0.00010767711788099038 3.306715513419428e-05 2.0388415573801864e-05 1.4584271712406223e-05 1.0992032235282976e-05 8.745018336876658e-06
3630.73186992 0.00010264134420600384 3.057630433947955e-05 1.8643116438097812e-05 1.3217825289488476e-05 9.882618642037188e-06 7.804700080239162e-06
3631.33704233 8.408144541821143e-05 2.2497907926982947e-05 1.3197469979691064e-05 9.097949641199991e-06 6.639673909987827e-06 5.135229417466684e-06
3631.9423156 6.539562713763107e-05 1.4533588416003306e-05 7.907992622203518e-06 5.1773080885559375e-06 3.619459578004711e-06 2.703621886760799e-06
3632.54768977 6.152008687437317e-05 1.2689300157603484e-05 6.605148579939775e-06 4.1821942499903155e-06 2.8392209250382802e-06 2.0727269854132085e-06
3633.15316484 7.382469628210008e-05 1.795746354809831e-05 1.0031712370625075e-05 6.656479440076904e-06 4.693583675902747e-06 3.5268267555644005e-06
3633.75874083 8.431979639578675e-05 2.2784946938887052e-05 1.3428257350198242e-05 9.258774359866087e-06 6.748541630136118e-06 5.206016038340605e-06
3634.36441776 8.749190745078706e-05 2.427886049400015e-05 1.4565814293423276e-05 1.0197680293577214e-05 7.547752526015305e-06 5.902954897361336e-06
3634.97019564 8.136288526488147e-05 2.1115787757839588e-05 1.2458524097751822e-05 8.673688613325802e-06 6.4076363060574725e-06 5.018878270178468e-06
3635.5760745 7.079418410570495e-05 1.5989301143644715e-05 8.963786980404755e-06 6.05370064555744e-06 4.369802427672735e-06 3.369927208417096e-06
3636.18205434 7.039110258308853e-05 1.5907785008424643e-05 8.880944663289663e-06 5.963936870907471e-06 4.274972190750275e-06 3.273283544962881e-06
3636.78813519 7.912000542718165e-05 2.029885508676394e-05 1.1931672148552748e-05 8.308750834672149e-06 6.131504276027721e-06 4.807575126486137e-06
3637.39431706 8.241932112289792e-05 2.15268770884888e-05 1.2823955036177109e-05 9.037652160622941e-06 6.747851961744365e-06 5.347928595382181e-06
3638.00059997 8.788192226678263e-05 2.392172637978456e-05 1.4424286822570023e-05 1.0245582036852904e-05 7.704534381205757e-06 6.142244432776089e-06
3638.60698393 9.58976887989443e-05 2.797977645173665e-05 1.7124542484708123e-05 1.2267322780027229e-05 9.27726393913103e-06 7.426573889240899e-06
3639.21346897 9.754505474510357e-05 2.9021006882161476e-05 1.7793768156301836e-05 1.2744176107813535e-05 9.628607304080104e-06 7.697784534715115e-06
3639.82005509 0.00010698286215910055 3.3437373638045496e-05 2.072239806544536e-05 1.4934276971152959e-05 1.1340436122524552e-05 9.102571497194112e-06
3640.42674232 0.0001084979056947739 3.388107671730312e-05 2.0959916489032767e-05 1.5088059193078335e-05 1.1446374820110867e-05 9.180490928343486e-06
3641.03353068 0.0001037199194194867 3.1990715983530124e-05 1.978496320985355e-05 1.4232889255432593e-05 1.0783789680562154e-05 8.63423976031222e-06
3641.64042017 0.000100371809308069 3.105923781640318e-05 1.9298329840800954e-05 1.3929340653253093e-05 1.0588736057272694e-05 8.500664841974835e-06
3642.24741082 9.84801598475675e-05 3.0397397263328164e-05 1.8941327774682312e-05 1.3714678861432606e-05 1.0463907379705923e-05 8.42835859832129e-06
3642.85450265 9.971004509610183e-05 3.0315884765227974e-05 1.8727176446474208e-05 1.3464252590459052e-05 1.0205522387671436e-05 8.171959182099407e-06
3643.46169566 9.301105854435778e-05 2.7381419629937604e-05 1.6686112705272302e-05 1.1865885178999924e-05 8.903673197442057e-06 7.066061904575053e-06
3644.06898989 8.793816957944724e-05 2.567875536906327e-05 1.5707127159200094e-05 1.1209116590802505e-05 8.434228381348496e-06 6.709844033070465e-06
3644.67638533 9.02422631797402e-05 2.6228361301962365e-05 1.6090793577373452e-05 1.1535599561010493e-05 8.712382436952751e-06 6.959328362546842e-06
3645.28388202 8.915175960329083e-05 2.5233453067362097e-05 1.5279246407978186e-05 1.085539546902135e-05 8.131880034733917e-06 6.453177834265399e-06
3645.89147996 7.847393513811242e-05 2.0568568081116744e-05 1.2116128211014324e-05 8.421097682010016e-06 6.1956371738969025e-06 4.837819952632814e-06
3646.49917919 7.759455914122052e-05 2.0344471252037488e-05 1.1990405898994644e-05 8.298729088311747e-06 6.078595890853212e-06 4.715333879084436e-06
3647.1069797 9.179708148098295e-05 2.5748598758696e-05 1.5257756538132606e-05 1.053590978422964e-05 7.676050807736269e-06 5.912597725553976e-06
3647.71488152 9.371919748873987e-05 2.5533631578300727e-05 1.4714609521102961e-05 9.929653331291918e-06 7.0810099931150014e-06 5.354291584396753e-06
3648.32288466 7.719721388130564e-05 1.7762643968405392e-05 9.566197512453781e-06 6.168055078786031e-06 4.236154634632476e-06 3.1107722439123055e-06
3648.93098915 6.796625713751117e-05 1.3423531592283746e-05 6.783918978650383e-06 4.205684924439792e-06 2.804513363107636e-06 2.0176726842582864e-06
3649.539195 7.489928028540875e-05 1.6550195263637937e-05 8.780709954746197e-06 5.616810837594344e-06 3.838354141088634e-06 2.8099994629966932e-06
3650.14750222 7.647925119522522e-05 1.8238012405593768e-05 1.0128638026417827e-05 6.684175411258062e-06 4.68310064154577e-06 3.493460940262259e-06
3650.75591084 7.212420762693488e-05 1.7186509246144722e-05 9.67487027238808e-06 6.482993460341893e-06 4.617550195392942e-06 3.5040315198123727e-06
3651.36442086 7.617992948196042e-05 1.9165696323472363e-05 1.1113869605312545e-05 7.651983360134087e-06 5.594441231577266e-06 4.351855276915602e-06
3651.97303232 8.447607376770742e-05 2.2519066570768957e-05 1.3239471930244852e-05 9.198082327438172e-06 6.7733983476883314e-06 5.300216963087046e-06
3652.58174521 8.442228185223187e-05 2.3105807346143847e-05 1.3737741317057852e-05 9.6245336070675e-06 7.144180347303563e-06 5.6287719600064766e-06
3653.19055957 9.773595231355507e-05 2.917171339620655e-05 1.799021130385201e-05 1.2942586687544985e-05 9.82554658927624e-06 7.883674571351896e-06
3653.79947541 0.00010678707720343159 3.269297854117875e-05 2.0347279000170457e-05 1.4719625891975528e-05 1.1222081490788703e-05 9.02879589918327e-06
3654.40849274 0.00010000213720782022 2.935062888575003e-05 1.8038803029944504e-05 1.2922899564121192e-05 9.769523300522902e-06 7.79999670879596e-06
3655.01761158 9.954728212697644e-05 2.921632748874794e-05 1.790830148990811e-05 1.2809805652973878e-05 9.671489895203987e-06 7.717593939172678e-06
3655.62683195 0.00010755917534673796 3.3197809322104255e-05 2.0620655320057305e-05 1.4904910787483894e-05 1.1360195091734503e-05 9.145874988818711e-06
3656.23615386 0.0001087626094535322 3.432073587494286e-05 2.152777599968031e-05 1.569820424223539e-05 1.2056409379259534e-05 9.777046067494566e-06
3656.84557734 0.00010516787139376919 3.2946933168749846e-05 2.0678851081299343e-05 1.5105760855561664e-05 1.1618314794733406e-05 9.438224525247505e-06
3657.45510239 0.00010695029212545868 3.38524415139012e-05 2.1310135041404082e-05 1.5592322337752463e-05 1.2007861178205751e-05 9.763923371956729e-06
3658.06472904 0.00011396092257725647 3.7230140369353376e-05 2.3616969683365714e-05 1.735760602981921e-05 1.3411831203261825e-05 1.0933026581882735e-05
3658.67445731 0.00011176883376212784 3.579087050265808e-05 2.2568811897826335e-05 1.6545242836108964e-05 1.2765722879378158e-05 1.0401112575031578e-05
3659.2842872 0.00011187785832209104 3.5889561033699466e-05 2.267030359965983e-05 1.6654524868982417e-05 1.287704793353022e-05 1.051198741031042e-05
3659.89421874 0.00011768105293875745 3.9670575636464566e-05 2.5469317188336854e-05 1.8893363566843295e-05 1.471471079593594e-05 1.207481914658542e-05
3660.50425195 0.00010983594311417812 3.6749537124704086e-05 2.3578958200093425e-05 1.7474441907461445e-05 1.3599607638406547e-05 1.115061483041276e-05
3661.11438683 0.00010540400644654022 3.38876846935533e-05 2.137156796283544e-05 1.5646408005826033e-05 1.2068187375680027e-05 9.825818613885346e-06
3661.72462341 0.00010552063215854267 3.263369371307258e-05 2.0194952798491584e-05 1.4566594329084876e-05 1.1104431500642398e-05 8.952052276750486e-06
3662.33496171 0.00010398933294601292 3.184458006019583e-05 1.9727444110177893e-05 1.4240017427766662e-05 1.086391194093999e-05 8.761531992778522e-06
3662.94540174 9.8317895320421e-05 2.9692921532416944e-05 1.8435236939378987e-05 1.3350797692781862e-05 1.0216955214990202e-05 8.263718913221472e-06
3663.55594352 9.97997658418231e-05 3.0883864489563806e-05 1.9397534376485757e-05 1.4159842550920896e-05 1.0901710123093742e-05 8.859006230832274e-06
3664.16658706 9.945677009661443e-05 2.9848166012185203e-05 1.8560085551370376e-05 1.343554708661968e-05 1.026719734439262e-05 8.284939292793465e-06
3664.77733238 9.591165677534277e-05 2.7862956889826384e-05 1.711967549307643e-05 1.2288648346752492e-05 9.321824219838077e-06 7.4742354627021366e-06
3665.38817951 9.090356529758384e-05 2.6029398236659335e-05 1.58902876974865e-05 1.1364699244883361e-05 8.602217640739959e-06 6.891363675151409e-06
3665.99912845 9.98285245664713e-05 3.084501956556915e-05 1.921990974072874e-05 1.3944271054586881e-05 1.0679466497499532e-05 8.643889774647975e-06
3666.61017922 0.00011325907333705298 3.7501544307450395e-05 2.3861174672542287e-05 1.7569871682810393e-05 1.3605670350652737e-05 1.1112788514026767e-05
3667.22133185 0.0001046050820450248 3.289684907936621e-05 2.0648590164456146e-05 1.5071558115607061e-05 1.1587874640393307e-05 9.40876323990474e-06
3667.83258634 9.618578506528607e-05 2.823036198025531e-05 1.7303263122219773e-05 1.240937204053932e-05 9.411727691817552e-06 7.552902578398191e-06
3668.44394272 0.00010192353138877533 3.119441739940832e-05 1.9388218307695087e-05 1.402596324426524e-05 1.070603477725134e-05 8.633843372774427e-06
3669.05540099 0.00010406936627922299 3.239104867913081e-05 2.0285238261919322e-05 1.4754921016189489e-05 1.1311338931067455e-05 9.154070281856407e-06
3669.66696119 9.765178499496593e-05 2.9009940144056707e-05 1.7880629960215074e-05 1.2871518200028836e-05 9.793476287908653e-06 7.878623911163422e-06
3670.27862332 8.40938903990233e-05 2.267052030530167e-05 1.3547711744771997e-05 9.545950032201643e-06 7.133652338087716e-06 5.653431326191269e-06
3670.8903874 7.907283413023857e-05 2.0543451284922263e-05 1.21332033694953e-05 8.473998379654805e-06 6.279015101669274e-06 4.939386192987854e-06
3671.50225345 8.631309043346001e-05 2.354274496329767e-05 1.4130004562836474e-05 9.992481743829509e-06 7.491107596812378e-06 5.9554485579987175e-06
3672.11422149 0.00010184816215873616 3.10246594921993e-05 1.930770513437609e-05 1.3992532602960257e-05 1.0703087360457507e-05 8.64657094697822e-06
3672.72629153 0.00011181127576395565 3.599438807908825e-05 2.2746458205763536e-05 1.664895551281961e-05 1.282907841307421e-05 1.0423800282987338e-05
3673.3384636 0.0001115351059611563 3.5922114878987426e-05 2.2686305609275336e-05 1.6599437999035114e-05 1.2791068663924983e-05 1.0395945216171547e-05
3673.95073769 0.00010706658705904837 3.380384656547919e-05 2.114410866872939e-05 1.5366440833889485e-05 1.177418057515948e-05 9.527520754229566e-06
3674.56311385 0.00010332498809818059 3.194955270564603e-05 1.982025534813391e-05 1.4300352393987667e-05 1.0881746582190765e-05 8.749048909525454e-06
3675.17559207 9.847271652118043e-05 2.9735450367115863e-05 1.842604745713651e-05 1.3292440331438298e-05 1.0108114929181513e-05 8.121228813309688e-06
3675.78817238 0.0001021026576091342 3.1636602619188904e-05 1.9777779627166885e-05 1.4371572532752538e-05 1.0998647845199457e-05 8.888093176968105e-06
3676.4008548 0.00010952556324153916 3.5114730473466135e-05 2.2056350727640405e-05 1.607693811043029e-05 1.2336793500262847e-05 9.993790336121222e-06
3677.01363934 0.000108590665270847 3.499449913506114e-05 2.2024956367179573e-05 1.6086905667888573e-05 1.2365985551284784e-05 1.0034075155856423e-05
3677.62652602 9.544691150993357e-05 2.8533858226086697e-05 1.7597508346139134e-05 1.2676199320600149e-05 9.640626722502499e-06 7.75318524964785e-06
3678.23951486 7.896084793416406e-05 2.150876852228931e-05 1.2895724136659645e-05 9.106263903148036e-06 6.813559784130181e-06 5.40624924313216e-06
3678.85260586 7.796946557364909e-05 2.1952571023227474e-05 1.3251756461865606e-05 9.37679914938736e-06 7.013226243977422e-06 5.556544194648962e-06
3679.46579906 9.700763603580996e-05 2.9672292403987992e-05 1.8284104164415574e-05 1.309415742618027e-05 9.866370880469563e-06 7.853080913192066e-06
3680.07909447 9.814760361828987e-05 2.9426829748145026e-05 1.7913983292304197e-05 1.2676977236727729e-05 9.434601300529537e-06 7.416539142937891e-06
3680.6924921 8.454690711761593e-05 2.2989386232949367e-05 1.3353867263191935e-05 9.099429970903702e-06 6.5439080632576965e-06 4.990316618357026e-06
3681.30599197 7.666798018290762e-05 1.8808061209744857e-05 1.0555648318360248e-05 7.040048225140843e-06 4.982166200295211e-06 3.759763850445307e-06
3681.9195941 8.484901592135684e-05 2.239796610347727e-05 1.3196445663451769e-05 9.186899971373797e-06 6.773226463187102e-06 5.305322605692396e-06
3682.53329851 9.413310392807225e-05 2.7135460104007577e-05 1.6470946299608456e-05 1.1713983336766234e-05 8.791041393782244e-06 6.987042108817153e-06
3683.14710521 8.96523565722463e-05 2.5732326288170003e-05 1.5449699959262203e-05 1.0879989272461687e-05 8.089379807890132e-06 6.376778504815618e-06
3683.76101422 8.860042504332802e-05 2.552766273251292e-05 1.5265035554972632e-05 1.067566890335098e-05 7.870029537587553e-06 6.145214323965983e-06
3684.37502555 9.46910062323312e-05 2.8368890632308243e-05 1.7311307711745442e-05 1.2285934592043355e-05 9.169220802946336e-06 7.23013988149481e-06
3684.98913923 9.883039569394736e-05 3.0529918046596045e-05 1.8921033932230656e-05 1.3612260019852017e-05 1.0301247108881863e-05 8.230784680829027e-06
3685.60335527 9.869512482682287e-05 3.06546380059054e-05 1.9057180639691455e-05 1.375818951094112e-05 1.0464870765280436e-05 8.404871012623495e-06
3686.21767369 8.947854654952458e-05 2.6439806261732215e-05 1.618422129164845e-05 1.1566445120668407e-05 8.735742623911757e-06 6.977398838973751e-06
3686.8320945 8.517594883539493e-05 2.399809470559915e-05 1.4399907820915935e-05 1.011880706347633e-05 7.52345907962356e-06 5.9230839453429795e-06
3687.44661773 8.301038859910513e-05 2.3058845852245307e-05 1.367202659630542e-05 9.486293385747498e-06 6.9611767532154346e-06 5.409144494600885e-06
3688.06124338 7.625814684146514e-05 1.993120582297082e-05 1.1452741304815389e-05 7.75466897222294e-06 5.568608788144177e-06 4.243972345116977e-06
3688.67597148 7.66857675654733e-05 1.9459424986078746e-05 1.1020914549354319e-05 7.388399531691769e-06 5.260751421319679e-06 3.982616406449927e-06
3689.29080204 8.883125582884183e-05 2.4279428616802623e-05 1.4294025988357275e-05 9.879809190901417e-06 7.224622350909165e-06 5.602044909470077e-06
3689.90573509 9.31071680136671e-05 2.616681954815454e-05 1.57053002306477e-05 1.1051927188789611e-05 8.216765602368502e-06 6.474048494051635e-06
3690.52077063 9.402210787636954e-05 2.6916692679509228e-05 1.629262049028439e-05 1.15446513570951e-05 8.638359800746708e-06 6.845225150963696e-06
3691.13590868 9.78615824915021e-05 2.9433024589044208e-05 1.8104613097236013e-05 1.2970426334087518e-05 9.796310132502442e-06 7.822057534201145e-06
3691.75114927 0.0001030616319647153 3.3919462074074206e-05 2.1518097670610294e-05 1.577180886719854e-05 1.2146806845864011e-05 9.861995946242817e-06
3692.3664924 0.00011285021074226644 4.1092548184967985e-05 2.6888361573707434e-05 2.014290711446192e-05 1.5796380951041114e-05 1.3017707160569034e-05
3692.9819381 0.00011685342608479467 4.263139009567301e-05 2.787768695417237e-05 2.0875024446123253e-05 1.6364061983521907e-05 1.3480589230289172e-05
3693.59748639 0.00011211138800115063 3.7488730931072596e-05 2.3871495560814612e-05 1.755728424986199e-05 1.3569258652807438e-05 1.105159903913049e-05
3694.21313727 0.00010215495208653358 3.0419950886450706e-05 1.859132564152671e-05 1.3307917554325206e-05 1.0074515397393325e-05 8.078307023759384e-06
3694.82889077 9.436939829947061e-05 2.6165733709410628e-05 1.5568073169268994e-05 1.0927610675363292e-05 8.135908665898617e-06 6.434919770467929e-06
3695.44474691 0.00010008806159359639 2.9362845128917218e-05 1.790776499952791e-05 1.2769211148981013e-05 9.612109575482667e-06 7.659767427195665e-06
3696.06070569 0.00010393778230826964 3.165622595018628e-05 1.951700999167198e-05 1.400900071085168e-05 1.0597300357817685e-05 8.475321987749273e-06
3696.67676715 0.00010544678694613851 3.308778325461135e-05 2.053781620267164e-05 1.4801108328434015e-05 1.1242788973242294e-05 9.021020302405348e-06
3697.29293129 0.00010254134654188904 3.3749927346872536e-05 2.1294165466963146e-05 1.5511447188720872e-05 1.1899724411203958e-05 9.623267060529003e-06
3697.90919813 9.412372668430968e-05 3.2202153096583473e-05 2.065262035358859e-05 1.5221634561354341e-05 1.1794691079422928e-05 9.616232235138911e-06
3698.52556769 9.077949797441135e-05 3.056351869632712e-05 1.9650686555893405e-05 1.4538412105132084e-05 1.1300154966575523e-05 9.241990048281191e-06
3699.14203999 9.649457584017548e-05 3.10599729191874e-05 1.9697832969091564e-05 1.4466012955131757e-05 1.1175331015352402e-05 9.105034210485903e-06
3699.75861505 0.00010773166653298895 3.456352791613675e-05 2.1804059974650873e-05 1.5963951831285196e-05 1.2297300965349237e-05 1.0001957539401558e-05
3700.37529287 0.00011902374962501444 3.900795414694407e-05 2.4785661849377374e-05 1.822803543887213e-05 1.4090061593852556e-05 1.1488292877842518e-05
3700.99207348 0.00012019425348169432 3.900864443887554e-05 2.4727402305472697e-05 1.8131363343518443e-05 1.3985797766405786e-05 1.1374823025839995e-05
3701.6089569 0.00011336969626066569 3.559229222279704e-05 2.2277806350265622e-05 1.6176765821257692e-05 1.237313177582179e-05 9.990032951708652e-06
3702.22594314 0.00010552728707189994 3.1760393679955626e-05 1.9549217904865523e-05 1.402082035095883e-05 1.0608454752794543e-05 8.487986050435824e-06
3702.84303222 0.00010337627781137836 3.086104198054832e-05 1.89307073092035e-05 1.3551466599285769e-05 1.0238593397480652e-05 8.183449771834886e-06
3703.46022416 0.00010149507683723611 3.115506866731267e-05 1.9305518286740425e-05 1.3928268683488205e-05 1.0588794714322962e-05 8.50675897855839e-06
3704.07751897 9.385164361257053e-05 3.009424366876213e-05 1.891242610056806e-05 1.376623801565336e-05 1.0530339309630754e-05 8.496555999538537e-06
3704.69491667 7.397619003040836e-05 2.243882928964622e-05 1.3832309857875868e-05 9.920062931783635e-06 7.48951736500153e-06 5.972223568403581e-06
3705.31241728 7.176667307715102e-05 2.045307015115683e-05 1.214811239761763e-05 8.428152837463693e-06 6.1648701845282465e-06 4.771640555575322e-06
3705.93002081 7.939807921988913e-05 2.1745834981664352e-05 1.249821578899495e-05 8.418068582036832e-06 5.9810750573876275e-06 4.507185986326014e-06
3706.54772729 7.206316561638755e-05 1.795865175937191e-05 1.0017683954900302e-05 6.623600109805802e-06 4.638435747798625e-06 3.461360034735992e-06
3707.16553673 7.57980143515971e-05 1.97339806189539e-05 1.151002868789912e-05 7.92500423180815e-06 5.764268483785022e-06 4.453145890333388e-06
3707.78344914 9.192369677445335e-05 2.5153824995662823e-05 1.4938778384616382e-05 1.0412453527489787e-05 7.647706457386607e-06 5.9533727430741175e-06
3708.40146455 8.720661433494831e-05 2.2187210318674233e-05 1.2815385741047062e-05 8.752354580453061e-06 6.322738244148218e-06 4.855332903601459e-06
3709.01958297 8.947677470821396e-05 2.298275211366465e-05 1.3267155212107859e-05 9.021830329969197e-06 6.485043242070141e-06 4.948345180791394e-06
3709.63780442 9.555125911575455e-05 2.472895183613251e-05 1.4147569525146578e-05 9.540545528228448e-06 6.809979150651445e-06 5.162671229662204e-06
3710.25612891 8.48851094689061e-05 2.0423333354390266e-05 1.1269300040180293e-05 7.413239977541242e-06 5.1916588493695434e-06 3.880577562516658e-06
3710.87455647 8.664023800471218e-05 2.2714361044029468e-05 1.3159655823996652e-05 8.990902586675454e-06 6.514461949206728e-06 5.013066518582621e-06
3711.4930871 9.471790733234945e-05 2.8627393797102612e-05 1.75652916062009e-05 1.2512387609685091e-05 9.387348044545163e-06 7.438481175754938e-06
3712.11172084 8.960648862580701e-05 2.9031819122338572e-05 1.8354945275006904e-05 1.3373070201064084e-05 1.0229305211501668e-05 8.24054597885267e-06
3712.73045768 7.986406053217696e-05 2.7679962718921232e-05 1.8039096214971247e-05 1.3416515962276468e-05 1.0447354911253281e-05 8.534757040241826e-06
3713.34929766 8.443556496708572e-05 3.0535934472032156e-05 2.015663809186012e-05 1.5134596147376372e-05 1.187630927897531e-05 9.767544521761965e-06
3713.96824079 9.622753334296345e-05 3.326662599590656e-05 2.156756252931354e-05 1.6019967363476006e-05 1.2461995966714639e-05 1.018774555134955e-05
3714.58728708 0.00011236074633077045 3.700315393775581e-05 2.352875277588285e-05 1.7239804950976187e-05 1.3256218666030625e-05 1.0735588514390456e-05
3715.20643656 0.00012736372649522007 4.188484592306696e-05 2.6639920646710428e-05 1.9545274861011508e-05 1.5030364182480654e-05 1.2176230355857925e-05
3715.82568923 0.0001256365216368991 4.090758598003242e-05 2.6024290206363498e-05 1.911846703172682e-05 1.471735527426819e-05 1.1933863865591976e-05
3716.44504512 0.0001124167697371054 3.4334348759844524e-05 2.1448033631786557e-05 1.554207175831037e-05 1.1834655375441334e-05 9.50340877184681e-06
3717.06450425 0.00011207527536005339 3.251256949060965e-05 1.986829863958769e-05 1.4154874635715797e-05 1.0606094203995958e-05 8.397132346495379e-06
3717.68406663 0.00011913199652660366 3.4311685040772206e-05 2.073910484199497e-05 1.462107283844202e-05 1.0834856169572406e-05 8.486800652425159e-06
3718.30373228 0.0001219542745594291 3.444995124663113e-05 2.049390632637323e-05 1.422271560366035e-05 1.0385485752431239e-05 8.014575606705925e-06
3718.92350121 0.00011602649593775162 3.1730429407726034e-05 1.8539877825060146e-05 1.2646918573923853e-05 9.07764400728858e-06 6.887369037811122e-06
3719.54337345 0.00010779551632026659 2.8323607024955014e-05 1.6086587212810605e-05 1.0692576539970018e-05 7.478504440096406e-06 5.540103235044709e-06
3720.16334901 9.674536349582103e-05 2.3223734244523744e-05 1.2419573917208165e-05 7.887285692122216e-06 5.298942460478384e-06 3.8017012463046384e-06
3720.78342791 7.9042744592842e-05 1.618686413797608e-05 8.015526891360656e-06 4.854095334950456e-06 3.150443680163728e-06 2.2124288709824838e-06
3721.40361016 7.323714902482204e-05 1.5863964166099716e-05 8.031593467902701e-06 4.925376066971821e-06 3.2246655728419248e-06 2.27765646789346e-06
3722.02389578 6.675968970503361e-05 1.6417036062435304e-05 8.911636250809791e-06 5.715599743907471e-06 3.873987447573798e-06 2.8015515696634267e-06
3722.6442848 5.2155310174311194e-05 1.3382793874694474e-05 7.67650639029232e-06 5.145410399620883e-06 3.6321658189242574e-06 2.713445181649505e-06
3723.26477722 5.2504820615780295e-05 1.4132944747288914e-05 8.150623572412095e-06 5.471525363615096e-06 3.864007224668531e-06 2.8885460109433073e-06
3723.88537306 7.049885567893418e-05 1.9570942590864347e-05 1.1305001317414955e-05 7.606953634822066e-06 5.382591910145222e-06 4.035904844570915e-06
3724.50607235 8.923405780269185e-05 2.527530342819592e-05 1.4935040849361276e-05 1.0278196529609832e-05 7.441358676990674e-06 5.697426175280898e-06
3725.12687509 9.532664700744541e-05 2.618713564911897e-05 1.5493080167476053e-05 1.0726050508092878e-05 7.835147773612307e-06 6.055566425031547e-06
3725.74778131 0.00010192522713976069 2.733483942909713e-05 1.612890205740706e-05 1.1166161640206317e-05 8.177271847711673e-06 6.337977988789178e-06
3726.36879102 0.00011489983722245357 3.171472306513244e-05 1.8959192933667204e-05 1.3262352863770056e-05 9.79986612072123e-06 7.659184383295674e-06
3726.98990425 0.00012565337047614042 3.5701514356941204e-05 2.154675420901755e-05 1.5172078860902859e-05 1.1264315571297644e-05 8.843653088735313e-06
3727.611121 0.00011244752433730203 3.0228718455338444e-05 1.7874092672840097e-05 1.2404567415973953e-05 9.100345141110591e-06 7.076979977990717e-06
3728.23244129 8.567881456667113e-05 1.971252019558728e-05 1.0980302121877564e-05 7.305585717615364e-06 5.176812646359308e-06 3.9132241199540505e-06
3728.85386515 8.653585613312462e-05 1.9394202064170545e-05 1.0689789930452066e-05 7.043592472712016e-06 4.946929149212019e-06 3.7027112828046167e-06
3729.47539259 0.00010889216982614619 2.738407992368049e-05 1.5859472761576382e-05 1.0832915210808652e-05 7.843466638019847e-06 6.020849031868317e-06
3730.09702362 0.00012605788958999753 3.4321096257028544e-05 2.0552012916672132e-05 1.4413711791267916e-05 1.0668829858382787e-05 8.355618177372051e-06
3730.71875827 0.00012532649137734668 3.4292839650906505e-05 2.063504436647825e-05 1.4539754857529805e-05 1.0805414421070712e-05 8.495031989649525e-06
3731.34059655 0.00010724790765522316 2.699566423719754e-05 1.5783510733206095e-05 1.0914142450494664e-05 7.995608888699889e-06 6.215249872132906e-06
3731.96253847 9.882577846440531e-05 2.4083796487435464e-05 1.3840220285049971e-05 9.434964764741457e-06 6.829046630317029e-06 5.2494412752694674e-06
3732.58458407 0.00010084616416103701 2.61605095481946e-05 1.5290384582403122e-05 1.0509757133059806e-05 7.64333235852219e-06 5.888570983392773e-06
3733.20673334 9.007743356322947e-05 2.3243179637691404e-05 1.3425529700848855e-05 9.122170397410683e-06 6.554767369293389e-06 4.994914915464542e-06
3733.82898632 7.409943878321279e-05 1.8716065111046263e-05 1.054233691649637e-05 6.9817205270188414e-06 4.884777479219084e-06 3.6295302246308232e-06
3734.45134301 6.130324543107805e-05 1.564253145910466e-05 8.702167730105266e-06 5.667588088111382e-06 3.89274261699976e-06 2.8393536368461103e-06
3735.07380344 5.0719853185923014e-05 1.3374330845273003e-05 7.502446949068957e-06 4.892703748219323e-06 3.3590807933609604e-06 2.444986374807105e-06
3735.69636762 4.441828130302934e-05 1.0374628563349062e-05 5.570302813291737e-06 3.5533019188944307e-06 2.407725740153352e-06 1.7420134859103695e-06
3736.31903556 5.549576573657131e-05 1.2416643922098886e-05 6.418150385344381e-06 3.98846571322927e-06 2.6449435207016933e-06 1.8859620495759141e-06
3736.9418073 7.31110354820655e-05 1.7661544168066486e-05 9.346158550684471e-06 5.859621860490616e-06 3.891816661022574e-06 2.7675450196216296e-06
3737.56468284 7.157938450261962e-05 1.6457102238967013e-05 8.665702599486385e-06 5.4259104431479494e-06 3.5999998930282737e-06 2.558562386512521e-06
3738.1876622 6.965522888841656e-05 1.4230819390236464e-05 7.217188754658954e-06 4.438133594907319e-06 2.914259638521847e-06 2.0635866018241093e-06
3738.8107454 9.040330088046018e-05 1.988005921029521e-05 1.0390113402174592e-05 6.521250391827403e-06 4.353520575008208e-06 3.119770006987863e-06
3739.43393245 0.00010584534191996707 2.513966518604641e-05 1.390334363761205e-05 9.113022544384593e-06 6.3189013875268916e-06 4.6642765886421735e-06
3740.05722338 0.00011145284532462828 2.6472039136645205e-05 1.5016014922462568e-05 1.0073514025937671e-05 7.143715885712747e-06 5.376479156412192e-06
3740.6806182 0.00011602740155978237 2.8036467433084156e-05 1.6149426316555223e-05 1.100147610846119e-05 7.930379559387979e-06 6.066320950147181e-06
3741.30411693 0.00013030983723496238 3.3759645510169886e-05 1.9890912223175007e-05 1.377960657827941e-05 1.0076872863542741e-05 7.80829541631371e-06
3741.92771958 0.0001347628285177956 3.558825968385918e-05 2.1162219122859324e-05 1.4763815709760435e-05 1.0861581185368789e-05 8.459502627257726e-06
3742.55142617 0.00012524580133234524 3.225752637227644e-05 1.9046896513293426e-05 1.3221720453746069e-05 9.697039149123771e-06 7.532183388261735e-06
3743.17523673 0.00012156674552630922 3.009425809627209e-05 1.744392723908225e-05 1.1924829296961792e-05 8.630230125684088e-06 6.622753937997096e-06
3743.79915126 0.00011139207781568632 2.546792361171312e-05 1.4260054086849314e-05 9.501628892665e-06 6.723594061909329e-06 5.062599836300653e-06
3744.42316978 9.662869996209164e-05 2.0168499565920424e-05 1.0859547764487017e-05 7.034893870067e-06 4.855899512880275e-06 3.5827392548279627e-06
3745.04729232 0.00010417664129651096 2.2617993060655928e-05 1.2259637567742827e-05 7.934689430292658e-06 5.448216481388481e-06 3.988751699166464e-06
3745.67151889 0.0001154871109951896 2.6344648936032867e-05 1.4227079942565515e-05 9.127150634247943e-06 6.1942141632132445e-06 4.483419725356624e-06
3746.2958495 9.651662838714934e-05 2.0451632032703515e-05 1.0561381737921416e-05 6.564320898934526e-06 4.3379612362440406e-06 3.081122583083388e-06
3746.92028417 7.94716970673476e-05 1.549999331242587e-05 7.75644755753183e-06 4.7414425170760305e-06 3.104716123161111e-06 2.1993193045805394e-06
3747.54482293 8.96613393040108e-05 1.971841488520973e-05 1.0470246195810144e-05 6.659080942108855e-06 4.500706984045193e-06 3.2560312843583523e-06
3748.16946579 9.640833384069415e-05 2.3564975585234464e-05 1.3094779622370092e-05 8.561549626385274e-06 5.903543572560275e-06 4.320949081269928e-06
3748.79421276 8.549700406639009e-05 2.079887072496028e-05 1.14576739772149e-05 7.441847540491416e-06 5.102608678580325e-06 3.7172716024924917e-06
3749.41906386 6.492337199291466e-05 1.421705437292769e-05 7.448192919290398e-06 4.696660384009507e-06 3.1575009287532328e-06 2.2771487354596497e-06
3750.04401912 5.317112371989768e-05 1.0916264075843309e-05 5.534860082209092e-06 3.4275819239228117e-06 2.2819488764296663e-06 1.6412217063028423e-06
3750.66907854 4.608083938556636e-05 1.0335186438051395e-05 5.530457313229492e-06 3.5609405638458843e-06 2.4523211684362736e-06 1.8069422994373289e-06
3751.29424215 5.004042224053933e-05 1.3710944168580724e-05 8.088859052024377e-06 5.5389254198721945e-06 4.000304189026583e-06 3.046799045594804e-06
3751.91950996 6.623494200338348e-05 1.9418700285895393e-05 1.1802632596037788e-05 8.267631457855884e-06 6.090928991608626e-06 4.722175983925662e-06
3752.54488199 8.573033005232197e-05 2.5222516920811192e-05 1.539797917583763e-05 1.0866573515619472e-05 8.069128029436769e-06 6.31411169223046e-06
3753.17035826 9.789157307045342e-05 2.7951268986870108e-05 1.6927483725574843e-05 1.1904143484186468e-05 8.821725632484188e-06 6.8992208244392985e-06
3753.79593879 0.00010193432324645967 2.72651898792152e-05 1.614029836982308e-05 1.1189522346067872e-05 8.198924385396992e-06 6.356753385869343e-06
3754.42162358 0.00011112910366921545 2.9592483767424764e-05 1.7516199932464373e-05 1.2178578439161615e-05 8.946848959988894e-06 6.964571608757984e-06
3755.04741267 0.0001259898904968477 3.5042508095388314e-05 2.1135064602921733e-05 1.4907439863424731e-05 1.1090761682344193e-05 8.732269126849531e-06
3755.67330606 0.00013410551332685447 3.7170008335833974e-05 2.2406457454535375e-05 1.579473834915607e-05 1.1761120264173282e-05 9.267329668649814e-06
3756.29930377 0.00014547167053099045 4.06448331859543e-05 2.4633760267162525e-05 1.742308504256092e-05 1.301377307202967e-05 1.0276619222648671e-05
3756.92540583 0.0001502872887086898 4.126279944420555e-05 2.4931888931121074e-05 1.7584557870732628e-05 1.3093314725474328e-05 1.030582573406074e-05
3757.55161225 0.00014403097937220192 3.770015366465022e-05 2.2339810224428105e-05 1.551231737299268e-05 1.1385400351484305e-05 8.844923424442565e-06
3758.17792304 0.0001240400330168184 2.914768508479155e-05 1.6548102793762134e-05 1.113646116683951e-05 7.957761217231202e-06 6.041322416634918e-06
3758.80433823 0.00010266043362903342 1.9740446848063855e-05 1.033628853324459e-05 6.589654093693319e-06 4.506881051428444e-06 3.308051893330205e-06
3759.43085783 0.00010030443663224171 1.7369237589190315e-05 8.586300965786398e-06 5.255777816207639e-06 3.4746206510682003e-06 2.487324404361347e-06
3760.05748185 0.0001040526371703555 1.987650228796216e-05 1.0347115258625592e-05 6.574360923251451e-06 4.489041386128336e-06 3.296159722110956e-06
3760.68421033 0.00011043883218259913 2.373100415820909e-05 1.3179511806842182e-05 8.776452851941561e-06 6.23805705953229e-06 4.726602000399594e-06
3761.31104326 0.00012435141022572278 2.8449259596593396e-05 1.618085987830361e-05 1.0952938549209924e-05 7.89195312643242e-06 6.045853280773799e-06
3761.93798068 0.0001252888556027274 2.9118673442127037e-05 1.671735257696214e-05 1.141845355288607e-05 8.303227328564373e-06 6.41776532971468e-06
3762.5650226 0.00011943581246188177 2.802190260574563e-05 1.623980012588278e-05 1.118634181798315e-05 8.201247141590072e-06 6.386378412847522e-06
3763.19216903 0.00013351488764986452 3.238064092880989e-05 1.8830900841801742e-05 1.294905084374045e-05 9.455544907449915e-06 7.326043389219276e-06
3763.81941999 0.00014255044277504365 3.4154743360611136e-05 1.944702395510485e-05 1.3104943941393327e-05 9.375032334325929e-06 7.124399057924229e-06
3764.44677551 0.00012212379756008348 2.6338338027357208e-05 1.4263100048368479e-05 9.269916124212889e-06 6.424084891008571e-06 4.751586743632089e-06
3765.07423559 0.00010770502187170105 2.2685315894025633e-05 1.2242169703799542e-05 7.959159568075273e-06 5.52191559022816e-06 4.091671308034802e-06
3765.70180026 0.0001296089402256927 3.214036774046277e-05 1.8464105423139803e-05 1.2492298326097534e-05 8.942130386792097e-06 6.788275560746939e-06
3766.32946953 0.0001318209155430368 3.3955503489707435e-05 1.9797316984162606e-05 1.3529650193935081e-05 9.772032241214065e-06 7.474764387064354e-06
3766.95724342 0.00012095004911050008 3.0458656216366655e-05 1.7645982970836764e-05 1.2018577462477615e-05 8.666135472704885e-06 6.622085924745176e-06
3767.58512195 0.00011021420008680471 2.6448820038051276e-05 1.4913470287575626e-05 9.964866523589305e-06 7.072120735136703e-06 5.334963082193445e-06
3768.21310513 9.403698268581857e-05 2.1002209839977517e-05 1.1308270789466695e-05 7.313147425108653e-06 5.05137893781483e-06 3.7328564595874906e-06
3768.84119299 9.608401546238545e-05 2.375710113587968e-05 1.3436290321175459e-05 9.021754338565818e-06 6.441587581617693e-06 4.897887230664281e-06
3769.46938554 0.00010471740538899733 3.0308035606667553e-05 1.8467332165416433e-05 1.3109861881689212e-05 9.816267042665113e-06 7.76980159035077e-06
3770.09768279 0.0001011753673221991 3.225807369990574e-05 2.0413723419992055e-05 1.4889541799629405e-05 1.140990961653381e-05 9.20874383654156e-06
3770.72608477 8.267239844038112e-05 2.6998543960006546e-05 1.7311053581400368e-05 1.2762073018884209e-05 9.879444162666067e-06 8.046896903271346e-06
3771.35459149 6.55645954415104e-05 2.1484167659906062e-05 1.3914466957128149e-05 1.0372753244096235e-05 8.1181052030492e-06 6.68373089912157e-06
3771.98320297 6.58825510101233e-05 2.1921526641392875e-05 1.4270071675967796e-05 1.0679659772484607e-05 8.389209089811988e-06 6.9285309322326145e-06
3772.61191923 8.375002254963127e-05 2.7431478397619705e-05 1.7591192249378114e-05 1.3021734167683214e-05 1.0131480909400744e-05 8.30321225427298e-06
3773.24074029 0.00010412322980776346 3.390408504384104e-05 2.1596879597459157e-05 1.5916528159021422e-05 1.2339726752249836e-05 1.0087827909667067e-05
3773.86966615 0.000112945137909842 3.536619496950967e-05 2.2121964632484063e-05 1.605865798665237e-05 1.2292694695901111e-05 9.93522687629864e-06
3774.49869685 0.00012037459321643136 3.6937640066326e-05 2.3018091925302228e-05 1.6677394582176865e-05 1.2739293297880948e-05 1.0280051721769298e-05
3775.12783239 0.00012338220874445413 3.746117713007544e-05 2.3424788324844196e-05 1.7056694598106257e-05 1.308320263272242e-05 1.060407849085214e-05
3775.7570728 0.00011989664495376114 3.410796615590099e-05 2.0896944951745996e-05 1.4974208853441034e-05 1.1329658745560441e-05 9.070906593565137e-06
3776.38641809 0.000126077139087631 3.4750200205957814e-05 2.1091819181326497e-05 1.5004670093042744e-05 1.1273912027118493e-05 8.969483892361273e-06
3777.01586827 0.00012508941400655893 3.3284944607299575e-05 2.008532167753495e-05 1.4246534204394328e-05 1.0692820783861537e-05 8.501771114249852e-06
3777.64542338 0.00012623442263275862 3.1939432567576356e-05 1.898104310595756e-05 1.3312377397936668e-05 9.91441913424817e-06 7.829847597017977e-06
3778.27508342 0.00013544422368335287 3.3183158249664767e-05 1.951635655943811e-05 1.360488608384797e-05 1.009202876613684e-05 7.950082811529027e-06
3778.90484841 0.00014171561008986884 3.4855767979338866e-05 2.0583598477897878e-05 1.4417192988968328e-05 1.074200387638162e-05 8.501087818703749e-06
3779.53471838 0.00013510664355522256 3.249942425911896e-05 1.911862444115274e-05 1.3361400361134796e-05 9.93061474248736e-06 7.843545682225637e-06
3780.16469333 0.00014423607738486854 3.604921035143298e-05 2.1552884800676285e-05 1.52490436410407e-05 1.1441698115033356e-05 9.112100243615915e-06
3780.79477328 0.00016649655922138824 4.4195641114005105e-05 2.687906221389348e-05 1.9220120418866697e-05 1.4542593186308672e-05 1.1653627512685089e-05
3781.42495826 0.00017775027143937156 4.747756104943661e-05 2.8840139146076736e-05 2.0567060243477475e-05 1.5527751857942545e-05 1.2409154367552335e-05
3782.05524827 0.00017301538852599802 4.510540521663743e-05 2.729497812671198e-05 1.943609598431798e-05 1.4669392387502022e-05 1.1725311403644186e-05
3782.68564335 0.00016685955065926642 4.222755068064898e-05 2.540336331066703e-05 1.8034172064724807e-05 1.358829901536808e-05 1.0849239569341006e-05
3783.31614349 0.00016283295961072735 3.958022697370509e-05 2.3469458469152496e-05 1.6492217409167747e-05 1.2320402572676987e-05 9.766714821536633e-06
3783.94674873 0.00015987712635629462 3.9099401882147955e-05 2.3118338455156067e-05 1.6179944210203258e-05 1.2024413286790973e-05 9.483496349596751e-06
3784.57745908 0.00015518879639336757 3.820668274997631e-05 2.250980869996054e-05 1.568782458840588e-05 1.1599037527382466e-05 9.103600441202812e-06
3785.20827456 0.000173481094568741 4.433930938129214e-05 2.6449398677399023e-05 1.8596298510833137e-05 1.3854879785122243e-05 1.0942868195163595e-05
3785.83919518 0.00018245430621313989 4.731785812222232e-05 2.848727828895734e-05 2.017346698673935e-05 1.5138742764299475e-05 1.2031999314934346e-05
3786.47022096 0.0001602827519631672 3.9171744955092976e-05 2.3283923449254707e-05 1.6378250766977277e-05 1.2235012271488344e-05 9.695351618496632e-06
3787.10135193 0.0001285135766899214 2.8005619648678245e-05 1.6071825799627806e-05 1.1047829014418942e-05 8.094332090766772e-06 6.313389285882817e-06
3787.73258809 0.00012967357712386187 2.824568110884039e-05 1.5999193604093878e-05 1.0831063693745592e-05 7.80881161611309e-06 5.990997744184791e-06
3788.36392946 0.00013750877975374917 3.0227289036867147e-05 1.68698352812198e-05 1.1224488028948541e-05 7.952402674859808e-06 5.994565480338855e-06
3788.99537607 0.00013344813735133195 2.856793965301436e-05 1.562541953861122e-05 1.0232224040350936e-05 7.144625594303328e-06 5.3196679089476115e-06
3789.62692793 0.0001340580753084148 2.9759007231715444e-05 1.664015447654024e-05 1.110475372444003e-05 7.894483525495538e-06 5.97532968248938e-06
3790.25858505 0.0001326113033550713 2.998407258925027e-05 1.698028056840288e-05 1.1450856687809678e-05 8.219142234605306e-06 6.273675630153985e-06
3790.89034746 0.00012646148273741698 2.7548937352559363e-05 1.535227874407465e-05 1.02331732375702e-05 7.271060286358922e-06 5.503484461309931e-06
3791.52221517 0.00012599135026201765 2.7871249751829265e-05 1.5728884513715055e-05 1.0618880490279744e-05 7.642842901697554e-06 5.8594174507091976e-06
3792.1541882 0.00013606873721498655 3.2853582833757756e-05 1.9193193571991095e-05 1.3298895438687139e-05 9.793214021161719e-06 7.659252908789366e-06
3792.78626657 0.00013730658600872897 3.434515795657936e-05 2.023053940905562e-05 1.4082706235651933e-05 1.0410437030846804e-05 8.165506838616438e-06
3793.4184503 0.00013505416965348282 3.476950090720793e-05 2.065249744909667e-05 1.446403807064218e-05 1.0747963253706146e-05 8.468094705695603e-06
3794.0507394 0.00012603985601492744 3.254191746647469e-05 1.938823594610683e-05 1.3622230109576326e-05 1.0150602667413949e-05 8.020511252643239e-06
3794.68313388 0.00010938556784419221 2.7204390286231036e-05 1.5940421644745662e-05 1.1034421142490591e-05 8.109500787841239e-06 6.324799369040184e-06
3795.31563378 0.00010208749943722141 2.54533949266092e-05 1.461612524492568e-05 9.893783422620025e-06 7.106841002606078e-06 5.41760756848286e-06
3795.9482391 9.41906848456288e-05 2.3249386616839357e-05 1.3045703367556342e-05 8.653967322757925e-06 6.095245602602112e-06 4.565205243252573e-06
3796.58094987 9.422046330434697e-05 2.5026803018253496e-05 1.4423958448561167e-05 9.754526503670682e-06 6.9867112053007164e-06 5.307117089300351e-06
3797.21376609 9.464543178428029e-05 2.8080294103743904e-05 1.708273730661226e-05 1.2062002641270204e-05 8.984611940165494e-06 7.067398458478519e-06
3797.84668779 8.484818495156918e-05 2.6900469696639184e-05 1.6987530102500553e-05 1.2366916751522588e-05 9.465643277522204e-06 7.630263472020654e-06
3798.47971499 6.458958134288918e-05 2.0237724922157387e-05 1.2793194719445637e-05 9.317642406258012e-06 7.1316865977583395e-06 5.748885258351767e-06
3799.1128477 5.257512624793115e-05 1.5348055730823107e-05 9.379932524486217e-06 6.622844881538588e-06 4.9251171348463115e-06 3.86303824777799e-06
3799.74608595 6.0398206346752544e-05 1.6848594823583562e-05 9.849931202549891e-06 6.6663764319791015e-06 4.755844839526311e-06 3.581844925504774e-06
3800.37942974 7.403279281518342e-05 2.0156273852865784e-05 1.1571667366325696e-05 7.737262652685387e-06 5.46480471389167e-06 4.084798664868586e-06
3801.0128791 9.502651686389448e-05 2.697119712696472e-05 1.6001797500102586e-05 1.1037107276920096e-05 8.039568106055666e-06 6.190447173030673e-06
3801.64643404 0.00011469669941968977 3.3777481621638775e-05 2.053364737067088e-05 1.4450069987594757e-05 1.0726214878362982e-05 8.397823460380077e-06
3802.28009458 0.0001138252552796264 3.164473926918207e-05 1.898318947183078e-05 1.3272797947567809e-05 9.817811248442054e-06 7.674358357240407e-06
3802.91386074 0.00011112422274234798 2.872542736171346e-05 1.6932479055805705e-05 1.1745793146394708e-05 8.645857502185679e-06 6.746900276007268e-06
3803.54773254 0.00013060571446356437 3.563411028842735e-05 2.1387859742427072e-05 1.5050863313067938e-05 1.1212431698357226e-05 8.848342910302562e-06
3804.18170999 0.0001443706510006117 3.980683234917127e-05 2.3883849730610177e-05 1.679444712327855e-05 1.2497176736966488e-05 9.851802720054753e-06
3804.81579312 0.00014848453790484894 4.059259985805979e-05 2.435992830433303e-05 1.7140852049067195e-05 1.2763806874637515e-05 1.0067907338879359e-05
3805.44998193 0.0001532203343366705 4.1905620341574685e-05 2.5283823549845437e-05 1.7893369608108737e-05 1.3399486745065657e-05 1.0630499600661607e-05
3806.08427645 0.00014859176223664154 3.875596418047391e-05 2.299473345912017e-05 1.6083372254880497e-05 1.1926516334148977e-05 9.38706119243958e-06
3806.71867669 0.00014396450466450006 3.573067210675912e-05 2.0786178880202e-05 1.430352210122677e-05 1.0457969481120348e-05 8.124811941479032e-06
3807.35318268 0.0001381381978228673 3.2559979090949894e-05 1.853713893281605e-05 1.2537382557067842e-05 9.027761930651207e-06 6.921719153158541e-06
3807.98779443 0.00013032812985656891 2.8844065294190272e-05 1.602788217219606e-05 1.0646876172918262e-05 7.543124850544135e-06 5.70397256077274e-06
3808.62251195 0.00013925349602752433 3.115171675938714e-05 1.7474403038449358e-05 1.171274354779335e-05 8.369232420529844e-06 6.377592907904836e-06
3809.25733527 0.00015250004624449689 3.486042849716312e-05 1.9718428754192957e-05 1.3307753326719259e-05 9.570185286163735e-06 7.337953545489654e-06
3809.8922644 0.00015974799261910425 3.764250793964428e-05 2.172836059391874e-05 1.4929379801290746e-05 1.0915808419487485e-05 8.4991790554745e-06
3810.52729936 0.00016798382448913676 4.062751520502791e-05 2.3660760786921116e-05 1.6346008014731754e-05 1.2002917102579445e-05 9.374766544416967e-06
3811.16244017 0.00017387980596922625 4.224738025867762e-05 2.4553550427931055e-05 1.6888608282411608e-05 1.2348978488808485e-05 9.595803248125844e-06
3811.79768685 0.0001705350612125282 4.01709967645663e-05 2.3205457400227685e-05 1.592030364912579e-05 1.1625693891879188e-05 9.028261309517052e-06
3812.43303941 0.0001669538133592287 3.786548162887974e-05 2.1522384572822045e-05 1.458195748465061e-05 1.0523974719383276e-05 8.090238791885476e-06
3813.06849787 0.00016772839565829762 3.825479941111997e-05 2.1721969607174723e-05 1.4694736048589081e-05 1.0575429956530402e-05 8.110066712929957e-06
3813.70406225 0.00015334968697341094 3.387336407725139e-05 1.8811273767123896e-05 1.2492158439197417e-05 8.828595926534945e-06 6.6655536162478965e-06
3814.33973256 0.0001310243509062826 2.707359015547508e-05 1.4737801562347912e-05 9.646946990836738e-06 6.727899207956763e-06 5.019850427939874e-06
3814.97550883 0.00013017907419739854 2.6946644171269334e-05 1.4877744303054631e-05 9.864675885863328e-06 6.973313042577648e-06 5.264171875316522e-06
3815.61139107 0.00013510386326059208 2.740575068952147e-05 1.4960920024206322e-05 9.831510286406137e-06 6.900894700384605e-06 5.17518856605404e-06
3816.2473793 0.00013779055826068805 2.5433236642630518e-05 1.324673272134946e-05 8.433915356315097e-06 5.769529147587973e-06 4.2419729276544e-06
3816.88347354 0.00012925828612096418 2.0952392026748007e-05 1.0296097939188834e-05 6.327591038040953e-06 4.2185369292815325e-06 3.0515274368440238e-06
3817.5196738 0.00013827187214205002 2.3997192310972608e-05 1.2121133871627752e-05 7.565472341146297e-06 5.097233787512432e-06 3.709714860487007e-06
3818.1559801 0.00015369781847045344 3.0363808850465868e-05 1.6129450500653262e-05 1.0364677514942628e-05 7.128561381020852e-06 5.255317424389867e-06
3818.79239246 0.00015671071572781828 3.19354663812684e-05 1.7154735618042516e-05 1.1078110887909769e-05 7.638601820260083e-06 5.6299758168032556e-06
3819.4289109 0.00016080757973292126 3.258989462507515e-05 1.738016139475318e-05 1.1138647081002707e-05 7.61920388340707e-06 5.570131526033415e-06
3820.06553544 0.00015814129980998878 3.107214077382392e-05 1.629574552467746e-05 1.0309415962888888e-05 6.969026598306622e-06 5.0469640067305035e-06
3820.70226609 0.00013974258101219676 2.371769097614039e-05 1.179439932454679e-05 7.22967401586959e-06 4.774827555921542e-06 3.4050599936680666e-06
3821.33910287 0.00012180335326327804 1.7091004852591374e-05 7.888158651656668e-06 4.634610279744446e-06 2.974103569511631e-06 2.08517328123038e-06
3821.9760458 0.00012493399173325425 1.939354946512929e-05 9.250387781740398e-06 5.520000293728732e-06 3.567837977000252e-06 2.5035090473735e-06
3822.61309489 0.0001389718672104501 2.6344380271532532e-05 1.3517360646279277e-05 8.410988302688545e-06 5.598926926350717e-06 3.999588785727125e-06
3823.25025017 0.00015339073090562557 3.214499181306383e-05 1.7326076932873242e-05 1.1169822692055106e-05 7.669982057892393e-06 5.615540943936431e-06
3823.88751164 0.00015943229887804917 3.388997948995145e-05 1.8306651923723274e-05 1.1813427114861306e-05 8.114711227103942e-06 5.944128688827936e-06
3824.52487934 0.0001445979568251589 2.9229639114116858e-05 1.5356004976828662e-05 9.701899743060566e-06 6.533543195813859e-06 4.710945922987504e-06
3825.16235328 0.0001224258119832331 2.2956939118937866e-05 1.1670294551578785e-05 7.221168648505795e-06 4.7827796214954785e-06 3.411951187854023e-06
3825.79993347 0.00011481044000210348 2.0494084178714262e-05 1.0056286264322171e-05 6.073864789376929e-06 3.947548262731834e-06 2.7843347028966446e-06
3826.43761993 0.00011516703331918659 1.8916906549067744e-05 8.987566562190326e-06 5.336093344154611e-06 3.4340947716925545e-06 2.4119003171644293e-06
3827.07541268 0.00011147980740479365 1.7105612424500388e-05 7.965922970364373e-06 4.690509181863049e-06 3.010894252758595e-06 2.11635210429333e-06
3827.71331174 0.0001179613286439897 2.0673139260499132e-05 1.0158974582130614e-05 6.173556047040508e-06 4.050636074301821e-06 2.8849273271302006e-06
3828.35131712 0.00011608860842895293 2.1975882582335336e-05 1.120194938009691e-05 6.977170570932773e-06 4.667419594532044e-06 3.367118803373631e-06
3828.98942885 0.00011121783401729394 2.0565118688073445e-05 1.044651956684967e-05 6.529628045297055e-06 4.395742735167445e-06 3.1954211322930695e-06
3829.62764694 0.00011329205062713127 2.1861671017586662e-05 1.1354602278028384e-05 7.218112491097956e-06 4.929840224846362e-06 3.6282919023107757e-06
3830.2659714 9.84637993301357e-05 1.899618440268012e-05 1.0034611610667738e-05 6.477005851767404e-06 4.48806321190593e-06 3.3471526549380457e-06
3830.90440227 9.709996259663272e-05 1.96102975925104e-05 1.0596425014899265e-05 6.949188669967039e-06 4.880838184435895e-06 3.6792212421233975e-06
3831.54293954 0.00010276752420332334 2.2013424660707885e-05 1.2045765605926516e-05 7.943470497361735e-06 5.599183475901487e-06 4.229096541359275e-06
3832.18158325 8.771022506242253e-05 1.8518069408804795e-05 1.0114607695430515e-05 6.674537023678973e-06 4.714599186157387e-06 3.574453423927985e-06
3832.82033341 6.772047441338397e-05 1.3713536773757664e-05 7.458713557229082e-06 4.930082914696365e-06 3.4950557725195796e-06 2.6635861869473965e-06
3833.45919004 6.271911035984661e-05 1.2245209990631384e-05 6.513415022823455e-06 4.239058818133865e-06 2.9681995391634485e-06 2.2389967618164136e-06
3834.09815315 6.908957864344177e-05 1.4452716495704584e-05 7.665125656424256e-06 4.9297440653036195e-06 3.4012107156467666e-06 2.5244717150762767e-06
3834.73722276 6.777447740181177e-05 1.4935238335128106e-05 7.866935999089203e-06 4.997179239091105e-06 3.3987196070633558e-06 2.486691362591424e-06
3835.37639889 5.824758903056998e-05 1.3505404880603979e-05 7.310255139078554e-06 4.735858477852141e-06 3.2770171940045567e-06 2.4286549475821394e-06
3836.01568157 5.2992373277340336e-05 1.4538820657546917e-05 8.585181020944187e-06 5.901292690459137e-06 4.289136413826738e-06 3.297980998398831e-06
3836.65507079 5.279848904782849e-05 1.5548702823569773e-05 9.518711168879482e-06 6.712631114188214e-06 4.9873207044970985e-06 3.902071383416337e-06
3837.2945666 6.095646064774166e-05 1.674366199771434e-05 9.914715223818745e-06 6.856965345772586e-06 5.022028110922346e-06 3.895141208490579e-06
3837.93416899 7.375076419973425e-05 1.894826010254076e-05 1.0770962739074116e-05 7.245818180771015e-06 5.18278357776078e-06 3.953246652808266e-06
3838.57387799 7.895305960711037e-05 1.869861797370663e-05 1.026689442996796e-05 6.75521465682568e-06 4.74525964142129e-06 3.5741711196193106e-06
3839.21369362 7.221389697617905e-05 1.4784241886907198e-05 7.788686967895418e-06 5.016468671694869e-06 3.4770514073837785e-06 2.6012156796607107e-06
3839.85361589 7.985346163319228e-05 1.6109691726484283e-05 8.403721278126671e-06 5.36750855534394e-06 3.6926575025252435e-06 2.7446184730502383e-06
3840.49364483 9.066020449288349e-05 1.9829820410106433e-05 1.0528463567784162e-05 6.7468749714433714e-06 4.628745106706092e-06 3.4157972373128626e-06
3841.13378045 8.299524840930701e-05 1.8206753266185275e-05 9.586080837973377e-06 6.0788860640706356e-06 4.122050935638043e-06 3.0062931484580776e-06
3841.77402276 7.758851805197838e-05 1.5294462694536517e-05 7.684334526199798e-06 4.733129295181042e-06 3.140425092569274e-06 2.2572304105504217e-06
3842.4143718 9.882768448334683e-05 1.9979841769624738e-05 1.0211035804181837e-05 6.364180370626366e-06 4.264356386301729e-06 3.0892587052218932e-06
3843.05482756 0.0001241460571588621 2.762405576293687e-05 1.4941269196492303e-05 9.69690680139114e-06 6.725443409646025e-06 5.000861460906451e-06
3843.69539008 0.00012612942840555322 2.8472470138751217e-05 1.586203995934781e-05 1.0540893726772577e-05 7.467931415780964e-06 5.6419669478126155e-06
3844.33605936 0.00012392614689528625 2.7496167452425944e-05 1.5330677328314354e-05 1.0208892965545926e-05 7.2517827511711205e-06 5.490207310065229e-06
3844.97683544 0.00013702483083165176 3.0783149123877804e-05 1.71311318797797e-05 1.139130297775717e-05 8.084134867093971e-06 6.118722090948347e-06
3845.61771831 0.0001414892913534334 3.141728609771045e-05 1.7357502482302508e-05 1.1479667934714751e-05 8.110594929358153e-06 6.11810974034262e-06
3846.25870802 0.00013151579507280606 2.8175036877194068e-05 1.544889886027738e-05 1.0169816445419281e-05 7.159050084303272e-06 5.386696808371925e-06
3846.89980456 0.00012724355352638185 2.6969758530706385e-05 1.4857311415555464e-05 9.821547986383082e-06 6.941757235773211e-06 5.239962670007463e-06
3847.54100796 0.00012871250554110053 2.7026580707847712e-05 1.4840185992739915e-05 9.787598714666218e-06 6.904637496018934e-06 5.202862246301931e-06
3848.18231823 0.0001417331977426885 3.0665181871348614e-05 1.6872161500446182e-05 1.1105888376440638e-05 7.808413804847888e-06 5.856913329454236e-06
3848.8237354 0.00015445847831265487 3.461844736307097e-05 1.914892421254933e-05 1.263461827918273e-05 8.89916846735411e-06 6.686684727275401e-06
3849.46525948 0.00014877147624587953 3.26397166729428e-05 1.801058174946157e-05 1.1874330278430288e-05 8.362432496648154e-06 6.282278065592837e-06
3850.10689049 0.00013442554302401237 2.834672184780946e-05 1.5398196385849166e-05 1.0040875840245861e-05 7.001201745983734e-06 5.2179788740617445e-06
3850.74862845 0.00011702061301350964 2.34446561868996e-05 1.2290676548625142e-05 7.796880932177728e-06 5.298709058216676e-06 3.868912334762422e-06
3851.39047338 0.00012264287726429057 2.460788957325698e-05 1.2787153163509861e-05 8.025373644754646e-06 5.385621174593152e-06 3.881548878820098e-06
3852.03242528 0.00014171418023380434 2.8872673323934678e-05 1.524223037682924e-05 9.694803574835197e-06 6.592984116970954e-06 4.8069394009407405e-06
3852.67448419 0.00015303947150994052 3.089003510634469e-05 1.6488987205340473e-05 1.0636874800101308e-05 7.354119287865359e-06 5.450600614789602e-06
3853.31665012 0.00015044323861991828 2.9926415138308828e-05 1.585821153046665e-05 1.0185830525703843e-05 7.0206859241035e-06 5.193143868181221e-06
3853.95892308 0.0001484700499816639 2.9895789227631356e-05 1.587827260200393e-05 1.0193348439739383e-05 7.0116944547499246e-06 5.171669920614219e-06
3854.6013031 0.0001508704481133055 3.118150152195394e-05 1.685909973685384e-05 1.0962827459556187e-05 7.624041318023108e-06 5.668886543212729e-06
3855.24379019 0.00015586019687651982 3.212299149658886e-05 1.743157321547086e-05 1.1377593826933521e-05 7.939721730638388e-06 5.921688857969119e-06
3855.88638437 0.00016569595008652266 3.400502795817876e-05 1.8432785798673525e-05 1.2031142070686996e-05 8.39114336203499e-06 6.254900323517414e-06
3856.52908565 0.00015292069146361796 2.9387606584695713e-05 1.5522773613098062e-05 9.965297819972633e-06 6.8542575850458325e-06 5.053924777290628e-06
3857.17189407 0.0001329466701934997 2.3138562564612757e-05 1.1550091549193112e-05 7.1200358115150596e-06 4.73011467219847e-06 3.397867589531914e-06
3857.81480962 0.00014867966536009146 2.696491316517954e-05 1.35523473462544e-05 8.344162536413773e-06 5.513018147370254e-06 3.929845294138492e-06
3858.45783234 0.00016338695080353482 3.106075101508749e-05 1.6008095336233906e-05 1.0017275694406309e-05 6.703026714143849e-06 4.822264080831493e-06
3859.10096224 0.0001516610401681827 2.7235058590814935e-05 1.368974028165623e-05 8.425095905241288e-06 5.566153032468645e-06 3.9756627328364084e-06
3859.74419934 0.00014034623630289797 2.336311359616257e-05 1.1301631650977682e-05 6.767591277222492e-06 4.369456930831622e-06 3.072796807382355e-06
3860.38754365 0.00013316262837569185 1.9977542796270843e-05 9.318427504534134e-06 5.486250046367042e-06 3.5115805166756007e-06 2.46119976857734e-06
3861.03099519 0.000131450299778432 1.8078376461782204e-05 8.094575337724972e-06 4.67004868419385e-06 2.9609452893622444e-06 2.0711842245912516e-06
3861.67455398 0.00014260997923435544 2.22842150646625e-05 1.0326524162887062e-05 6.032159535487023e-06 3.8352008406662175e-06 2.6805461668015155e-06
3862.31822005 0.00014175766746752968 2.6196348115541213e-05 1.3184483130579015e-05 8.149240031285353e-06 5.4234192503323535e-06 3.914873307645338e-06
3862.9619934 0.00014216028458999578 3.090078315241292e-05 1.6978447400051908e-05 1.118469615298848e-05 7.856504194062708e-06 5.899247938288671e-06
3863.60587405 0.00014345441722674534 3.1477227338528736e-05 1.7605944818362655e-05 1.1764955742550654e-05 8.373069149426498e-06 6.351235849891546e-06
3864.24986203 0.00014460673786901028 2.8984132666395877e-05 1.5904081405485728e-05 1.0516011920881554e-05 7.4323404398881655e-06 5.609268970102627e-06
3864.89395734 0.00015328559335783367 3.0189855787619367e-05 1.6431968384926263e-05 1.0789550320817585e-05 7.575526612119224e-06 5.680048344829958e-06
3865.53816002 0.00016618293598419698 3.306298979473472e-05 1.781326284043497e-05 1.1589278622578692e-05 8.066330106237201e-06 6.005445744477535e-06
3866.18247007 0.00016114633900655742 3.104439566796152e-05 1.6224905160624567e-05 1.0309858765971221e-05 7.029264390189205e-06 5.154187784781356e-06
3866.82688752 0.00015261438449148552 2.875949842549725e-05 1.4870030937406716e-05 9.378070329648549e-06 6.3539390664740796e-06 4.6408697812411506e-06
3867.47141237 0.00015827167822519053 3.100214124719025e-05 1.6573828519403355e-05 1.0738809709158585e-05 7.456591072427325e-06 5.554452794232462e-06
3868.11604466 0.00015168974290940147 2.9279078661683767e-05 1.572101171999188e-05 1.0254992605837389e-05 7.177201913186401e-06 5.391626448182392e-06
3868.76078439 0.00015130140253305296 2.817477439529062e-05 1.471242873048071e-05 9.386504195973429e-06 6.4415179350745605e-06 4.770359082302545e-06
3869.40563159 0.00016136396001715188 3.06813703445071e-05 1.587837176652784e-05 1.001400945208801e-05 6.7863008967412085e-06 4.971789245777664e-06
3870.05058628 0.00016531665575232355 3.240333090492913e-05 1.6838105433866563e-05 1.0636273224616244e-05 7.216099567641214e-06 5.295094694227874e-06
3870.69564846 0.0001563391574763642 2.9773897859427504e-05 1.5212096965203927e-05 9.48963388110135e-06 6.373156887383148e-06 4.645637545823708e-06
3871.34081817 0.0001512058255841647 2.7813239758968555e-05 1.3780283453551987e-05 8.394843903675559e-06 5.52361459196705e-06 3.971320255447924e-06
3871.98609541 0.00014266553329421035 2.499715496503671e-05 1.1889756208267825e-05 7.0610206882920835e-06 4.567119306942278e-06 3.2626108168632356e-06
3872.6314802 0.00013200871665655512 2.2470025465297138e-05 1.0655952398737205e-05 6.3814686030975404e-06 4.188326820684901e-06 3.0337906771074165e-06
3873.27697257 0.00012259137575207753 2.060502984764771e-05 9.994557021780304e-06 6.0953913242654605e-06 4.056982322700694e-06 2.9545001524249526e-06
3873.92257253 0.00012166227988925723 2.1149292191664344e-05 1.0673821425491868e-05 6.679512342171754e-06 4.524390706752465e-06 3.3203014879110574e-06
3874.5682801 0.00013544497606053985 2.5647611358523637e-05 1.3506327170719186e-05 8.681125159911424e-06 5.9966842777074285e-06 4.455523386502056e-06
3875.2140953 0.00015014632837425865 3.0319544273454853e-05 1.6457767083094098e-05 1.0832912059780169e-05 7.645878756405835e-06 5.787274227859958e-06
3875.86001814 0.00016463300064297877 3.48213362158336e-05 1.915638513722462e-05 1.2730463750614001e-05 9.06151449147822e-06 6.90693833384614e-06
3876.50604864 0.00016270901738077198 3.4353326840033026e-05 1.885741135747626e-05 1.2487545001118605e-05 8.85212791452421e-06 6.717116331633153e-06
3877.15218683 0.00015706014769537542 3.294560268032375e-05 1.809556559932366e-05 1.1984851898489096e-05 8.491977562268364e-06 6.4373064646609745e-06
3877.79843271 0.00015578354225090612 3.224413847972321e-05 1.7437328764064027e-05 1.1404236127187793e-05 7.988346672614593e-06 5.997096494452951e-06
3878.44478631 0.00013761166026268745 2.7286030393933907e-05 1.4296744305147482e-05 9.10166981864315e-06 6.215538989530643e-06 4.566411617095144e-06
3879.09124765 9.794982192002787e-05 1.831191838317418e-05 9.392539381356415e-06 5.8827094637548975e-06 3.957013922916655e-06 2.8724918764916728e-06
3879.73781673 9.229167137020168e-05 1.7799195886311895e-05 9.254353195559181e-06 5.858929863219598e-06 3.975585104139253e-06 2.909809347934963e-06
3880.38449359 0.00012974023981956426 2.7837802944290746e-05 1.4854041366981972e-05 9.561197516073832e-06 6.576189423558103e-06 4.869586529127401e-06
3881.03127824 0.00014948763022777818 3.345324429147584e-05 1.7923608640160197e-05 1.1585953144240496e-05 8.018159750749343e-06 5.983774611613566e-06
3881.67817069 0.00014848682750362885 3.307595733171128e-05 1.7540005827231856e-05 1.1265371538515634e-05 7.77329573972236e-06 5.800826408210642e-06
3882.32517097 0.0001381955362401195 2.9582642357386892e-05 1.5236603634799268e-05 9.560953201085666e-06 6.468031252305719e-06 4.759773597272776e-06
3882.97227909 0.00012308826380728484 2.46187368065284e-05 1.2182369990631546e-05 7.426310751901249e-06 4.906368424869954e-06 3.5511280543514993e-06
3883.61949507 0.00011726141133185976 2.2877822055034492e-05 1.0981845201086747e-05 6.596317429890476e-06 4.332750106222886e-06 3.1429329017073045e-06
3884.26681893 0.00012405695459850218 2.714927320631958e-05 1.4264502567612933e-05 9.291813673818073e-06 6.564302361564465e-06 5.030649564790409e-06
3884.91425068 0.0001344914729964751 3.4647770752999864e-05 2.0166754532734097e-05 1.4021999369763166e-05 1.0362197608022985e-05 8.155570319480933e-06
3885.56179035 0.0001265427597630148 3.315070037523016e-05 1.949186276726975e-05 1.355903033480628e-05 9.986659120082504e-06 7.812811515603588e-06
3886.20943795 0.00011025324519293533 2.7223945318459894e-05 1.5574885808625415e-05 1.0576260161504232e-05 7.6154521093611105e-06 5.834568200584647e-06
3886.8571935 9.274712466685437e-05 2.100295052445287e-05 1.1319752536720025e-05 7.324744507370655e-06 5.050221468922557e-06 3.731349469046354e-06
3887.50505702 8.124244516140037e-05 1.7853512236340153e-05 9.269566196946252e-06 5.8123102126986146e-06 3.895052598793928e-06 2.8128116427590166e-06
3888.15302853 8.280420387205734e-05 2.102099683002104e-05 1.1802872851878367e-05 7.83508865955671e-06 5.514409520501841e-06 4.1368587803944015e-06
3888.80110804 8.547889230028523e-05 2.4994261639794155e-05 1.5074776624414082e-05 1.0529709267475246e-05 7.731099743536987e-06 5.99483834960925e-06
3889.44929557 6.823025244501813e-05 2.0303079295782934e-05 1.2452302033871607e-05 8.827771931285083e-06 6.574340199375409e-06 5.1661379725312596e-06
3890.09759114 5.6402050253202796e-05 1.7042911702840373e-05 1.060265855436953e-05 7.643255731749848e-06 5.7967433663975734e-06 4.6425670491502506e-06
3890.74599477 6.722707246714647e-05 2.0576747638865023e-05 1.2801120737147383e-05 9.241565482352052e-06 7.02804083670004e-06 5.645441590962241e-06
3891.39450648 8.152606767000966e-05 2.4138340771770287e-05 1.4804618173121703e-05 1.0582553527565366e-05 7.988283126052668e-06 6.375778881256907e-06
3892.04312628 9.424817337350603e-05 2.7446394468213497e-05 1.6816503742726216e-05 1.2049015811375092e-05 9.124619883921953e-06 7.312029004428359e-06
3892.69185419 0.00010799793057215192 3.175213205120325e-05 1.962814152987359e-05 1.418539597274867e-05 1.0823419082746475e-05 8.736274052521742e-06
3893.34069024 0.00011932952417139656 3.480217359255684e-05 2.145642108498527e-05 1.5503344210487896e-05 1.1824588384372412e-05 9.548483441582237e-06
3893.98963443 0.00011947236882470534 3.305890712134897e-05 2.0016613087633164e-05 1.4304089244356074e-05 1.0809073451031254e-05 8.667633690808974e-06
3894.63868679 0.00011848701068509125 3.1837447982214855e-05 1.9203301422850942e-05 1.367415164958006e-05 1.0292096755156124e-05 8.219349638635122e-06
3895.28784733 0.00012575119743582226 3.2917440797743565e-05 1.9676351538290667e-05 1.389697194173097e-05 1.0388922958038051e-05 8.24035258597627e-06
3895.93711608 0.00012598706142716136 3.0032748406163953e-05 1.718788960879016e-05 1.1790658987551823e-05 8.619854461679817e-06 6.719887998796238e-06
3896.58649304 0.00011669109940426677 2.5438396326900466e-05 1.3921552111743166e-05 9.23288770244804e-06 6.550658534476977e-06 4.982449972376717e-06
3897.23597825 0.0001332674182042641 3.2098778624160125e-05 1.843822307454449e-05 1.2622005035995925e-05 9.173705689353619e-06 7.1002262564499504e-06
3897.88557171 0.00015632143478615398 4.078582217745417e-05 2.4311515661692303e-05 1.7087940247568054e-05 1.2705174219944635e-05 1.0017679345542463e-05
3898.53527344 0.00014815671303658795 3.7492363320475525e-05 2.223843961386115e-05 1.5592321781920387e-05 1.1581277392182368e-05 9.126896688168138e-06
3899.18508347 0.0001368378340928235 3.1967459925283724e-05 1.8417216754278897e-05 1.2674380955991258e-05 9.271623755252744e-06 7.219432676832405e-06
3899.83500181 0.00014336996990014052 3.3054781292356636e-05 1.885829383522402e-05 1.2868732003123012e-05 9.328449117348659e-06 7.203424475135951e-06
3900.48502848 0.0001360913703835923 3.010073341634918e-05 1.670496686820224e-05 1.1120185437263469e-05 7.87216004522735e-06 5.9524793413457645e-06
3901.13516349 0.00013102235315798022 2.9424740874507283e-05 1.6409971195192852e-05 1.0951034299238817e-05 7.766663800682173e-06 5.879685207401689e-06
3901.78540687 0.0001447757357221712 3.519145866721094e-05 2.0489130655526406e-05 1.4169104494614734e-05 1.0388612005966267e-05 8.09814514219552e-06
3902.43575863 0.00016783656001069102 3.999662006801333e-05 2.3202527146566767e-05 1.6085924059893324e-05 1.1856521242269048e-05 9.305953095752843e-06
3903.0862188 0.00016782605541493963 3.687547135353735e-05 2.0666248625043715e-05 1.4015091309505466e-05 1.0163412245067272e-05 7.886137348368983e-06
3903.73678738 0.00014657750255686394 3.0021625332636207e-05 1.6340400649936743e-05 1.0829315015813394e-05 7.697828556469566e-06 5.875013481743216e-06
3904.3874644 0.00012591703672829848 2.597348023424341e-05 1.4451054431826274e-05 9.738197205095279e-06 7.015219564774317e-06 5.414009806645525e-06
3905.03824987 0.00012647928057429167 2.737321896183318e-05 1.572731831848923e-05 1.0853229935439084e-05 7.972504236452318e-06 6.252110745284597e-06
3905.68914382 0.00014093219177624652 2.9353038511766084e-05 1.6607684562231796e-05 1.1348796283320066e-05 8.282806615432606e-06 6.463793722643198e-06
3906.34014626 0.00013386170592871906 2.5039376537371543e-05 1.3571833074779712e-05 9.036105173295472e-06 6.477874018732742e-06 4.991776767488803e-06
3906.99125721 0.00012781124042013088 2.2916731493200995e-05 1.2131035736512062e-05 7.934619189801127e-06 5.6018119842952195e-06 4.2602782970876874e-06
3907.64247669 0.0001376710187042267 2.6342175889102717e-05 1.4316634530969278e-05 9.485641230988053e-06 6.74561886704624e-06 5.142658624529479e-06
3908.29380471 0.00015420667015812912 3.151861747188179e-05 1.7703946013710947e-05 1.2014117448590367e-05 8.72697624869961e-06 6.767032944825523e-06
3908.94524129 0.0001640845155306428 3.461717195525412e-05 1.9653696222124233e-05 1.3459235515688064e-05 9.866805671669648e-06 7.717278570402755e-06
3909.59678646 0.00017028781910927043 3.7221140018926136e-05 2.149995110726445e-05 1.4922174279545197e-05 1.1064881793873233e-05 8.742121641217026e-06
3910.24844023 0.0001768172671499847 4.000475971154865e-05 2.3488758498105056e-05 1.651346118284769e-05 1.2368582036994614e-05 9.857921603391465e-06
3910.90020261 0.00017311477174815717 3.760103761139841e-05 2.1751632326044555e-05 1.5190406641081436e-05 1.1330918857401052e-05 9.013865223900618e-06
3911.55207363 0.0001672628175218892 3.392770158532489e-05 1.912323537367233e-05 1.3143997230498082e-05 9.693427914888631e-06 7.647734744012004e-06
3912.20405331 0.00017078403389932155 3.556921156738375e-05 2.0287824955667848e-05 1.3993801164659187e-05 1.0330044128719795e-05 8.137025306326333e-06
3912.85614166 0.00018636458608352625 4.139317362666073e-05 2.4121649752514005e-05 1.683307593221273e-05 1.2525817294073549e-05 9.915469775646698e-06
3913.5083387 0.0001951604099708091 4.5513496949003835e-05 2.6984225209996595e-05 1.9043516704517593e-05 1.4298336997575527e-05 1.1398975029785443e-05
3914.16064444 0.0001788180834821542 4.1782098000643646e-05 2.4851626517220803e-05 1.7592281024632784e-05 1.3245200713000891e-05 1.0589192993115189e-05
3914.81305892 0.00015810170973414343 3.544893063289779e-05 2.0826794138233306e-05 1.4661874328038129e-05 1.0999634947649294e-05 8.781362364118435e-06
3915.46558214 0.00016422178789428325 3.646725799334534e-05 2.1312539839775257e-05 1.4958230763615334e-05 1.1197331310692944e-05 8.925334841275641e-06
3916.11821412 0.00017951292580888485 3.980570272478215e-05 2.324990825698601e-05 1.631558845477644e-05 1.2212837750062897e-05 9.733172203405742e-06
3916.77095488 0.00017212134236320573 3.5283598249397484e-05 2.0122776444628967e-05 1.3919640701959962e-05 1.0316142224806577e-05 8.157460097835753e-06
3917.42380444 0.0001578487506766153 3.113549778471739e-05 1.7552699963449856e-05 1.2004815389498421e-05 8.810253109868217e-06 6.89835538700211e-06
3918.07676282 0.00015919803086810523 3.257615604509021e-05 1.8508814425144467e-05 1.2676815583201022e-05 9.289916770056212e-06 7.256684490220597e-06
3918.72983004 0.0001673259202489338 3.547100929746974e-05 2.0358950981171818e-05 1.404426739950111e-05 1.0345462053145736e-05 8.118935699312096e-06
3919.3830061 0.00015062604463588261 3.0934939419182085e-05 1.763694845907198e-05 1.2127857207501168e-05 8.913387516108882e-06 6.98645447558571e-06
3920.03629104 0.00014711253795678998 2.930947372114416e-05 1.6470822449126205e-05 1.1191529162539757e-05 8.130752875805422e-06 6.305355186244865e-06
3920.68968487 0.0001618735031396999 3.198814399747937e-05 1.7655840968601224e-05 1.1800701452326998e-05 8.43471647538245e-06 6.44157859718915e-06
3921.34318761 0.00015175645990264604 2.6983180075739692e-05 1.4195288691880328e-05 9.18198365031193e-06 6.389280370335396e-06 4.777664610809975e-06
3921.99679928 0.0001456396345123563 2.359723708256502e-05 1.2057503588995789e-05 7.688526801975747e-06 5.312079975344728e-06 3.9621564097560494e-06
3922.65051988 0.00016098261390683883 2.757436716977989e-05 1.444775124401875e-05 9.380357660064673e-06 6.579926157348985e-06 4.9645700853526474e-06
3923.30434946 0.00016564685148773384 2.9754460172823275e-05 1.5844122151618803e-05 1.0368012932570514e-05 7.299076853685568e-06 5.511459139834197e-06
3923.95828801 0.00015344994838124336 2.686074025901981e-05 1.4168953599726383e-05 9.201025453093899e-06 6.428649257457439e-06 4.821913596644028e-06
3924.61233556 0.00016327200011339034 3.0148784551489753e-05 1.632745811893041e-05 1.0814204199581664e-05 7.691155834489767e-06 5.858285514098713e-06
3925.26649212 0.00017625955247155002 3.3877625493041715e-05 1.873082924475841e-05 1.2608633298133297e-05 9.105069822481115e-06 7.0270430658768075e-06
3925.92075773 0.00017097480689968447 3.230557186723653e-05 1.7836967860537843e-05 1.2016826050324805e-05 8.69833931007393e-06 6.7313880782980775e-06
3926.57513238 0.0001512680572012926 2.7505262020280085e-05 1.507028979367911e-05 1.0121595216959637e-05 7.319267563451034e-06 5.665930822190911e-06
3927.22961611 0.00014644755855364666 2.5811891642920102e-05 1.4015858014540887e-05 9.374249455779184e-06 6.761913214861384e-06 5.227111409810256e-06
3927.88420893 0.0001571291742744245 2.6912704029351804e-05 1.4439493445959295e-05 9.589451923574163e-06 6.878855746313991e-06 5.2925308244558085e-06
3928.53891085 0.00014576990668342126 2.293378737297432e-05 1.197519325344432e-05 7.826427763063899e-06 5.543604895552576e-06 4.22237083019339e-06
3929.1937219 0.00012649340554129907 1.7384412301600733e-05 8.83142559622356e-06 5.708684020812457e-06 4.019734030798171e-06 3.05185118870384e-06
3929.8486421 0.00012698220066152414 1.6788166554797815e-05 8.614643828042704e-06 5.629064907773594e-06 4.007487041934128e-06 3.0699243549406793e-06
3930.50367146 0.00012166843757998313 1.5708928681132093e-05 8.150091314507218e-06 5.360761189330238e-06 3.83378021331063e-06 2.9427459676109973e-06
3931.15881 0.00010530041425930715 1.2634043471662838e-05 6.570025889775076e-06 4.322022997663468e-06 3.084337234578318e-06 2.358661682901616e-06
3931.81405773 9.286937792250562e-05 1.0796513834236505e-05 5.774088445378721e-06 3.860718971139981e-06 2.7874621210404273e-06 2.1501202266642206e-06
3932.46941469 8.035001927636917e-05 9.76131038647331e-06 5.406223007573368e-06 3.6829822470898785e-06 2.697311329789161e-06 2.104061262245434e-06
3933.12488088 5.9368793605176005e-05 7.955424924746498e-06 4.4829738514404396e-06 3.073086613280335e-06 2.2590924156284326e-06 1.7665854963701609e-06
3933.78045632 3.806082522584138e-05 5.701563015463893e-06 3.201825600640003e-06 2.1813960615023456e-06 1.5926913674745088e-06 1.2380889362278607e-06
3934.43614104 2.3135119731195608e-05 3.659704553780956e-06 2.0255913683539646e-06 1.3635049494414338e-06 9.82737135119123e-07 7.558268257534484e-07
3935.09193504 2.3076344435245235e-05 3.6518369693571892e-06 2.0239792985754328e-06 1.3635116774385825e-06 9.833046782980997e-07 7.564371238315214e-07
3935.74783835 3.8010207635780934e-05 5.687500429733944e-06 3.192592081720233e-06 2.1739383521780153e-06 1.586406249657845e-06 1.232509192536387e-06
3936.40385099 5.7328670733389725e-05 7.702070301376684e-06 4.303912275732964e-06 2.9330843667038977e-06 2.14606529697974e-06 1.6730466765910103e-06
3937.05997298 7.864131258443915e-05 9.726077667668627e-06 5.362443425075177e-06 3.647527290523862e-06 2.6714158882659954e-06 2.0868641002698635e-06
3937.71620432 9.958769622128041e-05 1.2236882235419762e-05 6.679597177868543e-06 4.544402383021118e-06 3.338189874893969e-06 2.616661257650895e-06
3938.37254505 0.00010859934420515214 1.4118217795911839e-05 7.628982864083838e-06 5.166661894153418e-06 3.787724850549134e-06 2.9685247331110836e-06
3939.02899518 0.00011265664793155192 1.60855124024682e-05 8.709469398706705e-06 5.895954342278263e-06 4.32157566392357e-06 3.3893674298666807e-06
3939.68555472 0.00012434623678433013 1.958193490682133e-05 1.065311139098957e-05 7.211594142655189e-06 5.282802212980662e-06 4.1425142587467125e-06
3940.3422237 0.00014546071711361543 2.416052728948048e-05 1.3098573726970746e-05 8.825133092806334e-06 6.436509131293097e-06 5.030170465376154e-06
3940.99900214 0.00015580043591030608 2.6706785564695946e-05 1.4468767607846021e-05 9.71715893865049e-06 7.060331025668203e-06 5.499163043453228e-06
3941.65589004 0.00015108316430141627 2.5868336755004643e-05 1.3953752418342448e-05 9.320594996326755e-06 6.732991412662444e-06 5.216777180182301e-06
3942.31288744 0.00014493543858722346 2.4348033329448733e-05 1.3020450330878721e-05 8.625377263094858e-06 6.179726501178041e-06 4.752380849701663e-06
3942.96999434 0.00014809394642969296 2.5803754822337037e-05 1.391262938834973e-05 9.247093096380504e-06 6.635357334230613e-06 5.104150370898618e-06
3943.62721078 0.00014682909444006602 2.6425964941472126e-05 1.4393454515768778e-05 9.617116095245574e-06 6.91999241736339e-06 5.331146697044422e-06
3944.28453675 0.0001437348288263058 2.492772686090358e-05 1.3353236701050234e-05 8.80810543594139e-06 6.2601352950266335e-06 4.7708507382677685e-06
3944.9419723 0.00013299505189662625 2.1563219872089895e-05 1.120837139668788e-05 7.23153225485737e-06 5.037989701373129e-06 3.7733980246427246e-06
3945.59951742 0.00013472875949309664 2.2480604681942845e-05 1.1819917354841155e-05 7.684374138399291e-06 5.387935209707352e-06 4.057406194071915e-06
3946.25717214 0.0001519950634163797 2.895977399316625e-05 1.6004609561125687e-05 1.0773961575273328e-05 7.782455685642162e-06 6.011532585659183e-06
3946.91493648 0.000181111821099034 3.9299368342845636e-05 2.2592763146258e-05 1.5606675247150617e-05 1.1507078240016516e-05 9.037615122132553e-06
3947.57281046 0.0001858897295264043 4.137071332177482e-05 2.3978080729301387e-05 1.665176935962638e-05 1.233372519723101e-05 9.722816809054106e-06
3948.23079409 0.0001640723205377465 3.4280275158178235e-05 1.951612173899498e-05 1.3401165208867272e-05 9.8440175447955e-06 7.71041997089075e-06
3948.8888874 0.00014940390078292402 2.9383445779159164e-05 1.643326097062103e-05 1.1155556727868312e-05 8.11917478036344e-06 6.312521552497149e-06
3949.54709039 0.0001466056758012121 2.885727054740685e-05 1.6194568974410983e-05 1.101576444550302e-05 8.027610334963541e-06 6.245918705473139e-06
3950.2054031 0.00015245158753078686 3.121938651999059e-05 1.7764079528495346e-05 1.2194015709612766e-05 8.953826501416915e-06 7.009141055309432e-06
3950.86382553 0.00016308140140122124 3.5627989395517056e-05 2.0595286067550797e-05 1.4280637220588008e-05 1.0567550334883834e-05 8.325532890760052e-06
3951.52235771 0.00016811266032741386 3.847572712099578e-05 2.2556157358840272e-05 1.580266156324231e-05 1.1790193207741109e-05 9.356338952496694e-06
3952.18099966 0.0001725410682952545 4.064769320339405e-05 2.4056375221081495e-05 1.6971802698579044e-05 1.2734898422770012e-05 1.0155911618988639e-05
3952.83975139 0.00016777671539303077 3.88918575912623e-05 2.2922856043267185e-05 1.611407356556328e-05 1.206443134057012e-05 9.597002895571445e-06
3953.49861292 0.0001509635057270531 3.192219877414066e-05 1.8326061186334106e-05 1.2672899308430799e-05 9.37745472113301e-06 7.389110427576482e-06
3954.15758426 0.00014997941770983805 3.054248264062763e-05 1.7354971671179305e-05 1.1961106409721966e-05 8.837619346430684e-06 6.9677385236878936e-06
3954.81666545 0.00017290838765309175 3.943085601046572e-05 2.3144665264055836e-05 1.6267066325720424e-05 1.2188115137823638e-05 9.714453250580411e-06
3955.47585649 0.000184904691332806 4.469293653692317e-05 2.6598751793662095e-05 1.8840799313966672e-05 1.4186642825407861e-05 1.1349390170240926e-05
3956.13515741 0.00017728016057761683 4.228801331450409e-05 2.5025566021368043e-05 1.7648825523390953e-05 1.3238181989467444e-05 1.0556031296586637e-05
3956.79456822 0.00016040526056500048 3.66372329779813e-05 2.138806251577838e-05 1.492881145655826e-05 1.1100046927480967e-05 8.782468322760673e-06
3957.45408894 0.0001385762829635708 3.0064465009966733e-05 1.7249150760478124e-05 1.1889990833184572e-05 8.7434636010463e-06 6.852665513818032e-06
3958.11371959 0.0001393348368445423 3.062486804410592e-05 1.7539170627770355e-05 1.2068892537662751e-05 8.859932392195215e-06 6.93344881610607e-06
3958.77346018 0.00015315252181406335 3.428514884884855e-05 1.9652945687856523e-05 1.3518431367366352e-05 9.924602633695636e-06 7.761385249393104e-06
3959.43331075 0.00016062265098051705 3.710422425420142e-05 2.1444373241168946e-05 1.4814960845849539e-05 1.0907566838409495e-05 8.54395675353818e-06
3960.09327129 0.00017032490111060626 4.134717833436832e-05 2.4250042308536696e-05 1.691611863318203e-05 1.2547789513732755e-05 9.889647942247719e-06
3960.75334184 0.00016702939588613357 4.0184938241487934e-05 2.3441183145229876e-05 1.6284684153632566e-05 1.2034512682419955e-05 9.45447385587483e-06
3961.41352241 0.00015336925938272988 3.4973959388851686e-05 1.99296834500107e-05 1.3605509338377394e-05 9.899567099390072e-06 7.672723961932619e-06
3962.07381302 0.00012957687730747865 2.66641843189247e-05 1.455458497190568e-05 9.638875767759014e-06 6.835036512251419e-06 5.1834668834664134e-06
3962.73421369 0.0001126865250299999 2.0764106335012857e-05 1.0816857105182632e-05 6.952883668419777e-06 4.818283525154712e-06 3.5903961526660804e-06
3963.39472443 0.00011918296482366034 2.257892792459424e-05 1.1912232846101416e-05 7.749099960858935e-06 5.437218610556459e-06 4.0992490763071335e-06
3964.05534527 0.00011936453353799398 2.3599601333581615e-05 1.2726640148213782e-05 8.422254095692846e-06 6.004369047823687e-06 4.5890434232265475e-06
3964.71607622 0.00011453570058048043 2.3060544873993383e-05 1.2589975780633175e-05 8.419628286524112e-06 6.064908498415726e-06 4.677966078302572e-06
3965.3769173 0.00010921994028559019 2.1632638933855817e-05 1.1821137646011516e-05 7.929832883812652e-06 5.736463799804295e-06 4.441823668275671e-06
3966.03786853 0.00010159149328943203 1.9364496264161732e-05 1.0570742035774154e-05 7.114351254120328e-06 5.171413781701435e-06 4.022252927617958e-06
3966.69892993 8.734479461015844e-05 1.5562894733155957e-05 8.479218030266602e-06 5.717759235087382e-06 4.166371993465743e-06 3.247602643818703e-06
3967.36010152 6.976163643427194e-05 1.1539699341074673e-05 6.3126967235004565e-06 4.268254729908215e-06 3.113771716882254e-06 2.427484197123067e-06
3968.0213833 5.6325451176236955e-05 9.092234321793851e-06 5.058395727493053e-06 3.4464021827907597e-06 2.525081685761979e-06 1.9722439417937664e-06
3968.68277532 4.102924945620554e-05 6.679166602170091e-06 3.747808532690754e-06 2.5569709606454e-06 1.8720791583175838e-06 1.4592602632236664e-06
3969.34427757 2.6353854373473465e-05 4.323208941080217e-06 2.4063772008009563e-06 1.6274975997252306e-06 1.1805238946635093e-06 9.124189908308832e-07
3970.00589008 2.5490781273491355e-05 4.418475492576041e-06 2.458725038684007e-06 1.660448969158946e-06 1.2026857086291062e-06 9.281439858877279e-07
3970.66761287 3.342846062142384e-05 6.73481307010007e-06 3.834907415221787e-06 2.6272098429482957e-06 1.9268760519705924e-06 1.5025076731015125e-06
3971.32944596 4.2365498118689205e-05 9.55265322595365e-06 5.49610282335941e-06 3.7952805859941584e-06 2.8046049556220645e-06 2.202802585682092e-06
3971.99138936 5.5532889118736274e-05 1.2506987816365206e-05 7.123593626914905e-06 4.903442333834358e-06 3.620538607817769e-06 2.8463015203805014e-06
3972.65344309 6.86540598087434e-05 1.5077613935299655e-05 8.47914408231115e-06 5.79741945091141e-06 4.2614961957750255e-06 3.3420143684911435e-06
3973.31560718 8.046576146587643e-05 1.76092703310273e-05 9.819222157770275e-06 6.67283332829031e-06 4.87973340806995e-06 3.813800107563547e-06
3973.97788164 8.868643186772288e-05 1.9790611334318266e-05 1.1075871164584669e-05 7.524456581328655e-06 5.493310645582329e-06 4.285624763667076e-06
3974.64026648 9.102372465088345e-05 2.0432697854930456e-05 1.1541184244582405e-05 7.883345700426944e-06 5.777640565622831e-06 4.521015433395074e-06
3975.30276173 9.720754715059972e-05 2.190216340557935e-05 1.2462590660863267e-05 8.574656278348072e-06 6.326521960680144e-06 4.982848650539626e-06
3975.96536741 0.00010972948324477981 2.522983104802944e-05 1.4425201216594595e-05 9.9462397606379e-06 7.345694062520069e-06 5.789179470992888e-06
3976.62808353 0.00012447841668572778 3.0177408598348006e-05 1.7521952008521634e-05 1.2173166201691446e-05 9.031276261864813e-06 7.136380067857446e-06
3977.29091011 0.00012644899291979628 3.041556842381438e-05 1.7683946437675447e-05 1.229407438360251e-05 9.125043911729362e-06 7.21176402361473e-06
3977.95384717 0.0001240180151513878 2.8918827788108567e-05 1.6726990370676136e-05 1.1593750485546428e-05 8.583907886180796e-06 6.770830292250431e-06
3978.61689473 0.00013331172762445176 3.2299068028352445e-05 1.8929614784680064e-05 1.3234421053293188e-05 9.856672493815196e-06 7.811402450369802e-06
3979.28005281 0.0001449438260053989 3.593387736046487e-05 2.119202585870299e-05 1.4875175015901591e-05 1.1112643069822652e-05 8.828374236714229e-06
3979.94332142 0.00015446776508911656 3.843462277306583e-05 2.2685990812022618e-05 1.5937258886490923e-05 1.1919903100250531e-05 9.480291534164349e-06
3980.60670059 0.00016181837908901112 4.0911127223102525e-05 2.4311189354050416e-05 1.7169163963362328e-05 1.2894350440099212e-05 1.0292345555723315e-05
3981.27019033 0.0001722294706191712 4.4916015705086145e-05 2.706062753610629e-05 1.9300591171702897e-05 1.4604486115158541e-05 1.1729530882854391e-05
3981.93379066 0.00017002805689114579 4.3544786201356894e-05 2.6185559997923342e-05 1.864834143952846e-05 1.4092065451567382e-05 1.1300535458461489e-05
3982.5975016 0.00015461109154357925 3.779359922659389e-05 2.2492159628899116e-05 1.5890302652631223e-05 1.1929234270594045e-05 9.504144379604593e-06
3983.26132316 0.00014972348739147217 3.606604672917694e-05 2.1414611818958914e-05 1.512062943186697e-05 1.1355088533629435e-05 9.05158429690225e-06
3983.92525538 0.0001607486829938591 3.8858386448482386e-05 2.2990755248944593e-05 1.6230222277089874e-05 1.220057178233482e-05 9.75110236250245e-06
3984.58929825 0.000164963566548685 3.9790159506005636e-05 2.3532003150126225e-05 1.6612817591541143e-05 1.248904175469707e-05 9.986865933427794e-06
3985.25345182 0.00016233714250607774 3.853211266560602e-05 2.2798308468690106e-05 1.6089258350299668e-05 1.208434431312193e-05 9.650767944601843e-06
3985.91771608 0.00016770678280351181 3.9943352827773935e-05 2.3699115309562267e-05 1.675337991442302e-05 1.2598287779216364e-05 1.0069779454383104e-05
3986.58209106 0.00016541057655854912 4.0006815747475756e-05 2.3881420853850434e-05 1.696262471019561e-05 1.2801815929648408e-05 1.0266071410703513e-05
3987.24657678 0.00015092451485764448 3.5940267243006226e-05 2.1435605523372516e-05 1.5246681928064648e-05 1.152290489166589e-05 9.259321312452316e-06
3987.91117326 0.00014957801673464555 3.488705469509943e-05 2.0698831513626736e-05 1.4694327823796517e-05 1.1099026928731128e-05 8.920121548178946e-06
3988.57588051 0.00017734676705904564 4.429687805140197e-05 2.6823323115805014e-05 1.926773460063593e-05 1.4682680608795535e-05 1.1871212678239795e-05
3989.24069856 0.00019737509840893382 5.1414371854313095e-05 3.1548039353352124e-05 2.2834124094352028e-05 1.7494180415985776e-05 1.4195682255053178e-05
3989.90562742 0.00019242640732991396 4.84777021239401e-05 2.9497738661574204e-05 2.1226238880214725e-05 1.6188399849648778e-05 1.3084681891318372e-05
3990.57066711 0.00017451091892324084 4.070277797285338e-05 2.4207264079138474e-05 1.714003752922525e-05 1.290108559227029e-05 1.0311726817788126e-05
3991.23581765 0.0001687852306157485 3.8250275645365936e-05 2.2517017097079633e-05 1.5816720697014788e-05 1.1825466984749421e-05 9.395890546046718e-06
3991.90107905 0.00018218852286589876 4.4174777210300906e-05 2.652256959474848e-05 1.8897165918024375e-05 1.429276631297821e-05 1.147210381409595e-05
3992.56645134 0.00018704777515539685 4.571462434071488e-05 2.75147867402463e-05 1.9642785389643718e-05 1.4894860320881875e-05 1.198418458301728e-05
3993.23193454 0.0001918577732216049 4.641010214369219e-05 2.7834841537245733e-05 1.9813902650718448e-05 1.4997889169678135e-05 1.204830103816839e-05
3993.89752866 0.00020035796384738002 4.9925278372697615e-05 3.02275688612328e-05 2.16691513278244e-05 1.6489913931881208e-05 1.3308526484850333e-05
3994.56323372 0.00020008393685430883 5.0135626046194615e-05 3.0440555263030203e-05 2.1895017569385555e-05 1.6708296281197625e-05 1.3524125231383641e-05
3995.22904975 0.00019148764067205502 4.626060265167625e-05 2.7749448209440636e-05 1.9833839539602247e-05 1.5065998717529835e-05 1.2160325934475124e-05
3995.89497675 0.0001895571181740812 4.5673592557050006e-05 2.7342726494345592e-05 1.9527605557154352e-05 1.4815369131428714e-05 1.1947764402925248e-05
3996.56101474 0.00017971133038087556 4.317890445537271e-05 2.596514720281675e-05 1.858409683828541e-05 1.4115498140690121e-05 1.1385777290910893e-05
3997.22716376 0.00017602573241599326 4.1960123656398975e-05 2.518608000645499e-05 1.7966044824833692e-05 1.3610980630242162e-05 1.0944866567557736e-05
3997.89342381 0.00017313071461703958 4.120802778873546e-05 2.467354261127656e-05 1.7551401579642595e-05 1.3262452364107676e-05 1.063620073385565e-05
3998.55979491 0.00016290920825698428 3.7640427412990544e-05 2.2351606494610752e-05 1.5826792817515815e-05 1.1906971561401317e-05 9.519086234002274e-06
3999.22627708 0.0001610694057095953 3.554824374376962e-05 2.0798053450426763e-05 1.456667479705257e-05 1.0855633689094583e-05 8.606832720258921e-06
3999.89287034 0.00017554394897045708 4.047853406473386e-05 2.4012051851346757e-05 1.6966819324347303e-05 1.273545217657561e-05 1.0151432909462047e-05
4000.55957471 0.0002034213476561891 5.16582609756989e-05 3.1558551729280106e-05 2.2783869559540664e-05 1.7401980586326722e-05 1.4082665713757941e-05
4001.2263902 0.0002110248623645835 5.4781689098538075e-05 3.369744614620683e-05 2.4485006795778435e-05 1.8804169431424157e-05 1.530154910107958e-05
4001.89331684 0.00021010311368167356 5.445702331176095e-05 3.3460592223233705e-05 2.43429159276207e-05 1.8725696352729373e-05 1.52721385246088e-05
4002.56035465 0.00020273559538500587 5.208764787255e-05 3.1919446171350785e-05 2.3177477273989903e-05 1.780780551384641e-05 1.450930075694628e-05
4003.22750363 0.00019409390944080096 4.9773203183427324e-05 3.052195646304296e-05 2.2129791486890247e-05 1.6985321735861115e-05 1.3816996553176665e-05
4003.89476382 0.0001946527485282909 4.962911629477658e-05 3.039019797401665e-05 2.1987717332574493e-05 1.6850988143503867e-05 1.3684554385466309e-05
4004.56213523 0.00019995007047967785 5.070103349173862e-05 3.100026195796937e-05 2.2393848096555915e-05 1.713269389528378e-05 1.3889977533280906e-05
4005.22961787 0.0001974817476622115 4.91812044510991e-05 2.99171973425007e-05 2.15264258922839e-05 1.6401941336729883e-05 1.3248558578756973e-05
4005.89721177 0.00016357464399124254 3.7203073254614955e-05 2.214574636759047e-05 1.5727284940277808e-05 1.1859209612310368e-05 9.50181665318727e-06
4006.56491695 0.00014471440994514223 3.0258594171528064e-05 1.7554064108848958e-05 1.225136367358068e-05 9.111885267184357e-06 7.218066246916228e-06
4007.23273342 0.00016574841587618176 3.681697226815893e-05 2.1580624035764923e-05 1.5151881571224933e-05 1.1321270312021585e-05 9.003585346608498e-06
4007.9006612 0.0001830733773349163 4.252942378555234e-05 2.5194417468344266e-05 1.7843419739770178e-05 1.3442897425205339e-05 1.0776610410114866e-05
4008.56870031 0.00020392023816360655 5.119991388203657e-05 3.1146503249333546e-05 2.2453130155699413e-05 1.7154392919826303e-05 1.3903044807898574e-05
4009.23685077 0.00021457497892211525 5.551350478149385e-05 3.4155079832248967e-05 2.479239412483508e-05 1.9037823305690127e-05 1.5482333202779277e-05
4009.9051126 0.00020437197703536089 5.113436851433571e-05 3.1179617638978306e-05 2.24979855234891e-05 1.7194534978391327e-05 1.392785104965495e-05
4010.57348582 0.00019395985867699914 4.810954130000477e-05 2.918994019726016e-05 2.0998132966311462e-05 1.600017930766331e-05 1.293350929381111e-05
4011.24197044 0.00018677962216745355 4.613091481406444e-05 2.7984751501760765e-05 2.0149259269347195e-05 1.536911524063574e-05 1.2443021665811236e-05
4011.91056648 0.00018965197736241205 4.624155058201697e-05 2.8002648414608865e-05 2.013115743408239e-05 1.5340984231694306e-05 1.2408228775982964e-05
4012.57927396 0.00019334819204876825 4.633798873866331e-05 2.7912102587096102e-05 1.997823118076187e-05 1.5176562575150476e-05 1.2237152966991765e-05
4013.24809291 0.00018775988308520345 4.569382942753597e-05 2.771413605447643e-05 1.994544663962074e-05 1.5225522867422737e-05 1.2326431165624178e-05
4013.91702334 0.00019879875346527566 5.148181943787487e-05 3.1781216067802504e-05 2.3154261427773142e-05 1.7836273811602806e-05 1.454971010963204e-05
4014.58606526 0.00019240366295633686 4.8492655917590325e-05 2.9733353350876318e-05 2.1580940350613694e-05 1.657346560989939e-05 1.349410342226347e-05
4015.2552187 0.00017220718443333537 4.081761976415339e-05 2.4623154485013216e-05 1.7675445801161e-05 1.3461050549212902e-05 1.0887160055534413e-05
4015.92448367 0.00018640246462877668 4.652666127336501e-05 2.8418273610397527e-05 2.0554709645074207e-05 1.574022918100205e-05 1.2781613444857174e-05
4016.5938602 0.00020074290628871151 5.203889303891663e-05 3.209264876207009e-05 2.337222098492983e-05 1.7990010824724616e-05 1.467273124296295e-05
4017.2633483 0.00020721558386639535 5.397581777999044e-05 3.3310150481115095e-05 2.4267973214724446e-05 1.8684589423336097e-05 1.524338810100164e-05
4017.93294799 0.0001960308081952466 4.8985826620194196e-05 2.9890471054981927e-05 2.160337235653093e-05 1.6532931209286402e-05 1.342065537070343e-05
4018.60265929 0.00018145980948842036 4.335211762676287e-05 2.6155698306725804e-05 1.8774605878157707e-05 1.4293474665218489e-05 1.155654364538077e-05
4019.27248221 0.00018521958201859616 4.462360219217809e-05 2.7022229479737994e-05 1.9447540515513826e-05 1.4844187868811923e-05 1.2026037750312877e-05
4019.94241679 0.0002061007660125279 5.220471901539201e-05 3.199640425630656e-05 2.3196905440176373e-05 1.781542746009937e-05 1.4501989693297719e-05
4020.61246302 0.00021854171814227603 5.620187821930477e-05 3.446729544650284e-05 2.499869025442698e-05 1.9204051879992165e-05 1.5638281232682783e-05
4021.28262095 0.00021478798949154605 5.381498852994967e-05 3.268035851261655e-05 2.3563972695580875e-05 1.8015684869700197e-05 1.4618747859719525e-05
4021.95289057 0.00021304381453328338 5.38906235581095e-05 3.290493659122428e-05 2.380495120616389e-05 1.8238209854387086e-05 1.4816255669935108e-05
4022.62327192 0.0001999232961922383 4.998929733067334e-05 3.0475359963980734e-05 2.2012026343166704e-05 1.6845332539079324e-05 1.3667909408337043e-05
4023.293765 0.00019366803461369128 4.791767616358104e-05 2.9087256092061255e-05 2.092779381779824e-05 1.596696651944264e-05 1.2920944583372832e-05
4023.96436984 0.00020219026206837288 5.129165238493986e-05 3.1394068434644424e-05 2.2717961608796642e-05 1.7409777670019295e-05 1.4138816952003705e-05
4024.63508646 0.00019907928583132802 4.945230251532442e-05 3.008394881119506e-05 2.169006586439588e-05 1.656726150545718e-05 1.341823549149469e-05
4025.30591488 0.0001845890327282078 4.3934429910535295e-05 2.6343352807867453e-05 1.878695732259448e-05 1.4221347777797263e-05 1.1428283658553543e-05
4025.97685511 0.00017218233252015244 4.029669787770605e-05 2.4015441762565117e-05 1.7027198896931607e-05 1.2827544508118532e-05 1.0261464376792213e-05
4026.64790717 0.00018828373280645113 4.55340434892541e-05 2.73945738427301e-05 1.9584309281439178e-05 1.485711588244207e-05 1.196675114770764e-05
4027.31907108 0.00020459241748826864 4.995278577534149e-05 3.0024813034834416e-05 2.1465206875465982e-05 1.6280264839192345e-05 1.3117706623587902e-05
4027.99034687 0.00021026217678008822 5.164639122295885e-05 3.101539944036542e-05 2.2147406415385412e-05 1.6778409697440427e-05 1.3505506197416532e-05
4028.66173454 0.0002126985112475162 5.431698819224905e-05 3.312830840923102e-05 2.3919286589657905e-05 1.8286726258453493e-05 1.4830414277161057e-05
4029.33323412 0.00020800290257775282 5.458248356646674e-05 3.365448771468452e-05 2.447790901685623e-05 1.8819105062112324e-05 1.5327509751160256e-05
4030.00484562 0.0002093382596270417 5.555542603354344e-05 3.436510780049862e-05 2.5037802466928384e-05 1.9254129708104655e-05 1.5678258933276775e-05
4030.67656907 0.0001947837155531927 4.9410287069335496e-05 3.0201827079901265e-05 2.1807022356879087e-05 1.6633717913435803e-05 1.34467123680254e-05
4031.34840449 0.0001581934568756428 3.4892038130715996e-05 2.0438869323797084e-05 1.4305837020409771e-05 1.0632561099686402e-05 8.406662553470093e-06
4032.02035188 0.00014708371471908684 3.043145995500098e-05 1.7376682292133664e-05 1.1925189679793269e-05 8.707997405028535e-06 6.775684882862127e-06
4032.69241128 0.0001681920496528595 3.757054557385194e-05 2.203596847590136e-05 1.5426670890746563e-05 1.1454839194796654e-05 9.03831553543995e-06
4033.36458269 0.00016854041672691457 3.813992463039894e-05 2.2443732055501797e-05 1.574386917152817e-05 1.1701664214119133e-05 9.241025793767453e-06
4034.03686614 0.00015881927727739312 3.428475089513592e-05 1.9714794070967653e-05 1.3564372522942345e-05 9.903485304500245e-06 7.694388945205039e-06
4034.70926165 0.00017149115440097133 3.7114750327411745e-05 2.1230944233011815e-05 1.4533693854067588e-05 1.0571792988018966e-05 8.18314155452765e-06
4035.38176924 0.00017878612123222254 3.944129079841713e-05 2.267661490192937e-05 1.5596934344572436e-05 1.1400359352861496e-05 8.868095417021591e-06
4036.05438891 0.00018690176761052766 4.4021093606172365e-05 2.5988369086996652e-05 1.825631792830501e-05 1.3587089460401012e-05 1.0744564924423295e-05
4036.72712071 0.00018999558150523645 4.69677756963722e-05 2.837628802960865e-05 2.031124077079358e-05 1.5377426845524785e-05 1.2350664120025236e-05
4037.39996463 0.00020125559448760802 5.11669920036983e-05 3.126752292806153e-05 2.2590697996874782e-05 1.7261687014977605e-05 1.3981567656868733e-05
4038.0729207 0.00021013330737841855 5.4206802063295394e-05 3.3297661468299456e-05 2.416146492607737e-05 1.8540645776729863e-05 1.507628649793207e-05
4038.74598894 0.00021334161207403184 5.535555010844186e-05 3.406839772752177e-05 2.4751376159234922e-05 1.902226502607534e-05 1.5488828005345882e-05
4039.41916937 0.00021200896075969643 5.439082584309981e-05 3.337534496710901e-05 2.4188557645363164e-05 1.856222818191754e-05 1.5094643227556928e-05
4040.092462 0.00021270590524695844 5.4495733040920634e-05 3.3390217140645055e-05 2.416558860429773e-05 1.8515911775790663e-05 1.5035283882016838e-05
4040.76586686 0.00021119173303318434 5.4150984550517565e-05 3.309603169770363e-05 2.3893574680967283e-05 1.8262290614526465e-05 1.4794800244180963e-05
4041.43938397 0.00019581541288073696 4.8118508227707425e-05 2.902220769372132e-05 2.075678036248537e-05 1.5746901987522912e-05 1.2677562062848969e-05
4042.11301333 0.0001827615877793556 4.4337608855215816e-05 2.6730137092384638e-05 1.9131087851752755e-05 1.451516615463333e-05 1.1689094467900619e-05
4042.78675498 0.00018874756264224845 4.6633245550023415e-05 2.8283959100727796e-05 2.0324646585555565e-05 1.5459505578296932e-05 1.2473858723342848e-05
4043.46060892 0.00020605704479592112 5.2480147478732133e-05 3.210291548504159e-05 2.3191570236923126e-05 1.7716471569825846e-05 1.4341407645467578e-05
4044.13457518 0.00020578920160260232 5.190511421123903e-05 3.1593911193170145e-05 2.2731877674047632e-05 1.7308565549199988e-05 1.3969872908638548e-05
4044.80865379 0.00018758047547510134 4.4185625740303544e-05 2.6208233918351767e-05 1.849216261522478e-05 1.3848996226403058e-05 1.1019612424121557e-05
4045.48284474 0.0001724248933166803 3.739947846279391e-05 2.1454783021065137e-05 1.4740169965571022e-05 1.077966937489769e-05 8.398335119506501e-06
4046.15714807 0.00015851437841250883 3.150577800441866e-05 1.740334698616164e-05 1.1622296526900509e-05 8.293499550378848e-06 6.330219748598436e-06
4046.8315638 0.00013794947706185994 2.5038066645837615e-05 1.3353148619287112e-05 8.699190582480406e-06 6.07993519666472e-06 4.5652719559904426e-06
4047.50609193 0.00016210024684396973 3.277498344946175e-05 1.811671346562636e-05 1.2074410773654195e-05 8.582314904480506e-06 6.522538175318928e-06
4048.1807325 0.00019692503975183353 4.4529677257536375e-05 2.5652611400394865e-05 1.762028407917669e-05 1.2849994932429285e-05 9.974394888674438e-06
4048.85548552 0.0002058608901620329 4.9143045743282656e-05 2.9025728660991737e-05 2.0349530823948654e-05 1.5122972077777553e-05 1.1936281475537113e-05
4049.530351 0.00019417536486724974 4.6895128442049454e-05 2.7993294993320025e-05 1.9819381627104678e-05 1.487671074617753e-05 1.1852221423924478e-05
4050.20532897 0.00018955362812489172 4.548033463040263e-05 2.7165451014548416e-05 1.9282563317216356e-05 1.4531415074818355e-05 1.162904226222181e-05
4050.88041945 0.00020358983632169948 5.000047167043606e-05 3.0090740795980197e-05 2.14891307703436e-05 1.628819268256616e-05 1.3103815698849489e-05
4051.55562245 0.00021174624670170444 5.3600797802738276e-05 3.268338338988566e-05 2.3545806264755168e-05 1.7973246565626947e-05 1.4537984237422984e-05
4052.230938 0.00020961633846854302 5.357264732495268e-05 3.279314485010915e-05 2.3689523719915718e-05 1.812168872583293e-05 1.4684524752543585e-05
4052.90636611 0.00020122808243980102 5.1432688151715615e-05 3.1479490797309e-05 2.277709925887269e-05 1.7442906795795445e-05 1.4159940800615392e-05
4053.58190679 0.00019246383274380388 4.742982633602416e-05 2.875294418847147e-05 2.070395832666768e-05 1.5803505674558404e-05 1.2805993216043946e-05
4054.25756008 0.000192137601488332 4.785362067155014e-05 2.913288051688188e-05 2.1038737644980116e-05 1.6104082021952564e-05 1.3078190777452108e-05
4054.93332599 0.00018423137801818441 4.6257457114292796e-05 2.8283271875759448e-05 2.0459454005727346e-05 1.568319575618065e-05 1.2741124479828411e-05
4055.60920453 0.0001755695280635638 4.2078914783088946e-05 2.5373346647667926e-05 1.8150789114128978e-05 1.378199465887798e-05 1.1101427979701059e-05
4056.28519573 0.0001775514817418632 4.245137906616768e-05 2.557161176274171e-05 1.828983442568576e-05 1.3875999780560417e-05 1.117249129573426e-05
4056.9612996 0.00019492614715688674 4.906808021956965e-05 2.9964665515952765e-05 2.16452505894069e-05 1.6554328918344592e-05 1.3421843301722069e-05
4057.63751617 0.00020131453921137546 5.145098087571521e-05 3.152620461595278e-05 2.2807970695408815e-05 1.746950067690429e-05 1.4178705610670525e-05
4058.31384545 0.00017728048264868793 4.283160502740061e-05 2.5779133926551606e-05 1.8405706413170693e-05 1.3944486353273353e-05 1.121567400526061e-05
4058.99028746 0.00016457432103678777 3.785050989045587e-05 2.241006052434402e-05 1.5825749547211243e-05 1.1877643622481903e-05 9.48125494184948e-06
4059.66684222 0.00017697082120929998 4.140069491742032e-05 2.4626774523059252e-05 1.7461850238807864e-05 1.3149749292055879e-05 1.0528666761637865e-05
4060.34350974 0.00018760616198904982 4.436216013983506e-05 2.6405398115847288e-05 1.8719674383936273e-05 1.4101695766098524e-05 1.1292441528544628e-05
4061.02029006 0.00020295969501984485 5.03230149566931e-05 3.038888735091674e-05 2.1748990271845694e-05 1.650260597997572e-05 1.3287776982778733e-05
4061.69718318 0.00021118329294454895 5.4429232612608405e-05 3.328217400845527e-05 2.4028998059766456e-05 1.8345662002986166e-05 1.4845341651568216e-05
4062.37418913 0.00020445977964317615 5.210445300145482e-05 3.176235829794194e-05 2.2883498269445768e-05 1.743480662964806e-05 1.4084997807712943e-05
4063.05130792 0.00019298749445331067 4.717342122526257e-05 2.8295104761658135e-05 2.0134501089434016e-05 1.5172791020197782e-05 1.2141560865316946e-05
4063.72853957 0.0001768484722424766 4.036188145589194e-05 2.3540105814627464e-05 1.638524975272525e-05 1.210924345740098e-05 9.524428607817148e-06
4064.4058841 0.0001525942251098136 3.064416594229594e-05 1.69785907105516e-05 1.1390537488928117e-05 8.167454480484052e-06 6.2647104972539e-06
4065.08334154 0.00015120080463229866 2.9964228606993002e-05 1.6459232431909243e-05 1.0980035826842959e-05 7.844338225573633e-06 6.0024999545487445e-06
4065.76091189 0.00017331664500123717 3.9309839076591776e-05 2.2847304096703083e-05 1.5877750929646783e-05 1.1733601364692575e-05 9.232058168286667e-06
4066.43859518 0.0001815712336804186 4.341890515402119e-05 2.5818103921457064e-05 1.8265707791432e-05 1.371457247331262e-05 1.0943544647484475e-05
4067.11639143 0.00018395806277656944 4.365760986190236e-05 2.581596264917263e-05 1.8224568012268934e-05 1.3684616872252965e-05 1.0936711258288786e-05
4067.79430065 0.00017316977536186928 4.074180623496237e-05 2.402274977619629e-05 1.6924072157353747e-05 1.2691087558856862e-05 1.0132771049784137e-05
4068.47232287 0.00017133320265471356 4.1281824741392734e-05 2.4667847435382046e-05 1.751417257964523e-05 1.3206215934561156e-05 1.0578387011201658e-05
4069.1504581 0.0001855694162626413 4.5670037353397856e-05 2.7513126856528085e-05 1.962880004681514e-05 1.48560232005421e-05 1.1929902191947254e-05
4069.82870636 0.00019918636884683772 5.0081194933580586e-05 3.039961541835763e-05 2.1822521535932546e-05 1.6605308275810838e-05 1.3398145564410207e-05
4070.50706767 0.00020007516602974982 5.064856064574219e-05 3.084004389122555e-05 2.2220572457946214e-05 1.6958623452200957e-05 1.3724395424432985e-05
4071.18554205 0.00018742399182694662 4.6226611017702906e-05 2.788109554970521e-05 1.995097395301268e-05 1.5130004651248246e-05 1.2179456366667109e-05
4071.86412952 0.00016522200807875002 3.7862763101140536e-05 2.2173537573268018e-05 1.549751946406038e-05 1.1509629448787078e-05 9.096741173543957e-06
4072.5428301 0.00015228101238495316 3.168256643868653e-05 1.775540588142745e-05 1.1992864102750585e-05 8.641320810156915e-06 6.653355775355365e-06
4073.22164381 0.0001636181326234889 3.5062129174116286e-05 1.982342196485062e-05 1.3471521019099323e-05 9.75311288066342e-06 7.538417546788875e-06
4073.90057066 0.00019118321027418304 4.664243588563347e-05 2.7791917592267138e-05 1.962133502868305e-05 1.4677650015588911e-05 1.1656229677286408e-05
4074.57961067 0.00020338352175514475 5.340010229565057e-05 3.272524178324361e-05 2.3616771204238774e-05 1.8007498187136962e-05 1.4542252971269772e-05
4075.25876387 0.0002022676466785042 5.367201666626441e-05 3.2995425675141476e-05 2.390374627237402e-05 1.8296257694426784e-05 1.4837188920629526e-05
4075.93803027 0.00019578736720281728 5.0442226698850375e-05 3.071366498951988e-05 2.2103960972367892e-05 1.6845285166895054e-05 1.3613428887420157e-05
4076.61740988 0.00019239055229821974 4.909306090572694e-05 2.9891140758131956e-05 2.1500996508976205e-05 1.639707385655788e-05 1.3251306372889309e-05
4077.29690274 0.00017050862407918304 4.072087674364016e-05 2.4398433151323317e-05 1.7341627590710942e-05 1.310881325977804e-05 1.0508784809662998e-05
4077.97650886 0.00014856959754559713 3.279038268624701e-05 1.919503078704819e-05 1.3419264402248529e-05 1.00106066456608e-05 7.934261639315393e-06
4078.65622825 0.0001464006971063989 3.2911133220865895e-05 1.9413956270384684e-05 1.366668598720314e-05 1.0254308836953636e-05 8.169720522451311e-06
4079.33606094 0.00016054794010892396 3.807905812152942e-05 2.281719328301646e-05 1.625983924821552e-05 1.2310741348654898e-05 9.891530217475803e-06
4080.01600694 0.00017373533834887485 4.246604781921622e-05 2.5638320667672795e-05 1.8362694228523563e-05 1.3947963095445471e-05 1.1241215051620684e-05
4080.69606628 0.0001752987110704711 4.376974769746543e-05 2.6580707123377196e-05 1.9116459296137027e-05 1.4564784772314871e-05 1.1770618037664194e-05
4081.37623897 0.0001881605004042372 4.9876548474091775e-05 3.076841850525667e-05 2.2363100008390972e-05 1.718548423966384e-05 1.398919037276868e-05
4082.05652503 0.00019920465014772678 5.400262289593775e-05 3.346556635550362e-05 2.4386422680338707e-05 1.878342145418552e-05 1.5317320015039434e-05
4082.73692449 0.00019790515615109911 5.3210138071476236e-05 3.2853849571025684e-05 2.3880800798828655e-05 1.8354066440056437e-05 1.4941294990555901e-05
4083.41743735 0.00018743383507683237 4.870142886240322e-05 2.9779870893804044e-05 2.1486331531050304e-05 1.641010974519623e-05 1.328265427439837e-05
4084.09806364 0.0001798886653042585 4.6045966550461044e-05 2.8081825719487374e-05 2.0217734818485922e-05 1.541395773282889e-05 1.2453863326547935e-05
4084.77880338 0.00017426550508946808 4.469783361773545e-05 2.7253602355044856e-05 1.9638159931850438e-05 1.4986581174939327e-05 1.2127353979592646e-05
4085.45965658 0.00017281047478244388 4.5096003989383303e-05 2.7473791742929047e-05 1.9786990218166473e-05 1.5087995154377613e-05 1.2207500757821724e-05
4086.14062327 0.0001702497040499065 4.482324541310366e-05 2.7390790269088565e-05 1.977179968238092e-05 1.5108440162861429e-05 1.2245935523148097e-05
4086.82170346 0.00017622640802573554 4.6840703599749405e-05 2.8795808765726107e-05 2.0865951507209362e-05 1.6013476406107354e-05 1.3021497577104603e-05
4087.50289718 0.00018316064613018972 4.933147820152902e-05 3.0462515058291648e-05 2.2144211799632655e-05 1.7038950858709812e-05 1.3882778813929243e-05
4088.18420443 0.00018999793542665903 5.35832948371173e-05 3.354163268337453e-05 2.4615012255638155e-05 1.9069393911612974e-05 1.5622906830988336e-05
4088.86562525 0.00019941533640872343 5.9142210362976174e-05 3.745662529660778e-05 2.7705598138343315e-05 2.158965747759279e-05 1.7775789613963917e-05
4089.54715965 0.00019779813781842036 5.880862016928038e-05 3.720694352140663e-05 2.7502094336202592e-05 2.1420955791461054e-05 1.763292070594602e-05
4090.22880764 0.00019115431879482652 5.595578693317778e-05 3.5215246909583844e-05 2.593992652699361e-05 2.015082905403849e-05 1.655297616461754e-05
4090.91056926 0.00018744733388888142 5.425520584351148e-05 3.3954773972537265e-05 2.489849266088681e-05 1.9263643035566247e-05 1.5767324310116173e-05
4091.59244451 0.00018386446029893411 5.290235814008777e-05 3.2989133357973494e-05 2.4100499406695868e-05 1.8579770182444865e-05 1.515373177214425e-05
4092.27443341 0.0001849416598375318 5.4585296598106e-05 3.4278878244841265e-05 2.51820257543426e-05 1.9498335686242558e-05 1.596661435922611e-05
4092.95653599 0.00017518350811392106 5.050559721845825e-05 3.15190321740871e-05 2.3071161662086126e-05 1.782422811652298e-05 1.45746846919872e-05
4093.63875226 0.00016106436421743794 4.4172010364773584e-05 2.7118597223095725e-05 1.9608427960240765e-05 1.5009226458980857e-05 1.2175289882283326e-05
4094.32108225 0.00017414990806048847 5.2106379642868065e-05 3.2769657473590955e-05 2.4062570299796592e-05 1.8629937135697267e-05 1.5247934147642837e-05
4095.00352596 0.0001835926280134966 5.813610950734147e-05 3.707439389876695e-05 2.7480878036540696e-05 2.141619339224353e-05 1.762213166772295e-05
4095.68608343 0.000170223397531492 5.243640127302738e-05 3.30718673461432e-05 2.4304699254407676e-05 1.8798920601738743e-05 1.5366303417461222e-05
4096.36875466 0.0001558846815131974 4.614485709416536e-05 2.8651350748540818e-05 2.0771068007078337e-05 1.586523602446578e-05 1.2815577472777511e-05
4097.05153969 0.0001465543287527646 4.257884567856844e-05 2.618390405034939e-05 1.8795980419826296e-05 1.4221205153545166e-05 1.1377768350426945e-05
4097.73443852 0.00014192920535389337 4.1579154765874036e-05 2.5549495653189785e-05 1.8298732210942035e-05 1.3819623462676337e-05 1.1031988014340962e-05
4098.41745117 0.00014171339328166615 4.323419152554309e-05 2.6941575784899782e-05 1.9507729941596728e-05 1.4865502251546379e-05 1.1963564606120533e-05
4099.10057767 0.00013434642404056368 4.174513788862278e-05 2.620944975971399e-05 1.909955720856962e-05 1.4624850988492045e-05 1.1823008379038574e-05
4099.78381804 0.000126977169110025 4.043612271018246e-05 2.5579796030279264e-05 1.875203016767547e-05 1.4435039522956139e-05 1.172636019886275e-05
4100.46717229 0.0001239838362292155 4.0975316725890584e-05 2.615870237946016e-05 1.9293018534133714e-05 1.4927043543975054e-05 1.2178160419800944e-05
4101.15064043 0.00010956696702473156 3.594758653937284e-05 2.2879639022694913e-05 1.682607508688868e-05 1.2981822767384564e-05 1.0562283628889236e-05
4101.83422251 9.117902681744361e-05 2.9790014985714463e-05 1.903943771960749e-05 1.4038454277107505e-05 1.0844888619269512e-05 8.828371982132752e-06
4102.51791852 7.480577027082569e-05 2.5421024762633736e-05 1.657135308364384e-05 1.2411110437484748e-05 9.712913903715161e-06 7.997156243144827e-06
4103.20172848 7.6085669429029e-05 2.682440884067059e-05 1.7671264263597923e-05 1.3337418125481715e-05 1.0504185636931696e-05 8.695660639990135e-06
4103.88565243 9.423775464362268e-05 3.273212957458227e-05 2.1371322533096082e-05 1.6021900514655335e-05 1.2552884706168354e-05 1.034749605409325e-05
4104.56969037 0.00011273039058940395 3.851581193562959e-05 2.494981939145544e-05 1.861114867008613e-05 1.4527872170203275e-05 1.1943087571692535e-05
4105.25384233 0.00012125616979587054 3.974047909447937e-05 2.5325213982863305e-05 1.8662251479773287e-05 1.4428346998421121e-05 1.1764911995822185e-05
4105.93810833 0.00012853398781936286 4.109872254887979e-05 2.5850862702799794e-05 1.8865846716462684e-05 1.447644029305392e-05 1.173120610728799e-05
4106.62248838 0.00014600358723186894 4.840419663420187e-05 3.085643188609825e-05 2.280112319314537e-05 1.7676128588803215e-05 1.4465047336722617e-05
4107.3069825 0.00015133634164908003 4.924942878823039e-05 3.1389603905593664e-05 2.3218499512974122e-05 1.802292670940676e-05 1.4768829550105843e-05
4107.99159071 0.00014610489996669091 4.497010521987858e-05 2.825902007614882e-05 2.0669532103259564e-05 1.591009875026256e-05 1.2939441245247526e-05
4108.67631303 0.00014619210394649894 4.360415223648015e-05 2.716791103748605e-05 1.975664509809503e-05 1.5129874868826759e-05 1.2252422107362551e-05
4109.36114949 0.00015332114216722197 4.537047034477833e-05 2.8243434609418777e-05 2.054911258648514e-05 1.5743754142548775e-05 1.2760218805053318e-05
4110.04610009 0.00015742446526310514 4.661737721638628e-05 2.909996729088432e-05 2.1224923819001012e-05 1.6304789856918845e-05 1.3245454007654696e-05
4110.73116486 0.00015632879169717796 4.540885066326818e-05 2.8191260767921916e-05 2.0475013656154386e-05 1.5686787436837264e-05 1.2712100328850277e-05
4111.41634382 0.0001605164602616899 4.6249387649923985e-05 2.860630003178352e-05 2.0708797296946464e-05 1.5825705472491024e-05 1.27961073235515e-05
4112.10163698 0.000164057565964513 4.6721984689908824e-05 2.8826890269703147e-05 2.081872966382883e-05 1.586412854858135e-05 1.2788284352586613e-05
4112.78704437 0.00016554711846581034 4.538162661144619e-05 2.773207748412728e-05 1.9888306235651712e-05 1.5066531014253664e-05 1.2080375896636964e-05
4113.472566 0.00016416859667502874 4.401828599581603e-05 2.6753285175585067e-05 1.910463379040879e-05 1.443364525233591e-05 1.1547577197179124e-05
4114.1582019 0.00016712360044387293 4.593206954021357e-05 2.8210254866012507e-05 2.0309454814601743e-05 1.5453960061478046e-05 1.2445044602374086e-05
4114.84395208 0.00018016226444873517 5.1123088412266195e-05 3.17648170597944e-05 2.3086748752991214e-05 1.769451497640882e-05 1.4341331076063156e-05
4115.52981656 0.00018242934758638753 5.1160253186723606e-05 3.169492396249133e-05 2.302019756558131e-05 1.7630321869124973e-05 1.4286949059028513e-05
4116.21579536 0.00018213138934813512 4.932515768528558e-05 3.0220081391117487e-05 2.177871114510274e-05 1.6574852030410788e-05 1.335935604599358e-05
4116.90188849 0.00019096642409653639 5.2115030920407814e-05 3.196246332291719e-05 2.302905416942578e-05 1.7515578400294112e-05 1.410543266770265e-05
4117.58809599 0.00019245512058624323 5.24855701856397e-05 3.2145303347833036e-05 2.3115354003090172e-05 1.756670900257615e-05 1.413609265526387e-05
4118.27441787 0.00019442660303290395 5.349058006932383e-05 3.293141926610984e-05 2.3773981724118097e-05 1.8139313285510168e-05 1.4647679902447946e-05
4118.96085414 0.00018565937519814566 5.008944437094707e-05 3.075655109965605e-05 2.218393917673474e-05 1.6908193997058413e-05 1.3642566129082196e-05
4119.64740482 0.00016284508928092668 4.1496978795134275e-05 2.5134488080549135e-05 1.797432407276716e-05 1.3609549093422438e-05 1.0923616490585071e-05
4120.33406994 0.0001629286322264351 4.112617187792567e-05 2.4846585130971137e-05 1.773247524898225e-05 1.3413608534418298e-05 1.0756767152896533e-05
4121.02084952 0.00017679916892533295 4.5695874352913106e-05 2.77650063114916e-05 1.9878883603590715e-05 1.5074919602632702e-05 1.2110516541766067e-05
4121.70774357 0.00018399647742178848 4.80762070153825e-05 2.93153023738769e-05 2.102737799107274e-05 1.5960872951469282e-05 1.2827801716021643e-05
4122.39475211 0.00017853436992384502 4.595692835842783e-05 2.7900678806832023e-05 1.9946931298499895e-05 1.5095389333175701e-05 1.2099504701330093e-05
4123.08187516 0.00017332498893463414 4.401498258606556e-05 2.6661673203694692e-05 1.9048215183082854e-05 1.4416883771391529e-05 1.1562184629083756e-05
4123.76911274 0.0001732200567671583 4.388621388998298e-05 2.662890781704373e-05 1.907150512053263e-05 1.4471573888991537e-05 1.163625729078828e-05
4124.45646487 0.00017358256961648376 4.219423063370424e-05 2.5245417277154514e-05 1.7888194407268355e-05 1.3459678982631034e-05 1.0740733546941428e-05
4125.14393157 0.0001822531533864398 4.542128037779033e-05 2.7413398359753147e-05 1.9556648030180194e-05 1.4811739251286148e-05 1.1891820832115782e-05
4125.83151285 0.00019184529373814527 5.042802755201283e-05 3.093594454366796e-05 2.23497399711912e-05 1.7104289445102513e-05 1.3862641176849706e-05
4126.51920874 0.0001889880697337987 4.94089271020978e-05 3.025467545169574e-05 2.184221266156409e-05 1.6696815820408208e-05 1.3524202919702769e-05
4127.20701926 0.0001861996958610779 4.822036802447055e-05 2.945833580182932e-05 2.1252064549359146e-05 1.62317489458463e-05 1.314423027469147e-05
4127.89494442 0.00019051472568032304 4.989232924937735e-05 3.056831428947043e-05 2.2095212929876792e-05 1.6899619309998377e-05 1.3699479178433783e-05
4128.58298425 0.00017567581556875037 4.452665626853147e-05 2.7003125360036207e-05 1.9338517036306557e-05 1.4678454884409066e-05 1.1809311338232257e-05
4129.27113876 0.0001668337747843558 4.203196818061381e-05 2.5419664837880175e-05 1.813735561519939e-05 1.3719395262858975e-05 1.0994087893641077e-05
4129.95940797 0.0001800339579208067 4.717664200705872e-05 2.8970994017532435e-05 2.0936945587949193e-05 1.6004667745613135e-05 1.2948808480170581e-05
4130.6477919 0.00018762873766780996 4.8434445401804134e-05 2.961479029470686e-05 2.135052856217082e-05 1.629329845147741e-05 1.3165353122597474e-05
4131.33629057 0.00018960543741508324 4.88981537349419e-05 2.97886967359005e-05 2.138300511692156e-05 1.6255045246215665e-05 1.3082660036526656e-05
4132.024904 0.00018684398041527808 4.859451138889169e-05 2.9550971785167974e-05 2.114448156246096e-05 1.600984223564208e-05 1.2833071936546957e-05
4132.71363221 0.00017559421998234606 4.303548139516734e-05 2.5558810131938254e-05 1.7961196556309263e-05 1.337758549087614e-05 1.0572803087877217e-05
4133.40247522 0.0001624688153536135 3.757005918052866e-05 2.190053214202491e-05 1.5188559460672368e-05 1.1186269481747427e-05 8.759272032963294e-06
4134.09143304 0.00017428451272267367 4.180519780988175e-05 2.4813403424519493e-05 1.745256980181257e-05 1.3017841274047832e-05 1.0305274119666575e-05
4134.7805057 0.0001766699362417213 4.17144841406636e-05 2.4698891654197386e-05 1.7365453449875763e-05 1.296520563485311e-05 1.0276849489289284e-05
4135.46969322 0.00016592224929350046 3.7046900023896364e-05 2.153052005329092e-05 1.495371377364569e-05 1.1063453543068867e-05 8.706449057274643e-06
4136.15899561 0.00018259660705662254 4.422126285098534e-05 2.6440634737344324e-05 1.872694339613703e-05 1.4079146935291295e-05 1.1227555373028293e-05
4136.84841289 0.00020309848016127708 5.2449266385043424e-05 3.200337014411658e-05 2.2975632796375778e-05 1.7459560751942225e-05 1.4045095593147705e-05
4137.53794509 0.00019733045709046718 5.04056984652888e-05 3.066909543266957e-05 2.1997359277562477e-05 1.670183117741088e-05 1.3432912908643013e-05
4138.22759221 0.00018885851265924882 4.722515809172101e-05 2.8529849771802096e-05 2.0364026393052644e-05 1.5399202571556734e-05 1.2343349948702596e-05
4138.91735429 0.0001974188055013833 5.016437297290132e-05 3.043023302780466e-05 2.1765563763672802e-05 1.648659608624258e-05 1.322680062329096e-05
4139.60723134 0.00020608579346924173 5.348131215136457e-05 3.263908481417325e-05 2.3441020641059447e-05 1.781376476706454e-05 1.4330679799346904e-05
4140.29722337 0.000208590222866754 5.3765896096783627e-05 3.273951383036944e-05 2.3466827650898085e-05 1.77998465220771e-05 1.4295180934142163e-05
4140.98733042 0.00020450046596443873 5.1570374571080996e-05 3.1241492142915966e-05 2.2309397744427457e-05 1.686974996586747e-05 1.3510293499427049e-05
4141.67755249 0.0002026587632235675 5.0931792445490776e-05 3.081723598394952e-05 2.198265829155419e-05 1.6613389387931423e-05 1.329822919582731e-05
4142.36788961 0.00020200641581629895 5.065958938675082e-05 3.0608174881230254e-05 2.1812413472610314e-05 1.647425648200821e-05 1.3180637078441223e-05
4143.05834179 0.0001889482697190061 4.463825853358295e-05 2.6416285686375902e-05 1.853574467543116e-05 1.3808693256795693e-05 1.0912604447510251e-05
4143.74890906 0.00017375390943191228 3.8353407419637093e-05 2.2005913681436774e-05 1.5027756314597872e-05 1.0910509655826762e-05 8.40860593856942e-06
4144.43959144 0.00015685417721425241 3.322661415764844e-05 1.8632457396279618e-05 1.2493688470641024e-05 8.91999521009992e-06 6.775868343387097e-06
4145.13038893 0.0001578092662581553 3.368918792616672e-05 1.8884311559289443e-05 1.2681907923231806e-05 9.077369024576728e-06 6.926075443580219e-06
4145.82130157 0.00018487395365439298 4.3086794822113596e-05 2.5094194370870223e-05 1.7351919161922617e-05 1.2744343663175219e-05 9.94129840369798e-06
4146.51232937 0.00019617978218878943 4.841501850110832e-05 2.8930495605974702e-05 2.042459325679171e-05 1.5284521799362777e-05 1.2125420319363262e-05
4147.20347235 0.00019824320863691497 5.03915113692944e-05 3.053596339082761e-05 2.1784331407546605e-05 1.6445693884542004e-05 1.3143776420964708e-05
4147.89473054 0.0002014773881360678 5.1619719459938736e-05 3.140152338772318e-05 2.2463783056116943e-05 1.699555292041474e-05 1.3608612357964473e-05
4148.58610394 0.00019396236487829216 4.870763236343698e-05 2.945415401218547e-05 2.100411194332229e-05 1.5858336206618196e-05 1.2684546264095336e-05
4149.27759258 0.00019720156376995697 5.0053153087582816e-05 3.0362889833728564e-05 2.170262535495414e-05 1.641490337407124e-05 1.3149801781124314e-05
4149.96919648 0.00019177308732625206 4.801807350427799e-05 2.9014392562398e-05 2.0689889330889755e-05 1.563164916160126e-05 1.2514736549335118e-05
4150.66091565 0.00017813703455752685 4.249723915352839e-05 2.5248735603532893e-05 1.7817315864756963e-05 1.3369744115099857e-05 1.0656241101939492e-05
4151.35275012 0.00018130628584329966 4.282124202404942e-05 2.534304024830596e-05 1.7800612602183518e-05 1.3302460584179334e-05 1.0554643251512186e-05
4152.04469991 0.0001887162337572559 4.5823546459996575e-05 2.7430193266574497e-05 1.939935673696337e-05 1.456498415262058e-05 1.1588377466457537e-05
4152.73676503 0.00019223729610711414 4.73472005492106e-05 2.856814939157574e-05 2.034489167583601e-05 1.536333479809452e-05 1.2289319382649778e-05
4153.4289455 0.00019184520705877497 4.664233831106703e-05 2.8007279496182686e-05 1.985711043284049e-05 1.4931051207568242e-05 1.1893240086254325e-05
4154.12124135 0.0001940344836537604 4.75338115960044e-05 2.8461129755485332e-05 2.012662120810537e-05 1.5092372905427632e-05 1.19952801929105e-05
4154.81365259 0.00017705525559804424 4.213160019879585e-05 2.495809668144324e-05 1.7553989919978525e-05 1.3115129278171695e-05 1.0409287347220648e-05
4155.50617924 0.00016356952014085055 3.8324406326595045e-05 2.2637930161679458e-05 1.592154074230714e-05 1.1900764796360807e-05 9.459827977260256e-06
4156.19882132 0.00018513898754451071 4.645751273073807e-05 2.8118931014051312e-05 2.009547026838534e-05 1.520324722709333e-05 1.2193068916539278e-05
4156.89157885 0.0001971837890644043 5.017223686923832e-05 3.063544785546253e-05 2.202356843870442e-05 1.6754034658917825e-05 1.3491189103419247e-05
4157.58445185 0.00017641612453121524 4.2298443097753375e-05 2.5473824612222003e-05 1.8167298995834846e-05 1.375354233186959e-05 1.1038034639032118e-05
4158.27744034 0.00017303461889198264 4.1598899004776944e-05 2.495962786566522e-05 1.7746427336660676e-05 1.3391619077238813e-05 1.0721225036773912e-05
4158.97054434 0.0001874586803337578 4.788745928304995e-05 2.9146120911404524e-05 2.0923065028584865e-05 1.5902749648885344e-05 1.2809697685669688e-05
4159.66376386 0.00019573082106269589 5.118860446111983e-05 3.135746848155312e-05 2.2629996391262036e-05 1.7274622147279943e-05 1.3970144129104358e-05
4160.35709893 0.00019386405185747656 4.966804621285729e-05 3.0270134324866537e-05 2.1775237600145322e-05 1.6569987393118162e-05 1.3365866118674116e-05
4161.05054957 0.00018954716200066766 4.749899170521596e-05 2.8852335917225426e-05 2.0698791815868038e-05 1.5711425019966842e-05 1.2639758009360374e-05
4161.74411579 0.00018504110742543565 4.6072862429590994e-05 2.8041146634467614e-05 2.015853426433515e-05 1.5349199441017268e-05 1.2383191746928563e-05
4162.43779761 0.00018012756247064166 4.4546442317304647e-05 2.7078289827471905e-05 1.9432630579785236e-05 1.478822413910139e-05 1.1919707734913727e-05
4163.13159506 0.00019030154778084025 4.779687226343513e-05 2.9050146562148673e-05 2.081461515129683e-05 1.5808914692400685e-05 1.2715133106919251e-05
4163.82550815 0.00020303032983456037 5.235959350106878e-05 3.195237238014969e-05 2.2963819014401993e-05 1.7480718796261636e-05 1.409206189521703e-05
4164.51953691 0.00019872086547005483 5.189253301663237e-05 3.178451248596428e-05 2.2887421875370226e-05 1.7444556274226597e-05 1.4070745176818242e-05
4165.21368134 0.0001929903454063651 4.8856607945532784e-05 2.956149014879162e-05 2.107493240252591e-05 1.5923818486422003e-05 1.274086887494074e-05
4165.90794147 0.00018695410803105508 4.5151271765348434e-05 2.689792782153966e-05 1.8949580762218845e-05 1.4168104640184056e-05 1.1230401201488907e-05
4166.60231733 0.00018589009017109818 4.5416036581627417e-05 2.7291601578328032e-05 1.9374867312322728e-05 1.4579511858174266e-05 1.1625492254127554e-05
4167.29680892 0.00019760970786574696 5.0229303752697856e-05 3.055288102772062e-05 2.1860830895977612e-05 1.6552683317006585e-05 1.3262903611085472e-05
4167.99141627 0.00018346823214223333 4.5501069881915504e-05 2.7403532928733717e-05 1.9459254326666255e-05 1.4640989433562483e-05 1.1668723185692126e-05
4168.6861394 0.0001697992703088361 4.0170373239827205e-05 2.3842456610579597e-05 1.6789239757035732e-05 1.2555783184752532e-05 9.970662383882476e-06
4169.38097832 0.00018591298291794058 4.4910093864767896e-05 2.6922168560088807e-05 1.9108573964055626e-05 1.438672858745267e-05 1.1490890704101102e-05
4170.07593306 0.00019547620848593155 4.7719657651843785e-05 2.8693007776506125e-05 2.0407920061033745e-05 1.5394452370745913e-05 1.2312337024382323e-05
4170.77100364 0.0001945258846909532 4.731882832585228e-05 2.8359827023438424e-05 2.013172674812547e-05 1.5168726830272986e-05 1.2122463532457487e-05
4171.46619007 0.00019571212771610233 4.921188579265532e-05 2.9832039387814335e-05 2.1341395785669037e-05 1.6169829508518058e-05 1.2977829818904302e-05
4172.16149237 0.000187099149777055 4.682276954559893e-05 2.840001857601411e-05 2.0324982365919277e-05 1.5395435116564033e-05 1.2351149596128073e-05
4172.85691057 0.00016449361629226016 3.8566380299472824e-05 2.2941888504824425e-05 1.6196039483637004e-05 1.213551160124035e-05 9.646112138499713e-06
4173.55244468 0.00015187969516492088 3.4117115085058086e-05 2.004589663176013e-05 1.4031956914171005e-05 1.0446841247588368e-05 8.259977786063347e-06
4174.24809473 0.00015222014356277246 3.498715526095347e-05 2.0787259218174018e-05 1.467881540781095e-05 1.1015749923455747e-05 8.772106015574371e-06
4174.94386072 0.00015950351101494148 3.7718254231892496e-05 2.2628336529827592e-05 1.6072701951879745e-05 1.2114704388682454e-05 9.675295865238436e-06
4175.63974269 0.00017635032265075646 4.1972297103197646e-05 2.506805919487773e-05 1.7735228493878212e-05 1.3305394957698432e-05 1.0581775343192144e-05
4176.33574064 0.00018394204406525864 4.398691678241504e-05 2.6154241863944726e-05 1.8451178828491915e-05 1.3800089026363923e-05 1.0954553315049307e-05
4177.03185461 0.00018589796634974328 4.541494634159878e-05 2.7188082763103416e-05 1.9252433738523916e-05 1.4450932452146374e-05 1.150262541325169e-05
4177.7280846 0.00018328735283002067 4.514700768221894e-05 2.7204022722083996e-05 1.934873584319362e-05 1.4600963143819413e-05 1.1674405095477708e-05
4178.42443064 0.00016808710922503115 4.0594060942548694e-05 2.439694320810055e-05 1.7345289087775884e-05 1.3100196495652741e-05 1.0487678570801347e-05
4179.12089275 0.00015233874835745418 3.5694748531865235e-05 2.1283460204414232e-05 1.5071488653901082e-05 1.134561555789432e-05 9.064851372883352e-06
4179.81747095 0.00014995752610907898 3.547507088914807e-05 2.1279934427245244e-05 1.5139893146488629e-05 1.1441023693792982e-05 9.17286773618711e-06
4180.51416525 0.00016889064227877234 4.1298467186306016e-05 2.4899287222241894e-05 1.772439226584797e-05 1.3393200392802341e-05 1.0721591745569352e-05
4181.21097568 0.00019419570214010092 4.8607583239854454e-05 2.9269691124856286e-05 2.076382614306326e-05 1.5635593829645953e-05 1.2467772406583722e-05
4181.90790225 0.00019423353917265664 4.759448862720391e-05 2.8335082246709696e-05 1.993280420435464e-05 1.4907084307910274e-05 1.1820032253899677e-05
4182.60494498 0.00018047428038415838 4.333764826047188e-05 2.5737226584227588e-05 1.8112685772572293e-05 1.3542813169358016e-05 1.07460037364272e-05
4183.3021039 0.0001770953970152963 4.28290042815497e-05 2.562728221260004e-05 1.8167078085903338e-05 1.3660668544730053e-05 1.0898985607851366e-05
4183.99937902 0.00017715300334694914 4.246110697882533e-05 2.539258971621959e-05 1.80075014602015e-05 1.3557181194115582e-05 1.0832159633306047e-05
4184.69677037 0.00016884519991965528 4.029544380178738e-05 2.41558501364408e-05 1.7181779784660248e-05 1.2969537525111379e-05 1.039210437727609e-05
4185.39427795 0.00017163346938535703 4.210610820193559e-05 2.547746459666633e-05 1.825115610163421e-05 1.384135208805103e-05 1.1133903732491679e-05
4186.0919018 0.00019104533613886214 4.897392527193212e-05 2.985768372584485e-05 2.1480003659204187e-05 1.632739181962829e-05 1.315094862304425e-05
4186.78964193 0.00020735928729640894 5.4259268322711126e-05 3.3214918649956965e-05 2.3945962545559864e-05 1.823389689836997e-05 1.4703728095791511e-05
4187.48749835 0.0001977074060919295 4.984323627924878e-05 3.0116996330274388e-05 2.151892773959968e-05 1.627055853412121e-05 1.3047534278664105e-05
4188.1854711 0.00017275891712612644 4.053448329209027e-05 2.3827048502482007e-05 1.669754601727619e-05 1.2422216916351086e-05 9.834283898219787e-06
4188.88356018 0.00016646887942307686 3.886380334925393e-05 2.2823729259555512e-05 1.5972230372472864e-05 1.1868928097734408e-05 9.385556533726226e-06
4189.58176563 0.00018125035682048967 4.50698608071807e-05 2.7114490261578725e-05 1.932060090164021e-05 1.4573887824288663e-05 1.1670804881072866e-05
4190.28008745 0.00019145894664200047 4.845559070086799e-05 2.9350286435283893e-05 2.1032429694185515e-05 1.5947042712455644e-05 1.2826361488273558e-05
4190.97852566 0.00019718976557580746 4.960157476162593e-05 3.000897489989603e-05 2.145409390374222e-05 1.624283262930894e-05 1.3034733772979317e-05
4191.67708029 0.0001942460343018454 4.8214851680171e-05 2.8948405479112124e-05 2.0579048299134458e-05 1.551132749924173e-05 1.2405054338233664e-05
4192.37575136 0.0001756233771453995 4.212479343578639e-05 2.5033660911975703e-05 1.7682257688699617e-05 1.3252926579435486e-05 1.0556527954150904e-05
4193.07453888 0.00016971375889010353 4.0494378461753855e-05 2.4131831253251514e-05 1.709185927682798e-05 1.284483154668108e-05 1.0255037441184885e-05
4193.77344288 0.00019465425495313285 4.920061780442701e-05 2.9830012379030154e-05 2.1377108875991317e-05 1.6230430257421022e-05 1.306361889180969e-05
4194.47246337 0.00020589126580124686 5.270593628095982e-05 3.202189892481749e-05 2.2937579136327847e-05 1.7402533133920342e-05 1.3984066589212655e-05
4195.17160038 0.00020397930183682018 5.137668119064058e-05 3.0939979212820844e-05 2.201082626359008e-05 1.659522869464472e-05 1.3262060127559755e-05
4195.87085391 0.00019309787978861328 4.720434740718253e-05 2.8098641636404525e-05 1.9837299828232053e-05 1.4870593938237568e-05 1.1834000288463674e-05
4196.570224 0.000175433263051787 4.1384792950071045e-05 2.4459837549154865e-05 1.7183842275449275e-05 1.2838622288013504e-05 1.0189796394414637e-05
4197.26971066 0.00017078339819429493 3.949147522772808e-05 2.3151658506299506e-05 1.6127499530556713e-05 1.1960351155936595e-05 9.421033787604906e-06
4197.96931391 0.00018336597858167593 4.350255739563878e-05 2.5539714238666438e-05 1.7781384521803065e-05 1.3156012412951398e-05 1.0335793612325108e-05
4198.66903377 0.00018834022662042363 4.6679977657061425e-05 2.7943504337150987e-05 1.979993202232824e-05 1.4853545999746678e-05 1.1825231387933917e-05
4199.36887026 0.00015948688364415416 3.7675663326450667e-05 2.239872932281962e-05 1.584806069609004e-05 1.1884351500564217e-05 9.471006437604574e-06
4200.0688234 0.0001553872994985989 3.568605867782094e-05 2.0966895264077372e-05 1.4703499603959257e-05 1.0942324180585706e-05 8.663586386593353e-06
4200.76889321 0.00018086596167735935 4.345411699452952e-05 2.5777012120310913e-05 1.8179974849839592e-05 1.358459211011788e-05 1.0787094638685355e-05
4201.4690797 0.00018825601789816928 4.4944944426607e-05 2.6518688652914867e-05 1.8633204323210958e-05 1.3893325969240682e-05 1.101610045390041e-05
4202.16938291 0.00018171433310898641 4.255496743329414e-05 2.494654689928129e-05 1.743446050497664e-05 1.2943687223517936e-05 1.0224206754174491e-05
4202.86980284 0.00017217143128842055 3.932588595438804e-05 2.284181033437499e-05 1.584507976956435e-05 1.1679873079086185e-05 9.168408318538717e-06
4203.57033952 0.0001731434472617732 3.96819792196138e-05 2.3095032768505155e-05 1.6052280626023695e-05 1.1858594710195395e-05 9.326086898694383e-06
4204.27099296 0.0001882620380486817 4.5351639585285944e-05 2.7016130350220374e-05 1.9095594344959796e-05 1.430834922591455e-05 1.1378744816107187e-05
4204.97176319 0.00018527517291850565 4.500209042614183e-05 2.6987339906977637e-05 1.9183451571126062e-05 1.4444729091037067e-05 1.1536057214851749e-05
4205.67265022 0.00018104855099602957 4.367543291058563e-05 2.6206135290864824e-05 1.8664616784670476e-05 1.4095037298843586e-05 1.1291324918899758e-05
4206.37365408 0.00017936846457838662 4.363034497526596e-05 2.638989258751888e-05 1.8918846034026413e-05 1.4388766234591884e-05 1.1599646841728736e-05
4207.07477478 0.0001883471193538251 4.730055660508358e-05 2.8857799507799766e-05 2.0810167127630575e-05 1.5888211568260782e-05 1.2851721662797672e-05
4207.77601234 0.00019009820367080416 4.770384052416332e-05 2.899055830930801e-05 2.087001528516552e-05 1.5898677852046194e-05 1.2844751845055226e-05
4208.47736679 0.00019339866701911597 5.002282815367855e-05 3.067328195219892e-05 2.221837452715212e-05 1.700581444061177e-05 1.3794305613726026e-05
4209.17883814 0.00019727451603552263 5.197921392861432e-05 3.2078683347124634e-05 2.331520280505451e-05 1.788593342889054e-05 1.4528999053281662e-05
4209.88042641 0.00019305352183235716 4.986719931355275e-05 3.055978879733017e-05 2.207552498269758e-05 1.6856896250138133e-05 1.3633044975258043e-05
4210.58213162 0.00019264636478409243 4.89908254788471e-05 2.9799866309729533e-05 2.1382991162446734e-05 1.6238179594573435e-05 1.3062440855188445e-05
4211.28395379 0.0001860751950144088 4.5981051067301815e-05 2.7648160667182853e-05 1.965388524340327e-05 1.4801070663967036e-05 1.1815725261591568e-05
4211.98589294 0.00019093499408017551 4.7206057345370885e-05 2.8304414872010385e-05 2.009343525759547e-05 1.512739430933047e-05 1.2078892620590692e-05
4212.68794909 0.0001981639853148478 4.937150742971585e-05 2.970836247187996e-05 2.1142026342142574e-05 1.5963549083376998e-05 1.2777379024623592e-05
4213.39012227 0.000197433769050428 4.864823979561713e-05 2.9178410711191545e-05 2.0709770664322463e-05 1.5606425184764095e-05 1.2468615490011307e-05
4214.09241248 0.00019526811650646356 4.7602242157124366e-05 2.8369500222848185e-05 2.0013351816482624e-05 1.4994348070423918e-05 1.1912333884450275e-05
4214.79481974 0.00018918048076087472 4.575788500096561e-05 2.7175540935431908e-05 1.9090448976674783e-05 1.4240306670571576e-05 1.1260043948581144e-05
4215.49734409 0.0001883865751968777 4.564635564684061e-05 2.7151697855122157e-05 1.9067789687792163e-05 1.4224674252912568e-05 1.123830724745121e-05
4216.19998553 0.00017334550716016682 4.1109294806596285e-05 2.43019013058776e-05 1.697871063101619e-05 1.2613867293624857e-05 9.923886378813392e-06
4216.90274409 0.00015269524884541398 3.389370200727846e-05 1.955792021694234e-05 1.3455343973033547e-05 9.863394820755776e-06 7.67992711137066e-06
4217.60561979 0.0001631396088601489 3.6897898488535806e-05 2.1464690307259156e-05 1.495318387457894e-05 1.1083627409777244e-05 8.745565384998264e-06
4218.30861264 0.00018390062790465316 4.5302272318910905e-05 2.71410633718471e-05 1.9368324224933053e-05 1.4637166981052495e-05 1.1754242487237753e-05
4219.01172266 0.0002001642353330116 5.1600344259037503e-05 3.133388662131225e-05 2.25437682532179e-05 1.7128549873813945e-05 1.380629964391859e-05
4219.71494988 0.00020485597753433206 5.278713658277907e-05 3.20215416895204e-05 2.3024165979963997e-05 1.7486894060978865e-05 1.4091751769917037e-05
4220.41829432 0.00019400636516546743 4.9564752592626404e-05 3.0070756099014163e-05 2.1626358580855505e-05 1.6430154832567835e-05 1.3244003651900651e-05
4221.12175599 0.00019462394511202062 5.0328304384408564e-05 3.07607794724564e-05 2.2214447618100366e-05 1.692851073315792e-05 1.3672048469250242e-05
4221.82533491 0.00020906522498451938 5.538977166807771e-05 3.4083636602818114e-05 2.4719146935410635e-05 1.8883079980704255e-05 1.52757321930556e-05
4222.52903111 0.00021183775628936364 5.5737322671963e-05 3.411505943523063e-05 2.4631395188797975e-05 1.8734319350913942e-05 1.5095798251362755e-05
4223.23284459 0.0001986558688573225 5.055117741210209e-05 3.0600810374602775e-05 2.18967798589329e-05 1.6530912368611528e-05 1.3229410374012895e-05
4223.93677539 0.00019663822143872956 4.854747620836551e-05 2.9048426324983925e-05 2.0598721797352145e-05 1.5448266966864216e-05 1.2290435858599718e-05
4224.64082353 0.00019484509381487882 4.695981174289736e-05 2.7764984889818247e-05 1.9529279622892727e-05 1.4553321910872209e-05 1.1522967839058862e-05
4225.34498901 0.00018023267381137652 4.2124298031033566e-05 2.4692451910987154e-05 1.7252058447694987e-05 1.2774746879827113e-05 1.0056952769564055e-05
4226.04927186 0.00017069334973087 3.808828411599973e-05 2.1958314427760577e-05 1.5115600872307926e-05 1.1045380381593431e-05 8.584165918184068e-06
4226.75367211 0.00015797745494769747 3.266931431404742e-05 1.8264458998311913e-05 1.2246029369173288e-05 8.7405435378657e-06 6.644949034028182e-06
4227.45818976 0.00013525705495655828 2.4233952620500986e-05 1.2819021894551703e-05 8.250388507690614e-06 5.684926976213322e-06 4.19219080266662e-06
4228.16282484 0.00012777910920224635 2.2114314887336805e-05 1.1519042690753945e-05 7.3491405247338114e-06 5.0337500899355425e-06 3.6996461212540286e-06
4228.86757737 0.00015691787833134634 3.280332280676128e-05 1.8340925986252947e-05 1.2305941610043777e-05 8.78649180767015e-06 6.68825164640486e-06
4229.57244738 0.0001894772696788239 4.490718202675681e-05 2.638908195791273e-05 1.8377598456686158e-05 1.352957499192052e-05 1.0574941174195224e-05
4230.27743486 0.00019972533952297442 4.8478404816139756e-05 2.889516524264299e-05 2.040239669130339e-05 1.521210526815391e-05 1.2035618559520874e-05
4230.98253986 0.00020251449740336312 4.946035876208183e-05 2.95995376977319e-05 2.1000158011094825e-05 1.5743672954208026e-05 1.2523125302318687e-05
4231.68776238 0.00021118851609764805 5.3478088184355534e-05 3.2316505337907154e-05 2.3109128895397165e-05 1.7440300284275878e-05 1.3956347546190938e-05
4232.39310245 0.0002128075116767957 5.454463380259527e-05 3.3002193929083465e-05 2.3656584363854457e-05 1.789783916651031e-05 1.4364158504722046e-05
4233.09856009 0.00020709667516435315 5.278819719481149e-05 3.1896288112668334e-05 2.282815221539215e-05 1.7262524209909623e-05 1.3846249786917217e-05
4233.80413531 0.00018487351160497836 4.570577015433465e-05 2.7370906766863548e-05 1.9465461147838517e-05 1.466135445923579e-05 1.172212436888906e-05
4234.50982814 0.00016573779018412034 4.0382521898670345e-05 2.4063586584034018e-05 1.7060654916948925e-05 1.2817440878484312e-05 1.0230894017247755e-05
4235.2156386 0.00018032702663466416 4.4594637818250025e-05 2.6742374212526132e-05 1.901952413211039e-05 1.4317077490934964e-05 1.1439442262736228e-05
4235.9215667 0.00018738946093821836 4.5957106779734774e-05 2.756059871374113e-05 1.9614582747534153e-05 1.4773297815934815e-05 1.181120253065192e-05
4236.62761246 0.00016814294726002474 3.8518271356337526e-05 2.2579166758153437e-05 1.5847230908756975e-05 1.1813621105590938e-05 9.375072664247174e-06
4237.33377591 0.00016923794176681967 3.83871640081852e-05 2.222433078725777e-05 1.5484971836639967e-05 1.1494835473516718e-05 9.104288252845192e-06
4238.04005706 0.000188955824644058 4.493754049993099e-05 2.6348816136560262e-05 1.851201478548343e-05 1.3834142139935608e-05 1.1016411560769145e-05
4238.74645593 0.00019327739652642996 4.776462336098024e-05 2.85313668060648e-05 2.0279940855560033e-05 1.5287340625256514e-05 1.224670324522699e-05
4239.45297255 0.00018671895511111462 4.765154425788288e-05 2.8945127826897536e-05 2.0808369130540727e-05 1.582516720816596e-05 1.2763748726399324e-05
4240.15960693 0.0001821415772297319 4.6613250354848434e-05 2.842399417175522e-05 2.051270756269942e-05 1.5646361390807358e-05 1.265561858581998e-05
4240.86635909 0.00017920755444823761 4.485491673314443e-05 2.7293924758601195e-05 1.9689103961073722e-05 1.5013959716183606e-05 1.2145060619549768e-05
4241.57322906 0.00018587045096884138 4.651219474095267e-05 2.826178048336901e-05 2.035547958458253e-05 1.5505391888245618e-05 1.2530085739837615e-05
4242.28021684 0.0002013875125252298 5.220416657201321e-05 3.1916368508582824e-05 2.305300127706372e-05 1.760029448323323e-05 1.4243329829008768e-05
4242.98732247 0.0002000712748292951 5.199177735252086e-05 3.172794565122416e-05 2.28809157150554e-05 1.7455188183569406e-05 1.4116639865360824e-05
4243.69454595 0.0001872031953532091 4.669724930441381e-05 2.8054952159630518e-05 2.006948827720097e-05 1.5235579783575929e-05 1.2291547375105669e-05
4244.40188732 0.0001917090842993496 4.784913321721986e-05 2.8746394389784647e-05 2.060935581458092e-05 1.567943783511341e-05 1.2684973288046667e-05
4245.10934659 0.00020368558016825174 5.409071721396805e-05 3.324673514486373e-05 2.4189363711359192e-05 1.86022595958054e-05 1.5170850574602766e-05
4245.81692378 0.000207398690960899 5.7796778091735927e-05 3.614558591069436e-05 2.658980038810167e-05 2.0611348094068675e-05 1.6909383130920883e-05
4246.5246189 0.0001972159021072812 5.419657373534214e-05 3.381344634587366e-05 2.483204562580126e-05 1.9220403163103863e-05 1.5748451376289063e-05
4247.23243199 0.0001889879694579843 5.038880101528856e-05 3.115620682177651e-05 2.272273237753846e-05 1.748877685129081e-05 1.4258045253674651e-05
4247.94036306 0.0001760783723483018 4.5782534914153394e-05 2.8075283291246918e-05 2.0348230194490845e-05 1.5584242061610436e-05 1.2650657001754803e-05
4248.64841212 0.0001720902688326261 4.300514103336847e-05 2.5922620478238146e-05 1.8561826894029056e-05 1.408477363775912e-05 1.1350895411940015e-05
4249.3565792 0.00018073482302941762 4.387375544536849e-05 2.602490932410428e-05 1.8416830962535978e-05 1.3846098891303028e-05 1.107598925614341e-05
4250.06486432 0.00019215470335589283 4.718144463728123e-05 2.7954494148790622e-05 1.978916211278375e-05 1.4878956630266908e-05 1.1910890120928689e-05
4250.77326749 0.00018724551378187653 4.5891536770253955e-05 2.7101931785516976e-05 1.912620470317635e-05 1.4319964605515722e-05 1.1422290166632186e-05
4251.48178875 0.00016739509843352303 3.919187359593516e-05 2.2761736948408782e-05 1.58020956509032e-05 1.1634429664215804e-05 9.134317582989579e-06
4252.1904281 0.0001752898426212811 4.235230130186666e-05 2.50043409744922e-05 1.7527865477099066e-05 1.2996512683795066e-05 1.0245926872814964e-05
4252.89918556 0.0002001415925962608 5.1684516955044725e-05 3.1321879253779025e-05 2.2390249984740344e-05 1.6893779421176552e-05 1.35125030197996e-05
4253.60806117 0.00020666162353510283 5.4658116454227525e-05 3.335809108713123e-05 2.4004042182878114e-05 1.822093359355098e-05 1.465616210287805e-05
4254.31705492 0.0002013166140892501 5.1914235898527645e-05 3.1374489873958084e-05 2.2433822013516276e-05 1.6937729773290277e-05 1.3566160911800886e-05
4255.02616686 0.00018152636555516453 4.299945805721731e-05 2.5148534567835263e-05 1.7531578646679064e-05 1.2946618081907735e-05 1.0172723293060052e-05
4255.73539699 0.00017283913085261587 3.91067814666592e-05 2.2393581881305693e-05 1.5365739874635512e-05 1.1186480889222654e-05 8.683321148173355e-06
4256.44474533 0.00018256277305981887 4.195573576880283e-05 2.4227833316107033e-05 1.6803872589146746e-05 1.2387851608892768e-05 9.739836103327938e-06
4257.15421191 0.00019283689819148055 4.702057318686205e-05 2.7947851952117278e-05 1.9815544351559413e-05 1.4907468609344914e-05 1.1925492536593125e-05
4257.86379674 0.00021147084221699139 5.687958184935462e-05 3.508314807720868e-05 2.551087295480475e-05 1.9564157429643196e-05 1.589034882726081e-05
4258.57349985 0.0002116933604776427 5.799010179918958e-05 3.603397040947123e-05 2.634667282801399e-05 2.028738758027898e-05 1.6533673591222607e-05
4259.28332125 0.00018697267569376666 4.7496662540255854e-05 2.885214356769046e-05 2.078933103440558e-05 1.5851985175372035e-05 1.2824522746718416e-05
4259.99326096 0.00018039827331350826 4.360980740455311e-05 2.5899765601238623e-05 1.8360130182283045e-05 1.3824479862031326e-05 1.1075397042491881e-05
4260.70331901 0.00017930747468071587 4.337569344631276e-05 2.575009447695406e-05 1.8236641438762863e-05 1.3702496754945345e-05 1.0956340316385942e-05
4261.41349541 0.00015943612689998214 3.6017596376315645e-05 2.0944140860168623e-05 1.4626276799302455e-05 1.0862929945202697e-05 8.606052187192099e-06
4262.12379018 0.00016652735966143903 3.775589446398122e-05 2.180866853628863e-05 1.5150902818157213e-05 1.1208685628876795e-05 8.851914619847692e-06
4262.83420334 0.00018098874454692182 4.340002734750277e-05 2.5533823243798423e-05 1.797791104699845e-05 1.3461323312449316e-05 1.0737014279627857e-05
4263.54473492 0.0001948579657665244 5.011487005554298e-05 3.037374091746981e-05 2.18283634173248e-05 1.6601888491622102e-05 1.3402911730430895e-05
4264.25538493 0.00020549285812206027 5.4957578120098434e-05 3.379396955950033e-05 2.452873273788313e-05 1.8796676318425133e-05 1.5266908043497137e-05
4264.96615339 0.0002028304108592707 5.4011844460402675e-05 3.314131951628736e-05 2.403844128402499e-05 1.8435853731007545e-05 1.4995028552824345e-05
4265.67704032 0.0002030037528554544 5.409091791900132e-05 3.315332741230798e-05 2.4044308182272405e-05 1.8443820518542687e-05 1.5010424031180872e-05
4266.38804574 0.00020755434971167069 5.6039610767091176e-05 3.454555480223721e-05 2.513992266109244e-05 1.932099388175186e-05 1.5740845669134016e-05
4267.09916967 0.00020683837236364492 5.53470625643639e-05 3.407947880570854e-05 2.4756295053181264e-05 1.898272508422602e-05 1.5425618539878688e-05
4267.81041214 0.00020267245079948285 5.362103115143994e-05 3.284780891603102e-05 2.3789599788562416e-05 1.8203402058105997e-05 1.4772095935254058e-05
4268.52177315 0.0001940081543155854 4.98705334256339e-05 3.020414947536773e-05 2.1732833708105774e-05 1.656424759561476e-05 1.3410490904904917e-05
4269.23325273 0.00018611336574939877 4.629706225472633e-05 2.771536740762588e-05 1.9756565611430317e-05 1.494468169521217e-05 1.2018171305915851e-05
4269.94485091 0.0001832980003232424 4.645807047024575e-05 2.800677758554104e-05 2.00271497363268e-05 1.5170152187363262e-05 1.2201125693488455e-05
4270.65656769 0.00018658599747765371 4.723127098068762e-05 2.8385567178772034e-05 2.0254528093706175e-05 1.5315573030638844e-05 1.230253943982206e-05
4271.3684031 0.00018492355161913517 4.4479754024005295e-05 2.6200965679444266e-05 1.8392682521346667e-05 1.3717275017812684e-05 1.0884036609904728e-05
4272.08035717 0.00016357730591540088 3.6165940170865704e-05 2.061359892550305e-05 1.4133858051996226e-05 1.0338548944690839e-05 8.075156230827459e-06
4272.7924299 0.00014825311880894835 3.019729802035522e-05 1.6582624151705537e-05 1.1083768851729604e-05 7.938559878933721e-06 6.101761225705692e-06
4273.50462132 0.00017069063658752516 3.849907508824342e-05 2.20296002360717e-05 1.5127448131194021e-05 1.1051157841337124e-05 8.614268002907875e-06
4274.21693144 0.00018448145664913085 4.473631848922567e-05 2.6359865472542313e-05 1.8502093314629214e-05 1.3761905414135196e-05 1.0888108939122588e-05
4274.9293603 0.00017702372733338843 4.149400979660656e-05 2.4128769766094518e-05 1.6816189360329276e-05 1.2447267635104026e-05 9.819659188434398e-06
4275.6419079 0.000169280883856957 3.7746606083636825e-05 2.1438779194977624e-05 1.4652451711613377e-05 1.0653742426375707e-05 8.272178596861876e-06
4276.35457428 0.00016988534509043953 3.8330915580473526e-05 2.1876304850628785e-05 1.5023239612658648e-05 1.0979373008796655e-05 8.567066120900792e-06
4277.06735944 0.00018911373757039233 4.681150741778022e-05 2.7827993946993466e-05 1.970537489115262e-05 1.4786450871448086e-05 1.1796563214708575e-05
4277.7802634 0.00020123905816086778 5.204943437133194e-05 3.150595053755855e-05 2.2579843954559258e-05 1.711523224255301e-05 1.3764526239885128e-05
4278.4932862 0.00020004477933595685 5.223260116869911e-05 3.175594676712823e-05 2.2859580970691385e-05 1.7407376364023017e-05 1.4063413051782972e-05
4279.20642784 0.0002013864318686573 5.4547527561543806e-05 3.364538129346423e-05 2.4489836853801126e-05 1.881096195896176e-05 1.5310723053698492e-05
4279.91968835 0.00020443501828590422 5.551505411209419e-05 3.423557554962865e-05 2.4934451955628882e-05 1.9160578318763296e-05 1.5606681580041344e-05
4280.63306774 0.00019432586238015253 4.9170160829364954e-05 2.954653218985275e-05 2.1194283883511968e-05 1.6124944032296945e-05 1.3049105898745456e-05
4281.34656604 0.00018033175165326761 4.1748122337687256e-05 2.4217569716556384e-05 1.696282893007327e-05 1.2690423658430529e-05 1.0143581375162187e-05
4282.06018327 0.0001837266047763398 4.3768459337897544e-05 2.56775795194635e-05 1.8077378194052704e-05 1.3554089731660117e-05 1.0835846379632184e-05
4282.77391944 0.00019182786152826273 4.867858395476847e-05 2.9232427342343502e-05 2.087085716411151e-05 1.5780504294970953e-05 1.2680292060258857e-05
4283.48777458 0.00018010874589890124 4.529063294960833e-05 2.7103543880841966e-05 1.928719527324464e-05 1.4526535043501116e-05 1.1630482980410747e-05
4284.20174871 0.00018268959297424258 4.7380715080160575e-05 2.8718547053795223e-05 2.062208016991252e-05 1.564342901166282e-05 1.2597288852523902e-05
4284.91584184 0.00019736998500902224 5.345685458930807e-05 3.292813625178999e-05 2.3929960793429402e-05 1.835136910976755e-05 1.4915941379506308e-05
4285.63005399 0.00018828458261479906 4.799758320682856e-05 2.899984731838748e-05 2.081794231910079e-05 1.584394465059893e-05 1.280878805767632e-05
4286.3443852 0.00017841530001061213 4.263955667666625e-05 2.5173368681606834e-05 1.781078073028954e-05 1.3413388312815381e-05 1.0761729941701454e-05
4287.05883546 0.0001760021703280831 4.0975666686924084e-05 2.3937165314796084e-05 1.6845439086485445e-05 1.2642510184668179e-05 1.0124325442600604e-05
4287.77340481 0.00018184173352577175 4.352963742155642e-05 2.5697792725612212e-05 1.82332920999927e-05 1.3771420886371993e-05 1.1086159347005545e-05
4288.48809327 0.00017955775942510982 4.4311244492556825e-05 2.6540590987097862e-05 1.897725927922932e-05 1.4395090819807599e-05 1.1611192196056316e-05
4289.20290085 0.00017128146927130754 4.194581300080182e-05 2.5177117018198526e-05 1.79982072686397e-05 1.3631248793087982e-05 1.0967701467508344e-05
4289.91782758 0.00016274788891439048 3.7746038130119715e-05 2.2201496432091225e-05 1.564213988647894e-05 1.1699339948242842e-05 9.314177629919806e-06
4290.63287347 0.0001403595627440077 3.0233103632875417e-05 1.7258986076271177e-05 1.1868763827834696e-05 8.684930432090154e-06 6.78120159311428e-06
4291.34803854 0.00014013916910515792 3.1136828724716104e-05 1.805936127184015e-05 1.2584188607409054e-05 9.315374895389485e-06 7.3464727754863425e-06
4292.06332282 0.00016295601363943354 3.6982748001942496e-05 2.1652524309258094e-05 1.525821369320791e-05 1.1426687467732027e-05 9.113534929786211e-06
4292.77872632 0.00017938663663663923 4.1440675819907906e-05 2.429159391790468e-05 1.7121468535013238e-05 1.2836558300930418e-05 1.0251145145481789e-05
4293.49424907 0.00018961925314910623 4.608285301648715e-05 2.7409988079341834e-05 1.948281772347379e-05 1.4702299085796207e-05 1.1798838244443844e-05
4294.20989108 0.0001939744451144765 4.882270485256866e-05 2.9368880982728064e-05 2.1016766072779404e-05 1.592507909321592e-05 1.2815656583938308e-05
4294.92565237 0.00017694206180846243 4.3618881255558295e-05 2.5995560473132926e-05 1.8438040909009465e-05 1.3855980732986926e-05 1.1067621347501258e-05
4295.64153297 0.0001616058984466575 3.726941336594938e-05 2.1701262953725368e-05 1.517524944288171e-05 1.1302830090961047e-05 8.973875359393525e-06
4296.35753289 0.0001698973691913225 3.88395914646765e-05 2.2601280363623437e-05 1.5908875492085008e-05 1.1959590329602647e-05 9.595449005773641e-06
4297.07365215 0.00017528231945170092 4.1787693639092593e-05 2.470790981430477e-05 1.7570391613559668e-05 1.3309385598196142e-05 1.0741161503622773e-05
4297.78989078 0.0001737604886295307 4.1713007632321016e-05 2.468167594528242e-05 1.7557361822268346e-05 1.33081897053919e-05 1.0746860240824768e-05
4298.50624879 0.00017599209870395804 4.138400264146663e-05 2.4191875102989465e-05 1.7068322595841394e-05 1.28572051556893e-05 1.0335824446195004e-05
4299.2227262 0.0001705392340648797 3.947254766371531e-05 2.30080115710364e-05 1.6178260879579163e-05 1.214128770148824e-05 9.724161304845138e-06
4299.93932304 0.0001486124092731788 3.1520090122608164e-05 1.7897327761885834e-05 1.2381246754592056e-05 9.178022478910962e-06 7.280881285278275e-06
4300.65603932 0.00013523156648846113 2.7183500331447555e-05 1.5057310324015018e-05 1.0228648284273986e-05 7.473282406161213e-06 5.861093299697771e-06
4301.37287506 0.0001422063315264767 2.9701899887744273e-05 1.6687874782866406e-05 1.1431199256369255e-05 8.401365483309478e-06 6.6157358397695075e-06
4302.08983028 0.00015682032112964412 3.466597246872871e-05 1.9952686810182475e-05 1.3903787556599287e-05 1.0350903335138773e-05 8.232249411424409e-06
4302.80690501 0.00015879521042426087 3.684661466556546e-05 2.1579182592544103e-05 1.522218820221837e-05 1.1440795640726762e-05 9.167637241144384e-06
4303.52409926 0.00014555166158479636 3.195912885461016e-05 1.8324560192529716e-05 1.2771835548414117e-05 9.523284670669922e-06 7.589020132828868e-06
4304.24141305 0.00014910984640738507 3.244797429509461e-05 1.8430529027637606e-05 1.2774276485802908e-05 9.498593044015694e-06 7.559102827008212e-06
4304.9588464 0.0001650013623521035 3.686791951874911e-05 2.107237682664454e-05 1.4682430642652502e-05 1.0968388723837144e-05 8.76875875752787e-06
4305.67639934 0.00016846841613221193 3.753693625167909e-05 2.1425845562446185e-05 1.4910716462816586e-05 1.1126335897069838e-05 8.89120192508973e-06
4306.39407188 0.0001570048124889003 3.434460180680007e-05 1.9549860177742906e-05 1.3544092899021442e-05 1.0061101411493514e-05 8.001971175266099e-06
4307.11186404 0.00015620850002890326 3.4266663168117365e-05 1.9570856500848717e-05 1.3556688934705054e-05 1.0045961879308968e-05 7.956501332619893e-06
4307.82977584 0.00016575525389578546 3.6694154850225095e-05 2.0942825922897152e-05 1.4500432949734882e-05 1.0728803603160318e-05 8.481000246294268e-06
4308.5478073 0.00014857290153232793 3.06231863077689e-05 1.694833458875712e-05 1.1507109414025578e-05 8.390522892146009e-06 6.560574548180865e-06
4309.26595845 0.00013306012112950655 2.5243461551687154e-05 1.3485412129908351e-05 8.971900337294806e-06 6.458113144892656e-06 5.013472534582123e-06
4309.98422929 0.00014107945444866312 2.7741604011739212e-05 1.506612287844587e-05 1.0137580013036453e-05 7.366418647403979e-06 5.766113754904437e-06
4310.70261986 0.00014317105138922896 2.904999093657952e-05 1.6005185930241706e-05 1.0858867696664809e-05 7.945123575301084e-06 6.251584105509714e-06
4311.42113017 0.0001568533125989147 3.3054573576959046e-05 1.829521669994791e-05 1.246674042536672e-05 9.1686481768556e-06 7.2548364125326346e-06
4312.13976025 0.00016884915840358102 3.717903974795313e-05 2.0771388633723657e-05 1.4266621592211263e-05 1.0569862384886018e-05 8.422858143772213e-06
4312.8585101 0.0001702651136300873 3.862994616137205e-05 2.1810100049351616e-05 1.5076904423421954e-05 1.1220878047176692e-05 8.969227648749852e-06
4313.57737976 0.00016203740724588664 3.751507365168764e-05 2.1437110424341872e-05 1.4908485122802624e-05 1.1126563585255731e-05 8.899880648483911e-06
4314.29636923 0.00016142261365106818 3.991318749316124e-05 2.3546890461808454e-05 1.6689863015039436e-05 1.2607237857024248e-05 1.0157867859628703e-05
4315.01547855 0.00016009500971013376 4.147475677010085e-05 2.501895483824105e-05 1.79513939411963e-05 1.3667753646430002e-05 1.1059202424012792e-05
4315.73470773 0.0001517963684193658 3.95726081241234e-05 2.4020660554299037e-05 1.727201319766036e-05 1.315381343043618e-05 1.0628781072493632e-05
4316.4540568 0.00017059646481537444 4.794071455585573e-05 2.978418351218037e-05 2.1765390102889623e-05 1.676986697624783e-05 1.3680874611964806e-05
4317.17352576 0.00019985216285709644 6.0094618394482164e-05 3.806670540978388e-05 2.8199827716725325e-05 2.1969254326182302e-05 1.809050999666386e-05
4317.89311464 0.00020307203767772842 6.193323041775499e-05 3.943696374936892e-05 2.9330748449503897e-05 2.294150454893068e-05 1.895642722595642e-05
4318.61282347 0.00020413539167270264 6.229692541090523e-05 3.961225321079369e-05 2.942894688037908e-05 2.298973643895823e-05 1.8976479199361015e-05
4319.33265226 0.00019941516713256326 5.9585570354170325e-05 3.756618974775813e-05 2.772210878476154e-05 2.1508920590759824e-05 1.7647476213270032e-05
4320.05260103 0.00019401453506467917 5.682096500902049e-05 3.5639837016330475e-05 2.6183727729478545e-05 2.0231083434340718e-05 1.6533870402492735e-05
4320.7726698 0.0002004673421290099 5.993445072264005e-05 3.785060613435657e-05 2.7942727527644226e-05 2.1689668339842326e-05 1.7795572243596057e-05
4321.49285859 0.00018647945582780806 5.524466724132498e-05 3.4866580798253866e-05 2.572599552034478e-05 1.9978721202538635e-05 1.6398311487103886e-05
4322.21316742 0.00017325618794538416 4.9660862479738516e-05 3.1083001688089285e-05 2.278830195910006e-05 1.760929946615636e-05 1.4388845558695834e-05
4322.93359632 0.00018752950748611818 5.466199429371871e-05 3.4247267801477465e-05 2.5155448882963642e-05 1.9465342700469528e-05 1.5934509499913644e-05
4323.6541453 0.00019177350110431327 5.5433044200279134e-05 3.446871727092988e-05 2.5266203183965043e-05 1.9551147410431243e-05 1.6031047176755286e-05
4324.37481438 0.00017475624119338921 4.5449271225517866e-05 2.7026543750150637e-05 1.929643413614729e-05 1.4676959244006851e-05 1.1903006653228264e-05
4325.09560358 0.0001624210034911053 4.0022113482137286e-05 2.3154846433473596e-05 1.6191606708323674e-05 1.2108780618407547e-05 9.688118972902142e-06
4325.81651292 0.00014924047520082728 3.685800561425749e-05 2.1399717260940762e-05 1.4910844733192932e-05 1.1075393721214544e-05 8.785423039897188e-06
4326.53754242 0.00012874214207006933 2.9463498580287447e-05 1.66838725986675e-05 1.138067271533779e-05 8.288924657711848e-06 6.460146448801912e-06
4327.2586921 0.00013322198313834826 3.0948971629815175e-05 1.7636979792453688e-05 1.2062206612746447e-05 8.784997239950788e-06 6.837211333135423e-06
4327.97996199 0.0001574055137874892 4.1772520324396266e-05 2.5076806422804576e-05 1.7811481157048005e-05 1.3375545506893143e-05 1.0672245182515792e-05
4328.7013521 0.00017463630028841508 5.1087005532331755e-05 3.1715383353565015e-05 2.3104424196404078e-05 1.7725803039311006e-05 1.440315247104752e-05
4329.42286245 0.00018345923331819212 5.628285459517944e-05 3.53829899554533e-05 2.602232318489755e-05 2.0131996502730136e-05 1.647918697998589e-05
4330.14449306 0.0001844333111049495 5.774086695622392e-05 3.649945954764936e-05 2.6941388713530106e-05 2.0912801188212656e-05 1.716603341385694e-05
4330.86624395 0.00017600103827882183 5.462549952699512e-05 3.445535079735508e-05 2.5373857224310354e-05 1.9669092192975853e-05 1.612163830299418e-05
4331.58811515 0.00016238701754473127 4.9462779240667294e-05 3.111558835777974e-05 2.2870056460012832e-05 1.7718351620290544e-05 1.4514598924075904e-05
4332.31010666 0.0001590080600919864 4.824445137037498e-05 3.0304486838148377e-05 2.2255096266732144e-05 1.7237435518721867e-05 1.4120729739109652e-05
4333.03221852 0.0001668277635214496 5.255327861461837e-05 3.326738945392386e-05 2.455226803802871e-05 1.907352977964358e-05 1.5661361034342306e-05
4333.75445074 0.0001700786605332143 5.5337314759633595e-05 3.526290999245782e-05 2.6120609894101602e-05 2.0337715214075808e-05 1.6724784792239086e-05
4334.47680335 0.0001679548822558625 5.583601488951958e-05 3.577741199745987e-05 2.6609551423315347e-05 2.0786889967617617e-05 1.714200163514284e-05
4335.19927635 0.00016328417983657768 5.457055658190598e-05 3.4980978898068406e-05 2.6028042224321013e-05 2.0339081590588872e-05 1.6778607059445004e-05
4335.92186978 0.00015936284860037104 5.394494738661955e-05 3.463342725480146e-05 2.578584520833097e-05 2.0160619992104744e-05 1.664035984990287e-05
4336.64458365 0.00016128305769124766 5.7230817378941176e-05 3.7240119029214507e-05 2.8002672913536874e-05 2.2064796916719366e-05 1.833303023653293e-05
4337.36741798 0.00015453444223306707 5.551171361424158e-05 3.62494868959882e-05 2.7323428512190306e-05 2.156029419145577e-05 1.7932267671984377e-05
4338.09037279 0.0001263285983144646 4.2246686643581005e-05 2.703975599622182e-05 2.0070822346802012e-05 1.5643867424417697e-05 1.2872593729742928e-05
4338.81344811 0.00010768180211064737 3.4661474084586955e-05 2.19950145407898e-05 1.621590843646248e-05 1.2572045158128787e-05 1.0292851151541848e-05
4339.53664395 0.00010865559798108478 3.7398138730654165e-05 2.419198161193136e-05 1.8077177325520356e-05 1.4162369467966478e-05 1.1695823270430524e-05
4340.25996033 0.00010223137088390854 3.634518341233415e-05 2.367934852310987e-05 1.7769817376061643e-05 1.3962318480935302e-05 1.1556862663475504e-05
4340.98339728 8.325496661332274e-05 3.0086161736346727e-05 1.9761136483773396e-05 1.4932207868392004e-05 1.1801113412927878e-05 9.818731351820374e-06
4341.7069548 7.378663294939025e-05 2.7775587290226735e-05 1.856621376389332e-05 1.420890339949407e-05 1.1354036802049182e-05 9.534603638213317e-06
4342.43063293 8.896218403256754e-05 3.3592436415855175e-05 2.2421153118484672e-05 1.7114772023232783e-05 1.3647724136601936e-05 1.1437017273968322e-05
4343.15443169 0.00011720484034947062 4.514318152888212e-05 3.0106531074322037e-05 2.2996717589963916e-05 1.8338974562180982e-05 1.5378669029349814e-05
4343.87835109 0.0001308297295077415 4.927682666090463e-05 3.2574343084529235e-05 2.476898889458883e-05 1.9677070234834043e-05 1.6458889873128507e-05
4344.60239115 0.00012546343292220332 4.3732116041118874e-05 2.8274116317632457e-05 2.1171398963927848e-05 1.6620979202440835e-05 1.3768810712349789e-05
4345.32655189 0.00012486673176602487 4.1819758716008023e-05 2.678082709096336e-05 1.9908262118633534e-05 1.5531457660868364e-05 1.279268447562608e-05
4346.05083334 0.00014179029337737617 4.8531271758815104e-05 3.13254036675045e-05 2.342363889129883e-05 1.8345114433687923e-05 1.5157025857464049e-05
4346.77523551 0.00015952226198700343 5.570490774715148e-05 3.6130711510405404e-05 2.7110125224447724e-05 2.1300555156074126e-05 1.7649168825417547e-05
4347.49975842 0.00015718392547329409 5.244775914049044e-05 3.3544684916945726e-05 2.4910625998916593e-05 1.9427933744696166e-05 1.6000423499435962e-05
4348.2244021 0.0001556725866675962 5.0009431107310917e-05 3.1540673911806885e-05 2.318558203655522e-05 1.7942420502125025e-05 1.4685827896072194e-05
4348.94916656 0.0001596214531172346 5.102174227647708e-05 3.2089800556044914e-05 2.357007661002398e-05 1.823675921724825e-05 1.493497463258957e-05
4349.67405183 0.00016722276181497712 5.433529653172479e-05 3.444717925521424e-05 2.547945343662197e-05 1.9829280134182787e-05 1.6323306238695528e-05
4350.39905792 0.0001791843820878094 6.0187300214458916e-05 3.868531877833254e-05 2.8904668418639316e-05 2.2672828305088932e-05 1.878200207456421e-05
4351.12418485 0.00018122680756281232 6.060281443820531e-05 3.9001444506151066e-05 2.9163997390514155e-05 2.289927331299057e-05 1.8982665410220812e-05
4351.84943265 0.00016208845766249664 5.016246487493204e-05 3.1679020336468525e-05 2.3375653498984797e-05 1.8170474886849642e-05 1.493562831014758e-05
4352.57480134 0.0001352007061081192 3.790335305999882e-05 2.3268329297371626e-05 1.682947327079766e-05 1.2875796884807388e-05 1.0444781452320673e-05
4353.30029093 0.00012811195440643114 3.4612753692980585e-05 2.086450084590033e-05 1.490584093978034e-05 1.1292216400840841e-05 9.095208926498122e-06
4354.02590144 0.00014941243314597482 4.194686172697116e-05 2.554321282027528e-05 1.837741221646452e-05 1.3998155443031697e-05 1.1325682270474591e-05
4354.7516329 0.0001723018493806812 5.087502188009431e-05 3.157480469845355e-05 2.301755405175555e-05 1.77110169206773e-05 1.4441813618117335e-05
4355.47748533 0.00017063761911376678 4.9679711237493654e-05 3.081658167750032e-05 2.2466641318451752e-05 1.7294955031041816e-05 1.410817481559556e-05
4356.20345874 0.00016341919233082584 4.611857255314514e-05 2.8321985489992663e-05 2.0508944078833075e-05 1.5708623485784136e-05 1.27650934859576e-05
4356.92955315 0.0001686355477511558 4.754691245563842e-05 2.908860908895341e-05 2.101163444740201e-05 1.6065793251812245e-05 1.3041679541657377e-05
4357.6557686 0.00017520038992110067 4.950194496608964e-05 3.0321468142345676e-05 2.1925383101689763e-05 1.6780931142117294e-05 1.3633400537186615e-05
4358.38210508 0.0001836357647213105 5.355963379217492e-05 3.326875430185049e-05 2.4289176405922175e-05 1.872326738720097e-05 1.529234300544588e-05
4359.10856264 0.00018344688774061093 5.368076273688516e-05 3.351693754181631e-05 2.4558522600591695e-05 1.898839569398945e-05 1.5543141143343283e-05
4359.83514128 0.00017308594067432572 4.852313700684853e-05 3.0014923185981258e-05 2.1865932521089564e-05 1.6845561659471176e-05 1.3751808614044173e-05
4360.56184102 0.00016986917545212514 4.636282979705489e-05 2.840525863809315e-05 2.0570415935882417e-05 1.57779309928553e-05 1.2840276876057828e-05
4361.2886619 0.00017753719676108216 4.9219067258514795e-05 3.024651292178827e-05 2.194841236093027e-05 1.6851564571177872e-05 1.3726231490232325e-05
4362.01560392 0.0001891025803079947 5.426956708313156e-05 3.378809109831777e-05 2.4726743519112144e-05 1.9099832164462604e-05 1.562732519223388e-05
4362.74266711 0.0001971222632628557 5.845806251597739e-05 3.675213223878691e-05 2.7068671017035206e-05 2.1007673461862402e-05 1.7250191960283053e-05
4363.46985148 0.00019659460082561167 5.821662739789485e-05 3.644936237000842e-05 2.6769579471274063e-05 2.0733522969753595e-05 1.700158298725281e-05
4364.19715706 0.0001932260075527446 5.544998545803342e-05 3.426311409683694e-05 2.4929818894783084e-05 1.9169761678488763e-05 1.5631186925476352e-05
4364.92458387 0.00019663883381024476 5.686974965587633e-05 3.5228706522888414e-05 2.568771128494465e-05 1.9790671172915343e-05 1.6166539556838435e-05
4365.65213193 0.00020693227198119267 6.286193801569776e-05 3.967637424007919e-05 2.9337390309435878e-05 2.2849055371146115e-05 1.88301991848385e-05
4366.37980126 0.00021286730916993647 6.602726589199672e-05 4.2063732780402973e-05 3.1313021195966745e-05 2.450312347056871e-05 2.0266320173338524e-05
4367.10759187 0.00020331356188071215 6.013310811287673e-05 3.778339875427928e-05 2.7860479304372546e-05 2.1645038873534742e-05 1.779945466007504e-05
4367.83550379 0.00019007075979934527 5.3524162643690384e-05 3.307557327681543e-05 2.4103905278443184e-05 1.8570982443310932e-05 1.5172173277967798e-05
4368.56353705 0.00017500661996905682 4.788708978892239e-05 2.9445307214800057e-05 2.1368251566217625e-05 1.6414381661649065e-05 1.337104851594612e-05
4369.29169165 0.00017758116121585347 4.905989519232992e-05 3.0396405097571683e-05 2.2152582838313474e-05 1.706177083433696e-05 1.3913777490792942e-05
4370.01996762 0.00019378928588914562 5.6305711774117345e-05 3.5390858305804656e-05 2.606366462605965e-05 2.0230479975065875e-05 1.660587502149566e-05
4370.74836498 0.00018778290504438563 5.4325970069144715e-05 3.403146169837702e-05 2.5034338413229214e-05 1.9425471947952586e-05 1.5954114452917934e-05
4371.47688375 0.00018631979608220117 5.290824841520675e-05 3.288326169748192e-05 2.4067620044669815e-05 1.8605843302650952e-05 1.5241386650428692e-05
4372.20552394 0.00018605895747630404 5.189739546279146e-05 3.2050999154861197e-05 2.3340362740835257e-05 1.7963533065166895e-05 1.465775166931215e-05
4372.93428559 0.0001892083563821281 5.3463672048218595e-05 3.316668365409248e-05 2.4218629591755497e-05 1.8673761709260362e-05 1.5256308308928769e-05
4373.66316871 0.0001934137129519949 5.46090394184479e-05 3.384985137076352e-05 2.470988923072093e-05 1.9053056035900782e-05 1.556950341357825e-05
4374.39217332 0.00018519572074290316 4.9973479974768085e-05 3.057058348120651e-05 2.2120144610273316e-05 1.6943655527662754e-05 1.3773726775641786e-05
4375.12129944 0.00017032568485443153 4.4685220742703315e-05 2.7226884913227076e-05 1.9661411797267113e-05 1.5045344312573955e-05 1.2220343513875365e-05
4375.8505471 0.00015872156878580303 4.190428592862328e-05 2.567563898234716e-05 1.860338366254776e-05 1.427115686441772e-05 1.1606857909159473e-05
4376.5799163 0.00016479881770141587 4.30809539299331e-05 2.6185784776206287e-05 1.8822330765179383e-05 1.4310102072622981e-05 1.153980881124281e-05
4377.30940707 0.00017947004162958578 4.784284506875673e-05 2.918178484777406e-05 2.1033114676267346e-05 1.5996979635287384e-05 1.2904625551808142e-05
4378.03901944 0.00019262571094384655 5.302485481468204e-05 3.2693631511890273e-05 2.3791526025806707e-05 1.8260590827371847e-05 1.4858074838471216e-05
4378.76875342 0.00019817381084670066 5.527526442285432e-05 3.420730506509589e-05 2.4977499115208177e-05 1.9247968466545543e-05 1.572354062640594e-05
4379.49860903 0.00019949978221577851 5.5966494592229645e-05 3.469537559575543e-05 2.53610364321708e-05 1.9561015585324275e-05 1.599050457034727e-05
4380.2285863 0.00019293820511116018 5.265149432696388e-05 3.245466037527496e-05 2.3619801365627833e-05 1.8148015402525175e-05 1.4780934379975349e-05
4380.95868524 0.00019325130854736563 5.2568044387706315e-05 3.23555489353462e-05 2.35136886759059e-05 1.8045434082872638e-05 1.4680595967648195e-05
4381.68890587 0.0001974003347368366 5.3719108964244425e-05 3.2955787545534414e-05 2.3881073181896612e-05 1.8278372661078408e-05 1.4838347078299206e-05
4382.41924821 0.00019811760285830962 5.3464994598735106e-05 3.268303533133895e-05 2.358144038329118e-05 1.796377809900875e-05 1.451435244531512e-05
4383.14971229 0.00019172567566312385 5.0089588119856154e-05 3.0244253089703065e-05 2.1604146621225254e-05 1.6314024100168228e-05 1.3079624040206062e-05
4383.88029812 0.00016773672653667753 3.8766941639742134e-05 2.234500026456119e-05 1.547239569169941e-05 1.1409134622905375e-05 8.983017699730828e-06
4384.61100573 0.00014012579824262906 2.769798773320025e-05 1.499038714260687e-05 9.943375843166476e-06 7.095294766239999e-06 5.44945599542585e-06
4385.34183513 0.00013677904164421736 2.7542684785698542e-05 1.5075884487125245e-05 1.0059565082760722e-05 7.207169076514172e-06 5.543801937646226e-06
4386.07278635 0.00014664177419403167 3.301764287410291e-05 1.9038587705640013e-05 1.3205642358807947e-05 9.772099765940152e-06 7.716129157709174e-06
4386.8038594 0.00017304456160231271 4.531371496946861e-05 2.7556511606865225e-05 1.985648324111775e-05 1.5140596763821772e-05 1.2251835975995988e-05
4387.53505431 0.00019266715529591417 5.381628153196132e-05 3.3351767388277055e-05 2.433637191138637e-05 1.8734870778939586e-05 1.5277953834404235e-05
4388.26637109 0.0001884849814326311 5.142494004481176e-05 3.1636740395954195e-05 2.2981908982538476e-05 1.764571378354892e-05 1.4367062804164182e-05
4388.99780977 0.00018559091077270627 4.995768765492571e-05 3.063197810273582e-05 2.221323118619417e-05 1.703100005009911e-05 1.3854461798350209e-05
4389.72937037 0.00018908616918639193 5.189293526366056e-05 3.1979517825598366e-05 2.3278508776633077e-05 1.7893563255848676e-05 1.4586821580048748e-05
4390.4610529 0.00018990848002749754 5.10770897192469e-05 3.1157508602554156e-05 2.2524177313368703e-05 1.7225775770545498e-05 1.3986574772759259e-05
4391.19285739 0.00018166517829710805 4.744833555233726e-05 2.8672204709076543e-05 2.0579214200989876e-05 1.5661495177223418e-05 1.2664003656999055e-05
4391.92478386 0.00017486475725083216 4.592288045713985e-05 2.7918805274291062e-05 2.0113894103733626e-05 1.5365727948220867e-05 1.2461605984033452e-05
4392.65683233 0.00018041484661844947 4.7580466191444696e-05 2.8994954444452194e-05 2.0915511939165273e-05 1.599068565036787e-05 1.2974993379012878e-05
4393.38900281 0.00019239652169132388 5.1927301714943475e-05 3.1845056131371975e-05 2.3074641183596783e-05 1.7693854704455768e-05 1.4392537020018014e-05
4394.12129533 0.0001936233636188088 5.275487439384283e-05 3.243889357525218e-05 2.354793834609779e-05 1.8083593508269593e-05 1.4727612697478642e-05
4394.85370992 0.00018386862401826993 4.9129042467368086e-05 3.0030548016193885e-05 2.1704778584492913e-05 1.6613311686898037e-05 1.3492035946722314e-05
4395.58624658 0.0001767906808115639 4.765889565369739e-05 2.9301227949591812e-05 2.1275462182442768e-05 1.6340513747626166e-05 1.330672971376172e-05
4396.31890534 0.00016757881772422605 4.423955572825111e-05 2.7064615616864618e-05 1.9600983730885805e-05 1.5029899659367808e-05 1.2225688837381145e-05
4397.05168622 0.00018074084144641003 4.971836550531624e-05 3.072599969370422e-05 2.2421123250842313e-05 1.7293819042080433e-05 1.4140576816083797e-05
4397.78458924 0.00020338717535104897 5.9240635935393485e-05 3.713210887634889e-05 2.7359351464717447e-05 2.1251879098303976e-05 1.7479235484559925e-05
4398.51761442 0.00020746314342825263 6.112016819544712e-05 3.849743427748823e-05 2.8459739610219043e-05 2.2165931246828462e-05 1.8269164631141457e-05
4399.25076179 0.00019803767486592942 5.7240238411185394e-05 3.59797297851396e-05 2.6559828645985912e-05 2.0675946209670537e-05 1.703181732082614e-05
4399.98403135 0.00019058675567934524 5.335637460499764e-05 3.3196356855066126e-05 2.4319125000011534e-05 1.8829255840544366e-05 1.5441867344678948e-05
4400.71742314 0.0001790837681402377 4.9310654895895394e-05 3.049179182270394e-05 2.2236140175198118e-05 1.7153021492315526e-05 1.4023404072750306e-05
4401.45093716 0.0001681369675035927 4.5501167290731374e-05 2.7979426660879195e-05 2.032438363035328e-05 1.5620510163391956e-05 1.2729781502220496e-05
4402.18457346 0.00016786445482343425 4.54952827206851e-05 2.7998803768079338e-05 2.0367059143380328e-05 1.5660912601490382e-05 1.2770498645637061e-05
4402.91833203 0.00017836962792405338 5.08857553261045e-05 3.172291748320856e-05 2.3285211874462505e-05 1.8019207255949675e-05 1.4770875239134043e-05
4403.65221291 0.00019279965450194224 5.6089816513049865e-05 3.50119216996967e-05 2.5679458695503668e-05 1.9849853623395906e-05 1.6248912716405135e-05
4404.38621611 0.00019246240935316507 5.3434052695505596e-05 3.287234119072288e-05 2.3829786516588232e-05 1.82362087659083e-05 1.4796161560319092e-05
4405.12034165 0.00017603709893690447 4.4168104355145904e-05 2.624608748068263e-05 1.8549007006894266e-05 1.3898288116158508e-05 1.1079216162808383e-05
4405.85458956 0.00015481749787794717 3.44313792499212e-05 1.954282122813034e-05 1.3356752054917331e-05 9.736594088116937e-06 7.587091530004837e-06
4406.58895986 0.00016937031996262417 3.994911220459775e-05 2.323832367502114e-05 1.6152257810894673e-05 1.1930485215631372e-05 9.391618488864348e-06
4407.32345255 0.00019067866462337568 4.92302410690398e-05 2.968184983230192e-05 2.116848816757675e-05 1.596934472777996e-05 1.27894255666257e-05
4408.05806768 0.0001917761046668246 5.10578145570887e-05 3.1226024533238724e-05 2.2535721822313134e-05 1.7180761208290782e-05 1.3887487597509977e-05
4408.79280525 0.00018136950316350965 4.7594594394417894e-05 2.9070013995790358e-05 2.099400176309484e-05 1.6023364128312977e-05 1.2969854446601244e-05
4409.52766529 0.00017213730598708373 4.3645938613173485e-05 2.6456755179764692e-05 1.902688830873577e-05 1.4494048865832097e-05 1.1717790044809553e-05
4410.26264781 0.0001799915095464219 4.789869800271246e-05 2.95750211502825e-05 2.155683955720657e-05 1.6627005885450352e-05 1.3586074768871458e-05
4410.99775284 0.0001934934970678941 5.4494808931261965e-05 3.416506871763879e-05 2.5162074310992348e-05 1.9555229369957792e-05 1.60791463798623e-05
4411.7329804 0.00019595151791522894 5.552009843016245e-05 3.478129143984537e-05 2.5589158125388277e-05 1.985127832239735e-05 1.62952371358267e-05
4412.46833051 0.0001948501442086749 5.569578125102592e-05 3.495865845702655e-05 2.575021518001974e-05 1.9987760510767632e-05 1.6412880617494674e-05
4413.20380319 0.0001931536430211878 5.415921875905754e-05 3.378566252288152e-05 2.478308167220323e-05 1.9175443219963835e-05 1.5705571933467887e-05
4413.93939845 0.00020151019019968636 5.78043432704033e-05 3.626233394102055e-05 2.6716458777255026e-05 2.0733766947123417e-05 1.7026895999013966e-05
4414.67511633 0.0002045667128141999 5.947750739314699e-05 3.748288823382706e-05 2.7689661709605636e-05 2.1527416972877595e-05 1.769907266776014e-05
4415.41095683 0.00018469572627939266 4.961893539040581e-05 3.056882315681685e-05 2.2205025139613686e-05 1.703481156986016e-05 1.3847074596700246e-05
4416.14691999 0.0001580957019568398 3.87328144212915e-05 2.3118797238377248e-05 1.6422080299766388e-05 1.2372273486944821e-05 9.91045351483527e-06
4416.88300581 0.00016560877643521346 4.317382481554862e-05 2.6252125105131877e-05 1.8895623275087647e-05 1.438231010359432e-05 1.1618825329316393e-05
4417.61921433 0.00018411208171658446 5.162096351332878e-05 3.212185086203522e-05 2.347850308795516e-05 1.8092670776338095e-05 1.4757743392636184e-05
4418.35554556 0.00018298424623585768 5.246498104062073e-05 3.293058246551679e-05 2.4230549083099426e-05 1.8789680630373726e-05 1.5410292700560112e-05
4419.09199952 0.00018561240202468195 5.459863322309973e-05 3.4557361810472256e-05 2.5612077292441546e-05 1.998732507882401e-05 1.6488771471454074e-05
4419.82857623 0.00019845186419854754 5.910904528202821e-05 3.754532657915756e-05 2.790235900696456e-05 2.1824627021258743e-05 1.8040796618275834e-05
4420.56527572 0.00020823905499322583 6.117029011913908e-05 3.871265637314125e-05 2.8666267588919958e-05 2.2354134221284816e-05 1.8424725451334843e-05
4421.302098 0.00020481165371908264 5.840389454894791e-05 3.67268738376847e-05 2.7043530139791073e-05 2.0999541869402355e-05 1.7239391089977608e-05
4422.03904309 0.00019839656569027358 5.588981695926402e-05 3.506307825570351e-05 2.5783952269937513e-05 2.000583640519004e-05 1.64143274077542e-05
4422.77611102 0.0001946568393166347 5.485602417049185e-05 3.4343870892842874e-05 2.5218909494096485e-05 1.9527460790868303e-05 1.5992424293563434e-05
4423.5133018 0.00018749613575041272 5.227150777792556e-05 3.257562745698915e-05 2.385795318740912e-05 1.8426322863747937e-05 1.5061401131503765e-05
4424.25061546 0.00018691826227713396 5.1349729348848005e-05 3.1843708233984154e-05 2.325395622351935e-05 1.7928525725987163e-05 1.4638994551002027e-05
4424.98805201 0.00019353612970113236 5.352251060443569e-05 3.3275856216361736e-05 2.4353503732702396e-05 1.881016602605586e-05 1.5384270950345663e-05
4425.72561148 0.000199597851323499 5.6391348818428544e-05 3.5220786693193e-05 2.585664547296734e-05 1.999167793416496e-05 1.6360514127926534e-05
4426.46329389 0.00019748559138176854 5.613968972839854e-05 3.500796233307761e-05 2.5643751202593014e-05 1.9766683807689217e-05 1.612688650026968e-05
4427.20109925 0.0001971632700675964 5.566253758823837e-05 3.458380725128083e-05 2.5245130200258943e-05 1.9405737480653577e-05 1.5790618138627083e-05
4427.93902759 0.00019650841501455977 5.574447879495e-05 3.4720246204434864e-05 2.5420186153393312e-05 1.9591436874353136e-05 1.5983873352890434e-05
4428.67707894 0.00018961781809270927 5.303936543919523e-05 3.293941529421891e-05 2.4073111952006325e-05 1.8530398843190903e-05 1.5102960833246209e-05
4429.41525329 0.0002010063614722124 5.818812339360025e-05 3.652046533021071e-05 2.6886750410983982e-05 2.083775660309886e-05 1.7081871858610316e-05
4430.15355069 0.00020347596367775798 5.876340368240328e-05 3.6927319768295475e-05 2.7211774548880248e-05 2.11259317546175e-05 1.73446969487447e-05
4430.89197115 0.00019073500023503168 5.2423905834449566e-05 3.255811921408054e-05 2.3777732610094286e-05 1.8338014402818527e-05 1.496625126118647e-05
4431.63051469 0.00018080455514246963 4.837598752694549e-05 2.984837600405495e-05 2.1698295348196425e-05 1.667150072089594e-05 1.3563514825387232e-05
4432.36918133 0.00019438954967270907 5.5429614018260066e-05 3.484597156219044e-05 2.569727138094575e-05 1.99701158435785e-05 1.6412018110654504e-05
4433.10797109 0.0002031638333745081 5.953662630041012e-05 3.771593947456966e-05 2.7976942938520347e-05 2.1843025720536402e-05 1.8024065190702468e-05
4433.84688399 0.00019700298062906858 5.6639189633600995e-05 3.5685823037776896e-05 2.6374167375473238e-05 2.0529382006147194e-05 1.6899946730915877e-05
4434.58592006 0.000189296506814451 5.3064858284700736e-05 3.3130001249209296e-05 2.430956763608548e-05 1.8805861672737245e-05 1.539884758459088e-05
4435.32507931 0.0001874834941426248 5.1889997300662433e-05 3.217436186049656e-05 2.3472037107955948e-05 1.805165587179279e-05 1.4701637980774672e-05
4436.06436176 0.00017718689946373125 4.7550950714988245e-05 2.9212328256852497e-05 2.117819048563269e-05 1.6191085619153174e-05 1.3118723815078809e-05
4436.80376743 0.00017245877681560472 4.531024527980194e-05 2.768821763638543e-05 1.9983833652411478e-05 1.5227746915031947e-05 1.2298509863222846e-05
4437.54329636 0.000184653526451859 4.986207694095051e-05 3.0744992321216824e-05 2.2325448391945715e-05 1.7111959316078472e-05 1.3889670676715523e-05
4438.28294854 0.0001976177752231212 5.586802078413897e-05 3.4942529978136347e-05 2.5664789969144543e-05 1.9875367298880084e-05 1.628667379686353e-05
4439.02272401 0.0002055354586075232 5.9703525800754215e-05 3.760502759329001e-05 2.776386736222097e-05 2.158999809043458e-05 1.775575192386292e-05
4439.76262279 0.00021254761430839397 6.357008579118322e-05 4.034109970574196e-05 2.995969470500635e-05 2.3403731762219768e-05 1.9325228945199352e-05
4440.50264489 0.00021376178496989453 6.41431607504739e-05 4.071699408751781e-05 3.025045537349904e-05 2.363879242755793e-05 1.9526093931765495e-05
4441.24279034 0.00020373749360091766 5.857789029590707e-05 3.6748132291357415e-05 2.7063265745768434e-05 2.100268530718853e-05 1.7245504174670378e-05
4441.98305916 0.00019171139443108535 5.2757092854972785e-05 3.273246840651211e-05 2.389987530690602e-05 1.842750711730655e-05 1.5044369704069057e-05
4442.72345137 0.0001802433444192703 4.820393650058384e-05 2.9696959874580544e-05 2.1557027095948952e-05 1.6548653545001247e-05 1.3457220408342297e-05
4443.46396699 0.00017264912099757836 4.604354138743773e-05 2.8367446615521578e-05 2.0604929442367757e-05 1.582393023693874e-05 1.287483999671036e-05
4444.20460603 0.00017045735053368628 4.6616464929717097e-05 2.8976373942542257e-05 2.1208671434971994e-05 1.638798436331164e-05 1.3407536306233439e-05
4444.94536853 0.0001718172187867466 4.8423085009284246e-05 3.0355917298779934e-05 2.2341682405766682e-05 1.733935815315471e-05 1.423446190820897e-05
4445.6862545 0.00018440423353966557 5.328417384013582e-05 3.361023017594757e-05 2.4835074150317588e-05 1.9342425900637886e-05 1.592533950584139e-05
4446.42726395 0.00020357812238972528 6.080474796623761e-05 3.860464145270961e-05 2.867293779429613e-05 2.2420594803059215e-05 1.853021863472582e-05
4447.16839692 0.00021076197252179783 6.360924486051231e-05 4.050054935964129e-05 3.015199818574157e-05 2.3620360496784043e-05 1.95544837047132e-05
4447.90965343 0.00019907185889623586 5.7972417682774516e-05 3.663031460636411e-05 2.7143441411269255e-05 2.11894567126763e-05 1.7493947416408834e-05
4448.65103348 0.00018827650191095827 5.3070452260303885e-05 3.320639233975665e-05 2.443323699427244e-05 1.8953249388576562e-05 1.5564212594470652e-05
4449.39253711 0.0001998281920454683 5.859698079484715e-05 3.698234149705601e-05 2.7365768424959612e-05 2.1307001223555384e-05 1.7547969944543496e-05
4450.13416433 0.00020880698958825896 6.186646881766498e-05 3.918820779691667e-05 2.9060585043189658e-05 2.266923458557934e-05 1.8693944731326174e-05
4450.87591517 0.0001995613244058966 5.730333813415351e-05 3.6106848491413804e-05 2.6651511714966986e-05 2.0725321524561826e-05 1.703761093022393e-05
4451.61778965 0.0001861076227942275 5.2632746437413554e-05 3.303846376507473e-05 2.4331507470212626e-05 1.889665299236376e-05 1.5520192590908845e-05
4452.35978778 0.00019003644946618992 5.495909448658247e-05 3.460448534743969e-05 2.5556230199106773e-05 1.9876218910343158e-05 1.634906115173276e-05
4453.10190958 0.00019765742983035784 5.726776957848893e-05 3.604649984518382e-05 2.6598806231731013e-05 2.0658846221472822e-05 1.6967798086933934e-05
4453.84415509 0.00019730649855233132 5.562942715701115e-05 3.47755717003893e-05 2.5531915067301382e-05 1.9755182586268916e-05 1.617336885567357e-05
4454.58652431 0.00018980166877847877 5.218249160058512e-05 3.23666714963467e-05 2.364382902523481e-05 1.8214674647207283e-05 1.4861171471404806e-05
4455.32901727 0.0001740309200153684 4.6778174101151497e-05 2.8777016573578182e-05 2.090927133700248e-05 1.6022936229639977e-05 1.3017646000906577e-05
4456.07163399 0.00015909476864645367 4.140066442438256e-05 2.5198084323169048e-05 1.816952813020421e-05 1.3824940650428343e-05 1.1164344635366428e-05
4456.81437449 0.00016864768590896413 4.5121717961156825e-05 2.7703340435690643e-05 2.0096589021357668e-05 1.5367965587273638e-05 1.2460242047738316e-05
4457.55723879 0.0001816963309410193 4.99554796824483e-05 3.095760636856165e-05 2.261392662302313e-05 1.7403436481310367e-05 1.4188076993870085e-05
4458.30022691 0.000183784652055048 5.006339818946376e-05 3.1032747375526874e-05 2.2679141207962116e-05 1.7477391334061146e-05 1.4267072095062653e-05
4459.04333887 0.00017904462443122404 4.823314468797245e-05 2.9881665516240645e-05 2.1832816177981256e-05 1.683460818872833e-05 1.3751259010891003e-05
4459.78657469 0.00017306950178071697 4.6721002264635144e-05 2.8940681484536802e-05 2.1143261434761132e-05 1.6300026023982197e-05 1.3314379358207193e-05
4460.5299344 0.0001724894483819231 4.639944173093365e-05 2.862442636002373e-05 2.0834320876777867e-05 1.6006821675337717e-05 1.303426665314658e-05
4461.27341801 0.00018481253228936625 5.003602298208865e-05 3.084385897218012e-05 2.242232257023602e-05 1.7210815207368105e-05 1.400080509465538e-05
4462.01702555 0.00017971289047132353 4.797246924699921e-05 2.950093959406701e-05 2.141351875989825e-05 1.642031293102137e-05 1.33454619049871e-05
4462.76075703 0.0001606446263419697 4.08531323736086e-05 2.4815076246129008e-05 1.7843970104721477e-05 1.3574952082571018e-05 1.0953511714853213e-05
4463.50461247 0.00016805436667823937 4.396978538644558e-05 2.693016435499438e-05 1.9476860860244724e-05 1.4895028475007504e-05 1.2073019560081237e-05
4464.2485919 0.00019079903365868263 5.375239379515728e-05 3.362151689848505e-05 2.4698292836871833e-05 1.913651221528337e-05 1.5687053359751538e-05
4464.99269534 0.00019652007976401107 5.7504552444181333e-05 3.6362695974914956e-05 2.6932554733417295e-05 2.1000815994660177e-05 1.730990753529572e-05
4465.73692281 0.00018569070677350655 5.3183372975152555e-05 3.3536579723309714e-05 2.479684973085919e-05 1.9312955016024057e-05 1.5903163053030845e-05
4466.48127432 0.00018934979613827795 5.321890427407244e-05 3.3331558286220344e-05 2.451186447073843e-05 1.8999686680739863e-05 1.5579390811700026e-05
4467.22574991 0.0001905396602654221 5.3835299771614035e-05 3.363674062049799e-05 2.469203186317564e-05 1.9101318922686053e-05 1.563832468081717e-05
4467.97034958 0.00018673117514084902 5.300786670306738e-05 3.315890870493962e-05 2.4375208425566014e-05 1.8883526511707024e-05 1.5482945677620757e-05
4468.71507336 0.0001954194969527852 5.71221725765069e-05 3.6092744347812844e-05 2.6725133185021523e-05 2.0834845846085387e-05 1.7173258763035057e-05
4469.45992128 0.000187793931605376 5.5230079586778355e-05 3.504766739561152e-05 2.6030755121155746e-05 2.035069916270292e-05 1.6812865242714283e-05
4470.20489335 0.00017599033971067165 5.026419291423256e-05 3.1689129814270635e-05 2.3429469261299983e-05 1.825886832581269e-05 1.5044589211455241e-05
4470.94998958 0.00017832993066708338 4.976804980414032e-05 3.111197923183328e-05 2.2866398654431275e-05 1.7733634352581417e-05 1.4554751677164346e-05
4471.69521002 0.00018439597578277984 5.240572756667071e-05 3.293703714532516e-05 2.430390360246724e-05 1.8906270214724777e-05 1.555724192952199e-05
4472.44055466 0.0001935271503052427 5.617186389924679e-05 3.5476098909996815e-05 2.6238796472154365e-05 2.0445322678447183e-05 1.6838649921522027e-05
4473.18602354 0.00020414081406237874 6.0502301048300544e-05 3.835396306159583e-05 2.844159557535387e-05 2.2202018225489062e-05 1.8314314713408167e-05
4473.93161668 0.00020178076196182242 5.95089022082588e-05 3.768460068242917e-05 2.7952809135285018e-05 2.1829688374568743e-05 1.802196171309625e-05
4474.67733409 0.00020682890610318605 6.182022973378946e-05 3.925178310640993e-05 2.917013431593793e-05 2.2802906094530315e-05 1.88418471979603e-05
4475.42317579 0.0002123550218051487 6.384717638632039e-05 4.05578037419019e-05 3.011986671211209e-05 2.351900551209437e-05 1.940796509473206e-05
4476.16914182 0.00020747093117025672 6.147197419580157e-05 3.8894215841472276e-05 2.8789290545589552e-05 2.2414740381387132e-05 1.844712463436534e-05
4476.91523218 0.00019836754768029065 5.901885612573052e-05 3.7386062183922546e-05 2.7724861458074177e-05 2.1607588708997273e-05 1.7803872763466565e-05
4477.6614469 0.00020307549238470307 6.20473311139604e-05 3.956301826778695e-05 2.9499308889733493e-05 2.3087152568336912e-05 1.909607726021763e-05
4478.407786 0.00021289063867194872 6.546697367506839e-05 4.184356982219479e-05 3.1245417742938125e-05 2.4500008577421497e-05 2.029637395293453e-05
4479.15424951 0.00021385187613874042 6.575557529291465e-05 4.203453347330564e-05 3.138366556393941e-05 2.4621347677329804e-05 2.040590266687329e-05
4479.90083743 0.0002129900607680077 6.560070990533404e-05 4.197379582132805e-05 3.135628717772725e-05 2.4615202010855747e-05 2.041023241906028e-05
4480.64754979 0.00019926747133053817 5.863965463341088e-05 3.710849493128448e-05 2.750950410221923e-05 2.1475948535877695e-05 1.772559182009252e-05
4481.39438662 0.0001812606991310905 5.1414030101274276e-05 3.218988256867781e-05 2.367251852895911e-05 1.8366521609859e-05 1.5079188365866437e-05
4482.14134793 0.0001669287605158237 5.0113181195484e-05 3.177036980230288e-05 2.355489886301718e-05 1.837374786674883e-05 1.5147329080031406e-05
4482.88843374 0.00016313917197913715 4.881754149268735e-05 3.090784018823371e-05 2.2895614778573484e-05 1.7826928494434768e-05 1.4672038212453009e-05
4483.63564408 0.00017721907515813297 5.101206646877737e-05 3.201610045955115e-05 2.3584446692488696e-05 1.8281751583381082e-05 1.4993662875406765e-05
4484.38297896 0.00019950112564726707 5.9556360073099325e-05 3.778077894546986e-05 2.8052221375530102e-05 2.1902914533537707e-05 1.807781400321117e-05
4485.13043841 0.00020371649617685175 6.148016309223331e-05 3.916656098597404e-05 2.916391408222952e-05 2.283405631459892e-05 1.8890140852060284e-05
4485.87802245 0.00020494082277180547 6.197326812140665e-05 3.9534336956094576e-05 2.9468875360812796e-05 2.3091466759394468e-05 1.9116400274138218e-05
4486.62573109 0.000207069284387139 6.322890052428081e-05 4.041796500358129e-05 3.0188660751279096e-05 2.369791764243892e-05 1.965243461482364e-05
4487.37356437 0.00021004196171468817 6.46963517696746e-05 4.140540787103664e-05 3.0958113356016804e-05 2.432149689366152e-05 2.0184710727505903e-05
4488.12152229 0.00021007897014666403 6.388583616433039e-05 4.074346806825253e-05 3.036983824519879e-05 2.3803826159137828e-05 1.9712421285088703e-05
4488.86960488 0.0001935585356750376 5.6202090102646354e-05 3.542318221297299e-05 2.6177323321602978e-05 2.038661559630847e-05 1.679111608226839e-05
4489.61781216 0.00017155777526265824 4.816979192837889e-05 3.012814880569498e-05 2.2152727194193605e-05 1.7189481184746488e-05 1.4116544412919246e-05
4490.36614416 0.0001607835312087942 4.37646911206703e-05 2.714947478208568e-05 1.9843234883613437e-05 1.5317345764573036e-05 1.2522330375348445e-05
4491.11460088 0.00017136447434939705 4.676144700018239e-05 2.905399023413389e-05 2.1261838030600164e-05 1.64202386034251e-05 1.3428734324082058e-05
4491.86318236 0.0001850057480580284 5.3276976896834106e-05 3.360467662332639e-05 2.486928690896745e-05 1.938240171779979e-05 1.5977225572077127e-05
4492.61188862 0.0001934860730931268 5.8364837348392846e-05 3.7240063648600654e-05 2.7777364224184204e-05 2.178399781421109e-05 1.8048865317177542e-05
4493.36071967 0.00020294166509811134 6.130280591495423e-05 3.9075591168655947e-05 2.9108775626909975e-05 2.2799269804326487e-05 1.886680089717374e-05
4494.10967553 0.0002071492121406652 6.262336603905249e-05 3.9901914578376055e-05 2.972178338345139e-05 2.327704735182382e-05 1.9261633524396772e-05
4494.85875623 0.00020002702617921694 5.952650365360988e-05 3.7765631328959104e-05 2.8036316963314462e-05 2.1897099297900323e-05 1.807521974857407e-05
4495.60796179 0.00018670984193899548 5.288956765919885e-05 3.3079603742329676e-05 2.4278010094710953e-05 1.8783599887855183e-05 1.537612051989431e-05
4496.35729223 0.00018785389295034152 5.2641970283618486e-05 3.282463665760262e-05 2.4023377489694932e-05 1.8546359189590077e-05 1.515016851130245e-05
4497.10674756 0.0001910642304620382 5.361683041327037e-05 3.345276216290374e-05 2.4507112967849245e-05 1.8939666879188057e-05 1.548659129289581e-05
4497.85632782 0.00019182827848732205 5.4579902811433414e-05 3.423850316105229e-05 2.5204431792009294e-05 1.954768984411621e-05 1.6034139069777618e-05
4498.60603301 0.000202634160568725 6.0361085899678314e-05 3.83502743525569e-05 2.8503762732095742e-05 2.227016191908356e-05 1.838537797995599e-05
4499.35586317 0.00021179970047501833 6.488602376609134e-05 4.14763010979208e-05 3.096571967675917e-05 2.4284612673418085e-05 2.0117533259262747e-05
4500.10581831 0.0002098420492616731 6.411665765947734e-05 4.094271125331102e-05 3.055668815388895e-05 2.39644304610629e-05 1.9857938360678175e-05
4500.85589845 0.00021133792936888426 6.516485999227905e-05 4.171017000581402e-05 3.1182535438354726e-05 2.4487456550731558e-05 2.031331450374945e-05
4501.60610361 0.00020358752211574455 6.238843797384525e-05 3.990963184410181e-05 2.9818777961715537e-05 2.3414238624922095e-05 1.94192136865485e-05
4502.35643382 0.00018829281488009033 5.6386509681855035e-05 3.5891218082678936e-05 2.671793982270186e-05 2.092735778033894e-05 1.7319600985199426e-05
4503.1068891 0.00019038177020839394 5.602016827259333e-05 3.548254802524317e-05 2.6314899113563318e-05 2.0549828935775086e-05 1.6964067084860815e-05
4503.85746946 0.000207450900465402 6.334739947613501e-05 4.043565689444431e-05 3.0165768407006674e-05 2.3659502728914086e-05 1.960713516317374e-05
4504.60817493 0.000221495076808455 7.065954314473931e-05 4.553607566759019e-05 3.4206348043335143e-05 2.696251801964107e-05 2.2438657943069304e-05
4505.35900552 0.0002233679720944068 7.165702908496239e-05 4.623245834687053e-05 3.475858751625118e-05 2.741402076245407e-05 2.2825383456720657e-05
4506.10996127 0.0002203444193558172 6.956785068884214e-05 4.472707292816624e-05 3.3542902163501414e-05 2.640097230214008e-05 2.1942701831012974e-05
4506.86104219 0.00021918324642000822 6.808409870201742e-05 4.365464648158148e-05 3.266342323431138e-05 2.565160631918523e-05 2.1273814213647792e-05
4507.61224829 0.0002141844307293745 6.532937963562479e-05 4.176597628422596e-05 3.1167683838528936e-05 2.4433553644268334e-05 2.022798595693249e-05
4508.36357961 0.0002103007145867424 6.443184719853971e-05 4.124096626277764e-05 3.080208206145566e-05 2.4173653880609587e-05 2.0033062971663274e-05
4509.11503616 0.000206503603773203 6.530640062191942e-05 4.209330277244201e-05 3.162058332003678e-05 2.4931788922484265e-05 2.0749128515696285e-05
4509.86661796 0.0002050913395783142 6.507482470865513e-05 4.195964286645836e-05 3.1533889489628964e-05 2.487533707127088e-05 2.071229518558122e-05
4510.61832504 0.00021142371747870367 6.590131511524601e-05 4.230014049304479e-05 3.1679722483367606e-05 2.4917969917026955e-05 2.0696097294209774e-05
4511.37015741 0.00021551064716819157 6.731598109563694e-05 4.323420638672128e-05 3.2397856305199825e-05 2.5493639588678967e-05 2.1183256754751913e-05
4512.1221151 0.0002179207332574952 6.842746172808474e-05 4.397907618829619e-05 3.2976964767120086e-05 2.5954181937447657e-05 2.1569593773787533e-05
4512.87419812 0.00021519925588402354 6.657671214733555e-05 4.261680483603521e-05 3.185681379671966e-05 2.500269641100847e-05 2.0727106181804133e-05
4513.6264065 0.00020862647890693405 6.272052355131901e-05 3.985049926272699e-05 2.9622302054426188e-05 2.314638426104069e-05 1.9114242047424618e-05
4514.37874026 0.00020754498295567534 6.222987558494707e-05 3.954662964567245e-05 2.9403260570031345e-05 2.2985175195011097e-05 1.8989318015105295e-05
4515.13119942 0.00020168422969079242 6.0039690356887025e-05 3.813517849881287e-05 2.835117072212731e-05 2.2169693970793463e-05 1.832384690631164e-05
4515.883784 0.00019228479835702226 5.710191806886388e-05 3.625647083077136e-05 2.694933062094145e-05 2.1078133173557e-05 1.7425945408592666e-05
4516.63649403 0.0001947836539857193 5.990251926986798e-05 3.83669019440807e-05 2.8686281479230182e-05 2.2540045967357465e-05 1.8704026066170814e-05
4517.38932951 0.00020595987221177082 6.402010018472754e-05 4.1074417443101055e-05 3.074211402281187e-05 2.417633100210591e-05 2.007627753019559e-05
4518.14229048 0.00020420665114966732 6.190571798045676e-05 3.945678765262134e-05 2.9400514867879593e-05 2.304561790498819e-05 1.9087201532372498e-05
4518.89537695 0.00019194289644965356 5.541147153301686e-05 3.4911242348240134e-05 2.580369372185238e-05 2.0096663534727196e-05 1.6553125743925857e-05
4519.64858894 0.00019267049890441361 5.587591147739117e-05 3.5242856507126703e-05 2.6049689661129702e-05 2.0280922701173245e-05 1.6692548904317485e-05
4520.40192648 0.00020441978551992852 6.24208844789737e-05 3.986787379808314e-05 2.9744666012667622e-05 2.3326165625551058e-05 1.9322223994162857e-05
4521.15538959 0.00019995438096210525 6.154551925282232e-05 3.9431895579557585e-05 2.9514137314310735e-05 2.3215298701303398e-05 1.9287452840196148e-05
4521.90897829 0.0002072756589923499 6.546945274069722e-05 4.216430810830379e-05 3.167531184933463e-05 2.4975889323823937e-05 2.0792481107162183e-05
4522.66269259 0.00021639159385634124 6.944911196848932e-05 4.484196310114019e-05 3.373831780502074e-05 2.6622801619673266e-05 2.2174943962154975e-05
4523.41653252 0.00019698006905214565 6.090777481822854e-05 3.9063176478913204e-05 2.9252421612410295e-05 2.3014232120873148e-05 1.9118397854105206e-05
4524.17049811 0.00018586215742201517 5.5306979738105676e-05 3.5202526191908784e-05 2.6217111698463114e-05 2.054545009277805e-05 1.7008999896178507e-05
4524.92458936 0.00020001545287119928 6.0871600325947916e-05 3.8912378040858325e-05 2.9057385305318145e-05 2.2803395535537115e-05 1.8900952121321907e-05
4525.67880631 0.00019397118717335652 5.910300118689429e-05 3.780041523338567e-05 2.8230830247978524e-05 2.2153453796304546e-05 1.836011729402114e-05
4526.43314897 0.00018426302489459352 5.492946479859433e-05 3.492188597108662e-05 2.5969610645535258e-05 2.0310999454979123e-05 1.678588229334146e-05
4527.18761737 0.00018514921230083342 5.3441255842792324e-05 3.3674756484827386e-05 2.488422182203297e-05 1.93583939512336e-05 1.592748468338667e-05
4527.94221152 0.00017645389627639671 4.8461876133077826e-05 3.0115004294061782e-05 2.2041303420608654e-05 1.700941153878459e-05 1.3901954164454904e-05
4528.69693145 0.0001781095769477174 4.857277007127976e-05 3.006211135224571e-05 2.1922963748748488e-05 1.6865333477966102e-05 1.3744620070725791e-05
4529.45177717 0.00017405889861243324 4.7600379440597864e-05 2.9505786229439473e-05 2.153448561797424e-05 1.6583740183600654e-05 1.3526529430138665e-05
4530.20674871 0.000169386849501412 4.6772218536349436e-05 2.9133701177125172e-05 2.1356613707348148e-05 1.6514218097215728e-05 1.3520640125200142e-05
4530.96184609 0.00018033256597194068 5.1659465798746153e-05 3.250036421973737e-05 2.4004610363888388e-05 1.867454177832101e-05 1.5369227380749867e-05
4531.71706933 0.00018215862135281135 5.160708427292652e-05 3.233729960675663e-05 2.3824339231185285e-05 1.8499476483654565e-05 1.5204442938962518e-05
4532.47241846 0.00017761545047179588 4.923989921749665e-05 3.066807890784673e-05 2.2498774181750398e-05 1.741636978917814e-05 1.4278749174026456e-05
4533.22789348 0.00019491521915134766 5.7331271942955226e-05 3.6260041969457215e-05 2.687162082013139e-05 2.095520758949802e-05 1.7279506393566187e-05
4533.98349443 0.0001929178649730918 5.670858014756432e-05 3.585248635562967e-05 2.6550838947832715e-05 2.0684600023067033e-05 1.7037019545172328e-05
4534.73922132 0.00017263312527100505 4.941113617390073e-05 3.1049969366970395e-05 2.2894079365758216e-05 1.7773515959284287e-05 1.4593088375015787e-05
4535.49507418 0.00016617020424576268 4.7304765571668776e-05 2.971913298672198e-05 2.1910475393687197e-05 1.7005275569625113e-05 1.3957300916827575e-05
4536.25105302 0.00016425463273114882 4.29930976096446e-05 2.6386278992274823e-05 1.9125267251673524e-05 1.4637597714611418e-05 1.1870895060156829e-05
4537.00715787 0.00016420184209165294 4.1327382799653296e-05 2.5088968126896197e-05 1.8054303866560535e-05 1.3744151530198793e-05 1.109900729065429e-05
4537.76338874 0.00018814097094106545 5.329509891360188e-05 3.340729481774944e-05 2.4608204203300437e-05 1.9095366295993472e-05 1.5679532619328433e-05
4538.51974567 0.0002072971201700445 6.383671708598622e-05 4.083904948786168e-05 3.051654908353867e-05 2.39541584569013e-05 1.986399118723653e-05
4539.27622867 0.00020332778587015972 6.267759488347237e-05 4.014069255594003e-05 3.002489133991413e-05 2.3595223624806444e-05 1.9589344078718647e-05
4540.03283775 0.00019597390612635554 5.902615610397093e-05 3.760335248028298e-05 2.802008295286499e-05 2.1963499377580808e-05 1.8196323946471668e-05
4540.78957295 0.0002011503059511177 6.054550604983038e-05 3.855146543303865e-05 2.8700196265970947e-05 2.247305696641186e-05 1.859502151205217e-05
4541.54643428 0.00019717106404034906 5.781946067420431e-05 3.6583930165314935e-05 2.7102485576284415e-05 2.1131891985865515e-05 1.741761196713975e-05
4542.30342177 0.00018879757198490225 5.479965639122145e-05 3.460681851426106e-05 2.5588687199905883e-05 1.9926204286130047e-05 1.640254873844752e-05
4543.06053543 0.00019223858795435408 5.7133350528830087e-05 3.630942224332506e-05 2.6968887506918044e-05 2.107905214481884e-05 1.7406655873065533e-05
4543.81777529 0.0002005959240641108 6.028952144633209e-05 3.836436858667174e-05 2.8537677571409378e-05 2.2330239656641447e-05 1.846298635119732e-05
4544.57514136 0.00020208035108524574 6.145140899753936e-05 3.920947111631935e-05 2.923818428011523e-05 2.2931006495161716e-05 1.9001060170396084e-05
4545.33263368 0.00019108306976827234 5.6279420047765045e-05 3.56926543856704e-05 2.6505984180941816e-05 2.0732186826227622e-05 1.7139384918757946e-05
4546.09025225 0.00018231437565751588 5.154286461677357e-05 3.235958438798506e-05 2.3845442012942777e-05 1.853503248453247e-05 1.5236910536718396e-05
4546.8479971 0.0001862098974150252 5.3194517557219744e-05 3.343246497383526e-05 2.464568245060003e-05 1.9150714634766736e-05 1.573728987985117e-05
4547.60586826 0.00019418809118262558 5.694523473887404e-05 3.599595906612975e-05 2.66689340695818e-05 2.080216580718798e-05 1.7158714170813688e-05
4548.36386573 0.00019396005176625135 5.682516940161317e-05 3.591736229122585e-05 2.6626347188484063e-05 2.0780608723339453e-05 1.715372334817997e-05
4549.12198955 0.00019646505572500577 5.860013264580281e-05 3.719821089302275e-05 2.765137035230756e-05 2.1610087954486747e-05 1.785331450567974e-05
4549.88023974 0.00018780763695396688 5.677556366491951e-05 3.6173287298533414e-05 2.6953873402751555e-05 2.1102957114973708e-05 1.745602482008937e-05
4550.6386163 0.00016381572658284274 5.0020390567112376e-05 3.203234976900516e-05 2.395759614015546e-05 1.8837671499382726e-05 1.5639019261925534e-05
4551.39711928 0.00017964679967513207 5.61256864559211e-05 3.611735931414084e-05 2.710696715096037e-05 2.137866624679136e-05 1.7797920052529693e-05
4552.15574868 0.00020397223859935158 6.388101744380441e-05 4.105412503058464e-05 3.0780059932842536e-05 2.4247366169044484e-05 2.0168668882117836e-05
4552.91450454 0.0001969814592619197 5.8915037840473506e-05 3.747231290164028e-05 2.788187832217347e-05 2.183875470595225e-05 1.8075479272337107e-05
4553.67338686 0.0001909352190118209 5.520894490568554e-05 3.485035097546776e-05 2.577746930050815e-05 2.0090278430810887e-05 1.6552132678840337e-05
4554.43239567 0.00019566954131210892 5.8041227372510694e-05 3.684988622588707e-05 2.7362111822832596e-05 2.137401272622683e-05 1.764164449543135e-05
4555.191531 0.00018716748913372077 5.566164089024746e-05 3.535040759661746e-05 2.6264637586868316e-05 2.0524194905290016e-05 1.694736884219463e-05
4555.95079286 0.00017878654096720824 5.2055178034289224e-05 3.2880225098979445e-05 2.4334513157545622e-05 1.896264210089749e-05 1.562073401997105e-05
4556.71018127 0.00017353645562074262 5.0547195114365856e-05 3.193508303918401e-05 2.364963612013133e-05 1.8441465569422595e-05 1.5203029516333056e-05
4557.46969626 0.00018179629303446477 5.507836461014411e-05 3.511786369038944e-05 2.6187750492724378e-05 2.0532462516156877e-05 1.7010008991719256e-05
4558.22933784 0.00020137031523841684 6.261608924233192e-05 4.0138524485020614e-05 3.0035567203499012e-05 2.3608243749827077e-05 1.959881277259083e-05
4558.98910604 0.0002013556356690621 6.295893493402625e-05 4.044431925340012e-05 3.0304748609357873e-05 2.3850485719653694e-05 1.9820295165211805e-05
4559.74900088 0.00018886424142897868 6.021178006548764e-05 3.892036381437765e-05 2.929514757432262e-05 2.3148917666812787e-05 1.9302047298200505e-05
4560.50902239 0.00019708531458668925 6.328348826969361e-05 4.091680996683551e-05 3.080524980943958e-05 2.4336431085972897e-05 2.028870829704782e-05
4561.26917057 0.00020521893537402708 6.350528448826375e-05 4.064393341849968e-05 3.0366277306441048e-05 2.384177166166669e-05 1.9771476090192207e-05
4562.02944545 0.00020531527682763695 6.263594994789827e-05 3.998426615264031e-05 2.98140648151811e-05 2.337718233937795e-05 1.936409763539946e-05
4562.78984706 0.00020852642811703412 6.454357946043234e-05 4.137234095738457e-05 3.09450118515681e-05 2.4320989917119706e-05 2.0186212634794774e-05
4563.55037541 0.00021162839195111024 6.643615137238668e-05 4.272977053852061e-05 3.2021541897254964e-05 2.5199338338128758e-05 2.0931078236452314e-05
4564.31103052 0.00020250245217009812 6.300141296232726e-05 4.045304192266549e-05 3.0269260036285227e-05 2.379387730490029e-05 1.974213201572299e-05
4565.07181242 0.00019002927336403522 5.8169648680256176e-05 3.724212148744808e-05 2.782006297328815e-05 2.1848043807330056e-05 1.811696063906264e-05
4565.83272113 0.00019176359875652517 5.7782906083575916e-05 3.6817098460749485e-05 2.742283395052305e-05 2.149758018909886e-05 1.7805229781665087e-05
4566.59375667 0.00018839463426900853 5.4742026136975876e-05 3.44983851474325e-05 2.5513628693273078e-05 1.9900408965377282e-05 1.6420531995590635e-05
4567.35491906 0.00019070248104276346 5.580247633126662e-05 3.52477743711272e-05 2.611321616484121e-05 2.039356336246211e-05 1.6846441473538835e-05
4568.11620832 0.0001983860801971258 6.036506608807856e-05 3.8522819977977304e-05 2.874844543276721e-05 2.257190868254832e-05 1.8728903181920652e-05
4568.87762447 0.0002051356143940012 6.50256989178448e-05 4.190670554109283e-05 3.149581862967093e-05 2.485715197542474e-05 2.0712689246774913e-05
4569.63916753 0.0002000562173451059 6.28943136135586e-05 4.046453175204781e-05 3.036923252979265e-05 2.3946215266522345e-05 1.993659587989299e-05
4570.40083753 0.00020040627983466686 6.183854380101167e-05 3.9571751426072506e-05 2.9569941431491423e-05 2.3233557335526515e-05 1.928377998100874e-05
4571.16263448 0.0002064961693343762 6.371304213218856e-05 4.073271990437858e-05 3.0402809445994808e-05 2.3848005938688525e-05 1.9760868937035793e-05
4571.92455842 0.00019829985013374767 5.8871771150123215e-05 3.728880640622151e-05 2.7640607488113768e-05 2.1556372012165147e-05 1.7770754381865807e-05
4572.68660934 0.00017986060735713946 5.114773807374153e-05 3.2066965162953656e-05 2.3589901358895726e-05 1.8296635150462843e-05 1.50111864299691e-05
4573.44878729 0.00018163529994686892 5.3858833252191446e-05 3.41838690153882e-05 2.5382811962633355e-05 1.9843962219284617e-05 1.6394845027327425e-05
4574.21109228 0.00020436377909869064 6.420302826652196e-05 4.130280210251476e-05 3.098732329891171e-05 2.441293023163904e-05 2.0308509233940358e-05
4574.97352433 0.00021335298468713555 6.789276859546926e-05 4.3763453868706325e-05 3.288233513689831e-05 2.5931797694097625e-05 2.1592000285649335e-05
4575.73608346 0.00020784743834406067 6.430304945662195e-05 4.119566269647407e-05 3.080905319205556e-05 2.421602867272196e-05 2.01050731342824e-05
4576.4987697 0.0002055794179893099 6.333449377780976e-05 4.057343767677264e-05 3.032590953094087e-05 2.3824945725301996e-05 1.9768254203464303e-05
4577.26158306 0.00019962454167395322 6.252322316134036e-05 4.0207615173594285e-05 3.0129062954402612e-05 2.371834968141107e-05 1.9712062004547767e-05
4578.02452357 0.0001973545236023004 6.148884400249062e-05 3.9436341734522814e-05 2.9482509161133963e-05 2.3161500976876913e-05 1.921233042646957e-05
4578.78759124 0.00020421336726048276 6.339929793395524e-05 4.059673310177433e-05 3.030489344274255e-05 2.3769917961069214e-05 1.968819507058325e-05
4579.5507861 0.00019977824705286876 6.107955568895324e-05 3.89970707857493e-05 2.906236750615388e-05 2.2763609570164787e-05 1.8835284886213986e-05
4580.31410818 0.00019107168207348823 5.668852157762863e-05 3.5925932475280157e-05 2.6632159949820985e-05 2.0776576087824372e-05 1.71327879991394e-05
4581.07755748 0.00018280169855180355 5.3240969609103414e-05 3.353676562369607e-05 2.4737443775111812e-05 1.922417048234221e-05 1.579733453962029e-05
4581.84113404 0.00017733232936075364 5.1075111827144964e-05 3.2077548174300716e-05 2.362289262373539e-05 1.833554808508906e-05 1.5054455731775192e-05
4582.60483787 0.0001816448551318274 5.35898121752708e-05 3.3906685303258026e-05 2.5142668798840362e-05 1.962380924564232e-05 1.619740065295299e-05
4583.36866899 0.00019188677838855186 5.934172847018958e-05 3.802617918496649e-05 2.8458513139047225e-05 2.238171906607702e-05 1.8592811083590022e-05
4584.13262743 0.00018517913903163134 5.795064308161285e-05 3.7321789234230226e-05 2.802534522927304e-05 2.212286839188258e-05 1.843300301946395e-05
4584.89671321 0.00017145376028280485 5.259577534823434e-05 3.377787912738431e-05 2.5324124470667328e-05 1.99745048563794e-05 1.663243198087367e-05
4585.66092634 0.00017292949007906487 5.141836418791033e-05 3.273515562248051e-05 2.4400923560964705e-05 1.9141755544969323e-05 1.5868769776608525e-05
4586.42526685 0.00018095035625943388 5.28247540576094e-05 3.333420551453061e-05 2.4673231200461752e-05 1.9224676325203907e-05 1.5844265622768792e-05
4587.18973477 0.0001821570884027398 5.244519909851603e-05 3.284602381710051e-05 2.4145612866220894e-05 1.869635051597866e-05 1.5320278286840107e-05
4587.95433011 0.00019269838792327338 5.7272805704922244e-05 3.617464766437729e-05 2.6757293395988207e-05 2.082860478480058e-05 1.71448614276973e-05
4588.71905289 0.00020087839052165092 6.27817372010812e-05 4.025940716810756e-05 3.0124134614562703e-05 2.368001338731442e-05 1.9657460608234403e-05
4589.48390313 0.00020093751774210325 6.434931387998041e-05 4.1578427934737926e-05 3.127919285423638e-05 2.4696793448691073e-05 2.057650545532541e-05
4590.24888086 0.00020104111241478752 6.383721935959161e-05 4.118734998462139e-05 3.095797246041526e-05 2.442379881271495e-05 2.0335991956019476e-05
4591.0139861 0.00019478172208517132 6.113300505226535e-05 3.932889565499848e-05 2.9514586561050042e-05 2.325579867713252e-05 1.9345484661526754e-05
4591.77921886 0.00019111294282020598 5.8342255694606254e-05 3.724475814507895e-05 2.780125581095922e-05 2.1809305754458096e-05 1.8075467611679137e-05
4592.54457918 0.0001862303383140927 5.488102254837914e-05 3.47236550481041e-05 2.5753797237765973e-05 2.0101647765550305e-05 1.6588472032317047e-05
4593.31006706 0.00017714113191833012 5.1926783044913684e-05 3.287043323548509e-05 2.439183645955379e-05 1.9056843491797945e-05 1.573986494961279e-05
4594.07568254 0.0001817881390020625 5.441268705160119e-05 3.460529024904122e-05 2.5766862705292014e-05 2.0182788016192874e-05 1.6707986169835745e-05
4594.84142563 0.00019567061267768214 5.9212964694531406e-05 3.765632501392494e-05 2.8001493430125e-05 2.190160966590895e-05 1.810256627072159e-05
4595.60729636 0.00019445386447118515 5.7501956427430564e-05 3.634294135496045e-05 2.68851105208622e-05 2.0944340522623396e-05 1.7249327630437364e-05
4596.37329474 0.00018049882111348945 5.203547029473219e-05 3.274689696141006e-05 2.417165592549726e-05 1.880987216668018e-05 1.5481608188307384e-05
4597.1394208 0.00017782511008672066 5.2027373188930335e-05 3.2868325909204705e-05 2.434633920660915e-05 1.900064446889447e-05 1.5680284034576348e-05
4597.90567455 0.00019205842699023855 5.7894188705250724e-05 3.6800135973264e-05 2.7361273057784762e-05 2.1409531445989183e-05 1.7702878285144175e-05
4598.67205603 0.00019273354933251307 5.7349836653805145e-05 3.63441502972855e-05 2.6956930419783093e-05 2.1054762909896283e-05 1.7382007067290645e-05
4599.43856524 0.00019059238952779585 5.617077758704916e-05 3.5505001006331425e-05 2.6293883377186278e-05 2.050751455479433e-05 1.6913172356841858e-05
4600.20520222 0.00019934618157423187 6.0738821885855916e-05 3.872358230273969e-05 2.8858607980847952e-05 2.2608346443905144e-05 1.8715368788333296e-05
4600.97196699 0.0001937935350393533 5.8708252524621406e-05 3.741287692782685e-05 2.788452473239502e-05 2.185339420524098e-05 1.8096918900407385e-05
4601.73885955 0.00017930116414596292 5.1384119399111415e-05 3.2312719445458407e-05 2.3850088626736765e-05 1.855922515839348e-05 1.5275148515128786e-05
4602.50587995 0.00018195116570178757 5.252335371118435e-05 3.3065333468436894e-05 2.4426684401566815e-05 1.9019834280247424e-05 1.5663553120274936e-05
4603.27302819 0.00018789449571528244 5.5636400409846475e-05 3.523435969850032e-05 2.6149361651577907e-05 2.0422145311295835e-05 1.6862982984006027e-05
4604.0403043 0.00018611370528875772 5.4902189576664836e-05 3.471342806971696e-05 2.5718597959689634e-05 2.0044141963732694e-05 1.651850851622715e-05
4604.8077083 0.00018467729007084775 5.4367458190550086e-05 3.436845769495197e-05 2.5455406633696796e-05 1.984266917810626e-05 1.6355754559950433e-05
4605.57524021 0.00017828480186412996 5.1525115532723266e-05 3.249026730209493e-05 2.4032431452526344e-05 1.8732154607574925e-05 1.5443908925003412e-05
4606.34290005 0.00017879647157407208 5.1496530204816517e-05 3.246290922256332e-05 2.399827613913367e-05 1.8706221573506298e-05 1.5421695203225726e-05
4607.11068785 0.00019198775511646904 5.67787069058873e-05 3.600957575448115e-05 2.670709745696494e-05 2.0859166124761264e-05 1.7216166683621745e-05
4607.87860362 0.00019949219394379853 5.99918525190488e-05 3.816146071593277e-05 2.8371125728994944e-05 2.217853917830633e-05 1.831740367023945e-05
4608.64664739 0.0001945402043894308 5.842535713920657e-05 3.710293694266633e-05 2.7584324114509956e-05 2.155613774443968e-05 1.780622370696261e-05
4609.41481918 0.0002031703083608742 6.38840377499757e-05 4.101508771366571e-05 3.074679238070152e-05 2.4186710928095993e-05 2.0095171206525715e-05
4610.183119 0.00021282839949119436 6.860995988585711e-05 4.434788329388818e-05 3.33920754869985e-05 2.636300937574665e-05 2.1966582960344202e-05
4610.95154689 0.00021234541433747675 6.79574322233665e-05 4.386712812068377e-05 3.2996081685993006e-05 2.602629386947646e-05 2.16677814326908e-05
4611.72010286 0.0002085943011017835 6.626599298821942e-05 4.2650207014325624e-05 3.202213554811223e-05 2.520699107584798e-05 2.095137297512843e-05
4612.48878693 0.00019772976226453484 6.120874644058455e-05 3.914385914088371e-05 2.925801744941102e-05 2.2951357798950432e-05 1.902220400819259e-05
4613.25759913 0.00020000074656205535 6.189690395277179e-05 3.962180009869576e-05 2.9628149295698103e-05 2.326008577956076e-05 1.9289833399550886e-05
4614.02653947 0.00019774162146415507 6.031855746446617e-05 3.850172013241108e-05 2.873426048014397e-05 2.2534619382496685e-05 1.8672667661959363e-05
4614.79560798 0.00019125384568993546 5.6809337588153786e-05 3.602842144964067e-05 2.676065756422432e-05 2.0918907640202887e-05 1.7286914157222004e-05
4615.56480468 0.0001983997387356362 6.050289483297259e-05 3.8601393631953156e-05 2.8782418765617028e-05 2.2564292015294604e-05 1.8690103117947692e-05
4616.33412959 0.00020109273953034844 6.251879632954773e-05 4.0046555127570535e-05 2.9952555263567226e-05 2.3531677823462928e-05 1.952785255732491e-05
4617.10358273 0.0001924940666173645 5.9149085855683944e-05 3.7790213880993715e-05 2.8213006218763252e-05 2.2127594716896586e-05 1.833433787302749e-05
4617.87316412 0.00019293894814929505 6.035802013934937e-05 3.871464000467711e-05 2.898633489762942e-05 2.2777673136927995e-05 1.8902134244251755e-05
4618.64287379 0.0002054633589507843 6.613904089327172e-05 4.265324276052993e-05 3.206928610851411e-05 2.527721430579083e-05 2.1034011630901905e-05
4619.41271176 0.00020739946650706143 6.789079224510909e-05 4.393115376406732e-05 3.310910787418259e-05 2.6151878785343147e-05 2.1802998108984716e-05
4620.18267804 0.00019090140161186819 6.085347367083561e-05 3.918108880284475e-05 2.9422734866329247e-05 2.3185739970271515e-05 1.9292893829346913e-05
4620.95277266 0.00018177555713984008 5.545790874164482e-05 3.539991759061044e-05 2.640796037727979e-05 2.071269060514181e-05 1.716454903904124e-05
4621.72299563 0.0001830890900913644 5.606707415306689e-05 3.5859966194745586e-05 2.6783896344842104e-05 2.1036239846550535e-05 1.7451725800234732e-05
4622.49334699 0.00019323895707656818 5.9933607032015505e-05 3.842217310931355e-05 2.8750112763360018e-05 2.260017863101431e-05 1.876353469947621e-05
4623.26382676 0.00019836602129451192 6.100084322499953e-05 3.895540981174666e-05 2.907299135434057e-05 2.2797554367215634e-05 1.8888762029129813e-05
4624.03443494 0.00019866064514595432 6.0709587655179236e-05 3.865607934985103e-05 2.8786897104196425e-05 2.2532571932462372e-05 1.864058126093212e-05
4624.80517158 0.00020447815630693147 6.44142474733082e-05 4.1318748061824975e-05 3.0941549531304014e-05 2.432232706524556e-05 2.0195369625998885e-05
4625.57603667 0.00020189416254968683 6.425119564923006e-05 4.1363150778739785e-05 3.1063066138435403e-05 2.4477692675417244e-05 2.0368364770340458e-05
4626.34703026 0.00019781437719451676 6.224320091553908e-05 3.997814230936173e-05 2.996707882697795e-05 2.357914555570896e-05 1.9594097846141558e-05
4627.11815236 0.000196782508518836 6.057129342492798e-05 3.8696321524272176e-05 2.8880835958305374e-05 2.2636314664847064e-05 1.8743369105884237e-05
4627.88940299 0.00019721511502117004 6.019701952148302e-05 3.840910607229053e-05 2.864038861883527e-05 2.2431834840099014e-05 1.8561371735524904e-05
4628.66078217 0.0001999536709683146 6.23074330907927e-05 3.998234713327675e-05 2.9945351820746837e-05 2.3547348033188782e-05 1.9552342210879326e-05
4629.43228992 0.00020207189714044246 6.381102474566627e-05 4.1097360329591465e-05 3.0851361811538446e-05 2.430639856057552e-05 2.021198926799438e-05
4630.20392627 0.00019528949374472817 6.165787929647477e-05 3.972603560182951e-05 2.9818622524527226e-05 2.3493998972112456e-05 1.9534930653590853e-05
4630.97569124 0.00019229735111139494 6.031540736593844e-05 3.876988755047048e-05 2.906721249512328e-05 2.288160074555838e-05 1.901561820700291e-05
4631.74758484 0.00020633493208566423 6.582602249300887e-05 4.2415189090280244e-05 3.187108341571714e-05 2.511842936055579e-05 2.0898917722742884e-05
4632.51960711 0.0002139427076075172 6.931318961047606e-05 4.47881651508161e-05 3.371584580089979e-05 2.6603471570646585e-05 2.2155532102998216e-05
4633.29175805 0.00020729175270800619 6.583507314769917e-05 4.236772231752299e-05 3.1800843080424647e-05 2.5039309095342666e-05 2.0815394171469996e-05
4634.0640377 0.00019419987492180844 5.905144921262883e-05 3.766590406077647e-05 2.8087545997918004e-05 2.2013525956185923e-05 1.822706683512349e-05
4634.83644607 0.0001892607925292682 5.762914036332286e-05 3.678260407592062e-05 2.7423557643127826e-05 2.1496114248961165e-05 1.7797677172050184e-05
4635.60898319 0.00019146067462918676 5.977816550680874e-05 3.837650067202811e-05 2.8724764389359197e-05 2.258378912567991e-05 1.8744991559923455e-05
4636.38164907 0.00019550909870204075 6.10596826155258e-05 3.917424524394024e-05 2.930417160021766e-05 2.302336868177244e-05 1.9097352788552942e-05
4637.15444374 0.00019901146240882702 6.205515198881686e-05 3.979109360763283e-05 2.976448571941668e-05 2.3387522461431365e-05 1.940327699656159e-05
4637.92736723 0.000200266272377907 6.24235458316652e-05 4.0004401444796464e-05 2.9919505979078757e-05 2.350395452915339e-05 1.9498133476325894e-05
4638.70041954 0.00018814090011478398 5.648159556477635e-05 3.583102729729402e-05 2.660812908065269e-05 2.0783183419489453e-05 1.7160151226317278e-05
4639.47360071 0.00019027785501808225 5.754058475663925e-05 3.656275675882231e-05 2.7190923899306014e-05 2.125907291695277e-05 1.75691014457166e-05
4640.24691075 0.00020045361585184927 6.159516771187445e-05 3.924926687075444e-05 2.923464639089407e-05 2.2872323675322005e-05 1.8909411599821227e-05
4641.02034969 0.0001993413772811559 5.97481773250991e-05 3.7817855730512404e-05 2.8007188184704244e-05 2.180379142955086e-05 1.7945191013978562e-05
4641.79391754 0.00020488817657668616 6.272479193673286e-05 4.001448440453182e-05 2.980363045970783e-05 2.3312856014711436e-05 1.9264985069388585e-05
4642.56761433 0.00020773038194740252 6.559160257571754e-05 4.2184675509998444e-05 3.162636389134181e-05 2.4879413406841478e-05 2.0664040402420498e-05
4643.34144008 0.00020487376398429412 6.558074729562758e-05 4.228927872777955e-05 3.178359505526888e-05 2.506283417763391e-05 2.086414963245336e-05
4644.11539482 0.0002043791901426457 6.537236892299137e-05 4.2144462579136184e-05 3.16682327072832e-05 2.496499407787056e-05 2.0777198280616106e-05
4644.88947856 0.00020594251993462885 6.562925263481871e-05 4.2261911510365926e-05 3.171860701044697e-05 2.497235252111778e-05 2.0756069513981284e-05
4645.66369132 0.00021138843858717324 6.8163797850004e-05 4.3975203377111476e-05 3.3043401565691576e-05 2.6034794755815268e-05 2.165120383705681e-05
4646.43803313 0.00020747967887558015 6.590568776497778e-05 4.23633371106068e-05 3.1741862677923956e-05 2.4949664582197445e-05 2.070437913229852e-05
4647.212504 0.000193220382767536 5.861595458826384e-05 3.72794217691872e-05 2.7708513038685726e-05 2.163785325223627e-05 1.78537739207173e-05
4647.98710397 0.0001861753225746369 5.5502240817690135e-05 3.5151593499739435e-05 2.6051747406916083e-05 2.030989768109779e-05 1.6737764938672574e-05
4648.76183305 0.00018740637832612592 5.7039142489333436e-05 3.6335665626392414e-05 2.7062771505626457e-05 2.119512556901017e-05 1.754192071304684e-05
4649.53669125 0.00018818175506742907 5.785469857610776e-05 3.6945985049487365e-05 2.756741302235985e-05 2.1619538444177073e-05 1.7912611924411754e-05
4650.31167862 0.0001897208570696282 5.8211372105782434e-05 3.711751342712509e-05 2.7659790215392925e-05 2.1666688226696887e-05 1.793239081509266e-05
4651.08679515 0.000198819961224336 6.182563511982685e-05 3.9513799359926395e-05 2.948248614568766e-05 2.3112283457227435e-05 1.913871040770337e-05
4651.86204089 0.0002016349900871332 6.327840001567264e-05 4.0548949854235764e-05 3.031779915704488e-05 2.3804781754514484e-05 1.9739812712341197e-05
4652.63741584 0.00019095363672667106 5.84887627085006e-05 3.729589360053149e-05 2.780227556774079e-05 2.177371143319005e-05 1.801859387810674e-05
4653.41292003 0.00018481392547123942 5.6348961898034656e-05 3.588678371800018e-05 2.6737080958994864e-05 2.0920566252809917e-05 1.7300873933320216e-05
4654.18855349 0.0001945922060156104 6.116189258234376e-05 3.9209719466948485e-05 2.9339772822455842e-05 2.304153402935242e-05 1.911419214218889e-05
4654.96431623 0.0001959408071103974 6.151690924413411e-05 3.943968182165214e-05 2.9509878859618962e-05 2.318841919224689e-05 1.9246432676928884e-05
4655.74020827 0.00018615999801410154 5.707281449975603e-05 3.645805251880503e-05 2.7229395998142544e-05 2.1373391368913924e-05 1.772732996656396e-05
4656.51622964 0.00019321641741024264 5.997614365703729e-05 3.841642223161062e-05 2.8729722668939825e-05 2.2572350415519884e-05 1.8730855571017847e-05
4657.29238035 0.00019397177709050246 5.986766289491711e-05 3.8257332473737977e-05 2.8541014213976418e-05 2.2381353058090943e-05 1.8536435662501473e-05
4658.06866044 0.0001834670773328456 5.653322715638249e-05 3.615122027909448e-05 2.6995391263870852e-05 2.1198331086877613e-05 1.758011153685105e-05
4658.84506991 0.00018838074993037394 5.9512156090291905e-05 3.829063967323381e-05 2.8726968969456222e-05 2.2647454890923305e-05 1.8849861473305294e-05
4659.6216088 0.0002064589274235728 6.717666403659486e-05 4.344835709404813e-05 3.27183572315586e-05 2.5850078754147356e-05 2.1555396393376266e-05
4660.39827712 0.00021384057830958414 7.042488231526554e-05 4.56754567614841e-05 3.446756518103246e-05 2.7267150778866408e-05 2.2761430168197474e-05
4661.1750749 0.0002117186578733772 6.929289247763987e-05 4.489073928313543e-05 3.384581971931243e-05 2.6759871590988635e-05 2.2327212224588372e-05
4661.95200215 0.00020371293485182555 6.528473514302498e-05 4.208945039429342e-05 3.161829140542438e-05 2.493888043610138e-05 2.0766058755721362e-05
4662.72905891 0.0001960981877329241 6.121941395732432e-05 3.924938454908475e-05 2.9363964004102174e-05 2.309731091704331e-05 1.918809783379958e-05
4663.50624518 0.00019571955531482772 6.0883752188033884e-05 3.903143252036906e-05 2.9195633819316805e-05 2.2967028906575683e-05 1.907908345783525e-05
4664.283561 0.00019435877491855375 6.035607135181061e-05 3.865907068868203e-05 2.88925344746017e-05 2.2714077796980192e-05 1.8856472767336076e-05
4665.06100638 0.0001900304563046382 5.863967581782574e-05 3.74686853770455e-05 2.7959425955136967e-05 2.1947566153707322e-05 1.8199346503799333e-05
4665.83858134 0.00019043886750830374 5.930939435177126e-05 3.7974549856256764e-05 2.8394510816876407e-05 2.2317733109296407e-05 1.8530775718506208e-05
4666.61628591 0.00019438710840114277 6.113113273499267e-05 3.921720446215288e-05 2.9362681183666352e-05 2.310117905114024e-05 1.919657443158089e-05
4667.39412011 0.0001862166645280718 5.743978020807828e-05 3.6694382786627094e-05 2.738200098326096e-05 2.14939922803421e-05 1.782452087025296e-05
4668.17208396 0.00016869459464300622 4.93132718386451e-05 3.1119895955402146e-05 2.3031036413626312e-05 1.7971006401252325e-05 1.4830628547275643e-05
4668.95017748 0.00016247306076634964 4.5526305878380815e-05 2.8390145661480444e-05 2.0844547934008196e-05 1.6153967934647008e-05 1.325704941816516e-05
4669.72840069 0.00017450154751219002 5.090518221859663e-05 3.206083211218915e-05 2.3697124551423534e-05 1.8443621297440747e-05 1.5187371355465493e-05
4670.50675362 0.00018657076875260533 5.714927630553927e-05 3.64786808888585e-05 2.7214267485608106e-05 2.1339863840441714e-05 1.767964135597946e-05
4671.28523628 0.0001904378583870213 6.027982696659649e-05 3.885028575835341e-05 2.917517923428422e-05 2.3002998374947555e-05 1.914061703878095e-05
4672.0638487 0.0001990916204694672 6.443072971391975e-05 4.171087884157429e-05 3.141883443584167e-05 2.4822129027888238e-05 2.068825518341289e-05
4672.84259091 0.00020620240058778292 6.690270222978866e-05 4.326564872692491e-05 3.256941091409081e-05 2.571226415501793e-05 2.142068769656531e-05
4673.62146291 0.000197813672871397 6.260522599114805e-05 4.0245588554103164e-05 3.0178299830712397e-05 2.375675916294867e-05 1.9748256242275284e-05
4674.40046473 0.00019075521297979 5.936580742912136e-05 3.800271825513055e-05 2.842533672324758e-05 2.2337303428894796e-05 1.85445291238217e-05
4675.1795964 0.0001932667378718646 6.0433496262336274e-05 3.8732437652347544e-05 2.8982212779198752e-05 2.2784257343659383e-05 1.8918660481527554e-05
4675.95885794 0.00019363512530765244 5.960433679204951e-05 3.8066196221017344e-05 2.8380536206979103e-05 2.2245859598781835e-05 1.8417775502700502e-05
4676.73824936 0.00020156024142398143 6.348854239251123e-05 4.07534243633574e-05 3.0499795903625175e-05 2.397224256743002e-05 1.9894249020318688e-05
4677.5177707 0.00020959088370182797 6.805802819928732e-05 4.3981182725046585e-05 3.308766215545512e-05 2.6110755489902096e-05 2.1746492608826385e-05
4678.29742196 0.00020700059233215597 6.650313672617435e-05 4.289045519943444e-05 3.2211941406237646e-05 2.5392291523562164e-05 2.1127855476992176e-05
4679.07720318 0.0002028322085752848 6.469493698786466e-05 4.1640863169752364e-05 3.122631028436011e-05 2.458974567389169e-05 2.0442540701071554e-05
4679.85711437 0.00019487157058289433 6.169217440570631e-05 3.9616087470826116e-05 2.9677659155620274e-05 2.334996863890597e-05 1.940237616028438e-05
4680.63715556 0.00018770121735324816 5.787972085034035e-05 3.695499976360226e-05 2.7587849632020126e-05 2.1655368224316373e-05 1.7963443033710044e-05
4681.41732676 0.00018488188580323533 5.527361312148369e-05 3.5036451300172696e-05 2.6021591402566994e-05 2.0356848484873968e-05 1.683884812864173e-05
4682.19762801 0.0001879437899374149 5.635884542848636e-05 3.5720422198757275e-05 2.6515306742457734e-05 2.0725704373057635e-05 1.7127471397231512e-05
4682.97805931 0.0001878439003636358 5.618029038572488e-05 3.555699960161376e-05 2.6358720404052653e-05 2.0572669155051277e-05 1.697520483262551e-05
4683.7586207 0.0001912337230180273 5.817229451249863e-05 3.698144215630311e-05 2.7498192569261772e-05 2.1513494593693802e-05 1.7786747410054747e-05
4684.53931219 0.0002015084145352666 6.387270294015324e-05 4.1029268940666994e-05 3.0744622750791394e-05 2.4192001137153944e-05 2.0101733949395884e-05
4685.32013381 0.00020237900232656373 6.41643015440269e-05 4.124365589162133e-05 3.0911335492908685e-05 2.4325916957130795e-05 2.02134668575352e-05
4686.10108558 0.00019846671314436507 6.200818545006787e-05 3.972396032383866e-05 2.9687347757193446e-05 2.3309270247559865e-05 1.9328149485890275e-05
4686.88216751 0.0001988346492884444 6.2558181223703e-05 4.014899896638282e-05 3.0056224837737317e-05 2.3629753058051603e-05 1.9618372481635008e-05
4687.66337964 0.00019990842145254254 6.315148230071768e-05 4.0574546167400045e-05 3.0401203458786856e-05 2.3923919193415056e-05 1.9880756986782386e-05
4688.44472198 0.00019756071229538454 6.125630828058935e-05 3.912671455856652e-05 2.9168802163829057e-05 2.2861795662410005e-05 1.892914212588796e-05
4689.22619456 0.00019759094071932312 6.122835782880537e-05 3.9098305766906665e-05 2.912844572861441e-05 2.2817533221126367e-05 1.8880479985272542e-05
4690.00779739 0.00020219643584264756 6.430195243531723e-05 4.1337537119430314e-05 3.096781284461445e-05 2.4363767664984772e-05 2.0238941352086347e-05
4690.78953049 0.0002009738299983485 6.407331108919602e-05 4.120803264131083e-05 3.0902629522910956e-05 2.4331842155134113e-05 2.023053519549727e-05
4691.5713939 0.00019607198283580303 6.151186025368479e-05 3.9440684367770226e-05 2.951319963491431e-05 2.3201718878728264e-05 1.92659199294686e-05
4692.35338763 0.00019223460209247768 5.966408799141899e-05 3.8175376373746005e-05 2.852164298125732e-05 2.2392190103900187e-05 1.8571735351368866e-05
4693.13551171 0.00019474277368390863 6.151698134551886e-05 3.952621264794674e-05 2.962855214735578e-05 2.331964782298962e-05 1.9383243640948505e-05
4693.91776614 0.00019798361966245112 6.301752291826176e-05 4.0555433788641916e-05 3.0416080448554988e-05 2.3953888118573054e-05 1.991698796633373e-05
4694.70015097 0.00019981692094912012 6.350296273250967e-05 4.0819313201302814e-05 3.056166683034999e-05 2.4032145034152392e-05 1.9949705648533094e-05
4695.4826662 0.00020247072612667897 6.53196771617509e-05 4.211783310071768e-05 3.160902065897722e-05 2.489962288057116e-05 2.0701735942965894e-05
4696.26531187 0.00020503905490338128 6.705560136512823e-05 4.338279024235844e-05 3.265242812886007e-05 2.5782326440139448e-05 2.1482826814558153e-05
4697.04808798 0.0002079711934887002 6.866317404118784e-05 4.451970557429776e-05 3.356151722735638e-05 2.6531205886432774e-05 2.2128852125640403e-05
4697.83099457 0.00020656291025935496 6.738511872895011e-05 4.355390990695297e-05 3.2745259746197565e-05 2.5832434736637225e-05 2.1506209865477285e-05
4698.61403165 0.00020385377708959486 6.591152368508041e-05 4.2497902313884556e-05 3.1893641090851786e-05 2.512748225375605e-05 2.0896303180039042e-05
4699.39719925 0.00019644601030069877 6.201579877162555e-05 3.979070632036843e-05 2.976477656920144e-05 2.339413152102238e-05 1.9415586297476253e-05
4700.18049739 0.00019160560604918923 5.8769061965916975e-05 3.7490362345828196e-05 2.7922078777381077e-05 2.1866227199043078e-05 1.8088570089898656e-05
4700.96392609 0.00019553994507922966 6.152026090280347e-05 3.949707924802143e-05 2.9567403040268755e-05 2.3249403113315986e-05 1.9304427449784078e-05
4701.74748538 0.00018886049831167898 5.9332346644487285e-05 3.805575006092749e-05 2.8471093030790668e-05 2.2381634909573146e-05 1.8581923964039665e-05
4702.53117526 0.0001808012167288627 5.7033507686364744e-05 3.658206195974531e-05 2.736575614330651e-05 2.1513312139579167e-05 1.786181417547039e-05
4703.31499577 0.0001808559254064749 5.9152460144092634e-05 3.8171730840085686e-05 2.8678660603028215e-05 2.260423059486113e-05 1.8809809698073278e-05
4704.09894693 0.0001720266773078055 5.630819319666627e-05 3.6272429614337385e-05 2.7226683406766466e-05 2.142588711116474e-05 1.780912191755675e-05
4704.88302876 0.0001785078344242808 5.755073157549082e-05 3.702801515574706e-05 2.7781132426227347e-05 2.1865455017700583e-05 1.8178430212000984e-05
4705.66724128 0.00019537977948933275 6.330013617538093e-05 4.086182261579775e-05 3.073393717905441e-05 2.4250114074550543e-05 2.0201960826002327e-05
4706.45158452 0.00020013024452192855 6.478245846186223e-05 4.1818319275118996e-05 3.1444702063101135e-05 2.481338853898404e-05 2.0671578108955393e-05
4707.23605849 0.00020094331456079275 6.436514795806077e-05 4.148546686549014e-05 3.1138545588898643e-05 2.4539181633940215e-05 2.041504053960602e-05
4708.02066321 0.00019225899970646694 6.0050692984640127e-05 3.850488421438659e-05 2.879653507578209e-05 2.263065839164404e-05 1.8782715054687608e-05
4708.80539871 0.00018407160321863068 5.666521522836753e-05 3.619168908926678e-05 2.701547147546022e-05 2.119813942562959e-05 1.7575888841066433e-05
4709.59026502 0.00018599159445153155 5.8049008095860726e-05 3.722623518834065e-05 2.7875057951749614e-05 2.192898501635109e-05 1.8221165160117313e-05
4710.37526214 0.00018486980801739715 5.702623962940398e-05 3.6474927185497714e-05 2.726162258873442e-05 2.141404695166953e-05 1.7770295486993e-05
4711.16039011 0.00018466116879719795 5.6049891890608715e-05 3.565896947026952e-05 2.653761041423005e-05 2.076823215321621e-05 1.717879429600726e-05
4711.94564895 0.00019223831345216352 6.0115378201586086e-05 3.8504991194813316e-05 2.878972462302672e-05 2.261690672877676e-05 1.876911250950614e-05
4712.73103867 0.0002012790685733237 6.489844663523029e-05 4.1872200347639034e-05 3.147336170915868e-05 2.4832332271303257e-05 2.0684522314943155e-05
4713.5165593 0.0002055844141592601 6.722402363378437e-05 4.350134987979981e-05 3.27681024618938e-05 2.5894752292059813e-05 2.1597226762738595e-05
4714.30221086 0.0002049668011995882 6.722946555007115e-05 4.352668179997474e-05 3.2794432157747045e-05 2.591764772487734e-05 2.161523205920724e-05
4715.08799338 0.00018875620888350163 5.9418879306688875e-05 3.809973338792394e-05 2.850663934274675e-05 2.24163410057515e-05 1.8617685704537972e-05
4715.87390687 0.0001781912784254977 5.456843118165726e-05 3.475309617887809e-05 2.5857766149442e-05 2.0254164766793657e-05 1.6764057492785598e-05
4716.65995136 0.0001843725194418403 5.752277776002409e-05 3.683890617893335e-05 2.7504707691883088e-05 2.1594467070688194e-05 1.7901677763652324e-05
4717.44612686 0.0001918979333899994 6.208709862263411e-05 4.012074465466322e-05 3.0164860625746278e-05 2.3798497901312124e-05 1.98110792342676e-05
4718.2324334 0.00019565773041551368 6.462263502256114e-05 4.193156515389353e-05 3.161849173805194e-05 2.4995567957391808e-05 2.084301045540697e-05
4719.01887101 0.00019343369053269642 6.362162409796804e-05 4.1229562174164616e-05 3.1063427651475176e-05 2.4539190708992123e-05 2.045114810978511e-05
4719.8054397 0.0001932802765310136 6.302026876565711e-05 4.077122832704844e-05 3.06956641033006e-05 2.4238160443399537e-05 2.0196419471926508e-05
4720.5921395 0.00019856054140962592 6.490618626332007e-05 4.2060422844265875e-05 3.1713160219607614e-05 2.508056791621463e-05 2.092770494619184e-05
4721.37897042 0.00020537397897317923 6.813721019905201e-05 4.426613401659498e-05 3.3441915814890964e-05 2.6481803742461413e-05 2.212163067926799e-05
4722.1659325 0.00020607268117734848 6.806630434748119e-05 4.4139732557951886e-05 3.331081515676429e-05 2.6346990654594715e-05 2.1989455255352143e-05
4722.95302574 0.00020031489259341687 6.50917629852411e-05 4.210822334282242e-05 3.172758780631432e-05 2.506993994217831e-05 2.0906935712800326e-05
4723.74025018 0.0001937044958220294 6.126960071526637e-05 3.94190989598425e-05 2.9568993718621213e-05 2.3282213624652227e-05 1.9353452745698014e-05
4724.52760583 0.00019723928907196308 6.275242175638745e-05 4.0367151657577225e-05 3.0265736302790747e-05 2.3811370286666712e-05 1.9777409743821877e-05
4725.31509272 0.00020770290919060243 6.847559542580013e-05 4.4356840272911086e-05 3.34349080223811e-05 2.6407622148207165e-05 2.2009632532046647e-05
4726.10271087 0.00021262084731260317 7.114082033985591e-05 4.624246459451438e-05 3.4947084297055294e-05 2.766032848782881e-05 2.3096809240953745e-05
4726.8904603 0.0002117756048854581 7.081329365361123e-05 4.60252308066857e-05 3.477867891152483e-05 2.753229898024687e-05 2.299469222968607e-05
4727.67834103 0.00020432229587686625 6.691225300318187e-05 4.327712824932098e-05 3.2582573696941e-05 2.5724193235380164e-05 2.1435118051922422e-05
4728.46635309 0.00018951151531125144 5.914844960113728e-05 3.7873998685000015e-05 2.829807886017095e-05 2.2215321440805234e-05 1.8419497063408806e-05
4729.25449649 0.00018314971739368918 5.546740651298318e-05 3.5325719479662105e-05 2.627395235694587e-05 2.056247607570616e-05 1.699976323200587e-05
4730.04277126 0.0001862095271895568 5.654970005304825e-05 3.604723502749703e-05 2.6840365169047887e-05 2.1021388798110197e-05 1.7393696994912863e-05
4730.83117742 0.00018728759019979692 5.698123222846972e-05 3.629716182429517e-05 2.7024062329332306e-05 2.1160043981670344e-05 1.750846488613622e-05
4731.61971499 0.00018790395975512445 5.832957310712743e-05 3.7308894214719526e-05 2.7868633800777027e-05 2.187335600269295e-05 1.813687418765778e-05
4732.408384 0.00018334819403565138 5.72044251201632e-05 3.665952566625913e-05 2.741551869416744e-05 2.154121675104063e-05 1.7876237892522402e-05
4733.19718446 0.00018278511199287586 5.6634751299201745e-05 3.6270605972786574e-05 2.7104505072572656e-05 2.1296664328966696e-05 1.767345929519668e-05
4733.9861164 0.00019210844064341165 6.093462854342432e-05 3.9191791799652975e-05 2.9379927879376694e-05 2.3131997161950843e-05 1.9230407890342345e-05
4734.77517984 0.0001915266797830535 6.087093268277357e-05 3.912718573880851e-05 2.9314652887904667e-05 2.3060448153354493e-05 1.9154246103861103e-05
4735.5643748 0.00019406932470183926 6.238878727983571e-05 4.019611346879388e-05 3.0150649035584582e-05 2.3737952451923598e-05 1.9727983785792504e-05
4736.35370131 0.00020096476383691896 6.649095297496032e-05 4.310137136943983e-05 3.247456772924988e-05 2.565925428506455e-05 2.1391260408825148e-05
4737.14315938 0.0001935141293380982 6.364533542431582e-05 4.117724481521284e-05 3.0987339471554837e-05 2.4471634442847406e-05 2.0395831223101546e-05
4737.93274903 0.00017611838255449067 5.652392872122548e-05 3.6323666206558016e-05 2.7189453627475633e-05 2.1384639415775706e-05 1.775978210261654e-05
4738.7224703 0.000176993063219895 5.668729545123808e-05 3.641269721912898e-05 2.7248523510340974e-05 2.141705932239343e-05 1.7774443008207168e-05
4739.5123232 0.00019505861324250486 6.399310734375451e-05 4.136664084840376e-05 3.112325944116457e-05 2.4557480083395508e-05 2.045088905927887e-05
4740.30230775 0.00019855150193700597 6.448358038579782e-05 4.161901316291005e-05 3.128246470277735e-05 2.4668095200175662e-05 2.0533005769157082e-05
4741.09242397 0.00019555247772076473 6.245458094108438e-05 4.017905679098523e-05 3.01235754530612e-05 2.3716096765884095e-05 1.9713459764794388e-05
4741.8826719 0.00019166078194747993 6.076104410828486e-05 3.9023443676694826e-05 2.923532208512172e-05 2.3004234105562754e-05 1.911691389180761e-05
4742.67305154 0.00018888266991445342 5.94836032550141e-05 3.817105969094522e-05 2.8591429055214054e-05 2.248184622580182e-05 1.867233076748489e-05
4743.46356292 0.00019394668526678276 6.157887333465106e-05 3.96152255738346e-05 2.9722013864548006e-05 2.339254459399518e-05 1.944118941117835e-05
4744.25420607 0.0001995017294696392 6.434021814440888e-05 4.1513175982954284e-05 3.120242915112088e-05 2.4596309948594642e-05 2.046798805787095e-05
4745.044981 0.00020138979766094414 6.574804911112948e-05 4.2524194571938275e-05 3.2011720509657676e-05 2.526694005929882e-05 2.1048517097792688e-05
4745.83588773 0.00019592876897305483 6.281267303625354e-05 4.049137308276503e-05 3.0394708425131312e-05 2.3947007739062385e-05 1.9915814904717112e-05
4746.6269263 0.0001944237114972182 6.182312873291117e-05 3.978757357066075e-05 2.9830029356631076e-05 2.3481926218581562e-05 1.9514794270458347e-05
4747.41809672 0.0001992985130350536 6.466450193768317e-05 4.180771598073842e-05 3.146641305956642e-05 2.4840872568824537e-05 2.0698420540248388e-05
4748.20939901 0.0002056783800259755 6.762140021932312e-05 4.3859755026797615e-05 3.3084898143262735e-05 2.6153783459455716e-05 2.18157083455844e-05
4749.00083319 0.0002065779064349338 6.849284424439414e-05 4.448467508315562e-05 3.358919800977779e-05 2.656661425280879e-05 2.21694964080877e-05
4749.79239929 0.0002012496739635844 6.78152046314232e-05 4.416699445030284e-05 3.3416304103129004e-05 2.647877890479297e-05 2.213183883310882e-05
4750.58409733 0.0001877317970489514 6.289441987710921e-05 4.087422307676527e-05 3.0863816121658215e-05 2.442920410136509e-05 2.03988871445043e-05
4751.37592733 0.0001905345562704871 6.41324939960866e-05 4.168109586778498e-05 3.147186633733309e-05 2.490063332188756e-05 2.0784989484726583e-05
4752.16788931 0.0001997442967686285 6.79709862859688e-05 4.431517353413006e-05 3.353958460148478e-05 2.6570564058119455e-05 2.2200820367397136e-05
4752.9599833 0.00019606100708920287 6.561000030812686e-05 4.2668200838088035e-05 3.2239049040520215e-05 2.5509650631059153e-05 2.129278839803803e-05
4753.75220932 0.00019714605234147522 6.472772104694572e-05 4.192585858504829e-05 3.159945181553627e-05 2.4954906312078793e-05 2.0798872243579925e-05
4754.54456738 0.00019983176963625176 6.544256802984961e-05 4.233527279341147e-05 3.187853595018568e-05 2.5146364953040654e-05 2.0938065860285157e-05
4755.33705751 0.00019065678453002041 6.156370468021309e-05 3.9703179617003104e-05 2.9840352036724803e-05 2.3515943628928852e-05 1.9568044910534635e-05
4756.12967974 0.0001932662895359764 6.302037999235117e-05 4.0753940323025656e-05 3.0694309352855135e-05 2.424586292725447e-05 2.021872687508733e-05
4756.92243408 0.00019552041483458164 6.407899937746531e-05 4.1489309118136e-05 3.127424666909325e-05 2.4719015641896248e-05 2.062327446583483e-05
4757.71532056 0.00019093127029134606 6.151917449922765e-05 3.969532426878956e-05 2.985224807213694e-05 2.3550497719945495e-05 1.961710548254779e-05
4758.50833919 0.00019518120872316486 6.265166969644962e-05 4.03938316982116e-05 3.0356174765483808e-05 2.3930255619229064e-05 1.9919009102480373e-05
4759.30149001 0.00019827655673411917 6.332981448748945e-05 4.076691486190293e-05 3.05940202894063e-05 2.4085153890778847e-05 2.0021745125051067e-05
4760.09477303 0.00020077017798454143 6.435882881905471e-05 4.14429931194146e-05 3.110113311612455e-05 2.4474440349741622e-05 2.033459902849281e-05
4760.88818828 0.00020212206994501685 6.521007347942263e-05 4.205286947271703e-05 3.159313850498256e-05 2.4880107968507008e-05 2.068387959263015e-05
4761.68173577 0.0002037758898364202 6.642167077263369e-05 4.293920182213381e-05 3.23197542181631e-05 2.548892481766029e-05 2.1216657129867527e-05
4762.47541553 0.00019918180401934743 6.436050976562943e-05 4.152282892575292e-05 3.12163066528083e-05 2.4591608248064446e-05 2.045134898630444e-05
4763.26922758 0.00018647725254707472 5.929305331353251e-05 3.810975125078702e-05 2.858223894087029e-05 2.2478340597957706e-05 1.8667112767032924e-05
4764.06317195 0.00018430015334535988 5.8992613735397065e-05 3.799463723884619e-05 2.85411402071603e-05 2.2480554878531457e-05 1.869203874971866e-05
4764.85724865 0.00019184592332291945 6.24060615493298e-05 4.038240108880855e-05 3.04389000366104e-05 2.403831740264014e-05 2.003048964212779e-05
4765.6514577 0.000191066142096328 6.173608189080663e-05 3.990905831194982e-05 3.0054091770122182e-05 2.372049959745174e-05 1.9754251234890494e-05
4766.44579914 0.00019101901161091504 6.114693303287085e-05 3.938662398573153e-05 2.9583340417828134e-05 2.3299194782642898e-05 1.937075228008635e-05
4767.24027298 0.0001830013997298289 5.670163453237206e-05 3.621237076801746e-05 2.70307243243203e-05 2.118230880650429e-05 1.7537644015064793e-05
4768.03487924 0.00018413068587066366 5.7045160050196166e-05 3.641886410028997e-05 2.7168410532074964e-05 2.1277708131702974e-05 1.760605067501006e-05
4768.82961794 0.0001939489341757579 6.159459715677527e-05 3.9555562152973405e-05 2.9636730432071024e-05 2.328878668496701e-05 1.932493625898387e-05
4769.62448912 0.00019303475972272358 6.08276992167044e-05 3.9040459220727755e-05 2.924070083470364e-05 2.2978834132526833e-05 1.9068569236016455e-05
4770.41949278 0.00019934742389226442 6.409630543155919e-05 4.133602032102741e-05 3.1057619227653126e-05 2.445549474844353e-05 2.032473866232279e-05
4771.21462896 0.00020595195823514643 6.795943522298888e-05 4.401966082876027e-05 3.317280075562296e-05 2.6162887478569334e-05 2.1771221097692196e-05
4772.00989766 0.00020356990270411468 6.708816194786295e-05 4.3396627538145826e-05 3.267135218784647e-05 2.5749934114217448e-05 2.141671125494585e-05
4772.80529893 0.00019324725902734782 6.2385972662133e-05 4.014945001345985e-05 3.0109329980238242e-05 2.3666183465571223e-05 1.9638565930360758e-05
4773.60083277 0.00018536955837471526 5.844425247221033e-05 3.744361227003261e-05 2.7995471925061115e-05 2.1953944538519628e-05 1.8182602342204536e-05
4774.39649921 0.00018945221410571165 5.998744841596027e-05 3.850037145648728e-05 2.8838110238930493e-05 2.2646929670281353e-05 1.8781638582713508e-05
4775.19229828 0.00020456028031749814 6.729709632292987e-05 4.356222862110118e-05 3.2829910796417155e-05 2.5897954492728646e-05 2.155862618252031e-05
4775.98822999 0.00020954476063110797 6.985772901241503e-05 4.5359596997835936e-05 3.425680110480901e-05 2.7059361626330175e-05 2.2547808592775598e-05
4776.78429436 0.0002012521935917167 6.604364027808677e-05 4.274779563621588e-05 3.219972825896154e-05 2.538620576168484e-05 2.1115574675392126e-05
4777.58049143 0.00019788441096209964 6.423198521085017e-05 4.144309887459325e-05 3.114060267166476e-05 2.4506969358963916e-05 2.0353890588566377e-05
4778.3768212 0.00020561764819498316 6.793091820726273e-05 4.397756517984941e-05 3.313522394282954e-05 2.612543935341723e-05 2.1736857915103735e-05
4779.17328371 0.0002079874894260114 6.889186305927285e-05 4.462525102119446e-05 3.363367184037065e-05 2.652110836792901e-05 2.2066853083188974e-05
4779.96987897 0.00020561664468870503 6.761977778566944e-05 4.372125934993851e-05 3.290337319344305e-05 2.5911159620349615e-05 2.15334979800814e-05
4780.76660701 0.00019739843381024694 6.442303273544137e-05 4.1603724090303784e-05 3.1282553150024344e-05 2.4626794054391926e-05 2.0461270779512883e-05
4781.56346784 0.00019633942440002737 6.450164942705912e-05 4.1725188049687304e-05 3.141202972223425e-05 2.4756643614176563e-05 2.05882922588669e-05
4782.3604615 0.00020014904284363668 6.532276218034214e-05 4.217828342902943e-05 3.169549739506976e-05 2.494310929370554e-05 2.0714157826114243e-05
4783.15758801 0.00019892198396028338 6.397923980361547e-05 4.117955633497072e-05 3.086800023476328e-05 2.4243726364946677e-05 2.0098031692348022e-05
4783.95484737 0.0001936920003386518 6.170274818666906e-05 3.963365275723002e-05 2.9680725790460684e-05 2.3293694180011737e-05 1.930216843953097e-05
4784.75223963 0.0001876456739414853 5.9135060301477443e-05 3.786749846649901e-05 2.8303798605635252e-05 2.217352286054196e-05 1.8348278829644972e-05
4785.54976479 0.00019977632897405962 6.436276488295867e-05 4.144848724932555e-05 3.1098903359694164e-05 2.4425689018948648e-05 2.025396623775387e-05
4786.34742289 0.0002058193637911252 6.68479523216548e-05 4.3144143118660714e-05 3.241791754905597e-05 2.5490965219227202e-05 2.1156419931714637e-05
4787.14521394 0.0001947797562634163 6.20406978897966e-05 3.985013292490574e-05 2.9847450214731053e-05 2.3426507571663735e-05 1.941483932223596e-05
4787.94313797 0.00018272673124961162 5.661798212255628e-05 3.614382402470084e-05 2.6960292641636475e-05 2.110138885922424e-05 1.744890050318183e-05
4788.741195 0.00019019151557443325 5.970629394700437e-05 3.821275625970388e-05 2.8551670307881444e-05 2.236502211222733e-05 1.8504414807508123e-05
4789.53938504 0.00019385493628023374 6.127178102352265e-05 3.9255841208831375e-05 2.9357737419610937e-05 2.3008673249463236e-05 1.9046141276632517e-05
4790.33770813 0.00018550205926865608 5.7514564854156245e-05 3.671268545349828e-05 2.739237229987018e-05 2.1436788635515053e-05 1.7725280379652005e-05
4791.13616429 0.00018484638711271546 5.732380357439051e-05 3.660500410208245e-05 2.7303057336342044e-05 2.1366853629347362e-05 1.766484815055474e-05
4791.93475353 0.0001929400052956638 6.096777396152971e-05 3.907727268763046e-05 2.9204410394244525e-05 2.28906851138896e-05 1.894565281633696e-05
4792.73347588 0.00019509914713768193 6.21504007539263e-05 3.992103828724489e-05 2.989599636791956e-05 2.347033804130155e-05 1.9454645044542977e-05
4793.53233136 0.00019110031534459116 6.078561359554182e-05 3.904672239606015e-05 2.9264036528049282e-05 2.2995263599851727e-05 1.9080355431430385e-05
4794.33132 0.00019540245136168017 6.313122906269342e-05 4.066380863416171e-05 3.05298846825742e-05 2.401733019518275e-05 1.9946456388552667e-05
4795.13044181 0.00020452813245414324 6.771262511733172e-05 4.383561823508958e-05 3.301552872662096e-05 2.602417384290871e-05 2.1645368351220447e-05
4795.92969682 0.000208030503729359 6.96794108019862e-05 4.522720096410117e-05 3.412895776896555e-05 2.694263986657455e-05 2.2438914634288244e-05
4796.72908505 0.00020723551301456928 6.947879011942231e-05 4.5112324968924957e-05 3.4054998397261135e-05 2.689718116752964e-05 2.2412468629069166e-05
4797.52860652 0.00020103354580160767 6.605003687316626e-05 4.273923075610005e-05 3.217108538430595e-05 2.5362410561982214e-05 2.1099223925171417e-05
4798.32826126 0.00019827468031729584 6.465323066091159e-05 4.179199608762044e-05 3.1434571917456554e-05 2.477430726517136e-05 2.0605286622106105e-05
4799.12804928 0.00019170670961203651 6.168380234597822e-05 3.976101688459125e-05 2.9855147527846335e-05 2.3507238779111366e-05 1.953761657799292e-05
4799.92797061 0.0001864140884096327 5.916735726265291e-05 3.800447829122021e-05 2.8462406137079296e-05 2.2369002943143236e-05 1.8561379278374628e-05
4800.72802528 0.00018790574457151781 5.9832016794837784e-05 3.840299453828163e-05 2.874654524344386e-05 2.2574452828570926e-05 1.8720034510392577e-05
4801.5282133 0.00018427662701117 5.830868597584244e-05 3.735764840563409e-05 2.7933930079968762e-05 2.1920854649994584e-05 1.817039850264474e-05
4802.32853469 0.00018542494906340914 5.894685860589065e-05 3.784155909754589e-05 2.8345372269839437e-05 2.227551720042796e-05 1.8489136609976124e-05
4803.12898948 0.00019346834088789086 6.277557980737012e-05 4.0495607802939764e-05 3.0437862315737895e-05 2.397608251615813e-05 1.993922822362078e-05
4803.92957769 0.00019639211965764006 6.444981088397136e-05 4.1672468984243784e-05 3.137868589001186e-05 2.4753091625391717e-05 2.0611330663275294e-05
4804.73029935 0.00020017125630077508 6.661242704891383e-05 4.320617995134822e-05 3.260853685581121e-05 2.5770853977450653e-05 2.149168617435012e-05
4805.53115447 0.00020014106727514147 6.702003267329489e-05 4.355228094556089e-05 3.290811008173291e-05 2.602927884328692e-05 2.1719109622719414e-05
4806.33214307 0.00019199604892584403 6.351934292312124e-05 4.1201264204490026e-05 3.1082810882468205e-05 2.4552950415349297e-05 2.046025248617931e-05
4807.13326519 0.0001938652144127617 6.33328766844228e-05 4.098442519876992e-05 3.085813101298501e-05 2.4335850636047694e-05 2.0249193608271876e-05
4807.93452084 0.00019660584744906655 6.375000454350319e-05 4.117542975425913e-05 3.096266788350491e-05 2.4398842802708376e-05 2.029012769617326e-05
4808.73591004 0.00019301683576661188 6.156519192562013e-05 3.9566934452600246e-05 2.9646626992305277e-05 2.329978858958455e-05 1.9334154445776546e-05
4809.53743281 0.0001909342450283004 6.057959530222676e-05 3.8874004124611806e-05 2.909226405356983e-05 2.2847027813356544e-05 1.8946145979136512e-05
4810.33908919 0.00019324760280396372 6.20699909910486e-05 3.9963269706163703e-05 2.9984899446945946e-05 2.3594558077185743e-05 1.9599437294635114e-05
4811.14087918 0.00019495358518677565 6.38612185920103e-05 4.130967145927789e-05 3.111837856939879e-05 2.4555315945967737e-05 2.04486763510453e-05
4811.94280282 0.00019208964320417942 6.31911737655058e-05 4.093576549280203e-05 3.0873453375625854e-05 2.438472872990697e-05 2.0322408341097277e-05
4812.74486013 0.0001949385108227047 6.449065671314491e-05 4.1811612482615545e-05 3.153649334247127e-05 2.490472800546449e-05 2.0749474093721493e-05
4813.54705112 0.00019627599223851465 6.519233691204726e-05 4.2298004772680705e-05 3.1912239036090437e-05 2.520630160714697e-05 2.1002236147866967e-05
4814.34937582 0.00019589790525197828 6.45912223531143e-05 4.181339004746756e-05 3.149863908113705e-05 2.4854743677310572e-05 2.069422276869098e-05
4815.15183425 0.00019664653768967452 6.440316214978421e-05 4.1602687678765094e-05 3.1288266450678046e-05 2.4660244657830905e-05 2.051357149764536e-05
4815.95442644 0.00019540587702592213 6.339263338175676e-05 4.087596637306046e-05 3.068426746201377e-05 2.4151046277901043e-05 2.006393933453749e-05
4816.7571524 0.00019345360874934922 6.212575782654898e-05 3.999825994394298e-05 2.9980751209140185e-05 2.356876359758089e-05 1.9556565728778734e-05
4817.56001216 0.00019489120309180614 6.33120184059451e-05 4.088154767695214e-05 3.072334506610903e-05 2.4199786101039846e-05 2.0115547624998194e-05
4818.36300574 0.00019850343075132008 6.604068964359498e-05 4.2821962460487626e-05 3.2301651811214664e-05 2.5513390459107956e-05 2.1262560176047842e-05
4819.16613317 0.00019938135491980602 6.682705585211738e-05 4.335583484481497e-05 3.27244347973709e-05 2.5858437305450178e-05 2.1560304411242043e-05
4819.96939446 0.00020064188278948414 6.741913886045165e-05 4.377288754123325e-05 3.3052604242465275e-05 2.61242669137898e-05 2.178568537718417e-05
4820.77278964 0.00020032006187116561 6.71428806091285e-05 4.3561175383643425e-05 3.286985946551199e-05 2.5963134160261326e-05 2.1638299731172325e-05
4821.57631873 0.00019596413990289935 6.512445681681434e-05 4.2146254514281286e-05 3.174422755297529e-05 2.5046161468156903e-05 2.0855765097597723e-05
4822.37998176 0.00019506648720518075 6.473597122370382e-05 4.189853015099759e-05 3.156171899334868e-05 2.490901015254053e-05 2.074727807463874e-05
4823.18377873 0.0001962631508020234 6.531868140662516e-05 4.231781088649704e-05 3.1898863057656787e-05 2.518156919768802e-05 2.097713032518883e-05
4823.98770969 0.00018753294829347396 6.140801505944844e-05 3.964951055303508e-05 2.980712574022072e-05 2.3482361470881374e-05 1.9525415047660466e-05
4824.79177465 0.000174097809913685 5.6190652951737284e-05 3.6172502160129104e-05 2.7130822494345455e-05 2.1336235357312348e-05 1.7712430630607158e-05
4825.59597362 0.00017785298062478875 5.888396396787652e-05 3.8112239947455375e-05 2.8690808565770878e-05 2.262488056817936e-05 1.882490569188101e-05
4826.40030664 0.00019010139835561266 6.46747114483868e-05 4.206550699124954e-05 3.177150075296466e-05 2.5120022124101528e-05 2.0947085278445866e-05
4827.20477373 0.0001960603700089376 6.73269666946764e-05 4.386051659974137e-05 3.3167194170177125e-05 2.624642936378607e-05 2.1902934270286136e-05
4828.00937491 0.00019703329840371027 6.702508227336752e-05 4.3567466973498686e-05 3.288433894523091e-05 2.5978361099092157e-05 2.164547123061802e-05
4828.8141102 0.00019372885063071878 6.45741270789735e-05 4.1794951525029715e-05 3.143160599810058e-05 2.4756458917212115e-05 2.057036792647287e-05
4829.61897962 0.00019116800889444453 6.353159577464103e-05 4.1109687592088595e-05 3.0937484874627345e-05 2.4385480516213853e-05 2.0283135206368822e-05
4830.4239832 0.0001866829722404069 6.181636587946642e-05 3.99543742391743e-05 3.0072392457662833e-05 2.3710841443681007e-05 1.9734603259030093e-05
4831.22912096 0.00019372015544812321 6.581690403112864e-05 4.2752711499055365e-05 3.229444733633347e-05 2.5530290460424587e-05 2.129634151250843e-05
4832.03439291 0.00019440201590914904 6.639374201755551e-05 4.318014621930746e-05 3.2633477605907315e-05 2.5808260795578354e-05 2.1532111099291096e-05
4832.83979909 0.00018600155333641001 6.120520614282088e-05 3.9485943482869514e-05 2.9631896275427727e-05 2.3306722212216406e-05 1.9345272550985943e-05
4833.64533952 0.00018337841718859413 5.920813295075074e-05 3.805362069172421e-05 2.8462357754728822e-05 2.2332396050223384e-05 1.849340375496846e-05
4834.45101421 0.00018636304310905928 6.170004807174765e-05 3.990209040817946e-05 3.0009812780793857e-05 2.365523545913404e-05 1.9674325734212388e-05
4835.2568232 0.00018872584709357697 6.374040826248524e-05 4.1362450093229595e-05 3.12041292981302e-05 2.4657273905655265e-05 2.05575793126573e-05
4836.0627665 0.00018531642939081903 6.224343610239097e-05 4.030574840943523e-05 3.036644083965846e-05 2.397152751963814e-05 1.9972442832664748e-05
4836.86884413 0.0001809169868003208 6.039211710937432e-05 3.90916885793195e-05 2.9434929483764407e-05 2.3227483775494453e-05 1.9344183452539346e-05
4837.67505612 0.00018405175420189721 6.218511807160822e-05 4.038053465408687e-05 3.045873072098927e-05 2.4062140093132015e-05 2.005246648521441e-05
4838.48140249 0.0001931932950745239 6.671619616257039e-05 4.34885855125584e-05 3.289514564159877e-05 2.6031669589330693e-05 2.172579459128801e-05
4839.28788326 0.00018976256612167607 6.47199712228034e-05 4.2054556514761074e-05 3.174605216679945e-05 2.5087256861916166e-05 2.0915897934203255e-05
4840.09449846 0.00018001334515100532 5.9706300330819297e-05 3.8563974640254886e-05 2.8995765901587936e-05 2.2853934656354583e-05 1.901493526690788e-05
4840.9012481 0.0001726775146878548 5.611894274086604e-05 3.608160888360785e-05 2.704084199138806e-05 2.126830244436847e-05 1.7664743700297704e-05
4841.70813221 0.00017360342713463827 5.698660165391968e-05 3.6667006669037684e-05 2.7493248725994156e-05 2.1628162862782664e-05 1.7966244333334388e-05
4842.51515082 0.00018161829214157827 6.156919989560585e-05 3.985595498840881e-05 3.0001362910276323e-05 2.366058078089961e-05 1.9693382156747754e-05
4843.32230394 0.00018203042143103855 6.224528416398246e-05 4.0382681659766855e-05 3.0437035118707903e-05 2.402803481324483e-05 2.001426339318683e-05
4844.12959159 0.00017084224461248453 5.6716238103481176e-05 3.656601691074588e-05 2.7438792717208242e-05 2.1596478453022987e-05 1.7945274685520954e-05
4844.93701381 0.00016715154222479137 5.462234349080415e-05 3.5086152816315384e-05 2.6245613228695644e-05 2.0611441295690148e-05 1.7092714545505208e-05
4845.74457061 0.00017519667770677725 5.91003149869518e-05 3.8223347962099506e-05 2.873220897496055e-05 2.263719532959558e-05 1.882214363185525e-05
4846.55226201 0.0001763073055249661 6.056394962889752e-05 3.932144075636875e-05 2.964909240086732e-05 2.342066789321358e-05 1.9520040196360664e-05
4847.36008803 0.00017328536753965978 5.94747642646507e-05 3.8602493960847724e-05 2.9092320415076502e-05 2.2975012153129305e-05 1.914351739162327e-05
4848.16804871 0.00017459328920767884 6.0660548384063405e-05 3.948201223014367e-05 2.9800846881952e-05 2.355340810019148e-05 1.963433403257189e-05
4848.97614406 0.0001723145419929575 6.0911982476960397e-05 3.98108848221447e-05 3.0132062166096207e-05 2.3865431936626876e-05 1.9927224035378063e-05
4849.7843741 0.00016666930461242257 5.890365906046241e-05 3.8499510144050455e-05 2.913440923892424e-05 2.307880421455863e-05 1.927112223464958e-05
4850.59273886 0.00017187761119955526 6.176399414791668e-05 4.048156050012422e-05 3.0703764885885214e-05 2.4363786376954158e-05 2.037575142567991e-05
4851.40123835 0.00017999905511240585 6.660584397466066e-05 4.388109263422635e-05 3.3412160552131565e-05 2.6576990441159854e-05 2.2273179583870905e-05
4852.20987261 0.00017537008685922174 6.425739223430235e-05 4.219021072721538e-05 3.202519471393401e-05 2.540405770761143e-05 2.123705171837118e-05
4853.01864165 0.0001637616311784929 5.830794555471678e-05 3.800185278103808e-05 2.867052112341068e-05 2.2643592531545944e-05 1.8856909141584085e-05
4853.8275455 0.00016319041209569642 5.9184864469602857e-05 3.874760253532437e-05 2.93455215498361e-05 2.325208257553328e-05 1.9421542069078808e-05
4854.63658417 0.00016817511125892068 6.327609376081672e-05 4.177141719260619e-05 3.182960673054553e-05 2.533318560899928e-05 2.123949143885007e-05
4855.4457577 0.00016380483395058164 6.202757695751504e-05 4.104582371978303e-05 3.132146369138714e-05 2.495681303612984e-05 2.0940569469807816e-05
4856.2550661 0.0001468947634587235 5.402174548314712e-05 3.558720838211591e-05 2.7068577666969908e-05 2.152636342094154e-05 1.8031524263275683e-05
4857.0645094 0.00013743174604529022 5.0387076545285664e-05 3.31432491115466e-05 2.5179304740383092e-05 2.0013040227257668e-05 1.675560987872107e-05
4857.87408761 0.00014622465779958152 5.646369432412752e-05 3.7492670551667665e-05 2.8669026956917485e-05 2.2881911352296275e-05 1.9223627755843234e-05
4858.68380077 0.00014928534355315693 5.933731477497472e-05 3.962621223012377e-05 3.0422960574400262e-05 2.4346553067396138e-05 2.0501086941437623e-05
4859.49364889 0.00014424072107575422 5.821914150869526e-05 3.9014954479601363e-05 3.0014238223622775e-05 2.405635623737645e-05 2.028064947601929e-05
4860.30363199 0.00013245125046372475 5.376674494527325e-05 3.607178417762232e-05 2.7759178897114533e-05 2.2251583785180114e-05 1.8758433236399283e-05
4861.1137501 0.00011602229710926492 4.757495022165336e-05 3.201248902547379e-05 2.469628722584948e-05 1.9832025937625036e-05 1.6745697284544584e-05
4861.92400325 9.854423835574183e-05 4.203431228549608e-05 2.862645543318088e-05 2.229119374022399e-05 1.8046359867473148e-05 1.534476820624715e-05
4862.73439145 8.777593340688024e-05 3.832864106659388e-05 2.627579120363775e-05 2.056409647038653e-05 1.6725789070667777e-05 1.4278859051481872e-05
4863.54491472 0.00010483506542988858 4.5180302105543304e-05 3.077206239284022e-05 2.3957036133740925e-05 1.9392458219513423e-05 1.648821968724027e-05
4864.35557309 0.00012252685715222176 5.102252339558624e-05 3.4432338704089954e-05 2.6612640728210074e-05 2.141497750586899e-05 1.811473755566519e-05
4865.16636659 0.00012726906888662278 5.052067993156271e-05 3.376770748356632e-05 2.589276044820307e-05 2.071228498122376e-05 1.7426333106930862e-05
4865.97729522 0.00013531535529370966 5.29075437564851e-05 3.525144742920428e-05 2.696344754341248e-05 2.1521878977660316e-05 1.8071052285265653e-05
4866.78835902 0.00014558873758148717 5.704722010939058e-05 3.804224588480596e-05 2.9154426467548595e-05 2.3303550776431123e-05 1.9596891829068426e-05
4867.59955802 0.00015076485790761947 5.8449903202439986e-05 3.886813625601597e-05 2.9753107552340407e-05 2.376312834183181e-05 1.997655919874296e-05
4868.41089222 0.00015348648693488167 5.8437476796045025e-05 3.8639496373204184e-05 2.9446215566161132e-05 2.3442019780059254e-05 1.9653165570844707e-05
4869.22236165 0.000150761563139273 5.517131692986875e-05 3.6129274768580866e-05 2.7327870655275345e-05 2.1635212353174174e-05 1.8051444806771362e-05
4870.03396635 0.00015700689301448938 5.7697322114157437e-05 3.7836160511164325e-05 2.8659424728341098e-05 2.271183637521085e-05 1.8967839246654265e-05
4870.84570632 0.00016404772146551665 6.09689566573131e-05 4.008491420331344e-05 3.0436412654332652e-05 2.4159649868540448e-05 2.0208766062043116e-05
4871.65758159 0.00015694423980773238 5.646460336015202e-05 3.6798091794569154e-05 2.7775927824065527e-05 2.1939845753137644e-05 1.8279995795335874e-05
4872.46959218 0.00014263877370987793 4.846488463109881e-05 3.1095328611911445e-05 2.3218463052406786e-05 1.8175403030745467e-05 1.5033616235720062e-05
4873.28173813 0.00014404771863464085 4.8565334031648465e-05 3.110957042819559e-05 2.3209232856924502e-05 1.815099676608879e-05 1.5002446133692632e-05
4874.09401944 0.00015896469476760263 5.551815217221798e-05 3.600972244074362e-05 2.710681778125306e-05 2.1369346219285864e-05 1.7778548660571184e-05
4874.90643614 0.0001657987690958478 5.870029593804902e-05 3.833493345931533e-05 2.899539104586714e-05 2.296879775382507e-05 1.9184030723918182e-05
4875.71898826 0.00016855125563952877 5.942428717352833e-05 3.879881656306382e-05 2.9336312695863308e-05 2.323396230986515e-05 1.9400399533618226e-05
4876.53167581 0.00016734442853124992 5.7569503887746385e-05 3.732773103460361e-05 2.8077934041965242e-05 2.2140044928305544e-05 1.84186361262095e-05
4877.34449882 0.00016510455411920588 5.7318831100461755e-05 3.730305338382265e-05 2.8146887764144272e-05 2.2257030649674327e-05 1.8561459626863507e-05
4878.15745732 0.00017159746820188048 6.15484214612769e-05 4.0374266367329266e-05 3.065685300754978e-05 2.435804062680092e-05 2.039867640357681e-05
4878.97055132 0.00017180664386989494 6.076109893717881e-05 3.9658830149663006e-05 3.0012456758489572e-05 2.3764663724369087e-05 1.9846482833850954e-05
4879.78378084 0.00017258072530390532 6.068922334693665e-05 3.9543331253888696e-05 2.98957863412245e-05 2.364802554154212e-05 1.9733863744788708e-05
4880.59714592 0.0001878509781974505 6.770029465611965e-05 4.44081253807343e-05 3.3738405314147304e-05 2.6793679789090293e-05 2.243353431207283e-05
4881.41064657 0.00019193913405054366 6.837960978286465e-05 4.482433970983674e-05 3.403044556160156e-05 2.7011257450761636e-05 2.2602661377296772e-05
4882.22428281 0.0001833471288584341 6.2732757440591e-05 4.0742671833283054e-05 3.071567068797188e-05 2.4249297726789627e-05 2.019800341919483e-05
4883.03805467 0.00017317083987822144 5.732056809949721e-05 3.6907953529698163e-05 2.7656591779559367e-05 2.174276870708112e-05 1.8049526258514566e-05
4883.85196217 0.00017871333987352916 6.0932506384209316e-05 3.959124532958497e-05 2.9877247022672376e-05 2.36258886210566e-05 1.9711009633491404e-05
4884.66600533 0.0001835826083785583 6.457090148437334e-05 4.2316641401985946e-05 3.2138460271226355e-05 2.554019466071804e-05 2.1395297889937335e-05
4885.48018418 0.00018118434786595472 6.347306524367116e-05 4.1561209086686974e-05 3.154701127714595e-05 2.506081957089091e-05 2.098723859231126e-05
4886.29449873 0.0001748637924792893 5.8761897149705886e-05 3.809255979264384e-05 2.870800424293272e-05 2.2673782399141654e-05 1.8896787107245914e-05
4887.10894902 0.00016771464263686163 5.41515835939102e-05 3.479230744225899e-05 2.605654618719767e-05 2.0479245888896465e-05 1.6999520706389266e-05
4887.92353506 0.0001653882462640314 5.293526054831721e-05 3.397744070894555e-05 2.543777955670844e-05 1.9994340632600155e-05 1.660108452236091e-05
4888.73825687 0.00016582485918743313 5.304829132862584e-05 3.3999094181240895e-05 2.541887529917302e-05 1.9957754757334867e-05 1.6554558453418123e-05
4889.55311448 0.00016515705940591606 5.386556734555993e-05 3.464964121570568e-05 2.5965203888780238e-05 2.0424020096846797e-05 1.696616478931193e-05
4890.36810792 0.00016530419029015463 5.515326166679763e-05 3.568467713413132e-05 2.6867432946449337e-05 2.1209511030778637e-05 1.767416973314634e-05
4891.18323719 0.0001740404852235836 5.9150967008492826e-05 3.836638485134178e-05 2.8934425077452622e-05 2.2849479407765213e-05 1.904556638933083e-05
4891.99850234 0.0001570397439594602 5.077695814279957e-05 3.2444466929847194e-05 2.4202135339280306e-05 1.8938829496726746e-05 1.5668863475686358e-05
4892.81390337 0.00015305957538433532 4.8019367331811035e-05 3.0410708665402228e-05 2.2547559239709445e-05 1.75584464244105e-05 1.4471668173997233e-05
4893.62944031 0.00017477850793765705 5.8348060619610444e-05 3.764272856411004e-05 2.8284818628539514e-05 2.2266661337033988e-05 1.8514427079300865e-05
4894.44511319 0.0001848839592250562 6.40174159378841e-05 4.1796875584535666e-05 3.166620275302841e-05 2.5102347251545604e-05 2.0986492967607557e-05
4895.26092202 0.0001908721639034369 6.771023926257305e-05 4.4472361709508764e-05 3.383407866814173e-05 2.6918878818589693e-05 2.2572505082698068e-05
4896.07686684 0.00019787651999474153 7.112520305355197e-05 4.6787293693637516e-05 3.564310476494429e-05 2.838834019456823e-05 2.383014334565808e-05
4896.89294765 0.0002017191021144463 7.239659180382978e-05 4.7581290848966355e-05 3.6234528725673804e-05 2.8846245842592887e-05 2.4207972463642687e-05
4897.70916449 0.0002006297948814992 7.131306015324179e-05 4.677856000602674e-05 3.557660874769705e-05 2.8296717486220503e-05 2.372983815329001e-05
4898.52551738 0.0001995875595593925 7.11503229230924e-05 4.6705645479494766e-05 3.553579301701018e-05 2.8274267059240567e-05 2.3717194550175673e-05
4899.34200634 0.00019620573366015652 7.08412763150374e-05 4.661136800646058e-05 3.551161989272084e-05 2.828268563552543e-05 2.374061122407035e-05
4900.15863139 0.00018761566217372622 6.768862783696583e-05 4.453114040309046e-05 3.3897298275053376e-05 2.6979053551409465e-05 2.2626775346024197e-05
4900.97539256 0.00017385183740875552 6.058613885595204e-05 3.962369880140132e-05 3.0012437117477217e-05 2.3799378166729506e-05 1.9890900304782908e-05
4901.79228986 0.00017560107304867708 5.99285937640676e-05 3.9063408742448974e-05 2.9534878619825108e-05 2.3388786327032913e-05 1.9529079631190716e-05
4902.60932333 0.00018747068274807194 6.428521066665529e-05 4.192990639993413e-05 3.174119311018688e-05 2.516198754837561e-05 2.1036612877260952e-05
4903.42649298 0.00018865561701777325 6.446564723153605e-05 4.199634439238371e-05 3.1775681057950216e-05 2.518294600348816e-05 2.1054176995735385e-05
4904.24379883 0.0001805945209301948 6.0508797123135644e-05 3.922113984587844e-05 2.95736432638198e-05 2.33696174995536e-05 1.9492073234729942e-05
4905.06124092 0.00017710195775456233 5.854465456205506e-05 3.785703038531189e-05 2.849641438845464e-05 2.2484725429110418e-05 1.873017129275901e-05
4905.87881926 0.00018329833984735615 6.152678057729735e-05 3.9959845954260806e-05 3.0180095908655772e-05 2.38803808026046e-05 1.9940630424719442e-05
4906.69653387 0.00019323651229234258 6.723564077684658e-05 4.3970515779397756e-05 3.337212816017886e-05 2.6508117842867755e-05 2.220607311716254e-05
4907.51438477 0.00019472970120245188 6.914246996421064e-05 4.538721406254149e-05 3.452349111977389e-05 2.7469412822637976e-05 2.3040407444192087e-05
4908.332372 0.00017877849346122041 6.292373225508114e-05 4.12421019066146e-05 3.130057798039029e-05 2.487224541730312e-05 2.0831747011723604e-05
4909.15049557 0.00016014394009123266 5.702044651716132e-05 3.7477958746064676e-05 2.8464928127630673e-05 2.2635237816609148e-05 1.8961236824148173e-05
4909.96875551 0.00016136946097128888 5.781620892459893e-05 3.807058170369662e-05 2.8956144226330848e-05 2.3038473995763692e-05 1.9307288374596243e-05
4910.78715183 0.00016585310969301206 5.7179503583957245e-05 3.733195602649253e-05 2.8267073795679147e-05 2.2412204550225047e-05 1.8739651885690398e-05
4911.60568457 0.00015772292495966103 5.340840960213154e-05 3.473553553783206e-05 2.6253106002421678e-05 2.0799520945132445e-05 1.7387722476464205e-05
4912.42435373 0.00015969562596815595 5.51436800290125e-05 3.603485444814555e-05 2.7314178576527155e-05 2.1698251011497413e-05 1.8176539699076354e-05
4913.24315936 0.0001720656522304256 5.893392506126989e-05 3.844549212101521e-05 2.910953515194641e-05 2.3106826581242667e-05 1.93460158102619e-05
4914.06210146 0.0001837451595706707 6.274695049005919e-05 4.087953523319979e-05 3.0933657365739225e-05 2.45335395170219e-05 2.0527743252890148e-05
4914.88118007 0.00018441348840046967 6.307952706844797e-05 4.108716270997647e-05 3.108558459705953e-05 2.464192256712281e-05 2.060784022136561e-05
4915.7003952 0.00018278132176865078 6.445747956598368e-05 4.227738291794518e-05 3.212309355297106e-05 2.5546173808284726e-05 2.1415154126776816e-05
4916.51974687 0.0001868498848935212 6.728805254694451e-05 4.4316677668745454e-05 3.375421631362712e-05 2.6886724738890286e-05 2.2565394657129224e-05
4917.33923512 0.00019296618427232852 6.877241351997884e-05 4.5172186698889185e-05 3.4359417422246285e-05 2.7337212703487554e-05 2.2927010652108155e-05
4918.15885996 0.00019310774008672276 6.763640043912267e-05 4.425928787422409e-05 3.359700801155548e-05 2.669279390765782e-05 2.236633963996771e-05
4918.97862141 0.00018440090528221048 6.247595477440678e-05 4.0601752519622394e-05 3.0682002136573716e-05 2.4296718664034545e-05 2.0307231177106775e-05
4919.79851951 0.00016937496391178453 5.48300782679451e-05 3.521090258513342e-05 2.638440639430461e-05 2.0749402174913988e-05 1.7245293672412975e-05
4920.61855426 0.00016437445106157165 5.173776162439958e-05 3.289485608390905e-05 2.445258870920115e-05 1.908760521960156e-05 1.5761080593264162e-05
4921.4387257 0.00016184296379032412 4.974973159127308e-05 3.1414125270100026e-05 2.3222465527424432e-05 1.8040980701003485e-05 1.4833274135033655e-05
4922.25903384 0.00016586435537581037 5.169207166393408e-05 3.282281533049986e-05 2.4369858118056684e-05 1.9008588611066024e-05 1.568235355419674e-05
4923.07947872 0.00018051152546994165 5.919241572211949e-05 3.816384646125712e-05 2.865667681917047e-05 2.2563432894801244e-05 1.876153537756521e-05
4923.90006034 0.0001861771861474309 6.333406904952852e-05 4.124453879350001e-05 3.120656062038042e-05 2.47309774331711e-05 2.0679059854748253e-05
4924.72077875 0.00018149210141546766 6.33212228437341e-05 4.1517016380551025e-05 3.1574907228541e-05 2.5140560104531725e-05 2.110752332637976e-05
4925.54163394 0.00017095947486978096 5.816439982229962e-05 3.7987381485190436e-05 2.88122853241855e-05 2.2905174209922782e-05 1.9205759269065267e-05
4926.36262596 0.00017500822891981866 5.702222182486236e-05 3.688137567187502e-05 2.7757434791778067e-05 2.1926383955506644e-05 1.8281461013932873e-05
4927.18375483 0.0001875229354857729 6.201233964979543e-05 4.019919316985032e-05 3.0283944252205477e-05 2.392584877102425e-05 1.9947634778864178e-05
4928.00502056 0.00019206624174575459 6.524466623493648e-05 4.249722025991521e-05 3.214053358561962e-05 2.5473736118577584e-05 2.1301149087271166e-05
4928.82642318 0.00018644168624747025 6.288917481378533e-05 4.089287117214209e-05 3.090521107429292e-05 2.4489866756093848e-05 2.0479753026605628e-05
4929.64796271 0.00019012688262188892 6.469319113309267e-05 4.213840739412092e-05 3.188556459018335e-05 2.5277792735072246e-05 2.1143460311974278e-05
4930.46963917 0.0001979255992484522 6.902318466308007e-05 4.519246407487161e-05 3.43247597616711e-05 2.728297964156226e-05 2.28696291720393e-05
4931.29145259 0.00019371215829974597 6.694037564046095e-05 4.3778013737196825e-05 3.322400045204589e-05 2.640424121428544e-05 2.2132067030043487e-05
4932.113403 0.00019352601782073202 6.713086632687217e-05 4.394873423893368e-05 3.337773192465251e-05 2.6541899247274553e-05 2.2258761932835428e-05
4932.9354904 0.00019552220887140151 6.93821577440979e-05 4.561712199892887e-05 3.473891709641102e-05 2.7672993899311985e-05 2.323940248907294e-05
4933.75771483 0.00018818800402007057 6.583281475658243e-05 4.3170083330350956e-05 3.281341035846003e-05 2.6106546755185933e-05 2.1901472567026105e-05
4934.58007631 0.00017023927772539613 5.6361507388770455e-05 3.6574266497704485e-05 2.7612056882162974e-05 2.1866901939582466e-05 1.827740981750739e-05
4935.40257487 0.00016394600790549624 5.392428957578982e-05 3.49422358932151e-05 2.63574433684343e-05 2.0851015215935883e-05 1.7410801512511913e-05
4936.22521051 0.00018274050994887068 6.290577127664011e-05 4.109701089626627e-05 3.1165778797528546e-05 2.4737714114689423e-05 2.0709843167718172e-05
4937.04798328 0.00018778835812484213 6.510758216670468e-05 4.258497567799456e-05 3.2319678013217375e-05 2.5679468698010774e-05 2.1520083649216925e-05
4937.87089318 0.00018048585673686483 6.207485132630642e-05 4.053635885125866e-05 3.072460792941513e-05 2.4402388243255952e-05 2.0445821587639676e-05
4938.69394025 0.00017315545615162437 5.784783684474839e-05 3.757400281873688e-05 2.836665405094984e-05 2.2464032076579447e-05 1.87751854368114e-05
4939.5171245 0.0001664176651297988 5.3031006249640346e-05 3.4081405032061866e-05 2.5538955284089468e-05 2.009612159097883e-05 1.6704675673668384e-05
4940.34044597 0.00016392439969077228 5.183316843985722e-05 3.3214804472195745e-05 2.4850626992456758e-05 1.952017029961747e-05 1.6203618677614768e-05
4941.16390466 0.00017758387954382372 5.85815882059024e-05 3.790330835785734e-05 2.855645835391421e-05 2.255011410359177e-05 1.880163645165179e-05
4941.98750061 0.00019446115735062073 6.668449977411342e-05 4.3534267107521756e-05 3.2992139562030164e-05 2.6165131712257943e-05 2.1889205925458705e-05
4942.81123383 0.00019618172442576162 6.729542661855393e-05 4.392897349540487e-05 3.327682442571591e-05 2.6375167948208398e-05 2.205015566670781e-05
4943.63510436 0.00018911115242808795 6.473990478926031e-05 4.220070040414091e-05 3.193761846382145e-05 2.5296748032127952e-05 2.1137692413725028e-05
4944.45911221 0.0001838767448745295 6.59485513589761e-05 4.34219809709171e-05 3.3084646083410815e-05 2.6347340426199207e-05 2.21133711716299e-05
4945.28325741 0.00017342999165300674 6.637170922692097e-05 4.4281016021174755e-05 3.4015609681555586e-05 2.7259132242843525e-05 2.298885804101834e-05
4946.10753997 0.0001630861090219841 6.299736066814973e-05 4.209051994102348e-05 3.235067224735876e-05 2.5939743271947445e-05 2.1884013070113306e-05
4946.93195993 0.00016150009793191447 5.9605338655260365e-05 3.944500462141834e-05 3.013589206597603e-05 2.4068583631849996e-05 2.0248652384205065e-05
4947.7565173 0.0001703540846104568 6.093889606106689e-05 4.009307850828836e-05 3.052894310940368e-05 2.4322722446753407e-05 2.0427602039395546e-05
4948.58121211 0.00017929246195411857 6.481350405610017e-05 4.276366692485584e-05 3.262620680126068e-05 2.602676983724006e-05 2.187924959519246e-05
4949.40604438 0.00018703636006456257 6.652674670884689e-05 4.3780306308378494e-05 3.334435483229523e-05 2.6557196748777128e-05 2.2293932717527513e-05
4950.23101413 0.00019461839388777174 6.846900073424563e-05 4.495048217904452e-05 3.419045446582839e-05 2.7195868758357926e-05 2.2806535563517035e-05
4951.05612139 0.00019184330361000343 6.736027194595505e-05 4.416924191646851e-05 3.357018710965296e-05 2.6684264776830937e-05 2.2365188769487658e-05
4951.88136618 0.00019196003573460668 6.784026186862852e-05 4.4520649806034224e-05 3.3855848446649946e-05 2.6919970366839342e-05 2.256821878254188e-05
4952.70674852 0.0001979051708939114 7.047292274142911e-05 4.633993929225659e-05 3.529196573346549e-05 2.810142192243246e-05 2.358784247812878e-05
4953.53226843 0.00019410643949999072 6.823006663994893e-05 4.4779939025442825e-05 3.406087724596856e-05 2.711090036273717e-05 2.2751565995711907e-05
4954.35792595 0.00018400317478609257 6.272572122958797e-05 4.092880399513548e-05 3.1014449173799004e-05 2.4625606223439777e-05 2.062603384368597e-05
4955.18372108 0.00018269551731801584 6.132487024137681e-05 3.9869655613281675e-05 3.0147813966983958e-05 2.3884724076445846e-05 1.9967217335128586e-05
4956.00965386 0.00019044887813330968 6.424555926013062e-05 4.1767608197337804e-05 3.1584167819324566e-05 2.499305687483362e-05 2.0867127558000555e-05
4956.83572431 0.00019542161139076645 6.621876487611098e-05 4.304607469009878e-05 3.254751839564119e-05 2.5731532748107512e-05 2.1463536039536026e-05
4957.66193245 0.00018610556549282872 6.152148259463153e-05 3.9687091718306006e-05 2.984252626977366e-05 2.3473183424546128e-05 1.94962253984102e-05
4958.48827829 0.00015648868141285966 4.788668113065311e-05 3.0244836899611295e-05 2.241039074887204e-05 1.741765980502075e-05 1.432779674149896e-05
4959.31476188 0.00015366933786340912 4.6258650164967684e-05 2.9131094759591588e-05 2.153345808138155e-05 1.6715261366563576e-05 1.3736428993631903e-05
4960.14138322 0.00018205223595492865 5.914012764122532e-05 3.807001114204563e-05 2.8568280116244326e-05 2.2451438151689825e-05 1.863275956753633e-05
4960.96814235 0.00019499855678858233 6.591650091111654e-05 4.288781589808573e-05 3.243617310371384e-05 2.5657464152042906e-05 2.1409207292085245e-05
4961.79503928 0.00019646235373905235 6.706875935663268e-05 4.37466715154427e-05 3.315377197311272e-05 2.627415462774023e-05 2.1960514757961862e-05
4962.62207404 0.00019639061059134981 6.679338105736002e-05 4.353889916578506e-05 3.29787986883312e-05 2.6130092691431186e-05 2.1835694388344093e-05
4963.44924664 0.00019308365236891722 6.481391775602781e-05 4.2137401901703154e-05 3.185895623069473e-05 2.52093290554368e-05 2.104305184867253e-05
4964.27655712 0.00019433510163380835 6.546156538344e-05 4.25909157592132e-05 3.222375853792983e-05 2.5502885919249423e-05 2.1291623744100844e-05
4965.1040055 0.0001971380883813851 6.653106462680084e-05 4.327058453820375e-05 3.271550362107096e-05 2.586293718602669e-05 2.1567730343707368e-05
4965.9315918 0.00019162423432197412 6.290562024291933e-05 4.062204214639209e-05 3.052618424162486e-05 2.4015138210275865e-05 1.993906939080601e-05
4966.75931604 0.00018257619186063344 5.8949977794237086e-05 3.792030009717469e-05 2.8412499936285832e-05 2.2316716427982197e-05 1.850581030416085e-05
4967.58717825 0.0001796232688000776 5.854971190001776e-05 3.779281051818584e-05 2.840581204565036e-05 2.2373780969462325e-05 1.8602595680279282e-05
4968.41517844 0.00018193915531866596 5.9928603541618266e-05 3.882751089496605e-05 2.9275416859760547e-05 2.3116876157995683e-05 1.9264585111339914e-05
4969.24331665 0.00017773765534185855 5.7804278059196806e-05 3.733263152647721e-05 2.8087705864361075e-05 2.214760770576255e-05 1.8435539131481655e-05
4970.07159289 0.00018019195743209813 5.8717137308682904e-05 3.791208397427714e-05 2.851810127211215e-05 2.2482948830495638e-05 1.8710605517147252e-05
4970.90000719 0.00018446779819839186 6.131425415109924e-05 3.977505943758883e-05 3.0033672309672572e-05 2.3744222054586532e-05 1.9809177544357345e-05
4971.72855957 0.00017922176870236708 5.8772000501261344e-05 3.8036931954438615e-05 2.867921879274861e-05 2.266029556993889e-05 1.8898472469323367e-05
4972.55725005 0.0001816992221283787 5.9528560664985924e-05 3.8513749699805933e-05 2.902920210687531e-05 2.2928687432379824e-05 1.9115153303248696e-05
4973.38607866 0.0001893133821692741 6.344449502628309e-05 4.121870566657083e-05 3.1156762212866734e-05 2.464620311999395e-05 2.0570051753340936e-05
4974.21504541 0.00018988032180835605 6.434302161353273e-05 4.189464219753776e-05 3.171797631386881e-05 2.5118723787530353e-05 2.0984914816862845e-05
4975.04415035 0.00019104349710542798 6.489279394271549e-05 4.2289832310787465e-05 3.203445087612154e-05 2.5384539267532043e-05 2.1217569197898962e-05
4975.87339347 0.0001943694924404097 6.61041881265206e-05 4.3084230035138415e-05 3.2628941476000005e-05 2.585047716093811e-05 2.1600961815362696e-05
4976.70277482 0.00019431592476233856 6.566326448727061e-05 4.271144809254986e-05 3.2292154475571984e-05 2.5549947980161908e-05 2.132458034424305e-05
4977.53229441 0.0001925496263315186 6.482000684951147e-05 4.211530116219559e-05 3.1818039396398944e-05 2.5171589828688915e-05 2.1009479166486618e-05
4978.36195226 0.0001931264948666651 6.544699194414524e-05 4.2580289281496065e-05 3.2198177375675744e-05 2.5488582644162244e-05 2.1285075070807627e-05
4979.1917484 0.0001851366180447959 6.137116088851276e-05 3.972865484795185e-05 2.992245325068857e-05 2.3605586466011183e-05 1.965149667025005e-05
4980.02168285 0.00017496806458118646 5.630856348050767e-05 3.62181730830428e-05 2.7152662113493163e-05 2.133939832321558e-05 1.7707081607946192e-05
4980.85175563 0.0001743011185166908 5.585783791448507e-05 3.5937770967016206e-05 2.6951000326702976e-05 2.119857538149e-05 1.760463426032532e-05
4981.68196677 0.0001746253377572135 5.634579004236509e-05 3.6347227230401504e-05 2.7324577090882024e-05 2.1540371495055276e-05 1.7925555391308744e-05
4982.5123163 0.0001766216180308916 5.730484965853241e-05 3.697837164453295e-05 2.780234579488776e-05 2.189108247023358e-05 1.8193216853500228e-05
4983.34280422 0.00016540615623871 5.218906399556231e-05 3.341658740076996e-05 2.4979863723256283e-05 1.956252528598185e-05 1.6180843413251766e-05
4984.17343057 0.00015546463475156271 4.8800543436982995e-05 3.117194672675949e-05 2.3274708101362347e-05 1.8222230774850926e-05 1.5077416965643594e-05
4985.00419537 0.00015548631247080092 4.966601550003238e-05 3.18458029678858e-05 2.3852330659432636e-05 1.8738052177895718e-05 1.555536096923202e-05
4985.83509864 0.00016367499737977091 5.3313594037728176e-05 3.435112580884544e-05 2.5818145276111737e-05 2.0341921451353554e-05 1.6927891987487696e-05
4986.66614041 0.00016681146219355093 5.3810033406351756e-05 3.460568070639167e-05 2.5962390661438294e-05 2.0421287882108434e-05 1.6965472095443532e-05
4987.4973207 0.00017469569972888656 5.6404029231926915e-05 3.630626563245892e-05 2.7237083268420815e-05 2.142165879397591e-05 1.7789182609323616e-05
4988.32863953 0.00018585842327545666 6.147859130269352e-05 3.983500254003449e-05 3.001549754181814e-05 2.3697994813016768e-05 1.974149250211879e-05
4989.16009692 0.00018852249936275055 6.260642830847357e-05 4.060503285508058e-05 3.0606499595076244e-05 2.4170798614976413e-05 2.013739139250304e-05
4989.9916929 0.00018520391935214077 6.0896808191963034e-05 3.937431212950883e-05 2.9618226596592513e-05 2.334008530396991e-05 1.9409386851535286e-05
4990.82342749 0.00018864887694667923 6.315193491502564e-05 4.099252698024199e-05 3.093766511656312e-05 2.4437812410954326e-05 2.0365156683544173e-05
4991.65530072 0.00018800243367432485 6.362250727888157e-05 4.1387439211248116e-05 3.1294228526004905e-05 2.474766249926408e-05 2.0644222243068408e-05
4992.4873126 0.0001740739159649692 5.740270568952355e-05 3.7110148139044125e-05 2.7932267250116856e-05 2.2006203402944724e-05 1.829831967707713e-05
4993.31946316 0.00017823939113370308 6.018772116060734e-05 3.9115157183164726e-05 2.9537405204233958e-05 2.3343555016855642e-05 1.9460734020242957e-05
4994.15175243 0.00018239791541833678 6.279410787518121e-05 4.099974585967733e-05 3.106727351083772e-05 2.4629446337301863e-05 2.0588124426076864e-05
4994.98418042 0.00017384468250862027 5.785686079217552e-05 3.74999107066051e-05 2.8279095768370913e-05 2.233310981002973e-05 1.8609899029962205e-05
4995.81674716 0.00017657751848312834 5.765243345654509e-05 3.7184197028913416e-05 2.7941773653614675e-05 2.199183433476388e-05 1.8272610160140492e-05
4996.64945268 0.0001844865328756844 6.1115989885978e-05 3.955703051203219e-05 2.979039210857161e-05 2.3492201587366498e-05 1.955045724210557e-05
4997.48229699 0.00018378383680519743 6.120884988303848e-05 3.968590369157135e-05 2.9920842850197715e-05 2.3637580718564105e-05 1.9702919177914015e-05
4998.31528012 0.00017864356897606828 5.83661394605345e-05 3.7668530211584584e-05 2.830108463107743e-05 2.2300431292403572e-05 1.8547770700342955e-05
4999.14840209 0.00017815952460943204 5.8168091577256354e-05 3.756152179971273e-05 2.8247676208451053e-05 2.2268824556245345e-05 1.853119646479173e-05
4999.98166293 0.0001792310465936219 5.861373967078728e-05 3.7880641353644214e-05 2.851278963279982e-05 2.2481570726950648e-05 1.8709212008054667e-05
5000.81506265 0.0001739039501052338 5.564295723294555e-05 3.5757709959793215e-05 2.680236379222709e-05 2.104498145853527e-05 1.744713972163787e-05
5001.64860129 0.00017021506229782262 5.4488026466991214e-05 3.500817404399272e-05 2.6234697878418543e-05 2.059663831880504e-05 1.7073081650562458e-05
5002.48227886 0.00017052515767233435 5.60451568459235e-05 3.6178112699265425e-05 2.719704006292047e-05 2.1409451283396914e-05 1.778885366377537e-05
5003.31609539 0.00016670748202416683 5.48170398702816e-05 3.539043506506328e-05 2.6623427831652107e-05 2.0976043951654037e-05 1.7447867252789488e-05
5004.1500509 0.00017297283441827514 5.659825513539823e-05 3.653841968818037e-05 2.749534248084315e-05 2.1680036244508963e-05 1.8048389876833255e-05
5004.98414541 0.0001804704570883563 5.938959040477507e-05 3.838915293888497e-05 2.8894684522998602e-05 2.2795348852334086e-05 1.8981445536823502e-05
5005.81837895 0.00017985904224207574 5.897639011135122e-05 3.8112464608653244e-05 2.866268971566417e-05 2.2599731448586878e-05 1.880491889283465e-05
5006.65275155 0.00016922792522874668 5.493960989894087e-05 3.540199447180436e-05 2.65788350212408e-05 2.091916365713132e-05 1.7382136150010554e-05
5007.48726321 0.0001601693205067765 5.1182613702069895e-05 3.278234099577136e-05 2.4520539603465984e-05 1.9220143794969634e-05 1.5918417118366498e-05
5008.32191398 0.0001673667436479069 5.3796343938276986e-05 3.45040357273503e-05 2.583021415142507e-05 2.0240909174090566e-05 1.675440744076237e-05
5009.15670386 0.00017916764470583338 5.8518884717102744e-05 3.768397265159388e-05 2.82795228169321e-05 2.2196335992357836e-05 1.839262310576066e-05
5009.99163289 0.00018910306503750843 6.29023399186166e-05 4.0666880485541e-05 3.058987541418956e-05 2.4065557439877885e-05 1.9979468746035114e-05
5010.82670108 0.00018476932059186194 6.097112765048975e-05 3.937967624311013e-05 2.9584199835221023e-05 2.3282801234750952e-05 1.933602778124439e-05
5011.66190846 0.00017951946124535747 5.9190327615896665e-05 3.828440291415368e-05 2.8810231427899248e-05 2.2731293111983778e-05 1.892600631909039e-05
5012.49725505 0.00017816351031176307 5.901008418559812e-05 3.821114120357058e-05 2.8804051103623477e-05 2.2750923328593163e-05 1.8964625588619004e-05
5013.33274089 0.00016823885860700317 5.412251202320435e-05 3.479259953613761e-05 2.609512989646687e-05 2.0514335783771746e-05 1.703101442439381e-05
5014.16836598 0.00016839426447400567 5.3931818013923135e-05 3.4624984173957905e-05 2.5941235864772627e-05 2.037141272523129e-05 1.6894538034766565e-05
5015.00413035 0.0001687447828562129 5.37856826980064e-05 3.4511889739192996e-05 2.584030579492698e-05 2.0282080000625746e-05 1.6809879878789397e-05
5015.84003403 0.00016612731917777982 5.2140205411944594e-05 3.330883704487235e-05 2.485862672623411e-05 1.9445296727833542e-05 1.6067994490977684e-05
5016.67607703 0.00017338193894167987 5.56198116805151e-05 3.566020254307258e-05 2.6678105783225767e-05 2.0905801918773255e-05 1.7302483590860906e-05
5017.51225939 0.00017570954998022477 5.6700676616004764e-05 3.6423910518176196e-05 2.7294430033415876e-05 2.1443859562899734e-05 1.7792270799461043e-05
5018.34858113 0.00017230800012238347 5.6470115378483216e-05 3.6467853878673824e-05 2.7441296361523792e-05 2.1649132097617728e-05 1.803063280941447e-05
5019.18504226 0.0001633630777538455 5.44568786642071e-05 3.537746566462291e-05 2.6739848001910146e-05 2.117991688390272e-05 1.7700289605656588e-05
5020.02164282 0.0001621079317892284 5.448264355916751e-05 3.547935027665856e-05 2.685372907893982e-05 2.1297158723234144e-05 1.7814626672128075e-05
5020.85838282 0.00017048315229716354 5.64929651328181e-05 3.6582295742202256e-05 2.7550958617044186e-05 2.174996638886162e-05 1.81167892719575e-05
5021.69526229 0.0001725510401868262 5.637849107425009e-05 3.63346615726643e-05 2.7263924817866287e-05 2.1450651531447465e-05 1.781473295725961e-05
5022.53228125 0.00017171655933783596 5.582924749319269e-05 3.593635891115377e-05 2.6946788769268084e-05 2.1185942414755878e-05 1.758567561295741e-05
5023.36943972 0.00016369770112185968 5.1366687836152635e-05 3.277242028847736e-05 2.4420926208791446e-05 1.9095738940672502e-05 1.5776619346807187e-05
5024.20673773 0.00016842484689682895 5.32078239854201e-05 3.4028856603304965e-05 2.5418912965835926e-05 1.9916657947744762e-05 1.6486391364877142e-05
5025.04417531 0.00018203275052750757 6.066498234402579e-05 3.9316863850244864e-05 2.965274938088137e-05 2.3424496973452657e-05 1.9527431062204616e-05
5025.88175247 0.00018479804281377226 6.211165399517715e-05 4.030558306798243e-05 3.0421804471780138e-05 2.4049354321192876e-05 2.0060699013685836e-05
5026.71946923 0.00018277642484518152 6.050157330024371e-05 3.909508384242051e-05 2.941061665054648e-05 2.3185126785933907e-05 1.929254673965889e-05
5027.55732563 0.00018402835636941044 6.1727432067739e-05 4.001905039830909e-05 3.01814176547659e-05 2.3833449903437293e-05 1.9861157402324984e-05
5028.39532168 0.00017480296499487773 5.781538801611719e-05 3.7401655702330414e-05 2.8173378513360967e-05 2.223492902653633e-05 1.85234684953871e-05
5029.23345741 0.00017141926471921366 5.562448464063518e-05 3.5833386015635344e-05 2.690480027822175e-05 2.1173165971017483e-05 1.7593637356550213e-05
5030.07173284 0.00018340845676824712 6.11302983880007e-05 3.9579022540903255e-05 2.9814809484715074e-05 2.3502458444703836e-05 1.9551784451965513e-05
5030.910148 0.00018852620552251261 6.351563712878605e-05 4.120246526474504e-05 3.107166903951676e-05 2.451382501334961e-05 2.0406285463872325e-05
5031.7487029 0.00018405884945227183 6.208858974975227e-05 4.034076205754364e-05 3.0453657754754835e-05 2.4062806026793284e-05 2.005661450898521e-05
5032.58739757 0.00018257518385131458 6.236046530779008e-05 4.066489410535374e-05 3.078870166320384e-05 2.4395748171326754e-05 2.0385219259309902e-05
5033.42623204 0.00019079935347235145 6.630294012053229e-05 4.334590611460948e-05 3.288638132238683e-05 2.609621361501527e-05 2.1836544246869125e-05
5034.26520633 0.00019652645216467672 6.91558224948931e-05 4.531955171205704e-05 3.444157562159295e-05 2.7367843036210266e-05 2.292859525266383e-05
5035.10432045 0.00019261598626035985 6.72850573199136e-05 4.404920617732858e-05 3.3453352806310343e-05 2.657176087527553e-05 2.225481807824507e-05
5035.94357444 0.00018014517817137958 6.121093425804944e-05 3.982442721730531e-05 3.0121917465413556e-05 2.3840637712427426e-05 1.9909421389219266e-05
5036.78296832 0.0001640476613868129 5.317668541235115e-05 3.4236526376698985e-05 2.571347715224649e-05 2.0239454756796124e-05 1.6826282314305893e-05
5037.6225021 0.0001614139159727383 5.0929416569671234e-05 3.25952740675731e-05 2.4369484930780444e-05 1.911657014755196e-05 1.5844895352757416e-05
5038.46217582 0.00017838163662307175 5.929614116491681e-05 3.839837824007627e-05 2.8930626148874773e-05 2.283587026804799e-05 1.9023200935620225e-05
5039.3019895 0.00018205716867750565 6.136858657302431e-05 3.9871276881105e-05 3.011648465521416e-05 2.382545316634379e-05 1.988720434718977e-05
5040.14194316 0.00017213944580075308 5.6404059323682784e-05 3.644345799266035e-05 2.7434805741426303e-05 2.164771270540347e-05 1.803241387249915e-05
5040.98203683 0.0001672745790925561 5.355878590008672e-05 3.438624971462293e-05 2.5759137527842303e-05 2.0239237820363324e-05 1.6794453342935242e-05
5041.82227052 0.00015634640198006815 4.8163951569930734e-05 3.059033362404214e-05 2.271302770951149e-05 1.771228515168008e-05 1.4597462717839452e-05
5042.66264426 0.0001421219737873085 4.283582078367402e-05 2.708068842688016e-05 2.0045225314338247e-05 1.5600373707750163e-05 1.283873944949973e-05
5043.50315807 0.00015712474391136377 5.011684696688504e-05 3.21433843898183e-05 2.405764625836778e-05 1.88800275685907e-05 1.5651699918233573e-05
5044.34381198 0.00018234909637647483 6.062953090581382e-05 3.9203312303012156e-05 2.948736727526033e-05 2.320247432299475e-05 1.9268275805218273e-05
5045.18460602 0.00018725855059810784 6.25984086492121e-05 4.051285824632201e-05 3.0484540063956302e-05 2.39964991551778e-05 1.993218586942328e-05
5046.02554019 0.00018960432758711746 6.463069925059105e-05 4.202021782537661e-05 3.17366698447746e-05 2.5074543261683622e-05 2.0899396606749196e-05
5046.86661454 0.00019165272346601458 6.620808257043028e-05 4.3184111491386034e-05 3.2688202549536974e-05 2.58879167077938e-05 2.1623331311034417e-05
5047.70782907 0.00019053248005298273 6.577063271723531e-05 4.2920848701741185e-05 3.25092576902837e-05 2.5765838776998434e-05 2.153735366313093e-05
5048.54918382 0.00018714158151616851 6.37137876831132e-05 4.1452399904379504e-05 3.133010497067022e-05 2.4783831132995953e-05 2.0682207301241263e-05
5049.39067881 0.00017464430037536315 5.7390492920359705e-05 3.705445483129053e-05 2.785763906152136e-05 2.196099965952228e-05 1.827653155217665e-05
5050.23231406 0.0001674571238314884 5.3492379593109274e-05 3.428360274986639e-05 2.563432735536982e-05 2.010574020084538e-05 1.6657688741336292e-05
5051.07408959 0.00017082115863258692 5.488451366261759e-05 3.516045671757173e-05 2.6270055553050703e-05 2.0553284855535784e-05 1.6985588412840168e-05
5051.91600543 0.00017722975077908278 5.832567482687816e-05 3.758203551998147e-05 2.8198491609876492e-05 2.2139162053375953e-05 1.8350885867043795e-05
5052.7580616 0.0001718888929659897 5.723713406697747e-05 3.7023900482747044e-05 2.7859307264741813e-05 2.1947830627473414e-05 1.824792756233175e-05
5053.60025812 0.00017228050899775057 5.8541304973030364e-05 3.806056040772815e-05 2.8722816951016283e-05 2.2695128265804687e-05 1.8914135015694272e-05
5054.44259502 0.00018593252801938682 6.356707781985615e-05 4.137556924493754e-05 3.125020021017905e-05 2.4688478259342944e-05 2.057006673510157e-05
5055.28507233 0.00019291362784937512 6.589028524061298e-05 4.285342769430892e-05 3.2368926408053276e-05 2.555012900627754e-05 2.1273849807652654e-05
5056.12769006 0.00019183369052741767 6.563507082818401e-05 4.266877764758926e-05 3.222621848796949e-05 2.543488356010957e-05 2.1178257813127068e-05
5056.97044823 0.00018717059311192225 6.403943611009967e-05 4.158481380674047e-05 3.136403227687818e-05 2.4724958372066374e-05 2.0562243904460462e-05
5057.81334688 0.00018409527241238869 6.252859515933583e-05 4.05373584633984e-05 3.0530031480680734e-05 2.404358432368211e-05 1.9977642099462452e-05
5058.65638602 0.00018434648423866704 6.243095279873303e-05 4.0519492989155605e-05 3.056600018903964e-05 2.4121613930176473e-05 2.0085259200416784e-05
5059.49956568 0.00018648749676645915 6.438337629590336e-05 4.196534374190036e-05 3.176558074017762e-05 2.514492053379901e-05 2.099549799524196e-05
5060.34288589 0.0001903114138634114 6.652097819247839e-05 4.3419569025626753e-05 3.288446652177733e-05 2.6028617453937008e-05 2.1728202970834627e-05
5061.18634665 0.00018811442437847702 6.465691510912217e-05 4.20359321556826e-05 3.17419677111469e-05 2.506169616109541e-05 2.0875905328705343e-05
5062.02994801 0.0001915800024632657 6.636784755883975e-05 4.3244444526378734e-05 3.271406703698409e-05 2.5867877961815545e-05 2.1577217285057213e-05
5062.87368998 0.00019473775607577924 6.765736586427499e-05 4.4105929442215085e-05 3.336814279088781e-05 2.6375282007078443e-05 2.1990828038108727e-05
5063.71757258 0.0001938810475404401 6.687563912243707e-05 4.353676640441901e-05 3.290129694186929e-05 2.598426016403692e-05 2.1647081393950165e-05
5064.56159584 0.00019212464608235624 6.564513026835165e-05 4.267699825890442e-05 3.221779959253036e-05 2.5422675888616713e-05 2.1162049227074214e-05
5065.40575979 0.00018007462359821285 5.919959066311181e-05 3.819570044719922e-05 2.8684322649945056e-05 2.254129987487382e-05 1.8698041132493556e-05
5066.25006444 0.00016357937208307546 5.146378879890203e-05 3.2865542543083625e-05 2.451335566968641e-05 1.9168418562256673e-05 1.5836683919610498e-05
5067.09450982 0.00017188330528965194 5.5986908174093615e-05 3.6001669562919645e-05 2.6971753877773196e-05 2.1164510281463842e-05 1.7536244493243535e-05
5067.93909595 0.00018158360154767823 6.120115230656165e-05 3.964980341713608e-05 2.9852966970372502e-05 2.352310512219955e-05 1.9559663571439665e-05
5068.78382286 0.00017779768085123888 5.8736372730640665e-05 3.786957175517417e-05 2.840485095251937e-05 2.230524349602857e-05 1.8489132704871538e-05
5069.62869056 0.00017363098367025558 5.6537052086451726e-05 3.631803314256832e-05 2.716195277562126e-05 2.1275264806711185e-05 1.7594856363730052e-05
5070.47369909 0.00017515990253447623 5.766186306899859e-05 3.716903192824564e-05 2.7870590261690853e-05 2.1880743606799377e-05 1.8132245945803916e-05
5071.31884847 0.00018453189458628592 6.165327958134888e-05 3.988627372092397e-05 2.998673617529328e-05 2.358384748093063e-05 1.9571686642762346e-05
5072.16413872 0.00018589179743164132 6.243162186905043e-05 4.043469623896904e-05 3.04371770803977e-05 2.3960731387936933e-05 1.9903376321320303e-05
5073.00956986 0.00017648418670819906 5.8210787503660854e-05 3.75593424133763e-05 2.8199778949819044e-05 2.215540068207245e-05 1.8372427586479756e-05
5073.85514192 0.0001703994633402544 5.566500629593496e-05 3.583929966366667e-05 2.6858935160764675e-05 2.1080564376254482e-05 1.7465262584602292e-05
5074.70085491 0.0001805929948637498 6.1008256448739756e-05 3.954563405585029e-05 2.978249465167641e-05 2.347455674884156e-05 1.952371027289783e-05
5075.54670888 0.0001856018859769937 6.463633913515228e-05 4.219639396302718e-05 3.196586332586229e-05 2.5325340793918465e-05 2.1163585782025202e-05
5076.39270382 0.00018133600240432892 6.262484291125131e-05 4.083259609509719e-05 3.091204230215721e-05 2.448627119272278e-05 2.0461486323327616e-05
5077.23883978 0.00017846328833492168 5.942805391775296e-05 3.842871091320471e-05 2.8898897206348136e-05 2.275011988447041e-05 1.8901821625346454e-05
5078.08511678 0.00018107693435002445 5.965212179645073e-05 3.845657453237193e-05 2.8841022037877285e-05 2.2630265113993406e-05 1.8742045604737246e-05
5078.93153483 0.00018931631257033274 6.454387492100587e-05 4.196276237727699e-05 3.167738000083344e-05 2.4998804254270115e-05 2.081184124941876e-05
5079.77809396 0.00018058695810908902 6.142679007000458e-05 3.997356497473437e-05 3.021904640041005e-05 2.3905908478127072e-05 1.9953482745542305e-05
5080.6247942 0.0001595431748040521 5.072679382260628e-05 3.250204750366932e-05 2.4312165219990562e-05 1.9081883728578383e-05 1.5825406346269216e-05
5081.47163557 0.0001520813854429955 4.6854233110954844e-05 2.9767116102185464e-05 2.212717714803485e-05 1.7289108426293466e-05 1.4285212813282479e-05
5082.31861809 0.0001590733031234309 5.059793949711808e-05 3.239571475692081e-05 2.4199096054950703e-05 1.896829541117269e-05 1.570959191106693e-05
5083.16574178 0.00017233605686116233 5.5939368811277275e-05 3.5950525704396566e-05 2.690854991002531e-05 2.1087510299449893e-05 1.7450443620467713e-05
5084.01300668 0.00017391605549005098 5.5971765638101337e-05 3.5869282584350564e-05 2.679094678083254e-05 2.0940509382013718e-05 1.7286070000224018e-05
5084.86041279 0.00016862210180267913 5.437624025172099e-05 3.4898300307813444e-05 2.610657933771496e-05 2.0454809236524837e-05 1.6926776986061472e-05
5085.70796016 0.00017079092601502308 5.59387538223679e-05 3.606238131845718e-05 2.7075501709758957e-05 2.129429862795469e-05 1.7682598610222193e-05
5086.55564879 0.00017536290607642158 5.705794130833158e-05 3.673651190326211e-05 2.7542178121796248e-05 2.1628998593155713e-05 1.793264992138289e-05
5087.40347871 0.0001733612926732622 5.656022411083434e-05 3.6494766762203684e-05 2.742139030635336e-05 2.1590387622722926e-05 1.7948281335150494e-05
5088.25144996 0.00016867492591338 5.4956102671910525e-05 3.547665659219399e-05 2.6670111266079802e-05 2.1016269443735796e-05 1.7484932463662857e-05
5089.09956254 0.00017423202632811132 5.7779560712497975e-05 3.738838915737049e-05 2.8139235830098003e-05 2.2174827905913836e-05 1.8442595807470835e-05
5089.94781649 0.00017810175072479188 5.9184574697842505e-05 3.8243234142054804e-05 2.8750899253279748e-05 2.2620042588275365e-05 1.8784926327024555e-05
5090.79621182 0.00017743465173456784 5.919725861699294e-05 3.830610354511921e-05 2.883325761019316e-05 2.271033147457635e-05 1.888017854345258e-05
5091.64474856 0.0001711079856761115 5.6498644000429813e-05 3.6532165119111616e-05 2.751133129119924e-05 2.1678804596324867e-05 1.8035237807808323e-05
5092.49342674 0.00015914679267039686 5.084205926495028e-05 3.2690798063350844e-05 2.4555627276501715e-05 1.9323524283055983e-05 1.6066438620816688e-05
5093.34224638 0.00016272087387665316 5.2531287415541456e-05 3.3848379079584954e-05 2.5451405107961974e-05 2.0050963802146063e-05 1.6686204236582984e-05
5094.1912075 0.00017804818940607474 6.017057414490304e-05 3.9124742139819264e-05 2.9574168239499997e-05 2.3390809186441206e-05 1.952187182470765e-05
5095.04031012 0.0001869615384581636 6.410059409941345e-05 4.175566189908342e-05 3.157685993300724e-05 2.4967298713883154e-05 2.0824796988114667e-05
5095.88955428 0.00018593753359840624 6.246774561738387e-05 4.0456986807868255e-05 3.0446213759623286e-05 2.3959031308341853e-05 1.989549325800187e-05
5096.73893998 0.00018420466694771135 6.0599756737265116e-05 3.9024191996933723e-05 2.923110301299496e-05 2.289133025737543e-05 1.89224701996869e-05
5097.58846727 0.00017643220622277765 5.756039023555439e-05 3.702858179815611e-05 2.7734031544782102e-05 2.1729983313144967e-05 1.797650733630295e-05
5098.43813615 0.0001638634372193614 5.4066810623466064e-05 3.4959462680960156e-05 2.632164752869341e-05 2.077198211188403e-05 1.7308494098999973e-05
5099.28794665 0.0001559180435453483 5.169694437967227e-05 3.3527497650259874e-05 2.5330079057021065e-05 2.0066181083724635e-05 1.6785254680540996e-05
5100.1378988 0.0001391121827640781 4.402175569161832e-05 2.833958172944023e-05 2.132715512971098e-05 1.6828762279669662e-05 1.4035219905030394e-05
5100.98799263 0.00014310181285047077 4.5607158587582206e-05 2.9375738159316958e-05 2.210050067801725e-05 1.740169871735152e-05 1.4478947579605094e-05
5101.83822814 0.00016632284646372404 5.522153979417136e-05 3.5732227350423924e-05 2.6900903423450388e-05 2.116104154145248e-05 1.757035557621294e-05
5102.68860538 0.00018200797633824287 6.128414222182665e-05 3.9684342880049957e-05 2.9852636154549948e-05 2.3458223113861487e-05 1.9449912542972417e-05
5103.53912435 0.00018630503731388557 6.303178529434596e-05 4.086994952453712e-05 3.0779424266380584e-05 2.423786699599264e-05 2.0138574033412962e-05
5104.38978509 0.0001834803150521904 6.169336705019522e-05 3.996272701572035e-05 3.0077954922341074e-05 2.3700349328635463e-05 1.9707332380767962e-05
5105.24058762 0.00018199275092637 6.081840993983724e-05 3.931881889671578e-05 2.9546726528355623e-05 2.3248568373444414e-05 1.930670649987822e-05
5106.09153196 0.00018070469998413902 5.948881786494776e-05 3.8323404572720444e-05 2.8728826585138566e-05 2.2542196378071467e-05 1.8672027920270324e-05
5106.94261814 0.0001799298906044875 5.906651086268081e-05 3.8029123502071516e-05 2.850784410145896e-05 2.2363485072081456e-05 1.8521538434580407e-05
5107.79384618 0.00017802075811503335 5.856686746999185e-05 3.7697898592600504e-05 2.8249531939403018e-05 2.214624209176106e-05 1.833054991173073e-05
5108.6452161 0.00016676518446595394 5.357531718802102e-05 3.43167396089393e-05 2.5634790931958175e-05 2.005136161156507e-05 1.6568189920176033e-05
5109.49672792 0.0001666658645691601 5.357227919285659e-05 3.433560277872777e-05 2.5652716193727575e-05 2.0076778588830664e-05 1.659813756130024e-05
5110.34838168 0.00017198454921075646 5.5883472049273456e-05 3.5904790847163995e-05 2.6850467207407716e-05 2.1024748038209687e-05 1.7384183065170483e-05
5111.20017739 0.0001666866388056936 5.414456810544138e-05 3.479357943417339e-05 2.6031627248078238e-05 2.0399418323005466e-05 1.688213560888458e-05
5112.05211508 0.00016917609002807142 5.4985230432745405e-05 3.5315036821888376e-05 2.6410709178535533e-05 2.068054188845147e-05 1.7101478079089288e-05
5112.90419477 0.00018093291813912616 5.9931006118626506e-05 3.8661558564857685e-05 2.8990251472457555e-05 2.2736263399924092e-05 1.881995049377158e-05
5113.75641649 0.0001839045193646515 6.08428503275569e-05 3.9276982127821616e-05 2.9455059126737162e-05 2.310359886530204e-05 1.912263399769282e-05
5114.60878025 0.0001817866461770516 5.929828128768805e-05 3.8138860950860144e-05 2.8515687790419433e-05 2.2311173808105736e-05 1.842511464327638e-05
5115.46128609 0.00018299857824109885 6.12051106457885e-05 3.961857232874388e-05 2.978518763587895e-05 2.3431682648946414e-05 1.9450246987818945e-05
5116.31393402 0.00017939492864721513 6.091730594153897e-05 3.960883090581869e-05 2.9901242689614157e-05 2.3627465552169873e-05 1.9697783783682726e-05
5117.16672407 0.00017820452231881703 5.97170369169859e-05 3.867263754865278e-05 2.9102658042995267e-05 2.292139293871224e-05 1.905344533270597e-05
5118.01965627 0.00018524299646807357 6.260797649858072e-05 4.05740578730863e-05 3.0535447748742506e-05 2.402982423198165e-05 1.99547099983637e-05
5118.87273063 0.00018984415228093175 6.596886810451777e-05 4.304680516512893e-05 3.2569894382455025e-05 2.5763498857397455e-05 2.149538541183645e-05
5119.72594719 0.00018897659204602818 6.482167472769537e-05 4.2184823702191566e-05 3.185039459111317e-05 2.5135479424863526e-05 2.092517056329937e-05
5120.57930596 0.00018762164193508176 6.379541125551354e-05 4.144297480686533e-05 3.1245860367537085e-05 2.46187987435938e-05 2.0461975627781118e-05
5121.43280697 0.00018436482900336998 6.233757464521422e-05 4.042387715636356e-05 3.0435944378507306e-05 2.3952899350605758e-05 1.9887892675738028e-05
5122.28645024 0.00017896993232277466 5.9318444732540376e-05 3.8271100773415376e-05 2.8707436073624196e-05 2.2519832122756136e-05 1.8645741088056107e-05
5123.14023579 0.00017466100102584862 5.765899747205245e-05 3.721466221266301e-05 2.792894318093508e-05 2.1942542957342892e-05 1.8196223049040646e-05
5123.99416366 0.00017116147461404506 5.617861854876535e-05 3.626561097117718e-05 2.7210490361969466e-05 2.1393980356828913e-05 1.775160523854322e-05
5124.84823385 0.0001636212719698172 5.155163798081197e-05 3.295098564559442e-05 2.453093072705873e-05 1.9153199537992023e-05 1.579154720675631e-05
5125.70244641 0.00016532527347376907 5.2373421162722313e-05 3.3447684268614874e-05 2.4894277649123306e-05 1.940834256885493e-05 1.598346714258984e-05
5126.55680134 0.00016604160302371085 5.363313094409468e-05 3.438601817608064e-05 2.5676675254207004e-05 2.0079099292488083e-05 1.6584653449694862e-05
5127.41129868 0.00016510988293271656 5.290859932833969e-05 3.3876763234461274e-05 2.5274881847517632e-05 1.976111283882376e-05 1.632091045921743e-05
5128.26593845 0.00016313185306537881 5.17400433242703e-05 3.307863237163786e-05 2.465506751923731e-05 1.9265201378764737e-05 1.590281288067281e-05
5129.12072067 0.00016627777336926465 5.347961227926207e-05 3.429448459658299e-05 2.5597799004637646e-05 2.0024734948016447e-05 1.654010477653053e-05
5129.97564537 0.00016949927527911858 5.5762137646697316e-05 3.595843479349048e-05 2.6946447735397995e-05 2.1149890424515957e-05 1.7519426774184317e-05
5130.83071256 0.00016647833074072543 5.344150728033569e-05 3.4260842809857346e-05 2.5571016087454753e-05 1.9987583203498742e-05 1.649644449650175e-05
5131.68592228 0.00017282172019318385 5.56093053671265e-05 3.5643155560614694e-05 2.660134671650262e-05 2.0777123652263343e-05 1.713627859963271e-05
5132.54127454 0.00017512418878329105 5.8028196652529046e-05 3.7504997823383644e-05 2.81894815341142e-05 2.2178694030283307e-05 1.841837779249889e-05
5133.39676938 0.00017518695400782727 5.899314184285704e-05 3.8319700679779724e-05 2.8917075063425346e-05 2.28405389125058e-05 1.9035666546720457e-05
5134.25240681 0.00017404786387949329 5.855590971810957e-05 3.800369871480813e-05 2.865141511886242e-05 2.259035257758709e-05 1.8794650720789647e-05
5135.10818685 0.00017048547591638503 5.6783370170686416e-05 3.6676947599908635e-05 2.755014618427034e-05 2.1639404369195626e-05 1.7945449455251417e-05
5135.96410954 0.00017963981278073155 6.07511890755119e-05 3.9338418787627666e-05 2.9591120168446637e-05 2.3265688658767397e-05 1.9308120638103116e-05
5136.8201749 0.00018503856589936852 6.359536919956353e-05 4.136560801668861e-05 3.1218439171401466e-05 2.4627948191658284e-05 2.0498923199321548e-05
5137.67638294 0.0001781524329430813 6.0392195500623435e-05 3.921439950069694e-05 2.9564901963348418e-05 2.3316825118652956e-05 1.9403398628338916e-05
5138.5327337 0.0001690188294142544 5.663439864710102e-05 3.672605629516519e-05 2.767851073008081e-05 2.184489036683269e-05 1.819592608090263e-05
5139.3892272 0.000172360270537847 5.822998308427801e-05 3.7765202269929364e-05 2.8454297505583996e-05 2.2441627462329166e-05 1.8682292807698876e-05
5140.24586345 0.00016292438538766904 5.327609217356489e-05 3.421989656289267e-05 2.5597238052512038e-05 2.0044212165103913e-05 1.6581922301059014e-05
5141.10264249 0.00015966937921031 5.199218214231536e-05 3.3350220758312425e-05 2.4933426262186633e-05 1.951761067302297e-05 1.614322040066864e-05
5141.95956434 0.00017691543807167663 5.9945092814635775e-05 3.883339067629711e-05 2.923750819994236e-05 2.3023777447867775e-05 1.9138059154540087e-05
5142.81662902 0.00017409354073831385 5.8511828261918967e-05 3.7874669566703355e-05 2.8499276053052246e-05 2.2441711382902256e-05 1.865493394747075e-05
5143.67383656 0.00015627791923046808 5.023622040646171e-05 3.222992193764463e-05 2.410603765499347e-05 1.890087760501113e-05 1.5657889574064486e-05
5144.53118697 0.000157018233397729 5.031521976177961e-05 3.224620414537213e-05 2.4094769438843417e-05 1.8871282248242427e-05 1.5615293887875555e-05
5145.38868029 0.0001740827774783594 5.803958718374645e-05 3.746920418754543e-05 2.812137871714289e-05 2.2090533327728474e-05 1.83190052196943e-05
5146.24631654 0.00017505316555581918 5.7995226589394494e-05 3.735572532112871e-05 2.798344493079566e-05 2.1945057771854728e-05 1.817013043709465e-05
5147.10409574 0.00016875235180664373 5.4835314782865734e-05 3.517704373351375e-05 2.6268968122110077e-05 2.0541162263670056e-05 1.6961987897524573e-05
5147.96201791 0.00016629125810127418 5.410238129630738e-05 3.474507684418903e-05 2.5967121591667955e-05 2.0321394656683233e-05 1.6792400678775787e-05
5148.82008309 0.000164244062597045 5.3400079745989784e-05 3.428133723343733e-05 2.5614792811432202e-05 2.0052731951693345e-05 1.6579628283625316e-05
5149.67829128 0.00016238375562169826 5.3122090108373925e-05 3.418662486046869e-05 2.5596805936510166e-05 2.0080864432220653e-05 1.6636674222246075e-05
5150.53664253 0.00017304432598046793 5.727731055225531e-05 3.694932441887802e-05 2.7697322948895425e-05 2.1730968400534787e-05 1.7998275695190184e-05
5151.39513684 0.00017408199227237904 5.683315906991766e-05 3.649432760378148e-05 2.7251447270711052e-05 2.1296004768530288e-05 1.7571156686987575e-05
5152.25377425 0.0001683793030280288 5.462720071356172e-05 3.503943740767024e-05 2.6167714678544845e-05 2.045966289623563e-05 1.6894512239903104e-05
5153.11255477 0.00016861781689515818 5.445290622963199e-05 3.489008376212814e-05 2.60456958895184e-05 2.035632260737128e-05 1.680546731901878e-05
5153.97147844 0.00017115581358583885 5.5444036691661584e-05 3.55272455209585e-05 2.651249567381381e-05 2.0703331804691305e-05 1.7074838921462696e-05
5154.83054527 0.0001672747806304174 5.419380366881841e-05 3.474501023360587e-05 2.5927148874664798e-05 2.0233985175876676e-05 1.6673080191025828e-05
5155.6897553 0.00016473308917900882 5.3445701556574926e-05 3.4315169042538186e-05 2.5631559626874805e-05 2.0016923306329307e-05 1.650179041855091e-05
5156.54910853 0.00016914068715157354 5.600839917892806e-05 3.61514343647878e-05 2.713003486089379e-05 2.1292871652039015e-05 1.7640255732670633e-05
5157.40860501 0.0001725877942782616 5.804471529713522e-05 3.7600923657613636e-05 2.8293681665946876e-05 2.2277869222593016e-05 1.851302123080769e-05
5158.26824474 0.00017808572841677866 6.035159687885514e-05 3.913371197219843e-05 2.9454854998420502e-05 2.319063596891244e-05 1.9267244206830817e-05
5159.12802776 0.00017866671310335156 6.158091674437435e-05 4.0099592153679826e-05 3.028428086750679e-05 2.3926339833018057e-05 1.994295085493345e-05
5159.98795409 0.00017192937062463978 5.922656524801573e-05 3.857103599843565e-05 2.9124283558063763e-05 2.3008790583141284e-05 1.9176232830471612e-05
5160.84802376 0.00016819381412201893 5.723615065423259e-05 3.715693979166318e-05 2.7973798960309527e-05 2.203132013972986e-05 1.8307032158998056e-05
5161.70823678 0.00017088257108678409 5.847189389088806e-05 3.804960329859032e-05 2.871661766043477e-05 2.2668959435825083e-05 1.8879356178700395e-05
5162.56859318 0.0001625022262722343 5.558471071042311e-05 3.6256009314380525e-05 2.746353349448066e-05 2.1774767186190707e-05 1.821896624332388e-05
5163.42909298 0.00015339322009727093 5.100672483550253e-05 3.302406589494313e-05 2.489012444501975e-05 1.9648219795377112e-05 1.6383077698110717e-05
5164.28973621 0.00016385992349049214 5.412075543642814e-05 3.486691501730255e-05 2.612975550651012e-05 2.0497711296564025e-05 1.69826687995917e-05
5165.1505229 0.00017281280117965175 5.786614639484213e-05 3.740706117562207e-05 2.8080799958243306e-05 2.2084369901467787e-05 1.8333741013927447e-05
5166.01145306 0.00016380276538081846 5.3552352901900294e-05 3.446277587121161e-05 2.5790009359551774e-05 2.0261859378943273e-05 1.6812140126801937e-05
5166.87252673 0.000150006953411632 4.6313260033736834e-05 2.9407592598217816e-05 2.1820978904775102e-05 1.7004370403747874e-05 1.4014409414147233e-05
5167.73374391 0.0001330062003213835 3.838737017109179e-05 2.3991256582174986e-05 1.765162489393885e-05 1.3647593478284815e-05 1.1181099018428902e-05
5168.59510465 0.00011906672076154756 3.2941312020613165e-05 2.0260499514120357e-05 1.4744664346531622e-05 1.129460205294943e-05 9.185059460408036e-06
5169.45660896 0.00012912638356953168 3.737375947933652e-05 2.3184151428777558e-05 1.6937368542439734e-05 1.2994575773910965e-05 1.0568844610495282e-05
5170.31825686 0.0001408775679795378 4.3510972162626606e-05 2.7556293351524724e-05 2.043083906226263e-05 1.5871341045511165e-05 1.3038439564710212e-05
5171.18004838 0.00016129426478212448 5.224424367809753e-05 3.347819234964269e-05 2.502170150947771e-05 1.9552810466170082e-05 1.6138102905204584e-05
5172.04198355 0.00016740494069196192 5.331691269520338e-05 3.392573357460571e-05 2.5211415687622893e-05 1.958882913366565e-05 1.6088073157250764e-05
5172.90406239 0.0001485736600862798 4.409360957959258e-05 2.745570066412213e-05 2.0096176438471545e-05 1.542275844481681e-05 1.2543197503116126e-05
5173.76628491 0.00012655693303811508 3.430756450744703e-05 2.0813198952788345e-05 1.497521292934763e-05 1.1351349443623023e-05 9.148857519358433e-06
5174.62865116 0.00012703593835194476 3.426241757624046e-05 2.084710184718743e-05 1.5047452665737468e-05 1.1445323102977248e-05 9.253218957554844e-06
5175.49116114 0.00014808951708642713 4.3787186533418926e-05 2.7439814720775032e-05 2.0224598372612034e-05 1.5631843333892286e-05 1.2796769202314812e-05
5176.35381488 0.0001693203456547276 5.3784667618244845e-05 3.431382076841043e-05 2.5562280559379267e-05 1.9908126557396202e-05 1.6383663994542304e-05
5177.21661242 0.00017365226341344302 5.590269586438936e-05 3.579614816037455e-05 2.6694689547897218e-05 2.0825910261081898e-05 1.7155050129962075e-05
5178.07955376 0.00017108820341010472 5.523497206265822e-05 3.539887687546536e-05 2.642096215411942e-05 2.063740294360331e-05 1.7018989997607735e-05
5178.94263894 0.00017442796770207098 5.698814256061806e-05 3.659239449313615e-05 2.735711966132836e-05 2.137303514029076e-05 1.7627229555380034e-05
5179.80586798 0.00017920216736589295 5.901830385124633e-05 3.7960477974483576e-05 2.841178192259285e-05 2.220044792242621e-05 1.831001680058563e-05
5180.66924091 0.00018004572987632956 5.8967134488545923e-05 3.787274560455198e-05 2.8318237850881144e-05 2.2108940097341494e-05 1.8222488151166756e-05
5181.53275774 0.00017829517602974433 5.771363870291161e-05 3.693752061627605e-05 2.7548019022631368e-05 2.14580029190613e-05 1.7651302819178703e-05
5182.3964185 0.00017716170723737035 5.6213827915322886e-05 3.573164988712997e-05 2.650247849383383e-05 2.0527456393021725e-05 1.6801160174473146e-05
5183.26022322 0.0001706989799654493 5.241513911820605e-05 3.2938486835713075e-05 2.4228589191259992e-05 1.8629054060145457e-05 1.5156703377752249e-05
5184.12417192 0.00014817863824352073 4.256590180374931e-05 2.623824916937764e-05 1.9065302306344218e-05 1.4540046682671388e-05 1.1765424215409828e-05
5184.98826462 0.00012287661605085896 3.249438414416105e-05 1.9626501376257516e-05 1.4093005731943946e-05 1.0681539773859115e-05 8.61324552378706e-06
5185.85250135 0.00013600009517826262 3.8360425591253054e-05 2.3619193198244975e-05 1.718278742643943e-05 1.3156547480480361e-05 1.0692191283947502e-05
5186.71688213 0.000158843669698179 4.9778945969773715e-05 3.154231606799217e-05 2.3385526697880687e-05 1.8168263577646257e-05 1.4930180369425255e-05
5187.58140698 0.00016728364960797974 5.525808842209006e-05 3.5575191986290646e-05 2.6671563927444264e-05 2.09247665719951e-05 1.7333221028179715e-05
5188.44607594 0.0001743510591754173 5.900789111188192e-05 3.824983430366695e-05 2.8831432379324082e-05 2.272450712824315e-05 1.890043572339788e-05
5189.31088902 0.00016783920834321172 5.677665920697201e-05 3.6840798241477386e-05 2.7802534274402093e-05 2.1944645996054276e-05 1.8276674483988832e-05
5190.17584624 0.0001628156849980616 5.5536230392664844e-05 3.613446010651121e-05 2.7328886125592235e-05 2.1609352017477212e-05 1.8025859711916807e-05
5191.04094764 0.0001788558845688989 6.248698057126982e-05 4.082758798276213e-05 3.096842470503934e-05 2.4525001169559515e-05 2.0483042899066935e-05
5191.90619323 0.00018192074370176848 6.321519296170679e-05 4.1199477923890014e-05 3.1190164142567544e-05 2.4650898692666294e-05 2.055180738726966e-05
5192.77158304 0.00016083580403079877 5.310602404293912e-05 3.421213884730736e-05 2.5684579156324607e-05 2.017239216940938e-05 1.673024070476111e-05
5193.6371171 0.00014560164432030764 4.5549193196823875e-05 2.9002479178972663e-05 2.1589782608896592e-05 1.685637681153999e-05 1.3910803895183713e-05
5194.50279543 0.0001563384897373318 4.969689790243146e-05 3.179287398153914e-05 2.3737885904670664e-05 1.8571998462157526e-05 1.5348701670060565e-05
5195.36861804 0.00017109096940036856 5.6730764688759675e-05 3.664934937883534e-05 2.7548493596101235e-05 2.166059273697891e-05 1.797537492807833e-05
5196.23458497 0.0001630062367294843 5.4014586576770956e-05 3.487670301942467e-05 2.6218764829657075e-05 2.0626834942772167e-05 1.7131338173067385e-05
5197.10069624 0.00015626016004175095 5.127520409780994e-05 3.303366637615008e-05 2.4797928727470874e-05 1.9497074169837623e-05 1.6187200269247396e-05
5197.96695188 0.00016252892824832724 5.4610130643073434e-05 3.539078062833458e-05 2.66725736578614e-05 2.1046409242394433e-05 1.7524797127449596e-05
5198.8333519 0.00016575606175547584 5.752523362964197e-05 3.758242048740885e-05 2.8489185237135826e-05 2.2588100093904507e-05 1.8883978839146817e-05
5199.69989634 0.0001682455965447594 5.8366521323964185e-05 3.8109593757454984e-05 2.8881130316212103e-05 2.2879507930644406e-05 1.9113627676367565e-05
5200.56658521 0.00017030069719221986 5.863174240713325e-05 3.823933610803035e-05 2.8964498431002335e-05 2.2932881708302706e-05 1.915120248286514e-05
5201.43341854 0.00016741062006465525 5.692493139316499e-05 3.7095938233124794e-05 2.808200262282066e-05 2.2233303422499036e-05 1.8565625798958165e-05
5202.30039636 0.000170301603718132 5.779925028215131e-05 3.760603357639383e-05 2.8425481212237636e-05 2.2464228968908866e-05 1.87256376411756e-05
5203.16751868 0.00017002524248338832 5.8331646695072324e-05 3.7961005700964994e-05 2.8694814541929403e-05 2.2659296599230197e-05 1.8874989562796552e-05
5204.03478554 0.0001689161602600373 5.782543066664049e-05 3.757567889761789e-05 2.8363944651230804e-05 2.2353513791517667e-05 1.8584583048913776e-05
5204.90219695 0.0001745220528533261 5.915573280525015e-05 3.8330049289839057e-05 2.886802620714142e-05 2.2693597077749243e-05 1.882363430839968e-05
5205.76975294 0.0001639767306495321 5.29394341932834e-05 3.389759073691422e-05 2.5303741541953698e-05 1.973907692828367e-05 1.6262509524486152e-05
5206.63745354 0.00015535460894924394 4.8367617486642574e-05 3.070352875250554e-05 2.2760533110692034e-05 1.7652087475179643e-05 1.4465739201978907e-05
5207.50529877 0.00015255428396596004 4.697089392091344e-05 2.9720292474472436e-05 2.196835804352468e-05 1.7002904469186478e-05 1.3907951965925952e-05
5208.37328865 0.00016167477613928088 5.086951772517987e-05 3.235188197256981e-05 2.400311399713827e-05 1.863483688447205e-05 1.528406540014822e-05
5209.24142321 0.00015365586756616641 4.735919900328003e-05 2.9956749114069654e-05 2.2134509305271434e-05 1.712800942873557e-05 1.4009371794476244e-05
5210.10970247 0.00014578950879441462 4.406434404095917e-05 2.7738249040252322e-05 2.0425763204139693e-05 1.5757799498616926e-05 1.2855928362579568e-05
5210.97812645 0.00016248688559543234 5.0936355884592346e-05 3.237847576784852e-05 2.4016236492559973e-05 1.8626570996045484e-05 1.5263407945362718e-05
5211.84669518 0.0001692893918199161 5.4000146650703847e-05 3.451807100523915e-05 2.5707475825831617e-05 2.0020852446762455e-05 1.646457133545836e-05
5212.71540869 0.0001730608620100979 5.8054763811509284e-05 3.766118668223336e-05 2.8370196114102393e-05 2.2352975522204444e-05 1.8577156782339998e-05
5213.58426699 0.00017680720592675646 6.113437929928615e-05 3.998949990980746e-05 3.0319672974489275e-05 2.405489862176362e-05 2.0118812874551327e-05
5214.45327012 0.00017878186153178527 6.223442006747252e-05 4.0760351159712e-05 3.0943613525523515e-05 2.4583557026038455e-05 2.0589990395421306e-05
5215.32241809 0.00017742923670543758 6.231388816236911e-05 4.085594429650057e-05 3.1051243887060203e-05 2.4689506575633434e-05 2.0696762130632553e-05
5216.19171093 0.0001695750467947821 5.9183113630126344e-05 3.871523827962271e-05 2.9383151155272265e-05 2.3336082591155152e-05 1.9545188106941245e-05
5217.06114867 0.00016371956601153926 5.6486810580335676e-05 3.683487420386586e-05 2.7893406631176998e-05 2.2111073574172215e-05 1.848947892701175e-05
5217.93073133 0.0001612001597876255 5.579209648109661e-05 3.638499343501177e-05 2.7553182106752314e-05 2.1841986938079645e-05 1.826510986832873e-05
5218.80045892 0.00016045362377739518 5.596741571837815e-05 3.657076618788517e-05 2.773662912993446e-05 2.2021437627949295e-05 1.844172669632247e-05
5219.67033149 0.00016724133848295973 5.8762570442354165e-05 3.85033723462892e-05 2.9260233471033994e-05 2.3274821514614908e-05 1.9523057321009527e-05
5220.54034904 0.00017743396935138422 6.298354573330417e-05 4.1362871411392055e-05 3.1465182239435034e-05 2.504224663329188e-05 2.100943039839121e-05
5221.41051161 0.00017850162448733082 6.276233902478481e-05 4.114980913946247e-05 3.125151183512158e-05 2.484065768999858e-05 2.0814008469856087e-05
5222.28081922 0.0001786907281876095 6.257765360633332e-05 4.1026953959403825e-05 3.11561185548077e-05 2.4767921383142904e-05 2.075493730543338e-05
5223.15127189 0.00017776896207103283 6.201048217768824e-05 4.061191648749333e-05 3.081047414841663e-05 2.447520814976733e-05 2.0495943535680623e-05
5224.02186965 0.00017563395953449542 6.091073001886732e-05 3.980864508593208e-05 3.016058439248116e-05 2.393074951296767e-05 2.0022258717800935e-05
5224.89261252 0.0001716555825740081 5.823762657117446e-05 3.787930702153274e-05 2.8603687969190304e-05 2.2629781956970556e-05 1.888783299497131e-05
5225.76350053 0.00016373508594402526 5.35780730933936e-05 3.455920139588698e-05 2.5945094557903723e-05 2.0429650334140608e-05 1.69834393146456e-05
5226.6345337 0.0001548440529160137 5.015946623947413e-05 3.224093437688111e-05 2.4164136138253707e-05 1.9008330944926772e-05 1.579307518600893e-05
5227.50571205 0.0001412985274952725 4.591892693741572e-05 2.9517493102049117e-05 2.2133507781610447e-05 1.741905280262675e-05 1.4481972556087094e-05
5228.37703561 0.0001312673068814884 4.213021720397576e-05 2.6942576048181687e-05 2.012449617444394e-05 1.5775165576189482e-05 1.3072684734880676e-05
5229.2485044 0.00015234877216362786 5.099262543035478e-05 3.292234726976257e-05 2.4749363329573773e-05 1.9490321602392315e-05 1.621030320365529e-05
5230.12011845 0.00017305801686675362 6.103896705825446e-05 3.993531342092663e-05 3.0312195790043233e-05 2.406772452600666e-05 2.015635507754398e-05
5230.99187778 0.00017264675420223795 6.129299765683541e-05 4.017435886297279e-05 3.053242445067159e-05 2.4274042997104214e-05 2.0352447464880386e-05
5231.86378242 0.00017379981158673072 6.14302821480721e-05 4.0261761376017124e-05 3.058784568330918e-05 2.4316929788026105e-05 2.0385874777285808e-05
5232.73583239 0.0001801784849807798 6.471246621101199e-05 4.2558599271332056e-05 3.2414867177659364e-05 2.5817009183586102e-05 2.167687566940142e-05
5233.60802771 0.00017077663289076012 6.070257619426983e-05 3.975349546867885e-05 3.0193822504441458e-05 2.3985927971767243e-05 2.009905026624308e-05
5234.4803684 0.00016076430579173078 5.517321631027427e-05 3.583151563250211e-05 2.7053445887229815e-05 2.138044357201103e-05 1.7839357360127336e-05
5235.3528545 0.0001648032005907955 5.7162565101868456e-05 3.735968423654184e-05 2.83280619177016e-05 2.2482369835158784e-05 1.8820576122115888e-05
5236.22548603 0.0001636512520263862 5.780663411236828e-05 3.799583285929767e-05 2.8931808858535592e-05 2.3066957155898034e-05 1.9385368990317727e-05
5237.09826301 0.00016813516304152194 5.959639438986754e-05 3.9151804113354534e-05 2.9811710933805345e-05 2.3772572853201258e-05 1.9985895834402213e-05
5237.97118546 0.0001744537923871935 6.293629900977103e-05 4.1493484910278026e-05 3.167695807802582e-05 2.5301344660173923e-05 2.1298812930617575e-05
5238.84425341 0.00017756316283727613 6.47377183459382e-05 4.280918547717294e-05 3.2740618723810686e-05 2.617310098380478e-05 2.2042523831230756e-05
5239.71746689 0.00018001235672991154 6.460436072183274e-05 4.257618858079203e-05 3.246647019078207e-05 2.5883784155186994e-05 2.1744593859620795e-05
5240.59082591 0.0001773673855808487 6.30815328507585e-05 4.151326393035859e-05 3.1624278117026426e-05 2.5198710029273876e-05 2.1159867078864124e-05
5241.4643305 0.0001755927026220951 6.23670889251124e-05 4.106828761504512e-05 3.1314092992238305e-05 2.4967459053919646e-05 2.097800090866129e-05
5242.33798069 0.0001810044703325737 6.473508534549082e-05 4.2638366796338664e-05 3.2526896929487164e-05 2.5925989475722315e-05 2.1777320497237438e-05
5243.2117765 0.00018150914097430864 6.535598199524345e-05 4.3059844771812896e-05 3.2863857636846713e-05 2.620561966432848e-05 2.202353778859311e-05
5244.08571796 0.00017371040371752435 6.176561901630946e-05 4.05959298479777e-05 3.093454491707068e-05 2.464961565534642e-05 2.070663012989737e-05
5244.95980508 0.00017358912230373692 6.157808282960656e-05 4.046359662085588e-05 3.0825865796362843e-05 2.4563528653305426e-05 2.0634915614417092e-05
5245.8340379 0.00018057168497638318 6.523550191476682e-05 4.300318428359048e-05 3.283639371823515e-05 2.620857421863059e-05 2.2047380623438035e-05
5246.70841644 0.00017941199034365404 6.449777649736093e-05 4.247736905211955e-05 3.24097607213935e-05 2.5848921738771345e-05 2.1730391738752477e-05
5247.58294072 0.00017262238323366514 5.945163845835707e-05 3.884760561077948e-05 2.9456116864061922e-05 2.3375347881664e-05 1.9562214561679818e-05
5248.45761076 0.00016680361971440215 5.510290773242651e-05 3.5648304693059515e-05 2.682026049637582e-05 2.115401655779497e-05 1.760659869213772e-05
5249.33242659 0.00017102224906905038 5.799458956207572e-05 3.771605977094868e-05 2.8485264322077754e-05 2.253932709171379e-05 1.8812166095863438e-05
5250.20738824 0.00017807235600588372 6.330264615726106e-05 4.160383912914032e-05 3.167389612933771e-05 2.5229340596923988e-05 2.1180775989414633e-05
5251.08249573 0.00017225528542750637 6.0425169217507904e-05 3.9603430620665875e-05 3.0100816697343345e-05 2.3956725460435823e-05 2.0101240747812273e-05
5251.95774908 0.00016683498031479945 5.6650222654439165e-05 3.688002638766232e-05 2.7895069531864675e-05 2.2110831013443033e-05 1.8489154524332757e-05
5252.83314832 0.00017405591436730404 6.022310868899644e-05 3.939664536838315e-05 2.988662093117651e-05 2.3727597814787153e-05 1.9862712503410083e-05
5253.70869347 0.0001787421689306093 6.314478180624313e-05 4.1467729372431295e-05 3.153922126082416e-05 2.5089563761051324e-05 2.1036495665925076e-05
5254.58438456 0.00017565001356623306 6.225700234446167e-05 4.091995060458108e-05 3.115897947111338e-05 2.4820082907916246e-05 2.0840492257595143e-05
5255.46022161 0.00017244397843874416 6.094896304847383e-05 4.001671771120662e-05 3.0453176167348495e-05 2.4248290541395222e-05 2.0356058520201546e-05
5256.33620464 0.00016326959621951257 5.5737571342402126e-05 3.630429941570427e-05 2.745460252868547e-05 2.1760676597549802e-05 1.8194195657685273e-05
5257.21233369 0.00016695787779465228 5.745839452738703e-05 3.750620636594723e-05 2.840767412941765e-05 2.254539844941566e-05 1.8870562158967794e-05
5258.08860876 0.0001805178512816407 6.559139305188443e-05 4.329475894679636e-05 3.3067351841073705e-05 2.640369463670427e-05 2.221552380712373e-05
5258.9650299 0.0001841966739394629 6.770110363886569e-05 4.478832357809698e-05 3.42657385224988e-05 2.739181685628176e-05 2.306997879503541e-05
5259.84159712 0.00018179001841274657 6.648948543550374e-05 4.395955559495415e-05 3.3625008803012766e-05 2.6875831012542385e-05 2.263523063425315e-05
5260.71831044 0.00017418884399487093 6.271407453022506e-05 4.136575404747764e-05 3.158994977134526e-05 2.5227124823141807e-05 2.1232036967593943e-05
5261.59516989 0.00017042015099438942 6.063013330055184e-05 3.987916507991084e-05 3.038401215451378e-05 2.4218304186659366e-05 2.0348158108738493e-05
5262.4721755 0.00016705680659708788 5.8914160799730565e-05 3.8652255908405945e-05 2.939548872205856e-05 2.338910984046254e-05 1.9621262673057453e-05
5263.34932729 0.00015857817816643783 5.4709934601211886e-05 3.5716364395671584e-05 2.70633014372909e-05 2.1472333126835562e-05 1.7969206498434167e-05
5264.22662529 0.00015294326083549315 5.146392047759655e-05 3.339340153206966e-05 2.5189506792008257e-05 1.9922267864340853e-05 1.6628450515728778e-05
5265.10406951 0.0001488094307144409 4.885829526182629e-05 3.1529201595309215e-05 2.3690238754864263e-05 1.8677689957016566e-05 1.55474700955831e-05
5265.98165999 0.00015004928541480063 4.9789849851793255e-05 3.2207420710488127e-05 2.423725480691343e-05 1.9125286385139054e-05 1.5927937895671265e-05
5266.85939674 0.0001471952145740043 4.775677538454039e-05 3.068134787690114e-05 2.2968394847154963e-05 1.8044852411557174e-05 1.4972000737237558e-05
5267.73727979 0.0001470003006495995 4.712430916929982e-05 3.0122951597619626e-05 2.2470210344090233e-05 1.7595164747396186e-05 1.4560552787212729e-05
5268.61530917 0.00016201528091786829 5.501399288804693e-05 3.563277509016186e-05 2.684127414668826e-05 2.1171217757748785e-05 1.762862091916261e-05
5269.4934849 0.0001646751555416181 5.634956298286837e-05 3.6544564300490695e-05 2.7548779966905354e-05 2.173268053782296e-05 1.8097064812356772e-05
5270.37180701 0.00014420105545597263 4.5537297708544606e-05 2.883917375834816e-05 2.1357019792501902e-05 1.659254129385083e-05 1.3641999847194698e-05
5271.25027551 0.0001308353939504537 3.8860475210463317e-05 2.409912033716535e-05 1.7562821701641698e-05 1.3451689763351457e-05 1.0927518995929506e-05
5272.12889044 0.00014957495470132519 4.8491406843467885e-05 3.091904148898697e-05 2.3015064871084943e-05 1.7943816027950278e-05 1.4793779003100979e-05
5273.00765182 0.00017192588743196845 5.997903999678127e-05 3.908348627111754e-05 2.956318608372717e-05 2.3373816151836826e-05 1.9496566930744986e-05
5273.88655967 0.000169273998020844 5.982717399190108e-05 3.916923755788077e-05 2.974176395749557e-05 2.3618461752154335e-05 1.9779213716625155e-05
5274.76561401 0.00016092764787065353 5.596251218519699e-05 3.65591868005096e-05 2.7734523822711128e-05 2.2030544886530594e-05 1.8460224394359515e-05
5275.64481488 0.00016629198909829846 5.9035277134052075e-05 3.8760102193153694e-05 2.950560260304888e-05 2.350290298849056e-05 1.9738839759685363e-05
5276.52416229 0.00016020631878497577 5.665643903786205e-05 3.719190481687444e-05 2.8302723792885213e-05 2.2540571800759215e-05 1.892584479233445e-05
5277.40365628 0.00015659222560089958 5.514237151266347e-05 3.6169794132899175e-05 2.7510449191773925e-05 2.1902594981245863e-05 1.838608161355124e-05
5278.28329685 0.0001719978590412564 6.232999653747013e-05 4.111259133310668e-05 3.139544063179157e-05 2.506943646475095e-05 2.109755372475605e-05
5279.16308405 0.00018288287750721925 6.731570861355331e-05 4.452944591568042e-05 3.407411026858475e-05 2.7243330654405755e-05 2.295147807840763e-05
5280.04301789 0.00018491859843389305 6.854722694663842e-05 4.540790381062428e-05 3.477680766470658e-05 2.7818249505437876e-05 2.3442341196508343e-05
5280.9230984 0.0001775683975408514 6.541533729353246e-05 4.329732088736569e-05 3.313968565065423e-05 2.6509817899377962e-05 2.2339848040213984e-05
5281.8033256 0.00016965303900853465 6.106795330306248e-05 4.0230266626773556e-05 3.068869125652884e-05 2.4498033935023423e-05 2.0610188196799017e-05
5282.68369951 0.0001683025894135811 5.988852603929977e-05 3.930836910578706e-05 2.9908146440606195e-05 2.381350904427093e-05 1.9992867041531153e-05
5283.56422017 0.0001673934611319832 5.9060172675994e-05 3.866661369482178e-05 2.936007895677401e-05 2.332652978991655e-05 1.9546671109519626e-05
5284.4448876 0.00016475145297127695 5.7738007954589775e-05 3.7747695872864875e-05 2.8630636191310216e-05 2.2726818903099467e-05 1.9029118759313497e-05
5285.32570181 0.00015650495718724764 5.4436525187729316e-05 3.557508842424379e-05 2.6979364126119082e-05 2.1430034105307178e-05 1.7955440863689837e-05
5286.20666284 0.00016598796432935466 5.930564856201625e-05 3.900947259330285e-05 2.9723103253893154e-05 2.3704718857020387e-05 1.9929574502216296e-05
5287.08777071 0.00018147081452928477 6.697015874675805e-05 4.430841911259053e-05 3.390295437595578e-05 2.7111494032186296e-05 2.2844401041438726e-05
5287.96902544 0.00018783002063840542 7.012633355345153e-05 4.648170316877769e-05 3.561425457930104e-05 2.8502684222596142e-05 2.4032249928998253e-05
5288.85042706 0.000185155000726447 6.83775261627548e-05 4.52443396197789e-05 3.461954399034762e-05 2.7682357305063185e-05 2.3323341035780135e-05
5289.73197559 0.00018028801811308112 6.530616371182743e-05 4.30752001615727e-05 3.2886396999124984e-05 2.625181713642883e-05 2.2086445422884908e-05
5290.61367106 0.0001818115941032755 6.596111625574666e-05 4.355036898599644e-05 3.327304322657619e-05 2.657242086805793e-05 2.2363968369198836e-05
5291.49551349 0.00018710784935777934 6.936040713242997e-05 4.598740543083521e-05 3.5242669240196984e-05 2.821272082541137e-05 2.379235422710452e-05
5292.3775029 0.00018877395771202006 7.0661516107572e-05 4.691756849333303e-05 3.599643569354472e-05 2.8840892888164286e-05 2.4340168278465304e-05
5293.25963933 0.00018538201005672606 6.90768141150074e-05 4.582020151519662e-05 3.5130245590786135e-05 2.8140040348194402e-05 2.374515434713622e-05
5294.14192279 0.0001800672808342457 6.602821894497582e-05 4.369826420378451e-05 3.3444028439342515e-05 2.676590001979064e-05 2.256963101662012e-05
5295.02435331 0.00017890094494268696 6.504633317864583e-05 4.297750787791471e-05 3.284587343193471e-05 2.6259279917428765e-05 2.212167788879225e-05
5295.90693092 0.00018059282332427186 6.584949491059398e-05 4.349583625869759e-05 3.323290842001623e-05 2.6553843175411664e-05 2.2358479768756043e-05
5296.78965563 0.00018039458341734903 6.540221563856048e-05 4.31247616000117e-05 3.2902520652849065e-05 2.6248138226046034e-05 2.2068155605703506e-05
5297.67252748 0.00017294451515252924 6.078292365695229e-05 3.980410458330753e-05 3.0219622349252614e-05 2.4001007284867767e-05 2.0100248333488664e-05
5298.55554648 0.00016077782359229297 5.401186220226583e-05 3.502026670981488e-05 2.6403596623968824e-05 2.0850476164653353e-05 1.737758878941559e-05
5299.43871267 0.0001531841144023985 5.0149775040992976e-05 3.2324206787325033e-05 2.4273660202704297e-05 1.9117345990101576e-05 1.5900952143883126e-05
5300.32202606 0.0001640506441674816 5.6580679859303644e-05 3.68802255075877e-05 2.7921056939928364e-05 2.2138601503602745e-05 1.852203706085595e-05
5301.20548668 0.00017818264809198417 6.458235356567768e-05 4.253545639861443e-05 3.242971120495962e-05 2.5853352759335416e-05 2.1727446950302785e-05
5302.08909456 0.000174958000280316 6.235077120150314e-05 4.092682124517004e-05 3.111354189403059e-05 2.4754994267469338e-05 2.0767096727742907e-05
5302.97284972 0.000170772526654748 6.040467881053299e-05 3.9621182040830664e-05 3.0110463337359638e-05 2.395238685545587e-05 2.0090228654679713e-05
5303.85675219 0.0001705018904459564 6.164789888072153e-05 4.063509257136726e-05 3.100441670397386e-05 2.4738398548123387e-05 2.080573644053562e-05
5304.74080198 0.0001764253328653741 6.519877832606334e-05 4.319333044488515e-05 3.307886514729789e-05 2.6479681773796813e-05 2.2333192970100512e-05
5305.62499913 0.00017792587856621717 6.585855735147551e-05 4.3670994033588596e-05 3.347715088081894e-05 2.6826693348276793e-05 2.2649604535543894e-05
5306.50934366 0.00017838193896525808 6.674166512324255e-05 4.4337224549463326e-05 3.403535282641761e-05 2.730512325209884e-05 2.3077596590258717e-05
5307.39383559 0.00017952641189168347 6.770495756581161e-05 4.503339714727794e-05 3.458710363514871e-05 2.7751637157054913e-05 2.3453495561534514e-05
5308.27847494 0.00017652308678254831 6.578362371689808e-05 4.361852356911973e-05 3.342477598955179e-05 2.6764161631845267e-05 2.257815268991675e-05
5309.16326175 0.00017318492121230287 6.396872935047419e-05 4.233377392869728e-05 3.2403790748671906e-05 2.5928674211267734e-05 2.1860938076515478e-05
5310.04819604 0.00017442902901606378 6.463979342234185e-05 4.284881057641549e-05 3.284128030304423e-05 2.6316240233473112e-05 2.2214708873630034e-05
5310.93327783 0.00018051197863287047 6.725741103454246e-05 4.4619853847647427e-05 3.4215396906646455e-05 2.7420772605632508e-05 2.3148621827793222e-05
5311.81850714 0.0001835653291401892 6.866896106121557e-05 4.5580191372011534e-05 3.495656066946012e-05 2.8010376375329098e-05 2.3640099538410325e-05
5312.703884 0.0001847211091354548 6.9080669371637e-05 4.585853464740811e-05 3.517208181882481e-05 2.8183081820464914e-05 2.378499360285451e-05
5313.58940844 0.00018455566733739561 6.869970032339342e-05 4.5552713595072376e-05 3.490897131416464e-05 2.7951325812043534e-05 2.357499445679656e-05
5314.47508048 0.00018016890031705116 6.655751857179577e-05 4.408595449191445e-05 3.375461362484113e-05 2.7005901939121107e-05 2.276082303696051e-05
5315.36090014 0.00017937037851083675 6.681450073407337e-05 4.432655095381891e-05 3.398360574851213e-05 2.7220693258444673e-05 2.2965966207117808e-05
5316.24686746 0.0001778536035820171 6.597638637606956e-05 4.37109421595017e-05 3.348796974504634e-05 2.681502003903391e-05 2.2621603093959747e-05
5317.13298244 0.00017110747983913223 6.355090187371139e-05 4.213140611359443e-05 3.229196116400576e-05 2.5873289777596705e-05 2.1839035972861204e-05
5318.01924512 0.00016204009944306596 6.094457240293033e-05 4.056242154836657e-05 3.117487601812895e-05 2.50450631261405e-05 2.118705124275718e-05
5318.90565553 0.00016736675059283 6.222683796654477e-05 4.132637523687489e-05 3.1710860051081954e-05 2.5443924740391497e-05 2.150156366333748e-05
5319.79221368 0.00017332586203373083 6.299161256124625e-05 4.1637391393897904e-05 3.1838268016990474e-05 2.546660908723369e-05 2.1462330203423946e-05
5320.67891961 0.00017046174070367077 6.0774552202175246e-05 4.001909757059359e-05 3.051524823250545e-05 2.4356238646296984e-05 2.048917743485963e-05
5321.56577333 0.00017159968762851533 6.131718688414189e-05 4.0371325577378287e-05 3.0778358821990786e-05 2.4561340768238755e-05 2.0658273951817453e-05
5322.45277488 0.00017324627863959813 6.217289933803964e-05 4.092177816900104e-05 3.1196340934545024e-05 2.4885669306935968e-05 2.0925989142327918e-05
5323.33992427 0.00017135969625805902 6.1058635966503e-05 4.0097752239743436e-05 3.052362533718431e-05 2.432268981746132e-05 2.0436044021288966e-05
5324.22722153 0.00017379448680056737 6.252597873601449e-05 4.1109177838773576e-05 3.131396950721098e-05 2.495380770761486e-05 2.0966683923935703e-05
5325.11466668 0.00016823611121575966 5.997081895028565e-05 3.9283324886321116e-05 2.984177321608812e-05 2.370904798863048e-05 1.9871154102565666e-05
5326.00225976 0.00016410829882590542 5.849086936594238e-05 3.8277473593737916e-05 2.9058708017748863e-05 2.3071181832750598e-05 1.9325136980429538e-05
5326.89000078 0.00016676004123478155 6.028526092964184e-05 3.962748579300685e-05 3.0168512239134017e-05 2.402005073192443e-05 2.0162835482312814e-05
5327.77788976 0.0001670993898683418 5.905288693787887e-05 3.857955438949952e-05 2.9226469128690262e-05 2.3161211163035355e-05 1.9360564960745373e-05
5328.66592675 0.00015501523396868554 5.1300542944756164e-05 3.2879355200469286e-05 2.4559253033750467e-05 1.9209437302388113e-05 1.587971652894618e-05
5329.55411175 0.00012950969606037404 3.884910186514623e-05 2.425205192492252e-05 1.7779229065691705e-05 1.3695112257550517e-05 1.1178916632051463e-05
5330.44244479 0.00013849006272985943 4.3736817335438224e-05 2.7763664685054764e-05 2.0605874863121783e-05 1.6043841091528875e-05 1.3212959547170656e-05
5331.3309259 0.00016146346037204716 5.598356319752169e-05 3.642279429315289e-05 2.7515026652019977e-05 2.174411668663332e-05 1.8131394049228814e-05
5332.21955511 0.00017347574662706847 6.258747767334644e-05 4.116849013849988e-05 3.134716416840438e-05 2.494716615775267e-05 2.0926248899616276e-05
5333.10833243 0.00017636268811872148 6.411081168510049e-05 4.226802389142548e-05 3.223640492892264e-05 2.5700688539934688e-05 2.1592469396269882e-05
5333.9972579 0.00017214182363253541 6.199045928597515e-05 4.078091126638283e-05 3.106377414656958e-05 2.4750226782557735e-05 2.0787021913069754e-05
5334.88633153 0.0001726349496814842 6.22637766355542e-05 4.098991428068797e-05 3.124200148186706e-05 2.4908722462816313e-05 2.0932411316204175e-05
5335.77555335 0.00017535677502862387 6.462950516224155e-05 4.27719837140913e-05 3.2719152129840466e-05 2.6167055002105862e-05 2.2045995234161918e-05
5336.66492338 0.0001754449920098324 6.587798090820181e-05 4.375771557487491e-05 3.3560761411481286e-05 2.689782040322994e-05 2.2703542728285625e-05
5337.55444166 0.000173771973802604 6.595293444927232e-05 4.3903194271275414e-05 3.372203789746979e-05 2.705607998915377e-05 2.2856702688544406e-05
5338.44410821 0.00016992313667150286 6.484841053604827e-05 4.323936954019186e-05 3.324604735896089e-05 2.669642080969942e-05 2.2566115968188957e-05
5339.33392304 0.00017379824765471013 6.624406935820833e-05 4.4130903765000655e-05 3.390998699545353e-05 2.7206969551587297e-05 2.2981878807160776e-05
5340.22388619 0.0001754478909134287 6.59561970369028e-05 4.375420115969454e-05 3.352540425683626e-05 2.6825385717304567e-05 2.2610667999863244e-05
5341.11399768 0.00016590818836693992 6.022179393244684e-05 3.961314814947354e-05 3.0175681411808365e-05 2.402815352838716e-05 2.017298611013303e-05
5342.00425753 0.0001594724861125042 5.567631850296602e-05 3.6324372620969026e-05 2.7511296931323162e-05 2.180315132214783e-05 1.8232045072442077e-05
5342.89466577 0.00016729074238345642 5.966390557612723e-05 3.91116742591886e-05 2.9726407423481372e-05 2.363002649349629e-05 1.9810914948860397e-05
5343.78522243 0.00017733611072999386 6.491754079844687e-05 4.282037749764905e-05 3.269336486996566e-05 2.6087860371850752e-05 2.194296354638741e-05
5344.67592752 0.00017763982549674924 6.484774617643432e-05 4.2805325714614366e-05 3.270427019336326e-05 2.6115496841663836e-05 2.1980549672090562e-05
5345.56678108 0.0001783058178459892 6.534540986750179e-05 4.319681897744831e-05 3.303525344189978e-05 2.6399335979939046e-05 2.2232170890098262e-05
5346.45778312 0.00017290658945385664 6.265479626273682e-05 4.130576642851669e-05 3.151918976266097e-05 2.5137129092750368e-05 2.1130261567687576e-05
5347.34893368 0.00016651140316898669 5.9630652110752316e-05 3.9194287394919906e-05 2.9838384420535702e-05 2.375272498969997e-05 1.9933397362137637e-05
5348.24023278 0.0001729723574233323 6.334204528866264e-05 4.182724904374683e-05 3.1947770976497946e-05 2.550878277561629e-05 2.146392873453142e-05
5349.13168043 0.00017440047210538418 6.342819467882101e-05 4.182527512056686e-05 3.1916212113162494e-05 2.5460541047049865e-05 2.1407166950444812e-05
5350.02327668 0.00016738886217010883 5.923341608236971e-05 3.8836483257127144e-05 2.951669385149393e-05 2.3461612010748264e-05 1.9664880609952888e-05
5350.91502153 0.00016290931969346534 5.7418814918850795e-05 3.7647616665193e-05 2.861234571009007e-05 2.274765558058944e-05 1.9069745626764202e-05
5351.80691503 0.00017046965623212628 6.177136011337951e-05 4.077464826016038e-05 3.1136051516779525e-05 2.485191194896956e-05 2.090314494593806e-05
5352.69895718 0.0001799054794614086 6.682647131111327e-05 4.430286690481454e-05 3.3936466191511374e-05 2.7159293715687353e-05 2.2898503103937146e-05
5353.59114802 0.0001801423707816555 6.717323094002546e-05 4.453443811224744e-05 3.412072552868566e-05 2.7318765390557067e-05 2.304500384318951e-05
5354.48348757 0.00017561212160296642 6.48500517647112e-05 4.289627388079105e-05 3.2820965539912774e-05 2.624417229362216e-05 2.2115398936214664e-05
5355.37597586 0.00017759037309668214 6.60713951581526e-05 4.373774777859943e-05 3.348143205301183e-05 2.677533357151597e-05 2.2564598386786237e-05
5356.2686129 0.00018473512754009472 7.027357862885559e-05 4.6710525381175486e-05 3.585676963467035e-05 2.8736469022152954e-05 2.4260238106015168e-05
5357.16139874 0.00018577122840272622 7.069921802966971e-05 4.702457553567464e-05 3.6114664436054225e-05 2.8952760954327365e-05 2.444748107354098e-05
5358.05433338 0.0001851424293870652 7.010337998603925e-05 4.659744469339177e-05 3.57700628333694e-05 2.8669041498948974e-05 2.4200938095627243e-05
5358.94741686 0.00018373436595162777 6.925868384756356e-05 4.599328134426691e-05 3.528499064203997e-05 2.8272700146528427e-05 2.386136467775117e-05
5359.84064919 0.0001835509865508024 6.896777714604654e-05 4.57582202223067e-05 3.508615040624829e-05 2.810122533828926e-05 2.3708976854206968e-05
5360.73403041 0.00018484491597987998 6.949463022039494e-05 4.6100587872123705e-05 3.534782748741442e-05 2.8305636217111547e-05 2.3877491164507915e-05
5361.62756054 0.0001859736995678736 7.02119945193568e-05 4.6614210715289656e-05 3.576448333666566e-05 2.8652393982343545e-05 2.4179738663526883e-05
5362.52123961 0.0001826740440826069 6.817504761769275e-05 4.520687631499383e-05 3.4651977808322684e-05 2.7746011910644334e-05 2.3403406129447502e-05
5363.41506763 0.00017672069567971482 6.522600129720939e-05 4.3196036592492055e-05 3.307848187771661e-05 2.6467137764104136e-05 2.230978617403806e-05
5364.30904464 0.0001719630323072005 6.381106005230761e-05 4.228886594100217e-05 3.2401620619761905e-05 2.5936743318785457e-05 2.187085545273828e-05
5365.20317066 0.00017121350741297815 6.319556753485798e-05 4.1774569965101514e-05 3.195426052568806e-05 2.554190058156795e-05 2.1514973676896967e-05
5366.09744571 0.00016496521161696735 6.0053403753700824e-05 3.9547400546586824e-05 3.0177502167929678e-05 2.4078755178328673e-05 2.0257218967870887e-05
5366.99186981 0.0001667001783910804 6.089916448690463e-05 4.0139420011537766e-05 3.064505220853691e-05 2.44620171224132e-05 2.0586515869610723e-05
5367.886443 0.00017377931617158597 6.397575831948146e-05 4.224923621577255e-05 3.2287628267881165e-05 2.57852038725743e-05 2.170477720810969e-05
5368.7811653 0.0001702274153860009 6.254887692376263e-05 4.127132700301024e-05 3.1523172547835764e-05 2.516098324191644e-05 2.1170773457066148e-05
5369.67603673 0.00017376602533412556 6.429784469591549e-05 4.246900428244985e-05 3.246130755486612e-05 2.592133393302953e-05 2.181685380286613e-05
5370.57105732 0.00016981030000468147 6.187691819797676e-05 4.073177199573724e-05 3.105139469605644e-05 2.4741366072470303e-05 2.0783501533871962e-05
5371.46622709 0.00015827915418127302 5.596485405969339e-05 3.653936095007168e-05 2.7687195984347445e-05 2.1940558553885188e-05 1.834571556895562e-05
5372.36154607 0.00015301841325944423 5.234705013377725e-05 3.383600108487791e-05 2.544199520576525e-05 2.000806635675954e-05 1.6617966383894193e-05
5373.25701428 0.000155747183499356 5.310538833384994e-05 3.4294364088181425e-05 2.5765040281955737e-05 2.0240803201538363e-05 1.6793572077715942e-05
5374.15263175 0.00017251157406599784 6.21610732307767e-05 4.075479174156347e-05 3.096939028987941e-05 2.4579851515017517e-05 2.0573914604921828e-05
5375.0483985 0.0001774584060283762 6.555837538027711e-05 4.329682240111725e-05 3.3085242268240225e-05 2.6404676597449027e-05 2.2209597226407082e-05
5375.94431456 0.00018114861041053145 6.779281132397036e-05 4.491646554442535e-05 3.4402488070635936e-05 2.7514937818656633e-05 2.3186882147838583e-05
5376.84037995 0.00018454970693530546 6.939364757549668e-05 4.603539628982388e-05 3.5289057267617705e-05 2.823817566341972e-05 2.3805087646537445e-05
5377.7365947 0.00018220400561620145 6.77873963869297e-05 4.490386956468602e-05 3.437826181016957e-05 2.748243152130705e-05 2.3147031733421592e-05
5378.63295882 0.00017608979407897113 6.506937767387064e-05 4.305426046238323e-05 3.292998368010486e-05 2.631952861609087e-05 2.2164665698491987e-05
5379.52947236 0.00017333008943220418 6.489177762824458e-05 4.301816050088022e-05 3.295021730469231e-05 2.637637365853228e-05 2.224345099316938e-05
5380.42613532 0.00017502157784789543 6.631610655030731e-05 4.405004439489935e-05 3.379582967035126e-05 2.7086412034580156e-05 2.2867381602571014e-05
5381.32294774 0.0001729753086689153 6.554791496201676e-05 4.3558018123505774e-05 3.342741924368568e-05 2.6791447021511063e-05 2.2616851644179215e-05
5382.21990965 0.00017040848027977609 6.419511187727962e-05 4.267107830603682e-05 3.274805780465385e-05 2.6248941636644672e-05 2.2156924777454263e-05
5383.11702106 0.00017170817418864755 6.386312008790497e-05 4.2353563935618945e-05 3.245796236750223e-05 2.5991225548274867e-05 2.1924169784364067e-05
5384.014282 0.00016949875960260458 6.227520840701153e-05 4.112214677388873e-05 3.142970773766585e-05 2.5101816575518892e-05 2.1131687227472288e-05
5384.91169249 0.00016606562455472883 6.040089809994821e-05 3.9746837876952135e-05 3.030693951524666e-05 2.4145587644104615e-05 2.0286401880265162e-05
5385.80925257 0.00017312641603708706 6.315618606546358e-05 4.165271963806513e-05 3.17975346308163e-05 2.5359575562786686e-05 2.132158863496069e-05
5386.70696225 0.0001750672370033632 6.385625498027044e-05 4.220138484414025e-05 3.226021956405271e-05 2.5778748594955538e-05 2.1709321256022843e-05
5387.60482156 0.00017477023307999707 6.415545222131947e-05 4.244315897937123e-05 3.2470374343064894e-05 2.5974842014553136e-05 2.1895184198423468e-05
5388.50283053 0.00017421935490444313 6.410702070824518e-05 4.240191947664102e-05 3.243187612294309e-05 2.5937664638163095e-05 2.1859176278806048e-05
5389.40098918 0.00017229764204310848 6.309030759221893e-05 4.169703750507047e-05 3.187159678168055e-05 2.547632718423369e-05 2.1460814723993037e-05
5390.29929754 0.0001698624785205648 6.135983445515132e-05 4.044511132492059e-05 3.084947787511626e-05 2.460975804651035e-05 2.0693581644229356e-05
5391.19775562 0.00016697496225223245 5.9198833641612885e-05 3.8899182036658386e-05 2.960645638059431e-05 2.3571837385292436e-05 1.9786624008495483e-05
5392.09636346 0.00016889953337045595 5.997890334456338e-05 3.9452225282094135e-05 3.005569279350158e-05 2.3941671030813316e-05 2.0104114162099017e-05
5392.99512109 0.00016666504606203613 5.9938131999426656e-05 3.9500440434962194e-05 3.013256415061762e-05 2.403303795963084e-05 2.020321130476002e-05
5393.89402851 0.00016459622104785725 6.0300492024909444e-05 3.9803310880920594e-05 3.0394346898897182e-05 2.425942598077969e-05 2.0407200906212825e-05
5394.79308577 0.0001650938088501719 6.0340311972723305e-05 3.974264113263103e-05 3.0301776651656337e-05 2.414754963033155e-05 2.0287197192275605e-05
5395.69229288 0.0001698053919981098 6.135425799576263e-05 4.026331876608661e-05 3.0609555980243904e-05 2.4337712721600814e-05 2.040839963022188e-05
5396.59164988 0.00017316715989742034 6.28110677442005e-05 4.124498129445923e-05 3.136490991245392e-05 2.494287445416369e-05 2.0917295487205488e-05
5397.49115677 0.00016926010575728294 6.087755870399807e-05 3.9947028822225865e-05 3.0357017907829165e-05 2.4115009609688705e-05 2.0198509614609727e-05
5398.3908136 0.0001548350334971071 5.275904313597016e-05 3.4181782827845384e-05 2.572742467472428e-05 2.0263998495064617e-05 1.684744598652167e-05
5399.29062039 0.0001584838271170744 5.500875750131943e-05 3.579221265859418e-05 2.704024227871946e-05 2.1371652678453864e-05 1.7826169794254325e-05
5400.19057715 0.00017101028420239448 6.227580470035385e-05 4.102181094335265e-05 3.128609766969046e-05 2.493874682405318e-05 2.0956516552012617e-05
5401.09068392 0.00017150826036432316 6.278800675782586e-05 4.1443082688958616e-05 3.1655409253837004e-05 2.5275134499146474e-05 2.127025929240783e-05
5401.99094072 0.00016446294244687885 5.895562066680083e-05 3.876214054604259e-05 2.9521664623200192e-05 2.351933995272606e-05 1.975552744920129e-05
5402.89134758 0.00016793385470842257 6.0070023533736286e-05 3.949836557945425e-05 3.0077521856158225e-05 2.3949001573749242e-05 2.0103437788915803e-05
5403.79190451 0.0001733979515777125 6.330103075710168e-05 4.179723654443127e-05 3.1926688732333784e-05 2.5482291285759416e-05 2.1433567432204955e-05
5404.69261155 0.00016591807922070577 6.0243578987037085e-05 3.9695365214648046e-05 3.0288857081881136e-05 2.415937610451926e-05 2.0314752016029112e-05
5405.59346872 0.00015369836247731424 5.406963077552238e-05 3.532183429030364e-05 2.6793205429663205e-05 2.126679479678483e-05 1.781307586274111e-05
5406.49447605 0.00015108616348057338 5.139184518946318e-05 3.324664473584062e-05 2.5026022733358738e-05 1.9721782197338428e-05 1.6414141351315268e-05
5407.39563356 0.0001490720993832137 4.967965462162712e-05 3.196120760352565e-05 2.3948321291699255e-05 1.879765918431654e-05 1.5588972568008825e-05
5408.29694127 0.0001567897309698291 5.419323253373713e-05 3.5247420435509754e-05 2.662053887591968e-05 2.1054681008375633e-05 1.757341562447973e-05
5409.19839921 0.00016586139140690187 5.9389653391540204e-05 3.9018209888244505e-05 2.9685085058122303e-05 2.3628127906531014e-05 1.98262378504122e-05
5410.10000741 0.00016950567099931693 6.0746036971392064e-05 3.993621671368241e-05 3.040168662499247e-05 2.4195340207797387e-05 2.029913974801984e-05
5411.00176589 0.00016193827131410568 5.6408736928209616e-05 3.68229830917231e-05 2.7891296346411377e-05 2.2093500921233953e-05 1.8460831773496324e-05
5411.90367468 0.00016042884836949347 5.6896919959301336e-05 3.724290856756647e-05 2.8277828742426678e-05 2.244922657711494e-05 1.8798455469433815e-05
5412.80573379 0.00016748059716223447 6.130375605738646e-05 4.0401707946269466e-05 3.083161548851806e-05 2.45881874969083e-05 2.067250892697675e-05
5413.70794326 0.00017700533335047747 6.574082091153473e-05 4.3473081770716035e-05 3.324924154150245e-05 2.655891628905819e-05 2.235643612093324e-05
5414.61030311 0.00017802783568999567 6.651661855417516e-05 4.4085967283776137e-05 3.376992428606674e-05 2.7022072148285244e-05 2.2780123603675355e-05
5415.51281337 0.00017377543394363041 6.536394949503806e-05 4.338809871009221e-05 3.327584953585567e-05 2.6663848545586147e-05 2.2507801667875356e-05
5416.41547406 0.00016665864890463334 6.220332148067316e-05 4.117416729956513e-05 3.152646285268834e-05 2.5223315648098055e-05 2.126929614805943e-05
5417.3182852 0.0001712447433556943 6.390825230298334e-05 4.229103679579809e-05 3.237375329355315e-05 2.588638044331932e-05 2.181629045426613e-05
5418.22124683 0.00017920199800090138 6.739137930703702e-05 4.469787356835738e-05 3.426364790878517e-05 2.74282863747828e-05 2.313373059675808e-05
5419.12435896 0.00017963967380601846 6.780093583203751e-05 4.5037200959533515e-05 3.456115509641478e-05 2.7695128153368344e-05 2.3378319815643202e-05
5420.02762162 0.00017513152251504493 6.532644578879485e-05 4.3335361286648836e-05 3.322180850391682e-05 2.65963717266102e-05 2.2429344696199865e-05
5420.93103484 0.00017201741085747435 6.276677668392827e-05 4.1429993048247954e-05 3.1641219104302746e-05 2.5248966857753113e-05 2.123275216634927e-05
5421.83459864 0.00016943814839211064 6.124224588163778e-05 4.02919326132809e-05 3.069251305657958e-05 2.445082135951992e-05 2.0534293270358322e-05
5422.73831305 0.00017266606539307876 6.366154595955662e-05 4.207555342129913e-05 3.215872643104435e-05 2.569333287261418e-05 2.1632134993830695e-05
5423.64217809 0.00017855946152611234 6.719194341774998e-05 4.458404742052672e-05 3.4180336359583844e-05 2.7371391012353998e-05 2.3091177253904107e-05
5424.54619379 0.00017401114510939524 6.531501116181023e-05 4.3254811447328685e-05 3.312591674996423e-05 2.6501594598981975e-05 2.234342033527958e-05
5425.45036016 0.00015905362718731972 5.802085119692741e-05 3.817654546160798e-05 2.9109042069161745e-05 2.3216698938888326e-05 1.952889017501362e-05
5426.35467725 0.0001604795583879809 5.884279028333494e-05 3.880619346285998e-05 2.9627091843217147e-05 2.3660764265739396e-05 1.9920427918374023e-05
5427.25914506 0.00017199456535232262 6.412893132270921e-05 4.2478597140923564e-05 3.2512875389863614e-05 2.6004108034321107e-05 2.1912119287400114e-05
5428.16376364 0.00017925207427309806 6.73567553909946e-05 4.466585179165993e-05 3.421137537772481e-05 2.7366638371865994e-05 2.3061737525381894e-05
5429.06853299 0.00018043352034320624 6.845460409030148e-05 4.544289835793391e-05 3.484090280269127e-05 2.7891246142543174e-05 2.352124779174737e-05
5429.97345316 0.00017039873608544465 6.26083657070428e-05 4.126838024087247e-05 3.14767097059523e-05 2.508844867638395e-05 2.1079063993298073e-05
5430.87852415 0.00015246362250866713 5.25928027466571e-05 3.417059539885185e-05 2.5795435915118285e-05 2.0378940347955614e-05 1.6993660045859275e-05
5431.78374601 0.00015856021185143643 5.58675382820716e-05 3.646134165603582e-05 2.7615947462472342e-05 2.1870779583727866e-05 1.8274956287846268e-05
5432.68911874 0.00017452631318388916 6.434112730482334e-05 4.243973398006566e-05 3.238371261611161e-05 2.5810635963030178e-05 2.1682538320043324e-05
5433.59464239 0.00017162760124665502 6.269468581140964e-05 4.127894589746335e-05 3.1441688625696185e-05 2.5033778081006207e-05 2.1009922508249134e-05
5434.50031697 0.0001648658547136697 5.937148435435649e-05 3.896886246354664e-05 2.9610365314677522e-05 2.353340558099986e-05 1.9721046061133325e-05
5435.4061425 0.00016110247193963648 5.7388801432297804e-05 3.75486015186113e-05 2.8479659433161115e-05 2.258739845073975e-05 1.8897181173403315e-05
5436.31211902 0.00015731945808689025 5.5145959090503415e-05 3.593141243134519e-05 2.7176561996128225e-05 2.1504422338639243e-05 1.7957739213356845e-05
5437.21824655 0.0001615808431066386 5.722650315473796e-05 3.742877833831838e-05 2.83920164167092e-05 2.254837235541233e-05 1.8891612023880048e-05
5438.12452511 0.00016499459560620274 5.874688440372428e-05 3.854384177821316e-05 2.9302524369197943e-05 2.3325795602803742e-05 1.9581588612492458e-05
5439.03095473 0.00017267630522147174 6.295492021353132e-05 4.1548454475684e-05 3.172058090950855e-05 2.5316037929747298e-05 2.1294889535305932e-05
5439.93753544 0.00017929034840102553 6.654242692327451e-05 4.405517111753555e-05 3.3715853415332175e-05 2.6935385260075458e-05 2.2673465991315154e-05
5440.84426725 0.00018232459349456676 6.874635504369957e-05 4.562071440073376e-05 3.497584193318761e-05 2.7979394461911246e-05 2.3580226704827933e-05
5441.7511502 0.00018201291353646195 6.92590189444786e-05 4.60455018699871e-05 3.535003078768712e-05 2.8327092020620878e-05 2.391150081288876e-05
5442.65818431 0.00017984805590318814 6.832894982919582e-05 4.542123952436732e-05 3.486619738317674e-05 2.7950442716064246e-05 2.3603267161266096e-05
5443.56536961 0.00017966094813847393 6.80407474950275e-05 4.5206165546881705e-05 3.4685028681750806e-05 2.7792718136971406e-05 2.3459658341196967e-05
5444.47270611 0.00018032023939476043 6.833758375450659e-05 4.540691922932612e-05 3.483994191407972e-05 2.7912420581317623e-05 2.3556910296492264e-05
5445.38019385 0.0001775231022031844 6.747353700618676e-05 4.482039223162155e-05 3.438531530242352e-05 2.7545329885961275e-05 2.3247494224428265e-05
5446.28783285 0.00016874858721406693 6.315164680035697e-05 4.177814696745133e-05 3.196060438924755e-05 2.553760707974972e-05 2.150783914958418e-05
5447.19562314 0.00016091356650750518 5.823797279472555e-05 3.8239188901200025e-05 2.9095607940246144e-05 2.313346850919162e-05 1.9399740960184358e-05
5448.10356473 0.00014975599915487755 5.139547053646784e-05 3.332715109048545e-05 2.5128635184099417e-05 1.9820154578759037e-05 1.650627017232216e-05
5449.01165767 0.00015754986320462303 5.462422548732593e-05 3.5524641522116585e-05 2.6839154357098546e-05 2.1199568074698513e-05 1.7671454311001353e-05
5449.91990196 0.00017112812631810668 6.109849296128552e-05 4.010717895713628e-05 3.050884203734001e-05 2.4241014856961382e-05 2.030516541856083e-05
5450.82829764 0.0001765322959421133 6.414480286588612e-05 4.2301219425304756e-05 3.22930891193894e-05 2.5733655370102807e-05 2.1609171779289665e-05
5451.73684474 0.0001797069783029464 6.653758040968353e-05 4.4007735323118436e-05 3.367769769736733e-05 2.6887744301775325e-05 2.2616566709739386e-05
5452.64554327 0.00018031668016335419 6.678315824574546e-05 4.416695315952906e-05 3.37988967908395e-05 2.6981967865113153e-05 2.269357303914903e-05
5453.55439326 0.00017728752456381067 6.50832932482625e-05 4.298780597760953e-05 3.285893860130875e-05 2.6220484255101757e-05 2.2045401635056877e-05
5454.46339474 0.00017478752994206154 6.3768630567633e-05 4.207796109729206e-05 3.213327058583347e-05 2.5633309281723296e-05 2.154633158458844e-05
5455.37254773 0.00017269175384907395 6.276589328639722e-05 4.135888344960952e-05 3.154884803663771e-05 2.5138750962202327e-05 2.1109557015972745e-05
5456.28185226 0.0001593942621490181 5.681832029734144e-05 3.723051191191655e-05 2.829410301174153e-05 2.246752244383583e-05 1.881326600091851e-05
5457.19130836 0.0001495718945296061 5.195554827169683e-05 3.382944343554518e-05 2.559366718818269e-05 2.0238207806742214e-05 1.688600289264902e-05
5458.10091604 0.00016608671064527507 5.951741012270258e-05 3.9062076058440226e-05 2.9715476645718808e-05 2.3606452990409635e-05 1.9771815278558115e-05
5459.01067534 0.00017622774169807358 6.473178278204524e-05 4.2752606682184314e-05 3.2675890674407717e-05 2.606860236121027e-05 2.1914622225550507e-05
5459.92058627 0.00017906746328436878 6.667390372083095e-05 4.4147450628282284e-05 3.381266332882432e-05 2.7022359852292112e-05 2.2751472316301355e-05
5460.83064888 0.00017996263499663555 6.701719469154206e-05 4.4380729365344534e-05 3.399034684899755e-05 2.7162966526841318e-05 2.286706057673154e-05
5461.74086317 0.00017679351930482054 6.456074763579262e-05 4.260196982207728e-05 3.252181866973941e-05 2.5921349984506245e-05 2.1767623434020998e-05
5462.65122917 0.0001748530361240819 6.35253748509485e-05 4.184220274364109e-05 3.1896439846543046e-05 2.5391920960300525e-05 2.130088385569502e-05
5463.56174692 0.00017015285104763408 6.217180611624014e-05 4.09725767085196e-05 3.1272004132275625e-05 2.4930286701174625e-05 2.0947825917413868e-05
5464.47241643 0.00016045892462986658 5.791772842849212e-05 3.807682954026631e-05 2.9025718284156482e-05 2.3126662694980016e-05 1.9428782514009306e-05
5465.38323773 0.00016502092783092238 5.995302921256548e-05 3.947257956191463e-05 3.0114344245543722e-05 2.400189382279166e-05 2.0166759106602135e-05
5466.29421085 0.00017495629259057935 6.48382056357687e-05 4.2866680277480735e-05 3.2795334646883453e-05 2.6189036816049483e-05 2.203719623433803e-05
5467.20533581 0.0001734272992590656 6.426346359278312e-05 4.2498241049901636e-05 3.251871324749748e-05 2.5971762935225608e-05 2.1856977701773412e-05
5468.11661264 0.00016787268460942574 6.175315901447618e-05 4.078618784153611e-05 3.1178392697339834e-05 2.4896339079967633e-05 2.0950512251103793e-05
5469.02804136 0.00017185662136480763 6.35550772617244e-05 4.2034368006206215e-05 3.215871626358522e-05 2.5699616323185788e-05 2.1639754650771158e-05
5469.93962199 0.0001757621339371551 6.491990598773802e-05 4.2937654993756104e-05 3.284318311861341e-05 2.623168078193636e-05 2.207335564039208e-05
5470.85135457 0.000174492868121311 6.402136737450678e-05 4.227629753405835e-05 3.2289335081128184e-05 2.576153537860579e-05 2.1655991445547678e-05
5471.76323912 0.00017166573667264288 6.217920808866449e-05 4.094602540893816e-05 3.1195209217813134e-05 2.484188668359717e-05 2.0846305332750013e-05
5472.67527566 0.0001730938832712658 6.307406247501928e-05 4.159247367015663e-05 3.172369037396071e-05 2.52837786233375e-05 2.1232855382999566e-05
5473.58746422 0.0001739201636324358 6.424124208821392e-05 4.248950603856033e-05 3.249867746138575e-05 2.5965406733871687e-05 2.185639622409608e-05
5474.49980482 0.0001675115666199245 6.088399360846907e-05 4.016718969098545e-05 3.0665985246791824e-05 2.447694995306378e-05 2.0587367224184243e-05
5475.4122975 0.00016485064628165175 5.893933608570108e-05 3.875708266566006e-05 2.9511075083638548e-05 2.349509971164321e-05 1.9715685891657727e-05
5476.32494226 0.00017073653906514972 6.213956676472415e-05 4.0957642621130836e-05 3.124504746680595e-05 2.4895374451817296e-05 2.0904451007365973e-05
5477.23773915 0.00016244241026463815 5.880916004397613e-05 3.868967894874907e-05 2.9491683696968454e-05 2.3492397889907946e-05 1.972823936513601e-05
5478.15068819 0.0001439056978100799 4.965351740591245e-05 3.233377751139019e-05 2.4469112871980248e-05 1.9394389872188506e-05 1.622224415705759e-05
5479.06378939 0.00015197894640511502 5.3373746966720274e-05 3.488216365452458e-05 2.6449615005671593e-05 2.0991198740752147e-05 1.7571095227476575e-05
5479.97704279 0.000165090526983364 6.012181810731103e-05 3.954215086434278e-05 3.013431370899841e-05 2.400921159902632e-05 2.0165779438472482e-05
5480.89044841 0.00017093272417393913 6.318900354763253e-05 4.166407176961346e-05 3.182616797401678e-05 2.540621853960771e-05 2.1379019080621973e-05
5481.80400628 0.0001675895118608629 6.121945968076036e-05 4.036516104261199e-05 3.082319485355539e-05 2.460565291459034e-05 2.0703133505327048e-05
5482.71771642 0.0001590509029001682 5.580451632411021e-05 3.654382914860925e-05 2.775112065352322e-05 2.20601898270688e-05 1.8491226242264536e-05
5483.63157886 0.0001629475946897889 5.7529961346930655e-05 3.7706732664757844e-05 2.8635233072047098e-05 2.2753502061551323e-05 1.906113756766811e-05
5484.54559362 0.0001668899699960895 6.021923636805353e-05 3.9622707257236474e-05 3.0178619440564653e-05 2.4043254687709995e-05 2.018948338251591e-05
5485.45976074 0.00017213563327008746 6.334383925509553e-05 4.185061521540997e-05 3.197843932320843e-05 2.5537127217755125e-05 2.1487648620791364e-05
5486.37408022 0.0001780379424435625 6.673928142159889e-05 4.426190720631127e-05 3.392188794989474e-05 2.7137744443000193e-05 2.2868268961531705e-05
5487.2885521 0.00017826887758841265 6.709189396894234e-05 4.452204137268468e-05 3.4138821994523376e-05 2.7319653797868485e-05 2.3027568178276355e-05
5488.20317641 0.0001701661828428555 6.276623837153094e-05 4.148276447841456e-05 3.171235777235196e-05 2.5321760065779843e-05 2.130419915130896e-05
5489.11795317 0.00015859196741282587 5.649270849042562e-05 3.707730044020598e-05 2.8194021570173082e-05 2.2422410049867792e-05 1.8800662392388183e-05
5490.03288241 0.0001634277488516379 5.922336067511416e-05 3.899703142195739e-05 2.9725905949050652e-05 2.3686949338710006e-05 1.989474199334049e-05
5490.94796414 0.00016815022101669563 6.168174736715178e-05 4.0741692886757235e-05 3.112548200961391e-05 2.4854397362172947e-05 2.0912420058797898e-05
5491.8631984 0.00016747228901352115 6.079712386942458e-05 4.0130055031117064e-05 3.063142429743067e-05 2.4444601925939585e-05 2.0552872171707454e-05
5492.77858521 0.00017236439082856219 6.382153809830713e-05 4.2274065025285234e-05 3.2356020947221754e-05 2.587105490495587e-05 2.1789908756725264e-05
5493.69412461 0.0001731970127171358 6.472976515023916e-05 4.29122454031983e-05 3.287658600747982e-05 2.6307140542205356e-05 2.217454661402174e-05
5494.6098166 0.00016676624929586455 6.104431047986852e-05 4.0307553457651723e-05 3.079841718223674e-05 2.4599816477165448e-05 2.070540628946833e-05
5495.52566122 0.00016639763401976018 6.056889581126579e-05 3.993693781674188e-05 3.0482707003803477e-05 2.432338099373217e-05 2.0454991342271084e-05
5496.44165849 0.00017224841165049614 6.359911600352261e-05 4.2039940957623595e-05 3.2144944111411265e-05 2.5669363948274815e-05 2.1598482563683774e-05
5497.35780845 0.00017534894939321357 6.530339545640026e-05 4.324331568564654e-05 3.3109330310927106e-05 2.6459789842918217e-05 2.2276574552314594e-05
5498.27411111 0.00016960209938143955 6.243302442318264e-05 4.123187322097525e-05 3.150850906680055e-05 2.514171585824422e-05 2.113879176014833e-05
5499.19056649 0.00016450878771876582 5.969344980313582e-05 3.930602318970477e-05 2.9974333705697483e-05 2.387707308743541e-05 2.004660741889566e-05
5500.10717464 0.00017220864398686964 6.407919847203798e-05 4.240624813951297e-05 3.246004203830811e-05 2.5937802212905356e-05 2.183611120900257e-05
5501.02393556 0.0001769842427423776 6.67683522229229e-05 4.4285645011444274e-05 3.395612519581358e-05 2.7165275485933234e-05 2.289226947963667e-05
5501.94084929 0.0001736519903482091 6.476725243619472e-05 4.2848139474680165e-05 3.279270889942322e-05 2.6188831564729765e-05 2.2035496787488762e-05
5502.85791585 0.00016536257200124239 6.0563401018437034e-05 3.993552905227146e-05 3.049247547781254e-05 2.43130997610649e-05 2.0429933600107833e-05
5503.77513527 0.00016594928916840516 6.134958910646244e-05 4.056673631738872e-05 3.103496105016731e-05 2.4795477188586184e-05 2.0871176778759126e-05
5504.69250757 0.00016644219872645965 6.11949250387579e-05 4.044874017359863e-05 3.092770272435738e-05 2.470588627095514e-05 2.0791991031336955e-05
5505.61003278 0.000166975251684766 6.073001104205334e-05 4.007004956287372e-05 3.0591913976060314e-05 2.4407376798611093e-05 2.0518444234461373e-05
5506.52771092 0.00016674590784483193 6.0737937968085734e-05 4.006245174549541e-05 3.058543321296433e-05 2.4400430922937114e-05 2.0513890290610695e-05
5507.44554203 0.0001595567228962311 5.6983183185268e-05 3.739035095067823e-05 2.843480411914774e-05 2.26107423321449e-05 1.8956424349775275e-05
5508.36352611 0.00015891233883112712 5.669800636526928e-05 3.7193278400842454e-05 2.8275702128538534e-05 2.247274540787715e-05 1.883124068744735e-05
5509.28166321 0.00016881945483010756 6.24215661945049e-05 4.128075958935028e-05 3.157060636449909e-05 2.5216249930461147e-05 2.122008770385138e-05
5510.19995334 0.00017146635878685895 6.438794504531967e-05 4.2732723706131654e-05 3.276721134779244e-05 2.6238084799590955e-05 2.212758833543357e-05
5511.11839654 0.0001680489131159703 6.246059656710145e-05 4.139063844764491e-05 3.1704468341931365e-05 2.5371623462435505e-05 2.138510868987361e-05
5512.03699282 0.000168505964499533 6.236249820371754e-05 4.1264926930583033e-05 3.1568948916556815e-05 2.5222756689490773e-05 2.1227743709849193e-05
5512.95574221 0.00016470563581753628 5.9540998326386256e-05 3.9187164005129304e-05 2.9858252137178945e-05 2.377092806701762e-05 1.9944733751791152e-05
5513.87464474 0.0001551333287783389 5.417756945026326e-05 3.538242455362116e-05 2.6810270664547543e-05 2.1258652456162417e-05 1.7779113831567294e-05
5514.79370043 0.00015939718185034916 5.671669253564345e-05 3.7164564593549706e-05 2.8230407032810688e-05 2.2422572105836487e-05 1.8780097434646902e-05
5515.71290931 0.00016409917000335315 5.839506050132217e-05 3.828918684708286e-05 2.908948168473321e-05 2.3102667505384303e-05 1.9344519558676616e-05
5516.63227141 0.00016690259523731595 5.978247528505838e-05 3.9289878184041324e-05 2.9906478911063582e-05 2.3784558844707535e-05 1.9938276572792247e-05
5517.55178675 0.00016880175526423147 6.140524907656803e-05 4.048033256705015e-05 3.088150167783536e-05 2.460971942300159e-05 2.066628051688606e-05
5518.47145535 0.00016940651804900068 6.191605089747765e-05 4.086688841654381e-05 3.120002760833764e-05 2.4888251970585845e-05 2.0918680926789257e-05
5519.39127724 0.00017451071240340258 6.527524985895553e-05 4.327380478469539e-05 3.315533243687841e-05 2.65198674204392e-05 2.2344713810746075e-05
5520.31125245 0.00017600429325293705 6.660591219346118e-05 4.422915930458397e-05 3.3933558803398304e-05 2.7169884414253164e-05 2.2913662646874813e-05
5521.231381 0.00017365644145542216 6.54535109374131e-05 4.342460637086384e-05 3.3293581734675704e-05 2.664585601125037e-05 2.246396943906216e-05
5522.15166292 0.00016914456978629443 6.292449705481179e-05 4.1671765004394265e-05 3.190623016420973e-05 2.551900621996291e-05 2.150277005868354e-05
5523.07209823 0.0001675418309257586 6.229428603075225e-05 4.126951360816208e-05 3.1609860685598274e-05 2.5300827861608555e-05 2.1333928938329146e-05
5523.99268696 0.00017048502724996152 6.375941241637939e-05 4.2270658799566854e-05 3.238898095797972e-05 2.5929208834818943e-05 2.1866467261216285e-05
5524.91342913 0.00017063982940157017 6.35315727948272e-05 4.208452402087964e-05 3.221768921900885e-05 2.577282446933096e-05 2.171903751556082e-05
5525.83432478 0.00017047601855763018 6.368572234939244e-05 4.219362092059366e-05 3.230826386133216e-05 2.5845550803800547e-05 2.1781038750034692e-05
5526.75537392 0.0001681552295224608 6.2882296476615e-05 4.167302244726622e-05 3.1923095927802315e-05 2.5547072904647676e-05 2.153797582093859e-05
5527.67657658 0.00016477932709629397 6.179844383755031e-05 4.101374214680372e-05 3.1454523387453e-05 2.5198722959193103e-05 2.1263457578343288e-05
5528.59793278 0.00016041872683676374 5.9728279509807736e-05 3.958096891364494e-05 3.032432076387175e-05 2.426698392197349e-05 2.0458306944749453e-05
5529.51944256 0.00015153507742315624 5.4828073378712e-05 3.605224595844428e-05 2.7472474665128225e-05 2.188242249329945e-05 1.837906233210555e-05
5530.44110594 0.00015346711124132254 5.5847017504049184e-05 3.674452283579208e-05 2.800980769247794e-05 2.2325414982291342e-05 1.8763216361045036e-05
5531.36292294 0.00016626901011747218 6.220815706477557e-05 4.1208185825516605e-05 3.155182451187463e-05 2.5245610598545825e-05 2.1281700805377544e-05
5532.28489359 0.00017155573108720742 6.465610553620402e-05 4.289598344145791e-05 3.287246158277883e-05 2.631662626245214e-05 2.2192031582630537e-05
5533.20701791 0.0001724590452787969 6.476249603041382e-05 4.2919892027784084e-05 3.2867593128633565e-05 2.6287220767666525e-05 2.214866052658673e-05
5534.12929594 0.00016929676191864505 6.259846468240131e-05 4.13825534279059e-05 3.16346174242955e-05 2.5267137476209636e-05 2.1265100089787553e-05
5535.05172769 0.00016989745952719222 6.353191848193456e-05 4.211078859761552e-05 3.225714366501333e-05 2.580886063911129e-05 2.1753070574187675e-05
5535.97431319 0.00016583774642756118 6.244810423291228e-05 4.14750833617796e-05 3.181727137950007e-05 2.5491241863747943e-05 2.1508479081601177e-05
5536.89705247 0.0001639479552182822 6.124991726840766e-05 4.0621518388095995e-05 3.112983773715327e-05 2.492103262292959e-05 2.1013228968356072e-05
5537.81994555 0.00017118249393087312 6.462313996871817e-05 4.290996885071129e-05 3.290708666745851e-05 2.6356211637777093e-05 2.2233269212809802e-05
5538.74299246 0.00017341083945220911 6.540326754672728e-05 4.3412130800795735e-05 3.3275359221410575e-05 2.6638308691195365e-05 2.246092851281674e-05
5539.66619322 0.00017099546611212563 6.358859723394795e-05 4.208967527258735e-05 3.219709920706744e-05 2.57285212419629e-05 2.1659590003120843e-05
5540.58954786 0.0001714256175716782 6.412090784639245e-05 4.24934274461618e-05 3.254179849942654e-05 2.6029792450834835e-05 2.193383095713167e-05
5541.51305641 0.00017431219078529602 6.62685318377395e-05 4.404593499235508e-05 3.3804728509408435e-05 2.708983804032447e-05 2.2864453419907597e-05
5542.43671889 0.00017672277217407886 6.778936076538311e-05 4.51180359390201e-05 3.466546982473962e-05 2.7795991666988937e-05 2.347268393412849e-05
5543.36053533 0.00017734762865850092 6.797755395321199e-05 4.5239593379227994e-05 3.475902259029918e-05 2.786443260540137e-05 2.3525637112018036e-05
5544.28450575 0.00017508047251412956 6.647860465109952e-05 4.4178679879367475e-05 3.391060520239871e-05 2.716043528072012e-05 2.291383299327463e-05
5545.20863017 0.00017061643111479844 6.45549788857413e-05 4.287224055940268e-05 3.289247956617898e-05 2.6345734549911957e-05 2.2228599444151046e-05
5546.13290863 0.00016989102914839204 6.45593157185133e-05 4.291106692072925e-05 3.293835485146501e-05 2.6395359038920818e-05 2.227860589453295e-05
5547.05734115 0.00017122466993173315 6.48752416858965e-05 4.310832050439784e-05 3.308044004968885e-05 2.6500567528524732e-05 2.2359712770234975e-05
5547.98192775 0.00016975164158864215 6.357376971314883e-05 4.215307752622584e-05 3.229590078468413e-05 2.584447135064687e-05 2.1787034991959407e-05
5548.90666847 0.00017222383652899274 6.520906427853928e-05 4.330689332049969e-05 3.321918536635494e-05 2.6604982242495102e-05 2.244367132845535e-05
5549.83156332 0.00017484032231346777 6.736525137254127e-05 4.4880463371742e-05 3.4506047174888736e-05 2.7683403207402412e-05 2.338731395575624e-05
5550.75661233 0.00017376526123839936 6.660628674489945e-05 4.434259089166951e-05 3.407468961120601e-05 2.7324461782557513e-05 2.3074257644489232e-05
5551.68181553 0.00017418496894370947 6.645189611598922e-05 4.418984625766589e-05 3.392988664395137e-05 2.7184802284296878e-05 2.2938513456601174e-05
5552.60717294 0.0001745322636100049 6.71404859127549e-05 4.470748454273377e-05 3.435911758441826e-05 2.7550780850227585e-05 2.326354382019116e-05
5553.5326846 0.00017274070089071716 6.652266927942921e-05 4.433402821001871e-05 3.409404390050058e-05 2.736982179530781e-05 2.3135918676793974e-05
5554.45835051 0.00017069651136368796 6.532995496837555e-05 4.34836382679443e-05 3.34090825529738e-05 2.680814827862906e-05 2.265474079125186e-05
5555.38417072 0.00016727235940909306 6.331669341425767e-05 4.2038528002389166e-05 3.2240605917739095e-05 2.5835325760724476e-05 2.1809130126652235e-05
5556.31014525 0.0001652033142397252 6.232715837741633e-05 4.1350927491041694e-05 3.170085228386489e-05 2.5393894324356967e-05 2.1431601987538762e-05
5557.23627411 0.0001697565650247259 6.429335667128475e-05 4.268592600091283e-05 3.2740431477108466e-05 2.6222488621316894e-05 2.2124887811491075e-05
5558.16255735 0.00017384872598461893 6.578850722024446e-05 4.36916235716795e-05 3.3521354358848606e-05 2.6840097581903973e-05 2.263735914814597e-05
5559.08899497 0.00017120640928781322 6.441544079308016e-05 4.275644175241949e-05 3.27953180916792e-05 2.6263467398178567e-05 2.215661534954449e-05
5560.01558702 0.000168781494005907 6.370672115920224e-05 4.231277245479217e-05 3.247032645706753e-05 2.6024681431622897e-05 2.197321649491823e-05
5560.94233351 0.00016594544132947923 6.253768916148473e-05 4.152713880650313e-05 3.186488182747265e-05 2.5545413728672724e-05 2.157436826672871e-05
5561.86923447 0.00016586877035110694 6.225347870545637e-05 4.130227738710159e-05 3.1675459134961025e-05 2.5380693491990783e-05 2.1425937432692726e-05
5562.79628993 0.00016531129583111011 6.16866875836108e-05 4.0862880794333515e-05 3.13021713296512e-05 2.5045576437643727e-05 2.1115532993718836e-05
5563.72349991 0.00016003662664643235 5.9107789112631794e-05 3.906909257152723e-05 2.9883576379871923e-05 2.3882162452457356e-05 2.0115551422726755e-05
5564.65086444 0.00016038674313553137 5.958525242021765e-05 3.9415937524528945e-05 3.0165840995836956e-05 2.412407024519875e-05 2.0332632341052683e-05
5565.57838354 0.0001668079477489872 6.292812490757261e-05 4.172440871213428e-05 3.197973954429524e-05 2.559645553364726e-05 2.158673630419905e-05
5566.50605724 0.00016789904386162944 6.32450686911402e-05 4.192754509792416e-05 3.212528229220292e-05 2.5699819549986813e-05 2.1661455330923724e-05
5567.43388557 0.00016382942381552992 6.0738825126113974e-05 4.015934140878087e-05 3.071041378064777e-05 2.4528456192366607e-05 2.0644733085524018e-05
5568.36186855 0.00016511182662701964 6.115737043972392e-05 4.0408319190301445e-05 3.088636093228482e-05 2.4659344837983264e-05 2.0748155343691637e-05
5569.2900062 0.00016688123178105547 6.241020791904734e-05 4.1294977561220464e-05 3.1596248366781284e-05 2.5251750758016626e-05 2.1266015787862512e-05
5570.21829856 0.000165892132708162 6.240796504293172e-05 4.1349008951894876e-05 3.166786073344438e-05 2.5333572268215687e-05 2.1353796931155954e-05
5571.14674564 0.00016175262034241088 6.0368760904923706e-05 3.994219793096179e-05 3.0562102349770216e-05 2.4432176182571156e-05 2.058343040612896e-05
5572.07534748 0.00016834466576105692 6.347267796230194e-05 4.20901970956578e-05 3.225288224981234e-05 2.5805280560446472e-05 2.1753029319864363e-05
5573.0041041 0.00016937750901626424 6.377061638001907e-05 4.227939177573966e-05 3.238887233618383e-05 2.5909626919537942e-05 2.1836607409645485e-05
5573.93301552 0.00015723055962080264 5.7551755719830707e-05 3.794633756766706e-05 2.8957552214197272e-05 2.3108930186890526e-05 1.943982707111197e-05
5574.86208178 0.00015757904167517224 5.8014425490318276e-05 3.828625489607653e-05 2.9248154663398454e-05 2.3359159416011124e-05 1.9665188554606125e-05
5575.79130289 0.00017072605770636568 6.50516431348183e-05 4.3221420765700085e-05 3.317874301969527e-05 2.658773061513693e-05 2.244378516651889e-05
5576.72067889 0.0001711685532693971 6.53916790420647e-05 4.3458960185543085e-05 3.3365478963231425e-05 2.6736063442695087e-05 2.256732327879301e-05
5577.65020979 0.00016595169507582853 6.27902058074098e-05 4.1655657336691975e-05 3.1943390905248074e-05 2.5576161675901346e-05 2.157520051828812e-05
5578.57989563 0.0001688558207251543 6.452694256239803e-05 4.291048744577543e-05 3.2960796257877636e-05 2.6435928562711792e-05 2.2333389430709093e-05
5579.50973644 0.0001702899009097538 6.512817783987496e-05 4.331938929247261e-05 3.327871371876168e-05 2.6700588182449657e-05 2.2564545800801493e-05
5580.43973222 0.00017043259103939268 6.484092080764412e-05 4.3063156036095155e-05 3.304550622975563e-05 2.6485917488564077e-05 2.2363044485481297e-05
5581.36988302 0.00017458525327970488 6.7394872344231e-05 4.4873135959210574e-05 3.449402349246166e-05 2.7674819112836925e-05 2.3385081876941405e-05
5582.30018886 0.0001733294086868907 6.695932419342641e-05 4.460408426263535e-05 3.429666850993312e-05 2.7525821967434748e-05 2.3265624997077782e-05
5583.23064976 0.00016585130143357453 6.272428628485816e-05 4.162184673192953e-05 3.191157170347477e-05 2.5556255187601076e-05 2.1560707204111814e-05
5584.16126575 0.00016595846358421126 6.278702614014962e-05 4.165774375911542e-05 3.193571754386093e-05 2.5571937008838378e-05 2.1571429221808053e-05
5585.09203686 0.0001646801445636377 6.191784738338308e-05 4.106929546006818e-05 3.1478885870089455e-05 2.521360761014292e-05 2.1276221685150554e-05
5586.0229631 0.00016142338849650157 5.965822231469363e-05 3.946819785040059e-05 3.018865682562252e-05 2.4150364177392453e-05 2.035787694361409e-05
5586.95404452 0.00016299933429247206 6.076264009606314e-05 4.020888096567311e-05 3.07617095241873e-05 2.460195264934196e-05 2.0733881165252194e-05
5587.88528113 0.00015547098708882273 5.725692981809947e-05 3.7711291922938065e-05 2.8767290667118817e-05 2.2939937628538788e-05 1.9289500536682903e-05
5588.81667296 0.000150121630620631 5.4233311768832045e-05 3.55602981924798e-05 2.7044261932613136e-05 2.1515373700851015e-05 1.805703638714123e-05
5589.74822003 0.00014751406875125326 5.266938727327719e-05 3.448530885994577e-05 2.6197996703375768e-05 2.0827715036158964e-05 1.746740515066244e-05
5590.67992237 0.00014638668675267424 5.215526773610801e-05 3.41763021961537e-05 2.5975509329434824e-05 2.0658061387625334e-05 1.732811940246502e-05
5591.61178001 0.00015395051811583618 5.5773602985504955e-05 3.6722697403167386e-05 2.7993934619873696e-05 2.2319302415367035e-05 1.8757591786751734e-05
5592.54379297 0.00016155851616084693 5.975164739122166e-05 3.952284391488518e-05 3.0221615171122028e-05 2.4158759974342878e-05 2.0347349813563265e-05
5593.47596128 0.00016140727538928212 5.92590616498653e-05 3.914674133609386e-05 2.9917890947945176e-05 2.3908066938996916e-05 2.0133839620725205e-05
5594.40828497 0.00016079687621194875 5.8767663872323374e-05 3.879100241743502e-05 2.9633005507214313e-05 2.3668361514145908e-05 1.9924124332139346e-05
5595.34076405 0.00015713103408032455 5.779680222502053e-05 3.815106017311589e-05 2.91485168174258e-05 2.327655939141111e-05 1.95914882568641e-05
5596.27339857 0.00015679329804356554 5.813998890540081e-05 3.8410248032531545e-05 2.9364894361058694e-05 2.345271581733187e-05 1.9741735367756288e-05
5597.20618853 0.00016918226242041822 6.474805791265187e-05 4.3037486500449296e-05 3.3040208006435686e-05 2.6473913771739443e-05 2.2344314123823695e-05
5598.13913397 0.00017315575700955487 6.685871519099622e-05 4.451450764627482e-05 3.421519416928798e-05 2.7440167475990434e-05 2.3176809220549578e-05
5599.07223492 0.00016350667710500553 6.138564105558718e-05 4.0675824263908104e-05 3.117121528142288e-05 2.4931445579357264e-05 2.1009169340270764e-05
5600.00549139 0.00015299127534215974 5.5651638739183954e-05 3.665150641311801e-05 2.7975121081895e-05 2.2297946120481764e-05 1.8734654777623808e-05
5600.93890342 0.00015903361234009692 5.848433840500242e-05 3.8592825471064833e-05 2.9494400512496255e-05 2.353727282613439e-05 1.979615938429944e-05
5601.87247103 0.00016144116395080954 5.942795637043298e-05 3.92120930891307e-05 2.9960967283679208e-05 2.391328709388167e-05 2.0116236695051283e-05
5602.80619425 0.0001587561321028097 5.822411900350535e-05 3.834410266461507e-05 2.925780200251931e-05 2.3329908986243378e-05 1.961248849263398e-05
5603.74007311 0.00015574966979953843 5.74939433717441e-05 3.7920143121004146e-05 2.896693252516953e-05 2.3121921473711653e-05 1.9455964070745638e-05
5604.67410762 0.00015495911393810264 5.733043817276235e-05 3.7884809098630154e-05 2.897601056389435e-05 2.3152106222662906e-05 1.949531807804808e-05
5605.60829782 0.00016520404670829276 6.178161792337802e-05 4.095186249804574e-05 3.1385104502484654e-05 2.5105633732364902e-05 2.1156041249016388e-05
5606.54264373 0.00017176420432472406 6.485622558668329e-05 4.308183082506611e-05 3.3066460631949e-05 2.6475163670957704e-05 2.232607972686387e-05
5607.47714537 0.00017485311737129372 6.695373719935295e-05 4.456905243488784e-05 3.4263565972894426e-05 2.746856801452877e-05 2.318930435677716e-05
5608.41180278 0.0001752400061095062 6.742010091389692e-05 4.4901768747518194e-05 3.453221173772158e-05 2.7692828779982985e-05 2.338514690562078e-05
5609.34661598 0.00017430969081588528 6.695170423868976e-05 4.456803602271261e-05 3.4262230884391804e-05 2.7470764280884636e-05 2.3194261309787846e-05
5610.281585 0.0001722556791358883 6.574288886041932e-05 4.3718637672080934e-05 3.3585116228780714e-05 2.691767892647823e-05 2.2721007101247367e-05
5611.21670985 0.0001724610170868628 6.559148427846705e-05 4.3609574399136764e-05 3.349518402012812e-05 2.683929021837747e-05 2.264931253341229e-05
5612.15199058 0.00017315803366253955 6.587289264156396e-05 4.380833109998686e-05 3.365298293358908e-05 2.6965848972002948e-05 2.275532082899494e-05
5613.08742719 0.00017232067945251265 6.567314088055321e-05 4.367905957785828e-05 3.3556409432484934e-05 2.6893847988592226e-05 2.269934930571642e-05
5614.02301973 0.00017337089775415143 6.643236880846593e-05 4.4203468887745854e-05 3.39721987201484e-05 2.7231688743401976e-05 2.2988012673042785e-05
5614.95876821 0.00017315871475154647 6.634189757799828e-05 4.411891534935184e-05 3.389615337306277e-05 2.715930893871574e-05 2.2918998571767802e-05
5615.89467266 0.00016188052096908554 6.035533026616634e-05 3.990708388666589e-05 3.054067127401827e-05 2.4401436935109823e-05 2.0545897750361803e-05
5616.83073311 0.0001463864344829673 5.242230412010466e-05 3.432731085586752e-05 2.6098974730615175e-05 2.0745273371750857e-05 1.739690851360611e-05
5617.76694958 0.00015425984917241488 5.648943041482842e-05 3.715575598508608e-05 2.8331625806834095e-05 2.256200067822382e-05 1.8946837330229622e-05
5618.7033221 0.00016649462382706612 6.25628555144052e-05 4.144479886351869e-05 3.1753143114433626e-05 2.5383766976681134e-05 2.1379739394384732e-05
5619.6398507 0.00016658716719945298 6.221076683438802e-05 4.121469143561241e-05 3.1575145361157995e-05 2.524722282266138e-05 2.1267235941822742e-05
5620.57653539 0.00016454641508605017 6.081485436475775e-05 4.0218516270980394e-05 3.07639315623527e-05 2.457444750435796e-05 2.068180317272822e-05
5621.51337622 0.00016444475521720935 6.063896141521505e-05 4.0087806727690385e-05 3.065022830232657e-05 2.4473820674732592e-05 2.058806546326762e-05
5622.45037319 0.00016747835002223115 6.268089274125907e-05 4.1545181649291884e-05 3.182882165216057e-05 2.545185321996825e-05 2.1437941020138573e-05
5623.38752635 0.00016986198395857287 6.445545237781147e-05 4.2839089338298214e-05 3.288975891448912e-05 2.635196532824809e-05 2.2235698950524848e-05
5624.32483571 0.0001681019542640672 6.362371328345007e-05 4.2277433466152365e-05 3.245276129218257e-05 2.600714340442594e-05 2.1949874538286565e-05
5625.2623013 0.0001606693612531368 5.9467120750114136e-05 3.9349007846167555e-05 3.0113982025493426e-05 2.407572922979785e-05 2.0279881300984525e-05
5626.19992315 0.00015427947668139326 5.579962099939463e-05 3.676829870950378e-05 2.8051881822027907e-05 2.2372362635656115e-05 1.8806696449992894e-05
5627.13770129 0.00016061351479187513 5.901678215958108e-05 3.903103813985308e-05 2.9854848692249354e-05 2.3857269279447748e-05 2.0087762235279966e-05
5628.07563573 0.000168079735965262 6.329078219197253e-05 4.203392227147854e-05 3.2243878606151906e-05 2.5817743659128638e-05 2.177199351902754e-05
5629.01372651 0.00016791258344150926 6.352106069571278e-05 4.2198557770485836e-05 3.236565044218672e-05 2.5915285448187773e-05 2.1851113461950157e-05
5629.95197365 0.00016910918790394603 6.417649115491107e-05 4.265046324389755e-05 3.272968453343074e-05 2.6214310871860972e-05 2.211005510227002e-05
5630.89037717 0.00017180342304413195 6.543613477000374e-05 4.351942618409708e-05 3.34330590025172e-05 2.67843024652889e-05 2.2596645464458238e-05
5631.82893711 0.00017192484326708786 6.553148119829197e-05 4.359699693091016e-05 3.350658076413371e-05 2.6850158899796504e-05 2.2657998178351407e-05
5632.76765349 0.00017301411085388248 6.6380712074998e-05 4.421013869823055e-05 3.400213745737849e-05 2.7270135740176913e-05 2.3030152393166572e-05
5633.70652634 0.0001731970363768405 6.650673042627185e-05 4.430843893925296e-05 3.408299858044133e-05 2.734301410921438e-05 2.3098046631769526e-05
5634.64555568 0.0001700910259847035 6.523715398340799e-05 4.3444511236171906e-05 3.340732688995186e-05 2.680231139255019e-05 2.2643745302748137e-05
5635.58474153 0.00016659070262470916 6.38369572378424e-05 4.249076558694617e-05 3.265858963435391e-05 2.6202476660937213e-05 2.2138759815416497e-05
5636.52408393 0.00016782389334072181 6.412108560065552e-05 4.2662076112670493e-05 3.277318970191892e-05 2.628366815004617e-05 2.2197674910617198e-05
5637.4635829 0.0001667536448902724 6.28459548821267e-05 4.1727672419642755e-05 3.200786440831464e-05 2.5637775170474226e-05 2.162789629627424e-05
5638.40323847 0.00016404193652064348 6.141808327346114e-05 4.072937894960558e-05 3.1222164030326594e-05 2.4997404509326674e-05 2.1081482142313707e-05
5639.34305066 0.00016295460596757274 6.132610930873473e-05 4.069292712325959e-05 3.1216081130547444e-05 2.5004349118068327e-05 2.109790512050547e-05
5640.2830195 0.00016530702911796347 6.262926673701617e-05 4.161389913296128e-05 3.1953185258239004e-05 2.5609558174238707e-05 2.1618358802708592e-05
5641.22314501 0.00016850353556450008 6.42431056526186e-05 4.274904141579817e-05 3.285678306733827e-05 2.635070610389788e-05 2.225422897623929e-05
5642.16342722 0.00016388058415987491 6.19263560076331e-05 4.1171676186810154e-05 3.162294917986495e-05 2.535866994212147e-05 2.1414049555929674e-05
5643.10386616 0.00016058978143306245 5.998180628877351e-05 3.9807065636830633e-05 3.0533081460011975e-05 2.4465854980854046e-05 2.0647233967649814e-05
5644.04446185 0.00016411656078909416 6.169036580878923e-05 4.095594278791472e-05 3.142024592011484e-05 2.5173313903872748e-05 2.1242283542119343e-05
5644.98521432 0.00016293695898363935 6.113805620551595e-05 4.053948039058304e-05 3.107546290576359e-05 2.4876786616057888e-05 2.097840604198507e-05
5645.9261236 0.00016134078035482373 6.03767611394781e-05 4.000702954778376e-05 3.0657205507859355e-05 2.4534393835938318e-05 2.068550482594986e-05
5646.8671897 0.00016138326024873334 6.056134422721647e-05 4.01859000099308e-05 3.0829461373084925e-05 2.4699099330784824e-05 2.0845269031868036e-05
5647.80841267 0.00016236799884621463 6.075201453549165e-05 4.031247533340817e-05 3.091791518117169e-05 2.4763447727226763e-05 2.089336482768175e-05
5648.74979252 0.00016509356057918144 6.181012007688327e-05 4.1007919213856076e-05 3.143827901116009e-05 2.5163362616446018e-05 2.1215468900995915e-05
5649.69132928 0.00016369796918563567 6.070296644373192e-05 4.018467320080393e-05 3.075647542440521e-05 2.457899834322315e-05 2.0694085660230833e-05
5650.63302297 0.00016424689553890304 6.131592764634116e-05 4.063296848365378e-05 3.1125113057158515e-05 2.4895012908251597e-05 2.0976387118574407e-05
5651.57487363 0.00016470686637024096 6.230885531007248e-05 4.1385370105371485e-05 3.1760657518540145e-05 2.545418876180719e-05 2.1487200999697995e-05
5652.51688127 0.0001663528605285033 6.370613800459185e-05 4.239255635668321e-05 3.258087516383973e-05 2.614459063527291e-05 2.2095457922664185e-05
5653.45904593 0.00016800857117943367 6.467644141289335e-05 4.3077320459254396e-05 3.3125805443353424e-05 2.6591761221980842e-05 2.2479936527263925e-05
5654.40136763 0.00016994443508220412 6.57699188404411e-05 4.384819116980567e-05 3.374102022504109e-05 2.7095741972445253e-05 2.2912571171292605e-05
5655.34384639 0.0001694380607780634 6.558952829155732e-05 4.3727453144782104e-05 3.3651002775891686e-05 2.7024946096567653e-05 2.2854407606347426e-05
5656.28648225 0.00016436403616969917 6.31719969758602e-05 4.206255522142493e-05 3.234638978156552e-05 2.596888423027136e-05 2.1957641634908128e-05
5657.22927523 0.00016308993766288416 6.267649658734664e-05 4.173105590647727e-05 3.209072140390433e-05 2.5762471428426602e-05 2.1782568856123508e-05
5658.17222535 0.00016653585117711332 6.41790968664723e-05 4.2781323544353936e-05 3.291411183188881e-05 2.642639571029531e-05 2.2341580701679734e-05
5659.11533265 0.0001553203227573951 5.823068364660126e-05 3.870280374274951e-05 2.9708698094018594e-05 2.382478536188587e-05 2.011947153076678e-05
5660.05859714 0.00014162523770005605 5.1165130319473083e-05 3.378237870342787e-05 2.582091363270668e-05 2.065633751431044e-05 1.741163897731092e-05
5661.00201885 0.0001515337350065107 5.614171582362394e-05 3.7162713412540503e-05 2.8457368009441482e-05 2.2784422260617935e-05 1.9220758772585435e-05
5661.94559782 0.00016316441551127926 6.198680579226016e-05 4.120349058086301e-05 3.163801559074567e-05 2.5372115043854587e-05 2.1430030340593715e-05
5662.88933406 0.00016130796294415892 6.05130749213914e-05 4.012682379709898e-05 3.075529589630955e-05 2.4618970653684616e-05 2.0758866252572783e-05
5663.83322761 0.00015434085681272213 5.709445351484901e-05 3.7752976583657055e-05 2.8878582344880638e-05 2.3074837133038992e-05 1.9426342969704818e-05
5664.77727848 0.00015727666569464042 5.9047778843503626e-05 3.916150017027767e-05 3.0024470680727374e-05 2.4035115993050467e-05 2.026809269815915e-05
5665.72148671 0.00016540874052504496 6.29785219477652e-05 4.188767422597433e-05 3.218432717599615e-05 2.5805488428292397e-05 2.1791387584978277e-05
5666.66585232 0.0001665039354465591 6.387062199119424e-05 4.254360280849585e-05 3.2728383249327485e-05 2.6272914987337655e-05 2.2210458724698017e-05
5667.61037533 0.00016423897893747127 6.320467935247107e-05 4.212509606030037e-05 3.24200698323449e-05 2.6046868387622655e-05 2.2036059750898857e-05
5668.55505578 0.0001602043256712272 6.061300810409198e-05 4.0287913124244595e-05 3.093579664283542e-05 2.4818744954174027e-05 2.0969648476418012e-05
5669.49989369 0.00015956806430747941 5.973314124004078e-05 3.963369323852363e-05 3.0383554634138798e-05 2.4336925540243474e-05 2.0531464476763397e-05
5670.44488909 0.0001622676621228122 6.176886603720772e-05 4.113686960325694e-05 3.161742929659188e-05 2.5370980866574922e-05 2.143417404781782e-05
5671.390042 0.00016334381663023667 6.225180582589e-05 4.143490206910349e-05 3.18367379779399e-05 2.5539076263473656e-05 2.1571819086174463e-05
5672.33535245 0.00016222185162889085 6.070194427996443e-05 4.02175954512895e-05 3.079083830835503e-05 2.461926511468902e-05 2.0735514928966553e-05
5673.28082046 0.00016471802194842198 6.203029817054431e-05 4.113482924809082e-05 3.1514983569577845e-05 2.5206552496336745e-05 2.123618223208114e-05
5674.22644606 0.00017034310179144874 6.5731406755403e-05 4.379053594993318e-05 3.3675295391313974e-05 2.701474882314766e-05 2.2820724648346342e-05
5675.17222928 0.00017104517801316038 6.65039745625618e-05 4.437329198698009e-05 3.416918655892928e-05 2.7442926807960024e-05 2.3207754689796553e-05
5676.11817015 0.00016784576891238647 6.480610867275988e-05 4.3197972737733556e-05 3.3242632853615735e-05 2.668988190308232e-05 2.2565515095807155e-05
5677.06426868 0.00016685468572518928 6.421467832382841e-05 4.278280889306246e-05 3.291279767911405e-05 2.6419030166526343e-05 2.2332316038458362e-05
5678.01052491 0.00017061260182672357 6.656849782279924e-05 4.4440932891436485e-05 3.42357274085276e-05 2.7510744720624713e-05 2.3276465239758087e-05
5678.95693887 0.000171752102597145 6.730699030539766e-05 4.496298719394031e-05 3.464970415309385e-05 2.7853704870098662e-05 2.357388674407637e-05
5679.90351057 0.00016928073042534922 6.589966235731047e-05 4.397850495704814e-05 3.386611108858182e-05 2.7211787785586545e-05 2.302250845098737e-05
5680.85024004 0.00016749992464980143 6.46693555090757e-05 4.3103362931638814e-05 3.3160515031615217e-05 2.66255187240572e-05 2.2512506941204513e-05
5681.79712732 0.00016902264241346925 6.528036891109573e-05 4.3523429634010026e-05 3.3489178065887065e-05 2.6888196836606226e-05 2.2732417529467206e-05
5682.74417243 0.00016692794770709312 6.439352048456448e-05 4.2917574619633427e-05 3.302094416483734e-05 2.6512981756512725e-05 2.2417010557176924e-05
5683.69137539 0.00015905599151196337 6.0375753347247916e-05 4.0104619600815256e-05 3.078492896093828e-05 2.4677551823430488e-05 2.0838371585016703e-05
5684.63873623 0.0001590824974432044 6.058930768267478e-05 4.02834955534856e-05 3.0941810168928886e-05 2.4815741958993944e-05 2.096292634968226e-05
5685.58625498 0.00016204817994860282 6.267958494338103e-05 4.183335382160133e-05 3.222242633838419e-05 2.5910892147505425e-05 2.1936314310311293e-05
5686.53393166 0.00016288831466189667 6.306810555750696e-05 4.207868304591579e-05 3.240375371769312e-05 2.6052117747405478e-05 2.2053900551280103e-05
5687.4817663 0.00016011775231312674 6.101269383467913e-05 4.056089989349156e-05 3.114919358054849e-05 2.498431781977541e-05 2.1107890758215103e-05
5688.42975892 0.00015579173898902022 5.867990890786624e-05 3.892927571151712e-05 2.9852557318678e-05 2.391869349045247e-05 2.018983681174795e-05
5689.37790956 0.00015400205802556865 5.819756388733983e-05 3.863243674412606e-05 2.9645355402397895e-05 2.3761427419387123e-05 2.0064670619207714e-05
5690.32621823 0.00015677092749902163 5.947278555262385e-05 3.952684559157452e-05 3.035503616532256e-05 2.434171443871455e-05 2.056167907344052e-05
5691.27468497 0.0001617112011943219 6.207487816502571e-05 4.1344821674099294e-05 3.1796187405909996e-05 2.5530574457502598e-05 2.1589573706163288e-05
5692.2233098 0.00016235435961905762 6.281639437319957e-05 4.188855370215876e-05 3.2245138265915055e-05 2.591934910539255e-05 2.1940632985339847e-05
5693.17209275 0.00016620841688135698 6.484847534563975e-05 4.328417484774458e-05 3.3336669881760015e-05 2.6801042620457778e-05 2.2688805234231894e-05
5694.12103384 0.00016897459742251257 6.637004779728558e-05 4.434327095900004e-05 3.417179040173927e-05 2.7477681708530197e-05 2.326373246400676e-05
5695.07013311 0.00016967147252316047 6.660863773226882e-05 4.450007928922224e-05 3.4294062126571405e-05 2.7570961790556477e-05 2.3338184477577483e-05
5696.01939056 0.00016799394256090217 6.538684480236064e-05 4.362238633772718e-05 3.3589748883986954e-05 2.698663280460877e-05 2.2831076128328273e-05
5696.96880624 0.0001673576535559327 6.49949474915867e-05 4.335999380358084e-05 3.338686819908225e-05 2.6827245835445285e-05 2.269893779164796e-05
5697.91838017 0.00016986730528787298 6.643865413307078e-05 4.439003392722252e-05 3.421186255118294e-05 2.750809025304567e-05 2.328654509335986e-05
5698.86811238 0.0001677008203722704 6.50971102961212e-05 4.341877505013004e-05 3.3412242259750344e-05 2.6834853365466735e-05 2.2693839462599505e-05
5699.81800289 0.00015972631972143247 6.017966531770647e-05 3.9912451248970875e-05 3.0573480137927606e-05 2.4472577582261717e-05 2.063467905413308e-05
5700.76805172 0.00015978623936611382 6.048901326816349e-05 4.0160145346929826e-05 3.078886577380474e-05 2.466173564873974e-05 2.080651740622425e-05
5701.71825891 0.00016065108986642438 6.110238362280397e-05 4.061937072171929e-05 3.117549573645084e-05 2.4995181748868106e-05 2.110581607706036e-05
5702.66862448 0.00015529522915924487 5.810317940905276e-05 3.853877477687586e-05 2.954489632900644e-05 2.367386972937011e-05 1.9983331687262178e-05
5703.61914846 0.00015612742112511153 5.795082308395668e-05 3.838960406379743e-05 2.939838390115449e-05 2.352990356816059e-05 1.9840630647320965e-05
5704.56983088 0.00016214223657056584 6.095093329943649e-05 4.0433985717347146e-05 3.0979294263667025e-05 2.4791909694653828e-05 2.0897822654330497e-05
5705.52067175 0.00016539633933992335 6.333340901545165e-05 4.212536735549672e-05 3.2342604100704054e-05 2.592393560670267e-05 2.188328523912353e-05
5706.47167111 0.00016373360454358685 6.325443143738007e-05 4.2146367296481335e-05 3.241593874344049e-05 2.602671545934761e-05 2.2006547353718427e-05
5707.42282898 0.00015757998053595338 6.016554106712294e-05 4.002796396280252e-05 3.0757013750949425e-05 2.4681653519531378e-05 2.0860787717762153e-05
5708.37414539 0.00015615375624479738 5.906762570696684e-05 3.9238345166056286e-05 3.0109915847455446e-05 2.413441909510485e-05 2.037590822009724e-05
5709.32562037 0.00015310154201044222 5.7439144932733604e-05 3.8115746597812806e-05 2.9232588047175502e-05 2.3425143021364283e-05 1.9774893593320674e-05
5710.27725394 0.00014592347882273388 5.398294649219761e-05 3.5741801070522655e-05 2.738209459272503e-05 2.19291570736949e-05 1.850635845649342e-05
5711.22904613 0.0001459283623160755 5.528852191934703e-05 3.671133388303352e-05 2.817452905047791e-05 2.2591336670759987e-05 1.9083020556970876e-05
5712.18099697 0.0001481478169899874 5.787332888809588e-05 3.860636156963131e-05 2.9705034410277265e-05 2.385995487735262e-05 2.0179192776398405e-05
5713.13310647 0.00014601677917561265 5.584336914823076e-05 3.710806934848585e-05 2.8470588115032782e-05 2.2821260846697117e-05 1.9267529905815086e-05
5714.08537468 0.0001545193223765443 5.884691867510437e-05 3.909043276999231e-05 2.99896551851847e-05 2.4035433136946102e-05 2.029104696247425e-05
5715.03780161 0.00016453741169839751 6.368414896988758e-05 4.2450019422735835e-05 3.2651680142681e-05 2.621387593084952e-05 2.2161992861950102e-05
5715.99038729 0.00016438609812305608 6.348325612444196e-05 4.2315621147236955e-05 3.2552892559045367e-05 2.61418158324116e-05 2.2107691007990242e-05
5716.94313175 0.00016443358261324418 6.350010029270006e-05 4.2328515245290666e-05 3.256656210771627e-05 2.6154961304237768e-05 2.2120913127092655e-05
5717.89603501 0.0001676396405410845 6.516533906118378e-05 4.348451025644244e-05 3.347968745923428e-05 2.6894546010930524e-05 2.2749764654416942e-05
5718.8490971 0.00016591968448772222 6.43445025246071e-05 4.292177994701974e-05 3.304239493948862e-05 2.6542652173092312e-05 2.2452829948029577e-05
5719.80231805 0.00016493365306579288 6.410072995859203e-05 4.277807960651557e-05 3.294400122983443e-05 2.6477790133248767e-05 2.2409024170971196e-05
5720.75569788 0.00016775973780255865 6.56301918137905e-05 4.385499212392479e-05 3.3799988649733904e-05 2.718099793019848e-05 2.3014009652718776e-05
5721.70923662 0.00016600866218029252 6.473845585824116e-05 4.32485946359572e-05 3.3326594800175366e-05 2.6800841012731906e-05 2.2693560134504434e-05
5722.6629343 0.00016405963108604078 6.410233906596452e-05 4.2838418265998793e-05 3.3022781746977045e-05 2.6571936214241928e-05 2.2512718924072093e-05
5723.61679094 0.00016840199119483375 6.64196123234394e-05 4.444412263034267e-05 3.4290006019962685e-05 2.7602992165189407e-05 2.3392766012883054e-05
5724.57080657 0.00017094556471252943 6.769355691763393e-05 4.531212415759917e-05 3.496593878651371e-05 2.81444114624912e-05 2.3848493909049733e-05
5725.52498122 0.000170878077943561 6.758272895388618e-05 4.522436505538904e-05 3.4889815668175185e-05 2.8075171945183303e-05 2.3783694256428377e-05
5726.47931491 0.00017049223426157404 6.74547449666196e-05 4.51466832357071e-05 3.4834293962469735e-05 2.8033237237311482e-05 2.3750022919991874e-05
5727.43380767 0.00016730691260880863 6.548341068752603e-05 4.374731155957253e-05 3.3703946965074354e-05 2.7093148663103776e-05 2.2930173327281925e-05
5728.38845952 0.0001629744951761306 6.21831295214214e-05 4.134336228665217e-05 3.1723342622360185e-05 2.5417741735017117e-05 2.144825906355035e-05
5729.3432705 0.00016391244357688396 6.252872355081962e-05 4.158840595685499e-05 3.191970271621078e-05 2.5580267475391332e-05 2.1589254975151144e-05
5730.29824062 0.0001683671984760353 6.59173870480304e-05 4.4054129457556934e-05 3.39488592706776e-05 2.729584590708244e-05 2.3105443549000463e-05
5731.25336992 0.00016967924086897708 6.715670357083296e-05 4.4950973485166096e-05 3.468116076470767e-05 2.7911427797738993e-05 2.3647340943228262e-05
5732.20865842 0.00016458959337402944 6.429900970415591e-05 4.2946834973472496e-05 3.306800244807487e-05 2.6574804713309155e-05 2.2485764706420324e-05
5733.16410615 0.0001577407493938044 6.118330533677858e-05 4.0825308220586284e-05 3.1398481645525736e-05 2.5215332338117355e-05 2.1320504162586644e-05
5734.11971313 0.0001608246762033787 6.371396107322214e-05 4.265773266691974e-05 3.2898585487868476e-05 2.647450580869511e-05 2.2425418115993183e-05
5735.07547939 0.00016661215529773505 6.617353220928817e-05 4.4331156429180244e-05 3.421808139683474e-05 2.7547600227917627e-05 2.334409476073936e-05
5736.03140497 0.0001682388580622044 6.641659494281048e-05 4.445706216685389e-05 3.43015510068037e-05 2.7605202124004736e-05 2.3387265647417636e-05
5736.98748987 0.00016878208987831933 6.641587168792195e-05 4.443055140958118e-05 3.426944398824073e-05 2.7570949220942837e-05 2.335274023905518e-05
5737.94373414 0.0001681187428680347 6.572245386995215e-05 4.391190781734863e-05 3.383124771707353e-05 2.7193761403483067e-05 2.301415906606957e-05
5738.90013779 0.0001678063232557486 6.553335535810126e-05 4.377179574897439e-05 3.370859780157817e-05 2.708872546634447e-05 2.2920017315497415e-05
5739.85670086 0.00016851072575321948 6.609034319208797e-05 4.418284247470764e-05 3.405205125704692e-05 2.738300672094334e-05 2.3183542922283138e-05
5740.81342337 0.00016731590504666616 6.514564618218911e-05 4.351641000269796e-05 3.351763660446327e-05 2.6940363180370688e-05 2.2799141659902026e-05
5741.77030534 0.00016658630258179874 6.499722986242544e-05 4.3436604609305135e-05 3.3468719017398e-05 2.691436041258912e-05 2.2787549757164455e-05
5742.72734681 0.00016649888364381096 6.530869423006568e-05 4.367798706967679e-05 3.3678440400552986e-05 2.7102373748490313e-05 2.2961868297626853e-05
5743.6845478 0.0001645089722304887 6.40941785498329e-05 4.2814712509125546e-05 3.29814713276496e-05 2.6525351177953455e-05 2.2461332565263767e-05
5744.64190834 0.00016222758477257038 6.226358583793449e-05 4.150930250999738e-05 3.1921567559973115e-05 2.5638978043074298e-05 2.1684969854580514e-05
5745.59942845 0.00016331513470494837 6.288660143044122e-05 4.194401945615302e-05 3.226911503122506e-05 2.592279609217397e-05 2.1928435540652698e-05
5746.55710815 0.00016681851021629188 6.552057650410984e-05 4.381571838827663e-05 3.378223755466313e-05 2.7180459230035097e-05 2.302415707319106e-05
5747.51494749 0.00016860777286654535 6.690553276903646e-05 4.479825126114196e-05 3.457382585306716e-05 2.7836717021246497e-05 2.359493031758344e-05
5748.47294648 0.00016652427795598134 6.576924781833158e-05 4.40151417103203e-05 3.395663105405002e-05 2.7338086557985394e-05 2.3171595172447092e-05
5749.43110515 0.00016138221933988616 6.254876356568023e-05 4.175671348742324e-05 3.215366703654147e-05 2.5860155677755304e-05 2.189976988994468e-05
5750.38942352 0.00016259563677192262 6.292742241702817e-05 4.2006139688524945e-05 3.2341942283556874e-05 2.6004796930988364e-05 2.201595670673508e-05
5751.34790163 0.00016805988419418377 6.631583604444636e-05 4.4388354064016484e-05 3.424706377483545e-05 2.7569906000694375e-05 2.3364955998668515e-05
5752.3065395 0.00016942349685857716 6.729500828099048e-05 4.50820849724796e-05 3.480709164419904e-05 2.8032868140720267e-05 2.376691201611545e-05
5753.26533715 0.00016516659221908628 6.485078254315779e-05 4.3372936848813056e-05 3.345015822983951e-05 2.692181809318233e-05 2.281322632792555e-05
5754.22429462 0.00015803253665946403 6.089607888009999e-05 4.062385402304409e-05 3.127755516435397e-05 2.514992903477554e-05 2.1296952278634637e-05
5755.18341193 0.0001523303051843557 5.784001721366232e-05 3.849105438905883e-05 2.9588297348549858e-05 2.3779541348991808e-05 2.0130452414771636e-05
5756.1426891 0.00015255274411810738 5.765023124435823e-05 3.8305166683330834e-05 2.940838953397554e-05 2.361690261929473e-05 1.9979548141381022e-05
5757.10212617 0.00016154033398750622 6.284178638582219e-05 4.194491939214792e-05 3.229828984331605e-05 2.5973024408415698e-05 2.1993210576308775e-05
5758.06172315 0.0001672496290547757 6.649793498096117e-05 4.454060023603896e-05 3.437965284290845e-05 2.768054147162833e-05 2.346042194799168e-05
5759.02148008 0.00016773244449568546 6.695933476903787e-05 4.486668977133668e-05 3.464060351259025e-05 2.7894040073541678e-05 2.3643973708593813e-05
5759.98139699 0.00016731334785207434 6.671524211749966e-05 4.4688578350379784e-05 3.4494426428637354e-05 2.7772829987458767e-05 2.3538606179286038e-05
5760.94147389 0.0001645533677525723 6.486787025447603e-05 4.337882983066683e-05 3.344145353543341e-05 2.6903980264778834e-05 2.2786207636675176e-05
5761.90171082 0.00016082517075320437 6.216345537549802e-05 4.146033023839607e-05 3.1901543869602733e-05 2.5632777798655403e-05 2.1685883033994226e-05
5762.8621078 0.00015822875849222213 6.0381227645653125e-05 4.021086654532714e-05 3.09086404645225e-05 2.4814229462165665e-05 2.0978047703783108e-05
5763.82266486 0.0001543848925859728 5.877780555799911e-05 3.910085629673653e-05 3.003509342304983e-05 2.4097478966687482e-05 2.036229904421151e-05
5764.78338203 0.0001562411639054379 6.032686171656912e-05 4.0198461433600975e-05 3.0922738426760764e-05 2.4834360185515074e-05 2.1005018017109366e-05
5765.74425933 0.00016559578887364551 6.541621496626778e-05 4.374969479287055e-05 3.374467474036014e-05 2.7149511587514936e-05 2.2997458611143497e-05
5766.7052968 0.00016929989639946914 6.723157624565095e-05 4.500258476809291e-05 3.473033086889788e-05 2.7950435634522272e-05 2.368041193262425e-05
5767.66649444 0.00016866394306866322 6.656561022568973e-05 4.45210372322625e-05 3.4335997653020345e-05 2.7617842565530126e-05 2.3386907380984927e-05
5768.6278523 0.00016850914787641837 6.662851556002073e-05 4.457698075682423e-05 3.438636303034135e-05 2.7665771215634496e-05 2.3433307822336838e-05
5769.5893704 0.0001683591773109873 6.691354269773953e-05 4.4806328123401216e-05 3.458399220633926e-05 2.784139438890511e-05 2.359418982569297e-05
5770.55104877 0.00016644101804069532 6.598073064462224e-05 4.418109720305414e-05 3.4097351246775815e-05 2.7451537798152852e-05 2.3264241681996643e-05
5771.51288743 0.00016613093836053658 6.556211637224507e-05 4.387647479258992e-05 3.384863319618391e-05 2.7244000048126303e-05 2.3083138026454414e-05
5772.47488641 0.0001663193391766949 6.56758638589312e-05 4.3949705492734696e-05 3.390882257079228e-05 2.7294399122828002e-05 2.312890933947734e-05
5773.43704573 0.00016351870913480342 6.426770240820585e-05 4.2987405614564384e-05 3.3162922029251924e-05 2.6695116773718585e-05 2.26240288309905e-05
5774.39936543 0.00016449688185413513 6.457276536891078e-05 4.318491779303268e-05 3.331005754200712e-05 2.680520509025405e-05 2.271037492418972e-05
5775.36184553 0.00016614471238118834 6.526368314770826e-05 4.363822689960154e-05 3.364857322647386e-05 2.7066351789173853e-05 2.292207158698351e-05
5776.32448605 0.00016388106972133444 6.411868739602526e-05 4.283681116156795e-05 3.30130171797631e-05 2.6548110456837345e-05 2.247956536074661e-05
5777.28728703 0.00016467943829047294 6.459921984561315e-05 4.3182891611386875e-05 3.329372434867657e-05 2.678227209694633e-05 2.2684141564303105e-05
5778.25024849 0.00016742935325440029 6.577112168634487e-05 4.399897295475806e-05 3.393747804633394e-05 2.7302568405200326e-05 2.3124751477209213e-05
5779.21337046 0.0001674400596138903 6.601997257522089e-05 4.416729247457553e-05 3.406338873245817e-05 2.7404312183786902e-05 2.3210984273186138e-05
5780.17665296 0.00016621879927260932 6.570702932575512e-05 4.394792397726672e-05 3.3884827444320475e-05 2.725965177705606e-05 2.3088136223490245e-05
5781.14009602 0.00016321814877287734 6.429578109217409e-05 4.297832349443894e-05 3.312186082316615e-05 2.6642600963051e-05 2.256408967664252e-05
5782.10369967 0.0001531283353315383 5.8262107372081446e-05 3.873284427208588e-05 2.9728563360361223e-05 2.385382287016116e-05 2.0160461246913202e-05
5783.06746393 0.00014750263342723448 5.4610994307221465e-05 3.6135175924149094e-05 2.7647691706030454e-05 2.2137689148718904e-05 1.8678821234521247e-05
5784.03138883 0.00015267029469624146 5.727003028520194e-05 3.797591805340829e-05 2.9104792479819138e-05 2.331620056607577e-05 1.9680578737233712e-05
5784.9954744 0.00015635332164725982 5.946429127908656e-05 3.952769005650618e-05 3.0338829062186937e-05 2.432045303845387e-05 2.0536207011694233e-05
5785.95972066 0.00015320872415078388 5.762180470422922e-05 3.823343247272697e-05 2.930273516314928e-05 2.346995922091486e-05 1.9803831739540285e-05
5786.92412765 0.0001497248470684626 5.529998562953103e-05 3.659679796755543e-05 2.7993732803313725e-05 2.2393233915017087e-05 1.887544649751825e-05
5787.88869538 0.0001559988731567853 5.890866062407541e-05 3.9153181805204825e-05 3.0045165753598175e-05 2.4087472287074837e-05 2.034116713809969e-05
5788.85342389 0.00016099068290959537 6.215333319234513e-05 4.145382233421395e-05 3.1901215966758405e-05 2.562655071076692e-05 2.1678790198840265e-05
5789.8183132 0.00016106642872709028 6.23539865225814e-05 4.160892507180599e-05 3.203790314334271e-05 2.5746715718782726e-05 2.1788911797929787e-05
5790.78336334 0.0001631081418569963 6.402576727230262e-05 4.281918333393154e-05 3.302172841083014e-05 2.6573126805841436e-05 2.2514817212364417e-05
5791.74857433 0.00016134179575094207 6.27320283481642e-05 4.187772029345124e-05 3.225010612343327e-05 2.5920424026433847e-05 2.193858182427707e-05
5792.7139462 0.00015797375821160721 6.0346818138676985e-05 4.0179724127597893e-05 3.088487850574643e-05 2.4786392216593567e-05 2.0951973747283364e-05
5793.67947899 0.0001630927822968739 6.370799575282152e-05 4.257766238775392e-05 3.2817922081154135e-05 2.6394463174146198e-05 2.235199217578257e-05
5794.6451727 0.00016489431772538754 6.563328602208647e-05 4.398018803076849e-05 3.39590403914282e-05 2.7357415040162122e-05 2.3200717769771053e-05
5795.61102739 0.00016277684621067144 6.490160181366835e-05 4.3499450869469585e-05 3.358885564672334e-05 2.706624120867623e-05 2.2958974605676378e-05
5796.57704306 0.00016410518210557446 6.553873938742225e-05 4.3945231923284966e-05 3.394397597533137e-05 2.735872671704967e-05 2.321146955046306e-05
5797.54321974 0.00016600290651467214 6.611450857846517e-05 4.432439246007682e-05 3.422981569741648e-05 2.7581382258023597e-05 2.3393756019730104e-05
5798.50955747 0.00016483959888556076 6.470439166056362e-05 4.330488362548937e-05 3.340329825477878e-05 2.688539069517999e-05 2.278072963899826e-05
5799.47605627 0.00016181689331119074 6.246841787803561e-05 4.171066238297446e-05 3.2125429939830626e-05 2.5823010214128808e-05 2.185650904030574e-05
5800.44271617 0.00016454832866685148 6.472247398770149e-05 4.3296776700855155e-05 3.3392887915885655e-05 2.6867525123495535e-05 2.2760454598689386e-05
5801.40953718 0.00016830669828625538 6.774428740632657e-05 4.5448345629069414e-05 3.512248609415056e-05 2.8301609226319026e-05 2.4006069506758693e-05
5802.37651935 0.0001688581363222974 6.824970476296656e-05 4.5816369941995504e-05 3.542112529792404e-05 2.8552973049711827e-05 2.422707502199035e-05
5803.3436627 0.00016909165665573463 6.834001407206515e-05 4.58744380789994e-05 3.546536511987001e-05 2.8590189568685174e-05 2.426045706273055e-05
5804.31096725 0.00016759113604925381 6.750565371917769e-05 4.52901873130288e-05 3.5000283665743344e-05 2.8211406855221833e-05 2.393680993473695e-05
5805.27843303 0.00016201187717324256 6.40264259438e-05 4.283683934576613e-05 3.303355645344559e-05 2.6591147712190088e-05 2.2536601281579908e-05
5806.24606007 0.0001586370879160664 6.211750804821522e-05 4.150493808975868e-05 3.197316280717607e-05 2.572169293816762e-05 2.1788270370876016e-05
5807.21384839 0.00015982817841262334 6.305865040979342e-05 4.219894883555234e-05 3.254791765656645e-05 2.620953334667371e-05 2.222046818190105e-05
5808.18179803 0.00016102098646449676 6.345967414349179e-05 4.2464487584597845e-05 3.275498972015832e-05 2.6374358481191782e-05 2.2358788858901516e-05
5809.149909 0.00016252626958362587 6.401191855491436e-05 4.283289093943997e-05 3.303661579610713e-05 2.659511134306808e-05 2.2540508454243364e-05
5810.11818134 0.00016332626026428047 6.44433987565335e-05 4.312406081942368e-05 3.326345331992952e-05 2.677630986561726e-05 2.2692965987961315e-05
5811.08661507 0.0001638409133764865 6.482778558974978e-05 4.338450785466562e-05 3.3472759170010534e-05 2.694569383571338e-05 2.283750904939275e-05
5812.05521022 0.0001647820193468536 6.546840362159927e-05 4.3849023987967794e-05 3.385352828026661e-05 2.726480749345974e-05 2.311622396306574e-05
5813.02396682 0.00016436706912452827 6.509435108695637e-05 4.3587821873977737e-05 3.3643207394013085e-05 2.7090408737819557e-05 2.296343482638328e-05
5813.99288489 0.00016324691626380978 6.436354476999277e-05 4.3076133423338166e-05 3.323665882649229e-05 2.6752798780100553e-05 2.2669394613853586e-05
5814.96196445 0.0001625765402211419 6.406888260476661e-05 4.287968867512049e-05 3.308818650343977e-05 2.6633113942682723e-05 2.2567905530694803e-05
5815.93120555 0.00016163575018847369 6.351201243977542e-05 4.248483171310231e-05 3.27678509652485e-05 2.63722370401274e-05 2.2344784721122854e-05
5816.9006082 0.0001587036422746839 6.193161987704055e-05 4.137345723834583e-05 3.1878330535282943e-05 2.5645889496504e-05 2.172305029414572e-05
5817.87017243 0.0001571511789844643 6.110472032979857e-05 4.078659730580252e-05 3.140979343933142e-05 2.5256350899945382e-05 2.1385265516961366e-05
5818.83989826 0.00016177262561687796 6.364222220822999e-05 4.256042544375797e-05 3.2821122938487986e-05 2.6408861038930634e-05 2.237291979289661e-05
5819.80978574 0.00016703916693890713 6.686905265370106e-05 4.482999442017995e-05 3.463173666719087e-05 2.789764019015562e-05 2.3656239244200475e-05
5820.77983487 0.00016818087712173528 6.783344945573095e-05 4.55187829154407e-05 3.518605126433651e-05 2.8357571961586745e-05 2.4055751450509e-05
5821.75004569 0.00016781785573891992 6.780295646230187e-05 4.550963535322166e-05 3.518436516375513e-05 2.8361042085371207e-05 2.4062222225228915e-05
5822.72041823 0.00016734057781611582 6.756771986459175e-05 4.53440082868608e-05 3.50514932896741e-05 2.825327149434716e-05 2.397089241147864e-05
5823.69095251 0.00016635600770927524 6.695925206750895e-05 4.492128055743929e-05 3.4715281061362717e-05 2.797736465141121e-05 2.3733037122850317e-05
5824.66164855 0.00016612260548412437 6.654357342638841e-05 4.463128961284153e-05 3.4482858933889034e-05 2.7781482928147843e-05 2.355925602818936e-05
5825.6325064 0.00016675477079244717 6.662705593356812e-05 4.467219946714507e-05 3.4507628836464556e-05 2.7793470662083197e-05 2.3563387271159075e-05
5826.60352606 0.0001676652096020937 6.733668186890062e-05 4.5174062332948886e-05 3.4912005704763986e-05 2.8129425498063447e-05 2.3856533255187603e-05
5827.57470758 0.0001673651438332357 6.710496054401351e-05 4.5014892339099394e-05 3.478671482124278e-05 2.8026744351115524e-05 2.3767940293394086e-05
5828.54605098 0.00016652433537415695 6.675621005814496e-05 4.4769076742673507e-05 3.458698138907287e-05 2.7863145319717577e-05 2.3627428340418872e-05
5829.51755627 0.00016609761846337424 6.673652195581126e-05 4.475445763758036e-05 3.457129587966408e-05 2.78505353488348e-05 2.36170250195036e-05
5830.4892235 0.0001673773045801042 6.755037272850331e-05 4.532691166451952e-05 3.503123573775226e-05 2.8229265326619416e-05 2.394464105699961e-05
5831.46105269 0.00016753832133124984 6.749414565391231e-05 4.5293289105675124e-05 3.501021571216518e-05 2.821538953227205e-05 2.393538069367939e-05
5832.43304386 0.00016570104638933023 6.630825966044406e-05 4.446234597636644e-05 3.434718137910317e-05 2.7673338810206352e-05 2.347037285170396e-05
5833.40519705 0.00016420851289009088 6.530051459258816e-05 4.374163896885045e-05 3.376397174095043e-05 2.7188263881298395e-05 2.3047920620036206e-05
5834.37751227 0.00016497708132299604 6.58506563528077e-05 4.413114928817087e-05 3.407606314627348e-05 2.7444635647695046e-05 2.326902243387643e-05
5835.34998956 0.00016337039910060836 6.495495930463034e-05 4.351568683100206e-05 3.3591590657438776e-05 2.7052879261584576e-05 2.293609022697024e-05
5836.32262894 0.000161888627295698 6.408405483604622e-05 4.291814193415099e-05 3.311853565435814e-05 2.666808683383276e-05 2.2606589360061357e-05
5837.29543045 0.00016362415714691456 6.543324561503574e-05 4.387686570978906e-05 3.3888716447327e-05 2.730558985525534e-05 2.315936457994875e-05
5838.2683941 0.00016495354161983624 6.628012537690688e-05 4.4459342228220876e-05 3.4350014069939754e-05 2.7680624509000888e-05 2.348027190565595e-05
5839.24151992 0.00016315340305877334 6.475880211544738e-05 4.336515339027041e-05 3.346244775064817e-05 2.6938085571619433e-05 2.2829741158437402e-05
5840.21480795 0.0001615863958551843 6.353288080381388e-05 4.249847968468392e-05 3.2772113782188584e-05 2.6364537230624685e-05 2.2329837886669958e-05
5841.1882582 0.00015930694858760287 6.291264622942697e-05 4.2111073779954894e-05 3.249825498156639e-05 2.6155410566910747e-05 2.2162079196987027e-05
5842.16187071 0.00015844982191035001 6.299510066986879e-05 4.218671829071193e-05 3.256400046779231e-05 2.6217173973007804e-05 2.2221878772034236e-05
5843.1356455 0.00016328678128901616 6.526730283771207e-05 4.374287389288263e-05 3.377758988516244e-05 2.720279838628699e-05 2.3062091010305216e-05
5844.1095826 0.00016567545782943417 6.63968286218804e-05 4.453566220113612e-05 3.44096533376061e-05 2.772419164523944e-05 2.3512491473312698e-05
5845.08368203 0.00016598218871456636 6.667280877392675e-05 4.472816152951156e-05 3.4562298355012285e-05 2.7849669202864036e-05 2.362094070695793e-05
5846.05794383 0.0001655099975998717 6.64698389194892e-05 4.4581945717709486e-05 3.444146738468127e-05 2.7748174191209853e-05 2.3531670207854216e-05
5847.03236802 0.00016338525188803305 6.528655544257783e-05 4.3764203206053326e-05 3.379410994711187e-05 2.7222232393730986e-05 2.3082364449837832e-05
5848.00695463 0.00015993164956148033 6.307943400515368e-05 4.220439074983584e-05 3.254369712220278e-05 2.6191792693602856e-05 2.219118476058139e-05
5848.98170369 0.00015915061839103295 6.252808971458948e-05 4.178853788125488e-05 3.220156139056467e-05 2.5901436664038707e-05 2.1934498444425823e-05
5849.95661521 0.00016072401421776472 6.352873704029522e-05 4.248450625949307e-05 3.276064861458599e-05 2.6360052563756043e-05 2.2329745806658238e-05
5850.93168923 0.00016289392468213772 6.467469220246623e-05 4.329536923997467e-05 3.3409226314136625e-05 2.689115413652264e-05 2.278469862820356e-05
5851.90692578 0.00016441999726248024 6.536318575617458e-05 4.377551279509735e-05 3.379091255182031e-05 2.7197920399747737e-05 2.3042824669485946e-05
5852.88232488 0.00016384337814569637 6.481343526598956e-05 4.336956241133435e-05 3.345929587566508e-05 2.6916094900430807e-05 2.2793531374779983e-05
5853.85788657 0.00015897552958444593 6.171004016681939e-05 4.116287754971786e-05 3.168059093743744e-05 2.5441638286998907e-05 2.1513746098532347e-05
5854.83361085 0.0001544548036655723 5.9647719913687305e-05 3.975436404916692e-05 3.057382974959791e-05 2.4547661692774687e-05 2.075381178317738e-05
5855.80949778 0.00015746468045448495 6.196711902683801e-05 4.143130842268576e-05 3.194042257167263e-05 2.5693597518861727e-05 2.175844143328189e-05
5856.78554736 0.00016050043905020792 6.358714268809849e-05 4.2541651895009976e-05 3.2816082772434535e-05 2.6405982455314336e-05 2.236890586143191e-05
5857.76175964 0.0001579226075448959 6.206921842210807e-05 4.144420510892933e-05 3.192657692487017e-05 2.5657145949647304e-05 2.1711371259864908e-05
5858.73813463 0.0001513076600741503 5.85367263553476e-05 3.8951391101764764e-05 2.993282240379498e-05 2.4002394079690966e-05 2.0273604278406678e-05
5859.71467236 0.00015128873833811536 5.8494678532662545e-05 3.894460633944594e-05 2.993748640270208e-05 2.4018968664788066e-05 2.0296914783107686e-05
5860.69137286 0.00015450948369178565 6.0437959527031815e-05 4.0353327282837257e-05 3.1082040134414406e-05 2.4987705448480955e-05 2.1152229213226548e-05
5861.66823616 0.0001569819519978216 6.190975668397989e-05 4.139711994154518e-05 3.1918471691283385e-05 2.5680652856371362e-05 2.1753125484650662e-05
5862.64526228 0.00016007770146748954 6.359347054560531e-05 4.2565640054181425e-05 3.284301361247921e-05 2.6433420924002396e-05 2.239614084762098e-05
5863.62245125 0.00015688661404645243 6.197166972214204e-05 4.1436429915588685e-05 3.195703110467713e-05 2.5707191367419124e-05 2.1772168394594277e-05
5864.59980311 0.00015847177059738618 6.24450021187759e-05 4.174625316699879e-05 3.21927374448614e-05 2.5887184950331957e-05 2.191587680959672e-05
5865.57731786 0.00016305238845788623 6.45944058194668e-05 4.3230049925051545e-05 3.3354773673767425e-05 2.683008841599263e-05 2.271796947343985e-05
5866.55499555 0.00016338925166296944 6.479191118547482e-05 4.335864993046309e-05 3.3449911908093306e-05 2.6904880497644697e-05 2.2780170138338065e-05
5867.5328362 0.00015959359912963645 6.240791886191075e-05 4.1633786997956345e-05 3.204146868669721e-05 2.5725699028115975e-05 2.174879448940568e-05
5868.51083984 0.00015950094557939565 6.225813648464058e-05 4.1513547841436645e-05 3.193582006778942e-05 2.5629978722281854e-05 2.165970392433278e-05
5869.48900649 0.00016340350529616353 6.460913247972407e-05 4.3216226775814165e-05 3.33277547282463e-05 2.679394783412309e-05 2.2676723148313455e-05
5870.46733619 0.0001647337720445032 6.531388080315947e-05 4.372748919454049e-05 3.374501840126393e-05 2.7142334211493504e-05 2.298062624866445e-05
5871.44582895 0.0001652575843741763 6.5908360390486e-05 4.414765489308693e-05 3.4080178508777075e-05 2.7419956717365994e-05 2.3221732735779804e-05
5872.42448481 0.0001653718713756315 6.631606697057937e-05 4.4440971859400087e-05 3.431754649654841e-05 2.7620055265229763e-05 2.3397912828697162e-05
5873.40330379 0.00016431778506466197 6.560620601607327e-05 4.3938611312144946e-05 3.391398809483876e-05 2.728694201780123e-05 2.310926526278249e-05
5874.38228592 0.0001625442735641873 6.435920601981718e-05 4.3052116975244324e-05 3.320016916756545e-05 2.669525762562973e-05 2.2594892580280406e-05
5875.36143122 0.00016327288178972753 6.489274646779041e-05 4.3423196019305734e-05 3.3495519606721254e-05 2.693583372626869e-05 2.2800859318302254e-05
5876.34073973 0.00016514976863910287 6.617207253113862e-05 4.431955398913585e-05 3.4212302079651946e-05 2.752303618193188e-05 2.330617049255952e-05
5877.32021148 0.0001647695516902604 6.578835733163213e-05 4.404464575792733e-05 3.398869204494399e-05 2.7334112083632624e-05 2.3138858667004576e-05
5878.29984648 0.00016347907307095078 6.487853489829357e-05 4.340361565427448e-05 3.34724689158411e-05 2.690586269013141e-05 2.2765858831306364e-05
5879.27964477 0.00016254080012378618 6.432615021974834e-05 4.3015520423067956e-05 3.315920483554668e-05 2.6647053795800897e-05 2.254127718908838e-05
5880.25960637 0.00016221136695435739 6.391358404380465e-05 4.271299131247476e-05 3.29095640214214e-05 2.6434278223951197e-05 2.2352068417255716e-05
5881.23973131 0.0001594306281405979 6.159973225913721e-05 4.105541561825095e-05 3.1562624625165285e-05 2.5306119886740348e-05 2.13629969288522e-05
5882.22001962 0.00015691737356111752 5.9964674320707823e-05 3.988975898089906e-05 3.06181228754275e-05 2.451997625084506e-05 2.067751809560345e-05
5883.20047133 0.00015940003679105796 6.199811031152697e-05 4.1331730155007285e-05 3.178162915371475e-05 2.5485644248346346e-05 2.1517846367274843e-05
5884.18108646 0.00016114669468054337 6.333726051966981e-05 4.227251206189787e-05 3.25378114696897e-05 2.6106994064710935e-05 2.205414310957859e-05
5885.16186503 0.0001582278560976615 6.168360841781091e-05 4.109257286973312e-05 3.158691286600008e-05 2.5316113547921746e-05 2.136627292091209e-05
5886.14280709 0.00015874817447621863 6.18624014849149e-05 4.118311461295074e-05 3.163677878655267e-05 2.533574903935465e-05 2.1366939456468576e-05
5887.12391265 0.00016163787490178048 6.32752776105005e-05 4.213071990691129e-05 3.2366670506889094e-05 2.5906421824819475e-05 2.183590247159647e-05
5888.10518173 0.0001623468713856215 6.339233893184642e-05 4.214375074127197e-05 3.233852808063096e-05 2.5844340590199553e-05 2.175267900479923e-05
5889.08661438 0.00016009674716918818 6.120369136595598e-05 4.048243405656633e-05 3.0945883628101986e-05 2.463423658691111e-05 2.066103574416356e-05
5890.06821062 0.00015066050674834752 5.4646102334859e-05 3.570301524300869e-05 2.7049993907002278e-05 2.1350080370101915e-05 1.7775299961054932e-05
5891.04997046 0.00013003289235441015 4.3299306746784616e-05 2.767533123204318e-05 2.064121577875211e-05 1.6071751447024155e-05 1.3230805495954829e-05
5892.03189395 0.00012686137302820306 4.177473736400435e-05 2.662290054342953e-05 1.9809931345096845e-05 1.5400982727201558e-05 1.2662592777355788e-05
5893.0139811 0.00014506970618704325 5.178660928742265e-05 3.37003883480601e-05 2.5455338970155292e-05 2.0049187149535158e-05 1.6663054980295032e-05
5893.99623195 0.00015159127790349063 5.61651891390757e-05 3.6906392607969066e-05 2.807712643936048e-05 2.2269898384771814e-05 1.862080960629307e-05
5894.97864652 0.0001538632204487172 5.764521598700246e-05 3.7985066452207414e-05 2.89593259331638e-05 2.301257450578091e-05 1.927319884895616e-05
5895.96122484 0.00015364408772969686 5.69598950703683e-05 3.741359525141434e-05 2.8459090765646745e-05 2.254536903251038e-05 1.8830344940990963e-05
5896.94396694 0.00013819809517635765 4.824715405038896e-05 3.12105844150453e-05 2.3483340349609697e-05 1.8418600107790862e-05 1.525504335633448e-05
5897.92687284 0.0001344015282322811 4.63260584622492e-05 2.9868621522060444e-05 2.2420469526107093e-05 1.755086948349955e-05 1.4513193439020823e-05
5898.90994257 0.0001509374837822653 5.580598815308275e-05 3.66202857529383e-05 2.783698791218443e-05 2.204380142947273e-05 1.84060064296964e-05
5899.89317616 0.0001573834834555534 6.013088897889778e-05 3.979496063221595e-05 3.04294110452948e-05 2.4244292210876373e-05 2.0349264859754e-05
5900.87657364 0.00015749725964202914 6.0451822294106295e-05 4.008712067651405e-05 3.069578397528152e-05 2.450062072717447e-05 2.0597671159114802e-05
5901.86013503 0.00016045682592530762 6.258029899918027e-05 4.166394494366724e-05 3.200828717792819e-05 2.5622308378330795e-05 2.159718721011175e-05
5902.84386036 0.0001609587689193789 6.319601443772129e-05 4.216262467182212e-05 3.244628664387215e-05 2.6017815735507417e-05 2.1964886858601878e-05
5903.82774966 0.00015863083673216754 6.206418331814692e-05 4.1393392112505e-05 3.1843160175754076e-05 2.5538845491519304e-05 2.1565294121090318e-05
5904.81180295 0.00015825475648638512 6.188482523904488e-05 4.128019587501527e-05 3.175830086975782e-05 2.547610619858166e-05 2.1516901814101204e-05
5905.79602027 0.00015969076479722152 6.298692231469755e-05 4.2081870670226745e-05 3.2420348257634466e-05 2.603642682247484e-05 2.2012547707357033e-05
5906.78040164 0.00015868658094747495 6.25265025319756e-05 4.177188766084899e-05 3.2188467362819965e-05 2.5855182468382007e-05 2.1863896388036413e-05
5907.76494708 0.00015897070745254685 6.263161975356154e-05 4.18481996724904e-05 3.2253568254747413e-05 2.5910041613539913e-05 2.191200122869978e-05
5908.74965663 0.00016195738886939814 6.431676570222448e-05 4.3033235174034875e-05 3.319689171932297e-05 2.66840925262695e-05 2.2577490842686924e-05
5909.73453031 0.00016249390555673758 6.460259188351604e-05 4.323756005944225e-05 3.3358967953118484e-05 2.6818047731581233e-05 2.269325818027495e-05
5910.71956815 0.0001605086442230443 6.363008907308037e-05 4.2564121090977944e-05 3.282657844064251e-05 2.6387270592875435e-05 2.2327102640002446e-05
5911.70477017 0.0001578234381639594 6.228102927248187e-05 4.162936166437618e-05 3.208861082852896e-05 2.5789095620094975e-05 2.1817877753621534e-05
5912.69013641 0.00015861079631858987 6.282995683647536e-05 4.202903091310437e-05 3.2417441630100204e-05 2.606513162593634e-05 2.206045060003971e-05
5913.67566689 0.00015870038028942827 6.278469655858768e-05 4.2012061284765e-05 3.240882254808454e-05 2.6061690708608794e-05 2.2059811042259848e-05
5914.66136164 0.00015594730842047265 6.122488514150066e-05 4.092802863329497e-05 3.1550697264126294e-05 2.5357236393778716e-05 2.1454048883417867e-05
5915.64722069 0.0001509093164084384 5.890166613561043e-05 3.9322028522650124e-05 3.028996384620339e-05 2.4331616306517927e-05 2.0579853414177784e-05
5916.63324406 0.00015224618080046299 5.936092045377676e-05 3.961747014565243e-05 3.0506164068593498e-05 2.450325199614477e-05 2.0722550851134982e-05
5917.61943178 0.00015264913725011363 5.8792784604265776e-05 3.916122284919162e-05 3.010424917574687e-05 2.4153395292001792e-05 2.0405726313464242e-05
5918.60578388 0.00015575130165029514 6.057812865037244e-05 4.040515176492949e-05 3.109207824616679e-05 2.49582337135656e-05 2.1093948936044542e-05
5919.59230038 0.00015931051997514507 6.267582455171509e-05 4.188445746429552e-05 3.2271064222776345e-05 2.5921270802168675e-05 2.1917635800237532e-05
5920.57898132 0.00015999366143154065 6.311574185493276e-05 4.220289705498741e-05 3.2528739796289825e-05 2.613405560464846e-05 2.2101020952073844e-05
5921.56582672 0.0001598020617098896 6.35355994824753e-05 4.2532592421988465e-05 3.282026062006996e-05 2.6394110301324093e-05 2.2342388099562955e-05
5922.55283661 0.00015453525971913362 6.079389223885236e-05 4.061898983264481e-05 3.1302411697698156e-05 2.515114715654252e-05 2.1275404382553744e-05
5923.54001101 0.0001532804017882414 5.9548766876137706e-05 3.970778512424238e-05 3.054384279784121e-05 2.4505604420330805e-05 2.0700365240862543e-05
5924.52734995 0.00015770975044221078 6.195237325145033e-05 4.140024227778879e-05 3.18965614690565e-05 2.5623914500833074e-05 2.166872535748954e-05
5925.51485347 0.00015970317218576917 6.321479249812348e-05 4.231691283800732e-05 3.26535671874947e-05 2.6264980236430347e-05 2.2236262583335838e-05
5926.50252158 0.00016111116362811046 6.390269968996363e-05 4.2803809019878254e-05 3.30499627225967e-05 2.659125172697193e-05 2.2517984722406364e-05
5927.49035432 0.0001621027599520103 6.475204315656994e-05 4.339965133470558e-05 3.3526897072372986e-05 2.6984208060768106e-05 2.285825931395125e-05
5928.47835171 0.00016029964805622972 6.394792301094609e-05 4.283339055253796e-05 3.307311911838441e-05 2.6613504449271855e-05 2.2541206636660887e-05
5929.46651378 0.00015771270753069398 6.253483913568442e-05 4.184701491618945e-05 3.228729944991107e-05 2.5971787972168643e-05 2.1991220146437612e-05
5930.45484055 0.00015708774251092932 6.236390551479485e-05 4.174703906455591e-05 3.2217043522352734e-05 2.5923120572401048e-05 2.195575583280475e-05
5931.44333207 0.00015465718218115576 6.118468145241921e-05 4.092587639260386e-05 3.1569976386658064e-05 2.5396483828425815e-05 2.150716482454743e-05
5932.43198834 0.00015710491515162603 6.256275944242484e-05 4.1890428226063476e-05 3.233909621380566e-05 2.6025486668478736e-05 2.204694085096245e-05
5933.42080941 0.00016145645945377397 6.494549475399185e-05 4.3562984675247245e-05 3.3669536491601726e-05 2.7115974006433617e-05 2.2983350305330286e-05
5934.40979529 0.00016172091744141092 6.503712284378813e-05 4.3628008830580354e-05 3.3719516799480855e-05 2.7157655435719043e-05 2.3019464588016073e-05
5935.39894601 0.0001579419212788187 6.273694825685415e-05 4.2011729046608194e-05 3.242998930577183e-05 2.609841265744285e-05 2.2107344005459146e-05
5936.38826161 0.00015406165958704225 6.015038494632822e-05 4.019667390063806e-05 3.0981442031637015e-05 2.4906228060782832e-05 2.1078198780327296e-05
5937.37774211 0.00015753096197792762 6.211279458687249e-05 4.1579721996952245e-05 3.2083538151120526e-05 2.5811960674318017e-05 2.185791790293008e-05
5938.36738753 0.00016023523007756418 6.388536561024109e-05 4.281772698344815e-05 3.306473966625227e-05 2.6614017888020756e-05 2.2545749754810667e-05
5939.35719791 0.00015995079629837821 6.361167219416074e-05 4.260792277650086e-05 3.288225450552843e-05 2.6453608650359187e-05 2.239941349176314e-05
5940.34717328 0.00016120117873057925 6.464873203682937e-05 4.3349111540683897e-05 3.348602318268685e-05 2.6960127850978837e-05 2.284491763910019e-05
5941.33731365 0.00016056714013836318 6.42592794318728e-05 4.307957393013074e-05 3.327538976975198e-05 2.6790396838875762e-05 2.2701939823665226e-05
5942.32761906 0.00015680086874340362 6.145755274816837e-05 4.1071633030541865e-05 3.164350657896537e-05 2.542605921998034e-05 2.1507982948267637e-05
5943.31808953 0.00015523073601996027 6.039971895376929e-05 4.0304303938137807e-05 3.101136857827984e-05 2.4891251520599534e-05 2.1033845900185672e-05
5944.3087251 0.0001568164017074079 6.173010104892451e-05 4.127395694406147e-05 3.180714394190832e-05 2.556451400139708e-05 2.16285007855029e-05
5945.29952578 0.00015815009629059022 6.25988278650921e-05 4.1905350402989555e-05 3.2326499109902925e-05 2.6002724598226983e-05 2.201540479734864e-05
5946.29049161 0.00015988839512221588 6.35619916058475e-05 4.25825135837642e-05 3.287468611540358e-05 2.6453756840568518e-05 2.240596383380336e-05
5947.28162262 0.00016132975382547127 6.478513958937246e-05 4.345443418662626e-05 3.35815783280752e-05 2.704356133160065e-05 2.2921473562539046e-05
5948.27291883 0.0001611171413480051 6.491968495198857e-05 4.355863694945044e-05 3.3671137660966986e-05 2.7122751258296304e-05 2.2993777391183634e-05
5949.26438027 0.0001568115339273331 6.278063759803159e-05 4.208210856211328e-05 3.2513119037724385e-05 2.618128552411697e-05 2.2190557177706255e-05
5950.25600697 0.0001514148305848361 5.99384894992354e-05 4.011386876158863e-05 3.095818092402501e-05 2.4914331193608074e-05 2.1106665814514597e-05
5951.24779895 0.00015462461728110095 6.13246770781835e-05 4.105468844858022e-05 3.168370906711827e-05 2.5496562446258365e-05 2.159673505157483e-05
5952.23975624 0.00015926737025063123 6.390027181897084e-05 4.2852670137397684e-05 3.31131974108086e-05 2.6668744070255736e-05 2.2605288472130902e-05
5953.23187888 0.00015794264737941432 6.32214119647183e-05 4.2377580832297025e-05 3.273368594965157e-05 2.635704422214606e-05 2.2336860991466597e-05
5954.22416688 0.00015282662152011226 6.010867254697068e-05 4.015845131322915e-05 3.0940367237801684e-05 2.4866525867766692e-05 2.1039938532536464e-05
5955.21662027 0.00015432813040583147 6.064026398448966e-05 4.050942774035307e-05 3.1208889836056364e-05 2.5075803615770628e-05 2.12115055244381e-05
5956.20923909 0.00015942174254983692 6.340071233954972e-05 4.246670415079213e-05 3.278814773184789e-05 2.6380600623180628e-05 2.2340610056059512e-05
5957.20202336 0.00015935270947706794 6.319290659093473e-05 4.2300921890687566e-05 3.264714579906742e-05 2.62569006206573e-05 2.2228779891067075e-05
5958.19497311 0.00015592768026940262 6.129047902643738e-05 4.0925162330036984e-05 3.152156673692789e-05 2.5317929747063364e-05 2.1410439871348913e-05
5959.18808836 0.00015505900422306052 6.1022865197391344e-05 4.077424281249703e-05 3.1412622007747145e-05 2.523916787876357e-05 2.134846493853832e-05
5960.18136915 0.00015596675140463023 6.167839927826872e-05 4.1274740067982426e-05 3.183225828699285e-05 2.5599392798731885e-05 2.1668868985027345e-05
5961.17481549 0.0001577270944751646 6.28395112735458e-05 4.210510935852459e-05 3.2509359506988865e-05 2.6166665971502154e-05 2.2166949365927073e-05
5962.16842743 0.00015936932707047392 6.408429390827832e-05 4.299458883350893e-05 3.323188762135023e-05 2.6770251440237144e-05 2.2695525478170626e-05
5963.16220498 0.00016010471888432235 6.476751147439533e-05 4.3484294935596154e-05 3.363121220408827e-05 2.710420844537289e-05 2.298840211631199e-05
5964.15614817 0.000160051821209654 6.447827877861253e-05 4.327212579854207e-05 3.3454071563773565e-05 2.6953112407475707e-05 2.285361349140624e-05
5965.15025704 0.00016003514441428337 6.409741748709429e-05 4.299134738532911e-05 3.322024809043828e-05 2.6751565907540564e-05 2.2672073709072838e-05
5966.1445316 0.00015935747668877637 6.35632838331628e-05 4.259925517959656e-05 3.289906780711078e-05 2.647854690732481e-05 2.2430013142364513e-05
5967.13897189 0.00015664260280132735 6.190416994659626e-05 4.1403074539319754e-05 3.192125029092915e-05 2.5660504581091816e-05 2.1714006207346512e-05
5968.13357794 0.00015755957328587763 6.268183271723408e-05 4.196146828957331e-05 3.2374219453653145e-05 2.604076016863295e-05 2.204820299822389e-05
5969.12834976 0.0001605095519745905 6.46763737726006e-05 4.3395977501265384e-05 3.354406147885066e-05 2.70192314342979e-05 2.2904825627382928e-05
5970.12328739 0.00016120566755741423 6.51557766266991e-05 4.37443913119441e-05 3.383036116239678e-05 2.725918370920832e-05 2.3115120749463855e-05
5971.11839087 0.0001610110262980518 6.508266409918107e-05 4.369548142302116e-05 3.379334527419598e-05 2.72298768221763e-05 2.309085094568561e-05
5972.1136602 0.00016130432502896509 6.528980426380976e-05 4.383896384427138e-05 3.3908266739544895e-05 2.732401552416981e-05 2.317218714774401e-05
5973.10909543 0.00016090612681661403 6.502748879881868e-05 4.365879792225222e-05 3.3767644979441794e-05 2.7210001120358515e-05 2.3075056957499594e-05
5974.10469657 0.00015986537371686166 6.457962189506972e-05 4.3359233542318455e-05 3.3537869697132874e-05 2.703037962758103e-05 2.2927347075425037e-05
5975.10046367 0.0001597694644950798 6.453946982487048e-05 4.3327404710188966e-05 3.35095682073928e-05 2.7006173576652863e-05 2.29058722519542e-05
5976.09639674 0.00015765194662513348 6.339456763251387e-05 4.2520105081511295e-05 3.286466413300513e-05 2.647466246004246e-05 2.2447229578797454e-05
5977.09249581 0.00015392063861606575 6.141589588750031e-05 4.113708751053767e-05 3.1766881751641944e-05 2.5577253698534822e-05 2.1678296431708734e-05
5978.08876091 0.00015319691590310577 6.092558406467295e-05 4.078240256431892e-05 3.147698486363743e-05 2.5335675908306413e-05 2.1467854374974017e-05
5979.08519207 0.00015473704749889482 6.153010049334494e-05 4.118532746627812e-05 3.17795469404728e-05 2.5568757255204072e-05 2.1655630527621534e-05
5980.08178932 0.00015519734193265484 6.158060418958954e-05 4.120788249084745e-05 3.177907279899653e-05 2.5551501664664386e-05 2.1625526923262924e-05
5981.07855268 0.0001574716501806608 6.307696778969246e-05 4.228307388994083e-05 3.265402105017417e-05 2.628293126322316e-05 2.2265620035059853e-05
5982.07548218 0.00015987030816152456 6.427641030944256e-05 4.313537999859481e-05 3.334823839501801e-05 2.686280292202432e-05 2.2773633649588614e-05
5983.07257785 0.00015895940832738942 6.371303516334936e-05 4.275022888242904e-05 3.3047307355186147e-05 2.662186891225286e-05 2.257085363102024e-05
5984.06983971 0.00015588075677859975 6.207127876586416e-05 4.161030073952599e-05 3.2144618129918814e-05 2.5886558004633418e-05 2.1942234720353472e-05
5985.0672678 0.000150525065896394 5.9074802790407166e-05 3.952327746774991e-05 3.048872597405448e-05 2.4532105453134196e-05 2.078044538083447e-05
5986.06486215 0.00014761138951819338 5.7360050770053634e-05 3.832267877537574e-05 2.9529941780870508e-05 2.374395744924764e-05 2.0101672841870577e-05
5987.06262277 0.00015271451662138776 6.07443630033477e-05 4.0690865231298675e-05 3.141690870802686e-05 2.529599935180951e-05 2.1441060604125163e-05
5988.0605497 0.00015565016284594993 6.280270692962649e-05 4.214200195080775e-05 3.258073738287201e-05 2.625977821139506e-05 2.227750347024588e-05
5989.05864296 0.0001546009244617157 6.221771183314323e-05 4.1745190207061874e-05 3.227416902873072e-05 2.6014217778455654e-05 2.2070673667200356e-05
5990.05690259 0.00015486506911587387 6.233563406416415e-05 4.18512297791804e-05 3.237368093806667e-05 2.610546744348248e-05 2.2155995034996e-05
5991.0553286 0.00015635419780630233 6.312104073200309e-05 4.240589996866475e-05 3.2815472577489575e-05 2.6468070561325152e-05 2.246706019097696e-05
5992.05392104 0.00015568933127814075 6.236662091463606e-05 4.188196296369149e-05 3.2385013507106026e-05 2.610752706659238e-05 2.2147017455899366e-05
5993.05267992 0.00015172572450303852 6.0082549161972175e-05 4.031023132785308e-05 3.112934012255062e-05 2.5082800273253157e-05 2.1265173692730934e-05
5994.05160528 0.00015468005072033635 6.178735897702616e-05 4.1463328146943564e-05 3.203251561146104e-05 2.581267539039303e-05 2.1888097398574657e-05
5995.05069713 0.0001584052748663821 6.401838450487799e-05 4.300258348193032e-05 3.325931388578328e-05 2.6814900057652667e-05 2.2750924688368326e-05
5996.04995552 0.00015893922098076738 6.43476627288253e-05 4.322715322489471e-05 3.343843996298711e-05 2.6959611564433654e-05 2.2874411212756037e-05
5997.04938046 0.00015753040940307233 6.331734161210295e-05 4.249158229453708e-05 3.28467633943371e-05 2.6467636379705282e-05 2.244609996664137e-05
5998.04897199 0.00015451824744399523 6.139777390942086e-05 4.1134964644076284e-05 3.1761331076226e-05 2.557435835381172e-05 2.167544707082963e-05
5999.04873013 0.00015259006134230987 6.045782393307519e-05 4.047729454154427e-05 3.124037051565957e-05 2.5152734797454446e-05 2.1317930259648917e-05
6000.04865491 0.00015420888815814848 6.129850582749017e-05 4.10624089709592e-05 3.169979884492583e-05 2.552416225308895e-05 2.1633195118669236e-05
6001.04874635 0.00015608625510994036 6.218186504723176e-05 4.1676733676471016e-05 3.2181049423471225e-05 2.5910596600688544e-05 2.1958542715612853e-05
6002.0490045 0.00015665304730074978 6.306677729085391e-05 4.233576808250771e-05 3.2731103540610814e-05 2.638287653965741e-05 2.2381353890105647e-05
6003.04942936 0.0001565665271375613 6.318841363209345e-05 4.243641520234441e-05 3.28253496850088e-05 2.646737014355471e-05 2.2459951904219795e-05
6004.05002098 0.00015363833274472408 6.107449443255412e-05 4.092436175620967e-05 3.1606501851577813e-05 2.5449575618472896e-05 2.1571042417445886e-05
6005.05077938 0.00015304670299466327 6.089521537039524e-05 4.079113149313232e-05 3.149556309181981e-05 2.535718672040527e-05 2.1490733844231665e-05
6006.05170459 0.0001562540580391511 6.274404663385926e-05 4.20920235928281e-05 3.252820070926384e-05 2.6208011076530274e-05 2.2224242266609686e-05
6007.05279662 0.00015651951145779643 6.267639719840631e-05 4.203988406692757e-05 3.247809170742796e-05 2.6162803379679237e-05 2.218085938704645e-05
6008.05405553 0.0001555069938849479 6.228961197075666e-05 4.1783085328851755e-05 3.2281150360621155e-05 2.6007269322278014e-05 2.2051562542065172e-05
6009.05548132 0.000150135209033423 5.9527753863124867e-05 3.986594671112316e-05 3.076762058146233e-05 2.4774705973388005e-05 2.0999061658538657e-05
6010.05707403 0.00014679381777442754 5.775872298311945e-05 3.863062443249201e-05 2.9794806404873005e-05 2.3980954183462617e-05 2.0321239909252926e-05
6011.05883369 0.00015294290270961015 6.125401668974891e-05 4.10854135340396e-05 3.175206899033936e-05 2.5588955262527547e-05 2.170618794970313e-05
6012.06076032 0.0001579015086761522 6.4339430526905e-05 4.32572016750783e-05 3.348287126150042e-05 2.701185621924018e-05 2.2932207737890753e-05
6013.06285395 0.00015734886102877936 6.399583700230746e-05 4.3012128238963896e-05 3.3279360382692585e-05 2.6838410230056213e-05 2.277692380067943e-05
6014.06511461 0.0001524590374937485 6.129812236225101e-05 4.1130054574162004e-05 3.177839113261195e-05 2.560231052650069e-05 2.170833604266127e-05
6015.06754233 0.00014925447308830484 5.9731840279655435e-05 4.0036989416244926e-05 3.091319811543434e-05 2.4894962173476885e-05 2.1102614784757166e-05
6016.07013713 0.0001526963513183548 6.156124415194748e-05 4.13208770630582e-05 3.1937740591768076e-05 2.5740873829864994e-05 2.1834808553459613e-05
6017.07289905 0.00015284496634020825 6.14330540114193e-05 4.123133963132974e-05 3.186803578852171e-05 2.568638919233873e-05 2.1789822450117855e-05
6018.07582811 0.00014915046107611522 5.8998300105961945e-05 3.949970678140999e-05 3.048573218359344e-05 2.4544867392332054e-05 2.080341221862686e-05
6019.07892434 0.00015264923723941074 6.0481261281997576e-05 4.052540490510128e-05 3.129875900003576e-05 2.5203783283575505e-05 2.136386496050449e-05
6020.08218776 0.00015602990595312775 6.228243392465673e-05 4.178997971796232e-05 3.2303655527150654e-05 2.602734488016409e-05 2.2071470987003602e-05
6021.08561841 0.00015321962286695263 6.146078666093146e-05 4.123409772256614e-05 3.187093454131195e-05 2.568347963255516e-05 2.1785592266368455e-05
6022.08921631 0.0001503406286279767 6.049417731333191e-05 4.056936197633443e-05 3.135136664043743e-05 2.5266739268118278e-05 2.1435982834606483e-05
6023.09298149 0.00015011865246461614 6.0199329959389656e-05 4.033741259866535e-05 3.115486688365392e-05 2.5097741896525036e-05 2.128536985219172e-05
6024.09691398 0.00015129688512288269 6.073147233342261e-05 4.071035371309945e-05 3.145138410719834e-05 2.5340668987503152e-05 2.149380864224057e-05
6025.1010138 0.0001497467508914426 6.00259587458609e-05 4.023875133413182e-05 3.1087987698889936e-05 2.504728761929676e-05 2.1244798883401254e-05
6026.10528099 0.00014993015159549524 6.024491753588802e-05 4.040110249902224e-05 3.122222080294594e-05 2.5160406661675454e-05 2.1344372154314548e-05
6027.10971557 0.0001553085489376603 6.294303593282747e-05 4.228521724913013e-05 3.271648520999628e-05 2.6387393320858782e-05 2.2399705448747205e-05
6028.11431757 0.0001543029045167976 6.247531288725765e-05 4.1965856384307614e-05 3.246520632499776e-05 2.6189685702941367e-05 2.2236190176191918e-05
6029.11908702 0.00015299327822058316 6.200030217244646e-05 4.165011071215082e-05 3.2222417202553176e-05 2.6001114772021714e-05 2.2082118672347786e-05
6030.12402395 0.00015568753991468973 6.361072101365217e-05 4.2786672503356313e-05 3.312817065369369e-05 2.6746102369573008e-05 2.2723699638949273e-05
6031.12912837 0.00015761561718522562 6.456217686146084e-05 4.344353162266478e-05 3.3645668679653824e-05 2.7163794119130257e-05 2.3078069690577943e-05
6032.13440033 0.00015853991058577111 6.468658804724199e-05 4.351965011822717e-05 3.370098743053903e-05 2.719999550663289e-05 2.310188914765467e-05
6033.13983985 0.00015847739823333316 6.436427989485967e-05 4.328461629411953e-05 3.350816614636697e-05 2.7034716244844693e-05 2.2953956406306455e-05
6034.14544695 0.00015908194676025596 6.502711046118245e-05 4.375195014168004e-05 3.388360029362391e-05 2.734718068231321e-05 2.322700151011551e-05
6035.15122167 0.0001589593589196219 6.528069391143131e-05 4.394012085642412e-05 3.403726336549802e-05 2.7481551214350273e-05 2.334904623281852e-05
6036.15716404 0.0001583434598365922 6.499116092186683e-05 4.3742720661218617e-05 3.388017778723227e-05 2.735595674673971e-05 2.3243258325840625e-05
6037.16327407 0.0001581182346871047 6.491748807649457e-05 4.3689586227263233e-05 3.3838183077197815e-05 2.7321469998453484e-05 2.3213967342693733e-05
6038.1695518 0.00015757682190933653 6.466957268922494e-05 4.3521059943573724e-05 3.3709345296137446e-05 2.721990175381608e-05 2.312992851479258e-05
6039.17599726 0.00015800209886278812 6.489048680875497e-05 4.3675812008381614e-05 3.3834028494694724e-05 2.7321467848317946e-05 2.3216697162606622e-05
6040.18261048 0.000158311116952177 6.486743176494175e-05 4.363896211929704e-05 3.3789526002871364e-05 2.727067154435176e-05 2.3161614030555335e-05
6041.18939148 0.00015685368972102865 6.37276124902756e-05 4.281732951408954e-05 3.311376626165272e-05 2.670003238269316e-05 2.2656890238289266e-05
6042.19634029 0.000156422250999372 6.374661539940497e-05 4.285340297293074e-05 3.315659731775882e-05 2.6747457598119017e-05 2.2707442468988923e-05
6043.20345693 0.00015471587394728627 6.327407512643992e-05 4.2568063353444333e-05 3.295787242980143e-05 2.660880104960889e-05 2.2607304221456524e-05
6044.21074145 0.00015512868111719038 6.3676799656747e-05 4.286115711689169e-05 3.3201655778214964e-05 2.681500373517885e-05 2.2789633940673967e-05
6045.21819386 0.0001582516104202453 6.529119717007059e-05 4.397211913686374e-05 3.407882035447424e-05 2.7525621238272466e-05 2.3394508164192004e-05
6046.22581419 0.0001589524884655787 6.574963291515087e-05 4.430181844487344e-05 3.434462175932118e-05 2.7745432646511095e-05 2.3584757884281496e-05
6047.23360247 0.0001569682321511998 6.500402549686114e-05 4.3820023755963624e-05 3.398294524603426e-05 2.746403779069737e-05 2.335402964382159e-05
6048.24155873 0.000154212536468931 6.375243694975164e-05 4.297011025565942e-05 3.3325470320988674e-05 2.694217629967952e-05 2.2919581527412642e-05
6049.249683 0.000155045758234641 6.391805014221916e-05 4.306283002735038e-05 3.338619914828372e-05 2.6985341068320827e-05 2.2952296749691046e-05
6050.2579753 0.0001577995943255626 6.497246839930017e-05 4.3766559100572494e-05 3.392353596950801e-05 2.7407024353917514e-05 2.3299760922266618e-05
6051.26643567 0.00015923196236737215 6.573500020632513e-05 4.4283290776419296e-05 3.4326210782563485e-05 2.7729422245307314e-05 2.3571071055631897e-05
6052.27506412 0.0001595956664348936 6.60718406228499e-05 4.451534114865619e-05 3.451032788490145e-05 2.787921328975168e-05 2.3699295949134724e-05
6053.2838607 0.00015841256229189078 6.560936815122911e-05 4.4215336694305116e-05 3.428098230283337e-05 2.7697657245814616e-05 2.3547123911957914e-05
6054.29282542 0.00015647723135121772 6.482221944477321e-05 4.370289284424343e-05 3.388695772759437e-05 2.7386775849144958e-05 2.3287629834226317e-05
6055.30195832 0.00015565435389163992 6.416950288071719e-05 4.323212700189556e-05 3.350432877427635e-05 2.7071013191149672e-05 2.301513429078693e-05
6056.31125941 0.00015502128465797198 6.363585962855315e-05 4.283133557464746e-05 3.317573307081673e-05 2.6794649039242833e-05 2.2774091600382182e-05
6057.32072874 0.00015162917168358366 6.179574587914111e-05 4.154425661927402e-05 3.215668737224764e-05 2.596025324592578e-05 2.2058685010136194e-05
6058.33036633 0.0001512253836810732 6.118149884930854e-05 4.111296181111519e-05 3.18123599290659e-05 2.5674360899465777e-05 2.1809440526913444e-05
6059.34017221 0.000151435757480594 6.0958771057859097e-05 4.096828561204865e-05 3.1706105780837544e-05 2.5588310597753852e-05 2.1736117439610713e-05
6060.3501464 0.0001510398072786843 6.124404418430721e-05 4.12053743121416e-05 3.19204324512925e-05 2.578142229116288e-05 2.1916365923983126e-05
6061.36028893 0.0001541469505380907 6.321711615739082e-05 4.2566342957976294e-05 3.298269052801716e-05 2.6646131543313577e-05 2.2654170766074075e-05
6062.37059984 0.00015532205128734324 6.360687044310461e-05 4.280463589943736e-05 3.314456736315033e-05 2.6762668221017018e-05 2.2740446974841802e-05
6063.38107914 0.00015493362020202404 6.323600738034341e-05 4.252456564425761e-05 3.2912093250457966e-05 2.6563272136977893e-05 2.2562658199897416e-05
6064.39172688 0.0001510110279256753 6.057119932041768e-05 4.062347616535564e-05 3.138058712273434e-05 2.5290729132592302e-05 2.145562593307499e-05
6065.40254306 0.00015059199991981952 6.0334661606795684e-05 4.0452954342450414e-05 3.124118668336818e-05 2.5171099687963163e-05 2.1348884932980263e-05
6066.41352773 0.0001486365481011139 5.940539467746486e-05 3.979486711506375e-05 3.0712274449444657e-05 2.472771645973741e-05 2.096056472762161e-05
6067.42468091 0.00014817720512675273 5.963631145336731e-05 3.998155720782321e-05 3.088094325888613e-05 2.4880346846563656e-05 2.110387222219143e-05
6068.43600264 0.0001549738722865657 6.383949436568818e-05 4.2969217166487783e-05 3.328571203463938e-05 2.6879516394755944e-05 2.2844093041107506e-05
6069.44749292 0.00015820249155419532 6.578700668495241e-05 4.4350695908149026e-05 3.4394757820810204e-05 2.7799280503224045e-05 2.3642794369013353e-05
6070.45915181 0.0001588658891998399 6.626144806958875e-05 4.469033609538342e-05 3.466802612528893e-05 2.8026258698814123e-05 2.3840260383407753e-05
6071.47097932 0.00015861747302612988 6.616828644414682e-05 4.4635024194981524e-05 3.4626974681213476e-05 2.7996400779065548e-05 2.3817164313371637e-05
6072.48297548 0.00015845363661477071 6.610451182822386e-05 4.459247691280159e-05 3.459370045104906e-05 2.7971208831274356e-05 2.3797362611130944e-05
6073.49514032 0.00015842611459157335 6.611329438868438e-05 4.459620627375667e-05 3.4597705831824535e-05 2.7974570091311174e-05 2.3800906398354764e-05
6074.50747387 0.00015863988691970312 6.62860125055046e-05 4.4719519905872575e-05 3.469829750902702e-05 2.8058397418857173e-05 2.38743732816405e-05
6075.51997615 0.00015913482414658546 6.660812952269327e-05 4.494640677122616e-05 3.487859651943717e-05 2.8206820558575976e-05 2.4002609013142334e-05
6076.5326472 0.0001590497477462513 6.648763858441324e-05 4.486563516381488e-05 3.481401193233541e-05 2.8154448474872526e-05 2.3957770995415275e-05
6077.54548704 0.0001584981986832714 6.596736903114528e-05 4.4505944592179474e-05 3.453004058689939e-05 2.7921947256003775e-05 2.3757673880613667e-05
6078.55849571 0.00015714831745870388 6.521979824861204e-05 4.398639397224135e-05 3.412172438816819e-05 2.75890736524385e-05 2.3473034318685176e-05
6079.57167322 0.00015247729324402635 6.289952438549237e-05 4.236904218374873e-05 3.2840826584772075e-05 2.654386484324089e-05 2.2579068715300016e-05
6080.58501961 0.00014972734467052462 6.149755004489247e-05 4.1389405138322656e-05 3.2061528447931014e-05 2.5907315111520598e-05 2.203403508543911e-05
6081.5985349 0.00015383786297805312 6.353707463928669e-05 4.280197735546919e-05 3.3170516961120636e-05 2.680581632871745e-05 2.2797064249894696e-05
6082.61221913 0.0001539314343292046 6.276977237062295e-05 4.222024738497428e-05 3.2670045243931916e-05 2.6366018174770443e-05 2.239346532612041e-05
6083.62607232 0.0001508244153950484 6.05268156180889e-05 4.06265277617059e-05 3.138203067990722e-05 2.529785969820473e-05 2.1464283391897178e-05
6084.6400945 0.00015073078270845105 6.112516673124866e-05 4.109818466601046e-05 3.1792293975732066e-05 2.566260603779946e-05 2.180036271778625e-05
6085.65428569 0.00015189767493330533 6.262719141884618e-05 4.220626998659284e-05 3.2710875658752916e-05 2.6441979070552875e-05 2.2491199247120578e-05
6086.66864593 0.00015041430694550894 6.146094131944379e-05 4.132540745153064e-05 3.1980858016113497e-05 2.582041862273338e-05 2.1942235226118028e-05
6087.68317525 0.00015028967816301515 6.127161833788929e-05 4.119666263747961e-05 3.188299024183863e-05 2.5746734306458497e-05 2.1885005539081453e-05
6088.69787367 0.0001531752472271261 6.303339286728275e-05 4.247762852861986e-05 3.292833442985822e-05 2.662300851899528e-05 2.2651435234037074e-05
6089.71274122 0.00015596331519811206 6.467365936718694e-05 4.36199348967016e-05 3.383716199121066e-05 2.7363258787114e-05 2.3283873307346595e-05
6090.72777792 0.00015567939896702322 6.422879780312263e-05 4.326135871361392e-05 3.3523182092139155e-05 2.707982149631412e-05 2.3019842349353722e-05
6091.74298382 0.0001523722140199134 6.163537082963694e-05 4.137855308489235e-05 3.1978629275232004e-05 2.5774663970996342e-05 2.1866794862821213e-05
6092.75835893 0.0001517418203970944 6.133205206494311e-05 4.118317928863676e-05 3.183150781833148e-05 2.5662779419045546e-05 2.177758322936493e-05
6093.77390328 0.00015228678846740043 6.194331810831854e-05 4.166171416788425e-05 3.2241018693967495e-05 2.6025589145157026e-05 2.2110316030766654e-05
6094.78961691 0.00015141362937786675 6.127825500140773e-05 4.120187015420683e-05 3.187367748282027e-05 2.5726164269957077e-05 2.1852936133867717e-05
6095.80549983 0.0001536339753731903 6.311942040227413e-05 4.2512995186713875e-05 3.293554201178884e-05 2.6612215557593244e-05 2.26282962291488e-05
6096.82155208 0.00015624550308456753 6.506060105833405e-05 4.388304637547067e-05 3.403859600372984e-05 2.752502604060453e-05 2.34213164983129e-05
6097.83777369 0.00015448757956576653 6.368161261395742e-05 4.289720344559262e-05 3.324334554076543e-05 2.686257707577884e-05 2.284317442488621e-05
6098.85416468 0.00015265684277420563 6.201060853318402e-05 4.170763307256082e-05 3.228461785560898e-05 2.606235730858213e-05 2.2142644290092268e-05
6099.87072509 0.000153591963754658 6.280104090372565e-05 4.227715732885656e-05 3.2744279456638925e-05 2.6444128166908533e-05 2.2474461939301957e-05
6100.88745493 0.00015504727755902016 6.42251878992705e-05 4.32994086351089e-05 3.357037878620284e-05 2.7133501192252277e-05 2.30768708839351e-05
6101.90435425 0.00015531295010807463 6.47215946518865e-05 4.3657051984980244e-05 3.38624424881794e-05 2.7378360135645123e-05 2.329190522468414e-05
6102.92142306 0.00015040745498601455 6.19532877569705e-05 4.1677583098774784e-05 3.2269538907457314e-05 2.6049850670471253e-05 2.2134119962097993e-05
6103.9386614 0.00013892400809771408 5.5204956736716925e-05 3.6875784719855504e-05 2.8410700345571606e-05 2.2840450791448476e-05 1.9341129784890642e-05
6104.95606929 0.00013956821194005333 5.550432375545011e-05 3.7088830878862153e-05 2.85813053435007e-05 2.2984163505738756e-05 1.9467004205532517e-05
6105.97364677 0.00015073815916571436 6.170262754771047e-05 4.149916388357611e-05 3.212654750526433e-05 2.5933104548414224e-05 2.203284767408657e-05
6106.99139385 0.0001544749468896929 6.363065486474206e-05 4.288551051919416e-05 3.324786583828015e-05 2.6873319554401595e-05 2.2855952933514653e-05
6108.00931057 0.00015238870363898228 6.250121734404679e-05 4.210212015675756e-05 3.2631240141455535e-05 2.6374879863548294e-05 2.243336969832546e-05
6109.02739696 0.00014867092794560203 6.028177646223142e-05 4.0511886198846937e-05 3.13510082278325e-05 2.5314367466617216e-05 2.1515121377975907e-05
6110.04565305 0.00015030793792996026 6.126642468441432e-05 4.118474428797022e-05 3.187941694145297e-05 2.5741777126122354e-05 2.1879191268891657e-05
6111.06407886 0.0001553189960023941 6.430825488536766e-05 4.334447586634841e-05 3.361331785560853e-05 2.7170357970816634e-05 2.3111955264995347e-05
6112.08267442 0.0001546441687718575 6.36851548917659e-05 4.2901697681463696e-05 3.325105561351786e-05 2.686503329033362e-05 2.2842065451429892e-05
6113.10143976 0.00015185508609696284 6.168527398727073e-05 4.147919419813245e-05 3.209462863654731e-05 2.5900663298834657e-05 2.1998824905628653e-05
6114.12037491 0.00015276054832852307 6.286212680823493e-05 4.2362284997553543e-05 3.283075857212572e-05 2.653258586796183e-05 2.2563467829032445e-05
6115.13947989 0.00015458263143231302 6.457596806415393e-05 4.36166527661137e-05 3.386534204656103e-05 2.740909880477297e-05 2.333926307170916e-05
6116.15875474 0.00015587633091363346 6.536313434670245e-05 4.415730440885827e-05 3.4290761501744256e-05 2.7754845498232918e-05 2.3635628056505034e-05
6117.17819949 0.00015373048218139896 6.414861835072483e-05 4.3299140699721086e-05 3.360306506746684e-05 2.7189847288051362e-05 2.3149743674562762e-05
6118.19781415 0.00015155369719764376 6.267191481458435e-05 4.22529479734655e-05 3.275927255875809e-05 2.6490813669604315e-05 2.2542571230087407e-05
6119.21759877 0.00015385816250437873 6.384828314431382e-05 4.306037618689968e-05 3.338872951365175e-05 2.699609425006513e-05 2.2968528434251744e-05
6120.23755336 0.00015447363193459905 6.400815603809163e-05 4.313862483888194e-05 3.342845953947867e-05 2.7008665654931654e-05 2.296386069542289e-05
6121.25767796 0.0001518643908816424 6.17605865374755e-05 4.150697394401173e-05 3.208823697931025e-05 2.5872638557433288e-05 2.1956334492586005e-05
6122.2779726 0.00015038973473382878 6.0488692793190546e-05 4.0567878449266846e-05 3.131911888787558e-05 2.5211015036305432e-05 2.136378234722333e-05
6123.29843729 0.00014498594872440227 5.7523241990271684e-05 3.839600768264002e-05 2.955014578334274e-05 2.370725022755107e-05 2.0032754670546863e-05
6124.31907208 0.0001445005066516302 5.783117984713337e-05 3.8614675879561174e-05 2.9727154578966498e-05 2.3855762502630956e-05 2.0164845331961282e-05
6125.33987699 0.00015259239464110753 6.313142568077003e-05 4.245756350521789e-05 3.2858167407775e-05 2.65016976594109e-05 2.2500288065874324e-05
6126.36085205 0.00015397222944392357 6.398587181723237e-05 4.3134092712166595e-05 3.344370696013929e-05 2.702739440941147e-05 2.2985870274904927e-05
6127.38199729 0.00015215922962552456 6.248749650861654e-05 4.206049772342739e-05 3.256809622363687e-05 2.6294757473463245e-05 2.2342886620807057e-05
6128.40331273 0.0001508328708615824 6.124987625886051e-05 4.116790608319113e-05 3.183796434229527e-05 2.568168187273497e-05 2.1804768040359457e-05
6129.4247984 0.0001482057025422529 5.94809201131886e-05 3.994222421237584e-05 3.088084414157974e-05 2.490993221682464e-05 2.1152566853558094e-05
6130.44645434 0.00014666206328712428 5.895030845789763e-05 3.959797096900945e-05 3.0631710396215274e-05 2.4727698465385863e-05 2.101320790770421e-05
6131.46828056 0.0001493409092100443 6.13782487484623e-05 4.1356412672491585e-05 3.205800248812561e-05 2.5924130668415678e-05 2.2062670885677524e-05
6132.49027711 0.00015242890518695764 6.378699832106822e-05 4.3082127630553734e-05 3.345099136589324e-05 2.7082809473969326e-05 2.307264919614461e-05
6133.512444 0.00015311247410846628 6.436503893670079e-05 4.3500658396966124e-05 3.379321734155202e-05 2.7370427124676913e-05 2.3325709309879825e-05
6134.53478126 0.00015445743250639869 6.475232806709113e-05 4.3750381103218495e-05 3.397703859530332e-05 2.7506813030929243e-05 2.3431132201671132e-05
6135.55728893 0.00015380907443546978 6.335620451092886e-05 4.271983309468306e-05 3.3122176616918856e-05 2.6772262675600056e-05 2.277190979880064e-05
6136.57996704 0.00014970630758936966 6.002336797057183e-05 4.031530183087996e-05 3.1163072459050295e-05 2.5122847246027006e-05 2.1319010386417424e-05
6137.6028156 0.00013980575529151348 5.482646533142067e-05 3.663235273699329e-05 2.8214469130294495e-05 2.268767453733145e-05 1.921395201176055e-05
6138.62583465 0.00012900983599180806 4.917305254573652e-05 3.264110639428215e-05 2.5034373164197643e-05 2.007413812245014e-05 1.6965481213534804e-05
6139.64902422 0.00013590139894650806 5.331975132969259e-05 3.559938643692628e-05 2.7417132272313798e-05 2.2052562819246247e-05 1.8684966091710593e-05
6140.67238434 0.00014984517265799116 6.169493973480757e-05 4.156204263497203e-05 3.220825764739264e-05 2.6025541770664022e-05 2.2133819828060632e-05
6141.69591502 0.0001529146572599042 6.368670475858446e-05 4.300567654361199e-05 3.338242907683157e-05 2.700976048933245e-05 2.299557406123213e-05
6142.71961632 0.00014703896686587837 6.081522500423603e-05 4.10402983165806e-05 3.184553643073842e-05 2.576332143344946e-05 2.193235105183309e-05
6143.74348824 0.00014337480497397638 5.9052846971150166e-05 3.982982743255045e-05 3.08944275810965e-05 2.49936637324185e-05 2.127831532866803e-05
6144.76753082 0.0001492381224022345 6.17369047418985e-05 4.165668574997568e-05 3.231240683372713e-05 2.613616105000377e-05 2.224748956295283e-05
6145.79174409 0.00015238555610586904 6.346996734123881e-05 4.28603952148128e-05 3.326573637118701e-05 2.6917280662767614e-05 2.2919563628463958e-05
6146.81612808 0.00015066813838037862 6.234735804871335e-05 4.2082562835651744e-05 3.2655140307430806e-05 2.642226698224167e-05 2.2497251798948013e-05
6147.84068281 0.00015056887457438742 6.205888583480982e-05 4.1877257510759074e-05 3.248663999302141e-05 2.6277773920453994e-05 2.23661806425452e-05
6148.86540832 0.0001490015140896089 6.220373442055965e-05 4.204773940016046e-05 3.2657219443124705e-05 2.644446407617471e-05 2.252822546447068e-05
6149.89030462 0.0001474969721750184 6.177610037968128e-05 4.177379330572979e-05 3.245496992123361e-05 2.628561211027015e-05 2.2394892999166234e-05
6150.91537176 0.00014793590849655132 6.103724707290977e-05 4.118702671944791e-05 3.194964958421308e-05 2.5834157681185377e-05 2.197557618208566e-05
6151.94060976 0.0001489945809426036 6.0570424012579657e-05 4.075675103362345e-05 3.1547613004416055e-05 2.546239327444591e-05 2.162557601207198e-05
6152.96601864 0.00014937015679425655 6.1028321969716695e-05 4.104424163499206e-05 3.176798104167063e-05 2.5646556566650794e-05 2.179178542949137e-05
6153.99159844 0.00015059016639481815 6.223039043850183e-05 4.191698192756364e-05 3.2486097891028075e-05 2.625476794612875e-05 2.233088212378814e-05
6155.01734918 0.0001518340615376101 6.308376157955812e-05 4.2524427938143094e-05 3.29727364818762e-05 2.6651211312892124e-05 2.2668880108359408e-05
6156.0432709 0.00014812715312152887 6.116687033370508e-05 4.119789578597532e-05 3.192722407271144e-05 2.579655068376463e-05 2.1935594145465905e-05
6157.06936362 0.00014547391840319388 6.002784462476354e-05 4.043846200749133e-05 3.1341592656720375e-05 2.5330005968275105e-05 2.154384771194976e-05
6158.09562736 0.00014580571730765928 5.9989560462476936e-05 4.038788593099508e-05 3.1276809479030474e-05 2.5259574393931558e-05 2.1467842403243502e-05
6159.12206217 0.00014515662638074558 5.9297998600216825e-05 3.987192700629094e-05 3.085321731914555e-05 2.489732269391453e-05 2.114427479523414e-05
6160.14866806 0.00014755521460874316 6.0101334215737455e-05 4.0379877521219095e-05 3.123744224092491e-05 2.518550135119534e-05 2.1370974875323788e-05
6161.17544507 0.00015006376923253702 6.087242864201543e-05 4.085275671991728e-05 3.1582943455575766e-05 2.5439009728915964e-05 2.156641893701387e-05
6162.20239322 0.00014338127407879624 5.6637987468832716e-05 3.778425799956621e-05 2.908284300875265e-05 2.33352982293743e-05 1.971782392593085e-05
6163.22951254 0.00013392710031475007 5.103129694532101e-05 3.373721752165073e-05 2.5797379940878266e-05 2.0571771199941757e-05 1.7290575612377867e-05
6164.25680306 0.0001333582510219912 5.0777073863322514e-05 3.353849722399521e-05 2.5629324341243467e-05 2.0425685110440857e-05 1.7159559465719418e-05
6165.28426482 0.00013766412356714614 5.3297843307395325e-05 3.5385629554987366e-05 2.7141795767362456e-05 2.1720362322218837e-05 1.831305155269061e-05
6166.31189783 0.00014333565929571524 5.677653580027477e-05 3.792867167910447e-05 2.9224875629372192e-05 2.3484770853774873e-05 1.9871236047231213e-05
6167.33970213 0.00014438744245932504 5.743112038551317e-05 3.8420921422725434e-05 2.963549605137629e-05 2.3835472232993806e-05 2.0182368696202682e-05
6168.36767774 0.00014597967886789397 5.848893729458662e-05 3.9163155881122617e-05 3.0228311797736046e-05 2.431797794003101e-05 2.0594684335752687e-05
6169.3958247 0.00014834497486492364 6.0155594496795165e-05 4.034156962441712e-05 3.1172872463593e-05 2.5095252266050188e-05 2.1265675392997812e-05
6170.42414302 0.00013980481241577497 5.537696574399973e-05 3.6948753746790344e-05 2.8445212458633554e-05 2.2826019126124744e-05 1.92905138651084e-05
6171.45263275 0.00013441132793613343 5.2111056934225166e-05 3.4651969529041256e-05 2.660824470777657e-05 2.131170285865652e-05 1.7982583858721988e-05
6172.48129391 0.00014223313397035615 5.6546185096398905e-05 3.78326200622386e-05 2.918099984958645e-05 2.3469341443291143e-05 1.98734847903875e-05
6173.51012653 0.00014984997840789986 6.114786660902101e-05 4.1103001420990817e-05 3.181462408620697e-05 2.5660114010807876e-05 2.1780154877941325e-05
6174.53913063 0.00014875906049309623 6.036765756221545e-05 4.0543996055636464e-05 3.1365360883836746e-05 2.5289435860165788e-05 2.1459354171824805e-05
6175.56830625 0.00014784940129931865 5.9802279706759315e-05 4.014664515127946e-05 3.105076189267909e-05 2.502789776992554e-05 2.1231179147071286e-05
6176.59765341 0.00014795581880977233 6.022734697174732e-05 4.048454567664437e-05 3.1343160631750856e-05 2.5282101763856808e-05 2.1460008443897546e-05
6177.62717214 0.00014645116423715214 5.963216020719251e-05 4.009402169753886e-05 3.104397868478264e-05 2.505304768193701e-05 2.1275835397524186e-05
6178.65686247 0.00014579093441512492 5.9123841023511565e-05 3.974135300999399e-05 3.0758130805048866e-05 2.4822488238076034e-05 2.1080090444238323e-05
6179.68672444 0.0001487915974313724 6.0922733056468795e-05 4.10044076640139e-05 3.1761171743004864e-05 2.5642823577052072e-05 2.1783324818582006e-05
6180.71675806 0.00015001900456357474 6.186002621542194e-05 4.165966528449426e-05 3.2282960420121436e-05 2.606900275812869e-05 2.2149057749896856e-05
6181.74696337 0.00014785759857107887 6.0455193599604247e-05 4.064971333631708e-05 3.14651945519472e-05 2.5390920285104266e-05 2.1561327852071838e-05
6182.77734039 0.00014979966821428102 6.151943287391479e-05 4.140586756305098e-05 3.207406348349954e-05 2.589387291285028e-05 2.199657595213721e-05
6183.80788916 0.00015185204625535722 6.273817802822303e-05 4.2277812206358385e-05 3.277925758072346e-05 2.647665491684476e-05 2.2500313562358778e-05
6184.8386097 0.0001513938457104298 6.238231537621261e-05 4.201617692193317e-05 3.2564857507528555e-05 2.6294076346755455e-05 2.233756543841916e-05
6185.86950204 0.00015132096880840775 6.226600501966665e-05 4.192674714312101e-05 3.249173200660155e-05 2.6229472163096103e-05 2.227820318384017e-05
6186.90056621 0.0001503126737622277 6.152071594087883e-05 4.1397332278212334e-05 3.2067009968352176e-05 2.5875811670692032e-05 2.196970065973778e-05
6187.93180223 0.0001479898797351391 5.973373633872034e-05 4.01193295933815e-05 3.103511487736946e-05 2.5015130794404065e-05 2.121777907105925e-05
6188.96321015 0.0001468276033316455 5.8976057435028825e-05 3.957730438673063e-05 3.059575317524787e-05 2.4650512416668758e-05 2.090074254375418e-05
6189.99478998 0.00014631287076105544 5.861676055327937e-05 3.932744216408355e-05 3.0389291676450587e-05 2.4478662223886582e-05 2.074982273718122e-05
6191.02654176 0.00014693587914661282 5.872856473084688e-05 3.940510667228853e-05 3.0448194194698134e-05 2.451981231357244e-05 2.0778387134061143e-05
6192.0584655 0.00014325334700731354 5.690712686813197e-05 3.8101112523824846e-05 2.9400728170450078e-05 2.3646710547518186e-05 2.001872043147333e-05
6193.09056125 0.00013466587548093003 5.2590061457425056e-05 3.507156604774935e-05 2.6977650007963988e-05 2.1646717665207968e-05 1.8288984211440854e-05
6194.12282903 0.00013981919406641472 5.596699489672007e-05 3.751629095562641e-05 2.8965014987550824e-05 2.3302572746376745e-05 1.9729873855536167e-05
6195.15526887 0.00014781098546635382 6.0172783492916574e-05 4.048255959784939e-05 3.134973206149355e-05 2.5276264016004256e-05 2.1441278337575583e-05
6196.1878808 0.00015012474187882385 6.14950356025728e-05 4.139983737677951e-05 3.2082905337068126e-05 2.5887723342551663e-05 2.1977235807420184e-05
6197.22066484 0.00015089798011577775 6.21424130116768e-05 4.185558163188738e-05 3.2447441536122256e-05 2.619359942881037e-05 2.2246545209605517e-05
6198.25362103 0.0001513785418218235 6.228015236902535e-05 4.1934950887706535e-05 3.2498870503966734e-05 2.6226459287595223e-05 2.2267777510673593e-05
6199.28674939 0.0001501285697142357 6.128586655828144e-05 4.1217515764811524e-05 3.190967708857527e-05 2.5730349912779588e-05 2.183060235978105e-05
6200.32004996 0.0001469895634553719 5.8988077413834754e-05 3.9578859234246016e-05 3.0573045126829547e-05 2.4613063262465592e-05 2.0851206764148284e-05
6201.35352275 0.00014363388195190113 5.6858257967413256e-05 3.806902562695004e-05 2.93595423442283e-05 2.3611106371377555e-05 1.9984381776234765e-05
6202.38716781 0.00014576729978231165 5.8569405276127797e-05 3.929792898463727e-05 3.0373199605983704e-05 2.4466483162766506e-05 2.0741264122771506e-05
6203.42098515 0.0001509019930748755 6.201851208338812e-05 4.175269844347046e-05 3.235373020471413e-05 2.6109038592725753e-05 2.2168573310836375e-05
6204.45497481 0.00015254351652855546 6.319488890192901e-05 4.2589690268666283e-05 3.3026332002285634e-05 2.6666042715399406e-05 2.2651938826367366e-05
6205.48913682 0.00015147535898169784 6.264026431054856e-05 4.220385510168044e-05 3.271955183320967e-05 2.6416458989284394e-05 2.2438882972779227e-05
6206.5234712 0.00014981093448576744 6.159643821338036e-05 4.1472753315856064e-05 3.21350606006608e-05 2.5936307741499927e-05 2.2024908093363778e-05
6207.55797799 0.00014936283429303488 6.132230239984864e-05 4.128713858565848e-05 3.1989205517711195e-05 2.5818259423230608e-05 2.1924329194106936e-05
6208.5926572 0.00014859842730522707 6.0901333809965386e-05 4.1000634662061716e-05 3.176431212994287e-05 2.5637718415643973e-05 2.177175728830839e-05
6209.62750888 0.00014835737419921846 6.0932138586152305e-05 4.102995906759903e-05 3.1792283903437065e-05 2.566624977742042e-05 2.1800790168166695e-05
6210.66253305 0.00014918865619092288 6.139584932825424e-05 4.134946090278931e-05 3.20416616415588e-05 2.5866899747699698e-05 2.1970545684773675e-05
6211.69772973 0.00014931222365054478 6.0893711852509455e-05 4.096272611566735e-05 3.1704362470789196e-05 2.556655049838448e-05 2.169324454059738e-05
6212.73309897 0.00014866431992461722 6.024393154115953e-05 4.048984491257613e-05 3.1317072046612456e-05 2.523815579606938e-05 2.1402217188360368e-05
6213.76864078 0.00014716299498546316 5.952558423244691e-05 3.999449821095644e-05 3.093800866564148e-05 2.4935297830036005e-05 2.1148481806241332e-05
6214.80435519 0.0001408765980229116 5.548085914697999e-05 3.713536922096392e-05 2.864837001184252e-05 2.3042426913960096e-05 1.9508541057290375e-05
6215.84024224 0.00013565438013564507 5.239664964444443e-05 3.498688705510683e-05 2.6939437311070386e-05 2.163858560973017e-05 1.829682423296274e-05
6216.87630195 0.00013535254071470862 5.2377821029476715e-05 3.496291054202198e-05 2.6917318757829017e-05 2.161605448110881e-05 1.8273606904684958e-05
6217.91253435 0.0001406764669073135 5.533240061364946e-05 3.7002149458017084e-05 2.8520302141571058e-05 2.29149419159152e-05 1.9379145535474665e-05
6218.94893947 0.00014582958709810151 5.8918338748925626e-05 3.9571902409721185e-05 3.059908623754002e-05 2.4646126565302707e-05 2.088820619105691e-05
6219.98551734 0.00014505386484785367 5.885662287569862e-05 3.95561267074987e-05 3.060729742593033e-05 2.4670121205163235e-05 2.0923082027503357e-05
6221.02226798 0.0001406869742715327 5.606411994183136e-05 3.7571195121368203e-05 2.9010124228886982e-05 2.3351034758875883e-05 1.9782043589868743e-05
6222.05919144 0.00014064317377298857 5.5516041343162565e-05 3.7164330391038426e-05 2.8662024115869845e-05 2.3052657001314313e-05 1.9514429163552203e-05
6223.09628772 0.00014349965302384686 5.674130724390763e-05 3.8013119703269713e-05 2.9330498588563884e-05 2.3592680553171726e-05 1.997233980301976e-05
6224.13355688 0.00014698883308718075 5.86171104763161e-05 3.9329950496945503e-05 3.039244554490234e-05 2.4462573723400735e-05 2.07200420951471e-05
6225.17099892 0.00014593340219194468 5.770838237352594e-05 3.867319807426207e-05 2.9856809142608547e-05 2.4011976867310934e-05 2.032358357148584e-05
6226.20861389 0.00014441409594825167 5.661119363224436e-05 3.789425598259459e-05 2.9223093388593657e-05 2.3485092857863705e-05 1.9864596390727454e-05
6227.2464018 0.00014640635852478434 5.8431374350397696e-05 3.9193372155702565e-05 3.0281626490566148e-05 2.4369459320523978e-05 2.0638400842192187e-05
6228.2843627 0.00014737315573753822 5.953245198319682e-05 3.997522696362245e-05 3.091898428680889e-05 2.4902744144514878e-05 2.1106171288045834e-05
6229.3224966 0.0001488525215898823 6.0614893545715636e-05 4.0744372716208945e-05 3.154023855857027e-05 2.5418923237159533e-05 2.155577447196931e-05
6230.36080354 0.00014673520332958068 5.9436368194207814e-05 3.991349292047657e-05 3.0871654264089625e-05 2.4869301029301823e-05 2.108211115233296e-05
6231.39928354 0.00013936582437431544 5.518322097113139e-05 3.6916292804481375e-05 2.8465743582131083e-05 2.288452961960362e-05 1.936569964817115e-05
6232.43793664 0.00013340010448639593 5.1727193589848736e-05 3.4491411004543786e-05 2.6523006982398465e-05 2.1280191116097384e-05 1.7976024039662305e-05
6233.47676286 0.0001375423769546867 5.4065125826202523e-05 3.614870456288936e-05 2.7857470190838624e-05 2.2385412629368093e-05 1.8935090941598447e-05
6234.51576224 0.00014054904057992138 5.5667271249367966e-05 3.7278208198734855e-05 2.876550402350757e-05 2.3136879886508838e-05 1.9588042368489054e-05
6235.55493479 0.00014533209589715667 5.8615496422710156e-05 3.9362532691078355e-05 3.0439213336814476e-05 2.4520458677910946e-05 2.0786583906886235e-05
6236.59428056 0.0001499038438227487 6.165250824276813e-05 4.151410198847969e-05 3.217349369455258e-05 2.5957825671730845e-05 2.203474248313656e-05
6237.63379956 0.00014966516346907063 6.175556276303521e-05 4.160532128301156e-05 3.22615498136174e-05 2.6040492290042594e-05 2.211431492471977e-05
6238.67349184 0.0001449535298780606 5.960555544394846e-05 4.015810737361677e-05 3.1145568399770536e-05 2.5152840557062755e-05 2.137164682402412e-05
6239.7133574 0.00014104464254733608 5.7705189067285764e-05 3.8892125631195e-05 3.0164993313536344e-05 2.4367069377727557e-05 2.070608910186581e-05
6240.7533963 0.00014020568646678775 5.598939073144246e-05 3.763141839891443e-05 2.9113633102524054e-05 2.3464305456850146e-05 1.98962303891611e-05
6241.79360855 0.00013900206168787702 5.426243940575569e-05 3.631163886901481e-05 2.799674313606275e-05 2.2504782110487485e-05 1.9040329114543856e-05
6242.83399418 0.00014275359989104273 5.6959116724697766e-05 3.818120352703362e-05 2.948168758184094e-05 2.3726405335333656e-05 2.009657854543071e-05
6243.87455322 0.00014337748298955157 5.7151163265593626e-05 3.8298703499754306e-05 2.9551675063994442e-05 2.3762403601540583e-05 2.0107841147449798e-05
6244.9152857 0.00013838856263128559 5.397114358974792e-05 3.605733743324103e-05 2.7752655027411677e-05 2.227340633587075e-05 1.8814901731322512e-05
6245.95619166 0.00013875689865168624 5.523789368829984e-05 3.705523935769675e-05 2.8636098601812118e-05 2.3065189888444755e-05 1.955040431013343e-05
6246.99727111 0.0001382337655921796 5.567242969948555e-05 3.742645229376616e-05 2.897565610490184e-05 2.337487428903176e-05 1.9840355790149234e-05
6248.03852409 0.00013568121912602978 5.505578946374754e-05 3.702441660173961e-05 2.8667302767262225e-05 2.3128692171238558e-05 1.963347681671599e-05
6249.07995063 0.00013885049397208946 5.768688775852746e-05 3.893124386081228e-05 3.021500434326059e-05 2.441955669244003e-05 2.0758399507500934e-05
6250.12155075 0.0001441897728295643 6.010675408015865e-05 4.0578116571014096e-05 3.149426659471214e-05 2.5448665810156595e-05 2.162857496595274e-05
6251.16332449 0.00014622530464155394 6.048226984741222e-05 4.0782029856460115e-05 3.1617738303426946e-05 2.552492535923095e-05 2.167588402833417e-05
6252.20527187 0.00014466521876229705 5.984676667151456e-05 4.0349197526030284e-05 3.127160231111516e-05 2.5238572286420457e-05 2.142621738791465e-05
6253.24739292 0.00013900044824111438 5.6229405427840226e-05 3.775340013666325e-05 2.9164959161725177e-05 2.3478309188868316e-05 1.9887198302758096e-05
6254.28968768 0.00013395524421095406 5.3045762077280754e-05 3.547116028575201e-05 2.7333974995256803e-05 2.1967260124090984e-05 1.8584620894865843e-05
6255.33215616 0.00013423605135274148 5.3459640684359966e-05 3.5792470523326545e-05 2.7622211038460376e-05 2.2233260550573245e-05 1.883891297378086e-05
6256.37479841 0.00013764087133089217 5.535132571072019e-05 3.7135518408103936e-05 2.8703430987349754e-05 2.313099610554129e-05 1.9619440727415737e-05
6257.41761444 0.00014060991600589785 5.651677343472567e-05 3.7924251852478215e-05 2.9313283247325434e-05 2.361813692642298e-05 2.002844640013261e-05
6258.46060429 0.00013862632479569374 5.4278629854467015e-05 3.6290797018870397e-05 2.7966851334238036e-05 2.2478028095415562e-05 1.9020328013469675e-05
6259.50376798 0.00013632279130642154 5.1791996126121434e-05 3.444349107998541e-05 2.6424570556459432e-05 2.1157542765809735e-05 1.784266890896537e-05
6260.54710555 0.00013653698940616424 5.200659451194394e-05 3.456849723887553e-05 2.6504134679106465e-05 2.1210850106667933e-05 1.7880208153437895e-05
6261.59061703 0.00014237030885700034 5.67252114682754e-05 3.797591110252593e-05 2.9285660059869018e-05 2.354530519381076e-05 1.9928263075430018e-05
6262.63430243 0.0001424129245859407 5.702345051215001e-05 3.821535852720812e-05 2.9500318592132174e-05 2.373917486714065e-05 2.0108309933533368e-05
6263.6781618 0.00014366971971184285 5.7920742134838366e-05 3.890669861023425e-05 3.00875647286057e-05 2.4251261190237633e-05 2.057019429590237e-05
6264.72219516 0.00014748469175587204 6.06536278838829e-05 4.087540136501764e-05 3.1689052095728137e-05 2.5591588043076675e-05 2.1743202982005527e-05
6265.76640255 0.0001456619914367324 5.969950113843262e-05 4.018562327010746e-05 3.113035811906543e-05 2.5124812790822035e-05 2.1336740060288574e-05
6266.81078397 0.00013995846596398517 5.5882016973393724e-05 3.747144968595662e-05 2.8945794126315157e-05 2.3313555183801108e-05 1.9764595149250397e-05
6267.85533948 0.00014241569656905998 5.7029800663792955e-05 3.828567978194627e-05 2.9595359545335037e-05 2.3846619470727727e-05 2.0223036922540223e-05
6268.9000691 0.0001456651453564912 5.917392570957928e-05 3.9810930662142044e-05 3.082208474071764e-05 2.4863745773384497e-05 2.1105726805940582e-05
6269.94497285 0.00014519721146210739 5.856710673455519e-05 3.9365837901076986e-05 3.0456469772241325e-05 2.4551841850027337e-05 2.0827974833560356e-05
6270.99005076 0.00014441607689252164 5.825417685873574e-05 3.913224342852438e-05 3.0263023919056902e-05 2.438766530617981e-05 2.0683046359147886e-05
6272.03530288 0.00014310057785635273 5.822318575607516e-05 3.911474269469779e-05 3.025218600520093e-05 2.4388635016989365e-05 2.0692067305462664e-05
6273.08072921 0.0001443568925587108 5.91449750624123e-05 3.97901333593178e-05 3.080339863241284e-05 2.4855340961114565e-05 2.1103958854546324e-05
6274.12632979 0.0001468761525193053 6.049561570688853e-05 4.076265188068165e-05 3.159354933033829e-05 2.5512411896702942e-05 2.1675688872468724e-05
6275.17210466 0.00014693730392908267 6.014359070683356e-05 4.0500220343052244e-05 3.137456726602375e-05 2.5318757680486078e-05 2.14979470036681e-05
6276.21805384 0.00014591694378309535 5.938693888655697e-05 3.994512240779884e-05 3.091074362083227e-05 2.491843906407118e-05 2.1136674157023834e-05
6277.26417736 0.00014692842178820205 6.008992018102287e-05 4.044432457152461e-05 3.131766805438065e-05 2.525423669892296e-05 2.1426909154074508e-05
6278.31047524 0.0001478253063377309 6.064099750741633e-05 4.084720516651606e-05 3.165787988453933e-05 2.5547026894214765e-05 2.1690103240121544e-05
6279.35694752 0.00014783607884673246 6.0992387420250864e-05 4.111144202026135e-05 3.188065025047403e-05 2.574540386474008e-05 2.1873666570483755e-05
6280.40359423 0.00014589588751646003 6.0322858885809705e-05 4.0663758438719665e-05 3.153538881857585e-05 2.5476473948146704e-05 2.1653264882964013e-05
6281.4504154 0.00014110282185131605 5.752671390652558e-05 3.8682653966369826e-05 2.9941725907625453e-05 2.416233622320179e-05 2.051728614500057e-05
6282.49741105 0.00013968146038401849 5.624138520511895e-05 3.771163352350179e-05 2.9127900006297307e-05 2.3465463882341166e-05 1.9897164668437427e-05
6283.54458121 0.0001426165097132632 5.7860164468988015e-05 3.8868453872692794e-05 3.0055184725050573e-05 2.4229516283869187e-05 2.055548829927974e-05
6284.59192592 0.00014417513804778007 5.896485180822836e-05 3.967477467568192e-05 3.071255542069956e-05 2.4780438065480168e-05 2.103736631959857e-05
6285.6394452 0.00014702505616481565 6.075386025506765e-05 4.093012265413276e-05 3.171847989072994e-05 2.5605199202704607e-05 2.1747826151753074e-05
6286.68713908 0.0001465730793178532 6.0172417873827886e-05 4.049942958286693e-05 3.1356301255984184e-05 2.5291135693732918e-05 2.1463844494926718e-05
6287.73500759 0.00014637608695512041 6.0322453237550175e-05 4.062484866775162e-05 3.1470038783359115e-05 2.5397679369387936e-05 2.1566475091169682e-05
6288.78305076 0.00014786361667856979 6.160186981898218e-05 4.155637379934219e-05 3.2238002915948657e-05 2.6050130036605124e-05 2.2146297124383668e-05
6289.83126861 0.0001492991484074788 6.265296764351528e-05 4.230105486026549e-05 3.283954694216854e-05 2.6549546385846235e-05 2.258133874698663e-05
6290.87966119 0.00014903846452846885 6.26488030095997e-05 4.229685589298917e-05 3.283781979549419e-05 2.6548448704762213e-05 2.2581309013723528e-05
6291.92822851 0.00014479304302980183 6.025893065459911e-05 4.063540133268423e-05 3.152183905052231e-05 2.547705580102167e-05 2.166580819502641e-05
6292.97697061 0.00014283045830582551 5.899176534670762e-05 3.974378043471731e-05 3.080656218655972e-05 2.4886401873488953e-05 2.1153949816755136e-05
6294.02588751 0.0001443728868254728 5.9218154298006705e-05 3.986310084944741e-05 3.08676694622599e-05 2.490754237860766e-05 2.1147306970822604e-05
6295.07497925 0.00014429758978816356 5.893252741679236e-05 3.9657354899307286e-05 3.0698342155632464e-05 2.4765517287992593e-05 2.102197429058872e-05
6296.12424585 0.0001464721516718838 6.032701614024649e-05 4.064257537693052e-05 3.149925416821798e-05 2.5430542416119513e-05 2.160210280045714e-05
6297.17368734 0.0001463847212684412 5.956341789687014e-05 4.007127737214608e-05 3.1022380000995496e-05 2.5015078928894528e-05 2.1225460761923777e-05
6298.22330375 0.00014229365636823511 5.6642997023246594e-05 3.798761115701512e-05 2.932952759381987e-05 2.360495854000609e-05 1.999505392579509e-05
6299.27309512 0.00013963175813426132 5.5745065058064e-05 3.737958203636706e-05 2.8868032529746284e-05 2.325001481602767e-05 1.97100507605057e-05
6300.32306146 0.00014287882740832866 5.8373268305593155e-05 3.9277190858746786e-05 3.041931588928078e-05 2.4554369858195573e-05 2.0857008043775305e-05
6301.37320281 0.00014539570982407028 6.0270071245585546e-05 4.0649468058207904e-05 3.1533109314872154e-05 2.5485094298814377e-05 2.1669502139767208e-05
6302.4235192 0.00014100688727738896 5.815804609103639e-05 3.917078320902348e-05 3.035659300606156e-05 2.4518026532696675e-05 2.083665634912948e-05
6303.47401066 0.00013528717387202018 5.518385317029793e-05 3.7062092961000265e-05 2.866914196945061e-05 2.3122393673574147e-05 1.9630290708178226e-05
6304.52467722 0.00013731815062996392 5.598149015020849e-05 3.7614994637307564e-05 2.9104814692169993e-05 2.347787811954599e-05 1.9934529750811434e-05
6305.5755189 0.00014101901581486302 5.730286149958501e-05 3.853398391931543e-05 2.9823049262474964e-05 2.405906362796237e-05 2.04257062339312e-05
6306.62653573 0.00014105113187517167 5.6676070352002474e-05 3.807010367708483e-05 2.9425017590857e-05 2.3710256138586498e-05 2.0105784269480828e-05
6307.67772775 0.0001429108410088113 5.7504595906475136e-05 3.863725849672018e-05 2.986562027692158e-05 2.4061511669647348e-05 2.0399502467514332e-05
6308.72909499 0.00014725447358099854 6.104448967169178e-05 4.116574287752081e-05 3.192412403672653e-05 2.5786765007889847e-05 2.191498108177028e-05
6309.78063746 0.00014848007012763874 6.240482117404647e-05 4.2154487680192436e-05 3.274053270793006e-05 2.6480857340733655e-05 2.253220331082916e-05
6310.83235521 0.00014718154827296557 6.177167260823417e-05 4.1731466274933775e-05 3.2411702477720205e-05 2.6220351844701662e-05 2.231402922727803e-05
6311.88424826 0.00014537556746790616 6.051758415269444e-05 4.085268089998427e-05 3.1704549563887575e-05 2.5637597428990012e-05 2.1809139084679084e-05
6312.93631663 0.0001440007296628548 5.917229764000298e-05 3.9863399803798847e-05 3.088535189609807e-05 2.4941158370797064e-05 2.1191874200615652e-05
6313.98856037 0.00014427890059617187 5.899025261794426e-05 3.9707146720905944e-05 3.074254174053553e-05 2.4806807500560544e-05 2.1063749777661244e-05
6315.0409795 0.00014475666332504624 5.968827917462607e-05 4.021396114272264e-05 3.116373060131543e-05 2.516635444157564e-05 2.138555243065255e-05
6316.09357404 0.0001392696518066853 5.692352875338858e-05 3.827692395533668e-05 2.963103128447581e-05 2.392198124145802e-05 2.0327295175476316e-05
6317.14634403 0.00013550873025047544 5.480713604189779e-05 3.6793790877235505e-05 2.845158027260835e-05 2.2958195707567468e-05 1.9501546289267452e-05
6318.1992895 0.0001388258300865139 5.683778044014107e-05 3.823234973801928e-05 2.960138211133604e-05 2.3897556011001026e-05 2.030530094956401e-05
6319.25241047 0.00013552677280748154 5.503731139335989e-05 3.6963665453613734e-05 2.8584701918450988e-05 2.304954375410593e-05 1.9564228309446402e-05
6320.30570698 0.00013396087038042474 5.405603635171128e-05 3.626715505314506e-05 2.802411344170377e-05 2.258646559540585e-05 1.9163461125929795e-05
6321.35917905 0.00014018816393758488 5.7518133284877005e-05 3.872598632922776e-05 2.9998006505787635e-05 2.4225712160675476e-05 2.058742496521654e-05
6322.41282671 0.00014370257453109064 5.947148761032204e-05 4.011871115942961e-05 3.112109265099797e-05 2.5159942422288202e-05 2.1399154286664658e-05
6323.46665 0.00014266737453418434 5.886422737899021e-05 3.9657439797227035e-05 3.074032642684227e-05 2.483639081917141e-05 2.11141953513096e-05
6324.52064894 0.0001418568631557894 5.847931063835897e-05 3.93614448455748e-05 3.049402493892707e-05 2.462581055036233e-05 2.0928956468719256e-05
6325.57482356 0.00014578528537010952 6.076455268819198e-05 4.0986802710650266e-05 3.179820163428858e-05 2.570103745888719e-05 2.1857657855412995e-05
6326.62917389 0.00014747822331587029 6.135649412757012e-05 4.140327324633065e-05 3.212774335673092e-05 2.5966002248632045e-05 2.208070787216557e-05
6327.68369996 0.00014748799317001936 6.143332152639387e-05 4.145242962835969e-05 3.216453781920192e-05 2.5994270842925414e-05 2.2103612804440904e-05
6328.7384018 0.00014576900804664933 6.05421632764555e-05 4.0824282021712184e-05 3.165927055449559e-05 2.5580424536474435e-05 2.174759561038202e-05
6329.79327944 0.0001458848314068631 6.0889066012735296e-05 4.106825754090299e-05 3.1854502534538265e-05 2.57442278796964e-05 2.1891776670133844e-05
6330.8483329 0.0001466867777140132 6.15006755080227e-05 4.1490006327173795e-05 3.2185682155086776e-05 2.6011340469491537e-05 2.2118278031573378e-05
6331.90356223 0.00014474971245059484 6.016739595017926e-05 4.0532424459778344e-05 3.140385414882617e-05 2.5355179972933444e-05 2.154154217469354e-05
6332.95896743 0.00014433775426716153 6.037200408880899e-05 4.073351717974445e-05 3.159924710171104e-05 2.5546361958465546e-05 2.1729898958154164e-05
6334.01454856 0.0001452639849323431 6.125967840880273e-05 4.1405139199777614e-05 3.216470549876078e-05 2.603641844349987e-05 2.2171942907927127e-05
6335.07030563 0.00014665258274818124 6.190840529783745e-05 4.184661443003389e-05 3.251062603051373e-05 2.6313423183006013e-05 2.24055374902775e-05
6336.12623867 0.00014274461970960016 5.934542134281444e-05 4.001491972632193e-05 3.1032190006571787e-05 2.5080453565835186e-05 2.132961852199359e-05
6337.18234772 0.00013632459079661777 5.53024154205888e-05 3.714641487807572e-05 2.8728014379889718e-05 2.3168659384722783e-05 1.966849685622538e-05
6338.2386328 0.00013605112590392066 5.5458446084076426e-05 3.727200138294064e-05 2.8837542970726796e-05 2.3265310147276773e-05 1.975735822991527e-05
6339.29509394 0.00014039346297113004 5.83954104515554e-05 3.93631282301198e-05 3.052293641367365e-05 2.466942419732963e-05 2.0982135089372858e-05
6340.35173117 0.0001415690430022744 5.8888820573178534e-05 3.971249458852494e-05 3.0802866918839884e-05 2.490696228084668e-05 2.1192336198219034e-05
6341.40854452 0.00014292118548155179 5.9577304678680176e-05 4.0200102882508016e-05 3.1193119535638364e-05 2.5229119849080457e-05 2.1470743941211104e-05
6342.46553403 0.00014567763987021688 6.121056704248032e-05 4.135218057976643e-05 3.211303859261827e-05 2.5982441949913416e-05 2.2117271533982492e-05
6343.52269971 0.00014462963834664859 6.050371002599963e-05 4.0850295264082576e-05 3.170691760072685e-05 2.5641036144091196e-05 2.1816643985903438e-05
6344.5800416 0.00014180510749694527 5.8644466380144685e-05 3.9520988520699664e-05 3.063564501761787e-05 2.474995589925772e-05 2.10412483884876e-05
6345.63755974 0.00013934303733713498 5.687629624022814e-05 3.825420580373821e-05 2.961826956461303e-05 2.3908249249062374e-05 2.0312675708368922e-05
6346.69525413 0.00014181338205926215 5.850820471712725e-05 3.942854880883466e-05 3.0570050502980846e-05 2.470052462065026e-05 2.10022071392948e-05
6347.75312483 0.00014349026394819639 6.075476494102753e-05 4.111172416227634e-05 3.195728591536579e-05 2.5875252572584218e-05 2.203794231604924e-05
6348.81117185 0.00014179526658530177 6.090424616321358e-05 4.1319496931717525e-05 3.2168886694045405e-05 2.6084369076214665e-05 2.224191992121337e-05
6349.86939523 0.00014413149577425794 6.143206549179362e-05 4.1619993196445506e-05 3.237705572787005e-05 2.6237252109957388e-05 2.236258594176867e-05
6350.92779499 0.0001458289660312821 6.14431564394532e-05 4.1548901849159136e-05 3.228367072446752e-05 2.613534704660205e-05 2.2258056348388584e-05
6351.98637117 0.000145285475261921 6.099824527162264e-05 4.122028424712878e-05 3.2013194038083486e-05 2.590860453009378e-05 2.205941117499522e-05
6353.04512379 0.00014575333954308707 6.147376321531233e-05 4.155310959491933e-05 3.2282947624682025e-05 2.613178087517861e-05 2.2253217462399252e-05
6354.10405289 0.00014353051348023267 6.054399323903972e-05 4.093142456110105e-05 3.181444114659027e-05 2.5764037483666137e-05 2.195050221834846e-05
6355.16315849 0.00013786410507458225 5.746436497296545e-05 3.881792732886734e-05 3.0163813649571844e-05 2.4434415782872958e-05 2.082536700935156e-05
6356.22244062 0.00013706216004573014 5.6516104061061145e-05 3.8108853917298086e-05 2.9570169417416964e-05 2.3926920854913682e-05 2.0372422508738727e-05
6357.28189931 0.00014124753150105286 5.854330639370331e-05 3.94724628133825e-05 3.0617055620514727e-05 2.475512862811133e-05 2.1061387684995242e-05
6358.3415346 0.00014510059644538733 6.0624034915244145e-05 4.092310213602039e-05 3.176390403198273e-05 2.5685882768994553e-05 2.1853661422890832e-05
6359.4013465 0.00014309505393038296 5.9036349243379796e-05 3.976535198376498e-05 3.081881430414942e-05 2.489023851092377e-05 2.1153683901134467e-05
6360.46133505 0.0001394046393617519 5.64435605817864e-05 3.789698159007539e-05 2.9305379767680226e-05 2.3628021838529067e-05 2.0052972280746566e-05
6361.52150029 0.00014006985202830145 5.6724503852670585e-05 3.811743691027331e-05 2.94927530143617e-05 2.3786105383252745e-05 2.019137521880887e-05
6362.58184223 0.00013956294646512877 5.6571838899533706e-05 3.803199982434191e-05 2.9433582076154753e-05 2.374307686283768e-05 2.0157446462379098e-05
6363.64236091 0.0001383965007130548 5.585709124430389e-05 3.751830343886202e-05 2.9012470316765774e-05 2.338796707957417e-05 1.9843932204447664e-05
6364.70305636 0.00013843176892392882 5.598554864318386e-05 3.760652188831679e-05 2.9077738542714333e-05 2.3441881421763432e-05 1.989057165301566e-05
6365.76392861 0.00013917880386796338 5.666393710964233e-05 3.811545908833138e-05 2.9501579987819257e-05 2.38093493983782e-05 2.0221657111265024e-05
6366.82497768 0.00013950008164542277 5.6954765504729576e-05 3.832988239413844e-05 2.967878810109228e-05 2.395913852075167e-05 2.0354301853171424e-05
6367.88620361 0.00014017139259164544 5.7532436729042535e-05 3.873169818778583e-05 2.9997198087271007e-05 2.4219089661936553e-05 2.0577950100344322e-05
6368.94760642 0.00014305524839602896 5.960834200117486e-05 4.0204648997063335e-05 3.118108492502731e-05 2.5202091070323226e-05 2.14331451364519e-05
6370.00918615 0.00014424577715441313 6.074796247022473e-05 4.1043295936528626e-05 3.1869748192187976e-05 2.5786415720659716e-05 2.1949934854502478e-05
6371.07094283 0.00014188555813128307 5.9775008820337774e-05 4.0413344642486195e-05 3.1392912494254304e-05 2.5415784953857518e-05 2.1644931690786842e-05
6372.13287648 0.00013943310529680578 5.894058194898216e-05 3.9884986547892484e-05 3.100250381035777e-05 2.5112148528509556e-05 2.1395124697818343e-05
6373.19498713 0.00013890745972587677 5.9021133178139465e-05 3.99597602143762e-05 3.107157817905644e-05 2.516430892498974e-05 2.143589805628621e-05
6374.25727482 0.00014168084786568552 5.9946994276085196e-05 4.051900224747595e-05 3.147398346151807e-05 2.546301793311569e-05 2.1672347943469787e-05
6375.31973957 0.0001449733416278005 6.129435984763376e-05 4.141323943695304e-05 3.215992681923612e-05 2.6012998171167396e-05 2.213771413799409e-05
6376.38238141 0.00014557150066923761 6.142862680184832e-05 4.1501470772923324e-05 3.2223705358305956e-05 2.6062772418364698e-05 2.217838207750899e-05
6377.44520037 0.00014587244119527464 6.174880681632655e-05 4.1726919742514815e-05 3.240258533495709e-05 2.6210138953510575e-05 2.2306129518976673e-05
6378.50819648 0.00014630546641644993 6.214102233210414e-05 4.2003560095219645e-05 3.2624669955734584e-05 2.6394590005432967e-05 2.2467132015560044e-05
6379.57136978 0.00014456473645160997 6.078864736827531e-05 4.104690885858197e-05 3.185807619589997e-05 2.576133196221886e-05 2.1918437297294878e-05
6380.63472028 0.0001432746307171796 5.958313452829978e-05 4.018406837760823e-05 3.1161187594619264e-05 2.5177709853610066e-05 2.1406329686235683e-05
6381.69824803 0.00014327828518883505 5.985661477775344e-05 4.0364231394574713e-05 3.12991584409173e-05 2.5285860730964333e-05 2.1496316639798815e-05
6382.76195304 0.0001429841935615602 5.982423091879536e-05 4.032892432680492e-05 3.126367430418278e-05 2.525041467660173e-05 2.1461404030785424e-05
6383.82583536 0.00014476165808152903 6.095853128832592e-05 4.114234693618932e-05 3.191947439322628e-05 2.5794336582915643e-05 2.1933150836258517e-05
6384.889895 0.00014480133312178177 6.124856340509441e-05 4.1387903572523676e-05 3.21374673282543e-05 2.599328258282867e-05 2.2118424285455108e-05
6385.954132 0.0001431484883103292 6.0242845293142364e-05 4.06830483211686e-05 3.157768955514901e-05 2.553590172585622e-05 2.172550368260265e-05
6387.01854638 0.00014327920805109432 6.0215706319515786e-05 4.064804032488897e-05 3.154405968893118e-05 2.5502471651918446e-05 2.169277742303999e-05
6388.08313819 0.00014524175392021657 6.13964945064337e-05 4.146733593041447e-05 3.219272472259998e-05 2.6029716928087173e-05 2.2143717773892637e-05
6389.14790744 0.00014631515092046468 6.19354098989369e-05 4.1828111909793064e-05 3.246812320621768e-05 2.6245576357803474e-05 2.2322184193731537e-05
6390.21285417 0.00014633748258819856 6.189202161192762e-05 4.178784174190294e-05 3.242814318273911e-05 2.6206130087496483e-05 2.2283040100779874e-05
6391.2779784 0.00014636658297658366 6.205925826162312e-05 4.193057947209726e-05 3.2558902261680485e-05 2.6327389107326597e-05 2.2398062664138897e-05
6392.34328017 0.00014602431191945513 6.190413540438159e-05 4.184601679082401e-05 3.2508434894384476e-05 2.630145289943227e-05 2.2387486485267737e-05
6393.40875951 0.00014415246394657897 6.0718669995527845e-05 4.100590522079051e-05 3.1830972746526915e-05 2.5740836768823642e-05 2.190164680147268e-05
6394.47441643 0.00013802941090301462 5.698771561753981e-05 3.836597975198992e-05 2.9712198546159368e-05 2.3986165151829448e-05 2.0379570864470403e-05
6395.54025099 0.0001351579805033202 5.5528532966540564e-05 3.7346046779767476e-05 2.890633848094373e-05 2.3326695541980497e-05 1.9814622891494078e-05
6396.60626319 0.00014171953529924788 5.9396850289714674e-05 4.0093749055570755e-05 3.111630298855161e-05 2.5159846493494096e-05 2.1407086549792778e-05
6397.67245309 0.00014539480401667176 6.159178071135526e-05 4.16545271958169e-05 3.236965340991002e-05 2.6199555896993745e-05 2.230987428686439e-05
6398.73882069 0.0001453923736429023 6.193301523536583e-05 4.190596679344009e-05 3.257499914287398e-05 2.6375331046475457e-05 2.24667547904172e-05
6399.80536604 0.0001440986549447681 6.136523061877938e-05 4.150194663581261e-05 3.2249309539062685e-05 2.6104869421758575e-05 2.223235727401559e-05
6400.87208915 0.00013728140178090973 5.723942121573481e-05 3.8543013798191126e-05 2.98622507130162e-05 2.4117667098111864e-05 2.050338261047195e-05
6401.93899007 0.0001308962151409054 5.325572135669793e-05 3.568928104167932e-05 2.7562506476532573e-05 2.2207259363815807e-05 1.8843815694248253e-05
6403.00606883 0.00013932224973025415 5.804424764856054e-05 3.909992928654533e-05 3.0305747383188004e-05 2.448113361055616e-05 2.0815605626685933e-05
6404.07332544 0.00014525730468588244 6.161577040815522e-05 4.167218386226396e-05 3.238800675655284e-05 2.621851272616604e-05 2.23301147156109e-05
6405.14075995 0.00014567195437402075 6.219675493555099e-05 4.211230699084854e-05 3.2752451986716054e-05 2.6533819614948727e-05 2.2613575574813612e-05
6406.20837237 0.00014533230273095678 6.227923708239817e-05 4.218867560677198e-05 3.282541036503442e-05 2.6604228419362775e-05 2.2682874794972864e-05
6407.27616275 0.00014381617969266497 6.161217221846496e-05 4.1742317443520615e-05 3.2485433596725214e-05 2.6337062929884996e-05 2.24622670323102e-05
6408.3441311 0.0001413620135421023 6.027106631371658e-05 4.081188354262305e-05 3.1752955941286683e-05 2.5738934868728647e-05 2.1949486455348984e-05
6409.41227747 0.0001364802699040352 5.7340892480486836e-05 3.8751724002863e-05 3.010786741062617e-05 2.4382914203343315e-05 2.077768567024197e-05
6410.48060187 0.00013818648246145243 5.811311932698183e-05 3.926849095573529e-05 3.050186918962331e-05 2.4694527427104454e-05 2.1037411279888142e-05
6411.54910434 0.00014234069528832469 6.040113057941911e-05 4.085440121692576e-05 3.175366304091874e-05 2.57146574633999e-05 2.191004610426898e-05
6412.61778492 0.0001385981894548392 5.830696609419869e-05 3.9378495465472125e-05 3.057447901213032e-05 2.474180898099013e-05 2.1069425967202257e-05
6413.68664362 0.00013610361329500074 5.656986068331462e-05 3.814803008923556e-05 2.958853715037204e-05 2.3921570669243638e-05 2.0354877016515344e-05
6414.75568047 0.00014069468504438455 5.847728003990758e-05 3.9484385028129066e-05 3.0651815209582905e-05 2.4789861569544206e-05 2.1096623010459702e-05
6415.82489552 0.0001417604458773336 5.9411237138555236e-05 4.0167822585394945e-05 3.121202794487769e-05 2.5268549934223162e-05 2.1522531377062345e-05
6416.89428878 0.00014124303937300354 5.9819042571536395e-05 4.0476663176289095e-05 3.1474799887947494e-05 2.5500698127958732e-05 2.173530427235944e-05
6417.96386029 0.00014061774043936084 5.987466727151357e-05 4.054719649459196e-05 3.154452274139253e-05 2.5565681839282094e-05 2.1795606108960175e-05
6419.03361008 0.00013904989634060816 5.869816586053187e-05 3.972721885896222e-05 3.088436636925278e-05 2.5019494673271572e-05 2.1320136256268966e-05
6420.10353817 0.00013996589131112149 5.845801633062663e-05 3.950371784119058e-05 3.0675407457389064e-05 2.482611531168097e-05 2.1137820453348894e-05
6421.1736446 0.00013786976172405324 5.7286266455924924e-05 3.865808381624912e-05 2.9996820495340353e-05 2.426135053316237e-05 2.064801260915033e-05
6422.2439294 0.00013462733977347851 5.5624776840414114e-05 3.7465538127434704e-05 2.9040710926045897e-05 2.346668407912146e-05 1.9958281043677145e-05
6423.31439259 0.00013557498952093499 5.6150130151242346e-05 3.7808853207619066e-05 2.9305154454307323e-05 2.367573360855588e-05 2.0132537518681217e-05
6424.3850342 0.00014186414687212425 5.9928991055884656e-05 4.0486372372359074e-05 3.145256469999312e-05 2.545325266421474e-05 2.1673472629576224e-05
6425.45585428 0.00014364664970262684 6.0891798385400736e-05 4.1187087877745476e-05 3.2021361901449486e-05 2.5931765832864467e-05 2.2093188049521067e-05
6426.52685283 0.00014285346704995467 6.013083960593592e-05 4.0661726008368315e-05 3.160002501564681e-05 2.558610413981011e-05 2.179435405513382e-05
6427.5980299 0.00014392544290909722 6.0889054752255876e-05 4.119524588383575e-05 3.2025535565660016e-05 2.593561082140874e-05 2.209565119215894e-05
6428.66938552 0.00014553835748065983 6.217718565682155e-05 4.209582917714391e-05 3.2747661534806775e-05 2.6529248628863418e-05 2.260890638677428e-05
6429.74091971 0.00014547494342446635 6.220399210340187e-05 4.2116728914953585e-05 3.276632807568464e-05 2.6544668698356896e-05 2.262263035855187e-05
6430.8126325 0.00014309756134636475 6.0466520213322716e-05 4.0888304583181456e-05 3.177896427581769e-05 2.5725577569065777e-05 2.190980305412114e-05
6431.88452393 0.00013691120038687466 5.6388305275040824e-05 3.8003754001042174e-05 2.9465883390912575e-05 2.3810615712623472e-05 2.0248037536422372e-05
6432.95659402 0.00013450617242723533 5.517092339431392e-05 3.7166709872219136e-05 2.8807218357126448e-05 2.327513648847715e-05 1.9790455652679018e-05
6434.0288428 0.00013876292386920126 5.8516218779924244e-05 3.9598887723984995e-05 3.078990752605761e-05 2.4942321065295758e-05 2.125408942721769e-05
6435.10127031 0.00014192316254010552 6.0494108656284444e-05 4.098769790477689e-05 3.189903677894374e-05 2.585551708442579e-05 2.20431600720487e-05
6436.17387657 0.0001435023044103387 6.0623161238578044e-05 4.0998012371235644e-05 3.1860161788695115e-05 2.5786014844724882e-05 2.1956312438549697e-05
6437.24666161 0.00014392363729788052 6.066725610525643e-05 4.10032831589503e-05 3.184876775573803e-05 2.5764944191014557e-05 2.1929989971180264e-05
6438.31962547 0.00014409345875229213 6.130658123021082e-05 4.147485121999376e-05 3.223695674958664e-05 2.609683057949103e-05 2.2226909831059868e-05
6439.39276816 0.00014061330217045572 5.940697899199928e-05 4.010124165645709e-05 3.11173191829223e-05 2.5152649505682753e-05 2.1395617495751168e-05
6440.46608973 0.00013313498724832983 5.5117437583903006e-05 3.6999830101967425e-05 2.8596862080920232e-05 2.3029033592262136e-05 1.9527704670867293e-05
6441.5395902 0.00013531469531982528 5.652564306472692e-05 3.8001359411645144e-05 2.9405523707294806e-05 2.3703751332957668e-05 2.011747456005264e-05
6442.61326961 0.00014241419712886886 6.07444966071247e-05 4.105682655227757e-05 3.189359068276541e-05 2.5804162621796453e-05 2.196862265707735e-05
6443.68712797 0.00014482499249107294 6.221085124003522e-05 4.213680487958599e-05 3.278258928063053e-05 2.6560965628409725e-05 2.263989737551794e-05
6444.76116533 0.00014480443523494022 6.215321713239576e-05 4.2116515385283544e-05 3.27755851627489e-05 2.6563375228197986e-05 2.2647427242142423e-05
6445.8353817 0.00014452983090126848 6.186379962327928e-05 4.1922052548000927e-05 3.262332352481238e-05 2.644121443326673e-05 2.254408835671548e-05
6446.90977713 0.00014462598583383146 6.182859257867687e-05 4.190044943742642e-05 3.2611236993953714e-05 2.6430376112870696e-05 2.2534271470272597e-05
6447.98435164 0.00014489717326251854 6.221187946795528e-05 4.217623039120083e-05 3.283859150684961e-05 2.661937445479587e-05 2.2699197717053644e-05
6449.05910526 0.00014519652928269943 6.229521084867192e-05 4.221046487880811e-05 3.285726831323185e-05 2.6625724639213163e-05 2.2697771926597793e-05
6450.13403802 0.00014231263406365682 6.0205581319326976e-05 4.0696091439691266e-05 3.162325767023564e-05 2.558843942230642e-05 2.1785647771870698e-05
6451.20914995 0.00013283428430618406 5.437154628338602e-05 3.653996072679504e-05 2.826220035106545e-05 2.2793682544333922e-05 1.9351665359869595e-05
6452.28444108 0.00013083617202313337 5.288631867826079e-05 3.549623017249248e-05 2.7422779010458462e-05 2.2103583385646515e-05 1.8755565947116607e-05
6453.35991144 0.0001379614557842484 5.7101014881992124e-05 3.8520436450563994e-05 2.9882279649399496e-05 2.4158999569688554e-05 2.0553550215878096e-05
6454.43556106 0.00014152806772891637 5.9657103780832454e-05 4.0346585525764534e-05 3.1362261836148706e-05 2.5392399427782296e-05 2.1631180347290545e-05
6455.51138997 0.0001425046256857083 6.080069386300953e-05 4.1156484320065434e-05 3.2008225787247754e-05 2.5927139212415976e-05 2.2095213196324843e-05
6456.5873982 0.00013675269337896185 5.7670981491714585e-05 3.896403424444298e-05 3.0254745554679403e-05 2.448137022550104e-05 2.0844303661131283e-05
6457.66358578 0.0001289983543652536 5.4287967805351393e-05 3.668756323798444e-05 2.8488660288081968e-05 2.305522118346558e-05 1.9630981380991598e-05
6458.73995273 0.00013262734638801424 5.704732123458588e-05 3.8690205015559986e-05 3.0120961445325216e-05 2.4422702022655453e-05 2.0828248115405647e-05
6459.8164991 0.00014083406874553682 6.068227643048992e-05 4.114213729853246e-05 3.202638943768964e-05 2.5962591645584375e-05 2.2139577467256324e-05
6460.89322491 0.000142272857249313 6.0815270325683875e-05 4.116994557103541e-05 3.201387962777955e-05 2.5930857928517803e-05 2.2098097734011047e-05
6461.97013019 0.00014068370956996868 5.973115026583056e-05 4.036660946304554e-05 3.1352342222975985e-05 2.536482881081865e-05 2.159447190653686e-05
6463.04721496 0.00013406983328690506 5.5705323212574824e-05 3.744109661931369e-05 2.8968130809749803e-05 2.3347583167983168e-05 1.9813726102392847e-05
6464.12447927 0.00012336626778500475 4.9544075118284584e-05 3.3013266604594884e-05 2.5384424319777597e-05 2.034043123135708e-05 1.7177219415069276e-05
6465.20192313 0.0001288025935363859 5.260670316545907e-05 3.5189771706719744e-05 2.7129167823850297e-05 2.1791281068989523e-05 1.843940028093692e-05
6466.27954659 0.00014072182001987338 5.959987650041525e-05 4.022909582916048e-05 3.121374386760425e-05 2.5222313605208876e-05 2.1449945620900486e-05
6467.35734966 0.0001437818094974632 6.152283673951578e-05 4.165718829519474e-05 3.23970721626538e-05 2.623742765579613e-05 2.235630317874752e-05
6468.43533238 0.00014363222401223388 6.126471689837504e-05 4.149805082182802e-05 3.228506158252298e-05 2.615557869987454e-05 2.2293352905172138e-05
6469.51349478 0.00014303747635149747 6.120238018663203e-05 4.147064138094723e-05 3.227356309908393e-05 2.6156363895453424e-05 2.2302623344941488e-05
6470.59183689 0.00014094018239187102 6.0198353627300675e-05 4.0770134957945695e-05 3.171732109173059e-05 2.5705446396578863e-05 2.1919001014406632e-05
6471.67035874 0.00014025378342720848 5.9727502502163794e-05 4.0435701742206575e-05 3.1447068433792737e-05 2.5478677495904313e-05 2.1719623110203365e-05
6472.74906035 0.00013807310069613896 5.851304047281864e-05 3.955819258280122e-05 3.07307403583787e-05 2.4871165876888756e-05 2.1182135231554756e-05
6473.82794177 0.00013772641012704944 5.8491426933237386e-05 3.953993033415711e-05 3.071357572359894e-05 2.4853491864570643e-05 2.1165125042060773e-05
6474.90700301 0.00014230445139240327 6.132750210124215e-05 4.1570601163666946e-05 3.2354826457290396e-05 2.6225907834454865e-05 2.236580366423984e-05
6475.98624411 0.00014309079298019652 6.174779846509836e-05 4.187540928569202e-05 3.2603847903782315e-05 2.6439735191959725e-05 2.255689901509647e-05
6477.0656651 0.0001409648064305364 6.0361739399305645e-05 4.0881915125398003e-05 3.1802001126594604e-05 2.5774606505487337e-05 2.1979921592593083e-05
6478.14526601 0.00014177864033656755 6.099020886323644e-05 4.134113793745305e-05 3.217755952035861e-05 2.6089085893777842e-05 2.225562564193591e-05
6479.22504687 0.00014319820729236048 6.18292274593394e-05 4.19525487171064e-05 3.267529439239165e-05 2.6505570559965194e-05 2.261846310749834e-05
6480.3050077 0.00014313961434955124 6.150276945284777e-05 4.170249007228544e-05 3.2466650375661994e-05 2.6325601037828014e-05 2.245505331032206e-05
6481.38514855 0.00014349259920393574 6.163891053764038e-05 4.177125438852513e-05 3.251339524456888e-05 2.6354083498412796e-05 2.2471988684010792e-05
6482.46546943 0.0001415350302722643 6.050188610582204e-05 4.0960079503088365e-05 3.1859993136874565e-05 2.5813362908618333e-05 2.20037281207945e-05
6483.54597038 0.00013664033415106857 5.747728394409991e-05 3.881827874154837e-05 3.0138297318989177e-05 2.4391177650000936e-05 2.0772360041514723e-05
6484.62665143 0.00013614712451063662 5.700000813581786e-05 3.847758030338067e-05 2.9858585338321515e-05 2.4154583380384422e-05 2.0561906817000517e-05
6485.70751261 0.00013928120130881385 5.8753646381082324e-05 3.971184147809934e-05 3.0844673260604044e-05 2.496197895880842e-05 2.1254379334039657e-05
6486.78855394 0.00014209732387344536 6.0535781019876935e-05 4.097468411482937e-05 3.186455909967564e-05 2.5805997682357997e-05 2.198681459394431e-05
6487.86977547 0.00014298121492524961 6.124067908899716e-05 4.1488293305105606e-05 3.2285011271848784e-05 2.6161258322522802e-05 2.230091988987409e-05
6488.95117721 0.00014316564235784338 6.153967189355224e-05 4.17099588094438e-05 3.246824801883595e-05 2.631750229086168e-05 2.2440279059517626e-05
6490.0327592 0.0001434585941800446 6.168826622798615e-05 4.181299397780328e-05 3.255168700645723e-05 2.63848666970858e-05 2.249761666077405e-05
6491.11452147 0.0001426571019705368 6.088256591936751e-05 4.125115771768414e-05 3.210464277187377e-05 2.601602841340142e-05 2.21775919679058e-05
6492.19646405 0.0001402557162563274 5.9474416422623875e-05 4.029198300729084e-05 3.135174796546718e-05 2.5405660600007064e-05 2.1655981581622307e-05
6493.27858697 0.00013775405699342918 5.864782956588561e-05 3.9740568000102114e-05 3.092349141630545e-05 2.506301106357213e-05 2.1367045641327862e-05
6494.36089026 0.00013508770311837154 5.7211071139429056e-05 3.866122064949669e-05 3.0022550252272605e-05 2.4284479202643465e-05 2.066958898495114e-05
6495.44337395 0.00012627396474316954 5.187339579459466e-05 3.48131912655508e-05 2.6898167341280822e-05 2.166279867723256e-05 1.8371979619982475e-05
6496.52603806 0.00012114034512551283 4.8783800735867915e-05 3.2638809125649804e-05 2.5163168994157978e-05 2.0239467536140537e-05 1.714871794753368e-05
6497.60888263 0.00012386813012565479 5.0623753350240906e-05 3.402234280792104e-05 2.6322500321883383e-05 2.124325055756202e-05 1.805115868082265e-05
6498.6919077 0.00012757346700303224 5.273496911498747e-05 3.557364098826526e-05 2.7597675197123605e-05 2.2319889775035875e-05 1.8997548126668306e-05
6499.77511328 0.00013258691308723616 5.500264607297948e-05 3.710100864956006e-05 2.8774607316284247e-05 2.325768331331093e-05 1.9784059207905877e-05
6500.85849941 0.0001316197525975267 5.429316196925483e-05 3.652836354833551e-05 2.827513092434954e-05 2.2814537879032786e-05 1.9379653544451496e-05
6501.94206612 0.000134393853005699 5.6244450884946985e-05 3.793680004923683e-05 2.942043016972086e-05 2.3772291445534636e-05 2.021789292930621e-05
6503.02581344 0.0001397235788575104 5.93904415621971e-05 4.020829854919424e-05 3.126454021185773e-05 2.5318684034297043e-05 2.1572899150789258e-05
6504.1097414 0.00014131055235385462 6.052942695345598e-05 4.104103223138635e-05 3.194557506927106e-05 2.5896865369479417e-05 2.2084516407123468e-05
6505.19385003 0.0001414138097833048 6.063072570324005e-05 4.111413989964429e-05 3.2006383905504945e-05 2.5946613002745358e-05 2.212714315279457e-05
6506.27813936 0.00014129746799305113 6.062348465924506e-05 4.110965433219354e-05 3.200308784857731e-05 2.5943448412445778e-05 2.2124350924083355e-05
6507.36260942 0.0001417480806113041 6.123852711610685e-05 4.1563061553607814e-05 3.237691056467025e-05 2.62622876573913e-05 2.240863132867771e-05
6508.44726024 0.00014188250713872478 6.136738626534004e-05 4.16634209095463e-05 3.246291270676901e-05 2.633611609710868e-05 2.2475164893629913e-05
6509.53209185 0.00014048341572497555 6.008378927185745e-05 4.073224140751141e-05 3.1700822969562145e-05 2.569207619946471e-05 2.190617604832334e-05
6510.61710429 0.0001386607157848841 5.889212628486554e-05 3.988311218607881e-05 3.101138995503775e-05 2.511749173276309e-05 2.1404277467485786e-05
6511.70229757 0.0001397382570199359 6.001227568449655e-05 4.0699081549528053e-05 3.1679139771649806e-05 2.5683833051026955e-05 2.190604577343765e-05
6512.78767173 0.0001416462048059297 6.148264118732512e-05 4.175123126078466e-05 3.253305691613995e-05 2.639705110942224e-05 2.2530317532190665e-05
6513.8732268 0.00014193899544858148 6.164306786340484e-05 4.185469470364721e-05 3.2614475612705486e-05 2.64601754867042e-05 2.2581338588016334e-05
6514.95896281 0.00014173153556388073 6.153624831004419e-05 4.1767702733237644e-05 3.254280098253515e-05 2.639831445962054e-05 2.2525164693445607e-05
6516.0448798 0.00014076021176784753 6.11388880736255e-05 4.150914696990384e-05 3.234714976597299e-05 2.6247997719878084e-05 2.2403514576104744e-05
6517.13097778 0.00013788507321841283 5.995140332025526e-05 4.074221573573041e-05 3.1768011026549206e-05 2.5796840925765598e-05 2.203187708878493e-05
6518.2172568 0.00013598413043660747 5.9035064426711985e-05 4.011739376916177e-05 3.1278678263662216e-05 2.539922853753769e-05 2.1692099950961717e-05
6519.30371688 0.00013532055630561477 5.809466162309568e-05 3.9385202028211634e-05 3.065971607838193e-05 2.4865318975910287e-05 2.121569805768154e-05
6520.39035805 0.00013467859912595317 5.73485895165737e-05 3.882838367767074e-05 3.019770514000182e-05 2.447539705754788e-05 2.0873016540491885e-05
6521.47718034 0.0001384665851984458 5.959131226230235e-05 4.041157554532319e-05 3.146122894166774e-05 2.5513093377964697e-05 2.176587204772149e-05
6522.56418379 0.0001412028548558831 6.147503184173638e-05 4.174725493095709e-05 3.253365872825365e-05 2.6398446851257958e-05 2.2532232600464172e-05
6523.65136841 0.00014150881304173695 6.178952858819685e-05 4.197851513405365e-05 3.272296385825069e-05 2.65568984269018e-05 2.2671340065779386e-05
6524.73873425 0.0001410303305063239 6.152470797988254e-05 4.180566218798271e-05 3.258890189780305e-05 2.6449631102699977e-05 2.258098339836553e-05
6525.82628133 0.00014105746385971452 6.165740082302463e-05 4.1901165354747545e-05 3.266800959671384e-05 2.6516065018278286e-05 2.2639690796386732e-05
6526.91400969 0.0001405775568246062 6.148796999644101e-05 4.178478170727856e-05 3.257964458281869e-05 2.6446856857861486e-05 2.258273398528573e-05
6528.00191935 0.00013815582426400034 6.0060239298651984e-05 4.0808469459021644e-05 3.181784724851606e-05 2.5835135638367592e-05 2.2065651418938874e-05
6529.09001034 0.00013697034583631286 5.9337739808644004e-05 4.0315069721683555e-05 3.143211632124344e-05 2.55232640538179e-05 2.1800378346493872e-05
6530.17828269 0.00013898830732266953 6.067850381757453e-05 4.1246307107823836e-05 3.21627639370944e-05 2.6114716502798913e-05 2.2303908665929013e-05
6531.26673644 0.0001396419019805985 6.11530499275824e-05 4.157459956245641e-05 3.241893456563029e-05 2.6320817508091067e-05 2.2478388908374476e-05
6532.35537162 0.0001389828422349844 6.061370308320473e-05 4.118467006767254e-05 3.2098447067125815e-05 2.604880834794226e-05 2.2237118898924022e-05
6533.44418824 0.000137620547931096 5.952985249429126e-05 4.041414242589967e-05 3.1471417574139726e-05 2.5525063341755374e-05 2.1777968477479496e-05
6534.53318636 0.00013633455072917068 5.9006886080463476e-05 4.0061083539068344e-05 3.119538784517024e-05 2.5307109461779024e-05 2.1596266881317276e-05
6535.62236598 0.0001364833701381339 5.956278810917161e-05 4.0469609268208627e-05 3.1535829456333535e-05 2.559763567504123e-05 2.1856218676682707e-05
6536.71172716 0.00013838442525946875 6.1032736997709566e-05 4.152238773224665e-05 3.239010656625421e-05 2.630541583910072e-05 2.2471592681111466e-05
6537.8012699 0.00013898114475185947 6.15439197679305e-05 4.1909981861381724e-05 3.2710136162223644e-05 2.6573604490194684e-05 2.2706525651044836e-05
6538.89099426 0.00013773633616743076 6.055456101938342e-05 4.121246329724875e-05 3.2146504576137376e-05 2.6104431386427078e-05 2.2296290336968512e-05
6539.98090024 0.0001368026690772116 5.9931527774739174e-05 4.076450687491518e-05 3.178358395694857e-05 2.580139925809743e-05 2.203069828299287e-05
6541.0709879 0.00013762938879079435 6.104296734365359e-05 4.157414010537247e-05 3.244800153782097e-05 2.636264241833927e-05 2.2527066790817377e-05
6542.16125725 0.00013795341748905742 6.154858684213192e-05 4.1945435387597813e-05 3.275244547647579e-05 2.6619325349284847e-05 2.2753493306360805e-05
6543.25170833 0.0001369194779108254 6.088036715368713e-05 4.1475150065934165e-05 3.23736953409034e-05 2.6305951381352987e-05 2.2480491510353497e-05
6544.34234116 0.00013683181119534323 6.068344772871914e-05 4.1331751772922324e-05 3.226093531655065e-05 2.6207977954802153e-05 2.239129180143627e-05
6545.43315579 0.00013648997306849338 6.02927237603839e-05 4.10461673257362e-05 3.2032432249415725e-05 2.601014524445547e-05 2.2212335079920923e-05
6546.52415223 0.000134180716221353 5.924014675071708e-05 4.030041725215812e-05 3.1431956791680875e-05 2.5511890371108565e-05 2.177886010442271e-05
6547.61533051 0.0001285125257023585 5.6224428385522655e-05 3.8172083685996765e-05 2.972534353967093e-05 2.4101035190551375e-05 2.0556809473206534e-05
6548.70669068 0.00012742630409449905 5.5623795607711324e-05 3.7762741472160386e-05 2.9394943962264857e-05 2.382733256984011e-05 2.0317075291429272e-05
6549.79823275 0.0001310312068839959 5.792726000170681e-05 3.9418413581761545e-05 3.073072215927235e-05 2.4937878632406122e-05 2.1281659925660062e-05
6550.88995677 0.00013337778015725903 5.9785647720049726e-05 4.075754839592843e-05 3.182744440401828e-05 2.5855764106093657e-05 2.2085896019639134e-05
6551.98186275 0.00013234206689598598 5.928477947764165e-05 4.043352967563268e-05 3.1583873138153405e-05 2.566309009215643e-05 2.1924384688099208e-05
6553.07395073 0.00013013234939080097 5.795270460536294e-05 3.9530817674982955e-05 3.087142753055171e-05 2.5082756794028962e-05 2.1426028590652755e-05
6554.16622074 0.00012947126814564103 5.820203500282813e-05 3.973920573609855e-05 3.1051622567477834e-05 2.5240602761148816e-05 2.1569063082590996e-05
6555.25867281 0.0001277749316984782 5.771494415178207e-05 3.940963012092155e-05 3.079185996858926e-05 2.502434142187327e-05 2.1379800393187854e-05
6556.35130698 0.00012443598035634216 5.590220308937192e-05 3.815113910982548e-05 2.9791183831335147e-05 2.4198391802175987e-05 2.066345312739762e-05
6557.44412326 0.00012163322925768889 5.4755431776467865e-05 3.739620253561214e-05 2.9213705190872222e-05 2.3738984158185372e-05 2.0277656174372636e-05
6558.53712169 0.00012142360531839117 5.549712791391991e-05 3.800005717222456e-05 2.9744740181208692e-05 2.4203679131807613e-05 2.069881788910337e-05
6559.63030231 0.00012105226723055652 5.6399993221692296e-05 3.8753069879448094e-05 3.041575841396846e-05 2.4799982394459253e-05 2.1245596216015154e-05
6560.72366514 0.00011718750282558378 5.564204052272004e-05 3.8361711343977484e-05 3.0176883332025534e-05 2.465795176755803e-05 2.116261681815474e-05
6561.81721021 0.00011139006669478842 5.386279187888365e-05 3.725435788100885e-05 2.93744629376978e-05 2.405315053831469e-05 2.0681681376523245e-05
6562.91093755 0.00010290616619157356 5.114794295682688e-05 3.553817075632868e-05 2.8128788744691023e-05 2.3104150577451398e-05 1.992041361583784e-05
6564.0048472 8.676623178815548e-05 4.43934089659501e-05 3.103480312293242e-05 2.4686070750153586e-05 2.0371488522336077e-05 1.7636253664008752e-05
6565.09893918 8.398290783413162e-05 4.245664327198734e-05 2.968460819441494e-05 2.360881462787574e-05 1.9484102232071846e-05 1.6867375690597623e-05
6566.19321352 0.00010093971709250971 4.9538700024845225e-05 3.441834025106159e-05 2.723931969777696e-05 2.236614445288435e-05 1.9276454608506923e-05
6567.28767026 0.00011296863632106515 5.4433816792239596e-05 3.764202043355106e-05 2.9684854510654956e-05 2.4292341342751672e-05 2.087598478341463e-05
6568.38230942 0.00011896746745186022 5.6762904459926154e-05 3.913042111641703e-05 3.0789909755906154e-05 2.5151617582246617e-05 2.1581504666744882e-05
6569.47713104 0.00012189311869018076 5.7681242784479646e-05 3.9670046977138655e-05 3.1163149096907434e-05 2.542794540061033e-05 2.1798970938771678e-05
6570.57213514 0.00012159671568430122 5.647191802761362e-05 3.873008628740916e-05 3.0366074508212063e-05 2.4745734423558143e-05 2.119220345875838e-05
6571.66732176 0.00012343336129597463 5.683493423809551e-05 3.892662457254213e-05 3.048696138437479e-05 2.4826816407948853e-05 2.1248859646951223e-05
6572.76269093 0.00012674360622817775 5.832708676012422e-05 3.9923143262639304e-05 3.1247697960982346e-05 2.543164363274089e-05 2.1755296686242567e-05
6573.85824267 0.00012623606415382548 5.7036828177640426e-05 3.889770213180794e-05 3.0358809465589992e-05 2.464671415556555e-05 2.1037696888628898e-05
6574.95397702 0.00012460364206993903 5.5235046431659606e-05 3.754451493406923e-05 2.9227332175541952e-05 2.3680459489256424e-05 2.0177192166859523e-05
6576.049894 0.00012402783172725353 5.477047798284717e-05 3.722582268722459e-05 2.8983140516446027e-05 2.349704343487667e-05 2.0034102033389297e-05
6577.14599366 0.0001263149210994034 5.6064078250293395e-05 3.8158706022318045e-05 2.975123861390586e-05 2.415180761442811e-05 2.061867087975567e-05
6578.24227601 0.00013118482953073697 5.889771997813624e-05 4.016459168844781e-05 3.136859294657191e-05 2.54934581354351e-05 2.1784591143332913e-05
6579.33874109 0.0001336910882042391 6.026181993877635e-05 4.110325509774027e-05 3.211442545813447e-05 2.610174732309709e-05 2.2305520869553852e-05
6580.43538894 0.00013396299688671104 6.024097332943875e-05 4.107049693183729e-05 3.208291755775516e-05 2.607131677511552e-05 2.227600047201325e-05
6581.53221957 0.00013241453534874943 5.889616878304961e-05 4.010173967661864e-05 3.1296032582782446e-05 2.5418236416871184e-05 2.1708662695490158e-05
6582.62923302 0.0001287334825204154 5.595311487230653e-05 3.797328740458966e-05 2.9561069365411337e-05 2.3963519473047996e-05 2.043310304067669e-05
6583.72642932 0.00012783916242910227 5.536742001656538e-05 3.7535054173032514e-05 2.9200566816620656e-05 2.3657778750665943e-05 2.0164153464081607e-05
6584.82380851 0.000132143984019698 5.826948708618291e-05 3.9613148369463086e-05 3.088383636783048e-05 2.5065977456855244e-05 2.139773815982672e-05
6585.9213706 0.00013466784790403652 5.964964386945295e-05 4.059856052989638e-05 3.1681147518056456e-05 2.573223280029077e-05 2.1979903800474136e-05
6587.01911564 0.00013407228557739875 5.9088104622512647e-05 4.019003107183226e-05 3.134681892602059e-05 2.5453233213306985e-05 2.1736197841928e-05
6588.11704365 0.00013232137853260036 5.8300025688231863e-05 3.964149750286869e-05 3.0907625932278306e-05 2.5093732932435675e-05 2.142737538706749e-05
6589.21515466 0.00013323264830634548 5.9530500833002214e-05 4.056752410442371e-05 3.1676463058441444e-05 2.5746951725294277e-05 2.2005841830121796e-05
6590.31344871 0.0001354422900045031 6.0616010919341186e-05 4.132526117738563e-05 3.2279457899887157e-05 2.6243979085596583e-05 2.243625390915007e-05
6591.41192582 0.0001369467716137205 6.086152048832705e-05 4.1445814358849574e-05 3.235183530188136e-05 2.6287302436093494e-05 2.2462385994962792e-05
6592.51058603 0.00013618957560276453 6.0132946145896655e-05 4.090866772835949e-05 3.191400840330537e-05 2.591913651968839e-05 2.213918567574331e-05
6593.60942936 0.00013050602537449663 5.660546929815005e-05 3.840827527484336e-05 2.9911756368124686e-05 2.426628323455327e-05 2.0709745549383444e-05
6594.70845585 0.00012291266674663447 5.1986716733682604e-05 3.5129715817602155e-05 2.728482841157603e-05 2.2095868926363822e-05 1.8831765144887594e-05
6595.80766553 0.0001263491085228043 5.37474423936847e-05 3.635218872256514e-05 2.8252213345905212e-05 2.2884651425981245e-05 1.950632229590521e-05
6596.90705842 0.00013377452664274043 5.804769718176825e-05 3.9403700114211155e-05 3.069348801270182e-05 2.4900379417957968e-05 2.1248766711024825e-05
6598.00663456 0.00013574846107770004 5.9236054983008835e-05 4.0254944998305734e-05 3.13783452084108e-05 2.547059414214652e-05 2.1745341060526784e-05
6599.10639397 0.00013492891245230488 5.883656896050755e-05 3.996483115677428e-05 3.114618242558303e-05 2.5280406005742073e-05 2.1583012073713106e-05
6600.2063367 0.00013418146498579345 5.812870072919901e-05 3.944774010916964e-05 3.0720443271229e-05 2.4919645555544106e-05 2.1263534078786323e-05
6601.30646276 0.00013583132390423763 5.9004198869603984e-05 4.005558271615151e-05 3.119971424985351e-05 2.530721084348612e-05 2.159227456866205e-05
6602.40677219 0.00013811459689847146 6.0816978161275646e-05 4.1355844412627826e-05 3.225621505717588e-05 2.6191087286893968e-05 2.2366845587920683e-05
6603.50726503 0.0001382919177203378 6.120950068711012e-05 4.165679105380066e-05 3.250972877061329e-05 2.6409835333588786e-05 2.2563015106380143e-05
6604.60794129 0.00013731943305970176 6.065012703450049e-05 4.127971524526934e-05 3.221494170378591e-05 2.617338468095038e-05 2.2362720927104188e-05
6605.70880102 0.00013536922059998472 5.9337159904983736e-05 4.0372630728603886e-05 3.150043811370323e-05 2.5594373361420217e-05 2.1868976987795804e-05
6606.80984424 0.0001342615156916926 5.826276270261641e-05 3.961027280777441e-05 3.088998582949945e-05 2.5087112970024644e-05 2.1426719149062147e-05
6607.91107098 0.00013538482949953476 5.8513448516563076e-05 3.976011094854503e-05 3.0994815295913926e-05 2.5160049162262917e-05 2.1479672210694354e-05
6609.01248127 0.00013563782093136494 5.865887687363111e-05 3.9849941317212394e-05 3.1058605317846086e-05 2.5210108755545897e-05 2.152106978606088e-05
6610.11407515 0.00013293508963545893 5.6830345107403534e-05 3.851560486482996e-05 2.9966567481232054e-05 2.4293520516827966e-05 2.071765564730288e-05
6611.21585264 0.0001309689234366543 5.557103196203815e-05 3.759379852921027e-05 2.920721182123525e-05 2.3652852564240834e-05 2.0152886145408326e-05
6612.31781378 0.00013505506253661095 5.845327110627441e-05 3.965407263679866e-05 3.087252910630105e-05 2.5036250966374332e-05 2.1356543404111242e-05
6613.41995859 0.0001380264389194148 6.061722762827577e-05 4.121171027072252e-05 3.214076379781789e-05 2.609684885110516e-05 2.228580116042007e-05
6614.52228711 0.0001374324280773792 6.0063471189141555e-05 4.082556110549271e-05 3.1833472283829976e-05 2.5844696102371053e-05 2.2068050008113084e-05
6615.62479936 0.00013628538809566966 5.908591002499476e-05 4.0135005120196904e-05 3.127708861732016e-05 2.5383497322478945e-05 2.1665813169698254e-05
6616.72749538 0.00013795788142449914 6.032102802323583e-05 4.099572984858441e-05 3.1965555809541895e-05 2.5949944606725395e-05 2.2156203557672748e-05
6617.8303752 0.00013888858639251567 6.1024916042967755e-05 4.14855378223032e-05 3.2358033395712645e-05 2.6273319803836967e-05 2.2436775722772208e-05
6618.93343885 0.0001379134222391917 6.0385723599841875e-05 4.104202277040078e-05 3.200485073548571e-05 2.5985405910982377e-05 2.2190028027967343e-05
6620.03668636 0.00013731223930876107 5.989023654634904e-05 4.0685332887204856e-05 3.17171237114803e-05 2.574412360903813e-05 2.1978225180925232e-05
6621.14011776 0.00013815154138405826 6.037560205138716e-05 4.102154300915467e-05 3.1985743304095174e-05 2.59625338000623e-05 2.216485984442269e-05
6622.24373307 0.00013896352762935408 6.104628113331788e-05 4.1499676142739545e-05 3.2370999087095176e-05 2.628416540715778e-05 2.244629806808248e-05
6623.34753234 0.00013894888337119543 6.10266879484559e-05 4.148723975176974e-05 3.236124176792933e-05 2.6276506322062297e-05 2.2439827279158978e-05
6624.4515156 0.00013865238943625537 6.064263912786023e-05 4.121354337819002e-05 3.214042023392228e-05 2.6090992495807784e-05 2.2276255205017124e-05
6625.55568286 0.0001372373753551315 5.9467458363813815e-05 4.038220694315068e-05 3.146711693684072e-05 2.5530874744620655e-05 2.178705759587145e-05
6626.66003417 0.0001350704225112384 5.77331011903351e-05 3.9141521528467036e-05 3.045839313337244e-05 2.468686585090524e-05 2.104639074071461e-05
6627.76456955 0.0001360940982911491 5.873298780962234e-05 3.984630351721297e-05 3.1030687568602754e-05 2.5163820588413872e-05 2.146368212854797e-05
6628.86928903 0.00013685357636736262 5.961939438890251e-05 4.0487381821481076e-05 3.155738109691529e-05 2.5609858595487037e-05 2.1859611658654585e-05
6629.97419265 0.00013694080737402666 5.958735123315065e-05 4.046890830676881e-05 3.154355992597265e-05 2.5599299261519208e-05 2.1851264558629566e-05
6631.07928044 0.0001368922235645946 5.930133182345034e-05 4.026032890245484e-05 3.136906863167683e-05 2.544879021054438e-05 2.1715818812531885e-05
6632.18455242 0.00013613327594839874 5.891113765188161e-05 3.9991987851510116e-05 3.11544749833676e-05 2.5275173274304923e-05 2.1568272699184168e-05
6633.29000864 0.00013408464856499102 5.786282480915977e-05 3.926744849275044e-05 3.0581703354906995e-05 2.481328985542e-05 2.117656839564681e-05
6634.3956491 0.00013036619144032676 5.562612371470947e-05 3.769625087947954e-05 2.9328506672573005e-05 2.378511060688604e-05 2.029188307866844e-05
6635.50147386 0.00012827913584489596 5.4542083039722634e-05 3.6936892266142916e-05 2.873139754538335e-05 2.3299661342559077e-05 1.987904086022346e-05
6636.60748294 0.00013158981149510618 5.662047213729185e-05 3.8399364796399566e-05 2.9901997866909098e-05 2.4263685915411398e-05 2.0711179693414105e-05
6637.71367637 0.00013537273416607107 5.885150893760356e-05 3.9963491997905046e-05 3.114891085943356e-05 2.5284911538993945e-05 2.1587715614405304e-05
6638.82005418 0.00013697928411984217 5.978349555071584e-05 4.061360650674518e-05 3.16639974167222e-05 2.5704162936185313e-05 2.1945602612727968e-05
6639.9266164 0.00013700052768869588 5.985746937060601e-05 4.066646089634889e-05 3.1704934268007264e-05 2.5738129041450986e-05 2.1975326202925503e-05
6641.03336306 0.00013477845596574756 5.8476806062483146e-05 3.969616719497266e-05 3.0926847024470326e-05 2.5099279137001113e-05 2.1425065649969902e-05
6642.14029419 0.00013466647504932808 5.839562664712025e-05 3.964278106308752e-05 3.088572431701914e-05 2.5066219727202765e-05 2.1397109120647877e-05
6643.24740983 0.0001370052273607229 5.989029403462475e-05 4.0699602896046385e-05 3.173630658575694e-05 2.5766654861347756e-05 2.200228548865483e-05
6644.35471001 0.0001353553706937372 5.877120140236875e-05 3.989800840296668e-05 3.109078633664784e-05 2.5231880228083587e-05 2.153869387359611e-05
6645.46219475 0.00013236337269961662 5.675020893200442e-05 3.845211771184791e-05 2.992695550879258e-05 2.4267095463601274e-05 2.0701337833783488e-05
6646.56986408 0.00013362428877501176 5.766327659758368e-05 3.9117025965239987e-05 3.046646059847095e-05 2.4715674674033346e-05 2.1090683136296273e-05
6647.67771804 0.000135558511337051 5.896228575068626e-05 4.0048524567096155e-05 3.1215966076044606e-05 2.5336418190323942e-05 2.1628511944074186e-05
6648.78575666 0.00013666785790433252 5.960440690728003e-05 4.0505068811534025e-05 3.157955724899907e-05 2.5637098951814294e-05 2.1888558982715287e-05
6649.89397997 0.00013650530980573557 5.934568603031638e-05 4.032036231371664e-05 3.14272479086719e-05 2.550854553786526e-05 2.1774180520126122e-05
6651.002388 0.00013723361318248968 5.9761303547361244e-05 4.059961296753616e-05 3.1650120609314755e-05 2.5686946546959012e-05 2.192451994392392e-05
6652.11098078 0.00013755997928777684 5.962325984328327e-05 4.0475516883660996e-05 3.154537305677199e-05 2.5586866548455433e-05 2.182679081067233e-05
6653.21975834 0.00013704467321208028 5.8862172926905475e-05 3.9908076409251943e-05 3.1080940424875194e-05 2.518666549916633e-05 2.1466483633524607e-05
6654.32872071 0.00013630559923310078 5.846540574399835e-05 3.962783056270993e-05 3.0856225933735077e-05 2.5002251317386646e-05 2.1307740065950075e-05
6655.43786792 0.00013588358927278988 5.844437639412973e-05 3.962898245941545e-05 3.086133883562083e-05 2.5014515010195455e-05 2.1324816732308447e-05
6656.54720001 0.00013635544972213776 5.8926304876331196e-05 3.997981757118362e-05 3.11470392912052e-05 2.5253230214025032e-05 2.153358778954916e-05
6657.656717 0.00013669464385473326 5.908594487004168e-05 4.0093039323424756e-05 3.123813582945098e-05 2.5327677395704152e-05 2.1597053911257017e-05
6658.76641893 0.0001365150126477565 5.8717259551467464e-05 3.9824410659858315e-05 3.1019497427773744e-05 2.514385958396995e-05 2.1435223660506223e-05
6659.87630582 0.0001366196224933051 5.885133306124308e-05 3.991643332751298e-05 3.109282513850224e-05 2.520376648512197e-05 2.148688106935652e-05
6660.9863777 0.0001364438225726045 5.894611068409094e-05 3.999515451398909e-05 3.115927547870242e-05 2.5263715462072215e-05 2.154247646967137e-05
6662.09663462 0.00013588306684939361 5.864364755726742e-05 3.9784224164259106e-05 3.0990142124986496e-05 2.5126470594208346e-05 2.142570209466199e-05
6663.20707659 0.00013497849039886142 5.8140998891576234e-05 3.942618102251669e-05 3.070264244906898e-05 2.4888996813665095e-05 2.1220636326230213e-05
6664.31770365 0.00013107992130000223 5.5978214346849045e-05 3.7903828777449446e-05 2.9487516223219005e-05 2.3890612090798606e-05 2.0361081285815014e-05
6665.42851584 0.0001277032020098403 5.400725826662032e-05 3.651648929569076e-05 2.837829869235908e-05 2.2980725335179702e-05 1.9578620474109383e-05
6666.53951317 0.00013017384060477595 5.5364750119232544e-05 3.748567119898753e-05 2.9150091609191123e-05 2.361786617952754e-05 2.0128033987811437e-05
6667.65069569 0.00013105392698815486 5.5326771981280305e-05 3.7445820139599786e-05 2.9103073109074898e-05 2.3563944818749636e-05 2.0067883102708977e-05
6668.76206341 0.0001313277759579195 5.5219644300829304e-05 3.736801675897426e-05 2.9040868874229194e-05 2.3510251652071435e-05 2.001939213463017e-05
6669.87361638 0.00013284668184467834 5.657708953997739e-05 3.8342596450608345e-05 2.9836834942715485e-05 2.4180310001265827e-05 2.061027403942648e-05
6670.98535463 0.00013489089055959572 5.821437154297337e-05 3.950226851002713e-05 3.0773652376323825e-05 2.4957957313214433e-05 2.12877546057521e-05
6672.09727818 0.00013557613631225667 5.8880879761951615e-05 3.997982478190875e-05 3.116113449638833e-05 2.5281459378213197e-05 2.157077675954651e-05
6673.20938706 0.00013543496366918268 5.8971824383207235e-05 4.005954021040732e-05 3.12307548877522e-05 2.534422932666387e-05 2.1628517362107098e-05
6674.32168132 0.00013593043015254632 5.928435364781695e-05 4.028293847547039e-05 3.1409374757842275e-05 2.549149132796083e-05 2.1755701055511475e-05
6675.43416097 0.00013638241393027157 5.9536036427686585e-05 4.045678566843445e-05 3.1546579470349775e-05 2.560351706665072e-05 2.1852078153678167e-05
6676.54682605 0.0001365338720440244 5.9581281912300766e-05 4.0481597376256976e-05 3.156347679019577e-05 2.5614077786501943e-05 2.1858831458857307e-05
6677.65967659 0.00013581893928009083 5.902695001595215e-05 4.0077840137731054e-05 3.123493599796159e-05 2.533661744472882e-05 2.161418742093144e-05
6678.77271262 0.00013086124425165324 5.587880498228786e-05 3.784422060983273e-05 2.944018148565814e-05 2.3846567162910873e-05 2.0318542888156373e-05
6679.88593417 0.00012578837118058423 5.264048392517733e-05 3.555469976806366e-05 2.760387251919755e-05 2.2325710710169258e-05 1.8998244247991275e-05
6680.99934127 0.00013005104356945678 5.5176659983410975e-05 3.735488013663638e-05 2.9051414761531513e-05 2.352550272594499e-05 2.0038529759614028e-05
6682.11293396 0.00013434866156518556 5.7693351210228534e-05 3.9119580451248227e-05 3.04658340743103e-05 2.468802145899467e-05 2.103971873745964e-05
6683.22671226 0.00013546643803809301 5.792180054047153e-05 3.924622910566309e-05 3.0553830074703563e-05 2.474381382493223e-05 2.1074883682871962e-05
6684.34067621 0.00013568165306063738 5.805510612389825e-05 3.933768185450068e-05 3.062438209546118e-05 2.48018052893041e-05 2.1125158715834283e-05
6685.45482583 0.0001359877904022426 5.8518010378554744e-05 3.967783761017432e-05 3.090226539481401e-05 2.5038310953463187e-05 2.1335840628633927e-05
6686.56916116 0.00013608528745513902 5.8644614920563914e-05 3.9769755605875955e-05 3.097781387178623e-05 2.5102296402132765e-05 2.1392712040874926e-05
6687.68368223 0.00013606860883883616 5.854359626886443e-05 3.969172106635211e-05 3.091349653778254e-05 2.5045985454430543e-05 2.134157322388773e-05
6688.79838906 0.00013528867952800974 5.78667138657789e-05 3.921229470185016e-05 3.052738681827898e-05 2.4724679534353435e-05 2.106125363333084e-05
6689.9132817 0.00013470673105034416 5.743487602887226e-05 3.891672267354416e-05 3.029376526088883e-05 2.4533707434952368e-05 2.0896945183713697e-05
6691.02836017 0.00013530438716357344 5.80579961548986e-05 3.9364429549633653e-05 3.065721913254934e-05 2.483837148814616e-05 2.1164564932662976e-05
6692.1436245 0.00013582122888058354 5.862145478771322e-05 3.9762879851010954e-05 3.0976749902239124e-05 2.5104857024100425e-05 2.1397910479673265e-05
6693.25907472 0.00013550466406193394 5.852921518534774e-05 3.9701069923125644e-05 3.092687980031859e-05 2.5066727528548985e-05 2.1367268892873087e-05
6694.37471087 0.00013492386118026188 5.8099657155660815e-05 3.9399353395529996e-05 3.0684379042977486e-05 2.4866979256917412e-05 2.1194220902216245e-05
6695.49053297 0.00013536278542563096 5.835473724163809e-05 3.9576817239071495e-05 3.082735413191867e-05 2.4983038325638783e-05 2.1293231811236304e-05
6696.60654105 0.0001345095137897715 5.787619577319291e-05 3.923459279690178e-05 3.055135604031454e-05 2.4753900595740834e-05 2.109441591958544e-05
6697.72273516 0.00013206817959731803 5.640156281884638e-05 3.819142476346336e-05 2.9712076599833338e-05 2.406123648739842e-05 2.0495447195701066e-05
6698.83911531 0.0001315954426519022 5.61483584095851e-05 3.80244266598269e-05 2.9581805598363124e-05 2.3959490389306526e-05 2.041145654756197e-05
6699.95568154 0.00013163651305583628 5.618788805147048e-05 3.805689970108672e-05 2.9607633188443687e-05 2.3982499526084967e-05 2.0432397886477638e-05
6701.07243388 0.00013314400273029524 5.720652896070322e-05 3.8775558605493114e-05 3.0185506826930776e-05 2.4458845956409468e-05 2.0844494469362715e-05
6702.18937236 0.000135174199389243 5.856462462413807e-05 3.9742912570448204e-05 3.096776644557114e-05 2.5108417506065487e-05 2.14096374601238e-05
6703.30649702 0.00013538123310592186 5.8715375035227994e-05 3.9854176777283155e-05 3.1058408001728614e-05 2.5185420899461633e-05 2.147778185728221e-05
6704.42380787 0.00013391699187800552 5.783014526722338e-05 3.922312966470186e-05 3.0545736609652756e-05 2.476044944396357e-05 2.1108931606089365e-05
6705.54130496 0.00013115668306057143 5.615996915602157e-05 3.804027225243954e-05 2.959326776130498e-05 2.397477627210644e-05 2.0429856524630383e-05
6706.65898832 0.00013043360129612056 5.582994053199148e-05 3.78202971752275e-05 2.9429694455358357e-05 2.3846753727716554e-05 2.03248127427776e-05
6707.77685797 0.00013291031032834893 5.722644942005557e-05 3.880620041847485e-05 3.022395124530936e-05 2.449867916374704e-05 2.088584457921777e-05
6708.89491395 0.00013396053103387852 5.730177469565387e-05 3.884200496880044e-05 3.0241680992510233e-05 2.4497943180802468e-05 2.087244871457033e-05
6710.01315628 0.00013294025090039813 5.646722081076835e-05 3.824917213041575e-05 2.9762258731187578e-05 2.40985923887138e-05 2.0523622284314142e-05
6711.13158501 0.0001327379455510095 5.682759464316764e-05 3.852353820515425e-05 2.9986387008310033e-05 2.4296087687667422e-05 2.0703618822470522e-05
6712.25020015 0.00013145024418507228 5.621585858609175e-05 3.81021181230654e-05 2.964770018926232e-05 2.4021797489254426e-05 2.0469564291989492e-05
6713.36900175 0.0001290554424470646 5.489774624733667e-05 3.71807180245094e-05 2.891725302212741e-05 2.342746729357537e-05 1.9962739986308238e-05
6714.48798983 0.00012661491861844655 5.345353352475159e-05 3.615621153251196e-05 2.809835158403926e-05 2.2753534966906942e-05 1.93819121505436e-05
6715.60716443 0.0001282817490738937 5.42241687972175e-05 3.667664752668365e-05 2.8509788745235243e-05 2.3079514705787418e-05 1.9653284784622597e-05
6716.72652556 0.0001304465813543906 5.506205336881008e-05 3.7240410943303104e-05 2.8949410512781385e-05 2.3422766799811137e-05 1.993391383781235e-05
6717.84607328 0.0001302441517658297 5.481270597736955e-05 3.705530153449692e-05 2.8795930749683517e-05 2.3288611343635967e-05 1.9811836165102907e-05
6718.9658076 0.00012801529550443655 5.366872002272854e-05 3.623840758512707e-05 2.8141461742855387e-05 2.2740721450589556e-05 1.9332628033436912e-05
6720.08572856 0.00012810302175210746 5.398022017950887e-05 3.646776826108715e-05 2.834004094308671e-05 2.2911485526933137e-05 1.9486045761623013e-05
6721.20583619 0.00013129998620210227 5.602438542726772e-05 3.793341429406524e-05 2.953236825695415e-05 2.3912821585337697e-05 2.0365680859826078e-05
6722.32613051 0.00013302539319068535 5.700610664863048e-05 3.863154231496692e-05 3.0089758397767627e-05 2.4374508573183957e-05 2.0766070018686992e-05
6723.44661157 0.00013304722077654737 5.7001004944754545e-05 3.863133742266236e-05 3.0086458005231214e-05 2.4371973146349464e-05 2.076352336907596e-05
6724.56727939 0.00013336623012810884 5.72174690952482e-05 3.8784006593484907e-05 3.0205463784488522e-05 2.446686538598465e-05 2.0842631497232027e-05
6725.68813401 0.00013354557532447623 5.744454475499034e-05 3.8946597667176576e-05 3.0335185010326185e-05 2.4570275935663425e-05 2.092890485098001e-05
6726.80917545 0.00013191402460229574 5.6531499807599975e-05 3.830777682302949e-05 2.9823480557702036e-05 2.4150190539893167e-05 2.056691550733441e-05
6727.93040375 0.0001308128389405869 5.573758901160965e-05 3.773918605098176e-05 2.9364683246438893e-05 2.377213951583096e-05 2.024108164769642e-05
6729.05181893 0.00013200702460132059 5.6364475518892726e-05 3.817538621971817e-05 2.971224117162265e-05 2.4058185017317262e-05 2.0488525204823148e-05
6730.17342103 0.00013320435236363354 5.7051551368808615e-05 3.8660069450165466e-05 3.0098794778395368e-05 2.437586400181031e-05 2.0762093343966988e-05
6731.29521008 0.00013205030002728203 5.649318732730104e-05 3.826639720934709e-05 2.978632053166309e-05 2.4120463899813213e-05 2.0543958668175073e-05
6732.41718611 0.00013148855354634822 5.629776266582716e-05 3.813148966550662e-05 2.968129026608309e-05 2.403675535638915e-05 2.0474507510287116e-05
6733.53934915 0.0001326648785202045 5.6971565142517115e-05 3.86098395241597e-05 3.006277663609325e-05 2.435153509579427e-05 2.0746238561782204e-05
6734.66169924 0.00013236250987419461 5.679721366794637e-05 3.848921485350563e-05 2.9965192453697047e-05 2.4272514972070057e-05 2.0678944518404597e-05
6735.78423639 0.00013272765099622423 5.6969187487842156e-05 3.8614392251910376e-05 3.0067004186864446e-05 2.43570733480818e-05 2.0752236063872857e-05
6736.90696066 0.00013373699956820527 5.7470832672259746e-05 3.8966146798487936e-05 3.0349718039596518e-05 2.4587297571526512e-05 2.09487314309579e-05
6738.02987206 0.0001338832294236235 5.7546936446322566e-05 3.901848781717803e-05 3.0391281600887727e-05 2.462064356347859e-05 2.0976840866955045e-05
6739.15297063 0.0001329515439452734 5.700721740980963e-05 3.864306606182092e-05 3.008946084653836e-05 2.437432861855245e-05 2.076555631655123e-05
6740.27625639 0.00013143390715022915 5.6016705996996636e-05 3.7947823918759113e-05 2.952859576638927e-05 2.391207432981526e-05 2.03652939628844e-05
6741.39972939 0.0001307920399147829 5.5551507448195914e-05 3.761948320371497e-05 2.9262273837282143e-05 2.3690450227958673e-05 2.017135851646745e-05
6742.52338965 0.00013152332008087086 5.6348669767276914e-05 3.819731192986938e-05 2.9738090166734985e-05 2.4093277721790915e-05 2.0528886465874132e-05
6743.6472372 0.00013083938114415226 5.608683754370257e-05 3.801278970040167e-05 2.9589723344632182e-05 2.397026534759081e-05 2.042256657192178e-05
6744.77127207 0.00012986147332274232 5.525964657362253e-05 3.740942527376766e-05 2.9087557871114516e-05 2.353776053605258e-05 2.0033132829302214e-05
6745.8954943 0.00013123770098576586 5.612112481887706e-05 3.802476932828979e-05 2.958869141346642e-05 2.395510399482228e-05 2.0397512671001793e-05
6747.01990391 0.00013211086309445897 5.658768640426334e-05 3.8357781334043986e-05 2.9862803108862327e-05 2.4189182121063722e-05 2.060745001041598e-05
6748.14450094 0.0001318493418988445 5.619167787773133e-05 3.807166147247709e-05 2.9631018491008368e-05 2.399448662132112e-05 2.043595424642546e-05
6749.26928542 0.00013160039803441576 5.608029075385793e-05 3.79985867209836e-05 2.9577539762628526e-05 2.394838809935501e-05 2.0393180112307887e-05
6750.39425738 0.00013035769947313547 5.564066326168488e-05 3.7700638241852525e-05 2.934953868502377e-05 2.37627809722212e-05 2.0234152722578958e-05
6751.51941685 0.00012890321320010358 5.479666308895886e-05 3.70763441225747e-05 2.883922391730658e-05 2.3338172651317355e-05 1.9866858980380795e-05
6752.64476386 0.000129982104622334 5.534519162736794e-05 3.744811677214018e-05 2.913042271200777e-05 2.3576483560066385e-05 2.007284403596433e-05
6753.77029845 0.00013066819926056312 5.5428221317278684e-05 3.751762656476082e-05 2.9191703716096712e-05 2.3627125706400106e-05 2.0115652862732994e-05
6754.89602064 0.00012932328624794314 5.431596164053011e-05 3.6742657403510605e-05 2.857375568074017e-05 2.311798805274645e-05 1.9674823323545084e-05
6756.02193047 0.00013136962363259852 5.600120662678494e-05 3.79422243034896e-05 2.9535709691507765e-05 2.3916283904098733e-05 2.0368490791764507e-05
6757.14802796 0.00013300537856110754 5.741874519744167e-05 3.895137955811225e-05 3.034842809001897e-05 2.4591681221527507e-05 2.0956638792452756e-05
6758.27431315 0.00013240117838112872 5.7462496044689516e-05 3.9016626577672885e-05 3.041935790424004e-05 2.466119936387038e-05 2.102445911490919e-05
6759.40078608 0.00013170758353446357 5.7261640779542856e-05 3.8894908304772186e-05 3.0332852300872413e-05 2.460031352221325e-05 2.0979890207117114e-05
6760.52744676 0.0001327521191951181 5.755707505587768e-05 3.9064692237426666e-05 3.0451208871688812e-05 2.468755415275031e-05 2.104909146804247e-05
6761.65429523 0.00013372461383913 5.794762991572574e-05 3.9316616054477364e-05 3.06408216805662e-05 2.48338327765945e-05 2.1168577125994213e-05
6762.78133153 0.00013333253988746866 5.770157777690541e-05 3.9151291683091144e-05 3.0511085053358958e-05 2.4729447695834154e-05 2.107992738007913e-05
6763.90855569 0.00013218838435910486 5.716524408391847e-05 3.8796186689284155e-05 3.023669603107155e-05 2.4509322561632615e-05 2.0893344276580366e-05
6765.03596773 0.00013050118795385313 5.65531637414152e-05 3.837813033965991e-05 2.9907877730712493e-05 2.424105382529201e-05 2.0663634083984055e-05
6766.16356769 0.00012812186628773873 5.517589990714569e-05 3.737354978070422e-05 2.9090508048123534e-05 2.356103020456809e-05 2.0073010967655534e-05
6767.2913556 0.00012565000582861652 5.35538220371383e-05 3.6210048850768856e-05 2.81539905975827e-05 2.2788941096730258e-05 1.94065973273986e-05
6768.41933148 0.00012602074422007726 5.355248288549112e-05 3.622549862448603e-05 2.8174627849532606e-05 2.2808139517427822e-05 1.9424728122813317e-05
6769.54749538 0.000126150317650561 5.378078403720035e-05 3.6400225600638394e-05 2.8317073534595636e-05 2.293017833123848e-05 1.9534109210928864e-05
6770.67584733 0.00012901372147907744 5.539339315471633e-05 3.753695930186862e-05 2.92197488132705e-05 2.367334787085568e-05 2.0174873370926615e-05
6771.80438734 0.0001298755108748369 5.566631034365359e-05 3.772981091807761e-05 2.9364666051055518e-05 2.3790401737438527e-05 2.0272313846308268e-05
6772.93311547 0.0001281568366739899 5.462545852418736e-05 3.699473471205646e-05 2.87710618863173e-05 2.3301689062947644e-05 1.9850012445767088e-05
6774.06203173 0.00012872965245016267 5.531675755593534e-05 3.749337904230002e-05 2.918531239670304e-05 2.3653717903246096e-05 2.016469355068189e-05
6775.19113615 0.00013149685157566772 5.710028744824537e-05 3.876372914507346e-05 3.021282363863807e-05 2.4504493151592663e-05 2.0903351573186467e-05
6776.32042878 0.00013290571093580773 5.790250820672311e-05 3.933806208427339e-05 3.067742254651732e-05 2.4888923430447315e-05 2.1236073064370873e-05
6777.44990964 0.00013313836340806645 5.798227597885554e-05 3.938617604498669e-05 3.071305981918277e-05 2.4914474640841576e-05 2.125531337576762e-05
6778.57957876 0.00013285055255296275 5.7745117314380504e-05 3.921286005742763e-05 3.056850304153083e-05 2.4791641757298586e-05 2.1146277822714965e-05
6779.70943618 0.0001326058517306107 5.7543637028557726e-05 3.906664081269237e-05 3.0448057911711624e-05 2.4689800733000353e-05 2.105613754599671e-05
6780.83948192 0.0001334395743727438 5.8220323897880415e-05 3.954252154187317e-05 3.083113622246255e-05 2.5006232275878992e-05 2.133077575009497e-05
6781.96971602 0.00013386898405414778 5.855768763480362e-05 3.97789863478334e-05 3.102206083189482e-05 2.516400152942983e-05 2.1467611866597112e-05
6783.1001385 0.00013362805118771303 5.8081252078490285e-05 3.942367751826977e-05 3.073200305862477e-05 2.4914031771193914e-05 2.1242363342989276e-05
6784.23074941 0.0001328663681384109 5.719101875345572e-05 3.877714325146224e-05 3.020755002744387e-05 2.4469990922422614e-05 2.084850966302271e-05
6785.36154876 0.00013136295387066436 5.615114441322158e-05 3.805142015340227e-05 2.9631450699138947e-05 2.399758019349121e-05 2.044164536637059e-05
6786.4925366 0.00012899232851841592 5.480449915951059e-05 3.712980541839243e-05 2.8910958441390275e-05 2.3417498380529005e-05 1.9950311906899326e-05
6787.62371295 0.00012796930820370406 5.416372262324559e-05 3.667515462125889e-05 2.8540076267953356e-05 2.3109754436495232e-05 1.9682335860996894e-05
6788.75507785 0.000128749882133149 5.477417092635273e-05 3.708479395616103e-05 2.8853301883417308e-05 2.335928096067427e-05 1.98923534655128e-05
6789.88663132 0.00013123050103918 5.642457191323e-05 3.824371631026424e-05 2.9781912836123878e-05 2.4121479288122437e-05 2.054927104921637e-05
6791.0183734 0.00013259630461250874 5.718416013153095e-05 3.878491329635996e-05 3.02188860641157e-05 2.4481995463523205e-05 2.0860650895889237e-05
6792.15030412 0.0001323811753630651 5.7110645824679034e-05 3.8742050428396765e-05 3.0188731858375206e-05 2.445907630611516e-05 2.084177271986333e-05
6793.28242351 0.00013206766924022873 5.7088834181540093e-05 3.873075172468989e-05 3.0180467815279322e-05 2.4452860724173093e-05 2.0836963303582632e-05
6794.41473161 0.00013090204928351188 5.623137835450941e-05 3.8117281674421825e-05 2.968252314898344e-05 2.40410244140414e-05 2.048042627752705e-05
6795.54722843 0.00012949831772856918 5.51377455723264e-05 3.734322513008551e-05 2.9060595885189028e-05 2.3528974800080434e-05 2.0038213750013214e-05
6796.67991403 0.00012930767580047656 5.5357027567070777e-05 3.7528457539305316e-05 2.9223280478159854e-05 2.3679737756011953e-05 2.018080409739286e-05
6797.81278842 0.00012882587914077185 5.534525741259554e-05 3.753002562662819e-05 2.9229446796686614e-05 2.369259141694427e-05 2.0198579250161727e-05
6798.94585163 0.00013068699052680853 5.639771644766454e-05 3.824796033230511e-05 2.979399451130436e-05 2.414538856627436e-05 2.0581537552679952e-05
6800.07910371 0.00013171942596398715 5.6843545569133786e-05 3.854477893282034e-05 3.0023187416603728e-05 2.4323206750396084e-05 2.0726792803992338e-05
6801.21254468 0.00013165194514088016 5.690313866070755e-05 3.859466048429005e-05 3.0066184171179863e-05 2.436265575152468e-05 2.076392509698002e-05
6802.34617457 0.00013134100914179798 5.6828559551289525e-05 3.855258126016204e-05 3.0034016161532298e-05 2.4340934388171482e-05 2.0748475928902674e-05
6803.47999341 0.00013047482906134998 5.6215795309798754e-05 3.811881818817346e-05 2.9679846416816523e-05 2.4046105976015164e-05 2.0490512088132144e-05
6804.61400124 0.00012967898941088952 5.5889144850152936e-05 3.78997913181992e-05 2.9514349950395646e-05 2.391686071730801e-05 2.0384974621387132e-05
6805.74819809 0.00012703151430605475 5.473946250184611e-05 3.71267745000486e-05 2.8925197609204755e-05 2.3452867890889935e-05 2.000197075219383e-05
6806.88258399 0.0001273329630926775 5.506421614091948e-05 3.7356911364417526e-05 2.9114357338395378e-05 2.3609998050990947e-05 2.0139602328509428e-05
6808.01715896 0.00012770348467327328 5.497401694359469e-05 3.724983680198687e-05 2.900314579073237e-05 2.349883818801949e-05 2.002915427814388e-05
6809.15192305 0.00012775466215665012 5.4804630508518645e-05 3.711523195576848e-05 2.888499414990662e-05 2.3393614473538635e-05 1.9931984017697948e-05
6810.28687628 0.00013044428919665503 5.6475967561021026e-05 3.8312190686318706e-05 2.984855022501691e-05 2.4193844054174393e-05 2.0627218759631006e-05
6811.42201869 0.0001295250554907355 5.600508249141483e-05 3.799148006837985e-05 2.9596446565397917e-05 2.399225723629709e-05 2.04578629988371e-05
6812.5573503 0.00012938587170775964 5.5971086018835524e-05 3.796646557203345e-05 2.9576736904716365e-05 2.3975711746290245e-05 2.0443807135216475e-05
6813.69287115 0.00013110014053805273 5.688066396964387e-05 3.861132631226178e-05 3.009390531573072e-05 2.4400729507438127e-05 2.080953928870203e-05
6814.82858127 0.00013077884444390213 5.6581554833218546e-05 3.8400210992911576e-05 2.992424736194969e-05 2.426088640968088e-05 2.0688035662251634e-05
6815.96448068 0.000129334242718927 5.567236231918014e-05 3.774629067922408e-05 2.9388479723898837e-05 2.381316778715338e-05 2.029578372069926e-05
6817.10056944 0.000128947686822945 5.5206372611059344e-05 3.739353284440076e-05 2.9092664518131814e-05 2.3555262114256173e-05 2.006150289602584e-05
6818.23684755 0.00013065845297447097 5.64477582379895e-05 3.827905302234404e-05 2.981432612456316e-05 2.415612604184179e-05 2.0586504026114488e-05
6819.37331506 0.00013160573542555913 5.725949874749923e-05 3.886953749847184e-05 3.0297870853043132e-05 2.4563879734240244e-05 2.0946573779672225e-05
6820.509972 0.00013127628647620766 5.7068848831349715e-05 3.8735883513300404e-05 3.0189432391315232e-05 2.4475034449786237e-05 2.0870332885248346e-05
6821.6468184 0.00012972936528433946 5.611235686502803e-05 3.805507055661557e-05 2.96396940290439e-05 2.4020244214682572e-05 2.0476333174099426e-05
6822.78385428 0.000129983730333878 5.627980298867089e-05 3.8178811935787185e-05 2.974186691993273e-05 2.4106887537235545e-05 2.0553041855745352e-05
6823.92107969 0.00013154203759268893 5.717298047492366e-05 3.88075470240254e-05 3.024584029272981e-05 2.4520704045371714e-05 2.0909376985170985e-05
6825.05849465 0.00013236947323097485 5.774788408810258e-05 3.920241824276161e-05 3.0558261932766913e-05 2.477346373605614e-05 2.1124717984599142e-05
6826.1960992 0.00013258807038790148 5.795904589875808e-05 3.935406326148521e-05 3.0681044203602475e-05 2.4876290914663416e-05 2.1215029090336076e-05
6827.33389336 0.000132527678049103 5.8024903493080615e-05 3.941770872365717e-05 3.073993610616715e-05 2.493383757949238e-05 2.127157791409512e-05
6828.47187718 0.00013155651425940227 5.76264836974183e-05 3.9152308724628416e-05 3.053235259253495e-05 2.4767137135173543e-05 2.1130366147713836e-05
6829.61005067 0.00012868130120631714 5.618240299390762e-05 3.8160737170396524e-05 2.975064470370951e-05 2.413030299926357e-05 2.0584779105380144e-05
6830.74841387 0.00012803294918326056 5.565672674087406e-05 3.779154252559485e-05 2.945983077688698e-05 2.3894148356463414e-05 2.0384031577530036e-05
6831.88696682 0.0001305180035208906 5.674699313483487e-05 3.8534729298522696e-05 3.0043831586695636e-05 2.436654602468587e-05 2.0786029325130503e-05
6833.02570954 0.0001309198888005178 5.696329175588242e-05 3.867173650886326e-05 3.0143719374050366e-05 2.4441891595016955e-05 2.0846236659651877e-05
6834.16464206 0.00013062924935243272 5.668854884219731e-05 3.848115500040399e-05 2.9993562081212302e-05 2.431842697596288e-05 2.0739526825780113e-05
6835.30376443 0.0001312936740095783 5.708476318629827e-05 3.877017129956401e-05 3.0230561480742434e-05 2.4518442777561145e-05 2.091564909925493e-05
6836.44307666 0.00013198816573686437 5.7750194819449196e-05 3.9237006738123714e-05 3.0601124724437965e-05 2.4823810014254902e-05 2.118021207479983e-05
6837.5825788 0.00013160416266720713 5.7683742357891735e-05 3.9183941897171194e-05 3.055270739720231e-05 2.47813464363815e-05 2.1142156761993525e-05
6838.72227087 0.0001305932107898767 5.710496795159741e-05 3.8778356540449325e-05 3.0227044617000714e-05 2.4515253786721098e-05 2.0914003134588468e-05
6839.8621529 0.00012996153840810857 5.673966108175487e-05 3.852537225632905e-05 3.00288850380802e-05 2.4355300776252713e-05 2.0778583757527685e-05
6841.00222493 0.00012778176762484464 5.541014325480064e-05 3.758041441499841e-05 2.9266102063778077e-05 2.372330711216413e-05 2.0230296539771997e-05
6842.14248698 0.0001242781597374097 5.336269196139108e-05 3.613973466204732e-05 2.8115758889128307e-05 2.2776966561314727e-05 1.9414430688627497e-05
6843.2829391 0.00012174878703964545 5.206596498680022e-05 3.52487719643171e-05 2.7420125300290758e-05 2.221437503409849e-05 1.8937004533218983e-05
6844.42358131 0.00012325949584200685 5.311108701246407e-05 3.59911313153461e-05 2.8015167540812416e-05 2.270709955138338e-05 1.9364568251353893e-05
6845.56441364 0.0001257619618887083 5.469036490169765e-05 3.710645996088906e-05 2.890754664422342e-05 2.344426175322555e-05 2.000320025774795e-05
6846.70543612 0.00012918520180267465 5.661990860685984e-05 3.846779727531966e-05 2.9994802267214197e-05 2.433840160141278e-05 2.077372127595557e-05
6847.84664879 0.0001310843616392072 5.7550591850463356e-05 3.9120624877897275e-05 3.051363195748906e-05 2.476149941940735e-05 2.113486766673718e-05
6848.98805168 0.00013087914422196806 5.73839295150228e-05 3.900074405815442e-05 3.0417099098564174e-05 2.4679488612864343e-05 2.1061799092398324e-05
6850.12964482 0.00013031978361899716 5.713812671705847e-05 3.882522134974383e-05 3.027815301523168e-05 2.4565276995203006e-05 2.0963768849882864e-05
6851.27142824 0.00013040424523930562 5.6821213782708445e-05 3.857554709453067e-05 3.006833278882319e-05 2.4379722214135038e-05 2.079337964380323e-05
6852.41340197 0.00013033669702311622 5.648647348116576e-05 3.8313988365320255e-05 2.9842742457015366e-05 2.417945563151599e-05 2.060838186561608e-05
6853.55556605 0.0001301359934540896 5.6297782852432897e-05 3.817756859647613e-05 2.972875971259551e-05 2.408274062322151e-05 2.0522151085177116e-05
6854.69792051 0.00013063673796393036 5.672105067442122e-05 3.847506434759345e-05 2.9972403779465e-05 2.428530976214561e-05 2.069943326899444e-05
6855.84046537 0.00012843897899169054 5.5673283969589014e-05 3.775046660893094e-05 2.9401478167798385e-05 2.382455449819971e-05 2.0309745440149134e-05
6856.98320067 0.00012489778020271987 5.3716892852722216e-05 3.6387937757700345e-05 2.831848053372519e-05 2.294071756320545e-05 1.955281671136812e-05
6858.12612645 0.00012638087080352572 5.453396222343356e-05 3.695235519413076e-05 2.8762130495809064e-05 2.330006668646245e-05 1.985836349951496e-05
6859.26924273 0.00012701160125370194 5.489764726979729e-05 3.719704147284291e-05 2.8952388425099695e-05 2.3452954945026522e-05 1.998816207874961e-05
6860.41254954 0.00012776023405574422 5.5361448275577595e-05 3.752985804782058e-05 2.9224342091700365e-05 2.3679547568524114e-05 2.0186025244201474e-05
6861.55604692 0.0001292839668940734 5.614448152261568e-05 3.8084869258990455e-05 2.9666713198650074e-05 2.4041886820989184e-05 2.0496735307959925e-05
6862.6997349 0.00012811249629062372 5.514786985769935e-05 3.737788224597674e-05 2.9092831458941054e-05 2.3563241945536303e-05 2.007803098383408e-05
6863.84361351 0.00012811715997237312 5.511529011767519e-05 3.734815971559481e-05 2.906573628718783e-05 2.353689578745062e-05 2.0052282842948505e-05
6864.98768278 0.0001304532871200126 5.692434539066843e-05 3.86293537189793e-05 3.009946996052089e-05 2.4395112618448427e-05 2.0799861968253412e-05
6866.13194275 0.00013138407184560094 5.772315401229413e-05 3.920636596567094e-05 3.056973554088342e-05 2.4791819022125938e-05 2.1150246378902474e-05
6867.27639344 0.00013156994340256248 5.784660190056069e-05 3.928892079640071e-05 3.0632915004052054e-05 2.484052072668902e-05 2.1189812941382674e-05
6868.42103489 0.00013150975506588322 5.786053929249634e-05 3.9296328036490256e-05 3.063679043212829e-05 2.484164813968711e-05 2.1189356609199808e-05
6869.56586713 0.00013125937042638414 5.773444964689592e-05 3.9216888864667876e-05 3.057890382609052e-05 2.4799801941024282e-05 2.115777592638755e-05
6870.71089019 0.0001309422541514044 5.754229493483179e-05 3.908369391164814e-05 3.0472993360287984e-05 2.4713885347051218e-05 2.108472099289005e-05
6871.8561041 0.00013093503954827648 5.75849588344145e-05 3.9110126109353845e-05 3.048982833391972e-05 2.4724705545461995e-05 2.109194074827594e-05
6873.0015089 0.00012992097062010027 5.687343878078094e-05 3.860610050904461e-05 3.008032315342203e-05 2.4383007347507917e-05 2.0792579508598152e-05
6874.14710461 0.00012771158526706907 5.549163753577732e-05 3.764394988033705e-05 2.9307201694627687e-05 2.3748958540838086e-05 2.0245763634054906e-05
6875.29289128 0.00012842583062007532 5.598069078766167e-05 3.8000083458477625e-05 2.9602129978719196e-05 2.3998581954592022e-05 2.0467444042535708e-05
6876.43886892 0.0001294469877804197 5.649692978385084e-05 3.835654230553535e-05 2.988752557779687e-05 2.4230756217534898e-05 2.0666399148559177e-05
6877.58503758 0.00012911214189298054 5.6371120785021565e-05 3.8275747857077185e-05 2.9824699238669466e-05 2.418481807530234e-05 2.0631194727592496e-05
6878.73139728 0.00012980990571936874 5.6961998429271814e-05 3.869185486855115e-05 3.016198571145783e-05 2.446480412824578e-05 2.087563903414102e-05
6879.87794805 0.0001309898341705867 5.769763158224492e-05 3.920358301257131e-05 3.057263284085882e-05 2.4799421137637456e-05 2.1162540867403482e-05
6881.02468994 0.0001308772786845364 5.770134263311781e-05 3.9217005689422086e-05 3.058747347661552e-05 2.4816988524505658e-05 2.118184518312313e-05
6882.17162296 0.00012919427250006072 5.6641822602082854e-05 3.846292671856225e-05 2.9975299768443534e-05 2.4307751486492696e-05 2.073836048197432e-05
6883.31874716 0.00012644754281442467 5.472149345198682e-05 3.708318470431212e-05 2.8856114358649862e-05 2.337161310250013e-05 1.9919354491520512e-05
6884.46606256 0.00012575221231491527 5.417298962370829e-05 3.668420193709048e-05 2.8532850769393412e-05 2.309948948834291e-05 1.9680362382210554e-05
6885.61356919 0.00012860980055633023 5.595790221158364e-05 3.7943936381885834e-05 2.954863355825697e-05 2.3938731770081613e-05 2.0406819744705507e-05
6886.76126709 0.00013015864827561321 5.721798286173396e-05 3.885114675174863e-05 3.0285399117483328e-05 2.455714736871112e-05 2.0950016926595648e-05
6887.90915629 0.00012981202218842952 5.720803890717298e-05 3.88541700983409e-05 3.0287558123020514e-05 2.4562237660505292e-05 2.095743953461052e-05
6889.05723682 0.00013052187484822813 5.766201706163105e-05 3.919361822084758e-05 3.056898164403583e-05 2.4802177665717645e-05 2.117067509012164e-05
6890.20550871 0.00013098033602079026 5.785409714172209e-05 3.9333532607356816e-05 3.068840980690865e-05 2.4904139409358976e-05 2.126133170912193e-05
6891.353972 0.00013059735030214966 5.7694993403602414e-05 3.921407296533742e-05 3.05875358914949e-05 2.4817137061786078e-05 2.1183724312371315e-05
6892.50262671 0.0001307474470204279 5.78158944935376e-05 3.92984710063977e-05 3.065461664628517e-05 2.487213056125274e-05 2.123115235392558e-05
6893.65147288 0.00013134552263228993 5.80925465848327e-05 3.948855351049378e-05 3.0806097471142156e-05 2.499475825691633e-05 2.1335149002483964e-05
6894.80051055 0.00013123204323298393 5.8081121866479495e-05 3.948707460525338e-05 3.080664178368514e-05 2.4998166041676838e-05 2.134051931852081e-05
6895.94973973 0.0001300725710089906 5.7499990939232905e-05 3.9088754469286324e-05 3.0493680971016552e-05 2.4746692548462954e-05 2.1128627055316395e-05
6897.09916047 0.00012953521342893868 5.728757493791216e-05 3.8948167686993144e-05 3.038268640180809e-05 2.4657268669181044e-05 2.1053473443081217e-05
6898.2487728 0.0001306714052694049 5.7996707573986224e-05 3.944452584132287e-05 3.0776818413067166e-05 2.4979519961726872e-05 2.133009732246053e-05
6899.39857674 0.0001303246819715295 5.772037035718657e-05 3.9241766995527616e-05 3.061238415461874e-05 2.484356598974775e-05 2.1211986527203906e-05
6900.54857233 0.0001294082010853352 5.71859870756301e-05 3.886706690916266e-05 3.0312203951029693e-05 2.459782980203192e-05 2.1000833916437893e-05
6901.69875961 0.0001296916105103829 5.738305747951986e-05 3.900951779650667e-05 3.0428445921768122e-05 2.4694199940900866e-05 2.1084504163571795e-05
6902.8491386 0.00013032097431684466 5.772281127961488e-05 3.923898969533596e-05 3.060732120761964e-05 2.4835682466006134e-05 2.1202403758219287e-05
6903.99970933 0.00013040217349061887 5.7848211452726496e-05 3.9321983354811274e-05 3.067057415736268e-05 2.4885440024143515e-05 2.1244175582246234e-05
6905.15047184 0.0001304919312428332 5.806008051290161e-05 3.9495904244589275e-05 3.082342291666183e-05 2.5024236306010468e-05 2.137440706686426e-05
6906.30142617 0.00013060959764394598 5.8018929551457616e-05 3.9471548486300075e-05 3.080975991672948e-05 2.501483560032415e-05 2.1367562993855417e-05
6907.45257233 0.00012910509991282727 5.7052501356241274e-05 3.8790022753713044e-05 3.0264072381777354e-05 2.4564055554237582e-05 2.0977245351335524e-05
6908.60391037 0.00012727680731155935 5.6187481397033404e-05 3.820707414880074e-05 2.981236021911375e-05 2.420749756510103e-05 2.0681947283909467e-05
6909.75544031 0.00012748176779133854 5.6535430023243814e-05 3.847253191554595e-05 3.0039447523143402e-05 2.4408449771865552e-05 2.0866827510171256e-05
6910.90716219 0.00012982844997460024 5.792720523903605e-05 3.943938615975127e-05 3.079925829258876e-05 2.502311560786128e-05 2.1389055126036787e-05
6912.05907604 0.00013023868004689355 5.798542512863714e-05 3.947708655825025e-05 3.082116835387221e-05 2.5035230856438678e-05 2.1394272917074318e-05
6913.21118189 0.00012976848643211526 5.7503713866923875e-05 3.913611216375918e-05 3.054556900907831e-05 2.4805054977893227e-05 2.119259212870511e-05
6914.36347978 0.00012972562071660344 5.74017608965786e-05 3.905607975556199e-05 3.047944902492277e-05 2.4747955345143416e-05 2.1141473730558335e-05
6915.51596973 0.00012767567693539077 5.6145667871292415e-05 3.8160562739173735e-05 2.9760710347419605e-05 2.4156477371134752e-05 2.063210202414395e-05
6916.66865178 0.00012619519325473262 5.546474723210087e-05 3.768567377949542e-05 2.9384851301143353e-05 2.3851951613135127e-05 2.0374550771460342e-05
6917.82152596 0.00012700811226422275 5.610649106231676e-05 3.8143038217533193e-05 2.9752498233630733e-05 2.4152432092543442e-05 2.0632251788001248e-05
6918.9745923 0.00012742048385090996 5.635335664636354e-05 3.8313608523139834e-05 2.9885733665791157e-05 2.4258482755096437e-05 2.0720323458096426e-05
6920.12785083 0.00012955987510773818 5.752045943020318e-05 3.9107256045950735e-05 3.0506410869594294e-05 2.4756197405353035e-05 2.113880255865296e-05
6921.28130159 0.0001306315256669942 5.7974076968938483e-05 3.940020142716472e-05 3.0731224417050814e-05 2.493055470364254e-05 2.1280285525153084e-05
6922.43494461 0.0001308246897451438 5.8099474708667714e-05 3.951057420192138e-05 3.083289527782624e-05 2.5026620520351984e-05 2.1372349112751333e-05
6923.58877992 0.00013079697436912683 5.819962167356189e-05 3.960595090178971e-05 3.0921642727824316e-05 2.5111952906823073e-05 2.1455486634791966e-05
6924.74280755 0.00012975602426375043 5.760071030626665e-05 3.918462890810742e-05 3.058539040227356e-05 2.4836333631044054e-05 2.121912499886453e-05
6925.89702753 0.0001265320857654489 5.538076529567443e-05 3.760759386987815e-05 2.931672688472183e-05 2.3785646996711086e-05 2.0307727806156136e-05
6927.0514399 0.0001248917235219118 5.408299228960754e-05 3.668993991384947e-05 2.8576163055233116e-05 2.317092684845585e-05 1.9772623967145825e-05
6928.20604469 0.00012618124322507447 5.502506352378001e-05 3.737751719101644e-05 2.9137949795885193e-05 2.3644951749440624e-05 2.0190150662558734e-05
6929.36084193 0.00012747975317062678 5.637334258670666e-05 3.8363889026292394e-05 2.995218242550245e-05 2.4338558605689367e-05 2.0807335764207625e-05
6930.51583165 0.00012849210088223065 5.7161838190239164e-05 3.893084450763663e-05 3.0412195631382766e-05 2.4723975183263937e-05 2.1145418476175877e-05
6931.67101388 0.00012962259542130333 5.768054082932732e-05 3.928634380107966e-05 3.0687771324998405e-05 2.4942966765532106e-05 2.13280880429642e-05
6932.82638866 0.00012938821720898496 5.7416300388689726e-05 3.910039026436801e-05 3.053673724579593e-05 2.4816353907315862e-05 2.1216835526829637e-05
6933.98195602 0.0001276116110126383 5.62282198562858e-05 3.826904409364195e-05 2.9869734657148987e-05 2.4267400354757115e-05 2.0742896427351137e-05
6935.13771599 0.0001260151057298438 5.5065356149085445e-05 3.7423926782273216e-05 2.9180120188299436e-05 2.3687897561067454e-05 2.023362124598908e-05
6936.29366861 0.00012798836052918102 5.644835129805748e-05 3.839880961287245e-05 2.996452593627252e-05 2.4334724918156374e-05 2.0793709416868724e-05
6937.44981389 0.00012938001559685439 5.7505897205570695e-05 3.917278554175934e-05 3.059745551835037e-05 2.4866377361553906e-05 2.1261324517998674e-05
6938.60615189 0.00012886469613273595 5.7277186229108e-05 3.9034456754262816e-05 3.0495933061652117e-05 2.4792121142178434e-05 2.1203986911420828e-05
6939.76268262 0.00012882157536780157 5.719835379863317e-05 3.898153456380115e-05 3.0456096628743443e-05 2.4760249079577158e-05 2.1176757421905603e-05
6940.91940613 0.00012957087063651643 5.7688922209497095e-05 3.9311554276018445e-05 3.071376039276004e-05 2.496599021031154e-05 2.1350213825448708e-05
6942.07632243 0.00013028262434558907 5.8395468953671345e-05 3.9823053611794333e-05 3.11296092596063e-05 2.531662692414968e-05 2.166013288603692e-05
6943.23343158 0.00012990656122272866 5.819339155684319e-05 3.9694050346505315e-05 3.103228314439508e-05 2.5242280329364014e-05 2.160048746711179e-05
6944.39073359 0.00012810141163400755 5.6766633433125734e-05 3.8689132525164435e-05 3.022598489655292e-05 2.4577185675015424e-05 2.1024279794221545e-05
6945.5482285 0.00012640798908204168 5.562880674118312e-05 3.788723395856498e-05 2.9582540817831852e-05 2.4047516923550038e-05 2.0567049956841806e-05
6946.70591634 0.0001244335712041214 5.4517684589888135e-05 3.708557568726121e-05 2.893686484031975e-05 2.35120669725202e-05 2.010321161760983e-05
6947.86379715 0.00012576242699059782 5.542580186451443e-05 3.773381462510489e-05 2.946149154288205e-05 2.394798755631833e-05 2.048277435739058e-05
6949.02187095 0.0001283089023007781 5.7190405595400744e-05 3.900747914605113e-05 3.0492646822034253e-05 2.4808669610065516e-05 2.1234658412499245e-05
6950.18013778 0.00012854563237058586 5.746281457904112e-05 3.920953887713816e-05 3.065767032252103e-05 2.494932384604454e-05 2.1359985183704022e-05
6951.33859767 0.0001279499658210379 5.711894318983138e-05 3.896195242846409e-05 3.0458228981133115e-05 2.4783207791370624e-05 2.1215388895927068e-05
6952.49725066 0.00012621233677318326 5.613533919105432e-05 3.827732553728733e-05 2.9916586941587685e-05 2.434111137392547e-05 2.0837168519741958e-05
6953.65609677 0.00012538459238032953 5.541544494639634e-05 3.7758262853491956e-05 2.9496040470342772e-05 2.3990858048360136e-05 2.0530852857328835e-05
6954.81513604 0.00012688459421321763 5.59179461670892e-05 3.809519470669579e-05 2.975547943755619e-05 2.4194852034894718e-05 2.069814033543992e-05
6955.97436849 0.00012735098720887325 5.606633729928033e-05 3.8200817331875195e-05 2.984040937000677e-05 2.426399345141157e-05 2.0757014542181286e-05
6957.13379417 0.0001270270532446602 5.637472815478793e-05 3.84418741704435e-05 3.00459026344561e-05 2.444714514534409e-05 2.092733376381441e-05
6958.2934131 0.0001269734889695386 5.680654792623889e-05 3.8757873332813444e-05 3.030877789329991e-05 2.4673033244144842e-05 2.113085701480168e-05
6959.45322532 0.00012777623502093405 5.725480510420757e-05 3.906947979618293e-05 3.055291210548939e-05 2.4869872601826627e-05 2.1297576737109296e-05
6960.61323085 0.00012852787131354489 5.761942152453549e-05 3.932399946548369e-05 3.075317816760504e-05 2.503098864837135e-05 2.143367026616645e-05
6961.77342974 0.0001284479832264928 5.765634713271408e-05 3.936084393423352e-05 3.0787679657420386e-05 2.5063244669309122e-05 2.1465069290619593e-05
6962.93382201 0.0001286481135302643 5.7785921453984895e-05 3.9457562366928705e-05 3.0864783420740174e-05 2.512463938624013e-05 2.1517350808586516e-05
6964.09440769 0.0001273697492932112 5.6909203906087666e-05 3.883305554076368e-05 3.036270065178272e-05 2.4708188725406252e-05 2.115563681994797e-05
6965.25518682 0.00012659442083955637 5.6496063746116034e-05 3.8545208400275035e-05 3.013465170517768e-05 2.4521549021930116e-05 2.0996209833438585e-05
6966.41615943 0.00012779170339292505 5.7388238407258284e-05 3.918214060690157e-05 3.064952938025292e-05 2.4949165832568507e-05 2.1368734416833543e-05
6967.57732555 0.00012755581732809744 5.714176709312248e-05 3.9018178708746726e-05 3.051966278692945e-05 2.484480138404653e-05 2.1279520661357996e-05
6968.73868522 0.0001285550267059549 5.766659521171293e-05 3.938322607525206e-05 3.0808194725537765e-05 2.5078936541512212e-05 2.1478718623743256e-05
6969.90023846 0.00012972734241758593 5.863441983948358e-05 4.00735706303841e-05 3.136647573054739e-05 2.5543559092919845e-05 2.1885140064931697e-05
6971.06198531 0.00012923722765235084 5.830089078289725e-05 3.982997317654253e-05 3.116577384372447e-05 2.5373069972197188e-05 2.173420072962196e-05
6972.2239258 0.00012720706168820817 5.673431504338573e-05 3.871645542854405e-05 3.026511492189855e-05 2.4625377089478037e-05 2.1082488928138606e-05
6973.38605996 0.00012685013505271247 5.65006964464846e-05 3.8552364111274076e-05 3.0133339205269e-05 2.4518969488996168e-05 2.099184851614173e-05
6974.54838783 0.00012851831578628015 5.782969330982494e-05 3.9488759914142414e-05 3.089046846314186e-05 2.5145839243331616e-05 2.1537380203907173e-05
6975.71090943 0.00012831575606818085 5.793064355355395e-05 3.959591468212962e-05 3.099433876842367e-05 2.5244695314715636e-05 2.163369984291776e-05
6976.87362481 0.00012665137240834242 5.691296217489532e-05 3.890110667665901e-05 3.0446291259929013e-05 2.4800475322960065e-05 2.125539114987731e-05
6978.03653398 0.00012530020573915237 5.613092657561814e-05 3.834399582498118e-05 3.0002274537553395e-05 2.4435888684535695e-05 2.0942321362565262e-05
6979.199637 0.00012241503843281375 5.404846998362907e-05 3.6835929000510487e-05 2.8774175925919485e-05 2.3405792329325912e-05 2.003890987870995e-05
6980.36293387 0.00011879695394007336 5.120007608513262e-05 3.477307001587427e-05 2.7095617344832925e-05 2.1996966325587556e-05 1.880192935307316e-05
6981.52642465 0.00012149546812754194 5.289336027787751e-05 3.598510899197048e-05 2.8074344638352388e-05 2.280764914411825e-05 1.9505620997164794e-05
6982.69010936 0.00012627223584575823 5.612264480746383e-05 3.829382211458431e-05 2.99351998003104e-05 2.43537018289096e-05 2.0850047086903406e-05
6983.85398803 0.00012792791477383118 5.741394387823896e-05 3.923642553435116e-05 3.070459470587317e-05 2.5002809583494206e-05 2.142209023122941e-05
6985.0180607 0.00012838303527399518 5.786023948633119e-05 3.956219075874571e-05 3.097456663035628e-05 2.5231119919174447e-05 2.1624692381699875e-05
6986.1823274 0.0001284646314381287 5.801192043743621e-05 3.967090222409045e-05 3.1060818360709884e-05 2.5302636819040666e-05 2.168717097731404e-05
6987.34678815 0.0001285059469502228 5.828724670014791e-05 3.9893765540072285e-05 3.1250189840893426e-05 2.5468091201467718e-05 2.1838362425778628e-05
6988.511443 0.00012846687358624697 5.8261975224996756e-05 3.985639856339173e-05 3.1212740045142556e-05 2.543194662333161e-05 2.180303191776686e-05
6989.67629198 0.00012797891027242845 5.770152023846343e-05 3.9411887368000754e-05 3.08346177797735e-05 2.5103449043856976e-05 2.1505328171655308e-05
6990.84133511 0.0001269603973665987 5.658321134980886e-05 3.859166424349546e-05 3.0161315242772195e-05 2.4534880941027692e-05 2.100157376269174e-05
6992.00657243 0.00012748252120991697 5.6472826201207605e-05 3.8518116910171424e-05 3.0109904623864183e-05 2.449308087068306e-05 2.0964740747340878e-05
6993.17200398 0.0001284195742157143 5.731958288894813e-05 3.9127431303931114e-05 3.060828707484367e-05 2.4909686728698008e-05 2.133060204109399e-05
6994.33762978 0.0001284960163732898 5.802806393388719e-05 3.965490277165622e-05 3.1043844681856e-05 2.5284046670763713e-05 2.1667292705577303e-05
6995.50344987 0.00012769047287779887 5.7656217888889614e-05 3.9403817117426505e-05 3.084587922628164e-05 2.51256236873532e-05 2.1533912530722327e-05
6996.66946427 0.00012639302460467855 5.671846917017762e-05 3.873608349565244e-05 3.0305413872763032e-05 2.467599860043775e-05 2.114183409241592e-05
6997.83567303 0.00012685310301688882 5.684857522978287e-05 3.8813052111557124e-05 3.0362661451616897e-05 2.4717093425060532e-05 2.1173070751341664e-05
6999.00207618 0.0001267552668983598 5.675971273648898e-05 3.876556532248978e-05 3.0331909377896815e-05 2.4694956048083393e-05 2.1156264507839e-05
7000.16867374 0.00012591854777807993 5.672157330883696e-05 3.8791922495206615e-05 3.0375873867525518e-05 2.4750580117853452e-05 2.1218528527542067e-05
7001.33546574 0.00012362034300306566 5.534771925986142e-05 3.7826686909574286e-05 2.9603484949398873e-05 2.4117016822904736e-05 2.0673084978805937e-05
7002.50245224 0.00012342091640680857 5.5057710315268204e-05 3.760429749621117e-05 2.941331768745871e-05 2.395155848791459e-05 2.0524655432838244e-05
7003.66963324 0.0001253576221601981 5.6380300675181976e-05 3.852618179599797e-05 3.014581315808621e-05 2.455080356562688e-05 2.1038814384995188e-05
7004.83700879 0.0001261163842250153 5.7010047438834224e-05 3.8974099631003896e-05 3.0514302025585303e-05 2.4862529425761057e-05 2.1314260529649418e-05
7006.00457892 0.00012440210006146334 5.571113685122132e-05 3.807388983789975e-05 2.980610487790179e-05 2.4286128196855425e-05 2.0821045794769943e-05
7007.17234366 0.00012233523506256132 5.454540115969128e-05 3.726450271232325e-05 2.9169415694462608e-05 2.376838320370973e-05 2.0379795294118097e-05
7008.34030305 0.00012324518840177255 5.523806191975825e-05 3.7745485493282687e-05 2.954721838765537e-05 2.4076244962185703e-05 2.0644321830517606e-05
7009.50845711 0.0001254345111829071 5.618824435439527e-05 3.838873128452909e-05 3.0043953226642737e-05 2.4469729413454518e-05 2.0972146798955745e-05
7010.67680588 0.00012650169635763833 5.67568544063981e-05 3.879186967715588e-05 3.0364277191423328e-05 2.4729863408770552e-05 2.1194118962933607e-05
7011.84534939 0.00012549967762287188 5.629633301626571e-05 3.848940075427185e-05 3.013083672896421e-05 2.454457300545101e-05 2.104007756369567e-05
7013.01408767 0.00012350292864049742 5.5084909898940715e-05 3.763583386744885e-05 2.945287370355529e-05 2.3990649705064226e-05 2.0565157226468323e-05
7014.18302076 0.0001255011145081873 5.668256787696121e-05 3.878528829316309e-05 3.038447994382429e-05 2.4770259804513703e-05 2.1248261732228613e-05
7015.35214869 0.0001279198349468933 5.820175090931574e-05 3.985510881021317e-05 3.12354099125728e-05 2.5468390677976265e-05 2.1848611845182387e-05
7016.52147149 0.00012618070441841418 5.6693354709765094e-05 3.875943879501716e-05 3.033870651681267e-05 2.471555472509248e-05 2.118539435230193e-05
7017.69098919 0.00012062171602097414 5.311972133332341e-05 3.6228357488049525e-05 2.830826005502941e-05 2.303858389082091e-05 1.973310870282572e-05
7018.86070183 0.0001188536754680376 5.2575263740113235e-05 3.588821154628194e-05 2.8063235771239685e-05 2.2857993927758265e-05 1.9595059161192907e-05
7020.03060943 0.00012404415244825556 5.6095409442751226e-05 3.838753373218269e-05 3.0073631180750435e-05 2.4523579355085477e-05 2.104161033435093e-05
7021.20071204 0.00012751278524008325 5.8088116172911253e-05 3.978500485842481e-05 3.118352049348075e-05 2.5431155433183378e-05 2.1820121474801936e-05
7022.37100968 0.00012791341212159773 5.832381232370426e-05 3.9954154464585095e-05 3.131889964375812e-05 2.5541373357861502e-05 2.1914657120465037e-05
7023.54150239 0.00012652047658979904 5.753467892588568e-05 3.9394171009647885e-05 3.08723522936461e-05 2.517187653356418e-05 2.1595184383827707e-05
7024.71219019 0.00012273406602913812 5.509871610109357e-05 3.765290810432421e-05 2.947125497567959e-05 2.401256193279915e-05 2.058969815209477e-05
7025.88307313 0.0001208896949234891 5.384846290351137e-05 3.6771330245715476e-05 2.876287356230541e-05 2.343114106388883e-05 2.008812714219329e-05
7027.05415123 0.00012312221552014888 5.51541303072764e-05 3.769637618229589e-05 2.9501910672195474e-05 2.4039224439087806e-05 2.0612032052321814e-05
7028.22542452 0.0001260778209525813 5.687136910267315e-05 3.8915089917790135e-05 3.0480605543870502e-05 2.4843411618262037e-05 2.1304686829685422e-05
7029.39689305 0.00012509196258515644 5.605422488673234e-05 3.833666354831034e-05 3.0020538764510192e-05 2.4464799808324728e-05 2.0977324943702377e-05
7030.56855683 0.00012203677789678824 5.4308280004113085e-05 3.71115640363099e-05 2.9043881923331046e-05 2.3665984865016774e-05 2.0292026753471666e-05
7031.74041591 0.00012245783106804606 5.48791411945418e-05 3.7531161590497693e-05 2.938614440106956e-05 2.3954216216834267e-05 2.0546832589119613e-05
7032.91247031 0.0001243474451886288 5.611882976090024e-05 3.8415832592230014e-05 3.0095751925314807e-05 2.4539250006768817e-05 2.1052541065813272e-05
7034.08472008 0.00012542079661372927 5.681688759299236e-05 3.8921623229409685e-05 3.0507710845013502e-05 2.488227110938918e-05 2.1351510881737145e-05
7035.25716523 0.00012556975598035445 5.6981299761007055e-05 3.904596270694767e-05 3.061692597320128e-05 2.49771305673192e-05 2.1437224165058553e-05
7036.42980581 0.000124005852610059 5.656370775196955e-05 3.879625111342019e-05 3.0447048981865322e-05 2.4859274378804057e-05 2.1353626072199712e-05
7037.60264184 0.00012544250296219722 5.746678633930983e-05 3.9428503509417966e-05 3.095228492114217e-05 2.5273885960723723e-05 2.1710832827539815e-05
7038.77567337 0.00012601029965616007 5.75477643782153e-05 3.9469829062776524e-05 3.097070636186524e-05 2.5280288836260345e-05 2.1708900662633283e-05
7039.94890041 0.00012236906172575167 5.4830520847323985e-05 3.751549233464462e-05 2.9384229508403735e-05 2.395904536367933e-05 2.0554678061021285e-05
7041.12232301 0.00012304631571821584 5.514282138445797e-05 3.772905943611546e-05 2.9550558474077283e-05 2.4090534543599673e-05 2.0663582790127218e-05
7042.2959412 0.0001271273113094502 5.8220405266782625e-05 3.992990575924096e-05 3.13274143070854e-05 2.5567004120920477e-05 2.1949755375572472e-05
7043.469755 0.00012872461347938896 5.9545308166582516e-05 4.0859408382472014e-05 3.207136046960037e-05 2.6181553681561214e-05 2.248210409328262e-05
7044.64376446 0.00012864274186993245 5.965249012269758e-05 4.0951338459338337e-05 3.215191663681772e-05 2.6253414922519433e-05 2.254875659651783e-05
7045.8179696 0.00012713107415257143 5.865642035613116e-05 4.026938147096782e-05 3.161218142661601e-05 2.5815637070678074e-05 2.2175132190185397e-05
7046.99237046 0.00012537857011504563 5.734485089886818e-05 3.934950927563031e-05 3.087325353565931e-05 2.5209104475927254e-05 2.165050572596359e-05
7048.16696707 0.00012586476422208768 5.769349458532623e-05 3.95961937511451e-05 3.1072714151457504e-05 2.5373893275168596e-05 2.1792946371045546e-05
7049.34175946 0.00012731473245098643 5.8796902990416176e-05 4.036833290872872e-05 3.169148794863594e-05 2.588165064682896e-05 2.2230929179176735e-05
7050.51674767 0.0001282846981229647 5.962043549392742e-05 4.096111121062007e-05 3.2172280047254446e-05 2.627949810122555e-05 2.2577036478114106e-05
7051.69193172 0.0001279550875423128 5.925681153564857e-05 4.070100113223936e-05 3.19631726061955e-05 2.610304787795314e-05 2.242095104569831e-05
7052.86731166 0.00012653259259687538 5.812950503377187e-05 3.990473217588309e-05 3.132272098768811e-05 2.5572960030799366e-05 2.195978082169471e-05
7054.0428875 0.00012245630357791322 5.524366507530219e-05 3.784289616906701e-05 2.9650299845351523e-05 2.418422094295791e-05 2.0748875013040027e-05
7055.2186593 0.00012006118255487463 5.2804933186390674e-05 3.602828586738925e-05 2.8156313733090776e-05 2.2912834752972386e-05 1.9615394318896777e-05
7056.39462707 0.00012274809492740483 5.326135259738342e-05 3.6216331675931654e-05 2.8266473789655268e-05 2.294707532888139e-05 1.959728957393241e-05
7057.57079085 0.00012536224808812614 5.47575456435343e-05 3.721276387164208e-05 2.904964809740816e-05 2.357405484413744e-05 2.012381732043085e-05
7058.74715068 0.0001258756241301986 5.567486778595891e-05 3.789436870680431e-05 2.9607491650968736e-05 2.4054070222434835e-05 2.0554945438383435e-05
7059.92370658 0.0001238094975156893 5.473608432270269e-05 3.727926595190306e-05 2.9134627622125257e-05 2.368807367651833e-05 2.0257091524663458e-05
7061.10045859 0.00012090149180867634 5.290706206018183e-05 3.598770196945669e-05 2.8101426242871566e-05 2.2835902203588267e-05 1.9519555126262308e-05
7062.27740674 0.00012075969643670606 5.253496037582989e-05 3.568870662618482e-05 2.7842372875548375e-05 2.2602642347467027e-05 1.9301820688264062e-05
7063.45455107 0.00012319249833527392 5.393714419535888e-05 3.666848395511084e-05 2.8620633928650198e-05 2.323795600950829e-05 1.9845470610602768e-05
7064.6318916 0.00012342342432846633 5.4139425653866786e-05 3.6822012620380185e-05 2.8743895186263356e-05 2.3344181210676688e-05 1.9939961340493396e-05
7065.80942838 0.0001240990335616403 5.4644168230316885e-05 3.7183121300654416e-05 2.903761699537245e-05 2.3588613938400852e-05 2.0153238275835838e-05
7066.98716142 0.0001248929616580632 5.503069994247602e-05 3.745913494893941e-05 2.9262085216813205e-05 2.3772619945433505e-05 2.0311369442956268e-05
7068.16509077 0.0001235895191965733 5.436819831873116e-05 3.701792027726969e-05 2.8917047565018087e-05 2.3499977260329385e-05 2.0083750681214954e-05
7069.34321646 0.000119738541884075 5.235169108567456e-05 3.5617521804934075e-05 2.7803964457752524e-05 2.2596717895701915e-05 1.9314267303975295e-05
7070.52153852 0.00011746101675049546 5.0917419123180844e-05 3.460035642505279e-05 2.69889348690569e-05 2.192302716297017e-05 1.8731192297529646e-05
7071.70005699 0.00012122757808856408 5.317985257889356e-05 3.6187976057552136e-05 2.825623350582516e-05 2.2958584572502885e-05 1.9619258603215332e-05
7072.87877189 0.00012284665592655954 5.460315888658888e-05 3.7209729076560194e-05 2.9083570007175713e-05 2.3648870340925206e-05 2.0222852711052254e-05
7074.05768326 0.00012217322983197845 5.447218905731273e-05 3.7137157032177274e-05 2.903352317723601e-05 2.3618258310384753e-05 2.0204661720864794e-05
7075.23679113 0.0001234678414306208 5.5222963144671955e-05 3.766705897741747e-05 2.9454125180745943e-05 2.3962803376566158e-05 2.0499699070622534e-05
7076.41609553 0.0001243132226199338 5.5765720905012924e-05 3.805382898955413e-05 2.976252836153295e-05 2.4215767223051208e-05 2.071638380691698e-05
7077.5955965 0.0001241347856900271 5.569899118000745e-05 3.801734338037796e-05 2.97348530309999e-05 2.4195051474419617e-05 2.0699412812592587e-05
7078.77529407 0.00012417536340024403 5.578258299743654e-05 3.808309150004628e-05 2.979068944769549e-05 2.4243570738132812e-05 2.0743369179098947e-05
7079.95518828 0.00012426269823157101 5.5959357917403686e-05 3.8206836924576056e-05 2.989177132919512e-05 2.4327164906928783e-05 2.0817056361319353e-05
7081.13527915 0.0001238681261544795 5.579549378776374e-05 3.809029438251666e-05 2.9798675549507872e-05 2.4251014286830395e-05 2.075215401693549e-05
7082.31556672 0.0001243873221041946 5.6249553078919546e-05 3.841612785532371e-05 3.0063338987513664e-05 2.4473533121056474e-05 2.0948049182355732e-05
7083.49605101 0.00012341940954986865 5.576245796681432e-05 3.8091649701576676e-05 2.9810800825373518e-05 2.4273532284712407e-05 2.0781488459883702e-05
7084.67673208 0.00012075098111113913 5.395148649407433e-05 3.6815724980937655e-05 2.8788532117758354e-05 2.343109715474997e-05 2.005281244758297e-05
7085.85760994 0.00011726733996358203 5.14087482350705e-05 3.4988864482029884e-05 2.7308003120850736e-05 2.219597660046034e-05 1.8973886843851003e-05
7087.03868462 0.00011634067044436382 5.0731974616514595e-05 3.4487024671482756e-05 2.6891628772464417e-05 2.1842499612845248e-05 1.866095443125907e-05
7088.21995617 0.00011903830763848212 5.241048404807985e-05 3.5679221646823476e-05 2.7857720626631184e-05 2.2638490786188253e-05 1.934720773144085e-05
7089.40142462 0.00012041266917651734 5.243738154208704e-05 3.566498359804704e-05 2.7844627872836134e-05 2.2600319804948054e-05 1.9289496599500655e-05
7090.58308999 0.00012151214281030538 5.2516349534440505e-05 3.5677047860767654e-05 2.7837165374143312e-05 2.2570924412266565e-05 1.924469836718229e-05
7091.76495233 0.00012020835145101067 5.198236322045566e-05 3.530074473559636e-05 2.7530380796697295e-05 2.2326466215881445e-05 1.9041297763800866e-05
7092.94701166 0.00011944871484168412 5.1986576616837706e-05 3.532735468542993e-05 2.7556483747239523e-05 2.2363403688925183e-05 1.90859230356059e-05
7094.12926801 0.00011990417419287357 5.2373058617516956e-05 3.561600103436684e-05 2.779069086622455e-05 2.256081847860132e-05 1.925881970254574e-05
7095.31172142 0.00012049890313391415 5.253808698099637e-05 3.572966305903208e-05 2.7881102779742843e-05 2.2629306411142698e-05 1.931212510954348e-05
7096.49437193 0.00012160553644635008 5.305368126122295e-05 3.608342666849209e-05 2.8166428106805225e-05 2.2861330224423053e-05 1.951069660469737e-05
7097.67721956 0.00012152990875366499 5.29969984159575e-05 3.6041812958143826e-05 2.813533462156124e-05 2.2837145044545512e-05 1.949148381591593e-05
7098.86026434 0.00012159735303826371 5.2920388664908595e-05 3.5978907102057524e-05 2.807674728742754e-05 2.2782393447483814e-05 1.9439672260300038e-05
7100.04350632 0.00012134005441179473 5.2722452620196864e-05 3.583737712752304e-05 2.7957471044908523e-05 2.268005420938428e-05 1.9348044112476748e-05
7101.22694552 0.00012115687212271961 5.303432887810107e-05 3.608452172008534e-05 2.8166587959284013e-05 2.286338395471075e-05 1.9513854987546068e-05
7102.41058198 0.00012104630520897388 5.3146340756003115e-05 3.6178074075077606e-05 2.8248627441834303e-05 2.2937679976283366e-05 1.9582606917359753e-05
7103.59441573 0.00012108001072900834 5.279496028031075e-05 3.592184330093942e-05 2.80387838553825e-05 2.27622369568509e-05 1.9429227195070296e-05
7104.7784468 0.00012098921418772031 5.225449549260054e-05 3.5530546817674284e-05 2.7720855335576654e-05 2.249300759514407e-05 1.9191238020969064e-05
7105.96267522 0.00012191064238378961 5.3077789424965745e-05 3.611471200223181e-05 2.8194748049495755e-05 2.2887074332180266e-05 1.953509474328321e-05
7107.14710103 0.00012228191059149274 5.3873920083555566e-05 3.668932049022893e-05 2.866125099961036e-05 2.3281542335340922e-05 1.9884167115090278e-05
7108.33172427 0.00012003614242064414 5.2765255656570404e-05 3.592698759712912e-05 2.8054485973070097e-05 2.279261627730146e-05 1.947012524699048e-05
7109.51654495 0.00011826476401766098 5.191698633327355e-05 3.5346791884788615e-05 2.759452431997145e-05 2.242225389192615e-05 1.9156813268446288e-05
7110.70156313 0.00011957646672615613 5.2720327622989356e-05 3.5921318970135614e-05 2.8059665887775963e-05 2.2803848309746066e-05 1.948454252806096e-05
7111.88677882 0.00011909787927050671 5.222477358332111e-05 3.556265881296419e-05 2.7767720410418444e-05 2.255590105834484e-05 1.9264047629773773e-05
7113.07219206 0.00011648152785050809 5.074902740117252e-05 3.453086968152342e-05 2.694297912446191e-05 2.1874600319859227e-05 1.8672988765942264e-05
7114.25780289 0.00011610296769578512 5.09952920999925e-05 3.474287271679049e-05 2.713032659082635e-05 2.2040642973799443e-05 1.8824356277311294e-05
7115.44361134 0.00011719538873642237 5.2034760958491196e-05 3.5497938791219603e-05 2.7744684494123654e-05 2.2556310560289635e-05 1.927701477740736e-05
7116.62961744 0.00011745170362371559 5.22223298911311e-05 3.5627182828605164e-05 2.784575163009904e-05 2.2638846895742312e-05 1.9347725276273802e-05
7117.81582123 0.000118006781592292 5.2770208310056316e-05 3.603860978846763e-05 2.8188269303183698e-05 2.2932873765317017e-05 1.9610994985785302e-05
7119.00222273 0.00011838136269240353 5.3077141003809716e-05 3.626781721358028e-05 2.8377643537706285e-05 2.3097907610800707e-05 1.97613761290677e-05
7120.18882198 0.00011881183706213546 5.3060928553182726e-05 3.6231154394751906e-05 2.8335804923535874e-05 2.3057195595673602e-05 1.9722562786237794e-05
7121.37561901 0.00011873875094088056 5.297125535773866e-05 3.6170838809705743e-05 2.828391546073098e-05 2.301292822778697e-05 1.9682628983099673e-05
7122.56261386 0.00011847752012772246 5.278275176161709e-05 3.60216525832797e-05 2.8159628404039883e-05 2.2907532055720275e-05 1.9590574607462686e-05
7123.74980656 0.00011643653972454416 5.1645157510058095e-05 3.52017664824427e-05 2.7502780975138866e-05 2.236589097875142e-05 1.912479936030874e-05
7124.93719714 0.00011752377411670458 5.20468901356915e-05 3.547486917466042e-05 2.771652460828858e-05 2.2536258598014756e-05 1.9267138729866855e-05
7126.12478564 0.00012068945701685403 5.3186214361504576e-05 3.624036617928571e-05 2.831408519412139e-05 2.300646698845652e-05 1.965414496464076e-05
7127.31257208 0.00012073275894223089 5.208129418837915e-05 3.53943894450459e-05 2.7612111900209787e-05 2.238849897197039e-05 1.9087071829299445e-05
7128.50055651 0.00011965348972081123 5.107615249080231e-05 3.4656402096094114e-05 2.7009853609495898e-05 2.1876727653131694e-05 1.8632201225883453e-05
7129.68873894 0.00011907035522881957 5.120327544429067e-05 3.476376441658799e-05 2.710335271813815e-05 2.1967475761422434e-05 1.8722416943363957e-05
7130.87711943 0.00011832021414523971 5.1015451029318066e-05 3.465213625750475e-05 2.7022013140828987e-05 2.191239058428442e-05 1.8684623127494126e-05
7132.065698 0.00011565943342777898 4.935380736419231e-05 3.348793392906608e-05 2.6093163172198747e-05 2.1148774776558785e-05 1.8026393294524464e-05
7133.25447467 0.0001150660584988042 4.891057941272131e-05 3.3164991854347504e-05 2.583429415525461e-05 2.092882522765451e-05 1.783122830678625e-05
7134.4434495 0.0001171542570721677 5.0160589827221306e-05 3.4034420167773485e-05 2.6526175437608732e-05 2.1494763516553056e-05 1.8316858644882913e-05
7135.6326225 0.00011878320893619525 5.128779167006813e-05 3.4830696004387835e-05 2.7163443033191334e-05 2.2021503266090712e-05 1.8773189848916977e-05
7136.82199372 0.00011972158764250063 5.1881818093137694e-05 3.5260002820879473e-05 2.750677122290502e-05 2.2305444200215057e-05 1.9018171754206377e-05
7138.01156318 0.00011990020427072653 5.191160608298173e-05 3.527919247898468e-05 2.7519120237558136e-05 2.2313257572614507e-05 1.9022824008594012e-05
7139.20133092 0.00012098224672239775 5.2557619161394523e-05 3.572325824217618e-05 2.787555516062752e-05 2.2603029954351584e-05 1.9271451596800423e-05
7140.39129696 0.00011998136321012752 5.1725618589844614e-05 3.513286221189646e-05 2.739448154252563e-05 2.2201833059689848e-05 1.8920614490257037e-05
7141.58146136 0.00011866985330593646 5.099148483420509e-05 3.463314264871236e-05 2.699372158488973e-05 2.1878873388934572e-05 1.8645973641092065e-05
7142.77182413 0.0001192899120205959 5.186057387959477e-05 3.5261972984346914e-05 2.7514808268857454e-05 2.2321600609695074e-05 1.9040088946711904e-05
7143.96238531 0.00011877401219120616 5.185856489058581e-05 3.526800325583832e-05 2.753025459965468e-05 2.2342673572735847e-05 1.906614522109814e-05
7145.15314494 0.00011885395540426531 5.1860830748897694e-05 3.526960486730244e-05 2.7527504998465726e-05 2.2339181633437946e-05 1.9061951624931524e-05
7146.34410304 0.00011912988636941243 5.20019476345238e-05 3.536356645253672e-05 2.7597601658422628e-05 2.2393651204197897e-05 1.9106486650956098e-05
7147.53525965 0.00011871353725195455 5.180464444450199e-05 3.5211893812434635e-05 2.7470859347662294e-05 2.228384659813951e-05 1.9008229066890532e-05
7148.7266148 0.00011716055429416844 5.0988894568825924e-05 3.461080905118853e-05 2.69749408095443e-05 2.1858239010952146e-05 1.8628633736094142e-05
7149.91816853 0.00011217768187762395 4.8171392720463066e-05 3.259685401131633e-05 2.5344266628580844e-05 2.0496147802328097e-05 1.7439009819444998e-05
7151.10992087 0.0001140750221726469 4.9105969644029374e-05 3.327836933864783e-05 2.589907831760131e-05 2.096631679260519e-05 1.7853628316226423e-05
7152.30187185 0.00011799903353564175 5.1305735682219345e-05 3.487460259199667e-05 2.719961000940432e-05 2.206302303506481e-05 1.8818290134110007e-05
7153.4940215 0.00011912363925370831 5.206935814688581e-05 3.5429735491306946e-05 2.7656012294315862e-05 2.24491582821273e-05 1.915965794359993e-05
7154.68636987 0.00011991645642036881 5.260447615251604e-05 3.5807100316672454e-05 2.796065319699696e-05 2.270104281791551e-05 1.937879033769562e-05
7155.87891697 0.00011869161176077265 5.1707935095298405e-05 3.518451661328383e-05 2.745934185607694e-05 2.2289949327053088e-05 1.9024592100629864e-05
7157.07166285 0.00011654850574214763 5.0594473731059626e-05 3.442267824001891e-05 2.6854142526716138e-05 2.180286724574206e-05 1.8611992193370302e-05
7158.26460754 0.00011819728216946289 5.199523480133312e-05 3.540710520052116e-05 2.7648480081694647e-05 2.2459514641285228e-05 1.918253813329683e-05
7159.45775106 0.00012024069851575805 5.313324732494205e-05 3.6187122939848634e-05 2.8269857536017422e-05 2.296167739138531e-05 1.9609636010762026e-05
7160.65109346 0.00011958772743432864 5.221571251398653e-05 3.551972187373497e-05 2.7724976508258102e-05 2.249987013461691e-05 1.9199542746158997e-05
7161.84463477 0.00011889879724378782 5.154460089749033e-05 3.50464875897642e-05 2.7341471210791094e-05 2.217987604648654e-05 1.891898267075638e-05
7163.03837502 0.0001186193533491351 5.1752309925243945e-05 3.521204475566199e-05 2.748323017349066e-05 2.230747790012204e-05 1.9038304709882837e-05
7164.23231424 0.00011863132213819123 5.223015349218585e-05 3.555856605874849e-05 2.7772464620438783e-05 2.2556542585058157e-05 1.9263717652650934e-05
7165.42645247 0.00011552558157234569 5.072591043537433e-05 3.4519553304398256e-05 2.6956828439868213e-05 2.189804686096461e-05 1.870641344169084e-05
7166.62078974 0.00011036661355926085 4.805796249551837e-05 3.2685981960577266e-05 2.55194261655888e-05 2.0737923402210105e-05 1.7723131008155434e-05
7167.81532608 0.00011320758780726383 4.955017687578406e-05 3.373441689018924e-05 2.6353501171689828e-05 2.142057774642705e-05 1.8308344128663626e-05
7169.01006152 0.00011883696513975055 5.248023333989348e-05 3.5754150719426106e-05 2.7941317268129444e-05 2.2704427003826356e-05 1.939835753642855e-05
7170.20499611 0.00012086844914230293 5.341069994811591e-05 3.638534570004061e-05 2.8434470250269425e-05 2.3098188116148782e-05 1.972935559408521e-05
7171.40012987 0.00012042613134189777 5.294064051463174e-05 3.605274669495053e-05 2.8164110767173357e-05 2.287372994558432e-05 1.953367797527648e-05
7172.59546283 0.00012019059696747994 5.299982370839353e-05 3.610685238704687e-05 2.821001310821115e-05 2.29185592922522e-05 1.957741226302093e-05
7173.79099503 0.00012106167771802314 5.3736335117532874e-05 3.662327771898732e-05 2.862640193315468e-05 2.326188371554132e-05 1.9875281330787515e-05
7174.98672651 0.00012131140449059882 5.399476270582399e-05 3.6806095745838415e-05 2.877418450019847e-05 2.3385107992995155e-05 1.9983598002909356e-05
7176.18265729 0.0001206889458926353 5.363175258346475e-05 3.655201580199869e-05 2.8570551365908797e-05 2.32193576787021e-05 1.9842014095221322e-05
7177.3787874 0.00011845057447042818 5.23823306183184e-05 3.56767173252379e-05 2.7870195818392655e-05 2.2647618821251825e-05 1.9352551733720706e-05
7178.57511689 0.00011721277249640753 5.17618301722901e-05 3.524659574446692e-05 2.752977458110977e-05 2.2372152254452378e-05 1.911911293023179e-05
7179.77164579 0.00011938739385300213 5.3099566234836276e-05 3.618639482639794e-05 2.8282806325435895e-05 2.298977136321458e-05 1.9650782629890978e-05
7180.96837412 0.00011890253440822019 5.263912883446303e-05 3.5845790793320726e-05 2.7997501539167188e-05 2.2745884131713953e-05 1.9433005748690015e-05
7182.16530192 0.00011464215479095518 4.996343613311027e-05 3.3955440982301486e-05 2.647734513836662e-05 2.149238628236681e-05 1.834933282461766e-05
7183.36242923 0.00011231725743110554 4.8827492014022425e-05 3.318277536801819e-05 2.5878624195592276e-05 2.101565848827634e-05 1.795087326910676e-05
7184.55975608 0.0001162742508454611 5.1406541290736756e-05 3.5009860842708555e-05 2.735295795278446e-05 2.223469507383491e-05 1.9008013307068915e-05
7185.75728249 0.00011936996794710643 5.3474149857498565e-05 3.648050203658454e-05 2.8537405486919142e-05 2.32162705168231e-05 1.9860594193574375e-05
7186.95500851 0.00011807093983535186 5.2817100232916964e-05 3.603221730093785e-05 2.8183952239936297e-05 2.2932774304444994e-05 1.9621568936441094e-05
7188.15293417 0.00011525332089003628 5.1116537781394025e-05 3.482470673009529e-05 2.7209937768586674e-05 2.212204922961351e-05 1.891558376574069e-05
7189.3510595 0.00011164960451948151 4.867470215324968e-05 3.308596908145771e-05 2.5804024787507142e-05 2.0949276487562048e-05 1.78916462550265e-05
7190.54938454 0.00011301913796619197 4.878081455713902e-05 3.31258578308795e-05 2.5812256007315464e-05 2.0938162435820998e-05 1.786723405210572e-05
7191.74790931 0.0001146265543365654 4.970664091506062e-05 3.3769605024884625e-05 2.632326256662423e-05 2.136008698606684e-05 1.8232162522272344e-05
7192.94663385 0.0001159155117643135 5.1008112438214735e-05 3.4717645902523076e-05 2.7103355453448964e-05 2.2021338167777104e-05 1.8817991298628862e-05
7194.1455582 0.00011434170093108167 5.048417619989823e-05 3.438807245979988e-05 2.6863201524116544e-05 2.184368790060463e-05 1.86803584507135e-05
7195.34468238 0.00011307812884169335 4.996176223728289e-05 3.4048467482829286e-05 2.6608214301309252e-05 2.164840486755982e-05 1.8523211947630116e-05
7196.54400644 0.00011599296597943534 5.1611737425947364e-05 3.520272617309151e-05 2.75279278435712e-05 2.2400905475401255e-05 1.9169173715426493e-05
7197.7435304 0.00011789661945370499 5.243943085719952e-05 3.5740159211793976e-05 2.7937891502358766e-05 2.2718905861899745e-05 1.9429196499419746e-05
7198.94325429 0.0001169924869008243 5.1368874789513146e-05 3.493773824990938e-05 2.7273959586277993e-05 2.2150452224892814e-05 1.892131806901547e-05
7200.14317816 0.00011825153994818454 5.191190731180693e-05 3.531919313138978e-05 2.7577387359824467e-05 2.2394115465045595e-05 1.912513908454354e-05
7201.34330203 0.0001191551319472706 5.272211426917251e-05 3.5918301312274126e-05 2.8066287937369652e-05 2.2808207803379053e-05 1.949099148634549e-05
7202.54362594 0.00011854561806349104 5.245894405036932e-05 3.573913350581684e-05 2.7923890022927306e-05 2.2692604736650552e-05 1.939292479042427e-05
7203.74414992 0.00011723092303414551 5.172887561072996e-05 3.520535094412913e-05 2.7491042786109103e-05 2.232570611646899e-05 1.906979681154574e-05
7204.944874 0.00011833903349174348 5.2472846508925004e-05 3.5725234786295834e-05 2.7908916024744218e-05 2.2669604664329406e-05 1.9367018417022887e-05
7206.14579822 0.00012051610678934607 5.380387634261169e-05 3.6677751092830334e-05 2.8678061572188824e-05 2.3311843434022352e-05 1.9927503372084152e-05
7207.34692261 0.0001191062258509182 5.2983840970110075e-05 3.610932637008242e-05 2.8225696858123487e-05 2.2944399199165778e-05 1.9613939119805365e-05
7208.5482472 0.00011273261675252022 4.91847093328618e-05 3.343427990508428e-05 2.608744299989392e-05 2.1184590158464624e-05 1.8095803392378284e-05
7209.74977204 0.00011030384634725009 4.7705275186807117e-05 3.238345984468861e-05 2.524072172111586e-05 2.0482872614627832e-05 1.7487054410001065e-05
7210.95149714 0.00011402964606979685 4.955052289442506e-05 3.364162077324795e-05 2.6220630561440654e-05 2.1268784792771605e-05 1.8149552238808287e-05
7212.15342255 0.00011760647307680302 5.1803528916697914e-05 3.52311055579302e-05 2.749830756151672e-05 2.2323277401990653e-05 1.9062170968942096e-05
7213.35554829 0.00011938158110929798 5.328492002993041e-05 3.631699584148474e-05 2.8393409413123006e-05 2.3082720590514904e-05 1.9735239663843523e-05
7214.55787441 0.00011791385710688291 5.228409422844495e-05 3.5631897327060805e-05 2.7849782675658358e-05 2.2642189690674577e-05 1.935938790611658e-05
7215.76040093 0.00011739546947715 5.189248113896472e-05 3.5379052680877985e-05 2.765175939854392e-05 2.2484209575804817e-05 1.9224535266209466e-05
7216.96312788 0.00011740306334316607 5.209096884108747e-05 3.5526813329833595e-05 2.7771351286969673e-05 2.2584494913323674e-05 1.931172680012284e-05
7218.16605531 0.00011801410564904939 5.233717831062425e-05 3.566636536481516e-05 2.7866560543184373e-05 2.2648010904000875e-05 1.935672428856904e-05
7219.36918325 0.00011945088907763434 5.349669985247114e-05 3.649203351349748e-05 2.8541522024559864e-05 2.3214744735325304e-05 1.985657995500681e-05
7220.57251172 0.00011905066261736338 5.358746748808771e-05 3.65715341444852e-05 2.8618572732174542e-05 2.3291868790900286e-05 1.9935320845436026e-05
7221.77604076 0.000116791835581125 5.210967430291787e-05 3.552145534423874e-05 2.777133722605433e-05 2.2590010042989117e-05 1.9326179805851693e-05
7222.97977041 0.00011554915441399991 5.140236945595036e-05 3.504214076415225e-05 2.7392748252771878e-05 2.22842744115137e-05 1.9065585780265113e-05
7224.1837007 0.0001155781473904825 5.166879985463297e-05 3.525847711816402e-05 2.7579434715635544e-05 2.2447618672237423e-05 1.9212872933548398e-05
7225.38783166 0.00011453660054459301 5.121309553135546e-05 3.494559035274356e-05 2.733505803600698e-05 2.224828495239025e-05 1.9042488613115617e-05
7226.59216332 0.00011567376616204963 5.222515685913452e-05 3.568231583769907e-05 2.7938016745015428e-05 2.2755830549504617e-05 1.948962089591855e-05
7227.79669572 0.00011755717100012197 5.322073714945161e-05 3.636548843054836e-05 2.848079022887106e-05 2.3201313321499005e-05 1.987493542748694e-05
7229.0014289 0.00011913703601102268 5.388627567803585e-05 3.681171383597735e-05 2.882448174404031e-05 2.347522105621285e-05 2.0105169868356053e-05
7230.20636287 0.00011961992999951179 5.3916550067877075e-05 3.682872922436847e-05 2.8827423295862877e-05 2.34719615041726e-05 2.009694617350914e-05
7231.41149769 0.00011958337597028103 5.3834608290731255e-05 3.6769282370650855e-05 2.877738935978959e-05 2.3429667313847154e-05 2.0059343840076398e-05
7232.61683339 0.00012088929765468766 5.4666118157216367e-05 3.7340559535107156e-05 2.9232731849439653e-05 2.379908370709201e-05 2.0375201490895407e-05
7233.82236998 0.00012150312014996011 5.498377503524526e-05 3.755462361134146e-05 2.940269702539916e-05 2.393474634275994e-05 2.0489613128196543e-05
7235.02810752 0.00012106854709443123 5.467496754940953e-05 3.734580119412557e-05 2.923948629555892e-05 2.380366857355531e-05 2.037904496076447e-05
7236.23404603 0.0001198421162230167 5.428374129389473e-05 3.7091595609456566e-05 2.9051345810307046e-05 2.3661981832429062e-05 2.0268049521955157e-05
7237.44018555 0.00011755731184096164 5.3169192911931484e-05 3.6338973058938916e-05 2.8468358889724795e-05 2.320013504716128e-05 1.9883688296775182e-05
7238.6465261 0.0001181665241856919 5.298031593581472e-05 3.619655162476431e-05 2.8342748320444843e-05 2.3086484306884864e-05 1.977600565289187e-05
7239.85306773 0.00011961155962721385 5.372822990553725e-05 3.670665077390818e-05 2.8736493488951696e-05 2.340061624502423e-05 2.003948272278086e-05
7241.05981047 0.00011879533372283579 5.3435215478997397e-05 3.6485429801834274e-05 2.8555181654882424e-05 2.3248766182440984e-05 1.990790336124264e-05
7242.26675435 0.00011795686986482623 5.2950752512562964e-05 3.614382432382023e-05 2.8285228347119436e-05 2.3027266624922327e-05 1.9717484276119956e-05
7243.4738994 0.000119563817162345 5.4018788384531185e-05 3.690530544294089e-05 2.8900005806295604e-05 2.353529963767706e-05 2.0157227275137143e-05
7244.68124566 0.00012048137720636974 5.4623834197027734e-05 3.733685846155287e-05 2.9247199647687515e-05 2.3820848942940792e-05 2.0403938411123836e-05
7245.88879316 0.0001182959193528724 5.308361553320704e-05 3.623826217170941e-05 2.8354616050074353e-05 2.3074613841224564e-05 1.9750951230938265e-05
7247.09654193 0.00011650217450369302 5.195385904475039e-05 3.544055651603356e-05 2.7706232202953004e-05 2.2539596067230668e-05 1.9287931784882e-05
7248.30449202 0.00011897805953619803 5.3714310557768644e-05 3.670473732275289e-05 2.8730473275736836e-05 2.3397937013464527e-05 2.004099653397493e-05
7249.51264344 0.00012117116363286589 5.533327258410603e-05 3.78587123983859e-05 2.966769722593179e-05 2.4178023568726656e-05 2.072280242064633e-05
7250.72099624 0.00012079517599125449 5.535208696077634e-05 3.789452158834151e-05 2.971058387613166e-05 2.4223795883245337e-05 2.0771584545157556e-05
7251.92955045 0.00011755250781500424 5.353956765265653e-05 3.663394206237168e-05 2.871322905777708e-05 2.3410536598287716e-05 2.0075777523646978e-05
7253.1383061 0.00011521409407095377 5.1730643176962225e-05 3.531929709590402e-05 2.7635548705333474e-05 2.2501617440277522e-05 1.9274001294924155e-05
7254.34726323 0.00011647050460594157 5.194716187508823e-05 3.543924711054071e-05 2.7705451656029166e-05 2.254113489430833e-05 1.9292896158643046e-05
7255.55642187 0.000118261935731174 5.298298473608799e-05 3.618944199020776e-05 2.831579985147286e-05 2.3051831537620285e-05 1.9739508323166734e-05
7256.76578205 0.00011899319408384148 5.37102220303571e-05 3.6735234315882106e-05 2.8770900313827756e-05 2.3442457522026816e-05 2.0089581914498396e-05
7257.97534381 0.00011969697569698162 5.445017967800074e-05 3.7262115891837315e-05 2.9199890807033697e-05 2.380427202247377e-05 2.040982867702384e-05
7259.18510718 0.00012051563166165822 5.499401958602648e-05 3.762853064072846e-05 2.9488668940898106e-05 2.4036988702022276e-05 2.0607364742219163e-05
7260.39507219 0.00011932912831774034 5.4043816753205796e-05 3.695995858786531e-05 2.8950030408422107e-05 2.3591122861914773e-05 2.021949337542047e-05
7261.60523888 0.0001183022138343749 5.351388581944674e-05 3.6588376868944786e-05 2.8653040515827247e-05 2.3349791646972276e-05 2.0013956022611912e-05
7262.81560728 0.00011594292281630827 5.220888807367209e-05 3.5664857812686446e-05 2.7913095522450144e-05 2.274326754480728e-05 1.9493976810502003e-05
7264.02617743 0.0001149871443863598 5.1597499682113714e-05 3.5230687413072645e-05 2.756255507461023e-05 2.2453429165522683e-05 1.9243546150288526e-05
7265.23694935 0.0001183558680126571 5.373263278757126e-05 3.6759136555436926e-05 2.8796461594733506e-05 2.3474270991335233e-05 2.0127674033804684e-05
7266.44792309 0.00011935031732664706 5.429104911325175e-05 3.7174160913468036e-05 2.9139823354118473e-05 2.3763024137319198e-05 2.038055580377113e-05
7267.65909867 0.00011896989670705845 5.377009082808413e-05 3.6789321835381536e-05 2.8827864963527113e-05 2.3498565139700283e-05 2.0146781080114097e-05
7268.87047613 0.00011936028855990628 5.40115351276548e-05 3.695136880519232e-05 2.8956369057013115e-05 2.360226741249124e-05 2.0235737184449974e-05
7270.08205551 0.00012004257474869409 5.4777395532892566e-05 3.751022912885175e-05 2.9411823487999962e-05 2.3987730384082102e-05 2.057747902164211e-05
7271.29383683 0.00012044909080396263 5.49552417135853e-05 3.761347998224414e-05 2.9483301336513876e-05 2.4038314549604522e-05 2.0614351460667162e-05
7272.50582013 0.00011999668688670352 5.4392729636472806e-05 3.719072215010885e-05 2.9132715146984734e-05 2.3739627834553322e-05 2.0347842737698504e-05
7273.71800545 0.00011916404094575544 5.374980047855109e-05 3.6739496539727075e-05 2.877328855306953e-05 2.344459694748665e-05 2.009370073178457e-05
7274.93039281 0.00011904622115005175 5.382638090437508e-05 3.6814727806345664e-05 2.884200437110368e-05 2.3508998845538597e-05 2.0155666295115174e-05
7276.14298225 0.00011857867452225481 5.3947498577027656e-05 3.692982662021953e-05 2.895228529770519e-05 2.3612381878534356e-05 2.0256180152807762e-05
7277.35577381 0.0001180121609993725 5.415147534252578e-05 3.709682260123831e-05 2.910285738935104e-05 2.375059971878331e-05 2.0388166657834094e-05
7278.56876752 0.00011947426619784708 5.485938035345894e-05 3.757116194454234e-05 2.94657699405694e-05 2.4039810661325775e-05 2.0629925603376753e-05
7279.78196341 0.00011967462436047826 5.457918159023756e-05 3.735909507627056e-05 2.92807990721899e-05 2.387735150690421e-05 2.0480344117666695e-05
7280.99536152 0.00011920679592909447 5.412989341139584e-05 3.704307711939634e-05 2.9025121158466886e-05 2.3664344875184914e-05 2.0294107079002822e-05
7282.20896188 0.00011928171837363891 5.3905104559957975e-05 3.6869578241169765e-05 2.88840292839439e-05 2.3539629607745445e-05 2.0180243313301286e-05
7283.42276452 0.00011773030248072318 5.30077437061045e-05 3.6248124033054405e-05 2.8398440943709912e-05 2.3146946321754616e-05 1.9847369240203088e-05
7284.63676948 0.00011560079718997101 5.226726211038806e-05 3.576808501286899e-05 2.8036705552046133e-05 2.2873810209803863e-05 1.963177058409798e-05
7285.85097679 0.00011540189144843906 5.2145903819426754e-05 3.567924207948284e-05 2.7958718080176486e-05 2.280684577068505e-05 1.9572227665472708e-05
7287.06538648 0.0001158881982415505 5.2355418474874906e-05 3.580446191119271e-05 2.8047418566467132e-05 2.2869155601941614e-05 1.9618263144542568e-05
7288.2799986 0.00011856674536078578 5.4358851846542866e-05 3.7234427788346226e-05 2.9200708124362816e-05 2.3825693066617578e-05 2.045032436101608e-05
7289.49481316 0.00011753808833156849 5.3932545162912e-05 3.694906221167404e-05 2.8981675722491873e-05 2.365187817429536e-05 2.0305250004677462e-05
7290.70983021 0.00011254917404035473 5.131573126564278e-05 3.513553690958973e-05 2.755466595439078e-05 2.2493481065300455e-05 1.9318788446633313e-05
7291.92504978 0.00011254957569297622 5.121013640546097e-05 3.506628838101185e-05 2.750040261667327e-05 2.2452143901141848e-05 1.9286025814796743e-05
7293.14047191 0.00011326656513120343 5.077680873852704e-05 3.471253907035451e-05 2.7184201819938334e-05 2.2167806369400905e-05 1.9020802791469153e-05
7294.35609662 0.00011254019771911684 5.028129740071539e-05 3.435419868555655e-05 2.689146954857089e-05 2.1921904155683167e-05 1.880547494437818e-05
7295.57192395 0.00011477211170263938 5.192732354519393e-05 3.5523771446117685e-05 2.7832555523686318e-05 2.2700246614239375e-05 1.9481351882434695e-05
7296.78795394 0.00011781708764881636 5.388739701363214e-05 3.691176872363973e-05 2.894343931932357e-05 2.3616025412070745e-05 2.0273090601960505e-05
7298.00418661 0.00011858229878105465 5.4545998332903535e-05 3.739336090415622e-05 2.9337962994413904e-05 2.3947202834353385e-05 2.0565114635823085e-05
7299.22062201 0.00011867397555205238 5.46114451504359e-05 3.7459136780167537e-05 2.9398340575397056e-05 2.40019514057596e-05 2.061655517535589e-05
7300.43726016 0.00011888219167430497 5.4361909315486525e-05 3.727195010012141e-05 2.9239369157216676e-05 2.3863190629565446e-05 2.0489571190413595e-05
7301.65410111 0.00011818072668719199 5.365121662006644e-05 3.674532672990637e-05 2.8807419740469118e-05 2.3497863212596813e-05 2.0166526479005475e-05
7302.87114487 0.00011810557357380956 5.3900217269165565e-05 3.693174589228586e-05 2.8964282046713573e-05 2.363566503756296e-05 2.029255400801334e-05
7304.0883915 0.0001192413642113556 5.4790278426037456e-05 3.7577755318984634e-05 2.9486948307475696e-05 2.4072681001226953e-05 2.0675289196284112e-05
7305.30584102 0.00011969144207566425 5.4944405017687555e-05 3.768591024284296e-05 2.9571586285716663e-05 2.4138796558929946e-05 2.072989981510017e-05
7306.52349346 0.00012010680430987641 5.525119543141652e-05 3.7904258008613926e-05 2.9750707876189002e-05 2.428688642982405e-05 2.0859373365594895e-05
7307.74134886 0.00011876581687521029 5.4373562199837915e-05 3.727342555786669e-05 2.924715626948188e-05 2.386894612660116e-05 2.049706003399083e-05
7308.95940725 0.00011616555477037932 5.30465521116392e-05 3.636307654602212e-05 2.8532035801538123e-05 2.3289759108756137e-05 2.000419084544149e-05
7310.17766867 0.00011538105170474289 5.2918130373975095e-05 3.6315080363813986e-05 2.85079879535308e-05 2.3285641028735842e-05 2.0010693606769686e-05
7311.39613315 0.00011711656295098571 5.411090668498982e-05 3.715478719913579e-05 2.918048888374382e-05 2.3840247743672005e-05 2.0490982723643057e-05
7312.61480073 0.00011593934434290955 5.331642131054237e-05 3.65823249382739e-05 2.872028931808833e-05 2.3456765651730422e-05 2.015765877796844e-05
7313.83367143 0.00011629183586334431 5.320037596946058e-05 3.649364209687016e-05 2.8639376155446196e-05 2.3385523807403157e-05 2.0092630400694472e-05
7315.0527453 0.00011922503521245226 5.491539223892116e-05 3.7703802995167485e-05 2.9604111604118233e-05 2.4178835333744028e-05 2.07774022780477e-05
7316.27202236 0.0001206719219255633 5.572635163610304e-05 3.8254673491117574e-05 3.004100702557739e-05 2.4530680136033472e-05 2.1076438824531796e-05
7317.49150265 0.00012044422621913495 5.5202312648661156e-05 3.786025926856323e-05 2.9717529136979743e-05 2.425274307222232e-05 2.082748929704946e-05
7318.7111862 0.00011980841069908547 5.4768440475585186e-05 3.7567273705703956e-05 2.948687126913967e-05 2.406524415738164e-05 2.066762214062732e-05
7319.93107306 0.00011891315973507138 5.418768350660164e-05 3.716741405585673e-05 2.9165771701457496e-05 2.3800394276198827e-05 2.0438484717917232e-05
7321.15116324 0.00011857292982545344 5.4327247677121444e-05 3.7295751649879566e-05 2.928298457043182e-05 2.3907898709373593e-05 2.0540575373766088e-05
7322.37145679 0.00011772461849409882 5.445060423917208e-05 3.7420233102564904e-05 2.9406075393191554e-05 2.4028119585757703e-05 2.0660192183738276e-05
7323.59195374 0.00011881811779747724 5.5013910563213666e-05 3.778820201706041e-05 2.968805524359307e-05 2.4253000673100362e-05 2.0848463461076497e-05
7324.81265412 0.00011974289329867145 5.5160265504343493e-05 3.7879003940955656e-05 2.9751639253469617e-05 2.4300270346503035e-05 2.088396938130593e-05
7326.03355797 0.00011839158868871056 5.408468299840022e-05 3.711811589520714e-05 2.913728459732277e-05 2.3788220410047594e-05 2.0436616412487743e-05
7327.25466531 0.00011531547848705147 5.228886071447325e-05 3.578478921539677e-05 2.803580176179701e-05 2.284507419412686e-05 1.959715916635333e-05
7328.4759762 0.00011343089767690616 5.124530451310823e-05 3.5017381494558776e-05 2.7408333176076462e-05 2.2312489742313783e-05 1.912715632881174e-05
7329.69749065 0.00011714447034413459 5.3867094604540704e-05 3.694093140626177e-05 2.898495975140339e-05 2.365008360861623e-05 2.031262753408909e-05
7330.91920871 0.00011887037612349261 5.50777174727671e-05 3.7845006327424066e-05 2.973221384861234e-05 2.4291304994917402e-05 2.0884994797114695e-05
7332.1411304 0.00011801207372847826 5.446326823213773e-05 3.7424906174585265e-05 2.9407284801997095e-05 2.4029613106600838e-05 2.0663242697572947e-05
7333.36325576 0.000118237363854955 5.430575854133446e-05 3.72980392528806e-05 2.9302332338677596e-05 2.393474707820959e-05 2.0575535201818568e-05
7334.58558483 0.00011873036143870587 5.452380986833421e-05 3.744328175112159e-05 2.9410116863675476e-05 2.4018996428388838e-05 2.0644919939611193e-05
7335.80811763 0.0001183938652574115 5.4641349771213336e-05 3.75558239932468e-05 2.9509863480392312e-05 2.4113730417466827e-05 2.0736523798600918e-05
7337.03085421 0.00011913543661780376 5.517458523409104e-05 3.7936230848782314e-05 2.9819514789149473e-05 2.4371117702673733e-05 2.0960736858879414e-05
7338.2537946 0.00012052813797856225 5.605048071117985e-05 3.855846940773537e-05 3.0325342168350337e-05 2.4788227150188806e-05 2.132257610014478e-05
7339.47693882 0.00012108093948035805 5.636294467392905e-05 3.8785598651371784e-05 3.051107535116356e-05 2.4941767417180795e-05 2.1456341144578724e-05
7340.70028692 0.00012090157541514045 5.615633454352056e-05 3.863257383456418e-05 3.0383381296133495e-05 2.4833314597454977e-05 2.135969327452738e-05
7341.92383893 0.00012066856800709998 5.635692993865804e-05 3.880771710509393e-05 3.0535382906038506e-05 2.4970581414774063e-05 2.1488456491825868e-05
7343.14759488 0.00012116474850279667 5.695363925230884e-05 3.923402658786283e-05 3.087920957313518e-05 2.52575768139049e-05 2.1740157486888383e-05
7344.37155481 0.00012135615195945005 5.695132659207272e-05 3.9202045187157735e-05 3.084089867402223e-05 2.5216067852534132e-05 2.1696238393819148e-05
7345.59571874 0.00011942719507309654 5.510189616373479e-05 3.7847042730094994e-05 2.9727647134818353e-05 2.427581588855055e-05 2.086386107121236e-05
7346.82008672 0.0001179899649024598 5.386807761321825e-05 3.6952696832416396e-05 2.8995607750200188e-05 2.3658710535166768e-05 2.031901613765726e-05
7348.04465878 0.00011962440777888968 5.544426160025239e-05 3.811997488202846e-05 2.996075281528762e-05 2.4478970669245673e-05 2.104878918222462e-05
7349.26943495 0.00012063290634353066 5.640629648675789e-05 3.883688784210869e-05 3.0557055469128116e-05 2.4987453076879755e-05 2.15024908961497e-05
7350.49441527 0.00012083560997103584 5.6679728068486987e-05 3.9036198622568686e-05 3.0720503979914954e-05 2.5125684076991295e-05 2.1625304388196333e-05
7351.71959977 0.00011932016820684667 5.56612236808343e-05 3.832188644839674e-05 3.0149514214324816e-05 2.4657198181964788e-05 2.1221950261634133e-05
7352.94498848 0.00011639945134235224 5.371176445719835e-05 3.694196059889318e-05 2.9047464530637784e-05 2.3748674489109754e-05 2.0437027301854646e-05
7354.17058144 0.00011720851032268668 5.41807476347203e-05 3.7263920815889676e-05 2.930507739832782e-05 2.3956902914367228e-05 2.0613960906421304e-05
7355.39637869 0.0001186824377332564 5.520057244685645e-05 3.801254627416836e-05 2.9914277822102165e-05 2.4466237639551418e-05 2.1058938208994683e-05
7356.62238025 0.00011708671381011877 5.409219586416494e-05 3.7251494552432345e-05 2.9312558073521253e-05 2.397274317079476e-05 2.0634127523401923e-05
7357.84858616 0.00011476056795473961 5.20888442192286e-05 3.578858274238146e-05 2.811616132500345e-05 2.296339246684199e-05 1.9743051163612664e-05
7359.07499646 0.00011612995959389366 5.259406728103706e-05 3.609350797263708e-05 2.8332656705092096e-05 2.3119467747050324e-05 1.9860590700912425e-05
7360.30161117 0.00011892235253815839 5.504267409866212e-05 3.786463333316655e-05 2.9772523733132457e-05 2.4323995128037608e-05 2.0918481114060282e-05
7361.52843034 0.00012047096370737703 5.6659999645536284e-05 3.9056571121010775e-05 3.0755352345942244e-05 2.5159268912890153e-05 2.1661998445807733e-05
7362.75545399 0.00011892755335658817 5.52111727127518e-05 3.7993713965850586e-05 2.9888109647491776e-05 2.4431486400218212e-05 2.1021099055703606e-05
7363.98268217 0.00011601244181453237 5.272620605553229e-05 3.622345689140949e-05 2.8461375959531774e-05 2.3243806801982818e-05 1.9983783488425608e-05
7365.2101149 0.00011574053893672255 5.2647607708606655e-05 3.6180991406583757e-05 2.8428722767466187e-05 2.3217839894950573e-05 1.9962550662229617e-05
7366.43775222 0.00011709855975970443 5.396933210045241e-05 3.7131587636799986e-05 2.9197207836373778e-05 2.385841242347649e-05 2.0523638991450027e-05
7367.66559416 0.00011843641758002743 5.509502543515984e-05 3.7961506995202715e-05 2.9883005446536117e-05 2.444074810164067e-05 2.1041835604137147e-05
7368.89364076 0.00011882512167013871 5.5375694425520854e-05 3.817516069350889e-05 3.006275402382234e-05 2.4596471884664034e-05 2.118248920943263e-05
7370.12189205 0.00011960447719206761 5.6156849978301266e-05 3.8741217744604344e-05 3.051966851377436e-05 2.4980590266540037e-05 2.151972999491586e-05
7371.35034807 0.00011935843651747582 5.60518066348765e-05 3.8678449029614914e-05 3.0472955026715587e-05 2.4946935579258005e-05 2.149354526672229e-05
7372.57900884 0.000120031091697956 5.659229541130655e-05 3.905667231979609e-05 3.077910953522619e-05 2.519899315835382e-05 2.1712394482805577e-05
7373.80787442 0.00012059498707090745 5.714330890178123e-05 3.945455020213834e-05 3.1106490029076585e-05 2.547300950619137e-05 2.195404024486889e-05
7375.03694481 0.00011978609988491044 5.669802158689055e-05 3.915413089924682e-05 3.087531262855754e-05 2.5289527303132058e-05 2.180113705987893e-05
7376.26622008 0.0001194761898210245 5.6500681810836194e-05 3.901445309178006e-05 3.076255767803075e-05 2.519684382314872e-05 2.172125753792586e-05
7377.49570023 0.00011892595583271432 5.6213068660976534e-05 3.881595648177574e-05 3.0604685217530205e-05 2.506822194719029e-05 2.161156422592926e-05
7378.72538532 0.00011895247048181049 5.6232498477648644e-05 3.884825850973168e-05 3.063649049199628e-05 2.5097091444597666e-05 2.163905523281334e-05
7379.95527537 0.00012048198052567454 5.717554051714322e-05 3.950532203268144e-05 3.115772707187051e-05 2.552218239270355e-05 2.2003045984789608e-05
7381.18537042 0.00012147473579773772 5.78261990337429e-05 3.995346838724462e-05 3.151210524849433e-05 2.580960510341848e-05 2.22484811564971e-05
7382.41567051 0.00012048549762422284 5.7161669504062246e-05 3.949172811814433e-05 3.114558881210268e-05 2.5509871059151484e-05 2.1991280370922042e-05
7383.64617566 0.00011851279281252377 5.575545931027994e-05 3.849632965663241e-05 3.034854558594629e-05 2.4854085986370465e-05 2.142460836759913e-05
7384.87688591 0.00011819220289142485 5.544387869159294e-05 3.8268530455361426e-05 3.0162214673016573e-05 2.469663470622474e-05 2.1285556294762764e-05
7386.1078013 0.00011808402552154393 5.547293942679705e-05 3.829577009135932e-05 3.0188171643618548e-05 2.4719406739207227e-05 2.1307645417547926e-05
7387.33892186 0.00011455451386813178 5.342618210218542e-05 3.6861511353316575e-05 2.905311317405037e-05 2.3791791367366226e-05 2.051316167308161e-05
7388.57024762 0.00011192132745198765 5.219120225426574e-05 3.6013820171694987e-05 2.839399600595478e-05 2.3258872551690602e-05 2.006121243792412e-05
7389.80177862 0.00011180109121467315 5.215241908889774e-05 3.5994821778346165e-05 2.8382684978106876e-05 2.324991804963619e-05 2.0054121372856543e-05
7391.03351489 0.00011112860188434053 5.1352306486146404e-05 3.54212493211926e-05 2.791625980826216e-05 2.2859375555212572e-05 1.971102222708509e-05
7392.26545647 0.00011471841064839031 5.314898374298959e-05 3.666412792810319e-05 2.8895210073077674e-05 2.365534016721349e-05 2.0388711088655175e-05
7393.49760338 0.00011906932758408613 5.573304992955285e-05 3.8475443807402876e-05 3.0337231102556262e-05 2.4838167321117134e-05 2.140639652037759e-05
7394.72995568 0.00011839494467504536 5.5725777847612296e-05 3.851085882032446e-05 3.03850009620779e-05 2.4891966543343848e-05 2.146666740528519e-05
7395.96251338 0.00011744211861598028 5.533542988866337e-05 3.824198550898648e-05 3.0173484136464846e-05 2.472262993318353e-05 2.1324733531826176e-05
7397.19527653 0.00011905671018156097 5.632661988207582e-05 3.8936356952078e-05 3.0724953284807354e-05 2.517465548094738e-05 2.171273285770718e-05
7398.42824515 0.00011963466538959099 5.672414887378149e-05 3.923572973008881e-05 3.097022569723992e-05 2.5380349939588924e-05 2.189359287504901e-05
7399.66141929 0.00011959742381682498 5.665432718916813e-05 3.919581471321273e-05 3.093923480768667e-05 2.5354716015257306e-05 2.187118225611015e-05
7400.89479897 0.00011833075340833435 5.564422332478242e-05 3.844777178445465e-05 3.0325938290814015e-05 2.4835025197084533e-05 2.1411269488243324e-05
7402.12838423 0.00011528301908054188 5.350321660724695e-05 3.6889340677956696e-05 2.9061192906074827e-05 2.377565044935856e-05 2.0483436008046867e-05
7403.36217511 0.00011475835612912695 5.3405786318759184e-05 3.685064370271944e-05 2.904684927614407e-05 2.377943055465739e-05 2.0498961235211754e-05
7404.59617163 0.00011806044113751713 5.5822709030436795e-05 3.8597340667439404e-05 3.046273090522754e-05 2.496129503008043e-05 2.1532188253008197e-05
7405.83037384 0.00011995441868985703 5.735087056946325e-05 3.969845830155297e-05 3.135569063271312e-05 2.5704431438580523e-05 2.2180886571996282e-05
7407.06478177 0.00011676851309337198 5.5891006882157256e-05 3.872171101012769e-05 3.060686054232633e-05 2.5109875584924422e-05 2.168571546273105e-05
7408.29939545 0.0001153828036546334 5.505085725199662e-05 3.814895520210069e-05 3.015812989007754e-05 2.474776259306657e-05 2.1378536425911585e-05
7409.53421491 0.00011726661346212852 5.593204898404346e-05 3.8737637556948694e-05 3.060985676495528e-05 2.5106173717810356e-05 2.1677105676567783e-05
7410.7692402 0.00011363359437196612 5.385046470060855e-05 3.727733696844564e-05 2.9453806698519034e-05 2.416123257671242e-05 2.0867153835361142e-05
7412.00447134 0.00011229061604598661 5.295682560389329e-05 3.664304757899542e-05 2.894479563358718e-05 2.373844871920499e-05 2.0499875422598664e-05
7413.23990837 0.00011434772803271363 5.384750823575734e-05 3.7220929681603835e-05 2.9376624048322706e-05 2.4072226084109963e-05 2.0769732167992064e-05
7414.47555132 0.00011751313782937463 5.561334241538489e-05 3.846555998051858e-05 3.0369479571062173e-05 2.4887951118812914e-05 2.1472703817649076e-05
7415.71140023 0.00011628866268424356 5.47691473110614e-05 3.788671944256972e-05 2.9912450853134226e-05 2.4518665318494082e-05 2.11596944932199e-05
7416.94745513 0.00011154660954154345 5.214312445369318e-05 3.606340423738697e-05 2.847064967653367e-05 2.33488909438514e-05 2.0160847537030243e-05
7418.18371606 0.00011160797672517366 5.223931857579578e-05 3.614092753725327e-05 2.8540686500651283e-05 2.3410407783153434e-05 2.0214566138029956e-05
7419.42018305 0.00011445330311816646 5.3144404493819e-05 3.671107840253063e-05 2.89588584354027e-05 2.372483184408386e-05 2.0461914917296227e-05
7420.65685613 0.00011533385634936596 5.387174012411947e-05 3.723007262920322e-05 2.937476868626675e-05 2.406872925280381e-05 2.0762143072516158e-05
7421.89373535 0.00011706540758683796 5.547314691875622e-05 3.840642700103179e-05 3.0337366428378293e-05 2.48760228758471e-05 2.1472934947450464e-05
7423.13082072 0.00011589847918533609 5.488700103972454e-05 3.799936066600288e-05 3.0018855921262448e-05 2.4615970252575478e-05 2.1251634240708432e-05
7424.3681123 0.00011150148774235386 5.218295642692671e-05 3.6088179805065616e-05 2.849781077901706e-05 2.3365155928745475e-05 2.0172453781551725e-05
7425.6056101 0.00011096199376765994 5.1853201026628774e-05 3.587501052957156e-05 2.8340087121038837e-05 2.3242431848079776e-05 2.0070568510255175e-05
7426.84331418 0.00011559354751670586 5.435624510329135e-05 3.762250377282956e-05 2.972507181624478e-05 2.4372412941159202e-05 2.1038279593557542e-05
7428.08122455 0.00011948452053000796 5.6730737269055574e-05 3.9278666968492485e-05 3.103494695416348e-05 2.5442558834558616e-05 2.1956338276033298e-05
7429.31934126 0.00012067980255365746 5.790149803731878e-05 4.012627277594361e-05 3.171903305894196e-05 2.6014080934154085e-05 2.2457581633348698e-05
7430.55766435 0.0001203334184770946 5.786461100767409e-05 4.013707306572191e-05 3.174280452608357e-05 2.6044050907068813e-05 2.2492906204032926e-05
7431.79619383 0.00011840951776410298 5.6451129230814755e-05 3.913937892612998e-05 3.094337497522774e-05 2.5384807709569895e-05 2.1922061076030492e-05
7433.03492976 0.00011605851029653248 5.460540148944896e-05 3.7820509138001385e-05 2.988307729088989e-05 2.450900617501923e-05 2.11610102287484e-05
7434.27387215 0.00011656503930669235 5.466488460685718e-05 3.78476662564816e-05 2.9901419597076926e-05 2.452114026713709e-05 2.1166460886601257e-05
7435.51302106 0.00011856838613328414 5.6177910603127185e-05 3.8916348869279085e-05 3.0756219382279604e-05 2.5223774076346654e-05 2.1774368153018923e-05
7436.7523765 0.00011929498557038877 5.7175582338447335e-05 3.964412585198266e-05 3.1348453728017355e-05 2.571822610843211e-05 2.2210519073757012e-05
7437.99193853 0.00011895308046364922 5.6981745995272854e-05 3.951352184813327e-05 3.124530509197524e-05 2.56355111893581e-05 2.214096387829049e-05
7439.23170716 0.0001195212615959177 5.721022527206763e-05 3.968089830115716e-05 3.13816474459412e-05 2.574909028086628e-05 2.2239569287559844e-05
7440.47168244 0.00011971949300297819 5.7261690967871156e-05 3.9711017776532904e-05 3.140546132173827e-05 2.5766198043157506e-05 2.22525292983863e-05
7441.7118644 0.00011754887465591948 5.537768997980995e-05 3.833918438331177e-05 3.0290855804310427e-05 2.4832208884984012e-05 2.1431935350646507e-05
7442.95225307 0.00011512439123331673 5.38546327760148e-05 3.726341968516954e-05 2.942793835390182e-05 2.4120038666300152e-05 2.0815482857843613e-05
7444.1928485 0.00011523808422215683 5.4564065454851406e-05 3.78199840901101e-05 2.9895204781545448e-05 2.4524170015012262e-05 2.1180739236723356e-05
7445.4336507 0.00011605649196193983 5.5334539431116436e-05 3.837159183573547e-05 3.0340477222455486e-05 2.4894358764024998e-05 2.150400756343367e-05
7446.67465973 0.00011543123800828348 5.501939943108904e-05 3.8141693266201505e-05 3.0156186873492572e-05 2.4739097409550307e-05 2.136873597277778e-05
7447.9158756 0.0001129536993994067 5.352302530757006e-05 3.7085192248296955e-05 2.931520931637349e-05 2.4046356343099535e-05 2.0771694679231157e-05
7449.15729836 0.00011510319252883005 5.4914762383585654e-05 3.808958405869664e-05 3.01289439342792e-05 2.4725432057555533e-05 2.1365235727087782e-05
7450.39892804 0.00011723433270538655 5.640378551539595e-05 3.9172782045529e-05 3.1006622382901206e-05 2.545835409347266e-05 2.2003816182934713e-05
7451.64076468 0.00011788158520861748 5.687837270282257e-05 3.9524399478307174e-05 3.129281159201227e-05 2.5698964270243098e-05 2.2213720976004723e-05
7452.88280831 0.00011872880574328932 5.7108968569465486e-05 3.9651353593556064e-05 3.137637791370153e-05 2.5756138725203022e-05 2.2254669154738632e-05
7454.12505896 0.00011874274032899794 5.7000695407747374e-05 3.956548394571191e-05 3.1303228778970853e-05 2.5693302273571475e-05 2.2199508767251343e-05
7455.36751668 0.00011806710341855458 5.66179544317848e-05 3.930166006910311e-05 3.109712491857627e-05 2.552569846178332e-05 2.2057822322872982e-05
7456.61018148 0.00011821031944810559 5.665324823216797e-05 3.930827779674178e-05 3.10959366319769e-05 2.5519039536746284e-05 2.2047797202868332e-05
7457.85305341 0.00011892865259104062 5.680973681103303e-05 3.940011532862669e-05 3.11628992545843e-05 2.5567327794492343e-05 2.2083002541819072e-05
7459.09613251 0.00011841353214873903 5.631186816033747e-05 3.906851447648835e-05 3.0906073773551245e-05 2.536118626426481e-05 2.1908776183011796e-05
7460.3394188 0.00011855192281935783 5.673064252361672e-05 3.939925849719805e-05 3.1183310164107115e-05 2.5600356530772843e-05 2.2124922037247443e-05
7461.58291233 0.00011864258689304327 5.6856970262126e-05 3.946806087565421e-05 3.122596528700044e-05 2.5628209846144878e-05 2.2142728690039792e-05
7462.82661312 0.00011587416539399847 5.492597264721856e-05 3.806115244770566e-05 3.007872239717237e-05 2.4665424327497122e-05 2.1295909181547196e-05
7464.07052121 0.00011150007158096561 5.2275194996734996e-05 3.618499012553097e-05 2.8577307707523305e-05 2.3421890322534208e-05 2.0215771345121224e-05
7465.31463664 0.00011315862494102152 5.354525269763836e-05 3.712341707365087e-05 2.9348843841875374e-05 2.4075500631547583e-05 2.0795367439430597e-05
7466.55895943 0.00011675969032989437 5.582050674060789e-05 3.873989300674475e-05 3.064798185426694e-05 2.5155230800178315e-05 2.1737036638025193e-05
7467.80348964 0.0001185912480483567 5.70182772343639e-05 3.958405562494764e-05 3.1328597979661585e-05 2.5717132636797624e-05 2.2225100621346465e-05
7469.04822728 0.00011897646129578965 5.7337659148256014e-05 3.98281709234906e-05 3.15346587744674e-05 2.589166973068142e-05 2.238056531953837e-05
7470.29317239 0.00011830576852323306 5.694552954274316e-05 3.9566986556698104e-05 3.133002347327063e-05 2.5725589191104846e-05 2.2238736511577908e-05
7471.53832501 0.00011828838027207654 5.637888570916514e-05 3.913062674065225e-05 3.0964283839726635e-05 2.5411487984108086e-05 2.195567972304783e-05
7472.78368518 0.00011790464046809746 5.5729155696134846e-05 3.864743683015869e-05 3.0566835894830714e-05 2.5076766925004967e-05 2.1659613709539694e-05
7474.02925292 0.00011682879082574494 5.5315513438551354e-05 3.837846402051138e-05 3.0359227340225237e-05 2.4914295183129505e-05 2.1526791562316667e-05
7475.27502827 0.00011667061873734271 5.561158039864565e-05 3.861915877950742e-05 3.056677604582935e-05 2.5095680731064582e-05 2.1693638489448098e-05
7476.52101127 0.00011727361484045231 5.589116430096014e-05 3.8817535312819243e-05 3.072953294634038e-05 2.522935562996019e-05 2.18093022119893e-05
7477.76720195 0.0001170281972574938 5.588684166130463e-05 3.882820458288125e-05 3.0746208245072275e-05 2.524853089800224e-05 2.183062142109028e-05
7479.01360035 0.00011732224625921282 5.623173375764736e-05 3.906881184174302e-05 3.093560029253317e-05 2.5404422397006108e-05 2.1965136371058198e-05
7480.2602065 0.00011757018984213838 5.644188470942592e-05 3.922406951741761e-05 3.105953321646648e-05 2.5507519394338982e-05 2.2054501240320764e-05
7481.50702043 0.0001168804843733528 5.626854435860234e-05 3.912922625022741e-05 3.09967579632275e-05 2.546507905816553e-05 2.2025090223687977e-05
7482.75404218 0.00011698396818034047 5.641001988204979e-05 3.922159646791581e-05 3.107029813330266e-05 2.552519387131028e-05 2.207787524716038e-05
7484.00127179 0.00011668664651179294 5.610730877079727e-05 3.8995256205977774e-05 3.088363565543436e-05 2.5368595290673186e-05 2.194034140623629e-05
7485.24870929 0.00011683294962109967 5.6139785104440375e-05 3.902350687697821e-05 3.090705041590791e-05 2.5387267772424808e-05 2.1954949124169466e-05
7486.4963547 0.00011756996205475487 5.6577658768216495e-05 3.93398157824594e-05 3.116340264535626e-05 2.5598928062762536e-05 2.2139646671466144e-05
7487.74420808 0.00011881228177291556 5.741268871488813e-05 3.992405810195095e-05 3.163047364055341e-05 2.5981346495059916e-05 2.2470344035227403e-05
7488.99226945 0.00011919099015905088 5.762485432495577e-05 4.005831895290421e-05 3.173140548136841e-05 2.6058871694572288e-05 2.253328397676133e-05
7490.24053885 0.00011832461064435159 5.675627168509065e-05 3.9414858417692064e-05 3.119949034912997e-05 2.560979026774648e-05 2.2134920263836738e-05
7491.48901631 0.00011720974033408788 5.5667734347701375e-05 3.8613568292960295e-05 3.054080167478328e-05 2.505466420391818e-05 2.1643606223554858e-05
7492.73770187 0.00011643114877345662 5.5111830260114106e-05 3.820117888849728e-05 3.020699372725115e-05 2.4774931414988086e-05 2.1398288695404375e-05
7493.98659556 0.00011580531605645443 5.489659497317087e-05 3.8058335295284905e-05 3.0098102531639868e-05 2.4690054998881347e-05 2.1329399258304256e-05
7495.23569741 0.00011541377997369446 5.482488600037094e-05 3.8025711357127774e-05 3.0072649327210875e-05 2.46728299741439e-05 2.1317244469520703e-05
7496.48500747 0.00011141149690117237 5.211193272275926e-05 3.608066247192316e-05 2.8503503429899013e-05 2.3367155181421114e-05 2.0179033045744917e-05
7497.73452576 0.00011198554102218172 5.240838505352185e-05 3.628023004738395e-05 2.866281601885896e-05 2.349339499181544e-05 2.02853751007064e-05
7498.98425232 0.00011683991406200233 5.582861848946536e-05 3.874554724718411e-05 3.065999588875332e-05 2.515788050783574e-05 2.174051251669184e-05
7500.23418719 0.000117511210810354 5.6533480477878955e-05 3.927642700388251e-05 3.109963673821453e-05 2.5534379920761853e-05 2.2077705381090163e-05
7501.48433039 0.00011683087565600763 5.608962235920805e-05 3.896625130844955e-05 3.08496247414127e-05 2.5330306132760702e-05 2.1901590557178865e-05
7502.73468198 0.0001164491374442264 5.579995487951068e-05 3.875178433490673e-05 3.067201534598863e-05 2.5181064224421278e-05 2.1769218573608202e-05
7503.98524197 0.00011714245314527651 5.6300260170360014e-05 3.910369895752822e-05 3.095555518403267e-05 2.541397495518854e-05 2.1970666728658348e-05
7505.2360104 0.0001175769742239128 5.672076902441312e-05 3.941879668604561e-05 3.1219008044892084e-05 2.563669716178809e-05 2.2169238029834633e-05
7506.48698731 0.00011563998057118037 5.5532646795803504e-05 3.858857324842507e-05 3.055922488741744e-05 2.5098023525156753e-05 2.1707734230047767e-05
7507.73817274 0.00011481104659998603 5.4920743271804906e-05 3.814573144691823e-05 3.0198276640663107e-05 2.4797264631345476e-05 2.1444865773237366e-05
7508.98956672 0.00011575466848070932 5.5455286980003655e-05 3.851642078131575e-05 3.0491618395509198e-05 2.5034914873423243e-05 2.1647906814509447e-05
7510.24116928 0.0001172494587355045 5.645435340385971e-05 3.92306411469458e-05 3.1070232564688975e-05 2.5513162417639076e-05 2.2063532668919564e-05
7511.49298045 0.00011575531252188986 5.551521474579003e-05 3.854943145123999e-05 3.052114322004265e-05 2.5053772167130453e-05 2.1661650319494363e-05
7512.74500028 0.00011097294697696339 5.247209980185286e-05 3.635156364178358e-05 2.8739652105791146e-05 2.3566298699792427e-05 2.0361022945463845e-05
7513.9972288 0.00011215658576361817 5.309908465032299e-05 3.679619894104367e-05 2.9091266082816716e-05 2.3855560428685346e-05 2.0609397391449573e-05
7515.24966604 0.0001161633731881807 5.581850729317127e-05 3.877871041074549e-05 3.070589052029547e-05 2.5209323185472754e-05 2.179743573162374e-05
7516.50231203 0.00011694449999894905 5.6594020892053475e-05 3.937478370986548e-05 3.120729809036223e-05 2.5640779354300925e-05 2.2184721737698292e-05
7517.75516682 0.0001171655074992779 5.686183914772419e-05 3.9588415414107425e-05 3.139050539650296e-05 2.5800640026262312e-05 2.2329327755612265e-05
7519.00823043 0.00011820508232341268 5.7388939614718144e-05 3.994416130883101e-05 3.166734547184368e-05 2.602239126194027e-05 2.2517629724767985e-05
7520.26150291 0.00011877709572981874 5.762562037376921e-05 4.009681048663691e-05 3.178241815252016e-05 2.6111259734188453e-05 2.2591152798455127e-05
7521.51498428 0.00011887300846356344 5.77196406865022e-05 4.016740241245334e-05 3.184272376432786e-05 2.6162318372462773e-05 2.2637401627063648e-05
7522.76867458 0.00011807714684435889 5.7186366650979113e-05 3.978673392508696e-05 3.153759790689704e-05 2.5910327030704526e-05 2.241951182208267e-05
7524.02257385 0.0001152783914301144 5.524258223286608e-05 3.839214737215204e-05 3.0413509651756244e-05 2.4979311824632944e-05 2.1610555479195185e-05
7525.27668212 0.00011382825066700245 5.429836990650275e-05 3.771164179649607e-05 2.9864694609664025e-05 2.452429040794317e-05 2.1215214149436783e-05
7526.53099942 0.00011457978397328642 5.4901425756466644e-05 3.813829414213627e-05 3.020690080475413e-05 2.480574060834732e-05 2.1458810808126392e-05
7527.78552579 0.00011570580724224429 5.562452390588901e-05 3.864852243054972e-05 3.061187953422018e-05 2.5137790734180397e-05 2.1743818056931205e-05
7529.04026127 0.00011795993534060162 5.704634466424044e-05 3.966008934382015e-05 3.141933629658139e-05 2.5802788426155205e-05 2.2317350749026388e-05
7530.29520589 0.00011852654983890287 5.742566169688376e-05 3.993310672613171e-05 3.163927875760898e-05 2.5984888849408234e-05 2.2475706617469616e-05
7531.55035969 0.000117882580251675 5.7021698389407695e-05 3.964443005025058e-05 3.1408501352670996e-05 2.579435803035685e-05 2.2311202979336413e-05
7532.80572269 0.0001158671343949429 5.5795537186984094e-05 3.8783050427803675e-05 3.0725881612298086e-05 2.523568317312313e-05 2.183242642315908e-05
7534.06129494 0.00011601720192589186 5.594408920756102e-05 3.8902072863453994e-05 3.082750902458552e-05 2.532383623472516e-05 2.1912168678367545e-05
7535.31707647 0.00011750370388599123 5.6818155286149144e-05 3.951739894143496e-05 3.131496662767633e-05 2.572220123882057e-05 2.2252959465046712e-05
7536.57306731 0.0001181254393644349 5.7236493220774856e-05 3.980713373254114e-05 3.1544887187892034e-05 2.5909750636546917e-05 2.2414280965615054e-05
7537.8292675 0.00011831559432266504 5.7448884073484975e-05 3.997405355114413e-05 3.168891713728699e-05 2.6034681496182866e-05 2.2528800727800843e-05
7539.08567708 0.00011840886345636066 5.744756949707225e-05 3.998173035735333e-05 3.1699012477903194e-05 2.6045310717933224e-05 2.254004436693711e-05
7540.34229607 0.00011842280476326627 5.733520683680846e-05 3.989212261539797e-05 3.162016466586222e-05 2.5976551412000424e-05 2.247636817806028e-05
7541.59912452 0.00011839357081475683 5.723766567276069e-05 3.9812243104695145e-05 3.154951873748076e-05 2.5914235985648865e-05 2.241842793112033e-05
7542.85616246 0.00011842967950967466 5.72738855462339e-05 3.983598795582552e-05 3.1569676294062515e-05 2.5930459505063544e-05 2.2432783968330508e-05
7544.11340992 0.00011854952093493414 5.748508158343108e-05 3.999928621392346e-05 3.170915984297395e-05 2.6049858129335932e-05 2.2541113491394274e-05
7545.37086694 0.00011883635069687457 5.77507583619184e-05 4.019213389343031e-05 3.186651233855044e-05 2.6180569394699176e-05 2.2655775682003613e-05
7546.62853355 0.00011889521838755489 5.7776592325008246e-05 4.020570908686576e-05 3.187602421684038e-05 2.6187384389063445e-05 2.2660907611012578e-05
7547.8864098 0.00011822567936882201 5.727629352276938e-05 3.985502941997928e-05 3.159468746374421e-05 2.5956840235143957e-05 2.2461938821838047e-05
7549.1444957 0.00011769053745224777 5.6977005044057166e-05 3.96484606827981e-05 3.1430547885617146e-05 2.582291188153679e-05 2.2347359918251132e-05
7550.40279131 0.00011768354526029485 5.709644139665403e-05 3.973918582844079e-05 3.1508176152350014e-05 2.5889111909221065e-05 2.2407470568462086e-05
7551.66129664 0.00011770128792293527 5.713375181297071e-05 3.9770839186828284e-05 3.153709590300457e-05 2.5915570491619834e-05 2.2432677084615573e-05
7552.92001175 0.0001178962476604667 5.718757280584136e-05 3.9799920129662346e-05 3.1556820566057106e-05 2.5929419393554287e-05 2.24423881106463e-05
7554.17893666 0.00011794325295083239 5.713629609992301e-05 3.975204188862821e-05 3.1512907445452926e-05 2.588931108885758e-05 2.240407581643707e-05
7555.43807141 0.00011728517668611459 5.654809507385484e-05 3.9327386072691636e-05 3.1170051939057426e-05 2.5603937486499108e-05 2.2154670010017656e-05
7556.69741603 0.00011497692053530176 5.50534672212587e-05 3.8262184311463824e-05 3.0319208810082617e-05 2.490144911534945e-05 2.1547052800243784e-05
7557.95697056 0.00011424095965507884 5.4885555760989496e-05 3.8150890847621805e-05 3.0235685568252898e-05 2.4835256990930224e-05 2.1493560398866887e-05
7559.21673503 0.00011703757349350579 5.682189357572955e-05 3.953834801263159e-05 3.13515113549797e-05 2.5759769825601427e-05 2.229709192213042e-05
7560.47670948 0.00011737311334596878 5.6967595910781046e-05 3.9656706998074005e-05 3.1451141395652335e-05 2.5847412775181723e-05 2.237680696047233e-05
7561.73689394 0.00011657133084251698 5.639658014585758e-05 3.925824988481934e-05 3.1133410922926926e-05 2.558743605174901e-05 2.2153225008585985e-05
7562.99728846 0.0001174317736479627 5.692282371055893e-05 3.962613519928414e-05 3.142555625761955e-05 2.5825226477793128e-05 2.235599485663008e-05
7564.25789305 0.00011796603728302479 5.712314096866549e-05 3.974478506293258e-05 3.15085977484855e-05 2.588496842655335e-05 2.2399186465702566e-05
7565.51870777 0.0001176877263129874 5.6971099112431526e-05 3.963314653632046e-05 3.141697455859084e-05 2.580766589721968e-05 2.2330388412079793e-05
7566.77973263 0.00011731594434504251 5.681239394196439e-05 3.952883193897853e-05 3.133576487794334e-05 2.5742591578732027e-05 2.2275421807716416e-05
7568.04096769 0.00011745674471022984 5.693104096479761e-05 3.9608106380010314e-05 3.139422851212921e-05 2.578881721114275e-05 2.2313452541578326e-05
7569.30241297 0.00011689536384768816 5.663747340722229e-05 3.939314804588802e-05 3.121855675843872e-05 2.56421594271899e-05 2.2185154271391403e-05
7570.5640685 0.00011473565765145809 5.522996025750806e-05 3.83729880538925e-05 3.039077428132826e-05 2.4953306625183004e-05 2.1583410186650965e-05
7571.82593434 0.00011527443744225903 5.560768686288464e-05 3.864333320475104e-05 3.0607120894214026e-05 2.5132921312993577e-05 2.1738754118679216e-05
7573.08801049 0.00011731656673580351 5.699924709113556e-05 3.9644943482658647e-05 3.1415779843884926e-05 2.5804290342102952e-05 2.232270362259278e-05
7574.35029702 0.00011697040969706035 5.687326965672781e-05 3.956557837870725e-05 3.135985732505831e-05 2.5762935580531438e-05 2.2291137512486228e-05
7575.61279394 0.00011449504519655298 5.5255041676264353e-05 3.841986415488351e-05 3.0445528604377725e-05 2.501213276232079e-05 2.1644016575194798e-05
7576.87550129 0.00011470125198915078 5.532812525167986e-05 3.847364490966088e-05 3.0486865368202876e-05 2.504584220281948e-05 2.167166078742836e-05
7578.13841912 0.00011713057100285958 5.701360677065551e-05 3.9674538144292264e-05 3.1450812337328845e-05 2.5840893242113414e-05 2.235963258094759e-05
7579.40154745 0.00011786175719875373 5.750067636437019e-05 4.001959203725946e-05 3.172818334980492e-05 2.6069377828677406e-05 2.2557371027831872e-05
7580.66488631 0.00011751908289372651 5.7169207167884004e-05 3.9779645791542387e-05 3.153375722427708e-05 2.590740246855717e-05 2.2415190618754957e-05
7581.92843575 0.00011724239920649391 5.682325817060701e-05 3.9519840151774315e-05 3.131971790702125e-05 2.572624059801101e-05 2.2253685456087956e-05
7583.1921958 0.00011658038500301921 5.646408584099633e-05 3.9270984432466014e-05 3.11214113646193e-05 2.5564807103809084e-05 2.211544238658579e-05
7584.4561665 0.00011457372015957007 5.523085058396544e-05 3.839868792916354e-05 3.042154881084852e-05 2.4987895133726646e-05 2.1617082772212844e-05
7585.72034787 0.0001121672246370115 5.361139101652853e-05 3.722428110097452e-05 2.9469352304826048e-05 2.419270254565867e-05 2.0921731237899433e-05
7586.98473996 0.00011162888166122835 5.344018985700249e-05 3.709130016808514e-05 2.9358226269391406e-05 2.4096939666356442e-05 2.0835148636347574e-05
7588.24934279 0.0001110241667041839 5.2961214180644205e-05 3.6698871345290985e-05 2.9015519739178256e-05 2.3798833027281278e-05 2.0561212199219457e-05
7589.51415642 0.00011317325228022924 5.3973418553393184e-05 3.735159476365535e-05 2.9501445190739333e-05 2.418317588835107e-05 2.0875414564407308e-05
7590.77918086 0.0001147361203882104 5.4335670025651085e-05 3.751064725276186e-05 2.9581414955251844e-05 2.4221633840904744e-05 2.088208127196642e-05
7592.04441615 0.00011546497459067196 5.395318099495298e-05 3.711873929890869e-05 2.9213710033486325e-05 2.3883660745736094e-05 2.0557258110878804e-05
7593.30986234 0.000115654835504348 5.4171606062351686e-05 3.726159677261848e-05 2.9320197421154393e-05 2.3971632002962674e-05 2.063214797493477e-05
7594.57551945 0.00011588303932092712 5.4846574753436186e-05 3.7776912955864775e-05 2.9748035109494255e-05 2.433787526852754e-05 2.0960858804671864e-05
7595.84138753 0.00011577014538897741 5.5015465311874095e-05 3.7935397303064175e-05 2.9894048010548616e-05 2.446953438228694e-05 2.108481967455404e-05
7597.10746659 0.00011588029086021266 5.523709170260264e-05 3.8106724086904494e-05 3.00386305534481e-05 2.4592508071704372e-05 2.1194721515619245e-05
7598.37375669 0.00011559329027829846 5.507850433725811e-05 3.799046332106578e-05 2.994417144868525e-05 2.4512293526695037e-05 2.1123638116669393e-05
7599.64025786 0.00011535902587429261 5.488820166893355e-05 3.7862319035662815e-05 2.984547548982393e-05 2.4431660862764666e-05 2.1054355299703164e-05
7600.90697012 0.00011592143371035683 5.533645655721747e-05 3.817970093942619e-05 3.0099777568963205e-05 2.464307163899971e-05 2.123791703885916e-05
7602.17389353 0.00011524248799446787 5.498654114028051e-05 3.7935587901276945e-05 2.9902715483989075e-05 2.448283176144494e-05 2.1099838489287625e-05
7603.4410281 0.00011398954017649188 5.420812719010765e-05 3.738800108474335e-05 2.946463753457943e-05 2.4121912588600813e-05 2.0787208505890843e-05
7604.70837388 0.00011402042488488985 5.4256429558287714e-05 3.742300057605212e-05 2.9494454156367664e-05 2.4145861931167587e-05 2.0807611806109337e-05
7605.9759309 0.00011462627772470246 5.484094031878287e-05 3.7866567089078305e-05 2.9864633790051444e-05 2.4460734127447973e-05 2.1088313719776813e-05
7607.2436992 0.00011354909467499958 5.417874730866906e-05 3.7408790511470335e-05 2.9502855788814125e-05 2.416715291324812e-05 2.0837471384693514e-05
7608.51167882 0.00011344764762467313 5.391573409532152e-05 3.721890994072272e-05 2.9350407277323214e-05 2.4039763680020244e-05 2.0724437043147346e-05
7609.77986978 0.00011451718869802345 5.468110819026694e-05 3.7774131193748195e-05 2.9801888828418796e-05 2.441417042738963e-05 2.104996145990105e-05
7611.04827212 0.00011312488438963056 5.37742020987196e-05 3.7137368392153886e-05 2.9288517061257574e-05 2.398950028211362e-05 2.0680719267558594e-05
7612.31688588 0.00011182536167092629 5.272458454769947e-05 3.6384074390337195e-05 2.8677464475601654e-05 2.3481018506730583e-05 2.023526592798149e-05
7613.58571109 0.00011371571553158946 5.424738953117868e-05 3.7469160475514316e-05 2.95528118787559e-05 2.4208681568028598e-05 2.086928553934319e-05
7614.85474779 0.00011470662468606233 5.5089656061458497e-05 3.8078590780886875e-05 3.0049375043008293e-05 2.462335162223743e-05 2.1232494083094502e-05
7616.12399602 0.000113733024214865 5.423363095421567e-05 3.7479584401018454e-05 2.9572258478559873e-05 2.422912720716793e-05 2.089050084582815e-05
7617.3934558 0.00011114818037059643 5.266942302217947e-05 3.6388851486919484e-05 2.870491990053262e-05 2.351930534411177e-05 2.0280777510104838e-05
7618.66312718 0.0001077572261607419 5.0899139025300625e-05 3.515128429465994e-05 2.7724197220841272e-05 2.2717925576449204e-05 1.9594565096593924e-05
7619.93301019 0.00010792402855233365 5.084597261322349e-05 3.5119494286997746e-05 2.7701083779410646e-05 2.2699228418174146e-05 1.957798051212749e-05
7621.20310486 0.00010943057667722378 5.178011273907702e-05 3.579332457156367e-05 2.8242924745575242e-05 2.3150544233039518e-05 1.9970749673979714e-05
7622.47341124 0.00010982716364177441 5.223177438508348e-05 3.610624093709072e-05 2.849162393362997e-05 2.3355785792230705e-05 2.014766902408639e-05
7623.74392935 0.00011229253899376903 5.391651751562709e-05 3.729633795187923e-05 2.9444269628658394e-05 2.4140068729829132e-05 2.082472860526397e-05
7625.01465923 0.0001139540153808184 5.50772168765982e-05 3.812940022130435e-05 3.011432315873732e-05 2.4695232850206205e-05 2.130685171316607e-05
7626.28560091 0.00011391668084724445 5.500668546023316e-05 3.8063696824394964e-05 3.0053273872274473e-05 2.464077765360879e-05 2.1255415043895982e-05
7627.55675444 0.00011371056285035527 5.4807364657473494e-05 3.788382675351854e-05 2.988981866215651e-05 2.4495481997673445e-05 2.111986526157305e-05
7628.82811984 0.00011374150619970903 5.463362077864875e-05 3.771180961464163e-05 2.9728796894026594e-05 2.4347284790509273e-05 2.0977964514580325e-05
7630.09969716 0.0001133796382033866 5.3837007099327724e-05 3.70579154345779e-05 2.9164568412228795e-05 2.3854749723551754e-05 2.052743348813225e-05
7631.37148642 0.00011332287923409936 5.363098524477027e-05 3.687022436478267e-05 2.899572940799614e-05 2.3706548400096272e-05 2.039039939348759e-05
7632.64348766 0.00011376390973227594 5.416011818276786e-05 3.7263264044464745e-05 2.9319202725640296e-05 2.398072571816438e-05 2.0634028390213787e-05
7633.91570093 0.00011397066770986851 5.4501670114086486e-05 3.753310476598443e-05 2.95478855074859e-05 2.4177433610426305e-05 2.081141370188572e-05
7635.18812624 0.0001136883888844747 5.4422751013251406e-05 3.7502873727562144e-05 2.9533960571298508e-05 2.417291121452304e-05 2.0813278175575533e-05
7636.46076365 0.00011362753218065942 5.438662521696018e-05 3.747571544819867e-05 2.9512273239080875e-05 2.41543915933142e-05 2.079664922099428e-05
7637.73361318 0.00011361414749609733 5.435397040910413e-05 3.745137193167508e-05 2.949276807151377e-05 2.4136801028396812e-05 2.0780154735732512e-05
7639.00667486 0.00011273874132656718 5.378409436188829e-05 3.706211618806836e-05 2.918627671080617e-05 2.388787781549589e-05 2.0567428113393584e-05
7640.27994875 0.00011135758066598755 5.288025047928284e-05 3.6433824407609204e-05 2.8690275096705874e-05 2.3483927059574305e-05 2.0221436870787703e-05
7641.55343486 0.00011121823857996426 5.282957021027602e-05 3.640732936351439e-05 2.8675562270892256e-05 2.347517836208763e-05 2.021655119157563e-05
7642.82713324 0.0001123077284435813 5.374170002217929e-05 3.7056847653626515e-05 2.9196813339422748e-05 2.3905811149120148e-05 2.059048662445581e-05
7644.10104391 0.00011349137331156287 5.458938857681334e-05 3.7650636819724083e-05 2.9667950821784346e-05 2.429067342714024e-05 2.09211322785885e-05
7645.37516693 0.00011340495458520076 5.45083225299777e-05 3.7595793646687054e-05 2.962297701300779e-05 2.4253359621030132e-05 2.0888370126493257e-05
7646.64950231 0.0001129872281046007 5.419583544173898e-05 3.737824828361119e-05 2.944827949683868e-05 2.4110275677065378e-05 2.0764611114508417e-05
7647.92405011 0.00011289645565421801 5.416588323419475e-05 3.736296115292598e-05 2.9438294450325604e-05 2.4103577726738867e-05 2.075981833060388e-05
7649.19881034 0.00011227649088221699 5.3798196514242984e-05 3.711115206302125e-05 2.9238404514890948e-05 2.3940885792490035e-05 2.0620598431184075e-05
7650.47378306 0.00011202379562530656 5.370918795440033e-05 3.706622791204818e-05 2.9209446204733536e-05 2.3921326085232503e-05 2.060733955786681e-05
7651.74896828 0.00011254168048939147 5.410048043039435e-05 3.7356884569899194e-05 2.9449396463979528e-05 2.4122018774638288e-05 2.0783567806504398e-05
7653.02436606 0.00011240026399330692 5.397814314707234e-05 3.7275614881920795e-05 2.9385991861997534e-05 2.407040487525754e-05 2.073910393278982e-05
7654.29997642 0.00011171321448607887 5.362103471808794e-05 3.702246815908966e-05 2.9183948703928067e-05 2.3903445809527096e-05 2.0594908319719464e-05
7655.5757994 0.000109487961850656 5.213805352100095e-05 3.5969492907315964e-05 2.8339389032864185e-05 2.3204549493010575e-05 1.998858384361431e-05
7656.85183503 0.0001087655079248184 5.172465837172394e-05 3.56849428166142e-05 2.8114747533853315e-05 2.302180038198414e-05 1.9830841617652148e-05
7658.12808335 0.0001092619490889569 5.2433615277529986e-05 3.620260236471684e-05 2.853848736552755e-05 2.3378526824217313e-05 2.0145219474151155e-05
7659.4045444 0.00010689613503060105 5.099309108292056e-05 3.517813914361337e-05 2.771810862403941e-05 2.269948568965372e-05 1.9556919517654934e-05
7660.68121821 0.00010496769716026363 4.96204675238361e-05 3.421243969992782e-05 2.6947521069701867e-05 2.206281403575221e-05 1.900568877207932e-05
7661.95810482 0.00010511401099978998 4.976704163505988e-05 3.431833254908923e-05 2.7030400137534018e-05 2.213009065467781e-05 1.9063723108825595e-05
7663.23520426 0.00010617445217636127 5.0507246277147916e-05 3.4818602246784924e-05 2.741478619543283e-05 2.243789974434936e-05 1.932172537109761e-05
7664.51251657 0.00010717646559838457 5.0921929955026514e-05 3.5057407941230614e-05 2.7574267149809087e-05 2.2543544542750895e-05 1.9391022184543622e-05
7665.79004178 0.00010245576279968543 4.723872809277403e-05 3.233491323399981e-05 2.5332815895597334e-05 2.0636908152562805e-05 1.769750806183075e-05
7667.06777992 0.00010014646584147154 4.5332614242346574e-05 3.0888753585899554e-05 2.412624696008443e-05 1.9596029800671103e-05 1.6762287102228787e-05
7668.34573105 0.0001075042445293107 5.005078932160977e-05 3.425173254726668e-05 2.684019114338497e-05 2.1862038949386246e-05 1.8740840792446286e-05
7669.62389518 0.00011075286418431773 5.2308109406283866e-05 3.592172305447041e-05 2.822054914779268e-05 2.3046773187914663e-05 1.9799112424910698e-05
7670.90227236 0.00010941441193989433 5.175487361958677e-05 3.5583153509853004e-05 2.797866172877413e-05 2.2875877784872743e-05 1.9673187198844848e-05
7672.18086262 0.00010913194075513752 5.1757978871128596e-05 3.560238709128823e-05 2.8006426665854797e-05 2.290743348515948e-05 1.970774494402132e-05
7673.45966599 0.00011083247128329489 5.239781343684038e-05 3.601745799034038e-05 2.8323020646395766e-05 2.3149649491746712e-05 1.9901521426649208e-05
7674.73868252 0.00011127065127607294 5.224114315741695e-05 3.587146430449202e-05 2.8190269523452404e-05 2.3025806571737924e-05 1.978152410408744e-05
7676.01791223 0.00011124234457784314 5.228992050931516e-05 3.590980261466613e-05 2.8223380403083847e-05 2.305730305914432e-05 1.981201243920962e-05
7677.29735517 0.00011090731950941938 5.245938568229549e-05 3.6050773123120816e-05 2.834853883113512e-05 2.3172855411371407e-05 1.9922479198845864e-05
7678.57701136 0.00011045223573616619 5.246621903713285e-05 3.608491379088915e-05 2.838850226011304e-05 2.3217684735897867e-05 1.9971072944551528e-05
7679.85688085 0.0001106788998834194 5.267071401768535e-05 3.624277123433711e-05 2.85173894753691e-05 2.3326129596808802e-05 2.0066546738442728e-05
7681.13696367 0.00011001285781235013 5.229756834387503e-05 3.597793557401152e-05 2.830724804248633e-05 2.315332123635342e-05 1.9917167899595722e-05
7682.41725985 0.0001092236459222881 5.190835704889908e-05 3.570727873222533e-05 2.8096436691895295e-05 2.29830992165972e-05 1.9773022651086595e-05
7683.69776943 0.00011039787807167567 5.2497968227612624e-05 3.611671214898681e-05 2.84162916827194e-05 2.3240704111665526e-05 1.999098356370836e-05
7684.97849245 0.00011118681106087634 5.2891137332393625e-05 3.6388558853344526e-05 2.8626916366413763e-05 2.3409765340061053e-05 2.0133159176869827e-05
7686.25942894 0.00011115597502613454 5.293842639061144e-05 3.6423493066125845e-05 2.865595288027152e-05 2.343344603210747e-05 2.015300759958519e-05
7687.54057894 0.00011109792602202544 5.3069900826826385e-05 3.6528277887853055e-05 2.8747084649650114e-05 2.3512379387494437e-05 2.022420305228988e-05
7688.82194248 0.00011095419725921135 5.300069818833128e-05 3.648501268153527e-05 2.8715455317814128e-05 2.3489413092882954e-05 2.0207473963441995e-05
7690.1035196 0.00011008474093229417 5.2529238902085375e-05 3.6162736262077514e-05 2.846351973643309e-05 2.3287953299430852e-05 2.0039096230262568e-05
7691.38531033 0.00010913984758840137 5.1995966537844734e-05 3.579010838200518e-05 2.8167936126652642e-05 2.3045784777675943e-05 1.9831483832800722e-05
7692.66731471 0.00010751270624024173 5.113117858202932e-05 3.5191777244835505e-05 2.7695478250347234e-05 2.2657995683058822e-05 1.9498451406429385e-05
7693.94953278 0.00010670238365957086 5.069245116465064e-05 3.48852564428404e-05 2.7451925113596922e-05 2.2457060541104958e-05 1.9324708889308755e-05
7695.23196457 0.00010942769528075783 5.2200400370953054e-05 3.593650806024141e-05 2.8282996381679357e-05 2.3136752094350052e-05 1.9907225145742267e-05
7696.51461011 0.00011081878842809254 5.297577932824205e-05 3.647485296807245e-05 2.8707317034609046e-05 2.3483515683114492e-05 2.0204365402670224e-05
7697.79746945 0.00011043365613809937 5.280515390866639e-05 3.6358095282560074e-05 2.861264657539291e-05 2.340461469779649e-05 2.0135321089390776e-05
7699.08054262 0.00010938542343857797 5.206632518629281e-05 3.580692415771233e-05 2.8151934008294835e-05 2.30032243821672e-05 1.977226507014444e-05
7700.36382964 0.00010611636583706608 4.962277550783509e-05 3.3990151838879406e-05 2.6647020360241543e-05 2.1712064339113923e-05 1.8618462450520837e-05
7701.64733057 0.00010589533385522323 4.938805148108614e-05 3.3808257521496876e-05 2.6493779120783696e-05 2.1578783814019392e-05 1.8498146178392322e-05
7702.93104543 0.00010976921019044443 5.2141774988682055e-05 3.583366044250083e-05 2.8161222844566473e-05 2.299996661209922e-05 1.9761981036135364e-05
7704.21497426 0.0001110114807647083 5.304233079942916e-05 3.650917117425799e-05 2.872690135892392e-05 2.3491441224789275e-05 2.0205675615077817e-05
7705.4991171 0.00011102835191177642 5.306651398238047e-05 3.653554533416461e-05 2.875511129289969e-05 2.3520561437039165e-05 2.0235344315214956e-05
7706.78347398 0.00011094116552236306 5.274040644769365e-05 3.6283915894173815e-05 2.8546336616928285e-05 2.3339860584596655e-05 2.0071667497448246e-05
7708.06804494 0.00011087509041972861 5.250841047143283e-05 3.6097049265059666e-05 2.838747892934729e-05 2.3201368209981626e-05 1.9945390049468083e-05
7709.35283001 0.00011070054086277027 5.2458815075609143e-05 3.607117248811693e-05 2.837061152720125e-05 2.3191594135581223e-05 1.994041504649711e-05
7710.63782923 0.00010970343049743442 5.191192588667514e-05 3.569812100871968e-05 2.8078096109115293e-05 2.2956159860728294e-05 1.9741767453788497e-05
7711.92304263 0.00010646696891474388 5.0088728903886765e-05 3.4426623199357535e-05 2.7068304850646028e-05 2.2132677690894925e-05 1.9036730380714553e-05
7713.20847025 0.00010468961675045133 4.94344861060674e-05 3.4015080189346325e-05 2.6763533794075854e-05 2.189995121583455e-05 1.884817087281012e-05
7714.49411213 0.000105207107268292 4.9524918975969726e-05 3.407712269094837e-05 2.6808959883433068e-05 2.19337738241576e-05 1.887392806947185e-05
7715.7799683 0.00010389433083232205 4.812557105569669e-05 3.303134805449439e-05 2.5944966900776642e-05 2.1201384885507853e-05 1.8228010280794796e-05
7717.0660388 0.00010250630024429244 4.731746138871668e-05 3.244940591829479e-05 2.5479283324963586e-05 2.0817151286665067e-05 1.789755715912224e-05
7718.35232366 0.00010630113979688454 4.993743194291677e-05 3.4306144337669204e-05 2.6969848275651435e-05 2.2048199566004635e-05 1.89633791930971e-05
7719.63882292 0.00010977470750078655 5.219600855111889e-05 3.590870335424461e-05 2.8252700045766266e-05 2.3106131890688802e-05 1.9877760075520507e-05
7720.92553661 0.00010970483953496293 5.2193478293875175e-05 3.591783468914305e-05 2.8263102702236527e-05 2.311791927238538e-05 1.989064096230256e-05
7722.21246478 0.00010923885155527909 5.198557518437414e-05 3.578000389512621e-05 2.8155899276690187e-05 2.3033052462683474e-05 1.9820397622202847e-05
7723.49960745 0.00010871437709868606 5.165986717342092e-05 3.5545318873953026e-05 2.796595746089546e-05 2.2874562903588794e-05 1.968226840067545e-05
7724.78696466 0.00010745734065401389 5.063246590684711e-05 3.4799707356562996e-05 2.7358579546743964e-05 2.236432318989249e-05 1.9233539695135804e-05
7726.07453645 0.00010835000208935219 5.111137473524668e-05 3.514279413887039e-05 2.763610789258084e-05 2.2593903319235258e-05 1.9432295978822353e-05
7727.36232285 0.00010961234439436038 5.2006773157469264e-05 3.5797536789567484e-05 2.817237855699428e-05 2.3045131973119723e-05 1.982943191817886e-05
7728.6503239 0.0001083370014649018 5.1419359672308006e-05 3.539901965478113e-05 2.7862625313728317e-05 2.2796918111359463e-05 1.9621669764725815e-05
7729.93853964 0.00010743271992397785 5.1040941261045275e-05 3.514168797330483e-05 2.766321194143938e-05 2.2636308895663915e-05 1.9487165852126715e-05
7731.22697009 0.00010948848449612072 5.238477756273862e-05 3.610055169734224e-05 2.8432414950994716e-05 2.3272160938466797e-05 2.0038019718080843e-05
7732.5156153 0.0001104227401606402 5.295753346647688e-05 3.6508515074759364e-05 2.8757888214240807e-05 2.35409821333519e-05 2.027023237885456e-05
7733.80447531 0.00011047314108803687 5.301098187576869e-05 3.65466724346714e-05 2.8787910188910082e-05 2.356609084391398e-05 2.029215336295646e-05
7735.09355014 0.00011017729228829201 5.284665978814271e-05 3.6436331224479086e-05 2.8702241828633918e-05 2.3497444715929923e-05 2.0234651196700902e-05
7736.38283984 0.0001102033502830297 5.289745808544586e-05 3.6474454484345195e-05 2.8734469564925083e-05 2.352528547554963e-05 2.025995088081805e-05
7737.67234443 0.00011069407570189088 5.3269740719429635e-05 3.6736812456400884e-05 2.894566292187522e-05 2.3699936493626853e-05 2.0411603841214652e-05
7738.96206396 0.00011091735302699064 5.346396497057429e-05 3.6889980203398373e-05 2.907614408897389e-05 2.3810814467832655e-05 2.0510683400087563e-05
7740.25199847 0.00011092974648479238 5.3519120915883304e-05 3.6944558515313985e-05 2.9126421273849872e-05 2.3855642546418993e-05 2.055244685573609e-05
7741.54214798 0.00011077019768593926 5.338500027001328e-05 3.6842817165313705e-05 2.9041938410126524e-05 2.3784339788455786e-05 2.0489018903887322e-05
7742.83251253 0.00010999953524472937 5.291279998430024e-05 3.650136832463243e-05 2.8768497145763402e-05 2.3558611627678758e-05 2.0293410571459907e-05
7744.12309216 0.0001073507950428223 5.1476601365357535e-05 3.550889085977696e-05 2.7989664827645717e-05 2.2927059890907127e-05 1.9755931331088692e-05
7745.4138869 0.00010674980371893416 5.098278733859323e-05 3.513949936617613e-05 2.7684930589461553e-05 2.2669045900295723e-05 1.9526919203899583e-05
7746.7048968 0.00010848463114102418 5.172324267177725e-05 3.5623228914686375e-05 2.8048268116991506e-05 2.2953406733563813e-05 1.9759840674449513e-05
7747.99612188 0.00010809131378263149 5.1335350476833084e-05 3.5331874848844454e-05 2.7803843419163006e-05 2.2746326481773764e-05 1.957582789997988e-05
7749.28756219 0.00010527024662252214 4.955177682849145e-05 3.405974658421338e-05 2.6780547337060025e-05 2.189717238440843e-05 1.8838048679585358e-05
7750.57921775 0.00010151014017880465 4.700342959842363e-05 3.223618107111499e-05 2.5315322940853232e-05 2.0678614554482388e-05 1.777688762432749e-05
7751.8710886 0.00010444033061319533 4.860396329392375e-05 3.3342981071991895e-05 2.619374364092539e-05 2.1394218906871253e-05 1.8387666146472228e-05
7753.16317479 0.0001076144145120955 5.065120006349808e-05 3.479403081265066e-05 2.7355775700876028e-05 2.235568955671176e-05 1.9220918502316095e-05
7754.45547634 0.00010912331641106451 5.1742519283671226e-05 3.558264920011248e-05 2.7992870430612156e-05 2.2887697000839226e-05 1.9686118778858562e-05
7755.74799329 0.00010985976186655015 5.2299543780636434e-05 3.5988075413632114e-05 2.8321996959566312e-05 2.3162570123186623e-05 1.9926723126609775e-05
7757.04072568 0.00010993421652940699 5.251881000869794e-05 3.615262258792903e-05 2.8457557888294866e-05 2.3278813717443076e-05 2.0031159968086746e-05
7758.33367355 0.00011017167773181174 5.268247105086593e-05 3.62621962191225e-05 2.8543329218334046e-05 2.3347975087919732e-05 2.0089765891266014e-05
7759.62683692 0.0001101115059161377 5.2532533472914455e-05 3.614191763053036e-05 2.8441076196897862e-05 2.3259012702432925e-05 2.0008650079791564e-05
7760.92021584 0.00010921804011530067 5.197748398130693e-05 3.575829041725764e-05 2.8136549412164675e-05 2.3011318673221885e-05 1.9796772240711524e-05
7762.21381034 0.00010871215624911143 5.178318029796817e-05 3.563421277400869e-05 2.80444814540697e-05 2.2940936590805258e-05 1.974060647855376e-05
7763.50762045 0.00010945610495338693 5.23683678458563e-05 3.605436043121019e-05 2.8384540259429622e-05 2.3223047233556138e-05 1.998657641632269e-05
7764.80164622 0.00011017606947212742 5.279562546503272e-05 3.635609772561586e-05 2.8624854581190984e-05 2.34184915596178e-05 2.0153829540368774e-05
7766.09588768 0.000109994820610047 5.265130811555283e-05 3.62628337107425e-05 2.855209347935757e-05 2.3360281994761197e-05 2.0104845442605094e-05
7767.39034486 0.00010979109735079925 5.243445177846395e-05 3.611825577775381e-05 2.8440006814454453e-05 2.3269207803051778e-05 2.002709824899891e-05
7768.68501781 0.00010999820030942433 5.2430350699674146e-05 3.6119786431563626e-05 2.844622985313868e-05 2.3273209716040268e-05 2.0030308243252855e-05
7769.97990655 0.00010994981854101608 5.2337954999329295e-05 3.604636563205678e-05 2.838408461783572e-05 2.321977275100769e-05 1.998230759253642e-05
7771.27501112 0.00010984856049802353 5.2488657175783684e-05 3.615217955490747e-05 2.8467046619288207e-05 2.3291127743605734e-05 2.0045928500603215e-05
7772.57033156 0.00010890153613798652 5.243482774533562e-05 3.615493108758862e-05 2.848964523238767e-05 2.3323471370353588e-05 2.008365554478747e-05
7773.86586791 0.00010695424101014959 5.2070441500669175e-05 3.5971217920542294e-05 2.8379780082406396e-05 2.325605601062473e-05 2.004140922821737e-05
7775.1616202 0.000106443979590664 5.1963008039392106e-05 3.5914616517010466e-05 2.8343842789256104e-05 2.323251531305859e-05 2.0025086366405312e-05
7776.45758846 0.00010559720014275313 5.1762816095724476e-05 3.5802850010009726e-05 2.82681187218096e-05 2.317800058372252e-05 1.998309547903776e-05
7777.75377274 0.00010651865775122724 5.2037014673374213e-05 3.5966962911814046e-05 2.838305506061496e-05 2.3263936487619268e-05 2.005195482613579e-05
7779.05017307 0.00010884608387257012 5.255721883629824e-05 3.624833771372721e-05 2.856514914345757e-05 2.3389589646783263e-05 2.014463966717297e-05
7780.34678948 0.0001093738851216433 5.252175747744604e-05 3.6180052272743645e-05 2.849084407287815e-05 2.3315467635430494e-05 2.0072237946729625e-05
7781.64362201 0.0001067914487340551 5.0970589043510544e-05 3.5074666825791745e-05 2.760359908441865e-05 2.2578501107298258e-05 1.9432311847375915e-05
7782.9406707 0.0001048849816851168 4.9814191026219936e-05 3.426251957051961e-05 2.6956193807798044e-05 2.204303544304652e-05 1.896891000621047e-05
7784.23793558 0.00010788749279720901 5.146742083732383e-05 3.5425265649203475e-05 2.7883367558041675e-05 2.2806435587974285e-05 1.9626968010539427e-05
7785.53541669 0.0001098782567568036 5.248790257870506e-05 3.612055652184338e-05 2.8430077586965184e-05 2.3250443373918583e-05 2.000443858492399e-05
7786.83311406 0.00010999345716219878 5.2575008969361485e-05 3.6184518104821406e-05 2.848201507157237e-05 2.329489563250467e-05 2.0044106339381013e-05
7788.13102774 0.00010916737061498756 5.2032856580728324e-05 3.580485026286458e-05 2.8177665670180285e-05 2.3043976639839435e-05 1.9827471806813614e-05
7789.42915775 0.00010756281887899304 5.094235862574613e-05 3.5029853842672055e-05 2.755492806153633e-05 2.252778139699478e-05 1.9379984357533414e-05
7790.72750413 0.0001056154447770419 4.960860863147921e-05 3.4081748509917155e-05 2.6794671883329512e-05 2.1901456482973257e-05 1.8839700861954746e-05
7792.02606693 0.00010697492903916912 5.04613141120689e-05 3.469215259727093e-05 2.7288733939116706e-05 2.231179943030069e-05 1.919627618120337e-05
7793.32484617 0.00010950118096769034 5.2244184142105416e-05 3.59731706155123e-05 2.8325319858366377e-05 2.317314154873968e-05 1.994591088234022e-05
7794.62384189 0.00011011874701118211 5.285083831041267e-05 3.641751551769625e-05 2.868646185386951e-05 2.3476217576126824e-05 2.0212690068970508e-05
7795.92305413 0.00010997566521694087 5.2852472328451926e-05 3.6426641487572026e-05 2.8695317982614e-05 2.3486718377324693e-05 2.0224517320153134e-05
7797.22248292 0.00010959169780909915 5.2617338574461905e-05 3.6260105896094514e-05 2.8562204291086694e-05 2.3377390345970038e-05 2.0130449646029627e-05
7798.5221283 0.00010806362424299048 5.178163507640884e-05 3.5680584939854885e-05 2.810601443691817e-05 2.300603454594579e-05 1.9814136556418426e-05
7799.82199031 0.00010592539344673754 5.0597477986831034e-05 3.485203325282541e-05 2.7450751688908553e-05 2.2471999784408632e-05 1.935816724496978e-05
7801.12206898 0.00010614045782110836 5.0666370060222685e-05 3.490038856339291e-05 2.748952425236574e-05 2.250322564529619e-05 1.938433025775661e-05
7802.42236434 0.00010770615014491267 5.127738718205369e-05 3.531366744277464e-05 2.7806367520052238e-05 2.2749648706265597e-05 1.9585307412208807e-05
7803.72287644 0.00010899545396328052 5.219730615611812e-05 3.5972373236984634e-05 2.8335527626684652e-05 2.3189425050900934e-05 1.9968544649972413e-05
7805.02360531 0.00010942044640906522 5.2642505307917323e-05 3.629381867166706e-05 2.8596172085287946e-05 2.3410594583822693e-05 2.016498897949728e-05
7806.32455099 0.00010983457305148816 5.29409111276255e-05 3.650528154968082e-05 2.8765296951206554e-05 2.355096349808794e-05 2.0287073259502706e-05
7807.62571351 0.00010968854259896702 5.288150490513024e-05 3.6467313347567425e-05 2.8736187643441076e-05 2.352902986987889e-05 2.026971639185497e-05
7808.92709291 0.00010844867666691716 5.210315289937133e-05 3.591969863237075e-05 2.8300722307276165e-05 2.3171306017769365e-05 1.9961895579072447e-05
7810.22868922 0.00010757489384306027 5.161376945608795e-05 3.558477866247276e-05 2.8039991953909425e-05 2.2959763214681217e-05 1.9782556620682924e-05
7811.53050248 0.00010812930628201629 5.203079070179138e-05 3.588900782504487e-05 2.8287257449337055e-05 2.3165734951374454e-05 1.9962707512002628e-05
7812.83253273 0.00010712682830729876 5.1402200112941144e-05 3.5443877231956725e-05 2.7929876327037777e-05 2.2871300858308585e-05 1.9708313138787322e-05
7814.13478001 0.00010783514169755479 5.1906815584337466e-05 3.58058577718857e-05 2.8221593423292893e-05 2.3113418102679865e-05 1.9919082470356228e-05
7815.43724434 0.0001094589100147606 5.2982066943212335e-05 3.657259355043809e-05 2.8837673675073254e-05 2.362251704975468e-05 2.0360297842461433e-05
7816.73992577 0.00010985565490652816 5.3212814027687676e-05 3.674162995145997e-05 2.8975363467584304e-05 2.3736975233182504e-05 2.04598766916621e-05
7818.04282432 0.0001097389825473825 5.311469994893046e-05 3.668053339505809e-05 2.893020792405746e-05 2.3702359608785147e-05 2.043169160541064e-05
7819.34594005 0.00010968546627901872 5.3073060469134194e-05 3.664123871031654e-05 2.8894697918597126e-05 2.3670780484355014e-05 2.040211404103382e-05
7820.64927298 0.00010961241036736234 5.300163762249632e-05 3.659297056855641e-05 2.8857860931606566e-05 2.3640518571737062e-05 2.0375990726907113e-05
7821.95282316 0.00010926340582014711 5.256273210848931e-05 3.6268801035790784e-05 2.859260167388932e-05 2.3416744523393008e-05 2.0177872613710684e-05
7823.2565906 0.00010907500877929647 5.24057113426094e-05 3.6136736232161025e-05 2.847729722062286e-05 2.3316563840543677e-05 2.0086682098210847e-05
7824.56057536 0.0001094512840084049 5.281882443453919e-05 3.643113901909711e-05 2.8715168946617508e-05 2.3514466267280796e-05 2.025971972900697e-05
7825.86477747 0.0001097331095158073 5.3102482374395027e-05 3.663654532643289e-05 2.888189491712209e-05 2.3653770570934337e-05 2.0381941908028367e-05
7827.16919697 0.00010913541459927369 5.2749417826748284e-05 3.638650285880255e-05 2.8681634169555633e-05 2.3490239251080323e-05 2.02418039377572e-05
7828.47383389 0.00010735716338054733 5.1526559686483304e-05 3.551809379083991e-05 2.798576023979111e-05 2.2916187525337668e-05 1.9745228648543036e-05
7829.77868826 0.00010773387422938092 5.159118146981542e-05 3.5541350075058864e-05 2.7994690569367596e-05 2.2913802127388686e-05 1.9734770830473847e-05
7831.08376013 0.00010918807653758912 5.240533920711295e-05 3.6089228253817424e-05 2.842079688850644e-05 2.3254637702602775e-05 2.0020166897094006e-05
7832.38904952 0.00010826446147329158 5.188355459284156e-05 3.572122531370627e-05 2.812588598903332e-05 2.3011238093520946e-05 1.980951698373568e-05
7833.69455649 0.00010453772197617411 4.978277888415183e-05 3.425072184800421e-05 2.6955987009778337e-05 2.2048718990101075e-05 1.8980135869250514e-05
7835.00028106 0.00010421733971923725 4.962778467337612e-05 3.414993807749755e-05 2.688078455502965e-05 2.198881162248854e-05 1.893018714701924e-05
7836.30622326 0.00010624949330655467 5.055420508482239e-05 3.4808447977456044e-05 2.7409818638737844e-05 2.2425216557983165e-05 1.9306699193452232e-05
7837.61238314 0.00010497954256953926 4.9617477200064006e-05 3.414143154061094e-05 2.687149551214552e-05 2.1977132485677922e-05 1.8915454982989622e-05
7838.91876073 0.00010586427471686918 5.039498019068694e-05 3.4698754617163054e-05 2.731896772260355e-05 2.2351163733069193e-05 1.9242305596359432e-05
7840.22535607 0.00010795870642906687 5.1903680066959534e-05 3.5780009424359194e-05 2.8191545936630696e-05 2.307990991333056e-05 1.987956446014385e-05
7841.5321692 0.0001078683822364837 5.168144009664032e-05 3.561545766358566e-05 2.8058422809767156e-05 2.2965893720122554e-05 1.977738096222994e-05
7842.83920014 0.00010672812641655683 5.081412313268775e-05 3.5002821362156784e-05 2.7569940249776553e-05 2.2559531418687316e-05 1.9422594413331414e-05
7844.14644894 0.00010741668593279443 5.153115740056002e-05 3.552548503655536e-05 2.7995582633338116e-05 2.2920165977206802e-05 1.9742239426737485e-05
7845.45391564 0.00010791287819595943 5.1960881270451136e-05 3.583005354579628e-05 2.8238524168908154e-05 2.312388017533017e-05 1.9921690673374414e-05
7846.76160026 0.00010702392572594524 5.1338997798166494e-05 3.539113385582602e-05 2.788489124469255e-05 2.28295493452326e-05 1.966554897511144e-05
7848.06950285 0.00010732921654097488 5.157587509679604e-05 3.5560690768460076e-05 2.8021129515975637e-05 2.2942009018183466e-05 1.976306327694518e-05
7849.37762344 0.00010842171065260095 5.239799674600939e-05 3.615075517292362e-05 2.8499650566677548e-05 2.3341423100558833e-05 2.0112040686036388e-05
7850.68596207 0.00010769328561393065 5.1852874827110395e-05 3.578055721653633e-05 2.821385615302682e-05 2.3111649954058343e-05 1.9917436524533523e-05
7851.99451877 0.00010615155714708551 5.0811852681254196e-05 3.5062596438727716e-05 2.764913290006498e-05 2.265483238146346e-05 1.9528919193368336e-05
7853.30329359 0.00010647772257857963 5.097901678456095e-05 3.517461004735824e-05 2.7730554816854653e-05 2.2717215218199473e-05 1.957898886572293e-05
7854.61228655 0.0001070989414627467 5.116499025006753e-05 3.528978133108628e-05 2.7811282896137487e-05 2.2771340316261024e-05 1.961618671141067e-05
7855.9214977 0.00010715229476619684 5.144753919515795e-05 3.5507533800118024e-05 2.799439814973897e-05 2.293076461373143e-05 1.9761453461255886e-05
7857.23092706 0.00010621904153371633 5.110787277184311e-05 3.52836882764562e-05 2.7824687742512794e-05 2.280260092348074e-05 1.9660038305861875e-05
7858.54057468 0.00010672550207691522 5.144086445077289e-05 3.5524833142260694e-05 2.8022385981321663e-05 2.2967770763936496e-05 1.9804541298238128e-05
7859.8504406 0.0001081686367348102 5.233167566175053e-05 3.614453900111039e-05 2.851411216334044e-05 2.336771000079228e-05 2.0146201189916177e-05
7861.16052484 0.00010845157502076619 5.269016039553681e-05 3.64046339785468e-05 2.8724176347642138e-05 2.35424707089406e-05 2.0298808561595304e-05
7862.47082745 0.00010786928659082665 5.248165130799871e-05 3.626465307834669e-05 2.8614772481696395e-05 2.3454128670052734e-05 2.0223068707993413e-05
7863.78134846 0.00010775932301285359 5.218863089192762e-05 3.602346562904191e-05 2.8406945172365215e-05 2.3272846292028955e-05 2.005748369151419e-05
7865.09208791 0.00010800571342569715 5.219582179040582e-05 3.6015744152268574e-05 2.8395912499114662e-05 2.326194663230823e-05 2.0047120669647187e-05
7866.40304584 0.0001081606620160461 5.23728437930758e-05 3.6150337596402694e-05 2.8508017119441314e-05 2.3357758247830867e-05 2.0133395236878174e-05
7867.71422227 0.00010867504223410354 5.278287082755213e-05 3.644309649237661e-05 2.874378690251635e-05 2.3552363915688864e-05 2.030219238164974e-05
7869.02561726 0.00010870968525411523 5.281028771109866e-05 3.6464265842211744e-05 2.8761076998653182e-05 2.3567201016372272e-05 2.031534925010234e-05
7870.33723083 0.00010844666941998864 5.257710254455457e-05 3.6301044879091115e-05 2.8631226749278585e-05 2.3460600209266287e-05 2.022345909138631e-05
7871.64906301 0.00010804368013655741 5.216481822930319e-05 3.6003071248780354e-05 2.839127203150187e-05 2.3260691132700916e-05 2.004858487769796e-05
7872.96111386 0.00010789218833917037 5.2117543416587054e-05 3.5980881582230886e-05 2.8376878015432065e-05 2.325192560817566e-05 2.0043511462254362e-05
7874.2733834 0.00010717304361657636 5.1641359068742786e-05 3.5667608832233715e-05 2.81288618636585e-05 2.3052878270795126e-05 1.987488448777396e-05
7875.58587167 0.0001065224266629281 5.1133639462859326e-05 3.5321456382622465e-05 2.7852738132977643e-05 2.2828338666811784e-05 1.968228542229794e-05
7876.8985787 0.00010668981532610311 5.1420498796160746e-05 3.5530201940389514e-05 2.8025885948220138e-05 2.297363662225671e-05 1.9810625519176012e-05
7878.21150454 0.00010620801845574095 5.15613829433657e-05 3.566451750619937e-05 2.8151542716647422e-05 2.30861079901538e-05 1.9915057103374358e-05
7879.52464921 0.00010580027899842954 5.154485765076906e-05 3.567498262148563e-05 2.8170248652728188e-05 2.310722896433615e-05 1.993779578157561e-05
7880.83801277 0.0001064324199697136 5.158399660235712e-05 3.5665072698499494e-05 2.8145823490812737e-05 2.3078549009736983e-05 1.9906959532306626e-05
7882.15159523 0.00010653180571532854 5.1440260931733884e-05 3.5551674881961445e-05 2.8050241612728174e-05 2.2998250938806503e-05 1.9836227705290493e-05
7883.46539664 0.00010604738907697264 5.1016599748719133e-05 3.526562419724897e-05 2.7829288940819642e-05 2.282083699404285e-05 1.96852932693795e-05
7884.77941704 0.00010616246848544192 5.1125897846124504e-05 3.536009920189953e-05 2.791341771441904e-05 2.2894390078306456e-05 1.9752813062349804e-05
7886.09365646 0.00010673372536303062 5.137363737757416e-05 3.552209668762213e-05 2.803698815638852e-05 2.2988281865122047e-05 1.982930298687045e-05
7887.40811494 0.00010681307681796816 5.130288479122205e-05 3.546541573886111e-05 2.7989449845221646e-05 2.294524205696224e-05 1.9789549171745788e-05
7888.72279251 0.00010678878542137958 5.165869922352421e-05 3.573101724375382e-05 2.8208358653933495e-05 2.3133404495275033e-05 1.9958802051016752e-05
7890.03768922 0.00010595804864909626 5.117272669823446e-05 3.5376253509650014e-05 2.791771742521623e-05 2.2889001520419137e-05 1.9743814384687823e-05
7891.35280509 0.00010534527541788272 5.0728273125787584e-05 3.505671446025547e-05 2.765773378660052e-05 2.2671786981992103e-05 1.9553496188611714e-05
7892.66814016 0.00010602418480577664 5.133502437708964e-05 3.550779488509549e-05 2.802818586623893e-05 2.2987337572538867e-05 1.9833882875439533e-05
7893.98369448 0.0001066783525067347 5.187019576831147e-05 3.5893729531818504e-05 2.834090790527403e-05 2.3248932249230596e-05 2.0063118752708636e-05
7895.29946807 0.00010583361197289195 5.115326736869894e-05 3.540094546813701e-05 2.7947483185012473e-05 2.2927159421725877e-05 1.9785683138567834e-05
7896.61546098 0.00010405298206485791 4.985634567389249e-05 3.4513951990619006e-05 2.7244652154229726e-05 2.2353148388735894e-05 1.9290810908183863e-05
7897.93167324 0.00010319861056100701 4.984481380281262e-05 3.453671784082084e-05 2.727917473137644e-05 2.2389105760501602e-05 1.9325962067322508e-05
7899.24810488 0.00010404978538560817 5.04948890895152e-05 3.4984752290904304e-05 2.7634811715074306e-05 2.2680919577741448e-05 1.9578149773279456e-05
7900.56475595 0.00010550797378019718 5.097780687320307e-05 3.528290677843615e-05 2.7856110003009786e-05 2.285266730285081e-05 1.9720318713130436e-05
7901.88162648 0.00010597721428727195 5.1183975346372556e-05 3.540366839013207e-05 2.7943464762003805e-05 2.291783659836913e-05 1.9771890577393363e-05
7903.19871651 0.00010571409835317849 5.112914715894586e-05 3.536842140508372e-05 2.791667654781825e-05 2.2896437632864235e-05 1.9753650377873483e-05
7904.51602607 0.00010567540208861274 5.117146449906511e-05 3.5405196303239225e-05 2.7952064133748184e-05 2.2926976742618386e-05 1.9781626188724628e-05
7905.83355519 0.0001057658637180184 5.1015865004896906e-05 3.52914624540997e-05 2.786012979546758e-05 2.2849214323288823e-05 1.9713175587518313e-05
7907.15130393 0.00010586059701326732 5.1072489336386e-05 3.534168987390778e-05 2.7902874912743387e-05 2.288689094467203e-05 1.9747864130117924e-05
7908.46927231 0.00010616070934517025 5.133453194283525e-05 3.551418808216632e-05 2.803681614850236e-05 2.299408564637413e-05 1.983829251185612e-05
7909.78746037 0.00010542862000252081 5.068016797590204e-05 3.50177937087884e-05 2.762279265963869e-05 2.2642978500976095e-05 1.9525343620160887e-05
7911.10586814 0.00010376960250752956 4.949306936489218e-05 3.4175390289767265e-05 2.6942106918699328e-05 2.2080176168406342e-05 1.9035658976720088e-05
7912.42449567 0.0001035143291630748 4.959027952925089e-05 3.424571801706296e-05 2.7002847208846043e-05 2.2132750687394432e-05 1.9084706764319743e-05
7913.74334298 0.00010294976758082897 4.916182603456516e-05 3.391917389296983e-05 2.6730043624676554e-05 2.1898883314861467e-05 1.887661965401304e-05
7915.06241013 0.00010078817614610475 4.751363077701878e-05 3.274822628167232e-05 2.5780500186180608e-05 2.111012889953016e-05 1.8189002759626943e-05
7916.38169713 0.00010263396186698763 4.8947797263558026e-05 3.379183982337251e-05 2.6633236466850177e-05 2.1826597169513977e-05 1.8819047733688713e-05
7917.70120404 0.00010437891364348744 5.0280752454282916e-05 3.475031099617229e-05 2.741301571532738e-05 2.247852131901743e-05 1.9390143949295787e-05
7919.02093088 0.00010323784768545743 4.9551138520951166e-05 3.4251005415270386e-05 2.7019973360129554e-05 2.216152551257288e-05 1.9120649327206156e-05
7920.34087769 0.00010212398454871032 4.896913457795373e-05 3.385661730994975e-05 2.671405486322443e-05 2.191728755229228e-05 1.89156426297058e-05
7921.66104452 0.00010400159865575946 5.0161434403714954e-05 3.468964156043574e-05 2.7378469171858307e-05 2.2459598270914193e-05 1.9381352317631473e-05
7922.98143139 0.00010555739928111635 5.09949843585525e-05 3.526225353608771e-05 2.7829580798035595e-05 2.2822758538898458e-05 1.9688787243284445e-05
7924.30203834 0.000105148285108045 5.072026674646672e-05 3.507430078909892e-05 2.767869106863355e-05 2.269788807700329e-05 1.9579808327404543e-05
7925.62286541 0.00010390045026917294 5.0082849776436324e-05 3.4650529121812115e-05 2.7347698210193164e-05 2.243245579462339e-05 1.9355489210543616e-05
7926.94391264 0.00010414502141160528 5.0449909935521115e-05 3.490990176094122e-05 2.7563407759106946e-05 2.2613969129826853e-05 1.9517304003456756e-05
7928.26518006 0.0001039870166617739 5.031465884396229e-05 3.481135981496634e-05 2.7484700900876986e-05 2.2548789691780312e-05 1.946133716942664e-05
7929.58666771 0.0001040754738718762 5.028007724237599e-05 3.478976469726429e-05 2.7461319764282636e-05 2.2526871785234592e-05 1.9438925550335195e-05
7930.90837563 0.00010452835321042253 5.0698178037652486e-05 3.509804174306491e-05 2.7712948068187553e-05 2.2737181971392333e-05 1.9623208095200287e-05
7932.23030385 0.0001043372606454048 5.083494096360978e-05 3.5213304055381956e-05 2.781991396682095e-05 2.2832452240998787e-05 1.9713022493674027e-05
7933.55245241 0.00010298776613557094 5.029883973319839e-05 3.484602811918989e-05 2.753898203921961e-05 2.260914386456796e-05 1.95278476458211e-05
7934.87482135 0.0001015393106074889 4.9231222012623065e-05 3.408890102505227e-05 2.692864314879876e-05 2.2106184610775683e-05 1.9092485216030413e-05
7936.1974107 0.00010341862759816417 5.0112110129451196e-05 3.469682443556012e-05 2.740289010386406e-05 2.2488347179078955e-05 1.9415985759286203e-05
7937.5202205 0.00010438614658196544 5.069294044094246e-05 3.508794108433295e-05 2.7712839430295167e-05 2.2735848499221654e-05 1.962537241595471e-05
7938.84325078 0.00010081884789160478 4.8295571433995247e-05 3.33842194272912e-05 2.6346233240158234e-05 2.1601382074831987e-05 1.8638683797850333e-05
7940.16650159 0.00010050300057332535 4.780771485691272e-05 3.3041863762279717e-05 2.6065531661805908e-05 2.1368567425848264e-05 1.843393868051893e-05
7941.48997296 0.00010348006518030445 4.96844885495914e-05 3.4367230981117884e-05 2.7125746092048703e-05 2.2245676305043568e-05 1.9194389307339197e-05
7942.81366493 0.00010333991754864298 4.9557068351429565e-05 3.425118410715335e-05 2.702587033361691e-05 2.2157503515926885e-05 1.9114809926112658e-05
7944.13757753 0.00010226762787909823 4.8900596946544356e-05 3.380425390266934e-05 2.6673119339874192e-05 2.1871992423651313e-05 1.8871605999789696e-05
7945.4617108 0.00010097208525053255 4.8317909741254326e-05 3.343405725065917e-05 2.6399792101962556e-05 2.1661811006683774e-05 1.8701428726607475e-05
7946.78606478 9.897763488604818e-05 4.708572816266276e-05 3.2560663965693536e-05 2.5704482034937797e-05 2.108574146781296e-05 1.820191108164918e-05
7948.1106395 9.913110996569127e-05 4.724523159598337e-05 3.264704140893741e-05 2.5758317300710747e-05 2.1116208286722843e-05 1.821890136503077e-05
7949.435435 0.00010251471301865858 4.921972350473134e-05 3.402134800194402e-05 2.684380594200202e-05 2.2000037293703234e-05 1.8974231595677923e-05
7950.76045133 0.0001037468737980402 4.9679451481554396e-05 3.434718312627799e-05 2.709928252389594e-05 2.2207784884998225e-05 1.915060703642506e-05
7952.0856885 0.00010355942711807268 4.975635273274409e-05 3.44299514447934e-05 2.7175861154186975e-05 2.228446279325535e-05 1.922678977465082e-05
7953.41114657 0.00010396008954859184 5.051130597205457e-05 3.4995228206495035e-05 2.7644458105151146e-05 2.268742466616721e-05 1.958835516007968e-05
7954.73682556 0.000104796027760567 5.127148882089775e-05 3.554731547062832e-05 2.8099109080210047e-05 2.3069596455205483e-05 1.992614610362288e-05
7956.06272552 0.00010443205099665982 5.0845028406285216e-05 3.524509046269653e-05 2.785881666930548e-05 2.2871550084086055e-05 1.975536151926796e-05
7957.38884648 0.00010334905126697698 4.9839323870905404e-05 3.452268404399793e-05 2.727310096582452e-05 2.2384044980874515e-05 1.9329338345088953e-05
7958.71518848 0.00010337422970488554 4.9761391656093035e-05 3.4464312825113904e-05 2.7223115194596886e-05 2.2340708374842623e-05 1.928947268850985e-05
7960.04175156 0.00010438311545279097 5.052087982929981e-05 3.5002532608342285e-05 2.7658393792533387e-05 2.2700665349537492e-05 1.960260114769427e-05
7961.36853575 0.00010475451744346269 5.077668539214522e-05 3.5183839584725865e-05 2.780942485320367e-05 2.2825762222185833e-05 1.971244744235792e-05
7962.69554108 0.00010509593023194899 5.095528216851168e-05 3.531098279553066e-05 2.7912033373027266e-05 2.290814271146267e-05 1.97823090439168e-05
7964.0227676 0.00010496532156836733 5.0968044212103316e-05 3.5326771460348064e-05 2.7922159369437394e-05 2.2916980206584064e-05 1.9789976568121582e-05
7965.35021535 0.00010450263704253439 5.078713945296582e-05 3.521526157687034e-05 2.7835836588412406e-05 2.2852055781766322e-05 1.9738046426958008e-05
7966.67788436 0.00010466827357611204 5.0989625937920564e-05 3.536850456282862e-05 2.7966393041880807e-05 2.296506305547844e-05 1.9840861249685006e-05
7968.00577466 0.00010511218190004705 5.136047768399648e-05 3.563029205481866e-05 2.8178605189611973e-05 2.3141109839627747e-05 1.9994781926374268e-05
7969.33388629 0.00010544490866362586 5.1766505322612325e-05 3.5924215688171286e-05 2.8418042107055948e-05 2.3340087450638084e-05 2.0169146953767077e-05
7970.6622193 0.00010507646498112754 5.161627405850044e-05 3.583275848872401e-05 2.8349969711701043e-05 2.3288001472807812e-05 2.0127322877414826e-05
7971.99077371 0.00010451536143063714 5.1250001827697254e-05 3.557777770117019e-05 2.814731252662165e-05 2.3124459570064385e-05 1.9988136324672605e-05
7973.31954957 0.00010457868356621936 5.121350245738059e-05 3.5551087351717973e-05 2.8125688561880374e-05 2.310663936040095e-05 1.9972717248070786e-05
7974.64854691 0.0001050340910816511 5.147621156336577e-05 3.5737456077378094e-05 2.8275372727033692e-05 2.322837207552373e-05 2.0077055599381084e-05
7975.97776576 0.00010504833694858506 5.152860528670827e-05 3.5764522327442635e-05 2.8293454660804677e-05 2.3239869375890528e-05 2.008444121104826e-05
7977.30720617 0.00010509556684953813 5.1551942756264875e-05 3.576649015944812e-05 2.829194877753352e-05 2.3234382822818494e-05 2.007664766705433e-05
7978.63686818 0.00010528740024925069 5.154971153870919e-05 3.5762781909310656e-05 2.8288490152404224e-05 2.3228638180303615e-05 2.006960468218883e-05
7979.96675181 0.00010407040312667851 5.032285934136226e-05 3.487929088479942e-05 2.7564910455410535e-05 2.2620213296887646e-05 1.953289574392616e-05
7981.29685711 0.00010330786053518776 4.953667995740701e-05 3.4299663754681214e-05 2.708599031038021e-05 2.2214835413505244e-05 1.9173276659018673e-05
7982.62718411 0.00010434102316731947 5.069688868991915e-05 3.5155648098942316e-05 2.7790641793405255e-05 2.281322841950798e-05 1.9705005681955125e-05
7983.95773285 0.00010568507205209727 5.194888909728081e-05 3.605197301245972e-05 2.8520095051789154e-05 2.34227306910669e-05 2.0239740804427134e-05
7985.28850336 0.00010638601128549388 5.2512155765090647e-05 3.6442724064214986e-05 2.8833562819047342e-05 2.3679789552490436e-05 2.0462025426226024e-05
7986.61949569 0.00010560006226631436 5.1933052480434236e-05 3.6044195567783304e-05 2.8514621354522158e-05 2.34187178206257e-05 2.0237071987915076e-05
7987.95070987 0.00010442922562214321 5.094005064234723e-05 3.5335002652865144e-05 2.7939084966693276e-05 2.2941004038518556e-05 1.9820050741012896e-05
7989.28214594 0.00010259346249160697 4.9333032735788645e-05 3.4171314221864676e-05 2.6988328411235635e-05 2.214621697337749e-05 1.9121571813350324e-05
7990.61380394 0.00010372491174222513 5.024511793576362e-05 3.480215515986684e-05 2.749152368756175e-05 2.2558740160006432e-05 1.947762576003546e-05
7991.94568389 0.0001061673022121871 5.230265948668474e-05 3.627043454883532e-05 2.8684856113486504e-05 2.3550255653630247e-05 2.034491769585995e-05
7993.27778584 0.00010606753934135176 5.224016899942763e-05 3.6230767131934145e-05 2.8655117770818006e-05 2.3527096592261008e-05 2.032598144149847e-05
7994.61010983 0.00010528553438760747 5.1549392625462914e-05 3.574271283180782e-05 2.8262202010314395e-05 2.3201708069619278e-05 2.00423870656435e-05
7995.94265589 0.0001049970028940293 5.119257103090557e-05 3.5499313441074555e-05 2.8072205196530955e-05 2.304637513285548e-05 1.990913633911011e-05
7997.27542406 0.00010399092000369458 5.036660934924015e-05 3.491601762664325e-05 2.7599872451551035e-05 2.2655342102007607e-05 1.9569011370083354e-05
7998.60841438 0.00010394161825046164 5.041564399876893e-05 3.4934680443572745e-05 2.7610678443085696e-05 2.2658652798743893e-05 1.9569276976329545e-05
7999.94162688 0.00010270723686094961 5.000824836269239e-05 3.464090915018149e-05 2.7379751082544046e-05 2.246735226219237e-05 1.9405995270403664e-05
8001.2750616 0.00010044778059817535 4.867221879982466e-05 3.37020944414857e-05 2.6628927000892606e-05 2.184911021089041e-05 1.8872135701589226e-05
8002.60871858 0.00010269833926124082 5.003024320775422e-05 3.46840223412619e-05 2.7420197494126574e-05 2.2509164920353467e-05 1.9447605696312308e-05
8003.94259785 0.0001039248198574669 5.0757295503140216e-05 3.5208126227722826e-05 2.784269291968434e-05 2.2861348397997867e-05 1.975498465345644e-05
8005.27669946 0.00010324901539391795 5.011644812443179e-05 3.4756928913754575e-05 2.7480275444151362e-05 2.2561914021510676e-05 1.949510855173983e-05
8006.61102343 0.00010475457880249277 5.1042315437919475e-05 3.5410737476158505e-05 2.801122315526583e-05 2.2999371950117693e-05 1.9874703512757757e-05
8007.94556981 0.00010559035946322622 5.171939282817706e-05 3.588710802439914e-05 2.83973424939018e-05 2.331895609071082e-05 2.0153504732310277e-05
8009.28033863 0.00010457205835801188 5.122397492113284e-05 3.555618717878054e-05 2.813605352778824e-05 2.3110286345179122e-05 1.997835049034027e-05
8010.61532994 0.00010436464868557346 5.1163148789824724e-05 3.5530765778943336e-05 2.811999927295242e-05 2.3100747681538118e-05 1.9973092907190754e-05
8011.95054376 0.00010503549909555617 5.168222621159902e-05 3.5900308133849896e-05 2.8416539970019405e-05 2.334496355706541e-05 2.018471168803078e-05
8013.28598013 0.00010512876982227579 5.172863642286911e-05 3.593936534218496e-05 2.8449761605589038e-05 2.337407009430646e-05 2.0211481546988157e-05
8014.62163909 0.00010515953793830326 5.177353219467533e-05 3.597633096250972e-05 2.8482833162871074e-05 2.3403453432851206e-05 2.0239208842982506e-05
8015.95752069 0.00010607398703533182 5.258770643415916e-05 3.65520706827534e-05 2.8949195369939678e-05 2.3787976907836233e-05 2.0573554445807365e-05
8017.29362495 0.00010603491153429506 5.259623518688958e-05 3.656397049916402e-05 2.896125287506222e-05 2.3798368567658603e-05 2.0583163383447457e-05
8018.62995191 0.00010533722628649723 5.19913277659323e-05 3.6136840024584866e-05 2.8614674489780713e-05 2.3511523874604015e-05 2.033340253053406e-05
8019.96650161 0.00010505404032290397 5.180843271751854e-05 3.6012752959728754e-05 2.8516604054831694e-05 2.3431656192974178e-05 2.0265292726638505e-05
8021.30327409 0.00010549359983301907 5.2211441511035365e-05 3.630539406889158e-05 2.8757732779394986e-05 2.363322859791081e-05 2.0443333776320287e-05
8022.64026938 0.00010523132080599814 5.194874188374576e-05 3.611489623278915e-05 2.8601352750413453e-05 2.3502720940006884e-05 2.0328762640939088e-05
8023.97748752 0.00010522001408969684 5.186388063472974e-05 3.604547037656849e-05 2.8541842056066947e-05 2.3450886752826676e-05 2.0281849301319828e-05
8025.31492856 0.00010543827832951806 5.188038756095578e-05 3.6038983785334287e-05 2.853108896257777e-05 2.3435180245850148e-05 2.0264213761706504e-05
8026.65259251 0.00010406827749336385 5.05170156526757e-05 3.505143053859466e-05 2.77268363587484e-05 2.2759685753591915e-05 1.9669488950537872e-05
8027.99047943 0.00010244157763091968 4.909953525710307e-05 3.405417243474481e-05 2.6933146044299786e-05 2.2106901205922278e-05 1.910470368613482e-05
8029.32858935 0.00010046385063838539 4.752674983920878e-05 3.294108031616969e-05 2.6054267839542955e-05 2.138474893096214e-05 1.8482868714394565e-05
8030.66692231 0.00010050110656662235 4.806203246156497e-05 3.3335343952294663e-05 2.6376088399635698e-05 2.165574847781268e-05 1.8724655196694688e-05
8032.00547834 0.00010372190727478005 5.077834901702835e-05 3.5292085362846796e-05 2.795036546529338e-05 2.2965601066121098e-05 1.986796869749752e-05
8033.34425748 0.00010560812708350694 5.213876792427209e-05 3.626058260247487e-05 2.8727369140391446e-05 2.3608352584320953e-05 2.0425756284550134e-05
8034.68325977 0.00010613617113291954 5.256324152350575e-05 3.656080104769607e-05 2.8969411685021014e-05 2.3807484635747123e-05 2.059850138568134e-05
8036.02248525 0.00010570263488372629 5.241100623504625e-05 3.6461981852262196e-05 2.889389546568009e-05 2.374736260934934e-05 2.0548820067241213e-05
8037.36193394 0.00010493455870273772 5.2010224636536184e-05 3.6183241047125615e-05 2.867323323057286e-05 2.3567839854291876e-05 2.039577923589552e-05
8038.7016059 0.00010571570528279775 5.2567998741313224e-05 3.658197695740176e-05 2.8998341163214703e-05 2.3837184253580504e-05 2.0631562691185543e-05
8040.04150116 0.00010620319480707578 5.273036756677398e-05 3.6693851765506836e-05 2.9086191655558532e-05 2.3906939190297617e-05 2.069012657307004e-05
8041.38161975 0.00010589646300883718 5.232500371361214e-05 3.6405113706636854e-05 2.8851090503642377e-05 2.371082790350762e-05 2.0517912201381756e-05
8042.72196171 0.00010545673560249931 5.186117333688278e-05 3.607843168524802e-05 2.8588606487229254e-05 2.349381647228926e-05 2.032917697603029e-05
8044.06252708 0.0001053658615793268 5.179902912286584e-05 3.603400030805314e-05 2.855389067243096e-05 2.346504082888692e-05 2.0304618437464085e-05
8045.4033159 0.00010434173022783798 5.121739499069303e-05 3.563283294546418e-05 2.823262457893141e-05 2.3202140268312176e-05 2.0078742819479853e-05
8046.7443282 0.0001023435539493114 5.007398353042151e-05 3.4831859478398844e-05 2.7594137820400637e-05 2.2675262090273796e-05 1.962388202416742e-05
8048.08556402 9.995306637555205e-05 4.866670328341502e-05 3.3800701310036935e-05 2.6759670654388905e-05 2.1974092898830894e-05 1.9010442201092268e-05
8049.4270234 0.00010003015309388969 4.8386923781813815e-05 3.355214532790826e-05 2.653501126802652e-05 2.1770925245849182e-05 1.8821447503849435e-05
8050.76870637 0.0001023012918397651 4.989122887485861e-05 3.465269717727289e-05 2.7432719860085052e-05 2.2526559016913012e-05 1.948635920614796e-05
8052.11061298 0.0001037041542042404 5.0973000764586556e-05 3.5476939953304336e-05 2.8120146629667333e-05 2.3116086220439785e-05 2.0013003783949838e-05
8053.45274326 0.00010495254636839705 5.1784435907561665e-05 3.606409670789344e-05 2.8596981576259552e-05 2.3511776832674677e-05 2.035792218138424e-05
8054.79509724 0.00010517687620431909 5.190226915305529e-05 3.614417890421448e-05 2.8659482660814844e-05 2.3560272188744242e-05 2.039786721075652e-05
8056.13767497 0.00010466335613830027 5.1482466425127036e-05 3.584205861374888e-05 2.8415568690099462e-05 2.335715972482321e-05 2.0220586550297735e-05
8057.48047648 0.0001052366075358033 5.183117158390821e-05 3.608143132649708e-05 2.8610855375221715e-05 2.351759608335198e-05 2.0360068068100406e-05
8058.82350181 0.00010565195736442441 5.222012688284743e-05 3.636180518735858e-05 2.883969597982781e-05 2.3708254200434442e-05 2.052739646320451e-05
8060.16675099 0.00010583130035951441 5.2486438721929864e-05 3.6554781673338446e-05 2.8995835842476547e-05 2.38369129808959e-05 2.0638773038875603e-05
8061.51022407 0.00010556633021178597 5.236447920837821e-05 3.647771338849812e-05 2.8933241244230334e-05 2.3786329501807403e-05 2.059588650347182e-05
8062.85392108 0.0001051381006240512 5.195306426640762e-05 3.6196779500723555e-05 2.8708290360876192e-05 2.3602253267581724e-05 2.0438176700413663e-05
8064.19784206 0.00010517582160214014 5.17358507952278e-05 3.60184376146204e-05 2.8556768504110185e-05 2.3469101015817413e-05 2.0316417641298596e-05
8065.54198704 0.0001051372590246531 5.1542406046184694e-05 3.587565863718983e-05 2.844215734979796e-05 2.3371555447344532e-05 2.0230099683595015e-05
8066.88635606 0.00010563571211269649 5.206405433414756e-05 3.625197361222467e-05 2.8748087916137637e-05 2.3626239707192542e-05 2.0454285229901124e-05
8068.23094917 0.0001053929677905963 5.182809037399277e-05 3.6078824712318296e-05 2.8605818460990745e-05 2.3506812736255332e-05 2.0349747724416215e-05
8069.57576639 0.00010406552908184053 5.053242676024633e-05 3.514565782521714e-05 2.7844224279099463e-05 2.2869666000054125e-05 1.979037014730257e-05
8070.92080777 0.00010348893073100051 4.9781618978892396e-05 3.457994597153242e-05 2.737628981918569e-05 2.2471273083519206e-05 1.9435381302205687e-05
8072.26607334 0.00010263179472199039 4.92969507610506e-05 3.423941261820988e-05 2.710752103763889e-05 2.22527487067434e-05 1.9248728482429734e-05
8073.61156314 0.00010152671683183261 4.9080978820867056e-05 3.411938679150749e-05 2.7022641422466932e-05 2.2195226238395192e-05 1.9210032171390837e-05
8074.95727721 0.00010218124564191133 4.9793905498571844e-05 3.464827124705768e-05 2.745572772325876e-05 2.2559449070063577e-05 1.9532558143264973e-05
8076.30321558 0.00010271739573083844 5.001602339943116e-05 3.479131737499721e-05 2.7561212708907494e-05 2.2637372568618806e-05 1.959323013662853e-05
8077.64937829 0.00010297268417651351 5.003457914956681e-05 3.477932038663421e-05 2.7539728067892394e-05 2.260858798459026e-05 1.9560104338652494e-05
8078.99576538 0.00010481736409513604 5.161013824616693e-05 3.593555065838277e-05 2.849088699951644e-05 2.3410836022116147e-05 2.0269915577309205e-05
8080.34237689 0.00010529058060677387 5.212728757882703e-05 3.632185033575776e-05 2.881178020774759e-05 2.3684558571438332e-05 2.051459406178678e-05
8081.68921286 0.000104394284380599 5.140408727691218e-05 3.5806418460550915e-05 2.839702068086821e-05 2.3340818316388623e-05 2.021644316505134e-05
8083.03627331 0.00010301190058471454 5.022107819104361e-05 3.497275283207606e-05 2.7724764525985902e-05 2.2785175789833946e-05 1.9733999137339086e-05
8084.38355829 0.00010355042689842619 5.071886198984089e-05 3.5342719960087236e-05 2.8028479316094424e-05 2.304039985535648e-05 1.9959172193173474e-05
8085.73106784 0.00010342400210730374 5.090028196126476e-05 3.5469965462661744e-05 2.8137933907483575e-05 2.3129921592706546e-05 2.0038628185706036e-05
8087.07880199 0.00010129641854644854 4.9579606520052776e-05 3.451157471317505e-05 2.7365031574024777e-05 2.2484217043181703e-05 1.947548330894824e-05
8088.42676079 0.00010297600390931997 5.073241586529265e-05 3.533760197546908e-05 2.8030889929864705e-05 2.303731465664806e-05 1.9958171460911666e-05
8089.77494426 0.00010517543286114104 5.216374705642904e-05 3.638093993866969e-05 2.887944132246395e-05 2.3747849934160932e-05 2.0582006172551206e-05
8091.12335245 0.00010408259403391655 5.117940791366851e-05 3.568601607483715e-05 2.8319157500905697e-05 2.3286558055483243e-05 2.01823313235329e-05
8092.47198539 0.00010265090100081572 5.002625432780746e-05 3.4881003968974055e-05 2.7674679479342325e-05 2.2757512557289393e-05 1.9725698353810776e-05
8093.82084312 0.00010137921393364145 4.9128765723535605e-05 3.424220716934733e-05 2.7163391948499258e-05 2.2335152007424845e-05 1.9360225751355016e-05
8095.16992568 9.970678822906872e-05 4.765887487528536e-05 3.3167605683831976e-05 2.6294387597717972e-05 2.160881996861863e-05 1.8724104289815684e-05
8096.51923311 0.00010202133640587815 4.940069321838318e-05 3.441256061933314e-05 2.7301430546299837e-05 2.2441303552071694e-05 1.9448596427283884e-05
8097.86876544 0.0001037093715125927 5.089603554557858e-05 3.5484090593394285e-05 2.8160372589339137e-05 2.315193681985034e-05 2.006641869697374e-05
8099.21852271 0.0001030486154181851 5.039064957351188e-05 3.51200781128942e-05 2.7865230095077298e-05 2.2906316377558904e-05 1.9852410441204508e-05
8100.56850496 0.00010339438863728085 5.0611140175616984e-05 3.528250164421616e-05 2.8003377707089458e-05 2.3022528245006606e-05 1.9956039218757822e-05
8101.91871223 0.00010437406833941762 5.121879969331824e-05 3.5711636779423676e-05 2.8346873367906705e-05 2.3304693848843217e-05 2.0199415355096377e-05
8103.26914454 0.00010500138356664865 5.1692529888348503e-05 3.605732242352724e-05 2.8623397856608187e-05 2.3534384065526844e-05 2.0399439162829046e-05
8104.61980195 0.00010481654807347356 5.16569001984022e-05 3.6045586876991216e-05 2.8614877546597117e-05 2.3530122601783126e-05 2.0398124890856195e-05
8105.97068449 0.00010389566537189149 5.095694768389192e-05 3.556343660110233e-05 2.8229010671186313e-05 2.3214344689332647e-05 2.0126361790014786e-05
8107.32179219 0.00010366245506128736 5.075030569300994e-05 3.5426307419005334e-05 2.8122984259214204e-05 2.3129350944445794e-05 2.0055479149036762e-05
8108.6731251 0.00010404178580930699 5.104156189661062e-05 3.5624368924139213e-05 2.82822205439581e-05 2.325868090760137e-05 2.0167388512608053e-05
8110.02468325 0.00010419349347173006 5.1038243122237696e-05 3.56114226008183e-05 2.827250058422855e-05 2.3247198401408773e-05 2.0156079881614268e-05
8111.37646667 0.00010412565223447751 5.091744397438021e-05 3.5529343730929975e-05 2.820808041432873e-05 2.319405315743633e-05 2.0110372146549842e-05
8112.72847542 0.00010433007831917714 5.120368520704496e-05 3.573598714171151e-05 2.8374003195499756e-05 2.3331274229345294e-05 2.0230355038425025e-05
8114.08070951 0.00010457616179864799 5.1303492215919465e-05 3.5787389371011326e-05 2.840964199447419e-05 2.335421277071921e-05 2.0246411942715866e-05
8115.433169 0.00010429391542717676 5.1066462783384146e-05 3.5631365419853656e-05 2.8288244464252306e-05 2.325684777889246e-05 2.016463463747753e-05
8116.78585391 0.00010347208270110782 5.035145658627114e-05 3.51254717384422e-05 2.7877429381503437e-05 2.291565251185862e-05 1.986676450998423e-05
8118.1387643 0.00010289218209851074 4.912458694929228e-05 3.4190044668338936e-05 2.709909091731204e-05 2.2246948499926225e-05 1.9267048733164365e-05
8119.49190018 0.0001035634225817478 4.9418428395234014e-05 3.4379149891503835e-05 2.7246607045403345e-05 2.236094530840989e-05 1.936142447058268e-05
8120.84526161 0.00010467168761940499 5.1177060894673325e-05 3.570356055297823e-05 2.834389479104855e-05 2.3296169364668688e-05 2.0197021626724425e-05
8122.19884861 0.00010476511447297222 5.1508541620077024e-05 3.59692285958581e-05 2.856964308894729e-05 2.3494742827748513e-05 2.0379144243083467e-05
8123.55266124 0.00010541706542845464 5.204358429737569e-05 3.635333277552243e-05 2.888566030722048e-05 2.3758870613574287e-05 2.0612309959474274e-05
8124.90669951 0.00010575886756809618 5.2457549714046475e-05 3.6652624547175845e-05 2.9130616251249795e-05 2.3962487143326947e-05 2.0791639866596026e-05
8126.26096348 0.0001054033840965131 5.220752602727803e-05 3.6484586118988276e-05 2.89971255457058e-05 2.3853257319790218e-05 2.0698418292689762e-05
8127.61545318 0.00010434824604407796 5.134861283776759e-05 3.5889200214751084e-05 2.852069027375176e-05 2.3462353721249228e-05 2.0361386659118e-05
8128.97016865 0.0001041323394212455 5.113104955244427e-05 3.573168140600916e-05 2.839241493409622e-05 2.335501336229297e-05 2.026784701655171e-05
8130.32510992 0.00010498505774275105 5.174689633703695e-05 3.616186308754285e-05 2.8740955647438014e-05 2.3641592661210313e-05 2.0517388243051715e-05
8131.68027703 0.00010501445129917397 5.176832758663725e-05 3.617881324030599e-05 2.8756632965571115e-05 2.3654699904950078e-05 2.0529598717659786e-05
8133.03567002 0.00010409652709105204 5.098909758485837e-05 3.562838822095613e-05 2.8312051661683306e-05 2.328615833760194e-05 2.0208185619706238e-05
8134.39128893 0.00010477097651318698 5.123926286466797e-05 3.577552309323097e-05 2.8424186297764153e-05 2.336938238959788e-05 2.0274290387159908e-05
8135.7471338 0.00010556003501124256 5.1840996968040226e-05 3.6192230203328325e-05 2.8758609189535732e-05 2.3643432901244796e-05 2.0511978458822307e-05
8137.10320466 0.00010571954775734249 5.230870071225649e-05 3.6553907623414706e-05 2.905681824328782e-05 2.389863151489174e-05 2.074117306348641e-05
8138.45950154 0.0001050998146222622 5.191387230803759e-05 3.62943625411686e-05 2.8852693211624653e-05 2.3735050869944408e-05 2.0603492951922482e-05
8139.8160245 0.00010508822974490502 5.191723338362072e-05 3.630212422457703e-05 2.8862180315980296e-05 2.3744440399183547e-05 2.0614064669831955e-05
8141.17277357 0.00010541693563501847 5.223052626339386e-05 3.652221214858708e-05 2.904081035738195e-05 2.3892412361077777e-05 2.0744128950704142e-05
8142.52974877 0.0001048289628376486 5.174533117772602e-05 3.618697872694327e-05 2.8775712312539974e-05 2.36768966581483e-05 2.0560318650345618e-05
8143.88695016 0.00010474201590832927 5.156359387699318e-05 3.6048505839604806e-05 2.865921391450638e-05 2.3576627811631623e-05 2.0470078378056197e-05
8145.24437777 0.00010508620920247346 5.166130853797259e-05 3.609808114862903e-05 2.8692031630114664e-05 2.3596113146047262e-05 2.0481427195011864e-05
8146.60203163 0.00010556903079527817 5.179622730312172e-05 3.6184944300234115e-05 2.876495476023346e-05 2.3652962412548408e-05 2.052979945549676e-05
8147.95991179 0.00010578266781019532 5.214825528652889e-05 3.6445319702943495e-05 2.897802592540434e-05 2.3832389472925283e-05 2.0689266399659844e-05
8149.31801828 0.00010529428540453704 5.200844097163823e-05 3.6363792145844786e-05 2.8915801795639326e-05 2.3786564000763433e-05 2.065401340917879e-05
8150.67635114 0.0001043068743930336 5.137805428331265e-05 3.593428100314213e-05 2.8577248088806024e-05 2.3512568436417336e-05 2.0421400646354986e-05
8152.03491041 0.0001035593120897072 5.083402294024853e-05 3.554284307335662e-05 2.825867728178203e-05 2.3247692772187072e-05 2.0190036090339482e-05
8153.39369613 0.00010508271019304486 5.190822335746876e-05 3.628731893930111e-05 2.8851622536788747e-05 2.3732176941253173e-05 2.060628259849143e-05
8154.75270832 0.0001056200667513643 5.2221251361000035e-05 3.651411726661626e-05 2.9038570029078354e-05 2.388855028828788e-05 2.0744185724420743e-05
8156.11194704 0.000104907006427155 5.181615881568539e-05 3.625046111204614e-05 2.8836765087695624e-05 2.372867996034567e-05 2.0611988567623025e-05
8157.47141232 0.00010469620808270003 5.179180045903758e-05 3.6236815883260376e-05 2.8825068242994595e-05 2.3718408930929187e-05 2.060302562953754e-05
8158.83110419 0.00010589360649573223 5.272319460221921e-05 3.689261047720478e-05 2.93523352637383e-05 2.41516581692753e-05 2.097847648858314e-05
8160.1910227 0.00010625776866290829 5.2964749143634316e-05 3.705982405856353e-05 2.9486898980652237e-05 2.4261334526323e-05 2.1073388248468073e-05
8161.55116788 0.00010571519952207617 5.222133758868253e-05 3.650328638219307e-05 2.9027489111506124e-05 2.3870897821270742e-05 2.072571154069487e-05
8162.91153977 0.00010409741964225328 5.015107817049483e-05 3.498277596389367e-05 2.77804025568241e-05 2.282039806216145e-05 1.979612241003316e-05
8164.2721384 0.00010324541746190735 4.972202935546213e-05 3.4701754836968164e-05 2.756055524416625e-05 2.2646660869033353e-05 1.965119384361755e-05
8165.63296383 0.00010484502312272172 5.169813824984247e-05 3.615875055835481e-05 2.876017244424449e-05 2.365875971265471e-05 2.054900049213738e-05
8166.99401607 0.0001056346222153065 5.25319892064776e-05 3.677749785865723e-05 2.9272072854768574e-05 2.409176415002872e-05 2.093394603612045e-05
8168.35529518 0.00010524004739661864 5.224419948374566e-05 3.656668124632878e-05 2.9096110947585273e-05 2.3943317076676253e-05 2.0801463798956383e-05
8169.71680118 0.00010466259691595538 5.184197475541947e-05 3.628321792151047e-05 2.8866912396266705e-05 2.3753430634899882e-05 2.0635953976117426e-05
8171.07853412 0.00010446868214406174 5.170544656607409e-05 3.6185489166600394e-05 2.8790426899667675e-05 2.3690546011130794e-05 2.0582264999553355e-05
8172.44049404 0.0001047877943644058 5.195879221207035e-05 3.635954716255561e-05 2.893230573321275e-05 2.380733947090543e-05 2.0683923931721317e-05
8173.80268097 0.00010493358637290328 5.215761008247624e-05 3.651195342193354e-05 2.9062371032184737e-05 2.391917972717608e-05 2.0785042078237757e-05
8175.16509495 0.00010459382635064643 5.1917636088891484e-05 3.6343832486882795e-05 2.8925275573077793e-05 2.3805095895274967e-05 2.068497877387041e-05
8176.52773601 0.00010434931228485545 5.173229488300141e-05 3.6219720253863855e-05 2.882435455879604e-05 2.372282053420067e-05 2.0613427339969693e-05
8177.8906042 0.00010505514408843434 5.234727557577678e-05 3.66597319869619e-05 2.9180600561912838e-05 2.4018810321193598e-05 2.087163480603275e-05
8179.25369956 0.00010507162755185647 5.2443534778109714e-05 3.6726970850248766e-05 2.92358288068689e-05 2.4064531863360325e-05 2.0911899722297272e-05
8180.61702212 0.00010404359648672872 5.1692117674360686e-05 3.6184660378474524e-05 2.8796895860896232e-05 2.3698847838999252e-05 2.0592547268170636e-05
8181.98057191 0.00010336848787163212 5.1066362945003345e-05 3.572507636470494e-05 2.8416334152089415e-05 2.3375902743727453e-05 2.030419102742491e-05
8183.34434899 0.00010292969291793518 5.0772788848113704e-05 3.5473366242048215e-05 2.818701548624732e-05 2.3161601705874525e-05 2.0098596498845346e-05
8184.70835337 0.0001001145966703523 4.8970877654533996e-05 3.4083587001340316e-05 2.70170708044438e-05 2.2142124266164994e-05 1.9175632577192747e-05
8186.07258512 9.912847526685094e-05 4.832968839119091e-05 3.361851485705561e-05 2.6637658092160287e-05 2.182314218475639e-05 1.8893820085855917e-05
8187.43704425 0.0001020026951748214 5.0217922220971305e-05 3.5062876483385054e-05 2.785263145619025e-05 2.2878727861491175e-05 1.9846454553470953e-05
8188.80173081 0.00010229036014237305 5.012020494554796e-05 3.502173113192676e-05 2.7841699458518134e-05 2.289167500576259e-05 1.987205926743468e-05
8190.16664484 0.00010219691193437019 5.0280579225141375e-05 3.518002056133346e-05 2.7986430858456798e-05 2.3028154995177155e-05 2.000228192015888e-05
8191.53178637 0.00010416128619239406 5.214156142249737e-05 3.653491464290831e-05 2.90937864439344e-05 2.3955456829562247e-05 2.0818260740753627e-05
8192.89715545 0.00010523174881460747 5.309586288406971e-05 3.720802050814149e-05 2.9636140917188243e-05 2.4401871613731788e-05 2.1205343940485705e-05
8194.2627521 0.00010361168913440204 5.173875159432183e-05 3.6192565169011114e-05 2.878406587548426e-05 2.367338162586407e-05 2.0550936819880454e-05
8195.62857638 9.993066482265927e-05 4.8960522219926494e-05 3.4081957119668414e-05 2.7012435250922734e-05 2.2147164319048914e-05 1.9176488449598304e-05
8196.99462831 9.601574536055618e-05 4.6103419619296974e-05 3.190163243419635e-05 2.5185849623154295e-05 2.057684293332292e-05 1.7764942830276614e-05
8198.36090793 9.874795337941833e-05 4.770557204368728e-05 3.30135518799071e-05 2.6064242029981607e-05 2.1313659410629962e-05 1.8404748867966155e-05
8199.72741529 0.00010127043822402781 4.9379757209276546e-05 3.423180202841738e-05 2.7064032723495036e-05 2.2174180330704882e-05 1.9171761574929622e-05
8201.09415042 0.00010074809170117932 4.9173976637425274e-05 3.41360376916416e-05 2.7019844132633588e-05 2.216158369931296e-05 1.917871666795334e-05
8202.46111335 0.00010099824435107914 4.9643480690185314e-05 3.455407865654101e-05 2.7392212826785978e-05 2.2495688370968097e-05 1.9486628220735902e-05
8203.82830413 0.00010070209329394612 4.967638979574861e-05 3.463908083965271e-05 2.7489962271592785e-05 2.2596191299025725e-05 1.958614344968502e-05
8205.1957228 0.00010100949015057924 4.927375820954071e-05 3.4289015842345654e-05 2.7177981036831325e-05 2.231883088114536e-05 1.9329229109571803e-05
8206.56336939 0.00010045018483930487 4.807176201743103e-05 3.332328946929509e-05 2.6342506294130097e-05 2.159158857995843e-05 1.8667647340872142e-05
8207.93124394 0.00010084810271136144 4.852821415827698e-05 3.362157372833789e-05 2.6569507997227816e-05 2.1775158464000203e-05 1.8823231351336586e-05
8209.29934648 0.00010072906377103025 4.8901498754527226e-05 3.3921287451846766e-05 2.6831011892857495e-05 2.2008281621811686e-05 1.9039683954131332e-05
8210.66767706 0.0001005286197017702 4.90162872093549e-05 3.403928244916059e-05 2.6942756412489787e-05 2.2112793341467415e-05 1.9140284715323247e-05
8212.03623572 0.00010192565420451403 5.0208289249146984e-05 3.490863176144671e-05 2.765293053593011e-05 2.2706289698899346e-05 1.9660720831887023e-05
8213.40502249 0.00010159021161155279 5.0071789154339256e-05 3.4821525969922886e-05 2.7593325741080232e-05 2.265922899857598e-05 1.9622511731808457e-05
8214.77403741 9.874164496170286e-05 4.82415588282036e-05 3.352706034501072e-05 2.6561899165658433e-05 2.1807077111028015e-05 1.8883814287536903e-05
8216.14328051 9.867602965105845e-05 4.8436476067607436e-05 3.36868061848549e-05 2.669430152351308e-05 2.1923203595019848e-05 1.89886696954266e-05
8217.51275185 0.00010074060582376113 4.9822417789549225e-05 3.4681144484014355e-05 2.7491985957487215e-05 2.258798097777868e-05 1.9568410645037427e-05
8218.88245144 0.00010222238332637024 5.069525569984741e-05 3.527847456513366e-05 2.7965477947844226e-05 2.2973664088435713e-05 1.9898669224581077e-05
8220.25237934 0.00010240104457204027 5.0674671265115965e-05 3.5248752256456886e-05 2.793510672574081e-05 2.2941699417337343e-05 1.986727294887616e-05
8221.62253558 9.895108203156631e-05 4.8541174104491297e-05 3.373561932168284e-05 2.671959045975324e-05 2.1932290035438787e-05 1.899118780733775e-05
8222.9929202 9.669957842271123e-05 4.712562648490276e-05 3.2729966322956174e-05 2.591029661330843e-05 2.1261490632952826e-05 1.8408500382526576e-05
8224.36353324 9.973354347374747e-05 4.89890264997831e-05 3.4069713844822895e-05 2.6988501557929764e-05 2.2161230514602747e-05 1.919229995626645e-05
8225.73437472 0.00010254136879035644 5.08113953360785e-05 3.537001030201156e-05 2.803825602675187e-05 2.3033605829081794e-05 1.995196264192265e-05
8227.10544471 0.00010377434988487441 5.166257394585269e-05 3.598455531276375e-05 2.854258009910626e-05 2.345554295199569e-05 2.032397295831309e-05
8228.47674322 0.00010385485993871233 5.1819431526160284e-05 3.6122340770741524e-05 2.8667518211587196e-05 2.3566513091800436e-05 2.0428178205277396e-05
8229.8482703 0.00010286147915909463 5.1163024274730864e-05 3.5686354302333115e-05 2.8327866246264544e-05 2.3292579833728764e-05 2.0196017448267482e-05
8231.22002599 0.00010219948885236531 5.079352031707516e-05 3.5432714430938226e-05 2.8127601957930052e-05 2.312969907488279e-05 2.0056470705029637e-05
8232.59201032 0.00010175221688656167 5.062306004445317e-05 3.529445343786378e-05 2.801466559836033e-05 2.303525782168862e-05 1.9974462829432967e-05
8233.96422334 0.000100308351798159 4.956421545853327e-05 3.4521566156994506e-05 2.738554227353367e-05 2.2509445961364894e-05 1.9513924348159176e-05
8235.33666508 0.00010091854837272467 4.9990056787206476e-05 3.482014846058424e-05 2.7620000601486397e-05 2.269859779273584e-05 1.9673010512394608e-05
8236.70933557 0.00010211283722172457 5.090308580330305e-05 3.548578181590407e-05 2.8159285850027333e-05 2.3146995117444337e-05 2.006253168451832e-05
8238.08223487 0.00010203051351945031 5.070367118795184e-05 3.5349827002331935e-05 2.8051409095330914e-05 2.305951604886199e-05 1.9988335236766202e-05
8239.455363 0.00010150936911778741 5.021480124108597e-05 3.500246003748003e-05 2.7770897083671416e-05 2.2826652276068043e-05 1.9786647512976275e-05
8240.82872 0.00010107682327411867 4.9861347351596605e-05 3.473241944887587e-05 2.7550586273340343e-05 2.263796260753214e-05 1.9620136294602386e-05
8242.20230592 0.00010199641909900911 5.038448600776651e-05 3.509044111310884e-05 2.7836612175598112e-05 2.2871235109375695e-05 1.982003767348884e-05
8243.57612078 0.0001025524703550423 5.059189148173903e-05 3.524663342828513e-05 2.796446547197673e-05 2.2979236543201802e-05 1.9913108493337887e-05
8244.95016464 0.00010222167762874235 5.056816461846873e-05 3.5256701902356105e-05 2.7978905094222096e-05 2.2998853063315742e-05 1.993523653713455e-05
8246.32443752 0.00010261944170479663 5.108755358108144e-05 3.564197726887742e-05 2.8294629114645728e-05 2.326584994154077e-05 2.0172326542207685e-05
8247.69893946 0.00010319628941770971 5.1588865956906044e-05 3.599945896132783e-05 2.8587492539427584e-05 2.3509985583343367e-05 2.0386872911876013e-05
8249.07367051 0.00010139076492965268 5.047157948915202e-05 3.5217869018607656e-05 2.7965285642494406e-05 2.300046845532128e-05 1.9947513394712187e-05
8250.4486307 9.938251247566225e-05 4.9675737666061326e-05 3.4686937788920174e-05 2.755982253915279e-05 2.2678444895742312e-05 1.967725220649689e-05
8251.82382006 0.00010091279900737431 5.0726578559308706e-05 3.5418081390235445e-05 2.8140395788675388e-05 2.3154319302456185e-05 2.0086335609712507e-05
8253.19923865 0.00010223389066070752 5.086576827933535e-05 3.5453945294304016e-05 2.8131194945024823e-05 2.3125953335406456e-05 2.0043870151547138e-05
8254.57488649 0.00010203163169348479 5.006202093333155e-05 3.485637712712935e-05 2.7640810074072732e-05 2.2710624358747592e-05 1.9674345483158566e-05
8255.95076362 0.00010172760481242266 4.965240045261419e-05 3.45649793280902e-05 2.741438056512649e-05 2.2521917903264478e-05 1.9508519346628986e-05
8257.32687009 0.00010152133539108195 4.97390161674549e-05 3.4639716275759033e-05 2.748040898555431e-05 2.257896231048855e-05 1.9560308409809812e-05
8258.70320593 0.0001011364280464795 4.9438577613384304e-05 3.442903676251751e-05 2.7306796245314453e-05 2.2435712048743275e-05 1.9437066969627727e-05
8260.07977117 0.00010132483657340577 5.003308822157738e-05 3.488194743594608e-05 2.7678837875201958e-05 2.2755206114109367e-05 1.972476079997925e-05
8261.45656586 0.00010243834011180978 5.1164514466216746e-05 3.5692782169316176e-05 2.8336979296334754e-05 2.3304008066679112e-05 2.020580892522236e-05
8262.83359004 0.0001031830417482471 5.177931590646036e-05 3.612650000653554e-05 2.8688842606364656e-05 2.359519867662543e-05 2.045951385188982e-05
8264.21084374 0.00010300372551456172 5.158937651275239e-05 3.59981790658286e-05 2.85889687240869e-05 2.3514556991753798e-05 2.0391110752294842e-05
8265.588327 0.00010220864540910055 5.1068499177875155e-05 3.5639577440558553e-05 2.830445594960035e-05 2.328321164627104e-05 2.0193116661616902e-05
8266.96603986 0.00010204983950268427 5.0992696012853386e-05 3.558391171760449e-05 2.8256703449837e-05 2.3243149730019735e-05 2.0156905023161483e-05
8268.34398236 0.00010169680816390332 5.052701321015547e-05 3.5229379381326834e-05 2.795612032475845e-05 2.2986445178350665e-05 1.9925202078993712e-05
8269.72215454 0.00010125357379941947 4.9911795303138304e-05 3.474436441141096e-05 2.7543862985016337e-05 2.263193571782405e-05 1.96047553493682e-05
8271.10055642 0.00010152105160878051 5.0012659283436046e-05 3.474031670757099e-05 2.7508340711919264e-05 2.258460278835309e-05 1.954807288171391e-05
8272.47918807 0.0001018787195803186 5.029874480238441e-05 3.492094225717054e-05 2.76426168599524e-05 2.269153776190983e-05 1.963660023959238e-05
8273.8580495 0.00010200342385287042 5.0463894478833085e-05 3.5078253247838646e-05 2.778457935132512e-05 2.2819397699711684e-05 1.9755701633758634e-05
8275.23714076 0.00010141733386496799 5.014329864351612e-05 3.48986264162773e-05 2.7659678142394948e-05 2.2728433923173028e-05 1.968683832495403e-05
8276.61646189 0.00010099829157226833 4.989883294576861e-05 3.4740089483153014e-05 2.753977963923019e-05 2.263382143700592e-05 1.9608452545595964e-05
8277.99601293 0.0001007742032952252 4.966747227760505e-05 3.454040226352066e-05 2.736526462305751e-05 2.248115117116191e-05 1.9468227587679328e-05
8279.37579391 0.00010082504540309331 4.962446143847607e-05 3.446837322636217e-05 2.7288528554286202e-05 2.240741044580148e-05 1.939432633437268e-05
8280.75580487 0.00010156689404865984 5.020310262510276e-05 3.486537556406082e-05 2.76013840056801e-05 2.2662436200568102e-05 1.9612334968136597e-05
8282.13604586 0.00010237581656462471 5.08099310663365e-05 3.529859236428493e-05 2.7952394014616587e-05 2.295258738277717e-05 1.986447318489782e-05
8283.5165169 0.00010214719144637362 5.060411964801346e-05 3.516626648266457e-05 2.785183523307448e-05 2.2872492936710117e-05 1.9797133058660126e-05
8284.89721804 0.00010129567246489441 4.989961776313446e-05 3.4676652707977996e-05 2.7461039132218194e-05 2.255214907985738e-05 1.9520175730973267e-05
8286.27814932 0.00010129789999857048 4.994020246119854e-05 3.470338286877113e-05 2.7484152033665232e-05 2.2571825093871584e-05 1.9537576642764835e-05
8287.65931077 0.00010110229602879326 4.995537998288458e-05 3.472632131492483e-05 2.75074683409291e-05 2.2594538032255583e-05 1.9560190905269585e-05
8289.04070244 0.00010001665801431003 4.939875044472837e-05 3.435464483749068e-05 2.721721338103636e-05 2.2360216218429303e-05 1.936122431728472e-05
8290.42232435 9.938910184811401e-05 4.89853656764718e-05 3.405727077854447e-05 2.6973810439604197e-05 2.2157998331414544e-05 1.9183848488089982e-05
8291.80417656 0.0001002278576217637 4.939387609142038e-05 3.431900745772031e-05 2.7171848553332046e-05 2.2314145300837077e-05 1.9312724134163122e-05
8293.18625909 0.0001007870956384384 4.982730766678759e-05 3.462479224213937e-05 2.7422399018545154e-05 2.25200938656512e-05 1.9492053959126645e-05
8294.56857199 9.948998395970477e-05 4.9043889702543976e-05 3.4072578705097984e-05 2.698527520732006e-05 2.2159548738454462e-05 1.918177463028138e-05
8295.95111529 9.844289207650547e-05 4.8328152148523085e-05 3.3571680711603324e-05 2.658471317066313e-05 2.183191359790854e-05 1.8900106363285243e-05
8297.33388904 9.93787976607233e-05 4.8932800517591456e-05 3.402211185980543e-05 2.6950754687262798e-05 2.2142390947197107e-05 1.9173304115989537e-05
8298.71689327 9.998918492531354e-05 4.932153034993709e-05 3.430715038090456e-05 2.7180799452306083e-05 2.233516475026371e-05 1.9341085709331827e-05
8300.10012802 9.928670354700575e-05 4.881638134871675e-05 3.3953367110505953e-05 2.6894057292196717e-05 2.209862274187165e-05 1.9135032941907247e-05
8301.48359333 9.93565020674101e-05 4.895509533002258e-05 3.4048677635349414e-05 2.6971177962537877e-05 2.2161856392378867e-05 1.919010059934444e-05
8302.86728923 0.0001003736276508941 4.974048284743218e-05 3.458494850098427e-05 2.7397699326251888e-05 2.250926307674782e-05 1.9488304296992498e-05
8304.25121577 0.00010035794489716905 4.9591882343801017e-05 3.445985267354155e-05 2.72883317230676e-05 2.2413200662847114e-05 1.9399647877439894e-05
8305.63537298 9.967740246454636e-05 4.90637386722468e-05 3.4090296706341564e-05 2.6995362263639735e-05 2.2172558701911186e-05 1.9192357464596716e-05
8307.01976091 9.860780639717179e-05 4.824473788470001e-05 3.351159926685513e-05 2.6534198098866504e-05 2.179165555156614e-05 1.8862435404520686e-05
8308.40437958 9.757808232400306e-05 4.7067137398224365e-05 3.265173122137538e-05 2.5834931233869324e-05 2.120277137458526e-05 1.8342398852577723e-05
8309.78922904 9.797291396385652e-05 4.7243199804686544e-05 3.2776114928884036e-05 2.5931462550942748e-05 2.127808659643758e-05 1.8404478800915655e-05
8311.17430934 9.80940511715103e-05 4.788738300284345e-05 3.327595944914595e-05 2.6349465722831805e-05 2.163920969337219e-05 1.873117956233721e-05
8312.55962049 9.661178075894025e-05 4.6953711838802675e-05 3.262531032574684e-05 2.58301098401899e-05 2.1214036584225175e-05 1.836539763771015e-05
8313.94516256 9.798422301839741e-05 4.77577607280821e-05 3.318462934530628e-05 2.627419516957301e-05 2.157655480721784e-05 1.867581672165064e-05
8315.33093556 9.994310115634096e-05 4.93021424214273e-05 3.428759034097751e-05 2.7163319979778975e-05 2.2315506783750218e-05 1.932047543162925e-05
8316.71693955 0.00010012428595546144 4.963087755225989e-05 3.454069747703456e-05 2.7373435900853675e-05 2.2496228120613903e-05 1.9483228476977615e-05
8318.10317455 0.00010013849171396776 4.9751473186796094e-05 3.463090758613409e-05 2.7449660289430412e-05 2.256179939003388e-05 1.9542868947969833e-05
8319.48964062 0.00010027189330794043 4.997376159186342e-05 3.4795989699639226e-05 2.7590039414368598e-05 2.268104962946346e-05 1.9650342316641677e-05
8320.87633778 0.00010018276966053466 4.980489812603996e-05 3.467529190990893e-05 2.7492886791169577e-05 2.259954095952173e-05 1.9578799932115506e-05
8322.26326608 9.940759408630983e-05 4.909809278259236e-05 3.41872869580559e-05 2.710229474428006e-05 2.2278328969942855e-05 1.9300428979944772e-05
8323.65042555 9.879558886351023e-05 4.867103184653645e-05 3.3894674749407096e-05 2.6868960625696374e-05 2.2086751700432834e-05 1.913500758614905e-05
8325.03781623 9.936695840224398e-05 4.9177340349489674e-05 3.4254989120157614e-05 2.716506592241491e-05 2.233210342739e-05 1.935004285223736e-05
8326.42543817 9.944838184636177e-05 4.9328017201011516e-05 3.434949130034564e-05 2.723790834919642e-05 2.2386997850919188e-05 1.93946271825951e-05
8327.81329139 9.671285859071935e-05 4.7429145521028166e-05 3.295398920977281e-05 2.609252566969586e-05 2.141646216294785e-05 1.853573030685919e-05
8329.20137594 9.339246971011328e-05 4.512201429971265e-05 3.1253559831892514e-05 2.469807638810062e-05 2.023475088091475e-05 1.7490301039695654e-05
8330.58969186 9.665392128356088e-05 4.751626055467971e-05 3.2996541705524046e-05 2.6120014533742483e-05 2.1431291531856302e-05 1.8543910675612643e-05
8331.97823919 9.881613646189861e-05 4.915917158572302e-05 3.42419113559663e-05 2.7156078262654772e-05 2.232169516709373e-05 1.9340891653452886e-05
8333.36701795 9.611493956413734e-05 4.735947961482842e-05 3.298491675486378e-05 2.6154589240893573e-05 2.1501229662121412e-05 1.8634231737259686e-05
8334.75602821 9.508788863095351e-05 4.664893036129689e-05 3.248258529531539e-05 2.575342336252516e-05 2.1169314672532138e-05 1.8346104585430143e-05
8336.14526998 9.593582414280312e-05 4.726286524577487e-05 3.291482207045628e-05 2.6100200593725177e-05 2.1454623079635557e-05 1.858906467359637e-05
8337.53474331 9.646377236258575e-05 4.810749729745138e-05 3.352452902613001e-05 2.6598809516589858e-05 2.1874262237349224e-05 1.89562544292284e-05
8338.92444824 9.801202906179027e-05 4.8877079320445455e-05 3.405500052913354e-05 2.7012174180787596e-05 2.221253034727121e-05 1.9248660921850193e-05
8340.3143848 9.676492021473835e-05 4.7657627023353637e-05 3.317316054433985e-05 2.6293801525021092e-05 2.1613233153505645e-05 1.872633025015961e-05
8341.70455305 9.624606079541559e-05 4.7404554077508086e-05 3.298104687121948e-05 2.6140486760337875e-05 2.148322126242013e-05 1.861329471140253e-05
8343.094953 9.830863054593192e-05 4.8713288962112985e-05 3.3885457081694195e-05 2.6855717015604428e-05 2.2067020432180478e-05 1.9113393132361556e-05
8344.48558471 9.821712123911252e-05 4.827680360345943e-05 3.354209800969346e-05 2.655820317421855e-05 2.1811372777537424e-05 1.8881078033019006e-05
8345.87644821 9.828362404842645e-05 4.823622443992833e-05 3.350134818232441e-05 2.6517307700766824e-05 2.177557559981559e-05 1.884687740704639e-05
8347.26754354 9.842249861252249e-05 4.854555310952743e-05 3.374106925379569e-05 2.6723428433329444e-05 2.1952560900508103e-05 1.9006907141375052e-05
8348.65887074 9.788590227008004e-05 4.8302219218215676e-05 3.3581702593153344e-05 2.6603087057667623e-05 2.1855916953996897e-05 1.892623812395017e-05
8350.05042984 9.763539476526306e-05 4.767406831657072e-05 3.311258170052798e-05 2.6210111525057067e-05 2.1517562075416935e-05 1.8620372171141315e-05
8351.44222089 9.752902933960946e-05 4.7312954432425986e-05 3.284119017714916e-05 2.59812211971446e-05 2.132099852911529e-05 1.8442713929602198e-05
8352.83424393 9.902449383134988e-05 4.872517525307541e-05 3.3845229096763626e-05 2.6790851896437388e-05 2.199678589784154e-05 1.9034977159845007e-05
8354.22649899 9.96469383355662e-05 4.9117296284853596e-05 3.411232301644009e-05 2.700336217121299e-05 2.216887567884446e-05 1.9182641347846135e-05
8355.61898611 9.925824850633811e-05 4.861550083430888e-05 3.375155956202717e-05 2.6710933835475395e-05 2.192275475801328e-05 1.896588249496072e-05
8357.01170533 9.913073007345107e-05 4.883311510343308e-05 3.393676761754838e-05 2.6870993838975592e-05 2.206756283287898e-05 1.910075278027627e-05
8358.40465669 9.892372268418855e-05 4.897298824368321e-05 3.406543369360142e-05 2.6987259398834848e-05 2.2173812015402383e-05 1.9201222828293602e-05
8359.79784023 9.834210374528084e-05 4.86481024646678e-05 3.3834134617896056e-05 2.6802549108142557e-05 2.2019989631861343e-05 1.9067729248119057e-05
8361.19125598 9.812774468358197e-05 4.8534047455475306e-05 3.375093536868466e-05 2.673774358387703e-05 2.1965736294662553e-05 1.9021345028044427e-05
8362.58490399 9.814081902456507e-05 4.8611783521765974e-05 3.381288932272893e-05 2.6796080479574376e-05 2.201711207955924e-05 1.906982522618084e-05
8363.9787843 9.826879311191084e-05 4.841126271504073e-05 3.3657333200560825e-05 2.666536695649372e-05 2.1902050583854283e-05 1.896385070549921e-05
8365.37289693 9.7358702174096e-05 4.724154238043775e-05 3.2797591025397695e-05 2.5953449164700144e-05 2.12944504172837e-05 1.8420427919420184e-05
8366.76724194 9.559586706195978e-05 4.593592855539027e-05 3.184048911888208e-05 2.5168038117828677e-05 2.0631905976737217e-05 1.7835955513393205e-05
8368.16181936 9.637377669324041e-05 4.713162434659794e-05 3.272844713761675e-05 2.5905842165196904e-05 2.1264291408850123e-05 1.8403638780416918e-05
8369.55662923 9.905532398434061e-05 4.943864545620409e-05 3.4407142527797085e-05 2.727661709307172e-05 2.2416857113997348e-05 1.9418563853929994e-05
8370.95167158 9.931320558019789e-05 4.963782265538747e-05 3.4563345202855546e-05 2.7408744155240263e-05 2.2532553160215347e-05 1.952287976089383e-05
8372.34694646 9.83384062298845e-05 4.873991056017274e-05 3.393492823797651e-05 2.6904476612671068e-05 2.2116871267970256e-05 1.9161745592448433e-05
8373.74245391 9.790831609696585e-05 4.8512154775587826e-05 3.3780957208505904e-05 2.678165629436721e-05 2.201704250958912e-05 1.9076701217290306e-05
8375.13819396 9.813942127941518e-05 4.876868320749153e-05 3.393296644703506e-05 2.689081099942901e-05 2.21005739732923e-05 1.9143710158773522e-05
8376.53416665 9.91936951419839e-05 4.9543957284367576e-05 3.446792563034198e-05 2.7315122310108878e-05 2.2446707734926076e-05 1.9440233503940887e-05
8377.93037203 9.906524331286394e-05 4.935317928106173e-05 3.433405299371942e-05 2.7206493359142646e-05 2.2353260459720114e-05 1.9356283544020354e-05
8379.32681013 9.716564072338748e-05 4.75195428445639e-05 3.2994682970478785e-05 2.6105815309079156e-05 2.1421518677622076e-05 1.8530182465991003e-05
8380.72348098 9.721798984034546e-05 4.755886132364027e-05 3.302297465562218e-05 2.612984404284582e-05 2.143961642913763e-05 1.8545633061242936e-05
8382.12038463 9.917562554848654e-05 4.941082134570865e-05 3.437996746737943e-05 2.724809618731143e-05 2.2384784996171606e-05 1.9383498673408967e-05
8383.51752112 9.72754539363697e-05 4.7558420306020064e-05 3.3013346631341784e-05 2.6118913279988916e-05 2.1425350423930097e-05 1.852967342023536e-05
8384.91489049 9.374387199112641e-05 4.429211875006447e-05 3.0629503061516246e-05 2.415782806753022e-05 1.976827523484725e-05 1.706170384922461e-05
8386.31249276 9.59008020709342e-05 4.6452566040333923e-05 3.223374112708684e-05 2.548647605793522e-05 2.0901400155451453e-05 1.807257553290808e-05
8387.710328 9.753521073528291e-05 4.8026147079243306e-05 3.337513960876478e-05 2.6427093167194337e-05 2.169519373644696e-05 1.877558190149094e-05
8389.10839622 9.400468304714814e-05 4.5397509846198815e-05 3.141131195798249e-05 2.480644125991851e-05 2.0315939647086585e-05 1.754972710359815e-05
8390.50669747 9.242398656778347e-05 4.4297454661066553e-05 3.0609330066117956e-05 2.415102722063228e-05 1.976333072884451e-05 1.706242898321552e-05
8391.9052318 9.604579222912847e-05 4.6868896226374634e-05 3.2529652681186976e-05 2.573615851519591e-05 2.1113434455184213e-05 1.8262192727483707e-05
8393.30399923 9.825071403938605e-05 4.8841802973897154e-05 3.3997615597770953e-05 2.694668950836512e-05 2.214411236914327e-05 1.9178939557172523e-05
8394.70299981 9.950517546719923e-05 5.006854502942571e-05 3.488319931234753e-05 2.7669737739780543e-05 2.274994743305629e-05 1.9712058603102348e-05
8396.10223358 9.971334434153945e-05 5.024958822422897e-05 3.501707743893785e-05 2.7781166007437933e-05 2.2843683365214887e-05 1.979513360507269e-05
8397.50170057 9.893546020585548e-05 4.9444698830849846e-05 3.4417493667357006e-05 2.728412465926076e-05 2.2419642593518073e-05 1.9416796674503435e-05
8398.90140082 9.695372750903623e-05 4.758679725991571e-05 3.3048293626238916e-05 2.6154276538501466e-05 2.1461732990696914e-05 1.8566359635307467e-05
8400.30133438 9.708674853622203e-05 4.783033038602276e-05 3.325564086108598e-05 2.6337519851877046e-05 2.1628149413846523e-05 1.8722405495802756e-05
8401.70150128 9.841735520564971e-05 4.9068671716415155e-05 3.416407279766446e-05 2.708733191959766e-05 2.226492918702964e-05 1.928875296627752e-05
8403.10190156 9.718645882385117e-05 4.813072239811096e-05 3.3487155622347535e-05 2.654013051486223e-05 2.1809512538101998e-05 1.88919480129756e-05
8404.50253526 9.690786166796282e-05 4.787085155566479e-05 3.331580424439064e-05 2.6407921508735282e-05 2.1703314470622304e-05 1.880194534457533e-05
8405.90340242 9.848045428449657e-05 4.9226759345772946e-05 3.430715040193762e-05 2.7218042741607314e-05 2.2383315079945735e-05 1.9399590228675107e-05
8407.30450308 9.87180892216653e-05 4.951366547395994e-05 3.452280485013124e-05 2.7395105750657825e-05 2.2534028690381395e-05 1.9533186052685727e-05
8408.70583727 9.897254617757757e-05 4.97549851313749e-05 3.46998657043379e-05 2.754019349705751e-05 2.2655045025403645e-05 1.9639125099778463e-05
8410.10740503 9.895765461613568e-05 4.9817403068376094e-05 3.4751235217095774e-05 2.7585194290438597e-05 2.269450240022535e-05 1.9675078550040882e-05
8411.50920642 9.888924557809434e-05 4.984623127862042e-05 3.477040808041541e-05 2.7600613941632806e-05 2.2706952226784696e-05 1.9685262269301554e-05
8412.91124145 9.789405001612596e-05 4.902297844864061e-05 3.4167914621332264e-05 2.7104042753262543e-05 2.2284960545299776e-05 1.9309743469289413e-05
8414.31351018 9.578595236685417e-05 4.711280644679662e-05 3.275400229727299e-05 2.5934161506307324e-05 2.129019212132014e-05 1.8424129063756212e-05
8415.71601263 9.603478786630344e-05 4.742290499863243e-05 3.299939194443583e-05 2.6149968737383056e-05 2.148206493365587e-05 1.860103608791645e-05
8417.11874886 9.754440950291671e-05 4.883730707159428e-05 3.4048093721855536e-05 2.702295971064093e-05 2.222703917290727e-05 1.9265674452838304e-05
8418.52171889 9.76988466355807e-05 4.8662759463955716e-05 3.389463831231434e-05 2.6887802057382595e-05 2.2106870652299203e-05 1.9152899224349593e-05
8419.92492278 9.715089623854406e-05 4.79657008906783e-05 3.33707127638049e-05 2.6452436833041687e-05 2.173900875938167e-05 1.882496994275816e-05
8421.32836055 9.703735925375283e-05 4.818213075631998e-05 3.3529985926701605e-05 2.657831457742073e-05 2.184885740618806e-05 1.892316741609886e-05
8422.73203224 9.72014693673345e-05 4.8535859518982344e-05 3.379761931039164e-05 2.679765171136626e-05 2.2036020248778806e-05 1.908966572538533e-05
8424.13593791 9.72042597431158e-05 4.852004068641024e-05 3.379363424236246e-05 2.6802352808293958e-05 2.204152471355715e-05 1.909634517950216e-05
8425.54007757 9.613593481778832e-05 4.7533202897279795e-05 3.308392004671907e-05 2.6232034611980815e-05 2.156522803780558e-05 1.8679177487868405e-05
8426.94445128 9.501818408580887e-05 4.64608561147617e-05 3.228963700148599e-05 2.5573743635475806e-05 2.100538846265042e-05 1.817969597233573e-05
8428.34905907 9.31332703625443e-05 4.488110283550336e-05 3.112309607965377e-05 2.46029679112839e-05 2.017978735199657e-05 1.7443609751731493e-05
8429.75390098 9.472199150815481e-05 4.649361973552512e-05 3.229257713634768e-05 2.555652572122329e-05 2.0981343422317867e-05 1.8148876732069437e-05
8431.15897705 9.772866027124447e-05 4.922149555507549e-05 3.427706479393424e-05 2.7183712656282342e-05 2.2353293246053082e-05 1.9359541981162348e-05
8432.56428732 9.763210659440702e-05 4.9320104610469696e-05 3.4366230836572346e-05 2.7266367603826495e-05 2.2430619980275404e-05 1.9432738414350752e-05
8433.96983182 9.588142066050602e-05 4.806306052413695e-05 3.346325654918437e-05 2.6535572549878086e-05 2.1823706524934983e-05 1.8902893554464897e-05
8435.37561061 9.423786937516302e-05 4.645740253448619e-05 3.222453944771258e-05 2.548939950923103e-05 2.092454508638765e-05 1.8092772285319322e-05
8436.78162371 9.067629723344676e-05 4.3252159871640176e-05 2.9807332396280708e-05 2.346898611658789e-05 1.9193607977798583e-05 1.6542086112784325e-05
8438.18787116 9.040595708217325e-05 4.325576657880564e-05 2.982160686240108e-05 2.348377473784151e-05 1.9205893302099704e-05 1.655243237796992e-05
8439.59435301 9.387276447611204e-05 4.652109178712339e-05 3.2273075551193334e-05 2.5526029024956222e-05 2.0952290191102134e-05 1.811057732513362e-05
8441.00106929 9.289403925368943e-05 4.600940932245108e-05 3.1972956140073066e-05 2.5319694825632285e-05 2.080632448372742e-05 1.8002139912556043e-05
8442.40802005 9.2481550496476e-05 4.5838208431880476e-05 3.1878033550481534e-05 2.525521969662717e-05 2.076488230372436e-05 1.7974350678766568e-05
8443.81520531 9.479429327123538e-05 4.743704264049907e-05 3.299287470533464e-05 2.6142820919597102e-05 2.1497935403686943e-05 1.8607710491086313e-05
8445.22262513 9.488268188727153e-05 4.7336997198719326e-05 3.286211286009421e-05 2.601706085931167e-05 2.1383064269384785e-05 1.8497172342582336e-05
8446.63027953 9.343146463495273e-05 4.6716571112317063e-05 3.2432054833778343e-05 2.567610484298429e-05 2.110876001054496e-05 1.8263057299781193e-05
8448.03816857 9.133175054128549e-05 4.613073770753354e-05 3.209903409472486e-05 2.544143464424763e-05 2.093465248688199e-05 1.812429033955537e-05
8449.44629227 9.149387077058766e-05 4.6211028626034006e-05 3.2178475782332975e-05 2.551549223772475e-05 2.099973394594444e-05 1.8182998846028393e-05
8450.85465068 9.438772511045547e-05 4.726162203182459e-05 3.2861467786726756e-05 2.6034837769426824e-05 2.1410136432093497e-05 1.852673648679913e-05
8452.26324383 9.433201180371141e-05 4.6635814894288255e-05 3.237734195198291e-05 2.5624565120885177e-05 2.1054365315225467e-05 1.8205154980649993e-05
8453.67207177 9.494304029618039e-05 4.695661409004336e-05 3.255669099815155e-05 2.5751329895531812e-05 2.1146716059171546e-05 1.8274660471332134e-05
8455.08113454 9.597624471499233e-05 4.7853672412549005e-05 3.316802739442148e-05 2.623585560794268e-05 2.1547580489036172e-05 1.8621723288534453e-05
8456.49043216 9.570004054151032e-05 4.764490472627449e-05 3.302986592512432e-05 2.6127343278950176e-05 2.1461614699592165e-05 1.854959603939883e-05
8457.89996469 9.49057106826625e-05 4.6888052331656575e-05 3.2507330013298073e-05 2.570985016360938e-05 2.1117614947299284e-05 1.825117944713141e-05
8459.30973216 9.435664634325415e-05 4.642100908336271e-05 3.218259279343421e-05 2.545059554777282e-05 2.090399299378578e-05 1.8065770347665927e-05
8460.71973462 9.451026521766711e-05 4.689030335429349e-05 3.2525847971597126e-05 2.5730642472103126e-05 2.1141392161986607e-05 1.8276555910027598e-05
8462.12997209 9.491911937313203e-05 4.755165642105617e-05 3.3010886531322214e-05 2.6127024405656785e-05 2.1475830701181017e-05 1.8572383553061607e-05
8463.54044462 9.564201509338156e-05 4.831670050703873e-05 3.3564695248670164e-05 2.6579239984146797e-05 2.185330610673907e-05 1.8903343016968313e-05
8464.95115225 9.542508683452575e-05 4.822827274607446e-05 3.349958022108212e-05 2.6526254571751025e-05 2.1808317567262013e-05 1.8862825839744036e-05
8466.36209502 9.40612680538263e-05 4.713920786771359e-05 3.2724857178814975e-05 2.590064607909847e-05 2.1289323957813577e-05 1.8409370485377443e-05
8467.77327296 9.250791057030981e-05 4.5999031136551255e-05 3.192286250678295e-05 2.5255029256613247e-05 2.0753908866288903e-05 1.7942453728801677e-05
8469.18468612 9.06252668104275e-05 4.471812077800718e-05 3.099255892902693e-05 2.4498150849782747e-05 2.011342154652602e-05 1.737700034829711e-05
8470.59633454 8.880945907079827e-05 4.3623612498592995e-05 3.0187942419909527e-05 2.384261887396413e-05 1.955924149779456e-05 1.688933947048667e-05
8472.00821825 9.110099189037718e-05 4.536514745157645e-05 3.1449734808545686e-05 2.486785618910688e-05 2.042228750306028e-05 1.7649900119553874e-05
8473.42033729 9.27518520547644e-05 4.645133325819041e-05 3.2239775657702016e-05 2.55110679990243e-05 2.096724719356252e-05 1.8132151374279165e-05
8474.8326917 9.333295578921255e-05 4.675725627142807e-05 3.244238074371868e-05 2.5670077615869806e-05 2.1097368003289454e-05 1.8244377115843632e-05
8476.24528153 9.387475165477655e-05 4.724285389527012e-05 3.2780853780526266e-05 2.5946176982928284e-05 2.1325250357408443e-05 1.8443982780920385e-05
8477.65810681 9.278197397045544e-05 4.657267403212146e-05 3.2314746805159565e-05 2.5580722397711104e-05 2.1026682589186456e-05 1.8189723897484292e-05
8479.07116758 9.343167291021521e-05 4.6831496899043755e-05 3.251447535159027e-05 2.574266284923247e-05 2.1163633750444122e-05 1.83099348906002e-05
8480.48446388 9.472710721548844e-05 4.757887122231228e-05 3.3053498363758366e-05 2.6173975984953268e-05 2.1521323846790113e-05 1.8620039162644124e-05
8481.89799575 9.433134031919999e-05 4.725691386212119e-05 3.282902195508975e-05 2.599331076462999e-05 2.1373420127713384e-05 1.8492567465274527e-05
8483.31176323 9.351503669110171e-05 4.660852400971829e-05 3.236573107336025e-05 2.5618498434190373e-05 2.106225579395101e-05 1.822148152457538e-05
8484.72576635 9.381484960866434e-05 4.6700702527786355e-05 3.242950502699477e-05 2.567098840974985e-05 2.1102923741739326e-05 1.8255217935189e-05
8486.14000516 9.51353937712443e-05 4.767207298998661e-05 3.312296326611038e-05 2.6232625561261e-05 2.1567730152363198e-05 1.86596369825901e-05
8487.5544797 9.57074331299937e-05 4.819778074640688e-05 3.3497131328894104e-05 2.6533025573887505e-05 2.181800420086952e-05 1.8878413257507324e-05
8488.96919 9.538013153136651e-05 4.799584578373201e-05 3.3359923485729724e-05 2.6422810562146915e-05 2.172923700372424e-05 1.8802951172321618e-05
8490.38413611 9.48264689963583e-05 4.759315798924641e-05 3.308080983657647e-05 2.6198891366265042e-05 2.154548569524208e-05 1.8644320881319074e-05
8491.79931806 9.523942751827255e-05 4.8044818529122495e-05 3.3405002713570955e-05 2.6464847289658877e-05 2.176613086421242e-05 1.8837528346957408e-05
8493.21473589 9.512216035108385e-05 4.802895546683136e-05 3.339790382883298e-05 2.6463373642847935e-05 2.1766386523837735e-05 1.8839434538724865e-05
8494.63038965 9.457587126989595e-05 4.748744880492927e-05 3.300732357641977e-05 2.6149346399597174e-05 2.1505059004910043e-05 1.861118941332177e-05
8496.04627937 9.356526928728693e-05 4.651280977676138e-05 3.2303133064334364e-05 2.558398077019237e-05 2.103257375308565e-05 1.819756268200911e-05
8497.46240509 8.985107459742716e-05 4.399061546068113e-05 3.051800445070847e-05 2.4161670541449387e-05 1.985907387278553e-05 1.718239936989653e-05
8498.87876685 7.900317597304506e-05 3.747610469883386e-05 2.595525753810322e-05 2.054164404443847e-05 1.6886984247563535e-05 1.4620346064009255e-05
8500.29536469 6.971823729127381e-05 3.221893558662157e-05 2.228940681422634e-05 1.763942182886526e-05 1.4506620832901818e-05 1.256862984743989e-05
8501.71219865 7.766813741021998e-05 3.7290788046145893e-05 2.585147593593786e-05 2.047002313230705e-05 1.683953983089443e-05 1.4586832535859873e-05
8503.12926877 8.575337314956647e-05 4.279157910041352e-05 2.9747192352529363e-05 2.3579815283991955e-05 1.9412136794060982e-05 1.682030300689776e-05
8504.54657509 8.703477494425081e-05 4.3901208519079735e-05 3.056872074008901e-05 2.4247391099297886e-05 1.997217508300539e-05 1.73116024983697e-05
8505.96411764 8.983074328780611e-05 4.542350161506394e-05 3.1629105104108364e-05 2.5077734100716058e-05 2.0643553411600267e-05 1.7881081076129107e-05
8507.38189647 9.238322437879999e-05 4.6787814572098295e-05 3.2550421735911484e-05 2.5792510517970725e-05 2.1217415791130113e-05 1.8365828188873117e-05
8508.79991162 9.405646735288794e-05 4.774342191500193e-05 3.318920455416442e-05 2.6292399822432657e-05 2.1620489369990345e-05 1.8708695225893247e-05
8510.21816312 9.493535445154582e-05 4.825881072013094e-05 3.3539470602934035e-05 2.656969839446891e-05 2.184617512299044e-05 1.8902627467655684e-05
8511.63665102 9.477660126669976e-05 4.805474203133446e-05 3.340205800894183e-05 2.6462269515094983e-05 2.176056977957616e-05 1.883108389931906e-05
8513.05537535 9.402578881473949e-05 4.7398261233341676e-05 3.2951141862964935e-05 2.6104810148291273e-05 2.146956153952191e-05 1.858209524345331e-05
8514.47433616 9.26632868788758e-05 4.633345348670044e-05 3.219133740704398e-05 2.5491513414688558e-05 2.095728538343984e-05 1.8134702206752458e-05
8515.89353348 8.894574328520102e-05 4.3635122552138296e-05 3.0241680289209944e-05 2.3909849945467497e-05 1.9631729273599743e-05 1.6973034398699924e-05
8517.31296735 8.801037844024333e-05 4.28741230966842e-05 2.968298957199735e-05 2.3453233606365494e-05 1.9249308439195525e-05 1.6637619315553905e-05
8518.73263782 9.12275596669088e-05 4.489911544035603e-05 3.112071226676519e-05 2.4607375529192723e-05 2.0207865168211837e-05 1.7470354121296238e-05
8520.15254491 9.173551705509536e-05 4.481428421144398e-05 3.1047139113300655e-05 2.4540781720305626e-05 2.0144588536740764e-05 1.7408061451183453e-05
8521.57268868 9.258461447055004e-05 4.563292188989797e-05 3.1650376358814736e-05 2.5036596144678678e-05 2.0564622316468883e-05 1.7780843379898646e-05
8522.99306915 9.394991793708309e-05 4.6964228452514846e-05 3.2623370107445175e-05 2.5830751746943817e-05 2.1235901577965312e-05 1.8374685139826733e-05
8524.41368638 9.428967528979596e-05 4.730107659593185e-05 3.287841546083258e-05 2.6042309763782752e-05 2.141657526148321e-05 1.8536092850764583e-05
8525.8345404 9.432662436671755e-05 4.7417718211603935e-05 3.297326557307276e-05 2.612522933473615e-05 2.1488847749633952e-05 1.860228164234222e-05
8527.25563124 9.343064668304548e-05 4.68877970826486e-05 3.260715542285888e-05 2.583731286906997e-05 2.125445485252903e-05 1.8402301224863843e-05
8528.67695895 9.198782949288395e-05 4.594024064383749e-05 3.193350441064465e-05 2.5297638717416998e-05 2.080899699479143e-05 1.8017139997908184e-05
8530.09852357 9.259059480271939e-05 4.6322323146921603e-05 3.2190559123694245e-05 2.549866277817198e-05 2.097144993128538e-05 1.815529900434529e-05
8531.52032514 9.354609445362651e-05 4.6901148825993396e-05 3.259694466374964e-05 2.582237769715993e-05 2.1236717807818174e-05 1.838309902317264e-05
8532.94236369 9.334197074588464e-05 4.667423876102902e-05 3.2443148670376765e-05 2.5704035476904387e-05 2.113892592372429e-05 1.8298320798987997e-05
8534.36463927 9.297064586097672e-05 4.6444536749883266e-05 3.2281832475564345e-05 2.5577592107907063e-05 2.1035181541630884e-05 1.8209498191291668e-05
8535.78715192 9.253636735436865e-05 4.63513648225437e-05 3.222002646357348e-05 2.5532732544018424e-05 2.1002245385104383e-05 1.8185206196879984e-05
8537.20990167 9.081254521694224e-05 4.54270513122157e-05 3.158608869014487e-05 2.5039346819305668e-05 2.0604843929568997e-05 1.784971501257591e-05
8538.63288857 8.795138216378307e-05 4.360117630554842e-05 3.0304496929435626e-05 2.4022536639313937e-05 1.977308584413632e-05 1.7135535077182684e-05
8540.05611265 8.445779979505182e-05 4.102533317859452e-05 2.8478555209352103e-05 2.2564318827045537e-05 1.8569728855866084e-05 1.6093511169893116e-05
8541.47957395 7.79026201339249e-05 3.6663750682153033e-05 2.5417506441971368e-05 2.0138856571110265e-05 1.6574289325621645e-05 1.4369681961901918e-05
8542.90327252 6.528657491826676e-05 2.9498418236403085e-05 2.0431736894689923e-05 1.6194184833907715e-05 1.333009638017425e-05 1.1566344090927784e-05
8544.32720839 5.4968519460592996e-05 2.4066047164054457e-05 1.6649074549904945e-05 1.319155830066966e-05 1.0854158253684398e-05 9.421666527679881e-06
8545.7513816 6.258185720487486e-05 2.8462592777631024e-05 1.9724345283874066e-05 1.5637579701976492e-05 1.2873226263479685e-05 1.117201224552186e-05
8547.1757922 7.566324112900137e-05 3.6387634804898184e-05 2.52729247204435e-05 2.0046085687287822e-05 1.6506948857227826e-05 1.4317924484653663e-05
8548.60044021 8.273547535982843e-05 4.08959169957424e-05 2.843474988975364e-05 2.2549881605065796e-05 1.856161733131217e-05 1.608920286500456e-05
8550.02532569 8.568675679530372e-05 4.233497270534913e-05 2.9425971764267565e-05 2.3319057842935785e-05 1.9179481895818626e-05 1.6611491970146358e-05
8551.45044867 8.805142271519911e-05 4.3647310869529945e-05 3.0355559151329936e-05 2.4060091635566936e-05 1.9788987756215736e-05 1.7138482167001507e-05
8552.87580919 9.039459177421821e-05 4.530883248461236e-05 3.154771297106178e-05 2.502257037277552e-05 2.0591773182717412e-05 1.7840982451315924e-05
8554.30140728 9.242463028017592e-05 4.677435564760604e-05 3.257822278204241e-05 2.5845515145526355e-05 2.127109462423369e-05 1.8430387902041096e-05
8555.727243 9.334515814334572e-05 4.739413457062262e-05 3.301918955883854e-05 2.6199783011906498e-05 2.1564469586120736e-05 1.8686168902931443e-05
8557.15331638 9.212891830473676e-05 4.6560901372473976e-05 3.245368543523579e-05 2.5756270433253264e-05 2.1206052754129183e-05 1.8381974885051357e-05
8558.57962745 9.029975462419424e-05 4.567896882277689e-05 3.185641784466973e-05 2.5295911020618272e-05 2.0838363980269406e-05 1.8074463862138154e-05
8560.00617627 9.175418293840786e-05 4.659152079008372e-05 3.247699404655085e-05 2.5783354310760693e-05 2.123351757988075e-05 1.8411949616765004e-05
8561.43296286 9.375091514897474e-05 4.739407382430463e-05 3.300174878503076e-05 2.6177477159149947e-05 2.1541859727529245e-05 1.8664951836272726e-05
8562.85998727 9.378608550885515e-05 4.7216075431130814e-05 3.2885753834904975e-05 2.6085237851796942e-05 2.1466742629857535e-05 1.8600697662651152e-05
8564.28724953 9.432380595639469e-05 4.7598624109532976e-05 3.3166691394214965e-05 2.631559978766129e-05 2.165966203415129e-05 1.8770709203701135e-05
8565.7147497 9.480075609616779e-05 4.783301919918616e-05 3.332359444584332e-05 2.6437519992732424e-05 2.17574797797276e-05 1.8853117076207507e-05
8567.1424878 9.459798027914432e-05 4.748266395079635e-05 3.306801416823063e-05 2.6229027492989936e-05 2.1582588119535983e-05 1.8698819662933748e-05
8568.57046387 9.463800617097416e-05 4.752242090165057e-05 3.3100467662874265e-05 2.625733269986034e-05 2.160716902402891e-05 1.8721388969034312e-05
8569.99867796 9.474365317048276e-05 4.767483621093149e-05 3.3219416123673525e-05 2.635760520714393e-05 2.16932705685892e-05 1.879907364100498e-05
8571.42713011 9.468986306104804e-05 4.7503249215988235e-05 3.30918416851075e-05 2.6254499183961527e-05 2.1605979739719648e-05 1.8721830690757536e-05
8572.85582035 9.452194230569688e-05 4.747190409753391e-05 3.30631914348319e-05 2.6230765772327163e-05 2.1585808397506417e-05 1.8704734792394657e-05
8574.28474873 9.429790359123681e-05 4.74828040972146e-05 3.3074312415516175e-05 2.6240165738302524e-05 2.159547309454427e-05 1.871528855483941e-05
8575.71391528 9.433788611885561e-05 4.732616747189911e-05 3.296105780110834e-05 2.614540846879966e-05 2.151523835662271e-05 1.8643200977198985e-05
8577.14332005 9.414032060069966e-05 4.700874475656459e-05 3.274684285663635e-05 2.5978281000430265e-05 2.137922374244279e-05 1.8526325586874574e-05
8578.57296307 9.458574253872023e-05 4.7469751272780445e-05 3.307752627617629e-05 2.624673463835354e-05 2.160204555637204e-05 1.8721253285935444e-05
8580.00284438 9.524430187193264e-05 4.800366867454394e-05 3.345060761697879e-05 2.6546627643610827e-05 2.1847828127196526e-05 1.8933723010401694e-05
8581.43296403 9.543956177452313e-05 4.821401273631478e-05 3.3601180954090436e-05 2.6670199207119232e-05 2.1949921837905458e-05 1.9023081421347184e-05
8582.86332205 9.424841929782045e-05 4.750709465217871e-05 3.3101681375320445e-05 2.6268644381218662e-05 2.1617806715414732e-05 1.873563140016631e-05
8584.29391849 9.186390283283455e-05 4.580595529903709e-05 3.188816375071187e-05 2.5288421706348612e-05 2.0803897294405126e-05 1.8026960720922917e-05
8585.72475337 9.245510813426063e-05 4.629063265808009e-05 3.2238622032943476e-05 2.557097275683736e-05 2.1040034704514414e-05 1.8233209807871648e-05
8587.15582675 9.381856407343815e-05 4.742183370262951e-05 3.3053116407904194e-05 2.623012133467615e-05 2.159016108772002e-05 1.871406269986122e-05
8588.58713866 9.402206321850332e-05 4.773567602586233e-05 3.3291249919099023e-05 2.642876442790127e-05 2.1758885313006363e-05 1.8864238945068868e-05
8590.01868914 9.385413844241046e-05 4.767818962681667e-05 3.3260030422592204e-05 2.6407685738828636e-05 2.1743418699745975e-05 1.885223538680106e-05
8591.45047824 9.355301287481175e-05 4.76003798996822e-05 3.321760055173798e-05 2.637782186447539e-05 2.1721231614911594e-05 1.8834797144350186e-05
8592.88250598 9.324477221289335e-05 4.759728707152048e-05 3.3213829264957344e-05 2.637219251815699e-05 2.171502237962864e-05 1.8827856459790757e-05
8594.31477242 9.266779713169689e-05 4.7497426587701994e-05 3.3141906210330124e-05 2.631483396370717e-05 2.166654355660896e-05 1.8785146486516284e-05
8595.74727759 9.222656090346284e-05 4.762952344998852e-05 3.325682133955654e-05 2.6419910261712145e-05 2.1758728103089516e-05 1.8869735084971634e-05
8597.18002153 9.132347378807756e-05 4.749584756733001e-05 3.320073579229187e-05 2.6396337873233843e-05 2.175102361968799e-05 1.887179786395895e-05
8598.61300427 8.918089161897052e-05 4.6617121802419995e-05 3.2628041120372136e-05 2.5960315229644466e-05 2.1405125901941832e-05 1.8581980916270208e-05
8600.04622587 8.761125593909821e-05 4.594774743499089e-05 3.218679683387759e-05 2.5616608888575495e-05 2.1123515033984564e-05 1.8338206580784122e-05
8601.47968636 8.822927208037857e-05 4.636465999112727e-05 3.247171274784488e-05 2.5839002638092023e-05 2.13006043269477e-05 1.848730684913096e-05
8602.91338578 9.063541972669019e-05 4.753178660170278e-05 3.3263369827406787e-05 2.6459194622799293e-05 2.1805182776762033e-05 1.892048756747507e-05
8604.34732417 9.184717953389082e-05 4.776638613371096e-05 3.3407959516254036e-05 2.6563806248901334e-05 2.1887660335012936e-05 1.899025774703032e-05
8605.78150157 9.219043880202943e-05 4.754804853408015e-05 3.323856021221723e-05 2.6418418366470374e-05 2.176519083621886e-05 1.8882899707245832e-05
8607.21591802 9.248488068138898e-05 4.748574849994881e-05 3.318767382391434e-05 2.6376062817357554e-05 2.1730300720867777e-05 1.8854080994024655e-05
8608.65057356 9.296122213871356e-05 4.7642809878824345e-05 3.328892071611993e-05 2.6456367408345747e-05 2.1795623048327504e-05 1.8911527664464324e-05
8610.08546822 9.379423571605982e-05 4.803424320922705e-05 3.3557205471277366e-05 2.6669059317492987e-05 2.1968083318573646e-05 1.905967709675434e-05
8611.52060206 9.351268159962912e-05 4.761530599981097e-05 3.32516785160451e-05 2.6419213828080312e-05 2.1757782347288405e-05 1.8874955198114964e-05
8612.9559751 9.114995684783276e-05 4.57118251642277e-05 3.187428786963882e-05 2.5301447740338194e-05 2.0823413166360114e-05 1.8057412109364656e-05
8614.3915874 9.016576871878352e-05 4.4851000558975034e-05 3.124151527387053e-05 2.478702447566687e-05 2.039048500674768e-05 1.7677017939056003e-05
8615.82743898 9.213692480651986e-05 4.631039579199523e-05 3.2307030818021794e-05 2.5658865369978466e-05 2.1123827843121278e-05 1.832362832497884e-05
8617.26352989 9.335955134621238e-05 4.7301712647171845e-05 3.3030267658962235e-05 2.6249628481434035e-05 2.1620056472994544e-05 1.8761196808976118e-05
8618.69986017 9.351208631364466e-05 4.737585921902334e-05 3.308780078722838e-05 2.6299602802327538e-05 2.1662302320171444e-05 1.8799237487186933e-05
8620.13642986 9.43721735425973e-05 4.77227604246176e-05 3.33333656707462e-05 2.649663872452528e-05 2.182324877719948e-05 1.893711828563107e-05
8621.57323899 9.49186463824991e-05 4.7972976984776785e-05 3.350209099080481e-05 2.6627036674580854e-05 2.1927763897266652e-05 1.9025424249009812e-05
8623.01028762 9.382051593757292e-05 4.714678145715741e-05 3.290268360429161e-05 2.61402352685595e-05 2.1521085881690373e-05 1.867039848446328e-05
8624.44757577 9.304482201759425e-05 4.644985982628212e-05 3.240683400443142e-05 2.574201190370534e-05 2.1190903970802966e-05 1.8383259421109455e-05
8625.88510349 9.488056190646916e-05 4.7874422381366864e-05 3.3437084318818304e-05 2.657750067018943e-05 2.1887461588330965e-05 1.89921715343896e-05
8627.32287082 9.595692345600376e-05 4.8832855816718304e-05 3.4132836032584075e-05 2.7142720119463848e-05 2.2359623468344366e-05 1.9406314937286076e-05
8628.76087779 9.578566526685166e-05 4.874781245260482e-05 3.408435104870394e-05 2.7107604136476742e-05 2.2334274444067352e-05 1.9387177314874344e-05
8630.19912446 9.569270235034068e-05 4.869387963851068e-05 3.404742869102544e-05 2.7078171454858646e-05 2.2310065548247624e-05 1.9366271043828238e-05
8631.63761085 9.558626323906545e-05 4.8622339939558636e-05 3.398866508422055e-05 2.702698222423486e-05 2.2265047369071215e-05 1.9324889012587874e-05
8633.07633701 9.54544109382923e-05 4.842971365194353e-05 3.3845306684758174e-05 2.690976586573741e-05 2.2166811775408223e-05 1.923898180650611e-05
8634.51530297 9.492398700663532e-05 4.807674562684364e-05 3.360528773097758e-05 2.6722733032162198e-05 2.2015397074606992e-05 1.9110717199375225e-05
8635.95450879 9.505323724540316e-05 4.8238452608529683e-05 3.3730939365717946e-05 2.682988986341656e-05 2.2106390048383645e-05 1.9192196318927506e-05
8637.39395449 9.535782492554849e-05 4.8330329665183945e-05 3.378789402258383e-05 2.6874037863353404e-05 2.214017853046074e-05 1.9219837338332596e-05
8638.83364012 9.504858683580252e-05 4.808642077923542e-05 3.361002509603527e-05 2.6732145345892386e-05 2.202302213023411e-05 1.9118768665005492e-05
8640.27356572 9.458737224189653e-05 4.8066450972115815e-05 3.361383569732722e-05 2.674584447999597e-05 2.204340209906948e-05 1.9144199332649435e-05
8641.71373132 9.434261018997342e-05 4.8050038514589e-05 3.361486218293222e-05 2.6754566322234193e-05 2.205632926562137e-05 1.9160026662874043e-05
8643.15413697 9.460990745055318e-05 4.8022028390733424e-05 3.3582652456232025e-05 2.671842868410854e-05 2.2019031054482754e-05 1.912085984556089e-05
8644.59478271 9.44815054974528e-05 4.7734077862525354e-05 3.3377614747691455e-05 2.654970154164173e-05 2.187574720209e-05 1.8993121039602236e-05
8646.03566858 9.473280148903364e-05 4.8012296397924874e-05 3.3574864299977495e-05 2.670974012082821e-05 2.2008309591972877e-05 1.9108910392465757e-05
8647.47679462 9.491477811348091e-05 4.8438562305666134e-05 3.387699846335379e-05 2.6953489170095483e-05 2.2211583255755702e-05 1.928734586204982e-05
8648.91816086 9.370206609155801e-05 4.78778227513626e-05 3.348986700831152e-05 2.664947337405038e-05 2.196553196351225e-05 1.907814474313591e-05
8650.35976735 9.105622045001088e-05 4.645222641183999e-05 3.252078605308972e-05 2.5894828420400905e-05 2.1357377754379303e-05 1.8562961030461505e-05
8651.80161413 9.131270643706741e-05 4.6462293324515715e-05 3.2516721098309074e-05 2.5883232479692194e-05 2.134155034934851e-05 1.8543284024219232e-05
8653.24370123 9.307096798768172e-05 4.733422469318202e-05 3.310498818693273e-05 2.6338611928293018e-05 2.1703653584129257e-05 1.8845516600129794e-05
8654.68602871 9.283441146449077e-05 4.7219442694657174e-05 3.3029207484694165e-05 2.6280190004558937e-05 2.1656610377984298e-05 1.8805641896563904e-05
8656.12859659 9.184488383911661e-05 4.677395645062521e-05 3.273269409330968e-05 2.6051069106776296e-05 2.1474209018574958e-05 1.8653127607731872e-05
8657.57140492 9.097739645225138e-05 4.6452752051006703e-05 3.250835263362465e-05 2.5874885477040822e-05 2.1330988524131157e-05 1.853079572628604e-05
8659.01445374 8.98361867731073e-05 4.583351779935878e-05 3.206313006616296e-05 2.5518835832292947e-05 2.1036050471892436e-05 1.8274824581440287e-05
8660.45774308 8.66865265897958e-05 4.371198838602574e-05 3.0550728446747134e-05 2.431019194099621e-05 2.0038690127127368e-05 1.7411218313502357e-05
8661.901273 7.917258159989419e-05 3.879065519245199e-05 2.7060769203810163e-05 2.152599479498618e-05 1.7741725749236815e-05 1.54215835418062e-05
8663.34504352 6.517163084632717e-05 3.0191687660895867e-05 2.0988219741519725e-05 1.6676867969145312e-05 1.3732562418893282e-05 1.1940437634641905e-05
8664.78905469 5.8253853383255364e-05 2.6453046254522343e-05 1.8370926353665385e-05 1.4592176988107614e-05 1.2010727493134094e-05 1.044570052324551e-05
8666.23330655 6.821572285657912e-05 3.337695867054645e-05 2.3330144706946975e-05 1.8582734417089354e-05 1.532730626806595e-05 1.333696483381049e-05
8667.67779914 7.842387422930503e-05 4.061024276028177e-05 2.8509521976870795e-05 2.2742740232636285e-05 1.8777043577464557e-05 1.6337978207259314e-05
8669.1225325 8.380415695621918e-05 4.402558572235776e-05 3.093573238297382e-05 2.4682138065444882e-05 2.0378356135166107e-05 1.772664771367143e-05
8670.56750667 8.682134943841459e-05 4.551187980281473e-05 3.196941632638874e-05 2.5498326884425675e-05 2.1046372014598893e-05 1.8302466670812323e-05
8672.01272168 8.882907894664032e-05 4.6521971912551786e-05 3.267842017714923e-05 2.6063831723169186e-05 2.1511688154161623e-05 1.8706349534314944e-05
8673.45817759 8.974745314801735e-05 4.678247659351137e-05 3.285590157717744e-05 2.6203608183219826e-05 2.162554763302833e-05 1.880545772822593e-05
8674.90387442 8.99360217368464e-05 4.6320576109992e-05 3.248103613604436e-05 2.5878234181834882e-05 2.134118879775192e-05 1.8547970987540308e-05
8676.34981223 8.804007519090643e-05 4.430484470032462e-05 3.0968485418894254e-05 2.46237515789696e-05 2.027242094691555e-05 1.759755459114812e-05
8677.79599104 8.818803753235658e-05 4.3985042229275246e-05 3.070066745445406e-05 2.4389205037376203e-05 2.006152098403915e-05 1.7402285309198485e-05
8679.2424109 9.216042875423708e-05 4.7077029384083406e-05 3.295926955995611e-05 2.6236476102439202e-05 2.1616857040657506e-05 1.8774490984193264e-05
8680.68907186 9.289630556813877e-05 4.782575897699049e-05 3.352899127873546e-05 2.6712839660073687e-05 2.2028381331871468e-05 1.9144160866021213e-05
8682.13597394 9.154527858801478e-05 4.706021546036789e-05 3.301791192152594e-05 2.6316699982086332e-05 2.1710645612609408e-05 1.8874741632778802e-05
8683.58311719 9.188898542600083e-05 4.687229406915397e-05 3.285942636688466e-05 2.6176177113435654e-05 2.1583707767638967e-05 1.8757165473548333e-05
8685.03050166 9.244297042172476e-05 4.6500708959288356e-05 3.2530075526035365e-05 2.587992798651819e-05 2.1313195695156034e-05 1.8503514332017195e-05
8686.47812737 9.341167453576235e-05 4.723808650139795e-05 3.305809406206126e-05 2.6312011433433506e-05 2.167472324179277e-05 1.8822392625247307e-05
8687.92599438 9.336964349671439e-05 4.7597821725422534e-05 3.3334829104161164e-05 2.654869433974981e-05 2.1881364793538953e-05 1.9012754789251483e-05
8689.37410272 9.004661740952562e-05 4.49990424200907e-05 3.141238748901833e-05 2.4964121864901396e-05 2.0536622896919474e-05 1.782068981679966e-05
8690.82245243 8.599924858332878e-05 4.1711146101220634e-05 2.8972246131766e-05 2.2948753407332806e-05 1.8822184715371166e-05 1.6297677167292238e-05
8692.27104355 8.897529194302029e-05 4.3775589542428425e-05 3.049220325873993e-05 2.4195841621748064e-05 1.9877660022770063e-05 1.723195951881592e-05
8693.71987612 9.348783256584769e-05 4.683700598667147e-05 3.2735196804727535e-05 2.6034764390097444e-05 2.1430034947010014e-05 1.860269053473703e-05
8695.16895019 9.435043641916378e-05 4.761972291387294e-05 3.333367054816738e-05 2.6538719561068813e-05 2.186189382937843e-05 1.898917739436105e-05
8696.61826579 9.42729341587795e-05 4.8269159819023536e-05 3.3860329041321456e-05 2.6993673248945987e-05 2.226143481914389e-05 1.9353997818483722e-05
8698.06782296 9.483829538228186e-05 4.8587357221822876e-05 3.408606837736432e-05 2.7175283459450675e-05 2.2413937314549754e-05 1.9489557472336986e-05
8699.51762174 9.483349879142523e-05 4.8200483972270774e-05 3.378562020293662e-05 2.692250112319617e-05 2.2198192351908364e-05 1.9298685252126032e-05
8700.96766218 9.300499196081363e-05 4.678863229561103e-05 3.277342000890843e-05 2.6106929182713496e-05 2.1521906636111407e-05 1.8711054107158743e-05
8702.41794431 9.292778424423676e-05 4.675121448896219e-05 3.2749312945413725e-05 2.6090378041314703e-05 2.150898036652371e-05 1.8701244001832248e-05
8703.86846817 9.443356864838265e-05 4.774302093524969e-05 3.345971409215034e-05 2.6661542946818026e-05 2.1981398328772668e-05 1.9111128987216264e-05
8705.31923381 9.458220317780443e-05 4.7912954594108524e-05 3.359797102512809e-05 2.677923124205078e-05 2.208310124812953e-05 1.920290396020757e-05
8706.77024126 9.505248320953446e-05 4.8344159274784256e-05 3.391099882179843e-05 2.7035195957010687e-05 2.2296952187324117e-05 1.939138483987971e-05
8708.22149057 9.574114626347022e-05 4.8787264522817196e-05 3.422206222013123e-05 2.7285514526123205e-05 2.2503013169645866e-05 1.9570813770903474e-05
8709.67298178 9.573408276973924e-05 4.863625153317371e-05 3.41104078994018e-05 2.719529094927715e-05 2.242670302996585e-05 1.9503964384075594e-05
8711.12471491 9.467624889304807e-05 4.799528951177269e-05 3.365445240995996e-05 2.682838873684024e-05 2.2123544922491893e-05 1.9241732989210795e-05
8712.57669003 9.273170518524332e-05 4.6887172981071626e-05 3.287241019151133e-05 2.6204484553190268e-05 2.1609381874656953e-05 1.8798347317569407e-05
8714.02890716 9.177816682930946e-05 4.631902340461109e-05 3.247060006189811e-05 2.5884560973227206e-05 2.134478117343031e-05 1.8569651061885588e-05
8715.48136634 9.13306261383802e-05 4.583350253660274e-05 3.211743137250871e-05 2.5597854606898465e-05 2.110476179736019e-05 1.835989296578846e-05
8716.93406763 9.405073993734404e-05 4.761618169471931e-05 3.337932069719464e-05 2.6607191879536512e-05 2.1936428978775684e-05 1.907924118601392e-05
8718.38701105 9.530912412370023e-05 4.857953594999504e-05 3.406441427794453e-05 2.7157825820049382e-05 2.239192264474254e-05 1.9474676253381022e-05
8719.84019664 9.394805173134877e-05 4.775267082222493e-05 3.347555673033399e-05 2.6686843898601825e-05 2.2002286079571955e-05 1.913668155008766e-05
8721.29362446 9.428798576639906e-05 4.7796668704307e-05 3.350345990649609e-05 2.670852856686507e-05 2.2017438856988475e-05 1.914727815147222e-05
8722.74729453 9.578445321045055e-05 4.8741608441752845e-05 3.41858280018668e-05 2.725994455221649e-05 2.2476533336242025e-05 1.9548557485966973e-05
8724.2012069 9.628157906550745e-05 4.92612117847932e-05 3.4573384657870886e-05 2.757812367671842e-05 2.274628422262072e-05 1.978900694593761e-05
8725.65536161 9.596419566831095e-05 4.905044729888423e-05 3.442950135971657e-05 2.7463366314140362e-05 2.265260558931975e-05 1.970887295424479e-05
8727.1097587 9.559927280499007e-05 4.876554039730883e-05 3.4227055663218287e-05 2.73012895604822e-05 2.251861209586384e-05 1.9592652161228952e-05
8728.56439821 9.48731520924234e-05 4.8499451836947195e-05 3.4051460327417836e-05 2.7171032669170816e-05 2.241827945811698e-05 1.9512035214810162e-05
8730.01928018 9.275604469413014e-05 4.748595850236671e-05 3.3366615815616645e-05 2.6640870673628334e-05 2.1995287806479917e-05 1.9157999357423566e-05
8731.47440465 9.239028324831991e-05 4.707569731308489e-05 3.307037996585756e-05 2.6395812390511915e-05 2.1788348543420124e-05 1.897465691925007e-05
8732.92977166 9.420083054997118e-05 4.809598074324272e-05 3.37776530770272e-05 2.6951264038272017e-05 2.2235948965615723e-05 1.9354301287598777e-05
8734.38538126 9.522395466612026e-05 4.8866731128592045e-05 3.430903296954498e-05 2.7371058526587977e-05 2.257558522521967e-05 1.964366207449519e-05
8735.84123347 9.468099867580508e-05 4.833088240106007e-05 3.388927690411623e-05 2.7014979484707117e-05 2.2266583417975473e-05 1.936300573866364e-05
8737.29732835 9.296075377511163e-05 4.7085254124809446e-05 3.298813912565113e-05 2.628526378885898e-05 2.1656031185323564e-05 1.8827746884425645e-05
8738.75366593 9.235265037699247e-05 4.719212918496899e-05 3.3110232485786915e-05 2.640702399029312e-05 2.1772570090186874e-05 1.8942751577897763e-05
8740.21024625 9.35166784535075e-05 4.8258128560700596e-05 3.3894817550940376e-05 2.7046914571713878e-05 2.2308731774107348e-05 1.941348339956873e-05
8741.66706936 9.355221023932522e-05 4.844805610980549e-05 3.404598881809813e-05 2.7174241870626606e-05 2.2417785105665686e-05 1.9511081888752862e-05
8743.12413529 9.166509232872195e-05 4.740661965285154e-05 3.33282615040738e-05 2.66104532333885e-05 2.196031947408652e-05 1.9121159005259814e-05
8744.58144408 8.989214259879314e-05 4.6840932857243504e-05 3.296647401584081e-05 2.6342812872743047e-05 2.175428244810267e-05 1.895534347797773e-05
8746.03899578 9.062769063073976e-05 4.769450175941495e-05 3.359191684367737e-05 2.6848623522053706e-05 2.2173498078266205e-05 1.9318621430826923e-05
8747.49679043 9.095715146737453e-05 4.813571188809026e-05 3.392131216239442e-05 2.7112192987768558e-05 2.2389435445714275e-05 1.9501968649035872e-05
8748.95482806 8.930689965838504e-05 4.74435144215721e-05 3.346410377381863e-05 2.6758507287056258e-05 2.2102550846506104e-05 1.925612272459096e-05
8750.41310872 8.752512467734337e-05 4.703033588056918e-05 3.323216852585615e-05 2.660081644723096e-05 2.198663934661498e-05 1.916478712609364e-05
8751.87163244 8.565700745061263e-05 4.683989146643775e-05 3.318169558587279e-05 2.659973783560931e-05 2.2009760936083094e-05 1.9200077986133982e-05
8753.33039928 8.331683244542176e-05 4.5666829479912626e-05 3.239024760884038e-05 2.5988260912332364e-05 2.1522223209632013e-05 1.8792847856320375e-05
8754.78940926 8.461448545286577e-05 4.5786167255057885e-05 3.2414902129402205e-05 2.5985959601473735e-05 2.1506960641028134e-05 1.877449900965997e-05
8756.24866242 8.873487448917448e-05 4.7560703482509284e-05 3.3593606719686375e-05 2.689312491028328e-05 2.2229764738697843e-05 1.9383103681700196e-05
8757.70815882 9.013546512778617e-05 4.779978756246358e-05 3.370032916244884e-05 2.6948866234678768e-05 2.2256172023005214e-05 1.9393211357121175e-05
8759.16789849 8.903994706385788e-05 4.641595660035197e-05 3.2659740069114796e-05 2.6087544787544598e-05 2.1527112702099757e-05 1.87498492432685e-05
8760.62788147 9.079216936723952e-05 4.7326905122664285e-05 3.330015638228522e-05 2.6600410678722077e-05 2.1951873239969606e-05 1.9120160848677574e-05
8762.0881078 9.329733845185377e-05 4.883036245636954e-05 3.438165208788264e-05 2.747776720995507e-05 2.2684760082101583e-05 1.976260200033152e-05
8763.54857752 9.379071970934148e-05 4.8761978288962686e-05 3.431298182317161e-05 2.7416798584066388e-05 2.262977230814089e-05 1.9711953039353932e-05
8765.00929067 9.263104654988664e-05 4.775472589683873e-05 3.357125269832389e-05 2.6810420984242664e-05 2.212072509332851e-05 1.9265389917208553e-05
8766.4702473 9.134450757583501e-05 4.672058608381373e-05 3.281659122037991e-05 2.6194782437428454e-05 2.1605575238753333e-05 1.8814644315652437e-05
8767.93144743 9.252282858346388e-05 4.7036401782983784e-05 3.301326792003417e-05 2.6335316017408976e-05 2.1711088837439188e-05 1.8896993726268e-05
8769.39289113 9.361306994465268e-05 4.740709815616148e-05 3.326288148176076e-05 2.6527136343465125e-05 2.1864293668474795e-05 1.902549648722275e-05
8770.85457841 9.485286905472064e-05 4.8573170302858076e-05 3.412788112249952e-05 2.724187322328057e-05 2.2469915923674532e-05 1.956470182546625e-05
8772.31650933 9.474044242323374e-05 4.85503121813282e-05 3.412788991907207e-05 2.7251329276493408e-05 2.2485295400917658e-05 1.9585148911102256e-05
8773.77868393 9.308394839712611e-05 4.721290131885688e-05 3.3157270827567154e-05 2.646341159602766e-05 2.1826130488645392e-05 1.9007861876041313e-05
8775.24110224 9.11671421801168e-05 4.584086555430503e-05 3.2154025892134544e-05 2.564645435383718e-05 2.1137435660730203e-05 1.8401559041328172e-05
8776.70376431 9.223049830364917e-05 4.664982918799978e-05 3.2748202266335454e-05 2.6133303106057437e-05 2.154637676958791e-05 1.8762782348952675e-05
8778.16667018 9.515121690157187e-05 4.8710669626629265e-05 3.424759255892117e-05 2.7354360282933698e-05 2.2571097612478384e-05 1.9664607226957878e-05
8779.62981988 9.602801368553123e-05 4.903235292495376e-05 3.4458829816393545e-05 2.751564590113157e-05 2.2699369674183074e-05 1.977155818865174e-05
8781.09321346 9.561095849295603e-05 4.8332729204631076e-05 3.393452245248279e-05 2.7081982027335224e-05 2.233143908165077e-05 1.9444251284342115e-05
8782.55685096 9.593011427000421e-05 4.87474083342195e-05 3.424613456632718e-05 2.734318314364291e-05 2.255448977225625e-05 1.9645339469760966e-05
8784.02073243 9.644839411235997e-05 4.939994790074931e-05 3.473372540542125e-05 2.774657237347673e-05 2.2896004358431827e-05 1.9950294652976572e-05
8785.48485789 9.60640511193055e-05 4.909699892081617e-05 3.45196021308346e-05 2.7573267137930444e-05 2.275238560008195e-05 1.9825747392208897e-05
8786.94922739 9.542183700778546e-05 4.852766870337359e-05 3.411086785012198e-05 2.7242598292582887e-05 2.2478098546582167e-05 1.958702135274722e-05
8788.41384098 9.624486364326841e-05 4.9140354604193537e-05 3.455172612429696e-05 2.760149771380658e-05 2.2776448991629646e-05 1.984873514906857e-05
8789.87869869 9.672550268141205e-05 4.955802473178939e-05 3.4854260228271524e-05 2.784826251431818e-05 2.2981855913798074e-05 2.0029418096840726e-05
8791.34380056 9.505954240452905e-05 4.8560902504526295e-05 3.416412000705547e-05 2.7304638618409343e-05 2.254042533748971e-05 1.9653445608664585e-05
8792.80914663 9.293339046791901e-05 4.732377401223432e-05 3.330303144974534e-05 2.6625305432478527e-05 2.1987395538879358e-05 1.918158376815888e-05
8794.27473695 9.2963321766793e-05 4.7228056371394134e-05 3.320955021507995e-05 2.653713003411708e-05 2.1903727668064124e-05 1.91013195985187e-05
8795.74057156 9.26013159634958e-05 4.683377442824264e-05 3.2908654218207796e-05 2.6284345500987792e-05 2.1685297974763855e-05 1.8905191098281723e-05
8797.20665049 9.439075284520725e-05 4.790917651459511e-05 3.3683543247688386e-05 2.6909368389670646e-05 2.220406256983646e-05 1.9357545904623448e-05
8798.67297379 9.525536351471121e-05 4.838882875125559e-05 3.4040072028140545e-05 2.720084036006895e-05 2.2450597639445636e-05 1.957597568667756e-05
8800.1395415 9.588875720770789e-05 4.878921223234625e-05 3.432476016276084e-05 2.7430120343936303e-05 2.264009058277811e-05 1.9740577812731155e-05
8801.60635365 9.66147014509094e-05 4.9083730504306924e-05 3.450776633939366e-05 2.756637965539529e-05 2.2741819123127865e-05 1.982004352428745e-05
8803.07341029 9.669518199544899e-05 4.8844171409257267e-05 3.429918807072862e-05 2.7380471938324804e-05 2.257263109418825e-05 1.9660453979070355e-05
8804.54071147 9.632897928752102e-05 4.871855400871433e-05 3.4212812012095534e-05 2.730972385921514e-05 2.251367309941708e-05 1.9610300105636434e-05
8806.00825721 9.419253177490536e-05 4.718931538811868e-05 3.310325309859685e-05 2.640636246255983e-05 2.1758278384564987e-05 1.895006553294016e-05
8807.47604757 8.946342776467331e-05 4.377870684056118e-05 3.061437134267017e-05 2.4377363913830264e-05 2.0055045259173884e-05 1.7454017556677702e-05
8808.94408257 8.43756369087399e-05 4.053837622031185e-05 2.828428818748848e-05 2.2496690171122502e-05 1.848697042756834e-05 1.60853599124608e-05
8810.41236227 8.71650416162172e-05 4.2561145852402226e-05 2.9775701481321014e-05 2.3721974706125855e-05 1.9522331474397136e-05 1.7001810189783232e-05
8811.88088671 9.30029884946684e-05 4.6670202587500085e-05 3.2767731803678006e-05 2.615911175191229e-05 2.1566700706858764e-05 1.8797851944289637e-05
8813.34965592 9.611070735850387e-05 4.896664112864446e-05 3.444174743484486e-05 2.7523279735962893e-05 2.2709315859588097e-05 1.9800895284574493e-05
8814.81866994 9.66570477993485e-05 4.937252501627855e-05 3.474672810843721e-05 2.7773869516844543e-05 2.2921838493730953e-05 1.9989194316525826e-05
8816.28792882 9.65016284384155e-05 4.927970870314518e-05 3.4685116067953626e-05 2.772653735060419e-05 2.288467393015367e-05 1.9958745005613595e-05
8817.7574326 9.670997167007368e-05 4.943444869034746e-05 3.4790057539912915e-05 2.7810039399372707e-05 2.2952452605809154e-05 2.0016867053209486e-05
8819.22718131 9.675777162738531e-05 4.9488625236016096e-05 3.4831492537957365e-05 2.7845231225188243e-05 2.2982203641516374e-05 2.0043187401679127e-05
8820.697175 9.627512041267603e-05 4.9095509905921255e-05 3.4555080329990446e-05 2.7625451941807766e-05 2.280070127317089e-05 1.9885312592459974e-05
8822.16741372 9.596995674296852e-05 4.86376638122928e-05 3.4208474259002406e-05 2.7337045787324984e-05 2.255454464409102e-05 1.9664643992077787e-05
8823.63789749 9.587982841434107e-05 4.846733469319677e-05 3.405406989178414e-05 2.7193793109395665e-05 2.242197068782475e-05 1.9538436096850663e-05
8825.10862636 9.346097263744724e-05 4.6776117023161974e-05 3.2779745050679205e-05 2.612809301614315e-05 2.1507466170519805e-05 1.8719339071059077e-05
8826.57960038 9.036458406285413e-05 4.463283955891024e-05 3.1195852848736025e-05 2.4824289554416514e-05 2.040133503433315e-05 1.7739197130630352e-05
8828.05081958 9.321249374532952e-05 4.68814388773056e-05 3.2878197734009795e-05 2.6220274478111666e-05 2.159055983271296e-05 1.8799784970899856e-05
8829.522284 9.58061624642458e-05 4.891128578032024e-05 3.440370339294758e-05 2.7488841647566655e-05 2.2675280830448803e-05 1.9769241401562453e-05
8830.99399368 9.626333258953927e-05 4.928711498912353e-05 3.4688401200765586e-05 2.7727838731100364e-05 2.2880923979990607e-05 1.995401449948102e-05
8832.46594868 9.663775284398139e-05 4.9659971395411876e-05 3.4969387500788405e-05 2.79633316036345e-05 2.3082090380445207e-05 2.0134462261988583e-05
8833.93814901 9.663170441087042e-05 4.97383454300754e-05 3.5036349171297475e-05 2.8022828892774802e-05 2.3135761554904568e-05 2.0184727654945066e-05
8835.41059474 9.612613174413311e-05 4.937091179071885e-05 3.4771144092033e-05 2.7805778664874328e-05 2.2954687691558325e-05 2.002508624985178e-05
8836.88328589 9.555573349218645e-05 4.892270937087141e-05 3.444857469016251e-05 2.754444293813256e-05 2.273757243308883e-05 1.9834926571213202e-05
8838.35622252 9.439314911559813e-05 4.811430674222215e-05 3.386912242525257e-05 2.7077006512584385e-05 2.2350600150655817e-05 1.9498132550868467e-05
8839.82940465 9.226528407727468e-05 4.678795910304652e-05 3.2905693878329066e-05 2.6292778112027215e-05 2.1694328442011594e-05 1.8922852912109753e-05
8841.30283233 9.199302446803595e-05 4.668186437179824e-05 3.2821299731657655e-05 2.6220707915782485e-05 2.16295699854148e-05 1.8863037424367806e-05
8842.77650561 9.411872291141694e-05 4.8307373003561615e-05 3.402097606378207e-05 2.720525621577528e-05 2.2458346813579246e-05 1.9593715911474227e-05
8844.25042451 9.463962739617225e-05 4.8773028833614765e-05 3.4374893239163706e-05 2.7497998341207224e-05 2.270774577869404e-05 1.981470975433886e-05
8845.72458909 9.460038311729334e-05 4.893055138066864e-05 3.4496576653105905e-05 2.7599903091869808e-05 2.2794853718042388e-05 1.9892010903317286e-05
8847.19899939 9.413872739233702e-05 4.887702644714003e-05 3.4464520975611346e-05 2.75781836797591e-05 2.27790773474043e-05 1.9879631771077277e-05
8848.67365544 9.28739311658862e-05 4.824032449879852e-05 3.401893117482147e-05 2.72253017000638e-05 2.2490168936576455e-05 1.9630744561225507e-05
8850.14855729 9.288826599024853e-05 4.8409297520738444e-05 3.415217935891861e-05 2.733848279114651e-05 2.2587138201900152e-05 1.9716717617294075e-05
8851.62370497 9.346517564558694e-05 4.8939856648882297e-05 3.454226428446997e-05 2.765624078348679e-05 2.285311401089003e-05 1.994812164406281e-05
8853.09909854 9.322901294825569e-05 4.9047135495544404e-05 3.464329280788464e-05 2.7749269682647793e-05 2.2938886653184185e-05 2.0028029737267707e-05
8854.57473802 9.269935514700626e-05 4.9028990323340984e-05 3.4660561103376886e-05 2.7777835900020797e-05 2.297318395256504e-05 2.0064902640349624e-05
8856.05062346 9.212885249378846e-05 4.892035659549874e-05 3.459235432411937e-05 2.7724926367783536e-05 2.2930906333691476e-05 2.0026450131048054e-05
8857.52675491 9.156027466332383e-05 4.8686025228577556e-05 3.439642348458696e-05 2.754942974124967e-05 2.2773240503174888e-05 1.987499227152624e-05
8859.0031324 9.064954092419466e-05 4.7664524666845495e-05 3.350491648116686e-05 2.674634964432607e-05 2.2054472405501225e-05 1.9197345137015287e-05
8860.47975597 8.914918178578637e-05 4.618933650920732e-05 3.224280384726752e-05 2.561979845354556e-05 2.105821420194972e-05 1.826691425522865e-05
8861.95662566 8.682363533473695e-05 4.539438031336223e-05 3.1696364195439875e-05 2.5182947503459807e-05 2.0706498181682784e-05 1.7961733036889428e-05
8863.43374152 8.291876774403785e-05 4.422819098010574e-05 3.102499800402903e-05 2.4715572626766865e-05 2.0368761043483538e-05 1.7704139350724236e-05
8864.91110359 7.994839109492782e-05 4.3279344716907454e-05 3.0482315081947316e-05 2.4340365641404423e-05 2.009499427905237e-05 1.74925407240365e-05
8866.3887119 8.204121243977432e-05 4.447010993877068e-05 3.1324495200966415e-05 2.501615385580892e-05 2.0650671045300954e-05 1.7973036556326412e-05
8867.86656651 8.402056351235169e-05 4.4705875601398875e-05 3.136423637889581e-05 2.4989990180565614e-05 2.0594016657915888e-05 1.7898596994374915e-05
8869.34466744 8.353156487068852e-05 4.305751407306761e-05 3.001754025144557e-05 2.382612425483229e-05 1.9582408296749187e-05 1.6980996123054566e-05
8870.82301474 8.55176408997265e-05 4.351071821362144e-05 3.0243098212074647e-05 2.3961726687480484e-05 1.966789520413667e-05 1.7031835601515495e-05
8872.30160846 8.826875815461944e-05 4.5153748287312355e-05 3.139925539929596e-05 2.488827298545838e-05 2.0435970475104812e-05 1.769903005837637e-05
8873.78044863 8.916798888990901e-05 4.571914588923741e-05 3.180640400362977e-05 2.522086028995794e-05 2.071833152397081e-05 1.7949529011789348e-05
8875.25953529 8.943700747165993e-05 4.583267586031726e-05 3.1897666415850525e-05 2.5297884937831677e-05 2.078586879081483e-05 1.8010222959889543e-05
8876.73886848 8.93608584693944e-05 4.5634988804131704e-05 3.176241866778612e-05 2.5190087445506783e-05 2.0698070057626124e-05 1.7934476022401918e-05
8878.21844826 8.903967139464362e-05 4.5087956932026746e-05 3.135614738594872e-05 2.4855049511947268e-05 2.041808772228434e-05 1.768937180414123e-05
8879.69827465 8.910077194717388e-05 4.4799937730751626e-05 3.113955529249976e-05 2.4675039057870474e-05 2.026663026342506e-05 1.7555797770327786e-05
8881.1783477 8.956422411685074e-05 4.497514805438541e-05 3.126025565886461e-05 2.4770623638724316e-05 2.0345464022765235e-05 1.7623532478279443e-05
8882.65866744 9.041682384811973e-05 4.5757493486454706e-05 3.182785110076405e-05 2.5233700410095855e-05 2.0734366287654452e-05 1.796568907397183e-05
8884.13923393 9.066567558037861e-05 4.60372255347544e-05 3.204647734603336e-05 2.5418160453685626e-05 2.0892828796799696e-05 1.810802350830555e-05
8885.6200472 9.053861518070737e-05 4.5892870715262085e-05 3.19539277614355e-05 2.5347856465023542e-05 2.083701401892238e-05 1.8061533852847222e-05
8887.10110729 9.103669464954863e-05 4.6058826910606834e-05 3.205707399514255e-05 2.5424573586386506e-05 2.0896097662885643e-05 1.8109942233065326e-05
8888.58241425 9.185677245611209e-05 4.642782713501026e-05 3.229924904286143e-05 2.5610838209243968e-05 2.1044238597751393e-05 1.8234970542924577e-05
8890.06396811 9.214609881749255e-05 4.660937585585785e-05 3.243382686879705e-05 2.5721918153833056e-05 2.113789900387325e-05 1.8318525829328233e-05
8891.54576892 9.201663903821093e-05 4.656740911595499e-05 3.241877818086876e-05 2.571725595539898e-05 2.113877135392825e-05 1.832381688286608e-05
8893.02781672 9.098755766404222e-05 4.596429200310951e-05 3.200808923429989e-05 2.5397058180486037e-05 2.0881442274994028e-05 1.810690993427912e-05
8894.51011154 9.026087576301684e-05 4.5563340915749255e-05 3.173289624112804e-05 2.5183128971218263e-05 2.0709799045627063e-05 1.796308585619598e-05
8895.99265343 9.124442451396228e-05 4.606000248982973e-05 3.207190842679623e-05 2.5448776211102234e-05 2.0923577159228287e-05 1.814492753805668e-05
8897.47544244 9.23139574985596e-05 4.652129774015424e-05 3.2382563140362564e-05 2.5687045076070287e-05 2.1112472288059373e-05 1.8302625644936207e-05
8898.9584786 9.226904564422297e-05 4.641719321804641e-05 3.230808875454458e-05 2.5625549952685567e-05 2.1061019556686325e-05 1.8257754853691698e-05
8900.44176195 9.164999373990887e-05 4.608053874382398e-05 3.207923785277795e-05 2.5449848732888176e-05 2.0921280781287274e-05 1.8141730717749453e-05
8901.92529253 9.153128378789638e-05 4.607238252636265e-05 3.208463099030874e-05 2.5463079093736596e-05 2.0937805796505397e-05 1.8161481751882274e-05
8903.40907039 9.251742384759027e-05 4.6670214854043985e-05 3.251395679714785e-05 2.5807915213121098e-05 2.1221089208331093e-05 1.8406924885510493e-05
8904.89309557 9.263614671648999e-05 4.677201047432893e-05 3.260832985410093e-05 2.5891422766896574e-05 2.1293404190096134e-05 1.847320504193716e-05
8906.3773681 9.233297735479606e-05 4.6642339271597746e-05 3.2534306118294617e-05 2.5840006587148826e-05 2.1255136366229512e-05 1.8444065723233572e-05
8907.86188804 9.23249821111266e-05 4.660076313986322e-05 3.2502703478107216e-05 2.5815185457367873e-05 2.1235052356167103e-05 1.8428215607916246e-05
8909.34665541 9.270604422598923e-05 4.675416278460887e-05 3.260562003006682e-05 2.5895858484208508e-05 2.130041357135829e-05 1.8484747324417818e-05
8910.83167027 9.28603188188014e-05 4.679438635277256e-05 3.2635894107869545e-05 2.592040708761283e-05 2.1320108657597215e-05 1.8501711008717286e-05
8912.31693265 9.240733319726772e-05 4.668440351663844e-05 3.2569995758745166e-05 2.587404104670253e-05 2.1285339173547328e-05 1.8474253141116497e-05
8913.80244259 9.087886596426791e-05 4.6283549667300015e-05 3.233027297296538e-05 2.570635330542101e-05 2.1162463379377243e-05 1.8379063399945553e-05
8915.28820014 9.092162745288688e-05 4.6267709231272774e-05 3.232602876172799e-05 2.5706822767338676e-05 2.116434255217508e-05 1.838267587279086e-05
8916.77420534 9.272506432262214e-05 4.684538461731882e-05 3.2692201145945716e-05 2.5977171683707438e-05 2.1371997054044663e-05 1.8552478356467564e-05
8918.26045823 9.319417792102625e-05 4.690603860116525e-05 3.27156229936547e-05 2.5985570373751826e-05 2.1372163647116608e-05 1.8548128850501306e-05
8919.74695884 9.291640370129138e-05 4.669345244963239e-05 3.256920398315343e-05 2.587132871932345e-05 2.1279230039856966e-05 1.846931754757497e-05
8921.23370723 9.165233238339691e-05 4.5574004753951045e-05 3.1759052166123714e-05 2.521764225673653e-05 2.0733794930953605e-05 1.79917961539797e-05
8922.72070342 9.097252087671787e-05 4.5011145902868136e-05 3.134722089181142e-05 2.488309484692128e-05 2.0453480330049212e-05 1.774586112196691e-05
8924.20794747 9.184426553209338e-05 4.600865689042438e-05 3.2085180888669564e-05 2.5485688505700502e-05 2.096099901482072e-05 1.8195265421774577e-05
8925.69543942 9.142731564019545e-05 4.589463538031442e-05 3.20251190252694e-05 2.5446504180382295e-05 2.09349697594769e-05 1.8178970662317604e-05
8927.1831793 9.09854776567101e-05 4.5666562889298235e-05 3.188509155324747e-05 2.534608481242112e-05 2.085962938501826e-05 1.811941844581519e-05
8928.67116716 8.988652087723047e-05 4.547282952964625e-05 3.1806970032617064e-05 2.5315216350604218e-05 2.0853410041965468e-05 1.812828204889269e-05
8930.15940304 8.950339383563689e-05 4.568193131697825e-05 3.1989846234718456e-05 2.548011748904823e-05 2.1000227886502395e-05 1.8264941196682433e-05
8931.64788697 9.117763256302724e-05 4.616337232366492e-05 3.227470972449858e-05 2.5678329914654837e-05 2.1144804466147603e-05 1.8376978723110374e-05
8933.13661901 9.201434974242343e-05 4.609578529078144e-05 3.2185830338290426e-05 2.558561909129543e-05 2.105383068638718e-05 1.828650932622559e-05
8934.6255992 9.203596246842906e-05 4.559585835080257e-05 3.1812503378408624e-05 2.5281275147195955e-05 2.0794500173471537e-05 1.8054728200871344e-05
8936.11482756 9.269782518511675e-05 4.5947112415632446e-05 3.202564862788858e-05 2.543559541931367e-05 2.0912017783760432e-05 1.814755422191753e-05
8937.60430415 9.333092265702243e-05 4.644469470107184e-05 3.228992095120399e-05 2.5600495467624162e-05 2.102562970253959e-05 1.8225224363123724e-05
8939.09402901 9.349977525840403e-05 4.665308944689128e-05 3.240917498605674e-05 2.568012924959913e-05 2.1084983896950654e-05 1.8270324734286498e-05
8940.58400217 9.325743039321432e-05 4.6691009246974914e-05 3.248040755441458e-05 2.5756653318777318e-05 2.1160936940368054e-05 1.8347232781948996e-05
8942.07422369 9.274335185584317e-05 4.647594409014123e-05 3.236982608819938e-05 2.5686652426333324e-05 2.111467014518244e-05 1.831728658802864e-05
8943.5646936 9.239686498389645e-05 4.629446436429286e-05 3.226134171998459e-05 2.560939667384374e-05 2.1055069141793925e-05 1.8269908978803008e-05
8945.05541194 9.171001937187878e-05 4.568884915957528e-05 3.1810251751276566e-05 2.5237533428805704e-05 2.074037508384783e-05 1.7990771829775404e-05
8946.54637875 9.033422688684661e-05 4.470473860734803e-05 3.107617037861571e-05 2.4631308679959813e-05 2.0230589498115227e-05 1.754035972172262e-05
8948.03759408 8.9021996757776e-05 4.367476065477794e-05 3.0319555191803994e-05 2.401090513476439e-05 1.970949879845889e-05 1.70807571693797e-05
8949.52905796 8.958764907377663e-05 4.3890567895240444e-05 3.046629008443064e-05 2.412511165085009e-05 1.9800310205462317e-05 1.7156555132914196e-05
8951.02077044 9.078604013299456e-05 4.498125060398897e-05 3.126118122932826e-05 2.4776745082914272e-05 2.0350312734964237e-05 1.764294827045084e-05
8952.51273156 9.175774197853524e-05 4.579430858197199e-05 3.1853690988490616e-05 2.526073350377199e-05 2.0756357715839106e-05 1.8000328363988683e-05
8954.00494137 9.272206349432133e-05 4.648428445378406e-05 3.234821223725298e-05 2.56587906410648e-05 2.1084529150082712e-05 1.8285022698333625e-05
8955.49739989 9.303404527685327e-05 4.6698305277618e-05 3.249822134886055e-05 2.577837039477847e-05 2.118248545633502e-05 1.836949140427406e-05
8956.99010718 9.305740911963747e-05 4.6670430816648684e-05 3.2474544315824795e-05 2.5757827714820625e-05 2.116500010631338e-05 1.8353697378226224e-05
8958.48306327 9.312537737981577e-05 4.6734145174819435e-05 3.251359130725076e-05 2.5786142826620194e-05 2.118740958303521e-05 1.8372185186566842e-05
8959.97626821 9.316841420438273e-05 4.685286416780426e-05 3.260509010086688e-05 2.5862445955265186e-05 2.125188874640999e-05 1.842973467054411e-05
8961.46972204 9.28501691337026e-05 4.669822413332933e-05 3.250858491570897e-05 2.5789815830183052e-05 2.1194356282183105e-05 1.8382342643758088e-05
8962.9634248 9.234914013332932e-05 4.644270349909676e-05 3.235121446737509e-05 2.5673756893771796e-05 2.11040282519086e-05 1.830917664980238e-05
8964.45737653 9.23071692756319e-05 4.643759499332091e-05 3.2351959308848364e-05 2.567678662729271e-05 2.1108350987476322e-05 1.83148978318352e-05
8965.95157728 9.234019751211327e-05 4.64518256198924e-05 3.235312602467026e-05 2.567410903130158e-05 2.1104145050162097e-05 1.8310234346725875e-05
8967.44602707 9.141243446953253e-05 4.583788778936192e-05 3.192282358956325e-05 2.53311271174594e-05 2.0822304845357245e-05 1.806790246572114e-05
8968.94072596 9.065469681549691e-05 4.53784067080335e-05 3.161312023502752e-05 2.5090747301287683e-05 2.0628865021076093e-05 1.790513439603461e-05
8970.43567399 9.094311199888749e-05 4.5667400834879863e-05 3.183953696495404e-05 2.528352119538202e-05 2.0793749783161402e-05 1.8053660955573172e-05
8971.9308712 9.188043017153104e-05 4.622792986063984e-05 3.223854213523953e-05 2.5604797837398663e-05 2.1057029569095733e-05 1.8280795153338933e-05
8973.42631763 9.234266970957464e-05 4.628465377193394e-05 3.2256999308539744e-05 2.5613369933927848e-05 2.1056009197489707e-05 1.827343924151731e-05
8974.92201332 9.221504083965032e-05 4.624935487020792e-05 3.2231903620351474e-05 2.5593429316429992e-05 2.1039047281771668e-05 1.8259507861594158e-05
8976.41795832 9.115187816849754e-05 4.5674866980709314e-05 3.182485479659193e-05 2.5263440739512163e-05 2.0765239406357886e-05 1.8023120101078513e-05
8977.91415266 8.938639217923658e-05 4.431510171147519e-05 3.08464945465572e-05 2.4470369958907545e-05 2.0102545379526193e-05 1.7443878088149903e-05
8979.41059638 8.9992055733198e-05 4.471239072938834e-05 3.1136651085847266e-05 2.4705415995481045e-05 2.029755397434507e-05 1.761309039970713e-05
8980.90728954 9.109547631972513e-05 4.5749322040277636e-05 3.190265563756108e-05 2.5334387551923738e-05 2.0829706374323742e-05 1.808353219489921e-05
8982.40423216 9.194809179143531e-05 4.653367342187627e-05 3.246995024134634e-05 2.5795544657378978e-05 2.1214675689136282e-05 1.842178189684514e-05
8983.90142429 9.26450316837188e-05 4.713479039537587e-05 3.2914123131102066e-05 2.6161153359050237e-05 2.1520055320761417e-05 1.8692095257208686e-05
8985.39886598 9.239035490008672e-05 4.6996249293078465e-05 3.282797342914633e-05 2.609809735979913e-05 2.147077464599671e-05 1.8653061933982207e-05
8986.89655726 9.144521439355052e-05 4.6307634927973684e-05 3.235201279237701e-05 2.5722757314826168e-05 2.1163432847976998e-05 1.83896511622294e-05
8988.39449818 9.142889985650671e-05 4.6207226985377685e-05 3.2277655590321575e-05 2.566139949691236e-05 2.1109707439512672e-05 1.8340811099703807e-05
8989.89268878 9.192499329277919e-05 4.661573865337679e-05 3.256574665499407e-05 2.589037756972241e-05 2.1296668777742855e-05 1.8501902165981637e-05
8991.39112909 9.161400429312332e-05 4.632263400646044e-05 3.235877155885447e-05 2.5724063451214758e-05 2.1156076917398478e-05 1.8378513778004755e-05
8992.88981917 9.13194047394432e-05 4.630784763006694e-05 3.236379358162104e-05 2.5733410386229135e-05 2.1168059669784716e-05 1.8392493182529998e-05
8994.38875904 9.121877751824081e-05 4.652940116262e-05 3.253041182976403e-05 2.586966980360708e-05 2.1286175655877318e-05 1.8499213672010807e-05
8995.88794877 9.095090994178021e-05 4.641154393652959e-05 3.2448062466611885e-05 2.5804457009297656e-05 2.123309409440033e-05 1.8454388023040968e-05
8997.38738837 9.072410844932752e-05 4.631449135313154e-05 3.238395210863102e-05 2.575529869479348e-05 2.1192689138679427e-05 1.842022883222166e-05
8998.88707791 9.070688440216796e-05 4.647814093444707e-05 3.250209499389022e-05 2.585160459865822e-05 2.1270243567735142e-05 1.8487149852098823e-05
