wavelengths 0.01
3649.1081603965563 0.009127026234201637
3649.716411883905 0.009107511096896493
3650.324764741565 0.009114573755996848
3650.9332190095265 0.00912384753552028
3651.5417746777916 0.00906576202200322
3652.1504317863523 0.00907572007345445
3652.759190345204 0.0091403854925171
3653.3680503643463 0.009144436810872228
3653.977011863775 0.00915696195916148
3654.586074863484 0.009180238263655008
3655.195239373472 0.009184829486549617
3655.804505423732 0.009175002107763655
3656.413873014263 0.009176615453198934
3657.023342175061 0.009204449170847163
3657.6329129261176 0.009192404832253743
3658.242585267435 0.009181977465853846
3658.852359229006 0.009191723791116893
3659.4622348308267 0.009140464616704251
3660.0722120728956 0.009118837230615096
3660.682290985207 0.00912476287681833
3661.2924715877552 0.009105195512471674
3661.9027538905398 0.009055374691922436
3662.513137913554 0.00906322747783596
3663.1236236667974 0.009073188245160013
3663.734211170265 0.009045527347301886
3664.344900453949 0.009020648443823777
3664.95569151785 0.009074770279166842
3665.566584381963 0.009139676019890176
3666.1775790762817 0.009085672051918625
3666.788675600806 0.009037107954482102
3667.3998739855288 0.0090498187988813
3668.01117423045 0.009052248081726609
3668.6225763755606 0.009025644888726673
3669.234080420861 0.008966871001468642
3669.8456863863457 0.008956823130936488
3670.4573942920115 0.008982822864326414
3671.0692041578523 0.009008689409906649
3671.6811159938666 0.009039068327244574
3672.2931298300477 0.009064955446150259
3672.9052456563977 0.00905537221462913
3673.517463522904 0.009008953601598842
3674.1297834195707 0.008981815424728186
3674.7422053763908 0.00901972552803302
3675.3547294133577 0.009051300206888558
3675.9673555404706 0.009019895999640868
3676.5800837777247 0.008951768367740955
3677.192914145116 0.008902912793750847
3677.8058466426437 0.008888666186136459
3678.4188813102987 0.008954031243375094
3679.032018158079 0.008919693793846974
3679.6452571959826 0.008858439490343263
3680.2585984440043 0.008882214416742869
3680.872041922139 0.008941873709755948
3681.485587650383 0.008963541420142267
3682.099235638734 0.008905286268460016
3682.712985907187 0.008860212358292154
3683.3268384657395 0.008906501527343595
3683.9407933443854 0.00895494456566971
3684.5548505531215 0.008929421191418834
3685.169010111944 0.00885105221480942
3685.7832720308506 0.008830454588657418
3686.3976363398333 0.008799629531726258
3687.012103038893 0.008755095556943659
3687.626672158023 0.008796070377299958
3688.2413437072205 0.008886499480570294
3688.856117716478 0.008927473074096123
3689.4709941857973 0.008931539551896305
3690.085973135172 0.008929597935428588
3690.7010545945964 0.008908175744709387
3691.31623856407 0.008889207120648118
3691.9315250735854 0.008910935420506479
3692.5469141431386 0.008944417298483007
3693.16240577273 0.008942759774787711
3693.7779999923505 0.00890191927390042
3694.393696821999 0.008908249136467468
3695.009496261673 0.008940716544756996
3695.625398351364 0.008944995028945102
3696.241403091072 0.008863482669275467
3696.8575105007912 0.008736813920213483
3697.4737206005198 0.008706964516977595
3698.0900334102507 0.00882081285296468
3698.7064489499794 0.008980564883403049
3699.3229672197076 0.009068377315298538
3699.939588249427 0.009043206167706768
3700.556312059133 0.008999913555493722
3701.1731386588235 0.008967074448727928
3701.7900680684947 0.00893228428942559
3702.4071003081403 0.008856265697732135
3703.02423538776 0.008714694594432124
3703.641473327348 0.008507604746791455
3704.258814146899 0.008428301843261493
3704.8762578564124 0.008417129890405928
3705.4938044858795 0.008498871297236935
3706.1114540453 0.008681368917810222
3706.729206544669 0.008871692857181932
3707.3470620139824 0.008909926721033036
3707.9650204632358 0.008930592330599627
3708.5830819124253 0.008940991314386117
3709.2012463715487 0.0088140460184218
3709.8195138705987 0.008742344356832046
3710.437884409576 0.008696934685907627
3711.0563580284697 0.008529242505091236
3711.674934717285 0.008311158929648873
3712.2936145160097 0.008302574236857681
3712.9123974346426 0.008500549616264291
3713.531283483182 0.008783321509315467
3714.1502726916206 0.008998037293122497
3714.769365059958 0.009034901978748296
3715.388560618187 0.009005203822006019
3716.0078593863045 0.009087467248165922
3716.6272613743067 0.009170105057849784
3717.246766602189 0.009186437652845462
3717.86637507995 0.009136043210213721
3718.4860868375827 0.009083055980846152
3719.105901885083 0.008991440092515854
3719.7258202424478 0.008796683612113847
3720.3458419196754 0.008622970111054487
3720.96596693676 0.008338866700523712
3721.5861953236954 0.007975330658096948
3722.2065270804806 0.007968241211289064
3722.826962227112 0.008347172711160573
3723.4475007935816 0.008805887264834757
3724.0681427798904 0.009330672425097115
3724.6888882160306 0.010035902018378095
3725.309737112001 0.010838160099670828
3725.9306894977935 0.011453326887551093
3726.5517453734087 0.011497764014575201
3727.1729047588415 0.01123593160833229
3727.794167684085 0.01143775220563878
3728.4155341591377 0.011984575504856902
3729.0370041939973 0.01224841987264109
3729.658577818655 0.011837402791206585
3730.2802550431097 0.010925249901425734
3730.9020358773596 0.010015511148725339
3731.523920361395 0.009374049468793251
3732.145908485218 0.00886078025285592
3732.768000288819 0.008408834960796368
3733.390195772199 0.008031993853291477
3734.0124949653505 0.007704859851253814
3734.63489787827 0.007618830708402795
3735.2574045209576 0.007927655579598259
3735.8800149334024 0.008313946360948966
3736.5027291156043 0.008479098140964886
3737.1255470875594 0.00864953615925812
3737.7484688692625 0.009019008842077366
3738.3714944707117 0.00931697523339136
3738.994623921899 0.009493640382908116
3739.617857232823 0.00958818908272373
3740.24119442348 0.00977812093794149
3740.864635503866 0.00982432210433625
3741.4881804939764 0.009725319780380246
3742.1118294238054 0.009782821956329887
3742.7355822933523 0.009729607059223225
3743.3594391226115 0.009565347219408115
3743.983399941578 0.009649441661731744
3744.6074647602477 0.009749353094155172
3745.2316335886194 0.009468916471391392
3745.8559064466886 0.009149475475342367
3746.4802833644476 0.009096873830825341
3747.104764351893 0.008975664379807406
3747.729349419025 0.008617867696690554
3748.3540385858373 0.008175288850016034
3748.978831882323 0.00781455048467678
3749.603729308483 0.007480879532381759
3750.2287308943096 0.0073717401961830515
3750.8538366497996 0.00765384335473514
3751.4790465949504 0.00810717062456751
3752.1043607497554 0.0085071484868721
3752.729779134211 0.008794765905820187
3753.3553017483173 0.009074246221512204
3753.980928632064 0.009360738276719033
3754.606659785452 0.009544597422293574
3755.232495228476 0.009711536446013325
3755.8584349911293 0.009858369989650081
3756.4844790834104 0.009919837390789187
3757.1106275153165 0.009772835727741302
3757.7368803168392 0.00963016347827287
3758.3632374979775 0.009687756839367645
3758.9896990687284 0.009659403354260623
3759.6162650690835 0.009664925677783093
3760.242935489044 0.009836225550010866
3760.869710368602 0.00980058592675894
3761.4965897177535 0.009672438607915494
3762.1235735464975 0.009849128781901252
3762.750661874829 0.009988494545769808
3763.37785473274 0.009810061267199004
3764.005152120232 0.009634952137694577
3764.6325540672965 0.009780741363690967
3765.2600605839325 0.00970663354372258
3765.887671690135 0.009461958820777095
3766.5153874058983 0.00920038561685867
3767.1432077412205 0.00889196384952945
3767.771132726096 0.008703718351410901
3768.3991623705215 0.008505506779276254
3769.0272966844936 0.008189513054039858
3769.6555356980066 0.007747886689688228
3770.283879421058 0.007350056956664772
3770.912327873643 0.007332860491907996
3771.5408810757563 0.007723426269958089
3772.1695390473933 0.008172593981702305
3772.798301788556 0.008542186879692387
3773.427169339232 0.008852771262750905
3774.0561416994233 0.009051944784076456
3774.685218899122 0.009184036815575888
3775.3144009483262 0.009391077459186718
3775.943687857034 0.009485123273787031
3776.5730796652356 0.009622387687295559
3777.20257637293 0.009807355684028084
3777.832178000114 0.009913188674983755
3778.461884576779 0.009923107601702839
3779.091696102927 0.010065653998827036
3779.7216125985524 0.010303307943287553
3780.3516340936476 0.010410436436366518
3780.9817605882126 0.010305041238570314
3781.6119921222394 0.010241364178030829
3782.2423286857284 0.0102426765209721
3782.872770318672 0.01021671276367235
3783.503317031067 0.01019805952798609
3784.133968842908 0.010387784233013495
3784.7647257641943 0.010461222103485905
3785.3955878149195 0.01028548143934311
3786.026555025078 0.00999428783008961
3786.657627394669 0.009959174851235127
3787.2888049436883 0.010016404386573663
3787.9200877021285 0.009986220537082193
3788.551475679987 0.00997541737682026
3789.1829688872617 0.009967163151703155
3789.8145673539466 0.009894982970082802
3790.446271090037 0.009779747250464396
3791.07808011553 0.009685493848631455
3791.7099944504207 0.009586352764089251
3792.342014114705 0.009533873401486776
3792.9741391183784 0.009377505578922501
3793.60636947144 0.009091343452259622
3794.2387052138806 0.008854545749597466
3794.8711463457003 0.008592728602933522
3795.5036928968907 0.008390621201366882
3796.1363448674533 0.008144693022532689
3796.7691022873805 0.0078521491292363
3797.4019651766666 0.007537374290758965
3798.034933545312 0.007408482059413437
3798.668007423307 0.007672919352431798
3799.301186810652 0.007997423143934855
3799.9344717373406 0.008314930049614757
3800.5678622133696 0.00861593710147854
3801.201358258736 0.00876741460692631
3801.8349598934337 0.008960122972451067
3802.4686671374584 0.009297967102286505
3803.102480000807 0.009508557423061342
3803.736398513474 0.00963885467460735
3804.3704226754576 0.009771707014571085
3805.0045525167525 0.009802562693751434
3805.6387880473553 0.009761979981342744
3806.273129297259 0.009636844252474387
3806.907576276462 0.009613628971710548
3807.54212899496 0.009853366072734546
3808.1767874827474 0.01004866249285794
3808.8115517498222 0.010133117448614407
3809.4464218161797 0.010230654352011417
3810.0813977018142 0.010315973427832652
3810.7164794267205 0.010298778730316272
3811.3516670008985 0.010308077993270064
3811.986960444341 0.010317140365639278
3812.622359777045 0.010204597401079697
3813.2578650090077 0.00997448926610526
3813.8934761702217 0.009890825866474221
3814.529193270685 0.009901166796342524
3815.165016330393 0.009971570409285889
3815.8009453693408 0.009976824266533964
3816.4369803975255 0.010037067534266402
3817.0731214349425 0.010077914539348498
3817.7093685015884 0.01002673904691571
3818.345721617457 0.009896194461953679
3818.9821808025436 0.00948009403196713
3819.6187460668475 0.00901099069689922
3820.2554174303614 0.0091854131658794
3820.8921949130827 0.009637679021656213
3821.5290785250086 0.00987420760888725
3822.166068296131 0.010012348074533769
3822.8031642264514 0.010098695405218938
3823.4403663559588 0.009955083318486976
3824.077674694652 0.009741415183655034
3824.715089252528 0.00966024687850433
3825.352610049583 0.009638205394402724
3825.9902371058115 0.009551103579746381
3826.627970441208 0.00951236423783959
3827.2658100657723 0.009428519452443156
3827.9037560094944 0.00940572736238525
3828.5418082823744 0.0094135867937737
3829.1799668944095 0.009170223730988636
3829.8182318855893 0.009015601434510528
3830.456603245917 0.00895704483363946
3831.0950810153827 0.008743366773044726
3831.733665203984 0.008434883130549362
3832.372355831717 0.008161225443603596
3833.011152908578 0.007973923300509207
3833.6500564545627 0.007817052000975686
3834.289066489667 0.0075926482168709635
3834.9281830438836 0.007351220091834582
3835.5674061072145 0.007291831410451298
3836.206735729648 0.007521830023482641
3836.8461719011866 0.007824486508290549
3837.4857146518225 0.008045429214854006
3838.125364001553 0.008121576417728295
3838.7651199603733 0.008348886119786464
3839.4049825582774 0.008574346229836705
3840.044951805262 0.008556310872381833
3840.6850277113267 0.0085900143638495
3841.3252103164605 0.008941045406679097
3841.9654996106665 0.009271997980342702
3842.605895633935 0.009348760084171086
3843.2463983862654 0.009379895982477543
3843.8870079076482 0.009555636446491678
3844.527724188087 0.009639963750579275
3845.1685472775694 0.009603402940975593
3845.809477166097 0.00961164925973074
3846.450513883664 0.009651467467261166
3847.0916574402663 0.009748341768559194
3847.732907865898 0.009786544132142696
3848.3742651705575 0.00967177823915851
3849.0157293742377 0.009543528349504449
3849.6573004969355 0.009382652188044132
3850.298978558647 0.009448770141145507
3850.94076355937 0.00967781174419615
3851.5826555390963 0.009847387336715616
3852.224654507823 0.009867398846339482
3852.866760475549 0.009825496138761785
3853.5089734722656 0.009763174359071945
3854.1512935079704 0.009856392792446335
3854.7937206026604 0.009992401487834795
3855.4362547663322 0.009756777497255243
3856.078896038975 0.009514485783631765
3856.721644410594 0.009815015531834302
3857.3644999211765 0.010030058792585292
3858.007462580723 0.009953698451861332
3858.650532409227 0.009874647948798814
3859.293709416687 0.009808764198554141
3859.9369936230964 0.009798508318241419
3860.580385048453 0.009855685287611307
3861.2238837227487 0.009686305810788007
3861.867489645983 0.009480403917359548
3862.511202838151 0.009438367795413776
3863.155023329247 0.009572040468312625
3863.798951119269 0.009692718968792488
3864.4429862482098 0.009858020528822217
3865.087128716067 0.009893865148987862
3865.7313785528363 0.00981985986268866
3866.3757357585146 0.009793593838770832
3867.020200373094 0.00958269701832136
3867.664772396575 0.009541637498468099
3868.3094518589487 0.009813421977395195
3868.954238780212 0.009951375975069364
3869.599133160365 0.009918096791490437
3870.244135039396 0.009870332144609013
3870.8892444173075 0.009616357836644973
3871.534461314094 0.00925585399788287
3872.179785759747 0.009215010749600887
3872.8252177642657 0.009404458551595359
3873.470757347645 0.00960356815475219
3874.1164045298797 0.009699454781332934
3874.762159320969 0.009784590365866137
3875.4080217409055 0.009657190782807011
3876.0539918196837 0.009470975863588343
3876.7000695573033 0.009528618121688074
3877.346254983757 0.009536457008698662
3877.9925481190403 0.009203967307088291
3878.638948963154 0.009069867239345808
3879.2854575560864 0.009327037699258524
3879.9320739078366 0.009453436038143272
3880.5787980284026 0.009380346516289837
3881.2256299477754 0.009255799741408544
3881.872569675955 0.009010279085145713
3882.519617232935 0.008843047760452721
3883.166772638711 0.008832786264623452
3883.8140359032814 0.008813438481813467
3884.4614070566377 0.008622584467074043
3885.1088861087783 0.00835883003134072
3885.756473079699 0.008121867442788299
3886.4041679893935 0.00790841507245821
3887.051970857857 0.007787728727247848
3887.6998816950895 0.007678462160376993
3888.3479005210847 0.007387282524970838
3888.9960273558377 0.007180076901191653
3889.6442622193435 0.007344180610604209
3890.2926051315976 0.0075625970587894055
3890.941056102598 0.007719213320044359
3891.58961515234 0.007928812700910089
3892.238282310815 0.008186339462361414
3892.8870575780247 0.008369662104767346
3893.5359409839616 0.008489834287456782
3894.184932538623 0.008641700853059316
3894.8340322720014 0.008741079932586066
3895.4832401840963 0.008759684618027537
3896.1325563149 0.008929108274535538
3896.7819806644115 0.009168893573409971
3897.4315132526262 0.009175550272451245
3898.0811541095363 0.009121701463716861
3898.7309032451403 0.009166157734083689
3899.380760679433 0.00911264655866724
3900.030726422411 0.00898373044213269
3900.680800504069 0.009032614461833014
3901.330982934403 0.009416380637525392
3901.981273743407 0.009566447310408939
3902.6316729310806 0.009433244547616548
3903.282180527417 0.009284953624083376
3903.9327965424127 0.009336836542181549
3904.583521006062 0.009442256640177569
3905.23435392836 0.00932165492376525
3905.885295329306 0.009183032270376024
3906.5363452288907 0.009233192029510413
3907.1875036371152 0.009329916376440085
3907.838770573973 0.0094216790851258
3908.4901460694573 0.009489971635075936
3909.141630133565 0.009569695473157393
3909.7932227762954 0.00959933485225513
3910.4449240276394 0.00958351728329008
3911.0967339075933 0.009516067017927543
3911.7486524261553 0.00949187045356528
3912.4006796033195 0.00953278227819622
3913.052815449084 0.00946406061369606
3913.705060003438 0.00930115893519414
3914.357413266384 0.009330753302655875
3915.009875257915 0.009474020150103396
3915.6624459980267 0.00941965694944147
3916.3151255067146 0.009297193799829484
3916.967913803974 0.009350097312253352
3917.6208109098006 0.00940490775830659
3918.273816824193 0.009191071490340841
3918.926931587144 0.009015469745937477
3919.5801552086477 0.009156418729087911
3920.233487708702 0.009083574879532846
3920.8869291073015 0.00901016858882029
3921.5404794044457 0.00923007518703419
3922.1941386501235 0.009306033461263866
3922.847906834336 0.009196264659395971
3923.5017839870766 0.009176471894067628
3924.1557701183433 0.009179107583017506
3924.809865268127 0.009137843358647865
3925.464069426428 0.009020815314364578
3926.118382633239 0.008766856315310472
3926.7728048985573 0.00872184394810447
3927.427336232379 0.008856055063079299
3928.081976664698 0.00881939146070934
3928.736726215508 0.008784396520310593
3929.391584894809 0.00875999718627539
3930.0465527225947 0.008674807804412581
3930.701629708863 0.008615228114448837
3931.3568158936055 0.008556493258919485
3932.01211127682 0.008448069978056718
3932.667515878503 0.008266086303013504
3933.3230297286464 0.007968327386524645
3933.9786528272507 0.007984345897336797
3934.63438520431 0.008276632671991106
3935.290226879817 0.008400676142540201
3935.9461778737696 0.008442205771634317
3936.602238186166 0.008570434980634657
3937.2584078569967 0.008664013791507802
3937.914686896259 0.008681005440449729
3938.5710753139515 0.008709834569024202
3939.227573140067 0.008813275163694352
3939.8841803946 0.008905913874964236
3940.540897077551 0.008930827910946985
3941.1977232289105 0.008938725462563253
3941.854658848678 0.008950529859516353
3942.5117039768425 0.008955120825876626
3943.1688586034093 0.008972134269264529
3943.826122778365 0.008909987757819829
3944.4834964917122 0.008871682541445962
3945.140979773443 0.008937275734381835
3945.798572643553 0.009154179973104241
3946.456275122038 0.009201529850571755
3947.1140872188944 0.009066101158377355
3947.772008964116 0.008997326863998614
3948.430040357703 0.008987854244128166
3949.0881814396444 0.008998360628862823
3949.746432209942 0.009070914791835385
3950.4047926985863 0.009109115034716071
3951.0632629255747 0.009119053632012363
3951.7218429009035 0.009032058774325393
3952.380532644569 0.008932540526094723
3953.039332166567 0.008959502400382223
3953.698241506889 0.00902922984657162
3954.3572606655357 0.009038749630725892
3955.016389672499 0.009044061227799417
3955.675628537776 0.008944780906715157
3956.3349772813635 0.008788771580242272
3956.9944359232545 0.00878233907173405
3957.654004473448 0.008813193557678763
3958.313682971934 0.008808201325082953
3958.973471408716 0.008832028270551236
3959.633369823782 0.008775044468365549
3960.293378227132 0.008656069275674314
3960.9534966387605 0.00844990952833782
3961.6137250786614 0.008287755112704291
3962.2740635568325 0.008261154692095199
3962.9345121032684 0.008168600380935517
3963.5950707279653 0.007992743348053302
3964.2557394509186 0.0076913204925346534
3964.916518292124 0.007469321579386263
3965.577407271575 0.0074305894439456255
3966.2384064092685 0.00728906129755773
3966.899515705205 0.007098405170554163
3967.5607352093703 0.00691848033142503
3968.222064911768 0.006791812701251691
3968.8835048423907 0.006806751369330464
3969.5450550212345 0.00682917217591028
3970.2067154682927 0.006862670391441424
3970.868486193564 0.007020484599527797
3971.530367217044 0.007115355495181921
3972.1923585687246 0.007161029800323698
3972.8544602586035 0.007219848405361266
3973.516672296679 0.007321718527536773
3974.178994712943 0.007522605083088214
3974.8414275273913 0.00775810302455393
3975.5039707500214 0.007976374214419338
3976.1666244008284 0.00809183464332271
3976.8293884998066 0.00816434191843513
3977.4922630669516 0.00829570181624133
3978.1552481222607 0.00841861443507982
3978.8183436757276 0.008514732467839677
3979.4815497573477 0.008600829405859227
3980.1448663771184 0.00873077394081537
3980.808293555035 0.008750191194385361
3981.4718313110916 0.008598952125183246
3982.135479655286 0.008502322879445008
3982.799238627609 0.008616801285665913
3983.463108218063 0.008751529224942083
3984.127088476636 0.008819413980216462
3984.79117939333 0.00891167284653805
3985.4553809981376 0.008915714287397179
3986.1196933110546 0.0088350452961549
3986.7841163520757 0.008867712097764296
3987.4486501311985 0.009013421450033263
3988.113294678417 0.009102020502017251
3988.778050003726 0.009051516509873458
3989.4429161271237 0.008944951060710889
3990.107893068603 0.00893656259015895
3990.7729808381637 0.009030587484231332
3991.438179465795 0.009052702372463894
3992.1034889714965 0.009112445529975218
3992.7689093652616 0.009184508467967091
3993.4344406670884 0.00919290140544556
3994.1000829069685 0.00910410148093616
3994.7658360849023 0.008991170129652401
3995.431700220885 0.008937349953070321
3996.097675354906 0.008980095471837266
3996.7637614869664 0.008958719519370075
3997.4299586370603 0.008897906880267259
3998.096266825183 0.008903956101853462
3998.7626860713312 0.008972447701885423
3999.429216395498 0.009172168836712995
4000.0958578076825 0.009269935459490047
4000.762610337877 0.009289454131360902
4001.4294740060764 0.00922169317967597
4002.0964488122804 0.009084766182655182
4002.7635347964797 0.009027373467069682
4003.4307319686723 0.009082591550457401
4004.0980403388553 0.009104458017733956
4004.765459937021 0.008876495811344533
4005.432990783165 0.008737649520931565
4006.100632887286 0.008954825707900373
4006.768386269376 0.00912378863515579
4007.436250949434 0.009190522580719956
4008.1042269474533 0.009137606183110495
4008.7723142834284 0.008876554510588443
4009.440512977355 0.008784720448080595
4010.1088230392315 0.00899048507159481
4010.777244489052 0.00914212967554377
4011.445777346813 0.00912224363343103
4012.1144216425055 0.00898164409452964
4012.783177386127 0.00907475913088093
4013.4520445876765 0.009130738077947348
4014.1210232771464 0.008986345896363985
4014.790113464534 0.009035754082015268
4015.4593151798317 0.00915620975941323
4016.1286284330376 0.009253455406829775
4016.798053244146 0.00917207044509663
4017.467589633153 0.00903901153436024
4018.137237610056 0.009024591058766676
4018.8069972148455 0.009157809271988226
4019.4768684375235 0.009268226744386822
4020.146851328077 0.009242365555496042
4020.8169458765096 0.009188179337706716
4021.487152122812 0.009030341156660338
4022.1574700669826 0.008925025502725281
4022.827899739016 0.008924307818067531
4023.4984411589057 0.008813456421582527
4024.169094346648 0.008586334581598645
4024.8398593122397 0.008353107265164337
4025.510736075676 0.008244377476878324
4026.1817246569526 0.008180979951586894
4026.852825086062 0.008486096914270406
4027.5240373630036 0.008825609284799758
4028.1953615177704 0.00891515414973396
4028.866797560361 0.008998287435663286
4029.5383455207666 0.008921844560577779
4030.210005418983 0.008674342902522435
4030.8817772550105 0.008573551988523198
4031.553661068839 0.008675261345328434
4032.2256568604685 0.008702716929030971
4032.8977646598914 0.00863610297859744
4033.569984487104 0.008729207906542356
4034.2423163620997 0.008795621334424316
4034.9147602848802 0.00886649668676655
4035.5873163054316 0.008902449874659678
4036.2599844137585 0.009017339632942068
4036.932764639852 0.00907854284945574
4037.605657003707 0.009059614627981
4038.27866152532 0.00903429374768946
4038.9517782146872 0.009072881624428434
4039.625007101803 0.009044590184400682
4040.29834820666 0.008920783269032341
4040.9718015292606 0.008790858086500469
4041.6453671095937 0.008837100213082604
4042.31904494766 0.008959246758108424
4042.9928350734517 0.008929167265568217
4043.666737516962 0.00881551827296834
4044.3407522681932 0.008738847037887975
4045.0148793671347 0.008627905909640004
4045.6891188337822 0.008459007401395683
4046.363470668137 0.008663253700058125
4047.037934910187 0.008933317678684842
4047.712511569931 0.00898050852364759
4048.387200657367 0.008842468012179009
4049.0620022024873 0.008785840065566404
4049.7369162252867 0.008895084681673203
4050.411942735763 0.008911779331756528
4051.087081763909 0.008888110073202445
4051.762333319721 0.00890324218777576
4052.4376974131997 0.00889211239787856
4053.1131740843316 0.008809345231619718
4053.788763343117 0.00865262709751173
4054.464465199552 0.008642695763206601
4055.1402796836296 0.008714684750855425
4055.816206805348 0.008839562444880577
4056.492246594699 0.008893759639762711
4057.1683990616807 0.00879618959974591
4057.844664226289 0.00875562728355062
4058.521042108516 0.008824325210537897
4059.197532718363 0.008849383010341872
4059.8741360958184 0.008891067028402115
4060.550852240882 0.008898975767602652
4061.2276811835463 0.008853765645635189
4061.9046229338105 0.008785469459853538
4062.581677511668 0.008638695611583435
4063.258844937115 0.008457353053127444
4063.9361252401445 0.008429729035047039
4064.613518420754 0.00853754875284712
4065.2910245089392 0.008665179077469012
4065.9686435246936 0.00878999503232409
4066.6463754780143 0.008681982352476336
4067.3242203988952 0.00862469580326708
4068.0021782973345 0.008719426524921567
4068.6802491933254 0.008770909234618315
4069.358433106864 0.008672648725102218
4070.036730057945 0.008514188492373018
4070.715140066564 0.00841726677636913
4071.3936631527154 0.008352684978191489
4072.072299336395 0.008400906306339122
4072.7510486276005 0.008581664673580805
4073.4299110463267 0.008721555116343208
4074.1088866225664 0.008746584683756229
4074.787975366317 0.008599438092624236
4075.467177287576 0.008409044068349348
4076.1464924263328 0.008247319044967066
4076.825920792587 0.008153042459023926
4077.5054623963338 0.008092509680290537
4078.185117267568 0.008263660966254504
4078.8648854162866 0.008479874450068248
4079.5447668724814 0.008575349173893363
4080.22476164615 0.008681708374559116
4080.904869757288 0.008741219806615857
4081.5850912358883 0.008736555551254849
4082.26542608195 0.008600019167940327
4082.945874325467 0.008499310467119362
4083.6264359864344 0.008474261148830719
4084.307111074848 0.008489591784247557
4084.987899620702 0.008388363920400103
4085.6688016339936 0.008335647836937125
4086.349817144716 0.008370999099035673
4087.0309461528677 0.008428747236259524
4087.712188698439 0.008592669552233183
4088.39354479143 0.00859374332393114
4089.075014441836 0.008468073725502555
4089.7565976896476 0.00847845526705356
4090.4382945348643 0.008463054610525335
4091.120104997482 0.00850660600671154
4091.802029107494 0.008387102118742077
4092.4840668748966 0.008168034640695224
4093.1662183296826 0.008226971562486075
4093.8484834718524 0.008282409154864952
4094.530862341396 0.008120003138978638
4095.2133549383143 0.007920679752400754
4095.895961302596 0.007711893825220051
4096.578681434242 0.007538026874824142
4097.261515353247 0.007447138406723076
4097.944463089603 0.007313075905068889
4098.627524663308 0.007182240593837784
4099.310700084356 0.007169338816743628
4099.993989362745 0.007167063370890081
4100.677392548466 0.00716234108956373
4101.3609096315195 0.0070789189150424585
4102.044540631899 0.007123158238711802
4102.7282855895955 0.007268446407317061
4103.41214450461 0.0072553763223109
4104.096117406935 0.007165432900696643
4104.780204316566 0.007212710432179656
4105.464405243498 0.00748484978762951
4106.148720207729 0.007615643683832047
4106.833149229253 0.007608049504270987
4107.517692328064 0.007679385691146813
4108.202349534157 0.007834945346831849
4108.887120847531 0.007921051957289761
4109.572006298177 0.007877187607979409
4110.257005906093 0.007878696608692528
4110.942119681274 0.007929083015899608
4111.6273476537135 0.007996986758080936
4112.31268983341 0.00804444736085221
4112.998146250355 0.00812294134723077
4113.6837169145465 0.008264929037132416
4114.369401845979 0.008348069944270713
4115.055201064649 0.008348279203580366
4115.741114580552 0.00838776600911606
4116.427142433679 0.00841357515810412
4117.113284634031 0.00846045618404625
4117.799541191599 0.008374402503937183
4118.485912126383 0.008117211333127006
4119.172397468373 0.008013579614863445
4119.858997237566 0.00806082301717875
4120.545711443958 0.007987915506842183
4121.232540107546 0.00799669314607287
4121.919483248322 0.008159018317887201
4122.606540886285 0.008211080264712296
4123.293713041427 0.008213278763712875
4123.980999733744 0.00831560138320298
4124.668400973235 0.008422733402232327
4125.35591678989 0.008466231919087776
4126.043547203706 0.008487685126312398
4126.73129222468 0.008467028425125703
4127.419151882805 0.00817500293560865
4128.107126188078 0.007956479662654305
4128.795215160494 0.008115433200467705
4129.4834188200475 0.008222556101863298
4130.171737186735 0.00819331838488038
4130.860170280552 0.008090570418649865
4131.548718121491 0.008114977011356153
4132.23738072955 0.008060352433553748
4132.926158114725 0.008162428190063275
4133.615050307007 0.008252070605150236
4134.304057326395 0.008215842003311198
4134.993179182883 0.00833943085184218
4135.682415896468 0.008489028928270878
4136.371767497143 0.00843321794563482
4137.061233984905 0.008298994371176835
4137.750815399749 0.008305010975034877
4138.440511751668 0.00841155896117457
4139.130323050662 0.008486577008480826
4139.820249336721 0.008468555901676292
4140.510290609843 0.008474916429504948
4141.200446900023 0.008428736254073102
4141.890718217257 0.008251732431410965
4142.581104591539 0.008059405965225632
4143.271606042864 0.0077740832815504
4143.96222257123 0.00773636472408681
4144.65295421663 0.008087339515958518
4145.343800989059 0.008244627307271641
4146.034762908513 0.008275476521669161
4146.725840004985 0.00837450813272226
4147.417032278474 0.008369410545879957
4148.108339758975 0.00839565537215471
4148.799762466481 0.008328461696513476
4149.491300410989 0.008160385446647218
4150.182953622493 0.008140305733416505
4150.874722120989 0.008229512747709236
4151.566605916472 0.00828306857714161
4152.258605028937 0.008246784041654444
4152.95071948838 0.008211667613742602
4153.642949304795 0.008138235797544066
4154.33529449818 0.008127747187923372
4155.027755088528 0.008268668728243058
4155.720331095833 0.008285619591532655
4156.413022540093 0.008107255355139235
4157.1058294413015 0.008166537812596925
4157.798751819454 0.008318758527823341
4158.491789684548 0.008382193982939682
4159.184943066575 0.008369573513090488
4159.878211985532 0.008290054288864047
4160.571596451416 0.008170234760657117
4161.265096484221 0.008093063528978452
4161.95871211394 0.008182148652170358
4162.652443350571 0.00827596464251759
4163.346290224107 0.008221277221323786
4164.040252734547 0.008173773996604076
4164.734330911883 0.00813829778203593
4165.428524786109 0.008173399976431633
4166.122834357226 0.008295135757855445
4166.817259655223 0.008209322094492775
4167.511800700098 0.008117843148261304
4168.206457501849 0.008148639241892883
4168.901230090466 0.0081077445822587
4169.596118485946 0.0081348220061152
4170.291122698286 0.008198438223309566
4170.98624274748 0.008107090594040424
4171.681478663523 0.007893270645823498
4172.37683045641 0.007796671894075814
4173.072298156135 0.007766875543044989
4173.767881762698 0.007717904509936005
4174.463581316089 0.00787437625438612
4175.159396816309 0.008072715231828146
4175.855328303345 0.008132942613877417
4176.5513757772005 0.008095650199083999
4177.247539267865 0.007923800778006041
4177.9438187953365 0.007793424717804352
4178.640214379608 0.007773972188725213
4179.336726030677 0.007902902789665022
4180.033353778538 0.008173091056626343
4180.730097633187 0.008223804839231486
4181.42695761462 0.008111269152226841
4182.123933752828 0.008076419205792374
4182.82102605781 0.00803531041081368
4183.518234559559 0.007963797040980504
4184.215559258073 0.00797733421264669
4184.913000193343 0.008100283913924642
4185.610557375367 0.008205485341034173
4186.308230814143 0.00811504591055127
4187.006020549659 0.007920686575759995
4187.703926581918 0.007915569968406302
4188.401948950906 0.008086479222728545
4189.100087656629 0.008124620847789317
4189.798342719076 0.008027719668424357
4190.496714168242 0.007978278015335941
4191.195202024124 0.007905606868525861
4191.893806296715 0.007933986637443994
4192.592527016014 0.008147208996301319
4193.291364192012 0.008212554168895733
4193.9903178547065 0.008220480786974814
4194.6893880040925 0.008141651918438398
4195.388574680165 0.007968191915418595
4196.087877892919 0.007914400545529077
4196.787297662351 0.008017029385767165
4197.486834008454 0.008025943793696736
4198.186486951226 0.007762044857371461
4198.886256510658 0.007717490762494138
4199.586142706748 0.0079214386886066
4200.286145549493 0.008000563842738909
4200.986265078884 0.007953407081699868
4201.686501294918 0.007861393187461074
4202.3868542275895 0.007827447010406646
4203.087323886897 0.007929653698196575
4203.787910302833 0.007914506713159691
4204.488613485392 0.007782069643562295
4205.189433464569 0.00768853906825396
4205.890370250362 0.007829834530766317
4206.5914238627665 0.007932888582643603
4207.292594331772 0.008010128106322068
4207.993881667378 0.008073850829261622
4208.69528588958 0.008021378911162074
4209.396807018372 0.007983812724255895
4210.09844507375 0.007925045437956935
4210.800200075708 0.00797108499951841
4211.502072044241 0.007984007782083323
4212.204061009343 0.007969440338088494
4212.906166971014 0.007996702502310927
4213.608389949246 0.007951244618460885
4214.310729984033 0.007916335661927978
4215.013187075372 0.007742750671007187
4215.715761253257 0.007564608928792803
4216.418452537684 0.00767975054395185
4217.121260938649 0.007827412467701059
4217.824186476147 0.007966341906566124
4218.52722918017 0.00802133362124116
4219.230389070716 0.007912932500522565
4219.933666157779 0.007863299705184842
4220.637060461357 0.007952298776456269
4221.340572011441 0.007963924990377963
4222.044200808031 0.007801005006282049
4222.747946891116 0.007783444067393899
4223.451810280693 0.007836560553719537
4224.155790976762 0.00769760906551279
4224.859889009314 0.007588006262983668
4225.564104408342 0.007559521073173903
4226.268437173848 0.0074669357051297056
4226.972887335823 0.007354389293978056
4227.677454914259 0.0074843119123970524
4228.382139939155 0.007724430408118857
4229.086942400509 0.00784387607197539
4229.791862348308 0.007875342513162263
4230.496899782556 0.007936922377010654
4231.202054733242 0.007924538939565151
4231.907327220362 0.00783063600445442
4232.612717253914 0.0076121005068178925
4233.31822486389 0.007470183497090505
4234.023850070285 0.007631783224976697
4234.729592883098 0.007735151965049619
4235.435453322322 0.0076188365369919304
4236.141431417952 0.007599825405221857
4236.8475271799825 0.0077377990493315936
4237.553740628409 0.007806334118006866
4238.260071793227 0.007751605311625249
4238.966520684432 0.007740069433664873
4239.673087322017 0.007736329844151862
4240.3797717359785 0.007782374782419144
4241.086573926314 0.007864229569312492
4241.793493933014 0.007806470384402802
4242.500531756079 0.0077595013471720865
4243.207687435499 0.007870696047707171
4243.914960981271 0.007951978315890645
4244.622352413389 0.007949632466308209
4245.329861741853 0.007865376488823623
4246.037489006652 0.007721647164904129
4246.745234217783 0.00754123282688316
4247.453097385244 0.007581316059290783
4248.1610785390285 0.007705300165526592
4248.86917769913 0.007828705810181674
4249.577394875545 0.007816571160765827
4250.285730108266 0.007616691425453709
4250.994183397292 0.007606494023175057
4251.7027547626185 0.007715692056704781
4252.411444244234 0.007740473166144922
4253.120251832144 0.00766135063688698
4253.829177576332 0.007482904088132462
4254.5382214768015 0.007490985725195289
4255.247383553546 0.007657525041315453
4255.956663836559 0.007729542395263203
4256.666062335836 0.007846771592980951
4257.375579081371 0.007825367899829185
4258.085214083161 0.007606945445003204
4258.794967361202 0.007615977543481911
4259.504838945485 0.007649049294095084
4260.214828846009 0.007502547099550501
4260.924937082768 0.0075440524466126
4261.635163675759 0.007615651045245059
4262.345508654971 0.007719709970979628
4263.055972030405 0.007833727435839873
4263.7665538220535 0.007814439240923178
4264.477254049912 0.007870867268566577
4265.188072733978 0.007929651798523663
4265.899009894243 0.007837225737997094
4266.610065560701 0.007576335047873928
4267.321239733352 0.007422410390309559
4268.032532442189 0.007558970014765158
4268.743943717204 0.00758373880086051
4269.455473558398 0.00758504671132022
4270.1671219957625 0.007586995814785464
4270.878889059289 0.007459021739604536
4271.590774748979 0.007357543950377478
4272.302779094826 0.007466950459768204
4273.0149021068255 0.007485258739156508
4273.727143824967 0.007449950796924952
4274.439504249253 0.007446572342679533
4275.151983419672 0.007395202181768856
4275.864581336225 0.007493157375659468
4276.577298018906 0.007588162949639608
4277.290133507705 0.007595255861195222
4278.003087802623 0.0076695638535091105
4278.716160933651 0.007770402490378558
4279.429352910788 0.007719447810972861
4280.142663764026 0.0075747029590475705
4280.85609351336 0.007588749845386847
4281.569642168786 0.0076658964873833405
4282.283309760301 0.007547393613293192
4282.997096307893 0.007538242432650507
4283.711001821566 0.007647744233402504
4284.4250263213125 0.007551257197307667
4285.139169847122 0.007501731155456824
4285.853432388998 0.007500777155881323
4286.56781398693 0.00755991129214553
4287.282314660912 0.007535026178973989
4287.996934420944 0.007418021640155235
4288.711673297016 0.0073270039854065215
4289.4265312991265 0.007124266429071622
4290.141508447271 0.0070738666566087455
4290.856604771442 0.007282122390173964
4291.571820281635 0.007450907458142213
4292.287155007845 0.00753378606464547
4293.00260896007 0.007580037401297878
4293.718182158303 0.0074207141246206264
4294.433874632537 0.007264800810212631
4295.149686392769 0.0074048307490839705
4295.865617458995 0.00744650006908839
4296.581667861207 0.00738542664702955
4297.297837609403 0.007485428217819289
4298.014126723578 0.007490693688691688
4298.730535233724 0.007273189177754559
4299.447063149839 0.0070716435498583245
4300.163710491918 0.007065104777231658
4300.880477279954 0.007224933318148489
4301.597363543944 0.007260898735910008
4302.31436929388 0.007139832226258292
4303.031494549761 0.007129342235918228
4303.748739331581 0.0072814253868207805
4304.4661036693315 0.0073480780625869045
4305.183587573012 0.007222039713213652
4305.901191062615 0.007195081419987734
4306.618914158137 0.0072760158211293054
4307.336756879574 0.007145397702969682
4308.054719256916 0.007028743097069867
4308.772801290164 0.007075869180495688
4309.491003019309 0.007093048340338525
4310.209324454348 0.007277870168631152
4310.9277656252725 0.007481681425346079
4311.6463265320845 0.00749403780296086
4312.365007214773 0.007293959755943617
4313.083807673336 0.007208079732540408
4313.8027279477665 0.007138144737113767
4314.521768048061 0.007019529070990834
4315.240928004211 0.007261370533365689
4315.960207816218 0.00758876488051424
4316.679607514074 0.007596040573689049
4317.399127127771 0.007609383476457012
4318.118766667306 0.00758509929526177
4318.8385261526755 0.007450251138845093
4319.558405603874 0.007466608507293425
4320.278405040896 0.007338456047074778
4320.998524483738 0.007183091833322002
4321.71876396239 0.007375314637506148
4322.439123486852 0.007505615874657575
4323.159603077116 0.0074180780442624095
4323.88020275318 0.007274257506379335
4324.600922535037 0.007023838765328684
4325.321762442684 0.006734449785841058
4326.042722496115 0.0067666321529842675
4326.763802725322 0.006987836923215578
4327.485003140301 0.0071877292616902315
4328.206323761051 0.007339268867100892
4328.927764607563 0.0073423692040452794
4329.6493256998365 0.0071757809510542
4330.371007067858 0.006954817822990697
4331.092808711634 0.006925787823030812
4331.81473067115 0.007031804127514243
4332.536772956403 0.007045605636294651
4333.25893559739 0.006998186455226857
4333.981218594106 0.006910060728924638
4334.703621986544 0.006869500450114547
4335.426145784701 0.0068767045646434466
4336.148790008572 0.006689923798501542
4336.871554678151 0.006274596842547169
4337.5944398234315 0.006109506064567451
4338.317445454411 0.006419412543678054
4339.040571591084 0.006871879516854287
4339.763818263444 0.007137324942039482
4340.48718547149 0.007224375603239474
4341.210673255211 0.0072656352820364145
4341.934281634604 0.007181822696354526
4342.658010619666 0.0068619470823620314
4343.381860230391 0.0064593567491609185
4344.105830486775 0.006296803892811384
4344.82992141881 0.006471277859967142
4345.554133036494 0.006705584727440294
4346.278465359822 0.006727626326915531
4347.002918418784 0.006767495410195469
4347.727492223381 0.006895078692802849
4348.452186803605 0.007060829770736673
4349.177002169452 0.007197065059706835
4349.901938340918 0.00721437631813435
4350.626995347993 0.006946556523792115
4351.352173210676 0.006626609976754917
4352.077471938963 0.006666943543045308
4352.802891552847 0.006937530095729674
4353.528432082322 0.0071416345412831156
4354.254093547383 0.007095741726593579
4354.979875958029 0.007096601676730234
4355.705779334253 0.007234742256630863
4356.431803716043 0.0072929310425918
4357.157949093406 0.007317211734996048
4357.8842155163275 0.007241189383427711
4358.610602984808 0.007092950664751773
4359.337111518841 0.007064849682102717
4360.063741158417 0.007157905881567388
4360.790491903537 0.00721257576182269
4361.517363784193 0.0072942795033176635
4362.244356810382 0.007420459938757187
4362.971471012096 0.007440681892197112
4363.698706409332 0.007479218720506676
4364.426063022083 0.007573718388835372
4365.153540870346 0.0076117598857355475
4365.881139964116 0.007454996907880792
4366.608860333387 0.007267091666305528
4367.336702008151 0.007089242078264684
4368.064664988409 0.007047476239969806
4368.7927493041525 0.007210180625717661
4369.520954975375 0.007231914519633014
4370.249282022074 0.00727752005082491
4370.977730454248 0.007227189154668796
4371.706300311884 0.007207687728313228
4372.43499160498 0.007231819567900091
4373.163804353532 0.007184513135716869
4373.892738577534 0.006999744536203699
4374.621794306979 0.006823750487426045
4375.350971541867 0.0069407836806685205
4376.080270312192 0.007173373795811474
4376.809690647943 0.007325572665904015
4377.539232559121 0.007359654904044701
4378.268896065718 0.007316494789425114
4378.998681197728 0.007187296594652304
4379.728587965149 0.007164721924541838
4380.458616387975 0.007239707394162023
4381.1887664862015 0.007230941068244692
4381.9190382898205 0.007145035884093901
4382.64943180883 0.006973955981765828
4383.379947073223 0.006754497823647518
4384.110584092995 0.006620084158661997
4384.841342898139 0.00661082169827404
4385.572223498655 0.00684570147104863
4386.303225924533 0.006999406574829869
4387.034350185771 0.006844002260919273
4387.765596312362 0.006690671075113162
4388.4969643243 0.006865696512763271
4389.228454231584 0.007067388170149209
4389.9600660642045 0.006964511788580114
4390.691799842159 0.006849213947253137
4391.423655585438 0.006972098457705008
4392.155633304044 0.007178070586981298
4392.8877330279665 0.007233701070435447
4393.6199547872 0.007105148708789613
4394.352298581743 0.006986825022086859
4395.084764441588 0.006860787295194203
4395.81735238673 0.0070503745472904255
4396.550062437164 0.0074077082221475615
4397.282894612887 0.007453216766404713
4398.015848943888 0.0072732557989433995
4398.748925430169 0.007161526305862331
4399.48212411172 0.006999778995018241
4400.215444988539 0.006839797732637006
4400.948888110618 0.006807065743847098
4401.6824534679545 0.0068963832105479895
4402.416141100542 0.006984063219762067
4403.149951018374 0.006940893355526873
4403.88388324145 0.006867845762451683
4404.61793779976 0.00676356713328575
4405.352114713299 0.006879328531830809
4406.086413982069 0.0070400399439463366
4406.8208356560535 0.007045804590355604
4407.555379735256 0.0069422067504980355
4408.290046249667 0.0068333240321047685
4409.024835209286 0.00686854170863689
4409.759746644104 0.007051893401307434
4410.494780574116 0.00709670781341332
4411.229937019316 0.007056753969041824
4411.9652159997 0.007072571592027877
4412.700617525266 0.007195627520776856
4413.436141636004 0.007150219787768577
4414.171788331914 0.006863947913061262
4414.907557652986 0.006613188162626239
4415.643449599217 0.00673039938516524
4416.3794642106 0.006858821203090315
4417.115601497133 0.0068403953209638805
4417.851861478809 0.0069759788833442735
4418.588244175624 0.007131420327503502
4419.32474961757 0.00715960712516214
4420.061377814645 0.007079547431304375
4420.798128786843 0.00701998716395797
4421.535002564159 0.007015192537046165
4422.271999156586 0.006988480071896253
4423.009118594121 0.00701175265614751
4423.746360886758 0.0070821902415349955
4424.483726064493 0.007162607970863072
4425.221214147317 0.00718845646386261
4425.958825145231 0.007194968960599156
4426.696559088224 0.007179329316807194
4427.434416006291 0.007037224101567407
4428.172395889434 0.007144918476480905
4428.91049878764 0.007171230468401592
4429.648724710907 0.006978145780882231
4430.38707367923 0.0068659270756938505
4431.125545712603 0.007005787511268711
4431.864140831022 0.007092545018547857
4432.60285905448 0.007023170889802718
4433.341700412972 0.006950028307772252
4434.080664916494 0.00693178982673188
4434.819752585043 0.006846756551147358
4435.5589634386115 0.006768541139899876
4436.298297517189 0.0068879663303765834
4437.037754810781 0.007036748901611772
4437.777335359376 0.007110550551524322
4438.517039182966 0.007272026047919473
4439.256866291553 0.007299314187546403
4439.996816715127 0.0071524314130394975
4440.736890473685 0.006992756499090815
4441.477087587218 0.006829579989671036
4442.217408075725 0.006717575002315893
4442.9578519492015 0.006689747798678892
4443.698419247639 0.006688734724429151
4444.439109981033 0.006835626943941189
4445.179924159382 0.007133237984414449
4445.920861822675 0.007194530037753452
4446.661922990907 0.007032665260067258
4447.4031076640795 0.006935703792148879
4448.144415882183 0.007100371726464767
4448.885847655212 0.007139956781321802
4449.62740301316 0.006926657195877959
4450.369081976023 0.0068335020477480295
4451.110884553798 0.00696990054410174
4451.852810766481 0.006998515867910235
4452.594860654058 0.006937211760998923
4453.3370342165335 0.006914044318105202
4454.0793314838975 0.006824073441663937
4454.821752476147 0.006663821469124916
4455.564297213275 0.0067186225687426585
4456.306965715276 0.006825877543743703
4457.0497580021465 0.006824869626301316
4457.792674093881 0.006797676338170789
4458.535714010474 0.00676524172295073
4459.278877781919 0.006733440069245408
4460.022165418212 0.006806027306674549
4460.765576949348 0.006747466745556305
4461.509112385322 0.006562139925717323
4462.252771746129 0.0066791684311646084
4462.996555061762 0.0069231934063146506
4463.740462352216 0.006982363164361556
4464.484493637486 0.006795725133781323
4465.228648927569 0.0067538331589264275
4465.972928262456 0.006804177786484741
4466.717331642148 0.006812007238745961
4467.461859096633 0.00684705273171107
4468.206510655908 0.006682481560091268
4468.951286329966 0.006536430513883502
4469.696186128809 0.006582366104127084
4470.441210102422 0.006494191032461038
4471.18635824081 0.006283911216281004
4471.931630583958 0.006476577670679224
4472.677027151865 0.006766541796277098
4473.4225479545275 0.0070021766256358284
4474.16819301194 0.007086563231201873
4474.913962364093 0.007012261237832327
4475.659856010986 0.006961603817319428
4476.405873982611 0.007088807922441715
4477.152016298965 0.007164951454864982
4477.898282990038 0.007159505568509617
4478.644674055831 0.00712604559497298
4479.391189526336 0.006919305777633599
4480.1378294315455 0.006631239976179196
4480.8845937814585 0.006334484197176822
4481.631482596068 0.006335062668454587
4482.378495905366 0.006683042050736037
4483.125633719353 0.006996611344593353
4483.872896068019 0.007007778602595318
4484.620282971358 0.006992082775511896
4485.36779443937 0.007061036561995934
4486.115430512044 0.007147917476347683
4486.86319118938 0.007106234442100104
4487.611076501369 0.006874057778654205
4488.359086468007 0.006611655386122817
4489.107221119287 0.006499136555547172
4489.8554804552095 0.006632709627281129
4490.603864515762 0.006781165854815886
4491.352373320942 0.006848348794589616
4492.101006880746 0.006958513552827016
4492.849765215167 0.007011461471228117
4493.598648354201 0.006904328675568059
4494.347656317841 0.006719440468873554
4495.096789126082 0.006714755613798591
4495.846046788921 0.006759770240325334
4496.595429346347 0.0067553369255135805
4497.344936798363 0.00687497660312447
4498.094569184957 0.007042948519534566
4498.844326516128 0.007090474595939513
4499.594208811867 0.0070956133249648196
4500.344216092174 0.006952295409244778
4501.094348387038 0.0067456902873039935
4501.844605716456 0.0067837262611547215
4502.594988090423 0.007088185762036648
4503.345495538933 0.007331797972937654
4504.096128071984 0.007359492834926764
4504.846885729564 0.007246046063057739
4505.597768521674 0.00710385207332049
4506.348776458306 0.006941078867414433
4507.099909579455 0.006929184290503625
4507.851167895116 0.006984307428823217
4508.602551425285 0.006996247347640767
4509.354060199953 0.007047275879623477
4510.105694229118 0.007080555313822386
4510.857453542772 0.00709425994003024
4511.609338150915 0.007008688619049405
4512.3613480835365 0.006872454698665294
4513.113483360634 0.006871483771988232
4513.865744002199 0.0068674704780330165
4514.618130028228 0.006767483312940634
4515.370641468715 0.006760398306110487
4516.123278323658 0.006926240340295529
4516.876040633048 0.006950359073314256
4517.628928406883 0.0067578010918592285
4518.381941665155 0.006731513041889792
4519.135080437859 0.006917138408312026
4519.88834474499 0.006870008668450725
4520.641734606542 0.007017994407143038
4521.395250032513 0.0071533546390776075
4522.148891052894 0.0067888037394863935
4522.902657697679 0.006543021004554917
4523.656549966868 0.006747163888905664
4524.41056790045 0.006693291193026391
4525.1647115084215 0.006595482924747028
4525.918980820778 0.006621468099189596
4526.673375847515 0.006539308267378849
4527.427896618625 0.0065197468840630145
4528.182543144105 0.006410223295721327
4528.937315453948 0.006315871623721962
4529.692213568149 0.006492538051289866
4530.4472375067035 0.0065869864400797005
4531.2023872996015 0.006543265913308377
4531.957662946846 0.006694825750897907
4532.7130644884255 0.006635938946979273
4533.468591934337 0.0063706657390968
4534.224245314575 0.006265808367947622
4534.980024639132 0.006282730068558243
4535.735929938006 0.006330212428276142
4536.491961221192 0.006645055580872678
4537.248118528679 0.006937918643476881
4538.0044018704675 0.006918240242230798
4538.760811256551 0.006816655786007139
4539.517346726922 0.006771123661254103
4540.274008291578 0.006643560080027655
4541.03079598051 0.006528744465885881
4541.787709803716 0.006575128011738411
4542.54474979119 0.006746622617762433
4543.301915952927 0.00683285985327309
4544.0592083289175 0.0066460937432202645
4544.8166269191615 0.006468397844464397
4545.574171753652 0.006556313802193951
4546.331842862382 0.006718582659938719
4547.08964024535 0.006695274856487793
4547.847563942546 0.0066976440901976506
4548.605613973967 0.006533548383091955
4549.363790339609 0.006227441534847426
4550.122093089463 0.00649160573588256
4550.880522223528 0.0068383681060709
4551.639077781792 0.006655313123950368
4552.397759764258 0.006402320819296628
4553.156568200917 0.0064501096539
4553.9155031217615 0.006411645823894564
4554.674564536787 0.0063309801675298346
4555.433752465991 0.006321439116188634
4556.193066939366 0.00652334815625114
4556.952507966908 0.006802534196339779
4557.712075578609 0.006788282946570814
4558.471769794465 0.006618484878635791
4559.231590644468 0.006735191670364177
4559.99153812862 0.006783584123193132
4560.75161227691 0.006751616136261331
4561.511813119333 0.006822371135889365
4562.272140665885 0.006857777445224611
4563.032594936561 0.006696018481430716
4563.793175961354 0.006505945685052967
4564.553883760258 0.006544510515174747
4565.314718353269 0.006525998552516187
4566.075679760381 0.00656537585401262
4566.836768001589 0.006715627820769243
4567.597983096891 0.006797466275812556
4568.359325066277 0.0067427707336092345
4569.120793939741 0.006780425115003583
4569.882389727281 0.006844243415851888
4570.644112468888 0.006678269116220523
4571.405962154565 0.006392864157941096
4572.167938834295 0.006406056464950578
4572.93004251808 0.006750350276570284
4573.692273225912 0.0068814322596002005
4574.454630977787 0.0066940886833260806
4575.217115803697 0.006643534133636404
4575.97972771364 0.0066644942200642
4576.742466737609 0.006655030270470111
4577.5053328856 0.006724884740133832
4578.268326187605 0.006659488770638805
4579.03144667362 0.006487021106956918
4579.794694343641 0.006370749532869352
4580.558069237659 0.006365174577804383
4581.321571365672 0.006496451027007059
4582.085200747674 0.006604910890689367
4582.848957413658 0.006468184551101991
4583.6128413836195 0.0062501843898130245
4584.376852667555 0.0062811238313878375
4585.140991295458 0.006453105203617301
4585.905257297319 0.00647663069342937
4586.669650683138 0.006593000170220574
4587.434171472906 0.006702503039789526
4588.198819686622 0.00667794242018461
4588.963595354277 0.006648628122004953
4589.728498495864 0.006572185435708515
4590.493529121383 0.006482036498361006
4591.258687270824 0.0063620519650700634
4592.023972944185 0.006302371821780162
4592.789386181456 0.00641395792607856
4593.554926992636 0.006504877644881626
4594.320595407717 0.006436280767921764
4595.0863914366955 0.006315875611488422
4595.852315109563 0.006298483205745797
4596.61836643632 0.006466357545898761
4597.384545456955 0.006488673378431612
4598.150852171465 0.006468538990583773
4598.917286619844 0.006577377942751739
4599.6838488220865 0.006524114368381569
4600.45053877819 0.0062911869743010026
4601.217356538144 0.006294866194361944
4601.984302101947 0.00637603705664608
4602.751375499592 0.0063624462623287446
4603.518576751075 0.006378561872929698
4604.285905876388 0.006313373682691877
4605.053362895529 0.006291251510192934
4605.820947838489 0.006360282167342602
4606.588660715265 0.006402897260372008
4607.356501555849 0.006443281093515188
4608.124470380239 0.006663654082888131
4608.892567198428 0.006719745094055361
4609.660792050408 0.006652539638284425
4610.429144946178 0.006649201109107131
4611.197625905732 0.006514514238047591
4611.96623495906 0.006508798887607035
4612.734972116163 0.006485564540221512
4613.503837407029 0.0063880402018470055
4614.272830851657 0.006500813676955479
4615.041952470041 0.006609707769972146
4615.811202282175 0.006485259935332348
4616.580580308054 0.00650964348459269
4617.35008657767 0.006743501831408379
4618.119721111019 0.006807485187540862
4618.889483918097 0.006539346065917766
4619.6593750288985 0.0063220921372428235
4620.429394453418 0.006307456513182326
4621.199542231649 0.006435497779049478
4621.9698183835835 0.0065291151113646756
4622.740222909223 0.006577358189919373
4623.510755858553 0.006714362074594311
4624.281417221578 0.006695080844210057
4625.052207048284 0.006589446968914042
4625.823125348669 0.006488006354000718
4626.594172142729 0.006424174678845185
4627.365347450456 0.006441304165040723
4628.136651291847 0.006417416479116256
4628.908083696895 0.006293964050150631
4629.679644685592 0.006286845342722798
4630.451334267939 0.006502117522064745
4631.2231524839235 0.006661275420934734
4631.995099333547 0.00659769757314978
4632.767174856797 0.006396935484613916
4633.539379063674 0.006308848910079602
4634.311711984166 0.006327943860056272
4635.084173628276 0.006366998919926635
4635.856764025992 0.006405784864357226
4636.629483207307 0.0064492973652147565
4637.402331172225 0.0063415663939008216
4638.175307960731 0.0063345677281438665
4638.948413582823 0.006388751187769955
4639.721648068496 0.006331634720990902
4640.495011427744 0.0063771951617408945
4641.268503690563 0.006484830326405086
4642.042124876946 0.006550671904489564
4642.815875016883 0.006559672890416971
4643.589754120378 0.0065592388069473
4644.363762207418 0.006638153282023286
4645.137899308002 0.006532807383038861
4645.912165432124 0.006296154814072013
4646.686560619773 0.006239723346782332
4647.461084880949 0.006279257659972068
4648.235738225649 0.0062602529298481984
4649.010520703858 0.006258220645950114
4649.785432305582 0.006399215369095284
4650.560473080803 0.006447895536473993
4651.335643029528 0.006320956739080618
4652.110942181744 0.006306345124241948
4652.886370567445 0.006470516084930728
4653.661928196629 0.006480052979406805
4654.4376150892895 0.0063193620765242525
4655.213431275421 0.006330619109688449
4655.989376765017 0.006311013395149943
4656.765451598072 0.00624811980643609
4657.541655774584 0.006374590193068786
4658.317989334542 0.00662357945618005
4659.094452287944 0.006695410877677009
4659.871044664783 0.006649429230493885
4660.647766475056 0.006537839730717581
4661.424617758753 0.0063639134969418
4662.201598515873 0.006281823908679934
4662.978708786407 0.006259509497005268
4663.755948580352 0.006278160692469085
4664.533317917702 0.006375982462019891
4665.310816828451 0.006439001384382508
4666.0884453325925 0.006288884096313737
4666.866203450123 0.006038921640760543
4667.644091201036 0.00597175752226605
4668.422108605326 0.006116518601211774
4669.200255692987 0.006206942799991919
4669.978532474015 0.006193219291440719
4670.756938978401 0.0063184087039367415
4671.535475236142 0.006481391359936823
4672.314141247235 0.006408594880728772
4673.092937041671 0.006330107546834524
4673.871862649446 0.006339452309201614
4674.65091809055 0.0062727755148082025
4675.430103374985 0.006356682109160003
4676.209418542738 0.0064844976865716586
4676.9888635938105 0.00643370639400508
4677.768438568191 0.006407522319992208
4678.548143475879 0.006357217818586771
4679.327978346865 0.006260027990846517
4680.107943191147 0.006170580819138961
4680.888038048714 0.0061938008115095975
4681.668262919568 0.006194134678954104
4682.448617843696 0.006237995574230692
4683.229102831098 0.0064027347914372874
4684.009717911765 0.006359562145951039
4684.790463105692 0.006271272388218669
4685.5713384228775 0.006322756341965569
4686.352343903309 0.00635048748274994
4687.1334795569865 0.0062828724700701695
4687.914745413901 0.006304549645113956
4688.696141484049 0.006431047703072971
4689.477667787427 0.006437352227886575
4690.259324364024 0.006338292980642306
4691.041111223838 0.0062446365840728105
4691.8230283968605 0.006305185602159834
4692.605075883093 0.006380434752108428
4693.3872537325215 0.006401731335872342
4694.169561945146 0.0064552368196826105
4694.952000560957 0.006507891356454245
4695.734569579952 0.006542232289137722
4696.517269042125 0.00648614697916416
4697.300098957469 0.006456679221113541
4698.083059355981 0.006288006221893234
4698.866150257652 0.006078221077614705
4699.649371682479 0.006216730443520515
4700.432723660453 0.006226431279648851
4701.216206191575 0.006114131001513923
4701.9998193158335 0.006176019124852654
4702.783563053225 0.0061207257150409445
4703.567437423744 0.0061599227781213755
4704.351442447384 0.006357043104356679
4705.13557815414 0.006410287593942438
4705.919844554005 0.006350167926345024
4706.704241666979 0.006203851684481772
4707.488769523051 0.006134245507234918
4708.273428152214 0.006160868534414861
4709.058217554469 0.006121099485053811
4709.843137769804 0.006104875420281908
4710.628188818217 0.006255708723609403
4711.413370709702 0.006389474516683014
4712.198683474252 0.006339291514923461
4712.984127131864 0.006138943503493607
4713.769701712528 0.005968520563162113
4714.555407226242 0.005976251032283306
4715.341243703 0.0060131711098504225
4716.127211152797 0.006035822500567638
4716.913309605627 0.006094236252438453
4717.699539091481 0.006142705437679375
4718.485899620357 0.006201043606199824
4719.272391222248 0.006262944930844111
4720.059013907151 0.006382075736566324
4720.845767715055 0.006426499400513837
4721.632652645962 0.0063557234970140165
4722.419668739859 0.006215384634286223
4723.206816006746 0.006237612468878511
4723.994094476613 0.0064444786382946715
4724.781504169457 0.00653697678725677
4725.5690451052715 0.006536852632084531
4726.356717304052 0.006431144334218422
4727.1445207957895 0.006161172134925899
4727.932455590484 0.005958590448173809
4728.720521718125 0.005960364172048934
4729.50871919871 0.006009012111456986
4730.297048052233 0.00609078184341489
4731.085508308684 0.006029478977166873
4731.874099978064 0.005977883445098731
4732.6628230903625 0.006136270173170054
4733.451677665577 0.006119112693739324
4734.2406637237 0.0061477298407012345
4735.029781294725 0.006309948240897117
4735.819030388648 0.0062632012366514635
4736.608411025466 0.006029602537275542
4737.3979232451675 0.0060196158883636395
4738.18756705775 0.006288759555125782
4738.977342483209 0.0063094829047321815
4739.767249541539 0.006235239773923035
4740.55728827273 0.006203226059779534
4741.347458676782 0.006119830565567813
4742.137760783686 0.006101648090640961
4742.928194623435 0.006222706807798508
4743.718760206028 0.006352237531760495
4744.509457551458 0.006257652436139857
4745.300286699716 0.006189531153421842
4746.091247660797 0.006265884324141851
4746.8823404547 0.00630714164004544
4747.673565101416 0.0063560399190191255
4748.464921630938 0.0063547742084464395
4749.2564100632635 0.0061786603770134585
4750.048030418385 0.0062543183591903745
4750.839782716298 0.006329364924996419
4751.631666986995 0.00618699738306659
4752.42368325047 0.006209042615471748
4753.215831516723 0.006289176611947566
4754.008111815741 0.006205031410612262
4754.800524177523 0.006251174738547603
4755.593068612061 0.006261905714298871
4756.38574514935 0.006184562630091718
4757.178553799387 0.006179031475597461
4757.971494602161 0.006136548003844002
4758.764567567671 0.006148045753297887
4759.557772725907 0.006170203476834425
4760.351110086869 0.006217371427459414
4761.144579680547 0.006138360004888667
4761.938181526939 0.005942782963957474
4762.7319156560325 0.005892387389082837
4763.525782077829 0.005968113483807356
4764.319780812322 0.005927105808305115
4765.1139118995015 0.005968714974190019
4765.908175349364 0.005909465836572726
4766.702571181906 0.005916551081156551
4767.497099417121 0.006030144205928256
4768.291760094999 0.005956795351517421
4769.086553215539 0.0059905495553442
4769.881478818733 0.006129766358890318
4770.676536904581 0.006149155056835771
4771.471727523068 0.006007103182028584
4772.267050674195 0.0058977629584755975
4773.062506387953 0.0059424723204934814
4773.8580946943375 0.006100536144869802
4774.653815603344 0.006151849188898646
4775.449669134966 0.0060161604444075745
4776.245655329196 0.005993863485048911
4777.041774186033 0.006173027597688399
4777.8380257454655 0.006198124025648268
4778.63441001749 0.006147392393229143
4779.430927032104 0.006038590759991507
4780.2275767993 0.006032684812710908
4781.024359359069 0.006037942676671244
4781.821274731406 0.005960721544451688
4782.6183229163125 0.00591525311370829
4783.4155039637735 0.00586551846341092
4784.212817873789 0.0059727292649239105
4785.010264686352 0.006029711403814972
4785.807844411455 0.005923183525000134
4786.605557079093 0.005777668278330052
4787.403402709261 0.00586660060192905
4788.2013813119565 0.005936103251775163
4788.999492927168 0.005830332564936317
4789.7977375748915 0.0058025040930763504
4790.596115265124 0.0058897510714642975
4791.394626027858 0.00591080370339149
4792.193269883088 0.005890437871620691
4792.992046860807 0.005977715491687117
4793.790956971011 0.006117018870353377
4794.590000243694 0.006189669082368442
4795.389176698849 0.006203045157429866
4796.188486356473 0.006050099278546635
4796.987929246557 0.005990083376890008
4797.787505379098 0.005919763361128791
4798.587214784089 0.005828595704099432
4799.387057491523 0.005850290219810784
4800.187033511396 0.005830374902307412
4800.987142863704 0.005877959089175406
4801.787385578439 0.00600137511956189
4802.587761675594 0.006049224314013538
4803.388271185165 0.006067265536653896
4804.188914117147 0.0060042776754963495
4804.989690491534 0.005855157044004407
4805.790600348318 0.005816203268880201
4806.591643697496 0.0058243000509408515
4807.39282055906 0.005807864991694124
4808.194130953008 0.005794497578557199
4808.9955749193305 0.005815464215453538
4809.797152458024 0.005889493212573481
4810.59886360908 0.0058633550861464465
4811.400708392494 0.005852848206601986
4812.202686818263 0.005847329116442646
4813.004798916379 0.005841964158110279
4813.807044706837 0.0058766825319623356
4814.609424219628 0.0058497325740575375
4815.411937464753 0.005769663729351533
4816.214584472198 0.005799667071267435
4817.017365261964 0.005937254024089974
4817.820279864042 0.006008896268305073
4818.623328288429 0.0060208315701721915
4819.426510565115 0.0059860030774596335
4820.229826714097 0.005967960300176006
4821.033276765367 0.005977150894358953
4821.836860718926 0.005968397526024893
4822.640578624759 0.0058165344779005255
4823.444430492864 0.005605671608290471
4824.248416333238 0.005640724250264894
4825.052536185874 0.005790609666227353
4825.856790070763 0.005881839675335987
4826.661178007902 0.005893331323033275
4827.465700017285 0.005818975311016288
4828.270356118907 0.005831229818312406
4829.0751463427605 0.005826762878239456
4829.880070708839 0.006017406862150857
4830.685129227142 0.0060479907029486815
4831.490321937659 0.005819392990756163
4832.295648860382 0.005678043928179603
4833.101110005313 0.005752541710228814
4833.906705412438 0.005879073976600252
4834.712435091756 0.005891031081249084
4835.518299063262 0.005791342597380944
4836.324297356946 0.005765132000682824
4837.130429992806 0.005920006880218239
4837.936696990835 0.005891163817360863
4838.743098381027 0.0057378703434694985
4839.549634173377 0.005602142179856353
4840.356304397879 0.005655980714748975
4841.163109084524 0.0058349744343133185
4841.970048243311 0.005827392828134235
4842.7771218942335 0.0056295062010284
4843.584330077283 0.005526679553529361
4844.391672802453 0.005651005790706472
4845.199150089744 0.005729449184478656
4846.006761959146 0.005675732737785906
4846.8145084506505 0.005652666442528356
4847.622389574256 0.0056145350656226205
4848.430405349955 0.005506532257745165
4849.238555807744 0.005601243648781109
4850.046840957615 0.0057731241149735334
4850.85526083956 0.005676291806160723
4851.6638154635775 0.005483903191811259
4852.472504859658 0.00550244334588774
4853.281329037801 0.0055875281109111575
4854.090288037995 0.005453226278819391
4854.8993818702365 0.005095926422301466
4855.708610564519 0.004953861562029187
4856.517974130841 0.005159938195279008
4857.327472609189 0.005340419877706158
4858.1371060095635 0.00559591622611984
4858.946874351957 0.006180815775195629
4859.756777666364 0.007132416142813031
4860.566815982775 0.008044527253145431
4861.376989311188 0.008406158631121707
4862.187297671598 0.00827060372724083
4862.997741093997 0.007383424414307978
4863.808319608377 0.006166123328414623
4864.61903321474 0.005451943978361129
4865.429881953073 0.0052475764731640465
4866.2408658533695 0.005261578511664918
4867.051984915631 0.005328099047833026
4867.863239169846 0.005233954239590519
4868.6746286560065 0.005347832959357613
4869.486153374113 0.005529843066239379
4870.2978133541565 0.0054566087718130344
4871.109608616134 0.005222171379358563
4871.921539200032 0.005225418505748432
4872.733605105854 0.005436483037673707
4873.545806363588 0.0055112528845389485
4874.358143003231 0.005522800695795336
4875.170615034776 0.005472032585626449
4875.983222488219 0.005474135511070109
4876.7959653935495 0.00568435935022528
4877.608843760768 0.005713376515908119
4878.421857609866 0.005735075005912365
4879.2350069808335 0.005949080189012152
4880.048291883671 0.005886372129366434
4880.861712338369 0.005679101970224918
4881.675268374925 0.0055664839298110716
4882.488960013328 0.005666412952582826
4883.302787273578 0.005744090246596012
4884.116750185664 0.005742185992065243
4884.930848759585 0.005610565759642643
4885.745083035331 0.005456034517513206
4886.559453022897 0.005414841768881292
4887.37395874228 0.005461784592469958
4888.188600223471 0.005523742187256535
4889.003377496463 0.005547325199047853
4889.8182905612575 0.0056270532283773855
4890.6333394678395 0.0053761150090615665
4891.448524216207 0.005348987216558563
4892.263844836357 0.005660324241519021
4893.079301358279 0.005728538218309091
4893.894893791972 0.005832078691482622
4894.710622177423 0.006049698976726253
4895.526486514635 0.006153495648740151
4896.342486843596 0.006139425838957619
4897.158623184301 0.00612850672356503
4897.974895556745 0.006100689056506327
4898.791303980923 0.005927177241856008
4899.607848486827 0.005585343186578705
4900.424529084454 0.005554992555237806
4901.241345813794 0.005758489312723014
4902.058298684847 0.005807013727702142
4902.875387717603 0.005707362660869102
4903.692612952055 0.005612393091229657
4904.509974398198 0.005694251833929615
4905.327472076031 0.005926211659285602
4906.145106005544 0.0059646660581803065
4906.962876226729 0.005657096636482461
4907.780782749585 0.005403665288306183
4908.598825604102 0.0054277813104662365
4909.417004800276 0.005523800523661033
4910.235320378101 0.005497386064548596
4911.053772337574 0.005532039962328385
4911.872360728682 0.005646424458973237
4912.691085551426 0.005782244169595725
4913.509946845797 0.005773189569088345
4914.328944621788 0.005755925089859559
4915.148078899399 0.005840968889453532
4915.967349718616 0.005975343264290894
4916.786757089438 0.006011229272629262
4917.60630103186 0.005853256442684675
4918.425981585871 0.005581756986446788
4919.245798751471 0.0054213862682637275
4920.06575256865 0.0052493592927048685
4920.885843047406 0.005189758423092867
4921.706070227727 0.005335885056817489
4922.5264341096145 0.005560986700184409
4923.346934743055 0.005656502331690081
4924.167572118051 0.0054567995536205114
4924.988346284589 0.0054315567723676106
4925.809257262666 0.005681455097531108
4926.630305062277 0.005906422336933457
4927.451489713417 0.0058496419819915645
4928.272811236076 0.005869476136065783
4929.094269650254 0.006008422377427702
4929.915864985941 0.005936416129744652
4930.73759727313 0.005931753177809093
4931.55946651182 0.006005821814678902
4932.3814727419995 0.005873510001741584
4933.203615983665 0.005497182156364375
4934.02589626681 0.005347208372260028
4934.848313591433 0.005660446531518418
4935.670868007522 0.005834716781023261
4936.493559515075 0.005798810879754497
4937.316388154082 0.005620605626200279
4938.139353934543 0.005411534396217633
4938.962456896445 0.005399704966045282
4939.78569703979 0.005643607315662697
4940.609074404565 0.005832983202216776
4941.43258900077 0.005789014371453387
4942.256240868393 0.0057122890748985185
4943.080030017432 0.005722164720439345
4943.903956477881 0.0056904939328481455
4944.728020259735 0.005552513257864371
4945.552221402983 0.005546736001694816
4946.376559917627 0.005675616966112019
4947.201035833652 0.005777046055240739
4948.02564917106 0.005778516634341798
4948.850399949842 0.0058404616079035096
4949.67528819999 0.0058395113213398075
4950.5003139415 0.005849307704577837
4951.325477194367 0.005932162121824836
4952.150777978585 0.005856140825628826
4952.976216334146 0.005680341239312129
4953.801792261046 0.00558921518007871
4954.627505799278 0.0055721312347546716
4955.453356968835 0.005555796953236007
4956.279345789711 0.005397533980350386
4957.105472271908 0.005052066199926562
4957.931736465407 0.004999742687972658
4958.758138370213 0.005287017689397323
4959.584678026312 0.005491802967467955
4960.4113554437035 0.005564238451663129
4961.23817065238 0.005537084987759749
4962.065123662337 0.005468794669396507
4962.892214513565 0.005490251589258192
4963.71944322606 0.005523484562432831
4964.546809819816 0.005401018713386998
4965.374314314827 0.005321716991235276
4966.201956741086 0.005346783542721445
4967.029737108592 0.005362630582695458
4967.857655457331 0.005307950878169624
4968.685711797303 0.005335559867595646
4969.5139061585 0.0054131679036246326
4970.342238560916 0.005341345075943183
4971.170709024547 0.0053377685221976
4971.999317579384 0.005465594314224948
4972.828064235426 0.00552950469190611
4973.656949042657 0.005531090849484199
4974.485971991085 0.005542004684903658
4975.315133130691 0.005521793096512667
4976.144432471475 0.005511811398036224
4976.973870033434 0.0055626740064618745
4977.803445846555 0.005477412894326611
4978.633159930838 0.0053333521297022485
4979.463012306277 0.005273764001800066
4980.29300300286 0.005247373971390177
4981.123132050585 0.005182285278312553
4981.953399449448 0.00501812027610582
4982.783805239441 0.005043159553796735
4983.614349440555 0.005152131567695391
4984.44503207279 0.005263008500266527
4985.275853166135 0.005248164806760402
4986.106812740586 0.005276649327883334
4986.937910816137 0.005383901357581029
4987.769147412783 0.005407471131358373
4988.600522560518 0.005359386410244282
4989.432036279334 0.005390822275114351
4990.263688599224 0.005379624076455827
4991.095479530187 0.005192241358407067
4991.927409102214 0.005285859502599743
4992.7594773452975 0.005397929769967946
4993.591684269434 0.005274701175370478
4994.424029904617 0.005289762901023707
4995.256514280838 0.0053944750888520665
4996.089137408096 0.0053823285376292385
4996.921899316381 0.005301175137249568
4997.754800025688 0.0052833847989251104
4998.587839566011 0.005216029381962821
4999.421017947347 0.0050791496695857166
5000.2543352096845 0.005031542740282344
5001.087791363021 0.0050548502950062855
5001.921386437348 0.005076338087053662
5002.7551204526635 0.005204548484655676
5003.588993428958 0.005287240968541876
5004.423005396228 0.005204744611089485
5005.257156384464 0.005073241541357313
5006.091446393664 0.00500911072800299
5006.9258754738175 0.005057792150611227
5007.760443624924 0.005206302633332835
5008.595150886973 0.005389931883508188
5009.429997269962 0.005327889838205288
5010.264982803882 0.005275780661968886
5011.10010750873 0.005269128171604767
5011.935371424494 0.005106276721243888
5012.770774551175 0.005102635581937498
5013.606316918764 0.005050937596516479
5014.441998557255 0.004948677817101547
5015.277819476642 0.004968739847123632
5016.113779716919 0.005031724713138724
5016.9498792980785 0.005146705212524591
5017.7861182301185 0.0050688332303101815
5018.622496553028 0.005025175438025588
5019.459014276804 0.005098142449001424
5020.2956714314405 0.005136835150353843
5021.132468036932 0.005179292026531177
5021.96940411327 0.0050392671527543535
5022.806479690452 0.005070743832861954
5023.643694798467 0.005299272381897753
5024.481049447311 0.005359318658417307
5025.318543656983 0.00532199332480515
5026.156177467469 0.005380028985435224
5026.993950888769 0.005282580143190165
5027.8318639508725 0.005188501328550838
5028.669916673777 0.0053428152188890595
5029.508109087473 0.005428139866474065
5030.346441201959 0.0053406028683781175
5031.1849130472265 0.005343814678052735
5032.0235246532675 0.0055119244375550274
5032.862276040078 0.005632219632196744
5033.701167217654 0.005559532806429527
5034.5401982259855 0.005374741853617808
5035.379369085068 0.00512762104426973
5036.218679804899 0.005027898920859306
5037.0581304254665 0.005288266852166888
5037.897720966767 0.005350960557161815
5038.737451448795 0.0051497984565625245
5039.577321901542 0.00504418948005088
5040.417332335005 0.004877440369310177
5041.257482779179 0.004748750108648903
5042.097773254055 0.005013190574857158
5042.938203789629 0.005329267618738173
5043.7787744158895 0.005381631813176415
5044.61948513284 0.005485938968046598
5045.460335990465 0.005585212453999128
5046.301326988765 0.00554730577442923
5047.142458167729 0.005363772605353797
5047.983729547355 0.005164445849653192
5048.825141147635 0.0050819987681328255
5049.666692988563 0.005106357866595828
5050.508385100133 0.005212273787756262
5051.35021750234 0.005209211556236909
5052.192190215178 0.0052492697070683925
5053.0343032686405 0.005355216120740206
5053.876556692718 0.005429963970816312
5054.718950497407 0.005453158073626056
5055.5614847027055 0.00532561666813967
5056.404159348601 0.005257484146885877
5057.246974445092 0.0053421186170462395
5058.089930022169 0.005476819712796273
5058.933026109826 0.0055723118941911004
5059.776262708062 0.005495190358750661
5060.619639866864 0.005569330890302964
5061.46315759623 0.0056227259052641
5062.306815916155 0.005544261093110055
5063.15061485663 0.005424400857501493
5063.9945544476495 0.005163467398126261
5064.838634699208 0.004972057955390736
5065.682855641299 0.0051855141649556815
5066.527217293918 0.005368060051535782
5067.3717196870575 0.005231296405815143
5068.216362830712 0.00513196689582204
5069.061146764874 0.005136677565957714
5069.906071509538 0.005246629503722162
5070.751137084697 0.005310856226272446
5071.596343510348 0.005181340728144632
5072.441690816482 0.005115616795778745
5073.287179013097 0.005342027118083205
5074.132808150179 0.005504325900917036
5074.9785782177305 0.005427952225424067
5075.824489265741 0.005226087235644421
5076.670541314203 0.005177156716194303
5077.516734373115 0.005363448588395808
5078.363068472467 0.005314836053585165
5079.209543642253 0.004980439103867033
5080.0561599024695 0.004852483632881192
5080.902917273109 0.004963311756006126
5081.749815774166 0.005100531007359296
5082.596855445632 0.005085733231692004
5083.444036287505 0.005091279351549636
5084.291358349772 0.0051814021794864915
5085.138821632437 0.0051346823680784815
5085.986426165486 0.005134295803647166
5086.834171988913 0.005094420291168715
5087.682059102717 0.005172906690834084
5088.530087546887 0.005239421104391039
5089.378257331422 0.005247192102477041
5090.2265684863105 0.005153784602512798
5091.075021041549 0.004998583991057631
5091.923615017129 0.005078822183765575
5092.772350433049 0.005285628745903144
5093.6212273093 0.005355991065888247
5094.470245685873 0.005278080160831419
5095.319405562769 0.005172810520783703
5096.168706989974 0.005088273147706845
5097.018149967487 0.005097894682965439
5097.867734525303 0.005125872040919845
5098.717460693412 0.004879583538850797
5099.567328501807 0.004863038744581775
5100.417337950487 0.005015941560131027
5101.2674890894405 0.005168216029875097
5102.117781918667 0.005280908896072435
5102.968216478156 0.005250145914194919
5103.818792787901 0.00524208537376743
5104.669510867899 0.005163683540049025
5105.5203707481405 0.005157984391353447
5106.371372448622 0.00518336470814644
5107.222515989336 0.005040367669077205
5108.07380139028 0.005039268974292053
5108.925228691442 0.005081074577057454
5109.776797902819 0.005073165294638602
5110.628509054403 0.005093240517095332
5111.480362166191 0.005165878177552737
5112.332357268174 0.005110533428506275
5113.184494370347 0.0050272597663922015
5114.036773512705 0.005136379990188646
5114.88919470524 0.005223059195864955
5115.741757977947 0.005192657551896669
5116.594463360818 0.005264360456816536
5117.4473108638485 0.005441679949953749
5118.300300527031 0.005345565980301949
5119.153432360362 0.005228773908375771
5120.006706393831 0.005186170968580796
5120.8601226474375 0.005108288363075383
5121.713681141172 0.005082998301219278
5122.567381915026 0.0050010782162772495
5123.421224969001 0.004796238492242767
5124.275210353081 0.004856588960048733
5125.129338067268 0.004952675342623206
5125.9836081515505 0.004949472447804899
5126.8380206259235 0.004875403633388244
5127.692575510384 0.004880141539061843
5128.5472728349205 0.004961800496794748
5129.402112609532 0.004850825528975336
5130.257094874209 0.004927963789704214
5131.112219638948 0.005075133545669589
5131.967486943737 0.0050826119707787845
5132.822896798578 0.005007433356109812
5133.678449223461 0.0050264489090190035
5134.534144258379 0.005220417431075907
5135.389981923324 0.005335141260441825
5136.245962228296 0.005168690136505081
5137.102085213282 0.005049111365968193
5137.95835089828 0.005151348103752689
5138.814759293283 0.004966692588285153
5139.671310438284 0.004931495196482492
5140.5280043532775 0.005214033214646791
5141.384841058258 0.005184365892639387
5142.241820583216 0.004899253535637381
5143.098942938151 0.004828753386643383
5143.956208163052 0.005057313775708947
5144.813616277915 0.005043927195683271
5145.671167302731 0.0049029994317290205
5146.528861257499 0.004892585330063144
5147.386698182206 0.004899968298307435
5148.244678076853 0.004909725754060619
5149.102800991426 0.0049900108675773125
5149.961066925929 0.004946208705514894
5150.819475920344 0.004908258456317961
5151.678027984676 0.004908209349966292
5152.536723158912 0.004914719346505605
5153.395561453046 0.004813267128500262
5154.2545429070715 0.004741950314926697
5155.113667520987 0.004895706079965889
5155.972935344781 0.005007454511193185
5156.832346378452 0.005078455120432682
5157.691900661989 0.00517190882474246
5158.551598215389 0.005050130816205406
5159.411439068642 0.004883621316683875
5160.271423231748 0.004922699184489066
5161.131550734695 0.004987833397388519
5161.991821597481 0.004934749025369243
5162.852235850099 0.004937113273649041
5163.712793522539 0.004996005319538639
5164.5734946247985 0.004867983183951138
5165.434339196868 0.004660231979186109
5166.295327238747 0.004422560335987386
5167.156458800423 0.004226749641933075
5168.017733891893 0.0042540867961917955
5168.879152533151 0.00431046444519777
5169.740714754191 0.004539266243070972
5170.602420585004 0.004641685047398627
5171.464270045585 0.004468973427036873
5172.326263145931 0.0042747500340474115
5173.18839993603 0.004277715851440366
5174.050680415881 0.00448633657272803
5174.913104615476 0.004677780426805495
5175.775672574806 0.004684995793201762
5176.63838429387 0.004663593279338034
5177.501239812656 0.0046851285982268415
5178.364239151164 0.004712342526326643
5179.22738233938 0.0047197197037690776
5180.090669387305 0.004691917221809577
5180.954100324931 0.0046561864425119755
5181.8176751822475 0.004603162924999998
5182.681393979253 0.004425908423804444
5183.54525673594 0.004223047942604798
5184.409263482301 0.004354777834140028
5185.273414238331 0.004578889770430571
5186.137709024024 0.004707599590437143
5187.0021478793715 0.004846425149624073
5187.866730814369 0.004798627852885173
5188.731457849013 0.004758301024102027
5189.59632902329 0.004967223915306752
5190.461344347202 0.0049938727457459605
5191.326503850738 0.004655376664232744
5192.19180756389 0.004417508458768441
5193.057255506655 0.00452738153068665
5193.922847689027 0.004738346986054261
5194.788584150999 0.00470427181682092
5195.654464912564 0.004665004607170858
5196.520490003715 0.004777929950797883
5197.386659434449 0.004808698874954817
5198.252973244756 0.0048154358521136096
5199.119431444632 0.004846064881670655
5199.986034064071 0.004786613620465946
5200.852781133064 0.004801060860183098
5201.7196726616085 0.0048121545067172766
5202.586708689693 0.004727893247131757
5203.4538892273185 0.004730103572825612
5204.321214304474 0.004535876878914953
5205.188683951152 0.0043665794748114295
5206.056298187349 0.004327745497056016
5206.924057033057 0.004460925126473592
5207.7919605182715 0.004404176851295702
5208.660008662984 0.004334481705771915
5209.528201487192 0.004501270740360485
5210.396539020885 0.004576635609431593
5211.265021294058 0.004722495084975528
5212.133648316707 0.004866372609170259
5213.002420128821 0.004953371463695129
5213.871336740398 0.005022615640565786
5214.740398181431 0.004948540669036025
5215.6096044819105 0.004825620697581451
5216.4789556618325 0.004798457551605462
5217.348451731195 0.00481804202022395
5218.218092739983 0.004926263524671888
5219.087878688199 0.00506095684933651
5219.957809615829 0.0050264302718066416
5220.827885542872 0.005018995548350865
5221.698106489319 0.005035873161221442
5222.568472485164 0.005038987994922089
5223.438983550403 0.004909267626475358
5224.309639715026 0.004698659546425609
5225.180440999028 0.004613550908944966
5226.051387422404 0.00449921622486767
5226.922479015148 0.004354761332177732
5227.793715797252 0.004633150342951887
5228.665097798711 0.005055492260807286
5229.536625039517 0.005113613210102862
5230.408297549664 0.005087897991743638
5231.280115349146 0.005192779947509819
5232.152078457959 0.005061553466509581
5233.024186896096 0.0047881869964728485
5233.896440703547 0.004768722066875104
5234.768839900307 0.004866257347044915
5235.641384506372 0.00504904208586305
5236.514074541736 0.005148969115058171
5237.386910036389 0.005112565642531095
5238.259891020325 0.005081303730368424
5239.133017503543 0.005053248221682789
5240.006289516034 0.0049674027191174835
5240.879707087788 0.005007341848392329
5241.7532702388025 0.005098979933220074
5242.626978999068 0.005015327813817123
5243.500833378583 0.005009443534608346
5244.374833417337 0.005168985046380478
5245.248979135325 0.005130003592909178
5246.12327055254 0.0048054716014238885
5246.997707688979 0.004590233311769142
5247.872290574633 0.004766511596409238
5248.747019239493 0.005020452582890337
5249.621893703557 0.004906206992248753
5250.496913986817 0.004723119368140713
5251.372080119266 0.004789385696658369
5252.247392120899 0.004941784404694373
5253.1228500217085 0.004997715104186637
5253.998453841688 0.004972143500160027
5254.874203600833 0.0047382223438917
5255.750099339135 0.004782706153321218
5256.62614105659 0.005116119758199993
5257.502328803188 0.005208548627150666
5258.378662588925 0.00517804165467078
5259.255142433796 0.005016650005802503
5260.131768367794 0.004926435242034368
5261.008540420911 0.004908632463135392
5261.88545861314 0.004789028952925651
5262.762522974476 0.004677412632357026
5263.639733514915 0.004532002363401232
5264.517090274445 0.004524201609051548
5265.394593263067 0.0044692016711796725
5266.272242510769 0.004446703301853605
5267.150038047545 0.0047174845680533
5268.027979893392 0.004751382818746646
5268.906068078299 0.004372856675721348
5269.784302612265 0.004174863490312997
5270.662683535278 0.004456175052887995
5271.541210867334 0.004811974159399283
5272.419884628428 0.004885357980899453
5273.298704838554 0.004829077390957819
5274.177671537703 0.004936471980570811
5275.056784735871 0.004811803132886994
5275.936044473047 0.004751873552969852
5276.815450749233 0.005041748168497391
5277.6950036144135 0.005240120213893012
5278.574703078588 0.005242897256911144
5279.454549171748 0.005098846400223832
5280.334541913888 0.004946372850695887
5281.214681325004 0.0049541550320182925
5282.094967445082 0.004932690881840886
5282.975400294121 0.004863551594647176
5283.855979882116 0.004736425212972792
5284.7367062490575 0.004942227153600279
5285.617579414939 0.005256930851782287
5286.498599399758 0.0054026813141167486
5287.379766233504 0.005320105280610403
5288.261079936173 0.005154914777057033
5289.142540537757 0.005116334416890162
5290.024148058249 0.0052230051938733195
5290.905902517647 0.005276653040833123
5291.787803955939 0.0052559335067523215
5292.669852383121 0.00515410505546101
5293.552047829188 0.0051202698587790715
5294.434390324129 0.005162819018927709
5295.316879877943 0.005124266350184697
5296.199516530621 0.0049106043981989545
5297.082300292159 0.004658649777611751
5297.9652312025455 0.00456862251535117
5298.84830927178 0.00484950998143908
5299.731534529851 0.0051506670185297
5300.614907006756 0.004995191217120614
5301.498426722485 0.004838163069797477
5302.382093707034 0.004889764065533091
5303.265907970396 0.005074024585539191
5304.149869552565 0.005182511479280474
5305.033978473533 0.005298491708520494
5305.918234753296 0.0052830996504551805
5306.802638411848 0.005188192819592415
5307.68718948918 0.0051391714192094646
5308.5718880052855 0.005129053857193236
5309.456733980159 0.005201124769776062
5310.341727433795 0.0052122926988414
5311.226868396187 0.005199713679071556
5312.112156897326 0.005204744590841566
5312.997592957207 0.005097943322482675
5313.883176595827 0.005130470556719593
5314.768907853173 0.0051638826865863414
5315.654786729244 0.00508196051037974
5316.540813264032 0.0049596089025440784
5317.426987487529 0.004980988581516414
5318.31330940973 0.0049452111896475335
5319.199779070628 0.004857034879724712
5320.086396480218 0.0048916419365876455
5320.973161678491 0.004933453970860263
5321.860074675441 0.004929401112285597
5322.747135501066 0.005006788442079429
5323.634344175355 0.004904741533207624
5324.521700738301 0.004858360522278878
5325.4092051999005 0.004903608521362274
5326.296857580148 0.0047917199746161975
5327.18465792903 0.0044754875350226314
5328.0726062465465 0.004080397101103722
5328.960702562693 0.004224356362883421
5329.848946907456 0.0045844668387274665
5330.737339310832 0.0047820453047354525
5331.625879782817 0.0049223609344055995
5332.514568363398 0.004940044112899991
5333.403405062578 0.004953092001864067
5334.292389910345 0.005012720985262369
5335.181522926694 0.005081740932921575
5336.070804151617 0.005046645528091094
5336.960233605106 0.004961994818686175
5337.849811297158 0.005042061185103755
5338.739537267766 0.005076448741476948
5339.629411536922 0.004878802202046301
5340.519434124622 0.004686412745962016
5341.409605060856 0.004891661087910726
5342.29992437562 0.00511157102965349
5343.190392078908 0.005063672158498901
5344.08100821071 0.005031951239194018
5344.971772781026 0.004892063045043462
5345.862685829843 0.004764354462670707
5346.753747377155 0.0049526586148674855
5347.644957432963 0.0049524878789279
5348.53631604725 0.004750888064810805
5349.427823220018 0.004632721052652172
5350.319479001254 0.004750267470170778
5351.211283390958 0.005065888016266736
5352.103236429119 0.005173557996291455
5352.99533813573 0.005092421184614256
5353.887588540787 0.005200979595936556
5354.779987654286 0.00539991970856564
5355.672535526211 0.0053237470495649175
5356.565232156566 0.005237649322205867
5357.458077585338 0.005211367401917541
5358.351071822526 0.005225424838879776
5359.24421490812 0.005236291823210364
5360.137506862112 0.0052691940403932006
5361.030947714496 0.0051223724753327576
5361.924537475268 0.004944603840256145
5362.81827618442 0.00493329064506009
5363.712163861946 0.004991573362396672
5364.606200527838 0.004942599086483647
5365.500386202095 0.004981140493890686
5366.394720924703 0.00504041198086123
5367.289204715657 0.004985308910468331
5368.1838375949565 0.005028219822193016
5369.0786195925875 0.004879624082706767
5369.973550728548 0.004635220377751012
5370.86863103283 0.004454412800810285
5371.763860525426 0.004435262516062238
5372.659239236333 0.0048044561770455565
5373.55476718554 0.005029061624360993
5374.450444403043 0.005169556440453286
5375.346270908835 0.005201294392125289
5376.242246732909 0.005060218799599329
5377.138371885262 0.004957772860938412
5378.034646415882 0.005026390048003434
5378.931070324766 0.0051454379422683685
5379.827643651908 0.005110627338274303
5380.7243664272955 0.004967940479731567
5381.6212386609295 0.004912439320549724
5382.5182603828 0.0048847172515968824
5383.415431612902 0.004849649922084626
5384.312752391226 0.004907787834783374
5385.210222727769 0.004892432977269816
5386.107842652524 0.004923782685611882
5387.00561219548 0.0049600539459621765
5387.903531376635 0.004942237909976054
5388.801600225981 0.004845467454277504
5389.699818753513 0.004671423091637778
5390.598186999223 0.004596761978843869
5391.496704993101 0.004619126227328824
5392.395372735149 0.004716678050155642
5393.294190275353 0.004758710560844428
5394.193157623709 0.004817298016734635
5395.092274820209 0.004885668068853536
5395.9915418648525 0.004727238599213913
5396.890958807624 0.004366451216122039
5397.790525668523 0.004525076503555749
5398.690242457541 0.004844474860554554
5399.590109214671 0.0048764598757655075
5400.490125959909 0.004724458204229855
5401.390292723244 0.004684197916594572
5402.2906095146745 0.004814219939684829
5403.191076374191 0.004799516600703916
5404.091693321787 0.004601070866304527
5404.992460387455 0.004415746692293429
5405.893377591189 0.004320425818442932
5406.794444952988 0.004510417470154052
5407.695662502838 0.004662712080119676
5408.597030270734 0.0046422645500658844
5409.49854827667 0.004460295862901558
5410.400216550641 0.004580374520851751
5411.302035102641 0.004834526515262871
5412.204003972662 0.005000129564972134
5413.106123180695 0.004997540615651273
5414.008392756736 0.004978624001974084
5414.910812720779 0.004917258121724437
5415.813383092818 0.004986661347377988
5416.716103912841 0.005096114566203239
5417.618975190848 0.005095835836991585
5418.521996956831 0.004921427272479106
5419.4251692407815 0.004772530038450217
5420.328492062693 0.004763724255654169
5421.231965452559 0.0048825343392689645
5422.135589430373 0.00505180530720179
5423.039364026129 0.005056219924018801
5423.9432892498235 0.0047957138650740316
5424.847365151443 0.004792129177463083
5425.751591730988 0.004955580557388567
5426.6559690384465 0.005071743599163794
5427.560497073815 0.005133895111931134
5428.465175887084 0.0048582777423923276
5429.370005478252 0.004418654258004797
5430.274985897307 0.004525866006609332
5431.180117144245 0.00485006432547434
5432.08539926906 0.004773483594802336
5432.990832281742 0.004641807595209055
5433.89641620229 0.004595796070554281
5434.802151070693 0.004533348270304592
5435.7080369069445 0.004637931669118482
5436.61407373104 0.004648174187042635
5437.520261572974 0.004757746787307016
5438.426600462733 0.0049051139206396565
5439.3330904103195 0.00507630563648208
5440.239731455721 0.005176171422230935
5441.146523618932 0.005169448126153167
5442.053466929946 0.005117762118467677
5442.96056139876 0.005111061401344864
5443.867807065361 0.0051533062676342185
5444.775203949747 0.004992802544508968
5445.682752081909 0.004703510490097959
5446.590451471843 0.004321004346793711
5447.498302169538 0.0043344477744437495
5448.406304174993 0.004462869061736003
5449.314457528198 0.004546259933905711
5450.2227622591445 0.0046943172897695225
5451.13121837783 0.0046928866758870974
5452.039825914247 0.004626535042269249
5452.948584898387 0.0045811845064315515
5453.857495350246 0.004534503600133877
5454.766557299815 0.004368842972868591
5455.675770777085 0.00419161791458392
5456.5851357920565 0.004427671933285404
5457.494652384715 0.004643144605229773
5458.404320565063 0.004754664424989388
5459.314140383083 0.004746018382779572
5460.224111838777 0.004621684692954774
5461.134234962136 0.004634820331249049
5462.0445097931515 0.004680925862265697
5462.954936341818 0.004566368511092368
5463.865514638131 0.0046014473746676336
5464.77624471208 0.004740894237792668
5465.687126583661 0.004692523099569062
5466.598160282864 0.004616957981795487
5467.509345829687 0.00467556577072346
5468.420683244122 0.0046883994794154945
5469.332172566161 0.004680428445742328
5470.243813815797 0.004621104670810045
5471.155607013025 0.004652068770963991
5472.067552187837 0.004691048556051494
5472.979649360228 0.004531866137088198
5473.8918985701885 0.004434170274663665
5474.804299817717 0.00457782645657381
5475.716853152801 0.004511223425980819
5476.629558595436 0.0041583229433646484
5477.542416155617 0.0042402273014668845
5478.455425873336 0.004584906845463869
5479.368587768587 0.004793413440767772
5480.281901871362 0.004652264958175336
5481.195368201654 0.004355087244358287
5482.108986789459 0.004372099880526536
5483.022757654768 0.004514214237399896
5483.936680837573 0.004641014464619048
5484.850756337873 0.004751396215890982
5485.764984195656 0.004771888716563227
5486.679364440918 0.00462090543189134
5487.59389709365 0.004391387153155974
5488.508582183847 0.004558902499753868
5489.423419721504 0.004651556922831875
5490.338409746611 0.004518228784978524
5491.253552279164 0.004661176754857211
5492.168847359151 0.004738834811181875
5493.084294986574 0.004571922118730366
5493.99989520142 0.004560152095574475
5494.915648023685 0.004661832459230478
5495.831553493358 0.004677414447111281
5496.747611620437 0.0045702902017267155
5497.663822424917 0.004463195007452365
5498.5801859567855 0.0046560570741026605
5499.496702216039 0.0047787470206118055
5500.413371242671 0.004678995521367485
5501.330193056674 0.004499484408761093
5502.2471676880405 0.00451399137837749
5503.1642951567665 0.004483396501174505
5504.0815754928435 0.004448276727906824
5504.999008716264 0.004505083342155186
5505.916594867021 0.004386259625920062
5506.834333945111 0.004360228312865613
5507.752226000526 0.004580090669483616
5508.670271043257 0.0046580146041920924
5509.588469113297 0.004559302591467852
5510.506820220645 0.004526684833158559
5511.425324395289 0.004413053308733559
5512.343981667224 0.004246991125714864
5513.2627920564455 0.004371751717275532
5514.181755592942 0.004346670433749671
5515.100872306708 0.004344227363308183
5516.02014221774 0.004478153452038336
5516.939565346028 0.004521718623077139
5517.859141721568 0.004685752409688894
5518.778871374352 0.004785400496992611
5519.698754324371 0.004773493874722427
5520.618790601622 0.004660334327753797
5521.538980226097 0.004629711560575685
5522.459323227788 0.004691426833283326
5523.379819626691 0.004657377391865383
5524.300469462795 0.004683381465881568
5525.221272746097 0.004666452670915649
5526.1422295065895 0.004603695931949663
5527.063339764267 0.004502384743009349
5527.98460355912 0.004352946219278184
5528.906020911141 0.004431027088847838
5529.827591840328 0.004640197075470386
5530.749316376669 0.004750805879394643
5531.671194540162 0.004755436808931767
5532.593226370795 0.004612415846149475
5533.515411878566 0.004648478953494474
5534.437751093468 0.004588029460031037
5535.3602440454915 0.004524161255139498
5536.282890754631 0.004718724133735999
5537.205691250881 0.004766609906110284
5538.128645554233 0.004655020330719022
5539.051753694681 0.004678463731924558
5539.975015702218 0.004809147035080402
5540.8984315968355 0.004898410249352075
5541.822001408531 0.004900522224136272
5542.745725157293 0.004792597578156851
5543.669602863121 0.00472141960515579
5544.593634566003 0.004703569976525662
5545.5178202859315 0.00469135480831899
5546.442160042904 0.0046509256319726255
5547.366653876909 0.004728647135367604
5548.291301797945 0.004798420852436234
5549.216103836004 0.004744401156222172
5550.141060021076 0.004738162270689948
5551.066170373156 0.0047949625822542394
5551.991434932235 0.004794806060430841
5552.916853698313 0.004796658840501552
5553.842426721377 0.004767344376433063
5554.76815402142 0.0047566424712737025
5555.6940356084415 0.004778693921407756
5556.620071532426 0.004734389836744615
5557.546261793377 0.004682023422942313
5558.472606441278 0.004722180415347921
5559.399105486127 0.00470186997052822
5560.325758957918 0.004671259793572941
5561.25256688664 0.004621777184336526
5562.179529292291 0.004538548762519098
5563.10664620486 0.00461129347679108
5564.033917644345 0.00475291032582606
5564.961343640735 0.004703852795454803
5565.888924224025 0.004537599415779605
5566.8166594142085 0.004571784438447578
5567.74454923128 0.004672587971278033
5568.672593715229 0.004674198777703243
5569.60079287605 0.0045577734936386215
5570.529146753739 0.004668944222638364
5571.457655368286 0.004679323418285846
5572.3863187396855 0.00442677202671581
5573.3151369079305 0.00446367786371955
5574.244109883016 0.004756018286422942
5575.17323770493 0.004788324299363348
5576.102520383673 0.0046896321190762974
5577.031957959233 0.004767127251509014
5577.961550461602 0.004780689463879736
5578.891297890781 0.004768855771696579
5579.821200296754 0.00491831765444468
5580.75125769952 0.0049036581828414225
5581.681470119069 0.004696900818359218
5582.611837585398 0.004712773488200696
5583.542360128495 0.00465208932078253
5584.473037758359 0.004494163074950057
5585.403870524979 0.004553817659728718
5586.334858438348 0.004445575696943549
5587.266001528461 0.0043114866675649085
5588.197299815312 0.004228045760340685
5589.128753328895 0.004194031010530191
5590.060362099199 0.0043133340714396
5590.9921261462205 0.004474579227547989
5591.924045499951 0.004441072739036023
5592.856120190382 0.004394398447610984
5593.788350227513 0.004427720164835226
5594.720735661327 0.004484726982165744
5595.653276491829 0.004764734898143491
5596.585972759006 0.004849261502742959
5597.518824492848 0.0045038853216329364
5598.451831703357 0.004185707120031574
5599.384994430519 0.004298215882801412
5600.3183126943295 0.004361934052931112
5601.25178652478 0.0043746399513990555
5602.185415951864 0.004390593391405615
5603.119200985578 0.00432494677937595
5604.053141665912 0.004371931317446233
5604.987238012862 0.004448247758886479
5605.9214900464185 0.004555432598474911
5606.855897806575 0.004609921343216135
5607.790461313325 0.004629566573650099
5608.72518059666 0.004590756006137362
5609.660055666579 0.004541350394127515
5610.595086573066 0.004529586953082864
5611.530273316124 0.004552567605153034
5612.465615945737 0.004600242114842697
5613.401114471906 0.004601672094439733
5614.33676892462 0.0043883392156749725
5615.272579333873 0.004131809934325852
5616.208545719657 0.0042652307979691466
5617.144668111967 0.0044368054064297694
5618.080946540795 0.004376512530001377
5619.017381016135 0.004301415469311626
5619.953971587978 0.004264221393536918
5620.8907182563225 0.004368968151421761
5621.827621071155 0.004479411380051111
5622.764680042472 0.004450004947870319
5623.701895200267 0.004263919076094009
5624.6392665745325 0.004114364698299461
5625.576794195259 0.0042368236934258625
5626.514478072445 0.0044115149473729935
5627.452318246079 0.0044427703146143254
5628.390314736156 0.004465052962743194
5629.328467562673 0.004435125251179293
5630.266776765615 0.004423035580556575
5631.205242364981 0.0045140331649026425
5632.14386439076 0.004542987961699184
5633.082642862951 0.004549217641440532
5634.0215778015445 0.00454769196201452
5634.96066924653 0.004513439756102682
5635.899917217904 0.004385088363074654
5636.839321745659 0.004335797987256605
5637.778882849788 0.00438405370520669
5638.718600560283 0.004411607407967052
5639.658474897142 0.0044161255824350975
5640.598505890353 0.00432785609439656
5641.538693569911 0.00426217531302468
5642.479037955809 0.00434534485426742
5643.4195390780405 0.004358356905352475
5644.360196966597 0.00434908361572002
5645.301011631475 0.004359655860928661
5646.241983122662 0.004336186828588147
5647.183111450155 0.004332545700161245
5648.124396643949 0.004270863887091277
5649.065838724033 0.004333737944332834
5650.007437730402 0.00445524781897275
5650.94919367305 0.0045775287975931235
5651.891106591966 0.00462406142690941
5652.833176507148 0.004664878984436034
5653.77540343859 0.004660851497520425
5654.717787426278 0.004592868300049664
5655.660328490211 0.0045844846913519486
5656.603026650381 0.004572162332828853
5657.5458819467785 0.004242939870942708
5658.488894389401 0.003983637598048848
5659.4320640082415 0.004237445627614893
5660.375390843286 0.004438891758027836
5661.318874904535 0.00429264699979605
5662.262516231977 0.004152761989788187
5663.20631483561 0.004284201916137866
5664.150270755424 0.004429631182224418
5665.0943840114105 0.004496141493307869
5666.038654623568 0.004520093451133824
5666.983082631882 0.004358019619519214
5667.927668056353 0.004246648616080776
5668.872410926968 0.004294437518525669
5669.817311263723 0.004371323314039407
5670.76236909661 0.00433660882322137
5671.707584445626 0.004396111034933125
5672.652957340761 0.00458525876267044
5673.598487812006 0.0046469934951168905
5674.544175889355 0.004571326038972076
5675.490021582807 0.0045231565478019865
5676.436024932347 0.004653159156288048
5677.382185967969 0.004708957201172463
5678.328504699673 0.004637415490387394
5679.274981157449 0.00455636700615923
5680.221615381283 0.00455555904535422
5681.168407391176 0.004550739196920621
5682.115357207119 0.004440835944280464
5683.062464859105 0.0044410796494946635
5684.009730377125 0.004514499465604069
5684.957153781177 0.004559135825121422
5685.904735101249 0.0044681076627764585
5686.852474357338 0.004374330854606279
5687.800371589433 0.004368871810397026
5688.748426807531 0.004376977047433945
5689.696640051623 0.004509753050270463
5690.645011341701 0.004596898338031712
5691.59354070776 0.004693314276508341
5692.542228169792 0.00475328391682619
5693.49107376779 0.004722479596787487
5694.44007750175 0.004635277844865742
5695.389239421662 0.004574664032854991
5696.338559547517 0.004588300885249874
5697.288037909312 0.004580589275752768
5698.237674527038 0.004378944303489548
5699.187469420691 0.004397377869316547
5700.1374226302605 0.004420299241579495
5701.087534175741 0.004268545254150354
5702.037804087126 0.004191195313757421
5702.988232394404 0.004298111354048825
5703.938819107574 0.0044723028014134894
5704.889564266629 0.00453238181623901
5705.8404678915595 0.00436891040716266
5706.7915300123595 0.004281751142556333
5707.74275065902 0.00421623786113176
5708.694129851535 0.0040634719678376225
5709.645667619899 0.00415196874517591
5710.597363994103 0.004249399565250131
5711.549218984144 0.0041270798353396825
5712.50123264001 0.004271620131514537
5713.453404971696 0.004514327441679065
5714.4057360091965 0.004517033357877296
5715.358225782502 0.004514522624991863
5716.310874311607 0.004582967261922771
5717.263681626507 0.0045642955900602866
5718.21664775719 0.004559657296275207
5719.169772723652 0.004605003146788518
5720.123056555886 0.004587643453474123
5721.076499283883 0.004597939147544302
5722.030100927637 0.004655766521326571
5722.983861517144 0.004713175774306982
5723.937781082391 0.004732810837794275
5724.891859643376 0.00472611934884145
5725.84609723009 0.004595277652070921
5726.800493862527 0.004377900928839412
5727.755049580678 0.004381807055476276
5728.70976439454 0.004576098258220848
5729.664638344102 0.004693438286715335
5730.619671449358 0.004562621922076425
5731.574863740303 0.004378108627937001
5732.530215236927 0.004500807252143977
5733.485725969226 0.004596508390705364
5734.441395977188 0.004607419991145053
5735.397225260814 0.004629696595149175
5736.353213870088 0.004610082947487162
5737.309361815012 0.004616874135721233
5738.265669135571 0.004634251019789825
5739.222135851762 0.004538523004356925
5740.1787619835795 0.0045392197803341035
5741.135547571012 0.00457061186135651
5742.092492634054 0.0045152163066120386
5743.049597202701 0.004387040912600057
5744.006861296944 0.004410203618281416
5744.964284936778 0.004601742233790606
5745.921868172192 0.004733988072799982
5746.8796110131825 0.0046631926163059004
5747.837513489741 0.00442545716782922
5748.795575621861 0.004394282291064771
5749.7537974495335 0.004609905846639249
5750.712178992755 0.004692527595323237
5751.670720271517 0.004574713347624086
5752.62942132581 0.0043761598155355455
5753.5882821756295 0.004260845818139529
5754.547302840969 0.004267329981509607
5755.506483361819 0.004482129265807654
5756.465823748176 0.004637184411915121
5757.425324040031 0.00469970915116562
5758.3849842673735 0.004682828499947862
5759.344804440206 0.0045332526387081365
5760.30478459851 0.004332565093724884
5761.264924762286 0.004181034730959216
5762.225224961526 0.004158445057084778
5763.185685226219 0.004324106611124223
5764.146305576362 0.004582491985702322
5765.107086051943 0.004657671057694874
5766.068026652964 0.004597262328670373
5767.02912742941 0.004612232409479181
5767.990388401278 0.004625010311557554
5768.951809598557 0.004523431895282021
5769.913391041243 0.004490800824411147
5770.875132759329 0.004552895290570455
5771.837034772809 0.004514771833745757
5772.799097121672 0.004498201731795707
5773.761319825913 0.0045203163603245505
5774.723702905527 0.004502716578700959
5775.6862464005035 0.004528412577341257
5776.648950330837 0.004520660205277529
5777.61181472652 0.004574303422621857
5778.574839607546 0.004616590726609076
5779.538025003909 0.004561953707631868
5780.501370945599 0.004229541062858247
5781.464877452612 0.004022895071988478
5782.428544554939 0.004102269426401395
5783.392372282574 0.004194653112516565
5784.356360655511 0.0041354518298447225
5785.320509713737 0.004032527169787424
5786.284819467253 0.004187165288004712
5787.249289956047 0.004346739377595599
5788.213921200114 0.0043554205040503766
5789.178713229444 0.0044948277950837825
5790.143666064034 0.0044300009611811415
5791.108779733875 0.004249535590828657
5792.074054278957 0.004431653224881966
5793.03948969928 0.004606935003308482
5794.005086054828 0.0045864646508528215
5794.970843345601 0.0046120958942873535
5795.936761601591 0.004611224404493844
5796.902840862787 0.004451946590814813
5797.869081149186 0.004284848874021402
5798.8354824907765 0.004515104484009526
5799.8020448975585 0.004756725902495192
5800.768768419518 0.00479341184490481
5801.735653076649 0.0048195116210283636
5802.702698888949 0.004787097499594597
5803.669905886405 0.004574939243611149
5804.637274099014 0.004454408317468262
5805.604803546768 0.0044889517303361584
5806.572494269657 0.004489418217139503
5807.540346277679 0.004490613691543741
5808.5083596108225 0.0045113508510347695
5809.476534289083 0.004536898173320405
5810.444870342454 0.004537546699255334
5811.413367800924 0.004468753842996195
5812.38202668449 0.004404372649956085
5813.3508470131455 0.0043812069327904294
5814.319828836879 0.004365956661606192
5815.288972165686 0.00433231782490587
5816.258277029561 0.0043328055638244675
5817.227743448497 0.0044360794264920135
5818.197371472479 0.004603877854047034
5819.167161101511 0.004686824304409907
5820.137112375579 0.00470614712118609
5821.107225324678 0.004720333597845772
5822.077499968801 0.004666544077519646
5823.047936327944 0.004554761649215524
5824.0185344520905 0.004532296858809719
5824.989294341243 0.004614129081599876
5825.96021604539 0.004575955483404858
5826.931299584521 0.004592243998916739
5827.902544968639 0.004654754287640543
5828.873952247728 0.004710951080985966
5829.845521441784 0.0046702414058606605
5830.8172525708 0.004597794552748102
5831.789145674767 0.004552364425024692
5832.761200763679 0.004599775434336887
5833.733417877531 0.004528509090061947
5834.705797036313 0.004454738081378881
5835.678338280017 0.004569473240955857
5836.651041618639 0.004656421638195913
5837.623907082173 0.004526971561598741
5838.596934710607 0.004378268218063669
5839.570124513935 0.004358011804898188
5840.543476532153 0.004454951288355293
5841.516990785252 0.004554126652242557
5842.490667303225 0.004563927923189839
5843.4645061060655 0.004610389509496288
5844.4385072337645 0.0046234536863869165
5845.412670706315 0.004543293306476728
5846.3869965537115 0.004377457843600706
5847.361484805943 0.0043503736508391485
5848.336135473009 0.004414109959364849
5849.310948594898 0.004419648482659245
5850.285924201604 0.004386501941647733
5851.261062313119 0.004347430837041106
5852.236362969433 0.0042023792832631465
5853.211826170547 0.004158725910417505
5854.187451976446 0.004318748314795308
5855.163240387129 0.004389395359747361
5856.13919145258 0.004315314916560982
5857.1153051828005 0.004160999570668291
5858.091581607781 0.004141050514805845
5859.068020757513 0.004239320287967076
5860.044622661989 0.004313544021391543
5861.021387341205 0.004380662705136354
5861.998314825151 0.004285382378327824
5862.9754051538175 0.004226568169343602
5863.9526583272045 0.004288989345291177
5864.930074395298 0.004321684656579536
5865.9076533780935 0.004240982040759105
5866.885395305582 0.004230389311133063
5867.863300197761 0.004286409769329237
5868.841368094617 0.004293864819871752
5869.819599006149 0.004375919092498386
5870.797992972344 0.004433003263643538
5871.7765500132 0.004373183407669687
5872.755270158707 0.0042762668190043105
5873.734153428861 0.004310321161262185
5874.713199863649 0.004341365941962437
5875.692409493066 0.0042191847234606525
5876.671782327108 0.00419944396944816
5877.651318405765 0.004229011438205545
5878.631017749031 0.004194239795629148
5879.610880386898 0.004014987920016394
5880.590906349358 0.003919200633824315
5881.571095666404 0.004078764684228267
5882.551448358031 0.004184272148607579
5883.531964444232 0.004125417255017932
5884.512643974994 0.004130140661808004
5885.493486960317 0.004153779680072903
5886.474493420192 0.004127591492017733
5887.455663404606 0.0039572073528371735
5888.436996933558 0.0036060081788290925
5889.418494017041 0.00321109244981425
5890.400154705044 0.0031815793661276255
5891.381979007562 0.0035093182245432516
5892.363966964589 0.0037193712831211996
5893.346118596116 0.0038026314357401995
5894.3284339321335 0.0037234101531193197
5895.310913002639 0.0034016491914692737
5896.293555827622 0.003340348732175143
5897.276362437077 0.0036890906438254724
5898.259332860997 0.0038974099259096516
5899.242467129372 0.003930169990385598
5900.225765262197 0.004019848036521109
5901.209227289466 0.0040549892671045105
5902.192853241169 0.004063139934401157
5903.176643137302 0.004089309753504518
5904.1605970178525 0.004146629453590291
5905.144714902817 0.004103924520979238
5906.12899681219 0.004078079840684382
5907.1134427859615 0.004146670972656934
5908.098052844123 0.004169243397882923
5909.082827016671 0.00414405409896689
5910.067765323598 0.0040953473499171465
5911.052867804893 0.004126422568652219
5912.038134480551 0.004100352284367406
5913.023565380564 0.004027086791465958
5914.009160534925 0.003983721707974971
5914.9949199636285 0.003996646418501193
5915.980843696665 0.003922101867217843
5916.966931764028 0.004018850387327664
5917.953184185712 0.004109855785890803
5918.939601001707 0.004106537950030971
5919.926182232006 0.004146879089696005
5920.912927906602 0.004046979488101696
5921.899838045491 0.003962651280894716
5922.886912678663 0.00405433178813782
5923.87415184611 0.004077807985732284
5924.861555557825 0.004073946323766182
5925.849123853801 0.004170636898956406
5926.836856754034 0.0041866564598253605
5927.82475428851 0.00412911607437833
5928.81281647723 0.004115819937651699
5929.8010433701775 0.00409492350530773
5930.789434967353 0.0041553458343945035
5931.777991318744 0.004237410176926501
5932.766712434347 0.004235867584221973
5933.755598344155 0.0041189720224335995
5934.744649088157 0.003958182342206171
5935.733864686347 0.004042421621145855
5936.7232451587215 0.00415585612443438
5937.712790545266 0.0041663024056178555
5938.702500875978 0.0042575347422876405
5939.692376160852 0.004222468445648106
5940.682416439875 0.004040502141007276
5941.672621733047 0.003994641346512864
5942.6629920803525 0.0040859443817088175
5943.653527491793 0.004118387850873022
5944.644228007354 0.004147521607037373
5945.635093657032 0.004241092477250478
5946.626124460816 0.0042582789475963025
5947.617320448703 0.004154789856839797
5948.608681650683 0.004036900517525955
5949.600208086751 0.0040867556035975435
5950.591899786899 0.004198568928005552
5951.583756791117 0.004159471906473858
5952.575779109401 0.004019356782998877
5953.567966771745 0.0040120294459417664
5954.560319818136 0.00407235951797027
5955.55283826857 0.004039861719495956
5956.545522153041 0.003984414161982769
5957.53837149154 0.003965353518748978
5958.531386324058 0.004014077251796385
5959.524566660593 0.004101122951735072
5960.517912551131 0.004192312739200421
5961.511424005671 0.004255634123723673
5962.505101054202 0.004224296480025253
5963.498943736716 0.004157210905407739
5964.492952063209 0.004113949148581285
5965.487126073671 0.004056856937360129
5966.481465798093 0.004129078266864795
5967.475971246474 0.004230370231407923
5968.470642458804 0.004241115135730033
5969.46547947507 0.004243294655453926
5970.4604822952715 0.004274528962217663
5971.455650969399 0.004248159963120146
5972.4509855074475 0.00423136538652104
5973.446485959403 0.0042348605192749165
5974.442152335264 0.00419724278084573
5975.437984665023 0.004130924511827567
5976.433982978671 0.004120543350666207
5977.4301473062005 0.004112184131152135
5978.4264776776035 0.004029482315848965
5979.422974112875 0.0041044079756980415
5980.419636642006 0.004172556673871915
5981.41646529499 0.004134565154879712
5982.413460091821 0.00406064098262958
5983.410621072488 0.003919981476430536
5984.407948266984 0.0038442547033723084
5985.405441685305 0.004103262649098455
5986.403101367441 0.004256190411630373
5987.400927333388 0.0042100277247283996
5988.398919623134 0.0041779555698368545
5989.397078246678 0.004184491930461073
5990.395403254004 0.0040755302361377525
5991.393894655111 0.0039504068830796095
5992.392552489989 0.004087547452791347
5993.391376768633 0.004210432636661982
5994.390367541033 0.004221997840980721
5995.389524817183 0.004148918232373495
5996.388848637074 0.004041163231749024
5997.388339020703 0.004034833740239982
5998.387995998058 0.004082978051727589
5999.387819589137 0.004103535643975557
6000.387809843924 0.004189470080552386
6001.387966762421 0.004192573480794456
6002.388290394613 0.004048539768211901
6003.388780760495 0.004069261698707056
6004.389437890061 0.00414552123511502
6005.390261793308 0.004103643870982714
6006.391252530219 0.004096720556718882
6007.392410100793 0.004005287800807422
6008.393734545022 0.003942005801213459
6009.395225892897 0.004093258854708666
6010.39688416441 0.004275911980929982
6011.3987093895585 0.004253898378195021
6012.40070159833 0.004101052317294867
6013.402860820717 0.004052118715489046
6014.405187076716 0.004136780158930325
6015.407680406316 0.0041091149731827935
6016.410340829511 0.003966033219052959
6017.413168376294 0.003950029153476777
6018.4161630666595 0.004026519331420994
6019.419324940596 0.004111675060644718
6020.422654018097 0.004173689318737387
6021.426150329158 0.0041842163606959325
6022.429813903769 0.004184283491842884
6023.433644761926 0.004113374574598413
6024.437642943616 0.004115197427775855
6025.441808468836 0.004211310701517716
6026.446141367575 0.004227649490596035
6027.4506416698305 0.004235779645704341
6028.45530940559 0.004300321722807215
6029.460144584851 0.004338628477816194
6030.4651472576015 0.004277495350810202
6031.470317443837 0.004214329352234211
6032.475655163552 0.004309396830464795
6033.481160456734 0.004373063165932314
6034.486833353375 0.0043687875322265275
6035.492673863475 0.004383670653028805
6036.498682027021 0.004375345480508764
6037.504857874007 0.004377630526885376
6038.511201434424 0.0043701642734182335
6039.517712728267 0.004296265432234676
6040.524391785526 0.00430868812659264
6041.531238626199 0.004301765718983457
6042.53825330027 0.004312906433440247
6043.545435817739 0.004378028728563851
6044.552786208596 0.004401357481545034
6045.560304502834 0.004379242840774874
6046.567990730445 0.004368654396627982
6047.57584492142 0.004368836634412089
6048.583867095755 0.004352921410361182
6049.592057293438 0.004393484889713824
6050.600415524467 0.004439007086571673
6051.60894183883 0.004410559840059503
6052.617636246524 0.004375945449259034
6053.626498787536 0.0043468369403482894
6054.635529471865 0.004350997441384987
6055.644728349499 0.004285354812263886
6056.654095440432 0.004183739461119814
6057.663630774654 0.0041111563528774585
6058.673334372161 0.004174960477377893
6059.683206262946 0.004326924883744956
6060.693246486999 0.0043307971030056335
6061.703455054314 0.0043048599599019985
6062.713832014881 0.004133709410169971
6063.724377368698 0.00413129771366346
6064.735091165752 0.004106178651867057
6065.745973426038 0.004147521330781588
6066.757024189546 0.004381354809117592
6067.768243456276 0.00449215980256724
6068.779631286212 0.004531113293112333
6069.791187689351 0.00451865218463304
6070.802912695685 0.004530465492476994
6071.814806335207 0.004552958660811644
6072.826868637906 0.004575620386664707
6073.83909962378 0.004600732604807341
6074.851499332817 0.004576590573346188
6075.864067785013 0.00450000064983367
6076.876805020354 0.004446073411907175
6077.8897110488415 0.0043842158877060574
6078.902785910463 0.004357747782807378
6079.916029625214 0.004423921667690224
6080.92944223308 0.0042817282986065
6081.943023754062 0.004090304843584347
6082.956774218147 0.0041497588809072655
6083.970693645333 0.004314449327679761
6084.984782075608 0.004302441848811119
6085.999039538963 0.00428533473511221
6087.013466055394 0.004318791474675203
6088.028061654893 0.004397694661209065
6089.042826357454 0.004354852288924075
6090.057760213065 0.004164436137620686
6091.072863231722 0.004182169918829372
6092.088135443419 0.004246249049731156
6093.103576888142 0.0041728490101124215
6094.119187575891 0.004326721435809548
6095.1349675466545 0.004485380715090804
6096.150916830425 0.004357209780845561
6097.167035447197 0.004156226724856882
6098.183323436959 0.004214278084585482
6099.19978080971 0.0043526051899534825
6100.216407615437 0.0044016240189144315
6101.233203864134 0.0043106941077495015
6102.250169595794 0.003990243273522865
6103.2673048304105 0.003981073995442517
6104.284609607973 0.004199032267552219
6105.302083938477 0.004219932251250017
6106.319727861914 0.004176279954185302
6107.3375414082775 0.004102226681067789
6108.355524607555 0.004181067022992524
6109.373677479745 0.004334546503050641
6110.392000054838 0.0042961602117603526
6111.4104923628265 0.004182340501552232
6112.429154433701 0.004269668787408181
6113.44798628746 0.004375543187188703
6114.466987964089 0.004447913080452765
6115.486159493581 0.004428417861535292
6116.505500885935 0.004352722771903692
6117.525012191137 0.004408047208488646
6118.544693419181 0.004409302753911813
6119.564544610063 0.0042039252234162385
6120.584565793769 0.004045279409687954
6121.6047569802995 0.003908509576440183
6122.62511821964 0.004021225593061677
6123.645649531787 0.004370321969666503
6124.666350946729 0.004377516799857198
6125.687222494462 0.004258397804873601
6126.708264194978 0.004171366169446439
6127.72947607827 0.004005803902935973
6128.750858184327 0.00395415165619881
6129.7724105231455 0.004188452432940435
6130.7941331447155 0.00444140585037169
6131.816026059032 0.004506201826614032
6132.838089296088 0.004459637993142548
6133.860322895869 0.004237681150696848
6134.882726888373 0.003966887548104463
6135.905301283594 0.0037920828380966073
6136.92804612152 0.0035840298730873926
6137.950961432148 0.003796667221215697
6138.974047245464 0.004247650645789625
6139.99730357147 0.004351729339665007
6141.020730470149 0.004200241812486222
6142.0443279415 0.0041500115672669265
6143.068096025512 0.004291516694015036
6144.092034752179 0.004390677591816543
6145.116144151491 0.004275789202650997
6146.140424243443 0.004184535394308905
6147.164875068026 0.004252774900755094
6148.1894966352365 0.004219336817405809
6149.214288995059 0.004051224623613927
6150.239252167492 0.004009192910222048
6151.264386172528 0.00413507731757898
6152.289691050158 0.00424710538016222
6153.315166820373 0.004311487890543587
6154.340813523166 0.004226708562253938
6155.366631178532 0.004148986916490104
6156.392619806462 0.004058089053669624
6157.418779456945 0.003937188132819432
6158.445110139979 0.0038737871841620078
6159.471611895553 0.0038800313220470057
6160.498284743661 0.0037213074768786556
6161.5251287142955 0.003469932082260055
6162.552143837449 0.0034640187330161856
6163.57933015311 0.003589428464364841
6164.606687671277 0.0037235447310236852
6165.634216431936 0.003717673199079061
6166.661916455086 0.0037834439505461614
6167.689787780714 0.003900017087975222
6168.717830418818 0.0037081190397802496
6169.746044419385 0.0035469123177493604
6170.77442980241 0.003729601533658695
6171.802986597883 0.003933614568530378
6172.831714825802 0.0038496383103408826
6173.860614526153 0.0037905628960401283
6174.889685718933 0.003814448139111296
6175.918928434132 0.0038458429544007858
6176.948342701745 0.0038327520773058397
6177.977928561758 0.00391877112690922
6179.00768602417 0.003990571422022587
6180.037615128971 0.0039391861676655
6181.067715896154 0.003983744466253394
6182.09798836571 0.004014659766546872
6183.128432557634 0.003963332301722573
6184.159048501916 0.0039294112087782836
6185.18983622855 0.0038670527140210464
6186.220795757529 0.003711715278172058
6187.251927138842 0.003670442198936387
6188.2832303824825 0.0036755783922543398
6189.314705528444 0.003626201248624932
6190.346352586723 0.0035396339018307133
6191.378171607303 0.003365706262643711
6192.410162610182 0.0034710104452650077
6193.442325625351 0.0036412184300741567
6194.474660682803 0.003778035041645385
6195.50716780253 0.0038603112214998622
6196.539847024525 0.003869054314896165
6197.572698368779 0.00382477149150371
6198.605721875285 0.0037069148822808057
6199.638917554037 0.0036000366605690847
6200.672285455024 0.0036863467415885376
6201.705825588244 0.003872346268720991
6202.7395379936825 0.003959985094721264
6203.773422701335 0.003953900428658596
6204.807479731196 0.003896088760136333
6205.841709123254 0.0038744470670704877
6206.876110887505 0.0038381532729703936
6207.910685073939 0.0038530051616689513
6208.945431702548 0.0038924520191688
6209.980350793328 0.0038407914059728166
6211.015442396266 0.0037811525133342773
6212.050706521356 0.0037323578898458853
6213.086143198593 0.003489097069642955
6214.121752467969 0.003287506847336521
6215.157534349472 0.0032747583285567474
6216.1934888731 0.003408279808436113
6217.229616068843 0.0035879914758275883
6218.26591596669 0.0036210255115382978
6219.3023885866405 0.003512268969012648
6220.339033978679 0.003465318165765071
6221.375852142806 0.003482790722433503
6222.4128431390045 0.0034947297435649503
6223.450006967277 0.0034091769017321923
6224.487343677606 0.0033537015461464863
6225.524853279992 0.003473075574763872
6226.5625358244215 0.0035689586791746116
6227.6003913208915 0.0036459339008770263
6228.638419809391 0.0036053201473429837
6229.676621309915 0.0034243257324084635
6230.714995862452 0.0032638424176808594
6231.753543486999 0.003359238456899621
6232.792264223543 0.003449555150165953
6233.831158082081 0.00360399124987919
6234.870225112602 0.00377191835119022
6235.909465325102 0.0037931365972616563
6236.948878769568 0.003716347709589774
6237.988465446 0.0035691981889653924
6239.028225414382 0.0033493890986682757
6240.068158684712 0.0032681731079851517
6241.108265286981 0.003511441403160391
6242.148545251181 0.0034999846502829675
6243.188998607305 0.0033199113362919327
6244.229625395341 0.0034269672350190797
6245.270425625287 0.003469389550156603
6246.311399337133 0.003497467774143789
6247.352546560871 0.003625048980146753
6248.393867316494 0.0037112789409540874
6249.435361643994 0.0037082874260720823
6250.477029563363 0.0036844915662084276
6251.518871104595 0.0035450779248155134
6252.560886307678 0.0034597095611512488
6253.60307518261 0.0035155931051189544
6254.64543777938 0.003585082483179494
6255.687974107981 0.003596866686047197
6256.730684208404 0.0034062981335387494
6257.773568100644 0.003211732259722065
6258.816625824693 0.003272500483940849
6259.859857410539 0.0035857932994336986
6260.90326286818 0.0035855481656465434
6261.946842247605 0.0035614708997676703
6262.9905955688055 0.0037246351255436055
6264.034522871772 0.0037581254435955828
6265.078624156507 0.0035616406881549844
6266.1228994829935 0.003578375999006282
6267.167348871225 0.0036857706191140735
6268.211972341195 0.003612873891953922
6269.256769922898 0.0036187596669281057
6270.301741666319 0.003715690775352697
6271.346887571459 0.0037711700027263143
6272.392207678308 0.0038026164988505125
6273.437702026852 0.0037452840777412195
6274.483370637091 0.0036886474101109727
6275.529213539012 0.0036898972992514736
6276.5752307526145 0.003696463997987749
6277.621422317883 0.0037728717788155235
6278.667788264813 0.0038036575783250573
6279.714328623393 0.0036835384993427465
6280.761043413623 0.0036071878249091948
6281.807932665491 0.0036649532799155208
6282.854996418986 0.0037473529718960665
6283.9022346941065 0.003863365660997901
6284.94964752084 0.0038147443404667023
6285.997234929182 0.0038400526473407757
6287.044996949123 0.003928710498603078
6288.092933600656 0.004017013016156518
6289.14104493377 0.004051427116545894
6290.189330958463 0.003936305424059108
6291.237791714723 0.003846747183412263
6292.286427222545 0.0037802039729878125
6293.3352375219165 0.0037301724943241453
6294.384222632837 0.0037964692511766114
6295.433382585292 0.0036696108458912123
6296.48271740928 0.003500040006508977
6297.532227144785 0.003547171569951755
6298.581911801808 0.0037228824393923114
6299.631771420337 0.003821621267125684
6300.681806030363 0.0037659450851208723
6301.732015661881 0.0037164546730358307
6302.782400344879 0.003731003280205809
6303.832960099355 0.0036774734295980695
6304.883694955299 0.003554033203473073
6305.934604952702 0.0035731490576778584
6306.985690121555 0.003863757979015273
6308.036950471856 0.003990025578082387
6309.0883860535905 0.003958851552134749
6310.139996886754 0.003865425612462894
6311.191782991341 0.0037810942696841427
6312.243744417339 0.0037718341848105384
6313.29588118474 0.0038671037805110314
6314.348193313543 0.0038028127309968416
6315.400680843734 0.0037047896143702205
6316.453343805307 0.0037693008522552422
6317.506182218254 0.003653626098540817
6318.559196122566 0.0036188181775989527
6319.612385538239 0.003754122476157196
6320.665750495265 0.0037777063726705685
6321.719291033631 0.0037851799668762445
6322.773007173332 0.003837913336816492
6323.82689894436 0.003935275323736076
6324.88096637671 0.0038967784779077716
6325.9352095003715 0.003914869954802384
6326.989628345335 0.0038759260301216556
6328.044222941598 0.003946118840830996
6329.098993309148 0.00402977409416335
6330.153939497976 0.0039444833272692815
6331.209061508082 0.003953315308058513
6332.264359399449 0.004005141333234879
6333.319833182075 0.00403300331605863
6334.375482885952 0.003874226670798448
6335.4313085510685 0.003640763023624387
6336.487310197421 0.003692405107306573
6337.543487854999 0.0038897254177438093
6338.599841553796 0.003895626236604541
6339.656371323803 0.003916744230200795
6340.713077205011 0.00399374415387814
6341.769959207417 0.003941384708988823
6342.827017371009 0.0038468093223484137
6343.884251735778 0.0037262609114285692
6344.941662301722 0.003785595584501549
6345.999249128828 0.003927163401934549
6347.05701222709 0.003939013598306129
6348.1149516364985 0.003992948970039013
6349.173067377049 0.003990900219848131
6350.231359488731 0.003967708988133551
6351.289827991539 0.004009549731223004
6352.348472925462 0.0039976974746844356
6353.407294310493 0.003851721064404768
6354.4662921766285 0.003756775479266638
6355.525466553855 0.003817332792476702
6356.584817482166 0.0038738846960475627
6357.644344971557 0.0037386609170902895
6358.7040490620175 0.003585817128398156
6359.763929793538 0.003583744783843873
6360.823987176114 0.0035883511511496935
6361.8842212497375 0.003549472349482014
6362.944632044397 0.0035794707751254525
6364.005219590087 0.0036298227057972345
6365.065983906802 0.0036682958611786156
6366.126925034529 0.003747099338230093
6367.188042993265 0.003890313939569126
6368.249337823 0.003959420168447355
6369.310809553725 0.003892584134968659
6370.372458205436 0.0038289866974734006
6371.434283808122 0.003825242503924671
6372.4962864017725 0.003931380759047552
6373.558466006386 0.0040164232897110606
6374.62082265195 0.003998458001376558
6375.6833563684595 0.0040461427923582215
6376.746067185908 0.004094555445504114
6377.808955144279 0.003966574491528387
6378.872020253575 0.003824870125274312
6379.935262563781 0.003893802901233579
6380.998682084895 0.003917126070015238
6382.0622788669025 0.003959990231005892
6383.1260529198025 0.003960478440391414
6384.190004283581 0.0038699044464089835
6385.254132978236 0.0038574432731965248
6386.318439053754 0.003949720485218051
6387.3829225201325 0.003995039487716336
6388.447583417357 0.003994083798045001
6389.512421765427 0.003997510538878945
6390.577437604329 0.003977744936712141
6391.642630964056 0.003932217124647558
6392.708001854605 0.003720365132916992
6393.773550335961 0.0036685423874493516
6394.839276408123 0.003867130118250984
6395.905180131076 0.003988083113479048
6396.971261504817 0.0040488668515413296
6398.037520579337 0.0040404980296506006
6399.10395736463 0.0038363908035127154
6400.170571910685 0.003626144033690109
6401.237364247494 0.0038407454252408443
6402.304334385052 0.0040046621942332414
6403.371482373346 0.004076461647498792
6404.438808222376 0.004118420604599306
6405.506311982126 0.004100395075577417
6406.573993662595 0.004011861679845784
6407.641853313769 0.0038352161396029124
6408.709890945646 0.0038933926937937077
6409.778106598214 0.004012543147580513
6410.846500311465 0.0038954073452516845
6411.915072095391 0.003754896572764475
6412.98382197999 0.0037160718175143635
6414.052750015246 0.003782971999612161
6415.121856211156 0.003892267255136214
6416.191140607711 0.003916112921570489
6417.2606032349 0.0038086831358093423
6418.330244112721 0.0037427360643563852
6419.40006328116 0.0037119370765886306
6420.470060770213 0.003677420391939695
6421.5402365998725 0.003712846864313874
6422.610590800129 0.003906548906484871
6423.681123420971 0.003911045656739957
6424.7518344623995 0.003796744280384538
6425.822723974399 0.003862655333196213
6426.893791986963 0.004012825159889722
6427.965038520085 0.004025394882084932
6429.036463603759 0.0038601167265778433
6430.108067277972 0.0035640713770610545
6431.179849562719 0.0035022787967230917
6432.251810487995 0.003736017476865944
6433.323950093784 0.003876521541797786
6434.396268400085 0.003870683724990707
6435.46876543689 0.0038794087465740482
6436.541441244186 0.003969408236183303
6437.614295831971 0.0038853584036532174
6438.687329250233 0.0037081092886107514
6439.760541518965 0.003819107838461496
6440.833932678158 0.004030703923234111
6441.907502737807 0.0040852132766816315
6442.981251747901 0.00404623100492626
6444.055179718436 0.00400178469988844
6445.1292866994 0.003977181839415462
6446.203572710786 0.004022220754258507
6447.278037782588 0.0040159482103437226
6448.352681944795 0.0038597943024181952
6449.427505227402 0.0035688203414394764
6450.5025076604 0.0034393898787278086
6451.577689273781 0.00361676449906549
6452.653050097535 0.0038238815519011384
6453.728590161658 0.003956691708486465
6454.8043094961395 0.0037987195494030485
6455.880208130971 0.0036269542159380543
6456.956286086149 0.0037791943567982954
6458.0325434116585 0.003983974870434982
6459.108980127496 0.004001246333932168
6460.185596263651 0.003961512644962123
6461.2623918401205 0.003775461361226494
6462.33936690689 0.0034946833400922514
6463.416521473958 0.0036313306274847364
6464.493855591309 0.00393352990647649
6465.571369268943 0.00400642982219749
6466.649062546847 0.0039476134149555595
6467.7269354550135 0.003996274493172784
6468.804988023436 0.003979339241702523
6469.883220282105 0.003919757861320472
6470.9616322510155 0.003881295781852129
6472.040223980154 0.0039359405405887836
6473.118995479519 0.004091541362040865
6474.1979467891 0.004091471098132765
6475.277077938887 0.004013772263688945
6476.356388958872 0.004065015306697321
6477.43587987905 0.004061788404064553
6478.515550719411 0.003968063947851576
6479.595401529947 0.003973400206274518
6480.675432320651 0.0039252397339438385
6481.755643131516 0.0037260097254013026
6482.83603399253 0.0036651586540870514
6483.916604933688 0.003752871576146763
6484.997355974984 0.003847924144258444
6486.078287166405 0.003901070520240838
6487.159398517948 0.003941361777327307
6488.2406900696 0.003942130998057898
6489.322161851357 0.003823407949203061
6490.403813893209 0.003707441270738231
6491.485646225146 0.003736952904308684
6492.567658877164 0.0037173700110189134
6493.649851879253 0.003461606274397809
6494.732225251408 0.0033016300052850682
6495.814779033619 0.003399964268837975
6496.8975132658725 0.0034585554879068823
6497.980427958169 0.003532358879468343
6499.063523150495 0.003542396342051798
6500.146798872847 0.0036868338184306436
6501.230255155211 0.003814314566832581
6502.313892027584 0.0038637707125442817
6503.397709519957 0.003858245726487645
6504.48170766232 0.003879734010782784
6505.565886484667 0.003959772773704493
6506.650246016989 0.003965062887628733
6507.734786289277 0.003855504507020394
6508.819507341522 0.003778833379564482
6509.904409183721 0.003880713256165066
6510.989491855864 0.004005029979869895
6512.074755387943 0.003991331102000319
6513.160199809947 0.003972241614150098
6514.245825161868 0.0039649554593092625
6515.331631453703 0.00390628191160816
6516.41761873544 0.0038699651261306527
6517.503787027071 0.0038280539162098767
6518.59013635859 0.0037759728817150892
6519.676666759987 0.003877816586974346
6520.763378271254 0.004013207745829339
6521.850270902386 0.004044812331181087
6522.93734470337 0.004016167873534166
6524.024599694203 0.004038886372237138
6525.112035914871 0.004032537995253464
6526.199653385373 0.0038768507122514608
6527.287452135694 0.0037943656852493174
6528.375432195833 0.003952929124251791
6529.463593605777 0.004016474965963867
6530.551936395517 0.00398394847912668
6531.64046057505 0.0038822382144457455
6532.729166204362 0.00385785184148019
6533.818053283451 0.0039472017540708665
6534.907121872304 0.004060193654107944
6535.996371970918 0.004082715208387355
6537.085803639277 0.003971958822089155
6538.175416877382 0.00391741818971177
6539.265211745218 0.004043164077949639
6540.355188252781 0.004091794939530438
6541.445346440059 0.004025800890045326
6542.53568632705 0.0039786524706285015
6543.626207963738 0.003932782517758222
6544.716911360123 0.004001793828517694
6545.807796546194 0.0040520770718466105
6546.898863571941 0.004197661197255799
6547.990112447358 0.00439063855038424
6549.081543222431 0.004416159260666783
6550.173155907161 0.004157047858462916
6551.264950541537 0.0038579259997489415
6552.356927155548 0.0037902732096523613
6553.449085779187 0.0037274678263954776
6554.541426452446 0.003584224596204473
6555.633949185319 0.0035364752925078425
6556.726654017797 0.003711322968318203
6557.819540989868 0.004224382019027284
6558.91261012153 0.00545729171910503
6560.005861442771 0.00768464641767407
6561.0992949835845 0.010575332237746935
6562.19291078396 0.012657551298586957
6563.286708863893 0.012845114613695271
6564.380689253375 0.011228996194608288
6565.474851992393 0.008502191884450633
6566.569197100945 0.00608599905072351
6567.663724619019 0.004667626434457335
6568.758434566609 0.0039213828173150994
6569.853326983706 0.0037231330618976858
6570.9484019003 0.003793998598750705
6572.0436593363875 0.003716264032650624
6573.1390993319565 0.003599619829782884
6574.2347219070025 0.0035900988094988806
6575.330527111512 0.003673813546449834
6576.426514955481 0.003817923945938311
6577.5226854789025 0.00391530266344116
6578.61903872176 0.0040084261643881566
6579.715574694057 0.004202684970142953
6580.812293435778 0.004492681266474259
6581.909194976917 0.005064575548552697
6583.006279357465 0.005648202445183779
6584.1035465874165 0.005694852172643484
6585.20099671676 0.0052428230116003845
6586.298629765489 0.0046734418488095664
6587.396445763596 0.004343453671425551
6588.494444751071 0.004156784127389965
6589.592626747907 0.004039362534425831
6590.690991794095 0.003944417929508123
6591.789539909629 0.0037231358338988703
6592.888271134497 0.003490727480845544
6593.987185498693 0.003570367805319455
6595.08628302221 0.0037669734637404014
6596.185563745041 0.003824390363322971
6597.285027687176 0.0038420386433508182
6598.384674898604 0.0037919089238649195
6599.484505389322 0.0038354550964100516
6600.5845191993185 0.003988121325428902
6601.684716368585 0.00401966913301222
6602.785096907118 0.003967734810306463
6603.8856608649 0.0038721427510145737
6604.986408261932 0.0037469157445440535
6606.087339128204 0.0037020596250865547
6607.188453493707 0.003720123158902737
6608.289751398429 0.003657847877212175
6609.391232862368 0.0036150823544139066
6610.492897925511 0.0038011050019526567
6611.594746607852 0.00396211840044447
6612.696778949384 0.0039060934098809645
6613.798994970097 0.0037958339323467937
6614.901394709983 0.00391218161723922
6616.0039781990345 0.003979778155031229
6617.106745467242 0.00392421971279737
6618.209696544598 0.003873610601794218
6619.312831461095 0.003895520484892911
6620.416150236728 0.003966327176710825
6621.51965292148 0.003957757261078594
6622.623339545348 0.003891339196564493
6623.727210118327 0.003793142115745748
6624.831264690403 0.00365968142818072
6625.935503281573 0.00375284385518956
6627.039925921827 0.00384135370065967
6628.144532651156 0.0038312272940977583
6629.249323499548 0.0038047828060129288
6630.354298487003 0.003811679385978173
6631.4594576635045 0.0037622270993109977
6632.5648010290515 0.0036340376469222403
6633.670328643633 0.0035941852949707364
6634.776040527238 0.003702786294973563
6635.881936709861 0.00380298956727707
6636.9880172214935 0.003851097663773554
6638.094282092129 0.003877253656828673
6639.200731351757 0.0038025703488203015
6640.307365030372 0.0037915695965877907
6641.414183167963 0.003882354353705546
6642.521185794519 0.0038148065420950845
6643.628372930038 0.0036792711670241857
6644.735744604511 0.0037258786452514193
6645.843300857925 0.0038084224926731454
6646.9510417202755 0.0038459389599330256
6648.058967221555 0.003809267681025642
6649.167077391751 0.003800156263133714
6650.275372260859 0.003679063914837122
6651.38385185887 0.003516027664562602
6652.492516215775 0.003502917455467712
6653.601365361569 0.003558752647576459
6654.710399336238 0.0036082718733810937
6655.819618159778 0.003597322999142365
6656.929021872179 0.003542297315238718
6658.038610493435 0.003562884256916297
6659.148384053538 0.003586892301027915
6660.258342602476 0.003590028286943657
6661.3684861502425 0.0035880109989376127
6662.478814736832 0.0035053357845807216
6663.589328402229 0.003432996303040073
6664.700027156434 0.0035000579845832678
6665.810911049432 0.003413136509774602
6666.9219800912215 0.0033495744634857386
6668.033234331788 0.0034736000989463857
6669.144673801125 0.003610953046847213
6670.256298519225 0.0036625629833907385
6671.368108516082 0.0036522223887680517
6672.480103841683 0.0036730235169636903
6673.592284506023 0.003710295729112872
6674.7046505490935 0.003720475668981461
6675.817202000885 0.003677860315160147
6676.92993889139 0.0034549214832168035
6678.042861250601 0.0032044094054556795
6679.155969108509 0.0033285807387596895
6680.269262505105 0.003438298144027483
6681.382741460381 0.00336665143876627
6682.49640601433 0.0033846568858221034
6683.610256186943 0.0034711860837463456
6684.72429201821 0.003493801400449985
6685.838513538124 0.003474111907428215
6686.952920766682 0.0034140834582248934
6688.0675137538665 0.003365146804826182
6689.182292519674 0.0034370931590652467
6690.2972570940965 0.00352446332226177
6691.412407507124 0.0035433678593055017
6692.52774379875 0.0034965564972550336
6693.643265988964 0.0034980852182442315
6694.758974107763 0.003493527817299061
6695.874868205131 0.003439797143504356
6696.990948291067 0.003420528897701005
6698.107214405557 0.0034298461229052258
6699.223666578596 0.003505043896263999
6700.340304840175 0.0035759210793158305
6701.4571292302835 0.003580113122337418
6702.574139758917 0.0035535453560878926
6703.691336476067 0.003483102269850283
6704.8087194117215 0.003463971638009621
6705.926288585874 0.003505910392849616
6707.044044038518 0.0034328142029545023
6708.161985789644 0.003362088774228541
6709.280113889241 0.0034497913793463436
6710.398428347307 0.0034537382410326166
6711.516929213828 0.0034370551220369774
6712.635616508796 0.0034547548581550587
6713.754490272206 0.003576868739937487
6714.8735505140485 0.003700050460268867
6715.992797294314 0.003796206331280888
6717.1122306229945 0.003751483956973216
6718.231850540082 0.0036335258435829035
6719.351657075567 0.0035446106087073676
6720.471650249448 0.0034354355860723744
6721.591830111707 0.003344102550167033
6722.7121966823415 0.003314262865667329
6723.832750001337 0.003308490572122622
6724.953490088695 0.0032711395531877753
6726.074416984398 0.0032771203040649656
6727.1955307084445 0.0034010166129279985
6728.316831300822 0.003564577461239885
6729.438318791525 0.0037175933368629385
6730.559993210542 0.003829540983685806
6731.681854587867 0.0038359910152170554
6732.80390296349 0.003718445432554589
6733.926138347408 0.003566572278066199
6735.048560799601 0.0034482230112409997
6736.171170330073 0.0033881805468690632
6737.293966978808 0.0033463406151816714
6738.416950765803 0.003291214527329685
6739.540121741046 0.0032502377454402954
6740.663479924529 0.0033305798460138637
6741.787025346245 0.003352825589835308
6742.910758036185 0.003289857110237912
6744.03467803434 0.0033271412269838345
6745.158785360705 0.003365193404183949
6746.2830800552665 0.003297682466997711
6747.40756214802 0.003224638774309141
6748.532231668954 0.0031944234838735316
6749.657088648062 0.003225004237843203
6750.782133115337 0.003277890376989107
6751.907365110768 0.003207884945109174
6753.032784654348 0.0030963321253428223
6754.158391786069 0.0032283548383887587
6755.284186525922 0.0033564372170346505
6756.410168913901 0.0033786545400649446
6757.536338989991 0.0033951044233400474
6758.662696764191 0.0034176873428428864
6759.789242276491 0.0034338720599525136
6760.91597556688 0.0034106213435357914
6762.04289666535 0.0033656159380244357
6763.1700055918955 0.0033655858067388163
6764.297302386504 0.00337528352417682
6765.4247870791705 0.0033348211168315123
6766.5524596898895 0.0032682876703778066
6767.680320268644 0.003294272246697185
6768.808368845429 0.0033744415837463704
6769.936605430242 0.0033592339220505133
6771.065030083066 0.0033284150956075964
6772.193642813898 0.0034161514490193036
6773.322443652732 0.0034967078563381657
6774.451432649552 0.0035083933957837338
6775.580609824354 0.003512022962205501
6776.70997520713 0.0035051658619164668
6777.83952883787 0.0034853596797359463
6778.969270736566 0.003549864334190862
6780.09920094321 0.0035712635257963226
6781.229319477796 0.003453841768150947
6782.35962639031 0.003299043027964813
6783.490121690751 0.0032086963465905714
6784.620805429104 0.0031280649816624257
6785.751677625362 0.003097189366844981
6786.882738319519 0.0031810020097056465
6788.013987531564 0.003286328539217622
6789.145425301493 0.003289284929073849
6790.277051659293 0.0032565345128559003
6791.408866634957 0.0032815390539709726
6792.5408702684745 0.003265892964014034
6793.673062569844 0.0031945340590350552
6794.805443599047 0.003234221312401763
6795.9380133660825 0.0032912436085048556
6797.070771900943 0.003365439853951518
6798.203719253613 0.003374110932461116
6799.336855444089 0.0033951119163434834
6800.470180502363 0.003405235243885916
6801.6036944584275 0.0033675208009154196
6802.737397352269 0.0033596833288130727
6803.871289213882 0.003329160513908563
6805.005370073258 0.0033694901510745823
6806.139639950391 0.0033670310194218976
6807.274098895268 0.0033370876034613983
6808.408746927884 0.003409844383407394
6809.543584088229 0.0033982932687903677
6810.678610396295 0.0034086532887773716
6811.8138258920735 0.003424931817924802
6812.949230605556 0.003380792087274162
6814.084824556738 0.003337581040003034
6815.220607805602 0.0032655390032835323
6816.356580352148 0.003346104648843194
6817.492742246365 0.0034273066551458106
6818.629093518241 0.0034290851254357613
6819.765634197771 0.00338900562093938
6820.902364304949 0.003394646919206644
6822.0392838897615 0.003432105683107082
6823.176392972204 0.00348307533773221
6824.313691592263 0.003508220505909805
6825.451179769938 0.003523868946635808
6826.58885755521 0.003507425532369982
6827.726724958081 0.0034096953714214382
6828.864782018537 0.003357249295133806
6830.00302877657 0.0033878681115932846
6831.141465252172 0.0034297208193978606
6832.280091475336 0.003389580501843987
6833.41890749605 0.003389389439163833
6834.55791332431 0.003487369392687845
6835.697109010103 0.003542481433874425
6836.836494573425 0.0035235911851729668
6837.976070044265 0.0034999722631446246
6839.115835462614 0.003447741854652923
6840.255790848467 0.0033487584516386777
6841.395936251808 0.003281375325670162
6842.5362716926375 0.003360955380467311
6843.676797200941 0.0034860814748074913
6844.817512806714 0.003565392771399331
6845.958418549945 0.0035451008493301694
6847.099514460628 0.00350941325605372
6848.240800568751 0.0035293551950813357
6849.382276904308 0.0034569336751748897
6850.523943497292 0.003393131481159247
6851.665800387692 0.0033757985252426113
6852.807847605496 0.0034035973723070684
6853.950085170705 0.003388878685572149
6855.092513123304 0.0033019976111516567
6856.235131503284 0.003341418989429474
6857.37794033064 0.0033786104260395754
6858.520939635362 0.003390954037334531
6859.66412945744 0.003406094177529306
6860.807509826868 0.0033284651322442647
6861.951080773636 0.0033324537381170215
6863.094842327736 0.0034871613312711745
6864.238794529158 0.0035665649488733336
6865.382937397896 0.0035723616989568165
6866.527270973939 0.0035820804106788174
6867.671795287283 0.003575518343136621
6868.816510367915 0.0035677048713997333
6869.961416245827 0.003587664809322473
6871.1065129610115 0.0035345903652270233
6872.251800533461 0.003462839260078743
6873.397279013163 0.0034952550223343055
6874.542948410113 0.0034985231132956297
6875.688808774302 0.003507810047021585
6876.83486012572 0.0035721550149600515
6877.981102494361 0.0036130244847046426
6879.1275359302135 0.0036175987663646316
6880.27416044327 0.0035704335290277956
6881.420976083522 0.0034549845829924095
6882.567982870962 0.0034179448445568463
6883.71518083558 0.003486545751178377
6884.862570017369 0.0035964149562526565
6886.010150446319 0.0036436592874867996
6887.157922152422 0.0036552264880868636
6888.30588516567 0.003630576987932795
6889.454039526054 0.003644623368758733
6890.602385253566 0.003656758617416964
6891.750922388196 0.003651488725555037
6892.8996509699355 0.0036652471494238795
6894.04857100878 0.0036567775933902705
6895.197682554715 0.003668464702319166
6896.346985637734 0.003708426458282568
6897.496480277832 0.0036766431344114146
6898.646166514998 0.0036519131864404877
6899.796044389221 0.0036496413350682565
6900.946113920495 0.003665527272232102
6902.096375138813 0.003712248803549521
6903.246828084164 0.003750266348573352
6904.397472796537 0.0037128643069064982
6905.54830928593 0.003649974915370245
6906.69933760233 0.0036321008891083023
6907.850557765731 0.0036732878484892683
6909.001969816121 0.0037707830213147436
6910.153573783493 0.003743920973560819
6911.30536969784 0.0036826051582211396
6912.457357599148 0.003675420077451726
6913.609537507417 0.003618789686145593
6914.7619094626325 0.003625867851117865
6915.914473494788 0.0036728618074361083
6917.067229633874 0.0036709524769674064
6918.220177909883 0.0037157644023868186
6919.373318362806 0.0037037621119434833
6920.526651022633 0.0036932774352429363
6921.680175919355 0.003704274698174306
6922.833893082968 0.0036928977950850144
6923.98780254346 0.003552272665555396
6925.141904340823 0.003432466109886198
6926.296198505047 0.003479202330966001
6927.4506850661255 0.0036043884705689857
6928.605364054049 0.003666147166822568
6929.76023549881 0.0036725346205573627
6930.915299440398 0.003635430383238582
6932.0705559088055 0.003557922629674709
6933.226004934025 0.0034878953308521018
6934.381646556042 0.003599618996947905
6935.537480784859 0.0036806695817703625
6936.693507680457 0.0036557577008430467
6937.849727252834 0.0036209546350977977
6939.006139551977 0.003678382557135887
6940.162744587881 0.003769276819002388
6941.319542420533 0.0037524901594180103
6942.476533059929 0.003610638579082516
6943.633716546058 0.003537937448666384
6944.791092908914 0.0035165252424598386
6945.948662188484 0.003565844681387678
6947.106424404762 0.003681803944477216
6948.26437959774 0.003721694274500467
6949.422527797408 0.0037044374755078277
6950.580869043755 0.0036502505085638025
6951.739403356778 0.003558872027137323
6952.898130776464 0.003508872328510363
6954.05705132281 0.0034873251105316107
6955.216165045801 0.003601156535670434
6956.375471965431 0.0037268101890229953
6957.534972121689 0.003752661118269873
6958.694665534571 0.003748336745597704
6959.854552254065 0.003760621028057998
6961.014632300163 0.0037773602501591894
6962.174905702856 0.003718528250946607
6963.335372502138 0.003718022398582986
6964.496032728 0.0038022831753280932
6965.656886410427 0.00374577506146241
6966.817933589418 0.003749024776601432
6967.979174284961 0.003871067712909054
6969.140608537048 0.0038606364263481293
6970.302236375671 0.0037028371896681293
6971.464057830821 0.0036873857119104443
6972.626072942488 0.003831544893808057
6973.7882817306645 0.0038463021910661176
6974.950684245341 0.003759407244196463
6976.113280496512 0.0037316723024233894
6977.2760705441615 0.0036006587335012203
6978.439054388293 0.0033776869879603554
6979.602232088884 0.0034723425834211124
6980.765603665936 0.0036666026823053213
6981.929169149436 0.0037540716602007403
6983.092928579375 0.003802616002648153
6984.256881985746 0.0038347984859081973
6985.4210293885435 0.003892478416751861
6986.585370837753 0.003903379786970542
6987.749906363365 0.0038558781054580694
6988.914635985377 0.0037072930246743415
6990.079559743777 0.0035950017513116618
6991.244677678556 0.003676822625015564
6992.409989809706 0.0038210192839105185
6993.575496177217 0.0038251621815344316
6994.7411968010865 0.003761551791863491
6995.907091731296 0.003754032848668729
6997.073180997841 0.0037137635575518854
6998.239464620716 0.003739348919745744
6999.405942629913 0.0036641146827028456
7000.572615085414 0.003650232263388579
7001.73948198722 0.003738698896315079
7002.90654338532 0.0037919950190604124
7004.073799309703 0.003646432340087188
7005.241249790361 0.0035850555183355656
7006.408894867286 0.003686223319339953
7007.576734560468 0.0037104272209270506
7008.744768909901 0.00373281156599822
7009.912997945575 0.0037244081930554876
7011.08142169748 0.0036559434144580716
7012.250040205611 0.00380406817092385
7013.418853499953 0.003901444045614736
7014.587861610504 0.0037503384310217467
7015.757064567252 0.003522830617587168
7016.926462410187 0.003557770640654102
7018.096055159305 0.0037977481412835154
7019.265842864591 0.00389381969956545
7020.435825546041 0.003906959977410173
7021.6060032436435 0.0038765222510592323
7022.776375977395 0.0037246177727614216
7023.94694379728 0.003623622887990308
7025.117706723292 0.003676543987327061
7026.288664785426 0.0037470288720961955
7027.459818033666 0.003657719799362558
7028.631166478011 0.0035920448098764285
7029.802710168447 0.0036867858432557575
7030.97444912497 0.0037679957398209017
7032.146383397566 0.003793695215557776
7033.31851299623 0.003793844615248582
7034.490837970952 0.003832752125264623
7035.663358341724 0.003901949638286669
7036.836074158534 0.0038719758190427756
7038.008985431378 0.0036396653298232163
7039.182092210246 0.0036517055900680026
7040.355394525125 0.003929075693644354
7041.528892396013 0.004073638290998622
7042.702585872896 0.00410167127592288
7043.876474975769 0.004015456593877746
7045.05055974462 0.0038666041994782586
7046.224840209442 0.003882742773605815
7047.399316400226 0.004004314888003145
7048.573988356964 0.004110125141678984
7049.748856099648 0.004056146079661286
7050.923919678265 0.003926364859417504
7052.099179102811 0.0036740283596486427
7053.274634433272 0.003332467503335711
7054.450285679646 0.003069139875797511
7055.626132881922 0.0031025246042042233
7056.8021760800875 0.003285412080932704
7057.9784152941365 0.0033030692155411904
7059.154850564061 0.00318292283342987
7060.331481919851 0.0031092095192286374
7061.508309401498 0.0031614937278246634
7062.685333028995 0.003187288527852124
7063.86255285233 0.003220544870629234
7065.039968881498 0.0031937749332892427
7066.217581166485 0.0031658047270718918
7067.395389737288 0.003144841501032177
7068.573394623893 0.0030873771645113074
7069.751595866295 0.0032074002475779937
7070.929993484483 0.00334844440812569
7072.108587518451 0.0033805761322706616
7073.2873779981865 0.0033994144786600373
7074.466364953687 0.0034165134253400387
7075.645548424936 0.0034076195535694916
7076.82492844193 0.003415539046062783
7078.004505044655 0.003471789937406924
7079.1842782531085 0.0034947138652521113
7080.3642481072775 0.003546811129107944
7081.5444146271575 0.003524567885021709
7082.7247778727315 0.0033700470073436306
7083.905337853999 0.003181122986793059
7085.086094600951 0.0031496889860312734
7086.267048163574 0.0031895368922888628
7087.448198571859 0.002919656782241568
7088.629545845803 0.0027749116565696902
7089.811090035389 0.002853105092920857
7090.992831160615 0.0029794493074604806
7092.174769251472 0.002998298436475798
7093.356904347948 0.0029319346652077463
7094.539236490034 0.0029254196640306597
7095.721765697724 0.002932210308017172
7096.904492001009 0.002949876878620886
7098.087415449877 0.002958206188679876
7099.270536064324 0.003000969184528298
7100.453853884334 0.003004928523000995
7101.637368939904 0.0029484255148414184
7102.821081261025 0.002867255396398252
7104.004990877688 0.002944942272642018
7105.1890978298825 0.003064962675141901
7106.373402157598 0.003055323564717368
7107.557903870831 0.0030593957412615755
7108.742603029567 0.003067948269130148
7109.927499643801 0.0029918358102260885
7111.112593753525 0.0028931549109814333
7112.297885398729 0.0029278295730450917
7113.483374609399 0.003032545997045936
7114.669061415535 0.003057697195101041
7115.854945857121 0.003101355802694521
7117.04102795415 0.0031423674612032966
7118.227307746617 0.003146343320415369
7119.41378526451 0.0031399472535740295
7120.60046054782 0.003163597064673426
7121.787333626539 0.0031625080266633227
7122.974404530657 0.0031394499112311265
7124.161673300166 0.003029395068632905
7125.349139955059 0.0027275118573592137
7126.536804545322 0.0026003013174172667
7127.724667080955 0.0027021800582687047
7128.912727621939 0.0027484087390286537
7130.10098618827 0.002664277004334296
7131.289442799943 0.002607815277625185
7132.47809751694 0.0026581380023259367
7133.666950349261 0.00274284945059022
7134.8560013468905 0.0027796644752652385
7136.045250529825 0.002785719687890243
7137.234697938053 0.0028258078314487697
7138.424343591568 0.0027689644636554726
7139.614187550354 0.0027431896612789162
7140.80422982441 0.002830726661414163
7141.994470453724 0.002867896960403233
7143.184909478286 0.0028690090824244493
7144.375546918091 0.002882929670337482
7145.5663828131255 0.002888383868835216
7146.757417193386 0.0028790451661622096
7147.948650098859 0.0027895813741211292
7149.140081559536 0.002789093026378844
7150.33171160541 0.0028483576032210024
7151.523540266473 0.0028964872434167795
7152.715567592712 0.002949243580593546
7153.907793594122 0.002906084965063952
7155.100218320694 0.0028730111464553023
7156.292841802415 0.002998071551472592
7157.485664059283 0.003029622201305108
7158.678685141283 0.0028787107944404167
7159.8719050784075 0.0028098219443306025
7161.065323900647 0.002894024660132935
7162.258941637998 0.0029921507021692263
7163.452758330443 0.0029555665167651573
7164.646774007981 0.002842110065982258
7165.840988700599 0.0028779248054547203
7167.035402438291 0.002993052733997444
7168.230015271042 0.0030213236081559707
7169.42482721885 0.0029713333328584756
7170.619838311703 0.0029994417943895835
7171.815048589594 0.003073381229603566
7173.010458092509 0.0031180668636872693
7174.206066840444 0.003101527213667391
7175.40187486339 0.0030678449137899323
7176.597882211337 0.0030661665734446667
7177.794088914272 0.0031362381649751563
7178.990494992194 0.0030896011216358533
7180.187100485089 0.002936186970733668
7181.383905432949 0.0029144550548650585
7182.580909865764 0.003074573891390887
7183.778113803529 0.003214761796205322
7184.975517296231 0.003199502612053344
7186.173120373862 0.0031117388020060286
7187.370923066415 0.0029518983204515634
7188.568925413877 0.002882225578338015
7189.767127436244 0.002937663429875855
7190.965529173505 0.003062251022516815
7192.16413066565 0.003070770600522472
7193.362931932673 0.003056695391515288
7194.561933024558 0.0031199663570342503
7195.761133961305 0.0031321363259729025
7196.960534772903 0.0029921955107115434
7198.160135509338 0.0029458068493207375
7199.359936190605 0.003029111903166509
7200.559936856695 0.0030442820577561715
7201.760137537597 0.0030418453113208754
7202.960538263305 0.003095006114835356
7204.161139073809 0.003150509851597786
7205.361939999099 0.003114414494395637
7206.562941069169 0.0029136225071230647
7207.764142334004 0.0028381913150171897
7208.9655438036025 0.002909944598804219
7210.167145527948 0.0030412941248891033
7211.368947527039 0.003164524359942887
7212.570949850861 0.0030969542480156235
7213.773152519407 0.003040398655566098
7214.97555556267 0.003072438023076866
7216.178159030638 0.003107230139654306
7217.380962953302 0.0032030528007298818
7218.583967350654 0.003265355929053589
7219.787172262689 0.0031842770873753857
7220.990577729391 0.0031315375235968276
7222.1941837807535 0.0031411622047020716
7223.39799044677 0.0031210918068912863
7224.601997757431 0.003211296389383272
7225.806205752725 0.003286937674642695
7227.010614472644 0.003318095201161938
7228.215223927183 0.00328699769126483
7229.420034176326 0.003268493644012274
7230.625045250066 0.003316486376648753
7231.830257158402 0.003326766116784544
7233.035669961313 0.0033132381780358435
7234.241283678798 0.0033485673976187636
7235.447098350844 0.0032996635208253845
7236.653113997447 0.0031700832391376994
7237.8593306685925 0.0032215529675266824
7239.065748394274 0.00327612770442654
7240.272367204479 0.0032434903150894193
7241.479187129206 0.003299046671003068
7242.68620820844 0.0033532261927479235
7243.893430472176 0.003253330394809507
7245.100853950402 0.0032111582205280004
7246.308478693107 0.003348880751165123
7247.516304710289 0.0034882762354199715
7248.724332051932 0.003519103398260179
7249.9325607480305 0.0034142596754005725
7251.140990828576 0.0032802669921191074
7252.349622333556 0.003232985125295621
7253.558455292963 0.0032579026026662455
7254.7674897367915 0.003317416651622706
7255.976725705029 0.0034263742079399325
7257.186163227667 0.003480699945959273
7258.395802334697 0.0033789961185806223
7259.605643066109 0.003370283635566697
7260.8156854518975 0.0033392395949269032
7262.025929532046 0.003313582795122918
7263.2363753265545 0.0034150247465379014
7264.447022885408 0.003394700407682314
7265.657872228601 0.003321455781208616
7266.868923396121 0.0033482991506023677
7268.080176427959 0.003457075350788105
7269.29163134411 0.0034667445988463474
7270.503288184563 0.0033964092203304986
7271.715146989308 0.0033353632297118056
7272.927207778336 0.0033516990874937107
7274.139470591641 0.0034182698385337605
7275.351935469209 0.003522003600321796
7276.564602441033 0.0035470428293845175
7277.777471537106 0.003452894945388254
7278.990542797416 0.0034011243503350723
7280.203816251956 0.003337912456664278
7281.417291930716 0.0032644724226765834
7282.630969873688 0.003314986224861798
7283.84485011086 0.00333493285608936
7285.058932672228 0.003351559952366582
7286.273217607779 0.0035256785825997414
7287.487704927506 0.0035031060662653406
7288.702394681399 0.0033847958923896838
7289.917286899449 0.003376442255422161
7291.132381621644 0.0032466896443833415
7292.347678867982 0.0032326035261831007
7293.563178678448 0.0033862330425294047
7294.778881093034 0.0035177758072823077
7295.994786131734 0.0035909075357473488
7297.210893844535 0.003579103941948568
7298.427204251431 0.0034973595443920486
7299.6437174024095 0.0034261608228655705
7300.860433307466 0.0034710009453697973
7302.0773520265875 0.0035513265503818365
7303.2944735797655 0.0035470687953218405
7304.511797996994 0.0035802656364272486
7305.72932531826 0.0035265657604490745
7306.947055573558 0.003462832887796623
7308.164988802874 0.0034669833585401063
7309.383125036206 0.003567312302370168
7310.601464313537 0.003517176669308698
7311.820006654864 0.003469274640046401
7313.038752110175 0.003573726215839426
7314.2577006994625 0.0036313447351372947
7315.476852462715 0.0035410278072116027
7316.696207429929 0.00349733933258904
7317.915765651087 0.003457269397332558
7319.135527136186 0.0034991959283894435
7320.3554919352155 0.0035803812847991683
7321.575660078164 0.003619722877470061
7322.796031595028 0.003561033228051367
7324.016606525794 0.003446536286294332
7325.237384890455 0.0034162130752419004
7326.458366748998 0.003413867117972131
7327.679552111418 0.0036057503575864167
7328.900941027706 0.0036707496051039505
7330.122533517849 0.003596282271414335
7331.344329621844 0.00355776654763955
7332.566329379673 0.0035726879346311175
7333.788532811337 0.00361126916543149
7335.01093996682 0.003638515604841789
7336.233550876115 0.003698458462363938
7337.456365559215 0.0037213408621271926
7338.679384066106 0.00369052491240341
7339.902606426781 0.0037525882806623634
7341.126032671233 0.003846230527487001
7342.349662839451 0.003839479118489035
7343.573496951428 0.0036259711130375814
7344.797535057152 0.0035009347285215086
7346.021777186615 0.003664599127614856
7347.246223369809 0.00375598856315116
7348.470873646722 0.003803777169643653
7349.695728047347 0.0037217347362067093
7350.920786601676 0.003577871012187761
7352.146049349698 0.003602164128279683
7353.371516331401 0.0036374322481616903
7354.597187566782 0.003522617222789122
7355.823063095831 0.003337395757169399
7357.049142958533 0.003370441791872741
7358.2754271748845 0.0036666905908064812
7359.501915794875 0.0038651831581094018
7360.728608838494 0.003687034961323316
7361.955506355734 0.0034047713270214984
7363.182608366585 0.0034163004769158464
7364.409914911037 0.003588812447558492
7365.637426019083 0.003693357505048864
7366.865141730714 0.0037090735407513636
7368.093062075917 0.003790368764759122
7369.321187094688 0.0037525470717586795
7370.549516807015 0.0038141911880890354
7371.778051272886 0.0039001424110435318
7373.0067904923 0.0038642332451377767
7374.235734535237 0.0038573148024023886
7375.464883401699 0.00385628687124211
7376.694237151667 0.0038407613826938504
7377.92379580514 0.0039007444853499497
7379.1535594021025 0.003980638654377699
7380.383527982549 0.003925339524389297
7381.61370156647 0.0037792000882382114
7382.844080193854 0.0037447162819135567
7384.074663904695 0.003777824706656186
7385.30545272898 0.0036583866795804804
7386.536446696705 0.003613655732039122
7387.767645847856 0.003608405072895927
7388.999050212427 0.0034841209636577494
7390.230659830408 0.003514051560680523
7391.462474721791 0.0036783181779839096
7392.6944949465615 0.0037732649159603186
7393.926720514715 0.0037925458174279513
7395.159151476242 0.00384634018135906
7396.391787851134 0.0038734969384588845
7397.624629689376 0.003852362067046458
7398.857677010968 0.0037628181299443736
7400.090929855895 0.0036223602239595252
7401.324388264148 0.0036411061438247887
7402.55805225572 0.003838724978678178
7403.791921880599 0.003994596683383062
7405.025997168778 0.003941402603079015
7406.260278150246 0.0038518597237780375
7407.494764854998 0.0038923704477484464
7408.729457333019 0.003782566795221475
7409.964355604305 0.0037164875943763577
7411.1994597088415 0.0037241166161269836
7412.434769676624 0.0038129482208813198
7413.670285547641 0.0037436818887855708
7414.906007351882 0.0035614880409664314
7416.141935129342 0.003536084857270569
7417.378068910007 0.0035092400518431676
7418.614408723872 0.0036068680591734687
7419.850954620923 0.003790743337654049
7421.087706611158 0.0037909820500859996
7422.324664754559 0.0035950355694390874
7423.5618290611255 0.003528975747650677
7424.7991995908405 0.0036638911193567045
7426.036776353701 0.003840135647625541
7427.274559399694 0.003994489913152918
7428.5125487688065 0.004021219650785865
7429.750744471041 0.0038905100885030727
7430.989146566376 0.003662099022287623
7432.227755064811 0.0035614657792454084
7433.466570026332 0.0037468204104619744
7434.705591460934 0.003963604304600582
7435.944819428601 0.003945845570707091
7437.184253939329 0.003913906041677543
7438.423895043108 0.003915194293012028
7439.663742769927 0.0037171115007239024
7440.903797149778 0.0036076215739965466
7442.14405823265 0.00372068085938299
7443.384526028541 0.0038284869316844404
7444.625200597429 0.0038409790601134177
7445.866081949318 0.0037496202864712503
7447.10717013419 0.0038401756745170316
7448.34846518204 0.003919383107926649
7449.589967132853 0.003928600247984305
7450.831676016627 0.003935627392179819
7452.073591863351 0.003929381439167182
7453.31571472301 0.003925246152371099
7454.558044605604 0.003939716717432075
7455.800581561116 0.0038876166961359137
7457.043325629538 0.0037842804435597173
7458.286276830866 0.0038551288894733047
7459.529435215084 0.003892470986344607
7460.772800802188 0.0037455676133102043
7462.016373632165 0.0035640497201355724
7463.260153745007 0.0036621259560637907
7464.504141160708 0.0038352152979762018
7465.748335939251 0.003929427724570052
7466.992738090634 0.003936546724458777
7468.237347654846 0.003896751640552299
7469.482164671876 0.0037858129008086602
7470.727189181714 0.0036866871975913466
7471.972421204353 0.003701170496293352
7473.217860779785 0.003780394021553699
7474.463507947997 0.00376770696201053
7475.70936273898 0.0037678674790001254
7476.955425192729 0.0038251224015086395
7478.2016953392285 0.003853431004762775
7479.448173208477 0.003862402573971278
7480.6948588404575 0.0038995398888974123
7481.941752275164 0.003856808347012293
7483.188853542587 0.0038110633777226916
7484.436162662719 0.0038567863703775347
7485.683679695548 0.003969412614798166
7486.931404661065 0.004001386492838423
7488.179337599263 0.0038949960858538422
7489.427478540129 0.0037671520517792685
7490.675827523657 0.003725291267351021
7491.924384579836 0.0037339217753475235
7493.17314973866 0.0037456320419745203
7494.4221230501125 0.0035295668503867216
7495.671304534191 0.0035494531272662624
7496.920694230883 0.003848469764389639
7498.17029218018 0.003940077047189659
7499.4200984020745 0.003893894422638858
7500.670112956551 0.003858230703559185
7501.920335853608 0.00390479239425285
7503.1707671332315 0.003950276852610427
7504.421406835414 0.0038686540166559774
7505.672255000145 0.003818923229776644
7506.923311657414 0.0038530291648338696
7508.174576837214 0.003923415278104368
7509.4260505695365 0.0038428906216410584
7510.67773290437 0.0036355348916006745
7511.929623871706 0.003658885360103407
7513.181723501534 0.003839465433194864
7514.434031823847 0.0038986684055739157
7515.686548888633 0.003913666011983808
7516.939274715886 0.003981584684987264
7518.1922093555895 0.004010253791350259
7519.4453528277445 0.004025198636991635
7520.698705172335 0.003986731063463425
7521.952266429352 0.0038272873454072024
7523.206036628788 0.003767016901652667
7524.460015800632 0.00383951723651395
7525.714203984878 0.0038800969462332497
7526.9686012215125 0.003964146976595644
7528.223207540526 0.0039974600962125574
7529.478022981912 0.003976303628884771
7530.733047565661 0.0039014558899115826
7531.988281341762 0.00390410417050213
7533.2437243402055 0.0039449516790403495
7534.499376590984 0.00399492010098717
7535.755238134089 0.0040223604709658835
7537.011309009506 0.003990306057885593
7538.267589237232 0.003947676811227184
7539.524078867252 0.003927212900030116
7540.780777929559 0.003934900615807709
7542.037686454144 0.003985114071471566
7543.294804480998 0.0040284245667167925
7544.552132040111 0.004025566606063868
7545.809669181473 0.003962506435385392
7547.067415915077 0.0039490028689000084
7548.3253723009075 0.003989085862604115
7549.583538348965 0.0039899338767992645
7550.841914119232 0.003975385428208196
7552.1004996317 0.003953591002267513
7553.359294926362 0.0038695755574264835
7554.618300033209 0.003758208222907357
7555.87751499223 0.0038246501290066575
7557.136939833416 0.003998589071883967
7558.39657459676 0.003976420186587751
7559.65641931225 0.003910016054199822
7560.916474029873 0.003933384520868796
7562.1767387596265 0.003913926134932569
7563.437213561496 0.003913099968445636
7564.697898445476 0.0039224899840684625
7565.9587934715555 0.0039495105473842645
7567.219898659722 0.003953349323322015
7568.481214039974 0.003861090713200672
7569.7427396722915 0.0038853265260029644
7571.004475556676 0.003987892804899908
7572.266421763108 0.003993415393076835
7573.528578301585 0.003859922909915914
7574.790945212097 0.0038309244444171423
7576.053522544631 0.003973473876375931
7577.316310319177 0.004009205889277312
7578.579308565733 0.0039608261119167066
7579.842517334285 0.003914090766977138
7581.10593665482 0.003901166591036449
7582.369566567332 0.0038312487518355545
7583.633407091813 0.0037282039200851064
7584.89745827825 0.0037416879872499546
7586.161720146639 0.003685644819765884
7587.426192756963 0.003700990994028477
7588.69087611922 0.00361836798748308
7589.955770273396 0.003441680803998066
7591.220875269483 0.0034885732192324022
7592.486191127471 0.003650535745378933
7593.75171789735 0.003698739453634916
7595.017455589114 0.0037419546073055193
7596.28340426275 0.0037396319993736374
7597.549563948249 0.0037022122842481006
7598.815934665603 0.003741545558922596
7600.0825164747985 0.0037253209863771937
7601.349309385833 0.0036739683944263823
7602.616313448693 0.003689403743719445
7603.883528693369 0.003747474166882176
7605.150955159851 0.0036880972557995395
7606.41859288813 0.0036100184617878207
7607.686441898197 0.003675495954763205
7608.9545022300435 0.003613239384117154
7610.22277392366 0.003484468758988128
7611.4912570090355 0.0036357178462836093
7612.759951526161 0.0037255903849276444
7614.028857515026 0.0036282517947197387
7615.297974995624 0.0035235163416270135
7616.567304017941 0.0034502137484118674
7617.836844611971 0.0034076378531258974
7619.106596807708 0.0034564480096806504
7620.3765606551315 0.0035183901777682534
7621.6467361742425 0.0036574926832171864
7622.917123405028 0.003756855724515406
7624.187722377478 0.0037450151732127475
7625.458533141583 0.0037422754703287276
7626.729555717336 0.003709157247962436
7628.0007901547215 0.003553913851260745
7629.272236473736 0.003516171598943201
7630.543894714369 0.00360532276913881
7631.815764926608 0.0036634188410323235
7633.087847120448 0.0036647120773848373
7634.360141355873 0.0036568749644904776
7635.632647652879 0.003642576053577103
7636.905366041458 0.003583396167451366
7638.178296581592 0.0034932683982882443
7639.451439283282 0.0034836731197013943
7640.72479419651 0.0036019176162393083
7641.998361341273 0.003701347917889761
7643.272140777554 0.0036894844031773104
7644.546132515353 0.0036437889293174292
7645.820336614652 0.003634780862526442
7647.094753085446 0.0036116575403535565
7648.369381987722 0.003611094252033345
7649.644223331477 0.003644526038802839
7650.919277176694 0.003622583416838414
7652.194543543368 0.0036195685511414546
7653.470022471489 0.0035187930896988734
7654.745713991047 0.003475043461620847
7656.021618142033 0.0035665749069747504
7657.297734964435 0.0034753322362563576
7658.574064488245 0.0033472701450028806
7659.850606753454 0.003386839842466212
7661.1273617900515 0.003453818587420527
7662.404329638029 0.003440141192308648
7663.6815103273775 0.003147720878116805
7664.958903888089 0.0030014971504753267
7666.236510380146 0.003274143203177903
7667.514329813548 0.0034040904447453064
7668.792362238281 0.0033974277241330423
7670.070607684336 0.0034220042879808486
7671.349066181707 0.003375102109184612
7672.627737780377 0.0032775477094248986
7673.9066225003435 0.003301890457584893
7675.1857203915915 0.003386000108067455
7676.465031474118 0.003431326613181726
7677.744555797908 0.0034510417464962955
7679.024293392953 0.003420860369366206
7680.304244289244 0.003406702775994026
7681.584408526773 0.003432110201650785
7682.864786145527 0.003447891032636954
7684.1453771755005 0.0034446591001973917
7685.426181656679 0.0034587169620202566
7686.707199619057 0.003471300090004471
7687.988431102623 0.0034684641810701503
7689.2698761373695 0.0034494459000516675
7690.551534763285 0.0034156624958103037
7691.833407020361 0.0033860614249285373
7693.115492938587 0.003453615984621827
7694.397792547955 0.0034980760801084703
7695.680305898452 0.0034863068082237776
7696.963033020071 0.0034367898321724273
7698.245973932804 0.0032851514856350574
7699.529128696637 0.0032675586724495655
7700.812497331564 0.003443507957937429
7702.096079877577 0.0034927525378636035
7703.37987637466 0.0034900627067698817
7704.663886852809 0.0034049278262860434
7705.9481113520105 0.0033550889525382336
7707.232549902259 0.0033658740635268925
7708.517202543541 0.0033402433109077866
7709.802069305853 0.003250335131535232
7711.087150229179 0.0032275636151573766
7712.372445353511 0.0031962559270856485
7713.65795470884 0.0030914054164113006
7714.943678335156 0.003074739893954474
7716.2296162624525 0.0032688303845251378
7717.515768530715 0.003411595347877699
7718.802135169936 0.0034164864443840953
7720.088716230106 0.0034282797071038384
7721.375511731216 0.003421492885737202
7722.662521713257 0.0033181220037293577
7723.949746216215 0.0033056567047699305
7725.237185270088 0.0033565529558043606
7726.524838914859 0.0033717013819778985
7727.812707190523 0.00339657099278153
7729.100790117068 0.0034859413907898785
7730.389087744486 0.003508504869208203
7731.677600112764 0.0035145558409479666
7732.966327241897 0.00350993313920603
7734.255269181872 0.003523171230015657
7735.544425952683 0.0035637836949971545
7736.833797604316 0.003576468409506852
7738.123384176762 0.0035774247631385338
7739.413185690015 0.003557253873574875
7740.703202184062 0.0035263529951955106
7741.993433698896 0.0034528058757512833
7743.2838802645065 0.0034018800321631067
7744.5745419308805 0.003409564352268705
7745.865418718015 0.003368360673343763
7747.156510675892 0.003266006894020012
7748.447817824508 0.0030678934620406023
7749.739340203852 0.0031053819425225218
7751.031077863914 0.0032424525599984645
7752.323030824685 0.003342329656681336
7753.615199126154 0.0033967145628375907
7754.907582808313 0.0034491500178351416
7756.200181911148 0.0034635700647972973
7757.492996454655 0.003427709177850105
7758.786026488823 0.003379888530715625
7760.079272043641 0.003383683699866708
7761.372733149102 0.0034494868934581307
7762.666409855191 0.0034783270882988667
7763.960302191902 0.0034550645958428684
7765.254410189226 0.0034083356444185014
7766.54873389715 0.0033882561053104835
7767.8432733356685 0.0033820424138190103
7769.1380285447685 0.003416737533491077
7770.432999564443 0.003441308479653247
7771.7281864346805 0.0034503292906821726
7773.023589185469 0.0034408182338535416
7774.319207846807 0.003431401133774312
7775.615042468677 0.003463198969796184
7776.911093081068 0.0034913886747242966
7778.207359713977 0.0034960575361784605
7779.503842407394 0.0034164904577871605
7780.800541201303 0.0033385119123710686
7782.097456125701 0.0034011962931754674
7783.394587220572 0.0034292814478879183
7784.691934515914 0.003438018086106605
7785.989498061709 0.0034079783608334724
7787.287277877955 0.0033437270607849317
7788.585274004638 0.00324763694172656
7789.883486491745 0.003275780256122772
7791.181915359273 0.00339602635209046
7792.48056064721 0.0034758674447041065
7793.779422395545 0.0034962289745639774
7795.0785006342685 0.0034820596962589416
7796.377795403373 0.0034524729809288055
7797.677306742846 0.003411346074551799
7798.977034682679 0.003403021494721277
7800.276979252863 0.003380328636594346
7801.577140503387 0.003458450631011279
7802.877518464242 0.0035227416885494525
7804.178113175418 0.0035493337724396396
7805.478924666905 0.003549591254858142
7806.7799529786935 0.0034949379858610387
7808.081198140776 0.0034644842938026613
7809.38266019314 0.0035035305363873177
7810.684339175776 0.003472254773351002
7811.986235128673 0.0035186416555717274
7813.288348071826 0.0035971616299655157
7814.5906780552195 0.003596600362944474
7815.893225098851 0.0035645139829485186
7817.195989262702 0.003562706602650353
7818.49897056677 0.0035531081352973616
7819.80216906104 0.0034803527907959603
7821.105584755509 0.0034749912130937312
7822.409217710161 0.003545413545355431
7823.713067954986 0.0035892604021568316
7825.017135529977 0.0035744374867712203
7826.321420465123 0.0034732388000589917
7827.625922790418 0.003441037120509601
7828.930642555848 0.0034748839582723523
7830.235579781406 0.00343982123875701
7831.540734527079 0.0033241661765469723
7832.846106812857 0.0033152520772185747
7834.151696668736 0.0033161790304175594
7835.457504144702 0.0032420340165422016
7836.763529270745 0.0033268414611205836
7838.069772086857 0.0034556930668255513
7839.376232633023 0.003410668194779823
7840.682910929243 0.00330846923288633
7841.9898070254985 0.0034007201185983185
7843.296920961782 0.0034615420676583925
7844.6042527580885 0.003417841794686746
7845.911802464403 0.0034485686551706408
7847.219570110716 0.003518696472960538
7848.527555737018 0.0034374738506100407
7849.8357593733035 0.003330440260818047
7851.144181069555 0.0033493763158350736
7852.4528208457705 0.0033526074078888152
7853.761678751935 0.003410313341775135
7855.070754808044 0.0034134705235092625
7856.380049064081 0.003420331413615506
7857.689561560039 0.003485375361925157
7858.99929231591 0.003552316232680408
7860.309241381683 0.00354206621259131
7861.619408787347 0.003481842995712805
7862.929794572895 0.0034731663888171683
7864.240398778314 0.0035161452383657985
7865.551221423596 0.0035740220791180928
7866.862262568729 0.003574085619465968
7868.1735222337065 0.003540866842103293
7869.485000448521 0.003473504243719612
7870.796697273155 0.0034789330991319986
7872.108612727603 0.003442811602541884
7873.420746851856 0.0033831159530209633
7874.733099675903 0.003423801672765029
7876.045671249733 0.003454845992767982
7877.35846159334 0.0034643793333104314
7878.671470766708 0.0034689612136724443
7879.9846987798355 0.003441508622571648
7881.2981456827065 0.003350025309715573
7882.611811515311 0.003356281159200814
7883.925696307641 0.00339632726947838
7885.239800099687 0.0033829838712749302
7886.55412292144 0.003468347979101428
7887.868664822888 0.003447814886372264
7889.183425824023 0.0034043248614513454
7890.498405964835 0.003463793639166741
7891.813605295311 0.0035274827878305414
7893.129023835448 0.003429475502390617
7894.444661635226 0.003240076456935731
7895.7605187246445 0.0032290547344035357
7897.076595133692 0.003315823706349558
7898.392890912354 0.0033632179349931627
7899.709406090623 0.0033982698740159757
7901.02614070849 0.0034180282085221857
7902.343094795945 0.0034321019185244114
7903.6602683829815 0.003386975878194001
7904.977661529581 0.0033894084299877997
7906.295274255741 0.0034229135239385415
7907.613106601449 0.0033370983093438337
7908.931158596696 0.0032274217676645785
7910.249430291472 0.0032998212440783193
7911.56792170577 0.003278868601982875
7912.886632899571 0.003125952083221965
7914.205563882875 0.0032518841254768347
7915.524714715667 0.003357692024816866
7916.844085417938 0.003276265199415922
7918.163676029681 0.0032527054219657014
7919.4834866008805 0.0033538014134728155
7920.803517151531 0.003391947756851224
7922.123767721624 0.003372918257079376
7923.444238351144 0.003334870193363667
7924.764929080086 0.00339495117925914
7926.085839938439 0.0033930070387580722
7927.406970966192 0.003372442018350867
7928.728322203334 0.0034156547185099336
7930.049893679859 0.003459083980595881
7931.371685435754 0.003471564063049227
7932.69369751101 0.003380282622570394
7934.0159299356155 0.0034051467812803785
7935.338382749565 0.0034350792843762116
7936.661055982847 0.0032281588344785636
7937.983949685447 0.003149156744328075
7939.307063887362 0.003290991963259802
7940.630398628576 0.0032902690534370002
7941.953953939083 0.003246888105878563
7943.277729858871 0.0032075729748296884
7944.601726427932 0.0031090208350053115
7945.925943676256 0.0031530775914469333
7947.250381643832 0.0032871655331981257
7948.575040380646 0.0032851805853902957
7949.8999198966985 0.0033089255550286284
7951.225020251969 0.003417155307961993
7952.550341466456 0.0035016295285885744
7953.875883590144 0.0034400798748626363
7955.201646653026 0.003320554247261522
7956.527630695088 0.0033066065168620134
7957.853835756324 0.0033775863640504735
7959.180261866724 0.003385589928629462
7960.50690905628 0.0033997709270118417
7961.833777374977 0.0034352510749874683
7963.160866862805 0.003430045707878462
7964.488177549757 0.0034392628782081635
7965.8157094658245 0.0034792497887544413
7967.143462650997 0.0035649789173591226
7968.47143715526 0.003570561017698367
7969.799632998609 0.003531806170728811
7971.128050231029 0.00350919776593156
7972.456688882515 0.003520086720206149
7973.785548983056 0.003547698134380863
7975.11463058264 0.0035616081872924233
7976.443933721254 0.0035378000504144693
7977.773458418897 0.003386117055977909
7979.103204725552 0.0032912594512195547
7980.4331726712135 0.0034253591732303808
7981.763362295868 0.0035582391671862648
7983.093773629509 0.0036259301494587287
7984.4244067221225 0.0035808102012171356
7985.7552616037 0.003467944381842334
7987.086338314233 0.0032844028722522215
7988.417636893709 0.0033973167766099305
7989.749157362121 0.0036324230774237207
7991.0808997694585 0.003617615854144418
7992.412864155709 0.0035230845615050565
7993.745050550865 0.0034479071184297084
7995.077458994916 0.003359122497764154
7996.41008952785 0.0033981608395020125
7997.742942179661 0.0034363529293570086
7999.076016990337 0.0033395642776672257
8000.409313999866 0.003409825382115426
8001.742833238243 0.0034703236691909544
8003.076574755452 0.0033937031478155077
8004.410538571489 0.0034466390142300746
8005.74472473634 0.0035195671852014366
8007.079133279997 0.0035051329635984807
8008.4137642524465 0.0035102368443370863
8009.748617673682 0.0035695128633020617
8011.083693583694 0.003561881377262959
8012.418992022472 0.003561379117036631
8013.754513040001 0.0036665967795759704
8015.090256656277 0.003664913836669197
8016.42622291129 0.003595795233923026
8017.7624118450285 0.003583531537095616
8019.09882349748 0.0036348428747498846
8020.435457898638 0.0035855516260782845
8021.772315088492 0.0035616602761640234
8023.10939511703 0.0035724508632505765
8024.4466979942445 0.0034009416294297377
8025.784223780123 0.003191143970500905
8027.121972504657 0.0029965031774861887
8028.459944207835 0.003154554402621004
8029.79813891965 0.0034721939916798642
8031.136556680091 0.0035893295547499843
8032.4751975291465 0.0036418077695729526
8033.814061506805 0.0036627963853220025
8035.153148633064 0.00365288190461999
8036.492458967904 0.003708315133026448
8037.831992541319 0.003689127897445325
8039.171749383302 0.0036055783010884106
8040.511729533838 0.003515340790115541
8041.851933032921 0.0035074235393904494
8043.1923599205375 0.003482345274480155
8044.53301022668 0.003416988299697679
8045.873883991338 0.003365530355596474
8047.214981254499 0.003335414440763936
8048.556302046158 0.0034303383615564603
8049.897846416298 0.003488324161195308
8051.239614394915 0.003534620354982916
8052.581606011999 0.003550091790219127
8053.923821317536 0.003500128652672578
8055.266260341518 0.0035008939194079635
8056.608923123934 0.0035525826766559525
8057.951809694776 0.003595487327922539
8059.294920104032 0.0035972414705032806
8060.6382543816935 0.003554812049204565
8061.9818125677475 0.003503009340215667
8063.325594692189 0.0034623173539276727
8064.669600795007 0.003553952396388227
8066.013830926185 0.0035230574404789892
8067.35828510572 0.0033583989067447187
8068.702963383597 0.0032486732083204105
8070.047865789811 0.003212574935049838
8071.392992364347 0.003278270954557464
8072.738343147198 0.003380862941754634
8074.083918168355 0.0033890262157976895
8075.429717467804 0.0033841197612829994
8076.775741085538 0.003536257718828252
8078.121989061546 0.0035912195245986224
8079.468461435815 0.0035142666799749707
8080.815158228342 0.0033740567217277993
8082.162079489112 0.0034306668013748005
8083.509225258115 0.003487044984310782
8084.856595565343 0.003416098706124615
8086.204190460781 0.0035256775611907576
8087.552009964424 0.0036214716067721462
8088.900054126261 0.0034788878704799958
8090.248322976283 0.0033302319061175763
8091.596816554476 0.0032602765385542046
8092.945534900834 0.0031002802721757762
8094.294478055343 0.003274050171055608
8095.643646047996 0.0034550246833451185
8096.99303891878 0.0033943964671673404
8098.342656707689 0.003396690882145452
8099.69249945471 0.0034319610593135743
8101.042567179834 0.0034808306089802177
8102.39285994305 0.0034964350509014354
8103.743377774349 0.003420268559641165
8105.09412070372 0.003388180280464991
8106.445088781153 0.003427010310135247
8107.796282036638 0.0034113184187592005
8109.147700500166 0.003379988568095726
8110.499344231724 0.0034379497347741417
8111.851213241307 0.003448264995203901
8113.203307588898 0.003402665057386037
8114.555627294492 0.0033104866756272374
8115.908172418077 0.003131947047764754
8117.260942969646 0.00316482548576838
8118.613939009183 0.003425884512623896
8119.967160556683 0.003449365091932821
8121.320607672131 0.003485110044590451
8122.674280365524 0.0035664623155964408
8124.028178696845 0.0035554506763725816
8125.382302696087 0.0034469134460151183
8126.73665240324 0.0034276395698733374
8128.091227848293 0.0034981161592705355
8129.446029071237 0.0035000831364847317
8130.80105611206 0.0033981848872826686
8132.156309010754 0.003386555349583332
8133.511787807306 0.003457183849916706
8134.867492531707 0.003562381403713838
8136.223423213952 0.0035228797995190773
8137.579579914023 0.003520853984950841
8138.9359626619125 0.003570202596068677
8140.292571477614 0.0034958981636368062
8141.649406421112 0.003453235503572891
8143.006467522399 0.0034539619530094333
8144.363754811466 0.003449046980086353
8145.7212683383 0.003519675471185387
8147.079008132895 0.0035268611980969872
8148.436974235236 0.0034644934832353674
8149.795166685314 0.0034062329922645955
8151.15358552312 0.003502939904901641
8152.512230768648 0.0035043447300015253
8153.8711024818795 0.003484797487593591
8155.230200692808 0.003523158327729881
8156.589525431425 0.003631933143985599
8157.949076747719 0.0036508741359034813
8159.308854671679 0.0035472636220214107
8160.668859243296 0.003236517009246355
8162.029090492561 0.003206513946400046
8163.38954847946 0.0034879619814826685
8164.7502332139875 0.003585291314946749
8166.11114475613 0.0035613655815403492
8167.47228312588 0.0035310464461072648
8168.833648373223 0.0035165545551308183
8170.195240538151 0.003539756820347231
8171.557059650655 0.003560247059402692
8172.919105750723 0.0035418774328836904
8174.28137886835 0.003523222247103249
8175.6438790535185 0.0035968222367479467
8177.006606346223 0.0036268595930778755
8178.3695607764475 0.003558344206388359
8179.732742374193 0.0034655088558516833
8181.0961511994365 0.003461890118147606
8182.459787262178 0.003401908464048505
8183.823650632399 0.003343506173961959
8185.187741320097 0.0034063263098783277
8186.552059375255 0.0033189539255245827
8187.9166048378665 0.0033400997989328418
8189.281377737922 0.003598702498692482
8190.646378125409 0.003742891216682073
8192.011606020318 0.0035991790316290463
8193.37706148264 0.0033880194782426104
8194.742744532363 0.0031933981084397035
8196.10865520948 0.003268359267682234
8197.474793563977 0.0033679648242940785
8198.841159625843 0.0033461864525001768
8200.207753425073 0.0033517669862039227
8201.574575011653 0.0033053081312867053
8202.941624425568 0.003227772410976024
8204.308901696819 0.0030751182446644622
8205.676406865388 0.0031683463684598085
8207.04413996127 0.0032713793682914625
8208.412101034452 0.0033113283774551744
8209.780290124916 0.0034397912892229435
8211.148707262666 0.003432398478236086
8212.517352487681 0.0032734939189849777
8213.886225829958 0.0032992781097712564
8215.25532734948 0.00340335257816724
8216.624657056243 0.003457736244709615
8217.99421501023 0.00347423785910739
8219.364001241438 0.0033592179124702177
8220.734015789854 0.003250804881965847
8222.104258695463 0.0033421801271130433
8223.474729978263 0.003473161834684198
8224.845429708237 0.0035576045260005424
8226.21635789538 0.003593137450803283
8227.587514589677 0.0035250018810108652
8228.95889983112 0.0034882950421263425
8230.3305136497 0.0035012361040035905
8231.702356095402 0.0034197933605498647
8233.074427198222 0.0034480453258190634
8234.446726988146 0.0035009103962822218
8235.819255525166 0.003482299142872418
8237.192012829268 0.0034543700958501555
8238.564998940445 0.003437845807959003
8239.938213908685 0.003458385638994128
8241.31165775398 0.0034134215749686203
8242.685330536317 0.003428598442532636
8244.059232275686 0.003530322438171918
8245.43336301208 0.0035943345655590933
8246.807722795485 0.0034873816444373237
8248.182311655892 0.0034484974287467816
8249.557129623292 0.0035391056509334116
8250.932176757671 0.003486225339156549
8252.307453079022 0.0033098504005133053
8253.682958627334 0.0032072600269402
8255.058693452598 0.003255148934919902
8256.434657584798 0.0032602282291822725
8257.810851053933 0.0033944259349042204
8259.187273909985 0.003557660152004104
8260.563926192946 0.003630346539082647
8261.940807932808 0.0035930636955107988
8263.317919169558 0.0035409983078994816
8264.695259943186 0.003539346783576726
8266.072830293682 0.0034723620477300036
8267.450630261037 0.003383061874773197
8268.828659865241 0.0034074257541835172
8270.206919176277 0.003438476372428934
8271.585408204144 0.0034386858353061766
8272.964126998828 0.0034063670842767076
8274.343075600316 0.003385156981776665
8275.7222540486 0.003357550291740272
8277.10166237367 0.003353034135774518
8278.481300615516 0.003431604580837946
8279.861168824127 0.003495918746138395
8281.241267019494 0.0034561083550974647
8282.621595251605 0.003350890052024591
8284.002153560446 0.0033507012487060026
8285.382941976015 0.0033838005508448465
8286.763960548293 0.003361359963270185
8288.145209297281 0.003323669686490826
8289.526688282955 0.0033501546044699118
8290.908397525316 0.003408970141531547
8292.290337074344 0.0033755309960708945
8293.672506960038 0.003308247026158007
8295.054907232383 0.003306711148988485
8296.437537921367 0.003310958111440715
8297.820399066983 0.00326291495147494
8299.203490709217 0.0032993177429810174
8300.586812878062 0.0033968108660340558
8301.970365623509 0.003361697141474848
8303.354148975543 0.003298243142263306
8304.738162984153 0.003216726984669318
8306.122407669338 0.0030547224102611082
8307.506883081078 0.003072239310902993
8308.891589269364 0.003200254399902698
8310.27652624419 0.0031320126603025093
8311.661694075541 0.0031753439942261313
8313.04709277341 0.0033267085052188687
8314.432722397783 0.003375451997852915
8315.818582968657 0.003403917174293383
8317.204674546012 0.003451131395060595
8318.590997149842 0.0034123457111480716
8319.977550830139 0.0033003587775625354
8321.36433561689 0.0032645749526770632
8322.751351550085 0.003323733301468737
8324.13859867971 0.0033538045586012583
8325.526077025765 0.0032250651548386957
8326.91378663823 0.003071740109833066
8328.301727557095 0.00327877348841081
8329.689899822355 0.0033929663966669765
8331.078303453996 0.003233048922995107
8332.466938522008 0.003165206965220071
8333.855805036379 0.0031808097492453335
8335.244903047103 0.003283741147018482
8336.634232594168 0.003356049018127848
8338.023793707562 0.003238012717552184
8339.413586447272 0.0032567927973278137
8340.803610823295 0.003360141135859648
8342.193866895615 0.003250267131659211
8343.584354694223 0.0032131919907088125
8344.97507425911 0.0032604572721775336
8346.366025630263 0.0032684683711295256
8347.757208837673 0.003172700294486213
8349.14862393133 0.0031075878029494445
8350.540270951222 0.003285660983456328
8351.932149927341 0.0033251687635764203
8353.324260899673 0.0032462214119061855
8354.716603908213 0.0032776259406871434
8356.109178992945 0.0033048900154351263
8357.501986193862 0.003289612298533236
8358.895025540953 0.003294088176379136
8360.288297084207 0.0033248157048414214
8361.681800863611 0.003273781314308288
8363.075536899161 0.003111815287955249
8364.469505250841 0.00302404667758441
8365.863705948643 0.003206701499957279
8367.258139032554 0.0034438557971559524
8368.652804532567 0.00343729113302694
8370.047702498672 0.0032896270455518824
8371.442832970853 0.0032785070573554814
8372.838195979104 0.003329209155672718
8374.233791563416 0.003399898867235093
8375.629619773772 0.003365586312290399
8377.025680640169 0.003168552905149135
8378.421974192594 0.0031956045871451466
8379.818500481033 0.0034213128382800015
8381.21525954548 0.0032332434498419755
8382.612251425922 0.0028767444547722664
8384.009476142353 0.003092585208417927
8385.406933764754 0.003252282309428471
8386.804624303124 0.003035180247666425
8388.202547807448 0.0029475172952517456
8389.600704327713 0.00311214092073218
8390.999093883913 0.0033068585974477508
8392.397716526037 0.0034645815566336437
8393.79657229407 0.0034974754624881757
8395.195661218004 0.0034237207609828773
8396.594983337833 0.0032394932947602474
8397.994538703542 0.003261113377383696
8399.39432734512 0.0033915467347790545
8400.79434930256 0.0033055596239627283
8402.194604615848 0.00326115637874447
8403.595093324973 0.003404024440664306
8404.995815469929 0.0034348988083821373
8406.396771080703 0.0034659987916156178
8407.797960197284 0.0034732522160891865
8409.19938287966 0.003476952466535257
8410.601039137826 0.003390196641857213
8412.002929031765 0.0031754954989904834
8413.405052581475 0.0031770606988140338
8414.807409846933 0.003334159670970107
8416.210000848141 0.0032988504973599756
8417.612825645077 0.003190053882903637
8419.01588425774 0.0032577842873110115
8420.419176726116 0.003335676946789137
8421.822703110194 0.003338035689472764
8423.226463419966 0.0032213122245861566
8424.630457715415 0.0031092465478588602
8426.034686026538 0.002968470036270938
8427.439148393321 0.003170701741179343
8428.843844855754 0.0034664115813303116
8430.248775453825 0.0034774639079233243
8431.653940217531 0.0033524753661251117
8433.059339206848 0.0031638619829661625
8434.464972441776 0.002855851626431962
8435.8708399623 0.002866065417204138
8437.276941818413 0.003143712613529128
8438.683278040098 0.0030847208234566327
8440.089848677351 0.003092810971275623
8441.496653750162 0.003244348885570938
8442.903693318514 0.0032303153035023575
8444.310967402404 0.003206965159715924
8445.718476061813 0.003164585033938878
8447.126219316737 0.0031492067905492245
8448.534197217163 0.0032416343765925364
8449.942409793084 0.0031605788525127638
8451.350857094481 0.0031751848220557904
8452.759539161352 0.003268208821619303
8454.168456013685 0.003241869871978635
8455.577607711464 0.003134370352812607
8456.986994284685 0.003066911491363755
8458.396615783331 0.0031619314827689665
8459.806472227401 0.003275443860474659
8461.216563666874 0.003376176479646202
8462.626890141744 0.003355031068300582
8464.037451692002 0.0031801804866944503
8465.448248347637 0.0030137747002693806
8466.859280158635 0.002914065910381941
8468.270547164988 0.002902657233513383
8469.682049396682 0.003096352260503346
8471.093786893716 0.0031913964109457236
8472.505759696072 0.003235452012877408
8473.917967853738 0.003328293046768422
8475.330411396708 0.0032944068408670064
8476.743090364967 0.0032682203718063106
8478.156004798508 0.0033063110831635704
8479.569154737317 0.003272838091270066
8480.982540221388 0.00320869416950181
8482.396161280709 0.0031998302783178066
8483.810017965265 0.003285938167181518
8485.22411031505 0.0033437972449871824
8486.638438360053 0.003324601671587347
8488.053002150262 0.0032803281833074485
8489.467801715668 0.0033390317141000704
8490.882837096258 0.0033276102978196114
8492.298108342024 0.003220588480257011
8493.713615482953 0.0030541179737628562
8495.129358559036 0.0028048847525420366
8496.545337610263 0.0023415616771781376
8497.961552676621 0.001995695438539415
8499.378003798101 0.002329882350346604
8500.794691014693 0.002770643102506467
8502.211614366384 0.0028872859937070345
8503.628773883167 0.0030053060405606956
8505.04616961503 0.0031553395492202505
8506.46380160196 0.0032800744985622796
8507.881669873947 0.0033576179906109936
8509.299774480982 0.0033400150287635983
8510.718115453055 0.00325975015448267
8512.136692840153 0.003174775994758969
8513.55550667227 0.002986359433713028
8514.97455698939 0.002930323782687669
8516.3938438415 0.00305649267035253
8517.8133672486 0.002992255769453447
8519.233127270669 0.003082349390615491
8520.653123927705 0.0032238744719893762
8522.073357279687 0.0032495190725483035
8523.493827356611 0.0032618008933997153
8524.91453418847 0.0032157797497884793
8526.335477825249 0.0031430774914845165
8527.756658306935 0.0031685385337055717
8529.178075673519 0.0031829416260334524
8530.599729954993 0.0031165558969724586
8532.02162120134 0.0030756804755853804
8533.443749452557 0.003067899216285874
8534.866114738632 0.002978924850058466
8536.288717109548 0.0028029605768656414
8537.7115565953 0.0025438789190353676
8539.13463323588 0.00219906538627796
8540.557947081268 0.0017834251209962776
8541.98149816146 0.0015025188725984143
8543.405286516447 0.0017190975177434737
8544.829312196212 0.0021448768251656576
8546.253575220751 0.002442331239631537
8547.678075650047 0.002585684742470512
8549.102813514095 0.0027456919040041616
8550.527788852878 0.002941220977493646
8551.953001696394 0.0031356953785913705
8553.378452104625 0.0032333632398107433
8554.804140107562 0.003183373352054354
8556.230065735199 0.0031788360225266945
8557.656229047516 0.0032866546375398577
8559.08263006451 0.00331062056509538
8560.509268836166 0.0032678571306023817
8561.93614539248 0.003315057838384834
8563.363259793432 0.0033359538926065603
8564.790612059016 0.003273609205261665
8566.218202229225 0.003281357197186281
8567.646030354044 0.003297045404521518
8569.07409647346 0.003260978834670246
8570.502400617466 0.0032954269113605297
8571.930942836052 0.003342180255833306
8573.359723159203 0.003288396146312148
8574.788741636912 0.003201140844135494
8576.21799829917 0.0032780462803720157
8577.64749318596 0.0033550062521645043
8579.077226347275 0.003391260053314654
8580.507197813107 0.0033563042670219177
8581.93740763344 0.00319728665359308
8583.367855828266 0.0032253583937156887
8584.798542457576 0.0033296792283455372
8586.229467551355 0.0033629139573881413
8587.6606311496 0.003337032021131285
8589.092033302288 0.0033206611978026388
8590.523674029419 0.003336608127766655
8591.955553390977 0.003350853009142768
8593.387671416951 0.003369811187753182
8594.820028147336 0.00333565438097483
8596.252623612116 0.003236230760516852
8597.685457871281 0.0031452538130136497
8599.118530954822 0.0032034727843704017
8600.551842902725 0.003335248110395358
8601.98539375498 0.003353436485025116
8603.419183551581 0.003328815487408718
8604.853212332513 0.003330884454471963
8606.287480137764 0.003366541949430542
8607.721986997329 0.003417473341624747
8609.156732971189 0.003378301016463091
8610.591718079342 0.003210047060963536
8612.02694238177 0.003132183589491681
8613.462405898468 0.003261989918267535
8614.898108679421 0.003382500260012166
8616.33405076462 0.003388972519176455
8617.770232194056 0.003372935535124584
8619.206652997715 0.0033933774959788478
8620.643313235585 0.0033386480028934577
8622.080212927662 0.0032431828640588317
8623.517352123929 0.00338057873167511
8624.954730864376 0.003510428208259467
8626.392349178996 0.0035041219969668496
8627.830207127772 0.003489107790909376
8629.268304730702 0.003472746553078651
8630.706642037767 0.003451247825879418
8632.14521907896 0.003426305816851787
8633.58403591427 0.0034534776357343596
8635.023092563686 0.003449219479279334
8636.462389077196 0.0034214141117645635
8637.90192549479 0.0034536232051105707
8639.341701846459 0.003448747824251101
8640.781718182194 0.0034012625635009433
8642.221974541977 0.0033414085378060867
8643.662470965799 0.003381498522496549
8645.103207493652 0.0034659938354921135
8646.544184155526 0.0034321562430106303
8647.98540100141 0.0033051797307259156
8649.426858071289 0.003256568678790416
8650.868555395158 0.003269736385880204
8652.310493033003 0.0032323091936186797
8653.752671004811 0.003185907186210877
8655.195089360575 0.0031352047408654163
8656.637748140281 0.0030298927084827527
8658.080647373927 0.0027744818270476375
8659.523787121487 0.0023617466667986966
8660.967167402963 0.0018166023030866537
8662.41078826834 0.0015968245915107388
8663.854649757606 0.00198755757036577
8665.29875191075 0.002475763293774444
8666.743094767762 0.0027918244084800584
8668.187678368633 0.0029881580593009147
8669.632502743349 0.0031454916454401877
8671.077567951903 0.0032075168367624867
8672.522874014281 0.0031844981219207803
8673.96842099047 0.003031368180803677
8675.414208900465 0.0030235652159884227
8676.860237794253 0.003322632861006839
8678.306507721822 0.003383294054293953
8679.75301870316 0.003296626701714251
8681.199770788262 0.003270825484567332
8682.646764027108 0.0032036272398517393
8684.093998439695 0.003289765238739872
8685.54147408601 0.003390480230363043
8686.989190996039 0.0031606112671419394
8688.437149209774 0.002875836844812409
8689.885348767204 0.0030543707773372747
8691.333789708322 0.0032956032180748228
8692.782472083107 0.0033663349651742083
8694.231395921559 0.0034721360923525954
8695.680561263658 0.0035095729806278284
8697.129968149404 0.003461380994577186
8698.579616628773 0.003325353306519279
8700.029506731764 0.003320562258080556
8701.479638498362 0.003376947204387796
8702.930011978558 0.0033737455754541475
8704.380627202341 0.0034470420111260476
8705.831484219698 0.0035097055822932957
8707.282583070617 0.003481736968046185
8708.733923775095 0.0034479715967742196
8710.185506403112 0.003385780089246449
8711.63733097466 0.0033345960868063854
8713.089397529733 0.0032770704176347484
8714.541706128311 0.003433955214515866
8715.994256790389 0.0035340719881711167
8717.44704955596 0.00346769078202212
8718.900084485005 0.0034162630595632234
8720.353361597518 0.003484358982251653
8721.806880943484 0.0035653469258874054
8723.260642562898 0.003540062542705938
8724.714646495744 0.0034918980704638047
8726.168892782012 0.0034792731864616636
8727.623381461693 0.0034326010723463255
