wave,flux,uncertainty
4000.41272063509,0.011845095317823962,0.5619993805885315
4001.8324536307405,1.1609568722756478,0.5645517330351758
4003.2521866263914,1.7468013781255962,0.567520832528111
4004.671919622042,-4.851268684846943,0.576917202711529
4006.0916526176925,0.06630967707530999,0.5713864663264105
4007.5113856133435,-6.894293302001543,0.5772391809713502
4008.931118608994,-6.1452439267952315,0.5760458109132838
4010.350851604645,-3.2290741753891155,0.5771646118066016
4011.7705846002955,-6.34102429117182,0.5862187407383477
4013.190317595946,-14.341486863995812,0.5999324276868057
4014.610050591597,-5.085901736671829,0.5849001207730078
4016.0297835872475,-9.80990344472113,0.5862136565920952
4017.449516582898,-9.727995738355602,0.5885187917948052
4018.869249578549,-17.1379628493481,0.5968148050580241
4020.2889825741995,-15.214906416692656,0.6014320907093117
4021.7087155698505,-13.841866051926317,0.6004027483177693
4023.128448565501,-15.858281822547482,0.6060765914546045
4024.5481815611515,-24.01661861483418,0.6224915927607483
4025.9679145568025,-28.612815010812916,0.6319880431507211
4027.387647552453,-26.856074854250004,0.631095115338055
4028.8073805481035,-18.155811096470913,0.6189434665475848
4030.2271135437545,-19.83744303360246,0.6181289272311955
4031.646846539405,-14.30956180299404,0.6137561300768505
4033.0665795350556,-12.564872739207942,0.6081202521590514
4034.4863125307065,-12.758017717971143,0.6070264956658945
4035.906045526357,-12.452719853694262,0.6029260040833634
4037.325778522008,-6.729481309263974,0.5942354923691117
4038.7455115176585,-5.077433353919602,0.5912814892912218
4040.165244513309,-5.057157023691701,0.5935741196562959
4041.58497750896,-5.5362249621637005,0.5939730533782056
4043.0047105046106,-1.9084671955145467,0.5888268102529758
4044.424443500261,-1.931971461459284,0.5797068061851551
4045.844176495912,0.22081904476962677,0.5635215307783235
4047.2639094915626,-0.9783390543113057,0.5657860330301828
4048.6836424872135,-5.218169329434019,0.5871427509140181
4050.103375482864,-2.507669439484303,0.5881353584554804
4051.5231084785146,-1.225068727784091,0.5897525811275423
4052.9428414741656,-3.926671349476379,0.5904131725114788
4054.362574469816,-1.3382489931325239,0.5902931736626696
4055.7823074654666,-0.09956131292049974,0.5916693219139082
4057.2020404611176,-0.952379615810159,0.5934733190472311
4058.621773456768,1.922459882865013,0.5877524207112865
4060.0415064524186,-0.018312447839576862,0.5867209393408088
4061.4612394480696,2.4465321377808777,0.5849332399078873
4062.88097244372,2.641027893509431,0.5830986361281948
4064.300705439371,1.1397625124239426,0.5817458695983851
4065.7204384350216,-0.36106533091020765,0.5826036200617564
4067.140171430672,2.4746749733719327,0.5838318980060629
4068.559904426323,3.765437999478465,0.5844491381531975
4069.9796374219736,0.7794542369537965,0.5863752664424745
4071.399370417624,0.16116807331819416,0.5909794929681156
4072.819103413275,1.386617749431963,0.5881430721441161
4074.2388364089256,5.271945606546211,0.582439011653483
4075.658569404576,5.193362566059932,0.577905773836299
4077.078302400227,3.255308988505405,0.5788076377548869
4078.4980353958777,4.696733642731175,0.5797539482935101
4079.9177683915286,1.6818874869294973,0.5871887428994244
4081.337501387179,4.664254014459601,0.5816740622126773
4082.7572343828297,4.762705056363018,0.5803230161813947
4084.1769673784806,8.581275301038943,0.5781260691827405
4085.596700374131,4.792765687201651,0.5830761508571407
4087.0164333697817,3.160229388876502,0.5867485698213937
4088.4361663654327,5.488349854280841,0.5854281904341775
4089.855899361083,0.7119416589265342,0.5922398299096319
4091.275632356734,4.195754819941428,0.5885566708829154
4092.6953653523847,4.454795326188332,0.5880584355437448
4094.115098348035,6.056910259800219,0.5864921453333377
4095.534831343686,4.441396403295101,0.5877103838138134
4096.954564339337,5.196703303416896,0.5888125765234111
4098.374297334987,3.849732586395305,0.5795567332841682
4099.794030330638,1.049034609551299,0.5836006706182028
4101.213763326289,5.332764901723806,0.5843849952096698
4102.63349632194,2.657026393214551,0.5909179508021563
4104.05322931759,2.1501703403305754,0.5945890430171835
4105.472962313241,3.496210211371107,0.5934194733059275
4106.892695308891,-0.08391080468545908,0.5946293522113201
4108.312428304542,5.072146811135241,0.5863235076934098
4109.732161300193,7.239721296684436,0.5815794891163306
4111.151894295844,3.1996583251833073,0.5896860518365247
4112.571627291494,9.882539166340038,0.585874124101501
4113.991360287145,5.657145145812976,0.5894028580146857
4115.411093282795,3.2854959785316,0.594156779891017
4116.830826278447,1.1350370436237114,0.6021924976473539
4118.250559274097,3.700640749920865,0.6004126062072472
4119.670292269748,-1.951108893215192,0.6084266240600473
4121.090025265398,-4.845211713069787,0.6141222558207085
4122.509758261049,-9.72117366903069,0.6197430688566317
4123.9294912567,-5.245824559288309,0.6128427211408172
4125.349224252351,-5.111941626689628,0.6121382061533638
4126.768957248001,-5.140404633469416,0.6184446082808442
4128.188690243652,-5.839445308205498,0.6162685382133843
4129.608423239302,1.0606769989703082,0.6090044444109843
4131.028156234953,-3.221361957185465,0.6113251590815043
4132.447889230604,-5.922682642166734,0.613762665577364
4133.867622226255,0.19865460266269963,0.6032168477542841
4135.287355221905,-2.2241822627657797,0.6046785936940521
4136.707088217556,-0.7729375851169067,0.6090715982015134
4138.126821213206,-3.49137133735978,0.6129558630239134
4139.546554208858,-3.2729887801127546,0.6169421702460453
4140.966287204508,-0.7556308939336844,0.6165416167161883
4142.386020200159,-5.986572333648752,0.6236096257783423
4143.805753195809,-3.8804670153583345,0.6201895577120913
4145.22548619146,-3.17365284636422,0.618732477900093
4146.64521918711,-2.510911448690692,0.6169405501753332
4148.064952182762,-3.104555546681084,0.621164460508482
4149.484685178412,-6.184755684933535,0.6254864873179302
4150.904418174063,-2.195076910331167,0.6227859877624343
4152.324151169713,-1.4595988979720431,0.6207538273329246
4153.743884165364,-2.8153601439696843,0.6228104760211141
4155.163617161015,-4.336249748847095,0.6222886193463106
4156.583350156666,-1.2021095684886802,0.6144651900288279
4158.003083152316,0.8925916017035007,0.6121205450904995
4159.422816147967,2.0278342950889083,0.6088568450952753
4160.842549143617,2.4648791614235535,0.6106358228375627
4162.262282139268,-1.991794346064097,0.6204047319894361
4163.682015134919,0.7319598296872982,0.615956708076026
4165.10174813057,2.9610868589557526,0.6120832028330193
4166.52148112622,-0.6203501612336453,0.616516604299079
4167.941214121871,1.0362799546968091,0.6151198003841681
4169.360947117521,-4.4565734971216955,0.6252614247095893
4170.780680113173,3.5967598236800598,0.6137174770131245
4172.200413108823,-0.1442509891864887,0.6200737657794051
4173.620146104474,-1.982496365951107,0.6249562499957366
4175.039879100124,0.4288182277895629,0.6214069956262886
4176.459612095775,-0.7129401352343478,0.6212608720343825
4177.879345091425,-3.1143040678095417,0.6235969466788166
4179.299078087077,-0.4993227599613732,0.6183881901185995
4180.718811082727,5.136847470041133,0.6144727538980856
4182.138544078378,-1.1182404259666328,0.6216119654298401
4183.558277074028,1.2067585534568508,0.6222715351352469
4184.978010069679,0.303475964144738,0.6228606602587735
4186.39774306533,1.7854750504476016,0.6239474515772644
4187.817476060981,-2.0074846142816085,0.6277737966562376
4189.237209056631,-1.3092177709336,0.6273852945853494
4190.656942052282,2.5607634626006046,0.6236662983289314
4192.076675047932,-0.8363200966678619,0.6244876548690416
4193.496408043584,4.416242148725232,0.6215615840195641
4194.916141039234,2.7970695654755673,0.6212627906804019
4196.335874034885,1.805898487367088,0.6241434944344937
4197.755607030535,4.233279018399855,0.6171727440780164
4199.175340026186,3.5269838814813568,0.6182827166029867
4200.5950730218365,4.227783642538213,0.6190970036221368
4202.014806017488,4.325951194768663,0.6186469800110018
4203.434539013138,5.7680336307851405,0.6192471559829382
4204.854272008789,4.238447797268691,0.6211607534181564
4206.2740050044395,2.4897475519963024,0.6260281025710297
4207.69373800009,0.24973075044245263,0.6260648503545718
4209.113470995741,0.5065556899381107,0.6232912655619577
4210.533203991392,2.900557494692265,0.6203797693038005
4211.952936987042,1.1686726965541112,0.6238540683031362
4213.372669982693,3.5916793276949193,0.6216973964934157
4214.7924029783435,3.3614796995848337,0.6236550432815299
4216.212135973994,1.4102898598063973,0.6298846912106458
4217.631868969645,1.531928880922095,0.6323892482243811
4219.051601965296,0.7321508242376922,0.6307387535624589
4220.4713349609465,0.7597518153924625,0.6354416596179943
4221.891067956597,1.0388729504621352,0.6328263690809501
4223.3108009522475,2.288495594915773,0.6320415002026136
4224.730533947899,-1.228163834577984,0.6369978879707973
4226.1502669435495,-0.7562770004630153,0.6378471190835486
4227.5699999392,0.2276543252125407,0.6354422765172205
4228.9897329348505,2.167096613125267,0.632712335378579
4230.409465930501,2.196834033938714,0.6325252294398445
4231.829198926152,0.8935401357728523,0.6371605640789956
4233.248931921803,-0.4155010590830841,0.6354555779126686
4234.6686649174535,-0.4033173396986882,0.6335664889836881
4236.088397913104,0.44592547539295424,0.6345977981930165
4237.5081309087545,0.620547182111352,0.6371210708696936
4238.927863904405,3.732397816168884,0.6319356947502248
4240.3475969000565,1.6015973267137582,0.6328209920602051
4241.767329895707,-0.4331626997507527,0.6382047576593163
4243.1870628913575,1.8832877175883453,0.6366552751863955
4244.606795887008,2.9661931239842687,0.6341965574663009
4246.026528882659,3.7262382437831576,0.6322016467065483
4247.446261878309,-0.011286490274954986,0.6377769749584093
4248.8659948739605,3.64474615574467,0.6362752714492552
4250.285727869611,-0.46523743919115645,0.6441453576580284
4251.705460865262,2.173340348820787,0.6155603409460544
4253.125193860912,3.7764397622844683,0.5931485645193563
4254.544926856563,-0.6520053069393015,0.6210226325101431
4255.964659852214,-0.10565072646367923,0.6437529503778912
4257.384392847865,2.644677369909701,0.6383118020949595
4258.804125843515,2.8809178958808417,0.6359564814418347
4260.223858839166,0.24045384046820573,0.6423458322956984
4261.643591834816,1.505604982330297,0.6427853677794384
4263.0633248304675,1.1822674939317181,0.6409835615820164
4264.483057826118,0.66955394165916,0.6395316581463016
4265.902790821769,1.0710197086951467,0.639897580232838
4267.322523817419,-1.2400773408967325,0.6451043349986709
4268.74225681307,2.051709531732172,0.6444435017818391
4270.16198980872,-1.0475747024058393,0.6471857964446447
4271.581722804372,2.2136092386763977,0.6410420893085562
4273.001455800022,2.807480970314188,0.6363298721648557
4274.421188795673,3.2359399970951728,0.6382629994456818
4275.840921791323,1.2992972143970434,0.6443573952119238
4277.260654786974,0.5497905553133791,0.6462499384078698
4278.680387782625,0.2592127585223949,0.6466923049195538
4280.100120778276,-0.11899585986918737,0.647281553480576
4281.519853773926,3.1580955153785197,0.6379327643636047
4282.939586769577,1.7897291444054844,0.6417309453147454
4284.359319765227,1.572074277447328,0.6427670266190003
4285.779052760878,-2.0377237204495913,0.6529549918054937
4287.198785756529,-0.5799724264257264,0.6512616323485556
4288.61851875218,2.119632265299444,0.6461802498259901
4290.03825174783,0.19431154195942213,0.6473349398002285
4291.457984743481,-1.5873814604040604,0.6486019947790511
4292.877717739131,0.3570118359576213,0.6467474382892449
4294.297450734783,2.547804026538259,0.6439727197592863
4295.717183730433,1.9080682159391245,0.6484517035572024
4297.136916726084,-1.755945000730435,0.6555003712956001
4298.556649721734,-2.1751857981163596,0.6582730697140762
4299.976382717385,0.807193889528449,0.6525261999143476
4301.396115713036,1.1617639482413153,0.6494156136027276
4302.815848708687,0.47550515836968543,0.6505262701202614
4304.235581704337,2.9237859625049936,0.6476422376758482
4305.655314699988,0.18559378830123308,0.6494138343650513
4307.075047695638,0.3747601717143425,0.6482120835468496
4308.494780691289,2.085194126130773,0.6456894737147719
4309.91451368694,-0.319279116717496,0.6519859672589678
4311.334246682591,-2.367877485017374,0.6603595223624225
4312.753979678241,-3.01373060153945,0.6599123576262914
4314.173712673892,0.7882557876693994,0.6539140677073189
4315.593445669542,-2.0053885898084047,0.6512591961551137
4317.013178665193,2.9022014778255425,0.649205118432643
4318.432911660844,-1.6287851573484744,0.6587171151086129
4319.852644656495,0.18606498657726434,0.6576550624581127
4321.272377652145,-3.3729832214779663,0.6594945754172103
4322.692110647796,0.5967564939122099,0.6545235170414604
4324.111843643446,1.065121915811659,0.6587006692227022
4325.531576639098,1.3338290808597577,0.6582891541758848
4326.951309634748,2.6732977033425414,0.6569932295179541
4328.371042630399,-0.4145904326840082,0.6584835752842658
4329.790775626049,-0.3812707511294775,0.6605933234700688
4331.2105086217,-0.12364919406172703,0.6662830747074995
4332.630241617351,0.3452231476657346,0.6631860737091613
4334.049974613002,2.6470029329164504,0.6592647630408563
4335.469707608652,0.8108025968133887,0.66120546933264
4336.889440604303,0.5154789578547678,0.6618319450722263
4338.309173599953,1.3706316653073571,0.6621128716040002
4339.728906595604,2.788002428958521,0.6611104449112643
4341.148639591255,0.0,0.6709548662949153
4342.568372586906,-1.6497752519897375,0.6714600405066062
4343.988105582556,1.5779204040335344,0.6621490328478095
4345.407838578207,-0.1784948161271558,0.6632896217497005
4346.827571573857,-1.382626077219271,0.6637043404850722
4348.247304569509,-0.9065569889473011,0.6665758736047397
4349.667037565159,-0.7427218094258876,0.6712897102081663
4351.08677056081,-0.717768416089072,0.6744917831000873
4352.50650355646,-1.8298875915783697,0.6741264640485798
4353.926236552111,1.2952548045497139,0.6714032268421058
4355.345969547761,1.3461966699007775,0.6643742120138391
4356.765702543413,2.1690828321338103,0.6417060744549411
4358.185435539063,-0.505745075796824,0.6157826652594126
4359.605168534714,1.1861406855239949,0.6305943091053684
4361.024901530364,1.7199329338276357,0.660123129535789
4362.444634526015,-1.2313583702804891,0.6738525439332147
4363.864367521666,-0.09977242964450284,0.6776484159467944
4365.284100517317,-0.025445052156086945,0.6810650992603143
4366.703833512967,-0.3486617453806531,0.6838901973427935
4368.123566508618,-0.6362516218226375,0.6845504714446513
4369.543299504268,0.9891290814221207,0.6814833104235659
4370.96303249992,-0.16068682567075143,0.6886193288805132
4372.38276549557,0.4825990792814707,0.6875971495273205
4373.802498491221,-2.4817814279648616,0.691082739991442
4375.222231486871,-2.378470509351942,0.690434476358039
4376.641964482522,-0.5002346607672621,0.6899551101863526
4378.061697478172,-0.4970385643433701,0.6930730620486926
4379.481430473824,-1.25308105439035,0.6953457108054046
4380.901163469474,-2.414585666588863,0.6991047487420236
4382.320896465125,-1.466412904211964,0.69562173862335
4383.740629460775,-3.9866961569077546,0.7039589036798914
4385.160362456426,-3.3744553210438752,0.7089725176302828
4386.580095452076,-6.440581729414461,0.7162964450034686
4387.999828447728,-9.995771017209869,0.7280569666222698
4389.419561443378,-8.916397231913088,0.7208817690153712
4390.839294439029,-8.109208620916348,0.722106935869399
4392.259027434679,-7.35152755021052,0.7204650639964053
4393.67876043033,-4.706286672985378,0.7152603899306168
4395.098493425981,-3.2562488266319605,0.709047615314328
4396.518226421632,-1.9567456589392407,0.7038666745320935
4397.937959417282,-4.189875645034746,0.7088437998405768
4399.357692412933,2.3697549625953087,0.7014598784284564
4400.777425408583,-2.601203762708927,0.7073753514704784
4402.197158404235,-1.0300344354513769,0.7045254850327621
4403.616891399885,0.6986761659071874,0.7022997589441883
4405.036624395536,1.5499513447413875,0.7001596248459566
4406.456357391186,-1.7891498940216337,0.7078401444845911
4407.876090386837,-0.4467794115539334,0.7009122402812145
4409.2958233824875,1.1965942924046402,0.6983529340079968
4410.715556378139,3.21201443124594,0.7024820792610894
4412.135289373789,-0.006825040419165873,0.704545474830066
4413.55502236944,1.5129148417384997,0.7025014804195501
4414.9747553650905,2.1340953522013777,0.7030691648158679
4416.394488360741,1.2833712479079225,0.7030801308433448
4417.814221356392,1.6697063764722913,0.7015519156464963
4419.233954352043,2.938962328798752,0.6986266266500163
4420.653687347693,3.30794955708204,0.6975347620768291
4422.073420343344,1.3418060227962485,0.7069230733545528
4423.4931533389945,3.5904398007723586,0.7008236589021047
4424.912886334645,3.2909277296177777,0.7013139218599133
4426.332619330296,0.5751865446879592,0.7079767258434315
4427.752352325947,1.5887336777410326,0.7071001783417648
4429.1720853215975,0.9149039624407891,0.706636314379408
4430.591818317248,1.0320401327875075,0.7043016338891663
4432.0115513128985,6.133972699895615,0.6932939489750772
4433.43128430855,-1.6420561606306734,0.7183939277645008
4434.8510173042005,-1.0503043487306343,0.719759693618308
4436.270750299851,0.7092607353205977,0.7104523129269509
4437.6904832955015,-4.002140929731553,0.7194189949192211
4439.110216291152,-3.1660897647692536,0.7186270849283716
4440.5299492868035,-1.214630170745174,0.7188891682796683
4441.949682282454,-1.6004112261468677,0.7209744352320727
4443.3694152781045,-2.984532067602956,0.7267922689591547
4444.789148273755,-3.673562745986281,0.7274601485216671
4446.2088812694055,-1.582299541965405,0.7184042789882298
4447.628614265056,-4.613943560295596,0.7333730237533846
4449.0483472607075,-2.479054688596875,0.726560548449853
4450.468080256358,-3.395026072792568,0.7280518347066859
4451.8878132520085,-5.418460616933345,0.7310857327798446
4453.307546247659,-5.831014132125077,0.7348535632900611
4454.72727924331,-4.802609679265771,0.736564169656614
4456.14701223896,-7.464260258231555,0.7410794332425592
4457.5667452346115,-8.76160417122383,0.7424487824377356
4458.986478230262,-12.121563997030059,0.7511530905076953
4460.406211225913,-10.83752572965355,0.7525314578818201
4461.825944221563,-12.18569149751611,0.7585128196022748
4463.245677217214,-12.51136432883576,0.7583986929789938
4464.665410212865,-16.03954255525641,0.7721523329767394
4466.085143208516,-15.56050695405957,0.7717264652117856
4467.504876204166,-17.237687781525402,0.7712667976215623
4468.924609199817,-17.113489759533778,0.7715117419776977
4470.344342195467,-22.273802964799252,0.8036158144835374
4471.7640751911185,-25.717736019535714,0.818669623096465
4473.183808186769,-23.625642337446543,0.8080124023511411
4474.60354118242,-19.99910661072697,0.789813051085017
4476.02327417807,-17.852608970183255,0.7835603894836396
4477.443007173721,-13.321495348225795,0.7672819617313469
4478.862740169371,-14.022285266608606,0.7691484501562725
4480.282473165023,-11.083510396314189,0.7594920388061928
4481.702206160673,-11.98311070821255,0.7563710693874686
4483.121939156324,-13.204601426547832,0.7604219167034829
4484.541672151974,-11.142346399164417,0.7552335039762318
4485.961405147625,-7.2449360786535735,0.7442782292644202
4487.381138143276,-6.929650611513672,0.7424231116294234
4488.800871138927,-4.356527535959302,0.7323110780477947
4490.220604134577,-4.6323642070792275,0.7362336778649123
4491.640337130228,-2.4062773728176907,0.7336789322052175
4493.060070125878,-5.068409095078813,0.7392341812171404
4494.479803121529,-3.6951317409686624,0.7383171277435484
4495.89953611718,-3.4959098462611635,0.7353853071805871
4497.319269112831,-1.2700631990109343,0.7289185818407378
4498.739002108481,-0.45095135631272854,0.7266073614732605
4500.158735104132,-0.6750460301437471,0.7303694575464474
4501.578468099782,-2.6093781860367997,0.7360202677105782
4502.998201095434,-2.0891088971294494,0.7329461721603409
4504.417934091084,-1.9694637009231641,0.7358116040181558
4505.837667086735,1.131348414441618,0.7273356298640956
4507.257400082385,-2.215948234581006,0.7355050394810376
4508.677133078036,-0.15156581560423632,0.7288945195584953
4510.096866073687,-0.05155199317521664,0.7253822848177807
4511.516599069338,0.8736197096278104,0.723879703645919
4512.936332064988,-0.5010085389535419,0.7232818709138094
4514.356065060639,1.738388675114166,0.7208053412129234
4515.775798056289,0.24833060713837796,0.7292538990380443
4517.19553105194,-1.2595567720781204,0.734541123448156
4518.615264047591,-2.1146180265832655,0.738910413444951
4520.034997043242,-3.802082476793643,0.7432207648551913
4521.454730038892,-1.8957309433259866,0.7375997128813762
4522.874463034543,-0.5997183243023159,0.7354980570063914
4524.294196030193,-2.593243139103663,0.7404743358500073
4525.713929025844,-1.670447174731187,0.739108369865752
4527.133662021495,-3.1480245399102387,0.7402957856419442
4528.553395017146,-2.021856822197229,0.7375149559911155
4529.973128012796,-1.8201234950009209,0.7384342558455493
4531.392861008447,-1.911609405294925,0.7412135677415763
4532.812594004097,-1.2196799695840141,0.7388239143356523
4534.232326999749,0.6790154987554473,0.7309302720701925
4535.652059995399,0.9809526002251729,0.732280145505489
4537.07179299105,-1.4632715043159763,0.7388597954545704
4538.4915259867,-3.3759505612704785,0.743495347147503
4539.911258982351,0.2712825148632163,0.7363452952499137
4541.330991978002,-1.9457015264205566,0.738814570333467
4542.750724973653,0.3452853182582203,0.7354127052794609
4544.170457969303,0.09044395703369901,0.7300645022635439
4545.590190964954,1.602754682410918,0.7236186704934844
4547.009923960604,-0.3318614367605903,0.7310158503858762
4548.429656956256,-0.20213442357862732,0.7361282756469817
4549.849389951906,1.3127324640551095,0.7330947145159369
4551.269122947557,-0.9702042248615115,0.7358912879827638
4552.688855943207,0.12127829536142798,0.7355453804152213
4554.108588938858,-0.4298570338675134,0.7352629891507276
4555.528321934508,1.4873643333114401,0.7345380274357991
4556.94805493016,0.7985495400234015,0.7363064843875008
4558.36778792581,1.412252419099353,0.7334147198888449
4559.787520921461,0.7631414339424722,0.7356990134863923
4561.207253917111,0.6081103510001356,0.7365011481155909
4562.626986912762,2.2290521581154366,0.7300244948689467
4564.046719908412,0.9214777884551353,0.7362818596659397
4565.466452904064,3.1822648706613705,0.7294392457096629
4566.886185899714,1.1496943477637558,0.7335274483589892
4568.305918895365,1.39379001884204,0.7356374767581079
4569.725651891015,0.7223803223192249,0.7387908718823731
4571.145384886666,0.12042988490281203,0.7385576001414486
4572.565117882317,1.0333381134383757,0.7363612911449942
4573.984850877968,2.3373297309948313,0.7303192511684373
4575.404583873618,2.3276902346680473,0.7201600571151903
4576.824316869269,-0.934574700910936,0.6877809947696205
4578.244049864919,1.2948034275697609,0.6803301507251233
4579.663782860571,3.2971405162434166,0.6923603495369739
4581.083515856221,-0.32734013622465596,0.7415222904167769
4582.503248851872,-1.0114327903083549,0.7438306366463953
4583.922981847522,0.4642233826840467,0.739522474581817
4585.342714843173,-1.3054087642777432,0.7409860677642259
4586.762447838823,3.47904984431986,0.7350836046554189
4588.182180834475,1.4746109053848144,0.7339003542433669
4589.601913830125,4.167292554217084,0.7304965952499991
4591.021646825776,0.23147452570006521,0.7381630597093423
4592.441379821426,-0.9306359183000126,0.7414165855296181
4593.861112817077,0.6401684313195091,0.7382433279180012
4595.280845812727,1.4665391395857768,0.7415799766012443
4596.700578808379,1.0689351427783294,0.7407929847223971
4598.120311804029,1.940533111138194,0.7352204605330983
4599.54004479968,2.4416870316719255,0.7371955464230259
4600.95977779533,-0.5717102505571674,0.7477997578819037
4602.379510790981,3.61584933138856,0.7378050816040237
4603.799243786632,1.274700108093107,0.7408688828496924
4605.218976782283,2.291950913787211,0.7378141335164937
4606.638709777933,0.733915042203293,0.741656326707792
4608.058442773584,1.0469856178680388,0.7420435008023794
4609.478175769234,1.6051057223258027,0.7423287163847481
4610.897908764886,1.0029201514979604,0.7444419623087223
4612.317641760536,0.5997183243023159,0.7469136329966977
4613.737374756187,1.407237269913992,0.7435745870991473
4615.157107751837,1.5299220341526478,0.7449894353231117
4616.576840747488,1.1662297538969284,0.7442841195781695
4617.996573743139,0.8882468548382221,0.7462483252301033
4619.41630673879,1.9348815092977176,0.7465980934576529
4620.83603973444,-0.4192909401186782,0.7514803019899146
4622.255772730091,0.6092234349716108,0.7500434679072228
4623.6755057257415,-0.6805617634359606,0.7510034786869607
4625.095238721392,-0.04026516903412869,0.7502826931548416
4626.514971717043,-0.047891487420322676,0.7497034068953539
4627.934704712694,1.2383668102614038,0.7486320437348308
4629.354437708344,0.6262412829616082,0.7491365369245206
4630.774170703995,1.394607405332529,0.7484908667076974
4632.1939036996455,0.28389415028225784,0.7510247161720798
4633.613636695296,1.4666261081400052,0.7468540550006938
4635.033369690947,-0.009907012307991181,0.7531679178569248
4636.453102686598,0.6810403754075196,0.7500992657742093
4637.8728356822485,3.546977081660806,0.7388715753567545
4639.292568677899,0.8821523970793379,0.7426108603873216
4640.7123016735495,0.6447754085131976,0.7494573688606059
4642.132034669201,0.04987953926852384,0.7529571330715981
4643.5517676648515,2.0780201354633263,0.7479436426334419
4644.971500660502,1.1395896846063707,0.7486629196695145
4646.3912336561525,-0.2904107923373118,0.7540136152641301
4647.810966651803,0.01647045081215026,0.7545699366105442
4649.2306996474545,-1.8199264156286503,0.7607415565771429
4650.650432643105,0.7067122667167354,0.7512488104456629
4652.0701656387555,1.1247269546148502,0.7473965065012176
4653.489898634406,1.861414160346044,0.7437718476869295
4654.9096316300565,1.8149848761074807,0.7496826415268086
4656.329364625707,-0.7035168953031743,0.7554963174715664
4657.7490976213585,1.4159880664503675,0.7483075405271079
4659.168830617009,0.21881492309965012,0.7463609805268551
4660.5885636126595,-0.929031450669811,0.7490518903926496
4662.00829660831,1.5209142922295982,0.7459442092370638
4663.428029603961,1.9527218627454843,0.7474222747571265
4664.847762599611,0.0,0.7536378595215798
4666.2674955952625,0.7824385148359454,0.7508501366375987
4667.687228590913,-1.409877674505644,0.7581604885834071
4669.106961586564,-1.144385226111858,0.7566242387922946
4670.526694582214,3.097205482942691,0.7455953419878448
4671.946427577865,1.0154660255216825,0.7503201457779168
4673.366160573516,-0.6708094463195451,0.7552626149537958
4674.785893569167,0.8810175957711337,0.7506209514773768
4676.205626564817,-0.045859903793150636,0.7524881121374066
4677.625359560468,0.2853230195799057,0.7539054038205817
4679.045092556118,2.3599028604980674,0.7500477571918641
4680.4648255517695,2.6919665541175704,0.7464787090583406
4681.88455854742,1.884832672171619,0.7415055866313637
4683.304291543071,-0.3054598031373388,0.7587798753517377
4684.724024538721,0.43385870845610697,0.7569560090291143
4686.143757534372,-1.6995914890951838,0.7676126823338513
4687.563490530023,-0.9489151718522066,0.7602483537379737
4688.983223525674,-1.144354820035943,0.7631743712795747
4690.402956521324,-1.6344263526242742,0.7674933483760208
4691.822689516975,-1.5301352874985952,0.7666889662284431
4693.242422512625,1.0466904789132343,0.7562083077487887
4694.662155508276,4.884465125073518,0.7439012989791024
4696.081888503927,0.04574239471261876,0.7521604416718991
4697.501621499578,1.3088365091203684,0.7557837658157617
4698.921354495228,-0.6767449200060796,0.7624918019031381
4700.341087490879,-0.5902199919124058,0.763869732895289
4701.760820486529,0.15121341154652157,0.7642415936911989
4703.18055348218,-1.8191191896501877,0.7763093903707875
4704.600286477831,-1.890088844898976,0.7762948739545509
4706.020019473482,-0.09692327188951566,0.7709285702923971
4707.439752469132,-2.6537808008454817,0.7756131349474147
4708.859485464783,-2.482434441061777,0.7733784627037213
4710.279218460433,-5.50129917708589,0.7863209845247273
4711.698951456085,-10.587857040427423,0.8062344641221184
4713.118684451735,-11.726691717330858,0.8188618013897709
4714.538417447386,-15.280836993781243,0.8255364308335321
4715.958150443036,-13.194528830398774,0.8234766891244409
4717.377883438687,-10.241335682798564,0.8115909201479676
4718.797616434338,-7.960279616989013,0.8016519089203753
4720.217349429989,-4.056778993154495,0.7865752409521048
4721.637082425639,-2.1842322053451113,0.7795164669350318
4723.05681542129,-2.9908167892086013,0.7816068266433236
4724.47654841694,1.3610697488052068,0.7670312605393805
4725.896281412592,-1.4734145147059508,0.7769487508771881
4727.316014408242,-1.9831475696681338,0.7815291915947806
4728.735747403893,-0.9995228633615696,0.780610772357857
4730.155480399543,-1.7926616610285322,0.7816646766574424
4731.575213395194,-1.7096390805904846,0.7826677033893744
4732.994946390844,-1.4776988511143188,0.7846092544776987
4734.414679386495,-1.6878496960263334,0.7857206347178104
4735.834412382146,-1.7270180600970448,0.7848687730377191
4737.254145377797,0.7940643922920145,0.7762011367187026
4738.673878373447,0.7147703506446348,0.7705389150464677
4740.093611369098,-1.3986992925434691,0.7755173347387511
4741.513344364748,1.2060285027570146,0.772066090057672
4742.9330773604,1.887000977570608,0.770366451301347
4744.35281035605,-0.2703544011123782,0.7758197104474089
4745.772543351701,-0.01995391755171738,0.7777718442624612
4747.192276347351,-0.452570717446406,0.7796052462392973
4748.612009343002,-0.4432521733780419,0.7833914974323718
4750.031742338653,1.1417965227210232,0.7796118390292268
4751.451475334304,1.7028759469452126,0.7768540805582433
4752.871208329954,-0.21630311299555416,0.7829677401820747
4754.290941325605,3.5462448623897913,0.7743480312627953
4755.710674321255,0.9223436865625771,0.7768055742158337
4757.130407316907,0.8839255716438643,0.7782297061213257
4758.550140312557,0.9196086298507566,0.7812978687423207
4759.969873308208,-0.8147574742252601,0.7864244666365366
4761.389606303858,2.544392688028381,0.7791094544251302
4762.809339299509,2.4416128319852177,0.7766880072420164
4764.229072295159,1.8895187561831932,0.779144977174876
4765.648805290811,0.7090354047912513,0.7854517323057343
4767.068538286461,0.21630311299555416,0.786272836648549
4768.488271282112,-0.8917451627157078,0.7900589835903576
4769.908004277762,0.5489212487112525,0.7837239780713534
4771.327737273413,-0.20105075588576682,0.7906297712354527
4772.747470269063,0.3056707194511432,0.7876787143992021
4774.167203264715,-0.16989704018669016,0.7860175453732352
4775.586936260365,0.3920905470533853,0.7823709212372647
4777.006669256016,2.1691183686598023,0.7790327668128186
4778.426402251666,0.7357962001140379,0.7874198382540373
4779.846135247317,0.10153991043829791,0.7898815380339564
4781.265868242968,-0.6523723141136912,0.7943052998889718
4782.685601238619,0.43148321223780073,0.790954350127318
4784.105334234269,2.111444213938647,0.7856120328619781
4785.52506722992,1.0005169688294515,0.7880061155894403
4786.94480022557,0.7437169229728511,0.7873593256014948
4788.364533221222,1.336615978470732,0.7878772550922102
4789.784266216872,2.1899041498336658,0.7836861931626746
4791.203999212523,0.5064436682437616,0.7901427049990207
4792.623732208173,0.7501185113021265,0.7899289796786029
4794.043465203824,-0.2232011215539842,0.7915877797319325
4795.463198199475,1.4542606850773367,0.7858409880653625
4796.882931195126,0.10505248961879943,0.7867676336643545
4798.302664190776,-0.5850468961786532,0.7886545643886342
4799.722397186427,-0.893901554891201,0.7938426021940422
4801.142130182077,0.8892762358674773,0.78982193131745
4802.561863177728,1.3768264122265066,0.786828713305801
4803.981596173378,0.28874846326510095,0.7927681672313971
4805.40132916903,1.6303984725820015,0.7863249287250506
4806.82106216468,2.0395431265520827,0.7858906763493465
4808.240795160331,1.9428415400140082,0.7857256297222187
4809.660528155981,0.9422238058794221,0.7891061949852372
4811.080261151632,-0.027306130633071746,0.7941561593488452
4812.499994147283,0.9860852721874807,0.7914744423739793
4813.919727142934,0.023670718701566784,0.7940374405510346
4815.339460138584,-0.25898606285194603,0.795819889348808
4816.759193134235,-0.004326936830473471,0.793618394282712
4818.178926129885,0.3563192621581237,0.7905818543569968
4819.598659125537,-0.11607066405717603,0.7916782686959971
4821.018392121187,1.1546810209468035,0.7882140720901805
4822.438125116838,0.544701930883555,0.7915922825039162
4823.857858112488,0.7114041417807186,0.7930645260985347
4825.277591108139,0.8485526621688209,0.7866889226724044
4826.69732410379,2.602774625536078,0.7868128239197837
4828.117057099441,0.08782702460276681,0.7942266299819742
4829.536790095091,-0.6310173944593558,0.7974807095142166
4830.956523090742,-0.4716377092473678,0.7971440162720955
4832.3762560863925,0.9463220375021422,0.7910359786170122
4833.795989082043,2.8898452120669447,0.7860570639535436
4835.215722077694,0.8952781991765733,0.7946146366094895
4836.635455073345,0.3727854038442473,0.7969367215273377
4838.055188068995,1.6815219013239044,0.7937791097640946
4839.474921064646,0.6350700981564046,0.7969340215258846
4840.8946540602965,0.3582302781876052,0.7988931498636284
4842.314387055947,0.9697585208650139,0.7913481809319675
4843.734120051598,0.9896147061422269,0.791419508094294
4845.153853047249,-0.6031934897270403,0.8035155570868127
4846.5735860428995,-0.48189758210350675,0.8008749149957833
4847.99331903855,-0.9268879472236549,0.8021299134487105
4849.4130520342005,0.7654409943775775,0.7931826482809948
4850.832785029852,-0.031190200829094294,0.8032632663989215
4852.2525180255025,-0.34970792789989247,0.8054699098434054
4853.672251021153,-0.9159884086613204,0.80914789396302
4855.0919840168035,-1.003527580019778,0.8098876636952965
4856.511717012454,0.1456992085259614,0.806876282675669
4857.9314500081055,1.1943311561479248,0.8051739819819553
4859.351183003756,-1.737658306162885,0.8126679469073302
4860.7709159994065,0.8502609460355117,0.808546275517029
4862.190648995057,-0.8346033646815414,0.8102943941349241
4863.6103819907075,-1.448641087765715,0.8141807312164738
4865.030114986359,-0.39388838403572635,0.8096015048141275
4866.4498479820095,0.6287972473853642,0.805402370042065
4867.86958097766,0.2973045285574756,0.8035336142430388
4869.2893139733105,0.45820994523767666,0.8016048338058289
4870.709046968961,-0.5715457795460992,0.8049550228243373
4872.128779964612,-0.008938426656506238,0.8015923935318183
4873.548512960262,0.27264952408348364,0.8043954302089792
4874.9682459559135,0.33045413230009046,0.8050051574047354
4876.387978951564,0.5712842100035331,0.8071094789493874
4877.807711947215,-0.792103112742339,0.8097250153095017
4879.227444942865,-2.948690076083487,0.8165475622692812
4880.647177938516,-0.7736350211411747,0.8031216412696777
4882.066910934167,1.4725934629593667,0.794325336966991
4883.486643929818,0.6133687195716604,0.8019557394641887
4884.906376925468,0.9382220564032409,0.8049995564365343
4886.326109921119,-0.6643986377833215,0.8084174304278486
4887.745842916769,-1.619855137976515,0.8120478729576877
4889.1655759124205,-0.6131153331016108,0.8079503027430736
4890.585308908071,-0.43627251599850325,0.8077502646000865
4892.005041903722,-1.0113664084456815,0.8114103808256834
4893.424774899372,0.9137510021899331,0.8079931383149673
4894.844507895023,-1.2132769541235433,0.8177653748071744
4896.264240890674,-3.3591594008992374,0.8283924168352068
4897.683973886325,-2.4574827070398513,0.8238412130697058
4899.103706881975,-4.216444172725758,0.8275955836326446
4900.523439877626,-3.265036265199157,0.8263457581632008
4901.943172873276,-0.5293961867574097,0.8169377200500033
4903.362905868927,-1.177460434581782,0.8233717531753012
4904.782638864578,-3.9980029557826455,0.831900480057051
4906.202371860229,-3.4702578029497744,0.8290353756743516
4907.622104855879,-2.632806401776186,0.8239714415966106
4909.04183785153,-3.965758274518258,0.831953577907811
4910.46157084718,-3.1754138446246145,0.829246723263438
4911.881303842831,-3.8885008341564955,0.8360428779254118
4913.301036838482,-4.658944546180457,0.8428204329302965
4914.720769834133,-7.228181069378834,0.8509199722852595
4916.140502829783,-5.2984594907794715,0.8461771174626788
4917.560235825434,-8.120881326866012,0.856630365062915
4918.979968821084,-9.115611848309179,0.8696489625249284
4920.399701816736,-10.664713133683414,0.8839018546009292
4921.819434812386,-14.058473130780648,0.8992775116420769
4923.239167808037,-14.499037172783055,0.9040731074845649
4924.658900803687,-14.362422405497675,0.9012095675318766
4926.078633799338,-9.509663887341631,0.8756255273574188
4927.498366794989,-9.127459144434553,0.8711186967736232
4928.91809979064,-8.266473094091836,0.8706854602321928
4930.33783278629,-6.203720787938792,0.8647383090566199
4931.757565781941,-6.182173845531686,0.8651024355193287
4933.177298777591,-4.808452349589139,0.8518862306983884
4934.597031773243,-3.423847368073581,0.8458560730268763
4936.016764768893,-3.6237414475316854,0.850948754657275
4937.436497764544,-2.237271891737855,0.8454575805508243
4938.856230760194,-1.9975520217539966,0.8434823276878444
4940.275963755845,-0.6372380244612899,0.8388685469364974
4941.695696751495,0.0,0.8346484412449858
4943.115429747147,-1.0592907781968393,0.8406544084291173
4944.535162742797,-0.6820142076082405,0.8450132024140378
4945.954895738448,-0.6028393239692491,0.8185776897433776
4947.374628734098,1.086288267039528,0.7787437700351318
4948.794361729749,-1.039636173667752,0.8364974563951667
4950.214094725399,-0.16525148305861848,0.8433908208504025
4951.633827721051,-1.3177385920547664,0.8477277880990708
4953.053560716701,-0.6689589814703467,0.8456312332944761
4954.473293712352,0.5435077341570107,0.8385664264131532
4955.893026708002,0.2865217757804075,0.8364657675926594
4957.312759703653,1.449158165013877,0.8376607927942722
4958.732492699304,-0.2740352624987068,0.8428816881268938
4960.152225694955,1.7633664364472423,0.834069432194854
4961.571958690605,3.5115781172129203,0.8252740150856809
4962.991691686256,1.670935507943618,0.8302282843913805
4964.411424681906,2.2776146807800686,0.8303684224020763
4965.831157677558,0.9340511767179436,0.8343474348027254
4967.250890673208,1.9502711103368355,0.8329458398959595
4968.670623668859,1.1822559862601452,0.8369023484723637
4970.090356664509,2.50699489158508,0.8299567706445677
4971.51008966016,3.828059524501768,0.8226381710334465
4972.92982265581,2.5973049268144095,0.8312034673218144
4974.349555651462,1.9400898770759554,0.8339657800413842
4975.769288647112,2.0012340925812993,0.8350271920458584
4977.189021642763,0.8796267466581327,0.8358073815877063
4978.608754638413,1.1200824349439955,0.8360705243164769
4980.028487634064,0.2543030916360678,0.8362110738364658
4981.448220629714,0.2226900569097765,0.8353502421441743
4982.867953625366,2.254077618980908,0.828753020197888
4984.287686621016,3.5498816732144007,0.8204932926454785
4985.707419616667,1.578554560813295,0.8269599014052543
4987.127152612317,-0.49223405128827125,0.8378986017828898
4988.546885607968,2.8918074083705534,0.8290437038476469
4989.966618603619,2.641129721641633,0.8288550991112716
4991.38635159927,2.1178883257348957,0.8316894861131415
4992.80608459492,1.0635577456668983,0.8387823613390312
4994.225817590571,1.9083943298945911,0.8370455494521314
4995.645550586221,2.637327976318673,0.834544493662081
4997.065283581873,0.45330168045982333,0.8422026641704862
4998.485016577523,-0.5060751731348532,0.851265606591624
4999.904749573174,-1.741126316890032,0.8559442050663563
5001.324482568824,-0.39667767242487884,0.8490154841702529
5002.744215564475,1.5615615444918163,0.8423545569694545
5004.163948560126,0.013158209433214552,0.8495171841820971
5005.583681555777,-1.0056420583460977,0.8566932742232278
5007.003414551427,-3.2533652711282883,0.8670721686264332
5008.423147547078,-2.0298526855407104,0.8641026494218168
5009.842880542728,-4.000022036642669,0.8722125848466344
5011.262613538379,-4.563986177399897,0.8790243128060566
5012.68234653403,-6.92262435635957,0.889942707236242
5014.102079529681,-10.125701246259446,0.9120407645445752
5015.521812525331,-12.5576306226315,0.9225235462119754
5016.941545520982,-12.547764233800656,0.9275097956822869
5018.361278516632,-7.820658991383084,0.903303884484062
5019.781011512283,-3.9807302316908775,0.8302899284408567
5021.200744507934,-3.1868917278256887,0.8211009345248156
5022.620477503585,-1.6690312095133706,0.8654204812273077
5024.040210499235,-0.596964903672351,0.859703257037309
5025.459943494886,-1.1706310650119178,0.8659497009865125
5026.879676490536,-0.36107200022361496,0.8571981137399148
5028.299409486188,2.198004040061747,0.8500399992214172
5029.719142481838,0.38363355356918305,0.8516369283125258
5031.138875477489,0.9708364634963544,0.8522222870934012
5032.558608473139,0.8255854492764456,0.8546339771022978
5033.97834146879,0.4544775961561669,0.8566940639367694
5035.398074464441,0.8187193969197395,0.8564695458256876
5036.817807460092,0.8468166084439233,0.856424185676921
5038.237540455742,-1.0174230130053417,0.8634521808344636
5039.657273451393,-1.0160143785894888,0.8647060035406278
5041.0770064470435,-0.48959170158742893,0.8639511901873805
5042.496739442695,0.16137037515515118,0.8603235918496864
5043.9164724383445,-0.3609505808729878,0.8601417169946852
5045.336205433996,-2.061510277953772,0.8654989793738541
5046.755938429646,-2.4868929674041382,0.8728034023136446
5048.175671425297,-3.86207224899794,0.8804401099231874
5049.5954044209475,-5.056014009601995,0.8870809054187969
5051.015137416598,-3.4318118957834898,0.8801153837328979
5052.434870412249,-2.7882935136450726,0.8742785489575906
5053.8546034079,-2.43829987132748,0.8685536397491016
5055.2743364035505,-1.315337206916979,0.8650166936362689
5056.694069399201,-1.3006374805605674,0.8672222141468924
5058.1138023948515,-0.4456184707814259,0.8635726753025964
5059.533535390503,0.6665039523560949,0.858251933777036
5060.9532683861535,0.7801560957212104,0.8538313005269208
5062.373001381804,0.7505101226903292,0.8532506984335105
5063.7927343774545,-0.0686475459888527,0.8591235021134394
5065.212467373105,1.6120027015140082,0.8564630206942785
5066.6322003687565,0.4180372262154748,0.864137154995226
5068.051933364407,0.23046409610370944,0.8616814378564599
5069.4716663600575,0.6505809354042356,0.8574315394709002
5070.891399355708,1.322348562827706,0.8553206313005743
5072.3111323513585,2.8451820820224754,0.8511715548709891
5073.73086534701,-0.08272379309659783,0.8650352374363095
5075.1505983426605,-0.744161072967529,0.8677737079865329
5076.570331338311,0.7596127609026837,0.8604897431709986
5077.9900643339615,-0.2862501501968353,0.8658332871197486
5079.409797329612,0.03736302567800465,0.8650890377686575
5080.8295303252635,0.17896902506185342,0.8647415210966751
5082.249263320913,0.5273403977607103,0.8606193970681386
5083.6689963165645,1.1825203952259855,0.8564651737111257
5085.088729312215,0.11383062181542414,0.8550647140200189
5086.508462307866,1.27932344635596,0.8523541980586851
5087.928195303516,1.4251627212911515,0.8538673206722331
5089.347928299167,1.123618302867449,0.8574956904392502
5090.767661294818,0.977715630141617,0.8603290298290909
5092.187394290469,2.2804166927703164,0.8545225563140557
5093.607127286119,0.23913480358331896,0.8663236881868421
5095.02686028177,0.5777740238557456,0.8634041713779664
5096.44659327742,3.3381845274272166,0.8526318125003027
5097.8663262730715,2.387132894544841,0.8550106453982664
5099.286059268722,0.24459115549196753,0.8649405673565327
5100.705792264373,1.9049668098796602,0.859591378116893
5102.125525260023,-0.018470008328918652,0.8683861898803192
5103.545258255674,-0.2528113496597797,0.8694833998382437
5104.964991251325,0.4475405786319797,0.8627964470878813
5106.384724246976,3.228140848439658,0.8534394772534498
5107.804457242626,1.2986269776160242,0.8574931755902118
5109.224190238277,1.3663019617676326,0.8587437991047863
5110.643923233927,1.1055548808756868,0.8643383346087328
5112.063656229579,0.7500776116302887,0.8623474056789043
5113.483389225229,2.148278544121652,0.8616552794600714
5114.90312222088,1.40454662303069,0.8628819183168558
5116.32285521653,0.5136288730031211,0.8675969471035683
5117.742588212181,0.06067530492562412,0.8689529434130892
5119.162321207831,1.9035680693994266,0.8622399127617241
5120.582054203482,0.8863112063399754,0.8664809566567729
5122.001787199133,-0.3116932805946746,0.8716516440872867
5123.421520194784,0.48972716916432546,0.8712230495690144
5124.841253190434,0.2516198328204524,0.8724899157657049
5126.260986186085,-0.7797060100863149,0.8769904176868916
5127.680719181735,-2.2241294856476586,0.8828941748617576
5129.100452177387,-0.5182909778625344,0.8745521861145608
5130.520185173037,1.6756770683993238,0.8595223694720745
5131.939918168688,0.12985122277702743,0.8655830704386706
5133.359651164338,-0.8954327496108903,0.8744427326377455
5134.779384159989,-0.49354724857396803,0.8729313031189357
5136.19911715564,-0.17614128857489675,0.8741021417140802
5137.618850151291,0.3190366766762551,0.8712217673843509
5139.038583146941,0.011694928121507076,0.8717606334780986
5140.458316142592,0.7933048895280308,0.8667876799646957
5141.878049138242,0.6601978810583873,0.8712873998005817
5143.297782133894,0.09740402400677795,0.8750676269558062
5144.717515129544,0.22499711379730059,0.87523681951477
5146.137248125195,0.26917430902572903,0.8711295906800972
5147.556981120845,0.8481035262876944,0.8644632767138778
5148.976714116496,-0.18817292320351697,0.8672888701891783
5150.396447112147,0.8311392063163154,0.864495920424679
5151.816180107797,1.0955564568455856,0.8614375600064189
5153.235913103448,0.8621557481101476,0.8619674388297717
5154.655646099099,2.273156002536105,0.858062874720534
5156.075379094749,0.036690165800450814,0.8705528837164078
5157.4951120904,0.3509890002505074,0.8736529304945756
5158.91484508605,-0.02133202586661298,0.8758961019850805
5160.334578081702,-0.01695921355893404,0.8790731174042228
5161.754311077352,1.1674776637761894,0.8689182199257599
5163.174044073003,-0.10475579702762872,0.8789754093050176
5164.593777068653,0.3319824733325021,0.8749477255253335
5166.013510064304,-0.7742047063033155,0.8804792239796309
5167.433243059955,-0.23138631368099993,0.8782909247950045
5168.852976055606,0.5716224487754644,0.8753740733219454
5170.272709051256,1.7361993064122103,0.8663066465516369
5171.692442046907,0.9795532018160031,0.8703219554233338
5173.112175042557,2.3409404131413254,0.8663273119438053
5174.531908038209,1.1736136702239506,0.8755969508957843
5175.951641033859,-0.15749591984947386,0.8798414959155657
5177.37137402951,1.0768331481256723,0.8740640935260036
5178.79110702516,0.5730891277329349,0.8732451239313582
5180.210840020811,0.2280015782380289,0.8777852656527503
5181.630573016462,-0.41801576178598765,0.8821253772211263
5183.050306012113,0.2672631399018428,0.8841013032626749
5184.470039007763,0.5672847919581301,0.8773323644560812
5185.889772003414,1.1149888397370091,0.8750603228312489
5187.309504999064,0.962003355472099,0.8727310288431868
5188.729237994715,1.4743267976503844,0.8713364074769885
5190.148970990365,-0.5192469075385873,0.8830708443115084
5191.568703986017,-1.0273352827774787,0.8877855922855507
5192.988436981667,-1.2407721514021972,0.890092994954824
5194.408169977318,-0.7917294191076607,0.8860835593574955
5195.827902972968,-0.48288745894183194,0.8847438214471943
5197.247635968619,-0.8444520741170436,0.8852044914480987
5198.66736896427,0.5393698630502612,0.8774508536730005
5200.087101959921,0.6435078681081379,0.8749487072439942
5201.506834955571,0.08362964904952008,0.8816561295323639
5202.926567951222,0.9998687972135158,0.8770183377917609
5204.346300946872,0.5332577958451239,0.8818736200104568
5205.766033942524,1.0742731491684836,0.8828499143111274
5207.185766938174,-0.7573706963748776,0.8927441278846651
5208.605499933825,1.2006303320009764,0.8841121943131972
5210.025232929475,0.5035762136152826,0.8854548668463356
5211.444965925126,0.024689432176963066,0.88585314555009
5212.864698920777,0.8852705150169271,0.8821638071539798
5214.284431916428,-1.1836870919478386,0.8902501185555672
5215.704164912078,-0.14486811457913262,0.8840981764903948
5217.123897907729,-1.3583723422980114,0.8961266562035844
5218.543630903379,-0.4903297922933163,0.8869640381218787
5219.963363899031,-0.9012592649911895,0.8915610487975828
5221.38309689468,-0.9725655584356829,0.8918613129128597
5222.802829890332,1.6332885080667978,0.880584755991377
5224.222562885982,-0.8979953189818843,0.8881350329205391
5225.642295881633,-0.9816437977390606,0.8970815371540095
5227.062028877283,0.0,0.8913388226301794
5228.481761872934,0.10950831518420756,0.8932018454253313
5229.901494868585,0.2785533080389584,0.8897554756613557
5231.321227864236,-0.1012033937885235,0.894112884480362
5232.740960859886,-0.001828899404507922,0.8886226077569869
5234.160693855537,-1.1072077143131622,0.8967407399498076
5235.580426851187,-1.3058025680880618,0.8979815838796537
5237.000159846839,0.4793487208592637,0.8903447641565626
5238.419892842489,0.5624990373856917,0.8837007557357826
5239.83962583814,-0.4863089358403627,0.8941150382094524
5241.25935883379,-0.3102452300709757,0.8901519411872338
5242.679091829441,-0.3545579053768435,0.89071521644771
5244.098824825092,0.259838001284038,0.8891886299492142
5245.518557820743,0.5353028563067497,0.8937081895965927
5246.938290816393,-0.009196325358558965,0.895116544514555
5248.358023812044,0.009196325358558965,0.894092355494923
5249.7777568076945,-0.030522356661052186,0.8936300687667278
5251.197489803346,-0.10033075706613204,0.8976560451565545
5252.617222798996,-0.748237887510129,0.9028642701183411
5254.036955794647,0.05090037699894623,0.895526136146255
5255.456688790297,1.177588211601737,0.8880878026550699
5256.876421785948,0.01197913001832518,0.8864008283252103
5258.296154781599,-1.2350904039939223,0.8963258647247081
5259.715887777249,-0.9835316985710989,0.9003365177233237
5261.1356207729,-0.7290571886484116,0.8960469604833547
5262.555353768551,-0.9827527522546831,0.90282205994501
5263.9750867642015,1.0646346889529568,0.8910444244753152
5265.394819759852,-0.8797889859095491,0.9038893957707048
5266.8145527555025,0.6892156888603793,0.8970465560880257
5268.234285751154,0.4405119614524793,0.8965399455950384
5269.6540187468045,0.037116391409554694,0.8994491030090825
5271.073751742455,-0.7647464566186883,0.9004450172973728
5272.4934847381055,1.245061438652158,0.8907433515264468
5273.913217733756,0.03610561234188481,0.8978451648817993
5275.3329507294075,0.358949786206459,0.8952728032547542
5276.752683725058,-0.404796725689927,0.900315305141556
5278.1724167207085,-0.4212298496916276,0.8979744943945308
5279.592149716359,-1.648939500632288,0.907204173158798
5281.0118827120095,1.3603146417749628,0.8866820789357677
5282.431615707661,0.20363335942968064,0.900114270461572
5283.8513487033115,0.6534154510045767,0.8954179922198825
5285.271081698962,1.0033470929512802,0.895029038166097
5286.6908146946125,1.7489167975395077,0.8915512975347939
5288.110547690263,-2.403417923558223,0.9089820108541924
5289.5302806859145,-1.1859920614183892,0.9132213670791874
5290.950013681564,-1.2496160052534222,0.9069861343398953
5292.3697466772155,-0.495277507885433,0.9069836639032464
5293.789479672866,-0.2986210770525446,0.9014955157627534
5295.209212668517,-1.3576732226435837,0.9071166457104792
5296.628945664167,1.215273633463596,0.8932862301543226
5298.048678659818,0.5825300102068951,0.8964512564923143
5299.468411655469,-0.3598428722086382,0.8968741502294982
5300.88814465112,0.11968416408772953,0.8968835018071848
5302.30787764677,-0.23605732377021837,0.8969999688190149
5303.727610642421,1.2430325935860012,0.8977373632494072
5305.147343638071,0.6807316463720738,0.8974940537492487
5306.5670766337225,-0.5466566342170793,0.9092910744339749
5307.986809629373,0.3868929262297698,0.9009149804479827
5309.406542625024,-0.01929412590521906,0.9025145125218947
5310.826275620674,0.302009081876939,0.9012186537666035
5312.246008616325,1.6985620833773751,0.8967319090985545
5313.665741611976,0.7633860703866091,0.8969557640865032
5315.085474607627,0.41530968649519195,0.9016702497707062
5316.505207603277,1.0706999812181266,0.8988037014569695
5317.924940598928,0.08820805581277824,0.9018069323216247
5319.344673594578,-0.28524278439312667,0.907718084970178
5320.76440659023,-0.9444406256291629,0.9101903103889981
5322.18413958588,-0.5098989727561545,0.9094706499707457
5323.603872581531,-2.139107517964966,0.9122294579699411
5325.023605577181,0.19595840237101214,0.9037382920087637
5326.443338572832,0.28524278439312667,0.9041174754896676
5327.863071568483,-0.5300667024554855,0.9068414218070043
5329.282804564133,1.4020082809497367,0.8996566203351386
5330.702537559784,0.5675307052698173,0.897984295219596
5332.122270555435,0.31342991414781096,0.9031215566966033
5333.542003551085,-0.9946376553982716,0.9117341511535999
5334.961736546736,-1.0750407654869605,0.9146578196757772
5336.381469542386,0.13355205171340145,0.9102081677807174
5337.801202538038,0.19452715671271648,0.9056421077468706
5339.220935533688,1.138459636858883,0.899372683918269
5340.640668529339,2.1214647528102972,0.8893445769586201
5342.060401524989,0.03959030323002111,0.9041619522570924
5343.48013452064,-0.23041281449351914,0.905105612139297
5344.899867516291,1.0012684502777844,0.9040542050513424
5346.319600511942,0.20351078660903,0.9041396610949455
5347.739333507592,0.8160412118376925,0.9037517683152586
5349.159066503243,-0.13563784179230254,0.9112090852050944
5350.578799498893,-0.8665437848689024,0.911978424013787
5351.998532494545,0.20401294042977725,0.911474781809085
5353.418265490195,-0.34699204362560465,0.899269917949173
5354.837998485846,0.957201006348356,0.8946180495026482
5356.257731481496,-0.12039868033176049,0.9078614341031503
5357.677464477147,-0.726196355606092,0.91718441294539
5359.097197472798,-1.8424663820632006,0.9242896087750473
5360.516930468448,0.5832584642482388,0.9139949378796577
5361.936663464099,-0.11711880493867,0.9160567251578098
5363.35639645975,-0.3121044848160679,0.9170706980278855
5364.7761294554,0.713262918224153,0.9102947502986302
5366.195862451051,0.8644723605852818,0.9092420333265168
5367.615595446701,1.1362016618916115,0.9064990439758184
5369.035328442353,-0.2854424500999855,0.9182636070081581
5370.455061438003,0.2537305835384842,0.9089223714055978
5371.874794433654,0.5002199418330804,0.9169948262645174
5373.294527429304,0.2150638076030944,0.9147967094684604
5374.714260424955,0.7943705484480006,0.9147639802923144
5376.133993420606,-0.4746540372924528,0.9197375127672155
5377.553726416257,-0.0614814979004592,0.9228243166682575
5378.973459411907,1.0190582308320089,0.9044621324427596
5380.393192407558,1.0884745271056246,0.9082105934674758
5381.812925403208,1.163162238727061,0.9110903667058354
5383.23265839886,-0.8723508769377943,0.9243827619237833
5384.65239139451,0.0,0.9220536533662342
5386.072124390161,0.43406403994119813,0.9188017039904122
5387.491857385811,-0.012197300661242139,0.9211786167778854
5388.911590381462,-0.27824532522522816,0.9225573934171452
5390.331323377113,-0.16169396128956492,0.9230674262210684
5391.751056372764,-0.958187533728065,0.9244101767009872
5393.170789368414,0.08538519408030965,0.9206109626804202
5394.590522364065,0.1648622030172291,0.9227539383659643
5396.010255359715,-1.6105323297084482,0.9325208304978924
5397.429988355367,0.5118885671600069,0.9258838776918604
5398.849721351016,-0.6333277813828673,0.924408960650569
5400.269454346668,0.23767262954486768,0.9279734666711285
5401.689187342318,0.17303504407225745,0.924957481910226
5403.108920337969,-0.4280050361032224,0.9286273090163671
5404.528653333619,-0.4428039846412801,0.9309588915541226
5405.94838632927,-1.5304145344186395,0.9345151209399706
5407.368119324921,-1.0815956084411056,0.9317073381253309
5408.787852320572,0.3394219536765206,0.9237945265697742
5410.207585316222,0.14882154850013052,0.9289576751514488
5411.627318311873,0.047264643234520065,0.9271475798979816
5413.047051307523,0.8226122388037282,0.9266619307197723
5414.466784303175,0.3845165899021197,0.9270531882580609
5415.886517298825,-0.11578613860657327,0.932069370640217
5417.306250294476,-1.2608678547821768,0.933853053864573
5418.725983290126,0.5535451709414403,0.9298485213340227
5420.145716285777,-0.24104398597663135,0.9309225266776566
5421.565449281428,-0.9958746495296111,0.9351627812558018
5422.985182277079,-0.6536799117486396,0.9329545871154029
5424.404915272729,-0.6074399527070184,0.9357249179884028
5425.82464826838,-1.335409634773491,0.9362050480394551
5427.24438126403,-0.41251334921960137,0.9281358778868907
5428.664114259682,0.32016629588515144,0.9219914351251522
5430.083847255331,-0.28368344600187356,0.9260227779366794
5431.503580250983,0.7743456991547575,0.9164000624390328
5432.923313246633,1.6351349344757367,0.9217947911384695
5434.343046242284,0.6041319190281413,0.9296420269283701
5435.762779237934,-1.0384105045119796,0.9349952609960028
5437.182512233585,-1.6389198837838919,0.9416675068189521
5438.602245229236,-0.287130392511024,0.9305186708236183
5440.021978224887,0.3889714091969978,0.9305553615245274
5441.441711220537,-0.5342374353801347,0.9355398470473313
5442.861444216188,0.3285103755827663,0.931616864696709
5444.281177211838,0.19907944759490448,0.9311667124591176
5445.70091020749,0.37463592254684386,0.9301417879282815
5447.12064320314,1.1130064735781033,0.9255696940694689
5448.540376198791,1.0929036505335077,0.9261728512206944
5449.960109194441,0.03674238650482664,0.933048426858648
5451.379842190092,0.0,0.9292659059007388
5452.799575185743,0.7675584973419447,0.928418850635566
5454.219308181394,0.25849793361862794,0.9312592073559831
5455.639041177044,-0.7363728405625523,0.9366230671873669
5457.058774172695,-0.7398510051383695,0.9350108542564399
5458.4785071683455,-0.6739804674725818,0.9186120486451308
5459.898240163997,0.0,0.8813997920825354
5461.317973159647,1.0403255583031878,0.8495190154589456
5462.737706155298,0.4980780145900141,0.8867797391537915
5464.157439150948,-0.42109797308142305,0.9198254119902199
5465.577172146599,-0.10644751923619111,0.9323379205781687
5466.99690514225,-0.2453760618147527,0.9291616934069948
5468.4166381379,1.0751679999158696,0.9185569250575237
5469.836371133551,-0.18071775533219636,0.9276314657220525
5471.256104129202,0.480994510935858,0.9322365806956491
5472.6758371248525,0.14758221862921062,0.9361120362164894
5474.095570120503,0.5853296512243631,0.9327673216453596
5475.5153031161535,1.3213225567212135,0.9293411464328383
5476.935036111805,0.22737092034693518,0.933466265676879
5478.3547691074555,0.08752720316848439,0.9346983024814262
5479.774502103106,0.6817058747254165,0.9285006949611416
5481.1942350987565,-0.4135860116682224,0.930642345689558
5482.613968094407,-0.5471569009204416,0.9356752897043255
5484.0337010900585,0.7429019179450975,0.9290867129318843
5485.453434085709,1.3340859463585986,0.9284145420212297
5486.8731670813595,0.7815431750503734,0.9283735182155738
5488.29290007701,0.1128113585590853,0.9301035984006245
5489.7126330726605,-0.6802370000264517,0.9384092510586547
5491.132366068312,-0.5655321361501109,0.9410267193013
5492.5520990639625,0.07449174362196231,0.9409448054088543
5493.971832059613,-0.7395020512294224,0.9421756324785108
5495.3915650552635,0.0,0.9409627444788219
5496.811298050914,-0.9204793086417098,0.9450794503453437
5498.2310310465655,-1.2839264833084272,0.9443659330742965
5499.650764042216,-0.7034392893583359,0.9404680865341561
5501.0704970378665,-0.020422908148582053,0.9381941318765287
5502.490230033517,-0.1692784021942444,0.9394328564878492
5503.909963029168,-0.6894088629127211,0.9399159865183329
5505.329696024818,0.0996129291295702,0.9384909930656372
5506.749429020469,0.5746045791979171,0.936024395928644
5508.16916201612,0.7002257791830289,0.9394766565428528
5509.588895011771,1.2708728076009166,0.9319987517076096
5511.008628007421,-0.6181232350275465,0.9417932508606636
5512.428361003072,-0.9795955590981222,0.943130591769299
5513.848093998722,-0.3421877791771948,0.9270038690454412
5515.2678269943735,0.0905624722487417,0.893948890498125
5516.687559990024,0.7733983113642822,0.8695103678721349
5518.107292985675,0.48835241262237616,0.9216274008309734
5519.527025981325,-0.9943426590289874,0.943806076605932
5520.946758976976,-0.5912517959337578,0.9411549806696838
5522.366491972627,-0.37087581319781293,0.8806201417773031
5523.786224968278,-0.44511242131065387,0.8934849215333095
5525.205957963928,0.3372801064244939,0.9342660167954709
5526.625690959579,0.7037457003597467,0.9402256425286859
5528.045423955229,1.2124180997432248,0.9409668062390913
5529.465156950881,1.3418989921254791,0.941905661860057
5530.884889946531,-0.12714584389663486,0.9479424503540808
5532.304622942182,-0.36425765021009937,0.9498891331420276
5533.724355937832,0.0,0.946157331500742
5535.144088933483,0.46549256807148254,0.9467112684902451
5536.563821929134,-0.16873989948291523,0.9503121610968259
5537.983554924784,1.2322143485194488,0.9416473914199125
5539.403287920435,1.248179953051448,0.934310351483013
5540.823020916086,-0.8266858793675738,0.9401603036730044
5542.242753911736,-1.3273938819907514,0.943451988683665
5543.662486907387,-0.24026998177341596,0.949774170112538
5545.082219903037,-0.3899694871407746,0.9470644688751491
5546.501952898689,-1.1116024659471435,0.9606005986582301
5547.921685894339,-0.5513166857734575,0.9536992397976323
5549.34141888999,-0.33825615969782774,0.9529682164484956
5550.76115188564,-0.2848319600728644,0.9542496598067156
5552.180884881291,-0.5887543744275945,0.9587703718843433
5553.600617876942,0.38406497873903334,0.9539065478256512
5555.020350872593,2.286164464942985,0.9430137058314068
5556.440083868243,-0.3989874984531525,0.9552375089787541
5557.859816863894,-0.7635898205279261,0.9595592139023967
5559.279549859544,-0.12768309878526196,0.9548884518498493
5560.699282855196,-0.27497205421585846,0.953850882207744
5562.119015850846,-0.27015239635986177,0.9496944912828499
5563.538748846497,0.6274361714225876,0.9387139910578495
5564.958481842147,0.7553956355855149,0.9387302490575232
5566.378214837798,0.17903991649756534,0.9434058731024012
5567.797947833449,0.20783074585941108,0.9485487963123067
5569.2176808291,-0.033993906526241346,0.9553741340281053
5570.63741382475,0.05004056763835507,0.9573294258439662
5572.057146820401,-0.1956111427652587,0.958720845686631
5573.476879816051,-0.035459137451610445,0.9378125401332785
5574.896612811703,-2.3288046543983754,0.8059497568615646
5576.316345807352,-2.1917794914870896,0.5779625330057071
5577.736078803004,-0.8258950777039757,0.46492907717762444
5579.155811798654,1.0457039428196993,0.5522715019608307
5580.575544794305,0.22013138887636785,0.8474965705954696
5581.995277789955,0.7870630603154325,0.949266218152963
5583.415010785606,1.6249801644155681,0.9415611270995707
5584.834743781257,-0.30485179830955644,0.9507980574797184
5586.254476776908,-0.15052574637769567,0.9552259649733287
5587.674209772558,1.3862173644417126,0.9527259691635639
5589.093942768209,-0.6190290774483387,0.9617634479105021
5590.513675763859,-0.685319275722307,0.9596367382226015
5591.933408759511,0.5137176296571582,0.9575674305427389
5593.353141755161,0.010077418896834445,0.9629970266722812
5594.772874750812,-1.2267764998358146,0.9618607896354389
5596.192607746462,1.936105403494409,0.946625584196198
5597.612340742113,-0.3984457072999632,0.963183011434972
5599.032073737764,-2.094083286783871,0.9712248803234858
5600.451806733415,0.15918759635142266,0.9592379306801141
5601.871539729065,0.0,0.9536022926000792
5603.291272724716,-0.5054237612164059,0.9560840101340555
5604.711005720366,0.010751907669401817,0.9504396636349921
5606.130738716018,-0.067073857823722,0.9500852529547189
5607.550471711667,0.5176837880000278,0.9530180805822093
5608.970204707319,0.30407853138182617,0.957738899173953
5610.389937702969,0.4482434341997532,0.9027383407394933
5611.80967069862,-2.350471333189347,0.9052697723728244
5613.22940369427,0.03528476006748349,0.96803575646708
5614.649136689921,-0.025844040251371325,0.9606302973590469
5616.068869685572,-1.1213530102338183,0.9693168720682456
5617.488602681223,-0.587900033608733,0.966384674947802
5618.908335676873,-0.8907201571527921,0.9689867152289319
5620.328068672524,0.41419552987184716,0.9645651408606833
5621.747801668174,-0.006371149295908651,0.9650744110739082
5623.167534663826,0.011327651598875832,0.9633640040592525
5624.587267659476,-0.23738586054182775,0.9647552207800948
5626.007000655127,0.528295589798006,0.9645784671777233
5627.426733650777,-1.4029461318697543,0.976398306759546
5628.846466646428,-1.6559345456955796,0.9755829745241885
5630.266199642079,-0.41321531475760764,0.9621313159348018
5631.68593263773,0.7039271649868013,0.9585746054278539
5633.10566563338,1.0499954828295515,0.9554775052021262
5634.525398629031,0.49467185354700405,0.9625447881302921
5635.945131624681,0.47595027645782295,0.9596010696118108
5637.364864620333,0.3511420461560206,0.9598787575391421
5638.784597615983,-0.3041496559039487,0.9589784706843587
5640.204330611634,0.6508942203746102,0.9573222786428937
5641.624063607284,-0.001035460838544111,0.9648517883560381
5643.043796602935,0.45009828867597435,0.9560259416512321
5644.463529598586,-0.08779735936354882,0.9545816219680348
5645.883262594236,-0.06345816253354997,0.9551926150376817
5647.302995589887,0.3878190441838356,0.9560596373529835
5648.722728585538,0.34729654440797475,0.9588102367452102
5650.142461581188,0.2564695187015147,0.9615266299000009
5651.562194576839,0.9487705989560098,0.960304205656695
5652.981927572489,0.5330504437013843,0.9628510946005677
5654.401660568141,-0.8400736093977912,0.9717111394465375
5655.821393563791,0.7723878436111846,0.9618500908070035
5657.241126559442,0.12754518542720206,0.9641635479517073
5658.660859555092,0.0,0.9679419721415284
5660.080592550743,0.7375051980705294,0.9560378310050369
5661.500325546394,-0.0940787330279349,0.9584447364213171
5662.920058542045,-0.3406910581710889,0.9602885655909219
5664.339791537695,-0.39168565563621627,0.9595679734701598
5665.759524533346,-1.2276112080393773,0.9669241899622336
5667.1792575289965,-0.703088095560993,0.9659743416341505
5668.598990524648,-0.8844690641882309,0.9643772642635983
5670.018723520298,-0.7822469658308009,0.9628525896457584
5671.438456515949,0.16904623443167566,0.9514068965422804
5672.858189511599,-0.41297980425905223,0.9505680777495352
5674.27792250725,-0.5031863797890068,0.9465558475183955
5675.697655502901,0.7786395915162103,0.9497669739535023
5677.117388498551,1.154226058592286,0.9497282430032551
5678.537121494202,0.37157473240601036,0.9599148141717848
5679.956854489853,0.005617449687051135,0.9573162203287927
5681.3765874855035,0.38579929642681066,0.9503549831981929
5682.796320481154,0.6713055222798516,0.936152500280492
5684.2160534768045,0.7125133144600966,0.9235765067577245
5685.635786472456,-0.12378547240052029,0.9262744226847525
5687.0555194681065,-1.3358976428209033,0.9314819584741244
5688.475252463757,0.5375351542734634,0.9243031848022264
5689.8949854594075,-0.44963797662689586,0.9304072088694104
5691.314718455058,-0.211528785356073,0.9327618767241123
5692.7344514507095,-0.23813970065748435,0.942249960230108
5694.15418444636,-0.09568652426675328,0.9459691990453433
5695.5739174420105,1.0870254772999033,0.9469310897770377
5696.993650437661,0.6193487931162167,0.9469867437058007
5698.4133834333115,0.0682471522521979,0.9556767794672973
5699.833116428963,0.32650471591328056,0.953373387348786
5701.2528494246135,1.046513902949151,0.9473619329918025
5702.672582420264,1.305964148189375,0.9527331604966374
5704.0923154159145,0.15599126135060715,0.9630685553087329
5705.512048411565,0.7596995079134246,0.9607292485043047
5706.9317814072165,0.29273010311554515,0.9639318596191168
5708.351514402867,-0.24778685281151525,0.968077107016526
5709.7712473985175,0.4869263677591178,0.9638240692263766
5711.190980394168,0.03817283988325215,0.9635026019645883
5712.610713389819,-1.1238800282927528,0.9669408336538569
5714.03044638547,0.299020380690294,0.9665767587876437
5715.45017938112,0.22481150909985104,0.9662610280229462
5716.869912376771,0.35119198343188884,0.9641277590671521
5718.289645372422,0.4052131196219406,0.9650034519927302
5719.709378368072,0.1253199339393305,0.9654028091932993
5721.129111363723,-0.08821756404284997,0.9665747235067423
5722.548844359373,0.2566221569619671,0.9558700372739365
5723.9685773550245,-0.4256209347956954,0.9691207806796034
5725.388310350675,-1.0417288372373257,0.9719897808893712
5726.808043346326,0.3062787153808202,0.9653804979075472
5728.227776341976,-1.3884324320191226,0.973473494052879
5729.647509337627,0.15051760063978037,0.9663906893492257
5731.067242333278,-0.2804740765755085,0.9684420876580406
5732.486975328929,-0.8305116461057267,0.9722401602938907
5733.906708324579,-0.3366346516042782,0.9675259294364599
5735.32644132023,-0.036779895060234935,0.9626195548101502
5736.74617431588,-0.4962004634015891,0.9624244332774582
5738.165907311532,-0.22472864933450865,0.9552371377854332
5739.585640307182,-0.1919941900228963,0.9653868287194047
5741.005373302833,-1.1016615685947855,0.9639656632777404
5742.425106298483,0.5476455832510965,0.9605809991994156
5743.844839294134,1.669103469701696,0.9500478042284738
5745.264572289785,1.7393692630616115,0.9558754382930061
5746.684305285435,-0.19502282592138442,0.9629930995995889
5748.104038281086,-1.1347219546411722,0.9737439620027571
5749.523771276737,-0.10754022726560208,0.9581509121654667
5750.943504272387,0.3292317128372204,0.9572677340064746
5752.363237268038,-0.6795647622693899,0.963817054967522
5753.782970263688,-0.021759607668300873,0.9549890378846764
5755.20270325934,0.9571274586828977,0.9380365098161109
5756.62243625499,0.4272842281694409,0.9436870586252407
5758.042169250641,1.016147897504851,0.954922387195597
5759.461902246291,-0.03527261127764092,0.9656293599727164
5760.881635241942,-1.5884762206279746,0.9744495622140925
5762.301368237593,-0.9913594709981908,0.9753789812795911
5763.721101233244,0.2117090026374555,0.9631949342342127
5765.140834228894,0.17913924016064442,0.9592040988882079
5766.560567224545,-0.19773968410873977,0.9554674041140726
5767.980300220195,0.43007915836758315,0.9409407397490885
5769.400033215847,0.22127662398762737,0.9350020464271618
5770.819766211497,0.9807890700923139,0.9342179381813079
5772.239499207148,0.9017797907561729,0.946822712201223
5773.659232202798,0.1387769972995443,0.9588985235220744
5775.078965198449,-0.22020271833753213,0.9622237629943673
5776.4986981941,-1.2495804281664356,0.9666267155076429
5777.918431189751,-0.6424569021038096,0.9645563458880517
5779.338164185401,0.7459296209858515,0.9541137930997912
5780.757897181052,0.06865869691229776,0.9559184782040457
5782.177630176702,0.3074187490884448,0.9592451346885578
5783.597363172354,0.3626727843325135,0.957867483684161
5785.017096168003,-0.7465226455962259,0.962136222235671
5786.436829163655,-1.3901042960549184,0.970529013496446
5787.856562159305,-0.46306488087512676,0.9536396655091445
5789.276295154956,-0.30107409772817917,0.9422283993510102
5790.696028150606,-1.5571677217876712,0.9390189201712952
5792.115761146257,-0.7881634028554068,0.938809049070629
5793.535494141908,0.3456680313902538,0.9411746476298417
5794.955227137559,1.2466440974722595,0.9419348744456691
5796.374960133209,1.7214522321896446,0.9417109921915913
5797.79469312886,0.1979001760089112,0.952939847356677
5799.21442612451,-0.015071260403896503,0.9579462079593511
5800.634159120162,0.7750019934992771,0.948834093747054
5802.053892115812,-0.4520660100742937,0.9538381223306867
5803.473625111463,-1.341646971423767,0.956981278834323
5804.893358107113,-0.6224361887277396,0.9558025119147288
5806.313091102764,-0.4112865952609681,0.9576482326370734
5807.732824098415,0.40214528749637424,0.9504167886564087
5809.152557094066,-0.22224064377472885,0.9548036694709684
5810.572290089716,0.4709804526216814,0.9483761474948043
5811.992023085367,0.32806751190999606,0.9506250676491742
5813.411756081017,-0.4091161258638145,0.9511492442520199
5814.831489076669,-0.13231295073689608,0.9494409229629628
5816.251222072319,0.5399142752691617,0.9422768344366433
5817.67095506797,0.8437053960526129,0.9380337390966149
5819.09068806362,-0.6145298243979198,0.9414016325414111
5820.510421059271,-0.9879675328459427,0.9366285373371213
5821.930154054921,-0.005001882872594621,0.9307888797140008
5823.349887050572,1.2239635787803351,0.9243917995205214
5824.769620046223,0.9433820326518614,0.9281707997314219
5826.189353041874,0.37065271488900464,0.931423159773874
5827.609086037524,-0.6223606034525666,0.9421526404598566
5829.028819033175,-2.2190814656418034,0.9481160836534913
5830.448552028825,-1.0809135631525209,0.9432425663557459
5831.868285024477,0.9081445288482328,0.9311196977280107
5833.288018020127,-1.4076173835634833,0.9395364181267013
5834.707751015778,-2.2624942178201763,0.9444494296987868
5836.127484011428,-1.0003452889690791,0.9382910554513695
5837.547217007079,0.4213525591807503,0.9528118525920456
5838.96695000273,0.36933976871023333,0.9549438173051843
5840.386682998381,-0.4738216077199162,0.9619224560438077
5841.806415994031,-0.43038095998415216,0.962032126444306
5843.226148989682,-0.8115418452192209,0.965054284906619
5844.645881985332,-1.3480512348892155,0.9658138587720035
5846.065614980984,-1.4464998285089798,0.9651235355864419
5847.485347976634,-0.8084732930545719,0.9628867153664403
5848.905080972285,-1.177436967764109,0.9685516746377956
5850.324813967935,-1.7732118627870967,0.9631222363480297
5851.744546963586,-1.5716032015421284,0.9687141560840609
5853.164279959237,-1.7007454528697714,0.9670320930861172
5854.584012954887,-2.5725181989586368,0.9774659382667957
5856.003745950538,-2.1058914892980276,0.9738421290281295
5857.423478946189,-3.028902922855437,0.978484803192558
5858.843211941839,-2.3710921239181744,0.9808782345062292
5860.26294493749,-3.031135725966003,0.9792995556484682
5861.68267793314,-3.6465889644356153,0.9833151350579185
5863.102410928792,-1.7453677048063696,0.9817181211902584
5864.522143924442,-2.6748587765710745,0.9825786378509523
5865.941876920093,-4.412506044381484,0.9824210154126334
5867.361609915743,-3.2368445823206677,0.9692490717642344
5868.781342911394,-3.4580162717717577,0.9721383899139671
5870.201075907045,-5.415673842525489,0.996008574521534
5871.620808902696,-6.701893752771657,1.0172199820689447
5873.040541898346,-7.195712741931196,1.0313091099021994
5874.460274893997,-9.07033606831751,1.0479654452836045
5875.8800078896475,-11.058658370906755,1.0683020482795897
5877.299740885299,-10.493871845492485,1.0698211908012298
5878.719473880949,-9.104134131119565,1.0626575092947192
5880.1392068766,-6.238340626596575,1.044748221039597
5881.55893987225,-5.415573314258566,1.0417269438752919
5882.978672867901,-4.823848180811957,1.0398664382104634
5884.398405863552,-4.818971650402464,1.0353052917413375
5885.818138859203,-4.899420385664847,1.0287828250412496
5887.237871854853,-2.882416028475337,0.9570601197912705
5888.657604850504,-3.295140125947974,0.8417307562399828
5890.0773378461545,-0.10798650185473235,0.7596707484169782
5891.497070841805,0.8826426051461631,0.8111454995936923
5892.9168038374555,-1.6044863866952888,0.9192111939256988
5894.336536833107,-1.9348760359388066,0.900433012160817
5895.7562698287575,0.3078659475742427,0.8139588288426225
5897.176002824408,0.32949132961798355,0.8266221552831063
5898.5957358200585,1.181904233055569,0.9005652504225186
5900.015468815709,0.25420636514858685,0.9095853562089682
5901.4352018113605,-0.05052231400334506,0.9355555018210374
5902.854934807011,-0.6575516693603127,0.9908583097938055
5904.2746678026615,-0.12339667648634745,0.9906589630214444
5905.694400798312,-0.4306648244017417,0.9871579244140927
5907.1141337939625,-1.7208964367530264,1.0138633168910232
5908.533866789614,-0.783001265305721,1.0187008498429218
5909.9535997852645,1.0919596528444728,1.013385120411993
5911.373332780915,0.57276362574882,1.0197337809140246
5912.7930657765655,-0.9908264826745956,1.0371834122425179
5914.212798772216,-1.5692120664180713,1.0358369797066596
5915.6325317678675,0.7657785620438631,1.0179302551678315
5917.052264763518,1.3563954412418617,1.0171727892043048
5918.4719977591685,-0.3331323743196286,1.0282849395978853
5919.891730754819,0.7185849055782398,1.0288711366780308
5921.31146375047,0.27773732426316755,1.0397376412434896
5922.731196746121,-0.7726734200314667,1.0426531146114133
5924.150929741771,1.5994221177145178,0.9982545652693224
5925.570662737422,0.9924983803099288,1.0076413639101016
5926.990395733073,-0.21167423032007449,1.044289704053103
5928.410128728723,1.9006852784532597,1.03810709142993
5929.829861724374,1.433786087012411,1.0424573346619113
5931.249594720024,0.46774160575106194,1.0335798553122848
5932.6693277156755,0.16449564531963645,1.026964183802824
5934.089060711326,1.5564032919739184,1.0307573584920753
5935.508793706977,1.7571730420831742,1.0430953851500486
5936.928526702627,0.6873055796607979,1.0565097663076952
5938.348259698278,0.9076273032487272,1.0605912962159314
5939.767992693929,0.36080877661515487,1.0653884570433152
5941.18772568958,-0.1494488032542982,1.0724256872573847
5942.60745868523,0.6587668184097346,1.0696992319152059
5944.027191680881,-0.5487351435537562,1.0722451556474735
5945.446924676531,-0.743816228216339,1.0704172527403384
5946.866657672183,1.3326357260361483,1.0632264983321098
5948.286390667833,0.6389762565972852,1.06851280618957
5949.706123663484,-0.5236587020553891,1.073885607527706
5951.125856659134,0.7215470412959419,1.0719460185788385
5952.545589654785,1.1414094067593972,1.0611742741978276
5953.965322650436,0.6665380593840311,1.0606198654574248
5955.385055646087,0.07154742671711745,1.0717169441484238
5956.804788641737,0.3220174492634058,1.0726988428056408
5958.224521637388,-0.4625361486844426,1.083680697299254
5959.644254633038,-0.2777413077473341,1.0865658856021616
5961.06398762869,1.8216886384415965,1.073655046649958
5962.483720624339,-0.05466187557514601,1.0804245027507848
5963.903453619991,0.23868235725502274,1.080943750214587
5965.323186615641,-1.0639542277942091,1.0862921717860468
5966.742919611292,-0.7832943973505131,1.0883793762665805
5968.162652606942,1.734261986077744,1.0738307555257245
5969.582385602593,2.1063456525230215,1.07044691009793
5971.002118598244,0.33490984347184494,1.0788003099517185
5972.421851593895,0.19420826712272188,1.080547008473772
5973.841584589545,0.20135475656408275,1.082298442238524
5975.261317585196,-0.6164317857768431,1.0850497502567127
5976.681050580846,-0.15003828195711932,1.080351232317694
5978.100783576498,0.5827828064385301,1.0753759489341699
5979.520516572148,0.32485859683169593,1.0839143253191017
5980.940249567799,0.10962873150025132,1.0882901426855287
5982.359982563449,0.16048597022780342,1.086036245324309
5983.7797155591,0.9307222284931065,1.0619389899994467
5985.199448554751,2.3445557937238846,1.0593479821484755
5986.619181550402,1.987760260972415,1.072578695688256
5988.038914546052,0.4074619596884723,1.0823515173460168
5989.458647541703,0.2887532424100918,1.081932051502987
5990.878380537353,0.16036887649208964,1.081969114938213
5992.298113533005,-0.34780102877316565,1.067467557796134
5993.717846528654,1.471742786761947,1.0587477015281666
5995.137579524306,1.103422317634326,1.084485272024475
5996.557312519956,0.47321283850367024,1.0903868404149053
5997.977045515607,0.0849755998500683,1.0930913097973705
5999.396778511257,-0.25811850997956043,1.0899898699057013
6000.816511506908,-0.737121470513987,1.0873670375420181
6002.236244502559,-1.3502647999299704,1.050425750442833
6003.65597749821,-1.2024528857148695,1.053799025391419
6005.07571049386,0.9887719836253872,1.0860275888366253
6006.495443489511,0.5234015888186399,1.0929758471695477
6007.915176485161,-0.13636786735626316,1.0990241771352842
6009.334909480813,0.38283051114191835,1.0953447242828727
6010.754642476463,0.3282167234090885,1.091527241520804
6012.174375472114,0.7846291148580882,1.0854405315210247
6013.594108467764,1.8742345804985376,1.078511549235914
6015.013841463415,1.5037327815397603,1.0803306993857857
6016.433574459066,0.07843673957541952,1.0952324198013055
6017.853307454717,-0.3620746280409577,1.1004377475551537
6019.273040450367,0.4232660599903326,1.0907755953472364
6020.692773446018,0.6778365323442621,1.0805073068496802
6022.112506441668,0.36884692645162076,1.0729518385487373
6023.53223943732,0.1696465334245012,1.085769060815684
6024.95197243297,0.4794154818634908,1.0995795919671283
6026.371705428621,0.07903291543602009,1.1041939344240317
6027.791438424271,0.08539167565823291,1.1003489843768006
6029.211171419922,0.01825929206599497,1.1016217940045072
6030.630904415573,0.11338925460898608,1.1026182661756836
6032.050637411223,1.4354638045199941,1.096575062333898
6033.470370406874,1.7656847327774834,1.088983407906973
6034.890103402525,1.75743964259323,1.0885305291402274
6036.309836398175,-0.22456349678789067,1.1025086223300986
6037.729569393826,-0.4587107395286836,1.1026338349566502
6039.149302389476,0.7201357670462976,1.0922163431114853
6040.569035385128,0.9231452931089095,1.0935291911179752
6041.988768380778,0.5495252623696167,1.0958329771592035
6043.408501376429,-0.07718541595481909,1.0963874260844377
6044.828234372079,0.5971106969696258,1.0924696632731705
6046.24796736773,0.48132965768040137,1.0858171406779689
6047.667700363381,-0.39237115753091345,1.0873666895907659
6049.087433359032,-0.3138977095850315,1.0871841587369295
6050.507166354682,0.6675340592106522,1.0832954310531755
6051.926899350333,0.4905990338708577,1.0865659245694526
6053.346632345983,-0.9549428973827538,1.1073022201321594
6054.766365341635,-0.3903811705207296,1.1043048341517523
6056.186098337284,0.5781885374317142,1.0964481213450836
6057.605831332936,0.0,1.0969558835874966
6059.025564328586,-0.9484801653674637,1.1051028987338545
6060.445297324237,0.08595880841699,1.0987879951855652
6061.865030319888,0.11408994297408981,1.0906596253943002
6063.284763315538,0.37451488276526845,1.0866475474795576
6064.704496311189,0.6594828993483048,1.0881194721182006
6066.12422930684,0.3943362584817578,1.090414078977925
6067.54396230249,-0.5836131243502969,1.09965875192314
6068.963695298142,-1.6581446900834358,1.1108790876752879
6070.383428293791,-1.2115065403314915,1.1100513035528143
6071.803161289443,-1.017279823933812,1.1133972248263262
6073.222894285093,-0.9503925903429042,1.107685919946812
6074.642627280744,-1.507355510661668,1.1204645657741372
6076.062360276395,-1.7351174470438764,1.1035837482421957
6077.482093272045,-0.43085382226184166,1.1083580281858958
6078.901826267696,0.24361454957808704,1.1009544980963184
6080.321559263347,-0.019915402796250703,1.101367974033879
6081.741292258997,-0.0019231650714885973,1.103268533769616
6083.161025254648,0.1652093031731141,1.1011384741842511
6084.5807582502985,0.42578346935138356,1.1000982592415092
6086.00049124595,0.40806813656013574,1.1035482857815173
6087.4202242415995,-0.326315197409329,1.107124542397881
6088.839957237251,0.3755682708085466,1.103488787742794
6090.259690232901,0.03575732923681585,1.1057626113872552
6091.679423228552,0.0,1.1147524014900603
6093.099156224203,1.0548466642854493,1.1009744831786343
6094.518889219853,1.4062508676742809,1.0996465163998284
6095.938622215504,0.3397906089098477,1.1072829825413595
6097.358355211155,0.5169141431911548,1.1089951767433135
6098.7780882068055,0.5604100410713606,1.1110829836131406
6100.197821202457,0.0,1.1175324441561718
6101.6175541981065,0.06669898115914208,1.1157414960821364
6103.037287193758,0.6771205632071364,1.1148495185808793
6104.4570201894085,0.3841969663967717,1.1175079400960561
6105.876753185059,-0.2677385582771379,1.123876454583496
6107.29648618071,-0.24779022706776388,1.1280004937237487
6108.71621917636,0.5929396958934454,1.1219361987872793
6110.1359521720115,0.615354808607897,1.1248611784180649
6111.555685167662,-0.13178326959805275,1.1322149432006385
6112.9754181633125,0.7280163991290642,1.125869889838703
6114.395151158963,1.5513276419695963,1.1192117839777767
6115.8148841546135,0.21464808631907317,1.1283400059484554
6117.234617150265,-0.8564768987055622,1.1363203110494717
6118.6543501459155,-0.1518496753514782,1.1360648087381033
6120.074083141566,1.1094526487543277,1.1309178070270067
6121.4938161372165,0.7287530492905177,1.1325909882921614
6122.913549132867,-0.4943169930549942,1.1402810510471642
6124.3332821285185,-0.7696248893484956,1.1461473677856473
6125.753015124168,-0.8906847964991584,1.1506680957977005
6127.1727481198195,-0.5815750098223127,1.1510473654696305
6128.59248111547,-0.6060270035271174,1.1510341087195075
6130.012214111121,-0.5344848716375203,1.1421979684419246
6131.431947106772,0.1530295173244518,1.1350510078480625
6132.851680102422,0.023498445070071483,1.1383562237655576
6134.271413098073,-0.7641034839220033,1.1465108718167798
6135.691146093724,-0.5140705450352456,1.1456741894265088
6137.110879089374,0.2971217429956141,1.1371963322949568
6138.5306120850255,0.16436919657330407,1.134520040325393
6139.950345080675,0.21861777096158974,1.1327634755373595
6141.3700780763265,0.25138124717362587,1.1312682387826845
6142.789811071977,-0.4045724220898599,1.1332954655190495
6144.209544067628,0.37262244950642653,1.1251816840464046
6145.629277063279,0.8068814947650544,1.1180667115550122
6147.049010058929,0.7833530068485928,1.1215174147113056
6148.46874305458,0.8587512838272389,1.122043645711922
6149.888476050231,0.20233180204462897,1.1313825116191278
6151.308209045881,-0.2692007495312829,1.1314020660305886
6152.727942041532,-0.06816749849241788,1.1197948526021495
6154.147675037182,-0.38842446472203207,1.1158909910627572
6155.567408032834,-0.197779502992514,1.1153728357299344
6156.987141028483,-0.007388551904124796,1.1198501151634064
6158.406874024135,-0.39325436926117163,1.1216835565959937
6159.826607019785,-0.24459095729267233,1.1149501879823072
6161.246340015436,-0.13999094726590045,1.1102588602904404
6162.666073011087,-0.2974692558019001,1.1127019413111547
6164.085806006737,0.06131124210745753,1.115641324772267
6165.505539002388,0.35024364347520986,1.115818246293204
6166.925271998039,-0.15880678125410697,1.1205133569104462
6168.345004993689,-0.6583586293140478,1.1225716574034075
6169.764737989341,-0.13788837290583444,1.1152246939863373
6171.18447098499,0.02269376544288093,1.1131973578933227
6172.604203980642,-0.2835477183904622,1.1196758482459845
6174.023936976292,-0.308533962485793,1.119999422500522
6175.443669971943,-0.6236436757135273,1.0795601593795934
6176.863402967594,-0.8909542318725059,1.046120559972438
6178.283135963244,0.5898303531260574,1.076931065957947
6179.702868958895,0.7187993636533676,1.101313422859094
6181.122601954546,0.8459045075680187,1.1013812281291475
6182.542334950196,0.7291710564892107,1.1077528475091627
6183.962067945847,-0.17844746922492405,1.117408999748109
6185.381800941497,0.10257956684018765,1.1175764145391465
6186.801533937149,0.4283101157562683,1.114003145917388
6188.221266932799,0.7994484565047415,1.1081844688774471
6189.64099992845,0.550602113510525,1.108393104714152
6191.0607329241,-0.7988176739507296,1.1270458679081115
6192.480465919751,-0.9441984955354563,1.1277773872129386
6193.900198915402,0.3200275607171612,1.1174644128368054
6195.319931911052,-0.671767664268291,1.1271906937152811
6196.739664906703,-1.5620448968009413,1.137936647580088
6198.159397902354,-1.1392415304427992,1.1370226009225521
6199.579130898004,-0.271749503969442,1.126952467312101
6200.998863893656,0.5631607388700566,1.1177412284004573
6202.418596889305,0.2529539237375289,1.1160724332280618
6203.838329884957,0.4652662871466795,1.1143635936108534
6205.258062880607,0.2604794424560346,1.114661491248163
6206.677795876258,-0.5819939016897742,1.1234276714316869
6208.097528871909,-0.44328270276981385,1.1269666976007011
6209.517261867559,-0.005405134847858761,1.1230031802925373
6210.93699486321,0.00999462880151114,1.1235211182503237
6212.356727858861,-0.15792071107032868,1.1238703132802688
6213.776460854511,-0.08882208989844997,1.1206534873247347
6215.196193850163,0.23927636384932072,1.1196636094809294
6216.615926845812,0.42330694942636526,1.1230514044709017
6218.035659841464,0.34512701299106396,1.124747225043947
6219.455392837114,0.457554485817397,1.1226747195710083
6220.875125832765,0.26493133801788815,1.1216088065532024
6222.294858828415,-0.08422967384101909,1.1222723530490561
6223.714591824066,-0.07339667523391213,1.1253333735588826
6225.134324819717,0.007097412087478716,1.129572815977342
6226.554057815368,0.31009552729228673,1.1303170262220004
6227.973790811018,0.2540936401163023,1.1327294024337278
6229.393523806669,-0.24662514851042516,1.141399241089815
6230.813256802319,-0.13876750823256856,1.1394966461310962
6232.232989797971,0.18947551212784575,1.1325598795264633
6233.65272279362,-0.3104548100721516,1.12344690918237
6235.072455789272,0.08341393022220345,1.1006966136609422
6236.492188784922,0.10341704414148367,1.0943805183366342
6237.911921780573,-0.29545286262890613,1.1135016482034816
6239.331654776224,-0.24323673169552862,1.1283354606511287
6240.751387771874,-1.0369320481509554,1.140266849973356
6242.171120767525,-1.1997599834452686,1.143454809454626
6243.590853763176,0.4536716759155013,1.1345866404118947
6245.010586758826,1.2141233420964497,1.1324420041584426
6246.430319754478,0.279924899399699,1.142638846389052
6247.850052750127,-0.10627367594920045,1.1455595450665859
6249.269785745779,0.23512362337984527,1.1429132819522225
6250.689518741429,0.5727255324479401,1.1478628384447638
6252.10925173708,-0.9300874872406375,1.1623873645305687
6253.528984732731,-1.2918598461528035,1.1753867972854957
6254.948717728381,0.34592417074850346,1.1498389389501655
6256.368450724032,0.6731423240493477,1.1267047067130882
6257.788183719683,0.5208945826559699,1.1098205938462067
6259.207916715333,0.5334969468939228,1.107847933253555
6260.627649710984,0.9004451313735018,1.1386004644452312
6262.047382706634,0.6853910283400246,1.1518967521091001
6263.467115702286,-0.25765733413474834,1.164001587635416
6264.886848697935,-0.5291186783086737,1.155244322845346
6266.306581693587,0.73792458458394,1.1487096104842625
6267.726314689237,0.30662784784110997,1.1633382360803937
6269.146047684888,-0.17832260917566956,1.1758798034746887
6270.565780680539,-0.0023146956064792334,1.1803528448009266
6271.985513676189,0.4111412119319162,1.177054172812159
6273.40524667184,0.6914507064271724,1.1731029969459665
6274.824979667491,-0.03297960515207876,1.1822385310753862
6276.244712663141,-0.4350393981707015,1.1789838818878489
6277.664445658793,-0.823176974237164,1.201916701251792
6279.084178654442,-1.2987659903567774,1.194910779941019
6280.503911650094,-1.208818469024422,1.2113055291024926
6281.923644645744,-0.10751934272659369,1.1984204084386363
6283.343377641395,0.3639825825269227,1.1948107434947366
6284.763110637046,-0.9577413916932898,1.201082328185238
6286.182843632696,-0.9497895906987317,1.1843793302152756
6287.602576628347,-0.23318670335653735,1.1717138464057022
6289.022309623998,-0.4789856417794667,1.17971243488441
6290.442042619648,-0.10536959131789914,1.1977337845148979
6291.861775615299,-0.5401183866588042,1.2126658204662921
6293.2815086109495,-0.3232949231616651,1.213553329080955
6294.701241606601,-0.44603719153504784,1.2141201299633344
6296.120974602251,-0.9052303532964245,1.2081100235653168
6297.540707597902,-0.4790991882338318,1.17574329614572
6298.960440593552,0.033028697877181656,1.1322868911838562
6300.380173589203,0.4382004756421125,1.1087658446781676
6301.799906584854,1.0164683384272877,1.1148857090422415
6303.219639580504,0.4922556311136894,1.1588695136341842
6304.639372576155,-0.438290742824325,1.1865486617131926
6306.059105571806,-0.061696629119012414,1.1797871647378224
6307.4788385674565,-0.26279298823702035,1.1842815894857088
6308.898571563108,-0.9545250520852946,1.203485484295322
6310.3183045587575,-0.12445568460294965,1.2161537340475737
6311.738037554409,0.48380494426133325,1.220914705596249
6313.1577705500595,-0.03162370190764463,1.2261958973321259
6314.57750354571,0.12440394941893018,1.2246746479835475
6315.997236541361,1.0354136149793973,1.2151600742183635
6317.416969537011,1.0230110853088945,1.2156082307867775
6318.8367025326625,0.519009911082982,1.2173277979821802
6320.256435528313,0.7064143126988185,1.2121558672230122
6321.6761685239635,0.553600913414197,1.2111729301968694
6323.095901519615,0.09914286042840104,1.2193248936354284
6324.5156345152645,-0.17042995686142604,1.2319779832824596
6325.935367510916,-0.1761333618085743,1.231484473001653
6327.3551005065665,0.1615077491265069,1.2119396996144598
6328.774833502217,0.33462709865233364,1.1925104155799904
6330.1945664978675,0.13565574668966818,1.1935294983379998
6331.614299493518,0.22580724238556016,1.1933006596432516
6333.0340324891695,0.8893062625151344,1.212986759031016
6334.453765484819,1.4518600629031475,1.2072618482792155
6335.8734984804705,0.800824705661249,1.2134236573077795
6337.293231476121,0.27661598424845124,1.2281809929485967
6338.712964471772,-0.07221796378265921,1.2272517461581383
6340.132697467423,0.15468029139527317,1.222579152597506
6341.552430463073,0.7426142518921601,1.2200458740398727
6342.972163458724,0.5137042513778312,1.2214448972140246
6344.391896454375,0.5723194355123908,1.2228894432096884
6345.811629450025,0.7373442883921655,1.2171182268700196
6347.2313624456765,0.36357448974723283,1.2168305727338553
6348.651095441326,0.08849389072384639,1.2169613253861815
6350.0708284369775,0.34362711345292496,1.2172655744336713
6351.490561432628,0.2889358666809656,1.223935623948342
6352.910294428279,0.23803027504685303,1.2258056153895103
6354.33002742393,0.0039746582279995835,1.219426935402126
6355.74976041958,0.07355903266904917,1.2082535075752339
6357.169493415231,0.0,1.2052682239130361
6358.589226410882,-0.5406321416161468,1.209813621957174
6360.008959406532,-0.35510264487703225,1.212828767618593
6361.428692402183,-0.2083852959667638,1.2110213330605806
6362.848425397833,-0.176000284113897,1.2015296844671248
6364.268158393485,0.49728744439891415,1.192718699709004
6365.687891389135,0.2450421521864392,1.2045940733120026
6367.107624384786,-0.5263844704452509,1.2311962087503174
6368.527357380436,-1.0157565465788139,1.246109453859938
6369.947090376087,-1.239911532708934,1.250345934567141
6371.366823371738,-1.1212411322611118,1.2488875985648913
6372.786556367388,-0.5602760014867165,1.2481700033041079
6374.206289363039,-0.5140754369662517,1.239052339338668
6375.62602235869,0.17282153404134704,1.2353208680034984
6377.04575535434,0.9480639520604015,1.220910105387332
6378.465488349992,-0.7516301585409195,1.2315195179726175
6379.885221345641,-0.7088677053639181,1.231289539087148
6381.304954341293,-0.2834543320479561,1.2266889198953028
6382.724687336943,0.22940212985123054,1.2236234345638166
6384.144420332594,0.3153156850827088,1.220592566059861
6385.564153328245,0.20095238307497,1.2063916507472372
6386.983886323895,0.6661933945252407,1.1996990202616435
6388.403619319546,1.1066633041720806,1.2083511125545765
6389.823352315197,0.19107065693879477,1.2274278936682401
6391.243085310847,-0.4051089179155376,1.2434975589641564
6392.662818306499,-0.20086938341430738,1.2420195632400561
6394.082551302148,0.04113556157984277,1.2372314504369868
6395.5022842978,0.18048546725897907,1.2367006822696807
6396.92201729345,-0.38314369252012526,1.2437565735130562
6398.341750289101,-0.22617286922472246,1.2415768915412364
6399.761483284751,0.11823273451600258,1.2402262270002633
6401.181216280402,0.0,1.2401575008031211
6402.600949276053,-0.04937626665085304,1.2404615721421262
6404.020682271703,-0.2182358754678404,1.2438035276047124
6405.440415267354,-0.2423709626299022,1.242572670232697
6406.860148263005,0.04937626665085304,1.2407662442335683
6408.279881258655,-0.3517987988873692,1.2421542159657826
6409.699614254307,-0.38509540051614977,1.2386265310203761
6411.119347249956,0.15432444343816343,1.2333750973163105
6412.539080245608,0.4284760208877607,1.2267563200676812
6413.958813241258,0.02624903366144693,1.233839688226886
6415.378546236909,0.13087765375291838,1.2380016843232131
6416.79827923256,0.044696391087693854,1.2308981602192723
6418.21801222821,0.6641323014689853,1.2204208968232262
6419.637745223861,1.1711135370592416,1.2099305920541423
6421.057478219512,0.5957997234065893,1.2307095597347162
6422.477211215162,0.01829683461971854,1.2401001195063939
6423.896944210814,-0.06403173580768495,1.2430518402926714
6425.316677206463,-0.3299891836422333,1.2511127620322204
6426.736410202115,-0.09143106288762937,1.23326111115245
6428.156143197765,0.13421560417181766,1.2361809802970272
6429.575876193416,-0.3582228245891308,1.245426253472588
6430.995609189066,-0.4961666911173843,1.2503799786983032
6432.415342184717,0.3727406016686068,1.2445478704060944
6433.835075180368,0.33607994516462014,1.2443169221821158
6435.254808176019,0.019019897344858094,1.2477863173654533
6436.674541171669,0.07338161644818086,1.2491922189452371
6438.09427416732,-0.07386342850758965,1.2487443042302195
6439.51400716297,0.1632622458432209,1.2442243398863895
6440.933740158622,0.44598562900154803,1.2420082951692943
6442.353473154271,-0.009250891671147343,1.2472648155224824
6443.773206149923,-0.19185460959068124,1.2526829339748413
6445.192939145573,0.013939524414414706,1.2547384347344637
6446.612672141224,0.5860946129680329,1.2459621833044432
6448.032405136875,0.8922463344104443,1.2393424107184587
6449.452138132525,0.23274893941426456,1.2513824886119875
6450.871871128176,-0.22715482196332815,1.2579390739613445
6452.291604123827,-0.19548381991133112,1.2540455274563183
6453.711337119477,-0.21617244203507724,1.2567809078450451
6455.131070115129,-0.6039781629529664,1.2633589619076886
6456.550803110778,-0.8054734709507443,1.2680158119810234
6457.97053610643,-0.2317105494631555,1.252642317557163
6459.39026910208,0.10657654681031303,1.2434113702808043
6460.810002097731,-0.0940680270325629,1.2479446497399456
6462.229735093382,0.35893475561167065,1.2389030334480662
6463.649468089032,1.1085057484818535,1.221579866322134
6465.069201084683,0.8869123679244915,1.218774121110922
6466.488934080334,0.05575356361826067,1.2262563568219513
6467.908667075984,0.35404033856676875,1.2305135375338512
6469.328400071635,0.42396828023649036,1.2314989262210496
6470.748133067285,0.12071691015732355,1.2326994599087946
6472.167866062937,0.38718782719105604,1.237129606822579
6473.587599058586,-0.01748952804969761,1.2514681146055453
6475.007332054238,-0.6697558785127562,1.2636571563138592
6476.427065049888,-0.04468102131176366,1.2548121766541274
6477.846798045539,0.13124067855916266,1.2488237222203864
6479.26653104119,-0.020984210807448278,1.2505184658769228
6480.68626403684,-0.39691459359226045,1.2648926489590198
6482.105997032491,-0.2217404733337176,1.265970887393785
6483.525730028142,0.4391867775977829,1.2609168673167255
6484.945463023792,-0.033583631912300405,1.2669821465210653
6486.365196019444,-0.3841316109139399,1.2719526978795046
6487.784929015093,-0.009169783049220115,1.2700782690709624
6489.204662010745,-0.5208739717416222,1.271471293341807
6490.624395006395,-0.7278229696738947,1.2723284325237532
6492.044128002046,0.4581562707437392,1.2592714402746576
6493.463860997697,0.8871768870580681,1.2535667973927989
6494.883593993347,0.47373750438506335,1.2546146310388588
6496.303326988998,0.1708419372429475,1.2447432123073783
6497.723059984649,0.4039358105450823,1.226907438465714
6499.142792980299,0.6193343344228879,1.218935221191013
6500.56252597595,0.2172885271865468,1.232435798152977
6501.9822589716005,-0.14408816997232066,1.253549519212848
6503.401991967252,-0.3101223699870381,1.262963678524545
6504.821724962902,-0.6162513177569586,1.263430057281931
6506.241457958553,-0.046025183117134105,1.2556555755231413
6507.661190954203,-0.29974741032701857,1.259719263314929
6509.080923949854,-0.9402150298647811,1.278041627754095
6510.500656945505,-0.5468337196748898,1.2743147333858436
6511.920389941155,0.10177975654759663,1.2686567694596593
6513.340122936806,-0.15176566640221267,1.2653621590846604
6514.759855932457,-0.7056207041845148,1.2767406375904409
6516.1795889281075,-0.3848176793243354,1.2646232370389312
6517.599321923759,0.07040584124817428,1.267663547902748
6519.0190549194085,-0.021367227283345613,1.261993177441705
6520.43878791506,0.1452580708446689,1.2532233083005373
6521.8585209107105,0.658382927739531,1.245362587854256
6523.278253906361,0.5112601422879273,1.2489488822811186
6524.697986902012,-0.20557751370432698,1.2634928977657667
6526.117719897662,-0.6310586003181946,1.2752194889908925
6527.5374528933135,-0.5745307159204103,1.2772955117054716
6528.957185888964,-0.6205534381615507,1.2744564281450839
6530.3769188846145,-0.7154996850663302,1.265643936492129
6531.796651880266,-0.5511477074397604,1.2464041063812563
6533.2163848759155,-0.6523653892897094,1.2341080918615586
6534.636117871567,-0.5064598273549841,1.2413734652172876
6536.0558508672175,0.2347473347391471,1.2537744018638564
6537.475583862868,0.8169977318822177,1.2540600332122382
6538.8953168585185,0.09551317315366603,1.2672954748029288
6540.315049854169,0.6245988276732781,1.252248570496754
6541.7347828498205,0.36647138648002553,1.2537412806352224
6543.154515845471,-0.16952773667355103,1.2512885474227002
6544.5742488411215,-0.2047079526215363,1.253349085691228
6545.993981836772,0.3083870660044816,1.2535067034079843
6547.413714832423,0.8580508035636889,1.258313421050747
6548.833447828074,0.04023736171262016,1.2717698986049681
6550.253180823724,-0.628070623234688,1.2726180526511979
6551.672913819375,-0.11552837101431024,1.243660755525179
6553.092646815026,0.866256440593272,1.2008881936058846
6554.512379810676,1.7251606237876551,1.188091004255797
6555.9321128063275,0.9748810822668581,1.2293763417534054
6557.351845801977,-1.2381206271954888,1.2775894731040427
6558.7715787976285,0.1047624665983875,1.2811557500623927
6560.191311793279,-0.2030629309107681,1.2734119790947358
6561.61104478893,-1.5115427925372842,1.27322780094238
6563.030777784581,-1.3563474170337706,1.2690259060084779
6564.450510780231,-0.028190256603576103,1.2583280665059764
6565.870243775882,-0.2755592376597136,1.273698899434348
6567.289976771533,-0.20661595703782254,1.2695056446381165
6568.709709767183,0.3432749168509375,1.2653721636485091
6570.129442762834,0.26761527496903526,1.2597950781267995
6571.549175758484,-0.04098838102932234,1.271992012245789
6572.968908754136,0.38673329735287254,1.2691371153008801
6574.388641749786,0.7971904459926584,1.2577364748078013
6575.808374745437,0.41975999145327236,1.251249003679135
6577.228107741087,0.029430983754625828,1.2424562215971824
6578.647840736738,0.2920523679576412,1.24402938988596
6580.067573732389,0.6007034642139004,1.2555344956680763
6581.487306728039,0.3684937033243685,1.2714585777044431
6582.90703972369,-0.040134934404402856,1.2760639707369823
6584.326772719341,0.3314807203154153,1.2768582034200682
6585.746505714991,-0.04457778171279969,1.2803947571024468
6587.166238710643,-0.11323666595643189,1.2837821418915973
6588.585971706292,-0.0028087581973537112,1.277858825009763
6590.005704701944,0.1084059437654723,1.2781171320973332
6591.425437697594,0.025388829288889525,1.285600264501435
6592.845170693245,-0.37896718497206905,1.2892163371162795
6594.264903688896,0.024231782885387076,1.2819020218157196
6595.684636684546,0.4445085159513589,1.2671708190951247
6597.104369680197,0.3573819363233923,1.2690413575024484
6598.524102675848,0.20180253095682588,1.282467253641278
6599.943835671498,-0.048967586255166395,1.2861155822518493
6601.36356866715,-0.30565848699040643,1.2844161993682612
6602.783301662799,-0.0021352439595432315,1.2663323113381078
6604.203034658451,0.2638754441179927,1.260862837765592
6605.622767654101,-0.25219903865400184,1.2807696586040684
6607.042500649752,-0.33985607783898786,1.2925319871976848
6608.462233645402,0.10440527618967721,1.2962534357760087
6609.881966641053,0.24366279257362677,1.2970522015185935
6611.301699636704,0.1553326677664657,1.3017896777389129
6612.721432632355,-0.05541678996346988,1.3043090404637006
6614.141165628005,-0.3016099036796831,1.30640518926107
6615.560898623656,-0.15742263223469166,1.3026389898705915
6616.980631619306,0.03597470256964641,1.3039632860824961
6618.400364614958,-0.2002498941192279,1.3100095036254034
6619.820097610607,-0.22345714981060283,1.3103586823444486
6621.239830606259,0.24265295152112287,1.3065844642488258
6622.659563601909,0.18458315007768178,1.3065100751733756
6624.07929659756,0.07765505921267746,1.3103755082698203
6625.499029593211,-0.0821273276564618,1.3093333884936822
6626.918762588861,-0.20009837472523273,1.31021605504143
6628.338495584512,-0.21571860845403634,1.310301893366138
6629.758228580163,-0.3433831165389236,1.3129639817868726
6631.177961575813,0.09173942591148432,1.3136495439891531
6632.597694571465,-0.47352686409855593,1.3165473073329046
6634.017427567114,-0.3460142872788694,1.3087013823367546
6635.437160562766,0.4459159284094696,1.2958729346888163
6636.856893558416,0.4969051436236782,1.3020935259973525
6638.276626554067,-0.09757168430681062,1.3182865169416849
6639.696359549718,-0.3409426827117734,1.3261908539674478
6641.116092545368,-0.3185740715603629,1.2985132792948648
6642.535825541019,-0.6442312036785189,1.2451680855892744
6643.95555853667,-0.7471732407815672,1.2521038456858669
6645.37529153232,0.06400347610545865,1.24350655510314
6646.795024527971,1.1042514284437708,1.3126125968256657
6648.214757523621,0.23442451491736804,1.3183462434243782
6649.634490519273,0.14813099697158094,1.3225807112269654
6651.054223514922,-0.09571800607891845,1.330828829572405
6652.473956510574,-0.24599212277508542,1.3331892768944358
6653.893689506224,-0.24503515150574273,1.33308171164783
6655.313422501875,-0.2346205054059709,1.330334666342251
6656.733155497526,-0.18387464916269636,1.3281301440725637
6658.152888493176,-0.440126829389925,1.3333122742678196
6659.572621488827,-0.8480990739353373,1.344019026530438
6660.992354484478,-1.0373453588426358,1.3468913376403038
6662.412087480128,-1.4109530391568015,1.336317949465185
6663.83182047578,-1.4482813629129012,1.3255195315004886
6665.251553471429,-0.7902503261823881,1.313417428903249
6666.671286467081,-0.859610073871611,1.3165629584824932
6668.091019462731,-1.295571248460483,1.3221260135397161
6669.510752458382,-1.4769329114805316,1.3294551891949284
6670.930485454033,-1.5154213658194102,1.336714122505193
6672.350218449683,-1.7772197799077212,1.3669800889247266
6673.769951445334,-2.322765262697093,1.384661419357724
6675.189684440985,-2.7374320458483172,1.3917976230768518
6676.609417436635,-3.431618435688268,1.4044748020334306
6678.029150432286,-4.955453983145921,1.438718444094466
6679.448883427936,-6.062575674755912,1.4694235881110873
6680.868616423588,-5.082144018682001,1.4530493280456966
6682.288349419238,-3.46545350110992,1.4242788099714803
6683.708082414889,-2.914415797469495,1.4017363311176685
6685.127815410539,-1.484279847278767,1.3815811913483493
6686.54754840619,-2.487048921627853,1.3076311387241135
6687.967281401841,-2.0124910851627433,1.2928700688112649
6689.387014397491,-1.380506010650329,1.3428167629954364
6690.806747393142,-1.406391601267316,1.3727872182280665
6692.226480388793,-1.558762567000926,1.3791823415784732
6693.646213384443,-1.1829143030263332,1.3608741079098805
6695.065946380095,-0.15756872250538123,1.3376560108645001
6696.485679375744,0.2328808329726293,1.337525824182727
6697.905412371396,-0.4860778737361784,1.357189015361294
6699.325145367046,-0.7045681907880095,1.3676989886167628
6700.744878362697,-0.459711336265773,1.3641973959177798
6702.164611358348,-0.7449282667980164,1.3674238878349991
6703.584344353998,-0.84620082971011,1.3691522075316798
6705.004077349649,-1.6806184785217013,1.3702266202295368
6706.4238103453,-0.843439141172361,1.3644295452385597
6707.84354334095,-0.45016065650512616,1.3536607788880206
6709.263276336602,-0.7757179973713875,1.3647276996950506
6710.6830093322515,-0.6287063885772888,1.3670383408044047
6712.102742327903,0.0007233172535769938,1.3576729725037644
6713.522475323553,-0.0671343187158655,1.3592284439132807
6714.942208319204,-0.5904503820106477,1.3664585203018091
6716.361941314854,-0.23935948750035863,1.3594839535766845
6717.781674310505,0.29492492194863473,1.3484300270171907
6719.201407306156,0.5305111830483114,1.3232699538188932
6720.621140301806,0.519925974260449,1.3514467434812831
6722.040873297457,0.02992295329954331,1.3582630856243874
6723.460606293108,0.34959434456856897,1.352468497306708
6724.8803392887585,0.36482349998469843,1.354054387884865
6726.30007228441,0.3578234487973013,1.3520087855515606
6727.7198052800595,0.39789539933937235,1.3528786170252758
6729.139538275711,0.26512439272356403,1.3508469205174576
6730.5592712713615,0.15112568124682468,1.3464606688716978
6731.979004267012,0.358828276776638,1.3447842159615426
6733.398737262663,0.5149641054285325,1.348029830868676
6734.818470258313,0.0683757503491016,1.3582836742112152
6736.2382032539645,-0.029027464153951854,1.3609723211632967
6737.657936249615,0.021309454403663608,1.3672890133914182
6739.0776692452655,-0.3030685513394893,1.3615191815008363
6740.497402240917,0.49467113339863644,1.3501859285713185
6741.9171352365665,0.11276302305884656,1.3522902877995173
6743.336868232218,-0.005830517238493371,1.3557625762723124
6744.7566012278685,0.040694704716027985,1.3571763450416574
6746.176334223519,-0.07207127465672158,1.3601563177897085
6747.5960672191695,-0.11238111992004107,1.3595656804013085
6749.01580021482,0.16525640681850007,1.3519083853066163
6750.4355332104715,0.6275509806436936,1.3451781475821014
6751.855266206122,0.7926941675201711,1.34701255242173
6753.2749992017725,-0.3100968333053089,1.3681233583679226
6754.694732197423,-0.5937127838903891,1.3647310832209756
6756.114465193074,-0.005238210815338817,1.3648801386390317
6757.534198188725,0.01640816849700144,1.350131494776847
6758.953931184375,0.1983564608529953,1.3508483951781078
6760.373664180026,0.20652485993254643,1.3524699427100035
6761.793397175677,0.409545800685688,1.34931539714884
6763.213130171327,0.7328936520763456,1.3401579580842915
6764.6328631669785,0.779688144338067,1.3392742294513638
6766.052596162628,0.5679864716188199,1.3483638016255928
6767.4723291582795,0.41600004116115485,1.342099928134504
6768.89206215393,0.44394102286137027,1.3496561676616954
6770.311795149581,0.41359319092490665,1.3517147728375094
6771.731528145232,0.6405300955583613,1.3527274603081973
6773.151261140882,0.22664428569494888,1.3583478947842664
6774.570994136533,-0.043972382896456,1.3593840320894905
6775.990727132184,0.690615883885787,1.349183198518578
6777.410460127834,1.374704152788155,1.338889777623943
6778.8301931234855,1.2152525412595558,1.3384079406096538
6780.249926119135,0.458287666990735,1.3480268406803138
6781.669659114787,0.11279328255215049,1.3544723376453804
6783.089392110437,0.685155686913955,1.3438266499455118
6784.509125106088,1.0888596544838371,1.3327346459431235
6785.928858101738,0.44802345904211194,1.3356906987843502
6787.348591097389,1.0090955557010233,1.3363221050772016
6788.76832409304,0.0,1.350354896010371
6790.18805708869,-0.01747255419747873,1.3627191522003503
6791.607790084341,0.036833125915649134,1.3582310561674165
6793.027523079992,-0.061842816902487385,1.360168206671876
6794.447256075642,0.31761903875806397,1.3547374757988182
6795.866989071294,0.8136098210529354,1.3430824275612685
6797.286722066943,0.7907414993032624,1.3451751979993416
6798.706455062595,0.7990622823288795,1.3486495349610383
6800.126188058245,0.573249688227154,1.346894243773947
6801.545921053896,0.44169794944112795,1.3544799677813075
6802.965654049547,-0.02672476719923722,1.3665443314607448
6804.385387045197,-0.7023192640514431,1.373916606921866
6805.805120040848,0.06821379571872654,1.3624293645950871
6807.224853036499,0.5887548459787659,1.3530480939470169
6808.644586032149,0.23851273526039307,1.3599969264501401
6810.064319027801,-0.026333334919048212,1.3515142934981075
6811.48405202345,0.3119697121250269,1.3357519150554547
6812.903785019102,0.4069836534485596,1.3495136313017095
6814.323518014752,-0.19718728576044597,1.3537125526350766
6815.743251010403,0.17785237626083372,1.3513710309559528
6817.162984006053,0.022813268285823085,1.3541299741643984
6818.582717001704,0.11965860988279431,1.3552637241149261
6820.002449997355,0.1526287774196149,1.3568270379094758
6821.422182993006,0.0005055646612426301,1.3600332524534602
6822.841915988656,-0.13059299186400253,1.3600834726729463
6824.261648984307,-0.1051482481811945,1.3518035777734683
6825.681381979957,0.0897541053003792,1.3288856702866925
6827.101114975609,0.30673989676384394,1.292420417909751
6828.520847971258,0.3010272674607819,1.2612002073985848
6829.94058096691,0.1579509260782217,1.2610604413142206
6831.36031396256,-0.15807436614730008,1.2789914198819599
6832.780046958211,-0.426583035585832,1.2850524060443957
6834.199779953862,-0.0557112425422055,1.2775494857098606
6835.619512949512,-0.32890195351800244,1.2911146597478773
6837.039245945163,0.06096173799832627,1.3141426413408603
6838.458978940814,0.30652586313589936,1.3355245617728448
6839.878711936464,-0.14952450994349675,1.3471933932994462
6841.298444932116,-0.46423861792280263,1.3478844323081538
6842.718177927765,-0.08917734542459499,1.346286662702014
6844.137910923417,-0.19841688415012015,1.3508343960376765
6845.557643919067,0.622754688642857,1.356866730060221
6846.977376914718,0.7006544020522796,1.3484276311654055
6848.397109910369,0.005531108817049102,1.3654636865843535
6849.816842906019,-0.37028476201828653,1.3658443947277625
6851.23657590167,0.04447219480618614,1.356022895609536
6852.656308897321,0.3452745166832152,1.3522869571669929
6854.076041892971,0.18100679263150354,1.3576206312552659
6855.495774888622,0.03218053189804593,1.3617572272044682
6856.915507884272,0.06026384669808493,1.3593687915695771
6858.335240879924,-0.034753970559464165,1.3611168552784734
6859.754973875573,-0.009773687009811738,1.3525647509204788
6861.174706871225,0.2778955097671876,1.3156726909576515
6862.594439866875,-0.4720111937728042,1.2575948990966774
6864.014172862526,-0.2507955955312866,1.2172611985065427
6865.433905858177,0.10230758749258939,1.2233789551928285
6866.853638853827,0.3607082891780813,1.2455044423772184
6868.273371849478,0.3043440165326743,1.253967681939561
6869.693104845129,-0.3097579732070983,1.2502138683138966
6871.112837840779,-0.9143175740730562,1.250036243188064
6872.532570836431,0.0894357011579423,1.2581516212396742
6873.95230383208,0.2977863312081297,1.281122023624481
6875.372036827732,-0.21904945423501587,1.2969831760511865
6876.791769823382,-0.43416822575685643,1.3113754829944841
6878.211502819033,-0.10499853585147179,1.3161165835508266
6879.631235814684,0.3004123581834932,1.3190216551977918
6881.050968810334,0.1561217419616021,1.327040749403849
6882.470701805985,-0.24544131584129403,1.3382035630693232
6883.890434801636,-0.3584155521549093,1.3469487721619167
6885.310167797286,-0.5990704631067629,1.3497751875488442
6886.729900792937,-0.8414863836956883,1.337320541346357
6888.149633788587,-0.47120326258814416,1.3147038673639164
6889.569366784239,0.17538057568626186,1.2966375820830314
6890.989099779889,-0.32457441408273624,1.3104014098203265
6892.40883277554,-0.6365125954768516,1.3350041604973313
6893.82856577119,-0.26849721196215626,1.340936742064719
6895.248298766841,0.08525650433733034,1.3338246970991092
6896.668031762492,-0.08473221671940934,1.3324730975671188
6898.087764758142,-0.17285993450521886,1.3339330147456916
6899.507497753793,0.24654270553713786,1.3196411311276126
6900.927230749444,-0.6184084294418142,1.3189036774674185
6902.346963745094,-0.3860856486628421,1.3222175048300624
6903.766696740746,0.04955076447581064,1.3314556724500153
6905.186429736395,0.06368169053990513,1.3468876947102828
6906.606162732047,-0.28361703331145094,1.3600357700126897
6908.025895727697,-0.4821750724691256,1.3637121002551753
6909.445628723348,0.06556489983925928,1.3464075837159992
6910.865361718999,0.7474886268007879,1.3139302925378866
6912.285094714649,0.19496882799031923,1.3025318437852726
6913.7048277103,0.1465230658400678,1.313388088395698
6915.124560705951,0.4301616265841588,1.333005438373696
6916.544293701601,0.05154754255184457,1.367475131401804
6917.964026697253,-0.5382671732517181,1.3800666519312617
6919.3837596929025,-0.01894601412557506,1.359068732251045
6920.803492688554,0.1420366402760287,1.325663343323855
6922.223225684204,-0.05257172902747698,1.2928634978295652
6923.642958679855,0.3146103881104274,1.2718087082881537
6925.062691675505,0.6053412054196166,1.2858309051642456
6926.482424671156,0.39768803133518915,1.3304082078918975
6927.902157666807,0.2088477193913043,1.3641437985093725
6929.321890662458,-0.054681984118143845,1.374051426157283
6930.741623658108,0.046678294263355014,1.3748986132371248
6932.161356653759,0.016482410413075854,1.3756108038193826
6933.5810896494095,0.048222535233065855,1.3708068407368592
6935.000822645061,0.3951731133358649,1.356123318553087
6936.4205556407105,0.8631101458958383,1.334391927600693
6937.840288636362,0.9826819384797894,1.3151825946548064
6939.2600216320125,0.6467942500207222,1.313299588996259
6940.679754627663,0.16347199276672697,1.3163560699925967
6942.099487623314,0.22552701766701233,1.3293824370174916
6943.519220618964,-0.08782092476173986,1.3579492555884738
6944.9389536146155,-0.5589713687254552,1.3720223135886653
6946.358686610266,-0.4907463507232066,1.3464045623961545
6947.7784196059165,-0.08552797551175573,1.2936507795035064
6949.198152601568,0.29577175348425655,1.2587011776479629
6950.6178855972175,0.8386887794405204,1.2761701221800181
6952.037618592869,1.1872257555591368,1.3164100537832184
6953.4573515885195,0.6690444805262992,1.356530939997999
6954.87708458417,-0.2725197291793364,1.3770514677758634
6956.296817579821,-0.6464752966101415,1.3864029324666451
6957.716550575471,-0.5219905052470963,1.385662463906717
6959.1362835711225,-0.3894069359710599,1.3853626738556806
6960.556016566773,-0.6063342959275069,1.393910340142708
6961.9757495624235,-0.8747280781408691,1.4039697709858419
6963.395482558074,-0.4503850076149476,1.3974081893552142
6964.815215553725,0.24887585057563655,1.38442909027935
6966.234948549376,-0.18256471008134412,1.388731513216759
6967.654681545026,-0.5951497081819177,1.3835590590913225
6969.074414540677,-0.8548364891549181,1.3730512361856557
6970.494147536328,-0.05916310101323674,1.351195328387467
6971.913880531978,0.5149167697716557,1.3511719553139783
6973.3336135276295,-0.09439570739918679,1.379858970220729
6974.753346523279,-0.7922510060476888,1.3952530589170158
6976.1730795189305,0.1587976062744758,1.3609939972452116
6977.592812514581,0.5431500742223996,1.3118313306876879
6979.012545510232,0.34095082734432935,1.2969502599799716
6980.432278505883,0.3970365268386189,1.3289087977136713
6981.852011501533,0.22640164514593408,1.3662348792245138
6983.271744497184,-0.16695101849883542,1.3881602935935249
6984.691477492835,-0.33983037278612827,1.390361287770556
6986.111210488485,-0.18735201535380952,1.3813617085487353
6987.5309434841365,-0.12047887676436986,1.3759955160832207
6988.950676479786,-0.04482361662806866,1.381767777759228
6990.370409475438,-0.3087096990850853,1.3859245504034519
6991.790142471088,-0.10870661300283047,1.3876031343603352
6993.209875466739,0.27606280105370473,1.3692530487391328
6994.629608462389,0.16312949617249828,1.377079783807623
6996.04934145804,-0.1383875679788531,1.3889565988050712
6997.469074453691,-0.08567792901279603,1.3870418207379476
6998.888807449342,0.3477269705036008,1.382055608274039
7000.308540444992,0.5320655261933389,1.3735868888534104
7001.728273440643,0.1812404053300689,1.3743416489511462
7003.148006436293,-0.25650569696151493,1.3743578523503488
7004.567739431945,-0.2577609582966929,1.3767582180098885
7005.987472427594,-0.01547044266464681,1.382584271977932
7007.407205423246,0.14173399819181398,1.3848147863724138
7008.826938418896,0.2139600447177017,1.3764818187698786
7010.246671414547,0.31237856155372157,1.3601242668930562
7011.666404410198,0.322960884659949,1.3508415274287593
7013.086137405848,0.1542540895026434,1.3659205844638698
7014.505870401499,-0.099051577291565,1.387764782396294
7015.92560339715,-0.2588321402137659,1.4014296052332613
7017.3453363928,-0.0011801428422586469,1.4005558029797434
7018.765069388452,0.2891115367695143,1.3939246045424634
7020.184802384101,0.27610295305566623,1.3907823783736981
7021.604535379753,-0.066504763531821,1.3965877109568923
7023.024268375403,-0.4108861142855069,1.4070683477747945
7024.444001371054,-0.20418451451206465,1.3963495113308215
7025.863734366705,0.8194447163073661,1.2977517668267744
7027.283467362355,0.21015207240568756,1.2820362396515266
7028.703200358006,-0.06950821946588093,1.3561638062314474
7030.122933353657,-0.0035118954022053117,1.3902025534853815
7031.542666349307,0.07059144737839418,1.3908783501039372
7032.962399344958,0.05615012858492108,1.3964385024774957
7034.382132340608,0.018177336665861077,1.4015731564073795
7035.80186533626,-0.17824122697720668,1.4059667664271531
7037.221598331909,0.2567730911382178,1.391792692050082
7038.641331327561,-0.15769272396808987,1.3974661173271887
7040.061064323211,-0.236604447029233,1.395013830598755
7041.480797318862,0.043253731955619656,1.3898386601392994
7042.900530314513,0.14561170778759092,1.3889055719329668
7044.320263310163,0.2928558308589757,1.38402152365532
7045.739996305814,0.797503214173588,1.366621658320592
7047.159729301465,0.11700876458573006,1.3587723125004327
7048.579462297115,0.016008819416439835,1.3664651211088197
7049.999195292767,-0.31427349359513457,1.3718579586973847
7051.418928288416,-0.3860407183100065,1.3847691877400141
7052.838661284068,0.3184287947024167,1.381093666366658
7054.258394279718,0.015227367255393531,1.3886582136671293
7055.678127275369,-1.159141048095556,1.4124368210213984
7057.09786027102,-1.129342173385389,1.4199427715111215
7058.51759326667,-0.39726830478055497,1.4064751665555233
7059.937326262321,-0.7687093055297147,1.4155753868545264
7061.357059257972,-1.8280269280472208,1.4369034697923768
7062.776792253622,-2.2426596537496266,1.4505607864686305
7064.196525249273,-2.8352811746420468,1.4684051667775908
7065.616258244923,-3.443150085734702,1.4816382789362157
7067.035991240575,-3.619055142950442,1.4874969277325576
7068.455724236225,-3.3888192443565295,1.4894810107083452
7069.875457231876,-2.773152337748696,1.46133195527728
7071.295190227526,-1.8627117396866666,1.4548241339090098
7072.714923223177,-1.2104048930753368,1.4284689435699922
7074.134656218828,-1.107027499277386,1.4222013330384884
7075.554389214478,-1.116874108796523,1.428417391549662
7076.974122210129,-0.8936986049232747,1.4267784897696842
7078.39385520578,-0.5755313087301399,1.4186411745036842
7079.81358820143,-0.7094256964895536,1.425486250725896
7081.233321197082,-1.361424596842193,1.4305798755925185
7082.653054192731,-1.504036424813636,1.4361118987284054
7084.072787188383,-0.6482652376503051,1.4258018769756313
7085.492520184033,0.015676216588675018,1.4145400341176286
7086.912253179684,0.2844907277902369,1.4015639460311737
7088.331986175335,0.2834649340624775,1.39428808461045
7089.751719170985,0.14314324009806434,1.399133992520811
7091.171452166636,-0.09101928309311802,1.4092475554022408
7092.591185162287,-0.40132711702645096,1.4257904486871715
7094.010918157937,-0.48671274962755895,1.4268114281687014
7095.430651153589,0.2816537739415459,1.418624607829622
7096.850384149238,0.407402878778484,1.420932650871376
7098.27011714489,0.07405380438540377,1.4256588782175392
7099.68985014054,-0.09994598961308121,1.4279849293832383
7101.109583136191,0.0036426175546271367,1.4318395069547334
7102.529316131841,-0.12570126512416557,1.433176978091494
7103.949049127492,-0.12475719618897507,1.4327647288916912
7105.368782123143,0.1542329799210247,1.4283831991309568
7106.788515118793,0.11270768649201912,1.4233038067138615
7108.208248114444,-0.08513862289152918,1.4312571671509797
7109.627981110095,-0.11640894880586927,1.4351911300187903
7111.047714105745,0.1814903772288634,1.4255380190911757
7112.467447101397,0.6436406928445688,1.4201049767490312
7113.887180097046,0.6959080793787322,1.4127821557963631
7115.306913092698,0.2541379644731503,1.4216919249734377
7116.726646088348,0.14936565208113883,1.4292267982742062
7118.146379083999,0.1938563291077262,1.4323004254162974
7119.56611207965,0.22460443430913024,1.4325768722533767
7120.9858450753,0.20618516541437337,1.4322108859813283
7122.405578070951,0.11387538912418904,1.4328999990071543
7123.825311066602,-0.23403374726306936,1.436012300476455
7125.245044062252,-0.20607532400992667,1.4298310539631987
7126.664777057904,0.13265403673769605,1.422015521079937
7128.0845100535535,0.19674353269917866,1.4236755732197761
7129.504243049205,-0.05565821779995517,1.4312896730299751
7130.923976044855,-0.29477407361814834,1.4386551634290063
7132.343709040506,-0.17054071971218576,1.4394819589959824
7133.763442036156,0.22682195754157242,1.4316596765514908
7135.183175031807,0.3169846221529138,1.4312951758798553
7136.602908027458,-0.11008485603696805,1.4408073921632016
7138.022641023109,-0.1064240740773581,1.440411505124237
7139.442374018759,0.18086362190721594,1.4339515192325576
7140.86210701441,0.22258992609439332,1.4284793733161538
7142.2818400100605,0.15389896448164286,1.4232289194793433
7143.701573005712,0.4459499273824896,1.4146554614405087
7145.1213060013615,0.15390720097804333,1.4158178174146943
7146.541038997013,-0.05075876729765305,1.4145908174575226
7147.9607719926635,0.12486349261084939,1.41253913473917
7149.380504988314,0.28250927172362417,1.4200736265942713
7150.800237983965,0.20944131465889626,1.427378942442596
7152.219970979615,0.30732980829569634,1.4308218087109823
7153.6397039752665,0.7488181414574946,1.434381423995843
7155.059436970917,0.4443638461593622,1.4390608270952432
7156.4791699665675,0.5006710609041924,1.4387375780462257
7157.898902962219,0.42491538290349773,1.436191951851126
7159.3186359578685,0.060640045831698686,1.4378166181747682
7160.73836895352,-0.16087883276743753,1.4393547478169013
7162.1581019491705,-0.1295023490284386,1.4384758132539204
7163.577834944821,0.06025916869338843,1.4352648306533276
7164.997567940472,0.3448949485524704,1.4305263210231836
7166.417300936122,0.2539509795874064,1.4281833083151048
7167.8370339317735,0.29803266471330403,1.4284738124784102
7169.256766927424,0.2090586677868469,1.4298841010490306
7170.6764999230745,-0.26754078411770443,1.4384358559771082
7172.096232918725,-0.2743979983888156,1.44001850103444
7173.515965914376,0.4674900519324101,1.4255561409477011
7174.935698910027,0.8314288134137069,1.4093676332791611
7176.355431905677,0.3641711338223992,1.4146575883551695
7177.775164901328,0.1607710690053228,1.4162258181066985
7179.194897896979,0.17612194820957683,1.4220725517903434
7180.614630892629,0.025402792797025953,1.4278537016367625
7182.0343638882805,0.1062780313270899,1.4270113871436063
7183.45409688393,0.344090385177541,1.4207277962611444
7184.8738298795815,0.012803814451890716,1.4185729321254514
7186.293562875232,-0.015341959719505027,1.4213446288492555
7187.713295870883,0.7782545285314271,1.399153527931795
7189.133028866534,1.0185986998735306,1.395149428512925
7190.552761862184,0.19574133794542803,1.414589623888818
7191.972494857835,-0.05218662607271263,1.4286217392097127
7193.392227853486,0.6343604403824266,1.42366709523458
7194.811960849136,0.474424830397572,1.4201034801679755
7196.2316938447875,-0.2987707371041921,1.4342445835286812
7197.651426840437,-0.4476484263641556,1.434236216030574
7199.071159836089,-0.29523757043342336,1.4345188044475579
7200.490892831739,-0.3998577849897007,1.4336230430469188
7201.91062582739,-0.30210432718854996,1.427671302786164
7203.33035882304,0.030167403597413767,1.420307653079965
7204.750091818691,-0.0928190185301041,1.421835318625326
7206.169824814342,0.19068001509092802,1.4276878064981768
7207.589557809993,0.18757568293486848,1.4251119230461733
7209.009290805643,-0.11838207807778112,1.4289416007474631
7210.429023801294,-0.13073463426994358,1.4327332381395055
7211.848756796944,-0.08155668873583366,1.438261824072573
7213.268489792596,-0.0029425982795086014,1.439197312201501
7214.688222788245,0.4130934896873093,1.4243197364431455
7216.107955783897,-0.06400358352070867,1.4449028058483744
7217.527688779547,-0.3015927097471849,1.438114365223749
7218.947421775198,0.0728157736042192,1.432087360082365
7220.367154770849,0.32998810142518487,1.42269450622181
7221.786887766499,0.2945957213926462,1.4143096836252338
7223.20662076215,0.21319575726271545,1.4125146233710704
7224.626353757801,0.3065648114827635,1.4153016887729493
7226.046086753451,0.40680482076461644,1.4156891707555403
7227.465819749103,0.14753976862221663,1.4171193517285934
7228.885552744752,-0.14729256320119255,1.4223533322951314
7230.305285740404,-0.08045109325705369,1.416452428689159
7231.725018736054,0.14682807249434227,1.4035092137780227
7233.144751731705,0.15960091978631752,1.3952240362044315
7234.564484727356,-0.010414728639778659,1.3913204998821174
7235.984217723006,-0.37301650174529577,1.39004273150788
7237.403950718657,-0.12527361101386703,1.3254763486326053
7238.823683714308,0.28649244924442563,1.237235467792984
7240.243416709958,0.08204234146750444,1.183586429997392
7241.663149705609,-0.4974044719375392,1.1814805577558625
7243.082882701259,-0.8147215494431901,1.2015181242751187
7244.502615696911,-1.449274051896987,1.1956447455804184
7245.922348692561,-1.1744937751540068,1.1984735024546365
7247.342081688212,-0.6694046766484565,1.2538994622648747
7248.761814683862,-0.2815911123447261,1.331804904085691
7250.181547679513,-0.03188882916204072,1.3712697288454878
7251.601280675164,-0.09189086109897282,1.360422197571461
7253.021013670814,-0.5963059203725152,1.3446597476311795
7254.440746666465,-0.24286869979668246,1.330466068546542
7255.860479662116,0.335833712975953,1.3534035228792172
7257.280212657766,-0.13626630269297557,1.388904287192696
7258.699945653418,-0.9310787042488489,1.420471592644955
7260.119678649067,-0.8797658814391767,1.4221457747624349
7261.539411644719,-0.07024509448138261,1.398701489675301
7262.959144640369,-0.5413007218126413,1.4034671675774129
7264.37887763602,-0.5543706606434355,1.3986395621603107
7265.798610631671,-0.57198279916107,1.3925315396587241
7267.218343627321,-0.4683866095779905,1.391197948226808
7268.638076622972,-0.2260758338316542,1.3886870269792688
7270.057809618623,-0.0161712223160837,1.3795462897700779
7271.477542614273,-0.10958306747049207,1.3587973094808323
7272.897275609924,-0.467126663667651,1.31619612723927
7274.317008605574,0.5726954882640332,1.1807700628264413
7275.736741601226,0.5100101345642738,1.1238153627934393
7277.156474596876,0.04415724706684898,1.1176386952862831
7278.576207592527,-0.4749617942544333,1.1940909530241615
7279.995940588177,-1.30229958853573,1.332991333715575
7281.415673583828,-2.8623200915308775,1.4201148952390674
7282.835406579479,-3.0306504354246435,1.3655771433216382
7284.255139575129,-2.3647938998746163,1.302859441576219
7285.67487257078,-1.227697720361867,1.290442235339729
7287.094605566431,-0.36515543414003915,1.3255306735042063
7288.514338562081,-0.13893011057137805,1.3698859151136784
7289.934071557733,-0.34392851848260086,1.3867631556061422
7291.353804553382,-0.26377333951377224,1.390905748653372
7292.773537549034,-0.462483249579158,1.3934895370657467
7294.193270544684,-0.9276733821402701,1.3883152000099364
7295.613003540335,-0.7451608392518896,1.373479065570082
7297.032736535986,-0.3573989292689621,1.375742323243039
7298.452469531636,-0.40853988649569395,1.4007194907407516
7299.872202527287,-0.8858038437788256,1.4113809360570155
7301.291935522938,-0.47524270601373786,1.3650709342991751
7302.711668518588,-0.2652183028344055,1.299460961580275
7304.13140151424,-0.43690723130548115,1.282955568800808
7305.551134509889,-0.3782831079313862,1.3176074312911055
7306.970867505541,-0.034862067513913075,1.3676624744745078
7308.390600501191,0.1879234232111866,1.3907470548320555
7309.810333496842,0.18528697382515702,1.388115809688298
7311.230066492492,0.45254482213844227,1.378070679528973
7312.649799488143,-0.5280343190797971,1.3794175851776282
7314.069532483794,-0.6989127586544139,1.2982322424760282
7315.489265479445,-0.511477698150463,1.2037065215311757
7316.908998475095,-0.771161192502893,1.1840838836340402
7318.328731470746,-0.7298732082151833,1.223449731897406
7319.748464466396,0.13931601620195977,1.3407292204218437
7321.168197462048,0.2188508640107223,1.391172158148692
7322.587930457697,0.25314516481421023,1.4039053700737678
7324.007663453349,0.16930216891791794,1.4000713086970857
7325.427396448999,-0.040913609847606836,1.385656558982799
7326.84712944465,-0.11052818324066394,1.3518152167287574
7328.266862440301,0.1759368235895149,1.2916026392085052
7329.686595435951,0.5155910644388229,1.266445079395175
7331.106328431602,0.4696981808580567,1.2907541143887054
7332.526061427253,0.14839518697808707,1.3492047612800524
7333.945794422903,0.024760237327310364,1.397467787356615
7335.365527418555,0.2964398577625573,1.394148767485356
7336.7852604142045,-0.21224915820522128,1.3570266867010148
7338.204993409856,0.6149731249616579,1.2739034632324842
7339.624726405506,1.6731870642461022,1.1793334942952762
7341.044459401157,0.8753399355341305,1.1345320179340928
7342.464192396808,-0.18785901940154126,1.1666877878256445
7343.883925392458,0.17990940121214294,1.2652611228727582
7345.303658388109,0.11233568690949625,1.38284660238583
7346.72339138376,-0.11585042797020506,1.3953127063295634
7348.14312437941,0.15437209946884245,1.4004099552122051
7349.562857375061,0.3862274896322866,1.395613535391526
7350.9825903707115,0.04891362075143668,1.3975044178992337
7352.402323366363,-0.5601071283296442,1.4091504793852738
7353.8220563620125,-0.23675174375172503,1.4076639215878708
7355.241789357664,-0.6004829693342408,1.404176305414428
7356.6615223533145,-0.0368213381639535,1.3479233302647888
7358.081255348965,0.5835131661775232,1.2842320486889516
7359.500988344616,0.6475105363757887,1.2609793536217215
7360.920721340266,0.2493511363110006,1.2901292847100667
7362.3404543359175,0.25425858565091985,1.3399487873879354
7363.760187331568,1.5440764782890533,1.3688655792510347
7365.1799203272185,-0.11269762995248733,1.3798021035713295
7366.59965332287,0.053248050423016835,1.3212285363256624
7368.0193863185195,1.029858121921185,1.2268075443942632
7369.439119314171,1.3339446773197494,1.1610740958187913
7370.8588523098215,0.5000635223730256,1.182803954343687
7372.278585305472,1.1461593774701893,1.2734506079272436
7373.698318301123,0.9245550355877441,1.351773685486403
7375.118051296773,0.28977094728360697,1.3960007572515136
7376.5377842924245,-0.09003508612317823,1.4160840895467885
7377.957517288075,-0.1084501577691519,1.4222147906157911
7379.3772502837255,-0.07117565205144061,1.4218579876755597
7380.796983279376,-0.09751638401749929,1.4246797331162475
7382.216716275027,0.17976477298935833,1.4203660064736656
7383.636449270678,-0.31453943472087786,1.424434268150437
7385.0561822663285,-0.24161230770255315,1.4257428100191472
7386.475915261979,0.043542289884628715,1.4238434514032823
7387.89564825763,-0.4269675559018946,1.4220486080593577
7389.31538125328,-0.26273698461737105,1.40536483085011
7390.7351142489315,0.842354438379477,1.3371398247128736
7392.154847244581,0.5754281823911072,1.3085352692797951
7393.5745802402325,0.4311752313462094,1.324055418027496
7394.994313235883,0.28385433513222935,1.3700521675863735
7396.414046231534,-0.49209547405940945,1.4174017778265104
7397.833779227185,-0.2726426357646563,1.4131087415091368
7399.253512222835,0.5075882327238297,1.342536601503558
7400.673245218486,0.6215134975900671,1.2713970200754763
7402.092978214137,0.22924857437037716,1.2480851647707427
7403.512711209787,0.04541611712853921,1.2819217972005987
7404.9324442054385,0.4651882900044466,1.349678802981196
7406.352177201088,-0.005031827717028037,1.4076290486874228
7407.77191019674,0.2548818017115657,1.4284203603943038
7409.19164319239,0.456320937073599,1.4249832165024832
7410.611376188041,0.2505733541122783,1.4212210872354367
7412.031109183692,-0.06163820680480292,1.421567382047071
7413.450842179342,0.042781685699504024,1.418581114128806
7414.870575174993,0.41452102594527673,1.4125578794494567
7416.290308170644,0.6919674991462834,1.4108358161853654
7417.710041166294,0.6321969518283428,1.4151693080107837
7419.129774161945,0.5146660227461233,1.4236942906579444
7420.549507157595,0.358731144592884,1.432908149380739
7421.969240153247,-0.019633387386235768,1.4408756013911863
7423.388973148896,-0.8752279752788077,1.4555653217079685
7424.808706144548,-0.0022648883750786553,1.4452542194075824
7426.228439140198,0.28152132103075367,1.4287010350708698
7427.648172135849,0.20660288543969685,1.4098249560184786
7429.0679051315,0.14298874669701078,1.3899367465469181
7430.48763812715,0.26949101734047076,1.374159262839632
7431.907371122801,0.22173399458664278,1.3974950225529263
7433.327104118452,-0.249636714247071,1.4250049163893073
7434.746837114102,-0.3413931701567723,1.4296783604321583
7436.166570109754,-0.11329147102798132,1.4013421111061632
7437.586303105403,0.1156999333832065,1.353645159927012
7439.006036101055,0.2088061591614938,1.3215241392613262
7440.425769096705,0.10231049815230442,1.3491054937161175
7441.845502092356,0.09922278049265998,1.3983552404442303
7443.265235088007,0.2643368637367871,1.4249545156157484
7444.684968083657,0.17600527601368832,1.4388203316051262
7446.104701079308,-0.19317818982602475,1.4488461048739147
7447.524434074959,-0.04519059042400819,1.4482555826458074
7448.944167070609,-0.1661706104142322,1.45332737534034
7450.36390006626,-0.3632031879730757,1.4581680342177448
7451.78363306191,-0.30523058105067413,1.4577850900010418
7453.203366057562,0.0,1.4540325936841458
7454.623099053212,0.28939964815227803,1.4503003870111355
7456.042832048863,0.305915420693637,1.448371460824247
7457.462565044513,-0.03948115104748062,1.4448742304829048
7458.882298040164,0.11667599506487925,1.4440314421504437
7460.302031035815,0.2855802792738462,1.4382404864232958
7461.721764031465,0.24920988892160523,1.4326621425329895
7463.141497027116,0.046655097246871335,1.430737628084166
7464.561230022767,0.3569990533021752,1.4121549661529014
7465.980963018417,0.6220551383429296,1.4060647876581267
7467.400696014069,-0.08323453797444458,1.4206268172430563
7468.820429009718,-0.4878081328095156,1.4236266217657791
7470.24016200537,-0.35460052794540964,1.4084221171989044
7471.65989500102,-0.31162887438484077,1.3888425974908762
7473.079627996671,-0.7242016211486622,1.3688759763299272
7474.499360992322,-0.13258712826578467,1.3817411516924591
7475.919093987972,0.18015396959579277,1.3996262262570587
7477.338826983623,0.48927166077833384,1.3930494999965581
7478.758559979274,0.7363008688845536,1.366307357573125
7480.178292974924,0.23150154246044075,1.3618236527467387
7481.598025970576,-0.2410061110859516,1.3680270766001978
7483.017758966225,-0.13017548020413194,1.3713439301026489
7484.437491961877,-0.09577682326464476,1.3808754347809
7485.857224957527,-0.10139692140878154,1.4046595915811315
7487.276957953178,-0.11844478885153187,1.4396233271333407
7488.696690948828,-0.7236112474686003,1.4597923487234146
7490.116423944479,-0.424793524648571,1.4586298836286966
7491.53615694013,-0.03670907032976345,1.444772898947273
7492.95588993578,0.018884412891260638,1.4348035592749475
7494.375622931431,-0.13558599794200177,1.434297065596706
7495.795355927082,-0.14589971676580227,1.440812748002942
7497.215088922732,-0.25063234122608513,1.4525782653591137
7498.634821918384,-0.35474857705621865,1.455432949537751
7500.054554914033,-0.2165852184739112,1.4504311135814398
7501.474287909685,-0.06074507421033459,1.450103604138199
7502.894020905335,-0.03329697282934774,1.4563211448086588
7504.313753900986,-0.09627428806975402,1.4558146043235822
7505.733486896637,0.33011021374759153,1.4555682962584395
7507.153219892287,0.4531440722856832,1.4564560960825277
7508.572952887938,0.37180163338421046,1.4480707316602166
7509.992685883589,0.10911185214086139,1.4433859006624206
7511.412418879239,-0.22764310501959173,1.4531787450837546
7512.832151874891,-0.22389630787539083,1.454952585290581
7514.25188487054,-0.021548820052528228,1.4643152645772317
7515.671617866192,-0.23205836228052235,1.4580905485874838
7517.091350861842,-0.15894137583171997,1.4461301335734633
7518.511083857493,0.18191868163577496,1.4375445846899033
7519.930816853143,0.13220796329780526,1.4342921756357843
7521.350549848794,0.09616664452281931,1.3999951707910727
7522.770282844445,0.03868941961635919,1.3261099468297206
7524.190015840096,-0.04296205083513627,1.2880918118555045
7525.609748835746,-0.017035225479771654,1.3081083183715723
7527.029481831397,0.05865020340677596,1.3725500881065977
7528.449214827047,-0.28767280321891775,1.4245032366254917
7529.868947822699,-0.07803247619559883,1.417765358284417
7531.288680818348,-0.038638762321641096,1.4107020968696717
7532.708413814,0.030564920630062886,1.4155594287726645
7534.12814680965,0.20012419055917086,1.431300627669215
7535.547879805301,0.37851632251911127,1.4479970664937385
7536.967612800952,-0.15188837141086076,1.459102187013675
7538.387345796602,-0.1273533967573357,1.451913961700683
7539.807078792253,-0.05766421711829928,1.4412349572826613
7541.226811787904,-0.09375677923148196,1.4367421250637316
7542.646544783554,-0.13557946322733017,1.4417267590754048
7544.066277779206,-0.009497240933633577,1.4481894199480374
7545.4860107748555,0.11150676245407176,1.459958429583715
7546.905743770507,-0.10965625741197016,1.4640623445545662
7548.325476766157,-0.2779910413909388,1.4653802966549982
7549.745209761808,-0.16992854970394156,1.465658186535171
7551.164942757459,0.17564806947671485,1.4643346476462675
7552.584675753109,-0.30148573790042477,1.4708614089819567
7554.00440874876,-0.4965869666927425,1.466739446422172
7555.424141744411,-0.17789217791745315,1.4396838570753154
7556.843874740061,0.12048556195281357,1.4144854076251192
7558.263607735712,0.0017882625401899332,1.4145917836322321
7559.6833407313625,0.0711497546040416,1.4300685436830607
7561.103073727014,-0.5139330412964078,1.4636986670128003
7562.5228067226635,-0.5191858914887995,1.4666205446759881
7563.942539718315,-0.36679208247564077,1.4642148907546815
7565.3622727139655,-0.3840239596247965,1.466794281648981
7566.782005709616,-0.5740815746742864,1.4621983142987018
7568.201738705267,0.4040158147889965,1.4338550566444703
7569.621471700917,0.22742140959303292,1.3956956482772438
7571.0412046965685,-0.09130241160366737,1.3508874291506858
7572.460937692219,-0.17114152201856747,1.3205306204260243
7573.8806706878695,-0.001962489877440632,1.3314391680515294
7575.300403683521,0.03555825875361229,1.4072597991628923
7576.7201366791705,-0.2983627737080514,1.4515881929093968
7578.139869674822,-0.5679177864811091,1.4771095993831715
7579.5596026704725,-0.39129383641362914,1.4787986392866674
7580.979335666123,0.07334368453057571,1.4621033008282762
7582.399068661774,-0.20218742285837443,1.4537179424187423
7583.818801657424,0.14966007784368607,1.4506820740028161
7585.2385346530755,0.17933260310282684,1.422820875605309
7586.658267648726,-0.2797135332276337,1.4147042855152945
7588.0780006443765,-0.7390936165956852,1.4353233321149383
7589.497733640027,-0.36674297395222943,1.4620121369113062
7590.917466635678,-0.34404896764927706,1.4611158149899022
7592.337199631329,0.618615177863898,1.4205128358968826
7593.7569326269795,0.6764631358053155,1.3549668249517928
7595.17666562263,0.029407664073620055,1.2738041090047172
7596.596398618281,-0.3575127799099693,1.1810947576267214
7598.016131613931,0.5442250144738541,1.062545537025186
7599.4358646095825,0.7616335062983701,0.9479306061660288
7600.855597605232,0.8119905095540165,0.9129921640159203
7602.2753306008835,0.5004792522265191,0.9407147116166973
7603.695063596534,0.19832280802327062,0.9821870240170473
7605.114796592185,1.4862457998582084,0.9587798296345399
7606.534529587836,2.248502785967089,0.9537768856776733
7607.954262583486,1.1114681834304179,0.9791723775882942
7609.373995579137,-0.49112619308750993,1.0222124352853563
7610.793728574788,-1.1973813288687225,1.069833145085897
7612.213461570438,0.011256715617589563,1.1116771710356055
7613.6331945660895,1.04128414007101,1.1690817576524348
7615.052927561739,0.6598162312754994,1.2283794903189365
7616.472660557391,0.10954888908225335,1.2834497143774874
7617.892393553041,0.01840021710973616,1.3210377666167124
7619.312126548692,0.47304296044190686,1.328727933967466
7620.731859544343,-0.1715941545111903,1.3189969071236474
7622.151592539993,-0.6957114454952595,1.283074393034435
7623.571325535644,-0.6862263623708671,1.2353216437920993
7624.991058531295,-0.35590601999784255,1.1854884863558843
7626.410791526945,-0.04654472283989186,1.1421893489015216
7627.830524522596,-0.04734343439850086,1.113613793789852
7629.250257518246,-0.20287924423303139,1.129038970646681
7630.669990513898,-0.28575169085287655,1.1667866999123635
7632.089723509548,-0.46273724054080567,1.209816448350447
7633.509456505199,-0.777056463949668,1.2428319224204398
7634.929189500849,-1.0611964847979838,1.2533655475133523
7636.3489224965,0.4639496443062825,1.237215392222584
7637.768655492151,1.2738234197207028,1.2392794721360967
7639.188388487801,0.8664517384190926,1.2537744054947213
7640.608121483452,-0.06920846107587586,1.27010236790319
7642.027854479103,0.3696774856091274,1.2755664786715066
7643.447587474753,0.09378256132054119,1.2879495508196892
7644.867320470405,-0.4000739563289084,1.3120928123866382
7646.287053466054,-0.3164997438892492,1.3196696510967494
7647.706786461706,0.11029150571205726,1.3178987803053486
7649.126519457356,-0.06363247383001003,1.3366208374318542
7650.546252453007,-0.7975107363035363,1.3351963301041454
7651.965985448658,0.30293814680794817,1.316803845403638
7653.385718444308,0.041078178956244216,1.3274449351161195
7654.805451439959,-1.0017109691825485,1.3623655492745714
7656.22518443561,-0.7638320864420365,1.3926297461627064
7657.64491743126,-0.4921368176648677,1.3982516868224433
7659.064650426912,-0.348291420938585,1.3964236637783451
7660.484383422561,0.080435880428114,1.371178592640355
7661.904116418213,0.5870618882005747,1.3419740131256983
7663.323849413863,0.7761371678599236,1.3373802175231968
7664.743582409514,0.12137354438673675,1.3725507420319458
7666.163315405164,0.04377551939130342,1.4038097223607418
7667.583048400815,0.30983736202642476,1.4157366317440638
7669.002781396466,0.41966578928903786,1.423434704094963
7670.422514392116,-0.013999903240856426,1.442014779326882
7671.842247387767,-0.7276503275163257,1.4591470725915976
7673.261980383418,-0.2158197805855142,1.4582790009878244
7674.681713379068,-0.3064251279190149,1.4567301567279902
7676.10144637472,-0.6917372521253391,1.4572571924464865
7677.521179370369,-0.7424830733132826,1.4587535112760437
7678.940912366021,-0.03365737548076808,1.455299727121729
7680.360645361671,0.3963092626325846,1.4496329462735262
7681.780378357322,0.25079046974397023,1.449323434016576
7683.200111352973,0.04893367285441208,1.4477758534174832
7684.619844348623,0.1774178801922286,1.4403577483222283
7686.039577344274,0.4641487845754195,1.4306648958933377
7687.459310339925,0.3225430970755738,1.4231714546671714
7688.879043335575,0.17593731460117823,1.4260805722892484
7690.298776331227,-0.024667608583390788,1.4334412952001305
7691.718509326876,-0.17698802302905037,1.4397607192171213
7693.138242322528,-0.0985747914511812,1.4430236358535724
7694.557975318178,0.5165299600843216,1.441293088777278
7695.977708313829,-0.20075393378034434,1.450917825930948
7697.397441309479,-0.5982447061223333,1.4463488065631374
7698.81717430513,0.06032119686592985,1.4180713718942202
7700.236907300781,0.36514954286878876,1.3902324728324342
7701.656640296432,0.18776801088241157,1.4258766370186577
7703.076373292082,0.11830483593350571,1.4474791576958843
7704.496106287733,-0.12103477786177663,1.4622658096287031
7705.915839283383,-0.4688390564091449,1.472606124024923
7707.335572279035,-0.16307842039312348,1.4626680034613486
7708.755305274684,0.24330893187035407,1.4249699926358277
7710.175038270336,0.41716807261102673,1.3323517283147748
7711.594771265986,0.2607699735263562,1.233830679682599
7713.014504261637,-0.1733175323860756,1.1694266197764307
7714.434237257288,-0.6187466399197028,1.159664498543385
7715.853970252938,-0.2669300487326325,1.1422787570396982
7717.273703248589,0.3637813005246606,1.1526317183321417
7718.69343624424,0.47724051646616417,1.210739278141357
7720.11316923989,-0.09557441966862079,1.3096172365381136
7721.532902235542,-0.30018063479844415,1.395017422708995
7722.952635231191,0.01759923698907606,1.366789884017763
7724.372368226843,0.11435409437688371,1.3327510993728184
7725.792101222493,0.047704626625680646,1.3254324860257263
7727.211834218144,0.09357572024399197,1.3538688821239628
7728.631567213795,0.8952487680068391,1.3913527974036763
7730.051300209445,0.4902307715984957,1.4341345203807716
7731.471033205096,0.025144947769357273,1.4607619259618714
7732.890766200747,-0.16568699612019167,1.4628959418719771
7734.310499196397,0.03843477875173207,1.4434964453870192
7735.730232192048,0.41447404175850977,1.4293139663950498
7737.149965187698,0.548662032111638,1.4344533615934845
7738.56969818335,0.38254160309459095,1.4478200392869625
7739.989431178999,0.12838920282186095,1.459247661069338
7741.409164174651,0.017851598198733498,1.4621184607368551
7742.828897170301,0.19125128425951665,1.4601343485383793
7744.248630165952,0.18990832730935203,1.462411801510706
7745.668363161603,-0.0933217615433346,1.4419894086128011
7747.088096157253,-0.3955443378015193,1.3619032170988805
7748.507829152904,-0.43704730804205205,1.2104110873760585
7749.927562148555,0.027656467107183502,1.0853861454256237
7751.347295144205,0.07488478934922682,1.0797891952950125
7752.767028139857,-0.14154980296106423,1.1728644682281941
7754.1867611355065,-0.3639840810820658,1.3165495919098449
7755.606494131158,-0.3280964292223292,1.4410808371675004
7757.026227126808,0.10955038777441573,1.3963912611963216
7758.445960122459,0.44995977840905255,1.316844785782675
7759.86569311811,0.7289098851263276,1.271220817338873
7761.28542611376,0.5539231237166522,1.281377623008338
7762.705159109411,-0.35466092549281747,1.3481363270936766
7764.124892105062,-0.05858275787702283,1.4290933607828662
7765.544625100712,0.10046397917287742,1.46310062921454
7766.964358096363,-0.26636709063889086,1.4755568123491114
7768.3840910920135,-0.5770300111840463,1.469031171334098
7769.803824087665,0.23379761907324692,1.43635334177119
7771.223557083315,-0.37986058277081725,1.4153084196869812
7772.643290078966,-0.4729725935907787,1.3978814476655481
7774.0630230746165,-0.18199641990822002,1.39132941627419
7775.482756070267,0.16482629938930948,1.402649360162135
7776.902489065918,0.22189137560742367,1.4397030302456109
7778.322222061568,-0.08702671670731021,1.4017520293307533
7779.7419550572195,-0.1653060462765037,1.3587668580587475
7781.16168805287,-0.029526138917841394,1.3447238701571114
7782.5814210485205,0.12174067496534846,1.3755440607548897
7784.001154044172,-0.22322983136238328,1.443289444462822
7785.4208870398215,-0.4174193826135806,1.4567657814641592
7786.840620035473,-0.3337098703486969,1.4605593406578237
7788.2603530311235,-0.09960143695100676,1.4493380292730713
7789.680086026774,0.15903261821897985,1.4168645579942385
7791.099819022425,0.3658295234720441,1.3627359199082543
7792.519552018075,0.8349167538516564,1.2200882336057877
7793.9392850137265,0.09726240450793178,1.1468517912859475
7795.359018009377,-0.818153611556264,1.1643985929962868
7796.7787510050275,-0.6264527529970678,1.2598271335630098
7798.198484000679,0.19764373006075786,1.3936095478966624
7799.618216996329,0.1638562473992966,1.4469068104406684
7801.03794999198,0.21208563934865587,1.4575690040167988
7802.4576829876305,0.37454843846067654,1.4507028337205579
7803.877415983281,0.2461503365209321,1.4489462108435691
7805.297148978932,0.4224005467982561,1.4147543503779758
7806.716881974582,0.08103447167526667,1.346096279524704
7808.1366149702335,-0.15444774045952414,1.2940561130572656
7809.556347965883,0.0,1.2891499973866583
7810.9760809615345,0.49834732370929125,1.3494114843706093
7812.395813957185,-0.8069945577219677,1.4286006690818003
7813.815546952836,-0.7633178872297481,1.4564992488283943
7815.235279948487,-0.15036903084616604,1.4544180325058633
7816.655012944137,0.19041579656405716,1.4375012202547193
7818.074745939788,-0.6834664140828259,1.3950411946000738
7819.494478935439,-0.7223654919509688,1.2660862800354196
7820.914211931089,0.2061114745033894,1.148391439069259
7822.3339449267405,0.9621549437102246,1.103076652251698
7823.75367792239,0.4711566983880644,1.1735909952522778
7825.173410918042,0.21731526532987822,1.3362378557659556
7826.593143913692,0.40107793003857495,1.4100157367542216
7828.012876909343,0.31932319459494174,1.4421771680713618
7829.432609904994,-0.008316741753439771,1.4542018830406231
7830.852342900644,-0.21785294440411818,1.460806084124515
7832.272075896295,0.1900736332221289,1.4564159972543003
7833.691808891946,0.05455076385122304,1.4521268690557314
7835.111541887596,-0.07043155905926923,1.4547183051160595
7836.531274883247,0.030810780485152733,1.4602018081569788
7837.951007878897,0.043292805908230036,1.4465689892827636
7839.370740874549,-0.27979449077260554,1.3707813049337225
7840.790473870199,-0.5953516384375401,1.308952787915096
7842.21020686585,-0.8306215626060087,1.3010435093553219
7843.6299398615,-0.993690097032637,1.3663858227164647
7845.049672857151,-1.300986378535372,1.455167278697187
7846.469405852802,-0.48240520508951157,1.4583405463289596
7847.889138848452,-0.10089470315469384,1.4246666464984814
7849.308871844103,-0.22521458337513778,1.364088189412348
7850.728604839754,-0.38364615151594883,1.2756023130631065
7852.148337835404,-0.19716192555822687,1.1295788120467567
7853.568070831056,-0.147129682266252,1.0610247621255002
7854.987803826705,-0.2759349558220219,1.1033375939893393
7856.407536822357,-0.4793989490203554,1.2293244641139163
7857.827269818007,-0.3271952907649087,1.3167811284404303
7859.247002813658,-0.49005879254767315,1.2977120357713954
7860.666735809309,-0.48133065698228883,1.2810188692982099
7862.086468804959,-0.3037645765975636,1.3034781919201996
7863.50620180061,-0.04555267343028646,1.376207555597563
7864.925934796261,0.051602748935136944,1.4080594485322129
7866.345667791911,0.14624218902822328,1.3866734712180036
7867.765400787563,0.01777900168784008,1.3341308394224742
7869.185133783212,-0.09288269743900379,1.2736784508850956
7870.604866778864,0.3562895097131804,1.2351886661329317
7872.024599774514,0.47881282733936636,1.269787319450063
7873.444332770165,0.12611184931453145,1.3545598102689904
7874.864065765815,-0.2998626718096009,1.4214548248372816
7876.283798761466,-0.4216169207193552,1.4234479089961416
7877.703531757117,0.21637808107421463,1.3324730640428817
7879.123264752767,0.25744622232653747,1.2907651486419502
7880.542997748418,0.8876263019961819,1.276650135094381
7881.962730744069,1.4830968729472147,1.2893328435759777
7883.382463739719,1.0762824642248514,1.3279578186766905
7884.802196735371,-0.007769805909166649,1.3634759232450069
7886.22192973102,-0.10564203079643164,1.3544701519095101
7887.641662726672,0.3240522440521332,1.2984157569786834
7889.061395722322,0.6897883838638883,1.2219182898916183
7890.481128717973,-0.08998619214613157,1.1949760903825304
7891.900861713624,-0.1614828989249535,1.2646421542741073
7893.320594709274,-0.040389152228238245,1.3432204295250632
7894.740327704925,0.08919227403695018,1.4035651283326787
7896.160060700576,0.07798627570873506,1.4291611619154685
7897.579793696226,-0.01784748421132676,1.4302925086596694
7898.999526691878,-0.04622083029481239,1.4351606239959096
7900.419259687527,0.09274253231358465,1.4368853406579214
7901.838992683179,0.30286570400053847,1.4358018831415822
7903.258725678829,0.33434077925391925,1.4364341813191042
7904.67845867448,0.42224983185300147,1.4288837518101205
7906.09819167013,0.6092962694323898,1.4113956376151415
7907.517924665781,0.6101247723779863,1.3940834915626725
7908.937657661432,0.16686073707818316,1.3800188029248004
7910.357390657083,-1.0829344578464468,1.3445056354481515
7911.777123652733,-0.6756425761224403,1.201965654694693
7913.196856648384,0.37345953555076505,1.0981896233446888
7914.616589644034,1.4488860003193924,1.071501895830384
7916.036322639686,1.8648715051005844,1.12687548440817
7917.456055635335,0.4307295012352661,1.262987564362023
7918.875788630987,-0.8419310772412771,1.2792197857672034
7920.295521626637,-0.5792149207639667,1.2374362139887767
7921.715254622288,1.1339506116712403,1.1998068795193964
7923.134987617939,-0.24983444787575948,1.2618397799260606
7924.554720613589,0.000987959548329087,1.349115606491883
7925.97445360924,0.3689845379458312,1.3975570300810733
7927.394186604891,0.4266015871697082,1.400486210856694
7928.813919600541,-0.0009758602457630161,1.3700993790736342
7930.233652596193,-0.05305937389603521,1.2926933870301685
7931.653385591842,-0.2284391327983748,1.262798853443635
7933.073118587494,-0.27919239919693517,1.2897840283656292
7934.492851583144,-0.0985978872734492,1.364166009309593
7935.912584578795,0.09926366949840393,1.4194125839616005
7937.332317574446,0.07593562258068509,1.4310388622626415
7938.752050570096,0.05199637062908735,1.429593449554216
7940.171783565747,0.09224488056427838,1.4252339838978745
7941.591516561398,0.21500584269555745,1.4244940295525734
7943.011249557048,-0.0525560401079499,1.4252445563516773
7944.430982552699,-0.06552966001258476,1.4248227752140183
7945.850715548349,-0.07122990628730186,1.4096293857596698
7947.270448544001,-0.2091026817708599,1.3722408955105072
7948.690181539651,-0.278844048838641,1.3201477557196988
7950.109914535302,-0.2815941411177967,1.3029523132952237
7951.529647530952,-0.3113509033488384,1.338904999431932
7952.949380526603,-0.37661243661865207,1.404229398331789
7954.369113522254,-0.43561130702659057,1.44438309813145
7955.788846517904,-0.7351171346757859,1.4594658127628257
7957.208579513555,-0.9509006813878607,1.468416486737634
7958.628312509206,-0.8577458637961897,1.466054173088619
7960.048045504856,-0.32390850503204227,1.4434081413827289
7961.467778500508,0.5165837335757786,1.3611693673813345
7962.8875114961575,0.8285086407938547,1.2055118086143737
7964.307244491809,0.4609079914722649,1.0946118995709462
7965.726977487459,-0.17965773000359242,1.0822816013350585
7967.14671048311,-0.06956420470013924,1.2084555548051934
7968.566443478761,0.3085959097358053,1.2958630140328937
7969.986176474411,0.006514533105336895,1.3657175195587605
7971.405909470062,-0.5892116885208054,1.4177032330695793
7972.825642465713,-0.9271437388972394,1.4489319970548469
7974.245375461363,-0.22977851573953423,1.4323193454938226
7975.665108457014,-0.25844157694109526,1.387706548052389
7977.0848414526645,-0.11593185207587986,1.3163798303494083
7978.504574448316,0.3202074781504507,1.240018143354973
7979.924307443966,0.09463480861715823,1.237372813336814
7981.344040439617,-0.36552387729549984,1.30466463490069
7982.7637734352675,-0.6065376749047751,1.374131799070673
7984.183506430918,-0.5694823532920932,1.4225904777752423
7985.603239426569,-0.28945134522082583,1.4325665108852106
7987.022972422219,-0.21106823413600218,1.4414429223396388
7988.4427054178705,-0.12503669910744186,1.4145203855521191
7989.862438413521,0.12029107444774567,1.3513831633830458
7991.2821714091715,0.5215055245770106,1.2536865542979538
7992.701904404823,0.4939328191044261,1.1245314675455034
7994.1216374004725,0.23003243878764223,1.0995201793190312
7995.541370396124,0.11436678028643854,1.17171953860564
7996.9611033917745,0.28702019595761286,1.2960201909479163
7998.380836387425,0.8297159674653791,1.3607348842044482
7999.800569383076,1.2687060365891387,1.355588753530798
8001.220302378726,0.7979696917536856,1.3731742300128125
8002.6400353743775,-0.06141782293045317,1.4047260220698916
8004.059768370028,-0.5609308537206044,1.4286726113623267
8005.4795013656785,-0.006952001763707472,1.4281253597383514
8006.89923436133,0.4301336862581593,1.4300907625019634
8008.31896735698,0.3844637183673125,1.4386928741608127
8009.738700352631,-0.07161108962429985,1.4468398251704493
8011.1584333482815,0.5746633274632948,1.4027315227369057
8012.578166343932,0.6047065114478958,1.3350282626347822
8013.997899339583,0.38369827305975335,1.2915916632081468
8015.417632335233,0.05918079128874609,1.2932957186495335
8016.8373653308845,-0.2163050549966652,1.3598866344615825
8018.257098326535,-0.29783424857048857,1.3965994743611
8019.6768313221855,-0.07634278724627386,1.4072438476209599
8021.096564317836,-0.21477754975046537,1.3799886450859065
8022.516297313487,-1.2939140077058298,1.3042199663882952
8023.936030309138,-0.4905252695793507,1.2184768063565456
8025.355763304788,0.18171402010924353,1.1664923758646615
8026.775496300439,0.46146948461299964,1.1623825264856842
8028.19522929609,0.2595883222388604,1.213302665287377
8029.61496229174,0.1711508756445692,1.3183424345369272
8031.0346952873915,0.18195428849487705,1.3770358417559159
8032.454428283041,0.09812755819965702,1.414396565558868
8033.874161278693,-0.07268101199440302,1.43683128119301
8035.293894274343,-0.15134293380445918,1.4435895941915695
8036.713627269994,-0.7584105547815518,1.4744893519322742
8038.133360265645,-1.0181946849947163,1.472298226697577
8039.553093261295,-0.745193223079287,1.4510705023112935
8040.972826256946,0.1455586694465527,1.4370653855291906
8042.392559252597,-0.44200754688512234,1.4348830547946654
8043.812292248247,-0.12502402287097603,1.4312809265485038
8045.2320252438985,0.3912233973230457,1.423697010432639
8046.651758239548,0.5133415179616208,1.4146979344188821
8048.0714912352,-0.3569698321114565,1.4424239067798175
8049.49122423085,-0.7828922827745632,1.4214052944551814
8050.910957226501,-0.5317736931272989,1.3837669453937118
8052.330690222151,0.1269158575649758,1.3540871952889206
8053.750423217802,-0.12521126228767088,1.3790520080227915
8055.170156213453,-0.3809696795815416,1.3612987987236214
8056.589889209103,-0.6724936545512552,1.3577541318370072
8058.009622204754,-0.8168930217699035,1.374056086559625
8059.429355200405,-0.3779521026205295,1.4015020751316198
8060.849088196055,0.33571629457274277,1.3177811505551515
8062.268821191707,0.5132098408817907,1.2621967426938019
8063.688554187356,0.12318460617110816,1.2738062587735677
8065.108287183008,-0.7599764290227,1.38025955725156
8066.528020178658,-0.6029423470570734,1.4480770250243702
8067.947753174309,-0.5898434238070518,1.4655635585282993
8069.36748616996,-0.5295939968560219,1.4680634263289567
8070.78721916561,-0.3161085862019455,1.4748272279841774
8072.206952161261,-0.01355619534846575,1.4589145567321873
8073.626685156912,0.11021740241306155,1.4431194481552834
8075.046418152562,0.22485479129829677,1.3853705326818013
8076.466151148214,0.1816604014911558,1.3022247912108142
8077.885884143863,-0.8242677141245149,1.3127505653233635
8079.305617139515,-0.46562571481771897,1.3260702951864354
8080.725350135165,0.05841380758634962,1.376316920191072
8082.145083130816,0.4401091172684346,1.4337880880766747
8083.564816126466,0.45053113196619066,1.4214612992939168
8084.984549122117,0.4994505099543982,1.4094072294890416
8086.404282117768,0.23515998802886884,1.4101564393045323
8087.824015113419,-0.0329600890325068,1.4208204446119457
8089.243748109069,0.13510262267198847,1.4361480220037568
8090.66348110472,0.6170260293288212,1.4281692959565608
8092.08321410037,0.6483884292101969,1.4130060385128582
8093.502947096022,0.2559933758065469,1.4049521328405072
8094.922680091671,-0.464761795169375,1.4151892945483766
8096.342413087323,-0.668915603164308,1.4377016377307932
8097.762146082974,-0.017273673708020354,1.439248720711961
8099.181879078624,0.35278176111633996,1.4286961146702977
8100.601612074275,0.011721770923992736,1.4081512173637818
8102.021345069925,0.08538905656880935,1.3620018394226037
8103.441078065576,0.19803124233400915,1.3529452680432805
8104.860811061226,0.23512047524231328,1.373158191852761
8106.280544056877,0.19788176112255762,1.4097521647214886
8107.700277052529,0.21427408164341166,1.4247043138520161
8109.120010048178,0.09192416290568595,1.4328600056416192
8110.53974304383,0.06408651084894323,1.4371757831451322
8111.959476039479,0.14706605453570631,1.4389132944644867
8113.379209035131,0.3364654270578189,1.4396608568067113
8114.798942030782,0.03005519090163844,1.43659360268108
8116.218675026432,-0.3976085978346653,1.4388676433369418
8117.638408022083,-0.7523893207449959,1.4480422307139535
8119.058141017733,-0.7040162959608747,1.4650594181282766
8120.477874013384,-0.5303586222779568,1.472447835586262
8121.897607009036,-0.5469106453422459,1.4752305587112478
8123.317340004685,-0.47402509771536394,1.4664922514827161
8124.737073000337,-0.015283742952151513,1.4394099538406557
8126.156805995986,0.3370299282769462,1.422834121861633
8127.576538991638,0.3269857717973874,1.4290286593752066
8128.996271987289,0.06225300237580811,1.443827379312476
8130.416004982939,-0.3501514913067787,1.4557780737452763
8131.83573797859,-0.5089348768306685,1.4563412299593508
8133.25547097424,-0.0797613762987126,1.443333818055627
8134.675203969891,0.26006778591545476,1.4294590849198334
8136.094936965543,0.189448330986842,1.42082906665798
8137.514669961192,0.12794401818548629,1.4119582094060277
8138.934402956844,0.364179936192512,1.3983880805150024
8140.354135952493,0.4223750455052855,1.4008783058710321
8141.773868948145,0.1027803405299057,1.4249098022730506
8143.193601943794,-0.9377562575556659,1.4576360014675123
8144.613334939446,-0.0915493908649978,1.4318590373108695
8146.033067935097,0.4281900948099171,1.3972264888695025
8147.452800930747,0.19619784800008588,1.3744905080477507
8148.872533926398,-0.07885061949555805,1.388823608243452
8150.292266922048,0.34511926488696254,1.409479620157368
8151.711999917699,0.693981404064111,1.422854752535029
8153.131732913351,0.6176617331955363,1.4316986713858642
8154.551465909,-0.4365528330520885,1.450147803115509
8155.971198904652,-0.7816469942279429,1.4655092500452762
8157.390931900301,-0.7787701377971725,1.4656289772060198
8158.810664895953,-0.46037378353763536,1.4510654554157558
8160.230397891604,0.22343752519484816,1.425936557922762
8161.650130887254,0.5432255957772707,1.4145613184729875
8163.069863882905,0.4740700385332328,1.4122809399482081
8164.489596878555,0.4070632752955845,1.4124028297105595
8165.909329874206,0.980518826155869,1.404912323892241
8167.329062869858,0.34538270164580887,1.4197563011356598
8168.748795865507,-0.0036361183237723083,1.4271924618619414
8170.168528861159,0.05493972633508548,1.4255105861693227
8171.5882618568085,0.561973599972843,1.414499430395226
8173.00799485246,0.4712145326949244,1.4154380717149828
8174.4277278481095,-0.1858491080038771,1.4252269154606136
8175.847460843761,-0.7466547739915459,1.4261934868503618
8177.267193839412,-0.5334126416599716,1.3994514650190804
8178.686926835062,0.6979404654765897,1.376937971214393
8180.106659830713,0.7168739257240961,1.3673642498585192
8181.526392826363,0.27513700951934794,1.3712260445945328
8182.946125822014,0.07769668879336677,1.3878539848554092
8184.365858817666,0.20051412796194334,1.368735239516544
8185.7855918133155,-0.1480360495059596,1.3684780377798105
8187.205324808967,-0.3493535780461201,1.3691561921482334
8188.6250578046165,0.08166738350659308,1.3570133773915687
8190.044790800268,0.8114802563307091,1.348043181614597
8191.464523795919,0.5528068264505457,1.3463729718726931
8192.884256791569,-0.13893571690954332,1.3497611534962792
8194.30398978722,-0.7971690791352746,1.3554997528509787
8195.72372278287,-0.5634077937271176,1.3427018905671915
8197.143455778521,-0.204273670534878,1.350097752217963
8198.563188774173,-0.17340937725087358,1.364690891243579
8199.982921769822,-0.6954188091886042,1.3780403876777298
8201.402654765474,-0.3201984209725044,1.385901518285702
8202.822387761124,-0.5062895444482969,1.4093617595371086
8204.242120756775,-0.6925918867966914,1.4165158192018195
8205.661853752426,-0.4919278720331235,1.393092644108173
8207.081586748076,-0.01940884710595725,1.3958059419846824
8208.501319743727,-0.14792634551761097,1.4172156175817632
8209.921052739377,-0.34753265704527436,1.4374332525769904
8211.340785735028,-0.32260634910586283,1.444984251406821
8212.760518730678,0.10458833670715784,1.4343563168292868
8214.18025172633,0.004943423168956684,1.4315285304717789
8215.599984721981,-0.14782581450820942,1.4308757341994844
8217.01971771763,-0.0983192161791333,1.4303335809270599
8218.439450713282,0.14347639496383202,1.438617239453571
8219.859183708932,0.02507565098010822,1.4428793630862333
8221.278916704583,-0.128923251103231,1.4458729902535405
8222.698649700234,-0.13571047705567452,1.4469368025277285
8224.118382695884,0.18626423793479674,1.4252076053133318
8225.538115691535,-0.19724623778967043,1.4215235241543953
8226.957848687185,-0.4251773154929186,1.4150147619744822
8228.377581682837,-0.05004647499290549,1.3970646211133926
8229.797314678488,0.6427259154245419,1.3918871023149204
8231.217047674138,0.5944153494085018,1.3984962060977124
8232.636780669789,0.42733836577051676,1.4064912419848232
8234.056513665439,0.4512718977552126,1.4108358016063725
8235.47624666109,0.18051835659627535,1.4168740178500654
8236.895979656741,-0.013664777081432433,1.423113842199829
8238.315712652391,-0.046765373048604175,1.4250536519701045
8239.735445648043,0.11810482843375603,1.416184300854794
8241.155178643692,-0.14751889622525027,1.3472371342041563
8242.574911639344,-0.6013880335941533,1.3332237275310987
8243.994644634993,-0.4137194620118141,1.3453883753540448
8245.414377630645,0.7928313564587395,1.3633050473757997
8246.834110626296,0.7275571261885485,1.3247653349103663
8248.253843621946,0.36758651277662935,1.310969438867285
8249.673576617597,-0.05399455015165877,1.3374342473158944
8251.093309613247,-0.3667681719150657,1.4095076043313304
8252.513042608898,-0.02864906185193483,1.3959995788397581
8253.93277560455,0.3788370161535042,1.3940242395158473
8255.3525086002,0.1896719255478967,1.4088448499407193
8256.77224159585,-1.0255721414229217,1.443227625127139
8258.1919745915,-0.4335797204093019,1.439003101420406
8259.611707587152,-0.024023216787144364,1.4279787398276134
8261.031440582803,0.18718172284282808,1.4145995124290731
8262.451173578453,0.18304341912583766,1.4026921734544975
8263.870906574104,0.30732062791794057,1.404995595690147
8265.290639569754,0.24589265908600666,1.419005421381174
8266.710372565405,-0.17182346426457684,1.4113828378634785
8268.130105561057,-1.1317610697874443,1.3477157259561696
8269.549838556706,-0.15928853495428896,1.335236494890593
8270.969571552358,0.08627024225454782,1.3784114701705652
8272.389304548007,-0.05351722003459436,1.4265336464107974
8273.809037543659,-0.1249398429373354,1.4174560103803955
8275.22877053931,0.17611143784643524,1.3855425229192302
8276.64850353496,0.4514369509630747,1.3252010175529407
8278.068236530611,0.9035841404250533,1.2488230114255991
8279.48796952626,1.8776827943198118,1.174401874448937
8280.907702521912,0.7356067996505722,1.1440766439440224
8282.327435517562,0.31130947610311566,1.150639632818933
8283.747168513213,0.4325169745866386,1.1805754269310011
8285.166901508865,0.4331564968262107,1.2109543303417387
8286.586634504514,-0.05254733535776879,1.1620037723173877
8288.006367500166,-0.27419766231792586,1.1189445578517685
8289.426100495815,-0.234091390695502,1.110480365547547
8290.845833491467,-0.12844633477413758,1.1866771650376233
8292.265566487118,0.6459734089412077,1.278071172570307
8293.685299482768,0.9816064870228001,1.3071648210601559
8295.10503247842,0.8521242947918513,1.2643284264720924
8296.524765474069,0.752797601376276,1.1570976239030883
8297.94449846972,0.5675930941136897,1.0243143849429228
8299.364231465372,0.23812173241629253,0.9778316249086931
8300.783964461021,-0.0304313596529866,1.0462421565559705
8302.203697456673,0.8321698505599855,1.2365834771748578
8303.623430452322,-0.07988968388437279,1.3369707929272356
8305.043163447974,-0.9245070575293699,1.3908442214124792
8306.462896443625,-0.9954162370048483,1.407441639302674
8307.882629439275,0.16365258785673475,1.3544517493965431
8309.302362434926,0.7373146761354583,1.2900312308846953
8310.722095430576,0.5665794638080222,1.2547710962727316
8312.141828426227,-0.30545431022981795,1.2690746513832896
8313.561561421877,0.14915800369039012,1.3228426338009713
8314.981294417528,-0.047301907382893305,1.3597159474134548
8316.40102741318,-0.439319780969619,1.3774872370856277
8317.82076040883,-0.7014491047161435,1.3739658879969376
8319.24049340448,-0.7742057178018289,1.3747322964749675
8320.66022640013,-0.5711377156575725,1.3967749841265344
8322.079959395782,-0.2403443608084519,1.4217217656622223
8323.499692391433,0.06605669000837366,1.4303892160070162
8324.919425387083,-1.0444275392318119,1.444978888961933
8326.339158382734,-0.6792972645854594,1.4355360968249484
8327.758891378384,0.25285234913936705,1.415523371847961
8329.178624374035,0.15911814084268983,1.4072410515165343
8330.598357369687,-0.7950566631685216,1.4348109003097886
8332.018090365336,-1.1703516147982977,1.437599723308696
8333.437823360988,-0.813451666531007,1.4146954857823475
8334.857556356637,0.4482536533199042,1.3760106107426784
8336.277289352289,0.21783424198275192,1.3441111252375069
8337.69702234794,-0.029541040066336066,1.3332396180000627
8339.11675534359,-0.11201961888150258,1.3355843621229642
8340.536488339241,-0.39989793628732606,1.3074632621404623
8341.95622133489,0.16260899656333194,1.1157713649165597
8343.375954330542,0.7933974707383626,0.9562550734365299
8344.795687326194,1.0982116000102966,0.8980721148631317
8346.215420321843,-0.034056204423961844,0.9802773758672979
8347.635153317495,-0.2200274830233777,1.1276670742044406
8349.054886313144,-0.3203975309937537,1.2383334368974812
8350.474619308796,-0.7423356963025594,1.2538039741396936
8351.894352304445,-0.09014715445016996,1.1535443669575904
8353.314085300097,0.29142365755881094,1.119825642323122
8354.733818295748,0.28017069902918124,1.159005299519875
8356.153551291398,-0.2798850182115178,1.2839676174091965
8357.57328428705,-0.4973375508163702,1.3540945289703779
8358.993017282699,-0.30426985377419413,1.3764328069919702
8360.41275027835,0.015703378220452535,1.3668226270823158
8361.832483274002,0.003808732018486083,1.347480640424787
8363.252216269651,-0.08360589936852669,1.2861369939920657
8364.671949265303,-0.015415924839004447,1.252022995003216
8366.091682260952,0.1716008095902204,1.2574510977549562
8367.511415256604,0.3102408552893454,1.3205037274270548
8368.931148252255,0.03356273747575855,1.3689095001089793
8370.350881247905,-0.28244634172689054,1.3998047964674147
8371.770614243556,-0.4580234913354868,1.4127427321780737
8373.190347239206,0.04664554304156887,1.4106973325288972
8374.610080234857,0.20341529116082668,1.4112566692825057
8376.029813230509,0.2987877336095348,1.4018134479973723
8377.449546226158,0.4693973664715507,1.376481951978145
8378.86927922181,0.5675319964974239,1.3480093914386864
8380.28901221746,0.27312642244787,1.2674133564415686
8381.70874521311,0.003979626068190356,1.1903132239545118
8383.128478208762,0.1596237532750262,1.1677543956052718
8384.548211204412,0.7915363184417235,1.2457565798022816
8385.967944200063,0.43474402489298214,1.330685277270761
8387.387677195713,-0.3663837699991781,1.3955341634486995
8388.807410191364,-0.6283660281413148,1.393089002997481
8390.227143187014,0.027697113550001262,1.3875495763970596
8391.646876182665,0.3719801592491656,1.3913331469458958
8393.066609178317,0.26465111231318517,1.400548738352321
8394.486342173966,-0.21228227162790425,1.3942045904929348
8395.906075169618,0.6807932709643829,1.2768220510846502
8397.325808165268,0.6556269397282399,1.1235192053644887
8398.745541160919,-0.7553368631244224,0.9688426205549749
8400.16527415657,-0.7505456826719756,0.9275541101801857
8401.58500715222,0.007995754066518757,1.0598189602061412
8403.004740147871,0.3334951943136275,1.2502364162006514
8404.424473143521,-0.6304150303660219,1.4250853704841995
8405.844206139172,-0.022765484003683056,1.4207750141571507
8407.263939134824,-0.04650535456807425,1.4240283948192445
8408.683672130473,-0.30013699332607224,1.428966689566802
8410.103405126125,-0.16336870295132755,1.425550341334991
8411.523138121775,0.0,1.3869098707719216
8412.942871117426,0.0820115997285491,1.3012763260547902
8414.362604113077,0.14244838585691078,1.1892184847612468
8415.782337108727,0.4025587624543352,1.1248511725241421
8417.202070104378,0.3636317640326183,1.1922093841459844
8418.621803100028,0.026995778662897152,1.2986633659087055
8420.04153609568,-0.556332896522175,1.4063945253988137
8421.461269091329,-0.353791292384944,1.4083303378841854
8422.88100208698,-0.5064741734686375,1.4055785531643767
8424.300735082632,-0.7017947235027568,1.396376741765388
8425.720468078282,-0.7833713765814503,1.3786458384154803
8427.140201073933,0.19141676198833224,1.2671567342916579
8428.559934069583,0.1940882112291309,1.1035558541409982
8429.979667065234,-0.13823751958188168,0.9571513103722655
8431.399400060885,0.45668669180564514,0.9566686987627886
8432.819133056535,-0.029239061589537485,1.1251778251752473
8434.238866052186,-0.4955211177677601,1.2804981252947796
8435.658599047836,-0.7420460167304883,1.3897428200652404
8437.078332043488,-0.5871883278349017,1.4267145022750864
8438.498065039139,-0.5986625762679179,1.4380522879432607
8439.917798034789,-0.1480885790484141,1.4267783642064715
8441.33753103044,0.9971209144906066,1.3954061338901635
8442.75726402609,0.4444657253302218,1.409365091755977
8444.176997021741,-0.15839231989092362,1.424393467959382
8445.596730017392,-0.5713747134907434,1.4309817191340921
8447.016463013042,-0.4895258520124406,1.4169011752404608
8448.436196008694,-0.3254830271272713,1.3879141211151842
8449.855929004343,-0.30958192552902375,1.3166676788377358
8451.275661999995,-0.27223329180735334,1.2210862664705293
8452.695394995646,0.3296329244856846,1.1579093246407455
8454.115127991296,0.2996778341357338,1.2213040310835501
8455.534860986947,0.10145046385145307,1.3108247374197455
8456.954593982597,-0.12260469683423025,1.393450031506556
8458.374326978248,-0.21028908153395953,1.4158004959158306
8459.794059973898,-0.21260799950109543,1.3862338292460246
8461.21379296955,-0.13777142684564403,1.318551011602441
8462.6335259652,0.01097903054385796,1.2179103016769064
8464.05325896085,0.034612724252243154,1.0632979120794448
8465.472991956502,-0.13518383897013742,0.9879951781909292
8466.892724952151,-0.19126083289155282,1.0055269242963512
8468.312457947803,0.5958636528632386,1.1538900333745246
8469.732190943454,0.57908883252796,1.2788369437630835
8471.151923939104,0.08070030242113369,1.3536012852194934
8472.571656934755,-0.6750140065956272,1.3699909509907946
8473.991389930405,-0.32997777629609626,1.3235680068260274
8475.411122926056,0.2163151222387576,1.2994545385817997
8476.830855921708,0.5808746687575788,1.3190838104123186
8478.250588917357,0.47168821905632363,1.4047976566405822
8479.670321913009,0.7940671261881711,1.3863376601616828
8481.090054908658,0.7824368490487679,1.3836075794887028
8482.50978790431,0.4936046398565228,1.393319748358926
8483.929520899961,0.038598851682312585,1.4024013033582168
8485.34925389561,0.23737486276290198,1.4003826857841537
8486.768986891262,0.3117040447570325,1.3998997191766243
8488.188719886912,0.17997302163813522,1.4002216774926237
8489.608452882563,0.689074618652846,1.3691696500169945
8491.028185878213,1.1713451127492416,1.2994434378164306
8492.447918873864,1.334881765968504,1.224369844732589
8493.867651869516,0.9326665610895795,1.1687320171863629
8495.287384865165,0.2674651503479861,1.2360906821560054
8496.707117860817,-0.08396561748431708,1.3160638469108255
8498.126850856466,-0.2219688655173071,1.386467770601563
8499.546583852118,-0.41283025026486264,1.3987608388399575
8500.96631684777,0.005912656910691538,1.3662315975003874
8502.386049843419,-0.0570901169294018,1.281915137517144
8503.80578283907,-0.7879999309578185,1.1525467314515858
8505.22551583472,-0.5772057105919561,1.1174312652606713
8506.645248830371,0.05440445693432672,1.1797389599238977
8508.064981826023,0.4406187801453161,1.2833309321937854
8509.484714821672,-0.14256503782420182,1.3816253818511868
8510.904447817324,-0.06953167605422728,1.4081881459030574
8512.324180812973,0.2704729742430736,1.4146851767139836
8513.743913808625,0.6307518751036216,1.4102852054274249
8515.163646804276,0.19385378254569652,1.4114191819659956
8516.583379799926,-0.20625021547549416,1.419154112711884
8518.003112795577,-0.4406714468890396,1.4206357983295088
8519.422845791227,-0.4306703383260526,1.4105515303013092
8520.842578786878,-0.34875984169807506,1.4033550270072883
8522.26231178253,0.08703064129933935,1.4006637651312264
8523.68204477818,0.4260071068633646,1.4033284592890827
8525.10177777383,-0.00843581876040389,1.414068663971457
8526.52151076948,-0.0331967488328182,1.4183637484226481
8527.941243765132,0.09426392023442354,1.4176812026821004
8529.360976760781,0.3000366827463967,1.4124386009053918
8530.780709756433,0.3076007332735706,1.4039850158072893
8532.200442752084,0.1931649189063407,1.4015758585566291
8533.620175747734,0.021474510330641294,1.3984765312003293
8535.039908743385,-0.1706507342921908,1.389861732135552
8536.459641739035,0.30950223856738646,1.3438791925463163
8537.879374734686,0.29924072705161464,1.3052842228864068
8539.299107730338,-0.09661234681636977,1.2867990904021762
8540.718840725987,-0.49578669787720653,1.3253135048565623
8542.138573721639,-0.5357594857162695,1.3744120853815476
8543.558306717288,-0.5097623908794526,1.4033992624263187
8544.97803971294,-0.5050802989603982,1.3988942723669209
8546.397772708591,-0.3587536843367678,1.3269139171216855
8547.81750570424,0.45493699247635,1.2414381986304148
8549.237238699892,1.0668666762475478,1.1832145746781344
8550.656971695542,0.13034206590458197,1.2208166463695527
8552.076704691193,-0.589430534088156,1.3273082400574676
8553.496437686845,-0.6352838247415846,1.3910778981164775
8554.916170682494,-0.026483111533249115,1.3984461891490414
8556.335903678146,0.30587201760281424,1.3868664543735978
8557.755636673795,0.1424574106194374,1.37648744121148
8559.175369669447,0.049247362513858306,1.3692110502889354
8560.595102665096,0.4794558466213399,1.3673118657859256
8562.014835660748,-0.1632095441341761,1.3977875154614798
8563.4345686564,-0.5592627086130184,1.408475347646114
8564.854301652049,-0.5996895459691487,1.4042776466263547
8566.2740346477,-0.1286034220440948,1.4150384675529633
8567.69376764335,-0.2603448808311448,1.4123892346406746
8569.113500639001,-0.3823241589157558,1.4059066989295128
8570.533233634653,-0.21230838114787343,1.3995839970707589
8571.952966630302,-0.3005442903183573,1.3924089734460718
8573.372699625954,-0.4192136591280242,1.386523818362284
8574.792432621603,-0.44647853578848284,1.381408276317079
8576.212165617255,0.014906031997729663,1.3759948863659068
8577.631898612906,0.25533413915473524,1.373153756647023
8579.051631608556,0.02883116141983244,1.3799146911813167
8580.471364604207,-0.7083280987120499,1.398066848362709
8581.891097599857,-0.34430353301913197,1.4031645531321542
8583.310830595508,-0.46781163581724794,1.4052675979467928
8584.73056359116,-0.6371197533751678,1.3956434840865026
8586.15029658681,-0.16790678917476587,1.3566497342048158
8587.57002958246,0.19920461737017536,1.313944357415632
8588.98976257811,0.3223920181735451,1.2973228490987947
8590.409495573762,0.21801402122116187,1.3117109402088412
8591.829228569413,0.25413296291194065,1.3382581281155705
8593.248961565063,-0.03177470472283073,1.3446696618293454
8594.668694560714,-0.22864951114755527,1.33103694301156
8596.088427556364,0.15849689627262986,1.2911505622845103
8597.508160552015,0.15017633523638185,1.284859378737238
8598.927893547665,0.08963560119983605,1.3061759531681874
8600.347626543316,0.026571161317896497,1.3471265109058148
8601.767359538968,0.012316149971297818,1.3558392305159632
8603.187092534617,-0.04675515184455836,1.360649572512836
8604.606825530269,0.10010810379678681,1.355694990391429
8606.026558525919,0.7331224545680914,1.3331163771689951
8607.44629152157,0.25510423931343773,1.333993108895884
8608.866024517221,-0.18713640963467615,1.3253920327050448
8610.285757512871,-0.49561581337433136,1.3061606110942086
8611.705490508522,-0.7357824807397826,1.285034580250189
8613.125223504172,-0.854019367331178,1.2666575345791522
8614.544956499823,-0.8051063429240921,1.2447828161064456
8615.964689495475,-0.5237329652367011,1.2140138829506864
8617.384422491124,-0.9954888288040538,1.1799094318495351
8618.804155486776,-1.0926612408459029,1.1420283388522194
8620.223888482426,-0.9392724920914732,1.1044997815315518
8621.643621478077,-1.3961631539017132,1.08712115500391
8623.063354473728,-1.0395685438683167,1.0643173824617669
8624.483087469378,-0.2538595654743645,1.045232905312143
8625.90282046503,0.8367829697082607,1.0366607220861652
8627.322553460679,0.5353180879701824,1.018529281455001
8628.74228645633,0.5131706475120943,1.0112645170484746
8630.16201945198,0.5677387947452912,1.0136692163157095
8631.581752447632,-0.6404694222752196,1.0177434907865863
8633.001485443283,-0.06579150560159164,1.0275984676092136
8634.421218438933,0.851207106073292,1.0359768241207208
8635.840951434584,1.2930493346969572,1.0379956585863863
8637.260684430234,0.2674850026433093,1.0878153150407603
8638.680417425885,-0.2509556772235495,1.1305635478580318
8640.100150421536,-0.30492980094961464,1.1652967908068208
8641.519883417186,-0.1718119967032088,1.1997657002747313
8642.939616412837,-0.7192395907567724,1.246346455946716
8644.359349408487,-0.964947694986602,1.269719443039809
8645.779082404139,-0.15827539826683523,1.2408580843645953
8647.19881539979,0.7373437553891007,1.1840020011527475
8648.61854839544,0.8995508034844777,1.1241836192301315
8650.038281391091,0.382545484149035,1.070770935587937
8651.45801438674,-0.45572187964357536,1.0645222566985701
8652.877747382392,-0.15392457368525214,1.056580940818414
8654.297480378043,-0.0802671804687094,1.0415730954420535
8655.717213373693,-1.308996506109886,1.013470298821455
8657.136946369345,-0.5214772116113711,1.0275403806240817
8658.556679364994,0.1354364754143793,1.0297528877723645
8659.976412360646,0.41647631702403753,1.0199467940396731
8661.396145356297,-0.09065202244521764,1.0242541547062578
8662.815878351947,0.20188388357454645,1.0273992016272144
8664.235611347598,0.32111511886699784,1.0320217883582992
8665.655344343248,-0.6896899323756127,1.0410050246330789
8667.075077338899,-0.26223327304746835,1.0720308945129795
8668.494810334549,0.35349299749592333,1.0753788833682387
8669.9145433302,0.9048948527161507,1.0526722080908435
8671.334276325852,0.446796684352309,1.072573520387636
8672.754009321501,0.025075186263100235,1.1073820955512865
8674.173742317153,-0.08403616474386322,1.1318895344998363
8675.593475312802,0.575286738016036,1.1120083152106741
8677.013208308454,0.03990983429558437,1.1420154075797873
8678.432941304105,-0.269708061447143,1.1668354961017875
8679.852674299755,-0.10564615828738333,1.1761077252847745
8681.272407295406,0.48226884075894016,1.167053470359297
8682.692140291056,0.368426311812204,1.1885481534256264
8684.111873286707,-0.1989168302727764,1.2220069905997284
8685.531606282359,-1.0949349597379934,1.24110828972721
8686.951339278008,-0.8414611674303174,1.2329864529829064
8688.37107227366,-0.19675027506553633,1.235367149043856
8689.79080526931,0.6437948110866181,1.259252550420769
8691.21053826496,0.21666513053852743,1.2646876652384482
8692.630271260612,0.17804349933790142,1.2650514733129814
8694.050004256262,0.29850307688785627,1.2672250613654377
8695.469737251913,0.032427475157652985,1.290569892432181
8696.889470247563,-0.40833798085941364,1.2987242601934075
8698.309203243214,-0.524786370079056,1.2917684535925935
8699.728936238866,-0.024704490138332424,1.2665148537574638
8701.148669234515,-0.48191786775209877,1.2783562892954419
8702.568402230167,-0.509167626362359,1.2917918572178868
8703.988135225816,-0.19375472944554328,1.3011795135717232
8705.407868221468,0.03588826060822292,1.2849517676088442
8706.827601217117,0.199045064249054,1.2655429149590434
8708.247334212769,0.3357056747992768,1.2561466930475473
8709.66706720842,0.4643841789767258,1.2708791694583788
8711.08680020407,0.41856795774448496,1.2797836857205076
8712.506533199721,0.38868835229151877,1.285412407459159
8713.92626619537,0.40160287536186345,1.2882324326210355
8715.345999191022,0.38323967295127837,1.2903636562851508
8716.765732186674,0.08911687127304457,1.308500214828314
8718.185465182323,-0.24143945177019077,1.3263099897846637
8719.605198177975,-0.25573852177412526,1.3191734373832804
8721.024931173624,0.31060134499601855,1.313806234420845
8722.444664169276,0.867635273165928,1.3069551889115594
8723.864397164927,1.2542528934201913,1.2977312377180557
8725.284130160577,0.44744698641056413,1.3027429363232272
8726.703863156228,0.19000873844234523,1.3046600438920073
8728.123596151878,0.30835093796703017,1.3011040895122956
8729.54332914753,0.6255183927145698,1.2820610771639418
8730.96306214318,0.2527468692006636,1.2958578394744897
8732.38279513883,-0.2545098311946603,1.3083270478479636
8733.802528134482,-0.5344079657085228,1.2989412678015955
8735.222261130131,0.5161435042181477,1.2921246230654169
8736.641994125783,0.6012827088057815,1.2967885948714544
8738.061727121432,-0.22242691181533392,1.309401511547855
8739.481460117084,-0.3482987935839139,1.2960963544874748
8740.901193112735,-0.26047010634771617,1.296097152760367
8742.320926108385,-0.10687745781774183,1.2970247320350434
8743.740659104036,-0.1299102803004546,1.2827702453865675
8745.160392099686,-0.16491833326085636,1.2808560003906042
8746.580125095337,-0.056426088635056715,1.2818610461442552
8747.999858090989,0.24843279845666277,1.2836948839090427
8749.419591086638,0.4189101506292694,1.282827376680329
8750.83932408229,0.5064041406082174,1.2812508353179033
8752.25905707794,0.4790813802360283,1.2801697082569727
8753.67879007359,0.17199690062691086,1.28400711801717
8755.098523069242,-0.09491170338105182,1.2645495218704386
8756.518256064892,-0.2587147460734087,1.213241425189429
8757.937989060543,-0.23169387665836716,1.1128331587681028
8759.357722056193,-0.2683908795285106,1.0083557728429389
8760.777455051844,-0.5002522306228272,0.939668902587644
8762.197188047496,-0.797842683859125,0.9161004047057743
8763.616921043145,0.4582665845162026,0.9915947837632275
8765.036654038797,0.6490910560036092,0.9863321865579107
8766.456387034446,0.1917482023696806,0.9376872083283249
8767.876120030098,-0.6150918018915741,0.8924043264064129
8769.29585302575,-0.6953703337748722,0.9555757958048283
8770.715586021399,-0.37460976150158043,1.0542611976960354
8772.13531901705,0.2827013074511031,1.16722163579022
8773.5550520127,1.352234411815834,1.1359872706332226
8774.974785008351,0.7904608228298038,1.0586043700771595
8776.394518004001,-1.0035906877936558,0.9524886302379517
8777.814250999652,-1.1229948672289458,0.8933057144060046
8779.233983995304,-1.0367480532412738,0.9184936389212223
8780.653716990953,-0.8985311180610811,1.0130811810376341
8782.073449986605,-0.8568871254109531,1.1943988559838277
8783.493182982254,0.19810576304340444,1.2527144492953353
8784.912915977906,0.5189299395410369,1.2768429774670893
8786.332648973557,-0.46149599895279714,1.2859199852452723
8787.752381969207,-0.5170833874374718,1.2433319175401754
8789.172114964858,-0.5408423545291132,1.1621729714648252
8790.591847960508,-0.49832861622731617,1.0643269931699666
8792.01158095616,-0.13702430539579424,1.0443040287987386
8793.43131395181,0.1922049255032352,1.12459194353994
8794.85104694746,0.28253490691199623,1.224968164006401
8796.270779943112,-0.19755230588312056,1.275379253446421
8797.690512938761,-0.1744446051408186,1.2771026804010734
8799.110245934413,-0.24722296773273555,1.2741740941140027
8800.529978930064,-0.5458072133015852,1.2754120742483672
8801.949711925714,-0.18785070122421477,1.274631000705929
8803.369444921365,-0.014700694228827693,1.2760746088446033
8804.789177917015,-0.01020754843930849,1.2783717752584816
8806.208910912666,-0.22722439184147802,1.2764186131471507
8807.628643908316,0.13143471374105342,1.2446592780543573
8809.048376903967,0.5526834766798814,1.2119776204197819
8810.468109899619,0.6001501879075724,1.2042807037498744
8811.887842895268,0.07088212288210816,1.2261046388775096
8813.30757589092,-0.3446207811969977,1.2561011439142198
8814.72730888657,-0.5168407937136896,1.290402539581423
8816.147041882221,-0.40741147639106856,1.2797484222731563
8817.566774877872,-0.3907658182894487,1.2757627927424213
8818.986507873522,-0.42196922173074913,1.2750223860377214
8820.406240869173,-0.3514029969133112,1.2649293691332242
8821.825973864823,0.4183048195737591,1.2275237036341737
8823.245706860474,1.212620823341668,1.1333821933116701
8824.665439856126,1.5780204549349204,0.9248398587626678
8826.085172851775,-0.8413324045766535,0.7770399115325228
8827.504905847427,-2.581874025216692,0.7297706067212202
8828.924638843077,-2.764209404563812,0.805059424239373
8830.344371838728,-0.62077801398455,0.9799817129436941
8831.76410483438,-0.05980326145558301,1.0804359009162707
8833.183837830029,-0.455445224754941,1.1041383018299393
8834.60357082568,1.2248178640245069,1.0070205226026487
8836.02330382133,1.0621566693663693,0.9424591988037516
8837.443036816981,0.31058153035105107,0.9291649854017417
8838.862769812633,0.17433020711786007,1.0200182592712252
8840.282502808283,0.5308695748616064,1.1601124949984727
8841.702235803934,0.6884322232919491,1.2572896190864034
8843.121968799584,0.3855862626643036,1.2731235265869716
8844.541701795235,-0.19815778710596454,1.1972969306762584
8845.961434790885,-0.1266568908217689,1.1388905604288788
8847.381167786536,0.45026072938446937,1.0980730612895409
8848.800900782187,0.0060088739912318445,1.0430547945134683
8850.220633777837,-0.13466047383115587,1.0570721836146926
8851.640366773488,-0.11434466282572231,1.1176490013944569
8853.060099769138,-0.14272781525237122,1.2150653699896476
8854.47983276479,-0.25857500152133284,1.2654044167978775
8855.899565760441,-0.20299166932247825,1.2864796130673906
8857.31929875609,0.2198189569997515,1.2770080469641534
8858.739031751742,-0.19981814211067572,1.2796788948026165
8860.158764747392,-0.5609624418957919,1.2721650002831466
8861.578497743043,-0.7427152085192121,1.2522131112303205
8862.998230738694,-0.364449764543167,1.232791915263368
8864.417963734344,0.3429352720640759,1.1680121383475044
8865.837696729996,1.1443595399210889,1.0745914778578256
8867.257429725645,1.3138813106674636,0.9879897468213922
8868.677162721297,0.3643082983748336,0.9894947550343917
8870.096895716948,-0.5919989839796456,1.053198012114906
8871.516628712598,-0.5319515471318645,1.1886091699132328
8872.936361708249,-0.32992775230811056,1.252127506352011
8874.356094703899,-0.13845960655793998,1.2842232609361859
8875.77582769955,-0.0071207916695241735,1.2894901861329353
8877.1955606952,0.004646165733386276,1.2860943692347198
8878.615293690851,0.12649901910266959,1.2693893351223124
8880.035026686503,0.3893177406397461,1.24038334642785
8881.454759682152,1.0674448416388191,1.2035665651519012
8882.874492677804,1.3107234198126694,1.0558237969331195
8884.294225673453,0.9906782237275866,0.8714652088916047
8885.713958669105,-0.5246262615616182,0.7732120166726975
8887.133691664756,-0.8291072289028847,0.8163500956893476
8888.553424660406,-0.4118137284441188,0.935088533592803
8889.973157656057,0.7146211587306857,1.1218235319638796
8891.392890651707,1.1378424174801154,1.1506505785370005
8892.812623647358,0.9385105221172116,1.1572091126892114
8894.23235664301,0.08102031104888674,1.1613948331653166
8895.65208963866,-0.0924443022989152,1.2159493038035618
8897.07182263431,-0.12517739534494332,1.239052835997134
8898.49155562996,0.08157554681961798,1.2312113078087463
8899.911288625612,1.1963286273452916,1.1766169541872125
8901.331021621263,0.9543701836097993,1.0544515955196607
8902.750754616913,-0.18281650444027342,0.935646987948997
8904.170487612564,-2.131987056881001,0.9388505998103212
8905.590220608214,-1.7047826324483122,1.0395845390806073
8907.009953603865,-0.5896939335859921,1.1403433583106182
8908.429686599517,0.5965337708917398,1.1894504371457146
8909.849419595166,0.345326724995644,1.2215390748286317
8911.269152590818,-0.04389492199180367,1.2414801946760095
8912.688885586467,-0.39234143410083355,1.2488811788385994
8914.108618582119,0.029636949077755936,1.228618061200971
8915.528351577768,0.751165178158085,1.1551557616631605
8916.94808457342,1.6099303104147875,1.0327083376957322
8918.367817569071,1.7062504819154016,0.854427418546776
8919.78755056472,0.07617850351494315,0.7707232125312609
8921.207283560372,-1.259622275956798,0.7747399032082409
8922.627016556022,1.3565033031256775,0.9220294665670803
8924.046749551673,1.3308901893945908,1.0832450956741089
8925.466482547325,0.41723756222364194,1.2036859860769265
8926.886215542974,-0.7302705143004857,1.2316853416409248
8928.305948538626,-0.1878832136175177,1.2263050481522253
8929.725681534275,0.0076326628234619776,1.2289277689060618
8931.145414529927,-0.5323161744193206,1.2481862313824101
8932.565147525578,-0.7801554122901404,1.2400535211579606
8933.984880521228,-0.6738200834234362,1.2303744009017696
8935.40461351688,-0.22500086002676678,1.2199285025303566
8936.824346512529,0.5791458020049465,1.2112094886193183
8938.24407950818,0.7269114835224038,1.210306540948789
8939.663812503832,0.3694905804055564,1.1977350812252265
8941.083545499481,-0.5660214523859084,1.1144680921450503
8942.503278495133,-0.6722444921128554,1.0207302419422923
8943.923011490782,-0.28939725641570124,0.9646107468600054
8945.342744486434,0.5515207039818311,1.0119804629581668
8946.762477482083,-0.13215817715089795,1.1108195323782615
8948.182210477735,-0.7147492524505754,1.19072781585689
8949.601943473386,-0.6488101793292484,1.223933097311877
8951.021676469036,-0.2292173581862329,1.2449521121822624
8952.441409464687,-0.17611154470403267,1.239478004746972
8953.861142460337,-0.5681296580094797,1.2022831786923363
8955.280875455988,-1.5674454400720386,1.0281839921434057
8956.70060845164,-2.594843072076266,0.8741329978530535
8958.12034144729,-3.20362703617066,0.7568160862499463
8959.54007444294,-0.6643669186953254,0.7951465720550582
8960.95980743859,0.26200449087065003,0.9286289468090994
8962.379540434242,0.19192612973893652,1.0959442764276435
8963.799273429893,-0.4887373374484829,1.2170535538100975
8965.219006425543,-0.24508159524600082,1.2300082107257277
8966.638739421194,0.1437033288560432,1.2153874416999568
8968.058472416844,0.2346550718695095,1.213820307459957
8969.478205412495,-0.2955863990885179,1.2158721489596944
8970.897938408147,-0.6345015239251488,1.2254890856515355
8972.317671403796,-0.5233680754302972,1.2455017921302816
8973.737404399448,-0.9758115418461202,1.2530007654521789
8975.157137395097,-0.8234295358246664,1.25811968887989
8976.576870390749,0.0040325210525571364,1.2600641136797874
8977.9966033864,0.808037589950036,1.22180417723383
8979.41633638205,0.10527689674372986,1.2163344238697151
8980.836069377701,-1.2626327446542627,1.2301751276660253
8982.25580237335,0.45531228736711427,1.2113063473239012
8983.675535369002,0.4700612616816615,1.198287559841519
8985.095268364652,-0.022346098891314448,1.172995689472626
8986.515001360303,0.8050155151043832,1.0900017100162303
8987.934734355955,0.6999367918223331,1.025342691737275
8989.354467351604,-0.10904990707218243,1.006282223665754
8990.774200347256,-1.8857542100305702,1.0823472159077976
8992.193933342905,-1.4136764637107682,1.1714273705044123
8993.613666338557,-0.8355431182362913,1.2289059564512907
8995.033399334208,-0.8219186972464811,1.229961482773357
8996.453132329858,-0.20405445447439963,1.192432313130083
8997.87286532551,0.4303161581871544,1.1159830691264692
8999.292598321159,0.9861980527015737,0.9977642297744751
