wave,flux,uncertainty
3999.0920287702493,0.2326356172925248,1.1536651849746704
4000.511293056807,-0.3193046887619222,1.157736828520935
4001.930557343365,-0.5271425903204008,1.1653039359897146
4003.3498216299226,0.011610664238937751,1.168905891078488
4004.7690859164804,-0.4590284945758303,1.1467874417420412
4006.188350203038,0.7526189420027002,1.0876184300964924
4007.607614489596,0.37432520945973813,1.0804702747224393
4009.026878776154,-1.3457396394534165,1.1276416449147504
4010.4461430627116,-0.6358880647974642,1.1312285102841684
4011.865407349269,1.2267591911097273,1.1193203961462599
4013.2846716358267,-0.8922225341122173,1.1472647309348312
4014.7039359223845,-0.4853924993918729,1.1578673856052526
4016.1232002089423,0.1177631877102463,1.1374797719355068
4017.5424644955,-0.03127848859186444,1.1188158459543405
4018.961728782058,-0.37428794142267774,1.1060081658885619
4020.3809930686157,0.604063791440475,1.0852485047831792
4021.8002573551735,-1.215871995238178,1.0807433443734642
4023.2195216417313,0.10735447478706162,1.0674257184014728
4024.638785928289,-0.5164581638628631,1.0886520822367145
4026.058050214847,0.8531563823167202,1.0851348192474104
4027.4773145014046,-0.18966643903305203,1.0978062144234315
4028.8965787879624,0.0,1.1026736205801648
4030.31584307452,-0.43199118899321043,1.128244636194185
4031.735107361078,-0.4026250889761352,1.1351884357421151
4033.154371647636,-0.5773935024697513,1.133285882877763
4034.5736359341936,-0.5302909528489512,1.1403707594086003
4035.9929002207514,-1.0455062368135433,1.1285329442777072
4037.4121645073087,-0.707037133050047,1.1074498228976686
4038.8314287938665,-1.3509917332407055,1.1089600777533255
4040.2506930804243,1.3619585992399352,1.0811945872605215
4041.669957366982,2.1656644566467866,1.0755085967603009
4043.08922165354,-0.3859184963659654,1.0295734129617693
4044.5084859400977,-1.0336302717721977,0.9197520459041502
4045.9277502266555,-2.9216964351046806,0.9027359984884566
4047.3470145132133,0.2218670528542609,0.9950999455525394
4048.766278799771,-0.280881347185597,1.0750174022216885
4050.185543086329,1.9847009363328887,1.096281907911928
4051.6048073728866,-0.011610664238937751,1.1151233598046417
4053.0240716594444,0.32339154471288567,1.0952405882682597
4054.443335946002,0.09309785059217512,1.1095179579183303
4055.86260023256,-0.10210685203390513,1.1373003609706114
4057.281864519118,-0.7564355286230863,1.1596155243363508
4058.7011288056756,-0.09470671251215934,1.1621827204780277
4060.1203930922334,0.9240140580332666,1.1403395850578946
4061.5396573787907,-0.6710344329597289,1.1574866795850092
4062.9589216653485,0.04208041046489985,1.1245731740816705
4064.3781859519063,1.224590349078196,1.0984097353414064
4065.797450238464,1.3743124479124953,1.0883449914184091
4067.216714525022,0.12135986456151804,1.1160744371411746
4068.6359788115797,-0.5828769854631007,1.1586267828885395
4070.0552430981375,-0.2309141439240031,1.1604685994303583
4071.4745073846952,-0.20453519942330045,1.1519927355448787
4072.893771671253,-0.9776314102764007,1.1486122230006448
4074.313035957811,1.0029990844085817,1.1224350733611692
4075.7323002443686,0.09754163937336302,1.113027999519377
4077.1515645309264,0.7215647974739965,1.1083008317660996
4078.570828817484,-0.7987696433173457,1.1384422003145631
4079.990093104042,-0.14682419575712513,1.1462125117012256
4081.4093573906,0.541363372272191,1.1508127983367635
4082.8286216771576,-0.029651718553248108,1.0093849049996988
4084.2478859637154,1.8990124877423957,0.9968674727138394
4085.667150250273,-1.7061737102289185,1.0196528693420461
4087.0864145368305,0.16862434881642074,1.1023240534536958
4088.5056788233883,-0.8760227011312127,1.196418882453975
4089.924943109946,0.6297942001787447,1.1488454739412362
4091.344207396504,-0.26597380751646005,1.1439246490558173
4092.7634716830617,-0.3369483861141648,1.1441898538024562
4094.1827359696194,0.8249688704064064,1.1387864212377683
4095.6020002561772,0.6094854584372396,1.172216712308841
4097.0212645427355,-0.2571034912435153,1.2060954004172737
4098.440528829293,0.024530814907478105,1.197920159183321
4099.85979311585,-0.9463251595179625,1.2053415156282847
4101.279057402408,-0.9854567967438316,1.2232599076294317
4102.698321688966,0.8295759654248172,1.2072446561226324
4104.117585975524,-0.1158367436398321,1.2086741427564438
4105.536850262081,1.3040271314328367,1.1700844972409974
4106.95611454864,-0.6478417596403664,1.2006583803024349
4108.375378835197,1.3859100281740329,1.1722306846248574
4109.794643121755,-0.6144554029886095,1.2165812295584923
4111.2139074083125,0.2623409144524377,1.2069329788263286
4112.633171694871,0.5538269231949848,1.2015303169866358
4114.052435981428,0.5671965720417007,1.1982245827641875
4115.471700267986,0.7234265095659813,1.197649106851341
4116.890964554544,0.2360887386234206,1.2201920484781872
4118.310228841102,0.03548805200535521,1.2145827237960747
4119.729493127659,0.8287782211901593,1.199701270812332
4121.1487574142175,1.2567791847519592,1.1373436130058847
4122.568021700775,0.4298103232844004,1.2066539720992233
4123.987285987332,0.44650593429502927,1.206579323997154
4125.40655027389,1.1555694276640334,1.1843366819097194
4126.825814560448,0.8135013610200992,1.180445711552872
4128.245078847006,0.2963229985659779,1.2084183854108697
4129.664343133563,0.7683887366363356,1.217610878961806
4131.083607420122,-1.455437487386289,1.2423938368212681
4132.502871706679,-0.24724570741465868,1.2179964280298878
4133.922135993237,0.11323923785133316,1.200254247513317
4135.3414002797945,0.5857998378677469,1.1882555177874243
4136.760664566353,0.12682194484683418,1.1969638078557596
4138.17992885291,0.14132159031487634,1.1861347783221543
4139.599193139468,1.253806588684438,1.1913169638147794
4141.018457426026,0.06771851314906052,1.2269047999578477
4142.437721712584,-0.6724848127798063,1.222620892310789
4143.856985999141,0.4080675988206095,1.2374919630973809
4145.2762502856995,0.2255190858284366,1.1689584236697113
4146.695514572257,-1.1561358252819358,1.2412945532517934
4148.114778858815,0.8323653829501747,1.2464453570684888
4149.534043145372,0.034052569737505256,1.249655060797384
4150.95330743193,0.6581389843772534,1.2347140016436136
4152.372571718488,-0.5515239357866067,1.250314976116774
4153.791836005045,-0.36896183233670554,1.2298055354178494
4155.2111002916035,0.6643579839395062,1.2088178560903804
4156.630364578161,0.25641072335488413,1.2236249836042463
4158.049628864719,0.13587286162106804,1.2476091099465998
4159.4688931512765,1.0945044026397681,1.2205314856679188
4160.888157437835,0.37553606081589574,1.2297868795083464
4162.307421724392,0.4135934207759657,1.20636272296199
4163.72668601095,0.6928359505766428,1.1874870611221455
4165.145950297508,-0.2873647958961685,1.2194942436407716
4166.565214584066,-1.3815902438089096,1.2624332726585934
4167.984478870623,-0.3702591458967127,1.2297704571635617
4169.403743157181,0.08203270706518984,1.1976779210890953
4170.823007443739,-0.27004995685453786,1.2195834173442017
4172.242271730296,-0.12536191120552753,1.2462783372802566
4173.661536016854,0.007815755813335601,1.241727906552777
4175.080800303412,-0.6394441683142793,1.2299802557504427
4176.50006458997,-0.6048687011523148,1.1970415330192392
4177.919328876527,1.0181095168099288,1.1892454277499773
4179.3385931630855,0.33204608560186966,1.2223420449852382
4180.757857449643,0.37606320360432666,1.254915249798793
4182.177121736201,0.025797452126469445,1.255880348676447
4183.596386022758,-0.1507686148457481,1.234185367017547
4185.015650309317,0.837946614982267,1.2202030980591543
4186.434914595874,-0.29019924746608927,1.2656889094852428
4187.854178882432,0.07113135918435609,1.2621323017693478
4189.27344316899,0.7628674613436774,1.2555356512377893
4190.692707455548,0.14718797827830332,1.2545808165459544
4192.111971742105,1.4905371425616316,1.2197499889605963
4193.531236028663,-0.347341804990732,1.2589722713866498
4194.950500315221,-0.03443010374588762,1.2778590051820213
4196.369764601779,-0.08476603578277331,1.2863381250362511
4197.789028888336,0.6105745889292106,1.2792740168729
4199.208293174894,-0.03531311453880881,1.303388044560736
4200.627557461452,-0.25435194713540543,1.297865155190209
4202.046821748009,-0.9472026631242467,1.2981376355207745
4203.4660860345675,0.10015742438261721,1.2902687472270835
4204.885350321125,-1.3002737102085542,1.3124046299192642
4206.304614607683,-1.105703623523034,1.2935608185391378
4207.72387889424,0.24127843189072096,1.2727418925124476
4209.143143180799,-0.5511738889838982,1.2841109490161822
4210.562407467356,-0.35566977565821056,1.267137932218468
4211.981671753914,-0.9444754893774377,1.2646542022797014
4213.400936040472,-0.5031707657505153,1.2683415791981907
4214.82020032703,-0.37783758509328913,1.2856233984936103
4216.239464613587,-0.5656972656776993,1.3107437480242006
4217.658728900145,-0.794525030835337,1.306788185148457
4219.077993186703,0.5978343388162279,1.2755223214374112
4220.497257473261,-1.4256990318934213,1.3294966480056423
4221.916521759818,-0.11805541265280672,1.3080895487789217
4223.335786046377,0.28071724212710814,1.3067491930751174
4224.755050332934,-1.5552421747524687,1.3501605409656003
4226.174314619491,-1.5890299908382661,1.3681625728346998
4227.5935789060495,-1.1504799153642264,1.3450931201531002
4229.012843192607,-1.3270652100963687,1.334592901979894
4230.432107479165,-0.8680648242190937,1.336629896401455
4231.851371765722,-0.8523603203993777,1.3207041203583376
4233.270636052281,-1.13968725938913,1.3282487328471502
4234.689900338838,-1.2469262295934267,1.3305895074436953
4236.109164625396,-1.5797027352981887,1.3284786029469229
4237.528428911954,-0.9473720182114479,1.3156845139276512
4238.947693198512,0.4753218704552199,1.2796642548093211
4240.366957485069,-1.2182212542560404,1.3228714568746738
4241.786221771627,-0.25333692767160576,1.3092695174053286
4243.205486058185,-0.36231721651393045,1.2852463378721368
4244.624750344743,-0.8028216615144657,1.2543829712432077
4246.0440146313,-0.5092921846571496,1.2546812361476312
4247.463278917858,-0.7223883780220438,1.2940016505211813
4248.882543204416,-0.8326867447052742,1.3206243515509928
4250.301807490973,-0.4374866776568065,1.3067539862822557
4251.7210717775315,-0.7158784783417395,1.3004809798267893
4253.140336064089,-1.5551349917411632,1.2680137598810854
4254.559600350647,-1.2372439551376888,1.2373940041758553
4255.978864637204,0.09649224696142522,1.255699634386738
4257.398128923763,0.27059962149309913,1.2891514707455172
4258.81739321032,1.0666330120039516,1.2783953002618256
4260.236657496878,0.42539571023127787,1.2847899138862793
4261.655921783436,-0.4008480381649907,1.272627900898675
4263.075186069994,-0.13397767298775776,1.2789118842911034
4264.494450356551,-0.8888694882928161,1.2939402708203613
4265.913714643109,-0.45316735592669244,1.2898462672484985
4267.332978929667,-1.062901992964509,1.2950796282351473
4268.752243216225,1.0706379203177119,1.1238625251761853
4270.171507502782,-0.20504936320194145,1.268151275195402
4271.590771789341,-0.5756630123464302,1.3251084631344192
4273.010036075898,-1.118592150156241,1.3417289950839948
4274.429300362455,-0.8300336097793766,1.3355014164480137
4275.8485646490135,-0.9589139310231629,1.311959553845707
4277.267828935571,0.13351980070610237,1.2813801331048293
4278.687093222129,0.0,1.2962283017664038
4280.106357508686,-0.08152151814955477,1.3244761122132243
4281.525621795245,-0.8922025329150254,1.2876299422776898
4282.944886081802,0.8059942059943503,1.1616861673942505
4284.36415036836,-0.22570160234218128,1.1959737911501649
4285.783414654918,0.08678500374243003,1.3230047936032092
4287.202678941476,-1.093437040931065,1.3578737623418526
4288.621943228033,-0.9750959037553592,1.342482003867235
4290.041207514591,-1.2301795574422394,1.3104214624240633
4291.460471801149,-0.3481457233955425,1.3172283630332955
4292.879736087707,-1.7452329370819035,1.366209755358665
4294.299000374264,-0.8474127643570581,1.3460133259989115
4295.718264660822,0.39635235455985107,1.3081595277997742
4297.13752894738,-0.7424377160641342,1.2967431717320956
4298.556793233938,-0.9680670579292502,1.3002781290078
4299.9760575204955,-0.27673936597837046,1.3108766964088863
4301.395321807053,0.653423591254392,1.302982399755247
4302.814586093611,0.5549939365010546,1.2930340139893535
4304.233850380168,0.4383071689564626,1.2994433631419313
4305.653114666727,0.3885745291242073,1.2909364933556897
4307.072378953284,-0.5890339117631214,1.2998172356116842
4308.491643239842,-0.9680400089103298,1.3131461853099218
4309.9109075264,2.2859213488654953,1.2410307105080696
4311.330171812958,1.1872395652039962,1.215827187117078
4312.749436099515,0.28827858448444754,1.227306646458078
4314.168700386073,0.943636200146879,1.2345432350916927
4315.587964672631,1.0430550290639449,1.2754603309423052
4317.007228959189,-0.02987178109030264,1.3039768271963184
4318.426493245746,-0.32348524861650874,1.2657213275432528
4319.845757532305,0.5580767490471847,1.2420981457778455
4321.265021818862,0.10185502886877629,1.2827200226023774
4322.684286105419,-0.00961577265934932,1.3035796223107605
4324.1035503919775,-0.04777186273019973,1.2862555224932728
4325.522814678535,0.4482051264693727,1.2585937074176266
4326.942078965093,0.06677223261475751,1.3248208621766773
4328.36134325165,0.48358351210699757,1.3138496002375628
4329.780607538209,-0.34119819878394464,1.3290373592318714
4331.199871824766,0.48206684112072673,1.302868283436167
4332.619136111324,1.3299136049196885,1.2955343741058747
4334.038400397882,0.21906293663304965,1.308251146411134
4335.45766468444,0.31747841699791635,1.3034962617883514
4336.876928970997,-0.11626938383740515,1.2798107215719943
4338.296193257555,0.23187983491925124,1.2515702584375326
4339.715457544113,0.26258101059527683,1.240258233348509
4341.134721830671,-0.44847667629568977,1.2871850035553707
4342.553986117228,0.23170402432966308,1.2917188041289218
4343.973250403787,-0.09422764117592952,1.2539817116362526
4345.392514690344,-0.3299750105464043,1.251839322315201
4346.811778976902,-0.7787035976414735,1.2537077971809927
4348.2310432634595,-0.6883526177998011,1.2829043194920131
4349.650307550017,-0.3868204293452826,1.3180444285382298
4351.069571836575,-0.30983819260280865,1.3059540626385668
4352.488836123132,-0.39639546974875395,1.2704949257980156
4353.908100409691,1.032810776534333,1.2114246149197552
4355.327364696248,-0.01644929588848343,1.0378428327068316
4356.746628982806,0.15393571619988755,0.8904179528536418
4358.165893269364,-0.1366298187842312,0.9823391717819987
4359.585157555922,0.606419419604721,1.1459631688714658
4361.004421842479,-0.6597414057909512,1.2240478352811188
4362.423686129037,-0.39292142644884276,1.264573989221234
4363.842950415595,0.7849813634693583,1.263083753827532
4365.262214702153,0.474334158661154,1.238424215753559
4366.68147898871,0.9012379560186545,1.2090869242467384
4368.1007432752685,-0.31131978081746015,1.266788839262388
4369.520007561826,-0.08878382915968452,1.2957911003316547
4370.939271848383,1.1397794043196845,1.2747268373371654
4372.3585361349415,0.16573410186671467,1.2488189435689876
4373.777800421499,-0.7456198962622462,1.2236928293092744
4375.197064708057,0.08968418266506561,1.2197618795962035
4376.616328994614,-0.5604318104820711,1.2050240319800676
4378.035593281173,-1.332276576981024,1.3341034390789772
4379.45485756773,-0.44744349039896325,1.2900423685493458
4380.874121854288,-0.7189758955802281,1.303456621807837
4382.2933861408455,-0.9547639265951232,1.3353359250996435
4383.712650427404,-1.089683339741807,1.3393851485735195
4385.131914713961,0.25914270762724945,1.316434273856488
4386.551179000519,-0.06258989437589113,1.321429910428664
4387.970443287077,-0.2223895844821342,1.3290478282294635
4389.389707573635,0.16546481401425983,1.3191629200358552
4390.808971860192,0.1484553720442201,1.3144773942673103
4392.2282361467505,0.1321621527226764,1.322003161957188
4393.647500433308,-0.24301115406787144,1.3254514721330697
4395.066764719866,-0.32223575969889917,1.3241156574177213
4396.486029006423,0.6958370360009036,1.3017132733894674
4397.905293292981,1.1465619086877603,1.2725573931184122
4399.324557579539,0.5740222138535209,1.2680445442947799
4400.743821866096,1.2560981036359191,1.2760904822901606
4402.163086152655,-0.6835624018836499,1.328716791772089
4403.582350439212,-1.051381045939452,1.3257089534949997
4405.00161472577,-0.7478482821957653,1.307818560493164
4406.4208790123275,0.6833395733654299,1.2203777909992846
4407.840143298886,0.650003766303695,1.1669731530257705
4409.259407585443,0.5556333545011016,1.258702272511387
4410.678671872001,0.9805662462631606,1.2623952314297269
4412.097936158559,1.0438457052317145,1.2555234027867184
4413.517200445117,0.302860758643662,1.2568214791772805
4414.936464731674,-0.36856811153628066,1.296491138011092
4416.3557290182325,0.14972147352535492,1.3083084613929392
4417.77499330479,0.4831210365453389,1.2720341643620479
4419.194257591348,1.1304804593135396,1.2458379733861884
4420.613521877905,-0.30653984437608717,1.2980029447755406
4422.032786164464,-0.7528311820581031,1.3197304445026918
4423.452050451021,0.3340369714197955,1.303608097178564
4424.871314737578,-0.9153122675607164,1.3301142743383871
4426.290579024137,-1.0046491877820367,1.3277797101059676
4427.709843310694,0.09160406167377078,1.2859545757719446
4429.129107597252,-0.392318851550562,1.2746454096401965
4430.5483718838095,-0.4119088867093561,1.2952083257272147
4431.967636170368,0.42191172268641663,1.3085311999866474
4433.386900456925,-0.6142876006150555,1.3139936518861375
4434.806164743483,-0.7414530853824801,1.3030640020795443
4436.225429030041,-0.3339219442155943,1.2869085316802777
4437.644693316599,-0.0505750877427964,1.27024446680087
4439.063957603156,0.0,1.2953733563128982
4440.4832218897145,-0.168843562533755,1.3020122417462523
4441.902486176272,0.8821210923216602,1.2664618598593806
4443.32175046283,-0.1202334753077281,1.2933149983065841
4444.741014749387,-0.34663085446410946,1.3189909764623942
4446.160279035945,0.24870015681616753,1.3489022990106714
4447.579543322503,1.543143387846972,1.3203094991136746
4448.99880760906,-0.8470897028860411,1.333509672641714
4450.418071895619,0.35587346200819336,1.3102637375166923
4451.837336182176,-0.6577139075344234,1.3335281422553067
4453.256600468734,-1.5863843287460315,1.369858698479586
4454.6758647552915,-2.508433190239995,1.401023166425134
4456.09512904185,-1.566623472362274,1.387271390337297
4457.514393328407,-0.5677967458472759,1.3421890995922559
4458.933657614965,-1.288048564073616,1.340779841642749
4460.352921901523,-0.13116897953222706,1.3328356229873521
4461.772186188081,-0.5529101132399279,1.3513614305166168
4463.191450474638,0.43247636627364594,1.3316593693000047
4464.6107147611965,0.3969108238222905,1.3193719770535621
4466.029979047754,0.27369633334969423,1.3196275839170744
4467.449243334312,-0.07501023971203136,1.3438424475591326
4468.868507620869,0.21083198925225055,1.3483256850299692
4470.287771907428,-0.46450782459240747,1.3539098862926922
4471.707036193985,-0.016485328693259582,1.3324079422274222
4473.126300480542,0.0,1.2935467407695478
4474.545564767101,-0.10292902414086624,1.2899685407245867
4475.964829053658,1.4278538759207624,1.3117248105215467
4477.384093340216,0.92841479324131,1.3328172193441297
4478.8033576267735,0.3522335613643035,1.3244831495442373
4480.222621913332,0.8642580456125679,1.3085507503410683
4481.641886199889,-0.45209083045017096,1.326070736680357
4483.061150486447,0.0,1.3148332682047283
4484.480414773005,0.35854930483344916,1.3105085025041425
4485.899679059563,0.32682989661444495,1.3081886347617722
4487.31894334612,0.4284450741640473,1.329657799214567
4488.7382076326785,0.3155163532153118,1.332296862232883
4490.157471919236,0.0,1.3256536870709332
4491.576736205794,1.1993786419176509,1.278861616423406
4492.996000492351,0.6476887018752882,1.29113257849544
4494.415264778909,-0.5854676191073906,1.3249721936513374
4495.834529065467,-0.23306260753804287,1.2949081545716268
4497.253793352025,-0.13898558877388068,1.2684367187827907
4498.673057638583,0.5485525428183373,1.2618447809579363
4500.09232192514,0.8199389662245373,1.2747684421002892
4501.511586211698,1.2771491172264193,1.2785340770997782
4502.9308504982555,0.04900624784918861,1.3198054530314587
4504.350114784814,0.7908749257870067,1.3013016290937593
4505.769379071371,-0.4084102986792262,1.3166372587893642
4507.188643357929,0.24404056471163615,1.3107622468373699
4508.607907644487,0.5837558847681446,1.3182192720661412
4510.027171931045,-0.5504050168430195,1.316763553504995
4511.446436217602,0.3261259674242414,1.3149147301772497
4512.8657005041605,0.5949768540228089,1.3029046803237525
4514.284964790718,0.7199438013729411,1.3040371404751
4515.704229077276,0.3471722013192262,1.3160581557404865
4517.123493363833,-0.1191188799910683,1.325161728317428
4518.542757650392,0.3479873922318557,1.308883107815819
4519.962021936949,1.1376942675686967,1.2803220111366636
4521.381286223506,0.22601129494918704,1.306846430186015
4522.800550510065,-0.7929398217326855,1.3055093669171542
4524.219814796622,0.07181374906376536,1.3057212950381296
4525.63907908318,-0.3096912469951074,1.3240193064310677
4527.0583433697375,-1.3145516094005605,1.2935763522065922
4528.477607656296,-1.1936058470356512,1.2563488646643
4529.896871942853,0.018695878000416943,1.3103421893537714
4531.316136229411,-1.001198732223913,1.3393071530622058
4532.735400515969,-1.4321521181438923,1.3453620973685592
4534.154664802527,-2.330189164406995,1.376975697114278
4535.573929089084,-2.334034639403894,1.3763694065332093
4536.9931933756425,-1.543228077727759,1.352004387356576
4538.4124576622,-0.2789592251380397,1.3192294311884138
4539.831721948758,-0.31584345256610735,1.3013936058245819
4541.250986235315,0.573321700618048,1.2759284877931023
4542.670250521873,0.30436851709564205,1.2717390766896655
4544.089514808431,-0.5534055690475492,1.2781963188920673
4545.508779094989,-0.8254747719897608,1.2849822971442906
4546.928043381547,-0.5345706002117181,1.2948195409117795
4548.347307668104,0.059662297146069854,1.313388654901071
4549.766571954662,-0.039632214708307245,1.3136149173915868
4551.1858362412195,0.7821205996135632,1.2968372405967876
4552.605100527778,-0.3463481933047685,1.29878335929043
4554.024364814335,-0.8358342584388025,1.308715236956717
4555.443629100893,-0.3018039915446762,1.3040311591979956
4556.862893387451,-0.05328481000970697,1.3248409975429145
4558.282157674009,0.22148804504309805,1.3107989228106107
4559.701421960566,0.8068101437730206,1.28761646256894
4561.1206862471245,0.7320914873368993,1.2879172688580045
4562.539950533682,0.04252622988307131,1.2965297948852044
4563.95921482024,0.8561434913675239,1.2987391029664985
4565.378479106797,0.7634790446123629,1.3267832726255087
4566.797743393356,0.8231620522369214,1.3187635976023584
4568.217007679913,1.3090983847919473,1.301769952065035
4569.63627196647,0.8900885491717183,1.3090451008037247
4571.055536253029,-0.8496508779390091,1.3283414873250714
4572.474800539587,0.3612290854534441,1.3120454872651741
4573.894064826144,-0.1845013119100205,1.3145069416120279
4575.3133291127015,1.1090178492872198,1.3059075469361905
4576.73259339926,0.4760444662896379,1.3243875266527956
4578.151857685817,-0.7198325298756347,1.3366461838934207
4579.571121972375,-0.9519353132582018,1.3426254511689542
4580.990386258933,0.04647604103345593,1.3390293364905848
4582.409650545491,-0.027356981318394702,1.3312818264407487
4583.828914832048,-0.48186791526062134,1.348161871930247
4585.2481791186065,-0.7349224967652099,1.3556260598417642
4586.667443405164,-0.9124502791953364,1.3534174203503138
4588.086707691722,1.2453783737273367,1.3084989893990209
4589.505971978279,0.7793871040492419,1.323700739116488
4590.925236264838,0.02783838048386933,1.3226252752032643
4592.344500551395,0.09666104282057031,1.313244327041577
4593.763764837953,-0.36946837479983596,1.3169857902027593
4595.1830291245105,0.1004886995355152,1.3175712271769524
4596.602293411068,0.6312566448889232,1.3052266149248128
4598.021557697626,0.33109549798404014,1.3023365761591876
4599.4408219841835,1.2164262527789642,1.2914284323430774
4600.860086270742,0.531386158629557,1.3213568801112072
4602.279350557299,0.2583725938229513,1.3217473757352343
4603.698614843857,0.018632881472722573,1.325955918957304
4605.117879130415,0.44863126675200604,1.3143583422192264
4606.537143416973,-1.2431956841644087,1.3374228368055843
4607.95640770353,-0.3359549542784306,1.315080018580964
4609.375671990088,1.0796273142278645,1.2877410564944776
4610.794936276646,1.135941109235043,1.2970164330611271
4612.214200563204,0.961112394230911,1.302572681513368
4613.633464849761,0.8222097286689305,1.3136470728993688
4615.05272913632,0.33423018656537096,1.3214918831088323
4616.471993422877,-0.3687563463444423,1.3211123294717606
4617.891257709434,0.33466505334007746,1.2930890398858936
4619.3105219959925,0.5766931800793991,1.2645669014353682
4620.729786282551,0.9706666665292509,1.2628739536245586
4622.149050569108,-0.28231504392167484,1.3149503412692527
4623.568314855665,0.4057730614972952,1.3175992938766439
4624.987579142224,0.37673010359902825,1.3210510595419493
4626.406843428781,-0.017678887987337966,1.3237698597058807
4627.826107715339,0.9624047797613153,1.3076433091367694
4629.245372001897,0.39541525792552434,1.3125095664436586
4630.664636288455,0.0,1.3112874973073372
4632.083900575012,1.3994643266099622,1.2864342780091187
4633.50316486157,1.1771136084742242,1.2889843084478223
4634.922429148128,0.5879334675866668,1.2950457893864316
4636.341693434686,1.0297808314944037,1.2899032126091645
4637.760957721243,1.4082373331849585,1.300326450833104
4639.180222007802,1.1891541304139484,1.3076332113947557
4640.599486294359,-0.25184846707213193,1.3212164322157873
4642.018750580917,1.0958233711254008,1.2946212699115318
4643.4380148674745,1.043691208200495,1.2945709481177712
4644.857279154032,0.1674180116409465,1.3182222969663993
4646.27654344059,-0.6443958343149712,1.347532049988526
4647.695807727148,0.7451554018962856,1.3201230461538238
4649.115072013706,1.2518326517599165,1.2929724303043078
4650.534336300263,-0.21757570690108796,1.2985456995150204
4651.953600586821,-1.1450211477888659,1.314862851050416
4653.372864873379,0.5012191280888416,1.2939215051493693
4654.792129159937,-0.04893708384243567,1.312921416626728
4656.211393446494,-0.366238064080064,1.310608777298944
4657.630657733052,0.14958575442851885,1.283525491733783
4659.04992201961,0.046014445186825625,1.293704620122219
4660.469186306168,1.3961244636972676,1.2801314772732943
4661.888450592725,0.9566113112517547,1.28036037340035
4663.307714879284,0.7798924456858174,1.2871142305861076
4664.726979165841,-0.5672607209749678,1.2958780825001712
4666.146243452399,-0.6892664533981874,1.2928841080038052
4667.5655077389565,-0.24558907095259563,1.271974764605738
4668.984772025515,0.33265600227278647,1.2758020064338724
4670.404036312072,-0.649072369044756,1.2790269818966105
4671.823300598629,0.9148390260263657,1.261399729144321
4673.242564885188,1.235291432004682,1.254376795229063
4674.661829171745,0.31645841305063716,1.2809138657522738
4676.081093458303,0.5283798613115049,1.2921349390013865
4677.500357744861,1.4595267901831965,1.2785969791787766
4678.919622031419,0.9290463784797574,1.282117336165971
4680.338886317976,-0.741793267134554,1.3208472748206677
4681.758150604534,-1.5683913083793803,1.3396426834112198
4683.177414891092,0.6627203870994443,1.3021745284850783
4684.59667917765,-0.09747974887262512,1.3046698024284005
4686.015943464207,0.30747103421858846,1.299153457774141
4687.435207750766,0.9442899515062901,1.2782460594897527
4688.854472037323,0.26637781565548213,1.2702102217009907
4690.273736323881,-0.6155866041337248,1.2977377768386653
4691.6930006104385,-0.3021774423321917,1.3109004624002838
4693.112264896996,1.25879688778818,1.2809672400944774
4694.531529183554,1.1965891346865414,1.2892883144263128
4695.950793470112,0.7626726875461189,1.30378098154526
4697.37005775667,0.43070865798966107,1.3155139257990314
4698.789322043227,1.1000624688494307,1.296190140129973
4700.208586329785,0.3642783557117477,1.3102713764826635
4701.627850616343,0.4101439476385833,1.3098542306284042
4703.047114902901,1.12789147074227,1.2956576585176003
4704.466379189458,0.920945128641919,1.2917460542458785
4705.885643476016,0.6725666416654859,1.2950957198281896
4707.304907762574,1.2188504995925484,1.2826532864512827
4708.724172049132,0.10415772178288485,1.2893821044893157
4710.143436335689,0.08090545681162187,1.275525108824602
4711.562700622248,0.904863077967387,1.2592681765931566
4712.981964908805,0.7467588828884706,1.2861535005508424
4714.401229195363,0.10428853283637451,1.3208650387968937
4715.8204934819205,1.1086517384450891,1.320713028329605
4717.239757768479,0.9115699264947859,1.3167707565933915
4718.659022055036,-0.7271036703832658,1.3317924048057157
4720.078286341593,0.31491297984921207,1.3300545608291292
4721.497550628152,-0.7581201886921418,1.3572948980737014
4722.916814914709,-0.04867243342931449,1.345938116459835
4724.336079201267,0.41767541430518573,1.3405372067920205
4725.755343487825,-0.3234907785133192,1.3548959462928098
4727.174607774383,-0.3657694867890333,1.2892766756604925
4728.59387206094,0.07866898806850564,1.3186050363775992
4730.013136347498,-0.19293876329401893,1.3413392541948954
4731.432400634056,0.2926007760081406,1.3267550995341162
4732.851664920614,-0.31881661578928355,1.3063730685981743
4734.270929207171,-0.45892359993027565,1.3060801775267847
4735.69019349373,-0.8305862421664543,1.3147096999918737
4737.109457780287,-0.25315200295809337,1.3051691249720196
4738.528722066845,-0.2661137163155569,1.2913340548477583
4739.9479863534025,-0.8002468885005962,1.2894440041296107
4741.36725063996,0.16275846753315282,1.2871926821684354
4742.786514926518,-0.2103986401589264,1.3159504434188571
4744.205779213076,-0.23828432832310664,1.3187987006458366
4745.625043499634,0.5055660561770647,1.2994187862319264
4747.044307786191,0.10068583240973439,1.2544543718360543
4748.463572072749,0.7199113698325954,1.227625133262619
4749.882836359307,0.2116631848360191,1.2422251142154217
4751.302100645865,-0.6338632526461518,1.301404892197212
4752.721364932422,0.1399256709735992,1.3478409902187884
4754.14062921898,-0.01758595510957406,1.3487900475802388
4755.559893505538,0.9042350152333274,1.2874130214197275
4756.979157792096,-0.04482436751215246,1.3297916754602768
4758.398422078653,-0.48532135359116335,1.360791937831337
4759.817686365212,-0.2728642100149594,1.3643579242134047
4761.236950651769,-0.6215987325591463,1.379123818961171
4762.656214938327,-0.23908941215707458,1.3808057649026975
4764.0754792248845,0.15374837188188728,1.3367401407304214
4765.494743511443,0.10833000755805955,1.3485703567396856
4766.914007798,-0.9014248688389275,1.3838683907941458
4768.333272084557,-1.5514779080908858,1.3990945123494036
4769.752536371116,-0.9859640718014742,1.3811046402377403
4771.171800657674,-0.9672960876674415,1.3662941735758865
4772.591064944231,-0.6030246700295496,1.3756098616812695
4774.010329230789,-0.2551247344928065,1.3720364922402497
4775.429593517347,-1.238108777615004,1.3656979366643989
4776.848857803904,-1.45336384660322,1.3505568546896016
4778.268122090462,-1.4328904804862042,1.3773378118164123
4779.68738637702,-1.5275288830352611,1.4002464032275876
4781.106650663578,-1.471887688102258,1.3978676791470548
4782.525914950135,-2.009769373673558,1.3975813658950242
4783.945179236694,-1.1047288672305537,1.3904610791077419
4785.364443523251,-1.5801276368028718,1.4062415836925233
4786.783707809809,-1.697513143715819,1.408629521256023
4788.2029720963665,-1.120582871124256,1.3961363897672388
4789.622236382925,-0.3590697097056754,1.3804715760800272
4791.041500669482,-0.7956027163293511,1.3803031630185483
4792.46076495604,-1.3277063452260451,1.410847957076745
4793.880029242598,-1.4847690201144665,1.3810632954261755
4795.299293529155,0.29198618359120854,1.3541679095495145
4796.718557815713,-0.847313569875686,1.3881988403902292
4798.137822102271,-0.6784541362420766,1.3796352677852992
4799.557086388829,-0.5445775186785538,1.385701229129311
4800.976350675386,-0.7335273138048608,1.3911273572432652
4802.395614961944,-0.031416847192654807,1.379656256089117
4803.814879248502,-0.12536539591226692,1.3664749896861121
4805.23414353506,0.1673903275818427,1.329885781124705
4806.653407821617,0.21604329744929096,1.3079452880806925
4808.0726721081755,-0.4856944816171236,1.3421375332409577
4809.491936394733,-0.3309436171765734,1.3605199200782092
4810.911200681291,-0.7465435755199206,1.3693928020023212
4812.3304649678485,0.4434855136514759,1.3320630804673221
4813.749729254407,-0.7779945238721364,1.3461230226985357
4815.168993540964,-0.7685929419507227,1.3573706116992275
4816.588257827521,-0.6971173555165855,1.3730265924730847
4818.00752211408,-0.32713926653330017,1.3398957763911667
4819.426786400638,-0.1775471352630671,1.3132628881158943
4820.846050687195,-0.6720638771026888,1.307912827712712
4822.2653149737525,0.43261936333044204,1.3105711144461127
4823.684579260311,-0.6640869212340439,1.346824082176161
4825.103843546868,0.3223968487644626,1.318575128567055
4826.523107833426,-0.6115546520548492,1.314577054022706
4827.942372119984,0.37184419774301336,1.302295153809866
4829.361636406542,-0.7488713569335559,1.3180815257974552
4830.780900693099,-0.9026596811403076,1.328227730678994
4832.2001649796575,-0.3007063476372034,1.3255160692616654
4833.619429266215,-0.22432684890401955,1.326764048908375
4835.038693552773,-1.146993017201753,1.3136545694198913
4836.45795783933,-0.16669065907620517,1.3072259335790237
4837.877222125889,-1.195764636899753,1.3413371909994602
4839.296486412446,0.11266688627614752,1.315715020539416
4840.715750699004,-0.07024038533029575,1.3218894620586485
4842.135014985562,-0.19155471670453927,1.3343653907519653
4843.554279272119,0.24872112926790102,1.334185382929975
4844.973543558677,-0.3507894051783387,1.3382553092985598
4846.392807845235,0.6708209511374568,1.3142768303485632
4847.812072131793,0.7969180639624014,1.3161729598654368
4849.23133641835,-0.5603649722673856,1.3270647171872
4850.650600704908,0.3546750259308542,1.2984016870107162
4852.069864991466,1.027745021973157,1.295245081716222
4853.489129278024,0.01629073721423957,1.343496243518156
4854.908393564581,-0.11659970539831122,1.367454907726222
4856.3276578511395,0.39782214231270174,1.3573330137626463
4857.746922137697,0.6689172437745912,1.3400361866253208
4859.166186424255,0.24222846615619975,1.3350388967664553
4860.585450710812,0.4049642533779041,1.3477462463241268
4862.004714997371,0.4879726142543772,1.3494169807053675
4863.423979283928,0.9682091689525993,1.3482938753417326
4864.843243570486,1.5094016701119175,1.350325379702795
4866.262507857044,0.884386480532469,1.3602480872948695
4867.681772143602,-0.19333913376970369,1.377254423481014
4869.101036430159,0.7700644237508358,1.3805175699102241
4870.5203007167165,1.4235247138227,1.3537431449894535
4871.939565003275,0.3144505707717258,1.3813922329507886
4873.358829289832,0.08242967245255706,1.384757054064947
4874.77809357639,-0.40225770752105294,1.3882349608211646
4876.197357862948,-0.44711880515281344,1.382874629896427
4877.616622149506,-0.1653601268105387,1.389435207419327
4879.035886436063,0.00015104323134984554,1.3909243836206637
4880.4551507226215,-0.9151601850293831,1.408132363297128
4881.874415009179,-0.42508189091297766,1.3900372991707615
4883.293679295737,0.20091162939928253,1.3760749634914
4884.712943582294,-0.037269259101475605,1.3634216957425809
4886.132207868853,0.7246442361839467,1.3456924705653046
4887.55147215541,0.9106682668766481,1.3331321464716273
4888.970736441968,0.27204473510738225,1.3403889821938293
4890.390000728526,0.5624456481005522,1.3560161476630406
4891.809265015083,-0.6721105500546587,1.3928179952896993
4893.228529301641,-0.03107102052040478,1.3833429712447507
4894.647793588199,1.4976336101748187,1.3488190818999306
4896.067057874757,1.4820616810341258,1.3385623259364607
4897.486322161314,0.9487925044672387,1.3641170235679723
4898.905586447872,0.17124267843741237,1.3985123675614122
4900.32485073443,0.15506580038375084,1.4047743797461503
4901.744115020988,-0.1148681154474227,1.3964806195477881
4903.163379307545,-0.21427373906678593,1.406523815131032
4904.5826435941035,0.27923192356368354,1.3883314856007851
4906.001907880661,1.143732881666927,1.3744904497216346
4907.421172167219,0.676857144555977,1.3771357223847074
4908.840436453776,1.2160847415913993,1.3768305486738883
4910.259700740335,0.7513993309341789,1.387367701578693
4911.678965026892,1.0737970670903678,1.3776801602673976
4913.09822931345,-0.1623781264812436,1.3883499339893368
4914.517493600008,-0.22977457834113135,1.3877471243936401
4915.936757886566,-0.22193232447978328,1.3994775560489856
4917.356022173123,0.6386980811941498,1.3875879687820927
4918.7752864596805,-0.6635879302129188,1.43239008626721
4920.194550746239,-0.21507721172130267,1.4093134394526476
4921.613815032796,0.2814223255924926,1.3949279501477911
4923.033079319354,0.5273748119037496,1.383319599597961
4924.452343605912,0.6427194834868146,1.390153665120177
4925.87160789247,0.8242042904887148,1.3854373923399148
4927.290872179027,1.037499360075322,1.3860611380458585
4928.7101364655855,1.919054187649592,1.3708339782028793
4930.129400752143,0.26843124012589215,1.3989942720438147
4931.548665038701,0.295421489015391,1.39210791390525
4932.967929325258,0.9806765491319895,1.3630612889850209
4934.387193611817,0.6583753628840485,1.3571743884854153
4935.806457898374,0.3440890451710681,1.3682535156460238
4937.225722184932,1.047373075147532,1.3668594605681383
4938.64498647149,0.9184257668750408,1.3739386498529231
4940.064250758047,-0.15593736858735685,1.4021398260506601
4941.483515044605,0.2423442153168729,1.4070639796008053
4942.902779331163,0.6383804323278284,1.401834474515873
4944.322043617721,0.17550014596844665,1.4093447869811389
4945.741307904278,0.5426816611331047,1.3924330844500319
4947.160572190836,1.775301906724521,1.362797462146976
4948.579836477394,1.1734375061783169,1.369777796401746
4949.999100763952,1.2145035744210748,1.3688740734348588
4951.418365050509,0.852536654929672,1.3725310133484547
4952.8376293370675,1.8111728535078635,1.3531701448138478
4954.256893623625,0.8031549029397125,1.3742762614677149
4955.676157910183,-0.2067808939959468,1.404737044997841
4957.09542219674,-0.30893074922988895,1.4073480687743305
4958.514686483299,0.07764034412359244,1.3998361889357527
4959.933950769856,0.657804492039535,1.3830479254221613
4961.353215056414,1.0129021524515407,1.3851157974396884
4962.772479342972,0.9665211751491309,1.3823466255996115
4964.19174362953,0.3229796066048243,1.3912883687157624
4965.611007916087,0.4084919616650762,1.3863900685875177
4967.0302722026445,0.8235175718948797,1.385167345279783
4968.449536489203,0.5051217160724208,1.3847876963404688
4969.868800775761,0.8017210371032224,1.360925976694621
4971.288065062318,1.3145896652708187,1.3342322223497751
4972.707329348876,1.9293692398708728,1.3211253108850836
4974.126593635434,1.0194846851848363,1.33657841787093
4975.545857921991,1.1776383996080915,1.3360514291901777
4976.9651222085495,0.5023403272213045,1.3263806461506804
4978.384386495107,0.4077419902924211,1.31444072162726
4979.803650781665,0.09842633500183329,1.3296187179750603
4981.222915068222,-0.7311695167307626,1.3537463953758069
4982.642179354781,-1.2468206475077186,1.3591154843095696
4984.061443641338,0.6808099367849554,1.3196720088541416
4985.480707927896,0.825355122089908,1.325312719968679
4986.899972214454,1.0605147800089147,1.332830305759297
4988.319236501012,-0.015824748857710347,1.3680885743008673
4989.738500787569,-1.6684851514844392,1.3993733065117466
4991.157765074127,-1.0929792344224971,1.3937226585557727
4992.577029360685,-0.3724995177989303,1.4038962411285993
4993.996293647242,-0.5908804622424482,1.421606143506317
4995.4155579338,0.1764421638367164,1.4039007811312207
4996.834822220358,-0.16790240014890934,1.4244174907159468
4998.254086506916,-1.061624965307856,1.4334321421843144
4999.673350793473,-0.9020187423536559,1.4191158311654974
5001.0926150800315,0.0,1.3979070167436027
5002.511879366589,1.0269576480725435,1.369805204765668
5003.931143653147,1.0567361731845732,1.358512038106061
5005.350407939704,0.7891107614724433,1.3711479674914144
5006.769672226263,-0.5565042339540112,1.4464923817336373
5008.18893651282,-1.235341104268631,1.426796348387967
5009.608200799378,0.48664914002606796,1.3917783214913382
5011.027465085936,0.729852301422472,1.3990132375326538
5012.446729372494,-0.7584462494192579,1.4260228256475898
5013.865993659051,-1.9816649820502907,1.4574926972046718
5015.2852579456085,-0.7410380474740013,1.4524315421185992
5016.704522232167,0.016861397939444522,1.4322262568635704
5018.123786518725,0.49767103062070195,1.4148793907435746
5019.543050805282,0.0,1.4140243143993818
5020.96231509184,-0.20566838027037004,1.4442516651347013
5022.381579378398,-0.3613021501239153,1.4635001868379862
5023.800843664956,0.41260562550005364,1.4517335882289253
5025.2201079515135,0.6093620133230973,1.4448632738192728
5026.639372238071,0.030569427810600125,1.45158236253692
5028.058636524629,-0.4072440950870915,1.4539593115854101
5029.477900811186,0.2458995070598542,1.439044363264893
5030.897165097745,0.7212474640920385,1.4275160471078736
5032.316429384302,0.6256161037685626,1.4456525042042945
5033.73569367086,0.5069165435072911,1.4534844957387574
5035.1549579574175,-0.027937617990120955,1.4669399698637593
5036.574222243975,-0.18275808241391012,1.4613854599887146
5037.993486530533,-1.7811788121965657,1.5052618204820902
5039.412750817091,-1.3472374545904735,1.5108412749707472
5040.832015103649,-1.1471750760294395,1.5074499950219027
5042.251279390206,-0.6416414625201767,1.485683998297726
5043.670543676764,0.14304185627940225,1.459876728110575
5045.0898079633225,-0.2803601973196246,1.4646177512113658
5046.50907224988,0.7995872494980363,1.4488847488915153
5047.928336536437,0.16760297823569292,1.4568629417380026
5049.347600822995,0.007477520486188105,1.4679470060038065
5050.766865109553,0.5090235961111036,1.4594632536413252
5052.186129396111,0.7462715749598434,1.4501705647981395
5053.605393682668,0.45452640568948866,1.4576511340443938
5055.024657969227,0.12097155759969702,1.4667223045975968
5056.443922255784,-0.06713697015129316,1.4592500959256445
5057.863186542342,-0.7688811645483815,1.4895692497215622
5059.2824508288995,-0.23841904172060158,1.4628456064606101
5060.701715115458,0.3681602705160092,1.4343555227565385
5062.120979402015,-0.2959884054738309,1.4352080316530307
5063.540243688572,-0.25274486801484297,1.4605456157414862
5064.959507975131,0.0,1.4701385045163973
5066.378772261689,0.2964575464567609,1.4500246469412483
5067.798036548246,0.2716508279804115,1.4309035702207817
5069.217300834804,-0.3252968131270295,1.4447189755242564
5070.636565121362,-0.18135718064199136,1.464412554092117
5072.05582940792,-0.2992724010168937,1.4848904380587813
5073.475093694477,0.9870702675015455,1.4437942314677024
5074.894357981035,0.6264577756436331,1.4507593869899071
5076.313622267593,-0.31085884636984673,1.481645920725989
5077.73288655415,0.07049843531309818,1.4521754162089542
5079.152150840709,0.39640940493764454,1.4075547350364954
5080.571415127266,-0.24461329497954054,1.3992051571629516
5081.990679413824,-0.3777417724718335,1.3929096771595602
5083.4099437003815,0.7966940209517857,1.376025517549614
5084.82920798694,0.21069200444967162,1.3761664979739459
5086.248472273497,0.1028715567227918,1.3823299300693757
5087.667736560055,0.5785861195855571,1.4015659029532062
5089.087000846613,0.02921825049998983,1.4582509928342335
5090.50626513317,0.4520486696382253,1.4737797078155088
5091.925529419728,0.8975425226776323,1.4570606629190994
5093.3447937062865,-0.2802379567359998,1.4487510650498132
5094.764057992844,-0.9365823527634971,1.4283989752628834
5096.183322279401,0.2825984383002318,1.408500199517399
5097.602586565959,1.309257780626064,1.4160020075612323
5099.021850852517,-0.16219286751853268,1.4666865591048526
5100.441115139075,-1.3656499844184151,1.5095142446819805
5101.860379425632,-0.6211098115707814,1.5025436890907862
5103.279643712191,0.2743453961560398,1.4912962723798606
5104.698907998748,-0.7392138326203477,1.5163892124143086
5106.118172285306,-1.5845266368909474,1.5398106367665307
5107.5374365718635,-0.9512101095344767,1.5278092198330888
5108.956700858422,-0.5452383283360489,1.4910748024084353
5110.375965144979,-1.0658440385958814,1.4852094261185036
5111.795229431536,-0.9125498427013108,1.5031640429340825
5113.214493718095,-0.6775930846610101,1.4765633492331032
5114.633758004653,-0.8610408140492201,1.3952110222747636
5116.05302229121,-0.02819839761342635,1.458631930760641
5117.472286577768,-0.5916690457387674,1.5025101438281194
5118.891550864326,-1.5652941398557942,1.5109080865831641
5120.310815150884,-0.7381694168889439,1.5043425954194127
5121.730079437441,-0.04067423438951501,1.5034091059325667
5123.149343723999,-0.899165464623715,1.5354935169283097
5124.568608010557,-1.362506400296005,1.536455883086329
5125.987872297114,-1.0556336335239611,1.4951806436416653
5127.407136583673,-1.0338208749694515,1.461488590110632
5128.82640087023,-1.1417189461643051,1.4968135782438088
5130.245665156788,-1.3599902779613817,1.5232785068278094
5131.6649294433455,-0.3882285824771676,1.51609091495272
5133.084193729904,-0.25121205939279356,1.4759869330007085
5134.503458016461,-0.5364753467597887,1.5012943555862572
5135.922722303019,-0.10563531669696413,1.4852862568885714
5137.341986589577,-0.2829999436456143,1.4890407524979203
5138.761250876134,-0.8241305547322182,1.4784957387019062
5140.180515162692,-1.2497276397385892,1.4899861680330495
5141.5997794492505,-0.7597330427102786,1.4940910285970483
5143.019043735808,-0.8542894244030466,1.510475008042646
5144.438308022365,-0.8920916705143465,1.513432273750054
5145.857572308923,-1.5651823265572578,1.5025749041689227
5147.276836595482,-1.1308524176732733,1.4953833218709527
5148.696100882039,-0.49053785842703546,1.4480826382553784
5150.115365168596,-1.2887760169341234,1.4781131202778417
5151.534629455155,-1.2723769787942727,1.4701451644111558
5152.953893741712,-1.667735753370163,1.487827727577036
5154.37315802827,-2.112855635480051,1.5105017716322322
5155.7924223148275,-1.5660248861634032,1.5175587117711806
5157.211686601386,-0.8491194616661999,1.4997800979841025
5158.630950887943,-0.8222595387081726,1.4960370214694005
5160.050215174501,-0.8360208807553358,1.4837327134854301
5161.469479461059,0.16049400346970533,1.4756048334047827
5162.888743747617,0.6794509804875632,1.4698004930834878
5164.308008034174,-0.06670710428341042,1.5010736594595973
5165.727272320732,-1.565383478712183,1.5397126255480102
5167.14653660729,-2.180416771416561,1.5428951274691263
5168.565800893848,-1.2366502174296827,1.507202796193976
5169.985065180405,-1.2998499673662653,1.5411395268381536
5171.404329466963,-2.2538799460320194,1.5776027516822801
5172.823593753521,-2.5514205003040415,1.5794462766229425
5174.242858040078,-2.3393362919714313,1.5257594778111296
5175.662122326637,-1.647011334992273,1.4874578228157989
5177.081386613194,-1.735618141383585,1.527484135598673
5178.500650899752,-1.9698215754010384,1.553716551835192
5179.9199151863095,-1.906901111592275,1.5587296639974697
5181.339179472868,-2.543692907013505,1.5986622832487898
5182.758443759425,-2.211423417513285,1.5798906144458231
5184.177708045983,-1.2775703389978998,1.5248818708067782
5185.596972332541,-0.23366598136320427,1.4750690949188823
5187.016236619098,0.0,1.4523388555913979
5188.435500905656,0.5206965884349657,1.4332464298858885
5189.8547651922145,1.053449158782767,1.421839528341561
5191.274029478772,0.44402643973212985,1.460551538348043
5192.693293765329,-0.3729601936323128,1.4868427612117858
5194.112558051887,-0.9519435592220957,1.4357487540093488
5195.531822338446,0.17883937047479748,1.3000657059721232
5196.951086625003,0.48795368200658107,1.240997150549882
5198.37035091156,-0.16745441068083444,1.3086481575853997
5199.789615198119,-0.5335412745472414,1.3879591586883495
5201.208879484676,-0.7779923599302014,1.4549564117242464
5202.628143771234,-1.581356136747372,1.5135706918673202
5204.0474080577915,-2.7942763600162843,1.5580507202065084
5205.46667234435,-2.821280887231535,1.556793311623313
5206.885936630907,-3.194282559505533,1.5525699953104688
5208.305200917465,-3.8488848548026087,1.54640058123069
5209.724465204023,-2.4729815876109864,1.5151725497469175
5211.143729490581,-1.4167744424959814,1.506138883228866
5212.562993777138,0.7963923409643767,1.4419880413198827
5213.982258063696,2.1323408460319895,1.4015981921564717
5215.401522350254,1.9179570175791705,1.3899234133316667
5216.820786636812,1.7809510884840325,1.391212575654531
5218.240050923369,1.6938291229222076,1.3820711543817636
5219.659315209927,1.859501347609915,1.3915168438196612
5221.078579496485,2.4399095287530237,1.3746953965700361
5222.497843783043,2.6843774984612194,1.3601980582839461
5223.9171080696005,1.5954023827207937,1.3975541804732212
5225.336372356158,0.6970599397931796,1.428447709421819
5226.755636642716,0.17885812423998537,1.426841248422162
5228.1749009292735,1.1015343203488461,1.3963630368105613
5229.594165215832,1.5753483250404345,1.3820876998792933
5231.013429502389,2.0812674657789954,1.3880626367919533
5232.432693788947,1.2866529869070176,1.4026298803423927
5233.851958075505,1.0742320944928343,1.3872309823044504
5235.271222362062,1.524591983579504,1.3646726589583562
5236.69048664862,1.0866779003091356,1.3565647096652491
5238.109750935178,1.2886459104225176,1.342042242102857
5239.529015221736,1.5111234635660526,1.3399697743291945
5240.948279508293,1.3359290730156275,1.3598551471664309
5242.367543794851,1.9456198428499007,1.3742866179012818
5243.78680808141,1.6531038523500072,1.384254784249272
5245.206072367967,1.2887481829900826,1.4037576519809154
5246.625336654524,-0.2707560328517049,1.3886878306738788
5248.0446009410825,-0.8037172897699083,1.401671472894302
5249.46386522764,0.021952601851221942,1.4068925339488547
5250.883129514198,0.3835940350861762,1.4134571091823724
5252.302393800755,0.782513624396449,1.3953642652874927
5253.721658087314,0.7517001806796095,1.3709478897891394
5255.140922373871,0.5408192615219187,1.375217312461547
5256.560186660429,0.12620696062881898,1.393056034445322
5257.979450946987,1.0355866264615736,1.3824248308106861
5259.398715233545,0.449172452683964,1.3961940155875414
5260.817979520102,-0.9610904100893523,1.438466906933343
5262.2372438066595,-1.3162675017968528,1.4579987573631927
5263.656508093218,-2.052083852891103,1.4823256460623393
5265.075772379776,-2.4506996624759223,1.4900746537680287
5266.495036666333,-2.0758057599868165,1.472353366817347
5267.914300952891,-2.8687117760178147,1.4777651139433092
5269.333565239449,-4.178864665479366,1.514133022324634
5270.752829526007,-2.1504257540554583,1.3897278322808746
5272.1720938125645,0.3553653680836364,1.3002420036028193
5273.591358099122,0.30882640740813816,1.3170549150078645
5275.01062238568,0.08369824656488412,1.3825362799146563
5276.429886672237,0.725734555652032,1.3869443137066164
5277.849150958796,0.34261007731388116,1.393238507204941
5279.268415245353,0.7964723572699031,1.3859965022003824
5280.687679531911,0.0,1.4055243454978672
5282.106943818469,-0.8583529480618921,1.4202822042063759
5283.526208105027,-0.26029516824911614,1.403251078113505
5284.945472391584,0.5608683840643547,1.3879261348673744
5286.364736678142,0.6313034154989641,1.3846024493563058
5287.7840009647,0.7493403330687638,1.3731157449842988
5289.203265251257,0.10001118503415274,1.3808759220892555
5290.622529537815,0.696713146144166,1.376949077392412
5292.041793824374,0.0,1.3783806292086263
5293.461058110931,0.5102881139221491,1.378327965019573
5294.880322397488,-0.11628188497393044,1.401488031580315
5296.2995866840465,-1.7430613503172765,1.4324004006692805
5297.718850970604,-1.714343460364776,1.4259007449317853
5299.138115257162,-0.7434740494597882,1.4114434514936463
5300.557379543719,0.08737248739524972,1.3850821085757992
5301.976643830278,0.7830239080938206,1.3600596087698176
5303.395908116835,0.38468917434073013,1.3607213667492852
5304.815172403393,-0.17368379951699442,1.3919154290804654
5306.234436689951,-0.31385832223915866,1.3940436589221872
5307.653700976509,-0.134868188204873,1.3852564025821843
5309.072965263066,-0.21975620114864647,1.376434383458553
5310.4922295496235,0.9381384434480102,1.3564862094173138
5311.911493836182,1.240578096333385,1.3491699732239901
5313.33075812274,0.5734587486779255,1.3674987433577386
5314.750022409297,0.36919675888015924,1.3751406249493217
5316.169286695855,-0.304780708956061,1.3929688781693983
5317.588550982413,0.10874778945597008,1.385246988821061
5319.007815268971,0.3817404527085344,1.3785267067027345
5320.4270795555285,0.020745914741549853,1.3936357880643513
5321.846343842086,-0.4966662548072378,1.384887542783168
5323.265608128644,0.24454796496365816,1.3707310518264357
5324.684872415201,-0.2120227027695627,1.3808714323300044
5326.10413670176,-1.3976726488110325,1.4108296004000587
5327.523400988317,-3.080223622737937,1.4483182477296461
5328.942665274875,-3.1994852227803827,1.4481685804039646
5330.361929561433,-1.129648274250438,1.4132817985503567
5331.781193847991,-0.605429768960347,1.390710568603355
5333.200458134548,-0.07827372333778193,1.3912988690360055
5334.619722421106,-0.8100376937135616,1.4001781243877003
5336.038986707664,-0.6818147284298908,1.4008958881710651
5337.458250994221,-0.934380046144704,1.4006326586360394
5338.877515280779,0.18191886810777902,1.3719656561183333
5340.296779567338,-0.8872446982861728,1.3784879691882839
5341.716043853895,-0.4464515310080266,1.3758147800331144
5343.135308140452,0.4544236045374319,1.3543102181478661
5344.5545724270105,-0.2858668664269395,1.3782897737095623
5345.973836713569,-1.5060344045330964,1.4024847219664354
5347.393101000126,-1.4987568488556668,1.3724257628097911
5348.812365286683,-0.8961033281359967,1.3396935670841144
5350.231629573242,0.03205735841541113,1.367563320798148
5351.650893859799,0.47975397010320897,1.3681990201337553
5353.070158146357,0.5087118974601026,1.3544282362707747
5354.489422432915,0.44197928398299346,1.3453312422783221
5355.908686719473,0.5543589963400635,1.3534090406422081
5357.32795100603,1.545633313632834,1.3481634151166968
5358.747215292588,1.4708201940080272,1.3434554193903179
5360.166479579146,1.203584225671733,1.3420061330141284
5361.585743865704,0.7251734272225292,1.3427428719119883
5363.005008152261,1.0551124518469646,1.3703464631500737
5364.424272438819,0.4309069068295397,1.3717716749658426
5365.843536725377,0.6149963687612914,1.3649474925229628
5367.262801011935,0.8389792570626948,1.359123283644636
5368.6820652984925,0.587287979151359,1.3775956071655857
5370.10132958505,-1.8043150776202523,1.4241487072938361
5371.520593871608,-2.1140563729295643,1.4302691517699917
5372.939858158165,-0.35037498468268247,1.3827362228532505
5374.359122444724,0.6829872615386297,1.3479602478845898
5375.778386731281,0.37409627049098226,1.3482390365814594
5377.197651017839,0.8347393009938191,1.3518990101806136
5378.616915304397,1.1013070181657731,1.3438411146096587
5380.036179590955,1.6796864015881283,1.3370108607406936
5381.455443877512,1.0208637229484445,1.3535029045299578
5382.87470816407,0.24663834367231985,1.3683196917639004
5384.293972450628,1.2382279575170347,1.3518723176070644
5385.713236737185,1.9080541334489958,1.336628924324737
5387.132501023743,1.9938205881363356,1.3325436411794507
5388.551765310302,1.1459827129426277,1.3490975855984029
5389.971029596859,0.5857624518566507,1.328459203349072
5391.390293883416,1.0295244422318017,1.321204809515032
5392.8095581699745,0.9195903978330655,1.3388003270616629
5394.228822456533,0.4869261434611598,1.2832499265056894
5395.64808674309,-1.4390461778777741,1.2948875391395624
5397.067351029647,-2.225503950421456,1.422026912491422
5398.486615316206,-0.6247343485483263,1.3980101996791314
5399.905879602763,0.9131322643056397,1.3574954006705504
5401.325143889321,0.9431377021562675,1.355692789661765
5402.744408175879,0.4580825419837975,1.368252440872577
5404.163672462437,-0.8831679195461106,1.395130404475048
5405.582936748994,-2.069547027926138,1.4275439098987266
5407.002201035552,-1.133039972466543,1.4171284334044754
5408.42146532211,-2.1466763065868086,1.4334830057414463
5409.840729608668,-2.657881738403275,1.4491720857705976
5411.259993895225,-1.250703951901917,1.4075548235737365
5412.679258181783,0.35915154492303536,1.3683280416954822
5414.098522468341,0.49773128195999483,1.3519931639576162
5415.517786754899,0.7601293605179489,1.3221943237483411
5416.9370510414565,2.1647693326628374,1.298344884067283
5418.356315328014,1.813058497884473,1.3026032826499647
5419.775579614572,0.6137941331749879,1.3469985002222997
5421.19484390113,0.5652278455293729,1.3425149404818286
5422.614108187688,1.2857181596425562,1.331085695714144
5424.033372474245,0.9615222432043957,1.341664260656576
5425.452636760803,0.18572200551045448,1.3036371452740565
5426.871901047361,0.15972904912247188,1.2939023839557318
5428.291165333919,-1.3199501934458038,1.3761802225175959
5429.710429620476,-1.9235693345321172,1.391630450750824
5431.129693907034,-1.9522412451807316,1.3908989783297945
5432.548958193592,-1.8206424178228833,1.4006542311770618
5433.968222480149,-2.593237623846031,1.410008939787582
5435.387486766707,-0.8000258858871057,1.375397911789366
5436.8067510532655,-0.28239095324049757,1.3506624684286248
5438.226015339823,-0.5356088964219516,1.3176065763393932
5439.64527962638,0.48457690870557535,1.294956974481593
5441.0645439129385,0.9518703171998961,1.2855969105879286
5442.483808199497,0.6130140270527598,1.334382137251905
5443.903072486054,-0.7806438036944581,1.3570383477272911
5445.322336772611,-2.022352404968893,1.3798966498463197
5446.74160105917,-2.2170284771377275,1.3981444301061339
5448.160865345727,-1.2832377726253306,1.3752398445378493
5449.580129632285,1.1158779392791658,1.32580178325022
5450.9993939188425,0.1646663939259252,1.3488526823900786
5452.418658205401,-0.08103024709945394,1.3560137389568556
5453.837922491958,-1.3462003724615066,1.3817468029180073
5455.257186778516,-1.71306015230833,1.371328560033413
5456.676451065074,-0.8017302226027638,1.2399497598812381
5458.095715351632,-0.7192762774792705,1.0832752778493198
5459.514979638189,-1.681776206857025,1.0537928800071594
5460.934243924747,-1.1746254666433202,1.1628848782918575
5462.353508211305,-0.17827385505962745,1.2641058606567095
5463.772772497863,0.0800327195364563,1.309747940122807
5465.19203678442,0.4529867727105117,1.318754836829621
5466.611301070978,0.799587639499487,1.3175369737802083
5468.030565357536,0.4166333348847395,1.331523941561709
5469.449829644094,-0.3755475857982358,1.3321556866974342
5470.869093930652,-0.04450720625627902,1.3222984696511908
5472.288358217209,1.80829952418242,1.3116102854753549
5473.707622503767,0.6080815899668242,1.3275920100157548
5475.1268867903245,1.3104606679212392,1.3131693266074633
5476.546151076883,1.0237019121269348,1.313128461903552
5477.96541536344,-0.11555965223015008,1.3267009273045662
5479.384679649998,0.18843985284218512,1.312829670150289
5480.803943936556,-0.09187237137480508,1.3078143670930373
5482.223208223114,0.12877166916926974,1.2967945272419652
5483.642472509671,0.30270570854409584,1.3029008024183184
5485.0617367962295,0.1813561399791599,1.3175431443033279
5486.481001082787,0.32619577732096694,1.3311744383755735
5487.900265369344,0.1304162693986708,1.3363583448502119
5489.319529655902,0.21742020093792824,1.3318989698201342
5490.738793942461,0.658274246161378,1.323201693100138
5492.158058229018,0.46677231143194575,1.3304972346901223
5493.577322515575,-0.10381981806759732,1.3504015274688523
5494.996586802134,-1.1123215232794461,1.3454495883007522
5496.415851088691,0.032323803541158824,1.312496599398414
5497.835115375249,-0.5081676557664601,1.3205643899355477
5499.2543796618065,0.06200171276208266,1.3303462523523182
5500.673643948365,0.08543259967201955,1.3354914615730713
5502.092908234922,-0.23153004292935542,1.3342620112508872
5503.51217252148,-0.12400650875246377,1.3155787293544767
5504.931436808038,-0.12112956110983397,1.3236304196204014
5506.350701094596,-0.45407969319757946,1.345429651451608
5507.769965381153,0.051181130751411175,1.333937034475428
5509.189229667711,0.0699047962516044,1.3269539450224679
5510.608493954269,-0.8268686548507649,1.333291516263702
5512.027758240827,-0.9770884475651602,1.3386965830859419
5513.447022527384,-1.3160460005058976,1.348008482172175
5514.866286813942,-0.6962698360510924,1.342237121735858
5516.2855511005,0.03381803277577866,1.3187701080807976
5517.704815387058,0.5516197618077818,1.312198075217323
5519.124079673616,-0.2343543099419314,1.3143069381035788
5520.543343960173,0.43244052341456296,1.321375389512012
5521.962608246731,0.7904868735025481,1.3205540478996032
5523.3818725332885,0.5522863784462277,1.319843715859211
5524.801136819847,0.4502586860176585,1.3132095652242741
5526.220401106404,0.5585560563917706,1.3128174415997813
5527.639665392962,1.0508287352080963,1.30454052826664
5529.05892967952,0.7167431427884985,1.3151343037361638
5530.478193966078,0.7761445707888619,1.3176575136917024
5531.897458252635,1.1814089150761227,1.3010067735582589
5533.3167225391935,0.028369391117678333,1.32114195732802
5534.735986825751,0.2241118459457745,1.3200483331929076
5536.155251112308,-0.5985460803034659,1.3428236060762548
5537.574515398866,-0.29982852794695525,1.3308135543901924
5538.993779685425,0.4861561890593311,1.3063304223713328
5540.413043971982,0.41419529091998264,1.2977812119355272
5541.832308258539,-0.3907072605624542,1.3071856569877411
5543.251572545098,-0.26873141809584133,1.3186380657290537
5544.670836831656,-0.5033944929598828,1.3307093824226381
5546.090101118213,0.19460219036183624,1.3175734720555332
5547.5093654047705,1.156451328399747,1.304084601163636
5548.928629691329,0.3469167016221082,1.3190531893633524
5550.347893977886,0.11869332174939373,1.3270427126715536
5551.767158264444,0.9659553031853623,1.3152269332067712
5553.186422551002,0.8095640310411305,1.3184067211938038
5554.60568683756,0.35808907008910396,1.3179903327615985
5556.024951124117,0.43622657707675927,1.3180731249180575
5557.4442154106755,0.05389437748965342,1.3306100354540686
5558.863479697233,0.6888636447315566,1.3166965972927287
5560.282743983791,0.5867892831968291,1.2938944430085537
5561.702008270348,-0.009613709753693911,1.2663105343334975
5563.121272556906,0.016513772583115482,1.2896549215667095
5564.540536843464,-0.6377820682331414,1.3321653716397013
5565.959801130022,-1.0419394496262875,1.3395551193213866
5567.37906541658,-1.296125374591405,1.3395501512200036
5568.798329703137,-0.2989052730029922,1.3016336725798223
5570.217593989695,1.2939475295483227,1.293318100389644
5571.6368582762525,0.3723587980628462,1.24060549056347
5573.056122562811,1.30424611354751,0.9800842958393572
5574.475386849368,-1.2426165399141702,0.6371711854892556
5575.894651135926,-6.035644672785239,0.5617836018276089
5577.313915422484,-0.5735210248370048,0.6779737960774908
5578.733179709042,2.6442092940646376,0.8592764692845948
5580.152443995599,0.58719509299371,1.1042801447388166
5581.5717082821575,-1.0164291746354746,1.2800972561380286
5582.990972568715,-0.8642172061106113,1.324258613402652
5584.410236855272,0.01635682024805618,1.3141201337650399
5585.82950114183,-0.8544393989901256,1.3244590786254589
5587.248765428389,-3.1005712848254348,1.3467439246019621
5588.668029714946,-3.680650651704152,1.3528276833786872
5590.087294001503,-2.980337961655005,1.3439581367469187
5591.506558288062,-2.1463230291246056,1.3486745797905717
5592.92582257462,-2.9935738326316663,1.382276684313416
5594.345086861177,-2.9730766218352773,1.363691474864349
5595.7643511477345,-2.244138615942653,1.3254342157326189
5597.183615434293,-2.355102183087583,1.3340648776742916
5598.60287972085,-2.6546426759731414,1.3631178085868532
5600.022144007408,-2.1001554047444895,1.3548607838835414
5601.441408293966,-1.2545039590852927,1.3186554532706545
5602.860672580524,-0.8115413052707634,1.2956946262572542
5604.279936867081,0.08201078242161763,1.2765077190954839
5605.6992011536395,0.5640598451794325,1.2658165012673448
5607.118465440197,0.2694035931793053,1.270929908932089
5608.537729726755,0.07123181240626053,1.2944582664577986
5609.956994013312,-0.29923922025332494,1.3099191391177996
5611.37625829987,1.1004190744966156,1.282543496585529
5612.795522586428,0.3388159743995711,1.2959836714352957
5614.214786872986,-0.8019022523787651,1.3121619258480335
5615.634051159544,-1.3257370709946432,1.3180157231427199
5617.053315446101,-1.4041306446799489,1.326121103396958
5618.472579732659,-1.7128797060591712,1.324941269653297
5619.891844019217,-1.5713483294461241,1.3008472495089967
5621.311108305775,-0.6682671715270931,1.2754277522345832
5622.730372592332,-0.04115602725968337,1.280074652826263
5624.14963687889,0.04281207302948786,1.2973054291767174
5625.568901165448,-0.11255350431281386,1.2948454644666152
5626.988165452006,-0.10712799492476144,1.2911568518221648
5628.407429738563,0.4240160109683089,1.2919934461434153
5629.8266940251215,-0.4869584792187158,1.2984025770505572
5631.245958311679,0.09522491695964597,1.2889523978745303
5632.665222598236,1.0714116932967084,1.26684294936104
5634.084486884794,0.673571248285251,1.2756952761973652
5635.503751171353,0.5070031496612781,1.2793036864750242
5636.92301545791,1.066752821415914,1.261814887893398
5638.342279744467,0.8568626580718135,1.2625624729281375
5639.761544031026,-0.311323762100546,1.2927798870521272
5641.180808317584,0.5855823302631347,1.2747815569898584
5642.600072604141,1.5133551932418285,1.2494219020343909
5644.0193368906985,0.13677082547065034,1.255842838137619
5645.438601177257,0.1755849659576203,1.2744937432625152
5646.857865463814,0.3091190994675266,1.2781922892062059
5648.277129750372,-0.11844161847944967,1.278126588842641
5649.69639403693,0.37525628069385064,1.267284180534202
5651.115658323488,0.7771476731253273,1.2657931259099153
5652.534922610045,-0.15863238325394313,1.2780986572792077
5653.9541868966035,-0.42191077381790976,1.281435982833366
5655.373451183161,0.6658750637604722,1.2652863332516269
5656.792715469719,0.08718814160309307,1.2751306157857492
5658.211979756276,0.7012108738262803,1.261476915224359
5659.631244042834,0.11690604410308936,1.255817045602712
5661.050508329392,-0.7471930414966881,1.2751568984236128
5662.46977261595,-0.018427428545633617,1.2657400426855634
5663.8890369025075,0.28358730314359626,1.2510661587394714
5665.308301189065,-0.658817619999672,1.2590950500918436
5666.727565475623,-0.5019468940684586,1.2478708397170861
5668.146829762181,-0.25007873710058526,1.2204063514948855
5669.566094048739,-0.08741732314653738,1.2039816165883932
5670.985358335296,0.6592561541326827,1.20871948981127
5672.404622621854,0.14820036179317597,1.2268171923282984
5673.823886908412,0.13611282363911492,1.2343775272569786
5675.24315119497,0.5299159188855853,1.229980972631946
5676.662415481527,-0.2656437013751187,1.2386209259009922
5678.081679768085,0.08629734091093333,1.2168993860469037
5679.500944054643,0.5794861703473959,1.190517118473581
5680.920208341201,-0.050566313152859976,1.1676169820387317
5682.339472627758,-0.574232138773624,1.1614906864574515
5683.758736914317,-0.8891998625963193,1.1543366864576736
5685.178001200874,-0.6600229547710512,1.1420308736674556
5686.597265487431,-0.4030490987240736,1.123028928979137
5688.0165297739895,-0.7970449912163016,1.1382465002594813
5689.435794060548,1.190491297230965,1.1283827198464949
5690.855058347105,0.7277799228343866,1.1546910212303942
5692.274322633662,0.04072169970117834,1.1773596347681632
5693.693586920221,0.3534326061138948,1.191054368403497
5695.112851206778,0.0024048011470156894,1.1970179127926612
5696.532115493336,-0.7703169535421193,1.2092417806083025
5697.951379779894,-0.8810345079466693,1.2172430457264993
5699.370644066452,-1.0065814454555078,1.2329041608534286
5700.789908353009,-0.7557439051094406,1.2383747081505962
5702.209172639567,0.21047025318649837,1.2224244539884974
5703.628436926125,1.3023267500619795,1.190801048700956
5705.047701212683,-0.5252734923186999,1.2172474052853894
5706.46696549924,-0.058894086343705965,1.2322792182264493
5707.886229785798,0.11446992174315085,1.233606628525927
5709.305494072356,-0.721816245366087,1.2310828566675465
5710.724758358914,0.01815893825713566,1.2048750240885884
5712.1440226454715,0.8171869808609777,1.2074711693654572
5713.563286932029,-0.5188025557251983,1.2417276459762105
5714.982551218587,0.21488530491714286,1.2342963639781956
5716.401815505145,0.4402684858226493,1.2260418078166249
5717.821079791703,-0.239894735919016,1.2409503928109948
5719.24034407826,-0.10095205860563006,1.2428775360683606
5720.659608364818,-0.23825224800137157,1.231005171787943
5722.078872651376,0.92057269900201,1.1987689146272285
5723.498136937934,0.08566133263261122,1.2231529320549075
5724.917401224491,-0.8808797992942363,1.253649159865768
5726.336665511049,0.05830243880328645,1.2446827486405891
5727.755929797607,0.0026434275923321593,1.2432599408557767
5729.175194084165,0.0413371624589054,1.229110109875949
5730.594458370722,0.48442901553368856,1.2184893857627515
5732.013722657281,1.154416508976773,1.2129434258731324
5733.432986943838,0.5626443306124091,1.2203888680870634
5734.852251230395,0.829409572133871,1.2233495540216162
5736.2715155169535,0.8824754876925152,1.2231997558964844
5737.690779803512,1.1318795281345597,1.217179831504524
5739.110044090069,1.2495941053876862,1.2122541269004334
5740.529308376626,0.2702733814407008,1.2315327904626487
5741.948572663185,-0.07265115927487287,1.2325182462429167
5743.367836949743,1.0439344771670402,1.2171435399701973
5744.7871012363,0.45048163086355864,1.2082862701996362
5746.206365522858,0.5640787384373915,1.2020391946628817
5747.625629809416,0.0,1.2095745091314045
5749.044894095973,-0.5716167147268756,1.2324552390268684
5750.464158382531,0.07808533447594534,1.220663186243367
5751.883422669089,0.5338136655645123,1.2111695703072818
5753.302686955647,0.3977919900599449,1.212094493609829
5754.721951242204,0.6715452723523523,1.2082997507732542
5756.141215528763,0.9237016781050116,1.1986337961445985
5757.56047981532,1.3983489053452445,1.1941610176029838
5758.979744101878,0.5079237923298443,1.1986031659666534
5760.3990083884355,0.30084661562023385,1.2003203730875536
5761.818272674993,0.6008799252222534,1.194830844783373
5763.237536961551,0.665073921184149,1.1777181379259634
5764.656801248109,-0.27788929688070496,1.173862560940112
5766.076065534667,-0.031802941278211705,1.1017548826014267
5767.495329821224,1.7997648156234227,1.0594293356274982
5768.914594107782,0.3404387422987316,1.100147195920661
5770.33385839434,0.4863687924202953,1.1404565384067136
5771.753122680898,0.575774801649418,1.1659677746675372
5773.172386967455,-0.15004610145082609,1.17923152671019
5774.591651254013,0.4219516275782009,1.1757574794633046
5776.010915540571,0.2662836641454813,1.1840364444723286
5777.430179827129,-0.7604900399616454,1.193200310909932
5778.849444113686,0.0015081843342166223,1.1690318774793023
5780.268708400245,0.8793278912542881,1.1534899428877061
5781.687972686802,0.56672034672129,1.1649630909705668
5783.107236973359,1.7101464831066302,1.1498707128111076
5784.5265012599175,0.7292966477613518,1.1464668378182636
5785.945765546476,1.0376439670617685,1.1103165809244353
5787.365029833033,0.02586145570924181,1.084296776871583
5788.78429411959,-0.7106030588483652,1.0629243732941072
5790.203558406149,0.06261028842883753,1.0782598072948901
5791.622822692707,0.8052797549305275,1.101378922488056
5793.042086979264,1.023393808479156,1.1203395347701393
5794.461351265822,0.8909752850309154,1.1314129564314834
5795.88061555238,0.660212729858145,1.1327115750521457
5797.299879838937,0.27905639848562913,1.1389973751613438
5798.719144125495,0.048341452243352734,1.139893651005388
5800.138408412053,1.1014798627287785,1.1270343116225146
5801.557672698611,0.28585685263061045,1.11899000761648
5802.976936985168,-0.02038565464689235,1.1272810083571394
5804.396201271727,-0.1551268406384736,1.1240198242280377
5805.815465558284,-1.382353070729586,1.1368726155671212
5807.234729844842,0.14449879962875656,1.1260269304153718
5808.6539941313995,-0.572558952867217,1.1197787423274763
5810.073258417957,-1.0446477234302183,1.123659666150935
5811.492522704515,-0.4329125074808875,1.1167311743924226
5812.911786991073,0.04924488479923461,1.1486240728422947
5814.331051277631,-0.1372060109992841,1.1886124012906902
5815.750315564188,0.27204257586798164,1.1842745445515102
5817.169579850746,0.6217129354384952,1.1756733196266183
5818.5888441373045,0.13735090302286146,1.1777825794845032
5820.008108423862,-0.042476375750821305,1.1849194166340733
5821.427372710419,-0.7858279055157951,1.1948450868308074
5822.846636996977,-0.4480338415410401,1.1925884802038282
5824.265901283535,1.2938813950255277,1.179079808217932
5825.685165570093,-0.18814258438002085,1.1910820070799497
5827.10442985665,-0.7762796429155827,1.1969280120443306
5828.523694143209,0.20294728796323724,1.1885069097296521
5829.942958429766,-0.0004981840525832837,1.185708280375767
5831.362222716323,0.4920991993948842,1.1818683173344595
5832.7814870028815,-0.09712174766460535,1.189306023015124
5834.20075128944,-0.8998414539836244,1.2041442450906235
5835.620015575997,-0.35249031515578366,1.1961100460605287
5837.039279862554,-0.2647495150232064,1.1908647557910021
5838.458544149113,-0.3177286121524663,1.182471741619382
5839.877808435671,0.22390095694583856,1.170684082755353
5841.297072722228,0.6082670005494943,1.1713290634696911
5842.716337008786,1.1640833733371991,1.1792094669989068
5844.135601295344,0.6457834350126568,1.1873293606579152
5845.554865581901,1.0500241941325754,1.1823595036463006
5846.974129868459,1.3214250441739406,1.1783544616737354
5848.393394155017,1.1300659182611863,1.1844631540187747
5849.812658441575,1.0084261286389875,1.1838006740968294
5851.231922728132,0.045694492407285736,1.200241731664411
5852.651187014691,-0.8506524330602279,1.2110915183872737
5854.070451301248,-0.8982262693444891,1.2186507065419543
5855.489715587806,-2.246560379541684,1.2300522942270016
5856.9089798743635,-3.7881235005700766,1.2437428333035268
5858.328244160921,-2.45494606757139,1.2407799502030943
5859.747508447479,-1.272241467247012,1.230768122880019
5861.166772734037,-0.4628954192418959,1.219025892805648
5862.586037020595,-0.04923410150677654,1.1916438951218344
5864.005301307152,-0.7329585455807877,1.1796990424037161
5865.42456559371,-1.1408513333854646,1.178217586515998
5866.8438298802685,-1.0417379023811915,1.2024039145812475
5868.263094166826,-0.8134323780202308,1.2273612969534888
5869.682358453383,-0.8076325810765503,1.2372018779548946
5871.101622739941,-1.4433694644005506,1.2128127314105224
5872.520887026499,-1.867825915130675,1.203810045686716
5873.940151313057,-2.2127193301603665,1.256302055944123
5875.359415599614,-2.299482382724415,1.2892628974444293
5876.7786798861725,-2.618789377781189,1.2996585930261184
5878.19794417273,-4.091282983680385,1.3254035999990734
5879.617208459288,-4.890243078886774,1.3374587920726866
5881.0364727458455,-4.408495101261112,1.3439993494129923
5882.455737032404,-6.548001455299854,1.3593304375520738
5883.875001318961,-8.711787158357447,1.3397425537250196
5885.294265605518,-10.345281273786957,1.2059909198796481
5886.713529892077,-12.526365001702576,1.003505968325519
5888.132794178635,-13.882734597097839,0.901369399450677
5889.552058465192,-13.449377437191087,1.0226865188024103
5890.9713227517495,-13.124286940543813,1.1807054142877318
5892.390587038308,-13.160679348038157,1.0890329509816685
5893.809851324865,-13.396166022719477,0.9685998414820566
5895.229115611423,-14.115840548345304,1.066723594886588
5896.648379897981,-13.845240186289548,1.303468045624305
5898.067644184539,-11.771803517421091,1.4341121776754353
5899.486908471096,-9.974178939009292,1.4434906920660973
5900.9061727576545,-7.909375841772191,1.400766841335654
5902.325437044212,-6.161438245620195,1.3617031599352285
5903.74470133077,-5.280256902144522,1.3402747674635027
5905.163965617327,-4.020811733772117,1.3265092811643926
5906.583229903885,-3.550921946286982,1.3290299164727164
5908.002494190443,-2.8500219924404497,1.324101339749521
5909.421758477001,-2.3207323055256026,1.3205986313095375
5910.841022763559,-3.011258742053805,1.3035094733221944
5912.260287050116,-1.7867874263165966,1.2638023214294805
5913.679551336674,-2.652587618397119,1.2619443998000905
5915.098815623232,-1.8944891256112104,1.2836825160152294
5916.51807990979,-1.035742485387507,1.2991182496520532
5917.937344196347,-0.8373122289935537,1.2981671868240598
5919.356608482905,-0.385455480811256,1.2889406953463889
5920.775872769463,-0.16432266814167562,1.27942150216263
5922.195137056021,-0.8194138751967799,1.276473891280335
5923.614401342578,-0.3585377632976936,1.2612883312011993
5925.0336656291365,-0.03374421066324196,1.2699654099039868
5926.452929915694,-0.3627543481705864,1.2886510264641147
5927.872194202252,-0.652895233992691,1.2862886992414204
5929.291458488809,-0.8152931690589504,1.257716492947979
5930.710722775368,-0.5101758773865441,1.2251393904523438
5932.129987061925,0.27730816120831214,1.2233028819189968
5933.549251348482,-0.21403772520288733,1.2296855223801924
5934.968515635041,-0.4584227277586095,1.2029024925366243
5936.387779921599,0.11994714572755427,1.181570207651825
5937.807044208156,-0.4184847037055217,1.2208078025581377
5939.2263084947135,-0.12582908471373067,1.2718193197333814
5940.645572781272,0.13021181186994824,1.2821589571833296
5942.06483706783,-0.8750130700169372,1.2765933822322884
5943.484101354387,-0.6193132204093335,1.264129338583769
5944.903365640945,0.9009741447900712,1.2560776080167178
5946.322629927503,0.39785397795998456,1.2710505372195884
5947.74189421406,-0.3310161563240097,1.28259209625131
5949.1611585006185,-0.4084479658133908,1.27596445301445
5950.580422787176,-0.3682734625850692,1.2431412269903674
5951.999687073734,-0.4634643864157546,1.2427922735663741
5953.418951360291,0.1691780312277693,1.2576563674970644
5954.83821564685,0.5020055924577065,1.2704082779794645
5956.257479933407,0.03959566077790555,1.269969905897694
5957.676744219965,-0.7529316747022747,1.2651410710854663
5959.096008506523,-0.7474199652041893,1.2641976149661365
5960.51527279308,0.045756742873244605,1.2780710943433722
5961.934537079638,0.39747832512563974,1.2659072948372532
5963.353801366196,0.14093022573500846,1.2672930768970927
5964.773065652754,-0.4110826191607089,1.2766895082119707
5966.192329939311,-0.9431019675520478,1.2797834929160357
5967.611594225869,-0.3037532601261983,1.2703650960861217
5969.030858512427,0.10329002014970712,1.2643744053484005
5970.450122798985,-0.6725246041036055,1.2814673001350363
5971.869387085542,-0.8698032604106363,1.2890371365778188
5973.2886513721005,-0.33134537817538323,1.2739916994424851
5974.707915658658,0.3014626289318656,1.2599128294890645
5976.127179945216,-0.155852622163561,1.2675588132494964
5977.546444231773,-0.03102992442060426,1.2777699036455765
5978.965708518332,0.0582316139076795,1.2836281938207588
5980.384972804889,-0.14833527926114698,1.2913266768638278
5981.804237091446,0.0939121835171619,1.2862791450195394
5983.223501378005,0.0,1.2790121903533456
5984.642765664563,-0.6527121580038706,1.293846114917235
5986.06202995112,-0.30197954208420086,1.296719727141042
5987.4812942376775,0.005466490311061278,1.293853590844045
5988.900558524236,0.44990200204580333,1.2870964292514455
5990.319822810794,0.133208196084329,1.286847307597125
5991.739087097351,-0.17841091689378885,1.2851706520187776
5993.158351383909,0.49602512958983525,1.274704725068864
5994.577615670467,0.36970871222192514,1.2817230948225056
5995.996879957024,-0.0719395065660926,1.28636997959123
5997.4161442435825,0.7513090056696683,1.2871727998646485
5998.83540853014,-0.16996462185424122,1.2965996292547577
6000.254672816698,-0.8321736039490712,1.2996893864628816
6001.673937103255,0.5154229238711174,1.2941729213724609
6003.093201389814,0.6833737641996294,1.2935182743444227
6004.512465676371,0.611654558776543,1.3004537415976165
6005.931729962929,0.7820372012260179,1.3046275329901489
6007.350994249487,0.37501529343829176,1.306375682527238
6008.770258536044,0.1295761223624723,1.3066293075380693
6010.189522822602,0.21236760481525963,1.3031498582665484
6011.60878710916,-0.0046563282388341065,1.3042228941076661
6013.028051395718,-0.08005422713315014,1.2938425520044552
6014.447315682275,-0.7621717789823172,1.3007931717857022
6015.866579968833,-0.24477608057892297,1.2967664998439712
6017.285844255392,-0.03283066334924456,1.2521905117130754
6018.705108541949,-0.1291005556527125,1.2041271108147242
6020.124372828506,0.30856833744309853,1.2536080767066269
6021.5436371150645,0.8977430038711454,1.2940832153570507
6022.962901401622,1.3718951594934765,1.2960139313626524
6024.38216568818,0.45710833991854827,1.3065139800429928
6025.801429974737,0.5906459596034459,1.3089906344230788
6027.220694261296,0.722296831997685,1.3115560548636989
6028.639958547853,0.002637043777106385,1.3191823740306823
6030.05922283441,0.0440854020178314,1.3129285395548798
6031.478487120969,0.8189159910215409,1.3006753188962554
6032.897751407527,1.2331278768366936,1.303123618099123
6034.317015694084,0.5278127438996449,1.3185123758881045
6035.7362799806415,-0.002637043777106385,1.3225663595844028
6037.1555442672,1.3604362401376768,1.3088737681895486
6038.574808553758,0.4084471319671259,1.321180346502044
6039.994072840315,-0.43479683015391757,1.3250871494490186
6041.413337126873,0.6651712216691408,1.31183630026246
6042.832601413431,0.8914737803977175,1.308011216165442
6044.251865699988,0.890898263853316,1.3117778325890381
6045.6711299865465,0.9645716251180971,1.3113205430428037
6047.090394273104,0.3910729619872235,1.3195221721806785
6048.509658559662,0.45028392696717034,1.3290892200935056
6049.928922846219,0.8529230345485423,1.3198459042409227
6051.348187132777,0.7138006837185245,1.3246757387584278
6052.767451419335,1.1509379333741805,1.3196881807446803
6054.186715705893,0.44944711625070255,1.3299641640673736
6055.605979992451,0.9684901306504514,1.321312226270818
6057.025244279008,1.1432434403082823,1.3238985932631757
6058.444508565566,0.4125230029539253,1.3315420144463292
6059.863772852124,0.00018971496870179294,1.3359111459373159
6061.283037138682,0.3719864909252202,1.3335530813503154
6062.702301425239,0.8088332593155414,1.334272820818175
6064.121565711797,0.327761656021508,1.3303548005539356
6065.540829998356,0.6408093988130545,1.3251653821798322
6066.960094284913,1.2539058030966288,1.3212965468297253
6068.37935857147,1.1150030068301149,1.3319443987107886
6069.7986228580285,0.9644858960650282,1.3298674421778398
6071.217887144587,0.9108950900157815,1.3302372137585439
6072.637151431144,1.0517461316747223,1.3236193433142867
6074.056415717701,1.144508918518497,1.3284660768230374
6075.47568000426,0.7969280704829345,1.341913387560853
6076.894944290817,0.7096842734624005,1.337318288990908
6078.314208577374,1.2883904554365202,1.335669911311961
6079.733472863933,0.38851232718746687,1.3405117217360818
6081.152737150491,0.7066498388503746,1.341218471383668
6082.572001437048,0.6465239370927556,1.3417167125132543
6083.9912657236055,0.25401374264151855,1.3554473227689336
6085.410530010164,0.28127744886526784,1.357762884921137
6086.829794296722,0.20152022630462696,1.3600879956677834
6088.249058583279,-0.05458583376803716,1.3618170782885968
6089.668322869837,0.0499759449203836,1.3579925621047961
6091.087587156395,0.07189922419759753,1.3547413634016081
6092.506851442953,0.6158066559408546,1.3437800469663825
6093.9261157295105,1.3365556177606557,1.336893674676903
6095.345380016068,0.7320071428787323,1.3414678787058565
6096.764644302626,-0.019497102620722018,1.3462655506353285
6098.183908589184,0.19848246910006395,1.355147638899428
6099.603172875741,-1.572655303172974,1.3963799013577087
6101.022437162299,-4.585723230888588,1.458694321849886
6102.441701448857,-5.494819109885281,1.4778512971738904
6103.8609657354145,-3.6688065372834675,1.4388582889389467
6105.280230021972,-1.4701302391815094,1.393069950522875
6106.69949430853,-0.3591270412529255,1.3677067717464944
6108.118758595088,-0.40612850347943663,1.3660692965932286
6109.538022881646,0.05051151746048177,1.3615491644022897
6110.957287168203,0.3330382298265526,1.3554029280894415
6112.376551454761,0.09107182681137616,1.35718118859749
6113.7958157413195,0.1012651783077203,1.359168511849845
6115.215080027877,-0.5439488040493092,1.3686199779369272
6116.634344314434,-1.413848693135769,1.3791904195756672
6118.053608600992,-2.362744371177694,1.3995356957228766
6119.472872887551,-4.359058291361061,1.4509336897236687
6120.892137174108,-7.1838260657994795,1.5195126142864244
6122.311401460665,-8.046532679572211,1.5393898350350061
6123.730665747224,-6.190873988974197,1.4888566854951901
6125.149930033781,-3.6120199401698443,1.4191193990932442
6126.569194320338,-1.4872188656346825,1.376703545067831
6127.9884586068965,-0.39626861254524215,1.361142594621299
6129.407722893455,-0.2673977168553616,1.3590343245930832
6130.826987180012,-0.31242006623056895,1.3564911569352773
6132.246251466569,-0.172214881025198,1.3527496607537701
6133.665515753128,0.041005228318852005,1.3415795274062265
6135.084780039686,0.321138335552547,1.3249048200812275
6136.504044326243,-0.13868129707427101,1.3155326391227817
6137.923308612801,0.33616588979815276,1.312162298241557
6139.342572899359,0.6976799464457599,1.3089460216028133
6140.761837185917,0.08115760817042172,1.3186501445998273
6142.181101472474,-0.04239106898516454,1.3144019424348334
6143.600365759032,0.28898216361321793,1.3118188456117212
6145.01963004559,0.3572779627377116,1.325517054824235
6146.438894332148,0.4886504303468371,1.327846965587342
6147.858158618706,0.21023404818413738,1.3291426131856527
6149.277422905263,-0.10819762140391553,1.3232992945968856
6150.696687191821,0.3790094968085853,1.299621264896206
6152.1159514783785,0.9636251553689164,1.2825502571564538
6153.535215764936,0.604991723262895,1.289889377262461
6154.954480051494,-0.45098103087544494,1.3163204899665166
6156.373744338052,-1.8408520869256275,1.3393940661183752
6157.79300862461,-3.2452237534741393,1.3583901522631003
6159.212272911167,-4.999833719376472,1.3860649011692199
6160.631537197725,-7.689961866860907,1.4529338681490667
6162.0508014842835,-9.656421963595745,1.5175564458711917
6163.470065770841,-8.360708642170543,1.5148864153060422
6164.889330057398,-5.9693948184556245,1.4659915669809047
6166.308594343956,-4.483469492717445,1.416746722388716
6167.727858630515,-3.9020328286853285,1.3842605393714977
6169.147122917072,-4.098600113657426,1.3871469772057758
6170.566387203629,-3.7858136353023735,1.394149590997764
6171.985651490188,-1.7934192301828062,1.3768131921336413
6173.404915776745,-0.6337746552451033,1.35504352407452
6174.824180063302,-0.3020026390507695,1.3438866965937486
6176.2434443498605,0.5712841097297918,1.3361747817451302
6177.662708636419,1.079616843850765,1.332725160684398
6179.081972922976,1.0937282912711357,1.3291915662949083
6180.501237209533,1.0783629247394018,1.3279798006899017
6181.920501496092,0.689590368391034,1.3371347153785544
6183.33976578265,0.522577813223231,1.3405989055330478
6184.759030069207,0.8249810002004878,1.3398692089607491
6186.178294355765,0.7873976764609836,1.341670345242833
6187.597558642323,0.6807390740129087,1.3422853146968678
6189.016822928881,0.33826910495101004,1.3407294293691951
6190.436087215438,0.1536139187914518,1.3364111061672865
6191.855351501996,0.10278520560816773,1.3398312649852973
6193.274615788554,-0.07487714311534077,1.349629937060532
6194.693880075112,0.32157515767669587,1.3456427573251415
6196.11314436167,0.9663692294802537,1.3368574806082165
6197.532408648227,0.8659184767955317,1.3454935573624214
6198.951672934785,0.3811419111820715,1.3470948347090739
6200.3709372213425,0.5463494915932348,1.3342396540265788
6201.7902015079,1.07666588445111,1.3202610487835473
6203.209465794458,0.9540746282518704,1.3206494484911937
6204.628730081016,0.6545198542817126,1.3276266103749965
6206.047994367574,0.9586564367478854,1.3316282737889258
6207.467258654131,0.9433583238998757,1.3440152985298368
6208.886522940689,0.26095145746357673,1.3631650292100808
6210.3057872272475,0.050798534325290134,1.3687107226258275
6211.725051513805,0.5364890247062117,1.3579371942605343
6213.144315800362,0.5519772455628704,1.3525413715089631
6214.56358008692,-0.47335194823562254,1.35921711719654
6215.982844373479,-0.515181908624319,1.3670976607671412
6217.402108660036,0.613397343297791,1.358644700813344
6218.821372946593,0.5451727457800448,1.346753591981826
6220.240637233152,-0.10306347776860214,1.3513667542553316
6221.65990151971,0.019006152460473658,1.3693937185199219
6223.079165806266,0.3972893569785789,1.3911687032543083
6224.4984300928245,0.14633356722011825,1.4050381693461758
6225.917694379383,-0.06911083753709413,1.4055626252889044
6227.33695866594,0.28481931484473577,1.3967622587570516
6228.756222952497,-0.2112096484831376,1.4072960160232288
6230.175487239056,-1.5038080127953268,1.4088964696082986
6231.594751525614,-1.145830869268723,1.3574746350883742
6233.014015812171,0.3506334373850315,1.3022500324037767
6234.433280098729,-0.006978896375340327,1.3024725468086218
6235.852544385287,-0.8910815835311645,1.342563627061466
6237.271808671845,-0.8871538336298297,1.3710539983436214
6238.691072958402,-0.6932375964990101,1.383622499277132
6240.11033724496,-1.1794942998618794,1.407652589739681
6241.529601531518,-1.211137542139486,1.4192486143879328
6242.948865818076,-1.210238786266748,1.4269244941990906
6244.368130104634,-0.4247572074295789,1.4076434203380332
6245.787394391191,0.7332469641191004,1.4111779533522375
6247.206658677749,0.6922447908938398,1.4212630636281842
6248.6259229643065,-0.7778548607876239,1.448454734976418
6250.045187250864,-1.2997688951333277,1.4659525143408
6251.464451537422,-0.5984869824799883,1.4556333484058905
6252.88371582398,-1.0919810501374254,1.4321705485630534
6254.302980110538,-1.8606735597691166,1.3885458524101324
6255.722244397095,-1.3067907180196716,1.3390843156482104
6257.141508683653,-1.3318352906571373,1.3551666298936211
6258.5607729702115,-2.9090535110744966,1.431887042320464
6259.980037256769,-2.7586391588436197,1.5057234730958116
6261.399301543326,-1.6436219925209503,1.4640013221660493
6262.818565829884,-0.5126091555267678,1.4212454348271515
6264.237830116443,-0.11594870731058826,1.4080313564391258
6265.657094403,-1.2709920609989034,1.4532837856506682
6267.076358689557,0.12289764366986411,1.4467404459906401
6268.495622976116,-0.2378438520172388,1.4590762442828105
6269.914887262674,-0.59140157718587,1.4748793169733705
6271.334151549231,0.0,1.461965194380866
6272.7534158357885,0.37200915488496555,1.4477073915640684
6274.172680122347,-0.9688183394809204,1.4634506290428975
6275.591944408904,-1.3124762904223832,1.4751721823396924
6277.011208695461,-0.3317218886959594,1.4721361272617726
6278.43047298202,0.22619886908240616,1.465521826781345
6279.849737268578,-0.36716637886247305,1.4830969594800432
6281.269001555135,-0.6701655963710724,1.4853124391787162
6282.688265841693,0.38983431593493023,1.44113779075268
6284.107530128251,-1.4124835928329826,1.4123777366229424
6285.526794414809,-0.8699812651083505,1.3863789880576787
6286.946058701366,0.4986768646621087,1.395035102735306
6288.365322987924,0.42917041967155356,1.4341820383151023
6289.784587274482,-0.22865096932888562,1.4633781223244082
6291.20385156104,-0.7365279021280813,1.4752342139963874
6292.623115847598,-1.1348561619565949,1.4596611939029858
6294.042380134155,0.13328166121106655,1.3313665089296545
6295.461644420713,-0.6582624096340606,1.0680875679841206
6296.880908707271,-2.7927769402649023,0.8288757319050855
6298.300172993828,-0.514923856094196,0.7561192926352693
6299.719437280386,2.1843830491882077,0.8536428246464728
6301.138701566944,0.9188871799868572,1.080678324552179
6302.557965853502,-0.3895236737880854,1.2537755946953217
6303.977230140059,-0.23610313722300802,1.3132947879948433
6305.396494426617,-0.5065097710131674,1.3455391698082493
6306.8157587131755,-0.7104635891584419,1.3920478235604332
6308.235022999733,-0.4171530945134627,1.4403975170533732
6309.65428728629,-0.30621210727135484,1.4590691608471593
6311.073551572848,-0.3732157584943696,1.4689334109161876
6312.492815859407,-0.38864890144730957,1.4721649687190193
6313.912080145964,-0.31640867031703657,1.4720303999917417
6315.331344432521,-0.4839248584839524,1.4741337267513832
6316.7506087190795,-0.7060152435850515,1.4637918019917107
6318.169873005638,-0.32221048093751214,1.4251055930874308
6319.589137292195,0.38924029947823513,1.395624600754495
6321.0084015787525,1.0496341006722734,1.4117097448407732
6322.427665865311,0.6188332020701726,1.4367834324816227
6323.846930151868,0.21851847907368693,1.4474678118961979
6325.266194438425,0.9269496727964857,1.4065597070176086
6326.685458724984,1.2204835411446986,1.3332843130807608
6328.104723011542,0.6648879514580806,1.2977304856771286
6329.523987298099,1.0268406670463772,1.3341649743958837
6330.9432515846565,0.9707313869536485,1.4078123770245081
6332.362515871215,0.5422557923730569,1.4335282155959108
6333.781780157773,0.8554624015329537,1.428752056555638
6335.20104444433,1.0477821650300623,1.4320065041257553
6336.620308730888,1.0927915939756367,1.437604261250457
6338.039573017446,0.9871386187418079,1.435708743929237
6339.458837304004,1.324028876850921,1.4260832090562061
6340.8781015905615,1.877560573036341,1.412124135145164
6342.297365877119,2.0768672868180325,1.405162367734455
6343.716630163677,2.1795740625885536,1.401868649424076
6345.135894450235,2.189779305293019,1.393753535951376
6346.555158736793,3.071813308860431,1.3697533166287879
6347.97442302335,3.16378508099271,1.3743669485249292
6349.393687309908,2.4539409769087754,1.3984184952623142
6350.812951596466,2.175979449717037,1.4052172091738773
6352.232215883023,1.3269824073180576,1.3956319233868961
6353.651480169581,0.5833964765091828,1.3922763330902117
6355.070744456139,-0.542466287833534,1.4204493571557437
6356.490008742697,-0.6172639728410321,1.4426640824867212
6357.909273029254,0.2963959151368787,1.4072896569752342
6359.328537315812,-1.151597851655369,1.2755780904422849
6360.747801602371,-2.4113101120687457,1.110098750219456
6362.167065888928,-1.148824821425979,1.0731568979034034
6363.586330175485,-1.1010558139407376,1.2173133291028553
6365.0055944620435,-2.4377557908548706,1.427139350078832
6366.424858748602,-3.5787872635011357,1.5519873738947474
6367.844123035159,-3.8937699620257007,1.5753131304413008
6369.263387321716,-3.9103035729702924,1.5809284624217739
6370.682651608275,-3.997322430898624,1.5828989537929141
6372.101915894832,-3.8059202863573898,1.5794856154565875
6373.521180181389,-5.059596642446676,1.602230227809168
6374.940444467948,-5.360105853438357,1.612922075706705
6376.359708754506,-5.274639028658489,1.6042262362762094
6377.778973041063,-6.837258328993166,1.6457834285548971
6379.1982373276205,-7.697782321292239,1.6864275543928517
6380.617501614179,-7.899924075261133,1.7023353237104435
6382.036765900737,-7.737318086704383,1.672462552129683
6383.456030187294,-7.217220437947208,1.6256375310012967
6384.875294473852,-6.919089409778018,1.6158674322485247
6386.29455876041,-7.591054636058289,1.6734970033213652
6387.713823046968,-8.677858435199099,1.7325783190793753
6389.1330873335255,-8.08476519286188,1.7344195666138378
6390.552351620083,-6.878061569717026,1.6884140073416352
6391.971615906641,-5.988950540486135,1.657329454522176
6393.390880193199,-5.433686658942305,1.6351370557543785
6394.810144479757,-4.792422350282198,1.6156991482445462
6396.229408766314,-3.987150409069672,1.591867002798631
6397.648673052872,-3.896633255438859,1.5802127267568986
6399.06793733943,-4.3310211544007,1.5752803230652015
6400.487201625987,-4.236460398571152,1.5569062118972032
6401.906465912545,-3.629291437703632,1.5401120865247289
6403.325730199103,-3.0547960365223403,1.5370456586910963
6404.744994485661,-2.4868705182196624,1.5310453875722458
6406.164258772218,-1.693652260589067,1.5188096744598878
6407.583523058776,-1.3672265821073744,1.511873428069276
6409.002787345335,-1.6029505355548679,1.5066702997384975
6410.422051631892,-1.36206421559125,1.486969560317918
6411.841315918449,-1.0378394472081993,1.476106825569215
6413.2605802050075,-1.3023132363556993,1.491535519145192
6414.679844491566,-1.4678219458591926,1.5032540501639735
6416.099108778123,-1.0158182784209178,1.4915645434375866
6417.51837306468,-1.4360534414534598,1.4900903504405258
6418.937637351239,-1.0698622320052529,1.482169058055522
6420.356901637797,0.05123550243291142,1.4596658138427665
6421.776165924353,0.3455887492536007,1.4518905904404518
6423.195430210912,0.11199390726460123,1.4598225723523466
6424.61469449747,0.3203637945152149,1.460354970313532
6426.033958784027,0.13354474656667037,1.4677220892678373
6427.4532230705845,0.04734633042650138,1.4599263011750754
6428.872487357143,0.244223213889466,1.462024519513646
6430.291751643701,0.06478208294716303,1.4645026102778333
6431.711015930258,-0.33446729027750877,1.4548216511894478
6433.130280216816,-0.08782678861081727,1.4463344013200141
6434.549544503374,-0.2166567735314242,1.4580390940081456
6435.968808789932,-1.5274721578240236,1.502932791513769
6437.3880730764895,-3.2878484454970778,1.5576348596507759
6438.807337363047,-4.330717989431285,1.5828398953069354
6440.226601649605,-3.5097724708691835,1.557460805916108
6441.645865936163,-0.9634016678253765,1.4915562111186211
6443.065130222721,0.9543333809521695,1.4381833122872407
6444.484394509278,1.7054670906204343,1.420185265901419
6445.903658795836,1.080748864225562,1.4222570346369547
6447.322923082394,-0.08697067454573393,1.445351176909215
6448.742187368951,-1.0770393558680045,1.466876964382592
6450.161451655509,-1.06602364846945,1.4692586210250858
6451.580715942067,0.2936087493033206,1.4327160254536253
6452.999980228625,1.9130168002062184,1.4019404712948385
6454.419244515182,0.9528116951813459,1.4124578583075753
6455.83850880174,0.17823419786286365,1.4062737448702114
6457.257773088299,1.6758419317235465,1.3902282719844843
6458.677037374856,0.15796732020647752,1.4178646496807195
6460.096301661413,-2.003644817504714,1.4573607376063271
6461.5155659479715,-3.654841105231334,1.466890024854227
6462.93483023453,-3.946170824975793,1.4483408767338346
6464.354094521087,-2.7275316439301154,1.4305524497609745
6465.773358807644,-0.8798252494153331,1.4058411694220478
6467.192623094203,0.437399755460973,1.3756680688874252
6468.611887380761,0.6882564248034946,1.35438474635417
6470.031151667318,0.30410230978865016,1.364417371758598
6471.450415953876,-0.5953670756674505,1.4045548688382496
6472.869680240434,-0.6558652770773712,1.4205863711181042
6474.288944526991,0.40605236182040017,1.392424608417858
6475.7082088135485,1.4855545479571184,1.3713905237184558
6477.127473100107,1.3085997927670192,1.3764147663287303
6478.546737386665,1.0719418708551274,1.391257387379796
6479.966001673222,1.2910081576071661,1.3862636830157422
6481.38526595978,0.9357000698525617,1.4009920737202108
6482.804530246338,0.20161204096041274,1.4049935007468297
6484.223794532896,0.4738905748352984,1.4008359978608351
6485.6430588194535,0.8184385152246847,1.388873228580584
6487.062323106011,0.865306903386692,1.3892626535267392
6488.481587392569,0.40177958536298775,1.3933497683815206
6489.900851679127,0.08943274606414064,1.3997808248525583
6491.320115965685,-0.821836051267919,1.4191178738870498
6492.739380252242,-2.8133213898450258,1.4445762509194213
6494.1586445388,-3.5655747471562425,1.4158413180853635
6495.5779088253585,-2.9880672806425412,1.3423575223509263
6496.997173111915,-1.7742400349743157,1.3005875273661578
6498.416437398473,-0.888938153105503,1.3206199575772697
6499.835701685031,-1.0174598886030992,1.3612195985008781
6501.254965971589,-0.4354509178689483,1.3641963702944482
6502.674230258146,0.9382989631269645,1.3307331468476367
6504.093494544704,0.5654080120326661,1.3360242892081633
6505.5127588312625,0.529788718633295,1.3553872194110719
6506.93202311782,1.2437850977883294,1.3597342639245897
6508.351287404377,0.40789449553715684,1.3726518580942773
6509.7705516909355,-0.35184347737230937,1.3729637044313268
6511.189815977494,0.6414712670401705,1.3608437772745383
6512.609080264051,-0.5057401935023407,1.3749813912857511
6514.028344550608,-0.9599278267361093,1.387522129169906
6515.447608837167,-0.853351257055941,1.385509188506696
6516.866873123725,0.0,1.3716748198382427
6518.286137410282,0.7454834787248039,1.3467546154043126
6519.7054016968395,0.5021778237808014,1.336732378205051
6521.124665983398,0.4845792735753669,1.338062799434412
6522.543930269955,0.2884792845775799,1.344878596705555
6523.9631945565125,0.08379055979012051,1.3585931648607474
6525.382458843071,0.4213913863675316,1.3578238538847325
6526.801723129629,0.81007093694625,1.3442819954526237
6528.220987416186,0.7699282002223917,1.3293271666400786
6529.640251702744,0.46511920081719893,1.282553164172377
6531.059515989302,0.023774476509757392,1.263993826203873
6532.47878027586,-0.023774476509757392,1.2947545713324893
6533.898044562417,0.612789382328188,1.3371003806157098
6535.317308848975,0.9197860827168967,1.3397108505189619
6536.736573135533,0.5108245228100046,1.3523042664505396
6538.155837422091,0.5369411552351515,1.3412898360859211
6539.575101708649,1.279204824257807,1.3270021950567414
6540.994365995206,0.9404996280610085,1.3158708641266228
6542.413630281764,0.6080830946880909,1.3184021015436673
6543.832894568322,0.7609226506550613,1.3244165314435965
6545.25215885488,0.8317119418151258,1.3370313970850318
6546.671423141437,0.3288051089934356,1.3452744353440307
6548.090687427995,0.24781135606702875,1.3372178917721418
6549.509951714553,0.7126356604845014,1.3011036132503444
6550.92921600111,0.9312318614438482,1.2560344651458333
6552.348480287668,0.4621043792719739,1.2556401692457946
6553.7677445742265,-0.5725824302308276,1.31347405901448
6555.187008860784,-1.164238872622274,1.3683020732328122
6556.606273147341,-0.5561157650313255,1.3568769039292101
6558.025537433899,0.2851963481421329,1.3144310855044457
6559.444801720458,0.29986198455163304,1.2777419919095152
6560.864066007015,0.6629128752070059,1.2667665504974783
6562.283330293572,0.428920493601769,1.298830641808967
6563.702594580131,0.28351912620760444,1.326185722729291
6565.121858866689,0.9327555391558029,1.3247682090182242
6566.541123153246,0.01743198338710883,1.3367153134906475
6567.9603874398035,0.06622053875275213,1.3514440227630298
6569.379651726362,-0.8908110525072317,1.382241214238822
6570.798916012919,-2.8409816381300494,1.4203793917229115
6572.218180299476,-3.943132667972927,1.4223045105652292
6573.637444586035,-3.6269785742335863,1.3792593828013062
6575.056708872593,-1.8200139204494228,1.3282463870198662
6576.47597315915,0.2188902219820008,1.3074648814879932
6577.895237445708,0.12298914421217333,1.3334664461543995
6579.314501732266,-0.37737939550794763,1.3656833141455809
6580.733766018824,-0.13094109020174471,1.3638391257869178
6582.153030305381,0.4095387997085709,1.3602806750680854
6583.572294591939,0.3174035619993205,1.3586521458979723
6584.991558878497,0.37104772328018143,1.3589038635183754
6586.410823165055,0.3783109594898022,1.3619846802911708
6587.830087451613,0.5510956483915024,1.3597909417906358
6589.24935173817,0.5900697252789691,1.3563205730803154
6590.668616024728,0.3478590219178841,1.3625173454505464
6592.087880311286,0.04690133919701012,1.3629679265409613
6593.507144597844,-0.08019237451130934,1.3590941431314918
6594.926408884401,0.3673235507353638,1.3514394815250248
6596.345673170959,0.8181921273557649,1.3491232985253592
6597.764937457517,0.6180585668437502,1.356734365408168
6599.184201744074,0.28951093521086335,1.3541791944782846
6600.603466030632,0.2680137722671745,1.3464499056012542
6602.0227303171905,0.5239658241549421,1.3340760481382994
6603.441994603748,1.2351816417697492,1.335652120605133
6604.861258890305,0.6163914336825265,1.3516610326677851
6606.280523176863,0.670370303344999,1.365101854383647
6607.699787463422,0.7767529550686589,1.369914220083394
6609.119051749979,0.8050840363852352,1.365625952611869
6610.538316036536,1.3134383541162151,1.357665369871304
6611.957580323095,1.7651561319740168,1.3518258997519113
6613.376844609653,1.475854022156902,1.3544999451460562
6614.79610889621,1.2480044486731927,1.3563369628491935
6616.2153731827675,1.328160353742902,1.3556254360556554
6617.634637469326,1.357445311124149,1.3566894038424198
6619.053901755884,1.52014899202441,1.3568173668875918
6620.47316604244,1.546783909325523,1.3600700431998138
6621.892430328999,0.6136487802723387,1.3760868821582233
6623.311694615557,0.4890715542812245,1.380039985125574
6624.730958902114,0.20218986383708426,1.3775821762103952
6626.150223188672,0.9163008457241055,1.358377237334835
6627.56948747523,1.3993183296368095,1.362253313630065
6628.988751761788,0.19213161453621197,1.381087037813067
6630.408016048345,0.514396739997288,1.3760776385573366
6631.827280334903,0.523100809259585,1.368529745897139
6633.246544621461,0.8682392376193384,1.3657522408982892
6634.665808908019,1.378610222159189,1.3634250743989642
6636.085073194577,1.3301675381617315,1.3667977793143729
6637.504337481134,0.87541457239519,1.3724025991988618
6638.923601767692,0.8081969727841383,1.3728679775108434
6640.34286605425,1.0607204091394316,1.377046707024124
6641.762130340808,0.6988160164581565,1.3880357588191865
6643.181394627365,0.5079367869071412,1.3899021966030252
6644.600658913923,0.9781012954506139,1.3827817664994055
6646.019923200481,1.318691071060453,1.378665438361776
6647.439187487038,0.6767236948672952,1.388872044828352
6648.858451773596,0.4958703364614827,1.3924302455843325
6650.2777160601545,0.46191968750742163,1.392085553061802
6651.696980346712,0.849247935033933,1.3842351430427438
6653.116244633269,0.8714348174378301,1.3854007031592972
6654.535508919827,0.5027684300787101,1.3926778447328567
6655.954773206386,0.5947135060875901,1.3922281478847538
6657.374037492943,0.7959780169656412,1.3887429685252246
6658.7933017795,0.5267409523274509,1.3919535963028178
6660.212566066059,0.27825361446814867,1.3967248429042556
6661.631830352617,0.04473893476755464,1.4040621998363387
6663.051094639174,0.24222151652809032,1.401082689013499
6664.4703589257315,0.29475358622101666,1.401669510789277
6665.88962321229,-0.10020349903522785,1.404292016719489
6667.308887498848,0.39612137847537454,1.4008382762912597
6668.728151785405,0.6207174717259321,1.3985310729274247
6670.147416071963,0.49096986440794765,1.3270273709923894
6671.566680358521,1.007299151487011,1.2926243855628259
6672.985944645078,1.8117199438546052,1.3338522887958728
6674.405208931636,1.409810541541443,1.3816943889961169
6675.824473218194,0.6325023170434143,1.398387889292108
6677.243737504752,0.4912477578237784,1.4028465455245087
6678.663001791309,0.27773571691645316,1.406341254351616
6680.082266077867,0.2765959220931755,1.4168714626586454
6681.501530364425,0.0,1.422412312347131
6682.920794650983,-0.1603421635404203,1.430924801481888
6684.340058937541,0.4895947198971875,1.4158350831780264
6685.759323224098,0.8739399082802493,1.4050155264011885
6687.178587510656,0.8224673028194118,1.4034162600608204
6688.597851797214,0.08201019110185825,1.4259482260201748
6690.017116083772,-0.531698236348916,1.441085473505445
6691.436380370329,-0.39807826686705283,1.4404543159591756
6692.855644656887,0.14984655372724376,1.429040461954436
6694.274908943446,0.4480492323869001,1.4194513083612423
6695.694173230002,0.26485389723305275,1.4188561851492945
6697.11343751656,0.23833454562795708,1.4205768434361723
6698.5327018031185,0.0,1.42534567761663
6699.951966089676,0.11596565944659076,1.4282399733169544
6701.371230376233,0.535338195564723,1.4183978390782486
6702.790494662791,0.28171443877565494,1.4191022440674923
6704.20975894935,0.3465700207030338,1.4140100029591343
6705.629023235907,0.26783256949900647,1.4084124348734552
6707.048287522464,0.21299563889414586,1.4182683316104026
6708.467551809023,0.08036805182681306,1.4275647040370822
6709.886816095581,0.0,1.4394500059293995
6711.306080382138,0.0,1.4458421076861743
6712.7253446686955,0.0,1.4464935406698431
6714.144608955254,0.0,1.4597122503499675
6715.563873241812,-0.44341768630585854,1.4803020318130624
6716.983137528369,-1.1578833048995634,1.504882923107945
6718.402401814927,-1.0447866115675861,1.5094754933483423
6719.821666101485,0.014397365710831167,1.4792362040838072
6721.240930388042,0.33496915778240677,1.4723075450921588
6722.6601946746,0.1382969947055912,1.4786295782531869
6724.079458961158,-0.04301414438643114,1.4832466413053569
6725.498723247716,0.07325309640934918,1.4847086843370074
6726.917987534273,0.29408335694291665,1.479162948406228
6728.337251820831,0.2426854131442422,1.4785399279061198
6729.756516107389,0.269105547569934,1.4859562390144405
6731.175780393947,0.0,1.492575302069274
6732.5950446805045,-0.4324722862236676,1.5061665163125912
6734.014308967062,-0.34982461074860005,1.5132615397082814
6735.43357325362,-0.07719270692299851,1.505999993484379
6736.852837540178,0.43329732570986224,1.4931298956520689
6738.272101826736,0.8487167821165986,1.480536159372926
6739.691366113293,0.6270617609614355,1.4891653870128254
6741.110630399851,-0.29266310900381853,1.5070284072884774
6742.5298946864095,-0.07144881327308639,1.513642978907176
6743.949158972967,0.06569771264456392,1.517574320513419
6745.368423259524,-0.4869386005096885,1.5259489895097196
6746.787687546082,-0.255488221500455,1.5266917621526515
6748.20695183264,0.4377039325920755,1.5187246308770244
6749.626216119197,-0.05315868333836171,1.5284905028183766
6751.045480405755,-0.4259553626535446,1.5362142123564961
6752.464744692314,0.8799315214291763,1.5130594395984391
6753.884008978871,0.28459354198160014,1.5160398930372594
6755.303273265428,-0.39899960264644996,1.5482038326118281
6756.7225375519865,-0.03695359985069402,1.5405298469744346
6758.141801838545,0.1881437672892634,1.5366980467582334
6759.561066125102,0.1126995108119182,1.5403790471221137
6760.980330411659,0.10499360486300091,1.542419671943267
6762.399594698218,0.14065913729005075,1.5458494664810762
6763.818858984776,0.0,1.5514160574892737
6765.238123271333,0.07990781387598744,1.5498616784553214
6766.657387557891,0.0,1.5503155600816174
6768.076651844449,-0.33097110763113946,1.5799936167710944
6769.495916131006,-1.0252864338656895,1.5892783401865578
6770.9151804175635,0.1277800309485162,1.555263776273595
6772.334444704122,0.33097110763113946,1.5586783653030194
6773.75370899068,0.2859744783869118,1.5707760943957498
6775.172973277237,0.5677537528095744,1.5918029258861273
6776.592237563795,-0.15461189461645652,1.6149163802615247
6778.011501850353,-0.43105321312271094,1.6253152087301141
6779.430766136911,0.0,1.6223829553486724
6780.8500304234685,-0.22799726108652862,1.6215936580794061
6782.269294710026,-0.20045731086762864,1.6281654687022113
6783.688558996584,0.22799726108652862,1.609764459537523
6785.107823283142,0.6294432794598546,1.604819779313436
6786.5270875697,0.20045731086762864,1.6168632091239272
6787.946351856257,-0.1219583979543124,1.6368487965861274
6789.365616142815,-0.0012100566059771722,1.645781428432062
6790.7848804293735,0.07479728135023223,1.6404173250483867
6792.204144715931,0.04837117321005735,1.643304944006901
6793.623409002488,0.0,1.6544632868667288
6795.042673289046,-0.06759663999614496,1.665905052530447
6796.461937575604,-0.49140848655373937,1.6859507365027562
6797.881201862161,-0.0973954492967124,1.6721297823495942
6799.300466148719,0.0,1.6706847693132998
6800.719730435278,0.17839993705053736,1.6553379565512012
6802.138994721835,0.18982132512136296,1.6579015246298872
6803.558259008392,-0.0655765797387815,1.6620465688459334
6804.9775232949505,-0.19619678016877273,1.6738345200169378
6806.396787581509,-0.3864095402909662,1.6905079952504445
6807.816051868066,-0.868838120591132,1.711759790337925
6809.235316154623,-1.1566623941711072,1.722270441600185
6810.654580441182,-0.737869480021093,1.7039153979611712
6812.07384472774,-0.22332723847835645,1.6777862233707448
6813.493109014297,-0.01373066491012409,1.6746168911395576
6814.912373300855,0.0,1.684846309822129
6816.331637587413,-0.9000546075431224,1.7042685221674991
6817.750901873971,-0.8382200524021819,1.706373016301252
6819.1701661605275,-0.49112854280098794,1.6980529727918108
6820.589430447086,-0.600242254145634,1.7018082338868492
6822.008694733644,-0.9113780315906723,1.6922035035564438
6823.427959020201,-0.7945839633889875,1.6356060472551124
6824.847223306759,-0.7373782174092796,1.5441520369904844
6826.266487593317,-1.49857920666242,1.472179794741029
6827.685751879875,-0.9087476409784845,1.4533732932552532
6829.1050161664325,-0.46934450997715693,1.468214230291533
6830.52428045299,-0.6868199412786247,1.44362397173292
6831.943544739548,-1.0543794383630267,1.4438260676303327
6833.362809026106,-1.4294184044039024,1.5257014425468536
6834.782073312664,-1.992117222277738,1.649458015950321
6836.201337599221,-2.3803754787856537,1.7270788810376425
6837.620601885779,-2.4350000744236944,1.7261722886124862
6839.0398661723375,-2.3026650833363753,1.6903356049674119
6840.459130458895,-2.069906417530258,1.6825111424350845
6841.878394745452,-1.7759184520155102,1.7207683828402158
6843.29765903201,-1.6999531071374054,1.760940222095887
6844.716923318568,-2.6749656637174324,1.8040113404483415
6846.136187605125,-2.822536483829734,1.8021024672358181
6847.555451891683,-3.0323938535181654,1.7775926369190245
6848.974716178242,-3.148968864952873,1.7666605523391083
6850.393980464799,-3.054280265077832,1.7850754408407137
6851.813244751356,-3.037740751707376,1.8129972583525422
6853.2325090379145,-3.1975649658792022,1.8288801318223515
6854.651773324473,-3.183454046832998,1.8305692331016405
6856.07103761103,-2.9504343124374994,1.8121114511336898
6857.490301897587,-3.0346404762967687,1.7743942412284222
6858.909566184146,-3.6688576962404413,1.62981512990254
6860.328830470704,-3.762211161649364,1.4495278676173997
6861.748094757261,-2.740493099621232,1.3625773966211314
6863.167359043819,-2.2692136042917657,1.3901153663814474
6864.586623330377,-2.521366552788992,1.4848496982281567
6866.005887616935,-3.048778123690564,1.5450815956407342
6867.425151903492,-3.3373048136497196,1.5363576087221058
6868.84441619005,-3.1050612084974683,1.5408184238990212
6870.263680476608,-3.128398563916461,1.6079988750686878
6871.682944763165,-4.180698087940794,1.704024090809115
6873.102209049723,-3.02185793026731,1.7232842749677413
6874.521473336281,-3.219195896953602,1.7248819996768365
6875.940737622839,-2.9262865320602485,1.7177908225855556
6877.3600019093965,-2.608123338824032,1.6960650682726675
6878.779266195954,-2.7904380575414045,1.6924793290628453
6880.198530482512,-2.976245400420919,1.7128687409769985
6881.61779476907,-2.726752507144412,1.7317284683498009
6883.037059055628,-2.8383617378067854,1.738509971712275
6884.456323342185,-3.7898613954154765,1.7212216345901303
6885.875587628743,-3.6858367329619934,1.6563269727301355
6887.2948519153015,-3.485756291609661,1.6119615100695648
6888.714116201859,-3.7917596121809822,1.6487499208700531
6890.133380488416,-3.9011870549250025,1.7116038947260082
6891.552644774974,-3.54504050182366,1.7429118268078068
6892.971909061533,-3.3637023012582823,1.7495417430922784
6894.391173348089,-3.555114950189153,1.7589175930230352
6895.810437634647,-3.7041736346261445,1.7443739352385659
6897.229701921206,-4.2633773469923915,1.6455238368461085
6898.648966207763,-4.949418673751435,1.6294342874238417
6900.06823049432,-4.56187820810478,1.6810642048518682
6901.4874947808785,-4.698329792618762,1.7946865505638507
6902.906759067437,-3.543410106405057,1.7931028061781575
6904.326023353994,-2.839156492991342,1.7709636437703233
6905.745287640551,-2.8660725402762752,1.7611339419421554
6907.16455192711,-3.0027682918865146,1.7201631359240632
6908.583816213668,-2.9211470314549057,1.6308162077397765
6910.003080500225,-3.0283946945137457,1.55982611953735
6911.422344786783,-2.6690540640919593,1.5785311104264064
6912.841609073341,-3.005004453674311,1.697416222726437
6914.260873359899,-3.2117989674450556,1.7900241313714937
6915.680137646456,-3.7264924926508654,1.8477023536493231
6917.099401933014,-4.471015669875699,1.8412709112714933
6918.518666219572,-4.598845652147775,1.722279624519333
6919.937930506129,-3.6881242783861943,1.5556082407082548
6921.357194792687,-2.045247231401132,1.4710112815022478
6922.776459079245,-0.7068021910322653,1.5183986061396018
6924.195723365803,-0.5433011567861197,1.6244721876408577
6925.6149876523605,-0.9713567053282599,1.6643762572907932
6927.034251938918,-0.6387358102545058,1.6598681252734615
6928.453516225476,0.0,1.65153019866091
6929.872780512034,-0.13619647737664486,1.6582982638245252
6931.292044798592,-0.10655956746406936,1.6665822558622105
6932.711309085149,0.04395718840984486,1.655297015248408
6934.130573371707,0.0390551216692856,1.61846758410503
6935.5498376582655,-0.08301231007913046,1.5639187584501253
6936.969101944823,0.0,1.4927226667839575
6938.38836623138,0.05215877238407174,1.4939411710239818
6939.807630517938,-0.05215877238407174,1.5390745673927375
6941.226894804497,0.0,1.5703563524946476
6942.646159091054,0.8927492736352711,1.5599993090342412
6944.065423377611,1.4198630955681342,1.4941599367900098
6945.4846876641695,1.368292586162731,1.398873838196168
6946.903951950727,1.4235367250351505,1.3435952588602236
6948.323216237284,1.9352307690353392,1.3909980051709676
6949.7424805238425,1.1007921746547744,1.4970846213936873
6951.161744810401,1.4420688569630133,1.539098245587321
6952.581009096958,0.9611602826467625,1.5598420014846703
6954.000273383515,0.2750192947367456,1.5792946754345638
6955.419537670074,0.022177696341309172,1.5999814213484336
6956.838801956632,0.044117133687553434,1.6121808689492303
6958.258066243189,0.05152941419803625,1.6116810080722397
6959.6773305297465,0.004606448668125651,1.606222592879661
6961.096594816305,-0.004606448668125651,1.603558211538078
6962.515859102863,0.20463501713422438,1.5858376313206508
6963.93512338942,0.2769149829655859,1.594091407587813
6965.354387675978,0.45795880408807754,1.5510310452486695
6966.773651962536,0.7187456714480014,1.5190228439578095
6968.192916249093,0.6195693962635058,1.5208558476867535
6969.612180535651,-0.0172212779421006,1.5593545680253376
6971.031444822209,-0.5842530029286035,1.5987629662208356
6972.450709108767,-0.40768108950009996,1.588901134758591
6973.869973395324,-0.13352161221078696,1.525416420041512
6975.289237681882,0.060396637013862886,1.457045343172672
6976.70850196844,0.5444032194029944,1.4374779398220348
6978.127766254998,-0.1891432908546289,1.493121521040476
6979.547030541556,-0.7147703463759036,1.5457822220551827
6980.966294828113,-0.7737389214785786,1.5653156961680665
6982.385559114671,-0.7430105821755717,1.569341840458393
6983.804823401229,-0.9311002938852564,1.5829101981500209
6985.224087687787,-0.9508127720264969,1.6003836950666432
6986.643351974344,-0.32531834116501557,1.5853525565717013
6988.062616260902,0.10585116045381504,1.5636745387351403
6989.481880547461,0.13203111216558483,1.5595884375984073
6990.901144834018,-0.2617005647778541,1.5731909877260617
6992.320409120575,-0.726961229177542,1.5902116251891856
6993.7396734071335,-1.0396484241106965,1.5976481790225177
6995.158937693691,-1.1773398499077778,1.5922311493747638
6996.578201980248,-1.0931913948123473,1.5783133209553357
6997.997466266806,-0.3177009850882708,1.561812462316741
6999.416730553365,-0.697896160255393,1.561330776501132
7000.835994839922,-0.35155747209821975,1.5469457783088472
7002.255259126479,-0.3845546576596739,1.5504811129568417
7003.674523413038,-0.8882020421150401,1.5754175006839437
7005.093787699596,-0.6833410450386843,1.5756129944660842
7006.513051986153,0.15132748349751424,1.5377938584884698
7007.9323162727105,0.3955716273200256,1.4894520067857417
7009.351580559269,-0.4910781194312719,1.4649091379668129
7010.770844845827,-0.5835707593986594,1.4805847730867643
7012.190109132384,-0.025915217387934675,1.521501865865789
7013.609373418942,0.41820858121803006,1.5342738385253096
7015.0286377055,0.511825971791307,1.537998141302421
7016.447901992058,0.11677111297091614,1.5443795658034012
7017.867166278615,0.0,1.542633505161624
7019.286430565173,0.35957608226768834,1.531886455288856
7020.705694851731,0.30325390315788603,1.5319633213610844
7022.124959138288,-0.3705867588641123,1.5443555416256318
7023.544223424846,-0.8321754469915206,1.5497390828297248
7024.963487711404,-0.6175864081657991,1.5385298468350743
7026.382751997962,0.0,1.5116562896105874
7027.80201628452,0.0,1.4617122165759278
7029.221280571077,0.9753927353906562,1.4216774707614883
7030.640544857635,0.9914153863378061,1.4175955633489252
7032.059809144193,0.0,1.4332439754279005
7033.479073430751,0.2569318352663821,1.4238034932603432
7034.898337717308,1.4202357537796182,1.3987801286743557
7036.317602003866,1.5128544528342829,1.3826216209188311
7037.736866290425,2.243162740491602,1.3631903880481457
7039.156130576982,2.8513545148456174,1.3460255127595868
7040.575394863539,2.7260645694169483,1.3356137519082398
7041.9946591500975,2.532506020252576,1.3344601479663063
7043.413923436655,1.8364509295465545,1.3380597569127792
7044.833187723212,1.1413764208885482,1.3301180957099354
7046.25245200977,1.4574935422666861,1.3211483668070712
7047.671716296329,1.4076651152108823,1.3322191601242703
7049.090980582886,0.6005160823746785,1.3541678449126615
7050.510244869443,0.5579399921739032,1.3561420296651217
7051.929509156002,1.303779820097546,1.3461923947862737
7053.34877344256,1.7630561582747788,1.3442674776105734
7054.768037729117,0.9698575191585732,1.354664313285894
7056.1873020156745,0.8575910129912856,1.359729069060685
7057.606566302233,1.2221752009649478,1.349749126092273
7059.025830588791,0.8787127992343997,1.3515921118835146
7060.445094875348,0.2850908789270008,1.3593130820946737
7061.864359161906,-0.05747469431660335,1.3651996731735512
7063.283623448464,0.009826448717753067,1.365188068758871
7064.702887735022,0.40723290667655476,1.3604020225351852
7066.1221520215795,0.9385593460005879,1.355719697550901
7067.541416308137,0.7656911360940661,1.3559378583316
7068.960680594695,0.4311614016950749,1.3599607674434764
7070.379944881252,0.1199872524181238,1.3669230942404271
7071.79920916781,0.4520838077081848,1.3602220641934168
7073.218473454368,1.4525786239172795,1.3491352107631627
7074.637737740926,1.4217440367333154,1.351535492001915
7076.057002027484,0.2889255601154552,1.365116561492536
7077.476266314041,0.4984737956522345,1.3655870810789656
7078.895530600599,1.1401171756765969,1.3525457267673178
7080.314794887157,1.0217126593257362,1.3437750487600264
7081.734059173715,0.5701494831514289,1.3499054836420907
7083.153323460272,0.4610732516612863,1.3567518412433217
7084.57258774683,0.3713904679713771,1.3604951002945493
7085.991852033389,0.10218540144254717,1.3661064105673577
7087.411116319946,-0.34861812725743135,1.3765229506102277
7088.830380606503,-0.747189305762781,1.3843612255934428
7090.2496448930615,-0.347111914762845,1.382172179212352
7091.66890917962,0.4920685129580171,1.3696937022679627
7093.088173466176,0.37438597444245403,1.3721453975138405
7094.507437752734,-0.01140083826897964,1.378487837374481
7095.926702039293,-0.18849385232493887,1.3842383652613104
7097.34596632585,-0.06586650646319114,1.3832808308049012
7098.765230612407,0.08925988391593265,1.374975961813098
7100.184494898966,0.17123188325269822,1.377996971328461
7101.603759185524,-0.08588741826628876,1.378443781580657
7103.023023472081,-0.5604505137534268,1.3935944403200269
7104.4422877586385,-0.6911495007270148,1.3974187977070835
7105.861552045197,-0.3747625127088767,1.3907777304496827
7107.280816331755,0.09884704952164824,1.381573066480754
7108.700080618312,0.28029517045054675,1.3769367964898798
7110.11934490487,-0.11951120995040654,1.3804970312175893
7111.538609191428,-0.7520547497167414,1.3959837032323597
7112.957873477986,-0.8366795617359415,1.400502370276067
7114.3771377645435,-1.244360654643522,1.407359313007695
7115.796402051101,-0.6089361829485718,1.394982314853943
7117.215666337659,-0.016090293774919218,1.3809460450440774
7118.634930624216,0.019868293990132457,1.376475330581563
7120.054194910774,0.0927025950137228,1.3755460310122378
7121.473459197332,0.6610325700899082,1.370481565700157
7122.89272348389,0.6447789654237681,1.3664285497522324
7124.311987770448,0.23100396880989393,1.362687090003215
7125.731252057005,-0.12096726567002491,1.3691011639844062
7127.150516343563,-0.5082953767171681,1.3790608147642365
7128.569780630121,-0.5241426578862267,1.3825423572552071
7129.989044916679,-0.3149718210352219,1.377053743899532
7131.408309203236,-0.09365773938865019,1.372131919324806
7132.827573489794,-0.29323091278314095,1.3803437959598372
7134.246837776353,-0.4493411778510321,1.3880890110883226
7135.66610206291,0.10342913825713751,1.3822127302029354
7137.085366349467,0.05523720400104892,1.3822938209290498
7138.5046306360255,-0.5375249119961119,1.3859792431774336
7139.923894922584,-1.1033318235710041,1.3887484781682282
7141.343159209141,-1.3787586584232585,1.3920582354632915
7142.762423495698,-1.833153024614795,1.3947819341995316
7144.181687782257,-1.8836438030710454,1.4020720357976977
7145.600952068814,-3.4727727449140673,1.4420594982803252
7147.020216355371,-4.83228183119051,1.4750743590048498
7148.43948064193,-4.758755322582626,1.4761764765986198
7149.858744928488,-3.1204294378102304,1.4434346451226265
7151.278009215045,-0.8662772079218968,1.3977506085053661
7152.6972735016025,0.44334892826260486,1.3723900344403859
7154.116537788161,-0.1609252634875915,1.3741457687889256
7155.535802074719,-0.046743858565772456,1.3680921653295566
7156.955066361276,0.0754684298070174,1.3650989052515448
7158.374330647834,0.030869917806459313,1.3613201538249302
7159.793594934392,-0.049071615809431535,1.3602534398885135
7161.21285922095,0.01449195300941497,1.3608633252663551
7162.6321235075075,0.23765620037513813,1.3496249464170462
7164.051387794065,0.4532166129389914,1.3430860105044875
7165.470652080623,0.19683491949570353,1.3425139841865597
7166.88991636718,0.5072506201828944,1.3355868227837455
7168.309180653738,0.8001339277754624,1.3294165416715205
7169.728444940296,0.5737334255589879,1.3287844552586665
7171.147709226854,-0.04573439666408419,1.3301733097506998
7172.5669735134115,-0.28143322022456374,1.3254894581501933
7173.986237799969,0.11178647522410756,1.326095964821089
7175.405502086527,-0.4406141745354688,1.3370706729802269
7176.824766373085,-0.27485034231328953,1.3391575093311463
7178.244030659643,0.20345613203412327,1.332865686030555
7179.6632949462,0.7535556153638936,1.3148331410704976
7181.082559232758,1.5539992135891438,1.288575583002929
7182.5018235193165,2.4496046905640156,1.2716588338077421
7183.921087805874,0.46424760788178787,1.2948654517823213
7185.340352092431,0.012115438073166729,1.3175297180745174
7186.759616378989,0.0,1.3306657931022077
7188.178880665548,-0.09926484093698917,1.3301989956937974
7189.598144952105,-0.22302788824107012,1.3258496785752645
7191.017409238662,-0.12551322388466346,1.3228707801789792
7192.436673525221,0.35021438744742284,1.3168032736398865
7193.855937811778,1.0272389128726402,1.314371887259438
7195.275202098335,0.25239310796545666,1.3205055934449617
7196.6944663848935,0.42332222033031286,1.3141900137661064
7198.113730671452,0.6208543481695905,1.307864162399611
7199.532994958009,-0.06964077876899921,1.3171620093799377
7200.952259244566,-1.4836911296708983,1.3394751941813687
7202.371523531125,-2.0416585710785853,1.3520709252732448
7203.790787817683,-0.546034750462546,1.3443387087168384
7205.21005210424,-0.10682300007479384,1.3392804906741436
7206.629316390798,-0.9868063903430659,1.3598835726354341
7208.048580677356,-1.9813632155986838,1.380075742178757
7209.467844963914,-2.1114705378899252,1.3820860350435198
7210.887109250471,-1.2429296024860896,1.3647214020903857
7212.306373537029,-0.14901353460185263,1.3424191319763132
7213.725637823587,-0.19685864910357864,1.3339445773902296
7215.144902110145,0.26260982808990363,1.329417806680138
7216.564166396702,0.7693776864735078,1.3245067054211355
7217.98343068326,0.9552380545844379,1.3215588860657745
7219.402694969818,0.751110378444622,1.3219010289530602
7220.8219592563755,0.3829088062746351,1.3230522558714617
7222.241223542933,0.2194917427016989,1.3198166583214577
7223.660487829491,0.43019325380923235,1.3203258070016541
7225.079752116049,0.18739021475733963,1.325500022802799
7226.499016402607,0.2820836175413035,1.3261267331072208
7227.918280689164,0.2636766444434855,1.3193341403137127
7229.337544975722,-0.1299461044148984,1.3107839869909694
7230.7568092622805,-0.5499998663891041,1.3034989880141354
7232.176073548838,-0.020919138586450003,1.2864110133734603
7233.595337835395,1.009641294175939,1.2495386897224903
7235.014602121953,1.2064396807948086,1.1858159898779654
7236.433866408512,0.4727883390094547,1.1428944387328426
7237.853130695069,-0.2564283875597191,1.1123442918656992
7239.272394981626,-0.3595285242247286,1.0934548036069907
7240.691659268185,-0.051212043154325926,1.090110275122936
7242.110923554742,-0.5529680075548065,1.0780273576256436
7243.530187841299,-1.396114655858188,1.1198862435519528
7244.9494521278575,-0.8433547802428976,1.2024973466671471
7246.368716414416,-0.4860354472078754,1.2681138175451736
7247.787980700973,-0.5028636964837538,1.2874859387250985
7249.20724498753,-0.5698737171555734,1.2665247631134007
7250.626509274089,-0.484763165885969,1.239690614627248
7252.045773560647,-0.863193180656129,1.2450758285867745
7253.465037847204,-0.5001885924765652,1.2806386274546746
7254.884302133762,-0.22180081173326016,1.2973449910481476
7256.30356642032,-0.12595060879491626,1.3110257003790355
7257.722830706878,-0.14940285605659653,1.313694119888987
7259.142094993435,-0.17954651706258318,1.302058039686348
7260.561359279993,-0.10447667852299602,1.3001041683782624
7261.980623566551,0.08235533446007537,1.2889711687138472
7263.399887853109,0.09331056436880303,1.287492529423526
7264.819152139667,0.5194032479611046,1.283328373971054
7266.238416426224,0.3499169547111478,1.288777470612254
7267.657680712782,-0.24707347670055313,1.2992427368591148
7269.0769449993395,-0.12056742884086091,1.2905808356905752
7270.496209285897,1.2826830511900837,1.2331796531830794
7271.915473572455,1.140640715928015,1.1004150292739334
7273.334737859013,-0.031919376264745836,1.0220498076142908
7274.754002145571,-0.013919294851802988,1.0202850962377386
7276.173266432128,0.6125448840668106,1.0994919698930847
7277.592530718686,0.8448423930220557,1.2083647561357835
7279.0117950052445,0.8334666268103739,1.2463519360573285
7280.431059291802,1.3358281867847808,1.1931596438949368
7281.850323578359,1.5893253708923396,1.145128504898692
7283.269587864917,1.0567377901375714,1.157279265945894
7284.688852151476,0.6913817045873429,1.21003078435814
7286.108116438033,0.6018338856621028,1.2530454108503748
7287.52738072459,0.45437816003257225,1.2525690945068246
7288.946645011149,0.5267480828017916,1.250247147475693
7290.365909297707,1.0755966291664762,1.2425579729794016
7291.785173584263,1.0692500438298893,1.238866185905587
7293.2044378708215,0.6380609602879588,1.243962691652143
7294.62370215738,0.5548024706995598,1.2561322666221868
7296.042966443937,1.0484188781501764,1.2695089205901648
7297.462230730494,1.3137696524009215,1.2746758867073074
7298.881495017053,0.9669943990182759,1.2468432710956843
7300.300759303611,0.623167632679607,1.1991061795281164
7301.720023590168,0.610186043160521,1.1867659601990528
7303.139287876726,0.5137918688532004,1.215266770545142
7304.558552163284,0.2349839136661842,1.260787667529603
7305.977816449842,0.0,1.2874482587271028
7307.397080736399,-0.023536696480253028,1.2730437377295374
7308.816345022957,0.36466460156122693,1.2634768226305821
7310.235609309515,0.6887969820708975,1.2374085084881057
7311.654873596073,0.5110781337290113,1.1511979157693524
7313.074137882631,0.28675259644907314,1.0606406585056227
7314.493402169188,0.3832419574467174,1.037297432878785
7315.912666455746,0.49108332952998524,1.093993344167835
7317.3319307423035,0.9029284013686443,1.2234448093897223
7318.751195028861,0.7578543077773929,1.262583135776417
7320.170459315419,0.17854177262036686,1.2927982794776072
7321.589723601977,-0.1829906313526486,1.3105565527800596
7323.008987888535,-0.4603529633285106,1.3039369363796136
7324.428252175092,-1.7105692872475586,1.2762246649616389
7325.84751646165,-3.4428647692461283,1.2342636394389153
7327.2667807482085,-2.2025490683755535,1.195799159553918
7328.686045034766,-0.6396433106231605,1.2100203209960294
7330.105309321323,-0.0176840595669141,1.250601472231631
7331.524573607881,0.23772927075759398,1.2831064144857833
7332.94383789444,0.9762711288454575,1.2874174745324352
7334.363102180997,0.22554910181379384,1.2794947548353135
7335.782366467554,0.4791453918564308,1.1872096099647902
7337.201630754113,0.14019017562440084,1.0924150841004348
7338.620895040671,0.041193661720999586,1.0605912152272439
7340.040159327228,0.30831531522364486,1.1036839477770939
7341.4594236137855,0.2063390613026499,1.197086836171064
7342.878687900344,-1.850008015630511,1.300545319333346
7344.297952186901,-0.9702851565512347,1.3157484390837193
7345.717216473458,-0.9631570803420999,1.3185605141698244
7347.136480760017,-1.09626583944981,1.3206718236580675
7348.555745046575,-0.7822935716465906,1.3140453347756906
7349.975009333132,0.08333753502181196,1.2981459242391973
7351.39427361969,0.9095816735359854,1.2908754832868152
7352.813537906248,0.2792175117653244,1.2874683190438987
7354.232802192806,-1.0769553038764066,1.2582652364319946
7355.652066479363,-1.369056588228851,1.2300524456618889
7357.071330765921,-1.092472126858116,1.2279751789100055
7358.490595052479,-0.8533790773623657,1.2609270422944083
7359.909859339037,-0.7229016220545788,1.312034188492386
7361.329123625595,-0.38392367743060873,1.3130895414877415
7362.748387912152,-0.1966690538207132,1.301643152145404
7364.16765219871,-0.17435532534708287,1.2522743766665145
7365.5869164852675,-0.6797593686018963,1.1674314603216853
7367.006180771825,-1.2690404515284683,1.0959722722710479
7368.425445058383,-1.022365162915193,1.1088013727248955
7369.844709344941,-0.3039261359485721,1.2199623507788642
7371.263973631499,0.03489917463021186,1.2845450554610003
7372.683237918056,0.34888105164638006,1.2969020072074022
7374.102502204614,0.22822760934807107,1.2962218488916177
7375.5217664911725,-0.13316190628742675,1.306787794992606
7376.94103077773,-0.35138087646058835,1.3276897533641945
7378.360295064287,-1.0391458088302201,1.3282846384946911
7379.779559350845,-0.884478556180845,1.3321380425682967
7381.198823637404,0.021290642079929256,1.3196738958235992
7382.618087923961,0.43120505849886825,1.3134358064884002
7384.037352210518,0.4063478575655175,1.3130221297948417
7385.4566164970765,0.6276353968929946,1.3042747520079367
7386.875880783635,0.4935009808917137,1.2892272400188107
7388.295145070192,-0.388952075531968,1.266250254016945
7389.7144093567495,-0.7844244401974123,1.2570019207854042
7391.133673643308,-0.3990772298227405,1.2657177675345166
7392.552937929865,0.2582822201303081,1.2859453306964488
7393.972202216422,0.4415976371386101,1.3036162082716891
7395.391466502981,0.05700428256482226,1.2996220668076308
7396.810730789539,0.4158141106348374,1.2602645870662341
7398.229995076096,-0.1792713738195424,1.2014918838545647
7399.6492593626535,-0.7295142907574537,1.1735161684268312
7401.068523649212,-0.63022542773437,1.196374768814255
7402.48778793577,-0.1198341009656616,1.2588023751489015
7403.907052222327,-1.1091985608149884,1.321735880661186
7405.326316508885,-0.4834640910700898,1.3327900092162168
7406.745580795443,-0.08990659446689264,1.3296873924509438
7408.164845082001,0.0837379052829057,1.3232591687242914
7409.5841093685585,0.166210669746512,1.3181118642441043
7411.003373655116,0.2521100909527796,1.3147567310696426
7412.422637941674,0.2910309176897776,1.3123870329568577
7413.841902228232,0.2218239588238866,1.316262385039212
7415.261166514789,-0.002406594828329389,1.325770885709921
7416.680430801347,-0.13226555186690447,1.3310428215947185
7418.099695087905,-0.04037599977829487,1.3293007960361596
7419.518959374463,0.17569669389079934,1.3246378664714622
7420.93822366102,-0.049498218779660874,1.3249585062934026
7422.357487947578,-0.5351157368627568,1.3370202672450486
7423.776752234136,-0.4346858608231656,1.331635087500643
7425.196016520694,-0.5687364581218262,1.3145051640462613
7426.615280807251,-0.8147404391801736,1.2968527686483498
7428.034545093809,-0.3957608963462178,1.2901343810800983
7429.453809380368,-0.007868739043665585,1.303267762353657
7430.873073666925,0.1616814651774483,1.3188429291965194
7432.292337953482,0.09162898006310982,1.3162356476072337
7433.7116022400405,-0.29433140202225516,1.294501245637734
7435.130866526599,-0.3796900127537981,1.263822318681522
7436.550130813156,0.5650585858302115,1.2441470590253683
7437.969395099713,-0.17403248075254396,1.2771092544217528
7439.388659386272,-0.47901096922882047,1.3125533221748913
7440.807923672829,-0.2866509780851594,1.3296357055594548
7442.227187959386,0.010988313374678427,1.3317760764140345
7443.646452245945,0.22179396771353765,1.328255311187538
7445.065716532503,0.3336959273326805,1.3276196819057313
7446.48498081906,0.07622100392837083,1.3271205452689194
7447.9042451056175,-0.3347959031765839,1.328126283327923
7449.323509392176,-0.2675635488840733,1.329367897385041
7450.742773678734,0.09228596044771109,1.3283873573861569
7452.162037965291,0.3093880758551144,1.3265655882560206
7453.581302251849,0.008699438352760325,1.3326155777544433
7455.000566538407,-0.04560723687174573,1.333769328632274
7456.419830824965,-0.011781303275178345,1.3299127801403967
7457.8390951115225,-0.12054090653882099,1.3265318777139563
7459.25835939808,-0.3548722474529207,1.3254468812443676
7460.677623684638,-0.5838617804831223,1.3252324714363775
7462.096887971196,-0.7846850722011744,1.320628314565225
7463.516152257754,-0.7411650379204495,1.3153929403092923
7464.935416544311,-0.19776911716154189,1.3090352837256898
7466.354680830869,0.3027647228829409,1.2977407139497479
7467.773945117427,-0.09003229008330749,1.2887266037794902
7469.193209403984,-1.7027005486197062,1.2897149949876645
7470.612473690542,-1.0326029181692924,1.2648219591280467
7472.0317379771,-0.05362944091870503,1.2760857653109736
7473.451002263658,-0.24251596770199768,1.2974031698042459
7474.870266550215,-0.3159717605153034,1.297971576864383
7476.289530836773,0.17878414398144216,1.2767305127488449
7477.708795123332,0.2261476963260982,1.2671337674531533
7479.128059409889,-0.017256256204316145,1.2487690272084804
7480.547323696446,-0.45175851281876334,1.2529210143193217
7481.9665879830045,-0.5334786530471689,1.2681755680298057
7483.385852269563,-0.2503922833862262,1.2942257294784982
7484.80511655612,-0.006914770577257201,1.3220854699834852
7486.224380842677,-0.6663841393608863,1.316489388102954
7487.643645129236,-0.37368354625143496,1.3275810834359123
7489.062909415794,-0.44633519279308587,1.3196413674516017
7490.48217370235,-0.7471203675244098,1.3129420929254392
7491.901437988909,-1.001070127756993,1.3174325595621292
7493.320702275467,-0.8987660199004139,1.331269912978355
7494.739966562024,-0.3535032561993745,1.336674832636837
7496.1592308485815,0.17321290459986827,1.3299089941125706
7497.57849513514,0.20033694519647582,1.329935737094598
7498.997759421698,0.002278534969292423,1.3307294213263843
7500.417023708255,-0.2053267518364592,1.3315050160056356
7501.836287994813,-0.36609875825975635,1.3411346844725158
7503.255552281371,-0.06133327019302115,1.3274995009029265
7504.674816567929,0.3066350882144562,1.327831458593079
7506.0940808544865,0.059723058057649325,1.3326941185652532
7507.513345141044,-0.07644082272818409,1.334124512785685
7508.932609427602,0.4108989514538557,1.3297213072493836
7510.35187371416,-0.21850193890167802,1.3314325263666638
7511.771138000718,-0.23824431545900282,1.3402872034895883
7513.190402287275,0.05991993729980294,1.3241156640341454
7514.609666573833,0.17662440556035008,1.3114437744363265
7516.028930860391,0.07002134443357022,1.3089716951085564
7517.448195146948,0.12235802012714814,1.2979472133141883
7518.867459433506,0.6744408338238657,1.2473676192679093
7520.286723720064,0.5311733371787497,1.1690157479858572
7521.705988006622,0.419789638536745,1.1444298719927726
7523.125252293179,0.34087475888903285,1.1782966783395443
7524.544516579737,0.0567717673903303,1.2420732017812715
7525.963780866296,-0.6930101405477771,1.285407216598512
7527.383045152853,-0.9099800104861124,1.2566748520461395
7528.80230943941,-0.3922717471940196,1.2605217536288225
7530.2215737259685,-0.2665489125147644,1.2835038823121905
7531.640838012527,-0.4427996445604272,1.3092582541134432
7533.060102299084,-0.04698933491128798,1.3243992028885705
7534.479366585641,0.09797564357043953,1.3202732706851759
7535.8986308722,-0.3109984692951535,1.3172557946803305
7537.317895158758,0.32092649144401975,1.3051807356911718
7538.737159445315,1.03988554895313,1.2967365723240267
7540.156423731873,0.8546283883407817,1.302307349178277
7541.575688018431,0.15265269105096735,1.3144251793571216
7542.994952304988,0.6278170920134691,1.3150662136236173
7544.4142165915455,1.0457581564196445,1.299139858381067
7545.833480878104,0.892982592310986,1.2934375996205087
7547.252745164662,0.4286114308258142,1.3015601724352988
7548.672009451219,0.39645958460778985,1.308078662860385
7550.091273737777,0.12699077075865262,1.3131644736663237
7551.510538024335,0.03309173586065839,1.3080362481234244
7552.929802310893,0.3455021220052572,1.287788908695178
7554.3490665974505,0.6550731352234749,1.269549453364751
7555.768330884008,0.5252340373005389,1.2702623728664357
7557.187595170566,-0.15997234587134557,1.28886040885545
7558.606859457124,0.20547413350218235,1.3052338255128069
7560.026123743682,0.4602547903798566,1.3110117465240378
7561.445388030239,0.6557576030482792,1.3103452346949696
7562.864652316797,0.5355463651341452,1.3087560978745103
7564.283916603355,-0.4629569379123595,1.310836990392124
7565.703180889912,-1.0836085496423067,1.300984994624602
7567.12244517647,-0.6099573578917976,1.241287910746224
7568.541709463028,-0.0999631365893272,1.1864588540459313
7569.960973749586,0.5481101921236089,1.170062141307787
7571.380238036143,1.4709928402814967,1.2046984250644222
7572.799502322701,1.268214007956221,1.257793205952389
7574.21876660926,1.325918595340287,1.2809461434802436
7575.638030895817,1.0535366890724838,1.287464161503066
7577.057295182374,0.3881866560844962,1.2991982910558348
7578.4765594689325,-0.06350135063066276,1.3159221868421045
7579.895823755491,1.1025661351393907,1.2961968704266653
7581.315088042048,1.0491692446026235,1.2698522856156154
7582.734352328605,0.984237209153445,1.2489156326854502
7584.153616615164,0.9526511862855145,1.2435252570854944
7585.572880901722,0.8502325362355414,1.262823356969285
7586.992145188279,0.5961239348347895,1.307904688064559
7588.411409474837,0.5666052167645006,1.2976697104458372
7589.830673761395,1.1205692938461596,1.2668672006017425
7591.249938047952,0.9621883433999336,1.2266653519755104
7592.6692023345095,0.41766446427872594,1.1633266443606274
7594.088466621068,0.16081746194740276,1.065525162770085
7595.507730907626,-0.23021671578108993,0.9635465505709286
7596.926995194183,-1.299031885194264,0.9305989456098674
7598.346259480741,-1.9217727105536433,0.9560299663102568
7599.765523767299,-1.2919037813267344,0.9809298178502311
7601.184788053857,-0.00031021156568655783,0.9760513767977553
7602.6040523404145,-1.1850323433955943,0.9824517252533735
7604.023316626972,-1.0911801829883387,0.9862812399869003
7605.44258091353,-0.4802445915080682,1.0094133044743532
7606.861845200088,-0.0005158946993653046,1.032585267494183
7608.281109486646,0.18549276675571136,1.053472487742723
7609.700373773203,0.37862249394602543,1.0862262710007675
7611.119638059761,1.377181098226682,1.1183209510599623
7612.538902346319,0.39708012961348516,1.1676491562858824
7613.958166632876,-0.23622076770270084,1.2017486079906037
7615.377430919434,0.040286837340357096,1.2156154983945655
7616.796695205992,0.8183601183166616,1.216542313280997
7618.21595949255,1.0015115504096457,1.1963398438439163
7619.635223779107,0.4787772796361587,1.1837895080671035
7621.054488065665,0.18980661025475598,1.1649278641178693
7622.4737523522235,0.7644013869502935,1.1357929437463967
7623.893016638781,2.0296472244252683,1.0976572321294147
7625.312280925338,1.2946760065919634,1.0597330413430086
7626.731545211896,0.819853431353863,1.061148711824176
7628.150809498455,0.7421681174824926,1.089409349139487
7629.570073785012,0.7369667624161202,1.1237589959601673
7630.989338071569,0.6964669322138128,1.1487617959165042
7632.408602358128,0.9604826348870077,1.161965004876254
7633.827866644686,-0.1509073918379329,1.1758471686080845
7635.247130931243,-0.15247651900452297,1.1810413534888384
7636.6663952178005,-0.126475248702846,1.1886882301431623
7638.085659504359,-0.4383460265053145,1.1979208472888645
7639.504923790916,-0.44254976723199135,1.1934291986153265
7640.924188077473,0.1528658847555775,1.210797351205509
7642.343452364032,-0.9163821069962026,1.223056856738281
7643.76271665059,-0.12710897440912916,1.218122460407673
7645.181980937147,1.118449077862433,1.214352212551843
7646.601245223705,-1.5110385146959793,1.2459979160857453
7648.020509510263,-1.2394332005386026,1.2335743597328914
7649.439773796821,0.2749230205770914,1.2074309530008596
7650.859038083378,0.21900936959168504,1.2089827834592877
7652.278302369936,-1.0446174863991686,1.2339508223121747
7653.697566656494,-1.6306550021679094,1.2552203747145019
7655.116830943052,0.37165960440255574,1.2447660378735017
7656.53609522961,0.0,1.239944575168843
7657.955359516167,-0.6451291732457243,1.231808685644383
7659.374623802725,-1.1793032709673312,1.2271483021974496
7660.793888089283,-2.2629333880280242,1.2445729590657186
7662.213152375841,-6.01739479483226,1.3439779813065387
7663.632416662398,-10.630860917779682,1.4616093800525523
7665.051680948956,-11.339399710859922,1.4948225350708708
7666.470945235514,-8.728757815579709,1.4502278634955321
7667.890209522071,-4.793917830528198,1.3675373395308814
7669.309473808629,-1.7226405354051018,1.307614124896456
7670.7287380951875,-0.19037852976393665,1.2796473409284437
7672.148002381745,0.19879649855834103,1.2777939945183452
7673.567266668302,-0.32680903662620153,1.290780105475635
7674.98653095486,-1.1994607680923721,1.3047451432747523
7676.405795241419,-0.7924356856616193,1.3022085327112374
7677.825059527976,-0.059267219186473596,1.289735288802524
7679.244323814533,-0.22952249547630288,1.2872227760718586
7680.663588101092,-0.7080493826800947,1.288533943547981
7682.08285238765,-0.7661885155165464,1.2864039753322158
7683.502116674207,0.1746736131998432,1.2778900802665587
7684.9213809607645,-0.060761008940080075,1.2774710500166229
7686.340645247323,-0.0989057534246065,1.2759455222482918
7687.759909533881,0.11422077091480887,1.272071345717557
7689.179173820437,0.37814723105988435,1.267436071120377
7690.598438106996,0.25286529750453823,1.2680930880698975
7692.017702393554,-0.1301511752862723,1.2794667501158277
7693.436966680111,-0.557926844936091,1.285713835642346
7694.856230966669,-1.564529989441649,1.2953145755781286
7696.275495253227,-3.910892481087334,1.3212447861075525
7697.694759539785,-8.799049404058966,1.3836836479184862
7699.114023826342,-8.70909376463068,1.411619729723108
7700.5332881129,-6.0681225062207815,1.3866289849719373
7701.952552399458,-3.0538162793584114,1.3451732738744704
7703.371816686016,-1.1305086145236025,1.3117651112437374
7704.791080972574,-0.7002002675257053,1.2847092244226506
7706.210345259131,0.8960453013745031,1.2416215294362527
7707.629609545689,0.8400708276074447,1.167528652613628
7709.048873832247,-0.02001018774147667,1.1043801604308014
7710.468138118805,-0.9204969768697815,1.0767093503481244
7711.887402405362,-1.4629281835749026,1.0755582646803212
7713.30666669192,-0.8439817619704151,1.0645718542263507
7714.725930978478,0.2957617977875202,1.0575839243597296
7716.145195265035,0.927834611393461,1.101993385179535
7717.564459551593,0.5177529850912279,1.1992828751348477
7718.9837238381515,-0.4488750708854887,1.2625658151099837
7720.402988124709,0.06289267712745072,1.2429433386264732
7721.822252411266,0.20934829932161136,1.2165351846031487
7723.241516697824,0.24794490137470504,1.2059186471843495
7724.660780984383,0.5079669670106455,1.2187862156837843
7726.08004527094,1.314532155127452,1.241288948588029
7727.499309557497,0.3249288272172386,1.2677139595983369
7728.918573844056,0.3052749729346509,1.2716661524687427
7730.337838130614,0.40426081235144196,1.2664940301825474
7731.757102417171,-0.01268512288462631,1.264499818368808
7733.1763667037285,-0.18005364798717594,1.2667906960533384
7734.595630990287,0.2445247504498944,1.2660879801264608
7736.014895276845,0.5823185068288375,1.2623955069692907
7737.434159563402,0.6719295806648482,1.2592325674945004
7738.85342384996,0.5273361071697806,1.2598191985277059
7740.272688136518,0.6873343548608624,1.265658084045228
7741.691952423075,0.2680373907881517,1.2689504312128683
7743.111216709633,0.27345810502916024,1.2542310194686836
7744.530480996191,0.5569913646337383,1.2029778031175953
7745.949745282749,0.7918616069165765,1.1065826645672254
7747.369009569306,0.5242004067186699,0.9942032706979873
7748.788273855864,1.0094831961733313,1.0034676231090418
7750.207538142422,0.7005216584050196,1.0975115946461704
7751.62680242898,0.09116905883977111,1.2048772865690802
7753.046066715538,-0.04411517724695457,1.2522151168533768
7754.465331002095,-0.16264071425905158,1.229525816454622
7755.884595288653,0.016476845012530106,1.169581080401893
7757.303859575211,0.5022683482642947,1.1294314728176513
7758.723123861769,0.803247201997717,1.1423908254976027
7760.142388148326,0.29341402718791443,1.224172098239583
7761.561652434884,-0.25065994231401234,1.2761662682424282
7762.980916721442,0.26012785249047354,1.2840853847325076
7764.400181007999,0.22682979143821314,1.2836391945595147
7765.819445294557,-0.40044622288555587,1.282727622756418
7767.2387095811155,-0.8009366808639555,1.274935209754988
7768.657973867673,0.4991376142962345,1.2394334908929532
7770.07723815423,0.6924290974025773,1.2103702072068472
7771.496502440788,0.940757030149431,1.202180232294827
7772.915766727347,1.180886359156652,1.218482758061548
7774.335031013904,0.2595955032743724,1.2531518786628684
7775.754295300461,0.0162327181586015,1.2134456394668154
7777.17355958702,0.38417206777856805,1.1826982675186617
7778.592823873578,0.7532534104753026,1.1816734811595127
7780.012088160135,0.8267279289844396,1.213350169310742
7781.4313524466925,0.6520502813545264,1.254663763672604
7782.850616733251,0.43963892042443575,1.2612368456790697
7784.269881019809,0.07693802233431768,1.2667691520794444
7785.689145306366,-0.15279725430679036,1.2660863914140876
7787.108409592924,-0.0859852236275529,1.2490071461692303
7788.527673879482,-0.129674439697137,1.194260705945206
7789.946938166039,-0.1564899024310158,1.0814036254472674
7791.366202452597,0.5869271274647438,0.9789360156698844
7792.785466739155,0.5792546075795784,0.9534174626573413
7794.204731025713,-1.3697049567060304,1.0544926105169243
7795.62399531227,-0.545537057847401,1.224300132345905
7797.043259598828,-0.15438168569714605,1.2733072307483966
7798.462523885386,-0.36525965189210297,1.2867627846726597
7799.881788171944,-0.6640322034838597,1.2887278722113171
7801.3010524585015,-0.22663080822138326,1.2810366062014555
7802.720316745059,0.3178691682740826,1.2428200355647674
7804.139581031617,0.17031143791479053,1.1854309493451065
7805.558845318175,0.13644046996363457,1.1495919500545464
7806.978109604733,0.2793220078346472,1.158858942211153
7808.39737389129,-0.021997150979846225,1.225870922617693
7809.816638177848,-0.3296199423737356,1.2494623991925358
7811.2359024644065,0.07138129510267532,1.2580960366191078
7812.655166750963,0.7809316893736877,1.2526743881494575
7814.074431037521,1.2537067501219,1.2368885916631676
7815.493695324079,0.48345466938181403,1.2240343227496835
7816.912959610637,-2.197884009233295,1.0913936398166313
7818.332223897194,-2.141025192458578,1.0097371723081057
7819.751488183752,-0.4159821792256473,1.0118129005896048
7821.170752470311,0.7739768956972881,1.0995328878346433
7822.590016756868,-1.8810053409529566,1.238600213656582
7824.009281043425,-1.0193610299859586,1.2704833587327538
7825.4285453299835,-0.428768313715846,1.2742162443160403
7826.847809616542,-0.6005933457267538,1.2733942961868343
7828.267073903099,-0.5765401705276929,1.2707511165069931
7829.686338189656,-0.49637875222002137,1.2664956125423101
7831.105602476215,-0.5146736182282083,1.2653349985073994
7832.524866762773,-0.42198546097280243,1.2642703145060599
7833.94413104933,-0.15730108752704197,1.259567088027973
7835.363395335888,0.2076871465170207,1.2447439297402243
7836.782659622446,-0.5864890129958376,1.2068918854442585
7838.201923909003,-0.44597506042019575,1.1789910839471176
7839.6211881955605,0.046681941730483345,1.1777396163070062
7841.040452482119,0.2130659300452642,1.210483782181288
7842.459716768677,-0.22241258017804455,1.2534864815088587
7843.878981055234,-0.3683172402855881,1.2533234142128054
7845.298245341792,-0.3924476197785225,1.228452457244995
7846.71750962835,-0.295261732545665,1.1819568648152092
7848.136773914908,-0.08439913254539988,1.1132309555342512
7849.5560382014655,-1.9642294568173781,1.0139905310014805
7850.975302488023,-1.046122162803936,0.9910295738789139
7852.394566774581,0.6257882112853501,1.0406891574011967
7853.813831061139,1.3913384470068912,1.1270107653462544
7855.233095347697,-0.6771019581438757,1.1534128231105392
7856.652359634254,0.9663173652452564,1.0945963446557654
7858.071623920812,0.5105645277802076,1.0822506817793038
7859.4908882073705,-0.365232301622342,1.1221204820609458
7860.910152493928,0.08980104222412777,1.1962540895641829
7862.329416780485,0.22192275443391551,1.2248375735506165
7863.748681067043,-0.10562013286992666,1.193531296326737
7865.167945353601,-0.37213199809528064,1.152576162419756
7866.587209640158,-0.8575999089358568,1.1199437743357847
7868.006473926716,-2.2358605726609326,1.1032060762511313
7869.425738213275,-0.7141423018203348,1.1321020196922948
7870.845002499832,-0.5014619022244027,1.197459080538481
7872.264266786389,-0.7364417209807641,1.2415807933554017
7873.6835310729475,-0.7834684350195893,1.2345683198316049
7875.102795359506,-0.21424304060305133,1.1907190951403104
7876.522059646063,0.1313020225115089,1.1513204526522358
7877.94132393262,0.3217239700659569,1.141154488156661
7879.360588219179,0.23853911017661744,1.1593653429746071
7880.779852505737,-0.18114576625202616,1.1970366545656073
7882.199116792294,0.27588033470071593,1.2187310896410959
7883.618381078852,0.19163641009044596,1.207861392325738
7885.03764536541,-0.1434644343250966,1.166706907406461
7886.456909651968,-0.45532515320095257,1.114422616551827
7887.8761739385245,-0.3368493844418481,1.0972821285206185
7889.295438225083,-0.9801523979266449,1.1617689188812406
7890.714702511641,-1.1917818732250822,1.2169646584053504
7892.133966798198,-1.0426454730073154,1.2473584013663288
7893.553231084756,-0.6824500413251009,1.24915186095052
7894.972495371314,-0.028675546878673686,1.2482395235760517
7896.391759657872,0.33170913870927166,1.2409835093597
7897.8110239444295,0.17973929268423916,1.2443616379338236
7899.230288230987,-0.3513419415661865,1.2550587210086304
7900.649552517545,-0.823547206003564,1.257086483963641
7902.068816804103,-0.56865241980028,1.2578900815589327
7903.488081090661,-0.43546118174485215,1.2494860471511606
7904.907345377218,-0.3670301919964558,1.2398518828837446
7906.326609663776,-0.24562696602134793,1.2250594470610694
7907.7458739503345,-0.2874098087321215,1.1478952070122173
7909.165138236892,-0.4143495765076004,1.0150015971381035
7910.584402523449,0.07470196437458299,0.933467091784012
7912.003666810007,0.9498204986836818,0.9421002857907866
7913.422931096565,1.5545490876815578,1.0600467742192303
7914.842195383122,-0.9432905465951933,1.1463244168866749
7916.26145966968,-0.9624356627260973,1.136789250566471
7917.680723956239,0.6088422378607845,1.093612872448105
7919.099988242796,2.4588470936339917,1.070537166420757
7920.519252529353,1.2517502722886,1.1268199279577877
7921.9385168159115,-0.16453317462569927,1.1941628168113836
7923.35778110247,-0.4800101502340226,1.2276207943686195
7924.777045389027,-0.05018159220682605,1.2228403296302428
7926.196309675584,0.1749224848467037,1.1893032813162112
7927.615573962143,0.09419278702460332,1.1372116665622278
7929.034838248701,0.3401209885863459,1.1218715072947727
7930.454102535258,0.716983567584137,1.144331548054932
7931.873366821816,0.9188819954817262,1.1959930883220433
7933.292631108374,0.01078504462759966,1.2376574812275076
7934.711895394932,0.07490527311822603,1.2474441376771253
7936.131159681489,-0.11552807210670935,1.2506583513260336
7937.550423968047,-0.3664679684211336,1.2504302625547412
7938.969688254605,0.05188848936891688,1.2436526547091913
7940.388952541162,0.4482797356669259,1.2336089666125816
7941.80821682772,0.07796295270795284,1.2292280740346007
7943.227481114278,-0.10547645632499325,1.21460327771261
7944.646745400836,0.3211082121882569,1.1813761517596302
7946.0660096873935,0.001909826486137689,1.1422757790111062
7947.485273973951,-0.19653048717338706,1.1537728194180523
7948.904538260509,-0.4132697847060953,1.1912692437002268
7950.323802547067,-0.5229492916310043,1.231985546982363
7951.743066833625,-0.29419201099355874,1.2437469736181135
7953.162331120182,0.40410394378056225,1.2372546484666818
7954.58159540674,0.35051484505964225,1.240861229145044
7956.0008596932985,-0.11949523315445276,1.2465574844847152
7957.420123979856,-0.5773325055881848,1.2405515548284838
7958.839388266413,-0.1774067882706909,1.1694232589625204
7960.258652552971,-1.5677421244434058,1.0195379910165334
7961.677916839529,-2.5081935834277402,0.9291171255159462
7963.097181126086,-1.8947683165013736,0.9434383029063982
7964.516445412644,1.2437542772354,1.0653284471871522
7965.935709699203,-0.24012986832857308,1.1748695096923696
7967.35497398576,0.09329647792163343,1.2158432723871544
7968.774238272317,0.8635990950882864,1.2227592264595473
7970.1935025588755,0.15998202919301008,1.23628491698927
7971.612766845434,-0.04045924388011457,1.2268841277701157
7973.032031131991,0.08591961154082028,1.2028890895611097
7974.451295418548,-0.26246428289321955,1.1646155227398003
7975.870559705107,-1.0799093116473202,1.1208823880513148
7977.289823991665,-0.941512410185382,1.1039413876804676
7978.709088278222,0.10130577593941936,1.1324167667562373
7980.12835256478,0.34692612258760036,1.1792389106961385
7981.547616851338,0.061146201264701716,1.223492761867948
7982.966881137896,0.06785437499672753,1.2403697774656013
7984.386145424453,0.15410656900230535,1.2240602848813125
7985.805409711011,-0.07487780004488798,1.189437734940775
7987.224673997569,0.05998651690825696,1.1270795307118555
7988.643938284126,0.5507328777652525,1.0364490558711528
7990.063202570684,-2.0887674721276888,0.9555572026889441
7991.482466857242,-0.2693803998356188,0.9581441536722687
7992.9017311438,0.9349849838006037,1.0478217520472959
7994.3209954303575,0.209765212538084,1.1791264429055157
7995.740259716915,-1.8620231335826674,1.231288243819638
7997.159524003473,-0.28777232637673933,1.2369679846632933
7998.578788290031,0.7020294912126808,1.229438468738046
7999.998052576589,0.7960200631979397,1.2256258291196505
8001.417316863146,0.161823921425146,1.2404481193655301
8002.836581149704,0.23969903948792393,1.2364717303004482
8004.2558454362625,0.15356403350282122,1.2427265080560024
8005.67510972282,-0.017007878266152687,1.2455097315629462
8007.094374009377,-0.17930182891362278,1.2365190509253319
8008.513638295935,-0.08608447057894963,1.2130763359279166
8009.932902582494,-0.5070531505038929,1.173011594727802
8011.35216686905,-0.21344317750424224,1.1476586908994788
8012.771431155608,0.4392899026083157,1.1495211438042898
8014.1906954421665,-0.04866735651891929,1.1889005886773305
8015.609959728724,-0.19509997316132655,1.21732566845072
8017.029224015281,-0.0007993575012328336,1.2181969489761568
8018.4484883018395,0.2307884015981827,1.1962221770549024
8019.867752588398,0.18532306282255107,1.1581412159131144
8021.287016874955,0.5637150660169112,1.0787978082398837
8022.706281161512,0.4038859818360798,1.0274010431301506
8024.125545448071,0.49713976702999574,1.0298622504398292
8025.544809734629,1.0752495984320518,1.0915837968410194
8026.964074021186,0.834113709330289,1.1622566265665768
8028.3833383077435,-0.20835293303485258,1.1980639059629825
8029.802602594302,-0.9807657013001823,1.2262694811145398
8031.22186688086,-1.0837334597688724,1.2472840505550487
8032.641131167417,-0.2717310497223089,1.243440388685209
8034.060395453975,-0.21618492107478815,1.2469230515914935
8035.479659740533,-0.13594717477537444,1.2462599730432011
8036.89892402709,-0.050142275747351306,1.243535365319981
8038.318188313648,-0.05139963461436281,1.24300398094771
8039.737452600206,-0.2731318222706385,1.2470641927925756
8041.156716886764,-0.3109355278490362,1.2477286049384548
8042.575981173321,-0.1008503221152317,1.2449592188223846
8043.995245459879,0.3178863761259514,1.2388216807097034
8045.414509746437,0.19912943868330757,1.229265403598414
8046.833774032995,0.11809531790246552,1.2088020851146375
8048.253038319553,0.07773370416037295,1.1873612517848033
8049.67230260611,0.15235733751937985,1.1731685046764653
8051.091566892668,0.4448240365227569,1.183007334715559
8052.510831179226,0.8613966647788374,1.2085881140902555
8053.930095465784,0.8220160582479004,1.2259539173216492
8055.349359752341,0.31079784165884305,1.2239153986835283
8056.768624038899,-0.5254786067832171,1.189406043199023
8058.187888325458,-0.10439092860248422,1.117670461415183
8059.607152612015,0.37430031986082923,1.086937102366103
8061.026416898572,0.5940818900688605,1.1045516172441028
8062.4456811851305,0.2494862575007346,1.1701720619073788
8063.864945471688,-0.12064976817272566,1.2171501785348586
8065.284209758245,0.202976340436674,1.2331714072663398
8066.703474044803,0.3301662932995768,1.234866524846408
8068.122738331362,-0.16263594142587579,1.2338476093778656
8069.542002617919,-0.11199213831105581,1.2367822890031308
8070.961266904476,0.14713392518279989,1.2305912391409346
8072.380531191035,0.2618884653523388,1.2280943017183354
8073.799795477593,0.17112361957694944,1.231070966644814
8075.21905976415,0.08753476986197839,1.2290181913531943
8076.6383240507075,0.8154111994205238,1.2261210660983128
8078.057588337266,0.9192637276916358,1.225285591050512
8079.476852623824,0.45118485188426405,1.2239906190260983
8080.896116910381,0.09668391559853617,1.2156957967881628
8082.315381196939,0.557413880545667,1.2127384925796074
8083.734645483497,0.8324838252271505,1.214191484520859
8085.153909770055,0.6488352614380659,1.2229178858421135
8086.573174056612,-0.18739154117173484,1.2424296770351482
8087.99243834317,-0.008040192303663929,1.2329126689533958
8089.411702629728,0.14345123334939203,1.2180610476942515
8090.830966916285,0.4752549447211507,1.2033152078915037
8092.250231202843,1.073104335109882,1.1948691284214583
8093.669495489401,0.6645578497683324,1.2188392960606642
8095.088759775959,-0.019489517396198863,1.2316826483537182
8096.508024062517,-0.31293701439702204,1.2271257377857316
8097.927288349075,0.01758810599838867,1.2033160533023157
8099.346552635632,0.32210256589971564,1.1689909694904588
8100.7658169221895,0.29242180852664745,1.1709246100181625
8102.185081208748,0.30269102421105387,1.1876980868196878
8103.604345495305,0.3363153797354812,1.2096780002748888
8105.023609781863,-0.2203358443451826,1.2265471752926176
8106.442874068421,-0.5435991697700828,1.2339105868512836
8107.862138354979,-0.25043458748259795,1.2321936526424881
8109.281402641536,0.24993053819446587,1.2268240374722483
8110.7006669280945,-0.22231400269867407,1.230118983502993
8112.119931214652,-0.5032185847547268,1.2302210253354626
8113.53919550121,-0.4437918571533075,1.2311735805048991
8114.958459787767,-0.2914919190716425,1.234334691531611
8116.377724074326,-0.4463852374224757,1.2411497332117452
8117.796988360883,-0.2984427785974546,1.2306518003991684
8119.216252647441,0.15304318672499306,1.2198688929723096
8120.635516933999,0.19365909862282038,1.2153052460030493
8122.054781220557,-0.863176977489438,1.222639602752623
8123.474045507114,0.5906992208130646,1.2134776939415397
8124.8933097936715,0.5255130946768425,1.2186273729766157
8126.31257408023,0.045446108316998135,1.2240097400330943
8127.731838366787,0.015436695502110354,1.2186280339090627
8129.151102653345,0.7079000847144918,1.19844968574807
8130.570366939903,0.46443272559279336,1.1989378171779892
8131.989631226461,0.014687814952107914,1.203654167954102
8133.408895513018,-0.19253924460800675,1.2032273965381022
8134.8281597995765,0.5433740530148441,1.1933667733634117
8136.247424086134,-0.1410192099419092,1.1934605645777114
8137.666688372692,-0.7048268029079168,1.195664377058967
8139.085952659249,-0.5584576706767628,1.1975690248758926
8140.505216945808,0.3087926013680722,1.2021120159109617
8141.924481232365,0.23695864649604204,1.1891082199080054
8143.343745518923,0.02431600284610269,1.1814845815910695
8144.763009805481,-0.3010954326047255,1.1871272971170022
8146.182274092039,-1.4739237207190818,1.2116889831431779
8147.601538378596,-0.7020196920464912,1.200259396795765
8149.0208026651535,0.07969979302353991,1.192597119727333
8150.440066951712,0.2731642910079941,1.1959435998522405
8151.859331238269,-0.7085556294028983,1.2090625577332126
8153.278595524827,-1.1545783634439886,1.221203285670182
8154.697859811385,-0.5313931265102916,1.2168786002494374
8156.117124097943,0.5329007179488947,1.2010067562081748
8157.5363883845,0.5932791112253639,1.1875289601295835
8158.9556526710585,-0.2652964797738022,1.1864674751035165
8160.374916957616,-0.8022157291491041,1.1881858303321615
8161.794181244174,-0.8485643144657402,1.1900113615230679
8163.213445530731,-0.2819774816431,1.1890526444736504
8164.63270981729,-0.1213192712390061,1.1953708613484173
8166.051974103847,-0.4881551622901661,1.196987324078839
8167.471238390405,-0.34934927162131046,1.1887282830690802
8168.890502676963,1.658630424957522,1.1646381919188793
8170.309766963521,1.3651826552469721,1.1758876480329516
8171.729031250078,0.14122679580528086,1.1883121867742088
8173.1482955366355,-0.9282407376603743,1.1898351248133954
8174.567559823194,-0.7390085739020122,1.1684302343775648
8175.986824109751,0.7422764805702755,1.1342070553751857
8177.406088396309,-0.36717419547062846,1.1434908233205632
8178.825352682867,-2.256305879541557,1.1685254015046738
8180.244616969425,-3.243950703093546,1.1830605406785202
8181.663881255982,-3.0239541919478654,1.1754592784504831
8183.0831455425405,-3.2590872489037785,1.1718135180889269
8184.502409829098,-3.317146986909023,1.165877703802473
8185.921674115656,-2.6691274894098633,1.1528243159816252
8187.340938402213,-0.4230353425185669,1.1377704166622555
8188.760202688772,-0.4962110719273767,1.1269988545852938
8190.179466975329,-1.3118417893293142,1.1201749014213875
8191.598731261887,-1.8653290398430862,1.1187464037859463
8193.017995548445,-4.0310985445212175,1.1510345678759493
8194.437259835002,-5.157115561329039,1.1810073327399258
8195.85652412156,-4.839336305880202,1.193842041593691
8197.275788408118,-2.8897811452864417,1.1817442969237655
8198.695052694675,-0.7887672235143341,1.1722429846910565
8200.114316981233,-0.5627430593052338,1.179669522096386
8201.533581267791,-0.6186517408107761,1.188225427637405
8202.952845554348,-0.13151235140032114,1.1893167143378673
8204.372109840908,-0.2012698630378722,1.1904246398258358
8205.791374127464,0.21619180706267116,1.1896107784795815
8207.210638414022,0.7652053301288788,1.1868518455895734
8208.62990270058,1.194432011736044,1.1831534251287659
8210.049166987137,0.6245894818903786,1.1899998295453622
8211.468431273695,0.7243505272389257,1.189108710702032
8212.887695560254,0.7281134856331022,1.1863185436055796
8214.30695984681,0.3299340140029905,1.1854269939684854
8215.72622413337,-0.03792771644483395,1.194263671559628
8217.145488419927,0.10593451038334933,1.188396958071824
8218.564752706485,0.2334630131669435,1.186992880101249
8219.984016993043,0.039384225450309174,1.1976169547889877
8221.4032812796,-0.9737113729032529,1.195100011045178
8222.822545566158,-0.9306471183986957,1.1752795701090224
8224.241809852716,-0.14457377210638356,1.1463025212224072
8225.661074139272,0.9739235190344502,1.1167842179941516
8227.08033842583,0.09897499440067747,1.1352657101745938
8228.499602712389,-0.005924815283233187,1.1535682192295047
8229.918866998945,0.24445267967632844,1.171892631554507
8231.338131285505,0.5807939779344586,1.1896549392403901
8232.757395572062,-0.35415646321366623,1.1990444770701951
8234.17665985862,0.6970377819522255,1.186037795235811
8235.595924145178,2.043343116168728,1.1681439221607035
8237.015188431735,2.6875487385807695,1.156288058397729
8238.434452718293,1.8791747442313067,1.166715319149292
8239.853717004851,1.120199970825336,1.1694107560771922
8241.272981291408,0.919538273393556,1.1673199088146653
8242.692245577968,1.5944250853407276,1.1612984751857207
8244.111509864524,2.9571191237179804,1.1396646207893575
8245.530774151082,3.1085334308281602,1.1400443650659544
8246.95003843764,2.4853469935746837,1.1516082580195075
8248.369302724197,1.4328813510072926,1.1669214113078146
8249.788567010755,1.6539800906630155,1.1718674865422107
8251.207831297314,1.384620662722515,1.167630151138527
8252.62709558387,0.7387858346778202,1.1683363841007
8254.046359870428,-0.18444778233481784,1.1836966623936647
8255.465624156986,0.26249671252045204,1.1822843340049907
8256.884888443543,1.133013293676843,1.1780977116385305
8258.304152730103,1.6761998517156549,1.176349599158964
8259.72341701666,1.300329246643276,1.181419082420428
8261.142681303218,1.0389367030757484,1.1794680759593277
8262.561945589776,1.3761939828892338,1.1763002203452642
8263.981209876332,1.9538963805545961,1.1703138719422121
8265.40047416289,2.4140643035140634,1.1597974773765785
8266.819738449449,1.7091725677468617,1.1688119683751086
8268.239002736005,0.9905604882089953,1.1794871761326304
8269.658267022565,0.3186731347543521,1.1883416506583366
8271.077531309122,-0.25423824965119124,1.1912859385298777
8272.496795595678,-1.3738581997718669,1.18632912533292
8273.916059882238,-1.4593198015035753,1.1421400234746208
8275.335324168795,-0.9545677683077116,1.0840185199263208
8276.754588455353,-0.45318080717458287,1.051194964328078
8278.173852741911,-1.1987257532914057,1.0338149560251364
8279.593117028468,-0.0835025662368416,1.0371325488625442
8281.012381315026,1.5898122610859886,1.0508416753743148
8282.431645601584,0.9384265645644483,1.0553358096696817
8283.85090988814,0.35880953751809486,1.0068351310068717
8285.2701741747,-0.22197077818421818,0.976142053229519
8286.689438461257,-0.604540395791858,0.9789777098639344
8288.108702747815,-0.29619108687431606,1.0370526546615917
8289.527967034373,0.3940966596229565,1.0988843487414572
8290.94723132093,-0.6988080872577989,1.1177730664227874
8292.366495607488,-2.647540153932873,1.0866323782357652
8293.785759894046,-1.1226282286406644,1.0052789166818603
8295.205024180603,-0.5984060968055473,0.9400213867515979
8296.624288467163,-0.17372398136349787,0.9250615550599267
8298.04355275372,0.3053556284737482,0.9703708285459681
8299.462817040276,0.6605428595853766,1.0835919738516244
8300.882081326836,-0.1682814419560259,1.1511709456546346
8302.301345613392,-0.5286036379074872,1.177866320128192
8303.72060989995,0.10171370158705528,1.166006167582287
8305.139874186509,1.3065994428279737,1.128799186192038
8306.559138473065,1.0236512604266998,1.0966245153887195
8307.978402759623,0.27145940184551165,1.0860125232503999
8309.397667046182,-0.4419128961541823,1.105420703835865
8310.816931332738,-0.3090736336109643,1.1464667450583417
8312.236195619298,-0.2800135250244331,1.1704571924565308
8313.655459905855,-0.5157807248484367,1.165457419908269
8315.074724192413,-1.0908808159979912,1.1238233128472714
8316.493988478971,-1.271476191828679,1.1751338921594092
8317.913252765527,-1.4771932126684284,1.1966031234279226
8319.332517052086,-1.3733242576208902,1.1980084360010133
8320.751781338644,-0.6138559221542792,1.1881501286194214
8322.1710456252,0.2993323153161569,1.1831425378321703
8323.590309911759,0.1973349943834002,1.186923679265808
8325.009574198317,-0.7923047134612595,1.1994871816304686
8326.428838484873,-2.5094716628969564,1.2214966458910332
8327.848102771433,-2.1752333936104513,1.218853013777684
8329.26736705799,-1.360258283517087,1.2111763856805402
8330.686631344548,-0.6386082306773488,1.2046308777584545
8332.105895631106,-1.0791017387577355,1.2100628575013155
8333.525159917663,-1.2935968016131127,1.2029051208529256
8334.944424204221,-0.8677255576407497,1.1911217481549887
8336.36368849078,-0.35708063974322357,1.1661090477431886
8337.782952777336,-2.311973746403364,1.0848199314914861
8339.202217063896,-0.37230035429392316,0.915626918238742
8340.621481350452,1.1136729975531203,0.7911571533444979
8342.04074563701,0.9377085906958911,0.7522438313764188
8343.460009923569,0.8187540032236456,0.7723876236308607
8344.879274210125,1.2470854237475528,0.8906455716314294
8346.298538496683,1.3019921584470886,1.001049347052895
8347.717802783241,0.5554903681046817,1.04303825098658
8349.137067069798,1.26728190736981,0.9559466168902572
8350.556331356356,2.266710915699772,0.9384924308710733
8351.975595642914,2.4841391869687612,0.9841500657363549
8353.39485992947,0.8505855304215331,1.09286694800919
8354.81412421603,-0.07613614957565318,1.1435505803472725
8356.233388502587,-0.15072898252885736,1.1663623964823915
8357.652652789146,0.1403936642326613,1.164959216088641
8359.071917075704,0.008758548114109033,1.1412000769961346
8360.49118136226,0.18179975773009716,1.0943493927801091
8361.910445648818,-0.3605629615815964,1.0734268959265614
8363.329709935377,-1.2056137119189607,1.0873525248028004
8364.748974221933,-0.9702262141211726,1.150313351409002
8366.168238508493,-0.45888883515418755,1.178195602161236
8367.58750279505,-0.03572769005770127,1.1876212898744587
8369.006767081608,0.19324510380090487,1.1845964953023622
8370.426031368166,0.2071383021775901,1.182721933359404
8371.845295654723,-0.5681022143713896,1.1907233718579895
8373.26455994128,-0.9463683335435498,1.194495105562017
8374.683824227839,-0.46412456542761404,1.1859792760250258
8376.103088514395,-1.3332049369767667,1.1438061495396348
8377.522352800954,-1.1892286374848737,1.0779178423047093
8378.941617087512,-0.557054081677709,1.026708492973441
8380.360881374068,0.16388981155976978,1.026813806439275
8381.780145660628,-1.3392571798137531,1.0970481590698637
8383.199409947185,-1.5846248537581715,1.1525645497837922
8384.618674233743,-1.320694224331163,1.187760254839524
8386.037938520301,-2.11560270783043,1.1942300631678822
8387.457202806858,-1.618560458854816,1.1898495704506127
8388.876467093416,-0.9603726215158943,1.1861150407026955
8390.295731379974,-0.31476012019347976,1.1788455723516345
8391.71499566653,0.2232375995102629,1.1456061570712344
8393.13425995309,0.8187200194193842,1.0419990315172607
8394.553524239647,0.2601648859736514,0.9256861314434658
8395.972788526205,-1.452397753640117,0.8210254398304262
8397.392052812764,0.03502263201743361,0.7885960557696015
8398.81131709932,0.3388462329288906,0.8875457225632907
8400.230581385878,0.18349428137979729,1.0302137521757582
8401.649845672437,0.1374779343023711,1.1605562517476382
8403.069109958993,0.7571035084286244,1.1700922710297177
8404.488374245551,0.7672654125486176,1.1754866708214138
8405.90763853211,0.5068298278156504,1.1759968113688428
8407.326902818666,0.4943788218449612,1.1690736497663134
8408.746167105226,0.17426971343213182,1.137232565757334
8410.165431391782,-0.5376051005285838,1.0805578361552846
8411.58469567834,-1.3989693258094213,1.0164347739148918
8413.003959964899,-1.5736548786520217,1.0052210870138287
8414.423224251455,-0.9380347192794076,1.0674235579637201
8415.842488538014,-0.18207531052097892,1.130979355404897
8417.261752824572,0.45787708978943087,1.1714558918668154
8418.681017111128,0.648088103110382,1.1696129508975617
8420.100281397688,0.6291725964546835,1.1629047909318395
8421.519545684245,0.2409997268557369,1.1256996585272063
8422.938809970801,-0.6917617729473342,1.035413658920171
8424.358074257361,-2.758226684283734,0.9405843221575404
8425.777338543918,-4.190868278548528,0.823264014939807
8427.196602830476,-4.525910987516177,0.7390492727728561
8428.615867117034,-2.745324042281826,0.7960645314154218
8430.03513140359,-1.3579252341415327,0.9376040832819955
8431.454395690149,-1.359787765519176,1.0740603486951166
8432.873659976707,-2.8438055265870616,1.1868363056065592
8434.292924263264,-5.764797610869994,1.2514981968280663
8435.712188549824,-5.713394556739807,1.2609470396427735
8437.13145283638,-3.830880927464655,1.23808227905667
8438.550717122938,-0.6769126028064889,1.1895016124852968
8439.969981409497,-0.05462636050817693,1.0988049098985577
8441.389245696053,0.19528765673841875,1.0583908259952415
8442.808509982611,0.300734803305172,1.0455845342472787
8444.22777426917,0.5471733158946712,1.0398423178796772
8445.647038555726,0.281875594356773,1.0962547922935186
8447.066302842284,0.4394500023253656,1.085215668807101
8448.485567128842,0.9059126715544714,1.0275195000494095
8449.904831415399,1.2107822766366354,1.0089831503390756
8451.324095701959,0.413306424337506,1.0673469697430216
8452.743359988515,0.0,1.1267437362352717
8454.162624275074,0.3451170341724783,1.1640458127470976
8455.581888561632,0.6133787184387458,1.167354082977214
8457.001152848188,0.8419903101714254,1.150618164538099
8458.420417134746,0.9247502485302093,1.1114216485562063
8459.839681421305,0.7579334922392214,1.0441213367368387
8461.258945707861,0.7894613678018807,0.9024058377783417
8462.678209994421,0.956098232348193,0.844276710509758
8464.097474280978,0.8604827293138761,0.8765051858548848
8465.516738567536,-0.5105258056487365,1.0178880625090758
8466.936002854094,-0.9818089626639193,1.1215918364458357
8468.35526714065,-0.9521031737136134,1.1750234002093503
8469.774531427209,-0.5497986991133246,1.1782578581486818
8471.193795713767,-0.22303879826678852,1.1685471813404171
8472.613060000323,0.3563774228731127,1.1622085068249663
8474.032324286882,1.09222272267613,1.1514952492812305
8475.45158857344,1.9300566149014848,1.1301105734243293
8476.870852859996,0.5239192240535537,1.1600762929156283
8478.290117146556,-0.265214842061706,1.1776581812025535
8479.709381433113,-0.45610602375287,1.1826718769753528
8481.128645719671,-0.18858366691098993,1.1763638119251862
8482.54791000623,-0.0004074854201867595,1.1791714389337922
8483.967174292786,0.13774324638236735,1.177734764653616
8485.386438579344,0.24436026601331662,1.169467223157619
8486.805702865902,0.31730568985851093,1.1596775293028312
8488.224967152459,0.0033184287364171894,1.1265852429170065
8489.644231439019,-0.27715689473193805,1.0909324284919997
8491.063495725575,-0.2412100312472134,1.0682793299147946
8492.482760012133,-0.3685392746878584,1.1070559323605418
8493.902024298692,-1.396148191138387,1.1529757630446107
8495.321288585248,-3.147208525550372,1.2000969139989377
8496.740552871806,-5.223302623768465,1.2389444314461215
8498.159817158365,-5.679122207162141,1.1976766959983756
8499.579081444921,-4.9938593825092354,1.1100668832136171
8500.99834573148,-3.27037135931603,0.9926522004233342
8502.417610018038,-0.8586987697163266,0.9631765472310608
8503.836874304594,-0.23307925689538322,1.0114057975224662
8505.256138591154,-0.3462602944645248,1.088743542104956
8506.67540287771,-0.32227414674689925,1.1533860823533948
8508.094667164269,0.19178632256562267,1.167924724765094
8509.513931450827,0.07974542787724914,1.1739443568495727
8510.933195737383,-0.4612232524916706,1.1754074046697995
8512.352460023942,-0.24824975138125538,1.1737415744882544
8513.7717243105,0.16475152982512498,1.1653536707969971
8515.190988597056,0.2701050553651321,1.1627138098433307
8516.610252883616,-0.11724881498371786,1.1707171888863266
8518.029517170173,-0.3235618035706267,1.167071922131854
8519.448781456731,-0.22076919573532905,1.1694443206486242
8520.86804574329,0.008375789568138003,1.172808608157979
8522.287310029846,0.09658106217395357,1.1696173641166971
8523.706574316404,0.10300076811842729,1.1680855234936334
8525.125838602962,0.016693469228687974,1.1687434554863714
8526.545102889519,-0.11633063777729902,1.1706918206728334
8527.964367176077,-0.01912404444420801,1.1672026606600165
8529.383631462635,0.025804245189707586,1.1683719171198645
8530.802895749192,-0.06992216482742464,1.1694388837772862
8532.222160035752,-0.4043271264226007,1.167065645472177
8533.641424322308,-1.1267496254681575,1.1550004052387
8535.060688608866,-2.1836110219522062,1.145669612284091
8536.479952895425,-3.5184234302092676,1.1478267735196404
8537.899217181981,-4.961228211478691,1.1884715393046117
8539.31848146854,-7.393228575673195,1.244727755246488
8540.737745755097,-9.475956274748448,1.2863544276533418
8542.157010041654,-10.710513642512213,1.299581748963558
8543.576274328214,-9.125637504837567,1.2254726854842108
8544.99553861477,-6.802780438437043,1.1560674393263297
8546.414802901327,-4.632532253752878,1.1119159231777638
8547.834067187887,-3.9816293469710367,1.130926722930783
8549.253331474443,-2.220671923663911,1.153309197161087
8550.672595761002,-0.9002099836615294,1.164137285155812
8552.09186004756,-0.3201494158246483,1.163686494721266
8553.511124334116,-0.45880451914115383,1.1734671997027037
8554.930388620674,-0.4850526598481899,1.1741653691810054
8556.349652907233,-0.4298069586363056,1.1715384908951028
8557.76891719379,-0.2737119736450957,1.1694759818487657
8559.18818148035,-0.06783086208263356,1.167170391381185
8560.607445766906,0.2826694815430635,1.1645785447444714
8562.026710053464,0.7203576455247713,1.1605828257889226
8563.445974340022,1.092150950616336,1.1504847201301516
8564.865238626579,1.0131320270470603,1.1559630243025132
8566.284502913137,0.6744168113933426,1.1583285703245079
8567.703767199695,0.12572609511501298,1.1483569088751937
8569.123031486251,0.028571280448552727,1.1528236991151593
8570.54229577281,0.24909796953413732,1.1512102131137938
8571.961560059368,0.5607183172219514,1.1466088012492397
8573.380824345924,0.4880201922910956,1.1459297918570306
8574.800088632484,0.38486422608112036,1.15024229415192
8576.21935291904,0.505872533669784,1.1517814493721965
8577.638617205599,0.9269483006314267,1.1483722909651675
8579.057881492157,1.333538602499555,1.1481444548423307
8580.477145778714,1.2085078000595075,1.1480565426250935
8581.896410065272,0.8062015912457348,1.1456402290987218
8583.31567435183,0.4956614857595376,1.1362324467201952
8584.734938638387,0.35410469651841936,1.1258503491688603
8586.154202924947,0.509377392900209,1.1226703377816458
8587.573467211503,0.9698607888403643,1.1275088184575823
8588.992731498061,1.6276508089423984,1.1293570441908278
8590.41199578462,1.7623913559822775,1.127852611282347
8591.831260071176,1.4931459025558453,1.1205585943732048
8593.250524357734,0.8122391139019953,1.1029074981761908
8594.669788644293,1.13807870362281,1.1023144961043747
8596.089052930849,0.5552785144623691,1.119295580531839
8597.508317217407,-0.7920308994126941,1.148445420114776
8598.927581503965,-0.07898280674890756,1.1502375966974572
8600.346845790522,0.6264463607027473,1.147448053847379
8601.766110077082,1.0150598868065082,1.1430126533584404
8603.185374363638,0.7089540473545171,1.139011837484985
8604.604638650197,0.9461103646600897,1.1378327531166323
8606.023902936755,0.9229843940895712,1.1383106438954038
8607.443167223311,0.5708127560687792,1.1391951867504648
8608.86243150987,-0.16668809117581418,1.134216889705538
8610.281695796428,-0.17799836710764438,1.128620527848359
8611.700960082984,0.012940168060350032,1.1184215537777358
8613.120224369544,0.13778887025966213,1.099570273303776
8614.5394886561,-0.11365770830093425,1.080410069066536
8615.958752942659,-0.09116543771182961,1.0576919974588344
8617.378017229217,0.21221104189969608,1.0348148635245222
8618.797281515774,0.6883408149114771,1.028921325389274
8620.216545802332,-0.04025875314138716,1.0258451774630466
8621.63581008889,-0.35931921234272224,1.0231950594112516
8623.055074375447,0.833952826983797,1.0195307747046725
8624.474338662005,0.7183842462927927,1.01836185486924
8625.893602948563,-0.03485451024126007,1.0199038375860077
8627.31286723512,-0.906292873353788,1.0224592114258937
8628.73213152168,0.21911515717016172,1.0187105927715898
8630.151395808236,0.34604948237565836,1.0210777893597416
8631.570660094794,-0.1957656997577537,1.0288655189269278
8632.989924381352,-1.3935919337980742,1.0429431375802427
8634.409188667909,-0.6343006996964178,1.0508648790335773
8635.828452954467,0.11676273970984496,1.0577141756986514
8637.247717241025,0.5662778341432997,1.0667642386269371
8638.666981527582,-0.1245186050740692,1.0921522420342518
8640.086245814142,-0.3676447508269618,1.1057602361142487
8641.505510100698,0.02268085261713182,1.1058169835285492
8642.924774387257,1.315985329937412,1.087675606660642
8644.344038673815,0.13022848250766117,1.081546952299191
8645.763302960371,-0.7344317777573011,1.0637656583140178
8647.18256724693,-1.0286062160504805,1.0389755682923039
8648.601831533488,-0.26888756100017375,1.0368951959627295
8650.021095820044,0.08420160001697852,1.0246241149990292
8651.440360106602,-0.12176978911606184,1.0172224835517387
8652.85962439316,-1.1862255088963494,1.0272238855892297
8654.278888679717,-1.6170196737202396,1.0318819471200742
8655.698152966277,-1.7135108887973445,1.0295660923227026
8657.117417252834,-1.884223944109614,1.0255796088869469
8658.536681539392,-4.604895314696872,1.053857091344758
8659.95594582595,-7.204986345409509,1.0785803448545037
8661.375210112506,-8.915879645090566,1.0931043083378706
8662.794474399065,-8.75360080068284,1.0879585364640565
8664.213738685623,-6.727535613200686,1.0834905926843421
8665.63300297218,-4.252767984886521,1.0708529043214277
8667.05226725874,-1.7647124093892792,1.0527333951155688
8668.471531545296,-1.3996997490661478,1.062843630341251
8669.890795831852,-1.1123131324428215,1.07522292143894
8671.310060118412,-0.9837529961855758,1.0825176488164059
8672.729324404969,-1.1610451287455916,1.073952981551802
8674.148588691527,-1.1213617254108748,1.086139517739838
8675.567852978085,-0.5106122622429865,1.0917346296988752
8676.987117264642,0.5951454825752371,1.086713322478647
8678.4063815512,0.0,1.0900091041243405
8679.825645837758,-0.9860355732989312,1.1049722033293956
8681.244910124315,-1.662558207562963,1.1211334146521654
8682.664174410875,-0.6970906411120303,1.1211837714300332
8684.083438697431,-0.5078887384295498,1.120917496747261
8685.50270298399,-1.166317560709345,1.1315882845709289
8686.921967270548,-2.7255059697257593,1.1569290053154555
8688.341231557104,-3.262074198878338,1.1608055757558753
8689.760495843662,-3.2774773586797608,1.1575452029406208
8691.17976013022,-2.74122716650416,1.149441517519419
8692.599024416777,-1.3537846902403352,1.1406015182093272
8694.018288703337,-0.742964755298086,1.1323388560189311
8695.437552989893,-0.529501545117327,1.1251847812229374
8696.85681727645,-0.5963678116199951,1.1196195594009453
8698.27608156301,-0.39681884585317917,1.1213482196539495
8699.695345849566,-0.19980185310263465,1.120516737055429
8701.114610136125,-0.044722023400954214,1.116720588149416
8702.533874422683,-0.11262308325614256,1.1088685592352858
8703.95313870924,0.216552150789731,1.1053917686058314
8705.372402995798,0.4370049935243152,1.1075280894800164
8706.791667282356,0.08555513323899788,1.1182575718734995
8708.210931568912,-0.5315149626806068,1.1296785011820172
8709.630195855472,-0.9200304127578853,1.1325095357117787
8711.049460142029,-1.011290786216481,1.1262297503444851
8712.468724428587,-0.7274380074735305,1.1181178756841894
8713.887988715145,-0.6240833466809654,1.1177080407471929
8715.307253001702,-0.5729721087713848,1.1215129833889264
8716.72651728826,-0.3995337029963082,1.1263260717988335
8718.145781574818,-0.5304559238326867,1.1294102779363866
8719.565045861375,-0.6473438804249163,1.1342943528974747
8720.984310147933,-0.6648116720145509,1.141884586708498
8722.403574434491,-0.3760569577444848,1.124858627530427
8723.822838721047,-0.19100136821192493,1.1182708883709265
8725.242103007608,-0.14038281119030316,1.1195367599556523
8726.661367294164,-0.32421000453503623,1.1240261815465045
8728.080631580722,-0.6553932116351362,1.1286471938884457
8729.49989586728,-0.8475094079472463,1.1268122306894985
8730.919160153837,-0.6648726737543988,1.1127073847353777
8732.338424440395,-0.08600946254415831,1.10129028593539
8733.757688726953,0.2931008307062797,1.1009073897643855
8735.17695301351,0.3965102967990006,1.1099857639346726
8736.59621730007,-0.05758388888071764,1.1114166213334415
8738.015481586626,0.012936484145118499,1.1093914612544429
8739.434745873185,0.22051541577069145,1.1050919441998013
8740.854010159743,0.11381378825019084,1.0989838392931657
8742.2732744463,0.34280720493095984,1.0975834544558927
8743.692538732857,0.4351133384759045,1.0994850179470004
8745.111803019416,0.25493022482294947,1.1047294587382457
8746.531067305972,-0.40513204849820994,1.1192368915075368
8747.95033159253,-0.679416663375541,1.123739405281007
8749.369595879089,-0.5977911878155702,1.1211780382721523
8750.788860165645,-0.21881384654748004,1.1184457165342803
8752.208124452205,-0.7283274366403241,1.0994405237289513
8753.627388738762,-1.2098719604846657,1.0555078555950859
8755.04665302532,-1.023850074554396,0.9718017755896428
8756.465917311878,-0.291337439310265,0.8984059006290492
8757.885181598434,0.37157771627325786,0.8579975463701752
8759.304445884993,0.7778557437892246,0.8523363388519274
8760.723710171551,0.35435390444622783,0.8632288938209751
8762.142974458107,-0.7429848636968117,0.8587047996282657
8763.562238744667,-1.5109053349992863,0.8448808671314562
8764.981503031224,0.0740865384294409,0.8281702321265014
8766.400767317782,0.13621036815311882,0.8775443119045473
8767.82003160434,-0.11522641531682964,0.9521917997063077
8769.239295890897,-0.26481574526266627,1.0414713611436022
8770.658560177455,0.5760272560298496,0.9968568631271217
8772.077824464013,0.9622607591360577,0.925935309617367
8773.49708875057,1.0058629189553585,0.8418142523884095
8774.916353037128,1.618712555261773,0.7937814400045254
8776.335617323686,1.7648431665339537,0.8115112320769895
8777.754881610243,1.3265975583858847,0.8833073855810119
8779.174145896803,-0.15803238737731107,1.0226298040440462
8780.593410183359,-0.6083514806006001,1.07907870456136
8782.012674469917,-0.29251490844477246,1.096912227155484
8783.431938756476,0.7544279425340825,1.0826422502845279
8784.851203043032,0.7509735015444079,1.0550762002811134
8786.27046732959,0.8533793314744962,1.0137237572654785
8787.689731616148,0.8768246868543415,0.9691718944030236
8789.108995902705,-0.1079322744049307,0.9697377444295978
8790.528260189265,0.14391450964492236,1.005862276504089
8791.947524475821,0.6696119106933054,1.052007641213761
8793.36678876238,0.6525370972514821,1.0876279968577116
8794.786053048938,0.17503958602541658,1.1008109082118838
8796.205317335494,0.3328593876568533,1.1007504911262458
8797.624581622053,1.399314367407925,1.0883459125464348
8799.04384590861,0.050291378438217293,1.1033200101351697
8800.463110195167,-0.8436937927195025,1.1116014416195499
8801.882374481725,-1.4344714984450917,1.1153660014107063
8803.301638768284,-2.1756483980668655,1.1210222333431747
8804.72090305484,-2.075849693827429,1.1114467311575278
8806.1401673414,-1.37742664011882,1.0962415680295068
8807.559431627957,-0.031534506729208545,1.0814856680121108
8808.978695914515,0.2795716124102192,1.086904970502489
8810.397960201073,0.12360751756887112,1.096727798408047
8811.81722448763,-0.3623349341556015,1.1081209697622225
8813.236488774188,0.535216252625137,1.107821399835717
8814.655753060746,1.022414860021609,1.1062396816329836
8816.075017347302,1.0222341128604633,1.1011354095704442
8817.494281633863,-0.07536823808596438,1.0811293849804051
8818.913545920419,-1.0081258486316464,0.9904156370205134
8820.332810206975,-1.4947548321544772,0.86059016805996
8821.752074493535,-1.0542538326476247,0.7027327089605553
8823.171338780092,-1.288011029779689,0.6464022949965916
8824.59060306665,-1.0645731821766908,0.6251022703643548
8826.009867353208,-0.0625369998270422,0.6280956239018708
8827.429131639765,-0.24809403803286756,0.801394855567727
8828.848395926323,-0.36285370379344783,0.9209143298543059
8830.267660212881,-0.3301184049843826,0.9775044736530687
8831.686924499438,0.09726396816652283,0.8997260318042498
8833.106188785998,0.19139947492846332,0.8429836806106176
8834.525453072554,0.5356411185968781,0.8226147376012571
8835.944717359112,2.0012413283062855,0.8786833858570002
8837.36398164567,1.491567096792096,0.9787245196183606
8838.783245932227,0.9776595304323727,1.0549304955304188
8840.202510218785,1.0583925131848204,1.080694978536664
8841.621774505344,0.741464757679875,1.0722878877253077
8843.0410387919,0.26192750038385526,1.0514728533585138
8844.460303078458,-0.23885057277527366,1.02025322088732
8845.879567365017,0.33970904278077896,0.9841217759363655
8847.298831651573,-0.546809854142797,0.9531027760743634
8848.718095938133,-1.2929060754176795,0.9389917350982565
8850.13736022469,0.9817751941283994,0.9749669694570606
8851.556624511248,1.0941375116329084,1.0455771755391927
8852.975888797806,0.29932398564639584,1.0871783181011943
8854.395153084362,-1.0599000073983227,1.0572092455391437
8855.81441737092,-0.6356987144370159,1.081572002804602
8857.233681657479,0.13504937865451794,1.0880158716759831
8858.652945944035,1.0195825009113584,1.0692773267144082
8860.072210230595,-0.10689961361781997,1.0550165498216988
8861.491474517152,-0.14454382051509995,1.0046202375358069
8862.91073880371,0.45914135267017286,0.9337629897347981
8864.330003090268,0.5192930458523222,0.8803189411661019
8865.749267376825,0.2594083955309614,0.9013782647706639
8867.168531663383,-0.018661125938606915,0.9639176744368286
8868.587795949941,-0.10067985340969088,1.059607639856665
8870.007060236498,-0.07043125050794075,1.0862762644237156
8871.426324523056,0.15977318572562638,1.0928811833344072
8872.845588809614,0.6542920295273689,1.0882551278293335
8874.26485309617,0.4156787553350476,1.09396747032704
8875.68411738273,0.028517593703607957,1.0907650042179189
8877.103381669287,-0.4012237369107652,1.070185220811529
8878.522645955845,-0.29025607826401156,0.9575250805392117
8879.941910242404,0.22218930897451727,0.813363014634461
8881.36117452896,0.8972305697604135,0.6821997668137941
8882.780438815518,1.3699287579612545,0.6634485150658527
8884.199703102076,1.0881820195891017,0.6922713963888938
8885.618967388633,0.9355418226476893,0.7660400505889371
8887.038231675193,1.519086819838126,0.9027019711176776
8888.45749596175,1.1060976997479948,1.0012224998355634
8889.876760248308,0.7762263176373416,1.0630633534369147
8891.296024534866,0.7091054452350285,1.0850539269395834
8892.715288821422,1.501597986135856,1.0671980283486209
8894.13455310798,1.4789221349947361,1.0566368773562351
8895.553817394539,0.655645988014772,1.047844867451659
8896.973081681095,-1.3773324915200504,1.0086910720655387
8898.392345967653,-0.5980092934625922,0.9347639113317546
8899.811610254212,1.4978562814563432,0.8640072657367001
8901.230874540768,3.4190272239035266,0.8608898408254204
8902.650138827328,2.902190612518595,0.9088241600335123
8904.069403113885,1.6174106264869472,0.9693040904276856
8905.488667400443,0.1363798446067932,1.0270034929002068
8906.907931687001,1.5014997672445105,1.0228856656819578
8908.327195973558,2.394757831370267,1.015742793908487
8909.746460260116,2.307244779218152,1.013554171062413
8911.165724546674,0.7115139024863453,0.9939658200082839
8912.58498883323,-0.643697497056877,0.899172713631831
8914.00425311979,-1.4434494120299277,0.7489969576625131
8915.423517406347,0.650702163369342,0.6276737292511837
8916.842781692905,2.8498942628866715,0.5933598330521356
8918.262045979463,4.071482907384873,0.6250457891985568
8919.68131026602,1.6795383092999039,0.7367091619843485
8921.100574552578,0.4874089332690801,0.8758393292007485
8922.519838839136,-0.006898291305798665,0.993138579966847
8923.939103125693,0.21897651886623493,1.0488971298097574
8925.358367412251,-0.3722436066296879,1.062861628218894
8926.77763169881,-0.9453341307232712,1.070943011686196
8928.196895985366,-1.3716065234951884,1.0788551786543934
8929.616160271926,-0.9062041419541451,1.0823242624243994
8931.035424558482,-0.5399145288463423,1.08100673903246
8932.45468884504,-0.29189387183892634,1.0755753496369194
8933.873953131599,-0.24949775193110924,1.0700933225894094
8935.293217418155,0.1523485456425533,1.0528747021617673
8936.712481704713,0.6465052440739818,1.0176883679363717
8938.131745991272,0.6469308199721091,0.9332986767713202
8939.551010277828,0.18660883283627427,0.8641760220742495
8940.970274564388,-0.41862780536049726,0.829659469640423
8942.389538850945,-0.9623272768708127,0.8680002625728098
8943.808803137501,-0.8018340971080775,0.9605063791881836
8945.228067424061,-0.1366715691595175,1.0355165015335592
8946.647331710617,1.1065784617035028,1.0652706974242874
8948.066595997176,-0.18334438439640977,1.0603852637587754
8949.485860283734,-1.2601591802541598,1.0253275896522613
8950.90512457029,-1.8560323665925686,0.9581498870003639
8952.324388856849,0.20592709227311445,0.8151969588101329
8953.743653143407,2.1697620564760705,0.7327761234526213
8955.162917429963,3.5539553204660486,0.701531886905372
8956.582181716523,1.4485008082807624,0.7178245410968414
8958.00144600308,-0.9868202828372006,0.8210849882293457
8959.420710289638,-3.1349492755651305,0.9566931740288886
8960.839974576196,-3.6748183607888087,1.0551943749033976
8962.259238862753,-2.3389402461947277,1.0758560115747942
8963.678503149311,-0.7999344230641725,1.0686010158189283
8965.09776743587,-0.19753690705606175,1.0527641812890582
8966.517031722426,-1.2548545389022614,1.0621873838949112
8967.936296008984,-2.0956310556191404,1.0715920622550013
8969.355560295542,-2.2139039022578935,1.0745900315077939
8970.774824582099,-1.4632891691284229,1.0709326831312538
8972.194088868659,-0.7026231205036133,1.063913288050522
8973.613353155215,-0.0701950114306058,1.0540334936969955
8975.032617441773,-0.007609726268409389,1.0507246758048843
8976.451881728332,-0.32655845425756524,1.0550755597255905
8977.871146014888,-0.7892196539345164,1.0627293396181945
8979.290410301446,-0.5654613218917852,1.0540772137108607
8980.709674588004,0.06514517181800272,1.0357337280012586
8982.12893887456,0.09824176041140475,1.0067340676510377
8983.548203161121,-2.8088810886827744,0.955777052578314
8984.967467447677,-4.7810437386096964,0.9374434654739098
8986.386731734236,-5.910057283526008,0.9510486149674303
8987.805996020794,-5.963453044045064,1.015520852858764
8989.22526030735,-3.6206425435697405,1.043678460528765
8990.644524593908,-0.775435944860206,1.0518202525163813
8992.063788880467,2.2305853448114554,1.03871230888415
8993.483053167023,1.0462748211061665,1.0164367840759123
8994.902317453581,-0.8251600277163433,0.9576737548824951
8996.32158174014,-3.0778613200909675,0.8569291234016418
